10242 20480
v -0.445889 0.721463 0.000000
v 0.454388 0.735215 0.000000
v -0.417875 -0.676136 0.000000
v 0.426374 -0.689888 0.000000
v 0.000000 -0.432010 0.699007
v 0.000000 0.495725 0.802099
v 0.000000 -0.461106 -0.746085
v 0.000000 0.524820 -0.849177
v 0.792787 0.000000 -0.489969
v 0.780673 0.000000 0.482482
v -0.743258 0.000000 -0.459359
v -0.731144 0.000000 0.451872
v -0.727397 0.449556 0.277841
v -0.380807 0.235352 0.616159
v -0.294982 0.772272 0.477290
v 0.295205 0.772855 0.477651
v 0.000000 0.972438 0.000000
v 0.244762 0.640796 -0.396034
v -0.243798 0.638273 -0.394474
v -0.385719 0.238388 -0.624107
v -0.803480 0.496578 -0.306902
v -0.690370 0.000000 0.000000
v 0.445715 0.275467 0.721181
v 0.816729 0.504767 0.311963
v -0.456207 -0.281951 0.738158
v 0.000000 0.000000 0.995460
v -0.655538 -0.405145 -0.250393
v -0.692741 -0.428137 0.264603
v 0.000000 0.000000 -0.824540
v -0.407523 -0.251863 -0.659386
v 0.779527 0.481774 -0.297753
v 0.397031 0.245378 -0.642409
v 0.668788 -0.413334 0.255454
v 0.467518 -0.288942 0.756460
v 0.285538 -0.747548 0.462010
v -0.284574 -0.745024 0.460450
v 0.000000 -0.847562 0.000000
v -0.234132 -0.612965 -0.378833
v 0.234355 -0.613548 -0.379194
v 0.472430 -0.291978 -0.764408
v 0.744871 -0.460355 -0.284515
v 0.890329 0.000000 0.000000
v -0.602363 0.609540 0.139457
v -0.411814 0.482160 0.297991
v -0.348850 0.693593 0.208955
v -0.650724 0.148880 0.643062
v -0.607609 0.375523 0.518960
v -0.724622 0.218303 0.364456
v -0.132316 0.571519 0.578329
v -0.414805 0.573246 0.671168
v -0.236750 0.395253 0.785852
v -0.130253 0.762516 0.210754
v -0.248385 0.874353 0.000000
v 0.128006 0.552902 0.559489
v 0.000000 0.805663 0.497927
v 0.242929 0.855144 0.000000
v 0.135740 0.794636 0.219632
v 0.379567 0.754665 0.227354
v -0.145574 0.852207 -0.235544
v -0.400827 0.796935 -0.240089
v 0.356842 0.709482 -0.213742
v 0.143002 0.837148 -0.231382
v -0.120384 0.519978 -0.526174
v 0.000000 0.792013 -0.489491
v 0.117033 0.505503 -0.511526
v -0.448746 0.525401 -0.324716
v -0.536167 0.542555 -0.124132
v -0.197284 0.329364 -0.654850
v -0.427212 0.590392 -0.691243
v -0.679723 0.204777 -0.341874
v -0.518204 0.320268 -0.442599
v -0.595489 0.136243 -0.588478
v -0.736949 0.455460 0.000000
v -0.766632 0.000000 -0.217784
v -0.694597 0.191982 -0.118651
v -0.864608 0.238972 0.147693
v -0.869645 0.000000 0.247048
v 0.465488 0.545002 0.336830
v 0.560654 0.567334 0.129801
v 0.196500 0.328056 0.652249
v 0.356941 0.493281 0.577543
v 0.753606 0.227035 0.379034
v 0.529997 0.327556 0.452671
v 0.558202 0.127712 0.551630
v -0.233725 0.144450 0.845626
v 0.000000 0.251007 0.883581
v -0.570118 -0.130438 0.563406
v -0.458422 0.000000 0.741743
v 0.000000 -0.262678 0.924666
v -0.189165 -0.116910 0.684405
v -0.226173 -0.377594 0.750743
v -0.756586 -0.209115 0.129240
v -0.700175 -0.210938 0.352161
v -0.777986 -0.234380 -0.391297
v -0.747858 -0.206703 -0.127749
v -0.534545 -0.540914 0.123756
v -0.725154 -0.448170 0.000000
v -0.604475 -0.611676 -0.139946
v -0.479769 0.000000 -0.776283
v -0.631601 -0.144505 -0.624164
v 0.000000 0.234667 -0.826062
v -0.200475 0.123900 -0.725325
v -0.226243 -0.377711 -0.750975
v -0.236699 -0.146288 -0.856386
v 0.000000 -0.246338 -0.867147
v 0.396792 0.548353 -0.642023
v 0.196570 0.328172 -0.652481
v 0.630584 0.638097 -0.145991
v 0.510122 0.597261 -0.369128
v 0.619685 0.141778 -0.612388
v 0.637184 0.393801 -0.544220
v 0.831417 0.250477 -0.418171
v 0.628962 -0.636455 0.145615
v 0.482241 -0.564618 0.348953
v 0.382834 -0.761161 0.229311
v 0.594314 -0.135974 0.587316
v 0.630506 -0.389674 0.538517
v 0.851869 -0.256638 0.428457
v 0.137166 -0.592467 0.599526
v 0.343753 -0.475055 0.556204
v 0.225459 -0.376403 0.748374
v 0.114597 -0.670864 0.185422
v 0.201921 -0.710793 0.000000
v -0.140518 -0.606942 0.614174
v 0.000000 -0.756171 0.467339
v -0.207378 -0.730001 0.000000
v -0.117170 -0.685923 0.189585
v -0.426819 -0.848613 0.255658
v 0.129918 -0.760555 -0.210212
v 0.434811 -0.864502 -0.260444
v -0.404094 -0.803430 -0.242046
v -0.124431 -0.728434 -0.201334
v 0.125234 -0.540926 -0.547371
v 0.000000 -0.742522 -0.458904
v -0.129544 -0.559544 -0.566210
v 0.519174 -0.607859 -0.375678
v 0.562765 -0.569470 -0.130290
v 0.185993 -0.310514 -0.617372
v 0.356160 -0.492201 -0.576279
v 0.806971 -0.243112 -0.405875
v 0.541102 -0.334419 -0.462156
v 0.539079 -0.123337 -0.532732
v 0.786981 -0.486381 0.000000
v 0.677491 0.000000 -0.192461
v 0.678726 -0.187595 -0.115940
v 0.848736 -0.234585 0.144981
v 0.780504 0.000000 0.221725
v 0.228282 -0.141086 0.825934
v 0.392494 0.000000 0.635068
v 0.192058 0.118698 0.694873
v -0.420865 -0.492758 0.304541
v -0.374172 -0.517094 0.605424
v -0.511527 -0.316141 0.436896
v -0.414023 -0.572166 -0.669904
v -0.465500 -0.545017 -0.336839
v -0.618714 -0.382386 -0.528445
v 0.413841 0.000000 -0.669608
v 0.195032 -0.120536 -0.705633
v 0.239592 0.148076 -0.866854
v 0.795475 0.219864 0.135883
v 0.786747 0.217452 -0.134392
v 0.798776 0.493671 0.000000
v -0.466923 0.594492 0.061498
v -0.425681 0.590661 0.158739
v -0.448280 0.800367 0.121407
v -0.543654 0.462459 0.285816
v -0.564656 0.612536 0.258167
v -0.669514 0.535526 0.209230
v -0.339736 0.764474 0.347504
v -0.483768 0.734341 0.324454
v -0.410122 0.684697 0.423166
v -0.652065 0.067454 0.512142
v -0.776720 0.208742 0.559771
v -0.810035 0.122874 0.453696
v -0.432585 0.267352 0.508534
v -0.549034 0.231403 0.506117
v -0.510468 0.199440 0.638186
v -0.786990 0.357739 0.349742
v -0.642282 0.283780 0.423122
v -0.750367 0.463752 0.449457
v -0.070950 0.538682 0.685856
v -0.153662 0.412068 0.571771
v -0.097718 0.360812 0.644199
v -0.300146 0.570912 0.485647
v -0.223280 0.488351 0.529761
v -0.206316 0.660190 0.528068
v -0.340845 0.333226 0.749825
v -0.339650 0.506426 0.768734
v -0.416699 0.403855 0.674234
v -0.544903 0.475525 0.432647
v -0.506976 0.461262 0.580942
v -0.409111 0.515261 0.449657
v -0.336886 0.869236 0.123812
v -0.327991 0.744073 0.000000
v -0.171147 0.638911 0.276922
v -0.273593 0.832101 0.239831
v -0.104802 0.752435 0.000000
v -0.153206 0.672628 0.092426
v -0.079531 0.955125 0.128684
v 0.071177 0.540406 0.688052
v 0.000000 0.656508 0.664330
v 0.116035 0.623199 0.385158
v 0.069424 0.667533 0.530669
v 0.177193 0.567000 0.453527
v -0.070072 0.673769 0.535626
v -0.114871 0.616947 0.381294
v 0.402509 0.913124 0.000000
v 0.342195 0.882935 0.125763
v 0.405993 0.724866 0.109954
v 0.063264 0.759770 0.102364
v 0.191168 0.839294 0.115328
v 0.099557 0.714777 0.000000
v 0.353555 0.795569 0.361639
v 0.279535 0.850174 0.245040
v 0.213836 0.798272 0.345994
v -0.079482 0.881468 0.385813
v 0.063755 0.707051 0.309472
v 0.000000 0.825423 0.228141
v -0.285772 0.737352 -0.105026
v -0.435557 0.777651 -0.117961
v -0.066212 0.795171 -0.107133
v -0.192026 0.843061 -0.115845
v -0.333698 0.750888 -0.341328
v -0.227586 0.692176 -0.199501
v -0.174281 0.650610 -0.281993
v 0.466038 0.832071 -0.126216
v 0.331484 0.855297 -0.121826
v 0.212007 0.791443 -0.343034
v 0.231486 0.704039 -0.202920
v 0.358941 0.807689 -0.367148
v 0.152889 0.671239 -0.092235
v 0.074915 0.899690 -0.121215
v -0.075433 0.572721 -0.729195
v 0.000000 0.692873 -0.701128
v 0.066467 0.504645 -0.642520
v -0.126925 0.681686 -0.421305
v -0.077429 0.744501 -0.591856
v -0.165740 0.530353 -0.424215
v 0.212374 0.679575 -0.543573
v 0.064227 0.617565 -0.490946
v 0.125372 0.673345 -0.416150
v 0.000000 0.810157 -0.223922
v 0.063146 0.700296 -0.306516
v -0.079331 0.879791 -0.385079
v -0.503482 0.698614 -0.187751
v -0.539757 0.687226 -0.071092
v -0.449897 0.751101 -0.464206
v -0.481408 0.730758 -0.322871
v -0.628727 0.502901 -0.196483
v -0.486213 0.527441 -0.222302
v -0.545176 0.463754 -0.286616
v -0.104198 0.384740 -0.686921
v -0.147223 0.394799 -0.547810
v -0.424401 0.411319 -0.686696
v -0.327027 0.487604 -0.740163
v -0.386006 0.377377 -0.849173
v -0.239704 0.524274 -0.568730
v -0.356619 0.678329 -0.577021
v -0.825746 0.125257 -0.462495
v -0.674372 0.181236 -0.486011
v -0.704815 0.072911 -0.553572
v -0.672935 0.415897 -0.403077
v -0.786433 0.347470 -0.518086
v -0.788377 0.358370 -0.350359
v -0.500689 0.195619 -0.625961
v -0.653259 0.275331 -0.602195
v -0.415344 0.256697 -0.488266
v -0.456625 0.575102 -0.501879
v -0.431773 0.392840 -0.494768
v -0.458436 0.400067 -0.363993
v -0.537389 0.543791 0.000000
v -0.827181 0.511226 -0.154014
v -0.745202 0.592414 -0.077502
v -0.780602 0.620556 0.081183
v -0.673608 0.416313 0.125420
v -0.776106 0.000000 -0.342111
v -0.823805 0.117340 -0.319279
v -0.881073 0.118707 -0.073365
v -0.853335 0.117257 -0.194366
v -0.726258 0.000000 -0.101156
v -0.680527 0.196144 -0.223756
v -0.778638 0.337484 -0.208576
v -0.802213 0.114265 0.310910
v -0.732177 0.000000 0.322747
v -0.831977 0.360603 0.222865
v -0.722155 0.208142 0.237443
v -0.765054 0.000000 0.106560
v -0.678212 0.093193 0.154478
v -0.790546 0.106510 0.065827
v -0.687410 0.300876 -0.061984
v -0.798455 0.220688 0.000000
v -0.717154 0.313894 0.064666
v 0.416246 0.577569 0.155220
v 0.467772 0.595573 0.061610
v 0.424319 0.708399 0.437815
v 0.407778 0.618990 0.273489
v 0.704111 0.563199 0.220042
v 0.487809 0.529173 0.223032
v 0.630622 0.536439 0.331538
v 0.095200 0.351514 0.627598
v 0.189753 0.508849 0.706062
v 0.404457 0.391990 0.654426
v 0.320472 0.477830 0.725327
v 0.353152 0.345258 0.776898
v 0.220346 0.481934 0.522800
v 0.360700 0.686091 0.583624
v 0.783734 0.118884 0.438965
v 0.798792 0.214674 0.575679
v 0.633274 0.065510 0.497383
v 0.731490 0.452085 0.438150
v 0.631861 0.279176 0.416257
v 0.721532 0.327984 0.320653
v 0.489256 0.191152 0.611668
v 0.618668 0.260752 0.570308
v 0.463489 0.286452 0.544864
v 0.482830 0.608107 0.530682
v 0.435180 0.395940 0.498672
v 0.583388 0.509110 0.463203
v -0.117139 0.318731 0.822393
v 0.000000 0.365820 0.829891
v -0.347209 0.214587 0.801076
v -0.191014 0.217904 0.662730
v 0.000000 0.119671 0.859184
v -0.097322 0.161320 0.708255
v -0.122554 0.075742 0.909627
v -0.673697 -0.069692 0.529132
v -0.556909 0.000000 0.550352
v -0.381843 -0.115036 0.617835
v -0.436275 -0.057075 0.548794
v -0.480409 -0.187695 0.600606
v -0.531962 0.069593 0.669160
v -0.470369 0.141706 0.761073
v 0.000000 -0.379152 0.860137
v -0.121343 -0.330168 0.851903
v -0.100046 -0.369407 0.659545
v -0.106990 -0.066123 0.794105
v -0.100839 -0.167150 0.733850
v 0.000000 -0.112017 0.804233
v -0.386266 -0.377632 0.849747
v -0.222857 -0.254229 0.773208
v -0.325838 -0.201379 0.751769
v -0.402625 0.082945 0.919877
v -0.348549 -0.071805 0.796330
v -0.230299 0.000000 0.833229
v -0.715710 -0.101944 0.277385
v -0.852559 -0.129324 0.477513
v -0.872650 -0.117572 0.072663
v -0.731699 -0.100543 0.166660
v -0.798089 -0.362784 0.354675
v -0.861299 -0.248246 0.283193
v -0.681547 -0.295402 0.182568
v -0.748984 -0.113613 -0.419502
v -0.737158 -0.104999 -0.285697
v -0.818443 -0.354736 -0.219239
v -0.791704 -0.228187 -0.260310
v -0.796776 -0.362187 -0.354091
v -0.765422 -0.105177 -0.174341
v -0.840333 -0.113218 -0.069973
v -0.433686 -0.552174 0.057121
v -0.557274 -0.563914 0.000000
v -0.506126 -0.644406 -0.066662
v -0.837340 -0.517505 0.155906
v -0.643498 -0.511562 0.066924
v -0.748951 -0.599066 0.234055
v -0.653352 -0.522598 -0.204179
v -0.648221 -0.515317 -0.067415
v -0.675061 -0.417210 -0.125691
v -0.682282 -0.188578 0.000000
v -0.850379 -0.372206 -0.076679
v -0.828258 -0.362524 0.074684
v -0.537741 0.000000 -0.531410
v -0.787985 -0.081515 -0.618896
v -0.397756 0.119830 -0.643582
v -0.550191 0.071978 -0.692089
v -0.469591 -0.183469 -0.587082
v -0.458999 -0.060048 -0.577379
v -0.432565 -0.130317 -0.699905
v 0.000000 0.354954 -0.805242
v -0.101213 0.275398 -0.710583
v -0.100844 0.062325 -0.748489
v -0.122318 0.202754 -0.890162
v 0.000000 0.139056 -0.998365
v -0.241985 0.276051 -0.839576
v -0.327301 0.202283 -0.755144
v -0.120628 -0.445403 -0.795229
v -0.095118 -0.258813 -0.667791
v 0.000000 -0.368287 -0.835488
v -0.349077 -0.215742 -0.805386
v -0.200868 -0.229146 -0.696920
v -0.342985 -0.335318 -0.754533
v 0.000000 -0.131403 -0.943415
v -0.121396 -0.201226 -0.883453
v -0.100525 -0.062128 -0.746122
v -0.330370 0.068060 -0.754796
v -0.196106 0.000000 -0.709517
v -0.391038 -0.080558 -0.893405
v 0.185019 0.496156 -0.688449
v 0.115782 0.427509 -0.763282
v 0.333647 0.634634 -0.539852
v 0.227845 0.498335 -0.540592
v 0.309871 0.302944 -0.681684
v 0.336208 0.501293 -0.760942
v 0.412233 0.399526 -0.667008
v 0.540212 0.687805 -0.071151
v 0.473964 0.657656 -0.176744
v 0.628148 0.534335 -0.330237
v 0.457395 0.496180 -0.209126
v 0.608512 0.486732 -0.190166
v 0.390049 0.592078 -0.261598
v 0.445610 0.743944 -0.459783
v 0.747562 0.077333 -0.587146
v 0.641119 0.172299 -0.462046
v 0.680160 0.103173 -0.380953
v 0.428734 0.264972 -0.504007
v 0.526762 0.222016 -0.485586
v 0.478438 0.186926 -0.598143
v 0.720219 0.327387 -0.320069
v 0.765850 0.338376 -0.504526
v 0.637764 0.394160 -0.382010
v 0.380293 0.478966 -0.417983
v 0.478256 0.417364 -0.379730
v 0.507706 0.461926 -0.581779
v 0.434141 -0.552753 0.057181
v 0.407929 -0.566028 0.152119
v 0.404989 -0.723073 0.109682
v 0.659900 -0.561344 0.346930
v 0.553728 -0.600682 0.253171
v 0.728737 -0.582896 0.227737
v 0.344726 -0.775703 0.352608
v 0.383845 -0.582661 0.257438
v 0.359879 -0.600817 0.371325
v 0.716445 -0.074114 0.562706
v 0.766334 -0.205951 0.552286
v 0.706972 -0.107240 0.395971
v 0.535089 -0.330703 0.629035
v 0.537337 -0.226473 0.495334
v 0.458158 -0.179002 0.572789
v 0.729931 -0.331802 0.324385
v 0.633925 -0.280087 0.417616
v 0.682562 -0.421847 0.408843
v 0.065343 -0.496115 0.631660
v 0.189774 -0.508905 0.706140
v 0.111629 -0.412176 0.735906
v 0.314841 -0.598863 0.509423
v 0.260144 -0.568979 0.617226
v 0.213156 -0.682077 0.545574
v 0.310132 -0.303199 0.682258
v 0.287797 -0.429111 0.651374
v 0.401142 -0.388776 0.649061
v 0.579538 -0.505750 0.460147
v 0.472446 -0.429846 0.541375
v 0.406623 -0.512127 0.446922
v 0.356238 -0.919169 0.130924
v 0.406114 -0.921301 0.000000
v 0.207540 -0.774769 0.335807
v 0.284093 -0.864037 0.249035
v 0.120627 -0.866052 0.000000
v 0.156879 -0.688756 0.094642
v 0.076402 -0.917543 0.123620
v -0.074310 -0.564191 0.718335
v 0.000000 -0.586418 0.593404
v -0.126224 -0.677924 0.418980
v -0.076638 -0.736896 0.585810
v -0.166522 -0.532854 0.426215
v 0.063436 -0.609960 0.484900
v 0.124671 -0.669583 0.413825
v -0.331595 -0.752250 0.000000
v -0.310527 -0.801224 0.114124
v -0.374508 -0.668653 0.101427
v -0.067699 -0.813024 0.109539
v -0.196015 -0.860578 0.118252
v -0.125872 -0.903710 0.000000
v -0.319484 -0.718902 0.326788
v -0.280193 -0.852174 0.245616
v -0.169815 -0.633936 0.274766
v 0.063412 -0.703245 0.307806
v -0.079597 -0.882740 0.386370
v 0.000000 -0.944071 0.260935
v 0.305125 -0.787285 -0.112139
v 0.392266 -0.700358 -0.106237
v 0.063083 -0.757589 -0.102070
v 0.195699 -0.859188 -0.118062
v 0.338688 -0.762116 -0.346432
v 0.238086 -0.724112 -0.208706
v 0.210674 -0.786468 -0.340878
v -0.434554 -0.775858 -0.117689
v -0.299815 -0.773586 -0.110187
v -0.167985 -0.627108 -0.271806
v -0.232144 -0.706039 -0.203497
v -0.324870 -0.731022 -0.332298
v -0.157737 -0.692523 -0.095160
v -0.079349 -0.952943 -0.128390
v 0.069827 -0.530155 -0.674999
v 0.000000 -0.622783 -0.630203
v -0.069600 -0.528430 -0.672804
v 0.136725 -0.734322 -0.453836
v 0.070792 -0.680692 -0.541130
v 0.172580 -0.552240 -0.441721
v -0.201703 -0.645430 -0.516262
v -0.071441 -0.686928 -0.546087
v -0.135561 -0.728070 -0.449972
v 0.000000 -0.928805 -0.256715
v -0.078988 -0.875985 -0.383414
v 0.063260 -0.701568 -0.307072
v 0.485729 -0.673981 -0.181131
v 0.506975 -0.645487 -0.066774
v 0.399654 -0.667221 -0.412365
v 0.381485 -0.579078 -0.255855
v 0.687949 -0.550272 -0.214991
v 0.475285 -0.515587 -0.217306
v 0.661422 -0.562639 -0.347730
v 0.118109 -0.436104 -0.778627
v 0.183334 -0.491636 -0.682178
v 0.408843 -0.396241 -0.661523
v 0.275174 -0.410290 -0.622803
v 0.355292 -0.347350 -0.781606
v 0.276569 -0.604902 -0.656195
v 0.371313 -0.706279 -0.600797
v 0.722683 -0.109623 -0.404771
v 0.663986 -0.178445 -0.478526
v 0.769194 -0.079571 -0.604136
v 0.605131 -0.373991 -0.362463
v 0.778076 -0.343778 -0.512580
v 0.731318 -0.332433 -0.325001
v 0.448379 -0.175182 -0.560563
v 0.641561 -0.270401 -0.591412
v 0.517848 -0.320048 -0.608767
v 0.454136 -0.571968 -0.499144
v 0.397244 -0.361424 -0.455201
v 0.493072 -0.430293 -0.391494
v 0.655004 -0.662808 0.000000
v 0.841149 -0.519859 -0.156615
v 0.632154 -0.502544 -0.065744
v 0.667554 -0.530685 0.069426
v 0.687576 -0.424945 0.128021
v 0.808345 0.000000 -0.356322
v 0.738241 -0.105153 -0.286117
v 0.775296 -0.104455 -0.064557
v 0.871104 -0.119699 -0.198413
v 0.803747 0.000000 -0.111949
v 0.818351 -0.235868 -0.269072
v 0.707886 -0.306818 -0.189624
v 0.716649 -0.102077 0.277749
v 0.764416 0.000000 0.336958
v 0.761225 -0.329937 0.203912
v 0.859980 -0.247866 0.282759
v 0.842543 0.000000 0.117353
v 0.695981 -0.095635 0.158525
v 0.684769 -0.092259 0.057019
v 0.823395 -0.360395 -0.074245
v 0.749574 -0.207177 0.000000
v 0.853138 -0.373414 0.076927
v 0.115263 -0.313625 0.809219
v 0.374018 -0.231156 0.862930
v 0.189253 -0.215895 0.656621
v 0.095779 -0.158764 0.697030
v 0.117650 -0.072712 0.873227
v 0.679995 0.000000 0.671989
v 0.434973 0.131042 0.703801
v 0.523311 0.068461 0.658277
v 0.432119 -0.056531 0.543566
v 0.469782 -0.141529 0.760123
v 0.121358 0.330210 0.852011
v 0.117969 0.072909 0.875594
v 0.096701 0.160292 0.703739
v 0.230370 0.262801 0.799278
v 0.352242 0.217698 0.812688
v 0.396857 -0.081757 0.906699
v 0.336188 0.069259 0.768090
v 0.239897 0.000000 0.867954
v -0.437446 -0.606986 0.163126
v -0.364166 -0.607974 0.375749
v -0.475204 -0.721341 0.318711
v -0.582546 -0.631943 0.266347
v -0.576927 -0.490764 0.303309
v -0.151977 -0.407549 0.565501
v -0.413309 -0.400569 0.668749
v -0.278616 -0.415423 0.630595
v -0.272003 -0.594917 0.645364
v -0.337812 -0.642557 0.546592
v -0.799587 -0.214887 0.576252
v -0.717734 -0.443584 0.429910
v -0.654508 -0.289182 0.431176
v -0.663833 -0.279788 0.611943
v -0.521699 -0.322428 0.613294
v -0.482954 -0.608263 0.530818
v -0.396513 -0.360760 0.454364
v -0.559719 -0.488454 0.444410
v -0.147244 -0.394855 -0.547887
v -0.310760 -0.591100 -0.502820
v -0.279503 -0.611319 -0.663157
v -0.294352 -0.438885 -0.666210
v -0.421085 -0.408105 -0.681330
v -0.495164 -0.687073 -0.184649
v -0.574454 -0.488659 -0.302008
v -0.552132 -0.598950 -0.252441
v -0.457475 -0.694429 -0.306820
v -0.385457 -0.643519 -0.397717
v -0.641914 -0.172513 -0.462618
v -0.486944 -0.300948 -0.572437
v -0.571928 -0.241052 -0.527221
v -0.788496 -0.348382 -0.519445
v -0.624008 -0.385658 -0.373770
v -0.380417 -0.479121 -0.418119
v -0.454587 -0.396708 -0.360937
v -0.469039 -0.426746 -0.537471
v 0.660827 0.000000 -0.653046
v 0.397169 -0.119653 -0.642633
v 0.450348 -0.058916 -0.566496
v 0.546035 0.071434 -0.686861
v 0.485695 0.146323 -0.785871
v 0.099337 -0.270292 -0.697408
v 0.095940 -0.059294 -0.712090
v 0.120775 -0.200197 -0.878937
v 0.240225 -0.274042 -0.833467
v 0.354110 -0.218852 -0.816999
v 0.095134 0.258855 -0.667899
v 0.375481 0.232060 -0.866306
v 0.208382 0.237717 -0.722989
v 0.117258 0.194367 -0.853342
v 0.111504 0.068913 -0.827612
v 0.324602 -0.066872 -0.741618
v 0.205704 0.000000 -0.744242
v 0.378678 0.078012 -0.865165
v 0.803296 0.114419 0.311330
v 0.725509 0.097748 0.060411
v 0.783894 0.107715 0.178549
v 0.748803 0.215822 0.246205
v 0.721421 0.312684 0.193249
v 0.824743 0.117474 -0.319642
v 0.858316 0.372018 -0.229920
v 0.679207 0.195763 -0.223322
v 0.817617 0.112349 -0.186230
v 0.693192 0.093394 -0.057720
v 0.635119 0.642686 0.000000
v 0.839696 0.518961 0.156345
v 0.764535 0.607783 0.079512
v 0.769258 0.611537 -0.080003
v 0.677416 0.418666 -0.126130
v 0.865747 0.239287 0.000000
v 0.712290 0.311765 -0.064227
v 0.690169 0.302083 0.062233
v -0.401255 0.574615 0.028506
v -0.440796 0.660652 0.085062
v -0.478807 0.813160 0.062187
v -0.511968 0.604915 0.151217
v -0.411061 0.545993 0.101860
v -0.592869 0.672769 0.109439
v -0.388556 0.730966 0.165476
v -0.482445 0.757503 0.157308
v -0.472770 0.778582 0.222436
v -0.720093 0.523165 0.323334
v -0.577337 0.475939 0.239809
v -0.791332 0.558706 0.275663
v -0.476696 0.536632 0.278381
v -0.605550 0.582881 0.298525
v -0.586960 0.584602 0.361304
v -0.563092 0.507435 0.154187
v -0.578781 0.538881 0.219437
v -0.617531 0.646614 0.210247
v -0.326798 0.789663 0.422134
v -0.336137 0.649483 0.345468
v -0.317495 0.652025 0.402974
v -0.421144 0.729733 0.268663
v -0.369301 0.674387 0.302419
v -0.339730 0.716722 0.270257
v -0.462628 0.642191 0.396896
v -0.458356 0.728270 0.384872
v -0.433585 0.578021 0.303016
v -0.433491 0.531772 0.181066
v -0.408560 0.521707 0.225486
v -0.468495 0.679064 0.240921
v -0.824474 0.040902 0.575734
v -0.739444 0.095207 0.493367
v -0.841393 0.064346 0.495431
v -0.741077 0.185255 0.627209
v -0.662661 0.123626 0.498898
v -0.655122 0.106568 0.577318
v -0.692027 0.156661 0.367857
v -0.669654 0.139064 0.426495
v -0.762433 0.217823 0.462964
v -0.392211 0.242400 0.539846
v -0.526093 0.265081 0.638177
v -0.464258 0.229063 0.657559
v -0.644562 0.334370 0.572572
v -0.592619 0.303513 0.615668
v -0.509510 0.314895 0.511565
v -0.466082 0.141622 0.517203
v -0.525216 0.213873 0.564104
v -0.550065 0.178854 0.525324
v -0.670016 0.358174 0.277283
v -0.659084 0.350576 0.341106
v -0.756557 0.467578 0.368396
v -0.828262 0.304938 0.478007
v -0.714302 0.320318 0.391159
v -0.841410 0.317273 0.398832
v -0.697127 0.430848 0.502204
v -0.666436 0.352194 0.419439
v -0.668642 0.350522 0.501561
v -0.663750 0.226004 0.541077
v -0.586364 0.253431 0.459195
v -0.766140 0.271814 0.528570
v -0.037117 0.522457 0.748180
v -0.099693 0.516616 0.774288
v -0.063492 0.488856 0.830225
v -0.165363 0.559861 0.661502
v -0.133149 0.537330 0.713708
v -0.101822 0.551609 0.625948
v -0.149665 0.351431 0.661125
v -0.125121 0.383731 0.602509
v -0.181583 0.385940 0.635586
v -0.295674 0.658493 0.478411
v -0.269132 0.647930 0.534133
v -0.251407 0.721700 0.509544
v -0.329763 0.564682 0.635681
v -0.261045 0.529524 0.509700
v -0.383106 0.622378 0.619878
v -0.166245 0.607127 0.547117
v -0.235738 0.621775 0.578912
v -0.200701 0.589493 0.617256
v -0.437524 0.338712 0.818452
v -0.383557 0.373196 0.721089
v -0.460939 0.363165 0.745815
v -0.288085 0.451590 0.782488
v -0.302309 0.369167 0.674143
v -0.257738 0.323993 0.683522
v -0.359686 0.419256 0.581984
v -0.337416 0.401839 0.638473
v -0.384037 0.549518 0.732575
v -0.186711 0.447004 0.548349
v -0.276841 0.501612 0.640529
v -0.225588 0.438679 0.635846
v -0.633096 0.462354 0.356830
v -0.481253 0.356794 0.397025
v -0.545216 0.400876 0.375520
v -0.543225 0.467810 0.355194
v -0.532894 0.540700 0.405252
v -0.459901 0.354937 0.629736
v -0.377148 0.419673 0.508706
v -0.465953 0.436481 0.633724
v -0.448790 0.340753 0.521139
v -0.449725 0.337066 0.443232
v -0.351976 0.624484 0.456065
v -0.395464 0.479361 0.355392
v -0.467723 0.679084 0.499304
v -0.438520 0.670660 0.577554
v -0.423178 0.556466 0.564618
v -0.535016 0.476160 0.512535
v -0.406503 0.437557 0.456749
v -0.461160 0.481388 0.428431
v -0.382080 0.766044 0.056464
v -0.444173 0.844135 0.000000
v -0.340230 0.767540 0.168177
v -0.340968 0.723974 0.106359
v -0.306002 0.848863 0.000000
v -0.323426 0.781126 0.055911
v -0.304545 0.909660 0.063492
v -0.235525 0.731061 0.381087
v -0.289354 0.817978 0.362945
v -0.162724 0.655258 0.184912
v -0.216297 0.723979 0.260496
v -0.141972 0.651951 0.229716
v -0.332376 0.865054 0.318320
v -0.348336 0.842904 0.248275
v -0.066514 0.959693 0.000000
v -0.098554 0.885367 0.059560
v -0.040599 0.981220 0.065690
v -0.194078 0.758531 0.052235
v -0.126118 0.689231 0.046772
v -0.147901 0.702203 0.000000
v -0.111211 0.881112 0.179944
v -0.121233 0.783503 0.106600
v -0.137224 0.687758 0.141916
v -0.322599 0.900334 0.193582
v -0.202572 0.731467 0.154199
v -0.260297 0.850949 0.119020
v 0.032453 0.456808 0.654168
v 0.000000 0.500578 0.637343
v 0.077820 0.676681 0.684743
v 0.037443 0.608867 0.690405
v 0.112694 0.610503 0.692778
v -0.032488 0.528295 0.599043
v -0.061953 0.538709 0.545127
v 0.196705 0.696967 0.430749
v 0.145930 0.592898 0.417588
v 0.239057 0.686247 0.484513
v 0.036765 0.738931 0.519233
v 0.087531 0.597000 0.419827
v 0.061180 0.661267 0.408685
v 0.137855 0.503447 0.453685
v 0.112203 0.542581 0.432648
v 0.098807 0.602407 0.540409
v -0.141078 0.573185 0.403704
v -0.177697 0.629618 0.389125
v -0.088641 0.540425 0.484805
v -0.113038 0.546618 0.435866
v -0.075191 0.812704 0.502279
v -0.095129 0.648825 0.456272
v -0.040565 0.815301 0.572897
v 0.040478 0.739865 0.664243
v 0.000000 0.789967 0.628001
v -0.037209 0.680105 0.610591
v 0.438896 0.834106 0.000000
v 0.411666 0.825362 0.060837
v 0.426220 0.723850 0.055357
v 0.304926 0.910796 0.063571
v 0.372747 0.900245 0.064437
v 0.333098 0.924030 0.000000
v 0.391536 0.736573 0.166745
v 0.386674 0.821021 0.120616
v 0.363928 0.821001 0.179891
v 0.034569 0.835483 0.055934
v 0.082410 0.740337 0.049803
v 0.056437 0.814293 0.000000
v 0.163861 0.821258 0.169463
v 0.119730 0.773787 0.105278
v 0.096982 0.768380 0.156921
v 0.158679 0.753375 0.000000
v 0.140637 0.768575 0.052156
v 0.217910 0.851677 0.058650
v 0.332080 0.802426 0.428956
v 0.289574 0.818601 0.363222
v 0.253944 0.788235 0.410891
v 0.340360 0.823603 0.242590
v 0.316982 0.824987 0.303576
v 0.367714 0.775761 0.292519
v 0.174968 0.803472 0.283104
v 0.248444 0.831582 0.299213
v 0.208070 0.837855 0.236441
v 0.271571 0.887805 0.124175
v 0.239099 0.863363 0.182004
v 0.310361 0.866180 0.186238
v -0.137117 0.600780 0.314220
v -0.040043 0.857840 0.450089
v -0.106104 0.779106 0.408345
v -0.126914 0.713245 0.310680
v -0.111973 0.852679 0.303039
v 0.164611 0.721245 0.377226
v 0.098149 0.747406 0.265625
v 0.131501 0.739023 0.321909
v 0.090837 0.666998 0.349587
v 0.033884 0.725909 0.380868
v 0.000000 0.882151 0.118852
v -0.078292 0.922830 0.255064
v -0.038712 0.918605 0.188035
v 0.033108 0.785618 0.160813
v 0.063821 0.752262 0.207920
v 0.000000 0.799840 0.350085
v 0.033046 0.753397 0.267348
v -0.038393 0.875296 0.310605
v -0.428338 0.858789 -0.063301
v -0.443224 0.752729 -0.057566
v -0.281373 0.840445 -0.058661
v -0.308555 0.745211 -0.053340
v -0.421871 0.793640 -0.179664
v -0.409707 0.869927 -0.127801
v -0.387797 0.874850 -0.191690
v -0.040467 0.978031 -0.065477
v -0.086822 0.779969 -0.052469
v -0.168181 0.842912 -0.173932
v -0.111152 0.718350 -0.097735
v -0.094174 0.746125 -0.152376
v -0.128718 0.703436 -0.047736
v -0.218661 0.854612 -0.058852
v -0.289804 0.700272 -0.374348
v -0.292023 0.825524 -0.366293
v -0.254084 0.788668 -0.411116
v -0.359214 0.869228 -0.256029
v -0.327835 0.853234 -0.313970
v -0.371390 0.783516 -0.295443
v -0.155156 0.712491 -0.251047
v -0.199121 0.666488 -0.239810
v -0.185815 0.748237 -0.211151
v -0.251236 0.821329 -0.114878
v -0.218465 0.788856 -0.166297
v -0.257318 0.718142 -0.154408
v 0.472916 0.803156 -0.061422
v 0.443326 0.888838 -0.065516
v 0.352865 0.796043 -0.174423
v 0.414776 0.880690 -0.129382
v 0.418728 0.787728 -0.178325
v 0.382508 0.923818 -0.066124
v 0.291642 0.871118 -0.060802
v 0.233999 0.726324 -0.378618
v 0.292167 0.825929 -0.366473
v 0.332608 0.803704 -0.429640
v 0.183299 0.738109 -0.208293
v 0.235128 0.787011 -0.283176
v 0.178784 0.820993 -0.289278
v 0.337301 0.711599 -0.268325
v 0.289998 0.754758 -0.277734
v 0.295531 0.715128 -0.210639
v 0.085015 0.763731 -0.051377
v 0.038941 0.941142 -0.063007
v 0.192912 0.753974 -0.051922
v 0.125615 0.686479 -0.046585
v 0.108781 0.861860 -0.176012
v 0.112229 0.725309 -0.098682
v 0.142428 0.713841 -0.147298
v 0.264244 0.737473 -0.158565
v 0.187064 0.675469 -0.142394
v 0.230420 0.753277 -0.105359
v -0.040471 0.569673 -0.815795
v 0.000000 0.509548 -0.648763
v 0.035263 0.496358 -0.710805
v -0.064043 0.556889 -0.563524
v -0.032476 0.528092 -0.598812
v -0.101158 0.548011 -0.621865
v 0.112585 0.609913 -0.692109
v 0.037351 0.607363 -0.688699
v 0.075061 0.652695 -0.660471
v -0.207950 0.736812 -0.455375
v -0.169868 0.690155 -0.486088
v -0.200933 0.576807 -0.407245
v -0.032748 0.658188 -0.462496
v -0.105100 0.716833 -0.504097
v -0.060505 0.653966 -0.404173
v -0.139804 0.510564 -0.460099
v -0.132933 0.642825 -0.512581
v -0.098162 0.598474 -0.536880
v 0.209750 0.602119 -0.425115
v 0.166800 0.677690 -0.477309
v 0.163605 0.579688 -0.358267
v 0.088611 0.540240 -0.484640
v 0.136256 0.658894 -0.525394
v 0.153479 0.560505 -0.505104
v 0.076005 0.821503 -0.507717
v 0.110285 0.752194 -0.528964
v 0.035409 0.711680 -0.500084
v -0.040603 0.742140 -0.666285
v 0.000000 0.663745 -0.527658
v 0.036397 0.665272 -0.597274
v 0.000000 0.990108 -0.133397
v 0.076641 0.903373 -0.249686
v 0.040605 0.963524 -0.197230
v -0.034576 0.820471 -0.167948
v -0.065917 0.776964 -0.214747
v 0.140686 0.616419 -0.322400
v 0.039514 0.846520 -0.444149
v 0.090687 0.665898 -0.349010
v 0.126081 0.708562 -0.308640
v 0.106561 0.811471 -0.288394
v -0.148822 0.652067 -0.341045
v -0.114117 0.869005 -0.308841
v -0.121739 0.684160 -0.298011
v -0.090350 0.663427 -0.347715
v -0.040127 0.859655 -0.451042
v 0.033392 0.761276 -0.270144
v 0.000000 0.840521 -0.367891
v -0.035679 0.813419 -0.288648
v -0.394001 0.590517 -0.076032
v -0.403376 0.577651 -0.028657
v -0.380970 0.627401 -0.179245
v -0.386975 0.607602 -0.126179
v -0.521982 0.592328 -0.096353
v -0.520081 0.690798 -0.128875
v -0.498627 0.589151 -0.147276
v -0.332954 0.683772 -0.422595
v -0.351812 0.679769 -0.361578
v -0.422499 0.563242 -0.295268
v -0.469321 0.745692 -0.394079
v -0.401719 0.557641 -0.344641
v -0.365323 0.667123 -0.299162
v -0.374499 0.648909 -0.238906
v -0.702992 0.496335 -0.244890
v -0.589956 0.486342 -0.245051
v -0.680439 0.494356 -0.305529
v -0.511170 0.535243 -0.174034
v -0.670002 0.623815 -0.254023
v -0.706967 0.637089 -0.193583
v -0.583943 0.581598 -0.359447
v -0.627641 0.604145 -0.309416
v -0.464481 0.522882 -0.271248
v -0.491952 0.713064 -0.252984
v -0.444240 0.567268 -0.245177
v -0.470389 0.577036 -0.196478
v -0.052898 0.407288 -0.691699
v -0.088119 0.456638 -0.684395
v -0.210036 0.446414 -0.735177
v -0.123157 0.377709 -0.593054
v -0.174304 0.409287 -0.769967
v -0.126365 0.509952 -0.677344
v -0.165120 0.559038 -0.660530
v -0.436798 0.344145 -0.706754
v -0.418863 0.407549 -0.787465
v -0.387122 0.299693 -0.724168
v -0.387062 0.553846 -0.738344
v -0.331226 0.394467 -0.626759
v -0.368770 0.429844 -0.596682
v -0.262886 0.330464 -0.697174
v -0.296093 0.361577 -0.660282
v -0.259171 0.406266 -0.703953
v -0.273849 0.659288 -0.543496
v -0.303506 0.675935 -0.491083
v -0.204805 0.601548 -0.629878
v -0.240449 0.634202 -0.590482
v -0.326585 0.530556 -0.528425
v -0.298865 0.606240 -0.583545
v -0.300981 0.515396 -0.580198
v -0.244916 0.476264 -0.690325
v -0.275411 0.499021 -0.637220
v -0.186333 0.446100 -0.547239
v -0.687285 0.052561 -0.404689
v -0.772754 0.099496 -0.515592
v -0.662470 0.032865 -0.462605
v -0.678672 0.193893 -0.412103
v -0.818488 0.169972 -0.521286
v -0.801255 0.181388 -0.425919
v -0.733277 0.119281 -0.646191
v -0.794621 0.148244 -0.598246
v -0.647424 0.161843 -0.547946
v -0.746587 0.461416 -0.363541
v -0.652514 0.347081 -0.337706
v -0.671525 0.358980 -0.277907
v -0.619981 0.325012 -0.465059
v -0.639083 0.337739 -0.402224
v -0.593493 0.366799 -0.427547
v -0.812880 0.306515 -0.385309
v -0.804930 0.360959 -0.440788
v -0.758270 0.279169 -0.437614
v -0.492374 0.242935 -0.697381
v -0.516671 0.260333 -0.626747
v -0.395340 0.244333 -0.544152
v -0.534308 0.173730 -0.510276
v -0.569734 0.232001 -0.611918
v -0.465489 0.141441 -0.516545
v -0.456415 0.282080 -0.458256
v -0.551068 0.282232 -0.572500
v -0.588516 0.305296 -0.522785
v -0.687304 0.243845 -0.474180
v -0.732663 0.316663 -0.573765
v -0.611508 0.208216 -0.498490
v -0.412378 0.731650 -0.534329
v -0.451907 0.594244 -0.602949
v -0.354370 0.541965 -0.466725
v -0.377608 0.548247 -0.403104
v -0.452132 0.548050 -0.406317
v -0.470249 0.362923 -0.643906
v -0.558859 0.418862 -0.550790
v -0.509502 0.386850 -0.591638
v -0.430753 0.403508 -0.585851
v -0.401194 0.446431 -0.541141
v -0.681104 0.497415 -0.383889
v -0.532580 0.540382 -0.405013
v -0.493796 0.425243 -0.322875
v -0.658188 0.483940 -0.453331
v -0.614711 0.455739 -0.507126
v -0.437979 0.471437 -0.492116
v -0.437123 0.389035 -0.418755
v -0.481940 0.503080 -0.447736
v -0.508205 0.647054 0.000000
v -0.523156 0.529390 -0.060164
v -0.572663 0.649352 -0.035217
v -0.599547 0.679836 0.036870
v -0.569958 0.576749 0.065546
v -0.832618 0.514586 -0.234989
v -0.676764 0.476656 -0.166572
v -0.668007 0.469396 -0.033236
v -0.659815 0.464000 -0.096740
v -0.790152 0.488341 -0.073104
v -0.688439 0.548953 -0.142366
v -0.710107 0.637025 -0.116472
v -0.791403 0.557399 0.194788
v -0.690367 0.426670 0.194842
v -0.584737 0.524557 0.095909
v -0.737109 0.587762 0.152431
v -0.691155 0.427157 0.063945
v -0.754588 0.530648 0.110636
v -0.705284 0.495590 0.035091
v -0.674040 0.605146 -0.036877
v -0.782547 0.622102 0.000000
v -0.624538 0.560704 0.034169
v -0.767182 0.000000 -0.403681
v -0.684214 0.050433 -0.341265
v -0.680178 0.047475 -0.227717
v -0.680421 0.048703 -0.281729
v -0.775260 0.000000 -0.279469
v -0.823955 0.121047 -0.388056
v -0.812766 0.178087 -0.360278
v -0.789091 0.052828 -0.032649
v -0.740516 0.049815 -0.082430
v -0.701753 0.000000 -0.048637
v -0.776970 0.160325 -0.155024
v -0.872734 0.118740 -0.135040
v -0.745717 0.152293 -0.094122
v -0.749986 0.000000 -0.157965
v -0.706665 0.047955 -0.129308
v -0.688132 0.047387 -0.176066
v -0.789000 0.350087 -0.279103
v -0.684844 0.356995 -0.220635
v -0.681237 0.200657 -0.281526
v -0.824371 0.303349 -0.316745
v -0.848653 0.299024 -0.184807
v -0.835888 0.300762 -0.249731
v -0.683509 0.192885 -0.169740
v -0.835020 0.116793 -0.255424
v -0.795284 0.167652 -0.220245
v -0.807543 0.173631 -0.289351
v -0.761847 0.056155 0.379986
v -0.681017 0.000000 0.358343
v -0.779378 0.170771 0.345477
v -0.859253 0.126233 0.404680
v -0.826456 0.000000 0.297924
v -0.683872 0.048950 0.283158
v -0.697639 0.048694 0.233563
v -0.735689 0.383500 0.237016
v -0.852548 0.378284 0.301583
v -0.809250 0.228369 0.200966
v -0.697850 0.251095 0.208490
v -0.682486 0.240475 0.148622
v -0.777153 0.285974 0.298602
v -0.680798 0.200527 0.281344
v -0.709320 0.000000 0.049161
v -0.882601 0.059374 0.098247
v -0.852590 0.057079 0.035277
v -0.784065 0.053994 0.200611
v -0.860765 0.058412 0.157506
v -0.835464 0.000000 0.175969
v -0.709580 0.144913 0.089561
v -0.717594 0.097633 0.111035
v -0.777554 0.160445 0.155141
v -0.854269 0.183677 0.306093
v -0.850019 0.179191 0.235403
v -0.712065 0.099595 0.217814
v -0.720850 0.377020 -0.164521
v -0.863757 0.306976 -0.113428
v -0.727565 0.316918 -0.129462
v -0.774107 0.405725 -0.105424
v -0.826456 0.433622 -0.038578
v -0.857478 0.115528 0.000000
v -0.853175 0.235812 0.072383
v -0.681049 0.139408 0.028701
v -0.700777 0.143447 -0.029532
v -0.737008 0.203704 -0.062527
v -0.798875 0.417829 0.182329
v -0.856580 0.449428 0.039984
v -0.846095 0.443455 0.115227
v -0.775272 0.337698 0.137951
v -0.721353 0.256366 0.094727
v -0.845023 0.299863 -0.037065
v -0.790837 0.280634 0.034688
v -0.681108 0.298117 0.000000
v 0.423726 0.635067 0.081768
v 0.452483 0.647975 0.032146
v 0.398155 0.655703 0.187330
v 0.406792 0.638717 0.132640
v 0.505061 0.573126 0.093230
v 0.435517 0.578475 0.107920
v 0.466800 0.551546 0.137876
v 0.378906 0.778140 0.480917
v 0.391091 0.755664 0.401948
v 0.428560 0.571322 0.299504
v 0.415494 0.660168 0.348881
v 0.440940 0.612085 0.378289
v 0.393346 0.718297 0.322109
v 0.394399 0.683391 0.251601
v 0.775227 0.547335 0.270053
v 0.665124 0.548308 0.276274
v 0.742053 0.539120 0.333194
v 0.519022 0.543465 0.176708
v 0.585837 0.545451 0.222112
v 0.628867 0.566709 0.172198
v 0.528744 0.526621 0.325470
v 0.551554 0.530906 0.271906
v 0.468973 0.527938 0.273871
v 0.407429 0.590551 0.209518
v 0.428634 0.547339 0.236564
v 0.441946 0.542144 0.184598
v 0.054520 0.419774 0.712903
v 0.082444 0.427228 0.640316
v 0.202933 0.431316 0.710314
v 0.136811 0.419584 0.658802
v 0.136943 0.321559 0.604929
v 0.131237 0.529613 0.703459
v 0.159502 0.540018 0.638057
v 0.466130 0.367255 0.754215
v 0.428492 0.416918 0.805568
v 0.412047 0.318989 0.770795
v 0.317007 0.453605 0.604710
v 0.372896 0.444093 0.705609
v 0.357380 0.416568 0.578253
v 0.274490 0.345052 0.727950
v 0.366143 0.447118 0.816491
v 0.286327 0.448834 0.777713
v 0.265759 0.639811 0.527440
v 0.333555 0.742856 0.539703
v 0.164660 0.483635 0.506412
v 0.196784 0.519032 0.483252
v 0.367659 0.597283 0.594884
v 0.282453 0.572949 0.551500
v 0.292584 0.501018 0.564012
v 0.254167 0.494254 0.716399
v 0.259816 0.470764 0.601137
v 0.204428 0.489422 0.600383
v 0.679135 0.051937 0.399890
v 0.697567 0.089815 0.465426
v 0.694943 0.034476 0.485281
v 0.795491 0.227267 0.483037
v 0.823114 0.170933 0.524232
v 0.850757 0.192594 0.452233
v 0.593239 0.096502 0.522785
v 0.721843 0.134666 0.543454
v 0.712689 0.178158 0.603183
v 0.787215 0.486525 0.383324
v 0.750227 0.399056 0.388277
v 0.796660 0.425875 0.329694
v 0.584980 0.306664 0.438805
v 0.674050 0.356218 0.424231
v 0.640358 0.395763 0.461308
v 0.678437 0.255821 0.321582
v 0.677759 0.303931 0.371147
v 0.681751 0.250997 0.393452
v 0.466062 0.229953 0.660115
v 0.537242 0.270698 0.651701
v 0.498002 0.307782 0.685457
v 0.663267 0.215661 0.633435
v 0.596867 0.243049 0.641059
v 0.521682 0.158516 0.578901
v 0.455444 0.281480 0.457280
v 0.527490 0.270156 0.548005
v 0.524469 0.272071 0.465892
v 0.705073 0.250149 0.486439
v 0.610538 0.263879 0.478126
v 0.720175 0.245217 0.587074
v 0.416627 0.739188 0.539834
v 0.439017 0.577294 0.585751
v 0.441373 0.675024 0.581311
v 0.457531 0.664287 0.488424
v 0.479479 0.581199 0.430893
v 0.425223 0.328174 0.582252
v 0.474580 0.355695 0.467728
v 0.405100 0.307581 0.470406
v 0.381527 0.357396 0.518901
v 0.405121 0.450801 0.546437
v 0.714916 0.522109 0.402947
v 0.526600 0.534314 0.400466
v 0.611647 0.526734 0.399933
v 0.666919 0.490359 0.459344
v 0.585229 0.433881 0.482804
v 0.479718 0.516365 0.539014
v 0.522979 0.465447 0.501003
v 0.518930 0.541692 0.482101
v -0.055428 0.375066 0.751983
v 0.000000 0.469894 0.893015
v -0.173633 0.351268 0.792442
v -0.098902 0.317063 0.673217
v 0.000000 0.274694 0.762014
v -0.051921 0.300347 0.725385
v -0.060527 0.290323 0.867178
v -0.373682 0.230948 0.716855
v -0.388873 0.310024 0.876411
v -0.229154 0.201657 0.812033
v -0.311495 0.258642 0.865716
v -0.296046 0.182967 0.840203
v -0.261351 0.272892 0.710237
v -0.207344 0.290908 0.703940
v 0.000000 0.057664 0.831997
v -0.055011 0.091027 0.817747
v -0.065135 0.040256 0.972925
v -0.064287 0.238855 0.933537
v -0.054229 0.146227 0.799124
v 0.000000 0.207625 0.985759
v -0.175546 0.108493 0.859577
v -0.105866 0.120399 0.778112
v -0.158754 0.153505 0.769358
v -0.161873 0.269758 0.752861
v -0.137472 0.180598 0.652120
v -0.117359 0.256663 0.839068
v -0.707860 -0.035117 0.494301
v -0.791439 0.000000 0.621608
v -0.674926 -0.076704 0.666979
v -0.739997 -0.040133 0.652602
v -0.626207 -0.101864 0.551837
v -0.611469 0.033162 0.539254
v -0.600347 0.068228 0.593279
v -0.455285 -0.207909 0.736667
v -0.492868 -0.172237 0.699781
v -0.463801 -0.228838 0.656913
v -0.474913 -0.033627 0.675859
v -0.400475 -0.083496 0.569481
v -0.462901 -0.069296 0.748990
v -0.517220 -0.157160 0.573950
v -0.540241 -0.140107 0.677514
v -0.601774 -0.110027 0.670812
v -0.486908 0.170155 0.691320
v -0.439932 0.200898 0.711825
v -0.588042 0.107516 0.655505
v -0.425519 0.110354 0.533641
v -0.383863 0.057464 0.621104
v -0.398554 0.083095 0.566750
v -0.489296 0.034645 0.696328
v -0.491819 -0.029971 0.547811
v -0.503245 0.000000 0.633036
v -0.547625 0.033372 0.609971
v 0.000000 -0.459182 0.872657
v -0.058966 -0.399004 0.799977
v -0.051550 -0.396905 0.674066
v -0.052620 -0.252397 0.753897
v -0.063669 -0.368303 0.889511
v 0.000000 -0.274906 0.762604
v -0.154971 -0.363890 0.684564
v -0.101660 -0.325905 0.691992
v -0.137188 -0.277538 0.626110
v -0.056099 -0.034671 0.837947
v -0.054032 -0.089407 0.803192
v 0.000000 -0.064214 0.926507
v -0.137785 -0.133230 0.667738
v -0.122307 -0.139097 0.898949
v -0.170126 -0.105144 0.833038
v 0.000000 -0.199367 0.946549
v -0.064878 -0.174941 0.956044
v -0.058181 -0.216168 0.844868
v -0.435904 -0.337458 0.815422
v -0.336546 -0.268308 0.758482
v -0.401755 -0.248298 0.770710
v -0.188351 -0.264261 0.639459
v -0.258485 -0.269899 0.702450
v -0.309782 -0.389416 0.821544
v -0.314979 -0.194668 0.893936
v -0.276843 -0.229870 0.769412
v -0.234639 -0.206484 0.831470
v -0.103766 -0.226936 0.741887
v -0.161354 -0.211972 0.765408
v -0.171797 -0.286296 0.799017
v -0.389120 0.169801 0.743986
v -0.374280 0.033298 0.713353
v -0.453076 0.117727 0.864452
v -0.328518 0.134201 0.754195
v -0.259340 0.095826 0.729722
v -0.363416 -0.158585 0.694840
v -0.267088 -0.098689 0.751522
v -0.397288 -0.162294 0.912074
v -0.446616 -0.116049 0.852125
v -0.412270 -0.036678 0.785760
v -0.101149 0.000000 0.750756
v -0.191015 0.058632 0.691101
v -0.141326 0.029096 0.690418
v -0.161192 -0.033186 0.787470
v -0.227515 -0.069836 0.823157
v -0.346193 0.000000 0.790947
v -0.292071 -0.036102 0.823066
v -0.319984 0.039552 0.901727
v -0.819201 -0.060383 0.408593
v -0.716117 -0.054766 0.421666
v -0.806679 -0.056304 0.270068
v -0.861475 -0.061662 0.356695
v -0.736240 -0.166670 0.391359
v -0.810494 -0.119069 0.381716
v -0.680629 -0.149134 0.301704
v -0.772560 -0.051721 0.031965
v -0.710740 -0.047812 0.079116
v -0.869128 -0.179341 0.173412
v -0.816670 -0.111112 0.126365
v -0.849271 -0.173441 0.107192
v -0.682029 -0.046283 0.124801
v -0.717802 -0.049431 0.183657
v -0.676513 -0.361647 0.279971
v -0.712963 -0.316349 0.252206
v -0.694829 -0.362200 0.223852
v -0.800904 -0.235905 0.330979
v -0.843887 -0.310531 0.324243
v -0.833394 -0.314251 0.395033
v -0.692036 -0.243840 0.150701
v -0.764084 -0.274927 0.228279
v -0.830705 -0.234423 0.206294
v -0.677412 -0.094748 0.207214
v -0.822183 -0.173323 0.227695
v -0.728434 -0.156621 0.261005
v -0.850917 -0.065075 -0.501039
v -0.857331 -0.063193 -0.427611
v -0.685699 -0.150245 -0.303952
v -0.739743 -0.108675 -0.348395
v -0.682403 -0.154482 -0.362741
v -0.859006 -0.061485 -0.355672
v -0.863371 -0.060261 -0.289048
v -0.717949 -0.374252 -0.231300
v -0.804304 -0.356878 -0.284517
v -0.704831 -0.376785 -0.291690
v -0.776459 -0.219115 -0.192823
v -0.860449 -0.309600 -0.257068
v -0.857825 -0.302256 -0.186804
v -0.848829 -0.320071 -0.402349
v -0.857581 -0.315570 -0.329505
v -0.793083 -0.233601 -0.327747
v -0.868893 -0.058452 -0.096721
v -0.839077 -0.056174 -0.034718
v -0.871137 -0.059990 -0.222889
v -0.876278 -0.059465 -0.160345
v -0.685285 -0.139951 -0.086494
v -0.798678 -0.108665 -0.123581
v -0.677290 -0.139756 -0.135135
v -0.684260 -0.147123 -0.245177
v -0.679568 -0.143259 -0.188199
v -0.743531 -0.103996 -0.227439
v -0.422953 -0.605686 0.030048
v -0.473421 -0.602766 0.000000
v -0.459791 -0.658440 -0.032665
v -0.524050 -0.530294 0.060267
v -0.492380 -0.558318 0.030280
v -0.465278 -0.527982 0.085886
v -0.556501 -0.631499 -0.102725
v -0.533269 -0.604683 -0.032794
v -0.591327 -0.598372 -0.068004
v -0.806158 -0.498233 0.227522
v -0.802161 -0.564976 0.197436
v -0.767232 -0.541690 0.267268
v -0.685893 -0.481964 0.034126
v -0.745665 -0.524372 0.109327
v -0.786780 -0.486257 0.072792
v -0.643915 -0.580269 0.176318
v -0.698017 -0.556590 0.144347
v -0.591109 -0.530273 0.096954
v -0.650302 -0.459134 -0.226535
v -0.663195 -0.467100 -0.163233
v -0.667271 -0.412396 -0.188324
v -0.637875 -0.572226 -0.104625
v -0.660163 -0.526406 -0.136519
v -0.639482 -0.576275 -0.175104
v -0.689191 -0.425943 -0.063764
v -0.662389 -0.465811 -0.097118
v -0.661856 -0.465073 -0.032930
v -0.585456 -0.525616 0.032031
v -0.632096 -0.502498 0.000000
v -0.613740 -0.551009 -0.033578
v -0.878151 -0.118313 0.000000
v -0.714083 -0.197368 -0.060582
v -0.714844 -0.146326 -0.030125
v -0.776927 -0.159034 0.032741
v -0.687316 -0.189969 0.058311
v -0.725148 -0.379268 -0.165502
v -0.787732 -0.413305 -0.036770
v -0.747259 -0.391653 -0.101767
v -0.830401 -0.361712 -0.147761
v -0.849427 -0.301883 -0.111546
v -0.794177 -0.415371 0.181256
v -0.688993 -0.244866 0.090478
v -0.744424 -0.324261 0.132462
v -0.855244 -0.448250 0.116473
v -0.838879 -0.440141 0.039158
v -0.816209 -0.289638 -0.035801
v -0.861491 -0.377070 0.000000
v -0.752962 -0.267194 0.033027
v -0.659426 0.000000 -0.517923
v -0.793787 -0.039379 -0.554305
v -0.652383 0.074142 -0.644701
v -0.608604 0.033007 -0.536728
v -0.724880 -0.117916 -0.638792
v -0.663482 -0.035983 -0.585124
v -0.644263 -0.073219 -0.636677
v -0.481850 0.220040 -0.779649
v -0.438953 0.153396 -0.623232
v -0.513922 0.036389 -0.731374
v -0.427215 0.089071 -0.607506
v -0.432492 0.064744 -0.699787
v -0.432662 0.112207 -0.542599
v -0.580641 0.106163 -0.647255
v -0.429244 -0.211787 -0.607966
v -0.508201 -0.177596 -0.721551
v -0.480259 -0.219314 -0.777076
v -0.597716 -0.109285 -0.666289
v -0.547901 -0.142093 -0.687121
v -0.539188 -0.163836 -0.598328
v -0.388110 -0.058100 -0.627975
v -0.442563 -0.092271 -0.629331
v -0.413949 -0.029310 -0.589099
v -0.552660 0.033679 -0.615579
v -0.467687 0.000000 -0.588307
v -0.488958 -0.029797 -0.544625
v 0.000000 0.388315 -0.737979
v -0.055998 0.378923 -0.759715
v -0.054710 0.262423 -0.783844
v -0.064677 0.374137 -0.903602
v 0.000000 0.342296 -0.949547
v -0.121361 0.389062 -0.826091
v -0.144607 0.292546 -0.659968
v -0.053839 0.033274 -0.804195
v -0.056371 0.093278 -0.837969
v 0.000000 0.061624 -0.889138
v -0.146439 0.141597 -0.709677
v -0.103229 0.117400 -0.758727
v -0.145790 0.090103 -0.713874
v 0.000000 0.175740 -0.834376
v -0.065286 0.176041 -0.962055
v -0.055476 0.206119 -0.805590
v -0.335223 0.267253 -0.755499
v -0.367851 0.227344 -0.705669
v -0.202420 0.284000 -0.687225
v -0.315388 0.329315 -0.857087
v -0.265953 0.164368 -0.754794
v -0.268368 0.222833 -0.745857
v -0.201825 0.177608 -0.715190
v -0.102797 0.224817 -0.734960
v -0.177161 0.232737 -0.840390
v -0.147777 0.246266 -0.687298
v -0.061359 -0.472429 -0.802328
v -0.053019 -0.358762 -0.719293
v 0.000000 -0.377603 -0.717621
v -0.164829 -0.333456 -0.752259
v -0.106818 -0.342439 -0.727097
v -0.172843 -0.405856 -0.763512
v 0.000000 -0.342509 -0.950136
v -0.053507 -0.309522 -0.747546
v -0.062964 -0.302011 -0.902091
v -0.442094 -0.273229 -0.848094
v -0.388745 -0.309923 -0.876124
v -0.383907 -0.297204 -0.718155
v -0.196417 -0.172849 -0.696027
v -0.275648 -0.228877 -0.766089
v -0.254609 -0.157357 -0.722599
v -0.285939 -0.359444 -0.758312
v -0.315006 -0.328916 -0.856049
v -0.236673 -0.332057 -0.803513
v 0.000000 -0.068174 -0.983648
v -0.057592 -0.095298 -0.856114
v -0.065378 -0.040406 -0.976556
v -0.062346 -0.231642 -0.905345
v -0.052566 -0.141743 -0.774618
v 0.000000 -0.167482 -0.795166
v -0.154874 -0.095718 -0.758358
v -0.102080 -0.116093 -0.750284
v -0.176355 -0.170524 -0.854655
v -0.139348 -0.232219 -0.648095
v -0.150204 -0.197324 -0.712516
v -0.111281 -0.243371 -0.795616
v -0.450264 0.196483 -0.860891
v -0.323760 0.119629 -0.910984
v -0.397065 0.162203 -0.911562
v -0.372216 0.096717 -0.710174
v -0.413100 0.036752 -0.787341
v -0.122902 0.000000 -0.912213
v -0.217821 -0.066860 -0.788083
v -0.142823 -0.029404 -0.697731
v -0.178020 0.036650 -0.869678
v -0.242874 0.074550 -0.878725
v -0.406980 -0.177595 -0.778132
v -0.444139 -0.039513 -0.846500
v -0.365144 -0.094879 -0.696682
v -0.321234 -0.131226 -0.737474
v -0.315981 -0.116755 -0.889094
v -0.265166 0.032776 -0.747248
v -0.298892 -0.036945 -0.842289
v -0.371535 0.000000 -0.848846
v 0.080806 0.418740 -0.627595
v 0.064329 0.495297 -0.841165
v 0.159949 0.541531 -0.639845
v 0.122664 0.495019 -0.657509
v 0.154815 0.363525 -0.683876
v 0.120270 0.368854 -0.579150
v 0.172798 0.367268 -0.604836
v 0.268941 0.598956 -0.435156
v 0.276866 0.666551 -0.549484
v 0.316176 0.541416 -0.609489
v 0.325778 0.660833 -0.636094
v 0.402722 0.654245 -0.651617
v 0.233074 0.614748 -0.572370
v 0.159200 0.467597 -0.489619
v 0.360051 0.278736 -0.673528
v 0.419575 0.408242 -0.788803
v 0.467657 0.368458 -0.756685
v 0.253987 0.398140 -0.689872
v 0.343179 0.419076 -0.765281
v 0.250647 0.315080 -0.664718
v 0.357440 0.416637 -0.578349
v 0.389147 0.463447 -0.736360
v 0.314410 0.449889 -0.599757
v 0.205042 0.490892 -0.602187
v 0.258706 0.468753 -0.598569
v 0.260702 0.506962 -0.734819
v 0.489322 0.700729 -0.034763
v 0.500420 0.750015 -0.096568
v 0.543888 0.642629 -0.160645
v 0.527504 0.700658 -0.130714
v 0.596284 0.676644 -0.110069
v 0.477472 0.749694 -0.155686
v 0.417966 0.688329 -0.196652
v 0.709495 0.515466 -0.318575
v 0.588263 0.484946 -0.244348
v 0.658298 0.464779 -0.229320
v 0.457393 0.514902 -0.267108
v 0.512312 0.493134 -0.252561
v 0.555275 0.553045 -0.341800
v 0.624435 0.562715 -0.170984
v 0.535269 0.498369 -0.202940
v 0.538945 0.564327 -0.183491
v 0.416737 0.805217 -0.428306
v 0.357877 0.734955 -0.454227
v 0.369152 0.639644 -0.235495
v 0.387523 0.707662 -0.317340
v 0.486070 0.674731 -0.417006
v 0.442702 0.703398 -0.371727
v 0.440052 0.586643 -0.307535
v 0.458364 0.562284 -0.191456
v 0.404669 0.516738 -0.223338
v 0.402846 0.583908 -0.207161
v 0.780871 0.038739 -0.545285
v 0.791792 0.101947 -0.528295
v 0.813935 0.062246 -0.479264
v 0.706777 0.176681 -0.598179
v 0.756755 0.141180 -0.569738
v 0.691912 0.112553 -0.609740
v 0.796920 0.180406 -0.423615
v 0.669140 0.138958 -0.426168
v 0.784419 0.224104 -0.476314
v 0.501104 0.309699 -0.689728
v 0.532510 0.268314 -0.645961
v 0.431505 0.212903 -0.611169
v 0.597732 0.310077 -0.530972
v 0.467457 0.239410 -0.485637
v 0.514400 0.317917 -0.516474
v 0.543650 0.165191 -0.603279
v 0.580846 0.236526 -0.623853
v 0.641895 0.208712 -0.613024
v 0.824978 0.441012 -0.341413
v 0.695539 0.369967 -0.359973
v 0.782678 0.483722 -0.381115
v 0.806223 0.296823 -0.465288
v 0.673068 0.301828 -0.368579
v 0.693872 0.261640 -0.328899
v 0.578740 0.357681 -0.416919
v 0.634043 0.335075 -0.399051
v 0.707299 0.370787 -0.530559
v 0.591127 0.201276 -0.481876
v 0.685043 0.296081 -0.536473
v 0.750332 0.266206 -0.517664
v 0.344028 0.610382 -0.445767
v 0.470549 0.570374 -0.422868
v 0.413736 0.600701 -0.441672
v 0.364086 0.556824 -0.479521
v 0.439475 0.577897 -0.586362
v 0.713177 0.520838 -0.401966
v 0.503509 0.373294 -0.415386
v 0.562257 0.413405 -0.387257
v 0.622462 0.536047 -0.407005
v 0.538170 0.546053 -0.409264
v 0.414426 0.319841 -0.567469
v 0.464113 0.516445 -0.626007
v 0.395828 0.370792 -0.538350
v 0.442298 0.335824 -0.513600
v 0.560679 0.420226 -0.552584
v 0.411746 0.429806 -0.382524
v 0.454360 0.404376 -0.435268
v 0.441924 0.475684 -0.496549
v 0.508899 -0.728765 0.036154
v 0.498776 -0.747551 0.096250
v 0.414794 -0.704446 0.053873
v 0.512427 -0.605457 0.151352
v 0.420597 -0.558658 0.104223
v 0.539580 -0.612298 0.099602
v 0.395046 -0.743175 0.168239
v 0.487797 -0.765906 0.159053
v 0.475479 -0.783044 0.223711
v 0.681804 -0.495347 0.306141
v 0.698908 -0.576158 0.290307
v 0.722537 -0.510135 0.251698
v 0.515866 -0.580726 0.301255
v 0.494446 -0.475935 0.243752
v 0.460845 -0.458994 0.283674
v 0.561383 -0.505895 0.153719
v 0.529416 -0.492920 0.200721
v 0.592572 -0.620479 0.201749
v 0.317477 -0.767141 0.410094
v 0.403580 -0.779796 0.414784
v 0.361294 -0.741972 0.458564
v 0.458641 -0.794705 0.292583
v 0.435917 -0.796035 0.356970
v 0.366457 -0.773109 0.291519
v 0.468179 -0.649897 0.401658
v 0.372774 -0.592292 0.313011
v 0.471598 -0.628697 0.329582
v 0.495283 -0.607573 0.206876
v 0.481530 -0.614885 0.265758
v 0.395160 -0.572768 0.203209
v 0.826260 -0.040990 0.576981
v 0.727018 -0.093607 0.485076
v 0.842767 -0.064451 0.496241
v 0.685249 -0.171299 0.579959
v 0.640777 -0.119543 0.482422
v 0.584842 -0.095136 0.515385
v 0.731905 -0.165688 0.389055
v 0.685940 -0.142447 0.436868
v 0.825203 -0.235756 0.501079
v 0.497954 -0.307752 0.685392
v 0.440423 -0.221914 0.534255
v 0.402933 -0.198805 0.570700
v 0.586285 -0.304139 0.520803
v 0.503567 -0.257904 0.523152
v 0.582176 -0.359804 0.584523
v 0.595381 -0.180910 0.660685
v 0.492677 -0.200622 0.529155
v 0.661327 -0.215030 0.631582
v 0.829967 -0.443679 0.343477
v 0.808901 -0.430265 0.418643
v 0.679358 -0.419867 0.330805
v 0.738938 -0.272051 0.426456
v 0.679253 -0.304601 0.371966
v 0.714386 -0.269376 0.338622
v 0.666819 -0.412117 0.480370
v 0.755016 -0.399006 0.475189
v 0.677557 -0.355195 0.508248
v 0.720165 -0.245213 0.587066
v 0.587229 -0.253805 0.459872
v 0.747969 -0.265368 0.516034
v 0.032547 -0.458129 0.656059
v 0.091766 -0.475537 0.712720
v 0.062980 -0.484914 0.823532
v 0.131553 -0.445394 0.526254
v 0.112457 -0.453825 0.602793
v 0.100227 -0.542966 0.616140
v 0.135482 -0.318128 0.598474
v 0.151505 -0.464648 0.729559
v 0.169121 -0.359453 0.591966
v 0.300539 -0.669328 0.486283
v 0.246803 -0.594175 0.489819
v 0.250302 -0.718529 0.507305
v 0.348468 -0.596712 0.671738
v 0.289675 -0.587598 0.565601
v 0.400942 -0.651354 0.648738
v 0.175152 -0.639655 0.576430
v 0.197568 -0.521099 0.485176
v 0.159349 -0.468036 0.490078
v 0.408833 -0.316500 0.764781
v 0.354864 -0.345279 0.667146
v 0.404845 -0.318970 0.655053
v 0.258271 -0.404855 0.701508
v 0.363057 -0.443350 0.809609
v 0.297544 -0.374032 0.789088
v 0.434076 -0.505966 0.702350
v 0.411673 -0.490274 0.778985
v 0.315343 -0.451224 0.601536
v 0.227016 -0.543499 0.666721
v 0.284132 -0.514822 0.657397
v 0.220427 -0.428643 0.621300
v 0.608407 -0.444324 0.342915
v 0.481655 -0.357092 0.397357
v 0.538920 -0.396247 0.371184
v 0.628470 -0.541221 0.410933
v 0.447871 -0.454431 0.340594
v 0.410286 -0.316646 0.561799
v 0.449266 -0.499923 0.605981
v 0.435847 -0.408279 0.592778
v 0.417549 -0.317033 0.484862
v 0.439168 -0.329154 0.432827
v 0.340800 -0.604654 0.441583
v 0.441131 -0.534715 0.396431
v 0.463602 -0.673101 0.494905
v 0.443007 -0.677524 0.583464
v 0.376124 -0.494592 0.501837
v 0.522791 -0.465279 0.500823
v 0.445563 -0.479601 0.500638
v 0.441690 -0.461064 0.410343
v 0.370854 -0.743537 0.054806
v 0.378521 -0.719364 0.000000
v 0.335210 -0.756216 0.165696
v 0.356645 -0.757261 0.111249
v 0.292738 -0.812068 0.000000
v 0.383731 -0.926771 0.066336
v 0.265791 -0.793904 0.055413
v 0.199239 -0.618431 0.322375
v 0.234209 -0.662088 0.293775
v 0.184678 -0.743660 0.209859
v 0.245644 -0.822211 0.295841
v 0.162722 -0.747239 0.263290
v 0.271103 -0.705582 0.259638
v 0.305326 -0.738828 0.217620
v 0.054948 -0.792809 0.000000
v 0.098837 -0.887907 0.059731
v 0.033615 -0.812434 0.054391
v 0.179415 -0.701221 0.048289
v 0.156277 -0.854046 0.057956
v 0.177808 -0.844193 0.000000
v 0.109503 -0.867576 0.177179
v 0.133520 -0.862908 0.117403
v 0.135089 -0.677057 0.139708
v 0.321793 -0.898086 0.193098
v 0.207624 -0.749709 0.158045
v 0.235090 -0.768545 0.107495
v -0.037755 -0.531443 0.761048
v 0.000000 -0.614622 0.782544
v -0.064898 -0.564318 0.571042
v -0.035670 -0.580033 0.657709
v -0.088800 -0.481064 0.545896
v 0.040545 -0.659304 0.747596
v 0.075916 -0.660124 0.667989
v -0.208670 -0.739363 0.456952
v -0.144942 -0.588884 0.414761
v -0.241485 -0.693218 0.489434
v -0.037670 -0.757116 0.532011
v -0.088106 -0.600921 0.422585
v -0.060576 -0.654737 0.404650
v -0.161477 -0.589714 0.531426
v -0.119857 -0.579592 0.462159
v -0.112845 -0.687991 0.617185
v 0.141874 -0.576418 0.405981
v 0.164325 -0.582239 0.359844
v 0.103293 -0.629758 0.564945
v 0.123180 -0.595661 0.474973
v 0.076076 -0.822275 0.508194
v 0.093290 -0.636283 0.447452
v 0.040331 -0.810608 0.569599
v -0.036685 -0.670522 0.601987
v 0.000000 -0.760924 0.604913
v 0.032479 -0.593654 0.532976
v -0.383798 -0.729393 0.000000
v -0.355867 -0.713488 0.052591
v -0.385102 -0.654019 0.050017
v -0.255522 -0.763231 0.053272
v -0.309778 -0.748164 0.053552
v -0.265641 -0.736901 0.000000
v -0.398188 -0.749087 0.169578
v -0.351576 -0.746498 0.109668
v -0.370143 -0.835022 0.182963
v -0.035142 -0.849323 0.056860
v -0.100645 -0.904145 0.060823
v -0.065025 -0.938209 0.000000
v -0.160842 -0.806129 0.166341
v -0.132443 -0.855949 0.116457
v -0.094895 -0.751840 0.153543
v -0.167030 -0.793021 0.000000
v -0.159380 -0.871003 0.059107
v -0.205164 -0.801859 0.055219
v -0.274673 -0.663709 0.354802
v -0.234066 -0.661683 0.293596
v -0.219324 -0.680775 0.354874
v -0.369009 -0.892928 0.263010
v -0.308940 -0.804058 0.295875
v -0.400546 -0.845025 0.318636
v -0.139095 -0.638737 0.225060
v -0.209637 -0.701688 0.252476
v -0.187193 -0.753788 0.212717
v -0.255907 -0.836596 0.117013
v -0.239025 -0.863096 0.181948
v -0.314867 -0.878755 0.188942
v 0.164405 -0.720344 0.376755
v 0.034044 -0.729325 0.382660
v 0.109023 -0.800538 0.419578
v 0.136359 -0.766323 0.333801
v 0.089662 -0.682778 0.242657
v -0.172542 -0.755992 0.395400
v -0.097217 -0.740312 0.263104
v -0.132017 -0.741921 0.323171
v -0.108687 -0.798067 0.418283
v -0.034657 -0.742461 0.389552
v 0.000000 -0.813595 0.109616
v 0.075519 -0.890148 0.246031
v 0.039510 -0.937546 0.191913
v -0.033482 -0.794493 0.162630
v -0.064795 -0.763739 0.211092
v 0.000000 -0.826767 0.361871
v -0.040784 -0.929815 0.329952
v 0.038497 -0.877672 0.311448
v 0.417113 -0.836283 -0.061642
v 0.379211 -0.644015 -0.049252
v 0.242619 -0.724689 -0.050582
v 0.368860 -0.890856 -0.063765
v 0.428361 -0.805849 -0.182427
v 0.425384 -0.903214 -0.132691
v 0.382778 -0.863526 -0.189209
v 0.033483 -0.809245 -0.054177
v 0.087105 -0.782509 -0.052640
v 0.166046 -0.832211 -0.171723
v 0.123438 -0.797755 -0.108539
v 0.092465 -0.732588 -0.149611
v 0.158876 -0.868250 -0.058920
v 0.203998 -0.797302 -0.054905
v 0.280483 -0.677750 -0.362308
v 0.236878 -0.669634 -0.297123
v 0.217798 -0.676038 -0.352405
v 0.316204 -0.765152 -0.225374
v 0.266561 -0.693762 -0.255288
v 0.398118 -0.839902 -0.316705
v 0.175906 -0.807779 -0.284622
v 0.228468 -0.764720 -0.275155
v 0.207768 -0.836639 -0.236098
v 0.226030 -0.738925 -0.103352
v 0.223517 -0.807098 -0.170143
v 0.256512 -0.715894 -0.153925
v -0.431798 -0.733325 -0.056082
v -0.387527 -0.776965 -0.057269
v -0.359080 -0.810065 -0.177495
v -0.379678 -0.806167 -0.118434
v -0.425380 -0.800242 -0.181158
v -0.319539 -0.771738 -0.055239
v -0.242238 -0.723553 -0.050502
v -0.199379 -0.618865 -0.322601
v -0.236658 -0.669011 -0.296847
v -0.275201 -0.664987 -0.355485
v -0.162422 -0.654042 -0.184569
v -0.196321 -0.657117 -0.236438
v -0.142910 -0.656258 -0.231233
v -0.370133 -0.780864 -0.294443
v -0.281956 -0.733829 -0.270032
v -0.324180 -0.784453 -0.231059
v -0.103249 -0.927539 -0.062397
v -0.039513 -0.954982 -0.063934
v -0.180166 -0.704156 -0.048491
v -0.144357 -0.788906 -0.053536
v -0.106694 -0.845320 -0.172634
v -0.124942 -0.807471 -0.109861
v -0.139410 -0.698712 -0.144176
v -0.268750 -0.750048 -0.161268
v -0.186990 -0.675202 -0.142338
v -0.214756 -0.702069 -0.098197
v 0.035901 -0.505344 -0.723674
v 0.000000 -0.623592 -0.793965
v -0.040565 -0.570993 -0.817686
v 0.078006 -0.678305 -0.686386
v 0.040532 -0.659100 -0.747365
v 0.099563 -0.539367 -0.612056
v -0.088691 -0.480474 -0.545226
v -0.035578 -0.578528 -0.656003
v -0.062139 -0.540332 -0.546770
v 0.194578 -0.689433 -0.426093
v 0.170664 -0.693389 -0.488366
v 0.199828 -0.573636 -0.405006
v 0.032514 -0.653495 -0.459198
v 0.103261 -0.704291 -0.495277
v 0.061390 -0.663536 -0.410088
v 0.148711 -0.543092 -0.489412
v 0.143075 -0.691868 -0.551687
v 0.112814 -0.687807 -0.617019
v -0.212179 -0.609090 -0.430037
v -0.165812 -0.673675 -0.474481
v -0.175570 -0.622084 -0.384469
v -0.102648 -0.625824 -0.561416
v -0.143910 -0.695905 -0.554906
v -0.177101 -0.646772 -0.582844
v -0.075401 -0.814973 -0.503681
v -0.110860 -0.756116 -0.531722
v -0.036314 -0.729865 -0.512862
v 0.035873 -0.655689 -0.588670
v 0.000000 -0.634703 -0.504570
v -0.032604 -0.595929 -0.535018
v 0.000000 -0.921553 -0.124161
v -0.077615 -0.914850 -0.252858
v -0.040979 -0.972399 -0.199047
v 0.035375 -0.839412 -0.171825
v 0.063144 -0.744282 -0.205714
v -0.148617 -0.651166 -0.340574
v -0.040287 -0.863071 -0.452834
v -0.108537 -0.796967 -0.417706
v -0.126597 -0.711460 -0.309903
v -0.105630 -0.804376 -0.285872
v 0.176111 -0.771631 -0.403579
v 0.091806 -0.699104 -0.248459
v 0.131184 -0.737238 -0.321131
v 0.093269 -0.684859 -0.358948
v 0.034128 -0.731140 -0.383613
v -0.041130 -0.937695 -0.332748
v 0.000000 -0.867448 -0.379677
v 0.035783 -0.815795 -0.289491
v 0.451981 -0.677416 -0.087220
v 0.511019 -0.731801 -0.036304
v 0.383679 -0.631863 -0.180520
v 0.392327 -0.616005 -0.127924
v 0.468693 -0.531857 -0.086517
v 0.529616 -0.703463 -0.131238
v 0.499085 -0.589693 -0.147412
v 0.376753 -0.773719 -0.478185
v 0.419255 -0.810083 -0.430894
v 0.460512 -0.613918 -0.321834
v 0.383739 -0.609714 -0.322218
v 0.407271 -0.565347 -0.349404
v 0.431939 -0.788771 -0.353713
v 0.411995 -0.713880 -0.262826
v 0.634198 -0.447764 -0.220925
v 0.711527 -0.586561 -0.295548
v 0.642150 -0.466538 -0.288336
v 0.486210 -0.509108 -0.165537
v 0.620638 -0.577853 -0.235307
v 0.705257 -0.635548 -0.193115
v 0.457828 -0.455990 -0.281817
v 0.516537 -0.497200 -0.254643
v 0.503651 -0.566976 -0.294122
v 0.418618 -0.606768 -0.215272
v 0.517210 -0.660446 -0.285450
v 0.532181 -0.652837 -0.222288
v 0.052386 -0.403347 -0.685006
v 0.080192 -0.415559 -0.622828
v 0.197574 -0.419927 -0.691557
v 0.149541 -0.458626 -0.720104
v 0.160122 -0.375984 -0.707316
v 0.105673 -0.426447 -0.566429
v 0.131310 -0.444571 -0.525282
v 0.380704 -0.299949 -0.615992
v 0.390170 -0.379631 -0.733522
v 0.358431 -0.277482 -0.670497
v 0.318367 -0.455551 -0.607305
v 0.405483 -0.482902 -0.767271
v 0.443160 -0.516555 -0.717048
v 0.302692 -0.380503 -0.802740
v 0.356841 -0.435759 -0.795748
v 0.229358 -0.359531 -0.622974
v 0.251521 -0.605533 -0.499182
v 0.308371 -0.686769 -0.498955
v 0.163453 -0.480091 -0.502701
v 0.202279 -0.533526 -0.496746
v 0.344421 -0.559533 -0.557286
v 0.327495 -0.664315 -0.639446
v 0.319686 -0.547426 -0.616255
v 0.239756 -0.466229 -0.675779
v 0.282702 -0.512231 -0.654088
v 0.226638 -0.542594 -0.665611
v 0.688659 -0.052666 -0.405498
v 0.760328 -0.097896 -0.507302
v 0.664256 -0.032953 -0.463852
v 0.741442 -0.211826 -0.450217
v 0.834774 -0.173355 -0.531659
v 0.841133 -0.190415 -0.447117
v 0.662997 -0.107849 -0.584258
v 0.772737 -0.144161 -0.581770
v 0.591596 -0.147887 -0.500696
v 0.669388 -0.413705 -0.325950
v 0.802330 -0.426770 -0.415243
v 0.831475 -0.444485 -0.344101
v 0.628896 -0.329686 -0.471747
v 0.727663 -0.384551 -0.457973
v 0.563185 -0.348067 -0.405713
v 0.685856 -0.258618 -0.325099
v 0.769881 -0.345242 -0.421595
v 0.668946 -0.246283 -0.386063
v 0.431049 -0.212678 -0.610523
v 0.431001 -0.217166 -0.522825
v 0.501082 -0.309686 -0.689698
v 0.645570 -0.209907 -0.616534
v 0.537195 -0.218750 -0.576969
v 0.594788 -0.180730 -0.660026
v 0.529081 -0.326990 -0.531214
v 0.462015 -0.236623 -0.479984
v 0.530238 -0.275064 -0.471016
v 0.669133 -0.237398 -0.461644
v 0.733528 -0.317036 -0.574442
v 0.667924 -0.227425 -0.544479
v 0.401201 -0.711820 -0.519847
v 0.404853 -0.532369 -0.540168
v 0.358858 -0.548828 -0.472636
v 0.373487 -0.542264 -0.398705
v 0.497798 -0.603405 -0.447356
v 0.420634 -0.324632 -0.575969
v 0.548302 -0.410949 -0.540386
v 0.478261 -0.363130 -0.555361
v 0.400647 -0.375306 -0.544905
v 0.473313 -0.526681 -0.638415
v 0.656415 -0.479385 -0.369974
v 0.447557 -0.454113 -0.340355
v 0.579042 -0.498654 -0.378614
v 0.651893 -0.479311 -0.448995
v 0.615113 -0.456037 -0.507458
v 0.477039 -0.513481 -0.536004
v 0.424897 -0.378155 -0.407043
v 0.462470 -0.482755 -0.429648
v 0.469366 -0.597602 0.000000
v 0.615564 -0.622898 -0.070791
v 0.473732 -0.537173 -0.029133
v 0.500617 -0.567657 0.030786
v 0.662366 -0.670258 0.076173
v 0.809453 -0.500270 -0.228452
v 0.667143 -0.469880 -0.164204
v 0.780898 -0.548722 -0.038853
v 0.723039 -0.508461 -0.106010
v 0.830706 -0.513405 -0.076856
v 0.655136 -0.522397 -0.135479
v 0.716274 -0.642557 -0.117484
v 0.781783 -0.550623 0.192421
v 0.667203 -0.412354 0.188304
v 0.590904 -0.530089 0.096920
v 0.703806 -0.561206 0.145544
v 0.731709 -0.452221 0.067697
v 0.817812 -0.575109 0.119906
v 0.818175 -0.574916 0.040708
v 0.689999 -0.619474 -0.037750
v 0.636268 -0.505815 0.000000
v 0.640498 -0.575032 0.035042
v 0.858008 0.000000 -0.451473
v 0.778204 -0.057361 -0.388145
v 0.844600 -0.058951 -0.282764
v 0.856581 -0.061312 -0.354668
v 0.714919 0.000000 -0.257717
v 0.681079 -0.100057 -0.320766
v 0.760931 -0.166729 -0.337300
v 0.723993 -0.048470 -0.029956
v 0.687563 -0.046253 -0.076536
v 0.868160 0.000000 -0.060170
v 0.769253 -0.158732 -0.153484
v 0.840545 -0.114361 -0.130060
v 0.843307 -0.172223 -0.106440
v 0.721943 0.000000 -0.152059
v 0.699131 -0.047444 -0.127930
v 0.765385 -0.052707 -0.195832
v 0.682257 -0.302725 -0.241344
v 0.789714 -0.411662 -0.254421
v 0.859141 -0.253058 -0.355046
v 0.761477 -0.280206 -0.292579
v 0.857966 -0.302305 -0.186835
v 0.842737 -0.303227 -0.251777
v 0.731644 -0.206468 -0.181694
v 0.830503 -0.116161 -0.254043
v 0.691901 -0.145858 -0.191615
v 0.686182 -0.147537 -0.245866
v 0.855838 -0.063083 0.426866
v 0.771843 0.000000 0.406134
v 0.727542 -0.159413 0.322500
v 0.716377 -0.105243 0.337390
v 0.766115 0.000000 0.276172
v 0.860032 -0.061559 0.356097
v 0.862061 -0.060170 0.288609
v 0.840559 -0.438166 0.270801
v 0.745805 -0.330921 0.263824
v 0.857385 -0.241952 0.212920
v 0.704699 -0.253559 0.210537
v 0.691799 -0.243756 0.150650
v 0.714258 -0.262831 0.274437
v 0.858703 -0.252929 0.354865
v 0.875727 0.000000 0.060694
v 0.829649 -0.055812 0.092352
v 0.787492 -0.052721 0.032583
v 0.861318 -0.059314 0.220377
v 0.853231 -0.057901 0.156128
v 0.807422 0.000000 0.170063
v 0.807171 -0.164843 0.101879
v 0.685406 -0.093253 0.106054
v 0.769837 -0.158853 0.153601
v 0.732908 -0.157583 0.262609
v 0.746636 -0.157397 0.206773
v 0.707548 -0.098963 0.216432
v 0.735449 -0.384655 -0.167853
v 0.819471 -0.291237 -0.107612
v 0.765308 -0.333358 -0.136178
v 0.691759 -0.362564 -0.094209
v 0.682409 -0.358044 -0.031854
v 0.712002 -0.095928 0.000000
v 0.809571 -0.223760 0.068683
v 0.856891 -0.175403 0.036111
v 0.876619 -0.179441 -0.036943
v 0.693404 -0.191652 -0.058828
v 0.813474 -0.425464 0.185661
v 0.712533 -0.373850 0.033260
v 0.763747 -0.400295 0.104013
v 0.813015 -0.354139 0.144667
v 0.677067 -0.240627 0.088912
v 0.750653 -0.266375 -0.032926
v 0.696468 -0.247147 0.030549
v 0.859400 -0.376154 0.000000
v 0.059979 -0.405861 0.813723
v 0.165795 -0.335411 0.756669
v 0.095249 -0.305350 0.648348
v 0.051584 -0.298394 0.720670
v 0.061640 -0.295660 0.883122
v 0.430183 -0.265868 0.825244
v 0.365534 -0.291418 0.823811
v 0.229554 -0.202009 0.813449
v 0.299931 -0.249040 0.833577
v 0.301424 -0.186290 0.855465
v 0.250448 -0.261507 0.680607
v 0.225920 -0.316971 0.767007
v 0.061082 -0.101074 0.908003
v 0.063667 -0.039349 0.951004
v 0.061742 -0.229399 0.896579
v 0.051994 -0.140200 0.766186
v 0.167990 -0.103824 0.822582
v 0.115528 -0.131387 0.849126
v 0.166961 -0.161441 0.809131
v 0.165700 -0.276136 0.770660
v 0.137423 -0.180533 0.651885
v 0.114982 -0.251466 0.822079
v 0.767721 0.000000 0.602980
v 0.566455 0.064377 0.559785
v 0.668054 0.036231 0.589156
v 0.722932 -0.039207 0.637553
v 0.558335 -0.063454 0.551761
v 0.381396 0.174167 0.617112
v 0.396274 0.138482 0.562635
v 0.500959 0.035471 0.712926
v 0.468728 0.097726 0.666537
v 0.482966 0.072300 0.781456
v 0.425664 0.110392 0.533824
v 0.480647 0.087880 0.535789
v 0.465521 -0.162681 0.660954
v 0.379805 -0.173441 0.614538
v 0.497722 -0.091002 0.554823
v 0.540904 -0.140278 0.678345
v 0.438583 -0.065656 0.709643
v 0.484076 -0.100926 0.688362
v 0.400986 -0.028392 0.570651
v 0.601729 0.036669 0.670234
v 0.518503 0.000000 0.652230
v 0.538027 -0.032787 0.599280
v 0.062958 0.426022 0.854145
v 0.053386 0.256072 0.764875
v 0.062754 0.363009 0.876725
v 0.109792 0.351973 0.747342
v 0.145573 0.294501 0.664378
v 0.052128 0.032217 0.778642
v 0.059862 0.099054 0.889857
v 0.137045 0.132514 0.664152
v 0.116677 0.132694 0.857569
v 0.158906 0.098209 0.778098
v 0.064714 0.174498 0.953624
v 0.054872 0.203876 0.796824
v 0.312011 0.248747 0.703186
v 0.355939 0.219983 0.682819
v 0.191668 0.268914 0.650719
v 0.250830 0.261906 0.681646
v 0.312768 0.193301 0.887661
v 0.292651 0.242996 0.813346
v 0.234961 0.206768 0.832611
v 0.106499 0.232912 0.761422
v 0.164380 0.215946 0.779760
v 0.174129 0.290182 0.809863
v 0.359830 -0.157020 0.687984
v 0.408078 -0.036305 0.777769
v 0.445376 -0.115726 0.849760
v 0.319835 -0.130654 0.734262
v 0.259359 -0.095833 0.729773
v 0.403115 0.175908 0.770743
v 0.267138 0.098708 0.751664
v 0.395665 0.161631 0.908350
v 0.452448 0.117564 0.863253
v 0.377038 0.033544 0.718610
v 0.096235 0.000000 0.714283
v 0.191306 -0.058721 0.692150
v 0.138564 -0.028527 0.676923
v 0.173761 0.035773 0.848870
v 0.216359 0.066411 0.782792
v 0.358208 0.000000 0.818398
v 0.288376 0.035645 0.812654
v 0.322102 -0.039814 0.907695
v -0.392357 -0.588053 0.075714
v -0.438483 -0.722116 0.206304
v -0.397301 -0.623815 0.129545
v -0.413173 -0.548798 0.102383
v -0.467166 -0.551979 0.137984
v -0.336371 -0.690789 0.426931
v -0.338655 -0.654349 0.348057
v -0.454045 -0.605297 0.317314
v -0.399394 -0.634587 0.335362
v -0.383829 -0.532807 0.329293
v -0.413717 -0.755497 0.338791
v -0.463987 -0.803969 0.295994
v -0.700602 -0.577554 0.291010
v -0.652748 -0.474237 0.293095
v -0.564796 -0.591395 0.192292
v -0.664150 -0.618366 0.251804
v -0.489513 -0.487548 0.301321
v -0.609774 -0.586947 0.300607
v -0.522954 -0.588706 0.305394
v -0.484267 -0.701924 0.249032
v -0.521101 -0.665414 0.287597
v -0.507308 -0.622325 0.211899
v -0.099079 -0.513435 0.769521
v -0.206359 -0.438598 0.722307
v -0.154392 -0.473503 0.743462
v -0.116157 -0.468758 0.622628
v -0.136724 -0.462901 0.546939
v -0.373986 -0.294656 0.605122
v -0.354152 -0.344586 0.665808
v -0.387994 -0.555180 0.740123
v -0.353752 -0.421294 0.669384
v -0.445407 -0.519173 0.720683
v -0.315971 -0.385851 0.704609
v -0.263456 -0.412982 0.715590
v -0.243786 -0.586911 0.483831
v -0.335104 -0.746306 0.542210
v -0.204954 -0.601986 0.630337
v -0.204943 -0.540552 0.503289
v -0.324806 -0.527665 0.525546
v -0.262762 -0.533006 0.513052
v -0.333273 -0.570693 0.642447
v -0.204642 -0.397946 0.576806
v -0.300837 -0.545090 0.696047
v -0.208306 -0.498706 0.611773
v -0.707980 -0.091155 0.472374
v -0.719456 -0.205544 0.436867
v -0.835288 -0.173461 0.531986
v -0.678643 -0.126607 0.510930
v -0.625896 -0.156462 0.529725
v -0.643267 -0.397561 0.313231
v -0.765875 -0.407379 0.396375
v -0.590239 -0.309420 0.442749
v -0.760056 -0.401670 0.478361
v -0.681572 -0.421234 0.490998
v -0.811114 -0.363732 0.444174
v -0.690985 -0.254397 0.398782
v -0.424584 -0.213933 0.515041
v -0.392189 -0.242386 0.539816
v -0.553740 -0.180049 0.528834
v -0.481565 -0.196097 0.517220
v -0.524191 -0.323968 0.526305
v -0.587178 -0.300726 0.610014
v -0.577068 -0.299357 0.512616
v -0.684941 -0.243006 0.472550
v -0.634849 -0.274387 0.497165
v -0.740546 -0.252153 0.603679
v -0.409149 -0.725921 0.530145
v -0.388556 -0.510939 0.518424
v -0.433292 -0.662665 0.570668
v -0.427473 -0.620646 0.456337
v -0.422714 -0.512391 0.379880
v -0.466109 -0.359728 0.638237
v -0.437347 -0.327790 0.431033
v -0.484754 -0.368059 0.562900
v -0.470772 -0.440995 0.640279
v -0.386347 -0.429910 0.521115
v -0.576334 -0.420901 0.324838
v -0.442281 -0.448760 0.336343
v -0.499804 -0.430417 0.326803
v -0.634852 -0.466782 0.437258
v -0.592858 -0.439537 0.489097
v -0.441618 -0.475354 0.496205
v -0.505553 -0.449938 0.484310
v -0.511884 -0.534337 0.475555
v -0.097441 -0.504947 -0.756799
v -0.137171 -0.464414 -0.548727
v -0.107585 -0.434164 -0.576678
v -0.137851 -0.422773 -0.663810
v -0.176224 -0.374550 -0.616829
v -0.270490 -0.602406 -0.437663
v -0.254893 -0.613652 -0.505875
v -0.356864 -0.611090 -0.687924
v -0.306087 -0.620889 -0.597645
v -0.359869 -0.584628 -0.582280
v -0.241233 -0.636268 -0.592406
v -0.199494 -0.585949 -0.613544
v -0.345235 -0.335909 -0.649043
v -0.375513 -0.295859 -0.607592
v -0.231116 -0.362287 -0.627749
v -0.293007 -0.357808 -0.653400
v -0.445466 -0.519243 -0.720779
v -0.370003 -0.440648 -0.700135
v -0.385398 -0.551465 -0.735170
v -0.208920 -0.500177 -0.613577
v -0.299727 -0.543080 -0.693480
v -0.211177 -0.410654 -0.595225
v -0.469052 -0.703001 -0.090514
v -0.544254 -0.643062 -0.160753
v -0.505161 -0.670981 -0.125178
v -0.467981 -0.734792 -0.152591
v -0.458294 -0.754743 -0.215626
v -0.620190 -0.450583 -0.278476
v -0.623740 -0.514192 -0.259084
v -0.511374 -0.575670 -0.298632
v -0.570533 -0.549175 -0.281262
v -0.516044 -0.513971 -0.317652
v -0.613582 -0.571284 -0.232632
v -0.584720 -0.612257 -0.199076
v -0.364301 -0.703902 -0.374415
v -0.315343 -0.647604 -0.400241
v -0.438740 -0.760222 -0.279888
v -0.407894 -0.744862 -0.334022
v -0.428958 -0.595452 -0.368010
v -0.426601 -0.677817 -0.358208
v -0.465537 -0.620617 -0.325346
v -0.523726 -0.642465 -0.218757
v -0.497137 -0.634813 -0.274371
v -0.479683 -0.695281 -0.246675
v -0.802205 -0.103287 -0.535243
v -0.619984 -0.154984 -0.524722
v -0.713556 -0.133120 -0.537215
v -0.681314 -0.141486 -0.433921
v -0.708384 -0.202381 -0.430144
v -0.395292 -0.244304 -0.544086
v -0.419852 -0.211549 -0.509301
v -0.650331 -0.337363 -0.577696
v -0.527145 -0.269980 -0.547647
v -0.583147 -0.360405 -0.585498
v -0.465544 -0.189574 -0.500014
v -0.532367 -0.173099 -0.508423
v -0.711188 -0.378290 -0.368072
v -0.638730 -0.394757 -0.311022
v -0.815457 -0.300223 -0.470617
v -0.806424 -0.361629 -0.441606
v -0.619954 -0.383153 -0.446609
v -0.720049 -0.380527 -0.453181
v -0.712558 -0.373544 -0.534503
v -0.611498 -0.208213 -0.498482
v -0.709354 -0.306588 -0.555511
v -0.730200 -0.259063 -0.503775
v -0.336551 -0.597116 -0.436078
v -0.413784 -0.501566 -0.371855
v -0.383678 -0.557061 -0.409585
v -0.356005 -0.544465 -0.468878
v -0.389014 -0.511542 -0.519035
v -0.574595 -0.419630 -0.323857
v -0.511137 -0.378950 -0.421679
v -0.530190 -0.389828 -0.365171
v -0.510619 -0.439731 -0.333875
v -0.453851 -0.460499 -0.345142
v -0.455312 -0.351395 -0.623453
v -0.445339 -0.495554 -0.600684
v -0.485072 -0.454391 -0.659728
v -0.521951 -0.396302 -0.606094
v -0.523446 -0.392320 -0.515889
v -0.404700 -0.422451 -0.375978
v -0.436934 -0.388868 -0.418575
v -0.403824 -0.434674 -0.453740
v 0.635709 0.000000 -0.499295
v 0.610371 -0.069367 -0.603184
v 0.720067 -0.039052 -0.635027
v 0.591540 0.032081 -0.521678
v 0.535792 0.060892 -0.529484
v 0.421723 -0.192583 -0.682363
v 0.417566 -0.145923 -0.592867
v 0.425612 -0.030136 -0.605698
v 0.512737 -0.106902 -0.729119
v 0.487212 -0.072935 -0.788326
v 0.548047 -0.142131 -0.687303
v 0.490321 -0.089649 -0.546573
v 0.411607 0.143840 -0.584406
v 0.406370 0.185572 -0.657521
v 0.476589 0.087139 -0.531266
v 0.433324 0.112379 -0.543430
v 0.408175 0.061104 -0.660440
v 0.510816 0.106501 -0.726388
v 0.439995 0.031154 -0.626166
v 0.543062 -0.033094 -0.604888
v 0.482945 0.000000 -0.607501
v 0.598868 0.036495 -0.667048
v 0.060549 -0.409717 -0.821455
v 0.055823 -0.267761 -0.799787
v 0.064340 -0.372185 -0.898886
v 0.117707 -0.377349 -0.801221
v 0.136769 -0.276689 -0.624195
v 0.052371 -0.032367 -0.782274
v 0.062443 -0.103325 -0.928224
v 0.154646 -0.149533 -0.749449
v 0.112891 -0.128388 -0.829741
v 0.138234 -0.085434 -0.676879
v 0.063051 -0.170014 -0.929118
v 0.052931 -0.196663 -0.768632
v 0.311884 -0.248646 -0.702899
v 0.424352 -0.262264 -0.814058
v 0.220997 -0.310063 -0.750291
v 0.304485 -0.317931 -0.827457
v 0.271330 -0.167691 -0.770057
v 0.256804 -0.213231 -0.713718
v 0.202224 -0.177959 -0.716605
v 0.100421 -0.219620 -0.717971
v 0.177112 -0.232672 -0.840156
v 0.151604 -0.252644 -0.705098
v 0.057011 0.385779 -0.773461
v 0.173214 0.350419 -0.790527
v 0.114949 0.368507 -0.782447
v 0.052592 0.304228 -0.734761
v 0.063730 0.305686 -0.913068
v 0.396278 0.244913 -0.760203
v 0.364210 0.290363 -0.820828
v 0.196740 0.173132 -0.697169
v 0.291456 0.242003 -0.810023
v 0.252397 0.155990 -0.716324
v 0.307351 0.320923 -0.835245
v 0.239989 0.336710 -0.814772
v 0.063422 0.104945 -0.942779
v 0.061408 0.037952 -0.917251
v 0.059037 0.219349 -0.857301
v 0.052402 0.141300 -0.772198
v 0.143654 0.088783 -0.703418
v 0.096450 0.109690 -0.708904
v 0.175615 0.169809 -0.851070
v 0.141680 0.236105 -0.658941
v 0.153230 0.201298 -0.726868
v 0.114013 0.249347 -0.815151
v 0.420974 -0.183701 -0.804890
v 0.323779 -0.119636 -0.911036
v 0.388382 -0.158656 -0.891629
v 0.364516 -0.094716 -0.695483
v 0.446897 -0.039759 -0.851757
v 0.117988 0.000000 -0.875740
v 0.206665 0.063436 -0.747719
v 0.155392 0.031991 -0.759131
v 0.175258 -0.036081 -0.856183
v 0.243164 -0.074639 -0.879775
v 0.446678 0.194918 -0.854035
v 0.408907 0.036379 -0.779350
v 0.370977 0.096395 -0.707809
v 0.319612 0.130563 -0.733750
v 0.316031 0.116773 -0.889235
v 0.267284 -0.033038 -0.753216
v 0.295197 0.036488 -0.831876
v 0.383550 0.000000 -0.876297
v 0.682720 0.050323 0.340520
v 0.678867 0.047383 0.227278
v 0.681447 0.048776 0.282154
v 0.800589 0.117614 0.377051
v 0.854610 0.187255 0.378826
v 0.737507 0.049374 0.030515
v 0.701272 0.047175 0.078062
v 0.869517 0.179421 0.173489
v 0.759462 0.103329 0.117513
v 0.867603 0.177185 0.109506
v 0.683618 0.046391 0.125091
v 0.678314 0.046711 0.173554
v 0.730500 0.324131 0.258410
v 0.807454 0.420909 0.260136
v 0.746856 0.219985 0.308643
v 0.681048 0.250610 0.261676
v 0.682627 0.240524 0.148652
v 0.680138 0.244722 0.203199
v 0.764435 0.215722 0.189837
v 0.799037 0.111760 0.244417
v 0.862351 0.181791 0.238819
v 0.856191 0.184091 0.306782
v 0.720851 0.053133 -0.359539
v 0.859680 0.188366 -0.381073
v 0.729838 0.107220 -0.343730
v 0.678978 0.048599 -0.281132
v 0.735559 0.051340 -0.246258
v 0.830574 0.432961 -0.267585
v 0.821841 0.364659 -0.290721
v 0.710189 0.200414 -0.176366
v 0.776503 0.279395 -0.231989
v 0.848416 0.298940 -0.184755
v 0.694742 0.255649 -0.266938
v 0.739035 0.217681 -0.305411
v 0.859425 0.057815 -0.095667
v 0.804023 0.053827 -0.033267
v 0.831649 0.057271 -0.212786
v 0.877866 0.059573 -0.160636
v 0.703616 0.143695 -0.088808
v 0.741470 0.100881 -0.114729
v 0.677678 0.139836 -0.135213
v 0.812017 0.174593 -0.290954
v 0.719737 0.151726 -0.199323
v 0.865155 0.121007 -0.264643
v 0.504150 0.641890 0.000000
v 0.594196 0.601275 0.068334
v 0.540010 0.612326 0.033209
v 0.580899 0.658691 -0.035723
v 0.661472 0.669353 -0.076071
v 0.832550 0.514544 0.234970
v 0.795351 0.560180 0.195760
v 0.824326 0.579238 0.041014
v 0.815238 0.573298 0.119528
v 0.832670 0.514619 0.077038
v 0.732082 0.583753 0.151391
v 0.663136 0.594888 0.108768
v 0.656386 0.462304 -0.161556
v 0.693663 0.428707 -0.195772
v 0.709902 0.636841 -0.116439
v 0.694228 0.553569 -0.143563
v 0.735081 0.454305 -0.068009
v 0.731962 0.514736 -0.107318
v 0.800289 0.562348 -0.039818
v 0.700798 0.629169 0.038341
v 0.786719 0.625419 0.000000
v 0.729082 0.654562 -0.039888
v 0.691330 0.093143 0.000000
v 0.859263 0.237495 -0.072899
v 0.780741 0.159815 -0.032902
v 0.842824 0.172523 0.035518
v 0.832496 0.230096 0.070628
v 0.740147 0.387113 -0.168925
v 0.700109 0.367331 -0.032680
v 0.682611 0.357770 -0.092963
v 0.796156 0.346796 -0.141668
v 0.851831 0.302738 -0.111861
v 0.809176 0.423216 0.184680
v 0.691397 0.245720 0.090794
v 0.710179 0.309345 0.126369
v 0.790596 0.414367 0.107669
v 0.751257 0.394167 0.035067
v 0.788528 0.279815 -0.034587
v 0.679017 0.297202 0.000000
v 0.725282 0.257371 0.031813
v -0.416936 0.634208 0.015435
v -0.444748 0.692497 0.043882
v -0.469594 0.778312 0.029921
v -0.405248 0.559173 0.065110
v -0.415535 0.608678 0.054399
v -0.416884 0.562674 0.042726
v -0.470671 0.819390 0.093569
v -0.469599 0.748654 0.076443
v -0.482277 0.787447 0.110619
v -0.607784 0.664278 0.159250
v -0.558004 0.646037 0.133389
v -0.616352 0.660505 0.128636
v -0.410797 0.557578 0.126970
v -0.446921 0.559783 0.121718
v -0.419394 0.536467 0.139280
v -0.535069 0.643034 0.085074
v -0.488649 0.599457 0.104886
v -0.430458 0.559708 0.081253
v -0.364457 0.704551 0.185827
v -0.434094 0.763444 0.194996
v -0.404500 0.730020 0.214354
v -0.478903 0.801218 0.143510
v -0.461088 0.790700 0.171753
v -0.418413 0.766574 0.144924
v -0.478007 0.721373 0.200122
v -0.484624 0.779066 0.192172
v -0.458934 0.677091 0.160802
v -0.413153 0.582674 0.091478
v -0.434190 0.626152 0.123588
v -0.466175 0.714973 0.120329
v -0.786805 0.527630 0.326093
v -0.765308 0.548045 0.304486
v -0.779316 0.515432 0.284766
v -0.552404 0.462504 0.259349
v -0.641145 0.496637 0.277284
v -0.590403 0.464253 0.286924
v -0.747955 0.562560 0.247383
v -0.697009 0.531971 0.265379
v -0.618098 0.501849 0.224443
v -0.438537 0.503304 0.285916
v -0.542345 0.574512 0.325484
v -0.499254 0.538717 0.332946
v -0.606475 0.619956 0.288392
v -0.580324 0.603765 0.311278
v -0.521213 0.575840 0.270605
v -0.584323 0.537711 0.332324
v -0.603485 0.590753 0.333671
v -0.573004 0.518837 0.292054
v -0.573019 0.547350 0.145076
v -0.593234 0.576165 0.181422
v -0.617821 0.635879 0.176162
v -0.568048 0.490268 0.195754
v -0.565034 0.517499 0.184000
v -0.596821 0.506982 0.175206
v -0.598925 0.638209 0.238214
v -0.610689 0.603173 0.220008
v -0.616692 0.619556 0.256856
v -0.561119 0.499809 0.253986
v -0.595222 0.563386 0.258908
v -0.557262 0.488508 0.221582
v -0.312993 0.786229 0.452718
v -0.324110 0.721161 0.414815
v -0.316258 0.729224 0.450685
v -0.332301 0.692197 0.340754
v -0.328986 0.707669 0.377375
v -0.335667 0.781956 0.386443
v -0.343225 0.633320 0.391414
v -0.325891 0.648660 0.372662
v -0.363484 0.652471 0.374342
v -0.377079 0.699309 0.233550
v -0.356885 0.680250 0.253529
v -0.341436 0.698883 0.236927
v -0.440255 0.731253 0.325554
v -0.393513 0.699647 0.285513
v -0.463880 0.751964 0.303826
v -0.340273 0.740843 0.307864
v -0.343718 0.674028 0.277645
v -0.336349 0.679292 0.306735
v -0.411941 0.524437 0.324120
v -0.449630 0.611424 0.348960
v -0.404383 0.505286 0.287762
v -0.435724 0.709273 0.406290
v -0.478316 0.710251 0.406150
v -0.469602 0.713301 0.440844
v -0.469984 0.668468 0.322062
v -0.478473 0.695097 0.365900
v -0.475254 0.737765 0.357705
v -0.350227 0.657455 0.322044
v -0.413812 0.704517 0.343350
v -0.387465 0.676936 0.358929
v -0.580553 0.645795 0.184944
v -0.494301 0.570276 0.216517
v -0.539831 0.611418 0.203641
v -0.468193 0.563566 0.166380
v -0.409997 0.534818 0.162380
v -0.406155 0.496974 0.259207
v -0.452887 0.629534 0.275194
v -0.417233 0.544189 0.260112
v -0.422132 0.506180 0.239946
v -0.452538 0.532137 0.227223
v -0.449725 0.759393 0.248170
v -0.447654 0.634677 0.197827
v -0.486093 0.750677 0.239752
v -0.480861 0.760503 0.275013
v -0.481691 0.714238 0.284355
v -0.413031 0.516808 0.199605
v -0.432862 0.588801 0.231026
v -0.416165 0.554227 0.192776
v -0.808597 0.019679 0.531582
v -0.840569 0.053265 0.539846
v -0.793434 0.030502 0.478718
v -0.696517 0.081103 0.504785
v -0.795609 0.071105 0.543150
v -0.750678 0.057002 0.556176
v -0.848892 0.096938 0.487617
v -0.828669 0.084614 0.519789
v -0.777978 0.109289 0.476478
v -0.701756 0.168235 0.642075
v -0.712434 0.147098 0.615353
v -0.691809 0.134733 0.645564
v -0.720060 0.163971 0.530506
v -0.721249 0.156827 0.575833
v -0.766162 0.198915 0.598963
v -0.616230 0.081527 0.512765
v -0.660178 0.115510 0.538147
v -0.636043 0.092334 0.489166
v -0.682872 0.180109 0.353243
v -0.690077 0.176257 0.392378
v -0.744532 0.218616 0.412542
v -0.715199 0.128103 0.427488
v -0.678430 0.147366 0.395619
v -0.745296 0.140902 0.406799
v -0.774441 0.214844 0.513171
v -0.700757 0.172855 0.435911
v -0.711936 0.169077 0.482552
v -0.659610 0.103557 0.467705
v -0.664929 0.131242 0.461079
v -0.686440 0.115527 0.447571
v -0.384205 0.237451 0.572927
v -0.418347 0.232428 0.584193
v -0.397490 0.219605 0.600991
v -0.480517 0.269450 0.573918
v -0.445953 0.248986 0.575713
v -0.407756 0.252007 0.518553
v -0.519030 0.228241 0.690080
v -0.493904 0.246390 0.647133
v -0.538972 0.241045 0.663820
v -0.648981 0.368672 0.565467
v -0.608949 0.344994 0.574854
v -0.557613 0.344624 0.516765
v -0.589415 0.274185 0.576598
v -0.621528 0.320436 0.597397
v -0.600482 0.282185 0.543517
v -0.466942 0.288586 0.507419
v -0.565116 0.319191 0.577295
v -0.521326 0.293455 0.575753
v -0.546528 0.144858 0.572157
v -0.504001 0.158699 0.518932
v -0.603287 0.167133 0.586154
v -0.517012 0.206432 0.599035
v -0.478732 0.170216 0.522706
v -0.466139 0.161092 0.548741
v -0.526882 0.196661 0.494451
v -0.499109 0.182050 0.505328
v -0.535747 0.222110 0.533270
v -0.559936 0.284541 0.628623
v -0.574913 0.264205 0.607400
v -0.557888 0.253052 0.636407
v -0.677582 0.390158 0.269742
v -0.689035 0.396336 0.309671
v -0.744894 0.460370 0.323054
v -0.685874 0.337642 0.329266
v -0.661147 0.352566 0.307358
v -0.715273 0.353488 0.307042
v -0.759118 0.469161 0.411400
v -0.702533 0.403612 0.352957
v -0.714275 0.409801 0.397914
v -0.811513 0.271023 0.437582
v -0.841520 0.313634 0.441493
v -0.791843 0.268441 0.386851
v -0.676953 0.301380 0.407563
v -0.783883 0.319888 0.440892
v -0.742927 0.300174 0.458305
v -0.840064 0.349096 0.385845
v -0.817026 0.336549 0.416639
v -0.751894 0.339519 0.372298
v -0.655424 0.405075 0.514830
v -0.706051 0.402967 0.519216
v -0.682970 0.388954 0.546584
v -0.720613 0.412785 0.442690
v -0.718478 0.410855 0.483857
v -0.729476 0.450841 0.480251
v -0.621897 0.299624 0.437240
v -0.669611 0.352484 0.460929
v -0.630424 0.305661 0.406106
v -0.661800 0.324172 0.352541
v -0.643275 0.313503 0.377840
v -0.661744 0.350875 0.378770
v -0.665227 0.190509 0.598022
v -0.563432 0.213918 0.488370
v -0.605910 0.201806 0.534967
v -0.721301 0.212948 0.599234
v -0.766612 0.232756 0.587692
v -0.660611 0.344555 0.539889
v -0.612078 0.267563 0.440330
v -0.615086 0.294000 0.471590
v -0.608543 0.288469 0.507498
v -0.565426 0.241437 0.480847
v -0.819325 0.267756 0.485218
v -0.798593 0.248919 0.563267
v -0.815759 0.260538 0.528236
v -0.802964 0.290368 0.507709
v -0.699531 0.278500 0.471772
v -0.606068 0.234079 0.484367
v -0.652451 0.256000 0.479655
v -0.718499 0.249915 0.539516
v -0.018905 0.510658 0.776769
v -0.052217 0.529224 0.824031
v -0.032777 0.514410 0.852591
v -0.088333 0.549786 0.758611
v -0.070783 0.540692 0.792008
v -0.054478 0.531543 0.717431
v -0.084636 0.425736 0.741164
v -0.082065 0.504135 0.803713
v -0.100866 0.439755 0.718018
v -0.154005 0.587766 0.642400
v -0.137617 0.575691 0.666515
v -0.116885 0.560045 0.600164
v -0.147083 0.475870 0.645901
v -0.149213 0.547876 0.686232
v -0.162291 0.488682 0.625097
v -0.086643 0.544942 0.654899
v -0.121496 0.566036 0.694391
v -0.105299 0.557850 0.725350
v -0.196910 0.386193 0.746571
v -0.164858 0.367003 0.645450
v -0.216631 0.408796 0.737773
v -0.111441 0.371888 0.622179
v -0.128185 0.344125 0.590126
v -0.115336 0.332988 0.610067
v -0.156841 0.374626 0.565358
v -0.141927 0.357914 0.575371
v -0.139097 0.396988 0.585699
v -0.116729 0.527196 0.743510
v -0.131940 0.463531 0.668465
v -0.116614 0.451782 0.692899
v -0.302251 0.729276 0.489052
v -0.286880 0.721054 0.516355
v -0.273990 0.749825 0.495927
v -0.275207 0.586181 0.490784
v -0.283438 0.655376 0.507660
v -0.289232 0.595150 0.467986
v -0.228514 0.690904 0.519650
v -0.268941 0.706362 0.539109
v -0.249493 0.687082 0.557859
v -0.395418 0.606490 0.696063
v -0.357045 0.594933 0.630219
v -0.416290 0.624229 0.673572
v -0.241980 0.508872 0.520183
v -0.285260 0.531818 0.553300
v -0.260918 0.502555 0.555227
v -0.335549 0.589994 0.542930
v -0.310270 0.561161 0.549323
v -0.280408 0.550155 0.498148
v -0.148623 0.587030 0.560734
v -0.190231 0.622039 0.604141
v -0.172137 0.603706 0.621352
v -0.229195 0.665090 0.574022
v -0.209365 0.642926 0.588839
v -0.185464 0.631764 0.536665
v -0.212219 0.533567 0.568564
v -0.218200 0.605671 0.598217
v -0.228586 0.548818 0.551367
v -0.260409 0.575308 0.512447
v -0.244781 0.562746 0.532647
v -0.252996 0.636266 0.557764
v -0.413296 0.285738 0.717765
v -0.450919 0.352319 0.783929
v -0.419589 0.294436 0.678909
v -0.363459 0.354442 0.738318
v -0.428855 0.373866 0.804207
v -0.408801 0.355087 0.827196
v -0.460118 0.403471 0.744487
v -0.445867 0.389909 0.776082
v -0.401177 0.389541 0.699244
v -0.261980 0.422982 0.784438
v -0.278373 0.391857 0.746910
v -0.253354 0.365109 0.747341
v -0.325623 0.440347 0.731407
v -0.302829 0.417379 0.742078
v -0.314286 0.479851 0.777854
v -0.281568 0.311208 0.677563
v -0.280856 0.347694 0.681824
v -0.303651 0.332967 0.672460
v -0.385047 0.489375 0.623018
v -0.375968 0.484428 0.658744
v -0.401411 0.564091 0.704845
v -0.357257 0.383139 0.623675
v -0.350050 0.412247 0.612145
v -0.370596 0.394772 0.599637
v -0.363202 0.530019 0.753858
v -0.362898 0.474548 0.689396
v -0.346028 0.459740 0.713682
v -0.324082 0.352444 0.661617
v -0.321404 0.387363 0.659487
v -0.341987 0.369176 0.644983
v -0.182782 0.573767 0.638247
v -0.204636 0.467178 0.538984
v -0.195223 0.517516 0.586144
v -0.178520 0.502355 0.604687
v -0.169699 0.428477 0.558924
v -0.372346 0.583435 0.713895
v -0.320445 0.527358 0.733051
v -0.347038 0.556665 0.726049
v -0.303257 0.533513 0.639738
v -0.237888 0.473779 0.557114
v -0.240571 0.435954 0.736139
v -0.174628 0.395158 0.560250
v -0.202519 0.410603 0.634097
v -0.266246 0.465531 0.736258
v -0.292962 0.496272 0.735858
v -0.215284 0.445475 0.557404
v -0.250525 0.469396 0.638495
v -0.194078 0.418976 0.557971
v -0.775951 0.520962 0.363370
v -0.718580 0.483826 0.417910
v -0.752800 0.506101 0.394467
v -0.678116 0.493929 0.342685
v -0.558433 0.440779 0.304372
v -0.527999 0.358441 0.443383
v -0.576044 0.390125 0.443899
v -0.502805 0.402760 0.371632
v -0.509298 0.375987 0.384591
v -0.497141 0.400638 0.402563
v -0.626398 0.423316 0.441488
v -0.674948 0.455256 0.433471
v -0.562529 0.565395 0.386057
v -0.464964 0.507136 0.345245
v -0.541920 0.463778 0.318918
v -0.585134 0.542466 0.371638
v -0.566770 0.533971 0.440716
v -0.579354 0.541336 0.408280
v -0.544930 0.472337 0.393556
v -0.587300 0.430333 0.366983
v -0.514264 0.409897 0.345395
v -0.532547 0.422388 0.323233
v -0.414589 0.289175 0.617513
v -0.477502 0.412447 0.709188
v -0.463104 0.360953 0.688843
v -0.409276 0.283954 0.561896
v -0.407371 0.281302 0.516107
v -0.386056 0.477541 0.568677
v -0.367742 0.418431 0.542995
v -0.487749 0.450052 0.608905
v -0.413230 0.422687 0.559745
v -0.438005 0.440111 0.543510
v -0.391016 0.407801 0.578602
v -0.442213 0.421052 0.655611
v -0.449868 0.307174 0.447588
v -0.483567 0.329200 0.443355
v -0.412207 0.283456 0.481661
v -0.425973 0.291830 0.459478
v -0.498075 0.411089 0.528669
v -0.446601 0.336830 0.477965
v -0.498213 0.415116 0.574783
v -0.489095 0.417094 0.667495
v -0.495762 0.417748 0.621991
v -0.454262 0.347625 0.572734
v -0.307551 0.656755 0.440935
v -0.380515 0.654281 0.440533
v -0.323218 0.616830 0.414690
v -0.305713 0.604954 0.440639
v -0.325224 0.596692 0.470977
v -0.398289 0.474300 0.321986
v -0.424625 0.551033 0.373186
v -0.448147 0.606327 0.485684
v -0.438033 0.580068 0.428233
v -0.400352 0.494411 0.398437
v -0.469423 0.666034 0.450102
v -0.451830 0.703535 0.474538
v -0.436224 0.635629 0.638867
v -0.422641 0.569197 0.620823
v -0.367506 0.624484 0.534436
v -0.413251 0.650652 0.603207
v -0.417842 0.537353 0.506257
v -0.448336 0.636195 0.594448
v -0.452159 0.626074 0.542671
v -0.427067 0.683455 0.500789
v -0.457153 0.680662 0.542526
v -0.398240 0.656126 0.520404
v -0.460895 0.343511 0.416058
v -0.522953 0.470419 0.548302
v -0.496970 0.406799 0.483057
v -0.495966 0.402761 0.440540
v -0.542368 0.477861 0.473720
v -0.385287 0.466658 0.516947
v -0.384521 0.448183 0.427462
v -0.383680 0.455603 0.468726
v -0.389344 0.425865 0.479444
v -0.463429 0.459412 0.525987
v -0.431101 0.477559 0.355931
v -0.546203 0.520950 0.468618
v -0.496471 0.510771 0.418096
v -0.406272 0.457387 0.371432
v -0.391219 0.447912 0.394640
v -0.491851 0.480916 0.509545
v -0.430627 0.456262 0.440419
v -0.520356 0.502287 0.491120
v -0.467345 0.838958 0.031618
v -0.472587 0.827353 0.000000
v -0.415486 0.785501 0.088037
v -0.445898 0.821255 0.061649
v -0.380532 0.788206 0.000000
v -0.414080 0.808091 0.029915
v -0.352405 0.750704 0.027328
v -0.340516 0.720601 0.186924
v -0.345461 0.709869 0.158076
v -0.334119 0.779493 0.112746
v -0.336951 0.737113 0.134894
v -0.340990 0.821676 0.148055
v -0.359923 0.718790 0.133657
v -0.384210 0.746438 0.111410
v -0.289900 0.900713 0.000000
v -0.310015 0.891873 0.031215
v -0.278101 0.899348 0.031127
v -0.320265 0.749371 0.026919
v -0.316413 0.817612 0.028965
v -0.308721 0.771631 0.000000
v -0.324794 0.900033 0.095127
v -0.323863 0.866163 0.061217
v -0.331206 0.826380 0.088466
v -0.355962 0.734187 0.081046
v -0.330161 0.746774 0.081192
v -0.335041 0.735168 0.053392
v -0.270605 0.770336 0.437848
v -0.294770 0.802431 0.423548
v -0.225471 0.726649 0.318641
v -0.262650 0.776813 0.374510
v -0.199778 0.678539 0.323247
v -0.315960 0.824824 0.402546
v -0.332306 0.834119 0.374566
v -0.140761 0.672628 0.187847
v -0.150405 0.645098 0.204525
v -0.135886 0.700613 0.219868
v -0.244329 0.778451 0.252073
v -0.185390 0.678750 0.217450
v -0.209249 0.726214 0.207101
v -0.152430 0.628926 0.246637
v -0.166530 0.645807 0.229936
v -0.191606 0.675991 0.267906
v -0.345513 0.779943 0.261242
v -0.342102 0.747983 0.222787
v -0.342702 0.828510 0.339934
v -0.346647 0.809158 0.301373
v -0.328157 0.885822 0.258078
v -0.344112 0.862838 0.285667
v -0.307807 0.864632 0.283045
v -0.253288 0.777689 0.311782
v -0.281690 0.826207 0.300609
v -0.313420 0.849149 0.344381
v -0.034590 0.999361 0.000000
v -0.054627 0.987008 0.033028
v -0.020250 0.980366 0.032766
v -0.102729 0.819928 0.027596
v -0.083635 0.926727 0.031078
v -0.089895 0.862967 0.000000
v -0.060569 0.973404 0.098003
v -0.073586 0.965028 0.064762
v -0.090779 0.932797 0.094150
v -0.221929 0.822157 0.028378
v -0.168946 0.724765 0.024803
v -0.194110 0.785751 0.000000
v -0.138107 0.673020 0.068895
v -0.149821 0.683661 0.046734
v -0.170263 0.704095 0.072615
v -0.119940 0.686396 0.000000
v -0.133477 0.678293 0.023049
v -0.115501 0.717242 0.024226
v -0.122408 0.825569 0.198061
v -0.126839 0.779787 0.160073
v -0.133791 0.722228 0.174190
v -0.105744 0.889725 0.120460
v -0.117728 0.837766 0.142434
v -0.096696 0.924665 0.156458
v -0.142836 0.668438 0.114828
v -0.129443 0.731659 0.125019
v -0.132211 0.692177 0.094640
v -0.113664 0.773410 0.052255
v -0.123112 0.729021 0.074304
v -0.111141 0.836344 0.084847
v -0.345925 0.807663 0.207353
v -0.301063 0.876189 0.220352
v -0.341251 0.885641 0.225043
v -0.345036 0.862206 0.187126
v -0.334910 0.898001 0.160466
v -0.147352 0.658980 0.160639
v -0.174548 0.692451 0.120270
v -0.158027 0.664283 0.138541
v -0.179816 0.684487 0.168619
v -0.236655 0.782394 0.194761
v -0.254531 0.863099 0.059835
v -0.314598 0.908678 0.128248
v -0.286666 0.894916 0.093843
v -0.225800 0.804618 0.083694
v -0.197895 0.742703 0.102959
v -0.266499 0.840290 0.178885
v -0.230603 0.791251 0.138686
v -0.294074 0.886438 0.156841
v 0.017294 0.467148 0.710584
v 0.000000 0.484220 0.693423
v 0.033931 0.516095 0.657099
v 0.016409 0.480374 0.648304
v 0.049723 0.485156 0.654821
v -0.017026 0.498437 0.672682
v -0.033499 0.509514 0.648720
v 0.107407 0.620942 0.628341
v 0.095649 0.643409 0.689305
v 0.123676 0.592587 0.635036
v 0.018950 0.635899 0.681070
v 0.058885 0.661402 0.708451
v 0.039713 0.691777 0.700019
v 0.093992 0.591159 0.710442
v 0.077060 0.627374 0.711655
v 0.054981 0.576571 0.692517
v -0.078549 0.528379 0.566071
v -0.092264 0.533398 0.539753
v -0.049370 0.517724 0.621836
v -0.064316 0.523623 0.593966
v -0.033948 0.591353 0.598398
v -0.047662 0.535349 0.573431
v -0.017333 0.581627 0.622944
v 0.017280 0.543613 0.652994
v 0.000000 0.565808 0.641579
v -0.016427 0.516780 0.620762
v 0.245598 0.740768 0.457820
v 0.217698 0.692332 0.457564
v 0.269227 0.736789 0.487305
v 0.130854 0.607339 0.400941
v 0.170326 0.644043 0.425388
v 0.152658 0.652845 0.403481
v 0.207137 0.626273 0.471039
v 0.188554 0.635434 0.448086
v 0.161371 0.579620 0.435169
v 0.018862 0.773573 0.510185
v 0.049650 0.694134 0.457838
v 0.033772 0.731191 0.451901
v 0.078263 0.622436 0.465693
v 0.064454 0.657520 0.462206
v 0.053609 0.703126 0.525761
v 0.086696 0.623097 0.385095
v 0.074739 0.628142 0.414392
v 0.099762 0.598308 0.394829
v 0.130737 0.516382 0.493250
v 0.117109 0.535938 0.481864
v 0.113161 0.575277 0.548061
v 0.139217 0.537109 0.428945
v 0.124678 0.520950 0.441638
v 0.153223 0.521938 0.443370
v 0.084382 0.633528 0.535101
v 0.104199 0.560586 0.474338
v 0.091461 0.589614 0.469434
v 0.112827 0.575515 0.405030
v 0.099960 0.568145 0.425603
v 0.125906 0.555057 0.416279
v -0.215501 0.685344 0.452946
v -0.240338 0.724902 0.448014
v -0.171162 0.614787 0.461571
v -0.192232 0.647827 0.456826
v -0.134997 0.577315 0.356800
v -0.157984 0.597374 0.394563
v -0.122895 0.570395 0.376551
v -0.106315 0.540475 0.514905
v -0.120379 0.550900 0.495317
v -0.090327 0.582301 0.463612
v -0.100729 0.541920 0.458544
v -0.078536 0.589631 0.498025
v -0.135508 0.566200 0.479999
v -0.152223 0.587286 0.469018
v -0.038961 0.843530 0.521330
v -0.058489 0.817699 0.539340
v -0.020203 0.828563 0.546451
v -0.105478 0.632592 0.417453
v -0.087842 0.738262 0.487040
v -0.100066 0.719187 0.444482
v -0.057892 0.759302 0.567766
v -0.073712 0.751963 0.528595
v -0.083389 0.663200 0.496192
v -0.126235 0.556508 0.417367
v -0.101237 0.575404 0.431040
v -0.111860 0.570582 0.401558
v 0.091241 0.650967 0.620353
v 0.057262 0.716231 0.605317
v 0.074598 0.683157 0.613090
v 0.059554 0.709304 0.676078
v 0.020225 0.719164 0.685544
v 0.000000 0.806706 0.566857
v -0.039525 0.761349 0.605250
v -0.020493 0.806272 0.602950
v 0.019817 0.779669 0.583055
v 0.038889 0.749101 0.595514
v -0.075690 0.540014 0.514619
v -0.018904 0.672176 0.640752
v -0.050052 0.596126 0.568202
v -0.064982 0.595096 0.534061
v -0.054399 0.680416 0.575048
v 0.020450 0.767329 0.648436
v -0.020114 0.754707 0.637770
v 0.000000 0.740407 0.664730
v 0.447668 0.783728 0.000000
v 0.433641 0.778453 0.029338
v 0.439350 0.728185 0.027994
v 0.410583 0.874636 0.031840
v 0.425067 0.829533 0.030709
v 0.424634 0.879554 0.000000
v 0.415175 0.722777 0.082536
v 0.420748 0.774934 0.058172
v 0.409251 0.773714 0.086716
v 0.277006 0.895808 0.031005
v 0.319506 0.919176 0.032171
v 0.289054 0.898084 0.000000
v 0.357396 0.891725 0.095462
v 0.341957 0.914554 0.064637
v 0.326282 0.904156 0.095562
v 0.371705 0.929057 0.000000
v 0.357325 0.923327 0.032711
v 0.387958 0.907764 0.032609
v 0.385411 0.745059 0.196511
v 0.380680 0.782238 0.174191
v 0.372151 0.787546 0.204290
v 0.398856 0.774893 0.115658
v 0.389496 0.777850 0.144639
v 0.398263 0.729658 0.137945
v 0.354272 0.853682 0.153823
v 0.375134 0.820640 0.150179
v 0.367877 0.858249 0.124137
v 0.396098 0.869143 0.063122
v 0.381786 0.863542 0.093887
v 0.398818 0.822578 0.090803
v 0.018707 0.905620 0.030268
v 0.045652 0.824834 0.027601
v 0.031132 0.899454 0.000000
v 0.073083 0.750959 0.075797
v 0.058907 0.772528 0.051844
v 0.048805 0.784333 0.078968
v 0.077828 0.747124 0.000000
v 0.068583 0.759942 0.025485
v 0.091222 0.728085 0.024505
v 0.149931 0.809351 0.195202
v 0.128979 0.792946 0.162775
v 0.116060 0.782755 0.187789
v 0.153842 0.805422 0.110124
v 0.141608 0.800416 0.136767
v 0.177583 0.831048 0.142762
v 0.079228 0.757626 0.128194
v 0.108544 0.772410 0.131322
v 0.089705 0.754775 0.102189
v 0.198397 0.803104 0.000000
v 0.188236 0.807519 0.027635
v 0.230789 0.854980 0.029510
v 0.117798 0.731505 0.024708
v 0.149975 0.762134 0.025899
v 0.125736 0.719569 0.000000
v 0.204635 0.846236 0.087275
v 0.177309 0.809097 0.055309
v 0.165878 0.808357 0.082749
v 0.099585 0.749384 0.076025
v 0.130443 0.772432 0.078728
v 0.108978 0.741525 0.050101
v 0.316063 0.793941 0.457158
v 0.294479 0.801637 0.423129
v 0.274579 0.781647 0.444278
v 0.323968 0.813190 0.365168
v 0.310707 0.811111 0.395853
v 0.344200 0.801833 0.396266
v 0.233663 0.793629 0.378075
v 0.273110 0.807748 0.389423
v 0.252272 0.813020 0.356515
v 0.363125 0.793950 0.236479
v 0.354408 0.800022 0.267968
v 0.373749 0.765025 0.259349
v 0.298440 0.838322 0.274433
v 0.328888 0.824665 0.273028
v 0.312016 0.842250 0.245383
v 0.361146 0.786289 0.326749
v 0.345242 0.805877 0.300151
v 0.335336 0.810701 0.332627
v 0.155454 0.801508 0.251531
v 0.191760 0.822471 0.260760
v 0.171447 0.819260 0.228797
v 0.231784 0.817742 0.324084
v 0.211787 0.821316 0.292425
v 0.194350 0.801890 0.314466
v 0.244458 0.848410 0.241948
v 0.228414 0.836268 0.267914
v 0.264220 0.841827 0.272595
v 0.303982 0.823579 0.334011
v 0.284085 0.833230 0.303164
v 0.268844 0.825451 0.330930
v 0.262038 0.888556 0.061600
v 0.231518 0.868893 0.120452
v 0.246741 0.879240 0.091456
v 0.288216 0.899755 0.094351
v 0.309176 0.893016 0.126037
v 0.186441 0.833789 0.203252
v 0.259989 0.859537 0.213964
v 0.223586 0.851103 0.209664
v 0.201343 0.846365 0.176516
v 0.216236 0.857833 0.148995
v 0.352169 0.822240 0.211095
v 0.326125 0.874444 0.156256
v 0.340048 0.849741 0.184421
v 0.325971 0.845987 0.214966
v 0.294874 0.858175 0.215822
v 0.255175 0.875566 0.153464
v 0.276069 0.870468 0.185310
v 0.292479 0.881631 0.155991
v -0.204790 0.676988 0.385154
v -0.125452 0.604409 0.344356
v -0.151938 0.596837 0.339820
v -0.173270 0.630610 0.329278
v -0.151713 0.610994 0.291843
v -0.019851 0.834162 0.475838
v -0.058990 0.853523 0.486821
v -0.095241 0.844730 0.405551
v -0.078015 0.854534 0.448117
v -0.060140 0.874572 0.420234
v -0.091850 0.800440 0.456431
v -0.111731 0.695621 0.396509
v -0.129842 0.745019 0.263650
v -0.123058 0.813679 0.256766
v -0.139909 0.628633 0.273151
v -0.134281 0.677984 0.266811
v -0.097131 0.875129 0.346597
v -0.121576 0.788201 0.311207
v -0.110085 0.822404 0.359099
v -0.121621 0.668521 0.350020
v -0.117831 0.748793 0.358837
v -0.130472 0.644082 0.308135
v 0.227046 0.750560 0.427010
v 0.190039 0.765342 0.365568
v 0.208426 0.758557 0.396087
v 0.180707 0.709848 0.404165
v 0.139120 0.670262 0.381875
v 0.116813 0.772388 0.243736
v 0.135117 0.775288 0.274361
v 0.095408 0.712757 0.311222
v 0.114825 0.744428 0.293924
v 0.080294 0.723430 0.286516
v 0.153409 0.774563 0.304818
v 0.171578 0.770931 0.334982
v 0.047924 0.693413 0.395499
v 0.018177 0.763827 0.435716
v 0.103690 0.645562 0.367975
v 0.074686 0.650864 0.371139
v 0.048557 0.706122 0.339294
v 0.061944 0.678505 0.355807
v 0.077498 0.687364 0.330001
v 0.148087 0.731036 0.349734
v 0.110196 0.700272 0.335585
v 0.124800 0.686000 0.359171
v 0.000000 0.925327 0.061948
v -0.039495 0.950249 0.128027
v -0.019520 0.940754 0.094770
v 0.017833 0.859458 0.086581
v 0.033463 0.805111 0.108472
v -0.111653 0.874927 0.241824
v -0.096841 0.916595 0.220065
v -0.018520 0.872208 0.209564
v -0.058663 0.926885 0.222646
v -0.037801 0.892613 0.246712
v -0.079114 0.941389 0.192477
v -0.059751 0.951489 0.161331
v 0.080269 0.759736 0.182405
v 0.097753 0.766009 0.211720
v 0.048462 0.771728 0.130851
v 0.063791 0.759056 0.155197
v 0.032635 0.770630 0.212997
v 0.048258 0.762481 0.183155
v 0.017054 0.803169 0.192976
v -0.018897 0.902428 0.152959
v 0.000000 0.848944 0.173776
v 0.017304 0.826329 0.140060
v 0.000000 0.799748 0.419609
v 0.033165 0.736868 0.322523
v 0.017481 0.762275 0.366219
v -0.019126 0.834004 0.400680
v -0.038923 0.864798 0.378517
v 0.080707 0.748907 0.236177
v 0.017017 0.785078 0.247431
v 0.048334 0.748714 0.236019
v 0.064219 0.734441 0.260819
v 0.048554 0.728399 0.288181
v -0.096935 0.899494 0.283667
v -0.059292 0.889489 0.351914
v -0.078941 0.902811 0.320612
v -0.058470 0.905724 0.285514
v -0.018443 0.850870 0.268166
v 0.017131 0.770533 0.304905
v 0.000000 0.808692 0.286970
v -0.018636 0.838235 0.331695
v -0.468381 0.840817 -0.031688
v -0.445139 0.737779 -0.028363
v -0.371573 0.791537 -0.028815
v -0.436427 0.851701 -0.031530
v -0.440068 0.766113 -0.087485
v -0.463181 0.853088 -0.064038
v -0.456940 0.863874 -0.096821
v -0.276647 0.894645 -0.030965
v -0.294337 0.846770 -0.029637
v -0.297578 0.742477 -0.079484
v -0.287657 0.769331 -0.054373
v -0.275116 0.762370 -0.080577
v -0.298913 0.772392 -0.027363
v -0.318672 0.745646 -0.026785
v -0.412350 0.797137 -0.210247
v -0.430325 0.884251 -0.196907
v -0.418340 0.885293 -0.229646
v -0.449414 0.873116 -0.130318
v -0.440643 0.879993 -0.163632
v -0.429548 0.786976 -0.148781
v -0.329585 0.794195 -0.143104
v -0.399205 0.873298 -0.159816
v -0.341030 0.795616 -0.115078
v -0.361733 0.793737 -0.057646
v -0.351555 0.795164 -0.086453
v -0.419339 0.864904 -0.095476
v -0.020752 1.004638 -0.033577
v -0.053760 0.971326 -0.032503
v -0.076821 0.789373 -0.079674
v -0.067840 0.889669 -0.059705
v -0.055717 0.895427 -0.090153
v -0.079290 0.878582 -0.029463
v -0.096154 0.767447 -0.025829
v -0.156858 0.846744 -0.204221
v -0.129107 0.793729 -0.162935
v -0.119999 0.809316 -0.194162
v -0.147849 0.774049 -0.105835
v -0.138315 0.781803 -0.133587
v -0.179826 0.841545 -0.144565
v -0.076746 0.733892 -0.124178
v -0.102678 0.730668 -0.124225
v -0.086016 0.723734 -0.097986
v -0.181104 0.776924 -0.026588
v -0.233176 0.863822 -0.029816
v -0.111838 0.694493 -0.023457
v -0.137951 0.701029 -0.023822
v -0.204943 0.847508 -0.087406
v -0.169132 0.771781 -0.052758
v -0.158169 0.770788 -0.078903
v -0.094853 0.713774 -0.072413
v -0.119756 0.709149 -0.072278
v -0.103447 0.703889 -0.047558
v -0.266746 0.670057 -0.385825
v -0.282458 0.768914 -0.405857
v -0.258355 0.735462 -0.418027
v -0.328831 0.825396 -0.370650
v -0.306148 0.799211 -0.390045
v -0.312314 0.727553 -0.359557
v -0.217386 0.738345 -0.351738
v -0.273218 0.808067 -0.389577
v -0.231074 0.744706 -0.326559
v -0.403716 0.882699 -0.262913
v -0.387874 0.875566 -0.293272
v -0.387187 0.792531 -0.268674
v -0.273850 0.769248 -0.251821
v -0.344024 0.862616 -0.285593
v -0.287812 0.776915 -0.226348
v -0.353498 0.769639 -0.319830
v -0.370044 0.863772 -0.321715
v -0.350400 0.847118 -0.347569
v -0.158031 0.814791 -0.255699
v -0.170240 0.730171 -0.231497
v -0.172339 0.823524 -0.229988
v -0.186147 0.656731 -0.260273
v -0.167092 0.647987 -0.230712
v -0.153441 0.633100 -0.248274
v -0.197098 0.684041 -0.195074
v -0.181746 0.665408 -0.213176
v -0.213024 0.678713 -0.219776
v -0.310292 0.840676 -0.340945
v -0.259233 0.760338 -0.276643
v -0.244894 0.751918 -0.301450
v -0.261527 0.886823 -0.061480
v -0.231002 0.866955 -0.120184
v -0.246206 0.877335 -0.091258
v -0.266755 0.832757 -0.087325
v -0.260791 0.753264 -0.106313
v -0.186611 0.834549 -0.203437
v -0.213059 0.704385 -0.175342
v -0.202057 0.769150 -0.189475
v -0.201101 0.845348 -0.176304
v -0.215808 0.856131 -0.148699
v -0.374082 0.873402 -0.224230
v -0.271856 0.728933 -0.130255
v -0.316060 0.789797 -0.171411
v -0.302050 0.783903 -0.199191
v -0.242445 0.705591 -0.177448
v -0.235004 0.806351 -0.141333
v -0.229368 0.723215 -0.153962
v -0.245431 0.739812 -0.130898
v 0.465240 0.771096 -0.029644
v 0.456451 0.819401 -0.030881
v 0.457636 0.865188 -0.096969
v 0.460805 0.848712 -0.063710
v 0.474172 0.825486 -0.094265
v 0.443948 0.866380 -0.032073
v 0.424585 0.904465 -0.032926
v 0.356129 0.753641 -0.195495
v 0.389268 0.799886 -0.178121
v 0.386022 0.746239 -0.196823
v 0.376706 0.878848 -0.127116
v 0.386406 0.845299 -0.154692
v 0.344843 0.830963 -0.149729
v 0.447078 0.819091 -0.154853
v 0.420699 0.840165 -0.156226
v 0.444298 0.863177 -0.128835
v 0.315288 0.907043 -0.031746
v 0.267740 0.865841 -0.029968
v 0.396164 0.926965 -0.033299
v 0.359250 0.928301 -0.032887
v 0.313352 0.868327 -0.091775
v 0.339667 0.908429 -0.064204
v 0.360607 0.899737 -0.096320
v 0.434094 0.895336 -0.098835
v 0.401657 0.908487 -0.098774
v 0.417536 0.916185 -0.066539
v 0.239872 0.682846 -0.388121
v 0.283446 0.771603 -0.407276
v 0.289845 0.728081 -0.419236
v 0.252526 0.813839 -0.356874
v 0.270758 0.800792 -0.386070
v 0.224855 0.763714 -0.363824
v 0.356903 0.831425 -0.410891
v 0.316068 0.825105 -0.402683
v 0.328435 0.824402 -0.370203
v 0.163802 0.782729 -0.218595
v 0.184801 0.792623 -0.251297
v 0.160793 0.829034 -0.260169
v 0.232089 0.739454 -0.239445
v 0.207841 0.760946 -0.243783
v 0.205120 0.711884 -0.203014
v 0.196234 0.809663 -0.317514
v 0.207437 0.804445 -0.286418
v 0.230547 0.813376 -0.322354
v 0.339234 0.694376 -0.235399
v 0.314484 0.709901 -0.237782
v 0.327967 0.717079 -0.213582
v 0.324134 0.783619 -0.321516
v 0.315332 0.736059 -0.274148
v 0.347624 0.756850 -0.314516
v 0.262331 0.708133 -0.206309
v 0.286892 0.719362 -0.238165
v 0.258853 0.727122 -0.238030
v 0.264119 0.810944 -0.325114
v 0.262817 0.770850 -0.280467
v 0.295837 0.801512 -0.325062
v 0.048474 0.875834 -0.029307
v 0.019807 0.958878 -0.032048
v 0.090809 0.724783 -0.024393
v 0.071138 0.788247 -0.026434
v 0.057298 0.920827 -0.092710
v 0.064910 0.851254 -0.057127
v 0.080538 0.827569 -0.083529
v 0.218371 0.808977 -0.027923
v 0.175742 0.753918 -0.025800
v 0.138897 0.676873 -0.069289
v 0.154915 0.706906 -0.048323
v 0.169912 0.702646 -0.072466
v 0.140212 0.712518 -0.024213
v 0.112623 0.699370 -0.023622
v 0.125692 0.847715 -0.203374
v 0.126968 0.780580 -0.160236
v 0.144128 0.778025 -0.187647
v 0.095850 0.806483 -0.109190
v 0.111068 0.790372 -0.134376
v 0.091975 0.879515 -0.148818
v 0.143978 0.673785 -0.115746
v 0.126570 0.715415 -0.122243
v 0.129462 0.677786 -0.092673
v 0.103541 0.704529 -0.047601
v 0.116247 0.688369 -0.070160
v 0.098592 0.741912 -0.075267
v 0.319210 0.745287 -0.191339
v 0.241279 0.702196 -0.176595
v 0.279566 0.725553 -0.184364
v 0.309322 0.772962 -0.167757
v 0.296589 0.795250 -0.142105
v 0.161299 0.721352 -0.175844
v 0.169047 0.670629 -0.116480
v 0.161191 0.677582 -0.141315
v 0.181354 0.690344 -0.170062
v 0.207620 0.686403 -0.170866
v 0.240320 0.814911 -0.056494
v 0.280355 0.809771 -0.114288
v 0.261347 0.815873 -0.085555
v 0.211884 0.755032 -0.078536
v 0.186824 0.701153 -0.097199
v 0.222022 0.700052 -0.149031
v 0.204019 0.700035 -0.122698
v 0.247899 0.747251 -0.132214
v -0.020458 0.552622 -0.840601
v 0.000000 0.548952 -0.786122
v 0.019994 0.540094 -0.821544
v -0.035724 0.543357 -0.691809
v -0.018764 0.549304 -0.741331
v -0.059028 0.575938 -0.777350
v 0.047825 0.466631 -0.629818
v 0.017178 0.502889 -0.678690
v 0.032537 0.494892 -0.630103
v -0.088401 0.511066 -0.517155
v -0.076574 0.515097 -0.551841
v -0.111208 0.532844 -0.571014
v -0.017865 0.599484 -0.642069
v -0.048185 0.541223 -0.579723
v -0.036331 0.632863 -0.640403
v -0.089419 0.562396 -0.675875
v -0.064286 0.523376 -0.593686
v -0.050886 0.533623 -0.640932
v 0.118615 0.568336 -0.609048
v 0.094369 0.634800 -0.680082
v 0.099385 0.574566 -0.581411
v 0.053037 0.556186 -0.668033
v 0.077084 0.627574 -0.711882
v 0.091970 0.578444 -0.695161
v 0.040239 0.700944 -0.709296
v 0.059582 0.669234 -0.716840
v 0.019491 0.654038 -0.700498
v -0.016454 0.517622 -0.621773
v 0.000000 0.563959 -0.639482
v 0.016787 0.528116 -0.634378
v -0.229749 0.692965 -0.428276
v -0.206513 0.656760 -0.434054
v -0.221646 0.606576 -0.401183
v -0.157080 0.729062 -0.481297
v -0.188749 0.713702 -0.471398
v -0.170512 0.729196 -0.450668
v -0.182186 0.550833 -0.414298
v -0.184448 0.621595 -0.438328
v -0.164057 0.589268 -0.442412
v -0.016925 0.694140 -0.457797
v -0.046879 0.655391 -0.432284
v -0.033071 0.715998 -0.442511
v -0.092169 0.733027 -0.548435
v -0.066708 0.680512 -0.478368
v -0.053379 0.700111 -0.523506
v -0.089449 0.642883 -0.397323
v -0.078613 0.660698 -0.435869
v -0.116525 0.698842 -0.461172
v -0.129617 0.511961 -0.489027
v -0.114148 0.522385 -0.469679
v -0.100989 0.513399 -0.489110
v -0.145359 0.560806 -0.447871
v -0.128846 0.538367 -0.456403
v -0.151681 0.516686 -0.438909
v -0.094248 0.707598 -0.597664
v -0.115300 0.620310 -0.524874
v -0.111507 0.718837 -0.572318
v -0.142784 0.728324 -0.512572
v -0.127648 0.725517 -0.543492
v -0.151179 0.666474 -0.499839
v 0.215799 0.590575 -0.390601
v 0.184223 0.585871 -0.387204
v 0.197481 0.595639 -0.368125
v 0.189589 0.680975 -0.511264
v 0.187387 0.631500 -0.445313
v 0.215427 0.651337 -0.489891
v 0.141846 0.606607 -0.374904
v 0.162696 0.615190 -0.406331
v 0.145216 0.673994 -0.444943
v 0.101652 0.516773 -0.492324
v 0.116424 0.532802 -0.479045
v 0.125760 0.496727 -0.474476
v 0.098394 0.634306 -0.505017
v 0.107836 0.580154 -0.490896
v 0.076561 0.574808 -0.485504
v 0.188982 0.643748 -0.546844
v 0.145724 0.608889 -0.516188
v 0.175330 0.676434 -0.540214
v 0.038599 0.835680 -0.516479
v 0.056857 0.794882 -0.524290
v 0.018412 0.755118 -0.498013
v 0.123810 0.742534 -0.490005
v 0.094030 0.790271 -0.521350
v 0.105315 0.756914 -0.467799
v 0.050670 0.664579 -0.496938
v 0.073116 0.745880 -0.524319
v 0.086941 0.691449 -0.517328
v 0.159583 0.703526 -0.527627
v 0.124528 0.707788 -0.530210
v 0.142141 0.725044 -0.510263
v -0.080829 0.576679 -0.549559
v -0.059840 0.748470 -0.632563
v -0.075304 0.689628 -0.618898
v -0.055789 0.664458 -0.633333
v -0.020354 0.723748 -0.689913
v 0.000000 0.671767 -0.472038
v 0.032432 0.624721 -0.496634
v 0.016466 0.647823 -0.484458
v -0.016808 0.661278 -0.494520
v -0.037173 0.716043 -0.569233
v 0.081262 0.579771 -0.552505
v 0.020286 0.721323 -0.687601
v 0.055564 0.661783 -0.630784
v 0.064365 0.589445 -0.528990
v 0.048334 0.604554 -0.510934
v -0.019376 0.727026 -0.614378
v 0.017736 0.665506 -0.562391
v 0.000000 0.729587 -0.655015
v 0.000000 1.004030 -0.067217
v 0.040833 0.982440 -0.132364
v 0.020671 0.996235 -0.100359
v -0.020519 0.988915 -0.099622
v -0.037925 0.912478 -0.122938
v 0.113573 0.889975 -0.245983
v 0.096860 0.916768 -0.220106
v 0.019043 0.896822 -0.215478
v 0.059318 0.937241 -0.225133
v 0.036813 0.869291 -0.240266
v 0.079126 0.941531 -0.192506
v 0.060515 0.963663 -0.163395
v -0.080376 0.760747 -0.182647
v -0.104968 0.822543 -0.227345
v -0.050973 0.811710 -0.137630
v -0.062961 0.749176 -0.153177
v -0.032562 0.768890 -0.212516
v -0.048187 0.761368 -0.182887
v -0.017414 0.820107 -0.197046
v 0.020551 0.981414 -0.166347
v 0.000000 0.913091 -0.186907
v -0.019229 0.918245 -0.155639
v 0.188243 0.622287 -0.354033
v 0.124834 0.601435 -0.342661
v 0.149830 0.588558 -0.335106
v 0.181775 0.661563 -0.345441
v 0.175310 0.706023 -0.337234
v 0.020772 0.872842 -0.497903
v 0.058088 0.840478 -0.479380
v 0.076456 0.678120 -0.325562
v 0.068964 0.755397 -0.396130
v 0.051899 0.754724 -0.362647
v 0.086909 0.757383 -0.431879
v 0.106801 0.664931 -0.379015
v 0.144173 0.827250 -0.292750
v 0.129969 0.859379 -0.271187
v 0.167050 0.750585 -0.326141
v 0.156683 0.791092 -0.311323
v 0.081349 0.732934 -0.290280
v 0.117320 0.760606 -0.300311
v 0.091758 0.685486 -0.299314
v 0.111796 0.614518 -0.321746
v 0.101336 0.643968 -0.308603
v 0.133378 0.658426 -0.314997
v -0.230969 0.763530 -0.434390
v -0.160829 0.647704 -0.309378
v -0.201259 0.732474 -0.382467
v -0.185765 0.729716 -0.415477
v -0.137775 0.663782 -0.378183
v -0.130053 0.859931 -0.271361
v -0.140926 0.808615 -0.286155
v -0.106279 0.793968 -0.346683
v -0.123739 0.802223 -0.316743
v -0.097305 0.876692 -0.347216
v -0.138108 0.697306 -0.274415
v -0.138269 0.621265 -0.269950
v -0.051331 0.742715 -0.423619
v -0.019799 0.831952 -0.474577
v -0.100570 0.626137 -0.356903
v -0.075374 0.656860 -0.374558
v -0.060173 0.875042 -0.420460
v -0.069844 0.765033 -0.401183
v -0.088160 0.781928 -0.375400
v -0.124645 0.615317 -0.294373
v -0.105826 0.672505 -0.322278
v -0.112217 0.616830 -0.322956
v 0.092727 0.860450 -0.271354
v 0.048677 0.730235 -0.288907
v 0.068484 0.783219 -0.278141
v 0.053579 0.829958 -0.261630
v 0.017103 0.789057 -0.248685
v 0.000000 0.893764 -0.468937
v -0.040309 0.895580 -0.391990
v -0.020651 0.900508 -0.432630
v 0.019420 0.846813 -0.406833
v 0.034198 0.759812 -0.332565
v -0.090790 0.842473 -0.265685
v -0.016715 0.771144 -0.243039
v -0.051365 0.795668 -0.250820
v -0.075482 0.863245 -0.306561
v -0.058789 0.881937 -0.348926
v 0.017007 0.764944 -0.302693
v -0.018425 0.828716 -0.327928
v 0.000000 0.769412 -0.273031
v -0.401482 0.625129 -0.039613
v -0.402811 0.612721 -0.014912
v -0.397231 0.648587 -0.091112
v -0.399657 0.637149 -0.065058
v -0.465265 0.627974 -0.047685
v -0.398370 0.583535 -0.052152
v -0.456351 0.629687 -0.073321
v -0.378022 0.682232 -0.200323
v -0.384539 0.676291 -0.172735
v -0.438050 0.646280 -0.153485
v -0.383967 0.617253 -0.152257
v -0.434373 0.655525 -0.181854
v -0.389799 0.668450 -0.145198
v -0.393930 0.659055 -0.118046
v -0.491687 0.526908 -0.102618
v -0.510507 0.591046 -0.122035
v -0.478463 0.522937 -0.125366
v -0.529604 0.688622 -0.099967
v -0.549965 0.674676 -0.118047
v -0.560710 0.673848 -0.089150
v -0.528329 0.675810 -0.175457
v -0.539066 0.675197 -0.146814
v -0.511346 0.694054 -0.158048
v -0.390299 0.598603 -0.100744
v -0.443182 0.639120 -0.126148
v -0.449259 0.633594 -0.099472
v -0.273274 0.630113 -0.389431
v -0.289977 0.645214 -0.371130
v -0.413876 0.742927 -0.426240
v -0.343151 0.683014 -0.392398
v -0.405701 0.748602 -0.462661
v -0.306283 0.658833 -0.351332
v -0.321697 0.670109 -0.329881
v -0.398640 0.498111 -0.283675
v -0.411748 0.559912 -0.319561
v -0.393539 0.501010 -0.309641
v -0.476002 0.738927 -0.358268
v -0.464384 0.674629 -0.355125
v -0.475161 0.675831 -0.325610
v -0.440192 0.668628 -0.413235
v -0.452835 0.672413 -0.384513
v -0.460801 0.750093 -0.429672
v -0.359982 0.686155 -0.255729
v -0.369526 0.685301 -0.228872
v -0.336050 0.678687 -0.306462
v -0.348796 0.683986 -0.281747
v -0.428796 0.695092 -0.280847
v -0.370399 0.658551 -0.268743
v -0.426688 0.708719 -0.315522
v -0.420094 0.733942 -0.389155
v -0.424189 0.722184 -0.351960
v -0.359261 0.674414 -0.330351
v -0.793644 0.524909 -0.290002
v -0.693281 0.496466 -0.275830
v -0.781494 0.524069 -0.323893
v -0.610210 0.495445 -0.221579
v -0.610419 0.465883 -0.232411
v -0.623293 0.468797 -0.206151
v -0.578265 0.454710 -0.281026
v -0.595377 0.461184 -0.257490
v -0.568160 0.475696 -0.266746
v -0.523844 0.539155 -0.149366
v -0.623531 0.605591 -0.190688
v -0.637396 0.608844 -0.161375
v -0.593503 0.596259 -0.247198
v -0.608806 0.601313 -0.219330
v -0.498493 0.531189 -0.198269
v -0.688708 0.585037 -0.202181
v -0.689312 0.631323 -0.224471
v -0.668567 0.577023 -0.230393
v -0.534566 0.576821 -0.356495
v -0.548101 0.580609 -0.328939
v -0.455750 0.523060 -0.297139
v -0.596820 0.540402 -0.304193
v -0.605737 0.592958 -0.334917
v -0.571028 0.525477 -0.324762
v -0.474743 0.524500 -0.246479
v -0.562717 0.585448 -0.301834
v -0.577999 0.590847 -0.274851
v -0.645992 0.566291 -0.256863
v -0.649315 0.614586 -0.282437
v -0.621883 0.553933 -0.281491
v -0.377962 0.638215 -0.208569
v -0.486743 0.721729 -0.287337
v -0.430632 0.681064 -0.246287
v -0.432343 0.667671 -0.213242
v -0.497440 0.705263 -0.219829
v -0.406159 0.496979 -0.259209
v -0.426129 0.501083 -0.213962
v -0.415373 0.498076 -0.236104
v -0.432908 0.564634 -0.269885
v -0.485034 0.674220 -0.294728
v -0.464837 0.517076 -0.148081
v -0.517001 0.674399 -0.204759
v -0.484418 0.583096 -0.172146
v -0.451294 0.511141 -0.170242
v -0.438303 0.505671 -0.191988
v -0.495409 0.673880 -0.264408
v -0.456929 0.571736 -0.220820
v -0.506055 0.673938 -0.234415
v -0.030037 0.471420 -0.781337
v -0.049805 0.504780 -0.785970
v -0.087226 0.380290 -0.620926
v -0.070135 0.430844 -0.686869
v -0.074515 0.374827 -0.652536
v -0.069742 0.532734 -0.780352
v -0.088973 0.553770 -0.764109
v -0.217645 0.410710 -0.741227
v -0.192865 0.429351 -0.755103
v -0.190859 0.374326 -0.723630
v -0.133926 0.382231 -0.563926
v -0.162711 0.410329 -0.659632
v -0.172409 0.411813 -0.621479
v -0.141648 0.408955 -0.749247
v -0.152763 0.410109 -0.703278
v -0.113699 0.379423 -0.634785
v -0.137579 0.575533 -0.666331
v -0.150190 0.573205 -0.626485
v -0.107115 0.567468 -0.737856
v -0.123260 0.574252 -0.704471
v -0.154316 0.464670 -0.594381
v -0.145784 0.535286 -0.670463
v -0.134217 0.434241 -0.589398
v -0.101019 0.391364 -0.600235
v -0.116499 0.409285 -0.590236
v -0.107000 0.483260 -0.681546
v -0.384417 0.269756 -0.622001
v -0.412632 0.322404 -0.717366
v -0.370107 0.255879 -0.642760
v -0.424776 0.412455 -0.740376
v -0.450605 0.394052 -0.784330
v -0.464843 0.407615 -0.752132
v -0.403585 0.350557 -0.816642
v -0.429942 0.374813 -0.806245
v -0.405916 0.395846 -0.824564
v -0.410136 0.576352 -0.720166
v -0.387180 0.498874 -0.678389
v -0.414103 0.526305 -0.670033
v -0.327098 0.434589 -0.674638
v -0.357740 0.467803 -0.679596
v -0.358895 0.523734 -0.744918
v -0.368129 0.392144 -0.595646
v -0.349582 0.411696 -0.611327
v -0.365411 0.391884 -0.637909
v -0.215634 0.310751 -0.636075
v -0.239672 0.337380 -0.643072
v -0.226744 0.366091 -0.678930
v -0.344381 0.377629 -0.762661
v -0.279427 0.345924 -0.678354
v -0.330187 0.364945 -0.794560
v -0.293174 0.447617 -0.725601
v -0.266806 0.367730 -0.653805
v -0.296176 0.400526 -0.665265
v -0.361672 0.390425 -0.682107
v -0.313430 0.377753 -0.643126
v -0.354991 0.386058 -0.724718
v -0.237450 0.596815 -0.427386
v -0.253453 0.611536 -0.410096
v -0.208539 0.574301 -0.466289
v -0.222372 0.584052 -0.445760
v -0.353758 0.727926 -0.572392
v -0.289233 0.668774 -0.518038
v -0.332663 0.708559 -0.593247
v -0.162414 0.569605 -0.586254
v -0.173245 0.566495 -0.550195
v -0.257075 0.617219 -0.620085
v -0.222977 0.618930 -0.611313
v -0.230502 0.579535 -0.617547
v -0.184188 0.565612 -0.518029
v -0.195735 0.567995 -0.490222
v -0.379051 0.568388 -0.613317
v -0.314158 0.523472 -0.554519
v -0.370729 0.568623 -0.652602
v -0.328472 0.644456 -0.583535
v -0.302322 0.546786 -0.535251
v -0.326527 0.574132 -0.528332
v -0.255371 0.491870 -0.543422
v -0.278324 0.518886 -0.539846
v -0.268893 0.565469 -0.578038
v -0.257580 0.647794 -0.567870
v -0.283655 0.652116 -0.617237
v -0.309172 0.683037 -0.608405
v -0.246051 0.445885 -0.752908
v -0.300994 0.509878 -0.756033
v -0.274330 0.479667 -0.758615
v -0.227961 0.462186 -0.713757
v -0.184897 0.418394 -0.593193
v -0.360283 0.564532 -0.690766
v -0.234260 0.466554 -0.548619
v -0.288559 0.507657 -0.608734
v -0.344985 0.553373 -0.721754
v -0.325131 0.535069 -0.743770
v -0.185175 0.581279 -0.646603
v -0.164884 0.416320 -0.543066
v -0.177746 0.500176 -0.602064
v -0.203410 0.539218 -0.610724
v -0.211473 0.482787 -0.556991
v -0.260719 0.488497 -0.664478
v -0.215262 0.445429 -0.557346
v -0.198849 0.429276 -0.571688
v -0.687333 0.026423 -0.414702
v -0.675340 0.042795 -0.433729
v -0.689650 0.016784 -0.453385
v -0.801229 0.112555 -0.490718
v -0.723530 0.073878 -0.453840
v -0.748912 0.085521 -0.430187
v -0.671013 0.050953 -0.497153
v -0.698074 0.062388 -0.476564
v -0.740629 0.086239 -0.536754
v -0.677969 0.199071 -0.375659
v -0.734080 0.187496 -0.417398
v -0.717219 0.189168 -0.371010
v -0.751959 0.178582 -0.509680
v -0.746627 0.184170 -0.464445
v -0.678455 0.188216 -0.449568
v -0.852047 0.161083 -0.465066
v -0.814796 0.176987 -0.475139
v -0.845542 0.151449 -0.505396
v -0.681859 0.132795 -0.636279
v -0.712075 0.147024 -0.615043
v -0.623962 0.149585 -0.570897
v -0.774054 0.112370 -0.595307
v -0.767970 0.134370 -0.626014
v -0.735964 0.097368 -0.612396
v -0.664340 0.172479 -0.519362
v -0.734764 0.159766 -0.586624
v -0.748213 0.170382 -0.551248
v -0.829793 0.139653 -0.541040
v -0.811865 0.160244 -0.562968
v -0.805602 0.126477 -0.571223
v -0.777849 0.480737 -0.337346
v -0.702018 0.403804 -0.315507
v -0.732209 0.421613 -0.291488
v -0.644384 0.369702 -0.358979
v -0.672544 0.386383 -0.337890
v -0.711143 0.439511 -0.385401
v -0.698426 0.345162 -0.299811
v -0.660588 0.352268 -0.307099
v -0.709173 0.349111 -0.340451
v -0.543575 0.309568 -0.435026
v -0.567165 0.323700 -0.417082
v -0.554731 0.342842 -0.435736
v -0.723682 0.350877 -0.466182
v -0.630920 0.332116 -0.434296
v -0.716862 0.345378 -0.504008
v -0.633299 0.391400 -0.416933
v -0.591763 0.338394 -0.398521
v -0.617344 0.353630 -0.379250
v -0.727322 0.246568 -0.355329
v -0.787042 0.293330 -0.412912
v -0.704894 0.235415 -0.380091
v -0.800694 0.361555 -0.396462
v -0.838195 0.345269 -0.427434
v -0.846133 0.351618 -0.388633
v -0.797972 0.322415 -0.492262
v -0.821859 0.335386 -0.462251
v -0.800227 0.356261 -0.481781
v -0.645939 0.342494 -0.369723
v -0.724417 0.353048 -0.425500
v -0.718960 0.352171 -0.382990
v -0.436613 0.241220 -0.660144
v -0.440644 0.244816 -0.615330
v -0.390318 0.241230 -0.582044
v -0.539112 0.241108 -0.663992
v -0.503395 0.251124 -0.659569
v -0.516894 0.227302 -0.687240
v -0.403104 0.249132 -0.512637
v -0.446001 0.249013 -0.575776
v -0.454147 0.254663 -0.542422
v -0.538041 0.149057 -0.522761
v -0.497980 0.156803 -0.512732
v -0.511048 0.135454 -0.535014
v -0.610863 0.253252 -0.608040
v -0.546316 0.199269 -0.553123
v -0.591255 0.220689 -0.554862
v -0.469912 0.162395 -0.553182
v -0.505200 0.179627 -0.551605
v -0.532397 0.212575 -0.616861
v -0.485078 0.299795 -0.449544
v -0.499644 0.283068 -0.471669
v -0.520363 0.295606 -0.453400
v -0.465976 0.262298 -0.514623
v -0.481251 0.271822 -0.491623
v -0.433039 0.267633 -0.470578
v -0.654413 0.307529 -0.592332
v -0.570186 0.293966 -0.548048
v -0.625147 0.290807 -0.611553
v -0.565472 0.256492 -0.645058
v -0.594860 0.273372 -0.628475
v -0.532928 0.270817 -0.598302
v -0.681841 0.222826 -0.403798
v -0.765043 0.304581 -0.515954
v -0.723537 0.261646 -0.457488
v -0.661046 0.211126 -0.428053
v -0.640787 0.199732 -0.451963
v -0.605839 0.315988 -0.495126
v -0.694971 0.296753 -0.591015
v -0.681633 0.323116 -0.568451
v -0.703009 0.336025 -0.539001
v -0.763811 0.333892 -0.549486
v -0.567602 0.162551 -0.510259
v -0.619023 0.187946 -0.474549
v -0.594839 0.175613 -0.494173
v -0.572828 0.190788 -0.505759
v -0.636947 0.241830 -0.552090
v -0.726281 0.284969 -0.533932
v -0.682923 0.263763 -0.545790
v -0.649959 0.226075 -0.488050
v -0.319229 0.681692 -0.457678
v -0.386604 0.709305 -0.559865
v -0.375532 0.743115 -0.541272
v -0.392889 0.749790 -0.504078
v -0.433467 0.745330 -0.501837
v -0.442578 0.596048 -0.650110
v -0.387357 0.564424 -0.567300
v -0.392284 0.543169 -0.470811
v -0.391377 0.555368 -0.518925
v -0.456148 0.586615 -0.552668
v -0.341343 0.537436 -0.498246
v -0.353488 0.600663 -0.514050
v -0.390964 0.507351 -0.343603
v -0.449803 0.535644 -0.363631
v -0.421977 0.657052 -0.443185
v -0.389235 0.552260 -0.373214
v -0.454812 0.561665 -0.452636
v -0.390643 0.517312 -0.381903
v -0.391531 0.529728 -0.424325
v -0.378828 0.624143 -0.495037
v -0.366237 0.545295 -0.434631
v -0.401743 0.642928 -0.471094
v -0.396102 0.276280 -0.589977
v -0.425414 0.293762 -0.538967
v -0.409070 0.283811 -0.561613
v -0.453675 0.353605 -0.674818
v -0.477383 0.412344 -0.709010
v -0.543706 0.370141 -0.498493
v -0.506681 0.345967 -0.504113
v -0.504057 0.419985 -0.581526
v -0.533059 0.402036 -0.570495
v -0.512765 0.423214 -0.544261
v -0.474079 0.324787 -0.511368
v -0.447045 0.307412 -0.522368
v -0.385870 0.439058 -0.569762
v -0.436202 0.539571 -0.642545
v -0.429188 0.408650 -0.636301
v -0.375060 0.391160 -0.554992
v -0.385051 0.386902 -0.477800
v -0.380065 0.388763 -0.514822
v -0.431011 0.397700 -0.538074
v -0.488645 0.373937 -0.616084
v -0.495482 0.417512 -0.621639
v -0.487033 0.415335 -0.664681
v -0.774085 0.519709 -0.362496
v -0.571057 0.450744 -0.311253
v -0.683201 0.497633 -0.345255
v -0.758026 0.509615 -0.397205
v -0.733989 0.494201 -0.426871
v -0.529506 0.577532 -0.393169
v -0.559246 0.562095 -0.383804
v -0.473896 0.410766 -0.342254
v -0.500635 0.467783 -0.352805
v -0.469152 0.442002 -0.364809
v -0.535192 0.496166 -0.339918
v -0.517755 0.443098 -0.304697
v -0.626678 0.424417 -0.482918
v -0.585774 0.397662 -0.491898
v -0.702665 0.473951 -0.451271
v -0.666406 0.450353 -0.469685
v -0.541978 0.436771 -0.438870
v -0.638411 0.471304 -0.482090
v -0.550345 0.440840 -0.406769
v -0.563905 0.447259 -0.342266
v -0.557139 0.444071 -0.374192
v -0.672548 0.492797 -0.420251
v -0.456531 0.552949 -0.612538
v -0.392164 0.388764 -0.445102
v -0.418924 0.458219 -0.515870
v -0.473357 0.562091 -0.578281
v -0.487336 0.568019 -0.541759
v -0.587090 0.437565 -0.529977
v -0.445594 0.392597 -0.389195
v -0.531745 0.431817 -0.472321
v -0.521887 0.427195 -0.507276
v -0.432760 0.389287 -0.453738
v -0.520052 0.576096 -0.429371
v -0.499455 0.571833 -0.503822
v -0.510124 0.574304 -0.466378
v -0.506513 0.521102 -0.426553
v -0.442574 0.422113 -0.379709
v -0.403638 0.394664 -0.418158
v -0.420364 0.405767 -0.396746
v -0.458833 0.486147 -0.469266
v -0.399202 0.571674 0.000000
v -0.526559 0.670422 -0.034619
v -0.445596 0.601368 -0.015221
v -0.428940 0.578890 0.014652
v -0.487488 0.620676 0.032051
v -0.526371 0.532642 -0.091048
v -0.507527 0.543731 -0.075449
v -0.552071 0.591287 -0.016452
v -0.528575 0.566175 -0.047059
v -0.527061 0.533340 -0.030257
v -0.549165 0.622940 -0.067453
v -0.572241 0.687317 -0.054568
v -0.609151 0.652604 0.090556
v -0.587378 0.594376 0.101601
v -0.554421 0.665913 0.052869
v -0.600279 0.680921 0.073732
v -0.552456 0.559038 0.031715
v -0.594953 0.637275 0.052969
v -0.575253 0.616116 0.017143
v -0.574483 0.690075 -0.018261
v -0.590122 0.669150 0.000000
v -0.567974 0.682256 0.018054
v -0.822111 0.508092 -0.272567
v -0.788263 0.520965 -0.247863
v -0.757029 0.499760 -0.163106
v -0.775449 0.512181 -0.205079
v -0.834322 0.515640 -0.195094
v -0.689805 0.486427 -0.204688
v -0.628773 0.472072 -0.175056
v -0.678718 0.447626 -0.016549
v -0.693243 0.457251 -0.049587
v -0.764186 0.472293 -0.035296
v -0.676780 0.506352 -0.085096
v -0.660244 0.464121 -0.064722
v -0.701926 0.524864 -0.053518
v -0.811932 0.501802 -0.112971
v -0.712965 0.470351 -0.084832
v -0.735113 0.485108 -0.122573
v -0.712854 0.640930 -0.155767
v -0.624472 0.594928 -0.122838
v -0.657860 0.525380 -0.170515
v -0.717846 0.608557 -0.171801
v -0.754981 0.637685 -0.100559
v -0.740473 0.626550 -0.137635
v -0.718320 0.571907 -0.111427
v -0.665810 0.468577 -0.130529
v -0.655617 0.491128 -0.115349
v -0.639336 0.479486 -0.145023
v -0.764937 0.505549 0.240528
v -0.707923 0.437521 0.234709
v -0.775118 0.581945 0.215799
v -0.796994 0.562013 0.236495
v -0.678118 0.419100 0.158568
v -0.744369 0.491653 0.196859
v -0.721390 0.476232 0.155427
v -0.562280 0.535679 0.110604
v -0.570411 0.512859 0.124642
v -0.763244 0.607673 0.118395
v -0.654596 0.553884 0.121673
v -0.686538 0.579876 0.091443
v -0.623793 0.528824 0.149291
v -0.704856 0.562911 0.182697
v -0.711604 0.439796 0.032868
v -0.672777 0.443752 0.048123
v -0.671331 0.442754 0.016369
v -0.699595 0.461669 0.116651
v -0.682638 0.450344 0.081223
v -0.678013 0.419035 0.094337
v -0.778836 0.582373 0.059381
v -0.729895 0.513082 0.071549
v -0.793236 0.593482 0.099739
v -0.792032 0.594004 0.179659
v -0.798174 0.597919 0.140431
v -0.776405 0.546410 0.152210
v -0.603861 0.575462 -0.084639
v -0.759145 0.641585 -0.060693
v -0.695494 0.624162 -0.075945
v -0.584153 0.556790 -0.049046
v -0.568239 0.541674 -0.015981
v -0.683611 0.480361 0.000000
v -0.786847 0.625520 0.040849
v -0.756906 0.566033 0.019238
v -0.730166 0.546036 -0.018559
v -0.768151 0.610658 -0.039878
v -0.555749 0.529613 0.077895
v -0.557848 0.531769 0.015688
v -0.553852 0.527908 0.046502
v -0.602621 0.540815 0.065804
v -0.713363 0.602892 0.057033
v -0.752821 0.636176 -0.020064
v -0.736855 0.622684 0.019638
v -0.649490 0.583105 0.000000
v -0.757506 0.000000 -0.432689
v -0.694461 0.026172 -0.386852
v -0.700783 0.025511 -0.328971
v -0.698756 0.025868 -0.358055
v -0.773126 0.000000 -0.373252
v -0.686195 0.051510 -0.372567
v -0.744428 0.083434 -0.393761
v -0.694868 0.024050 -0.214871
v -0.697684 0.024419 -0.242515
v -0.771913 0.000000 -0.248445
v -0.736486 0.078843 -0.295177
v -0.679650 0.048035 -0.254125
v -0.738176 0.078020 -0.266385
v -0.776701 0.000000 -0.310749
v -0.699814 0.024792 -0.270826
v -0.700914 0.025179 -0.299555
v -0.808620 0.180066 -0.393518
v -0.722358 0.187380 -0.341346
v -0.825200 0.123166 -0.424750
v -0.856986 0.159354 -0.429122
v -0.861292 0.155194 -0.357430
v -0.859708 0.157329 -0.392993
v -0.823199 0.119067 -0.352853
v -0.682137 0.049541 -0.310873
v -0.737748 0.080210 -0.326170
v -0.740646 0.081759 -0.359094
v -0.719098 0.024034 -0.014854
v -0.702370 0.023503 -0.038874
v -0.693307 0.000000 -0.023997
v -0.839951 0.084779 -0.081743
v -0.763306 0.051225 -0.058204
v -0.859288 0.086514 -0.053469
v -0.713406 0.000000 -0.074315
v -0.691689 0.023196 -0.062424
v -0.686163 0.023094 -0.085970
v -0.688586 0.166076 -0.127559
v -0.762128 0.156448 -0.123967
v -0.682409 0.163716 -0.101182
v -0.863668 0.118088 -0.164967
v -0.855855 0.146240 -0.151416
v -0.861144 0.147932 -0.184014
v -0.833498 0.141032 -0.087163
v -0.846846 0.143977 -0.119004
v -0.879062 0.119016 -0.104476
v -0.759330 0.000000 -0.187583
v -0.687999 0.023544 -0.160376
v -0.691141 0.023855 -0.186563
v -0.684513 0.023120 -0.110230
v -0.685498 0.023294 -0.134895
v -0.738784 0.000000 -0.129094
v -0.766008 0.079001 -0.185235
v -0.695822 0.047565 -0.152486
v -0.781086 0.079957 -0.160282
v -0.819673 0.083156 -0.108926
v -0.799592 0.081496 -0.135030
v -0.721622 0.048756 -0.106053
v -0.678919 0.358355 -0.249399
v -0.745252 0.423591 -0.261794
v -0.790330 0.354903 -0.314861
v -0.700559 0.341900 -0.268359
v -0.697463 0.332263 -0.205350
v -0.699972 0.337464 -0.236669
v -0.784944 0.344203 -0.243560
v -0.681190 0.202893 -0.311553
v -0.731041 0.244863 -0.323850
v -0.738794 0.241851 -0.263009
v -0.734610 0.243213 -0.292973
v -0.680751 0.198332 -0.252188
v -0.819027 0.305049 -0.350875
v -0.851562 0.349392 -0.352238
v -0.772878 0.242546 -0.149902
v -0.761336 0.241378 -0.177506
v -0.687815 0.192088 -0.143939
v -0.854682 0.338724 -0.242255
v -0.842213 0.299865 -0.217176
v -0.852073 0.334145 -0.206513
v -0.681249 0.194277 -0.196293
v -0.751868 0.240875 -0.205362
v -0.744530 0.241089 -0.233682
v -0.854447 0.346530 -0.315375
v -0.830040 0.302003 -0.282997
v -0.855385 0.342931 -0.278593
v -0.682917 0.047344 -0.201395
v -0.843555 0.116940 -0.224767
v -0.753552 0.078382 -0.211469
v -0.744248 0.078044 -0.238403
v -0.828348 0.116910 -0.286787
v -0.694542 0.169308 -0.155304
v -0.707189 0.176040 -0.213907
v -0.700922 0.172668 -0.184133
v -0.787094 0.164154 -0.187243
v -0.862857 0.149868 -0.217503
v -0.721251 0.185168 -0.308915
v -0.862264 0.154080 -0.321582
v -0.811206 0.176058 -0.324627
v -0.717936 0.182428 -0.276631
v -0.713144 0.179348 -0.245040
v -0.863412 0.151334 -0.251633
v -0.802320 0.170802 -0.254456
v -0.863048 0.152703 -0.286314
v -0.746284 0.028126 0.415721
v -0.694947 0.000000 0.396956
v -0.852469 0.095543 0.450908
v -0.810151 0.060815 0.439869
v -0.695013 0.000000 0.335540
v -0.703514 0.026044 0.360493
v -0.680933 0.024789 0.319652
v -0.685125 0.177722 0.323752
v -0.729926 0.162542 0.355221
v -0.841510 0.121716 0.360702
v -0.840488 0.153812 0.384207
v -0.860779 0.155101 0.357217
v -0.798004 0.148387 0.399588
v -0.848269 0.126609 0.436625
v -0.858172 0.000000 0.276208
v -0.759832 0.026594 0.264117
v -0.807503 0.027948 0.249700
v -0.685614 0.024629 0.293016
v -0.715054 0.025332 0.276723
v -0.780643 0.000000 0.312326
v -0.693741 0.073323 0.250350
v -0.678287 0.047939 0.253615
v -0.731071 0.078263 0.293007
v -0.826059 0.091188 0.400505
v -0.780377 0.084845 0.345017
v -0.714592 0.051898 0.325664
v -0.669930 0.380779 0.235334
v -0.695658 0.367190 0.255548
v -0.853252 0.374157 0.264755
v -0.808637 0.389852 0.273410
v -0.842610 0.401409 0.248084
v -0.762721 0.372237 0.292170
v -0.828893 0.372220 0.330224
v -0.844828 0.235937 0.176797
v -0.733462 0.232540 0.171007
v -0.776141 0.243570 0.150534
v -0.680798 0.220451 0.213679
v -0.698780 0.223867 0.190861
v -0.764996 0.218160 0.220424
v -0.721687 0.283013 0.174912
v -0.679850 0.242057 0.175309
v -0.762841 0.302327 0.216223
v -0.749471 0.251036 0.332014
v -0.693242 0.206483 0.317065
v -0.851850 0.349510 0.352357
v -0.817321 0.304414 0.350145
v -0.691374 0.201427 0.256123
v -0.709775 0.234991 0.283068
v -0.684645 0.224125 0.243732
v -0.806011 0.323136 0.262512
v -0.733339 0.266819 0.250027
v -0.838842 0.340201 0.309616
v -0.695171 0.000000 0.024061
v -0.776765 0.025992 0.042991
v -0.747297 0.024976 0.015436
v -0.839783 0.028264 0.105217
v -0.808985 0.027129 0.073009
v -0.733143 0.000000 0.076371
v -0.880818 0.088682 0.054808
v -0.872499 0.058553 0.066530
v -0.863484 0.087154 0.084034
v -0.847967 0.029268 0.228896
v -0.871139 0.029812 0.203066
v -0.860607 0.000000 0.212602
v -0.752375 0.077018 0.154391
v -0.827494 0.056566 0.181341
v -0.712867 0.073520 0.172384
v -0.801172 0.000000 0.139996
v -0.875961 0.029767 0.172375
v -0.864093 0.029186 0.139149
v -0.820154 0.196762 0.121605
v -0.740355 0.151979 0.120425
v -0.847856 0.204489 0.157064
v -0.752908 0.101936 0.089483
v -0.680384 0.115676 0.095612
v -0.690453 0.116828 0.072204
v -0.704700 0.121057 0.150585
v -0.684807 0.117013 0.121154
v -0.690777 0.094449 0.131943
v -0.879402 0.059416 0.129241
v -0.794906 0.081019 0.134238
v -0.833779 0.084587 0.110800
v -0.710309 0.182359 0.304228
v -0.797659 0.200602 0.274080
v -0.751464 0.190948 0.289551
v -0.823960 0.178826 0.329731
v -0.855217 0.152821 0.318954
v -0.864484 0.210735 0.193304
v -0.741306 0.128756 0.186863
v -0.818525 0.170710 0.194720
v -0.861234 0.212160 0.226248
v -0.837540 0.208488 0.253335
v -0.736540 0.051061 0.217208
v -0.754713 0.106518 0.261293
v -0.676957 0.070988 0.216848
v -0.684439 0.071193 0.192074
v -0.684778 0.094929 0.182461
v -0.863467 0.183819 0.273849
v -0.785360 0.137654 0.228886
v -0.827154 0.146352 0.274407
v -0.774145 0.440429 -0.234181
v -0.685970 0.327655 -0.170330
v -0.700027 0.365525 -0.192344
v -0.801291 0.456229 -0.203986
v -0.824569 0.469789 -0.171148
v -0.801755 0.253003 -0.121254
v -0.860243 0.304425 -0.149923
v -0.704540 0.307634 -0.094308
v -0.815754 0.322085 -0.125826
v -0.788112 0.312134 -0.087473
v -0.837577 0.329616 -0.165890
v -0.753268 0.327307 -0.167647
v -0.852306 0.486127 -0.058905
v -0.843540 0.481187 -0.020074
v -0.842106 0.480006 -0.135259
v -0.851698 0.485660 -0.097732
v -0.715213 0.343662 -0.049182
v -0.801606 0.420361 -0.073183
v -0.695771 0.334037 -0.078446
v -0.681042 0.325817 -0.137959
v -0.683946 0.327761 -0.107627
v -0.746046 0.390610 -0.135724
v -0.822001 0.055031 0.000000
v -0.828621 0.111640 0.034440
v -0.886122 0.089267 0.018386
v -0.877684 0.088417 -0.018211
v -0.874888 0.117873 -0.036363
v -0.866335 0.239449 0.110556
v -0.784748 0.188410 0.082911
v -0.717920 0.172493 0.015244
v -0.748860 0.179883 0.047396
v -0.828931 0.229111 0.035104
v -0.688624 0.140797 0.057872
v -0.713491 0.120977 0.044805
v -0.678264 0.162844 -0.071661
v -0.712585 0.196954 -0.090936
v -0.808360 0.137062 -0.050763
v -0.721974 0.147615 -0.060675
v -0.766514 0.211859 -0.032461
v -0.681985 0.163819 -0.043163
v -0.694996 0.166986 -0.014757
v -0.745013 0.126277 0.015601
v -0.685986 0.140419 0.000000
v -0.778274 0.131915 -0.016298
v -0.675983 0.384582 0.204486
v -0.712843 0.406134 0.147958
v -0.690633 0.393225 0.175816
v -0.767845 0.400937 0.210978
v -0.855459 0.408612 0.212415
v -0.824931 0.470572 0.019632
v -0.800121 0.456362 0.055299
v -0.829343 0.398164 0.093506
v -0.856482 0.449139 0.078193
v -0.803704 0.386182 0.055267
v -0.770976 0.439630 0.088469
v -0.740907 0.422322 0.119005
v -0.697674 0.246895 0.121591
v -0.808586 0.255158 0.122288
v -0.805874 0.350165 0.179355
v -0.697279 0.274404 0.138103
v -0.677823 0.268453 0.075232
v -0.682213 0.269359 0.105228
v -0.744444 0.325058 0.099650
v -0.826290 0.432624 0.150323
v -0.847846 0.406305 0.133418
v -0.857264 0.410123 0.173657
v -0.825851 0.260443 -0.088999
v -0.862041 0.271687 -0.018685
v -0.847111 0.267037 -0.054686
v -0.858750 0.304964 -0.075089
v -0.760393 0.300839 -0.050687
v -0.840252 0.264984 0.090551
v -0.685701 0.271288 0.045708
v -0.755550 0.268315 0.066065
v -0.860377 0.271219 0.055542
v -0.867364 0.273365 0.018800
v -0.846011 0.443883 0.000000
v -0.679253 0.297305 -0.030572
v -0.741483 0.356230 -0.017005
v -0.772259 0.371016 0.017710
v -0.693946 0.303736 0.031233
v -0.821697 0.291585 0.000000
v -0.704450 0.278755 0.015662
v -0.730718 0.289150 -0.016246
v 0.436617 0.679837 0.043080
v 0.452096 0.687689 0.016737
v 0.413806 0.675649 0.094914
v 0.423869 0.675750 0.068999
v 0.457396 0.617353 0.046878
v 0.436455 0.639322 0.057137
v 0.440537 0.607867 0.070780
v 0.391131 0.705891 0.207270
v 0.395078 0.694826 0.177470
v 0.409890 0.604733 0.143618
v 0.401698 0.645757 0.159289
v 0.404935 0.611099 0.169530
v 0.399880 0.685737 0.148953
v 0.405926 0.679126 0.121641
v 0.530937 0.568970 0.110810
v 0.484293 0.560697 0.115769
v 0.508769 0.556060 0.133307
v 0.449833 0.584900 0.084910
v 0.464467 0.569791 0.099695
v 0.483783 0.581400 0.076919
v 0.436088 0.557821 0.144824
v 0.448660 0.561961 0.122192
v 0.424454 0.576114 0.131192
v 0.413974 0.634912 0.106855
v 0.417202 0.601654 0.118753
v 0.427272 0.602586 0.094604
v 0.340957 0.786175 0.485883
v 0.355952 0.792011 0.455568
v 0.408121 0.732596 0.420312
v 0.387051 0.770394 0.442599
v 0.406701 0.750446 0.463801
v 0.366143 0.787596 0.419997
v 0.372942 0.776853 0.382429
v 0.444609 0.555550 0.316387
v 0.433643 0.589684 0.336553
v 0.449734 0.572552 0.353857
v 0.410956 0.637953 0.309311
v 0.421018 0.611630 0.321963
v 0.416639 0.592594 0.285507
v 0.434245 0.659595 0.407652
v 0.427295 0.634490 0.362827
v 0.420462 0.684429 0.392058
v 0.384482 0.732852 0.273134
v 0.387621 0.718859 0.240079
v 0.377686 0.762775 0.344433
v 0.381304 0.747734 0.308006
v 0.400763 0.649650 0.262486
v 0.393726 0.700024 0.285667
v 0.402184 0.668018 0.297402
v 0.406867 0.710833 0.376903
v 0.404481 0.688632 0.335608
v 0.392786 0.737349 0.361178
v 0.801859 0.530342 0.293004
v 0.758993 0.543523 0.301974
v 0.787272 0.527944 0.326287
v 0.684084 0.555425 0.248404
v 0.723151 0.551922 0.275333
v 0.741383 0.557617 0.245209
v 0.687747 0.540798 0.334232
v 0.705289 0.546323 0.305025
v 0.647287 0.541946 0.303896
v 0.538545 0.554286 0.153558
v 0.570881 0.554456 0.174586
v 0.593508 0.566922 0.150263
v 0.532652 0.535125 0.221852
v 0.550558 0.543782 0.198345
v 0.502057 0.534987 0.199686
v 0.666060 0.565798 0.195532
v 0.606378 0.555366 0.197464
v 0.644293 0.556073 0.222028
v 0.491469 0.530317 0.327754
v 0.496365 0.525805 0.297890
v 0.465237 0.533947 0.303324
v 0.589876 0.534115 0.300654
v 0.538614 0.527251 0.297803
v 0.576143 0.530183 0.327671
v 0.476627 0.526582 0.247457
v 0.505081 0.525483 0.270919
v 0.517294 0.528792 0.245984
v 0.624440 0.547397 0.248293
v 0.567508 0.537155 0.246853
v 0.606215 0.539977 0.274399
v 0.395778 0.668299 0.218401
v 0.406512 0.602764 0.239974
v 0.400546 0.633481 0.229080
v 0.401864 0.620601 0.198208
v 0.410637 0.582195 0.181469
v 0.443396 0.542542 0.282974
v 0.452411 0.531988 0.227159
v 0.446041 0.534850 0.253536
v 0.426866 0.556754 0.266118
v 0.414956 0.576808 0.252145
v 0.490517 0.545642 0.156261
v 0.426741 0.556660 0.169011
v 0.452947 0.545214 0.160962
v 0.474975 0.537961 0.179175
v 0.462222 0.533266 0.202465
v 0.416029 0.565903 0.222042
v 0.433709 0.542681 0.209598
v 0.419981 0.559308 0.194544
v 0.029293 0.459738 0.761976
v 0.042802 0.433803 0.675455
v 0.087700 0.382353 0.624294
v 0.065840 0.404459 0.644806
v 0.075953 0.382060 0.665128
v 0.057538 0.439519 0.643810
v 0.077420 0.481862 0.664888
v 0.200785 0.378894 0.683808
v 0.165941 0.369414 0.649691
v 0.163946 0.321543 0.621591
v 0.166586 0.475443 0.701448
v 0.168014 0.423703 0.681131
v 0.199389 0.476257 0.718733
v 0.114681 0.331097 0.606603
v 0.136070 0.365294 0.626428
v 0.110624 0.369162 0.617618
v 0.137492 0.575170 0.665911
v 0.143206 0.546551 0.597353
v 0.101502 0.537734 0.699194
v 0.123270 0.574298 0.704527
v 0.175681 0.529002 0.676671
v 0.150245 0.551664 0.690977
v 0.160416 0.519004 0.704448
v 0.108567 0.420606 0.645085
v 0.135681 0.476672 0.687417
v 0.106078 0.479094 0.675672
v 0.469667 0.329577 0.759936
v 0.453168 0.354076 0.787838
v 0.431592 0.298388 0.749540
v 0.425306 0.412970 0.741300
v 0.449901 0.393436 0.783104
v 0.439624 0.385500 0.711326
v 0.385888 0.335185 0.780834
v 0.431258 0.375960 0.808712
v 0.402835 0.392842 0.818306
v 0.329818 0.463483 0.579133
v 0.339798 0.437823 0.595370
v 0.353006 0.448653 0.571175
v 0.349013 0.463706 0.719839
v 0.341250 0.446240 0.648271
v 0.317112 0.462759 0.658193
v 0.374573 0.399008 0.606071
v 0.360558 0.424623 0.630522
v 0.391249 0.419594 0.683016
v 0.233991 0.337205 0.690224
v 0.284756 0.400842 0.764036
v 0.242358 0.391300 0.725682
v 0.367481 0.402960 0.813818
v 0.327479 0.405412 0.795008
v 0.315203 0.348384 0.758504
v 0.313317 0.478372 0.775456
v 0.327454 0.451319 0.802422
v 0.348517 0.471308 0.782832
v 0.405618 0.437866 0.764990
v 0.379858 0.457812 0.779428
v 0.400461 0.435506 0.817545
v 0.286696 0.720593 0.516024
v 0.315175 0.760460 0.509963
v 0.218744 0.602403 0.489106
v 0.253386 0.665509 0.507929
v 0.349163 0.718471 0.564958
v 0.302139 0.698617 0.541155
v 0.314481 0.669833 0.560823
v 0.145112 0.508925 0.523800
v 0.149963 0.490365 0.476256
v 0.207453 0.498079 0.500392
v 0.175154 0.486184 0.480200
v 0.189491 0.476425 0.507674
v 0.163435 0.501881 0.459659
v 0.186986 0.542605 0.468308
v 0.363397 0.544915 0.587988
v 0.327736 0.546098 0.578487
v 0.327308 0.502024 0.576167
v 0.322917 0.633556 0.573665
v 0.327047 0.591504 0.579026
v 0.367028 0.645343 0.593863
v 0.255736 0.492573 0.544199
v 0.287425 0.535853 0.557498
v 0.246189 0.517724 0.529232
v 0.228675 0.575102 0.504146
v 0.237559 0.546142 0.516931
v 0.275410 0.608450 0.541968
v 0.243418 0.441114 0.744852
v 0.287757 0.487454 0.722783
v 0.274669 0.480258 0.759550
v 0.236121 0.478732 0.739309
v 0.221305 0.500780 0.709999
v 0.301175 0.471916 0.577439
v 0.237123 0.472256 0.555323
v 0.269204 0.473605 0.567902
v 0.289352 0.464135 0.605363
v 0.288498 0.474782 0.659969
v 0.161892 0.508192 0.565303
v 0.201777 0.509473 0.664579
v 0.181218 0.509945 0.613823
v 0.182609 0.484079 0.548273
v 0.207472 0.473652 0.546452
v 0.258572 0.484474 0.659006
v 0.230806 0.477594 0.597592
v 0.229304 0.495021 0.659243
v 0.707894 0.027214 0.427108
v 0.680649 0.043131 0.437139
v 0.736148 0.017916 0.483953
v 0.741843 0.104213 0.454346
v 0.684358 0.069878 0.429269
v 0.713894 0.081522 0.410072
v 0.660509 0.050155 0.489370
v 0.665200 0.059450 0.454121
v 0.658770 0.076708 0.477429
v 0.775951 0.227841 0.429951
v 0.829026 0.211746 0.471384
v 0.813695 0.214614 0.420916
v 0.818684 0.194429 0.554907
v 0.832876 0.205445 0.518097
v 0.805667 0.223507 0.533863
v 0.840396 0.158881 0.458706
v 0.845476 0.183651 0.493030
v 0.810924 0.145248 0.484705
v 0.575868 0.112153 0.537374
v 0.648994 0.133999 0.560558
v 0.637694 0.152877 0.583461
v 0.656883 0.095360 0.505193
v 0.654770 0.114564 0.533738
v 0.611648 0.080921 0.508953
v 0.768405 0.199497 0.600717
v 0.722549 0.157110 0.576871
v 0.781566 0.177977 0.575821
v 0.766587 0.129015 0.499828
v 0.780966 0.154145 0.541542
v 0.712247 0.111820 0.505028
v 0.804363 0.497124 0.348845
v 0.799881 0.460095 0.359489
v 0.815642 0.469654 0.324702
v 0.747297 0.428747 0.416311
v 0.777529 0.446698 0.390636
v 0.763490 0.471863 0.413770
v 0.762384 0.376771 0.327266
v 0.777049 0.414373 0.361240
v 0.740574 0.364569 0.355525
v 0.558366 0.317991 0.446863
v 0.609489 0.347856 0.448207
v 0.584931 0.361507 0.459458
v 0.643120 0.311816 0.414285
v 0.628989 0.331100 0.432967
v 0.609217 0.293515 0.428326
v 0.690240 0.426592 0.454420
v 0.661291 0.378153 0.445345
v 0.708076 0.405604 0.434989
v 0.701548 0.237830 0.342738
v 0.678311 0.252806 0.355867
v 0.714432 0.238600 0.385234
v 0.701166 0.316613 0.347181
v 0.675641 0.278310 0.344541
v 0.688334 0.286044 0.316155
v 0.655065 0.264674 0.404103
v 0.663761 0.270869 0.373329
v 0.653599 0.290982 0.393503
v 0.715485 0.379369 0.409530
v 0.678842 0.330837 0.398731
v 0.712209 0.348864 0.379394
v 0.456440 0.252174 0.690122
v 0.498105 0.276740 0.695570
v 0.485361 0.299970 0.723773
v 0.530637 0.237318 0.653554
v 0.512796 0.255814 0.671886
v 0.476578 0.209573 0.633637
v 0.485647 0.300147 0.617610
v 0.515133 0.287611 0.665024
v 0.508451 0.285114 0.607282
v 0.620371 0.171866 0.602754
v 0.598901 0.188581 0.616643
v 0.539947 0.143113 0.565268
v 0.617329 0.255933 0.614475
v 0.630618 0.230019 0.638476
v 0.660756 0.246630 0.620084
v 0.504452 0.174332 0.593843
v 0.575280 0.204545 0.628122
v 0.551945 0.220380 0.639511
v 0.483969 0.299109 0.448516
v 0.487379 0.276120 0.460091
v 0.514051 0.292021 0.447901
v 0.491430 0.276627 0.542736
v 0.480747 0.271537 0.491108
v 0.449464 0.277784 0.488427
v 0.563981 0.265032 0.510478
v 0.519396 0.267781 0.499230
v 0.570595 0.265430 0.558187
v 0.564899 0.256232 0.644405
v 0.575470 0.264461 0.607989
v 0.538487 0.273642 0.604542
v 0.733001 0.239545 0.434096
v 0.652989 0.259970 0.440384
v 0.691511 0.250064 0.437238
v 0.751995 0.240173 0.486946
v 0.765263 0.238530 0.539759
v 0.547389 0.285502 0.447357
v 0.613286 0.261873 0.521548
v 0.566168 0.268382 0.472159
v 0.581623 0.278005 0.445933
v 0.616421 0.269462 0.443454
v 0.692316 0.198266 0.622374
v 0.764545 0.232129 0.586108
v 0.741670 0.218961 0.616156
v 0.704268 0.234565 0.621809
v 0.670143 0.254433 0.580864
v 0.657324 0.257913 0.483238
v 0.665454 0.257016 0.531829
v 0.717263 0.249485 0.538587
v 0.361523 0.772008 0.518315
v 0.395705 0.726003 0.573044
v 0.380243 0.752436 0.548062
v 0.398738 0.760952 0.511582
v 0.424854 0.730521 0.491866
v 0.398796 0.537083 0.585797
v 0.408196 0.594788 0.597818
v 0.465632 0.644729 0.558841
v 0.444342 0.630527 0.589151
v 0.468181 0.602090 0.567248
v 0.410955 0.647038 0.599856
v 0.406549 0.690826 0.591212
v 0.459076 0.595739 0.403463
v 0.471652 0.561663 0.381294
v 0.441116 0.686852 0.463285
v 0.450700 0.639470 0.432150
v 0.484958 0.598894 0.482639
v 0.468170 0.619977 0.457696
v 0.472226 0.638905 0.511779
v 0.431542 0.710993 0.563921
v 0.456136 0.679147 0.541319
v 0.441853 0.707119 0.518128
v 0.481795 0.336051 0.717614
v 0.439961 0.303806 0.557396
v 0.466400 0.323586 0.640321
v 0.452666 0.352818 0.673317
v 0.415070 0.358521 0.616463
v 0.500991 0.341062 0.459330
v 0.454248 0.310165 0.451946
v 0.412903 0.344035 0.476362
v 0.430477 0.324669 0.460709
v 0.452569 0.373531 0.480368
v 0.425942 0.291809 0.459445
v 0.421957 0.290160 0.493053
v 0.373581 0.425074 0.551616
v 0.384871 0.476077 0.566933
v 0.385035 0.366610 0.570841
v 0.371588 0.387539 0.549854
v 0.420549 0.422570 0.521849
v 0.388060 0.396941 0.525651
v 0.399756 0.368861 0.499055
v 0.404321 0.309407 0.509768
v 0.391289 0.329715 0.490918
v 0.393475 0.335551 0.536998
v 0.774703 0.520124 0.362785
v 0.676910 0.534295 0.368947
v 0.729939 0.531676 0.368874
v 0.758087 0.509656 0.397237
v 0.735533 0.495241 0.427769
v 0.494176 0.538997 0.366936
v 0.526736 0.529419 0.361492
v 0.599881 0.519967 0.433242
v 0.564797 0.527735 0.398021
v 0.558513 0.526192 0.434296
v 0.570021 0.528455 0.362039
v 0.621270 0.531686 0.365615
v 0.615308 0.416716 0.474156
v 0.559720 0.379975 0.470020
v 0.704570 0.475236 0.452494
v 0.664594 0.449128 0.468408
v 0.593891 0.478607 0.480908
v 0.630627 0.465558 0.476212
v 0.624553 0.500283 0.461618
v 0.663765 0.526463 0.402877
v 0.647078 0.515757 0.434597
v 0.694510 0.508889 0.433974
v 0.424868 0.514598 0.570054
v 0.461255 0.457257 0.523520
v 0.444330 0.486008 0.547155
v 0.461419 0.547916 0.563697
v 0.486617 0.567181 0.540959
v 0.530273 0.395218 0.478687
v 0.557834 0.491488 0.487228
v 0.552251 0.448468 0.490534
v 0.502970 0.411710 0.488889
v 0.480101 0.431873 0.503373
v 0.497821 0.551469 0.411016
v 0.498913 0.571212 0.503275
v 0.500943 0.563969 0.457984
v 0.524655 0.539766 0.441830
v 0.546788 0.521509 0.469121
v 0.499122 0.488025 0.517077
v 0.527977 0.509643 0.498313
v 0.505019 0.535082 0.516502
v -0.032799 0.484806 0.870302
v 0.000000 0.493297 0.863611
v -0.078189 0.369004 0.697625
v -0.060033 0.434211 0.799731
v 0.000000 0.424128 0.878506
v -0.031374 0.434277 0.847507
v -0.029063 0.374770 0.798347
v -0.204342 0.372246 0.787747
v -0.163940 0.358277 0.736204
v -0.107858 0.319635 0.745701
v -0.134615 0.336254 0.735588
v -0.144832 0.333566 0.803789
v -0.122686 0.330380 0.659790
v -0.095020 0.327685 0.636623
v 0.000000 0.258052 0.801764
v -0.027931 0.277396 0.798034
v -0.030512 0.272605 0.881573
v -0.027077 0.322140 0.753758
v -0.026536 0.289874 0.749034
v 0.000000 0.311428 0.778398
v -0.089348 0.305062 0.845355
v -0.055370 0.292929 0.783431
v -0.081759 0.306094 0.763725
v -0.074517 0.327287 0.675043
v -0.075817 0.308305 0.697340
v -0.052082 0.326817 0.717123
v -0.378462 0.233902 0.665853
v -0.409799 0.285202 0.776382
v -0.377954 0.267442 0.861911
v -0.398258 0.279306 0.826073
v -0.363741 0.224804 0.763541
v -0.417660 0.327824 0.855794
v -0.372769 0.330711 0.830116
v -0.241272 0.180795 0.863931
v -0.278258 0.204627 0.877660
v -0.265110 0.163847 0.844780
v -0.245836 0.238284 0.759191
v -0.269409 0.229689 0.840935
v -0.207054 0.209202 0.726052
v -0.324167 0.200346 0.826629
v -0.315317 0.228367 0.885612
v -0.349425 0.249908 0.881682
v -0.232140 0.307022 0.693056
v -0.226685 0.348087 0.761070
v -0.300951 0.303402 0.733498
v -0.249421 0.286890 0.669671
v -0.191635 0.243672 0.657766
v -0.219052 0.263868 0.661632
v -0.224148 0.243756 0.684714
v -0.352447 0.286324 0.879122
v -0.287957 0.269835 0.791435
v -0.331320 0.301533 0.816943
v 0.000000 0.031738 0.916952
v -0.030782 0.050913 0.919900
v -0.033163 0.020496 0.992257
v -0.026781 0.099697 0.795725
v -0.027872 0.075009 0.831147
v 0.000000 0.084170 0.808012
v -0.094933 0.058672 0.942904
v -0.060975 0.069282 0.908589
v -0.089693 0.086482 0.888640
v -0.033002 0.258093 0.956129
v -0.033143 0.225760 0.968492
v 0.000000 0.237524 0.961488
v -0.077117 0.154590 0.753345
v -0.059697 0.191376 0.873286
v -0.084648 0.198476 0.820766
v 0.000000 0.164266 0.940066
v -0.031100 0.180096 0.915199
v -0.028260 0.134735 0.836680
v -0.203646 0.125860 0.848851
v -0.173675 0.137616 0.846045
v -0.205258 0.157654 0.851044
v -0.117411 0.103067 0.867204
v -0.144792 0.119677 0.851637
v -0.148942 0.092051 0.880246
v -0.118584 0.147508 0.690304
v -0.131093 0.135733 0.767209
v -0.097019 0.135534 0.709572
v -0.052059 0.113238 0.770512
v -0.075306 0.124773 0.738858
v -0.080881 0.105945 0.797248
v -0.199863 0.333431 0.778492
v -0.167171 0.228404 0.664727
v -0.183910 0.278878 0.723767
v -0.173684 0.320251 0.800270
v -0.148068 0.309035 0.828620
v -0.191432 0.175598 0.785299
v -0.116815 0.169534 0.672560
v -0.143005 0.163119 0.685687
v -0.172090 0.183517 0.698576
v -0.161656 0.196429 0.649405
v -0.064687 0.275170 0.933086
v -0.121844 0.298889 0.863305
v -0.094375 0.288291 0.899986
v -0.092405 0.249301 0.888364
v -0.106567 0.204830 0.768731
v -0.145901 0.217360 0.685353
v -0.126368 0.210121 0.720973
v -0.140111 0.262705 0.791882
v -0.720511 -0.017536 0.473673
v -0.794484 0.000000 0.554791
v -0.757255 -0.039103 0.594759
v -0.777500 -0.019679 0.576105
v -0.692429 -0.052579 0.513019
v -0.810159 0.020506 0.600304
v -0.736149 0.038013 0.578183
v -0.646060 -0.110436 0.638453
v -0.676992 -0.093940 0.631916
v -0.598626 -0.116585 0.558610
v -0.660918 -0.018390 0.617083
v -0.708711 -0.058906 0.661644
v -0.628092 -0.035633 0.620697
v -0.651515 -0.086196 0.542126
v -0.706510 -0.076503 0.622838
v -0.733429 -0.058229 0.610633
v -0.628395 0.087197 0.586554
v -0.662978 0.113328 0.655172
v -0.633827 0.050322 0.527707
v -0.593670 0.064284 0.523362
v -0.541679 0.030730 0.535302
v -0.568527 0.047255 0.530771
v -0.585518 0.016292 0.546684
v -0.767858 -0.020320 0.639237
v -0.690198 0.000000 0.608685
v -0.715554 0.018936 0.595694
v -0.479407 -0.257178 0.775696
v -0.491966 -0.234066 0.744385
v -0.460138 -0.254217 0.695713
v -0.422373 -0.137849 0.639805
v -0.473685 -0.189665 0.717165
v -0.406397 -0.153762 0.657565
v -0.469908 -0.206640 0.624770
v -0.504172 -0.212155 0.714969
v -0.518328 -0.192209 0.690384
v -0.500701 -0.018511 0.759194
v -0.468116 -0.050765 0.709715
v -0.488444 -0.036503 0.790319
v -0.415773 -0.069874 0.555714
v -0.416991 -0.058149 0.593198
v -0.426397 -0.043477 0.570242
v -0.409063 -0.092092 0.661877
v -0.411751 -0.074263 0.624138
v -0.389673 -0.098459 0.590496
v -0.542381 -0.143759 0.567816
v -0.584676 -0.142096 0.650287
v -0.613982 -0.126772 0.644471
v -0.536288 -0.174056 0.671519
v -0.558416 -0.157645 0.658699
v -0.496224 -0.171488 0.584157
v -0.518827 -0.081816 0.614260
v -0.569311 -0.125061 0.672827
v -0.488798 -0.095234 0.613935
v -0.440317 -0.122657 0.625656
v -0.462243 -0.108565 0.617056
v -0.514664 -0.155663 0.686242
v -0.451608 0.214864 0.683319
v -0.389099 0.208733 0.629575
v -0.497443 0.184464 0.662566
v -0.505189 0.212583 0.716411
v -0.481661 0.182238 0.779343
v -0.493054 0.197420 0.746490
v -0.478246 0.156085 0.724441
v -0.619169 0.127843 0.649916
v -0.517756 0.125832 0.575857
v -0.466660 0.090921 0.586130
v -0.490725 0.107798 0.579952
v -0.558609 0.088089 0.661359
v -0.444274 0.125422 0.524059
v -0.450671 0.146268 0.564312
v -0.404255 0.030212 0.654098
v -0.415586 0.045068 0.630075
v -0.472895 0.017483 0.717032
v -0.423476 0.107000 0.641718
v -0.390200 0.070376 0.591471
v -0.418842 0.094294 0.677701
v -0.508810 0.051881 0.680456
v -0.429112 0.059840 0.610441
v -0.445839 0.074927 0.595899
v -0.438739 0.132699 0.585005
v -0.410153 0.096331 0.547522
v -0.429886 0.119751 0.610834
v -0.638058 -0.093845 0.669546
v -0.462013 -0.043706 0.546670
v -0.553592 -0.067358 0.616859
v -0.590728 -0.052036 0.619759
v -0.524079 -0.015461 0.549781
v -0.514623 0.000000 0.732371
v -0.552341 0.036070 0.694795
v -0.531645 0.018070 0.710922
v -0.486939 -0.016550 0.651141
v -0.441965 -0.028862 0.555951
v -0.633396 0.093160 0.664653
v -0.513828 0.015159 0.539028
v -0.573529 0.050521 0.601714
v -0.604240 0.073521 0.673296
v -0.576952 0.054579 0.682669
v -0.462244 -0.014578 0.546998
v -0.523635 0.016514 0.619645
v -0.486712 0.000000 0.542123
v 0.000000 -0.445798 0.780454
v -0.028177 -0.416475 0.747638
v -0.026417 -0.414607 0.687175
v -0.032999 -0.425525 0.906466
v -0.031298 -0.433223 0.845450
v 0.000000 -0.437452 0.906106
v -0.075758 -0.381079 0.663419
v -0.053119 -0.384206 0.707631
v -0.074876 -0.353373 0.668073
v -0.027439 -0.245149 0.792785
v -0.026593 -0.264110 0.759809
v 0.000000 -0.265203 0.823979
v -0.093830 -0.351287 0.876483
v -0.058187 -0.307834 0.823294
v -0.087522 -0.298829 0.828081
v 0.000000 -0.314436 0.785916
v -0.028685 -0.313354 0.809707
v -0.031791 -0.378223 0.884985
v -0.188337 -0.369378 0.714065
v -0.138799 -0.303333 0.623304
v -0.167216 -0.304614 0.644624
v -0.095029 -0.327717 0.636684
v -0.115403 -0.310767 0.620623
v -0.125918 -0.363539 0.666040
v -0.133790 -0.308134 0.742506
v -0.118992 -0.297229 0.650217
v -0.114290 -0.338695 0.790168
v -0.064096 -0.402207 0.882548
v -0.091395 -0.371651 0.840618
v -0.082285 -0.361403 0.745409
v -0.032654 -0.020182 0.977030
v -0.029767 -0.049235 0.889575
v 0.000000 -0.034646 1.000963
v -0.080433 -0.077554 0.796898
v -0.052215 -0.059330 0.778066
v -0.075121 -0.046427 0.746125
v 0.000000 -0.086939 0.834590
v -0.027163 -0.073101 0.810003
v -0.027166 -0.101130 0.807163
v -0.160645 -0.123388 0.666070
v -0.151631 -0.120149 0.738661
v -0.171504 -0.105995 0.714871
v -0.113584 -0.158675 0.830726
v -0.133070 -0.137779 0.778777
v -0.118750 -0.147715 0.691273
v -0.147518 -0.091171 0.871831
v -0.146857 -0.121384 0.863784
v -0.119123 -0.104570 0.879853
v 0.000000 -0.242212 0.980463
v -0.033192 -0.226092 0.969919
v -0.030826 -0.241075 0.893086
v -0.029793 -0.142045 0.882073
v -0.032692 -0.189313 0.962036
v 0.000000 -0.150218 0.859675
v -0.081304 -0.190636 0.788344
v -0.064010 -0.205203 0.936381
v -0.090787 -0.181993 0.886887
v -0.090043 -0.117946 0.887556
v -0.095045 -0.157477 0.932518
v -0.060135 -0.130804 0.890036
v -0.449017 -0.310435 0.779802
v -0.438140 -0.304926 0.830076
v -0.460289 -0.284474 0.809817
v -0.372928 -0.330852 0.830470
v -0.408952 -0.320989 0.837952
v -0.415122 -0.360578 0.839987
v -0.339233 -0.209658 0.712096
v -0.371480 -0.260526 0.770530
v -0.312704 -0.221271 0.713111
v -0.203136 -0.311926 0.682006
v -0.243280 -0.321756 0.726316
v -0.267398 -0.385348 0.788767
v -0.223480 -0.243030 0.682674
v -0.221240 -0.266504 0.668240
v -0.197228 -0.250784 0.676963
v -0.350393 -0.387278 0.843184
v -0.286983 -0.330096 0.770522
v -0.331112 -0.333809 0.807009
v -0.248337 -0.153480 0.791330
v -0.274389 -0.201782 0.865459
v -0.208933 -0.156562 0.748134
v -0.302816 -0.216573 0.764077
v -0.307735 -0.222876 0.864317
v -0.337939 -0.208858 0.861747
v -0.241338 -0.243841 0.846269
v -0.274767 -0.234257 0.857659
v -0.249655 -0.241986 0.770987
v -0.297897 -0.271115 0.734532
v -0.252748 -0.236842 0.694664
v -0.283196 -0.230065 0.706387
v -0.052503 -0.223341 0.757338
v -0.095877 -0.184282 0.691614
v -0.074970 -0.202263 0.720748
v -0.078213 -0.238918 0.745856
v -0.116495 -0.285769 0.825408
v -0.172513 -0.158244 0.707689
v -0.207806 -0.252507 0.834800
v -0.195849 -0.208853 0.795022
v -0.142370 -0.162394 0.682640
v -0.117634 -0.170723 0.677274
v -0.159938 -0.266824 0.622979
v -0.147165 -0.307151 0.823569
v -0.153046 -0.282197 0.705178
v -0.173602 -0.263248 0.683202
v -0.196696 -0.268743 0.782127
v -0.131025 -0.217863 0.747540
v -0.175961 -0.262142 0.826554
v -0.145765 -0.273306 0.823835
v -0.373256 0.198464 0.656075
v -0.462406 0.168458 0.811610
v -0.415248 0.185663 0.729314
v -0.357675 0.188213 0.684994
v -0.340105 0.176802 0.712035
v -0.385978 0.016102 0.676633
v -0.379310 0.045962 0.665029
v -0.432475 0.101563 0.900810
v -0.418907 0.072930 0.798831
v -0.409310 0.058577 0.851837
v -0.421028 0.084725 0.738354
v -0.465034 0.131040 0.815839
v -0.266463 0.131228 0.752970
v -0.237955 0.114043 0.754070
v -0.318789 0.163285 0.733665
v -0.294025 0.147977 0.747136
v -0.330291 0.092562 0.833959
v -0.294511 0.115054 0.745914
v -0.370892 0.113701 0.849412
v -0.438201 0.152261 0.836943
v -0.407649 0.133860 0.850651
v -0.360437 0.152618 0.753407
v -0.431113 -0.229227 0.757771
v -0.347928 -0.180869 0.728412
v -0.365639 -0.192404 0.700246
v -0.387292 -0.173163 0.680214
v -0.373697 -0.136141 0.655908
v -0.226099 -0.108361 0.716500
v -0.295577 -0.145566 0.835240
v -0.386343 -0.118437 0.884799
v -0.342978 -0.133988 0.868669
v -0.309017 -0.086600 0.780244
v -0.359084 -0.180721 0.912457
v -0.368144 -0.188564 0.847251
v -0.472361 -0.057237 0.828171
v -0.436580 -0.018214 0.765342
v -0.407908 -0.114943 0.715619
v -0.457462 -0.092057 0.802247
v -0.383240 -0.054846 0.797580
v -0.451375 -0.078582 0.860748
v -0.423151 -0.099374 0.881389
v -0.389760 -0.165034 0.814700
v -0.426928 -0.140190 0.890880
v -0.402432 -0.139832 0.768625
v -0.063281 0.000000 0.945237
v -0.115278 0.035562 0.855621
v -0.090866 0.018716 0.902002
v -0.080061 -0.016490 0.794740
v -0.096569 -0.029791 0.716761
v -0.208856 0.096431 0.755648
v -0.183306 0.080665 0.763492
v -0.169028 0.014938 0.703497
v -0.164193 0.043262 0.683544
v -0.201799 0.030920 0.730117
v -0.159931 0.065737 0.782210
v -0.137914 0.051078 0.813385
v -0.197519 -0.086920 0.822690
v -0.198370 -0.091590 0.717711
v -0.132978 -0.049250 0.784274
v -0.176830 -0.072683 0.864861
v -0.244373 -0.037443 0.884150
v -0.208962 -0.055057 0.869919
v -0.193382 -0.017090 0.804859
v -0.120932 0.014941 0.713478
v -0.141587 0.000000 0.691690
v -0.118072 -0.014587 0.696606
v -0.369352 0.000000 0.703960
v -0.324546 -0.033373 0.741490
v -0.349341 -0.016676 0.727145
v -0.363537 0.017353 0.756692
v -0.388895 0.039990 0.888508
v -0.229057 -0.078274 0.726329
v -0.284038 -0.019535 0.901231
v -0.259836 -0.053211 0.824266
v -0.262064 -0.064526 0.737947
v -0.294633 -0.049641 0.744707
v -0.223589 0.076405 0.708990
v -0.364020 0.061332 0.920087
v -0.285965 0.070411 0.805249
v -0.242023 0.049563 0.767759
v -0.274191 0.018857 0.869985
v -0.321901 -0.018086 0.813485
v -0.323677 0.000000 0.912133
v -0.359804 0.020216 0.909269
v -0.691285 -0.026053 0.385083
v -0.678702 -0.026092 0.409495
v -0.778420 -0.028337 0.365416
v -0.728585 -0.026972 0.373340
v -0.803495 -0.091754 0.461541
v -0.768478 -0.057687 0.417243
v -0.845251 -0.094734 0.447090
v -0.849257 -0.029394 0.262612
v -0.864470 -0.030256 0.300490
v -0.805099 -0.086188 0.322677
v -0.843352 -0.059605 0.315334
v -0.757550 -0.080067 0.273376
v -0.856786 -0.030353 0.331574
v -0.826026 -0.029673 0.353025
v -0.682348 -0.179971 0.352971
v -0.697415 -0.155302 0.339400
v -0.686192 -0.177999 0.324257
v -0.845574 -0.126207 0.435238
v -0.772662 -0.143674 0.386898
v -0.818073 -0.154660 0.446522
v -0.689431 -0.124227 0.286109
v -0.724160 -0.132523 0.331030
v -0.761757 -0.110180 0.326517
v -0.853499 -0.061986 0.388969
v -0.843365 -0.091693 0.372865
v -0.859451 -0.094874 0.416695
v -0.714193 -0.023870 0.014752
v -0.696828 -0.023317 0.038567
v -0.800152 -0.080762 0.077870
v -0.740175 -0.049672 0.056440
v -0.834209 -0.083989 0.051908
v -0.687923 -0.023069 0.062084
v -0.690737 -0.023248 0.086543
v -0.836719 -0.201803 0.155001
v -0.866395 -0.177852 0.140926
v -0.804371 -0.192975 0.119265
v -0.774885 -0.105949 0.148009
v -0.855281 -0.146142 0.151314
v -0.822421 -0.141280 0.175740
v -0.876393 -0.148290 0.091648
v -0.873402 -0.148492 0.122736
v -0.850430 -0.115140 0.101074
v -0.774804 -0.026515 0.180610
v -0.814855 -0.028126 0.219958
v -0.707337 -0.023891 0.113906
v -0.736555 -0.025029 0.144942
v -0.678607 -0.069987 0.164099
v -0.691360 -0.047260 0.151508
v -0.693508 -0.070992 0.142311
v -0.761686 -0.077273 0.101220
v -0.723687 -0.073760 0.122211
v -0.689591 -0.046592 0.101346
v -0.665839 -0.383396 0.265067
v -0.674252 -0.355891 0.247684
v -0.697649 -0.396534 0.245072
v -0.754463 -0.338796 0.300571
v -0.694336 -0.338862 0.265975
v -0.728390 -0.359971 0.312673
v -0.687876 -0.327695 0.202527
v -0.679856 -0.327765 0.229868
v -0.686875 -0.301200 0.213130
v -0.747766 -0.222723 0.342002
v -0.822615 -0.275535 0.364417
v -0.769904 -0.261003 0.376133
v -0.857584 -0.280738 0.305297
v -0.854235 -0.282818 0.340681
v -0.842311 -0.245401 0.312038
v -0.844109 -0.350777 0.387703
v -0.854346 -0.318204 0.366006
v -0.823359 -0.337820 0.340572
v -0.717261 -0.225092 0.139115
v -0.754516 -0.239216 0.175916
v -0.794673 -0.221930 0.166301
v -0.699857 -0.277365 0.198371
v -0.721992 -0.257061 0.186175
v -0.681237 -0.267151 0.165108
v -0.855783 -0.244051 0.246583
v -0.797127 -0.255374 0.217723
v -0.835198 -0.270448 0.262139
v -0.781658 -0.317010 0.288509
v -0.809236 -0.294434 0.275904
v -0.735797 -0.294987 0.239644
v -0.759741 -0.052670 0.224050
v -0.695789 -0.096455 0.185394
v -0.683970 -0.071144 0.191942
v -0.712069 -0.074670 0.228095
v -0.683752 -0.096502 0.236725
v -0.858523 -0.209282 0.191972
v -0.850351 -0.211677 0.257211
v -0.864671 -0.213006 0.227150
v -0.854296 -0.178170 0.203230
v -0.779557 -0.135399 0.196505
v -0.718148 -0.184371 0.307586
v -0.678223 -0.121193 0.252944
v -0.692161 -0.150221 0.276988
v -0.766666 -0.194811 0.295408
v -0.815053 -0.204977 0.280057
v -0.732978 -0.128472 0.213620
v -0.776546 -0.165315 0.246282
v -0.695210 -0.123007 0.230634
v -0.819651 -0.031510 -0.494537
v -0.831531 -0.031338 -0.463208
v -0.815567 -0.091407 -0.431389
v -0.855401 -0.064212 -0.464437
v -0.817820 -0.093390 -0.469769
v -0.839056 -0.031062 -0.429947
v -0.843455 -0.030705 -0.395945
v -0.725217 -0.188122 -0.342698
v -0.685114 -0.152563 -0.333413
v -0.718956 -0.189627 -0.371908
v -0.737208 -0.106630 -0.315994
v -0.688467 -0.125991 -0.314714
v -0.686734 -0.123741 -0.284989
v -0.692786 -0.130974 -0.378138
v -0.690702 -0.128434 -0.345858
v -0.743990 -0.111045 -0.382950
v -0.846932 -0.029642 -0.294393
v -0.845809 -0.029274 -0.261546
v -0.845933 -0.030388 -0.361533
v -0.846939 -0.030004 -0.327763
v -0.812862 -0.085913 -0.293337
v -0.860645 -0.060827 -0.321800
v -0.810482 -0.086765 -0.324834
v -0.812388 -0.089678 -0.393877
v -0.810325 -0.088101 -0.358258
v -0.858117 -0.062322 -0.391073
v -0.680770 -0.386941 -0.239143
v -0.710968 -0.375271 -0.261172
v -0.673111 -0.387583 -0.267962
v -0.810325 -0.355333 -0.251435
v -0.758987 -0.365916 -0.256623
v -0.766813 -0.365300 -0.225768
v -0.748756 -0.370035 -0.321415
v -0.753216 -0.367598 -0.288530
v -0.800024 -0.359256 -0.318723
v -0.763740 -0.213291 -0.159828
v -0.828332 -0.262618 -0.193126
v -0.817111 -0.256427 -0.158481
v -0.840115 -0.272040 -0.263683
v -0.835787 -0.267760 -0.228283
v -0.785783 -0.224088 -0.226413
v -0.855315 -0.335416 -0.207299
v -0.860134 -0.306246 -0.221797
v -0.850475 -0.337057 -0.241062
v -0.828313 -0.280804 -0.404668
v -0.836407 -0.280155 -0.370527
v -0.787902 -0.234677 -0.360359
v -0.838969 -0.344225 -0.347029
v -0.854298 -0.318186 -0.365986
v -0.835200 -0.347075 -0.383611
v -0.794202 -0.231385 -0.294216
v -0.840597 -0.278303 -0.335242
v -0.841677 -0.275531 -0.299635
v -0.845916 -0.339135 -0.275509
v -0.859530 -0.312733 -0.293052
v -0.842172 -0.341552 -0.310845
v -0.764437 -0.025580 -0.042309
v -0.740889 -0.024762 -0.015304
v -0.805217 -0.027100 -0.100886
v -0.786416 -0.026372 -0.070973
v -0.885186 -0.089122 -0.055080
v -0.857283 -0.057531 -0.065370
v -0.881211 -0.088943 -0.085759
v -0.843498 -0.029114 -0.227690
v -0.838764 -0.028704 -0.195519
v -0.848173 -0.086824 -0.174049
v -0.874590 -0.059786 -0.191662
v -0.836100 -0.086229 -0.202184
v -0.831219 -0.028246 -0.163570
v -0.820200 -0.027703 -0.132081
v -0.689320 -0.165374 -0.102206
v -0.679527 -0.139492 -0.110531
v -0.697620 -0.168255 -0.129233
v -0.819118 -0.110900 -0.097352
v -0.729109 -0.123960 -0.102459
v -0.749057 -0.126744 -0.078332
v -0.702026 -0.120598 -0.150013
v -0.713500 -0.121916 -0.126231
v -0.780489 -0.106715 -0.149079
v -0.874896 -0.059112 -0.128579
v -0.860528 -0.087707 -0.145320
v -0.872218 -0.088487 -0.115908
v -0.729962 -0.187404 -0.312646
v -0.729120 -0.183366 -0.250530
v -0.731152 -0.185787 -0.281724
v -0.685574 -0.148791 -0.274352
v -0.685091 -0.122420 -0.255505
v -0.707755 -0.172529 -0.158259
v -0.692908 -0.120349 -0.174663
v -0.677582 -0.141315 -0.161191
v -0.716951 -0.176617 -0.188344
v -0.724285 -0.180296 -0.219079
v -0.867011 -0.060106 -0.255685
v -0.738518 -0.104232 -0.255686
v -0.817429 -0.085718 -0.261845
v -0.825315 -0.085847 -0.231608
v -0.752468 -0.104313 -0.200497
v -0.682035 -0.145195 -0.216308
v -0.687736 -0.120543 -0.200434
v -0.685333 -0.121259 -0.227358
v -0.420568 -0.639731 0.015570
v -0.442278 -0.633361 0.000000
v -0.438428 -0.666898 -0.016231
v -0.452439 -0.576051 0.029746
v -0.446596 -0.602718 0.015255
v -0.426732 -0.575966 0.043736
v -0.482304 -0.650971 -0.049431
v -0.466231 -0.629217 -0.015926
v -0.492098 -0.626545 -0.032354
v -0.521398 -0.527610 0.090188
v -0.493353 -0.528545 0.073342
v -0.494350 -0.529763 0.103174
v -0.525139 -0.562442 0.015650
v -0.505701 -0.541674 0.045023
v -0.538079 -0.544490 0.030890
v -0.445795 -0.535747 0.070880
v -0.474055 -0.537740 0.058228
v -0.461174 -0.553914 0.043977
v -0.581409 -0.623058 -0.121344
v -0.575288 -0.616325 -0.085522
v -0.600891 -0.608051 -0.103938
v -0.519749 -0.624269 -0.049563
v -0.547742 -0.621325 -0.067279
v -0.531066 -0.638223 -0.084437
v -0.576212 -0.583077 -0.033079
v -0.563209 -0.603273 -0.050143
v -0.545830 -0.584604 -0.016266
v -0.482013 -0.578999 0.015322
v -0.513788 -0.582593 0.000000
v -0.502781 -0.603946 -0.015982
v -0.753204 -0.465505 0.249721
v -0.790836 -0.522665 0.248672
v -0.734999 -0.486121 0.268572
v -0.821919 -0.542598 0.177087
v -0.821148 -0.542365 0.217164
v -0.835443 -0.516332 0.195356
v -0.773004 -0.581400 0.255668
v -0.800348 -0.564378 0.237490
v -0.777838 -0.583987 0.216557
v -0.705149 -0.465058 0.017194
v -0.732905 -0.483411 0.052424
v -0.753805 -0.465877 0.034817
v -0.690164 -0.516366 0.086779
v -0.712022 -0.500518 0.069797
v -0.665764 -0.497824 0.050760
v -0.817770 -0.505409 0.113783
v -0.766731 -0.505821 0.091229
v -0.799823 -0.527810 0.133363
v -0.585562 -0.559331 0.148251
v -0.612996 -0.551148 0.133947
v -0.562466 -0.535856 0.110641
v -0.730324 -0.583250 0.189298
v -0.671625 -0.569373 0.160739
v -0.702054 -0.596374 0.206099
v -0.618516 -0.522422 0.082383
v -0.640339 -0.541822 0.119023
v -0.666123 -0.530349 0.103330
v -0.779630 -0.548679 0.152843
v -0.722911 -0.541539 0.127189
v -0.756480 -0.567341 0.171595
v -0.649527 -0.429591 -0.237341
v -0.657884 -0.434798 -0.206867
v -0.662187 -0.409254 -0.219545
v -0.660651 -0.496006 -0.183931
v -0.658909 -0.464640 -0.195520
v -0.652893 -0.491061 -0.215942
v -0.671221 -0.414837 -0.156955
v -0.663115 -0.437985 -0.175370
v -0.665828 -0.439552 -0.143456
v -0.624184 -0.594654 -0.122781
v -0.641606 -0.576871 -0.140199
v -0.624269 -0.596305 -0.158051
v -0.655920 -0.522226 -0.101747
v -0.651938 -0.551636 -0.121179
v -0.645206 -0.544966 -0.085938
v -0.649220 -0.551492 -0.190588
v -0.653478 -0.553989 -0.156396
v -0.659543 -0.526724 -0.170952
v -0.703604 -0.434851 -0.032498
v -0.674515 -0.444898 -0.048247
v -0.685421 -0.452046 -0.016713
v -0.667285 -0.440348 -0.111263
v -0.669359 -0.441584 -0.079643
v -0.680378 -0.420497 -0.094666
v -0.651584 -0.487221 -0.049679
v -0.660770 -0.464491 -0.064773
v -0.656928 -0.491499 -0.082600
v -0.663299 -0.497458 -0.150459
v -0.661576 -0.495593 -0.116398
v -0.663902 -0.467234 -0.130155
v -0.551856 -0.525904 0.077350
v -0.608534 -0.514297 0.048652
v -0.581562 -0.521916 0.063504
v -0.555957 -0.529915 0.046679
v -0.569861 -0.543221 0.016026
v -0.669143 -0.470194 0.000000
v -0.638962 -0.507956 -0.033171
v -0.648480 -0.484949 -0.016482
v -0.651938 -0.487535 0.016570
v -0.632178 -0.502563 0.032819
v -0.617171 -0.588147 -0.086504
v -0.587795 -0.560315 -0.016530
v -0.604536 -0.576218 -0.050758
v -0.627912 -0.563511 -0.068565
v -0.633979 -0.535802 -0.050686
v -0.611143 -0.516450 0.016288
v -0.621318 -0.525049 -0.016559
v -0.598104 -0.536971 0.000000
v -0.809343 -0.054184 0.000000
v -0.862125 -0.116154 -0.035833
v -0.881040 -0.088755 -0.018281
v -0.864489 -0.087087 0.017937
v -0.883260 -0.119001 0.036711
v -0.732171 -0.202367 -0.093435
v -0.682405 -0.163838 -0.072098
v -0.682228 -0.163918 -0.014486
v -0.678893 -0.163076 -0.042967
v -0.696126 -0.192405 -0.029480
v -0.696478 -0.142402 -0.058532
v -0.774634 -0.131344 -0.048645
v -0.760359 -0.182554 0.080334
v -0.714225 -0.197407 0.091145
v -0.862412 -0.146227 0.054157
v -0.815260 -0.166689 0.068514
v -0.677654 -0.187299 0.028698
v -0.722349 -0.173514 0.045718
v -0.696081 -0.167246 0.014780
v -0.805279 -0.136492 -0.016863
v -0.742139 -0.151913 0.000000
v -0.836437 -0.141773 0.017516
v -0.683936 -0.389106 -0.206892
v -0.693278 -0.394988 -0.143897
v -0.687876 -0.391655 -0.175114
v -0.720146 -0.376030 -0.197872
v -0.769841 -0.367717 -0.191156
v -0.754487 -0.430388 -0.017955
v -0.731059 -0.416971 -0.050526
v -0.803960 -0.385978 -0.090644
v -0.765329 -0.401338 -0.069871
v -0.822018 -0.394982 -0.056526
v -0.713545 -0.406881 -0.081879
v -0.701439 -0.399825 -0.112665
v -0.855199 -0.302640 -0.149044
v -0.807721 -0.254886 -0.122157
v -0.822933 -0.357578 -0.183152
v -0.858066 -0.337680 -0.169948
v -0.862709 -0.341678 -0.095753
v -0.861076 -0.339980 -0.132817
v -0.840079 -0.366817 -0.112451
v -0.734041 -0.384325 -0.133540
v -0.788831 -0.378024 -0.124132
v -0.777334 -0.371884 -0.157465
v -0.752346 -0.428027 0.227586
v -0.723772 -0.345712 0.179717
v -0.741575 -0.387220 0.203760
v -0.805787 -0.458790 0.205131
v -0.840678 -0.478967 0.174492
v -0.684993 -0.216157 0.103596
v -0.677259 -0.239670 0.118033
v -0.790277 -0.345071 0.105785
v -0.714376 -0.282058 0.110189
v -0.755420 -0.299186 0.083845
v -0.685351 -0.269710 0.135740
v -0.702976 -0.305454 0.156454
v -0.814460 -0.464540 0.056290
v -0.784477 -0.447496 0.018669
v -0.850938 -0.485041 0.136678
v -0.839477 -0.478691 0.096329
v -0.859892 -0.413181 0.059131
v -0.854567 -0.448134 0.078018
v -0.848252 -0.407242 0.095638
v -0.772859 -0.369743 0.156559
v -0.818123 -0.392062 0.128741
v -0.835148 -0.437262 0.151934
v -0.789810 -0.249077 -0.085115
v -0.859985 -0.340241 -0.057326
v -0.836608 -0.297101 -0.073153
v -0.766409 -0.241597 -0.049476
v -0.738982 -0.232903 -0.016018
v -0.814186 -0.427185 0.000000
v -0.852217 -0.373010 0.038357
v -0.855946 -0.411221 0.019630
v -0.841337 -0.404203 -0.019294
v -0.859367 -0.376140 -0.038679
v -0.676623 -0.213382 0.072917
v -0.710514 -0.223931 0.015401
v -0.687431 -0.216701 0.044378
v -0.717555 -0.254822 0.062743
v -0.795303 -0.314651 0.053014
v -0.849355 -0.336096 -0.018883
v -0.828005 -0.327647 0.018409
v -0.787787 -0.279552 0.000000
v -0.708744 0.000000 -0.494919
v -0.773629 -0.018828 -0.508594
v -0.638405 0.032966 -0.501413
v -0.657168 0.016634 -0.486942
v -0.798994 -0.060671 -0.591974
v -0.727546 -0.018415 -0.539090
v -0.739270 -0.038175 -0.580634
v -0.667444 0.114091 -0.659585
v -0.697844 0.096834 -0.651379
v -0.569582 0.015848 -0.531805
v -0.630653 0.052418 -0.588771
v -0.578002 0.032791 -0.571196
v -0.685043 0.074178 -0.603913
v -0.654402 0.051955 -0.544837
v -0.679963 -0.132426 -0.634510
v -0.703861 -0.097669 -0.656996
v -0.671553 -0.114793 -0.663646
v -0.739594 -0.058719 -0.615766
v -0.727492 -0.078775 -0.641335
v -0.762220 -0.100842 -0.634243
v -0.575148 -0.032629 -0.568376
v -0.657437 -0.054645 -0.613776
v -0.586478 -0.016318 -0.547580
v -0.615028 0.016275 -0.512006
v -0.598661 0.000000 -0.527958
v -0.663069 -0.017547 -0.552000
v -0.443019 0.237658 -0.716821
v -0.489218 0.232759 -0.740227
v -0.415906 0.135739 -0.630008
v -0.475085 0.190225 -0.719286
v -0.453654 0.171642 -0.734027
v -0.496421 0.208894 -0.703977
v -0.467424 0.173332 -0.622583
v -0.496492 0.018356 -0.752812
v -0.487041 0.052817 -0.738408
v -0.481940 0.036017 -0.779795
v -0.493212 0.082888 -0.659217
v -0.490550 0.068407 -0.697842
v -0.532079 0.054253 -0.711575
v -0.386036 0.086908 -0.624619
v -0.429614 0.077484 -0.651215
v -0.389646 0.098452 -0.590454
v -0.503425 0.122349 -0.559917
v -0.590251 0.121872 -0.619562
v -0.436877 0.141791 -0.547040
v -0.444696 0.125541 -0.524558
v -0.566894 0.089396 -0.671168
v -0.498847 0.109582 -0.589551
v -0.495845 0.096607 -0.622786
v -0.397796 0.110812 -0.565237
v -0.427396 0.100381 -0.570540
v -0.413052 0.124930 -0.550754
v -0.417261 -0.230529 -0.630885
v -0.463163 -0.220362 -0.700803
v -0.450518 -0.241681 -0.728953
v -0.498534 -0.184868 -0.664018
v -0.478472 -0.201341 -0.678524
v -0.446057 -0.196152 -0.593059
v -0.473482 -0.179144 -0.766109
v -0.493455 -0.197580 -0.747097
v -0.483297 -0.157733 -0.732091
v -0.632286 -0.130551 -0.663685
v -0.593558 -0.144254 -0.660165
v -0.583608 -0.154686 -0.610976
v -0.517472 -0.100821 -0.649949
v -0.572228 -0.125702 -0.676274
v -0.531570 -0.083825 -0.629347
v -0.500722 -0.173043 -0.589452
v -0.556863 -0.157207 -0.656868
v -0.524843 -0.170341 -0.657189
v -0.431229 -0.032228 -0.697743
v -0.398964 -0.043266 -0.604874
v -0.448419 -0.016579 -0.679921
v -0.437533 -0.110552 -0.663020
v -0.395723 -0.071372 -0.599843
v -0.390850 -0.087992 -0.632409
v -0.413479 -0.042160 -0.552966
v -0.402554 -0.056136 -0.572661
v -0.449341 -0.075515 -0.600580
v -0.526213 -0.159156 -0.701640
v -0.504257 -0.118433 -0.673142
v -0.493017 -0.137337 -0.700538
v -0.640318 0.094178 -0.671916
v -0.569993 0.053921 -0.674435
v -0.606614 0.073810 -0.675940
v -0.602242 0.053050 -0.631839
v -0.530233 0.015643 -0.556237
v -0.471834 0.000000 -0.671477
v -0.430493 -0.028113 -0.541520
v -0.436794 -0.014846 -0.584087
v -0.500313 0.017005 -0.669025
v -0.533417 0.034834 -0.670990
v -0.623098 -0.091645 -0.653847
v -0.510723 -0.015067 -0.535770
v -0.561482 -0.049460 -0.589076
v -0.546699 -0.066520 -0.609179
v -0.471859 -0.044637 -0.558320
v -0.506736 0.015981 -0.599648
v -0.455489 -0.014365 -0.539005
v -0.488836 0.000000 -0.544489
v 0.000000 0.456906 -0.799902
v -0.027186 0.401837 -0.721360
v -0.028715 0.370289 -0.788801
v -0.026542 0.367383 -0.716960
v 0.000000 0.353823 -0.732882
v -0.051671 0.373732 -0.688340
v -0.081082 0.382659 -0.723439
v -0.028101 0.251063 -0.811909
v -0.031256 0.310419 -0.893034
v 0.000000 0.292405 -0.908497
v -0.088442 0.331115 -0.826154
v -0.061039 0.322925 -0.863654
v -0.079015 0.269784 -0.747594
v 0.000000 0.361624 -0.903860
v -0.033071 0.361263 -0.933504
v -0.031899 0.379504 -0.887983
v -0.163344 0.356975 -0.733528
v -0.169225 0.308273 -0.652367
v -0.116717 0.402510 -0.781991
v -0.147448 0.397062 -0.792958
v -0.122493 0.282115 -0.679808
v -0.138213 0.345242 -0.755250
v -0.113907 0.337561 -0.787522
v -0.062306 0.390974 -0.857899
v -0.094082 0.382579 -0.865336
v -0.090536 0.397645 -0.820159
v -0.027469 0.016977 -0.821868
v -0.026946 0.044569 -0.805269
v 0.000000 0.028311 -0.817948
v -0.075157 0.072466 -0.744624
v -0.052271 0.059392 -0.778891
v -0.078245 0.048358 -0.777160
v 0.000000 0.101629 -0.975615
v -0.029189 0.078553 -0.870413
v -0.032261 0.120097 -0.958545
v -0.160645 0.123388 -0.666066
v -0.137036 0.108584 -0.667561
v -0.171425 0.105947 -0.714545
v -0.115914 0.161930 -0.847769
v -0.124365 0.128766 -0.727830
v -0.140184 0.174377 -0.816045
v -0.122789 0.075888 -0.725680
v -0.116057 0.095926 -0.682624
v -0.096109 0.084368 -0.709867
v 0.000000 0.194276 -0.786421
v -0.028312 0.192851 -0.827317
v -0.026714 0.208921 -0.773967
v -0.033369 0.159094 -0.987950
v -0.031508 0.182461 -0.927218
v 0.000000 0.163059 -0.933160
v -0.090188 0.211466 -0.874486
v -0.061908 0.198464 -0.905630
v -0.094873 0.190183 -0.926795
v -0.080980 0.106076 -0.798229
v -0.090498 0.149945 -0.887915
v -0.062671 0.136320 -0.927571
v -0.355782 0.247608 -0.674044
v -0.378995 0.234232 -0.666791
v -0.372913 0.330839 -0.830437
v -0.363486 0.285302 -0.744791
v -0.350750 0.216775 -0.736271
v -0.336704 0.236137 -0.698397
v -0.312409 0.221062 -0.712439
v -0.186833 0.286891 -0.627269
v -0.231988 0.306822 -0.692605
v -0.277935 0.302249 -0.849021
v -0.262727 0.316479 -0.793549
v -0.229601 0.291948 -0.788079
v -0.297004 0.341622 -0.797427
v -0.352181 0.355049 -0.858359
v -0.232520 0.143705 -0.740930
v -0.219322 0.161287 -0.691770
v -0.188838 0.141504 -0.676178
v -0.283283 0.202604 -0.714791
v -0.251583 0.182207 -0.706604
v -0.298384 0.184412 -0.760883
v -0.227964 0.230328 -0.799372
v -0.234065 0.199556 -0.730612
v -0.263182 0.255096 -0.812758
v -0.338036 0.307645 -0.833504
v -0.300651 0.281730 -0.826324
v -0.302936 0.246101 -0.755624
v -0.051797 0.220337 -0.747150
v -0.116180 0.223306 -0.838071
v -0.080184 0.216329 -0.770872
v -0.074658 0.228060 -0.711957
v -0.095418 0.234066 -0.676071
v -0.172161 0.157921 -0.706243
v -0.207771 0.252463 -0.834657
v -0.195204 0.208166 -0.792405
v -0.166243 0.189625 -0.797108
v -0.149260 0.216621 -0.859356
v -0.159839 0.266659 -0.622592
v -0.115501 0.241063 -0.646368
v -0.136341 0.251395 -0.628208
v -0.173360 0.262880 -0.682247
v -0.197002 0.269162 -0.783345
v -0.141683 0.235585 -0.808348
v -0.168103 0.250436 -0.789643
v -0.124830 0.234052 -0.705513
v -0.030074 -0.471988 -0.782280
v -0.027938 -0.412946 -0.741303
v 0.000000 -0.409407 -0.716745
v -0.086445 -0.407969 -0.771290
v -0.057069 -0.412775 -0.760250
v -0.091959 -0.462571 -0.805289
v 0.000000 -0.367148 -0.760483
v -0.026567 -0.367729 -0.717635
v -0.026718 -0.344534 -0.733936
v -0.204404 -0.372359 -0.787986
v -0.173848 -0.379930 -0.780698
v -0.198777 -0.389855 -0.753649
v -0.098250 -0.291161 -0.679272
v -0.134784 -0.336678 -0.736515
v -0.122677 -0.282540 -0.680831
v -0.147271 -0.425188 -0.778987
v -0.144580 -0.389336 -0.777531
v -0.115787 -0.399304 -0.775762
v 0.000000 -0.299555 -0.930713
v -0.032876 -0.326506 -0.939315
v -0.032814 -0.293167 -0.948068
v -0.028548 -0.339636 -0.794698
v -0.031049 -0.339177 -0.876433
v 0.000000 -0.364632 -0.911378
v -0.080826 -0.275966 -0.764727
v -0.058226 -0.308041 -0.823848
v -0.075216 -0.281598 -0.702604
v -0.079700 -0.350050 -0.721992
v -0.074970 -0.304859 -0.689545
v -0.051501 -0.323172 -0.709124
v -0.435224 -0.268984 -0.765719
v -0.419315 -0.291824 -0.794410
v -0.397225 -0.274628 -0.689856
v -0.379371 -0.268444 -0.865141
v -0.418337 -0.293387 -0.867720
v -0.410475 -0.253687 -0.861640
v -0.365967 -0.317882 -0.740523
v -0.398662 -0.312911 -0.816866
v -0.372754 -0.330698 -0.830083
v -0.217478 -0.162965 -0.778730
v -0.224433 -0.165045 -0.707889
v -0.246400 -0.152283 -0.785158
v -0.237102 -0.229818 -0.732220
v -0.220831 -0.188273 -0.689305
v -0.189607 -0.191574 -0.664873
v -0.288273 -0.178163 -0.735099
v -0.254587 -0.184383 -0.715041
v -0.313889 -0.224493 -0.792017
v -0.255553 -0.368279 -0.753828
v -0.272814 -0.360817 -0.814490
v -0.238422 -0.366109 -0.800473
v -0.341751 -0.344535 -0.832939
v -0.307915 -0.354171 -0.826721
v -0.315749 -0.348988 -0.759818
v -0.221134 -0.281182 -0.759018
v -0.275371 -0.331710 -0.831742
v -0.260706 -0.283513 -0.796392
v -0.342366 -0.278134 -0.853975
v -0.301892 -0.282893 -0.829734
v -0.353637 -0.321843 -0.871971
v 0.000000 -0.031219 -0.901959
v -0.033187 -0.054892 -0.991781
v -0.030853 -0.019068 -0.923121
v -0.030527 -0.113641 -0.907016
v -0.032997 -0.088802 -0.983974
v 0.000000 -0.104398 -1.002192
v -0.089664 -0.055416 -0.890576
v -0.063342 -0.071972 -0.943860
v -0.080671 -0.077783 -0.799254
v -0.030917 -0.241793 -0.895743
v -0.028194 -0.192050 -0.823880
v 0.000000 -0.198963 -0.805396
v -0.085248 -0.170888 -0.832771
v -0.056902 -0.182416 -0.832402
v -0.092718 -0.217399 -0.899020
v 0.000000 -0.149012 -0.852769
v -0.026747 -0.154887 -0.787095
v -0.027702 -0.132076 -0.820172
v -0.203598 -0.125831 -0.848651
v -0.171299 -0.135733 -0.834469
v -0.205342 -0.157718 -0.851389
v -0.096085 -0.084346 -0.709689
v -0.127246 -0.105174 -0.748433
v -0.116821 -0.072199 -0.690412
v -0.148850 -0.185157 -0.866489
v -0.141595 -0.146606 -0.828668
v -0.113419 -0.158445 -0.829523
v -0.052802 -0.114853 -0.781497
v -0.077522 -0.128445 -0.760602
v -0.075292 -0.098624 -0.742154
v -0.199017 -0.332020 -0.775197
v -0.167419 -0.228742 -0.665711
v -0.183639 -0.278468 -0.722702
v -0.150908 -0.278255 -0.695328
v -0.115890 -0.241876 -0.648545
v -0.191039 -0.175237 -0.783685
v -0.144321 -0.209453 -0.830921
v -0.167052 -0.190548 -0.800987
v -0.171482 -0.182869 -0.696108
v -0.161572 -0.196328 -0.649070
v -0.065032 -0.276639 -0.938066
v -0.100460 -0.246433 -0.711793
v -0.089215 -0.272529 -0.850782
v -0.094521 -0.255010 -0.908706
v -0.120567 -0.231738 -0.869717
v -0.138363 -0.206130 -0.649944
v -0.130859 -0.217587 -0.746592
v -0.118756 -0.222665 -0.671188
v -0.434985 0.231286 -0.764577
v -0.402550 0.209264 -0.842767
v -0.421982 0.222052 -0.808149
v -0.467986 0.209243 -0.821939
v -0.437867 0.159519 -0.768540
v -0.269787 0.129299 -0.854944
v -0.307327 0.151352 -0.868443
v -0.368597 0.112997 -0.844156
v -0.362199 0.141497 -0.917350
v -0.335641 0.094061 -0.847467
v -0.343645 0.172950 -0.873224
v -0.375945 0.192560 -0.865203
v -0.424994 0.051498 -0.745126
v -0.469450 0.019585 -0.822964
v -0.385899 0.108741 -0.677007
v -0.379255 0.076319 -0.665096
v -0.353382 0.050573 -0.735442
v -0.369199 0.064276 -0.704041
v -0.354155 0.083171 -0.737676
v -0.426799 0.180718 -0.892121
v -0.396575 0.130223 -0.827542
v -0.419340 0.145707 -0.800918
v -0.060896 0.000000 -0.909606
v -0.114575 -0.035345 -0.850403
v -0.095241 -0.019617 -0.945431
v -0.089179 0.018368 -0.885252
v -0.115632 0.035672 -0.858254
v -0.239416 -0.110541 -0.866216
v -0.184474 -0.081179 -0.768353
v -0.167471 -0.014800 -0.697017
v -0.165022 -0.043480 -0.686994
v -0.194520 -0.029804 -0.703780
v -0.139351 -0.057278 -0.681553
v -0.121158 -0.044872 -0.714559
v -0.198489 0.087347 -0.826729
v -0.231654 0.106957 -0.838131
v -0.141800 0.052517 -0.836299
v -0.168746 0.069360 -0.825322
v -0.222334 0.034066 -0.804411
v -0.208613 0.054965 -0.868465
v -0.191015 0.016881 -0.795006
v -0.138461 -0.017106 -0.816892
v -0.163311 0.000000 -0.797817
v -0.149974 0.018529 -0.884820
v -0.463551 -0.246475 -0.814787
v -0.422825 -0.154039 -0.742137
v -0.459081 -0.205261 -0.806300
v -0.438870 -0.230939 -0.840493
v -0.382578 -0.198882 -0.800954
v -0.462946 -0.019313 -0.811562
v -0.415784 -0.050382 -0.728977
v -0.378412 -0.088867 -0.788201
v -0.399205 -0.069500 -0.761261
v -0.420667 -0.060202 -0.875471
v -0.377798 -0.076026 -0.662542
v -0.383101 -0.107953 -0.672098
v -0.282856 -0.139301 -0.799291
v -0.275419 -0.131998 -0.872793
v -0.322974 -0.165428 -0.743296
v -0.289727 -0.145814 -0.736216
v -0.355500 -0.099627 -0.897610
v -0.318919 -0.124589 -0.807735
v -0.351349 -0.107710 -0.804656
v -0.370982 -0.128904 -0.708557
v -0.346725 -0.113854 -0.723519
v -0.351219 -0.148715 -0.734139
v -0.282448 0.096518 -0.895630
v -0.229664 0.015795 -0.728704
v -0.258832 0.053006 -0.821082
v -0.297577 0.073270 -0.837949
v -0.299684 0.050492 -0.757474
v -0.281232 -0.096103 -0.891773
v -0.366071 -0.061677 -0.925271
v -0.324583 -0.079919 -0.913994
v -0.257683 -0.052770 -0.817437
v -0.229774 -0.015803 -0.729054
v -0.454241 0.000000 -0.865754
v -0.331207 0.034058 -0.756708
v -0.396505 0.018927 -0.825315
v -0.432441 -0.020642 -0.900115
v -0.403057 -0.041447 -0.920865
v -0.266390 0.000000 -0.750695
v -0.338011 -0.018991 -0.854197
v -0.301331 0.016930 -0.761501
v 0.049977 0.506524 -0.788685
v 0.032949 0.517120 -0.857081
v 0.071346 0.444055 -0.612720
v 0.059766 0.456534 -0.668734
v 0.092154 0.463553 -0.806998
v 0.075656 0.464762 -0.740942
v 0.096712 0.421645 -0.688449
v 0.136978 0.522782 -0.571375
v 0.137453 0.575007 -0.665723
v 0.152663 0.493922 -0.670404
v 0.150082 0.551067 -0.690228
v 0.178202 0.536592 -0.686380
v 0.121519 0.566142 -0.694522
v 0.094202 0.499061 -0.648909
v 0.174387 0.342019 -0.661175
v 0.151514 0.337297 -0.593207
v 0.175622 0.331410 -0.598111
v 0.114753 0.382940 -0.640669
v 0.131978 0.354309 -0.607590
v 0.136034 0.392746 -0.719550
v 0.180303 0.430667 -0.649931
v 0.143733 0.362470 -0.582695
v 0.147540 0.421085 -0.621249
v 0.094698 0.427697 -0.603185
v 0.119505 0.419845 -0.605466
v 0.100169 0.388071 -0.595184
v 0.252823 0.610016 -0.409076
v 0.237606 0.597209 -0.427668
v 0.307073 0.654055 -0.547612
v 0.269139 0.622313 -0.482049
v 0.296340 0.609776 -0.479487
v 0.241737 0.634913 -0.484578
v 0.244851 0.674300 -0.547481
v 0.359118 0.550814 -0.632163
v 0.372406 0.620530 -0.657334
v 0.411182 0.616569 -0.665306
v 0.278551 0.585779 -0.598800
v 0.326957 0.609555 -0.634177
v 0.271119 0.522202 -0.576933
v 0.373203 0.656202 -0.603856
v 0.367843 0.665289 -0.651254
v 0.343695 0.674323 -0.610578
v 0.153366 0.501493 -0.487063
v 0.135699 0.475913 -0.489823
v 0.227564 0.660357 -0.569938
v 0.190562 0.585183 -0.535954
v 0.189864 0.477363 -0.508673
v 0.188481 0.523178 -0.516739
v 0.230757 0.554030 -0.556603
v 0.307685 0.679753 -0.605480
v 0.279469 0.642491 -0.608127
v 0.268005 0.674014 -0.590855
v 0.379800 0.262581 -0.659594
v 0.417527 0.326229 -0.725876
v 0.440617 0.309192 -0.712933
v 0.357311 0.348447 -0.725830
v 0.389888 0.339894 -0.731133
v 0.336733 0.292489 -0.681370
v 0.454602 0.398634 -0.735562
v 0.447069 0.390960 -0.778174
v 0.441627 0.428817 -0.769747
v 0.207069 0.334325 -0.620018
v 0.242363 0.341167 -0.650291
v 0.222147 0.320137 -0.655286
v 0.353083 0.477483 -0.793088
v 0.298764 0.411776 -0.732117
v 0.310828 0.474571 -0.769296
v 0.280560 0.310094 -0.675138
v 0.280984 0.347851 -0.682133
v 0.320024 0.350921 -0.708720
v 0.371649 0.472348 -0.601341
v 0.337746 0.435181 -0.591776
v 0.340658 0.478717 -0.598168
v 0.404238 0.433523 -0.705691
v 0.361353 0.425560 -0.631913
v 0.371627 0.395870 -0.601305
v 0.324883 0.474100 -0.674322
v 0.345825 0.452222 -0.656961
v 0.366232 0.486582 -0.755351
v 0.384535 0.418187 -0.785032
v 0.390609 0.470769 -0.801487
v 0.420473 0.453901 -0.793005
v 0.155038 0.486678 -0.541371
v 0.202174 0.461558 -0.532500
v 0.176060 0.466718 -0.528610
v 0.181968 0.512056 -0.616364
v 0.207589 0.524146 -0.683719
v 0.306196 0.479783 -0.587066
v 0.298030 0.490469 -0.681775
v 0.287263 0.460783 -0.600990
v 0.269610 0.474319 -0.568758
v 0.234130 0.466296 -0.548315
v 0.210357 0.381201 -0.643684
v 0.221854 0.502023 -0.711761
v 0.220394 0.446845 -0.690067
v 0.264902 0.463182 -0.732543
v 0.299701 0.507687 -0.752785
v 0.230752 0.477481 -0.597452
v 0.268440 0.502962 -0.684155
v 0.237813 0.513390 -0.683706
v 0.469956 0.714856 -0.017398
v 0.480315 0.747877 -0.047391
v 0.517201 0.713649 -0.083098
v 0.497606 0.728897 -0.065143
v 0.512968 0.692359 -0.052574
v 0.486585 0.775734 -0.079209
v 0.485342 0.792452 -0.111322
v 0.586120 0.640601 -0.153574
v 0.575633 0.666447 -0.137603
v 0.617996 0.662265 -0.128979
v 0.505676 0.686357 -0.156296
v 0.537871 0.673700 -0.146488
v 0.506319 0.647656 -0.168148
v 0.569054 0.683876 -0.090477
v 0.558758 0.685463 -0.119934
v 0.538412 0.700076 -0.101630
v 0.420852 0.740154 -0.189047
v 0.388885 0.701838 -0.206080
v 0.473739 0.792578 -0.141962
v 0.451351 0.774002 -0.168126
v 0.445416 0.672189 -0.186477
v 0.450495 0.724201 -0.178638
v 0.477443 0.704398 -0.167287
v 0.514414 0.725484 -0.113898
v 0.501418 0.723103 -0.142724
v 0.494461 0.758355 -0.127630
v 0.746671 0.500717 -0.309460
v 0.682135 0.488484 -0.271395
v 0.716388 0.473812 -0.261772
v 0.605147 0.506664 -0.284112
v 0.644549 0.499273 -0.278756
v 0.669251 0.526255 -0.325243
v 0.621272 0.467278 -0.205483
v 0.625029 0.477034 -0.237974
v 0.588626 0.477920 -0.213741
v 0.485133 0.556782 -0.316296
v 0.503705 0.533580 -0.302295
v 0.528788 0.570586 -0.352641
v 0.475633 0.486206 -0.226174
v 0.480590 0.500003 -0.257782
v 0.445240 0.491905 -0.231161
v 0.589137 0.542141 -0.335062
v 0.531359 0.520149 -0.293792
v 0.566081 0.512569 -0.288526
v 0.632215 0.603895 -0.160063
v 0.583133 0.566354 -0.178333
v 0.588132 0.605323 -0.167697
v 0.574353 0.495709 -0.197927
v 0.575782 0.527343 -0.187500
v 0.613225 0.520916 -0.180022
v 0.491705 0.523955 -0.195569
v 0.533864 0.527294 -0.192331
v 0.494863 0.497161 -0.206113
v 0.549466 0.489429 -0.248712
v 0.512307 0.484906 -0.222842
v 0.551310 0.483290 -0.219215
v 0.348603 0.775660 -0.446163
v 0.300891 0.693792 -0.428787
v 0.390048 0.812486 -0.399970
v 0.381688 0.821033 -0.437828
v 0.407780 0.752437 -0.465032
v 0.399326 0.794827 -0.456636
v 0.436153 0.782915 -0.449182
v 0.363430 0.673996 -0.225096
v 0.354322 0.675366 -0.251709
v 0.389760 0.647382 -0.288215
v 0.370521 0.658768 -0.268831
v 0.376965 0.611073 -0.246900
v 0.361774 0.709436 -0.292230
v 0.378453 0.764323 -0.345132
v 0.497318 0.633130 -0.391296
v 0.471273 0.640855 -0.365758
v 0.475108 0.593659 -0.338090
v 0.458074 0.745655 -0.427130
v 0.467765 0.694583 -0.397191
v 0.470651 0.714893 -0.441828
v 0.410883 0.584408 -0.281563
v 0.441664 0.641623 -0.337751
v 0.413733 0.642262 -0.311400
v 0.408710 0.767241 -0.375820
v 0.414966 0.706482 -0.344308
v 0.436254 0.762175 -0.404125
v 0.543876 0.604997 -0.173260
v 0.453343 0.523022 -0.198576
v 0.496283 0.562096 -0.187213
v 0.502545 0.604916 -0.178588
v 0.466601 0.608655 -0.184798
v 0.443830 0.543073 -0.283251
v 0.393369 0.546801 -0.239028
v 0.412432 0.537928 -0.257120
v 0.423353 0.507644 -0.240640
v 0.426147 0.501104 -0.213971
v 0.386939 0.653373 -0.213523
v 0.436178 0.618407 -0.192756
v 0.410500 0.633939 -0.202468
v 0.384431 0.607996 -0.219863
v 0.385152 0.571092 -0.227365
v 0.421821 0.527806 -0.203853
v 0.399260 0.543093 -0.213092
v 0.426985 0.568637 -0.197788
v 0.789266 0.019209 -0.518874
v 0.841271 0.053309 -0.540297
v 0.848843 0.032633 -0.512149
v 0.814197 0.094806 -0.590070
v 0.829901 0.074170 -0.566560
v 0.767075 0.058247 -0.568324
v 0.728219 0.083158 -0.418301
v 0.803953 0.082090 -0.504286
v 0.720395 0.101200 -0.441210
v 0.704319 0.168849 -0.644420
v 0.738058 0.152389 -0.637486
v 0.657205 0.127994 -0.613274
v 0.680004 0.154849 -0.500995
v 0.733573 0.159507 -0.585672
v 0.659135 0.171128 -0.515293
v 0.722353 0.095568 -0.601071
v 0.768095 0.134392 -0.626115
v 0.793499 0.115192 -0.610262
v 0.850303 0.224270 -0.439852
v 0.793575 0.202692 -0.451227
v 0.843363 0.247635 -0.467303
v 0.676297 0.121135 -0.404235
v 0.713534 0.154991 -0.416089
v 0.715109 0.135195 -0.390322
v 0.694064 0.192546 -0.459911
v 0.706835 0.174355 -0.439692
v 0.657641 0.156183 -0.445751
v 0.776079 0.121842 -0.550290
v 0.696698 0.137512 -0.483108
v 0.709947 0.119483 -0.462898
v 0.464590 0.287132 -0.692798
v 0.484288 0.269064 -0.676276
v 0.413563 0.228486 -0.625293
v 0.483072 0.270883 -0.576970
v 0.515149 0.287620 -0.665045
v 0.473269 0.292496 -0.601868
v 0.452727 0.199085 -0.601926
v 0.505953 0.252400 -0.662919
v 0.531061 0.237507 -0.654076
v 0.642710 0.365109 -0.560004
v 0.555143 0.314511 -0.524061
v 0.601268 0.371604 -0.557222
v 0.495526 0.230509 -0.484750
v 0.503582 0.259627 -0.484030
v 0.541326 0.254386 -0.489973
v 0.438272 0.270867 -0.476264
v 0.468390 0.264557 -0.478484
v 0.444724 0.250336 -0.491153
v 0.581174 0.154041 -0.608428
v 0.629651 0.198264 -0.648305
v 0.666606 0.184674 -0.647675
v 0.560600 0.223836 -0.649538
v 0.593726 0.211103 -0.648262
v 0.508950 0.175886 -0.599138
v 0.573287 0.213982 -0.538000
v 0.610379 0.222636 -0.617984
v 0.545146 0.226007 -0.542626
v 0.498219 0.253179 -0.559335
v 0.519292 0.238644 -0.548637
v 0.554419 0.251479 -0.632450
v 0.822913 0.473841 -0.327597
v 0.807608 0.464540 -0.362962
v 0.802553 0.496005 -0.348060
v 0.711937 0.350472 -0.341778
v 0.770067 0.410649 -0.357994
v 0.782750 0.386835 -0.336008
v 0.718846 0.444271 -0.389575
v 0.748801 0.430193 -0.376202
v 0.670652 0.384773 -0.373613
v 0.820279 0.273951 -0.442309
v 0.748700 0.279040 -0.392796
v 0.759957 0.257631 -0.371273
v 0.718217 0.319751 -0.432406
v 0.735125 0.299991 -0.413468
v 0.788306 0.318509 -0.486299
v 0.679425 0.282341 -0.312063
v 0.685205 0.282249 -0.349418
v 0.672385 0.303617 -0.332930
v 0.614394 0.379716 -0.482601
v 0.643901 0.367496 -0.473513
v 0.672889 0.383212 -0.538516
v 0.613392 0.351367 -0.376822
v 0.607791 0.347560 -0.409315
v 0.581811 0.359579 -0.383036
v 0.738683 0.355891 -0.519350
v 0.672004 0.353743 -0.462577
v 0.696933 0.337908 -0.448951
v 0.659498 0.323044 -0.351315
v 0.656022 0.319715 -0.385327
v 0.639770 0.339223 -0.366192
v 0.675133 0.193345 -0.606927
v 0.559801 0.212540 -0.485222
v 0.603480 0.200997 -0.532822
v 0.632709 0.186793 -0.525635
v 0.618664 0.187837 -0.474274
v 0.686042 0.357819 -0.560672
v 0.762182 0.333179 -0.548314
v 0.726531 0.347269 -0.557035
v 0.643069 0.304836 -0.536291
v 0.581673 0.248374 -0.494664
v 0.832264 0.271984 -0.492881
v 0.676552 0.210879 -0.477189
v 0.771181 0.246301 -0.499370
v 0.815352 0.294848 -0.515541
v 0.792152 0.315374 -0.534237
v 0.618866 0.239022 -0.494595
v 0.721249 0.282995 -0.530233
v 0.651027 0.226446 -0.488851
v 0.300950 0.642657 -0.431470
v 0.397713 0.683853 -0.460444
v 0.351429 0.670666 -0.450884
v 0.305613 0.604756 -0.440495
v 0.321528 0.589909 -0.465624
v 0.511428 0.609030 -0.413450
v 0.489434 0.635134 -0.430144
v 0.389659 0.527195 -0.422297
v 0.442664 0.586201 -0.432760
v 0.411872 0.508637 -0.409902
v 0.465808 0.660905 -0.446635
v 0.436306 0.679363 -0.458233
v 0.428320 0.624111 -0.627291
v 0.446016 0.600678 -0.655159
v 0.352049 0.598217 -0.511957
v 0.391746 0.616793 -0.571816
v 0.398907 0.513003 -0.483315
v 0.398952 0.566118 -0.528969
v 0.372279 0.515470 -0.446801
v 0.380831 0.609462 -0.446572
v 0.368097 0.548064 -0.436838
v 0.345661 0.569498 -0.451696
v 0.770538 0.517327 -0.360835
v 0.687564 0.462943 -0.399872
v 0.751884 0.505486 -0.393987
v 0.732268 0.533372 -0.370051
v 0.690068 0.544681 -0.376119
v 0.574784 0.390202 -0.482670
v 0.539899 0.365646 -0.416046
v 0.519306 0.415977 -0.383828
v 0.505138 0.372916 -0.381450
v 0.467966 0.377126 -0.378939
v 0.544436 0.367926 -0.383720
v 0.602981 0.406714 -0.387252
v 0.568049 0.570943 -0.389845
v 0.537540 0.586294 -0.399134
v 0.646171 0.552996 -0.380270
v 0.604795 0.560693 -0.384125
v 0.512086 0.482452 -0.398194
v 0.578171 0.540231 -0.407446
v 0.555729 0.481697 -0.401355
v 0.647147 0.474185 -0.404379
v 0.601824 0.479688 -0.404203
v 0.668711 0.530386 -0.405879
v 0.485782 0.338832 -0.723552
v 0.414342 0.357892 -0.615382
v 0.462224 0.360268 -0.687534
v 0.466640 0.323753 -0.640652
v 0.417858 0.288544 -0.529394
v 0.435078 0.538181 -0.640889
v 0.404415 0.460158 -0.597144
v 0.458655 0.423207 -0.572584
v 0.432548 0.442446 -0.585912
v 0.486793 0.489133 -0.604049
v 0.377276 0.393471 -0.558271
v 0.378354 0.360249 -0.560936
v 0.557660 0.380775 -0.554833
v 0.596421 0.406029 -0.546825
v 0.412195 0.283447 -0.481646
v 0.474802 0.325282 -0.512148
v 0.531348 0.438551 -0.563986
v 0.519176 0.391566 -0.555637
v 0.486739 0.405555 -0.561545
v 0.384625 0.328004 -0.524920
v 0.416378 0.350856 -0.522394
v 0.394681 0.302031 -0.497614
v 0.501814 0.555892 -0.414313
v 0.440486 0.420121 -0.377918
v 0.471649 0.485234 -0.397192
v 0.438500 0.493670 -0.400896
v 0.392374 0.449234 -0.395804
v 0.541995 0.403955 -0.489269
v 0.499385 0.449219 -0.523591
v 0.516552 0.422828 -0.502090
v 0.474257 0.385132 -0.421257
v 0.435835 0.383998 -0.380670
v 0.467732 0.566515 -0.627566
v 0.398502 0.464478 -0.443004
v 0.442421 0.525356 -0.540488
v 0.480032 0.525059 -0.591119
v 0.488562 0.484327 -0.554513
v 0.413379 0.399024 -0.390153
v 0.444128 0.434254 -0.460105
v 0.401598 0.425505 -0.410729
v 0.487713 -0.741867 0.018055
v 0.481253 -0.749338 0.047484
v 0.420262 -0.696547 0.026778
v 0.470093 -0.648649 0.075529
v 0.503938 -0.738171 0.065972
v 0.474435 -0.640351 0.048625
v 0.409780 -0.713385 0.081464
v 0.475310 -0.757758 0.077373
v 0.469811 -0.767092 0.107760
v 0.604830 -0.661049 0.158476
v 0.525706 -0.608643 0.125668
v 0.620659 -0.665120 0.129535
v 0.414098 -0.562058 0.127991
v 0.433879 -0.543447 0.118166
v 0.425058 -0.543711 0.141161
v 0.454139 -0.545775 0.072206
v 0.443633 -0.544232 0.095223
v 0.427323 -0.555631 0.080661
v 0.389353 -0.752680 0.198521
v 0.454337 -0.799045 0.204089
v 0.448530 -0.809482 0.237687
v 0.464685 -0.777431 0.139249
v 0.459602 -0.788151 0.171199
v 0.400167 -0.733147 0.138605
v 0.447230 -0.674927 0.187237
v 0.481914 -0.774709 0.191097
v 0.453583 -0.669196 0.158927
v 0.464842 -0.655571 0.102922
v 0.459304 -0.662369 0.130737
v 0.493383 -0.756701 0.127352
v 0.643133 -0.431284 0.266548
v 0.703303 -0.503643 0.279817
v 0.657742 -0.435024 0.240343
v 0.680393 -0.569664 0.319439
v 0.732332 -0.567271 0.316721
v 0.709192 -0.557661 0.344654
v 0.770984 -0.579880 0.255000
v 0.753009 -0.574711 0.286701
v 0.715086 -0.580596 0.259661
v 0.498369 -0.571973 0.324925
v 0.463222 -0.490695 0.277999
v 0.445611 -0.480835 0.297172
v 0.502260 -0.513425 0.238836
v 0.482320 -0.501803 0.258710
v 0.534449 -0.590464 0.277477
v 0.550742 -0.506809 0.313225
v 0.477260 -0.467191 0.263881
v 0.567278 -0.513653 0.289136
v 0.580380 -0.554382 0.146940
v 0.562191 -0.546016 0.171929
v 0.611263 -0.629129 0.174292
v 0.613490 -0.529488 0.211414
v 0.545985 -0.500053 0.177797
v 0.626572 -0.532254 0.183940
v 0.573253 -0.610853 0.228003
v 0.542826 -0.536146 0.195560
v 0.522796 -0.525224 0.217748
v 0.584106 -0.520283 0.264391
v 0.512113 -0.484722 0.222757
v 0.599631 -0.525649 0.238429
v 0.302013 -0.758646 0.436835
v 0.362573 -0.806744 0.464043
v 0.341468 -0.787353 0.486611
v 0.397952 -0.828950 0.408075
v 0.381474 -0.820574 0.437583
v 0.331760 -0.772853 0.381944
v 0.354724 -0.654537 0.404526
v 0.383655 -0.763635 0.438716
v 0.371472 -0.666811 0.382569
v 0.441835 -0.819400 0.273657
v 0.433736 -0.826734 0.308123
v 0.375262 -0.768123 0.260399
v 0.411650 -0.683742 0.304402
v 0.448279 -0.797017 0.325248
v 0.421704 -0.683596 0.276202
v 0.356297 -0.775732 0.322362
v 0.423936 -0.831334 0.342443
v 0.412130 -0.832338 0.375844
v 0.502510 -0.639740 0.395381
v 0.469929 -0.639029 0.364715
v 0.512442 -0.640308 0.364657
v 0.366720 -0.596948 0.341947
v 0.403980 -0.599869 0.343029
v 0.403917 -0.613527 0.379181
v 0.404079 -0.574731 0.276900
v 0.403846 -0.586684 0.308831
v 0.378378 -0.587378 0.284790
v 0.421029 -0.790368 0.387149
v 0.399806 -0.680672 0.331729
v 0.386446 -0.675155 0.357985
v 0.590737 -0.657124 0.188188
v 0.562299 -0.648725 0.246301
v 0.576441 -0.652884 0.217451
v 0.503426 -0.605977 0.178901
v 0.418912 -0.546448 0.165911
v 0.523503 -0.640562 0.334098
v 0.406456 -0.564992 0.246980
v 0.476018 -0.620861 0.296760
v 0.535560 -0.642192 0.304420
v 0.548517 -0.644999 0.275414
v 0.467740 -0.789812 0.258111
v 0.401322 -0.568989 0.177352
v 0.439381 -0.678540 0.216713
v 0.430934 -0.681542 0.246459
v 0.389388 -0.577374 0.229866
v 0.487800 -0.610364 0.235738
v 0.409321 -0.556779 0.218462
v 0.413455 -0.550618 0.191521
v 0.820127 -0.019960 0.539162
v 0.839461 -0.053195 0.539134
v 0.840212 -0.032301 0.506942
v 0.726542 -0.084599 0.526544
v 0.797055 -0.071234 0.544137
v 0.788490 -0.059874 0.584191
v 0.782802 -0.089391 0.449654
v 0.794845 -0.081160 0.498573
v 0.719541 -0.101080 0.440688
v 0.640003 -0.153431 0.585574
v 0.614669 -0.126912 0.530910
v 0.573973 -0.111784 0.535605
v 0.690885 -0.157327 0.509012
v 0.653924 -0.142188 0.522082
v 0.727917 -0.188985 0.569064
v 0.637904 -0.084395 0.530800
v 0.614631 -0.107541 0.501018
v 0.655449 -0.095152 0.504091
v 0.815432 -0.215072 0.421814
v 0.788272 -0.201337 0.448211
v 0.843209 -0.247590 0.467218
v 0.676612 -0.121191 0.404423
v 0.707876 -0.153762 0.412790
v 0.681135 -0.128772 0.371778
v 0.799163 -0.221702 0.529553
v 0.758131 -0.187008 0.471602
v 0.725761 -0.172360 0.491923
v 0.666871 -0.104696 0.472854
v 0.664074 -0.131073 0.460486
v 0.672982 -0.113262 0.438796
v 0.482608 -0.298268 0.719666
v 0.453969 -0.252219 0.633938
v 0.437088 -0.241483 0.660863
v 0.500197 -0.280485 0.597423
v 0.474624 -0.264994 0.612728
v 0.515161 -0.318387 0.655143
v 0.405741 -0.178423 0.539456
v 0.418711 -0.208878 0.548611
v 0.419497 -0.187613 0.516670
v 0.642631 -0.365064 0.559934
v 0.604181 -0.342293 0.570353
v 0.607025 -0.375162 0.562558
v 0.495260 -0.230386 0.484490
v 0.543146 -0.280025 0.522058
v 0.529611 -0.248880 0.479369
v 0.557711 -0.344685 0.606057
v 0.566280 -0.319848 0.578484
v 0.531181 -0.299002 0.586636
v 0.612506 -0.162345 0.641230
v 0.628677 -0.197957 0.647302
v 0.656035 -0.181746 0.637404
v 0.473660 -0.189123 0.548806
v 0.557502 -0.198223 0.608711
v 0.535262 -0.184979 0.630113
v 0.603217 -0.225153 0.566088
v 0.580859 -0.211869 0.588097
v 0.514286 -0.213213 0.511909
v 0.468768 -0.238212 0.526271
v 0.464713 -0.213562 0.490973
v 0.439230 -0.199230 0.501049
v 0.756543 -0.435624 0.301176
v 0.767943 -0.441724 0.345135
v 0.673996 -0.416553 0.292306
v 0.786435 -0.387146 0.377542
v 0.823799 -0.439303 0.382973
v 0.812713 -0.401643 0.348870
v 0.682798 -0.421992 0.370039
v 0.772937 -0.444060 0.388328
v 0.770217 -0.441897 0.429079
v 0.813912 -0.271824 0.438875
v 0.728442 -0.271490 0.382168
v 0.802540 -0.272067 0.392076
v 0.656325 -0.292196 0.395144
v 0.669794 -0.273331 0.376723
v 0.666812 -0.269420 0.411350
v 0.677401 -0.281500 0.311133
v 0.672560 -0.277040 0.342969
v 0.703623 -0.317722 0.348397
v 0.650900 -0.402279 0.511277
v 0.713204 -0.407049 0.524476
v 0.680624 -0.387617 0.544706
v 0.759109 -0.434837 0.466339
v 0.739866 -0.423085 0.498260
v 0.677424 -0.418671 0.445983
v 0.647179 -0.311805 0.455016
v 0.718480 -0.378209 0.494569
v 0.684972 -0.332108 0.441246
v 0.755210 -0.369927 0.402301
v 0.721041 -0.351403 0.423518
v 0.785620 -0.416557 0.449674
v 0.698943 -0.200164 0.628331
v 0.626534 -0.237876 0.543064
v 0.693541 -0.230993 0.612338
v 0.738710 -0.218088 0.613697
v 0.772476 -0.234537 0.592188
v 0.632224 -0.329749 0.516689
v 0.610807 -0.267007 0.439415
v 0.607168 -0.290216 0.465519
v 0.567623 -0.269072 0.473373
v 0.562684 -0.240266 0.478515
v 0.819476 -0.267805 0.485307
v 0.798323 -0.248835 0.563077
v 0.814210 -0.260043 0.527233
v 0.747484 -0.270305 0.472629
v 0.664036 -0.264368 0.447834
v 0.644290 -0.248842 0.514914
v 0.656719 -0.257675 0.482793
v 0.738654 -0.256925 0.554650
v 0.016425 -0.443674 0.674879
v 0.045017 -0.456251 0.710408
v 0.029329 -0.460307 0.762919
v 0.071798 -0.446873 0.616609
v 0.059020 -0.450833 0.660383
v 0.048753 -0.475684 0.642037
v 0.093397 -0.469805 0.817882
v 0.078689 -0.483392 0.770644
v 0.110971 -0.483810 0.789950
v 0.126852 -0.484135 0.529135
v 0.111106 -0.464787 0.538114
v 0.118494 -0.567757 0.608428
v 0.151859 -0.491320 0.666872
v 0.121643 -0.446644 0.559435
v 0.162303 -0.488721 0.625146
v 0.082489 -0.518811 0.623495
v 0.097108 -0.452416 0.555007
v 0.084334 -0.446782 0.580932
v 0.171864 -0.337071 0.651611
v 0.150351 -0.334708 0.588652
v 0.183189 -0.345689 0.623880
v 0.131552 -0.439000 0.734459
v 0.139396 -0.374224 0.641741
v 0.120304 -0.347330 0.636343
v 0.185440 -0.442938 0.668450
v 0.161234 -0.406603 0.653642
v 0.171050 -0.488183 0.720243
v 0.102864 -0.464578 0.655200
v 0.140314 -0.492952 0.710893
v 0.126744 -0.491028 0.753090
v 0.313801 -0.757145 0.507741
v 0.289041 -0.726486 0.520244
v 0.268239 -0.734087 0.485518
v 0.265108 -0.564670 0.472774
v 0.273493 -0.632380 0.489847
v 0.285222 -0.586899 0.461498
v 0.231894 -0.701124 0.527337
v 0.263411 -0.691840 0.528026
v 0.237689 -0.654575 0.531466
v 0.345354 -0.529703 0.607935
v 0.376474 -0.627308 0.664513
v 0.371751 -0.557443 0.601506
v 0.275421 -0.579197 0.592072
v 0.341633 -0.636914 0.662642
v 0.320049 -0.616447 0.681055
v 0.374529 -0.658533 0.606001
v 0.359948 -0.651010 0.637276
v 0.302827 -0.594141 0.537976
v 0.156098 -0.616554 0.588936
v 0.165842 -0.542290 0.526686
v 0.145626 -0.510727 0.525655
v 0.212213 -0.615811 0.531491
v 0.188197 -0.577921 0.529303
v 0.194206 -0.661544 0.561962
v 0.197757 -0.497208 0.529820
v 0.176948 -0.491163 0.485119
v 0.211711 -0.508303 0.510663
v 0.245895 -0.543243 0.483886
v 0.227966 -0.524089 0.496057
v 0.221137 -0.556143 0.487527
v 0.458710 -0.317136 0.796635
v 0.408946 -0.319524 0.710958
v 0.463485 -0.325239 0.749934
v 0.332298 -0.324054 0.675018
v 0.355773 -0.310154 0.667161
v 0.348270 -0.302510 0.704715
v 0.369426 -0.323945 0.597745
v 0.362308 -0.316836 0.630638
v 0.377840 -0.366880 0.658567
v 0.242289 -0.391190 0.725477
v 0.299737 -0.421930 0.804231
v 0.273910 -0.394733 0.807977
v 0.341693 -0.462079 0.767503
v 0.322712 -0.444783 0.790802
v 0.273406 -0.417436 0.676677
v 0.300766 -0.332427 0.723761
v 0.331623 -0.410541 0.805067
v 0.334202 -0.366468 0.740119
v 0.374115 -0.475482 0.605331
v 0.371763 -0.479011 0.651378
v 0.329235 -0.462664 0.578109
v 0.424865 -0.455645 0.741700
v 0.426274 -0.502015 0.745441
v 0.447046 -0.476209 0.723335
v 0.301665 -0.440218 0.626132
v 0.366143 -0.478791 0.695559
v 0.356373 -0.473483 0.735017
v 0.367024 -0.399143 0.749282
v 0.390328 -0.470431 0.800911
v 0.397742 -0.429363 0.750135
v 0.144088 -0.452305 0.503135
v 0.244138 -0.557360 0.643027
v 0.185032 -0.490500 0.555546
v 0.173433 -0.488040 0.587456
v 0.208853 -0.527339 0.687884
v 0.316947 -0.496629 0.607678
v 0.262790 -0.432474 0.601158
v 0.289072 -0.463684 0.604775
v 0.316978 -0.557654 0.668685
v 0.295788 -0.589093 0.692711
v 0.198851 -0.360350 0.608476
v 0.212236 -0.480259 0.680905
v 0.192872 -0.391044 0.603892
v 0.217248 -0.379858 0.600763
v 0.238488 -0.403994 0.599031
v 0.268681 -0.555967 0.695658
v 0.251342 -0.470927 0.640579
v 0.240389 -0.518952 0.691113
v 0.623109 -0.418346 0.291795
v 0.591008 -0.397931 0.343717
v 0.605947 -0.407373 0.317516
v 0.645192 -0.469947 0.326047
v 0.678253 -0.535355 0.369679
v 0.537877 -0.365147 0.451678
v 0.551016 -0.373174 0.424612
v 0.563729 -0.451561 0.416662
v 0.508504 -0.375401 0.383992
v 0.525555 -0.423536 0.425572
v 0.564100 -0.381215 0.397579
v 0.577180 -0.389310 0.370681
v 0.452379 -0.454683 0.310462
v 0.424839 -0.463372 0.315452
v 0.646801 -0.553535 0.380640
v 0.548227 -0.508250 0.348197
v 0.539473 -0.508254 0.419490
v 0.544547 -0.508814 0.383751
v 0.605661 -0.524978 0.437416
v 0.572632 -0.419585 0.357817
v 0.603656 -0.481148 0.405434
v 0.642522 -0.509614 0.389983
v 0.471630 -0.328961 0.702473
v 0.378176 -0.326653 0.561668
v 0.408303 -0.318240 0.607329
v 0.477987 -0.331625 0.656230
v 0.484271 -0.334404 0.613534
v 0.381811 -0.472291 0.562425
v 0.443930 -0.505121 0.655491
v 0.453233 -0.418204 0.565816
v 0.478923 -0.489883 0.648731
v 0.490951 -0.493311 0.609208
v 0.464683 -0.484630 0.687610
v 0.418998 -0.398948 0.621194
v 0.511963 -0.349573 0.509368
v 0.524227 -0.356881 0.480634
v 0.491771 -0.338168 0.574630
v 0.500987 -0.343221 0.540392
v 0.430621 -0.355416 0.457071
v 0.426048 -0.321328 0.455969
v 0.411386 -0.342770 0.474611
v 0.386748 -0.329814 0.527817
v 0.397256 -0.334743 0.498404
v 0.412605 -0.315747 0.520213
v 0.331926 -0.708804 0.475880
v 0.351064 -0.603642 0.406437
v 0.332811 -0.635136 0.426997
v 0.309389 -0.612227 0.445937
v 0.328772 -0.603201 0.476115
v 0.460887 -0.548844 0.372592
v 0.490418 -0.636412 0.431009
v 0.461463 -0.624343 0.500115
v 0.476863 -0.631489 0.466194
v 0.423103 -0.522506 0.421079
v 0.467264 -0.662970 0.448031
v 0.405113 -0.630792 0.425472
v 0.398850 -0.581170 0.584130
v 0.360560 -0.485589 0.529632
v 0.389214 -0.661369 0.566003
v 0.424776 -0.668799 0.620030
v 0.391203 -0.503095 0.473981
v 0.422779 -0.599929 0.560561
v 0.443460 -0.614030 0.532231
v 0.403368 -0.645529 0.472999
v 0.455747 -0.678568 0.540857
v 0.398377 -0.656351 0.520583
v 0.457862 -0.341250 0.413320
v 0.496387 -0.446522 0.520448
v 0.457034 -0.374109 0.444239
v 0.489105 -0.397189 0.434445
v 0.550917 -0.485393 0.481186
v 0.383711 -0.464749 0.514833
v 0.386199 -0.450138 0.429327
v 0.384593 -0.456688 0.469842
v 0.448410 -0.490471 0.552179
v 0.501538 -0.497191 0.569241
v 0.409051 -0.453133 0.337725
v 0.529802 -0.505308 0.454547
v 0.443305 -0.456074 0.373323
v 0.397522 -0.447536 0.363432
v 0.390150 -0.446688 0.393561
v 0.511378 -0.500008 0.529774
v 0.442979 -0.469349 0.453052
v 0.520780 -0.502697 0.491520
v 0.373833 -0.671089 0.025292
v 0.377518 -0.660917 0.000000
v 0.365366 -0.690747 0.077418
v 0.369857 -0.681203 0.051135
v 0.404377 -0.837597 0.000000
v 0.375439 -0.732681 0.027124
v 0.398442 -0.848774 0.030899
v 0.337650 -0.714535 0.185351
v 0.346311 -0.711615 0.158464
v 0.368891 -0.860614 0.124479
v 0.346862 -0.758793 0.138861
v 0.355233 -0.855998 0.154240
v 0.353740 -0.706443 0.131361
v 0.359995 -0.699395 0.104389
v 0.233408 -0.725193 0.000000
v 0.279099 -0.802931 0.028102
v 0.221540 -0.716434 0.024796
v 0.395611 -0.925672 0.033252
v 0.348606 -0.900797 0.031912
v 0.362128 -0.905120 0.000000
v 0.320532 -0.888223 0.093878
v 0.334675 -0.895079 0.063261
v 0.370575 -0.924610 0.098982
v 0.364666 -0.752139 0.083028
v 0.380767 -0.861238 0.093637
v 0.390644 -0.857175 0.062253
v 0.232739 -0.662541 0.376579
v 0.246778 -0.671784 0.354589
v 0.219400 -0.707083 0.310061
v 0.216258 -0.639605 0.308360
v 0.199339 -0.677049 0.322538
v 0.261172 -0.681798 0.332744
v 0.275528 -0.691600 0.310568
v 0.139886 -0.668445 0.186678
v 0.173313 -0.743350 0.235675
v 0.130468 -0.672678 0.211101
v 0.264915 -0.844042 0.273312
v 0.224846 -0.823205 0.263729
v 0.240191 -0.833599 0.237724
v 0.195438 -0.806379 0.316226
v 0.209927 -0.814101 0.289856
v 0.226467 -0.798981 0.316649
v 0.315625 -0.712476 0.238644
v 0.326932 -0.714816 0.212909
v 0.289775 -0.700553 0.287434
v 0.303144 -0.707611 0.263552
v 0.301678 -0.814345 0.237253
v 0.288716 -0.723936 0.239679
v 0.281866 -0.791765 0.259192
v 0.240197 -0.737496 0.295668
v 0.261204 -0.766120 0.278746
v 0.252697 -0.684633 0.277660
v 0.027777 -0.802508 0.000000
v 0.044450 -0.803113 0.026874
v 0.016686 -0.807796 0.026998
v 0.109713 -0.875670 0.029472
v 0.075243 -0.833732 0.027959
v 0.085675 -0.822454 0.000000
v 0.053559 -0.860747 0.086661
v 0.064565 -0.846724 0.056823
v 0.087797 -0.902154 0.091057
v 0.190717 -0.706527 0.024386
v 0.179513 -0.770095 0.026354
v 0.189840 -0.768467 0.000000
v 0.157856 -0.769264 0.078747
v 0.168802 -0.770278 0.052655
v 0.168102 -0.695157 0.071694
v 0.154140 -0.882118 0.000000
v 0.167146 -0.849391 0.028864
v 0.143259 -0.889612 0.030048
v 0.112162 -0.756467 0.181483
v 0.123790 -0.761045 0.156226
v 0.124663 -0.672951 0.162305
v 0.109303 -0.919670 0.124514
v 0.121723 -0.866196 0.147267
v 0.097255 -0.930004 0.157361
v 0.145847 -0.682531 0.117249
v 0.135282 -0.764662 0.130658
v 0.146590 -0.767456 0.104933
v 0.132073 -0.898672 0.060718
v 0.145025 -0.858778 0.087529
v 0.120788 -0.908941 0.092212
v 0.321187 -0.749904 0.192524
v 0.303247 -0.882544 0.221950
v 0.321161 -0.833504 0.211794
v 0.339138 -0.847468 0.183928
v 0.339525 -0.910374 0.162677
v 0.149181 -0.667156 0.162632
v 0.170382 -0.675924 0.117400
v 0.159374 -0.669945 0.139722
v 0.195706 -0.744975 0.183520
v 0.255129 -0.843470 0.209964
v 0.207959 -0.705178 0.048887
v 0.303720 -0.877260 0.123813
v 0.250115 -0.780809 0.081878
v 0.194849 -0.694329 0.072222
v 0.182367 -0.684426 0.094880
v 0.271081 -0.854738 0.181961
v 0.220924 -0.758040 0.132865
v 0.287358 -0.866194 0.153260
v -0.016889 -0.456202 0.693936
v 0.000000 -0.493050 0.706069
v -0.040369 -0.614004 0.781757
v -0.019705 -0.576854 0.778512
v -0.059956 -0.584991 0.789570
v 0.018119 -0.530440 0.715872
v 0.037182 -0.565539 0.720051
v -0.101351 -0.585934 0.592915
v -0.077152 -0.518984 0.556005
v -0.111087 -0.532265 0.570393
v -0.017394 -0.583683 0.625146
v -0.047769 -0.536550 0.574718
v -0.032216 -0.561177 0.567864
v -0.079937 -0.502763 0.604209
v -0.063490 -0.516896 0.586336
v -0.054745 -0.574097 0.689546
v 0.094947 -0.638687 0.684246
v 0.112335 -0.649434 0.657171
v 0.056897 -0.596661 0.716647
v 0.076288 -0.621094 0.704532
v 0.036124 -0.629258 0.636756
v 0.059166 -0.664562 0.711835
v 0.019020 -0.638237 0.683574
v -0.020098 -0.632256 0.759473
v 0.000000 -0.639844 0.725530
v 0.020431 -0.642750 0.772078
v -0.248986 -0.750987 0.464136
v -0.226294 -0.719669 0.475631
v -0.274086 -0.750087 0.496100
v -0.135918 -0.630843 0.416457
v -0.178401 -0.674576 0.445555
v -0.166509 -0.712078 0.440089
v -0.198652 -0.600620 0.451744
v -0.188926 -0.636686 0.448969
v -0.154581 -0.555232 0.416859
v -0.018504 -0.758889 0.500500
v -0.048746 -0.681498 0.449504
v -0.031998 -0.692772 0.428156
v -0.083448 -0.663670 0.496544
v -0.065831 -0.671563 0.472077
v -0.057190 -0.750097 0.560883
v -0.090834 -0.652835 0.403474
v -0.074329 -0.624698 0.412120
v -0.101460 -0.608493 0.401550
v -0.159955 -0.631788 0.603487
v -0.140792 -0.644322 0.579313
v -0.128092 -0.651186 0.620378
v -0.138332 -0.533693 0.426218
v -0.139258 -0.581871 0.493284
v -0.156905 -0.534482 0.454026
v -0.095431 -0.716479 0.605166
v -0.121186 -0.651978 0.551670
v -0.102017 -0.657662 0.523612
v -0.112105 -0.571832 0.402438
v -0.103005 -0.585457 0.438571
v -0.123875 -0.546105 0.409565
v 0.204004 -0.648780 0.428781
v 0.216718 -0.653662 0.403985
v 0.180113 -0.646939 0.485711
v 0.191865 -0.646592 0.455955
v 0.137844 -0.589490 0.364325
v 0.152348 -0.576064 0.380488
v 0.124054 -0.575775 0.380103
v 0.128756 -0.654559 0.623593
v 0.143069 -0.654739 0.588679
v 0.088905 -0.573131 0.456311
v 0.113722 -0.611822 0.517692
v 0.077744 -0.583689 0.493006
v 0.156136 -0.652393 0.553069
v 0.168302 -0.649321 0.518561
v 0.037526 -0.812453 0.502124
v 0.058724 -0.820989 0.541510
v 0.019991 -0.819867 0.540716
v 0.108745 -0.652185 0.430383
v 0.089746 -0.754271 0.497601
v 0.106700 -0.766867 0.473950
v 0.054481 -0.714566 0.534315
v 0.072239 -0.736930 0.518028
v 0.078220 -0.622092 0.465436
v 0.132280 -0.583157 0.437353
v 0.099886 -0.567727 0.425290
v 0.111462 -0.568552 0.400129
v -0.090302 -0.644267 0.613969
v -0.059530 -0.744590 0.629284
v -0.076276 -0.698525 0.626882
v -0.051821 -0.617197 0.588286
v -0.016633 -0.591423 0.563774
v 0.000000 -0.817357 0.574341
v 0.035782 -0.689244 0.547929
v 0.020108 -0.791140 0.591633
v -0.020450 -0.804594 0.601695
v -0.040523 -0.780566 0.620527
v 0.090736 -0.647359 0.616916
v 0.016564 -0.588998 0.561463
v 0.051596 -0.614523 0.585737
v 0.065336 -0.598341 0.536974
v 0.048023 -0.600674 0.507654
v -0.019182 -0.719741 0.608222
v 0.017542 -0.658221 0.556234
v 0.000000 -0.624696 0.560845
v -0.402437 -0.704542 0.000000
v -0.385763 -0.692506 0.026099
v -0.400160 -0.663230 0.025497
v -0.345430 -0.735846 0.026788
v -0.367917 -0.718003 0.026580
v -0.360275 -0.746248 0.000000
v -0.375675 -0.654012 0.074684
v -0.372233 -0.685579 0.051464
v -0.364671 -0.689432 0.077270
v -0.230446 -0.745238 0.025793
v -0.258148 -0.742658 0.025993
v -0.234254 -0.727823 0.000000
v -0.307547 -0.767350 0.082147
v -0.282666 -0.755981 0.053430
v -0.282296 -0.782267 0.082680
v -0.299143 -0.747693 0.000000
v -0.288269 -0.744887 0.026389
v -0.318120 -0.744353 0.026739
v -0.415682 -0.803577 0.211946
v -0.387367 -0.795980 0.177251
v -0.399861 -0.846187 0.219502
v -0.365111 -0.709334 0.105872
v -0.373684 -0.746271 0.138767
v -0.382638 -0.701031 0.132533
v -0.339974 -0.819230 0.147615
v -0.359661 -0.786792 0.143985
v -0.333215 -0.777382 0.112440
v -0.334840 -0.734727 0.053360
v -0.330665 -0.747914 0.081316
v -0.349911 -0.721707 0.079668
v -0.017631 -0.853556 0.028528
v -0.049735 -0.898605 0.030069
v -0.031235 -0.902415 0.000000
v -0.084080 -0.863958 0.087202
v -0.067494 -0.885139 0.059401
v -0.051979 -0.835346 0.084104
v -0.097742 -0.938298 0.000000
v -0.083395 -0.924067 0.030988
v -0.115059 -0.918333 0.030908
v -0.137393 -0.741669 0.178879
v -0.125929 -0.774194 0.158925
v -0.106469 -0.718068 0.172271
v -0.164977 -0.863719 0.118095
v -0.147027 -0.831050 0.142002
v -0.181695 -0.850291 0.146067
v -0.082026 -0.784382 0.132721
v -0.113333 -0.806492 0.137117
v -0.099468 -0.836921 0.113311
v -0.185554 -0.751114 0.000000
v -0.184875 -0.793101 0.027141
v -0.205521 -0.761372 0.026279
v -0.142473 -0.884735 0.029883
v -0.164885 -0.837901 0.028473
v -0.148344 -0.848946 0.000000
v -0.203132 -0.840020 0.086634
v -0.183019 -0.835153 0.057090
v -0.177128 -0.863180 0.088361
v -0.117049 -0.880803 0.089358
v -0.148534 -0.879557 0.089647
v -0.131979 -0.898032 0.060675
v -0.278914 -0.700622 0.403425
v -0.245790 -0.669095 0.353169
v -0.251222 -0.715157 0.406486
v -0.275924 -0.692594 0.311014
v -0.251253 -0.655904 0.320106
v -0.287170 -0.668980 0.330610
v -0.191870 -0.651680 0.310452
v -0.218718 -0.646880 0.311868
v -0.197949 -0.637950 0.279746
v -0.402681 -0.880437 0.262239
v -0.389015 -0.878142 0.294134
v -0.423216 -0.866278 0.293675
v -0.296863 -0.833891 0.272982
v -0.345848 -0.867190 0.287108
v -0.327158 -0.883126 0.257292
v -0.362171 -0.788521 0.327677
v -0.357857 -0.835324 0.311119
v -0.316040 -0.764052 0.313487
v -0.127705 -0.658435 0.206631
v -0.158752 -0.680899 0.215876
v -0.148423 -0.709240 0.198071
v -0.182066 -0.642335 0.254568
v -0.169582 -0.657642 0.234150
v -0.152646 -0.629817 0.246986
v -0.232168 -0.805757 0.229784
v -0.198751 -0.727667 0.233121
v -0.245851 -0.783301 0.253643
v -0.267152 -0.723797 0.293543
v -0.257620 -0.755608 0.274922
v -0.220973 -0.678469 0.272004
v -0.229167 -0.777091 0.053872
v -0.226545 -0.850227 0.117865
v -0.229171 -0.816632 0.084944
v -0.255523 -0.797693 0.083648
v -0.284157 -0.820752 0.115838
v -0.174492 -0.780353 0.190226
v -0.260568 -0.861452 0.214441
v -0.216408 -0.823780 0.202933
v -0.199284 -0.837711 0.174711
v -0.217142 -0.861427 0.149619
v -0.376059 -0.878019 0.225415
v -0.314791 -0.844056 0.150826
v -0.345875 -0.864304 0.187581
v -0.343645 -0.891854 0.226621
v -0.304414 -0.885939 0.222804
v -0.251909 -0.864357 0.151500
v -0.278427 -0.877901 0.186892
v -0.284891 -0.858756 0.151944
v 0.180617 -0.597077 0.339691
v 0.144109 -0.694297 0.395568
v 0.156192 -0.613548 0.349334
v 0.176827 -0.643553 0.336036
v 0.185563 -0.747316 0.356957
v 0.017687 -0.743217 0.423960
v 0.054815 -0.793119 0.452368
v 0.083662 -0.742032 0.356246
v 0.070142 -0.768295 0.402894
v 0.049221 -0.715777 0.343933
v 0.093528 -0.815065 0.464771
v 0.125216 -0.779576 0.444364
v 0.118764 -0.681455 0.241155
v 0.102171 -0.675569 0.213183
v 0.177735 -0.798594 0.347002
v 0.149330 -0.753964 0.296712
v 0.076820 -0.692128 0.274119
v 0.107443 -0.696575 0.275030
v 0.095998 -0.717162 0.313145
v 0.143191 -0.787087 0.412098
v 0.123214 -0.783001 0.375231
v 0.160590 -0.792759 0.379263
v -0.223343 -0.738320 0.420047
v -0.171082 -0.688997 0.329101
v -0.196311 -0.714463 0.373063
v -0.192127 -0.754705 0.429705
v -0.157049 -0.756643 0.431089
v -0.102254 -0.676121 0.213357
v -0.115517 -0.662820 0.234561
v -0.110519 -0.825644 0.360514
v -0.113863 -0.738192 0.291462
v -0.092776 -0.835885 0.331054
v -0.130754 -0.660177 0.259803
v -0.148954 -0.669275 0.290811
v -0.048058 -0.695355 0.396607
v -0.016714 -0.702327 0.400634
v -0.118985 -0.740782 0.422251
v -0.081993 -0.714543 0.407451
v -0.057495 -0.836095 0.401746
v -0.071022 -0.777932 0.407947
v -0.095366 -0.845840 0.406084
v -0.151857 -0.749650 0.358639
v -0.127705 -0.811538 0.388906
v -0.143611 -0.789399 0.413308
v 0.000000 -0.811905 0.054355
v 0.035995 -0.866036 0.116681
v 0.016919 -0.815399 0.082142
v -0.016767 -0.808079 0.081405
v -0.033087 -0.796074 0.107255
v 0.097773 -0.766166 0.211763
v 0.093070 -0.880900 0.211495
v 0.020027 -0.943157 0.226611
v 0.060471 -0.955454 0.229508
v 0.040709 -0.961266 0.265687
v 0.079361 -0.944332 0.193079
v 0.058307 -0.928500 0.157433
v -0.076586 -0.724879 0.174036
v -0.089168 -0.698734 0.193125
v -0.048765 -0.776547 0.131668
v -0.063196 -0.751977 0.153750
v -0.036457 -0.860865 0.237937
v -0.049340 -0.779582 0.187262
v -0.018398 -0.866442 0.208179
v 0.018212 -0.869700 0.147411
v 0.000000 -0.869937 0.178073
v -0.016889 -0.806530 0.136704
v 0.000000 -0.717875 0.376652
v -0.039794 -0.884148 0.386986
v -0.018066 -0.787763 0.378464
v 0.016834 -0.734067 0.352667
v 0.033683 -0.748379 0.327561
v -0.080781 -0.749598 0.236396
v -0.020386 -0.940506 0.296417
v -0.055129 -0.853966 0.269198
v -0.073935 -0.845550 0.300277
v -0.060721 -0.910923 0.360394
v 0.082719 -0.767575 0.242065
v 0.050609 -0.759220 0.300375
v 0.066937 -0.765524 0.271857
v 0.057342 -0.888257 0.280007
v 0.020774 -0.958419 0.302062
v -0.020482 -0.921267 0.364551
v 0.000000 -0.945796 0.335623
v 0.019064 -0.857495 0.339317
v 0.374869 -0.672948 -0.025362
v 0.395806 -0.656014 -0.025219
v 0.417611 -0.889607 -0.032385
v 0.397785 -0.776291 -0.028738
v 0.379176 -0.660107 -0.075380
v 0.387140 -0.713036 -0.053525
v 0.406821 -0.769120 -0.086202
v 0.220085 -0.711730 -0.024634
v 0.263421 -0.757828 -0.026524
v 0.336948 -0.840707 -0.090000
v 0.298469 -0.798247 -0.056417
v 0.270854 -0.750561 -0.079329
v 0.331105 -0.855576 -0.030310
v 0.394019 -0.921946 -0.033119
v 0.437247 -0.845265 -0.222941
v 0.431175 -0.885998 -0.197296
v 0.415474 -0.879227 -0.228072
v 0.425200 -0.826073 -0.123297
v 0.434460 -0.867645 -0.161336
v 0.411303 -0.753549 -0.142462
v 0.343828 -0.828516 -0.149288
v 0.409115 -0.894978 -0.163784
v 0.375801 -0.876737 -0.126811
v 0.417335 -0.915743 -0.066507
v 0.402161 -0.909628 -0.098898
v 0.428043 -0.882857 -0.097457
v 0.017187 -0.832068 -0.027810
v 0.043582 -0.787431 -0.026349
v 0.073839 -0.758730 -0.076581
v 0.058819 -0.771364 -0.051766
v 0.048707 -0.782770 -0.078810
v 0.070898 -0.785587 -0.026345
v 0.103138 -0.823189 -0.027705
v 0.147729 -0.797466 -0.192336
v 0.126058 -0.774987 -0.159088
v 0.109753 -0.740214 -0.177583
v 0.162228 -0.849328 -0.116127
v 0.144154 -0.814807 -0.139226
v 0.182838 -0.855638 -0.146986
v 0.077305 -0.739231 -0.125082
v 0.106673 -0.759098 -0.129059
v 0.089575 -0.753679 -0.102041
v 0.191671 -0.822254 -0.028139
v 0.201963 -0.748192 -0.025825
v 0.139595 -0.866864 -0.029280
v 0.171620 -0.872127 -0.029636
v 0.202781 -0.838570 -0.086484
v 0.188113 -0.858398 -0.058679
v 0.177919 -0.867032 -0.088755
v 0.104500 -0.786371 -0.079778
v 0.141669 -0.838906 -0.085503
v 0.121856 -0.829151 -0.056021
v 0.255766 -0.642475 -0.369943
v 0.234465 -0.638267 -0.336897
v 0.220488 -0.627667 -0.356758
v 0.272053 -0.682878 -0.306651
v 0.251360 -0.656185 -0.320243
v 0.308406 -0.718449 -0.355058
v 0.216947 -0.736855 -0.351028
v 0.226826 -0.670859 -0.323428
v 0.225003 -0.725140 -0.317979
v 0.388547 -0.849533 -0.253034
v 0.357986 -0.808100 -0.270674
v 0.421014 -0.861771 -0.292147
v 0.247910 -0.696381 -0.227967
v 0.288628 -0.723715 -0.239606
v 0.261332 -0.705437 -0.205524
v 0.369523 -0.804527 -0.334329
v 0.326541 -0.762225 -0.283893
v 0.297472 -0.719161 -0.295069
v 0.152613 -0.786856 -0.246932
v 0.193148 -0.828424 -0.262648
v 0.171464 -0.819341 -0.228819
v 0.221008 -0.779721 -0.309016
v 0.210489 -0.816280 -0.290632
v 0.196450 -0.810553 -0.317863
v 0.228039 -0.791426 -0.225698
v 0.221202 -0.809863 -0.259454
v 0.233611 -0.744304 -0.241015
v 0.249570 -0.676160 -0.274224
v 0.238746 -0.700250 -0.254780
v 0.231804 -0.711725 -0.285336
v 0.214956 -0.728902 -0.050532
v 0.215474 -0.808678 -0.112105
v 0.215256 -0.767046 -0.079786
v 0.230204 -0.718651 -0.075360
v 0.249914 -0.721845 -0.101879
v 0.188439 -0.842725 -0.205431
v 0.231533 -0.765461 -0.190546
v 0.217947 -0.829637 -0.204376
v 0.202448 -0.851010 -0.177485
v 0.211642 -0.839605 -0.145829
v 0.349343 -0.815643 -0.209401
v 0.276471 -0.741306 -0.132466
v 0.310162 -0.775060 -0.168213
v 0.281960 -0.731766 -0.185942
v 0.244629 -0.711946 -0.179047
v 0.225325 -0.773140 -0.135512
v 0.233951 -0.737664 -0.157038
v 0.238716 -0.719569 -0.127317
v -0.426050 -0.706141 -0.027147
v -0.408573 -0.733453 -0.027642
v -0.413055 -0.780906 -0.087523
v -0.412290 -0.759357 -0.057002
v -0.434672 -0.756721 -0.086412
v -0.386798 -0.754849 -0.027944
v -0.359433 -0.765675 -0.027873
v -0.383840 -0.812282 -0.210707
v -0.395956 -0.813628 -0.181181
v -0.416292 -0.804757 -0.212257
v -0.342044 -0.797981 -0.115420
v -0.370933 -0.811451 -0.148498
v -0.330546 -0.796510 -0.143521
v -0.431452 -0.790464 -0.149441
v -0.404887 -0.808585 -0.150354
v -0.410553 -0.797618 -0.119049
v -0.253930 -0.730524 -0.025568
v -0.221180 -0.715271 -0.024756
v -0.326326 -0.763553 -0.027429
v -0.290194 -0.749862 -0.026565
v -0.269366 -0.746438 -0.078893
v -0.280376 -0.749857 -0.052997
v -0.310758 -0.775362 -0.083005
v -0.385187 -0.794465 -0.087700
v -0.350536 -0.792859 -0.086202
v -0.356279 -0.781769 -0.056777
v -0.216515 -0.616356 -0.350329
v -0.234757 -0.639061 -0.337317
v -0.252695 -0.634763 -0.365502
v -0.198203 -0.638769 -0.280105
v -0.216366 -0.639924 -0.308514
v -0.183062 -0.621764 -0.296201
v -0.299874 -0.698573 -0.345235
v -0.256614 -0.669899 -0.326936
v -0.280390 -0.703807 -0.316049
v -0.140778 -0.672709 -0.187869
v -0.151793 -0.651051 -0.206412
v -0.133044 -0.685961 -0.215269
v -0.213719 -0.680928 -0.220493
v -0.178178 -0.652346 -0.208991
v -0.192830 -0.669230 -0.190850
v -0.154530 -0.637589 -0.250034
v -0.165232 -0.640772 -0.228143
v -0.180829 -0.637970 -0.252838
v -0.388700 -0.795629 -0.269724
v -0.349091 -0.788021 -0.263948
v -0.367523 -0.803566 -0.239343
v -0.304838 -0.736970 -0.302376
v -0.327947 -0.765506 -0.285115
v -0.348650 -0.759082 -0.315443
v -0.277474 -0.749009 -0.218218
v -0.303852 -0.761888 -0.252244
v -0.257276 -0.722691 -0.236580
v -0.216248 -0.663962 -0.266188
v -0.236352 -0.693227 -0.252225
v -0.259007 -0.701730 -0.284594
v -0.052557 -0.949605 -0.031776
v -0.018731 -0.906814 -0.030308
v -0.114645 -0.915032 -0.030796
v -0.085950 -0.952372 -0.031938
v -0.060472 -0.971840 -0.097846
v -0.073497 -0.963864 -0.064684
v -0.091535 -0.940568 -0.094934
v -0.193103 -0.715369 -0.024692
v -0.172381 -0.739500 -0.025307
v -0.150147 -0.731696 -0.074901
v -0.160625 -0.732962 -0.050104
v -0.168409 -0.696430 -0.071825
v -0.155122 -0.788286 -0.026787
v -0.137298 -0.852600 -0.028798
v -0.116101 -0.783028 -0.187855
v -0.123918 -0.761827 -0.156387
v -0.131590 -0.710344 -0.171324
v -0.105613 -0.888628 -0.120311
v -0.115857 -0.824454 -0.140171
v -0.094773 -0.906271 -0.153346
v -0.148090 -0.693028 -0.119052
v -0.131989 -0.746050 -0.127478
v -0.140597 -0.736083 -0.100643
v -0.126542 -0.861036 -0.058176
v -0.134338 -0.795494 -0.081079
v -0.116056 -0.873331 -0.088600
v -0.343100 -0.801067 -0.205659
v -0.250818 -0.729960 -0.183577
v -0.297240 -0.771420 -0.196019
v -0.315150 -0.787525 -0.170918
v -0.285256 -0.764862 -0.136675
v -0.149350 -0.667916 -0.162817
v -0.169953 -0.674223 -0.117104
v -0.159132 -0.668929 -0.139510
v -0.174177 -0.663021 -0.163331
v -0.208199 -0.688318 -0.171343
v -0.207448 -0.703445 -0.048767
v -0.255336 -0.737508 -0.104089
v -0.228654 -0.713812 -0.074852
v -0.194315 -0.692424 -0.072024
v -0.181850 -0.682487 -0.094611
v -0.224380 -0.707486 -0.150613
v -0.200752 -0.688825 -0.120734
v -0.240310 -0.724376 -0.128167
v 0.017978 -0.485638 -0.738711
v 0.000000 -0.557782 -0.798767
v -0.019589 -0.529149 -0.804896
v 0.039407 -0.599382 -0.763141
v 0.019857 -0.581307 -0.784521
v 0.053303 -0.520079 -0.701957
v -0.058057 -0.566466 -0.764567
v -0.020474 -0.599370 -0.808898
v -0.038975 -0.592801 -0.754761
v 0.108472 -0.627101 -0.634573
v 0.092973 -0.625404 -0.670017
v 0.112817 -0.540555 -0.579278
v 0.019552 -0.656094 -0.702700
v 0.059689 -0.670436 -0.718127
v 0.038507 -0.670769 -0.678761
v 0.085264 -0.536265 -0.644471
v 0.076258 -0.620847 -0.704252
v 0.058413 -0.612559 -0.735743
v -0.106025 -0.508014 -0.544405
v -0.075872 -0.510375 -0.546782
v -0.093329 -0.539557 -0.545985
v -0.052802 -0.553713 -0.665062
v -0.063514 -0.517096 -0.586563
v -0.077915 -0.490047 -0.588928
v -0.032742 -0.570344 -0.577140
v -0.048466 -0.544383 -0.583107
v -0.017935 -0.601822 -0.644573
v 0.020458 -0.643592 -0.773089
v 0.000000 -0.637995 -0.723433
v -0.019605 -0.616759 -0.740857
v 0.206130 -0.621724 -0.384247
v 0.195016 -0.620196 -0.409890
v 0.215895 -0.590837 -0.390774
v 0.158239 -0.734442 -0.484849
v 0.183113 -0.692392 -0.457322
v 0.173359 -0.741370 -0.458192
v 0.185566 -0.561053 -0.421985
v 0.184081 -0.620359 -0.437456
v 0.173009 -0.621420 -0.466551
v 0.016713 -0.685444 -0.452062
v 0.047114 -0.658681 -0.434455
v 0.031635 -0.684922 -0.423305
v 0.087000 -0.691919 -0.517679
v 0.065235 -0.665479 -0.467801
v 0.049968 -0.655374 -0.490055
v 0.096083 -0.690562 -0.426791
v 0.080517 -0.676706 -0.446431
v 0.119792 -0.718435 -0.474102
v 0.137092 -0.541485 -0.517230
v 0.136838 -0.626224 -0.563041
v 0.123430 -0.627483 -0.597797
v 0.161439 -0.622842 -0.497413
v 0.149475 -0.624560 -0.529473
v 0.160423 -0.546466 -0.464206
v 0.093457 -0.701656 -0.592645
v 0.128293 -0.690212 -0.584021
v 0.110084 -0.709667 -0.565018
v 0.142386 -0.726294 -0.511143
v 0.126297 -0.717841 -0.537741
v 0.157224 -0.693123 -0.519825
v -0.220659 -0.603873 -0.399396
v -0.192819 -0.613208 -0.405271
v -0.200869 -0.605858 -0.374441
v -0.182799 -0.656587 -0.492954
v -0.187759 -0.632753 -0.446196
v -0.206942 -0.625684 -0.470596
v -0.155697 -0.665840 -0.411512
v -0.170771 -0.645723 -0.426497
v -0.150280 -0.697498 -0.460460
v -0.116584 -0.592682 -0.564642
v -0.140107 -0.641187 -0.576494
v -0.154979 -0.612134 -0.584713
v -0.108950 -0.702354 -0.559195
v -0.124823 -0.671546 -0.568227
v -0.087610 -0.657759 -0.555569
v -0.192665 -0.656292 -0.557500
v -0.160304 -0.669810 -0.567834
v -0.174445 -0.673019 -0.537486
v -0.036824 -0.797261 -0.492734
v -0.055953 -0.782246 -0.515956
v -0.018054 -0.740434 -0.488328
v -0.125508 -0.752719 -0.496726
v -0.093620 -0.786827 -0.519078
v -0.109453 -0.786653 -0.486178
v -0.054251 -0.711551 -0.532061
v -0.074493 -0.759923 -0.534190
v -0.092125 -0.732684 -0.548178
v -0.157553 -0.694574 -0.520913
v -0.127574 -0.725099 -0.543178
v -0.141419 -0.721361 -0.507671
v 0.095875 -0.684024 -0.651856
v 0.053464 -0.668728 -0.565170
v 0.075659 -0.692874 -0.621811
v 0.057333 -0.682855 -0.650868
v 0.018015 -0.640570 -0.610623
v 0.000000 -0.682418 -0.479522
v -0.034066 -0.656186 -0.521648
v -0.017099 -0.672749 -0.503098
v 0.016423 -0.646145 -0.483203
v 0.033430 -0.643938 -0.511912
v -0.080323 -0.573071 -0.546121
v -0.016693 -0.593582 -0.565832
v -0.047831 -0.569677 -0.542992
v -0.066043 -0.604813 -0.542781
v -0.050601 -0.632913 -0.534901
v 0.016805 -0.630540 -0.532842
v -0.016468 -0.617918 -0.522176
v 0.000000 -0.613876 -0.551131
v 0.000000 -0.890608 -0.059624
v -0.040458 -0.973404 -0.131147
v -0.019605 -0.944856 -0.095184
v 0.017918 -0.863560 -0.086994
v 0.034425 -0.828266 -0.111592
v -0.104988 -0.822699 -0.227388
v -0.093177 -0.881911 -0.211738
v -0.020386 -0.960095 -0.230680
v -0.060401 -0.954341 -0.229241
v -0.040635 -0.959526 -0.265206
v -0.078531 -0.934452 -0.191059
v -0.060818 -0.968483 -0.164212
v 0.076604 -0.725052 -0.174077
v 0.091088 -0.713781 -0.197284
v 0.049530 -0.788722 -0.133733
v 0.063208 -0.752119 -0.153779
v 0.035469 -0.837542 -0.231491
v 0.049995 -0.789938 -0.189750
v 0.018920 -0.891056 -0.214093
v -0.020137 -0.961616 -0.162991
v 0.000000 -0.934085 -0.191204
v 0.018543 -0.885516 -0.150092
v -0.184541 -0.610047 -0.347070
v -0.142764 -0.687817 -0.391876
v -0.161250 -0.633416 -0.360647
v -0.169660 -0.617470 -0.322417
v -0.156353 -0.629678 -0.300767
v -0.019308 -0.811343 -0.462821
v -0.058222 -0.842420 -0.480488
v -0.094323 -0.836596 -0.401646
v -0.078042 -0.854824 -0.448269
v -0.060837 -0.884697 -0.425099
v -0.094216 -0.821061 -0.468190
v -0.122096 -0.760151 -0.433291
v -0.124572 -0.714782 -0.252949
v -0.115410 -0.763112 -0.240809
v -0.144426 -0.648929 -0.281970
v -0.134028 -0.676706 -0.266308
v -0.093831 -0.845390 -0.334818
v -0.116358 -0.754370 -0.297849
v -0.106869 -0.798374 -0.348606
v -0.130607 -0.717917 -0.375883
v -0.118845 -0.755235 -0.361924
v -0.137148 -0.677039 -0.323902
v 0.206796 -0.683620 -0.388927
v 0.194678 -0.784027 -0.374492
v 0.204816 -0.745417 -0.389226
v 0.190019 -0.746427 -0.424992
v 0.156432 -0.753670 -0.429395
v 0.109166 -0.721821 -0.227779
v 0.129848 -0.745051 -0.263661
v 0.092192 -0.688727 -0.300729
v 0.109606 -0.710598 -0.280566
v 0.076993 -0.693691 -0.274738
v 0.153156 -0.773285 -0.304315
v 0.176095 -0.791226 -0.343801
v 0.047157 -0.682311 -0.389167
v 0.017634 -0.741008 -0.422699
v 0.114055 -0.710092 -0.404757
v 0.077052 -0.671486 -0.382898
v 0.049253 -0.716247 -0.344159
v 0.061971 -0.678794 -0.355959
v 0.076581 -0.679230 -0.326096
v 0.154763 -0.763993 -0.365501
v 0.111209 -0.706713 -0.338672
v 0.133787 -0.735396 -0.385034
v -0.092802 -0.861142 -0.271572
v -0.060843 -0.912758 -0.361120
v -0.078200 -0.894328 -0.317599
v -0.060373 -0.935210 -0.294809
v -0.020472 -0.944485 -0.297671
v 0.000000 -0.811890 -0.425980
v 0.035069 -0.779161 -0.341034
v 0.018360 -0.800571 -0.384618
v -0.020005 -0.872300 -0.419078
v -0.040827 -0.907091 -0.397028
v 0.076574 -0.710554 -0.224082
v 0.019046 -0.878693 -0.276935
v 0.050237 -0.778200 -0.245314
v 0.063477 -0.725958 -0.257806
v 0.050105 -0.751668 -0.297387
v -0.020358 -0.915678 -0.362340
v 0.018853 -0.847976 -0.335550
v 0.000000 -0.906517 -0.321684
v 0.437987 -0.681970 -0.043215
v 0.473587 -0.720380 -0.017532
v 0.384765 -0.628232 -0.088253
v 0.405367 -0.646253 -0.065987
v 0.522815 -0.705651 -0.053583
v 0.486773 -0.713028 -0.063725
v 0.521196 -0.719162 -0.083740
v 0.422051 -0.761695 -0.223655
v 0.404782 -0.711892 -0.181829
v 0.432699 -0.638385 -0.151610
v 0.381257 -0.612896 -0.151183
v 0.403596 -0.609078 -0.168969
v 0.388312 -0.665901 -0.144644
v 0.379712 -0.635268 -0.113786
v 0.495993 -0.531523 -0.103517
v 0.478209 -0.553653 -0.114314
v 0.475509 -0.519708 -0.124592
v 0.526468 -0.684546 -0.099376
v 0.504948 -0.619451 -0.108384
v 0.479780 -0.576590 -0.076283
v 0.533992 -0.683055 -0.177338
v 0.526023 -0.658861 -0.143262
v 0.514647 -0.698534 -0.159069
v 0.417507 -0.640331 -0.107767
v 0.468296 -0.675337 -0.133296
v 0.500948 -0.706492 -0.110917
v 0.298484 -0.688242 -0.425357
v 0.328440 -0.730797 -0.420358
v 0.421865 -0.757267 -0.434467
v 0.400915 -0.797989 -0.458452
v 0.417200 -0.769819 -0.475774
v 0.358771 -0.771737 -0.411540
v 0.387349 -0.806863 -0.397202
v 0.506699 -0.633133 -0.360571
v 0.432048 -0.587516 -0.335315
v 0.484108 -0.616312 -0.380902
v 0.379126 -0.588540 -0.285353
v 0.389757 -0.566215 -0.298056
v 0.409256 -0.582094 -0.280448
v 0.374506 -0.568855 -0.351572
v 0.378498 -0.562031 -0.321392
v 0.391797 -0.637769 -0.365330
v 0.436834 -0.832639 -0.310324
v 0.434282 -0.805393 -0.268979
v 0.411830 -0.831733 -0.375571
v 0.429014 -0.841292 -0.346545
v 0.386621 -0.626724 -0.253224
v 0.425165 -0.755922 -0.308478
v 0.398084 -0.661208 -0.294370
v 0.419075 -0.732161 -0.388212
v 0.410184 -0.698340 -0.340339
v 0.430063 -0.807327 -0.395456
v 0.672071 -0.444501 -0.245578
v 0.631276 -0.452064 -0.251160
v 0.637823 -0.427723 -0.264348
v 0.707199 -0.574192 -0.256797
v 0.666419 -0.508624 -0.253733
v 0.646322 -0.486118 -0.213768
v 0.697054 -0.548117 -0.338755
v 0.686564 -0.531818 -0.296927
v 0.696148 -0.582855 -0.326836
v 0.517286 -0.532405 -0.147496
v 0.592489 -0.575441 -0.181194
v 0.644758 -0.615876 -0.163239
v 0.499608 -0.501928 -0.208090
v 0.540943 -0.534286 -0.194881
v 0.472821 -0.503833 -0.188058
v 0.718458 -0.610309 -0.210915
v 0.670263 -0.613876 -0.218268
v 0.714009 -0.616243 -0.246053
v 0.480924 -0.518939 -0.320722
v 0.468978 -0.496793 -0.281453
v 0.515582 -0.591728 -0.336148
v 0.591095 -0.535218 -0.301275
v 0.479513 -0.469397 -0.265126
v 0.537447 -0.494574 -0.305664
v 0.487980 -0.539124 -0.253351
v 0.464713 -0.483485 -0.249266
v 0.473784 -0.484316 -0.225295
v 0.688361 -0.603432 -0.273710
v 0.566206 -0.535922 -0.246286
v 0.644870 -0.574408 -0.291895
v 0.395977 -0.668634 -0.218510
v 0.394440 -0.584864 -0.232848
v 0.380706 -0.602103 -0.217733
v 0.385632 -0.595535 -0.190203
v 0.451108 -0.639575 -0.199354
v 0.523507 -0.640567 -0.334100
v 0.522108 -0.613944 -0.262154
v 0.528801 -0.634088 -0.300578
v 0.491693 -0.641306 -0.306533
v 0.438602 -0.609677 -0.266514
v 0.475022 -0.528405 -0.151325
v 0.525917 -0.686029 -0.208290
v 0.519652 -0.625507 -0.184667
v 0.487905 -0.552606 -0.184053
v 0.506301 -0.584119 -0.221773
v 0.471867 -0.641858 -0.251844
v 0.531698 -0.665292 -0.256953
v 0.503345 -0.670329 -0.233160
v 0.026590 -0.417316 -0.691665
v 0.042605 -0.431807 -0.672348
v 0.097331 -0.424346 -0.692858
v 0.066758 -0.410101 -0.653800
v 0.083276 -0.418895 -0.729254
v 0.057978 -0.442876 -0.648727
v 0.072438 -0.450857 -0.622107
v 0.184203 -0.347603 -0.627334
v 0.178358 -0.397056 -0.698305
v 0.165813 -0.325204 -0.628669
v 0.165879 -0.473425 -0.698471
v 0.182018 -0.459018 -0.737902
v 0.201009 -0.480126 -0.724571
v 0.146616 -0.423297 -0.775523
v 0.163975 -0.440208 -0.754894
v 0.133810 -0.446535 -0.747065
v 0.111068 -0.464629 -0.537931
v 0.123037 -0.469574 -0.513221
v 0.086149 -0.456399 -0.593438
v 0.098872 -0.460633 -0.565087
v 0.154329 -0.464708 -0.594430
v 0.118214 -0.434054 -0.543666
v 0.138992 -0.449691 -0.610369
v 0.111149 -0.430609 -0.660426
v 0.124874 -0.438706 -0.632664
v 0.093136 -0.420642 -0.593237
v 0.428314 -0.300559 -0.693026
v 0.370659 -0.289609 -0.644396
v 0.415521 -0.287277 -0.721630
v 0.401438 -0.389794 -0.699699
v 0.367046 -0.320980 -0.638886
v 0.374152 -0.328089 -0.605391
v 0.343055 -0.297980 -0.694160
v 0.356860 -0.311102 -0.669198
v 0.374755 -0.365458 -0.761264
v 0.337960 -0.474925 -0.593430
v 0.382975 -0.493457 -0.671023
v 0.403172 -0.512412 -0.652345
v 0.337442 -0.448332 -0.695973
v 0.360984 -0.472045 -0.685760
v 0.297357 -0.433932 -0.617191
v 0.444579 -0.473581 -0.719344
v 0.425806 -0.501464 -0.744623
v 0.433019 -0.464390 -0.755935
v 0.236191 -0.340375 -0.696712
v 0.261036 -0.367453 -0.700394
v 0.207053 -0.334298 -0.619970
v 0.374932 -0.411130 -0.830319
v 0.330194 -0.408772 -0.801598
v 0.349385 -0.386164 -0.840759
v 0.252294 -0.385202 -0.624424
v 0.286689 -0.395135 -0.702529
v 0.312246 -0.422258 -0.701361
v 0.417426 -0.450612 -0.787259
v 0.382354 -0.460821 -0.784550
v 0.397933 -0.432757 -0.812384
v 0.239611 -0.602247 -0.431275
v 0.265004 -0.639406 -0.428785
v 0.196735 -0.541793 -0.439896
v 0.216843 -0.569530 -0.434676
v 0.349748 -0.719674 -0.565904
v 0.279288 -0.645779 -0.500226
v 0.322563 -0.687048 -0.575236
v 0.135902 -0.476626 -0.490557
v 0.148856 -0.486745 -0.472741
v 0.240200 -0.576703 -0.579381
v 0.181724 -0.504422 -0.498215
v 0.216041 -0.543176 -0.578803
v 0.163020 -0.500607 -0.458492
v 0.178753 -0.518715 -0.447690
v 0.334512 -0.501602 -0.541251
v 0.333587 -0.555846 -0.588814
v 0.320665 -0.491835 -0.564474
v 0.350892 -0.688442 -0.623363
v 0.352000 -0.636635 -0.623204
v 0.365508 -0.642670 -0.591404
v 0.314501 -0.605762 -0.669250
v 0.334696 -0.623982 -0.649188
v 0.302334 -0.635794 -0.649926
v 0.225721 -0.567671 -0.497632
v 0.266840 -0.613459 -0.580647
v 0.294658 -0.650973 -0.579844
v 0.204330 -0.370280 -0.625245
v 0.246520 -0.417600 -0.619206
v 0.225333 -0.393995 -0.623120
v 0.218314 -0.442627 -0.683552
v 0.222504 -0.503494 -0.713848
v 0.304884 -0.477727 -0.584550
v 0.292160 -0.581868 -0.684216
v 0.302281 -0.531797 -0.637681
v 0.287019 -0.460392 -0.600481
v 0.267475 -0.440184 -0.611876
v 0.146481 -0.459817 -0.511491
v 0.204038 -0.515182 -0.672026
v 0.172659 -0.485861 -0.584834
v 0.193218 -0.512202 -0.580126
v 0.250975 -0.572969 -0.661034
v 0.261537 -0.490028 -0.666561
v 0.268659 -0.555921 -0.695600
v 0.245160 -0.529251 -0.704829
v 0.734111 -0.028222 -0.442926
v 0.674231 -0.042725 -0.433017
v 0.701180 -0.017065 -0.460965
v 0.742791 -0.104346 -0.454928
v 0.689707 -0.070424 -0.432624
v 0.682822 -0.077974 -0.392224
v 0.708826 -0.053824 -0.525168
v 0.699519 -0.062517 -0.477551
v 0.770654 -0.089735 -0.558514
v 0.776646 -0.228045 -0.430336
v 0.832275 -0.212576 -0.473231
v 0.849778 -0.224131 -0.439581
v 0.765784 -0.181865 -0.519050
v 0.804001 -0.198323 -0.500135
v 0.703178 -0.195074 -0.465950
v 0.787886 -0.148953 -0.430045
v 0.844242 -0.183383 -0.492310
v 0.806955 -0.144537 -0.482332
v 0.564023 -0.109846 -0.526320
v 0.614310 -0.126838 -0.530600
v 0.562209 -0.134781 -0.514395
v 0.793460 -0.115187 -0.610232
v 0.722422 -0.126401 -0.588885
v 0.757638 -0.100236 -0.630431
v 0.626095 -0.162550 -0.489463
v 0.667439 -0.145127 -0.532872
v 0.719039 -0.163738 -0.529754
v 0.816336 -0.137388 -0.532265
v 0.811010 -0.160075 -0.562375
v 0.812862 -0.127617 -0.576371
v 0.706951 -0.436920 -0.306598
v 0.780926 -0.449192 -0.350970
v 0.811170 -0.467079 -0.322922
v 0.700327 -0.401799 -0.390144
v 0.742947 -0.426830 -0.373261
v 0.634823 -0.392342 -0.344040
v 0.795867 -0.393318 -0.341639
v 0.823240 -0.439005 -0.382714
v 0.809733 -0.398615 -0.388727
v 0.541228 -0.308231 -0.433148
v 0.574318 -0.327782 -0.422342
v 0.550207 -0.340046 -0.432182
v 0.778230 -0.377325 -0.501321
v 0.679789 -0.357841 -0.467935
v 0.742144 -0.357559 -0.521783
v 0.581247 -0.359230 -0.382664
v 0.613151 -0.350625 -0.412925
v 0.655840 -0.375682 -0.402899
v 0.738019 -0.250194 -0.360555
v 0.673963 -0.251186 -0.353586
v 0.707293 -0.236216 -0.381385
v 0.752423 -0.339758 -0.372560
v 0.693728 -0.285760 -0.353764
v 0.683470 -0.284022 -0.313921
v 0.721857 -0.291661 -0.445307
v 0.707770 -0.288828 -0.398082
v 0.779598 -0.347078 -0.469361
v 0.769814 -0.408176 -0.440627
v 0.802183 -0.390948 -0.471178
v 0.812369 -0.397926 -0.432750
v 0.476211 -0.263098 -0.720015
v 0.476267 -0.264607 -0.665074
v 0.488721 -0.302046 -0.728782
v 0.419637 -0.187675 -0.516842
v 0.428202 -0.213613 -0.561047
v 0.403606 -0.177484 -0.536617
v 0.510509 -0.315512 -0.649227
v 0.474673 -0.265021 -0.612791
v 0.473826 -0.265698 -0.565927
v 0.590789 -0.163670 -0.574011
v 0.622656 -0.196061 -0.641102
v 0.577027 -0.152942 -0.604087
v 0.589402 -0.244355 -0.586678
v 0.628066 -0.229088 -0.635892
v 0.667591 -0.249181 -0.626499
v 0.539034 -0.186283 -0.634554
v 0.583970 -0.207634 -0.637610
v 0.489046 -0.195266 -0.566632
v 0.534491 -0.330333 -0.495337
v 0.494876 -0.280367 -0.467168
v 0.514012 -0.291999 -0.447867
v 0.475830 -0.267845 -0.525507
v 0.482414 -0.272479 -0.492811
v 0.523809 -0.323732 -0.569216
v 0.583542 -0.274224 -0.528184
v 0.491804 -0.253555 -0.472709
v 0.530992 -0.247007 -0.519445
v 0.446814 -0.202670 -0.509700
v 0.484660 -0.222729 -0.512048
v 0.441760 -0.224488 -0.495950
v 0.681992 -0.222876 -0.403887
v 0.729548 -0.290450 -0.492016
v 0.668057 -0.241583 -0.422408
v 0.659496 -0.210631 -0.427050
v 0.640518 -0.199648 -0.451773
v 0.577452 -0.301182 -0.471926
v 0.692229 -0.295582 -0.588682
v 0.640713 -0.303719 -0.534326
v 0.695091 -0.332241 -0.532930
v 0.762539 -0.333336 -0.548571
v 0.601318 -0.172206 -0.540569
v 0.624887 -0.189726 -0.479045
v 0.612248 -0.180753 -0.508636
v 0.660459 -0.219975 -0.583130
v 0.700048 -0.265787 -0.606785
v 0.730548 -0.286643 -0.537069
v 0.721145 -0.278525 -0.576337
v 0.670114 -0.233085 -0.503184
v 0.343604 -0.733742 -0.492623
v 0.390152 -0.715814 -0.565003
v 0.379208 -0.750388 -0.546570
v 0.402482 -0.768096 -0.516385
v 0.404016 -0.694691 -0.467741
v 0.380497 -0.512440 -0.558918
v 0.349983 -0.509965 -0.512563
v 0.383586 -0.531125 -0.460371
v 0.365819 -0.519102 -0.485038
v 0.429509 -0.552357 -0.520392
v 0.352869 -0.555582 -0.515069
v 0.375195 -0.637549 -0.545617
v 0.456757 -0.592730 -0.401425
v 0.512401 -0.610189 -0.414237
v 0.375260 -0.584309 -0.394119
v 0.387075 -0.549196 -0.371143
v 0.477562 -0.589760 -0.475278
v 0.429474 -0.568733 -0.419865
v 0.404847 -0.547743 -0.438756
v 0.378965 -0.624368 -0.495216
v 0.364830 -0.543201 -0.432962
v 0.378044 -0.605002 -0.443304
v 0.453143 -0.316066 -0.674937
v 0.502315 -0.346864 -0.636394
v 0.477781 -0.331482 -0.655947
v 0.398874 -0.310892 -0.593305
v 0.378056 -0.326550 -0.561490
v 0.584366 -0.397821 -0.535772
v 0.568776 -0.388366 -0.565893
v 0.417230 -0.347640 -0.481354
v 0.512506 -0.386535 -0.548498
v 0.445310 -0.367540 -0.472663
v 0.549092 -0.376178 -0.592282
v 0.526609 -0.362124 -0.615337
v 0.462058 -0.525747 -0.682258
v 0.431958 -0.534321 -0.636293
v 0.405973 -0.386546 -0.601883
v 0.448727 -0.467989 -0.663999
v 0.437997 -0.440102 -0.543499
v 0.445759 -0.455960 -0.603808
v 0.396495 -0.365851 -0.494984
v 0.446988 -0.342058 -0.563563
v 0.396975 -0.334507 -0.498052
v 0.384686 -0.328055 -0.525002
v 0.621242 -0.417093 -0.290921
v 0.690878 -0.545320 -0.376560
v 0.650277 -0.473651 -0.328617
v 0.611173 -0.410887 -0.320254
v 0.606417 -0.408306 -0.352678
v 0.489382 -0.533768 -0.363376
v 0.449095 -0.451383 -0.308209
v 0.534627 -0.463406 -0.386115
v 0.465829 -0.435261 -0.328277
v 0.441855 -0.416285 -0.343584
v 0.498284 -0.461949 -0.316477
v 0.622636 -0.532855 -0.366419
v 0.601650 -0.407466 -0.463631
v 0.595652 -0.404368 -0.500193
v 0.604896 -0.408005 -0.388481
v 0.604107 -0.408252 -0.425777
v 0.570392 -0.459669 -0.461879
v 0.637618 -0.470719 -0.481491
v 0.611268 -0.489641 -0.451799
v 0.673880 -0.534485 -0.409016
v 0.646531 -0.515322 -0.434230
v 0.657880 -0.482049 -0.411086
v 0.454956 -0.551040 -0.610424
v 0.430273 -0.426544 -0.488356
v 0.477991 -0.522826 -0.588605
v 0.474270 -0.563176 -0.579397
v 0.489013 -0.569974 -0.543623
v 0.584057 -0.435304 -0.527238
v 0.454143 -0.400129 -0.396661
v 0.524884 -0.426245 -0.466226
v 0.481950 -0.394504 -0.468457
v 0.406194 -0.365390 -0.425884
v 0.498002 -0.551670 -0.411166
v 0.498386 -0.570609 -0.502744
v 0.501373 -0.564453 -0.458378
v 0.453348 -0.466405 -0.381780
v 0.426173 -0.406471 -0.365638
v 0.423165 -0.413756 -0.438387
v 0.420788 -0.406176 -0.397146
v 0.471185 -0.499234 -0.481899
v 0.513585 -0.735475 0.000000
v 0.489157 -0.622801 -0.032160
v 0.512205 -0.691262 -0.017497
v 0.495549 -0.668784 0.016928
v 0.450086 -0.573055 0.029592
v 0.589605 -0.596629 -0.101986
v 0.512805 -0.549386 -0.076234
v 0.556483 -0.596013 -0.016584
v 0.533506 -0.571457 -0.047498
v 0.638216 -0.645820 -0.036638
v 0.468471 -0.531406 -0.057542
v 0.465482 -0.559089 -0.044388
v 0.614430 -0.658259 0.091341
v 0.650612 -0.658363 0.112539
v 0.447662 -0.537685 0.042689
v 0.519586 -0.589387 0.063820
v 0.663611 -0.671518 0.038096
v 0.599885 -0.642557 0.053408
v 0.579665 -0.620842 0.017275
v 0.454192 -0.545580 -0.014438
v 0.484570 -0.549462 0.000000
v 0.447682 -0.537761 0.014231
v 0.780067 -0.482108 -0.258627
v 0.703705 -0.465081 -0.221275
v 0.770521 -0.508667 -0.166013
v 0.737572 -0.487164 -0.195061
v 0.830403 -0.513218 -0.194178
v 0.647013 -0.456252 -0.191991
v 0.638544 -0.479408 -0.177776
v 0.837547 -0.552376 -0.020422
v 0.834579 -0.550474 -0.059696
v 0.811823 -0.501734 -0.037497
v 0.655794 -0.490651 -0.082458
v 0.753099 -0.529394 -0.073824
v 0.675586 -0.505168 -0.051509
v 0.841053 -0.519800 -0.117022
v 0.821573 -0.542001 -0.097754
v 0.799612 -0.527671 -0.133327
v 0.716078 -0.643829 -0.156472
v 0.672207 -0.640406 -0.132227
v 0.671921 -0.536609 -0.174160
v 0.710579 -0.602396 -0.170061
v 0.674690 -0.569869 -0.089865
v 0.695052 -0.588117 -0.129192
v 0.640906 -0.510271 -0.099418
v 0.693146 -0.487815 -0.135888
v 0.642266 -0.481127 -0.113000
v 0.636730 -0.477532 -0.144432
v 0.680379 -0.449665 0.213940
v 0.665879 -0.411536 0.220769
v 0.784889 -0.589281 0.218520
v 0.754202 -0.531838 0.223797
v 0.674200 -0.416678 0.157652
v 0.706492 -0.466635 0.186842
v 0.734882 -0.485139 0.158334
v 0.610016 -0.581157 0.119994
v 0.573635 -0.515758 0.125346
v 0.685829 -0.546038 0.106387
v 0.609175 -0.515452 0.113230
v 0.606248 -0.512060 0.080749
v 0.616526 -0.522663 0.147552
v 0.718916 -0.574140 0.186341
v 0.759241 -0.469237 0.035068
v 0.814113 -0.536975 0.058232
v 0.830160 -0.547505 0.020242
v 0.764093 -0.504232 0.127405
v 0.791246 -0.521994 0.094146
v 0.707134 -0.437033 0.098389
v 0.752496 -0.562677 0.057373
v 0.822750 -0.578355 0.080651
v 0.772251 -0.577782 0.097100
v 0.789427 -0.592050 0.179069
v 0.784823 -0.587918 0.138082
v 0.803741 -0.565648 0.157569
v 0.689175 -0.656765 -0.096597
v 0.654120 -0.552824 -0.052296
v 0.706950 -0.634443 -0.077196
v 0.698049 -0.665351 -0.058609
v 0.697540 -0.664931 -0.019617
v 0.803603 -0.564677 0.000000
v 0.649161 -0.516064 0.033701
v 0.726776 -0.543501 0.018473
v 0.700036 -0.523504 -0.017793
v 0.630465 -0.501201 -0.032730
v 0.641064 -0.610916 0.089853
v 0.687149 -0.655025 0.019325
v 0.667749 -0.636470 0.056065
v 0.614078 -0.551096 0.067055
v 0.608338 -0.514131 0.048636
v 0.634088 -0.535840 -0.016899
v 0.618121 -0.522347 0.016474
v 0.666841 -0.598683 0.000000
v 0.839291 0.000000 -0.479405
v 0.789764 -0.029764 -0.439942
v 0.859646 -0.031294 -0.403546
v 0.836174 -0.030955 -0.428470
v 0.845482 0.000000 -0.408184
v 0.727066 -0.054578 -0.394758
v 0.685461 -0.076825 -0.362570
v 0.736928 -0.025506 -0.227877
v 0.782024 -0.027371 -0.271831
v 0.685389 0.000000 -0.220597
v 0.809381 -0.086647 -0.324393
v 0.862501 -0.060958 -0.322494
v 0.847150 -0.089537 -0.305710
v 0.759869 0.000000 -0.304015
v 0.825589 -0.029248 -0.319500
v 0.854859 -0.030709 -0.365348
v 0.808464 -0.180031 -0.393442
v 0.852946 -0.221255 -0.403055
v 0.690062 -0.102996 -0.355192
v 0.740465 -0.137687 -0.370776
v 0.679791 -0.122490 -0.282108
v 0.699863 -0.128077 -0.319924
v 0.699060 -0.101112 -0.299643
v 0.825998 -0.059989 -0.376435
v 0.760201 -0.082652 -0.336097
v 0.714187 -0.078838 -0.346265
v 0.832347 -0.027819 -0.017193
v 0.801121 -0.026807 -0.044339
v 0.884707 0.000000 -0.030622
v 0.705177 -0.071176 -0.068627
v 0.701512 -0.047078 -0.053492
v 0.691002 -0.069571 -0.042997
v 0.840545 0.000000 -0.087559
v 0.765667 -0.025677 -0.069100
v 0.730430 -0.024583 -0.091516
v 0.697209 -0.168156 -0.129157
v 0.809493 -0.166172 -0.131671
v 0.727215 -0.174465 -0.107825
v 0.862876 -0.117980 -0.164816
v 0.867230 -0.148184 -0.153428
v 0.843596 -0.144917 -0.180265
v 0.868836 -0.147011 -0.090858
v 0.875455 -0.148842 -0.123024
v 0.809428 -0.109588 -0.096200
v 0.691277 0.000000 -0.170772
v 0.682409 -0.023353 -0.159072
v 0.700579 -0.024181 -0.189111
v 0.700768 -0.023669 -0.112848
v 0.683200 -0.023216 -0.134443
v 0.762043 0.000000 -0.133158
v 0.836853 -0.086307 -0.202366
v 0.726963 -0.049694 -0.159310
v 0.802118 -0.082110 -0.164598
v 0.730657 -0.074125 -0.097096
v 0.764652 -0.077935 -0.129129
v 0.685905 -0.046343 -0.100804
v 0.820000 -0.432822 -0.301224
v 0.835291 -0.474768 -0.293423
v 0.699683 -0.314197 -0.278748
v 0.760511 -0.371158 -0.291324
v 0.693221 -0.330242 -0.204101
v 0.722444 -0.348298 -0.244267
v 0.684977 -0.300367 -0.212541
v 0.844208 -0.251448 -0.386112
v 0.786938 -0.263585 -0.348612
v 0.855841 -0.280168 -0.304677
v 0.829696 -0.274694 -0.330894
v 0.849203 -0.247409 -0.314591
v 0.717452 -0.267217 -0.307360
v 0.680441 -0.279182 -0.281456
v 0.764946 -0.240057 -0.148363
v 0.807114 -0.255892 -0.188179
v 0.697046 -0.194666 -0.145871
v 0.777597 -0.308174 -0.220406
v 0.860666 -0.306436 -0.221934
v 0.818902 -0.321137 -0.198474
v 0.775482 -0.221151 -0.223445
v 0.841674 -0.269646 -0.229891
v 0.859766 -0.278403 -0.269851
v 0.698347 -0.283222 -0.257759
v 0.806873 -0.293574 -0.275098
v 0.733549 -0.294086 -0.238912
v 0.808636 -0.056059 -0.238469
v 0.860646 -0.119309 -0.229321
v 0.861090 -0.089568 -0.241647
v 0.865568 -0.090766 -0.277266
v 0.786233 -0.110966 -0.272206
v 0.678440 -0.165383 -0.151704
v 0.703058 -0.175012 -0.212658
v 0.680154 -0.167552 -0.178678
v 0.725467 -0.151302 -0.172582
v 0.803574 -0.139571 -0.202559
v 0.829883 -0.213057 -0.355442
v 0.685236 -0.122446 -0.255559
v 0.716618 -0.155529 -0.286775
v 0.789125 -0.200518 -0.304062
v 0.742805 -0.186807 -0.255232
v 0.756986 -0.132680 -0.220617
v 0.677291 -0.144185 -0.214804
v 0.713738 -0.126285 -0.236781
v 0.841587 -0.031717 0.468810
v 0.776733 0.000000 0.443672
v 0.793501 -0.088934 0.419717
v 0.851021 -0.063883 0.462059
v 0.767369 0.000000 0.370473
v 0.840932 -0.031131 0.430908
v 0.839796 -0.030572 0.394228
v 0.815713 -0.211597 0.385461
v 0.729769 -0.162507 0.355145
v 0.717371 -0.103760 0.307491
v 0.680643 -0.124560 0.311138
v 0.679278 -0.122397 0.281895
v 0.681484 -0.126720 0.341243
v 0.713131 -0.106439 0.367066
v 0.771648 0.000000 0.248360
v 0.844172 -0.029546 0.293434
v 0.849563 -0.029404 0.262706
v 0.839559 -0.030159 0.358809
v 0.840829 -0.029788 0.325398
v 0.763811 0.000000 0.305592
v 0.802715 -0.084841 0.289675
v 0.861138 -0.060862 0.321984
v 0.803966 -0.086067 0.322223
v 0.799599 -0.088267 0.387676
v 0.802830 -0.087286 0.354944
v 0.858453 -0.062346 0.391226
v 0.759969 -0.431956 0.266964
v 0.836738 -0.441657 0.307373
v 0.753285 -0.330321 0.233736
v 0.831109 -0.400686 0.281008
v 0.838368 -0.399388 0.246835
v 0.822672 -0.401495 0.315136
v 0.738246 -0.331514 0.294111
v 0.854059 -0.238515 0.178729
v 0.779240 -0.247054 0.181680
v 0.768209 -0.241080 0.148996
v 0.796034 -0.257766 0.249847
v 0.788586 -0.252638 0.215390
v 0.859229 -0.245033 0.247575
v 0.688516 -0.270005 0.166872
v 0.698304 -0.248627 0.180067
v 0.685756 -0.271776 0.194374
v 0.805368 -0.269759 0.356776
v 0.856260 -0.255038 0.391624
v 0.680729 -0.279300 0.281575
v 0.715747 -0.266582 0.306630
v 0.859826 -0.250504 0.318527
v 0.804860 -0.266472 0.320990
v 0.801692 -0.262441 0.285400
v 0.684175 -0.274291 0.222831
v 0.710171 -0.258390 0.242129
v 0.682742 -0.276893 0.251999
v 0.886571 0.000000 0.030686
v 0.875515 -0.029297 0.048457
v 0.860546 -0.028761 0.017775
v 0.884050 -0.029754 0.110763
v 0.882963 -0.029610 0.079686
v 0.860282 0.000000 0.089615
v 0.712532 -0.071739 0.044337
v 0.810705 -0.054406 0.061818
v 0.728710 -0.073551 0.070918
v 0.857405 -0.029594 0.231444
v 0.865548 -0.029620 0.201763
v 0.792554 0.000000 0.195791
v 0.773407 -0.079171 0.158707
v 0.858635 -0.058695 0.188165
v 0.783711 -0.080826 0.189515
v 0.824432 0.000000 0.144060
v 0.873664 -0.029688 0.171923
v 0.880348 -0.029735 0.141767
v 0.864960 -0.207511 0.128249
v 0.787721 -0.161702 0.128129
v 0.856479 -0.206569 0.158661
v 0.683274 -0.092508 0.081207
v 0.708994 -0.120540 0.099632
v 0.725790 -0.122807 0.075899
v 0.687152 -0.118043 0.146835
v 0.696182 -0.118957 0.123167
v 0.689984 -0.094341 0.131792
v 0.843685 -0.057003 0.123992
v 0.759966 -0.077458 0.128338
v 0.744762 -0.075556 0.098971
v 0.818941 -0.210248 0.350756
v 0.827320 -0.208062 0.284272
v 0.822654 -0.209037 0.316981
v 0.729372 -0.158297 0.291879
v 0.678189 -0.121187 0.252931
v 0.848382 -0.206810 0.189704
v 0.682023 -0.118459 0.171919
v 0.756899 -0.157857 0.180060
v 0.840466 -0.207044 0.220792
v 0.833409 -0.207460 0.252086
v 0.862259 -0.059777 0.254283
v 0.712598 -0.100573 0.246712
v 0.798277 -0.083710 0.255710
v 0.791977 -0.082379 0.222252
v 0.701869 -0.097298 0.187015
v 0.738439 -0.157203 0.234196
v 0.678934 -0.119000 0.197869
v 0.677845 -0.119934 0.224874
v 0.839200 -0.477440 -0.253860
v 0.682674 -0.326081 -0.169512
v 0.762994 -0.398404 -0.209645
v 0.831609 -0.473492 -0.211704
v 0.814253 -0.463912 -0.169007
v 0.733242 -0.231383 -0.110893
v 0.842891 -0.298285 -0.146899
v 0.796138 -0.347630 -0.106569
v 0.858246 -0.338863 -0.132380
v 0.862634 -0.341648 -0.095745
v 0.843242 -0.331846 -0.167012
v 0.734550 -0.319174 -0.163481
v 0.733583 -0.418411 -0.050700
v 0.709348 -0.404639 -0.016881
v 0.789480 -0.450009 -0.126806
v 0.761491 -0.434222 -0.087380
v 0.736760 -0.354015 -0.050664
v 0.682127 -0.357707 -0.062275
v 0.710993 -0.341345 -0.080162
v 0.682145 -0.326344 -0.138183
v 0.692199 -0.331716 -0.108925
v 0.710248 -0.371867 -0.129212
v 0.755689 -0.050592 0.000000
v 0.693655 -0.093456 0.028830
v 0.696168 -0.070131 0.014445
v 0.687731 -0.069281 -0.014270
v 0.739921 -0.099689 -0.030753
v 0.832451 -0.230084 0.106232
v 0.871532 -0.209246 0.092080
v 0.857727 -0.206085 0.018213
v 0.869705 -0.208911 0.055044
v 0.781134 -0.215900 0.033080
v 0.833790 -0.170477 0.070072
v 0.753870 -0.127823 0.047341
v 0.765048 -0.183680 -0.080830
v 0.678700 -0.187588 -0.086612
v 0.848738 -0.143909 -0.053298
v 0.867140 -0.177296 -0.072874
v 0.718716 -0.198648 -0.030437
v 0.802830 -0.192847 -0.050811
v 0.834803 -0.200577 -0.017726
v 0.785581 -0.133153 0.016451
v 0.872369 -0.178571 0.000000
v 0.818843 -0.138791 -0.017147
v 0.741038 -0.421593 0.224165
v 0.702526 -0.400257 0.145817
v 0.720952 -0.410487 0.183534
v 0.830812 -0.433815 0.228279
v 0.852163 -0.407038 0.211597
v 0.690740 -0.394025 0.016438
v 0.681397 -0.388646 0.047093
v 0.844565 -0.405472 0.095222
v 0.737003 -0.386484 0.067285
v 0.825251 -0.396535 0.056749
v 0.680770 -0.388192 0.078118
v 0.688281 -0.392325 0.110552
v 0.680322 -0.240754 0.118567
v 0.740073 -0.233538 0.111926
v 0.787156 -0.342032 0.175189
v 0.702944 -0.276634 0.139225
v 0.752345 -0.297968 0.083503
v 0.724706 -0.286137 0.111782
v 0.836042 -0.365054 0.111911
v 0.790492 -0.413881 0.143810
v 0.856099 -0.410260 0.134717
v 0.858367 -0.410650 0.173880
v 0.702509 -0.221545 -0.075707
v 0.676666 -0.213263 -0.014667
v 0.683191 -0.215364 -0.044104
v 0.785638 -0.279000 -0.068696
v 0.854803 -0.338191 -0.056980
v 0.716911 -0.226087 0.077259
v 0.780110 -0.308640 0.052001
v 0.682439 -0.242352 0.059672
v 0.696456 -0.219546 0.044960
v 0.681989 -0.214940 0.014782
v 0.693107 -0.363657 0.000000
v 0.846573 -0.370540 -0.038103
v 0.768255 -0.369092 -0.017618
v 0.799031 -0.383878 0.018324
v 0.861266 -0.376971 0.038764
v 0.719907 -0.255464 0.000000
v 0.809827 -0.320454 0.018005
v 0.836096 -0.330849 -0.018589
v 0.032194 -0.475852 0.854228
v 0.086909 -0.410159 0.775431
v 0.064322 -0.465234 0.856869
v 0.032878 -0.455088 0.888119
v 0.030717 -0.396103 0.843790
v 0.193936 -0.353289 0.747630
v 0.146936 -0.321117 0.659847
v 0.102750 -0.304498 0.710388
v 0.124416 -0.310780 0.679861
v 0.140120 -0.322713 0.777635
v 0.114947 -0.309539 0.618170
v 0.099616 -0.343534 0.667414
v 0.028364 -0.281699 0.810413
v 0.031531 -0.281709 0.911015
v 0.027673 -0.329237 0.770365
v 0.026513 -0.289623 0.748387
v 0.089491 -0.305553 0.846715
v 0.055332 -0.292729 0.782895
v 0.079992 -0.299480 0.747221
v 0.077839 -0.341878 0.705139
v 0.074456 -0.302770 0.684821
v 0.053880 -0.338099 0.741878
v 0.450681 -0.278536 0.792913
v 0.441594 -0.307330 0.836620
v 0.389132 -0.275351 0.887402
v 0.418417 -0.293443 0.867886
v 0.404723 -0.250132 0.849566
v 0.390420 -0.306443 0.799979
v 0.326045 -0.289259 0.726067
v 0.241573 -0.181021 0.865009
v 0.278325 -0.204677 0.877872
v 0.263795 -0.163034 0.840589
v 0.234834 -0.227619 0.725214
v 0.264136 -0.225193 0.824476
v 0.203691 -0.205804 0.714259
v 0.338959 -0.209488 0.864348
v 0.316740 -0.229398 0.889609
v 0.354377 -0.253450 0.894177
v 0.260754 -0.344868 0.778486
v 0.239041 -0.367059 0.802552
v 0.281544 -0.283837 0.686197
v 0.266610 -0.306662 0.715822
v 0.200531 -0.254984 0.688300
v 0.232504 -0.280072 0.702262
v 0.219002 -0.238161 0.668996
v 0.334550 -0.271784 0.834480
v 0.266909 -0.250112 0.733585
v 0.298121 -0.271319 0.735084
v 0.033297 -0.055073 0.995053
v 0.032781 -0.020260 0.980821
v 0.027953 -0.104062 0.830560
v 0.031032 -0.083514 0.925378
v 0.091859 -0.056772 0.912374
v 0.065276 -0.074170 0.972683
v 0.094905 -0.091507 0.940274
v 0.033373 -0.260997 0.966888
v 0.031784 -0.216499 0.928763
v 0.074918 -0.150182 0.731865
v 0.055408 -0.177627 0.810544
v 0.079553 -0.186530 0.771365
v 0.028612 -0.165691 0.841997
v 0.026760 -0.127581 0.792257
v 0.196284 -0.121310 0.818163
v 0.176744 -0.140048 0.860996
v 0.206794 -0.158834 0.857413
v 0.122632 -0.107651 0.905770
v 0.149218 -0.123335 0.877668
v 0.142384 -0.087998 0.841485
v 0.124582 -0.154970 0.725221
v 0.140766 -0.145748 0.823820
v 0.102628 -0.143370 0.750600
v 0.054763 -0.119120 0.810535
v 0.079625 -0.131928 0.781229
v 0.089242 -0.116898 0.879663
v 0.205709 -0.343184 0.801263
v 0.171573 -0.234418 0.682229
v 0.194012 -0.294197 0.763524
v 0.175794 -0.324141 0.809991
v 0.148488 -0.309912 0.830973
v 0.196504 -0.180251 0.806108
v 0.116094 -0.168488 0.668408
v 0.147949 -0.168758 0.709392
v 0.174062 -0.185620 0.706583
v 0.161510 -0.196252 0.648818
v 0.065060 -0.276755 0.938460
v 0.121833 -0.298862 0.863227
v 0.094517 -0.288725 0.901342
v 0.089415 -0.241235 0.859621
v 0.101882 -0.195825 0.734935
v 0.146131 -0.217702 0.686431
v 0.123471 -0.205303 0.704442
v 0.139857 -0.262229 0.790447
v 0.780992 0.000000 0.545369
v 0.686418 0.035445 0.539123
v 0.734407 0.018589 0.544174
v 0.804785 -0.020370 0.596322
v 0.787283 -0.040654 0.618344
v 0.530421 0.090669 0.524176
v 0.562479 0.078050 0.525027
v 0.690366 0.019209 0.644578
v 0.615910 0.051193 0.575007
v 0.640832 0.036355 0.633287
v 0.599118 0.064874 0.528164
v 0.640423 0.050845 0.533199
v 0.568496 -0.078885 0.530643
v 0.534531 -0.091371 0.528237
v 0.725616 -0.057609 0.604128
v 0.641567 -0.069470 0.565586
v 0.637978 -0.036193 0.630467
v 0.642694 -0.053419 0.600012
v 0.707262 -0.019679 0.660353
v 0.720321 0.019062 0.599663
v 0.734642 0.000000 0.647880
v 0.768363 -0.020333 0.639657
v 0.407272 0.218482 0.658980
v 0.414738 0.197323 0.627532
v 0.401504 0.131038 0.608193
v 0.388159 0.155420 0.587678
v 0.391413 0.148092 0.633319
v 0.421704 0.177453 0.598021
v 0.430212 0.159533 0.573018
v 0.443145 0.016384 0.671923
v 0.491896 0.053344 0.745770
v 0.440737 0.032938 0.713127
v 0.492993 0.082851 0.658925
v 0.511012 0.071261 0.726951
v 0.531296 0.054174 0.710529
v 0.478748 0.107781 0.774631
v 0.493756 0.089053 0.748443
v 0.449925 0.113683 0.681798
v 0.477296 0.115999 0.530856
v 0.501083 0.103461 0.525966
v 0.442011 0.143458 0.553469
v 0.457547 0.129169 0.539716
v 0.495724 0.078173 0.586907
v 0.449631 0.098771 0.531386
v 0.461299 0.089876 0.579396
v 0.415260 0.115677 0.590051
v 0.434715 0.102100 0.580310
v 0.408170 0.123453 0.544245
v 0.388682 -0.184926 0.588108
v 0.414770 -0.222504 0.671112
v 0.461321 -0.171069 0.614454
v 0.403756 -0.169900 0.572568
v 0.411240 -0.155594 0.665401
v 0.406529 -0.162775 0.615490
v 0.468895 -0.153033 0.710275
v 0.543118 -0.112140 0.570088
v 0.567429 -0.137904 0.631104
v 0.482926 -0.094090 0.606559
v 0.523011 -0.114891 0.618109
v 0.460400 -0.072602 0.545086
v 0.569714 -0.160835 0.672027
v 0.529978 -0.172008 0.663618
v 0.390026 -0.029148 0.631076
v 0.403820 -0.043792 0.612235
v 0.395072 -0.014606 0.599032
v 0.497812 -0.125783 0.754365
v 0.459865 -0.082940 0.697071
v 0.483563 -0.108864 0.782421
v 0.412697 -0.042081 0.551920
v 0.423016 -0.058990 0.601770
v 0.449122 -0.075478 0.600287
v 0.521331 -0.157679 0.695131
v 0.511576 -0.120152 0.682912
v 0.510480 -0.142202 0.725352
v 0.520278 0.076522 0.545953
v 0.560790 0.053050 0.663545
v 0.539226 0.065610 0.600851
v 0.588652 0.051853 0.617581
v 0.642812 0.018964 0.674336
v 0.443605 0.000000 0.631304
v 0.451795 -0.029504 0.568317
v 0.445982 -0.015158 0.596373
v 0.509501 0.017317 0.681311
v 0.554720 0.036225 0.697787
v 0.503059 -0.073990 0.527884
v 0.623301 -0.018389 0.653870
v 0.547892 -0.048262 0.574818
v 0.479311 -0.058320 0.534089
v 0.462656 -0.043767 0.547430
v 0.579544 0.018277 0.685805
v 0.528297 -0.016661 0.625162
v 0.603334 0.000000 0.672021
v 0.031442 0.464742 0.834286
v 0.032714 0.421858 0.898655
v 0.032853 0.454742 0.887444
v 0.058924 0.426190 0.784958
v 0.081546 0.384849 0.727581
v 0.026818 0.239605 0.774856
v 0.026744 0.265612 0.764132
v 0.093219 0.348997 0.870771
v 0.058145 0.307612 0.822701
v 0.087680 0.299370 0.829582
v 0.028535 0.311709 0.805457
v 0.031025 0.369105 0.863650
v 0.136433 0.298162 0.612677
v 0.158756 0.289203 0.612011
v 0.100545 0.346740 0.673642
v 0.117816 0.317264 0.633598
v 0.139935 0.322288 0.776612
v 0.127845 0.319344 0.698596
v 0.118407 0.350898 0.818638
v 0.064685 0.405900 0.890652
v 0.093568 0.380490 0.860612
v 0.088676 0.389473 0.803305
v 0.029397 0.018168 0.879568
v 0.027056 0.044750 0.808541
v 0.089391 0.086190 0.885644
v 0.054205 0.061590 0.807713
v 0.080440 0.049715 0.798958
v 0.027224 0.073265 0.811817
v 0.029688 0.110518 0.882089
v 0.162097 0.124503 0.672090
v 0.142481 0.112899 0.694088
v 0.164111 0.101426 0.684057
v 0.105123 0.146855 0.768846
v 0.123536 0.127908 0.722982
v 0.115917 0.144190 0.674777
v 0.148351 0.091686 0.876753
v 0.138029 0.114087 0.811858
v 0.122656 0.107672 0.905949
v 0.031901 0.217300 0.932200
v 0.029170 0.228126 0.845112
v 0.032426 0.154599 0.960034
v 0.033374 0.193265 0.982120
v 0.077023 0.180597 0.746831
v 0.060413 0.193674 0.883773
v 0.084543 0.169476 0.825889
v 0.094931 0.124349 0.935739
v 0.092601 0.153428 0.908541
v 0.064633 0.140588 0.956609
v 0.378061 0.263114 0.716254
v 0.394452 0.243785 0.693985
v 0.326204 0.289400 0.726421
v 0.355245 0.278833 0.727904
v 0.344998 0.213221 0.724197
v 0.336785 0.236193 0.698563
v 0.322171 0.227970 0.734700
v 0.187452 0.287842 0.629348
v 0.219929 0.290873 0.656601
v 0.236231 0.256897 0.721626
v 0.219859 0.264840 0.664069
v 0.208998 0.265750 0.717361
v 0.255700 0.294113 0.686529
v 0.291973 0.294351 0.711617
v 0.249915 0.154456 0.796361
v 0.273215 0.200918 0.861753
v 0.212933 0.159559 0.762457
v 0.323771 0.231560 0.816951
v 0.313736 0.227222 0.881172
v 0.349070 0.215737 0.890132
v 0.242048 0.244559 0.848759
v 0.277369 0.236476 0.865783
v 0.260913 0.252898 0.805752
v 0.282520 0.257120 0.696617
v 0.265668 0.248949 0.730175
v 0.295120 0.239752 0.736129
v 0.051824 0.220453 0.747544
v 0.097495 0.187393 0.703289
v 0.075078 0.202555 0.721788
v 0.079960 0.244255 0.762517
v 0.116791 0.286495 0.827506
v 0.177626 0.162935 0.728666
v 0.207708 0.252387 0.834405
v 0.197785 0.210918 0.802880
v 0.147140 0.167835 0.705514
v 0.121033 0.175655 0.696843
v 0.166531 0.277823 0.648658
v 0.148099 0.309100 0.828795
v 0.161227 0.297281 0.742871
v 0.183733 0.278609 0.723069
v 0.201157 0.274837 0.799863
v 0.134295 0.223301 0.766198
v 0.175871 0.262008 0.826130
v 0.145930 0.273616 0.824771
v 0.400025 -0.212698 0.703128
v 0.405021 -0.147553 0.710889
v 0.371396 -0.166056 0.652295
v 0.382658 -0.201359 0.732838
v 0.360972 -0.187650 0.755720
v 0.380173 -0.015860 0.666458
v 0.423965 -0.051373 0.743321
v 0.424717 -0.099742 0.884651
v 0.450587 -0.078445 0.859244
v 0.427952 -0.061245 0.890634
v 0.468382 -0.094255 0.821398
v 0.459734 -0.129547 0.806541
v 0.268525 -0.132243 0.758795
v 0.234207 -0.112246 0.742191
v 0.333849 -0.170998 0.768323
v 0.302588 -0.152287 0.768896
v 0.324057 -0.090815 0.818217
v 0.291485 -0.113872 0.738252
v 0.354097 -0.108552 0.810949
v 0.394976 -0.137241 0.754385
v 0.378266 -0.124211 0.789336
v 0.342945 -0.145212 0.716845
v 0.371460 0.197509 0.652918
v 0.380943 0.198032 0.797533
v 0.365769 0.192472 0.700495
v 0.380301 0.170037 0.667935
v 0.420064 0.153033 0.737292
v 0.228574 0.109547 0.724342
v 0.292996 0.144295 0.827947
v 0.371345 0.113839 0.850449
v 0.334764 0.130779 0.847866
v 0.304197 0.085249 0.768074
v 0.356506 0.179423 0.905904
v 0.386819 0.198130 0.890230
v 0.433176 0.052489 0.759470
v 0.386677 0.016132 0.677860
v 0.462532 0.130335 0.811449
v 0.469838 0.094548 0.823952
v 0.360667 0.051616 0.750604
v 0.420581 0.073221 0.802024
v 0.400461 0.094045 0.834126
v 0.418525 0.177214 0.874827
v 0.428116 0.140580 0.893359
v 0.443334 0.154044 0.846746
v 0.056704 0.000000 0.846996
v 0.103344 -0.031881 0.767046
v 0.081268 -0.016739 0.806724
v 0.075206 0.015490 0.746546
v 0.104402 0.032207 0.774897
v 0.200258 -0.092461 0.724540
v 0.171604 -0.075516 0.714752
v 0.181485 -0.016039 0.755343
v 0.163082 -0.042969 0.678920
v 0.213212 -0.032668 0.771409
v 0.146696 -0.060297 0.717476
v 0.124660 -0.046170 0.735215
v 0.185620 0.081683 0.773127
v 0.192496 0.088877 0.696455
v 0.145302 0.053814 0.856955
v 0.176091 0.072379 0.861245
v 0.241026 0.036930 0.872039
v 0.206673 0.054454 0.860391
v 0.205029 0.018119 0.853332
v 0.116812 -0.014432 0.689169
v 0.153542 0.000000 0.750097
v 0.128325 0.015854 0.757097
v 0.367355 0.000000 0.700153
v 0.326058 0.033529 0.744946
v 0.349879 0.016701 0.728263
v 0.385815 -0.018417 0.803063
v 0.397909 -0.040917 0.909102
v 0.225764 0.077148 0.715888
v 0.280251 0.019274 0.889215
v 0.251333 0.051470 0.797292
v 0.261255 0.064327 0.735668
v 0.295591 0.049803 0.747128
v 0.224548 -0.076733 0.712032
v 0.361977 -0.060988 0.914924
v 0.288261 -0.070976 0.811714
v 0.250184 -0.051235 0.793647
v 0.280362 -0.019282 0.889566
v 0.325126 0.018267 0.821634
v 0.321537 0.000000 0.906102
v 0.361806 -0.020328 0.914330
v -0.402420 -0.626590 0.039706
v -0.381700 -0.623227 0.087550
v -0.388381 -0.619173 0.063222
v -0.404701 -0.592809 0.052980
v -0.409244 -0.564687 0.065752
v -0.437666 -0.789876 0.231930
v -0.418024 -0.735182 0.187777
v -0.414190 -0.611078 0.145124
v -0.415386 -0.667761 0.164716
v -0.436187 -0.658262 0.182614
v -0.398050 -0.682599 0.148271
v -0.384876 -0.643908 0.115333
v -0.460579 -0.533242 0.110100
v -0.497173 -0.543386 0.130268
v -0.418514 -0.544178 0.078998
v -0.434839 -0.533445 0.093336
v -0.447068 -0.571865 0.148471
v -0.435074 -0.544943 0.118492
v -0.419768 -0.569755 0.129743
v -0.389221 -0.596949 0.100466
v -0.401068 -0.578386 0.114160
v -0.399686 -0.563682 0.088496
v -0.313851 -0.723673 0.447255
v -0.303947 -0.676298 0.389010
v -0.349196 -0.626823 0.359627
v -0.327479 -0.651822 0.374478
v -0.352645 -0.650702 0.402156
v -0.306069 -0.658373 0.351087
v -0.329602 -0.686574 0.337986
v -0.435974 -0.544760 0.310242
v -0.410405 -0.558085 0.318518
v -0.398731 -0.507620 0.313726
v -0.440647 -0.684043 0.331658
v -0.426566 -0.619690 0.326205
v -0.468357 -0.666154 0.320947
v -0.373458 -0.567262 0.350587
v -0.389050 -0.577699 0.330352
v -0.369447 -0.601387 0.344490
v -0.439396 -0.837523 0.312144
v -0.447931 -0.830706 0.277433
v -0.369727 -0.746702 0.337174
v -0.410958 -0.805884 0.331959
v -0.473535 -0.767615 0.310150
v -0.448157 -0.796800 0.325160
v -0.448579 -0.745078 0.331709
v -0.370286 -0.646922 0.343016
v -0.409029 -0.696374 0.339381
v -0.371580 -0.697541 0.341679
v -0.714449 -0.511625 0.284252
v -0.677957 -0.454637 0.280981
v -0.736671 -0.598121 0.267499
v -0.738399 -0.563560 0.281138
v -0.618206 -0.486116 0.300436
v -0.683160 -0.529182 0.295455
v -0.643405 -0.538696 0.302073
v -0.546975 -0.562962 0.155961
v -0.602590 -0.585252 0.184283
v -0.621436 -0.624322 0.258832
v -0.617768 -0.610165 0.222559
v -0.580042 -0.618087 0.230703
v -0.659515 -0.604033 0.214768
v -0.707704 -0.610801 0.243880
v -0.451390 -0.487070 0.301026
v -0.507618 -0.537725 0.304643
v -0.468986 -0.538250 0.305768
v -0.598018 -0.541486 0.304803
v -0.551638 -0.540001 0.305005
v -0.532633 -0.490144 0.302926
v -0.563952 -0.623059 0.292795
v -0.564447 -0.587247 0.302762
v -0.604626 -0.618065 0.287513
v -0.694313 -0.608650 0.276077
v -0.649121 -0.614402 0.282352
v -0.656523 -0.584788 0.297170
v -0.458763 -0.774654 0.253158
v -0.490979 -0.728010 0.289838
v -0.477135 -0.754611 0.272883
v -0.461225 -0.712273 0.227487
v -0.462583 -0.655844 0.204425
v -0.485832 -0.594468 0.310057
v -0.548499 -0.644978 0.275405
v -0.527580 -0.632623 0.299884
v -0.496493 -0.647567 0.309525
v -0.498120 -0.692410 0.302679
v -0.511699 -0.569204 0.163009
v -0.469312 -0.612191 0.185871
v -0.485299 -0.584157 0.172459
v -0.531452 -0.601929 0.200480
v -0.547259 -0.631373 0.239713
v -0.505470 -0.687565 0.269778
v -0.522909 -0.654294 0.252705
v -0.492525 -0.655919 0.228148
v -0.044845 -0.454508 0.707693
v -0.101485 -0.442455 0.722427
v -0.073167 -0.449475 0.716571
v -0.068995 -0.527033 0.772002
v -0.089426 -0.556589 0.767998
v -0.225212 -0.424989 0.766996
v -0.191702 -0.426762 0.750548
v -0.157436 -0.449329 0.662920
v -0.180211 -0.454462 0.730578
v -0.177547 -0.424085 0.639998
v -0.160182 -0.430024 0.737430
v -0.130498 -0.435483 0.728575
v -0.111231 -0.465313 0.538723
v -0.140064 -0.534558 0.584246
v -0.097246 -0.515189 0.669879
v -0.098849 -0.460526 0.564956
v -0.138418 -0.416798 0.533146
v -0.117345 -0.430863 0.539669
v -0.133412 -0.431638 0.585865
v -0.127594 -0.494321 0.758141
v -0.137308 -0.482391 0.695664
v -0.115167 -0.520141 0.733561
v -0.407285 -0.285803 0.659002
v -0.404052 -0.315700 0.702449
v -0.360989 -0.350518 0.629196
v -0.365844 -0.319929 0.636794
v -0.379668 -0.332925 0.614315
v -0.395828 -0.345073 0.742273
v -0.380902 -0.371453 0.773752
v -0.398713 -0.560299 0.700107
v -0.421196 -0.542705 0.737991
v -0.416569 -0.529439 0.674023
v -0.317239 -0.421490 0.654304
v -0.378058 -0.494372 0.718194
v -0.335677 -0.489852 0.696727
v -0.443548 -0.472483 0.717676
v -0.414502 -0.488152 0.724856
v -0.386038 -0.414005 0.673919
v -0.297046 -0.418142 0.797012
v -0.261964 -0.422956 0.784389
v -0.358559 -0.393176 0.794059
v -0.330066 -0.408614 0.801289
v -0.255752 -0.390481 0.632982
v -0.290754 -0.400737 0.712490
v -0.284786 -0.385123 0.639680
v -0.338940 -0.365887 0.639237
v -0.313150 -0.377414 0.642550
v -0.337480 -0.367014 0.688969
v -0.288884 -0.726092 0.519962
v -0.314431 -0.758665 0.508760
v -0.201377 -0.554576 0.450274
v -0.244047 -0.640979 0.489208
v -0.342640 -0.705048 0.554403
v -0.293587 -0.678841 0.525836
v -0.290697 -0.619175 0.518409
v -0.172341 -0.604420 0.622086
v -0.185721 -0.607292 0.589818
v -0.238029 -0.571491 0.574145
v -0.211443 -0.586916 0.579693
v -0.238395 -0.599380 0.638694
v -0.181823 -0.558349 0.511377
v -0.180384 -0.523448 0.451775
v -0.339620 -0.509262 0.549517
v -0.318225 -0.530250 0.561699
v -0.356965 -0.547512 0.628374
v -0.287605 -0.564274 0.510933
v -0.294427 -0.532507 0.521273
v -0.327853 -0.576463 0.530478
v -0.304301 -0.586115 0.647544
v -0.292999 -0.546245 0.568311
v -0.265763 -0.558887 0.571310
v -0.210711 -0.529923 0.464542
v -0.232153 -0.533714 0.505168
v -0.247382 -0.546528 0.486811
v -0.234545 -0.425034 0.717700
v -0.239781 -0.406184 0.602279
v -0.226676 -0.396344 0.626835
v -0.200438 -0.406384 0.627582
v -0.175279 -0.396630 0.562337
v -0.371034 -0.581378 0.711378
v -0.295917 -0.589351 0.693015
v -0.335928 -0.590992 0.708661
v -0.346794 -0.556275 0.725539
v -0.289890 -0.477073 0.663153
v -0.174225 -0.546906 0.608367
v -0.166148 -0.419512 0.547230
v -0.169212 -0.476160 0.573156
v -0.212381 -0.563000 0.637660
v -0.253437 -0.578589 0.667518
v -0.243622 -0.456462 0.620902
v -0.253192 -0.523915 0.655553
v -0.201426 -0.434838 0.579095
v -0.673529 -0.042680 0.432566
v -0.800375 -0.112435 0.490195
v -0.714422 -0.072948 0.448127
v -0.665227 -0.059453 0.454140
v -0.652975 -0.076033 0.473228
v -0.677816 -0.199026 0.375574
v -0.728777 -0.186141 0.414383
v -0.820078 -0.194760 0.555851
v -0.797923 -0.196823 0.496355
v -0.783555 -0.217372 0.519210
v -0.809139 -0.175758 0.471840
v -0.845857 -0.151505 0.505584
v -0.588686 -0.121548 0.508468
v -0.559646 -0.134166 0.512050
v -0.636004 -0.092329 0.489136
v -0.614506 -0.107519 0.500917
v -0.733122 -0.190337 0.573133
v -0.655116 -0.142447 0.523033
v -0.759095 -0.172859 0.559265
v -0.792829 -0.133432 0.516938
v -0.779242 -0.153805 0.540346
v -0.696393 -0.109331 0.493787
v -0.649292 -0.401284 0.281592
v -0.662353 -0.380988 0.297680
v -0.743949 -0.426826 0.414446
v -0.696680 -0.400249 0.350016
v -0.675095 -0.417232 0.365865
v -0.714320 -0.380922 0.332078
v -0.783670 -0.385785 0.376214
v -0.551310 -0.313973 0.441216
v -0.636467 -0.363253 0.468046
v -0.591237 -0.365405 0.464411
v -0.711721 -0.345077 0.458476
v -0.677396 -0.356582 0.466288
v -0.625358 -0.301292 0.439674
v -0.728911 -0.450492 0.479880
v -0.723838 -0.413920 0.487466
v -0.763061 -0.437101 0.468767
v -0.766784 -0.285780 0.402283
v -0.698527 -0.233289 0.376658
v -0.831932 -0.375661 0.411929
v -0.825549 -0.340060 0.420986
v -0.676478 -0.273326 0.417313
v -0.756528 -0.308725 0.425506
v -0.738334 -0.328707 0.444518
v -0.791788 -0.419827 0.453204
v -0.789436 -0.384735 0.463691
v -0.814672 -0.399054 0.433976
v -0.410326 -0.227971 0.572992
v -0.408335 -0.252365 0.608911
v -0.427548 -0.191213 0.526586
v -0.416153 -0.207603 0.545261
v -0.444996 -0.275023 0.565912
v -0.405476 -0.226387 0.523459
v -0.471271 -0.264265 0.562875
v -0.527470 -0.146129 0.512490
v -0.497005 -0.156496 0.511729
v -0.580003 -0.240458 0.577322
v -0.516796 -0.188502 0.523236
v -0.621185 -0.231860 0.582950
v -0.468976 -0.166747 0.512053
v -0.445457 -0.177862 0.516128
v -0.490835 -0.303353 0.454879
v -0.548682 -0.310850 0.517961
v -0.520283 -0.295561 0.453331
v -0.552432 -0.310965 0.610106
v -0.579141 -0.327112 0.591622
v -0.552478 -0.341450 0.600371
v -0.642699 -0.302024 0.581729
v -0.609750 -0.314364 0.586076
v -0.624881 -0.290683 0.611293
v -0.450282 -0.204243 0.513657
v -0.540281 -0.248290 0.570811
v -0.503477 -0.255851 0.565237
v -0.669053 -0.218647 0.396225
v -0.636927 -0.253575 0.429551
v -0.655670 -0.237104 0.414575
v -0.704075 -0.224868 0.455916
v -0.762559 -0.237687 0.537851
v -0.552021 -0.287918 0.451143
v -0.675982 -0.288644 0.574866
v -0.606187 -0.287352 0.505533
v -0.583646 -0.278972 0.447485
v -0.612436 -0.267720 0.440587
v -0.591412 -0.169369 0.531664
v -0.772835 -0.234646 0.592463
v -0.700840 -0.206907 0.582236
v -0.662889 -0.220784 0.585275
v -0.703680 -0.267166 0.609933
v -0.661750 -0.259649 0.486491
v -0.708347 -0.273582 0.566109
v -0.737586 -0.256554 0.553848
v -0.350205 -0.747839 0.502088
v -0.393848 -0.722596 0.570356
v -0.379308 -0.750586 0.546714
v -0.374271 -0.714259 0.480191
v -0.386818 -0.665119 0.447830
v -0.357123 -0.480960 0.524583
v -0.357887 -0.521483 0.524139
v -0.463465 -0.641729 0.556241
v -0.415203 -0.589179 0.550517
v -0.448444 -0.576708 0.543334
v -0.374374 -0.589442 0.546459
v -0.390653 -0.663815 0.568096
v -0.391949 -0.508629 0.344468
v -0.399263 -0.475459 0.322773
v -0.390784 -0.608481 0.410424
v -0.390691 -0.554326 0.374610
v -0.466043 -0.575534 0.463814
v -0.424843 -0.562600 0.415338
v -0.463335 -0.626876 0.502143
v -0.431544 -0.710996 0.563924
v -0.453887 -0.675799 0.538650
v -0.424280 -0.678995 0.497521
v -0.381950 -0.266409 0.568899
v -0.491828 -0.339622 0.623107
v -0.420417 -0.291683 0.577192
v -0.399754 -0.311577 0.594613
v -0.441217 -0.381105 0.655296
v -0.471512 -0.320993 0.432302
v -0.460985 -0.314764 0.458648
v -0.428704 -0.357200 0.494592
v -0.439931 -0.331799 0.470827
v -0.412038 -0.340078 0.437347
v -0.500263 -0.342725 0.539612
v -0.526621 -0.362132 0.615352
v -0.425386 -0.484020 0.628109
v -0.382936 -0.473682 0.564081
v -0.469832 -0.447349 0.696558
v -0.462466 -0.482318 0.684330
v -0.389209 -0.391079 0.482959
v -0.426441 -0.436200 0.577641
v -0.425589 -0.392697 0.531305
v -0.506569 -0.387653 0.638683
v -0.476360 -0.401399 0.597649
v -0.489156 -0.417146 0.667578
v -0.626656 -0.420727 0.293456
v -0.559243 -0.441419 0.304813
v -0.596125 -0.434208 0.301251
v -0.612088 -0.411502 0.320734
v -0.637433 -0.429189 0.370716
v -0.416806 -0.454610 0.309487
v -0.443575 -0.445835 0.304420
v -0.523828 -0.454046 0.378315
v -0.467012 -0.436366 0.329110
v -0.496539 -0.467805 0.386105
v -0.478624 -0.443723 0.303990
v -0.518385 -0.443636 0.305068
v -0.637795 -0.431945 0.491484
v -0.548867 -0.372607 0.460906
v -0.676863 -0.456547 0.434701
v -0.686069 -0.463641 0.483544
v -0.599567 -0.483181 0.485503
v -0.641777 -0.473790 0.484632
v -0.594768 -0.476424 0.439603
v -0.537716 -0.426487 0.326370
v -0.558971 -0.445531 0.375422
v -0.598033 -0.438198 0.373689
v -0.372511 -0.451183 0.499805
v -0.405140 -0.401628 0.459830
v -0.387303 -0.423631 0.476930
v -0.415529 -0.493423 0.507635
v -0.475033 -0.553679 0.528081
v -0.502957 -0.374860 0.454028
v -0.560677 -0.493993 0.489711
v -0.546593 -0.443874 0.485509
v -0.462369 -0.378476 0.449424
v -0.429762 -0.386590 0.450594
v -0.427290 -0.473337 0.352783
v -0.497231 -0.569287 0.501579
v -0.469146 -0.528171 0.428914
v -0.478170 -0.491942 0.402683
v -0.531890 -0.507300 0.456339
v -0.470887 -0.460418 0.487827
v -0.527765 -0.509439 0.498113
v -0.500214 -0.529992 0.511588
v -0.052020 -0.527228 -0.820923
v -0.083352 -0.518781 -0.715830
v -0.071223 -0.544048 -0.796925
v -0.082984 -0.509777 -0.812707
v -0.110497 -0.481747 -0.786581
v -0.133836 -0.510789 -0.558267
v -0.111193 -0.465151 -0.538535
v -0.125660 -0.406556 -0.551821
v -0.117182 -0.430265 -0.538921
v -0.140939 -0.424388 -0.542855
v -0.097099 -0.452371 -0.554952
v -0.089947 -0.476515 -0.619594
v -0.177275 -0.394645 -0.694064
v -0.200049 -0.377505 -0.681299
v -0.134627 -0.449261 -0.751626
v -0.156090 -0.419039 -0.718592
v -0.158460 -0.378494 -0.571196
v -0.155930 -0.393229 -0.632142
v -0.138390 -0.394970 -0.582722
v -0.103786 -0.468744 -0.661074
v -0.121133 -0.425564 -0.613713
v -0.119196 -0.461785 -0.708241
v -0.252079 -0.608222 -0.407873
v -0.239794 -0.602708 -0.431606
v -0.283290 -0.603397 -0.505198
v -0.260587 -0.602537 -0.466731
v -0.289816 -0.596353 -0.468933
v -0.232398 -0.610384 -0.465857
v -0.227484 -0.626473 -0.508649
v -0.388775 -0.596302 -0.684370
v -0.362895 -0.604682 -0.640546
v -0.387405 -0.580916 -0.626835
v -0.298124 -0.626942 -0.640878
v -0.332532 -0.619947 -0.644989
v -0.319684 -0.615744 -0.680278
v -0.334029 -0.587322 -0.540470
v -0.335223 -0.606292 -0.593501
v -0.308383 -0.605041 -0.547846
v -0.189124 -0.618420 -0.600626
v -0.162928 -0.571408 -0.588109
v -0.220963 -0.641201 -0.553404
v -0.208951 -0.641652 -0.587672
v -0.238768 -0.600318 -0.639693
v -0.224771 -0.623910 -0.616232
v -0.261333 -0.627443 -0.630356
v -0.279656 -0.617831 -0.550324
v -0.274063 -0.630063 -0.596364
v -0.250041 -0.628835 -0.551250
v -0.368411 -0.287852 -0.640486
v -0.378236 -0.265418 -0.611998
v -0.335378 -0.327058 -0.681276
v -0.354458 -0.309007 -0.664694
v -0.394646 -0.346060 -0.638551
v -0.363012 -0.317453 -0.631864
v -0.377309 -0.366365 -0.657643
v -0.226676 -0.365980 -0.678725
v -0.254653 -0.358467 -0.683267
v -0.289352 -0.391297 -0.649935
v -0.262064 -0.361195 -0.642186
v -0.253263 -0.386681 -0.626822
v -0.283571 -0.351054 -0.688413
v -0.311102 -0.341137 -0.688961
v -0.435212 -0.553134 -0.704188
v -0.419145 -0.540062 -0.734397
v -0.409553 -0.575533 -0.719142
v -0.399027 -0.427935 -0.696594
v -0.415297 -0.489088 -0.726246
v -0.440603 -0.469345 -0.712910
v -0.343448 -0.501192 -0.712857
v -0.382632 -0.500354 -0.726884
v -0.334457 -0.444366 -0.689816
v -0.321554 -0.349694 -0.656456
v -0.323901 -0.390371 -0.664610
v -0.353795 -0.381922 -0.667252
v -0.167371 -0.525391 -0.584435
v -0.248139 -0.566495 -0.653566
v -0.205832 -0.545640 -0.617997
v -0.169962 -0.478271 -0.575697
v -0.171960 -0.434186 -0.566371
v -0.376055 -0.589246 -0.721005
v -0.299422 -0.492760 -0.684958
v -0.344705 -0.552923 -0.721167
v -0.336334 -0.591706 -0.709517
v -0.292925 -0.583391 -0.686007
v -0.201483 -0.365121 -0.616532
v -0.175828 -0.397873 -0.564098
v -0.184711 -0.374498 -0.578340
v -0.216910 -0.379267 -0.599828
v -0.251726 -0.426418 -0.632281
v -0.253137 -0.523803 -0.655412
v -0.253489 -0.474950 -0.646051
v -0.209935 -0.453207 -0.603558
v -0.446118 -0.694630 -0.044017
v -0.485907 -0.670469 -0.078070
v -0.465853 -0.682384 -0.060986
v -0.451097 -0.719158 -0.073432
v -0.453236 -0.740030 -0.103958
v -0.574524 -0.627926 -0.150535
v -0.551919 -0.638992 -0.131934
v -0.500990 -0.679998 -0.154848
v -0.524284 -0.656682 -0.142788
v -0.517299 -0.661701 -0.171794
v -0.529131 -0.649118 -0.113575
v -0.507094 -0.659353 -0.095718
v -0.443798 -0.780510 -0.199355
v -0.435421 -0.785823 -0.230740
v -0.452688 -0.757360 -0.135654
v -0.449521 -0.770864 -0.167444
v -0.476668 -0.719353 -0.199561
v -0.464183 -0.746205 -0.184066
v -0.481744 -0.710743 -0.168794
v -0.486828 -0.686579 -0.107791
v -0.485284 -0.699835 -0.138132
v -0.469708 -0.720392 -0.121241
v -0.637355 -0.427410 -0.264154
v -0.637591 -0.456586 -0.253673
v -0.601265 -0.503414 -0.282289
v -0.622420 -0.482132 -0.269186
v -0.599710 -0.471572 -0.291448
v -0.640277 -0.488672 -0.243779
v -0.641213 -0.520617 -0.232837
v -0.488883 -0.561085 -0.318740
v -0.514958 -0.545500 -0.309048
v -0.488709 -0.527339 -0.325913
v -0.562965 -0.575479 -0.267702
v -0.539956 -0.561767 -0.289626
v -0.532565 -0.588382 -0.276499
v -0.545627 -0.502102 -0.310316
v -0.544384 -0.532899 -0.300994
v -0.574222 -0.519941 -0.292675
v -0.614841 -0.597151 -0.188030
v -0.596562 -0.613999 -0.170100
v -0.637764 -0.550438 -0.219778
v -0.628919 -0.576010 -0.204804
v -0.569689 -0.607055 -0.226586
v -0.601075 -0.593677 -0.216544
v -0.583648 -0.586358 -0.243093
v -0.599774 -0.534240 -0.271483
v -0.593919 -0.562153 -0.258341
v -0.621183 -0.544542 -0.246999
v -0.296598 -0.659947 -0.379605
v -0.273785 -0.631291 -0.390159
v -0.346708 -0.722207 -0.355527
v -0.321614 -0.691810 -0.368918
v -0.353724 -0.652694 -0.403387
v -0.339755 -0.676255 -0.388515
v -0.377228 -0.677142 -0.388497
v -0.423740 -0.785842 -0.262450
v -0.409236 -0.780036 -0.290719
v -0.436154 -0.724442 -0.322522
v -0.424953 -0.755544 -0.308324
v -0.449737 -0.729038 -0.294563
v -0.391428 -0.767586 -0.316184
v -0.370494 -0.748250 -0.337874
v -0.446314 -0.568198 -0.351165
v -0.448035 -0.609256 -0.347723
v -0.466473 -0.582869 -0.331945
v -0.407059 -0.662612 -0.379561
v -0.429519 -0.637792 -0.364716
v -0.409864 -0.622561 -0.384764
v -0.462601 -0.657968 -0.317003
v -0.447211 -0.649682 -0.341993
v -0.443423 -0.688353 -0.333747
v -0.387504 -0.727433 -0.356321
v -0.419514 -0.714225 -0.348081
v -0.399672 -0.698263 -0.370238
v -0.565057 -0.628559 -0.180007
v -0.538380 -0.621129 -0.235824
v -0.552761 -0.626063 -0.208518
v -0.534897 -0.643859 -0.190085
v -0.509172 -0.664187 -0.201658
v -0.486266 -0.594999 -0.310333
v -0.476534 -0.662404 -0.289563
v -0.482059 -0.628741 -0.300527
v -0.504892 -0.605418 -0.286988
v -0.522235 -0.614093 -0.262218
v -0.449924 -0.759728 -0.248280
v -0.488125 -0.692057 -0.215712
v -0.469861 -0.725611 -0.231746
v -0.461021 -0.729125 -0.263666
v -0.469619 -0.696338 -0.277228
v -0.511021 -0.639419 -0.246960
v -0.488701 -0.664756 -0.260828
v -0.499530 -0.665248 -0.231392
v -0.834151 -0.052858 -0.535724
v -0.808401 -0.094131 -0.585870
v -0.829929 -0.074172 -0.566579
v -0.834018 -0.085160 -0.523144
v -0.778927 -0.109422 -0.477059
v -0.626271 -0.150139 -0.573009
v -0.677750 -0.139937 -0.585396
v -0.657533 -0.149732 -0.484439
v -0.666140 -0.144844 -0.531835
v -0.623851 -0.161967 -0.487709
v -0.727831 -0.127347 -0.593294
v -0.772620 -0.112161 -0.594204
v -0.693326 -0.177086 -0.394225
v -0.745227 -0.218820 -0.412927
v -0.711229 -0.127392 -0.425115
v -0.677197 -0.147098 -0.394900
v -0.671951 -0.186411 -0.445258
v -0.671882 -0.165733 -0.417949
v -0.659035 -0.156514 -0.446696
v -0.760226 -0.119353 -0.539048
v -0.694973 -0.137172 -0.481912
v -0.736189 -0.123900 -0.480008
v -0.387564 -0.239528 -0.577937
v -0.396509 -0.220295 -0.553697
v -0.445892 -0.250034 -0.532563
v -0.405492 -0.226396 -0.523480
v -0.432617 -0.267372 -0.550170
v -0.409310 -0.204189 -0.536294
v -0.427972 -0.191403 -0.527108
v -0.648942 -0.368650 -0.565434
v -0.616445 -0.349241 -0.581931
v -0.608134 -0.375848 -0.563586
v -0.549812 -0.255762 -0.537856
v -0.593936 -0.306211 -0.570876
v -0.620043 -0.291378 -0.561223
v -0.541286 -0.334533 -0.588208
v -0.566784 -0.320133 -0.578998
v -0.505726 -0.284674 -0.558524
v -0.527756 -0.166179 -0.543391
v -0.573704 -0.158937 -0.557411
v -0.454112 -0.181318 -0.526156
v -0.487422 -0.173306 -0.532193
v -0.533717 -0.199212 -0.500865
v -0.496557 -0.181120 -0.502744
v -0.507820 -0.210532 -0.505473
v -0.463209 -0.235388 -0.520030
v -0.484103 -0.222473 -0.511459
v -0.439802 -0.199490 -0.501702
v -0.670080 -0.385433 -0.301153
v -0.647482 -0.400166 -0.280807
v -0.755033 -0.371687 -0.362467
v -0.707338 -0.377198 -0.328832
v -0.630451 -0.389640 -0.341670
v -0.667952 -0.383745 -0.335583
v -0.667304 -0.382852 -0.371748
v -0.804374 -0.268639 -0.433732
v -0.837173 -0.312014 -0.439212
v -0.802953 -0.357475 -0.483422
v -0.827892 -0.337848 -0.465644
v -0.809719 -0.327161 -0.499508
v -0.835114 -0.344000 -0.425863
v -0.803151 -0.362664 -0.397678
v -0.620701 -0.383614 -0.487555
v -0.670879 -0.382894 -0.493352
v -0.665832 -0.379193 -0.532869
v -0.668376 -0.382863 -0.410600
v -0.670338 -0.383326 -0.451437
v -0.620482 -0.383479 -0.408495
v -0.754824 -0.363667 -0.530698
v -0.720411 -0.379225 -0.495898
v -0.765534 -0.371169 -0.493142
v -0.761961 -0.373234 -0.405897
v -0.766616 -0.373614 -0.450287
v -0.716073 -0.379681 -0.409867
v -0.574229 -0.164448 -0.516217
v -0.593337 -0.225272 -0.514290
v -0.562101 -0.187215 -0.496288
v -0.591879 -0.174739 -0.491715
v -0.626954 -0.190354 -0.480629
v -0.690674 -0.360235 -0.564457
v -0.758197 -0.331437 -0.545447
v -0.728555 -0.348236 -0.558587
v -0.683088 -0.323806 -0.569665
v -0.644369 -0.275145 -0.547982
v -0.768316 -0.251086 -0.455010
v -0.673848 -0.210036 -0.475282
v -0.723261 -0.230996 -0.468340
v -0.779510 -0.281887 -0.492879
v -0.776090 -0.308979 -0.523404
v -0.661759 -0.255589 -0.528875
v -0.725675 -0.284731 -0.533486
v -0.671350 -0.233515 -0.504112
v -0.289631 -0.618488 -0.415243
v -0.359676 -0.618450 -0.416408
v -0.326962 -0.623974 -0.419493
v -0.304678 -0.602906 -0.439147
v -0.319671 -0.586503 -0.462936
v -0.439039 -0.522826 -0.354929
v -0.422307 -0.548024 -0.371148
v -0.380768 -0.515166 -0.412661
v -0.399336 -0.528823 -0.390402
v -0.392957 -0.485277 -0.391077
v -0.405798 -0.575761 -0.389095
v -0.385974 -0.600992 -0.405372
v -0.378011 -0.550806 -0.553612
v -0.404343 -0.544554 -0.593945
v -0.336153 -0.571206 -0.488841
v -0.355164 -0.559197 -0.518420
v -0.379170 -0.487620 -0.459402
v -0.369814 -0.524770 -0.490335
v -0.370112 -0.512470 -0.444201
v -0.363257 -0.581338 -0.425965
v -0.365848 -0.544716 -0.434170
v -0.345663 -0.569502 -0.451698
v -0.622491 -0.417931 -0.291506
v -0.589465 -0.396892 -0.342819
v -0.605886 -0.407332 -0.317484
v -0.598454 -0.435904 -0.302428
v -0.572400 -0.451804 -0.311985
v -0.563931 -0.382833 -0.473556
v -0.562386 -0.380875 -0.433374
v -0.489520 -0.392118 -0.361813
v -0.516288 -0.381148 -0.389870
v -0.473641 -0.381700 -0.383534
v -0.565911 -0.382439 -0.398856
v -0.575275 -0.388026 -0.369458
v -0.484889 -0.487359 -0.332773
v -0.460170 -0.501907 -0.341685
v -0.543286 -0.464947 -0.319722
v -0.513397 -0.475960 -0.326076
v -0.450112 -0.424065 -0.350004
v -0.480385 -0.448862 -0.338535
v -0.479676 -0.415776 -0.346428
v -0.550670 -0.403493 -0.344094
v -0.513717 -0.409462 -0.345028
v -0.542661 -0.430410 -0.329372
v -0.385937 -0.269190 -0.574837
v -0.440489 -0.380476 -0.654215
v -0.409312 -0.319027 -0.608831
v -0.420658 -0.291850 -0.577522
v -0.469725 -0.324360 -0.595105
v -0.433142 -0.535786 -0.638037
v -0.456220 -0.519104 -0.673637
v -0.484487 -0.447043 -0.604834
v -0.470928 -0.481705 -0.637901
v -0.455453 -0.457642 -0.565160
v -0.468154 -0.488251 -0.692748
v -0.463151 -0.440988 -0.686653
v -0.564396 -0.385375 -0.561535
v -0.566942 -0.385960 -0.519797
v -0.516859 -0.355420 -0.603945
v -0.549123 -0.376199 -0.592315
v -0.490816 -0.405098 -0.520964
v -0.528630 -0.398696 -0.565755
v -0.502539 -0.418721 -0.579774
v -0.480305 -0.409598 -0.655500
v -0.501448 -0.422540 -0.629125
v -0.496930 -0.380276 -0.626529
v -0.431283 -0.477761 -0.356080
v -0.425588 -0.405912 -0.365136
v -0.425164 -0.437410 -0.358046
v -0.406703 -0.457872 -0.371826
v -0.390693 -0.447310 -0.394109
v -0.514679 -0.383597 -0.464610
v -0.449045 -0.403936 -0.470812
v -0.475951 -0.389593 -0.462626
v -0.468600 -0.380537 -0.416232
v -0.438677 -0.386503 -0.383153
v -0.415375 -0.503100 -0.557317
v -0.386918 -0.450976 -0.430127
v -0.396531 -0.470864 -0.484426
v -0.423004 -0.462682 -0.520894
v -0.432447 -0.428699 -0.490823
v -0.413167 -0.398820 -0.389953
v -0.415894 -0.406648 -0.430855
v -0.396793 -0.420414 -0.405816
v 0.695252 0.000000 -0.485497
v 0.689538 -0.035607 -0.541574
v 0.651794 -0.016498 -0.482960
v 0.684452 0.017324 -0.507159
v 0.668433 0.034517 -0.524997
v 0.538997 -0.092135 -0.532651
v 0.637945 -0.088522 -0.595469
v 0.691326 -0.019236 -0.645474
v 0.704820 -0.058583 -0.658012
v 0.674300 -0.038254 -0.666361
v 0.732940 -0.079364 -0.646138
v 0.746190 -0.059243 -0.621258
v 0.589348 0.081779 -0.550107
v 0.555915 0.095026 -0.549369
v 0.646589 0.051335 -0.538332
v 0.620100 0.067146 -0.546662
v 0.587888 0.033352 -0.580966
v 0.564637 0.046931 -0.527139
v 0.615926 0.017138 -0.575075
v 0.667836 -0.017673 -0.555969
v 0.643105 0.000000 -0.567154
v 0.615532 0.016289 -0.512426
v 0.468691 -0.251430 -0.758357
v 0.426293 -0.202820 -0.645016
v 0.406554 -0.132687 -0.615843
v 0.388560 -0.155580 -0.588285
v 0.383233 -0.144998 -0.620085
v 0.394987 -0.166211 -0.560134
v 0.431302 -0.159937 -0.574470
v 0.418669 -0.015479 -0.634812
v 0.475274 -0.051541 -0.720568
v 0.467711 -0.034954 -0.756772
v 0.496495 -0.083440 -0.663605
v 0.484455 -0.067557 -0.689170
v 0.435966 -0.044453 -0.583039
v 0.450756 -0.101479 -0.729338
v 0.499279 -0.090049 -0.756815
v 0.463982 -0.117235 -0.703101
v 0.553098 -0.134421 -0.615164
v 0.514200 -0.106169 -0.539735
v 0.516184 -0.167531 -0.646346
v 0.570137 -0.160954 -0.672525
v 0.468685 -0.073909 -0.554894
v 0.531134 -0.116675 -0.627708
v 0.512110 -0.099776 -0.643215
v 0.478390 -0.133263 -0.679755
v 0.528819 -0.124202 -0.705931
v 0.495644 -0.149910 -0.660881
v 0.385935 0.183619 -0.583951
v 0.378383 0.202984 -0.612236
v 0.410417 0.152193 -0.546653
v 0.396004 0.166638 -0.561576
v 0.458497 0.173474 -0.741863
v 0.407929 0.163336 -0.617610
v 0.462427 0.150922 -0.700478
v 0.519387 0.107240 -0.545179
v 0.486177 0.118157 -0.540734
v 0.489973 0.095463 -0.615410
v 0.452548 0.099412 -0.534833
v 0.508467 0.080182 -0.601994
v 0.455995 0.128731 -0.537885
v 0.430566 0.139743 -0.539138
v 0.383522 0.028662 -0.620551
v 0.422745 0.045845 -0.640928
v 0.390863 0.014451 -0.592650
v 0.497785 0.125776 -0.754323
v 0.477728 0.086162 -0.724148
v 0.460536 0.103680 -0.745162
v 0.518379 0.052856 -0.693253
v 0.496576 0.069247 -0.706413
v 0.526561 0.088492 -0.703790
v 0.419719 0.126946 -0.559644
v 0.476730 0.111968 -0.636396
v 0.467959 0.130357 -0.664933
v 0.509981 -0.075008 -0.535147
v 0.455697 -0.043108 -0.539196
v 0.481685 -0.058609 -0.536734
v 0.576606 -0.050792 -0.604943
v 0.639706 -0.018873 -0.671079
v 0.400816 0.000000 -0.570410
v 0.543248 0.035476 -0.683356
v 0.459356 0.015613 -0.614257
v 0.414650 -0.014093 -0.554476
v 0.432871 -0.028268 -0.544512
v 0.505318 0.074322 -0.530255
v 0.629456 0.018570 -0.660326
v 0.559407 0.049277 -0.586898
v 0.532333 0.064772 -0.593171
v 0.570635 0.053981 -0.675195
v 0.511398 -0.016128 -0.605165
v 0.572789 0.018064 -0.677811
v 0.605458 0.000000 -0.674388
v 0.026580 -0.392883 -0.705286
v 0.030370 -0.391622 -0.834244
v 0.028045 -0.388193 -0.757572
v 0.055960 -0.404754 -0.745477
v 0.089802 -0.423814 -0.801245
v 0.029120 -0.260167 -0.841351
v 0.031689 -0.314722 -0.905414
v 0.086676 -0.324501 -0.809651
v 0.061002 -0.322725 -0.863118
v 0.079159 -0.270275 -0.748955
v 0.033048 -0.361013 -0.932857
v 0.032495 -0.386602 -0.904590
v 0.146341 -0.319815 -0.657171
v 0.158818 -0.289315 -0.612250
v 0.121313 -0.418359 -0.812782
v 0.139709 -0.376221 -0.751339
v 0.117780 -0.271261 -0.653654
v 0.128015 -0.319768 -0.699523
v 0.108799 -0.322424 -0.752209
v 0.064104 -0.402255 -0.882653
v 0.092721 -0.377044 -0.852817
v 0.093858 -0.412236 -0.850255
v 0.027086 -0.016740 -0.810432
v 0.029461 -0.048728 -0.880422
v 0.080369 -0.077491 -0.796259
v 0.056572 -0.064280 -0.842984
v 0.075172 -0.046459 -0.746630
v 0.032349 -0.087057 -0.964644
v 0.033433 -0.124461 -0.993380
v 0.162181 -0.124567 -0.672436
v 0.140105 -0.111016 -0.682512
v 0.164063 -0.101397 -0.683858
v 0.121524 -0.169767 -0.888797
v 0.134038 -0.138781 -0.784441
v 0.146183 -0.181839 -0.850962
v 0.116230 -0.071834 -0.686919
v 0.120483 -0.099585 -0.708655
v 0.101330 -0.088951 -0.748434
v 0.026952 -0.183590 -0.787588
v 0.027086 -0.211825 -0.784727
v 0.031869 -0.151941 -0.943527
v 0.029021 -0.168056 -0.854016
v 0.085093 -0.199521 -0.825086
v 0.057619 -0.184715 -0.842888
v 0.092674 -0.185775 -0.905315
v 0.089342 -0.117028 -0.880645
v 0.094817 -0.157100 -0.930285
v 0.065375 -0.142202 -0.967593
v 0.387577 -0.269736 -0.734281
v 0.451214 -0.278866 -0.793851
v 0.326189 -0.289387 -0.726388
v 0.336246 -0.263921 -0.688975
v 0.391731 -0.242103 -0.822296
v 0.356863 -0.250274 -0.740210
v 0.323587 -0.228972 -0.737929
v 0.199188 -0.305864 -0.668751
v 0.260603 -0.344668 -0.778035
v 0.272790 -0.296654 -0.833304
v 0.276178 -0.332682 -0.834179
v 0.238497 -0.303259 -0.818613
v 0.314194 -0.361394 -0.843579
v 0.332774 -0.335484 -0.811058
v 0.231205 -0.142892 -0.736739
v 0.219390 -0.161336 -0.691983
v 0.189139 -0.141729 -0.677256
v 0.288235 -0.206145 -0.727286
v 0.253006 -0.183238 -0.710601
v 0.313176 -0.193554 -0.798602
v 0.224601 -0.226931 -0.787580
v 0.228792 -0.195060 -0.714153
v 0.252179 -0.244432 -0.778781
v 0.304837 -0.277431 -0.751645
v 0.279603 -0.262007 -0.768475
v 0.285038 -0.231562 -0.710982
v 0.052169 -0.221922 -0.752524
v 0.111495 -0.214301 -0.804276
v 0.077194 -0.208263 -0.742130
v 0.074800 -0.228494 -0.713312
v 0.095407 -0.234039 -0.675993
v 0.177233 -0.162574 -0.727053
v 0.207624 -0.252286 -0.834070
v 0.197177 -0.210270 -0.800412
v 0.171187 -0.195264 -0.820813
v 0.148538 -0.215574 -0.855204
v 0.165685 -0.276412 -0.645363
v 0.115921 -0.241941 -0.648721
v 0.138451 -0.255285 -0.637929
v 0.183462 -0.278199 -0.722004
v 0.201404 -0.275175 -0.800847
v 0.138785 -0.230767 -0.791816
v 0.168333 -0.250778 -0.790721
v 0.124576 -0.233576 -0.704077
v 0.031203 0.461214 -0.827951
v 0.093114 0.439445 -0.830798
v 0.062874 0.454760 -0.837577
v 0.028121 0.389247 -0.759630
v 0.026434 0.340867 -0.726125
v 0.195944 0.356947 -0.755372
v 0.171482 0.374758 -0.770071
v 0.102368 0.303364 -0.707742
v 0.143638 0.358793 -0.784894
v 0.128822 0.296694 -0.714937
v 0.146992 0.395833 -0.790505
v 0.121304 0.418327 -0.812721
v 0.033027 0.328008 -0.943638
v 0.032193 0.287623 -0.930139
v 0.027781 0.330518 -0.773364
v 0.030899 0.337532 -0.872183
v 0.080984 0.276508 -0.766228
v 0.058184 0.307820 -0.823255
v 0.074604 0.279308 -0.696892
v 0.086091 0.378120 -0.779889
v 0.077143 0.313699 -0.709539
v 0.052090 0.326865 -0.717228
v 0.369387 0.228294 -0.649887
v 0.359236 0.250012 -0.680588
v 0.388837 0.275143 -0.886730
v 0.383641 0.269054 -0.795753
v 0.416239 0.257250 -0.873742
v 0.344954 0.270756 -0.706818
v 0.326030 0.289246 -0.726034
v 0.221478 0.165962 -0.793053
v 0.223258 0.164181 -0.704183
v 0.247978 0.153259 -0.790189
v 0.248360 0.240730 -0.766986
v 0.223434 0.190492 -0.697429
v 0.190317 0.192292 -0.667362
v 0.299404 0.185042 -0.763484
v 0.260588 0.188729 -0.731896
v 0.334844 0.239480 -0.844891
v 0.249463 0.329934 -0.744775
v 0.222737 0.342025 -0.747815
v 0.302612 0.305077 -0.737547
v 0.276631 0.318188 -0.742728
v 0.232904 0.296148 -0.799416
v 0.273990 0.330047 -0.827571
v 0.273458 0.297380 -0.835344
v 0.354289 0.287820 -0.883717
v 0.314812 0.295000 -0.865245
v 0.338260 0.307849 -0.834057
v 0.030476 0.050407 -0.910747
v 0.027595 0.017055 -0.825659
v 0.033048 0.123028 -0.981942
v 0.033058 0.088966 -0.985788
v 0.094984 0.058703 -0.943409
v 0.065331 0.074233 -0.973507
v 0.089629 0.086420 -0.888000
v 0.029262 0.228843 -0.847769
v 0.026904 0.183257 -0.786160
v 0.079004 0.158371 -0.771774
v 0.053306 0.170888 -0.779793
v 0.088437 0.207361 -0.857507
v 0.027429 0.158840 -0.807180
v 0.030336 0.144631 -0.898133
v 0.196206 0.121262 -0.817837
v 0.162149 0.128483 -0.789896
v 0.206794 0.158834 -0.857410
v 0.099618 0.087448 -0.735785
v 0.118418 0.097878 -0.696507
v 0.117654 0.072714 -0.695334
v 0.146016 0.181632 -0.849994
v 0.132061 0.136735 -0.772873
v 0.104959 0.146626 -0.767643
v 0.057300 0.124636 -0.848070
v 0.075079 0.124396 -0.736625
v 0.080180 0.105027 -0.790336
v 0.205610 0.343018 -0.800876
v 0.171879 0.234836 -0.683446
v 0.193770 0.293829 -0.762569
v 0.159089 0.293339 -0.733021
v 0.116824 0.243825 -0.653772
v 0.196152 0.179928 -0.804662
v 0.147720 0.214386 -0.850490
v 0.171822 0.195989 -0.823860
v 0.173418 0.184933 -0.703966
v 0.161474 0.196208 -0.648675
v 0.064353 0.273751 -0.928272
v 0.100756 0.247159 -0.713890
v 0.090962 0.277866 -0.867443
v 0.094629 0.255301 -0.909746
v 0.122185 0.234849 -0.881393
v 0.138273 0.205996 -0.649520
v 0.134129 0.223025 -0.765250
v 0.118922 0.222976 -0.672124
v 0.461754 -0.245520 -0.811630
v 0.423416 -0.220111 -0.886452
v 0.446964 -0.235198 -0.855994
v 0.424134 -0.189636 -0.744920
v 0.380483 -0.138613 -0.667819
v 0.266038 -0.127502 -0.843064
v 0.309389 -0.152368 -0.874269
v 0.351802 -0.107848 -0.805693
v 0.359173 -0.140315 -0.909687
v 0.329406 -0.092314 -0.831724
v 0.352208 -0.177260 -0.894983
v 0.391004 -0.200273 -0.899861
v 0.469650 -0.056909 -0.823418
v 0.463646 -0.019343 -0.812788
v 0.380599 -0.107248 -0.667709
v 0.426609 -0.085848 -0.748140
v 0.372024 -0.053241 -0.774239
v 0.400879 -0.069791 -0.764453
v 0.346397 -0.081349 -0.721517
v 0.409307 -0.173311 -0.855559
v 0.367192 -0.120575 -0.766227
v 0.376114 -0.130688 -0.718360
v 0.054319 0.000000 -0.811365
v 0.122407 0.037762 -0.908540
v 0.090386 0.018617 -0.897236
v 0.079581 -0.016391 -0.789975
v 0.103699 -0.031990 -0.769679
v 0.233541 0.107829 -0.844960
v 0.172574 0.075943 -0.718791
v 0.179118 0.015829 -0.745490
v 0.162733 0.042877 -0.677466
v 0.191173 0.029291 -0.691669
v 0.138612 0.056974 -0.677937
v 0.133481 0.049437 -0.787240
v 0.186787 -0.082197 -0.777988
v 0.223056 -0.102987 -0.807023
v 0.128546 -0.047608 -0.758130
v 0.155510 -0.063920 -0.760588
v 0.233746 -0.035815 -0.845703
v 0.207502 -0.054673 -0.863841
v 0.203472 -0.017982 -0.846852
v 0.148714 0.018373 -0.877383
v 0.175266 0.000000 -0.856224
v 0.145854 -0.018020 -0.860511
v 0.403897 0.214756 -0.709934
v 0.469192 0.170931 -0.823521
v 0.452090 0.202135 -0.794020
v 0.439000 0.231007 -0.840741
v 0.415593 0.216045 -0.870075
v 0.413043 0.017232 -0.724080
v 0.376599 0.045634 -0.660276
v 0.355721 0.083538 -0.740938
v 0.368410 0.064138 -0.702537
v 0.398094 0.056972 -0.828495
v 0.390175 0.078517 -0.684247
v 0.437725 0.123345 -0.767928
v 0.280275 0.138030 -0.791998
v 0.277894 0.133184 -0.880635
v 0.341649 0.174993 -0.786276
v 0.287148 0.144517 -0.729663
v 0.350680 0.098276 -0.885440
v 0.310706 0.121381 -0.786932
v 0.336351 0.103112 -0.770307
v 0.411884 0.143116 -0.786678
v 0.347913 0.114244 -0.725998
v 0.379984 0.160895 -0.794266
v 0.283408 -0.096846 -0.898671
v 0.235835 -0.016219 -0.748284
v 0.266993 -0.054677 -0.846970
v 0.299873 -0.073835 -0.844413
v 0.297642 -0.050148 -0.752311
v 0.277939 0.094978 -0.881332
v 0.367028 0.061839 -0.927691
v 0.323774 0.079720 -0.911715
v 0.249180 0.051029 -0.790463
v 0.225987 0.015542 -0.717039
v 0.452244 0.000000 -0.861947
v 0.340221 -0.034985 -0.777303
v 0.418783 -0.019990 -0.871686
v 0.432978 0.020668 -0.901233
v 0.404570 0.041602 -0.924321
v 0.264250 0.000000 -0.744664
v 0.341236 0.019172 -0.862346
v 0.303333 -0.017043 -0.766561
v 0.704517 0.026551 0.392454
v 0.697124 0.025378 0.327253
v 0.700632 0.025937 0.359016
v 0.681816 0.051181 0.370190
v 0.722362 0.080961 0.382089
v 0.698621 0.024180 0.216031
v 0.694923 0.024322 0.241555
v 0.729969 0.078145 0.292565
v 0.680143 0.048070 0.254309
v 0.728029 0.076947 0.262723
v 0.693704 0.024576 0.268461
v 0.694540 0.024950 0.296831
v 0.853276 0.190010 0.415250
v 0.812854 0.210855 0.384110
v 0.794341 0.118560 0.408866
v 0.847768 0.157640 0.424507
v 0.853836 0.153850 0.354336
v 0.851884 0.155897 0.389416
v 0.803361 0.116198 0.344350
v 0.682473 0.049565 0.311026
v 0.730253 0.079396 0.322857
v 0.727857 0.080347 0.352893
v 0.838755 0.028033 0.017325
v 0.813449 0.027220 0.045022
v 0.687450 0.069386 0.066902
v 0.716728 0.048099 0.054652
v 0.686633 0.069131 0.042725
v 0.788237 0.026433 0.071137
v 0.764996 0.025747 0.095847
v 0.847446 0.204390 0.156988
v 0.870322 0.178658 0.141565
v 0.858049 0.205853 0.127224
v 0.773164 0.105713 0.147680
v 0.838538 0.143281 0.148352
v 0.846270 0.145377 0.180836
v 0.810231 0.137095 0.084729
v 0.826730 0.140557 0.116177
v 0.743219 0.100624 0.088331
v 0.714784 0.024461 0.166619
v 0.705048 0.024335 0.190317
v 0.744661 0.025152 0.119916
v 0.727942 0.024737 0.143247
v 0.713620 0.073598 0.172566
v 0.679867 0.046475 0.148989
v 0.706320 0.072303 0.144940
v 0.692218 0.070226 0.091988
v 0.699029 0.071247 0.118047
v 0.690410 0.046647 0.101466
v 0.804690 0.424740 0.295600
v 0.824450 0.468607 0.289615
v 0.728552 0.327161 0.290249
v 0.770015 0.375797 0.294965
v 0.769019 0.366351 0.226417
v 0.772093 0.372234 0.261054
v 0.727904 0.319191 0.225861
v 0.749548 0.223253 0.342818
v 0.700002 0.234466 0.310099
v 0.698809 0.228762 0.248774
v 0.698874 0.231382 0.278721
v 0.746375 0.217451 0.276498
v 0.680476 0.253445 0.291519
v 0.693322 0.284467 0.286784
v 0.723976 0.227199 0.140417
v 0.712244 0.225813 0.166060
v 0.778134 0.217311 0.162840
v 0.689963 0.273444 0.195566
v 0.680383 0.242247 0.175446
v 0.685274 0.268734 0.166087
v 0.754695 0.215223 0.217455
v 0.704667 0.225753 0.192469
v 0.700449 0.226815 0.219847
v 0.695017 0.281871 0.256530
v 0.680681 0.247660 0.232074
v 0.693644 0.278087 0.225915
v 0.678165 0.047014 0.199993
v 0.792956 0.109925 0.211285
v 0.720215 0.074914 0.202113
v 0.725096 0.076036 0.232268
v 0.802428 0.113252 0.277813
v 0.835169 0.203589 0.186749
v 0.816313 0.203204 0.246915
v 0.824438 0.203095 0.216581
v 0.866411 0.180696 0.206112
v 0.851972 0.147977 0.214759
v 0.810230 0.208012 0.347025
v 0.855362 0.152847 0.319008
v 0.855004 0.185563 0.342154
v 0.809438 0.205679 0.311888
v 0.811344 0.204044 0.278782
v 0.854610 0.149791 0.249068
v 0.858724 0.182810 0.272345
v 0.855559 0.151378 0.283830
v 0.844763 0.031837 -0.470579
v 0.692678 0.077634 -0.366388
v 0.768738 0.057706 -0.417384
v 0.811103 0.030027 -0.415623
v 0.762159 0.027745 -0.357782
v 0.851879 0.220978 -0.402551
v 0.840975 0.187271 -0.409264
v 0.778813 0.112647 -0.333828
v 0.816191 0.149365 -0.373100
v 0.851139 0.153364 -0.353216
v 0.765808 0.142400 -0.383466
v 0.692756 0.103398 -0.356578
v 0.677386 0.023708 -0.235459
v 0.695173 0.024061 -0.214965
v 0.714447 0.025665 -0.305339
v 0.683856 0.024227 -0.264650
v 0.783341 0.082793 -0.282684
v 0.697437 0.049292 -0.260775
v 0.735353 0.078722 -0.294723
v 0.680795 0.075152 -0.330075
v 0.697213 0.075803 -0.308249
v 0.687090 0.049901 -0.313130
v 0.807572 0.459013 -0.283686
v 0.841406 0.444120 -0.309088
v 0.851354 0.373325 -0.264166
v 0.851225 0.410384 -0.287810
v 0.847955 0.403955 -0.249658
v 0.828896 0.404533 -0.317520
v 0.774113 0.347621 -0.308400
v 0.747201 0.208673 -0.156367
v 0.786060 0.249216 -0.183270
v 0.823826 0.258534 -0.159783
v 0.705367 0.228407 -0.221390
v 0.743327 0.238138 -0.203029
v 0.684695 0.195260 -0.197286
v 0.859352 0.337000 -0.208277
v 0.818525 0.291431 -0.211068
v 0.840581 0.333136 -0.238258
v 0.713794 0.239086 -0.316209
v 0.789684 0.235208 -0.361174
v 0.708933 0.290872 -0.293241
v 0.680427 0.253427 -0.291499
v 0.698267 0.203435 -0.258676
v 0.685236 0.226867 -0.273282
v 0.682902 0.223555 -0.243111
v 0.803763 0.322235 -0.261780
v 0.730975 0.265959 -0.249221
v 0.755531 0.306413 -0.278865
v 0.881057 0.029482 -0.048763
v 0.865451 0.028925 -0.017877
v 0.879476 0.029600 -0.110190
v 0.886729 0.029736 -0.080026
v 0.737611 0.074263 -0.045897
v 0.833836 0.055958 -0.063582
v 0.768509 0.077568 -0.074791
v 0.733691 0.025324 -0.198049
v 0.778743 0.026650 -0.181528
v 0.860985 0.088136 -0.176678
v 0.863096 0.059000 -0.189143
v 0.871113 0.089840 -0.210651
v 0.822607 0.027953 -0.161876
v 0.857524 0.028964 -0.138091
v 0.742998 0.178251 -0.110165
v 0.683454 0.140298 -0.111169
v 0.708346 0.170842 -0.131220
v 0.711906 0.096385 -0.084610
v 0.682437 0.116025 -0.095900
v 0.682895 0.115549 -0.071413
v 0.725875 0.124695 -0.155109
v 0.696756 0.119055 -0.123268
v 0.778767 0.106480 -0.148750
v 0.875716 0.059167 -0.128699
v 0.835871 0.085194 -0.141156
v 0.802750 0.081439 -0.106677
v 0.822044 0.211045 -0.352085
v 0.725411 0.182433 -0.249255
v 0.773924 0.196655 -0.298205
v 0.848417 0.184134 -0.339518
v 0.862230 0.154074 -0.321570
v 0.684400 0.166836 -0.153037
v 0.765323 0.132927 -0.192917
v 0.689696 0.143841 -0.164073
v 0.676718 0.166705 -0.177775
v 0.690247 0.171823 -0.208783
v 0.785435 0.054451 -0.231627
v 0.857194 0.120981 -0.296773
v 0.830456 0.087084 -0.266018
v 0.861559 0.089617 -0.241779
v 0.849635 0.117783 -0.226387
v 0.764213 0.162690 -0.242371
v 0.809368 0.141862 -0.235883
v 0.845683 0.149630 -0.280554
v 0.470509 0.673789 0.000000
v 0.484548 0.616932 0.031857
v 0.474914 0.640936 0.016223
v 0.494549 0.667434 -0.016893
v 0.524207 0.667426 -0.034465
v 0.576091 0.582955 0.099649
v 0.546669 0.585665 0.081268
v 0.585905 0.627526 0.017460
v 0.565250 0.605459 0.050324
v 0.614461 0.621782 0.035275
v 0.521009 0.591002 0.063995
v 0.500154 0.600734 0.047694
v 0.628604 0.673445 -0.093448
v 0.655585 0.663396 -0.113399
v 0.558730 0.671088 -0.053280
v 0.594696 0.674587 -0.073046
v 0.652593 0.660369 -0.037464
v 0.622759 0.667059 -0.055444
v 0.606597 0.649687 -0.018077
v 0.519384 0.623890 0.016510
v 0.560904 0.636018 0.000000
v 0.540152 0.648837 -0.017170
v 0.825803 0.510374 0.273791
v 0.810758 0.535832 0.254936
v 0.826083 0.545346 0.177984
v 0.818826 0.540832 0.216550
v 0.837301 0.517481 0.195791
v 0.785098 0.553625 0.232965
v 0.753010 0.565347 0.209645
v 0.823457 0.543084 0.020078
v 0.832842 0.549328 0.059572
v 0.819823 0.506678 0.037866
v 0.792103 0.592634 0.099597
v 0.822224 0.577985 0.080600
v 0.802838 0.600320 0.061212
v 0.838688 0.518338 0.116693
v 0.834852 0.550761 0.099334
v 0.831921 0.548992 0.138715
v 0.644882 0.579817 0.140915
v 0.610304 0.581431 0.120051
v 0.717233 0.572796 0.185905
v 0.680894 0.577231 0.162957
v 0.716023 0.604780 0.095370
v 0.697710 0.590365 0.129686
v 0.748229 0.595719 0.116066
v 0.805649 0.566991 0.157944
v 0.778864 0.583454 0.137034
v 0.765463 0.574078 0.173633
v 0.677806 0.447964 -0.213131
v 0.734786 0.454123 -0.243615
v 0.635824 0.477366 -0.177019
v 0.643659 0.453887 -0.190995
v 0.673079 0.415985 -0.157390
v 0.660794 0.436452 -0.174756
v 0.669991 0.442301 -0.144353
v 0.672022 0.640229 -0.132191
v 0.673492 0.605540 -0.147166
v 0.738027 0.587596 -0.114483
v 0.709309 0.600180 -0.131842
v 0.742713 0.627323 -0.098925
v 0.662747 0.561847 -0.158614
v 0.646453 0.516270 -0.167559
v 0.769622 0.475653 -0.035548
v 0.774451 0.510814 -0.055395
v 0.803729 0.530073 -0.019597
v 0.699384 0.461529 -0.116615
v 0.737480 0.486524 -0.087748
v 0.701296 0.433425 -0.097577
v 0.788658 0.589717 -0.060130
v 0.770972 0.541957 -0.075576
v 0.758867 0.567768 -0.095418
v 0.672282 0.504195 -0.152496
v 0.717529 0.537507 -0.126242
v 0.689921 0.485545 -0.135256
v 0.627753 0.598231 0.087988
v 0.733504 0.619914 0.058643
v 0.681660 0.611747 0.074434
v 0.647365 0.617041 0.054354
v 0.667593 0.636384 0.018775
v 0.818072 0.574843 0.000000
v 0.785135 0.624159 -0.040760
v 0.805004 0.602001 -0.020461
v 0.808462 0.604587 0.020549
v 0.778351 0.618766 0.040408
v 0.693068 0.660475 -0.097142
v 0.685527 0.653479 -0.019279
v 0.695944 0.663344 -0.058432
v 0.728009 0.653342 -0.079495
v 0.758949 0.641419 -0.060677
v 0.749624 0.633475 0.019978
v 0.759799 0.642073 -0.020249
v 0.718227 0.644816 0.000000
v 0.768346 0.051439 0.000000
v 0.685282 0.092328 -0.028483
v 0.709364 0.071460 -0.014719
v 0.692813 0.069793 0.014375
v 0.706417 0.095175 0.029361
v 0.830811 0.229630 -0.106023
v 0.789437 0.189536 -0.083407
v 0.856642 0.205824 -0.018190
v 0.829341 0.199215 -0.052489
v 0.869994 0.240460 -0.036843
v 0.740504 0.151404 -0.062232
v 0.699817 0.118658 -0.043947
v 0.867391 0.208252 0.091643
v 0.812865 0.224670 0.103733
v 0.787596 0.133542 0.049459
v 0.859286 0.175690 0.072214
v 0.851522 0.235355 0.036061
v 0.872798 0.209654 0.055240
v 0.870495 0.209152 0.018484
v 0.727418 0.123295 -0.015233
v 0.816217 0.167077 0.000000
v 0.758577 0.128576 0.015885
v 0.762837 0.433995 -0.230760
v 0.686417 0.391079 -0.142473
v 0.716455 0.407927 -0.182389
v 0.789264 0.412121 -0.216863
v 0.814361 0.388981 -0.202210
v 0.749803 0.427716 -0.017844
v 0.719244 0.410232 -0.049709
v 0.692084 0.332267 -0.078030
v 0.684042 0.358711 -0.062450
v 0.680571 0.327017 -0.046800
v 0.692991 0.395161 -0.079520
v 0.679449 0.387291 -0.109133
v 0.863306 0.305509 -0.150457
v 0.856835 0.270384 -0.129585
v 0.837448 0.363884 -0.186382
v 0.855170 0.336540 -0.169374
v 0.785037 0.310916 -0.087132
v 0.826083 0.326164 -0.127419
v 0.750305 0.327617 -0.100434
v 0.701390 0.367229 -0.127600
v 0.721921 0.345960 -0.113603
v 0.766550 0.366724 -0.155281
v 0.831248 0.472916 0.251454
v 0.768291 0.366976 0.190771
v 0.810693 0.423310 0.222751
v 0.834367 0.475062 0.212406
v 0.833817 0.475058 0.173068
v 0.734107 0.231656 0.111024
v 0.685366 0.242539 0.119446
v 0.700503 0.305871 0.093768
v 0.679383 0.268242 0.104792
v 0.677748 0.268424 0.075224
v 0.682455 0.268570 0.135167
v 0.717491 0.311761 0.159685
v 0.802645 0.457801 0.055473
v 0.779793 0.444823 0.018557
v 0.828948 0.472506 0.133146
v 0.818923 0.466971 0.093971
v 0.718446 0.345215 0.049404
v 0.773280 0.405508 0.070597
v 0.736376 0.353531 0.083024
v 0.762074 0.364583 0.154374
v 0.751214 0.359997 0.118212
v 0.802497 0.420166 0.145994
v 0.866138 0.273148 -0.093340
v 0.745201 0.294828 -0.049674
v 0.823634 0.292494 -0.072018
v 0.856136 0.269882 -0.055269
v 0.833516 0.262697 -0.018067
v 0.724932 0.380355 0.000000
v 0.681152 0.298136 0.030658
v 0.699177 0.335905 0.016034
v 0.684569 0.328887 -0.015699
v 0.688301 0.301265 -0.030979
v 0.752951 0.237453 0.081143
v 0.805048 0.253725 0.017450
v 0.777159 0.244986 0.050170
v 0.704580 0.250215 0.061608
v 0.680518 0.269238 0.045363
v 0.712541 0.281957 -0.015842
v 0.691190 0.273508 0.015367
v 0.753816 0.267497 0.000000
f 1 2563 2565
f 643 2564 2563
f 645 2565 2564
f 2563 2564 2565
f 163 2566 2568
f 644 2567 2566
f 643 2568 2567
f 2566 2567 2568
f 165 2569 2571
f 645 2570 2569
f 644 2571 2570
f 2569 2570 2571
f 643 2567 2564
f 644 2570 2567
f 645 2564 2570
f 2567 2570 2564
f 43 2572 2574
f 646 2573 2572
f 648 2574 2573
f 2572 2573 2574
f 164 2575 2577
f 647 2576 2575
f 646 2577 2576
f 2575 2576 2577
f 163 2578 2580
f 648 2579 2578
f 647 2580 2579
f 2578 2579 2580
f 646 2576 2573
f 647 2579 2576
f 648 2573 2579
f 2576 2579 2573
f 45 2581 2583
f 649 2582 2581
f 651 2583 2582
f 2581 2582 2583
f 165 2584 2586
f 650 2585 2584
f 649 2586 2585
f 2584 2585 2586
f 164 2587 2589
f 651 2588 2587
f 650 2589 2588
f 2587 2588 2589
f 649 2585 2582
f 650 2588 2585
f 651 2582 2588
f 2585 2588 2582
f 163 2580 2566
f 647 2590 2580
f 644 2566 2590
f 2580 2590 2566
f 164 2589 2575
f 650 2591 2589
f 647 2575 2591
f 2589 2591 2575
f 165 2571 2584
f 644 2592 2571
f 650 2584 2592
f 2571 2592 2584
f 647 2591 2590
f 650 2592 2591
f 644 2590 2592
f 2591 2592 2590
f 13 2593 2595
f 652 2594 2593
f 654 2595 2594
f 2593 2594 2595
f 166 2596 2598
f 653 2597 2596
f 652 2598 2597
f 2596 2597 2598
f 168 2599 2601
f 654 2600 2599
f 653 2601 2600
f 2599 2600 2601
f 652 2597 2594
f 653 2600 2597
f 654 2594 2600
f 2597 2600 2594
f 44 2602 2604
f 655 2603 2602
f 657 2604 2603
f 2602 2603 2604
f 167 2605 2607
f 656 2606 2605
f 655 2607 2606
f 2605 2606 2607
f 166 2608 2610
f 657 2609 2608
f 656 2610 2609
f 2608 2609 2610
f 655 2606 2603
f 656 2609 2606
f 657 2603 2609
f 2606 2609 2603
f 43 2611 2613
f 658 2612 2611
f 660 2613 2612
f 2611 2612 2613
f 168 2614 2616
f 659 2615 2614
f 658 2616 2615
f 2614 2615 2616
f 167 2617 2619
f 660 2618 2617
f 659 2619 2618
f 2617 2618 2619
f 658 2615 2612
f 659 2618 2615
f 660 2612 2618
f 2615 2618 2612
f 166 2610 2596
f 656 2620 2610
f 653 2596 2620
f 2610 2620 2596
f 167 2619 2605
f 659 2621 2619
f 656 2605 2621
f 2619 2621 2605
f 168 2601 2614
f 653 2622 2601
f 659 2614 2622
f 2601 2622 2614
f 656 2621 2620
f 659 2622 2621
f 653 2620 2622
f 2621 2622 2620
f 15 2623 2625
f 661 2624 2623
f 663 2625 2624
f 2623 2624 2625
f 169 2626 2628
f 662 2627 2626
f 661 2628 2627
f 2626 2627 2628
f 171 2629 2631
f 663 2630 2629
f 662 2631 2630
f 2629 2630 2631
f 661 2627 2624
f 662 2630 2627
f 663 2624 2630
f 2627 2630 2624
f 45 2632 2634
f 664 2633 2632
f 666 2634 2633
f 2632 2633 2634
f 170 2635 2637
f 665 2636 2635
f 664 2637 2636
f 2635 2636 2637
f 169 2638 2640
f 666 2639 2638
f 665 2640 2639
f 2638 2639 2640
f 664 2636 2633
f 665 2639 2636
f 666 2633 2639
f 2636 2639 2633
f 44 2641 2643
f 667 2642 2641
f 669 2643 2642
f 2641 2642 2643
f 171 2644 2646
f 668 2645 2644
f 667 2646 2645
f 2644 2645 2646
f 170 2647 2649
f 669 2648 2647
f 668 2649 2648
f 2647 2648 2649
f 667 2645 2642
f 668 2648 2645
f 669 2642 2648
f 2645 2648 2642
f 169 2640 2626
f 665 2650 2640
f 662 2626 2650
f 2640 2650 2626
f 170 2649 2635
f 668 2651 2649
f 665 2635 2651
f 2649 2651 2635
f 171 2631 2644
f 662 2652 2631
f 668 2644 2652
f 2631 2652 2644
f 665 2651 2650
f 668 2652 2651
f 662 2650 2652
f 2651 2652 2650
f 43 2613 2572
f 660 2653 2613
f 646 2572 2653
f 2613 2653 2572
f 167 2654 2617
f 670 2655 2654
f 660 2617 2655
f 2654 2655 2617
f 164 2577 2657
f 646 2656 2577
f 670 2657 2656
f 2577 2656 2657
f 660 2655 2653
f 670 2656 2655
f 646 2653 2656
f 2655 2656 2653
f 44 2643 2602
f 669 2658 2643
f 655 2602 2658
f 2643 2658 2602
f 170 2659 2647
f 671 2660 2659
f 669 2647 2660
f 2659 2660 2647
f 167 2607 2662
f 655 2661 2607
f 671 2662 2661
f 2607 2661 2662
f 669 2660 2658
f 671 2661 2660
f 655 2658 2661
f 2660 2661 2658
f 45 2583 2632
f 651 2663 2583
f 664 2632 2663
f 2583 2663 2632
f 164 2664 2587
f 672 2665 2664
f 651 2587 2665
f 2664 2665 2587
f 170 2637 2667
f 664 2666 2637
f 672 2667 2666
f 2637 2666 2667
f 651 2665 2663
f 672 2666 2665
f 664 2663 2666
f 2665 2666 2663
f 167 2662 2654
f 671 2668 2662
f 670 2654 2668
f 2662 2668 2654
f 170 2667 2659
f 672 2669 2667
f 671 2659 2669
f 2667 2669 2659
f 164 2657 2664
f 670 2670 2657
f 672 2664 2670
f 2657 2670 2664
f 671 2669 2668
f 672 2670 2669
f 670 2668 2670
f 2669 2670 2668
f 12 2671 2673
f 673 2672 2671
f 675 2673 2672
f 2671 2672 2673
f 172 2674 2676
f 674 2675 2674
f 673 2676 2675
f 2674 2675 2676
f 174 2677 2679
f 675 2678 2677
f 674 2679 2678
f 2677 2678 2679
f 673 2675 2672
f 674 2678 2675
f 675 2672 2678
f 2675 2678 2672
f 46 2680 2682
f 676 2681 2680
f 678 2682 2681
f 2680 2681 2682
f 173 2683 2685
f 677 2684 2683
f 676 2685 2684
f 2683 2684 2685
f 172 2686 2688
f 678 2687 2686
f 677 2688 2687
f 2686 2687 2688
f 676 2684 2681
f 677 2687 2684
f 678 2681 2687
f 2684 2687 2681
f 48 2689 2691
f 679 2690 2689
f 681 2691 2690
f 2689 2690 2691
f 174 2692 2694
f 680 2693 2692
f 679 2694 2693
f 2692 2693 2694
f 173 2695 2697
f 681 2696 2695
f 680 2697 2696
f 2695 2696 2697
f 679 2693 2690
f 680 2696 2693
f 681 2690 2696
f 2693 2696 2690
f 172 2688 2674
f 677 2698 2688
f 674 2674 2698
f 2688 2698 2674
f 173 2697 2683
f 680 2699 2697
f 677 2683 2699
f 2697 2699 2683
f 174 2679 2692
f 674 2700 2679
f 680 2692 2700
f 2679 2700 2692
f 677 2699 2698
f 680 2700 2699
f 674 2698 2700
f 2699 2700 2698
f 14 2701 2703
f 682 2702 2701
f 684 2703 2702
f 2701 2702 2703
f 175 2704 2706
f 683 2705 2704
f 682 2706 2705
f 2704 2705 2706
f 177 2707 2709
f 684 2708 2707
f 683 2709 2708
f 2707 2708 2709
f 682 2705 2702
f 683 2708 2705
f 684 2702 2708
f 2705 2708 2702
f 47 2710 2712
f 685 2711 2710
f 687 2712 2711
f 2710 2711 2712
f 176 2713 2715
f 686 2714 2713
f 685 2715 2714
f 2713 2714 2715
f 175 2716 2718
f 687 2717 2716
f 686 2718 2717
f 2716 2717 2718
f 685 2714 2711
f 686 2717 2714
f 687 2711 2717
f 2714 2717 2711
f 46 2719 2721
f 688 2720 2719
f 690 2721 2720
f 2719 2720 2721
f 177 2722 2724
f 689 2723 2722
f 688 2724 2723
f 2722 2723 2724
f 176 2725 2727
f 690 2726 2725
f 689 2727 2726
f 2725 2726 2727
f 688 2723 2720
f 689 2726 2723
f 690 2720 2726
f 2723 2726 2720
f 175 2718 2704
f 686 2728 2718
f 683 2704 2728
f 2718 2728 2704
f 176 2727 2713
f 689 2729 2727
f 686 2713 2729
f 2727 2729 2713
f 177 2709 2722
f 683 2730 2709
f 689 2722 2730
f 2709 2730 2722
f 686 2729 2728
f 689 2730 2729
f 683 2728 2730
f 2729 2730 2728
f 13 2731 2733
f 691 2732 2731
f 693 2733 2732
f 2731 2732 2733
f 178 2734 2736
f 692 2735 2734
f 691 2736 2735
f 2734 2735 2736
f 180 2737 2739
f 693 2738 2737
f 692 2739 2738
f 2737 2738 2739
f 691 2735 2732
f 692 2738 2735
f 693 2732 2738
f 2735 2738 2732
f 48 2740 2742
f 694 2741 2740
f 696 2742 2741
f 2740 2741 2742
f 179 2743 2745
f 695 2744 2743
f 694 2745 2744
f 2743 2744 2745
f 178 2746 2748
f 696 2747 2746
f 695 2748 2747
f 2746 2747 2748
f 694 2744 2741
f 695 2747 2744
f 696 2741 2747
f 2744 2747 2741
f 47 2749 2751
f 697 2750 2749
f 699 2751 2750
f 2749 2750 2751
f 180 2752 2754
f 698 2753 2752
f 697 2754 2753
f 2752 2753 2754
f 179 2755 2757
f 699 2756 2755
f 698 2757 2756
f 2755 2756 2757
f 697 2753 2750
f 698 2756 2753
f 699 2750 2756
f 2753 2756 2750
f 178 2748 2734
f 695 2758 2748
f 692 2734 2758
f 2748 2758 2734
f 179 2757 2743
f 698 2759 2757
f 695 2743 2759
f 2757 2759 2743
f 180 2739 2752
f 692 2760 2739
f 698 2752 2760
f 2739 2760 2752
f 695 2759 2758
f 698 2760 2759
f 692 2758 2760
f 2759 2760 2758
f 46 2721 2680
f 690 2761 2721
f 676 2680 2761
f 2721 2761 2680
f 176 2762 2725
f 700 2763 2762
f 690 2725 2763
f 2762 2763 2725
f 173 2685 2765
f 676 2764 2685
f 700 2765 2764
f 2685 2764 2765
f 690 2763 2761
f 700 2764 2763
f 676 2761 2764
f 2763 2764 2761
f 47 2751 2710
f 699 2766 2751
f 685 2710 2766
f 2751 2766 2710
f 179 2767 2755
f 701 2768 2767
f 699 2755 2768
f 2767 2768 2755
f 176 2715 2770
f 685 2769 2715
f 701 2770 2769
f 2715 2769 2770
f 699 2768 2766
f 701 2769 2768
f 685 2766 2769
f 2768 2769 2766
f 48 2691 2740
f 681 2771 2691
f 694 2740 2771
f 2691 2771 2740
f 173 2772 2695
f 702 2773 2772
f 681 2695 2773
f 2772 2773 2695
f 179 2745 2775
f 694 2774 2745
f 702 2775 2774
f 2745 2774 2775
f 681 2773 2771
f 702 2774 2773
f 694 2771 2774
f 2773 2774 2771
f 176 2770 2762
f 701 2776 2770
f 700 2762 2776
f 2770 2776 2762
f 179 2775 2767
f 702 2777 2775
f 701 2767 2777
f 2775 2777 2767
f 173 2765 2772
f 700 2778 2765
f 702 2772 2778
f 2765 2778 2772
f 701 2777 2776
f 702 2778 2777
f 700 2776 2778
f 2777 2778 2776
f 6 2779 2781
f 703 2780 2779
f 705 2781 2780
f 2779 2780 2781
f 181 2782 2784
f 704 2783 2782
f 703 2784 2783
f 2782 2783 2784
f 183 2785 2787
f 705 2786 2785
f 704 2787 2786
f 2785 2786 2787
f 703 2783 2780
f 704 2786 2783
f 705 2780 2786
f 2783 2786 2780
f 49 2788 2790
f 706 2789 2788
f 708 2790 2789
f 2788 2789 2790
f 182 2791 2793
f 707 2792 2791
f 706 2793 2792
f 2791 2792 2793
f 181 2794 2796
f 708 2795 2794
f 707 2796 2795
f 2794 2795 2796
f 706 2792 2789
f 707 2795 2792
f 708 2789 2795
f 2792 2795 2789
f 51 2797 2799
f 709 2798 2797
f 711 2799 2798
f 2797 2798 2799
f 183 2800 2802
f 710 2801 2800
f 709 2802 2801
f 2800 2801 2802
f 182 2803 2805
f 711 2804 2803
f 710 2805 2804
f 2803 2804 2805
f 709 2801 2798
f 710 2804 2801
f 711 2798 2804
f 2801 2804 2798
f 181 2796 2782
f 707 2806 2796
f 704 2782 2806
f 2796 2806 2782
f 182 2805 2791
f 710 2807 2805
f 707 2791 2807
f 2805 2807 2791
f 183 2787 2800
f 704 2808 2787
f 710 2800 2808
f 2787 2808 2800
f 707 2807 2806
f 710 2808 2807
f 704 2806 2808
f 2807 2808 2806
f 15 2809 2811
f 712 2810 2809
f 714 2811 2810
f 2809 2810 2811
f 184 2812 2814
f 713 2813 2812
f 712 2814 2813
f 2812 2813 2814
f 186 2815 2817
f 714 2816 2815
f 713 2817 2816
f 2815 2816 2817
f 712 2813 2810
f 713 2816 2813
f 714 2810 2816
f 2813 2816 2810
f 50 2818 2820
f 715 2819 2818
f 717 2820 2819
f 2818 2819 2820
f 185 2821 2823
f 716 2822 2821
f 715 2823 2822
f 2821 2822 2823
f 184 2824 2826
f 717 2825 2824
f 716 2826 2825
f 2824 2825 2826
f 715 2822 2819
f 716 2825 2822
f 717 2819 2825
f 2822 2825 2819
f 49 2827 2829
f 718 2828 2827
f 720 2829 2828
f 2827 2828 2829
f 186 2830 2832
f 719 2831 2830
f 718 2832 2831
f 2830 2831 2832
f 185 2833 2835
f 720 2834 2833
f 719 2835 2834
f 2833 2834 2835
f 718 2831 2828
f 719 2834 2831
f 720 2828 2834
f 2831 2834 2828
f 184 2826 2812
f 716 2836 2826
f 713 2812 2836
f 2826 2836 2812
f 185 2835 2821
f 719 2837 2835
f 716 2821 2837
f 2835 2837 2821
f 186 2817 2830
f 713 2838 2817
f 719 2830 2838
f 2817 2838 2830
f 716 2837 2836
f 719 2838 2837
f 713 2836 2838
f 2837 2838 2836
f 14 2839 2841
f 721 2840 2839
f 723 2841 2840
f 2839 2840 2841
f 187 2842 2844
f 722 2843 2842
f 721 2844 2843
f 2842 2843 2844
f 189 2845 2847
f 723 2846 2845
f 722 2847 2846
f 2845 2846 2847
f 721 2843 2840
f 722 2846 2843
f 723 2840 2846
f 2843 2846 2840
f 51 2848 2850
f 724 2849 2848
f 726 2850 2849
f 2848 2849 2850
f 188 2851 2853
f 725 2852 2851
f 724 2853 2852
f 2851 2852 2853
f 187 2854 2856
f 726 2855 2854
f 725 2856 2855
f 2854 2855 2856
f 724 2852 2849
f 725 2855 2852
f 726 2849 2855
f 2852 2855 2849
f 50 2857 2859
f 727 2858 2857
f 729 2859 2858
f 2857 2858 2859
f 189 2860 2862
f 728 2861 2860
f 727 2862 2861
f 2860 2861 2862
f 188 2863 2865
f 729 2864 2863
f 728 2865 2864
f 2863 2864 2865
f 727 2861 2858
f 728 2864 2861
f 729 2858 2864
f 2861 2864 2858
f 187 2856 2842
f 725 2866 2856
f 722 2842 2866
f 2856 2866 2842
f 188 2865 2851
f 728 2867 2865
f 725 2851 2867
f 2865 2867 2851
f 189 2847 2860
f 722 2868 2847
f 728 2860 2868
f 2847 2868 2860
f 725 2867 2866
f 728 2868 2867
f 722 2866 2868
f 2867 2868 2866
f 49 2829 2788
f 720 2869 2829
f 706 2788 2869
f 2829 2869 2788
f 185 2870 2833
f 730 2871 2870
f 720 2833 2871
f 2870 2871 2833
f 182 2793 2873
f 706 2872 2793
f 730 2873 2872
f 2793 2872 2873
f 720 2871 2869
f 730 2872 2871
f 706 2869 2872
f 2871 2872 2869
f 50 2859 2818
f 729 2874 2859
f 715 2818 2874
f 2859 2874 2818
f 188 2875 2863
f 731 2876 2875
f 729 2863 2876
f 2875 2876 2863
f 185 2823 2878
f 715 2877 2823
f 731 2878 2877
f 2823 2877 2878
f 729 2876 2874
f 731 2877 2876
f 715 2874 2877
f 2876 2877 2874
f 51 2799 2848
f 711 2879 2799
f 724 2848 2879
f 2799 2879 2848
f 182 2880 2803
f 732 2881 2880
f 711 2803 2881
f 2880 2881 2803
f 188 2853 2883
f 724 2882 2853
f 732 2883 2882
f 2853 2882 2883
f 711 2881 2879
f 732 2882 2881
f 724 2879 2882
f 2881 2882 2879
f 185 2878 2870
f 731 2884 2878
f 730 2870 2884
f 2878 2884 2870
f 188 2883 2875
f 732 2885 2883
f 731 2875 2885
f 2883 2885 2875
f 182 2873 2880
f 730 2886 2873
f 732 2880 2886
f 2873 2886 2880
f 731 2885 2884
f 732 2886 2885
f 730 2884 2886
f 2885 2886 2884
f 13 2733 2593
f 693 2887 2733
f 652 2593 2887
f 2733 2887 2593
f 180 2888 2737
f 733 2889 2888
f 693 2737 2889
f 2888 2889 2737
f 166 2598 2891
f 652 2890 2598
f 733 2891 2890
f 2598 2890 2891
f 693 2889 2887
f 733 2890 2889
f 652 2887 2890
f 2889 2890 2887
f 47 2892 2749
f 734 2893 2892
f 697 2749 2893
f 2892 2893 2749
f 190 2894 2896
f 735 2895 2894
f 734 2896 2895
f 2894 2895 2896
f 180 2754 2898
f 697 2897 2754
f 735 2898 2897
f 2754 2897 2898
f 734 2895 2893
f 735 2897 2895
f 697 2893 2897
f 2895 2897 2893
f 44 2604 2900
f 657 2899 2604
f 737 2900 2899
f 2604 2899 2900
f 166 2901 2608
f 736 2902 2901
f 657 2608 2902
f 2901 2902 2608
f 190 2903 2905
f 737 2904 2903
f 736 2905 2904
f 2903 2904 2905
f 657 2902 2899
f 736 2904 2902
f 737 2899 2904
f 2902 2904 2899
f 180 2898 2888
f 735 2906 2898
f 733 2888 2906
f 2898 2906 2888
f 190 2905 2894
f 736 2907 2905
f 735 2894 2907
f 2905 2907 2894
f 166 2891 2901
f 733 2908 2891
f 736 2901 2908
f 2891 2908 2901
f 735 2907 2906
f 736 2908 2907
f 733 2906 2908
f 2907 2908 2906
f 14 2841 2701
f 723 2909 2841
f 682 2701 2909
f 2841 2909 2701
f 189 2910 2845
f 738 2911 2910
f 723 2845 2911
f 2910 2911 2845
f 175 2706 2913
f 682 2912 2706
f 738 2913 2912
f 2706 2912 2913
f 723 2911 2909
f 738 2912 2911
f 682 2909 2912
f 2911 2912 2909
f 50 2914 2857
f 739 2915 2914
f 727 2857 2915
f 2914 2915 2857
f 191 2916 2918
f 740 2917 2916
f 739 2918 2917
f 2916 2917 2918
f 189 2862 2920
f 727 2919 2862
f 740 2920 2919
f 2862 2919 2920
f 739 2917 2915
f 740 2919 2917
f 727 2915 2919
f 2917 2919 2915
f 47 2712 2922
f 687 2921 2712
f 742 2922 2921
f 2712 2921 2922
f 175 2923 2716
f 741 2924 2923
f 687 2716 2924
f 2923 2924 2716
f 191 2925 2927
f 742 2926 2925
f 741 2927 2926
f 2925 2926 2927
f 687 2924 2921
f 741 2926 2924
f 742 2921 2926
f 2924 2926 2921
f 189 2920 2910
f 740 2928 2920
f 738 2910 2928
f 2920 2928 2910
f 191 2927 2916
f 741 2929 2927
f 740 2916 2929
f 2927 2929 2916
f 175 2913 2923
f 738 2930 2913
f 741 2923 2930
f 2913 2930 2923
f 740 2929 2928
f 741 2930 2929
f 738 2928 2930
f 2929 2930 2928
f 15 2625 2809
f 663 2931 2625
f 712 2809 2931
f 2625 2931 2809
f 171 2932 2629
f 743 2933 2932
f 663 2629 2933
f 2932 2933 2629
f 184 2814 2935
f 712 2934 2814
f 743 2935 2934
f 2814 2934 2935
f 663 2933 2931
f 743 2934 2933
f 712 2931 2934
f 2933 2934 2931
f 44 2936 2641
f 744 2937 2936
f 667 2641 2937
f 2936 2937 2641
f 192 2938 2940
f 745 2939 2938
f 744 2940 2939
f 2938 2939 2940
f 171 2646 2942
f 667 2941 2646
f 745 2942 2941
f 2646 2941 2942
f 744 2939 2937
f 745 2941 2939
f 667 2937 2941
f 2939 2941 2937
f 50 2820 2944
f 717 2943 2820
f 747 2944 2943
f 2820 2943 2944
f 184 2945 2824
f 746 2946 2945
f 717 2824 2946
f 2945 2946 2824
f 192 2947 2949
f 747 2948 2947
f 746 2949 2948
f 2947 2948 2949
f 717 2946 2943
f 746 2948 2946
f 747 2943 2948
f 2946 2948 2943
f 171 2942 2932
f 745 2950 2942
f 743 2932 2950
f 2942 2950 2932
f 192 2949 2938
f 746 2951 2949
f 745 2938 2951
f 2949 2951 2938
f 184 2935 2945
f 743 2952 2935
f 746 2945 2952
f 2935 2952 2945
f 745 2951 2950
f 746 2952 2951
f 743 2950 2952
f 2951 2952 2950
f 47 2922 2892
f 742 2953 2922
f 734 2892 2953
f 2922 2953 2892
f 191 2954 2925
f 748 2955 2954
f 742 2925 2955
f 2954 2955 2925
f 190 2896 2957
f 734 2956 2896
f 748 2957 2956
f 2896 2956 2957
f 742 2955 2953
f 748 2956 2955
f 734 2953 2956
f 2955 2956 2953
f 50 2944 2914
f 747 2958 2944
f 739 2914 2958
f 2944 2958 2914
f 192 2959 2947
f 749 2960 2959
f 747 2947 2960
f 2959 2960 2947
f 191 2918 2962
f 739 2961 2918
f 749 2962 2961
f 2918 2961 2962
f 747 2960 2958
f 749 2961 2960
f 739 2958 2961
f 2960 2961 2958
f 44 2900 2936
f 737 2963 2900
f 744 2936 2963
f 2900 2963 2936
f 190 2964 2903
f 750 2965 2964
f 737 2903 2965
f 2964 2965 2903
f 192 2940 2967
f 744 2966 2940
f 750 2967 2966
f 2940 2966 2967
f 737 2965 2963
f 750 2966 2965
f 744 2963 2966
f 2965 2966 2963
f 191 2962 2954
f 749 2968 2962
f 748 2954 2968
f 2962 2968 2954
f 192 2967 2959
f 750 2969 2967
f 749 2959 2969
f 2967 2969 2959
f 190 2957 2964
f 748 2970 2957
f 750 2964 2970
f 2957 2970 2964
f 749 2969 2968
f 750 2970 2969
f 748 2968 2970
f 2969 2970 2968
f 1 2565 2972
f 645 2971 2565
f 752 2972 2971
f 2565 2971 2972
f 165 2973 2569
f 751 2974 2973
f 645 2569 2974
f 2973 2974 2569
f 194 2975 2977
f 752 2976 2975
f 751 2977 2976
f 2975 2976 2977
f 645 2974 2971
f 751 2976 2974
f 752 2971 2976
f 2974 2976 2971
f 45 2978 2581
f 753 2979 2978
f 649 2581 2979
f 2978 2979 2581
f 193 2980 2982
f 754 2981 2980
f 753 2982 2981
f 2980 2981 2982
f 165 2586 2984
f 649 2983 2586
f 754 2984 2983
f 2586 2983 2984
f 753 2981 2979
f 754 2983 2981
f 649 2979 2983
f 2981 2983 2979
f 53 2985 2987
f 755 2986 2985
f 757 2987 2986
f 2985 2986 2987
f 194 2988 2990
f 756 2989 2988
f 755 2990 2989
f 2988 2989 2990
f 193 2991 2993
f 757 2992 2991
f 756 2993 2992
f 2991 2992 2993
f 755 2989 2986
f 756 2992 2989
f 757 2986 2992
f 2989 2992 2986
f 165 2984 2973
f 754 2994 2984
f 751 2973 2994
f 2984 2994 2973
f 193 2993 2980
f 756 2995 2993
f 754 2980 2995
f 2993 2995 2980
f 194 2977 2988
f 751 2996 2977
f 756 2988 2996
f 2977 2996 2988
f 754 2995 2994
f 756 2996 2995
f 751 2994 2996
f 2995 2996 2994
f 15 2997 2623
f 758 2998 2997
f 661 2623 2998
f 2997 2998 2623
f 195 2999 3001
f 759 3000 2999
f 758 3001 3000
f 2999 3000 3001
f 169 2628 3003
f 661 3002 2628
f 759 3003 3002
f 2628 3002 3003
f 758 3000 2998
f 759 3002 3000
f 661 2998 3002
f 3000 3002 2998
f 52 3004 3006
f 760 3005 3004
f 762 3006 3005
f 3004 3005 3006
f 196 3007 3009
f 761 3008 3007
f 760 3009 3008
f 3007 3008 3009
f 195 3010 3012
f 762 3011 3010
f 761 3012 3011
f 3010 3011 3012
f 760 3008 3005
f 761 3011 3008
f 762 3005 3011
f 3008 3011 3005
f 45 2634 3014
f 666 3013 2634
f 764 3014 3013
f 2634 3013 3014
f 169 3015 2638
f 763 3016 3015
f 666 2638 3016
f 3015 3016 2638
f 196 3017 3019
f 764 3018 3017
f 763 3019 3018
f 3017 3018 3019
f 666 3016 3013
f 763 3018 3016
f 764 3013 3018
f 3016 3018 3013
f 195 3012 2999
f 761 3020 3012
f 759 2999 3020
f 3012 3020 2999
f 196 3019 3007
f 763 3021 3019
f 761 3007 3021
f 3019 3021 3007
f 169 3003 3015
f 759 3022 3003
f 763 3015 3022
f 3003 3022 3015
f 761 3021 3020
f 763 3022 3021
f 759 3020 3022
f 3021 3022 3020
f 17 3023 3025
f 765 3024 3023
f 767 3025 3024
f 3023 3024 3025
f 197 3026 3028
f 766 3027 3026
f 765 3028 3027
f 3026 3027 3028
f 199 3029 3031
f 767 3030 3029
f 766 3031 3030
f 3029 3030 3031
f 765 3027 3024
f 766 3030 3027
f 767 3024 3030
f 3027 3030 3024
f 53 3032 3034
f 768 3033 3032
f 770 3034 3033
f 3032 3033 3034
f 198 3035 3037
f 769 3036 3035
f 768 3037 3036
f 3035 3036 3037
f 197 3038 3040
f 770 3039 3038
f 769 3040 3039
f 3038 3039 3040
f 768 3036 3033
f 769 3039 3036
f 770 3033 3039
f 3036 3039 3033
f 52 3041 3043
f 771 3042 3041
f 773 3043 3042
f 3041 3042 3043
f 199 3044 3046
f 772 3045 3044
f 771 3046 3045
f 3044 3045 3046
f 198 3047 3049
f 773 3048 3047
f 772 3049 3048
f 3047 3048 3049
f 771 3045 3042
f 772 3048 3045
f 773 3042 3048
f 3045 3048 3042
f 197 3040 3026
f 769 3050 3040
f 766 3026 3050
f 3040 3050 3026
f 198 3049 3035
f 772 3051 3049
f 769 3035 3051
f 3049 3051 3035
f 199 3031 3044
f 766 3052 3031
f 772 3044 3052
f 3031 3052 3044
f 769 3051 3050
f 772 3052 3051
f 766 3050 3052
f 3051 3052 3050
f 45 3014 2978
f 764 3053 3014
f 753 2978 3053
f 3014 3053 2978
f 196 3054 3017
f 774 3055 3054
f 764 3017 3055
f 3054 3055 3017
f 193 2982 3057
f 753 3056 2982
f 774 3057 3056
f 2982 3056 3057
f 764 3055 3053
f 774 3056 3055
f 753 3053 3056
f 3055 3056 3053
f 52 3043 3004
f 773 3058 3043
f 760 3004 3058
f 3043 3058 3004
f 198 3059 3047
f 775 3060 3059
f 773 3047 3060
f 3059 3060 3047
f 196 3009 3062
f 760 3061 3009
f 775 3062 3061
f 3009 3061 3062
f 773 3060 3058
f 775 3061 3060
f 760 3058 3061
f 3060 3061 3058
f 53 2987 3032
f 757 3063 2987
f 768 3032 3063
f 2987 3063 3032
f 193 3064 2991
f 776 3065 3064
f 757 2991 3065
f 3064 3065 2991
f 198 3037 3067
f 768 3066 3037
f 776 3067 3066
f 3037 3066 3067
f 757 3065 3063
f 776 3066 3065
f 768 3063 3066
f 3065 3066 3063
f 196 3062 3054
f 775 3068 3062
f 774 3054 3068
f 3062 3068 3054
f 198 3067 3059
f 776 3069 3067
f 775 3059 3069
f 3067 3069 3059
f 193 3057 3064
f 774 3070 3057
f 776 3064 3070
f 3057 3070 3064
f 775 3069 3068
f 776 3070 3069
f 774 3068 3070
f 3069 3070 3068
f 6 3071 2779
f 777 3072 3071
f 703 2779 3072
f 3071 3072 2779
f 200 3073 3075
f 778 3074 3073
f 777 3075 3074
f 3073 3074 3075
f 181 2784 3077
f 703 3076 2784
f 778 3077 3076
f 2784 3076 3077
f 777 3074 3072
f 778 3076 3074
f 703 3072 3076
f 3074 3076 3072
f 54 3078 3080
f 779 3079 3078
f 781 3080 3079
f 3078 3079 3080
f 201 3081 3083
f 780 3082 3081
f 779 3083 3082
f 3081 3082 3083
f 200 3084 3086
f 781 3085 3084
f 780 3086 3085
f 3084 3085 3086
f 779 3082 3079
f 780 3085 3082
f 781 3079 3085
f 3082 3085 3079
f 49 2790 3088
f 708 3087 2790
f 783 3088 3087
f 2790 3087 3088
f 181 3089 2794
f 782 3090 3089
f 708 2794 3090
f 3089 3090 2794
f 201 3091 3093
f 783 3092 3091
f 782 3093 3092
f 3091 3092 3093
f 708 3090 3087
f 782 3092 3090
f 783 3087 3092
f 3090 3092 3087
f 200 3086 3073
f 780 3094 3086
f 778 3073 3094
f 3086 3094 3073
f 201 3093 3081
f 782 3095 3093
f 780 3081 3095
f 3093 3095 3081
f 181 3077 3089
f 778 3096 3077
f 782 3089 3096
f 3077 3096 3089
f 780 3095 3094
f 782 3096 3095
f 778 3094 3096
f 3095 3096 3094
f 16 3097 3099
f 784 3098 3097
f 786 3099 3098
f 3097 3098 3099
f 202 3100 3102
f 785 3101 3100
f 784 3102 3101
f 3100 3101 3102
f 204 3103 3105
f 786 3104 3103
f 785 3105 3104
f 3103 3104 3105
f 784 3101 3098
f 785 3104 3101
f 786 3098 3104
f 3101 3104 3098
f 55 3106 3108
f 787 3107 3106
f 789 3108 3107
f 3106 3107 3108
f 203 3109 3111
f 788 3110 3109
f 787 3111 3110
f 3109 3110 3111
f 202 3112 3114
f 789 3113 3112
f 788 3114 3113
f 3112 3113 3114
f 787 3110 3107
f 788 3113 3110
f 789 3107 3113
f 3110 3113 3107
f 54 3115 3117
f 790 3116 3115
f 792 3117 3116
f 3115 3116 3117
f 204 3118 3120
f 791 3119 3118
f 790 3120 3119
f 3118 3119 3120
f 203 3121 3123
f 792 3122 3121
f 791 3123 3122
f 3121 3122 3123
f 790 3119 3116
f 791 3122 3119
f 792 3116 3122
f 3119 3122 3116
f 202 3114 3100
f 788 3124 3114
f 785 3100 3124
f 3114 3124 3100
f 203 3123 3109
f 791 3125 3123
f 788 3109 3125
f 3123 3125 3109
f 204 3105 3118
f 785 3126 3105
f 791 3118 3126
f 3105 3126 3118
f 788 3125 3124
f 791 3126 3125
f 785 3124 3126
f 3125 3126 3124
f 15 2811 3128
f 714 3127 2811
f 794 3128 3127
f 2811 3127 3128
f 186 3129 2815
f 793 3130 3129
f 714 2815 3130
f 3129 3130 2815
f 206 3131 3133
f 794 3132 3131
f 793 3133 3132
f 3131 3132 3133
f 714 3130 3127
f 793 3132 3130
f 794 3127 3132
f 3130 3132 3127
f 49 3134 2827
f 795 3135 3134
f 718 2827 3135
f 3134 3135 2827
f 205 3136 3138
f 796 3137 3136
f 795 3138 3137
f 3136 3137 3138
f 186 2832 3140
f 718 3139 2832
f 796 3140 3139
f 2832 3139 3140
f 795 3137 3135
f 796 3139 3137
f 718 3135 3139
f 3137 3139 3135
f 55 3141 3143
f 797 3142 3141
f 799 3143 3142
f 3141 3142 3143
f 206 3144 3146
f 798 3145 3144
f 797 3146 3145
f 3144 3145 3146
f 205 3147 3149
f 799 3148 3147
f 798 3149 3148
f 3147 3148 3149
f 797 3145 3142
f 798 3148 3145
f 799 3142 3148
f 3145 3148 3142
f 186 3140 3129
f 796 3150 3140
f 793 3129 3150
f 3140 3150 3129
f 205 3149 3136
f 798 3151 3149
f 796 3136 3151
f 3149 3151 3136
f 206 3133 3144
f 793 3152 3133
f 798 3144 3152
f 3133 3152 3144
f 796 3151 3150
f 798 3152 3151
f 793 3150 3152
f 3151 3152 3150
f 54 3117 3078
f 792 3153 3117
f 779 3078 3153
f 3117 3153 3078
f 203 3154 3121
f 800 3155 3154
f 792 3121 3155
f 3154 3155 3121
f 201 3083 3157
f 779 3156 3083
f 800 3157 3156
f 3083 3156 3157
f 792 3155 3153
f 800 3156 3155
f 779 3153 3156
f 3155 3156 3153
f 55 3143 3106
f 799 3158 3143
f 787 3106 3158
f 3143 3158 3106
f 205 3159 3147
f 801 3160 3159
f 799 3147 3160
f 3159 3160 3147
f 203 3111 3162
f 787 3161 3111
f 801 3162 3161
f 3111 3161 3162
f 799 3160 3158
f 801 3161 3160
f 787 3158 3161
f 3160 3161 3158
f 49 3088 3134
f 783 3163 3088
f 795 3134 3163
f 3088 3163 3134
f 201 3164 3091
f 802 3165 3164
f 783 3091 3165
f 3164 3165 3091
f 205 3138 3167
f 795 3166 3138
f 802 3167 3166
f 3138 3166 3167
f 783 3165 3163
f 802 3166 3165
f 795 3163 3166
f 3165 3166 3163
f 203 3162 3154
f 801 3168 3162
f 800 3154 3168
f 3162 3168 3154
f 205 3167 3159
f 802 3169 3167
f 801 3159 3169
f 3167 3169 3159
f 201 3157 3164
f 800 3170 3157
f 802 3164 3170
f 3157 3170 3164
f 801 3169 3168
f 802 3170 3169
f 800 3168 3170
f 3169 3170 3168
f 2 3171 3173
f 803 3172 3171
f 805 3173 3172
f 3171 3172 3173
f 207 3174 3176
f 804 3175 3174
f 803 3176 3175
f 3174 3175 3176
f 209 3177 3179
f 805 3178 3177
f 804 3179 3178
f 3177 3178 3179
f 803 3175 3172
f 804 3178 3175
f 805 3172 3178
f 3175 3178 3172
f 56 3180 3182
f 806 3181 3180
f 808 3182 3181
f 3180 3181 3182
f 208 3183 3185
f 807 3184 3183
f 806 3185 3184
f 3183 3184 3185
f 207 3186 3188
f 808 3187 3186
f 807 3188 3187
f 3186 3187 3188
f 806 3184 3181
f 807 3187 3184
f 808 3181 3187
f 3184 3187 3181
f 58 3189 3191
f 809 3190 3189
f 811 3191 3190
f 3189 3190 3191
f 209 3192 3194
f 810 3193 3192
f 809 3194 3193
f 3192 3193 3194
f 208 3195 3197
f 811 3196 3195
f 810 3197 3196
f 3195 3196 3197
f 809 3193 3190
f 810 3196 3193
f 811 3190 3196
f 3193 3196 3190
f 207 3188 3174
f 807 3198 3188
f 804 3174 3198
f 3188 3198 3174
f 208 3197 3183
f 810 3199 3197
f 807 3183 3199
f 3197 3199 3183
f 209 3179 3192
f 804 3200 3179
f 810 3192 3200
f 3179 3200 3192
f 807 3199 3198
f 810 3200 3199
f 804 3198 3200
f 3199 3200 3198
f 17 3201 3203
f 812 3202 3201
f 814 3203 3202
f 3201 3202 3203
f 210 3204 3206
f 813 3205 3204
f 812 3206 3205
f 3204 3205 3206
f 212 3207 3209
f 814 3208 3207
f 813 3209 3208
f 3207 3208 3209
f 812 3205 3202
f 813 3208 3205
f 814 3202 3208
f 3205 3208 3202
f 57 3210 3212
f 815 3211 3210
f 817 3212 3211
f 3210 3211 3212
f 211 3213 3215
f 816 3214 3213
f 815 3215 3214
f 3213 3214 3215
f 210 3216 3218
f 817 3217 3216
f 816 3218 3217
f 3216 3217 3218
f 815 3214 3211
f 816 3217 3214
f 817 3211 3217
f 3214 3217 3211
f 56 3219 3221
f 818 3220 3219
f 820 3221 3220
f 3219 3220 3221
f 212 3222 3224
f 819 3223 3222
f 818 3224 3223
f 3222 3223 3224
f 211 3225 3227
f 820 3226 3225
f 819 3227 3226
f 3225 3226 3227
f 818 3223 3220
f 819 3226 3223
f 820 3220 3226
f 3223 3226 3220
f 210 3218 3204
f 816 3228 3218
f 813 3204 3228
f 3218 3228 3204
f 211 3227 3213
f 819 3229 3227
f 816 3213 3229
f 3227 3229 3213
f 212 3209 3222
f 813 3230 3209
f 819 3222 3230
f 3209 3230 3222
f 816 3229 3228
f 819 3230 3229
f 813 3228 3230
f 3229 3230 3228
f 16 3231 3233
f 821 3232 3231
f 823 3233 3232
f 3231 3232 3233
f 213 3234 3236
f 822 3235 3234
f 821 3236 3235
f 3234 3235 3236
f 215 3237 3239
f 823 3238 3237
f 822 3239 3238
f 3237 3238 3239
f 821 3235 3232
f 822 3238 3235
f 823 3232 3238
f 3235 3238 3232
f 58 3240 3242
f 824 3241 3240
f 826 3242 3241
f 3240 3241 3242
f 214 3243 3245
f 825 3244 3243
f 824 3245 3244
f 3243 3244 3245
f 213 3246 3248
f 826 3247 3246
f 825 3248 3247
f 3246 3247 3248
f 824 3244 3241
f 825 3247 3244
f 826 3241 3247
f 3244 3247 3241
f 57 3249 3251
f 827 3250 3249
f 829 3251 3250
f 3249 3250 3251
f 215 3252 3254
f 828 3253 3252
f 827 3254 3253
f 3252 3253 3254
f 214 3255 3257
f 829 3256 3255
f 828 3257 3256
f 3255 3256 3257
f 827 3253 3250
f 828 3256 3253
f 829 3250 3256
f 3253 3256 3250
f 213 3248 3234
f 825 3258 3248
f 822 3234 3258
f 3248 3258 3234
f 214 3257 3243
f 828 3259 3257
f 825 3243 3259
f 3257 3259 3243
f 215 3239 3252
f 822 3260 3239
f 828 3252 3260
f 3239 3260 3252
f 825 3259 3258
f 828 3260 3259
f 822 3258 3260
f 3259 3260 3258
f 56 3221 3180
f 820 3261 3221
f 806 3180 3261
f 3221 3261 3180
f 211 3262 3225
f 830 3263 3262
f 820 3225 3263
f 3262 3263 3225
f 208 3185 3265
f 806 3264 3185
f 830 3265 3264
f 3185 3264 3265
f 820 3263 3261
f 830 3264 3263
f 806 3261 3264
f 3263 3264 3261
f 57 3251 3210
f 829 3266 3251
f 815 3210 3266
f 3251 3266 3210
f 214 3267 3255
f 831 3268 3267
f 829 3255 3268
f 3267 3268 3255
f 211 3215 3270
f 815 3269 3215
f 831 3270 3269
f 3215 3269 3270
f 829 3268 3266
f 831 3269 3268
f 815 3266 3269
f 3268 3269 3266
f 58 3191 3240
f 811 3271 3191
f 824 3240 3271
f 3191 3271 3240
f 208 3272 3195
f 832 3273 3272
f 811 3195 3273
f 3272 3273 3195
f 214 3245 3275
f 824 3274 3245
f 832 3275 3274
f 3245 3274 3275
f 811 3273 3271
f 832 3274 3273
f 824 3271 3274
f 3273 3274 3271
f 211 3270 3262
f 831 3276 3270
f 830 3262 3276
f 3270 3276 3262
f 214 3275 3267
f 832 3277 3275
f 831 3267 3277
f 3275 3277 3267
f 208 3265 3272
f 830 3278 3265
f 832 3272 3278
f 3265 3278 3272
f 831 3277 3276
f 832 3278 3277
f 830 3276 3278
f 3277 3278 3276
f 15 3128 2997
f 794 3279 3128
f 758 2997 3279
f 3128 3279 2997
f 206 3280 3131
f 833 3281 3280
f 794 3131 3281
f 3280 3281 3131
f 195 3001 3283
f 758 3282 3001
f 833 3283 3282
f 3001 3282 3283
f 794 3281 3279
f 833 3282 3281
f 758 3279 3282
f 3281 3282 3279
f 55 3284 3141
f 834 3285 3284
f 797 3141 3285
f 3284 3285 3141
f 216 3286 3288
f 835 3287 3286
f 834 3288 3287
f 3286 3287 3288
f 206 3146 3290
f 797 3289 3146
f 835 3290 3289
f 3146 3289 3290
f 834 3287 3285
f 835 3289 3287
f 797 3285 3289
f 3287 3289 3285
f 52 3006 3292
f 762 3291 3006
f 837 3292 3291
f 3006 3291 3292
f 195 3293 3010
f 836 3294 3293
f 762 3010 3294
f 3293 3294 3010
f 216 3295 3297
f 837 3296 3295
f 836 3297 3296
f 3295 3296 3297
f 762 3294 3291
f 836 3296 3294
f 837 3291 3296
f 3294 3296 3291
f 206 3290 3280
f 835 3298 3290
f 833 3280 3298
f 3290 3298 3280
f 216 3297 3286
f 836 3299 3297
f 835 3286 3299
f 3297 3299 3286
f 195 3283 3293
f 833 3300 3283
f 836 3293 3300
f 3283 3300 3293
f 835 3299 3298
f 836 3300 3299
f 833 3298 3300
f 3299 3300 3298
f 16 3233 3097
f 823 3301 3233
f 784 3097 3301
f 3233 3301 3097
f 215 3302 3237
f 838 3303 3302
f 823 3237 3303
f 3302 3303 3237
f 202 3102 3305
f 784 3304 3102
f 838 3305 3304
f 3102 3304 3305
f 823 3303 3301
f 838 3304 3303
f 784 3301 3304
f 3303 3304 3301
f 57 3306 3249
f 839 3307 3306
f 827 3249 3307
f 3306 3307 3249
f 217 3308 3310
f 840 3309 3308
f 839 3310 3309
f 3308 3309 3310
f 215 3254 3312
f 827 3311 3254
f 840 3312 3311
f 3254 3311 3312
f 839 3309 3307
f 840 3311 3309
f 827 3307 3311
f 3309 3311 3307
f 55 3108 3314
f 789 3313 3108
f 842 3314 3313
f 3108 3313 3314
f 202 3315 3112
f 841 3316 3315
f 789 3112 3316
f 3315 3316 3112
f 217 3317 3319
f 842 3318 3317
f 841 3319 3318
f 3317 3318 3319
f 789 3316 3313
f 841 3318 3316
f 842 3313 3318
f 3316 3318 3313
f 215 3312 3302
f 840 3320 3312
f 838 3302 3320
f 3312 3320 3302
f 217 3319 3308
f 841 3321 3319
f 840 3308 3321
f 3319 3321 3308
f 202 3305 3315
f 838 3322 3305
f 841 3315 3322
f 3305 3322 3315
f 840 3321 3320
f 841 3322 3321
f 838 3320 3322
f 3321 3322 3320
f 17 3025 3201
f 767 3323 3025
f 812 3201 3323
f 3025 3323 3201
f 199 3324 3029
f 843 3325 3324
f 767 3029 3325
f 3324 3325 3029
f 210 3206 3327
f 812 3326 3206
f 843 3327 3326
f 3206 3326 3327
f 767 3325 3323
f 843 3326 3325
f 812 3323 3326
f 3325 3326 3323
f 52 3328 3041
f 844 3329 3328
f 771 3041 3329
f 3328 3329 3041
f 218 3330 3332
f 845 3331 3330
f 844 3332 3331
f 3330 3331 3332
f 199 3046 3334
f 771 3333 3046
f 845 3334 3333
f 3046 3333 3334
f 844 3331 3329
f 845 3333 3331
f 771 3329 3333
f 3331 3333 3329
f 57 3212 3336
f 817 3335 3212
f 847 3336 3335
f 3212 3335 3336
f 210 3337 3216
f 846 3338 3337
f 817 3216 3338
f 3337 3338 3216
f 218 3339 3341
f 847 3340 3339
f 846 3341 3340
f 3339 3340 3341
f 817 3338 3335
f 846 3340 3338
f 847 3335 3340
f 3338 3340 3335
f 199 3334 3324
f 845 3342 3334
f 843 3324 3342
f 3334 3342 3324
f 218 3341 3330
f 846 3343 3341
f 845 3330 3343
f 3341 3343 3330
f 210 3327 3337
f 843 3344 3327
f 846 3337 3344
f 3327 3344 3337
f 845 3343 3342
f 846 3344 3343
f 843 3342 3344
f 3343 3344 3342
f 55 3314 3284
f 842 3345 3314
f 834 3284 3345
f 3314 3345 3284
f 217 3346 3317
f 848 3347 3346
f 842 3317 3347
f 3346 3347 3317
f 216 3288 3349
f 834 3348 3288
f 848 3349 3348
f 3288 3348 3349
f 842 3347 3345
f 848 3348 3347
f 834 3345 3348
f 3347 3348 3345
f 57 3336 3306
f 847 3350 3336
f 839 3306 3350
f 3336 3350 3306
f 218 3351 3339
f 849 3352 3351
f 847 3339 3352
f 3351 3352 3339
f 217 3310 3354
f 839 3353 3310
f 849 3354 3353
f 3310 3353 3354
f 847 3352 3350
f 849 3353 3352
f 839 3350 3353
f 3352 3353 3350
f 52 3292 3328
f 837 3355 3292
f 844 3328 3355
f 3292 3355 3328
f 216 3356 3295
f 850 3357 3356
f 837 3295 3357
f 3356 3357 3295
f 218 3332 3359
f 844 3358 3332
f 850 3359 3358
f 3332 3358 3359
f 837 3357 3355
f 850 3358 3357
f 844 3355 3358
f 3357 3358 3355
f 217 3354 3346
f 849 3360 3354
f 848 3346 3360
f 3354 3360 3346
f 218 3359 3351
f 850 3361 3359
f 849 3351 3361
f 3359 3361 3351
f 216 3349 3356
f 848 3362 3349
f 850 3356 3362
f 3349 3362 3356
f 849 3361 3360
f 850 3362 3361
f 848 3360 3362
f 3361 3362 3360
f 1 2972 3364
f 752 3363 2972
f 852 3364 3363
f 2972 3363 3364
f 194 3365 2975
f 851 3366 3365
f 752 2975 3366
f 3365 3366 2975
f 220 3367 3369
f 852 3368 3367
f 851 3369 3368
f 3367 3368 3369
f 752 3366 3363
f 851 3368 3366
f 852 3363 3368
f 3366 3368 3363
f 53 3370 2985
f 853 3371 3370
f 755 2985 3371
f 3370 3371 2985
f 219 3372 3374
f 854 3373 3372
f 853 3374 3373
f 3372 3373 3374
f 194 2990 3376
f 755 3375 2990
f 854 3376 3375
f 2990 3375 3376
f 853 3373 3371
f 854 3375 3373
f 755 3371 3375
f 3373 3375 3371
f 60 3377 3379
f 855 3378 3377
f 857 3379 3378
f 3377 3378 3379
f 220 3380 3382
f 856 3381 3380
f 855 3382 3381
f 3380 3381 3382
f 219 3383 3385
f 857 3384 3383
f 856 3385 3384
f 3383 3384 3385
f 855 3381 3378
f 856 3384 3381
f 857 3378 3384
f 3381 3384 3378
f 194 3376 3365
f 854 3386 3376
f 851 3365 3386
f 3376 3386 3365
f 219 3385 3372
f 856 3387 3385
f 854 3372 3387
f 3385 3387 3372
f 220 3369 3380
f 851 3388 3369
f 856 3380 3388
f 3369 3388 3380
f 854 3387 3386
f 856 3388 3387
f 851 3386 3388
f 3387 3388 3386
f 17 3389 3023
f 858 3390 3389
f 765 3023 3390
f 3389 3390 3023
f 221 3391 3393
f 859 3392 3391
f 858 3393 3392
f 3391 3392 3393
f 197 3028 3395
f 765 3394 3028
f 859 3395 3394
f 3028 3394 3395
f 858 3392 3390
f 859 3394 3392
f 765 3390 3394
f 3392 3394 3390
f 59 3396 3398
f 860 3397 3396
f 862 3398 3397
f 3396 3397 3398
f 222 3399 3401
f 861 3400 3399
f 860 3401 3400
f 3399 3400 3401
f 221 3402 3404
f 862 3403 3402
f 861 3404 3403
f 3402 3403 3404
f 860 3400 3397
f 861 3403 3400
f 862 3397 3403
f 3400 3403 3397
f 53 3034 3406
f 770 3405 3034
f 864 3406 3405
f 3034 3405 3406
f 197 3407 3038
f 863 3408 3407
f 770 3038 3408
f 3407 3408 3038
f 222 3409 3411
f 864 3410 3409
f 863 3411 3410
f 3409 3410 3411
f 770 3408 3405
f 863 3410 3408
f 864 3405 3410
f 3408 3410 3405
f 221 3404 3391
f 861 3412 3404
f 859 3391 3412
f 3404 3412 3391
f 222 3411 3399
f 863 3413 3411
f 861 3399 3413
f 3411 3413 3399
f 197 3395 3407
f 859 3414 3395
f 863 3407 3414
f 3395 3414 3407
f 861 3413 3412
f 863 3414 3413
f 859 3412 3414
f 3413 3414 3412
f 19 3415 3417
f 865 3416 3415
f 867 3417 3416
f 3415 3416 3417
f 223 3418 3420
f 866 3419 3418
f 865 3420 3419
f 3418 3419 3420
f 225 3421 3423
f 867 3422 3421
f 866 3423 3422
f 3421 3422 3423
f 865 3419 3416
f 866 3422 3419
f 867 3416 3422
f 3419 3422 3416
f 60 3424 3426
f 868 3425 3424
f 870 3426 3425
f 3424 3425 3426
f 224 3427 3429
f 869 3428 3427
f 868 3429 3428
f 3427 3428 3429
f 223 3430 3432
f 870 3431 3430
f 869 3432 3431
f 3430 3431 3432
f 868 3428 3425
f 869 3431 3428
f 870 3425 3431
f 3428 3431 3425
f 59 3433 3435
f 871 3434 3433
f 873 3435 3434
f 3433 3434 3435
f 225 3436 3438
f 872 3437 3436
f 871 3438 3437
f 3436 3437 3438
f 224 3439 3441
f 873 3440 3439
f 872 3441 3440
f 3439 3440 3441
f 871 3437 3434
f 872 3440 3437
f 873 3434 3440
f 3437 3440 3434
f 223 3432 3418
f 869 3442 3432
f 866 3418 3442
f 3432 3442 3418
f 224 3441 3427
f 872 3443 3441
f 869 3427 3443
f 3441 3443 3427
f 225 3423 3436
f 866 3444 3423
f 872 3436 3444
f 3423 3444 3436
f 869 3443 3442
f 872 3444 3443
f 866 3442 3444
f 3443 3444 3442
f 53 3406 3370
f 864 3445 3406
f 853 3370 3445
f 3406 3445 3370
f 222 3446 3409
f 874 3447 3446
f 864 3409 3447
f 3446 3447 3409
f 219 3374 3449
f 853 3448 3374
f 874 3449 3448
f 3374 3448 3449
f 864 3447 3445
f 874 3448 3447
f 853 3445 3448
f 3447 3448 3445
f 59 3435 3396
f 873 3450 3435
f 860 3396 3450
f 3435 3450 3396
f 224 3451 3439
f 875 3452 3451
f 873 3439 3452
f 3451 3452 3439
f 222 3401 3454
f 860 3453 3401
f 875 3454 3453
f 3401 3453 3454
f 873 3452 3450
f 875 3453 3452
f 860 3450 3453
f 3452 3453 3450
f 60 3379 3424
f 857 3455 3379
f 868 3424 3455
f 3379 3455 3424
f 219 3456 3383
f 876 3457 3456
f 857 3383 3457
f 3456 3457 3383
f 224 3429 3459
f 868 3458 3429
f 876 3459 3458
f 3429 3458 3459
f 857 3457 3455
f 876 3458 3457
f 868 3455 3458
f 3457 3458 3455
f 222 3454 3446
f 875 3460 3454
f 874 3446 3460
f 3454 3460 3446
f 224 3459 3451
f 876 3461 3459
f 875 3451 3461
f 3459 3461 3451
f 219 3449 3456
f 874 3462 3449
f 876 3456 3462
f 3449 3462 3456
f 875 3461 3460
f 876 3462 3461
f 874 3460 3462
f 3461 3462 3460
f 2 3463 3171
f 877 3464 3463
f 803 3171 3464
f 3463 3464 3171
f 226 3465 3467
f 878 3466 3465
f 877 3467 3466
f 3465 3466 3467
f 207 3176 3469
f 803 3468 3176
f 878 3469 3468
f 3176 3468 3469
f 877 3466 3464
f 878 3468 3466
f 803 3464 3468
f 3466 3468 3464
f 61 3470 3472
f 879 3471 3470
f 881 3472 3471
f 3470 3471 3472
f 227 3473 3475
f 880 3474 3473
f 879 3475 3474
f 3473 3474 3475
f 226 3476 3478
f 881 3477 3476
f 880 3478 3477
f 3476 3477 3478
f 879 3474 3471
f 880 3477 3474
f 881 3471 3477
f 3474 3477 3471
f 56 3182 3480
f 808 3479 3182
f 883 3480 3479
f 3182 3479 3480
f 207 3481 3186
f 882 3482 3481
f 808 3186 3482
f 3481 3482 3186
f 227 3483 3485
f 883 3484 3483
f 882 3485 3484
f 3483 3484 3485
f 808 3482 3479
f 882 3484 3482
f 883 3479 3484
f 3482 3484 3479
f 226 3478 3465
f 880 3486 3478
f 878 3465 3486
f 3478 3486 3465
f 227 3485 3473
f 882 3487 3485
f 880 3473 3487
f 3485 3487 3473
f 207 3469 3481
f 878 3488 3469
f 882 3481 3488
f 3469 3488 3481
f 880 3487 3486
f 882 3488 3487
f 878 3486 3488
f 3487 3488 3486
f 18 3489 3491
f 884 3490 3489
f 886 3491 3490
f 3489 3490 3491
f 228 3492 3494
f 885 3493 3492
f 884 3494 3493
f 3492 3493 3494
f 230 3495 3497
f 886 3496 3495
f 885 3497 3496
f 3495 3496 3497
f 884 3493 3490
f 885 3496 3493
f 886 3490 3496
f 3493 3496 3490
f 62 3498 3500
f 887 3499 3498
f 889 3500 3499
f 3498 3499 3500
f 229 3501 3503
f 888 3502 3501
f 887 3503 3502
f 3501 3502 3503
f 228 3504 3506
f 889 3505 3504
f 888 3506 3505
f 3504 3505 3506
f 887 3502 3499
f 888 3505 3502
f 889 3499 3505
f 3502 3505 3499
f 61 3507 3509
f 890 3508 3507
f 892 3509 3508
f 3507 3508 3509
f 230 3510 3512
f 891 3511 3510
f 890 3512 3511
f 3510 3511 3512
f 229 3513 3515
f 892 3514 3513
f 891 3515 3514
f 3513 3514 3515
f 890 3511 3508
f 891 3514 3511
f 892 3508 3514
f 3511 3514 3508
f 228 3506 3492
f 888 3516 3506
f 885 3492 3516
f 3506 3516 3492
f 229 3515 3501
f 891 3517 3515
f 888 3501 3517
f 3515 3517 3501
f 230 3497 3510
f 885 3518 3497
f 891 3510 3518
f 3497 3518 3510
f 888 3517 3516
f 891 3518 3517
f 885 3516 3518
f 3517 3518 3516
f 17 3203 3520
f 814 3519 3203
f 894 3520 3519
f 3203 3519 3520
f 212 3521 3207
f 893 3522 3521
f 814 3207 3522
f 3521 3522 3207
f 232 3523 3525
f 894 3524 3523
f 893 3525 3524
f 3523 3524 3525
f 814 3522 3519
f 893 3524 3522
f 894 3519 3524
f 3522 3524 3519
f 56 3526 3219
f 895 3527 3526
f 818 3219 3527
f 3526 3527 3219
f 231 3528 3530
f 896 3529 3528
f 895 3530 3529
f 3528 3529 3530
f 212 3224 3532
f 818 3531 3224
f 896 3532 3531
f 3224 3531 3532
f 895 3529 3527
f 896 3531 3529
f 818 3527 3531
f 3529 3531 3527
f 62 3533 3535
f 897 3534 3533
f 899 3535 3534
f 3533 3534 3535
f 232 3536 3538
f 898 3537 3536
f 897 3538 3537
f 3536 3537 3538
f 231 3539 3541
f 899 3540 3539
f 898 3541 3540
f 3539 3540 3541
f 897 3537 3534
f 898 3540 3537
f 899 3534 3540
f 3537 3540 3534
f 212 3532 3521
f 896 3542 3532
f 893 3521 3542
f 3532 3542 3521
f 231 3541 3528
f 898 3543 3541
f 896 3528 3543
f 3541 3543 3528
f 232 3525 3536
f 893 3544 3525
f 898 3536 3544
f 3525 3544 3536
f 896 3543 3542
f 898 3544 3543
f 893 3542 3544
f 3543 3544 3542
f 61 3509 3470
f 892 3545 3509
f 879 3470 3545
f 3509 3545 3470
f 229 3546 3513
f 900 3547 3546
f 892 3513 3547
f 3546 3547 3513
f 227 3475 3549
f 879 3548 3475
f 900 3549 3548
f 3475 3548 3549
f 892 3547 3545
f 900 3548 3547
f 879 3545 3548
f 3547 3548 3545
f 62 3535 3498
f 899 3550 3535
f 887 3498 3550
f 3535 3550 3498
f 231 3551 3539
f 901 3552 3551
f 899 3539 3552
f 3551 3552 3539
f 229 3503 3554
f 887 3553 3503
f 901 3554 3553
f 3503 3553 3554
f 899 3552 3550
f 901 3553 3552
f 887 3550 3553
f 3552 3553 3550
f 56 3480 3526
f 883 3555 3480
f 895 3526 3555
f 3480 3555 3526
f 227 3556 3483
f 902 3557 3556
f 883 3483 3557
f 3556 3557 3483
f 231 3530 3559
f 895 3558 3530
f 902 3559 3558
f 3530 3558 3559
f 883 3557 3555
f 902 3558 3557
f 895 3555 3558
f 3557 3558 3555
f 229 3554 3546
f 901 3560 3554
f 900 3546 3560
f 3554 3560 3546
f 231 3559 3551
f 902 3561 3559
f 901 3551 3561
f 3559 3561 3551
f 227 3549 3556
f 900 3562 3549
f 902 3556 3562
f 3549 3562 3556
f 901 3561 3560
f 902 3562 3561
f 900 3560 3562
f 3561 3562 3560
f 8 3563 3565
f 903 3564 3563
f 905 3565 3564
f 3563 3564 3565
f 233 3566 3568
f 904 3567 3566
f 903 3568 3567
f 3566 3567 3568
f 235 3569 3571
f 905 3570 3569
f 904 3571 3570
f 3569 3570 3571
f 903 3567 3564
f 904 3570 3567
f 905 3564 3570
f 3567 3570 3564
f 63 3572 3574
f 906 3573 3572
f 908 3574 3573
f 3572 3573 3574
f 234 3575 3577
f 907 3576 3575
f 906 3577 3576
f 3575 3576 3577
f 233 3578 3580
f 908 3579 3578
f 907 3580 3579
f 3578 3579 3580
f 906 3576 3573
f 907 3579 3576
f 908 3573 3579
f 3576 3579 3573
f 65 3581 3583
f 909 3582 3581
f 911 3583 3582
f 3581 3582 3583
f 235 3584 3586
f 910 3585 3584
f 909 3586 3585
f 3584 3585 3586
f 234 3587 3589
f 911 3588 3587
f 910 3589 3588
f 3587 3588 3589
f 909 3585 3582
f 910 3588 3585
f 911 3582 3588
f 3585 3588 3582
f 233 3580 3566
f 907 3590 3580
f 904 3566 3590
f 3580 3590 3566
f 234 3589 3575
f 910 3591 3589
f 907 3575 3591
f 3589 3591 3575
f 235 3571 3584
f 904 3592 3571
f 910 3584 3592
f 3571 3592 3584
f 907 3591 3590
f 910 3592 3591
f 904 3590 3592
f 3591 3592 3590
f 19 3593 3595
f 912 3594 3593
f 914 3595 3594
f 3593 3594 3595
f 236 3596 3598
f 913 3597 3596
f 912 3598 3597
f 3596 3597 3598
f 238 3599 3601
f 914 3600 3599
f 913 3601 3600
f 3599 3600 3601
f 912 3597 3594
f 913 3600 3597
f 914 3594 3600
f 3597 3600 3594
f 64 3602 3604
f 915 3603 3602
f 917 3604 3603
f 3602 3603 3604
f 237 3605 3607
f 916 3606 3605
f 915 3607 3606
f 3605 3606 3607
f 236 3608 3610
f 917 3609 3608
f 916 3610 3609
f 3608 3609 3610
f 915 3606 3603
f 916 3609 3606
f 917 3603 3609
f 3606 3609 3603
f 63 3611 3613
f 918 3612 3611
f 920 3613 3612
f 3611 3612 3613
f 238 3614 3616
f 919 3615 3614
f 918 3616 3615
f 3614 3615 3616
f 237 3617 3619
f 920 3618 3617
f 919 3619 3618
f 3617 3618 3619
f 918 3615 3612
f 919 3618 3615
f 920 3612 3618
f 3615 3618 3612
f 236 3610 3596
f 916 3620 3610
f 913 3596 3620
f 3610 3620 3596
f 237 3619 3605
f 919 3621 3619
f 916 3605 3621
f 3619 3621 3605
f 238 3601 3614
f 913 3622 3601
f 919 3614 3622
f 3601 3622 3614
f 916 3621 3620
f 919 3622 3621
f 913 3620 3622
f 3621 3622 3620
f 18 3623 3625
f 921 3624 3623
f 923 3625 3624
f 3623 3624 3625
f 239 3626 3628
f 922 3627 3626
f 921 3628 3627
f 3626 3627 3628
f 241 3629 3631
f 923 3630 3629
f 922 3631 3630
f 3629 3630 3631
f 921 3627 3624
f 922 3630 3627
f 923 3624 3630
f 3627 3630 3624
f 65 3632 3634
f 924 3633 3632
f 926 3634 3633
f 3632 3633 3634
f 240 3635 3637
f 925 3636 3635
f 924 3637 3636
f 3635 3636 3637
f 239 3638 3640
f 926 3639 3638
f 925 3640 3639
f 3638 3639 3640
f 924 3636 3633
f 925 3639 3636
f 926 3633 3639
f 3636 3639 3633
f 64 3641 3643
f 927 3642 3641
f 929 3643 3642
f 3641 3642 3643
f 241 3644 3646
f 928 3645 3644
f 927 3646 3645
f 3644 3645 3646
f 240 3647 3649
f 929 3648 3647
f 928 3649 3648
f 3647 3648 3649
f 927 3645 3642
f 928 3648 3645
f 929 3642 3648
f 3645 3648 3642
f 239 3640 3626
f 925 3650 3640
f 922 3626 3650
f 3640 3650 3626
f 240 3649 3635
f 928 3651 3649
f 925 3635 3651
f 3649 3651 3635
f 241 3631 3644
f 922 3652 3631
f 928 3644 3652
f 3631 3652 3644
f 925 3651 3650
f 928 3652 3651
f 922 3650 3652
f 3651 3652 3650
f 63 3613 3572
f 920 3653 3613
f 906 3572 3653
f 3613 3653 3572
f 237 3654 3617
f 930 3655 3654
f 920 3617 3655
f 3654 3655 3617
f 234 3577 3657
f 906 3656 3577
f 930 3657 3656
f 3577 3656 3657
f 920 3655 3653
f 930 3656 3655
f 906 3653 3656
f 3655 3656 3653
f 64 3643 3602
f 929 3658 3643
f 915 3602 3658
f 3643 3658 3602
f 240 3659 3647
f 931 3660 3659
f 929 3647 3660
f 3659 3660 3647
f 237 3607 3662
f 915 3661 3607
f 931 3662 3661
f 3607 3661 3662
f 929 3660 3658
f 931 3661 3660
f 915 3658 3661
f 3660 3661 3658
f 65 3583 3632
f 911 3663 3583
f 924 3632 3663
f 3583 3663 3632
f 234 3664 3587
f 932 3665 3664
f 911 3587 3665
f 3664 3665 3587
f 240 3637 3667
f 924 3666 3637
f 932 3667 3666
f 3637 3666 3667
f 911 3665 3663
f 932 3666 3665
f 924 3663 3666
f 3665 3666 3663
f 237 3662 3654
f 931 3668 3662
f 930 3654 3668
f 3662 3668 3654
f 240 3667 3659
f 932 3669 3667
f 931 3659 3669
f 3667 3669 3659
f 234 3657 3664
f 930 3670 3657
f 932 3664 3670
f 3657 3670 3664
f 931 3669 3668
f 932 3670 3669
f 930 3668 3670
f 3669 3670 3668
f 17 3520 3389
f 894 3671 3520
f 858 3389 3671
f 3520 3671 3389
f 232 3672 3523
f 933 3673 3672
f 894 3523 3673
f 3672 3673 3523
f 221 3393 3675
f 858 3674 3393
f 933 3675 3674
f 3393 3674 3675
f 894 3673 3671
f 933 3674 3673
f 858 3671 3674
f 3673 3674 3671
f 62 3676 3533
f 934 3677 3676
f 897 3533 3677
f 3676 3677 3533
f 242 3678 3680
f 935 3679 3678
f 934 3680 3679
f 3678 3679 3680
f 232 3538 3682
f 897 3681 3538
f 935 3682 3681
f 3538 3681 3682
f 934 3679 3677
f 935 3681 3679
f 897 3677 3681
f 3679 3681 3677
f 59 3398 3684
f 862 3683 3398
f 937 3684 3683
f 3398 3683 3684
f 221 3685 3402
f 936 3686 3685
f 862 3402 3686
f 3685 3686 3402
f 242 3687 3689
f 937 3688 3687
f 936 3689 3688
f 3687 3688 3689
f 862 3686 3683
f 936 3688 3686
f 937 3683 3688
f 3686 3688 3683
f 232 3682 3672
f 935 3690 3682
f 933 3672 3690
f 3682 3690 3672
f 242 3689 3678
f 936 3691 3689
f 935 3678 3691
f 3689 3691 3678
f 221 3675 3685
f 933 3692 3675
f 936 3685 3692
f 3675 3692 3685
f 935 3691 3690
f 936 3692 3691
f 933 3690 3692
f 3691 3692 3690
f 18 3625 3489
f 923 3693 3625
f 884 3489 3693
f 3625 3693 3489
f 241 3694 3629
f 938 3695 3694
f 923 3629 3695
f 3694 3695 3629
f 228 3494 3697
f 884 3696 3494
f 938 3697 3696
f 3494 3696 3697
f 923 3695 3693
f 938 3696 3695
f 884 3693 3696
f 3695 3696 3693
f 64 3698 3641
f 939 3699 3698
f 927 3641 3699
f 3698 3699 3641
f 243 3700 3702
f 940 3701 3700
f 939 3702 3701
f 3700 3701 3702
f 241 3646 3704
f 927 3703 3646
f 940 3704 3703
f 3646 3703 3704
f 939 3701 3699
f 940 3703 3701
f 927 3699 3703
f 3701 3703 3699
f 62 3500 3706
f 889 3705 3500
f 942 3706 3705
f 3500 3705 3706
f 228 3707 3504
f 941 3708 3707
f 889 3504 3708
f 3707 3708 3504
f 243 3709 3711
f 942 3710 3709
f 941 3711 3710
f 3709 3710 3711
f 889 3708 3705
f 941 3710 3708
f 942 3705 3710
f 3708 3710 3705
f 241 3704 3694
f 940 3712 3704
f 938 3694 3712
f 3704 3712 3694
f 243 3711 3700
f 941 3713 3711
f 940 3700 3713
f 3711 3713 3700
f 228 3697 3707
f 938 3714 3697
f 941 3707 3714
f 3697 3714 3707
f 940 3713 3712
f 941 3714 3713
f 938 3712 3714
f 3713 3714 3712
f 19 3417 3593
f 867 3715 3417
f 912 3593 3715
f 3417 3715 3593
f 225 3716 3421
f 943 3717 3716
f 867 3421 3717
f 3716 3717 3421
f 236 3598 3719
f 912 3718 3598
f 943 3719 3718
f 3598 3718 3719
f 867 3717 3715
f 943 3718 3717
f 912 3715 3718
f 3717 3718 3715
f 59 3720 3433
f 944 3721 3720
f 871 3433 3721
f 3720 3721 3433
f 244 3722 3724
f 945 3723 3722
f 944 3724 3723
f 3722 3723 3724
f 225 3438 3726
f 871 3725 3438
f 945 3726 3725
f 3438 3725 3726
f 944 3723 3721
f 945 3725 3723
f 871 3721 3725
f 3723 3725 3721
f 64 3604 3728
f 917 3727 3604
f 947 3728 3727
f 3604 3727 3728
f 236 3729 3608
f 946 3730 3729
f 917 3608 3730
f 3729 3730 3608
f 244 3731 3733
f 947 3732 3731
f 946 3733 3732
f 3731 3732 3733
f 917 3730 3727
f 946 3732 3730
f 947 3727 3732
f 3730 3732 3727
f 225 3726 3716
f 945 3734 3726
f 943 3716 3734
f 3726 3734 3716
f 244 3733 3722
f 946 3735 3733
f 945 3722 3735
f 3733 3735 3722
f 236 3719 3729
f 943 3736 3719
f 946 3729 3736
f 3719 3736 3729
f 945 3735 3734
f 946 3736 3735
f 943 3734 3736
f 3735 3736 3734
f 62 3706 3676
f 942 3737 3706
f 934 3676 3737
f 3706 3737 3676
f 243 3738 3709
f 948 3739 3738
f 942 3709 3739
f 3738 3739 3709
f 242 3680 3741
f 934 3740 3680
f 948 3741 3740
f 3680 3740 3741
f 942 3739 3737
f 948 3740 3739
f 934 3737 3740
f 3739 3740 3737
f 64 3728 3698
f 947 3742 3728
f 939 3698 3742
f 3728 3742 3698
f 244 3743 3731
f 949 3744 3743
f 947 3731 3744
f 3743 3744 3731
f 243 3702 3746
f 939 3745 3702
f 949 3746 3745
f 3702 3745 3746
f 947 3744 3742
f 949 3745 3744
f 939 3742 3745
f 3744 3745 3742
f 59 3684 3720
f 937 3747 3684
f 944 3720 3747
f 3684 3747 3720
f 242 3748 3687
f 950 3749 3748
f 937 3687 3749
f 3748 3749 3687
f 244 3724 3751
f 944 3750 3724
f 950 3751 3750
f 3724 3750 3751
f 937 3749 3747
f 950 3750 3749
f 944 3747 3750
f 3749 3750 3747
f 243 3746 3738
f 949 3752 3746
f 948 3738 3752
f 3746 3752 3738
f 244 3751 3743
f 950 3753 3751
f 949 3743 3753
f 3751 3753 3743
f 242 3741 3748
f 948 3754 3741
f 950 3748 3754
f 3741 3754 3748
f 949 3753 3752
f 950 3754 3753
f 948 3752 3754
f 3753 3754 3752
f 1 3364 3756
f 852 3755 3364
f 952 3756 3755
f 3364 3755 3756
f 220 3757 3367
f 951 3758 3757
f 852 3367 3758
f 3757 3758 3367
f 246 3759 3761
f 952 3760 3759
f 951 3761 3760
f 3759 3760 3761
f 852 3758 3755
f 951 3760 3758
f 952 3755 3760
f 3758 3760 3755
f 60 3762 3377
f 953 3763 3762
f 855 3377 3763
f 3762 3763 3377
f 245 3764 3766
f 954 3765 3764
f 953 3766 3765
f 3764 3765 3766
f 220 3382 3768
f 855 3767 3382
f 954 3768 3767
f 3382 3767 3768
f 953 3765 3763
f 954 3767 3765
f 855 3763 3767
f 3765 3767 3763
f 67 3769 3771
f 955 3770 3769
f 957 3771 3770
f 3769 3770 3771
f 246 3772 3774
f 956 3773 3772
f 955 3774 3773
f 3772 3773 3774
f 245 3775 3777
f 957 3776 3775
f 956 3777 3776
f 3775 3776 3777
f 955 3773 3770
f 956 3776 3773
f 957 3770 3776
f 3773 3776 3770
f 220 3768 3757
f 954 3778 3768
f 951 3757 3778
f 3768 3778 3757
f 245 3777 3764
f 956 3779 3777
f 954 3764 3779
f 3777 3779 3764
f 246 3761 3772
f 951 3780 3761
f 956 3772 3780
f 3761 3780 3772
f 954 3779 3778
f 956 3780 3779
f 951 3778 3780
f 3779 3780 3778
f 19 3781 3415
f 958 3782 3781
f 865 3415 3782
f 3781 3782 3415
f 247 3783 3785
f 959 3784 3783
f 958 3785 3784
f 3783 3784 3785
f 223 3420 3787
f 865 3786 3420
f 959 3787 3786
f 3420 3786 3787
f 958 3784 3782
f 959 3786 3784
f 865 3782 3786
f 3784 3786 3782
f 66 3788 3790
f 960 3789 3788
f 962 3790 3789
f 3788 3789 3790
f 248 3791 3793
f 961 3792 3791
f 960 3793 3792
f 3791 3792 3793
f 247 3794 3796
f 962 3795 3794
f 961 3796 3795
f 3794 3795 3796
f 960 3792 3789
f 961 3795 3792
f 962 3789 3795
f 3792 3795 3789
f 60 3426 3798
f 870 3797 3426
f 964 3798 3797
f 3426 3797 3798
f 223 3799 3430
f 963 3800 3799
f 870 3430 3800
f 3799 3800 3430
f 248 3801 3803
f 964 3802 3801
f 963 3803 3802
f 3801 3802 3803
f 870 3800 3797
f 963 3802 3800
f 964 3797 3802
f 3800 3802 3797
f 247 3796 3783
f 961 3804 3796
f 959 3783 3804
f 3796 3804 3783
f 248 3803 3791
f 963 3805 3803
f 961 3791 3805
f 3803 3805 3791
f 223 3787 3799
f 959 3806 3787
f 963 3799 3806
f 3787 3806 3799
f 961 3805 3804
f 963 3806 3805
f 959 3804 3806
f 3805 3806 3804
f 21 3807 3809
f 965 3808 3807
f 967 3809 3808
f 3807 3808 3809
f 249 3810 3812
f 966 3811 3810
f 965 3812 3811
f 3810 3811 3812
f 251 3813 3815
f 967 3814 3813
f 966 3815 3814
f 3813 3814 3815
f 965 3811 3808
f 966 3814 3811
f 967 3808 3814
f 3811 3814 3808
f 67 3816 3818
f 968 3817 3816
f 970 3818 3817
f 3816 3817 3818
f 250 3819 3821
f 969 3820 3819
f 968 3821 3820
f 3819 3820 3821
f 249 3822 3824
f 970 3823 3822
f 969 3824 3823
f 3822 3823 3824
f 968 3820 3817
f 969 3823 3820
f 970 3817 3823
f 3820 3823 3817
f 66 3825 3827
f 971 3826 3825
f 973 3827 3826
f 3825 3826 3827
f 251 3828 3830
f 972 3829 3828
f 971 3830 3829
f 3828 3829 3830
f 250 3831 3833
f 973 3832 3831
f 972 3833 3832
f 3831 3832 3833
f 971 3829 3826
f 972 3832 3829
f 973 3826 3832
f 3829 3832 3826
f 249 3824 3810
f 969 3834 3824
f 966 3810 3834
f 3824 3834 3810
f 250 3833 3819
f 972 3835 3833
f 969 3819 3835
f 3833 3835 3819
f 251 3815 3828
f 966 3836 3815
f 972 3828 3836
f 3815 3836 3828
f 969 3835 3834
f 972 3836 3835
f 966 3834 3836
f 3835 3836 3834
f 60 3798 3762
f 964 3837 3798
f 953 3762 3837
f 3798 3837 3762
f 248 3838 3801
f 974 3839 3838
f 964 3801 3839
f 3838 3839 3801
f 245 3766 3841
f 953 3840 3766
f 974 3841 3840
f 3766 3840 3841
f 964 3839 3837
f 974 3840 3839
f 953 3837 3840
f 3839 3840 3837
f 66 3827 3788
f 973 3842 3827
f 960 3788 3842
f 3827 3842 3788
f 250 3843 3831
f 975 3844 3843
f 973 3831 3844
f 3843 3844 3831
f 248 3793 3846
f 960 3845 3793
f 975 3846 3845
f 3793 3845 3846
f 973 3844 3842
f 975 3845 3844
f 960 3842 3845
f 3844 3845 3842
f 67 3771 3816
f 957 3847 3771
f 968 3816 3847
f 3771 3847 3816
f 245 3848 3775
f 976 3849 3848
f 957 3775 3849
f 3848 3849 3775
f 250 3821 3851
f 968 3850 3821
f 976 3851 3850
f 3821 3850 3851
f 957 3849 3847
f 976 3850 3849
f 968 3847 3850
f 3849 3850 3847
f 248 3846 3838
f 975 3852 3846
f 974 3838 3852
f 3846 3852 3838
f 250 3851 3843
f 976 3853 3851
f 975 3843 3853
f 3851 3853 3843
f 245 3841 3848
f 974 3854 3841
f 976 3848 3854
f 3841 3854 3848
f 975 3853 3852
f 976 3854 3853
f 974 3852 3854
f 3853 3854 3852
f 8 3855 3563
f 977 3856 3855
f 903 3563 3856
f 3855 3856 3563
f 252 3857 3859
f 978 3858 3857
f 977 3859 3858
f 3857 3858 3859
f 233 3568 3861
f 903 3860 3568
f 978 3861 3860
f 3568 3860 3861
f 977 3858 3856
f 978 3860 3858
f 903 3856 3860
f 3858 3860 3856
f 68 3862 3864
f 979 3863 3862
f 981 3864 3863
f 3862 3863 3864
f 253 3865 3867
f 980 3866 3865
f 979 3867 3866
f 3865 3866 3867
f 252 3868 3870
f 981 3869 3868
f 980 3870 3869
f 3868 3869 3870
f 979 3866 3863
f 980 3869 3866
f 981 3863 3869
f 3866 3869 3863
f 63 3574 3872
f 908 3871 3574
f 983 3872 3871
f 3574 3871 3872
f 233 3873 3578
f 982 3874 3873
f 908 3578 3874
f 3873 3874 3578
f 253 3875 3877
f 983 3876 3875
f 982 3877 3876
f 3875 3876 3877
f 908 3874 3871
f 982 3876 3874
f 983 3871 3876
f 3874 3876 3871
f 252 3870 3857
f 980 3878 3870
f 978 3857 3878
f 3870 3878 3857
f 253 3877 3865
f 982 3879 3877
f 980 3865 3879
f 3877 3879 3865
f 233 3861 3873
f 978 3880 3861
f 982 3873 3880
f 3861 3880 3873
f 980 3879 3878
f 982 3880 3879
f 978 3878 3880
f 3879 3880 3878
f 20 3881 3883
f 984 3882 3881
f 986 3883 3882
f 3881 3882 3883
f 254 3884 3886
f 985 3885 3884
f 984 3886 3885
f 3884 3885 3886
f 256 3887 3889
f 986 3888 3887
f 985 3889 3888
f 3887 3888 3889
f 984 3885 3882
f 985 3888 3885
f 986 3882 3888
f 3885 3888 3882
f 69 3890 3892
f 987 3891 3890
f 989 3892 3891
f 3890 3891 3892
f 255 3893 3895
f 988 3894 3893
f 987 3895 3894
f 3893 3894 3895
f 254 3896 3898
f 989 3897 3896
f 988 3898 3897
f 3896 3897 3898
f 987 3894 3891
f 988 3897 3894
f 989 3891 3897
f 3894 3897 3891
f 68 3899 3901
f 990 3900 3899
f 992 3901 3900
f 3899 3900 3901
f 256 3902 3904
f 991 3903 3902
f 990 3904 3903
f 3902 3903 3904
f 255 3905 3907
f 992 3906 3905
f 991 3907 3906
f 3905 3906 3907
f 990 3903 3900
f 991 3906 3903
f 992 3900 3906
f 3903 3906 3900
f 254 3898 3884
f 988 3908 3898
f 985 3884 3908
f 3898 3908 3884
f 255 3907 3893
f 991 3909 3907
f 988 3893 3909
f 3907 3909 3893
f 256 3889 3902
f 985 3910 3889
f 991 3902 3910
f 3889 3910 3902
f 988 3909 3908
f 991 3910 3909
f 985 3908 3910
f 3909 3910 3908
f 19 3595 3912
f 914 3911 3595
f 994 3912 3911
f 3595 3911 3912
f 238 3913 3599
f 993 3914 3913
f 914 3599 3914
f 3913 3914 3599
f 258 3915 3917
f 994 3916 3915
f 993 3917 3916
f 3915 3916 3917
f 914 3914 3911
f 993 3916 3914
f 994 3911 3916
f 3914 3916 3911
f 63 3918 3611
f 995 3919 3918
f 918 3611 3919
f 3918 3919 3611
f 257 3920 3922
f 996 3921 3920
f 995 3922 3921
f 3920 3921 3922
f 238 3616 3924
f 918 3923 3616
f 996 3924 3923
f 3616 3923 3924
f 995 3921 3919
f 996 3923 3921
f 918 3919 3923
f 3921 3923 3919
f 69 3925 3927
f 997 3926 3925
f 999 3927 3926
f 3925 3926 3927
f 258 3928 3930
f 998 3929 3928
f 997 3930 3929
f 3928 3929 3930
f 257 3931 3933
f 999 3932 3931
f 998 3933 3932
f 3931 3932 3933
f 997 3929 3926
f 998 3932 3929
f 999 3926 3932
f 3929 3932 3926
f 238 3924 3913
f 996 3934 3924
f 993 3913 3934
f 3924 3934 3913
f 257 3933 3920
f 998 3935 3933
f 996 3920 3935
f 3933 3935 3920
f 258 3917 3928
f 993 3936 3917
f 998 3928 3936
f 3917 3936 3928
f 996 3935 3934
f 998 3936 3935
f 993 3934 3936
f 3935 3936 3934
f 68 3901 3862
f 992 3937 3901
f 979 3862 3937
f 3901 3937 3862
f 255 3938 3905
f 1000 3939 3938
f 992 3905 3939
f 3938 3939 3905
f 253 3867 3941
f 979 3940 3867
f 1000 3941 3940
f 3867 3940 3941
f 992 3939 3937
f 1000 3940 3939
f 979 3937 3940
f 3939 3940 3937
f 69 3927 3890
f 999 3942 3927
f 987 3890 3942
f 3927 3942 3890
f 257 3943 3931
f 1001 3944 3943
f 999 3931 3944
f 3943 3944 3931
f 255 3895 3946
f 987 3945 3895
f 1001 3946 3945
f 3895 3945 3946
f 999 3944 3942
f 1001 3945 3944
f 987 3942 3945
f 3944 3945 3942
f 63 3872 3918
f 983 3947 3872
f 995 3918 3947
f 3872 3947 3918
f 253 3948 3875
f 1002 3949 3948
f 983 3875 3949
f 3948 3949 3875
f 257 3922 3951
f 995 3950 3922
f 1002 3951 3950
f 3922 3950 3951
f 983 3949 3947
f 1002 3950 3949
f 995 3947 3950
f 3949 3950 3947
f 255 3946 3938
f 1001 3952 3946
f 1000 3938 3952
f 3946 3952 3938
f 257 3951 3943
f 1002 3953 3951
f 1001 3943 3953
f 3951 3953 3943
f 253 3941 3948
f 1000 3954 3941
f 1002 3948 3954
f 3941 3954 3948
f 1001 3953 3952
f 1002 3954 3953
f 1000 3952 3954
f 3953 3954 3952
f 11 3955 3957
f 1003 3956 3955
f 1005 3957 3956
f 3955 3956 3957
f 259 3958 3960
f 1004 3959 3958
f 1003 3960 3959
f 3958 3959 3960
f 261 3961 3963
f 1005 3962 3961
f 1004 3963 3962
f 3961 3962 3963
f 1003 3959 3956
f 1004 3962 3959
f 1005 3956 3962
f 3959 3962 3956
f 70 3964 3966
f 1006 3965 3964
f 1008 3966 3965
f 3964 3965 3966
f 260 3967 3969
f 1007 3968 3967
f 1006 3969 3968
f 3967 3968 3969
f 259 3970 3972
f 1008 3971 3970
f 1007 3972 3971
f 3970 3971 3972
f 1006 3968 3965
f 1007 3971 3968
f 1008 3965 3971
f 3968 3971 3965
f 72 3973 3975
f 1009 3974 3973
f 1011 3975 3974
f 3973 3974 3975
f 261 3976 3978
f 1010 3977 3976
f 1009 3978 3977
f 3976 3977 3978
f 260 3979 3981
f 1011 3980 3979
f 1010 3981 3980
f 3979 3980 3981
f 1009 3977 3974
f 1010 3980 3977
f 1011 3974 3980
f 3977 3980 3974
f 259 3972 3958
f 1007 3982 3972
f 1004 3958 3982
f 3972 3982 3958
f 260 3981 3967
f 1010 3983 3981
f 1007 3967 3983
f 3981 3983 3967
f 261 3963 3976
f 1004 3984 3963
f 1010 3976 3984
f 3963 3984 3976
f 1007 3983 3982
f 1010 3984 3983
f 1004 3982 3984
f 3983 3984 3982
f 21 3985 3987
f 1012 3986 3985
f 1014 3987 3986
f 3985 3986 3987
f 262 3988 3990
f 1013 3989 3988
f 1012 3990 3989
f 3988 3989 3990
f 264 3991 3993
f 1014 3992 3991
f 1013 3993 3992
f 3991 3992 3993
f 1012 3989 3986
f 1013 3992 3989
f 1014 3986 3992
f 3989 3992 3986
f 71 3994 3996
f 1015 3995 3994
f 1017 3996 3995
f 3994 3995 3996
f 263 3997 3999
f 1016 3998 3997
f 1015 3999 3998
f 3997 3998 3999
f 262 4000 4002
f 1017 4001 4000
f 1016 4002 4001
f 4000 4001 4002
f 1015 3998 3995
f 1016 4001 3998
f 1017 3995 4001
f 3998 4001 3995
f 70 4003 4005
f 1018 4004 4003
f 1020 4005 4004
f 4003 4004 4005
f 264 4006 4008
f 1019 4007 4006
f 1018 4008 4007
f 4006 4007 4008
f 263 4009 4011
f 1020 4010 4009
f 1019 4011 4010
f 4009 4010 4011
f 1018 4007 4004
f 1019 4010 4007
f 1020 4004 4010
f 4007 4010 4004
f 262 4002 3988
f 1016 4012 4002
f 1013 3988 4012
f 4002 4012 3988
f 263 4011 3997
f 1019 4013 4011
f 1016 3997 4013
f 4011 4013 3997
f 264 3993 4006
f 1013 4014 3993
f 1019 4006 4014
f 3993 4014 4006
f 1016 4013 4012
f 1019 4014 4013
f 1013 4012 4014
f 4013 4014 4012
f 20 4015 4017
f 1021 4016 4015
f 1023 4017 4016
f 4015 4016 4017
f 265 4018 4020
f 1022 4019 4018
f 1021 4020 4019
f 4018 4019 4020
f 267 4021 4023
f 1023 4022 4021
f 1022 4023 4022
f 4021 4022 4023
f 1021 4019 4016
f 1022 4022 4019
f 1023 4016 4022
f 4019 4022 4016
f 72 4024 4026
f 1024 4025 4024
f 1026 4026 4025
f 4024 4025 4026
f 266 4027 4029
f 1025 4028 4027
f 1024 4029 4028
f 4027 4028 4029
f 265 4030 4032
f 1026 4031 4030
f 1025 4032 4031
f 4030 4031 4032
f 1024 4028 4025
f 1025 4031 4028
f 1026 4025 4031
f 4028 4031 4025
f 71 4033 4035
f 1027 4034 4033
f 1029 4035 4034
f 4033 4034 4035
f 267 4036 4038
f 1028 4037 4036
f 1027 4038 4037
f 4036 4037 4038
f 266 4039 4041
f 1029 4040 4039
f 1028 4041 4040
f 4039 4040 4041
f 1027 4037 4034
f 1028 4040 4037
f 1029 4034 4040
f 4037 4040 4034
f 265 4032 4018
f 1025 4042 4032
f 1022 4018 4042
f 4032 4042 4018
f 266 4041 4027
f 1028 4043 4041
f 1025 4027 4043
f 4041 4043 4027
f 267 4023 4036
f 1022 4044 4023
f 1028 4036 4044
f 4023 4044 4036
f 1025 4043 4042
f 1028 4044 4043
f 1022 4042 4044
f 4043 4044 4042
f 70 4005 3964
f 1020 4045 4005
f 1006 3964 4045
f 4005 4045 3964
f 263 4046 4009
f 1030 4047 4046
f 1020 4009 4047
f 4046 4047 4009
f 260 3969 4049
f 1006 4048 3969
f 1030 4049 4048
f 3969 4048 4049
f 1020 4047 4045
f 1030 4048 4047
f 1006 4045 4048
f 4047 4048 4045
f 71 4035 3994
f 1029 4050 4035
f 1015 3994 4050
f 4035 4050 3994
f 266 4051 4039
f 1031 4052 4051
f 1029 4039 4052
f 4051 4052 4039
f 263 3999 4054
f 1015 4053 3999
f 1031 4054 4053
f 3999 4053 4054
f 1029 4052 4050
f 1031 4053 4052
f 1015 4050 4053
f 4052 4053 4050
f 72 3975 4024
f 1011 4055 3975
f 1024 4024 4055
f 3975 4055 4024
f 260 4056 3979
f 1032 4057 4056
f 1011 3979 4057
f 4056 4057 3979
f 266 4029 4059
f 1024 4058 4029
f 1032 4059 4058
f 4029 4058 4059
f 1011 4057 4055
f 1032 4058 4057
f 1024 4055 4058
f 4057 4058 4055
f 263 4054 4046
f 1031 4060 4054
f 1030 4046 4060
f 4054 4060 4046
f 266 4059 4051
f 1032 4061 4059
f 1031 4051 4061
f 4059 4061 4051
f 260 4049 4056
f 1030 4062 4049
f 1032 4056 4062
f 4049 4062 4056
f 1031 4061 4060
f 1032 4062 4061
f 1030 4060 4062
f 4061 4062 4060
f 19 3912 3781
f 994 4063 3912
f 958 3781 4063
f 3912 4063 3781
f 258 4064 3915
f 1033 4065 4064
f 994 3915 4065
f 4064 4065 3915
f 247 3785 4067
f 958 4066 3785
f 1033 4067 4066
f 3785 4066 4067
f 994 4065 4063
f 1033 4066 4065
f 958 4063 4066
f 4065 4066 4063
f 69 4068 3925
f 1034 4069 4068
f 997 3925 4069
f 4068 4069 3925
f 268 4070 4072
f 1035 4071 4070
f 1034 4072 4071
f 4070 4071 4072
f 258 3930 4074
f 997 4073 3930
f 1035 4074 4073
f 3930 4073 4074
f 1034 4071 4069
f 1035 4073 4071
f 997 4069 4073
f 4071 4073 4069
f 66 3790 4076
f 962 4075 3790
f 1037 4076 4075
f 3790 4075 4076
f 247 4077 3794
f 1036 4078 4077
f 962 3794 4078
f 4077 4078 3794
f 268 4079 4081
f 1037 4080 4079
f 1036 4081 4080
f 4079 4080 4081
f 962 4078 4075
f 1036 4080 4078
f 1037 4075 4080
f 4078 4080 4075
f 258 4074 4064
f 1035 4082 4074
f 1033 4064 4082
f 4074 4082 4064
f 268 4081 4070
f 1036 4083 4081
f 1035 4070 4083
f 4081 4083 4070
f 247 4067 4077
f 1033 4084 4067
f 1036 4077 4084
f 4067 4084 4077
f 1035 4083 4082
f 1036 4084 4083
f 1033 4082 4084
f 4083 4084 4082
f 20 4017 3881
f 1023 4085 4017
f 984 3881 4085
f 4017 4085 3881
f 267 4086 4021
f 1038 4087 4086
f 1023 4021 4087
f 4086 4087 4021
f 254 3886 4089
f 984 4088 3886
f 1038 4089 4088
f 3886 4088 4089
f 1023 4087 4085
f 1038 4088 4087
f 984 4085 4088
f 4087 4088 4085
f 71 4090 4033
f 1039 4091 4090
f 1027 4033 4091
f 4090 4091 4033
f 269 4092 4094
f 1040 4093 4092
f 1039 4094 4093
f 4092 4093 4094
f 267 4038 4096
f 1027 4095 4038
f 1040 4096 4095
f 4038 4095 4096
f 1039 4093 4091
f 1040 4095 4093
f 1027 4091 4095
f 4093 4095 4091
f 69 3892 4098
f 989 4097 3892
f 1042 4098 4097
f 3892 4097 4098
f 254 4099 3896
f 1041 4100 4099
f 989 3896 4100
f 4099 4100 3896
f 269 4101 4103
f 1042 4102 4101
f 1041 4103 4102
f 4101 4102 4103
f 989 4100 4097
f 1041 4102 4100
f 1042 4097 4102
f 4100 4102 4097
f 267 4096 4086
f 1040 4104 4096
f 1038 4086 4104
f 4096 4104 4086
f 269 4103 4092
f 1041 4105 4103
f 1040 4092 4105
f 4103 4105 4092
f 254 4089 4099
f 1038 4106 4089
f 1041 4099 4106
f 4089 4106 4099
f 1040 4105 4104
f 1041 4106 4105
f 1038 4104 4106
f 4105 4106 4104
f 21 3809 3985
f 967 4107 3809
f 1012 3985 4107
f 3809 4107 3985
f 251 4108 3813
f 1043 4109 4108
f 967 3813 4109
f 4108 4109 3813
f 262 3990 4111
f 1012 4110 3990
f 1043 4111 4110
f 3990 4110 4111
f 967 4109 4107
f 1043 4110 4109
f 1012 4107 4110
f 4109 4110 4107
f 66 4112 3825
f 1044 4113 4112
f 971 3825 4113
f 4112 4113 3825
f 270 4114 4116
f 1045 4115 4114
f 1044 4116 4115
f 4114 4115 4116
f 251 3830 4118
f 971 4117 3830
f 1045 4118 4117
f 3830 4117 4118
f 1044 4115 4113
f 1045 4117 4115
f 971 4113 4117
f 4115 4117 4113
f 71 3996 4120
f 1017 4119 3996
f 1047 4120 4119
f 3996 4119 4120
f 262 4121 4000
f 1046 4122 4121
f 1017 4000 4122
f 4121 4122 4000
f 270 4123 4125
f 1047 4124 4123
f 1046 4125 4124
f 4123 4124 4125
f 1017 4122 4119
f 1046 4124 4122
f 1047 4119 4124
f 4122 4124 4119
f 251 4118 4108
f 1045 4126 4118
f 1043 4108 4126
f 4118 4126 4108
f 270 4125 4114
f 1046 4127 4125
f 1045 4114 4127
f 4125 4127 4114
f 262 4111 4121
f 1043 4128 4111
f 1046 4121 4128
f 4111 4128 4121
f 1045 4127 4126
f 1046 4128 4127
f 1043 4126 4128
f 4127 4128 4126
f 69 4098 4068
f 1042 4129 4098
f 1034 4068 4129
f 4098 4129 4068
f 269 4130 4101
f 1048 4131 4130
f 1042 4101 4131
f 4130 4131 4101
f 268 4072 4133
f 1034 4132 4072
f 1048 4133 4132
f 4072 4132 4133
f 1042 4131 4129
f 1048 4132 4131
f 1034 4129 4132
f 4131 4132 4129
f 71 4120 4090
f 1047 4134 4120
f 1039 4090 4134
f 4120 4134 4090
f 270 4135 4123
f 1049 4136 4135
f 1047 4123 4136
f 4135 4136 4123
f 269 4094 4138
f 1039 4137 4094
f 1049 4138 4137
f 4094 4137 4138
f 1047 4136 4134
f 1049 4137 4136
f 1039 4134 4137
f 4136 4137 4134
f 66 4076 4112
f 1037 4139 4076
f 1044 4112 4139
f 4076 4139 4112
f 268 4140 4079
f 1050 4141 4140
f 1037 4079 4141
f 4140 4141 4079
f 270 4116 4143
f 1044 4142 4116
f 1050 4143 4142
f 4116 4142 4143
f 1037 4141 4139
f 1050 4142 4141
f 1044 4139 4142
f 4141 4142 4139
f 269 4138 4130
f 1049 4144 4138
f 1048 4130 4144
f 4138 4144 4130
f 270 4143 4135
f 1050 4145 4143
f 1049 4135 4145
f 4143 4145 4135
f 268 4133 4140
f 1048 4146 4133
f 1050 4140 4146
f 4133 4146 4140
f 1049 4145 4144
f 1050 4146 4145
f 1048 4144 4146
f 4145 4146 4144
f 1 3756 2563
f 952 4147 3756
f 643 2563 4147
f 3756 4147 2563
f 246 4148 3759
f 1051 4149 4148
f 952 3759 4149
f 4148 4149 3759
f 163 2568 4151
f 643 4150 2568
f 1051 4151 4150
f 2568 4150 4151
f 952 4149 4147
f 1051 4150 4149
f 643 4147 4150
f 4149 4150 4147
f 67 4152 3769
f 1052 4153 4152
f 955 3769 4153
f 4152 4153 3769
f 271 4154 4156
f 1053 4155 4154
f 1052 4156 4155
f 4154 4155 4156
f 246 3774 4158
f 955 4157 3774
f 1053 4158 4157
f 3774 4157 4158
f 1052 4155 4153
f 1053 4157 4155
f 955 4153 4157
f 4155 4157 4153
f 43 2574 4160
f 648 4159 2574
f 1055 4160 4159
f 2574 4159 4160
f 163 4161 2578
f 1054 4162 4161
f 648 2578 4162
f 4161 4162 2578
f 271 4163 4165
f 1055 4164 4163
f 1054 4165 4164
f 4163 4164 4165
f 648 4162 4159
f 1054 4164 4162
f 1055 4159 4164
f 4162 4164 4159
f 246 4158 4148
f 1053 4166 4158
f 1051 4148 4166
f 4158 4166 4148
f 271 4165 4154
f 1054 4167 4165
f 1053 4154 4167
f 4165 4167 4154
f 163 4151 4161
f 1051 4168 4151
f 1054 4161 4168
f 4151 4168 4161
f 1053 4167 4166
f 1054 4168 4167
f 1051 4166 4168
f 4167 4168 4166
f 21 4169 3807
f 1056 4170 4169
f 965 3807 4170
f 4169 4170 3807
f 272 4171 4173
f 1057 4172 4171
f 1056 4173 4172
f 4171 4172 4173
f 249 3812 4175
f 965 4174 3812
f 1057 4175 4174
f 3812 4174 4175
f 1056 4172 4170
f 1057 4174 4172
f 965 4170 4174
f 4172 4174 4170
f 73 4176 4178
f 1058 4177 4176
f 1060 4178 4177
f 4176 4177 4178
f 273 4179 4181
f 1059 4180 4179
f 1058 4181 4180
f 4179 4180 4181
f 272 4182 4184
f 1060 4183 4182
f 1059 4184 4183
f 4182 4183 4184
f 1058 4180 4177
f 1059 4183 4180
f 1060 4177 4183
f 4180 4183 4177
f 67 3818 4186
f 970 4185 3818
f 1062 4186 4185
f 3818 4185 4186
f 249 4187 3822
f 1061 4188 4187
f 970 3822 4188
f 4187 4188 3822
f 273 4189 4191
f 1062 4190 4189
f 1061 4191 4190
f 4189 4190 4191
f 970 4188 4185
f 1061 4190 4188
f 1062 4185 4190
f 4188 4190 4185
f 272 4184 4171
f 1059 4192 4184
f 1057 4171 4192
f 4184 4192 4171
f 273 4191 4179
f 1061 4193 4191
f 1059 4179 4193
f 4191 4193 4179
f 249 4175 4187
f 1057 4194 4175
f 1061 4187 4194
f 4175 4194 4187
f 1059 4193 4192
f 1061 4194 4193
f 1057 4192 4194
f 4193 4194 4192
f 13 2595 4196
f 654 4195 2595
f 1064 4196 4195
f 2595 4195 4196
f 168 4197 2599
f 1063 4198 4197
f 654 2599 4198
f 4197 4198 2599
f 275 4199 4201
f 1064 4200 4199
f 1063 4201 4200
f 4199 4200 4201
f 654 4198 4195
f 1063 4200 4198
f 1064 4195 4200
f 4198 4200 4195
f 43 4202 2611
f 1065 4203 4202
f 658 2611 4203
f 4202 4203 2611
f 274 4204 4206
f 1066 4205 4204
f 1065 4206 4205
f 4204 4205 4206
f 168 2616 4208
f 658 4207 2616
f 1066 4208 4207
f 2616 4207 4208
f 1065 4205 4203
f 1066 4207 4205
f 658 4203 4207
f 4205 4207 4203
f 73 4209 4211
f 1067 4210 4209
f 1069 4211 4210
f 4209 4210 4211
f 275 4212 4214
f 1068 4213 4212
f 1067 4214 4213
f 4212 4213 4214
f 274 4215 4217
f 1069 4216 4215
f 1068 4217 4216
f 4215 4216 4217
f 1067 4213 4210
f 1068 4216 4213
f 1069 4210 4216
f 4213 4216 4210
f 168 4208 4197
f 1066 4218 4208
f 1063 4197 4218
f 4208 4218 4197
f 274 4217 4204
f 1068 4219 4217
f 1066 4204 4219
f 4217 4219 4204
f 275 4201 4212
f 1063 4220 4201
f 1068 4212 4220
f 4201 4220 4212
f 1066 4219 4218
f 1068 4220 4219
f 1063 4218 4220
f 4219 4220 4218
f 67 4186 4152
f 1062 4221 4186
f 1052 4152 4221
f 4186 4221 4152
f 273 4222 4189
f 1070 4223 4222
f 1062 4189 4223
f 4222 4223 4189
f 271 4156 4225
f 1052 4224 4156
f 1070 4225 4224
f 4156 4224 4225
f 1062 4223 4221
f 1070 4224 4223
f 1052 4221 4224
f 4223 4224 4221
f 73 4211 4176
f 1069 4226 4211
f 1058 4176 4226
f 4211 4226 4176
f 274 4227 4215
f 1071 4228 4227
f 1069 4215 4228
f 4227 4228 4215
f 273 4181 4230
f 1058 4229 4181
f 1071 4230 4229
f 4181 4229 4230
f 1069 4228 4226
f 1071 4229 4228
f 1058 4226 4229
f 4228 4229 4226
f 43 4160 4202
f 1055 4231 4160
f 1065 4202 4231
f 4160 4231 4202
f 271 4232 4163
f 1072 4233 4232
f 1055 4163 4233
f 4232 4233 4163
f 274 4206 4235
f 1065 4234 4206
f 1072 4235 4234
f 4206 4234 4235
f 1055 4233 4231
f 1072 4234 4233
f 1065 4231 4234
f 4233 4234 4231
f 273 4230 4222
f 1071 4236 4230
f 1070 4222 4236
f 4230 4236 4222
f 274 4235 4227
f 1072 4237 4235
f 1071 4227 4237
f 4235 4237 4227
f 271 4225 4232
f 1070 4238 4225
f 1072 4232 4238
f 4225 4238 4232
f 1071 4237 4236
f 1072 4238 4237
f 1070 4236 4238
f 4237 4238 4236
f 11 4239 3955
f 1073 4240 4239
f 1003 3955 4240
f 4239 4240 3955
f 276 4241 4243
f 1074 4242 4241
f 1073 4243 4242
f 4241 4242 4243
f 259 3960 4245
f 1003 4244 3960
f 1074 4245 4244
f 3960 4244 4245
f 1073 4242 4240
f 1074 4244 4242
f 1003 4240 4244
f 4242 4244 4240
f 74 4246 4248
f 1075 4247 4246
f 1077 4248 4247
f 4246 4247 4248
f 277 4249 4251
f 1076 4250 4249
f 1075 4251 4250
f 4249 4250 4251
f 276 4252 4254
f 1077 4253 4252
f 1076 4254 4253
f 4252 4253 4254
f 1075 4250 4247
f 1076 4253 4250
f 1077 4247 4253
f 4250 4253 4247
f 70 3966 4256
f 1008 4255 3966
f 1079 4256 4255
f 3966 4255 4256
f 259 4257 3970
f 1078 4258 4257
f 1008 3970 4258
f 4257 4258 3970
f 277 4259 4261
f 1079 4260 4259
f 1078 4261 4260
f 4259 4260 4261
f 1008 4258 4255
f 1078 4260 4258
f 1079 4255 4260
f 4258 4260 4255
f 276 4254 4241
f 1076 4262 4254
f 1074 4241 4262
f 4254 4262 4241
f 277 4261 4249
f 1078 4263 4261
f 1076 4249 4263
f 4261 4263 4249
f 259 4245 4257
f 1074 4264 4245
f 1078 4257 4264
f 4245 4264 4257
f 1076 4263 4262
f 1078 4264 4263
f 1074 4262 4264
f 4263 4264 4262
f 22 4265 4267
f 1080 4266 4265
f 1082 4267 4266
f 4265 4266 4267
f 278 4268 4270
f 1081 4269 4268
f 1080 4270 4269
f 4268 4269 4270
f 280 4271 4273
f 1082 4272 4271
f 1081 4273 4272
f 4271 4272 4273
f 1080 4269 4266
f 1081 4272 4269
f 1082 4266 4272
f 4269 4272 4266
f 75 4274 4276
f 1083 4275 4274
f 1085 4276 4275
f 4274 4275 4276
f 279 4277 4279
f 1084 4278 4277
f 1083 4279 4278
f 4277 4278 4279
f 278 4280 4282
f 1085 4281 4280
f 1084 4282 4281
f 4280 4281 4282
f 1083 4278 4275
f 1084 4281 4278
f 1085 4275 4281
f 4278 4281 4275
f 74 4283 4285
f 1086 4284 4283
f 1088 4285 4284
f 4283 4284 4285
f 280 4286 4288
f 1087 4287 4286
f 1086 4288 4287
f 4286 4287 4288
f 279 4289 4291
f 1088 4290 4289
f 1087 4291 4290
f 4289 4290 4291
f 1086 4287 4284
f 1087 4290 4287
f 1088 4284 4290
f 4287 4290 4284
f 278 4282 4268
f 1084 4292 4282
f 1081 4268 4292
f 4282 4292 4268
f 279 4291 4277
f 1087 4293 4291
f 1084 4277 4293
f 4291 4293 4277
f 280 4273 4286
f 1081 4294 4273
f 1087 4286 4294
f 4273 4294 4286
f 1084 4293 4292
f 1087 4294 4293
f 1081 4292 4294
f 4293 4294 4292
f 21 3987 4296
f 1014 4295 3987
f 1090 4296 4295
f 3987 4295 4296
f 264 4297 3991
f 1089 4298 4297
f 1014 3991 4298
f 4297 4298 3991
f 282 4299 4301
f 1090 4300 4299
f 1089 4301 4300
f 4299 4300 4301
f 1014 4298 4295
f 1089 4300 4298
f 1090 4295 4300
f 4298 4300 4295
f 70 4302 4003
f 1091 4303 4302
f 1018 4003 4303
f 4302 4303 4003
f 281 4304 4306
f 1092 4305 4304
f 1091 4306 4305
f 4304 4305 4306
f 264 4008 4308
f 1018 4307 4008
f 1092 4308 4307
f 4008 4307 4308
f 1091 4305 4303
f 1092 4307 4305
f 1018 4303 4307
f 4305 4307 4303
f 75 4309 4311
f 1093 4310 4309
f 1095 4311 4310
f 4309 4310 4311
f 282 4312 4314
f 1094 4313 4312
f 1093 4314 4313
f 4312 4313 4314
f 281 4315 4317
f 1095 4316 4315
f 1094 4317 4316
f 4315 4316 4317
f 1093 4313 4310
f 1094 4316 4313
f 1095 4310 4316
f 4313 4316 4310
f 264 4308 4297
f 1092 4318 4308
f 1089 4297 4318
f 4308 4318 4297
f 281 4317 4304
f 1094 4319 4317
f 1092 4304 4319
f 4317 4319 4304
f 282 4301 4312
f 1089 4320 4301
f 1094 4312 4320
f 4301 4320 4312
f 1092 4319 4318
f 1094 4320 4319
f 1089 4318 4320
f 4319 4320 4318
f 74 4285 4246
f 1088 4321 4285
f 1075 4246 4321
f 4285 4321 4246
f 279 4322 4289
f 1096 4323 4322
f 1088 4289 4323
f 4322 4323 4289
f 277 4251 4325
f 1075 4324 4251
f 1096 4325 4324
f 4251 4324 4325
f 1088 4323 4321
f 1096 4324 4323
f 1075 4321 4324
f 4323 4324 4321
f 75 4311 4274
f 1095 4326 4311
f 1083 4274 4326
f 4311 4326 4274
f 281 4327 4315
f 1097 4328 4327
f 1095 4315 4328
f 4327 4328 4315
f 279 4279 4330
f 1083 4329 4279
f 1097 4330 4329
f 4279 4329 4330
f 1095 4328 4326
f 1097 4329 4328
f 1083 4326 4329
f 4328 4329 4326
f 70 4256 4302
f 1079 4331 4256
f 1091 4302 4331
f 4256 4331 4302
f 277 4332 4259
f 1098 4333 4332
f 1079 4259 4333
f 4332 4333 4259
f 281 4306 4335
f 1091 4334 4306
f 1098 4335 4334
f 4306 4334 4335
f 1079 4333 4331
f 1098 4334 4333
f 1091 4331 4334
f 4333 4334 4331
f 279 4330 4322
f 1097 4336 4330
f 1096 4322 4336
f 4330 4336 4322
f 281 4335 4327
f 1098 4337 4335
f 1097 4327 4337
f 4335 4337 4327
f 277 4325 4332
f 1096 4338 4325
f 1098 4332 4338
f 4325 4338 4332
f 1097 4337 4336
f 1098 4338 4337
f 1096 4336 4338
f 4337 4338 4336
f 12 2673 4340
f 675 4339 2673
f 1100 4340 4339
f 2673 4339 4340
f 174 4341 2677
f 1099 4342 4341
f 675 2677 4342
f 4341 4342 2677
f 284 4343 4345
f 1100 4344 4343
f 1099 4345 4344
f 4343 4344 4345
f 675 4342 4339
f 1099 4344 4342
f 1100 4339 4344
f 4342 4344 4339
f 48 4346 2689
f 1101 4347 4346
f 679 2689 4347
f 4346 4347 2689
f 283 4348 4350
f 1102 4349 4348
f 1101 4350 4349
f 4348 4349 4350
f 174 2694 4352
f 679 4351 2694
f 1102 4352 4351
f 2694 4351 4352
f 1101 4349 4347
f 1102 4351 4349
f 679 4347 4351
f 4349 4351 4347
f 77 4353 4355
f 1103 4354 4353
f 1105 4355 4354
f 4353 4354 4355
f 284 4356 4358
f 1104 4357 4356
f 1103 4358 4357
f 4356 4357 4358
f 283 4359 4361
f 1105 4360 4359
f 1104 4361 4360
f 4359 4360 4361
f 1103 4357 4354
f 1104 4360 4357
f 1105 4354 4360
f 4357 4360 4354
f 174 4352 4341
f 1102 4362 4352
f 1099 4341 4362
f 4352 4362 4341
f 283 4361 4348
f 1104 4363 4361
f 1102 4348 4363
f 4361 4363 4348
f 284 4345 4356
f 1099 4364 4345
f 1104 4356 4364
f 4345 4364 4356
f 1102 4363 4362
f 1104 4364 4363
f 1099 4362 4364
f 4363 4364 4362
f 13 4365 2731
f 1106 4366 4365
f 691 2731 4366
f 4365 4366 2731
f 285 4367 4369
f 1107 4368 4367
f 1106 4369 4368
f 4367 4368 4369
f 178 2736 4371
f 691 4370 2736
f 1107 4371 4370
f 2736 4370 4371
f 1106 4368 4366
f 1107 4370 4368
f 691 4366 4370
f 4368 4370 4366
f 76 4372 4374
f 1108 4373 4372
f 1110 4374 4373
f 4372 4373 4374
f 286 4375 4377
f 1109 4376 4375
f 1108 4377 4376
f 4375 4376 4377
f 285 4378 4380
f 1110 4379 4378
f 1109 4380 4379
f 4378 4379 4380
f 1108 4376 4373
f 1109 4379 4376
f 1110 4373 4379
f 4376 4379 4373
f 48 2742 4382
f 696 4381 2742
f 1112 4382 4381
f 2742 4381 4382
f 178 4383 2746
f 1111 4384 4383
f 696 2746 4384
f 4383 4384 2746
f 286 4385 4387
f 1112 4386 4385
f 1111 4387 4386
f 4385 4386 4387
f 696 4384 4381
f 1111 4386 4384
f 1112 4381 4386
f 4384 4386 4381
f 285 4380 4367
f 1109 4388 4380
f 1107 4367 4388
f 4380 4388 4367
f 286 4387 4375
f 1111 4389 4387
f 1109 4375 4389
f 4387 4389 4375
f 178 4371 4383
f 1107 4390 4371
f 1111 4383 4390
f 4371 4390 4383
f 1109 4389 4388
f 1111 4390 4389
f 1107 4388 4390
f 4389 4390 4388
f 22 4391 4393
f 1113 4392 4391
f 1115 4393 4392
f 4391 4392 4393
f 287 4394 4396
f 1114 4395 4394
f 1113 4396 4395
f 4394 4395 4396
f 289 4397 4399
f 1115 4398 4397
f 1114 4399 4398
f 4397 4398 4399
f 1113 4395 4392
f 1114 4398 4395
f 1115 4392 4398
f 4395 4398 4392
f 77 4400 4402
f 1116 4401 4400
f 1118 4402 4401
f 4400 4401 4402
f 288 4403 4405
f 1117 4404 4403
f 1116 4405 4404
f 4403 4404 4405
f 287 4406 4408
f 1118 4407 4406
f 1117 4408 4407
f 4406 4407 4408
f 1116 4404 4401
f 1117 4407 4404
f 1118 4401 4407
f 4404 4407 4401
f 76 4409 4411
f 1119 4410 4409
f 1121 4411 4410
f 4409 4410 4411
f 289 4412 4414
f 1120 4413 4412
f 1119 4414 4413
f 4412 4413 4414
f 288 4415 4417
f 1121 4416 4415
f 1120 4417 4416
f 4415 4416 4417
f 1119 4413 4410
f 1120 4416 4413
f 1121 4410 4416
f 4413 4416 4410
f 287 4408 4394
f 1117 4418 4408
f 1114 4394 4418
f 4408 4418 4394
f 288 4417 4403
f 1120 4419 4417
f 1117 4403 4419
f 4417 4419 4403
f 289 4399 4412
f 1114 4420 4399
f 1120 4412 4420
f 4399 4420 4412
f 1117 4419 4418
f 1120 4420 4419
f 1114 4418 4420
f 4419 4420 4418
f 48 4382 4346
f 1112 4421 4382
f 1101 4346 4421
f 4382 4421 4346
f 286 4422 4385
f 1122 4423 4422
f 1112 4385 4423
f 4422 4423 4385
f 283 4350 4425
f 1101 4424 4350
f 1122 4425 4424
f 4350 4424 4425
f 1112 4423 4421
f 1122 4424 4423
f 1101 4421 4424
f 4423 4424 4421
f 76 4411 4372
f 1121 4426 4411
f 1108 4372 4426
f 4411 4426 4372
f 288 4427 4415
f 1123 4428 4427
f 1121 4415 4428
f 4427 4428 4415
f 286 4377 4430
f 1108 4429 4377
f 1123 4430 4429
f 4377 4429 4430
f 1121 4428 4426
f 1123 4429 4428
f 1108 4426 4429
f 4428 4429 4426
f 77 4355 4400
f 1105 4431 4355
f 1116 4400 4431
f 4355 4431 4400
f 283 4432 4359
f 1124 4433 4432
f 1105 4359 4433
f 4432 4433 4359
f 288 4405 4435
f 1116 4434 4405
f 1124 4435 4434
f 4405 4434 4435
f 1105 4433 4431
f 1124 4434 4433
f 1116 4431 4434
f 4433 4434 4431
f 286 4430 4422
f 1123 4436 4430
f 1122 4422 4436
f 4430 4436 4422
f 288 4435 4427
f 1124 4437 4435
f 1123 4427 4437
f 4435 4437 4427
f 283 4425 4432
f 1122 4438 4425
f 1124 4432 4438
f 4425 4438 4432
f 1123 4437 4436
f 1124 4438 4437
f 1122 4436 4438
f 4437 4438 4436
f 21 4296 4169
f 1090 4439 4296
f 1056 4169 4439
f 4296 4439 4169
f 282 4440 4299
f 1125 4441 4440
f 1090 4299 4441
f 4440 4441 4299
f 272 4173 4443
f 1056 4442 4173
f 1125 4443 4442
f 4173 4442 4443
f 1090 4441 4439
f 1125 4442 4441
f 1056 4439 4442
f 4441 4442 4439
f 75 4444 4309
f 1126 4445 4444
f 1093 4309 4445
f 4444 4445 4309
f 290 4446 4448
f 1127 4447 4446
f 1126 4448 4447
f 4446 4447 4448
f 282 4314 4450
f 1093 4449 4314
f 1127 4450 4449
f 4314 4449 4450
f 1126 4447 4445
f 1127 4449 4447
f 1093 4445 4449
f 4447 4449 4445
f 73 4178 4452
f 1060 4451 4178
f 1129 4452 4451
f 4178 4451 4452
f 272 4453 4182
f 1128 4454 4453
f 1060 4182 4454
f 4453 4454 4182
f 290 4455 4457
f 1129 4456 4455
f 1128 4457 4456
f 4455 4456 4457
f 1060 4454 4451
f 1128 4456 4454
f 1129 4451 4456
f 4454 4456 4451
f 282 4450 4440
f 1127 4458 4450
f 1125 4440 4458
f 4450 4458 4440
f 290 4457 4446
f 1128 4459 4457
f 1127 4446 4459
f 4457 4459 4446
f 272 4443 4453
f 1125 4460 4443
f 1128 4453 4460
f 4443 4460 4453
f 1127 4459 4458
f 1128 4460 4459
f 1125 4458 4460
f 4459 4460 4458
f 22 4393 4265
f 1115 4461 4393
f 1080 4265 4461
f 4393 4461 4265
f 289 4462 4397
f 1130 4463 4462
f 1115 4397 4463
f 4462 4463 4397
f 278 4270 4465
f 1080 4464 4270
f 1130 4465 4464
f 4270 4464 4465
f 1115 4463 4461
f 1130 4464 4463
f 1080 4461 4464
f 4463 4464 4461
f 76 4466 4409
f 1131 4467 4466
f 1119 4409 4467
f 4466 4467 4409
f 291 4468 4470
f 1132 4469 4468
f 1131 4470 4469
f 4468 4469 4470
f 289 4414 4472
f 1119 4471 4414
f 1132 4472 4471
f 4414 4471 4472
f 1131 4469 4467
f 1132 4471 4469
f 1119 4467 4471
f 4469 4471 4467
f 75 4276 4474
f 1085 4473 4276
f 1134 4474 4473
f 4276 4473 4474
f 278 4475 4280
f 1133 4476 4475
f 1085 4280 4476
f 4475 4476 4280
f 291 4477 4479
f 1134 4478 4477
f 1133 4479 4478
f 4477 4478 4479
f 1085 4476 4473
f 1133 4478 4476
f 1134 4473 4478
f 4476 4478 4473
f 289 4472 4462
f 1132 4480 4472
f 1130 4462 4480
f 4472 4480 4462
f 291 4479 4468
f 1133 4481 4479
f 1132 4468 4481
f 4479 4481 4468
f 278 4465 4475
f 1130 4482 4465
f 1133 4475 4482
f 4465 4482 4475
f 1132 4481 4480
f 1133 4482 4481
f 1130 4480 4482
f 4481 4482 4480
f 13 4196 4365
f 1064 4483 4196
f 1106 4365 4483
f 4196 4483 4365
f 275 4484 4199
f 1135 4485 4484
f 1064 4199 4485
f 4484 4485 4199
f 285 4369 4487
f 1106 4486 4369
f 1135 4487 4486
f 4369 4486 4487
f 1064 4485 4483
f 1135 4486 4485
f 1106 4483 4486
f 4485 4486 4483
f 73 4488 4209
f 1136 4489 4488
f 1067 4209 4489
f 4488 4489 4209
f 292 4490 4492
f 1137 4491 4490
f 1136 4492 4491
f 4490 4491 4492
f 275 4214 4494
f 1067 4493 4214
f 1137 4494 4493
f 4214 4493 4494
f 1136 4491 4489
f 1137 4493 4491
f 1067 4489 4493
f 4491 4493 4489
f 76 4374 4496
f 1110 4495 4374
f 1139 4496 4495
f 4374 4495 4496
f 285 4497 4378
f 1138 4498 4497
f 1110 4378 4498
f 4497 4498 4378
f 292 4499 4501
f 1139 4500 4499
f 1138 4501 4500
f 4499 4500 4501
f 1110 4498 4495
f 1138 4500 4498
f 1139 4495 4500
f 4498 4500 4495
f 275 4494 4484
f 1137 4502 4494
f 1135 4484 4502
f 4494 4502 4484
f 292 4501 4490
f 1138 4503 4501
f 1137 4490 4503
f 4501 4503 4490
f 285 4487 4497
f 1135 4504 4487
f 1138 4497 4504
f 4487 4504 4497
f 1137 4503 4502
f 1138 4504 4503
f 1135 4502 4504
f 4503 4504 4502
f 75 4474 4444
f 1134 4505 4474
f 1126 4444 4505
f 4474 4505 4444
f 291 4506 4477
f 1140 4507 4506
f 1134 4477 4507
f 4506 4507 4477
f 290 4448 4509
f 1126 4508 4448
f 1140 4509 4508
f 4448 4508 4509
f 1134 4507 4505
f 1140 4508 4507
f 1126 4505 4508
f 4507 4508 4505
f 76 4496 4466
f 1139 4510 4496
f 1131 4466 4510
f 4496 4510 4466
f 292 4511 4499
f 1141 4512 4511
f 1139 4499 4512
f 4511 4512 4499
f 291 4470 4514
f 1131 4513 4470
f 1141 4514 4513
f 4470 4513 4514
f 1139 4512 4510
f 1141 4513 4512
f 1131 4510 4513
f 4512 4513 4510
f 73 4452 4488
f 1129 4515 4452
f 1136 4488 4515
f 4452 4515 4488
f 290 4516 4455
f 1142 4517 4516
f 1129 4455 4517
f 4516 4517 4455
f 292 4492 4519
f 1136 4518 4492
f 1142 4519 4518
f 4492 4518 4519
f 1129 4517 4515
f 1142 4518 4517
f 1136 4515 4518
f 4517 4518 4515
f 291 4514 4506
f 1141 4520 4514
f 1140 4506 4520
f 4514 4520 4506
f 292 4519 4511
f 1142 4521 4519
f 1141 4511 4521
f 4519 4521 4511
f 290 4509 4516
f 1140 4522 4509
f 1142 4516 4522
f 4509 4522 4516
f 1141 4521 4520
f 1142 4522 4521
f 1140 4520 4522
f 4521 4522 4520
f 2 3173 4524
f 805 4523 3173
f 1144 4524 4523
f 3173 4523 4524
f 209 4525 3177
f 1143 4526 4525
f 805 3177 4526
f 4525 4526 3177
f 294 4527 4529
f 1144 4528 4527
f 1143 4529 4528
f 4527 4528 4529
f 805 4526 4523
f 1143 4528 4526
f 1144 4523 4528
f 4526 4528 4523
f 58 4530 3189
f 1145 4531 4530
f 809 3189 4531
f 4530 4531 3189
f 293 4532 4534
f 1146 4533 4532
f 1145 4534 4533
f 4532 4533 4534
f 209 3194 4536
f 809 4535 3194
f 1146 4536 4535
f 3194 4535 4536
f 1145 4533 4531
f 1146 4535 4533
f 809 4531 4535
f 4533 4535 4531
f 79 4537 4539
f 1147 4538 4537
f 1149 4539 4538
f 4537 4538 4539
f 294 4540 4542
f 1148 4541 4540
f 1147 4542 4541
f 4540 4541 4542
f 293 4543 4545
f 1149 4544 4543
f 1148 4545 4544
f 4543 4544 4545
f 1147 4541 4538
f 1148 4544 4541
f 1149 4538 4544
f 4541 4544 4538
f 209 4536 4525
f 1146 4546 4536
f 1143 4525 4546
f 4536 4546 4525
f 293 4545 4532
f 1148 4547 4545
f 1146 4532 4547
f 4545 4547 4532
f 294 4529 4540
f 1143 4548 4529
f 1148 4540 4548
f 4529 4548 4540
f 1146 4547 4546
f 1148 4548 4547
f 1143 4546 4548
f 4547 4548 4546
f 16 4549 3231
f 1150 4550 4549
f 821 3231 4550
f 4549 4550 3231
f 295 4551 4553
f 1151 4552 4551
f 1150 4553 4552
f 4551 4552 4553
f 213 3236 4555
f 821 4554 3236
f 1151 4555 4554
f 3236 4554 4555
f 1150 4552 4550
f 1151 4554 4552
f 821 4550 4554
f 4552 4554 4550
f 78 4556 4558
f 1152 4557 4556
f 1154 4558 4557
f 4556 4557 4558
f 296 4559 4561
f 1153 4560 4559
f 1152 4561 4560
f 4559 4560 4561
f 295 4562 4564
f 1154 4563 4562
f 1153 4564 4563
f 4562 4563 4564
f 1152 4560 4557
f 1153 4563 4560
f 1154 4557 4563
f 4560 4563 4557
f 58 3242 4566
f 826 4565 3242
f 1156 4566 4565
f 3242 4565 4566
f 213 4567 3246
f 1155 4568 4567
f 826 3246 4568
f 4567 4568 3246
f 296 4569 4571
f 1156 4570 4569
f 1155 4571 4570
f 4569 4570 4571
f 826 4568 4565
f 1155 4570 4568
f 1156 4565 4570
f 4568 4570 4565
f 295 4564 4551
f 1153 4572 4564
f 1151 4551 4572
f 4564 4572 4551
f 296 4571 4559
f 1155 4573 4571
f 1153 4559 4573
f 4571 4573 4559
f 213 4555 4567
f 1151 4574 4555
f 1155 4567 4574
f 4555 4574 4567
f 1153 4573 4572
f 1155 4574 4573
f 1151 4572 4574
f 4573 4574 4572
f 24 4575 4577
f 1157 4576 4575
f 1159 4577 4576
f 4575 4576 4577
f 297 4578 4580
f 1158 4579 4578
f 1157 4580 4579
f 4578 4579 4580
f 299 4581 4583
f 1159 4582 4581
f 1158 4583 4582
f 4581 4582 4583
f 1157 4579 4576
f 1158 4582 4579
f 1159 4576 4582
f 4579 4582 4576
f 79 4584 4586
f 1160 4585 4584
f 1162 4586 4585
f 4584 4585 4586
f 298 4587 4589
f 1161 4588 4587
f 1160 4589 4588
f 4587 4588 4589
f 297 4590 4592
f 1162 4591 4590
f 1161 4592 4591
f 4590 4591 4592
f 1160 4588 4585
f 1161 4591 4588
f 1162 4585 4591
f 4588 4591 4585
f 78 4593 4595
f 1163 4594 4593
f 1165 4595 4594
f 4593 4594 4595
f 299 4596 4598
f 1164 4597 4596
f 1163 4598 4597
f 4596 4597 4598
f 298 4599 4601
f 1165 4600 4599
f 1164 4601 4600
f 4599 4600 4601
f 1163 4597 4594
f 1164 4600 4597
f 1165 4594 4600
f 4597 4600 4594
f 297 4592 4578
f 1161 4602 4592
f 1158 4578 4602
f 4592 4602 4578
f 298 4601 4587
f 1164 4603 4601
f 1161 4587 4603
f 4601 4603 4587
f 299 4583 4596
f 1158 4604 4583
f 1164 4596 4604
f 4583 4604 4596
f 1161 4603 4602
f 1164 4604 4603
f 1158 4602 4604
f 4603 4604 4602
f 58 4566 4530
f 1156 4605 4566
f 1145 4530 4605
f 4566 4605 4530
f 296 4606 4569
f 1166 4607 4606
f 1156 4569 4607
f 4606 4607 4569
f 293 4534 4609
f 1145 4608 4534
f 1166 4609 4608
f 4534 4608 4609
f 1156 4607 4605
f 1166 4608 4607
f 1145 4605 4608
f 4607 4608 4605
f 78 4595 4556
f 1165 4610 4595
f 1152 4556 4610
f 4595 4610 4556
f 298 4611 4599
f 1167 4612 4611
f 1165 4599 4612
f 4611 4612 4599
f 296 4561 4614
f 1152 4613 4561
f 1167 4614 4613
f 4561 4613 4614
f 1165 4612 4610
f 1167 4613 4612
f 1152 4610 4613
f 4612 4613 4610
f 79 4539 4584
f 1149 4615 4539
f 1160 4584 4615
f 4539 4615 4584
f 293 4616 4543
f 1168 4617 4616
f 1149 4543 4617
f 4616 4617 4543
f 298 4589 4619
f 1160 4618 4589
f 1168 4619 4618
f 4589 4618 4619
f 1149 4617 4615
f 1168 4618 4617
f 1160 4615 4618
f 4617 4618 4615
f 296 4614 4606
f 1167 4620 4614
f 1166 4606 4620
f 4614 4620 4606
f 298 4619 4611
f 1168 4621 4619
f 1167 4611 4621
f 4619 4621 4611
f 293 4609 4616
f 1166 4622 4609
f 1168 4616 4622
f 4609 4622 4616
f 1167 4621 4620
f 1168 4622 4621
f 1166 4620 4622
f 4621 4622 4620
f 6 4623 3071
f 1169 4624 4623
f 777 3071 4624
f 4623 4624 3071
f 300 4625 4627
f 1170 4626 4625
f 1169 4627 4626
f 4625 4626 4627
f 200 3075 4629
f 777 4628 3075
f 1170 4629 4628
f 3075 4628 4629
f 1169 4626 4624
f 1170 4628 4626
f 777 4624 4628
f 4626 4628 4624
f 80 4630 4632
f 1171 4631 4630
f 1173 4632 4631
f 4630 4631 4632
f 301 4633 4635
f 1172 4634 4633
f 1171 4635 4634
f 4633 4634 4635
f 300 4636 4638
f 1173 4637 4636
f 1172 4638 4637
f 4636 4637 4638
f 1171 4634 4631
f 1172 4637 4634
f 1173 4631 4637
f 4634 4637 4631
f 54 3080 4640
f 781 4639 3080
f 1175 4640 4639
f 3080 4639 4640
f 200 4641 3084
f 1174 4642 4641
f 781 3084 4642
f 4641 4642 3084
f 301 4643 4645
f 1175 4644 4643
f 1174 4645 4644
f 4643 4644 4645
f 781 4642 4639
f 1174 4644 4642
f 1175 4639 4644
f 4642 4644 4639
f 300 4638 4625
f 1172 4646 4638
f 1170 4625 4646
f 4638 4646 4625
f 301 4645 4633
f 1174 4647 4645
f 1172 4633 4647
f 4645 4647 4633
f 200 4629 4641
f 1170 4648 4629
f 1174 4641 4648
f 4629 4648 4641
f 1172 4647 4646
f 1174 4648 4647
f 1170 4646 4648
f 4647 4648 4646
f 23 4649 4651
f 1176 4650 4649
f 1178 4651 4650
f 4649 4650 4651
f 302 4652 4654
f 1177 4653 4652
f 1176 4654 4653
f 4652 4653 4654
f 304 4655 4657
f 1178 4656 4655
f 1177 4657 4656
f 4655 4656 4657
f 1176 4653 4650
f 1177 4656 4653
f 1178 4650 4656
f 4653 4656 4650
f 81 4658 4660
f 1179 4659 4658
f 1181 4660 4659
f 4658 4659 4660
f 303 4661 4663
f 1180 4662 4661
f 1179 4663 4662
f 4661 4662 4663
f 302 4664 4666
f 1181 4665 4664
f 1180 4666 4665
f 4664 4665 4666
f 1179 4662 4659
f 1180 4665 4662
f 1181 4659 4665
f 4662 4665 4659
f 80 4667 4669
f 1182 4668 4667
f 1184 4669 4668
f 4667 4668 4669
f 304 4670 4672
f 1183 4671 4670
f 1182 4672 4671
f 4670 4671 4672
f 303 4673 4675
f 1184 4674 4673
f 1183 4675 4674
f 4673 4674 4675
f 1182 4671 4668
f 1183 4674 4671
f 1184 4668 4674
f 4671 4674 4668
f 302 4666 4652
f 1180 4676 4666
f 1177 4652 4676
f 4666 4676 4652
f 303 4675 4661
f 1183 4677 4675
f 1180 4661 4677
f 4675 4677 4661
f 304 4657 4670
f 1177 4678 4657
f 1183 4670 4678
f 4657 4678 4670
f 1180 4677 4676
f 1183 4678 4677
f 1177 4676 4678
f 4677 4678 4676
f 16 3099 4680
f 786 4679 3099
f 1186 4680 4679
f 3099 4679 4680
f 204 4681 3103
f 1185 4682 4681
f 786 3103 4682
f 4681 4682 3103
f 306 4683 4685
f 1186 4684 4683
f 1185 4685 4684
f 4683 4684 4685
f 786 4682 4679
f 1185 4684 4682
f 1186 4679 4684
f 4682 4684 4679
f 54 4686 3115
f 1187 4687 4686
f 790 3115 4687
f 4686 4687 3115
f 305 4688 4690
f 1188 4689 4688
f 1187 4690 4689
f 4688 4689 4690
f 204 3120 4692
f 790 4691 3120
f 1188 4692 4691
f 3120 4691 4692
f 1187 4689 4687
f 1188 4691 4689
f 790 4687 4691
f 4689 4691 4687
f 81 4693 4695
f 1189 4694 4693
f 1191 4695 4694
f 4693 4694 4695
f 306 4696 4698
f 1190 4697 4696
f 1189 4698 4697
f 4696 4697 4698
f 305 4699 4701
f 1191 4700 4699
f 1190 4701 4700
f 4699 4700 4701
f 1189 4697 4694
f 1190 4700 4697
f 1191 4694 4700
f 4697 4700 4694
f 204 4692 4681
f 1188 4702 4692
f 1185 4681 4702
f 4692 4702 4681
f 305 4701 4688
f 1190 4703 4701
f 1188 4688 4703
f 4701 4703 4688
f 306 4685 4696
f 1185 4704 4685
f 1190 4696 4704
f 4685 4704 4696
f 1188 4703 4702
f 1190 4704 4703
f 1185 4702 4704
f 4703 4704 4702
f 80 4669 4630
f 1184 4705 4669
f 1171 4630 4705
f 4669 4705 4630
f 303 4706 4673
f 1192 4707 4706
f 1184 4673 4707
f 4706 4707 4673
f 301 4635 4709
f 1171 4708 4635
f 1192 4709 4708
f 4635 4708 4709
f 1184 4707 4705
f 1192 4708 4707
f 1171 4705 4708
f 4707 4708 4705
f 81 4695 4658
f 1191 4710 4695
f 1179 4658 4710
f 4695 4710 4658
f 305 4711 4699
f 1193 4712 4711
f 1191 4699 4712
f 4711 4712 4699
f 303 4663 4714
f 1179 4713 4663
f 1193 4714 4713
f 4663 4713 4714
f 1191 4712 4710
f 1193 4713 4712
f 1179 4710 4713
f 4712 4713 4710
f 54 4640 4686
f 1175 4715 4640
f 1187 4686 4715
f 4640 4715 4686
f 301 4716 4643
f 1194 4717 4716
f 1175 4643 4717
f 4716 4717 4643
f 305 4690 4719
f 1187 4718 4690
f 1194 4719 4718
f 4690 4718 4719
f 1175 4717 4715
f 1194 4718 4717
f 1187 4715 4718
f 4717 4718 4715
f 303 4714 4706
f 1193 4720 4714
f 1192 4706 4720
f 4714 4720 4706
f 305 4719 4711
f 1194 4721 4719
f 1193 4711 4721
f 4719 4721 4711
f 301 4709 4716
f 1192 4722 4709
f 1194 4716 4722
f 4709 4722 4716
f 1193 4721 4720
f 1194 4722 4721
f 1192 4720 4722
f 4721 4722 4720
f 10 4723 4725
f 1195 4724 4723
f 1197 4725 4724
f 4723 4724 4725
f 307 4726 4728
f 1196 4727 4726
f 1195 4728 4727
f 4726 4727 4728
f 309 4729 4731
f 1197 4730 4729
f 1196 4731 4730
f 4729 4730 4731
f 1195 4727 4724
f 1196 4730 4727
f 1197 4724 4730
f 4727 4730 4724
f 82 4732 4734
f 1198 4733 4732
f 1200 4734 4733
f 4732 4733 4734
f 308 4735 4737
f 1199 4736 4735
f 1198 4737 4736
f 4735 4736 4737
f 307 4738 4740
f 1200 4739 4738
f 1199 4740 4739
f 4738 4739 4740
f 1198 4736 4733
f 1199 4739 4736
f 1200 4733 4739
f 4736 4739 4733
f 84 4741 4743
f 1201 4742 4741
f 1203 4743 4742
f 4741 4742 4743
f 309 4744 4746
f 1202 4745 4744
f 1201 4746 4745
f 4744 4745 4746
f 308 4747 4749
f 1203 4748 4747
f 1202 4749 4748
f 4747 4748 4749
f 1201 4745 4742
f 1202 4748 4745
f 1203 4742 4748
f 4745 4748 4742
f 307 4740 4726
f 1199 4750 4740
f 1196 4726 4750
f 4740 4750 4726
f 308 4749 4735
f 1202 4751 4749
f 1199 4735 4751
f 4749 4751 4735
f 309 4731 4744
f 1196 4752 4731
f 1202 4744 4752
f 4731 4752 4744
f 1199 4751 4750
f 1202 4752 4751
f 1196 4750 4752
f 4751 4752 4750
f 24 4753 4755
f 1204 4754 4753
f 1206 4755 4754
f 4753 4754 4755
f 310 4756 4758
f 1205 4757 4756
f 1204 4758 4757
f 4756 4757 4758
f 312 4759 4761
f 1206 4760 4759
f 1205 4761 4760
f 4759 4760 4761
f 1204 4757 4754
f 1205 4760 4757
f 1206 4754 4760
f 4757 4760 4754
f 83 4762 4764
f 1207 4763 4762
f 1209 4764 4763
f 4762 4763 4764
f 311 4765 4767
f 1208 4766 4765
f 1207 4767 4766
f 4765 4766 4767
f 310 4768 4770
f 1209 4769 4768
f 1208 4770 4769
f 4768 4769 4770
f 1207 4766 4763
f 1208 4769 4766
f 1209 4763 4769
f 4766 4769 4763
f 82 4771 4773
f 1210 4772 4771
f 1212 4773 4772
f 4771 4772 4773
f 312 4774 4776
f 1211 4775 4774
f 1210 4776 4775
f 4774 4775 4776
f 311 4777 4779
f 1212 4778 4777
f 1211 4779 4778
f 4777 4778 4779
f 1210 4775 4772
f 1211 4778 4775
f 1212 4772 4778
f 4775 4778 4772
f 310 4770 4756
f 1208 4780 4770
f 1205 4756 4780
f 4770 4780 4756
f 311 4779 4765
f 1211 4781 4779
f 1208 4765 4781
f 4779 4781 4765
f 312 4761 4774
f 1205 4782 4761
f 1211 4774 4782
f 4761 4782 4774
f 1208 4781 4780
f 1211 4782 4781
f 1205 4780 4782
f 4781 4782 4780
f 23 4783 4785
f 1213 4784 4783
f 1215 4785 4784
f 4783 4784 4785
f 313 4786 4788
f 1214 4787 4786
f 1213 4788 4787
f 4786 4787 4788
f 315 4789 4791
f 1215 4790 4789
f 1214 4791 4790
f 4789 4790 4791
f 1213 4787 4784
f 1214 4790 4787
f 1215 4784 4790
f 4787 4790 4784
f 84 4792 4794
f 1216 4793 4792
f 1218 4794 4793
f 4792 4793 4794
f 314 4795 4797
f 1217 4796 4795
f 1216 4797 4796
f 4795 4796 4797
f 313 4798 4800
f 1218 4799 4798
f 1217 4800 4799
f 4798 4799 4800
f 1216 4796 4793
f 1217 4799 4796
f 1218 4793 4799
f 4796 4799 4793
f 83 4801 4803
f 1219 4802 4801
f 1221 4803 4802
f 4801 4802 4803
f 315 4804 4806
f 1220 4805 4804
f 1219 4806 4805
f 4804 4805 4806
f 314 4807 4809
f 1221 4808 4807
f 1220 4809 4808
f 4807 4808 4809
f 1219 4805 4802
f 1220 4808 4805
f 1221 4802 4808
f 4805 4808 4802
f 313 4800 4786
f 1217 4810 4800
f 1214 4786 4810
f 4800 4810 4786
f 314 4809 4795
f 1220 4811 4809
f 1217 4795 4811
f 4809 4811 4795
f 315 4791 4804
f 1214 4812 4791
f 1220 4804 4812
f 4791 4812 4804
f 1217 4811 4810
f 1220 4812 4811
f 1214 4810 4812
f 4811 4812 4810
f 82 4773 4732
f 1212 4813 4773
f 1198 4732 4813
f 4773 4813 4732
f 311 4814 4777
f 1222 4815 4814
f 1212 4777 4815
f 4814 4815 4777
f 308 4737 4817
f 1198 4816 4737
f 1222 4817 4816
f 4737 4816 4817
f 1212 4815 4813
f 1222 4816 4815
f 1198 4813 4816
f 4815 4816 4813
f 83 4803 4762
f 1221 4818 4803
f 1207 4762 4818
f 4803 4818 4762
f 314 4819 4807
f 1223 4820 4819
f 1221 4807 4820
f 4819 4820 4807
f 311 4767 4822
f 1207 4821 4767
f 1223 4822 4821
f 4767 4821 4822
f 1221 4820 4818
f 1223 4821 4820
f 1207 4818 4821
f 4820 4821 4818
f 84 4743 4792
f 1203 4823 4743
f 1216 4792 4823
f 4743 4823 4792
f 308 4824 4747
f 1224 4825 4824
f 1203 4747 4825
f 4824 4825 4747
f 314 4797 4827
f 1216 4826 4797
f 1224 4827 4826
f 4797 4826 4827
f 1203 4825 4823
f 1224 4826 4825
f 1216 4823 4826
f 4825 4826 4823
f 311 4822 4814
f 1223 4828 4822
f 1222 4814 4828
f 4822 4828 4814
f 314 4827 4819
f 1224 4829 4827
f 1223 4819 4829
f 4827 4829 4819
f 308 4817 4824
f 1222 4830 4817
f 1224 4824 4830
f 4817 4830 4824
f 1223 4829 4828
f 1224 4830 4829
f 1222 4828 4830
f 4829 4830 4828
f 16 4680 4549
f 1186 4831 4680
f 1150 4549 4831
f 4680 4831 4549
f 306 4832 4683
f 1225 4833 4832
f 1186 4683 4833
f 4832 4833 4683
f 295 4553 4835
f 1150 4834 4553
f 1225 4835 4834
f 4553 4834 4835
f 1186 4833 4831
f 1225 4834 4833
f 1150 4831 4834
f 4833 4834 4831
f 81 4836 4693
f 1226 4837 4836
f 1189 4693 4837
f 4836 4837 4693
f 316 4838 4840
f 1227 4839 4838
f 1226 4840 4839
f 4838 4839 4840
f 306 4698 4842
f 1189 4841 4698
f 1227 4842 4841
f 4698 4841 4842
f 1226 4839 4837
f 1227 4841 4839
f 1189 4837 4841
f 4839 4841 4837
f 78 4558 4844
f 1154 4843 4558
f 1229 4844 4843
f 4558 4843 4844
f 295 4845 4562
f 1228 4846 4845
f 1154 4562 4846
f 4845 4846 4562
f 316 4847 4849
f 1229 4848 4847
f 1228 4849 4848
f 4847 4848 4849
f 1154 4846 4843
f 1228 4848 4846
f 1229 4843 4848
f 4846 4848 4843
f 306 4842 4832
f 1227 4850 4842
f 1225 4832 4850
f 4842 4850 4832
f 316 4849 4838
f 1228 4851 4849
f 1227 4838 4851
f 4849 4851 4838
f 295 4835 4845
f 1225 4852 4835
f 1228 4845 4852
f 4835 4852 4845
f 1227 4851 4850
f 1228 4852 4851
f 1225 4850 4852
f 4851 4852 4850
f 23 4785 4649
f 1215 4853 4785
f 1176 4649 4853
f 4785 4853 4649
f 315 4854 4789
f 1230 4855 4854
f 1215 4789 4855
f 4854 4855 4789
f 302 4654 4857
f 1176 4856 4654
f 1230 4857 4856
f 4654 4856 4857
f 1215 4855 4853
f 1230 4856 4855
f 1176 4853 4856
f 4855 4856 4853
f 83 4858 4801
f 1231 4859 4858
f 1219 4801 4859
f 4858 4859 4801
f 317 4860 4862
f 1232 4861 4860
f 1231 4862 4861
f 4860 4861 4862
f 315 4806 4864
f 1219 4863 4806
f 1232 4864 4863
f 4806 4863 4864
f 1231 4861 4859
f 1232 4863 4861
f 1219 4859 4863
f 4861 4863 4859
f 81 4660 4866
f 1181 4865 4660
f 1234 4866 4865
f 4660 4865 4866
f 302 4867 4664
f 1233 4868 4867
f 1181 4664 4868
f 4867 4868 4664
f 317 4869 4871
f 1234 4870 4869
f 1233 4871 4870
f 4869 4870 4871
f 1181 4868 4865
f 1233 4870 4868
f 1234 4865 4870
f 4868 4870 4865
f 315 4864 4854
f 1232 4872 4864
f 1230 4854 4872
f 4864 4872 4854
f 317 4871 4860
f 1233 4873 4871
f 1232 4860 4873
f 4871 4873 4860
f 302 4857 4867
f 1230 4874 4857
f 1233 4867 4874
f 4857 4874 4867
f 1232 4873 4872
f 1233 4874 4873
f 1230 4872 4874
f 4873 4874 4872
f 24 4577 4753
f 1159 4875 4577
f 1204 4753 4875
f 4577 4875 4753
f 299 4876 4581
f 1235 4877 4876
f 1159 4581 4877
f 4876 4877 4581
f 310 4758 4879
f 1204 4878 4758
f 1235 4879 4878
f 4758 4878 4879
f 1159 4877 4875
f 1235 4878 4877
f 1204 4875 4878
f 4877 4878 4875
f 78 4880 4593
f 1236 4881 4880
f 1163 4593 4881
f 4880 4881 4593
f 318 4882 4884
f 1237 4883 4882
f 1236 4884 4883
f 4882 4883 4884
f 299 4598 4886
f 1163 4885 4598
f 1237 4886 4885
f 4598 4885 4886
f 1236 4883 4881
f 1237 4885 4883
f 1163 4881 4885
f 4883 4885 4881
f 83 4764 4888
f 1209 4887 4764
f 1239 4888 4887
f 4764 4887 4888
f 310 4889 4768
f 1238 4890 4889
f 1209 4768 4890
f 4889 4890 4768
f 318 4891 4893
f 1239 4892 4891
f 1238 4893 4892
f 4891 4892 4893
f 1209 4890 4887
f 1238 4892 4890
f 1239 4887 4892
f 4890 4892 4887
f 299 4886 4876
f 1237 4894 4886
f 1235 4876 4894
f 4886 4894 4876
f 318 4893 4882
f 1238 4895 4893
f 1237 4882 4895
f 4893 4895 4882
f 310 4879 4889
f 1235 4896 4879
f 1238 4889 4896
f 4879 4896 4889
f 1237 4895 4894
f 1238 4896 4895
f 1235 4894 4896
f 4895 4896 4894
f 81 4866 4836
f 1234 4897 4866
f 1226 4836 4897
f 4866 4897 4836
f 317 4898 4869
f 1240 4899 4898
f 1234 4869 4899
f 4898 4899 4869
f 316 4840 4901
f 1226 4900 4840
f 1240 4901 4900
f 4840 4900 4901
f 1234 4899 4897
f 1240 4900 4899
f 1226 4897 4900
f 4899 4900 4897
f 83 4888 4858
f 1239 4902 4888
f 1231 4858 4902
f 4888 4902 4858
f 318 4903 4891
f 1241 4904 4903
f 1239 4891 4904
f 4903 4904 4891
f 317 4862 4906
f 1231 4905 4862
f 1241 4906 4905
f 4862 4905 4906
f 1239 4904 4902
f 1241 4905 4904
f 1231 4902 4905
f 4904 4905 4902
f 78 4844 4880
f 1229 4907 4844
f 1236 4880 4907
f 4844 4907 4880
f 316 4908 4847
f 1242 4909 4908
f 1229 4847 4909
f 4908 4909 4847
f 318 4884 4911
f 1236 4910 4884
f 1242 4911 4910
f 4884 4910 4911
f 1229 4909 4907
f 1242 4910 4909
f 1236 4907 4910
f 4909 4910 4907
f 317 4906 4898
f 1241 4912 4906
f 1240 4898 4912
f 4906 4912 4898
f 318 4911 4903
f 1242 4913 4911
f 1241 4903 4913
f 4911 4913 4903
f 316 4901 4908
f 1240 4914 4901
f 1242 4908 4914
f 4901 4914 4908
f 1241 4913 4912
f 1242 4914 4913
f 1240 4912 4914
f 4913 4914 4912
f 6 2781 4916
f 705 4915 2781
f 1244 4916 4915
f 2781 4915 4916
f 183 4917 2785
f 1243 4918 4917
f 705 2785 4918
f 4917 4918 2785
f 320 4919 4921
f 1244 4920 4919
f 1243 4921 4920
f 4919 4920 4921
f 705 4918 4915
f 1243 4920 4918
f 1244 4915 4920
f 4918 4920 4915
f 51 4922 2797
f 1245 4923 4922
f 709 2797 4923
f 4922 4923 2797
f 319 4924 4926
f 1246 4925 4924
f 1245 4926 4925
f 4924 4925 4926
f 183 2802 4928
f 709 4927 2802
f 1246 4928 4927
f 2802 4927 4928
f 1245 4925 4923
f 1246 4927 4925
f 709 4923 4927
f 4925 4927 4923
f 86 4929 4931
f 1247 4930 4929
f 1249 4931 4930
f 4929 4930 4931
f 320 4932 4934
f 1248 4933 4932
f 1247 4934 4933
f 4932 4933 4934
f 319 4935 4937
f 1249 4936 4935
f 1248 4937 4936
f 4935 4936 4937
f 1247 4933 4930
f 1248 4936 4933
f 1249 4930 4936
f 4933 4936 4930
f 183 4928 4917
f 1246 4938 4928
f 1243 4917 4938
f 4928 4938 4917
f 319 4937 4924
f 1248 4939 4937
f 1246 4924 4939
f 4937 4939 4924
f 320 4921 4932
f 1243 4940 4921
f 1248 4932 4940
f 4921 4940 4932
f 1246 4939 4938
f 1248 4940 4939
f 1243 4938 4940
f 4939 4940 4938
f 14 4941 2839
f 1250 4942 4941
f 721 2839 4942
f 4941 4942 2839
f 321 4943 4945
f 1251 4944 4943
f 1250 4945 4944
f 4943 4944 4945
f 187 2844 4947
f 721 4946 2844
f 1251 4947 4946
f 2844 4946 4947
f 1250 4944 4942
f 1251 4946 4944
f 721 4942 4946
f 4944 4946 4942
f 85 4948 4950
f 1252 4949 4948
f 1254 4950 4949
f 4948 4949 4950
f 322 4951 4953
f 1253 4952 4951
f 1252 4953 4952
f 4951 4952 4953
f 321 4954 4956
f 1254 4955 4954
f 1253 4956 4955
f 4954 4955 4956
f 1252 4952 4949
f 1253 4955 4952
f 1254 4949 4955
f 4952 4955 4949
f 51 2850 4958
f 726 4957 2850
f 1256 4958 4957
f 2850 4957 4958
f 187 4959 2854
f 1255 4960 4959
f 726 2854 4960
f 4959 4960 2854
f 322 4961 4963
f 1256 4962 4961
f 1255 4963 4962
f 4961 4962 4963
f 726 4960 4957
f 1255 4962 4960
f 1256 4957 4962
f 4960 4962 4957
f 321 4956 4943
f 1253 4964 4956
f 1251 4943 4964
f 4956 4964 4943
f 322 4963 4951
f 1255 4965 4963
f 1253 4951 4965
f 4963 4965 4951
f 187 4947 4959
f 1251 4966 4947
f 1255 4959 4966
f 4947 4966 4959
f 1253 4965 4964
f 1255 4966 4965
f 1251 4964 4966
f 4965 4966 4964
f 26 4967 4969
f 1257 4968 4967
f 1259 4969 4968
f 4967 4968 4969
f 323 4970 4972
f 1258 4971 4970
f 1257 4972 4971
f 4970 4971 4972
f 325 4973 4975
f 1259 4974 4973
f 1258 4975 4974
f 4973 4974 4975
f 1257 4971 4968
f 1258 4974 4971
f 1259 4968 4974
f 4971 4974 4968
f 86 4976 4978
f 1260 4977 4976
f 1262 4978 4977
f 4976 4977 4978
f 324 4979 4981
f 1261 4980 4979
f 1260 4981 4980
f 4979 4980 4981
f 323 4982 4984
f 1262 4983 4982
f 1261 4984 4983
f 4982 4983 4984
f 1260 4980 4977
f 1261 4983 4980
f 1262 4977 4983
f 4980 4983 4977
f 85 4985 4987
f 1263 4986 4985
f 1265 4987 4986
f 4985 4986 4987
f 325 4988 4990
f 1264 4989 4988
f 1263 4990 4989
f 4988 4989 4990
f 324 4991 4993
f 1265 4992 4991
f 1264 4993 4992
f 4991 4992 4993
f 1263 4989 4986
f 1264 4992 4989
f 1265 4986 4992
f 4989 4992 4986
f 323 4984 4970
f 1261 4994 4984
f 1258 4970 4994
f 4984 4994 4970
f 324 4993 4979
f 1264 4995 4993
f 1261 4979 4995
f 4993 4995 4979
f 325 4975 4988
f 1258 4996 4975
f 1264 4988 4996
f 4975 4996 4988
f 1261 4995 4994
f 1264 4996 4995
f 1258 4994 4996
f 4995 4996 4994
f 51 4958 4922
f 1256 4997 4958
f 1245 4922 4997
f 4958 4997 4922
f 322 4998 4961
f 1266 4999 4998
f 1256 4961 4999
f 4998 4999 4961
f 319 4926 5001
f 1245 5000 4926
f 1266 5001 5000
f 4926 5000 5001
f 1256 4999 4997
f 1266 5000 4999
f 1245 4997 5000
f 4999 5000 4997
f 85 4987 4948
f 1265 5002 4987
f 1252 4948 5002
f 4987 5002 4948
f 324 5003 4991
f 1267 5004 5003
f 1265 4991 5004
f 5003 5004 4991
f 322 4953 5006
f 1252 5005 4953
f 1267 5006 5005
f 4953 5005 5006
f 1265 5004 5002
f 1267 5005 5004
f 1252 5002 5005
f 5004 5005 5002
f 86 4931 4976
f 1249 5007 4931
f 1260 4976 5007
f 4931 5007 4976
f 319 5008 4935
f 1268 5009 5008
f 1249 4935 5009
f 5008 5009 4935
f 324 4981 5011
f 1260 5010 4981
f 1268 5011 5010
f 4981 5010 5011
f 1249 5009 5007
f 1268 5010 5009
f 1260 5007 5010
f 5009 5010 5007
f 322 5006 4998
f 1267 5012 5006
f 1266 4998 5012
f 5006 5012 4998
f 324 5011 5003
f 1268 5013 5011
f 1267 5003 5013
f 5011 5013 5003
f 319 5001 5008
f 1266 5014 5001
f 1268 5008 5014
f 5001 5014 5008
f 1267 5013 5012
f 1268 5014 5013
f 1266 5012 5014
f 5013 5014 5012
f 12 5015 2671
f 1269 5016 5015
f 673 2671 5016
f 5015 5016 2671
f 326 5017 5019
f 1270 5018 5017
f 1269 5019 5018
f 5017 5018 5019
f 172 2676 5021
f 673 5020 2676
f 1270 5021 5020
f 2676 5020 5021
f 1269 5018 5016
f 1270 5020 5018
f 673 5016 5020
f 5018 5020 5016
f 87 5022 5024
f 1271 5023 5022
f 1273 5024 5023
f 5022 5023 5024
f 327 5025 5027
f 1272 5026 5025
f 1271 5027 5026
f 5025 5026 5027
f 326 5028 5030
f 1273 5029 5028
f 1272 5030 5029
f 5028 5029 5030
f 1271 5026 5023
f 1272 5029 5026
f 1273 5023 5029
f 5026 5029 5023
f 46 2682 5032
f 678 5031 2682
f 1275 5032 5031
f 2682 5031 5032
f 172 5033 2686
f 1274 5034 5033
f 678 2686 5034
f 5033 5034 2686
f 327 5035 5037
f 1275 5036 5035
f 1274 5037 5036
f 5035 5036 5037
f 678 5034 5031
f 1274 5036 5034
f 1275 5031 5036
f 5034 5036 5031
f 326 5030 5017
f 1272 5038 5030
f 1270 5017 5038
f 5030 5038 5017
f 327 5037 5025
f 1274 5039 5037
f 1272 5025 5039
f 5037 5039 5025
f 172 5021 5033
f 1270 5040 5021
f 1274 5033 5040
f 5021 5040 5033
f 1272 5039 5038
f 1274 5040 5039
f 1270 5038 5040
f 5039 5040 5038
f 25 5041 5043
f 1276 5042 5041
f 1278 5043 5042
f 5041 5042 5043
f 328 5044 5046
f 1277 5045 5044
f 1276 5046 5045
f 5044 5045 5046
f 330 5047 5049
f 1278 5048 5047
f 1277 5049 5048
f 5047 5048 5049
f 1276 5045 5042
f 1277 5048 5045
f 1278 5042 5048
f 5045 5048 5042
f 88 5050 5052
f 1279 5051 5050
f 1281 5052 5051
f 5050 5051 5052
f 329 5053 5055
f 1280 5054 5053
f 1279 5055 5054
f 5053 5054 5055
f 328 5056 5058
f 1281 5057 5056
f 1280 5058 5057
f 5056 5057 5058
f 1279 5054 5051
f 1280 5057 5054
f 1281 5051 5057
f 5054 5057 5051
f 87 5059 5061
f 1282 5060 5059
f 1284 5061 5060
f 5059 5060 5061
f 330 5062 5064
f 1283 5063 5062
f 1282 5064 5063
f 5062 5063 5064
f 329 5065 5067
f 1284 5066 5065
f 1283 5067 5066
f 5065 5066 5067
f 1282 5063 5060
f 1283 5066 5063
f 1284 5060 5066
f 5063 5066 5060
f 328 5058 5044
f 1280 5068 5058
f 1277 5044 5068
f 5058 5068 5044
f 329 5067 5053
f 1283 5069 5067
f 1280 5053 5069
f 5067 5069 5053
f 330 5049 5062
f 1277 5070 5049
f 1283 5062 5070
f 5049 5070 5062
f 1280 5069 5068
f 1283 5070 5069
f 1277 5068 5070
f 5069 5070 5068
f 14 2703 5072
f 684 5071 2703
f 1286 5072 5071
f 2703 5071 5072
f 177 5073 2707
f 1285 5074 5073
f 684 2707 5074
f 5073 5074 2707
f 332 5075 5077
f 1286 5076 5075
f 1285 5077 5076
f 5075 5076 5077
f 684 5074 5071
f 1285 5076 5074
f 1286 5071 5076
f 5074 5076 5071
f 46 5078 2719
f 1287 5079 5078
f 688 2719 5079
f 5078 5079 2719
f 331 5080 5082
f 1288 5081 5080
f 1287 5082 5081
f 5080 5081 5082
f 177 2724 5084
f 688 5083 2724
f 1288 5084 5083
f 2724 5083 5084
f 1287 5081 5079
f 1288 5083 5081
f 688 5079 5083
f 5081 5083 5079
f 88 5085 5087
f 1289 5086 5085
f 1291 5087 5086
f 5085 5086 5087
f 332 5088 5090
f 1290 5089 5088
f 1289 5090 5089
f 5088 5089 5090
f 331 5091 5093
f 1291 5092 5091
f 1290 5093 5092
f 5091 5092 5093
f 1289 5089 5086
f 1290 5092 5089
f 1291 5086 5092
f 5089 5092 5086
f 177 5084 5073
f 1288 5094 5084
f 1285 5073 5094
f 5084 5094 5073
f 331 5093 5080
f 1290 5095 5093
f 1288 5080 5095
f 5093 5095 5080
f 332 5077 5088
f 1285 5096 5077
f 1290 5088 5096
f 5077 5096 5088
f 1288 5095 5094
f 1290 5096 5095
f 1285 5094 5096
f 5095 5096 5094
f 87 5061 5022
f 1284 5097 5061
f 1271 5022 5097
f 5061 5097 5022
f 329 5098 5065
f 1292 5099 5098
f 1284 5065 5099
f 5098 5099 5065
f 327 5027 5101
f 1271 5100 5027
f 1292 5101 5100
f 5027 5100 5101
f 1284 5099 5097
f 1292 5100 5099
f 1271 5097 5100
f 5099 5100 5097
f 88 5087 5050
f 1291 5102 5087
f 1279 5050 5102
f 5087 5102 5050
f 331 5103 5091
f 1293 5104 5103
f 1291 5091 5104
f 5103 5104 5091
f 329 5055 5106
f 1279 5105 5055
f 1293 5106 5105
f 5055 5105 5106
f 1291 5104 5102
f 1293 5105 5104
f 1279 5102 5105
f 5104 5105 5102
f 46 5032 5078
f 1275 5107 5032
f 1287 5078 5107
f 5032 5107 5078
f 327 5108 5035
f 1294 5109 5108
f 1275 5035 5109
f 5108 5109 5035
f 331 5082 5111
f 1287 5110 5082
f 1294 5111 5110
f 5082 5110 5111
f 1275 5109 5107
f 1294 5110 5109
f 1287 5107 5110
f 5109 5110 5107
f 329 5106 5098
f 1293 5112 5106
f 1292 5098 5112
f 5106 5112 5098
f 331 5111 5103
f 1294 5113 5111
f 1293 5103 5113
f 5111 5113 5103
f 327 5101 5108
f 1292 5114 5101
f 1294 5108 5114
f 5101 5114 5108
f 1293 5113 5112
f 1294 5114 5113
f 1292 5112 5114
f 5113 5114 5112
f 5 5115 5117
f 1295 5116 5115
f 1297 5117 5116
f 5115 5116 5117
f 333 5118 5120
f 1296 5119 5118
f 1295 5120 5119
f 5118 5119 5120
f 335 5121 5123
f 1297 5122 5121
f 1296 5123 5122
f 5121 5122 5123
f 1295 5119 5116
f 1296 5122 5119
f 1297 5116 5122
f 5119 5122 5116
f 89 5124 5126
f 1298 5125 5124
f 1300 5126 5125
f 5124 5125 5126
f 334 5127 5129
f 1299 5128 5127
f 1298 5129 5128
f 5127 5128 5129
f 333 5130 5132
f 1300 5131 5130
f 1299 5132 5131
f 5130 5131 5132
f 1298 5128 5125
f 1299 5131 5128
f 1300 5125 5131
f 5128 5131 5125
f 91 5133 5135
f 1301 5134 5133
f 1303 5135 5134
f 5133 5134 5135
f 335 5136 5138
f 1302 5137 5136
f 1301 5138 5137
f 5136 5137 5138
f 334 5139 5141
f 1303 5140 5139
f 1302 5141 5140
f 5139 5140 5141
f 1301 5137 5134
f 1302 5140 5137
f 1303 5134 5140
f 5137 5140 5134
f 333 5132 5118
f 1299 5142 5132
f 1296 5118 5142
f 5132 5142 5118
f 334 5141 5127
f 1302 5143 5141
f 1299 5127 5143
f 5141 5143 5127
f 335 5123 5136
f 1296 5144 5123
f 1302 5136 5144
f 5123 5144 5136
f 1299 5143 5142
f 1302 5144 5143
f 1296 5142 5144
f 5143 5144 5142
f 26 5145 5147
f 1304 5146 5145
f 1306 5147 5146
f 5145 5146 5147
f 336 5148 5150
f 1305 5149 5148
f 1304 5150 5149
f 5148 5149 5150
f 338 5151 5153
f 1306 5152 5151
f 1305 5153 5152
f 5151 5152 5153
f 1304 5149 5146
f 1305 5152 5149
f 1306 5146 5152
f 5149 5152 5146
f 90 5154 5156
f 1307 5155 5154
f 1309 5156 5155
f 5154 5155 5156
f 337 5157 5159
f 1308 5158 5157
f 1307 5159 5158
f 5157 5158 5159
f 336 5160 5162
f 1309 5161 5160
f 1308 5162 5161
f 5160 5161 5162
f 1307 5158 5155
f 1308 5161 5158
f 1309 5155 5161
f 5158 5161 5155
f 89 5163 5165
f 1310 5164 5163
f 1312 5165 5164
f 5163 5164 5165
f 338 5166 5168
f 1311 5167 5166
f 1310 5168 5167
f 5166 5167 5168
f 337 5169 5171
f 1312 5170 5169
f 1311 5171 5170
f 5169 5170 5171
f 1310 5167 5164
f 1311 5170 5167
f 1312 5164 5170
f 5167 5170 5164
f 336 5162 5148
f 1308 5172 5162
f 1305 5148 5172
f 5162 5172 5148
f 337 5171 5157
f 1311 5173 5171
f 1308 5157 5173
f 5171 5173 5157
f 338 5153 5166
f 1305 5174 5153
f 1311 5166 5174
f 5153 5174 5166
f 1308 5173 5172
f 1311 5174 5173
f 1305 5172 5174
f 5173 5174 5172
f 25 5175 5177
f 1313 5176 5175
f 1315 5177 5176
f 5175 5176 5177
f 339 5178 5180
f 1314 5179 5178
f 1313 5180 5179
f 5178 5179 5180
f 341 5181 5183
f 1315 5182 5181
f 1314 5183 5182
f 5181 5182 5183
f 1313 5179 5176
f 1314 5182 5179
f 1315 5176 5182
f 5179 5182 5176
f 91 5184 5186
f 1316 5185 5184
f 1318 5186 5185
f 5184 5185 5186
f 340 5187 5189
f 1317 5188 5187
f 1316 5189 5188
f 5187 5188 5189
f 339 5190 5192
f 1318 5191 5190
f 1317 5192 5191
f 5190 5191 5192
f 1316 5188 5185
f 1317 5191 5188
f 1318 5185 5191
f 5188 5191 5185
f 90 5193 5195
f 1319 5194 5193
f 1321 5195 5194
f 5193 5194 5195
f 341 5196 5198
f 1320 5197 5196
f 1319 5198 5197
f 5196 5197 5198
f 340 5199 5201
f 1321 5200 5199
f 1320 5201 5200
f 5199 5200 5201
f 1319 5197 5194
f 1320 5200 5197
f 1321 5194 5200
f 5197 5200 5194
f 339 5192 5178
f 1317 5202 5192
f 1314 5178 5202
f 5192 5202 5178
f 340 5201 5187
f 1320 5203 5201
f 1317 5187 5203
f 5201 5203 5187
f 341 5183 5196
f 1314 5204 5183
f 1320 5196 5204
f 5183 5204 5196
f 1317 5203 5202
f 1320 5204 5203
f 1314 5202 5204
f 5203 5204 5202
f 89 5165 5124
f 1312 5205 5165
f 1298 5124 5205
f 5165 5205 5124
f 337 5206 5169
f 1322 5207 5206
f 1312 5169 5207
f 5206 5207 5169
f 334 5129 5209
f 1298 5208 5129
f 1322 5209 5208
f 5129 5208 5209
f 1312 5207 5205
f 1322 5208 5207
f 1298 5205 5208
f 5207 5208 5205
f 90 5195 5154
f 1321 5210 5195
f 1307 5154 5210
f 5195 5210 5154
f 340 5211 5199
f 1323 5212 5211
f 1321 5199 5212
f 5211 5212 5199
f 337 5159 5214
f 1307 5213 5159
f 1323 5214 5213
f 5159 5213 5214
f 1321 5212 5210
f 1323 5213 5212
f 1307 5210 5213
f 5212 5213 5210
f 91 5135 5184
f 1303 5215 5135
f 1316 5184 5215
f 5135 5215 5184
f 334 5216 5139
f 1324 5217 5216
f 1303 5139 5217
f 5216 5217 5139
f 340 5189 5219
f 1316 5218 5189
f 1324 5219 5218
f 5189 5218 5219
f 1303 5217 5215
f 1324 5218 5217
f 1316 5215 5218
f 5217 5218 5215
f 337 5214 5206
f 1323 5220 5214
f 1322 5206 5220
f 5214 5220 5206
f 340 5219 5211
f 1324 5221 5219
f 1323 5211 5221
f 5219 5221 5211
f 334 5209 5216
f 1322 5222 5209
f 1324 5216 5222
f 5209 5222 5216
f 1323 5221 5220
f 1324 5222 5221
f 1322 5220 5222
f 5221 5222 5220
f 14 5072 4941
f 1286 5223 5072
f 1250 4941 5223
f 5072 5223 4941
f 332 5224 5075
f 1325 5225 5224
f 1286 5075 5225
f 5224 5225 5075
f 321 4945 5227
f 1250 5226 4945
f 1325 5227 5226
f 4945 5226 5227
f 1286 5225 5223
f 1325 5226 5225
f 1250 5223 5226
f 5225 5226 5223
f 88 5228 5085
f 1326 5229 5228
f 1289 5085 5229
f 5228 5229 5085
f 342 5230 5232
f 1327 5231 5230
f 1326 5232 5231
f 5230 5231 5232
f 332 5090 5234
f 1289 5233 5090
f 1327 5234 5233
f 5090 5233 5234
f 1326 5231 5229
f 1327 5233 5231
f 1289 5229 5233
f 5231 5233 5229
f 85 4950 5236
f 1254 5235 4950
f 1329 5236 5235
f 4950 5235 5236
f 321 5237 4954
f 1328 5238 5237
f 1254 4954 5238
f 5237 5238 4954
f 342 5239 5241
f 1329 5240 5239
f 1328 5241 5240
f 5239 5240 5241
f 1254 5238 5235
f 1328 5240 5238
f 1329 5235 5240
f 5238 5240 5235
f 332 5234 5224
f 1327 5242 5234
f 1325 5224 5242
f 5234 5242 5224
f 342 5241 5230
f 1328 5243 5241
f 1327 5230 5243
f 5241 5243 5230
f 321 5227 5237
f 1325 5244 5227
f 1328 5237 5244
f 5227 5244 5237
f 1327 5243 5242
f 1328 5244 5243
f 1325 5242 5244
f 5243 5244 5242
f 25 5177 5041
f 1315 5245 5177
f 1276 5041 5245
f 5177 5245 5041
f 341 5246 5181
f 1330 5247 5246
f 1315 5181 5247
f 5246 5247 5181
f 328 5046 5249
f 1276 5248 5046
f 1330 5249 5248
f 5046 5248 5249
f 1315 5247 5245
f 1330 5248 5247
f 1276 5245 5248
f 5247 5248 5245
f 90 5250 5193
f 1331 5251 5250
f 1319 5193 5251
f 5250 5251 5193
f 343 5252 5254
f 1332 5253 5252
f 1331 5254 5253
f 5252 5253 5254
f 341 5198 5256
f 1319 5255 5198
f 1332 5256 5255
f 5198 5255 5256
f 1331 5253 5251
f 1332 5255 5253
f 1319 5251 5255
f 5253 5255 5251
f 88 5052 5258
f 1281 5257 5052
f 1334 5258 5257
f 5052 5257 5258
f 328 5259 5056
f 1333 5260 5259
f 1281 5056 5260
f 5259 5260 5056
f 343 5261 5263
f 1334 5262 5261
f 1333 5263 5262
f 5261 5262 5263
f 1281 5260 5257
f 1333 5262 5260
f 1334 5257 5262
f 5260 5262 5257
f 341 5256 5246
f 1332 5264 5256
f 1330 5246 5264
f 5256 5264 5246
f 343 5263 5252
f 1333 5265 5263
f 1332 5252 5265
f 5263 5265 5252
f 328 5249 5259
f 1330 5266 5249
f 1333 5259 5266
f 5249 5266 5259
f 1332 5265 5264
f 1333 5266 5265
f 1330 5264 5266
f 5265 5266 5264
f 26 4969 5145
f 1259 5267 4969
f 1304 5145 5267
f 4969 5267 5145
f 325 5268 4973
f 1335 5269 5268
f 1259 4973 5269
f 5268 5269 4973
f 336 5150 5271
f 1304 5270 5150
f 1335 5271 5270
f 5150 5270 5271
f 1259 5269 5267
f 1335 5270 5269
f 1304 5267 5270
f 5269 5270 5267
f 85 5272 4985
f 1336 5273 5272
f 1263 4985 5273
f 5272 5273 4985
f 344 5274 5276
f 1337 5275 5274
f 1336 5276 5275
f 5274 5275 5276
f 325 4990 5278
f 1263 5277 4990
f 1337 5278 5277
f 4990 5277 5278
f 1336 5275 5273
f 1337 5277 5275
f 1263 5273 5277
f 5275 5277 5273
f 90 5156 5280
f 1309 5279 5156
f 1339 5280 5279
f 5156 5279 5280
f 336 5281 5160
f 1338 5282 5281
f 1309 5160 5282
f 5281 5282 5160
f 344 5283 5285
f 1339 5284 5283
f 1338 5285 5284
f 5283 5284 5285
f 1309 5282 5279
f 1338 5284 5282
f 1339 5279 5284
f 5282 5284 5279
f 325 5278 5268
f 1337 5286 5278
f 1335 5268 5286
f 5278 5286 5268
f 344 5285 5274
f 1338 5287 5285
f 1337 5274 5287
f 5285 5287 5274
f 336 5271 5281
f 1335 5288 5271
f 1338 5281 5288
f 5271 5288 5281
f 1337 5287 5286
f 1338 5288 5287
f 1335 5286 5288
f 5287 5288 5286
f 88 5258 5228
f 1334 5289 5258
f 1326 5228 5289
f 5258 5289 5228
f 343 5290 5261
f 1340 5291 5290
f 1334 5261 5291
f 5290 5291 5261
f 342 5232 5293
f 1326 5292 5232
f 1340 5293 5292
f 5232 5292 5293
f 1334 5291 5289
f 1340 5292 5291
f 1326 5289 5292
f 5291 5292 5289
f 90 5280 5250
f 1339 5294 5280
f 1331 5250 5294
f 5280 5294 5250
f 344 5295 5283
f 1341 5296 5295
f 1339 5283 5296
f 5295 5296 5283
f 343 5254 5298
f 1331 5297 5254
f 1341 5298 5297
f 5254 5297 5298
f 1339 5296 5294
f 1341 5297 5296
f 1331 5294 5297
f 5296 5297 5294
f 85 5236 5272
f 1329 5299 5236
f 1336 5272 5299
f 5236 5299 5272
f 342 5300 5239
f 1342 5301 5300
f 1329 5239 5301
f 5300 5301 5239
f 344 5276 5303
f 1336 5302 5276
f 1342 5303 5302
f 5276 5302 5303
f 1329 5301 5299
f 1342 5302 5301
f 1336 5299 5302
f 5301 5302 5299
f 343 5298 5290
f 1341 5304 5298
f 1340 5290 5304
f 5298 5304 5290
f 344 5303 5295
f 1342 5305 5303
f 1341 5295 5305
f 5303 5305 5295
f 342 5293 5300
f 1340 5306 5293
f 1342 5300 5306
f 5293 5306 5300
f 1341 5305 5304
f 1342 5306 5305
f 1340 5304 5306
f 5305 5306 5304
f 12 4340 5308
f 1100 5307 4340
f 1344 5308 5307
f 4340 5307 5308
f 284 5309 4343
f 1343 5310 5309
f 1100 4343 5310
f 5309 5310 4343
f 346 5311 5313
f 1344 5312 5311
f 1343 5313 5312
f 5311 5312 5313
f 1100 5310 5307
f 1343 5312 5310
f 1344 5307 5312
f 5310 5312 5307
f 77 5314 4353
f 1345 5315 5314
f 1103 4353 5315
f 5314 5315 4353
f 345 5316 5318
f 1346 5317 5316
f 1345 5318 5317
f 5316 5317 5318
f 284 4358 5320
f 1103 5319 4358
f 1346 5320 5319
f 4358 5319 5320
f 1345 5317 5315
f 1346 5319 5317
f 1103 5315 5319
f 5317 5319 5315
f 93 5321 5323
f 1347 5322 5321
f 1349 5323 5322
f 5321 5322 5323
f 346 5324 5326
f 1348 5325 5324
f 1347 5326 5325
f 5324 5325 5326
f 345 5327 5329
f 1349 5328 5327
f 1348 5329 5328
f 5327 5328 5329
f 1347 5325 5322
f 1348 5328 5325
f 1349 5322 5328
f 5325 5328 5322
f 284 5320 5309
f 1346 5330 5320
f 1343 5309 5330
f 5320 5330 5309
f 345 5329 5316
f 1348 5331 5329
f 1346 5316 5331
f 5329 5331 5316
f 346 5313 5324
f 1343 5332 5313
f 1348 5324 5332
f 5313 5332 5324
f 1346 5331 5330
f 1348 5332 5331
f 1343 5330 5332
f 5331 5332 5330
f 22 5333 4391
f 1350 5334 5333
f 1113 4391 5334
f 5333 5334 4391
f 347 5335 5337
f 1351 5336 5335
f 1350 5337 5336
f 5335 5336 5337
f 287 4396 5339
f 1113 5338 4396
f 1351 5339 5338
f 4396 5338 5339
f 1350 5336 5334
f 1351 5338 5336
f 1113 5334 5338
f 5336 5338 5334
f 92 5340 5342
f 1352 5341 5340
f 1354 5342 5341
f 5340 5341 5342
f 348 5343 5345
f 1353 5344 5343
f 1352 5345 5344
f 5343 5344 5345
f 347 5346 5348
f 1354 5347 5346
f 1353 5348 5347
f 5346 5347 5348
f 1352 5344 5341
f 1353 5347 5344
f 1354 5341 5347
f 5344 5347 5341
f 77 4402 5350
f 1118 5349 4402
f 1356 5350 5349
f 4402 5349 5350
f 287 5351 4406
f 1355 5352 5351
f 1118 4406 5352
f 5351 5352 4406
f 348 5353 5355
f 1356 5354 5353
f 1355 5355 5354
f 5353 5354 5355
f 1118 5352 5349
f 1355 5354 5352
f 1356 5349 5354
f 5352 5354 5349
f 347 5348 5335
f 1353 5356 5348
f 1351 5335 5356
f 5348 5356 5335
f 348 5355 5343
f 1355 5357 5355
f 1353 5343 5357
f 5355 5357 5343
f 287 5339 5351
f 1351 5358 5339
f 1355 5351 5358
f 5339 5358 5351
f 1353 5357 5356
f 1355 5358 5357
f 1351 5356 5358
f 5357 5358 5356
f 28 5359 5361
f 1357 5360 5359
f 1359 5361 5360
f 5359 5360 5361
f 349 5362 5364
f 1358 5363 5362
f 1357 5364 5363
f 5362 5363 5364
f 351 5365 5367
f 1359 5366 5365
f 1358 5367 5366
f 5365 5366 5367
f 1357 5363 5360
f 1358 5366 5363
f 1359 5360 5366
f 5363 5366 5360
f 93 5368 5370
f 1360 5369 5368
f 1362 5370 5369
f 5368 5369 5370
f 350 5371 5373
f 1361 5372 5371
f 1360 5373 5372
f 5371 5372 5373
f 349 5374 5376
f 1362 5375 5374
f 1361 5376 5375
f 5374 5375 5376
f 1360 5372 5369
f 1361 5375 5372
f 1362 5369 5375
f 5372 5375 5369
f 92 5377 5379
f 1363 5378 5377
f 1365 5379 5378
f 5377 5378 5379
f 351 5380 5382
f 1364 5381 5380
f 1363 5382 5381
f 5380 5381 5382
f 350 5383 5385
f 1365 5384 5383
f 1364 5385 5384
f 5383 5384 5385
f 1363 5381 5378
f 1364 5384 5381
f 1365 5378 5384
f 5381 5384 5378
f 349 5376 5362
f 1361 5386 5376
f 1358 5362 5386
f 5376 5386 5362
f 350 5385 5371
f 1364 5387 5385
f 1361 5371 5387
f 5385 5387 5371
f 351 5367 5380
f 1358 5388 5367
f 1364 5380 5388
f 5367 5388 5380
f 1361 5387 5386
f 1364 5388 5387
f 1358 5386 5388
f 5387 5388 5386
f 77 5350 5314
f 1356 5389 5350
f 1345 5314 5389
f 5350 5389 5314
f 348 5390 5353
f 1366 5391 5390
f 1356 5353 5391
f 5390 5391 5353
f 345 5318 5393
f 1345 5392 5318
f 1366 5393 5392
f 5318 5392 5393
f 1356 5391 5389
f 1366 5392 5391
f 1345 5389 5392
f 5391 5392 5389
f 92 5379 5340
f 1365 5394 5379
f 1352 5340 5394
f 5379 5394 5340
f 350 5395 5383
f 1367 5396 5395
f 1365 5383 5396
f 5395 5396 5383
f 348 5345 5398
f 1352 5397 5345
f 1367 5398 5397
f 5345 5397 5398
f 1365 5396 5394
f 1367 5397 5396
f 1352 5394 5397
f 5396 5397 5394
f 93 5323 5368
f 1349 5399 5323
f 1360 5368 5399
f 5323 5399 5368
f 345 5400 5327
f 1368 5401 5400
f 1349 5327 5401
f 5400 5401 5327
f 350 5373 5403
f 1360 5402 5373
f 1368 5403 5402
f 5373 5402 5403
f 1349 5401 5399
f 1368 5402 5401
f 1360 5399 5402
f 5401 5402 5399
f 348 5398 5390
f 1367 5404 5398
f 1366 5390 5404
f 5398 5404 5390
f 350 5403 5395
f 1368 5405 5403
f 1367 5395 5405
f 5403 5405 5395
f 345 5393 5400
f 1366 5406 5393
f 1368 5400 5406
f 5393 5406 5400
f 1367 5405 5404
f 1368 5406 5405
f 1366 5404 5406
f 5405 5406 5404
f 11 5407 4239
f 1369 5408 5407
f 1073 4239 5408
f 5407 5408 4239
f 352 5409 5411
f 1370 5410 5409
f 1369 5411 5410
f 5409 5410 5411
f 276 4243 5413
f 1073 5412 4243
f 1370 5413 5412
f 4243 5412 5413
f 1369 5410 5408
f 1370 5412 5410
f 1073 5408 5412
f 5410 5412 5408
f 94 5414 5416
f 1371 5415 5414
f 1373 5416 5415
f 5414 5415 5416
f 353 5417 5419
f 1372 5418 5417
f 1371 5419 5418
f 5417 5418 5419
f 352 5420 5422
f 1373 5421 5420
f 1372 5422 5421
f 5420 5421 5422
f 1371 5418 5415
f 1372 5421 5418
f 1373 5415 5421
f 5418 5421 5415
f 74 4248 5424
f 1077 5423 4248
f 1375 5424 5423
f 4248 5423 5424
f 276 5425 4252
f 1374 5426 5425
f 1077 4252 5426
f 5425 5426 4252
f 353 5427 5429
f 1375 5428 5427
f 1374 5429 5428
f 5427 5428 5429
f 1077 5426 5423
f 1374 5428 5426
f 1375 5423 5428
f 5426 5428 5423
f 352 5422 5409
f 1372 5430 5422
f 1370 5409 5430
f 5422 5430 5409
f 353 5429 5417
f 1374 5431 5429
f 1372 5417 5431
f 5429 5431 5417
f 276 5413 5425
f 1370 5432 5413
f 1374 5425 5432
f 5413 5432 5425
f 1372 5431 5430
f 1374 5432 5431
f 1370 5430 5432
f 5431 5432 5430
f 27 5433 5435
f 1376 5434 5433
f 1378 5435 5434
f 5433 5434 5435
f 354 5436 5438
f 1377 5437 5436
f 1376 5438 5437
f 5436 5437 5438
f 356 5439 5441
f 1378 5440 5439
f 1377 5441 5440
f 5439 5440 5441
f 1376 5437 5434
f 1377 5440 5437
f 1378 5434 5440
f 5437 5440 5434
f 95 5442 5444
f 1379 5443 5442
f 1381 5444 5443
f 5442 5443 5444
f 355 5445 5447
f 1380 5446 5445
f 1379 5447 5446
f 5445 5446 5447
f 354 5448 5450
f 1381 5449 5448
f 1380 5450 5449
f 5448 5449 5450
f 1379 5446 5443
f 1380 5449 5446
f 1381 5443 5449
f 5446 5449 5443
f 94 5451 5453
f 1382 5452 5451
f 1384 5453 5452
f 5451 5452 5453
f 356 5454 5456
f 1383 5455 5454
f 1382 5456 5455
f 5454 5455 5456
f 355 5457 5459
f 1384 5458 5457
f 1383 5459 5458
f 5457 5458 5459
f 1382 5455 5452
f 1383 5458 5455
f 1384 5452 5458
f 5455 5458 5452
f 354 5450 5436
f 1380 5460 5450
f 1377 5436 5460
f 5450 5460 5436
f 355 5459 5445
f 1383 5461 5459
f 1380 5445 5461
f 5459 5461 5445
f 356 5441 5454
f 1377 5462 5441
f 1383 5454 5462
f 5441 5462 5454
f 1380 5461 5460
f 1383 5462 5461
f 1377 5460 5462
f 5461 5462 5460
f 22 4267 5464
f 1082 5463 4267
f 1386 5464 5463
f 4267 5463 5464
f 280 5465 4271
f 1385 5466 5465
f 1082 4271 5466
f 5465 5466 4271
f 358 5467 5469
f 1386 5468 5467
f 1385 5469 5468
f 5467 5468 5469
f 1082 5466 5463
f 1385 5468 5466
f 1386 5463 5468
f 5466 5468 5463
f 74 5470 4283
f 1387 5471 5470
f 1086 4283 5471
f 5470 5471 4283
f 357 5472 5474
f 1388 5473 5472
f 1387 5474 5473
f 5472 5473 5474
f 280 4288 5476
f 1086 5475 4288
f 1388 5476 5475
f 4288 5475 5476
f 1387 5473 5471
f 1388 5475 5473
f 1086 5471 5475
f 5473 5475 5471
f 95 5477 5479
f 1389 5478 5477
f 1391 5479 5478
f 5477 5478 5479
f 358 5480 5482
f 1390 5481 5480
f 1389 5482 5481
f 5480 5481 5482
f 357 5483 5485
f 1391 5484 5483
f 1390 5485 5484
f 5483 5484 5485
f 1389 5481 5478
f 1390 5484 5481
f 1391 5478 5484
f 5481 5484 5478
f 280 5476 5465
f 1388 5486 5476
f 1385 5465 5486
f 5476 5486 5465
f 357 5485 5472
f 1390 5487 5485
f 1388 5472 5487
f 5485 5487 5472
f 358 5469 5480
f 1385 5488 5469
f 1390 5480 5488
f 5469 5488 5480
f 1388 5487 5486
f 1390 5488 5487
f 1385 5486 5488
f 5487 5488 5486
f 94 5453 5414
f 1384 5489 5453
f 1371 5414 5489
f 5453 5489 5414
f 355 5490 5457
f 1392 5491 5490
f 1384 5457 5491
f 5490 5491 5457
f 353 5419 5493
f 1371 5492 5419
f 1392 5493 5492
f 5419 5492 5493
f 1384 5491 5489
f 1392 5492 5491
f 1371 5489 5492
f 5491 5492 5489
f 95 5479 5442
f 1391 5494 5479
f 1379 5442 5494
f 5479 5494 5442
f 357 5495 5483
f 1393 5496 5495
f 1391 5483 5496
f 5495 5496 5483
f 355 5447 5498
f 1379 5497 5447
f 1393 5498 5497
f 5447 5497 5498
f 1391 5496 5494
f 1393 5497 5496
f 1379 5494 5497
f 5496 5497 5494
f 74 5424 5470
f 1375 5499 5424
f 1387 5470 5499
f 5424 5499 5470
f 353 5500 5427
f 1394 5501 5500
f 1375 5427 5501
f 5500 5501 5427
f 357 5474 5503
f 1387 5502 5474
f 1394 5503 5502
f 5474 5502 5503
f 1375 5501 5499
f 1394 5502 5501
f 1387 5499 5502
f 5501 5502 5499
f 355 5498 5490
f 1393 5504 5498
f 1392 5490 5504
f 5498 5504 5490
f 357 5503 5495
f 1394 5505 5503
f 1393 5495 5505
f 5503 5505 5495
f 353 5493 5500
f 1392 5506 5493
f 1394 5500 5506
f 5493 5506 5500
f 1393 5505 5504
f 1394 5506 5505
f 1392 5504 5506
f 5505 5506 5504
f 3 5507 5509
f 1395 5508 5507
f 1397 5509 5508
f 5507 5508 5509
f 359 5510 5512
f 1396 5511 5510
f 1395 5512 5511
f 5510 5511 5512
f 361 5513 5515
f 1397 5514 5513
f 1396 5515 5514
f 5513 5514 5515
f 1395 5511 5508
f 1396 5514 5511
f 1397 5508 5514
f 5511 5514 5508
f 96 5516 5518
f 1398 5517 5516
f 1400 5518 5517
f 5516 5517 5518
f 360 5519 5521
f 1399 5520 5519
f 1398 5521 5520
f 5519 5520 5521
f 359 5522 5524
f 1400 5523 5522
f 1399 5524 5523
f 5522 5523 5524
f 1398 5520 5517
f 1399 5523 5520
f 1400 5517 5523
f 5520 5523 5517
f 98 5525 5527
f 1401 5526 5525
f 1403 5527 5526
f 5525 5526 5527
f 361 5528 5530
f 1402 5529 5528
f 1401 5530 5529
f 5528 5529 5530
f 360 5531 5533
f 1403 5532 5531
f 1402 5533 5532
f 5531 5532 5533
f 1401 5529 5526
f 1402 5532 5529
f 1403 5526 5532
f 5529 5532 5526
f 359 5524 5510
f 1399 5534 5524
f 1396 5510 5534
f 5524 5534 5510
f 360 5533 5519
f 1402 5535 5533
f 1399 5519 5535
f 5533 5535 5519
f 361 5515 5528
f 1396 5536 5515
f 1402 5528 5536
f 5515 5536 5528
f 1399 5535 5534
f 1402 5536 5535
f 1396 5534 5536
f 5535 5536 5534
f 28 5537 5539
f 1404 5538 5537
f 1406 5539 5538
f 5537 5538 5539
f 362 5540 5542
f 1405 5541 5540
f 1404 5542 5541
f 5540 5541 5542
f 364 5543 5545
f 1406 5544 5543
f 1405 5545 5544
f 5543 5544 5545
f 1404 5541 5538
f 1405 5544 5541
f 1406 5538 5544
f 5541 5544 5538
f 97 5546 5548
f 1407 5547 5546
f 1409 5548 5547
f 5546 5547 5548
f 363 5549 5551
f 1408 5550 5549
f 1407 5551 5550
f 5549 5550 5551
f 362 5552 5554
f 1409 5553 5552
f 1408 5554 5553
f 5552 5553 5554
f 1407 5550 5547
f 1408 5553 5550
f 1409 5547 5553
f 5550 5553 5547
f 96 5555 5557
f 1410 5556 5555
f 1412 5557 5556
f 5555 5556 5557
f 364 5558 5560
f 1411 5559 5558
f 1410 5560 5559
f 5558 5559 5560
f 363 5561 5563
f 1412 5562 5561
f 1411 5563 5562
f 5561 5562 5563
f 1410 5559 5556
f 1411 5562 5559
f 1412 5556 5562
f 5559 5562 5556
f 362 5554 5540
f 1408 5564 5554
f 1405 5540 5564
f 5554 5564 5540
f 363 5563 5549
f 1411 5565 5563
f 1408 5549 5565
f 5563 5565 5549
f 364 5545 5558
f 1405 5566 5545
f 1411 5558 5566
f 5545 5566 5558
f 1408 5565 5564
f 1411 5566 5565
f 1405 5564 5566
f 5565 5566 5564
f 27 5567 5569
f 1413 5568 5567
f 1415 5569 5568
f 5567 5568 5569
f 365 5570 5572
f 1414 5571 5570
f 1413 5572 5571
f 5570 5571 5572
f 367 5573 5575
f 1415 5574 5573
f 1414 5575 5574
f 5573 5574 5575
f 1413 5571 5568
f 1414 5574 5571
f 1415 5568 5574
f 5571 5574 5568
f 98 5576 5578
f 1416 5577 5576
f 1418 5578 5577
f 5576 5577 5578
f 366 5579 5581
f 1417 5580 5579
f 1416 5581 5580
f 5579 5580 5581
f 365 5582 5584
f 1418 5583 5582
f 1417 5584 5583
f 5582 5583 5584
f 1416 5580 5577
f 1417 5583 5580
f 1418 5577 5583
f 5580 5583 5577
f 97 5585 5587
f 1419 5586 5585
f 1421 5587 5586
f 5585 5586 5587
f 367 5588 5590
f 1420 5589 5588
f 1419 5590 5589
f 5588 5589 5590
f 366 5591 5593
f 1421 5592 5591
f 1420 5593 5592
f 5591 5592 5593
f 1419 5589 5586
f 1420 5592 5589
f 1421 5586 5592
f 5589 5592 5586
f 365 5584 5570
f 1417 5594 5584
f 1414 5570 5594
f 5584 5594 5570
f 366 5593 5579
f 1420 5595 5593
f 1417 5579 5595
f 5593 5595 5579
f 367 5575 5588
f 1414 5596 5575
f 1420 5588 5596
f 5575 5596 5588
f 1417 5595 5594
f 1420 5596 5595
f 1414 5594 5596
f 5595 5596 5594
f 96 5557 5516
f 1412 5597 5557
f 1398 5516 5597
f 5557 5597 5516
f 363 5598 5561
f 1422 5599 5598
f 1412 5561 5599
f 5598 5599 5561
f 360 5521 5601
f 1398 5600 5521
f 1422 5601 5600
f 5521 5600 5601
f 1412 5599 5597
f 1422 5600 5599
f 1398 5597 5600
f 5599 5600 5597
f 97 5587 5546
f 1421 5602 5587
f 1407 5546 5602
f 5587 5602 5546
f 366 5603 5591
f 1423 5604 5603
f 1421 5591 5604
f 5603 5604 5591
f 363 5551 5606
f 1407 5605 5551
f 1423 5606 5605
f 5551 5605 5606
f 1421 5604 5602
f 1423 5605 5604
f 1407 5602 5605
f 5604 5605 5602
f 98 5527 5576
f 1403 5607 5527
f 1416 5576 5607
f 5527 5607 5576
f 360 5608 5531
f 1424 5609 5608
f 1403 5531 5609
f 5608 5609 5531
f 366 5581 5611
f 1416 5610 5581
f 1424 5611 5610
f 5581 5610 5611
f 1403 5609 5607
f 1424 5610 5609
f 1416 5607 5610
f 5609 5610 5607
f 363 5606 5598
f 1423 5612 5606
f 1422 5598 5612
f 5606 5612 5598
f 366 5611 5603
f 1424 5613 5611
f 1423 5603 5613
f 5611 5613 5603
f 360 5601 5608
f 1422 5614 5601
f 1424 5608 5614
f 5601 5614 5608
f 1423 5613 5612
f 1424 5614 5613
f 1422 5612 5614
f 5613 5614 5612
f 22 5464 5333
f 1386 5615 5464
f 1350 5333 5615
f 5464 5615 5333
f 358 5616 5467
f 1425 5617 5616
f 1386 5467 5617
f 5616 5617 5467
f 347 5337 5619
f 1350 5618 5337
f 1425 5619 5618
f 5337 5618 5619
f 1386 5617 5615
f 1425 5618 5617
f 1350 5615 5618
f 5617 5618 5615
f 95 5620 5477
f 1426 5621 5620
f 1389 5477 5621
f 5620 5621 5477
f 368 5622 5624
f 1427 5623 5622
f 1426 5624 5623
f 5622 5623 5624
f 358 5482 5626
f 1389 5625 5482
f 1427 5626 5625
f 5482 5625 5626
f 1426 5623 5621
f 1427 5625 5623
f 1389 5621 5625
f 5623 5625 5621
f 92 5342 5628
f 1354 5627 5342
f 1429 5628 5627
f 5342 5627 5628
f 347 5629 5346
f 1428 5630 5629
f 1354 5346 5630
f 5629 5630 5346
f 368 5631 5633
f 1429 5632 5631
f 1428 5633 5632
f 5631 5632 5633
f 1354 5630 5627
f 1428 5632 5630
f 1429 5627 5632
f 5630 5632 5627
f 358 5626 5616
f 1427 5634 5626
f 1425 5616 5634
f 5626 5634 5616
f 368 5633 5622
f 1428 5635 5633
f 1427 5622 5635
f 5633 5635 5622
f 347 5619 5629
f 1425 5636 5619
f 1428 5629 5636
f 5619 5636 5629
f 1427 5635 5634
f 1428 5636 5635
f 1425 5634 5636
f 5635 5636 5634
f 27 5569 5433
f 1415 5637 5569
f 1376 5433 5637
f 5569 5637 5433
f 367 5638 5573
f 1430 5639 5638
f 1415 5573 5639
f 5638 5639 5573
f 354 5438 5641
f 1376 5640 5438
f 1430 5641 5640
f 5438 5640 5641
f 1415 5639 5637
f 1430 5640 5639
f 1376 5637 5640
f 5639 5640 5637
f 97 5642 5585
f 1431 5643 5642
f 1419 5585 5643
f 5642 5643 5585
f 369 5644 5646
f 1432 5645 5644
f 1431 5646 5645
f 5644 5645 5646
f 367 5590 5648
f 1419 5647 5590
f 1432 5648 5647
f 5590 5647 5648
f 1431 5645 5643
f 1432 5647 5645
f 1419 5643 5647
f 5645 5647 5643
f 95 5444 5650
f 1381 5649 5444
f 1434 5650 5649
f 5444 5649 5650
f 354 5651 5448
f 1433 5652 5651
f 1381 5448 5652
f 5651 5652 5448
f 369 5653 5655
f 1434 5654 5653
f 1433 5655 5654
f 5653 5654 5655
f 1381 5652 5649
f 1433 5654 5652
f 1434 5649 5654
f 5652 5654 5649
f 367 5648 5638
f 1432 5656 5648
f 1430 5638 5656
f 5648 5656 5638
f 369 5655 5644
f 1433 5657 5655
f 1432 5644 5657
f 5655 5657 5644
f 354 5641 5651
f 1430 5658 5641
f 1433 5651 5658
f 5641 5658 5651
f 1432 5657 5656
f 1433 5658 5657
f 1430 5656 5658
f 5657 5658 5656
f 28 5361 5537
f 1359 5659 5361
f 1404 5537 5659
f 5361 5659 5537
f 351 5660 5365
f 1435 5661 5660
f 1359 5365 5661
f 5660 5661 5365
f 362 5542 5663
f 1404 5662 5542
f 1435 5663 5662
f 5542 5662 5663
f 1359 5661 5659
f 1435 5662 5661
f 1404 5659 5662
f 5661 5662 5659
f 92 5664 5377
f 1436 5665 5664
f 1363 5377 5665
f 5664 5665 5377
f 370 5666 5668
f 1437 5667 5666
f 1436 5668 5667
f 5666 5667 5668
f 351 5382 5670
f 1363 5669 5382
f 1437 5670 5669
f 5382 5669 5670
f 1436 5667 5665
f 1437 5669 5667
f 1363 5665 5669
f 5667 5669 5665
f 97 5548 5672
f 1409 5671 5548
f 1439 5672 5671
f 5548 5671 5672
f 362 5673 5552
f 1438 5674 5673
f 1409 5552 5674
f 5673 5674 5552
f 370 5675 5677
f 1439 5676 5675
f 1438 5677 5676
f 5675 5676 5677
f 1409 5674 5671
f 1438 5676 5674
f 1439 5671 5676
f 5674 5676 5671
f 351 5670 5660
f 1437 5678 5670
f 1435 5660 5678
f 5670 5678 5660
f 370 5677 5666
f 1438 5679 5677
f 1437 5666 5679
f 5677 5679 5666
f 362 5663 5673
f 1435 5680 5663
f 1438 5673 5680
f 5663 5680 5673
f 1437 5679 5678
f 1438 5680 5679
f 1435 5678 5680
f 5679 5680 5678
f 95 5650 5620
f 1434 5681 5650
f 1426 5620 5681
f 5650 5681 5620
f 369 5682 5653
f 1440 5683 5682
f 1434 5653 5683
f 5682 5683 5653
f 368 5624 5685
f 1426 5684 5624
f 1440 5685 5684
f 5624 5684 5685
f 1434 5683 5681
f 1440 5684 5683
f 1426 5681 5684
f 5683 5684 5681
f 97 5672 5642
f 1439 5686 5672
f 1431 5642 5686
f 5672 5686 5642
f 370 5687 5675
f 1441 5688 5687
f 1439 5675 5688
f 5687 5688 5675
f 369 5646 5690
f 1431 5689 5646
f 1441 5690 5689
f 5646 5689 5690
f 1439 5688 5686
f 1441 5689 5688
f 1431 5686 5689
f 5688 5689 5686
f 92 5628 5664
f 1429 5691 5628
f 1436 5664 5691
f 5628 5691 5664
f 368 5692 5631
f 1442 5693 5692
f 1429 5631 5693
f 5692 5693 5631
f 370 5668 5695
f 1436 5694 5668
f 1442 5695 5694
f 5668 5694 5695
f 1429 5693 5691
f 1442 5694 5693
f 1436 5691 5694
f 5693 5694 5691
f 369 5690 5682
f 1441 5696 5690
f 1440 5682 5696
f 5690 5696 5682
f 370 5695 5687
f 1442 5697 5695
f 1441 5687 5697
f 5695 5697 5687
f 368 5685 5692
f 1440 5698 5685
f 1442 5692 5698
f 5685 5698 5692
f 1441 5697 5696
f 1442 5698 5697
f 1440 5696 5698
f 5697 5698 5696
f 11 3957 5700
f 1005 5699 3957
f 1444 5700 5699
f 3957 5699 5700
f 261 5701 3961
f 1443 5702 5701
f 1005 3961 5702
f 5701 5702 3961
f 372 5703 5705
f 1444 5704 5703
f 1443 5705 5704
f 5703 5704 5705
f 1005 5702 5699
f 1443 5704 5702
f 1444 5699 5704
f 5702 5704 5699
f 72 5706 3973
f 1445 5707 5706
f 1009 3973 5707
f 5706 5707 3973
f 371 5708 5710
f 1446 5709 5708
f 1445 5710 5709
f 5708 5709 5710
f 261 3978 5712
f 1009 5711 3978
f 1446 5712 5711
f 3978 5711 5712
f 1445 5709 5707
f 1446 5711 5709
f 1009 5707 5711
f 5709 5711 5707
f 100 5713 5715
f 1447 5714 5713
f 1449 5715 5714
f 5713 5714 5715
f 372 5716 5718
f 1448 5717 5716
f 1447 5718 5717
f 5716 5717 5718
f 371 5719 5721
f 1449 5720 5719
f 1448 5721 5720
f 5719 5720 5721
f 1447 5717 5714
f 1448 5720 5717
f 1449 5714 5720
f 5717 5720 5714
f 261 5712 5701
f 1446 5722 5712
f 1443 5701 5722
f 5712 5722 5701
f 371 5721 5708
f 1448 5723 5721
f 1446 5708 5723
f 5721 5723 5708
f 372 5705 5716
f 1443 5724 5705
f 1448 5716 5724
f 5705 5724 5716
f 1446 5723 5722
f 1448 5724 5723
f 1443 5722 5724
f 5723 5724 5722
f 20 5725 4015
f 1450 5726 5725
f 1021 4015 5726
f 5725 5726 4015
f 373 5727 5729
f 1451 5728 5727
f 1450 5729 5728
f 5727 5728 5729
f 265 4020 5731
f 1021 5730 4020
f 1451 5731 5730
f 4020 5730 5731
f 1450 5728 5726
f 1451 5730 5728
f 1021 5726 5730
f 5728 5730 5726
f 99 5732 5734
f 1452 5733 5732
f 1454 5734 5733
f 5732 5733 5734
f 374 5735 5737
f 1453 5736 5735
f 1452 5737 5736
f 5735 5736 5737
f 373 5738 5740
f 1454 5739 5738
f 1453 5740 5739
f 5738 5739 5740
f 1452 5736 5733
f 1453 5739 5736
f 1454 5733 5739
f 5736 5739 5733
f 72 4026 5742
f 1026 5741 4026
f 1456 5742 5741
f 4026 5741 5742
f 265 5743 4030
f 1455 5744 5743
f 1026 4030 5744
f 5743 5744 4030
f 374 5745 5747
f 1456 5746 5745
f 1455 5747 5746
f 5745 5746 5747
f 1026 5744 5741
f 1455 5746 5744
f 1456 5741 5746
f 5744 5746 5741
f 373 5740 5727
f 1453 5748 5740
f 1451 5727 5748
f 5740 5748 5727
f 374 5747 5735
f 1455 5749 5747
f 1453 5735 5749
f 5747 5749 5735
f 265 5731 5743
f 1451 5750 5731
f 1455 5743 5750
f 5731 5750 5743
f 1453 5749 5748
f 1455 5750 5749
f 1451 5748 5750
f 5749 5750 5748
f 30 5751 5753
f 1457 5752 5751
f 1459 5753 5752
f 5751 5752 5753
f 375 5754 5756
f 1458 5755 5754
f 1457 5756 5755
f 5754 5755 5756
f 377 5757 5759
f 1459 5758 5757
f 1458 5759 5758
f 5757 5758 5759
f 1457 5755 5752
f 1458 5758 5755
f 1459 5752 5758
f 5755 5758 5752
f 100 5760 5762
f 1460 5761 5760
f 1462 5762 5761
f 5760 5761 5762
f 376 5763 5765
f 1461 5764 5763
f 1460 5765 5764
f 5763 5764 5765
f 375 5766 5768
f 1462 5767 5766
f 1461 5768 5767
f 5766 5767 5768
f 1460 5764 5761
f 1461 5767 5764
f 1462 5761 5767
f 5764 5767 5761
f 99 5769 5771
f 1463 5770 5769
f 1465 5771 5770
f 5769 5770 5771
f 377 5772 5774
f 1464 5773 5772
f 1463 5774 5773
f 5772 5773 5774
f 376 5775 5777
f 1465 5776 5775
f 1464 5777 5776
f 5775 5776 5777
f 1463 5773 5770
f 1464 5776 5773
f 1465 5770 5776
f 5773 5776 5770
f 375 5768 5754
f 1461 5778 5768
f 1458 5754 5778
f 5768 5778 5754
f 376 5777 5763
f 1464 5779 5777
f 1461 5763 5779
f 5777 5779 5763
f 377 5759 5772
f 1458 5780 5759
f 1464 5772 5780
f 5759 5780 5772
f 1461 5779 5778
f 1464 5780 5779
f 1458 5778 5780
f 5779 5780 5778
f 72 5742 5706
f 1456 5781 5742
f 1445 5706 5781
f 5742 5781 5706
f 374 5782 5745
f 1466 5783 5782
f 1456 5745 5783
f 5782 5783 5745
f 371 5710 5785
f 1445 5784 5710
f 1466 5785 5784
f 5710 5784 5785
f 1456 5783 5781
f 1466 5784 5783
f 1445 5781 5784
f 5783 5784 5781
f 99 5771 5732
f 1465 5786 5771
f 1452 5732 5786
f 5771 5786 5732
f 376 5787 5775
f 1467 5788 5787
f 1465 5775 5788
f 5787 5788 5775
f 374 5737 5790
f 1452 5789 5737
f 1467 5790 5789
f 5737 5789 5790
f 1465 5788 5786
f 1467 5789 5788
f 1452 5786 5789
f 5788 5789 5786
f 100 5715 5760
f 1449 5791 5715
f 1460 5760 5791
f 5715 5791 5760
f 371 5792 5719
f 1468 5793 5792
f 1449 5719 5793
f 5792 5793 5719
f 376 5765 5795
f 1460 5794 5765
f 1468 5795 5794
f 5765 5794 5795
f 1449 5793 5791
f 1468 5794 5793
f 1460 5791 5794
f 5793 5794 5791
f 374 5790 5782
f 1467 5796 5790
f 1466 5782 5796
f 5790 5796 5782
f 376 5795 5787
f 1468 5797 5795
f 1467 5787 5797
f 5795 5797 5787
f 371 5785 5792
f 1466 5798 5785
f 1468 5792 5798
f 5785 5798 5792
f 1467 5797 5796
f 1468 5798 5797
f 1466 5796 5798
f 5797 5798 5796
f 8 5799 3855
f 1469 5800 5799
f 977 3855 5800
f 5799 5800 3855
f 378 5801 5803
f 1470 5802 5801
f 1469 5803 5802
f 5801 5802 5803
f 252 3859 5805
f 977 5804 3859
f 1470 5805 5804
f 3859 5804 5805
f 1469 5802 5800
f 1470 5804 5802
f 977 5800 5804
f 5802 5804 5800
f 101 5806 5808
f 1471 5807 5806
f 1473 5808 5807
f 5806 5807 5808
f 379 5809 5811
f 1472 5810 5809
f 1471 5811 5810
f 5809 5810 5811
f 378 5812 5814
f 1473 5813 5812
f 1472 5814 5813
f 5812 5813 5814
f 1471 5810 5807
f 1472 5813 5810
f 1473 5807 5813
f 5810 5813 5807
f 68 3864 5816
f 981 5815 3864
f 1475 5816 5815
f 3864 5815 5816
f 252 5817 3868
f 1474 5818 5817
f 981 3868 5818
f 5817 5818 3868
f 379 5819 5821
f 1475 5820 5819
f 1474 5821 5820
f 5819 5820 5821
f 981 5818 5815
f 1474 5820 5818
f 1475 5815 5820
f 5818 5820 5815
f 378 5814 5801
f 1472 5822 5814
f 1470 5801 5822
f 5814 5822 5801
f 379 5821 5809
f 1474 5823 5821
f 1472 5809 5823
f 5821 5823 5809
f 252 5805 5817
f 1470 5824 5805
f 1474 5817 5824
f 5805 5824 5817
f 1472 5823 5822
f 1474 5824 5823
f 1470 5822 5824
f 5823 5824 5822
f 29 5825 5827
f 1476 5826 5825
f 1478 5827 5826
f 5825 5826 5827
f 380 5828 5830
f 1477 5829 5828
f 1476 5830 5829
f 5828 5829 5830
f 382 5831 5833
f 1478 5832 5831
f 1477 5833 5832
f 5831 5832 5833
f 1476 5829 5826
f 1477 5832 5829
f 1478 5826 5832
f 5829 5832 5826
f 102 5834 5836
f 1479 5835 5834
f 1481 5836 5835
f 5834 5835 5836
f 381 5837 5839
f 1480 5838 5837
f 1479 5839 5838
f 5837 5838 5839
f 380 5840 5842
f 1481 5841 5840
f 1480 5842 5841
f 5840 5841 5842
f 1479 5838 5835
f 1480 5841 5838
f 1481 5835 5841
f 5838 5841 5835
f 101 5843 5845
f 1482 5844 5843
f 1484 5845 5844
f 5843 5844 5845
f 382 5846 5848
f 1483 5847 5846
f 1482 5848 5847
f 5846 5847 5848
f 381 5849 5851
f 1484 5850 5849
f 1483 5851 5850
f 5849 5850 5851
f 1482 5847 5844
f 1483 5850 5847
f 1484 5844 5850
f 5847 5850 5844
f 380 5842 5828
f 1480 5852 5842
f 1477 5828 5852
f 5842 5852 5828
f 381 5851 5837
f 1483 5853 5851
f 1480 5837 5853
f 5851 5853 5837
f 382 5833 5846
f 1477 5854 5833
f 1483 5846 5854
f 5833 5854 5846
f 1480 5853 5852
f 1483 5854 5853
f 1477 5852 5854
f 5853 5854 5852
f 20 3883 5856
f 986 5855 3883
f 1486 5856 5855
f 3883 5855 5856
f 256 5857 3887
f 1485 5858 5857
f 986 3887 5858
f 5857 5858 3887
f 384 5859 5861
f 1486 5860 5859
f 1485 5861 5860
f 5859 5860 5861
f 986 5858 5855
f 1485 5860 5858
f 1486 5855 5860
f 5858 5860 5855
f 68 5862 3899
f 1487 5863 5862
f 990 3899 5863
f 5862 5863 3899
f 383 5864 5866
f 1488 5865 5864
f 1487 5866 5865
f 5864 5865 5866
f 256 3904 5868
f 990 5867 3904
f 1488 5868 5867
f 3904 5867 5868
f 1487 5865 5863
f 1488 5867 5865
f 990 5863 5867
f 5865 5867 5863
f 102 5869 5871
f 1489 5870 5869
f 1491 5871 5870
f 5869 5870 5871
f 384 5872 5874
f 1490 5873 5872
f 1489 5874 5873
f 5872 5873 5874
f 383 5875 5877
f 1491 5876 5875
f 1490 5877 5876
f 5875 5876 5877
f 1489 5873 5870
f 1490 5876 5873
f 1491 5870 5876
f 5873 5876 5870
f 256 5868 5857
f 1488 5878 5868
f 1485 5857 5878
f 5868 5878 5857
f 383 5877 5864
f 1490 5879 5877
f 1488 5864 5879
f 5877 5879 5864
f 384 5861 5872
f 1485 5880 5861
f 1490 5872 5880
f 5861 5880 5872
f 1488 5879 5878
f 1490 5880 5879
f 1485 5878 5880
f 5879 5880 5878
f 101 5845 5806
f 1484 5881 5845
f 1471 5806 5881
f 5845 5881 5806
f 381 5882 5849
f 1492 5883 5882
f 1484 5849 5883
f 5882 5883 5849
f 379 5811 5885
f 1471 5884 5811
f 1492 5885 5884
f 5811 5884 5885
f 1484 5883 5881
f 1492 5884 5883
f 1471 5881 5884
f 5883 5884 5881
f 102 5871 5834
f 1491 5886 5871
f 1479 5834 5886
f 5871 5886 5834
f 383 5887 5875
f 1493 5888 5887
f 1491 5875 5888
f 5887 5888 5875
f 381 5839 5890
f 1479 5889 5839
f 1493 5890 5889
f 5839 5889 5890
f 1491 5888 5886
f 1493 5889 5888
f 1479 5886 5889
f 5888 5889 5886
f 68 5816 5862
f 1475 5891 5816
f 1487 5862 5891
f 5816 5891 5862
f 379 5892 5819
f 1494 5893 5892
f 1475 5819 5893
f 5892 5893 5819
f 383 5866 5895
f 1487 5894 5866
f 1494 5895 5894
f 5866 5894 5895
f 1475 5893 5891
f 1494 5894 5893
f 1487 5891 5894
f 5893 5894 5891
f 381 5890 5882
f 1493 5896 5890
f 1492 5882 5896
f 5890 5896 5882
f 383 5895 5887
f 1494 5897 5895
f 1493 5887 5897
f 5895 5897 5887
f 379 5885 5892
f 1492 5898 5885
f 1494 5892 5898
f 5885 5898 5892
f 1493 5897 5896
f 1494 5898 5897
f 1492 5896 5898
f 5897 5898 5896
f 7 5899 5901
f 1495 5900 5899
f 1497 5901 5900
f 5899 5900 5901
f 385 5902 5904
f 1496 5903 5902
f 1495 5904 5903
f 5902 5903 5904
f 387 5905 5907
f 1497 5906 5905
f 1496 5907 5906
f 5905 5906 5907
f 1495 5903 5900
f 1496 5906 5903
f 1497 5900 5906
f 5903 5906 5900
f 103 5908 5910
f 1498 5909 5908
f 1500 5910 5909
f 5908 5909 5910
f 386 5911 5913
f 1499 5912 5911
f 1498 5913 5912
f 5911 5912 5913
f 385 5914 5916
f 1500 5915 5914
f 1499 5916 5915
f 5914 5915 5916
f 1498 5912 5909
f 1499 5915 5912
f 1500 5909 5915
f 5912 5915 5909
f 105 5917 5919
f 1501 5918 5917
f 1503 5919 5918
f 5917 5918 5919
f 387 5920 5922
f 1502 5921 5920
f 1501 5922 5921
f 5920 5921 5922
f 386 5923 5925
f 1503 5924 5923
f 1502 5925 5924
f 5923 5924 5925
f 1501 5921 5918
f 1502 5924 5921
f 1503 5918 5924
f 5921 5924 5918
f 385 5916 5902
f 1499 5926 5916
f 1496 5902 5926
f 5916 5926 5902
f 386 5925 5911
f 1502 5927 5925
f 1499 5911 5927
f 5925 5927 5911
f 387 5907 5920
f 1496 5928 5907
f 1502 5920 5928
f 5907 5928 5920
f 1499 5927 5926
f 1502 5928 5927
f 1496 5926 5928
f 5927 5928 5926
f 30 5929 5931
f 1504 5930 5929
f 1506 5931 5930
f 5929 5930 5931
f 388 5932 5934
f 1505 5933 5932
f 1504 5934 5933
f 5932 5933 5934
f 390 5935 5937
f 1506 5936 5935
f 1505 5937 5936
f 5935 5936 5937
f 1504 5933 5930
f 1505 5936 5933
f 1506 5930 5936
f 5933 5936 5930
f 104 5938 5940
f 1507 5939 5938
f 1509 5940 5939
f 5938 5939 5940
f 389 5941 5943
f 1508 5942 5941
f 1507 5943 5942
f 5941 5942 5943
f 388 5944 5946
f 1509 5945 5944
f 1508 5946 5945
f 5944 5945 5946
f 1507 5942 5939
f 1508 5945 5942
f 1509 5939 5945
f 5942 5945 5939
f 103 5947 5949
f 1510 5948 5947
f 1512 5949 5948
f 5947 5948 5949
f 390 5950 5952
f 1511 5951 5950
f 1510 5952 5951
f 5950 5951 5952
f 389 5953 5955
f 1512 5954 5953
f 1511 5955 5954
f 5953 5954 5955
f 1510 5951 5948
f 1511 5954 5951
f 1512 5948 5954
f 5951 5954 5948
f 388 5946 5932
f 1508 5956 5946
f 1505 5932 5956
f 5946 5956 5932
f 389 5955 5941
f 1511 5957 5955
f 1508 5941 5957
f 5955 5957 5941
f 390 5937 5950
f 1505 5958 5937
f 1511 5950 5958
f 5937 5958 5950
f 1508 5957 5956
f 1511 5958 5957
f 1505 5956 5958
f 5957 5958 5956
f 29 5959 5961
f 1513 5960 5959
f 1515 5961 5960
f 5959 5960 5961
f 391 5962 5964
f 1514 5963 5962
f 1513 5964 5963
f 5962 5963 5964
f 393 5965 5967
f 1515 5966 5965
f 1514 5967 5966
f 5965 5966 5967
f 1513 5963 5960
f 1514 5966 5963
f 1515 5960 5966
f 5963 5966 5960
f 105 5968 5970
f 1516 5969 5968
f 1518 5970 5969
f 5968 5969 5970
f 392 5971 5973
f 1517 5972 5971
f 1516 5973 5972
f 5971 5972 5973
f 391 5974 5976
f 1518 5975 5974
f 1517 5976 5975
f 5974 5975 5976
f 1516 5972 5969
f 1517 5975 5972
f 1518 5969 5975
f 5972 5975 5969
f 104 5977 5979
f 1519 5978 5977
f 1521 5979 5978
f 5977 5978 5979
f 393 5980 5982
f 1520 5981 5980
f 1519 5982 5981
f 5980 5981 5982
f 392 5983 5985
f 1521 5984 5983
f 1520 5985 5984
f 5983 5984 5985
f 1519 5981 5978
f 1520 5984 5981
f 1521 5978 5984
f 5981 5984 5978
f 391 5976 5962
f 1517 5986 5976
f 1514 5962 5986
f 5976 5986 5962
f 392 5985 5971
f 1520 5987 5985
f 1517 5971 5987
f 5985 5987 5971
f 393 5967 5980
f 1514 5988 5967
f 1520 5980 5988
f 5967 5988 5980
f 1517 5987 5986
f 1520 5988 5987
f 1514 5986 5988
f 5987 5988 5986
f 103 5949 5908
f 1512 5989 5949
f 1498 5908 5989
f 5949 5989 5908
f 389 5990 5953
f 1522 5991 5990
f 1512 5953 5991
f 5990 5991 5953
f 386 5913 5993
f 1498 5992 5913
f 1522 5993 5992
f 5913 5992 5993
f 1512 5991 5989
f 1522 5992 5991
f 1498 5989 5992
f 5991 5992 5989
f 104 5979 5938
f 1521 5994 5979
f 1507 5938 5994
f 5979 5994 5938
f 392 5995 5983
f 1523 5996 5995
f 1521 5983 5996
f 5995 5996 5983
f 389 5943 5998
f 1507 5997 5943
f 1523 5998 5997
f 5943 5997 5998
f 1521 5996 5994
f 1523 5997 5996
f 1507 5994 5997
f 5996 5997 5994
f 105 5919 5968
f 1503 5999 5919
f 1516 5968 5999
f 5919 5999 5968
f 386 6000 5923
f 1524 6001 6000
f 1503 5923 6001
f 6000 6001 5923
f 392 5973 6003
f 1516 6002 5973
f 1524 6003 6002
f 5973 6002 6003
f 1503 6001 5999
f 1524 6002 6001
f 1516 5999 6002
f 6001 6002 5999
f 389 5998 5990
f 1523 6004 5998
f 1522 5990 6004
f 5998 6004 5990
f 392 6003 5995
f 1524 6005 6003
f 1523 5995 6005
f 6003 6005 5995
f 386 5993 6000
f 1522 6006 5993
f 1524 6000 6006
f 5993 6006 6000
f 1523 6005 6004
f 1524 6006 6005
f 1522 6004 6006
f 6005 6006 6004
f 20 5856 5725
f 1486 6007 5856
f 1450 5725 6007
f 5856 6007 5725
f 384 6008 5859
f 1525 6009 6008
f 1486 5859 6009
f 6008 6009 5859
f 373 5729 6011
f 1450 6010 5729
f 1525 6011 6010
f 5729 6010 6011
f 1486 6009 6007
f 1525 6010 6009
f 1450 6007 6010
f 6009 6010 6007
f 102 6012 5869
f 1526 6013 6012
f 1489 5869 6013
f 6012 6013 5869
f 394 6014 6016
f 1527 6015 6014
f 1526 6016 6015
f 6014 6015 6016
f 384 5874 6018
f 1489 6017 5874
f 1527 6018 6017
f 5874 6017 6018
f 1526 6015 6013
f 1527 6017 6015
f 1489 6013 6017
f 6015 6017 6013
f 99 5734 6020
f 1454 6019 5734
f 1529 6020 6019
f 5734 6019 6020
f 373 6021 5738
f 1528 6022 6021
f 1454 5738 6022
f 6021 6022 5738
f 394 6023 6025
f 1529 6024 6023
f 1528 6025 6024
f 6023 6024 6025
f 1454 6022 6019
f 1528 6024 6022
f 1529 6019 6024
f 6022 6024 6019
f 384 6018 6008
f 1527 6026 6018
f 1525 6008 6026
f 6018 6026 6008
f 394 6025 6014
f 1528 6027 6025
f 1527 6014 6027
f 6025 6027 6014
f 373 6011 6021
f 1525 6028 6011
f 1528 6021 6028
f 6011 6028 6021
f 1527 6027 6026
f 1528 6028 6027
f 1525 6026 6028
f 6027 6028 6026
f 29 5961 5825
f 1515 6029 5961
f 1476 5825 6029
f 5961 6029 5825
f 393 6030 5965
f 1530 6031 6030
f 1515 5965 6031
f 6030 6031 5965
f 380 5830 6033
f 1476 6032 5830
f 1530 6033 6032
f 5830 6032 6033
f 1515 6031 6029
f 1530 6032 6031
f 1476 6029 6032
f 6031 6032 6029
f 104 6034 5977
f 1531 6035 6034
f 1519 5977 6035
f 6034 6035 5977
f 395 6036 6038
f 1532 6037 6036
f 1531 6038 6037
f 6036 6037 6038
f 393 5982 6040
f 1519 6039 5982
f 1532 6040 6039
f 5982 6039 6040
f 1531 6037 6035
f 1532 6039 6037
f 1519 6035 6039
f 6037 6039 6035
f 102 5836 6042
f 1481 6041 5836
f 1534 6042 6041
f 5836 6041 6042
f 380 6043 5840
f 1533 6044 6043
f 1481 5840 6044
f 6043 6044 5840
f 395 6045 6047
f 1534 6046 6045
f 1533 6047 6046
f 6045 6046 6047
f 1481 6044 6041
f 1533 6046 6044
f 1534 6041 6046
f 6044 6046 6041
f 393 6040 6030
f 1532 6048 6040
f 1530 6030 6048
f 6040 6048 6030
f 395 6047 6036
f 1533 6049 6047
f 1532 6036 6049
f 6047 6049 6036
f 380 6033 6043
f 1530 6050 6033
f 1533 6043 6050
f 6033 6050 6043
f 1532 6049 6048
f 1533 6050 6049
f 1530 6048 6050
f 6049 6050 6048
f 30 5753 5929
f 1459 6051 5753
f 1504 5929 6051
f 5753 6051 5929
f 377 6052 5757
f 1535 6053 6052
f 1459 5757 6053
f 6052 6053 5757
f 388 5934 6055
f 1504 6054 5934
f 1535 6055 6054
f 5934 6054 6055
f 1459 6053 6051
f 1535 6054 6053
f 1504 6051 6054
f 6053 6054 6051
f 99 6056 5769
f 1536 6057 6056
f 1463 5769 6057
f 6056 6057 5769
f 396 6058 6060
f 1537 6059 6058
f 1536 6060 6059
f 6058 6059 6060
f 377 5774 6062
f 1463 6061 5774
f 1537 6062 6061
f 5774 6061 6062
f 1536 6059 6057
f 1537 6061 6059
f 1463 6057 6061
f 6059 6061 6057
f 104 5940 6064
f 1509 6063 5940
f 1539 6064 6063
f 5940 6063 6064
f 388 6065 5944
f 1538 6066 6065
f 1509 5944 6066
f 6065 6066 5944
f 396 6067 6069
f 1539 6068 6067
f 1538 6069 6068
f 6067 6068 6069
f 1509 6066 6063
f 1538 6068 6066
f 1539 6063 6068
f 6066 6068 6063
f 377 6062 6052
f 1537 6070 6062
f 1535 6052 6070
f 6062 6070 6052
f 396 6069 6058
f 1538 6071 6069
f 1537 6058 6071
f 6069 6071 6058
f 388 6055 6065
f 1535 6072 6055
f 1538 6065 6072
f 6055 6072 6065
f 1537 6071 6070
f 1538 6072 6071
f 1535 6070 6072
f 6071 6072 6070
f 102 6042 6012
f 1534 6073 6042
f 1526 6012 6073
f 6042 6073 6012
f 395 6074 6045
f 1540 6075 6074
f 1534 6045 6075
f 6074 6075 6045
f 394 6016 6077
f 1526 6076 6016
f 1540 6077 6076
f 6016 6076 6077
f 1534 6075 6073
f 1540 6076 6075
f 1526 6073 6076
f 6075 6076 6073
f 104 6064 6034
f 1539 6078 6064
f 1531 6034 6078
f 6064 6078 6034
f 396 6079 6067
f 1541 6080 6079
f 1539 6067 6080
f 6079 6080 6067
f 395 6038 6082
f 1531 6081 6038
f 1541 6082 6081
f 6038 6081 6082
f 1539 6080 6078
f 1541 6081 6080
f 1531 6078 6081
f 6080 6081 6078
f 99 6020 6056
f 1529 6083 6020
f 1536 6056 6083
f 6020 6083 6056
f 394 6084 6023
f 1542 6085 6084
f 1529 6023 6085
f 6084 6085 6023
f 396 6060 6087
f 1536 6086 6060
f 1542 6087 6086
f 6060 6086 6087
f 1529 6085 6083
f 1542 6086 6085
f 1536 6083 6086
f 6085 6086 6083
f 395 6082 6074
f 1541 6088 6082
f 1540 6074 6088
f 6082 6088 6074
f 396 6087 6079
f 1542 6089 6087
f 1541 6079 6089
f 6087 6089 6079
f 394 6077 6084
f 1540 6090 6077
f 1542 6084 6090
f 6077 6090 6084
f 1541 6089 6088
f 1542 6090 6089
f 1540 6088 6090
f 6089 6090 6088
f 8 3565 6092
f 905 6091 3565
f 1544 6092 6091
f 3565 6091 6092
f 235 6093 3569
f 1543 6094 6093
f 905 3569 6094
f 6093 6094 3569
f 398 6095 6097
f 1544 6096 6095
f 1543 6097 6096
f 6095 6096 6097
f 905 6094 6091
f 1543 6096 6094
f 1544 6091 6096
f 6094 6096 6091
f 65 6098 3581
f 1545 6099 6098
f 909 3581 6099
f 6098 6099 3581
f 397 6100 6102
f 1546 6101 6100
f 1545 6102 6101
f 6100 6101 6102
f 235 3586 6104
f 909 6103 3586
f 1546 6104 6103
f 3586 6103 6104
f 1545 6101 6099
f 1546 6103 6101
f 909 6099 6103
f 6101 6103 6099
f 107 6105 6107
f 1547 6106 6105
f 1549 6107 6106
f 6105 6106 6107
f 398 6108 6110
f 1548 6109 6108
f 1547 6110 6109
f 6108 6109 6110
f 397 6111 6113
f 1549 6112 6111
f 1548 6113 6112
f 6111 6112 6113
f 1547 6109 6106
f 1548 6112 6109
f 1549 6106 6112
f 6109 6112 6106
f 235 6104 6093
f 1546 6114 6104
f 1543 6093 6114
f 6104 6114 6093
f 397 6113 6100
f 1548 6115 6113
f 1546 6100 6115
f 6113 6115 6100
f 398 6097 6108
f 1543 6116 6097
f 1548 6108 6116
f 6097 6116 6108
f 1546 6115 6114
f 1548 6116 6115
f 1543 6114 6116
f 6115 6116 6114
f 18 6117 3623
f 1550 6118 6117
f 921 3623 6118
f 6117 6118 3623
f 399 6119 6121
f 1551 6120 6119
f 1550 6121 6120
f 6119 6120 6121
f 239 3628 6123
f 921 6122 3628
f 1551 6123 6122
f 3628 6122 6123
f 1550 6120 6118
f 1551 6122 6120
f 921 6118 6122
f 6120 6122 6118
f 106 6124 6126
f 1552 6125 6124
f 1554 6126 6125
f 6124 6125 6126
f 400 6127 6129
f 1553 6128 6127
f 1552 6129 6128
f 6127 6128 6129
f 399 6130 6132
f 1554 6131 6130
f 1553 6132 6131
f 6130 6131 6132
f 1552 6128 6125
f 1553 6131 6128
f 1554 6125 6131
f 6128 6131 6125
f 65 3634 6134
f 926 6133 3634
f 1556 6134 6133
f 3634 6133 6134
f 239 6135 3638
f 1555 6136 6135
f 926 3638 6136
f 6135 6136 3638
f 400 6137 6139
f 1556 6138 6137
f 1555 6139 6138
f 6137 6138 6139
f 926 6136 6133
f 1555 6138 6136
f 1556 6133 6138
f 6136 6138 6133
f 399 6132 6119
f 1553 6140 6132
f 1551 6119 6140
f 6132 6140 6119
f 400 6139 6127
f 1555 6141 6139
f 1553 6127 6141
f 6139 6141 6127
f 239 6123 6135
f 1551 6142 6123
f 1555 6135 6142
f 6123 6142 6135
f 1553 6141 6140
f 1555 6142 6141
f 1551 6140 6142
f 6141 6142 6140
f 32 6143 6145
f 1557 6144 6143
f 1559 6145 6144
f 6143 6144 6145
f 401 6146 6148
f 1558 6147 6146
f 1557 6148 6147
f 6146 6147 6148
f 403 6149 6151
f 1559 6150 6149
f 1558 6151 6150
f 6149 6150 6151
f 1557 6147 6144
f 1558 6150 6147
f 1559 6144 6150
f 6147 6150 6144
f 107 6152 6154
f 1560 6153 6152
f 1562 6154 6153
f 6152 6153 6154
f 402 6155 6157
f 1561 6156 6155
f 1560 6157 6156
f 6155 6156 6157
f 401 6158 6160
f 1562 6159 6158
f 1561 6160 6159
f 6158 6159 6160
f 1560 6156 6153
f 1561 6159 6156
f 1562 6153 6159
f 6156 6159 6153
f 106 6161 6163
f 1563 6162 6161
f 1565 6163 6162
f 6161 6162 6163
f 403 6164 6166
f 1564 6165 6164
f 1563 6166 6165
f 6164 6165 6166
f 402 6167 6169
f 1565 6168 6167
f 1564 6169 6168
f 6167 6168 6169
f 1563 6165 6162
f 1564 6168 6165
f 1565 6162 6168
f 6165 6168 6162
f 401 6160 6146
f 1561 6170 6160
f 1558 6146 6170
f 6160 6170 6146
f 402 6169 6155
f 1564 6171 6169
f 1561 6155 6171
f 6169 6171 6155
f 403 6151 6164
f 1558 6172 6151
f 1564 6164 6172
f 6151 6172 6164
f 1561 6171 6170
f 1564 6172 6171
f 1558 6170 6172
f 6171 6172 6170
f 65 6134 6098
f 1556 6173 6134
f 1545 6098 6173
f 6134 6173 6098
f 400 6174 6137
f 1566 6175 6174
f 1556 6137 6175
f 6174 6175 6137
f 397 6102 6177
f 1545 6176 6102
f 1566 6177 6176
f 6102 6176 6177
f 1556 6175 6173
f 1566 6176 6175
f 1545 6173 6176
f 6175 6176 6173
f 106 6163 6124
f 1565 6178 6163
f 1552 6124 6178
f 6163 6178 6124
f 402 6179 6167
f 1567 6180 6179
f 1565 6167 6180
f 6179 6180 6167
f 400 6129 6182
f 1552 6181 6129
f 1567 6182 6181
f 6129 6181 6182
f 1565 6180 6178
f 1567 6181 6180
f 1552 6178 6181
f 6180 6181 6178
f 107 6107 6152
f 1549 6183 6107
f 1560 6152 6183
f 6107 6183 6152
f 397 6184 6111
f 1568 6185 6184
f 1549 6111 6185
f 6184 6185 6111
f 402 6157 6187
f 1560 6186 6157
f 1568 6187 6186
f 6157 6186 6187
f 1549 6185 6183
f 1568 6186 6185
f 1560 6183 6186
f 6185 6186 6183
f 400 6182 6174
f 1567 6188 6182
f 1566 6174 6188
f 6182 6188 6174
f 402 6187 6179
f 1568 6189 6187
f 1567 6179 6189
f 6187 6189 6179
f 397 6177 6184
f 1566 6190 6177
f 1568 6184 6190
f 6177 6190 6184
f 1567 6189 6188
f 1568 6190 6189
f 1566 6188 6190
f 6189 6190 6188
f 2 6191 3463
f 1569 6192 6191
f 877 3463 6192
f 6191 6192 3463
f 404 6193 6195
f 1570 6194 6193
f 1569 6195 6194
f 6193 6194 6195
f 226 3467 6197
f 877 6196 3467
f 1570 6197 6196
f 3467 6196 6197
f 1569 6194 6192
f 1570 6196 6194
f 877 6192 6196
f 6194 6196 6192
f 108 6198 6200
f 1571 6199 6198
f 1573 6200 6199
f 6198 6199 6200
f 405 6201 6203
f 1572 6202 6201
f 1571 6203 6202
f 6201 6202 6203
f 404 6204 6206
f 1573 6205 6204
f 1572 6206 6205
f 6204 6205 6206
f 1571 6202 6199
f 1572 6205 6202
f 1573 6199 6205
f 6202 6205 6199
f 61 3472 6208
f 881 6207 3472
f 1575 6208 6207
f 3472 6207 6208
f 226 6209 3476
f 1574 6210 6209
f 881 3476 6210
f 6209 6210 3476
f 405 6211 6213
f 1575 6212 6211
f 1574 6213 6212
f 6211 6212 6213
f 881 6210 6207
f 1574 6212 6210
f 1575 6207 6212
f 6210 6212 6207
f 404 6206 6193
f 1572 6214 6206
f 1570 6193 6214
f 6206 6214 6193
f 405 6213 6201
f 1574 6215 6213
f 1572 6201 6215
f 6213 6215 6201
f 226 6197 6209
f 1570 6216 6197
f 1574 6209 6216
f 6197 6216 6209
f 1572 6215 6214
f 1574 6216 6215
f 1570 6214 6216
f 6215 6216 6214
f 31 6217 6219
f 1576 6218 6217
f 1578 6219 6218
f 6217 6218 6219
f 406 6220 6222
f 1577 6221 6220
f 1576 6222 6221
f 6220 6221 6222
f 408 6223 6225
f 1578 6224 6223
f 1577 6225 6224
f 6223 6224 6225
f 1576 6221 6218
f 1577 6224 6221
f 1578 6218 6224
f 6221 6224 6218
f 109 6226 6228
f 1579 6227 6226
f 1581 6228 6227
f 6226 6227 6228
f 407 6229 6231
f 1580 6230 6229
f 1579 6231 6230
f 6229 6230 6231
f 406 6232 6234
f 1581 6233 6232
f 1580 6234 6233
f 6232 6233 6234
f 1579 6230 6227
f 1580 6233 6230
f 1581 6227 6233
f 6230 6233 6227
f 108 6235 6237
f 1582 6236 6235
f 1584 6237 6236
f 6235 6236 6237
f 408 6238 6240
f 1583 6239 6238
f 1582 6240 6239
f 6238 6239 6240
f 407 6241 6243
f 1584 6242 6241
f 1583 6243 6242
f 6241 6242 6243
f 1582 6239 6236
f 1583 6242 6239
f 1584 6236 6242
f 6239 6242 6236
f 406 6234 6220
f 1580 6244 6234
f 1577 6220 6244
f 6234 6244 6220
f 407 6243 6229
f 1583 6245 6243
f 1580 6229 6245
f 6243 6245 6229
f 408 6225 6238
f 1577 6246 6225
f 1583 6238 6246
f 6225 6246 6238
f 1580 6245 6244
f 1583 6246 6245
f 1577 6244 6246
f 6245 6246 6244
f 18 3491 6248
f 886 6247 3491
f 1586 6248 6247
f 3491 6247 6248
f 230 6249 3495
f 1585 6250 6249
f 886 3495 6250
f 6249 6250 3495
f 410 6251 6253
f 1586 6252 6251
f 1585 6253 6252
f 6251 6252 6253
f 886 6250 6247
f 1585 6252 6250
f 1586 6247 6252
f 6250 6252 6247
f 61 6254 3507
f 1587 6255 6254
f 890 3507 6255
f 6254 6255 3507
f 409 6256 6258
f 1588 6257 6256
f 1587 6258 6257
f 6256 6257 6258
f 230 3512 6260
f 890 6259 3512
f 1588 6260 6259
f 3512 6259 6260
f 1587 6257 6255
f 1588 6259 6257
f 890 6255 6259
f 6257 6259 6255
f 109 6261 6263
f 1589 6262 6261
f 1591 6263 6262
f 6261 6262 6263
f 410 6264 6266
f 1590 6265 6264
f 1589 6266 6265
f 6264 6265 6266
f 409 6267 6269
f 1591 6268 6267
f 1590 6269 6268
f 6267 6268 6269
f 1589 6265 6262
f 1590 6268 6265
f 1591 6262 6268
f 6265 6268 6262
f 230 6260 6249
f 1588 6270 6260
f 1585 6249 6270
f 6260 6270 6249
f 409 6269 6256
f 1590 6271 6269
f 1588 6256 6271
f 6269 6271 6256
f 410 6253 6264
f 1585 6272 6253
f 1590 6264 6272
f 6253 6272 6264
f 1588 6271 6270
f 1590 6272 6271
f 1585 6270 6272
f 6271 6272 6270
f 108 6237 6198
f 1584 6273 6237
f 1571 6198 6273
f 6237 6273 6198
f 407 6274 6241
f 1592 6275 6274
f 1584 6241 6275
f 6274 6275 6241
f 405 6203 6277
f 1571 6276 6203
f 1592 6277 6276
f 6203 6276 6277
f 1584 6275 6273
f 1592 6276 6275
f 1571 6273 6276
f 6275 6276 6273
f 109 6263 6226
f 1591 6278 6263
f 1579 6226 6278
f 6263 6278 6226
f 409 6279 6267
f 1593 6280 6279
f 1591 6267 6280
f 6279 6280 6267
f 407 6231 6282
f 1579 6281 6231
f 1593 6282 6281
f 6231 6281 6282
f 1591 6280 6278
f 1593 6281 6280
f 1579 6278 6281
f 6280 6281 6278
f 61 6208 6254
f 1575 6283 6208
f 1587 6254 6283
f 6208 6283 6254
f 405 6284 6211
f 1594 6285 6284
f 1575 6211 6285
f 6284 6285 6211
f 409 6258 6287
f 1587 6286 6258
f 1594 6287 6286
f 6258 6286 6287
f 1575 6285 6283
f 1594 6286 6285
f 1587 6283 6286
f 6285 6286 6283
f 407 6282 6274
f 1593 6288 6282
f 1592 6274 6288
f 6282 6288 6274
f 409 6287 6279
f 1594 6289 6287
f 1593 6279 6289
f 6287 6289 6279
f 405 6277 6284
f 1592 6290 6277
f 1594 6284 6290
f 6277 6290 6284
f 1593 6289 6288
f 1594 6290 6289
f 1592 6288 6290
f 6289 6290 6288
f 9 6291 6293
f 1595 6292 6291
f 1597 6293 6292
f 6291 6292 6293
f 411 6294 6296
f 1596 6295 6294
f 1595 6296 6295
f 6294 6295 6296
f 413 6297 6299
f 1597 6298 6297
f 1596 6299 6298
f 6297 6298 6299
f 1595 6295 6292
f 1596 6298 6295
f 1597 6292 6298
f 6295 6298 6292
f 110 6300 6302
f 1598 6301 6300
f 1600 6302 6301
f 6300 6301 6302
f 412 6303 6305
f 1599 6304 6303
f 1598 6305 6304
f 6303 6304 6305
f 411 6306 6308
f 1600 6307 6306
f 1599 6308 6307
f 6306 6307 6308
f 1598 6304 6301
f 1599 6307 6304
f 1600 6301 6307
f 6304 6307 6301
f 112 6309 6311
f 1601 6310 6309
f 1603 6311 6310
f 6309 6310 6311
f 413 6312 6314
f 1602 6313 6312
f 1601 6314 6313
f 6312 6313 6314
f 412 6315 6317
f 1603 6316 6315
f 1602 6317 6316
f 6315 6316 6317
f 1601 6313 6310
f 1602 6316 6313
f 1603 6310 6316
f 6313 6316 6310
f 411 6308 6294
f 1599 6318 6308
f 1596 6294 6318
f 6308 6318 6294
f 412 6317 6303
f 1602 6319 6317
f 1599 6303 6319
f 6317 6319 6303
f 413 6299 6312
f 1596 6320 6299
f 1602 6312 6320
f 6299 6320 6312
f 1599 6319 6318
f 1602 6320 6319
f 1596 6318 6320
f 6319 6320 6318
f 32 6321 6323
f 1604 6322 6321
f 1606 6323 6322
f 6321 6322 6323
f 414 6324 6326
f 1605 6325 6324
f 1604 6326 6325
f 6324 6325 6326
f 416 6327 6329
f 1606 6328 6327
f 1605 6329 6328
f 6327 6328 6329
f 1604 6325 6322
f 1605 6328 6325
f 1606 6322 6328
f 6325 6328 6322
f 111 6330 6332
f 1607 6331 6330
f 1609 6332 6331
f 6330 6331 6332
f 415 6333 6335
f 1608 6334 6333
f 1607 6335 6334
f 6333 6334 6335
f 414 6336 6338
f 1609 6337 6336
f 1608 6338 6337
f 6336 6337 6338
f 1607 6334 6331
f 1608 6337 6334
f 1609 6331 6337
f 6334 6337 6331
f 110 6339 6341
f 1610 6340 6339
f 1612 6341 6340
f 6339 6340 6341
f 416 6342 6344
f 1611 6343 6342
f 1610 6344 6343
f 6342 6343 6344
f 415 6345 6347
f 1612 6346 6345
f 1611 6347 6346
f 6345 6346 6347
f 1610 6343 6340
f 1611 6346 6343
f 1612 6340 6346
f 6343 6346 6340
f 414 6338 6324
f 1608 6348 6338
f 1605 6324 6348
f 6338 6348 6324
f 415 6347 6333
f 1611 6349 6347
f 1608 6333 6349
f 6347 6349 6333
f 416 6329 6342
f 1605 6350 6329
f 1611 6342 6350
f 6329 6350 6342
f 1608 6349 6348
f 1611 6350 6349
f 1605 6348 6350
f 6349 6350 6348
f 31 6351 6353
f 1613 6352 6351
f 1615 6353 6352
f 6351 6352 6353
f 417 6354 6356
f 1614 6355 6354
f 1613 6356 6355
f 6354 6355 6356
f 419 6357 6359
f 1615 6358 6357
f 1614 6359 6358
f 6357 6358 6359
f 1613 6355 6352
f 1614 6358 6355
f 1615 6352 6358
f 6355 6358 6352
f 112 6360 6362
f 1616 6361 6360
f 1618 6362 6361
f 6360 6361 6362
f 418 6363 6365
f 1617 6364 6363
f 1616 6365 6364
f 6363 6364 6365
f 417 6366 6368
f 1618 6367 6366
f 1617 6368 6367
f 6366 6367 6368
f 1616 6364 6361
f 1617 6367 6364
f 1618 6361 6367
f 6364 6367 6361
f 111 6369 6371
f 1619 6370 6369
f 1621 6371 6370
f 6369 6370 6371
f 419 6372 6374
f 1620 6373 6372
f 1619 6374 6373
f 6372 6373 6374
f 418 6375 6377
f 1621 6376 6375
f 1620 6377 6376
f 6375 6376 6377
f 1619 6373 6370
f 1620 6376 6373
f 1621 6370 6376
f 6373 6376 6370
f 417 6368 6354
f 1617 6378 6368
f 1614 6354 6378
f 6368 6378 6354
f 418 6377 6363
f 1620 6379 6377
f 1617 6363 6379
f 6377 6379 6363
f 419 6359 6372
f 1614 6380 6359
f 1620 6372 6380
f 6359 6380 6372
f 1617 6379 6378
f 1620 6380 6379
f 1614 6378 6380
f 6379 6380 6378
f 110 6341 6300
f 1612 6381 6341
f 1598 6300 6381
f 6341 6381 6300
f 415 6382 6345
f 1622 6383 6382
f 1612 6345 6383
f 6382 6383 6345
f 412 6305 6385
f 1598 6384 6305
f 1622 6385 6384
f 6305 6384 6385
f 1612 6383 6381
f 1622 6384 6383
f 1598 6381 6384
f 6383 6384 6381
f 111 6371 6330
f 1621 6386 6371
f 1607 6330 6386
f 6371 6386 6330
f 418 6387 6375
f 1623 6388 6387
f 1621 6375 6388
f 6387 6388 6375
f 415 6335 6390
f 1607 6389 6335
f 1623 6390 6389
f 6335 6389 6390
f 1621 6388 6386
f 1623 6389 6388
f 1607 6386 6389
f 6388 6389 6386
f 112 6311 6360
f 1603 6391 6311
f 1616 6360 6391
f 6311 6391 6360
f 412 6392 6315
f 1624 6393 6392
f 1603 6315 6393
f 6392 6393 6315
f 418 6365 6395
f 1616 6394 6365
f 1624 6395 6394
f 6365 6394 6395
f 1603 6393 6391
f 1624 6394 6393
f 1616 6391 6394
f 6393 6394 6391
f 415 6390 6382
f 1623 6396 6390
f 1622 6382 6396
f 6390 6396 6382
f 418 6395 6387
f 1624 6397 6395
f 1623 6387 6397
f 6395 6397 6387
f 412 6385 6392
f 1622 6398 6385
f 1624 6392 6398
f 6385 6398 6392
f 1623 6397 6396
f 1624 6398 6397
f 1622 6396 6398
f 6397 6398 6396
f 18 6248 6117
f 1586 6399 6248
f 1550 6117 6399
f 6248 6399 6117
f 410 6400 6251
f 1625 6401 6400
f 1586 6251 6401
f 6400 6401 6251
f 399 6121 6403
f 1550 6402 6121
f 1625 6403 6402
f 6121 6402 6403
f 1586 6401 6399
f 1625 6402 6401
f 1550 6399 6402
f 6401 6402 6399
f 109 6404 6261
f 1626 6405 6404
f 1589 6261 6405
f 6404 6405 6261
f 420 6406 6408
f 1627 6407 6406
f 1626 6408 6407
f 6406 6407 6408
f 410 6266 6410
f 1589 6409 6266
f 1627 6410 6409
f 6266 6409 6410
f 1626 6407 6405
f 1627 6409 6407
f 1589 6405 6409
f 6407 6409 6405
f 106 6126 6412
f 1554 6411 6126
f 1629 6412 6411
f 6126 6411 6412
f 399 6413 6130
f 1628 6414 6413
f 1554 6130 6414
f 6413 6414 6130
f 420 6415 6417
f 1629 6416 6415
f 1628 6417 6416
f 6415 6416 6417
f 1554 6414 6411
f 1628 6416 6414
f 1629 6411 6416
f 6414 6416 6411
f 410 6410 6400
f 1627 6418 6410
f 1625 6400 6418
f 6410 6418 6400
f 420 6417 6406
f 1628 6419 6417
f 1627 6406 6419
f 6417 6419 6406
f 399 6403 6413
f 1625 6420 6403
f 1628 6413 6420
f 6403 6420 6413
f 1627 6419 6418
f 1628 6420 6419
f 1625 6418 6420
f 6419 6420 6418
f 31 6353 6217
f 1615 6421 6353
f 1576 6217 6421
f 6353 6421 6217
f 419 6422 6357
f 1630 6423 6422
f 1615 6357 6423
f 6422 6423 6357
f 406 6222 6425
f 1576 6424 6222
f 1630 6425 6424
f 6222 6424 6425
f 1615 6423 6421
f 1630 6424 6423
f 1576 6421 6424
f 6423 6424 6421
f 111 6426 6369
f 1631 6427 6426
f 1619 6369 6427
f 6426 6427 6369
f 421 6428 6430
f 1632 6429 6428
f 1631 6430 6429
f 6428 6429 6430
f 419 6374 6432
f 1619 6431 6374
f 1632 6432 6431
f 6374 6431 6432
f 1631 6429 6427
f 1632 6431 6429
f 1619 6427 6431
f 6429 6431 6427
f 109 6228 6434
f 1581 6433 6228
f 1634 6434 6433
f 6228 6433 6434
f 406 6435 6232
f 1633 6436 6435
f 1581 6232 6436
f 6435 6436 6232
f 421 6437 6439
f 1634 6438 6437
f 1633 6439 6438
f 6437 6438 6439
f 1581 6436 6433
f 1633 6438 6436
f 1634 6433 6438
f 6436 6438 6433
f 419 6432 6422
f 1632 6440 6432
f 1630 6422 6440
f 6432 6440 6422
f 421 6439 6428
f 1633 6441 6439
f 1632 6428 6441
f 6439 6441 6428
f 406 6425 6435
f 1630 6442 6425
f 1633 6435 6442
f 6425 6442 6435
f 1632 6441 6440
f 1633 6442 6441
f 1630 6440 6442
f 6441 6442 6440
f 32 6145 6321
f 1559 6443 6145
f 1604 6321 6443
f 6145 6443 6321
f 403 6444 6149
f 1635 6445 6444
f 1559 6149 6445
f 6444 6445 6149
f 414 6326 6447
f 1604 6446 6326
f 1635 6447 6446
f 6326 6446 6447
f 1559 6445 6443
f 1635 6446 6445
f 1604 6443 6446
f 6445 6446 6443
f 106 6448 6161
f 1636 6449 6448
f 1563 6161 6449
f 6448 6449 6161
f 422 6450 6452
f 1637 6451 6450
f 1636 6452 6451
f 6450 6451 6452
f 403 6166 6454
f 1563 6453 6166
f 1637 6454 6453
f 6166 6453 6454
f 1636 6451 6449
f 1637 6453 6451
f 1563 6449 6453
f 6451 6453 6449
f 111 6332 6456
f 1609 6455 6332
f 1639 6456 6455
f 6332 6455 6456
f 414 6457 6336
f 1638 6458 6457
f 1609 6336 6458
f 6457 6458 6336
f 422 6459 6461
f 1639 6460 6459
f 1638 6461 6460
f 6459 6460 6461
f 1609 6458 6455
f 1638 6460 6458
f 1639 6455 6460
f 6458 6460 6455
f 403 6454 6444
f 1637 6462 6454
f 1635 6444 6462
f 6454 6462 6444
f 422 6461 6450
f 1638 6463 6461
f 1637 6450 6463
f 6461 6463 6450
f 414 6447 6457
f 1635 6464 6447
f 1638 6457 6464
f 6447 6464 6457
f 1637 6463 6462
f 1638 6464 6463
f 1635 6462 6464
f 6463 6464 6462
f 109 6434 6404
f 1634 6465 6434
f 1626 6404 6465
f 6434 6465 6404
f 421 6466 6437
f 1640 6467 6466
f 1634 6437 6467
f 6466 6467 6437
f 420 6408 6469
f 1626 6468 6408
f 1640 6469 6468
f 6408 6468 6469
f 1634 6467 6465
f 1640 6468 6467
f 1626 6465 6468
f 6467 6468 6465
f 111 6456 6426
f 1639 6470 6456
f 1631 6426 6470
f 6456 6470 6426
f 422 6471 6459
f 1641 6472 6471
f 1639 6459 6472
f 6471 6472 6459
f 421 6430 6474
f 1631 6473 6430
f 1641 6474 6473
f 6430 6473 6474
f 1639 6472 6470
f 1641 6473 6472
f 1631 6470 6473
f 6472 6473 6470
f 106 6412 6448
f 1629 6475 6412
f 1636 6448 6475
f 6412 6475 6448
f 420 6476 6415
f 1642 6477 6476
f 1629 6415 6477
f 6476 6477 6415
f 422 6452 6479
f 1636 6478 6452
f 1642 6479 6478
f 6452 6478 6479
f 1629 6477 6475
f 1642 6478 6477
f 1636 6475 6478
f 6477 6478 6475
f 421 6474 6466
f 1641 6480 6474
f 1640 6466 6480
f 6474 6480 6466
f 422 6479 6471
f 1642 6481 6479
f 1641 6471 6481
f 6479 6481 6471
f 420 6469 6476
f 1640 6482 6469
f 1642 6476 6482
f 6469 6482 6476
f 1641 6481 6480
f 1642 6482 6481
f 1640 6480 6482
f 6481 6482 6480
f 4 6483 6485
f 1643 6484 6483
f 1645 6485 6484
f 6483 6484 6485
f 423 6486 6488
f 1644 6487 6486
f 1643 6488 6487
f 6486 6487 6488
f 425 6489 6491
f 1645 6490 6489
f 1644 6491 6490
f 6489 6490 6491
f 1643 6487 6484
f 1644 6490 6487
f 1645 6484 6490
f 6487 6490 6484
f 113 6492 6494
f 1646 6493 6492
f 1648 6494 6493
f 6492 6493 6494
f 424 6495 6497
f 1647 6496 6495
f 1646 6497 6496
f 6495 6496 6497
f 423 6498 6500
f 1648 6499 6498
f 1647 6500 6499
f 6498 6499 6500
f 1646 6496 6493
f 1647 6499 6496
f 1648 6493 6499
f 6496 6499 6493
f 115 6501 6503
f 1649 6502 6501
f 1651 6503 6502
f 6501 6502 6503
f 425 6504 6506
f 1650 6505 6504
f 1649 6506 6505
f 6504 6505 6506
f 424 6507 6509
f 1651 6508 6507
f 1650 6509 6508
f 6507 6508 6509
f 1649 6505 6502
f 1650 6508 6505
f 1651 6502 6508
f 6505 6508 6502
f 423 6500 6486
f 1647 6510 6500
f 1644 6486 6510
f 6500 6510 6486
f 424 6509 6495
f 1650 6511 6509
f 1647 6495 6511
f 6509 6511 6495
f 425 6491 6504
f 1644 6512 6491
f 1650 6504 6512
f 6491 6512 6504
f 1647 6511 6510
f 1650 6512 6511
f 1644 6510 6512
f 6511 6512 6510
f 33 6513 6515
f 1652 6514 6513
f 1654 6515 6514
f 6513 6514 6515
f 426 6516 6518
f 1653 6517 6516
f 1652 6518 6517
f 6516 6517 6518
f 428 6519 6521
f 1654 6520 6519
f 1653 6521 6520
f 6519 6520 6521
f 1652 6517 6514
f 1653 6520 6517
f 1654 6514 6520
f 6517 6520 6514
f 114 6522 6524
f 1655 6523 6522
f 1657 6524 6523
f 6522 6523 6524
f 427 6525 6527
f 1656 6526 6525
f 1655 6527 6526
f 6525 6526 6527
f 426 6528 6530
f 1657 6529 6528
f 1656 6530 6529
f 6528 6529 6530
f 1655 6526 6523
f 1656 6529 6526
f 1657 6523 6529
f 6526 6529 6523
f 113 6531 6533
f 1658 6532 6531
f 1660 6533 6532
f 6531 6532 6533
f 428 6534 6536
f 1659 6535 6534
f 1658 6536 6535
f 6534 6535 6536
f 427 6537 6539
f 1660 6538 6537
f 1659 6539 6538
f 6537 6538 6539
f 1658 6535 6532
f 1659 6538 6535
f 1660 6532 6538
f 6535 6538 6532
f 426 6530 6516
f 1656 6540 6530
f 1653 6516 6540
f 6530 6540 6516
f 427 6539 6525
f 1659 6541 6539
f 1656 6525 6541
f 6539 6541 6525
f 428 6521 6534
f 1653 6542 6521
f 1659 6534 6542
f 6521 6542 6534
f 1656 6541 6540
f 1659 6542 6541
f 1653 6540 6542
f 6541 6542 6540
f 35 6543 6545
f 1661 6544 6543
f 1663 6545 6544
f 6543 6544 6545
f 429 6546 6548
f 1662 6547 6546
f 1661 6548 6547
f 6546 6547 6548
f 431 6549 6551
f 1663 6550 6549
f 1662 6551 6550
f 6549 6550 6551
f 1661 6547 6544
f 1662 6550 6547
f 1663 6544 6550
f 6547 6550 6544
f 115 6552 6554
f 1664 6553 6552
f 1666 6554 6553
f 6552 6553 6554
f 430 6555 6557
f 1665 6556 6555
f 1664 6557 6556
f 6555 6556 6557
f 429 6558 6560
f 1666 6559 6558
f 1665 6560 6559
f 6558 6559 6560
f 1664 6556 6553
f 1665 6559 6556
f 1666 6553 6559
f 6556 6559 6553
f 114 6561 6563
f 1667 6562 6561
f 1669 6563 6562
f 6561 6562 6563
f 431 6564 6566
f 1668 6565 6564
f 1667 6566 6565
f 6564 6565 6566
f 430 6567 6569
f 1669 6568 6567
f 1668 6569 6568
f 6567 6568 6569
f 1667 6565 6562
f 1668 6568 6565
f 1669 6562 6568
f 6565 6568 6562
f 429 6560 6546
f 1665 6570 6560
f 1662 6546 6570
f 6560 6570 6546
f 430 6569 6555
f 1668 6571 6569
f 1665 6555 6571
f 6569 6571 6555
f 431 6551 6564
f 1662 6572 6551
f 1668 6564 6572
f 6551 6572 6564
f 1665 6571 6570
f 1668 6572 6571
f 1662 6570 6572
f 6571 6572 6570
f 113 6533 6492
f 1660 6573 6533
f 1646 6492 6573
f 6533 6573 6492
f 427 6574 6537
f 1670 6575 6574
f 1660 6537 6575
f 6574 6575 6537
f 424 6497 6577
f 1646 6576 6497
f 1670 6577 6576
f 6497 6576 6577
f 1660 6575 6573
f 1670 6576 6575
f 1646 6573 6576
f 6575 6576 6573
f 114 6563 6522
f 1669 6578 6563
f 1655 6522 6578
f 6563 6578 6522
f 430 6579 6567
f 1671 6580 6579
f 1669 6567 6580
f 6579 6580 6567
f 427 6527 6582
f 1655 6581 6527
f 1671 6582 6581
f 6527 6581 6582
f 1669 6580 6578
f 1671 6581 6580
f 1655 6578 6581
f 6580 6581 6578
f 115 6503 6552
f 1651 6583 6503
f 1664 6552 6583
f 6503 6583 6552
f 424 6584 6507
f 1672 6585 6584
f 1651 6507 6585
f 6584 6585 6507
f 430 6557 6587
f 1664 6586 6557
f 1672 6587 6586
f 6557 6586 6587
f 1651 6585 6583
f 1672 6586 6585
f 1664 6583 6586
f 6585 6586 6583
f 427 6582 6574
f 1671 6588 6582
f 1670 6574 6588
f 6582 6588 6574
f 430 6587 6579
f 1672 6589 6587
f 1671 6579 6589
f 6587 6589 6579
f 424 6577 6584
f 1670 6590 6577
f 1672 6584 6590
f 6577 6590 6584
f 1671 6589 6588
f 1672 6590 6589
f 1670 6588 6590
f 6589 6590 6588
f 10 6591 6593
f 1673 6592 6591
f 1675 6593 6592
f 6591 6592 6593
f 432 6594 6596
f 1674 6595 6594
f 1673 6596 6595
f 6594 6595 6596
f 434 6597 6599
f 1675 6598 6597
f 1674 6599 6598
f 6597 6598 6599
f 1673 6595 6592
f 1674 6598 6595
f 1675 6592 6598
f 6595 6598 6592
f 116 6600 6602
f 1676 6601 6600
f 1678 6602 6601
f 6600 6601 6602
f 433 6603 6605
f 1677 6604 6603
f 1676 6605 6604
f 6603 6604 6605
f 432 6606 6608
f 1678 6607 6606
f 1677 6608 6607
f 6606 6607 6608
f 1676 6604 6601
f 1677 6607 6604
f 1678 6601 6607
f 6604 6607 6601
f 118 6609 6611
f 1679 6610 6609
f 1681 6611 6610
f 6609 6610 6611
f 434 6612 6614
f 1680 6613 6612
f 1679 6614 6613
f 6612 6613 6614
f 433 6615 6617
f 1681 6616 6615
f 1680 6617 6616
f 6615 6616 6617
f 1679 6613 6610
f 1680 6616 6613
f 1681 6610 6616
f 6613 6616 6610
f 432 6608 6594
f 1677 6618 6608
f 1674 6594 6618
f 6608 6618 6594
f 433 6617 6603
f 1680 6619 6617
f 1677 6603 6619
f 6617 6619 6603
f 434 6599 6612
f 1674 6620 6599
f 1680 6612 6620
f 6599 6620 6612
f 1677 6619 6618
f 1680 6620 6619
f 1674 6618 6620
f 6619 6620 6618
f 34 6621 6623
f 1682 6622 6621
f 1684 6623 6622
f 6621 6622 6623
f 435 6624 6626
f 1683 6625 6624
f 1682 6626 6625
f 6624 6625 6626
f 437 6627 6629
f 1684 6628 6627
f 1683 6629 6628
f 6627 6628 6629
f 1682 6625 6622
f 1683 6628 6625
f 1684 6622 6628
f 6625 6628 6622
f 117 6630 6632
f 1685 6631 6630
f 1687 6632 6631
f 6630 6631 6632
f 436 6633 6635
f 1686 6634 6633
f 1685 6635 6634
f 6633 6634 6635
f 435 6636 6638
f 1687 6637 6636
f 1686 6638 6637
f 6636 6637 6638
f 1685 6634 6631
f 1686 6637 6634
f 1687 6631 6637
f 6634 6637 6631
f 116 6639 6641
f 1688 6640 6639
f 1690 6641 6640
f 6639 6640 6641
f 437 6642 6644
f 1689 6643 6642
f 1688 6644 6643
f 6642 6643 6644
f 436 6645 6647
f 1690 6646 6645
f 1689 6647 6646
f 6645 6646 6647
f 1688 6643 6640
f 1689 6646 6643
f 1690 6640 6646
f 6643 6646 6640
f 435 6638 6624
f 1686 6648 6638
f 1683 6624 6648
f 6638 6648 6624
f 436 6647 6633
f 1689 6649 6647
f 1686 6633 6649
f 6647 6649 6633
f 437 6629 6642
f 1683 6650 6629
f 1689 6642 6650
f 6629 6650 6642
f 1686 6649 6648
f 1689 6650 6649
f 1683 6648 6650
f 6649 6650 6648
f 33 6651 6653
f 1691 6652 6651
f 1693 6653 6652
f 6651 6652 6653
f 438 6654 6656
f 1692 6655 6654
f 1691 6656 6655
f 6654 6655 6656
f 440 6657 6659
f 1693 6658 6657
f 1692 6659 6658
f 6657 6658 6659
f 1691 6655 6652
f 1692 6658 6655
f 1693 6652 6658
f 6655 6658 6652
f 118 6660 6662
f 1694 6661 6660
f 1696 6662 6661
f 6660 6661 6662
f 439 6663 6665
f 1695 6664 6663
f 1694 6665 6664
f 6663 6664 6665
f 438 6666 6668
f 1696 6667 6666
f 1695 6668 6667
f 6666 6667 6668
f 1694 6664 6661
f 1695 6667 6664
f 1696 6661 6667
f 6664 6667 6661
f 117 6669 6671
f 1697 6670 6669
f 1699 6671 6670
f 6669 6670 6671
f 440 6672 6674
f 1698 6673 6672
f 1697 6674 6673
f 6672 6673 6674
f 439 6675 6677
f 1699 6676 6675
f 1698 6677 6676
f 6675 6676 6677
f 1697 6673 6670
f 1698 6676 6673
f 1699 6670 6676
f 6673 6676 6670
f 438 6668 6654
f 1695 6678 6668
f 1692 6654 6678
f 6668 6678 6654
f 439 6677 6663
f 1698 6679 6677
f 1695 6663 6679
f 6677 6679 6663
f 440 6659 6672
f 1692 6680 6659
f 1698 6672 6680
f 6659 6680 6672
f 1695 6679 6678
f 1698 6680 6679
f 1692 6678 6680
f 6679 6680 6678
f 116 6641 6600
f 1690 6681 6641
f 1676 6600 6681
f 6641 6681 6600
f 436 6682 6645
f 1700 6683 6682
f 1690 6645 6683
f 6682 6683 6645
f 433 6605 6685
f 1676 6684 6605
f 1700 6685 6684
f 6605 6684 6685
f 1690 6683 6681
f 1700 6684 6683
f 1676 6681 6684
f 6683 6684 6681
f 117 6671 6630
f 1699 6686 6671
f 1685 6630 6686
f 6671 6686 6630
f 439 6687 6675
f 1701 6688 6687
f 1699 6675 6688
f 6687 6688 6675
f 436 6635 6690
f 1685 6689 6635
f 1701 6690 6689
f 6635 6689 6690
f 1699 6688 6686
f 1701 6689 6688
f 1685 6686 6689
f 6688 6689 6686
f 118 6611 6660
f 1681 6691 6611
f 1694 6660 6691
f 6611 6691 6660
f 433 6692 6615
f 1702 6693 6692
f 1681 6615 6693
f 6692 6693 6615
f 439 6665 6695
f 1694 6694 6665
f 1702 6695 6694
f 6665 6694 6695
f 1681 6693 6691
f 1702 6694 6693
f 1694 6691 6694
f 6693 6694 6691
f 436 6690 6682
f 1701 6696 6690
f 1700 6682 6696
f 6690 6696 6682
f 439 6695 6687
f 1702 6697 6695
f 1701 6687 6697
f 6695 6697 6687
f 433 6685 6692
f 1700 6698 6685
f 1702 6692 6698
f 6685 6698 6692
f 1701 6697 6696
f 1702 6698 6697
f 1700 6696 6698
f 6697 6698 6696
f 5 6699 6701
f 1703 6700 6699
f 1705 6701 6700
f 6699 6700 6701
f 441 6702 6704
f 1704 6703 6702
f 1703 6704 6703
f 6702 6703 6704
f 443 6705 6707
f 1705 6706 6705
f 1704 6707 6706
f 6705 6706 6707
f 1703 6703 6700
f 1704 6706 6703
f 1705 6700 6706
f 6703 6706 6700
f 119 6708 6710
f 1706 6709 6708
f 1708 6710 6709
f 6708 6709 6710
f 442 6711 6713
f 1707 6712 6711
f 1706 6713 6712
f 6711 6712 6713
f 441 6714 6716
f 1708 6715 6714
f 1707 6716 6715
f 6714 6715 6716
f 1706 6712 6709
f 1707 6715 6712
f 1708 6709 6715
f 6712 6715 6709
f 121 6717 6719
f 1709 6718 6717
f 1711 6719 6718
f 6717 6718 6719
f 443 6720 6722
f 1710 6721 6720
f 1709 6722 6721
f 6720 6721 6722
f 442 6723 6725
f 1711 6724 6723
f 1710 6725 6724
f 6723 6724 6725
f 1709 6721 6718
f 1710 6724 6721
f 1711 6718 6724
f 6721 6724 6718
f 441 6716 6702
f 1707 6726 6716
f 1704 6702 6726
f 6716 6726 6702
f 442 6725 6711
f 1710 6727 6725
f 1707 6711 6727
f 6725 6727 6711
f 443 6707 6720
f 1704 6728 6707
f 1710 6720 6728
f 6707 6728 6720
f 1707 6727 6726
f 1710 6728 6727
f 1704 6726 6728
f 6727 6728 6726
f 35 6729 6731
f 1712 6730 6729
f 1714 6731 6730
f 6729 6730 6731
f 444 6732 6734
f 1713 6733 6732
f 1712 6734 6733
f 6732 6733 6734
f 446 6735 6737
f 1714 6736 6735
f 1713 6737 6736
f 6735 6736 6737
f 1712 6733 6730
f 1713 6736 6733
f 1714 6730 6736
f 6733 6736 6730
f 120 6738 6740
f 1715 6739 6738
f 1717 6740 6739
f 6738 6739 6740
f 445 6741 6743
f 1716 6742 6741
f 1715 6743 6742
f 6741 6742 6743
f 444 6744 6746
f 1717 6745 6744
f 1716 6746 6745
f 6744 6745 6746
f 1715 6742 6739
f 1716 6745 6742
f 1717 6739 6745
f 6742 6745 6739
f 119 6747 6749
f 1718 6748 6747
f 1720 6749 6748
f 6747 6748 6749
f 446 6750 6752
f 1719 6751 6750
f 1718 6752 6751
f 6750 6751 6752
f 445 6753 6755
f 1720 6754 6753
f 1719 6755 6754
f 6753 6754 6755
f 1718 6751 6748
f 1719 6754 6751
f 1720 6748 6754
f 6751 6754 6748
f 444 6746 6732
f 1716 6756 6746
f 1713 6732 6756
f 6746 6756 6732
f 445 6755 6741
f 1719 6757 6755
f 1716 6741 6757
f 6755 6757 6741
f 446 6737 6750
f 1713 6758 6737
f 1719 6750 6758
f 6737 6758 6750
f 1716 6757 6756
f 1719 6758 6757
f 1713 6756 6758
f 6757 6758 6756
f 34 6759 6761
f 1721 6760 6759
f 1723 6761 6760
f 6759 6760 6761
f 447 6762 6764
f 1722 6763 6762
f 1721 6764 6763
f 6762 6763 6764
f 449 6765 6767
f 1723 6766 6765
f 1722 6767 6766
f 6765 6766 6767
f 1721 6763 6760
f 1722 6766 6763
f 1723 6760 6766
f 6763 6766 6760
f 121 6768 6770
f 1724 6769 6768
f 1726 6770 6769
f 6768 6769 6770
f 448 6771 6773
f 1725 6772 6771
f 1724 6773 6772
f 6771 6772 6773
f 447 6774 6776
f 1726 6775 6774
f 1725 6776 6775
f 6774 6775 6776
f 1724 6772 6769
f 1725 6775 6772
f 1726 6769 6775
f 6772 6775 6769
f 120 6777 6779
f 1727 6778 6777
f 1729 6779 6778
f 6777 6778 6779
f 449 6780 6782
f 1728 6781 6780
f 1727 6782 6781
f 6780 6781 6782
f 448 6783 6785
f 1729 6784 6783
f 1728 6785 6784
f 6783 6784 6785
f 1727 6781 6778
f 1728 6784 6781
f 1729 6778 6784
f 6781 6784 6778
f 447 6776 6762
f 1725 6786 6776
f 1722 6762 6786
f 6776 6786 6762
f 448 6785 6771
f 1728 6787 6785
f 1725 6771 6787
f 6785 6787 6771
f 449 6767 6780
f 1722 6788 6767
f 1728 6780 6788
f 6767 6788 6780
f 1725 6787 6786
f 1728 6788 6787
f 1722 6786 6788
f 6787 6788 6786
f 119 6749 6708
f 1720 6789 6749
f 1706 6708 6789
f 6749 6789 6708
f 445 6790 6753
f 1730 6791 6790
f 1720 6753 6791
f 6790 6791 6753
f 442 6713 6793
f 1706 6792 6713
f 1730 6793 6792
f 6713 6792 6793
f 1720 6791 6789
f 1730 6792 6791
f 1706 6789 6792
f 6791 6792 6789
f 120 6779 6738
f 1729 6794 6779
f 1715 6738 6794
f 6779 6794 6738
f 448 6795 6783
f 1731 6796 6795
f 1729 6783 6796
f 6795 6796 6783
f 445 6743 6798
f 1715 6797 6743
f 1731 6798 6797
f 6743 6797 6798
f 1729 6796 6794
f 1731 6797 6796
f 1715 6794 6797
f 6796 6797 6794
f 121 6719 6768
f 1711 6799 6719
f 1724 6768 6799
f 6719 6799 6768
f 442 6800 6723
f 1732 6801 6800
f 1711 6723 6801
f 6800 6801 6723
f 448 6773 6803
f 1724 6802 6773
f 1732 6803 6802
f 6773 6802 6803
f 1711 6801 6799
f 1732 6802 6801
f 1724 6799 6802
f 6801 6802 6799
f 445 6798 6790
f 1731 6804 6798
f 1730 6790 6804
f 6798 6804 6790
f 448 6803 6795
f 1732 6805 6803
f 1731 6795 6805
f 6803 6805 6795
f 442 6793 6800
f 1730 6806 6793
f 1732 6800 6806
f 6793 6806 6800
f 1731 6805 6804
f 1732 6806 6805
f 1730 6804 6806
f 6805 6806 6804
f 33 6653 6513
f 1693 6807 6653
f 1652 6513 6807
f 6653 6807 6513
f 440 6808 6657
f 1733 6809 6808
f 1693 6657 6809
f 6808 6809 6657
f 426 6518 6811
f 1652 6810 6518
f 1733 6811 6810
f 6518 6810 6811
f 1693 6809 6807
f 1733 6810 6809
f 1652 6807 6810
f 6809 6810 6807
f 117 6812 6669
f 1734 6813 6812
f 1697 6669 6813
f 6812 6813 6669
f 450 6814 6816
f 1735 6815 6814
f 1734 6816 6815
f 6814 6815 6816
f 440 6674 6818
f 1697 6817 6674
f 1735 6818 6817
f 6674 6817 6818
f 1734 6815 6813
f 1735 6817 6815
f 1697 6813 6817
f 6815 6817 6813
f 114 6524 6820
f 1657 6819 6524
f 1737 6820 6819
f 6524 6819 6820
f 426 6821 6528
f 1736 6822 6821
f 1657 6528 6822
f 6821 6822 6528
f 450 6823 6825
f 1737 6824 6823
f 1736 6825 6824
f 6823 6824 6825
f 1657 6822 6819
f 1736 6824 6822
f 1737 6819 6824
f 6822 6824 6819
f 440 6818 6808
f 1735 6826 6818
f 1733 6808 6826
f 6818 6826 6808
f 450 6825 6814
f 1736 6827 6825
f 1735 6814 6827
f 6825 6827 6814
f 426 6811 6821
f 1733 6828 6811
f 1736 6821 6828
f 6811 6828 6821
f 1735 6827 6826
f 1736 6828 6827
f 1733 6826 6828
f 6827 6828 6826
f 34 6761 6621
f 1723 6829 6761
f 1682 6621 6829
f 6761 6829 6621
f 449 6830 6765
f 1738 6831 6830
f 1723 6765 6831
f 6830 6831 6765
f 435 6626 6833
f 1682 6832 6626
f 1738 6833 6832
f 6626 6832 6833
f 1723 6831 6829
f 1738 6832 6831
f 1682 6829 6832
f 6831 6832 6829
f 120 6834 6777
f 1739 6835 6834
f 1727 6777 6835
f 6834 6835 6777
f 451 6836 6838
f 1740 6837 6836
f 1739 6838 6837
f 6836 6837 6838
f 449 6782 6840
f 1727 6839 6782
f 1740 6840 6839
f 6782 6839 6840
f 1739 6837 6835
f 1740 6839 6837
f 1727 6835 6839
f 6837 6839 6835
f 117 6632 6842
f 1687 6841 6632
f 1742 6842 6841
f 6632 6841 6842
f 435 6843 6636
f 1741 6844 6843
f 1687 6636 6844
f 6843 6844 6636
f 451 6845 6847
f 1742 6846 6845
f 1741 6847 6846
f 6845 6846 6847
f 1687 6844 6841
f 1741 6846 6844
f 1742 6841 6846
f 6844 6846 6841
f 449 6840 6830
f 1740 6848 6840
f 1738 6830 6848
f 6840 6848 6830
f 451 6847 6836
f 1741 6849 6847
f 1740 6836 6849
f 6847 6849 6836
f 435 6833 6843
f 1738 6850 6833
f 1741 6843 6850
f 6833 6850 6843
f 1740 6849 6848
f 1741 6850 6849
f 1738 6848 6850
f 6849 6850 6848
f 35 6545 6729
f 1663 6851 6545
f 1712 6729 6851
f 6545 6851 6729
f 431 6852 6549
f 1743 6853 6852
f 1663 6549 6853
f 6852 6853 6549
f 444 6734 6855
f 1712 6854 6734
f 1743 6855 6854
f 6734 6854 6855
f 1663 6853 6851
f 1743 6854 6853
f 1712 6851 6854
f 6853 6854 6851
f 114 6856 6561
f 1744 6857 6856
f 1667 6561 6857
f 6856 6857 6561
f 452 6858 6860
f 1745 6859 6858
f 1744 6860 6859
f 6858 6859 6860
f 431 6566 6862
f 1667 6861 6566
f 1745 6862 6861
f 6566 6861 6862
f 1744 6859 6857
f 1745 6861 6859
f 1667 6857 6861
f 6859 6861 6857
f 120 6740 6864
f 1717 6863 6740
f 1747 6864 6863
f 6740 6863 6864
f 444 6865 6744
f 1746 6866 6865
f 1717 6744 6866
f 6865 6866 6744
f 452 6867 6869
f 1747 6868 6867
f 1746 6869 6868
f 6867 6868 6869
f 1717 6866 6863
f 1746 6868 6866
f 1747 6863 6868
f 6866 6868 6863
f 431 6862 6852
f 1745 6870 6862
f 1743 6852 6870
f 6862 6870 6852
f 452 6869 6858
f 1746 6871 6869
f 1745 6858 6871
f 6869 6871 6858
f 444 6855 6865
f 1743 6872 6855
f 1746 6865 6872
f 6855 6872 6865
f 1745 6871 6870
f 1746 6872 6871
f 1743 6870 6872
f 6871 6872 6870
f 117 6842 6812
f 1742 6873 6842
f 1734 6812 6873
f 6842 6873 6812
f 451 6874 6845
f 1748 6875 6874
f 1742 6845 6875
f 6874 6875 6845
f 450 6816 6877
f 1734 6876 6816
f 1748 6877 6876
f 6816 6876 6877
f 1742 6875 6873
f 1748 6876 6875
f 1734 6873 6876
f 6875 6876 6873
f 120 6864 6834
f 1747 6878 6864
f 1739 6834 6878
f 6864 6878 6834
f 452 6879 6867
f 1749 6880 6879
f 1747 6867 6880
f 6879 6880 6867
f 451 6838 6882
f 1739 6881 6838
f 1749 6882 6881
f 6838 6881 6882
f 1747 6880 6878
f 1749 6881 6880
f 1739 6878 6881
f 6880 6881 6878
f 114 6820 6856
f 1737 6883 6820
f 1744 6856 6883
f 6820 6883 6856
f 450 6884 6823
f 1750 6885 6884
f 1737 6823 6885
f 6884 6885 6823
f 452 6860 6887
f 1744 6886 6860
f 1750 6887 6886
f 6860 6886 6887
f 1737 6885 6883
f 1750 6886 6885
f 1744 6883 6886
f 6885 6886 6883
f 451 6882 6874
f 1749 6888 6882
f 1748 6874 6888
f 6882 6888 6874
f 452 6887 6879
f 1750 6889 6887
f 1749 6879 6889
f 6887 6889 6879
f 450 6877 6884
f 1748 6890 6877
f 1750 6884 6890
f 6877 6890 6884
f 1749 6889 6888
f 1750 6890 6889
f 1748 6888 6890
f 6889 6890 6888
f 4 6485 6892
f 1645 6891 6485
f 1752 6892 6891
f 6485 6891 6892
f 425 6893 6489
f 1751 6894 6893
f 1645 6489 6894
f 6893 6894 6489
f 454 6895 6897
f 1752 6896 6895
f 1751 6897 6896
f 6895 6896 6897
f 1645 6894 6891
f 1751 6896 6894
f 1752 6891 6896
f 6894 6896 6891
f 115 6898 6501
f 1753 6899 6898
f 1649 6501 6899
f 6898 6899 6501
f 453 6900 6902
f 1754 6901 6900
f 1753 6902 6901
f 6900 6901 6902
f 425 6506 6904
f 1649 6903 6506
f 1754 6904 6903
f 6506 6903 6904
f 1753 6901 6899
f 1754 6903 6901
f 1649 6899 6903
f 6901 6903 6899
f 123 6905 6907
f 1755 6906 6905
f 1757 6907 6906
f 6905 6906 6907
f 454 6908 6910
f 1756 6909 6908
f 1755 6910 6909
f 6908 6909 6910
f 453 6911 6913
f 1757 6912 6911
f 1756 6913 6912
f 6911 6912 6913
f 1755 6909 6906
f 1756 6912 6909
f 1757 6906 6912
f 6909 6912 6906
f 425 6904 6893
f 1754 6914 6904
f 1751 6893 6914
f 6904 6914 6893
f 453 6913 6900
f 1756 6915 6913
f 1754 6900 6915
f 6913 6915 6900
f 454 6897 6908
f 1751 6916 6897
f 1756 6908 6916
f 6897 6916 6908
f 1754 6915 6914
f 1756 6916 6915
f 1751 6914 6916
f 6915 6916 6914
f 35 6917 6543
f 1758 6918 6917
f 1661 6543 6918
f 6917 6918 6543
f 455 6919 6921
f 1759 6920 6919
f 1758 6921 6920
f 6919 6920 6921
f 429 6548 6923
f 1661 6922 6548
f 1759 6923 6922
f 6548 6922 6923
f 1758 6920 6918
f 1759 6922 6920
f 1661 6918 6922
f 6920 6922 6918
f 122 6924 6926
f 1760 6925 6924
f 1762 6926 6925
f 6924 6925 6926
f 456 6927 6929
f 1761 6928 6927
f 1760 6929 6928
f 6927 6928 6929
f 455 6930 6932
f 1762 6931 6930
f 1761 6932 6931
f 6930 6931 6932
f 1760 6928 6925
f 1761 6931 6928
f 1762 6925 6931
f 6928 6931 6925
f 115 6554 6934
f 1666 6933 6554
f 1764 6934 6933
f 6554 6933 6934
f 429 6935 6558
f 1763 6936 6935
f 1666 6558 6936
f 6935 6936 6558
f 456 6937 6939
f 1764 6938 6937
f 1763 6939 6938
f 6937 6938 6939
f 1666 6936 6933
f 1763 6938 6936
f 1764 6933 6938
f 6936 6938 6933
f 455 6932 6919
f 1761 6940 6932
f 1759 6919 6940
f 6932 6940 6919
f 456 6939 6927
f 1763 6941 6939
f 1761 6927 6941
f 6939 6941 6927
f 429 6923 6935
f 1759 6942 6923
f 1763 6935 6942
f 6923 6942 6935
f 1761 6941 6940
f 1763 6942 6941
f 1759 6940 6942
f 6941 6942 6940
f 37 6943 6945
f 1765 6944 6943
f 1767 6945 6944
f 6943 6944 6945
f 457 6946 6948
f 1766 6947 6946
f 1765 6948 6947
f 6946 6947 6948
f 459 6949 6951
f 1767 6950 6949
f 1766 6951 6950
f 6949 6950 6951
f 1765 6947 6944
f 1766 6950 6947
f 1767 6944 6950
f 6947 6950 6944
f 123 6952 6954
f 1768 6953 6952
f 1770 6954 6953
f 6952 6953 6954
f 458 6955 6957
f 1769 6956 6955
f 1768 6957 6956
f 6955 6956 6957
f 457 6958 6960
f 1770 6959 6958
f 1769 6960 6959
f 6958 6959 6960
f 1768 6956 6953
f 1769 6959 6956
f 1770 6953 6959
f 6956 6959 6953
f 122 6961 6963
f 1771 6962 6961
f 1773 6963 6962
f 6961 6962 6963
f 459 6964 6966
f 1772 6965 6964
f 1771 6966 6965
f 6964 6965 6966
f 458 6967 6969
f 1773 6968 6967
f 1772 6969 6968
f 6967 6968 6969
f 1771 6965 6962
f 1772 6968 6965
f 1773 6962 6968
f 6965 6968 6962
f 457 6960 6946
f 1769 6970 6960
f 1766 6946 6970
f 6960 6970 6946
f 458 6969 6955
f 1772 6971 6969
f 1769 6955 6971
f 6969 6971 6955
f 459 6951 6964
f 1766 6972 6951
f 1772 6964 6972
f 6951 6972 6964
f 1769 6971 6970
f 1772 6972 6971
f 1766 6970 6972
f 6971 6972 6970
f 115 6934 6898
f 1764 6973 6934
f 1753 6898 6973
f 6934 6973 6898
f 456 6974 6937
f 1774 6975 6974
f 1764 6937 6975
f 6974 6975 6937
f 453 6902 6977
f 1753 6976 6902
f 1774 6977 6976
f 6902 6976 6977
f 1764 6975 6973
f 1774 6976 6975
f 1753 6973 6976
f 6975 6976 6973
f 122 6963 6924
f 1773 6978 6963
f 1760 6924 6978
f 6963 6978 6924
f 458 6979 6967
f 1775 6980 6979
f 1773 6967 6980
f 6979 6980 6967
f 456 6929 6982
f 1760 6981 6929
f 1775 6982 6981
f 6929 6981 6982
f 1773 6980 6978
f 1775 6981 6980
f 1760 6978 6981
f 6980 6981 6978
f 123 6907 6952
f 1757 6983 6907
f 1768 6952 6983
f 6907 6983 6952
f 453 6984 6911
f 1776 6985 6984
f 1757 6911 6985
f 6984 6985 6911
f 458 6957 6987
f 1768 6986 6957
f 1776 6987 6986
f 6957 6986 6987
f 1757 6985 6983
f 1776 6986 6985
f 1768 6983 6986
f 6985 6986 6983
f 456 6982 6974
f 1775 6988 6982
f 1774 6974 6988
f 6982 6988 6974
f 458 6987 6979
f 1776 6989 6987
f 1775 6979 6989
f 6987 6989 6979
f 453 6977 6984
f 1774 6990 6977
f 1776 6984 6990
f 6977 6990 6984
f 1775 6989 6988
f 1776 6990 6989
f 1774 6988 6990
f 6989 6990 6988
f 5 6991 6699
f 1777 6992 6991
f 1703 6699 6992
f 6991 6992 6699
f 460 6993 6995
f 1778 6994 6993
f 1777 6995 6994
f 6993 6994 6995
f 441 6704 6997
f 1703 6996 6704
f 1778 6997 6996
f 6704 6996 6997
f 1777 6994 6992
f 1778 6996 6994
f 1703 6992 6996
f 6994 6996 6992
f 124 6998 7000
f 1779 6999 6998
f 1781 7000 6999
f 6998 6999 7000
f 461 7001 7003
f 1780 7002 7001
f 1779 7003 7002
f 7001 7002 7003
f 460 7004 7006
f 1781 7005 7004
f 1780 7006 7005
f 7004 7005 7006
f 1779 7002 6999
f 1780 7005 7002
f 1781 6999 7005
f 7002 7005 6999
f 119 6710 7008
f 1708 7007 6710
f 1783 7008 7007
f 6710 7007 7008
f 441 7009 6714
f 1782 7010 7009
f 1708 6714 7010
f 7009 7010 6714
f 461 7011 7013
f 1783 7012 7011
f 1782 7013 7012
f 7011 7012 7013
f 1708 7010 7007
f 1782 7012 7010
f 1783 7007 7012
f 7010 7012 7007
f 460 7006 6993
f 1780 7014 7006
f 1778 6993 7014
f 7006 7014 6993
f 461 7013 7001
f 1782 7015 7013
f 1780 7001 7015
f 7013 7015 7001
f 441 6997 7009
f 1778 7016 6997
f 1782 7009 7016
f 6997 7016 7009
f 1780 7015 7014
f 1782 7016 7015
f 1778 7014 7016
f 7015 7016 7014
f 36 7017 7019
f 1784 7018 7017
f 1786 7019 7018
f 7017 7018 7019
f 462 7020 7022
f 1785 7021 7020
f 1784 7022 7021
f 7020 7021 7022
f 464 7023 7025
f 1786 7024 7023
f 1785 7025 7024
f 7023 7024 7025
f 1784 7021 7018
f 1785 7024 7021
f 1786 7018 7024
f 7021 7024 7018
f 125 7026 7028
f 1787 7027 7026
f 1789 7028 7027
f 7026 7027 7028
f 463 7029 7031
f 1788 7030 7029
f 1787 7031 7030
f 7029 7030 7031
f 462 7032 7034
f 1789 7033 7032
f 1788 7034 7033
f 7032 7033 7034
f 1787 7030 7027
f 1788 7033 7030
f 1789 7027 7033
f 7030 7033 7027
f 124 7035 7037
f 1790 7036 7035
f 1792 7037 7036
f 7035 7036 7037
f 464 7038 7040
f 1791 7039 7038
f 1790 7040 7039
f 7038 7039 7040
f 463 7041 7043
f 1792 7042 7041
f 1791 7043 7042
f 7041 7042 7043
f 1790 7039 7036
f 1791 7042 7039
f 1792 7036 7042
f 7039 7042 7036
f 462 7034 7020
f 1788 7044 7034
f 1785 7020 7044
f 7034 7044 7020
f 463 7043 7029
f 1791 7045 7043
f 1788 7029 7045
f 7043 7045 7029
f 464 7025 7038
f 1785 7046 7025
f 1791 7038 7046
f 7025 7046 7038
f 1788 7045 7044
f 1791 7046 7045
f 1785 7044 7046
f 7045 7046 7044
f 35 6731 7048
f 1714 7047 6731
f 1794 7048 7047
f 6731 7047 7048
f 446 7049 6735
f 1793 7050 7049
f 1714 6735 7050
f 7049 7050 6735
f 466 7051 7053
f 1794 7052 7051
f 1793 7053 7052
f 7051 7052 7053
f 1714 7050 7047
f 1793 7052 7050
f 1794 7047 7052
f 7050 7052 7047
f 119 7054 6747
f 1795 7055 7054
f 1718 6747 7055
f 7054 7055 6747
f 465 7056 7058
f 1796 7057 7056
f 1795 7058 7057
f 7056 7057 7058
f 446 6752 7060
f 1718 7059 6752
f 1796 7060 7059
f 6752 7059 7060
f 1795 7057 7055
f 1796 7059 7057
f 1718 7055 7059
f 7057 7059 7055
f 125 7061 7063
f 1797 7062 7061
f 1799 7063 7062
f 7061 7062 7063
f 466 7064 7066
f 1798 7065 7064
f 1797 7066 7065
f 7064 7065 7066
f 465 7067 7069
f 1799 7068 7067
f 1798 7069 7068
f 7067 7068 7069
f 1797 7065 7062
f 1798 7068 7065
f 1799 7062 7068
f 7065 7068 7062
f 446 7060 7049
f 1796 7070 7060
f 1793 7049 7070
f 7060 7070 7049
f 465 7069 7056
f 1798 7071 7069
f 1796 7056 7071
f 7069 7071 7056
f 466 7053 7064
f 1793 7072 7053
f 1798 7064 7072
f 7053 7072 7064
f 1796 7071 7070
f 1798 7072 7071
f 1793 7070 7072
f 7071 7072 7070
f 124 7037 6998
f 1792 7073 7037
f 1779 6998 7073
f 7037 7073 6998
f 463 7074 7041
f 1800 7075 7074
f 1792 7041 7075
f 7074 7075 7041
f 461 7003 7077
f 1779 7076 7003
f 1800 7077 7076
f 7003 7076 7077
f 1792 7075 7073
f 1800 7076 7075
f 1779 7073 7076
f 7075 7076 7073
f 125 7063 7026
f 1799 7078 7063
f 1787 7026 7078
f 7063 7078 7026
f 465 7079 7067
f 1801 7080 7079
f 1799 7067 7080
f 7079 7080 7067
f 463 7031 7082
f 1787 7081 7031
f 1801 7082 7081
f 7031 7081 7082
f 1799 7080 7078
f 1801 7081 7080
f 1787 7078 7081
f 7080 7081 7078
f 119 7008 7054
f 1783 7083 7008
f 1795 7054 7083
f 7008 7083 7054
f 461 7084 7011
f 1802 7085 7084
f 1783 7011 7085
f 7084 7085 7011
f 465 7058 7087
f 1795 7086 7058
f 1802 7087 7086
f 7058 7086 7087
f 1783 7085 7083
f 1802 7086 7085
f 1795 7083 7086
f 7085 7086 7083
f 463 7082 7074
f 1801 7088 7082
f 1800 7074 7088
f 7082 7088 7074
f 465 7087 7079
f 1802 7089 7087
f 1801 7079 7089
f 7087 7089 7079
f 461 7077 7084
f 1800 7090 7077
f 1802 7084 7090
f 7077 7090 7084
f 1801 7089 7088
f 1802 7090 7089
f 1800 7088 7090
f 7089 7090 7088
f 3 7091 7093
f 1803 7092 7091
f 1805 7093 7092
f 7091 7092 7093
f 467 7094 7096
f 1804 7095 7094
f 1803 7096 7095
f 7094 7095 7096
f 469 7097 7099
f 1805 7098 7097
f 1804 7099 7098
f 7097 7098 7099
f 1803 7095 7092
f 1804 7098 7095
f 1805 7092 7098
f 7095 7098 7092
f 126 7100 7102
f 1806 7101 7100
f 1808 7102 7101
f 7100 7101 7102
f 468 7103 7105
f 1807 7104 7103
f 1806 7105 7104
f 7103 7104 7105
f 467 7106 7108
f 1808 7107 7106
f 1807 7108 7107
f 7106 7107 7108
f 1806 7104 7101
f 1807 7107 7104
f 1808 7101 7107
f 7104 7107 7101
f 128 7109 7111
f 1809 7110 7109
f 1811 7111 7110
f 7109 7110 7111
f 469 7112 7114
f 1810 7113 7112
f 1809 7114 7113
f 7112 7113 7114
f 468 7115 7117
f 1811 7116 7115
f 1810 7117 7116
f 7115 7116 7117
f 1809 7113 7110
f 1810 7116 7113
f 1811 7110 7116
f 7113 7116 7110
f 467 7108 7094
f 1807 7118 7108
f 1804 7094 7118
f 7108 7118 7094
f 468 7117 7103
f 1810 7119 7117
f 1807 7103 7119
f 7117 7119 7103
f 469 7099 7112
f 1804 7120 7099
f 1810 7112 7120
f 7099 7120 7112
f 1807 7119 7118
f 1810 7120 7119
f 1804 7118 7120
f 7119 7120 7118
f 37 7121 7123
f 1812 7122 7121
f 1814 7123 7122
f 7121 7122 7123
f 470 7124 7126
f 1813 7125 7124
f 1812 7126 7125
f 7124 7125 7126
f 472 7127 7129
f 1814 7128 7127
f 1813 7129 7128
f 7127 7128 7129
f 1812 7125 7122
f 1813 7128 7125
f 1814 7122 7128
f 7125 7128 7122
f 127 7130 7132
f 1815 7131 7130
f 1817 7132 7131
f 7130 7131 7132
f 471 7133 7135
f 1816 7134 7133
f 1815 7135 7134
f 7133 7134 7135
f 470 7136 7138
f 1817 7137 7136
f 1816 7138 7137
f 7136 7137 7138
f 1815 7134 7131
f 1816 7137 7134
f 1817 7131 7137
f 7134 7137 7131
f 126 7139 7141
f 1818 7140 7139
f 1820 7141 7140
f 7139 7140 7141
f 472 7142 7144
f 1819 7143 7142
f 1818 7144 7143
f 7142 7143 7144
f 471 7145 7147
f 1820 7146 7145
f 1819 7147 7146
f 7145 7146 7147
f 1818 7143 7140
f 1819 7146 7143
f 1820 7140 7146
f 7143 7146 7140
f 470 7138 7124
f 1816 7148 7138
f 1813 7124 7148
f 7138 7148 7124
f 471 7147 7133
f 1819 7149 7147
f 1816 7133 7149
f 7147 7149 7133
f 472 7129 7142
f 1813 7150 7129
f 1819 7142 7150
f 7129 7150 7142
f 1816 7149 7148
f 1819 7150 7149
f 1813 7148 7150
f 7149 7150 7148
f 36 7151 7153
f 1821 7152 7151
f 1823 7153 7152
f 7151 7152 7153
f 473 7154 7156
f 1822 7155 7154
f 1821 7156 7155
f 7154 7155 7156
f 475 7157 7159
f 1823 7158 7157
f 1822 7159 7158
f 7157 7158 7159
f 1821 7155 7152
f 1822 7158 7155
f 1823 7152 7158
f 7155 7158 7152
f 128 7160 7162
f 1824 7161 7160
f 1826 7162 7161
f 7160 7161 7162
f 474 7163 7165
f 1825 7164 7163
f 1824 7165 7164
f 7163 7164 7165
f 473 7166 7168
f 1826 7167 7166
f 1825 7168 7167
f 7166 7167 7168
f 1824 7164 7161
f 1825 7167 7164
f 1826 7161 7167
f 7164 7167 7161
f 127 7169 7171
f 1827 7170 7169
f 1829 7171 7170
f 7169 7170 7171
f 475 7172 7174
f 1828 7173 7172
f 1827 7174 7173
f 7172 7173 7174
f 474 7175 7177
f 1829 7176 7175
f 1828 7177 7176
f 7175 7176 7177
f 1827 7173 7170
f 1828 7176 7173
f 1829 7170 7176
f 7173 7176 7170
f 473 7168 7154
f 1825 7178 7168
f 1822 7154 7178
f 7168 7178 7154
f 474 7177 7163
f 1828 7179 7177
f 1825 7163 7179
f 7177 7179 7163
f 475 7159 7172
f 1822 7180 7159
f 1828 7172 7180
f 7159 7180 7172
f 1825 7179 7178
f 1828 7180 7179
f 1822 7178 7180
f 7179 7180 7178
f 126 7141 7100
f 1820 7181 7141
f 1806 7100 7181
f 7141 7181 7100
f 471 7182 7145
f 1830 7183 7182
f 1820 7145 7183
f 7182 7183 7145
f 468 7105 7185
f 1806 7184 7105
f 1830 7185 7184
f 7105 7184 7185
f 1820 7183 7181
f 1830 7184 7183
f 1806 7181 7184
f 7183 7184 7181
f 127 7171 7130
f 1829 7186 7171
f 1815 7130 7186
f 7171 7186 7130
f 474 7187 7175
f 1831 7188 7187
f 1829 7175 7188
f 7187 7188 7175
f 471 7135 7190
f 1815 7189 7135
f 1831 7190 7189
f 7135 7189 7190
f 1829 7188 7186
f 1831 7189 7188
f 1815 7186 7189
f 7188 7189 7186
f 128 7111 7160
f 1811 7191 7111
f 1824 7160 7191
f 7111 7191 7160
f 468 7192 7115
f 1832 7193 7192
f 1811 7115 7193
f 7192 7193 7115
f 474 7165 7195
f 1824 7194 7165
f 1832 7195 7194
f 7165 7194 7195
f 1811 7193 7191
f 1832 7194 7193
f 1824 7191 7194
f 7193 7194 7191
f 471 7190 7182
f 1831 7196 7190
f 1830 7182 7196
f 7190 7196 7182
f 474 7195 7187
f 1832 7197 7195
f 1831 7187 7197
f 7195 7197 7187
f 468 7185 7192
f 1830 7198 7185
f 1832 7192 7198
f 7185 7198 7192
f 1831 7197 7196
f 1832 7198 7197
f 1830 7196 7198
f 7197 7198 7196
f 35 7048 6917
f 1794 7199 7048
f 1758 6917 7199
f 7048 7199 6917
f 466 7200 7051
f 1833 7201 7200
f 1794 7051 7201
f 7200 7201 7051
f 455 6921 7203
f 1758 7202 6921
f 1833 7203 7202
f 6921 7202 7203
f 1794 7201 7199
f 1833 7202 7201
f 1758 7199 7202
f 7201 7202 7199
f 125 7204 7061
f 1834 7205 7204
f 1797 7061 7205
f 7204 7205 7061
f 476 7206 7208
f 1835 7207 7206
f 1834 7208 7207
f 7206 7207 7208
f 466 7066 7210
f 1797 7209 7066
f 1835 7210 7209
f 7066 7209 7210
f 1834 7207 7205
f 1835 7209 7207
f 1797 7205 7209
f 7207 7209 7205
f 122 6926 7212
f 1762 7211 6926
f 1837 7212 7211
f 6926 7211 7212
f 455 7213 6930
f 1836 7214 7213
f 1762 6930 7214
f 7213 7214 6930
f 476 7215 7217
f 1837 7216 7215
f 1836 7217 7216
f 7215 7216 7217
f 1762 7214 7211
f 1836 7216 7214
f 1837 7211 7216
f 7214 7216 7211
f 466 7210 7200
f 1835 7218 7210
f 1833 7200 7218
f 7210 7218 7200
f 476 7217 7206
f 1836 7219 7217
f 1835 7206 7219
f 7217 7219 7206
f 455 7203 7213
f 1833 7220 7203
f 1836 7213 7220
f 7203 7220 7213
f 1835 7219 7218
f 1836 7220 7219
f 1833 7218 7220
f 7219 7220 7218
f 36 7153 7017
f 1823 7221 7153
f 1784 7017 7221
f 7153 7221 7017
f 475 7222 7157
f 1838 7223 7222
f 1823 7157 7223
f 7222 7223 7157
f 462 7022 7225
f 1784 7224 7022
f 1838 7225 7224
f 7022 7224 7225
f 1823 7223 7221
f 1838 7224 7223
f 1784 7221 7224
f 7223 7224 7221
f 127 7226 7169
f 1839 7227 7226
f 1827 7169 7227
f 7226 7227 7169
f 477 7228 7230
f 1840 7229 7228
f 1839 7230 7229
f 7228 7229 7230
f 475 7174 7232
f 1827 7231 7174
f 1840 7232 7231
f 7174 7231 7232
f 1839 7229 7227
f 1840 7231 7229
f 1827 7227 7231
f 7229 7231 7227
f 125 7028 7234
f 1789 7233 7028
f 1842 7234 7233
f 7028 7233 7234
f 462 7235 7032
f 1841 7236 7235
f 1789 7032 7236
f 7235 7236 7032
f 477 7237 7239
f 1842 7238 7237
f 1841 7239 7238
f 7237 7238 7239
f 1789 7236 7233
f 1841 7238 7236
f 1842 7233 7238
f 7236 7238 7233
f 475 7232 7222
f 1840 7240 7232
f 1838 7222 7240
f 7232 7240 7222
f 477 7239 7228
f 1841 7241 7239
f 1840 7228 7241
f 7239 7241 7228
f 462 7225 7235
f 1838 7242 7225
f 1841 7235 7242
f 7225 7242 7235
f 1840 7241 7240
f 1841 7242 7241
f 1838 7240 7242
f 7241 7242 7240
f 37 6945 7121
f 1767 7243 6945
f 1812 7121 7243
f 6945 7243 7121
f 459 7244 6949
f 1843 7245 7244
f 1767 6949 7245
f 7244 7245 6949
f 470 7126 7247
f 1812 7246 7126
f 1843 7247 7246
f 7126 7246 7247
f 1767 7245 7243
f 1843 7246 7245
f 1812 7243 7246
f 7245 7246 7243
f 122 7248 6961
f 1844 7249 7248
f 1771 6961 7249
f 7248 7249 6961
f 478 7250 7252
f 1845 7251 7250
f 1844 7252 7251
f 7250 7251 7252
f 459 6966 7254
f 1771 7253 6966
f 1845 7254 7253
f 6966 7253 7254
f 1844 7251 7249
f 1845 7253 7251
f 1771 7249 7253
f 7251 7253 7249
f 127 7132 7256
f 1817 7255 7132
f 1847 7256 7255
f 7132 7255 7256
f 470 7257 7136
f 1846 7258 7257
f 1817 7136 7258
f 7257 7258 7136
f 478 7259 7261
f 1847 7260 7259
f 1846 7261 7260
f 7259 7260 7261
f 1817 7258 7255
f 1846 7260 7258
f 1847 7255 7260
f 7258 7260 7255
f 459 7254 7244
f 1845 7262 7254
f 1843 7244 7262
f 7254 7262 7244
f 478 7261 7250
f 1846 7263 7261
f 1845 7250 7263
f 7261 7263 7250
f 470 7247 7257
f 1843 7264 7247
f 1846 7257 7264
f 7247 7264 7257
f 1845 7263 7262
f 1846 7264 7263
f 1843 7262 7264
f 7263 7264 7262
f 125 7234 7204
f 1842 7265 7234
f 1834 7204 7265
f 7234 7265 7204
f 477 7266 7237
f 1848 7267 7266
f 1842 7237 7267
f 7266 7267 7237
f 476 7208 7269
f 1834 7268 7208
f 1848 7269 7268
f 7208 7268 7269
f 1842 7267 7265
f 1848 7268 7267
f 1834 7265 7268
f 7267 7268 7265
f 127 7256 7226
f 1847 7270 7256
f 1839 7226 7270
f 7256 7270 7226
f 478 7271 7259
f 1849 7272 7271
f 1847 7259 7272
f 7271 7272 7259
f 477 7230 7274
f 1839 7273 7230
f 1849 7274 7273
f 7230 7273 7274
f 1847 7272 7270
f 1849 7273 7272
f 1839 7270 7273
f 7272 7273 7270
f 122 7212 7248
f 1837 7275 7212
f 1844 7248 7275
f 7212 7275 7248
f 476 7276 7215
f 1850 7277 7276
f 1837 7215 7277
f 7276 7277 7215
f 478 7252 7279
f 1844 7278 7252
f 1850 7279 7278
f 7252 7278 7279
f 1837 7277 7275
f 1850 7278 7277
f 1844 7275 7278
f 7277 7278 7275
f 477 7274 7266
f 1849 7280 7274
f 1848 7266 7280
f 7274 7280 7266
f 478 7279 7271
f 1850 7281 7279
f 1849 7271 7281
f 7279 7281 7271
f 476 7269 7276
f 1848 7282 7269
f 1850 7276 7282
f 7269 7282 7276
f 1849 7281 7280
f 1850 7282 7281
f 1848 7280 7282
f 7281 7282 7280
f 4 6892 7284
f 1752 7283 6892
f 1852 7284 7283
f 6892 7283 7284
f 454 7285 6895
f 1851 7286 7285
f 1752 6895 7286
f 7285 7286 6895
f 480 7287 7289
f 1852 7288 7287
f 1851 7289 7288
f 7287 7288 7289
f 1752 7286 7283
f 1851 7288 7286
f 1852 7283 7288
f 7286 7288 7283
f 123 7290 6905
f 1853 7291 7290
f 1755 6905 7291
f 7290 7291 6905
f 479 7292 7294
f 1854 7293 7292
f 1853 7294 7293
f 7292 7293 7294
f 454 6910 7296
f 1755 7295 6910
f 1854 7296 7295
f 6910 7295 7296
f 1853 7293 7291
f 1854 7295 7293
f 1755 7291 7295
f 7293 7295 7291
f 130 7297 7299
f 1855 7298 7297
f 1857 7299 7298
f 7297 7298 7299
f 480 7300 7302
f 1856 7301 7300
f 1855 7302 7301
f 7300 7301 7302
f 479 7303 7305
f 1857 7304 7303
f 1856 7305 7304
f 7303 7304 7305
f 1855 7301 7298
f 1856 7304 7301
f 1857 7298 7304
f 7301 7304 7298
f 454 7296 7285
f 1854 7306 7296
f 1851 7285 7306
f 7296 7306 7285
f 479 7305 7292
f 1856 7307 7305
f 1854 7292 7307
f 7305 7307 7292
f 480 7289 7300
f 1851 7308 7289
f 1856 7300 7308
f 7289 7308 7300
f 1854 7307 7306
f 1856 7308 7307
f 1851 7306 7308
f 7307 7308 7306
f 37 7309 6943
f 1858 7310 7309
f 1765 6943 7310
f 7309 7310 6943
f 481 7311 7313
f 1859 7312 7311
f 1858 7313 7312
f 7311 7312 7313
f 457 6948 7315
f 1765 7314 6948
f 1859 7315 7314
f 6948 7314 7315
f 1858 7312 7310
f 1859 7314 7312
f 1765 7310 7314
f 7312 7314 7310
f 129 7316 7318
f 1860 7317 7316
f 1862 7318 7317
f 7316 7317 7318
f 482 7319 7321
f 1861 7320 7319
f 1860 7321 7320
f 7319 7320 7321
f 481 7322 7324
f 1862 7323 7322
f 1861 7324 7323
f 7322 7323 7324
f 1860 7320 7317
f 1861 7323 7320
f 1862 7317 7323
f 7320 7323 7317
f 123 6954 7326
f 1770 7325 6954
f 1864 7326 7325
f 6954 7325 7326
f 457 7327 6958
f 1863 7328 7327
f 1770 6958 7328
f 7327 7328 6958
f 482 7329 7331
f 1864 7330 7329
f 1863 7331 7330
f 7329 7330 7331
f 1770 7328 7325
f 1863 7330 7328
f 1864 7325 7330
f 7328 7330 7325
f 481 7324 7311
f 1861 7332 7324
f 1859 7311 7332
f 7324 7332 7311
f 482 7331 7319
f 1863 7333 7331
f 1861 7319 7333
f 7331 7333 7319
f 457 7315 7327
f 1859 7334 7315
f 1863 7327 7334
f 7315 7334 7327
f 1861 7333 7332
f 1863 7334 7333
f 1859 7332 7334
f 7333 7334 7332
f 39 7335 7337
f 1865 7336 7335
f 1867 7337 7336
f 7335 7336 7337
f 483 7338 7340
f 1866 7339 7338
f 1865 7340 7339
f 7338 7339 7340
f 485 7341 7343
f 1867 7342 7341
f 1866 7343 7342
f 7341 7342 7343
f 1865 7339 7336
f 1866 7342 7339
f 1867 7336 7342
f 7339 7342 7336
f 130 7344 7346
f 1868 7345 7344
f 1870 7346 7345
f 7344 7345 7346
f 484 7347 7349
f 1869 7348 7347
f 1868 7349 7348
f 7347 7348 7349
f 483 7350 7352
f 1870 7351 7350
f 1869 7352 7351
f 7350 7351 7352
f 1868 7348 7345
f 1869 7351 7348
f 1870 7345 7351
f 7348 7351 7345
f 129 7353 7355
f 1871 7354 7353
f 1873 7355 7354
f 7353 7354 7355
f 485 7356 7358
f 1872 7357 7356
f 1871 7358 7357
f 7356 7357 7358
f 484 7359 7361
f 1873 7360 7359
f 1872 7361 7360
f 7359 7360 7361
f 1871 7357 7354
f 1872 7360 7357
f 1873 7354 7360
f 7357 7360 7354
f 483 7352 7338
f 1869 7362 7352
f 1866 7338 7362
f 7352 7362 7338
f 484 7361 7347
f 1872 7363 7361
f 1869 7347 7363
f 7361 7363 7347
f 485 7343 7356
f 1866 7364 7343
f 1872 7356 7364
f 7343 7364 7356
f 1869 7363 7362
f 1872 7364 7363
f 1866 7362 7364
f 7363 7364 7362
f 123 7326 7290
f 1864 7365 7326
f 1853 7290 7365
f 7326 7365 7290
f 482 7366 7329
f 1874 7367 7366
f 1864 7329 7367
f 7366 7367 7329
f 479 7294 7369
f 1853 7368 7294
f 1874 7369 7368
f 7294 7368 7369
f 1864 7367 7365
f 1874 7368 7367
f 1853 7365 7368
f 7367 7368 7365
f 129 7355 7316
f 1873 7370 7355
f 1860 7316 7370
f 7355 7370 7316
f 484 7371 7359
f 1875 7372 7371
f 1873 7359 7372
f 7371 7372 7359
f 482 7321 7374
f 1860 7373 7321
f 1875 7374 7373
f 7321 7373 7374
f 1873 7372 7370
f 1875 7373 7372
f 1860 7370 7373
f 7372 7373 7370
f 130 7299 7344
f 1857 7375 7299
f 1868 7344 7375
f 7299 7375 7344
f 479 7376 7303
f 1876 7377 7376
f 1857 7303 7377
f 7376 7377 7303
f 484 7349 7379
f 1868 7378 7349
f 1876 7379 7378
f 7349 7378 7379
f 1857 7377 7375
f 1876 7378 7377
f 1868 7375 7378
f 7377 7378 7375
f 482 7374 7366
f 1875 7380 7374
f 1874 7366 7380
f 7374 7380 7366
f 484 7379 7371
f 1876 7381 7379
f 1875 7371 7381
f 7379 7381 7371
f 479 7369 7376
f 1874 7382 7369
f 1876 7376 7382
f 7369 7382 7376
f 1875 7381 7380
f 1876 7382 7381
f 1874 7380 7382
f 7381 7382 7380
f 3 7383 7091
f 1877 7384 7383
f 1803 7091 7384
f 7383 7384 7091
f 486 7385 7387
f 1878 7386 7385
f 1877 7387 7386
f 7385 7386 7387
f 467 7096 7389
f 1803 7388 7096
f 1878 7389 7388
f 7096 7388 7389
f 1877 7386 7384
f 1878 7388 7386
f 1803 7384 7388
f 7386 7388 7384
f 131 7390 7392
f 1879 7391 7390
f 1881 7392 7391
f 7390 7391 7392
f 487 7393 7395
f 1880 7394 7393
f 1879 7395 7394
f 7393 7394 7395
f 486 7396 7398
f 1881 7397 7396
f 1880 7398 7397
f 7396 7397 7398
f 1879 7394 7391
f 1880 7397 7394
f 1881 7391 7397
f 7394 7397 7391
f 126 7102 7400
f 1808 7399 7102
f 1883 7400 7399
f 7102 7399 7400
f 467 7401 7106
f 1882 7402 7401
f 1808 7106 7402
f 7401 7402 7106
f 487 7403 7405
f 1883 7404 7403
f 1882 7405 7404
f 7403 7404 7405
f 1808 7402 7399
f 1882 7404 7402
f 1883 7399 7404
f 7402 7404 7399
f 486 7398 7385
f 1880 7406 7398
f 1878 7385 7406
f 7398 7406 7385
f 487 7405 7393
f 1882 7407 7405
f 1880 7393 7407
f 7405 7407 7393
f 467 7389 7401
f 1878 7408 7389
f 1882 7401 7408
f 7389 7408 7401
f 1880 7407 7406
f 1882 7408 7407
f 1878 7406 7408
f 7407 7408 7406
f 38 7409 7411
f 1884 7410 7409
f 1886 7411 7410
f 7409 7410 7411
f 488 7412 7414
f 1885 7413 7412
f 1884 7414 7413
f 7412 7413 7414
f 490 7415 7417
f 1886 7416 7415
f 1885 7417 7416
f 7415 7416 7417
f 1884 7413 7410
f 1885 7416 7413
f 1886 7410 7416
f 7413 7416 7410
f 132 7418 7420
f 1887 7419 7418
f 1889 7420 7419
f 7418 7419 7420
f 489 7421 7423
f 1888 7422 7421
f 1887 7423 7422
f 7421 7422 7423
f 488 7424 7426
f 1889 7425 7424
f 1888 7426 7425
f 7424 7425 7426
f 1887 7422 7419
f 1888 7425 7422
f 1889 7419 7425
f 7422 7425 7419
f 131 7427 7429
f 1890 7428 7427
f 1892 7429 7428
f 7427 7428 7429
f 490 7430 7432
f 1891 7431 7430
f 1890 7432 7431
f 7430 7431 7432
f 489 7433 7435
f 1892 7434 7433
f 1891 7435 7434
f 7433 7434 7435
f 1890 7431 7428
f 1891 7434 7431
f 1892 7428 7434
f 7431 7434 7428
f 488 7426 7412
f 1888 7436 7426
f 1885 7412 7436
f 7426 7436 7412
f 489 7435 7421
f 1891 7437 7435
f 1888 7421 7437
f 7435 7437 7421
f 490 7417 7430
f 1885 7438 7417
f 1891 7430 7438
f 7417 7438 7430
f 1888 7437 7436
f 1891 7438 7437
f 1885 7436 7438
f 7437 7438 7436
f 37 7123 7440
f 1814 7439 7123
f 1894 7440 7439
f 7123 7439 7440
f 472 7441 7127
f 1893 7442 7441
f 1814 7127 7442
f 7441 7442 7127
f 492 7443 7445
f 1894 7444 7443
f 1893 7445 7444
f 7443 7444 7445
f 1814 7442 7439
f 1893 7444 7442
f 1894 7439 7444
f 7442 7444 7439
f 126 7446 7139
f 1895 7447 7446
f 1818 7139 7447
f 7446 7447 7139
f 491 7448 7450
f 1896 7449 7448
f 1895 7450 7449
f 7448 7449 7450
f 472 7144 7452
f 1818 7451 7144
f 1896 7452 7451
f 7144 7451 7452
f 1895 7449 7447
f 1896 7451 7449
f 1818 7447 7451
f 7449 7451 7447
f 132 7453 7455
f 1897 7454 7453
f 1899 7455 7454
f 7453 7454 7455
f 492 7456 7458
f 1898 7457 7456
f 1897 7458 7457
f 7456 7457 7458
f 491 7459 7461
f 1899 7460 7459
f 1898 7461 7460
f 7459 7460 7461
f 1897 7457 7454
f 1898 7460 7457
f 1899 7454 7460
f 7457 7460 7454
f 472 7452 7441
f 1896 7462 7452
f 1893 7441 7462
f 7452 7462 7441
f 491 7461 7448
f 1898 7463 7461
f 1896 7448 7463
f 7461 7463 7448
f 492 7445 7456
f 1893 7464 7445
f 1898 7456 7464
f 7445 7464 7456
f 1896 7463 7462
f 1898 7464 7463
f 1893 7462 7464
f 7463 7464 7462
f 131 7429 7390
f 1892 7465 7429
f 1879 7390 7465
f 7429 7465 7390
f 489 7466 7433
f 1900 7467 7466
f 1892 7433 7467
f 7466 7467 7433
f 487 7395 7469
f 1879 7468 7395
f 1900 7469 7468
f 7395 7468 7469
f 1892 7467 7465
f 1900 7468 7467
f 1879 7465 7468
f 7467 7468 7465
f 132 7455 7418
f 1899 7470 7455
f 1887 7418 7470
f 7455 7470 7418
f 491 7471 7459
f 1901 7472 7471
f 1899 7459 7472
f 7471 7472 7459
f 489 7423 7474
f 1887 7473 7423
f 1901 7474 7473
f 7423 7473 7474
f 1899 7472 7470
f 1901 7473 7472
f 1887 7470 7473
f 7472 7473 7470
f 126 7400 7446
f 1883 7475 7400
f 1895 7446 7475
f 7400 7475 7446
f 487 7476 7403
f 1902 7477 7476
f 1883 7403 7477
f 7476 7477 7403
f 491 7450 7479
f 1895 7478 7450
f 1902 7479 7478
f 7450 7478 7479
f 1883 7477 7475
f 1902 7478 7477
f 1895 7475 7478
f 7477 7478 7475
f 489 7474 7466
f 1901 7480 7474
f 1900 7466 7480
f 7474 7480 7466
f 491 7479 7471
f 1902 7481 7479
f 1901 7471 7481
f 7479 7481 7471
f 487 7469 7476
f 1900 7482 7469
f 1902 7476 7482
f 7469 7482 7476
f 1901 7481 7480
f 1902 7482 7481
f 1900 7480 7482
f 7481 7482 7480
f 7 7483 7485
f 1903 7484 7483
f 1905 7485 7484
f 7483 7484 7485
f 493 7486 7488
f 1904 7487 7486
f 1903 7488 7487
f 7486 7487 7488
f 495 7489 7491
f 1905 7490 7489
f 1904 7491 7490
f 7489 7490 7491
f 1903 7487 7484
f 1904 7490 7487
f 1905 7484 7490
f 7487 7490 7484
f 133 7492 7494
f 1906 7493 7492
f 1908 7494 7493
f 7492 7493 7494
f 494 7495 7497
f 1907 7496 7495
f 1906 7497 7496
f 7495 7496 7497
f 493 7498 7500
f 1908 7499 7498
f 1907 7500 7499
f 7498 7499 7500
f 1906 7496 7493
f 1907 7499 7496
f 1908 7493 7499
f 7496 7499 7493
f 135 7501 7503
f 1909 7502 7501
f 1911 7503 7502
f 7501 7502 7503
f 495 7504 7506
f 1910 7505 7504
f 1909 7506 7505
f 7504 7505 7506
f 494 7507 7509
f 1911 7508 7507
f 1910 7509 7508
f 7507 7508 7509
f 1909 7505 7502
f 1910 7508 7505
f 1911 7502 7508
f 7505 7508 7502
f 493 7500 7486
f 1907 7510 7500
f 1904 7486 7510
f 7500 7510 7486
f 494 7509 7495
f 1910 7511 7509
f 1907 7495 7511
f 7509 7511 7495
f 495 7491 7504
f 1904 7512 7491
f 1910 7504 7512
f 7491 7512 7504
f 1907 7511 7510
f 1910 7512 7511
f 1904 7510 7512
f 7511 7512 7510
f 39 7513 7515
f 1912 7514 7513
f 1914 7515 7514
f 7513 7514 7515
f 496 7516 7518
f 1913 7517 7516
f 1912 7518 7517
f 7516 7517 7518
f 498 7519 7521
f 1914 7520 7519
f 1913 7521 7520
f 7519 7520 7521
f 1912 7517 7514
f 1913 7520 7517
f 1914 7514 7520
f 7517 7520 7514
f 134 7522 7524
f 1915 7523 7522
f 1917 7524 7523
f 7522 7523 7524
f 497 7525 7527
f 1916 7526 7525
f 1915 7527 7526
f 7525 7526 7527
f 496 7528 7530
f 1917 7529 7528
f 1916 7530 7529
f 7528 7529 7530
f 1915 7526 7523
f 1916 7529 7526
f 1917 7523 7529
f 7526 7529 7523
f 133 7531 7533
f 1918 7532 7531
f 1920 7533 7532
f 7531 7532 7533
f 498 7534 7536
f 1919 7535 7534
f 1918 7536 7535
f 7534 7535 7536
f 497 7537 7539
f 1920 7538 7537
f 1919 7539 7538
f 7537 7538 7539
f 1918 7535 7532
f 1919 7538 7535
f 1920 7532 7538
f 7535 7538 7532
f 496 7530 7516
f 1916 7540 7530
f 1913 7516 7540
f 7530 7540 7516
f 497 7539 7525
f 1919 7541 7539
f 1916 7525 7541
f 7539 7541 7525
f 498 7521 7534
f 1913 7542 7521
f 1919 7534 7542
f 7521 7542 7534
f 1916 7541 7540
f 1919 7542 7541
f 1913 7540 7542
f 7541 7542 7540
f 38 7543 7545
f 1921 7544 7543
f 1923 7545 7544
f 7543 7544 7545
f 499 7546 7548
f 1922 7547 7546
f 1921 7548 7547
f 7546 7547 7548
f 501 7549 7551
f 1923 7550 7549
f 1922 7551 7550
f 7549 7550 7551
f 1921 7547 7544
f 1922 7550 7547
f 1923 7544 7550
f 7547 7550 7544
f 135 7552 7554
f 1924 7553 7552
f 1926 7554 7553
f 7552 7553 7554
f 500 7555 7557
f 1925 7556 7555
f 1924 7557 7556
f 7555 7556 7557
f 499 7558 7560
f 1926 7559 7558
f 1925 7560 7559
f 7558 7559 7560
f 1924 7556 7553
f 1925 7559 7556
f 1926 7553 7559
f 7556 7559 7553
f 134 7561 7563
f 1927 7562 7561
f 1929 7563 7562
f 7561 7562 7563
f 501 7564 7566
f 1928 7565 7564
f 1927 7566 7565
f 7564 7565 7566
f 500 7567 7569
f 1929 7568 7567
f 1928 7569 7568
f 7567 7568 7569
f 1927 7565 7562
f 1928 7568 7565
f 1929 7562 7568
f 7565 7568 7562
f 499 7560 7546
f 1925 7570 7560
f 1922 7546 7570
f 7560 7570 7546
f 500 7569 7555
f 1928 7571 7569
f 1925 7555 7571
f 7569 7571 7555
f 501 7551 7564
f 1922 7572 7551
f 1928 7564 7572
f 7551 7572 7564
f 1925 7571 7570
f 1928 7572 7571
f 1922 7570 7572
f 7571 7572 7570
f 133 7533 7492
f 1920 7573 7533
f 1906 7492 7573
f 7533 7573 7492
f 497 7574 7537
f 1930 7575 7574
f 1920 7537 7575
f 7574 7575 7537
f 494 7497 7577
f 1906 7576 7497
f 1930 7577 7576
f 7497 7576 7577
f 1920 7575 7573
f 1930 7576 7575
f 1906 7573 7576
f 7575 7576 7573
f 134 7563 7522
f 1929 7578 7563
f 1915 7522 7578
f 7563 7578 7522
f 500 7579 7567
f 1931 7580 7579
f 1929 7567 7580
f 7579 7580 7567
f 497 7527 7582
f 1915 7581 7527
f 1931 7582 7581
f 7527 7581 7582
f 1929 7580 7578
f 1931 7581 7580
f 1915 7578 7581
f 7580 7581 7578
f 135 7503 7552
f 1911 7583 7503
f 1924 7552 7583
f 7503 7583 7552
f 494 7584 7507
f 1932 7585 7584
f 1911 7507 7585
f 7584 7585 7507
f 500 7557 7587
f 1924 7586 7557
f 1932 7587 7586
f 7557 7586 7587
f 1911 7585 7583
f 1932 7586 7585
f 1924 7583 7586
f 7585 7586 7583
f 497 7582 7574
f 1931 7588 7582
f 1930 7574 7588
f 7582 7588 7574
f 500 7587 7579
f 1932 7589 7587
f 1931 7579 7589
f 7587 7589 7579
f 494 7577 7584
f 1930 7590 7577
f 1932 7584 7590
f 7577 7590 7584
f 1931 7589 7588
f 1932 7590 7589
f 1930 7588 7590
f 7589 7590 7588
f 37 7440 7309
f 1894 7591 7440
f 1858 7309 7591
f 7440 7591 7309
f 492 7592 7443
f 1933 7593 7592
f 1894 7443 7593
f 7592 7593 7443
f 481 7313 7595
f 1858 7594 7313
f 1933 7595 7594
f 7313 7594 7595
f 1894 7593 7591
f 1933 7594 7593
f 1858 7591 7594
f 7593 7594 7591
f 132 7596 7453
f 1934 7597 7596
f 1897 7453 7597
f 7596 7597 7453
f 502 7598 7600
f 1935 7599 7598
f 1934 7600 7599
f 7598 7599 7600
f 492 7458 7602
f 1897 7601 7458
f 1935 7602 7601
f 7458 7601 7602
f 1934 7599 7597
f 1935 7601 7599
f 1897 7597 7601
f 7599 7601 7597
f 129 7318 7604
f 1862 7603 7318
f 1937 7604 7603
f 7318 7603 7604
f 481 7605 7322
f 1936 7606 7605
f 1862 7322 7606
f 7605 7606 7322
f 502 7607 7609
f 1937 7608 7607
f 1936 7609 7608
f 7607 7608 7609
f 1862 7606 7603
f 1936 7608 7606
f 1937 7603 7608
f 7606 7608 7603
f 492 7602 7592
f 1935 7610 7602
f 1933 7592 7610
f 7602 7610 7592
f 502 7609 7598
f 1936 7611 7609
f 1935 7598 7611
f 7609 7611 7598
f 481 7595 7605
f 1933 7612 7595
f 1936 7605 7612
f 7595 7612 7605
f 1935 7611 7610
f 1936 7612 7611
f 1933 7610 7612
f 7611 7612 7610
f 38 7545 7409
f 1923 7613 7545
f 1884 7409 7613
f 7545 7613 7409
f 501 7614 7549
f 1938 7615 7614
f 1923 7549 7615
f 7614 7615 7549
f 488 7414 7617
f 1884 7616 7414
f 1938 7617 7616
f 7414 7616 7617
f 1923 7615 7613
f 1938 7616 7615
f 1884 7613 7616
f 7615 7616 7613
f 134 7618 7561
f 1939 7619 7618
f 1927 7561 7619
f 7618 7619 7561
f 503 7620 7622
f 1940 7621 7620
f 1939 7622 7621
f 7620 7621 7622
f 501 7566 7624
f 1927 7623 7566
f 1940 7624 7623
f 7566 7623 7624
f 1939 7621 7619
f 1940 7623 7621
f 1927 7619 7623
f 7621 7623 7619
f 132 7420 7626
f 1889 7625 7420
f 1942 7626 7625
f 7420 7625 7626
f 488 7627 7424
f 1941 7628 7627
f 1889 7424 7628
f 7627 7628 7424
f 503 7629 7631
f 1942 7630 7629
f 1941 7631 7630
f 7629 7630 7631
f 1889 7628 7625
f 1941 7630 7628
f 1942 7625 7630
f 7628 7630 7625
f 501 7624 7614
f 1940 7632 7624
f 1938 7614 7632
f 7624 7632 7614
f 503 7631 7620
f 1941 7633 7631
f 1940 7620 7633
f 7631 7633 7620
f 488 7617 7627
f 1938 7634 7617
f 1941 7627 7634
f 7617 7634 7627
f 1940 7633 7632
f 1941 7634 7633
f 1938 7632 7634
f 7633 7634 7632
f 39 7337 7513
f 1867 7635 7337
f 1912 7513 7635
f 7337 7635 7513
f 485 7636 7341
f 1943 7637 7636
f 1867 7341 7637
f 7636 7637 7341
f 496 7518 7639
f 1912 7638 7518
f 1943 7639 7638
f 7518 7638 7639
f 1867 7637 7635
f 1943 7638 7637
f 1912 7635 7638
f 7637 7638 7635
f 129 7640 7353
f 1944 7641 7640
f 1871 7353 7641
f 7640 7641 7353
f 504 7642 7644
f 1945 7643 7642
f 1944 7644 7643
f 7642 7643 7644
f 485 7358 7646
f 1871 7645 7358
f 1945 7646 7645
f 7358 7645 7646
f 1944 7643 7641
f 1945 7645 7643
f 1871 7641 7645
f 7643 7645 7641
f 134 7524 7648
f 1917 7647 7524
f 1947 7648 7647
f 7524 7647 7648
f 496 7649 7528
f 1946 7650 7649
f 1917 7528 7650
f 7649 7650 7528
f 504 7651 7653
f 1947 7652 7651
f 1946 7653 7652
f 7651 7652 7653
f 1917 7650 7647
f 1946 7652 7650
f 1947 7647 7652
f 7650 7652 7647
f 485 7646 7636
f 1945 7654 7646
f 1943 7636 7654
f 7646 7654 7636
f 504 7653 7642
f 1946 7655 7653
f 1945 7642 7655
f 7653 7655 7642
f 496 7639 7649
f 1943 7656 7639
f 1946 7649 7656
f 7639 7656 7649
f 1945 7655 7654
f 1946 7656 7655
f 1943 7654 7656
f 7655 7656 7654
f 132 7626 7596
f 1942 7657 7626
f 1934 7596 7657
f 7626 7657 7596
f 503 7658 7629
f 1948 7659 7658
f 1942 7629 7659
f 7658 7659 7629
f 502 7600 7661
f 1934 7660 7600
f 1948 7661 7660
f 7600 7660 7661
f 1942 7659 7657
f 1948 7660 7659
f 1934 7657 7660
f 7659 7660 7657
f 134 7648 7618
f 1947 7662 7648
f 1939 7618 7662
f 7648 7662 7618
f 504 7663 7651
f 1949 7664 7663
f 1947 7651 7664
f 7663 7664 7651
f 503 7622 7666
f 1939 7665 7622
f 1949 7666 7665
f 7622 7665 7666
f 1947 7664 7662
f 1949 7665 7664
f 1939 7662 7665
f 7664 7665 7662
f 129 7604 7640
f 1937 7667 7604
f 1944 7640 7667
f 7604 7667 7640
f 502 7668 7607
f 1950 7669 7668
f 1937 7607 7669
f 7668 7669 7607
f 504 7644 7671
f 1944 7670 7644
f 1950 7671 7670
f 7644 7670 7671
f 1937 7669 7667
f 1950 7670 7669
f 1944 7667 7670
f 7669 7670 7667
f 503 7666 7658
f 1949 7672 7666
f 1948 7658 7672
f 7666 7672 7658
f 504 7671 7663
f 1950 7673 7671
f 1949 7663 7673
f 7671 7673 7663
f 502 7661 7668
f 1948 7674 7661
f 1950 7668 7674
f 7661 7674 7668
f 1949 7673 7672
f 1950 7674 7673
f 1948 7672 7674
f 7673 7674 7672
f 4 7284 7676
f 1852 7675 7284
f 1952 7676 7675
f 7284 7675 7676
f 480 7677 7287
f 1951 7678 7677
f 1852 7287 7678
f 7677 7678 7287
f 506 7679 7681
f 1952 7680 7679
f 1951 7681 7680
f 7679 7680 7681
f 1852 7678 7675
f 1951 7680 7678
f 1952 7675 7680
f 7678 7680 7675
f 130 7682 7297
f 1953 7683 7682
f 1855 7297 7683
f 7682 7683 7297
f 505 7684 7686
f 1954 7685 7684
f 1953 7686 7685
f 7684 7685 7686
f 480 7302 7688
f 1855 7687 7302
f 1954 7688 7687
f 7302 7687 7688
f 1953 7685 7683
f 1954 7687 7685
f 1855 7683 7687
f 7685 7687 7683
f 137 7689 7691
f 1955 7690 7689
f 1957 7691 7690
f 7689 7690 7691
f 506 7692 7694
f 1956 7693 7692
f 1955 7694 7693
f 7692 7693 7694
f 505 7695 7697
f 1957 7696 7695
f 1956 7697 7696
f 7695 7696 7697
f 1955 7693 7690
f 1956 7696 7693
f 1957 7690 7696
f 7693 7696 7690
f 480 7688 7677
f 1954 7698 7688
f 1951 7677 7698
f 7688 7698 7677
f 505 7697 7684
f 1956 7699 7697
f 1954 7684 7699
f 7697 7699 7684
f 506 7681 7692
f 1951 7700 7681
f 1956 7692 7700
f 7681 7700 7692
f 1954 7699 7698
f 1956 7700 7699
f 1951 7698 7700
f 7699 7700 7698
f 39 7701 7335
f 1958 7702 7701
f 1865 7335 7702
f 7701 7702 7335
f 507 7703 7705
f 1959 7704 7703
f 1958 7705 7704
f 7703 7704 7705
f 483 7340 7707
f 1865 7706 7340
f 1959 7707 7706
f 7340 7706 7707
f 1958 7704 7702
f 1959 7706 7704
f 1865 7702 7706
f 7704 7706 7702
f 136 7708 7710
f 1960 7709 7708
f 1962 7710 7709
f 7708 7709 7710
f 508 7711 7713
f 1961 7712 7711
f 1960 7713 7712
f 7711 7712 7713
f 507 7714 7716
f 1962 7715 7714
f 1961 7716 7715
f 7714 7715 7716
f 1960 7712 7709
f 1961 7715 7712
f 1962 7709 7715
f 7712 7715 7709
f 130 7346 7718
f 1870 7717 7346
f 1964 7718 7717
f 7346 7717 7718
f 483 7719 7350
f 1963 7720 7719
f 1870 7350 7720
f 7719 7720 7350
f 508 7721 7723
f 1964 7722 7721
f 1963 7723 7722
f 7721 7722 7723
f 1870 7720 7717
f 1963 7722 7720
f 1964 7717 7722
f 7720 7722 7717
f 507 7716 7703
f 1961 7724 7716
f 1959 7703 7724
f 7716 7724 7703
f 508 7723 7711
f 1963 7725 7723
f 1961 7711 7725
f 7723 7725 7711
f 483 7707 7719
f 1959 7726 7707
f 1963 7719 7726
f 7707 7726 7719
f 1961 7725 7724
f 1963 7726 7725
f 1959 7724 7726
f 7725 7726 7724
f 41 7727 7729
f 1965 7728 7727
f 1967 7729 7728
f 7727 7728 7729
f 509 7730 7732
f 1966 7731 7730
f 1965 7732 7731
f 7730 7731 7732
f 511 7733 7735
f 1967 7734 7733
f 1966 7735 7734
f 7733 7734 7735
f 1965 7731 7728
f 1966 7734 7731
f 1967 7728 7734
f 7731 7734 7728
f 137 7736 7738
f 1968 7737 7736
f 1970 7738 7737
f 7736 7737 7738
f 510 7739 7741
f 1969 7740 7739
f 1968 7741 7740
f 7739 7740 7741
f 509 7742 7744
f 1970 7743 7742
f 1969 7744 7743
f 7742 7743 7744
f 1968 7740 7737
f 1969 7743 7740
f 1970 7737 7743
f 7740 7743 7737
f 136 7745 7747
f 1971 7746 7745
f 1973 7747 7746
f 7745 7746 7747
f 511 7748 7750
f 1972 7749 7748
f 1971 7750 7749
f 7748 7749 7750
f 510 7751 7753
f 1973 7752 7751
f 1972 7753 7752
f 7751 7752 7753
f 1971 7749 7746
f 1972 7752 7749
f 1973 7746 7752
f 7749 7752 7746
f 509 7744 7730
f 1969 7754 7744
f 1966 7730 7754
f 7744 7754 7730
f 510 7753 7739
f 1972 7755 7753
f 1969 7739 7755
f 7753 7755 7739
f 511 7735 7748
f 1966 7756 7735
f 1972 7748 7756
f 7735 7756 7748
f 1969 7755 7754
f 1972 7756 7755
f 1966 7754 7756
f 7755 7756 7754
f 130 7718 7682
f 1964 7757 7718
f 1953 7682 7757
f 7718 7757 7682
f 508 7758 7721
f 1974 7759 7758
f 1964 7721 7759
f 7758 7759 7721
f 505 7686 7761
f 1953 7760 7686
f 1974 7761 7760
f 7686 7760 7761
f 1964 7759 7757
f 1974 7760 7759
f 1953 7757 7760
f 7759 7760 7757
f 136 7747 7708
f 1973 7762 7747
f 1960 7708 7762
f 7747 7762 7708
f 510 7763 7751
f 1975 7764 7763
f 1973 7751 7764
f 7763 7764 7751
f 508 7713 7766
f 1960 7765 7713
f 1975 7766 7765
f 7713 7765 7766
f 1973 7764 7762
f 1975 7765 7764
f 1960 7762 7765
f 7764 7765 7762
f 137 7691 7736
f 1957 7767 7691
f 1968 7736 7767
f 7691 7767 7736
f 505 7768 7695
f 1976 7769 7768
f 1957 7695 7769
f 7768 7769 7695
f 510 7741 7771
f 1968 7770 7741
f 1976 7771 7770
f 7741 7770 7771
f 1957 7769 7767
f 1976 7770 7769
f 1968 7767 7770
f 7769 7770 7767
f 508 7766 7758
f 1975 7772 7766
f 1974 7758 7772
f 7766 7772 7758
f 510 7771 7763
f 1976 7773 7771
f 1975 7763 7773
f 7771 7773 7763
f 505 7761 7768
f 1974 7774 7761
f 1976 7768 7774
f 7761 7774 7768
f 1975 7773 7772
f 1976 7774 7773
f 1974 7772 7774
f 7773 7774 7772
f 7 7775 7483
f 1977 7776 7775
f 1903 7483 7776
f 7775 7776 7483
f 512 7777 7779
f 1978 7778 7777
f 1977 7779 7778
f 7777 7778 7779
f 493 7488 7781
f 1903 7780 7488
f 1978 7781 7780
f 7488 7780 7781
f 1977 7778 7776
f 1978 7780 7778
f 1903 7776 7780
f 7778 7780 7776
f 138 7782 7784
f 1979 7783 7782
f 1981 7784 7783
f 7782 7783 7784
f 513 7785 7787
f 1980 7786 7785
f 1979 7787 7786
f 7785 7786 7787
f 512 7788 7790
f 1981 7789 7788
f 1980 7790 7789
f 7788 7789 7790
f 1979 7786 7783
f 1980 7789 7786
f 1981 7783 7789
f 7786 7789 7783
f 133 7494 7792
f 1908 7791 7494
f 1983 7792 7791
f 7494 7791 7792
f 493 7793 7498
f 1982 7794 7793
f 1908 7498 7794
f 7793 7794 7498
f 513 7795 7797
f 1983 7796 7795
f 1982 7797 7796
f 7795 7796 7797
f 1908 7794 7791
f 1982 7796 7794
f 1983 7791 7796
f 7794 7796 7791
f 512 7790 7777
f 1980 7798 7790
f 1978 7777 7798
f 7790 7798 7777
f 513 7797 7785
f 1982 7799 7797
f 1980 7785 7799
f 7797 7799 7785
f 493 7781 7793
f 1978 7800 7781
f 1982 7793 7800
f 7781 7800 7793
f 1980 7799 7798
f 1982 7800 7799
f 1978 7798 7800
f 7799 7800 7798
f 40 7801 7803
f 1984 7802 7801
f 1986 7803 7802
f 7801 7802 7803
f 514 7804 7806
f 1985 7805 7804
f 1984 7806 7805
f 7804 7805 7806
f 516 7807 7809
f 1986 7808 7807
f 1985 7809 7808
f 7807 7808 7809
f 1984 7805 7802
f 1985 7808 7805
f 1986 7802 7808
f 7805 7808 7802
f 139 7810 7812
f 1987 7811 7810
f 1989 7812 7811
f 7810 7811 7812
f 515 7813 7815
f 1988 7814 7813
f 1987 7815 7814
f 7813 7814 7815
f 514 7816 7818
f 1989 7817 7816
f 1988 7818 7817
f 7816 7817 7818
f 1987 7814 7811
f 1988 7817 7814
f 1989 7811 7817
f 7814 7817 7811
f 138 7819 7821
f 1990 7820 7819
f 1992 7821 7820
f 7819 7820 7821
f 516 7822 7824
f 1991 7823 7822
f 1990 7824 7823
f 7822 7823 7824
f 515 7825 7827
f 1992 7826 7825
f 1991 7827 7826
f 7825 7826 7827
f 1990 7823 7820
f 1991 7826 7823
f 1992 7820 7826
f 7823 7826 7820
f 514 7818 7804
f 1988 7828 7818
f 1985 7804 7828
f 7818 7828 7804
f 515 7827 7813
f 1991 7829 7827
f 1988 7813 7829
f 7827 7829 7813
f 516 7809 7822
f 1985 7830 7809
f 1991 7822 7830
f 7809 7830 7822
f 1988 7829 7828
f 1991 7830 7829
f 1985 7828 7830
f 7829 7830 7828
f 39 7515 7832
f 1914 7831 7515
f 1994 7832 7831
f 7515 7831 7832
f 498 7833 7519
f 1993 7834 7833
f 1914 7519 7834
f 7833 7834 7519
f 518 7835 7837
f 1994 7836 7835
f 1993 7837 7836
f 7835 7836 7837
f 1914 7834 7831
f 1993 7836 7834
f 1994 7831 7836
f 7834 7836 7831
f 133 7838 7531
f 1995 7839 7838
f 1918 7531 7839
f 7838 7839 7531
f 517 7840 7842
f 1996 7841 7840
f 1995 7842 7841
f 7840 7841 7842
f 498 7536 7844
f 1918 7843 7536
f 1996 7844 7843
f 7536 7843 7844
f 1995 7841 7839
f 1996 7843 7841
f 1918 7839 7843
f 7841 7843 7839
f 139 7845 7847
f 1997 7846 7845
f 1999 7847 7846
f 7845 7846 7847
f 518 7848 7850
f 1998 7849 7848
f 1997 7850 7849
f 7848 7849 7850
f 517 7851 7853
f 1999 7852 7851
f 1998 7853 7852
f 7851 7852 7853
f 1997 7849 7846
f 1998 7852 7849
f 1999 7846 7852
f 7849 7852 7846
f 498 7844 7833
f 1996 7854 7844
f 1993 7833 7854
f 7844 7854 7833
f 517 7853 7840
f 1998 7855 7853
f 1996 7840 7855
f 7853 7855 7840
f 518 7837 7848
f 1993 7856 7837
f 1998 7848 7856
f 7837 7856 7848
f 1996 7855 7854
f 1998 7856 7855
f 1993 7854 7856
f 7855 7856 7854
f 138 7821 7782
f 1992 7857 7821
f 1979 7782 7857
f 7821 7857 7782
f 515 7858 7825
f 2000 7859 7858
f 1992 7825 7859
f 7858 7859 7825
f 513 7787 7861
f 1979 7860 7787
f 2000 7861 7860
f 7787 7860 7861
f 1992 7859 7857
f 2000 7860 7859
f 1979 7857 7860
f 7859 7860 7857
f 139 7847 7810
f 1999 7862 7847
f 1987 7810 7862
f 7847 7862 7810
f 517 7863 7851
f 2001 7864 7863
f 1999 7851 7864
f 7863 7864 7851
f 515 7815 7866
f 1987 7865 7815
f 2001 7866 7865
f 7815 7865 7866
f 1999 7864 7862
f 2001 7865 7864
f 1987 7862 7865
f 7864 7865 7862
f 133 7792 7838
f 1983 7867 7792
f 1995 7838 7867
f 7792 7867 7838
f 513 7868 7795
f 2002 7869 7868
f 1983 7795 7869
f 7868 7869 7795
f 517 7842 7871
f 1995 7870 7842
f 2002 7871 7870
f 7842 7870 7871
f 1983 7869 7867
f 2002 7870 7869
f 1995 7867 7870
f 7869 7870 7867
f 515 7866 7858
f 2001 7872 7866
f 2000 7858 7872
f 7866 7872 7858
f 517 7871 7863
f 2002 7873 7871
f 2001 7863 7873
f 7871 7873 7863
f 513 7861 7868
f 2000 7874 7861
f 2002 7868 7874
f 7861 7874 7868
f 2001 7873 7872
f 2002 7874 7873
f 2000 7872 7874
f 7873 7874 7872
f 9 7875 7877
f 2003 7876 7875
f 2005 7877 7876
f 7875 7876 7877
f 519 7878 7880
f 2004 7879 7878
f 2003 7880 7879
f 7878 7879 7880
f 521 7881 7883
f 2005 7882 7881
f 2004 7883 7882
f 7881 7882 7883
f 2003 7879 7876
f 2004 7882 7879
f 2005 7876 7882
f 7879 7882 7876
f 140 7884 7886
f 2006 7885 7884
f 2008 7886 7885
f 7884 7885 7886
f 520 7887 7889
f 2007 7888 7887
f 2006 7889 7888
f 7887 7888 7889
f 519 7890 7892
f 2008 7891 7890
f 2007 7892 7891
f 7890 7891 7892
f 2006 7888 7885
f 2007 7891 7888
f 2008 7885 7891
f 7888 7891 7885
f 142 7893 7895
f 2009 7894 7893
f 2011 7895 7894
f 7893 7894 7895
f 521 7896 7898
f 2010 7897 7896
f 2009 7898 7897
f 7896 7897 7898
f 520 7899 7901
f 2011 7900 7899
f 2010 7901 7900
f 7899 7900 7901
f 2009 7897 7894
f 2010 7900 7897
f 2011 7894 7900
f 7897 7900 7894
f 519 7892 7878
f 2007 7902 7892
f 2004 7878 7902
f 7892 7902 7878
f 520 7901 7887
f 2010 7903 7901
f 2007 7887 7903
f 7901 7903 7887
f 521 7883 7896
f 2004 7904 7883
f 2010 7896 7904
f 7883 7904 7896
f 2007 7903 7902
f 2010 7904 7903
f 2004 7902 7904
f 7903 7904 7902
f 41 7905 7907
f 2012 7906 7905
f 2014 7907 7906
f 7905 7906 7907
f 522 7908 7910
f 2013 7909 7908
f 2012 7910 7909
f 7908 7909 7910
f 524 7911 7913
f 2014 7912 7911
f 2013 7913 7912
f 7911 7912 7913
f 2012 7909 7906
f 2013 7912 7909
f 2014 7906 7912
f 7909 7912 7906
f 141 7914 7916
f 2015 7915 7914
f 2017 7916 7915
f 7914 7915 7916
f 523 7917 7919
f 2016 7918 7917
f 2015 7919 7918
f 7917 7918 7919
f 522 7920 7922
f 2017 7921 7920
f 2016 7922 7921
f 7920 7921 7922
f 2015 7918 7915
f 2016 7921 7918
f 2017 7915 7921
f 7918 7921 7915
f 140 7923 7925
f 2018 7924 7923
f 2020 7925 7924
f 7923 7924 7925
f 524 7926 7928
f 2019 7927 7926
f 2018 7928 7927
f 7926 7927 7928
f 523 7929 7931
f 2020 7930 7929
f 2019 7931 7930
f 7929 7930 7931
f 2018 7927 7924
f 2019 7930 7927
f 2020 7924 7930
f 7927 7930 7924
f 522 7922 7908
f 2016 7932 7922
f 2013 7908 7932
f 7922 7932 7908
f 523 7931 7917
f 2019 7933 7931
f 2016 7917 7933
f 7931 7933 7917
f 524 7913 7926
f 2013 7934 7913
f 2019 7926 7934
f 7913 7934 7926
f 2016 7933 7932
f 2019 7934 7933
f 2013 7932 7934
f 7933 7934 7932
f 40 7935 7937
f 2021 7936 7935
f 2023 7937 7936
f 7935 7936 7937
f 525 7938 7940
f 2022 7939 7938
f 2021 7940 7939
f 7938 7939 7940
f 527 7941 7943
f 2023 7942 7941
f 2022 7943 7942
f 7941 7942 7943
f 2021 7939 7936
f 2022 7942 7939
f 2023 7936 7942
f 7939 7942 7936
f 142 7944 7946
f 2024 7945 7944
f 2026 7946 7945
f 7944 7945 7946
f 526 7947 7949
f 2025 7948 7947
f 2024 7949 7948
f 7947 7948 7949
f 525 7950 7952
f 2026 7951 7950
f 2025 7952 7951
f 7950 7951 7952
f 2024 7948 7945
f 2025 7951 7948
f 2026 7945 7951
f 7948 7951 7945
f 141 7953 7955
f 2027 7954 7953
f 2029 7955 7954
f 7953 7954 7955
f 527 7956 7958
f 2028 7957 7956
f 2027 7958 7957
f 7956 7957 7958
f 526 7959 7961
f 2029 7960 7959
f 2028 7961 7960
f 7959 7960 7961
f 2027 7957 7954
f 2028 7960 7957
f 2029 7954 7960
f 7957 7960 7954
f 525 7952 7938
f 2025 7962 7952
f 2022 7938 7962
f 7952 7962 7938
f 526 7961 7947
f 2028 7963 7961
f 2025 7947 7963
f 7961 7963 7947
f 527 7943 7956
f 2022 7964 7943
f 2028 7956 7964
f 7943 7964 7956
f 2025 7963 7962
f 2028 7964 7963
f 2022 7962 7964
f 7963 7964 7962
f 140 7925 7884
f 2020 7965 7925
f 2006 7884 7965
f 7925 7965 7884
f 523 7966 7929
f 2030 7967 7966
f 2020 7929 7967
f 7966 7967 7929
f 520 7889 7969
f 2006 7968 7889
f 2030 7969 7968
f 7889 7968 7969
f 2020 7967 7965
f 2030 7968 7967
f 2006 7965 7968
f 7967 7968 7965
f 141 7955 7914
f 2029 7970 7955
f 2015 7914 7970
f 7955 7970 7914
f 526 7971 7959
f 2031 7972 7971
f 2029 7959 7972
f 7971 7972 7959
f 523 7919 7974
f 2015 7973 7919
f 2031 7974 7973
f 7919 7973 7974
f 2029 7972 7970
f 2031 7973 7972
f 2015 7970 7973
f 7972 7973 7970
f 142 7895 7944
f 2011 7975 7895
f 2024 7944 7975
f 7895 7975 7944
f 520 7976 7899
f 2032 7977 7976
f 2011 7899 7977
f 7976 7977 7899
f 526 7949 7979
f 2024 7978 7949
f 2032 7979 7978
f 7949 7978 7979
f 2011 7977 7975
f 2032 7978 7977
f 2024 7975 7978
f 7977 7978 7975
f 523 7974 7966
f 2031 7980 7974
f 2030 7966 7980
f 7974 7980 7966
f 526 7979 7971
f 2032 7981 7979
f 2031 7971 7981
f 7979 7981 7971
f 520 7969 7976
f 2030 7982 7969
f 2032 7976 7982
f 7969 7982 7976
f 2031 7981 7980
f 2032 7982 7981
f 2030 7980 7982
f 7981 7982 7980
f 39 7832 7701
f 1994 7983 7832
f 1958 7701 7983
f 7832 7983 7701
f 518 7984 7835
f 2033 7985 7984
f 1994 7835 7985
f 7984 7985 7835
f 507 7705 7987
f 1958 7986 7705
f 2033 7987 7986
f 7705 7986 7987
f 1994 7985 7983
f 2033 7986 7985
f 1958 7983 7986
f 7985 7986 7983
f 139 7988 7845
f 2034 7989 7988
f 1997 7845 7989
f 7988 7989 7845
f 528 7990 7992
f 2035 7991 7990
f 2034 7992 7991
f 7990 7991 7992
f 518 7850 7994
f 1997 7993 7850
f 2035 7994 7993
f 7850 7993 7994
f 2034 7991 7989
f 2035 7993 7991
f 1997 7989 7993
f 7991 7993 7989
f 136 7710 7996
f 1962 7995 7710
f 2037 7996 7995
f 7710 7995 7996
f 507 7997 7714
f 2036 7998 7997
f 1962 7714 7998
f 7997 7998 7714
f 528 7999 8001
f 2037 8000 7999
f 2036 8001 8000
f 7999 8000 8001
f 1962 7998 7995
f 2036 8000 7998
f 2037 7995 8000
f 7998 8000 7995
f 518 7994 7984
f 2035 8002 7994
f 2033 7984 8002
f 7994 8002 7984
f 528 8001 7990
f 2036 8003 8001
f 2035 7990 8003
f 8001 8003 7990
f 507 7987 7997
f 2033 8004 7987
f 2036 7997 8004
f 7987 8004 7997
f 2035 8003 8002
f 2036 8004 8003
f 2033 8002 8004
f 8003 8004 8002
f 40 7937 7801
f 2023 8005 7937
f 1984 7801 8005
f 7937 8005 7801
f 527 8006 7941
f 2038 8007 8006
f 2023 7941 8007
f 8006 8007 7941
f 514 7806 8009
f 1984 8008 7806
f 2038 8009 8008
f 7806 8008 8009
f 2023 8007 8005
f 2038 8008 8007
f 1984 8005 8008
f 8007 8008 8005
f 141 8010 7953
f 2039 8011 8010
f 2027 7953 8011
f 8010 8011 7953
f 529 8012 8014
f 2040 8013 8012
f 2039 8014 8013
f 8012 8013 8014
f 527 7958 8016
f 2027 8015 7958
f 2040 8016 8015
f 7958 8015 8016
f 2039 8013 8011
f 2040 8015 8013
f 2027 8011 8015
f 8013 8015 8011
f 139 7812 8018
f 1989 8017 7812
f 2042 8018 8017
f 7812 8017 8018
f 514 8019 7816
f 2041 8020 8019
f 1989 7816 8020
f 8019 8020 7816
f 529 8021 8023
f 2042 8022 8021
f 2041 8023 8022
f 8021 8022 8023
f 1989 8020 8017
f 2041 8022 8020
f 2042 8017 8022
f 8020 8022 8017
f 527 8016 8006
f 2040 8024 8016
f 2038 8006 8024
f 8016 8024 8006
f 529 8023 8012
f 2041 8025 8023
f 2040 8012 8025
f 8023 8025 8012
f 514 8009 8019
f 2038 8026 8009
f 2041 8019 8026
f 8009 8026 8019
f 2040 8025 8024
f 2041 8026 8025
f 2038 8024 8026
f 8025 8026 8024
f 41 7729 7905
f 1967 8027 7729
f 2012 7905 8027
f 7729 8027 7905
f 511 8028 7733
f 2043 8029 8028
f 1967 7733 8029
f 8028 8029 7733
f 522 7910 8031
f 2012 8030 7910
f 2043 8031 8030
f 7910 8030 8031
f 1967 8029 8027
f 2043 8030 8029
f 2012 8027 8030
f 8029 8030 8027
f 136 8032 7745
f 2044 8033 8032
f 1971 7745 8033
f 8032 8033 7745
f 530 8034 8036
f 2045 8035 8034
f 2044 8036 8035
f 8034 8035 8036
f 511 7750 8038
f 1971 8037 7750
f 2045 8038 8037
f 7750 8037 8038
f 2044 8035 8033
f 2045 8037 8035
f 1971 8033 8037
f 8035 8037 8033
f 141 7916 8040
f 2017 8039 7916
f 2047 8040 8039
f 7916 8039 8040
f 522 8041 7920
f 2046 8042 8041
f 2017 7920 8042
f 8041 8042 7920
f 530 8043 8045
f 2047 8044 8043
f 2046 8045 8044
f 8043 8044 8045
f 2017 8042 8039
f 2046 8044 8042
f 2047 8039 8044
f 8042 8044 8039
f 511 8038 8028
f 2045 8046 8038
f 2043 8028 8046
f 8038 8046 8028
f 530 8045 8034
f 2046 8047 8045
f 2045 8034 8047
f 8045 8047 8034
f 522 8031 8041
f 2043 8048 8031
f 2046 8041 8048
f 8031 8048 8041
f 2045 8047 8046
f 2046 8048 8047
f 2043 8046 8048
f 8047 8048 8046
f 139 8018 7988
f 2042 8049 8018
f 2034 7988 8049
f 8018 8049 7988
f 529 8050 8021
f 2048 8051 8050
f 2042 8021 8051
f 8050 8051 8021
f 528 7992 8053
f 2034 8052 7992
f 2048 8053 8052
f 7992 8052 8053
f 2042 8051 8049
f 2048 8052 8051
f 2034 8049 8052
f 8051 8052 8049
f 141 8040 8010
f 2047 8054 8040
f 2039 8010 8054
f 8040 8054 8010
f 530 8055 8043
f 2049 8056 8055
f 2047 8043 8056
f 8055 8056 8043
f 529 8014 8058
f 2039 8057 8014
f 2049 8058 8057
f 8014 8057 8058
f 2047 8056 8054
f 2049 8057 8056
f 2039 8054 8057
f 8056 8057 8054
f 136 7996 8032
f 2037 8059 7996
f 2044 8032 8059
f 7996 8059 8032
f 528 8060 7999
f 2050 8061 8060
f 2037 7999 8061
f 8060 8061 7999
f 530 8036 8063
f 2044 8062 8036
f 2050 8063 8062
f 8036 8062 8063
f 2037 8061 8059
f 2050 8062 8061
f 2044 8059 8062
f 8061 8062 8059
f 529 8058 8050
f 2049 8064 8058
f 2048 8050 8064
f 8058 8064 8050
f 530 8063 8055
f 2050 8065 8063
f 2049 8055 8065
f 8063 8065 8055
f 528 8053 8060
f 2048 8066 8053
f 2050 8060 8066
f 8053 8066 8060
f 2049 8065 8064
f 2050 8066 8065
f 2048 8064 8066
f 8065 8066 8064
f 4 7676 6483
f 1952 8067 7676
f 1643 6483 8067
f 7676 8067 6483
f 506 8068 7679
f 2051 8069 8068
f 1952 7679 8069
f 8068 8069 7679
f 423 6488 8071
f 1643 8070 6488
f 2051 8071 8070
f 6488 8070 8071
f 1952 8069 8067
f 2051 8070 8069
f 1643 8067 8070
f 8069 8070 8067
f 137 8072 7689
f 2052 8073 8072
f 1955 7689 8073
f 8072 8073 7689
f 531 8074 8076
f 2053 8075 8074
f 2052 8076 8075
f 8074 8075 8076
f 506 7694 8078
f 1955 8077 7694
f 2053 8078 8077
f 7694 8077 8078
f 2052 8075 8073
f 2053 8077 8075
f 1955 8073 8077
f 8075 8077 8073
f 113 6494 8080
f 1648 8079 6494
f 2055 8080 8079
f 6494 8079 8080
f 423 8081 6498
f 2054 8082 8081
f 1648 6498 8082
f 8081 8082 6498
f 531 8083 8085
f 2055 8084 8083
f 2054 8085 8084
f 8083 8084 8085
f 1648 8082 8079
f 2054 8084 8082
f 2055 8079 8084
f 8082 8084 8079
f 506 8078 8068
f 2053 8086 8078
f 2051 8068 8086
f 8078 8086 8068
f 531 8085 8074
f 2054 8087 8085
f 2053 8074 8087
f 8085 8087 8074
f 423 8071 8081
f 2051 8088 8071
f 2054 8081 8088
f 8071 8088 8081
f 2053 8087 8086
f 2054 8088 8087
f 2051 8086 8088
f 8087 8088 8086
f 41 8089 7727
f 2056 8090 8089
f 1965 7727 8090
f 8089 8090 7727
f 532 8091 8093
f 2057 8092 8091
f 2056 8093 8092
f 8091 8092 8093
f 509 7732 8095
f 1965 8094 7732
f 2057 8095 8094
f 7732 8094 8095
f 2056 8092 8090
f 2057 8094 8092
f 1965 8090 8094
f 8092 8094 8090
f 143 8096 8098
f 2058 8097 8096
f 2060 8098 8097
f 8096 8097 8098
f 533 8099 8101
f 2059 8100 8099
f 2058 8101 8100
f 8099 8100 8101
f 532 8102 8104
f 2060 8103 8102
f 2059 8104 8103
f 8102 8103 8104
f 2058 8100 8097
f 2059 8103 8100
f 2060 8097 8103
f 8100 8103 8097
f 137 7738 8106
f 1970 8105 7738
f 2062 8106 8105
f 7738 8105 8106
f 509 8107 7742
f 2061 8108 8107
f 1970 7742 8108
f 8107 8108 7742
f 533 8109 8111
f 2062 8110 8109
f 2061 8111 8110
f 8109 8110 8111
f 1970 8108 8105
f 2061 8110 8108
f 2062 8105 8110
f 8108 8110 8105
f 532 8104 8091
f 2059 8112 8104
f 2057 8091 8112
f 8104 8112 8091
f 533 8111 8099
f 2061 8113 8111
f 2059 8099 8113
f 8111 8113 8099
f 509 8095 8107
f 2057 8114 8095
f 2061 8107 8114
f 8095 8114 8107
f 2059 8113 8112
f 2061 8114 8113
f 2057 8112 8114
f 8113 8114 8112
f 33 6515 8116
f 1654 8115 6515
f 2064 8116 8115
f 6515 8115 8116
f 428 8117 6519
f 2063 8118 8117
f 1654 6519 8118
f 8117 8118 6519
f 535 8119 8121
f 2064 8120 8119
f 2063 8121 8120
f 8119 8120 8121
f 1654 8118 8115
f 2063 8120 8118
f 2064 8115 8120
f 8118 8120 8115
f 113 8122 6531
f 2065 8123 8122
f 1658 6531 8123
f 8122 8123 6531
f 534 8124 8126
f 2066 8125 8124
f 2065 8126 8125
f 8124 8125 8126
f 428 6536 8128
f 1658 8127 6536
f 2066 8128 8127
f 6536 8127 8128
f 2065 8125 8123
f 2066 8127 8125
f 1658 8123 8127
f 8125 8127 8123
f 143 8129 8131
f 2067 8130 8129
f 2069 8131 8130
f 8129 8130 8131
f 535 8132 8134
f 2068 8133 8132
f 2067 8134 8133
f 8132 8133 8134
f 534 8135 8137
f 2069 8136 8135
f 2068 8137 8136
f 8135 8136 8137
f 2067 8133 8130
f 2068 8136 8133
f 2069 8130 8136
f 8133 8136 8130
f 428 8128 8117
f 2066 8138 8128
f 2063 8117 8138
f 8128 8138 8117
f 534 8137 8124
f 2068 8139 8137
f 2066 8124 8139
f 8137 8139 8124
f 535 8121 8132
f 2063 8140 8121
f 2068 8132 8140
f 8121 8140 8132
f 2066 8139 8138
f 2068 8140 8139
f 2063 8138 8140
f 8139 8140 8138
f 137 8106 8072
f 2062 8141 8106
f 2052 8072 8141
f 8106 8141 8072
f 533 8142 8109
f 2070 8143 8142
f 2062 8109 8143
f 8142 8143 8109
f 531 8076 8145
f 2052 8144 8076
f 2070 8145 8144
f 8076 8144 8145
f 2062 8143 8141
f 2070 8144 8143
f 2052 8141 8144
f 8143 8144 8141
f 143 8131 8096
f 2069 8146 8131
f 2058 8096 8146
f 8131 8146 8096
f 534 8147 8135
f 2071 8148 8147
f 2069 8135 8148
f 8147 8148 8135
f 533 8101 8150
f 2058 8149 8101
f 2071 8150 8149
f 8101 8149 8150
f 2069 8148 8146
f 2071 8149 8148
f 2058 8146 8149
f 8148 8149 8146
f 113 8080 8122
f 2055 8151 8080
f 2065 8122 8151
f 8080 8151 8122
f 531 8152 8083
f 2072 8153 8152
f 2055 8083 8153
f 8152 8153 8083
f 534 8126 8155
f 2065 8154 8126
f 2072 8155 8154
f 8126 8154 8155
f 2055 8153 8151
f 2072 8154 8153
f 2065 8151 8154
f 8153 8154 8151
f 533 8150 8142
f 2071 8156 8150
f 2070 8142 8156
f 8150 8156 8142
f 534 8155 8147
f 2072 8157 8155
f 2071 8147 8157
f 8155 8157 8147
f 531 8145 8152
f 2070 8158 8145
f 2072 8152 8158
f 8145 8158 8152
f 2071 8157 8156
f 2072 8158 8157
f 2070 8156 8158
f 8157 8158 8156
f 9 8159 7875
f 2073 8160 8159
f 2003 7875 8160
f 8159 8160 7875
f 536 8161 8163
f 2074 8162 8161
f 2073 8163 8162
f 8161 8162 8163
f 519 7880 8165
f 2003 8164 7880
f 2074 8165 8164
f 7880 8164 8165
f 2073 8162 8160
f 2074 8164 8162
f 2003 8160 8164
f 8162 8164 8160
f 144 8166 8168
f 2075 8167 8166
f 2077 8168 8167
f 8166 8167 8168
f 537 8169 8171
f 2076 8170 8169
f 2075 8171 8170
f 8169 8170 8171
f 536 8172 8174
f 2077 8173 8172
f 2076 8174 8173
f 8172 8173 8174
f 2075 8170 8167
f 2076 8173 8170
f 2077 8167 8173
f 8170 8173 8167
f 140 7886 8176
f 2008 8175 7886
f 2079 8176 8175
f 7886 8175 8176
f 519 8177 7890
f 2078 8178 8177
f 2008 7890 8178
f 8177 8178 7890
f 537 8179 8181
f 2079 8180 8179
f 2078 8181 8180
f 8179 8180 8181
f 2008 8178 8175
f 2078 8180 8178
f 2079 8175 8180
f 8178 8180 8175
f 536 8174 8161
f 2076 8182 8174
f 2074 8161 8182
f 8174 8182 8161
f 537 8181 8169
f 2078 8183 8181
f 2076 8169 8183
f 8181 8183 8169
f 519 8165 8177
f 2074 8184 8165
f 2078 8177 8184
f 8165 8184 8177
f 2076 8183 8182
f 2078 8184 8183
f 2074 8182 8184
f 8183 8184 8182
f 42 8185 8187
f 2080 8186 8185
f 2082 8187 8186
f 8185 8186 8187
f 538 8188 8190
f 2081 8189 8188
f 2080 8190 8189
f 8188 8189 8190
f 540 8191 8193
f 2082 8192 8191
f 2081 8193 8192
f 8191 8192 8193
f 2080 8189 8186
f 2081 8192 8189
f 2082 8186 8192
f 8189 8192 8186
f 145 8194 8196
f 2083 8195 8194
f 2085 8196 8195
f 8194 8195 8196
f 539 8197 8199
f 2084 8198 8197
f 2083 8199 8198
f 8197 8198 8199
f 538 8200 8202
f 2085 8201 8200
f 2084 8202 8201
f 8200 8201 8202
f 2083 8198 8195
f 2084 8201 8198
f 2085 8195 8201
f 8198 8201 8195
f 144 8203 8205
f 2086 8204 8203
f 2088 8205 8204
f 8203 8204 8205
f 540 8206 8208
f 2087 8207 8206
f 2086 8208 8207
f 8206 8207 8208
f 539 8209 8211
f 2088 8210 8209
f 2087 8211 8210
f 8209 8210 8211
f 2086 8207 8204
f 2087 8210 8207
f 2088 8204 8210
f 8207 8210 8204
f 538 8202 8188
f 2084 8212 8202
f 2081 8188 8212
f 8202 8212 8188
f 539 8211 8197
f 2087 8213 8211
f 2084 8197 8213
f 8211 8213 8197
f 540 8193 8206
f 2081 8214 8193
f 2087 8206 8214
f 8193 8214 8206
f 2084 8213 8212
f 2087 8214 8213
f 2081 8212 8214
f 8213 8214 8212
f 41 7907 8216
f 2014 8215 7907
f 2090 8216 8215
f 7907 8215 8216
f 524 8217 7911
f 2089 8218 8217
f 2014 7911 8218
f 8217 8218 7911
f 542 8219 8221
f 2090 8220 8219
f 2089 8221 8220
f 8219 8220 8221
f 2014 8218 8215
f 2089 8220 8218
f 2090 8215 8220
f 8218 8220 8215
f 140 8222 7923
f 2091 8223 8222
f 2018 7923 8223
f 8222 8223 7923
f 541 8224 8226
f 2092 8225 8224
f 2091 8226 8225
f 8224 8225 8226
f 524 7928 8228
f 2018 8227 7928
f 2092 8228 8227
f 7928 8227 8228
f 2091 8225 8223
f 2092 8227 8225
f 2018 8223 8227
f 8225 8227 8223
f 145 8229 8231
f 2093 8230 8229
f 2095 8231 8230
f 8229 8230 8231
f 542 8232 8234
f 2094 8233 8232
f 2093 8234 8233
f 8232 8233 8234
f 541 8235 8237
f 2095 8236 8235
f 2094 8237 8236
f 8235 8236 8237
f 2093 8233 8230
f 2094 8236 8233
f 2095 8230 8236
f 8233 8236 8230
f 524 8228 8217
f 2092 8238 8228
f 2089 8217 8238
f 8228 8238 8217
f 541 8237 8224
f 2094 8239 8237
f 2092 8224 8239
f 8237 8239 8224
f 542 8221 8232
f 2089 8240 8221
f 2094 8232 8240
f 8221 8240 8232
f 2092 8239 8238
f 2094 8240 8239
f 2089 8238 8240
f 8239 8240 8238
f 144 8205 8166
f 2088 8241 8205
f 2075 8166 8241
f 8205 8241 8166
f 539 8242 8209
f 2096 8243 8242
f 2088 8209 8243
f 8242 8243 8209
f 537 8171 8245
f 2075 8244 8171
f 2096 8245 8244
f 8171 8244 8245
f 2088 8243 8241
f 2096 8244 8243
f 2075 8241 8244
f 8243 8244 8241
f 145 8231 8194
f 2095 8246 8231
f 2083 8194 8246
f 8231 8246 8194
f 541 8247 8235
f 2097 8248 8247
f 2095 8235 8248
f 8247 8248 8235
f 539 8199 8250
f 2083 8249 8199
f 2097 8250 8249
f 8199 8249 8250
f 2095 8248 8246
f 2097 8249 8248
f 2083 8246 8249
f 8248 8249 8246
f 140 8176 8222
f 2079 8251 8176
f 2091 8222 8251
f 8176 8251 8222
f 537 8252 8179
f 2098 8253 8252
f 2079 8179 8253
f 8252 8253 8179
f 541 8226 8255
f 2091 8254 8226
f 2098 8255 8254
f 8226 8254 8255
f 2079 8253 8251
f 2098 8254 8253
f 2091 8251 8254
f 8253 8254 8251
f 539 8250 8242
f 2097 8256 8250
f 2096 8242 8256
f 8250 8256 8242
f 541 8255 8247
f 2098 8257 8255
f 2097 8247 8257
f 8255 8257 8247
f 537 8245 8252
f 2096 8258 8245
f 2098 8252 8258
f 8245 8258 8252
f 2097 8257 8256
f 2098 8258 8257
f 2096 8256 8258
f 8257 8258 8256
f 10 6593 8260
f 1675 8259 6593
f 2100 8260 8259
f 6593 8259 8260
f 434 8261 6597
f 2099 8262 8261
f 1675 6597 8262
f 8261 8262 6597
f 544 8263 8265
f 2100 8264 8263
f 2099 8265 8264
f 8263 8264 8265
f 1675 8262 8259
f 2099 8264 8262
f 2100 8259 8264
f 8262 8264 8259
f 118 8266 6609
f 2101 8267 8266
f 1679 6609 8267
f 8266 8267 6609
f 543 8268 8270
f 2102 8269 8268
f 2101 8270 8269
f 8268 8269 8270
f 434 6614 8272
f 1679 8271 6614
f 2102 8272 8271
f 6614 8271 8272
f 2101 8269 8267
f 2102 8271 8269
f 1679 8267 8271
f 8269 8271 8267
f 147 8273 8275
f 2103 8274 8273
f 2105 8275 8274
f 8273 8274 8275
f 544 8276 8278
f 2104 8277 8276
f 2103 8278 8277
f 8276 8277 8278
f 543 8279 8281
f 2105 8280 8279
f 2104 8281 8280
f 8279 8280 8281
f 2103 8277 8274
f 2104 8280 8277
f 2105 8274 8280
f 8277 8280 8274
f 434 8272 8261
f 2102 8282 8272
f 2099 8261 8282
f 8272 8282 8261
f 543 8281 8268
f 2104 8283 8281
f 2102 8268 8283
f 8281 8283 8268
f 544 8265 8276
f 2099 8284 8265
f 2104 8276 8284
f 8265 8284 8276
f 2102 8283 8282
f 2104 8284 8283
f 2099 8282 8284
f 8283 8284 8282
f 33 8285 6651
f 2106 8286 8285
f 1691 6651 8286
f 8285 8286 6651
f 545 8287 8289
f 2107 8288 8287
f 2106 8289 8288
f 8287 8288 8289
f 438 6656 8291
f 1691 8290 6656
f 2107 8291 8290
f 6656 8290 8291
f 2106 8288 8286
f 2107 8290 8288
f 1691 8286 8290
f 8288 8290 8286
f 146 8292 8294
f 2108 8293 8292
f 2110 8294 8293
f 8292 8293 8294
f 546 8295 8297
f 2109 8296 8295
f 2108 8297 8296
f 8295 8296 8297
f 545 8298 8300
f 2110 8299 8298
f 2109 8300 8299
f 8298 8299 8300
f 2108 8296 8293
f 2109 8299 8296
f 2110 8293 8299
f 8296 8299 8293
f 118 6662 8302
f 1696 8301 6662
f 2112 8302 8301
f 6662 8301 8302
f 438 8303 6666
f 2111 8304 8303
f 1696 6666 8304
f 8303 8304 6666
f 546 8305 8307
f 2112 8306 8305
f 2111 8307 8306
f 8305 8306 8307
f 1696 8304 8301
f 2111 8306 8304
f 2112 8301 8306
f 8304 8306 8301
f 545 8300 8287
f 2109 8308 8300
f 2107 8287 8308
f 8300 8308 8287
f 546 8307 8295
f 2111 8309 8307
f 2109 8295 8309
f 8307 8309 8295
f 438 8291 8303
f 2107 8310 8291
f 2111 8303 8310
f 8291 8310 8303
f 2109 8309 8308
f 2111 8310 8309
f 2107 8308 8310
f 8309 8310 8308
f 42 8311 8313
f 2113 8312 8311
f 2115 8313 8312
f 8311 8312 8313
f 547 8314 8316
f 2114 8315 8314
f 2113 8316 8315
f 8314 8315 8316
f 549 8317 8319
f 2115 8318 8317
f 2114 8319 8318
f 8317 8318 8319
f 2113 8315 8312
f 2114 8318 8315
f 2115 8312 8318
f 8315 8318 8312
f 147 8320 8322
f 2116 8321 8320
f 2118 8322 8321
f 8320 8321 8322
f 548 8323 8325
f 2117 8324 8323
f 2116 8325 8324
f 8323 8324 8325
f 547 8326 8328
f 2118 8327 8326
f 2117 8328 8327
f 8326 8327 8328
f 2116 8324 8321
f 2117 8327 8324
f 2118 8321 8327
f 8324 8327 8321
f 146 8329 8331
f 2119 8330 8329
f 2121 8331 8330
f 8329 8330 8331
f 549 8332 8334
f 2120 8333 8332
f 2119 8334 8333
f 8332 8333 8334
f 548 8335 8337
f 2121 8336 8335
f 2120 8337 8336
f 8335 8336 8337
f 2119 8333 8330
f 2120 8336 8333
f 2121 8330 8336
f 8333 8336 8330
f 547 8328 8314
f 2117 8338 8328
f 2114 8314 8338
f 8328 8338 8314
f 548 8337 8323
f 2120 8339 8337
f 2117 8323 8339
f 8337 8339 8323
f 549 8319 8332
f 2114 8340 8319
f 2120 8332 8340
f 8319 8340 8332
f 2117 8339 8338
f 2120 8340 8339
f 2114 8338 8340
f 8339 8340 8338
f 118 8302 8266
f 2112 8341 8302
f 2101 8266 8341
f 8302 8341 8266
f 546 8342 8305
f 2122 8343 8342
f 2112 8305 8343
f 8342 8343 8305
f 543 8270 8345
f 2101 8344 8270
f 2122 8345 8344
f 8270 8344 8345
f 2112 8343 8341
f 2122 8344 8343
f 2101 8341 8344
f 8343 8344 8341
f 146 8331 8292
f 2121 8346 8331
f 2108 8292 8346
f 8331 8346 8292
f 548 8347 8335
f 2123 8348 8347
f 2121 8335 8348
f 8347 8348 8335
f 546 8297 8350
f 2108 8349 8297
f 2123 8350 8349
f 8297 8349 8350
f 2121 8348 8346
f 2123 8349 8348
f 2108 8346 8349
f 8348 8349 8346
f 147 8275 8320
f 2105 8351 8275
f 2116 8320 8351
f 8275 8351 8320
f 543 8352 8279
f 2124 8353 8352
f 2105 8279 8353
f 8352 8353 8279
f 548 8325 8355
f 2116 8354 8325
f 2124 8355 8354
f 8325 8354 8355
f 2105 8353 8351
f 2124 8354 8353
f 2116 8351 8354
f 8353 8354 8351
f 546 8350 8342
f 2123 8356 8350
f 2122 8342 8356
f 8350 8356 8342
f 548 8355 8347
f 2124 8357 8355
f 2123 8347 8357
f 8355 8357 8347
f 543 8345 8352
f 2122 8358 8345
f 2124 8352 8358
f 8345 8358 8352
f 2123 8357 8356
f 2124 8358 8357
f 2122 8356 8358
f 8357 8358 8356
f 41 8216 8089
f 2090 8359 8216
f 2056 8089 8359
f 8216 8359 8089
f 542 8360 8219
f 2125 8361 8360
f 2090 8219 8361
f 8360 8361 8219
f 532 8093 8363
f 2056 8362 8093
f 2125 8363 8362
f 8093 8362 8363
f 2090 8361 8359
f 2125 8362 8361
f 2056 8359 8362
f 8361 8362 8359
f 145 8364 8229
f 2126 8365 8364
f 2093 8229 8365
f 8364 8365 8229
f 550 8366 8368
f 2127 8367 8366
f 2126 8368 8367
f 8366 8367 8368
f 542 8234 8370
f 2093 8369 8234
f 2127 8370 8369
f 8234 8369 8370
f 2126 8367 8365
f 2127 8369 8367
f 2093 8365 8369
f 8367 8369 8365
f 143 8098 8372
f 2060 8371 8098
f 2129 8372 8371
f 8098 8371 8372
f 532 8373 8102
f 2128 8374 8373
f 2060 8102 8374
f 8373 8374 8102
f 550 8375 8377
f 2129 8376 8375
f 2128 8377 8376
f 8375 8376 8377
f 2060 8374 8371
f 2128 8376 8374
f 2129 8371 8376
f 8374 8376 8371
f 542 8370 8360
f 2127 8378 8370
f 2125 8360 8378
f 8370 8378 8360
f 550 8377 8366
f 2128 8379 8377
f 2127 8366 8379
f 8377 8379 8366
f 532 8363 8373
f 2125 8380 8363
f 2128 8373 8380
f 8363 8380 8373
f 2127 8379 8378
f 2128 8380 8379
f 2125 8378 8380
f 8379 8380 8378
f 42 8313 8185
f 2115 8381 8313
f 2080 8185 8381
f 8313 8381 8185
f 549 8382 8317
f 2130 8383 8382
f 2115 8317 8383
f 8382 8383 8317
f 538 8190 8385
f 2080 8384 8190
f 2130 8385 8384
f 8190 8384 8385
f 2115 8383 8381
f 2130 8384 8383
f 2080 8381 8384
f 8383 8384 8381
f 146 8386 8329
f 2131 8387 8386
f 2119 8329 8387
f 8386 8387 8329
f 551 8388 8390
f 2132 8389 8388
f 2131 8390 8389
f 8388 8389 8390
f 549 8334 8392
f 2119 8391 8334
f 2132 8392 8391
f 8334 8391 8392
f 2131 8389 8387
f 2132 8391 8389
f 2119 8387 8391
f 8389 8391 8387
f 145 8196 8394
f 2085 8393 8196
f 2134 8394 8393
f 8196 8393 8394
f 538 8395 8200
f 2133 8396 8395
f 2085 8200 8396
f 8395 8396 8200
f 551 8397 8399
f 2134 8398 8397
f 2133 8399 8398
f 8397 8398 8399
f 2085 8396 8393
f 2133 8398 8396
f 2134 8393 8398
f 8396 8398 8393
f 549 8392 8382
f 2132 8400 8392
f 2130 8382 8400
f 8392 8400 8382
f 551 8399 8388
f 2133 8401 8399
f 2132 8388 8401
f 8399 8401 8388
f 538 8385 8395
f 2130 8402 8385
f 2133 8395 8402
f 8385 8402 8395
f 2132 8401 8400
f 2133 8402 8401
f 2130 8400 8402
f 8401 8402 8400
f 33 8116 8285
f 2064 8403 8116
f 2106 8285 8403
f 8116 8403 8285
f 535 8404 8119
f 2135 8405 8404
f 2064 8119 8405
f 8404 8405 8119
f 545 8289 8407
f 2106 8406 8289
f 2135 8407 8406
f 8289 8406 8407
f 2064 8405 8403
f 2135 8406 8405
f 2106 8403 8406
f 8405 8406 8403
f 143 8408 8129
f 2136 8409 8408
f 2067 8129 8409
f 8408 8409 8129
f 552 8410 8412
f 2137 8411 8410
f 2136 8412 8411
f 8410 8411 8412
f 535 8134 8414
f 2067 8413 8134
f 2137 8414 8413
f 8134 8413 8414
f 2136 8411 8409
f 2137 8413 8411
f 2067 8409 8413
f 8411 8413 8409
f 146 8294 8416
f 2110 8415 8294
f 2139 8416 8415
f 8294 8415 8416
f 545 8417 8298
f 2138 8418 8417
f 2110 8298 8418
f 8417 8418 8298
f 552 8419 8421
f 2139 8420 8419
f 2138 8421 8420
f 8419 8420 8421
f 2110 8418 8415
f 2138 8420 8418
f 2139 8415 8420
f 8418 8420 8415
f 535 8414 8404
f 2137 8422 8414
f 2135 8404 8422
f 8414 8422 8404
f 552 8421 8410
f 2138 8423 8421
f 2137 8410 8423
f 8421 8423 8410
f 545 8407 8417
f 2135 8424 8407
f 2138 8417 8424
f 8407 8424 8417
f 2137 8423 8422
f 2138 8424 8423
f 2135 8422 8424
f 8423 8424 8422
f 145 8394 8364
f 2134 8425 8394
f 2126 8364 8425
f 8394 8425 8364
f 551 8426 8397
f 2140 8427 8426
f 2134 8397 8427
f 8426 8427 8397
f 550 8368 8429
f 2126 8428 8368
f 2140 8429 8428
f 8368 8428 8429
f 2134 8427 8425
f 2140 8428 8427
f 2126 8425 8428
f 8427 8428 8425
f 146 8416 8386
f 2139 8430 8416
f 2131 8386 8430
f 8416 8430 8386
f 552 8431 8419
f 2141 8432 8431
f 2139 8419 8432
f 8431 8432 8419
f 551 8390 8434
f 2131 8433 8390
f 2141 8434 8433
f 8390 8433 8434
f 2139 8432 8430
f 2141 8433 8432
f 2131 8430 8433
f 8432 8433 8430
f 143 8372 8408
f 2129 8435 8372
f 2136 8408 8435
f 8372 8435 8408
f 550 8436 8375
f 2142 8437 8436
f 2129 8375 8437
f 8436 8437 8375
f 552 8412 8439
f 2136 8438 8412
f 2142 8439 8438
f 8412 8438 8439
f 2129 8437 8435
f 2142 8438 8437
f 2136 8435 8438
f 8437 8438 8435
f 551 8434 8426
f 2141 8440 8434
f 2140 8426 8440
f 8434 8440 8426
f 552 8439 8431
f 2142 8441 8439
f 2141 8431 8441
f 8439 8441 8431
f 550 8429 8436
f 2140 8442 8429
f 2142 8436 8442
f 8429 8442 8436
f 2141 8441 8440
f 2142 8442 8441
f 2140 8440 8442
f 8441 8442 8440
f 5 6701 5115
f 1705 8443 6701
f 1295 5115 8443
f 6701 8443 5115
f 443 8444 6705
f 2143 8445 8444
f 1705 6705 8445
f 8444 8445 6705
f 333 5120 8447
f 1295 8446 5120
f 2143 8447 8446
f 5120 8446 8447
f 1705 8445 8443
f 2143 8446 8445
f 1295 8443 8446
f 8445 8446 8443
f 121 8448 6717
f 2144 8449 8448
f 1709 6717 8449
f 8448 8449 6717
f 553 8450 8452
f 2145 8451 8450
f 2144 8452 8451
f 8450 8451 8452
f 443 6722 8454
f 1709 8453 6722
f 2145 8454 8453
f 6722 8453 8454
f 2144 8451 8449
f 2145 8453 8451
f 1709 8449 8453
f 8451 8453 8449
f 89 5126 8456
f 1300 8455 5126
f 2147 8456 8455
f 5126 8455 8456
f 333 8457 5130
f 2146 8458 8457
f 1300 5130 8458
f 8457 8458 5130
f 553 8459 8461
f 2147 8460 8459
f 2146 8461 8460
f 8459 8460 8461
f 1300 8458 8455
f 2146 8460 8458
f 2147 8455 8460
f 8458 8460 8455
f 443 8454 8444
f 2145 8462 8454
f 2143 8444 8462
f 8454 8462 8444
f 553 8461 8450
f 2146 8463 8461
f 2145 8450 8463
f 8461 8463 8450
f 333 8447 8457
f 2143 8464 8447
f 2146 8457 8464
f 8447 8464 8457
f 2145 8463 8462
f 2146 8464 8463
f 2143 8462 8464
f 8463 8464 8462
f 34 8465 6759
f 2148 8466 8465
f 1721 6759 8466
f 8465 8466 6759
f 554 8467 8469
f 2149 8468 8467
f 2148 8469 8468
f 8467 8468 8469
f 447 6764 8471
f 1721 8470 6764
f 2149 8471 8470
f 6764 8470 8471
f 2148 8468 8466
f 2149 8470 8468
f 1721 8466 8470
f 8468 8470 8466
f 148 8472 8474
f 2150 8473 8472
f 2152 8474 8473
f 8472 8473 8474
f 555 8475 8477
f 2151 8476 8475
f 2150 8477 8476
f 8475 8476 8477
f 554 8478 8480
f 2152 8479 8478
f 2151 8480 8479
f 8478 8479 8480
f 2150 8476 8473
f 2151 8479 8476
f 2152 8473 8479
f 8476 8479 8473
f 121 6770 8482
f 1726 8481 6770
f 2154 8482 8481
f 6770 8481 8482
f 447 8483 6774
f 2153 8484 8483
f 1726 6774 8484
f 8483 8484 6774
f 555 8485 8487
f 2154 8486 8485
f 2153 8487 8486
f 8485 8486 8487
f 1726 8484 8481
f 2153 8486 8484
f 2154 8481 8486
f 8484 8486 8481
f 554 8480 8467
f 2151 8488 8480
f 2149 8467 8488
f 8480 8488 8467
f 555 8487 8475
f 2153 8489 8487
f 2151 8475 8489
f 8487 8489 8475
f 447 8471 8483
f 2149 8490 8471
f 2153 8483 8490
f 8471 8490 8483
f 2151 8489 8488
f 2153 8490 8489
f 2149 8488 8490
f 8489 8490 8488
f 26 5147 8492
f 1306 8491 5147
f 2156 8492 8491
f 5147 8491 8492
f 338 8493 5151
f 2155 8494 8493
f 1306 5151 8494
f 8493 8494 5151
f 557 8495 8497
f 2156 8496 8495
f 2155 8497 8496
f 8495 8496 8497
f 1306 8494 8491
f 2155 8496 8494
f 2156 8491 8496
f 8494 8496 8491
f 89 8498 5163
f 2157 8499 8498
f 1310 5163 8499
f 8498 8499 5163
f 556 8500 8502
f 2158 8501 8500
f 2157 8502 8501
f 8500 8501 8502
f 338 5168 8504
f 1310 8503 5168
f 2158 8504 8503
f 5168 8503 8504
f 2157 8501 8499
f 2158 8503 8501
f 1310 8499 8503
f 8501 8503 8499
f 148 8505 8507
f 2159 8506 8505
f 2161 8507 8506
f 8505 8506 8507
f 557 8508 8510
f 2160 8509 8508
f 2159 8510 8509
f 8508 8509 8510
f 556 8511 8513
f 2161 8512 8511
f 2160 8513 8512
f 8511 8512 8513
f 2159 8509 8506
f 2160 8512 8509
f 2161 8506 8512
f 8509 8512 8506
f 338 8504 8493
f 2158 8514 8504
f 2155 8493 8514
f 8504 8514 8493
f 556 8513 8500
f 2160 8515 8513
f 2158 8500 8515
f 8513 8515 8500
f 557 8497 8508
f 2155 8516 8497
f 2160 8508 8516
f 8497 8516 8508
f 2158 8515 8514
f 2160 8516 8515
f 2155 8514 8516
f 8515 8516 8514
f 121 8482 8448
f 2154 8517 8482
f 2144 8448 8517
f 8482 8517 8448
f 555 8518 8485
f 2162 8519 8518
f 2154 8485 8519
f 8518 8519 8485
f 553 8452 8521
f 2144 8520 8452
f 2162 8521 8520
f 8452 8520 8521
f 2154 8519 8517
f 2162 8520 8519
f 2144 8517 8520
f 8519 8520 8517
f 148 8507 8472
f 2161 8522 8507
f 2150 8472 8522
f 8507 8522 8472
f 556 8523 8511
f 2163 8524 8523
f 2161 8511 8524
f 8523 8524 8511
f 555 8477 8526
f 2150 8525 8477
f 2163 8526 8525
f 8477 8525 8526
f 2161 8524 8522
f 2163 8525 8524
f 2150 8522 8525
f 8524 8525 8522
f 89 8456 8498
f 2147 8527 8456
f 2157 8498 8527
f 8456 8527 8498
f 553 8528 8459
f 2164 8529 8528
f 2147 8459 8529
f 8528 8529 8459
f 556 8502 8531
f 2157 8530 8502
f 2164 8531 8530
f 8502 8530 8531
f 2147 8529 8527
f 2164 8530 8529
f 2157 8527 8530
f 8529 8530 8527
f 555 8526 8518
f 2163 8532 8526
f 2162 8518 8532
f 8526 8532 8518
f 556 8531 8523
f 2164 8533 8531
f 2163 8523 8533
f 8531 8533 8523
f 553 8521 8528
f 2162 8534 8521
f 2164 8528 8534
f 8521 8534 8528
f 2163 8533 8532
f 2164 8534 8533
f 2162 8532 8534
f 8533 8534 8532
f 10 4725 6591
f 1197 8535 4725
f 1673 6591 8535
f 4725 8535 6591
f 309 8536 4729
f 2165 8537 8536
f 1197 4729 8537
f 8536 8537 4729
f 432 6596 8539
f 1673 8538 6596
f 2165 8539 8538
f 6596 8538 8539
f 1197 8537 8535
f 2165 8538 8537
f 1673 8535 8538
f 8537 8538 8535
f 84 8540 4741
f 2166 8541 8540
f 1201 4741 8541
f 8540 8541 4741
f 558 8542 8544
f 2167 8543 8542
f 2166 8544 8543
f 8542 8543 8544
f 309 4746 8546
f 1201 8545 4746
f 2167 8546 8545
f 4746 8545 8546
f 2166 8543 8541
f 2167 8545 8543
f 1201 8541 8545
f 8543 8545 8541
f 116 6602 8548
f 1678 8547 6602
f 2169 8548 8547
f 6602 8547 8548
f 432 8549 6606
f 2168 8550 8549
f 1678 6606 8550
f 8549 8550 6606
f 558 8551 8553
f 2169 8552 8551
f 2168 8553 8552
f 8551 8552 8553
f 1678 8550 8547
f 2168 8552 8550
f 2169 8547 8552
f 8550 8552 8547
f 309 8546 8536
f 2167 8554 8546
f 2165 8536 8554
f 8546 8554 8536
f 558 8553 8542
f 2168 8555 8553
f 2167 8542 8555
f 8553 8555 8542
f 432 8539 8549
f 2165 8556 8539
f 2168 8549 8556
f 8539 8556 8549
f 2167 8555 8554
f 2168 8556 8555
f 2165 8554 8556
f 8555 8556 8554
f 23 8557 4783
f 2170 8558 8557
f 1213 4783 8558
f 8557 8558 4783
f 559 8559 8561
f 2171 8560 8559
f 2170 8561 8560
f 8559 8560 8561
f 313 4788 8563
f 1213 8562 4788
f 2171 8563 8562
f 4788 8562 8563
f 2170 8560 8558
f 2171 8562 8560
f 1213 8558 8562
f 8560 8562 8558
f 149 8564 8566
f 2172 8565 8564
f 2174 8566 8565
f 8564 8565 8566
f 560 8567 8569
f 2173 8568 8567
f 2172 8569 8568
f 8567 8568 8569
f 559 8570 8572
f 2174 8571 8570
f 2173 8572 8571
f 8570 8571 8572
f 2172 8568 8565
f 2173 8571 8568
f 2174 8565 8571
f 8568 8571 8565
f 84 4794 8574
f 1218 8573 4794
f 2176 8574 8573
f 4794 8573 8574
f 313 8575 4798
f 2175 8576 8575
f 1218 4798 8576
f 8575 8576 4798
f 560 8577 8579
f 2176 8578 8577
f 2175 8579 8578
f 8577 8578 8579
f 1218 8576 8573
f 2175 8578 8576
f 2176 8573 8578
f 8576 8578 8573
f 559 8572 8559
f 2173 8580 8572
f 2171 8559 8580
f 8572 8580 8559
f 560 8579 8567
f 2175 8581 8579
f 2173 8567 8581
f 8579 8581 8567
f 313 8563 8575
f 2171 8582 8563
f 2175 8575 8582
f 8563 8582 8575
f 2173 8581 8580
f 2175 8582 8581
f 2171 8580 8582
f 8581 8582 8580
f 34 6623 8584
f 1684 8583 6623
f 2178 8584 8583
f 6623 8583 8584
f 437 8585 6627
f 2177 8586 8585
f 1684 6627 8586
f 8585 8586 6627
f 562 8587 8589
f 2178 8588 8587
f 2177 8589 8588
f 8587 8588 8589
f 1684 8586 8583
f 2177 8588 8586
f 2178 8583 8588
f 8586 8588 8583
f 116 8590 6639
f 2179 8591 8590
f 1688 6639 8591
f 8590 8591 6639
f 561 8592 8594
f 2180 8593 8592
f 2179 8594 8593
f 8592 8593 8594
f 437 6644 8596
f 1688 8595 6644
f 2180 8596 8595
f 6644 8595 8596
f 2179 8593 8591
f 2180 8595 8593
f 1688 8591 8595
f 8593 8595 8591
f 149 8597 8599
f 2181 8598 8597
f 2183 8599 8598
f 8597 8598 8599
f 562 8600 8602
f 2182 8601 8600
f 2181 8602 8601
f 8600 8601 8602
f 561 8603 8605
f 2183 8604 8603
f 2182 8605 8604
f 8603 8604 8605
f 2181 8601 8598
f 2182 8604 8601
f 2183 8598 8604
f 8601 8604 8598
f 437 8596 8585
f 2180 8606 8596
f 2177 8585 8606
f 8596 8606 8585
f 561 8605 8592
f 2182 8607 8605
f 2180 8592 8607
f 8605 8607 8592
f 562 8589 8600
f 2177 8608 8589
f 2182 8600 8608
f 8589 8608 8600
f 2180 8607 8606
f 2182 8608 8607
f 2177 8606 8608
f 8607 8608 8606
f 84 8574 8540
f 2176 8609 8574
f 2166 8540 8609
f 8574 8609 8540
f 560 8610 8577
f 2184 8611 8610
f 2176 8577 8611
f 8610 8611 8577
f 558 8544 8613
f 2166 8612 8544
f 2184 8613 8612
f 8544 8612 8613
f 2176 8611 8609
f 2184 8612 8611
f 2166 8609 8612
f 8611 8612 8609
f 149 8599 8564
f 2183 8614 8599
f 2172 8564 8614
f 8599 8614 8564
f 561 8615 8603
f 2185 8616 8615
f 2183 8603 8616
f 8615 8616 8603
f 560 8569 8618
f 2172 8617 8569
f 2185 8618 8617
f 8569 8617 8618
f 2183 8616 8614
f 2185 8617 8616
f 2172 8614 8617
f 8616 8617 8614
f 116 8548 8590
f 2169 8619 8548
f 2179 8590 8619
f 8548 8619 8590
f 558 8620 8551
f 2186 8621 8620
f 2169 8551 8621
f 8620 8621 8551
f 561 8594 8623
f 2179 8622 8594
f 2186 8623 8622
f 8594 8622 8623
f 2169 8621 8619
f 2186 8622 8621
f 2179 8619 8622
f 8621 8622 8619
f 560 8618 8610
f 2185 8624 8618
f 2184 8610 8624
f 8618 8624 8610
f 561 8623 8615
f 2186 8625 8623
f 2185 8615 8625
f 8623 8625 8615
f 558 8613 8620
f 2184 8626 8613
f 2186 8620 8626
f 8613 8626 8620
f 2185 8625 8624
f 2186 8626 8625
f 2184 8624 8626
f 8625 8626 8624
f 6 4916 4623
f 1244 8627 4916
f 1169 4623 8627
f 4916 8627 4623
f 320 8628 4919
f 2187 8629 8628
f 1244 4919 8629
f 8628 8629 4919
f 300 4627 8631
f 1169 8630 4627
f 2187 8631 8630
f 4627 8630 8631
f 1244 8629 8627
f 2187 8630 8629
f 1169 8627 8630
f 8629 8630 8627
f 86 8632 4929
f 2188 8633 8632
f 1247 4929 8633
f 8632 8633 4929
f 563 8634 8636
f 2189 8635 8634
f 2188 8636 8635
f 8634 8635 8636
f 320 4934 8638
f 1247 8637 4934
f 2189 8638 8637
f 4934 8637 8638
f 2188 8635 8633
f 2189 8637 8635
f 1247 8633 8637
f 8635 8637 8633
f 80 4632 8640
f 1173 8639 4632
f 2191 8640 8639
f 4632 8639 8640
f 300 8641 4636
f 2190 8642 8641
f 1173 4636 8642
f 8641 8642 4636
f 563 8643 8645
f 2191 8644 8643
f 2190 8645 8644
f 8643 8644 8645
f 1173 8642 8639
f 2190 8644 8642
f 2191 8639 8644
f 8642 8644 8639
f 320 8638 8628
f 2189 8646 8638
f 2187 8628 8646
f 8638 8646 8628
f 563 8645 8634
f 2190 8647 8645
f 2189 8634 8647
f 8645 8647 8634
f 300 8631 8641
f 2187 8648 8631
f 2190 8641 8648
f 8631 8648 8641
f 2189 8647 8646
f 2190 8648 8647
f 2187 8646 8648
f 8647 8648 8646
f 26 8649 4967
f 2192 8650 8649
f 1257 4967 8650
f 8649 8650 4967
f 564 8651 8653
f 2193 8652 8651
f 2192 8653 8652
f 8651 8652 8653
f 323 4972 8655
f 1257 8654 4972
f 2193 8655 8654
f 4972 8654 8655
f 2192 8652 8650
f 2193 8654 8652
f 1257 8650 8654
f 8652 8654 8650
f 150 8656 8658
f 2194 8657 8656
f 2196 8658 8657
f 8656 8657 8658
f 565 8659 8661
f 2195 8660 8659
f 2194 8661 8660
f 8659 8660 8661
f 564 8662 8664
f 2196 8663 8662
f 2195 8664 8663
f 8662 8663 8664
f 2194 8660 8657
f 2195 8663 8660
f 2196 8657 8663
f 8660 8663 8657
f 86 4978 8666
f 1262 8665 4978
f 2198 8666 8665
f 4978 8665 8666
f 323 8667 4982
f 2197 8668 8667
f 1262 4982 8668
f 8667 8668 4982
f 565 8669 8671
f 2198 8670 8669
f 2197 8671 8670
f 8669 8670 8671
f 1262 8668 8665
f 2197 8670 8668
f 2198 8665 8670
f 8668 8670 8665
f 564 8664 8651
f 2195 8672 8664
f 2193 8651 8672
f 8664 8672 8651
f 565 8671 8659
f 2197 8673 8671
f 2195 8659 8673
f 8671 8673 8659
f 323 8655 8667
f 2193 8674 8655
f 2197 8667 8674
f 8655 8674 8667
f 2195 8673 8672
f 2197 8674 8673
f 2193 8672 8674
f 8673 8674 8672
f 23 4651 8676
f 1178 8675 4651
f 2200 8676 8675
f 4651 8675 8676
f 304 8677 4655
f 2199 8678 8677
f 1178 4655 8678
f 8677 8678 4655
f 567 8679 8681
f 2200 8680 8679
f 2199 8681 8680
f 8679 8680 8681
f 1178 8678 8675
f 2199 8680 8678
f 2200 8675 8680
f 8678 8680 8675
f 80 8682 4667
f 2201 8683 8682
f 1182 4667 8683
f 8682 8683 4667
f 566 8684 8686
f 2202 8685 8684
f 2201 8686 8685
f 8684 8685 8686
f 304 4672 8688
f 1182 8687 4672
f 2202 8688 8687
f 4672 8687 8688
f 2201 8685 8683
f 2202 8687 8685
f 1182 8683 8687
f 8685 8687 8683
f 150 8689 8691
f 2203 8690 8689
f 2205 8691 8690
f 8689 8690 8691
f 567 8692 8694
f 2204 8693 8692
f 2203 8694 8693
f 8692 8693 8694
f 566 8695 8697
f 2205 8696 8695
f 2204 8697 8696
f 8695 8696 8697
f 2203 8693 8690
f 2204 8696 8693
f 2205 8690 8696
f 8693 8696 8690
f 304 8688 8677
f 2202 8698 8688
f 2199 8677 8698
f 8688 8698 8677
f 566 8697 8684
f 2204 8699 8697
f 2202 8684 8699
f 8697 8699 8684
f 567 8681 8692
f 2199 8700 8681
f 2204 8692 8700
f 8681 8700 8692
f 2202 8699 8698
f 2204 8700 8699
f 2199 8698 8700
f 8699 8700 8698
f 86 8666 8632
f 2198 8701 8666
f 2188 8632 8701
f 8666 8701 8632
f 565 8702 8669
f 2206 8703 8702
f 2198 8669 8703
f 8702 8703 8669
f 563 8636 8705
f 2188 8704 8636
f 2206 8705 8704
f 8636 8704 8705
f 2198 8703 8701
f 2206 8704 8703
f 2188 8701 8704
f 8703 8704 8701
f 150 8691 8656
f 2205 8706 8691
f 2194 8656 8706
f 8691 8706 8656
f 566 8707 8695
f 2207 8708 8707
f 2205 8695 8708
f 8707 8708 8695
f 565 8661 8710
f 2194 8709 8661
f 2207 8710 8709
f 8661 8709 8710
f 2205 8708 8706
f 2207 8709 8708
f 2194 8706 8709
f 8708 8709 8706
f 80 8640 8682
f 2191 8711 8640
f 2201 8682 8711
f 8640 8711 8682
f 563 8712 8643
f 2208 8713 8712
f 2191 8643 8713
f 8712 8713 8643
f 566 8686 8715
f 2201 8714 8686
f 2208 8715 8714
f 8686 8714 8715
f 2191 8713 8711
f 2208 8714 8713
f 2201 8711 8714
f 8713 8714 8711
f 565 8710 8702
f 2207 8716 8710
f 2206 8702 8716
f 8710 8716 8702
f 566 8715 8707
f 2208 8717 8715
f 2207 8707 8717
f 8715 8717 8707
f 563 8705 8712
f 2206 8718 8705
f 2208 8712 8718
f 8705 8718 8712
f 2207 8717 8716
f 2208 8718 8717
f 2206 8716 8718
f 8717 8718 8716
f 34 8584 8465
f 2178 8719 8584
f 2148 8465 8719
f 8584 8719 8465
f 562 8720 8587
f 2209 8721 8720
f 2178 8587 8721
f 8720 8721 8587
f 554 8469 8723
f 2148 8722 8469
f 2209 8723 8722
f 8469 8722 8723
f 2178 8721 8719
f 2209 8722 8721
f 2148 8719 8722
f 8721 8722 8719
f 149 8724 8597
f 2210 8725 8724
f 2181 8597 8725
f 8724 8725 8597
f 568 8726 8728
f 2211 8727 8726
f 2210 8728 8727
f 8726 8727 8728
f 562 8602 8730
f 2181 8729 8602
f 2211 8730 8729
f 8602 8729 8730
f 2210 8727 8725
f 2211 8729 8727
f 2181 8725 8729
f 8727 8729 8725
f 148 8474 8732
f 2152 8731 8474
f 2213 8732 8731
f 8474 8731 8732
f 554 8733 8478
f 2212 8734 8733
f 2152 8478 8734
f 8733 8734 8478
f 568 8735 8737
f 2213 8736 8735
f 2212 8737 8736
f 8735 8736 8737
f 2152 8734 8731
f 2212 8736 8734
f 2213 8731 8736
f 8734 8736 8731
f 562 8730 8720
f 2211 8738 8730
f 2209 8720 8738
f 8730 8738 8720
f 568 8737 8726
f 2212 8739 8737
f 2211 8726 8739
f 8737 8739 8726
f 554 8723 8733
f 2209 8740 8723
f 2212 8733 8740
f 8723 8740 8733
f 2211 8739 8738
f 2212 8740 8739
f 2209 8738 8740
f 8739 8740 8738
f 23 8676 8557
f 2200 8741 8676
f 2170 8557 8741
f 8676 8741 8557
f 567 8742 8679
f 2214 8743 8742
f 2200 8679 8743
f 8742 8743 8679
f 559 8561 8745
f 2170 8744 8561
f 2214 8745 8744
f 8561 8744 8745
f 2200 8743 8741
f 2214 8744 8743
f 2170 8741 8744
f 8743 8744 8741
f 150 8746 8689
f 2215 8747 8746
f 2203 8689 8747
f 8746 8747 8689
f 569 8748 8750
f 2216 8749 8748
f 2215 8750 8749
f 8748 8749 8750
f 567 8694 8752
f 2203 8751 8694
f 2216 8752 8751
f 8694 8751 8752
f 2215 8749 8747
f 2216 8751 8749
f 2203 8747 8751
f 8749 8751 8747
f 149 8566 8754
f 2174 8753 8566
f 2218 8754 8753
f 8566 8753 8754
f 559 8755 8570
f 2217 8756 8755
f 2174 8570 8756
f 8755 8756 8570
f 569 8757 8759
f 2218 8758 8757
f 2217 8759 8758
f 8757 8758 8759
f 2174 8756 8753
f 2217 8758 8756
f 2218 8753 8758
f 8756 8758 8753
f 567 8752 8742
f 2216 8760 8752
f 2214 8742 8760
f 8752 8760 8742
f 569 8759 8748
f 2217 8761 8759
f 2216 8748 8761
f 8759 8761 8748
f 559 8745 8755
f 2214 8762 8745
f 2217 8755 8762
f 8745 8762 8755
f 2216 8761 8760
f 2217 8762 8761
f 2214 8760 8762
f 8761 8762 8760
f 26 8492 8649
f 2156 8763 8492
f 2192 8649 8763
f 8492 8763 8649
f 557 8764 8495
f 2219 8765 8764
f 2156 8495 8765
f 8764 8765 8495
f 564 8653 8767
f 2192 8766 8653
f 2219 8767 8766
f 8653 8766 8767
f 2156 8765 8763
f 2219 8766 8765
f 2192 8763 8766
f 8765 8766 8763
f 148 8768 8505
f 2220 8769 8768
f 2159 8505 8769
f 8768 8769 8505
f 570 8770 8772
f 2221 8771 8770
f 2220 8772 8771
f 8770 8771 8772
f 557 8510 8774
f 2159 8773 8510
f 2221 8774 8773
f 8510 8773 8774
f 2220 8771 8769
f 2221 8773 8771
f 2159 8769 8773
f 8771 8773 8769
f 150 8658 8776
f 2196 8775 8658
f 2223 8776 8775
f 8658 8775 8776
f 564 8777 8662
f 2222 8778 8777
f 2196 8662 8778
f 8777 8778 8662
f 570 8779 8781
f 2223 8780 8779
f 2222 8781 8780
f 8779 8780 8781
f 2196 8778 8775
f 2222 8780 8778
f 2223 8775 8780
f 8778 8780 8775
f 557 8774 8764
f 2221 8782 8774
f 2219 8764 8782
f 8774 8782 8764
f 570 8781 8770
f 2222 8783 8781
f 2221 8770 8783
f 8781 8783 8770
f 564 8767 8777
f 2219 8784 8767
f 2222 8777 8784
f 8767 8784 8777
f 2221 8783 8782
f 2222 8784 8783
f 2219 8782 8784
f 8783 8784 8782
f 149 8754 8724
f 2218 8785 8754
f 2210 8724 8785
f 8754 8785 8724
f 569 8786 8757
f 2224 8787 8786
f 2218 8757 8787
f 8786 8787 8757
f 568 8728 8789
f 2210 8788 8728
f 2224 8789 8788
f 8728 8788 8789
f 2218 8787 8785
f 2224 8788 8787
f 2210 8785 8788
f 8787 8788 8785
f 150 8776 8746
f 2223 8790 8776
f 2215 8746 8790
f 8776 8790 8746
f 570 8791 8779
f 2225 8792 8791
f 2223 8779 8792
f 8791 8792 8779
f 569 8750 8794
f 2215 8793 8750
f 2225 8794 8793
f 8750 8793 8794
f 2223 8792 8790
f 2225 8793 8792
f 2215 8790 8793
f 8792 8793 8790
f 148 8732 8768
f 2213 8795 8732
f 2220 8768 8795
f 8732 8795 8768
f 568 8796 8735
f 2226 8797 8796
f 2213 8735 8797
f 8796 8797 8735
f 570 8772 8799
f 2220 8798 8772
f 2226 8799 8798
f 8772 8798 8799
f 2213 8797 8795
f 2226 8798 8797
f 2220 8795 8798
f 8797 8798 8795
f 569 8794 8786
f 2225 8800 8794
f 2224 8786 8800
f 8794 8800 8786
f 570 8799 8791
f 2226 8801 8799
f 2225 8791 8801
f 8799 8801 8791
f 568 8789 8796
f 2224 8802 8789
f 2226 8796 8802
f 8789 8802 8796
f 2225 8801 8800
f 2226 8802 8801
f 2224 8800 8802
f 8801 8802 8800
f 3 7093 5507
f 1805 8803 7093
f 1395 5507 8803
f 7093 8803 5507
f 469 8804 7097
f 2227 8805 8804
f 1805 7097 8805
f 8804 8805 7097
f 359 5512 8807
f 1395 8806 5512
f 2227 8807 8806
f 5512 8806 8807
f 1805 8805 8803
f 2227 8806 8805
f 1395 8803 8806
f 8805 8806 8803
f 128 8808 7109
f 2228 8809 8808
f 1809 7109 8809
f 8808 8809 7109
f 571 8810 8812
f 2229 8811 8810
f 2228 8812 8811
f 8810 8811 8812
f 469 7114 8814
f 1809 8813 7114
f 2229 8814 8813
f 7114 8813 8814
f 2228 8811 8809
f 2229 8813 8811
f 1809 8809 8813
f 8811 8813 8809
f 96 5518 8816
f 1400 8815 5518
f 2231 8816 8815
f 5518 8815 8816
f 359 8817 5522
f 2230 8818 8817
f 1400 5522 8818
f 8817 8818 5522
f 571 8819 8821
f 2231 8820 8819
f 2230 8821 8820
f 8819 8820 8821
f 1400 8818 8815
f 2230 8820 8818
f 2231 8815 8820
f 8818 8820 8815
f 469 8814 8804
f 2229 8822 8814
f 2227 8804 8822
f 8814 8822 8804
f 571 8821 8810
f 2230 8823 8821
f 2229 8810 8823
f 8821 8823 8810
f 359 8807 8817
f 2227 8824 8807
f 2230 8817 8824
f 8807 8824 8817
f 2229 8823 8822
f 2230 8824 8823
f 2227 8822 8824
f 8823 8824 8822
f 36 8825 7151
f 2232 8826 8825
f 1821 7151 8826
f 8825 8826 7151
f 572 8827 8829
f 2233 8828 8827
f 2232 8829 8828
f 8827 8828 8829
f 473 7156 8831
f 1821 8830 7156
f 2233 8831 8830
f 7156 8830 8831
f 2232 8828 8826
f 2233 8830 8828
f 1821 8826 8830
f 8828 8830 8826
f 151 8832 8834
f 2234 8833 8832
f 2236 8834 8833
f 8832 8833 8834
f 573 8835 8837
f 2235 8836 8835
f 2234 8837 8836
f 8835 8836 8837
f 572 8838 8840
f 2236 8839 8838
f 2235 8840 8839
f 8838 8839 8840
f 2234 8836 8833
f 2235 8839 8836
f 2236 8833 8839
f 8836 8839 8833
f 128 7162 8842
f 1826 8841 7162
f 2238 8842 8841
f 7162 8841 8842
f 473 8843 7166
f 2237 8844 8843
f 1826 7166 8844
f 8843 8844 7166
f 573 8845 8847
f 2238 8846 8845
f 2237 8847 8846
f 8845 8846 8847
f 1826 8844 8841
f 2237 8846 8844
f 2238 8841 8846
f 8844 8846 8841
f 572 8840 8827
f 2235 8848 8840
f 2233 8827 8848
f 8840 8848 8827
f 573 8847 8835
f 2237 8849 8847
f 2235 8835 8849
f 8847 8849 8835
f 473 8831 8843
f 2233 8850 8831
f 2237 8843 8850
f 8831 8850 8843
f 2235 8849 8848
f 2237 8850 8849
f 2233 8848 8850
f 8849 8850 8848
f 28 5539 8852
f 1406 8851 5539
f 2240 8852 8851
f 5539 8851 8852
f 364 8853 5543
f 2239 8854 8853
f 1406 5543 8854
f 8853 8854 5543
f 575 8855 8857
f 2240 8856 8855
f 2239 8857 8856
f 8855 8856 8857
f 1406 8854 8851
f 2239 8856 8854
f 2240 8851 8856
f 8854 8856 8851
f 96 8858 5555
f 2241 8859 8858
f 1410 5555 8859
f 8858 8859 5555
f 574 8860 8862
f 2242 8861 8860
f 2241 8862 8861
f 8860 8861 8862
f 364 5560 8864
f 1410 8863 5560
f 2242 8864 8863
f 5560 8863 8864
f 2241 8861 8859
f 2242 8863 8861
f 1410 8859 8863
f 8861 8863 8859
f 151 8865 8867
f 2243 8866 8865
f 2245 8867 8866
f 8865 8866 8867
f 575 8868 8870
f 2244 8869 8868
f 2243 8870 8869
f 8868 8869 8870
f 574 8871 8873
f 2245 8872 8871
f 2244 8873 8872
f 8871 8872 8873
f 2243 8869 8866
f 2244 8872 8869
f 2245 8866 8872
f 8869 8872 8866
f 364 8864 8853
f 2242 8874 8864
f 2239 8853 8874
f 8864 8874 8853
f 574 8873 8860
f 2244 8875 8873
f 2242 8860 8875
f 8873 8875 8860
f 575 8857 8868
f 2239 8876 8857
f 2244 8868 8876
f 8857 8876 8868
f 2242 8875 8874
f 2244 8876 8875
f 2239 8874 8876
f 8875 8876 8874
f 128 8842 8808
f 2238 8877 8842
f 2228 8808 8877
f 8842 8877 8808
f 573 8878 8845
f 2246 8879 8878
f 2238 8845 8879
f 8878 8879 8845
f 571 8812 8881
f 2228 8880 8812
f 2246 8881 8880
f 8812 8880 8881
f 2238 8879 8877
f 2246 8880 8879
f 2228 8877 8880
f 8879 8880 8877
f 151 8867 8832
f 2245 8882 8867
f 2234 8832 8882
f 8867 8882 8832
f 574 8883 8871
f 2247 8884 8883
f 2245 8871 8884
f 8883 8884 8871
f 573 8837 8886
f 2234 8885 8837
f 2247 8886 8885
f 8837 8885 8886
f 2245 8884 8882
f 2247 8885 8884
f 2234 8882 8885
f 8884 8885 8882
f 96 8816 8858
f 2231 8887 8816
f 2241 8858 8887
f 8816 8887 8858
f 571 8888 8819
f 2248 8889 8888
f 2231 8819 8889
f 8888 8889 8819
f 574 8862 8891
f 2241 8890 8862
f 2248 8891 8890
f 8862 8890 8891
f 2231 8889 8887
f 2248 8890 8889
f 2241 8887 8890
f 8889 8890 8887
f 573 8886 8878
f 2247 8892 8886
f 2246 8878 8892
f 8886 8892 8878
f 574 8891 8883
f 2248 8893 8891
f 2247 8883 8893
f 8891 8893 8883
f 571 8881 8888
f 2246 8894 8881
f 2248 8888 8894
f 8881 8894 8888
f 2247 8893 8892
f 2248 8894 8893
f 2246 8892 8894
f 8893 8894 8892
f 5 5117 6991
f 1297 8895 5117
f 1777 6991 8895
f 5117 8895 6991
f 335 8896 5121
f 2249 8897 8896
f 1297 5121 8897
f 8896 8897 5121
f 460 6995 8899
f 1777 8898 6995
f 2249 8899 8898
f 6995 8898 8899
f 1297 8897 8895
f 2249 8898 8897
f 1777 8895 8898
f 8897 8898 8895
f 91 8900 5133
f 2250 8901 8900
f 1301 5133 8901
f 8900 8901 5133
f 576 8902 8904
f 2251 8903 8902
f 2250 8904 8903
f 8902 8903 8904
f 335 5138 8906
f 1301 8905 5138
f 2251 8906 8905
f 5138 8905 8906
f 2250 8903 8901
f 2251 8905 8903
f 1301 8901 8905
f 8903 8905 8901
f 124 7000 8908
f 1781 8907 7000
f 2253 8908 8907
f 7000 8907 8908
f 460 8909 7004
f 2252 8910 8909
f 1781 7004 8910
f 8909 8910 7004
f 576 8911 8913
f 2253 8912 8911
f 2252 8913 8912
f 8911 8912 8913
f 1781 8910 8907
f 2252 8912 8910
f 2253 8907 8912
f 8910 8912 8907
f 335 8906 8896
f 2251 8914 8906
f 2249 8896 8914
f 8906 8914 8896
f 576 8913 8902
f 2252 8915 8913
f 2251 8902 8915
f 8913 8915 8902
f 460 8899 8909
f 2249 8916 8899
f 2252 8909 8916
f 8899 8916 8909
f 2251 8915 8914
f 2252 8916 8915
f 2249 8914 8916
f 8915 8916 8914
f 25 8917 5175
f 2254 8918 8917
f 1313 5175 8918
f 8917 8918 5175
f 577 8919 8921
f 2255 8920 8919
f 2254 8921 8920
f 8919 8920 8921
f 339 5180 8923
f 1313 8922 5180
f 2255 8923 8922
f 5180 8922 8923
f 2254 8920 8918
f 2255 8922 8920
f 1313 8918 8922
f 8920 8922 8918
f 152 8924 8926
f 2256 8925 8924
f 2258 8926 8925
f 8924 8925 8926
f 578 8927 8929
f 2257 8928 8927
f 2256 8929 8928
f 8927 8928 8929
f 577 8930 8932
f 2258 8931 8930
f 2257 8932 8931
f 8930 8931 8932
f 2256 8928 8925
f 2257 8931 8928
f 2258 8925 8931
f 8928 8931 8925
f 91 5186 8934
f 1318 8933 5186
f 2260 8934 8933
f 5186 8933 8934
f 339 8935 5190
f 2259 8936 8935
f 1318 5190 8936
f 8935 8936 5190
f 578 8937 8939
f 2260 8938 8937
f 2259 8939 8938
f 8937 8938 8939
f 1318 8936 8933
f 2259 8938 8936
f 2260 8933 8938
f 8936 8938 8933
f 577 8932 8919
f 2257 8940 8932
f 2255 8919 8940
f 8932 8940 8919
f 578 8939 8927
f 2259 8941 8939
f 2257 8927 8941
f 8939 8941 8927
f 339 8923 8935
f 2255 8942 8923
f 2259 8935 8942
f 8923 8942 8935
f 2257 8941 8940
f 2259 8942 8941
f 2255 8940 8942
f 8941 8942 8940
f 36 7019 8944
f 1786 8943 7019
f 2262 8944 8943
f 7019 8943 8944
f 464 8945 7023
f 2261 8946 8945
f 1786 7023 8946
f 8945 8946 7023
f 580 8947 8949
f 2262 8948 8947
f 2261 8949 8948
f 8947 8948 8949
f 1786 8946 8943
f 2261 8948 8946
f 2262 8943 8948
f 8946 8948 8943
f 124 8950 7035
f 2263 8951 8950
f 1790 7035 8951
f 8950 8951 7035
f 579 8952 8954
f 2264 8953 8952
f 2263 8954 8953
f 8952 8953 8954
f 464 7040 8956
f 1790 8955 7040
f 2264 8956 8955
f 7040 8955 8956
f 2263 8953 8951
f 2264 8955 8953
f 1790 8951 8955
f 8953 8955 8951
f 152 8957 8959
f 2265 8958 8957
f 2267 8959 8958
f 8957 8958 8959
f 580 8960 8962
f 2266 8961 8960
f 2265 8962 8961
f 8960 8961 8962
f 579 8963 8965
f 2267 8964 8963
f 2266 8965 8964
f 8963 8964 8965
f 2265 8961 8958
f 2266 8964 8961
f 2267 8958 8964
f 8961 8964 8958
f 464 8956 8945
f 2264 8966 8956
f 2261 8945 8966
f 8956 8966 8945
f 579 8965 8952
f 2266 8967 8965
f 2264 8952 8967
f 8965 8967 8952
f 580 8949 8960
f 2261 8968 8949
f 2266 8960 8968
f 8949 8968 8960
f 2264 8967 8966
f 2266 8968 8967
f 2261 8966 8968
f 8967 8968 8966
f 91 8934 8900
f 2260 8969 8934
f 2250 8900 8969
f 8934 8969 8900
f 578 8970 8937
f 2268 8971 8970
f 2260 8937 8971
f 8970 8971 8937
f 576 8904 8973
f 2250 8972 8904
f 2268 8973 8972
f 8904 8972 8973
f 2260 8971 8969
f 2268 8972 8971
f 2250 8969 8972
f 8971 8972 8969
f 152 8959 8924
f 2267 8974 8959
f 2256 8924 8974
f 8959 8974 8924
f 579 8975 8963
f 2269 8976 8975
f 2267 8963 8976
f 8975 8976 8963
f 578 8929 8978
f 2256 8977 8929
f 2269 8978 8977
f 8929 8977 8978
f 2267 8976 8974
f 2269 8977 8976
f 2256 8974 8977
f 8976 8977 8974
f 124 8908 8950
f 2253 8979 8908
f 2263 8950 8979
f 8908 8979 8950
f 576 8980 8911
f 2270 8981 8980
f 2253 8911 8981
f 8980 8981 8911
f 579 8954 8983
f 2263 8982 8954
f 2270 8983 8982
f 8954 8982 8983
f 2253 8981 8979
f 2270 8982 8981
f 2263 8979 8982
f 8981 8982 8979
f 578 8978 8970
f 2269 8984 8978
f 2268 8970 8984
f 8978 8984 8970
f 579 8983 8975
f 2270 8985 8983
f 2269 8975 8985
f 8983 8985 8975
f 576 8973 8980
f 2268 8986 8973
f 2270 8980 8986
f 8973 8986 8980
f 2269 8985 8984
f 2270 8986 8985
f 2268 8984 8986
f 8985 8986 8984
f 12 5308 5015
f 1344 8987 5308
f 1269 5015 8987
f 5308 8987 5015
f 346 8988 5311
f 2271 8989 8988
f 1344 5311 8989
f 8988 8989 5311
f 326 5019 8991
f 1269 8990 5019
f 2271 8991 8990
f 5019 8990 8991
f 1344 8989 8987
f 2271 8990 8989
f 1269 8987 8990
f 8989 8990 8987
f 93 8992 5321
f 2272 8993 8992
f 1347 5321 8993
f 8992 8993 5321
f 581 8994 8996
f 2273 8995 8994
f 2272 8996 8995
f 8994 8995 8996
f 346 5326 8998
f 1347 8997 5326
f 2273 8998 8997
f 5326 8997 8998
f 2272 8995 8993
f 2273 8997 8995
f 1347 8993 8997
f 8995 8997 8993
f 87 5024 9000
f 1273 8999 5024
f 2275 9000 8999
f 5024 8999 9000
f 326 9001 5028
f 2274 9002 9001
f 1273 5028 9002
f 9001 9002 5028
f 581 9003 9005
f 2275 9004 9003
f 2274 9005 9004
f 9003 9004 9005
f 1273 9002 8999
f 2274 9004 9002
f 2275 8999 9004
f 9002 9004 8999
f 346 8998 8988
f 2273 9006 8998
f 2271 8988 9006
f 8998 9006 8988
f 581 9005 8994
f 2274 9007 9005
f 2273 8994 9007
f 9005 9007 8994
f 326 8991 9001
f 2271 9008 8991
f 2274 9001 9008
f 8991 9008 9001
f 2273 9007 9006
f 2274 9008 9007
f 2271 9006 9008
f 9007 9008 9006
f 28 9009 5359
f 2276 9010 9009
f 1357 5359 9010
f 9009 9010 5359
f 582 9011 9013
f 2277 9012 9011
f 2276 9013 9012
f 9011 9012 9013
f 349 5364 9015
f 1357 9014 5364
f 2277 9015 9014
f 5364 9014 9015
f 2276 9012 9010
f 2277 9014 9012
f 1357 9010 9014
f 9012 9014 9010
f 153 9016 9018
f 2278 9017 9016
f 2280 9018 9017
f 9016 9017 9018
f 583 9019 9021
f 2279 9020 9019
f 2278 9021 9020
f 9019 9020 9021
f 582 9022 9024
f 2280 9023 9022
f 2279 9024 9023
f 9022 9023 9024
f 2278 9020 9017
f 2279 9023 9020
f 2280 9017 9023
f 9020 9023 9017
f 93 5370 9026
f 1362 9025 5370
f 2282 9026 9025
f 5370 9025 9026
f 349 9027 5374
f 2281 9028 9027
f 1362 5374 9028
f 9027 9028 5374
f 583 9029 9031
f 2282 9030 9029
f 2281 9031 9030
f 9029 9030 9031
f 1362 9028 9025
f 2281 9030 9028
f 2282 9025 9030
f 9028 9030 9025
f 582 9024 9011
f 2279 9032 9024
f 2277 9011 9032
f 9024 9032 9011
f 583 9031 9019
f 2281 9033 9031
f 2279 9019 9033
f 9031 9033 9019
f 349 9015 9027
f 2277 9034 9015
f 2281 9027 9034
f 9015 9034 9027
f 2279 9033 9032
f 2281 9034 9033
f 2277 9032 9034
f 9033 9034 9032
f 25 5043 9036
f 1278 9035 5043
f 2284 9036 9035
f 5043 9035 9036
f 330 9037 5047
f 2283 9038 9037
f 1278 5047 9038
f 9037 9038 5047
f 585 9039 9041
f 2284 9040 9039
f 2283 9041 9040
f 9039 9040 9041
f 1278 9038 9035
f 2283 9040 9038
f 2284 9035 9040
f 9038 9040 9035
f 87 9042 5059
f 2285 9043 9042
f 1282 5059 9043
f 9042 9043 5059
f 584 9044 9046
f 2286 9045 9044
f 2285 9046 9045
f 9044 9045 9046
f 330 5064 9048
f 1282 9047 5064
f 2286 9048 9047
f 5064 9047 9048
f 2285 9045 9043
f 2286 9047 9045
f 1282 9043 9047
f 9045 9047 9043
f 153 9049 9051
f 2287 9050 9049
f 2289 9051 9050
f 9049 9050 9051
f 585 9052 9054
f 2288 9053 9052
f 2287 9054 9053
f 9052 9053 9054
f 584 9055 9057
f 2289 9056 9055
f 2288 9057 9056
f 9055 9056 9057
f 2287 9053 9050
f 2288 9056 9053
f 2289 9050 9056
f 9053 9056 9050
f 330 9048 9037
f 2286 9058 9048
f 2283 9037 9058
f 9048 9058 9037
f 584 9057 9044
f 2288 9059 9057
f 2286 9044 9059
f 9057 9059 9044
f 585 9041 9052
f 2283 9060 9041
f 2288 9052 9060
f 9041 9060 9052
f 2286 9059 9058
f 2288 9060 9059
f 2283 9058 9060
f 9059 9060 9058
f 93 9026 8992
f 2282 9061 9026
f 2272 8992 9061
f 9026 9061 8992
f 583 9062 9029
f 2290 9063 9062
f 2282 9029 9063
f 9062 9063 9029
f 581 8996 9065
f 2272 9064 8996
f 2290 9065 9064
f 8996 9064 9065
f 2282 9063 9061
f 2290 9064 9063
f 2272 9061 9064
f 9063 9064 9061
f 153 9051 9016
f 2289 9066 9051
f 2278 9016 9066
f 9051 9066 9016
f 584 9067 9055
f 2291 9068 9067
f 2289 9055 9068
f 9067 9068 9055
f 583 9021 9070
f 2278 9069 9021
f 2291 9070 9069
f 9021 9069 9070
f 2289 9068 9066
f 2291 9069 9068
f 2278 9066 9069
f 9068 9069 9066
f 87 9000 9042
f 2275 9071 9000
f 2285 9042 9071
f 9000 9071 9042
f 581 9072 9003
f 2292 9073 9072
f 2275 9003 9073
f 9072 9073 9003
f 584 9046 9075
f 2285 9074 9046
f 2292 9075 9074
f 9046 9074 9075
f 2275 9073 9071
f 2292 9074 9073
f 2285 9071 9074
f 9073 9074 9071
f 583 9070 9062
f 2291 9076 9070
f 2290 9062 9076
f 9070 9076 9062
f 584 9075 9067
f 2292 9077 9075
f 2291 9067 9077
f 9075 9077 9067
f 581 9065 9072
f 2290 9078 9065
f 2292 9072 9078
f 9065 9078 9072
f 2291 9077 9076
f 2292 9078 9077
f 2290 9076 9078
f 9077 9078 9076
f 36 8944 8825
f 2262 9079 8944
f 2232 8825 9079
f 8944 9079 8825
f 580 9080 8947
f 2293 9081 9080
f 2262 8947 9081
f 9080 9081 8947
f 572 8829 9083
f 2232 9082 8829
f 2293 9083 9082
f 8829 9082 9083
f 2262 9081 9079
f 2293 9082 9081
f 2232 9079 9082
f 9081 9082 9079
f 152 9084 8957
f 2294 9085 9084
f 2265 8957 9085
f 9084 9085 8957
f 586 9086 9088
f 2295 9087 9086
f 2294 9088 9087
f 9086 9087 9088
f 580 8962 9090
f 2265 9089 8962
f 2295 9090 9089
f 8962 9089 9090
f 2294 9087 9085
f 2295 9089 9087
f 2265 9085 9089
f 9087 9089 9085
f 151 8834 9092
f 2236 9091 8834
f 2297 9092 9091
f 8834 9091 9092
f 572 9093 8838
f 2296 9094 9093
f 2236 8838 9094
f 9093 9094 8838
f 586 9095 9097
f 2297 9096 9095
f 2296 9097 9096
f 9095 9096 9097
f 2236 9094 9091
f 2296 9096 9094
f 2297 9091 9096
f 9094 9096 9091
f 580 9090 9080
f 2295 9098 9090
f 2293 9080 9098
f 9090 9098 9080
f 586 9097 9086
f 2296 9099 9097
f 2295 9086 9099
f 9097 9099 9086
f 572 9083 9093
f 2293 9100 9083
f 2296 9093 9100
f 9083 9100 9093
f 2295 9099 9098
f 2296 9100 9099
f 2293 9098 9100
f 9099 9100 9098
f 25 9036 8917
f 2284 9101 9036
f 2254 8917 9101
f 9036 9101 8917
f 585 9102 9039
f 2298 9103 9102
f 2284 9039 9103
f 9102 9103 9039
f 577 8921 9105
f 2254 9104 8921
f 2298 9105 9104
f 8921 9104 9105
f 2284 9103 9101
f 2298 9104 9103
f 2254 9101 9104
f 9103 9104 9101
f 153 9106 9049
f 2299 9107 9106
f 2287 9049 9107
f 9106 9107 9049
f 587 9108 9110
f 2300 9109 9108
f 2299 9110 9109
f 9108 9109 9110
f 585 9054 9112
f 2287 9111 9054
f 2300 9112 9111
f 9054 9111 9112
f 2299 9109 9107
f 2300 9111 9109
f 2287 9107 9111
f 9109 9111 9107
f 152 8926 9114
f 2258 9113 8926
f 2302 9114 9113
f 8926 9113 9114
f 577 9115 8930
f 2301 9116 9115
f 2258 8930 9116
f 9115 9116 8930
f 587 9117 9119
f 2302 9118 9117
f 2301 9119 9118
f 9117 9118 9119
f 2258 9116 9113
f 2301 9118 9116
f 2302 9113 9118
f 9116 9118 9113
f 585 9112 9102
f 2300 9120 9112
f 2298 9102 9120
f 9112 9120 9102
f 587 9119 9108
f 2301 9121 9119
f 2300 9108 9121
f 9119 9121 9108
f 577 9105 9115
f 2298 9122 9105
f 2301 9115 9122
f 9105 9122 9115
f 2300 9121 9120
f 2301 9122 9121
f 2298 9120 9122
f 9121 9122 9120
f 28 8852 9009
f 2240 9123 8852
f 2276 9009 9123
f 8852 9123 9009
f 575 9124 8855
f 2303 9125 9124
f 2240 8855 9125
f 9124 9125 8855
f 582 9013 9127
f 2276 9126 9013
f 2303 9127 9126
f 9013 9126 9127
f 2240 9125 9123
f 2303 9126 9125
f 2276 9123 9126
f 9125 9126 9123
f 151 9128 8865
f 2304 9129 9128
f 2243 8865 9129
f 9128 9129 8865
f 588 9130 9132
f 2305 9131 9130
f 2304 9132 9131
f 9130 9131 9132
f 575 8870 9134
f 2243 9133 8870
f 2305 9134 9133
f 8870 9133 9134
f 2304 9131 9129
f 2305 9133 9131
f 2243 9129 9133
f 9131 9133 9129
f 153 9018 9136
f 2280 9135 9018
f 2307 9136 9135
f 9018 9135 9136
f 582 9137 9022
f 2306 9138 9137
f 2280 9022 9138
f 9137 9138 9022
f 588 9139 9141
f 2307 9140 9139
f 2306 9141 9140
f 9139 9140 9141
f 2280 9138 9135
f 2306 9140 9138
f 2307 9135 9140
f 9138 9140 9135
f 575 9134 9124
f 2305 9142 9134
f 2303 9124 9142
f 9134 9142 9124
f 588 9141 9130
f 2306 9143 9141
f 2305 9130 9143
f 9141 9143 9130
f 582 9127 9137
f 2303 9144 9127
f 2306 9137 9144
f 9127 9144 9137
f 2305 9143 9142
f 2306 9144 9143
f 2303 9142 9144
f 9143 9144 9142
f 152 9114 9084
f 2302 9145 9114
f 2294 9084 9145
f 9114 9145 9084
f 587 9146 9117
f 2308 9147 9146
f 2302 9117 9147
f 9146 9147 9117
f 586 9088 9149
f 2294 9148 9088
f 2308 9149 9148
f 9088 9148 9149
f 2302 9147 9145
f 2308 9148 9147
f 2294 9145 9148
f 9147 9148 9145
f 153 9136 9106
f 2307 9150 9136
f 2299 9106 9150
f 9136 9150 9106
f 588 9151 9139
f 2309 9152 9151
f 2307 9139 9152
f 9151 9152 9139
f 587 9110 9154
f 2299 9153 9110
f 2309 9154 9153
f 9110 9153 9154
f 2307 9152 9150
f 2309 9153 9152
f 2299 9150 9153
f 9152 9153 9150
f 151 9092 9128
f 2297 9155 9092
f 2304 9128 9155
f 9092 9155 9128
f 586 9156 9095
f 2310 9157 9156
f 2297 9095 9157
f 9156 9157 9095
f 588 9132 9159
f 2304 9158 9132
f 2310 9159 9158
f 9132 9158 9159
f 2297 9157 9155
f 2310 9158 9157
f 2304 9155 9158
f 9157 9158 9155
f 587 9154 9146
f 2309 9160 9154
f 2308 9146 9160
f 9154 9160 9146
f 588 9159 9151
f 2310 9161 9159
f 2309 9151 9161
f 9159 9161 9151
f 586 9149 9156
f 2308 9162 9149
f 2310 9156 9162
f 9149 9162 9156
f 2309 9161 9160
f 2310 9162 9161
f 2308 9160 9162
f 9161 9162 9160
f 7 7485 5899
f 1905 9163 7485
f 1495 5899 9163
f 7485 9163 5899
f 495 9164 7489
f 2311 9165 9164
f 1905 7489 9165
f 9164 9165 7489
f 385 5904 9167
f 1495 9166 5904
f 2311 9167 9166
f 5904 9166 9167
f 1905 9165 9163
f 2311 9166 9165
f 1495 9163 9166
f 9165 9166 9163
f 135 9168 7501
f 2312 9169 9168
f 1909 7501 9169
f 9168 9169 7501
f 589 9170 9172
f 2313 9171 9170
f 2312 9172 9171
f 9170 9171 9172
f 495 7506 9174
f 1909 9173 7506
f 2313 9174 9173
f 7506 9173 9174
f 2312 9171 9169
f 2313 9173 9171
f 1909 9169 9173
f 9171 9173 9169
f 103 5910 9176
f 1500 9175 5910
f 2315 9176 9175
f 5910 9175 9176
f 385 9177 5914
f 2314 9178 9177
f 1500 5914 9178
f 9177 9178 5914
f 589 9179 9181
f 2315 9180 9179
f 2314 9181 9180
f 9179 9180 9181
f 1500 9178 9175
f 2314 9180 9178
f 2315 9175 9180
f 9178 9180 9175
f 495 9174 9164
f 2313 9182 9174
f 2311 9164 9182
f 9174 9182 9164
f 589 9181 9170
f 2314 9183 9181
f 2313 9170 9183
f 9181 9183 9170
f 385 9167 9177
f 2311 9184 9167
f 2314 9177 9184
f 9167 9184 9177
f 2313 9183 9182
f 2314 9184 9183
f 2311 9182 9184
f 9183 9184 9182
f 38 9185 7543
f 2316 9186 9185
f 1921 7543 9186
f 9185 9186 7543
f 590 9187 9189
f 2317 9188 9187
f 2316 9189 9188
f 9187 9188 9189
f 499 7548 9191
f 1921 9190 7548
f 2317 9191 9190
f 7548 9190 9191
f 2316 9188 9186
f 2317 9190 9188
f 1921 9186 9190
f 9188 9190 9186
f 154 9192 9194
f 2318 9193 9192
f 2320 9194 9193
f 9192 9193 9194
f 591 9195 9197
f 2319 9196 9195
f 2318 9197 9196
f 9195 9196 9197
f 590 9198 9200
f 2320 9199 9198
f 2319 9200 9199
f 9198 9199 9200
f 2318 9196 9193
f 2319 9199 9196
f 2320 9193 9199
f 9196 9199 9193
f 135 7554 9202
f 1926 9201 7554
f 2322 9202 9201
f 7554 9201 9202
f 499 9203 7558
f 2321 9204 9203
f 1926 7558 9204
f 9203 9204 7558
f 591 9205 9207
f 2322 9206 9205
f 2321 9207 9206
f 9205 9206 9207
f 1926 9204 9201
f 2321 9206 9204
f 2322 9201 9206
f 9204 9206 9201
f 590 9200 9187
f 2319 9208 9200
f 2317 9187 9208
f 9200 9208 9187
f 591 9207 9195
f 2321 9209 9207
f 2319 9195 9209
f 9207 9209 9195
f 499 9191 9203
f 2317 9210 9191
f 2321 9203 9210
f 9191 9210 9203
f 2319 9209 9208
f 2321 9210 9209
f 2317 9208 9210
f 9209 9210 9208
f 30 5931 9212
f 1506 9211 5931
f 2324 9212 9211
f 5931 9211 9212
f 390 9213 5935
f 2323 9214 9213
f 1506 5935 9214
f 9213 9214 5935
f 593 9215 9217
f 2324 9216 9215
f 2323 9217 9216
f 9215 9216 9217
f 1506 9214 9211
f 2323 9216 9214
f 2324 9211 9216
f 9214 9216 9211
f 103 9218 5947
f 2325 9219 9218
f 1510 5947 9219
f 9218 9219 5947
f 592 9220 9222
f 2326 9221 9220
f 2325 9222 9221
f 9220 9221 9222
f 390 5952 9224
f 1510 9223 5952
f 2326 9224 9223
f 5952 9223 9224
f 2325 9221 9219
f 2326 9223 9221
f 1510 9219 9223
f 9221 9223 9219
f 154 9225 9227
f 2327 9226 9225
f 2329 9227 9226
f 9225 9226 9227
f 593 9228 9230
f 2328 9229 9228
f 2327 9230 9229
f 9228 9229 9230
f 592 9231 9233
f 2329 9232 9231
f 2328 9233 9232
f 9231 9232 9233
f 2327 9229 9226
f 2328 9232 9229
f 2329 9226 9232
f 9229 9232 9226
f 390 9224 9213
f 2326 9234 9224
f 2323 9213 9234
f 9224 9234 9213
f 592 9233 9220
f 2328 9235 9233
f 2326 9220 9235
f 9233 9235 9220
f 593 9217 9228
f 2323 9236 9217
f 2328 9228 9236
f 9217 9236 9228
f 2326 9235 9234
f 2328 9236 9235
f 2323 9234 9236
f 9235 9236 9234
f 135 9202 9168
f 2322 9237 9202
f 2312 9168 9237
f 9202 9237 9168
f 591 9238 9205
f 2330 9239 9238
f 2322 9205 9239
f 9238 9239 9205
f 589 9172 9241
f 2312 9240 9172
f 2330 9241 9240
f 9172 9240 9241
f 2322 9239 9237
f 2330 9240 9239
f 2312 9237 9240
f 9239 9240 9237
f 154 9227 9192
f 2329 9242 9227
f 2318 9192 9242
f 9227 9242 9192
f 592 9243 9231
f 2331 9244 9243
f 2329 9231 9244
f 9243 9244 9231
f 591 9197 9246
f 2318 9245 9197
f 2331 9246 9245
f 9197 9245 9246
f 2329 9244 9242
f 2331 9245 9244
f 2318 9242 9245
f 9244 9245 9242
f 103 9176 9218
f 2315 9247 9176
f 2325 9218 9247
f 9176 9247 9218
f 589 9248 9179
f 2332 9249 9248
f 2315 9179 9249
f 9248 9249 9179
f 592 9222 9251
f 2325 9250 9222
f 2332 9251 9250
f 9222 9250 9251
f 2315 9249 9247
f 2332 9250 9249
f 2325 9247 9250
f 9249 9250 9247
f 591 9246 9238
f 2331 9252 9246
f 2330 9238 9252
f 9246 9252 9238
f 592 9251 9243
f 2332 9253 9251
f 2331 9243 9253
f 9251 9253 9243
f 589 9241 9248
f 2330 9254 9241
f 2332 9248 9254
f 9241 9254 9248
f 2331 9253 9252
f 2332 9254 9253
f 2330 9252 9254
f 9253 9254 9252
f 3 5509 7383
f 1397 9255 5509
f 1877 7383 9255
f 5509 9255 7383
f 361 9256 5513
f 2333 9257 9256
f 1397 5513 9257
f 9256 9257 5513
f 486 7387 9259
f 1877 9258 7387
f 2333 9259 9258
f 7387 9258 9259
f 1397 9257 9255
f 2333 9258 9257
f 1877 9255 9258
f 9257 9258 9255
f 98 9260 5525
f 2334 9261 9260
f 1401 5525 9261
f 9260 9261 5525
f 594 9262 9264
f 2335 9263 9262
f 2334 9264 9263
f 9262 9263 9264
f 361 5530 9266
f 1401 9265 5530
f 2335 9266 9265
f 5530 9265 9266
f 2334 9263 9261
f 2335 9265 9263
f 1401 9261 9265
f 9263 9265 9261
f 131 7392 9268
f 1881 9267 7392
f 2337 9268 9267
f 7392 9267 9268
f 486 9269 7396
f 2336 9270 9269
f 1881 7396 9270
f 9269 9270 7396
f 594 9271 9273
f 2337 9272 9271
f 2336 9273 9272
f 9271 9272 9273
f 1881 9270 9267
f 2336 9272 9270
f 2337 9267 9272
f 9270 9272 9267
f 361 9266 9256
f 2335 9274 9266
f 2333 9256 9274
f 9266 9274 9256
f 594 9273 9262
f 2336 9275 9273
f 2335 9262 9275
f 9273 9275 9262
f 486 9259 9269
f 2333 9276 9259
f 2336 9269 9276
f 9259 9276 9269
f 2335 9275 9274
f 2336 9276 9275
f 2333 9274 9276
f 9275 9276 9274
f 27 9277 5567
f 2338 9278 9277
f 1413 5567 9278
f 9277 9278 5567
f 595 9279 9281
f 2339 9280 9279
f 2338 9281 9280
f 9279 9280 9281
f 365 5572 9283
f 1413 9282 5572
f 2339 9283 9282
f 5572 9282 9283
f 2338 9280 9278
f 2339 9282 9280
f 1413 9278 9282
f 9280 9282 9278
f 155 9284 9286
f 2340 9285 9284
f 2342 9286 9285
f 9284 9285 9286
f 596 9287 9289
f 2341 9288 9287
f 2340 9289 9288
f 9287 9288 9289
f 595 9290 9292
f 2342 9291 9290
f 2341 9292 9291
f 9290 9291 9292
f 2340 9288 9285
f 2341 9291 9288
f 2342 9285 9291
f 9288 9291 9285
f 98 5578 9294
f 1418 9293 5578
f 2344 9294 9293
f 5578 9293 9294
f 365 9295 5582
f 2343 9296 9295
f 1418 5582 9296
f 9295 9296 5582
f 596 9297 9299
f 2344 9298 9297
f 2343 9299 9298
f 9297 9298 9299
f 1418 9296 9293
f 2343 9298 9296
f 2344 9293 9298
f 9296 9298 9293
f 595 9292 9279
f 2341 9300 9292
f 2339 9279 9300
f 9292 9300 9279
f 596 9299 9287
f 2343 9301 9299
f 2341 9287 9301
f 9299 9301 9287
f 365 9283 9295
f 2339 9302 9283
f 2343 9295 9302
f 9283 9302 9295
f 2341 9301 9300
f 2343 9302 9301
f 2339 9300 9302
f 9301 9302 9300
f 38 7411 9304
f 1886 9303 7411
f 2346 9304 9303
f 7411 9303 9304
f 490 9305 7415
f 2345 9306 9305
f 1886 7415 9306
f 9305 9306 7415
f 598 9307 9309
f 2346 9308 9307
f 2345 9309 9308
f 9307 9308 9309
f 1886 9306 9303
f 2345 9308 9306
f 2346 9303 9308
f 9306 9308 9303
f 131 9310 7427
f 2347 9311 9310
f 1890 7427 9311
f 9310 9311 7427
f 597 9312 9314
f 2348 9313 9312
f 2347 9314 9313
f 9312 9313 9314
f 490 7432 9316
f 1890 9315 7432
f 2348 9316 9315
f 7432 9315 9316
f 2347 9313 9311
f 2348 9315 9313
f 1890 9311 9315
f 9313 9315 9311
f 155 9317 9319
f 2349 9318 9317
f 2351 9319 9318
f 9317 9318 9319
f 598 9320 9322
f 2350 9321 9320
f 2349 9322 9321
f 9320 9321 9322
f 597 9323 9325
f 2351 9324 9323
f 2350 9325 9324
f 9323 9324 9325
f 2349 9321 9318
f 2350 9324 9321
f 2351 9318 9324
f 9321 9324 9318
f 490 9316 9305
f 2348 9326 9316
f 2345 9305 9326
f 9316 9326 9305
f 597 9325 9312
f 2350 9327 9325
f 2348 9312 9327
f 9325 9327 9312
f 598 9309 9320
f 2345 9328 9309
f 2350 9320 9328
f 9309 9328 9320
f 2348 9327 9326
f 2350 9328 9327
f 2345 9326 9328
f 9327 9328 9326
f 98 9294 9260
f 2344 9329 9294
f 2334 9260 9329
f 9294 9329 9260
f 596 9330 9297
f 2352 9331 9330
f 2344 9297 9331
f 9330 9331 9297
f 594 9264 9333
f 2334 9332 9264
f 2352 9333 9332
f 9264 9332 9333
f 2344 9331 9329
f 2352 9332 9331
f 2334 9329 9332
f 9331 9332 9329
f 155 9319 9284
f 2351 9334 9319
f 2340 9284 9334
f 9319 9334 9284
f 597 9335 9323
f 2353 9336 9335
f 2351 9323 9336
f 9335 9336 9323
f 596 9289 9338
f 2340 9337 9289
f 2353 9338 9337
f 9289 9337 9338
f 2351 9336 9334
f 2353 9337 9336
f 2340 9334 9337
f 9336 9337 9334
f 131 9268 9310
f 2337 9339 9268
f 2347 9310 9339
f 9268 9339 9310
f 594 9340 9271
f 2354 9341 9340
f 2337 9271 9341
f 9340 9341 9271
f 597 9314 9343
f 2347 9342 9314
f 2354 9343 9342
f 9314 9342 9343
f 2337 9341 9339
f 2354 9342 9341
f 2347 9339 9342
f 9341 9342 9339
f 596 9338 9330
f 2353 9344 9338
f 2352 9330 9344
f 9338 9344 9330
f 597 9343 9335
f 2354 9345 9343
f 2353 9335 9345
f 9343 9345 9335
f 594 9333 9340
f 2352 9346 9333
f 2354 9340 9346
f 9333 9346 9340
f 2353 9345 9344
f 2354 9346 9345
f 2352 9344 9346
f 9345 9346 9344
f 11 5700 5407
f 1444 9347 5700
f 1369 5407 9347
f 5700 9347 5407
f 372 9348 5703
f 2355 9349 9348
f 1444 5703 9349
f 9348 9349 5703
f 352 5411 9351
f 1369 9350 5411
f 2355 9351 9350
f 5411 9350 9351
f 1444 9349 9347
f 2355 9350 9349
f 1369 9347 9350
f 9349 9350 9347
f 100 9352 5713
f 2356 9353 9352
f 1447 5713 9353
f 9352 9353 5713
f 599 9354 9356
f 2357 9355 9354
f 2356 9356 9355
f 9354 9355 9356
f 372 5718 9358
f 1447 9357 5718
f 2357 9358 9357
f 5718 9357 9358
f 2356 9355 9353
f 2357 9357 9355
f 1447 9353 9357
f 9355 9357 9353
f 94 5416 9360
f 1373 9359 5416
f 2359 9360 9359
f 5416 9359 9360
f 352 9361 5420
f 2358 9362 9361
f 1373 5420 9362
f 9361 9362 5420
f 599 9363 9365
f 2359 9364 9363
f 2358 9365 9364
f 9363 9364 9365
f 1373 9362 9359
f 2358 9364 9362
f 2359 9359 9364
f 9362 9364 9359
f 372 9358 9348
f 2357 9366 9358
f 2355 9348 9366
f 9358 9366 9348
f 599 9365 9354
f 2358 9367 9365
f 2357 9354 9367
f 9365 9367 9354
f 352 9351 9361
f 2355 9368 9351
f 2358 9361 9368
f 9351 9368 9361
f 2357 9367 9366
f 2358 9368 9367
f 2355 9366 9368
f 9367 9368 9366
f 30 9369 5751
f 2360 9370 9369
f 1457 5751 9370
f 9369 9370 5751
f 600 9371 9373
f 2361 9372 9371
f 2360 9373 9372
f 9371 9372 9373
f 375 5756 9375
f 1457 9374 5756
f 2361 9375 9374
f 5756 9374 9375
f 2360 9372 9370
f 2361 9374 9372
f 1457 9370 9374
f 9372 9374 9370
f 156 9376 9378
f 2362 9377 9376
f 2364 9378 9377
f 9376 9377 9378
f 601 9379 9381
f 2363 9380 9379
f 2362 9381 9380
f 9379 9380 9381
f 600 9382 9384
f 2364 9383 9382
f 2363 9384 9383
f 9382 9383 9384
f 2362 9380 9377
f 2363 9383 9380
f 2364 9377 9383
f 9380 9383 9377
f 100 5762 9386
f 1462 9385 5762
f 2366 9386 9385
f 5762 9385 9386
f 375 9387 5766
f 2365 9388 9387
f 1462 5766 9388
f 9387 9388 5766
f 601 9389 9391
f 2366 9390 9389
f 2365 9391 9390
f 9389 9390 9391
f 1462 9388 9385
f 2365 9390 9388
f 2366 9385 9390
f 9388 9390 9385
f 600 9384 9371
f 2363 9392 9384
f 2361 9371 9392
f 9384 9392 9371
f 601 9391 9379
f 2365 9393 9391
f 2363 9379 9393
f 9391 9393 9379
f 375 9375 9387
f 2361 9394 9375
f 2365 9387 9394
f 9375 9394 9387
f 2363 9393 9392
f 2365 9394 9393
f 2361 9392 9394
f 9393 9394 9392
f 27 5435 9396
f 1378 9395 5435
f 2368 9396 9395
f 5435 9395 9396
f 356 9397 5439
f 2367 9398 9397
f 1378 5439 9398
f 9397 9398 5439
f 603 9399 9401
f 2368 9400 9399
f 2367 9401 9400
f 9399 9400 9401
f 1378 9398 9395
f 2367 9400 9398
f 2368 9395 9400
f 9398 9400 9395
f 94 9402 5451
f 2369 9403 9402
f 1382 5451 9403
f 9402 9403 5451
f 602 9404 9406
f 2370 9405 9404
f 2369 9406 9405
f 9404 9405 9406
f 356 5456 9408
f 1382 9407 5456
f 2370 9408 9407
f 5456 9407 9408
f 2369 9405 9403
f 2370 9407 9405
f 1382 9403 9407
f 9405 9407 9403
f 156 9409 9411
f 2371 9410 9409
f 2373 9411 9410
f 9409 9410 9411
f 603 9412 9414
f 2372 9413 9412
f 2371 9414 9413
f 9412 9413 9414
f 602 9415 9417
f 2373 9416 9415
f 2372 9417 9416
f 9415 9416 9417
f 2371 9413 9410
f 2372 9416 9413
f 2373 9410 9416
f 9413 9416 9410
f 356 9408 9397
f 2370 9418 9408
f 2367 9397 9418
f 9408 9418 9397
f 602 9417 9404
f 2372 9419 9417
f 2370 9404 9419
f 9417 9419 9404
f 603 9401 9412
f 2367 9420 9401
f 2372 9412 9420
f 9401 9420 9412
f 2370 9419 9418
f 2372 9420 9419
f 2367 9418 9420
f 9419 9420 9418
f 100 9386 9352
f 2366 9421 9386
f 2356 9352 9421
f 9386 9421 9352
f 601 9422 9389
f 2374 9423 9422
f 2366 9389 9423
f 9422 9423 9389
f 599 9356 9425
f 2356 9424 9356
f 2374 9425 9424
f 9356 9424 9425
f 2366 9423 9421
f 2374 9424 9423
f 2356 9421 9424
f 9423 9424 9421
f 156 9411 9376
f 2373 9426 9411
f 2362 9376 9426
f 9411 9426 9376
f 602 9427 9415
f 2375 9428 9427
f 2373 9415 9428
f 9427 9428 9415
f 601 9381 9430
f 2362 9429 9381
f 2375 9430 9429
f 9381 9429 9430
f 2373 9428 9426
f 2375 9429 9428
f 2362 9426 9429
f 9428 9429 9426
f 94 9360 9402
f 2359 9431 9360
f 2369 9402 9431
f 9360 9431 9402
f 599 9432 9363
f 2376 9433 9432
f 2359 9363 9433
f 9432 9433 9363
f 602 9406 9435
f 2369 9434 9406
f 2376 9435 9434
f 9406 9434 9435
f 2359 9433 9431
f 2376 9434 9433
f 2369 9431 9434
f 9433 9434 9431
f 601 9430 9422
f 2375 9436 9430
f 2374 9422 9436
f 9430 9436 9422
f 602 9435 9427
f 2376 9437 9435
f 2375 9427 9437
f 9435 9437 9427
f 599 9425 9432
f 2374 9438 9425
f 2376 9432 9438
f 9425 9438 9432
f 2375 9437 9436
f 2376 9438 9437
f 2374 9436 9438
f 9437 9438 9436
f 38 9304 9185
f 2346 9439 9304
f 2316 9185 9439
f 9304 9439 9185
f 598 9440 9307
f 2377 9441 9440
f 2346 9307 9441
f 9440 9441 9307
f 590 9189 9443
f 2316 9442 9189
f 2377 9443 9442
f 9189 9442 9443
f 2346 9441 9439
f 2377 9442 9441
f 2316 9439 9442
f 9441 9442 9439
f 155 9444 9317
f 2378 9445 9444
f 2349 9317 9445
f 9444 9445 9317
f 604 9446 9448
f 2379 9447 9446
f 2378 9448 9447
f 9446 9447 9448
f 598 9322 9450
f 2349 9449 9322
f 2379 9450 9449
f 9322 9449 9450
f 2378 9447 9445
f 2379 9449 9447
f 2349 9445 9449
f 9447 9449 9445
f 154 9194 9452
f 2320 9451 9194
f 2381 9452 9451
f 9194 9451 9452
f 590 9453 9198
f 2380 9454 9453
f 2320 9198 9454
f 9453 9454 9198
f 604 9455 9457
f 2381 9456 9455
f 2380 9457 9456
f 9455 9456 9457
f 2320 9454 9451
f 2380 9456 9454
f 2381 9451 9456
f 9454 9456 9451
f 598 9450 9440
f 2379 9458 9450
f 2377 9440 9458
f 9450 9458 9440
f 604 9457 9446
f 2380 9459 9457
f 2379 9446 9459
f 9457 9459 9446
f 590 9443 9453
f 2377 9460 9443
f 2380 9453 9460
f 9443 9460 9453
f 2379 9459 9458
f 2380 9460 9459
f 2377 9458 9460
f 9459 9460 9458
f 27 9396 9277
f 2368 9461 9396
f 2338 9277 9461
f 9396 9461 9277
f 603 9462 9399
f 2382 9463 9462
f 2368 9399 9463
f 9462 9463 9399
f 595 9281 9465
f 2338 9464 9281
f 2382 9465 9464
f 9281 9464 9465
f 2368 9463 9461
f 2382 9464 9463
f 2338 9461 9464
f 9463 9464 9461
f 156 9466 9409
f 2383 9467 9466
f 2371 9409 9467
f 9466 9467 9409
f 605 9468 9470
f 2384 9469 9468
f 2383 9470 9469
f 9468 9469 9470
f 603 9414 9472
f 2371 9471 9414
f 2384 9472 9471
f 9414 9471 9472
f 2383 9469 9467
f 2384 9471 9469
f 2371 9467 9471
f 9469 9471 9467
f 155 9286 9474
f 2342 9473 9286
f 2386 9474 9473
f 9286 9473 9474
f 595 9475 9290
f 2385 9476 9475
f 2342 9290 9476
f 9475 9476 9290
f 605 9477 9479
f 2386 9478 9477
f 2385 9479 9478
f 9477 9478 9479
f 2342 9476 9473
f 2385 9478 9476
f 2386 9473 9478
f 9476 9478 9473
f 603 9472 9462
f 2384 9480 9472
f 2382 9462 9480
f 9472 9480 9462
f 605 9479 9468
f 2385 9481 9479
f 2384 9468 9481
f 9479 9481 9468
f 595 9465 9475
f 2382 9482 9465
f 2385 9475 9482
f 9465 9482 9475
f 2384 9481 9480
f 2385 9482 9481
f 2382 9480 9482
f 9481 9482 9480
f 30 9212 9369
f 2324 9483 9212
f 2360 9369 9483
f 9212 9483 9369
f 593 9484 9215
f 2387 9485 9484
f 2324 9215 9485
f 9484 9485 9215
f 600 9373 9487
f 2360 9486 9373
f 2387 9487 9486
f 9373 9486 9487
f 2324 9485 9483
f 2387 9486 9485
f 2360 9483 9486
f 9485 9486 9483
f 154 9488 9225
f 2388 9489 9488
f 2327 9225 9489
f 9488 9489 9225
f 606 9490 9492
f 2389 9491 9490
f 2388 9492 9491
f 9490 9491 9492
f 593 9230 9494
f 2327 9493 9230
f 2389 9494 9493
f 9230 9493 9494
f 2388 9491 9489
f 2389 9493 9491
f 2327 9489 9493
f 9491 9493 9489
f 156 9378 9496
f 2364 9495 9378
f 2391 9496 9495
f 9378 9495 9496
f 600 9497 9382
f 2390 9498 9497
f 2364 9382 9498
f 9497 9498 9382
f 606 9499 9501
f 2391 9500 9499
f 2390 9501 9500
f 9499 9500 9501
f 2364 9498 9495
f 2390 9500 9498
f 2391 9495 9500
f 9498 9500 9495
f 593 9494 9484
f 2389 9502 9494
f 2387 9484 9502
f 9494 9502 9484
f 606 9501 9490
f 2390 9503 9501
f 2389 9490 9503
f 9501 9503 9490
f 600 9487 9497
f 2387 9504 9487
f 2390 9497 9504
f 9487 9504 9497
f 2389 9503 9502
f 2390 9504 9503
f 2387 9502 9504
f 9503 9504 9502
f 155 9474 9444
f 2386 9505 9474
f 2378 9444 9505
f 9474 9505 9444
f 605 9506 9477
f 2392 9507 9506
f 2386 9477 9507
f 9506 9507 9477
f 604 9448 9509
f 2378 9508 9448
f 2392 9509 9508
f 9448 9508 9509
f 2386 9507 9505
f 2392 9508 9507
f 2378 9505 9508
f 9507 9508 9505
f 156 9496 9466
f 2391 9510 9496
f 2383 9466 9510
f 9496 9510 9466
f 606 9511 9499
f 2393 9512 9511
f 2391 9499 9512
f 9511 9512 9499
f 605 9470 9514
f 2383 9513 9470
f 2393 9514 9513
f 9470 9513 9514
f 2391 9512 9510
f 2393 9513 9512
f 2383 9510 9513
f 9512 9513 9510
f 154 9452 9488
f 2381 9515 9452
f 2388 9488 9515
f 9452 9515 9488
f 604 9516 9455
f 2394 9517 9516
f 2381 9455 9517
f 9516 9517 9455
f 606 9492 9519
f 2388 9518 9492
f 2394 9519 9518
f 9492 9518 9519
f 2381 9517 9515
f 2394 9518 9517
f 2388 9515 9518
f 9517 9518 9515
f 605 9514 9506
f 2393 9520 9514
f 2392 9506 9520
f 9514 9520 9506
f 606 9519 9511
f 2394 9521 9519
f 2393 9511 9521
f 9519 9521 9511
f 604 9509 9516
f 2392 9522 9509
f 2394 9516 9522
f 9509 9522 9516
f 2393 9521 9520
f 2394 9522 9521
f 2392 9520 9522
f 9521 9522 9520
f 9 7877 6291
f 2005 9523 7877
f 1595 6291 9523
f 7877 9523 6291
f 521 9524 7881
f 2395 9525 9524
f 2005 7881 9525
f 9524 9525 7881
f 411 6296 9527
f 1595 9526 6296
f 2395 9527 9526
f 6296 9526 9527
f 2005 9525 9523
f 2395 9526 9525
f 1595 9523 9526
f 9525 9526 9523
f 142 9528 7893
f 2396 9529 9528
f 2009 7893 9529
f 9528 9529 7893
f 607 9530 9532
f 2397 9531 9530
f 2396 9532 9531
f 9530 9531 9532
f 521 7898 9534
f 2009 9533 7898
f 2397 9534 9533
f 7898 9533 9534
f 2396 9531 9529
f 2397 9533 9531
f 2009 9529 9533
f 9531 9533 9529
f 110 6302 9536
f 1600 9535 6302
f 2399 9536 9535
f 6302 9535 9536
f 411 9537 6306
f 2398 9538 9537
f 1600 6306 9538
f 9537 9538 6306
f 607 9539 9541
f 2399 9540 9539
f 2398 9541 9540
f 9539 9540 9541
f 1600 9538 9535
f 2398 9540 9538
f 2399 9535 9540
f 9538 9540 9535
f 521 9534 9524
f 2397 9542 9534
f 2395 9524 9542
f 9534 9542 9524
f 607 9541 9530
f 2398 9543 9541
f 2397 9530 9543
f 9541 9543 9530
f 411 9527 9537
f 2395 9544 9527
f 2398 9537 9544
f 9527 9544 9537
f 2397 9543 9542
f 2398 9544 9543
f 2395 9542 9544
f 9543 9544 9542
f 40 9545 7935
f 2400 9546 9545
f 2021 7935 9546
f 9545 9546 7935
f 608 9547 9549
f 2401 9548 9547
f 2400 9549 9548
f 9547 9548 9549
f 525 7940 9551
f 2021 9550 7940
f 2401 9551 9550
f 7940 9550 9551
f 2400 9548 9546
f 2401 9550 9548
f 2021 9546 9550
f 9548 9550 9546
f 157 9552 9554
f 2402 9553 9552
f 2404 9554 9553
f 9552 9553 9554
f 609 9555 9557
f 2403 9556 9555
f 2402 9557 9556
f 9555 9556 9557
f 608 9558 9560
f 2404 9559 9558
f 2403 9560 9559
f 9558 9559 9560
f 2402 9556 9553
f 2403 9559 9556
f 2404 9553 9559
f 9556 9559 9553
f 142 7946 9562
f 2026 9561 7946
f 2406 9562 9561
f 7946 9561 9562
f 525 9563 7950
f 2405 9564 9563
f 2026 7950 9564
f 9563 9564 7950
f 609 9565 9567
f 2406 9566 9565
f 2405 9567 9566
f 9565 9566 9567
f 2026 9564 9561
f 2405 9566 9564
f 2406 9561 9566
f 9564 9566 9561
f 608 9560 9547
f 2403 9568 9560
f 2401 9547 9568
f 9560 9568 9547
f 609 9567 9555
f 2405 9569 9567
f 2403 9555 9569
f 9567 9569 9555
f 525 9551 9563
f 2401 9570 9551
f 2405 9563 9570
f 9551 9570 9563
f 2403 9569 9568
f 2405 9570 9569
f 2401 9568 9570
f 9569 9570 9568
f 32 6323 9572
f 1606 9571 6323
f 2408 9572 9571
f 6323 9571 9572
f 416 9573 6327
f 2407 9574 9573
f 1606 6327 9574
f 9573 9574 6327
f 611 9575 9577
f 2408 9576 9575
f 2407 9577 9576
f 9575 9576 9577
f 1606 9574 9571
f 2407 9576 9574
f 2408 9571 9576
f 9574 9576 9571
f 110 9578 6339
f 2409 9579 9578
f 1610 6339 9579
f 9578 9579 6339
f 610 9580 9582
f 2410 9581 9580
f 2409 9582 9581
f 9580 9581 9582
f 416 6344 9584
f 1610 9583 6344
f 2410 9584 9583
f 6344 9583 9584
f 2409 9581 9579
f 2410 9583 9581
f 1610 9579 9583
f 9581 9583 9579
f 157 9585 9587
f 2411 9586 9585
f 2413 9587 9586
f 9585 9586 9587
f 611 9588 9590
f 2412 9589 9588
f 2411 9590 9589
f 9588 9589 9590
f 610 9591 9593
f 2413 9592 9591
f 2412 9593 9592
f 9591 9592 9593
f 2411 9589 9586
f 2412 9592 9589
f 2413 9586 9592
f 9589 9592 9586
f 416 9584 9573
f 2410 9594 9584
f 2407 9573 9594
f 9584 9594 9573
f 610 9593 9580
f 2412 9595 9593
f 2410 9580 9595
f 9593 9595 9580
f 611 9577 9588
f 2407 9596 9577
f 2412 9588 9596
f 9577 9596 9588
f 2410 9595 9594
f 2412 9596 9595
f 2407 9594 9596
f 9595 9596 9594
f 142 9562 9528
f 2406 9597 9562
f 2396 9528 9597
f 9562 9597 9528
f 609 9598 9565
f 2414 9599 9598
f 2406 9565 9599
f 9598 9599 9565
f 607 9532 9601
f 2396 9600 9532
f 2414 9601 9600
f 9532 9600 9601
f 2406 9599 9597
f 2414 9600 9599
f 2396 9597 9600
f 9599 9600 9597
f 157 9587 9552
f 2413 9602 9587
f 2402 9552 9602
f 9587 9602 9552
f 610 9603 9591
f 2415 9604 9603
f 2413 9591 9604
f 9603 9604 9591
f 609 9557 9606
f 2402 9605 9557
f 2415 9606 9605
f 9557 9605 9606
f 2413 9604 9602
f 2415 9605 9604
f 2402 9602 9605
f 9604 9605 9602
f 110 9536 9578
f 2399 9607 9536
f 2409 9578 9607
f 9536 9607 9578
f 607 9608 9539
f 2416 9609 9608
f 2399 9539 9609
f 9608 9609 9539
f 610 9582 9611
f 2409 9610 9582
f 2416 9611 9610
f 9582 9610 9611
f 2399 9609 9607
f 2416 9610 9609
f 2409 9607 9610
f 9609 9610 9607
f 609 9606 9598
f 2415 9612 9606
f 2414 9598 9612
f 9606 9612 9598
f 610 9611 9603
f 2416 9613 9611
f 2415 9603 9613
f 9611 9613 9603
f 607 9601 9608
f 2414 9614 9601
f 2416 9608 9614
f 9601 9614 9608
f 2415 9613 9612
f 2416 9614 9613
f 2414 9612 9614
f 9613 9614 9612
f 7 5901 7775
f 1497 9615 5901
f 1977 7775 9615
f 5901 9615 7775
f 387 9616 5905
f 2417 9617 9616
f 1497 5905 9617
f 9616 9617 5905
f 512 7779 9619
f 1977 9618 7779
f 2417 9619 9618
f 7779 9618 9619
f 1497 9617 9615
f 2417 9618 9617
f 1977 9615 9618
f 9617 9618 9615
f 105 9620 5917
f 2418 9621 9620
f 1501 5917 9621
f 9620 9621 5917
f 612 9622 9624
f 2419 9623 9622
f 2418 9624 9623
f 9622 9623 9624
f 387 5922 9626
f 1501 9625 5922
f 2419 9626 9625
f 5922 9625 9626
f 2418 9623 9621
f 2419 9625 9623
f 1501 9621 9625
f 9623 9625 9621
f 138 7784 9628
f 1981 9627 7784
f 2421 9628 9627
f 7784 9627 9628
f 512 9629 7788
f 2420 9630 9629
f 1981 7788 9630
f 9629 9630 7788
f 612 9631 9633
f 2421 9632 9631
f 2420 9633 9632
f 9631 9632 9633
f 1981 9630 9627
f 2420 9632 9630
f 2421 9627 9632
f 9630 9632 9627
f 387 9626 9616
f 2419 9634 9626
f 2417 9616 9634
f 9626 9634 9616
f 612 9633 9622
f 2420 9635 9633
f 2419 9622 9635
f 9633 9635 9622
f 512 9619 9629
f 2417 9636 9619
f 2420 9629 9636
f 9619 9636 9629
f 2419 9635 9634
f 2420 9636 9635
f 2417 9634 9636
f 9635 9636 9634
f 29 9637 5959
f 2422 9638 9637
f 1513 5959 9638
f 9637 9638 5959
f 613 9639 9641
f 2423 9640 9639
f 2422 9641 9640
f 9639 9640 9641
f 391 5964 9643
f 1513 9642 5964
f 2423 9643 9642
f 5964 9642 9643
f 2422 9640 9638
f 2423 9642 9640
f 1513 9638 9642
f 9640 9642 9638
f 158 9644 9646
f 2424 9645 9644
f 2426 9646 9645
f 9644 9645 9646
f 614 9647 9649
f 2425 9648 9647
f 2424 9649 9648
f 9647 9648 9649
f 613 9650 9652
f 2426 9651 9650
f 2425 9652 9651
f 9650 9651 9652
f 2424 9648 9645
f 2425 9651 9648
f 2426 9645 9651
f 9648 9651 9645
f 105 5970 9654
f 1518 9653 5970
f 2428 9654 9653
f 5970 9653 9654
f 391 9655 5974
f 2427 9656 9655
f 1518 5974 9656
f 9655 9656 5974
f 614 9657 9659
f 2428 9658 9657
f 2427 9659 9658
f 9657 9658 9659
f 1518 9656 9653
f 2427 9658 9656
f 2428 9653 9658
f 9656 9658 9653
f 613 9652 9639
f 2425 9660 9652
f 2423 9639 9660
f 9652 9660 9639
f 614 9659 9647
f 2427 9661 9659
f 2425 9647 9661
f 9659 9661 9647
f 391 9643 9655
f 2423 9662 9643
f 2427 9655 9662
f 9643 9662 9655
f 2425 9661 9660
f 2427 9662 9661
f 2423 9660 9662
f 9661 9662 9660
f 40 7803 9664
f 1986 9663 7803
f 2430 9664 9663
f 7803 9663 9664
f 516 9665 7807
f 2429 9666 9665
f 1986 7807 9666
f 9665 9666 7807
f 616 9667 9669
f 2430 9668 9667
f 2429 9669 9668
f 9667 9668 9669
f 1986 9666 9663
f 2429 9668 9666
f 2430 9663 9668
f 9666 9668 9663
f 138 9670 7819
f 2431 9671 9670
f 1990 7819 9671
f 9670 9671 7819
f 615 9672 9674
f 2432 9673 9672
f 2431 9674 9673
f 9672 9673 9674
f 516 7824 9676
f 1990 9675 7824
f 2432 9676 9675
f 7824 9675 9676
f 2431 9673 9671
f 2432 9675 9673
f 1990 9671 9675
f 9673 9675 9671
f 158 9677 9679
f 2433 9678 9677
f 2435 9679 9678
f 9677 9678 9679
f 616 9680 9682
f 2434 9681 9680
f 2433 9682 9681
f 9680 9681 9682
f 615 9683 9685
f 2435 9684 9683
f 2434 9685 9684
f 9683 9684 9685
f 2433 9681 9678
f 2434 9684 9681
f 2435 9678 9684
f 9681 9684 9678
f 516 9676 9665
f 2432 9686 9676
f 2429 9665 9686
f 9676 9686 9665
f 615 9685 9672
f 2434 9687 9685
f 2432 9672 9687
f 9685 9687 9672
f 616 9669 9680
f 2429 9688 9669
f 2434 9680 9688
f 9669 9688 9680
f 2432 9687 9686
f 2434 9688 9687
f 2429 9686 9688
f 9687 9688 9686
f 105 9654 9620
f 2428 9689 9654
f 2418 9620 9689
f 9654 9689 9620
f 614 9690 9657
f 2436 9691 9690
f 2428 9657 9691
f 9690 9691 9657
f 612 9624 9693
f 2418 9692 9624
f 2436 9693 9692
f 9624 9692 9693
f 2428 9691 9689
f 2436 9692 9691
f 2418 9689 9692
f 9691 9692 9689
f 158 9679 9644
f 2435 9694 9679
f 2424 9644 9694
f 9679 9694 9644
f 615 9695 9683
f 2437 9696 9695
f 2435 9683 9696
f 9695 9696 9683
f 614 9649 9698
f 2424 9697 9649
f 2437 9698 9697
f 9649 9697 9698
f 2435 9696 9694
f 2437 9697 9696
f 2424 9694 9697
f 9696 9697 9694
f 138 9628 9670
f 2421 9699 9628
f 2431 9670 9699
f 9628 9699 9670
f 612 9700 9631
f 2438 9701 9700
f 2421 9631 9701
f 9700 9701 9631
f 615 9674 9703
f 2431 9702 9674
f 2438 9703 9702
f 9674 9702 9703
f 2421 9701 9699
f 2438 9702 9701
f 2431 9699 9702
f 9701 9702 9699
f 614 9698 9690
f 2437 9704 9698
f 2436 9690 9704
f 9698 9704 9690
f 615 9703 9695
f 2438 9705 9703
f 2437 9695 9705
f 9703 9705 9695
f 612 9693 9700
f 2436 9706 9693
f 2438 9700 9706
f 9693 9706 9700
f 2437 9705 9704
f 2438 9706 9705
f 2436 9704 9706
f 9705 9706 9704
f 8 6092 5799
f 1544 9707 6092
f 1469 5799 9707
f 6092 9707 5799
f 398 9708 6095
f 2439 9709 9708
f 1544 6095 9709
f 9708 9709 6095
f 378 5803 9711
f 1469 9710 5803
f 2439 9711 9710
f 5803 9710 9711
f 1544 9709 9707
f 2439 9710 9709
f 1469 9707 9710
f 9709 9710 9707
f 107 9712 6105
f 2440 9713 9712
f 1547 6105 9713
f 9712 9713 6105
f 617 9714 9716
f 2441 9715 9714
f 2440 9716 9715
f 9714 9715 9716
f 398 6110 9718
f 1547 9717 6110
f 2441 9718 9717
f 6110 9717 9718
f 2440 9715 9713
f 2441 9717 9715
f 1547 9713 9717
f 9715 9717 9713
f 101 5808 9720
f 1473 9719 5808
f 2443 9720 9719
f 5808 9719 9720
f 378 9721 5812
f 2442 9722 9721
f 1473 5812 9722
f 9721 9722 5812
f 617 9723 9725
f 2443 9724 9723
f 2442 9725 9724
f 9723 9724 9725
f 1473 9722 9719
f 2442 9724 9722
f 2443 9719 9724
f 9722 9724 9719
f 398 9718 9708
f 2441 9726 9718
f 2439 9708 9726
f 9718 9726 9708
f 617 9725 9714
f 2442 9727 9725
f 2441 9714 9727
f 9725 9727 9714
f 378 9711 9721
f 2439 9728 9711
f 2442 9721 9728
f 9711 9728 9721
f 2441 9727 9726
f 2442 9728 9727
f 2439 9726 9728
f 9727 9728 9726
f 32 9729 6143
f 2444 9730 9729
f 1557 6143 9730
f 9729 9730 6143
f 618 9731 9733
f 2445 9732 9731
f 2444 9733 9732
f 9731 9732 9733
f 401 6148 9735
f 1557 9734 6148
f 2445 9735 9734
f 6148 9734 9735
f 2444 9732 9730
f 2445 9734 9732
f 1557 9730 9734
f 9732 9734 9730
f 159 9736 9738
f 2446 9737 9736
f 2448 9738 9737
f 9736 9737 9738
f 619 9739 9741
f 2447 9740 9739
f 2446 9741 9740
f 9739 9740 9741
f 618 9742 9744
f 2448 9743 9742
f 2447 9744 9743
f 9742 9743 9744
f 2446 9740 9737
f 2447 9743 9740
f 2448 9737 9743
f 9740 9743 9737
f 107 6154 9746
f 1562 9745 6154
f 2450 9746 9745
f 6154 9745 9746
f 401 9747 6158
f 2449 9748 9747
f 1562 6158 9748
f 9747 9748 6158
f 619 9749 9751
f 2450 9750 9749
f 2449 9751 9750
f 9749 9750 9751
f 1562 9748 9745
f 2449 9750 9748
f 2450 9745 9750
f 9748 9750 9745
f 618 9744 9731
f 2447 9752 9744
f 2445 9731 9752
f 9744 9752 9731
f 619 9751 9739
f 2449 9753 9751
f 2447 9739 9753
f 9751 9753 9739
f 401 9735 9747
f 2445 9754 9735
f 2449 9747 9754
f 9735 9754 9747
f 2447 9753 9752
f 2449 9754 9753
f 2445 9752 9754
f 9753 9754 9752
f 29 5827 9756
f 1478 9755 5827
f 2452 9756 9755
f 5827 9755 9756
f 382 9757 5831
f 2451 9758 9757
f 1478 5831 9758
f 9757 9758 5831
f 621 9759 9761
f 2452 9760 9759
f 2451 9761 9760
f 9759 9760 9761
f 1478 9758 9755
f 2451 9760 9758
f 2452 9755 9760
f 9758 9760 9755
f 101 9762 5843
f 2453 9763 9762
f 1482 5843 9763
f 9762 9763 5843
f 620 9764 9766
f 2454 9765 9764
f 2453 9766 9765
f 9764 9765 9766
f 382 5848 9768
f 1482 9767 5848
f 2454 9768 9767
f 5848 9767 9768
f 2453 9765 9763
f 2454 9767 9765
f 1482 9763 9767
f 9765 9767 9763
f 159 9769 9771
f 2455 9770 9769
f 2457 9771 9770
f 9769 9770 9771
f 621 9772 9774
f 2456 9773 9772
f 2455 9774 9773
f 9772 9773 9774
f 620 9775 9777
f 2457 9776 9775
f 2456 9777 9776
f 9775 9776 9777
f 2455 9773 9770
f 2456 9776 9773
f 2457 9770 9776
f 9773 9776 9770
f 382 9768 9757
f 2454 9778 9768
f 2451 9757 9778
f 9768 9778 9757
f 620 9777 9764
f 2456 9779 9777
f 2454 9764 9779
f 9777 9779 9764
f 621 9761 9772
f 2451 9780 9761
f 2456 9772 9780
f 9761 9780 9772
f 2454 9779 9778
f 2456 9780 9779
f 2451 9778 9780
f 9779 9780 9778
f 107 9746 9712
f 2450 9781 9746
f 2440 9712 9781
f 9746 9781 9712
f 619 9782 9749
f 2458 9783 9782
f 2450 9749 9783
f 9782 9783 9749
f 617 9716 9785
f 2440 9784 9716
f 2458 9785 9784
f 9716 9784 9785
f 2450 9783 9781
f 2458 9784 9783
f 2440 9781 9784
f 9783 9784 9781
f 159 9771 9736
f 2457 9786 9771
f 2446 9736 9786
f 9771 9786 9736
f 620 9787 9775
f 2459 9788 9787
f 2457 9775 9788
f 9787 9788 9775
f 619 9741 9790
f 2446 9789 9741
f 2459 9790 9789
f 9741 9789 9790
f 2457 9788 9786
f 2459 9789 9788
f 2446 9786 9789
f 9788 9789 9786
f 101 9720 9762
f 2443 9791 9720
f 2453 9762 9791
f 9720 9791 9762
f 617 9792 9723
f 2460 9793 9792
f 2443 9723 9793
f 9792 9793 9723
f 620 9766 9795
f 2453 9794 9766
f 2460 9795 9794
f 9766 9794 9795
f 2443 9793 9791
f 2460 9794 9793
f 2453 9791 9794
f 9793 9794 9791
f 619 9790 9782
f 2459 9796 9790
f 2458 9782 9796
f 9790 9796 9782
f 620 9795 9787
f 2460 9797 9795
f 2459 9787 9797
f 9795 9797 9787
f 617 9785 9792
f 2458 9798 9785
f 2460 9792 9798
f 9785 9798 9792
f 2459 9797 9796
f 2460 9798 9797
f 2458 9796 9798
f 9797 9798 9796
f 40 9664 9545
f 2430 9799 9664
f 2400 9545 9799
f 9664 9799 9545
f 616 9800 9667
f 2461 9801 9800
f 2430 9667 9801
f 9800 9801 9667
f 608 9549 9803
f 2400 9802 9549
f 2461 9803 9802
f 9549 9802 9803
f 2430 9801 9799
f 2461 9802 9801
f 2400 9799 9802
f 9801 9802 9799
f 158 9804 9677
f 2462 9805 9804
f 2433 9677 9805
f 9804 9805 9677
f 622 9806 9808
f 2463 9807 9806
f 2462 9808 9807
f 9806 9807 9808
f 616 9682 9810
f 2433 9809 9682
f 2463 9810 9809
f 9682 9809 9810
f 2462 9807 9805
f 2463 9809 9807
f 2433 9805 9809
f 9807 9809 9805
f 157 9554 9812
f 2404 9811 9554
f 2465 9812 9811
f 9554 9811 9812
f 608 9813 9558
f 2464 9814 9813
f 2404 9558 9814
f 9813 9814 9558
f 622 9815 9817
f 2465 9816 9815
f 2464 9817 9816
f 9815 9816 9817
f 2404 9814 9811
f 2464 9816 9814
f 2465 9811 9816
f 9814 9816 9811
f 616 9810 9800
f 2463 9818 9810
f 2461 9800 9818
f 9810 9818 9800
f 622 9817 9806
f 2464 9819 9817
f 2463 9806 9819
f 9817 9819 9806
f 608 9803 9813
f 2461 9820 9803
f 2464 9813 9820
f 9803 9820 9813
f 2463 9819 9818
f 2464 9820 9819
f 2461 9818 9820
f 9819 9820 9818
f 29 9756 9637
f 2452 9821 9756
f 2422 9637 9821
f 9756 9821 9637
f 621 9822 9759
f 2466 9823 9822
f 2452 9759 9823
f 9822 9823 9759
f 613 9641 9825
f 2422 9824 9641
f 2466 9825 9824
f 9641 9824 9825
f 2452 9823 9821
f 2466 9824 9823
f 2422 9821 9824
f 9823 9824 9821
f 159 9826 9769
f 2467 9827 9826
f 2455 9769 9827
f 9826 9827 9769
f 623 9828 9830
f 2468 9829 9828
f 2467 9830 9829
f 9828 9829 9830
f 621 9774 9832
f 2455 9831 9774
f 2468 9832 9831
f 9774 9831 9832
f 2467 9829 9827
f 2468 9831 9829
f 2455 9827 9831
f 9829 9831 9827
f 158 9646 9834
f 2426 9833 9646
f 2470 9834 9833
f 9646 9833 9834
f 613 9835 9650
f 2469 9836 9835
f 2426 9650 9836
f 9835 9836 9650
f 623 9837 9839
f 2470 9838 9837
f 2469 9839 9838
f 9837 9838 9839
f 2426 9836 9833
f 2469 9838 9836
f 2470 9833 9838
f 9836 9838 9833
f 621 9832 9822
f 2468 9840 9832
f 2466 9822 9840
f 9832 9840 9822
f 623 9839 9828
f 2469 9841 9839
f 2468 9828 9841
f 9839 9841 9828
f 613 9825 9835
f 2466 9842 9825
f 2469 9835 9842
f 9825 9842 9835
f 2468 9841 9840
f 2469 9842 9841
f 2466 9840 9842
f 9841 9842 9840
f 32 9572 9729
f 2408 9843 9572
f 2444 9729 9843
f 9572 9843 9729
f 611 9844 9575
f 2471 9845 9844
f 2408 9575 9845
f 9844 9845 9575
f 618 9733 9847
f 2444 9846 9733
f 2471 9847 9846
f 9733 9846 9847
f 2408 9845 9843
f 2471 9846 9845
f 2444 9843 9846
f 9845 9846 9843
f 157 9848 9585
f 2472 9849 9848
f 2411 9585 9849
f 9848 9849 9585
f 624 9850 9852
f 2473 9851 9850
f 2472 9852 9851
f 9850 9851 9852
f 611 9590 9854
f 2411 9853 9590
f 2473 9854 9853
f 9590 9853 9854
f 2472 9851 9849
f 2473 9853 9851
f 2411 9849 9853
f 9851 9853 9849
f 159 9738 9856
f 2448 9855 9738
f 2475 9856 9855
f 9738 9855 9856
f 618 9857 9742
f 2474 9858 9857
f 2448 9742 9858
f 9857 9858 9742
f 624 9859 9861
f 2475 9860 9859
f 2474 9861 9860
f 9859 9860 9861
f 2448 9858 9855
f 2474 9860 9858
f 2475 9855 9860
f 9858 9860 9855
f 611 9854 9844
f 2473 9862 9854
f 2471 9844 9862
f 9854 9862 9844
f 624 9861 9850
f 2474 9863 9861
f 2473 9850 9863
f 9861 9863 9850
f 618 9847 9857
f 2471 9864 9847
f 2474 9857 9864
f 9847 9864 9857
f 2473 9863 9862
f 2474 9864 9863
f 2471 9862 9864
f 9863 9864 9862
f 158 9834 9804
f 2470 9865 9834
f 2462 9804 9865
f 9834 9865 9804
f 623 9866 9837
f 2476 9867 9866
f 2470 9837 9867
f 9866 9867 9837
f 622 9808 9869
f 2462 9868 9808
f 2476 9869 9868
f 9808 9868 9869
f 2470 9867 9865
f 2476 9868 9867
f 2462 9865 9868
f 9867 9868 9865
f 159 9856 9826
f 2475 9870 9856
f 2467 9826 9870
f 9856 9870 9826
f 624 9871 9859
f 2477 9872 9871
f 2475 9859 9872
f 9871 9872 9859
f 623 9830 9874
f 2467 9873 9830
f 2477 9874 9873
f 9830 9873 9874
f 2475 9872 9870
f 2477 9873 9872
f 2467 9870 9873
f 9872 9873 9870
f 157 9812 9848
f 2465 9875 9812
f 2472 9848 9875
f 9812 9875 9848
f 622 9876 9815
f 2478 9877 9876
f 2465 9815 9877
f 9876 9877 9815
f 624 9852 9879
f 2472 9878 9852
f 2478 9879 9878
f 9852 9878 9879
f 2465 9877 9875
f 2478 9878 9877
f 2472 9875 9878
f 9877 9878 9875
f 623 9874 9866
f 2477 9880 9874
f 2476 9866 9880
f 9874 9880 9866
f 624 9879 9871
f 2478 9881 9879
f 2477 9871 9881
f 9879 9881 9871
f 622 9869 9876
f 2476 9882 9869
f 2478 9876 9882
f 9869 9882 9876
f 2477 9881 9880
f 2478 9882 9881
f 2476 9880 9882
f 9881 9882 9880
f 10 8260 4723
f 2100 9883 8260
f 1195 4723 9883
f 8260 9883 4723
f 544 9884 8263
f 2479 9885 9884
f 2100 8263 9885
f 9884 9885 8263
f 307 4728 9887
f 1195 9886 4728
f 2479 9887 9886
f 4728 9886 9887
f 2100 9885 9883
f 2479 9886 9885
f 1195 9883 9886
f 9885 9886 9883
f 147 9888 8273
f 2480 9889 9888
f 2103 8273 9889
f 9888 9889 8273
f 625 9890 9892
f 2481 9891 9890
f 2480 9892 9891
f 9890 9891 9892
f 544 8278 9894
f 2103 9893 8278
f 2481 9894 9893
f 8278 9893 9894
f 2480 9891 9889
f 2481 9893 9891
f 2103 9889 9893
f 9891 9893 9889
f 82 4734 9896
f 1200 9895 4734
f 2483 9896 9895
f 4734 9895 9896
f 307 9897 4738
f 2482 9898 9897
f 1200 4738 9898
f 9897 9898 4738
f 625 9899 9901
f 2483 9900 9899
f 2482 9901 9900
f 9899 9900 9901
f 1200 9898 9895
f 2482 9900 9898
f 2483 9895 9900
f 9898 9900 9895
f 544 9894 9884
f 2481 9902 9894
f 2479 9884 9902
f 9894 9902 9884
f 625 9901 9890
f 2482 9903 9901
f 2481 9890 9903
f 9901 9903 9890
f 307 9887 9897
f 2479 9904 9887
f 2482 9897 9904
f 9887 9904 9897
f 2481 9903 9902
f 2482 9904 9903
f 2479 9902 9904
f 9903 9904 9902
f 42 9905 8311
f 2484 9906 9905
f 2113 8311 9906
f 9905 9906 8311
f 626 9907 9909
f 2485 9908 9907
f 2484 9909 9908
f 9907 9908 9909
f 547 8316 9911
f 2113 9910 8316
f 2485 9911 9910
f 8316 9910 9911
f 2484 9908 9906
f 2485 9910 9908
f 2113 9906 9910
f 9908 9910 9906
f 160 9912 9914
f 2486 9913 9912
f 2488 9914 9913
f 9912 9913 9914
f 627 9915 9917
f 2487 9916 9915
f 2486 9917 9916
f 9915 9916 9917
f 626 9918 9920
f 2488 9919 9918
f 2487 9920 9919
f 9918 9919 9920
f 2486 9916 9913
f 2487 9919 9916
f 2488 9913 9919
f 9916 9919 9913
f 147 8322 9922
f 2118 9921 8322
f 2490 9922 9921
f 8322 9921 9922
f 547 9923 8326
f 2489 9924 9923
f 2118 8326 9924
f 9923 9924 8326
f 627 9925 9927
f 2490 9926 9925
f 2489 9927 9926
f 9925 9926 9927
f 2118 9924 9921
f 2489 9926 9924
f 2490 9921 9926
f 9924 9926 9921
f 626 9920 9907
f 2487 9928 9920
f 2485 9907 9928
f 9920 9928 9907
f 627 9927 9915
f 2489 9929 9927
f 2487 9915 9929
f 9927 9929 9915
f 547 9911 9923
f 2485 9930 9911
f 2489 9923 9930
f 9911 9930 9923
f 2487 9929 9928
f 2489 9930 9929
f 2485 9928 9930
f 9929 9930 9928
f 24 4755 9932
f 1206 9931 4755
f 2492 9932 9931
f 4755 9931 9932
f 312 9933 4759
f 2491 9934 9933
f 1206 4759 9934
f 9933 9934 4759
f 629 9935 9937
f 2492 9936 9935
f 2491 9937 9936
f 9935 9936 9937
f 1206 9934 9931
f 2491 9936 9934
f 2492 9931 9936
f 9934 9936 9931
f 82 9938 4771
f 2493 9939 9938
f 1210 4771 9939
f 9938 9939 4771
f 628 9940 9942
f 2494 9941 9940
f 2493 9942 9941
f 9940 9941 9942
f 312 4776 9944
f 1210 9943 4776
f 2494 9944 9943
f 4776 9943 9944
f 2493 9941 9939
f 2494 9943 9941
f 1210 9939 9943
f 9941 9943 9939
f 160 9945 9947
f 2495 9946 9945
f 2497 9947 9946
f 9945 9946 9947
f 629 9948 9950
f 2496 9949 9948
f 2495 9950 9949
f 9948 9949 9950
f 628 9951 9953
f 2497 9952 9951
f 2496 9953 9952
f 9951 9952 9953
f 2495 9949 9946
f 2496 9952 9949
f 2497 9946 9952
f 9949 9952 9946
f 312 9944 9933
f 2494 9954 9944
f 2491 9933 9954
f 9944 9954 9933
f 628 9953 9940
f 2496 9955 9953
f 2494 9940 9955
f 9953 9955 9940
f 629 9937 9948
f 2491 9956 9937
f 2496 9948 9956
f 9937 9956 9948
f 2494 9955 9954
f 2496 9956 9955
f 2491 9954 9956
f 9955 9956 9954
f 147 9922 9888
f 2490 9957 9922
f 2480 9888 9957
f 9922 9957 9888
f 627 9958 9925
f 2498 9959 9958
f 2490 9925 9959
f 9958 9959 9925
f 625 9892 9961
f 2480 9960 9892
f 2498 9961 9960
f 9892 9960 9961
f 2490 9959 9957
f 2498 9960 9959
f 2480 9957 9960
f 9959 9960 9957
f 160 9947 9912
f 2497 9962 9947
f 2486 9912 9962
f 9947 9962 9912
f 628 9963 9951
f 2499 9964 9963
f 2497 9951 9964
f 9963 9964 9951
f 627 9917 9966
f 2486 9965 9917
f 2499 9966 9965
f 9917 9965 9966
f 2497 9964 9962
f 2499 9965 9964
f 2486 9962 9965
f 9964 9965 9962
f 82 9896 9938
f 2483 9967 9896
f 2493 9938 9967
f 9896 9967 9938
f 625 9968 9899
f 2500 9969 9968
f 2483 9899 9969
f 9968 9969 9899
f 628 9942 9971
f 2493 9970 9942
f 2500 9971 9970
f 9942 9970 9971
f 2483 9969 9967
f 2500 9970 9969
f 2493 9967 9970
f 9969 9970 9967
f 627 9966 9958
f 2499 9972 9966
f 2498 9958 9972
f 9966 9972 9958
f 628 9971 9963
f 2500 9973 9971
f 2499 9963 9973
f 9971 9973 9963
f 625 9961 9968
f 2498 9974 9961
f 2500 9968 9974
f 9961 9974 9968
f 2499 9973 9972
f 2500 9974 9973
f 2498 9972 9974
f 9973 9974 9972
f 9 6293 8159
f 1597 9975 6293
f 2073 8159 9975
f 6293 9975 8159
f 413 9976 6297
f 2501 9977 9976
f 1597 6297 9977
f 9976 9977 6297
f 536 8163 9979
f 2073 9978 8163
f 2501 9979 9978
f 8163 9978 9979
f 1597 9977 9975
f 2501 9978 9977
f 2073 9975 9978
f 9977 9978 9975
f 112 9980 6309
f 2502 9981 9980
f 1601 6309 9981
f 9980 9981 6309
f 630 9982 9984
f 2503 9983 9982
f 2502 9984 9983
f 9982 9983 9984
f 413 6314 9986
f 1601 9985 6314
f 2503 9986 9985
f 6314 9985 9986
f 2502 9983 9981
f 2503 9985 9983
f 1601 9981 9985
f 9983 9985 9981
f 144 8168 9988
f 2077 9987 8168
f 2505 9988 9987
f 8168 9987 9988
f 536 9989 8172
f 2504 9990 9989
f 2077 8172 9990
f 9989 9990 8172
f 630 9991 9993
f 2505 9992 9991
f 2504 9993 9992
f 9991 9992 9993
f 2077 9990 9987
f 2504 9992 9990
f 2505 9987 9992
f 9990 9992 9987
f 413 9986 9976
f 2503 9994 9986
f 2501 9976 9994
f 9986 9994 9976
f 630 9993 9982
f 2504 9995 9993
f 2503 9982 9995
f 9993 9995 9982
f 536 9979 9989
f 2501 9996 9979
f 2504 9989 9996
f 9979 9996 9989
f 2503 9995 9994
f 2504 9996 9995
f 2501 9994 9996
f 9995 9996 9994
f 31 9997 6351
f 2506 9998 9997
f 1613 6351 9998
f 9997 9998 6351
f 631 9999 10001
f 2507 10000 9999
f 2506 10001 10000
f 9999 10000 10001
f 417 6356 10003
f 1613 10002 6356
f 2507 10003 10002
f 6356 10002 10003
f 2506 10000 9998
f 2507 10002 10000
f 1613 9998 10002
f 10000 10002 9998
f 161 10004 10006
f 2508 10005 10004
f 2510 10006 10005
f 10004 10005 10006
f 632 10007 10009
f 2509 10008 10007
f 2508 10009 10008
f 10007 10008 10009
f 631 10010 10012
f 2510 10011 10010
f 2509 10012 10011
f 10010 10011 10012
f 2508 10008 10005
f 2509 10011 10008
f 2510 10005 10011
f 10008 10011 10005
f 112 6362 10014
f 1618 10013 6362
f 2512 10014 10013
f 6362 10013 10014
f 417 10015 6366
f 2511 10016 10015
f 1618 6366 10016
f 10015 10016 6366
f 632 10017 10019
f 2512 10018 10017
f 2511 10019 10018
f 10017 10018 10019
f 1618 10016 10013
f 2511 10018 10016
f 2512 10013 10018
f 10016 10018 10013
f 631 10012 9999
f 2509 10020 10012
f 2507 9999 10020
f 10012 10020 9999
f 632 10019 10007
f 2511 10021 10019
f 2509 10007 10021
f 10019 10021 10007
f 417 10003 10015
f 2507 10022 10003
f 2511 10015 10022
f 10003 10022 10015
f 2509 10021 10020
f 2511 10022 10021
f 2507 10020 10022
f 10021 10022 10020
f 42 8187 10024
f 2082 10023 8187
f 2514 10024 10023
f 8187 10023 10024
f 540 10025 8191
f 2513 10026 10025
f 2082 8191 10026
f 10025 10026 8191
f 634 10027 10029
f 2514 10028 10027
f 2513 10029 10028
f 10027 10028 10029
f 2082 10026 10023
f 2513 10028 10026
f 2514 10023 10028
f 10026 10028 10023
f 144 10030 8203
f 2515 10031 10030
f 2086 8203 10031
f 10030 10031 8203
f 633 10032 10034
f 2516 10033 10032
f 2515 10034 10033
f 10032 10033 10034
f 540 8208 10036
f 2086 10035 8208
f 2516 10036 10035
f 8208 10035 10036
f 2515 10033 10031
f 2516 10035 10033
f 2086 10031 10035
f 10033 10035 10031
f 161 10037 10039
f 2517 10038 10037
f 2519 10039 10038
f 10037 10038 10039
f 634 10040 10042
f 2518 10041 10040
f 2517 10042 10041
f 10040 10041 10042
f 633 10043 10045
f 2519 10044 10043
f 2518 10045 10044
f 10043 10044 10045
f 2517 10041 10038
f 2518 10044 10041
f 2519 10038 10044
f 10041 10044 10038
f 540 10036 10025
f 2516 10046 10036
f 2513 10025 10046
f 10036 10046 10025
f 633 10045 10032
f 2518 10047 10045
f 2516 10032 10047
f 10045 10047 10032
f 634 10029 10040
f 2513 10048 10029
f 2518 10040 10048
f 10029 10048 10040
f 2516 10047 10046
f 2518 10048 10047
f 2513 10046 10048
f 10047 10048 10046
f 112 10014 9980
f 2512 10049 10014
f 2502 9980 10049
f 10014 10049 9980
f 632 10050 10017
f 2520 10051 10050
f 2512 10017 10051
f 10050 10051 10017
f 630 9984 10053
f 2502 10052 9984
f 2520 10053 10052
f 9984 10052 10053
f 2512 10051 10049
f 2520 10052 10051
f 2502 10049 10052
f 10051 10052 10049
f 161 10039 10004
f 2519 10054 10039
f 2508 10004 10054
f 10039 10054 10004
f 633 10055 10043
f 2521 10056 10055
f 2519 10043 10056
f 10055 10056 10043
f 632 10009 10058
f 2508 10057 10009
f 2521 10058 10057
f 10009 10057 10058
f 2519 10056 10054
f 2521 10057 10056
f 2508 10054 10057
f 10056 10057 10054
f 144 9988 10030
f 2505 10059 9988
f 2515 10030 10059
f 9988 10059 10030
f 630 10060 9991
f 2522 10061 10060
f 2505 9991 10061
f 10060 10061 9991
f 633 10034 10063
f 2515 10062 10034
f 2522 10063 10062
f 10034 10062 10063
f 2505 10061 10059
f 2522 10062 10061
f 2515 10059 10062
f 10061 10062 10059
f 632 10058 10050
f 2521 10064 10058
f 2520 10050 10064
f 10058 10064 10050
f 633 10063 10055
f 2522 10065 10063
f 2521 10055 10065
f 10063 10065 10055
f 630 10053 10060
f 2520 10066 10053
f 2522 10060 10066
f 10053 10066 10060
f 2521 10065 10064
f 2522 10066 10065
f 2520 10064 10066
f 10065 10066 10064
f 2 4524 6191
f 1144 10067 4524
f 1569 6191 10067
f 4524 10067 6191
f 294 10068 4527
f 2523 10069 10068
f 1144 4527 10069
f 10068 10069 4527
f 404 6195 10071
f 1569 10070 6195
f 2523 10071 10070
f 6195 10070 10071
f 1144 10069 10067
f 2523 10070 10069
f 1569 10067 10070
f 10069 10070 10067
f 79 10072 4537
f 2524 10073 10072
f 1147 4537 10073
f 10072 10073 4537
f 635 10074 10076
f 2525 10075 10074
f 2524 10076 10075
f 10074 10075 10076
f 294 4542 10078
f 1147 10077 4542
f 2525 10078 10077
f 4542 10077 10078
f 2524 10075 10073
f 2525 10077 10075
f 1147 10073 10077
f 10075 10077 10073
f 108 6200 10080
f 1573 10079 6200
f 2527 10080 10079
f 6200 10079 10080
f 404 10081 6204
f 2526 10082 10081
f 1573 6204 10082
f 10081 10082 6204
f 635 10083 10085
f 2527 10084 10083
f 2526 10085 10084
f 10083 10084 10085
f 1573 10082 10079
f 2526 10084 10082
f 2527 10079 10084
f 10082 10084 10079
f 294 10078 10068
f 2525 10086 10078
f 2523 10068 10086
f 10078 10086 10068
f 635 10085 10074
f 2526 10087 10085
f 2525 10074 10087
f 10085 10087 10074
f 404 10071 10081
f 2523 10088 10071
f 2526 10081 10088
f 10071 10088 10081
f 2525 10087 10086
f 2526 10088 10087
f 2523 10086 10088
f 10087 10088 10086
f 24 10089 4575
f 2528 10090 10089
f 1157 4575 10090
f 10089 10090 4575
f 636 10091 10093
f 2529 10092 10091
f 2528 10093 10092
f 10091 10092 10093
f 297 4580 10095
f 1157 10094 4580
f 2529 10095 10094
f 4580 10094 10095
f 2528 10092 10090
f 2529 10094 10092
f 1157 10090 10094
f 10092 10094 10090
f 162 10096 10098
f 2530 10097 10096
f 2532 10098 10097
f 10096 10097 10098
f 637 10099 10101
f 2531 10100 10099
f 2530 10101 10100
f 10099 10100 10101
f 636 10102 10104
f 2532 10103 10102
f 2531 10104 10103
f 10102 10103 10104
f 2530 10100 10097
f 2531 10103 10100
f 2532 10097 10103
f 10100 10103 10097
f 79 4586 10106
f 1162 10105 4586
f 2534 10106 10105
f 4586 10105 10106
f 297 10107 4590
f 2533 10108 10107
f 1162 4590 10108
f 10107 10108 4590
f 637 10109 10111
f 2534 10110 10109
f 2533 10111 10110
f 10109 10110 10111
f 1162 10108 10105
f 2533 10110 10108
f 2534 10105 10110
f 10108 10110 10105
f 636 10104 10091
f 2531 10112 10104
f 2529 10091 10112
f 10104 10112 10091
f 637 10111 10099
f 2533 10113 10111
f 2531 10099 10113
f 10111 10113 10099
f 297 10095 10107
f 2529 10114 10095
f 2533 10107 10114
f 10095 10114 10107
f 2531 10113 10112
f 2533 10114 10113
f 2529 10112 10114
f 10113 10114 10112
f 31 6219 10116
f 1578 10115 6219
f 2536 10116 10115
f 6219 10115 10116
f 408 10117 6223
f 2535 10118 10117
f 1578 6223 10118
f 10117 10118 6223
f 639 10119 10121
f 2536 10120 10119
f 2535 10121 10120
f 10119 10120 10121
f 1578 10118 10115
f 2535 10120 10118
f 2536 10115 10120
f 10118 10120 10115
f 108 10122 6235
f 2537 10123 10122
f 1582 6235 10123
f 10122 10123 6235
f 638 10124 10126
f 2538 10125 10124
f 2537 10126 10125
f 10124 10125 10126
f 408 6240 10128
f 1582 10127 6240
f 2538 10128 10127
f 6240 10127 10128
f 2537 10125 10123
f 2538 10127 10125
f 1582 10123 10127
f 10125 10127 10123
f 162 10129 10131
f 2539 10130 10129
f 2541 10131 10130
f 10129 10130 10131
f 639 10132 10134
f 2540 10133 10132
f 2539 10134 10133
f 10132 10133 10134
f 638 10135 10137
f 2541 10136 10135
f 2540 10137 10136
f 10135 10136 10137
f 2539 10133 10130
f 2540 10136 10133
f 2541 10130 10136
f 10133 10136 10130
f 408 10128 10117
f 2538 10138 10128
f 2535 10117 10138
f 10128 10138 10117
f 638 10137 10124
f 2540 10139 10137
f 2538 10124 10139
f 10137 10139 10124
f 639 10121 10132
f 2535 10140 10121
f 2540 10132 10140
f 10121 10140 10132
f 2538 10139 10138
f 2540 10140 10139
f 2535 10138 10140
f 10139 10140 10138
f 79 10106 10072
f 2534 10141 10106
f 2524 10072 10141
f 10106 10141 10072
f 637 10142 10109
f 2542 10143 10142
f 2534 10109 10143
f 10142 10143 10109
f 635 10076 10145
f 2524 10144 10076
f 2542 10145 10144
f 10076 10144 10145
f 2534 10143 10141
f 2542 10144 10143
f 2524 10141 10144
f 10143 10144 10141
f 162 10131 10096
f 2541 10146 10131
f 2530 10096 10146
f 10131 10146 10096
f 638 10147 10135
f 2543 10148 10147
f 2541 10135 10148
f 10147 10148 10135
f 637 10101 10150
f 2530 10149 10101
f 2543 10150 10149
f 10101 10149 10150
f 2541 10148 10146
f 2543 10149 10148
f 2530 10146 10149
f 10148 10149 10146
f 108 10080 10122
f 2527 10151 10080
f 2537 10122 10151
f 10080 10151 10122
f 635 10152 10083
f 2544 10153 10152
f 2527 10083 10153
f 10152 10153 10083
f 638 10126 10155
f 2537 10154 10126
f 2544 10155 10154
f 10126 10154 10155
f 2527 10153 10151
f 2544 10154 10153
f 2537 10151 10154
f 10153 10154 10151
f 637 10150 10142
f 2543 10156 10150
f 2542 10142 10156
f 10150 10156 10142
f 638 10155 10147
f 2544 10157 10155
f 2543 10147 10157
f 10155 10157 10147
f 635 10145 10152
f 2542 10158 10145
f 2544 10152 10158
f 10145 10158 10152
f 2543 10157 10156
f 2544 10158 10157
f 2542 10156 10158
f 10157 10158 10156
f 42 10024 9905
f 2514 10159 10024
f 2484 9905 10159
f 10024 10159 9905
f 634 10160 10027
f 2545 10161 10160
f 2514 10027 10161
f 10160 10161 10027
f 626 9909 10163
f 2484 10162 9909
f 2545 10163 10162
f 9909 10162 10163
f 2514 10161 10159
f 2545 10162 10161
f 2484 10159 10162
f 10161 10162 10159
f 161 10164 10037
f 2546 10165 10164
f 2517 10037 10165
f 10164 10165 10037
f 640 10166 10168
f 2547 10167 10166
f 2546 10168 10167
f 10166 10167 10168
f 634 10042 10170
f 2517 10169 10042
f 2547 10170 10169
f 10042 10169 10170
f 2546 10167 10165
f 2547 10169 10167
f 2517 10165 10169
f 10167 10169 10165
f 160 9914 10172
f 2488 10171 9914
f 2549 10172 10171
f 9914 10171 10172
f 626 10173 9918
f 2548 10174 10173
f 2488 9918 10174
f 10173 10174 9918
f 640 10175 10177
f 2549 10176 10175
f 2548 10177 10176
f 10175 10176 10177
f 2488 10174 10171
f 2548 10176 10174
f 2549 10171 10176
f 10174 10176 10171
f 634 10170 10160
f 2547 10178 10170
f 2545 10160 10178
f 10170 10178 10160
f 640 10177 10166
f 2548 10179 10177
f 2547 10166 10179
f 10177 10179 10166
f 626 10163 10173
f 2545 10180 10163
f 2548 10173 10180
f 10163 10180 10173
f 2547 10179 10178
f 2548 10180 10179
f 2545 10178 10180
f 10179 10180 10178
f 31 10116 9997
f 2536 10181 10116
f 2506 9997 10181
f 10116 10181 9997
f 639 10182 10119
f 2550 10183 10182
f 2536 10119 10183
f 10182 10183 10119
f 631 10001 10185
f 2506 10184 10001
f 2550 10185 10184
f 10001 10184 10185
f 2536 10183 10181
f 2550 10184 10183
f 2506 10181 10184
f 10183 10184 10181
f 162 10186 10129
f 2551 10187 10186
f 2539 10129 10187
f 10186 10187 10129
f 641 10188 10190
f 2552 10189 10188
f 2551 10190 10189
f 10188 10189 10190
f 639 10134 10192
f 2539 10191 10134
f 2552 10192 10191
f 10134 10191 10192
f 2551 10189 10187
f 2552 10191 10189
f 2539 10187 10191
f 10189 10191 10187
f 161 10006 10194
f 2510 10193 10006
f 2554 10194 10193
f 10006 10193 10194
f 631 10195 10010
f 2553 10196 10195
f 2510 10010 10196
f 10195 10196 10010
f 641 10197 10199
f 2554 10198 10197
f 2553 10199 10198
f 10197 10198 10199
f 2510 10196 10193
f 2553 10198 10196
f 2554 10193 10198
f 10196 10198 10193
f 639 10192 10182
f 2552 10200 10192
f 2550 10182 10200
f 10192 10200 10182
f 641 10199 10188
f 2553 10201 10199
f 2552 10188 10201
f 10199 10201 10188
f 631 10185 10195
f 2550 10202 10185
f 2553 10195 10202
f 10185 10202 10195
f 2552 10201 10200
f 2553 10202 10201
f 2550 10200 10202
f 10201 10202 10200
f 24 9932 10089
f 2492 10203 9932
f 2528 10089 10203
f 9932 10203 10089
f 629 10204 9935
f 2555 10205 10204
f 2492 9935 10205
f 10204 10205 9935
f 636 10093 10207
f 2528 10206 10093
f 2555 10207 10206
f 10093 10206 10207
f 2492 10205 10203
f 2555 10206 10205
f 2528 10203 10206
f 10205 10206 10203
f 160 10208 9945
f 2556 10209 10208
f 2495 9945 10209
f 10208 10209 9945
f 642 10210 10212
f 2557 10211 10210
f 2556 10212 10211
f 10210 10211 10212
f 629 9950 10214
f 2495 10213 9950
f 2557 10214 10213
f 9950 10213 10214
f 2556 10211 10209
f 2557 10213 10211
f 2495 10209 10213
f 10211 10213 10209
f 162 10098 10216
f 2532 10215 10098
f 2559 10216 10215
f 10098 10215 10216
f 636 10217 10102
f 2558 10218 10217
f 2532 10102 10218
f 10217 10218 10102
f 642 10219 10221
f 2559 10220 10219
f 2558 10221 10220
f 10219 10220 10221
f 2532 10218 10215
f 2558 10220 10218
f 2559 10215 10220
f 10218 10220 10215
f 629 10214 10204
f 2557 10222 10214
f 2555 10204 10222
f 10214 10222 10204
f 642 10221 10210
f 2558 10223 10221
f 2557 10210 10223
f 10221 10223 10210
f 636 10207 10217
f 2555 10224 10207
f 2558 10217 10224
f 10207 10224 10217
f 2557 10223 10222
f 2558 10224 10223
f 2555 10222 10224
f 10223 10224 10222
f 161 10194 10164
f 2554 10225 10194
f 2546 10164 10225
f 10194 10225 10164
f 641 10226 10197
f 2560 10227 10226
f 2554 10197 10227
f 10226 10227 10197
f 640 10168 10229
f 2546 10228 10168
f 2560 10229 10228
f 10168 10228 10229
f 2554 10227 10225
f 2560 10228 10227
f 2546 10225 10228
f 10227 10228 10225
f 162 10216 10186
f 2559 10230 10216
f 2551 10186 10230
f 10216 10230 10186
f 642 10231 10219
f 2561 10232 10231
f 2559 10219 10232
f 10231 10232 10219
f 641 10190 10234
f 2551 10233 10190
f 2561 10234 10233
f 10190 10233 10234
f 2559 10232 10230
f 2561 10233 10232
f 2551 10230 10233
f 10232 10233 10230
f 160 10172 10208
f 2549 10235 10172
f 2556 10208 10235
f 10172 10235 10208
f 640 10236 10175
f 2562 10237 10236
f 2549 10175 10237
f 10236 10237 10175
f 642 10212 10239
f 2556 10238 10212
f 2562 10239 10238
f 10212 10238 10239
f 2549 10237 10235
f 2562 10238 10237
f 2556 10235 10238
f 10237 10238 10235
f 641 10234 10226
f 2561 10240 10234
f 2560 10226 10240
f 10234 10240 10226
f 642 10239 10231
f 2562 10241 10239
f 2561 10231 10241
f 10239 10241 10231
f 640 10229 10236
f 2560 10242 10229
f 2562 10236 10242
f 10229 10242 10236
f 2561 10241 10240
f 2562 10242 10241
f 2560 10240 10242
f 10241 10242 10240
