10000 19996
v -0.473158 0.765586 0.000000
v 0.473158 0.765586 0.000000
v -0.473158 -0.765586 0.000000
v 0.473158 -0.765586 0.000000
v 0.000000 -0.473158 0.765586
v 0.000000 0.473158 0.765586
v 0.000000 -0.473158 -0.765586
v 0.000000 0.473158 -0.765586
v 0.765586 0.000000 -0.473158
v 0.765586 0.000000 0.473158
v -0.765586 0.000000 -0.473158
v -0.765586 0.000000 0.473158
v -0.362242 0.000000 0.948361
v -0.551622 -0.349818 0.878149
v -0.586120 -0.586120 -0.586120
v -0.948361 -0.362242 0.000000
v -0.586120 0.586120 0.586120
v -0.542726 0.326526 0.892543
v 0.586120 -0.586120 -0.586120
v -0.362242 0.000000 -0.948361
v 0.000000 -0.948361 0.362242
v 0.014395 0.000000 1.094348
v 0.014395 0.000000 -1.094348
v -0.779901 -0.034953 0.953360
v -0.207400 0.318872 -1.172036
v 0.000000 -0.948361 -0.362242
v -0.892543 0.542726 0.326526
v 0.000000 -1.094348 0.014395
v -0.336926 0.020034 0.849669
v 0.362242 0.000000 -0.948361
v -0.943620 -0.300839 0.748369
v -0.434016 0.426641 -0.899153
v -0.878149 -0.551622 0.349818
v -0.349818 -0.878149 -0.551622
v 0.000000 0.948361 0.362242
v 0.362242 0.000000 0.948361
v -1.094348 0.014395 0.000000
v -0.326526 0.892543 0.542726
v 0.892543 -0.542726 -0.326526
v -0.857778 -0.360424 1.110411
v 0.586120 0.586120 0.586120
v -0.207400 0.318872 1.172036
v 0.849669 -0.336926 -0.020034
v -0.370533 0.745960 0.908081
v -0.551622 0.349818 -0.878149
v -0.263955 0.353825 -1.150434
v -1.150434 -0.263955 0.353825
v 0.586120 -0.586120 0.586120
v 0.000000 -0.862050 0.304511
v 0.304578 -1.111530 0.269807
v -0.718799 -0.027086 0.940030
v 0.349818 0.878149 0.551622
v 0.000000 1.094348 -0.014395
v -0.207400 -0.318872 1.172036
v -0.415659 0.378583 0.928855
v 0.892543 -0.542726 0.326526
v -0.806971 -0.633015 0.868961
v 0.304511 0.000000 0.862050
v 1.128270 -0.225981 -0.277492
v -1.148946 -0.528121 0.959602
v 0.512743 0.545158 0.525124
v -0.660618 0.286593 0.812598
v 0.948361 -0.362242 0.000000
v -0.607890 0.206320 1.178561
v 0.542726 0.326526 0.892543
v -0.939479 -0.706265 1.204080
v -0.349818 -0.878149 0.551622
v 0.034953 0.953360 0.779901
v -0.568349 0.230759 -1.193665
v 0.551622 -0.349818 0.878149
v -0.586120 0.586120 -0.586120
v -0.525124 0.512743 -0.545158
v -0.347997 0.253215 -0.586431
v -0.555759 -0.191855 1.219671
v 0.326526 -0.892543 0.542726
v -0.578779 -0.598648 1.156534
v 0.160794 0.381726 1.170218
v 0.349818 -0.878149 -0.551622
v 0.542726 -0.326526 0.892543
v -0.575224 -0.299950 0.733825
v -0.196511 0.002725 0.510063
v -0.457115 0.581897 -1.234300
v 0.940030 -0.718799 0.027086
v -0.319954 -0.004439 -1.331099
v 0.551622 0.349818 0.878149
v -0.779901 0.034953 -0.953360
v -0.892543 -0.542726 -0.326526
v -0.326526 0.892543 -0.542726
v 0.779901 -0.034953 0.953360
v -0.034953 -0.953360 0.779901
v 1.157271 -0.539867 -0.064940
v -0.711927 -0.430468 0.493385
v -0.943034 0.392135 0.689405
v 0.833707 -0.704738 -0.000254
v 0.370533 -0.745960 0.908081
v 0.878149 -0.551622 -0.349818
v 0.318872 -1.172036 -0.207400
v -0.945991 -0.258622 0.732992
v 0.953360 -0.779901 -0.034953
v -0.528375 -0.242952 1.234288
v -1.016753 0.187907 0.745556
v -0.683068 -0.494850 0.551820
v -0.340748 0.384517 0.998919
v 0.000000 -0.511748 0.192102
v 0.381726 -1.170218 0.160794
v 0.878149 -0.551622 0.349818
v -1.072830 -0.620664 0.612163
v -0.768096 -0.382724 1.035484
v -0.555139 -0.177549 1.214061
v -0.315237 0.313552 -0.317962
v -0.647189 -0.130478 0.582613
v -0.926443 -0.708317 1.208251
v 0.313552 0.317962 0.315237
v 0.745960 -0.908081 0.370533
v -0.392135 0.689405 0.943034
v -1.048456 -0.176433 0.701677
v -0.263955 -0.353825 1.150434
v -1.081044 -0.878995 0.873849
v 0.012761 0.492048 0.195833
v -0.047758 0.047791 -0.638271
v -0.255764 -0.437667 1.082421
v 0.000000 -1.094348 -0.014395
v 0.936789 -0.730590 0.649569
v -0.843492 0.390691 0.489803
v -0.768142 0.626361 0.922445
v -0.745866 -0.025828 0.920713
v -0.318872 1.172036 0.207400
v -0.382746 0.318825 -1.498534
v 0.660618 0.286593 0.812598
v 1.046945 -0.302065 -0.630981
v 1.219672 -0.555759 -0.191855
v -1.086387 0.043310 0.728610
v -0.714527 -0.329800 0.694997
v -0.689405 0.943034 -0.392135
v -0.892543 0.542726 -0.326526
v 0.973979 0.053506 -0.088626
v -0.408174 -0.005711 0.924303
v -1.172036 -0.207400 0.318872
v -0.238535 0.842300 0.642261
v -0.525124 -0.512743 0.545158
v 0.263955 -0.353825 1.150434
v 0.943034 -0.392135 -0.689405
v -0.984289 -0.325974 0.682566
v 0.675408 -1.119267 -0.063631
v -0.953360 -0.779901 0.034953
v -0.286593 0.812598 0.660618
v -0.300839 -0.748369 0.943620
v -0.206320 1.178561 0.607890
v -0.037816 0.166247 0.413599
v -0.745960 0.908081 -0.370533
v -1.146035 0.006446 0.632098
v -0.318872 -1.172036 -0.207400
v -0.826087 -0.893607 0.609667
v -1.170218 0.160794 0.381726
v 0.154703 1.238230 0.563087
v -1.146142 0.047576 0.423192
v -0.542726 -0.326526 -0.892543
v 0.642261 -0.238535 -0.842300
v -0.390534 0.226926 0.570184
v 0.649569 -0.936789 0.730590
v -0.226926 0.570184 0.390534
v -0.748369 -0.943620 0.300839
v 0.641213 -0.932910 0.735798
v -0.672187 0.171973 -0.761640
v -0.063631 0.675408 1.119267
v -0.336146 0.222187 0.605608
v 0.160794 0.381726 -1.170218
v 1.145083 -0.226598 -0.422395
v -0.335041 0.629347 -0.594058
v -0.305266 0.419743 0.453101
v 0.228633 0.110750 0.665139
v 0.040669 -0.909163 0.844244
v 0.134704 0.525483 0.343041
v -0.304578 -1.111530 0.269807
v -0.555759 0.191855 -1.219671
v -0.430468 -0.493385 0.711927
v -0.854119 -0.012584 0.858269
v -0.763880 0.508285 -1.045827
v -0.660709 0.554883 1.072159
v -1.155743 -0.430273 1.314005
v -0.909163 0.844244 -0.040669
v -0.585774 0.944046 0.752829
v -1.045488 -0.144679 1.072815
v -0.402154 0.453645 0.702648
v 0.683125 0.397525 0.200253
v -0.720252 0.195588 -0.857885
v -0.878149 -0.551622 -0.349818
v -1.029430 -0.619630 0.575327
v -0.943034 0.392135 -0.689405
v 0.326526 -0.892543 -0.542726
v -0.493568 0.612991 0.750048
v -0.991498 -0.277498 0.345685
v -0.090711 0.452601 -0.381785
v 0.349818 -0.878149 0.551622
v -0.745960 -0.908081 -0.370533
v -0.642261 0.238535 -0.842300
v -0.545158 -0.525124 0.512743
v 0.353825 -1.150434 0.263955
v 0.551622 -0.349818 -0.878149
v -0.849669 0.336926 -0.020034
v 0.302396 -0.632828 0.415779
v 1.150434 -0.263955 0.353825
v 0.948361 0.362242 0.000000
v -0.395660 -0.683359 0.847693
v -1.145083 0.226598 0.422395
v -1.119267 -0.063631 0.675408
v 0.505132 -1.450150 -0.043214
v -0.492577 -0.102113 -0.593629
v -0.659679 0.448032 -0.607730
v -0.376633 -0.121194 -0.564489
v -0.738247 -0.983945 0.954871
v 0.160794 -0.381726 1.170218
v -0.861921 0.350851 0.695514
v -0.493385 -0.711927 0.430468
v -0.422395 1.145083 -0.226598
v -0.282883 -0.023208 1.323901
v -1.071902 -0.884571 0.911373
v 0.381448 -0.889495 0.479442
v 0.959006 -0.036724 -0.838992
v 0.263955 -0.353825 -1.150434
v -0.282883 -0.023208 -1.323901
v 0.415659 -0.378583 0.928855
v -0.626648 0.131839 -0.792973
v 0.689405 -0.943034 -0.392135
v 0.803045 -0.940603 -0.236342
v 0.321561 0.208263 -0.888142
v -0.125724 0.085110 0.778935
v 1.076277 0.029702 0.140048
v -1.450150 -0.043214 0.505132
v -0.888142 0.321561 0.208263
v -0.562952 0.188696 1.212582
v -1.217305 0.580830 0.528684
v -1.111863 0.856880 -0.358075
v -1.238155 0.369564 0.081215
v -0.231636 -0.494978 0.402865
v 0.501323 -0.656973 0.221426
v 0.286593 -0.812598 0.660618
v 0.378583 -0.928855 0.415659
v -0.561753 0.213133 0.534065
v -0.280522 0.092814 -0.910090
v -0.050098 -0.589651 0.551019
v 0.269807 0.304578 1.111530
v -0.512743 -0.545158 -0.525124
v -0.913056 0.759492 0.634938
v 0.023208 -1.323901 -0.282883
v -1.438607 0.001452 0.170609
v 0.271183 0.682891 0.962508
v 0.607891 0.206320 1.178561
v -0.325974 -0.682566 0.984289
v -0.752829 0.585774 -0.944046
v 0.388576 -0.788599 0.431823
v -1.168518 -0.172832 1.052158
v -0.784534 -0.390359 0.427982
v -0.798627 0.417668 -0.947017
v -0.510063 0.196511 -0.002725
v 0.321561 0.208262 0.888142
v -0.202436 -0.306957 -1.102062
v -0.584987 0.175077 1.204165
v 0.909163 -0.844244 0.040669
v -0.528684 1.217305 -0.580830
v 0.187907 -0.745556 1.016753
v -0.167141 0.651062 -1.018918
v -0.756827 0.461885 -1.410543
v -0.200253 0.683125 -0.397525
v 0.714050 0.858463 0.392731
v -0.353825 -1.150434 -0.263955
v 0.003072 0.776564 -0.532379
v -0.551622 -0.349818 -0.878149
v 0.064400 0.057150 0.673457
v -1.090340 -0.186473 0.395083
v -1.128270 0.225981 -0.277492
v -0.390454 -0.017916 0.822384
v -0.336926 -0.020034 -0.849669
v -0.946659 0.279342 1.047311
v -0.023208 -1.323901 -0.282883
v -0.225981 0.277492 1.128270
v -0.302396 -0.632828 0.415779
v -1.130079 -0.128475 1.018365
v -1.428615 -0.056030 0.535324
v -0.761603 -0.651197 0.840251
v 0.682891 -0.962508 0.271183
v -0.685576 -0.932372 1.044489
v -0.745960 0.908081 0.370533
v -1.080116 -0.075839 0.650710
v 0.369564 0.081215 1.238155
v 0.316695 0.731182 0.587112
v -0.281285 -0.382144 1.036576
v -0.035540 0.329531 -0.388470
v 0.657809 -0.885224 0.365253
v 0.555759 -0.191855 1.219672
v -0.237691 -0.297751 1.069873
v -0.389400 -0.368660 0.170789
v -0.525124 -0.512743 -0.545158
v -0.247306 0.612694 -0.492121
v 1.321178 -0.234515 0.024438
v -0.723205 -0.552543 0.519716
v -0.121221 0.608712 -1.381135
v 1.111863 -0.856880 0.358075
v 0.098480 0.158466 0.058981
v -0.794323 -0.595807 0.736748
v 0.733825 -0.575224 0.299950
v 0.336926 -0.020034 0.849669
v 0.146048 -0.293132 0.456794
v -0.702648 0.402154 0.453645
v 0.196511 -0.002725 0.510063
v -0.664978 1.125713 -0.059648
v -1.282158 0.221421 0.727601
v 1.169610 0.093437 0.498228
v -1.521451 0.274864 0.405106
v -1.085945 0.862138 0.326721
v -0.623455 0.498545 -0.591905
v -0.936522 0.221451 -1.198568
v -0.378583 0.928855 0.415659
v 0.745960 -0.908081 -0.370533
v -0.771529 -0.387991 0.434539
v -1.113240 -0.490490 0.967086
v -0.546179 0.180725 -1.148213
v 0.001452 -0.170609 1.438607
v -0.449840 0.456335 -0.290458
v -0.008518 0.855781 0.794871
v -0.955949 -1.204136 0.757008
v 0.922218 -0.735508 0.649761
v 0.984289 -0.325974 0.682566
v -0.885549 -0.409471 -0.670223
v -0.434016 0.426641 0.899153
v -0.962847 0.053472 0.633159
v -0.240141 0.330260 -1.087660
v -0.705244 0.159246 -0.859694
v -0.349818 0.878149 0.551622
v 1.217305 -0.580830 -0.528684
v 0.562726 -0.517884 -0.163879
v -0.130615 -0.060988 -0.642206
v 0.020034 -0.849669 -0.336926
v -0.139955 0.118604 0.909715
v 0.017360 -0.227829 -1.387298
v -0.316864 0.304102 -0.296215
v -0.146738 0.808082 -0.866627
v 0.892543 0.542726 0.326526
v -0.908081 0.370533 0.745960
v -0.656326 0.191825 -0.392172
v -0.076359 1.309898 0.285044
v -0.253419 0.149625 -0.241675
v 0.551622 0.349818 -0.878149
v -0.927114 0.258431 0.640316
v -1.457297 -0.393243 1.107307
v -0.909163 0.844244 0.040669
v 1.406943 -0.005129 0.302555
v 0.006446 -0.632098 1.146035
v 0.395999 -0.647082 0.265869
v -1.001542 0.277679 0.629466
v -0.628641 -0.135996 -1.178656
v -0.432575 -0.292015 0.626412
v 0.254601 -0.050409 0.318325
v -0.293603 0.799992 -0.736606
v 0.342568 -0.366233 0.155021
v 0.512743 -0.545158 0.525124
v 0.230107 -0.510938 0.249947
v -0.637401 0.053650 -1.508204
v 0.034953 -0.953360 -0.779901
v -0.703252 0.949924 0.263406
v -1.327567 0.240540 0.704885
v -0.853258 0.374186 -1.098513
v 0.306957 -1.102062 -0.202436
v 0.208263 -0.888142 0.321561
v -0.664978 1.125713 0.059648
v 0.581806 -0.917965 -0.357203
v 0.528568 -1.201431 0.503967
v 0.378583 -0.928855 -0.415659
v 0.422395 -1.145083 -0.226598
v 0.300839 0.748369 0.943620
v -0.394437 0.899131 0.312232
v -0.010177 0.115109 -0.514889
v 0.409471 -0.670223 0.885549
v 0.469217 -1.016356 0.144303
v 0.237593 -0.550476 0.456437
v 0.922445 -0.768142 -0.626361
v 0.714050 -0.858463 0.392731
v -0.472022 0.362022 0.901501
v -0.842300 0.642261 -0.238535
v -1.314631 -0.291843 -0.014823
v 0.020033 -0.849669 0.336926
v 0.664978 -1.125713 0.059648
v 0.908081 -0.370533 0.745960
v -0.756211 0.179141 -0.881233
v -0.080345 0.394638 1.193012
v -0.948126 -0.218486 0.386300
v -1.302094 -0.212952 0.817575
v 0.263955 0.353825 1.150434
v -0.494978 -0.402865 0.231636
v 0.844244 -0.040669 0.909163
v 0.071720 0.141028 1.446416
v -0.563087 -0.154703 1.238230
v -1.147702 0.627415 0.886599
v -1.360807 -0.298963 0.765541
v 0.528684 -1.217305 -0.580830
v 0.336146 -0.222187 0.605608
v -0.176433 -0.701677 1.048456
v 0.023155 0.146850 -0.551083
v 0.251576 0.693408 0.590834
v 0.394638 -1.193012 -0.080345
v 0.682566 -0.984289 0.325974
v -0.953629 -0.331398 0.041739
v 0.604403 -0.499486 0.200839
v 0.103452 0.212880 -0.178886
v -0.890947 -0.106342 -0.883390
v -1.219672 -0.555759 0.191855
v -0.526928 0.516533 -0.510109
v -0.908081 -0.370533 -0.745960
v -1.333528 -0.262876 0.482921
v 1.157089 -0.814228 -0.255927
v 0.076431 0.910782 0.799285
v 0.461707 0.102201 0.054616
v 0.017137 0.163749 1.430975
v -0.081008 0.349377 -0.827617
v -0.348202 0.748064 1.059881
v -1.239994 0.926045 0.654862
v 0.513191 0.089829 0.814946
v -0.118434 0.943659 -0.176215
v 0.363063 -0.127434 0.559378
v -0.238539 -0.165582 0.741315
v 0.842300 -0.642261 -0.238535
v -0.670223 -0.885549 0.409471
v -1.102678 -0.525831 0.595034
v -0.814946 0.513191 -0.089829
v -0.381726 1.170218 -0.160794
v 1.082403 -0.032881 -0.735055
v -1.177755 -0.164558 0.955898
v 0.424489 0.418638 0.711034
v -0.181709 0.214365 0.529023
v -0.675408 1.119267 0.063631
v -0.797953 0.484107 -0.915113
v -0.036724 0.838992 0.959006
v -0.195833 0.012761 -0.492048
v 0.754457 -1.293183 -0.298536
v 1.090546 -0.466403 0.250141
v -0.254540 0.244300 0.116179
v -0.084021 -0.238522 0.768028
v -0.305320 -0.104195 -0.503016
v -0.849669 0.336926 0.020034
v 0.446793 0.333189 -0.077924
v 0.335038 -0.742386 0.814590
v 0.692926 -0.826848 0.686386
v -0.094285 0.399580 1.143620
v 0.525838 0.398614 1.129144
v -0.658445 0.891323 0.924491
v -1.751160 -0.009483 0.365176
v -0.131968 0.125625 -0.883496
v 0.512743 -0.545158 -0.525124
v -0.943034 -0.392135 -0.689405
v 0.171729 -1.237885 -0.495131
v 0.646251 -0.798001 0.761908
v -1.076401 -0.220601 -0.287188
v -0.222187 0.605608 0.336146
v -0.193234 0.442680 -0.027457
v 0.318872 -1.172036 0.207400
v -0.973979 -0.053506 -0.088626
v -0.838992 0.959006 -0.036724
v -1.293823 0.311859 0.767576
v -0.814946 0.513191 0.089829
v 0.140048 -1.076277 -0.029702
v -0.844244 0.040669 0.909163
v -0.754457 1.293183 -0.298536
v -0.353825 -1.150434 0.263955
v -0.626412 0.432575 0.292016
v -0.056030 -0.535324 1.428615
v -1.032895 -0.917299 0.925411
v 0.378682 -0.195898 -0.589361
v 0.704885 -1.327567 0.240540
v -0.534952 1.146914 0.152857
v 0.450337 -1.493497 -0.348051
v -0.768028 0.084021 0.238522
v 0.222187 -0.605608 -0.336146
v -0.847307 0.600038 0.728281
v -0.458550 -0.067381 0.719905
v -0.899153 -0.434016 0.426641
v 0.329640 0.998905 0.781603
v -0.435582 0.172537 -0.610397
v -1.350345 0.031107 0.730844
v -0.163749 -1.430975 0.017137
v 0.143895 -1.410504 0.014828
v 0.366267 -1.050724 0.210606
v 1.307683 -0.329769 -0.735648
v -0.954065 -0.739224 1.189082
v -0.978045 0.374855 0.987619
v -0.388576 -0.788599 0.431823
v -0.858463 -0.392731 0.714050
v -0.274932 0.611648 -0.624371
v -0.753140 -0.122558 1.295114
v 0.745960 0.908081 0.370533
v -0.020023 -0.007119 -1.118650
v -0.144160 -0.288708 -0.796039
v -0.329800 -0.694997 0.714527
v -1.210109 0.551410 0.763032
v -0.939045 0.315149 1.056266
v -0.066277 0.407836 -0.154999
v 0.346457 -1.115651 0.842667
v -0.043214 0.505132 1.450150
v -1.223529 0.566213 0.157763
v -1.447535 0.796405 0.337294
v 0.050098 -0.589651 0.551019
v 0.131279 0.989181 1.109563
v 0.592905 -0.612989 0.541925
v -1.314219 -0.798249 1.146082
v -0.089829 -0.814946 0.513191
v -0.925123 -0.770855 1.188697
v -1.170375 -1.000607 0.538832
v -0.020034 0.849669 -0.336926
v -0.486930 -0.539907 1.189456
v 0.751054 -1.040745 0.119539
v 1.013697 -0.804752 0.376768
v 0.066568 -0.639787 -0.052848
v -0.325422 0.015422 -1.698507
v -0.168647 -1.205328 0.593311
v 0.046675 -1.226253 0.359269
v -0.296049 -0.738955 0.816054
v 0.585927 -0.988086 1.091569
v -0.883390 -0.890947 0.106342
v -0.859608 -0.387824 1.138098
v -0.146396 -0.885370 0.646970
v -0.847099 -0.320484 1.115468
v -0.570412 0.763302 -0.841118
v -0.493658 -0.259887 0.404698
v -0.962335 1.164708 -0.219134
v 0.043020 -1.161374 0.570580
v -0.888777 -0.050459 1.305548
v -1.082950 0.079956 0.783140
v -0.378583 -0.928855 -0.415659
v -0.347997 0.253215 0.586431
v 0.364458 -1.513821 0.290301
v -0.928855 0.415659 0.378583
v -0.922445 -0.768142 -0.626361
v 0.938735 0.331827 0.335697
v -0.325974 0.682566 -0.984289
v -1.157271 0.539867 -0.064940
v -0.231633 0.997642 1.052783
v 0.057150 -0.673457 0.064401
v -1.165066 -0.550876 0.909986
v 0.359269 -0.046675 1.226253
v 0.241677 -0.059411 0.329882
v -0.348494 1.062861 0.282375
v -0.599281 -0.644931 1.172082
v -0.464345 0.111615 1.186118
v -0.027086 -0.940030 0.718799
v 1.235487 -0.570269 0.150264
v 0.294493 -1.745845 0.014104
v -0.034953 0.953360 0.779901
v -0.695088 -0.175674 -0.893521
v -0.569909 0.683054 0.462478
v -1.302102 0.327007 0.067822
v -1.146914 0.152857 0.534952
v 0.962092 -0.510327 0.284212
v -0.923161 -0.293354 0.788761
v -0.578656 -0.347131 0.904757
v -0.511178 -0.300760 1.003644
v 0.303052 0.453193 -0.026632
v 0.106030 -1.000492 0.245716
v -0.446584 -0.218949 0.263315
v -0.220875 -0.386308 0.719895
v -0.592360 0.082270 -0.369310
v -0.282883 0.023208 1.323901
v 1.060907 -1.064664 -0.001859
v -0.905373 0.287998 1.087248
v -0.935118 0.539177 0.817250
v 0.943034 0.392135 0.689405
v -0.859210 -0.085473 -0.575716
v -1.205328 -0.593311 0.168647
v -1.133839 -0.124182 -0.600426
v 0.225109 -0.974082 1.161102
v -1.238842 -0.534103 0.253646
v 0.014828 0.143895 1.410504
v 0.029702 0.140048 -1.076277
v -0.473227 -0.274568 -1.527931
v -0.305366 0.602451 0.044938
v 0.150628 0.669662 1.091048
v -0.510063 0.196511 0.002725
v -0.035133 -0.145615 -0.257146
v -0.940030 0.718799 0.027086
v 0.779901 0.034953 0.953360
v 0.257800 1.173774 0.213054
v -0.853258 -0.374186 1.098513
v -0.188696 -1.212582 -0.562952
v -0.396689 0.482198 -0.302777
v -0.277492 1.128270 -0.225981
v 0.924860 -0.743392 0.575651
v -0.626412 0.432575 -0.292015
v -0.568349 0.230759 1.193665
v 0.227829 -1.387298 0.017360
v 0.173201 -1.422305 0.119885
v -1.092181 0.078581 0.649785
v 0.002725 -0.510063 -0.196511
v -0.691659 -0.410782 -0.610236
v 0.047576 -0.423192 1.146142
v -0.603947 0.127497 -0.351046
v -0.076565 1.522851 0.585851
v 0.689405 -0.943034 0.392135
v -0.559378 0.363063 0.127434
v -0.360424 -1.110411 0.857778
v -0.832951 -0.060294 0.258416
v -0.247177 0.762475 -0.261363
v 0.458348 -1.043384 0.869139
v -0.329988 0.500332 -0.948645
v -0.618348 0.849696 1.287353
v -1.172765 0.502600 0.517573
v -0.599227 -1.175444 0.673771
v -0.370533 0.745960 -0.908081
v -1.138540 0.264761 0.349880
v -0.892558 0.737435 -0.666227
v -0.556598 -0.371116 0.930816
v -0.607940 -0.251842 0.726574
v -0.558005 0.184158 1.150629
v -0.226598 0.422395 1.145083
v -0.922445 0.768142 0.626361
v -0.313043 -0.668750 0.304750
v -0.539104 0.770753 -0.824188
v -0.865354 -0.401934 0.392072
v 0.361664 0.347406 0.842279
v 0.235311 0.708765 1.330491
v -1.393080 -0.719668 0.762854
v -0.780819 0.480651 -1.026281
v 0.327050 1.007285 0.798892
v -1.038395 0.096155 0.795418
v 0.752478 -0.825670 0.008193
v 0.213381 -0.533826 0.563927
v 0.890810 -1.158213 -0.612311
v -0.048087 0.166476 -1.510708
v -0.171729 1.237885 -0.495131
v -0.872621 -0.027751 1.315145
v -0.606907 -0.079409 0.624164
v 0.525124 -0.512743 0.545158
v 0.496501 -0.310969 0.352843
v 0.750606 -0.804937 0.343447
v -0.016839 -1.021350 1.150880
v -0.091841 1.055355 0.018595
v -0.202436 0.306957 1.102062
v -0.238926 0.750317 -0.223200
v -0.973173 -0.114433 1.357855
v -0.801326 -0.548375 1.463411
v -0.815767 -0.621590 0.907254
v 0.052397 -0.765289 0.326641
v 0.355960 -1.233430 0.384683
v 0.409471 0.670223 0.885549
v 0.814946 -0.513191 -0.089829
v -0.909163 -0.844244 -0.040669
v -0.747668 -0.002463 0.908813
v 0.878149 0.551622 -0.349818
v 0.660618 -0.286593 0.812598
v 0.034953 -0.953360 0.779901
v -0.769152 -0.478123 1.447577
v 1.089383 -1.053032 -0.035261
v -1.516192 -0.337304 0.290370
v 0.110728 1.016948 0.486876
v -1.312155 -1.162225 0.836788
v 0.146396 -0.885370 0.646970
v -0.361198 -0.323013 0.994526
v 0.081200 0.116829 0.898807
v -1.143985 -0.472005 1.354994
v -0.389851 0.513648 -0.946378
v -0.189480 1.029102 0.095243
v 0.589361 -0.378682 -0.195898
v 0.392135 0.689405 0.943034
v -0.768028 0.084021 -0.238522
v -0.233198 -0.441797 -0.154043
v 0.337441 -1.068539 0.163965
v 0.631611 -1.729442 0.159354
v 0.634424 -0.827902 0.322193
v -0.381219 0.184592 -0.667300
v 0.030592 -1.663491 0.256146
v -0.142785 -0.503336 0.226418
v -0.672187 0.171973 0.761640
v 0.139967 -0.804414 -0.268763
v -0.287201 0.996934 -0.582733
v -0.356572 0.355653 -1.505968
v 0.274864 -0.405106 1.521451
v 0.226926 -0.570184 0.390534
v 0.885224 -0.365253 0.657809
v 0.392731 -0.714050 0.858463
v 0.389400 -0.368660 0.170789
v -1.063373 -0.892489 0.819121
v -0.655149 0.163962 -0.394124
v 0.943620 -0.300839 0.748369
v -0.063631 0.675408 -1.119267
v -0.803045 0.940603 -0.236342
v 1.201431 -0.503967 0.528568
v 1.016754 0.187907 0.745555
v 0.426641 -0.899153 0.434016
v -0.184584 0.594699 -0.270592
v -0.821630 0.638412 0.146217
v -0.726110 0.074251 -0.893369
v -0.500074 -0.795426 0.748124
v -0.353797 -0.102946 -0.490266
v -0.057056 0.400641 -0.416924
v -0.350960 0.140532 1.210555
v 0.252409 -0.500980 1.127290
v -0.940603 0.236342 0.803045
v 1.412116 -0.019189 -0.568083
v 0.776801 -0.194126 0.310782
v -0.947943 0.326260 -0.571229
v 0.399580 -1.297801 1.157883
v -0.799982 -0.595899 0.735737
v -0.693597 -0.527678 0.573705
v 0.024438 -1.321178 0.234515
v -0.512743 -0.545158 0.525124
v 0.730590 -0.649569 0.936789
v -0.890810 1.158213 -0.612311
v 0.842667 -0.346457 1.115651
v -0.943010 1.116014 0.551036
v 0.769302 -0.507562 0.108590
v -0.082811 -0.653623 1.103815
v -1.177944 -0.963111 0.529528
v -0.977953 1.005745 0.899808
v -0.895470 -0.072532 1.305381
v 0.998949 -0.513565 0.266724
v 0.695330 -0.745176 0.331719
v 0.285801 0.324396 0.532441
v 0.262087 0.133357 0.636449
v -0.622098 -0.374951 0.638730
v 0.265392 -1.521424 -0.313809
v -0.860205 0.624962 0.771665
v -0.703252 0.949924 -0.263406
v -0.897654 0.393533 0.299779
v 0.213376 -0.787331 0.542155
v -1.043058 0.052936 0.710671
v 0.735055 -1.082403 -0.032881
v 0.236342 -0.803045 0.940603
v 0.880146 -0.578623 0.581472
v -1.009064 0.208273 -0.702109
v -0.312486 -0.319252 -1.135794
v -0.327490 0.663537 -0.569076
v -0.765188 -0.382236 1.455448
v -0.217052 0.268196 -0.726069
v -0.957524 -0.318094 0.377832
v 0.163965 -0.337441 -1.068539
v -1.251091 -0.171530 0.589308
v 0.221461 1.519318 0.334636
v -0.283827 1.097339 0.122205
v 0.707277 0.151389 0.114244
v 0.373703 -0.684594 0.240717
v 0.226944 -0.727666 -0.693184
v -0.548441 -0.545065 1.196420
v -0.378682 0.195898 -0.589361
v -0.680816 0.864679 0.558695
v -0.827599 -0.160841 0.138391
v 0.509080 0.509299 1.188102
v 0.542726 -0.326526 -0.892543
v 0.842300 -0.642261 0.238535
v 0.233433 1.152340 0.159473
v -0.521202 -0.510427 0.548345
v 1.161374 -0.570580 0.043020
v -0.291843 0.014823 1.314631
v -0.963372 0.270857 0.666264
v -0.233554 -0.187610 0.616980
v 0.350648 0.356167 0.601765
v 0.264716 -1.557223 -0.299801
v -0.779901 -0.034953 -0.953360
v 0.088633 -1.279545 0.353889
v -0.361695 0.954386 0.717170
v -1.104543 0.142403 0.980375
v 0.325974 -0.682566 -0.984289
v -0.078987 0.182866 0.778805
v -0.365648 0.730146 0.426132
v 0.718799 0.027086 0.940030
v -0.642653 0.203518 -1.127638
v -0.589331 -0.178377 1.186623
v 0.572327 0.086504 0.443607
v 1.109082 0.068910 0.505174
v 0.407586 -1.490111 -0.365059
v 0.325974 -0.682566 0.984289
v 0.426641 -0.899153 -0.434016
v 0.768142 0.626361 0.922445
v 0.586120 0.586120 -0.586120
v 1.053238 -0.724564 -0.275794
v -0.079473 -0.199168 -1.529660
v 1.261089 -0.915928 -0.040648
v -0.367074 -0.083988 -0.241527
v 1.288654 -0.755614 0.137611
v -0.381726 -1.170218 0.160794
v -0.116801 0.244433 -0.778368
v -1.304430 -0.749338 1.208638
v -0.675753 0.104874 -1.130312
v -0.374355 1.092409 0.175371
v 0.381726 -1.170218 -0.160794
v -0.912863 0.184429 1.171489
v 0.922445 0.768142 0.626361
v 0.672826 -0.444697 0.121338
v -0.643467 -0.163965 0.559558
v 0.270394 0.255203 -0.580118
v 0.129072 0.453816 -1.110524
v -0.426556 0.006068 0.857275
v 1.051773 -0.932560 0.309817
v -1.508803 -0.048780 0.990290
v -0.445194 1.086447 0.384622
v 0.855781 -0.794871 -0.008518
v -1.466504 -0.432314 1.117890
v -0.667193 -0.152390 0.883692
v 0.368569 -1.446088 -0.317363
v -0.740527 -0.098316 0.861161
v 0.001452 0.170609 1.438607
v -0.931680 0.739321 0.015731
v -0.314032 0.078762 -0.914049
v -1.468882 -0.546504 1.467123
v 0.498228 -1.169610 -0.093437
v -1.144264 0.678233 0.908699
v -0.885549 0.409471 -0.670223
v -0.513191 -0.089829 0.814946
v -0.649399 0.994740 0.735695
v -0.555759 -0.191855 -1.219672
v 0.385760 0.553851 0.832615
v 0.587556 0.085586 0.399434
v -1.127805 -0.137935 1.027958
v -0.722652 -0.379979 0.401853
v -0.637096 0.210953 -0.363034
v -1.062390 -1.162966 1.106264
v 1.190026 -0.476432 -0.104448
v -0.233002 0.027794 -1.297809
v -1.197699 -0.497151 0.609236
v -0.609437 -0.007929 -0.070731
v -0.744873 -0.317329 -0.231481
v -0.392135 -0.689405 -0.943034
v -0.503791 0.249266 0.008239
v -0.735055 1.082403 -0.032881
v 0.817101 -0.486103 0.313371
v 0.168281 -0.809544 0.190839
v 0.105991 0.183051 -0.172996
v 0.238535 0.842300 0.642261
v 1.026990 -1.046604 -0.289716
v 0.496985 -0.828979 0.078680
v -0.286357 0.608161 -0.850348
v 1.145083 0.226598 0.422395
v -0.738955 0.816054 0.296049
v 0.784839 -0.633917 0.897345
v 0.106342 0.883390 0.890947
v -0.771642 -0.266085 0.135103
v -0.448821 -0.711358 0.843487
v 0.233198 -0.441797 -0.154043
v 0.520738 0.484034 1.147193
v 0.720484 -1.036993 -0.037058
v -1.254745 0.551183 -0.419460
v 0.943034 -0.392135 0.689405
v 0.838992 -0.959006 -0.036724
v 0.669662 -1.091048 0.150628
v -0.675657 0.159593 -0.724801
v -0.750586 0.724026 0.962580
v -0.173360 0.276261 -1.140015
v -0.654956 0.160520 -0.394368
v -0.940030 0.718799 -0.027086
v -0.380228 -0.989214 0.935289
v 1.125713 -0.059648 0.664978
v -1.276471 0.928729 0.634400
v 1.169873 -0.222455 0.121625
v -1.106698 0.154688 0.382457
v -1.457621 -0.709625 0.877008
v -0.761481 -0.390487 0.611375
v 0.575413 0.324150 0.413600
v 0.000062 0.273972 -1.472040
v -0.672395 0.569578 1.051056
v -0.133121 0.667032 0.703527
v 0.913056 -0.759492 -0.634938
v -0.335041 0.629347 0.594058
v -0.610213 0.959149 0.713287
v 0.493983 0.930747 1.117230
v 0.666862 -0.577949 0.306385
v 0.987074 -0.940817 0.879530
v 0.642261 -0.238535 0.842300
v -0.791809 -0.798983 0.640987
v -0.497006 -0.192216 0.295834
v -0.730590 0.649569 0.936789
v -0.657622 1.314479 0.257924
v 0.235709 -0.799941 -0.320605
v 0.008342 -0.016955 -1.007664
v 0.058324 -0.866628 0.291349
v -0.547378 -0.333043 0.917218
v -0.095513 0.673899 0.084538
v -1.165683 0.071627 0.327099
v -0.244767 0.632525 -0.660079
v 0.321561 -0.208263 0.888142
v -1.216853 0.577717 0.510205
v -0.277679 0.629466 1.001542
v -0.168647 -1.205328 -0.593311
v -0.390090 -0.989939 0.369633
v -0.496926 0.787988 -0.932089
v 0.995495 -1.147089 0.230516
v -0.136978 -0.365860 0.418516
v 0.712728 -0.465326 0.550282
v -0.241995 -0.902926 0.578887
v -0.291843 -0.014823 1.314631
v -0.605719 -0.414070 -0.135106
v 0.172483 -0.642601 0.296121
v 0.022027 -0.172178 0.554258
v -1.042046 -0.221323 0.313434
v -1.279743 -0.265334 0.235100
v -0.197977 0.281188 1.239795
v -0.100877 0.982643 0.459923
v 0.742713 -0.789252 0.379475
v -0.605608 0.336146 0.222187
v -0.210604 0.686135 -1.053477
v -0.195898 0.589361 0.378682
v -1.177628 -0.114519 0.485984
v -0.064940 1.157271 -0.539867
v 0.510063 -0.196511 -0.002725
v -0.607486 0.133678 0.165160
v 0.581727 -0.531033 1.215852
v 1.299713 -0.777072 0.086836
v -1.695853 0.136955 0.697698
v 0.290301 0.364458 1.513821
v -0.302065 0.630981 1.046945
v -0.382712 0.334029 -1.495535
v -0.899738 0.014489 1.298049
v -1.157089 0.814228 -0.255927
v 0.621005 -0.935441 0.717751
v -0.816054 -0.296049 0.738955
v -0.286593 -0.812598 -0.660618
v -1.094815 0.149670 -0.347974
v 1.195968 -0.604869 0.103907
v 0.630160 -1.284888 -0.390341
v 0.269807 -0.304578 1.111530
v -0.261389 1.278659 0.360225
v -0.524383 0.233264 -0.008009
v 0.240141 -0.330260 1.087660
v 0.555684 -0.925206 0.356542
v 0.300839 -0.748369 -0.943620
v 0.557900 -0.221514 0.199584
v 1.198659 -0.490770 -0.100680
v -0.649569 0.936789 -0.730590
v 0.752829 -0.585774 0.944046
v -0.686386 0.692926 -0.826848
v -0.199057 0.299673 1.050551
v -0.312232 0.394437 0.899131
v -1.006145 -0.194147 -0.252785
v -0.494939 0.017069 0.895434
v -0.454902 -0.734498 0.837997
v -0.887242 -1.186553 0.396493
v -0.660618 0.286593 -0.812598
v -0.372557 0.211978 0.477725
v 0.300839 -0.748369 0.943620
v -0.768012 0.667961 0.915533
v -1.483044 0.393891 0.353330
v -0.514696 0.556658 -1.184071
v -1.404760 -0.056592 0.907700
v -0.657809 0.885224 -0.365253
v -0.357203 0.581806 -0.917965
v 0.100799 -0.611228 0.587485
v 0.675040 -0.838707 -0.303680
v 0.099117 0.641125 -0.129112
v -0.338408 -0.390053 0.925445
v -1.140680 -0.031945 1.024316
v -0.589265 -0.607418 0.393300
v 0.757833 0.627594 0.924494
v 1.072146 -1.051346 0.110628
v 0.168647 -1.205328 0.593311
v -0.733799 -0.402706 0.414691
v -0.069669 0.682448 0.067811
v -0.897473 -0.318606 0.737799
v -1.117697 -0.361476 1.353547
v 0.731398 -1.524822 -0.583077
v -1.053580 0.048706 0.734905
v 0.318431 -1.162455 0.815139
v -0.763685 0.427649 0.543500
v 0.983067 0.352248 -0.030093
v -0.936789 -0.730590 -0.649569
v 0.061104 0.097160 -1.054118
v 0.818023 -0.106123 0.364899
v -0.473151 0.598495 0.396028
v -0.106298 0.652636 1.093133
v -0.934060 0.201822 -1.157003
v -0.217741 -0.913347 0.598490
v -0.242001 -0.318745 0.391294
v 0.728778 -0.961010 0.205202
v -0.191855 1.219672 0.555759
v 0.532092 -1.153265 -0.097961
v 1.085945 -0.862138 -0.326721
v -0.636979 -0.132858 -1.824791
v -1.186643 0.509444 0.497838
v -0.507261 0.295230 -0.259769
v 0.727793 -0.669598 0.975370
v 0.528363 -0.512050 1.213209
v 0.086647 -0.970560 -0.257814
v 0.058973 -1.053150 0.026418
v -0.789212 0.518983 -0.919377
v -1.148658 0.519705 0.863195
v 0.036724 0.838992 0.959006
v -0.233143 -0.576342 0.760220
v -0.814489 0.503183 -0.277953
v 0.732992 -0.945991 0.258622
v -0.322193 0.634424 -0.827902
v 1.385100 0.124350 -0.040671
v 0.539698 -0.590848 0.554817
v 0.029601 1.218880 0.840903
v -0.039788 0.188967 -1.475442
v -1.304870 0.187596 0.646753
v -0.103033 0.321410 0.148844
v -0.909353 -0.310538 0.724123
v 0.813596 -1.016041 -0.148041
v -0.955362 0.237880 -0.667473
v 0.237962 0.712990 1.327483
v 0.034936 0.123654 0.585086
v -0.313725 -0.399302 0.968035
v 0.390534 0.226926 0.570184
v -1.128270 0.225981 0.277492
v -0.424285 0.344005 -1.513230
v -0.932910 0.735798 0.641213
v 0.167495 0.392191 1.162743
v -0.792218 0.432999 -1.404921
v -0.822780 -0.430558 1.469427
v 0.580871 -0.581187 0.650401
v 0.277492 -1.128270 0.225981
v -0.317363 -0.368569 -1.446088
v 0.000525 0.082464 -0.958257
v 1.278839 0.339550 0.188095
v -0.313565 0.920096 -1.221907
v 0.000000 0.948361 -0.362242
v -1.085490 -0.025977 1.418547
v 0.190009 -0.161766 0.999610
v -0.056712 -0.010381 0.813303
v -1.111863 0.856880 0.358075
v -0.915633 0.026150 0.890069
v 0.297159 0.212522 0.729181
v -0.128751 0.610258 0.799372
v 0.905373 0.287998 1.087247
v -0.537934 -1.199715 0.588308
v -0.175118 0.305240 -1.195102
v -0.082409 0.600224 -1.372915
v 0.386287 -1.256054 0.465239
v -0.394131 1.436017 0.422715
v -0.965208 0.266244 -0.560414
v -0.238535 -0.842300 -0.642261
v -0.333771 0.696805 0.868214
v -1.009385 -0.379485 1.353338
v -0.686386 -0.692926 -0.826848
v -0.488493 -0.033811 1.183095
v 0.887902 -1.125122 0.522936
v -1.408661 -0.731248 0.797375
v -0.659559 0.453937 -0.592568
v -0.948635 -0.454738 0.921191
v -1.111661 0.664775 0.929195
v 0.605971 -1.140533 0.513388
v -0.299848 0.385746 0.535955
v -0.581169 0.202566 -1.150688
v 0.430468 -0.493385 0.711927
v 0.095770 -1.367399 -0.235272
v 0.020938 -0.005565 -1.193405
v -0.576713 0.001506 -0.727516
v -0.849669 -0.336926 -0.020034
v -0.661408 0.066646 -0.703827
v -0.732601 -0.510632 0.527631
v -0.374186 1.098513 0.853258
v 0.360424 -1.110411 -0.857778
v 0.851860 0.257322 0.322217
v -0.535995 0.559655 -0.372024
v 0.364954 0.385493 0.756380
v -1.506242 0.434024 0.353197
v -0.146217 0.821630 0.638412
v 1.086387 0.043310 0.728610
v 0.735648 -1.307683 -0.329769
v -0.457115 0.581897 1.234300
v 0.217741 -0.913347 0.598490
v 0.936358 -1.159293 0.434541
v 1.246041 0.325010 0.280004
v -1.059847 -0.581813 0.606804
v -0.207782 0.123507 -0.262767
v 0.601945 0.270709 0.932223
v -0.842105 0.398755 -0.302002
v 0.064887 -1.312774 0.360177
v -0.132320 -0.414577 0.446024
v -0.089801 -0.253179 0.766083
v -0.490233 0.427108 -0.294069
v -0.176804 -0.090371 -0.634157
v -1.018953 0.206014 1.098531
v -0.969510 0.171187 0.216014
v -0.229886 0.754588 0.924212
v 0.579259 0.685050 0.757726
v -0.342890 -1.001427 0.358958
v -0.626361 0.922445 -0.768142
v 0.222187 -0.605608 0.336146
v 0.738955 -0.816054 -0.296049
v -0.268763 0.139967 0.804414
v -1.568330 0.616740 0.040384
v -0.458911 0.577903 -1.249051
v -0.422786 1.104521 1.108967
v -0.131491 0.265872 0.802490
v 1.294524 -0.745239 0.125003
v -0.545158 -0.525124 -0.512743
v -0.336491 0.402664 0.020821
v -0.003276 -1.184003 0.484860
v -0.493635 0.590369 -1.153351
v -0.888321 -0.449905 -1.037204
v 0.233002 -0.027794 1.297809
v -0.789347 0.167920 1.517178
v -0.594467 -0.275638 -0.824962
v -1.120381 -0.160594 1.038709
v -1.186118 0.464345 0.111615
v 0.295147 -0.701640 0.786531
v -0.097961 0.532092 1.153265
v -0.734321 0.364018 0.422553
v 1.145917 0.135061 -0.409505
v -1.492908 0.336779 0.391043
v 0.326526 0.892543 0.542726
v -0.338722 1.327918 0.028075
v -0.438329 0.409976 -0.260280
v 0.104233 0.661672 -0.771383
v 1.017135 -1.077602 -0.276375
v 1.421285 -0.030853 0.252485
v -1.347921 0.237984 0.049059
v -0.846167 -0.346301 0.345000
v -0.151551 -1.420322 0.117697
v 0.030160 0.135971 -1.438186
v 0.346915 -0.102536 1.325830
v 0.513789 -0.554511 -0.317114
v 0.385990 -1.531773 -0.708224
v -1.237885 0.495131 0.171729
v -0.002725 0.510063 -0.196511
v 0.238480 -1.194748 -0.551753
v 0.011101 0.838158 0.911338
v -1.037500 0.097500 0.749361
v -1.034235 -0.578782 0.407941
v 0.025778 -0.174023 0.998596
v -1.215852 -0.581727 0.531033
v 0.968244 -1.097243 0.596229
v -0.743190 -0.350415 1.026750
v 0.398755 -0.302002 0.842105
v -1.204900 -0.579123 0.162726
v -0.478449 0.341839 -0.847864
v 0.430468 0.493385 0.711927
v -1.026774 0.199283 0.312642
v -0.165401 -1.038175 0.603515
v -1.476310 -0.640533 0.836197
v 0.507261 -0.295230 -0.259769
v -0.767929 -0.076017 -0.149155
v -1.103815 -0.082811 0.653623
v -0.621562 0.261385 0.738367
v -0.140726 0.434592 1.389827
v 0.971503 -0.499108 0.334266
v -0.164149 -0.870154 0.294553
v 0.602946 0.186047 0.505630
v -0.137691 0.742730 -0.309750
v -0.427614 1.405079 -0.013902
v -0.943659 0.176215 0.118434
v -0.586120 -0.586120 0.586120
v -0.652525 0.919071 -0.757433
v -0.796398 0.267909 1.161082
v -0.450337 1.493497 -0.348051
v 0.392135 -0.689405 0.943034
v 0.429119 -0.443802 0.552981
v -0.734344 0.303957 0.726472
v -0.373121 0.622965 -0.552528
v -1.211567 0.439171 0.124235
v -0.381734 0.663709 0.689392
v 0.893482 -1.197774 -0.625407
v 0.889631 -0.384106 0.648491
v -0.366282 0.375226 -0.233815
v -0.239805 -0.250381 0.705368
v 0.576061 0.125637 0.532544
v -0.499033 -0.765746 0.718056
v 0.840885 -0.544819 0.305810
v -0.394638 -1.193012 -0.080345
v 0.427649 -0.543500 0.763685
v -0.912291 0.095944 -1.210427
v 0.104483 -1.320427 -0.142211
v 0.070016 0.230575 -1.396366
v -0.443602 0.988190 -0.064697
v -0.820788 0.089934 0.213448
v -1.002584 0.136712 -0.335730
v -0.166404 0.270123 0.468249
v -0.511457 0.615652 0.034894
v 0.040089 -0.868053 0.862519
v -0.331398 -0.041739 0.953629
v -0.283845 0.025289 -1.696508
v 1.016726 -1.039471 -0.254767
v -0.426641 -0.899153 -0.434016
v 0.048096 -1.127354 0.844421
v 0.177497 -1.054495 0.239697
v -0.300583 0.539736 0.305815
v 0.149013 0.018203 -0.322588
v 0.301485 -0.957730 -0.306915
v 1.120381 -0.160594 1.038709
v -0.584987 -0.175077 -1.204165
v -1.115651 -0.842667 -0.346457
v -0.150994 0.424519 -0.019177
v -0.559523 0.228963 -1.227109
v -0.037103 0.420436 -0.161731
v -0.515071 0.808158 -0.865623
v -0.230759 -1.193665 -0.568349
v 0.358075 -1.111863 0.856880
v -0.493963 0.063355 -0.607529
v -1.275903 0.132073 1.146949
v 0.087684 0.749479 -0.055715
v -0.202436 -0.306957 1.102062
v 0.432575 0.292015 0.626412
v -0.196206 0.605102 0.932374
v -0.705317 0.884285 -0.341262
v -0.492536 -0.086628 -0.567222
v -0.250014 -0.105183 -0.547457
v 0.721103 0.051562 0.047298
v 0.579876 -0.914370 0.356812
v -1.089298 0.449360 -0.243057
v -1.070635 0.140646 0.842332
v -1.105992 -0.529322 0.542682
v -0.012584 -0.858269 0.854119
v 0.361803 -0.648437 0.915321
v -0.034421 -0.203659 -0.789688
v 0.266820 -0.021869 0.324317
v -0.972612 1.167028 0.138796
v -0.837179 0.101287 -0.119883
v 0.632098 -1.146035 -0.006446
v -0.800580 -0.181834 0.126282
v -0.222187 -0.605608 -0.336146
v -0.632252 -0.096317 0.614254
v -0.067997 -0.769726 -0.139875
v -0.597770 -0.284306 -0.853469
v 0.899190 -1.147414 -0.617911
v 0.122090 -0.285587 1.101039
v -0.067381 -0.719905 0.458550
v 0.375303 0.572961 0.788949
v 0.129891 -0.150273 0.905267
v -0.821680 0.731689 -0.486872
v 0.012234 0.198548 1.410579
v -0.698126 -0.976002 0.944241
v -0.853555 -0.207505 1.638214
v 0.593311 -0.168647 -1.205328
v -0.610218 0.719262 0.218109
v -0.063560 -0.265035 -0.435391
v 0.155328 0.335185 1.019056
v -1.109882 -0.289744 1.650390
v -1.097121 -0.147989 0.590931
v 0.351594 -1.161257 0.187430
v -0.642653 0.203518 1.127638
v -0.660918 0.731515 -0.680650
v -0.401201 -0.565411 0.377049
v -0.409471 -0.670223 0.885549
v 0.075279 0.264327 -0.352982
v 0.666264 -0.963372 0.270857
v -0.893612 0.804808 0.597207
v 0.700874 -1.199957 0.179319
v -0.283799 0.449329 0.419719
v 0.678186 -0.620890 0.899414
v 0.634938 -0.913056 -0.759492
v 0.272804 -1.124955 -0.831258
v 1.502235 -0.373057 0.312837
v -0.285044 0.076359 1.309898
v 0.198872 -0.312388 1.026930
v -0.738955 0.816054 -0.296049
v -0.562952 0.188696 -1.212582
v 0.959019 -0.833882 -0.565004
v -0.983588 -0.292453 -0.309571
v 1.087660 -0.240141 -0.330260
v 1.147702 -0.627415 -0.886599
v -1.097339 -0.122205 0.283827
v -0.329167 0.031303 -0.288367
v -0.365467 0.285687 -1.508861
v -0.444287 0.127138 1.035457
v -1.410579 0.012234 -0.198548
v -0.384261 1.040055 0.281747
v 0.597524 -0.854073 0.003298
v 0.016708 -1.632031 0.279084
v -0.128085 0.647643 -1.384309
v 0.316097 -1.061442 -0.571546
v 0.093437 0.498228 -1.169610
v 0.272606 0.690985 0.516644
v -0.536566 -0.303108 1.291350
v 0.320328 -0.039746 -1.296479
v 0.731689 -0.486872 0.821680
v 0.499477 0.594331 1.183595
v -1.152109 0.138541 -0.055517
v 0.788803 -0.776651 0.023545
v -0.529280 -0.149800 1.192339
v -0.831222 0.269195 -0.038852
v -0.043310 -0.728610 -1.086387
v 0.115463 0.274104 -0.134881
v -0.990819 0.318712 0.017799
v -0.745844 0.103009 -1.489531
v -0.001464 0.058097 -1.013704
v -0.343041 -0.134704 0.525483
v -1.079976 -0.238060 0.988915
v 0.811407 -0.699524 -0.156860
v -0.686243 -0.011434 0.597925
v 0.953360 -0.779901 0.034953
v 1.237885 -0.495131 -0.171729
v 0.856880 -0.358075 1.111863
v 0.583869 -0.930357 -0.809449
v -1.340684 0.073057 1.045106
v -1.155671 -0.567938 0.239661
v 1.418541 -0.015181 0.303663
v -0.719518 0.178765 1.161442
v -0.593311 -0.168647 1.205328
v 1.132139 -0.782858 -0.281383
v 0.192318 0.501630 1.099584
v -0.634837 0.729702 -0.843054
v 0.020610 -0.038474 -1.008909
v 0.051046 0.897199 -1.182705
v -0.262927 -0.518648 1.095107
v -1.128214 -0.160694 0.977401
v 0.191855 1.219672 0.555759
v 0.333229 -0.449408 -0.865157
v -0.580830 0.528684 1.217305
v 1.209443 -0.566147 -0.525295
v 0.726367 -0.487031 0.839396
v -1.016940 0.139259 0.235693
v -0.292474 0.267750 -1.218964
v 1.146845 -0.612436 0.837544
v -1.143522 0.497205 0.892793
v -1.361762 0.016875 0.719685
v 0.733144 -1.036924 -0.034109
v 0.035312 -0.715388 1.349651
v 0.266166 -0.760237 -0.883061
v 0.020002 0.359658 -0.067614
v 1.321611 -0.633635 0.482643
v -0.859754 -0.082883 -0.574902
v -0.596233 -0.265158 -0.834717
v -0.434872 0.161761 0.489187
v -0.980354 0.056462 -0.259103
v 1.239994 -0.926045 -0.654863
v 0.776413 0.117402 0.653533
v -0.928855 -0.415659 -0.378583
v -0.544895 0.187797 -0.020486
v -0.802067 0.472288 -0.929497
v 0.743392 -0.575651 0.924860
v -0.179673 -0.022817 -1.304438
v 0.000000 -0.862050 -0.304511
v 0.508421 -1.410951 -0.031792
v 0.647082 -0.265869 0.395999
v -1.060281 -0.186496 1.020783
v -0.922218 0.735508 0.649761
v -0.035273 -1.254774 -0.266104
v -0.683837 -0.564292 0.529470
v -0.153206 0.683197 0.214431
v 0.597232 -1.153084 0.545960
v 0.529439 0.178352 1.229202
v -0.326526 -0.892543 0.542726
v -0.403042 0.101015 0.421533
v 1.098513 -0.853258 -0.374186
v 1.266789 -0.253894 0.003793
v 0.940603 -0.236342 0.803045
v -0.544276 -0.249630 1.268071
v -0.812835 0.371333 -0.431258
v -0.160174 -0.770912 -0.013543
v -1.324298 -0.369483 0.617973
v -0.531287 -0.181364 -0.669192
v 0.226944 -0.727666 0.693184
v 1.030219 -0.807719 0.372653
v 0.112933 -0.415303 0.230818
v -0.512743 0.545158 0.525124
v 0.017360 -0.227829 1.387298
v 0.304103 -0.296215 0.316864
v -0.612442 0.624323 0.663456
v -0.976832 -0.011080 0.817566
v 0.512845 0.516101 1.183653
v 0.336926 0.020034 0.849669
v 0.421958 0.890203 0.978127
v -1.036576 -0.281285 0.382144
v -0.108594 -0.229372 -1.530762
v -1.032642 0.130638 0.828322
v -1.340305 -0.117958 1.372286
v -1.195968 0.604869 0.103907
v -1.022653 0.109896 0.962597
v -0.972145 0.148871 -0.972623
v 0.241866 -0.553503 0.774335
v 0.204528 -0.842008 -0.044964
v -0.554417 -0.226439 -1.175040
v -0.966517 -0.849712 0.272988
v -0.273217 1.170714 0.529878
v -0.064461 0.309520 0.419333
v 0.077924 0.446793 -0.333189
v -1.127290 -0.252409 0.500980
v -0.362022 -0.901501 -0.472022
v -0.696336 -0.188176 0.865149
v -0.732212 -0.015403 0.883678
v -0.333504 0.302144 0.637083
v 0.119051 -0.138648 0.644339
v -0.185565 0.024378 -0.825776
v 0.161669 -0.684060 -0.014958
v 0.819292 0.296219 0.741463
v -0.235650 -1.107900 0.336365
v -0.430904 -0.046694 0.667838
v -1.883584 0.324288 0.443403
v -0.959149 0.713287 0.610213
v 0.017360 0.227829 1.387298
v -0.953360 -0.779901 -0.034953
v -0.588308 -0.537934 1.199715
v -0.503787 0.007811 -0.606560
v -0.395504 0.036120 0.882822
v -0.287266 0.031518 -0.957347
v 0.241842 -0.488693 0.753517
v 0.697233 -0.700837 0.910878
v -0.827155 1.455336 -0.036546
v -1.129144 0.525838 0.398614
v 0.128475 -1.018365 -1.130079
v -0.101644 0.476923 -0.752465
v -0.950099 -0.340639 0.047450
v -0.313133 0.008438 -1.340054
v -0.720908 0.089775 0.893966
v 0.312388 -1.026930 0.198872
v -0.973978 -0.053506 0.088626
v 0.586391 -0.875786 0.836192
v -0.079979 -0.184575 0.779776
v -0.403633 0.389145 -0.247107
v -0.198065 0.072612 -0.302609
v -0.627598 0.223897 0.678300
v 1.115651 -0.842667 0.346457
v 0.608077 -0.623105 1.144248
v -0.226926 -0.570184 -0.390534
v -0.523844 0.827435 -0.461472
v -1.067536 -0.116780 1.050907
v -0.634944 -0.471764 0.099774
v -0.030664 0.567953 0.349630
v -0.668078 0.907300 0.355486
v -0.148457 -1.030832 0.602426
v -0.995495 1.147089 -0.230516
v -0.470636 -0.166721 0.328495
v -0.431783 0.782227 -1.541343
v 0.575224 0.299950 0.733825
v -1.092189 -0.189872 0.402605
v -1.352166 -0.297363 0.660591
v -0.432933 0.051800 1.073299
v 0.257329 -0.152084 0.638496
v 1.106564 -0.568518 0.319714
v -0.696468 0.229424 1.117833
v -0.220601 0.287188 1.076401
v 0.010636 -0.967770 -0.374068
v -1.088077 -0.642731 0.551165
v 0.029074 -0.203472 1.403920
v -1.191921 -0.559238 0.206011
v -1.214912 -0.002228 -0.535759
v 1.077602 -0.276375 -1.017135
v -0.891234 1.162172 0.497173
v -0.744793 -0.091479 -1.177778
v 0.813303 0.056712 -0.010381
v -0.848479 -0.363760 -0.538070
v -0.693352 1.251872 -0.907828
v -0.754896 0.590436 -0.206017
v 0.688570 -0.905226 -0.458140
v 0.231775 -0.086341 -1.650176
v -0.899508 0.510095 -0.057366
v 0.287998 -1.087248 0.905373
v -0.108478 0.075512 0.088002
v -0.698436 0.224421 1.174615
v 0.553851 -0.832615 0.385760
v -1.288806 0.901837 0.022949
v -0.324850 -0.689403 0.327459
v -0.814946 -0.513191 0.089829
v 1.006895 0.401848 0.622403
v -0.722206 -0.220814 -0.483197
v 0.531033 -1.215852 0.581727
v -1.053345 -0.412442 -0.049989
v -0.917965 -0.357203 0.581806
v -0.437068 -0.620086 0.456916
v -0.998359 0.738882 1.033296
v 0.467224 -0.364391 0.159376
v 0.297538 -0.666628 0.911774
v 0.398755 0.302002 0.842105
v -0.265279 0.397955 0.647899
v 1.675005 -0.150034 0.077424
v -1.027751 0.224086 1.035689
v -1.133158 -0.510897 0.511898
v 0.114465 0.431357 1.024134
v -0.859279 0.395847 -0.290807
v -0.940797 -0.162154 -0.772823
v 0.702724 -0.227137 -0.339606
v -0.776101 -0.644072 0.860190
v 0.174855 -0.115514 -1.331317
v -0.802718 -0.372037 1.055420
v -0.339715 -0.877898 1.156103
v -0.039316 0.777470 -0.549601
v -0.034804 0.618202 -0.351517
v -0.313335 -1.052460 0.271752
v 1.088719 -0.700871 -0.248410
v 0.857778 -0.360424 1.110411
v -0.689405 0.943034 0.392135
v -0.815108 0.432214 1.382206
v 0.013055 0.116629 0.790141
v 0.516849 -0.180281 -0.026008
v -0.402178 0.519734 0.069612
v -1.107768 -0.526691 0.537234
v -0.300839 0.748369 0.943620
v -1.101039 0.122090 0.285587
v -0.686975 -0.772659 0.707583
v 1.662297 -0.097726 0.054539
v -0.925554 0.341647 0.412434
v -0.083150 0.530094 -1.470826
v 0.909163 -0.844244 -0.040669
v -0.813303 -0.056712 -0.010381
v 0.083539 0.687836 -0.597923
v -0.900527 0.490460 1.328018
v -1.199715 -0.588308 0.537934
v -1.127901 0.448862 1.034014
v 0.585539 -0.561906 -0.528161
v -0.209475 0.310012 -1.217081
v 0.692259 -0.826739 0.700955
v 0.149153 0.826992 0.752289
v -0.015720 0.497510 1.476721
v -0.045346 0.398028 -0.746664
v -0.823694 0.039377 0.363855
v 1.192770 -0.198778 0.084740
v -1.093496 0.125901 0.594863
v -0.551480 -0.327612 0.909090
v 0.933882 -1.102634 0.621678
v 0.525124 -0.512743 -0.545158
v -0.330789 -0.307943 1.518445
v -0.767058 -0.052921 1.018602
v -0.392731 0.714050 -0.858463
v -0.284927 -1.218448 0.718707
v 0.305590 0.656148 0.956372
v 0.689720 -1.346126 0.257044
v 0.433859 -0.262313 0.423721
v 0.330886 -0.077093 -1.267288
v -0.689540 0.380728 -0.210634
v 0.885549 -0.409471 -0.670223
v 0.891005 -1.141700 0.488317
v 0.045843 -0.149173 0.133333
v -0.259648 -0.421620 1.111683
v -0.281354 0.006798 -0.311341
v -0.959006 0.036724 -0.838992
v 0.806971 -0.633015 0.868961
v -0.194659 0.990711 -0.881480
v -0.779244 -0.453594 0.961909
v -0.369483 0.617973 1.324298
v -0.433653 0.593139 -1.265314
v -0.390534 0.226926 -0.570184
v -0.317422 -0.878842 1.142969
v 0.946659 0.279342 1.047311
v -0.118722 0.864865 1.431991
v -0.744635 -0.606349 -0.002255
v 0.162495 -0.565464 0.655224
v -0.293270 0.759469 1.021029
v -0.602876 0.652463 -0.188405
v -0.723689 -0.121866 -0.976418
v 1.162184 -0.152287 0.067449
v 0.796434 -0.666702 -0.523780
v -0.466403 -0.250141 1.090546
v 0.279671 -0.013619 -1.320785
v -0.251592 0.405297 0.932569
v 0.127985 0.650343 -0.800042
v -0.741417 0.018736 0.566658
v -0.164419 -0.294019 0.462916
v 0.387240 0.088615 1.104613
v 0.513795 0.882288 1.153439
v 0.465172 -0.629517 0.635048
v -0.844276 -0.504919 -0.682188
v -0.813483 0.366605 0.987790
v 0.737799 -0.897473 -0.318606
v -0.681504 -0.967500 0.394556
v 0.811152 -1.309646 0.123543
v -0.266727 0.732403 -0.217726
v -0.575707 0.008668 -0.632815
v -0.787907 -0.123234 0.838108
v 0.127434 -0.559378 0.363063
v -0.445586 0.439351 -0.890950
v -1.038893 0.804271 -0.308801
v 1.338902 0.046646 -0.149424
v -0.265135 0.510831 -0.626544
v -0.449315 -0.053642 -1.311178
v -0.526193 -1.106046 0.562978
v 1.308379 -0.252399 0.735933
v 0.592435 -0.697388 0.647162
v -0.566202 -0.713599 1.134733
v -0.936789 0.730590 -0.649569
v -0.543500 0.763685 -0.427649
v 0.225981 0.277492 1.128270
v -0.732699 0.021651 0.798520
v 0.038975 -0.142328 -0.322484
v -0.585851 0.076565 1.522851
v 0.370533 0.745960 0.908081
v 0.380392 0.371628 1.465646
v -0.436850 -0.060220 -1.375785
v -0.118604 -0.909715 -0.139955
v -0.925445 -0.338408 0.390053
v -0.686649 -0.172319 -0.075947
v -1.256341 0.164029 0.871703
v -0.448346 0.461587 -0.874566
v 1.326194 -0.994651 0.414140
v 0.566311 -1.208049 0.501680
v 0.341647 -0.412434 0.925554
v -0.065713 0.903514 1.408144
v 0.123430 -0.531021 0.683373
v 0.988086 -1.091569 0.585927
v 0.977401 -1.128214 -0.160694
v -0.098324 0.688497 0.477036
v -0.781537 0.429904 0.034943
v -0.600816 -0.580232 0.783448
v -0.951630 0.757442 0.001143
v -0.830101 0.284634 -0.098062
v -0.035328 0.689041 1.092323
v 0.199926 0.449594 1.121141
v -0.235920 0.760203 -0.239618
v 1.462874 -0.299500 -0.144282
v -0.799737 -0.044147 0.215517
v 0.195898 0.589361 0.378682
v -0.542553 -0.684624 1.014236
v -1.500205 -0.492842 1.061541
v 0.140902 0.820770 -1.125296
v -1.427951 0.092861 0.657390
v -0.425621 0.170313 0.436719
v -1.557824 -0.317217 0.310909
v 0.513951 -0.598895 -0.664762
v -0.697766 -0.178373 -0.258943
v -0.571524 -0.203975 0.897987
v 0.349818 0.878149 -0.551622
v -0.210827 -0.265701 0.369154
v 0.083965 -0.767264 0.908163
v 1.013001 -0.351207 0.000191
v -0.546332 -0.559093 1.184135
v 0.464345 -0.111615 1.186118
v -0.460971 0.396610 -0.905724
v -0.038851 0.575617 0.360371
v -0.084035 -0.731094 0.888437
v -1.410504 0.014828 0.143895
v -0.994900 -0.273282 0.744250
v 0.175485 0.336524 1.067364
v -0.090711 0.452601 0.381785
v 0.412386 -0.766265 -0.118912
v -0.061182 -0.248381 -0.417928
v 0.313658 -0.949260 1.295711
v -0.208997 0.506972 0.661145
v 0.686618 -1.130610 -0.040523
v 0.125065 -1.001572 -0.079184
v -0.393243 -0.373354 -0.821322
v -0.298536 0.754457 1.293183
v -0.006678 1.318690 0.883385
v 0.393435 -0.006680 0.748801
v -1.014300 -0.050303 0.793844
v 0.440345 0.228883 0.473411
v -0.225517 -0.130950 0.653420
v -0.714050 -0.858463 0.392731
v -0.842667 0.346457 1.115651
v 1.208654 -0.540880 0.525269
v -1.299641 0.726405 -0.122735
v 0.211978 -0.477725 0.372557
v -0.869139 -0.458348 -1.043384
v -0.543364 -0.189041 0.531920
v 1.030001 -0.280433 0.562673
v 1.181050 -0.209152 0.094600
v -0.994526 0.361198 0.323013
v -1.446416 0.071720 0.141028
v 0.646524 -0.415640 0.487166
v -0.959149 -0.713287 -0.610213
v -0.095573 -0.093078 1.105444
v 0.864029 -0.362096 -0.020254
v -0.069885 0.444088 -0.362547
v -0.306915 0.301485 0.957730
v -0.190594 0.050708 -0.296090
v -0.378487 -0.033976 0.780785
v 0.563870 -0.644171 0.176967
v -1.349213 -0.263907 0.663799
v -1.110411 -0.857778 0.360424
v -0.281825 -0.780394 0.071872
v -0.296215 0.316864 -0.304102
v -0.769498 0.726517 -0.547543
v 0.909163 0.844244 0.040669
v -0.226944 -0.727666 -0.693184
v 0.604263 -1.034234 0.245403
v -0.804752 -0.376768 1.013697
v -0.070846 0.216774 -0.831769
v -0.089775 -0.893966 -0.720908
v 0.097961 0.532092 1.153265
v 0.663781 -0.440345 0.845649
v -1.298674 -0.780445 1.181118
v -0.770174 -0.162986 0.118888
v -0.312362 0.620913 -0.628236
v 0.748369 -0.943620 0.300839
v -0.357241 -0.415823 -0.458080
v -0.367566 0.660073 0.884191
v -0.157614 0.052777 -0.182369
v -0.029702 0.140048 1.076277
v 0.296681 0.291920 0.681805
v -0.556212 -0.559780 1.210800
v -0.581727 0.531033 -1.215852
v -0.078987 -0.182866 0.778805
v -0.815577 0.255405 0.002978
v -0.871567 0.626136 0.646647
v -1.136391 -0.002474 0.600913
v 0.912818 -0.558897 0.325923
v -0.806267 0.026555 0.547130
v -0.863553 0.743836 -0.098674
v -0.333930 0.063082 -0.271169
v 1.164570 -0.514512 0.949974
v 0.374951 -0.638730 -0.622098
v 0.124182 0.600426 1.133839
v -1.209720 -0.177781 1.052503
v -1.137115 -0.064850 0.610099
v -1.513821 0.290301 0.364458
v -0.625665 0.253798 0.779896
v -0.798001 -0.761908 0.646251
v 0.991508 -1.083366 -0.226187
v 0.917666 -0.386032 0.660818
v 0.013619 -1.320785 0.279671
v -0.845574 -0.118787 -0.904899
v -0.470775 -0.115714 -0.109747
v -0.673457 0.064401 0.057150
v -1.282519 -0.381541 0.623466
v 0.500980 1.127290 0.252409
v 1.283093 0.165612 -0.135953
v 1.181853 -0.444971 -0.018128
v 0.464977 -1.069174 0.845110
v 0.892543 0.542726 -0.326526
v -0.281894 -1.377826 0.522159
v -1.213209 -0.528363 -0.512050
v -0.786352 -0.405153 1.062479
v 0.258214 -1.232578 0.588896
v -0.942145 -0.203653 -0.999370
v -1.201888 -0.470250 0.574735
v -0.459941 -0.655191 -0.372666
v -0.922218 0.735508 -0.649761
v 0.581727 -0.531033 -1.215852
v -0.991155 0.154365 0.718508
v -0.073474 0.230219 0.449849
v -0.928477 0.539880 0.820131
v -0.839027 -0.171429 1.649002
v 0.609437 0.007929 -0.070731
v -0.102341 0.549541 -1.439850
v -0.972100 0.383553 -0.607538
v 0.322036 -0.634835 0.827648
v -0.420414 0.123564 -0.351995
v 0.821630 -0.638412 0.146217
v -0.563724 0.096800 -0.330999
v -1.277921 -0.301556 0.246705
v -1.238277 0.245645 0.879940
v 0.177639 -1.152387 0.322693
v -0.976473 1.159717 0.136803
v -0.122369 0.755403 -0.147071
v 0.590587 -1.274426 -0.939806
v -1.345130 -0.253475 0.498235
v -0.420575 0.143705 0.608501
v 0.502622 -0.795488 0.681559
v 0.253215 -0.586431 0.347997
v -0.584987 0.175077 -1.204165
v 0.693184 -0.226944 0.727666
v -0.582323 -0.343117 0.818072
v -0.496020 0.551492 1.217208
v -0.066208 0.610273 1.107947
v 0.700548 0.518693 0.126230
v -0.289857 -1.065982 0.697572
v -0.987730 0.323167 -0.649448
v 0.596808 0.757977 0.809691
v -0.333016 0.658117 -0.563028
v 0.094824 -1.408126 0.300488
v 0.818426 0.304689 0.688865
v -0.924494 0.757833 -0.627594
v -1.135641 -0.100897 0.452618
v -1.521424 -0.313809 0.265392
v -0.514497 0.083973 -0.613805
v 1.294570 0.313622 0.227780
v 0.438022 -0.013075 0.891942
v -0.342466 0.038190 -0.975010
v 0.259769 -0.507261 -0.295230
v 0.427982 -0.784534 0.390359
v -0.551753 -0.238480 -1.194748
v -0.700871 -0.248410 1.088719
v -0.560583 -0.103659 0.602476
v -0.322193 -0.634424 -0.827902
v -0.169968 -1.212214 -0.362219
v -0.079979 0.184575 0.779776
v 0.380728 0.210634 0.689540
v 1.037375 -0.169584 0.719605
v 0.050500 -0.423113 1.127303
v 0.263955 0.353825 -1.150434
v -0.273109 -0.229491 0.664669
v 0.696978 0.518807 0.131625
v 0.878149 0.551622 0.349818
v -0.207733 0.703523 1.008191
v 0.000000 0.862050 -0.304511
v -0.865733 0.417924 0.343969
v -0.140048 -1.076277 0.029702
v 0.720643 0.689221 0.904676
v 0.974133 -0.228003 0.674501
v -0.345789 0.198076 0.612554
v -0.052936 -0.710671 -1.043058
v 0.336926 -0.020034 -0.849669
v -0.776306 -0.029671 0.500368
v 0.506787 -0.352313 0.552881
v 0.436655 -1.005650 -1.137723
v 0.392731 -0.714050 -0.858463
v -0.196511 -0.002725 -0.510063
v -0.670003 -0.353520 1.191333
v 0.191855 -1.219672 0.555759
v -1.148925 -0.058243 -0.008658
v -0.781108 -0.608137 0.849282
v 0.787331 -0.542155 0.213376
v -0.343641 0.018696 -0.596853
v -0.328300 0.289499 -0.573081
v -1.145083 0.226598 -0.422395
v 0.031107 -0.730844 1.350345
v -0.346013 -0.321781 1.361727
v 0.542726 0.326526 -0.892543
v -0.650869 -0.126697 -0.593401
v -0.631228 0.063828 -1.515652
v 0.081215 -1.238155 0.369564
v 0.580101 -0.632348 -1.024823
v -0.211500 0.138464 -0.233358
v -0.405089 -0.522205 1.471482
v 0.962335 -1.164708 0.219134
v -0.636674 0.142796 -0.787493
v -1.150103 -0.491843 0.993502
v 0.664978 -1.125713 -0.059648
v -0.425184 0.478535 1.344524
v -1.150434 -0.263955 -0.353825
v -1.509823 0.301134 0.391343
v -1.192770 0.198778 0.084740
v -1.211287 -1.365633 0.547909
v -0.304282 0.928133 0.742591
v -0.406767 -0.346505 0.990135
v -1.001357 0.732265 1.070374
v -0.342193 -0.772832 0.426513
v 0.036371 1.220287 0.783794
v -0.777379 0.022757 0.863427
v -0.094242 0.712615 0.467343
v -0.977038 0.029076 0.645873
v 0.422878 -0.696970 0.901423
v 0.391084 -0.991078 0.391178
v -0.252789 0.155983 1.275192
v 1.262103 -0.961990 0.038663
v 0.700837 -0.910878 0.697233
v 0.870038 -1.127273 -0.688664
v -0.157041 0.547573 -0.057217
v 0.098316 -0.861161 -0.740527
v 0.306931 0.619629 0.598429
v -0.820525 -0.470066 1.459159
v -1.046945 0.302065 0.630981
v 0.848873 -0.865941 0.077330
v 0.111104 0.804856 0.905047
v 0.227836 0.513363 1.418034
v -0.302428 0.002505 1.323902
v -0.285687 -1.508861 -0.365467
v 0.502826 0.116298 0.710170
v -0.446129 0.705658 -0.373202
v -0.236269 0.999641 1.097221
v -0.638167 0.422956 0.470073
v 1.184009 -0.529125 -0.076976
v -1.719880 -0.256758 0.635149
v -0.970560 0.257814 0.086647
v -0.058011 1.538219 0.572531
v -1.438114 0.104505 0.692185
v 0.653843 -0.597760 -0.970136
v -0.955135 0.063731 0.632273
v -0.498574 1.113292 0.521360
v -0.509881 -0.150804 -0.122993
v -0.513731 -0.180677 1.161544
v 0.191855 -1.219672 -0.555759
v 0.286593 0.812598 0.660618
v 0.545681 -0.254461 0.750026
v 0.892269 0.031788 -0.185632
v -0.609144 -1.188921 0.636610
v 0.633806 -0.442391 0.857537
v 0.343081 -1.479164 -0.761284
v 0.011979 -0.923779 0.851495
v 0.034521 -1.233243 0.363287
v -0.942804 0.359412 0.646072
v 0.360424 -1.110411 0.857778
v -0.416769 0.260763 0.330281
v -0.199283 0.312642 1.026774
v -0.064691 -0.716672 0.895946
v -0.046743 0.139075 0.820474
v 0.518210 0.105758 0.348832
v -1.080209 0.785819 0.108044
v -0.412576 -0.337774 0.800467
v -0.537036 0.481944 1.381209
v 0.213376 -0.787331 -0.542155
v -1.137318 -0.538110 0.999478
v -0.409466 -0.213722 -0.208854
v 0.533826 -0.563927 0.213381
v -0.560808 -0.530102 0.557138
v 1.463735 -0.779003 0.286134
v -0.616190 -0.952641 0.313933
v -0.212146 0.504080 0.144259
v -1.190001 -1.130974 0.195875
v -0.583746 0.559625 -1.211869
v 0.306915 0.301485 0.957730
v -0.374162 -0.492080 1.278041
v 0.667575 -0.722202 -0.842003
v -0.486629 -0.597049 0.535858
v -0.804637 0.412722 1.049571
v -0.824602 -0.412757 1.120049
v 0.939531 -0.736849 0.003983
v 0.752829 -0.585774 -0.944046
v -1.140232 0.222124 0.088792
v 0.533517 -0.280095 1.253480
v 0.974082 -1.161102 0.225109
v -0.284799 -1.526225 -0.317295
v 0.783328 -0.761736 0.205618
v -1.649649 0.500056 0.665634
v -0.633015 -0.868961 0.806971
v -1.147372 0.124990 -0.026571
v -0.935289 -0.380228 0.989214
v -0.364297 0.421193 -1.551457
v -1.330687 -0.800976 0.275303
v 0.356812 -0.579876 0.914370
v 0.239317 0.001572 0.798644
v -0.345061 -1.191573 -0.095052
v 0.160594 -1.038709 -1.120381
v -0.385573 -0.181603 -0.152742
v 0.330699 -1.113331 0.204057
v 0.695514 -0.861921 -0.350851
v -0.959368 0.349701 -0.613465
v 1.207969 -0.527279 0.485383
v -1.376506 -0.269506 1.173086
v -0.849230 -1.198192 0.405475
v 0.390534 -0.226926 0.570184
v -0.445784 0.415055 -0.293428
v 0.182866 -0.778805 -0.078987
v -0.248000 0.020585 1.253969
v -0.592905 0.612989 -0.541925
v -0.651850 0.753747 -0.826335
v -1.233033 0.446672 0.159399
v 0.699576 -0.446265 -0.037145
v 1.217305 0.580830 0.528684
v 0.698073 0.548957 1.070963
v -1.063410 0.064029 0.244982
v -1.673986 0.595852 0.311754
v 0.602644 -0.515483 0.283225
v 0.744873 0.317329 -0.231481
v 0.735798 -0.641213 0.932910
v 0.705774 -1.175623 0.144392
v -0.660535 0.082742 -0.685176
v 0.761908 -0.646251 -0.798001
v -0.502218 -0.058083 1.555655
v -0.014395 0.000000 -1.094348
v -0.305913 0.838115 0.529498
v 0.553777 0.068901 0.475642
v -1.078960 0.247910 0.451883
v 0.807868 -1.302742 0.093520
v -0.110038 -0.449918 0.434639
v -1.285322 -0.358707 0.620515
v 0.479993 -0.026972 0.211370
v -0.234842 1.185063 -0.294197
v -1.360629 0.167209 -0.603530
v -0.832554 -0.416072 1.164531
v -0.790012 -0.412776 0.688012
v -0.865149 0.696336 -0.188176
v -0.213903 0.334585 -1.178655
v -0.638416 -0.139394 -0.234105
v 0.252925 1.540478 0.747519
v 0.272238 -1.097573 0.936463
v 0.500924 0.483321 0.736736
v -0.889188 -0.629486 0.314098
v 0.466403 0.250141 1.090546
v -0.322400 -0.057549 0.497395
v -0.113992 -0.229949 0.801196
v -0.872250 0.426454 0.784677
v -0.682891 0.962508 -0.271183
v -0.614508 -0.871737 1.399935
v -0.915888 -0.199583 1.448578
v -0.643591 -0.518567 0.864092
v 0.342890 -1.001427 0.358958
v -0.495805 -0.599599 0.529650
v -0.022007 -1.023808 1.134635
v -1.339496 -0.728150 1.201975
v -1.200176 -0.585111 0.600231
v 0.653045 0.217009 0.424569
v -0.568773 0.800447 0.275256
v -0.494850 -0.551820 0.683068
v -0.384517 0.998919 0.340748
v -0.408072 1.090867 -0.196133
v 0.176509 -0.298889 0.517523
v -0.247255 -0.149615 0.680972
v -0.729436 0.178110 0.864667
v 0.053484 0.252230 1.362332
v 0.231636 0.494978 0.402865
v 0.004679 0.028016 1.047200
v -0.252409 0.500980 -1.127290
v -0.654105 -0.460267 1.400835
v 0.664978 1.125713 0.059648
v -1.076277 0.029702 0.140048
v 0.949924 0.263406 0.703252
v -0.183504 0.336554 -1.806982
v 1.268779 -0.869360 0.604894
v 0.549829 -0.438302 0.608619
v -0.692355 0.907738 0.381315
v 0.323779 -1.116319 0.762943
v 0.217813 0.516032 -0.573462
v -0.732805 -0.035514 0.530792
v 0.013075 -0.891942 -0.438022
v -0.422395 1.145083 0.226598
v 1.502555 -0.706531 -0.071982
v -0.558934 -0.063262 0.875500
v 1.364387 -0.796934 0.448005
v -0.799018 -0.394677 0.571874
v 0.479473 0.038330 0.873019
v -0.019177 0.026289 0.726679
v -0.630797 -0.177509 -0.260082
v -0.995097 -0.764468 1.156690
v 1.133796 -0.739482 -0.026995
v -1.027655 -0.607120 0.559972
v 0.150257 0.385593 -1.229258
v 0.525124 0.512743 -0.545158
v -0.776612 -0.756591 -0.293675
v -0.163395 -0.965038 0.338536
v -0.045187 -0.678216 0.622642
v 1.448904 -0.820197 -0.371745
v 0.006164 -0.059849 -0.951607
v 1.237885 0.495131 0.171729
v -0.967894 1.110573 -0.582868
v 0.502353 -0.345648 0.537113
v 0.003276 -1.184003 0.484860
v -0.841503 -0.280075 1.113905
v 0.549583 -0.610991 -0.629729
v -0.326795 0.374398 -1.442486
v -0.020033 0.849669 0.336926
v -1.180726 0.509786 0.603298
v -0.046675 -1.226253 0.359269
v -0.719269 -0.126086 -0.980466
v 0.676771 -1.273416 0.877690
v -0.760829 0.672400 0.918276
v -1.463456 -0.061789 0.545030
v -1.477461 0.761074 0.339687
v 0.155605 -0.569453 -0.588619
v -0.187907 0.745556 1.016753
v 0.127506 1.033074 1.086531
v -0.235713 -0.090542 0.519208
v -0.515938 -0.114563 1.165540
v 0.105123 0.636479 0.440220
v 1.445351 -0.424147 0.163380
v -0.588611 -0.604931 1.163267
v 0.605719 -0.414070 -0.135106
v -0.581806 0.917965 0.357203
v -0.597800 1.007067 0.598985
v 0.013075 -0.891942 0.438022
v -0.835964 0.007043 0.388323
v 0.874805 -0.784930 0.040925
v 0.500980 -1.127290 0.252409
v -0.272804 1.124955 -0.831258
v 0.304660 -0.363068 0.494621
v 0.106342 -0.883390 0.890947
v 0.092746 1.003066 0.472985
v -0.382712 0.334029 1.495535
v -0.010202 1.218356 0.859346
v -0.133825 0.590326 1.408900
v 0.302710 0.701300 0.596865
v 1.396906 -0.200471 0.620303
v -1.230699 -0.559132 0.224802
v -1.355559 -0.135606 0.886554
v -0.253215 -0.586431 -0.347997
v 0.637595 -1.065337 0.654429
v -0.716933 0.518104 -0.681247
v 0.851167 -0.673580 1.283764
v -0.773631 -0.519481 1.470190
v -0.030525 1.066064 0.011749
v 0.064401 -0.057150 0.673457
v 0.163748 -1.430975 0.017137
v -1.059294 0.094140 0.750786
v 0.379601 0.378448 0.725751
v 0.697471 -1.266822 0.442915
v -0.157680 -1.096683 -0.013635
v -0.080078 0.954690 0.481175
v -0.028351 0.212362 1.048241
v -0.663556 0.253909 0.327025
v 1.165933 0.133609 0.975025
v -1.489725 0.331584 0.444822
v 1.060589 0.247892 -0.407685
v -0.534952 -1.146914 -0.152857
v 0.822265 -1.148195 0.810475
v -1.027691 0.165081 0.043012
v -0.849272 0.374029 -0.654690
v -0.860236 0.550642 -0.359302
v -0.428053 0.447068 -0.233593
v -0.345825 0.301522 0.571690
v -1.247332 0.495739 1.206603
v 1.120699 0.141032 -0.411702
v -1.516100 -0.024905 0.381157
v 0.230618 0.823532 0.101866
v -1.532283 -0.379407 0.476397
v -0.532441 0.285801 0.324396
v -0.728734 -0.258634 1.095862
v -0.342942 0.249526 -0.589906
v -0.611417 0.504949 -0.527194
v -0.392744 -0.858452 1.301249
v 1.289188 0.533157 -0.124010
v -0.641831 -0.150240 1.496163
v -1.096180 -0.077009 0.586514
v 0.731870 -0.540259 0.186929
v -0.794149 -0.183696 0.155142
v 0.270743 0.728008 1.327154
v -1.637599 -0.103605 0.919994
v -1.169610 0.093437 0.498228
v 0.870202 0.438034 0.524173
v 0.252409 -0.500980 -1.127290
v -0.052014 0.551721 1.153976
v -0.875557 -0.355620 1.058382
v -0.648052 0.242427 0.741216
v -0.268743 -0.491604 1.124790
v -0.451388 0.481763 1.365293
v 0.603445 -0.942038 -0.698421
v 0.570182 -1.410741 0.759804
v -0.784724 1.148941 1.154041
v -1.050653 0.726156 -0.774998
v -1.232902 0.503849 0.617924
v 0.026995 1.133796 0.739482
v 1.366403 -0.052992 -0.970990
v -0.943659 0.176215 -0.118434
v -0.437402 -0.286867 0.949217
v 0.320911 0.681342 0.261022
v -0.841261 0.005813 0.443002
v 0.932654 -0.720454 0.631115
v -0.682566 -0.984289 -0.325974
v -0.571618 0.032529 0.559884
v -0.156851 0.397709 -0.023475
v -0.927947 -0.386964 0.527252
v -1.431991 -0.118722 0.864865
v 0.640220 0.280077 1.009356
v -0.518946 0.915838 0.392095
v -0.124380 -1.221094 -0.603483
v -0.585109 0.357303 0.230564
v -1.139277 -0.524309 0.922971
v -0.888927 0.005988 1.305190
v 1.092919 0.030758 0.139718
v -1.166636 -0.470701 1.322221
v -0.015889 0.036826 0.444152
v -0.865695 0.465710 0.419416
v -0.096345 1.673077 0.232854
v 0.198520 0.288408 1.112175
v 1.219672 -0.555759 0.191855
v -0.530299 -0.310394 0.288786
v 1.107143 -0.361566 -0.257037
v -0.135817 0.670954 -1.179635
v 0.107215 -1.668733 -0.186356
v -1.342158 0.182176 0.629878
v 0.374042 -0.462041 0.222280
v 1.453904 -0.434084 0.203876
v 0.289183 -1.089029 0.283483
v -0.694196 -0.409932 1.463863
v -1.208654 0.540880 -0.525269
v -0.770481 0.725619 -0.547423
v 0.984530 0.145888 0.706703
v 0.299862 0.541009 -0.497174
v 0.354413 -0.487083 0.522939
v -0.559093 1.184135 0.546332
v 1.087660 -0.240141 0.330260
v -0.030853 0.252485 -1.421285
v 0.927680 -0.702468 0.668423
v 0.172202 0.215122 0.556604
v 0.407217 -0.003546 0.376167
v 1.054727 -1.171145 0.124952
v 1.256789 -0.273781 0.746833
v -0.020778 -0.132193 -0.202133
v 1.150434 0.263955 0.353825
v -0.342708 0.010233 -1.382736
v 0.386301 0.330306 0.097625
v -0.021771 0.830094 0.628178
v -0.688069 -0.689719 0.920430
v -1.055641 -0.697175 -0.834284
v -0.345192 0.419812 -0.938185
v -1.486334 0.346698 0.406067
v 0.200780 0.609188 -0.258704
v -0.290546 -0.224068 -0.658168
v -0.532867 -0.868674 0.389560
v -0.838278 -0.537044 1.473189
v -0.300323 0.726388 -0.697275
v 0.647785 0.448740 0.560396
v -0.702648 0.402153 -0.453645
v -0.766674 -0.449087 0.971033
v -0.533984 0.429128 1.264133
v 0.429300 -0.578329 0.339270
v 1.137416 0.005878 1.047224
v -0.495131 0.171729 1.237885
v -0.757409 -0.612236 0.809492
v 0.593311 0.168647 1.205328
v -0.582208 -0.247203 -0.783110
v -0.346413 0.376118 0.914738
v -0.371418 0.360358 1.076594
v 0.578779 -0.598648 1.156534
v -0.442930 0.432473 -0.911986
v 0.581472 -0.880146 -0.578623
v -1.106559 0.178063 0.991695
v 0.263210 0.707858 0.595699
v -1.215693 -0.951422 0.539641
v -0.962508 0.271183 0.682891
v -0.775715 0.445185 0.066442
v -0.460342 -0.136863 -0.140090
v -0.504039 -0.136045 0.693207
v 0.587326 -0.519172 -0.530616
v -0.171973 -0.761640 -0.672187
v 0.386459 -0.223683 0.625850
v -0.865149 0.696336 0.188176
v -1.170928 -0.343917 -0.898624
v -0.110319 -0.544419 0.836901
v -0.599398 -0.311562 0.791427
v -0.961693 1.002601 -0.937554
v 0.516944 -0.635649 1.109349
v -0.920619 0.753380 -0.655030
v 0.619183 0.343610 -0.186383
v -0.250510 0.716424 -0.180489
v -0.870154 0.294553 -0.164149
v -1.185475 0.049546 0.303215
v -0.392731 -0.714050 -0.858463
v -0.471274 -0.707156 0.806970
v 0.559294 0.571915 1.161703
v 0.469781 0.951062 0.445088
v -0.310218 0.236059 0.953694
v -0.911491 0.093213 0.140472
v 0.594331 -1.183595 0.499477
v -0.007464 0.243581 1.372596
v -0.554676 -0.376093 0.794518
v -0.308039 0.609302 0.981669
v -0.164228 0.064067 -0.845099
v -1.508091 0.292312 0.446640
v 0.522443 -0.396570 0.595057
v -0.305638 -0.343950 -0.803033
v -0.582923 0.650847 0.508995
v -0.318606 0.737799 0.897473
v -0.198674 -1.065157 -1.047923
v -0.279845 -0.844658 0.006930
v -1.041072 0.790106 -0.376208
v -0.292016 -0.626412 -0.432575
v -0.856880 0.358075 1.111863
v -0.320605 0.235709 -0.799941
v -0.232080 -0.336498 -0.835784
v -0.041661 -0.010094 0.951474
v 0.640987 0.791809 0.798983
v -0.939094 -0.745119 0.293093
v 0.053506 0.088626 0.973978
v -0.240113 0.228350 -0.291500
v -1.075459 -0.499999 0.979606
v -0.304578 -1.111530 -0.269807
v -0.134669 0.579635 -1.422040
v 0.713720 -0.898743 0.567005
v 0.491591 0.130034 0.734630
v 0.872804 -0.555282 0.602293
v -0.326526 -0.892543 -0.542726
v -1.640752 0.146698 0.756916
v 0.312232 -0.394437 0.899131
v 0.206990 1.534755 0.352292
v -0.043214 0.505132 -1.450150
v 0.314721 -1.199417 -0.232905
v -0.786744 0.440562 1.398173
v -1.391047 -0.369941 0.732937
v 1.056395 -0.924441 -0.337919
v -0.514643 0.272164 -0.162267
v -0.314242 0.016032 1.502782
v -0.189480 -1.029102 -0.095243
v -0.402154 -0.453645 -0.702648
v 0.882228 0.287905 0.316156
v -0.327582 0.932704 1.137332
v -0.142159 -0.104068 0.149563
v 0.913056 0.759492 0.634938
v 0.337519 1.312401 0.973081
v 0.128499 0.506505 -0.015365
v 0.663799 -1.349213 0.263907
v -0.644370 0.225481 -1.126155
v 0.056306 0.186419 -0.590033
v 0.205937 -0.451255 1.042213
v 0.638412 0.146217 -0.821630
v -1.347096 0.028415 -0.267926
v -0.551685 -0.283882 0.605886
v 0.761118 -1.501868 -0.601375
v -0.951763 -0.731729 1.228902
v -1.036571 -0.298699 -0.334675
v 0.150264 -1.235487 0.570269
v 0.320600 -1.263744 0.639041
v 0.805017 -1.055377 -0.141617
v -1.420384 0.133874 0.113896
v -0.652654 -0.208696 -1.205538
v -0.356063 0.415338 0.300846
v -0.703869 -0.692775 -0.830477
v -0.128475 -1.018365 1.130079
v 0.294553 0.164149 0.870154
v 0.936789 0.730590 0.649569
v 0.622576 0.310101 0.985696
v -0.988472 -0.515884 0.174019
v 0.626777 -0.753834 0.350743
v -0.593482 0.163631 -0.031224
v -0.636438 -0.501125 0.551764
v -0.238456 -0.106171 -0.615483
v 0.014828 0.143895 -1.410504
v 1.074625 -1.418200 -0.428865
v -0.879759 -0.266775 0.755536
v -1.283764 -0.851167 -0.673580
v -0.965007 0.268988 -0.561924
v 0.461109 -1.058543 1.429930
v 1.148946 -0.528121 0.959602
v -0.740781 0.130454 0.341410
v 0.481896 -0.396857 0.952917
v -0.814228 0.255927 1.157089
v 0.311482 -0.934207 0.637898
v 0.350822 -0.398587 -0.087389
v -0.298786 -1.146760 -0.288744
v 0.058420 -0.591245 -0.713885
v 0.321511 0.589720 -0.324752
v -0.700881 0.897484 0.887167
v -0.425814 0.492779 1.283874
v -0.083007 0.214571 0.435545
v 0.141028 -1.446416 0.071720
v -0.798881 -0.442282 0.982361
v -0.761908 0.646251 -0.798001
v -0.470148 0.564391 0.071935
v 0.256052 0.852693 1.255116
v -0.357616 0.362226 -0.938609
v -0.256747 0.103343 0.606907
v 0.331296 -0.752876 0.816866
v -0.701814 0.378128 0.041915
v -0.367429 0.041772 -0.886490
v 0.785558 -0.606262 -0.945056
v 0.388100 0.009805 1.191173
v -1.229171 -0.460285 -0.590197
v 0.772904 -0.842030 0.393146
v 0.685102 -0.243008 -0.375211
v 0.626361 -0.922445 -0.768142
v 0.504852 -0.531635 -0.310412
v -0.032881 0.735055 1.082403
v -0.015896 1.012657 0.423453
v -0.754311 0.137430 -0.890529
v -1.243428 0.915253 0.678966
v 0.306344 0.709354 0.236837
v 1.204165 -0.584987 0.175077
v -0.812598 -0.660618 0.286593
v -0.512817 -0.109247 0.838784
v -1.054582 -0.052600 -0.984052
v -0.511750 0.151975 0.527160
v -1.236252 -0.191365 0.944020
v 0.984956 0.344891 -0.028772
v -0.409471 -0.670223 -0.885549
v -0.523324 -0.139106 -0.066807
v 0.614241 -0.335711 0.358798
v 1.243128 -1.003525 0.045232
v -1.421285 -0.030853 0.252485
v -0.248792 0.763410 -0.262977
v -0.426641 0.899153 0.434016
v -1.044033 -0.480968 0.183579
v -0.514119 0.807846 -0.426039
v -1.439848 -0.070440 0.531302
v 0.203316 0.240808 0.992376
v 0.668127 -0.986080 0.283398
v -0.892321 -0.685082 1.290677
v 0.226598 -0.422395 1.145083
v 0.005878 -1.047224 1.137416
v -0.606644 -0.495258 0.080072
v 0.858248 -0.176936 0.311090
v 0.974776 -0.344865 1.021435
v 1.124955 -0.831258 -0.272804
v 0.159299 0.314689 -1.103086
v 0.576098 0.382489 0.114155
v 0.965460 -1.171524 0.236274
v 0.836072 -1.650699 -0.273815
v -0.399580 -1.143620 -0.094285
v -1.184989 -0.356347 -0.881866
v -0.529439 -0.178352 -1.229201
v 0.010381 -0.813303 0.056712
v -0.727666 0.693184 0.226944
v 0.392095 -0.518946 0.915838
v 0.330260 -1.087660 -0.240141
v -0.370533 -0.745960 -0.908081
v -0.148545 -0.751668 0.149902
v -0.821680 -0.731689 -0.486872
v -0.480145 0.123837 0.618263
v 0.226320 -0.349229 1.080493
v 0.593311 -0.168647 1.205328
v 0.612226 0.729022 0.833807
v -0.916429 -0.012337 1.294009
v 0.930142 0.181071 0.772687
v -0.594382 0.054920 -0.341039
v -0.749685 0.257921 0.752599
v -0.731870 -0.540259 0.186929
v -1.233602 -0.481583 1.314121
v 1.490064 -0.556286 0.719011
v -0.055321 0.269880 0.826159
v -0.498228 -1.169610 0.093437
v -0.246615 0.569032 0.385599
v 0.723806 0.347556 0.761047
v -0.171204 -0.697475 0.169844
v -0.605608 -0.336146 -0.222187
v 0.175117 0.046438 0.318595
v -0.812390 0.013776 -0.070537
v -0.310412 -0.504852 0.531635
v 0.196345 0.130692 -0.818452
v 0.323152 -0.397990 -0.906178
v -0.904320 0.272584 0.809847
v 0.155328 -0.335185 1.019056
v -1.268836 0.090606 1.278728
v 0.178528 -1.304004 -0.508017
v -0.973423 1.498251 0.297846
v 1.254745 -0.551183 -0.419460
v -0.426517 0.543736 1.355102
v -0.083808 0.532252 -1.512420
v 1.168690 -0.532288 -0.069927
v -0.627930 0.103087 0.835113
v 0.657800 -1.702957 0.175432
v -0.053286 -0.031840 -0.734628
v -0.319954 -0.004439 1.331099
v -1.224211 0.564428 -0.158867
v 0.322171 -0.562833 0.958037
v 0.726367 0.487031 0.839396
v -0.040669 0.909163 -0.844244
v -1.219672 -0.555759 -0.191855
v -0.924441 0.337919 -1.056395
v -1.235101 0.017208 -0.926796
v 0.228149 0.279431 0.528401
v -0.355455 0.716725 1.164632
v 0.038839 -0.741914 0.432390
v -0.128572 -0.113346 -0.680356
v -0.041086 0.503967 1.443882
v 1.149377 -0.233544 0.988710
v 0.194777 -0.307095 0.993142
v 0.353825 1.150434 -0.263955
v -1.142447 0.302035 -0.080783
v -0.296231 0.089441 -0.948160
v 0.338634 0.395507 1.493538
v 0.589265 0.607418 0.393300
v -1.586636 -0.118556 0.729387
v -1.095711 -0.644682 0.591209
v -0.023375 -0.870183 -0.497475
v -1.465646 0.380392 0.371628
v -0.337577 -0.650263 1.429929
v -0.401244 0.424265 -0.264868
v -0.128479 0.472733 1.137184
v -1.181050 0.209152 0.094600
v -0.247657 -0.481219 1.334024
v 0.259843 -0.319360 0.255576
v -0.031827 0.974240 0.877777
v -0.226092 0.062403 -0.288923
v -0.761499 0.454686 -0.195395
v 1.094867 -0.132955 -0.656539
v 0.161180 0.574194 -0.142496
v -0.485919 0.251019 -0.579647
v 0.006189 1.049660 0.735717
v 0.472490 -0.226107 0.556922
v -0.973524 0.166306 -0.973530
v 1.399765 0.050176 0.923438
v -1.363184 0.102739 0.641269
v -0.619466 -0.273018 -0.837852
v 0.748369 -0.943620 -0.300839
v -0.632567 0.884202 0.955304
v -0.009483 -0.365176 1.751160
v -0.277679 -0.629466 -1.001542
v 0.803073 0.595175 0.913359
v -0.731398 1.524822 -0.583077
v -0.254458 0.238004 0.739050
v 0.110789 0.766425 -0.028140
v -0.365466 0.075943 0.467566
v -0.952111 -0.211961 0.722770
v -0.177549 -1.214061 0.555139
v -0.616086 -0.135691 0.584194
v -1.101264 -0.127546 0.384553
v -0.152696 -0.216461 0.808474
v -0.336444 0.460640 0.178111
v 0.476017 -1.252463 -0.450144
v -0.308510 0.227954 -0.576449
v -0.211201 -0.038563 0.573813
v -0.269886 0.782928 -0.866864
v -0.634786 0.536766 1.080617
v -0.135802 0.063991 0.472002
v -0.468962 -0.873959 -0.590813
v -0.050303 0.793844 -1.014300
v 1.445188 -0.067743 0.846626
v 0.267425 0.401359 -0.448841
v -0.721470 0.270115 0.753394
v 0.459715 -0.994922 1.161814
v -0.632098 -1.146035 0.006446
v -0.293316 -0.879720 1.349139
v 0.689662 -0.090953 0.834065
v 1.504490 -0.359268 0.319539
v 0.628732 -0.378207 0.016419
v -0.330715 0.383944 0.942043
v 0.656927 0.344392 -0.194341
v -0.659679 0.448032 0.607730
v -0.082795 -0.132554 0.196338
v -0.307995 0.398159 -0.531807
v -0.164686 0.484887 -0.581711
v -0.802509 0.435175 0.952864
v -0.223666 -0.059558 -1.289677
v -0.393434 -0.806769 0.926079
v -0.747628 -0.662739 0.894528
v -0.794760 0.049701 0.903991
v -0.313552 0.317962 0.315237
v 0.260702 -0.074756 1.682194
v -0.885238 0.555457 0.300802
v 0.219134 -0.962335 1.164708
v -0.284744 -0.321318 -1.839844
v -0.609638 0.368455 0.647332
v -0.266888 0.020904 -1.309785
v -0.583966 0.580989 -1.197800
v -0.407586 1.490111 -0.365059
v -0.661956 -0.454943 0.653793
v 0.915795 -0.527706 -0.336581
v -0.091824 0.575834 -0.939683
v -1.288198 -0.824980 1.172568
v 0.377963 -0.874074 0.396545
v -1.212430 -0.286024 1.644960
v 1.184135 -0.546332 -0.559093
v 0.494377 -1.137450 -0.127846
v -0.398340 -0.061378 -0.313562
v -0.268145 0.872730 1.396139
v -1.087456 0.857588 0.308578
v -0.038518 0.841268 0.823562
v -0.259294 0.798736 -0.274433
v -1.161374 0.570580 0.043020
v 1.340040 0.029243 -0.110058
v 0.387599 -0.718741 0.793376
v -0.374951 -0.638730 0.622098
v -1.549712 -0.653595 1.388205
v -0.218949 -0.263315 -0.446584
v -0.891942 0.438022 0.013075
v -0.243524 -0.392641 0.681436
v -1.021834 -0.356138 0.881176
v -0.949829 0.287642 -1.042182
v -0.276083 0.318673 0.728557
v -0.101626 0.117169 0.116653
v -0.887270 0.021637 0.933307
v 0.276023 0.469326 -0.401595
v 1.064520 0.415410 -0.077691
v -0.435854 -0.227629 1.066385
v 0.528766 -0.999897 0.085928
v -0.995726 -0.381230 1.391263
v -0.294905 0.112665 1.307827
v -0.570198 -0.595521 -1.159282
v -0.206320 -1.178561 -0.607890
v -0.712362 -0.476645 0.550010
v -1.386469 -0.410617 0.622318
v -0.604869 0.103907 1.195968
v -0.545890 0.024908 -0.371717
v -0.267894 0.910266 1.379662
v -1.170607 -0.457219 0.589837
v -0.961889 -0.407231 1.316637
v -0.611452 0.127817 -0.321417
v -1.231484 -0.796096 1.504068
v -0.014395 0.000000 1.094348
v -1.350421 -0.312502 0.860979
v 1.342075 0.237359 0.669706
v 0.187821 -0.732811 0.566481
v 1.093215 -0.847089 0.217575
v -0.365572 1.189159 0.588398
v -0.551183 0.257750 -1.479839
v -0.042589 0.207227 1.038437
v -1.117451 -0.401368 1.352549
v -1.142061 -0.124641 1.008171
v -1.173401 -0.489971 0.968264
v -0.634835 -0.827648 0.322036
v -0.526307 0.461274 1.241436
v 0.131214 0.148373 0.810350
v 1.186118 -0.464345 -0.111615
v 0.857711 -0.354698 1.094409
v 0.190759 0.497652 1.418742
v -0.571546 0.316097 -1.061442
v -0.337715 -1.064769 0.389166
v 0.428687 -0.713751 -0.621822
v 0.701090 -0.617055 0.331436
v -0.255437 -0.247738 -0.696777
v 0.465149 0.129737 0.037641
v -0.803045 0.940603 0.236342
v -0.313552 -0.317962 -0.315237
v 0.695514 0.861921 0.350851
v 0.528375 -0.242952 1.234288
v -0.581727 -0.531033 1.215852
v 0.686135 -1.053477 -0.210604
v -0.718565 0.870022 0.341287
v -0.593311 0.168647 -1.205328
v 0.713984 -0.545581 0.234265
v -0.529072 1.117468 0.540171
v 0.854418 0.653843 -0.178884
v 0.109542 -0.178651 0.891977
v -1.092569 -0.224111 1.005250
v 0.570709 0.229103 0.696259
v -0.482810 -0.130752 1.279252
v -0.583311 -0.235277 0.676537
v 0.759898 0.520450 -0.155850
v 0.288714 -0.111228 -0.636861
v -1.325830 0.346915 0.102536
v 0.534952 -1.146914 -0.152857
v -0.216461 -0.808474 -0.152696
v 1.490111 -0.365059 -0.407586
v -0.708765 1.330491 -0.235311
v -0.884889 -0.302621 0.713068
v -0.853071 -0.639096 0.867476
v 0.027086 0.940030 0.718799
v 0.103522 -0.159656 0.056345
v 1.111496 -0.846747 0.315071
v -0.060181 -0.131592 0.197612
v 0.061989 -0.164005 0.758100
v -0.228822 0.050472 0.111281
v 0.293860 -0.047863 -0.388369
v -0.712384 0.784908 0.106667
v 1.214391 -0.638666 0.077775
v -0.980411 -0.813599 0.285965
v -0.949898 -0.244706 0.703731
v -1.116382 -0.060060 0.712049
v -0.096632 -1.087743 -0.360616
v -0.600038 -0.728281 -0.847307
v -0.032499 -0.258025 -1.063558
v -0.142957 -0.495263 0.482086
v 0.238535 -0.842300 0.642261
v -0.943620 -0.300839 -0.748369
v 0.121142 1.843800 0.474836
v -0.632746 0.833129 0.195798
v -1.162538 -0.185162 1.091023
v 0.335697 -0.938735 -0.331827
v -1.320785 -0.279671 0.013619
v -0.754277 0.610211 -0.919734
v 0.576172 -1.277027 -0.022453
v 1.087464 -0.600734 1.011942
v -1.279721 -0.302654 0.700393
v -0.639797 -0.424166 1.471713
v -0.434655 -0.357332 1.481397
v -0.152857 0.534952 1.146914
v -1.712620 0.234760 0.093374
v -0.915880 1.113292 0.534100
v 0.371527 -1.071081 0.238960
v -0.063334 -0.248222 -1.038618
v -0.525902 0.620647 0.739848
v -0.500081 -0.505348 -0.553613
v -0.961990 0.038663 1.262103
v -0.812058 0.600022 -0.121578
v 0.001589 0.280430 -1.091680
v -0.358340 -0.421044 0.707946
v -0.560364 1.407873 -0.007843
v 0.315237 -0.313552 0.317962
v 0.026418 0.058973 1.053150
v -1.200514 0.031205 0.748247
v -0.321933 0.023500 -1.016127
v 0.623105 1.144248 0.608077
v -0.081026 -1.050047 1.140456
v -1.493118 -0.436952 0.511988
v -1.410038 0.084902 -0.188470
v 0.793844 -1.014300 0.050303
v 0.304578 -1.111530 -0.269807
v 0.282657 -1.339163 -1.129638
v -0.887470 -0.018559 -1.288695
v -1.304232 -0.343480 0.681588
v 0.838108 -0.787907 -0.123234
v -0.194501 0.673425 -0.365185
v -1.193213 0.479686 -0.105856
v 0.265522 -0.366419 0.633002
v -0.118604 0.909715 0.139955
v -0.857444 -0.085868 -0.524226
v -0.333695 0.740929 1.028971
v -0.686135 -1.053477 -0.210604
v 0.582789 -0.745910 -0.054458
v -1.091569 0.585927 0.988086
v 0.521066 0.829065 0.629554
v 0.037493 -0.586438 0.560118
v -1.306941 -0.371807 0.745942
v 0.559378 -0.363063 0.127434
v 0.454452 -1.386383 0.306605
v 0.165569 0.826924 0.722432
v 1.015810 -1.406449 -0.066345
v -0.395999 0.647082 -0.265869
v -1.146772 -0.464668 0.963066
v 0.655002 0.382461 0.193474
v 1.431874 -0.459430 0.185186
v -1.136267 -0.604752 -0.915337
v -0.837510 -0.065223 0.374594
v -0.594699 0.270592 -0.184584
v 1.201450 -0.165534 0.070421
v -0.905266 0.304878 0.904969
v -0.884084 0.568420 -0.339660
v -0.438760 0.536052 1.198379
v -1.053150 0.026418 0.058973
v -0.210489 -0.229284 0.709698
v -0.747069 -0.855545 0.582652
v 0.270123 -0.468249 -0.166404
v -1.037204 -0.888321 0.449905
v 0.325974 0.682566 0.984289
v 0.305456 -0.159055 1.202238
v -0.929186 0.269233 1.105953
v -0.288407 0.641999 -0.639175
v 0.885549 -0.409471 0.670223
v 0.879961 -0.573952 0.495862
v 0.077717 -1.077211 0.012005
v -0.253078 -1.070925 0.299223
v 0.502615 -0.144835 1.210500
v 0.950344 -0.203780 0.693469
v 0.374951 0.638730 0.622098
v -0.046023 -0.961269 -0.600364
v -0.984289 -0.325974 -0.682566
v -0.388584 0.085474 0.435929
v 0.313552 -0.317962 -0.315237
v -0.760220 0.233143 0.576342
v -1.249615 0.586951 0.459458
v 0.180312 -1.277762 -0.472759
v 1.026773 -1.753853 -0.570467
v -0.446024 0.132320 0.414577
v -0.090411 -0.086172 0.761301
v -0.544586 -1.276131 -0.483657
v -1.094856 -0.531111 0.534895
v -0.408072 -1.090867 0.196133
v 0.273310 0.178558 1.258911
v 0.327007 0.067822 1.302102
v 0.582668 -0.463127 0.199105
v -1.165593 0.160122 1.207522
v 0.048893 0.496280 0.568430
v -1.121760 0.586949 0.958537
v -1.068465 0.372713 -0.890756
v -0.887038 0.221849 0.758407
v -0.333229 0.449408 -0.865157
v 1.321968 0.165629 -0.157562
v 0.426716 0.003963 0.310075
v -0.353707 0.651914 -0.619638
v -0.959326 -0.359976 0.964890
v -1.226968 -0.472671 -0.524151
v 1.092409 0.175371 0.374355
v 0.884076 -0.163213 0.307409
v -1.308379 -0.252399 0.735933
v -1.272444 -0.436270 0.843693
v 0.372419 -0.657769 0.371162
v 0.162526 -1.582796 0.589439
v 0.239317 -0.001572 0.798644
v 0.231636 -0.494978 0.402865
v -0.392095 0.518946 -0.915838
v -0.140048 -1.076277 -0.029702
v -0.489122 -0.457165 0.531194
v 0.133188 0.173115 1.442780
v -0.338775 -1.144083 0.166192
v -0.306171 0.227683 -0.577033
v -0.024206 0.613531 0.356720
v -0.586431 -0.347997 0.253215
v -0.295988 0.819527 0.552637
v -0.303061 -0.665726 1.350897
v 0.284799 -1.526225 -0.317295
v -1.045333 0.156810 1.275959
v 0.215101 -0.965974 0.224660
v 0.653623 -1.103815 -0.082811
v 0.034886 -0.180284 -0.381252
v 1.506355 -0.130726 -0.276559
v -0.107882 -0.187829 -0.230510
v 0.891463 -0.273980 0.046168
v 0.261385 -0.738367 0.621562
v -0.695885 0.127185 -0.432054
v -1.307062 -0.444580 0.828732
v -1.716071 -0.321136 0.856634
v 0.717600 -0.116287 0.664959
v -0.339764 -0.654640 -0.878815
v -0.124990 -0.026571 1.147372
v 0.150547 -0.352327 1.010374
v 0.039674 0.723100 -0.596832
v 0.173969 0.677614 0.497909
v -0.942250 0.064355 -0.199817
v -1.045588 0.519638 0.304421
v -1.362317 -0.489284 1.658177
v 0.410369 -0.313438 -1.491710
v -0.384261 1.040055 -0.281747
v -0.329448 0.340893 0.521805
v 0.949982 0.507984 0.759037
v -0.864667 0.729436 -0.178110
v -0.140679 0.047988 -0.127260
v -0.086759 -0.683244 1.404589
v -0.309792 -0.192942 0.349215
v -1.053238 0.724564 -0.275794
v -0.096715 -0.674566 0.754358
v 1.152578 -0.866320 0.711445
v 0.021711 -0.188592 0.596586
v -1.100857 0.100286 1.198705
v 0.112668 -0.901971 0.211256
v -0.716290 -0.263052 -1.501430
v 0.081751 0.701134 0.647229
v -0.688476 -0.184326 -1.194291
v -1.121878 -0.596852 0.620196
v -0.045249 -0.721235 0.090252
v 0.526485 -0.325254 0.001806
v -0.534700 -0.156124 -1.001888
v -0.032265 -0.392782 1.186271
v -0.226944 0.727666 0.693184
v 0.988915 -1.079976 -0.238060
v -0.226461 -0.940281 1.001523
v -1.490111 0.365059 0.407586
v 0.507562 0.108590 -0.769302
v -0.213376 0.787331 -0.542155
v -0.755614 -0.137611 1.288654
v -0.335346 0.611993 -0.670048
v 0.914493 0.355174 -0.026358
v -0.571771 0.891768 -0.589255
v 0.077329 -0.275832 0.440154
v -0.922741 0.444160 0.663980
v -0.906134 -0.047640 1.298683
v 0.255927 -1.157089 0.814228
v -0.133074 0.485731 -0.017798
v -0.981770 -0.627246 0.556124
v 0.137399 -0.232341 0.415790
v -0.547088 -0.231896 1.252228
v -0.353814 0.238244 -0.590036
v -0.644487 -0.242505 -0.903353
v 0.820396 -0.060439 -0.476762
v -0.587112 -0.316695 0.731182
v 1.175578 -0.725359 -0.255511
v 0.459406 0.082650 0.668072
v -0.480460 -0.730274 0.730854
v -0.799505 -0.650286 0.861993
v -0.720484 1.036993 -0.037058
v 0.150778 0.543846 -1.168735
v -0.706954 0.327305 -0.618347
v 0.147209 0.737357 0.545472
v -0.246955 -0.308817 -0.674809
v 0.391343 -1.509823 0.301134
v -0.676486 0.772191 1.368044
v -0.768611 -0.528665 0.468124
v -0.545428 -0.368677 0.897162
v -0.390463 -0.114262 -0.096504
v -0.710797 0.286269 -0.802901
v -0.287998 1.087248 0.905373
v 0.252485 -1.421285 0.030853
v -1.296391 -0.165981 0.804535
v -0.365253 0.657809 0.885224
v -0.252032 0.380369 0.900214
v 0.515247 0.876075 1.160549
v 0.240176 0.391136 1.183684
v 0.970990 -1.366403 -0.052992
v -0.343291 0.076196 0.209361
v -0.421972 0.455225 -0.287590
v -0.232835 -0.420928 1.047616
v -0.370533 -0.745960 0.908081
v 1.072505 0.094470 0.869890
v -1.254774 -0.266104 -0.035273
v 0.028751 -0.831361 0.568451
v -1.677261 0.142900 0.762841
v 0.099163 -0.147549 0.825981
v 0.543172 -1.146417 0.115889
v -0.643304 -0.240971 -1.222512
v 1.271945 -0.572548 0.518231
v -0.716053 -0.037121 0.994658
v 0.733279 -1.334045 -0.296527
v 0.105664 -1.572384 -0.540958
v -1.211371 0.209230 1.292384
v 0.136955 -0.697698 1.695853
v -0.030000 -0.646247 0.839929
v -0.123190 -0.299208 0.417894
v 0.799992 0.736606 0.293603
v 1.108118 -0.178966 0.424486
v -0.466960 0.314334 0.838419
v -0.848768 -0.366476 0.416450
v -0.022919 0.318482 0.402359
v 0.734179 0.651947 0.906477
v -0.997051 0.649789 0.078906
v -1.412593 -0.723731 0.841998
v 1.195004 -0.842547 -0.206887
v -0.496844 0.540483 -1.243292
v -0.411988 1.405753 0.400921
v -0.903878 -0.560402 0.979375
v 1.477037 -0.733156 -0.317371
v -0.135309 0.470905 -0.378396
v 1.026071 -0.388334 -0.037600
v 0.495250 -1.136910 -0.129259
v -1.214460 -0.549899 -0.145076
v 0.667085 -0.981320 0.294643
v 0.619089 -0.949679 1.098492
v 0.224151 -0.373138 0.713801
v 0.004830 -1.524073 -0.591016
v -0.472022 0.362022 -0.901501
v -1.039390 0.225142 0.573185
v -0.471814 -0.015969 0.194678
v -0.637735 0.209001 0.951118
v -0.031646 0.847548 0.277707
v -1.087402 0.547851 0.670412
v 1.541274 -0.109538 0.160493
v -1.284843 -0.196027 1.038674
v 0.336739 0.068658 1.250019
v -1.039591 -0.480186 0.178989
v 0.726679 0.019177 0.026289
v -0.735508 0.649761 0.922218
v -0.315237 -0.313552 -0.317962
v -0.205499 0.305899 1.103082
v 0.580875 -1.372839 0.015986
v -0.316824 1.110078 0.075879
v -0.806853 1.126023 0.333275
v -0.230914 0.496678 -0.418543
v -0.854193 -0.339199 0.668947
v -0.748369 -0.943620 -0.300839
v -0.389643 0.619101 0.956205
v -0.175193 0.824624 -0.255048
v -0.318518 -0.592130 0.501733
v 0.891259 -0.077858 0.256766
v -0.573252 -0.930712 1.401546
v -0.317838 0.039942 -1.706102
v -1.461523 -0.541086 0.861287
v 0.045883 -1.155031 0.063890
v -0.800654 -0.086502 0.952761
v -0.915321 -0.361803 -0.648437
v 0.595631 -0.550874 0.243089
v 1.056934 -0.929207 -0.332597
v 0.118284 -0.277850 0.450679
v -0.709126 0.111806 -1.512103
v -0.972167 -0.731100 1.209816
v 0.004439 -1.331099 -0.319954
v 0.675408 -1.119267 0.063631
v -0.887331 0.475710 -0.048020
v 0.677816 -0.115080 0.655688
v -0.057390 -0.560017 -0.877253
v -0.855781 0.794871 0.008518
v 0.199309 0.277902 0.515033
v -0.645789 0.153194 -0.774334
v -0.144229 0.591036 0.379250
v 0.015094 -0.294792 1.095999
v -0.784322 -0.731281 -0.214331
v -0.182646 0.309360 1.490493
v -0.012679 -0.720236 1.273260
v 0.871693 -0.778077 -0.608183
v -0.951993 0.368021 -0.152567
v 1.056768 -1.459306 -0.425436
v -0.483806 -0.146721 -0.038242
v 1.036936 0.649879 0.179516
v -0.228584 0.137159 -0.629801
v -1.340276 -0.244149 1.268474
v 0.819613 -0.509896 0.310394
v -2.032177 0.026535 0.599188
v -0.355996 0.557439 0.840918
v 1.169646 -0.568038 0.081520
v -0.885549 -0.409471 0.670223
v 1.178661 0.148187 0.207098
v -0.929315 -0.218275 -0.983675
v 0.176586 -0.412686 0.648869
v 0.965175 0.206251 -0.728438
v 0.362598 -0.853183 -0.026782
v 0.337774 -0.800467 -0.412576
v -0.750026 0.545681 -0.254461
v 0.911764 -0.580157 -0.312152
v -0.217137 -0.939849 0.563489
v 1.089298 -0.449360 0.243057
v -0.691570 0.379950 -1.762765
v 0.393784 -0.399349 -0.005555
v -0.126265 0.200260 -0.413529
v 0.109171 -1.206278 0.422175
v -0.609607 0.932133 1.119489
v 1.020923 -0.714594 1.167254
v -0.601686 0.254149 0.256020
v -0.351575 0.034022 -0.884356
v -0.330260 1.087660 0.240141
v -0.736319 0.396115 -0.845234
v 0.707868 -1.371421 0.063171
v 0.202413 -0.531641 -0.530889
v -0.649596 1.272876 0.397765
v -0.317114 0.513789 -0.554511
v 0.721037 0.570015 1.039646
v 0.152467 0.261352 -0.288581
v -0.095888 0.247596 0.508852
v -0.683373 -0.123430 0.531021
v -0.885693 0.387082 0.326196
v -0.911774 0.297538 0.666628
v -0.540005 0.777918 -0.934417
v 0.353221 -0.341893 0.737171
v -0.456916 0.437068 0.620086
v 0.495821 -1.193002 -0.584256
v -0.578623 -0.581472 0.880146
v -0.509738 -0.690051 1.077483
v -0.508272 0.881878 -0.438693
v -1.043568 -0.635641 0.617493
v -0.751641 0.228372 1.538201
v 0.983965 -0.805983 -0.564065
v -0.900562 -0.321037 0.369991
v 0.166091 0.356483 0.153533
v -0.309529 -0.842391 1.360998
v -0.012055 0.161108 -1.447095
v 0.496890 -0.330512 -1.172261
v -0.224040 0.740197 0.153921
v 0.010484 -0.475001 0.735508
v -0.188176 -0.865149 -0.696336
v -1.053477 -0.210604 0.686135
v -0.511877 -0.590398 0.953722
v -1.047763 0.029137 0.471026
v -0.398821 0.141662 1.370571
v -1.038222 0.189140 0.745372
v 0.863419 -0.380554 0.874484
v -0.546214 -1.004146 -0.279691
v -1.180938 -0.128053 0.043107
v 1.070769 -0.853272 -0.238671
v -0.005150 0.078042 -0.503062
v 0.908081 0.370533 0.745960
v -0.996847 -0.604910 1.633677
v -1.515098 -0.344698 0.304265
v -0.292044 -0.611955 0.886138
v 0.327007 -0.067822 1.302102
v 0.631277 -0.575504 -1.177895
v -0.228335 -0.061560 1.372328
v -0.401500 0.745059 0.872511
v -0.442391 -0.857537 0.633806
v 0.663098 -0.188811 1.123434
v -0.737066 0.165081 0.288620
v -0.445664 -0.703138 0.830110
v -0.768727 0.510319 -1.063340
v -0.019568 -1.290325 -0.291974
v -0.579164 -0.262451 0.705182
v -0.255882 0.751755 0.545223
v 0.409902 0.495517 0.924782
v 0.726069 -0.217052 0.268196
v 0.550965 -1.216341 0.441707
v -0.759492 0.634938 0.913056
v -1.132250 -0.593373 0.598393
v -0.191151 0.683879 -1.001379
v 1.254190 -0.896727 0.630988
v -0.462478 0.569909 0.683054
v 0.530670 -0.283907 1.002928
v -0.205499 -0.305899 1.103082
v 0.886835 -0.492033 0.310367
v 0.140134 0.816065 0.754154
v 1.202152 0.367979 0.313004
v -0.720407 -0.022099 -1.060160
v 1.130079 -0.128475 1.018365
v -0.750080 -0.590093 0.417048
v -0.554097 -0.304665 -0.858906
v 1.215852 -0.581727 0.531033
v 0.822732 -0.306709 1.130977
v 0.649761 -0.922218 0.735508
v 0.727563 -0.245457 0.540728
v -1.091003 0.071400 0.660979
v 1.004858 -0.424676 0.309159
v -0.569114 -0.533061 -1.204643
v -0.261389 -1.278659 -0.360225
v -0.699956 -0.862364 0.574613
v 0.240540 0.704885 -1.327567
v -1.076277 0.029702 -0.140048
v 0.559040 -1.155125 -0.024803
v -1.113919 -0.042824 0.954125
v -0.989850 0.079772 0.649680
v -0.402292 -0.033458 0.978993
v 0.677417 -0.210019 0.602770
v -0.320480 0.602659 0.426024
v 0.068658 -1.250019 0.336739
v 0.294920 0.312444 -0.460335
v -0.388097 -0.092097 0.557950
v 1.164708 -0.219134 0.962335
v -0.357203 0.581806 0.917965
v -0.785558 0.606262 0.945056
v -0.890692 -0.429441 0.758474
v -0.856101 -0.037022 1.177195
v -1.205328 -0.593311 -0.168647
v -0.508727 0.332784 0.369137
v 0.226926 0.570184 0.390534
v 0.813059 -1.136732 0.843206
v -0.662739 0.894528 0.747628
v -1.418256 0.281504 0.030514
v 0.162468 -1.214523 0.469025
v 0.264689 1.060229 1.444602
v 0.245046 0.217277 0.518867
v -0.317295 0.284799 1.526225
v 0.259336 -0.216732 0.764409
v -0.310955 -0.089075 0.979848
v -0.331783 0.999243 -0.610687
v 0.881878 0.438693 0.508272
v -0.352827 0.454761 0.718457
v 0.294061 -0.012559 0.476072
v -0.285858 -1.373426 -0.005424
v 0.105678 -0.210014 0.499457
v -0.705398 0.197969 -0.395544
v 0.144547 -0.208338 -0.457162
v -0.624730 0.573713 -0.609894
v -1.268160 -0.150755 0.138926
v -1.134905 -0.031525 1.056510
v 0.645820 -0.992989 0.717624
v 0.341261 0.398251 1.486447
v 1.076522 -0.492600 0.272560
v -0.076042 -0.774609 0.493742
v 0.482761 -0.978456 1.064204
v -0.059388 -0.532162 0.569837
v -0.374068 -0.010636 -0.967770
v 0.118194 1.030857 0.497375
v -0.002474 -0.600913 1.136391
v -1.123844 -0.201903 0.333449
v 1.381392 -0.051547 1.208126
v 0.069185 -0.198164 0.523978
v -0.822566 -0.340941 1.096062
v 0.756625 -1.030437 -0.041424
v -0.103522 -0.159656 0.056345
v 0.470604 -0.390079 -0.207176
v 0.056502 -0.185103 1.259282
v -0.725204 -0.033151 0.736406
v 0.445552 -0.866063 0.188051
v -0.910879 0.366538 -0.652457
v 0.358966 0.989857 0.780660
v 0.697233 -0.700837 -0.910878
v 0.270857 0.666264 -0.963372
v -0.449840 0.456335 0.290458
v 0.817566 -0.976832 0.011080
v -0.340223 0.487119 1.294561
v 0.374186 -1.098513 0.853258
v -0.571656 0.108828 1.190988
v 1.742695 -0.124842 0.437699
v -0.669269 -0.399750 -0.491537
v 0.070926 -1.038894 -1.125946
v 0.047590 -0.991672 0.640652
v -0.554883 1.072159 0.660709
v -0.037778 0.208303 -1.479135
v 0.343485 -0.837325 -0.460303
v 0.497333 -0.470703 0.570911
v 0.633015 -0.868961 -0.806971
v 0.525269 -1.208654 0.540880
v -0.975815 1.180107 0.255230
v 1.136579 -0.819776 0.352039
v 0.618479 0.312761 0.689052
v 0.986674 -0.671742 0.357184
v 0.011088 0.027260 -1.845556
v -0.251875 0.278001 0.136003
v -0.441370 0.665609 -1.605427
v -0.238844 -0.303800 -1.129751
v -0.686967 0.598427 -0.896844
v -0.398109 0.033101 0.856198
v -0.853717 -0.571960 -0.074293
v 1.243301 -0.566437 0.164989
v -0.455670 0.486398 -0.547721
v 0.449905 1.037204 0.888321
v -0.476276 -0.639470 0.850567
v -1.630842 -0.306167 0.712960
v -0.471127 0.226102 0.418911
v -0.339472 0.946673 0.750729
v 1.122448 0.071034 0.503847
v -0.180493 0.068965 0.034607
v 0.945991 0.258622 0.732992
v -0.728610 -1.086387 0.043310
v 1.146035 0.006446 0.632098
v -0.768142 -0.626361 -0.922445
v -0.524424 1.161560 1.457415
v 0.137195 1.006641 1.073125
v -1.514005 0.302502 0.368923
v -0.600090 -0.328548 -0.488543
v 0.154703 -1.238230 -0.563087
v 1.435754 -0.383438 0.152413
v 0.577107 0.420663 0.550537
v -0.647249 -0.704799 0.902203
v -0.394437 -0.899131 -0.312232
v -0.968035 -0.313725 0.399302
v -0.749175 0.576856 -0.310337
v -0.115993 -1.303599 -0.714019
v -0.283694 0.443020 -0.038722
v -0.708065 0.803429 1.332199
v -0.888488 0.605141 -0.582247
v -0.884518 0.596574 -0.485154
v -0.019960 -0.402842 0.815801
v -0.602241 -0.305092 0.274016
v -0.597770 0.284306 -0.853469
v 0.064940 -1.157271 0.539867
v -0.024575 -0.819377 0.436920
v 1.150434 0.263955 -0.353825
v -1.162642 -0.731714 1.524023
v -0.529878 0.273217 1.170714
v -0.833465 -0.656847 0.889199
v 0.686289 -0.191769 1.095789
v -0.296840 0.351864 -1.055946
v -0.004622 0.307991 0.081389
v 0.254732 -1.047710 0.130333
v -1.392861 -0.083618 0.900140
v 0.231922 -0.172719 -0.027698
v 0.932910 -0.735798 0.641213
v -0.588966 0.750302 0.862790
v -0.351989 0.989884 0.669758
v -0.260945 0.259310 -0.701990
v 0.178651 -0.891977 0.109542
v -0.162664 0.816551 -0.210149
v -0.198376 0.801168 -0.327989
v -1.125103 -0.543741 0.918383
v -0.645975 0.886231 0.557303
v 0.521846 0.110031 0.388685
v -0.492845 0.283915 0.461201
v -0.347003 1.442711 0.821666
v -0.578766 -0.261587 0.710258
v -0.969089 -0.299088 -0.246603
v -1.060334 0.581107 0.428760
v -0.159246 -0.859694 -0.705244
v -0.893714 0.905587 0.403024
v 0.135355 0.372798 1.033756
v 0.027794 -1.297809 -0.233002
v -0.743405 -0.011768 0.910820
v -1.138177 -0.471089 0.710746
v -0.601209 -0.040002 0.225298
v 0.462508 0.481479 0.726613
v -0.695514 0.861921 0.350851
v 0.371168 -0.307086 0.698532
v -1.062798 0.147604 0.030561
v 0.342481 -1.409502 0.070474
v -0.726679 0.019177 -0.026289
v -0.555404 0.218277 1.254301
v -0.696232 0.111079 -0.032625
v -0.983432 0.691094 1.183083
v -0.840548 0.361876 0.469921
v -0.531635 -0.310412 0.504852
v 0.718413 -0.564723 0.194810
v -0.531743 0.055105 -0.836496
v -0.719605 -1.037375 -0.169584
v -1.121806 -0.185676 -0.311170
v 0.976222 -0.042048 1.061054
v -0.316864 0.304102 0.296215
v -0.644991 0.377150 0.455540
v 0.549160 0.548874 1.166992
v -0.328918 0.026467 -0.290782
v 0.306812 1.045466 0.791305
v -0.478535 1.344524 0.425184
v 0.152478 -0.337224 1.021487
v 0.268924 -0.773203 -0.338820
v -1.077637 0.400055 1.240981
v -0.131796 -0.496544 0.454780
v 0.123527 0.359354 1.136118
v -0.380405 -0.513858 0.184780
v 0.844244 0.040669 0.909163
v -0.285962 0.721182 1.033238
v 0.026289 -0.726679 -0.019177
v -0.735055 1.082403 0.032881
v 0.716183 -0.605042 0.295364
v 0.029358 -1.061597 -0.008602
v -1.240860 0.276698 -0.879849
v 0.719613 -0.998944 0.118011
v 0.093213 -0.140472 0.911491
v 0.316864 -0.304102 -0.296215
v 0.575030 0.527399 1.049551
v -0.931587 0.394222 -0.529297
v -0.064939 -0.285569 0.757515
v -0.031929 -0.364536 1.127195
v 1.023628 -0.918274 0.335500
v 0.708765 -1.330491 0.235311
v 0.330634 -0.338249 0.869563
v -0.967775 -0.314350 0.774648
v 0.703251 -0.531115 0.933649
v -1.395641 -0.110959 1.334280
v -1.004609 1.140402 -0.163691
v -1.101514 -0.145143 0.243987
v -0.363594 -0.993439 0.926174
v -0.145926 0.129143 -0.017787
v -0.896756 -0.128521 1.342230
v -0.774154 -0.382565 1.034176
v 0.118294 -0.901604 0.650956
v -0.787331 -0.542155 0.213376
v 0.633002 -0.265522 0.366419
v -0.960835 0.637154 -0.700940
v -0.370221 -0.518445 1.448437
v 0.528121 -0.959602 -1.148946
v -0.692926 -0.826848 -0.686386
v -0.265869 0.395999 0.647082
v 1.204165 -0.584987 -0.175077
v 0.765788 0.357773 -0.600976
v -0.970020 -0.772879 0.293771
v -0.013554 0.190283 -1.462091
v -0.338220 0.288196 -0.572219
v 0.430468 -0.493385 -0.711927
v 0.313160 -0.175317 1.204813
v 0.352803 0.088178 1.231064
v 0.369564 -0.081215 1.238155
v -0.111054 0.506516 -1.733923
v -0.253419 0.149625 0.241675
v 1.315146 -0.872621 -0.027751
v 0.602426 0.148457 1.030832
v -0.833114 -0.023238 0.093242
v -1.174667 -0.574808 0.330108
v -1.010930 0.218899 1.115807
v 0.906135 -0.849680 0.042287
v -0.897912 0.367341 1.400768
v -1.481397 -0.434655 0.357332
v -0.493203 0.056133 0.802808
v 0.292249 0.342275 -0.222924
v 0.546551 0.961329 0.507818
v -1.145606 -0.526026 0.643129
v -0.891768 -0.589255 0.571771
v -0.872621 0.027751 -1.315145
v 0.253338 -0.122025 -0.030796
v -0.354661 -1.150259 -0.104511
v 0.111615 -1.186118 0.464345
v -1.346356 0.246529 0.726914
v 0.632195 -1.278202 1.096835
v -0.181567 0.350771 -1.156136
v 0.984289 0.325974 0.682566
v 0.385740 -0.768863 -0.188070
v -0.443176 0.161654 0.432965
v -1.104404 -0.183694 0.438069
v -1.087660 -0.240141 0.330260
v -0.860559 0.593993 0.765337
v -0.255054 0.236789 0.757188
v -0.927097 0.084364 -0.116580
v -0.039035 -0.080815 1.249877
v -0.410880 0.513001 0.571553
v 0.571024 -0.851490 -0.020457
v -1.000492 0.245716 0.106030
v -0.940037 0.875065 0.053469
v 0.203550 -0.222776 -0.684203
v -0.546332 0.559093 -1.184135
v -0.191730 1.267871 1.343339
v -0.838415 0.400838 -1.106420
v -1.131810 0.154675 0.368919
v -0.914128 0.409776 -0.345331
v 0.801636 -1.172942 0.118685
v 0.764044 -0.262954 0.600865
v 0.817614 -0.393511 0.528198
v -0.137018 -0.183596 -0.638562
v 0.818839 -0.139618 0.124800
v 0.137964 -0.973166 0.644535
v -1.137043 -0.580414 -0.156968
v 0.118604 -0.909715 -0.139955
v -0.119081 0.708953 -0.928123
v 1.076277 -0.029702 0.140048
v 0.607048 -1.406933 -0.141410
v -1.117525 -0.175377 0.432069
v -1.491710 -0.410369 0.313438
v -1.389416 0.033658 0.519441
v -0.517129 0.136822 1.530064
v 0.311383 -0.901017 -0.540069
v -0.562708 -0.594147 1.155218
v -0.821151 -0.359969 1.422104
v -1.465653 -0.165352 0.884199
v -0.400202 0.567515 1.375655
v -1.001886 -0.921307 0.775535
v -0.497032 -0.311768 1.288490
v 0.620664 -0.612163 -1.072830
v -0.842212 -0.178036 0.133430
v 0.152857 -0.534952 1.146914
v -0.517933 -0.936800 -1.033582
v -0.138528 -0.036200 0.540552
v -0.444822 -0.028021 1.199296
v 0.457640 0.595789 -0.354315
v -1.014679 -0.540835 0.666764
v -0.291736 0.658362 0.936179
v -0.687405 0.659296 0.976973
v -1.194742 -0.365838 -0.874658
v -1.040767 0.307971 1.033993
v 0.733813 -1.204259 0.198841
v 1.444927 0.012197 0.156264
v -1.243128 1.003525 -0.045232
v -0.975016 0.498256 -0.589656
v -0.032754 -0.148994 0.141398
v -0.525653 -0.474631 0.878559
v -0.170222 0.469785 1.363904
v 0.736808 0.023303 0.897950
v 0.481190 0.837601 0.619165
v 0.040629 1.089283 -0.721590
v -0.546143 0.280395 -1.825532
v 0.768853 0.388019 0.901947
v -0.037892 0.629441 1.153863
v 0.682588 -0.891614 -0.756006
v -0.462041 -0.222280 0.374042
v -1.016754 0.187907 -0.745555
v -0.078987 -0.182866 -0.778805
v -1.050653 -0.726156 -0.774998
v -1.248434 -0.572915 0.535987
v 0.365253 -0.657809 0.885224
v 1.104404 -0.183695 0.438069
v -1.692699 -0.216381 0.734372
v -0.630981 1.046945 -0.302065
v -0.494417 0.647664 0.020255
v -0.265579 -0.355093 -1.000709
v -0.728610 -1.086387 -0.043310
v -0.527079 0.762719 1.632471
v -0.214472 -0.340733 0.729976
v -0.787215 0.188407 0.789488
v 0.793844 1.014300 0.050303
v 1.293183 0.298536 0.754457
v 0.828229 -0.187720 0.975365
v 0.292016 0.626412 -0.432575
v 0.653793 0.661956 0.454943
v -0.382746 0.318825 1.498534
v -0.150406 -0.063668 0.921264
v 0.417552 0.470327 -0.062498
v -0.939368 0.378274 -1.257758
v 1.405978 -0.633095 -0.225255
v -0.219977 -1.236829 0.580003
v -0.819702 0.307973 1.455034
v -0.015187 -0.881860 -0.679396
v 0.185109 0.213547 1.020476
v -0.938488 0.409951 -1.246460
v 0.801266 -1.015328 -1.093392
v -0.793401 -0.094768 1.296866
v -1.154887 -0.847795 0.886711
v -0.373289 -0.337044 0.987703
v 0.586908 -0.327070 0.848931
v 0.588308 -0.537934 -1.199715
v -0.313133 0.008438 1.340054
v 0.509283 0.048560 -0.389462
v -0.038839 0.741914 0.432390
v -0.551868 0.187951 -1.152972
v 0.174649 0.411068 0.422408
v -1.059447 0.114934 1.613378
v -0.387260 0.164421 -0.023121
v -0.571272 0.358321 0.892795
v -1.475172 -0.244114 -0.669671
v -0.526605 -0.616814 0.460621
v 0.101780 0.156164 -0.482680
v -0.251948 0.611791 0.525574
v 0.890947 -0.106342 -0.883390
v -1.077309 -0.399747 -0.019814
v -0.041556 1.683157 0.914628
v 0.795184 -0.429447 -0.012862
v -0.944234 -0.022224 -0.064859
v -0.358040 -0.419987 0.689815
v -0.356836 1.005676 -0.190359
v 0.555276 -1.220562 0.476556
v -1.121141 0.199926 -0.449594
v 1.153507 -0.529923 0.551453
v -0.557868 0.418614 -0.255867
v -0.398920 0.404698 -0.916839
v -0.628351 -0.359475 -0.375667
v -0.067826 0.233605 -0.852635
v -0.347406 0.842279 -0.361664
v 0.865440 0.041889 -0.198798
v -0.408502 0.514174 1.336831
v -0.317962 -0.315237 -0.313552
v -0.246315 0.239550 1.601913
v -0.780220 0.318566 0.466290
v -0.426751 -0.192937 0.375129
v 0.585027 -0.994418 0.297437
v -0.449466 -0.213544 1.109251
v -0.592536 0.221551 1.212300
v -0.727415 -0.600279 0.698935
v 0.420417 -0.086118 0.580896
v -0.538580 0.027003 -0.933739
v -0.046508 -1.190943 0.467949
v -0.161053 0.441051 -0.020267
v -0.987662 1.114738 -0.130326
v 0.579123 -0.162726 -1.204900
v -1.050550 -0.170089 0.652758
v -0.029702 -0.140048 1.076277
v 0.176677 0.270695 0.538408
v 1.058866 -0.181950 -0.284243
v -1.613809 0.494872 0.684535
v -0.328527 0.101699 -0.251593
v 0.028813 0.035246 -1.131662
v -0.721566 -0.206471 -0.466550
v 1.531004 -0.646676 -0.116203
v -0.045306 -0.177754 -1.504445
v -0.125290 0.984602 -1.530773
v -0.602826 -0.338320 0.433616
v -0.013769 0.624430 0.791234
v 0.417300 -0.567248 1.454144
v -0.693235 -0.538205 -0.954966
v -0.466682 -0.093600 -0.559647
v 0.379975 -0.024372 1.137766
v -1.221708 0.511290 0.479850
v -0.005988 1.305190 0.888927
v -0.188463 -0.568351 0.773680
v 1.072330 -1.465260 -0.793267
v -0.259548 0.145978 -0.246200
v -0.123654 0.585086 -0.034936
v -0.499397 0.475330 1.228423
v 0.761125 -0.137748 -0.892126
v 0.401036 -0.717654 0.415438
v 0.326937 0.882885 1.333072
v 1.493497 0.348051 0.450337
v 0.947350 -0.702435 0.620170
v 0.025796 0.136825 -0.530316
v -0.637676 1.097642 -0.648874
v -0.265174 1.152843 -0.915098
v -0.244647 -0.487683 1.036282
v -0.195898 -0.589361 -0.378682
v -0.873972 0.110144 0.271555
v -0.240141 -0.330260 -1.087660
v 0.124182 -0.600426 1.133839
v 0.898502 0.275625 0.447043
v 0.094600 1.181050 -0.209152
v -0.170576 -1.287093 0.873574
v -0.230107 -0.510938 0.249947
v -0.342466 0.038190 0.975010
v -0.975370 0.727793 0.669598
v 0.766322 -0.703467 0.351777
v -0.076433 1.522284 0.600538
v 0.118787 -0.904899 0.845574
v -0.537313 -0.231318 0.658950
v -1.528739 -0.811063 1.719511
v 0.206729 0.332726 -0.891794
v -0.162305 0.960817 -0.604423
v -0.419333 -0.064461 0.309520
v -1.112777 -0.066077 0.641186
v 1.279904 -0.559373 0.530667
v -0.728502 0.434937 -1.454049
v 0.449360 0.243057 1.089298
v 0.348961 -0.980644 1.252425
v 1.263835 -0.863628 0.693438
v 0.446584 0.218949 0.263315
v -0.602231 0.825626 1.313764
v -1.078963 -0.197789 -1.031346
v 0.236496 0.582492 0.491344
v -0.413413 -0.590504 1.484319
v -1.068920 0.561272 -1.244017
v -1.299391 0.289791 0.944864
v -0.412576 -0.337774 -0.800467
v -1.320875 -0.336736 0.006721
v 0.541925 -0.592905 0.612989
v 0.000000 0.511748 -0.192102
v 0.819385 -0.042523 0.236005
v -0.049764 0.507565 1.446741
v -1.098443 0.169439 0.520694
v -0.427955 -0.291639 -0.432763
v -0.431504 -0.310950 0.258274
v 0.211187 -0.716210 1.296769
v -0.541649 -0.378435 0.864344
v -0.947366 -0.263338 0.803639
v 0.514908 -0.261358 0.550816
v -0.641077 0.705283 -0.836819
v 0.106790 0.695155 -0.188556
v -0.695842 0.112086 -0.821824
v -0.001126 -0.004043 1.013946
v -0.481532 0.434886 -0.275729
v -0.412722 -1.049571 -0.804637
v -1.262854 0.898814 0.006618
v 0.303641 -0.391020 0.443356
v -0.124988 0.378550 0.401237
v -0.012144 -0.248905 0.726320
v -1.298676 -0.161472 0.767447
v -0.670250 -0.991235 0.917412
v 1.555442 -0.513730 -0.022783
v -0.534120 0.934294 0.701277
v -0.359046 -0.376111 -0.776277
v -1.371205 -0.756702 0.645792
v -0.277498 -0.345685 0.991498
v -1.273379 0.442477 0.169290
v -0.593761 -0.556885 0.829024
v -0.022543 -1.234375 0.174280
v 0.903991 -0.794760 0.049701
v 0.816141 0.021751 -0.093955
v 0.583664 -0.618701 -0.545454
v 0.286100 1.594484 0.688449
v -1.009373 -0.287086 0.352801
v 1.351281 -0.606947 0.467908
v 1.048893 -0.754542 0.631495
v -1.475227 -0.622356 -0.019537
v -0.167850 -0.957284 1.171576
v -0.251634 -0.355389 1.072066
v -0.594484 0.578866 0.377514
v -0.010819 0.010592 1.131054
v -0.663727 0.793582 -0.482330
v -0.014591 0.577887 -1.122807
v 1.389157 -0.185512 0.622271
v -1.053384 -0.155051 0.396446
v 0.127575 0.166431 0.565005
v 0.859139 0.344250 -0.307267
v -0.611752 0.756604 -0.672933
v 0.735737 -0.799982 0.595899
v -0.241527 0.367074 0.083988
v 0.136978 0.365860 0.418516
v 0.165401 -1.038175 0.603515
v -1.485268 0.722630 0.320974
v -0.515959 -0.589484 1.173713
v 1.193002 -0.584256 -0.495821
v 1.130832 -0.880799 -0.345704
v -0.935846 0.201349 1.132738
v -0.907209 0.802215 -0.057161
v -0.752144 1.649338 -0.207894
v -0.476718 0.936658 1.473302
v -0.910878 -0.697233 0.700837
v -0.793966 -0.427918 1.173639
v -0.702164 -1.104944 0.553884
v 0.281934 -0.713178 0.050348
v -0.649569 -0.936789 -0.730590
v -0.059648 0.664978 -1.125713
v -1.186118 0.464345 -0.111615
v 0.349831 -1.103987 -0.233927
v -0.827648 0.322036 -0.634835
v -0.149547 -0.040103 0.522859
v 1.120909 -0.814246 0.273085
v 0.134704 -0.525483 -0.343041
v -0.053546 0.568899 -0.944401
v -0.106342 -0.883390 0.890947
v -1.708886 0.102232 0.712678
v 0.268302 -0.408602 0.081229
v 0.947375 0.331971 -0.024715
v 0.161766 0.999610 0.190009
v -0.543500 0.763685 0.427649
v 0.339270 -0.429300 0.578329
v 0.089783 0.146158 0.064562
v -0.020034 -0.849669 0.336926
v -0.075839 -0.650710 1.080116
v -1.320785 -0.279671 -0.013619
v 1.095444 -0.789090 0.253449
v 0.689244 -0.035749 1.023027
v -1.418460 -0.020479 0.517757
v 1.434902 -0.210925 -0.172095
v -0.278931 -0.047407 1.359904
v -0.624452 0.287682 0.820289
v 0.710945 -0.807664 0.390955
v -0.213376 -0.787331 -0.542155
v -0.555861 0.773571 -0.962113
v 0.246143 -1.224367 0.627748
v 1.145566 -0.024368 0.989870
v -0.265358 -0.867125 -0.279613
v 0.103907 -1.195968 0.604869
v -1.487596 0.032123 1.127041
v -0.736808 -0.023303 0.897950
v -1.068863 -0.865224 0.837306
v -0.495862 -0.879961 -0.573952
v -0.091675 -0.544377 0.844276
v 0.948763 -1.008898 0.494872
v -0.669226 0.495614 -0.587606
v -0.096317 0.614254 0.632252
v -1.138496 -0.124090 0.938341
v -0.733038 0.368553 0.397936
v -0.794871 -0.008518 0.855781
v 1.025502 -0.916301 0.277095
v 1.303396 -0.243084 0.449898
v -1.139296 -1.473875 0.926203
v 1.134107 -0.556785 0.086997
v -1.304835 0.261177 0.745107
v -0.444680 0.309368 -1.531019
v -0.432159 -0.585222 -1.172342
v -0.845076 -0.398174 1.120330
v 0.136703 0.218995 0.756335
v -0.331145 -0.987986 0.957701
v 0.165419 -1.018778 -1.157597
v -0.034521 -1.233243 0.363287
v -1.364365 0.087811 1.019242
v 1.402321 0.118737 -0.038164
v -0.434943 -0.104951 -0.619650
v 0.714050 -0.858463 -0.392731
v -0.960416 -0.258660 0.723169
v 0.715026 -0.913741 1.125212
v 0.500980 -1.127290 -0.252409
v -0.251480 -0.188103 1.079760
v 0.501176 -0.282456 1.113671
v 1.152109 -0.138541 0.055517
v -1.140456 -0.081026 1.050047
v 0.060289 0.264638 -1.417955
v -1.143256 -0.070805 0.484327
v 0.648532 -1.018025 0.708846
v -0.407011 -0.501383 0.546348
v -0.443904 -0.332911 -0.017388
v -0.101816 0.370743 0.106798
v -0.607853 -0.065976 1.560549
v -1.477254 0.367122 0.360423
v -1.146035 0.006446 -0.632098
v 0.350638 0.808355 0.219726
v -1.305725 -0.060956 -0.122942
v 0.784534 0.390359 0.427982
v -1.442526 -0.048028 0.275352
v -1.102380 0.875930 0.341959
v 0.534064 -0.561753 -0.213133
v 1.076272 0.134894 0.865151
v -1.188240 -0.325385 -0.860957
v -0.866922 -0.127814 1.394994
v -0.753751 0.325803 0.838814
v -1.337824 -0.257315 -0.075427
v 0.321447 -0.091916 -0.954307
v -0.359230 1.094060 0.251336
v 0.160255 0.795470 1.676996
v -0.208273 0.702109 1.009064
v -0.959087 0.797536 -0.595257
v 0.621496 -0.295166 0.281872
v -0.863233 1.158956 0.519771
v 0.215358 -0.538566 0.420803
v 0.146681 0.132981 0.013489
v 0.119885 0.173201 1.422305
v -0.872235 0.215150 1.091238
v 0.958471 -0.746915 0.633846
v 0.181352 0.159456 0.819281
v -0.627594 -0.924494 -0.757833
v 0.068493 1.301999 0.473346
v -1.060342 -0.775923 0.301294
v -0.328326 0.774461 1.035782
v -0.772067 0.098094 0.322253
v -0.158875 1.276848 0.256984
v -0.686661 0.246496 1.170621
v -0.666862 -0.577949 0.306385
v -0.978712 0.074596 0.605907
v -0.002617 0.775030 -0.535585
v 0.503310 -1.166802 -0.425480
v -0.172233 -0.657617 1.647408
v 0.156172 -0.224582 1.349614
v -1.169610 0.093437 -0.498228
v -0.192395 -1.525576 0.513549
v -1.062335 0.505683 0.336872
v -0.528198 -0.817614 -0.393511
v -2.082120 0.090677 0.240868
v 0.335300 -1.261451 0.604746
v -1.206190 -0.365709 0.841569
v -0.539289 0.678597 -1.612349
v -0.468962 0.873959 -0.590813
v 0.129496 0.136528 0.647616
v -0.082132 0.088638 0.112905
v 0.314766 0.336130 1.501003
v 0.455013 -0.686290 0.379505
v -0.480001 -0.010064 -0.259676
v -0.777418 -0.636759 0.664613
v 0.161766 -0.999610 0.190009
v 0.177110 0.084225 -0.660462
v -0.480893 0.112158 0.733624
v 1.142044 -0.530954 0.053889
v -0.126466 -0.077266 1.137062
v 0.225020 -1.505816 -0.331195
v 1.715902 -0.102587 0.476036
v -0.649633 0.953223 0.600477
v -0.324634 0.498789 0.593757
v -1.168083 -0.350878 1.308614
v -0.320974 1.485268 -0.722630
v -0.363663 0.158002 1.383177
v -0.417798 -0.242354 1.095259
v 0.493521 -1.471137 -0.082788
v -0.570942 0.068355 1.155455
v -0.047640 -1.298683 0.906134
v -0.578531 0.617576 -1.178312
v -1.328393 0.980511 1.007317
v 0.911965 -1.169697 -0.645194
v 0.284489 0.317980 -0.806526
v -0.800306 0.421597 1.055864
v 1.300871 -1.156556 -0.375202
v -0.890383 -0.179436 -0.657516
v -0.679340 -1.012248 1.316446
v -1.469862 -0.366269 1.134469
v -0.342701 -1.029112 0.980992
v 0.967342 -1.134431 0.176970
v -0.769199 -0.697234 0.944705
v 0.943659 0.176215 0.118434
v -0.347795 -0.472828 1.283575
v -0.836504 0.491910 -1.063379
v 0.012234 -0.198548 1.410579
v 0.069775 -0.634832 1.089929
v -0.928015 0.167768 -1.152459
v -1.144315 -0.268956 1.643926
v 0.070521 0.091398 -1.094097
v -0.320377 -0.300507 -0.322961
v 0.858269 -0.854119 0.012584
v 0.155850 0.759898 -0.520450
v -0.659197 0.525563 0.004349
v -1.683437 -0.130998 -0.071206
v -0.981360 0.061152 -0.259366
v 0.654002 -0.448215 0.063990
v 0.259187 -0.436853 0.026779
v 0.935645 -0.986773 0.460704
v -1.219957 1.263301 0.799297
v -0.348550 -0.007130 0.853200
v -0.222869 0.876748 0.173258
v 0.137547 0.445465 -1.177610
v -0.676558 -0.953459 -0.589519
v -0.683384 0.000039 -0.088114
v -0.299076 0.991916 -0.546274
v 0.534064 0.561753 0.213133
v 0.139955 -0.118604 0.909715
v 0.351452 -0.499387 0.562657
v 0.192220 -1.045907 0.086328
v -0.091675 0.544377 0.844276
v -0.817566 -0.976832 0.011080
v 0.235525 0.705262 0.969086
v 0.294056 -0.982185 0.154147
v -1.291202 -0.363376 0.638508
v -0.468064 0.320107 -0.796843
v -1.311799 -0.351876 1.219123
v 0.360423 -1.477254 0.367122
v 0.520575 -0.857056 0.841905
v -0.397078 -0.602528 1.308936
v 0.940087 0.593696 -0.377374
v 0.841853 -0.503756 -0.460585
v -0.342703 -0.331313 -0.337685
v -1.239795 -0.197977 0.281188
v 0.046508 -1.190943 0.467949
v -1.211567 0.439171 -0.124235
v -0.127698 -0.040285 -0.557178
v -0.589813 0.187114 1.180242
v 0.249296 -1.170998 -0.268602
v -0.512936 -0.085329 0.613051
v -0.587369 -0.323459 0.831073
v 1.012235 -1.060226 -0.241327
v -0.831530 -0.451788 1.094639
v -1.046945 0.302065 -0.630981
v -0.757833 0.627594 0.924494
v -0.175077 -1.204165 -0.584987
v -0.613859 0.367310 0.606651
v -0.311200 0.337526 -1.234329
v -1.112843 0.161737 0.344230
v 0.945507 -0.300274 -0.145252
v 0.646623 -0.970000 0.720253
v -0.641213 -0.932910 -0.735798
v 0.990188 -1.094655 0.610985
v 0.422093 -0.728679 -0.629468
v -1.054771 0.056267 0.012497
v -0.127170 0.099931 -0.283515
v -0.556519 -0.591647 1.178129
v 0.735752 -0.135815 0.265808
v -0.060960 0.235775 0.845070
v -0.642261 0.238535 0.842300
v 0.627025 0.649158 0.777532
v 0.089841 0.238427 -0.142226
v -0.146547 0.475153 -0.359491
v -0.506626 0.570750 0.636530
v 0.200914 0.599078 -0.469424
v 0.718993 -0.674612 -0.922496
v -0.339646 -0.031038 -0.900976
v -0.606137 0.208627 -0.648604
v -0.269612 -0.792275 0.036819
v 0.367074 0.083988 -0.241527
v -0.128654 -0.617168 1.215388
v -1.027925 1.039056 -0.253256
v 0.280095 1.253480 0.533517
v 0.325923 -0.912818 0.558897
v -1.299595 0.079594 -0.122819
v 0.473353 0.183317 -0.166246
v 0.911299 -0.354548 -0.677354
v 0.145553 -0.668291 0.182230
v 0.802982 -1.300109 0.084755
v 0.512743 0.545158 -0.525124
v 1.205328 0.593311 -0.168647
v -0.366697 -0.278730 0.634193
v -0.927918 -0.650302 0.973587
v 0.708788 -0.852302 -0.267346
v 0.272835 0.108555 -0.260579
v 0.650803 -0.734056 0.350565
v -0.543172 -1.146417 0.115889
v -1.005416 -0.033974 0.222464
v -0.114126 -0.510689 0.302911
v -0.099830 -0.108815 0.158391
v 0.326154 1.082392 1.406788
v -1.769213 -0.221577 0.664696
v -1.146914 -0.152857 -0.534952
v 1.682768 -0.178697 0.058445
v -0.830477 -0.703869 0.692775
v -0.725287 0.723686 -0.373782
v -0.360424 1.110411 0.857778
v -1.090521 0.529509 -1.213157
v 0.451747 0.782674 -0.092545
v -0.783270 0.045473 0.860053
v 0.201701 0.393412 0.180326
v -1.387841 0.186751 0.244426
v -0.962345 -0.095399 -0.698301
v -0.818084 -0.866107 0.039883
v 0.826360 -0.423753 0.422200
v -0.105819 0.565349 -1.425274
v -1.156101 0.229830 0.436949
v -0.940053 -0.274976 -0.192259
v 0.484921 -0.672326 1.251550
v 0.465060 0.343418 0.864557
v -0.124091 0.947451 -0.806004
v -0.287808 0.653495 1.680837
v -0.317261 -0.070670 0.452956
v 0.304587 -0.839693 0.676674
v -0.999610 -0.190009 0.161766
v 1.193213 -0.479686 -0.105856
v -0.575713 1.165721 0.050436
v 1.147414 -0.617911 -0.899190
v -0.257894 -0.858102 -0.318463
v 0.375809 -0.531249 1.271574
v 0.836205 -0.096381 1.354874
v -0.363200 0.654917 -0.524755
v -0.766015 0.515056 1.422028
v 0.299797 0.321119 0.365043
v 0.334228 0.195034 0.905016
v 0.178651 -0.891977 -0.109542
v 1.224211 -0.564428 0.158867
v -0.001700 0.029640 1.238619
v -1.320669 0.885739 0.004135
v -0.713287 0.610213 0.959149
v 0.485805 -0.283798 0.399427
v -0.350703 -0.790826 0.793539
v -0.791079 0.647910 -0.767162
v -0.374855 -0.987619 -0.978045
v -1.024918 0.921529 0.715576
v 0.503967 -0.528568 1.201431
v 0.238501 -1.351406 -0.061312
v -1.500444 0.354698 0.466753
v -1.197082 -0.498103 1.322693
v -0.932196 -0.842045 1.127475
v -0.322969 0.604746 0.088143
v -1.109884 0.004747 0.960258
v -0.099500 -1.203464 -0.919631
v -1.138000 -0.347525 1.329973
v -0.099337 -0.453569 -0.528082
v -0.808759 -0.692704 1.143150
v -0.296074 0.233778 -0.660448
v -0.544651 0.796601 -0.792024
v 0.785857 0.347465 0.472087
v -0.404856 1.449845 0.748523
v -0.288260 -0.093528 0.890211
v -0.631115 0.932654 0.720454
v -1.298341 -0.333626 0.635594
v 0.879940 -1.238276 -0.245645
v -0.757184 -0.946831 0.684347
v -0.999495 -0.486488 0.143979
v -0.243057 -1.089298 0.449360
v -0.365061 0.513472 1.342510
v -0.369441 -0.164768 0.014934
v 0.214084 0.644597 0.306822
v 0.265522 -0.366419 -0.633002
v -1.019219 0.218023 1.071299
v 0.356836 -1.005676 0.190359
v -1.459091 -0.056483 0.901492
v -0.634309 0.473424 -0.594515
v -0.589524 -0.594300 1.201851
v -0.195962 -0.038576 1.668562
v 1.434060 -0.192168 0.625352
v -0.530788 -1.501934 -0.247492
v -0.693184 0.226944 0.727666
v -0.367877 -1.004221 0.964878
v -0.469116 -0.091877 1.132283
v -0.033627 0.176559 0.980447
v -0.141395 -0.079589 0.905523
v -0.445670 0.195203 -0.744232
v 0.709405 -0.919638 1.075146
v -0.180312 1.277762 -0.472759
v -0.445248 0.220440 0.063844
v -1.079679 -0.190879 0.396911
v -0.399254 0.385464 -0.256465
v -0.486435 -0.831194 0.735167
v 0.027396 -0.040022 -1.216200
v -0.731817 0.033460 0.921998
v 0.263907 -0.663799 -1.349213
v -0.245350 -0.254523 1.000358
v 0.390090 -0.989939 0.369633
v 0.473151 -0.598495 0.396028
v -0.798502 0.395392 -0.191245
v -1.284328 -0.400614 0.873343
v -1.221554 -0.423314 0.552733
v 0.486155 0.279240 -0.441447
v -0.072008 0.544799 1.192369
v -0.115785 -0.277394 0.734006
v -0.991669 0.043473 -0.893253
v 0.733799 0.402706 0.414691
v 0.532185 -0.241219 0.627414
v -1.189564 -0.595687 -1.161059
v -0.318652 0.262724 -0.356419
v -1.281646 -0.029176 1.252797
v -0.059209 0.634216 1.256171
v -0.358270 -0.150977 -0.058077
v -0.160323 1.667121 0.258341
v 0.629090 -0.279324 0.274971
v 0.698026 -0.818208 -0.258981
v 0.122986 0.603948 -0.123187
v -0.174289 -1.159507 0.272364
v 0.623971 -0.693544 -1.087582
v 0.899772 -0.661583 0.529297
v -0.431427 0.460694 1.378942
v 0.050201 -0.251409 1.363919
v -0.640987 -0.791809 0.798983
v 1.269055 -0.191326 0.417564
v -0.339481 1.028444 -0.233169
v 0.471634 -0.221890 1.240322
v 1.149548 -0.571205 0.300157
v -0.447982 0.708287 -0.370445
v 0.070741 -0.046337 -0.977862
v -1.182439 0.356661 -0.102372
v -0.226044 1.073841 0.995202
v -0.374611 0.229875 -0.552270
v -0.719139 -0.838761 -0.559608
v 0.199950 0.532564 1.391198
v 0.159757 0.697130 -0.888028
v 0.497475 -0.023375 0.870183
v -1.085755 -0.652616 1.598031
v -1.352913 -0.277060 0.663724
v 0.304578 1.111530 -0.269807
v -0.412147 0.728256 1.226025
v -0.247781 0.346926 -1.205765
v -0.187610 -0.616980 0.233554
v 0.574839 0.880697 1.151024
v -0.233002 -0.027794 -1.297809
v -0.415659 0.378583 -0.928855
v 0.024364 -1.108756 0.022528
v -0.579123 0.162726 -1.204900
v 0.200868 -0.272807 1.415116
v 0.226439 -1.175040 -0.554417
v -1.220398 -0.137428 0.936404
v 1.252425 0.348961 0.980644
v 0.763654 -0.193792 -0.355645
v -0.104231 0.014303 0.462725
v -0.076359 -1.309898 -0.285044
v -0.608813 -0.498649 0.590188
v -0.231881 -0.299934 0.701632
v 0.885224 0.365253 0.657809
v 0.612471 -1.228050 0.495010
v -1.172036 -0.207400 -0.318872
v 0.969753 -1.154857 -0.148530
v -0.969824 -0.730354 1.254645
v 1.159602 -0.651124 -0.885103
v 0.870240 -0.382177 0.971125
v -0.504503 -0.606809 1.076091
v -0.199281 -1.199542 0.555508
v 1.125122 -0.522936 0.887902
v -0.289544 0.758100 -0.965535
v 0.433768 0.172201 -0.365589
v -0.783309 0.438233 -0.137230
v 0.206320 -1.178561 0.607890
v 0.726156 -0.774998 1.050653
v -0.593421 -0.519814 1.178173
v -1.296173 -0.366384 0.507607
v -0.968244 1.097243 -0.596229
v 0.928855 -0.415659 0.378583
v 0.836607 0.278045 0.172493
v 0.559709 0.406264 1.045763
v -1.204165 -0.584987 -0.175077
v 1.022962 -1.436462 0.463428
v -1.196748 0.457125 0.571729
v -1.648591 -0.179986 0.692035
v 0.092118 0.417252 0.202775
v -0.195368 0.274137 0.731407
v -0.983491 0.172973 -0.313293
v -0.368740 1.092436 0.210523
v -0.045936 -0.515930 0.168903
v -0.965460 1.171524 -0.236274
v -1.372169 -0.136302 1.355791
v -0.288680 0.019362 1.317507
v -0.731981 0.913239 1.033334
v 1.252924 -0.533200 0.459863
v -0.318596 0.175117 0.046438
v -0.570380 0.239900 1.145517
v -0.847993 -0.752468 0.406105
v 0.042435 -0.906371 0.308773
v -1.196382 0.544031 -0.531803
v -0.063850 1.026880 1.097229
v 0.245403 0.604263 1.034234
v 0.349856 -0.029431 0.302041
v -0.009115 0.472580 0.201486
v -0.967423 0.737155 0.508454
v -1.089842 -0.841585 0.860121
v -0.922445 0.768142 -0.626361
v -0.730531 -0.121979 1.261088
v -0.082244 -0.004261 -0.641277
v -0.152176 0.357609 -1.781982
v -0.309093 -0.722592 -0.664615
v 0.125238 0.124889 -0.197639
v 0.456150 -0.377799 -0.025670
v -0.067996 -0.330603 1.462746
v 0.272681 -0.967404 0.590927
v -1.200249 0.708170 0.448778
v 0.598495 -0.396028 0.473151
v -0.335697 -0.938735 0.331827
v 1.036849 -0.737013 0.563570
v 0.602441 0.249327 1.174164
v -0.832953 -0.511676 1.469581
v 0.692775 0.830477 0.703869
v -1.366695 -0.122738 0.341066
v 1.195712 0.361257 0.244492
v 0.915196 -0.860528 0.047156
v 1.580768 -0.489589 -0.026681
v -1.172179 -0.402581 1.338875
v -0.255139 -0.319748 0.008317
v 0.980375 -1.104543 0.142403
v -0.669491 0.484230 -0.567703
v 0.459329 0.218909 -0.452823
v 0.072532 -1.305382 0.895470
v 1.095391 -1.035883 -0.076219
v 0.064497 -0.788338 -0.052900
v 0.554698 0.170079 1.015099
v -0.523694 0.105963 -0.091335
v -0.738414 -0.167374 0.135129
v -0.011755 0.491091 0.748634
v -1.170691 -0.653931 0.109225
v 0.007119 -1.118650 -0.020023
v 0.668078 -0.907300 0.355486
v 0.567248 1.454144 0.417300
v 0.023238 0.093242 0.833114
v 1.036383 0.667207 0.140036
v -0.606730 0.743929 0.819161
v 1.133209 -0.191280 0.221499
v -0.083327 0.495065 -0.812921
v -0.313167 0.028193 -0.267805
v -0.251156 0.092307 0.573280
v 0.971206 -0.951018 0.184628
v 0.183917 -0.059866 0.662590
v -0.383749 0.569823 0.960319
v -1.447018 -0.650621 0.782864
v 1.668386 -0.117271 0.054152
v -1.527666 -0.343566 0.558604
v -0.640033 0.225441 0.674170
v 0.026418 0.058973 -1.053150
v -1.574303 0.270603 0.434062
v 0.546241 0.084307 0.376523
v 0.581907 -0.706758 -0.057155
v -0.570750 -0.636530 -0.506626
v -1.107134 -0.583183 0.918360
v 0.194231 0.062325 -0.700682
v -0.867126 0.627505 0.744783
v -0.338039 -0.343793 -1.084134
v 0.343019 -0.202352 0.296942
v -0.627594 0.924494 0.757833
v 0.305026 -1.141327 -0.176494
v -0.451883 1.078960 0.247910
v -0.074293 0.853717 0.571960
v -0.376520 -0.054509 -0.327031
v 1.031632 0.233820 1.039937
v -0.262404 0.422733 0.704480
v -0.200557 -0.413031 0.387730
v -0.147492 0.280571 -1.175761
v -0.666415 -0.128381 0.923931
v 1.186067 0.186214 0.183615
v 0.884737 -0.316727 -0.018345
v -1.023107 0.345999 -0.617646
v -0.298803 1.046197 0.959630
v -0.472459 -0.093031 0.259788
v -0.093088 0.857212 0.828453
v 0.112989 -1.169464 0.510433
v 0.326369 1.301641 0.573358
v 0.058393 -0.544738 0.114031
v 0.562074 -0.726954 0.069980
v 0.275729 -0.481532 0.434886
v -0.316824 1.110078 -0.075879
v 0.090292 0.675031 -0.151146
v -0.505630 0.602946 -0.186047
v -1.149223 -1.487388 0.888971
v -0.830991 -0.029465 1.062034
v -0.742691 -0.025510 -1.050481
v -1.143164 -0.566994 0.906612
v -0.320067 -0.341392 0.587914
v -0.384302 -0.652275 -1.017319
v -0.823934 -0.069692 0.986930
v 0.069569 0.730496 1.717693
v -0.625606 -0.057280 1.555174
v 0.155328 -0.335185 -1.019056
v 0.301350 -0.889556 1.165021
v 0.160699 -0.574332 -0.121463
v 0.609724 0.485391 0.175291
v -0.217129 -0.278197 -1.159319
v -0.872392 0.360953 -0.044866
v -1.390029 0.025662 0.039755
v 0.593490 -0.229409 0.494679
v -0.946273 -0.295171 0.749844
v -0.606908 -0.402630 1.482667
v -0.258862 0.699768 -0.666463
v -0.560619 1.073807 0.582947
v 1.451385 -0.317628 1.068240
v 0.052184 -0.553925 -0.631148
v -1.332606 -0.360612 0.714235
v 1.272153 -0.348996 -0.746304
v 0.226766 0.420826 -0.757765
v -0.790851 -0.153936 0.129385
v 1.387832 -0.434386 1.050205
v -0.261172 -0.775725 1.209848
v -0.132023 -0.179088 1.178748
v 0.375763 -1.416156 0.247750
v -0.685003 0.883366 0.908978
v 0.838992 -0.959006 0.036724
v -0.747845 -0.168052 0.141062
v 0.821630 -0.638412 -0.146217
v 0.695527 1.023566 0.514385
v -0.911997 0.562151 0.324674
v -0.072750 0.388542 -0.843744
v -0.924714 0.080921 -0.167057
v 0.968637 -0.666022 0.016078
v 1.090340 0.186473 0.395083
v -1.310869 -0.261750 0.689079
v -0.639750 -1.402790 0.089128
v -0.915335 0.434666 -1.259760
v -0.235709 0.799941 0.320605
v 0.573259 0.597869 -0.397920
v 0.333043 -0.917218 -0.547378
v -1.016726 1.039471 -0.254767
v -1.081000 -0.181274 -0.311544
v 0.047445 0.072163 1.062892
v -0.251336 -0.359230 1.094060
v 0.611606 -0.553693 0.545839
v -0.905373 0.287998 -1.087247
v -0.008416 0.571569 0.665856
v 0.505850 -0.726871 -0.136291
v 0.187936 -1.176846 0.586853
v -0.618035 0.033358 -0.706306
v 0.346292 -1.514376 -0.700057
v -1.251550 0.484921 0.672326
v -0.917605 0.298854 0.903466
v -0.498545 -0.591905 -0.623455
v 0.216180 -0.984191 0.578157
v -0.334635 -0.485940 -0.550255
v -0.466932 -0.090786 -0.532297
v -0.476432 0.104448 1.190026
v 0.380605 0.202123 -1.202113
v 0.568716 -0.568673 0.530335
v 0.767586 -0.210030 0.141774
v -0.466540 -0.607995 0.902590
v 0.989181 -1.109563 0.131279
v 0.737583 0.119875 0.643244
v -0.866051 -0.290457 0.749829
v -0.003129 -0.806219 0.687643
v -0.072719 1.085164 0.888942
v 0.221423 0.721353 0.593234
v -1.076652 -0.316840 -0.468488
v -0.354405 0.076688 -0.936120
v 0.387513 -1.144882 -0.143925
v -0.911047 1.154449 -0.487494
v 0.762839 -0.075552 0.520799
v -0.632111 0.170870 1.225002
v -0.085955 -0.361396 -1.412065
v 1.349213 -0.263907 0.663799
v -0.586955 0.938358 0.980317
v 0.348668 -0.878209 0.581050
v -0.959234 1.143035 -0.184187
v 0.011421 1.798374 0.822543
v -0.763500 -0.346914 1.095491
v -0.195412 0.334242 1.156848
v -0.066713 0.301367 -0.354414
v -0.691770 -0.224057 -0.411866
v -0.135971 -1.438186 0.030160
v -0.104795 0.719729 0.505262
v -1.137690 0.204915 0.943672
v -1.384004 -1.080228 0.926237
v -0.797824 0.457360 0.948204
v -0.360021 -0.047727 0.580855
v -0.023069 -0.691865 0.396377
v 0.575651 -0.924860 0.743392
v 0.517098 -1.229115 0.440513
v 1.592877 0.309818 -0.000887
v 0.161035 -1.095480 -0.039951
v 0.604329 0.397363 0.089555
v 0.781992 -0.563441 0.865297
v 0.008135 -0.840064 0.845363
v -0.211338 0.819001 1.393461
v -1.455359 -0.026692 0.518696
v -0.011267 -1.067729 -0.021182
v -1.260382 -0.150175 1.350964
v -0.599586 -0.432569 0.519892
v 0.428416 0.524734 0.889042
v -0.777993 0.631473 0.373630
v -0.318872 -1.172036 0.207400
v -0.998983 -0.170577 1.644199
v -0.202413 0.531641 -0.530889
v -0.362754 0.494860 0.305078
v -0.895170 1.103342 0.092910
v 0.078415 -0.222401 0.466858
v -0.968276 -0.243642 0.276124
v -0.750206 -0.421406 0.583148
v -0.195833 -0.012761 -0.492048
v 0.217052 -0.268196 0.726069
v -0.773382 -0.054854 0.898003
v 0.509742 0.080556 -0.361494
v -0.745607 -0.086174 -1.135299
v 0.565749 0.432500 -0.451257
v -0.590066 0.118847 0.147098
v -0.059441 0.633436 -1.369773
v -1.087372 -0.868604 0.834823
v 0.633889 -1.265556 0.891769
v -0.772527 -0.536792 0.523387
v 0.560364 -1.407873 -0.007843
v 1.316132 0.254794 0.661801
v 0.493385 -0.711927 0.430468
v -1.472330 -0.601564 0.459542
v -0.938735 0.331827 -0.335697
v 0.307465 0.620993 -1.384811
v 0.619802 -0.618449 0.572204
v -0.425294 1.131939 0.343976
v 0.038179 0.045864 -1.145432
v -0.828711 0.069065 1.228163
v -0.830603 0.033010 0.323573
v 0.207535 0.275615 -1.270329
v -0.336389 -0.633575 1.430538
v -0.705013 0.792514 -0.487815
v 0.841247 -0.307162 -0.048862
v -0.250989 -0.369739 0.643597
v 0.206320 1.178561 0.607891
v -0.649569 0.936789 0.730590
v -0.861921 -0.350851 -0.695514
v -0.317363 -0.368569 1.446088
v -1.046739 0.084103 0.730248
v 0.046675 -1.226253 -0.359269
v -0.558814 1.177438 1.442404
v 0.801983 0.280386 0.755062
v -0.427352 -0.158064 0.417262
v -1.191663 -0.453379 -0.437435
v 0.276801 -1.369396 -1.105700
v -1.202305 -0.187827 0.453249
v 0.846664 -0.826093 0.024777
v -0.695674 1.276276 -0.399162
v 0.750026 -0.545681 0.254461
v -0.421026 -0.050673 -1.008817
v 0.532564 -1.391198 0.199950
v 0.176215 -0.118434 0.943659
v 0.604807 -0.563126 0.584934
v 0.759483 -1.261248 -0.323686
v -1.138825 -0.108095 -0.346402
v -0.705244 0.159246 0.859694
v 0.629517 -0.635048 0.465172
v -0.631208 0.946623 0.667608
v -0.305056 -0.890883 0.669910
v 0.335082 0.640167 0.726972
v -0.738881 0.404657 -1.468797
v 0.678637 -0.325930 -0.847540
v -1.284888 -0.390341 0.630160
v -0.619686 0.167847 1.264854
v 0.519684 -0.223161 0.185093
v -0.307057 0.019717 1.388848
v -0.889232 0.022945 1.254395
v -0.280983 0.048965 -1.703850
v -1.192770 0.198778 -0.084740
v 0.776425 -0.487546 -1.005435
v 0.405472 -1.197170 0.342626
v -0.719269 -0.126086 0.980466
v 0.828001 -0.855582 0.115683
v 0.401564 0.630901 0.308443
v 0.912950 0.023633 -0.099836
v -0.568310 0.890413 -0.494708
v -0.267399 0.427899 -0.001643
v -0.259887 -0.404698 0.493658
v 1.350897 -0.303061 0.665726
v 0.042287 -0.906135 0.849680
v -0.284471 -0.246183 0.811454
v -0.594609 -0.033092 1.548253
v 0.824442 -0.395591 0.159644
v 0.117527 -1.152923 0.109403
v -0.586495 -1.172156 0.607074
v -0.741463 -0.819292 0.296219
v -1.513536 0.058754 0.402369
v -0.311290 0.759908 1.047232
v -0.967887 0.333641 0.031329
v -0.676870 0.415792 -0.540626
v 1.101836 0.060957 0.137862
v 0.603887 0.622658 0.816979
v 1.839102 -0.475786 0.207778
v 0.101490 -0.832793 0.841066
v 0.878995 -0.873849 -1.081044
v -0.857778 -0.360424 -1.110411
v -0.896556 -0.528656 1.712870
v -0.671265 0.204649 0.971206
v -0.362051 -0.023262 -0.928391
v 0.296882 -0.852258 0.981044
v 0.689587 0.190341 1.384400
v -0.732848 0.937289 -0.239739
v -0.044689 0.190936 -1.512203
v -0.595497 0.780766 -0.383696
v 1.124955 0.831258 0.272804
v 0.434993 -0.724113 0.211837
v -0.442153 1.001797 -0.688650
v -0.986171 0.218277 0.724158
v 0.512050 -1.213209 0.528363
v -0.430449 0.420754 -0.141041
v -0.186135 -0.372272 0.441927
v -0.980390 -0.939060 0.380443
v -0.236387 1.859126 0.558156
v 0.644928 -0.352022 0.290160
v 0.346309 -0.853095 -0.470018
v -0.703178 0.560982 -0.686751
v -0.158766 0.626921 0.726642
v -0.172537 -0.610397 -0.435582
v 0.548930 -0.352761 0.870219
v 0.758489 -1.142821 0.179081
v -1.140656 0.369584 1.392559
v -0.129464 -1.198921 -0.372025
v -0.788949 0.375303 0.572961
v -0.655397 -0.055555 1.583205
v 0.135476 -1.367438 -0.150631
v -0.084447 0.217859 0.290158
v -1.139188 0.014275 0.578118
v -1.368085 0.230278 -0.560992
v -0.989154 -0.940715 0.622212
v 0.828817 -0.692841 -0.322142
v 0.705964 -0.175980 0.127007
v -0.798203 -0.594666 0.757659
v -0.498228 -1.169610 -0.093437
v 1.202235 -0.130855 0.445736
v 0.509299 -1.188102 0.509080
v 0.415348 -0.007511 0.567019
v 0.146217 0.821630 0.638412
v 0.987662 -1.114738 0.130325
v -0.024973 0.362231 -0.449227
v 1.648508 0.245632 0.185014
v 0.409142 -0.841559 -0.350148
v -0.000155 1.390828 -0.100332
v 1.140630 -0.833956 0.155569
v 0.959149 -0.713287 0.610213
v -0.401624 -0.435261 0.118232
v 1.021352 -0.712828 0.805527
v 0.586350 -0.083655 0.046092
v 0.201510 -0.677137 1.244710
v 0.210718 -0.205255 -0.738908
v 1.107222 0.109134 -0.427952
v -0.407560 0.333070 -0.238374
v -1.107066 0.700797 -0.240742
v -0.397525 -0.200253 -0.683124
v -0.731648 0.518828 0.153640
v 0.516533 -0.510109 0.526928
v -0.702290 -0.255511 0.736661
v 0.178807 -1.212259 1.037865
v -0.237183 1.126312 0.694490
v -0.415659 -0.378583 -0.928855
v 0.879345 -1.122178 -0.534291
v -0.611204 -0.602497 0.467586
v 0.013743 -1.599173 0.381390
v -0.183850 0.104560 0.116401
v 1.047965 -0.962496 0.280664
v -0.273567 -0.973985 0.260945
v 0.187907 0.745555 1.016754
v -0.800616 0.108826 0.308082
v 0.635385 0.006388 -1.118251
v -0.651869 -0.087439 0.846304
v -0.053265 0.646855 -0.431253
v -0.744415 -0.367224 0.469655
v -0.902517 0.016131 -1.308189
v 0.115917 -0.463853 1.123551
v -0.431188 -0.615359 0.501786
v 0.040669 0.909163 0.844244
v -0.444245 -0.005812 -0.941050
v 0.130220 0.929632 -1.476060
v -0.603652 0.516316 -0.557375
v -0.528109 0.456519 -0.291855
v -0.022427 -1.327972 -0.302308
v 0.852195 0.741952 0.123222
v -0.150059 0.215076 -0.300744
v 1.294179 0.225037 -0.082245
v -0.760909 0.575952 1.656973
v 0.589361 -0.378682 0.195898
v -0.543140 -0.576923 1.167518
v 0.402154 -0.453645 0.702648
v -1.115893 -0.099166 0.418341
v 1.261397 -0.582845 -0.163166
v -1.670767 -0.721839 1.215128
v -0.692043 -0.145097 0.528274
v -0.655174 0.302761 0.863444
v 0.958257 0.000525 0.082464
v -0.258366 0.750568 0.935803
v 0.191543 -0.401181 0.659095
v -0.341010 0.505263 0.604814
v -0.032767 -1.186466 0.474582
v 0.305558 0.397431 1.503201
v -0.518221 0.328251 0.872023
v 0.556658 -1.184071 -0.514696
v -2.247411 0.303747 0.490432
v 0.176476 -0.570446 0.321835
v 0.443002 -0.841261 0.005813
v -0.206097 -1.305952 0.055267
v -0.904402 -0.119759 -0.899599
v -0.782770 -0.652505 0.895098
v -1.563421 0.590348 0.653573
v -0.674281 0.532189 0.402462
v -0.299252 -0.015459 1.071133
v 0.325974 0.682566 -0.984289
v 0.931664 0.615823 0.333337
v -1.364138 0.350583 0.081229
v -0.690041 0.418509 -1.476343
v -0.863815 0.353470 -0.002660
v 0.684730 0.056710 0.063683
v 0.226598 0.422395 1.145083
v 0.485324 0.398403 1.083199
v -0.665269 0.904998 0.960587
v 1.035484 -0.768096 0.382724
v -0.457743 -0.693447 0.765842
v -0.397244 -0.568081 -0.731167
v -0.657738 -0.805404 0.756811
v -0.008579 -0.272424 -0.451499
v -1.249615 0.586951 -0.459458
v 0.945559 -0.304683 -0.046552
v -0.123234 0.838108 -0.787907
v -0.271364 -0.512831 1.349556
v 0.339741 -0.159400 1.214350
v -0.885503 -0.331916 0.581248
v -1.357237 0.894425 0.660500
v 0.702648 -0.402154 0.453645
v 0.077093 -1.267288 0.330886
v 1.008153 -0.747953 0.624964
v 0.017137 -0.163748 1.430975
v 1.441218 -0.409633 0.155905
v -0.424864 0.429988 -0.046569
v -0.418949 0.340829 -1.485006
v -0.989310 0.708778 1.550035
v -0.697905 0.127278 -0.040152
v 0.827648 -0.322036 -0.634835
v -0.327493 0.679051 0.749262
v -0.515867 1.113027 1.522206
v -1.347740 0.217954 0.744035
v -0.219726 -0.350638 0.808355
v -0.906470 -0.546747 -0.224567
v -0.666692 0.169429 0.128287
v -0.011884 0.887532 1.010234
v 1.053025 0.033496 0.154020
v 0.163965 0.337441 1.068539
v -1.056861 0.292545 -1.538369
v 1.153265 -0.097961 -0.532092
v -0.140645 -0.417659 0.502871
v -1.359373 -0.102721 -0.306499
v -0.985772 0.764731 0.326097
v 0.614198 0.615723 0.655355
v 0.201756 0.570478 -1.552103
v -0.510205 1.216853 -0.577717
v -1.203450 -0.181282 0.986109
v -0.997157 0.175497 -0.934830
v 0.995529 0.077308 -1.077163
v -1.279545 0.353889 0.088633
v -0.099986 -0.198769 0.713269
v -0.763432 0.839978 -1.156020
v 0.127010 0.018740 0.312257
v -0.763253 -0.068309 1.307380
v 1.494644 -0.285542 -0.173323
v -0.030936 -0.780745 0.684452
v -1.113145 0.861087 0.377860
v 1.268732 -0.788269 0.169367
v 0.234529 0.797308 0.181931
v -1.138933 0.172681 0.358733
v 0.041793 -0.460385 0.216231
v 0.801808 -0.526721 -0.457146
v -0.552138 0.057393 -0.092527
v -0.110623 -0.054894 -0.546993
v -1.095999 0.015094 0.294792
v 0.550556 -0.744065 -0.177085
v -1.477901 0.524539 0.890960
v 0.374186 -1.098513 -0.853258
v -0.904776 1.126243 -0.636240
v -0.719309 0.119158 -0.877724
v -0.741914 -0.432390 -0.038839
v 0.207400 0.318872 1.172036
v -0.287246 -0.424777 0.534727
v 0.156463 0.337714 1.123197
v -0.132780 0.659675 0.120866
v -0.782697 -0.545678 -0.322235
v -0.740085 0.501643 -1.012798
v -0.574434 -0.478087 0.163304
v 0.604716 -0.620754 0.201484
v 0.373632 -0.561103 0.306273
v 1.273416 -0.877690 0.676771
v 0.784672 -0.479297 1.433156
v 1.107768 0.526691 0.537234
v -0.342528 0.379461 1.675597
v -0.422410 0.602426 -1.267280
v 0.702548 0.267250 0.212024
v -0.938695 0.785633 0.655292
v -0.591432 -1.216903 -0.510403
v -0.786514 0.034768 -0.140407
v 0.470583 0.154367 -0.137626
v -0.724325 -0.363821 0.507188
v -1.174529 -0.564586 -0.876009
v 1.271076 0.301691 0.876071
v -0.645055 -0.269374 -0.245552
v -0.692942 0.267288 0.712129
v -0.953596 1.093914 0.613188
v -0.743630 -0.449834 1.449432
v 0.410177 -1.040053 0.883730
v 1.094950 -0.940302 -0.236172
v 0.576720 0.727738 0.761069
v -0.403136 -0.354939 0.798003
v 0.331425 -0.213865 0.479123
v 0.711738 -0.678341 0.567588
v -0.247766 -0.036695 1.352818
v -0.389845 -1.100113 0.966151
v -0.053885 0.406623 0.399019
v -0.198781 0.606870 0.921684
v 1.097301 0.170001 0.379023
v -1.258032 0.171529 1.143847
v -0.527295 0.596787 0.149757
v 0.324288 -0.443403 1.883584
v 0.032881 0.735055 1.082403
v -1.233430 0.384683 0.355960
v 0.840529 0.611751 0.226028
v -0.671126 -0.016379 0.981020
v -0.569344 -0.284561 0.834290
v -0.552412 -0.505301 0.887527
v -0.735516 0.021670 -0.900634
v 0.686386 -0.692926 -0.826848
v -0.580747 -0.290028 0.806666
v -0.186356 -0.107215 -1.668733
v -0.834257 -0.179266 0.131008
v -0.977825 0.231701 1.115222
v -0.337304 0.290370 1.516192
v -0.761460 -0.261961 0.466786
v -0.707277 0.151389 -0.114244
v 0.217627 -1.048828 -0.109595
v 1.019833 -0.634586 0.660001
v -0.310789 -0.014994 -1.289238
v -0.697387 0.319588 0.894573
v 0.129259 0.495250 -1.136910
v -0.110205 -0.105675 0.880306
v 0.890520 0.716391 1.059283
v -1.113776 0.083746 0.113670
v -0.622603 -0.158793 -0.472835
v 0.804752 0.376768 1.013697
v -0.245432 -1.087219 0.628543
v 0.303543 0.282274 0.168792
v -0.405433 0.088420 0.000473
v -0.542918 -0.558722 -1.182829
v -0.872814 -0.804004 -1.137222
v -1.153473 -0.508515 0.479886
v 0.170609 -1.438607 -0.001452
v -0.751641 -1.010450 0.025395
v -0.761640 -0.672187 0.171973
v -0.369253 -0.121268 0.132813
v -0.587095 -0.606564 0.488212
v -0.512866 0.320694 0.604289
v -1.022922 -0.332155 0.389486
v -0.448704 0.469253 -0.269985
v 0.246529 -0.726914 1.346356
v -0.761462 0.888244 0.292234
v 0.158691 0.314004 -0.149723
v -0.616818 -0.514790 1.297906
v 0.507023 -1.192200 1.201807
v 0.848037 -0.422090 -0.020136
v -0.373186 0.873680 0.455351
v 0.461056 -1.408774 0.908533
v 0.308671 -1.113373 0.304002
v -0.201006 -1.431994 0.517581
v 0.220787 0.262037 0.895342
v -0.897473 0.318606 -0.737799
v -0.890706 -0.468414 0.087042
v 0.137310 -0.361795 -0.134781
v 1.368577 -0.033136 -0.203463
v 0.299557 -0.891250 0.567990
v -1.195968 0.604869 -0.103907
v 0.146656 -0.144340 0.506021
v -0.159092 0.652094 -1.750400
v -0.143191 0.689563 -1.749021
v -0.480223 0.479427 1.278319
v -0.900077 0.799271 0.620707
v -1.156943 0.251867 0.466933
v -1.046080 0.526211 -0.925590
v 0.277492 -1.128270 -0.225981
v 0.172581 0.565802 0.872336
v -0.152954 0.666938 -1.065544
v -0.442421 -0.623773 -0.687734
v -0.695969 -0.816204 -0.555271
v 0.883624 -0.578775 0.280864
v -1.099237 -0.523738 0.936348
v -0.333704 1.399649 0.409001
v -0.226598 -0.422395 -1.145083
v 1.010882 -0.059334 -0.123636
v -0.374951 0.638730 -0.622098
v 0.783748 -1.207626 0.157177
v 0.979485 -0.785852 0.512744
v -0.830682 0.270402 -0.645953
v -1.395408 -0.249290 0.630388
v 0.236059 -0.953694 -0.310218
v -0.555684 -0.925206 0.356542
v 0.170940 -0.214171 0.503482
v -0.378887 0.420857 -0.859261
v -0.922153 0.012410 1.246763
v -1.229195 0.604277 -0.202584
v 0.794701 0.756168 0.671762
v 0.939839 0.594043 -0.374375
v 0.407593 -1.415344 0.230786
v 1.081434 0.424660 0.593019
v -0.786460 -0.621544 0.837222
v -0.591499 0.034017 1.543970
v -0.025216 0.015056 -1.085391
v -0.713872 -0.068775 0.933651
v -0.519518 -0.379496 -1.213813
v 0.402691 -0.817135 0.908561
v -1.434813 0.313583 0.263576
v -0.417269 -0.643794 0.495828
v 0.230759 -1.193665 -0.568349
v 1.157058 -0.551246 0.584456
v -1.170106 -0.521469 0.943177
v -1.675828 -0.814858 1.083099
v -1.387024 -1.077433 0.918582
v -1.219153 0.464798 0.478761
v -0.904411 -0.296889 1.117129
v -0.636721 0.255609 -1.153940
v -0.201171 0.318274 -1.238730
v -0.489740 0.009344 0.867342
v -1.342314 0.598565 -0.464567
v -0.017413 0.799581 -0.479617
v 0.914314 -1.209323 0.500725
v -1.490061 0.333592 -0.339700
v 0.245180 -1.461906 0.289129
v 1.490863 -0.595998 0.709547
v -0.383169 0.248535 -0.571044
v -0.128570 -0.052081 -0.588593
v -0.336193 0.729458 1.563964
v 0.523724 0.336277 0.639697
v 0.362736 -0.033577 1.237884
v -0.336717 0.331286 0.604742
v -0.765284 0.474519 1.415326
v -0.444040 0.398633 1.255371
v -0.728055 0.219606 -0.820341
v 1.048172 0.014385 0.118776
v -1.001542 0.277679 -0.629466
v -0.962135 0.074606 -0.140618
v -0.203975 -0.195058 1.395536
v 1.236427 -1.033486 0.425164
v -0.309534 0.403302 1.088569
v 0.339095 -1.148627 0.828773
v -0.046267 0.051187 -0.529981
v -0.332469 0.393035 0.231786
v 0.930357 -0.809449 -0.583869
v 0.705595 1.083518 0.858613
v 0.899052 -1.410765 -0.068713
v -0.842003 -0.667575 0.722202
v -0.026289 -0.726679 -0.019177
v -0.313046 -0.164701 -0.422453
v -0.227073 0.300367 1.016725
v -0.308108 -0.272284 0.569789
v -0.496563 0.304966 -0.918777
v -0.576471 -0.394674 0.904018
v -1.745845 0.014104 0.294493
v -0.593217 0.848602 -0.484447
v 0.065157 -0.201914 1.106238
v 0.066873 -0.842829 0.868567
v -0.245403 0.604263 1.034234
v -0.022886 0.547224 1.058583
v -0.085330 -0.147179 1.147312
v 0.357998 -0.553964 1.280136
v -0.720286 -0.797854 0.494516
v 0.926325 -0.929245 -0.553296
v 0.702105 -1.540490 -0.612093
v -0.820262 -0.900739 0.104092
v 0.270418 0.255266 0.580079
v 0.629347 -0.594058 0.335041
v 0.340020 -0.840006 0.550379
v 0.158867 -1.224211 0.564428
v -1.437670 -0.026664 0.137212
v -0.824783 -0.236481 1.637034
v -0.300760 -1.003644 0.511178
v -0.042214 0.060896 -0.363979
v -0.376148 -1.265672 1.178000
v -0.927943 -0.167715 0.027250
v -0.891884 0.271262 -0.222502
v -1.089298 0.449360 0.243057
v 0.926443 -0.708317 1.208251
v -0.925364 0.200967 0.198124
v -0.274125 0.259019 1.122962
v 0.516496 0.287496 1.387767
v -0.026782 0.362598 -0.853183
v -0.169567 0.533161 -0.053883
v 0.219902 -0.511994 0.665601
v 0.276302 -0.481597 0.644612
v -0.945734 -0.337611 1.114955
v -1.177978 -0.486304 1.044812
v 0.251534 -1.180332 -0.820286
v -0.288223 0.522802 -0.447628
v 0.440031 -1.131188 -0.198326
v -0.245589 -1.112428 0.445510
v 0.519444 -0.417541 1.247126
v 0.702220 0.642287 -0.112998
v -1.047859 -0.425484 1.706556
v -0.459282 0.181592 0.061064
v -0.474841 0.542670 0.604228
v 0.342005 -0.726183 0.307230
v -1.094643 -0.018570 0.120080
v 0.291736 0.658362 0.936179
v -0.956227 1.119585 0.574960
v 0.001037 -1.090679 0.489662
v 0.473411 -0.440345 -0.228883
v 0.716576 0.336531 0.775736
v -0.337076 0.591205 0.614391
v 0.505809 -0.251242 1.619641
v 0.736808 -0.023303 -0.897950
v 0.069460 -0.130500 0.627243
v -0.694722 0.161536 1.241654
v 0.279744 0.070075 -0.736065
v -0.785705 -0.649675 0.643052
v 0.846304 -0.651869 0.087439
v -0.790141 -0.013055 0.116629
v -1.225038 0.587230 0.817489
v -0.501162 0.772937 -0.012674
v -0.540835 -0.666764 1.014679
v 1.161702 -0.161288 0.057818
v -1.626470 0.570948 0.214154
v 0.110972 0.119452 0.777042
v -0.436470 0.953161 -0.057583
v -1.289412 0.129936 1.061675
v -0.012058 0.186048 1.453893
v -0.968864 1.105094 1.028896
v 0.482898 -0.681328 -0.378445
v -0.588398 0.365572 -1.189159
v 0.302867 -0.995755 0.187936
v -0.434304 0.532298 0.124233
v 0.309611 -0.527247 0.823527
v -0.523987 0.222439 -1.191914
v -0.345482 -0.779435 0.177646
v -1.136266 -0.490267 0.950415
v -0.283701 0.838201 1.262238
v 0.969753 -1.043825 0.297878
v -1.431627 0.361285 -0.141689
v 0.826292 -0.828140 0.345834
v -0.104839 -0.135068 0.210996
v -0.364085 -0.078831 0.302151
v -0.430853 0.096436 1.047790
v 0.479286 -0.007005 0.793429
v 0.263406 0.703252 -0.949924
v -0.129331 0.482167 -0.337788
v 1.311512 -0.144343 0.725514
v 0.609750 0.631254 0.694805
v -0.575413 0.324150 -0.413600
v -0.438153 -0.520280 0.911999
v 1.145083 -0.226598 0.422395
v -1.198937 -0.238494 0.313327
v -0.111546 0.009628 0.067008
v 0.051431 -0.862023 0.793859
v -0.826964 -0.355400 0.633835
v -0.065894 0.317657 0.250334
v -0.655829 1.218303 0.655263
v 0.534824 -1.458749 -0.061897
v -0.337811 -1.041075 0.573715
v 1.251869 0.090714 0.458879
v 0.115602 0.388878 0.401501
v -0.301708 -0.374631 0.032957
v -1.347775 -0.932010 1.120924
v 1.035627 -0.634904 -0.254038
v -0.433768 -0.172201 -0.365589
v -0.367919 -0.444174 0.546473
v -0.514277 -1.063867 0.572236
v 0.263907 -0.663799 1.349213
v -1.129311 0.878093 0.329540
v 0.949679 -1.098492 0.619089
v 0.571944 0.445466 1.132747
v -0.018752 0.922345 1.238866
v 0.526193 -1.106046 0.562978
v -0.791596 0.087270 0.234034
v -0.756534 1.499002 -0.643367
v -0.944894 0.322172 1.088370
v -0.298608 0.261437 -0.671253
v -0.861860 -0.431592 -1.403673
v -0.384517 -0.998919 -0.340748
v -0.146547 -0.475153 -0.359491
v 1.427243 -0.121689 -0.463931
v -0.858799 -1.110885 0.038072
v -0.892381 -0.702371 0.010562
v -0.424569 0.653045 -0.217009
v -1.058890 -1.111669 1.157424
v -0.456825 -0.189368 0.366339
v -0.525001 -0.286979 1.006925
v -0.305194 -0.515605 -0.554630
v 0.799982 0.595899 0.735737
v 0.853935 -0.377278 0.133230
v -1.509546 -0.037964 1.029512
v -0.839260 -0.103253 1.373612
v 0.363687 -0.448396 -0.193545
v -0.691865 0.396377 0.023069
v -1.187609 -0.552016 0.897044
v 0.856880 0.358075 1.111863
v -0.663801 -0.130994 1.294238
v 0.364391 0.159376 0.467224
v -0.414600 -0.845073 0.796324
v -0.940302 0.236172 1.094950
v -0.049754 -0.372100 1.154077
v -1.683329 0.226773 0.012736
v 0.452601 -0.381785 0.090711
v -0.441845 -0.035768 0.296045
v -0.398917 0.917130 -1.014579
v 1.092181 -0.078581 0.649785
v 0.004556 -1.374658 -0.859012
v -1.057925 0.958869 -0.346944
v 0.141428 -0.083805 0.281278
v -0.732635 0.207870 0.165671
v 0.341849 -0.201923 0.870040
v 0.147766 -1.426154 0.039043
v -0.450144 0.476017 1.252463
v -0.802728 -0.217810 0.179263
v -0.009813 -0.597774 -1.112832
v -1.154138 0.067462 1.017816
v -0.507878 0.114192 0.311333
v -0.598300 -0.100415 0.158571
v 0.296430 -0.125382 0.747636
v 1.091363 0.361147 -0.381455
v -0.794389 -0.595821 0.718495
v 0.142259 0.343541 1.052027
v -0.345543 -1.236879 0.855468
v 0.685758 -1.112926 -0.081205
v 0.870512 0.257255 -0.654718
v 1.396526 -0.168656 0.623887
v -0.236342 0.803045 0.940603
v -0.567899 1.126522 0.037433
v -0.853258 -0.374186 -1.098513
v -0.291121 -1.136285 -0.249250
v -0.818162 0.045802 0.085149
v 0.740088 -0.422158 0.466296
v 1.005416 -0.033974 -0.222464
v 0.121023 0.685932 -0.192047
v 0.544518 -0.832915 0.978610
v -0.328435 -0.445800 0.594503
v -0.215532 0.000922 1.680957
v 0.720391 -1.152830 -0.445108
v 0.515017 0.497672 1.218452
v 1.536511 -0.363173 0.293197
v 0.827599 0.160841 0.138391
v -0.627676 -0.046915 0.833906
v -1.149547 -0.321012 1.331185
v -0.251135 0.042794 0.155766
v -0.529023 0.181709 -0.214365
v 1.126243 0.636240 0.904776
v 0.190009 -0.161766 -0.999610
v -0.155983 -1.275192 -0.252789
v -0.578728 -0.210627 0.735051
v -0.427649 0.543500 0.763685
v 0.752177 -0.026507 0.983127
v -0.608845 -0.070300 -0.843358
v -1.129419 0.796772 -0.181388
v 0.576289 -0.718503 -0.024884
v -0.854192 -0.533963 1.496573
v -1.498952 -0.376740 0.292626
v -0.019788 0.430362 0.848760
v -0.279671 -0.013619 1.320785
v 0.646251 0.798001 0.761908
v 0.829335 -0.902818 -0.042996
v -0.221283 0.189196 0.895392
v -0.490770 -0.330918 0.521974
v -0.713969 0.803854 1.372619
v -0.157618 -0.682935 0.819327
v -0.029702 0.140048 -1.076277
v 0.029076 0.645873 0.977038
v 1.458432 0.355339 -0.397446
v 0.230759 -1.193665 0.568349
v -1.306272 -0.595207 1.371440
v -0.792193 -0.753689 0.404980
v 0.832705 -1.223231 -0.249579
v -0.724292 0.223798 0.762268
v 0.529023 -0.181709 0.214365
v -0.700870 0.357758 -0.587180
v -0.573715 -0.337811 1.041075
v 0.392375 -1.319797 0.103434
v -0.590791 -0.388372 0.806135
v 0.525151 -0.903274 1.107389
v 0.218949 0.263315 -0.446584
v -0.640857 0.822073 -0.519982
v 0.023693 -0.962000 -0.823375
v 0.250506 -0.012534 -0.427125
v 0.702001 -0.232123 0.563903
v -0.142590 -0.469757 0.385678
v -0.797138 -0.005187 0.843449
v -0.666048 1.556202 -0.618142
v 0.074780 -0.134487 0.857730
v 0.304762 -0.043924 -0.347858
v -1.145083 -0.226598 -0.422395
v -0.604133 -0.134513 1.166839
v -1.067116 -0.376484 1.310854
v -1.117967 -0.537024 0.901558
v -0.549209 0.134201 -0.115931
v -1.076948 0.007976 -0.934539
v -0.603483 0.124380 -1.221094
v 0.692259 0.826739 0.700955
v -0.607566 0.084189 0.606855
v 0.883730 -0.410177 1.040053
v -0.766089 -0.024184 0.457051
v -1.018212 -0.423365 0.972129
v -0.854121 0.522060 -0.306462
v -0.601765 -0.350648 0.356167
v 0.620691 -0.889880 -0.000771
v -1.026209 0.165870 0.766168
v -0.830655 0.314604 -0.213616
v -0.073894 0.834423 0.081793
v 0.759988 0.624510 0.517653
v 0.312388 -1.026931 -0.198872
v -0.811730 0.372412 -0.011520
v 1.066385 -0.435854 0.227629
v -0.214082 0.308389 -1.100832
v -1.496714 -0.007767 1.058607
v -0.196470 0.297531 1.609774
v 0.817431 -0.574094 0.272609
v -0.810602 0.367074 0.433650
v 0.341901 -0.064757 0.389630
v -0.912417 -0.335158 0.374723
v 1.139641 -0.800843 -0.243627
v -0.761454 0.484562 -1.010730
v -0.265522 -0.366419 -0.633002
v 0.248518 -1.165164 0.683017
v -1.193665 -0.568349 0.230759
v -0.129582 -1.473962 0.016118
v 0.505250 -1.493540 0.029817
v -1.184198 -0.500225 0.998985
v -0.390012 0.248603 -0.670716
v -0.345150 -0.142086 -0.520453
v -0.313809 0.265392 1.521424
v -0.877586 -0.363666 0.164002
v -0.679754 0.404715 0.601075
v 0.635716 -0.996571 0.268244
v -0.182495 -0.555019 0.265714
v 0.619745 0.547340 0.134160
v -1.255097 -0.312010 0.396542
v 0.584105 -0.533607 1.188386
v -0.218277 -1.254301 -0.555404
v -0.128123 0.029403 -0.277951
v -0.756615 0.487083 -1.378113
v -0.596450 0.798292 0.342025
v -1.336837 0.175223 0.204056
v 0.231401 0.123277 0.603710
v 0.206013 -1.208456 0.427298
v 1.067361 0.640739 0.181346
v -0.252787 0.493118 -0.083103
v 0.200905 0.263851 -0.261001
v -1.212875 -0.806198 0.807529
v 0.034023 -1.044034 1.514426
v 1.449845 -0.748523 -0.404856
v -0.253215 0.586431 0.347997
v -0.450360 0.362715 -0.997149
v 1.125453 -0.040968 -0.219391
v 0.445165 0.947494 -1.287671
v -1.106050 -0.892307 0.934400
v 0.629189 -0.426472 0.010048
v -0.417365 1.382556 -0.152570
v 0.402153 0.453645 0.702648
v 0.159740 0.582253 -0.139302
v 0.407620 -0.369745 1.338364
v 0.650202 -0.993127 -0.710845
v 0.720102 -0.947537 -0.419681
v -0.559238 -0.206011 1.191921
v -0.219589 -0.907811 0.622970
v -0.596737 0.383999 -0.467572
v 0.945060 -1.323241 0.014323
v 0.328907 -0.847526 1.233310
v 1.125713 0.059648 0.664978
v -0.415518 0.711586 -1.575613
v 1.011535 -0.218622 0.197196
v -0.797308 -0.181931 0.234529
v -0.992063 0.846264 -0.519035
v -0.993314 -0.376771 -0.817507
v -0.799442 0.264801 -1.002141
v -0.626908 0.246784 1.486709
v 1.146396 -0.062007 -0.249902
v -1.728796 -0.227096 0.660459
v -0.780442 -0.334413 -0.226215
v 0.686649 0.172319 -0.075947
v -0.107221 -0.016627 -0.520065
v 0.288984 0.500403 -0.144683
v 0.560384 -0.013578 0.406276
v -0.773618 -0.663211 -0.924953
v 1.420057 -0.101090 -0.480517
v 0.743392 0.575651 0.924860
v -0.419987 -0.689815 0.358040
v -0.023303 -0.897950 -0.736808
v 0.292567 -0.634527 0.596131
v -0.009813 -0.597774 1.112832
v -0.182032 -0.021826 1.678194
v -0.019434 0.521807 -1.421575
v -0.934557 0.182796 1.566785
v 1.426375 -0.794955 0.991006
v 0.847424 -1.175634 0.138607
v 0.780120 -0.098765 -0.527270
v -1.152236 -0.533598 0.938114
v -0.916113 -0.257625 0.255032
v -1.045882 0.062611 -0.855485
v -0.833475 0.083701 1.221395
v 0.779901 -0.034953 -0.953360
v -1.094707 0.076799 -0.068312
v -0.167102 0.371573 -1.791494
v -0.741463 -0.819292 -0.296219
v -1.353112 0.134094 0.890513
v -0.880306 -0.110205 0.105675
v 0.849669 0.336926 -0.020034
v -0.579123 -0.162726 1.204900
v -1.294001 -0.327484 0.637516
v -1.158634 -0.573538 0.957389
v -0.183788 -1.622449 -0.255783
v -0.378902 0.602921 -1.265323
v -0.074267 0.992256 1.078352
v -0.780823 -0.043166 0.540793
v -0.659559 0.453937 0.592568
v -1.048533 -0.739186 -0.486225
v -0.705562 0.083168 0.832650
v -0.698026 0.818208 -0.258981
v 0.885761 -0.819352 0.478628
v -0.576038 0.603806 0.628493
v -0.585529 0.756640 0.831626
v 0.832926 0.633322 0.394504
v 0.226761 0.309558 -0.380033
v -0.837317 0.391536 -0.720253
v -0.210425 -0.959259 0.591960
v -0.570911 -0.636809 -0.889366
v -0.275658 0.588977 -0.345518
v -0.613391 0.544866 0.626323
v -1.080736 0.393821 0.481996
v 0.441250 0.031538 -0.109242
v -0.059239 -0.961455 1.162148
v -1.130455 0.429412 0.920072
v -0.393894 0.360511 0.721398
v 0.218329 0.786461 -0.830001
v -0.948361 0.362242 0.000000
v -0.432490 -0.620166 0.638097
v -0.325248 1.106476 0.889223
v 0.440008 -0.290358 0.342277
v -0.734329 0.714705 0.312749
v -1.309022 -0.017286 -0.906199
v -0.599159 -1.245008 -0.501118
v -0.321052 0.029579 -0.890723
v -0.341993 0.632261 0.246963
v -1.025891 0.570677 0.407618
v 0.021826 -1.678194 -0.182032
v -0.877586 -0.364395 1.109552
v 0.832246 -1.729134 -0.881196
v -1.100498 -0.926098 1.471807
v -0.891977 0.109542 0.178651
v -0.559202 1.437570 1.182922
v -0.940030 -0.718799 0.027086
v 0.798520 -0.732699 -0.021651
v -0.409471 0.670223 0.885549
v -0.439588 0.675231 0.054181
v -0.356259 1.026877 0.708376
v -1.425085 0.354658 1.040250
v 0.389890 0.742433 1.249675
v -0.284306 -0.853469 -0.597770
v 0.658749 -0.938805 0.283225
v 0.162726 -1.204900 0.579123
v -0.131524 -0.215646 1.329575
v -0.318858 0.146278 0.018576
v -0.339005 0.313217 -1.518539
v 0.309724 1.141426 0.734534
v -0.817542 0.156307 -1.137699
v 0.798520 0.732699 0.021651
v -0.202523 -0.021851 0.234138
v -1.489232 -0.708227 0.535238
v 0.880146 0.578623 0.581472
v 0.790866 0.091444 0.886107
v -1.787863 -0.564776 0.694119
v -0.853298 -0.914385 0.587580
v 0.369153 -0.928398 0.324333
v 0.234515 0.024438 -1.321178
v -1.191173 0.388100 -0.009805
v 0.848903 0.839000 1.092437
v -0.854066 0.275291 0.108135
v 0.200349 -0.088195 0.667794
v 0.046694 -0.667838 -0.430904
v 1.082403 -0.032881 0.735055
v -0.903554 0.041975 0.887101
v -1.137546 0.555976 1.195830
v -0.293675 0.776612 0.756591
v 0.950500 0.836948 0.739345
v 0.257800 -1.173774 -0.213054
v -0.684549 0.529415 1.194830
v -0.650601 0.880364 -0.418141
v 1.571933 0.260204 0.395900
v 0.570283 -0.991531 0.055021
v -0.632545 -0.869083 0.598289
v -0.545738 0.177687 1.155874
v -0.353106 0.741331 1.197122
v -1.087660 -0.240141 -0.330260
v -0.571771 -0.891768 -0.589255
v 0.474101 -0.528618 -0.226555
v -0.474547 0.439620 -0.525972
v 0.587099 -1.037066 0.745914
v 0.635214 -0.462671 0.250922
v -0.268943 -0.982668 0.658490
v 0.730590 0.649569 0.936789
v -0.667254 0.081498 1.852775
v -0.055613 0.395115 1.800540
v -0.587761 -0.570502 0.820366
v 0.346800 -0.666282 -1.161474
v 1.468174 -0.821015 0.271536
v 1.050949 0.868697 0.251599
v -0.392619 0.706592 -1.608658
v -0.767777 0.411256 1.421721
v 0.908127 -0.512251 -0.340862
v 1.473572 -0.730534 0.333256
v -0.043310 -0.728610 1.086387
v 0.779029 -0.873436 0.004471
v 0.605608 -0.336146 0.222187
v -1.023566 -0.514385 0.695527
v -0.805291 -1.205862 0.651519
v 1.505013 -0.785621 -0.092430
v -0.003763 0.962143 0.407029
v 1.137454 -1.171878 -0.003183
v 0.897208 -1.142657 0.128129
v 0.486433 0.827859 0.606347
v -0.365926 0.278268 -0.588439
v 0.970551 0.110291 0.721213
v -0.514696 -0.556658 -1.184071
v -0.684933 0.249909 -1.489884
v -0.842279 0.361664 0.347406
v -1.099584 0.192318 0.501630
v -0.280511 0.399573 0.515399
v -1.256014 -0.295600 0.660137
v -1.101039 0.122090 -0.285587
v -1.003360 -0.490056 0.145024
v -0.546405 -0.002790 -0.761528
v -0.567608 -0.213132 0.082894
v -0.756516 -0.135043 1.084480
v -0.642066 -0.109171 0.557764
v 0.189548 -0.380395 0.301670
v -0.236097 -1.447873 -0.088075
v 0.628000 0.604278 0.704707
v -1.424625 0.702863 0.340129
v -0.712088 0.090225 0.864342
v -0.577815 -0.563341 1.183004
v -1.092989 0.882310 0.292495
v -0.341709 -0.307414 1.483871
v -0.211215 -0.269836 -0.859995
v 0.046639 0.919921 -1.149373
v -1.121717 -0.636556 0.528874
v -0.201388 0.025286 0.183656
v -1.036089 0.226153 0.295462
v 0.217954 0.744035 1.347740
v -0.575861 0.348213 1.182611
v -1.361097 0.283621 0.735596
v -1.384730 -0.266383 0.770194
v -1.250646 0.578345 0.848595
v -0.695812 -0.599987 0.000160
v 0.479850 -1.221708 0.511290
v -0.856403 -0.316805 1.083087
v -1.663491 0.256146 0.030592
v -0.849044 -0.180067 -0.098047
v -1.389569 0.121665 0.089512
v 0.298705 -0.711102 0.227860
v 0.317803 -0.457731 0.170971
v 0.169506 0.298338 -0.316889
v -0.949679 -1.098492 -0.619089
v 0.136291 -0.505850 0.726871
v 1.166482 -0.830961 0.304088
v 0.511745 -0.282370 -0.273744
v -0.431333 0.311870 0.108056
v 0.395507 -1.493538 0.338634
v 1.057931 -0.185842 0.315424
v -1.244662 -0.288467 1.620471
v -0.529710 0.217894 0.553871
v -0.576876 0.261199 -1.805329
v 0.452015 -0.064363 0.883168
v -1.274520 -0.190949 0.127196
v -0.294258 -0.132977 -0.250519
v 0.201966 -1.361354 0.036402
v -0.544206 -0.671242 1.044492
v -1.089541 -0.119175 -0.573025
v 1.490598 -0.044478 0.234998
v -1.149706 -0.445348 0.692162
v 0.201084 -0.303191 1.237307
v -0.953703 0.604994 -0.036639
v -0.067725 -0.174440 -1.543355
v 1.723400 0.186842 -0.169867
v 1.512639 -0.603869 0.675936
v -0.257865 -0.338577 -0.437607
v -0.633887 0.163735 -0.026508
v -0.696939 0.195707 0.167594
v -0.357271 0.044667 -0.902314
v -1.097427 -0.167917 -0.383615
v -0.002443 0.470504 0.791396
v -0.068217 -0.128291 0.795759
v -0.469380 -0.614174 0.896209
v 1.298442 0.340890 0.243250
v -0.244842 -0.008853 -0.971393
v -0.734920 -0.355719 0.596912
v -0.337882 -0.090862 -0.423181
v -0.379793 -0.588649 1.461318
v 0.757833 -0.627594 -0.924494
v -0.532092 1.153265 -0.097961
v 0.790420 -0.383975 -0.009427
v 0.802119 -0.090210 -0.381138
v -1.054330 0.153128 1.166576
v -0.244578 -0.207859 1.043783
v 0.472398 -1.516772 -0.374608
v 0.884926 0.573584 0.516062
v 0.949829 -0.287642 1.042182
v -0.241803 -0.451856 0.066058
v -0.225824 1.016117 0.117136
v 0.625532 -0.668144 -0.332206
v -0.829211 -1.014977 -0.720793
v 0.810234 -0.187186 -1.252948
v -0.411804 -0.687910 0.833428
v -0.175554 0.656247 -1.028260
v -1.161082 0.796398 0.267909
v -0.395094 -0.601366 0.677331
v -0.853865 -0.000652 1.162066
v -2.357549 -0.043638 0.443597
v -0.978921 0.238542 -0.262579
v -0.031304 0.092836 1.309669
v -1.329052 -0.299835 0.532926
v 0.052641 -0.055095 1.042676
v 0.851355 -0.154804 0.173079
v -0.064986 0.144014 0.837048
v -0.836533 0.018477 0.517299
v -0.042950 0.547749 1.497153
v -0.749406 0.371163 0.659308
v -0.629468 0.422093 -0.728679
v -0.531033 -1.215852 -0.581727
v -0.014661 -0.129696 -0.240846
v -0.776355 -0.533373 0.175046
v -1.157268 -0.057859 0.925908
v -0.171624 0.163562 0.491055
v 0.296559 0.127937 -0.745556
v 0.147181 0.580956 0.510855
v -1.384783 0.146264 -0.575708
v -1.815647 -0.005552 0.456550
v -0.735648 1.307683 0.329769
v 0.388576 -0.788599 -0.431823
v 0.538923 -0.233152 0.705282
v -0.821229 0.316565 0.614944
v 0.610211 -0.919734 -0.754277
v 1.316521 -0.730289 0.129331
v 0.265657 -0.551869 1.017412
v -1.404701 -0.088203 0.721704
v 0.247227 0.271881 1.005891
v -0.592435 -0.697387 0.647162
v -0.659496 0.445754 0.243962
v 0.884040 0.503937 0.734573
v -1.122440 -0.536648 0.569858
v 1.102494 -1.053931 0.002808
v -0.090794 0.490811 -0.586697
v 0.043244 0.853029 0.782674
v -1.000430 0.473790 0.404239
v -0.720862 -0.091041 -0.057064
v 1.163946 -0.165586 0.090420
v 0.074227 -0.134809 0.390457
v -0.367421 -0.881276 1.124573
v -1.218633 -0.517926 0.895077
v -0.165773 -0.284413 1.062324
v -0.581149 0.420101 0.030821
v 0.743492 -1.195408 0.293682
v 0.317371 -1.477037 -0.733156
v -0.091366 -0.380589 1.389228
v -0.682988 -0.512385 0.096511
v 1.671171 -0.134370 0.081408
v -0.454852 0.530446 0.625407
v -0.296352 1.104700 0.956579
v 0.633571 -0.499172 0.229626
v -0.474931 1.235399 0.074239
v 1.114472 -0.894643 0.378501
v -1.241436 0.526307 0.461274
v 0.942916 -0.963654 0.937697
v 0.387113 -0.036380 0.405878
v -0.185643 0.797019 0.654607
v 0.493707 -1.029670 0.923522
v -0.707213 1.136805 0.251749
v -0.933649 0.703251 -0.531115
v 0.197324 -0.474530 -0.488263
v 0.219893 0.192491 0.895614
v 0.750797 -0.472509 0.252786
v -0.639731 0.502124 -0.600911
v 0.608077 -0.623105 -1.144248
v -0.833707 0.704738 -0.000254
v 0.488356 0.584349 1.221444
v -1.573915 -0.080962 0.739657
v 0.560481 0.692687 1.502329
v -0.192028 0.485629 -0.029271
v -1.739291 -0.195812 1.235763
v 0.459998 0.889136 0.966744
v -0.926655 0.077874 -1.201220
v -0.592366 -0.975253 0.338173
v -0.844028 -0.001462 1.032954
v -1.066735 0.044033 1.048587
v -0.361022 0.444742 -0.187280
v 0.393260 -0.654148 1.263557
v -1.143281 -0.708508 -0.291340
v 0.889495 -0.479442 0.381448
v -0.320191 1.100975 -0.189917
v -0.286753 -0.293950 -0.344071
v 0.315237 -0.313552 -0.317962
v -1.146044 -0.173153 1.055047
v 0.319265 -1.107331 0.768939
v -1.468160 -0.196083 -0.739030
v 0.151150 -1.238559 0.440216
v -0.579559 0.669834 -0.733485
v 0.029106 0.310406 -0.890507
v -0.552862 -0.014833 -0.737056
v -0.441221 0.436634 -0.869628
v 0.219681 0.618368 0.915728
v -0.976084 -0.031648 -0.060627
v 0.655648 0.464598 0.413541
v 0.212659 -0.273629 0.436676
v 0.752091 -0.664483 0.338520
v 0.564728 -0.991843 0.506384
v 0.674442 -1.857987 -0.575427
v -0.825417 -0.398526 1.156236
v -0.305188 0.441725 -0.584006
v -0.589747 -0.138732 1.214612
v -0.496778 0.322679 -0.745809
v 0.387179 0.057522 -0.369281
v -1.170177 -0.687028 -0.307083
v -0.944648 0.300037 0.072205
v -1.216281 -0.344306 0.556556
v 0.398638 -1.302902 -1.169078
v -0.030086 -1.541192 -0.447242
v 0.173271 -0.413898 1.168437
v -0.456380 0.441887 -0.931238
v -1.089612 -1.132395 1.139807
v -0.527399 -1.049551 0.575030
v -0.524823 0.201886 -0.781309
v 0.871343 0.047676 1.322761
v -0.368534 0.065948 -0.943219
v 0.608107 -0.936722 0.324447
v -0.597462 0.169427 1.159304
v -0.306203 0.309714 1.074590
v -1.448904 0.820197 0.371745
v -0.695511 -0.453305 0.523491
v -0.405158 1.092445 0.379454
v -0.822936 -0.159605 0.483189
v -0.984084 1.135109 0.551018
v -0.542584 0.200118 0.803230
v -0.264055 1.017271 0.789291
v -1.132747 0.571944 -0.445466
v -0.812431 -0.295022 0.744293
v 0.945360 -0.770513 0.037308
v -0.471751 -0.680764 0.723149
v 0.327262 -1.486644 -0.796080
v -0.553047 -0.170910 1.594041
v -0.219329 0.343043 -1.826871
v -0.833882 0.565004 0.959019
v -0.104794 0.474191 -0.350673
v -1.212693 0.446427 1.572987
v -0.176762 -0.702969 1.649448
v -0.039962 -0.871060 0.295249
v -0.442013 -0.388724 0.895424
v -0.864037 -0.339334 1.033648
v 1.111963 -0.457954 0.193534
v -0.639118 0.483156 -0.747047
v -0.760615 0.413034 0.624576
v 1.152208 -0.175795 0.151733
v 0.255306 0.614263 -0.353408
v -0.159693 0.959004 0.833385
v -0.814964 -0.429552 1.045567
v -0.585844 0.814867 -0.399910
v -0.282037 -0.122826 1.719584
v 1.044946 -0.383264 0.002268
v -0.500442 0.099418 0.671156
v -0.911339 -0.011101 -0.838158
v -0.753647 0.415365 0.670038
v 0.163396 -0.083191 -0.000611
v -0.127470 -0.106269 0.868619
v 0.613805 -0.514497 0.083973
v -1.196412 0.417154 0.395886
v -0.353825 1.150434 0.263955
v -0.766102 -0.225806 -0.836453
v 0.000000 -0.511748 -0.192102
v -0.310394 0.288786 -0.530299
v -0.063034 -0.148442 -0.780279
v -1.463453 0.768720 0.295392
v -0.111615 1.186118 0.464345
v -1.000638 -0.620967 0.453820
v 0.400838 -1.106420 -0.838415
v 0.006446 0.632098 -1.146035
v 0.645401 -0.889649 1.121332
v -0.032271 -0.712293 1.107486
v -0.040089 -0.868053 -0.862519
v -0.566415 -1.340211 0.304518
v -0.355624 0.068089 -1.158791
v -0.809160 -0.032280 0.271586
v -0.226810 -1.591023 -0.318354
v -0.726069 -0.217052 -0.268196
v 0.262914 -0.198304 -0.018267
v 1.537391 -0.244748 -0.272481
v -0.766220 -0.369449 0.991826
v -0.660481 -0.828800 1.431464
v 0.294553 -0.164149 0.870154
v -1.591102 0.474713 0.071290
v 0.846187 -0.455601 0.677123
v 0.359269 0.046675 1.226253
v -0.467696 1.184102 -0.334711
v 0.355583 -1.489002 0.407872
v -1.241447 0.517872 0.773616
v 0.576599 0.095675 -0.779382
v -0.186047 -0.505630 -0.602946
v -1.470763 -0.751154 -0.373438
v -0.612293 0.966474 0.679978
v -0.365048 -0.030862 0.840973
v 0.664182 -0.894112 -0.391573
v -0.761047 0.723806 -0.347556
v -0.696240 -0.170794 -0.892058
v -0.481196 0.106649 0.779420
v 0.978290 -0.539675 0.307487
v -1.062334 0.831196 -0.265145
v -0.170895 0.071544 -0.859742
v -0.370716 0.399249 1.064193
v -0.195783 0.724769 0.056333
v -0.889461 0.387293 -0.659297
v -0.453018 0.154404 0.266030
v -0.562952 -0.188696 1.212582
v -0.405609 -0.714565 -0.231901
v -0.507565 1.446741 0.049764
v -0.851048 -1.327685 -0.201934
v 0.697483 -0.634978 0.289283
v 0.304429 -0.720655 0.869567
v 0.032886 -1.258132 0.330238
v -0.675408 -1.119267 -0.063631
v 0.713287 -0.610213 0.959149
v 0.450144 0.476017 1.252463
v -0.028334 -0.206010 -1.427838
v -0.715892 0.171702 1.481472
v -0.990918 0.453590 0.683878
v 0.011101 -0.838158 -0.911338
v 0.330260 1.087660 0.240141
v -1.001172 -1.001787 0.417032
v -0.665726 -1.350897 -0.303061
v -1.082403 0.032881 -0.735055
v -0.034570 -0.080690 -1.105920
v 0.358795 1.136491 -0.097290
v -1.606452 0.180690 1.260121
v -0.123001 -0.920442 0.190674
v 1.096629 -0.844439 -0.262082
v -0.890992 -0.085106 0.305778
v -0.885133 1.012863 1.480232
v -1.722179 -0.046349 1.058762
v -0.151969 0.112705 0.220083
v 1.221320 -0.517097 0.161356
v -1.331099 -0.319954 -0.004439
v -0.006824 -0.094340 -0.214419
v -0.438022 0.013075 0.891942
v -0.064299 -0.456251 0.711840
v 1.295007 -0.287782 0.750085
v 0.109962 -1.415222 0.120598
v -0.046585 0.872838 0.809226
v 0.142286 0.689748 -0.461649
v 0.938985 -0.940762 0.951522
v 0.187752 -0.236080 0.473732
v -0.152912 -0.329516 1.109842
v -0.308578 1.087456 -0.857588
v -0.187476 0.222564 0.509372
v 0.112665 -1.307827 -0.294905
v -0.955273 -0.017941 1.256807
v 0.830594 -0.578090 -0.295065
v 0.186424 -0.424265 1.054112
v -0.361782 0.711264 0.907133
v -0.629350 0.286787 -0.373380
v 0.338983 -0.612337 0.843300
v 1.067173 -0.219925 -0.293495
v -0.152339 -0.267666 -1.092970
v -0.285267 -0.714436 0.333942
v -0.053506 0.088626 0.973979
v -0.479905 -1.184479 -0.166814
v -0.517178 0.252371 1.570604
v -0.534716 -0.631691 1.119925
v -0.119943 -0.329366 0.390353
v 0.605190 -0.303731 -0.841464
v 0.103020 0.008846 0.360375
v 0.262562 -1.777081 0.177820
v -0.321044 0.803678 -0.750614
v -1.109642 0.178472 -0.825144
v -0.343410 0.428353 -1.585674
v -0.524118 0.423571 0.387718
v -0.326795 -0.374398 -1.442485
v -1.007105 -0.187099 0.701904
v -0.678269 -0.103094 0.125393
v -0.821724 -0.037303 -0.108339
v 0.595941 0.838253 1.457895
v -1.026461 -0.072763 -0.208686
v -0.482460 -0.783055 0.783785
v 0.531993 0.421438 1.163579
v -0.969835 0.213813 1.106202
v -0.602592 0.769189 -0.261424
v -0.238542 -0.262579 -0.978921
v -0.078080 0.873688 1.428463
v -1.108906 -0.524222 0.179278
v 0.964856 -0.788688 0.470843
v 0.268532 -0.706102 0.883870
v -0.776101 0.644072 -0.860190
v 1.567134 -0.096183 0.485386
v -1.331652 -0.264211 0.429152
v -0.497909 0.173969 0.677614
v -0.569266 1.121059 0.571923
v -0.646474 0.990741 -0.714665
v 0.626351 0.366258 0.826127
v 0.343076 -0.541300 0.860436
v -0.847223 -0.162020 1.427694
v 0.617925 -1.232902 -0.503849
v -0.277060 -0.663724 1.352913
v -0.599416 -0.189759 1.206285
v -0.840319 0.325170 -0.248740
v -1.307564 -0.256480 0.018897
v 0.242213 -0.184071 -0.004446
v -0.597138 0.582609 1.232158
v 0.104771 0.565342 0.723427
v 0.495250 1.136910 -0.129259
v 0.693408 -0.590834 0.251576
v -0.417904 -0.566548 -0.701094
v -0.061874 -0.354561 0.833751
v 0.333942 -0.285267 0.714436
v 0.891047 -0.416709 -0.671797
v 0.260453 0.043810 0.821256
v 0.922078 -0.648870 0.954275
v 0.814228 -0.255927 1.157089
v -0.900066 0.543769 0.360512
v -0.813957 -0.379168 0.393231
v -0.129061 0.647154 0.782593
v -1.100736 0.730203 0.320424
v 1.299131 -1.173944 0.366222
v -0.974141 0.133407 0.200406
v -0.310098 -0.338791 0.600270
v -0.118349 0.649961 -1.359968
v -0.130333 0.254732 1.047710
v -0.674922 0.896627 0.533994
v 0.157431 -0.969353 0.654712
v -0.698896 1.269619 0.875468
v -0.621229 0.230446 1.240274
v -0.233939 -0.042060 -1.316142
v 1.274426 -0.939806 -0.590587
v -0.177549 1.214061 0.555139
v -0.349323 -0.657381 0.947174
v -0.841854 -0.424488 1.504904
v -0.729075 0.351238 -1.759924
v -0.936789 0.730590 0.649569
v -0.187907 -0.745556 -1.016753
v -1.360270 0.260895 0.032895
v -0.046677 -0.140015 -1.086729
v -1.238866 0.018752 -0.922345
v -0.458550 -0.259149 -1.545639
v -0.290410 -1.122160 0.207785
v 0.577517 0.204969 1.294733
v -0.108785 0.301522 -0.861255
v 0.826248 -0.375919 1.089241
v 0.802758 -0.865956 1.134230
v -0.213489 -0.886775 -1.067087
v 1.271128 0.320494 0.278635
v 0.225568 -0.323080 0.627043
v -1.164708 0.219134 0.962335
v -0.728978 0.422335 0.428315
v 0.289966 -0.871237 1.155942
v -0.845703 1.404780 1.410611
v -0.727862 0.098280 0.896888
v 0.684106 -1.231087 0.172341
v -0.983589 0.760376 1.092964
v 0.016029 0.243354 -0.492654
v 0.252901 -0.996083 0.070367
v -0.996999 -0.300913 0.714032
v -1.142855 -0.399593 1.679929
v -0.016583 0.997875 1.116911
v 0.374398 -1.442485 -0.326795
v 0.535180 -1.415977 0.746057
v 0.820262 -0.900739 0.104092
v -0.285045 -0.343765 1.059443
v 1.237629 -0.521777 -0.468754
v 0.015020 0.565883 0.113514
v 0.002567 -0.484973 1.027329
v -0.625885 0.425735 0.937049
v -0.292243 0.364079 0.569735
v 0.060200 -0.191274 -0.705288
v 0.895392 -0.221283 0.189196
v -0.300922 -0.333241 1.430160
v -0.500959 -0.435249 0.820874
v -0.034936 -0.123654 0.585086
v -0.859542 -0.068395 -0.554198
v -1.026990 1.046604 -0.289716
v -0.301733 0.083213 -0.904953
v -0.691052 -0.205752 0.876537
v -1.190623 -0.174610 0.041527
v -1.084753 -0.688008 0.667917
v -0.385828 -0.000639 -1.082023
v -0.688267 -0.245845 -0.849151
v -0.496193 0.462265 -0.248877
v -1.057297 -0.221720 0.444212
v 0.051410 -0.480841 -0.388745
v -0.499191 0.317092 0.374916
v 0.049741 -0.352024 -0.125557
v -0.471045 -0.183597 1.195961
v -0.179096 -0.721735 0.548571
v -0.026731 -0.441905 0.826556
v -1.088163 -0.210271 -1.204969
v -0.334937 0.364458 -0.970476
v -0.268196 0.726069 0.217052
v 0.639224 -1.280830 0.854852
v 0.892793 -1.143522 0.497205
v 0.104804 0.409114 0.409946
v 1.229439 -0.398390 0.847823
v 0.693020 -1.148267 -0.446137
v -0.295314 -0.847014 1.214111
v 0.170517 0.167807 -0.301203
v 0.060947 0.008217 1.122480
v 0.719322 -0.490397 -0.560972
v 0.598648 -1.156534 -0.578779
v -0.245540 -0.410990 1.328933
v 0.476432 -0.104448 1.190026
v 1.226845 -0.542081 0.486786
v -0.606976 -0.624359 0.886686
v -0.286493 -1.143228 -0.701942
v -1.098513 -0.853258 0.374186
v 0.068146 -0.080922 -1.090130
v -0.059388 -0.532162 -0.569836
v 1.204259 -0.198841 0.733813
v 0.529166 -1.184864 0.529991
v 1.073618 -0.243316 -0.164245
v -0.789276 0.484829 -0.679835
v -0.213381 0.533826 -0.563927
v 0.547031 -1.357592 -0.428177
v 0.681485 -1.162019 -0.147676
v -0.763491 0.262195 1.464585
v -1.318462 0.086874 -0.127960
v -0.275569 -0.006942 -0.950095
v -0.594479 -0.683439 1.537580
v 0.764919 0.358882 -0.596085
v 0.010274 0.022548 -1.165779
v 0.270641 -0.230302 0.838409
v -1.018931 -0.480470 0.178984
v -0.892543 -0.542726 0.326526
v 0.047640 -1.298683 -0.906134
v -0.636438 0.501125 -0.551764
v -1.139849 -0.599406 0.886651
v 0.658155 0.482037 0.538994
v -0.850390 0.052040 0.500022
v 0.518741 0.482261 1.145833
v -0.191825 -0.392172 -0.656326
v 0.279671 -0.013619 1.320785
v -1.129419 0.796772 0.181388
v -0.618044 -0.118277 -0.198448
v 1.003525 -0.045232 1.243128
v -0.413599 -0.037816 -0.166247
v -0.587281 -0.459397 0.110071
v 0.564586 -0.876009 1.174529
v 0.059037 -0.271226 -0.339761
v -0.145367 0.705386 -1.175482
v 0.026770 -0.127965 1.171176
v 1.147898 -0.418046 -0.013217
v 0.902968 -1.192326 0.546162
v -0.392067 -0.654792 1.607076
v -1.037375 -0.169584 -0.719605
v -0.777950 -0.014926 0.804486
v -1.066993 0.393111 -0.872790
v -0.646432 0.422579 -0.719359
v -0.645764 -0.334480 1.227608
v -0.484680 -0.593925 0.935010
v -0.714994 0.336168 0.129295
v -1.154143 -0.135899 0.232120
v -0.674223 -0.186990 1.211784
v -0.595696 0.021358 -0.279301
v 0.424271 -0.968706 -0.126289
v -0.455013 -0.686290 0.379505
v -0.323717 0.076906 -0.872465
v 1.408736 0.257965 0.602560
v 0.394638 -1.193012 0.080345
v 0.101478 -0.912094 0.002519
v -1.203954 0.454382 -0.601584
v 1.096301 0.206698 1.059148
v 0.384261 -1.040055 0.281747
v -0.331398 0.041739 0.953629
v 0.659578 -0.176098 1.190915
v -0.281579 0.901805 0.112340
v -0.724949 -0.145082 0.715149
v 0.191294 -0.583784 0.719175
v 0.789350 -0.530691 -0.108986
v -0.894250 -0.036912 -0.554857
v 0.762098 -1.656052 -0.241155
v -0.537022 -1.311156 0.850813
v 0.886599 -1.147702 -0.627415
v -1.405726 -0.165466 1.363046
v -0.907077 0.624413 -0.005897
v -0.888873 -1.160526 0.365100
v -0.003345 0.764852 0.846868
v -0.260699 0.040360 -1.344690
v 1.205328 -0.593311 0.168647
v 1.099599 -0.874740 0.305590
v -0.179868 -0.003866 -1.345563
v 0.633917 -0.897345 0.784839
v 0.989325 0.508946 0.763539
v -1.797523 0.583257 0.370377
v 0.036724 -0.838992 0.959006
v -0.682566 -0.984289 0.325974
v -0.698616 0.874917 0.593985
v -1.323892 -0.768426 0.298990
v -1.064415 -0.600544 -0.022087
v -1.120118 -0.611520 1.011907
v 0.143926 -0.940370 -1.000826
v 0.663305 0.263256 -0.247400
v -0.378692 0.537308 1.432149
v -0.734488 0.336933 0.888563
v 1.257781 0.225120 1.235192
v 0.620901 0.501642 0.173989
v 0.513648 0.946378 0.389851
v -0.716495 -0.641750 1.462224
v 0.107985 -0.382822 1.487995
v -0.012761 -0.492048 -0.195833
v 0.702478 -0.126972 0.286565
v -0.169411 0.823112 1.372090
v -1.149637 0.528864 0.401124
v -0.744121 1.549674 -0.561468
v 0.554306 0.285388 0.801419
v 0.365640 -1.465053 0.750541
v 0.860972 -0.382217 -0.521583
v 0.768798 0.272561 0.725145
v -1.537580 -0.594479 0.683439
v -1.270493 -0.183006 1.543343
v -0.063608 -1.003324 1.225619
v 0.250350 0.692043 0.928147
v -1.010271 -0.180234 0.026107
v -0.329769 0.735648 1.307683
v -1.001375 -0.067520 0.704524
v -0.187077 -0.205307 0.260758
v -0.919762 -0.383489 -1.113388
v -0.191455 0.978234 0.827348
v -0.455007 0.074760 1.014638
v -1.169201 0.457334 -0.939394
v -1.085003 0.124324 0.176617
v -1.136910 0.129259 0.495250
v 0.864557 -0.030054 -0.166947
v 0.309442 0.622092 0.423611
v -0.327015 0.281637 -0.578753
v -0.061198 0.960949 -0.852337
v -0.595535 1.232158 0.660944
v 0.905331 0.693883 0.445222
v 0.302526 0.467301 1.592945
v -0.365403 -0.448703 0.693476
v 0.679658 -0.900992 -0.715071
v -0.885834 -0.378728 1.168181
v -0.315424 1.057931 -0.185842
v 0.849272 -0.374029 0.654690
v 0.559807 0.472782 1.057055
v 0.826115 -0.571718 0.272927
v 0.395083 -1.090340 0.186473
v -0.557918 1.234880 -0.581291
v -0.589162 0.192676 1.545451
v 0.766994 -0.632120 0.200717
v 0.701371 -1.522482 -0.692109
v -0.110295 -0.115409 1.210916
v 0.193858 0.110834 -0.913800
v -0.906871 0.048358 1.243938
v 0.735508 -0.649761 0.922218
v 1.141853 -0.278075 0.388830
v -0.100629 -0.083331 0.410479
v -0.464619 -0.200160 0.335555
v -0.660618 0.533737 1.086809
v -1.465905 0.269671 -0.132395
v -0.880306 -0.110205 -0.105675
v 1.091660 -0.432710 0.168090
v 0.728487 1.054659 0.103427
v 0.085192 -0.014112 1.168034
v -0.191998 0.028109 -0.078781
v 0.755705 -1.339661 -0.931020
v -0.666240 -0.185829 -0.280021
v -0.418460 -0.830944 -0.357776
v -0.921132 0.558746 0.671922
v -0.109714 0.147530 -0.915722
v -0.835399 0.528617 -0.003349
v 0.778888 -0.314930 0.512827
v -0.051932 0.526945 -1.434487
v 1.110121 0.182369 0.230982
v -0.058564 0.929449 0.457399
v 0.555759 0.191855 1.219671
v -0.216201 0.970400 -0.688922
v -0.480984 -0.195262 0.357496
v -0.081615 -1.738524 0.054979
v 0.534360 0.914259 1.074937
v -0.553697 0.842382 -0.482694
v -0.077190 0.380518 1.159941
v -0.283904 -0.598100 1.714500
v 0.922339 -1.192269 0.415095
v 1.179357 0.361432 -0.121894
v -0.765025 -0.482065 -0.483907
v -0.944046 0.752829 -0.585774
v -0.630870 0.173338 -0.163624
v -1.067250 0.564935 -1.197937
v -0.629819 -0.734616 0.370356
v 0.115606 -0.248136 1.347430
v -0.987703 0.373289 -0.337044
v -0.728203 0.448416 1.444347
v -0.252061 0.381805 0.493075
v -0.859694 -0.705244 0.159246
v -1.001890 -0.524382 1.596040
v -1.073308 -0.785244 1.533561
v -0.004113 0.780349 -0.524354
v 0.958237 -0.296501 0.040901
v 0.947920 -0.965655 -0.373116
v 0.330557 -0.339002 -0.385638
v 0.429616 -0.519431 -0.926289
v -1.364493 0.044207 0.310753
v 0.149420 -0.579657 0.101013
v 0.936179 0.291736 -0.658362
v -0.007046 -0.501312 0.726134
v -0.015002 -1.161199 0.828985
v 0.194103 -1.058624 -0.267947
v -0.045150 0.669295 1.148925
v -0.635048 -0.465172 0.629517
v 0.264973 0.067708 -0.852027
v 0.841569 1.206190 0.365709
v -1.311657 -0.257439 0.681915
v -1.122711 -0.513314 0.930934
v -1.015474 0.499308 -0.599937
v -0.023693 -0.756147 0.019601
v 0.324396 -0.532441 0.285801
v -0.597554 -0.568038 0.585548
v 0.280941 -0.872296 0.572368
v -0.797636 -0.752075 -0.480668
v -0.869972 -0.618560 0.722651
v 0.050136 0.149426 1.412339
v -0.638859 0.153554 0.381708
v -1.018505 -1.043712 0.730616
v 0.163146 -0.764839 -0.011253
v -0.878149 0.551622 0.349818
v -1.040316 0.046389 0.185541
v -0.373091 0.600751 -0.580865
v 0.110833 -0.531516 0.644471
v -0.675176 -0.945838 1.083483
v -1.039937 -1.031632 -0.233820
v 0.605822 -0.244623 0.645359
v 0.205620 0.336805 0.757088
v -0.203518 -1.127638 -0.642653
v -0.630207 0.807270 1.337626
v -0.220930 -0.026787 -1.684374
v 0.196114 1.220539 0.518586
v 0.740613 -1.245814 -0.826859
v -0.541734 0.792596 1.327385
v -0.305229 -1.765593 -0.038945
v -0.207040 -0.972084 1.597225
v -0.111025 -1.455460 0.455373
v -0.698956 -0.935657 1.047303
v 0.818187 -1.617846 -0.257422
v -1.147193 0.520738 0.484034
v 0.212213 0.431486 -1.588600
v 0.568743 -1.331198 -0.928248
v -0.894254 0.942853 0.501563
v 0.071170 -0.954064 -0.782579
v -0.284935 0.017897 -1.314360
v 1.270856 -0.255670 0.337777
v 0.415167 -1.482481 -0.372350
v -0.754618 -0.196873 0.408788
v 0.348405 -0.720903 0.806298
v -0.055954 0.365322 -0.781464
v 0.040178 0.383797 -0.472668
v 0.726679 -0.019177 0.026289
v -0.513789 0.554511 0.317114
v 0.287489 -0.600680 0.404300
v 1.509675 -0.139571 -0.276490
v 0.944217 -1.129910 0.149399
v -1.231055 0.440280 0.580115
v 0.492571 -0.429750 -0.035695
v -0.984329 -0.340200 0.887352
v -0.103383 0.394846 -1.773165
v -0.422715 0.394131 1.436017
v 1.056395 -0.924441 0.337919
v 1.051157 -0.458050 0.260931
v -0.686738 -0.308305 0.144118
v 0.411304 -0.194856 0.975570
v -1.874390 0.357928 0.464662
v -0.381726 -1.170218 -0.160794
v 1.603378 -0.317142 0.194070
v -0.706365 -0.315259 0.273999
v -0.624437 0.184442 1.205755
v -0.738784 1.098517 0.342999
v 0.405287 -1.600894 0.339721
v -0.568640 -0.353240 0.864841
v 1.097785 -1.069628 0.136268
v 0.147777 -1.667493 -0.463548
v -0.466786 0.761460 -0.261961
v -1.229171 0.460285 0.590197
v 0.631284 -0.119909 0.577294
v -0.374551 0.731720 1.307306
v -0.869796 -0.012100 1.310621
v -1.529475 -0.578547 -0.692472
v 1.318277 -0.877485 1.025629
v -1.252894 0.441185 0.472596
v 0.076731 0.669079 1.095537
v 0.333043 0.917218 0.547378
v 0.484360 1.440443 0.775519
v -0.963023 0.346605 1.056944
v 0.169143 -1.539804 0.600436
v -0.370326 -0.377041 -1.549575
v 0.517926 -0.895077 1.218633
v -1.136812 -0.098911 0.408801
v -0.769297 -0.017220 0.907119
v 0.120029 -0.172799 -0.098519
v -0.977486 1.479188 0.332658
v -0.970872 0.447887 0.310819
v -1.070561 0.463602 0.737960
v 0.233623 0.012546 -0.402393
v -0.419485 1.125302 -0.155017
v 0.408576 0.172475 0.537944
v 0.061611 -0.625076 1.077022
v -1.007004 -0.420888 1.312108
v -0.638748 0.542962 1.003930
v 1.644680 -0.726853 0.223870
v 0.546259 -0.346262 0.902024
v 0.982464 -1.127405 -0.183011
v 0.152478 0.337224 1.021487
v 0.132407 -1.187832 0.506323
v -0.876470 -0.349791 0.374453
v -0.466827 -0.029636 0.255623
v -0.377120 0.396805 0.948335
v -1.256023 0.923795 0.628694
v 0.130326 0.987662 1.114738
v -0.727557 0.204945 -0.863199
v 0.999772 -0.303448 -0.616101
v -0.607704 -0.493684 -0.141698
v -0.469839 0.091160 0.684225
v -0.537934 -1.199716 -0.588308
v -1.199542 -0.555508 -0.199281
v -0.639158 0.160525 -0.097293
v -0.304511 0.000000 0.862050
v 0.488309 0.937905 1.179957
v -0.860996 0.216364 0.609499
v -0.163560 0.634406 0.012068
v 0.525554 -0.550263 0.600719
v -0.787852 -0.604832 0.130805
v 0.067670 0.035797 -0.234490
v -0.381448 -0.889495 -0.479442
v -0.551422 0.179079 1.237410
v -0.806807 0.279654 0.251632
v 0.944648 0.300037 -0.072205
v 0.857537 -0.633806 -0.442391
v -0.723805 0.241056 1.077347
v 0.202294 -1.407063 -0.090436
v -0.686020 0.205586 -1.127946
v -0.964547 -0.576861 0.541806
v -0.185450 -0.994977 1.572169
v -1.243292 -0.496844 0.540483
v -0.078563 -1.596544 0.240481
v 1.535168 -0.074535 0.137100
v -0.899052 1.410765 0.068713
v -1.026811 -0.520791 0.183839
v -0.263826 -0.310731 1.349122
v -0.396484 0.384383 0.863521
v 0.038663 -1.262103 0.961990
v -0.142173 0.725339 -0.164707
v -0.501323 -0.656973 -0.221426
v -0.698626 0.164497 -0.791984
v -0.026995 1.133796 0.739482
v 0.813265 -0.032430 0.839267
v 0.956394 -0.955050 0.933776
v -0.586956 -0.164841 -0.948748
v 0.236402 -0.171697 0.765936
v 0.504044 0.250584 0.445327
v -0.977209 -0.167727 1.407816
v 0.587442 -0.719028 -0.616458
v -0.162823 0.217003 0.632890
v -0.584567 0.550081 1.100426
v -0.409135 0.619438 -0.336318
v -0.568357 0.238973 -1.230473
v 0.909715 -0.139955 0.118604
v 0.109795 0.155318 0.043336
v 0.075279 -0.264327 -0.352982
v -0.938734 -0.258959 0.691894
v 0.581897 -1.234300 -0.457115
v -0.014450 0.607997 1.197835
v 0.105996 0.145254 -0.209089
v 0.520559 0.023381 0.970392
v -0.614176 0.544913 0.031231
v -0.810498 -0.396981 1.045960
v 1.293958 -0.971617 -0.402412
v -0.457933 0.454285 -0.219273
v -0.241986 -0.276500 -0.735681
v 1.363317 -0.553937 0.239352
v 0.283777 -0.015294 1.603783
v 0.062571 -0.484220 -0.915758
v -1.259676 0.185905 0.769891
v -1.058941 -0.338691 0.043724
v -0.621646 -0.546592 0.812091
v 0.922422 0.290252 -0.666779
v -0.039098 -1.411239 1.193708
v 1.201969 -0.462214 0.123816
v 0.171973 -0.563860 0.614772
v -0.284096 0.832117 -0.391805
v 0.386860 -0.333203 0.217682
v 0.391218 -1.068089 0.219640
v 0.839280 0.708333 0.736300
v -0.733954 -0.482580 -1.117104
v -0.053282 0.324637 -1.450831
v -0.509373 0.803560 1.635204
v -1.497569 -0.609980 0.008488
v -0.529894 0.466009 1.267371
v 0.208524 -0.131699 0.255712
v 0.879849 -1.240860 -0.276698
v 0.631427 -0.923251 0.335590
v -1.202238 0.305456 0.159055
v -0.841464 0.605190 -0.303731
v -0.349025 -0.047865 0.821334
v -0.119386 0.472081 -0.061930
v -0.532012 -0.407334 0.533893
v -0.935603 0.517424 0.733344
v -0.293822 0.111463 -0.880352
v -0.395959 -1.154963 -0.122917
v -0.340639 0.047450 -0.950099
v -1.127395 -0.496185 0.900631
v -0.123222 0.852195 -0.741952
v 0.209249 -0.942273 0.598006
v -0.767871 0.388731 0.684753
v 0.447772 0.406288 0.117244
v -0.708899 -0.680554 1.471707
v -0.395809 0.615830 0.813645
v -0.458311 0.588691 -0.688457
v 0.384261 1.040055 0.281747
v -0.950785 0.037530 0.591314
v -0.474874 -0.739900 -0.271908
v -1.284443 -0.914178 0.503933
v 0.537962 -0.397549 0.033474
v -1.741653 -0.536621 0.330701
v 0.059828 -0.199951 0.563938
v -0.872247 -0.406576 1.017887
v 0.119627 -0.512875 1.114551
v -0.673500 0.529291 1.152662
v -1.366555 0.959319 -0.398934
v -1.642099 -0.873674 1.086629
v 0.148738 0.394311 -1.222890
v 0.719100 -1.067675 -0.220968
v 0.735944 -0.661689 0.112639
v 0.621220 -0.347754 1.195313
v 0.663607 0.491705 0.599933
v -0.190103 -0.221195 1.040232
v -0.891087 0.616566 0.723485
v -0.260497 -0.751660 0.067298
v -1.342611 -0.255669 -0.034950
v -0.208063 -0.448105 -0.213491
v -0.558005 0.184158 -1.150628
v 0.003983 -0.939531 0.736849
v -0.231131 0.417756 -0.450018
v -0.162415 -0.811680 -0.224070
v 0.354683 -0.566448 1.293082
v 0.151853 -0.565865 0.090561
v 0.776023 0.619375 0.501863
v -0.875786 0.836192 0.586391
v -0.572401 -0.243646 1.310247
v -0.300416 1.249629 -0.657185
v -0.423076 0.383155 0.044400
v -1.168437 0.173271 0.413898
v -0.317449 -0.901604 1.325605
v 0.842981 -1.153588 0.331822
v -0.975025 1.165933 0.133609
v -0.653727 0.554798 1.064135
v -0.943426 0.924141 -0.954993
v -1.105444 0.095573 0.093078
v 1.109250 -0.211427 -0.409030
v -1.154088 -0.321145 1.318922
v 0.281661 0.688831 0.357940
v 0.813913 -1.041695 -0.215459
v 0.200878 -1.072122 0.839118
v -1.172503 0.379376 -0.132984
v 0.061297 -0.089272 -0.139962
v 0.064439 -0.031271 1.101934
v -1.202714 -0.243369 -0.925460
v -0.500980 -1.127290 0.252409
v 1.366075 -0.160650 0.633080
v -0.933962 0.222923 -1.157290
v 0.524598 -1.189278 -0.609598
v -1.293866 0.946180 0.964702
v -0.268855 0.974605 -0.681320
v 0.563257 -0.137583 0.095500
v 0.860909 0.410493 1.379869
v -0.919734 0.754277 0.610211
v -0.575494 0.004762 1.530001
v -0.219984 -1.001035 0.259802
v -0.754886 -0.456595 -0.468221
v 0.538536 -0.990391 -0.439429
v -1.154753 -0.051840 1.030626
v -0.309674 -1.592497 1.023590
v -0.049252 1.167264 -0.216896
v 0.652525 -0.919071 -0.757433
v 0.327293 -0.201766 0.838206
v -0.083973 0.613805 0.514497
v 1.100075 -1.022995 0.766189
v 0.527284 -1.081809 0.216000
v -0.285871 1.020078 -0.919653
v -0.291376 -1.149704 0.456375
v -0.617642 -0.347388 1.257051
v -0.799285 -0.076431 0.910782
v 0.256186 -0.111438 1.741593
v -1.133562 0.126120 0.584543
v -0.792727 -0.252136 -0.194815
v -1.140548 -0.227876 1.085854
v -0.457030 -0.253051 1.120962
v -0.262386 0.069730 1.252690
v -1.491710 -0.410369 -0.313438
v 0.067997 -0.769726 -0.139875
v 0.566864 -0.243719 0.666676
v -1.572232 0.274008 1.015404
v 0.668443 1.096744 0.800299
v 0.560485 -0.933716 -1.122940
v 0.130174 -0.337183 -1.150463
v 0.145449 0.454344 0.183889
v -1.149914 -0.509983 0.906977
v -1.199296 0.444822 0.028021
v -0.792398 0.154332 -0.134818
v 1.077329 -0.070262 0.496231
v -1.046539 0.764909 1.523883
v 1.159658 -1.141788 -0.059310
v -0.765936 0.236402 0.171697
v -2.024497 -0.053276 0.606788
v -0.151916 0.159868 0.945936
v -0.231422 0.633371 0.975529
v 0.369693 -1.366619 0.094042
v 0.115889 0.543172 -1.146417
v 0.686975 0.772659 0.707583
v -0.111867 -0.304546 0.746537
v -0.836946 -0.900855 1.506300
v 1.595745 0.341916 -0.056905
v -0.411449 -0.002549 0.892562
v -1.520428 -0.586468 -0.021385
v 0.399026 0.289698 1.066942
v 0.470337 -0.517719 -0.072207
v 0.123654 -0.585086 0.034936
v 1.502883 0.055718 1.020175
v 0.176967 -0.563870 0.644171
v -0.873884 -0.336180 0.310926
v -0.568564 0.189010 1.191442
v 1.370177 0.021328 -0.137251
v 1.062073 -0.071666 0.863319
v -0.316031 -0.000533 -1.303847
v -1.153265 0.097961 -0.532092
v 0.354789 -1.154465 0.528747
v 0.062943 -0.650686 -0.437053
v 0.000298 0.101841 0.809071
v 0.940817 -0.879530 0.987074
v 0.202163 0.189385 0.205845
v -0.624750 -0.132570 -1.205160
v 0.540880 -0.525269 1.208654
v -0.461691 0.579521 -1.128517
v -0.625407 -0.454852 0.530446
v -1.195411 -0.265856 0.343855
v -0.721958 -0.049151 1.101244
v 0.336051 -1.146265 0.850664
v 0.078167 0.132551 -1.432209
v -0.399106 -0.077433 -0.341754
v 0.056712 -0.010381 -0.813303
v -0.306552 0.130781 0.598508
v -1.092438 0.559650 1.007163
v 0.448963 0.236338 0.294079
v 0.504183 -0.391540 0.937049
v 0.030160 0.135971 1.438186
v -0.922551 0.335931 0.453073
v -1.617198 0.494809 0.725189
v 0.039972 0.130504 -0.501237
v 0.611489 0.804211 1.441550
v 1.058754 -1.130664 -0.085669
v -1.280473 -0.460843 -0.566742
v -0.757507 1.331121 -0.316541
v 0.870183 -0.497475 0.023375
v -0.233939 0.042060 -1.316142
v -0.214820 -1.882388 -0.375397
v -0.214869 0.110816 1.342579
v -0.755105 -0.007039 0.971465
v -0.592174 0.763932 -0.922952
v -1.221571 -0.882717 0.034098
v 0.199926 -0.449594 1.121141
v -0.271662 -1.425299 0.415299
v -0.344864 -0.282618 0.869669
v 0.797341 0.367152 0.922210
v -0.525290 0.195996 0.001334
v 0.322535 1.012081 0.759636
v -1.240322 -0.471634 0.221890
v -0.108993 0.361580 -0.026095
v -0.601462 0.788819 -0.367673
v 0.013317 -0.821372 0.879774
v -0.835113 -0.627930 -0.103087
v -0.661059 -0.705963 -0.893582
v 0.763685 -0.427649 0.543500
v 1.128655 -0.120527 1.059066
v -0.854104 0.435443 -0.253774
v -1.165021 -0.301350 -0.889556
v 1.072830 -0.620664 0.612163
v 1.407873 0.007843 0.560364
v -0.225271 -1.097339 0.083082
v 0.173487 -0.098757 1.039187
v -0.332122 -0.735248 0.717134
v -0.002990 -0.345689 -0.500643
v 1.040745 0.119539 0.751054
v -0.588436 0.417090 -0.015454
v -0.019177 0.026289 -0.726679
v -0.741682 -0.532856 1.491709
v 0.392350 0.341287 0.882902
v 0.254149 -0.256020 0.601686
v -0.936088 0.034964 1.671653
v 0.289472 0.296824 -0.484450
v -0.789182 -0.747864 1.071361
v -1.225613 -0.883106 0.741105
v -0.260445 0.683443 0.041654
v -0.273529 -0.842831 -0.033828
v -0.653618 -0.408796 0.563042
v 1.112160 -0.202928 0.282552
v -0.839377 0.944233 1.565220
v -0.520130 0.611366 0.709620
v 0.745239 0.125003 1.294524
v 0.592806 0.551595 1.083400
v 0.103825 -0.407612 1.509831
v 0.940658 -0.758678 0.019555
v 0.225981 -0.277492 1.128270
v 0.577131 -0.676192 0.729556
v -0.978779 0.183451 -0.588862
v -0.587749 0.760453 0.827423
v -0.847755 0.038100 -0.871096
v 1.208049 -0.501680 0.566311
v -1.425425 0.073598 0.290470
v 1.129875 0.574407 0.045927
v 1.287568 -0.905653 0.037043
v 0.840544 -0.120383 1.377513
v -0.912056 0.287696 1.084685
v -0.770647 0.361763 0.403983
v 0.524938 -1.716841 -0.354166
v -0.485967 -0.220508 1.629701
v 1.490111 0.365059 0.407586
v 0.808988 -1.484467 0.168590
v -1.463608 -1.128855 1.281626
v 0.918425 0.135366 0.320360
v -0.621084 0.506320 0.214307
v 0.764283 -0.606259 -0.167903
v -0.464418 0.493570 -0.277084
v 1.413908 -0.658021 -0.253173
v -0.299324 0.122887 0.244634
v 0.272807 1.415116 0.200868
v -1.206063 0.363351 0.049695
v -0.019101 -0.442168 0.005574
v -0.392731 -0.714050 0.858463
v -0.738002 0.921650 0.355402
v 1.007847 -0.203483 0.917534
v 0.855611 -0.802754 -0.012039
v -0.223804 0.117569 -1.702024
v 0.888343 -0.914126 0.969135
v -1.704943 -1.230184 1.023770
v -0.310940 0.270717 -0.590006
v -1.043730 0.216033 0.474151
v -1.123887 -0.611443 0.580342
v 1.116319 -0.762943 0.323779
v -0.516956 -0.215503 1.136366
v -1.103884 -0.570055 0.425803
v 0.940030 0.718799 0.027086
v 1.156706 -0.814393 0.079555
v -0.608161 0.850348 0.286357
v 0.534030 -0.380129 0.551098
v -0.906548 -0.580876 0.345049
v 0.401124 -1.149637 0.528864
v -0.390218 0.169735 1.337978
v -0.242482 1.330747 1.335490
v -0.585211 0.163904 -1.204242
v -0.364730 -0.018936 0.941638
v -0.909715 -0.139955 -0.118604
v 0.212087 -0.100569 -1.324505
v 0.074807 0.110563 0.817576
v 0.359315 -1.101548 0.183152
v 0.876112 -1.018143 0.410974
v 0.673291 -0.628292 -0.878741
v 1.047048 -0.947546 0.713672
v 1.241247 -0.261622 0.782549
v 0.430822 -1.091948 0.239164
v 0.336357 0.393657 1.496306
v -0.037600 1.026071 0.388334
v 0.305343 -0.715530 -1.311247
v 0.026535 -0.599188 2.032177
v -0.502297 0.148022 0.603934
v 0.234686 0.768627 0.705414
v -1.171563 -0.496403 0.959489
v -0.832327 -0.076206 -0.574781
v 1.320837 0.002915 0.668071
v -1.389349 -0.686688 0.731148
v -0.882841 -0.282939 0.786625
v -0.617154 -0.019159 1.539641
v 0.490746 -0.258566 0.730642
v -0.337020 0.741266 -0.180444
v 0.420101 0.030821 0.581149
v -1.190568 -0.048475 -0.591473
v -0.646251 -0.798001 0.761908
v 1.509288 0.468791 -0.071540
v -1.122085 -0.434107 1.355091
v 1.289412 -0.533840 0.561224
v 0.332597 1.056934 0.929207
v -0.738009 0.386134 1.399466
v -1.137014 0.102651 0.368061
v -0.722484 0.233255 0.175634
v -0.449440 1.278445 0.959436
v 1.115954 -0.589237 0.004781
v -0.778103 0.471530 -1.377006
v 0.467317 -0.841977 0.019548
v 0.199895 0.397626 1.182832
v -0.119169 0.603753 -1.387529
v 1.314256 -0.374099 0.691692
v -0.170212 -0.533600 -0.176514
v -0.279342 1.047311 0.946659
v -0.053506 -0.088626 0.973978
v 0.652113 -0.718574 0.530959
v -1.067541 -0.597945 0.570212
v -0.335530 0.648075 -0.801830
v -0.379009 0.311911 -0.948401
v -0.420607 0.435166 -0.863501
v 0.168647 1.205328 -0.593311
v -0.951592 0.051919 -0.440267
v -0.122735 -1.299641 0.726405
v -1.155063 -0.473404 0.947914
v -0.862041 -0.098270 0.451809
v -0.265383 -1.381284 0.518100
v -0.840524 -0.895804 -0.226989
v -0.968677 -0.276427 0.770516
v -0.234515 0.024438 -1.321178
v 0.890394 -0.820277 0.468619
v -0.722674 0.420637 -1.454888
v -0.432962 -1.466347 -0.397784
v -0.648092 0.157766 -0.406946
v -1.572521 0.567456 0.042072
v -0.025001 0.233858 -1.480506
v -0.634164 -0.802481 0.480387
v 0.422312 -1.263879 -0.083381
v -1.375548 -0.713298 0.656378
v 0.226253 0.192268 0.893494
v -1.266300 1.176696 0.387311
v -0.122584 0.752937 -0.117682
v -0.454230 -0.838668 0.460033
v 0.418247 -0.996935 -0.305693
v -0.656946 0.008332 -1.172817
v 0.018962 -0.399380 -1.421012
v -0.095653 0.721426 1.362027
v -1.375494 -0.147679 0.623984
v 1.067422 -0.239301 0.211338
v 0.108932 -0.204604 1.341879
v -1.477323 -0.738744 0.352049
v -1.078896 -0.657605 0.622516
v -0.177546 -0.568211 0.065764
v 0.007929 0.070731 0.609437
v -0.755518 -0.641803 0.778694
v -0.372584 0.713895 0.863388
v 0.863628 -0.693438 1.263835
v 0.842105 -0.398755 0.302002
v -0.456962 -0.099746 -0.586274
v -0.415070 0.117881 0.477934
v 0.237154 -0.776444 0.071466
v 0.827852 -0.712630 -0.125174
v 0.897950 -0.736808 0.023303
v 0.582415 -1.087264 0.201266
v -0.405752 0.272821 -1.479284
v -0.398352 0.588126 -0.793399
v 0.596229 -0.968244 1.097243
v -0.469217 -1.016356 -0.144303
v 0.108849 1.055176 -0.289239
v 0.612436 -0.837544 1.146845
v 1.042159 0.645589 0.174473
v -1.185047 0.377642 0.260487
v 1.229118 -0.352743 -0.087510
v -0.010177 0.115109 0.514889
v -0.432575 0.292015 -0.626412
v -0.369291 -0.590905 0.733255
v -0.441494 0.168763 0.017123
v -0.237704 -0.603419 0.148723
v 0.955898 -1.177755 0.164558
v 0.858927 -1.167769 -0.469361
v -1.285399 -0.823023 1.131128
v -0.189868 -0.380763 1.123323
v -1.150446 -0.531930 -0.874228
v -0.409905 -0.102307 0.513267
v 0.550728 -0.610512 0.640972
v 1.133839 -0.124182 -0.600426
v -0.414025 0.689735 0.388716
v 0.037816 -0.166247 -0.413599
v -0.783553 0.702940 0.974104
v 1.157597 -0.165419 1.018777
v -0.522014 0.059673 0.620778
v -1.306033 0.332219 0.923368
v -0.477490 -0.474153 0.259865
v -0.108174 -1.193482 0.132713
v -0.319818 -0.662513 -0.812290
v -0.579386 -0.454748 -0.222713
v -1.214334 0.356668 -0.166537
v 0.800947 0.467247 0.732310
v -0.071290 1.591102 -0.474713
v 0.933556 0.216466 0.708950
v -1.064664 0.001859 1.060907
v 0.512936 -0.085329 -0.613051
v 0.117698 -0.151551 1.420322
v -1.093296 0.536741 -0.062688
v -0.849669 -0.336926 0.020034
v 0.356870 1.126966 0.850162
v -0.287998 -1.087248 -0.905373
v -0.296219 -0.741463 -0.819292
v -0.148137 0.366828 0.343678
v 0.453572 -0.194692 -0.356093
v -0.734612 -0.561742 0.480867
v -0.310394 -0.288786 0.530299
v 1.369442 -0.539571 0.478445
v -0.604263 1.034234 0.245403
v -0.930210 0.958743 0.933608
v -0.625547 -0.920436 1.198781
v 0.335408 -1.064727 0.750022
v -0.647630 0.957424 -1.122826
v 0.703386 0.545995 0.149120
v 1.016940 -0.139259 0.235693
v 0.216145 0.517727 0.808199
v -0.629347 0.594058 0.335041
v -1.111686 0.291513 -0.247537
v 1.179201 -0.950271 0.214497
v -1.078737 0.047827 0.171541
v -0.313809 0.265392 -1.521424
v 0.845687 -1.205276 0.360912
v -0.070166 -0.554092 -0.556255
v -0.994737 -0.355654 0.369547
v -0.648888 0.144868 -0.801187
v -0.244441 -0.297894 1.437362
v -0.962552 -0.078701 -0.987653
v 0.181709 0.214365 0.529023
v -0.367386 0.616354 1.317621
v -0.137399 -0.232341 0.415790
v -0.256052 0.852693 1.255116
v -0.564039 0.271535 1.037078
v 0.517572 -0.373679 -0.637671
v 0.462478 -0.569909 0.683054
v -0.387761 -0.133625 0.034506
v 0.908703 -0.291916 0.077145
v -0.244433 -0.778368 -0.116801
v 1.236698 -0.431209 0.395060
v -0.692475 0.279025 1.798515
v 0.106330 0.463050 0.591220
v -1.150328 0.093987 -0.225219
v 0.698891 -0.813133 0.723655
v -0.288680 -0.019362 1.317507
v -0.635648 1.109349 0.516944
v 0.137935 -1.027958 1.127805
v -0.389507 0.778654 0.367655
v 0.501388 -1.631816 0.037224
v 0.046122 0.409871 -0.324638
v -1.342050 0.236989 0.412327
v 1.406510 -0.097688 -0.480498
v -0.961145 -0.631003 1.276529
v 1.413845 -0.470197 1.046062
v -0.729658 -0.464010 1.501946
v -0.372190 0.676455 -0.591543
v -0.948863 0.081741 -0.104078
v 1.466484 -0.281887 1.066327
v -0.457736 0.592930 1.190405
v -0.572557 -0.675218 1.148830
v -1.422994 -0.190057 1.390704
v 0.381591 -1.115277 -0.106739
v -0.869139 0.458348 -1.043384
v -0.100799 -0.611228 0.587485
v -0.399774 -0.005007 0.854351
v -0.337981 -0.016694 0.415939
v -0.329329 1.047169 0.224793
v 0.627373 0.674495 0.872501
v -1.613399 -0.262303 0.460955
v -0.282008 0.218202 0.701135
v -0.689788 0.359690 0.443685
v 0.221845 -0.557691 0.517581
v 0.399934 -0.534688 -0.093711
v -0.182191 -0.980912 1.468997
v 0.302387 1.089148 -0.142000
v 0.649596 1.272876 0.397765
v -0.585454 1.206994 0.403452
v -0.666209 0.779576 -0.531253
v -0.311675 -1.363283 0.402500
v -0.804659 -0.117756 -0.512347
v 1.034176 -0.774154 0.382565
v -0.566110 0.080609 -0.827130
v -0.230777 -0.383501 0.838928
v -0.689405 -0.943034 -0.392135
v -0.071672 0.644171 -1.067985
v 0.709795 -1.150306 0.000038
v -0.939971 0.193744 1.513379
v 0.677588 1.116395 0.814060
v -1.144248 -0.608077 0.623105
v -1.185708 -0.155890 0.473505
v -0.058993 0.591633 1.035603
v 0.051239 0.050527 0.301843
v -0.515207 -1.051048 0.592920
v 1.092098 -1.388248 -0.408291
v -0.574724 -0.879653 0.518264
v -0.711927 -0.430468 -0.493385
v -0.962205 0.710254 1.213641
v 0.142403 0.980375 -1.104543
v 0.446039 -1.080792 -0.245168
v -1.240960 0.389859 0.955707
v -0.353409 0.185214 0.222729
v -0.945360 0.770513 -0.037308
v 1.356171 -0.232806 0.070410
v -0.239995 0.099052 1.210191
v 1.470437 -0.381705 -0.397219
v 0.732747 -0.531457 0.277334
v 0.913169 0.278118 -1.026855
v 1.305246 0.372363 0.218408
v 0.736741 -1.161489 -0.141682
v 0.681913 -0.899022 0.426449
v 0.699055 -1.269433 0.849789
v -1.215852 -0.581727 -0.531033
v -0.367316 1.082951 -0.921165
v -0.433822 -0.632913 0.824065
v -0.428264 0.165404 -0.024425
v -0.000275 -0.585161 0.913169
v -0.598464 0.765987 -0.299463
v -0.901045 -0.349021 1.105765
v 0.671338 0.011861 0.568318
v -1.090172 -0.354258 0.092703
v 0.125368 0.688197 1.381523
v 1.293823 -0.311859 -0.767576
v -0.394677 -0.571874 -0.799018
v 1.047577 0.050383 0.715900
v -0.303512 0.086573 0.612809
v -0.853229 -0.381958 1.052274
v -0.916956 -0.162329 1.392765
v 0.384517 0.998919 0.340748
v 0.231166 -0.555581 0.448916
v -0.194306 -0.911151 0.170676
v 0.341116 -0.838789 -0.459398
v -1.057317 0.257996 0.562116
v 1.336688 -1.060455 0.284741
v -0.665103 -1.341813 0.994685
v -1.039937 -1.031632 0.233820
v -0.618178 0.231575 1.205021
v -0.288849 -0.037235 -1.216325
v -0.161365 0.214377 0.555108
v 0.074942 -1.252839 0.114163
v -0.598429 0.306931 0.619629
v -1.078849 -0.835437 -0.200169
v -0.073393 -0.111278 0.788145
v -0.828470 0.030017 0.547753
v -0.791069 0.334022 0.984683
v -1.027096 -0.894981 0.788474
v -1.647941 0.189834 0.744644
v 0.285801 -0.324396 0.532441
v -0.611921 -0.544729 1.030144
v -0.510179 0.440157 1.737296
v -1.046601 -0.248653 0.692372
v -0.664079 0.173392 -0.102400
v 0.466563 -0.876839 0.833330
v -0.741814 -0.909890 1.435709
v 0.399302 -0.968035 -0.313725
v 0.260453 -0.043810 0.821256
v -0.552809 -0.314842 1.326653
v -0.767586 -0.210030 -0.141774
v -0.114895 0.859901 0.051705
v -1.152944 0.121794 0.368800
v 0.883763 0.785733 0.589836
v -1.048387 0.007538 0.660407
v -1.040612 0.380612 1.739504
v -1.079559 -0.764326 1.568061
v 0.312837 -1.502235 0.373057
v -0.736118 -0.394160 0.416739
v 0.515411 -0.598247 0.604593
v 0.428857 0.977030 0.808733
v 0.316824 1.110078 -0.075879
v 0.693352 -1.251872 -0.907828
v -0.887249 0.774209 -1.122192
v 0.111813 -0.004803 0.795022
v 0.508746 -0.016349 1.540758
v -1.047873 -0.704496 0.812322
v -0.209953 -0.228601 1.007520
v -0.732835 0.470367 -0.029707
v -0.350842 1.027336 -0.242244
v 0.321096 -0.337437 0.150052
v 0.293283 -0.308051 0.694456
v -0.893790 0.305692 0.575733
v -0.357627 -1.121191 0.096100
v -0.513876 0.111539 0.219275
v -1.387020 -0.332516 1.154467
v 0.739592 -0.741063 0.339367
v 0.878725 -0.168962 0.292062
v -0.502576 0.102089 0.655544
v -0.301805 0.557713 0.557468
v 0.287947 -1.746323 -0.023893
v 0.589661 -1.769858 -0.203424
v -0.943577 0.995080 -0.930833
v 0.347287 -0.362765 1.073400
v -0.017163 -0.112983 -0.878646
v -1.090788 0.232820 -0.361091
v -0.644640 0.708214 -0.320086
v 0.839149 0.804886 1.112646
v -0.271927 -0.588283 0.846498
v -0.624582 -0.816045 1.449425
v -1.298362 0.222233 -1.134715
v -0.475273 0.963066 0.632346
v -0.329864 -0.654282 0.269607
v 0.031288 -1.102459 0.472677
v -1.134635 -0.022007 1.023808
v -0.223835 -1.101472 0.307594
v 0.159246 -0.859694 -0.705244
v -0.365467 -0.285687 1.508861
v 0.424547 0.606077 0.878300
v -0.473494 0.528260 -0.068351
v 0.420243 -0.012476 0.610014
v 0.194591 0.341882 0.456571
v 0.227780 -1.294570 -0.313622
v -0.496020 0.551492 -1.217208
v 0.453456 0.420941 0.780382
v 1.012906 -0.551338 0.354128
v -0.802247 -0.895853 -0.212689
v 0.184158 -1.150629 0.558005
v -0.095527 -0.545567 0.847043
v 0.544234 0.468565 -0.458875
v 0.828973 -1.487867 -0.231863
v -1.009021 -0.324782 0.367729
v 0.314698 -0.579687 0.945895
v 1.308644 -0.934286 -0.574660
v -1.682311 -0.293240 -0.014897
v -0.828001 -0.855582 0.115683
v -0.635654 0.749908 -0.247452
v -0.860881 0.595535 -0.328793
v 1.225101 0.116052 -0.186773
v -0.281542 0.881543 -0.093336
v 1.049159 -0.189060 -0.634681
v -0.792938 -1.398426 1.022865
v -0.058555 -1.640657 -0.187937
v 0.516716 -1.814849 -0.513719
v -0.620076 0.790142 -0.012097
v -1.307193 -0.287682 0.691560
v 1.037213 -0.479465 0.269656
v -0.404688 -0.170159 -0.045208
v -1.631413 -0.865829 0.835153
v 0.238522 0.768028 -0.084021
v 0.041620 -0.936217 0.611417
v 0.746307 -0.275402 -0.189246
v -1.290153 -0.379049 0.893549
v -0.699275 -0.174270 -0.257087
v 0.044175 -0.861069 0.322373
v -0.683366 0.142405 -0.484413
v -0.497039 0.077216 0.046243
v -0.872542 0.227791 0.140947
v 0.701511 -0.901210 0.275637
v 0.595507 -0.703367 1.113618
v 1.430097 0.078858 0.226235
v -0.851239 -0.348785 1.066167
v 0.960183 0.366679 0.337208
v -1.064923 0.123457 0.987541
v -0.261448 -0.494564 0.755101
v 0.277500 -1.210219 -0.849266
v -1.230615 0.015329 1.427840
v -0.689392 0.381734 0.663709
v 1.173944 -0.366222 1.299131
v -1.078417 0.554506 0.431157
v 0.440873 -1.359516 0.194840
v 0.761908 -0.646251 0.798001
v 0.639112 -0.595070 0.272138
v 1.072815 -1.045488 0.144679
v -1.237994 -0.820746 0.778587
v -0.040445 0.488463 -1.114723
v -0.989735 0.029732 0.053952
v -1.312912 -0.782601 1.255023
v 0.222805 -0.686966 1.323641
v -0.006765 -0.610821 -0.940017
v 1.047894 0.028560 0.111849
v -0.135061 -0.409505 1.145917
v 0.142734 0.164640 0.791811
v -0.107129 -0.781233 0.442565
v -0.359687 0.001748 -0.973263
v -0.286068 0.358161 0.659846
v -0.880799 -0.345704 1.130832
v 1.111022 -0.559706 0.925530
v -0.734027 0.031080 -0.446932
v 0.300409 0.050394 0.902434
v 1.097965 -0.940011 0.267964
v -0.006566 0.676576 0.205785
v -0.472602 -0.495066 0.223237
v 0.015796 -0.371512 0.859174
v -0.252485 -1.421285 -0.030853
v -0.827635 -0.292937 0.731250
v -0.178352 -1.229202 -0.529439
v 0.899317 -0.331070 0.035585
v -1.150434 0.263955 0.353825
v -0.842603 0.315657 -0.227194
v -0.481812 -1.146590 -0.179335
v 0.771077 0.631656 0.468686
v -0.625817 0.750147 0.860229
v -0.259696 -1.423625 0.375773
v 0.390545 -0.623903 0.472483
v -0.291974 -0.019568 -1.290325
v 0.849265 0.366604 -0.418471
v -0.078701 0.176887 -0.068183
v 1.125302 0.155017 -0.419485
v -0.841481 0.118103 1.461975
v -0.803682 -0.081639 0.877794
v 0.218500 0.341312 1.092112
v -0.474370 0.918611 1.507880
v 0.375926 -0.006777 0.629226
v 0.088101 0.445445 0.750120
v 0.242952 -1.234288 -0.528375
v -0.587862 -0.368271 1.831127
v -0.058826 0.450958 -1.116617
v -0.938735 0.331827 0.335697
v -0.701093 -0.016425 0.921646
v -0.974137 -0.065772 0.598428
v 0.624413 0.005897 0.907077
v -0.923522 -0.493707 -1.029670
v -0.455943 0.390893 -0.881793
v 0.971835 -0.350781 0.043329
v -0.683585 -0.232351 1.111899
v 0.326954 0.315058 -0.435199
v -0.256078 0.101599 0.500057
v -0.068106 -0.601410 -0.287228
v -1.133586 -0.657808 0.754239
v 0.865157 -0.333229 0.449408
v 0.622098 -0.374951 0.638730
v 1.618568 -0.748435 0.299234
v -0.421773 0.392815 -0.920957
v 0.049851 0.088411 0.773785
v -0.546956 -0.187397 1.254149
v -1.285696 0.221358 -0.001436
v -0.002725 -0.510063 0.196511
v -0.982137 -0.693361 1.207472
v -1.780657 0.018291 0.360447
v 0.106976 0.803327 1.295301
v 0.333371 -0.332978 1.477239
v -0.857056 0.841905 0.520575
v -0.396545 0.493453 1.302308
v 0.922445 -0.768142 0.626361
v 0.095527 -0.906602 0.249176
v -0.025151 -0.182727 0.775216
v -0.567787 0.280826 0.983495
v 0.174591 -0.084078 -1.399675
v 1.475314 -0.293402 -0.177225
v 0.696791 -0.686091 0.287464
v -0.633314 -0.001969 1.564938
v -1.317621 0.102562 1.065222
v -0.043065 0.245803 -0.785968
v -0.634709 0.569257 1.671481
v -0.781680 -0.288614 0.231391
v -0.302396 0.632828 -0.415779
v -0.241747 -0.250561 0.757960
v -1.112682 -0.413635 0.333196
v 0.537071 0.484428 0.409289
v -0.435582 0.172537 0.610397
v -0.551410 -0.763032 -1.210109
v -1.081200 -0.116371 0.639300
v 0.366816 -1.201540 0.750716
v -0.044601 0.198078 -0.075302
v 0.419485 -1.125302 0.155017
v -0.443666 1.036793 1.022497
v -0.551567 -0.521284 -0.543288
v 1.482312 0.157593 0.737185
v 1.513392 -0.432918 0.173077
v -0.349556 -0.612445 1.439634
v -0.448568 -0.312764 1.336250
v -0.381110 0.650447 -0.479511
v -0.697309 0.265740 0.824064
v 0.537025 0.111743 -0.371539
v 0.676123 -0.836305 0.319144
v -0.224722 -0.336355 -1.115955
v -1.094516 0.833883 0.214150
v -0.854604 0.056778 0.553113
v 0.337919 1.056395 0.924441
v -0.122770 -0.277614 0.878937
v -0.838418 -0.610805 0.754869
v -0.168181 -0.281469 -1.258020
v -0.258267 0.783280 1.401656
v -0.460896 0.346699 0.299974
v -0.430677 -0.157478 0.418876
v 0.792562 -1.557269 0.253057
v 0.577717 0.510205 1.216853
v -0.936111 -0.653221 -0.390331
v -0.635474 -0.130687 -1.190328
v 0.165401 -1.038175 -0.603515
v -0.522156 -0.038778 0.186453
v -0.951550 0.822129 1.134979
v 0.214412 0.216794 1.303371
v -0.622098 -0.374951 -0.638730
v -0.961958 0.352498 1.129905
v -0.116756 -0.596011 0.750796
v -0.540718 0.537658 -1.241871
v -1.031307 -0.466709 0.164878
v 1.506542 -0.355067 0.354724
v 0.372557 -0.211978 0.477725
v -0.324067 0.423856 -1.433769
v 1.104070 -0.817083 0.351926
v 1.477037 0.733156 0.317371
v -0.150461 -0.519856 0.510087
v -0.854119 -0.012584 -0.858269
v -0.477007 0.943200 -0.427834
v -0.282370 0.273744 0.511745
v 0.000000 0.499935 0.175184
v -0.401582 1.387143 -0.043385
v 0.078620 -0.240090 1.366660
v 0.043310 0.728610 1.086387
v -1.690425 -0.993868 0.742800
v -0.995664 -0.378181 1.318252
v 0.004967 0.094395 0.572083
v -0.434832 -0.026689 0.877971
v 0.899051 -0.454404 0.300291
v -1.260275 0.334816 0.199260
v -0.595285 0.137657 -1.204051
v -0.365408 -1.365567 0.205955
v 0.961693 -1.002601 -0.937554
v -1.349122 0.263826 0.310731
v -0.540483 -1.243292 -0.496844
v -1.116545 0.262441 -0.513581
v -0.482713 0.676137 -0.218263
v -1.201881 -0.166239 1.288851
v 0.902918 -0.459281 -0.957672
v 0.883331 -0.328829 -1.043265
v 0.327545 -1.101728 0.093276
v -0.265372 0.218781 0.126781
v -0.289443 -0.016564 -1.299598
v -0.687694 0.591853 -1.154741
v 0.528153 0.370153 1.163374
v 0.600505 -1.356578 -0.913570
v -0.365273 -0.473135 0.494999
v 0.613765 0.169603 0.568705
v 0.189566 0.276077 -0.222446
v -0.413388 0.035566 0.631270
v -0.471033 0.810642 -0.899991
v -0.512234 0.849439 -0.833024
v 0.736873 -1.093436 -0.202122
v -0.609787 -0.717330 0.228553
v 1.267748 0.284873 -0.716303
v 0.426829 0.006673 -0.005434
v 0.588948 0.380056 0.580326
v -0.414609 -0.932569 -0.474201
v -1.137406 -0.103572 1.426369
v 0.264327 0.352982 -0.075279
v -0.998730 -1.023026 -0.416508
v 0.295052 -0.737727 -0.929909
v -0.205562 0.897136 0.140674
v -0.665491 0.841577 0.319556
v 0.366957 0.410361 0.724015
v -0.895142 -0.419669 0.989208
v 0.577216 -0.716054 1.534305
v 0.497769 0.096891 0.083880
v 0.883092 -0.736492 -0.720275
v 0.869442 -0.415007 0.554685
v -0.360021 -0.047727 -0.580855
v -0.754740 0.318578 1.082997
v -1.136358 -0.534814 0.997948
v -0.458917 0.897093 -0.046601
v -0.663709 0.689392 -0.381734
v -1.038153 -0.294321 -0.333005
v -0.253894 0.003793 -1.266789
v 0.128648 0.541204 0.541038
v 1.265350 -0.881139 0.565954
v 0.530355 -0.263791 0.182232
v -0.627415 0.886599 1.147702
v -1.344575 -0.161255 1.409289
v 0.714594 -1.167254 1.020923
v 0.574487 -0.366974 -0.672910
v 0.916992 -0.356063 0.731775
v -0.906376 -1.057574 -0.331232
v 0.160977 0.688998 -0.254210
v 0.186969 -1.509589 -0.742015
v -0.006736 -0.923727 -0.699138
v -0.433266 -0.861386 0.047164
v -0.971876 1.302827 -0.002446
v 1.458540 -0.315841 -0.140379
v -0.230151 -1.504330 0.158437
v -0.961805 1.121503 0.531815
v 1.381727 0.602786 0.478578
v -0.695204 0.371946 0.095632
v 0.370758 0.986982 0.778661
v 0.794042 -0.806856 0.350535
v 0.315198 -0.818326 -0.581593
v 0.905896 0.296692 0.310935
v 0.848001 -1.001739 1.031629
v -0.096373 -0.833355 -0.320479
v 0.200035 -1.153466 1.399995
v 0.611210 -0.243240 0.453813
v -0.488787 -0.352258 -0.922896
v 0.641213 0.932910 0.735798
v 0.908580 -0.585228 0.295241
v -0.453739 -1.053975 -0.533786
v -0.830974 0.456721 -1.093433
v -0.784843 -0.737533 0.305133
v 0.524306 -1.014557 0.269695
v 0.792264 0.258014 -0.295642
v -0.898251 -0.399416 0.391934
v -1.038578 0.379712 0.481835
v -0.689540 -0.380728 -0.210633
v -0.725901 -0.239637 0.842403
v -0.583815 -0.730266 1.161183
v 0.247995 0.731186 0.694425
v -1.168192 0.382994 -0.131815
v 0.308822 0.965761 1.008505
v -1.234316 0.274703 0.744294
v -0.778069 -0.100308 -1.118791
v 0.510264 0.405339 0.615466
v -0.377985 -0.472678 1.478722
v -0.117152 0.853739 -0.097202
v -0.797633 -0.390521 1.461613
v 1.019021 -0.956180 0.860007
v 0.347406 -0.842279 0.361664
v 0.393434 0.806769 0.926079
v -0.440220 0.105123 0.636479
v -0.430785 0.503767 0.938446
v -0.634107 0.654448 0.639073
v -0.847968 -0.325521 0.660640
v -0.590369 1.153351 0.493635
v -1.237852 -0.294912 0.208860
v 0.239394 -0.365729 -0.617066
v 1.183095 0.242179 1.326232
v -1.149022 0.563446 -0.460334
v 0.447973 0.540448 1.283003
v -0.290095 0.795392 -0.951855
v -0.988575 0.182402 -0.235492
v -0.251842 -0.726574 0.607940
v -0.912909 0.420752 0.556376
v 0.743631 -0.449834 1.449432
v -0.738577 0.819868 1.311801
v -0.988710 1.149377 -0.233544
v -0.957450 -0.714810 -0.547309
v -0.213032 -0.726868 0.531702
v 0.250595 -1.403172 0.009159
v -0.319733 -0.389339 0.918406
v -0.085329 -0.613051 -0.512936
v -0.738625 -0.514928 0.443476
v -1.164570 -0.514512 0.949974
v -0.805570 -0.689267 0.695167
v 1.027561 0.360251 -0.013481
v -0.855611 0.802754 0.012039
v 0.684113 0.569775 -0.264202
v 0.015813 -0.885340 0.516437
v -0.915508 0.766529 1.238396
v 0.617973 -1.324298 -0.369483
v 0.030887 1.387334 -0.762939
v -1.115652 -0.520389 0.880092
v -0.275850 -0.033659 -1.252406
v -0.657381 -0.947174 -0.349323
v -0.055919 -0.200638 -1.495140
v 0.631943 0.281209 1.038968
v 0.639701 -0.056131 0.672850
v -0.396949 0.156242 1.222171
v -0.350615 0.591601 -0.601376
v 1.097339 -0.122205 0.283827
v 0.192889 0.417636 1.180886
v -0.524103 -1.470502 -0.043829
v -0.951043 1.015827 1.351902
v 0.544419 -0.836901 -0.110319
v -0.048397 0.793576 -0.573866
v 0.686091 -0.287464 0.696791
v -0.232631 -0.475980 1.378919
v -1.288830 -0.873914 -0.585782
v 0.308103 -0.564840 0.368609
v 0.490770 -0.330918 0.521974
v 0.353338 -0.720230 -0.222961
v 1.266188 -0.512012 0.122922
v -1.437672 0.279143 1.053495
v 0.312112 -0.888358 0.590063
v 1.169610 -0.093437 0.498228
v -0.943620 0.300839 -0.748369
v -0.286510 -0.263153 -0.262586
v -1.055793 1.434354 -0.298344
v -0.370293 -0.208377 0.007463
v -0.768202 0.070081 -1.457461
v 0.444906 0.340912 -0.132788
v 0.000254 -0.833707 0.704738
v -0.168283 0.770373 0.136849
v -0.930847 -0.687164 0.741632
v -0.131932 -0.074743 0.888222
v -0.610897 0.138230 -0.755755
v -0.449841 -1.202623 0.182382
v -0.219955 -0.289257 0.424349
v -0.268572 0.385783 0.509744
v 1.224851 -1.370055 0.064399
v 0.039122 0.787505 -0.460766
v -0.099622 0.049970 0.080592
v -0.039788 0.188967 1.475442
v -0.503464 0.017265 -0.898698
v -0.583201 0.090384 -0.345508
v -0.908476 -0.216839 0.512447
v -0.299158 0.144500 0.155551
v 0.335597 1.058414 0.960664
v 0.718565 -0.870022 -0.341287
v 0.323859 -0.736237 -0.337996
v -1.092087 0.257878 0.165645
v -0.275832 -0.440154 -0.077329
v 1.162551 -0.276197 -0.141779
v 1.733766 -0.099503 0.441896
v -0.025596 -0.813483 0.355334
v 0.366800 0.448621 -0.024640
v 0.283965 0.265403 0.137718
v -0.400016 -0.436742 -0.343712
v -0.375890 0.324228 -1.537043
v 0.284279 1.017263 0.803184
v -0.788699 0.550886 1.416560
v -0.961019 0.029979 -0.240151
v -0.242454 0.670988 -1.096105
v -0.301273 0.667910 -0.541653
v -0.114622 -0.882400 0.296021
v -0.618701 0.545454 0.583663
v -0.118434 0.943659 0.176215
v -0.060517 0.027581 0.666880
v -0.238667 0.723181 -0.994060
v -0.853392 -0.828736 -1.137621
v -0.218288 -0.307832 -0.146564
v -0.996868 -0.385328 0.340179
v -0.531919 -1.352273 0.856555
v 0.056369 -1.117991 0.431747
v -0.060032 0.858886 -1.643187
v -0.785288 0.287381 -0.599564
v 0.619611 -0.181310 0.501977
v -0.120130 0.199731 -0.987777
v 0.857928 -0.392978 0.525589
v 0.326533 -0.857949 1.190099
v -0.001464 -0.058097 -1.013704
v -0.551811 0.027252 -0.793100
v -0.167141 0.651062 1.018918
v -0.924782 -0.409902 -0.495517
v -0.730590 -0.649569 -0.936789
v -0.291916 0.077145 -0.908703
v -0.514457 -0.500039 -0.230014
v 0.071131 -0.494166 0.521111
v 1.040055 -0.281747 0.384261
v 0.049904 -0.906123 0.637040
v 0.011603 0.135863 1.196328
v -0.976021 -0.928828 1.516499
v -0.012012 -0.396339 1.429397
v -0.210661 -0.316096 -1.169975
v -0.759568 0.345927 -1.411709
v -1.371955 0.160985 0.654867
v -0.369070 0.915098 -1.034609
v -0.212760 0.848283 0.275261
v -0.064496 -0.681629 1.771342
v -0.127912 0.577866 0.767653
v -0.184758 -0.105848 0.210298
v 0.183478 -0.170451 -0.503978
v -0.372678 -0.320388 1.511439
v -1.228399 -1.017518 0.081942
v 0.662513 -0.812290 0.319818
v -0.222093 0.154547 -0.149758
v 0.430571 0.781226 1.087091
v -0.907606 0.667304 0.824355
v 0.256578 -0.531082 0.344303
v 0.685278 -1.688069 0.171349
v -0.285587 -1.101039 0.122090
v -0.393535 -1.198708 -1.139908
v -0.210876 -0.028440 0.435374
v -0.728615 -0.819171 0.532888
v -0.303731 0.841464 0.605190
v -1.703657 0.222340 0.577863
v 0.062277 -1.326443 0.904743
v -0.564511 0.244963 1.240732
v 1.114609 -0.048139 -0.219801
v 0.852174 -0.157555 0.269113
v 0.749736 -1.249397 0.888527
v -1.303663 0.517060 -0.782190
v -0.367509 -1.491829 -0.723370
v 0.668127 -0.986080 -0.283398
v -0.673566 0.940804 0.681257
v 1.201643 -0.937531 -0.029459
v -1.384530 -0.266323 1.146855
v 0.532362 -1.181962 -0.428916
v 0.504025 0.317878 -0.975778
v 0.839701 -0.109853 0.330499
v -1.231627 -0.441383 1.306943
v -0.354524 0.266320 -0.663399
v -1.085018 -0.672901 0.300266
v -0.008079 -1.430483 -0.748989
v -0.593804 -0.178733 0.475146
v -0.083995 -0.456647 0.748422
v 0.927829 -2.058767 -0.750022
v -1.026639 -0.030068 0.773826
v -0.216124 0.384863 0.893192
v 1.203795 -1.086821 0.606768
v -0.605633 -0.936238 1.012226
v 0.117960 -0.475125 0.977743
v 0.316761 -0.779609 1.243351
v 0.835296 -0.452161 -0.203316
v 0.295171 -0.749844 0.946273
v 0.023256 0.020580 1.064477
v 0.765289 -0.326641 0.052397
v -1.239614 0.339233 0.695382
v -1.091647 -0.375992 0.347890
v -0.883331 -0.328829 1.043265
v 1.487653 -0.020432 0.176581
v -0.042321 -0.942988 0.805862
v 0.120285 -0.912361 -0.052188
v -0.837265 -0.742657 0.337712
v -0.013947 0.376509 1.376938
v 1.036137 -0.316791 0.275543
v -0.901971 0.211256 0.112668
v -0.358622 -0.553464 0.747618
v -1.270264 -0.993537 0.580457
v -0.279436 -0.558369 1.039563
v -0.239095 -0.152680 0.682593
v 0.018795 -0.822907 0.271451
v 0.510197 -0.199043 0.011430
v 0.198882 0.938218 0.405619
v 1.210728 0.120586 0.475225
v -0.954283 -0.114120 0.602572
v -0.525810 0.009212 0.617743
v 0.458904 0.123381 0.172567
v -0.296099 -0.160080 0.353684
v 0.152084 -0.638496 0.257329
v 0.626361 -0.922445 0.768142
v -0.545208 -1.107473 0.775406
v 0.647630 -0.957424 -1.122826
v -0.872969 -0.135908 -0.630033
v -1.406108 -0.763008 0.690412
v -0.731135 0.826376 0.336751
v -0.123974 -0.012178 0.321855
v 1.365383 -0.990963 0.409143
v -1.152908 -0.718447 1.541937
v -0.396643 1.103263 1.140516
v 0.732132 -0.860070 0.277073
v 0.126697 -0.593401 0.650869
v -1.207548 -0.548106 -0.164803
v -0.275624 0.001418 -1.345747
v 0.229302 -1.120121 -0.815255
v 0.621064 0.628361 0.858610
v -0.026590 0.401702 -0.740042
v 0.040846 -0.369854 1.360229
v -0.393662 -0.006329 0.817822
v -0.566943 0.638375 1.169423
v 0.621532 0.440495 0.156191
v -0.238227 0.382713 -0.163165
v -1.132525 0.167886 1.184925
v -0.390301 -1.414365 -0.842446
v 0.904960 0.334445 -0.033085
v 1.269619 -0.875468 -0.698896
v -0.009746 0.622518 -0.830286
v 0.364241 -0.349750 0.620457
v -0.842300 -0.642261 -0.238535
v 0.071205 -0.386534 -0.146761
v -0.918104 0.596775 -0.043189
v -1.223388 -0.248477 -0.890491
v -0.607891 0.206320 -1.178561
v -0.815861 -0.621919 0.529512
v 0.610516 0.246284 0.440395
v -0.519351 0.013938 -0.612355
v 0.317665 -0.546638 1.326226
v -0.167376 0.593640 -1.417747
v -1.243610 0.216621 -0.695088
v -0.350077 0.363292 0.439420
v -1.402544 0.351994 0.309686
v 1.091765 -1.063330 -0.111854
v 0.118737 -0.242515 0.503530
v -0.943425 -0.284167 1.141948
v 0.190475 1.029472 0.046036
v 0.131414 -0.368501 -1.161364
v -0.555019 -0.265714 -0.182495
v -0.137772 -0.083718 0.423065
v -0.067770 -0.902461 1.419858
v 0.253122 -0.457499 0.678970
v 0.692926 0.826848 0.686386
v -0.190497 0.148743 -1.760152
v -0.642933 0.119758 0.141975
v -0.371042 0.335119 -1.462205
v -1.923854 -0.332748 0.339125
v 1.315037 -0.212606 0.431061
v 0.897950 0.736808 -0.023303
v -0.951251 -0.327943 0.722664
v 0.368983 -1.437599 -0.339350
v 0.629016 0.122022 0.110589
v -1.085205 -0.637587 -0.135036
v -1.013874 -0.094750 -0.927579
v -0.988086 -1.091569 -0.585927
v -0.699147 0.152276 -0.754943
v 0.503978 0.183478 -0.170451
v -0.343645 1.773707 0.558464
v 0.883462 0.131527 -0.138124
v -1.479662 -0.541113 -0.865053
v -0.768268 -0.279773 -0.801835
v -0.778768 0.122297 -1.474763
v 0.251808 -0.726347 0.520083
v -0.262876 -0.482921 1.333528
v 0.713301 0.776424 1.065443
v 1.685468 -0.003761 -0.260579
v -0.159030 0.590219 -1.449479
v -0.781927 -0.147316 0.152217
v -0.880697 -1.151024 0.574839
v 0.341010 0.505263 0.604814
v -1.041498 -0.317659 0.702140
v -0.989011 -0.402568 1.328456
v -1.106289 -0.081282 0.649619
v -0.460647 -0.048543 -1.406847
v -1.182070 -0.634690 0.236715
v -1.124037 -0.447787 1.386063
v -0.309787 1.620038 0.827320
v -0.579166 -0.507910 0.495039
v -0.628694 1.256023 -0.923795
v -0.910031 -0.224772 1.696575
v -0.405564 -1.719901 0.020500
v -1.132451 -0.602196 0.637670
v -0.252238 0.435757 0.755749
v 0.410922 -0.487022 -0.708860
v 1.048999 -0.210263 -0.336042
v 1.163529 -0.538685 0.512480
v -0.348420 0.161504 0.297865
v -0.602644 -0.515483 0.283225
v -0.867437 1.176774 -0.655930
v 1.334045 -0.296527 -0.733279
v -0.467854 -0.610115 0.568325
v -0.551885 -1.214163 -0.506978
v 0.326598 -0.319627 0.675295
v -0.177398 -0.595394 0.095439
v -0.608077 0.623105 -1.144248
v -0.619522 0.432688 -0.730951
v -0.619347 0.308835 0.618957
v 0.608572 0.558095 0.417237
v -0.027914 0.911418 0.984176
v 1.277843 0.557243 -0.108160
v -0.901612 1.137372 0.167691
v 0.984021 -0.615864 -0.267062
v -0.045013 -0.259481 0.769111
v 0.623924 -0.609899 -1.137048
v -0.056472 0.735835 0.110101
v 0.135129 -0.738414 0.167374
v 0.551615 -0.760155 0.051744
v -0.461669 0.452226 -0.254206
v 0.278593 -0.133677 1.033045
v -1.351746 -0.661351 0.257706
v -1.175301 -0.160455 0.959225
v 0.853469 -0.597770 0.284306
v -0.239005 -0.196348 -0.661628
v -1.311199 -0.376335 0.666742
v 0.276698 0.879849 1.240860
v 1.399106 0.153121 -0.022387
v 0.391590 0.331284 0.059482
v 0.384261 -1.040055 -0.281747
v -1.247076 -0.679700 0.603243
v -0.634424 -0.827902 -0.322193
v 0.649895 -1.077127 -0.074847
v 0.947711 -0.377085 0.716901
v -0.919841 0.715103 -0.612117
v 0.336186 -0.394313 1.010108
v 0.339357 0.438384 1.449476
v -0.755879 -0.650856 0.812631
v -1.073633 -0.013682 0.214469
v -0.391597 0.592874 0.062559
v 1.252057 -1.102393 -0.574753
v -0.841577 -0.319556 0.665491
v -0.002093 -0.484079 0.807394
v 0.755614 0.137611 1.288654
v 0.249357 0.493276 0.496866
v 1.007021 -1.363007 -0.071950
v -0.408068 0.084856 0.521623
v 0.732049 -0.626435 -0.311031
v 0.587807 0.735629 0.378390
v -0.973500 -0.327897 0.985807
v -0.149818 0.660283 1.048531
v 1.144192 0.024756 -0.514769
v -0.766617 0.528061 0.927060
v 0.656421 -0.382232 0.484234
v -0.996718 -0.651109 0.526601
v -0.069455 -0.395878 1.495132
v 0.136504 -0.098921 -0.334381
v 0.056084 0.441576 -0.900461
v 1.339939 -0.477868 -0.441111
v 0.053077 -0.348803 -0.472606
v -0.556191 0.584397 -1.603476
v -0.531815 0.961805 -1.121503
v 1.080984 -1.468897 0.387722
v -0.394399 -0.985778 0.357204
v -0.583869 0.930357 -0.809449
v 0.456976 -1.013357 1.151576
v -1.219112 -1.103098 0.189375
v -0.187951 -1.152972 -0.551868
v -0.155840 -0.250981 0.216905
v -0.668127 -0.986080 0.283398
v -0.964753 -0.556023 1.672472
v 0.334589 -0.794948 1.989937
v -0.045346 0.398028 0.746664
v -0.301019 -1.361690 0.542509
v -1.702698 -0.223550 0.772197
v -0.069156 0.731877 0.482676
v 0.717816 0.285330 0.907918
v -0.628665 -0.165622 -1.213330
v -0.558871 0.215898 0.674985
v 0.179014 0.535717 -1.527405
v -0.584263 0.196972 -1.173904
v -1.451270 0.047192 0.833734
v -0.801437 0.138602 0.276054
v 0.018682 -0.370978 -0.146897
v 0.307054 0.699754 0.966811
v 1.112832 0.009813 0.597774
v 0.942086 -0.663838 0.933784
v -0.658423 -0.932098 1.024237
v -0.590404 -1.212439 -0.515912
v 1.193444 -0.547196 -0.111364
v -0.839396 0.726367 -0.487031
v 0.041159 -0.499131 1.172042
v 0.221849 0.758407 -0.887038
v 0.580740 -0.451898 0.575279
v 0.013050 -1.017548 0.721139
v -0.971145 0.236328 0.265217
v -0.662268 -0.116130 0.600222
v -1.168690 0.532288 -0.069927
v -0.613895 0.579835 -1.218379
v 0.056215 0.646115 1.017716
v -1.353289 -0.390306 0.583018
v -0.210341 -0.080661 1.374640
v -0.857066 -0.106397 -0.540774
v 0.450971 -0.589044 0.243517
v -0.465843 0.406987 1.463583
v -0.011553 0.002594 -1.068177
v 0.644163 0.456038 0.600285
v -0.524541 -0.357427 0.514986
v -0.269880 -0.826159 -0.055321
v -1.556202 0.618142 0.666048
v -0.098316 0.861161 -0.740527
v -0.522150 0.107229 0.743052
v -0.985333 0.324079 -0.641892
v 0.441689 -0.044655 0.526372
v -0.998944 -0.118010 0.719613
v 0.103332 -0.563488 0.731040
v -1.494865 0.619508 0.766465
v -0.562526 -0.037556 0.237353
v 0.150781 0.391105 1.115771
v -0.716258 -0.738621 0.316179
v -0.525831 -0.595034 1.102678
v 0.241559 -0.499747 1.639235
v 0.697627 -0.617884 -0.287364
v 0.327666 -0.685784 0.238136
v -0.388476 1.113366 -0.246610
v -0.700955 0.692259 -0.826739
v -1.248873 -0.219416 -0.707759
v -0.393377 0.131094 0.611179
v 0.288572 -1.133854 0.353346
v 0.033974 -0.222464 1.005416
v -1.068012 0.227197 0.438643
v -0.467121 -0.478137 -0.544170
v 0.513137 -0.134334 1.196558
v -0.063906 -0.141601 -0.029416
v 0.428503 -1.412415 0.189920
v -0.789088 -0.657940 0.842753
v 0.812933 -0.698471 0.036033
v -0.594747 -0.169630 1.197863
v -1.467366 0.334035 0.319617
v -0.065653 -1.021068 1.261650
v -1.363978 -0.831137 -0.300668
v -1.124020 -0.413684 0.288614
v -0.254886 0.774325 0.598047
v 0.043380 0.049829 -1.169806
v 1.249632 0.194542 -0.824998
v 0.209609 -0.753149 -0.127135
v 0.174499 0.139649 1.394789
v 0.180586 1.003851 1.117700
v -0.483367 0.462619 -0.883786
v -0.606792 0.221708 0.217944
v -1.299170 0.329028 0.956304
v -0.400614 -0.873343 1.284328
v -0.673507 0.875252 -1.280736
v -0.076921 0.593310 1.253455
v 0.539408 -0.550498 -0.157221
v -1.261847 -0.507619 -0.575531
v -0.709560 -0.757427 0.316158
v 0.727955 -0.248777 0.632349
v -0.355075 -0.095680 0.057184
v -0.527552 0.704600 -0.030732
v 0.426513 0.342193 0.772832
v 0.108590 0.769302 0.507562
v -0.689311 -0.605099 1.526072
v 0.490770 -0.100680 1.198659
v 1.185157 -0.540432 -0.332397
v 0.580426 -0.653159 0.151052
v -0.390183 0.365976 -0.901875
v -1.128782 -0.717233 1.541916
v 0.218046 0.768847 -0.832904
v -0.011664 -0.507013 1.369000
v -0.586608 0.591317 0.622722
v -0.550123 1.164927 0.042791
v 0.801108 -0.007080 0.656516
v 0.272069 -0.012552 -1.488953
v -0.524765 -0.164610 -0.069661
v 0.206328 0.771980 -0.890205
v 0.924494 -0.757833 0.627594
v -0.426282 0.603871 -1.249716
v -0.416061 0.608240 -1.722556
v -0.198520 -0.288408 -1.112174
v -0.625170 -0.112052 -1.838217
v -1.163525 -0.724921 1.858068
v -0.093513 0.726620 1.359831
v 0.060841 -0.486076 0.914652
v 0.512624 -0.309349 0.475758
v -0.452963 0.191169 0.038623
v 0.552883 -1.430696 -0.035637
v 0.350938 0.569419 0.414320
v 0.292016 -0.626412 0.432575
v 0.074420 -0.732269 0.018915
v -0.706356 -0.128158 1.294336
v 0.689887 -1.504270 0.558578
v -0.012039 0.855611 0.802754
v -0.884473 -0.363858 1.034292
v -0.509181 0.791402 -0.954220
v -0.212929 0.585747 -1.472443
v -0.619668 0.777042 0.651817
v -0.050164 -0.995726 1.571363
v -0.748523 0.404856 -1.449845
v -0.283365 -0.014169 1.096482
v -1.225745 -0.214340 0.968480
v -1.116138 0.059189 -0.355276
v -0.378682 0.195898 0.589361
v -0.449905 -1.037204 0.888321
v -0.314716 0.038154 0.465701
v -0.984289 0.325974 0.682566
v -1.019851 -0.230821 0.786543
v -0.187339 -0.039202 -0.039258
v -0.392831 -1.536865 -0.586273
v -1.273934 0.343965 0.683162
v -0.396659 0.102620 0.476206
v -1.074748 -0.673675 0.704034
v 1.057484 0.360935 -0.017543
v 1.714334 0.162384 -0.199716
v 0.586485 0.150159 1.185931
v -0.552982 0.196083 1.541742
v 0.247935 -1.006176 0.889128
v 0.051633 -0.725754 0.558676
v 0.119271 0.176404 1.400365
v 0.564925 -1.715641 -0.347622
v 0.020034 0.849669 0.336926
v 0.240153 -0.982527 0.556558
v -0.104625 1.263620 0.833407
v -0.938985 -0.940762 -0.951522
v 0.095847 0.969090 1.112000
v -0.552736 0.464947 -0.366493
v -0.640889 -0.587546 1.234584
v -0.176058 0.104510 0.963620
v -1.262702 0.168403 -0.404876
v -0.720466 -0.104389 0.720727
v -0.661801 1.316132 0.254794
v 0.064976 -0.808175 0.294700
v -0.206013 0.171106 -1.207784
v 0.410369 -0.313438 1.491710
v 0.089843 -0.198388 1.124704
v -0.790090 0.799281 -1.268790
v -1.399526 0.070479 0.258947
v 0.184980 1.564574 0.330866
v -0.362286 0.980297 0.877856
v -0.551418 -0.091360 1.052344
v 1.037896 -0.578590 0.961223
v -0.289325 0.908446 -1.251067
v 0.791234 -0.571025 0.256229
v -1.247761 0.298900 -0.327796
v -0.317546 -0.144546 -0.024363
v -0.494841 0.673492 1.172187
v -0.336854 0.992255 -0.536650
v 0.117152 0.853739 0.097202
v 0.046960 0.003264 -0.246465
v 1.165074 -0.502322 0.435893
v -0.505832 -0.573421 0.589496
v -0.446514 0.429130 0.176039
v 0.803452 0.598182 0.730679
v -0.142127 1.212637 -0.554671
v 0.064138 -0.029081 0.476941
v 0.006827 0.059139 1.241262
v 1.392704 -0.031690 -0.934863
v -0.265947 0.177040 0.121113
v -0.435972 0.653110 -0.205965
v -0.748988 -0.357891 1.485627
v 0.280067 0.281192 -0.823457
v -0.729935 -0.065625 0.493449
v -0.551482 -0.466109 -0.090224
v -0.638118 -1.248231 -0.490636
v -1.097705 -0.021176 0.034814
v -0.426641 -0.899153 0.434016
v 0.907452 -1.224918 0.275897
v -1.421285 -0.030853 -0.252485
v -0.542694 0.377974 0.671262
v -0.695850 -0.655788 1.346905
v 0.914029 -1.144631 0.602666
v -0.003838 -1.330274 0.757751
v -1.126739 0.055835 0.673705
v -0.891797 -0.725906 0.074839
v -0.975125 0.119418 0.101721
v -0.029089 -0.619577 1.187324
v 0.324224 -1.263713 -0.192468
v 0.971695 -0.306450 0.783686
v 0.839396 -0.726367 0.487031
v -0.525105 0.065105 -0.456614
v -0.724113 0.211837 0.434993
v -0.968721 -0.764320 1.217754
v -1.137332 -0.327582 0.932704
v 0.461679 0.120725 1.113596
v -0.421391 -0.276919 -0.424705
v -0.926243 -0.221501 0.722414
v -0.128475 1.018365 1.130079
v -1.913687 -0.029299 0.942471
v -0.951656 -1.216573 0.988361
v -1.407085 -0.015898 0.771777
v -0.213088 -0.373481 -0.493932
v 0.420351 -0.401555 0.763470
v -0.619630 -0.575327 1.029430
v 0.048019 -0.477897 0.924888
v -0.455334 0.609699 -1.261343
v 0.498073 0.735844 0.177814
v 0.378707 -0.986346 0.920674
v -0.029429 0.128959 -1.512519
v 1.128270 0.225981 -0.277492
v 0.436774 -0.985401 1.188836
v 0.340829 -1.485006 0.418949
v -1.122792 0.022902 0.401969
v -0.703090 0.411014 0.559687
v -0.504044 -0.250584 0.445327
v 0.779761 -0.845629 -0.303664
v -0.839862 -0.439846 -1.043878
v 0.341592 0.638800 0.767575
v -0.532076 0.124869 0.738170
v 0.003210 0.059960 1.244483
v -0.455576 -0.067322 -0.952456
v -0.745735 -0.135977 0.117285
v 0.225981 -0.277492 -1.128270
v 0.506626 -0.570750 0.636530
v -0.164228 0.064067 0.845099
v -1.449685 0.120924 0.146387
v -0.035655 0.932325 1.117930
v -0.377490 0.469253 -0.882493
v -1.091607 0.033130 1.781134
v -1.424150 -0.004195 0.961359
v 0.969604 -0.028321 -0.141389
v -1.295082 -0.576936 0.324820
v -0.004439 -1.331099 -0.319954
v -0.842385 -0.718287 0.393432
v -0.512184 -0.253673 -0.422477
v 0.365860 0.418516 -0.136978
v 0.547127 -1.203641 -0.617944
v 0.389091 -1.135122 0.765436
v 0.419345 0.137881 0.450765
v 0.933897 -0.612414 -0.324627
v 0.687218 -0.867006 0.624800
v -0.398115 -0.055366 -0.278170
v 0.499607 -0.341815 -0.175553
v -0.153775 0.770849 -0.205516
v 0.322491 -0.064193 0.344666
v -0.709977 0.162420 0.145267
v -0.845294 -0.647448 0.258500
v -1.294873 -0.381925 0.674947
v -0.401244 1.063261 0.905547
v 0.821190 -0.195967 0.318415
v -0.433964 0.470590 -0.248982
v -0.503482 -0.170940 0.214171
v 0.997650 -0.922034 0.504370
v 0.508776 -0.083679 -0.086989
v 1.288916 0.180675 -0.120718
v 1.107389 -0.525151 0.903274
v 0.394437 -0.899131 0.312232
v 1.372496 0.067054 -0.094571
v -0.361627 0.915880 0.416030
v 0.474576 0.268999 1.416311
v 0.653756 -1.247424 0.479244
v 0.301134 0.391343 -1.509823
v -0.390438 -0.511969 0.666575
v -0.560360 1.226938 0.306341
v -0.165028 0.262341 -1.123668
v -0.422059 -0.307800 -1.150005
v -0.286507 0.422222 -1.793168
v -0.083515 -0.166172 -1.127955
v -1.484532 -0.087980 0.897075
v -0.146161 0.248610 1.495888
v -1.742540 0.895840 0.555508
v -0.795238 0.534932 0.055530
v -0.714213 0.860235 0.369663
v 0.283713 -0.678227 1.617837
v 0.964894 -0.937100 -0.562198
v -0.666406 0.260057 0.329268
v 0.707485 -0.254603 0.691171
v -0.224410 1.057949 0.913961
v -1.078010 -0.605366 0.482942
v -0.590141 0.877724 1.652619
v 0.823978 -0.804733 1.303250
v 0.791641 -0.128718 0.231649
v 0.153871 -0.064187 0.635481
v -1.085922 -0.710616 1.541036
v 0.012761 -0.492048 -0.195833
v -1.209744 0.573063 0.782605
v -0.533517 0.280095 -1.253480
v -1.426005 -0.437492 -0.333250
v -1.095909 0.442121 0.905962
v -0.305928 0.315459 -0.589155
v -0.979378 0.285274 0.312631
v -1.089960 0.555257 -1.208911
v -0.045116 0.048555 -0.090313
v -0.567127 0.312217 0.900737
v 0.123208 0.669051 0.472317
v -0.559132 0.224802 1.230699
v -0.175077 -1.204165 0.584987
v -0.375267 1.494783 0.392271
v 0.624063 -0.961852 1.000659
v -0.669662 -1.091048 0.150628
v -1.260559 1.139069 -0.375144
v -0.846517 -0.273367 -0.204957
v -0.637401 0.053650 1.508204
v 0.034136 -0.023322 -1.224313
v 0.712161 -0.640547 0.565369
v 0.047284 1.387924 -0.052882
v 0.152287 0.067449 1.162184
v -0.247957 -0.010517 -0.344634
v -0.116629 0.790141 0.013055
v 1.485268 -0.722630 -0.320974
v -0.315657 0.227194 0.842603
v 0.900737 -0.567127 -0.312217
v 0.774472 0.716750 -0.681603
v 0.996295 -1.060542 -0.232984
v -0.525684 0.195341 -0.254583
v -0.550965 -1.216341 -0.441707
v -0.973641 0.340258 1.380058
v -0.717018 0.873949 0.520808
v -0.613338 -0.343963 0.569878
v -0.418666 -0.270661 -1.193750
v -0.986397 -0.025620 1.258328
v 0.153486 -1.120495 -0.322963
v 0.244100 0.380914 0.520195
v -1.157597 -0.165419 1.018778
v 0.464032 -0.675345 -0.278173
v 1.439967 -0.749281 -0.171153
v -1.232413 0.521723 0.412097
v -0.446124 -0.201638 0.378089
v 1.353221 -1.118581 0.211963
v -1.378807 -0.069614 0.519668
v -0.495561 -0.681885 0.359740
v -1.052128 0.203088 0.782349
v 0.720253 -0.646623 0.970000
v -0.399331 0.047151 0.483342
v 0.949966 -0.576924 0.644463
v -0.595925 -0.456290 -0.607467
v 1.037581 -0.324114 1.037376
v 0.414025 -0.689735 0.388716
v 0.015893 -0.317634 0.587283
v -0.790524 -0.431551 0.643172
v -0.583026 -0.075761 0.551012
v 1.193776 -0.560710 0.139465
v -0.805590 -0.405234 1.000676
v -0.260945 -0.273567 0.973985
v 0.569823 -0.960319 -0.383748
v 0.754588 -0.924212 0.229886
v 0.003089 -1.588665 -0.537924
v 0.626572 -1.136063 0.106842
v -0.810313 0.420099 -0.986960
v 0.253885 1.532067 0.761169
v 1.359209 0.118786 -0.077359
v 0.788982 -1.389716 0.119943
v 0.868053 -0.862519 0.040089
v 0.952548 -0.933654 0.150841
v -0.555508 0.199281 1.199542
v -0.925761 -0.262605 0.018583
v 0.179711 -0.290723 0.347349
v -0.290905 1.324214 -0.013964
v -0.267750 -1.218964 -0.292474
v -0.573716 0.279391 1.031518
v 0.883896 -0.412045 -0.725329
v 0.096440 -1.034150 -0.338905
v 0.336130 -1.501003 0.314766
v -0.551839 0.645872 -1.169512
v 0.179342 0.148485 1.433900
v -1.049875 -0.214228 1.028983
v 1.472149 0.075010 -0.103658
v -0.050984 0.948181 0.978289
v 0.293924 -0.099645 -0.970802
v -0.880031 -0.707299 1.249387
v 1.120175 -0.920189 -0.270447
v 0.449009 -1.179378 0.136321
v 1.489002 -0.407872 0.355583
v -0.890508 0.695748 0.051291
v -0.858792 -0.024405 0.861915
v -0.817391 -0.017126 1.384581
v -0.269637 -0.892573 0.449909
v 0.545158 0.525124 -0.512743
v 0.609789 -1.047926 -0.403923
v -0.250924 -0.459275 -0.122371
v -0.621341 -0.407182 -0.154127
v -0.057906 -1.251503 -0.015045
v -0.604756 0.034818 -0.733747
v 0.740449 -0.359136 0.587966
v -0.040582 -0.210996 -0.115914
v 0.254460 -1.123013 -0.567836
v 0.132947 0.360536 1.104988
v -0.024438 -1.321178 0.234515
v 0.711289 -1.758837 -0.013388
v -0.448174 -0.190911 1.036311
v -0.644645 0.245156 0.751610
v -1.246521 0.033845 1.330293
v -0.909715 0.139955 0.118604
v -0.128159 0.835426 0.792662
v 0.545717 -0.133188 -0.214791
v 1.206656 0.343449 0.280887
v 0.493549 -0.944964 1.473356
v -0.222591 0.052505 0.031303
v -0.024756 0.514769 1.144192
v -0.915533 0.768012 -0.667961
v 0.564533 -1.474204 -0.259903
v 0.883776 -0.499509 0.505074
v -0.558184 0.223730 1.171280
v 0.157277 0.742323 0.534474
v -0.933302 1.100567 0.594600
v -0.872602 0.300739 1.060625
v -0.417490 0.418440 -0.228960
v -0.068713 0.899052 1.410765
v -0.453557 0.791431 0.865901
v -0.594265 0.272615 1.192194
v -1.363792 0.093550 0.348094
v -0.545627 -0.298870 1.829767
v -0.845844 0.217895 -0.513115
v 0.019463 -1.255150 -0.025027
v -1.438025 0.376111 -0.381221
v 0.644418 -0.973439 0.241115
v 0.633736 0.021459 0.861204
v 0.197978 0.241516 0.985793
v 0.380288 -1.194887 0.141810
v 0.236043 -0.841324 -0.061798
v -0.344038 0.021447 0.794988
v -0.217052 -0.268196 -0.726069
v -1.060101 -0.848923 0.716017
v -0.338752 0.989952 -1.829782
v -0.941053 0.400735 0.223755
v 0.440212 0.168045 -0.270135
v 0.345207 -0.264156 -0.826835
v -1.924895 0.618576 0.713217
v 0.276855 0.249768 0.642081
v -0.039568 0.010582 1.355601
v -0.453101 -0.305266 -0.419743
v 0.056680 -0.270451 -0.087516
v 0.257024 -0.824605 0.034219
v -0.047698 0.959569 1.221044
v -0.250240 -0.024068 0.335650
v -0.847157 0.561358 0.323674
v 1.177318 0.359104 -0.117050
v -0.780855 -0.744507 1.271846
v -0.925030 -0.335343 0.594858
v 1.552526 -0.570067 0.679151
v 0.366491 -0.847022 0.512634
v -0.728217 -0.523162 -0.149022
v 0.718755 -0.217913 0.253830
v -1.535713 0.541230 0.668314
v 0.581727 0.531033 -1.215852
v 0.042289 0.308337 1.743528
v -1.354776 0.069670 -0.253833
v 0.097132 -0.275298 -1.098494
v 0.619419 -0.035875 0.013139
v -0.504412 0.244055 0.561472
v -0.339350 -0.368983 -1.437599
v 0.128929 -0.852140 0.580410
v 0.413675 -1.066863 0.159188
v -0.974097 -0.043981 0.159190
v 0.860190 -0.776101 -0.644072
v -0.491397 1.445700 1.226820
v -0.878149 0.551622 -0.349818
v 0.640400 0.464348 -0.354571
v -0.565632 0.137730 0.172113
v 0.798741 0.334782 0.705843
v 0.630785 0.570572 0.495485
v -0.457099 0.012139 0.996559
v 0.665726 -1.350897 0.303061
v -0.173107 0.431498 1.377612
v 0.633411 0.110848 -1.130821
v -1.011522 -0.103369 0.043177
v -0.447973 0.540448 1.283003
v -0.871270 -0.736488 1.049165
v -0.767260 0.090181 -0.253493
v -1.338755 -0.078106 1.363692
v 0.423037 -0.904061 0.486663
v -0.276607 0.239929 -1.182272
v 0.108193 0.032989 0.659642
v -0.818114 -0.614094 0.549526
v 0.105401 -0.465813 0.547502
v -1.387182 -0.682451 0.698120
v -1.244077 0.392215 0.890797
v -0.190009 0.161766 -0.999610
v 1.302183 -0.167330 -0.788406
v -0.103427 0.728487 -1.054659
v -0.460159 -0.240866 0.154096
v 0.673425 -0.365185 0.194501
v -1.012113 0.735750 -0.898475
v -0.013096 -0.475297 0.847948
v -1.164430 -0.096877 1.041787
v 0.571926 0.724751 1.480259
v 0.561172 0.723007 0.735215
v 0.297198 0.593116 1.035198
v -0.491001 0.520276 -0.557062
v -0.799840 0.399742 -0.194548
v -0.082736 -1.025166 1.195672
v -1.163934 1.370498 -0.643666
v 0.023994 0.999379 -0.160918
v -0.668687 0.240834 -0.246010
v 0.536813 0.253981 0.533063
v -0.343250 -0.132964 1.038118
v 1.060625 -0.872602 -0.300739
v 0.098674 0.863553 0.743836
v 0.044733 -0.267996 -1.312234
v -0.820350 0.311629 0.676185
v 0.149640 0.500572 0.166726
v 0.787331 -0.542155 -0.213376
v 0.300003 0.566560 0.980278
v -0.244404 0.160554 -0.211334
v -0.361077 -0.476815 1.272876
v -1.306633 -0.843923 0.061236
v -1.050442 0.837872 -0.363576
v -0.133818 0.257564 -0.266835
v -0.891038 0.255206 1.471705
v -0.962335 1.164708 0.219134
v 0.587584 -0.009198 0.827349
v -0.227096 -0.660459 1.728796
v 1.153473 0.176069 0.853826
v 0.160680 -1.016355 -0.322285
v -1.104180 -0.438744 -0.794102
v -0.879277 0.325394 -1.051827
v 0.018370 -0.489649 0.873253
v 0.376571 -1.247919 0.543620
v -1.749812 -0.348972 1.336509
v -1.118096 0.246946 0.457663
v -1.040903 -0.087151 0.020138
v 0.487494 0.911047 1.154449
v -0.000114 -0.431038 0.048697
v 0.975245 -0.373909 -0.716268
v 1.221499 -0.570522 0.163187
v 0.445220 -1.677611 -0.042463
v -0.202116 0.133804 0.653893
v -1.180886 0.192889 0.417636
v -0.647335 0.832036 1.397626
v -1.782591 0.172137 0.222547
v 0.196270 -1.442968 0.317124
v -1.079419 -0.079081 0.273647
v -1.199073 0.410913 1.280568
v -0.392872 0.109354 -0.332847
v -0.994587 0.008658 0.839905
v -1.836273 -0.509295 1.209150
v -0.573149 0.310742 -0.645848
v -0.332397 1.185157 0.540432
v -0.268179 -0.261532 0.575825
v 0.574016 -0.599750 0.148260
v -0.523295 -0.020063 0.963123
v -0.735003 0.388562 0.397064
v -0.881805 0.022345 0.930857
v -1.779749 0.108484 0.411451
v -1.164927 -0.042791 -0.550123
v 0.940458 -0.623829 -0.148459
v 0.639580 -1.015092 0.706920
v -0.309502 0.327846 0.914112
v 1.702348 -0.083719 0.506523
v 0.675235 -0.948483 -0.784403
v -0.591905 -0.623455 0.498545
v -1.098513 -0.853258 -0.374186
v -0.875116 0.412092 -0.235626
v 0.162398 0.364608 0.449688
v 0.349965 -1.771067 0.046084
v -0.132134 -0.116621 0.196251
v -0.159534 -0.168137 0.530309
v -0.022845 0.437246 0.768416
v 0.689556 -0.677240 0.293013
v -0.525094 -0.016865 -0.115387
v 0.094676 0.118716 -1.338138
v 0.363221 -1.175177 0.192404
v 0.869139 -0.458348 -1.043384
v -0.942131 0.324958 -0.533291
v -0.809726 -0.758198 0.659198
v -0.618410 -0.536809 1.190454
v -0.897950 -0.736808 0.023303
v 1.064727 -0.750022 0.335408
v -0.064409 -1.868465 0.545906
v 0.731688 -0.219073 -1.177449
v 0.059945 0.147695 1.041441
v -0.609665 0.511330 -0.628295
v -0.265387 -0.998779 -0.137440
v -0.520242 -0.011448 -0.779313
v 0.638101 -0.297390 0.882157
v -0.894112 0.391573 0.664182
v -1.533403 0.342869 0.025041
v 0.275730 -0.377261 1.443627
v -0.823375 -0.023693 0.962000
v -1.532272 -0.286881 1.402935
v -0.826101 0.036454 0.418438
v 1.475783 -0.578269 0.765283
v -0.342649 0.078584 -0.975561
v -0.273485 -0.493593 1.100015
v 0.072484 0.121552 0.878683
v 0.769930 0.158388 -0.070283
v 0.142297 -0.406727 -0.996761
v -0.590284 -0.336512 0.391449
v 0.125801 0.768113 -0.692769
v 0.936795 -1.148497 0.540636
v -1.144993 -0.157899 1.164371
v -1.518359 0.601322 0.738528
v 0.213479 -0.106946 1.170287
v -0.895164 -0.359301 1.097697
v -0.365543 0.159321 1.342416
v -0.137623 0.637863 1.061118
v 0.531470 0.001541 0.195711
v -0.598985 0.597800 1.007067
v 0.651910 -1.107687 0.029713
v -0.021323 0.337339 1.180067
v 0.910009 -1.226895 0.110493
v 0.201182 0.762000 0.331547
v 1.102508 -0.897114 0.279067
v -0.268547 -0.727878 -0.215849
v -0.153380 0.946319 1.180406
v -0.698713 -1.001656 0.906591
v 0.094266 -1.634882 -0.461321
v 0.312642 -1.026774 0.199283
v -1.403571 -0.031839 0.939486
v 0.032710 -0.714061 -0.131508
v -0.916970 -0.554168 0.557676
v 0.142666 0.225031 -0.212049
v -0.016419 0.042689 -0.501612
v -0.674882 0.561396 0.818806
v -0.545960 0.597232 -1.153084
v -2.021811 -0.010392 0.613719
v 0.494766 -0.790975 0.855017
v 0.017099 0.145271 1.389547
v -0.547187 0.200384 0.013953
v 0.288162 -0.540432 0.772129
v -0.277417 -1.493106 -0.409551
v 0.294792 -1.095999 0.015094
v -0.111558 -0.131886 -0.009673
v 0.374452 -0.586874 1.290695
v -0.609665 0.098621 0.604804
v -1.219321 0.510689 -0.157908
v -0.110619 0.295460 -0.929688
v -1.157862 -0.599389 -0.198646
v -0.237593 -0.550476 -0.456437
v 0.287987 -0.688684 0.047407
v 0.830540 -0.572005 -0.395945
v -0.846796 0.403728 -1.144358
v 0.845048 -0.652765 0.708948
v -0.538404 0.132503 0.454873
v 0.654957 -0.944811 -0.987332
v -0.158851 0.618256 1.070976
v -0.460418 -0.516126 0.937041
v -0.163391 1.091892 0.515205
v -0.203538 0.733179 0.197331
v 0.620264 0.293400 0.463661
v -0.167504 0.769288 -0.310339
v -0.921348 0.152502 1.061654
v -0.914853 -0.739875 1.204057
v -1.076080 -0.341982 0.913254
v -0.848109 -0.668947 1.129726
v -0.787223 0.802768 -1.192617
v -1.299595 0.079594 0.122819
v 0.280286 -0.686834 0.051534
v -0.120246 1.392187 0.780081
v 0.931701 -0.125559 -0.065280
v 0.316585 0.867838 -0.535027
v -0.358089 -0.433166 0.566852
v -1.200378 -0.197485 1.111450
v -0.950426 0.372463 0.004321
v -0.399405 -0.149161 0.441942
v -0.022793 -0.064768 -0.434876
v 0.448055 -0.215144 0.265599
v -0.249567 -0.312630 0.903782
v 1.139732 -0.746774 -0.232960
v -0.016378 0.910089 0.775759
v -0.734977 0.091698 -0.809321
v -1.354538 -0.029930 0.283381
v 0.438281 -0.149154 0.570183
v 0.777574 -0.524117 0.875107
v 1.447085 -0.048022 0.419299
v -1.046869 1.037745 0.899731
v -0.551034 0.233026 0.481154
v 0.795418 -1.038395 -0.096155
v 0.490393 -0.515029 -0.262438
v -1.017135 1.077602 0.276375
v -0.906423 0.437975 1.342837
v -0.490083 0.776014 -0.373293
v -1.466591 -0.732278 -0.340899
v -0.717468 0.393324 0.408195
v -0.478608 0.599943 0.740307
v -0.834552 0.048347 -0.076030
v -1.558718 0.641796 0.651766
v -0.833542 -0.502343 -1.398355
v -1.200490 0.838841 -0.703744
v -0.503463 -0.372359 -0.690348
v 0.437982 -1.037622 -0.222649
v -1.646657 -0.101477 0.879665
v -0.958096 0.603887 0.861964
v -0.541783 -1.123542 0.646237
v -1.779080 0.243810 0.100452
v 1.665762 -0.322137 0.433082
v 0.229897 -1.459952 0.318078
v 0.213388 -0.788240 -1.056571
v 0.238808 -0.502440 0.564853
v -0.862637 0.816788 -1.057364
v -0.417010 0.089339 0.573049
v -0.907057 -0.248132 -0.209844
v -1.079699 -0.180671 1.066440
v -0.471784 1.540220 -0.414805
v 0.023704 -1.246233 0.366221
v -1.192486 0.112624 1.008412
v -0.974588 0.395754 -1.244900
v -0.451865 -0.066628 -0.271117
v -0.010517 -0.839901 0.948088
v -0.719400 0.866459 0.287407
v -1.184864 0.529991 0.529166
v -0.213482 -1.101635 0.746811
v 1.288558 0.323442 0.245007
v -0.769141 -0.036038 0.554163
v 0.341288 -0.882902 0.392350
v -0.595438 0.793675 -0.301423
v -0.752289 0.315142 0.963878
v -0.676946 0.315749 0.785280
v -0.836934 0.649417 1.504399
v 0.901862 -0.365881 -0.992149
v -1.100027 -0.013049 0.923407
v -0.406712 -0.238524 0.138574
v 0.791228 -0.383168 0.012270
v -0.786455 0.537068 1.137642
v 0.363436 -1.380520 1.108323
v 0.218139 -0.446725 1.738415
v -0.321943 0.667807 0.691699
v 1.649338 0.207894 0.752144
v -0.079392 -0.961719 0.319017
v 0.558578 0.689887 1.504270
v 0.971181 -0.331397 0.747073
v 0.878799 -0.445735 -0.434434
v -0.389092 0.231787 -1.479828
v -0.613574 0.753634 -0.800299
v 1.335887 -0.208001 0.002009
v 0.094186 0.301941 -1.238187
v -0.567836 -0.254460 1.123013
v 0.956999 -0.830893 -0.600270
v -0.640346 1.193877 0.716785
v -0.155983 1.275192 0.252789
v 0.950182 -0.746303 0.297112
v 0.317021 -0.531772 -0.483097
v -0.343737 -1.585664 1.000235
v -0.508746 0.016349 -1.540758
v 0.622297 -1.228102 0.513340
v 0.287447 0.338282 0.971956
v -0.919290 -0.358876 1.110736
v -0.066844 -0.719420 1.398817
v -0.740167 -0.486663 0.876760
v 0.350280 0.092591 1.215484
v -0.343393 0.049267 0.423709
v -0.616661 -0.516252 1.516422
v -0.354030 0.947357 1.161914
v 0.639054 -1.754201 -0.854847
v -1.026520 -0.257143 0.438035
v 0.160594 -1.038709 1.120381
v 0.254618 0.428713 -0.505107
v -0.450528 1.386983 0.425251
v 0.857588 0.308578 1.087456
v -1.142218 -0.628868 0.675813
v -0.258605 0.185680 -0.370342
v 0.878065 -0.473036 0.588364
v 0.035131 -0.412788 0.886157
v 0.826376 -0.506748 0.112201
v 0.611453 -0.737763 -0.494465
v 0.132041 0.015630 0.310335
v -0.276872 -0.006902 -0.836758
v -1.283333 0.297578 -0.509806
v -0.329347 0.300215 -0.627285
v -0.818619 0.291773 0.921180
v 0.630555 0.138831 0.365760
v -1.124955 0.831258 0.272804
v 0.244100 0.380914 -0.520195
v -1.323603 1.142300 0.339028
v -0.697386 0.207151 -0.579514
v -1.220237 0.360306 0.121626
v -0.047326 0.566602 -0.333694
v -0.223734 -0.399115 -0.029570
v 1.074015 -0.219124 -0.338800
v -0.559682 -0.210370 1.247303
v 0.413240 -1.127802 -0.195530
v -0.087980 -0.897075 1.484532
v -0.682945 0.963003 0.895284
v 0.197005 -0.309636 1.062540
v 0.937741 -0.935107 1.040486
v 0.434255 1.086034 0.880680
v -1.181326 0.615870 0.467382
v -0.815506 0.088895 -0.113761
v -0.412409 0.022308 -0.978011
v -0.612436 0.187014 -0.339935
v 0.898063 -0.308913 0.688560
v 0.727899 -0.690119 0.655066
v 0.471746 -0.523342 0.545828
v -0.018370 0.809248 -0.545493
v -0.334049 0.151683 0.194563
v 1.292134 -0.766867 0.132758
v -0.621641 -0.655884 0.658161
v -0.223378 0.404475 0.021375
v -0.665352 -0.188937 -0.281201
v -0.792134 0.064953 0.414674
v -0.271116 -0.388164 -0.986810
v 0.394638 1.193012 0.080345
v -1.234222 -0.074253 0.086246
v 0.880780 -0.359825 0.520985
v -1.406128 0.021593 1.591545
v 0.816082 -0.808612 0.578874
v 1.691680 -0.373362 -0.422155
v -0.905656 -0.594866 1.632363
v -1.511682 -0.458404 0.860564
v 0.328552 -1.765160 0.024675
v 0.051102 0.355454 0.640436
v -0.824556 0.448896 -0.895575
v 0.269423 -0.407431 -0.373336
v 0.469948 0.032812 -0.139962
v -0.471558 0.135571 0.280269
v -1.242571 0.749987 0.418023
v 0.138541 0.055517 1.152109
v 0.053274 -0.863744 0.256164
v -0.057775 -0.761554 0.910963
v 0.743836 -0.098674 -0.863553
v -1.234071 0.665547 0.419454
v -0.494804 0.245834 0.988700
v -0.666832 0.370000 -0.727389
v 0.936789 -0.730590 -0.649569
v 0.401201 0.565411 0.377049
v -0.504852 0.531635 0.310412
v -0.020005 -0.607757 1.201216
v 0.226777 0.977729 -0.307817
v -0.575030 -0.527399 1.049551
v 0.763599 -1.369062 0.144555
v 1.271053 -0.895163 -0.018744
v -0.891016 -0.315443 0.373955
v 0.366124 -0.245277 1.193289
v -0.511182 -0.419767 -0.017642
v -1.589711 0.497507 0.722656
v 0.152480 0.139134 0.671630
v -0.781310 1.195128 0.687288
v -1.257100 0.242525 -0.496448
v -1.164047 0.462376 0.134121
v -0.894826 0.583952 0.274866
v 0.343541 -0.300806 -0.363506
v -0.425566 0.066967 0.737926
v -0.853456 1.260399 -0.297024
v -0.418949 -0.340829 1.485006
v 0.415659 0.378583 0.928855
v -0.870968 -0.378483 1.072305
v 0.021806 -1.330900 0.723784
v -1.026941 0.572741 -0.411949
v 0.730125 -0.822395 0.274258
v -1.053576 0.171889 0.535044
v -0.868105 0.435198 0.748633
v -0.138549 0.535475 -1.740775
v -0.598862 0.222815 0.637021
v 0.638473 0.041299 1.042133
v -0.854264 -0.036739 1.218691
v 0.774657 -0.238801 0.581800
v 0.616365 -1.494297 -0.244640
v -0.663707 0.793787 1.191122
v 0.776612 -0.756591 0.293675
v -1.091654 -0.474499 -0.790703
v 0.540469 -1.019992 -0.268277
v 0.706265 -1.204080 -0.939479
v 0.365182 0.040721 -0.025964
v -0.707817 0.458337 -1.472891
v -0.587981 -0.349821 -1.062459
v 0.302555 -1.406943 0.005129
v 0.671156 -0.500442 0.099418
v 0.107903 -1.775280 -0.800600
v -1.512025 -0.551600 0.633542
v -0.593404 -0.462581 0.835995
v -1.009167 0.184758 0.683390
v 0.038962 0.612590 0.399282
v 0.387917 -0.542510 0.340062
v 0.072840 -1.034050 1.174952
v -0.573045 0.277276 -1.186107
v 1.467411 -0.771745 0.401690
v 0.289312 0.007787 -0.711297
v -0.632753 -0.147037 0.160220
v -0.541386 0.191582 1.262404
v 0.208262 -0.888142 -0.321561
v 0.231744 -0.111166 -0.046386
v -1.014236 -0.542553 0.684624
v 0.101195 1.033732 1.085428
v -1.091956 -0.338005 1.663900
v 0.233874 -1.119287 0.062832
v -1.074464 0.127245 1.241719
v -0.684911 -0.114654 -0.992579
v 0.618123 0.235494 -0.232602
v -0.067205 0.236754 0.854365
v 0.447140 -0.627128 -0.373962
v 0.004017 -0.202391 0.588159
v -0.544261 -0.179605 -1.098671
v -0.144399 -0.642269 0.157855
v -0.534015 0.072279 1.172461
v 0.553884 -0.702164 1.104944
v -0.176198 -0.007920 0.120533
v -0.263907 -0.663799 1.349213
v 0.900541 -0.761149 -0.013603
v -1.326634 -0.257470 0.864344
v -1.110573 0.582868 0.967894
v -0.891259 0.077858 0.256766
v -0.758111 0.436334 -0.394677
v -0.909166 -0.288071 1.990287
v 0.907933 -0.749217 0.828876
v 0.577260 -1.154213 -0.446065
v -0.176887 0.599518 -1.414114
v -1.145017 0.449903 0.122329
v 0.151277 -0.692467 -0.593215
v 0.623105 -1.144248 0.608077
v 0.281894 -1.377826 0.522159
v 0.053485 -0.252230 1.362332
v -1.462654 -0.318182 -0.350599
v -0.475343 -0.159437 -0.118513
v -0.299617 0.384000 1.049505
v -0.047640 1.298683 0.906134
v -0.045524 0.457029 0.801944
v 0.330101 -0.873082 0.501241
v 0.291935 -1.130264 -0.568817
v -0.911774 0.297538 -0.666628
v -0.123109 0.412133 -0.334825
v -1.027362 -0.240604 1.670431
v 0.523372 -0.473168 1.267562
v -0.610700 0.790229 -0.368634
v -0.322215 0.119057 0.138342
v -0.233927 0.349831 1.103987
v -0.038962 0.612591 0.399282
v 0.501069 -0.879240 -0.606402
v -1.198648 -0.744034 1.866299
v 0.599301 0.037589 0.166569
v -1.143066 0.397112 1.070582
v 0.891768 -0.589255 -0.571771
v 0.099948 1.060848 1.025228
v -0.420900 1.740635 -0.077703
v -0.286379 -0.617652 0.269242
v 0.775325 -0.218619 0.308102
v 0.868346 0.515820 0.434570
v -0.252344 -0.565541 -1.567249
v 1.083472 -0.228816 -0.378556
v -0.831887 1.452373 -0.106125
v 0.471814 0.015969 0.194678
v 0.746721 -0.582805 0.308990
v -1.168691 0.532288 0.069927
v 1.489703 -0.292464 0.463280
v -0.692775 -0.830477 0.703869
v 1.122393 0.573650 1.179788
v 0.055871 0.117472 -1.055833
v -1.118000 0.334574 -0.077774
v -0.347890 1.091647 -0.375992
v -0.700243 1.044941 -0.280946
v -0.901403 -0.291655 0.743358
v -0.663798 -1.202110 -0.566326
v -0.895984 -0.856789 -1.081796
v -0.364798 1.119023 1.045632
v 0.525935 -0.426284 0.371727
v -0.177166 -0.619033 -0.490444
v 0.488401 -0.808665 -0.000813
v -0.423842 0.286863 0.263353
v -0.037568 1.017873 -0.184693
v -1.298505 -0.122202 0.806705
v -0.060167 0.896823 -0.873664
v 1.430042 0.274366 -0.373068
v 1.305400 -0.765029 0.042170
v 1.062028 -0.181149 -0.276636
v -1.460428 0.362569 -0.179327
v -0.745239 -0.125003 1.294524
v -1.211176 0.325820 1.107408
v 0.290527 0.849930 1.381684
v -1.245129 -0.429118 -0.611294
v 1.516593 0.219702 0.505253
v 0.642261 0.238535 0.842300
v -0.847375 0.344755 0.686014
v 0.487083 -0.522939 0.354413
v 0.540079 -0.993769 0.256717
v -0.112657 -0.842495 -0.780292
v -0.537900 -0.294194 0.761861
v -0.366591 1.001558 -0.173627
v -0.299479 -1.047388 0.186478
v 0.155772 -0.746753 -0.056486
v -0.265271 0.165873 0.723514
v 1.411705 0.051338 0.556095
v -0.344674 1.419742 0.058771
v -0.506925 -0.166446 0.686023
v -0.824388 -0.921926 0.642357
v 0.572435 -0.886986 1.150639
v 0.809168 -1.233265 -0.342125
v -0.672697 -0.475983 1.464393
v 0.013969 0.690347 0.173516
v 0.664757 -0.613129 -1.337770
v -0.465496 -1.014247 -0.282480
v 0.140584 -0.154928 -0.128133
v 0.339465 -1.131649 0.284512
v -0.543288 -0.551567 0.521284
v 0.119679 -0.108772 -0.334389
v -0.292367 -1.254758 0.700453
v -0.942038 0.698421 0.603445
v -0.262782 0.071721 -1.348580
v -0.088416 -0.947592 0.040259
v -0.980785 -0.335578 0.741176
v -0.965038 0.338536 -0.163395
v 0.075339 0.213248 1.390399
v -1.081809 -0.216000 0.527284
v 1.400514 -0.553252 0.539051
v -0.452397 1.061606 -0.194831
v -0.670686 0.185690 -0.175695
v -0.343158 -0.010519 -1.267872
v 1.174136 -0.987016 0.198249
v 0.777235 -0.812625 0.449174
v 0.177181 -0.085058 -0.373821
v -1.419449 -0.179746 -0.375012
v -0.329847 -0.137274 1.192760
v 1.134214 -0.250922 -0.644032
v -0.059067 -0.423960 1.299614
v 0.534812 -0.674560 1.124608
v -0.285632 -0.018066 0.789412
v -0.621270 -0.501727 0.601182
v -0.984530 0.145888 0.706703
v -0.911093 0.773171 1.572020
v -0.640878 -0.222135 -0.202864
v 0.191769 -1.095789 0.686289
v -0.464249 0.549706 -1.209877
v -0.675408 -1.119267 0.063631
v 0.317741 -0.676652 0.310334
v -0.230516 0.995495 -1.147089
v -1.362968 -0.743304 0.667304
v 0.327229 -0.844707 -0.530574
v 0.995495 -1.147089 -0.230516
v -1.053897 0.055409 0.723901
v 0.493387 1.009316 1.110361
v 0.869844 -0.678748 0.683172
v -0.094250 -0.799254 0.442470
v -0.415589 -0.808393 0.101431
v -0.970230 0.314173 0.498290
v -0.298785 0.133185 -0.242498
v -0.600233 0.582054 0.020486
v -0.360855 -0.125645 -0.460204
v -0.325422 0.015422 1.698507
v 0.121637 -0.309989 1.488049
v 1.335221 0.531934 0.836094
v -0.308605 0.508023 0.348415
v 0.069796 0.389809 0.404988
v 0.825817 0.567683 0.699917
v -1.007026 -0.099686 1.373982
v 0.305590 -1.099599 0.874740
v 0.014651 -0.974004 -0.385251
v -0.306603 0.326659 -0.129156
v -1.072432 -0.687105 -0.825406
v -1.248532 -0.000759 -0.949125
v -1.328492 0.186919 0.612531
v -1.083009 -0.556910 0.960892
v 0.030949 0.071581 -1.040569
v 1.224247 -0.600689 0.516365
v -1.128232 -0.050843 0.664738
v -1.216853 0.577717 -0.510205
v -0.067991 -0.804930 1.096917
v -0.740946 -0.034904 0.914728
v -0.337700 1.160543 0.205540
v -0.379795 -0.019235 -0.166366
v -0.679702 0.161774 1.281300
v -0.068613 0.404242 1.230298
v -0.177624 0.302713 1.185136
v 0.539379 -0.033670 0.097151
v 0.609831 0.292435 1.046819
v 0.120033 -0.254734 0.491810
v -0.932910 -0.735798 -0.641213
v -0.887022 -0.790022 1.034728
v -0.720651 0.290804 -0.161502
v 1.498858 -0.021692 0.136295
v -0.709318 0.517559 0.664973
v -0.894655 -0.223502 0.744075
v 0.330581 0.011843 -1.070852
v -0.734190 0.702649 0.904556
v 0.648812 -0.909949 1.098821
v -0.900866 0.336383 -1.000643
v -0.702885 -1.348761 0.980720
v 1.000492 -0.245716 0.106030
v -0.428097 0.524691 1.243532
v -1.045434 0.327619 0.629483
v -0.963490 -0.815938 1.125425
v -0.437645 -0.264319 0.391065
v -0.529584 -0.681721 1.549120
v -0.640234 0.268015 0.325699
v -0.223786 0.322536 1.033138
v 0.233554 -0.187610 0.616980
v -0.027652 0.015758 1.083678
v 0.647082 0.265869 0.395999
v -0.547906 -0.516485 1.210019
v -0.297947 0.267947 0.613442
v 1.522241 -0.740083 0.307259
v 0.879810 -1.495203 0.081385
v -0.660978 -0.098700 1.202571
v 0.206604 0.161816 0.248615
v -1.040017 -0.744830 1.585328
v -0.150034 0.769526 -0.145598
v 0.103452 0.787719 -0.811296
v -1.634318 -0.274909 0.139243
v -0.227507 0.709962 -1.009191
v 0.012199 -0.173253 -1.439304
v 1.804017 0.026634 0.232789
v 0.087105 0.089195 0.832811
v -0.853677 1.442880 -0.062700
v -0.443458 0.167494 0.532124
v 0.545960 -0.597232 -1.153084
v -0.456150 -0.377799 -0.025670
v -1.108173 -0.258803 0.986761
v 0.944030 0.091091 -0.785566
v 0.746099 0.367380 0.747660
v -0.983886 0.255932 0.641710
v 0.867202 -1.397138 0.543944
v -0.203263 0.169123 0.674368
v 0.040089 -0.868053 -0.862519
v -1.116687 -0.178844 0.226882
v 1.155605 0.498660 -0.462407
v 1.216853 -0.577717 -0.510205
v -0.379497 0.022692 0.473285
v -0.604978 -1.000234 0.082556
v -0.609007 0.840439 0.316504
v -0.137310 -0.361795 -0.134781
v -1.299131 1.173944 -0.366222
v 0.511944 -0.838635 0.642633
v -1.149364 0.311522 0.469492
v -0.892649 -0.811446 -1.143247
v 1.081044 -0.878995 0.873849
v -0.679575 0.063299 0.827911
v -0.525208 -0.454111 0.277485
v -0.986600 -0.249664 0.725360
v -0.909702 -0.158205 0.334475
v 0.166192 0.338775 1.144083
v -1.377757 -0.226734 1.322234
v -0.974082 -1.161102 -0.225109
v 0.386200 -1.807540 -0.381061
v 0.138533 0.863945 0.081682
v -0.165961 0.215877 1.191810
v 0.730297 -1.221835 0.890879
v 0.202367 -0.422141 0.377374
v -0.220458 0.709711 -0.266862
v 0.135472 -0.332028 -0.831146
v -0.982833 0.962747 0.880521
v -0.951924 -0.119297 1.705380
v -0.192025 0.656810 -0.484810
v -0.079911 0.393430 -0.805570
v -0.553709 0.256473 0.840247
v 0.870986 -0.016451 0.446963
v -0.123925 -1.594357 -0.157033
v 0.041195 -0.457165 0.890856
v 0.637425 -0.656438 -0.209415
v -0.590834 0.251576 0.693408
v -1.451874 0.860615 0.361705
v -0.240446 0.238381 0.037945
v -0.525460 0.999166 -0.581159
v -0.395418 -0.527999 -0.637232
v -0.579334 -0.233210 0.734569
v 0.438181 0.435271 -0.749060
v -0.593640 -1.417747 -0.167376
v -0.379258 0.842804 -1.394706
v 0.034505 -1.564696 0.626253
v 0.070237 -0.591942 -0.426797
v -0.388013 0.386686 -0.947750
v 0.350210 -0.127793 1.229850
v -0.453686 0.347109 -0.864432
v 0.197747 0.609484 -1.563510
v 0.958743 -0.933608 0.930210
v 0.010903 0.521873 0.439264
v -0.032668 -0.513024 0.191335
v 0.098988 -0.006676 0.309328
v -0.218048 0.352187 -1.104986
v -0.191635 0.138959 -1.254703
v -1.217305 -0.580830 -0.528684
v -0.897225 0.119819 -1.336352
v 0.009017 -0.809123 0.582599
v -0.262943 -1.073628 0.018647
v 0.161302 -1.430153 0.672433
v -1.513984 -0.626779 0.829371
v -0.377021 -1.415273 -0.804910
v -0.032927 1.362352 1.115481
v -0.960117 -1.192317 1.020095
v 0.841569 -1.206190 0.365709
v 1.351136 0.189050 -0.044969
v -0.602269 0.358809 -0.312481
v 0.237205 0.758963 0.686465
v 0.055817 -0.583355 0.591325
v -0.960304 -0.302367 0.984330
v -0.865708 0.826403 0.584290
v -0.277492 1.128270 0.225981
v -0.142168 -0.036659 0.745992
v -1.373605 -0.406588 0.313271
v 0.354174 -0.695135 0.862521
v 0.788106 -0.457720 -0.608525
v -0.975077 0.136323 0.158142
v -0.215761 -1.334345 0.015585
v -0.643283 0.533254 1.102273
v 1.286020 -1.049272 0.409402
v -0.569366 -0.091329 0.641352
v -0.701135 -0.282008 0.218202
v 0.159191 0.357170 -1.186252
v -0.346457 1.115651 -0.842667
v 1.001335 -0.238842 0.072730
v 0.394040 -0.240841 0.695149
v -0.158354 0.997953 -0.898098
v -1.974305 -0.984925 0.975893
v -0.368363 0.022538 0.839422
v -1.152917 -0.160545 0.321186
v 0.079900 -0.317096 1.253733
v 0.279018 -0.366489 0.292289
v 1.072068 0.007699 0.709543
v -0.057217 -1.664396 -0.158747
v -0.180173 0.014871 -1.271087
v -0.345874 0.361801 1.438132
v 0.000000 0.842193 0.308840
v -0.860435 -0.099398 0.346057
v -0.551766 -0.884884 1.192180
v -1.765630 -0.150509 0.671688
v -0.013934 -1.560094 -0.563610
v 0.771642 0.266085 0.135103
v 1.143620 -0.094285 0.399580
v 0.550871 -0.351562 -0.869478
v 0.788128 0.345776 0.737264
v 0.333209 -0.378060 0.110694
v -0.382553 1.488046 0.786254
v 0.827648 -0.322036 0.634835
v 1.315231 -0.787448 0.038501
v -0.363924 -0.459593 0.092420
v -1.493540 0.029817 0.505250
v 1.331457 -0.229525 0.772297
v 0.329264 1.155157 0.878303
v -0.653793 -0.661956 0.454943
v 0.370387 0.234288 -1.536183
v -0.849073 0.786454 -0.627464
v -0.610536 -0.124263 -1.106724
v -0.378809 0.348102 1.041846
v 0.963245 -1.057806 0.581006
v 0.475153 -0.359491 0.146547
v 0.480651 -1.026281 -0.780819
v 0.738042 -0.842548 0.386189
v 0.313043 -0.668750 0.304750
v 0.350851 -0.695514 -0.861921
v -0.286413 -0.224226 0.684495
v -0.146024 0.847983 1.350003
v 0.131484 -1.444755 -0.171784
v 0.059793 0.039564 0.027017
v 0.407484 -0.804233 0.290007
v -0.772475 0.727100 0.381128
v 0.420757 0.145237 1.262103
v -0.027757 -0.365630 0.853322
v -1.190609 0.699717 0.908593
v 0.145681 -1.466018 0.031415
v -0.135061 0.409505 1.145917
v -0.643407 0.103504 -0.857133
v -0.995584 -1.131071 1.171975
v 1.100742 -0.173964 0.257340
v 1.233315 -0.916641 0.725644
v 0.452244 -1.236832 0.515240
v 0.818582 0.027869 -0.052545
v -0.025477 -0.962544 0.838174
v 0.023155 0.146850 0.551083
v -0.943300 0.782601 1.129522
v -0.226253 -0.192268 0.893494
v -0.670664 0.581255 0.958520
v 0.306382 -0.372008 -0.383086
v -0.747347 1.356901 -0.320363
v 0.921955 -0.659607 0.485710
v -0.351926 1.104070 -0.817083
v -0.221900 -1.378063 0.002173
v 0.924141 -0.954993 -0.943426
v 0.004648 1.378257 1.114008
v 0.048459 -0.781346 -0.603738
v 1.321026 -0.874732 0.648169
v 0.642271 -0.483626 -0.071224
v -0.751054 1.040745 -0.119539
v -0.328829 -1.043265 -0.883331
v 1.154857 0.148530 0.969753
v 0.420142 0.936596 0.754282
v -0.137269 -0.093169 -1.225429
v -0.361455 -0.675809 0.375851
v -1.046276 0.216354 0.334281
v -0.578296 0.595258 0.024578
v -0.215849 -0.268547 0.727878
v 0.674708 -1.852764 -0.534861
v -0.669534 -0.817788 0.755462
v -0.387087 0.872883 0.459122
v -0.460498 0.294240 -1.539155
v -0.005187 0.843449 -0.797138
v -0.056483 -0.901492 1.459091
v -0.466433 1.001247 -0.634434
v -1.001427 -0.168059 0.235473
v -1.133494 0.431502 0.127730
v -0.492913 0.590874 -1.226673
v -0.933194 -0.259814 0.751161
v -0.693408 0.590834 -0.251576
v 0.137084 0.201770 1.010384
v 0.703252 -0.949924 0.263406
v -0.199161 -1.286129 0.810871
v -0.509212 -0.900807 -0.580761
v -1.336845 -0.294124 -0.022774
v 1.033648 -0.864037 0.339334
v -0.505132 -1.450150 0.043214
v 0.053660 -1.119621 0.914688
v -1.053849 -0.113347 0.316752
v 0.356812 0.579876 -0.914370
v -0.395944 0.009563 0.837139
v -1.457539 0.631779 -0.153044
v -1.439410 -0.734995 0.813341
v -0.757172 0.788769 0.425824
v 0.028368 1.221557 0.798320
v 0.664342 0.414653 0.634748
v 1.480399 -0.390328 1.019028
v 0.713895 -0.863388 0.372584
v 0.267270 1.075342 0.137580
v -0.814575 0.618351 0.764097
v 1.034234 0.245403 -0.604263
v -1.150871 0.515689 -0.887382
v -0.723580 0.226044 0.435383
v -0.230517 1.112507 -0.316820
v -0.787893 0.058983 -0.384949
v -0.234187 0.229267 -0.732236
v 0.216825 0.146571 -0.802143
v 0.229543 0.043698 0.311957
v 0.320328 -0.039746 1.296479
v -0.710429 0.419656 -0.547131
v -1.317329 -0.238910 0.511964
v -0.040892 -0.669303 0.624088
v -1.270695 -0.314055 0.657281
v 0.093161 -0.805179 1.459825
v -1.488404 0.411222 0.214103
v -1.368200 -0.314429 -0.003880
v -0.093520 0.807868 1.302742
v -1.384400 0.689587 0.190341
v -0.061989 0.164005 0.758100
v -0.433939 0.519385 0.551652
v 0.791705 -0.671979 0.910574
v -0.156860 0.811407 -0.699524
v 0.392135 -0.689405 -0.943034
v 0.538016 -0.098694 1.272835
v 0.899738 0.014489 1.298049
v 0.685576 -0.932372 1.044490
v -1.232615 -0.015891 1.439793
v 0.016888 -0.248852 0.521465
v -0.281338 1.340318 -0.047508
v -0.660375 0.739720 0.699145
v -0.285858 1.373426 0.005424
v 0.377629 -0.764510 -0.107757
v -0.478590 -0.022665 0.929044
v -0.369847 -0.783304 -0.189673
v -0.653129 0.212495 0.582318
v -1.564396 -0.377559 1.038615
v 0.226598 -0.422395 -1.145083
v -1.018365 -1.130079 0.128475
v 0.053667 -0.984448 0.215626
v -0.465402 -0.066613 -0.021073
v 0.020058 -0.976949 0.799510
v -0.729342 0.371303 0.459964
v 0.596246 -2.010072 -0.900628
v -0.525536 -0.366478 -0.883367
v -0.584968 0.938874 -0.599183
v -0.844154 -0.742144 0.368681
v 0.049856 0.108340 0.479896
v -0.242427 -0.741216 -0.648052
v 0.139478 -0.613264 0.466032
v -0.444660 -0.430892 0.104804
v -0.027947 0.390695 -0.783067
v -1.224232 0.545533 0.664401
v -1.186118 -0.464345 -0.111615
v -0.832971 -0.023089 1.102406
v -1.183169 -0.478903 0.989731
v -0.394796 0.789182 0.382789
v -0.184830 0.456273 0.720894
v 1.295779 -0.082796 -0.040400
v -1.038970 -0.319535 0.393594
v 1.036905 -1.027097 0.025362
v -0.634337 -0.270323 0.252958
v -1.020476 -0.185109 -0.213547
v -0.101931 0.786639 -0.071155
v -0.248193 -0.479700 1.045282
v 0.507934 0.079745 -0.285452
v 0.182495 -0.555019 0.265714
v -1.054997 0.180692 0.281991
v -1.417381 -0.492780 0.946652
v 0.286134 -1.463735 0.779003
v -0.735133 0.887138 0.370585
v -0.053883 -0.169567 -0.533161
v 1.307248 0.319670 0.989194
v 0.093852 -0.244690 -1.283031
v -0.256160 -0.366532 0.650531
v -0.377120 0.553088 -0.830767
v -1.406720 -0.756277 0.830764
v -0.466852 0.298982 1.634738
v -0.953360 0.779901 -0.034953
v 1.149708 -0.557005 -0.001664
v 0.355200 0.613190 0.850305
v -0.755045 0.368630 0.640236
v -0.602966 0.579160 -0.145570
v 0.703323 -0.233790 0.260766
v -0.171554 -0.331447 -0.499949
v 0.575132 -0.645029 0.564419
v -0.222464 -1.005416 0.033974
v -1.481025 -0.480380 -0.888321
v -0.813641 -0.665024 0.827189
v 1.151272 0.499804 -0.466843
v 0.896467 -0.581825 0.299162
v 0.181950 -0.284243 1.058866
v -1.107873 -0.874392 0.398170
v -0.857140 0.444100 -0.870315
v 0.952844 -0.402061 -0.711250
v 0.498928 -1.303895 1.551769
v 0.235405 -0.393372 -0.277877
v -0.963914 -0.713937 1.184362
v -1.123138 -0.524397 0.609344
v -0.057623 0.068719 -0.418752
v 0.105856 -1.193213 0.479686
v -0.089132 0.903028 -0.663708
v -0.932657 -0.066794 0.145325
v 0.031443 0.667605 0.447860
v -0.885548 0.125477 1.225018
v 1.590230 0.600162 0.261912
v -0.053511 0.274508 -1.125236
v 0.412101 -0.815461 0.066137
v -0.546013 0.782360 -0.956456
v -1.111550 -0.627399 0.607795
v -0.062177 0.049635 -0.615805
v -1.234946 0.393769 0.960967
v -0.458993 0.549252 -1.258529
v 0.509860 0.484339 0.433494
v -1.195629 0.429339 0.767064
v -1.148627 0.828773 0.339095
v 0.488762 -1.277271 0.493276
v -0.873620 -0.688662 0.075180
v -0.055778 -0.928610 -0.317074
v -1.122138 0.137149 1.262743
v -0.613589 -0.746339 1.522120
v -0.145252 0.945507 0.300274
v -0.379638 0.982333 -0.286481
v -1.177497 0.172962 1.359095
v -1.146024 -0.243551 0.361193
v -0.232269 -0.055433 1.383210
v -0.272212 -0.181615 0.345389
v -0.327101 0.635394 0.228391
v 0.121666 0.523452 0.357417
v -0.223518 0.329197 -0.648173
v -1.041994 -0.152047 0.707943
v 0.326259 -1.728929 -0.005200
v 0.705087 0.358370 1.454149
v -0.050658 -0.358139 1.750923
v 0.020828 -0.305260 -1.345367
v 1.082826 -1.044551 0.084679
v -1.769881 0.153945 0.296817
v 0.490327 0.167941 1.529283
v -0.331601 0.890671 -1.243755
v 1.026408 -0.643235 0.620663
v 0.267008 -0.868512 0.592830
v -0.564117 0.074698 -0.344152
v -0.829488 -0.749599 0.404837
v 0.300233 -0.419914 0.683182
v -1.282907 -0.387020 0.612645
v -0.310072 -0.741381 0.957765
v -1.454697 -0.285997 1.087896
v -0.517926 -0.895077 1.218633
v 0.769152 -0.478123 1.447577
v 0.101013 -0.149420 0.579657
v -0.632252 0.096317 -0.614254
v -0.657381 -0.947174 0.349323
v -0.442027 0.002382 1.033324
v 0.383646 0.164294 -1.216797
v -0.218685 0.184218 0.873930
v 0.149908 0.399903 -1.203077
v 0.309307 1.237617 1.331706
v 0.564161 -1.078841 0.189619
v -1.282275 1.176077 -0.422486
v 1.531959 -0.103246 -0.289033
v 1.437522 0.198822 0.606755
v -0.910909 0.724445 -0.555019
v -0.179571 -0.727039 0.537366
v -0.916029 0.712597 -0.652718
v 1.344469 -0.383961 -0.149523
v 0.877599 -0.520108 0.274173
v 0.770490 0.244805 1.269287
v -1.534038 0.311521 0.417797
v 0.090487 -0.586971 1.207232
v -1.044658 0.449399 0.762645
v 0.782642 -0.296518 -0.228209
v -0.559528 -0.175475 0.367491
v -0.209049 0.707674 -0.972860
v 1.697748 -0.046794 0.523311
v -0.365860 -0.418516 -0.136978
v 0.632132 -0.953147 1.097561
v 0.518867 -0.245046 0.217277
v -1.038676 0.342295 0.847350
v 0.343091 0.924502 0.507264
v -0.150453 -0.199453 0.480272
v -0.768541 1.065886 0.919440
v -0.878293 0.377585 1.099362
v -1.252678 -0.409232 0.457741
v 0.373715 -1.852544 -0.558993
v -0.956419 -1.072167 1.249714
v -0.653250 0.206133 1.407402
v -0.546332 -0.559093 -1.184135
v -0.592905 0.612989 0.541925
v 1.372619 -0.576938 0.458493
v 0.269363 0.188124 -0.782421
v -1.335721 0.231902 0.366265
v -1.285275 0.025599 -0.825096
v -1.475640 -0.507565 1.477418
v -0.427189 0.240927 0.532240
v -1.191053 -0.454880 0.535814
v 0.907152 -0.315716 -1.053172
v -0.677026 0.524103 0.046224
v 0.175329 -0.772602 1.127652
v -0.210395 -0.084954 -0.173802
v -0.240197 0.548024 -0.604449
v -0.145123 0.606325 -1.382950
v 0.207232 0.060125 -0.094201
v -0.446065 -0.577260 -1.154213
v -0.339377 -0.669318 0.338498
v 0.120445 0.626546 -0.136410
v -1.053865 -0.640675 0.865658
v -0.861748 0.352534 0.322629
v 0.074606 -0.140618 0.962135
v 0.067303 0.112919 0.508164
v -1.372328 -0.228336 -0.061560
v -0.255044 0.247499 0.908956
v -0.732859 0.008114 0.869642
v 0.059713 -0.235281 -0.600618
v -0.587348 0.844993 -0.433611
v -0.392172 -0.656326 0.191825
v -0.013554 -0.190283 1.462091
v -0.752829 0.585774 0.944046
v 1.519580 -0.858550 0.695355
v -0.819292 0.296219 0.741463
v -1.130664 -0.085669 1.058753
v -0.938607 0.112044 0.763815
v -1.481171 0.283294 0.403228
v -0.008233 0.055322 1.252166
v -1.148242 -0.017668 0.632354
v 0.960451 0.665096 -0.221746
v -1.125974 0.461080 1.225202
v -0.511346 0.347904 -0.901902
v 1.411904 -0.396848 0.303303
v -1.314278 -0.306706 -0.040695
v -0.189341 0.712492 0.552792
v -0.123975 -0.076198 1.202295
v -0.560474 0.849981 0.099142
v -1.020364 0.024176 0.678594
v -1.464676 0.016725 0.815095
v -0.679438 -0.891256 1.409568
v -0.320382 0.149825 0.603142
v 1.099190 -0.494724 0.337114
v -1.329860 -0.133889 -0.043700
v -0.900499 0.692238 0.626052
v -0.478739 0.278137 1.585751
v -0.073223 -0.064460 1.714313
v 0.010048 0.629189 -0.426472
v -1.304777 -0.382458 0.866839
v 0.357417 -0.121666 0.523452
v 0.892126 -0.761125 -0.137748
v 0.617860 -0.217914 -0.844002
v -1.384593 0.547026 0.620559
v -0.611248 0.575240 0.090946
v 0.534150 -0.450719 1.152692
v -0.341774 0.606906 0.594426
v -0.877090 0.153044 -0.298788
v 0.293522 0.394938 1.514097
v 0.521700 0.315466 0.993847
v -1.038578 0.047478 0.774837
v -1.130079 -0.128475 -1.018365
v -0.106342 0.883390 0.890947
v -0.164707 0.603614 1.509773
v -0.272784 0.114977 -0.771566
v -0.478002 0.559786 0.333999
v -1.127195 -0.031929 0.364536
v -1.260135 0.306548 0.069722
v -0.203072 0.771934 0.855509
v -0.950457 -1.126554 0.307526
v 0.034953 0.953360 -0.779901
v 0.137245 -0.626396 -0.231755
v -0.190487 -0.354432 0.947477
v -1.519883 0.313251 0.928559
v -0.922523 0.757112 -1.127154
v -0.617363 -0.200544 1.341203
v -0.656645 0.592834 0.388112
v -1.486048 -0.477244 1.096710
v 0.826468 -0.442456 -0.024121
v 0.352462 -0.079839 -0.377746
v -0.607659 -0.606937 0.446030
v -1.663121 -0.234628 0.882313
v -0.200535 -1.176930 -0.336867
v -1.091736 0.035381 0.717726
v -0.786831 -0.352005 0.547500
v -0.803998 -0.041596 1.028391
v -0.255721 0.982621 1.746525
v -0.578496 -0.308663 0.915142
v -1.036081 0.201647 -0.290492
v 0.270292 -0.417689 0.317268
v -1.295343 0.316546 0.234393
v 0.373191 0.310094 0.129487
v -0.867960 0.556452 -0.323616
v -0.915533 0.768012 0.667961
v -0.344250 -0.307267 0.859139
v -0.406389 0.279820 0.336824
v -0.249401 0.798791 -0.850531
v -1.056571 0.233514 0.850840
v -0.943718 -0.781954 1.128006
v -0.761131 0.973437 1.663570
v 0.676463 -1.261733 0.444535
v -0.863694 0.574549 0.691124
v 0.539695 0.536388 1.166073
v 0.204663 -0.872002 -0.000841
v 0.598844 -0.246676 -0.746327
v -0.141494 -0.120606 0.898284
v -0.447564 0.420544 0.284155
v -1.144291 0.298817 0.039121
v 0.865157 -0.333229 -0.449408
v -0.188548 0.301273 -1.277667
v 0.958348 -0.172716 0.355837
v -0.001198 1.445300 0.923445
v 1.868973 0.476495 0.003084
v 1.241900 0.666437 0.523582
v -0.849892 0.419325 -0.178217
v -0.588737 -0.438456 -0.376301
v -1.329787 0.088304 1.067760
v -0.548824 -0.264491 1.259682
v -0.111641 0.244348 0.435933
v -0.379811 -0.972371 -0.605973
v -0.406635 0.558649 -0.301399
v 0.204915 -0.943672 1.137690
v 0.934691 -0.518326 -0.128712
v -1.231956 -0.345573 1.663321
v -1.112147 0.222959 -0.251777
v -0.135314 0.826885 -0.773459
v -0.385507 -1.223410 1.259234
v 1.004997 -0.777736 -0.592917
v 0.343917 -0.898624 1.170928
v 0.788621 -0.966581 0.049743
v -1.304945 -0.131002 1.259697
v 0.557578 0.578042 1.206455
v 0.233835 0.596934 1.321010
v -0.046801 -0.474474 0.921782
v -0.878251 -0.446282 1.014393
v 0.256057 -0.433880 -0.083343
v 0.381022 -0.875089 -0.355544
v -0.315370 1.313570 0.765728
v -0.409633 -0.155905 1.441218
v -0.946396 0.729958 0.668824
v -0.321012 1.331184 1.149547
v -0.692501 -0.224073 0.884009
v -1.325632 0.568744 0.506580
v 0.307356 0.679949 0.251687
v 0.246765 0.389287 1.153848
v 0.544372 0.388588 1.126314
v 0.586948 -1.370878 0.140378
v 0.270401 0.165058 1.150097
v -1.034784 -0.643002 0.498692
v -0.868961 -0.806971 0.633015
v 0.933364 -0.481772 0.307249
v 1.162455 -0.815139 0.318431
v 0.567484 -1.229995 0.370326
v -0.947174 -0.349323 0.657381
v 0.103784 -1.284636 0.347658
v -0.482970 0.532969 -0.296826
v -0.604772 -0.255531 0.596401
v -0.012739 -0.959904 0.668117
v 1.239638 -0.477805 0.431499
v 0.373248 -0.038979 0.383320
v -1.296972 -0.963636 0.588846
v 0.775424 1.006289 0.927215
v -0.246271 0.039913 1.353499
v -1.675476 0.166097 0.797230
v -0.364602 -0.405752 -0.696823
v 1.035288 0.423690 0.069388
v -1.899726 0.366909 0.574865
v 0.011529 0.754939 -0.061965
v 0.533652 -0.704453 0.049412
v -1.304423 -0.492492 0.890351
v -0.381136 0.498020 -2.071322
v 0.729106 -0.639350 0.938973
v 0.172117 0.371648 -1.721515
v -1.121461 -0.577491 0.359232
v -1.055523 -0.198713 0.608478
v 1.649427 0.243413 0.163277
v 1.133955 -0.784756 -0.278889
v -1.296164 0.321601 0.413882
v 1.294336 -0.706356 0.128158
v 0.054784 0.165743 0.601692
v -0.710069 -0.952943 0.756963
v 0.014334 -0.747605 1.560495
v -0.399051 -0.000526 0.423993
v -0.370120 0.672504 -0.539857
v 1.365299 -0.511497 0.237129
v 0.242048 -1.325251 1.181647
v 0.537252 -0.762404 -0.417703
v -0.280807 -0.798509 0.065158
v -1.082403 -0.032881 -0.735055
v -0.125762 0.643638 -1.087478
v -0.141866 0.645722 -0.176017
v 0.779476 0.402857 0.635149
v 0.266371 -1.050831 0.238639
v 0.731200 0.350455 0.755700
v -1.228691 0.040066 -0.873552
v -1.318228 -0.887518 -0.042741
v -0.318198 0.330563 0.974191
v 0.590926 -0.604443 0.013797
v -0.664667 -0.450525 0.069016
v -0.871130 -0.639702 -0.369558
v 0.563087 -0.154703 1.238231
v -0.445586 0.439351 0.890950
v -0.153732 -0.047439 0.461178
v -0.319695 -0.314904 -1.859313
v 0.656973 -0.221426 0.501323
v 1.407063 0.090436 0.202294
v -0.450042 -0.563261 0.996327
v -0.326260 -0.571229 -0.947943
v -1.327126 0.049613 -0.184881
v -0.507562 -0.108590 -0.769302
v -0.920045 0.739194 0.736107
v 0.920445 -2.051272 -0.382749
v 0.949451 -1.217772 0.111255
v -0.315716 1.053172 0.907152
v -0.964000 -0.678140 0.781177
v -1.455156 -0.351381 1.201299
v -0.836200 -0.377175 1.140583
v -0.776720 0.592554 1.136946
v -0.802883 -0.553401 -0.283019
v 0.580830 0.528684 1.217305
v -1.449636 0.812017 0.310922
v -0.954880 -0.592664 0.597227
v -0.568744 0.834283 -0.730807
v 0.131303 0.253257 -0.167185
v 0.415349 0.540669 0.864004
v -0.665001 0.517514 0.439400
v -0.539199 -0.600306 1.152059
v 1.023107 -0.345999 -0.617646
v -0.849272 0.374029 0.654690
v 0.525838 -0.398614 1.129144
v -0.257814 0.086647 0.970560
v 1.152692 -0.534150 0.450719
v 0.461773 -0.567336 0.616820
v 1.147313 -0.537506 0.969286
v -0.482138 0.296883 -0.558417
v -0.620260 0.345145 0.313617
v 0.806219 -0.687643 -0.003129
v -0.673432 0.608221 1.064261
v -0.975025 1.165933 -0.133609
v -1.168447 -0.524165 1.001898
v -1.113366 0.246610 -0.388476
v -0.463353 0.442087 -0.265611
v 1.150439 -0.513198 0.641094
v -0.024588 0.093616 -0.427013
v 1.217501 -0.866453 -0.012964
v -0.186130 -0.848470 0.691235
v 0.097065 0.528300 0.157327
v -0.936812 -0.763193 -0.033578
v 0.579803 0.403746 0.123345
v -0.631551 -0.662226 0.829961
v -0.884462 0.390441 0.700687
v 0.097666 -0.606146 0.513463
v -0.098807 0.604705 0.830849
v 0.386167 -0.449480 0.577346
v 0.660059 0.301369 1.493095
v -0.042663 0.010617 0.541216
v -0.638730 -0.622098 0.374951
v 0.412966 0.167089 0.525660
v 1.061799 0.115355 1.038253
v -0.529745 0.734215 -0.251873
v -1.408012 -0.713449 0.776216
v -0.872621 -0.027751 -1.315146
v -0.439058 -0.828213 0.711483
v 0.028188 -0.876727 0.285870
v -0.195264 -0.774085 1.142168
v -0.367619 0.364553 1.060320
v 0.742034 0.346308 0.648870
v -0.393622 0.053318 0.998701
v -0.340748 0.384517 -0.998919
v 0.657125 -1.357313 0.764071
v -0.005988 -1.305190 -0.888927
v 0.240090 -1.366660 -0.078620
v -0.081002 -0.678063 1.077265
v -1.115451 -0.094558 0.640585
v 0.657316 -0.176870 0.165092
v -0.869699 0.346517 -1.073711
v 0.252399 -0.735933 1.308379
v 0.772233 -0.571775 -0.166649
v -0.647932 0.239160 0.748569
v 0.784398 -1.198947 0.766710
v -0.091444 -0.886107 0.790866
v 0.020959 0.548984 0.507232
v -0.446886 -0.640690 -0.379598
v 0.204127 0.313509 1.042456
v 0.247856 0.428694 -0.525944
v -1.512195 -0.430248 0.900539
v -0.705554 0.932300 -0.279102
v -0.420414 0.123564 0.351995
v -0.610483 -0.908911 0.793626
v -0.733825 0.575224 0.299950
v 0.184326 1.194291 0.688476
v -0.246498 -0.558222 0.727403
v -0.708788 -1.174505 0.580112
v -0.594058 -0.335041 0.629347
v -0.502560 0.143375 0.336677
v 0.395979 -0.987017 0.451773
v -0.108688 0.562026 -1.526629
v -0.315806 0.252534 -0.673486
v -0.255223 -0.101309 1.470114
v 0.908124 -1.219826 -0.286413
v -0.885761 -0.819352 0.478628
v 0.323439 -0.051498 -0.900769
v -0.780819 0.480651 1.026281
v 0.156154 -1.082058 1.162842
v 0.238281 0.106141 0.888690
v -1.254781 -0.463802 0.136506
v 0.991815 -0.976058 -0.921155
v 0.003520 0.100101 0.571958
v -0.351575 0.870188 -0.439616
v -1.643733 -0.432575 -0.519326
v -0.546006 0.255310 0.749501
v -0.914078 0.000664 -1.221195
v 0.142286 -0.689748 -0.461649
v -0.860613 0.599983 0.739291
v -0.607530 -1.638253 -0.486671
v 0.844345 0.646520 1.273658
v -0.878263 -1.229700 0.748766
v 0.349758 0.606314 0.654675
v -0.016181 -0.181266 1.444368
v 0.143010 0.727459 -0.864682
v 0.164419 -0.294019 0.462916
v -0.819871 -0.076335 1.292796
v -0.357655 -0.785415 0.431236
v -0.470072 0.916497 -0.413399
v 0.807090 -0.015597 0.868875
v 0.420279 -0.565150 0.727310
v -0.030469 0.864847 0.353066
v -0.326555 0.220612 1.262990
v 0.164283 -0.967540 0.437208
v -0.046694 0.667838 -0.430904
v -0.483855 0.656562 -1.882661
v 0.277679 -0.629466 1.001542
v 0.327118 -0.106431 -0.619727
v -0.628922 0.329371 0.852489
v -0.000254 0.833707 -0.704738
v 1.113661 -1.270149 -0.518070
v -0.174940 0.001311 0.310087
v -1.098492 0.619089 0.949679
v 0.884571 -0.911373 -1.071902
v -1.246281 -0.133926 0.945756
v -1.088719 0.700871 0.248410
v -0.110581 1.344545 0.292426
v -0.071422 -0.680750 -0.055165
v -1.136267 0.604752 0.915337
v -0.710671 -1.043058 -0.052936
v 0.378460 0.656121 0.142276
v 1.297809 -0.233002 -0.027794
v -1.026281 -0.780819 0.480651
v -0.584940 0.019387 1.534426
v -0.707277 0.151389 0.114244
v -0.499445 -0.543818 1.204738
v -0.536226 -0.949563 0.390913
v -0.979820 -0.086049 0.759461
v -0.502745 -0.567397 -0.275888
v 0.667038 -0.740203 0.358327
v 0.319134 0.677455 1.008115
v -0.105936 0.763778 0.146554
v 0.707245 -1.049937 -0.298059
v -0.643199 0.684955 0.862929
v -0.689052 0.618479 0.312761
v -1.088235 -0.043057 0.976068
v 0.513363 -1.418034 0.227836
v 1.050399 -0.289479 0.207411
v 0.833882 -0.565004 0.959019
v -0.943158 -0.827863 -0.826862
v -0.250569 -0.264345 0.708647
v 0.657769 0.371162 0.372419
v -1.066196 -0.243449 0.622912
v -0.155173 -0.374358 1.591445
v -1.152459 -0.928015 0.167768
v -0.746464 -0.250014 -0.398327
v -0.474020 -0.975423 -0.928104
v 0.300802 -0.702788 -0.343482
v -1.128214 0.160694 -0.977401
v -0.975010 -0.900159 -0.237760
v -0.757612 -0.102396 1.297753
v -1.832943 -0.671461 0.846445
v -0.130034 -0.734630 -0.491591
v 0.679151 -1.552526 0.570067
v -0.570411 0.835687 0.791570
v 0.203659 -0.789688 -0.034421
v -0.943902 -0.880215 1.136020
v -0.737047 -0.136899 0.126681
v -0.750290 0.803605 -1.222031
v -0.361432 -0.121894 1.179357
v 0.844721 -1.245316 -0.267761
v -0.550876 -0.909986 1.165066
v 0.153107 -0.925816 1.541062
v -0.629609 -0.503349 -1.159097
v -0.677870 0.875747 -1.239732
v 1.155071 -0.723553 -0.862619
v 0.218949 -0.263315 0.446584
v -0.583366 -0.859905 0.603599
v 0.354480 -0.036139 -1.129426
v -1.400723 -0.622712 1.224688
v -0.924564 -0.288883 1.064710
v -0.808201 0.459987 0.727759
v -1.631026 0.732985 -0.281299
v -0.336146 -0.222187 -0.605608
v 0.851924 -0.544762 0.224257
v -0.913148 0.061028 -1.265387
v 0.853104 -1.467819 -0.257376
v -1.380973 -0.003628 1.124407
v 0.379660 -0.501140 1.449527
v 0.246975 0.686518 1.693841
v -0.556040 0.276051 0.966639
v -0.356671 0.983904 -0.136175
v -1.184071 -0.514696 -0.556658
v 0.442584 -1.228670 -0.443200
v 0.656011 -0.675749 0.701182
v 0.317826 -0.286103 0.710382
v 0.227385 1.549028 0.381077
v 0.343965 0.683162 1.273934
v -0.255503 -0.836433 -0.253935
v -0.723855 -0.309023 0.703088
v -0.659733 -0.214369 1.232759
v 0.001126 0.004043 -1.013946
v -0.773618 0.663211 0.924953
v -0.512917 0.068749 0.314474
v -1.553664 -0.102493 0.937388
v 1.172602 0.400243 0.742731
v 0.405492 -0.650601 0.773847
v 0.390860 -1.171710 -0.510353
v -1.465911 -0.025438 0.190140
v 0.521309 1.232973 0.538498
v -0.963716 0.201138 -1.139557
v 1.062558 -0.921924 0.181810
v 0.826934 -0.218487 1.192829
v -0.751135 -0.393119 0.451880
v 0.236806 -0.163405 -0.389835
v 1.048181 -1.489170 -0.400252
v 0.863815 -0.353470 -0.002660
v 0.304592 -0.643683 0.600012
v -1.448760 0.279871 0.330927
v -0.622891 -0.710480 1.539223
v 0.834276 -0.072743 0.888680
v -0.198116 -0.023993 1.710460
v -0.085994 -0.305114 0.295723
v -1.075280 -0.107364 -0.082892
v -1.107900 0.336365 -0.235650
v -0.426569 0.159500 0.817069
v -0.305092 -0.274016 -0.602241
v -1.072879 -0.661819 0.812221
v -1.452562 0.326055 -0.124695
v 0.196873 -0.408788 0.754618
v -0.933556 -0.216466 0.708950
v -0.474305 -0.026809 -0.646061
v -0.296134 0.300895 -1.216561
v -0.330851 0.638059 -0.642952
v 0.852035 -0.568330 0.574456
v -1.182957 -1.367256 0.518554
v 0.829687 -0.496133 -0.457274
v 0.291749 -0.753129 0.808696
v 0.261375 -0.261819 0.892239
v -1.043696 -0.494750 0.217800
v -0.275681 -0.197011 0.650739
v -0.951964 -0.270888 0.730022
v -1.043058 0.052936 -0.710671
v 0.984045 0.002318 -0.156551
v -1.554486 -0.054201 1.024191
v 0.226663 -0.748801 1.304124
v -0.249344 -0.733161 0.885990
v -0.390691 -0.489803 -0.843492
v 0.331827 0.335697 -0.938735
v 0.213133 -0.534065 -0.561753
v 0.809883 1.093772 0.088974
v -0.629110 0.475404 0.399761
v 0.663257 -0.856518 -0.320482
v -0.613658 0.419875 -0.213841
v 0.248460 -0.670961 0.901992
v 0.697163 -0.331852 1.529197
v 0.641389 0.588089 0.854531
v 0.133609 0.975025 -1.165933
v 0.307085 -0.288454 0.820910
v -1.142296 0.027876 1.382526
v -1.259215 -0.979211 1.031326
v -0.525425 -0.201140 0.684507
v 1.027952 -0.052860 0.851129
v 0.496168 -0.763397 -0.024982
v -0.206014 -1.098531 1.018953
v -0.875601 0.552896 1.096908
v 0.038659 0.967954 0.783691
v -1.193548 0.645815 -0.476460
v -0.504601 -0.246790 0.364750
v -0.420058 -0.896592 0.930684
v 0.012478 0.513726 1.476763
v -0.906074 0.050570 -1.315734
v 1.095467 0.068100 0.626493
v 0.678622 -1.294689 -0.907424
v 1.527943 -0.295884 -0.030375
v 0.002519 0.101478 -0.912094
v 1.230253 -0.561083 0.483414
v -0.346457 1.115651 0.842667
v -0.655764 0.204373 -0.606021
v 0.742446 0.306863 0.989135
v 0.288237 0.096946 1.248137
v -0.295612 0.986313 0.785144
v 0.421001 -0.407159 -0.046529
v 0.091982 0.424684 -0.512320
v 0.023166 -0.017114 1.090445
v 0.775906 -0.670562 -0.549076
v 1.251303 0.594048 0.392220
v 0.918383 -1.125103 -0.543741
v 0.731009 -0.540879 0.271881
v 0.850348 -0.286357 0.608161
v 0.353053 1.142942 0.720416
v -0.238060 -0.988915 1.079976
v -0.651301 -0.914492 0.748945
v 0.644796 -1.045184 0.146588
v -0.092434 -0.254428 0.860736
v 0.278663 -0.236657 0.608816
v 0.021207 -0.909221 0.549499
v -0.033828 0.273529 0.842831
v -0.212137 -0.274444 0.640869
v 1.199368 -0.292474 0.481121
v -0.280132 -0.858755 0.451899
v 0.073036 -0.123556 0.449528
v 0.256293 -0.823749 0.818635
v -0.232984 0.996295 1.060542
v -0.726871 0.136291 0.505850
v -1.304803 0.102970 1.153361
v -0.380326 0.056154 0.974890
v 0.689405 0.943034 0.392135
v 0.067860 -0.377952 1.491535
v 0.416995 -0.474278 0.236625
v 0.041147 0.528465 0.611922
v -0.150159 -1.185931 0.586485
v -1.437976 -0.231611 0.194615
v 0.552971 -1.395154 0.819156
v -0.414548 0.936718 1.204098
v -0.182596 -0.744998 -0.320378
v 0.212437 0.369585 -0.910600
v -0.785690 -0.901080 0.618336
v -0.009575 0.420111 -0.474156
v -0.292817 -0.628601 1.693858
v 0.006671 1.003481 0.362630
v -0.111878 0.182929 0.767508
v -1.544757 0.048308 -0.577049
v -1.042180 0.592109 0.410957
v 0.884664 -1.488950 0.932984
v 0.597814 0.582327 1.170369
v 0.774628 -0.894433 -0.392764
v -0.203413 0.280550 0.188207
v -0.313041 0.740379 0.186196
v 0.743836 -0.098674 0.863553
v -0.199529 1.003440 -0.919965
v -0.535548 -0.079803 1.414643
v -0.693067 0.929599 -1.753506
v 0.875299 0.506954 0.465460
v 0.394102 0.111613 1.267984
v -1.291285 0.307433 0.058272
v -0.350007 -0.157557 0.028720
v -0.915673 0.522456 -0.354779
v 0.579123 -0.162726 1.204900
v 0.814149 -1.701490 -0.905256
v -0.690133 0.272512 1.153562
v 1.027280 0.618515 0.247905
v 0.338775 -1.144083 0.166192
v 0.081473 -0.635003 0.545927
v 1.970923 0.099071 0.087103
v -0.064145 -0.886486 0.672186
v 0.010985 -0.946946 0.849092
v -0.046848 0.232447 1.112012
v -0.364294 0.822539 0.355142
v 1.549674 0.561468 0.744121
v 0.813649 -0.611657 0.835298
v 1.499322 -0.689481 -0.738543
v -0.661654 -0.542682 0.119863
v -0.537302 -0.715260 1.104772
v -1.026489 0.120910 -0.826973
v 0.193329 -0.243001 0.421743
v 0.175055 -0.348039 0.388601
v 0.900634 -0.735516 0.021670
v -0.614617 1.382582 0.029317
v 0.200068 0.197047 0.905726
v -0.406891 -0.223128 0.582581
v 0.091996 -0.199729 1.305761
v -1.653323 -0.241530 1.073956
v -0.581239 0.188322 0.000679
v -0.551647 0.994118 -0.667266
v -0.795959 0.715138 -0.483723
v 1.147089 -0.230516 0.995495
v -0.140180 -1.008486 0.207391
v -0.720530 0.462401 -1.479786
v -0.560186 0.658686 0.616912
v -0.965866 0.283024 -0.569100
v -0.318257 -1.086505 0.610236
v -0.819648 -0.095746 -0.547126
v -0.595989 0.042097 0.580199
v 0.014682 0.684843 0.430187
v -0.564619 0.562292 1.036400
v -0.608973 0.689131 -0.948418
v -0.669730 0.222293 -0.124241
v -1.434322 -0.322661 -0.681393
v -0.920259 0.539251 0.063586
v 0.432968 -0.291570 0.254420
v 0.292650 0.650609 -1.036934
v 0.742804 -0.883021 0.322464
v -0.375404 0.502339 -0.318890
v 0.802463 0.195983 0.662891
v -0.153529 -1.287228 0.870187
v -0.390547 0.896666 -0.647821
v 0.189759 -0.231683 1.377490
v 1.084057 -1.053809 0.072512
v -0.130701 -0.161748 -0.384383
v 0.306291 -1.498713 1.229417
v 0.115528 0.816774 1.272884
v 1.104474 -1.385673 0.293906
v 0.970560 0.257814 0.086647
v 0.832120 -0.705265 0.507794
v 0.670667 0.022344 0.473537
v -0.023396 -1.364180 0.199606
v -0.300897 -1.062331 -0.901492
v 0.189327 0.021335 -0.055513
v -1.055466 0.215407 -0.285240
v -0.361683 0.685939 -0.563628
v 1.039405 -1.222043 -0.090240
v -0.123198 0.564144 0.160769
v -0.720906 -0.310965 1.461332
v -0.436889 -0.957274 -0.407645
v -0.212084 0.775157 -2.099631
v -0.439581 -0.061286 1.686520
v -1.468170 -0.739198 0.551908
v 1.764197 -0.379966 0.050078
v -0.112641 1.394016 -0.167390
v -0.027792 -0.599359 -1.241392
v -1.137358 -0.087584 1.027838
v -1.189112 -0.528293 0.961473
v -0.567222 -0.492536 -0.086628
v -0.858128 -0.526285 -0.053216
v 1.209959 0.158960 0.175798
v -0.594119 -0.310350 0.606290
v 1.082431 -0.648737 0.011986
v -0.778901 0.287591 -0.316510
v -0.064152 0.092158 1.084339
v -1.139277 0.524309 -0.922971
v -0.287908 0.374538 0.940364
v 0.057393 0.092527 0.552138
v -0.885219 0.703892 0.929040
v 0.298368 -0.176868 -0.947607
v 0.928122 -1.067042 0.834745
v 0.906144 -0.961364 1.015997
v -0.756696 -0.618570 2.040520
v -0.668490 -0.431100 1.166210
v -0.381149 -0.077783 -0.332990
v 0.246720 0.705976 1.324343
v -1.293035 -0.355715 0.859527
v -0.567993 -0.052529 0.211993
v -1.041506 0.254336 1.222617
v -0.698176 0.490676 -1.496212
v -0.264464 -0.094633 -0.305620
v -0.380327 -0.025622 0.843938
v -1.405331 -0.789250 0.726248
v 0.373702 -0.857967 -0.559871
v -0.117476 -0.062641 0.637738
v -0.369137 0.508727 0.332784
v 0.975815 1.180107 0.255230
v -0.035987 -0.237073 -0.404513
v -0.415659 -0.378583 0.928855
v -1.121571 0.770653 1.415447
v -0.335199 -1.025828 0.979176
v 0.041570 0.608203 1.021367
v 0.484678 -0.559877 0.475229
v -0.642699 -0.263304 0.705322
v -0.534430 0.000716 -0.588474
v 1.007275 -0.677123 0.608461
v -0.913506 0.140834 -1.281948
v 0.240141 0.330260 1.087660
v -1.212439 0.515912 0.590404
v -0.850261 0.595254 0.127644
v -0.380596 -0.358651 -0.838440
v -1.308087 -0.289492 -0.130432
v 1.310970 -0.517638 -0.409643
v -1.680541 -0.255924 0.769061
v -0.621441 0.256975 0.777781
v -0.278691 -0.861409 0.645804
v 0.140275 -0.149971 0.600525
v -0.163822 -0.075248 1.668350
v 0.636228 0.186930 0.171614
v -0.063630 -0.841879 0.420249
v -0.844672 -0.392075 1.090491
v -1.194676 -0.565108 -0.774912
v 1.019999 -0.674774 1.176726
v -0.690041 -0.418509 -1.476343
v -1.002809 -1.296141 0.464064
v 1.624947 -0.277132 0.448917
v -0.530419 0.440723 -0.519778
v -0.686122 -0.157872 -1.050001
v 0.944234 0.022224 -0.064859
v -0.399503 -0.827864 0.714747
v -1.108132 1.386613 -0.333235
v -1.374627 -0.710390 1.221136
v -1.243682 -0.482401 -0.563353
v -0.260994 -0.322322 1.105393
v 0.041954 0.604204 -1.110502
v -0.656149 0.277653 -0.034913
v 0.860547 -0.283432 -1.136073
v -0.097336 -0.229104 0.659720
v 0.922413 -0.785598 0.614922
v -0.557887 -0.193102 -0.954498
v -1.293240 0.183934 0.208432
v -0.621606 0.131755 1.526814
v 0.692699 -0.794719 -0.292650
v -0.746216 0.141632 -1.502834
v -1.161407 -0.323365 1.343423
v 0.774689 0.642062 0.550043
v 0.585229 -0.625991 0.002236
v -1.204431 -1.165477 0.212246
v 0.032507 0.386965 -0.209640
v -0.032710 -0.714061 -0.131508
v -0.221907 0.502221 -0.005741
v 0.202207 -0.995527 0.588600
v -0.662831 -0.582453 -0.788087
v -0.492252 -0.097541 1.552626
v 0.516318 0.602211 1.089826
v -0.902282 0.269939 0.144646
v -1.534305 -0.577216 0.716054
v -0.253913 -1.014669 0.186267
v 0.079563 -0.106023 1.441227
v -0.029461 0.152109 0.856503
v -0.642466 0.198039 1.157795
v -0.701917 0.131345 0.330569
v -0.545158 0.525124 -0.512743
v 0.926101 -0.300444 0.613780
v -0.535717 -1.527405 0.179014
v 0.893811 -1.256325 0.535574
v -1.263713 -0.192468 0.324224
v -0.455323 0.835651 -0.405212
v -0.239555 -0.392353 0.395284
v 1.312312 -0.277559 -0.026643
v 0.699259 -0.688213 0.600841
v -0.513388 -0.605971 -1.140533
v 0.378127 -1.469840 0.678419
v 0.600366 -1.287781 -1.306902
v -0.864525 -0.033070 -0.016410
v -0.840673 0.291600 -0.478087
v -0.558002 -0.464187 0.131294
v -0.441153 0.086806 0.682996
v 0.263695 0.070950 0.894388
v -1.695474 -0.258057 0.874087
v -0.802784 0.707211 -1.360322
v -0.526327 0.997913 -0.582826
v 0.550878 -1.362183 0.027829
v -0.274626 -0.258747 0.718326
v 1.194324 -0.640109 -0.199468
v 1.182465 -0.291250 0.360121
v -0.767586 -0.210030 0.141774
v -0.438034 -0.524173 -0.870202
v 1.005676 0.190359 0.356836
v -0.730080 0.565428 0.971966
v -0.858269 -0.854119 -0.012584
v -0.091694 -0.270380 -0.384428
v -0.687667 -0.047272 0.939967
v 0.658167 -1.182382 0.447619
v -0.141040 1.753706 0.864331
v -0.722537 -0.116367 -0.112427
v -0.839251 0.474655 -0.889324
v -1.250019 0.336739 0.068658
v 0.589084 0.132432 -0.716573
v 0.117109 -0.393186 0.556168
v 0.267909 -1.161082 0.796398
v -0.688570 0.905226 -0.458140
v -0.414382 0.379092 -0.067012
v -1.120416 -0.588594 1.997991
v -0.935619 -0.071041 -0.680551
v -1.123701 0.829991 -0.312521
v -0.273268 -0.749212 0.068857
v 0.449834 -1.449432 -0.743630
v -0.259556 0.349906 1.071047
v -0.433733 0.355495 -0.875114
v -0.446944 0.339167 -1.081642
v 1.075686 -0.222960 0.326557
v -1.317601 0.830032 0.764413
v -0.278430 -0.156095 1.037533
v 0.637029 -0.944377 0.767472
v -0.262246 -0.130326 1.442455
v -0.083176 0.366515 0.285478
v 0.803045 0.940603 -0.236342
v -0.987661 0.193205 0.750715
v -1.149463 0.096036 1.602041
v 0.218023 -1.071299 1.019219
v 0.560974 -0.770850 -0.199566
v 0.207970 0.256922 0.541880
v -1.037202 0.406129 0.110657
v -1.245575 -0.327223 -0.730533
v 0.485286 -0.178079 -0.047514
v -0.957730 0.306915 -0.301485
v -1.517383 -0.202012 -0.391347
v -0.828792 -0.740181 -0.059738
v -1.114097 0.248470 0.309025
v -0.780971 -0.588298 -0.247328
v 0.307409 -1.766438 -0.147715
v -0.424589 -0.255950 1.066093
v -1.004518 0.329119 1.046788
v -1.311732 -0.215310 0.687600
v -0.894350 -0.807031 -1.123778
v -0.159002 -0.407635 0.499350
v 0.857933 -0.294127 -0.678209
v 0.048028 -0.275352 -1.442526
v -0.614921 0.155446 -0.388182
v 0.626361 0.922445 0.768142
v 0.636786 -1.189777 -0.066014
v -0.475631 -0.544071 0.574928
v -0.797302 0.190761 1.080808
v 0.064401 0.057150 -0.673457
v -0.968416 0.796108 0.340556
v -0.722287 -0.097874 -1.133905
v -0.517722 -0.241376 0.754971
v -1.120711 0.272088 -1.180282
v 0.963324 -0.908667 -0.573140
v -0.048797 -1.597407 0.122013
v 0.649392 0.809339 1.427245
v 0.505132 -1.450150 0.043214
v -0.408333 -0.253680 1.108549
v -1.333898 -0.914635 0.421245
v -0.230591 -0.146281 0.636366
v -0.586468 0.021385 1.520428
v -0.219398 0.113755 -1.544828
v 0.113450 -0.525807 0.545433
v 0.827344 -0.577968 -0.294203
v 0.052933 -0.393683 1.526408
v -1.176774 0.655930 0.867437
v 0.696718 -1.076861 0.660156
v 0.347600 -0.335346 0.308809
v -0.694701 0.525574 -1.539387
v -0.758148 -0.316317 -0.270926
v -0.191156 0.459720 1.368933
v 0.632813 -0.287798 0.662675
v -0.312642 1.026774 0.199283
v -0.368769 0.406516 -0.921847
v -0.686505 -0.155417 0.117274
v -0.058236 0.130322 0.432522
v -0.005289 1.120210 0.625496
v -0.056154 -0.974890 -0.380326
v -0.064976 0.808175 -0.294700
v 0.183295 0.581766 -1.104908
v 0.623105 -1.144248 -0.608077
v 0.910940 -1.191594 -0.433125
v -0.943659 -0.176215 -0.118434
v -0.888944 0.254792 0.087987
v -0.516904 -0.264404 0.861366
v 0.445156 -1.087339 0.176017
v 0.254745 0.553757 -0.456609
v 1.133796 -0.739482 0.026995
v 1.283040 -0.220870 0.444625
v 0.525621 -0.412990 0.167152
v 0.319235 -1.307248 1.076858
v 0.384874 -0.106457 -0.058401
v 0.097473 1.109721 0.744597
v -1.029472 -0.046036 0.190475
v -0.608979 0.538425 -1.275430
v 0.032464 0.192310 -1.425678
v 0.920246 -1.202738 0.152500
v -0.836024 -0.589373 0.262467
v -0.545339 0.677047 -0.964456
v 1.147883 -0.548580 0.016523
v 0.746281 0.144989 0.655750
v -0.682316 0.502248 -0.535128
v -0.368979 -0.615192 -0.925431
v -0.841406 0.362398 1.044384
v -0.975700 0.135843 -1.153828
v -0.547440 -0.140537 0.644880
v 0.163158 -0.061422 1.657140
v -0.749200 0.412405 0.227695
v -0.202294 1.407063 -0.090436
v -1.251571 0.274934 0.754961
v -0.735072 -0.192878 1.217774
v 1.085080 -0.640320 -0.932182
v -0.921909 -0.810683 1.197927
v -0.738933 0.793817 0.313219
v 0.319944 -0.694212 -1.293902
v -0.512776 0.137745 1.196733
v 0.937368 -1.395393 -0.141826
v 0.554107 0.775066 0.743194
v -0.572682 0.167736 -1.119993
v 0.647899 0.265279 0.397955
v -0.670318 1.608984 0.592436
v -0.830406 0.778623 -1.285846
v -0.364580 0.270652 -0.616468
v 0.761460 -0.261961 -0.466786
v -1.059263 0.246466 -0.365468
v -0.204611 1.055243 -0.562886
v -0.454176 -0.284708 0.999401
v 0.398126 -0.028807 0.995080
v 1.027696 0.664936 0.207656
v -0.368090 0.284814 0.590213
v 0.976624 -0.801398 -0.630474
v 0.325839 0.976992 0.985338
v 1.436964 -0.212457 0.613179
v 0.480387 -0.634164 0.802481
v 1.188379 0.257894 -0.069890
v -0.306315 -0.295856 -0.308207
v -1.269670 0.232051 0.699339
v -0.412057 0.074191 1.015175
v 0.570935 -1.722697 -0.902946
v 0.203423 -0.088557 1.671911
v 0.585640 -0.533337 0.605432
v -1.249831 -0.066899 -0.471276
v -0.622297 -1.228102 -0.513340
v 0.877972 -0.457923 -0.224454
v 0.468652 0.522285 -0.742197
v -0.561928 -0.236487 0.676765
v -0.582184 -0.162806 -0.639769
v -0.785713 0.206636 1.531181
v -0.473095 -0.312125 -0.334617
v 0.134894 0.880249 -0.003392
v 0.707554 0.371688 0.747929
v -0.406981 -1.038115 0.335030
v -0.352370 0.146220 1.208887
v -0.040800 -0.170088 -1.402492
v -0.816272 0.451768 0.260245
v 0.429728 0.663466 0.266760
v 0.375932 -0.307424 -1.203272
v 0.346482 -0.070341 -0.063086
v -0.304103 0.296215 0.316864
v 0.827580 -0.832597 1.111506
v -0.323508 -0.022484 1.099406
v 1.612398 0.316153 0.035002
v -0.423269 0.853196 0.023279
v 1.298423 0.520956 -0.341579
v 0.719146 0.705219 0.865849
v 1.059420 -0.894388 -0.309033
v 0.809713 -0.054831 0.357633
v -1.062782 0.145093 -0.462236
v -1.191376 -0.345900 0.184536
v 0.764053 -0.156229 0.288333
v -0.484128 -0.302867 -0.769734
v -0.734112 1.503740 0.594452
v -0.641213 0.932910 0.735798
v -0.645966 0.456102 -0.107401
v -0.042310 0.144225 -0.431703
v 0.505460 -2.046540 0.023205
v -0.510242 0.450041 -0.214707
v -1.199542 -0.555508 0.199281
v 0.241618 -0.696557 0.871812
v -0.761908 -0.646251 -0.798001
v -1.122810 -0.516915 1.366004
v -0.199568 0.163749 -0.181869
v -0.477800 0.875444 -1.393286
v -0.012125 0.798817 0.759271
v -1.119293 0.519333 0.897334
v -1.045772 -0.732590 0.608043
v -0.645820 -0.992989 -0.717624
v -0.408361 -0.766580 0.945484
v -0.563870 0.644171 -0.176967
v 0.532536 -1.199355 0.577372
v 1.006397 0.379340 -0.022545
v 1.722062 0.179550 0.232949
v -0.639440 0.003893 -0.695244
v -0.767359 -0.024146 0.952671
v 0.769181 -0.326895 0.477096
v 0.113081 0.167839 -0.193425
v 0.563155 -0.966686 -0.814775
v 0.159400 -1.214350 0.339741
v -0.539701 0.521039 1.390234
v -0.022331 -0.265245 1.414136
v 0.080669 -0.877687 -0.715956
v -0.858563 -0.148712 -0.619224
v -1.121599 0.607599 -0.899271
v -0.810871 -0.199161 1.286129
v -0.338267 -0.932368 0.014462
v -0.960986 -0.277249 0.767504
v -0.716815 0.040571 0.843707
v -0.349472 -0.724072 -0.658664
v -0.922286 -0.235260 1.165696
v -1.177922 0.582338 -0.838021
v -1.594743 -0.882902 0.840782
v -0.064461 -0.309520 0.419333
v 1.388355 0.179999 0.507332
v -0.769835 0.350190 -1.760390
v 0.309003 0.899102 -0.343420
v -1.106420 -0.838415 -0.400838
v 1.025038 -0.997673 0.164698
v -0.003032 0.234741 1.401334
v -0.445365 -0.222491 0.398348
v -1.268192 0.867487 -0.690627
v -0.954718 -0.302005 0.517687
v 1.394695 -0.238154 0.638679
v 1.141438 0.772008 -0.123900
v 0.025560 -0.060043 1.050238
v -1.404245 0.681008 0.183941
v -1.401566 0.127003 -0.576495
v 0.917074 -1.114228 -0.532669
v -0.580127 0.916922 -0.748015
v 0.212522 -0.729181 0.297159
v -0.334652 0.979598 0.774861
v -1.303578 -0.763418 1.330004
v 0.030183 0.735156 1.054700
v -0.711331 -0.684102 0.884929
v 0.205639 0.193824 0.513243
v -1.091525 -0.011805 -0.558660
v -0.660618 -0.286593 -0.812598
v -0.078510 0.507067 0.792827
v -0.748237 -0.172018 1.313959
v 0.522030 0.137450 1.216520
v -0.663347 0.220583 -1.158623
v 0.373604 -0.049324 0.273224
v -0.595836 0.957834 1.085976
v 0.475268 0.188408 0.342556
v -0.360478 1.805856 -0.547378
v -0.476342 -0.272218 -1.175236
v -0.868697 0.251599 1.050949
v 0.300739 -1.060625 -0.872602
v -0.537289 -0.591797 -0.944135
v -0.354912 0.947938 0.521016
v -0.475153 -0.359491 0.146547
v -1.267448 -0.338679 0.574626
v -0.629998 -0.311704 0.847848
v -0.593726 -0.891018 0.618185
v -0.735834 -0.489364 1.470397
v 0.336997 -0.920035 1.303691
v -1.207973 0.104900 0.956508
v -0.607547 -0.263906 0.190863
v 0.554530 0.319454 0.661342
v -0.271117 1.031012 0.853729
v -0.372423 -0.337289 0.554603
v -0.336419 -0.334701 -0.791630
v 1.095862 -0.728734 -0.258634
v 0.673708 -0.182826 0.797371
v 0.794760 -0.049701 0.903991
v 0.542870 0.574559 -0.404597
v 0.629351 -0.286787 0.373380
v 0.185833 -1.293800 1.291741
v -1.937683 -1.265644 0.741680
v -1.281978 -0.847813 1.008905
v -1.477037 0.733156 0.317371
v -0.246891 0.184249 1.331216
v -0.817157 -0.108322 1.690455
v 0.640987 -0.791809 0.798983
v -0.094968 0.176657 -0.702280
v -0.658611 -0.957095 0.958520
v 0.718799 0.027086 -0.940030
v -0.004890 -1.308097 0.878109
v -1.006903 -0.243325 0.395144
v -0.830791 0.141415 0.134428
v -1.236523 -0.430224 -0.419171
v -1.285947 -0.830595 -0.708512
v 0.065404 1.302672 0.475804
v -0.465273 -0.825716 0.623956
v -0.635442 0.595641 1.576880
v 0.236913 -0.474038 -0.674780
v -1.065530 0.198421 0.550403
v 0.076495 0.158838 -0.911165
v 0.581472 -0.880146 0.578623
v -0.560414 -0.974026 0.368934
v 0.384991 -1.227945 0.729025
v -1.016225 -0.327689 0.755531
v -0.124235 1.211567 0.439171
v 0.093185 0.745940 -0.909554
v -0.156402 -0.736430 1.047766
v 1.016753 -0.187907 0.745556
v -0.098674 0.863553 0.743836
v -0.087673 -1.475778 0.444766
v 0.750606 -0.615539 0.288584
v -0.212986 -0.190749 0.288757
v 1.091569 -0.585927 0.988086
v 0.790570 0.342949 0.233889
v -0.712841 0.572194 -0.705460
v -0.410369 -0.313438 1.491710
v -0.172668 0.838389 -0.353916
v -0.486045 -0.737283 0.130281
v 0.618202 0.351517 0.034804
v -0.122155 -0.563109 -0.208334
v 0.053359 -0.230702 1.135709
v 0.653159 -0.151052 0.580426
v 0.046150 0.566063 1.007941
v 0.149363 -1.679759 0.955787
v 0.251551 -1.232566 0.546447
v 0.754277 -0.610211 0.919734
v 0.375303 -0.572961 0.788949
v 0.011145 -0.052246 -1.829585
v 0.556655 -0.264152 -0.054938
v 0.388576 0.788599 -0.431823
v 0.757833 -0.627594 0.924494
v -0.157393 -0.778996 0.584601
v -0.889042 0.428416 -0.524734
v -0.435957 0.574225 -1.199582
v -0.257161 0.302682 1.083030
v -0.324536 0.219868 0.135143
v -0.124078 0.821882 0.743446
v -0.587263 0.215049 -0.282182
v -0.355091 -0.200735 -0.048217
v 0.157717 0.699779 -0.185238
v -1.473302 -0.476718 0.936658
v -0.057003 0.966375 1.110390
v -1.668562 -0.195962 -0.038576
v 0.010237 -0.228413 -0.644467
v -0.808007 0.152456 1.580304
v -1.332766 -0.368938 0.834988
v -0.396870 0.870400 -0.617428
v 0.572915 -0.535987 -1.248434
v 0.657360 -0.262254 0.284774
v 1.087158 -1.047855 0.100425
v 0.112226 0.920665 1.196626
v 1.277523 -0.234458 -0.017578
v -0.739455 0.406682 -1.509681
v -0.221062 0.976432 -0.650289
v -0.493646 0.303716 -0.714725
v -0.498483 0.440881 -0.006275
v 0.869699 -0.346517 1.073711
v 0.141998 0.231464 0.200383
v -0.523128 0.047391 -1.776418
v 0.369354 -0.681567 0.923551
v 0.072203 0.241176 1.760179
v -0.399926 0.783203 1.174055
v -0.459140 0.187878 0.455470
v 1.092328 -0.802941 0.356687
v -1.293801 0.203115 0.758268
v -0.266017 0.760506 -0.197006
v 0.779095 -0.532489 -0.065407
v -0.006228 -1.313353 0.241544
v 0.045232 -1.243128 1.003525
v 0.473095 -0.247636 1.418210
v -0.456646 0.581015 -1.192290
v -0.772646 0.352902 0.876489
v -0.128001 -0.473744 0.332071
v 1.282808 -0.435567 -0.546809
v 0.477725 -0.372557 0.211978
v 0.621945 -0.689835 1.112274
v -1.349213 -0.263907 -0.663799
v -0.087439 0.846304 -0.651869
v -0.507257 -0.331950 -0.835809
v 1.036844 -0.849865 0.814199
v -0.516708 -0.377807 -1.146059
v 1.093496 -0.125901 0.594863
v -0.052892 -0.010938 1.563757
v 1.025465 -1.065896 -0.829652
v -0.308657 -0.132288 1.059228
v -0.892795 0.571272 -0.358321
v 0.069013 0.077690 -0.630929
v -0.741248 0.192161 0.785695
v 0.426709 -0.719756 0.952130
v -0.359370 -0.700636 0.728290
v 0.526808 0.379821 1.204116
v -1.089493 0.398627 -0.915195
v -0.317026 -0.301789 0.167276
v -1.304591 0.178856 0.686333
v -0.376678 0.290828 0.483561
v -0.345080 -0.871692 0.471423
v 0.224656 -1.226377 -0.574465
v 0.642740 -0.177285 0.534949
v 0.802993 -1.313700 0.052904
v -0.238522 -0.768028 -0.084021
v -0.807719 -0.372653 1.030219
v 0.574153 -0.591808 0.575620
v -0.685729 0.184360 -0.461091
v 0.771094 -0.087218 0.559081
v -1.417725 -0.310783 -0.390490
v -0.132902 -0.028947 -0.781853
v 0.399220 -0.708950 0.875369
v -1.551954 -0.367073 0.510182
v -0.502757 0.075684 -1.564415
v -0.511158 -0.203462 1.217074
v -0.050459 1.305548 0.888777
v -0.715582 0.719131 0.942143
v -0.200149 0.068082 0.769796
v 0.870733 -1.197184 -0.714500
v -0.179609 -0.708123 -0.061357
v 0.289270 -1.147414 -1.442990
v 1.410614 -1.011527 -0.209353
v -0.537924 -0.003089 1.588665
v -0.713885 -0.058420 -0.591245
v -1.396949 0.247814 -0.532914
v -0.300215 0.627285 0.329347
v 0.298303 -0.052045 0.876403
v -0.465460 0.875299 -0.506954
v -0.671043 -0.037384 -0.140362
v -0.010400 0.518859 -1.133418
v 0.416327 -0.138330 0.960780
v -0.222281 0.674991 1.375957
v -0.446137 -0.693020 1.148267
v -0.047595 -0.744807 1.126869
v -1.019893 -0.351945 -0.441644
v -0.959658 -0.238090 0.836849
v -1.190562 0.081235 0.821842
v 0.597204 -0.572704 0.208508
v -0.384004 -0.050188 0.184552
v -1.066218 -0.139188 0.695685
v -0.075023 -0.936731 -0.586095
v -0.314768 0.360951 1.016304
v -0.792076 0.001523 0.209795
v -0.647643 0.701502 0.822159
v -0.476265 0.211267 0.010832
v -0.823016 0.496477 0.272041
v -0.275729 0.481532 0.434886
v 0.755593 -0.543130 0.331957
v 0.555019 -0.265714 0.182495
v -0.400592 0.611914 0.907620
v 0.876788 -0.503356 -0.369502
v -0.559655 0.372024 -0.535995
v -0.889495 -0.479442 -0.381448
v -0.417864 0.999494 -0.720017
v -0.809376 -0.005632 1.239385
v -1.199871 0.383809 1.311785
v 0.621605 0.097992 -0.467799
v -0.702025 0.258964 0.347512
v -0.186137 -0.791783 0.155643
v 0.208653 -0.092367 -0.028830
v -0.262611 -0.594149 0.748538
v -0.176433 0.701676 1.048456
v -0.300274 0.145252 -0.945507
v -1.086058 0.236088 -0.599249
v -0.711803 1.470167 0.586305
v 0.347397 -1.139399 0.158129
v -0.339995 1.148929 0.131927
v 0.015132 -0.571896 -0.622888
v -1.063056 -0.221989 -0.113275
v -0.739789 -0.115031 0.871119
v -1.295354 0.562921 0.373219
v -0.076069 0.559044 0.985522
v -1.090546 0.466403 0.250141
v -0.995609 0.166641 0.234741
v -1.373863 -0.363857 0.778804
v -0.811688 -1.571638 -0.473850
v -0.693472 0.731363 -0.296686
v -0.382888 0.186569 -0.691953
v -0.341306 0.216700 -0.592181
v 0.328277 -1.199764 0.703729
v -0.222449 0.011475 0.097481
v -1.489680 -0.201134 -0.405260
v 1.184332 -0.597607 0.952832
v -0.984257 -1.202791 0.729666
v -0.356494 0.894488 -0.541181
v 0.467737 0.610582 0.384529
v -0.581238 0.264942 1.073541
v -0.116287 0.776230 0.395383
v -0.812550 0.291688 0.208791
v 1.334110 -0.631098 0.494982
v -0.553913 0.493654 -0.261184
v -0.048020 -0.887331 0.475710
v -1.099966 -0.139994 0.411487
v -0.239030 0.727034 0.093379
v -0.495799 0.431720 0.672055
v -1.498885 0.092706 1.489260
v 0.869143 -0.658752 0.785862
v -0.323498 0.247489 -0.618320
v -0.041257 -1.594433 0.100119
v 0.174867 -0.733796 1.151537
v 1.495630 -0.562511 0.797897
v -0.969064 -0.399070 0.676946
v -0.170609 1.438607 -0.001452
v 0.658672 -0.861687 0.551930
v -0.057763 -0.673690 0.693608
v 1.144874 0.099422 0.271207
v -0.594146 0.014948 0.111253
v -0.920548 1.095561 0.563120
v -0.352292 -0.206990 1.534755
v -0.900943 -0.582349 0.215760
v 0.188132 0.750228 -1.305181
v -1.426971 0.249189 -0.225254
v -0.944046 -0.752829 -0.585774
v -0.412481 -1.273736 0.183170
v -0.427384 0.846434 -1.103837
v 0.030821 -0.581149 0.420101
v 0.025114 -1.206939 0.559315
v -0.297995 0.000876 0.460681
v 1.090129 0.003858 0.705433
v 0.211256 -0.112668 0.901971
v -1.259664 0.088157 0.574375
v -0.616086 0.135691 -0.584194
v -0.324042 -0.501842 0.551550
v -0.441642 0.133880 0.309111
v 1.007163 -1.092437 -0.559650
v -0.987170 0.671456 1.194330
v -1.268011 0.355278 0.594342
v 0.326037 -1.100757 0.808861
v -0.711927 0.430468 -0.493385
v -0.149898 0.295857 -0.135236
v 0.650772 -0.157647 1.509636
f 1 12 3159
f 1 6 2458
f 1 2 1010
f 1 8 1644
f 1 11 9454
f 2 6 7373
f 6 12 13
f 12 11 37
f 11 8 433
f 8 2 770
f 4 10 56
f 4 5 356
f 4 3 104
f 4 7 590
f 4 9 96
f 5 10 2599
f 3 5 6676
f 7 3 2214
f 9 7 5264
f 10 9 203
f 12 5 140
f 5 6 58
f 5 13 117
f 13 12 6712
f 3 11 1042
f 11 7 1770
f 11 3 3368
f 3 12 197
f 12 6 9646
f 6 1 1994
f 6 17 896
f 17 12 5305
f 7 9 1765
f 9 4 3180
f 8 7 23
f 7 11 4172
f 5 3 702
f 3 4 5340
f 6 13 528
f 13 5 54
f 7 20 23
f 20 8 120
f 12 14 92
f 14 13 74
f 8 23 9536
f 23 20 3305
f 3 7 5674
f 7 4 7526
f 12 17 7355
f 17 1 453
f 3 26 2028
f 26 4 768
f 6 18 2724
f 18 12 957
f 7 8 1913
f 8 9 1981
f 14 24 8077
f 24 12 8757
f 8 25 6080
f 25 20 1650
f 12 16 1959
f 16 3 145
f 7 26 34
f 26 3 1760
f 6 2 119
f 2 1 8439
f 10 6 85
f 6 5 5889
f 11 16 3924
f 16 12 2698
f 1 17 1466
f 17 6 166
f 4 19 472
f 19 9 1126
f 24 31 722
f 31 14 1991
f 6 10 1346
f 10 2 338
f 13 22 3954
f 22 6 8156
f 4 39 225
f 39 9 130
f 6 38 44
f 38 17 4200
f 8 20 571
f 20 11 9723
f 20 45 2540
f 45 8 5341
f 16 33 7808
f 33 12 2108
f 10 5 4319
f 5 4 381
f 3 28 1154
f 28 4 4565
f 4 49 1888
f 49 28 1996
f 12 29 80
f 29 18 1847
f 2 35 52
f 35 6 411
f 1 35 4916
f 35 2 53
f 5 22 2034
f 22 13 6397
f 6 44 2587
f 44 17 3807
f 10 48 863
f 48 4 9849
f 14 40 2801
f 40 31 7820
f 6 22 2184
f 22 5 915
f 9 43 5129
f 43 39 5431
f 31 57 3040
f 57 40 2009
f 2 52 3527
f 52 6 4031
f 12 24 9909
f 24 13 8423
f 9 10 63
f 10 4 106
f 13 62 103
f 62 24 8247
f 10 41 2947
f 41 6 1585
f 40 60 9693
f 60 57 7114
f 3 21 4899
f 21 5 674
f 6 52 3341
f 52 35 5397
f 20 32 843
f 32 25 799
f 10 36 997
f 36 5 3383
f 8 11 71
f 11 1 7860
f 8 45 7719
f 45 11 803
f 8 32 169
f 32 20 1297
f 13 24 258
f 24 14 6085
f 4 48 4349
f 48 5 1625
f 40 57 112
f 57 14 2958
f 6 42 3001
f 42 22 5638
f 4 26 78
f 26 7 3521
f 5 48 2574
f 48 10 6739
f 29 51 7866
f 51 12 9469
f 6 29 81
f 29 12 7982
f 25 69 1741
f 69 32 186
f 39 43 2524
f 43 4 9785
f 20 69 5814
f 69 25 4504
f 6 36 1975
f 36 10 1894
f 11 45 9998
f 45 20 6221
f 11 15 449
f 15 3 1205
f 8 71 3910
f 71 1 379
f 36 70 4173
f 70 10 680
f 5 67 2383
f 67 21 90
f 39 59 8959
f 59 43 9420
f 14 31 92
f 31 12 1668
f 17 27 3144
f 27 12 1136
f 39 91 2945
f 91 43 849
f 5 75 1544
f 75 48 8417
f 9 63 96
f 63 4 99
f 4 28 3517
f 28 26 275
f 12 80 6776
f 80 51 2495
f 4 96 2415
f 96 63 1244
f 40 76 4472
f 76 14 280
f 24 62 1702
f 62 12 3131
f 14 57 5437
f 57 31 537
f 62 64 494
f 64 13 2547
f 3 49 879
f 49 4 8116
f 28 97 105
f 97 4 6226
f 4 63 1275
f 63 10 9918
f 57 60 4180
f 60 31 2611
f 51 98 621
f 98 80 1967
f 24 40 525
f 40 14 739
f 8 72 657
f 72 11 1504
f 14 102 111
f 102 31 111
f 57 76 3456
f 76 40 1774
f 2 61 7843
f 61 6 2963
f 4 56 4002
f 56 48 1857
f 17 18 1659
f 18 6 611
f 24 101 116
f 101 12 1476
f 13 14 8507
f 14 5 6361
f 60 107 618
f 107 57 4703
f 2 113 9793
f 113 6 2276
f 8 73 8614
f 73 20 1043
f 14 100 5119
f 100 76 121
f 4 21 1722
f 21 3 7418
f 48 114 3410
f 114 56 7318
f 12 101 1223
f 101 62 6184
f 18 115 125
f 115 17 7001
f 14 111 272
f 111 31 386
f 35 53 127
f 53 1 425
f 25 84 988
f 84 69 6728
f 36 89 8932
f 89 10 684
f 9 59 130
f 59 39 130
f 63 99 7176
f 99 96 1538
f 12 31 5488
f 31 24 1089
f 24 116 3580
f 116 12 8798
f 1 88 1189
f 88 71 1072
f 1 71 150
f 71 11 1454
f 43 59 5219
f 59 9 6590
f 24 109 5849
f 109 14 2857
f 12 37 1686
f 37 16 138
f 17 115 7295
f 115 6 1637
f 5 14 6200
f 14 12 2888
f 5 70 767
f 70 36 2341
f 9 39 168
f 39 19 3595
f 12 47 4970
f 47 33 1387
f 4 105 6854
f 105 97 7185
f 3 33 4446
f 33 16 3240
f 6 68 2003
f 68 35 5854
f 67 90 2425
f 90 5 147
f 35 146 1948
f 146 68 6264
f 6 119 170
f 119 113 6804
f 71 135 1554
f 135 1 459
f 47 143 151
f 143 12 4291
f 26 28 1896
f 28 3 776
f 57 118 1855
f 118 107 709
f 37 138 3726
f 138 12 1443
f 35 148 2699
f 148 68 3400
f 12 116 5159
f 116 101 6553
f 7 15 3415
f 15 11 2355
f 9 142 4415
f 142 19 1871
f 12 62 350
f 62 13 3113
f 48 95 1908
f 95 75 496
f 6 146 1112
f 146 35 2872
f 33 145 1642
f 145 3 4968
f 114 123 4737
f 123 48 163
f 20 73 8388
f 73 32 487
f 42 77 2600
f 77 6 3700
f 6 55 443
f 55 17 7205
f 23 25 167
f 25 8 9222
f 39 142 857
f 142 9 8051
f 32 73 240
f 73 8 9180
f 119 149 170
f 149 6 8210
f 6 149 4604
f 149 113 3965
f 75 95 6091
f 95 5 172
f 6 161 1703
f 161 35 951
f 28 49 5789
f 49 3 3422
f 20 86 1542
f 86 45 8689
f 67 147 3888
f 147 5 9806
f 12 151 8505
f 151 143 8663
f 32 82 4701
f 82 69 6258
f 64 103 1792
f 103 62 5298
f 60 66 4920
f 66 40 3843
f 1 150 2723
f 150 135 9676
f 115 139 182
f 139 17 9895
f 98 108 6720
f 108 51 8206
f 146 161 548
f 161 6 4728
f 61 113 5198
f 113 2 2232
f 32 178 2030
f 178 69 1002
f 3 16 2300
f 16 11 7103
f 31 102 731
f 102 57 2642
f 11 135 9921
f 135 71 3968
f 7 19 190
f 19 4 1742
f 62 179 3241
f 179 103 3374
f 116 156 2941
f 156 12 192
f 8 169 4744
f 169 73 1545
f 5 21 647
f 21 4 8605
f 3 87 1438
f 87 15 959
f 11 189 9518
f 189 71 9860
f 12 33 3792
f 33 3 3076
f 4 194 401
f 194 21 949
f 7 30 220
f 30 9 4965
f 1 135 4761
f 135 11 3721
f 4 104 6062
f 104 49 1334
f 10 106 6670
f 106 63 6312
f 9 2 7619
f 2 10 1756
f 14 121 558
f 121 76 204
f 12 93 205
f 93 27 8542
f 12 154 5089
f 154 138 2640
f 97 144 7586
f 144 105 4367
f 73 164 679
f 164 20 9029
f 73 169 209
f 169 32 209
f 20 120 7868
f 120 73 4303
f 118 153 2394
f 153 57 1323
f 22 54 1165
f 54 5 212
f 18 125 7647
f 125 17 8226
f 33 162 864
f 162 3 214
f 88 134 260
f 134 1 1671
f 22 42 9244
f 42 13 1955
f 57 66 217
f 66 60 1654
f 114 163 7423
f 163 48 441
f 142 158 219
f 158 9 2237
f 30 199 6351
f 199 7 1674
f 20 25 2829
f 25 23 221
f 5 95 3279
f 95 48 5391
f 73 209 223
f 209 32 2680
f 4 190 369
f 190 19 9196
f 39 83 9163
f 83 4 784
f 23 167 226
f 167 8 8529
f 149 171 1200
f 171 6 227
f 10 202 3257
f 202 63 8166
f 138 206 1335
f 206 154 3037
f 37 154 5406
f 154 12 230
f 13 216 9425
f 216 42 231
f 27 205 1827
f 205 93 232
f 135 181 4542
f 181 150 523
f 154 230 6531
f 230 37 8230
f 67 176 2731
f 176 5 7585
f 114 218 3028
f 218 48 1091
f 5 90 2709
f 90 21 3935
f 4 114 238
f 114 48 238
f 18 213 9733
f 213 17 239
f 73 223 240
f 223 32 317
f 49 201 1940
f 201 104 3513
f 22 58 1239
f 58 6 242
f 7 34 2306
f 34 3 243
f 27 232 1844
f 232 93 3784
f 28 152 8657
f 152 26 1363
f 138 154 284
f 154 37 549
f 6 165 320
f 165 77 3451
f 89 129 2119
f 129 36 248
f 5 117 4507
f 117 14 4972
f 71 196 8000
f 196 189 2489
f 49 50 7674
f 50 4 4502
f 60 180 3565
f 180 40 1003
f 80 98 3196
f 98 12 589
f 32 223 2390
f 223 209 2710
f 1 200 2726
f 200 11 1479
f 6 77 256
f 77 22 891
f 20 221 6757
f 221 23 1105
f 24 74 6625
f 74 13 258
f 56 114 4189
f 114 4 7579
f 134 215 2770
f 215 88 626
f 90 237 6566
f 237 5 261
f 25 82 1178
f 82 32 880
f 69 178 9808
f 178 82 263
f 72 110 4051
f 110 8 1361
f 52 61 4826
f 61 2 265
f 3 34 2090
f 34 26 7845
f 169 193 599
f 193 8 267
f 11 20 1516
f 20 7 268
f 6 256 2041
f 256 22 5360
f 12 253 8300
f 253 98 1471
f 11 200 816
f 200 135 5247
f 111 126 1831
f 126 14 272
f 7 157 273
f 157 11 273
f 24 64 907
f 64 62 274
f 26 97 275
f 97 28 9289
f 18 29 276
f 29 6 6746
f 49 104 8465
f 104 3 5404
f 31 40 2557
f 40 24 2756
f 154 246 2551
f 246 138 279
f 14 204 4350
f 204 76 7027
f 105 144 3186
f 144 4 792
f 76 112 282
f 112 57 7835
f 1 27 1404
f 27 17 5506
f 154 279 2191
f 279 138 1687
f 22 256 285
f 256 77 444
f 6 173 752
f 173 35 3590
f 5 176 8701
f 176 147 287
f 73 120 288
f 120 8 786
f 48 160 1805
f 160 75 367
f 70 89 290
f 89 36 290
f 14 137 7290
f 137 109 6093
f 3 277 4566
f 277 104 2623
f 11 268 405
f 268 7 2180
f 73 288 1149
f 288 8 294
f 63 228 295
f 228 202 961
f 57 153 1216
f 153 107 2205
f 82 262 7394
f 262 25 297
f 114 259 1788
f 259 56 913
f 113 149 6394
f 149 119 3801
f 80 108 9524
f 108 98 300
f 4 83 983
f 83 43 7553
f 5 79 6174
f 79 10 6144
f 104 241 303
f 241 201 1381
f 62 159 7789
f 159 12 304
f 5 302 4629
f 302 10 1187
f 150 181 1406
f 181 1 360
f 279 284 307
f 284 154 2014
f 202 228 6390
f 228 10 4119
f 246 279 8760
f 279 154 309
f 232 244 416
f 244 27 2539
f 32 164 5296
f 164 73 7813
f 178 263 7388
f 263 69 3563
f 1 283 469
f 283 17 859
f 19 39 8055
f 39 4 1478
f 80 300 4120
f 300 98 5938
f 108 183 5870
f 183 98 2208
f 32 240 9606
f 240 223 2742
f 54 212 9711
f 212 22 2951
f 73 193 1656
f 193 169 3623
f 165 247 1001
f 247 6 6791
f 153 211 3858
f 211 118 321
f 114 298 4555
f 298 56 9329
f 106 202 2980
f 202 10 3088
f 268 293 2774
f 293 11 324
f 13 42 2373
f 42 6 325
f 31 126 4589
f 126 111 7075
f 20 175 2331
f 175 45 3252
f 32 69 8517
f 69 20 328
f 6 35 3007
f 35 1 5338
f 142 168 330
f 168 39 1276
f 39 94 942
f 94 43 551
f 73 208 1509
f 208 20 4893
f 7 190 333
f 190 4 4550
f 55 166 334
f 166 6 995
f 23 257 1199
f 257 221 3034
f 1 255 336
f 255 11 1565
f 169 267 5315
f 267 8 7321
f 2 41 489
f 41 10 8201
f 12 18 804
f 18 17 3204
f 73 311 2790
f 311 164 9488
f 148 155 9213
f 155 35 579
f 193 319 728
f 319 73 593
f 9 30 343
f 30 8 6156
f 154 307 9005
f 307 284 1353
f 180 252 8273
f 252 60 1605
f 27 283 8726
f 283 1 6336
f 202 295 6663
f 295 228 7005
f 117 249 3937
f 249 5 6868
f 48 289 4213
f 289 75 3840
f 62 304 473
f 304 12 350
f 69 84 351
f 84 20 7506
f 12 81 557
f 81 29 1468
f 149 299 7410
f 299 113 412
f 72 264 2925
f 264 8 354
f 104 303 1596
f 303 201 355
f 5 194 2019
f 194 4 8203
f 49 251 3260
f 251 4 7067
f 69 128 4225
f 128 84 1020
f 7 78 3210
f 78 26 2335
f 1 306 5707
f 306 181 6872
f 154 229 1794
f 229 206 361
f 45 175 3250
f 175 86 362
f 28 245 4143
f 245 26 3914
f 28 105 2277
f 105 4 1193
f 1 346 4318
f 346 283 365
f 4 144 2612
f 144 97 914
f 75 289 986
f 289 160 1030
f 19 314 368
f 314 4 3052
f 190 224 3481
f 224 4 723
f 52 68 370
f 68 6 370
f 35 161 371
f 161 146 371
f 193 342 7492
f 342 73 2821
f 194 356 665
f 356 5 1119
f 218 236 9876
f 236 114 622
f 48 236 7712
f 236 218 375
f 19 142 5439
f 142 39 8344
f 4 356 8462
f 356 194 1709
f 13 231 1389
f 231 42 1726
f 1 134 5163
f 134 71 5751
f 138 246 2315
f 246 37 1250
f 4 75 1005
f 75 5 4149
f 4 259 382
f 259 114 6741
f 10 79 3978
f 79 48 3308
f 178 312 7533
f 312 69 4176
f 22 242 4603
f 242 6 1016
f 31 326 5195
f 326 111 3618
f 98 316 5785
f 316 183 387
f 36 85 3296
f 85 6 2655
f 33 214 389
f 214 3 4329
f 79 383 5719
f 383 10 6975
f 22 285 391
f 285 77 391
f 13 64 1238
f 64 24 2100
f 93 244 4992
f 244 232 4088
f 60 345 1125
f 345 252 6799
f 224 369 836
f 369 190 3237
f 5 222 3695
f 222 48 1724
f 90 261 3791
f 261 5 1570
f 8 193 398
f 193 73 1386
f 6 320 1575
f 320 247 476
f 4 50 9716
f 50 28 588
f 194 198 5024
f 198 4 1203
f 138 380 9155
f 380 37 452
f 43 331 7049
f 331 94 403
f 342 372 5193
f 372 193 404
f 268 324 6706
f 324 11 3363
f 16 145 3943
f 145 33 5580
f 1 336 2613
f 336 11 8297
f 11 157 408
f 157 15 6971
f 156 192 3026
f 192 116 852
f 83 225 8908
f 225 39 7996
f 6 286 3343
f 286 35 411
f 113 353 808
f 353 299 3120
f 42 216 9253
f 216 22 1419
f 25 262 5291
f 262 32 874
f 103 191 1017
f 191 179 718
f 244 310 706
f 310 232 5300
f 79 390 417
f 390 10 417
f 88 215 418
f 215 1 735
f 79 417 9989
f 417 10 8998
f 176 287 8684
f 287 5 1115
f 4 224 8121
f 224 19 421
f 3 197 422
f 197 33 422
f 116 409 9820
f 409 192 5137
f 27 346 2480
f 346 1 1240
f 1 127 4096
f 127 53 9972
f 9 168 7472
f 168 142 3504
f 143 177 5320
f 177 151 427
f 6 171 5209
f 171 113 7486
f 6 184 4828
f 184 161 429
f 127 425 430
f 425 1 3365
f 164 311 3897
f 311 32 5699
f 6 139 8157
f 139 115 432
f 8 110 1732
f 110 11 5610
f 369 395 2662
f 395 224 6046
f 43 301 435
f 301 83 510
f 119 299 495
f 299 149 436
f 29 352 9320
f 352 81 437
f 73 372 5819
f 372 342 1777
f 12 27 6606
f 27 1 3528
f 2 185 7201
f 185 113 440
f 48 218 6424
f 218 163 5266
f 356 373 1260
f 373 194 8024
f 55 334 1763
f 334 6 3636
f 77 285 1561
f 285 256 444
f 179 415 2367
f 415 191 5489
f 279 309 6014
f 309 246 4376
f 8 398 447
f 398 73 8151
f 4 78 3576
f 78 7 448
f 15 87 531
f 87 11 9570
f 190 395 6451
f 395 369 2802
f 194 377 451
f 377 356 725
f 37 402 1584
f 402 380 452
f 1 313 2616
f 313 17 2744
f 319 342 2508
f 342 193 3739
f 21 122 455
f 122 4 8111
f 200 271 7250
f 271 11 456
f 134 379 457
f 379 1 687
f 93 393 3288
f 393 232 7269
f 1 181 829
f 181 135 459
f 4 198 801
f 198 21 3751
f 18 339 2840
f 339 12 461
f 215 260 3854
f 260 134 9954
f 21 67 513
f 67 3 8988
f 200 255 471
f 255 1 464
f 212 318 6028
f 318 54 1819
f 57 282 3832
f 282 112 8773
f 9 158 2748
f 158 19 1830
f 105 207 4779
f 207 144 468
f 283 313 469
f 313 1 8797
f 395 434 4927
f 434 369 4183
f 255 464 9019
f 464 200 1630
f 19 368 738
f 368 4 3262
f 304 350 7248
f 350 62 1531
f 24 133 554
f 133 12 8906
f 12 138 2937
f 138 16 5411
f 247 399 4475
f 399 320 3999
f 32 328 477
f 328 20 477
f 101 156 478
f 156 116 3483
f 152 245 9565
f 245 28 479
f 97 207 717
f 207 105 1612
f 289 367 1506
f 367 75 3011
f 142 426 6021
f 426 168 4076
f 60 118 8648
f 118 57 483
f 62 473 7916
f 473 350 5521
f 3 174 7222
f 174 49 1843
f 33 197 2521
f 197 12 486
f 32 311 978
f 311 73 1601
f 51 183 2424
f 183 108 7136
f 41 338 8316
f 338 2 1646
f 20 84 3073
f 84 25 5027
f 120 210 1638
f 210 20 491
f 90 397 2604
f 397 5 3184
f 350 484 493
f 484 473 493
f 64 179 2077
f 179 62 494
f 299 436 2229
f 436 119 573
f 75 160 4273
f 160 95 9997
f 77 165 497
f 165 42 4013
f 232 310 4462
f 310 27 7941
f 310 498 2460
f 498 232 1050
f 104 277 500
f 277 49 3951
f 247 320 2160
f 320 165 1026
f 114 322 5234
f 322 56 5708
f 118 483 503
f 483 60 5706
f 75 172 5642
f 172 5 708
f 118 211 505
f 211 57 5452
f 153 321 1839
f 321 118 812
f 8 88 507
f 88 1 6801
f 14 291 3921
f 291 109 5543
f 4 225 2474
f 225 83 9551
f 83 435 9235
f 435 301 510
f 49 357 668
f 357 4 2270
f 84 358 7233
f 358 128 9827
f 67 463 8690
f 463 21 513
f 49 174 8919
f 174 28 2197
f 5 504 2358
f 504 172 515
f 95 496 5783
f 496 160 1998
f 3 422 517
f 422 33 8223
f 60 483 2102
f 483 57 541
f 49 500 1055
f 500 277 519
f 14 126 1264
f 126 31 520
f 32 431 4590
f 431 311 1708
f 12 474 522
f 474 133 4754
f 150 233 4137
f 233 181 3291
f 172 504 524
f 504 75 1521
f 40 109 525
f 109 24 5839
f 98 387 5778
f 387 183 1892
f 3 195 6142
f 195 15 527
f 13 325 1225
f 325 6 6077
f 105 480 755
f 480 207 2219
f 12 339 2370
f 339 17 1999
f 87 449 531
f 449 15 531
f 10 308 532
f 308 228 532
f 8 46 5347
f 46 45 5972
f 135 271 4040
f 271 200 3355
f 165 501 535
f 501 320 3163
f 28 364 1132
f 364 4 5781
f 31 188 1919
f 188 57 678
f 58 242 7313
f 242 22 538
f 113 171 1915
f 171 149 539
f 148 341 2818
f 341 35 5801
f 57 518 6242
f 518 483 656
f 18 51 2361
f 51 29 542
f 5 381 543
f 381 75 7849
f 63 295 544
f 295 202 7583
f 207 529 664
f 529 480 8670
f 35 329 6048
f 329 6 1472
f 20 208 9402
f 208 164 5152
f 161 184 5423
f 184 146 548
f 37 246 3600
f 246 154 3092
f 339 530 9400
f 530 12 550
f 43 403 696
f 403 94 7307
f 60 518 5265
f 518 57 553
f 57 552 553
f 552 518 1497
f 133 474 3356
f 474 24 1412
f 113 299 2532
f 299 119 1179
f 75 524 6702
f 524 504 8679
f 81 352 3688
f 352 12 950
f 121 204 558
f 204 14 747
f 73 438 1041
f 438 342 559
f 13 54 5383
f 54 22 4398
f 225 410 561
f 410 83 561
f 62 101 1704
f 101 24 562
f 62 124 1343
f 124 101 3945
f 10 338 3670
f 338 41 9607
f 164 547 3871
f 547 208 4263
f 33 47 8885
f 47 16 2580
f 11 405 726
f 405 324 2170
f 496 516 698
f 516 95 568
f 192 423 8550
f 423 409 569
f 77 497 904
f 497 42 4895
f 20 46 6279
f 46 8 1256
f 358 512 971
f 512 84 7450
f 119 495 8899
f 495 436 573
f 6 385 2154
f 385 242 2526
f 12 439 575
f 439 1 1925
f 342 438 4599
f 438 372 576
f 135 200 3516
f 200 1 9021
f 10 85 578
f 85 36 9399
f 35 341 6419
f 341 155 1828
f 14 74 4102
f 74 24 4132
f 26 245 581
f 245 152 1820
f 73 487 691
f 487 311 3825
f 1 507 583
f 507 88 9066
f 160 289 584
f 289 48 584
f 1 575 585
f 575 439 7517
f 42 325 6969
f 325 13 6699
f 245 363 5139
f 363 28 9112
f 28 400 7755
f 400 50 9240
f 12 270 589
f 270 98 9526
f 7 333 2936
f 333 4 2332
f 208 565 591
f 565 547 591
f 5 397 3475
f 397 261 1942
f 73 342 690
f 342 319 917
f 155 341 2217
f 341 148 1023
f 48 75 7057
f 75 4 595
f 27 424 7043
f 424 1 596
f 90 147 2250
f 147 67 1947
f 138 402 3447
f 402 37 598
f 193 267 3460
f 267 169 599
f 194 442 1325
f 442 373 600
f 169 337 3017
f 337 8 3492
f 415 445 9717
f 445 179 8486
f 307 344 603
f 344 154 1490
f 211 321 8305
f 321 153 1893
f 71 88 5587
f 88 8 2377
f 232 498 4736
f 498 27 4253
f 311 521 4628
f 521 431 607
f 518 541 4626
f 541 57 833
f 12 177 7741
f 177 143 609
f 62 562 2434
f 562 24 610
f 6 115 9783
f 115 18 2966
f 27 93 876
f 93 17 3722
f 49 241 3197
f 241 104 5823
f 311 487 1400
f 487 32 8711
f 402 598 615
f 598 138 7052
f 6 247 1813
f 247 77 835
f 77 247 6158
f 247 165 7345
f 107 118 7288
f 118 60 618
f 69 328 3675
f 328 32 619
f 320 501 987
f 501 247 5773
f 98 183 6274
f 183 51 3506
f 114 374 3255
f 374 236 1608
f 48 349 623
f 349 75 5963
f 224 434 4663
f 434 395 5168
f 84 512 772
f 512 128 3299
f 88 260 9493
f 260 215 2466
f 74 258 6039
f 258 24 4356
f 24 137 1679
f 137 14 1754
f 10 70 2649
f 70 5 5818
f 236 375 630
f 375 48 3145
f 94 551 2514
f 551 403 631
f 261 397 1752
f 397 90 3667
f 35 540 2934
f 540 341 1097
f 13 560 634
f 560 22 1375
f 319 454 3312
f 454 193 1895
f 40 252 5256
f 252 180 9359
f 483 541 637
f 541 518 6508
f 14 520 9884
f 520 31 2519
f 75 623 5388
f 623 349 1339
f 524 556 640
f 556 75 640
f 6 61 8667
f 61 52 7107
f 56 259 8883
f 259 4 5387
f 87 195 643
f 195 3 643
f 98 526 1670
f 526 183 6691
f 2 203 645
f 203 9 3111
f 10 578 9782
f 578 36 646
f 21 194 1772
f 194 5 2690
f 40 112 8971
f 112 76 5794
f 83 509 6535
f 509 225 649
f 246 380 650
f 380 138 2026
f 320 476 2004
f 476 399 2183
f 118 506 652
f 506 321 1796
f 201 241 7048
f 241 49 8394
f 352 437 1063
f 437 29 1634
f 6 616 655
f 616 77 9087
f 483 637 6505
f 637 518 1938
f 72 354 4240
f 354 8 7721
f 1 469 1949
f 469 313 916
f 4 421 1816
f 421 19 8840
f 6 65 4380
f 65 41 769
f 439 585 661
f 585 575 1710
f 3 292 5630
f 292 104 6384
f 28 587 4396
f 587 363 2582
f 529 545 664
f 545 207 6540
f 356 442 665
f 442 194 9881
f 11 407 3182
f 407 336 2452
f 480 545 667
f 545 529 667
f 357 511 668
f 511 49 3746
f 325 528 669
f 528 13 669
f 28 536 2553
f 536 4 2643
f 267 337 4998
f 337 169 6778
f 82 297 4934
f 297 25 3690
f 318 465 2417
f 465 212 673
f 5 237 9063
f 237 21 7498
f 48 123 5656
f 123 56 3067
f 5 629 721
f 629 70 8450
f 104 201 9052
f 201 4 2703
f 57 537 1977
f 537 188 8255
f 164 208 5374
f 208 73 1247
f 10 89 9988
f 89 70 1465
f 8 167 681
f 167 25 4655
f 135 577 4378
f 577 1 682
f 56 675 683
f 675 123 3931
f 10 129 684
f 129 89 1018
f 21 455 4835
f 455 4 685
f 88 418 686
f 418 1 872
f 1 457 687
f 457 379 687
f 69 351 1156
f 351 20 4026
f 57 211 9300
f 211 153 689
f 342 593 7172
f 593 73 4108
f 487 582 1134
f 582 73 8021
f 334 443 7659
f 443 55 2275
f 5 676 693
f 676 70 1398
f 12 51 694
f 51 18 2268
f 168 482 695
f 482 426 7409
f 403 551 893
f 551 43 696
f 164 340 5644
f 340 311 4525
f 516 568 2264
f 568 496 698
f 98 253 2961
f 253 80 8310
f 14 638 8958
f 638 31 4585
f 21 460 6150
f 460 198 8097
f 3 67 6030
f 67 5 3523
f 48 383 8936
f 383 79 9796
f 134 462 5547
f 462 260 704
f 79 703 1198
f 703 383 9787
f 310 416 8378
f 416 244 802
f 421 659 3727
f 659 4 707
f 5 515 996
f 515 172 9238
f 107 153 6360
f 153 118 9953
f 244 706 1964
f 706 416 710
f 24 580 4069
f 580 74 2778
f 43 94 5232
f 94 91 4307
f 4 509 713
f 509 83 5214
f 256 269 6559
f 269 6 6422
f 149 353 715
f 353 113 6794
f 12 143 7560
f 143 33 4620
f 207 480 6539
f 480 97 9935
f 179 445 718
f 445 191 3617
f 346 365 8970
f 365 1 719
f 154 603 2138
f 603 344 720
f 629 676 721
f 676 5 1164
f 31 278 722
f 278 24 2343
f 4 369 6704
f 369 224 2922
f 5 543 724
f 543 75 8639
f 356 451 5430
f 451 377 725
f 405 567 5510
f 567 11 1426
f 20 351 2979
f 351 84 727
f 319 635 728
f 635 193 728
f 74 711 6600
f 711 580 953
f 20 327 8437
f 327 45 8545
f 102 188 7488
f 188 31 9738
f 257 335 732
f 335 23 6110
f 326 386 8181
f 386 31 1452
f 155 579 734
f 579 341 734
f 1 418 735
f 418 215 735
f 10 532 1734
f 532 228 8373
f 289 481 3358
f 481 75 870
f 368 472 4106
f 472 19 3838
f 14 109 739
f 109 40 739
f 11 196 8941
f 196 71 2677
f 191 718 741
f 718 445 741
f 253 270 6737
f 270 12 1492
f 247 617 2786
f 617 77 2391
f 9 19 744
f 19 7 8562
f 48 595 745
f 595 4 4084
f 35 633 746
f 633 341 7547
f 14 558 747
f 558 204 747
f 259 642 5710
f 642 56 8306
f 54 318 749
f 318 22 1215
f 154 361 1095
f 361 206 2000
f 5 235 2754
f 235 176 751
f 173 286 752
f 286 6 752
f 207 545 753
f 545 480 753
f 20 268 7663
f 268 11 6448
f 480 529 1253
f 529 105 755
f 191 741 9045
f 741 445 7970
f 206 750 4852
f 750 361 7942
f 7 220 758
f 220 199 3381
f 13 634 759
f 634 22 8894
f 741 756 791
f 756 191 5661
f 10 302 4765
f 302 79 1600
f 20 164 1997
f 164 32 5245
f 216 231 763
f 231 13 4363
f 113 715 6849
f 715 353 764
f 202 347 6738
f 347 228 1057
f 369 450 4289
f 450 395 766
f 70 141 9285
f 141 5 767
f 4 97 2798
f 97 26 7474
f 41 660 769
f 660 65 6726
f 2 9 4971
f 9 8 1781
f 642 748 8704
f 748 259 8629
f 512 625 772
f 625 84 7110
f 259 771 5643
f 771 748 3327
f 11 336 1776
f 336 255 3194
f 435 510 1305
f 510 83 5832
f 3 152 5390
f 152 28 776
f 32 477 777
f 477 20 1336
f 66 180 778
f 180 60 1676
f 20 547 779
f 547 164 779
f 306 360 1201
f 360 1 6400
f 4 455 2865
f 455 122 4518
f 183 488 4578
f 488 51 782
f 41 564 947
f 564 338 783
f 4 713 5037
f 713 83 1131
f 14 700 785
f 700 31 785
f 8 288 786
f 288 120 1172
f 262 414 1530
f 414 25 960
f 62 610 788
f 610 24 1834
f 509 649 789
f 649 83 902
f 252 394 790
f 394 345 8403
f 756 760 892
f 760 741 4372
f 4 281 5479
f 281 144 4121
f 60 778 851
f 778 180 7065
f 352 654 794
f 654 29 3646
f 363 587 795
f 587 245 4890
f 143 716 1513
f 716 12 5722
f 22 77 2670
f 77 42 797
f 27 498 9521
f 498 310 8952
f 25 414 8281
f 414 32 2060
f 180 793 6413
f 793 778 4354
f 198 460 2782
f 460 4 2579
f 244 710 6338
f 710 416 3687
f 11 72 1061
f 72 45 984
f 18 461 804
f 461 12 1128
f 706 710 805
f 710 244 1034
f 268 754 4796
f 754 20 3108
f 6 574 1487
f 574 242 8290
f 353 412 5356
f 412 113 6942
f 580 711 8011
f 711 24 1067
f 12 609 5885
f 609 143 7584
f 73 582 8264
f 582 311 811
f 118 652 4730
f 652 321 3560
f 43 435 2684
f 435 83 8172
f 175 327 814
f 327 20 1270
f 316 387 6534
f 387 98 6442
f 200 456 816
f 456 11 817
f 11 816 4732
f 816 456 8544
f 15 157 4201
f 157 7 4558
f 342 454 4327
f 454 319 9840
f 1 215 820
f 215 134 820
f 236 630 3608
f 630 48 3256
f 236 374 8571
f 374 218 4151
f 342 576 4720
f 576 372 8751
f 6 660 1864
f 660 41 824
f 434 624 6446
f 624 224 6033
f 94 631 826
f 631 403 3407
f 45 730 3078
f 730 327 827
f 338 564 2230
f 564 10 828
f 181 459 9072
f 459 1 8057
f 160 584 862
f 584 48 2884
f 6 641 1675
f 641 52 3983
f 456 817 1442
f 817 816 3585
f 57 608 5010
f 608 541 3276
f 104 677 2760
f 677 4 3755
f 77 616 835
f 616 247 835
f 369 434 2843
f 434 224 1167
f 271 534 8195
f 534 135 837
f 48 56 6683
f 56 10 4718
f 224 421 2222
f 421 4 1711
f 50 400 840
f 400 4 840
f 73 811 841
f 811 311 7805
f 244 805 842
f 805 710 842
f 32 777 8738
f 777 20 2384
f 164 565 1024
f 565 208 8030
f 1 439 845
f 439 27 2042
f 397 492 6876
f 492 90 8261
f 10 390 1960
f 390 383 9313
f 310 499 8005
f 499 232 848
f 43 712 5062
f 712 91 8916
f 101 124 850
f 124 12 850
f 778 793 851
f 793 60 851
f 116 423 8781
f 423 192 852
f 532 736 4412
f 736 10 2679
f 25 672 854
f 672 297 5071
f 473 484 7527
f 484 62 2492
f 191 760 1036
f 760 756 5496
f 142 330 6474
f 330 39 970
f 6 528 8485
f 528 325 2449
f 17 313 5047
f 313 283 859
f 247 620 2024
f 620 501 860
f 4 677 1901
f 677 201 6906
f 584 830 4217
f 830 160 862
f 48 838 924
f 838 10 863
f 162 214 5293
f 214 33 2467
f 253 742 3833
f 742 12 2427
f 17 339 1000
f 339 18 2457
f 360 780 8595
f 780 306 5262
f 4 366 6414
f 366 97 1255
f 20 843 2454
f 843 777 869
f 75 737 870
f 737 481 3246
f 13 392 871
f 392 24 871
f 1 686 9960
f 686 418 9814
f 386 733 4517
f 733 326 989
f 32 414 5631
f 414 262 1099
f 22 212 3213
f 212 5 1883
f 93 612 876
f 612 27 2477
f 146 184 877
f 184 6 877
f 26 266 878
f 266 34 8573
f 49 277 879
f 277 3 879
f 32 262 880
f 262 82 1254
f 114 382 881
f 382 259 881
f 352 557 882
f 557 81 3767
f 551 696 4039
f 696 403 1502
f 241 613 884
f 613 49 884
f 22 797 3673
f 797 42 4499
f 292 662 2779
f 662 3 6006
f 75 556 4235
f 556 504 2652
f 171 227 8520
f 227 149 2052
f 12 810 889
f 810 143 3641
f 733 873 2993
f 873 386 7707
f 22 391 2953
f 391 77 9281
f 760 791 892
f 791 756 892
f 551 883 9397
f 883 403 893
f 12 530 7634
f 530 17 2333
f 25 32 5548
f 32 8 2451
f 17 139 896
f 139 6 7314
f 387 526 3570
f 526 98 8750
f 88 583 898
f 583 507 3420
f 4 43 899
f 43 9 1425
f 12 865 6309
f 865 742 2307
f 141 767 4954
f 767 70 9176
f 83 789 3425
f 789 649 7570
f 309 446 1373
f 446 279 4942
f 497 570 904
f 570 77 904
f 18 276 8125
f 276 6 905
f 69 82 906
f 82 25 906
f 64 274 907
f 274 24 945
f 577 682 908
f 682 135 908
f 322 502 1234
f 502 114 909
f 12 804 8345
f 804 461 1745
f 7 359 5507
f 359 26 4098
f 11 726 1333
f 726 567 1922
f 56 298 913
f 298 259 1808
f 97 366 914
f 366 144 914
f 5 58 915
f 58 22 5363
f 313 658 2295
f 658 469 8570
f 319 593 8549
f 593 342 9948
f 70 290 918
f 290 36 1326
f 4 861 4237
f 861 201 1767
f 78 359 1046
f 359 7 9109
f 412 808 921
f 808 353 2410
f 435 775 3484
f 775 83 9335
f 88 605 8426
f 605 71 923
f 838 863 5170
f 863 48 2334
f 45 803 6415
f 803 72 1214
f 6 655 926
f 655 77 8761
f 13 159 8558
f 159 62 3741
f 11 912 8019
f 912 567 5199
f 334 692 5879
f 692 55 4546
f 76 282 1937
f 282 57 930
f 321 506 9182
f 506 153 3967
f 20 754 7089
f 754 11 3304
f 12 894 7532
f 894 17 5487
f 5 647 5075
f 647 194 1845
f 115 182 4041
f 182 17 1231
f 498 606 1268
f 606 232 936
f 45 327 937
f 327 175 6623
f 206 757 2545
f 757 361 6909
f 88 923 939
f 923 71 939
f 8 681 7245
f 681 25 940
f 251 357 2859
f 357 49 941
f 94 331 942
f 331 39 4197
f 193 635 6927
f 635 454 943
f 5 492 944
f 492 397 3193
f 24 907 945
f 907 274 6488
f 176 235 7456
f 235 67 9974
f 564 783 4813
f 783 41 947
f 83 775 948
f 775 510 948
f 21 198 2651
f 198 194 949
f 12 557 4178
f 557 352 1227
f 35 173 951
f 173 161 990
f 14 580 3271
f 580 24 1290
f 580 729 953
f 729 711 4288
f 434 470 5645
f 470 395 2364
f 143 796 2278
f 796 12 2346
f 172 524 956
f 524 75 4721
f 12 694 3433
f 694 18 957
f 228 736 1838
f 736 532 1755
f 15 195 5915
f 195 87 1176
f 25 787 1158
f 787 414 7413
f 202 765 1762
f 765 228 7637
f 27 596 962
f 596 1 5258
f 6 926 963
f 926 77 5183
f 69 186 964
f 186 178 964
f 49 653 1990
f 653 241 1603
f 104 613 966
f 613 241 966
f 83 948 992
f 948 510 8422
f 329 546 3554
f 546 35 968
f 224 839 969
f 839 4 1648
f 39 857 6935
f 857 330 8633
f 512 572 8935
f 572 358 971
f 361 750 2569
f 750 154 7822
f 11 740 2475
f 740 71 2846
f 95 516 3786
f 516 160 974
f 703 705 2583
f 705 79 975
f 190 450 976
f 450 369 1157
f 97 480 3655
f 480 105 7604
f 311 614 978
f 614 32 8327
f 750 972 4435
f 972 361 979
f 660 824 6718
f 824 6 8103
f 437 654 981
f 654 352 8530
f 311 697 982
f 697 340 6867
f 83 301 5164
f 301 4 2113
f 45 925 984
f 925 72 3635
f 228 347 985
f 347 295 1475
f 289 737 2541
f 737 75 986
f 501 620 987
f 620 320 987
f 84 128 1166
f 128 25 8106
f 326 873 6840
f 873 733 989
f 161 951 1470
f 951 173 990
f 57 296 9264
f 296 107 6378
f 948 967 5748
f 967 83 2620
f 209 254 993
f 254 223 993
f 247 501 994
f 501 165 5686
f 6 334 6289
f 334 166 4592
f 515 708 996
f 708 5 5207
f 36 129 997
f 129 10 997
f 27 439 998
f 439 12 1391
f 69 263 2862
f 263 82 999
f 339 866 9069
f 866 17 6305
f 247 994 1534
f 994 165 2385
f 69 964 9538
f 964 178 5621
f 40 636 1003
f 636 180 1222
f 95 974 2267
f 974 160 5919
f 75 381 6918
f 381 4 1005
f 221 335 4496
f 335 257 1006
f 327 730 7210
f 730 20 1007
f 228 958 1689
f 958 532 4910
f 82 880 9121
f 880 262 9277
f 2 8 3757
f 8 1 1010
f 488 782 5897
f 782 183 3969
f 5 693 1012
f 693 70 3891
f 302 305 1013
f 305 5 1013
f 283 346 7751
f 346 27 2866
f 62 484 8539
f 484 350 5999
f 6 807 1016
f 807 242 3161
f 191 415 1797
f 415 103 3835
f 89 684 2149
f 684 129 1018
f 463 513 1019
f 513 67 1019
f 84 625 6891
f 625 128 4967
f 262 787 1021
f 787 25 3677
f 75 956 2029
f 956 524 1022
f 148 594 1023
f 594 341 7390
f 565 844 1593
f 844 164 5085
f 15 818 1025
f 818 7 1025
f 165 535 3905
f 535 320 1026
f 488 1011 1217
f 1011 183 9252
f 293 324 2338
f 324 268 1782
f 29 794 4864
f 794 654 1939
f 160 367 1030
f 367 289 3289
f 118 503 4587
f 503 60 2348
f 73 319 1032
f 319 169 1032
f 423 852 1033
f 852 116 1033
f 244 842 1935
f 842 710 1034
f 194 665 5123
f 665 442 3686
f 760 856 5739
f 856 191 3172
f 223 254 1037
f 254 32 1037
f 5 934 1038
f 934 194 9760
f 400 588 1039
f 588 28 1039
f 625 1020 1040
f 1020 84 1040
f 438 559 1041
f 559 73 2772
f 11 87 1042
f 87 3 5015
f 20 210 3824
f 210 73 1043
f 57 107 1044
f 107 31 4973
f 546 968 1045
f 968 329 3602
f 359 920 6825
f 920 78 3064
f 228 961 2708
f 961 765 5720
f 88 686 1548
f 686 1 9494
f 6 399 7795
f 399 247 6823
f 232 499 7918
f 499 498 5105
f 6 980 7744
f 980 824 6252
f 89 680 5515
f 680 10 1052
f 224 723 8783
f 723 369 1053
f 325 586 1054
f 586 42 3423
f 500 519 1055
f 519 49 1083
f 510 967 2530
f 967 948 2245
f 228 765 2227
f 765 347 1057
f 60 552 2584
f 552 57 5842
f 73 398 5378
f 398 193 7853
f 242 1016 9615
f 1016 807 7197
f 72 803 7278
f 803 11 3359
f 480 667 1062
f 667 529 2688
f 437 981 5538
f 981 352 1934
f 352 882 1064
f 882 81 4543
f 73 559 7624
f 559 342 1313
f 20 777 1986
f 777 477 2901
f 24 809 6478
f 809 711 9436
f 12 900 6185
f 900 742 1202
f 6 858 2134
f 858 325 6177
f 247 1049 6650
f 1049 399 1070
f 49 519 3378
f 519 277 1071
f 71 134 5965
f 134 88 7277
f 4 238 1073
f 238 48 1337
f 4 642 2293
f 642 259 4881
f 6 269 6560
f 269 22 2428
f 498 1050 3010
f 1050 499 1076
f 25 128 7070
f 128 69 3435
f 445 602 6731
f 602 415 8421
f 13 378 4981
f 378 42 7004
f 83 813 1080
f 813 435 4399
f 3 187 1081
f 187 11 1081
f 686 872 1304
f 872 1 1082
f 49 1055 4670
f 1055 519 8411
f 45 827 7730
f 827 327 2110
f 324 405 5141
f 405 268 3377
f 36 918 1086
f 918 290 1086
f 782 1011 1087
f 1011 488 2497
f 210 1043 6931
f 1043 20 2976
f 24 132 1089
f 132 31 5861
f 27 845 5178
f 845 439 1194
f 48 375 3808
f 375 218 2795
f 6 432 6237
f 432 115 6385
f 900 1068 2163
f 1068 12 4352
f 9 136 3496
f 136 59 2481
f 361 972 1095
f 972 154 1095
f 6 41 8076
f 41 2 9254
f 341 633 1097
f 633 540 1159
f 73 1059 8680
f 1059 193 2092
f 262 874 3788
f 874 414 1099
f 723 1053 2788
f 1053 224 1209
f 228 308 1739
f 308 202 1101
f 606 936 1102
f 936 498 1102
f 12 522 5448
f 522 133 5704
f 28 514 1104
f 514 174 1104
f 23 335 1259
f 335 221 1105
f 318 673 2459
f 673 212 4665
f 366 868 3731
f 868 4 1107
f 395 954 1108
f 954 470 6582
f 205 232 2747
f 232 27 8003
f 8 507 3321
f 507 1 1110
f 363 795 1111
f 795 245 1111
f 146 877 1112
f 877 6 1112
f 12 98 9363
f 98 51 1459
f 143 889 1114
f 889 810 9114
f 5 420 1367
f 420 287 4373
f 33 143 5817
f 143 47 1641
f 298 322 1117
f 322 114 8624
f 98 644 3133
f 644 183 1118
f 5 373 6132
f 373 356 4136
f 33 1116 1120
f 1116 47 1120
f 69 688 7590
f 688 20 2153
f 52 370 2204
f 370 6 1122
f 27 1090 4588
f 1090 439 1879
f 49 485 1124
f 485 174 1550
f 345 394 1125
f 394 60 5529
f 9 467 1126
f 467 19 1126
f 402 452 1127
f 452 37 6001
f 12 910 3393
f 910 461 2301
f 24 474 1249
f 474 12 4753
f 77 963 6473
f 963 926 7271
f 83 784 1598
f 784 713 1632
f 364 536 9985
f 536 28 7261
f 113 185 1133
f 185 61 2071
f 582 691 7745
f 691 487 9967
f 306 867 1135
f 867 780 1135
f 12 205 7137
f 205 27 5395
f 5 12 1137
f 12 3 6354
f 134 704 3605
f 704 260 6124
f 51 542 4429
f 542 18 3405
f 260 462 2420
f 462 215 2598
f 48 79 1141
f 79 5 4216
f 357 941 9847
f 941 251 6593
f 12 1113 1143
f 1113 51 1143
f 73 1098 4254
f 1098 193 3379
f 27 1136 1431
f 1136 205 8528
f 18 905 1146
f 905 6 5853
f 434 954 2879
f 954 395 1147
f 48 830 3337
f 830 584 1148
f 288 294 1149
f 294 73 1149
f 137 291 1150
f 291 14 6547
f 113 428 5275
f 428 171 1151
f 153 296 1152
f 296 57 1152
f 114 236 1263
f 236 48 1153
f 28 174 1154
f 174 3 7541
f 5 724 1155
f 724 75 7247
f 351 688 2414
f 688 69 1156
f 369 976 1157
f 976 450 3270
f 787 960 4117
f 960 25 1380
f 540 1097 1159
f 1097 633 4306
f 456 832 4943
f 832 816 1160
f 37 1127 9912
f 1127 452 6432
f 269 1075 2005
f 1075 6 1162
f 319 819 3934
f 819 454 2248
f 5 721 1164
f 721 676 6366
f 54 749 4928
f 749 22 2187
f 128 988 3971
f 988 84 3391
f 224 836 1167
f 836 434 1167
f 26 152 4001
f 152 3 3764
f 519 1083 5318
f 1083 1055 8995
f 75 1022 8204
f 1022 524 1733
f 17 933 2810
f 933 894 1171
f 120 786 5717
f 786 288 3742
f 224 969 2430
f 969 4 1173
f 680 1052 3309
f 1052 89 1174
f 86 175 3229
f 175 20 1175
f 87 959 2858
f 959 195 7119
f 342 404 2946
f 404 193 3411
f 82 672 8095
f 672 25 1178
f 119 555 2298
f 555 299 1179
f 337 601 1180
f 601 169 7018
f 152 1168 1181
f 1168 26 6391
f 95 172 7268
f 172 75 9961
f 20 1121 1183
f 1121 688 1183
f 183 1011 1184
f 1011 782 1184
f 555 1179 1185
f 1179 119 1185
f 22 216 8291
f 216 13 1186
f 10 305 3439
f 305 302 1187
f 42 1079 4101
f 1079 378 1188
f 88 1048 1226
f 1048 1 2595
f 73 340 4342
f 340 164 9317
f 398 1059 1558
f 1059 73 2504
f 961 1047 4122
f 1047 228 3985
f 4 364 7039
f 364 105 6098
f 439 1090 1262
f 1090 845 1624
f 183 1184 1195
f 1184 782 4285
f 253 699 3959
f 699 98 1196
f 5 348 1447
f 348 249 1197
f 703 975 1198
f 975 79 2981
f 257 732 9357
f 732 23 1199
f 171 888 1200
f 888 149 3790
f 360 867 3950
f 867 306 1383
f 742 1068 1773
f 1068 900 7783
f 4 401 3679
f 401 198 7704
f 557 950 1204
f 950 12 1204
f 3 527 2329
f 527 15 1647
f 14 952 7190
f 952 24 6470
f 3 662 1207
f 662 104 1207
f 86 1175 1208
f 1175 20 1208
f 224 1100 1209
f 1100 1053 1209
f 117 348 6979
f 348 5 9193
f 90 492 4645
f 492 5 4242
f 256 714 3068
f 714 6 4481
f 227 888 1213
f 888 171 1213
f 72 925 1214
f 925 803 2081
f 22 749 1215
f 749 318 1215
f 153 1152 7925
f 1152 57 2924
f 1011 1027 2472
f 1027 488 1217
f 199 220 3338
f 220 30 1528
f 17 1171 4532
f 1171 894 1219
f 210 491 9853
f 491 120 3894
f 22 759 6685
f 759 634 3698
f 180 1003 3902
f 1003 636 1222
f 101 850 5826
f 850 12 9766
f 480 1062 1224
f 1062 529 7759
f 325 669 1225
f 669 13 4236
f 1048 1189 1226
f 1189 88 5364
f 352 950 1227
f 950 557 2321
f 5 702 1228
f 702 67 1228
f 110 433 3640
f 433 8 3643
f 105 468 1230
f 468 144 3990
f 17 935 9919
f 935 182 1231
f 367 481 4573
f 481 289 4870
f 119 436 3818
f 436 149 6987
f 502 909 1234
f 909 322 6205
f 224 395 5647
f 395 190 1235
f 395 450 5226
f 450 190 1236
f 202 544 2800
f 544 295 3471
f 64 392 1559
f 392 13 1238
f 58 538 1239
f 538 22 6749
f 1 424 1240
f 424 346 1240
f 25 221 3388
f 221 20 1241
f 39 410 1294
f 410 225 1242
f 11 567 1243
f 567 324 3287
f 63 131 9078
f 131 96 1244
f 330 857 1245
f 857 142 2287
f 205 1136 1246
f 1136 12 7700
f 73 679 2061
f 679 208 7255
f 221 1241 1248
f 1241 25 1248
f 474 1129 3238
f 1129 24 6798
f 37 380 3157
f 380 246 9817
f 1 365 4049
f 365 283 3248
f 481 737 8049
f 737 289 4118
f 529 755 5857
f 755 480 1253
f 82 1009 7305
f 1009 262 8429
f 97 868 1255
f 868 366 2529
f 8 571 9195
f 571 46 6972
f 6 428 1257
f 428 113 7162
f 541 608 2076
f 608 518 1258
f 335 1105 1430
f 1105 23 1259
f 373 442 5239
f 442 356 6991
f 242 807 2253
f 807 574 2974
f 1090 1194 4706
f 1194 439 8789
f 236 1153 1263
f 1153 114 1263
f 126 520 1264
f 520 14 8317
f 1127 1161 1265
f 1161 37 7688
f 7 920 1266
f 920 359 1886
f 193 943 2493
f 943 454 1267
f 606 1102 4671
f 1102 498 1268
f 69 312 9435
f 312 263 4414
f 20 814 5432
f 814 327 1270
f 12 159 1271
f 159 13 1271
f 461 1128 9743
f 1128 910 1272
f 366 1107 1526
f 1107 4 4921
f 62 788 1274
f 788 24 6211
f 63 106 9304
f 106 4 4185
f 39 330 4617
f 330 168 7765
f 383 390 3000
f 390 79 1277
f 395 1236 1841
f 1236 190 6815
f 183 526 3220
f 526 387 1829
f 402 615 1280
f 615 138 2506
f 202 1237 2025
f 1237 295 3987
f 484 1015 1282
f 1015 62 1282
f 14 117 5503
f 117 13 4825
f 83 649 8193
f 649 225 1284
f 256 1212 1285
f 1212 6 2773
f 32 254 1286
f 254 209 3200
f 120 491 4894
f 491 20 6831
f 262 1254 2771
f 1254 1009 1288
f 541 833 1517
f 833 608 1289
f 24 952 8771
f 952 580 2769
f 35 68 1291
f 68 52 1291
f 19 467 2910
f 467 158 1292
f 18 611 8962
f 611 115 1615
f 410 1242 1294
f 1242 39 1294
f 356 1119 4477
f 1119 373 8787
f 12 742 1296
f 742 270 2944
f 20 762 9419
f 762 32 1297
f 830 862 9506
f 862 584 2969
f 361 757 1299
f 757 750 1802
f 156 409 1300
f 409 116 1300
f 366 1273 1301
f 1273 4 3684
f 397 632 2443
f 632 261 1610
f 190 1278 1592
f 1278 1236 1303
f 872 1082 9508
f 1082 686 4343
f 510 775 6173
f 775 435 2114
f 208 679 5731
f 679 164 2263
f 20 688 3703
f 688 351 5254
f 900 1093 1308
f 1093 12 1308
f 844 1024 1309
f 1024 565 5916
f 330 970 4353
f 970 857 1310
f 765 1047 7016
f 1047 961 6619
f 11 408 3770
f 408 15 1633
f 342 1065 4713
f 1065 559 4872
f 32 762 1863
f 762 164 1524
f 123 675 7497
f 675 48 1315
f 25 1158 1316
f 1158 960 8692
f 4 122 5633
f 122 3 2209
f 480 1224 4029
f 1224 529 1318
f 48 675 3189
f 675 56 1319
f 796 955 1320
f 955 143 1320
f 283 1014 1321
f 1014 27 1321
f 480 977 7803
f 977 97 1322
f 57 689 5544
f 689 153 2141
f 1 658 6528
f 658 313 5081
f 442 600 3008
f 600 194 3543
f 36 1086 8015
f 1086 290 6680
f 5 1137 9390
f 1137 3 1327
f 149 1233 1328
f 1233 436 2098
f 96 131 2473
f 131 99 1329
f 228 1101 1330
f 1101 202 1330
f 10 761 6154
f 761 79 5486
f 40 648 3598
f 648 76 6548
f 726 912 1333
f 912 11 6071
f 49 613 1334
f 613 104 1334
f 206 229 8432
f 229 138 4643
f 20 1066 1336
f 1066 477 6111
f 48 1073 2615
f 1073 238 3125
f 83 1080 9824
f 1080 435 1338
f 349 639 3701
f 639 623 4541
f 6 329 8794
f 329 1 1340
f 216 1186 4202
f 1186 22 1341
f 5 305 1342
f 305 10 1342
f 124 563 1343
f 563 62 1343
f 339 550 2082
f 550 12 8232
f 994 1001 3029
f 1001 247 1345
f 10 65 1346
f 65 6 1556
f 574 1261 3408
f 1261 807 1761
f 12 92 1348
f 92 31 4495
f 84 572 1349
f 572 512 2462
f 183 782 1350
f 782 51 5668
f 180 636 8948
f 636 252 2672
f 27 1014 5235
f 1014 346 1352
f 284 344 1353
f 344 307 1353
f 164 1314 5272
f 1314 762 3326
f 241 653 4929
f 653 201 1806
f 481 870 2902
f 870 737 4046
f 221 257 7692
f 257 20 1357
f 153 931 4249
f 931 506 1862
f 35 371 1359
f 371 146 2352
f 6 714 4224
f 714 269 2356
f 8 264 5974
f 264 110 1811
f 33 486 7806
f 486 12 4333
f 26 581 1651
f 581 152 1363
f 12 352 3107
f 352 29 3336
f 14 785 4056
f 785 31 5982
f 62 191 1824
f 191 103 6986
f 420 1115 1849
f 1115 5 5989
f 372 438 9818
f 438 73 5095
f 639 1339 7158
f 1339 349 7930
f 89 1052 7430
f 1052 10 1370
f 504 556 9928
f 556 524 1371
f 12 796 2075
f 796 716 2146
f 446 903 3769
f 903 309 5114
f 17 530 1374
f 530 339 5846
f 22 634 4413
f 634 560 1375
f 16 187 5355
f 187 3 2848
f 117 1283 3538
f 1283 14 2074
f 688 1307 1378
f 1307 20 2531
f 62 1366 6169
f 1366 103 1379
f 25 1316 1380
f 1316 960 2591
f 201 303 1989
f 303 241 6924
f 70 901 4865
f 901 767 1382
f 306 1201 1383
f 1201 867 2365
f 230 234 3732
f 234 154 2396
f 920 1046 1385
f 1046 359 5599
f 73 1144 1567
f 1144 193 2051
f 33 1120 4750
f 1120 47 5474
f 69 906 1783
f 906 25 7330
f 231 378 1868
f 378 13 2339
f 49 514 7374
f 514 28 1390
f 12 998 1391
f 998 439 8173
f 75 1155 1392
f 1155 724 2236
f 13 759 1393
f 759 22 2689
f 679 1247 1394
f 1247 73 1394
f 73 210 1910
f 210 120 1609
f 126 272 1396
f 272 111 4624
f 56 123 1397
f 123 114 1573
f 70 693 7173
f 693 676 6966
f 7 911 5396
f 911 26 3098
f 487 614 6035
f 614 311 8458
f 51 1113 1401
f 1113 98 3469
f 742 865 7327
f 865 253 1402
f 6 1257 1403
f 1257 113 1403
f 27 962 1404
f 962 1 1404
f 174 514 1405
f 514 49 4113
f 181 306 1716
f 306 150 4212
f 900 1308 1407
f 1308 12 2165
f 1009 1254 3392
f 1254 82 4591
f 302 761 5576
f 761 10 3086
f 253 1196 2313
f 1196 98 6069
f 143 427 1411
f 427 151 8772
f 24 554 4764
f 554 474 1412
f 5 1012 5223
f 1012 70 7285
f 789 902 1972
f 902 83 4328
f 55 929 2440
f 929 692 1415
f 22 1165 1416
f 1165 749 1416
f 363 1111 4279
f 1111 245 2097
f 153 1358 2978
f 1358 506 7219
f 22 413 1419
f 413 216 1419
f 380 402 3261
f 402 138 1420
f 565 1309 1421
f 1309 1024 7396
f 426 482 2084
f 482 142 3795
f 867 1201 5863
f 1201 360 1423
f 312 1269 1424
f 1269 69 1562
f 9 899 8811
f 899 43 1425
f 11 928 4469
f 928 567 4208
f 260 1138 1427
f 1138 704 2173
f 346 719 3191
f 719 1 4795
f 395 1278 1810
f 1278 190 1992
f 1105 1259 8457
f 1259 335 1430
f 1136 1145 1431
f 1145 27 8351
f 237 261 1432
f 261 90 2320
f 404 1177 1433
f 1177 342 5940
f 62 855 8460
f 855 484 7949
f 50 840 9093
f 840 4 1435
f 498 499 1436
f 499 310 1436
f 49 965 1463
f 965 241 5179
f 87 643 1438
f 643 3 1438
f 1047 1311 2144
f 1311 765 3596
f 1043 1088 4054
f 1088 210 7284
f 198 401 2233
f 401 194 4221
f 817 832 1520
f 832 456 8342
f 12 206 7283
f 206 138 4227
f 352 1063 3454
f 1063 981 1444
f 484 855 1445
f 855 473 2274
f 4 301 5297
f 301 43 1446
f 348 1197 8853
f 1197 5 5560
f 61 641 4863
f 641 6 1581
f 18 239 1449
f 239 17 1449
f 295 1281 1450
f 1281 1237 3845
f 24 722 1451
f 722 278 4969
f 31 733 2686
f 733 386 8518
f 1079 1188 1453
f 1188 42 1453
f 11 973 1454
f 973 71 9225
f 1088 1440 2593
f 1440 1043 1455
f 39 331 2166
f 331 43 7289
f 580 952 3128
f 952 14 8286
f 960 1316 5592
f 1316 1158 1458
f 51 1401 3334
f 1401 98 2630
f 282 930 1460
f 930 76 1460
f 193 1386 2431
f 1386 1144 8828
f 110 1229 1462
f 1229 8 2120
f 965 1437 1463
f 1437 49 1463
f 259 1074 4791
f 1074 642 1464
f 70 680 1511
f 680 89 2977
f 17 38 1466
f 38 1 6953
f 179 494 1467
f 494 64 1467
f 29 437 1468
f 437 81 1468
f 43 1456 8194
f 1456 331 1469
f 951 990 1470
f 990 161 2915
f 98 270 5777
f 270 253 7438
f 6 546 6750
f 546 329 5502
f 47 151 1473
f 151 12 1473
f 176 946 1474
f 946 67 1539
f 295 985 4941
f 985 347 5157
f 12 156 4170
f 156 101 1476
f 128 1020 4976
f 1020 625 1477
f 4 314 7182
f 314 39 1478
f 11 255 1479
f 255 200 2957
f 487 1134 3431
f 1134 691 2139
f 484 1434 2702
f 1434 855 3539
f 47 566 3223
f 566 33 1482
f 782 1195 1483
f 1195 1184 1483
f 39 942 2877
f 942 331 6936
f 69 999 2132
f 999 82 7131
f 356 1295 1486
f 1295 373 1486
f 574 807 1487
f 807 6 7670
f 77 891 1488
f 891 391 8664
f 193 372 8004
f 372 73 2190
f 154 720 1490
f 720 344 1490
f 59 136 5165
f 136 43 7690
f 12 1296 3152
f 1296 270 1492
f 40 1332 1493
f 1332 76 9741
f 322 909 1494
f 909 114 3923
f 7 199 4814
f 199 9 3351
f 54 465 3707
f 465 318 8672
f 518 553 4370
f 553 552 1497
f 45 72 3518
f 72 8 3740
f 1083 1169 1499
f 1169 519 1499
f 286 411 1500
f 411 6 1580
f 105 529 8482
f 529 207 8041
f 403 883 6643
f 883 696 2867
f 23 732 9033
f 732 335 1503
f 11 110 4438
f 110 72 4751
f 9 1495 1505
f 1495 199 4494
f 367 1232 1506
f 1232 289 4011
f 303 355 7337
f 355 104 1507
f 76 1493 1508
f 1493 1332 1508
f 208 332 1509
f 332 73 1509
f 189 196 2379
f 196 11 1510
f 680 1465 6339
f 1465 70 2536
f 262 1009 5108
f 1009 880 1512
f 716 796 1513
f 796 143 7607
f 42 497 1514
f 497 165 6897
f 262 1021 1515
f 1021 25 1515
f 20 932 1516
f 932 11 5332
f 833 1289 1517
f 1289 541 2397
f 129 248 1903
f 248 89 8564
f 165 1514 2849
f 1514 497 3789
f 832 1442 1520
f 1442 817 1520
f 75 887 9394
f 887 504 8578
f 191 856 5540
f 856 756 2403
f 71 1454 1523
f 1454 973 2285
f 164 1354 9496
f 1354 762 2610
f 435 813 5206
f 813 43 5073
f 1107 1273 1526
f 1273 366 5764
f 51 80 9177
f 80 29 1527
f 30 1218 1528
f 1218 220 9822
f 856 1522 9393
f 1522 191 1529
f 414 787 3661
f 787 262 4179
f 62 1015 1971
f 1015 350 2065
f 104 292 1532
f 292 277 7260
f 77 655 1533
f 655 616 2126
f 994 1345 7727
f 1345 247 6420
f 70 1382 1535
f 1382 767 1535
f 1440 1455 4127
f 1455 1088 1536
f 750 1299 1537
f 1299 757 3167
f 96 1329 7696
f 1329 99 1574
f 67 1474 1539
f 1474 946 1539
f 948 1056 1540
f 1056 967 1540
f 193 1144 1541
f 1144 1098 1541
f 86 1208 1542
f 1208 20 3313
f 206 1443 8683
f 1443 12 5838
f 75 504 2735
f 504 5 1544
f 73 1032 1789
f 1032 169 7965
f 719 1428 4687
f 1428 346 6353
f 136 1491 9362
f 1491 59 1825
f 686 1048 4400
f 1048 88 5269
f 762 1297 6736
f 1297 20 1549
f 174 1124 7936
f 1124 485 4766
f 1052 1174 5636
f 1174 680 1673
f 201 919 2269
f 919 861 6280
f 57 505 3511
f 505 211 8479
f 135 150 1554
f 150 71 1554
f 135 682 1555
f 682 1 1555
f 6 1346 5434
f 1346 65 1556
f 213 239 1557
f 239 18 1557
f 1059 1191 1558
f 1191 398 1558
f 392 1238 9978
f 1238 64 5830
f 41 1096 1560
f 1096 6 4339
f 285 444 4265
f 444 77 9144
f 69 1424 7138
f 1424 1269 2736
f 527 1205 2395
f 1205 3 1563
f 12 133 1564
f 133 116 8113
f 11 774 1565
f 774 255 1565
f 350 1015 1677
f 1015 484 2734
f 1144 1386 6901
f 1386 73 1567
f 775 1305 1568
f 1305 510 2732
f 163 218 2284
f 218 114 1569
f 5 592 3179
f 592 261 1570
f 165 994 1571
f 994 501 7237
f 981 1063 3031
f 1063 437 8934
f 114 1397 3221
f 1397 123 4456
f 99 1538 1574
f 1538 1329 1574
f 320 399 6137
f 399 6 1575
f 900 1202 2223
f 1202 1068 8178
f 352 1444 1577
f 1444 981 1577
f 498 1436 1578
f 1436 310 1578
f 456 1160 1872
f 1160 816 1579
f 6 1500 7628
f 1500 411 1580
f 6 1448 1581
f 1448 641 4738
f 193 1461 1582
f 1461 1144 1582
f 59 1547 4748
f 1547 1491 5908
f 402 1127 1584
f 1127 37 4100
f 6 824 1585
f 824 41 1585
f 397 944 7195
f 944 492 1586
f 60 1031 6330
f 1031 503 1587
f 262 1530 5700
f 1530 787 1588
f 526 897 5603
f 897 387 1589
f 12 1129 8338
f 1129 474 3242
f 279 446 3524
f 446 246 1591
f 1278 1303 1785
f 1303 190 9684
f 844 1309 3150
f 1309 565 2242
f 287 420 1594
f 420 176 1627
f 8 1010 8802
f 1010 2 2388
f 303 1507 2103
f 1507 104 8448
f 519 1169 2746
f 1169 1055 7449
f 784 1131 7206
f 1131 83 1598
f 74 580 1599
f 580 14 2456
f 79 761 1600
f 761 302 3436
f 73 841 3397
f 841 311 8043
f 856 1036 8042
f 1036 760 9198
f 241 965 1603
f 965 653 1603
f 138 229 7253
f 229 154 1678
f 60 394 1605
f 394 252 2601
f 6 1049 4691
f 1049 247 1606
f 528 858 8933
f 858 6 1607
f 236 622 9131
f 622 374 1608
f 120 1395 1609
f 1395 210 1609
f 261 1302 7865
f 1302 632 4914
f 933 1171 2812
f 1171 17 5211
f 105 1501 2825
f 1501 207 1612
f 49 511 1613
f 511 4 5124
f 208 591 1658
f 591 547 4938
f 115 1293 1615
f 1293 611 1615
f 155 594 9143
f 594 148 3132
f 616 1533 1617
f 1533 655 1617
f 12 1362 9581
f 1362 486 6209
f 10 419 2308
f 419 417 1619
f 166 995 1620
f 995 334 7799
f 67 702 6248
f 702 3 9737
f 18 866 1622
f 866 339 3424
f 56 322 1623
f 322 298 3730
f 845 1194 8138
f 1194 1090 1624
f 5 396 1625
f 396 48 1625
f 268 1028 1626
f 1028 324 2136
f 176 1594 1924
f 1594 420 3644
f 696 883 2713
f 883 551 8678
f 43 91 1629
f 91 59 1629
f 200 471 6020
f 471 464 2664
f 154 234 5677
f 234 37 1631
f 713 1131 1632
f 1131 784 1632
f 15 1312 6345
f 1312 408 2289
f 29 654 4037
f 654 437 1634
f 435 922 4689
f 922 83 2896
f 342 823 1636
f 823 372 1636
f 6 1092 1637
f 1092 115 4780
f 210 1220 1638
f 1220 120 1638
f 785 1365 1639
f 1365 14 3849
f 114 502 2471
f 502 56 1640
f 47 1116 1641
f 1116 143 6920
f 145 162 9076
f 162 33 8881
f 49 1071 1643
f 1071 277 1643
f 8 1110 1644
f 1110 1 3499
f 1428 1546 1645
f 1546 719 1645
f 2 489 5981
f 489 338 1646
f 15 1205 9636
f 1205 527 1647
f 4 969 3118
f 969 839 9117
f 80 1527 6435
f 1527 51 2750
f 20 490 5342
f 490 25 9583
f 581 1363 7156
f 1363 26 1651
f 660 980 6934
f 980 6 4631
f 451 725 7239
f 725 356 5244
f 60 217 8615
f 217 66 1654
f 12 1246 4652
f 1246 1136 9170
f 193 1489 9016
f 1489 73 9561
f 4 1275 1657
f 1275 106 1657
f 591 1614 1658
f 1614 208 3258
f 18 1449 1659
f 1449 17 7908
f 436 495 1660
f 495 299 5571
f 36 388 1661
f 388 6 1661
f 113 1133 3020
f 1133 61 5467
f 74 729 1663
f 729 580 2518
f 45 533 1664
f 533 46 1664
f 22 1186 8142
f 1186 13 7968
f 37 1584 5111
f 1584 1127 6595
f 972 979 1667
f 979 750 2453
f 12 1348 4078
f 1348 31 3830
f 63 544 1870
f 544 202 1669
f 526 644 1670
f 644 98 2548
f 1 820 1671
f 820 134 3749
f 340 1190 7120
f 1190 73 3714
f 680 1551 4584
f 1551 1174 4073
f 7 758 1812
f 758 199 2952
f 641 831 1675
f 831 6 7645
f 60 793 1676
f 793 180 8731
f 1015 1566 1677
f 1566 350 1677
f 154 1604 4425
f 1604 229 4627
f 137 628 8774
f 628 24 1679
f 197 486 9539
f 486 33 1680
f 771 773 6195
f 773 259 2128
f 830 1298 9414
f 1298 584 8560
f 198 949 1683
f 949 21 3930
f 268 1626 4515
f 1626 324 6147
f 342 917 2563
f 917 593 2357
f 37 230 5039
f 230 12 5090
f 138 284 3536
f 284 279 9839
f 52 265 2603
f 265 2 3318
f 958 1008 2063
f 1008 228 4727
f 83 1414 5277
f 1414 902 1690
f 194 1035 1696
f 1035 442 6714
f 9 770 1692
f 770 2 1692
f 1124 1550 4790
f 1550 174 1693
f 959 1176 2262
f 1176 87 8979
f 488 1027 4644
f 1027 183 1695
f 1035 1691 5533
f 1691 194 1696
f 688 1156 1697
f 1156 351 1697
f 387 897 1698
f 897 98 1698
f 3 886 5894
f 886 662 3453
f 135 233 6454
f 233 150 3952
f 199 758 3049
f 758 220 4782
f 62 1274 8732
f 1274 24 1702
f 161 173 7169
f 173 6 9049
f 101 562 8650
f 562 62 6018
f 488 1087 1912
f 1087 1011 1705
f 43 136 5324
f 136 9 2045
f 25 988 6769
f 988 128 1707
f 311 607 6576
f 607 431 1708
f 194 451 1709
f 451 356 2213
f 575 661 1833
f 661 585 8006
f 4 839 1711
f 839 421 2860
f 210 1395 9483
f 1395 73 1712
f 386 1452 2777
f 1452 733 3188
f 550 1344 1714
f 1344 339 4767
f 218 822 6884
f 822 374 4153
f 306 1406 8331
f 1406 181 1716
f 658 1324 1717
f 1324 1 3102
f 1236 1278 1768
f 1278 395 1718
f 116 478 6043
f 478 156 4251
f 378 1079 4482
f 1079 13 1720
f 201 1355 1963
f 1355 653 4264
f 21 685 1722
f 685 4 7587
f 20 806 2464
f 806 754 8993
f 48 396 3199
f 396 222 5127
f 57 1044 5310
f 1044 31 4355
f 42 378 6078
f 378 231 5524
f 6 1606 1727
f 1606 247 8864
f 736 853 2133
f 853 532 6640
f 504 1371 6292
f 1371 524 1729
f 1314 1354 9727
f 1354 164 1730
f 620 860 1731
f 860 247 1731
f 110 1462 1732
f 1462 8 1732
f 524 1170 9411
f 1170 1022 4843
f 532 853 6368
f 853 10 2127
f 134 1072 5712
f 1072 71 2581
f 98 1113 1736
f 1113 12 1736
f 229 1604 1737
f 1604 138 1737
f 20 730 1738
f 730 45 5060
f 308 1101 8200
f 1101 228 9826
f 222 1724 3115
f 1724 396 1740
f 69 1388 1741
f 1388 25 1741
f 4 659 1742
f 659 19 1742
f 4 983 5711
f 983 301 6433
f 221 1006 1744
f 1006 257 3564
f 461 910 1745
f 910 804 1745
f 137 1150 2283
f 1150 14 2693
f 293 1028 5784
f 1028 268 9463
f 450 1157 1748
f 1157 976 8012
f 22 1665 5421
f 1665 13 1749
f 6 113 9369
f 113 61 8875
f 202 308 4793
f 308 10 2344
f 397 1302 2931
f 1302 261 9742
f 8 343 4374
f 343 30 1753
f 14 628 1754
f 628 137 6113
f 532 958 2881
f 958 736 1755
f 10 203 5821
f 203 2 1756
f 385 574 7335
f 574 6 7977
f 1 53 1758
f 53 2 8033
f 972 1667 4418
f 1667 750 3724
f 3 266 3630
f 266 26 1760
f 807 1347 2627
f 1347 1261 1761
f 765 961 1762
f 961 202 1762
f 334 929 5167
f 929 55 6894
f 920 1385 1764
f 1385 359 1764
f 9 744 9763
f 744 7 7464
f 253 1410 1766
f 1410 98 2984
f 201 1552 1767
f 1552 861 1767
f 1278 1718 3333
f 1718 1236 5311
f 199 1495 4404
f 1495 7 1854
f 7 273 6112
f 273 11 6324
f 654 1029 1780
f 1029 794 4262
f 194 647 3054
f 647 21 7538
f 1068 1202 2389
f 1202 742 7933
f 40 1493 2261
f 1493 76 1774
f 356 377 1775
f 377 4 7594
f 336 774 1776
f 774 11 1776
f 342 1636 1777
f 1636 372 1777
f 135 189 1778
f 189 11 5400
f 261 592 6007
f 592 397 1779
f 1029 1771 8086
f 1771 654 1780
f 8 770 1781
f 770 9 1781
f 268 1684 6930
f 1684 324 1782
f 906 1388 4267
f 1388 69 6103
f 105 364 1784
f 364 28 2740
f 1303 1592 2360
f 1592 1278 1785
f 193 1267 1786
f 1267 454 3947
f 76 1332 1787
f 1332 648 1787
f 259 298 2566
f 298 114 1788
f 1032 1545 1789
f 1545 73 1789
f 31 638 1790
f 638 520 1790
f 314 1478 8257
f 1478 4 8521
f 103 179 1792
f 179 64 4743
f 11 187 6733
f 187 16 3005
f 229 361 1794
f 361 154 3399
f 271 456 1795
f 456 200 8132
f 321 652 4052
f 652 506 1796
f 415 1017 7163
f 1017 191 1797
f 352 1577 6842
f 1577 981 1798
f 484 1481 2053
f 1481 855 9686
f 174 1405 7226
f 1405 49 5975
f 476 651 4045
f 651 320 1801
f 750 1537 1802
f 1537 757 4964
f 320 651 1803
f 651 399 1803
f 24 1206 1804
f 1206 952 1804
f 160 830 8303
f 830 48 4283
f 201 1721 7246
f 1721 653 1806
f 13 103 3850
f 103 64 1807
f 259 913 7900
f 913 298 3956
f 194 1441 4473
f 1441 401 1809
f 1278 1429 1810
f 1429 395 8216
f 110 1361 8975
f 1361 264 1811
f 758 1674 1812
f 1674 7 5043
f 247 616 5604
f 616 6 6225
f 40 180 1814
f 180 66 7525
f 27 998 1815
f 998 12 1815
f 421 707 1816
f 707 4 9256
f 6 1285 7877
f 1285 1212 6993
f 242 1261 6892
f 1261 574 1818
f 54 1496 1819
f 1496 318 4804
f 152 581 6784
f 581 245 2828
f 10 1734 9219
f 1734 853 4874
f 1 1428 4274
f 1428 719 2118
f 165 1571 5848
f 1571 501 1823
f 191 1366 2996
f 1366 62 1824
f 59 1583 1825
f 1583 1491 2835
f 446 1591 7111
f 1591 279 6107
f 205 1109 1827
f 1109 27 6716
f 155 734 1828
f 734 341 2105
f 387 1279 2069
f 1279 526 1829
f 19 1292 1830
f 1292 158 3601
f 126 1396 6386
f 1396 111 2658
f 780 867 1832
f 867 360 3607
f 661 1710 4510
f 1710 575 7078
f 24 788 3718
f 788 610 1834
f 26 359 5022
f 359 78 4443
f 35 546 4199
f 546 6 9931
f 675 1319 1837
f 1319 48 2018
f 736 958 1838
f 958 228 1838
f 321 931 1839
f 931 153 5255
f 356 1709 5482
f 1709 451 8126
f 1236 1718 4209
f 1718 395 9888
f 504 1729 1842
f 1729 524 1842
f 49 1124 9443
f 1124 174 6276
f 232 606 1844
f 606 27 1844
f 194 934 1845
f 934 647 1845
f 161 1470 3489
f 1470 990 3345
f 18 542 1847
f 542 29 9484
f 653 1355 1848
f 1355 241 5481
f 1115 1367 6628
f 1367 420 2807
f 1047 1192 2752
f 1192 961 4229
f 27 1431 2565
f 1431 1145 1851
f 13 1665 4148
f 1665 1186 9231
f 855 1481 5526
f 1481 1434 2927
f 7 1769 8341
f 1769 1495 1854
f 118 505 4752
f 505 57 6412
f 1395 1712 4514
f 1712 210 1856
f 48 1319 6244
f 1319 56 7033
f 204 280 9740
f 280 14 7346
f 298 1808 1859
f 1808 913 1970
f 931 1358 1860
f 1358 153 1860
f 1 962 6984
f 962 596 1861
f 506 1358 5109
f 1358 931 4749
f 762 1314 1863
f 1314 32 1863
f 660 1652 5392
f 1652 6 2517
f 944 1586 1865
f 1586 397 6152
f 199 1674 5573
f 1674 758 1866
f 300 315 4837
f 315 80 1867
f 378 1389 6236
f 1389 231 1868
f 14 508 2135
f 508 109 2116
f 544 1669 8282
f 1669 63 1870
f 19 158 1871
f 158 142 1871
f 1160 1579 1872
f 1579 456 1872
f 693 1398 4932
f 1398 70 9297
f 1397 1573 1874
f 1573 114 3583
f 245 479 5009
f 479 152 1875
f 4 1301 6837
f 1301 1273 1876
f 309 1373 1905
f 1373 903 1877
f 67 597 1878
f 597 147 1878
f 439 1123 3218
f 1123 1090 5852
f 116 133 3284
f 133 24 4842
f 82 1408 1881
f 1408 1254 4544
f 1358 1862 1882
f 1862 506 1882
f 5 875 8688
f 875 212 1883
f 1665 1749 1884
f 1749 22 1884
f 28 1104 1885
f 1104 174 1885
f 359 1266 2196
f 1266 920 1886
f 438 576 1887
f 576 342 1887
f 49 1613 3478
f 1613 4 1888
f 19 376 9920
f 376 39 7738
f 311 431 8702
f 431 164 5903
f 584 1682 4103
f 1682 1298 2129
f 183 1279 1892
f 1279 387 1892
f 153 604 9776
f 604 321 1893
f 10 646 4395
f 646 36 2216
f 193 1786 8955
f 1786 454 9914
f 28 363 1896
f 363 26 7627
f 109 291 1897
f 291 137 2641
f 135 1700 2049
f 1700 150 1898
f 354 657 1899
f 657 72 3852
f 603 720 1900
f 720 154 4193
f 677 861 7684
f 861 4 1901
f 564 828 3319
f 828 338 9340
f 248 1518 1903
f 1518 129 1903
f 1348 1668 3984
f 1668 12 8263
f 1373 1877 1905
f 1877 309 1905
f 4 357 4063
f 357 251 8985
f 9 1706 9190
f 1706 136 8444
f 95 160 2826
f 160 48 8537
f 481 1252 1909
f 1252 289 1909
f 210 1712 3389
f 1712 73 1910
f 1495 1769 2158
f 1769 199 7168
f 1087 1705 5065
f 1705 488 4070
f 8 30 1913
f 30 7 1913
f 17 1611 2954
f 1611 1171 9321
f 171 539 9563
f 539 113 1915
f 694 957 2834
f 957 12 1916
f 839 1648 4705
f 1648 969 1917
f 504 1521 3401
f 1521 887 1918
f 188 537 6288
f 537 31 4659
f 419 1619 1920
f 1619 10 4461
f 633 1159 9963
f 1159 1097 1921
f 567 912 1922
f 912 726 1922
f 57 1855 1923
f 1855 505 9668
f 1594 1627 1924
f 1627 176 1924
f 1 585 1925
f 585 439 7710
f 240 317 1926
f 317 32 1926
f 1190 1672 3678
f 1672 340 7648
f 594 1616 3353
f 1616 155 1928
f 261 632 1929
f 632 90 1929
f 853 1821 1930
f 1821 1734 9056
f 423 569 1931
f 569 192 1931
f 761 1409 6349
f 1409 302 1932
f 149 888 4708
f 888 227 1933
f 352 1798 6417
f 1798 981 1934
f 842 1034 1935
f 1034 244 1995
f 1 430 6790
f 430 425 9650
f 282 1460 1937
f 1460 76 4195
f 518 656 8594
f 656 637 7434
f 654 1771 1939
f 1771 794 2681
f 201 653 8350
f 653 49 4989
f 80 699 5156
f 699 253 1941
f 261 1779 1942
f 1779 397 1942
f 180 345 1943
f 345 60 1943
f 60 1125 1944
f 1125 394 1944
f 61 1750 4162
f 1750 113 8747
f 17 1914 7650
f 1914 1171 3689
f 67 1878 1947
f 1878 147 9118
f 146 148 3060
f 148 35 7971
f 469 658 1949
f 658 1 9295
f 241 1355 1950
f 1355 201 2192
f 929 1763 7582
f 1763 334 6753
f 12 1364 7680
f 1364 29 1952
f 22 1221 7981
f 1221 634 1953
f 52 1122 6855
f 1122 6 1954
f 13 1079 1955
f 1079 42 3138
f 45 1498 7159
f 1498 8 9852
f 1027 1695 7611
f 1695 488 1957
f 489 1646 1958
f 1646 2 1958
f 16 47 1959
f 47 12 2070
f 390 847 6811
f 847 10 5132
f 128 625 2368
f 625 512 3070
f 584 1891 3520
f 1891 1298 5415
f 1355 1721 1963
f 1721 201 1963
f 706 805 1964
f 805 244 9316
f 218 1569 9573
f 1569 163 5565
f 1386 1461 9051
f 1461 193 6813
f 80 315 9706
f 315 98 3494
f 472 738 6862
f 738 368 1968
f 1 1466 3174
f 1466 38 1969
f 913 1859 6708
f 1859 1808 1970
f 1015 1531 5308
f 1531 62 7280
f 902 1414 1972
f 1414 789 3485
f 352 1364 1973
f 1364 12 8669
f 70 1413 5847
f 1413 1012 2523
f 36 1661 7282
f 1661 6 7552
f 208 1247 1976
f 1247 679 1976
f 537 678 1977
f 678 57 1977
f 421 1711 2822
f 1711 839 5023
f 31 1348 3702
f 1348 92 9979
f 988 1707 6945
f 1707 25 1980
f 9 343 1981
f 343 8 1981
f 1312 1633 9424
f 1633 15 3691
f 28 1784 1983
f 1784 364 3059
f 49 1800 6000
f 1800 1405 6445
f 970 1310 3663
f 1310 330 1985
f 777 1066 1986
f 1066 20 1986
f 338 1902 4269
f 1902 828 6188
f 233 523 1988
f 523 150 1988
f 303 1381 7167
f 1381 201 1989
f 653 965 1990
f 965 49 1990
f 14 1365 5371
f 1365 31 9092
f 190 1429 7922
f 1429 1278 6795
f 175 937 7873
f 937 327 1993
f 1 38 8414
f 38 6 9916
f 244 1935 9886
f 1935 1034 1995
f 28 50 1996
f 50 49 1996
f 164 762 1997
f 762 20 1997
f 160 516 1998
f 516 496 1998
f 17 1374 7062
f 1374 339 1999
f 206 938 8335
f 938 361 2796
f 498 936 6284
f 936 232 4371
f 190 1592 2002
f 1592 1303 2002
f 68 146 2781
f 146 6 2003
f 476 1801 2231
f 1801 320 3896
f 1075 1162 2303
f 1162 269 2005
f 1365 1991 4192
f 1991 14 2006
f 714 1360 3778
f 1360 6 3350
f 775 922 3390
f 922 435 2636
f 40 66 2009
f 66 57 5807
f 4 834 2010
f 834 677 2010
f 127 430 2011
f 430 1 2011
f 146 1359 2012
f 1359 371 7505
f 238 1337 8250
f 1337 1073 2013
f 154 344 2014
f 344 284 3045
f 114 1640 5053
f 1640 56 3606
f 4 377 4684
f 377 194 8140
f 260 626 2017
f 626 88 2017
f 48 1837 4700
f 1837 1319 2018
f 194 373 2019
f 373 5 3418
f 399 1575 2020
f 1575 320 2020
f 42 1054 7203
f 1054 586 5757
f 320 535 2022
f 535 501 2022
f 1054 2021 2023
f 2021 42 2023
f 620 1731 6440
f 1731 247 6563
f 1237 1281 2025
f 1281 202 2025
f 138 650 2026
f 650 380 2026
f 279 1687 3081
f 1687 284 2027
f 26 1168 7600
f 1168 3 2028
f 956 1022 2029
f 1022 75 3372
f 178 186 2030
f 186 32 2408
f 705 975 2031
f 975 703 5612
f 541 1258 3443
f 1258 518 6108
f 341 579 2033
f 579 35 2056
f 22 875 5144
f 875 5 9801
f 28 275 2035
f 275 97 2701
f 809 1067 2036
f 1067 24 2036
f 286 1500 3738
f 1500 6 2037
f 114 1874 7589
f 1874 1573 3944
f 976 1748 9910
f 1748 1157 5100
f 756 856 2040
f 856 760 6925
f 256 1285 8877
f 1285 6 2041
f 27 1123 2042
f 1123 439 2042
f 847 1960 4483
f 1960 390 2043
f 307 603 2044
f 603 154 3476
f 9 1907 3992
f 1907 136 2494
f 195 527 7241
f 527 3 2225
f 442 1691 2047
f 1691 1035 2079
f 154 1900 5122
f 1900 720 2048
f 1700 1898 3074
f 1898 135 5429
f 1 407 5952
f 407 11 5294
f 193 1582 5762
f 1582 1144 6469
f 149 1933 6453
f 1933 227 8122
f 1481 1799 9391
f 1799 484 5116
f 168 695 4540
f 695 426 6781
f 873 890 7762
f 890 733 2057
f 35 2033 2056
f 2033 579 6427
f 733 2055 2393
f 2055 890 8326
f 12 1686 8424
f 1686 230 2058
f 461 1272 7937
f 1272 910 3141
f 32 799 2871
f 799 414 2060
f 679 1394 2405
f 1394 73 2061
f 397 1865 2743
f 1865 1586 7422
f 1008 1689 2063
f 1689 958 4787
f 1771 1780 7983
f 1780 1029 8769
f 350 1531 2065
f 1531 1015 2065
f 4 2010 6311
f 2010 677 4295
f 900 1407 2880
f 1407 12 4335
f 247 860 3091
f 860 501 3768
f 1279 1829 2069
f 1829 387 2069
f 12 1959 9478
f 1959 47 2310
f 61 1133 2071
f 1133 185 8160
f 199 1769 5246
f 1769 7 2072
f 103 1017 2073
f 1017 415 4411
f 14 1377 2074
f 1377 1283 3272
f 796 1372 2075
f 1372 12 3082
f 608 1258 9859
f 1258 541 6157
f 179 1467 9452
f 1467 64 5713
f 376 1889 9653
f 1889 19 3062
f 1035 2047 8339
f 2047 1691 6396
f 602 1078 4205
f 1078 445 2080
f 803 1214 6864
f 1214 925 2081
f 550 1714 2082
f 1714 339 2674
f 824 1051 2083
f 1051 980 2083
f 482 1422 2084
f 1422 426 2084
f 135 1778 4388
f 1778 11 2085
f 716 1372 4198
f 1372 796 9010
f 113 555 2087
f 555 119 2422
f 154 750 8745
f 750 206 6602
f 48 1908 2089
f 1908 160 8714
f 34 266 5192
f 266 3 6997
f 1366 1379 2432
f 1379 62 2091
f 193 1098 3799
f 1098 1059 6326
f 284 1687 2488
f 1687 138 3219
f 229 1335 2094
f 1335 206 7435
f 1734 1930 9437
f 1930 1821 2095
f 17 182 6681
f 182 139 2515
f 245 1417 2271
f 1417 1111 2097
f 436 1328 2098
f 1328 1233 2098
f 580 1290 2099
f 1290 952 6513
f 24 392 2100
f 392 64 2100
f 202 1281 3084
f 1281 295 9477
f 483 518 2142
f 518 60 3457
f 1507 1596 2103
f 1596 303 4426
f 1935 1995 2104
f 1995 244 5490
f 341 1828 7539
f 1828 734 3482
f 1086 1326 2106
f 1326 36 2106
f 106 1275 2107
f 1275 63 3205
f 12 716 4809
f 716 33 2108
f 748 771 2109
f 771 642 9434
f 327 1084 2110
f 1084 827 6983
f 245 795 9871
f 795 587 7767
f 873 2055 2112
f 2055 733 9882
f 4 1743 7170
f 1743 301 3063
f 435 1305 2114
f 1305 775 7064
f 1055 1083 3632
f 1083 49 2115
f 109 1869 4058
f 1869 508 2116
f 233 1700 2117
f 1700 135 3047
f 719 1822 9473
f 1822 1428 2118
f 129 1518 5086
f 1518 89 3544
f 8 1462 2120
f 1462 1229 2120
f 5 1413 2121
f 1413 70 2121
f 329 1045 3009
f 1045 968 3827
f 106 2107 2123
f 2107 63 2123
f 46 1256 7094
f 1256 571 2124
f 160 1004 7682
f 1004 974 2125
f 616 1617 7736
f 1617 655 4680
f 10 1821 3873
f 1821 853 7701
f 259 1681 6438
f 1681 773 2128
f 1298 1891 2349
f 1891 1682 6755
f 404 1433 2130
f 1433 342 4668
f 203 1756 2131
f 1756 10 3236
f 999 1485 2132
f 1485 69 9845
f 853 1728 4238
f 1728 736 2176
f 858 1069 4985
f 1069 6 2134
f 508 1869 7679
f 1869 14 3003
f 324 1626 4369
f 1626 1028 2136
f 8 447 2137
f 447 73 2137
f 603 1900 5102
f 1900 154 3146
f 691 1480 2139
f 1480 1134 2139
f 20 1542 2882
f 1542 1208 3664
f 153 1323 2141
f 1323 689 2851
f 518 2102 2142
f 2102 483 2142
f 8 895 2143
f 895 32 3542
f 1311 1439 3300
f 1439 1047 2144
f 11 1516 4812
f 1516 932 2145
f 716 2086 3080
f 2086 796 5627
f 276 905 2147
f 905 18 2147
f 364 1193 2148
f 1193 4 8861
f 684 1018 3916
f 1018 89 2149
f 611 1293 2150
f 1293 18 2150
f 31 1979 7489
f 1979 92 4635
f 85 388 2152
f 388 36 2152
f 20 1183 7177
f 1183 688 6962
f 385 1757 8307
f 1757 6 2154
f 855 1853 2382
f 1853 1434 2940
f 70 1511 2156
f 1511 1465 8965
f 25 1077 6261
f 1077 69 2959
f 1769 1911 2158
f 1911 1495 2158
f 750 979 2159
f 979 361 5020
f 320 620 8534
f 620 247 2160
f 118 618 2161
f 618 107 2161
f 154 206 2162
f 206 12 7194
f 1068 1093 6484
f 1093 900 2163
f 593 690 9680
f 690 342 7854
f 12 1407 4781
f 1407 1308 2165
f 331 1456 9517
f 1456 39 2166
f 1168 2028 4112
f 2028 26 2167
f 539 1915 2168
f 1915 171 2168
f 200 464 2169
f 464 1 2169
f 324 567 2170
f 567 405 2380
f 1186 1852 2171
f 1852 1665 2171
f 24 1274 2568
f 1274 788 2172
f 704 1427 2173
f 1427 1138 6465
f 724 1392 9057
f 1392 1155 4155
f 233 1988 2175
f 1988 150 5466
f 736 2133 4994
f 2133 1728 2176
f 1098 2092 2280
f 2092 193 2177
f 230 1686 5224
f 1686 37 2178
f 386 1713 2179
f 1713 733 2179
f 7 293 4747
f 293 268 9667
f 638 700 2181
f 700 14 2181
f 860 2068 6121
f 2068 247 7377
f 399 651 2183
f 651 476 2183
f 22 385 2498
f 385 6 9719
f 156 1476 2185
f 1476 12 7161
f 840 1435 2186
f 1435 50 2186
f 22 1416 4789
f 1416 749 2187
f 296 991 2188
f 991 57 2188
f 6 2184 2189
f 2184 385 4606
f 73 1489 2751
f 1489 372 2359
f 279 307 3119
f 307 154 2191
f 201 1950 2192
f 1950 1355 6047
f 20 332 2193
f 332 208 5149
f 146 2012 7490
f 2012 371 4527
f 546 1045 2195
f 1045 329 2195
f 1266 1886 2196
f 1886 359 2196
f 28 1885 2197
f 1885 174 8346
f 1194 1624 4593
f 1624 845 2198
f 333 590 9874
f 590 7 7973
f 339 461 5520
f 461 18 2503
f 8 940 8561
f 940 25 2527
f 210 1088 2202
f 1088 20 7507
f 137 1897 4623
f 1897 291 6380
f 370 1122 3181
f 1122 52 3322
f 107 296 6958
f 296 153 2205
f 6 276 2206
f 276 29 2206
f 686 1304 2207
f 1304 1082 3085
f 98 1118 4296
f 1118 183 9107
f 3 1317 2209
f 1317 122 4875
f 128 1077 9315
f 1077 25 4552
f 967 1056 2211
f 1056 510 6229
f 89 1370 8293
f 1370 10 2212
f 356 1840 4850
f 1840 451 6598
f 3 15 7085
f 15 7 9130
f 307 2191 2215
f 2191 279 2215
f 36 1894 4908
f 1894 646 7465
f 341 594 2217
f 594 155 2217
f 25 681 2218
f 681 167 3050
f 207 753 2219
f 753 480 8436
f 64 1792 7368
f 1792 179 2220
f 1031 1587 2221
f 1587 60 7017
f 421 839 2222
f 839 224 5962
f 1202 1576 2223
f 1576 900 2223
f 1029 2064 2224
f 2064 1780 2224
f 3 2046 2668
f 2046 527 4463
f 911 1399 2226
f 1399 7 2226
f 765 1057 5632
f 1057 228 8408
f 1514 1519 3509
f 1519 165 2228
f 436 1660 2229
f 1660 299 5862
f 564 1902 2230
f 1902 338 2230
f 1801 2004 8495
f 2004 476 8259
f 2 440 6883
f 440 113 3609
f 401 1441 2233
f 1441 198 5365
f 164 431 7265
f 431 32 2465
f 1386 1966 3900
f 1966 193 2235
f 724 2174 7452
f 2174 1155 7905
f 9 219 7204
f 219 158 2237
f 37 1161 2238
f 1161 452 6247
f 12 1543 2239
f 1543 1443 2239
f 395 624 2240
f 624 434 2260
f 541 2032 2241
f 2032 518 7140
f 565 1593 2242
f 1593 1309 2242
f 21 701 2243
f 701 198 6516
f 1055 1169 2244
f 1169 1083 2244
f 948 1540 2245
f 1540 967 2245
f 154 2138 2246
f 2138 1900 2246
f 1626 1684 2247
f 1684 268 2247
f 454 1163 7880
f 1163 819 2248
f 324 1085 8277
f 1085 268 2799
f 147 597 2250
f 597 90 3657
f 875 2034 2251
f 2034 22 2350
f 338 489 2252
f 489 41 6832
f 807 1261 5253
f 1261 242 2253
f 1452 1713 2254
f 1713 386 5687
f 4 1816 8696
f 1816 707 3069
f 340 1927 4090
f 1927 1672 6389
f 14 1457 2257
f 1457 952 2759
f 73 447 2258
f 447 398 2258
f 25 2218 6375
f 2218 167 2259
f 434 2240 2328
f 2240 624 2260
f 1493 1774 2261
f 1774 40 5973
f 1176 1694 5369
f 1694 959 4467
f 164 1306 2263
f 1306 679 6592
f 568 698 2264
f 698 516 2264
f 1465 1511 2265
f 1511 680 6148
f 111 1831 2266
f 1831 1396 2266
f 974 1004 2267
f 1004 95 2267
f 18 694 5314
f 694 51 7267
f 919 1552 2269
f 1552 201 2269
f 4 511 2270
f 511 357 2270
f 1417 2097 2271
f 2097 245 7862
f 920 1764 2272
f 1764 359 2272
f 440 2232 2914
f 2232 2 2273
f 473 1445 3812
f 1445 855 2274
f 55 692 9287
f 692 443 2875
f 6 1403 2276
f 1403 113 3117
f 105 1784 6218
f 1784 28 2277
f 796 1320 2278
f 1320 143 4961
f 72 1498 2279
f 1498 45 2279
f 2092 2177 2280
f 2177 1098 2280
f 980 1652 2281
f 1652 660 6865
f 1489 2190 2282
f 2190 73 3155
f 1150 1746 7055
f 1746 137 2283
f 218 1965 6976
f 1965 163 4181
f 973 1523 2285
f 1523 1454 2285
f 841 1601 2286
f 1601 73 5514
f 142 1245 2287
f 1245 857 2287
f 875 2251 6660
f 2251 22 2288
f 408 1633 4948
f 1633 1312 5285
f 236 821 2290
f 821 48 2290
f 39 1484 2291
f 1484 331 9104
f 19 224 2292
f 224 190 2292
f 642 1074 3709
f 1074 4 2293
f 115 611 5688
f 611 6 2294
f 658 916 2295
f 916 313 4322
f 312 1424 2302
f 1424 69 2296
f 232 393 2297
f 393 244 2297
f 555 1185 5325
f 1185 119 6164
f 99 131 3505
f 131 63 2299
f 16 1376 2300
f 1376 3 2300
f 461 2059 3656
f 2059 910 3294
f 1424 2296 7462
f 2296 312 2302
f 1162 2005 2789
f 2005 1075 2303
f 31 1919 8762
f 1919 537 9017
f 736 1728 7181
f 1728 532 6320
f 34 243 7184
f 243 7 2306
f 742 900 2307
f 900 865 2307
f 419 1920 4428
f 1920 10 2308
f 298 1788 5491
f 1788 259 7840
f 47 2070 2310
f 2070 1959 2310
f 169 319 4268
f 319 193 5251
f 35 127 2312
f 127 1 2312
f 1196 1410 2313
f 1410 253 3278
f 311 582 2314
f 582 487 7882
f 246 650 2315
f 650 138 2315
f 6 443 2316
f 443 334 9640
f 4 251 2317
f 251 50 2317
f 580 1663 3669
f 1663 729 9166
f 5 1141 2319
f 1141 79 2319
f 90 1432 9764
f 1432 261 4802
f 557 1227 5438
f 1227 950 8028
f 712 849 2322
f 849 43 2322
f 1298 1682 6230
f 1682 830 9628
f 330 1276 2820
f 1276 39 8169
f 25 1650 4568
f 1650 490 2325
f 1192 1850 2326
f 1850 1047 2326
f 298 1117 2327
f 1117 114 8832
f 2240 2260 5808
f 2260 434 2628
f 527 1563 2329
f 1563 3 2329
f 1626 2136 8352
f 2136 324 2330
f 175 814 7975
f 814 20 9148
f 4 590 2332
f 590 333 2332
f 17 894 2333
f 894 530 9251
f 48 924 3706
f 924 863 2334
f 26 1835 6635
f 1835 78 5813
f 7 2214 2336
f 2214 15 3514
f 504 887 5793
f 887 556 2337
f 324 1028 6661
f 1028 293 8583
f 13 1389 4816
f 1389 378 5190
f 79 1198 5893
f 1198 975 4312
f 36 141 5606
f 141 70 2341
f 860 2182 9543
f 2182 247 2342
f 24 1451 3620
f 1451 278 2363
f 10 1751 7625
f 1751 308 2344
f 438 1887 2345
f 1887 342 2345
f 12 955 2346
f 955 796 7883
f 292 886 2347
f 886 3 2347
f 60 1587 2348
f 1587 503 4586
f 1891 2129 8174
f 2129 1298 7578
f 22 2251 3212
f 2251 2034 8120
f 266 1760 6633
f 1760 3 3979
f 146 2194 3019
f 2194 371 4485
f 1750 1945 2353
f 1945 61 9280
f 504 1918 2354
f 1918 887 2354
f 11 1312 6223
f 1312 15 2355
f 269 1360 2356
f 1360 714 2356
f 593 1685 2357
f 1685 917 3142
f 504 515 2358
f 515 5 2358
f 372 2190 5541
f 2190 1489 9610
f 1592 1785 4226
f 1785 1303 2360
f 51 1139 9053
f 1139 18 2361
f 1186 1665 8315
f 1665 22 6507
f 278 2343 2363
f 2343 1451 2363
f 395 1108 6604
f 1108 470 5844
f 867 1383 2365
f 1383 1201 2365
f 59 91 2366
f 91 39 5405
f 415 602 7066
f 602 179 6947
f 625 1961 8904
f 1961 128 2368
f 59 1491 6818
f 1491 43 6585
f 339 1344 3611
f 1344 12 2370
f 207 1501 2371
f 1501 529 2371
f 210 2202 2372
f 2202 20 5509
f 42 586 3323
f 586 13 2373
f 233 2117 2374
f 2117 135 2374
f 5 1210 2375
f 1210 348 2375
f 641 1448 2376
f 1448 61 2376
f 8 605 3515
f 605 88 2377
f 187 1376 7793
f 1376 16 2378
f 196 1510 2379
f 1510 189 3177
f 405 2170 2380
f 2170 567 6123
f 853 2127 7116
f 2127 1821 4012
f 1853 2155 3653
f 2155 855 5979
f 67 235 2383
f 235 5 2383
f 20 869 2384
f 869 777 4024
f 165 1001 4824
f 1001 994 4806
f 847 2043 2512
f 2043 390 2386
f 1665 1884 7407
f 1884 22 3398
f 2 1595 2388
f 1595 1010 6271
f 1202 1773 7354
f 1773 1068 4907
f 223 1037 2390
f 1037 32 3906
f 77 743 2391
f 743 617 7961
f 1122 1954 5922
f 1954 52 2392
f 2055 2057 2393
f 2057 733 2393
f 153 506 5650
f 506 118 9384
f 1205 1563 2395
f 1563 527 5971
f 154 1384 7362
f 1384 234 8557
f 541 1517 2853
f 1517 1289 8050
f 340 1672 2398
f 1672 73 4141
f 6 1069 2399
f 1069 325 2399
f 200 534 2400
f 534 271 9175
f 1302 1752 9255
f 1752 397 2401
f 1920 2308 3259
f 2308 419 3696
f 756 1522 2403
f 1522 856 7252
f 73 2258 2404
f 2258 398 2705
f 1394 2061 8991
f 2061 679 2405
f 9 1094 7123
f 1094 59 6094
f 193 1177 2407
f 1177 404 3637
f 32 2030 5792
f 2030 186 7654
f 35 1359 3615
f 1359 146 5001
f 353 921 8821
f 921 808 2410
f 431 2234 7251
f 2234 164 2411
f 1174 1551 6410
f 1551 1052 8211
f 850 1223 2413
f 1223 101 2413
f 688 1697 2414
f 1697 351 5956
f 96 99 2415
f 99 4 2415
f 191 1522 5926
f 1522 756 8184
f 465 673 5290
f 673 318 2417
f 911 2226 2571
f 2226 7 5456
f 1930 2095 2419
f 2095 1734 2419
f 462 1140 2420
f 1140 260 2420
f 1129 1249 2421
f 1249 474 3324
f 119 2087 2422
f 2087 555 2422
f 111 1396 9453
f 1396 272 2490
f 183 1350 8190
f 1350 51 2424
f 90 597 2425
f 597 67 2425
f 14 2257 5493
f 2257 952 2426
f 12 1068 2427
f 1068 742 2427
f 22 1075 2428
f 1075 269 2428
f 760 1602 2429
f 1602 1036 4290
f 969 1173 2430
f 1173 224 2430
f 1386 2235 2431
f 2235 193 4912
f 1379 2091 2432
f 2091 1366 7151
f 1386 1567 2433
f 1567 1144 2433
f 562 610 6253
f 610 62 3075
f 420 1849 2435
f 1849 1367 2435
f 1028 1747 2436
f 1747 293 2436
f 8 1956 4506
f 1956 1498 2437
f 2043 2386 3038
f 2386 847 9167
f 193 2407 2439
f 2407 404 6917
f 929 1415 2440
f 1415 55 9481
f 1392 2174 5516
f 2174 724 9192
f 3 2090 9482
f 2090 266 5399
f 632 1302 2443
f 1302 397 4391
f 1751 2344 3158
f 2344 10 2546
f 295 347 5229
f 347 202 3493
f 630 821 8087
f 821 236 2446
f 62 2434 2592
f 2434 610 2447
f 1728 2305 6601
f 2305 736 4608
f 325 858 4358
f 858 528 2449
f 299 353 2450
f 353 149 2450
f 8 2143 4334
f 2143 32 6130
f 336 666 2452
f 666 407 2452
f 750 1667 2463
f 1667 979 2453
f 843 869 7802
f 869 20 2454
f 176 1474 2455
f 1474 67 7058
f 14 1599 2456
f 1599 580 2456
f 18 1622 3055
f 1622 339 2457
f 6 1340 2458
f 1340 1 2458
f 673 1106 2459
f 1106 318 5572
f 498 1578 2460
f 1578 310 2460
f 172 1182 9843
f 1182 95 2461
f 512 1349 2462
f 1349 572 8168
f 1667 2453 2463
f 2453 750 5103
f 806 1723 2464
f 1723 20 2464
f 32 2234 7824
f 2234 431 4095
f 215 626 2466
f 626 260 3652
f 33 864 5078
f 864 214 2467
f 59 2369 2468
f 2369 43 2468
f 777 843 2469
f 843 32 2469
f 505 1855 2470
f 1855 118 7146
f 502 1640 2471
f 1640 114 6833
f 1027 1217 8217
f 1217 1011 9819
f 131 1329 4915
f 1329 96 2473
f 225 509 2474
f 509 4 5954
f 740 973 4662
f 973 11 4649
f 602 2367 3315
f 2367 415 8145
f 27 876 2477
f 876 612 9553
f 6 1727 2478
f 1727 247 2478
f 267 671 2479
f 671 169 8752
f 346 424 4982
f 424 27 3247
f 59 1094 2481
f 1094 136 7678
f 251 1142 9462
f 1142 941 2482
f 5 249 2483
f 249 14 2483
f 503 2348 3926
f 2348 1587 2484
f 7 2199 2485
f 2199 590 8713
f 530 2333 2486
f 2333 894 2486
f 204 1858 2487
f 1858 14 2487
f 1687 2093 7364
f 2093 284 2488
f 189 250 2489
f 250 196 2489
f 272 2423 7780
f 2423 1396 2490
f 454 1786 7338
f 1786 1267 6027
f 62 1434 7782
f 1434 484 2492
f 943 1267 6068
f 1267 193 3349
f 136 2045 2678
f 2045 1907 5594
f 51 108 7343
f 108 80 2495
f 114 2471 2496
f 2471 1640 6995
f 488 1705 9445
f 1705 1011 2497
f 385 2184 2498
f 2184 22 8415
f 268 2249 2714
f 2249 1085 4516
f 26 911 4746
f 911 359 2500
f 57 1058 2501
f 1058 552 2501
f 279 1826 3273
f 1826 1591 2502
f 18 2200 8082
f 2200 461 2594
f 73 1191 5271
f 1191 1059 2504
f 415 1078 9228
f 1078 602 3090
f 138 1280 2506
f 1280 615 2506
f 183 2208 8356
f 2208 1118 3823
f 342 819 2508
f 819 319 2508
f 2348 2484 7821
f 2484 503 2509
f 5 36 2510
f 36 6 4447
f 478 1719 3946
f 1719 116 7454
f 2043 2438 2512
f 2438 847 2512
f 5 1447 2513
f 1447 1197 2513
f 551 631 3980
f 631 94 2514
f 139 2096 2515
f 2096 182 2515
f 1297 1549 9549
f 1549 762 2516
f 6 1864 2517
f 1864 1652 6732
f 580 2318 2518
f 2318 729 2948
f 31 1790 2519
f 1790 520 6405
f 40 278 3651
f 278 31 2520
f 197 1680 2955
f 1680 33 2521
f 2200 2503 2522
f 2503 18 2522
f 1012 1974 8879
f 1974 1413 2523
f 43 83 6458
f 83 39 2524
f 70 1873 3535
f 1873 1398 4457
f 242 574 8956
f 574 385 6296
f 25 2201 5552
f 2201 940 2527
f 1083 1499 6133
f 1499 519 2528
f 366 1255 4926
f 1255 868 2529
f 967 2211 2530
f 2211 510 2530
f 20 1378 2531
f 1378 1307 2531
f 299 555 2532
f 555 113 7077
f 1 845 8499
f 845 27 2533
f 7 243 2534
f 243 3 2534
f 41 783 2535
f 783 338 2535
f 70 2156 2536
f 2156 1465 6870
f 14 249 2537
f 249 117 8128
f 97 768 2538
f 768 4 2538
f 27 310 2539
f 310 244 2589
f 45 46 2540
f 46 20 2540
f 737 986 2541
f 986 289 3885
f 867 1423 2542
f 1423 360 2542
f 2305 2448 2543
f 2448 1728 2543
f 222 1740 2956
f 1740 396 2544
f 757 938 3876
f 938 206 2624
f 10 2444 3376
f 2444 2344 2546
f 13 1807 4081
f 1807 64 3886
f 98 1670 2548
f 1670 644 2548
f 185 440 7827
f 440 2 4924
f 786 1172 3340
f 1172 120 2550
f 246 309 2551
f 309 154 2551
f 4 368 2552
f 368 314 2552
f 536 670 2553
f 670 28 3716
f 168 1276 2554
f 1276 330 7551
f 425 1936 2555
f 1936 430 6882
f 24 628 2556
f 628 14 4161
f 40 2520 6677
f 2520 31 6584
f 6 1994 2558
f 1994 38 9560
f 677 834 2559
f 834 104 9441
f 114 2015 5825
f 2015 56 7781
f 149 1200 2561
f 1200 888 5099
f 1894 2216 2562
f 2216 36 7387
f 917 1685 7270
f 1685 342 2563
f 372 823 2998
f 823 576 3230
f 1431 1851 2565
f 1851 27 3977
f 298 2309 5069
f 2309 259 5874
f 506 2394 2567
f 2394 153 2567
f 1274 2172 2568
f 2172 24 2568
f 750 2159 2569
f 2159 361 7850
f 28 2553 3231
f 2553 670 2570
f 2226 2418 2571
f 2418 911 3811
f 1316 1458 4133
f 1458 960 2572
f 623 1339 3039
f 1339 639 2573
f 48 1141 2574
f 1141 5 5659
f 11 754 2575
f 754 268 4260
f 734 2105 2576
f 2105 1828 2576
f 741 791 4724
f 791 760 5640
f 60 2102 2578
f 2102 518 5923
f 4 801 2579
f 801 460 2579
f 16 566 5887
f 566 47 3307
f 71 1735 2581
f 1735 1072 6019
f 363 663 2582
f 663 587 8886
f 705 2031 2583
f 2031 703 8016
f 552 1058 7986
f 1058 60 2584
f 1705 2497 4261
f 2497 488 2585
f 1283 1377 2586
f 1377 117 5471
f 44 55 2587
f 55 6 2587
f 246 446 2588
f 446 309 2588
f 244 2539 5370
f 2539 310 7165
f 665 1035 2590
f 1035 194 9799
f 960 1380 2591
f 1380 1316 2591
f 2434 2447 3053
f 2447 62 2592
f 1440 1536 4451
f 1536 1088 7458
f 461 2503 2594
f 2503 2200 2594
f 1 1189 2595
f 1189 1048 9040
f 1489 2359 2596
f 2359 2190 5581
f 133 522 4522
f 522 474 7798
f 215 1140 9596
f 1140 462 5678
f 10 629 2599
f 629 5 2599
f 77 570 3638
f 570 42 2600
f 252 1605 7784
f 1605 394 4210
f 69 2132 2602
f 2132 1485 2602
f 265 1688 2603
f 1688 52 3750
f 397 846 2604
f 846 90 3421
f 733 1713 2605
f 1713 1452 7174
f 246 549 2606
f 549 37 6372
f 377 2016 8407
f 2016 4 2823
f 122 1317 2608
f 1317 4 5202
f 1236 1768 3058
f 1768 1718 9465
f 762 1524 2610
f 1524 1354 3780
f 31 107 2611
f 107 60 2611
f 144 366 2612
f 366 4 2612
f 336 407 2613
f 407 1 9055
f 577 908 2614
f 908 135 2614
f 1073 1337 3033
f 1337 48 2615
f 313 453 2616
f 453 1 3404
f 1190 1927 4009
f 1927 340 5150
f 2447 2592 4281
f 2592 2434 2618
f 3 1168 2619
f 1168 152 7220
f 83 992 4294
f 992 967 2620
f 339 1622 2621
f 1622 866 2621
f 1347 1761 2622
f 1761 807 5997
f 104 1532 2623
f 1532 277 6603
f 206 2545 2624
f 2545 938 2624
f 56 642 2625
f 642 4 4675
f 587 2582 6401
f 2582 663 2626
f 1347 2622 9237
f 2622 807 2627
f 434 2328 2628
f 2328 2260 2628
f 88 939 3357
f 939 71 5241
f 98 1459 2630
f 1459 1401 4858
f 113 808 3096
f 808 412 2631
f 1491 1825 3030
f 1825 1583 2632
f 1633 2289 2633
f 2289 408 7088
f 284 2093 5828
f 2093 138 4896
f 135 2085 2635
f 2085 11 2635
f 435 2008 2636
f 2008 922 2636
f 1396 1831 6869
f 1831 126 6278
f 233 2175 9707
f 2175 150 2638
f 926 1130 2639
f 1130 963 6722
f 138 1604 2794
f 1604 154 9489
f 137 2203 7768
f 2203 291 2641
f 57 188 2642
f 188 102 2642
f 4 670 4696
f 670 536 2643
f 33 517 2644
f 517 422 2644
f 6 388 2645
f 388 85 2645
f 1740 2544 2646
f 2544 222 4337
f 24 627 3027
f 627 258 6674
f 32 521 6955
f 521 311 5745
f 70 629 2649
f 629 10 8782
f 356 1260 2650
f 1260 442 4310
f 198 1683 6875
f 1683 21 2651
f 504 2337 2652
f 2337 556 2652
f 79 2340 2653
f 2340 975 2653
f 765 1311 2793
f 1311 961 2654
f 6 2645 2655
f 2645 85 2655
f 450 1748 5289
f 1748 976 3796
f 187 1793 6464
f 1793 11 5725
f 111 2266 2658
f 2266 1396 5445
f 4 448 2659
f 448 7 2659
f 464 1630 2660
f 1630 471 4509
f 27 1145 9571
f 1145 205 2661
f 395 470 4637
f 470 369 2662
f 2260 2328 2663
f 2328 2240 8508
f 464 2660 2921
f 2660 471 2916
f 1012 1413 3613
f 1413 5 2665
f 581 1820 7009
f 1820 152 2666
f 98 315 3856
f 315 300 8681
f 2046 2225 2668
f 2225 3 2668
f 1285 2041 7041
f 2041 256 6151
f 77 797 2670
f 797 22 2670
f 43 1469 8483
f 1469 331 3685
f 252 1351 2672
f 1351 636 2672
f 119 1233 9957
f 1233 149 7363
f 339 2082 8871
f 2082 1714 4442
f 312 384 6848
f 384 178 5586
f 206 1543 2676
f 1543 12 7460
f 71 740 4166
f 740 196 2677
f 2045 2494 2678
f 2494 136 4038
f 10 853 5682
f 853 736 2679
f 32 1286 3932
f 1286 209 3491
f 794 1939 2681
f 1939 1771 7886
f 324 1243 6727
f 1243 567 2682
f 10 1960 2683
f 1960 847 2683
f 435 1525 2684
f 1525 43 2684
f 31 1089 6879
f 1089 132 2685
f 733 1452 2686
f 1452 31 2686
f 301 1446 2687
f 1446 4 6008
f 529 1062 2688
f 1062 667 3628
f 22 1393 2689
f 1393 759 2689
f 5 1038 8314
f 1038 194 2690
f 196 250 4697
f 250 71 2691
f 21 463 7629
f 463 3 4297
f 14 1746 6649
f 1746 1150 4010
f 318 2459 2694
f 2459 1106 8676
f 152 479 2695
f 479 28 2695
f 1786 1895 2696
f 1895 193 6895
f 760 2040 2697
f 2040 856 2697
f 12 475 9025
f 475 16 4520
f 148 540 9267
f 540 35 2699
f 249 348 3487
f 348 117 2700
f 97 2035 2701
f 2035 275 2701
f 1434 1481 9635
f 1481 484 2702
f 4 919 2703
f 919 201 3976
f 4 1074 6506
f 1074 259 9749
f 398 2404 3973
f 2404 2258 9623
f 985 1475 7366
f 1475 295 2706
f 342 2164 2707
f 2164 690 2707
f 961 1192 2708
f 1192 228 2708
f 90 1211 2709
f 1211 5 2709
f 209 993 3254
f 993 223 2710
f 733 2605 2711
f 2605 1452 3474
f 345 790 2712
f 790 394 2712
f 883 1628 5376
f 1628 696 2713
f 2249 2499 6956
f 2499 268 2714
f 29 1847 4004
f 1847 542 2715
f 1186 2171 7428
f 2171 1665 9528
f 1489 1656 3263
f 1656 193 3127
f 6 1212 2718
f 1212 714 2718
f 340 2617 2719
f 2617 1927 3134
f 1093 2163 5003
f 2163 1068 2720
f 2484 2509 3429
f 2509 2348 5760
f 220 1528 9530
f 1528 1218 2722
f 150 306 2723
f 306 1 2844
f 18 1146 2724
f 1146 6 2724
f 1518 2119 2725
f 2119 129 6471
f 200 2169 2726
f 2169 1 2726
f 433 1229 8224
f 1229 110 2727
f 1865 2062 5618
f 2062 397 9392
f 1150 2693 3168
f 2693 1746 2729
f 424 2480 2730
f 2480 346 2730
f 176 2455 3414
f 2455 67 2731
f 510 1568 2732
f 1568 1305 8756
f 539 2168 8365
f 2168 171 2733
f 484 1566 2734
f 1566 1015 4422
f 504 1544 2735
f 1544 75 4270
f 1269 1562 2736
f 1562 1424 4579
f 35 2409 2737
f 2409 146 2737
f 268 1085 6143
f 1085 405 2738
f 31 2557 4844
f 2557 2520 3335
f 28 1983 9692
f 1983 364 2740
f 2308 2402 2741
f 2402 1920 8112
f 223 317 2742
f 317 240 2742
f 1865 2728 2743
f 2728 397 2743
f 17 453 2744
f 453 313 2744
f 259 2704 2745
f 2704 1074 5569
f 1169 1597 2746
f 1597 519 2746
f 232 1109 3502
f 1109 205 2747
f 158 467 2748
f 467 9 2748
f 8 1498 2749
f 1498 72 2753
f 51 1649 2750
f 1649 1527 2750
f 1489 2282 2751
f 2282 73 6434
f 1192 2326 2752
f 2326 1047 4489
f 72 2749 5845
f 2749 1498 2753
f 235 751 2754
f 751 5 2754
f 935 1231 2755
f 1231 17 7677
f 24 278 9188
f 278 40 4810
f 75 724 2757
f 724 543 2757
f 1582 2051 5455
f 2051 193 9669
f 952 2257 2929
f 2257 1457 2988
f 677 2559 2760
f 2559 104 2760
f 553 1497 2994
f 1497 518 2761
f 164 844 2762
f 844 208 3162
f 20 2193 2763
f 2193 208 7577
f 168 2054 2764
f 2054 426 4792
f 12 1271 4869
f 1271 13 4408
f 83 1690 2766
f 1690 902 2766
f 853 2679 2767
f 2679 10 3458
f 296 2188 6773
f 2188 57 4139
f 580 2099 8636
f 2099 952 2769
f 215 462 2770
f 462 134 4099
f 1254 1288 2771
f 1288 262 2771
f 73 1041 4625
f 1041 559 2772
f 6 1817 2773
f 1817 1212 2773
f 293 1747 8186
f 1747 268 2774
f 207 468 6996
f 468 105 5118
f 1467 2077 6693
f 2077 179 2776
f 1452 2254 2777
f 2254 386 2777
f 74 1663 2778
f 1663 580 2778
f 662 886 9014
f 886 292 9562
f 407 666 2780
f 666 11 4819
f 146 2003 2781
f 2003 68 2781
f 460 801 6561
f 801 198 2782
f 183 621 2783
f 621 98 3582
f 17 866 2784
f 866 18 2784
f 191 1036 2785
f 1036 856 2785
f 617 743 2786
f 743 247 2786
f 247 2182 2787
f 2182 2068 2787
f 1053 1100 2788
f 1100 723 8674
f 2005 2303 8710
f 2303 1162 8838
f 311 340 2790
f 340 73 4115
f 204 2487 6874
f 2487 14 3828
f 1137 1327 2792
f 1327 5 2792
f 1311 2654 2793
f 2654 765 4714
f 1604 2640 2794
f 2640 138 2794
f 218 1091 2795
f 1091 375 5770
f 361 2000 4019
f 2000 938 7227
f 334 1620 6526
f 1620 995 4169
f 97 2538 3265
f 2538 4 5534
f 268 2499 2799
f 2499 1085 7919
f 544 1237 8319
f 1237 202 2800
f 40 100 2801
f 100 14 2801
f 369 766 2802
f 766 395 2802
f 795 2111 2803
f 2111 245 2803
f 274 945 3445
f 945 907 2804
f 673 2417 6055
f 2417 465 7753
f 2487 2791 2806
f 2791 204 8996
f 420 2435 2807
f 2435 1367 9721
f 61 185 3018
f 185 2 2808
f 1682 2129 2809
f 2129 1891 2809
f 933 1611 2810
f 1611 17 2810
f 1246 1655 2811
f 1655 12 9215
f 1171 1611 2812
f 1611 933 2812
f 1261 2253 2813
f 2253 807 8535
f 234 1384 2814
f 1384 230 4163
f 118 2470 9600
f 2470 1855 2815
f 83 922 7481
f 922 775 2816
f 32 895 2817
f 895 25 8137
f 341 540 2818
f 540 148 5465
f 910 2059 4492
f 2059 1272 2819
f 1276 2324 2820
f 2324 330 7969
f 73 1065 2821
f 1065 342 2821
f 1711 1978 2822
f 1978 421 7317
f 4 2607 2823
f 2607 2016 6376
f 87 1694 2824
f 1694 1176 7914
f 1501 1612 2825
f 1612 105 6259
f 160 1908 2826
f 1908 95 2826
f 1198 2340 6468
f 2340 79 9896
f 245 1820 2828
f 1820 581 2828
f 25 1241 6562
f 1241 20 2829
f 12 1093 8332
f 1093 1068 3629
f 894 933 3071
f 933 12 2831
f 794 1029 5180
f 1029 29 2832
f 119 2298 2833
f 2298 1185 2833
f 957 1916 2834
f 1916 694 8283
f 1491 2632 7112
f 2632 1583 9355
f 60 2221 2836
f 2221 1587 2836
f 570 2600 9308
f 2600 77 3802
f 253 1471 2838
f 1471 270 8416
f 10 228 2839
f 228 63 4800
f 339 2200 2840
f 2200 18 2840
f 11 293 7125
f 293 7 2841
f 22 1749 5875
f 1749 13 2842
f 434 836 4931
f 836 369 2843
f 1 2723 6851
f 2723 306 4922
f 791 2577 3794
f 2577 741 9537
f 71 973 6763
f 973 740 2846
f 14 1858 2847
f 1858 280 2847
f 3 1376 4250
f 1376 187 2848
f 1514 2228 2849
f 2228 165 2849
f 1159 1921 6745
f 1921 633 6318
f 689 2141 2897
f 2141 1323 2851
f 43 1491 8618
f 1491 136 2889
f 1517 2397 2853
f 2397 541 7315
f 1388 1783 5511
f 1783 906 2854
f 387 815 4016
f 815 316 4913
f 870 1356 2856
f 1356 481 2856
f 14 1869 2857
f 1869 109 2857
f 959 1694 9768
f 1694 87 2858
f 357 1142 7898
f 1142 251 4478
f 421 1978 2860
f 1978 839 2860
f 104 966 6551
f 966 241 8742
f 263 999 7447
f 999 69 2862
f 180 1943 3112
f 1943 60 2863
f 152 1181 2864
f 1181 26 2864
f 455 781 9544
f 781 4 2865
f 27 1352 2866
f 1352 346 4316
f 696 1502 4020
f 1502 883 2867
f 732 1199 2868
f 1199 257 4577
f 430 1936 2869
f 1936 1 8519
f 6 1813 2870
f 1813 616 2870
f 799 2060 3970
f 2060 32 3842
f 35 2737 8717
f 2737 146 8596
f 5 996 2873
f 996 708 5575
f 886 1699 2874
f 1699 3 2943
f 443 2275 2875
f 2275 692 2875
f 1289 2397 6710
f 2397 1517 6426
f 942 1484 2877
f 1484 39 5483
f 234 2814 4570
f 2814 230 3681
f 954 1147 2879
f 1147 434 2879
f 1407 2067 9468
f 2067 900 8419
f 958 1755 2881
f 1755 532 2881
f 1542 2140 2882
f 2140 20 2882
f 183 1027 5327
f 1027 1011 5133
f 48 1148 6830
f 1148 584 7402
f 903 1373 2885
f 1373 446 7926
f 926 2639 9137
f 2639 963 2886
f 56 2560 2887
f 2560 2015 2887
f 12 140 2888
f 140 14 2888
f 136 2852 3941
f 2852 1491 4298
f 351 1307 2890
f 1307 688 9396
f 1665 2716 2891
f 2716 2171 2891
f 1094 2406 2892
f 2406 9 2892
f 97 977 2893
f 977 105 2893
f 26 1896 2894
f 1896 363 6900
f 71 2629 2895
f 2629 939 8207
f 83 1635 2896
f 1635 922 2896
f 2141 2851 2897
f 2851 689 4831
f 83 2524 2898
f 2524 43 3579
f 999 2862 2899
f 2862 263 2899
f 349 1369 2900
f 1369 1339 6302
f 477 1066 4032
f 1066 777 2901
f 870 2856 6554
f 2856 481 2902
f 182 935 2903
f 935 115 5476
f 862 1298 5851
f 1298 830 2904
f 12 2185 4962
f 2185 1476 2905
f 73 1190 2906
f 1190 164 2906
f 329 968 2907
f 968 35 2907
f 72 1899 3104
f 1899 657 9984
f 2016 2823 3147
f 2823 2607 4838
f 467 1292 2910
f 1292 19 2910
f 283 1251 2911
f 1251 365 2911
f 940 2201 5191
f 2201 8 2912
f 1518 2725 2913
f 2725 129 4715
f 2232 2273 8008
f 2273 440 3868
f 161 1846 2915
f 1846 990 2915
f 471 2664 7493
f 2664 2660 2916
f 154 972 2917
f 972 750 2917
f 151 177 7175
f 177 12 2918
f 82 178 2919
f 178 32 4607
f 375 1091 8400
f 1091 48 2920
f 2660 2664 5375
f 2664 464 2921
f 224 1053 2922
f 1053 369 7339
f 486 1680 7991
f 1680 197 2923
f 57 1216 2924
f 1216 1152 3567
f 264 354 2925
f 354 72 2925
f 31 700 2926
f 700 638 2926
f 1434 1853 2927
f 1853 1481 8969
f 224 825 2928
f 825 624 2928
f 2257 2759 2929
f 2759 952 5287
f 404 2407 2930
f 2407 1177 8324
f 1302 2401 9552
f 2401 397 2931
f 25 490 2932
f 490 84 5393
f 158 1830 2933
f 1830 1292 5068
f 540 633 4692
f 633 35 2934
f 1091 2920 2935
f 2920 375 3022
f 333 2199 2936
f 2199 7 9173
f 138 475 5906
f 475 12 2937
f 1527 1649 9725
f 1649 80 5932
f 471 2660 2939
f 2660 1630 2939
f 1434 2155 8691
f 2155 1853 7705
f 156 1300 2941
f 1300 116 2941
f 1628 2713 9209
f 2713 883 2942
f 3 2874 4519
f 2874 1699 7622
f 270 1296 6056
f 1296 742 4410
f 91 94 2945
f 94 39 2945
f 404 2130 4855
f 2130 342 2946
f 41 65 5064
f 65 10 3171
f 729 2518 8152
f 2518 2318 2948
f 138 1335 2949
f 1335 229 2949
f 291 508 3748
f 508 14 5472
f 22 318 2951
f 318 212 2951
f 199 1866 8418
f 1866 758 6066
f 391 891 2953
f 891 22 2953
f 1611 1914 2954
f 1914 17 8347
f 1680 2521 7142
f 2521 197 5433
f 1740 2646 9726
f 2646 222 2956
f 200 1479 5695
f 1479 255 2957
f 14 76 8603
f 76 57 7884
f 69 2157 5882
f 2157 1077 8647
f 97 717 2960
f 717 480 6581
f 253 1766 7132
f 1766 98 2961
f 17 1659 8302
f 1659 1449 3394
f 6 1750 3331
f 1750 61 4676
f 106 2123 9236
f 2123 63 4357
f 218 374 2965
f 374 114 5076
f 18 1293 2966
f 1293 115 6807
f 1031 2221 4186
f 2221 60 2967
f 82 2919 2968
f 2919 32 2968
f 584 1298 9223
f 1298 862 2969
f 159 304 9387
f 304 62 2970
f 1155 2236 3015
f 2236 2174 6617
f 13 1393 2972
f 1393 22 3165
f 1682 1891 2973
f 1891 584 6805
f 574 1347 2974
f 1347 807 9652
f 1047 1439 9588
f 1439 765 2975
f 20 1088 9732
f 1088 1043 2976
f 89 1465 2977
f 1465 680 2977
f 1358 1418 9186
f 1418 153 2978
f 351 727 9120
f 727 20 2979
f 202 323 7238
f 323 106 2980
f 79 2653 2981
f 2653 975 2981
f 95 1182 6316
f 1182 75 4642
f 356 1653 8428
f 1653 725 2983
f 98 1766 9160
f 1766 1410 2984
f 1491 2852 2985
f 2852 43 4311
f 1085 2738 4745
f 2738 268 2986
f 527 2225 2987
f 2225 2046 3021
f 1457 2759 5601
f 2759 2257 2988
f 167 2218 7503
f 2218 681 2989
f 11 1793 5619
f 1793 16 2990
f 4 2317 4827
f 2317 50 2991
f 126 326 2992
f 326 31 2992
f 873 2112 7097
f 2112 733 2993
f 1497 2761 2994
f 2761 553 3503
f 1119 1295 2995
f 1295 356 7643
f 1366 1824 2996
f 1824 191 2996
f 105 977 2997
f 977 480 2997
f 823 2564 3753
f 2564 372 4682
f 716 2108 2999
f 2108 12 2999
f 390 1277 5609
f 1277 383 3000
f 42 165 3001
f 165 6 3001
f 244 393 3002
f 393 93 9525
f 14 2135 5782
f 2135 1869 3003
f 794 1771 7202
f 1771 1029 3004
f 16 1793 3533
f 1793 187 3005
f 184 548 9913
f 548 161 3006
f 35 1836 3007
f 1836 6 4923
f 600 1325 9260
f 1325 442 3008
f 1045 2122 3009
f 2122 329 3009
f 1050 1076 3010
f 1076 498 3010
f 75 481 7276
f 481 367 5525
f 501 1571 3012
f 1571 994 5189
f 61 1448 6774
f 1448 6 8330
f 216 413 4955
f 413 42 3014
f 2236 2971 3015
f 2971 1155 5796
f 100 121 3016
f 121 14 3316
f 337 1180 3017
f 1180 169 4847
f 185 2808 3018
f 2808 61 4571
f 2194 2352 3019
f 2352 146 4105
f 1133 1662 4711
f 1662 113 3020
f 2046 2987 5005
f 2987 2225 3021
f 375 2935 3022
f 2935 2920 5427
f 311 1890 7187
f 1890 164 3023
f 7 2485 3024
f 2485 590 3024
f 32 2451 8796
f 2451 2143 3025
f 192 409 3026
f 409 156 3026
f 627 2647 8662
f 2647 24 4871
f 218 2965 3028
f 2965 114 5617
f 1001 1345 3029
f 1345 994 5250
f 1825 2632 4433
f 2632 1491 3030
f 1063 1572 5420
f 1572 981 4156
f 163 2284 3032
f 2284 1965 3032
f 1337 2615 7336
f 2615 1073 3033
f 221 1744 4862
f 1744 257 3034
f 620 2160 3035
f 2160 320 3035
f 5 287 3036
f 287 147 3036
f 154 2088 3037
f 2088 206 4393
f 2386 2438 3038
f 2438 2043 3038
f 1339 2573 5690
f 2573 623 3106
f 57 1725 3040
f 1725 31 3040
f 434 825 3041
f 825 224 3041
f 104 662 9498
f 662 292 3042
f 4 1446 3043
f 1446 43 3043
f 291 2203 3044
f 2203 1897 3044
f 284 2014 3045
f 2014 344 3045
f 556 887 3046
f 887 75 3046
f 135 2117 9497
f 2117 1700 3047
f 860 2342 9272
f 2342 247 3048
f 758 1701 3049
f 1701 199 3049
f 167 2989 3050
f 2989 681 6450
f 858 1607 3051
f 1607 528 7225
f 4 2552 6050
f 2552 314 5470
f 2447 2618 3053
f 2618 2434 5803
f 647 1772 3993
f 1772 194 3054
f 1622 2457 4569
f 2457 18 6754
f 1237 1450 3056
f 1450 1281 9679
f 1927 2617 3057
f 2617 1190 3057
f 1768 2609 3058
f 2609 1236 3058
f 364 1983 3059
f 1983 1784 3328
f 148 1948 3619
f 1948 146 3060
f 25 1388 5595
f 1388 906 4232
f 19 2078 3062
f 2078 1889 3624
f 301 2113 3063
f 2113 1743 3063
f 78 1046 6654
f 1046 920 4848
f 75 2982 3065
f 2982 1182 3065
f 283 2911 3066
f 2911 365 3066
f 56 683 9503
f 683 123 3067
f 714 1212 3068
f 1212 256 3068
f 707 2255 4799
f 2255 1816 6313
f 512 1961 3070
f 1961 625 3070
f 933 2831 7063
f 2831 894 3071
f 1077 2210 3072
f 2210 128 3072
f 84 490 3073
f 490 20 3073
f 1898 2049 5283
f 2049 1700 4549
f 62 2447 9617
f 2447 610 3075
f 3 517 3076
f 517 33 4000
f 295 2445 3077
f 2445 202 3434
f 730 827 3078
f 827 45 3078
f 52 831 9022
f 831 641 3079
f 2086 2146 9147
f 2146 716 6880
f 1687 2027 8607
f 2027 279 3081
f 12 2075 8102
f 2075 1372 3082
f 191 445 3129
f 445 415 3083
f 1281 2101 7966
f 2101 202 3084
f 1082 2207 3997
f 2207 1304 5895
f 10 1409 3592
f 1409 761 3086
f 1376 2848 3087
f 2848 3 3087
f 10 323 3088
f 323 202 4243
f 157 818 3089
f 818 15 3614
f 602 2505 3090
f 2505 1078 4252
f 860 3048 3091
f 3048 247 3091
f 154 549 3092
f 549 246 3092
f 1208 2140 8032
f 2140 1542 9376
f 26 2500 3919
f 2500 359 9002
f 813 1525 3537
f 1525 435 3889
f 808 2631 3419
f 2631 113 3096
f 14 2950 7403
f 2950 508 3097
f 26 1399 3098
f 1399 911 4022
f 910 1128 5143
f 1128 12 4440
f 1194 2198 3292
f 2198 845 4266
f 1748 2656 3101
f 2656 450 3101
f 1 1717 8661
f 1717 1324 3102
f 1481 1853 3103
f 1853 855 3103
f 1899 2908 3104
f 2908 72 3104
f 1048 2595 9365
f 2595 1189 5377
f 623 3039 3106
f 3039 2573 9786
f 352 1973 8873
f 1973 12 3107
f 20 1723 3116
f 1723 754 3108
f 381 1005 3109
f 1005 75 3109
f 75 1170 3110
f 1170 524 3110
f 9 645 3111
f 645 203 7113
f 1943 2863 3112
f 2863 180 5280
f 13 927 9451
f 927 62 7839
f 541 2241 3114
f 2241 518 3114
f 1724 1740 5034
f 1740 222 4392
f 1723 3108 3116
f 3108 20 7092
f 113 2276 3117
f 2276 1403 4616
f 969 1648 6609
f 1648 4 3118
f 307 2215 3119
f 2215 279 3310
f 299 412 3762
f 412 353 3120
f 383 703 3121
f 703 48 3121
f 2012 2194 3122
f 2194 146 3122
f 1069 2134 4125
f 2134 858 3123
f 20 3116 3124
f 3116 3108 6315
f 238 2013 3125
f 2013 1073 3125
f 1 1949 7913
f 1949 658 6045
f 193 2717 3127
f 2717 1656 9828
f 952 1457 3128
f 1457 580 3128
f 445 3083 3129
f 3083 191 3129
f 961 1311 3130
f 1311 1047 3130
f 12 124 6255
f 124 62 4984
f 148 1616 5231
f 1616 594 3132
f 644 1118 3133
f 1118 98 3133
f 1927 2719 3134
f 2719 2617 3134
f 350 493 3135
f 493 473 3135
f 26 1181 3136
f 1181 1168 3136
f 27 2565 3137
f 2565 1851 4168
f 42 1955 3138
f 1955 1079 3138
f 1835 2335 3139
f 2335 26 3139
f 183 1195 3140
f 1195 782 9846
f 910 2819 3141
f 2819 1272 3141
f 917 2357 3142
f 2357 1685 3142
f 853 2381 3143
f 2381 1821 4536
f 27 612 3144
f 612 17 3144
f 48 630 7310
f 630 375 3145
f 154 2246 3146
f 2246 1900 3146
f 2823 2909 3147
f 2909 2016 3147
f 11 2990 6638
f 2990 16 3765
f 216 3014 3149
f 3014 42 3149
f 1309 1593 4648
f 1593 844 3150
f 1467 2776 4402
f 2776 179 3955
f 1296 1492 7652
f 1492 12 3317
f 804 910 3153
f 910 12 3153
f 289 1252 3154
f 1252 737 6088
f 73 2282 3155
f 2282 2190 8645
f 266 2351 3156
f 2351 3 3156
f 380 1250 8143
f 1250 37 3157
f 2344 2444 3158
f 2444 1751 3928
f 12 575 3159
f 575 1 3159
f 1366 2091 3160
f 2091 62 3160
f 242 1060 5513
f 1060 807 3161
f 208 2762 5006
f 2762 844 3857
f 320 2022 3163
f 2022 501 3163
f 1948 3060 5840
f 3060 148 3164
f 22 2972 4479
f 2972 1393 6567
f 4 1613 3166
f 1613 511 6828
f 757 1537 3167
f 1537 1299 3167
f 2693 2729 3170
f 2729 1150 3168
f 2251 2350 3169
f 2350 22 3169
f 2729 3168 3170
f 3168 2693 9054
f 10 2947 4933
f 2947 65 4763
f 191 2785 3172
f 2785 856 9797
f 4 460 3173
f 460 21 8625
f 1466 1969 5201
f 1969 1 5867
f 83 967 4821
f 967 510 3175
f 97 2960 3176
f 2960 480 8420
f 189 2379 3177
f 2379 1510 3177
f 225 561 3178
f 561 83 3178
f 592 1570 3797
f 1570 5 6159
f 4 899 3180
f 899 9 4944
f 1122 2204 3181
f 2204 370 8017
f 407 2780 3810
f 2780 11 3182
f 241 1381 3183
f 1381 303 3183
f 5 944 3184
f 944 397 9864
f 83 713 6564
f 713 509 3185
f 144 281 8187
f 281 105 7946
f 5 1367 3187
f 1367 1115 3187
f 733 2711 3188
f 2711 1452 3188
f 675 1837 7325
f 1837 48 5468
f 252 790 4484
f 790 345 5252
f 719 1546 3191
f 1546 346 3191
f 832 1160 5303
f 1160 456 3192
f 397 1586 3193
f 1586 492 3193
f 255 774 4521
f 774 336 4646
f 1869 2116 3195
f 2116 109 5106
f 98 699 5213
f 699 80 3196
f 241 884 3197
f 884 49 4361
f 3 1621 3198
f 1621 702 4386
f 396 1724 3199
f 1724 48 3199
f 209 1286 6408
f 1286 254 3200
f 76 1508 4080
f 1508 1332 4611
f 920 3064 3277
f 3064 1046 8093
f 243 2306 3203
f 2306 34 3203
f 17 2784 3204
f 2784 18 3204
f 63 2107 3205
f 2107 1275 3205
f 1907 2045 3708
f 2045 9 3206
f 153 709 3207
f 709 107 3207
f 221 1248 3208
f 1248 25 3208
f 414 874 9265
f 874 32 3209
f 78 920 3210
f 920 7 3210
f 1570 3179 9242
f 3179 592 3862
f 2251 3169 4381
f 3169 22 3212
f 212 875 8961
f 875 22 3213
f 297 854 4420
f 854 672 7108
f 528 3051 3215
f 3051 1607 3215
f 131 2299 3216
f 2299 99 3216
f 242 538 3217
f 538 58 3217
f 1123 1879 5626
f 1879 439 3218
f 138 2093 3219
f 2093 1687 5551
f 526 1279 7718
f 1279 183 3220
f 1397 1874 3221
f 1874 114 3221
f 274 2804 7303
f 2804 907 3344
f 566 1482 3223
f 1482 47 3903
f 227 2052 3224
f 2052 1933 3224
f 288 1172 3225
f 1172 786 9064
f 1731 2024 3226
f 2024 620 3226
f 116 2511 4867
f 2511 1719 8100
f 702 3198 4500
f 3198 1621 9792
f 175 1175 3229
f 1175 86 3229
f 576 2564 8635
f 2564 823 6665
f 2553 2570 9351
f 2570 28 3231
f 75 543 9492
f 543 381 3834
f 309 903 6678
f 903 279 3841
f 1691 2079 3234
f 2079 2047 9271
f 82 2968 5494
f 2968 32 8371
f 10 2131 3236
f 2131 1756 3236
f 190 976 3237
f 976 369 5528
f 1129 2421 3238
f 2421 474 6921
f 31 2685 3239
f 2685 132 3268
f 16 406 3240
f 406 33 3240
f 179 191 4083
f 191 62 3241
f 474 1590 3371
f 1590 1129 7915
f 742 2944 3785
f 2944 1296 3243
f 592 3211 8268
f 3211 3179 3244
f 1129 3242 6857
f 3242 1590 3245
f 481 1356 4129
f 1356 737 6425
f 27 2480 4488
f 2480 424 9171
f 283 3066 4471
f 3066 365 3248
f 120 1220 3249
f 1220 491 4755
f 175 362 7351
f 362 45 3250
f 1078 3090 7697
f 3090 2505 3251
f 45 937 3252
f 937 175 6281
f 284 2634 7382
f 2634 138 3253
f 993 2710 3254
f 2710 209 3361
f 374 622 3255
f 622 114 9158
f 48 821 7576
f 821 630 3256
f 202 1751 9709
f 1751 10 9750
f 208 1658 9382
f 1658 1614 3258
f 2308 2741 7995
f 2741 1920 3259
f 251 941 3260
f 941 49 3260
f 402 1420 8656
f 1420 380 3486
f 4 472 6089
f 472 368 3262
f 1656 2717 5741
f 2717 1489 3263
f 203 2131 3264
f 2131 10 6911
f 2538 2798 3265
f 2798 97 3265
f 31 132 3266
f 132 12 3266
f 47 2580 3593
f 2580 566 3267
f 132 3239 3268
f 3239 2685 3268
f 64 2547 7617
f 2547 1807 3269
f 450 2656 3270
f 2656 976 6099
f 580 1457 3271
f 1457 14 5176
f 1283 2074 3272
f 2074 1377 3272
f 1826 2502 3273
f 2502 279 3273
f 415 2505 3877
f 2505 602 5958
f 2759 2988 3275
f 2988 1457 3470
f 541 1289 6709
f 1289 608 9505
f 3064 3202 4259
f 3202 920 3277
f 253 2313 3278
f 2313 1410 3278
f 95 222 3279
f 222 5 3279
f 2499 2714 3280
f 2714 2249 3280
f 1590 3242 3281
f 3242 474 9837
f 654 1634 5911
f 1634 29 3282
f 2 2549 3283
f 2549 440 3283
f 133 1880 3284
f 1880 116 7726
f 980 1051 3285
f 1051 6 4360
f 2200 2522 3286
f 2522 18 3286
f 324 2682 3287
f 2682 567 3347
f 393 458 3288
f 458 93 8792
f 289 1030 3289
f 1030 367 3289
f 228 1689 3290
f 1689 1008 4152
f 181 523 3291
f 523 233 8349
f 2198 3100 3292
f 3100 1194 3292
f 966 2861 3918
f 2861 104 3293
f 910 2301 3294
f 2301 2059 3294
f 2155 2382 3295
f 2382 1853 3295
f 85 2152 3296
f 2152 36 3296
f 807 2974 3297
f 2974 1347 8163
f 337 671 3413
f 671 267 3298
f 128 1961 9028
f 1961 512 3299
f 1439 2144 5955
f 2144 1311 3300
f 247 2787 3301
f 2787 2068 3301
f 224 2928 3302
f 2928 624 3302
f 80 253 3303
f 253 12 3998
f 11 932 3304
f 932 754 6003
f 20 257 3446
f 257 23 4061
f 1028 2338 8523
f 2338 324 3306
f 47 3267 4564
f 3267 566 3307
f 48 703 4150
f 703 79 3813
f 1052 1551 3309
f 1551 680 3360
f 279 3119 3310
f 3119 2215 5408
f 1 583 7324
f 583 88 3311
f 454 635 6919
f 635 319 9347
f 20 2140 6543
f 2140 1208 4385
f 3 162 3314
f 162 145 3314
f 2367 2476 3315
f 2476 602 4406
f 14 3016 3316
f 3016 121 3316
f 12 3152 7691
f 3152 1492 8708
f 2 1688 7101
f 1688 265 5776
f 828 1902 3409
f 1902 564 3319
f 1837 3189 3578
f 3189 675 3320
f 507 1110 7550
f 1110 8 4846
f 52 2204 4087
f 2204 1122 6347
f 586 2373 7544
f 2373 42 6929
f 474 2421 3324
f 2421 1249 3324
f 1267 2493 7667
f 2493 943 3325
f 762 1354 4336
f 1354 1314 3326
f 748 773 3327
f 773 771 3327
f 1784 3059 3328
f 3059 1983 4223
f 258 2647 5050
f 2647 627 3329
f 190 2002 3330
f 2002 1303 3330
f 1750 2963 9638
f 2963 6 3331
f 2234 2411 9218
f 2411 431 3332
f 1718 1768 3333
f 1768 1278 6788
f 1401 1459 3334
f 1459 51 3334
f 2520 2739 4014
f 2739 2557 3335
f 29 1364 3336
f 1364 352 8816
f 830 1148 3337
f 1148 48 4068
f 220 1218 3338
f 1218 199 3338
f 42 2021 3339
f 2021 586 3339
f 1172 2550 3340
f 2550 786 3340
f 52 1954 4434
f 1954 6 3495
f 32 2817 3342
f 2817 25 6314
f 286 2037 6698
f 2037 6 3343
f 907 3222 3344
f 3222 2804 5316
f 990 1846 5031
f 1846 1470 3345
f 115 935 3346
f 935 17 8982
f 567 3287 5004
f 3287 2682 3347
f 1973 3107 9585
f 3107 352 3348
f 193 2493 3349
f 2493 1267 3349
f 6 2007 3350
f 2007 1360 3350
f 9 1505 6335
f 1505 199 3351
f 832 3192 3352
f 3192 456 8776
f 1616 1928 3353
f 1928 594 3353
f 56 2015 3645
f 2015 1640 3354
f 200 2400 3416
f 2400 271 5724
f 474 554 3356
f 554 133 3356
f 939 2629 3357
f 2629 88 9566
f 481 1909 7287
f 1909 289 3358
f 11 1061 4610
f 1061 803 9312
f 680 3309 6476
f 3309 1551 3360
f 209 3254 3773
f 3254 2710 3361
f 69 1485 3362
f 1485 82 3362
f 11 1243 9487
f 1243 324 8931
f 73 332 5527
f 332 20 3364
f 1 1936 3365
f 1936 425 3365
f 736 2448 3366
f 2448 2305 3366
f 103 415 8984
f 415 179 4382
f 3 1081 3368
f 1081 11 4317
f 391 1488 3369
f 1488 891 5667
f 1274 1702 3370
f 1702 62 5969
f 1590 3281 5110
f 3281 474 8837
f 75 2029 7858
f 2029 1022 3372
f 51 488 9603
f 488 108 3373
f 103 3367 3374
f 3367 179 5799
f 143 810 5345
f 810 609 6724
f 2444 2546 3376
f 2546 10 9730
f 268 2738 3377
f 2738 405 5029
f 519 1071 3378
f 1071 49 3378
f 193 1541 4594
f 1541 1098 3379
f 430 2555 5909
f 2555 1936 4130
f 199 1701 3381
f 1701 220 3381
f 1246 2811 3382
f 2811 12 4320
f 5 141 3383
f 141 36 3383
f 2034 2350 8245
f 2350 2251 6370
f 43 1525 3385
f 1525 813 3385
f 903 3233 3386
f 3233 309 3386
f 73 2790 3387
f 2790 340 3387
f 221 3208 3388
f 3208 25 3388
f 1712 1910 3389
f 1910 210 3389
f 922 2008 4430
f 2008 775 5872
f 84 1166 3391
f 1166 988 3391
f 1254 1408 8651
f 1408 1009 3392
f 910 3099 7715
f 3099 12 4085
f 1449 2962 8393
f 2962 1659 5326
f 1398 1873 3395
f 1873 693 3913
f 547 1614 3396
f 1614 591 3396
f 841 2286 3397
f 2286 73 3397
f 22 2387 3626
f 2387 1884 3398
f 154 1794 3399
f 1794 361 7685
f 68 155 8455
f 155 148 3426
f 1521 1918 5276
f 1918 504 4582
f 2260 2663 3402
f 2663 2240 5279
f 73 691 4615
f 691 582 3403
f 1 2616 3404
f 2616 453 3404
f 18 1139 3405
f 1139 542 4940
f 426 1422 4424
f 1422 142 4234
f 403 826 3407
f 826 631 3407
f 1261 1347 3408
f 1347 574 8114
f 1902 3319 3409
f 3319 828 8435
f 114 1153 3410
f 1153 48 3410
f 193 2439 3411
f 2439 404 3411
f 88 1226 3412
f 1226 1189 3412
f 671 3298 3413
f 3298 337 3413
f 2455 2731 8285
f 2731 176 6082
f 15 1025 3415
f 1025 7 3415
f 2400 3355 3416
f 3355 200 3416
f 268 806 5087
f 806 20 3909
f 5 2019 3418
f 2019 373 8860
f 2631 3096 4986
f 3096 808 3419
f 507 898 3420
f 898 583 3420
f 90 2604 3421
f 2604 846 4647
f 3 485 7152
f 485 49 6416
f 42 3339 4694
f 3339 586 4857
f 339 2621 4110
f 2621 866 3424
f 789 1414 4397
f 1414 83 5616
f 148 3400 3426
f 3400 155 7591
f 194 600 3427
f 600 373 4062
f 253 865 3428
f 865 12 7199
f 2509 2721 8159
f 2721 2484 3429
f 1966 2235 3430
f 2235 1386 5734
f 1134 1480 3431
f 1480 487 3431
f 1686 2058 6155
f 2058 12 6856
f 694 1916 3433
f 1916 12 7773
f 202 3077 3434
f 3077 2445 3434
f 69 1077 3435
f 1077 128 3435
f 302 1600 8048
f 1600 761 3436
f 261 2320 3437
f 2320 1432 8917
f 298 1623 8107
f 1623 322 3438
f 305 1187 3500
f 1187 10 7752
f 179 3367 5499
f 3367 415 3440
f 1354 2610 3441
f 2610 1524 3441
f 6 1487 8800
f 1487 807 5084
f 1258 2032 3443
f 2032 541 3443
f 263 312 3444
f 312 178 9866
f 945 2804 4160
f 2804 274 3445
f 257 3305 3446
f 3305 20 6797
f 402 1280 3447
f 1280 138 3447
f 95 2982 3448
f 2982 75 3448
f 1 1758 6695
f 1758 2 3449
f 136 1706 3450
f 1706 43 7484
f 77 617 8790
f 617 165 5457
f 1246 3382 8721
f 3382 12 3452
f 662 1699 3453
f 1699 886 6041
f 1063 1444 6622
f 1444 352 3454
f 2174 2236 3455
f 2236 724 9004
f 76 930 3456
f 930 57 3456
f 60 2578 3457
f 2578 518 4053
f 10 2767 3458
f 2767 2679 3458
f 827 1084 8396
f 1084 45 3672
f 267 599 3460
f 599 193 3460
f 20 2763 7561
f 2763 208 9689
f 1086 2106 3462
f 2106 36 3787
f 135 1555 3463
f 1555 1 3463
f 1363 1651 3464
f 1651 581 3820
f 310 798 3465
f 798 498 3465
f 1319 1857 3466
f 1857 48 3466
f 6 3341 7635
f 3341 1954 5537
f 1918 3401 4338
f 3401 1521 3468
f 98 1401 3469
f 1401 1113 3469
f 1457 3275 3817
f 3275 2988 7207
f 295 1237 3771
f 1237 544 3471
f 1659 2962 5692
f 2962 17 3472
f 257 2868 3473
f 2868 1199 3822
f 1452 2711 6525
f 2711 2605 3474
f 397 592 7128
f 592 5 3475
f 154 2044 7467
f 2044 603 3476
f 352 981 3477
f 981 654 3477
f 1613 1888 3814
f 1888 49 8148
f 56 1397 3479
f 1397 114 3668
f 1456 1469 8604
f 1469 43 3480
f 224 1235 3481
f 1235 190 3481
f 734 2576 3482
f 2576 1828 4277
f 116 1719 8637
f 1719 156 3483
f 775 2008 3484
f 2008 435 3559
f 789 1972 7026
f 1972 1414 3485
f 380 3261 7529
f 3261 1420 7426
f 348 2700 3487
f 2700 249 3487
f 553 2994 9475
f 2994 2761 3488
f 1470 1846 6467
f 1846 161 3489
f 3339 3423 3490
f 3423 42 5912
f 209 2680 8887
f 2680 1286 6866
f 8 601 3492
f 601 337 3492
f 202 2445 6251
f 2445 347 3648
f 98 1967 3494
f 1967 315 3494
f 6 3467 3495
f 3467 1954 3495
f 136 1094 5749
f 1094 9 5948
f 1048 3105 3497
f 3105 1189 3497
f 301 1743 3498
f 1743 983 3498
f 1 1644 3499
f 1644 1110 3499
f 1187 3439 3500
f 3439 305 3500
f 50 251 7657
f 251 49 3501
f 1109 2747 5361
f 2747 232 7262
f 553 3488 3503
f 3488 2761 3503
f 142 482 3504
f 482 168 3504
f 131 3216 3505
f 3216 99 6122
f 51 621 3599
f 621 183 4693
f 233 2638 3507
f 2638 150 3507
f 462 2598 3508
f 2598 1140 8164
f 1519 2228 3509
f 2228 1514 8089
f 143 1116 4762
f 1116 33 3510
f 505 1553 5672
f 1553 57 3511
f 2521 2955 3512
f 2955 1680 3512
f 104 355 3513
f 355 201 4454
f 15 2336 3514
f 2336 2214 3514
f 605 2377 8492
f 2377 8 4712
f 200 577 4650
f 577 135 3516
f 28 670 3517
f 670 4 3517
f 72 2279 3518
f 2279 45 3518
f 474 3238 7569
f 3238 2421 3519
f 1891 1962 5148
f 1962 584 3520
f 7 1399 3521
f 1399 26 3521
f 1650 2325 5775
f 2325 25 3522
f 5 1228 3523
f 1228 67 8175
f 446 1826 6076
f 1826 279 3524
f 630 2446 3525
f 2446 236 3525
f 228 1192 3526
f 1192 1047 4154
f 52 1688 3527
f 1688 2 5402
f 1 2533 4030
f 2533 27 8654
f 875 1883 3529
f 1883 5 3529
f 113 539 3530
f 539 149 3530
f 5 1327 3531
f 1327 3 3531
f 212 465 3532
f 465 54 3532
f 1793 3005 6061
f 3005 16 9665
f 584 2973 8080
f 2973 1891 5950
f 1873 2525 3798
f 2525 70 3535
f 284 3253 3536
f 3253 138 3536
f 1525 3095 8298
f 3095 813 3537
f 1283 2586 4246
f 2586 117 3975
f 855 2155 3539
f 2155 1434 7703
f 1004 2125 3540
f 2125 160 3540
f 293 2180 5058
f 2180 7 5350
f 32 2143 3542
f 2143 895 6051
f 194 1325 8222
f 1325 600 3543
f 89 2119 3544
f 2119 1518 5657
f 1748 2039 6639
f 2039 976 3545
f 75 1182 3546
f 1182 172 5913
f 2804 3445 3547
f 3445 945 7442
f 14 1283 7807
f 1283 13 3548
f 1031 2967 3549
f 2967 60 3549
f 293 2338 3550
f 2338 1028 3550
f 1665 2362 4359
f 2362 1186 3551
f 442 2047 9854
f 2047 1035 3552
f 1314 1730 3553
f 1730 164 3553
f 546 2195 4833
f 2195 329 5230
f 24 1804 3555
f 1804 952 3555
f 1129 1590 8559
f 1590 12 7109
f 12 2162 8377
f 2162 206 3557
f 839 1978 3558
f 1978 1711 5330
f 435 3484 3559
f 3484 2008 3559
f 321 812 6580
f 812 652 3560
f 259 1464 3561
f 1464 642 3561
f 694 2834 3562
f 2834 1916 3562
f 69 1269 3563
f 1269 263 5505
f 257 1744 3564
f 1744 1006 3564
f 180 2863 7320
f 2863 60 3565
f 36 3462 3566
f 3462 2106 3566
f 1152 2924 3567
f 2924 1216 3567
f 920 3202 6234
f 3202 1046 5288
f 50 3501 3569
f 3501 49 3569
f 526 1589 3570
f 1589 387 7923
f 295 2101 4918
f 2101 1281 7944
f 2060 2871 3572
f 2871 799 5920
f 78 448 3573
f 448 4 7743
f 809 2036 3574
f 2036 24 3574
f 862 2904 3575
f 2904 830 3575
f 78 3573 9568
f 3573 4 3576
f 692 929 5282
f 929 334 3577
f 3189 3320 3578
f 3320 1837 3578
f 43 2898 3579
f 2898 2524 3579
f 116 1880 6591
f 1880 24 3580
f 25 1021 3581
f 1021 787 3581
f 98 2783 3867
f 2783 621 6982
f 114 2038 3583
f 2038 1573 3583
f 609 3375 4717
f 3375 810 5754
f 816 832 5274
f 832 817 5117
f 173 1703 6102
f 1703 161 3586
f 109 3195 8289
f 3195 2116 7144
f 234 1631 3588
f 1631 154 9458
f 11 2657 6744
f 2657 1793 3589
f 35 286 3590
f 286 173 3590
f 271 3355 3591
f 3355 2400 3591
f 1409 3086 4756
f 3086 10 4773
f 2580 3267 3593
f 3267 47 3593
f 232 2297 3594
f 2297 244 4673
f 19 1889 3595
f 1889 39 5016
f 765 1439 3596
f 1439 1311 7259
f 405 1085 3597
f 1085 324 3597
f 648 1332 3598
f 1332 40 3598
f 621 3506 7530
f 3506 51 3958
f 246 2606 4769
f 2606 37 4219
f 158 2933 9428
f 2933 1292 6067
f 329 2122 3602
f 2122 968 3602
f 994 3012 3603
f 3012 1571 3603
f 6 1675 3604
f 1675 831 4739
f 704 1138 3605
f 1138 134 3605
f 56 3354 3606
f 3354 1640 3606
f 360 1832 3607
f 1832 867 3607
f 630 3525 3608
f 3525 236 3608
f 113 2232 4723
f 2232 440 5125
f 242 385 3899
f 385 22 3610
f 1344 2370 5097
f 2370 339 3611
f 114 2560 3612
f 2560 56 5577
f 1413 2665 8586
f 2665 1012 9366
f 15 3089 3614
f 3089 818 3614
f 1359 2409 3615
f 2409 35 3615
f 1621 3228 8509
f 3228 3198 6697
f 191 756 3617
f 756 445 3617
f 111 386 3618
f 386 326 3618
f 1948 3164 5233
f 3164 148 3619
f 1451 2343 7558
f 2343 24 3620
f 277 292 4829
f 292 3 3621
f 386 2179 3622
f 2179 733 8279
f 169 2311 5328
f 2311 193 3623
f 1889 3062 5629
f 3062 2078 3624
f 2401 2931 3625
f 2931 1302 7350
f 2387 3398 3626
f 3398 22 7299
f 1793 2990 7420
f 2990 11 6509
f 667 2688 7810
f 2688 1062 3628
f 1068 2830 3629
f 2830 1093 5733
f 266 3156 3630
f 3156 3 3630
f 446 2885 3631
f 2885 1373 4365
f 1083 2115 7772
f 2115 1055 5278
f 486 1618 9127
f 1618 1362 3633
f 999 2899 3634
f 2899 263 3634
f 72 984 8668
f 984 925 3635
f 6 2316 3636
f 2316 334 3636
f 404 2930 3637
f 2930 1177 6630
f 570 2837 7032
f 2837 77 9865
f 4 2066 3639
f 2066 677 3639
f 433 2727 3640
f 2727 110 3640
f 143 1114 6668
f 1114 810 7272
f 4 2016 3642
f 2016 194 3642
f 8 1229 3643
f 1229 433 7209
f 420 1627 3644
f 1627 1594 3644
f 2015 3354 7166
f 3354 56 9823
f 29 1029 4653
f 1029 654 3646
f 480 1322 3647
f 1322 97 3647
f 347 3493 3648
f 3493 2445 3648
f 1914 1946 3649
f 1946 17 3649
f 1079 1720 9386
f 1720 378 4897
f 278 2520 8685
f 2520 40 3651
f 260 2466 8490
f 2466 626 9356
f 2155 3295 3653
f 3295 1853 7836
f 29 2715 6719
f 2715 542 3654
f 480 3647 3655
f 3647 97 5588
f 2059 2301 3656
f 2301 461 8372
f 90 2250 9512
f 2250 597 3657
f 431 521 7931
f 521 32 3658
f 416 802 3659
f 802 710 3659
f 2260 3402 3660
f 3402 2240 9286
f 787 1530 3661
f 1530 414 9230
f 231 1726 5072
f 1726 378 3662
f 1310 1985 3663
f 1985 970 3663
f 1208 3093 3664
f 3093 1542 3664
f 211 1553 3665
f 1553 505 5978
f 180 1351 3666
f 1351 252 4879
f 90 632 3667
f 632 397 6015
f 114 3479 3668
f 3479 1397 3668
f 1663 2318 8659
f 2318 580 5664
f 338 828 3670
f 828 10 6896
f 397 3184 3671
f 3184 944 3671
f 45 3459 3672
f 3459 1084 4427
f 797 885 3844
f 885 22 3673
f 172 2461 3674
f 2461 95 5259
f 328 619 3675
f 619 69 3675
f 636 1351 9511
f 1351 180 3676
f 25 3581 5655
f 3581 787 3677
f 1672 1927 3836
f 1927 1190 3678
f 401 1203 6328
f 1203 4 3679
f 264 1361 3680
f 1361 8 3680
f 230 2878 3681
f 2878 2814 3681
f 2606 3600 9519
f 3600 246 3682
f 679 2263 9589
f 2263 1306 3683
f 4 1876 3684
f 1876 1273 3684
f 331 2671 3685
f 2671 1469 5675
f 442 1035 3686
f 1035 665 4284
f 416 3659 3687
f 3659 710 3687
f 352 1064 3688
f 1064 81 6100
f 1171 1946 3689
f 1946 1914 4190
f 25 854 3690
f 854 297 3690
f 15 1982 6973
f 1982 1633 3691
f 11 2475 3692
f 2475 973 3692
f 2311 3623 3693
f 3623 169 3693
f 41 2535 3694
f 2535 338 5070
f 222 396 8964
f 396 5 5545
f 419 2402 3696
f 2402 2308 3696
f 976 2039 9145
f 2039 1157 3697
f 634 1221 5934
f 1221 759 3698
f 195 2046 3699
f 2046 3 3699
f 6 963 3700
f 963 77 3700
f 639 1369 3701
f 1369 349 3701
f 1348 1979 3702
f 1979 31 5301
f 688 1378 3703
f 1378 20 3703
f 2208 2507 3704
f 2507 183 6785
f 1784 2277 4326
f 2277 105 7429
f 924 2334 3706
f 2334 48 3706
f 465 1496 3707
f 1496 54 3707
f 2045 3206 3708
f 3206 1907 4097
f 1074 2293 9841
f 2293 642 3709
f 1927 3057 5884
f 3057 1190 8896
f 154 1631 3711
f 1631 37 8748
f 49 1940 4248
f 1940 653 3712
f 1778 2085 3752
f 2085 135 3713
f 73 1672 3714
f 1672 1190 5263
f 109 137 3715
f 137 24 3715
f 28 2570 3716
f 2570 670 3716
f 14 3548 3717
f 3548 13 9042
f 788 1834 3718
f 1834 24 3718
f 1074 1464 3719
f 1464 259 3719
f 14 3097 3720
f 3097 508 3720
f 11 271 7786
f 271 135 3721
f 17 612 3722
f 612 93 3722
f 359 1835 3723
f 1835 26 3723
f 750 1759 3724
f 1759 1667 3724
f 2234 2465 3725
f 2465 32 6949
f 138 598 6659
f 598 37 5041
f 659 707 3727
f 707 421 6257
f 114 1117 7502
f 1117 322 5236
f 195 959 5126
f 959 15 3729
f 298 3438 3730
f 3438 322 3730
f 868 1107 5242
f 1107 366 9232
f 234 2878 3732
f 2878 230 4403
f 193 2431 4315
f 2431 2235 3733
f 553 2761 3734
f 2761 518 3734
f 1469 2671 3735
f 2671 43 3735
f 42 3490 4449
f 3490 3423 5155
f 17 93 8825
f 93 12 3737
f 1500 2037 9015
f 2037 286 3738
f 193 454 3882
f 454 342 3739
f 8 2749 5418
f 2749 72 3740
f 62 927 3741
f 927 159 3741
f 288 3225 3742
f 3225 786 6713
f 376 2078 3743
f 2078 19 3743
f 257 3473 3744
f 3473 1199 3744
f 2451 3025 8409
f 3025 32 3745
f 49 668 3746
f 668 511 7621
f 9 3180 3747
f 3180 899 3747
f 508 2950 5221
f 2950 291 7446
f 134 1671 3749
f 1671 820 3749
f 52 2603 3750
f 2603 1688 4003
f 21 2243 6004
f 2243 198 3751
f 2085 3713 3752
f 3713 1778 3752
f 2564 2998 3753
f 2998 823 4946
f 168 2764 3754
f 2764 426 3754
f 4 3639 3755
f 3639 677 3755
f 967 992 3756
f 992 948 3756
f 8 1595 3757
f 1595 2 3757
f 203 3111 3758
f 3111 645 3758
f 3401 3468 3759
f 3468 1918 9302
f 1680 2923 3760
f 2923 486 3760
f 771 1681 4636
f 1681 259 3761
f 412 3120 7636
f 3120 299 3762
f 1721 1806 3763
f 1806 201 3763
f 3 2619 4638
f 2619 152 3764
f 16 3148 3765
f 3148 2990 5286
f 1800 1984 4803
f 1984 49 3766
f 81 882 3767
f 882 557 3767
f 501 2068 3768
f 2068 860 5450
f 903 2885 7440
f 2885 446 3769
f 408 1312 3770
f 1312 11 3770
f 1237 3471 4257
f 3471 295 5357
f 33 2644 3772
f 2644 422 3772
f 3254 3361 3773
f 3361 209 6711
f 329 1472 3774
f 1472 546 7439
f 178 1002 9609
f 1002 964 3775
f 1185 2298 3776
f 2298 555 4900
f 1766 2984 5204
f 2984 98 3777
f 1360 2007 9349
f 2007 714 3778
f 1090 1879 3779
f 1879 1123 3779
f 1354 3441 8730
f 3441 1524 3780
f 1621 3616 3781
f 3616 3198 7852
f 3309 3360 5321
f 3360 680 7874
f 25 3061 5993
f 3061 906 3783
f 93 458 3784
f 458 232 7833
f 2944 3243 3785
f 3243 742 3785
f 516 974 7522
f 974 95 3786
f 36 3566 3787
f 3566 2106 4551
f 874 1099 3788
f 1099 262 3788
f 497 1519 4059
f 1519 1514 7984
f 149 2561 6933
f 2561 888 4035
f 261 1929 3791
f 1929 90 4107
f 33 1362 6138
f 1362 12 3792
f 83 410 3793
f 410 39 8859
f 2577 2845 3794
f 2845 791 3794
f 142 1422 3795
f 1422 482 3795
f 976 2656 3796
f 2656 1748 3796
f 1570 3211 3797
f 3211 592 3797
f 2525 3535 3798
f 3535 1873 3798
f 1098 2177 3799
f 2177 193 3799
f 3367 3440 3800
f 3440 179 3800
f 119 2673 6023
f 2673 149 3801
f 77 2837 6771
f 2837 2600 3802
f 472 1968 3803
f 1968 368 3803
f 56 1623 3804
f 1623 298 3804
f 692 3577 9507
f 3577 334 3805
f 498 1076 3806
f 1076 499 3806
f 17 55 3807
f 55 44 3807
f 375 2920 3808
f 2920 48 7518
f 1405 1984 3809
f 1984 1800 3809
f 2780 3182 3810
f 3182 407 3810
f 911 2571 3811
f 2571 2418 6700
f 1445 2274 4695
f 2274 473 7559
f 79 3308 3813
f 3308 703 3813
f 1888 3478 5876
f 3478 1613 3814
f 232 3784 3815
f 3784 458 3815
f 60 503 8809
f 503 483 3816
f 3275 3470 8406
f 3470 1457 6843
f 436 1233 3818
f 1233 119 3818
f 126 2637 9956
f 2637 1831 6847
f 581 3464 8404
f 3464 1651 5517
f 711 809 3821
f 809 580 4892
f 1199 3473 3822
f 3473 2868 6715
f 1118 2507 3823
f 2507 2208 3823
f 210 2372 3824
f 2372 20 3824
f 311 2314 3825
f 2314 487 3825
f 129 2725 4419
f 2725 2119 3826
f 968 2122 3827
f 2122 1045 5498
f 14 2791 5559
f 2791 2487 3828
f 17 1000 7514
f 1000 866 6364
f 31 1668 7945
f 1668 1348 3830
f 314 3052 4474
f 3052 2552 3831
f 282 466 3832
f 466 57 9673
f 742 1402 3833
f 1402 253 6836
f 381 3232 3834
f 3232 543 6273
f 103 2073 3835
f 2073 415 5676
f 1927 3678 7415
f 3678 1672 3836
f 2737 2872 3837
f 2872 35 3837
f 19 738 5766
f 738 472 5582
f 278 2756 3839
f 2756 24 3839
f 75 349 7384
f 349 289 3840
f 279 3233 3841
f 3233 903 8706
f 32 2871 3842
f 2871 2060 6308
f 40 1814 6011
f 1814 66 3843
f 885 3673 3844
f 3673 797 3844
f 1237 3056 3845
f 3056 1281 3845
f 2987 3021 4975
f 3021 2046 4094
f 17 166 3847
f 166 55 5413
f 397 2062 7979
f 2062 1586 3848
f 14 1639 3849
f 1639 1365 8084
f 103 1807 3850
f 1807 13 4633
f 474 3281 3851
f 3281 3242 3851
f 72 2908 3852
f 2908 657 3852
f 1691 3234 3853
f 3234 2047 3853
f 260 1140 3854
f 1140 215 3854
f 342 1433 3855
f 1433 1177 3855
f 315 2667 8585
f 2667 98 3856
f 844 3162 3857
f 3162 2762 3857
f 211 604 6486
f 604 153 9083
f 84 772 3859
f 772 625 3859
f 13 763 5535
f 763 231 4231
f 220 1701 3861
f 1701 758 3861
f 592 3244 3862
f 3244 3179 7380
f 4 201 9086
f 201 49 3863
f 56 2625 3864
f 2625 4 3864
f 593 917 7917
f 917 319 8506
f 116 3284 3938
f 3284 1880 3866
f 2783 3582 3867
f 3582 98 4884
f 440 2914 3868
f 2914 2273 3868
f 415 3367 4157
f 3367 103 3869
f 241 2861 3870
f 2861 966 3870
f 547 565 3871
f 565 164 3871
f 10 3439 3872
f 3439 1187 8056
f 1821 2127 9514
f 2127 10 3880
f 2136 2330 3874
f 2330 1626 3874
f 1048 1548 3875
f 1548 686 3875
f 938 2545 3876
f 2545 757 3876
f 2505 3274 3877
f 3274 415 3877
f 342 2130 4622
f 2130 1433 3878
f 341 1023 8212
f 1023 594 8449
f 10 3873 3880
f 3873 2127 3880
f 642 771 4437
f 771 259 3881
f 454 3739 3882
f 3739 193 3882
f 1170 1733 7655
f 1733 524 4535
f 1278 3333 3884
f 3333 1768 3884
f 289 2541 3885
f 2541 986 5736
f 64 3269 3886
f 3269 1807 4880
f 2972 3165 3887
f 3165 22 3887
f 147 176 8060
f 176 67 8456
f 435 3095 6362
f 3095 1525 7037
f 1 1822 5914
f 1822 719 3890
f 70 1012 5936
f 1012 693 3891
f 1711 3558 3892
f 3558 1978 3892
f 1428 1645 3893
f 1645 719 8380
f 120 3249 9389
f 3249 491 7828
f 37 1265 3895
f 1265 1161 3895
f 320 2004 3896
f 2004 1801 8405
f 311 3023 8973
f 3023 164 3897
f 1699 2943 3898
f 2943 2874 6812
f 385 3610 3899
f 3610 242 3899
f 1966 3430 3900
f 3430 1386 6614
f 396 3695 3901
f 3695 222 3901
f 1003 1222 3902
f 1222 180 3902
f 47 3223 3903
f 3223 1482 5683
f 2 1758 9804
f 1758 53 3904
f 535 1026 5019
f 1026 165 4613
f 32 2390 3906
f 2390 1037 6096
f 3 389 6938
f 389 214 6166
f 370 3181 3908
f 3181 2204 4508
f 20 3417 6967
f 3417 806 3909
f 71 605 3910
f 605 8 3910
f 50 3569 3911
f 3569 49 8208
f 45 1664 9007
f 1664 46 4401
f 693 3395 3913
f 3395 1873 4678
f 26 363 7298
f 363 245 7115
f 1668 3830 3915
f 3830 31 3915
f 1018 2149 3916
f 2149 684 3916
f 59 2468 5883
f 2468 43 3917
f 2861 3293 8547
f 3293 966 3918
f 2500 3094 3919
f 3094 26 5049
f 608 833 3920
f 833 57 3920
f 291 2950 8375
f 2950 14 9534
f 338 2252 3922
f 2252 41 4950
f 114 1494 7419
f 1494 909 6463
f 16 37 3924
f 37 11 3924
f 259 2309 3925
f 2309 1788 3925
f 2348 2509 3926
f 2509 503 3926
f 330 1310 3927
f 1310 857 9038
f 1751 3158 3928
f 3158 2444 5639
f 57 2768 3929
f 2768 2188 3929
f 21 1683 5512
f 1683 949 3930
f 123 683 3931
f 683 675 5583
f 1286 2680 9923
f 2680 32 4008
f 1706 1907 3933
f 1907 9 3933
f 819 1163 9595
f 1163 319 3934
f 21 237 3935
f 237 90 3935
f 442 1260 3936
f 1260 373 3936
f 249 2700 8441
f 2700 117 3937
f 3284 3866 3938
f 3866 116 5208
f 150 1700 3939
f 1700 233 3939
f 10 383 3940
f 383 48 4308
f 2852 2889 3941
f 2889 136 3941
f 2037 3738 3942
f 3738 1500 3942
f 145 406 3943
f 406 16 3943
f 1573 2038 3944
f 2038 1874 6189
f 101 563 3945
f 563 124 6858
f 1719 2511 3946
f 2511 478 9191
f 454 2491 3947
f 2491 1267 3947
f 149 2673 3948
f 2673 1233 3948
f 37 1666 3949
f 1666 1127 3949
f 867 2542 4557
f 2542 360 3950
f 49 1643 3995
f 1643 277 7216
f 150 3939 3952
f 3939 233 8697
f 252 345 5115
f 345 180 3953
f 22 2842 3954
f 2842 13 7644
f 179 3151 6994
f 3151 2776 3955
f 298 1859 3956
f 1859 913 3956
f 2058 3432 3957
f 3432 1686 6586
f 51 3599 9172
f 3599 3506 7955
f 699 1196 3959
f 1196 253 5910
f 481 3011 3960
f 3011 75 8889
f 2175 2638 5381
f 2638 233 3961
f 1078 3251 3962
f 3251 2505 3962
f 432 1092 3963
f 1092 6 3963
f 355 1507 9645
f 1507 303 3964
f 113 3530 3965
f 3530 149 7797
f 124 3945 3966
f 3945 563 3966
f 153 1418 3967
f 1418 506 7061
f 71 189 3968
f 189 135 8972
f 183 3140 5358
f 3140 782 5055
f 2060 3572 3970
f 3572 799 9431
f 988 1166 3971
f 1166 128 3971
f 2868 3822 9772
f 3822 3473 3972
f 2404 2705 7286
f 2705 398 3973
f 357 1906 3974
f 1906 4 3974
f 117 3538 5615
f 3538 2586 3975
f 201 2703 3976
f 2703 919 3976
f 27 3137 3977
f 3137 1851 3977
f 79 419 4658
f 419 10 3978
f 3 2351 3979
f 2351 1760 3979
f 631 2514 3980
f 2514 551 3980
f 1518 2913 3981
f 2913 129 3981
f 2863 3565 3982
f 3565 180 6479
f 52 3079 3983
f 3079 641 3983
f 1668 1904 6403
f 1904 1348 3984
f 228 3526 4347
f 3526 1047 3985
f 298 2327 3986
f 2327 114 3986
f 295 1450 3987
f 1450 1237 3987
f 252 3190 3988
f 3190 345 3988
f 104 1596 3989
f 1596 1507 3989
f 144 1230 3990
f 1230 468 5584
f 164 1024 3991
f 1024 844 6146
f 1907 3206 9752
f 3206 9 8336
f 1772 3054 3993
f 3054 647 7031
f 83 2766 3994
f 2766 902 3994
f 1643 3951 6263
f 3951 49 3995
f 2963 3331 3996
f 3331 1750 3996
f 2207 3085 7401
f 3085 1082 5382
f 12 3303 7932
f 3303 253 3998
f 320 1803 4405
f 1803 399 5567
f 33 3076 4000
f 3076 517 6493
f 152 2864 4001
f 2864 26 4001
f 56 3864 8023
f 3864 4 4002
f 1688 3750 6197
f 3750 2603 5855
f 1847 2715 4004
f 2715 29 9241
f 2305 2543 4005
f 2543 1728 4005
f 858 2449 4006
f 2449 325 4147
f 696 1628 4007
f 1628 551 4007
f 32 3932 4008
f 3932 2680 4008
f 1927 3710 6915
f 3710 1190 4009
f 1150 2729 4010
f 2729 1746 4784
f 289 1506 4562
f 1506 1232 4011
f 1821 2381 4012
f 2381 2127 4012
f 42 1514 5113
f 1514 165 4013
f 2739 3335 4014
f 3335 2520 4014
f 295 3571 5824
f 3571 1281 4015
f 815 2855 6613
f 2855 387 8813
f 111 326 4017
f 326 126 4111
f 25 2259 4018
f 2259 167 4018
f 2000 2796 5200
f 2796 361 8066
f 1502 2867 4020
f 2867 696 4020
f 225 3178 4021
f 3178 83 7800
f 911 3098 4022
f 3098 1399 4022
f 1979 2151 4023
f 2151 31 9412
f 777 2384 9662
f 2384 869 4024
f 484 1799 4686
f 1799 855 4025
f 20 1307 5941
f 1307 351 4026
f 1469 3685 5334
f 3685 2671 4027
f 17 125 7817
f 125 115 4028
f 1224 1318 4029
f 1318 480 4029
f 2533 3528 4030
f 3528 1 4030
f 6 831 4031
f 831 52 4031
f 1066 2901 4032
f 2901 477 4032
f 1052 1370 9152
f 1370 89 4033
f 115 3346 4034
f 3346 17 5134
f 888 3790 4035
f 3790 2561 8155
f 84 3859 6980
f 3859 625 7326
f 654 3282 5623
f 3282 29 4037
f 136 2678 4038
f 2678 2494 4038
f 696 4007 4039
f 4007 551 4039
f 271 837 4292
f 837 135 4040
f 182 2903 4041
f 2903 115 4704
f 832 3585 4042
f 3585 816 4042
f 6 1146 7228
f 1146 905 4043
f 49 3478 4664
f 3478 1888 4044
f 651 1801 4045
f 1801 476 4045
f 737 1356 4046
f 1356 870 4046
f 642 3881 5059
f 3881 259 4047
f 5 1155 4048
f 1155 75 4048
f 365 1251 4049
f 1251 1 4049
f 1541 3379 4050
f 3379 193 4528
f 110 264 6402
f 264 72 4051
f 652 1796 4052
f 1796 321 4052
f 518 3457 4053
f 3457 2578 4053
f 1088 1455 4054
f 1455 1043 4054
f 31 3702 7353
f 3702 1979 4055
f 785 1639 6418
f 1639 14 4056
f 2868 3972 4057
f 3972 3473 4057
f 1869 3195 6058
f 3195 109 4681
f 1519 3789 4059
f 3789 497 5066
f 711 729 4060
f 729 74 4060
f 23 3305 4061
f 3305 257 4061
f 373 3427 4062
f 3427 600 4321
f 357 3974 4063
f 3974 4 4063
f 61 1945 8337
f 1945 113 4064
f 20 1287 4065
f 1287 491 4065
f 1 2050 4066
f 2050 11 4066
f 890 2055 4067
f 2055 873 4581
f 48 3337 4068
f 3337 1148 4068
f 580 809 6238
f 809 24 8258
f 488 1912 4070
f 1912 1705 7653
f 262 1512 4071
f 1512 880 8514
f 540 2699 4906
f 2699 148 7901
f 1174 1673 4073
f 1673 1551 9970
f 491 3249 4074
f 3249 1220 8044
f 938 2000 9405
f 2000 206 4075
f 168 3754 4076
f 3754 426 4076
f 2325 3522 9328
f 3522 1650 5215
f 1348 1904 4078
f 1904 12 6118
f 1298 2349 8497
f 2349 2129 4079
f 1508 3201 4080
f 3201 76 4080
f 1807 2547 4081
f 2547 13 4081
f 367 3011 4082
f 3011 481 6491
f 191 3241 4083
f 3241 179 4083
f 4 745 4086
f 745 595 5831
f 12 3393 4771
f 3393 3099 7090
f 745 4084 9575
f 4084 4 4086
f 2204 3322 4087
f 3322 52 4087
f 232 3594 4088
f 3594 244 4088
f 240 1926 8177
f 1926 32 4089
f 1927 2256 4090
f 2256 340 4090
f 39 2324 4091
f 2324 1276 8451
f 10 3592 4808
f 3592 3086 7405
f 98 1410 7425
f 1410 1196 4093
f 2046 3846 7416
f 3846 3021 4094
f 431 2465 6522
f 2465 2234 4095
f 127 2011 4096
f 2011 1 5822
f 1907 3708 4097
f 3708 3206 7554
f 26 3094 4098
f 3094 359 4098
f 134 2770 4099
f 2770 462 9305
f 37 3949 4100
f 3949 1127 4100
f 1079 1453 4101
f 1453 42 4101
f 74 1599 4102
f 1599 14 4102
f 1682 2973 4103
f 2973 584 4103
f 754 3304 4104
f 3304 932 4104
f 146 3019 4105
f 3019 2352 4105
f 472 3803 4106
f 3803 368 4106
f 90 3791 4107
f 3791 1929 4107
f 73 690 7998
f 690 593 4108
f 470 2662 4109
f 2662 395 4661
f 2621 3424 4110
f 3424 339 5217
f 126 4017 7601
f 4017 326 4111
f 2028 2167 5605
f 2167 1168 4112
f 49 1405 4113
f 1405 514 4113
f 491 1220 9937
f 1220 210 4114
f 73 3387 4945
f 3387 340 5608
f 51 1527 9875
f 1527 29 4116
f 960 1158 6224
f 1158 787 4117
f 289 3154 8491
f 3154 737 4118
f 10 736 4119
f 736 228 5697
f 300 1867 4120
f 1867 80 4120
f 144 792 4121
f 792 281 4121
f 1047 1850 4122
f 1850 961 4122
f 608 3920 9593
f 3920 57 5904
f 623 639 6743
f 639 75 6552
f 2134 3123 4125
f 3123 1069 4125
f 6 2478 4126
f 2478 247 6946
f 1455 1536 4127
f 1536 1440 4127
f 25 2157 4128
f 2157 69 4128
f 1356 3246 4305
f 3246 481 4129
f 1936 3380 4130
f 3380 2555 6914
f 3309 3782 9878
f 3782 680 4131
f 24 711 9358
f 711 74 7412
f 1458 2572 4133
f 2572 1316 4133
f 323 2980 4134
f 2980 202 7766
f 1026 3905 4135
f 3905 535 4135
f 356 1486 4136
f 1486 373 4136
f 233 3507 4137
f 3507 150 4137
f 1828 3482 4138
f 3482 2576 4138
f 57 3929 4139
f 3929 2188 9545
f 1001 2385 7859
f 2385 165 6383
f 73 2398 4141
f 2398 1672 4141
f 690 2164 6944
f 2164 593 4142
f 245 587 4143
f 587 28 4143
f 1487 3442 4144
f 3442 6 4144
f 177 2918 4145
f 2918 151 4145
f 2470 2815 5992
f 2815 118 8892
f 325 4006 7076
f 4006 2449 4147
f 1665 1852 4148
f 1852 13 4148
f 5 4048 4149
f 4048 75 4149
f 703 3308 4845
f 3308 48 4150
f 218 1715 9243
f 1715 374 4151
f 1008 3290 4152
f 3290 1689 4152
f 374 1715 6079
f 1715 822 4153
f 1047 3526 4154
f 3526 1192 5666
f 1155 2174 4155
f 2174 1392 9647
f 981 3031 4156
f 3031 1572 4156
f 3367 3869 4157
f 3869 415 4157
f 307 2044 6498
f 2044 154 4158
f 363 1417 4159
f 1417 245 4797
f 2804 3547 9965
f 3547 945 4160
f 14 2556 6304
f 2556 628 4161
f 1750 2353 4162
f 2353 61 4162
f 230 2814 4163
f 2814 1384 4163
f 3 122 5836
f 122 21 4164
f 711 953 4165
f 953 729 4165
f 740 2677 4166
f 2677 71 9323
f 17 2962 4167
f 2962 1449 4167
f 1851 3137 4168
f 3137 2565 4168
f 995 2797 4169
f 2797 1620 5414
f 156 2185 8034
f 2185 12 8109
f 423 1931 4171
f 1931 192 4171
f 11 2841 4172
f 2841 7 5931
f 70 918 4173
f 918 36 4173
f 137 1746 4174
f 1746 14 6859
f 786 3225 4177
f 3225 1172 8094
f 69 384 9501
f 384 312 4176
f 3225 4175 4177
f 4175 786 4177
f 557 1204 4178
f 1204 12 4178
f 262 1588 4179
f 1588 787 4188
f 60 1058 6241
f 1058 57 4180
f 163 3032 6827
f 3032 1965 9578
f 2557 2739 4182
f 2739 31 8598
f 369 470 5902
f 470 434 4183
f 1960 2043 4184
f 2043 847 4184
f 4 1657 4185
f 1657 106 4185
f 2221 2967 6502
f 2967 1031 5984
f 11 3627 4187
f 3627 2990 4187
f 787 4179 4188
f 4179 1588 4341
f 114 3612 4189
f 3612 56 4189
f 1914 3689 4190
f 3689 1946 4190
f 988 1980 4191
f 1980 25 5270
f 1991 2006 4192
f 2006 1365 4192
f 154 2048 4193
f 2048 720 4193
f 625 4036 4956
f 4036 3859 4194
f 76 1937 4195
f 1937 1460 4195
f 1286 3200 4196
f 3200 209 9284
f 39 2291 7149
f 2291 331 4197
f 1372 2086 9625
f 2086 716 6466
f 546 1836 4199
f 1836 35 6480
f 17 44 4200
f 44 38 9224
f 157 3089 4201
f 3089 15 4201
f 1186 1341 4202
f 1341 216 4202
f 278 3839 4203
f 3839 24 4203
f 122 2209 4204
f 2209 1317 4204
f 1078 2080 5014
f 2080 602 5407
f 10 3872 4206
f 3872 1187 5101
f 609 810 4207
f 810 12 4207
f 567 1426 7756
f 1426 928 4409
f 1718 1841 4209
f 1841 1236 4774
f 394 2601 4210
f 2601 1605 4210
f 114 2496 8884
f 2496 1640 4441
f 150 1406 4212
f 1406 306 8170
f 289 349 4213
f 349 48 4213
f 1424 1562 4214
f 1562 69 7385
f 50 588 4215
f 588 400 4215
f 5 2319 4216
f 2319 79 4216
f 830 1682 4217
f 1682 584 4217
f 2260 3660 4218
f 3660 2240 7478
f 37 3600 4219
f 3600 2606 9951
f 13 586 4220
f 586 325 9034
f 194 1809 9621
f 1809 401 7831
f 17 2954 4222
f 2954 1914 4222
f 1983 3328 4223
f 3328 3059 4223
f 714 2007 9955
f 2007 6 4224
f 128 358 4225
f 358 69 9398
f 1785 2360 4226
f 2360 1592 4226
f 138 1443 8905
f 1443 206 4227
f 711 4060 4228
f 4060 74 6989
f 961 1850 4229
f 1850 1192 4229
f 74 4228 4230
f 4228 4060 8778
f 231 3860 4231
f 3860 763 4231
f 906 3061 4232
f 3061 1388 4232
f 439 1391 4233
f 1391 998 4233
f 142 3406 4234
f 3406 1422 4234
f 556 3046 4235
f 3046 75 4235
f 13 1225 4236
f 1225 669 4236
f 861 919 4983
f 919 4 4237
f 1728 2133 4238
f 2133 853 4238
f 59 3917 4239
f 3917 43 4239
f 354 1899 4240
f 1899 72 4240
f 1065 1313 5937
f 1313 342 4241
f 5 1211 4242
f 1211 492 4242
f 202 3088 9975
f 3088 323 4243
f 496 568 4244
f 568 95 4244
f 227 3224 8928
f 3224 1933 4245
f 2586 3538 5329
f 3538 1283 8110
f 83 3425 4247
f 3425 1414 6965
f 1940 3712 4248
f 3712 49 4248
f 931 1860 4249
f 1860 153 9770
f 1376 3087 6487
f 3087 3 4250
f 156 1719 4251
f 1719 478 4251
f 1078 3962 5306
f 3962 2505 4252
f 27 606 4253
f 606 498 4253
f 1098 1144 6545
f 1144 73 4254
f 1047 2975 4255
f 2975 765 4255
f 616 1813 4256
f 1813 247 4256
f 3471 3771 4257
f 3771 1237 4257
f 5 2375 9142
f 2375 348 7093
f 3202 3277 4259
f 3277 3064 4259
f 268 2575 4260
f 2575 754 9893
f 2497 2585 4261
f 2585 1705 6655
f 794 3004 4262
f 3004 1029 4262
f 208 1614 4263
f 1614 547 4263
f 653 1721 7479
f 1721 1355 4264
f 444 1561 4265
f 1561 285 4265
f 845 3100 4266
f 3100 2198 4266
f 1388 2854 5146
f 2854 906 4267
f 319 2311 9442
f 2311 169 8025
f 1902 1987 6742
f 1987 338 4269
f 75 2735 6231
f 2735 1544 4270
f 1286 3491 4271
f 3491 2680 4271
f 24 1129 4272
f 1129 12 4272
f 160 496 4273
f 496 75 4273
f 1428 1822 4930
f 1822 1 4274
f 176 420 4275
f 420 5 4275
f 2521 3512 4276
f 3512 1680 7847
f 1828 4138 8843
f 4138 2576 4277
f 43 2985 4278
f 2985 2852 4278
f 1111 1417 4279
f 1417 363 4279
f 32 2919 4280
f 2919 178 4280
f 2592 2618 4281
f 2618 2447 4632
f 26 3136 8139
f 3136 1168 4553
f 48 1805 7106
f 1805 830 5348
f 665 3686 4284
f 3686 1035 4284
f 782 1483 4285
f 1483 1184 4285
f 527 2395 4286
f 2395 1563 5772
f 12 2058 5464
f 2058 230 9091
f 711 4165 6605
f 4165 729 4288
f 450 766 4289
f 766 369 4289
f 1036 2429 9993
f 2429 1602 4290
f 12 889 4291
f 889 143 6212
f 837 4040 7008
f 4040 271 9722
f 3228 3616 7183
f 3616 1621 8801
f 992 2620 4294
f 2620 83 4294
f 677 2066 4295
f 2066 2010 4295
f 1118 2208 4296
f 2208 98 4296
f 3 2692 4297
f 2692 463 4297
f 1491 2889 7499
f 2889 2852 4298
f 105 3186 5131
f 3186 281 4299
f 2034 3384 4300
f 3384 2251 4602
f 139 432 5917
f 432 6 4672
f 281 3186 4302
f 3186 144 7660
f 73 1395 4303
f 1395 120 4303
f 347 1475 4304
f 1475 985 8698
f 3246 4129 9089
f 4129 1356 7603
f 633 1921 4306
f 1921 1097 4306
f 91 712 5942
f 712 94 4707
f 48 3940 8090
f 3940 383 4308
f 277 3951 4309
f 3951 1643 4309
f 442 2650 7494
f 2650 1260 4310
f 43 4278 5995
f 4278 2852 4947
f 975 2340 7819
f 2340 1198 4312
f 491 1287 4313
f 1287 120 4313
f 136 1547 4314
f 1547 59 6688
f 2431 3733 4315
f 3733 193 6775
f 346 2866 4316
f 2866 1352 6937
f 11 3368 4317
f 3368 1081 5368
f 346 1428 4318
f 1428 1 4318
f 5 1342 4319
f 1342 10 8292
f 12 3382 4320
f 3382 2811 4320
f 600 4062 4530
f 4062 3427 5869
f 313 2295 4322
f 2295 916 4322
f 7 2336 4323
f 2336 15 4323
f 1889 2078 7014
f 2078 376 4324
f 133 1103 9099
f 1103 522 4325
f 2277 3705 5441
f 3705 1784 8402
f 454 819 4327
f 819 342 4327
f 83 3994 4328
f 3994 902 4328
f 3 3907 4329
f 3907 214 4329
f 6 1836 4330
f 1836 546 4330
f 386 873 4331
f 873 326 4331
f 2933 3601 4332
f 3601 158 4332
f 12 1618 4333
f 1618 486 4333
f 2143 2451 4334
f 2451 8 4334
f 12 2067 4335
f 2067 1407 4453
f 1354 3326 4336
f 3326 762 9582
f 222 2646 4337
f 2646 2544 4337
f 3401 3759 4338
f 3759 1918 4338
f 6 1560 4339
f 1560 1096 4339
f 384 4176 4340
f 4176 69 4340
f 1588 4188 4919
f 4188 4179 4341
f 340 2398 4342
f 2398 73 4342
f 686 2207 5820
f 2207 1082 7639
f 480 2219 4344
f 2219 753 4344
f 185 2549 8897
f 2549 2 4345
f 973 2475 4346
f 2475 740 4439
f 3526 3985 4347
f 3985 228 6599
f 1481 2927 4348
f 2927 1853 4348
f 48 745 6669
f 745 4 4349
f 204 2791 4350
f 2791 14 4350
f 237 674 4351
f 674 5 4351
f 12 2830 9862
f 2830 1068 4352
f 970 1985 4353
f 1985 330 4353
f 778 800 4354
f 800 793 4354
f 31 1725 4355
f 1725 1044 4355
f 24 2647 9510
f 2647 258 5990
f 63 2964 4357
f 2964 2123 4357
f 858 4006 4358
f 4006 325 4358
f 2362 3551 9201
f 3551 1665 4416
f 6 3285 4360
f 3285 1051 4360
f 49 3197 4361
f 3197 884 4361
f 994 2385 4362
f 2385 1001 5786
f 13 3860 6340
f 3860 231 9591
f 78 2335 4364
f 2335 1835 5532
f 1373 3631 4365
f 3631 2885 5181
f 1572 3031 4366
f 3031 1063 8124
f 105 1230 4367
f 1230 144 4367
f 977 1322 7814
f 1322 480 8374
f 1626 2330 5562
f 2330 324 4369
f 553 3734 4370
f 3734 518 4370
f 232 2001 4394
f 2001 936 5658
f 741 2577 4372
f 2577 760 4699
f 287 1115 7244
f 1115 420 5187
f 343 1753 7686
f 1753 8 4374
f 1439 2975 8845
f 2975 1047 4375
f 246 2588 4376
f 2588 309 4690
f 937 1993 4377
f 1993 175 4377
f 577 2614 4378
f 2614 135 8820
f 961 3130 4379
f 3130 1047 4379
f 65 660 8951
f 660 6 7739
f 3169 3212 4381
f 3212 2251 4381
f 179 3440 4382
f 3440 415 4382
f 301 983 4383
f 983 83 7909
f 57 102 4384
f 102 14 4384
f 1208 3313 4385
f 3313 2140 4385
f 702 3228 4386
f 3228 1621 4386
f 491 4313 4387
f 4313 120 4849
f 1778 3713 5591
f 3713 135 4820
f 39 4091 4389
f 4091 1276 4389
f 681 940 4390
f 940 8 4390
f 397 2443 4391
f 2443 1302 5317
f 222 3115 8153
f 3115 1740 4392
f 206 3037 4393
f 3037 2088 6694
f 2001 4371 4394
f 4371 232 4394
f 646 1894 6388
f 1894 10 4840
f 587 663 4396
f 663 28 4396
f 1414 3425 6796
f 3425 789 4397
f 22 560 4398
f 560 54 4398
f 435 1080 4399
f 1080 813 4399
f 1048 3875 7735
f 3875 686 4400
f 46 3912 5652
f 3912 1664 4401
f 2776 3151 6899
f 3151 1467 4402
f 230 3732 6254
f 3732 2878 4403
f 1495 1911 5900
f 1911 199 7951
f 1803 3999 8271
f 3999 320 7837
f 602 3315 6168
f 3315 2476 8818
f 229 2094 4407
f 2094 206 4783
f 13 2765 4408
f 2765 1271 4408
f 928 4208 4409
f 4208 1426 8091
f 742 3243 4410
f 3243 1296 4410
f 415 2073 8468
f 2073 1017 5273
f 736 2305 4412
f 2305 532 4412
f 634 1375 4413
f 1375 22 4413
f 263 1269 9701
f 1269 312 4414
f 142 219 4415
f 219 9 8540
f 1665 4359 9248
f 4359 3551 9666
f 567 928 9767
f 928 912 4417
f 1667 1759 4418
f 1759 972 4418
f 2725 3826 5702
f 3826 129 4419
f 854 3214 4420
f 3214 297 4420
f 88 1072 5422
f 1072 134 4421
f 1015 2734 4422
f 2734 1566 4422
f 164 1890 4423
f 1890 431 4423
f 1422 3406 5175
f 3406 426 4424
f 1604 1678 4425
f 1678 154 7568
f 303 2103 4426
f 2103 1596 4426
f 1084 3672 4427
f 3672 3459 4427
f 1920 2402 9929
f 2402 419 4428
f 542 1139 4429
f 1139 51 4429
f 2008 3390 4430
f 3390 922 4430
f 623 2573 5987
f 2573 639 4431
f 3066 3248 4432
f 3248 283 8071
f 2632 3030 9959
f 3030 1825 4433
f 1954 3341 4434
f 3341 52 4434
f 972 1759 8070
f 1759 750 8031
f 241 1950 4436
f 1950 201 7861
f 771 3881 4437
f 3881 642 8900
f 110 1504 7411
f 1504 11 4438
f 740 4346 4439
f 4346 2475 4439
f 12 3099 4440
f 3099 1128 4440
f 1640 4211 4441
f 4211 2496 5994
f 1714 2674 4442
f 2674 2082 9504
f 78 1835 4443
f 1835 359 4443
f 1072 1735 4444
f 1735 134 4775
f 1424 4214 9855
f 4214 69 4445
f 33 389 4936
f 389 3 4446
f 6 2510 4447
f 2510 36 4447
f 214 3907 4448
f 3907 389 4448
f 3490 3736 9470
f 3736 42 4449
f 1 3126 4450
f 3126 658 9637
f 1536 2593 4554
f 2593 1440 4451
f 69 3362 4452
f 3362 82 4452
f 1407 4335 4453
f 4335 2067 4453
f 201 3513 4454
f 3513 355 4454
f 713 784 4455
f 784 4 4455
f 123 1573 4456
f 1573 1397 4456
f 1398 2525 4457
f 2525 1873 6183
f 3086 4092 4458
f 4092 3592 4458
f 1853 3653 4459
f 3653 3295 4459
f 25 1707 4460
f 1707 128 4460
f 10 1920 4461
f 1920 1619 4461
f 310 848 5304
f 848 232 4462
f 527 2987 5579
f 2987 2046 4463
f 900 2880 4464
f 2880 2067 4464
f 823 3230 4465
f 3230 2564 4465
f 1407 2165 4733
f 2165 12 4466
f 959 2262 4467
f 2262 1694 4467
f 1518 3544 5669
f 3544 2119 6240
f 928 1426 4469
f 1426 11 4469
f 55 1763 4669
f 1763 929 4470
f 3066 4432 4471
f 4432 283 4471
f 76 100 4472
f 100 40 4759
f 1441 1809 8364
f 1809 194 4473
f 3052 3831 4474
f 3831 314 9994
f 399 476 4475
f 476 247 7300
f 1665 3551 4476
f 3551 1186 4476
f 1119 2995 4477
f 2995 356 4477
f 251 2859 8646
f 2859 1142 9682
f 2972 3887 4479
f 3887 22 4479
f 604 3858 4512
f 3858 211 4480
f 6 2718 8768
f 2718 714 4481
f 1079 3650 4482
f 3650 378 4482
f 1960 4184 4483
f 4184 847 4483
f 790 3190 5403
f 3190 252 4484
f 371 2352 9058
f 2352 2194 4485
f 2417 2805 6235
f 2805 673 4486
f 6 4380 4487
f 4380 660 4487
f 2480 3247 5508
f 3247 27 4488
f 1047 2752 4489
f 2752 2326 4666
f 100 3016 4490
f 3016 14 4490
f 763 3860 4491
f 3860 13 7053
f 2059 2819 7379
f 2819 910 4683
f 20 1738 4493
f 1738 45 9418
f 199 1505 7804
f 1505 1495 4494
f 31 2151 4495
f 2151 92 4495
f 335 1006 4496
f 1006 221 4496
f 253 2838 7040
f 2838 270 5550
f 711 4132 7750
f 4132 24 4505
f 42 885 7537
f 885 797 4499
f 3198 3228 7035
f 3228 702 4500
f 11 4187 4716
f 4187 2990 4501
f 4 2991 4502
f 2991 50 4502
f 1628 2942 6095
f 2942 883 4503
f 25 4128 4504
f 4128 69 8459
f 24 4498 4505
f 4498 4132 4505
f 1956 2437 4506
f 2437 8 4506
f 117 1210 4507
f 1210 5 5921
f 2204 3908 4508
f 3908 3181 4508
f 471 2939 4509
f 2939 1630 8729
f 1710 1833 4510
f 1833 661 7543
f 1409 1932 4511
f 1932 761 7316
f 3858 4480 4512
f 4480 604 4512
f 2127 2381 7524
f 2381 853 4513
f 1712 1856 5218
f 1856 1395 7864
f 1626 2247 4515
f 2247 268 4515
f 1085 2499 4516
f 2499 2249 4516
f 733 890 4517
f 890 386 5094
f 122 781 4518
f 781 455 4518
f 2874 2943 4519
f 2943 3 4519
f 16 2698 4520
f 2698 475 7792
f 774 3194 4521
f 3194 255 4521
f 522 2597 4522
f 2597 133 4522
f 12 1952 4523
f 1952 29 4523
f 31 1044 4524
f 1044 107 4524
f 311 982 8700
f 982 340 9427
f 673 2805 4526
f 2805 465 8513
f 371 2194 4527
f 2194 2012 6641
f 193 4050 4528
f 4050 3379 9088
f 1649 2938 4529
f 2938 1527 4529
f 4062 4321 6829
f 4321 600 4533
f 56 2887 8890
f 2887 2015 4731
f 1171 1219 4532
f 1219 17 4532
f 600 4530 4533
f 4530 4321 9337
f 1055 2244 4534
f 2244 1083 4534
f 524 3883 4535
f 3883 1733 6819
f 1821 3143 4536
f 3143 2381 5698
f 45 362 5461
f 362 86 9105
f 810 1114 4538
f 1114 889 9037
f 662 3042 4539
f 3042 104 4539
f 695 2054 4540
f 2054 168 4559
f 623 4431 5460
f 4431 639 4674
f 181 233 4542
f 233 135 4542
f 81 1064 6673
f 1064 882 4543
f 1254 1881 4544
f 1881 1408 4544
f 1408 3392 7665
f 3392 1254 4545
f 55 1415 4546
f 1415 692 4546
f 2012 4527 4547
f 4527 2194 4547
f 897 1589 6180
f 1589 526 4548
f 1700 3074 4549
f 3074 2049 4939
f 4 333 4550
f 333 190 4550
f 2106 3787 4551
f 3787 3566 4551
f 25 2210 4552
f 2210 1077 4552
f 1168 4282 4553
f 4282 3136 4553
f 2593 4451 5983
f 4451 1536 4980
f 298 3986 4555
f 3986 114 4555
f 699 3196 4556
f 3196 98 9681
f 2542 3950 7879
f 3950 867 4557
f 7 818 4558
f 818 157 4558
f 168 4540 6322
f 4540 2054 9622
f 8 533 7263
f 533 45 4560
f 114 2965 4595
f 2965 374 4561
f 1506 4011 4612
f 4011 289 4562
f 45 4493 8304
f 4493 1738 4563
f 3267 3307 4564
f 3307 47 7135
f 4 400 4565
f 400 28 5424
f 277 3621 5210
f 3621 3 6574
f 437 1572 4567
f 1572 1063 4567
f 1650 3522 4568
f 3522 25 4568
f 2457 3055 6664
f 3055 1622 5960
f 2814 2878 4570
f 2878 234 4570
f 61 3018 4571
f 3018 2808 4571
f 1907 2494 4572
f 2494 2045 9651
f 481 1232 4573
f 1232 367 4573
f 1057 2227 4574
f 2227 765 9331
f 31 4055 4575
f 4055 1979 6497
f 258 3329 4576
f 3329 627 6160
f 257 3744 8236
f 3744 1199 4577
f 488 1695 6059
f 1695 183 4578
f 1424 2736 4579
f 2736 1562 5858
f 172 956 4580
f 956 75 7788
f 873 4067 8839
f 4067 2055 4581
f 504 3401 4582
f 3401 1918 4582
f 26 768 6555
f 768 97 5933
f 1551 1673 7823
f 1673 680 9966
f 31 2926 4585
f 2926 638 4585
f 503 2484 4586
f 2484 1587 7777
f 503 1031 4587
f 1031 118 7045
f 1090 1123 4588
f 1123 27 4588
f 126 2992 5718
f 2992 31 4589
f 431 3658 4590
f 3658 32 4590
f 82 1881 4591
f 1881 1254 4591
f 166 1620 4592
f 1620 334 4592
f 1624 2198 5991
f 2198 1194 5779
f 1541 4050 8189
f 4050 193 9574
f 2965 4561 4595
f 4561 114 4595
f 3713 4388 4596
f 4388 1778 4596
f 3478 3814 4597
f 3814 1888 4597
f 1298 1962 4598
f 1962 1891 4598
f 438 2345 4599
f 2345 342 4599
f 2762 3162 4600
f 3162 208 4600
f 1853 4459 4601
f 4459 3295 4601
f 2251 4300 4602
f 4300 3384 6115
f 242 3610 7501
f 3610 22 4603
f 149 227 4604
f 227 6 4604
f 179 3374 4605
f 3374 3367 9911
f 385 2189 4606
f 2189 2184 5539
f 32 4280 8966
f 4280 178 4607
f 736 3366 4608
f 3366 2305 6577
f 11 2145 5752
f 2145 932 4609
f 1061 3359 6026
f 3359 11 5153
f 1332 3201 6407
f 3201 1508 7322
f 4011 4562 4612
f 4562 1506 6049
f 165 3905 4613
f 3905 1026 5871
f 75 1392 4614
f 1392 724 7218
f 691 3403 5935
f 3403 73 4615
f 1403 3117 5892
f 3117 2276 4811
f 330 2324 5501
f 2324 39 4617
f 2342 3048 4618
f 3048 860 4618
f 144 4302 4619
f 4302 3186 4619
f 33 716 4620
f 716 143 4620
f 21 2692 4621
f 2692 3 4621
f 2130 3878 6002
f 3878 342 5628
f 1897 2203 4623
f 2203 137 8340
f 111 2423 4624
f 2423 272 4624
f 1041 2772 4625
f 2772 73 5980
f 541 3114 4626
f 3114 518 4626
f 229 1678 4627
f 1678 1604 5120
f 521 607 4628
f 607 311 4628
f 302 1013 4629
f 1013 5 4629
f 5 3036 6571
f 3036 147 4630
f 6 1652 5495
f 1652 980 8556
f 2447 4281 4632
f 4281 2618 4632
f 13 3850 4633
f 3850 1807 4633
f 261 1752 4634
f 1752 1302 5673
f 92 2151 5000
f 2151 1979 4635
f 1681 3761 4636
f 3761 771 4636
f 470 4109 4637
f 4109 395 6772
f 2619 3764 4638
f 3764 3 4638
f 6 1703 4639
f 1703 173 4639
f 4 1722 4770
f 1722 685 4640
f 95 1004 4657
f 1004 160 4641
f 75 3065 4642
f 3065 1182 5680
f 138 2949 4643
f 2949 229 4643
f 1027 1957 8039
f 1957 488 4644
f 492 1211 4951
f 1211 90 4645
f 336 3194 9440
f 3194 774 7626
f 846 3421 5646
f 3421 2604 5949
f 1593 3150 9531
f 3150 1309 4648
f 11 3692 9557
f 3692 973 4649
f 577 3516 4650
f 3516 200 4650
f 1465 2156 8687
f 2156 1511 8565
f 1246 3452 9432
f 3452 12 4652
f 1029 3646 4653
f 3646 29 4653
f 1261 1818 4654
f 1818 242 7606
f 25 4018 6489
f 4018 167 4655
f 264 4051 6578
f 4051 110 4656
f 1004 4641 8104
f 4641 95 4657
f 419 3978 8434
f 3978 79 6175
f 31 2304 4659
f 2304 537 4659
f 1027 2883 4836
f 2883 183 4660
f 395 4109 5811
f 4109 2662 7848
f 973 4346 7483
f 4346 740 4662
f 434 3041 4663
f 3041 224 4663
f 3478 4044 7928
f 4044 49 9292
f 212 1106 5834
f 1106 673 4665
f 2326 4489 7448
f 4489 2752 4666
f 637 1938 4667
f 1938 656 5684
f 342 3878 4668
f 3878 1433 4709
f 1763 4470 4669
f 4470 55 4669
f 1055 2115 4670
f 2115 49 8835
f 1102 1268 6395
f 1268 606 7235
f 6 4301 7134
f 4301 432 4672
f 244 3594 6201
f 3594 2297 4673
f 639 4541 8924
f 4541 4431 4674
f 4 2625 4675
f 2625 642 4675
f 61 2963 4676
f 2963 1750 4676
f 3341 3467 5007
f 3467 6 4677
f 1873 3913 4678
f 3913 3395 7957
f 199 1218 6766
f 1218 30 4679
f 655 2126 4680
f 2126 1617 4883
f 109 4058 4681
f 4058 3195 5166
f 372 2998 4682
f 2998 2564 4682
f 910 4492 5968
f 4492 2819 4683
f 377 2607 4684
f 2607 4 4684
f 439 661 4966
f 661 575 4685
f 1799 4025 4686
f 4025 484 8308
f 1428 3893 4687
f 3893 719 4687
f 492 846 4688
f 846 397 7304
f 922 1635 4689
f 1635 435 6536
f 309 4376 9940
f 4376 2588 4690
f 1049 1606 4691
f 1606 6 4691
f 633 2934 7485
f 2934 540 4692
f 183 3506 9206
f 3506 621 4996
f 3339 3490 9050
f 3490 42 4694
f 2274 3812 4695
f 3812 1445 6034
f 670 2643 4696
f 2643 4 4696
f 250 2691 4697
f 2691 196 4697
f 75 639 6960
f 639 349 4698
f 760 4372 7096
f 4372 2577 7513
f 1837 2018 4700
f 2018 48 7256
f 82 3235 4701
f 3235 32 4701
f 67 946 4702
f 946 235 8589
f 57 991 4703
f 991 107 8552
f 115 4041 4704
f 4041 2903 4704
f 1648 1917 4705
f 1917 839 5082
f 1194 1262 7381
f 1262 1090 4706
f 94 4307 4707
f 4307 712 4707
f 888 1933 4708
f 1933 149 8026
f 1433 4668 4709
f 4668 3878 4709
f 474 3851 4710
f 3851 3242 4710
f 1662 3020 6523
f 3020 1133 7838
f 8 3515 4712
f 3515 2377 9204
f 1065 4241 8265
f 4241 342 4713
f 765 2793 4714
f 2793 2654 4714
f 129 2913 4715
f 2913 2725 4715
f 4187 4501 4716
f 4501 11 4716
f 3375 3584 8994
f 3584 609 7896
f 10 838 9276
f 838 56 4718
f 279 1591 4719
f 1591 246 8555
f 576 823 4720
f 823 342 4720
f 75 3110 5951
f 3110 524 5063
f 1746 2693 4722
f 2693 14 4722
f 2232 3609 4723
f 3609 113 5440
f 791 2845 4724
f 2845 741 4724
f 144 4619 4725
f 4619 3186 4725
f 90 846 8522
f 846 492 4726
f 228 3290 4727
f 3290 1008 9649
f 6 429 8067
f 429 161 4728
f 966 3293 9908
f 3293 104 7236
f 652 812 4730
f 812 118 4730
f 2015 4531 4731
f 4531 2887 4731
f 816 817 4732
f 817 11 4732
f 2165 4466 8101
f 4466 1407 4733
f 1405 1800 4734
f 1800 174 4734
f 767 901 5859
f 901 141 4735
f 498 2001 4736
f 2001 232 4736
f 123 163 8903
f 163 114 7976
f 641 1581 5021
f 1581 1448 4738
f 831 3604 4739
f 3604 1675 4739
f 251 3501 4740
f 3501 50 8141
f 832 4042 4741
f 4042 816 4741
f 260 1427 4742
f 1427 704 4742
f 64 2220 4743
f 2220 179 9995
f 169 601 7160
f 601 8 9899
f 2738 2986 4745
f 2986 1085 4745
f 911 2500 4746
f 2500 26 4815
f 293 3541 5384
f 3541 7 9044
f 1547 1583 4748
f 1583 59 7242
f 931 1862 4749
f 1862 1358 4749
f 1120 1387 4750
f 1387 33 4750
f 72 1504 9807
f 1504 110 4751
f 505 2470 5012
f 2470 118 4752
f 12 1590 4753
f 1590 474 4753
f 133 2597 5578
f 2597 474 4754
f 491 4074 4755
f 4074 1220 6667
f 3086 3592 4756
f 3592 1409 4756
f 1414 1690 4757
f 1690 83 9631
f 345 3953 4758
f 3953 252 4758
f 40 4472 4759
f 4472 100 6850
f 4 3166 8092
f 3166 511 5556
f 135 3463 4761
f 3463 1 4761
f 1116 3510 6163
f 3510 143 4762
f 65 3171 4763
f 3171 2947 4763
f 554 1412 4764
f 1412 24 4764
f 302 1409 6087
f 1409 10 9098
f 485 1550 4766
f 1550 1124 4766
f 339 1714 8591
f 1714 1344 4767
f 944 1865 8241
f 1865 397 4768
f 2606 3682 4769
f 3682 246 4769
f 1722 4640 4770
f 4640 4 4770
f 3393 4085 4771
f 4085 12 5151
f 1084 3459 4772
f 3459 827 9333
f 10 4092 4773
f 4092 3086 4773
f 1236 4209 4774
f 4209 1841 4774
f 134 4444 8074
f 4444 1735 4775
f 1367 2807 4776
f 2807 2435 4776
f 12 4078 5878
f 4078 1904 6409
f 2034 4300 4778
f 4300 2251 9745
f 207 2775 4779
f 2775 105 4779
f 115 1637 4780
f 1637 1092 4780
f 1407 4466 4781
f 4466 12 5555
f 220 3861 6295
f 3861 758 4782
f 206 4407 4783
f 4407 2094 4783
f 1746 4010 4784
f 4010 2729 5409
f 2185 2905 5888
f 2905 12 4785
f 1381 1989 5873
f 1989 303 4786
f 958 2063 8763
f 2063 1689 6084
f 80 2938 4788
f 2938 1649 4788
f 1416 2187 4789
f 2187 22 4789
f 1550 1693 4790
f 1693 1124 7424
f 1074 3719 9541
f 3719 259 4791
f 426 2764 4792
f 2764 2054 6838
f 308 1751 4793
f 1751 202 4793
f 6 2558 4794
f 2558 38 4794
f 1 3890 6291
f 3890 719 4795
f 754 806 4796
f 806 268 8725
f 245 4159 4797
f 4159 1417 4797
f 894 2831 4798
f 2831 12 4798
f 2255 3069 4799
f 3069 707 7042
f 63 2839 4800
f 2839 228 5899
f 1582 2758 4873
f 2758 193 4801
f 261 3437 4802
f 3437 1432 4802
f 1984 3766 7580
f 3766 1800 6342
f 318 1819 4804
f 1819 1496 4804
f 3719 4791 4805
f 4791 1074 6293
f 994 4362 4806
f 4362 1001 8473
f 295 4015 4807
f 4015 1281 4807
f 3592 4092 4808
f 4092 10 9856
f 716 2999 6134
f 2999 12 4809
f 40 2756 4810
f 2756 278 4810
f 2276 4616 4811
f 4616 3117 4811
f 1516 2145 9330
f 2145 11 4812
f 783 947 4813
f 947 564 4813
f 199 2072 4814
f 2072 7 4814
f 26 4746 4815
f 4746 2500 4815
f 1389 2339 4816
f 2339 13 9547
f 6 4794 4817
f 4794 38 4817
f 1518 3981 6037
f 3981 129 4818
f 11 2780 4819
f 2780 666 4819
f 135 4388 4937
f 4388 3713 4820
f 967 3175 9973
f 3175 83 4821
f 180 3112 5530
f 3112 2863 6083
f 380 1420 5959
f 1420 138 4823
f 1001 4140 4824
f 4140 165 4824
f 13 1283 7596
f 1283 117 9790
f 61 265 5033
f 265 52 4826
f 2317 2991 4827
f 2991 4 4827
f 184 429 5557
f 429 6 4828
f 292 3621 4829
f 3621 277 4829
f 1481 4348 6073
f 4348 1853 4830
f 689 2897 4831
f 2897 2851 4831
f 8 1753 4832
f 1753 30 5038
f 2195 3554 7025
f 3554 546 6844
f 1689 4787 4834
f 4787 2063 4834
f 455 685 4835
f 685 21 4835
f 2883 4660 4836
f 4660 1027 4836
f 315 1867 4837
f 1867 300 4837
f 2607 2909 4838
f 2909 2823 7642
f 1093 2830 4839
f 2830 12 4839
f 10 4395 5542
f 4395 1894 4840
f 559 1065 5473
f 1065 73 4841
f 24 1880 9691
f 1880 133 4842
f 1022 1733 5841
f 1733 1170 4843
f 2557 4182 4844
f 4182 31 4844
f 3308 4150 7369
f 4150 703 4845
f 8 3321 4846
f 3321 1110 7477
f 169 3017 4847
f 3017 1180 4847
f 920 3568 4848
f 3568 1046 4848
f 120 4387 4849
f 4387 4313 4849
f 1840 2213 4850
f 2213 356 4850
f 887 2337 8209
f 2337 504 4851
f 750 757 6496
f 757 206 4852
f 2466 3652 4853
f 3652 260 4853
f 2920 3022 4854
f 3022 2935 4854
f 2130 2946 4855
f 2946 404 6161
f 11 449 8920
f 449 87 8398
f 586 3423 4857
f 3423 3339 4857
f 1401 2630 4858
f 2630 1459 4858
f 98 2667 4859
f 2667 300 7664
f 1082 4343 4860
f 4343 2207 4860
f 384 2675 4861
f 2675 312 6549
f 1744 3034 4862
f 3034 221 4862
f 641 2376 7129
f 2376 61 5169
f 794 2832 4864
f 2832 29 5299
f 901 1382 4865
f 1382 70 6518
f 253 4497 4866
f 4497 270 4866
f 2511 3227 4867
f 3227 116 4867
f 1890 3023 9346
f 3023 311 5554
f 1271 2765 9992
f 2765 12 4869
f 289 1232 7595
f 1232 481 4870
f 24 3027 4871
f 3027 2647 4871
f 559 1313 8144
f 1313 1065 4872
f 2758 4801 4873
f 4801 1582 4873
f 853 1930 4874
f 1930 1734 4874
f 122 4204 9003
f 4204 1317 4875
f 1194 3100 4876
f 3100 845 4876
f 301 4383 4877
f 4383 83 8910
f 69 1121 6105
f 1121 20 4878
f 252 3666 4879
f 3666 1351 4879
f 1807 3886 4880
f 3886 3269 6501
f 259 3561 9838
f 3561 642 4881
f 2075 3082 4882
f 3082 12 7487
f 1617 4680 7084
f 4680 2126 4883
f 98 3867 4884
f 3867 3582 6861
f 259 2566 8854
f 2566 2309 4885
f 312 2296 4886
f 2296 69 8390
f 1205 1647 4887
f 1647 15 4887
f 1715 4151 4888
f 4151 218 5061
f 16 475 5759
f 475 138 4889
f 245 2111 5354
f 2111 587 4890
f 105 3705 4891
f 3705 2277 4891
f 580 3821 4892
f 3821 809 4892
f 20 3461 4893
f 3461 208 9877
f 491 4387 4894
f 4387 120 4904
f 42 570 4895
f 570 497 4895
f 138 2634 4896
f 2634 2093 7829
f 378 3650 4897
f 3650 1720 4897
f 4 2704 6767
f 2704 259 9584
f 21 4621 4899
f 4621 3 4899
f 555 3776 4900
f 3776 2298 4900
f 2967 4186 7139
f 4186 2221 6421
f 830 4283 4902
f 4283 1805 4902
f 245 1875 8443
f 1875 152 4903
f 120 4894 4904
f 4894 4387 4904
f 312 4886 5753
f 4886 69 4905
f 2699 4072 4906
f 4072 540 5240
f 1068 2389 4907
f 2389 1773 4907
f 1894 2562 7716
f 2562 36 4908
f 1569 1965 4909
f 1965 218 9184
f 532 1008 4910
f 1008 958 7164
f 4346 4662 4911
f 4662 973 4911
f 193 3733 4912
f 3733 2235 8239
f 316 2855 4913
f 2855 815 9354
f 632 1610 9754
f 1610 1302 4914
f 1329 2473 7082
f 2473 131 6457
f 35 2312 4916
f 2312 1 6371
f 20 779 4917
f 779 164 4917
f 2101 3571 4918
f 3571 295 4918
f 4188 4341 4919
f 4341 1588 4919
f 66 778 4920
f 778 60 4920
f 4 1273 4921
f 1273 1107 4921
f 306 2844 4922
f 2844 2723 4922
f 6 3007 6382
f 3007 1836 4923
f 2 3283 4924
f 3283 440 4987
f 2174 2971 4925
f 2971 2236 4925
f 1255 2529 4926
f 2529 366 4926
f 434 1147 4927
f 1147 395 9220
f 749 1165 4928
f 1165 54 5319
f 653 1848 4929
f 1848 241 6325
f 1822 4274 8922
f 4274 1428 4930
f 836 2843 5225
f 2843 434 4931
f 1398 3395 4932
f 3395 693 4932
f 2947 3171 4933
f 3171 10 4933
f 297 672 8083
f 672 82 9381
f 56 3645 6392
f 3645 3354 5585
f 389 4446 4936
f 4446 33 6472
f 4388 4820 4937
f 4820 135 4937
f 547 3396 4938
f 3396 591 4938
f 2049 4549 5635
f 4549 3074 4939
f 542 3405 4940
f 3405 1139 4940
f 985 2706 4941
f 2706 295 4941
f 279 903 7510
f 903 446 7857
f 832 3352 4943
f 3352 456 4943
f 9 3747 4944
f 3747 899 4944
f 3387 4115 4945
f 4115 73 4945
f 823 3753 6943
f 3753 2998 4946
f 2852 4311 4947
f 4311 4278 4947
f 1633 2633 4948
f 2633 408 8199
f 59 2406 9848
f 2406 1094 4949
f 41 3922 7091
f 3922 2252 4950
f 1211 4645 6482
f 4645 492 5054
f 26 878 4952
f 878 34 8500
f 2375 4258 4953
f 4258 5 4953
f 767 4735 4954
f 4735 141 4954
f 413 3014 4955
f 3014 216 9892
f 4036 4194 4956
f 4194 625 4956
f 4165 4288 4957
f 4288 711 4957
f 2349 4079 4958
f 4079 1298 4958
f 2496 4211 9513
f 4211 114 6629
f 426 3406 4960
f 3406 142 6810
f 143 2278 4961
f 2278 1320 4961
f 2185 4785 5121
f 4785 12 4962
f 565 1421 4963
f 1421 1024 4963
f 757 1802 4964
f 1802 1537 4964
f 9 199 4965
f 199 30 4965
f 661 4685 4966
f 4685 439 9927
f 128 1477 4967
f 1477 625 4967
f 3 3314 4968
f 3314 145 5795
f 278 1451 4969
f 1451 722 4969
f 47 1473 4970
f 1473 12 6075
f 9 1692 7451
f 1692 2 9509
f 14 2537 4972
f 2537 117 8075
f 31 4524 4973
f 4524 107 4973
f 57 466 4974
f 466 112 4974
f 3021 3846 7145
f 3846 2987 4975
f 1020 1477 4976
f 1477 128 4976
f 1078 2505 4977
f 2505 415 4977
f 31 3239 4978
f 3239 132 4978
f 858 3051 4979
f 3051 528 6196
f 1536 4554 9096
f 4554 4451 6277
f 378 1720 4981
f 1720 13 9208
f 424 2730 4982
f 2730 346 4982
f 919 4237 6016
f 4237 861 4983
f 62 3131 4984
f 3131 124 4984
f 1069 3123 6705
f 3123 858 4985
f 3096 3419 5212
f 3419 2631 4986
f 440 4924 4987
f 4924 3283 4987
f 11 2050 6762
f 2050 407 4988
f 49 3712 4989
f 3712 653 9949
f 1088 2593 4990
f 2593 1536 4990
f 71 1523 4991
f 1523 973 4991
f 244 3002 4992
f 3002 93 4992
f 2112 2993 4993
f 2993 873 4993
f 2133 2176 4994
f 2176 736 4994
f 3427 4321 4995
f 4321 4062 4995
f 621 4693 4996
f 4693 3506 7774
f 29 4864 9307
f 4864 2832 8759
f 337 3298 4998
f 3298 267 4998
f 11 12 4999
f 12 1 5790
f 2151 4635 5000
f 4635 92 5000
f 146 2409 5001
f 2409 1359 9769
f 349 2900 5002
f 2900 1339 5002
f 2163 2720 5003
f 2720 1093 5003
f 3287 3347 5004
f 3347 567 5004
f 2987 3846 7361
f 3846 2046 5005
f 2762 4600 6692
f 4600 208 5006
f 3467 4677 5007
f 4677 3341 5007
f 350 473 5008
f 473 304 5008
f 479 1875 6898
f 1875 245 7588
f 608 4123 5010
f 4123 57 5010
f 2240 3402 5011
f 3402 2663 5011
f 2470 4752 5012
f 4752 505 5012
f 530 2486 5964
f 2486 894 6503
f 2080 4205 5523
f 4205 1078 6220
f 3 1042 5015
f 1042 87 8592
f 39 3595 5016
f 3595 1889 5016
f 329 1340 5017
f 1340 6 5017
f 2051 2758 6992
f 2758 1582 5018
f 1026 4135 8488
f 4135 535 6256
f 361 2159 7471
f 2159 979 8764
f 1581 4738 5021
f 4738 641 5021
f 359 3723 9344
f 3723 26 5022
f 839 3558 5023
f 3558 1711 9341
f 198 1441 7453
f 1441 194 5024
f 1115 4373 5025
f 4373 287 5025
f 4346 4911 5026
f 4911 973 5026
f 25 2932 8425
f 2932 84 5027
f 1347 3297 6065
f 3297 2974 5028
f 405 3377 5029
f 3377 2738 5029
f 338 3694 5030
f 3694 2535 5030
f 1846 3345 9379
f 3345 990 7534
f 2855 4016 9471
f 4016 815 5032
f 265 4826 5033
f 4826 61 5033
f 1740 3115 8389
f 3115 1724 6202
f 4016 5032 5986
f 5032 2855 6587
f 118 2161 5036
f 2161 107 5036
f 713 4455 5037
f 4455 4 5037
f 30 4832 5038
f 4832 1753 5038
f 230 2178 5649
f 2178 37 5039
f 2342 4618 5048
f 4618 860 5040
f 37 3726 6198
f 3726 598 5041
f 2127 3873 5042
f 3873 1821 9900
f 7 1812 8587
f 1812 1674 5043
f 838 4718 5044
f 4718 10 5044
f 1668 3915 5045
f 3915 31 5045
f 2804 3222 5046
f 3222 274 8949
f 313 859 5047
f 859 17 5047
f 4618 5040 5048
f 5040 2342 5048
f 26 3919 5049
f 3919 3094 5049
f 2647 3329 5050
f 3329 258 7257
f 407 2050 5051
f 2050 1 5051
f 1008 4727 5052
f 4727 3290 5815
f 1640 2015 5053
f 2015 114 5083
f 492 4951 8246
f 4951 4645 5054
f 782 3969 5394
f 3969 3140 5055
f 1853 4601 7770
f 4601 3295 5056
f 187 2378 9703
f 2378 16 5057
f 2180 3541 5058
f 3541 293 5058
f 3881 4047 5059
f 4047 642 5059
f 45 1738 5060
f 1738 730 7992
f 218 4888 5061
f 4888 4151 5061
f 712 2322 5062
f 2322 43 6036
f 524 4721 5063
f 4721 3110 5063
f 65 2947 5064
f 2947 41 5064
f 1705 1912 5065
f 1912 1087 8616
f 497 4059 5066
f 4059 3789 5066
f 1973 3348 5067
f 3348 352 5067
f 1292 2933 8784
f 2933 1830 8219
f 2309 2566 5080
f 2566 298 5069
f 338 5030 6181
f 5030 2535 9197
f 297 3214 8391
f 3214 672 5071
f 1726 3662 5072
f 3662 231 5072
f 43 3385 5073
f 3385 813 5073
f 1962 3520 5074
f 3520 1891 6908
f 647 934 7987
f 934 5 5075
f 114 4561 5076
f 4561 374 5076
f 10 3940 8445
f 3940 48 5077
f 864 2467 5078
f 2467 33 6932
f 2988 3470 5079
f 3470 3275 9113
f 2566 5069 5080
f 5069 2309 5080
f 313 1324 5081
f 1324 658 8362
f 839 4705 6214
f 4705 1917 9339
f 114 5053 5083
f 5053 2015 6024
f 807 3442 5084
f 3442 1487 7050
f 164 3991 7301
f 3991 844 5085
f 1518 4818 5086
f 4818 129 5086
f 806 3417 5500
f 3417 268 5087
f 762 4336 5088
f 4336 3326 5088
f 154 2162 5809
f 2162 12 9694
f 12 4287 5090
f 4287 230 6608
f 3999 4405 5091
f 4405 1803 5091
f 952 2099 8627
f 2099 1290 5092
f 11 3589 5093
f 3589 1793 5093
f 386 4517 5094
f 4517 890 5094
f 73 1368 5095
f 1368 438 5095
f 3150 4648 5096
f 4648 1593 5096
f 2370 3611 5097
f 3611 1344 5097
f 386 4331 5098
f 4331 326 5098
f 888 2561 5099
f 2561 1200 5930
f 1157 2039 9343
f 2039 1748 5435
f 1187 4206 5101
f 4206 3872 5101
f 1900 2138 5102
f 2138 603 5102
f 750 2463 5103
f 2463 2453 5103
f 520 638 5104
f 638 14 5104
f 498 3806 5105
f 3806 499 5105
f 109 3587 5106
f 3587 2116 5106
f 799 3970 5107
f 3970 3572 8623
f 1009 1512 5108
f 1512 262 8325
f 1358 1882 5458
f 1882 506 5109
f 3281 3371 9169
f 3371 1590 5110
f 1584 1666 5111
f 1666 37 5111
f 165 1519 5112
f 1519 497 5112
f 1514 4013 5113
f 4013 42 5113
f 309 1877 8874
f 1877 903 5114
f 345 4758 5115
f 4758 252 5115
f 484 2053 5116
f 2053 1799 5116
f 817 3585 5117
f 3585 832 5117
f 105 2775 5118
f 2775 468 5118
f 100 4490 5119
f 4490 14 5119
f 1604 4627 5120
f 4627 1678 5120
f 4785 4962 8930
f 4962 2185 5121
f 1900 2048 5122
f 2048 154 5122
f 665 2590 5123
f 2590 194 5123
f 4 4760 5124
f 4760 511 5124
f 440 3609 5125
f 3609 2232 9999
f 959 3729 7376
f 3729 195 9630
f 222 2544 5127
f 2544 396 5127
f 259 773 5128
f 773 748 5128
f 43 1706 5129
f 1706 9 5284
f 2758 5018 5130
f 5018 2051 6575
f 3186 4299 7344
f 4299 105 5268
f 10 2683 5132
f 2683 847 5132
f 1011 2883 5133
f 2883 1027 5133
f 17 4034 5134
f 4034 3346 5134
f 128 512 5313
f 512 358 5135
f 3179 3211 5136
f 3211 1570 5136
f 192 569 5137
f 569 409 5137
f 3085 3997 5138
f 3997 2207 7432
f 363 4159 5139
f 4159 245 5139
f 397 3671 5140
f 3671 944 5140
f 405 3597 8926
f 3597 324 5141
f 2889 4298 9700
f 4298 1491 8766
f 1128 3099 5463
f 3099 910 5143
f 875 2288 5144
f 2288 22 5144
f 27 1827 5145
f 1827 1109 5145
f 2854 4267 5146
f 4267 1388 7545
f 985 4304 6460
f 4304 1475 9291
f 1962 5074 5148
f 5074 1891 5148
f 208 2193 5149
f 2193 332 5149
f 340 2719 8846
f 2719 1927 5150
f 12 4771 5151
f 4771 4085 5151
f 164 2762 5152
f 2762 208 5152
f 11 4610 6057
f 4610 3359 5153
f 926 2886 5154
f 2886 963 5154
f 3423 3736 6477
f 3736 3490 5155
f 699 1941 5156
f 1941 80 5156
f 347 4304 5157
f 4304 985 5157
f 3859 4036 9774
f 4036 84 5158
f 116 192 5159
f 192 12 8600
f 11 666 5160
f 666 336 5160
f 541 2076 5570
f 2076 1258 5161
f 142 376 5162
f 376 19 5372
f 134 457 5163
f 457 1 6363
f 301 4877 5164
f 4877 83 5164
f 136 4314 5165
f 4314 59 6579
f 3195 4681 6690
f 4681 4058 8001
f 929 1951 5167
f 1951 334 5167
f 395 2240 5168
f 2240 434 5168
f 61 4863 5169
f 4863 2376 5169
f 863 924 5996
f 924 838 5170
f 1227 2321 5171
f 2321 557 5171
f 3890 4795 8568
f 4795 1 5172
f 3166 4760 5173
f 4760 4 5173
f 2338 3306 5174
f 3306 1028 5174
f 3406 4424 7706
f 4424 1422 5175
f 14 3271 5176
f 3271 1457 5176
f 1077 2157 7347
f 2157 25 5177
f 845 1090 5178
f 1090 27 5178
f 241 1437 5179
f 1437 965 6447
f 1029 2832 5180
f 2832 794 5180
f 2885 4365 5181
f 4365 3631 5181
f 2145 4609 8079
f 4609 11 5182
f 77 1130 5183
f 1130 926 6219
f 143 4291 5184
f 4291 889 7903
f 2034 4778 6632
f 4778 2251 5185
f 3782 4131 5186
f 4131 3309 5186
f 420 4373 5187
f 4373 1115 6977
f 98 897 8063
f 897 526 7761
f 994 3603 5703
f 3603 1571 5189
f 378 2339 5190
f 2339 1389 6495
f 2201 2912 5191
f 2912 940 5191
f 266 2090 5192
f 2090 34 5192
f 372 404 5193
f 404 342 5193
f 3099 4085 7191
f 4085 3393 5194
f 326 733 9868
f 733 31 5195
f 2350 3384 5196
f 3384 2034 8395
f 3249 3894 5197
f 3894 120 5197
f 113 1662 5198
f 1662 61 5198
f 567 4417 5199
f 4417 912 9981
f 2796 4019 5200
f 4019 2000 5200
f 1969 3174 5201
f 3174 1466 7911
f 4 2608 7010
f 2608 1317 6729
f 89 2212 5203
f 2212 10 5203
f 2984 3777 5204
f 3777 1766 5204
f 19 5162 5205
f 5162 376 8494
f 813 3095 5206
f 3095 435 9576
f 5 2873 6494
f 2873 708 5207
f 116 3938 5208
f 3938 3866 5208
f 171 428 5209
f 428 6 5209
f 3621 4566 5210
f 4566 277 5210
f 17 1946 5211
f 1946 1171 5211
f 3419 4986 5212
f 4986 3096 5212
f 699 4556 5213
f 4556 98 5213
f 83 3185 8027
f 3185 509 5214
f 1650 4077 5215
f 4077 3522 7830
f 6 1757 5216
f 1757 574 5531
f 339 4110 5217
f 4110 3424 8047
f 1856 4514 7722
f 4514 1712 5218
f 59 4239 5219
f 4239 43 5219
f 2562 4908 5220
f 4908 1894 5220
f 2950 3748 5221
f 3748 508 5221
f 143 1641 5222
f 1641 1116 9448
f 1012 2665 5223
f 2665 5 5223
f 1686 2178 7556
f 2178 230 5224
f 2843 4931 6725
f 4931 836 9704
f 450 1236 5226
f 1236 395 5226
f 2397 2876 5227
f 2876 1289 5227
f 2838 4497 5228
f 4497 253 5228
f 347 2445 6940
f 2445 295 5229
f 329 3554 5230
f 3554 2195 5230
f 1616 3132 5231
f 3132 148 5231
f 94 712 6824
f 712 43 7491
f 3164 3619 5233
f 3619 1948 5233
f 322 1494 8481
f 1494 114 5234
f 1014 1352 5343
f 1352 27 5235
f 322 3728 5236
f 3728 1117 5236
f 113 1945 5237
f 1945 1750 6893
f 6 3604 5238
f 3604 831 7675
f 442 3936 5239
f 3936 373 5239
f 540 4906 5240
f 4906 4072 8569
f 71 2895 5241
f 2895 939 5241
f 1107 3731 6387
f 3731 868 5242
f 334 2797 9039
f 2797 995 6652
f 356 2983 5244
f 2983 725 5244
f 32 1314 5245
f 1314 164 5245
f 1769 2072 5246
f 2072 199 5246
f 135 534 5247
f 534 200 5247
f 574 2526 8198
f 2526 242 5248
f 733 2112 5249
f 2112 2055 7291
f 994 3029 9136
f 3029 1345 8671
f 193 2311 5251
f 2311 319 5251
f 345 3190 5252
f 3190 790 5252
f 1261 2813 5253
f 2813 807 5253
f 351 2890 5254
f 2890 688 5254
f 153 1839 5255
f 1839 931 5351
f 252 636 7711
f 636 40 5256
f 1139 2361 5257
f 2361 51 5689
f 1 1861 5258
f 1861 596 5258
f 95 3674 7188
f 3674 2461 5259
f 1633 1982 6787
f 1982 1312 5260
f 383 3121 6179
f 3121 48 5261
f 306 1135 5262
f 1135 780 5262
f 1190 3714 5263
f 3714 1672 5412
f 7 1495 5264
f 1495 9 5264
f 518 552 8819
f 552 60 5265
f 163 441 5266
f 441 218 5266
f 567 2380 5267
f 2380 2170 5267
f 105 5131 5416
f 5131 4299 5268
f 88 1548 5269
f 1548 1048 7778
f 25 4191 5270
f 4191 1980 5270
f 1191 2504 5271
f 2504 73 5271
f 1314 3553 5272
f 3553 164 5272
f 1017 4411 5273
f 4411 2073 5273
f 832 4741 5274
f 4741 816 5274
f 428 1151 8447
f 1151 113 9728
f 1918 3468 5721
f 3468 1521 5276
f 1414 4757 5277
f 4757 83 8929
f 1055 3632 5278
f 3632 2115 5278
f 2240 5011 5279
f 5011 2663 7023
f 180 4822 5280
f 4822 2863 5280
f 2207 4343 5281
f 4343 686 5281
f 929 3577 5282
f 3577 692 5282
f 2049 3074 5283
f 3074 1898 9715
f 9 5129 5284
f 5129 1706 5284
f 1312 2289 5285
f 2289 1633 5285
f 2990 3765 5286
f 3765 3148 5286
f 952 2929 5287
f 2929 2759 5287
f 1046 3568 5288
f 3568 3202 5288
f 1748 3101 5289
f 3101 450 6814
f 673 4526 5290
f 4526 465 7105
f 262 1515 5291
f 1515 25 5291
f 2470 4146 5292
f 4146 118 5292
f 214 864 5293
f 864 162 7133
f 11 4988 6178
f 4988 407 5294
f 3981 4818 8563
f 4818 1518 5295
f 164 2234 8118
f 2234 32 9179
f 301 2687 5297
f 2687 4 5297
f 62 1379 5298
f 1379 103 6456
f 29 4997 5299
f 4997 2832 5299
f 232 416 5300
f 416 310 5300
f 31 4575 5301
f 4575 1979 7000
f 756 2040 5302
f 2040 760 6789
f 1160 3192 5303
f 3192 832 5303
f 848 4462 8475
f 4462 310 5304
f 12 933 5305
f 933 17 7147
f 3962 4252 5651
f 4252 1078 5306
f 803 3359 5307
f 3359 1061 6845
f 1531 1971 5308
f 1971 1015 5308
f 56 3804 5309
f 3804 298 6182
f 1044 1725 5310
f 1725 57 5310
f 1236 2609 5311
f 2609 1718 5311
f 100 4759 5312
f 4759 4472 5312
f 512 5135 5313
f 5135 128 5313
f 694 2268 8161
f 2268 18 5314
f 267 2479 5315
f 2479 169 6194
f 2804 3344 5316
f 3344 3222 5316
f 1302 4391 5317
f 4391 2443 8311
f 1083 2528 8225
f 2528 519 5318
f 54 4928 5319
f 4928 1165 5319
f 177 427 5320
f 427 143 5320
f 3360 3782 5321
f 3782 3309 5321
f 169 1180 6430
f 1180 601 5322
f 548 3006 9915
f 3006 184 5323
f 136 3450 5738
f 3450 43 5324
f 1185 3776 8059
f 3776 555 5325
f 1659 3394 5326
f 3394 2962 5326
f 1027 4660 5327
f 4660 183 9778
f 2311 3693 5328
f 3693 169 5328
f 3538 4246 5329
f 4246 2586 5329
f 1711 3892 5330
f 3892 1978 5330
f 429 4828 5331
f 4828 184 6686
f 11 4609 5332
f 4609 932 5332
f 2832 4997 5333
f 4997 4864 5333
f 3685 4027 5334
f 4027 1469 5334
f 2086 4198 5335
f 4198 1372 5335
f 106 2964 5336
f 2964 63 5336
f 1492 3152 5865
f 3152 1296 5337
f 1 329 5338
f 329 35 5338
f 2296 2302 5339
f 2302 1424 5339
f 4 1317 5340
f 1317 3 5340
f 8 4560 5341
f 4560 45 5341
f 490 1650 5342
f 1650 20 5342
f 1352 5235 8554
f 5235 1014 5343
f 38 2558 5344
f 2558 1994 5344
f 810 3375 5345
f 3375 143 9174
f 78 4364 5705
f 4364 1835 5346
f 46 533 5347
f 533 8 5347
f 830 4902 5348
f 4902 1805 7029
f 465 5290 6331
f 5290 4526 5349
f 7 3541 5350
f 3541 2180 5350
f 931 5255 5351
f 5255 1839 6052
f 2190 3155 5352
f 3155 2282 5352
f 3732 4403 5353
f 4403 230 5353
f 2111 4890 5354
f 4890 245 5354
f 187 5057 5355
f 5057 16 5355
f 412 921 5356
f 921 353 5356
f 295 3771 7608
f 3771 3471 5357
f 3140 3969 7631
f 3969 183 5358
f 76 648 5359
f 648 112 5359
f 22 269 5360
f 269 256 6246
f 2747 3502 5361
f 3502 1109 5361
f 70 4865 5362
f 4865 1382 5362
f 22 915 6352
f 915 58 5363
f 88 3412 6012
f 3412 1189 5364
f 198 2233 5365
f 2233 1441 9457
f 350 1566 5366
f 1566 484 5366
f 9 3992 5367
f 3992 3206 8383
f 1081 4317 9479
f 4317 3368 8610
f 1694 2262 5850
f 2262 1176 5369
f 2539 2589 6429
f 2589 244 5370
f 1365 2006 5371
f 2006 14 5371
f 19 5205 8256
f 5205 376 5372
f 1504 4751 5373
f 4751 72 9897
f 208 1306 5374
f 1306 164 5374
f 2664 2921 5925
f 2921 2660 5375
f 1628 4503 5376
f 4503 883 8238
f 1189 3105 5377
f 3105 2595 5377
f 398 1191 5378
f 1191 73 7815
f 1853 5056 5379
f 5056 3295 6443
f 2352 4485 5380
f 4485 371 5380
f 2638 3961 9612
f 3961 2175 5381
f 1082 3997 6822
f 3997 3085 5382
f 54 560 8754
f 560 13 5383
f 3541 4747 5384
f 4747 293 5384
f 425 2555 5385
f 2555 430 5385
f 3846 4094 5386
f 4094 2046 5386
f 4 4898 5387
f 4898 259 5387
f 623 4124 7758
f 4124 75 6025
f 977 4368 6040
f 4368 480 5907
f 152 776 5390
f 776 3 5390
f 48 222 5391
f 222 95 5391
f 1652 1864 5392
f 1864 660 5392
f 84 2932 5800
f 2932 490 5393
f 3969 5055 5394
f 5055 782 5394
f 27 2661 5395
f 2661 205 5395
f 911 2418 5396
f 2418 7 5396
f 35 1291 5397
f 1291 52 5397
f 2988 5079 5398
f 5079 3275 5398
f 266 2442 5399
f 2442 2090 5399
f 11 1778 5400
f 1778 189 5400
f 20 727 5401
f 727 84 5401
f 2 3527 5402
f 3527 1688 5402
f 3190 4484 5403
f 4484 790 8805
f 3 1207 5404
f 1207 104 5404
f 39 2366 5405
f 2366 91 7567
f 154 3711 5406
f 3711 37 5406
f 602 4205 7521
f 4205 2080 5407
f 2215 3310 5408
f 3310 3119 8575
f 2729 4784 5409
f 4784 4010 5409
f 683 3067 5410
f 3067 56 5410
f 16 4889 5411
f 4889 138 5411
f 1672 5263 5412
f 5263 3714 7212
f 55 3847 5413
f 3847 166 5413
f 1620 4169 9460
f 4169 2797 8682
f 1298 4598 6406
f 4598 1891 5415
f 5131 5268 5416
f 5268 105 5416
f 165 1823 5428
f 1823 501 5417
f 2749 3740 5418
f 3740 8 5418
f 163 4737 7007
f 4737 123 5419
f 1572 4366 5420
f 4366 1063 5420
f 1665 2387 5421
f 2387 22 5755
f 1072 4421 7153
f 4421 88 7406
f 184 3006 8620
f 3006 161 5423
f 28 4565 5424
f 4565 400 9140
f 1272 2059 6752
f 2059 461 5425
f 225 4021 8918
f 4021 83 5426
f 2920 4854 5427
f 4854 2935 5427
f 1823 5417 5428
f 5417 165 9724
f 135 2049 5429
f 2049 1898 9829
f 451 1653 5430
f 1653 356 5430
f 39 1456 5431
f 1456 43 5431
f 814 1270 5432
f 1270 20 5432
f 197 2955 5433
f 2955 2521 5433
f 1346 1556 5434
f 1556 6 8477
f 1748 5100 6282
f 5100 2039 9983
f 3367 4605 5436
f 4605 3374 6648
f 57 4384 5437
f 4384 14 5437
f 1227 5171 5438
f 5171 557 5438
f 142 5162 8734
f 5162 19 5439
f 113 4723 5440
f 4723 3609 8127
f 3705 4326 5441
f 4326 2277 5743
f 71 4166 5442
f 4166 2677 7083
f 4549 4939 9540
f 4939 2049 5443
f 1408 4545 5444
f 4545 1254 5444
f 1396 2658 7662
f 2658 2266 5445
f 3417 5087 5446
f 5087 806 9415
f 423 4171 5447
f 4171 192 7414
f 522 1103 8812
f 1103 12 5448
f 1313 4872 8735
f 4872 559 6272
f 860 3768 5450
f 3768 2068 5450
f 3692 4649 7427
f 4649 11 5451
f 57 1553 5452
f 1553 211 5452
f 77 1533 5453
f 1533 616 5453
f 183 644 5454
f 644 526 5454
f 2051 5018 5455
f 5018 1582 5455
f 7 2418 5456
f 2418 2226 5456
f 165 3451 5457
f 3451 617 5457
f 1882 5109 5458
f 5109 1358 5458
f 401 4221 5459
f 4221 1809 5459
f 4431 4541 5460
f 4541 623 5460
f 362 4537 5461
f 4537 45 9991
f 3290 5052 8329
f 5052 4727 6707
f 3099 5143 5463
f 5143 1128 5463
f 2058 4287 5464
f 4287 12 5464
f 148 2818 5465
f 2818 540 5465
f 150 2175 5466
f 2175 1988 6541
f 61 1662 8619
f 1662 1133 5467
f 48 3189 5468
f 3189 1837 5468
f 518 2032 5469
f 2032 1258 5469
f 314 3831 5470
f 3831 2552 8088
f 117 2586 5471
f 2586 1377 5593
f 14 3720 5472
f 3720 508 5472
f 1065 4841 5473
f 4841 559 5473
f 47 1387 5474
f 1387 1120 5474
f 1200 5099 5475
f 5099 2561 6199
f 115 2903 5476
f 2903 935 6885
f 2381 4536 5477
f 4536 3143 7729
f 1688 3318 5478
f 3318 2 5478
f 281 792 5479
f 792 4 5479
f 2140 3093 5480
f 3093 1208 5480
f 241 1848 7044
f 1848 1355 5481
f 1709 1840 8244
f 1840 356 5482
f 39 2877 5483
f 2877 1484 6228
f 759 1221 5484
f 1221 22 5484
f 451 2213 5485
f 2213 1840 5485
f 79 1331 9095
f 1331 761 5486
f 17 1219 5487
f 1219 894 6558
f 31 3266 5488
f 3266 12 5488
f 191 3083 5489
f 3083 415 7609
f 244 2104 9601
f 2104 1995 8081
f 1788 2309 6926
f 2309 298 5491
f 900 2067 5492
f 2067 12 5492
f 2257 2426 5493
f 2426 14 6658
f 2968 3235 5494
f 3235 82 5494
f 1652 4631 5495
f 4631 6 5495
f 756 5302 5701
f 5302 760 5496
f 251 2482 5497
f 2482 941 5497
f 1045 3827 5498
f 3827 2122 9659
f 3367 3800 5499
f 3800 179 5499
f 3417 5446 8673
f 5446 806 5500
f 2324 4617 5501
f 4617 330 9122
f 329 3774 5502
f 3774 546 9885
f 117 1377 5503
f 1377 14 9720
f 636 3676 9759
f 3676 180 5504
f 263 3563 5505
f 3563 1269 9833
f 17 283 9660
f 283 27 5506
f 359 911 6356
f 911 7 9194
f 3247 4488 5508
f 4488 2480 5508
f 20 2372 5509
f 2372 2202 8367
f 567 726 5510
f 726 405 5510
f 1783 2854 7333
f 2854 1388 5511
f 1683 3930 5512
f 3930 21 9870
f 1060 3161 5513
f 3161 242 7189
f 73 2286 5514
f 2286 1601 7713
f 680 1174 5515
f 1174 89 5515
f 2174 2441 5516
f 2441 1392 5516
f 1651 3820 5665
f 3820 3464 7080
f 2101 3084 9654
f 3084 1281 5518
f 1884 2387 5519
f 2387 1665 5519
f 461 2200 5520
f 2200 339 8131
f 350 3135 5521
f 3135 473 8533
f 348 4258 5522
f 4258 2375 9164
f 4205 5014 5523
f 5014 2080 5523
f 231 3662 5524
f 3662 378 5524
f 367 4082 5525
f 4082 481 6287
f 1481 3103 5526
f 3103 855 5526
f 332 3364 5527
f 3364 73 5527
f 369 3237 5528
f 3237 976 5528
f 60 1944 5529
f 1944 394 5529
f 3112 4822 5530
f 4822 180 5530
f 574 5216 9619
f 5216 1757 9746
f 1835 4364 5532
f 4364 2335 5532
f 1691 1696 5533
f 1696 1035 5533
f 4 2798 5534
f 2798 2538 5534
f 763 4491 5535
f 4491 13 5535
f 39 3793 8010
f 3793 410 5536
f 1954 3467 5537
f 3467 3341 8788
f 981 1572 6141
f 1572 437 9185
f 2184 4606 5539
f 4606 2189 5539
f 856 1529 5540
f 1529 191 5540
f 2190 2359 5541
f 2359 372 5541
f 4395 4840 8098
f 4840 10 5542
f 109 508 5543
f 508 291 5543
f 689 1323 5544
f 1323 57 6634
f 5 3695 8487
f 3695 396 5545
f 164 1190 5546
f 1190 340 5546
f 462 704 5547
f 704 134 5547
f 32 3342 6379
f 3342 25 7964
f 352 3477 5549
f 3477 654 9375
f 270 4497 5550
f 4497 2838 5550
f 1687 3219 5551
f 3219 2093 7475
f 2201 2527 5552
f 2527 25 5552
f 4214 4445 9178
f 4445 1424 9157
f 311 4868 8154
f 4868 3023 5554
f 12 4781 5555
f 4781 4466 5555
f 511 4760 7673
f 4760 3166 5556
f 429 5331 5557
f 5331 184 5557
f 1339 2900 5558
f 2900 1369 5558
f 2791 3828 5716
f 3828 14 5559
f 5 2513 5560
f 2513 1197 5560
f 2573 4431 5561
f 4431 623 5561
f 2330 4369 8278
f 4369 1626 5562
f 1489 2596 5563
f 2596 2190 5563
f 329 2907 6860
f 2907 35 5564
f 163 1965 5565
f 1965 1569 9464
f 468 3990 5566
f 3990 1230 5566
f 399 3999 5567
f 3999 1803 5758
f 2942 4503 5568
f 4503 1628 5568
f 1074 2745 5569
f 2745 2704 5569
f 2076 5161 5570
f 5161 541 5570
f 299 1660 8221
f 1660 495 5571
f 318 2694 6128
f 2694 1106 5572
f 1674 1866 5573
f 1866 199 5573
f 1046 3064 5574
f 3064 78 5574
f 708 2873 5575
f 2873 996 5575
f 761 1932 6170
f 1932 302 7548
f 56 3612 5577
f 3612 2560 5577
f 2597 4754 7046
f 4754 133 5988
f 2987 4463 5579
f 4463 527 5579
f 33 406 5580
f 406 145 5580
f 2190 2596 5581
f 2596 2359 5581
f 472 3838 5613
f 3838 738 5582
f 675 3931 5583
f 3931 683 5583
f 468 5566 5584
f 5566 1230 7482
f 3354 4935 5585
f 4935 3645 6455
f 178 2675 5586
f 2675 384 6176
f 88 2629 5587
f 2629 71 5587
f 97 3655 7613
f 3655 3647 6186
f 3655 5588 7372
f 5588 97 6042
f 1622 4569 5590
f 4569 3055 5590
f 3713 4596 7818
f 4596 1778 5591
f 1316 2572 5592
f 2572 960 5592
f 1377 5471 5593
f 5471 2586 7208
f 1907 4572 5594
f 4572 2045 5594
f 1388 3061 5595
f 3061 25 5595
f 2873 5207 8064
f 5207 5 5596
f 2667 3856 5597
f 3856 315 5597
f 3 1137 5598
f 1137 12 5598
f 359 1385 5599
f 1385 1046 5599
f 45 5461 5600
f 5461 4537 5600
f 2759 3275 5601
f 3275 1457 8309
f 1439 4375 5602
f 4375 1047 5670
f 897 4548 7389
f 4548 526 5603
f 616 4256 7229
f 4256 247 5604
f 2167 4112 8939
f 4112 2028 5605
f 141 2341 7386
f 2341 36 5606
f 1145 2661 5607
f 2661 27 5607
f 340 4115 5608
f 4115 3387 6913
f 1277 3000 6607
f 3000 390 8501
f 11 433 7672
f 433 110 5610
f 1103 5448 5611
f 5448 522 5611
f 703 2031 5612
f 2031 975 5612
f 3838 5582 5613
f 5582 472 9794
f 1084 4772 5614
f 4772 827 8191
f 3538 3975 5615
f 3975 117 5615
f 83 4247 9438
f 4247 1414 8035
f 114 3028 5617
f 3028 2965 9001
f 2062 2728 9781
f 2728 1865 5618
f 1793 3627 5619
f 3627 11 5619
f 206 2088 5620
f 2088 750 5620
f 178 3775 5621
f 3775 964 5621
f 73 2751 5622
f 2751 2282 9586
f 3282 4037 9924
f 4037 654 5623
f 108 300 8280
f 300 80 7155
f 1846 3489 5625
f 3489 1470 5625
f 1879 3218 9938
f 3218 1123 6275
f 796 2146 5627
f 2146 2086 5627
f 342 4622 5628
f 4622 3878 5628
f 3062 3624 7563
f 3624 1889 6461
f 292 2347 5630
f 2347 3 5630
f 414 3209 8649
f 3209 32 5631
f 1057 4574 6821
f 4574 765 7754
f 122 2608 5633
f 2608 4 5633
f 4 868 5634
f 868 97 5634
f 4549 5443 5635
f 5443 2049 9655
f 1174 2412 5636
f 2412 1052 5636
f 4 382 5637
f 382 114 5637
f 22 885 5638
f 885 42 5638
f 2444 3928 6116
f 3928 3158 5639
f 760 2577 5640
f 2577 791 5640
f 2093 2634 5641
f 2634 284 5641
f 172 4580 5642
f 4580 75 6334
f 771 3761 5643
f 3761 259 7171
f 340 697 5644
f 697 164 5644
f 470 954 5645
f 954 434 9162
f 3421 4647 7974
f 4647 846 5646
f 395 1235 5647
f 1235 224 5647
f 180 1676 5648
f 1676 793 5648
f 2178 5039 5649
f 5039 230 5649
f 506 2567 5650
f 2567 153 5650
f 4252 5306 7958
f 5306 3962 5651
f 3912 4401 5652
f 4401 46 5957
f 63 202 5653
f 202 106 5653
f 1669 1870 5654
f 1870 544 8062
f 3581 3677 6687
f 3677 25 5655
f 123 1315 6626
f 1315 48 5656
f 1518 4468 5657
f 4468 2119 5657
f 936 4371 5658
f 4371 2001 7512
f 5 2574 5659
f 2574 1141 5659
f 3 463 5660
f 463 67 5660
f 191 2416 5661
f 2416 756 5661
f 506 1418 5662
f 1418 1358 5662
f 3198 3781 5663
f 3781 3616 5663
f 580 3669 5664
f 3669 2318 5664
f 3820 5517 5665
f 5517 1651 6618
f 1192 4154 5666
f 4154 3526 5666
f 891 3369 5667
f 3369 1488 5667
f 51 1350 5668
f 1350 782 5668
f 3544 4468 6090
f 4468 1518 5669
f 1047 5602 5670
f 5602 4375 5670
f 61 2808 5671
f 2808 2 5727
f 1553 3511 5672
f 3511 505 5672
f 1302 4634 7515
f 4634 1752 5673
f 7 2534 6337
f 2534 3 5674
f 1469 4027 7054
f 4027 2671 5675
f 415 3835 5676
f 3835 2073 5676
f 234 3588 9712
f 3588 154 5677
f 462 3508 5678
f 3508 1140 5678
f 3922 4950 5679
f 4950 41 5679
f 1182 4642 8580
f 4642 3065 5680
f 9 2406 5681
f 2406 59 5681
f 853 2767 5682
f 2767 10 5682
f 1482 3903 5683
f 3903 3223 5683
f 656 4667 5684
f 4667 1938 5684
f 397 2728 9969
f 2728 2062 5905
f 165 5417 5686
f 5417 501 5686
f 386 2254 6878
f 2254 1713 5687
f 611 2294 5688
f 2294 115 5688
f 51 5257 8412
f 5257 2361 5945
f 2573 3039 5690
f 3039 1339 5690
f 408 4948 5691
f 4948 2633 5691
f 2962 3472 5692
f 3472 1659 5692
f 796 2086 5693
f 2086 1372 5693
f 1354 1730 5694
f 1730 1314 5694
f 1479 2957 8357
f 2957 200 6192
f 1362 1618 5696
f 1618 12 5696
f 228 4119 5697
f 4119 736 7495
f 2381 5477 5698
f 5477 3143 5698
f 32 2648 5699
f 2648 311 5699
f 1530 1588 5700
f 1588 262 5700
f 5302 5496 5701
f 5496 756 8014
f 3826 4419 5702
f 4419 2725 5702
f 3603 5189 5703
f 5189 994 5703
f 133 4325 8981
f 4325 522 5704
f 4364 5346 5802
f 5346 78 5705
f 60 3816 7894
f 3816 483 5706
f 306 780 6748
f 780 1 6510
f 56 502 9753
f 502 322 5708
f 1049 1070 8925
f 1070 247 5709
f 642 4047 5710
f 4047 259 5710
f 983 1743 5711
f 1743 4 5711
f 1072 4444 5712
f 4444 134 5712
f 64 2077 5713
f 2077 1467 5713
f 4 2148 5985
f 2148 1193 7546
f 395 1841 5715
f 1841 1718 5715
f 3828 5559 5716
f 5559 2791 5716
f 786 2550 5717
f 2550 120 5717
f 2992 4589 6764
f 4589 126 5718
f 383 1277 5719
f 1277 79 6104
f 765 2654 5720
f 2654 961 5720
f 3468 5276 5721
f 5276 1918 5721
f 12 1372 5722
f 1372 716 5722
f 484 1282 8117
f 1282 62 5723
f 271 3591 5724
f 3591 2400 5724
f 11 5093 5725
f 5093 1793 5725
f 3782 5186 5726
f 5186 3309 5726
f 2 5671 5727
f 5671 2808 5727
f 2797 5243 5728
f 5243 334 5728
f 575 1833 5729
f 1833 1710 5729
f 2240 3660 5730
f 3660 3402 5730
f 679 1306 6948
f 1306 208 5731
f 1982 3691 5732
f 3691 15 5732
f 1093 3629 8472
f 3629 2830 5733
f 1386 3430 6656
f 3430 2235 5734
f 894 5487 5735
f 5487 1219 5735
f 986 3885 5736
f 3885 2541 5736
f 2932 5027 5737
f 5027 25 5737
f 3450 5324 6072
f 5324 136 5738
f 856 1602 5739
f 1602 760 5739
f 36 578 5740
f 578 85 5740
f 2717 3263 5741
f 3263 1656 6777
f 1766 2961 5742
f 2961 253 5742
f 2277 5441 5743
f 5441 4326 5743
f 247 4475 6171
f 4475 476 5744
f 311 2648 8852
f 2648 521 5745
f 692 3805 9030
f 3805 334 5746
f 2586 5593 5747
f 5593 5471 5747
f 967 3756 5748
f 3756 948 5748
f 1094 3496 8343
f 3496 136 5749
f 1699 3898 5750
f 3898 2874 5750
f 71 379 5751
f 379 134 5751
f 2145 5182 5752
f 5182 11 5752
f 4886 4905 7887
f 4905 312 5753
f 810 3584 5754
f 3584 3375 5754
f 22 5421 7254
f 5421 2387 8707
f 439 1925 5756
f 1925 585 5756
f 586 2021 5757
f 2021 1054 5757
f 1803 5567 5758
f 5567 3999 5758
f 475 4889 9079
f 4889 16 5759
f 2348 2721 5760
f 2721 2509 7334
f 637 656 5761
f 656 483 6616
f 1582 4801 5762
f 4801 193 5762
f 202 2101 5763
f 2101 295 5763
f 366 1526 5764
f 1526 1273 5764
f 331 2291 5765
f 2291 1484 5765
f 738 3838 5944
f 3838 19 8836
f 1296 2944 6675
f 2944 270 5767
f 364 2148 5768
f 2148 4 5768
f 219 2237 6459
f 2237 9 5769
f 375 2795 5770
f 2795 1091 5770
f 653 4989 5771
f 4989 3712 5771
f 1563 4286 5772
f 4286 2395 5772
f 247 2068 8834
f 2068 501 5773
f 143 3510 5774
f 3510 33 6286
f 2325 4077 7015
f 4077 1650 5775
f 265 3318 5776
f 3318 1688 5776
f 270 1471 5777
f 1471 98 5777
f 387 1698 5778
f 1698 98 5778
f 1194 4593 8069
f 4593 2198 5779
f 2039 3697 9842
f 3697 976 5780
f 4 536 5781
f 536 364 5781
f 2135 3003 5782
f 3003 14 5782
f 496 4244 5783
f 4244 95 5783
f 1028 2436 5784
f 2436 293 5784
f 316 815 5785
f 815 98 5785
f 1001 4362 5786
f 4362 2385 7687
f 528 4979 5787
f 4979 3051 9642
f 1680 4276 5788
f 4276 3512 9416
f 49 1390 8253
f 1390 28 5789
f 1 4999 5790
f 4999 12 6637
f 4548 5603 5791
f 5603 897 5791
f 2030 2408 5792
f 2408 32 5792
f 887 4851 5793
f 4851 504 9023
f 76 5359 5794
f 5359 112 5794
f 145 4968 5795
f 4968 3314 5795
f 1155 3015 5796
f 3015 2971 5796
f 1409 4765 5797
f 4765 302 5797
f 1168 2167 5798
f 2167 26 5798
f 179 4605 6734
f 4605 3367 5799
f 2932 5393 5800
f 5393 84 5800
f 35 746 5801
f 746 341 5801
f 5346 5705 5802
f 5705 4364 9714
f 2434 3053 5803
f 3053 2618 5803
f 1875 5009 6127
f 5009 479 5804
f 2728 5618 9100
f 5618 2062 5805
f 4044 4664 5806
f 4664 3478 6758
f 57 2009 5807
f 2009 66 5807
f 2260 4218 7198
f 4218 2240 5808
f 2162 5089 5809
f 5089 154 8516
f 1707 1980 5810
f 1980 988 5810
f 4109 4661 5811
f 4661 395 5811
f 4072 5240 5812
f 5240 4906 5812
f 78 5346 5813
f 5346 1835 5813
f 69 4878 5814
f 4878 20 7258
f 3290 5462 5837
f 5462 4727 5815
f 369 2922 5816
f 2922 1053 5816
f 143 5774 5817
f 5774 33 8355
f 5 2121 5818
f 2121 70 5818
f 372 1368 5819
f 1368 73 6968
f 2207 5281 5820
f 5281 686 5820
f 203 3264 5821
f 3264 10 5821
f 1 4096 5822
f 4096 2011 5822
f 104 2861 6529
f 2861 241 5823
f 3571 4015 5824
f 4015 295 5824
f 2015 2560 7012
f 2560 114 5825
f 850 2413 9165
f 2413 101 6341
f 4278 4311 5827
f 4311 43 5827
f 2093 5641 5828
f 5641 284 5828
f 1707 5810 5829
f 5810 988 5829
f 64 1559 5830
f 1559 1238 5830
f 595 4084 5831
f 4084 745 5831
f 83 3175 7954
f 3175 510 5832
f 2254 5687 5833
f 5687 386 5833
f 1106 4665 5834
f 4665 212 5834
f 903 3386 5835
f 3386 309 5835
f 122 4164 5836
f 4164 3 8252
f 5462 5815 5837
f 5815 3290 9461
f 12 2239 5838
f 2239 1443 5838
f 24 525 5839
f 525 109 5839
f 3060 3164 5840
f 3164 1948 5840
f 1733 4843 5841
f 4843 1022 5841
f 57 2501 5842
f 2501 552 7249
f 775 1568 5843
f 1568 510 5843
f 470 2364 8469
f 2364 1108 5844
f 2749 2753 8179
f 2753 72 5845
f 339 1374 9149
f 1374 530 5846
f 1413 1974 6621
f 1974 70 5847
f 1571 1823 5848
f 1823 165 5848
f 109 3715 5849
f 3715 24 5849
f 2262 5369 5850
f 5369 1694 5850
f 1298 2904 5851
f 2904 862 5851
f 1090 3779 5852
f 3779 1123 9990
f 6 4043 5853
f 4043 905 7846
f 35 155 5854
f 155 68 6355
f 2603 4003 5855
f 4003 3750 5855
f 1467 3151 5856
f 3151 179 5856
f 755 1253 5857
f 1253 529 5857
f 1562 4579 6721
f 4579 2736 5858
f 901 4735 6793
f 4735 767 5859
f 143 955 5860
f 955 12 5860
f 31 4978 5861
f 4978 132 5861
f 299 2229 5961
f 2229 1660 8579
f 1201 1423 5863
f 1423 867 9934
f 200 5695 5864
f 5695 2957 5864
f 3152 5337 5865
f 5337 1492 5865
f 3249 5197 5866
f 5197 120 5866
f 1 3174 5867
f 3174 1969 5867
f 1974 5847 5868
f 5847 1413 5868
f 3427 4995 5869
f 4995 4062 5869
f 183 316 5870
f 316 108 5870
f 1026 4613 5871
f 4613 3905 5871
f 775 3390 5872
f 3390 2008 5872
f 1989 4786 5873
f 4786 1381 5873
f 259 4885 7457
f 4885 2309 5874
f 1749 2842 5875
f 2842 22 5875
f 3478 4597 9968
f 4597 1888 8655
f 98 1736 8733
f 1736 12 8641
f 4078 4777 5878
f 4777 12 5878
f 692 5746 6682
f 5746 334 8147
f 612 2477 6820
f 2477 876 5880
f 165 617 7649
f 617 247 7763
f 2157 2959 5882
f 2959 69 5882
f 2468 3917 5883
f 3917 59 5883
f 3057 3710 5884
f 3710 1927 5884
f 609 4207 5885
f 4207 12 5885
f 34 878 5886
f 878 266 5886
f 566 2580 6086
f 2580 16 5887
f 2905 4785 5888
f 4785 2185 5888
f 5 2510 5889
f 2510 6 5889
f 501 3012 5890
f 3012 994 5890
f 2634 3253 6615
f 3253 284 5891
f 3117 4616 8276
f 4616 1403 5892
f 1198 2827 5893
f 2827 79 5893
f 886 2874 5894
f 2874 3 5894
f 1304 3085 5895
f 3085 2207 5895
f 195 3729 5896
f 3729 15 5896
f 782 1087 5897
f 1087 488 5897
f 3253 5891 5898
f 5891 2634 7875
f 228 4800 7496
f 4800 2839 5899
f 1911 4404 5900
f 4404 1495 5900
f 55 4470 5901
f 4470 929 7616
f 470 4183 5902
f 4183 369 5902
f 164 4423 5903
f 4423 431 5903
f 57 4123 5904
f 4123 3920 5904
f 2062 5685 5905
f 5685 2728 5905
f 475 2937 5906
f 2937 138 5906
f 480 5389 5907
f 5389 4368 6431
f 1491 1583 5908
f 1583 1547 5908
f 2555 3380 5909
f 3380 430 5909
f 253 3959 5910
f 3959 1196 5910
f 1634 3282 5911
f 3282 654 6053
f 42 3736 5912
f 3736 3423 5912
f 172 3546 5913
f 3546 1182 8608
f 1822 3890 5914
f 3890 1 5914
f 195 5896 9674
f 5896 15 7870
f 565 4963 5916
f 4963 1024 5916
f 432 4301 5917
f 4301 139 6233
f 1734 1821 5918
f 1821 10 6063
f 160 2125 8464
f 2125 974 5919
f 799 3572 5920
f 3572 2871 5920
f 5 4507 5921
f 4507 1210 5921
f 1954 2392 5977
f 2392 1122 8923
f 518 2578 8593
f 2578 2102 6808
f 2293 3709 5924
f 3709 1074 5924
f 2921 5375 9368
f 5375 2664 5925
f 1522 2416 5926
f 2416 191 5926
f 1717 3102 5927
f 3102 1 9661
f 45 1084 6835
f 1084 327 6740
f 3940 5077 6689
f 5077 10 5929
f 1200 5475 5930
f 5475 2561 5930
f 7 4172 5931
f 4172 2841 5931
f 80 4788 6517
f 4788 1649 7709
f 97 4583 5933
f 4583 768 5933
f 1221 3698 5934
f 3698 634 5934
f 3403 4615 5935
f 4615 691 5935
f 1012 3891 9227
f 3891 70 5936
f 1313 4241 6723
f 4241 1065 5937
f 98 4859 5938
f 4859 300 5938
f 773 1681 5939
f 1681 771 7516
f 342 3855 5940
f 3855 1177 5940
f 1307 4026 5941
f 4026 20 5941
f 712 4307 5942
f 4307 91 5942
f 2837 3638 5943
f 3638 570 9835
f 3838 5766 5944
f 5766 738 7929
f 2361 5689 6208
f 5689 5257 5945
f 4085 5194 5946
f 5194 3099 5946
f 352 3336 9930
f 3336 1364 5947
f 9 3496 5948
f 3496 1094 8628
f 2604 4647 5949
f 4647 3421 6959
f 1891 3534 5950
f 3534 2973 5950
f 3110 4721 5951
f 4721 75 5951
f 407 5051 5952
f 5051 1 5952
f 201 4436 5953
f 4436 1950 5953
f 4 2474 5954
f 2474 509 8878
f 2144 3300 5955
f 3300 1439 5955
f 351 2414 5956
f 2414 1697 5956
f 46 5652 5957
f 5652 4401 6204
f 602 3274 5958
f 3274 2505 5958
f 1420 4823 6300
f 4823 380 6573
f 1622 5590 5960
f 5590 3055 5960
f 2229 5862 5961
f 5862 299 6782
f 224 2222 5962
f 2222 839 6074
f 75 4698 5963
f 4698 349 5963
f 2486 5013 5964
f 5013 530 5964
f 134 1735 5965
f 1735 71 5965
f 14 5493 8804
f 5493 2426 9987
f 691 1134 5967
f 1134 582 5967
f 4492 4683 5968
f 4683 910 5968
f 62 3370 5969
f 3370 1702 5969
f 4018 4655 5970
f 4655 25 7469
f 527 4286 5971
f 4286 1563 7623
f 45 3912 5972
f 3912 46 5972
f 40 2261 5973
f 2261 1774 5973
f 264 3680 5974
f 3680 8 7328
f 49 1984 5975
f 1984 1405 5975
f 1389 1868 8829
f 1868 378 9090
f 2392 5922 9788
f 5922 1954 8322
f 505 3665 6978
f 3665 1553 5978
f 855 2382 5979
f 2382 2155 9941
f 73 4625 5980
f 4625 2772 5980
f 489 1958 9388
f 1958 2 6520
f 31 1365 7952
f 1365 785 5982
f 4451 4554 6565
f 4554 2593 5983
f 1031 4186 5984
f 4186 2967 5984
f 2148 5714 5985
f 5714 4 6193
f 5032 5035 5986
f 5035 4016 5986
f 2573 5561 8467
f 5561 623 9205
f 133 5578 5988
f 5578 4754 5988
f 5 3187 5989
f 3187 1115 5989
f 258 4356 5990
f 4356 2647 5990
f 2198 4593 7920
f 4593 1624 9129
f 2815 4146 5992
f 4146 2470 6190
f 3061 3783 5993
f 3783 25 6437
f 2496 4441 5994
f 4441 4211 5994
f 4278 5827 5995
f 5827 43 5995
f 924 5170 5996
f 5170 863 5996
f 807 2622 5997
f 2622 1761 6512
f 2797 5728 5998
f 5728 334 7841
f 350 5366 5999
f 5366 484 5999
f 1800 3766 7893
f 3766 49 6000
f 37 2238 6001
f 2238 452 9879
f 3878 4622 6002
f 4622 2130 6153
f 754 4104 6003
f 4104 932 6003
f 2243 3751 8274
f 3751 21 9290
f 4274 4930 7775
f 4930 1822 6005
f 3 1699 8220
f 1699 662 6006
f 592 1779 6903
f 1779 261 6007
f 4 2687 6008
f 2687 1446 9303
f 853 1734 6009
f 1734 532 6009
f 27 3528 8299
f 3528 2533 6398
f 1814 3843 6011
f 3843 40 6011
f 3412 5364 6012
f 5364 88 6012
f 1504 4438 6013
f 4438 110 6013
f 309 3233 6014
f 3233 279 6014
f 397 3667 6015
f 3667 632 6015
f 4237 4983 6016
f 4983 919 9554
f 181 360 6017
f 360 306 7383
f 62 1704 6018
f 1704 562 6018
f 1072 2581 6019
f 2581 1735 9690
f 471 1630 6020
f 1630 200 6070
f 426 4960 6021
f 4960 142 6021
f 520 2519 6022
f 2519 1790 6022
f 2673 3801 6023
f 3801 119 6023
f 2015 5083 6024
f 5083 5053 6024
f 75 5388 6025
f 5388 4124 6025
f 3359 4610 8940
f 4610 1061 6026
f 1267 2491 6027
f 2491 1786 6027
f 318 1106 7371
f 1106 212 6028
f 408 5691 6029
f 5691 2633 6029
f 67 1621 6030
f 1621 3 6030
f 347 765 8699
f 765 202 6031
f 1424 4445 6032
f 4445 69 6032
f 224 3302 9385
f 3302 624 6033
f 1445 4695 6034
f 4695 3812 6034
f 614 1400 6035
f 1400 487 9791
f 43 5062 6036
f 5062 2322 6036
f 3981 5295 6037
f 5295 1518 6863
f 125 4028 6038
f 4028 17 6038
f 258 627 6039
f 627 74 6039
f 4368 5389 6040
f 5389 977 6040
f 886 3453 6041
f 3453 1699 6041
f 97 5589 6042
f 5589 5588 9133
f 478 2511 6043
f 2511 116 6043
f 3421 5949 6044
f 5949 4647 6044
f 658 3126 6045
f 3126 1949 6045
f 224 624 6046
f 624 395 6521
f 1355 2192 6047
f 2192 1950 9327
f 329 5564 6048
f 5564 35 6048
f 1506 4612 6049
f 4612 4562 6049
f 2552 3052 6050
f 3052 4 6050
f 895 3542 6051
f 3542 2143 9311
f 1839 5351 6052
f 5351 5255 6532
f 654 5911 6053
f 5911 3282 6053
f 12 2765 6054
f 2765 13 6054
f 2417 4486 6055
f 4486 673 6055
f 1296 5767 6056
f 5767 270 6297
f 4610 5153 6057
f 5153 11 6057
f 3195 4058 6058
f 4058 1869 6058
f 1695 4578 6059
f 4578 488 6059
f 334 5998 6060
f 5998 5728 6060
f 3005 3533 6061
f 3533 1793 6061
f 104 834 6062
f 834 4 6062
f 10 5918 9455
f 5918 1821 6063
f 903 3841 6064
f 3841 3233 6064
f 3297 5028 6065
f 5028 1347 6065
f 758 2952 6066
f 2952 1866 6066
f 1292 3601 6067
f 3601 2933 6067
f 1267 3325 6068
f 3325 943 6068
f 98 4093 6069
f 4093 1196 6069
f 200 6020 8856
f 6020 1630 6760
f 11 1333 6071
f 1333 912 6071
f 5324 5738 6072
f 5738 3450 6072
f 4348 4830 6073
f 4830 1481 6073
f 839 5962 6074
f 5962 2222 6074
f 12 4970 6730
f 4970 1473 6075
f 1826 3524 6076
f 3524 446 6076
f 6 2399 6077
f 2399 325 6077
f 378 1726 6078
f 1726 42 6078
f 1715 4153 6079
f 4153 374 6079
f 25 895 6080
f 895 8 6080
f 1122 2392 6081
f 2392 52 6081
f 176 3414 6082
f 3414 2731 7028
f 2863 4822 6083
f 4822 3112 6083
f 1689 4834 6084
f 4834 2063 6084
f 14 1206 6085
f 1206 24 7632
f 2580 5887 6086
f 5887 566 6086
f 1409 5797 6557
f 5797 302 7812
f 737 3154 6088
f 3154 1252 6088
f 472 3262 6089
f 3262 4 6089
f 4468 5669 6090
f 5669 3544 6090
f 95 3448 6091
f 3448 75 6091
f 143 5860 6092
f 5860 12 6092
f 109 1897 6093
f 1897 137 6093
f 59 4949 6094
f 4949 1094 6094
f 2942 5568 6095
f 5568 1628 6095
f 1037 3906 6096
f 3906 2390 6096
f 189 1510 6097
f 1510 11 6097
f 105 1193 6098
f 1193 364 6098
f 976 3270 6907
f 3270 2656 6099
f 81 3688 6100
f 3688 1064 6100
f 1315 5656 6319
f 5656 123 6101
f 1703 3586 6102
f 3586 173 6102
f 69 1783 6103
f 1783 1388 6103
f 79 5719 6104
f 5719 1277 6306
f 1121 4878 6105
f 4878 69 6105
f 952 1206 6106
f 1206 14 6106
f 279 2502 6107
f 2502 1591 6107
f 518 5469 6108
f 5469 1258 6108
f 1392 2441 6109
f 2441 724 6109
f 23 1503 6110
f 1503 335 6110
f 477 1336 7902
f 1336 1066 6111
f 273 1770 6112
f 1770 7 6988
f 137 1754 6113
f 1754 628 6113
f 1714 4767 6114
f 4767 339 6114
f 3384 4602 7340
f 4602 4300 6115
f 3928 5639 6116
f 5639 2444 6116
f 216 1341 9409
f 1341 22 8548
f 12 4777 6118
f 4777 1904 9515
f 903 6064 6119
f 6064 3233 6119
f 1786 2696 6120
f 2696 193 7073
f 2068 2182 6121
f 2182 860 6121
f 99 3505 6122
f 3505 3216 6122
f 567 5267 9713
f 5267 2170 7124
f 260 4742 7935
f 4742 704 6124
f 5077 5929 6125
f 5929 3940 6125
f 175 1993 9883
f 1993 327 6126
f 5009 5804 6127
f 5804 1875 6127
f 2694 5572 6128
f 5572 318 6128
f 711 4228 6129
f 4228 74 8999
f 32 3025 6130
f 3025 2143 8584
f 1420 3486 6131
f 3486 3261 7293
f 373 1119 6132
f 1119 5 9408
f 1499 2528 6133
f 2528 1083 6133
f 2999 4809 6134
f 4809 716 6134
f 1311 3596 6135
f 3596 1439 6135
f 593 2164 6136
f 2164 342 9950
f 399 2020 6137
f 2020 320 6137
f 1362 3792 6138
f 3792 33 6138
f 193 4315 6139
f 4315 3733 6139
f 982 4525 6140
f 4525 311 6950
f 1572 5538 6141
f 5538 981 6141
f 195 3699 6142
f 3699 3 6142
f 1085 2986 6143
f 2986 268 6143
f 10 1331 6144
f 1331 79 6144
f 1052 4033 6145
f 4033 89 6145
f 844 3991 6146
f 3991 1024 6146
f 324 1684 6147
f 1684 1626 6147
f 680 2265 6148
f 2265 1511 8353
f 828 3409 8937
f 3409 3319 9296
f 460 701 6150
f 701 21 6150
f 256 2669 6151
f 2669 2041 6151
f 397 3848 7038
f 3848 1586 9239
f 2130 6002 6153
f 6002 4622 6153
f 761 1331 6154
f 1331 10 6154
f 2058 3957 6155
f 3957 1686 6155
f 8 4832 6156
f 4832 30 6156
f 541 5161 6157
f 5161 1258 6157
f 247 743 7072
f 743 77 6158
f 5 3179 6159
f 3179 1570 6159
f 627 4576 6160
f 4576 3329 6393
f 404 4855 6161
f 4855 2946 8108
f 300 5624 9020
f 5624 108 6162
f 3510 4762 6163
f 4762 1116 6163
f 119 2833 6164
f 2833 1185 6164
f 152 2695 6165
f 2695 28 6951
f 214 4448 6166
f 4448 389 6166
f 1414 5616 6167
f 5616 4247 6167
f 3315 4406 6168
f 4406 602 6168
f 1366 3160 6169
f 3160 62 6169
f 1932 5576 6170
f 5576 761 9159
f 4475 5744 6171
f 5744 247 6171
f 1779 6007 6172
f 6007 592 6172
f 775 5843 6173
f 5843 510 6173
f 79 302 6174
f 302 5 6265
f 79 4658 6175
f 4658 3978 6175
f 384 5586 6176
f 5586 2675 6176
f 325 1069 7398
f 1069 858 6177
f 4988 5294 6178
f 5294 11 6178
f 3121 5261 6210
f 5261 383 6179
f 1589 4548 6180
f 4548 897 6374
f 5030 5070 6181
f 5070 338 9233
f 298 5309 6182
f 5309 3804 9476
f 1873 4457 6183
f 4457 2525 6183
f 62 563 6184
f 563 101 6452
f 900 5492 6185
f 5492 12 9962
f 3647 5588 6186
f 5588 3655 6186
f 3201 4611 6187
f 4611 1332 6187
f 828 1987 6188
f 1987 1902 6188
f 1874 3944 6189
f 3944 2038 6189
f 2470 5992 6190
f 5992 4146 8532
f 185 2071 6191
f 2071 1133 6191
f 200 5864 7615
f 5864 2957 7455
f 4 5985 6193
f 5985 5714 6636
f 169 5315 6194
f 5315 2479 6194
f 773 5939 6195
f 5939 771 6195
f 528 5787 6333
f 5787 3051 6196
f 3750 4003 6197
f 4003 1688 6197
f 3726 5041 6198
f 5041 37 6198
f 2561 5475 6199
f 5475 5099 6199
f 14 140 6200
f 140 5 6200
f 3594 4673 6201
f 4673 244 6201
f 1724 5034 6202
f 5034 3115 6202
f 281 4302 6203
f 4302 144 7555
f 4401 5957 6204
f 5957 5652 6204
f 322 1234 7393
f 1234 909 6205
f 4146 6190 6206
f 6190 5992 6206
f 240 4089 6207
f 4089 32 6207
f 5689 5945 6208
f 5945 2361 6208
f 486 3633 6209
f 3633 1362 6209
f 5261 6179 6210
f 6179 3121 6210
f 24 2172 6211
f 2172 788 7899
f 143 5184 6212
f 5184 889 6212
f 2 4971 6213
f 4971 1692 6213
f 4705 5082 6485
f 5082 839 9873
f 2907 5564 6800
f 5564 329 6215
f 201 5953 6611
f 5953 1950 6216
f 2521 4276 6217
f 4276 1680 6217
f 1784 3705 6218
f 3705 105 6218
f 926 5183 6219
f 5183 1130 6219
f 1078 5014 6220
f 5014 4205 6220
f 20 4493 6221
f 4493 45 7757
f 1665 4476 6222
f 4476 1186 6222
f 1312 2355 6223
f 2355 11 6223
f 1158 4117 6224
f 4117 960 6224
f 6 2870 6490
f 2870 616 6225
f 4 5634 6226
f 5634 97 6226
f 1816 3069 6373
f 3069 2255 6227
f 1484 5483 6228
f 5483 2877 6228
f 510 2211 6229
f 2211 1056 9011
f 1682 2323 6230
f 2323 1298 6230
f 2735 4270 6231
f 4270 75 6462
f 77 1488 9377
f 1488 391 6232
f 139 5917 7779
f 5917 4301 6233
f 3202 3568 6234
f 3568 920 6234
f 2805 4486 7224
f 4486 2417 6235
f 1389 5976 6717
f 5976 378 6236
f 432 3963 6846
f 3963 6 6237
f 809 4069 6238
f 4069 580 6238
f 688 2153 6239
f 2153 1183 6239
f 2119 4468 6240
f 4468 3544 6240
f 1058 4180 6241
f 4180 60 6241
f 518 608 6242
f 608 57 6242
f 74 4132 6243
f 4132 711 6243
f 1319 3466 6244
f 3466 48 6244
f 4241 4713 6245
f 4713 1065 8915
f 256 5360 6246
f 5360 269 6246
f 452 2238 6247
f 2238 1161 7999
f 702 1621 6248
f 1621 67 6248
f 4304 5147 8844
f 5147 985 8192
f 112 648 6250
f 648 40 6250
f 2445 3493 6251
f 3493 202 6251
f 824 2083 6252
f 2083 980 6252
f 610 2434 6253
f 2434 562 6253
f 3732 5353 6254
f 5353 230 6254
f 124 3131 6255
f 3131 12 6255
f 535 5019 7375
f 5019 4135 6256
f 421 3727 6257
f 3727 707 9094
f 69 4452 6258
f 4452 82 9115
f 105 2825 6259
f 2825 1612 6259
f 2068 5773 9217
f 5773 247 6260
f 1077 5177 6261
f 5177 25 6261
f 847 2438 6262
f 2438 2386 8536
f 3951 3995 6263
f 3995 1643 6263
f 68 148 6264
f 148 146 6264
f 5 6174 6620
f 6174 302 6265
f 2029 3372 6266
f 3372 75 6266
f 2099 5092 6267
f 5092 952 6267
f 1898 5283 6268
f 5283 3074 6268
f 73 5819 6269
f 5819 1368 6269
f 262 4071 6270
f 4071 880 6270
f 1010 2388 6271
f 2388 1595 6271
f 559 5449 9102
f 5449 4872 6272
f 543 3834 6273
f 3834 3232 6273
f 183 2783 8848
f 2783 98 6274
f 1123 5626 6275
f 5626 3218 6275
f 174 1843 6276
f 1843 1124 6276
f 4451 4980 7117
f 4980 4554 6277
f 126 3819 6278
f 3819 1831 6278
f 46 571 6279
f 571 20 6279
f 861 1552 7993
f 1552 919 6280
f 175 3252 8399
f 3252 937 6281
f 5100 5435 6282
f 5435 1748 6282
f 2060 3842 6283
f 3842 2871 6283
f 936 2001 6284
f 2001 498 6284
f 128 2210 6285
f 2210 25 6285
f 33 5774 6286
f 5774 3510 6286
f 481 5525 6287
f 5525 4082 6287
f 537 1919 6288
f 1919 188 7473
f 334 995 6289
f 995 6 6289
f 416 706 6290
f 706 310 6290
f 3890 5172 6291
f 5172 1 6291
f 1371 1729 6292
f 1729 504 6292
f 1074 4805 6293
f 4805 4791 6293
f 2763 3461 6381
f 3461 20 6294
f 3861 4782 6295
f 4782 220 6295
f 385 2526 6296
f 2526 574 6296
f 270 6056 6297
f 6056 5767 6297
f 2887 4531 6939
f 4531 56 8622
f 2837 5943 6299
f 5943 570 6299
f 4823 5959 6300
f 5959 1420 6300
f 57 217 8214
f 217 60 6301
f 1339 5558 6302
f 5558 1369 6302
f 6 2206 6303
f 2206 29 6303
f 2556 4161 6304
f 4161 14 6304
f 17 3829 6305
f 3829 866 6305
f 1277 6104 6306
f 6104 5719 9834
f 10 2649 6307
f 2649 629 7431
f 2060 6283 6308
f 6283 2871 6308
f 865 900 6309
f 900 12 6423
f 1640 2496 6310
f 2496 2471 6310
f 2010 2066 6311
f 2066 4 6311
f 63 5653 6312
f 5653 106 6312
f 1816 6227 8237
f 6227 2255 6313
f 25 3342 6314
f 3342 2817 6981
f 3108 3124 6315
f 3124 3116 6315
f 1182 2982 6316
f 2982 95 7574
f 5896 5915 6317
f 5915 195 6317
f 633 2850 6318
f 2850 1921 6318
f 5656 6101 6809
f 6101 1315 6319
f 532 2305 6320
f 2305 1728 6320
f 1995 5490 6321
f 5490 2104 9326
f 4540 4559 6322
f 4559 168 6322
f 528 3215 6323
f 3215 1607 6323
f 11 1770 6324
f 1770 273 6324
f 241 4929 8504
f 4929 1848 6325
f 1059 2092 6928
f 2092 1098 6326
f 1444 3454 6327
f 3454 1063 6327
f 1203 3679 6328
f 3679 401 8525
f 5588 6042 6329
f 6042 5589 6329
f 1031 3549 6330
f 3549 60 6330
f 5290 5349 6331
f 5349 465 6331
f 1694 2858 7279
f 2858 959 6332
f 5787 6196 6333
f 6196 528 6333
f 75 5642 6905
f 5642 4580 6334
f 1505 3351 6335
f 3351 9 6335
f 1 1251 6336
f 1251 283 6550
f 2534 5674 6337
f 5674 7 6337
f 710 802 6338
f 802 244 6338
f 1465 2265 6339
f 2265 680 6339
f 3860 4363 6340
f 4363 13 6340
f 101 5826 6341
f 5826 2413 6341
f 1800 4803 6342
f 4803 3766 8665
f 2528 5318 6343
f 5318 1083 6343
f 293 3550 6344
f 3550 1028 9103
f 1312 1982 6345
f 1982 15 6345
f 1352 4316 8531
f 4316 2866 6346
f 1122 3322 7881
f 3322 2204 6347
f 626 3652 6887
f 3652 2466 9731
f 1409 4511 8272
f 4511 761 8990
f 51 2268 6350
f 2268 694 6350
f 199 4679 6351
f 4679 30 6351
f 915 5363 9844
f 5363 22 8231
f 346 1546 6353
f 1546 1428 6353
f 3 5598 6354
f 5598 12 6354
f 68 5854 6355
f 5854 155 9156
f 911 5507 6356
f 5507 359 6356
f 7 1266 6357
f 1266 359 6357
f 1177 3637 6358
f 3637 2930 6358
f 1706 3933 6359
f 3933 9 6359
f 153 3207 6360
f 3207 107 6360
f 5 2483 6361
f 2483 14 6361
f 3095 3889 9417
f 3889 435 6362
f 1 5163 6363
f 5163 457 6363
f 866 3829 9729
f 3829 1000 8609
f 2318 3669 6365
f 3669 1663 9675
f 676 1164 6366
f 1164 721 6366
f 1138 2173 6367
f 2173 1427 6367
f 853 6009 6368
f 6009 532 6368
f 10 4808 6369
f 4808 4092 6369
f 2251 3384 6370
f 3384 2350 6370
f 1 4916 6371
f 4916 2312 6371
f 37 2606 6372
f 2606 549 6372
f 3069 6227 6373
f 6227 1816 8944
f 897 6180 6374
f 6180 4548 6374
f 2218 2259 6375
f 2259 25 6644
f 2016 2909 6376
f 2909 2607 6376
f 738 1968 8205
f 1968 472 6377
f 107 991 6378
f 991 296 6378
f 3342 5548 6379
f 5548 32 6379
f 291 3044 6380
f 3044 1897 9857
f 3461 6294 6381
f 6294 2763 6381
f 3007 4923 6382
f 4923 6 6382
f 165 4140 6383
f 4140 2385 6383
f 104 3042 6384
f 3042 292 6384
f 115 1092 7708
f 1092 432 6679
f 1396 2637 6386
f 2637 126 6386
f 3731 5242 6387
f 5242 1107 6387
f 1894 4395 6388
f 4395 646 6388
f 1672 2256 6389
f 2256 1927 7463
f 228 1330 6390
f 1330 202 6390
f 26 4282 6391
f 4282 1168 9085
f 3645 4935 6392
f 4935 56 6392
f 3329 6160 6514
f 6160 4576 6393
f 149 715 6394
f 715 113 6394
f 1268 4671 6395
f 4671 1102 6395
f 1691 3853 9863
f 3853 2047 6396
f 13 2972 6397
f 2972 22 6397
f 2533 6010 6398
f 6010 3528 6398
f 647 3993 9211
f 3993 3054 6399
f 1 780 6400
f 780 360 6400
f 2582 2626 6401
f 2626 587 6401
f 264 4656 6402
f 4656 110 6646
f 1904 3984 6403
f 3984 1668 6403
f 59 4314 6404
f 4314 1547 6404
f 520 6022 6405
f 6022 1790 6405
f 4598 5415 6406
f 5415 1298 6406
f 3201 6187 6407
f 6187 1332 6407
f 1286 4196 6408
f 4196 209 6408
f 1904 4777 6409
f 4777 4078 6409
f 1551 2412 6410
f 2412 1174 6410
f 42 1188 6411
f 1188 378 6411
f 57 1923 6412
f 1923 505 6412
f 793 800 7760
f 800 180 8855
f 366 1301 6414
f 1301 4 6414
f 803 925 6415
f 925 45 7856
f 49 3422 6416
f 3422 485 6416
f 1798 1934 6417
f 1934 352 6417
f 1639 4056 6418
f 4056 785 6418
f 341 2033 7599
f 2033 35 6419
f 247 1534 6519
f 1534 1345 6420
f 2221 4901 6421
f 4901 4186 6421
f 6 1360 8642
f 1360 269 7997
f 12 6309 6423
f 6309 900 6423
f 218 441 6424
f 441 48 6424
f 737 3246 6425
f 3246 1356 6425
f 1517 2876 6426
f 2876 2397 6426
f 579 2056 6427
f 2056 2033 6427
f 1958 5981 6428
f 5981 489 6428
f 2589 5370 6429
f 5370 2539 7500
f 1180 5322 6430
f 5322 169 6430
f 4368 5907 6431
f 5907 5389 6431
f 452 1161 6432
f 1161 1127 6432
f 301 3498 6433
f 3498 983 6433
f 73 5622 7378
f 5622 2282 6434
f 1527 2938 6435
f 2938 80 6435
f 15 2214 6436
f 2214 3 6436
f 25 5993 6437
f 5993 3783 9980
f 1681 2128 6438
f 2128 259 6438
f 4681 5166 6439
f 5166 3195 8566
f 1731 3226 6440
f 3226 620 6440
f 486 1362 6441
f 1362 33 6441
f 98 815 6442
f 815 387 6442
f 3295 5379 9294
f 5379 5056 6443
f 2381 4513 6444
f 4513 2127 6444
f 1405 3809 6445
f 3809 1800 6445
f 624 825 7193
f 825 434 6446
f 965 5179 6447
f 5179 1437 6447
f 11 2575 6448
f 2575 268 6448
f 4605 5799 8248
f 5799 179 6449
f 681 3050 8512
f 3050 2989 6450
f 395 1429 6451
f 1429 190 6451
f 101 6184 6452
f 6184 563 6452
f 1933 2052 6453
f 2052 149 6453
f 233 2374 6454
f 2374 135 6454
f 3645 5585 6455
f 5585 4935 6455
f 103 5298 6456
f 5298 1379 6456
f 131 4915 6457
f 4915 2473 6457
f 83 2898 6458
f 2898 43 6458
f 2237 5769 6459
f 5769 219 6459
f 4304 6249 8644
f 6249 985 6460
f 1889 5629 6461
f 5629 3624 6461
f 75 6231 9677
f 6231 4270 6462
f 909 3923 6463
f 3923 1494 6463
f 1793 2657 9851
f 2657 187 6464
f 1138 6367 6465
f 6367 1427 6465
f 716 4198 6466
f 4198 2086 6466
f 1846 5625 6467
f 5625 1470 9200
f 2340 2827 6468
f 2827 1198 6468
f 1144 2051 6469
f 2051 1582 6469
f 24 3555 7562
f 3555 952 6470
f 129 3826 6471
f 3826 2119 6471
f 33 4936 6472
f 4936 4446 6472
f 963 1130 6473
f 1130 77 6473
f 330 1245 6474
f 1245 142 6474
f 7 2936 6475
f 2936 2199 6475
f 3309 4131 6476
f 4131 680 6476
f 3736 5155 6477
f 5155 3423 6477
f 809 3574 6478
f 3574 24 6478
f 180 3982 8115
f 3982 3565 6479
f 35 4199 6480
f 4199 1836 6480
f 236 822 6481
f 822 218 6481
f 4645 4951 6482
f 4951 1211 6482
f 363 3914 6483
f 3914 26 9688
f 1093 2720 6484
f 2720 1068 6484
f 5082 6214 6485
f 6214 4705 6485
f 604 4480 6486
f 4480 211 6486
f 3087 4250 6487
f 4250 1376 7019
f 274 3222 6488
f 3222 907 6488
f 4018 5970 6489
f 5970 25 6489
f 2870 6225 6490
f 6225 6 8749
f 481 4082 6491
f 4082 3011 6491
f 12 5089 6492
f 5089 2162 6492
f 517 4000 8631
f 4000 3076 6493
f 2873 5596 6494
f 5596 5 7099
f 1389 5190 7573
f 5190 2339 6495
f 757 4852 6496
f 4852 750 6496
f 1979 4575 6497
f 4575 4055 8830
f 2044 4158 7785
f 4158 307 6498
f 5 2034 9699
f 2034 875 6499
f 287 1594 9648
f 1594 176 6500
f 3269 4880 6501
f 4880 3886 6501
f 2967 4901 6839
f 4901 2221 6502
f 894 5013 6503
f 5013 2486 6503
f 2375 5522 6504
f 5522 4258 6504
f 637 5761 6505
f 5761 483 6505
f 1074 2704 6506
f 2704 4 7863
f 22 2362 6507
f 2362 1665 6507
f 518 637 6508
f 637 541 6508
f 11 4501 7939
f 4501 2990 6509
f 1 5707 8366
f 5707 780 6510
f 279 4719 6701
f 4719 246 8524
f 1761 5997 6512
f 5997 2622 6512
f 952 5092 9765
f 5092 1290 6513
f 6160 6393 6514
f 6393 3329 6514
f 637 4667 6515
f 4667 656 6515
f 198 2243 6516
f 2243 701 6516
f 4788 5932 6517
f 5932 80 6517
f 70 5362 6518
f 5362 1382 8037
f 1534 6420 8893
f 6420 247 6519
f 2 5981 7400
f 5981 1958 6520
f 395 6046 6521
f 6046 624 9618
f 2465 4095 6522
f 4095 431 6522
f 3020 4711 6530
f 4711 1662 6523
f 290 1326 6524
f 1326 1086 6524
f 2711 3474 6525
f 3474 1452 6525
f 1620 2797 7022
f 2797 334 6526
f 2051 5130 6527
f 5130 5018 6527
f 658 1717 6528
f 1717 1 6528
f 2861 5823 6529
f 5823 104 7871
f 4711 6523 6530
f 6523 3020 6530
f 230 1384 6531
f 1384 154 7034
f 5255 6052 6532
f 6052 5351 6532
f 3303 3998 6533
f 3998 12 6533
f 387 2855 6534
f 2855 316 6534
f 509 789 6535
f 789 83 6535
f 435 4689 6536
f 4689 1635 6536
f 3006 5423 6537
f 5423 184 8693
f 1360 6422 6538
f 6422 6 6538
f 480 717 6539
f 717 207 6539
f 207 664 6540
f 664 545 9663
f 1988 5466 6541
f 5466 2175 6541
f 1840 5482 6542
f 5482 1709 9550
f 2140 3313 6543
f 3313 20 8503
f 2117 3047 8541
f 3047 135 6544
f 1144 4254 6545
f 4254 1098 7731
f 2182 2342 6546
f 2342 860 6546
f 14 1150 6547
f 1150 291 6547
f 76 1787 6548
f 1787 648 6548
f 312 4861 6549
f 4861 2675 6549
f 283 6336 6550
f 6336 1251 6550
f 966 4729 6551
f 4729 104 9889
f 75 4124 6552
f 4124 639 7618
f 101 478 6553
f 478 116 6553
f 2856 2902 6554
f 2902 870 6554
f 768 4583 8463
f 4583 26 6555
f 560 5383 6556
f 5383 54 6556
f 5797 6087 6557
f 6087 1409 6557
f 894 5735 9324
f 5735 1219 6558
f 269 714 6559
f 714 256 6559
f 269 1162 6560
f 1162 6 6560
f 801 2782 6561
f 2782 460 6561
f 1241 2829 6562
f 2829 25 6562
f 247 2024 9671
f 2024 1731 7702
f 713 3185 6564
f 3185 83 6564
f 4554 5983 6565
f 5983 4451 6565
f 237 1432 6566
f 1432 90 6566
f 1393 3165 6567
f 3165 2972 8058
f 786 3742 6568
f 3742 3225 6568
f 5588 5589 6569
f 5589 3655 7593
f 116 3227 7581
f 3227 1719 6570
f 3036 4630 6571
f 4630 5 6571
f 330 2820 6572
f 2820 2324 6572
f 380 5959 6573
f 5959 4823 6573
f 3 4566 6574
f 4566 3621 9032
f 2051 6527 8133
f 6527 5018 6575
f 607 1708 9697
f 1708 311 6576
f 2305 4608 6577
f 4608 3366 6577
f 4051 4656 6578
f 4656 264 6578
f 59 5165 7963
f 5165 4314 6579
f 812 3560 6580
f 3560 321 6580
f 480 2960 6581
f 2960 717 6581
f 470 1108 6582
f 1108 954 7985
f 939 2895 6583
f 2895 2629 6583
f 31 2739 6584
f 2739 2520 6584
f 43 2369 6585
f 2369 1491 6585
f 1686 3957 6586
f 3957 3432 6586
f 2855 5035 6587
f 5035 5032 6587
f 1110 3321 6588
f 3321 507 6588
f 218 4909 7694
f 4909 1965 6589
f 9 5681 6590
f 5681 59 6590
f 1880 3580 6591
f 3580 116 6591
f 679 3683 6592
f 3683 1306 6802
f 251 5497 7281
f 5497 941 6593
f 5622 6434 6594
f 6434 73 6594
f 1127 1666 9812
f 1666 1584 8312
f 4872 5449 6596
f 5449 1313 6596
f 2859 4478 6597
f 4478 251 6597
f 451 5485 6598
f 5485 1840 6598
f 228 4347 6599
f 4347 3985 6599
f 711 6129 6600
f 6129 74 6600
f 2305 4005 6601
f 4005 1728 6601
f 206 5620 6602
f 5620 750 7948
f 277 2623 8977
f 2623 1532 6603
f 1108 2364 6604
f 2364 395 6604
f 4165 4957 6605
f 4957 711 9380
f 27 1815 6606
f 1815 12 6606
f 3000 5609 6607
f 5609 1277 6607
f 230 5090 6756
f 5090 4287 6608
f 1648 3118 6609
f 3118 969 6609
f 70 676 6610
f 676 629 9775
f 5953 6216 6611
f 6216 201 6611
f 83 4383 6612
f 4383 983 6612
f 2855 5032 9698
f 5032 815 6613
f 1386 3900 6614
f 3900 3430 6614
f 3253 5898 6615
f 5898 2634 6615
f 483 5761 6616
f 5761 656 6616
f 2174 4925 6617
f 4925 2236 7834
f 1651 5665 6618
f 5665 5517 6618
f 961 4379 6619
f 4379 1047 8980
f 6174 6265 6620
f 6265 5 8826
f 1974 5868 6621
f 5868 1413 6621
f 1444 6327 6622
f 6327 1063 6622
f 175 6126 6623
f 6126 327 6623
f 2658 5445 6624
f 5445 1396 6624
f 74 627 6625
f 627 24 8758
f 1315 6101 6626
f 6101 123 6626
f 1336 6111 6627
f 6111 477 6627
f 1367 1849 6628
f 1849 1115 6628
f 114 4959 6629
f 4959 4211 6629
f 1177 6358 6630
f 6358 2930 6630
f 3766 6000 8009
f 6000 1800 6631
f 4778 5185 6632
f 5185 2034 6632
f 1760 2351 6633
f 2351 266 8384
f 57 5544 6634
f 5544 1323 6634
f 1835 3139 6635
f 3139 26 6635
f 5714 6193 9364
f 6193 5985 6636
f 12 5790 7358
f 5790 4999 6637
f 2990 3148 6638
f 3148 11 6638
f 2039 3545 6816
f 3545 1748 6834
f 532 1728 9678
f 1728 853 6640
f 2012 4547 6641
f 4547 2194 9128
f 2528 6343 6642
f 6343 1083 6642
f 883 1502 7444
f 1502 403 6643
f 25 6375 6644
f 6375 2259 6644
f 1094 2892 6645
f 2892 9 6645
f 110 6402 8638
f 6402 4656 6646
f 168 426 6647
f 426 9 6647
f 3374 5436 9278
f 5436 4605 6648
f 1746 4722 6649
f 4722 14 6792
f 1049 5709 6650
f 5709 247 6650
f 1514 3789 9771
f 3789 1519 6651
f 995 5243 6652
f 5243 2797 6652
f 2024 6563 6653
f 6563 247 6653
f 1046 5574 9499
f 5574 78 6654
f 1705 4261 8134
f 4261 2585 6655
f 3430 5734 6656
f 5734 1386 6656
f 1959 2070 8822
f 2070 12 6657
f 14 5966 6658
f 5966 2426 7357
f 598 3726 6659
f 3726 138 6659
f 2251 2288 6660
f 2288 875 6660
f 1028 3306 8183
f 3306 324 6661
f 178 384 6662
f 384 69 6662
f 295 3077 6663
f 3077 202 6663
f 3055 4569 6664
f 4569 2457 6664
f 823 4465 6665
f 4465 2564 9926
f 4864 4997 6666
f 4997 29 6666
f 1220 4755 6667
f 4755 4074 6667
f 1114 3641 6668
f 3641 143 6668
f 745 4349 6669
f 4349 48 6669
f 106 323 6670
f 323 10 6670
f 775 2114 6671
f 2114 1305 6671
f 73 2906 6672
f 2906 164 6672
f 1064 4543 6673
f 4543 81 6673
f 258 4576 6674
f 4576 627 6674
f 2944 5767 6675
f 5767 1296 6675
f 5 3531 7341
f 3531 3 6676
f 2520 2557 6677
f 2557 40 6677
f 903 5835 6678
f 5835 309 6678
f 432 6385 6679
f 6385 1092 6679
f 290 6524 9202
f 6524 1086 9594
f 182 2096 6681
f 2096 17 6681
f 5746 5879 6682
f 5879 692 6682
f 56 838 6683
f 838 48 9805
f 4909 6589 6684
f 6589 218 8588
f 759 5484 6685
f 5484 22 6685
f 184 5331 6686
f 5331 4828 6686
f 3677 5655 6687
f 5655 3581 6687
f 59 6404 6688
f 6404 1547 7130
f 5077 6125 6689
f 6125 3940 6689
f 4681 6439 6690
f 6439 3195 8369
f 183 5454 6691
f 5454 526 6691
f 4600 5006 6692
f 5006 2762 6692
f 2077 2776 6693
f 2776 1467 6693
f 2088 4393 6694
f 4393 3037 6694
f 1758 3449 6695
f 3449 1 6695
f 609 4717 6696
f 4717 3584 9421
f 3198 3616 6697
f 3616 3228 6697
f 2037 3343 7480
f 3343 286 6698
f 13 4220 6699
f 4220 325 6699
f 2418 3811 6700
f 3811 2571 6700
f 4719 6511 8440
f 6511 279 6701
f 524 640 6702
f 640 75 6702
f 1361 1811 6703
f 1811 110 6703
f 369 723 6704
f 723 4 6704
f 3123 4985 6705
f 4985 1069 6705
f 324 2249 6706
f 2249 268 6706
f 4727 5462 6707
f 5462 5052 6707
f 1859 1970 6708
f 1970 913 8703
f 1289 3276 6709
f 3276 541 6709
f 2397 5227 6710
f 5227 1289 6710
f 209 3773 6711
f 3773 3361 6711
f 12 6054 6712
f 6054 13 6712
f 786 6568 6713
f 6568 3225 6713
f 442 3552 6714
f 3552 1035 6714
f 2868 4057 6715
f 4057 3473 9695
f 27 5145 6716
f 5145 1109 6716
f 5976 6236 6717
f 6236 1389 6717
f 824 980 6718
f 980 660 7179
f 2715 3654 6719
f 3654 29 6719
f 108 316 6720
f 316 98 6720
f 4579 5858 6721
f 5858 1562 6721
f 963 2639 6722
f 2639 1130 6722
f 4241 5937 6723
f 5937 1313 9958
f 609 3584 6724
f 3584 810 6724
f 4931 5225 6725
f 5225 2843 6725
f 65 769 7990
f 769 660 6726
f 1243 2682 7069
f 2682 324 6727
f 69 358 6728
f 358 84 6728
f 1317 5202 6729
f 5202 2608 6729
f 4970 6075 6730
f 6075 12 6730
f 602 2080 6731
f 2080 445 6731
f 1652 2517 6732
f 2517 1864 6732
f 187 2657 6733
f 2657 11 6733
f 4605 6449 6734
f 6449 179 7924
f 3584 6696 6735
f 6696 4717 6735
f 1297 2516 6736
f 2516 762 6736
f 270 742 6737
f 742 253 6737
f 347 6031 7790
f 6031 202 6738
f 10 5077 8171
f 5077 48 6739
f 327 5928 8227
f 5928 1084 6740
f 114 881 6741
f 881 259 6741
f 1987 4269 6742
f 4269 1902 6742
f 639 4124 9247
f 4124 623 7725
f 2657 3589 6744
f 3589 11 8150
f 1921 2850 6745
f 2850 1159 6745
f 6 6303 6746
f 6303 29 6746
f 1 3449 6747
f 3449 2 6747
f 780 5707 6748
f 5707 306 6748
f 22 1239 6749
f 1239 538 6749
f 546 1472 6750
f 1472 6 6750
f 4146 6206 6751
f 6206 5992 8430
f 2059 5425 6752
f 5425 1272 6752
f 334 1951 6753
f 1951 1763 7676
f 18 3055 6754
f 3055 2457 6754
f 1682 2809 6755
f 2809 1891 6755
f 5090 6608 6756
f 6608 230 6756
f 221 1357 6757
f 1357 20 6757
f 3478 5806 6758
f 5806 4664 6758
f 624 6521 6759
f 6521 6046 7059
f 1630 6070 6760
f 6070 6020 6760
f 152 2619 6761
f 2619 1168 6761
f 2050 4988 6762
f 4988 11 6762
f 973 2846 6763
f 2846 71 6763
f 4589 5718 6764
f 5718 2992 6764
f 1866 2952 6765
f 2952 199 9644
f 1218 4679 6766
f 4679 199 9529
f 2704 4898 6767
f 4898 4 6767
f 149 3965 6768
f 3965 3530 6768
f 988 4191 8328
f 4191 25 6769
f 657 2908 6770
f 2908 1899 6770
f 2837 3802 8085
f 3802 77 6771
f 395 4637 6772
f 4637 4109 9626
f 2188 2768 6773
f 2768 296 6773
f 1448 3013 6774
f 3013 61 6774
f 193 6139 8743
f 6139 3733 8470
f 80 3303 9245
f 3303 12 8046
f 1656 5741 6777
f 5741 3263 6777
f 169 671 6778
f 671 337 6778
f 4211 4959 7098
f 4959 2496 6779
f 277 4309 6780
f 4309 1643 6780
f 426 2054 6781
f 2054 695 6781
f 299 5961 6782
f 5961 5862 6782
f 807 1060 6783
f 1060 1016 6783
f 581 2666 6784
f 2666 152 6784
f 183 3704 6785
f 3704 2507 6785
f 113 119 6786
f 119 2 6786
f 1982 5260 6787
f 5260 1633 7308
f 1278 3884 6788
f 3884 1768 9602
f 760 5302 6789
f 5302 2040 6789
f 430 2869 6790
f 2869 1 6790
f 6 4126 6791
f 4126 247 7728
f 14 6649 6792
f 6649 4722 6792
f 4735 5859 6793
f 5859 901 6793
f 113 764 6794
f 764 353 6794
f 1278 1992 6795
f 1992 1429 7872
f 3425 4397 9141
f 4397 1414 6796
f 20 3446 6797
f 3446 3305 7443
f 24 1249 6798
f 1249 1129 6798
f 252 3988 6799
f 3988 345 6799
f 5564 6215 6800
f 6215 2907 6800
f 1 3311 6801
f 3311 88 6801
f 1306 6592 6802
f 6592 3683 6802
f 46 2124 6803
f 2124 571 6803
f 113 2087 6804
f 2087 119 6804
f 584 3534 6805
f 3534 1891 6805
f 43 3450 6806
f 3450 1706 6806
f 115 2966 6807
f 2966 1293 6807
f 2102 5923 6808
f 5923 2578 6808
f 6101 6319 6809
f 6319 5656 6809
f 142 4960 6810
f 4960 3406 6810
f 847 2386 6811
f 2386 390 6811
f 2874 3898 6812
f 3898 2943 8851
f 193 1966 6813
f 1966 1461 7892
f 450 5289 6814
f 5289 3101 6814
f 190 1303 6815
f 1303 1236 6815
f 3545 6639 6816
f 6639 2039 6923
f 462 4099 9422
f 4099 2770 6817
f 1491 2369 6818
f 2369 59 9404
f 1733 4535 6819
f 4535 3883 6819
f 2477 5880 6820
f 5880 612 6820
f 4574 5632 8269
f 5632 1057 6821
f 3997 5382 6822
f 5382 1082 6822
f 247 1070 6823
f 1070 399 6823
f 712 5232 6824
f 5232 94 6824
f 920 2272 7148
f 2272 359 6825
f 3084 5518 6826
f 5518 2101 7365
f 3032 4181 6827
f 4181 163 6827
f 511 3166 6828
f 3166 1613 6828
f 4321 4530 6829
f 4530 4062 7638
f 1148 2884 8842
f 2884 48 6830
f 20 4065 6831
f 4065 491 6831
f 41 2252 6832
f 2252 489 6832
f 114 4211 7844
f 4211 1640 6833
f 1748 6639 6834
f 6639 3545 6834
f 1084 5928 6835
f 5928 45 6835
f 253 3833 7520
f 3833 1402 9520
f 1301 1876 6837
f 1876 4 6837
f 2054 4792 6838
f 4792 2764 6838
f 4901 6502 6839
f 6502 2967 6839
f 873 989 6840
f 989 326 8716
f 293 2841 6841
f 2841 11 6841
f 1577 1798 6842
f 1798 352 6842
f 1457 3817 6843
f 3817 3470 6843
f 546 4833 6844
f 4833 3554 6844
f 1061 5307 6845
f 5307 3359 7656
f 3963 6237 6846
f 6237 432 9580
f 1831 3819 6847
f 3819 2637 8197
f 384 4861 6848
f 4861 312 6848
f 715 764 6849
f 764 113 6849
f 100 5312 6850
f 5312 4472 6850
f 2723 2844 6851
f 2844 1 6851
f 711 3821 6852
f 3821 580 6852
f 584 1962 6853
f 1962 1298 6853
f 105 281 6854
f 281 4 6854
f 1122 6081 6855
f 6081 52 6855
f 12 3432 6856
f 3432 2058 6856
f 3242 3245 6857
f 3245 1129 6857
f 124 3966 6858
f 3966 563 6858
f 14 4174 6859
f 4174 1746 6859
f 2907 6215 6860
f 6215 329 6860
f 3582 4884 7695
f 4884 3867 6861
f 738 6377 6862
f 6377 472 6862
f 1518 6037 8176
f 6037 5295 6863
f 1214 2081 6864
f 2081 803 6864
f 660 2281 6865
f 2281 1652 6865
f 1286 4271 6866
f 4271 2680 8640
f 340 982 6867
f 982 697 6867
f 5 1197 6868
f 1197 249 6868
f 1831 2637 6869
f 2637 1396 6869
f 1465 2536 6870
f 2536 2156 9135
f 855 1799 6871
f 1799 1481 6871
f 181 6017 6872
f 6017 306 6872
f 1426 4409 6873
f 4409 4208 6873
f 2487 2806 6974
f 2806 204 6874
f 1683 2651 6875
f 2651 198 6875
f 492 4688 6876
f 4688 397 7746
f 26 4952 6877
f 4952 34 6877
f 2254 5833 6878
f 5833 386 7021
f 1089 2685 6879
f 2685 31 6879
f 716 3080 6880
f 3080 2146 6880
f 228 2227 6881
f 2227 1057 9288
f 430 3380 6882
f 3380 1936 6882
f 440 2273 6883
f 2273 2 6883
f 822 1715 9314
f 1715 218 6884
f 935 5476 6885
f 5476 2903 6885
f 144 207 6886
f 207 97 6886
f 3652 6348 6887
f 6348 626 6887
f 1649 5932 6888
f 5932 4788 6888
f 25 5548 6889
f 5548 3342 6889
f 34 5886 6890
f 5886 266 6890
f 625 1040 6891
f 1040 84 6891
f 1261 4654 6892
f 4654 242 6892
f 1750 5237 6893
f 5237 1945 6893
f 55 5901 6894
f 5901 929 8321
f 193 2696 6895
f 2696 1895 6895
f 10 3670 6896
f 3670 828 6896
f 165 5112 6897
f 5112 497 6897
f 1875 5804 6898
f 5804 479 6898
f 3151 4402 6899
f 4402 2776 8831
f 363 2894 8275
f 2894 1896 6900
f 1386 2433 9780
f 2433 1144 6901
f 396 3901 6902
f 3901 222 6902
f 1779 6172 6903
f 6172 592 6903
f 1633 6787 6904
f 6787 5260 6904
f 5642 6334 6905
f 6334 75 6905
f 201 861 6906
f 861 677 6906
f 3270 6099 6907
f 6099 976 6907
f 1891 5074 6908
f 5074 3520 6908
f 361 938 8895
f 938 757 6909
f 1392 6109 6910
f 6109 724 6910
f 10 3264 6911
f 3264 2131 6911
f 45 86 6912
f 86 11 6912
f 3387 5608 9310
f 5608 4115 6913
f 2555 4130 6914
f 4130 3380 9018
f 3710 4009 6915
f 4009 1927 6915
f 964 1002 6916
f 1002 69 6916
f 404 2439 6917
f 2439 2407 6917
f 381 3109 6918
f 3109 75 6918
f 635 3312 6919
f 3312 454 6919
f 143 5222 8866
f 5222 1116 6920
f 474 3519 6921
f 3519 2421 6921
f 240 6207 6922
f 6207 32 6922
f 2039 6816 6923
f 6816 6639 6923
f 241 3183 6924
f 3183 303 8987
f 760 2697 6925
f 2697 856 6925
f 2309 5491 6926
f 5491 1788 7215
f 635 943 7734
f 943 193 6927
f 2092 6326 6928
f 6326 1059 6928
f 42 3323 6929
f 3323 2373 6929
f 1684 1782 6930
f 1782 268 6930
f 1043 1440 6931
f 1440 210 6931
f 33 5078 6932
f 5078 2467 6932
f 2561 3790 6933
f 3790 149 9869
f 980 2281 6934
f 2281 660 6934
f 857 970 6935
f 970 39 6935
f 331 1484 8489
f 1484 942 6936
f 1352 6346 6937
f 6346 2866 6937
f 389 3907 7221
f 3907 3 6938
f 4531 6298 6939
f 6298 2887 6939
f 2445 5229 6940
f 5229 347 6940
f 67 4702 6941
f 4702 235 6941
f 113 2631 9643
f 2631 412 6942
f 3753 4946 6943
f 4946 823 6943
f 2164 4142 6944
f 4142 690 7921
f 1707 5829 6945
f 5829 988 6945
f 247 4126 9605
f 4126 2478 6946
f 179 2367 6947
f 2367 602 6947
f 1306 5731 6948
f 5731 679 6948
f 32 3725 6949
f 3725 2465 6949
f 311 6140 8954
f 6140 4525 6950
f 28 6165 7342
f 6165 2695 6951
f 27 244 6952
f 244 93 6952
f 1 1969 6953
f 1969 38 9779
f 2423 2490 6954
f 2490 272 6954
f 521 2648 6955
f 2648 32 6955
f 2499 3280 6956
f 3280 2249 6956
f 1660 5862 6957
f 5862 2229 6957
f 296 2205 6958
f 2205 107 6958
f 3421 6044 6959
f 6044 4647 6959
f 639 4698 6960
f 4698 75 6960
f 3214 5071 6961
f 5071 297 6961
f 688 6239 6962
f 6239 1183 6962
f 1133 4711 6963
f 4711 3020 7157
f 8 4744 6964
f 4744 601 6964
f 1414 4247 6965
f 4247 3425 8185
f 676 1398 7540
f 1398 693 6966
f 3417 3909 7740
f 3909 20 6967
f 73 6269 8054
f 6269 1368 6968
f 325 1054 6969
f 1054 42 6969
f 293 6841 6970
f 6841 11 8601
f 15 408 9922
f 408 157 6971
f 46 6803 6972
f 6803 571 6972
f 1982 5732 6973
f 5732 15 6973
f 2806 6874 7693
f 6874 2487 6974
f 10 847 6975
f 847 383 6975
f 1965 2284 6976
f 2284 218 6976
f 1115 5187 6977
f 5187 4373 9500
f 3665 5978 6978
f 5978 505 6978
f 348 1210 6979
f 1210 117 6979
f 3859 5158 6980
f 5158 84 8123
f 2817 6314 7348
f 6314 3342 6981
f 621 3582 6982
f 3582 2783 6982
f 827 2110 6983
f 2110 1084 8385
f 962 1861 6984
f 1861 1 8602
f 5618 5805 6985
f 5805 2728 6985
f 103 1366 6986
f 1366 191 6986
f 149 1328 6987
f 1328 436 6987
f 7 6112 7689
f 6112 1770 6988
f 74 4230 6989
f 4230 4060 6989
f 4000 6493 6990
f 6493 517 6990
f 356 2650 6991
f 2650 442 6991
f 2758 5130 6992
f 5130 2051 6992
f 1212 1817 8502
f 1817 1285 9338
f 3151 3955 6994
f 3955 179 6994
f 1640 6310 6995
f 6310 2471 6995
f 468 2775 6996
f 2775 207 8476
f 3 2442 6997
f 2442 266 6997
f 3464 5517 6998
f 5517 3820 6998
f 269 6422 6999
f 6422 1360 6999
f 1979 5301 7000
f 5301 4575 7000
f 17 4028 7001
f 4028 115 8945
f 2055 5249 7002
f 5249 2112 7002
f 4642 5680 8386
f 5680 1182 7956
f 42 6411 7004
f 6411 378 7004
f 228 985 7005
f 985 295 7005
f 1131 1598 7006
f 1598 784 7006
f 4737 5419 7007
f 5419 163 7007
f 4040 4292 7008
f 4292 837 7008
f 1820 2666 9046
f 2666 581 7009
f 2608 5202 7010
f 5202 4 7275
f 1374 1999 8368
f 1999 17 7011
f 2560 5825 7012
f 5825 2015 7012
f 2783 6274 8040
f 6274 183 7013
f 2078 4324 7014
f 4324 1889 7014
f 4077 5775 7015
f 5775 2325 7015
f 1047 4255 7016
f 4255 765 7016
f 60 2836 7359
f 2836 1587 7017
f 169 5322 7018
f 5322 601 7018
f 1376 6487 7747
f 6487 4250 7019
f 2662 4661 7020
f 4661 4109 7020
f 386 6878 7021
f 6878 5833 7021
f 2797 6526 7022
f 6526 1620 7022
f 2663 5279 8943
f 5279 5011 8582
f 1364 1952 7024
f 1952 12 7024
f 3554 4833 7025
f 4833 2195 7025
f 1972 3485 7026
f 3485 789 7026
f 76 280 7027
f 280 204 7027
f 2731 6082 7028
f 6082 3414 7028
f 1805 5348 7029
f 5348 4902 7029
f 4247 5616 8480
f 5616 83 7030
f 647 6399 7031
f 6399 3054 7031
f 2837 6299 7032
f 6299 570 7032
f 56 1857 8968
f 1857 1319 7033
f 154 6531 7034
f 6531 1384 7034
f 3228 4500 7035
f 4500 3198 7035
f 1283 3548 7036
f 3548 14 7036
f 1525 3889 7037
f 3889 3095 7037
f 3848 6152 9318
f 6152 397 7038
f 364 5768 7039
f 5768 4 7039
f 2838 5228 7040
f 5228 253 7040
f 2041 2669 7671
f 2669 1285 7041
f 707 4799 7042
f 4799 3069 7042
f 424 596 8235
f 596 27 7433
f 1848 5481 7825
f 5481 241 7044
f 118 4587 7045
f 4587 1031 7045
f 4754 5578 7046
f 5578 2597 7046
f 2797 5998 7047
f 5998 334 8572
f 241 4436 8165
f 4436 201 7889
f 331 403 7049
f 403 43 7049
f 1487 5084 7050
f 5084 3442 7050
f 228 1008 7051
f 1008 532 7051
f 138 615 7052
f 615 598 7052
f 13 4491 7053
f 4491 3860 7053
f 4027 5675 7054
f 5675 1469 7054
f 1746 2283 9026
f 2283 1150 7055
f 4 3642 7056
f 3642 194 7056
f 75 595 7057
f 595 48 7329
f 67 2455 7058
f 2455 1474 7058
f 6046 6759 7059
f 6759 6521 7059
f 688 2890 7060
f 2890 1307 7060
f 506 3967 7061
f 3967 1418 7061
f 1374 7011 7062
f 7011 17 8510
f 2831 3071 7360
f 3071 933 7063
f 775 6671 7064
f 6671 1305 7064
f 180 800 7065
f 800 778 7065
f 602 2476 7066
f 2476 415 9816
f 4 1906 7067
f 1906 251 7067
f 194 3427 7068
f 3427 373 7068
f 2682 6727 7069
f 6727 1243 9361
f 128 6285 7070
f 6285 25 8694
f 190 3330 7071
f 3330 1303 7071
f 743 6158 9226
f 6158 247 7072
f 193 6120 7988
f 6120 2696 7073
f 2236 6617 7074
f 6617 4925 7274
f 111 4017 7075
f 4017 126 7075
f 4006 4147 7076
f 4147 325 7651
f 113 2532 8002
f 2532 555 7077
f 575 5729 9274
f 5729 1710 7078
f 636 5256 7079
f 5256 252 7079
f 3464 6998 7080
f 6998 3820 7080
f 1047 6619 7081
f 6619 4379 7081
f 2473 4915 7082
f 4915 1329 7082
f 2677 5442 7083
f 5442 4166 7083
f 4680 4883 7084
f 4883 1617 7084
f 15 6436 9982
f 6436 3 7085
f 104 3989 7086
f 3989 1507 7086
f 1145 5607 7087
f 5607 27 7087
f 408 2633 7088
f 2633 2289 7088
f 754 932 7089
f 932 20 9000
f 3099 5194 7090
f 5194 3393 7572
f 3922 5679 7091
f 5679 41 7091
f 20 3124 7092
f 3124 3108 7092
f 348 5522 8553
f 5522 2375 7093
f 1256 2124 7232
f 2124 46 7094
f 3047 6544 7095
f 6544 2117 7095
f 4372 4699 7302
f 4699 760 7096
f 2112 4993 8785
f 4993 873 7097
f 4959 6779 9604
f 6779 4211 7098
f 5 6494 7099
f 6494 5596 7099
f 2836 7017 7100
f 7017 60 7100
f 1688 5478 7101
f 5478 2 7101
f 2933 5068 7102
f 5068 1292 7102
f 11 3148 7103
f 3148 16 9744
f 1918 3759 7104
f 3759 3468 7104
f 465 5349 7105
f 5349 4526 7105
f 1805 4283 7106
f 4283 48 7106
f 52 641 7107
f 641 61 7107
f 672 3214 7108
f 3214 854 7108
f 12 3556 9943
f 3556 1590 7404
f 84 4036 7110
f 4036 625 7110
f 1591 1826 7111
f 1826 446 7111
f 2632 2835 7927
f 2835 1491 7112
f 203 3758 7113
f 3758 645 7113
f 57 6301 7114
f 6301 60 8992
f 245 3914 7115
f 3914 363 8136
f 2127 4513 7116
f 4513 853 7116
f 4980 6277 7117
f 6277 4451 7117
f 1424 5553 7118
f 5553 4445 7118
f 195 1176 8360
f 1176 959 7119
f 1190 2617 7120
f 2617 340 7120
f 899 1425 7121
f 1425 9 7121
f 594 3879 7122
f 3879 1023 7122
f 1094 6645 7123
f 6645 9 7123
f 2170 6123 7124
f 6123 5267 7124
f 293 6970 7125
f 6970 11 7125
f 1424 6032 7126
f 6032 69 7126
f 48 4700 7127
f 4700 2018 7127
f 592 3475 7128
f 3475 397 7273
f 2376 4863 7129
f 4863 641 7129
f 1547 6688 7130
f 6688 6404 7130
f 82 1485 8921
f 1485 999 7131
f 1766 5742 7132
f 5742 253 7132
f 162 5293 7133
f 5293 864 7133
f 4301 4672 7134
f 4672 6 7134
f 47 4564 7135
f 4564 3307 8901
f 108 488 7136
f 488 183 7136
f 205 1246 7137
f 1246 12 7137
f 1424 7126 7138
f 7126 69 8511
f 4186 4901 7139
f 4901 2967 7139
f 518 2241 7140
f 2241 2032 8323
f 4138 4277 7141
f 4277 1828 7141
f 2521 6217 7142
f 6217 1680 7142
f 4421 5422 7143
f 5422 1072 7214
f 2116 3587 7144
f 3587 3195 7144
f 3846 4975 7145
f 4975 3021 7145
f 118 2815 7146
f 2815 1855 9944
f 17 5305 7147
f 5305 933 9887
f 2272 6825 7148
f 6825 920 7148
f 2291 4197 7149
f 4197 39 7149
f 3782 5726 7972
f 5726 3309 7150
f 1366 2432 7151
f 2432 2091 7151
f 485 3422 7152
f 3422 3 8334
f 4421 7143 7153
f 7143 1072 7153
f 168 2554 7154
f 2554 330 7154
f 80 5624 7155
f 5624 300 7155
f 1363 3464 7156
f 3464 581 7156
f 3020 6963 9555
f 6963 4711 7157
f 1339 1369 7158
f 1369 639 8228
f 1498 1956 7159
f 1956 45 7528
f 601 4744 7160
f 4744 169 7160
f 12 2905 7575
f 2905 1476 8808
f 113 1257 7162
f 1257 428 7162
f 1017 1797 7163
f 1797 415 7163
f 958 4910 7164
f 4910 1008 7164
f 310 2589 7165
f 2589 2539 7165
f 3354 3645 7166
f 3645 2015 7166
f 1381 4786 7167
f 4786 303 7167
f 199 1911 7168
f 1911 1769 7876
f 173 3586 7169
f 3586 161 8188
f 1743 2113 7170
f 2113 4 7170
f 259 5643 7395
f 5643 3761 7171
f 593 6136 7172
f 6136 342 8029
f 693 1873 9334
f 1873 70 7173
f 1452 2605 7174
f 2605 1713 7174
f 177 4145 7175
f 4145 151 7234
f 99 2299 7176
f 2299 63 7176
f 1183 2153 9319
f 2153 20 7177
f 60 7114 7178
f 7114 6301 7178
f 660 6718 7179
f 6718 980 7179
f 2101 5518 7180
f 5518 1281 7180
f 1728 2448 7181
f 2448 736 8045
f 314 1791 7182
f 1791 4 7182
f 3616 4293 7183
f 4293 3228 7183
f 243 3203 7184
f 3203 34 7184
f 97 2893 7185
f 2893 105 7185
f 847 6262 7186
f 6262 2386 7186
f 1890 4868 7187
f 4868 311 7187
f 3674 5259 7188
f 5259 95 7188
f 242 5513 7189
f 5513 3161 7189
f 952 6106 7190
f 6106 14 7190
f 4085 5946 7191
f 5946 3099 7191
f 161 7169 7192
f 7169 3586 7192
f 825 6446 7193
f 6446 624 7193
f 12 3557 8213
f 3557 206 7194
f 944 4768 7195
f 4768 397 7195
f 761 4511 7196
f 4511 1932 7196
f 807 6783 7197
f 6783 1016 7197
f 4218 5808 7198
f 5808 2260 7198
f 12 3428 7199
f 3428 865 7199
f 4 3043 7200
f 3043 43 7200
f 185 4345 7201
f 4345 2 7201
f 1771 3004 7202
f 3004 794 7776
f 1054 2023 7203
f 2023 42 7203
f 219 5769 7297
f 5769 9 7204
f 17 3847 7205
f 3847 55 7205
f 1131 7006 7206
f 7006 784 7206
f 2988 5398 7207
f 5398 3275 7207
f 2586 5747 7208
f 5747 5471 8913
f 433 3643 7209
f 3643 1229 7209
f 730 1007 7210
f 1007 327 7967
f 59 4748 8242
f 4748 1583 8038
f 3714 5412 7212
f 5412 5263 7212
f 6314 6981 7213
f 6981 2817 9472
f 1072 7143 7214
f 7143 5422 7214
f 1788 6926 8320
f 6926 5491 7215
f 277 6780 7216
f 6780 1643 7216
f 260 2017 7217
f 2017 88 7217
f 724 4614 7218
f 4614 1392 7218
f 506 5662 7219
f 5662 1358 7219
f 152 6761 7220
f 6761 1168 7220
f 3907 6938 7221
f 6938 389 7221
f 174 485 7222
f 485 3 7222
f 1217 2472 7223
f 2472 1027 7223
f 4486 6235 7224
f 6235 2805 7224
f 528 6323 7466
f 6323 1607 9832
f 1405 4734 7226
f 4734 174 7226
f 938 2796 7227
f 2796 2000 7227
f 1146 4043 7228
f 4043 6 8410
f 4256 5604 7229
f 5604 616 7436
f 358 572 7230
f 572 84 7230
f 2426 6658 7231
f 6658 5966 7231
f 2124 7094 7232
f 7094 1256 7232
f 358 7230 9132
f 7230 84 7233
f 151 7175 7234
f 7175 4145 7234
f 606 4671 7235
f 4671 1268 7235
f 104 4729 7236
f 4729 3293 8737
f 501 5890 7237
f 5890 994 8863
f 323 4134 7238
f 4134 202 7238
f 725 1653 7239
f 1653 451 9850
f 57 2958 7240
f 2958 76 7240
f 527 2046 7241
f 2046 195 7241
f 59 7211 7242
f 7211 1583 7242
f 803 1061 7243
f 1061 72 7243
f 1115 5025 7244
f 5025 287 7244
f 681 4390 7245
f 4390 8 7245
f 1721 3763 7246
f 3763 201 7246
f 75 4614 7247
f 4614 724 7247
f 350 5008 8909
f 5008 304 7248
f 552 5842 7249
f 5842 2501 9747
f 271 1795 7250
f 1795 200 7250
f 2234 3332 7251
f 3332 431 8806
f 856 2403 7252
f 2403 1522 7252
f 229 1737 7253
f 1737 138 7253
f 5421 5755 7254
f 5755 22 7254
f 208 1976 7255
f 1976 679 7255
f 48 7127 7256
f 7127 2018 7256
f 258 5050 7257
f 5050 3329 7257
f 20 5814 7258
f 5814 4878 7258
f 1311 6135 7259
f 6135 1439 7259
f 277 1532 7260
f 1532 292 7260
f 28 1132 7261
f 1132 536 7261
f 232 3502 7262
f 3502 2747 7262
f 533 4560 7263
f 4560 8 9061
f 177 609 7392
f 609 12 7264
f 431 2411 7265
f 2411 164 7265
f 1950 6047 7714
f 6047 2192 7266
f 51 6350 7267
f 6350 694 7267
f 172 3674 7268
f 3674 95 7268
f 232 458 7269
f 458 393 7269
f 1685 2563 9867
f 2563 917 8827
f 926 5154 7826
f 5154 963 7271
f 810 3641 7272
f 3641 1114 7272
f 397 7128 7273
f 7128 3475 7273
f 4925 7074 7274
f 7074 6617 7274
f 4 7010 7275
f 7010 5202 7275
f 481 3960 7276
f 3960 75 8983
f 88 4421 7277
f 4421 134 7277
f 803 7243 7278
f 7243 72 7278
f 2858 6332 7279
f 6332 1694 7279
f 62 1971 7280
f 1971 1531 7280
f 5497 6593 7281
f 6593 251 7281
f 1661 1975 7282
f 1975 36 7282
f 206 2676 9597
f 2676 12 8581
f 210 1440 7284
f 1440 1088 7284
f 70 1974 7285
f 1974 1012 7285
f 2705 3973 7286
f 3973 2404 7286
f 1909 3358 7287
f 3358 481 7287
f 118 5036 7288
f 5036 107 7288
f 43 2671 9657
f 2671 331 7289
f 137 4174 7290
f 4174 14 7290
f 2055 7002 7771
f 7002 2112 7291
f 2728 5805 9119
f 5805 2062 7292
f 3261 6131 7293
f 6131 3486 7293
f 3198 5663 7683
f 5663 3616 7294
f 115 4034 7295
f 4034 17 8270
f 25 7070 7296
f 7070 6285 7296
f 5769 7204 7297
f 7204 219 7720
f 363 6483 7298
f 6483 26 8387
f 22 3626 7299
f 3626 3398 7299
f 247 5744 7300
f 5744 476 7300
f 3991 5085 7301
f 5085 164 7301
f 4699 7096 7302
f 7096 4372 8574
f 2804 5046 7303
f 5046 274 7303
f 397 4688 7304
f 4688 846 7304
f 1009 1408 7305
f 1408 82 7305
f 415 2476 7468
f 2476 2367 7306
f 94 826 7307
f 826 403 7307
f 1633 6904 7308
f 6904 5260 7308
f 950 2321 7309
f 2321 1227 8262
f 630 3145 7310
f 3145 48 7310
f 5608 6913 8847
f 6913 3387 7311
f 2311 4268 7312
f 4268 319 7312
f 242 3217 7313
f 3217 58 7313
f 6 896 7314
f 896 139 8660
f 541 2853 7315
f 2853 2397 7315
f 761 7196 7316
f 7196 1932 7316
f 421 2822 7317
f 2822 1978 7317
f 56 3479 8810
f 3479 114 7318
f 69 2602 8478
f 2602 1485 7319
f 2863 3982 7320
f 3982 180 7320
f 8 337 9426
f 337 267 7321
f 1508 4611 9795
f 4611 3201 7322
f 1935 2104 7323
f 2104 244 7323
f 583 3311 7324
f 3311 1 7324
f 1837 3320 7325
f 3320 675 7325
f 625 4194 7326
f 4194 3859 7326
f 865 1402 7327
f 1402 742 7327
f 8 5974 7328
f 5974 3680 7328
f 48 7057 9800
f 7057 595 7329
f 25 3783 7330
f 3783 906 7330
f 1961 3299 8902
f 3299 128 7331
f 20 2331 7332
f 2331 814 7332
f 2854 5511 7333
f 5511 1783 7333
f 2509 5760 7334
f 5760 2721 7334
f 574 1757 7335
f 1757 385 7335
f 2615 3033 7336
f 3033 1337 7336
f 355 3964 9006
f 3964 303 7337
f 1786 2491 7397
f 2491 454 7338
f 369 5816 7339
f 5816 1053 7339
f 4602 6115 7340
f 6115 3384 7340
f 3531 6676 7341
f 6676 5 9123
f 6165 6951 7342
f 6951 28 7342
f 108 2495 7343
f 2495 51 7343
f 4299 5131 7344
f 5131 3186 7344
f 165 5881 9250
f 5881 247 7345
f 14 2847 7346
f 2847 280 7346
f 2157 5177 7347
f 5177 1077 7347
f 6314 7213 7508
f 7213 2817 7348
f 4135 5019 7349
f 5019 1026 7349
f 1302 3625 7350
f 3625 2931 7350
f 362 3250 7351
f 3250 175 7351
f 3224 4245 7352
f 4245 227 7352
f 3702 4055 7353
f 4055 31 7978
f 1773 2389 7354
f 2389 1202 7354
f 17 3737 7355
f 3737 12 7355
f 67 3523 7356
f 3523 1228 7356
f 2426 7231 7357
f 7231 5966 7357
f 5790 6637 7358
f 6637 12 7358
f 2836 7100 7359
f 7100 60 7359
f 3071 7063 7360
f 7063 2831 7360
f 3846 5005 7361
f 5005 2987 7361
f 1384 2396 7362
f 2396 154 7362
f 149 3948 7363
f 3948 1233 7421
f 2093 2488 7364
f 2488 1687 7364
f 2101 6826 7365
f 6826 5518 7365
f 1475 2706 7366
f 2706 985 7366
f 3115 5034 7367
f 5034 1740 7367
f 1792 2220 7368
f 2220 64 7368
f 4150 4845 7369
f 4845 3308 7369
f 3551 4416 7370
f 4416 4359 7370
f 1106 6028 7371
f 6028 318 7371
f 5588 6569 7372
f 6569 3655 7630
f 6 1096 7373
f 1096 2 7373
f 514 1390 7374
f 1390 49 7374
f 5019 6256 7375
f 6256 535 7375
f 3729 5126 7376
f 5126 959 7376
f 247 3301 7377
f 3301 2068 7377
f 5622 6594 7378
f 6594 73 7378
f 2819 4492 7379
f 4492 2059 7379
f 3179 3862 7380
f 3862 3244 7380
f 1262 4706 7381
f 4706 1194 7381
f 2634 5891 7382
f 5891 284 7382
f 306 6017 7383
f 6017 360 7383
f 349 3840 7384
f 3840 75 7384
f 69 4214 7385
f 4214 1562 7385
f 2341 5606 7386
f 5606 141 7386
f 36 2562 7387
f 2562 2216 8865
f 263 3444 7388
f 3444 178 7388
f 4548 5791 8007
f 5791 897 7389
f 341 3879 7390
f 3879 594 7390
f 148 4072 7391
f 4072 2699 7391
f 609 7264 7392
f 7264 177 7392
f 1234 6205 7393
f 6205 322 7393
f 262 297 7394
f 297 82 7394
f 5643 7171 7395
f 7171 259 7395
f 1024 1421 7396
f 1421 1309 7396
f 2491 7338 7397
f 7338 1786 7397
f 1069 6177 7398
f 6177 325 7398
f 169 4268 7399
f 4268 2311 8234
f 5981 6520 7400
f 6520 2 7400
f 3085 5138 7401
f 5138 2207 7401
f 584 2884 7402
f 2884 1148 7402
f 2950 3097 7403
f 3097 14 7403
f 1590 7109 7404
f 7109 3556 7404
f 3086 4458 7405
f 4458 3592 7405
f 88 5422 7406
f 5422 4421 7406
f 1884 5519 7407
f 5519 1665 7407
f 443 692 7408
f 692 334 7408
f 426 695 7409
f 695 482 7409
f 299 2450 7410
f 2450 149 7410
f 1504 6013 7411
f 6013 110 7411
f 74 6243 7412
f 6243 711 7412
f 414 960 7413
f 960 787 7413
f 192 5447 7414
f 5447 4171 7414
f 3678 3836 7415
f 3836 1927 7415
f 3846 5386 9945
f 5386 2046 7416
f 246 6511 8799
f 6511 4719 7417
f 3 4164 7418
f 4164 21 7418
f 1494 3923 7419
f 3923 114 7419
f 2990 3627 7420
f 3627 1793 7420
f 1233 7363 9810
f 7363 3948 7421
f 1586 2062 7422
f 2062 1865 7422
f 163 1569 7423
f 1569 114 7423
f 1124 4790 7424
f 4790 1693 7424
f 1410 4093 7425
f 4093 98 7425
f 1420 6131 7426
f 6131 3261 9106
f 4649 5451 7427
f 5451 3692 7427
f 2171 2716 7428
f 2716 1186 7428
f 105 4891 7429
f 4891 2277 7429
f 1052 6145 8454
f 6145 89 7430
f 629 6307 7431
f 6307 2649 8963
f 2207 5138 7432
f 5138 3997 7432
f 27 7043 7433
f 7043 596 7433
f 637 6515 7434
f 6515 656 7434
f 206 2094 7435
f 2094 1335 9815
f 616 7229 7436
f 7229 5604 8705
f 886 2779 7437
f 2779 662 7437
f 253 4866 9633
f 4866 270 7438
f 546 3774 8146
f 3774 1472 7439
f 2885 3769 7440
f 3769 903 9151
f 3275 5079 7441
f 5079 3470 7441
f 945 3547 7442
f 3547 3445 7442
f 3305 6797 9761
f 6797 3446 7443
f 1502 6643 9491
f 6643 883 7444
f 147 1947 7445
f 1947 1878 7445
f 291 3748 8433
f 3748 2950 7940
f 999 3634 7447
f 3634 263 7447
f 4489 4666 7448
f 4666 2326 7448
f 1055 1597 9153
f 1597 1169 7449
f 84 1349 7450
f 1349 512 9802
f 1692 4971 7451
f 4971 9 7451
f 2174 3455 7452
f 3455 724 8105
f 1441 5024 7453
f 5024 198 7453
f 116 6570 7454
f 6570 1719 7454
f 2957 6192 7455
f 6192 5864 7455
f 235 946 7456
f 946 176 7456
f 4885 5874 7457
f 5874 259 7457
f 1088 4990 7458
f 4990 1536 7458
f 6 5216 7536
f 5216 574 7459
f 12 2676 7460
f 2676 1543 7460
f 334 2316 7461
f 2316 443 7461
f 2296 5339 7462
f 5339 1424 7462
f 1927 6389 7463
f 6389 2256 9150
f 7 1765 7464
f 1765 744 7464
f 646 2216 7465
f 2216 1894 7465
f 6323 7225 7466
f 7225 528 7466
f 2044 3476 7467
f 3476 154 7467
f 2476 7306 7468
f 7306 415 7468
f 25 5970 7469
f 5970 4655 7469
f 1011 2472 8359
f 2472 1217 7470
f 2159 5020 7471
f 5020 361 7471
f 168 6647 7472
f 6647 9 7472
f 188 6288 7473
f 6288 1919 7473
f 26 4583 7474
f 4583 97 7474
f 2093 5551 7475
f 5551 3219 7475
f 2153 7177 8381
f 7177 1183 7549
f 1110 4846 7477
f 4846 3321 7477
f 2240 4218 7478
f 4218 3660 7478
f 1721 4264 7479
f 4264 653 8527
f 3343 6698 8823
f 6698 2037 7480
f 922 2816 7481
f 2816 83 7481
f 1230 5584 7482
f 5584 5566 7482
f 4346 5026 7483
f 5026 973 7483
f 43 6806 7484
f 6806 1706 7484
f 2934 4692 7485
f 4692 633 8543
f 113 1151 7486
f 1151 171 7486
f 12 4882 7487
f 4882 3082 7487
f 188 731 7488
f 731 102 7488
f 1979 4023 7489
f 4023 31 7489
f 2012 3122 8719
f 3122 146 7490
f 43 5232 7491
f 5232 712 7491
f 342 1177 7492
f 1177 193 7492
f 2664 2916 7493
f 2916 471 7493
f 2650 4310 7494
f 4310 442 9372
f 736 5697 8119
f 5697 4119 7495
f 4800 5899 7496
f 5899 228 7496
f 675 1315 7497
f 1315 123 7497
f 21 674 7498
f 674 237 7498
f 2889 5142 7499
f 5142 1491 7499
f 2539 6429 7500
f 6429 5370 7500
f 3610 4603 7501
f 4603 242 7501
f 1117 3728 7502
f 3728 114 9027
f 2218 2989 7503
f 2989 167 7503
f 241 3870 7504
f 3870 966 7504
f 371 2012 7505
f 2012 1359 7505
f 20 5401 7506
f 5401 84 7506
f 20 2202 7509
f 2202 1088 7507
f 7213 7348 7508
f 7348 6314 7508
f 2202 7507 7509
f 7507 20 7509
f 903 4942 7510
f 4942 279 7510
f 3805 5746 7511
f 5746 692 7511
f 2001 5658 7512
f 5658 4371 7669
f 2577 4699 7513
f 4699 4372 7513
f 1000 3829 9977
f 3829 17 7514
f 4634 5673 7515
f 5673 1302 7515
f 771 5939 7516
f 5939 1681 9067
f 439 4685 7517
f 4685 575 7517
f 48 3808 7518
f 3808 2920 7518
f 831 5238 9564
f 5238 3604 7519
f 3833 6836 7520
f 6836 253 7520
f 4205 5407 7521
f 5407 602 7950
f 974 3786 7522
f 3786 516 7522
f 821 2446 7523
f 2446 630 7523
f 2381 6444 7524
f 6444 2127 7598
f 66 1814 7525
f 1814 180 7525
f 4 2659 7526
f 2659 7 7526
f 484 1445 7527
f 1445 473 7527
f 45 7159 7528
f 7159 1956 7528
f 3261 3486 7529
f 3486 380 7529
f 3506 3599 7530
f 3599 621 7530
f 71 4991 7531
f 4991 973 7749
f 894 4798 7532
f 4798 12 7532
f 312 2675 7533
f 2675 178 7724
f 990 5031 7534
f 5031 3345 7534
f 51 4116 7535
f 4116 29 8313
f 5216 7459 7536
f 7459 6 7536
f 885 4499 9080
f 4499 42 7537
f 21 1772 7538
f 1772 647 7538
f 1828 2105 7539
f 2105 341 7539
f 1398 6966 7540
f 6966 676 7540
f 3 1154 7541
f 1154 174 7541
f 3380 6914 7542
f 6914 4130 7733
f 661 4510 7543
f 4510 1833 7543
f 2373 3323 8267
f 3323 586 7544
f 1388 5146 7545
f 5146 4267 7545
f 1193 5714 7546
f 5714 2148 7546
f 341 746 7547
f 746 633 7547
f 302 5576 8630
f 5576 1932 7548
f 1183 7476 7549
f 7476 7177 7549
f 1110 6588 8978
f 6588 507 7550
f 330 2554 7551
f 2554 1276 7551
f 6 1975 7552
f 1975 1661 7552
f 43 813 7553
f 813 83 7553
f 3206 4097 9632
f 4097 3708 7554
f 144 6203 7555
f 6203 4302 8976
f 2178 5224 7556
f 5224 1686 7556
f 5896 6317 8814
f 6317 195 7557
f 2343 3620 7558
f 3620 1451 9212
f 473 3812 7559
f 3812 2274 8068
f 143 6092 7560
f 6092 12 7560
f 2763 6294 7561
f 6294 20 7561
f 3555 6470 7562
f 6470 24 7562
f 3624 5629 7563
f 5629 3062 7563
f 1607 7225 7564
f 7225 6323 7564
f 31 60 7565
f 60 40 7565
f 1429 1992 7566
f 1992 190 7566
f 91 5405 7567
f 5405 2366 7567
f 154 4425 7666
f 4425 1678 7568
f 3238 3519 7569
f 3519 474 7569
f 649 902 7570
f 902 789 7570
f 3382 3452 7571
f 3452 1246 7571
f 3393 7090 7572
f 7090 5194 7572
f 5190 6495 7573
f 6495 1389 7573
f 95 6316 7574
f 6316 2982 7574
f 2905 7161 7575
f 7161 12 7575
f 821 3256 7576
f 3256 48 7576
f 208 2763 7577
f 2763 2193 9735
f 1298 4079 7578
f 4079 2129 7578
f 4 5637 7579
f 5637 114 7579
f 3766 4803 7580
f 4803 1984 7580
f 3227 6570 7581
f 6570 116 7581
f 1763 1951 7582
f 1951 929 7582
f 202 5763 7583
f 5763 295 7583
f 143 3375 8880
f 3375 609 7878
f 5 751 7585
f 751 176 7585
f 144 6886 7586
f 6886 97 7586
f 4 4640 7587
f 4640 685 7587
f 245 5009 7588
f 5009 1875 7588
f 1874 2038 7589
f 2038 114 7589
f 688 1121 7590
f 1121 69 7590
f 155 3426 7591
f 3426 3400 7591
f 228 1739 7592
f 1739 1101 7592
f 3655 6569 7593
f 6569 5589 9569
f 4 1775 9009
f 1775 377 9181
f 1232 4870 7595
f 4870 289 7595
f 1283 4825 9548
f 4825 13 7596
f 5663 7294 7597
f 7294 3198 7597
f 2127 7524 7598
f 7524 6444 8718
f 2033 6419 9138
f 6419 341 7599
f 1168 5798 7600
f 5798 26 7600
f 4017 4111 7855
f 4111 126 7601
f 376 3743 9599
f 3743 19 8446
f 1356 4305 7603
f 4305 4129 9154
f 105 2997 7604
f 2997 480 7604
f 32 978 7605
f 978 614 7605
f 242 4654 7606
f 4654 1818 7606
f 143 1513 7607
f 1513 796 9614
f 3771 5357 7608
f 5357 295 7608
f 415 5489 7609
f 5489 3083 7609
f 2933 7102 7610
f 7102 1292 7610
f 1695 1957 7611
f 1957 1027 7611
f 839 6214 7787
f 6214 5082 7612
f 3655 5589 8061
f 5589 97 7613
f 202 4134 7614
f 4134 2980 7681
f 5864 6192 7615
f 6192 200 8621
f 929 5901 7616
f 5901 4470 7616
f 2547 3269 7617
f 3269 64 7617
f 639 6552 7618
f 6552 4124 7943
f 2 645 7619
f 645 9 7619
f 2894 6900 7620
f 6900 363 9533
f 511 3746 7621
f 3746 668 7621
f 1699 5750 7622
f 5750 2874 7622
f 1563 5971 9449
f 5971 4286 7623
f 559 4841 7624
f 4841 73 8765
f 1751 2444 7625
f 2444 10 7904
f 774 4646 7626
f 4646 3194 8740
f 26 2894 7627
f 2894 363 7627
f 1500 1580 7628
f 1580 6 7628
f 463 2692 7629
f 2692 21 7629
f 3655 7372 7630
f 7372 6569 7630
f 3969 5358 7631
f 5358 3140 7631
f 24 6085 7632
f 6085 1206 7632
f 711 1067 7633
f 1067 809 7633
f 530 894 7634
f 894 12 7634
f 3341 4677 7635
f 4677 6 7635
f 3120 3762 7636
f 3762 412 7636
f 228 1047 7637
f 1047 765 7637
f 4062 6829 7638
f 6829 4530 8634
f 1082 4860 7639
f 4860 2207 7639
f 980 3285 7640
f 3285 6 7640
f 71 250 7641
f 250 189 7641
f 2823 4838 7642
f 4838 2909 7642
f 356 2995 7643
f 2995 1295 7643
f 13 3954 7644
f 3954 2842 9705
f 6 5238 7645
f 5238 831 7645
f 1000 6364 7646
f 6364 3829 7646
f 125 213 9672
f 213 18 7647
f 340 2256 7648
f 2256 1672 8379
f 617 5881 7649
f 5881 165 7649
f 1914 3649 7650
f 3649 17 7650
f 325 7076 7651
f 7076 4147 7651
f 1492 5337 7652
f 5337 1296 9282
f 1705 4070 7653
f 4070 1912 7653
f 186 2408 7654
f 2408 2030 7654
f 1733 3883 7655
f 3883 1170 7655
f 3359 6845 7656
f 6845 5307 7656
f 251 4740 7657
f 4740 50 7657
f 2251 4778 7658
f 4778 4300 9559
f 443 7408 7659
f 7408 334 7659
f 144 4725 7660
f 4725 3186 7660
f 737 1252 7661
f 1252 481 7661
f 2658 6624 7662
f 6624 1396 7662
f 268 3417 7663
f 3417 20 7663
f 300 4859 8296
f 4859 2667 7717
f 3392 4545 7665
f 4545 1408 9062
f 4425 7568 7666
f 7568 154 7666
f 2493 3325 7699
f 3325 1267 7667
f 6112 6988 7668
f 6988 7 7668
f 4371 7512 7669
f 7512 5658 7669
f 6 3442 7670
f 3442 807 7670
f 2669 7041 7671
f 7041 2041 9059
f 433 5610 7672
f 5610 11 7672
f 4760 5556 9161
f 5556 511 7673
f 50 3911 7674
f 3911 49 7674
f 831 7519 7675
f 7519 3604 9261
f 1763 6753 7676
f 6753 1951 7676
f 17 2755 7677
f 2755 1231 8018
f 136 2481 7678
f 2481 1094 7678
f 1869 2135 7679
f 2135 508 7679
f 1364 7024 7680
f 7024 12 7680
f 2980 7614 7681
f 7614 4134 7681
f 1004 3540 7682
f 3540 160 7682
f 5663 7597 7683
f 7597 3198 7683
f 861 1901 7684
f 1901 677 7684
f 361 3399 7685
f 3399 1794 7685
f 1753 4374 7686
f 4374 343 7686
f 2385 5786 7687
f 5786 4362 7687
f 37 3895 7688
f 3895 1161 7688
f 6112 7668 8301
f 7668 7 7689
f 43 2852 7690
f 2852 136 7690
f 3152 3317 7691
f 3317 12 7691
f 257 1357 8741
f 1357 221 7692
f 6874 6974 7693
f 6974 2806 7693
f 4909 6684 7694
f 6684 218 7694
f 4884 6861 7695
f 6861 3582 7695
f 1329 1538 9234
f 1538 96 7696
f 3090 3251 7697
f 3251 1078 7697
f 11 4999 7698
f 4999 1 8617
f 3325 7667 7699
f 7667 2493 7699
f 12 1655 7700
f 1655 1136 7700
f 853 3143 7701
f 3143 1821 7701
f 1731 6563 7702
f 6563 2024 7702
f 1434 3539 7703
f 3539 2155 7703
f 198 1203 7704
f 1203 401 7704
f 1853 2940 7705
f 2940 2155 7705
f 4424 5175 7706
f 5175 3406 7706
f 386 890 7707
f 890 873 7707
f 1092 6385 8795
f 6385 115 7708
f 1649 6888 7709
f 6888 4788 7709
f 439 5756 7710
f 5756 585 7710
f 636 7079 7711
f 7079 252 7711
f 236 2290 7712
f 2290 48 7712
f 1601 5514 7713
f 5514 2286 7713
f 6047 7266 7714
f 7266 1950 7714
f 3099 3393 7715
f 3393 910 7715
f 2562 5220 7716
f 5220 1894 7716
f 2667 7664 7717
f 7664 4859 9756
f 1279 3220 7718
f 3220 526 7718
f 45 1956 7719
f 1956 8 7719
f 219 7297 7720
f 7297 7204 7720
f 8 657 7721
f 657 354 7721
f 4514 5218 7722
f 5218 1856 7722
f 10 4319 7723
f 4319 1342 7723
f 178 7533 7724
f 7533 2675 7724
f 623 6743 7725
f 6743 4124 7725
f 116 3866 7726
f 3866 1880 7726
f 1345 1534 7727
f 1534 994 7727
f 247 6791 7728
f 6791 4126 7728
f 3143 5477 7729
f 5477 4536 7729
f 827 3459 9821
f 3459 45 7730
f 1098 6545 7731
f 6545 4254 7731
f 2062 3848 8858
f 3848 397 8484
f 4130 7542 7733
f 7542 6914 7733
f 943 6927 7734
f 6927 635 7734
f 3875 4400 7735
f 4400 1048 7735
f 1617 2126 8891
f 2126 616 7736
f 22 2498 7737
f 2498 2184 7737
f 39 1889 7738
f 1889 376 7738
f 6 4487 7739
f 4487 660 7739
f 3909 6967 7740
f 6967 3417 7740
f 177 7264 7741
f 7264 12 7741
f 3379 4528 7742
f 4528 4050 7742
f 4 3573 7743
f 3573 448 8162
f 980 7640 7744
f 7640 6 7744
f 691 5967 7745
f 5967 582 7745
f 397 6876 7746
f 6876 4688 7746
f 6487 7019 9546
f 7019 1376 7747
f 3380 7542 7748
f 7542 4130 7748
f 973 7531 7749
f 7531 4991 7749
f 4132 4498 7750
f 4498 711 7750
f 346 1014 7751
f 1014 283 7751
f 10 4206 7752
f 4206 1187 8791
f 465 2805 8013
f 2805 2417 7753
f 765 5632 7754
f 5632 4574 7754
f 400 1039 7755
f 1039 28 7755
f 1426 4208 7756
f 4208 567 9325
f 45 6221 7757
f 6221 4493 9043
f 4124 5388 7758
f 5388 623 7758
f 529 1224 7759
f 1224 1062 9060
f 800 6413 7760
f 6413 793 7760
f 526 5188 8202
f 5188 897 7761
f 890 4067 9403
f 4067 873 7762
f 247 5881 7763
f 5881 617 7763
f 2337 4851 8452
f 4851 887 7764
f 168 7154 7765
f 7154 330 7765
f 202 7614 7766
f 7614 2980 7766
f 587 2111 7767
f 2111 795 8361
f 2203 2641 7768
f 2641 137 7768
f 229 4407 7769
f 4407 206 7769
f 4601 5056 7770
f 5056 1853 7770
f 7002 7291 7771
f 7291 2055 7771
f 2115 3632 7772
f 3632 1083 7772
f 12 3433 7773
f 3433 1916 7773
f 3506 4996 7774
f 4996 4693 7774
f 4930 6005 9947
f 6005 4274 7775
f 794 7202 7776
f 7202 3004 7776
f 1587 4586 7777
f 4586 2484 7777
f 1048 5269 7778
f 5269 1548 7778
f 5917 6233 7779
f 6233 139 7779
f 2423 6954 7780
f 6954 272 7780
f 56 4531 7781
f 4531 2015 8376
f 1434 2492 7782
f 2492 62 7782
f 900 1576 7783
f 1576 1068 7783
f 1605 2601 7784
f 2601 252 7784
f 4158 6498 8442
f 6498 2044 7785
f 271 3721 9894
f 3721 11 7786
f 6214 7612 7787
f 7612 839 7787
f 75 4580 7788
f 4580 956 7788
f 159 2970 7789
f 2970 62 9322
f 6031 6738 7790
f 6738 347 7790
f 395 4927 7791
f 4927 1147 7791
f 475 4520 7792
f 4520 2698 9360
f 1376 2378 7793
f 2378 187 7793
f 2263 3683 7794
f 3683 679 7794
f 399 1049 8652
f 1049 6 7795
f 207 6996 7796
f 6996 2775 7796
f 149 6768 7797
f 6768 3530 7797
f 474 2597 7798
f 2597 522 7798
f 334 5243 7799
f 5243 995 7799
f 83 4021 7800
f 4021 3178 7800
f 11 5160 7801
f 5160 336 7801
f 869 2454 8612
f 2454 843 7802
f 977 5389 7803
f 5389 480 7803
f 1505 4494 7804
f 4494 199 8333
f 311 841 8632
f 841 811 7805
f 486 6441 7806
f 6441 33 7806
f 1283 7036 7807
f 7036 14 7807
f 33 566 7808
f 566 16 8767
f 377 7594 7809
f 7594 1775 7809
f 2688 3628 7810
f 3628 667 7810
f 199 6765 7811
f 6765 2952 7811
f 302 6087 7812
f 6087 5797 7812
f 73 6672 7813
f 6672 164 7813
f 1322 4368 7814
f 4368 977 7814
f 73 5378 7815
f 5378 1191 7815
f 830 2323 7816
f 2323 1682 7816
f 125 6038 7817
f 6038 17 7817
f 4596 5591 7818
f 5591 3713 7818
f 2340 4312 8243
f 4312 975 7819
f 31 7565 8815
f 7565 40 7820
f 2484 2721 7821
f 2721 2348 7821
f 154 2917 7822
f 2917 750 7822
f 1673 4584 7823
f 4584 1551 7823
f 2234 3725 7824
f 3725 32 7824
f 5481 7044 7825
f 7044 1848 7825
f 5154 7271 7826
f 7271 926 7826
f 440 2549 7827
f 2549 185 7827
f 491 3894 7828
f 3894 3249 7828
f 2093 4896 7829
f 4896 2634 7829
f 3522 5215 7830
f 5215 4077 7830
f 401 5459 7831
f 5459 1809 7831
f 656 1938 7832
f 1938 518 7832
f 232 3815 7833
f 3815 458 7833
f 2236 7074 7834
f 7074 4925 7834
f 57 4974 8229
f 4974 112 7835
f 1853 5379 7836
f 5379 3295 7836
f 320 4405 7837
f 4405 3999 7837
f 1133 6963 7838
f 6963 3020 7838
f 62 3113 8720
f 3113 927 7839
f 259 3925 7840
f 3925 1788 7840
f 334 6060 8997
f 6060 5728 7841
f 6227 6313 7842
f 6313 1816 7842
f 61 5671 7843
f 5671 2 8538
f 4211 6833 7844
f 6833 114 7844
f 26 6877 7845
f 6877 34 7845
f 905 5853 7846
f 5853 4043 7846
f 1680 5788 7847
f 5788 3512 7847
f 2662 7020 7848
f 7020 4109 8099
f 75 3232 7849
f 3232 381 7849
f 361 2569 7850
f 2569 2159 7850
f 662 4539 7851
f 4539 104 7851
f 3198 7294 7852
f 7294 3616 7852
f 193 1059 7853
f 1059 398 7853
f 342 2707 7854
f 2707 690 7854
f 4111 7601 7855
f 7601 4017 7855
f 45 6415 7856
f 6415 925 7856
f 446 4942 7857
f 4942 903 7857
f 2029 6266 7858
f 6266 75 7858
f 2385 4140 7859
f 4140 1001 7859
f 1 4066 7860
f 4066 11 9466
f 201 6216 7861
f 6216 1950 7861
f 245 2271 7862
f 2271 2097 7862
f 4 6506 7863
f 6506 2704 7863
f 1395 4514 7864
f 4514 1856 7864
f 1302 1610 7865
f 1610 261 7865
f 51 7535 7866
f 7535 29 7866
f 2117 6544 7867
f 6544 135 7867
f 120 1287 7868
f 1287 20 8397
f 16 7808 8950
f 7808 566 7869
f 15 5915 7870
f 5915 5896 7870
f 104 6529 7871
f 6529 5823 9907
f 1429 6795 7872
f 6795 1992 7872
f 937 4377 7873
f 4377 175 7873
f 680 3782 7874
f 3782 3360 7874
f 2634 5898 9976
f 5898 5891 7875
f 1769 7168 7876
f 7168 1911 7876
f 1285 1817 7877
f 1817 6 7877
f 609 7584 7878
f 7584 3375 7878
f 3950 4557 7879
f 4557 2542 8869
f 1163 2248 7880
f 2248 454 7880
f 3322 6347 7881
f 6347 1122 7881
f 487 2314 7882
f 2314 582 7882
f 796 2346 7883
f 2346 955 7883
f 57 7240 7884
f 7240 76 7884
f 1443 1543 7980
f 1543 206 7885
f 1771 2681 7886
f 2681 1939 8946
f 4905 5753 7887
f 5753 4886 7887
f 205 1145 7888
f 1145 1136 7888
f 201 7048 7889
f 7048 4436 9074
f 1359 5001 7890
f 5001 2409 7890
f 5616 7030 7891
f 7030 4247 7891
f 1461 6813 7892
f 6813 1966 7892
f 3766 6631 7893
f 6631 1800 7893
f 3816 5706 7894
f 5706 60 9905
f 498 798 7895
f 798 27 7895
f 609 6696 8073
f 6696 3584 7896
f 6797 7443 7897
f 7443 3305 7897
f 1142 2859 7898
f 2859 357 9229
f 788 6211 7899
f 6211 2172 7899
f 913 1808 7900
f 1808 259 7900
f 148 7391 7901
f 7391 2699 7901
f 1336 6627 7902
f 6627 477 7902
f 889 5184 7903
f 5184 4291 7903
f 10 7625 7904
f 7625 2444 7904
f 1155 2971 7905
f 2971 2174 7905
f 3088 4243 7906
f 4243 202 7906
f 4462 5304 7907
f 5304 848 7907
f 17 4167 7908
f 4167 1449 7908
f 83 6612 7909
f 6612 983 7909
f 642 4437 7910
f 4437 3881 7910
f 1466 5201 7911
f 5201 3174 7911
f 1282 5723 7912
f 5723 484 7912
f 1949 3126 7913
f 3126 1 7913
f 1176 2824 8927
f 2824 1694 7914
f 1129 3245 7915
f 3245 1590 7915
f 473 855 7916
f 855 62 7916
f 917 3865 7917
f 3865 593 7917
f 499 1050 7918
f 1050 232 7918
f 1085 2799 7919
f 2799 2499 7919
f 4593 5991 7920
f 5991 2198 7920
f 690 6944 7921
f 6944 4142 7921
f 1429 7566 7922
f 7566 190 7922
f 387 3570 7923
f 3570 1589 7923
f 179 6734 7924
f 6734 6449 7924
f 1152 1216 7925
f 1216 153 9048
f 446 3631 7926
f 3631 1373 7926
f 2835 7112 7927
f 7112 2632 8775
f 4044 5806 7928
f 5806 3478 9542
f 738 5944 7929
f 5944 5766 7929
f 349 5002 7930
f 5002 1339 7930
f 521 3658 7931
f 3658 431 7931
f 3303 6533 9283
f 6533 12 7932
f 742 1773 7933
f 1773 1202 7933
f 98 4556 7934
f 4556 3196 7934
f 4742 6124 7935
f 6124 260 7935
f 1124 1693 8078
f 1693 174 7936
f 1272 5425 8862
f 5425 461 7937
f 1354 5694 7938
f 5694 1314 7938
f 4501 6509 7939
f 6509 11 7939
f 2950 7446 8551
f 7446 3748 7940
f 27 798 8786
f 798 310 7941
f 361 1299 7942
f 1299 750 7942
f 4124 7618 7943
f 7618 6552 7943
f 1281 3571 7944
f 3571 2101 7944
f 1668 5045 7945
f 5045 31 7945
f 105 4299 7946
f 4299 281 7946
f 319 3312 7947
f 3312 635 7947
f 750 6602 7948
f 6602 5620 7948
f 484 4025 7949
f 4025 855 7949
f 602 7521 7950
f 7521 5407 7950
f 199 4404 7951
f 4404 1911 7951
f 1365 5982 7952
f 5982 31 7952
f 2561 4035 7953
f 4035 3790 7953
f 3175 5832 7954
f 5832 83 7954
f 3506 3958 7955
f 3958 3599 7955
f 1182 7003 9035
f 7003 5680 7956
f 3395 4678 7957
f 4678 3913 7957
f 5306 5651 7958
f 5651 4252 7958
f 3319 6149 7959
f 6149 3409 7959
f 3697 5780 7960
f 5780 2039 7960
f 617 2391 7961
f 2391 743 7961
f 3782 7150 8260
f 7150 3309 7962
f 5165 6579 7963
f 6579 59 7963
f 25 6889 7964
f 6889 3342 7964
f 169 1545 7965
f 1545 1032 7965
f 2101 7180 7966
f 7180 1281 7966
f 327 7210 7967
f 7210 1007 7967
f 13 1852 7968
f 1852 1186 7968
f 330 6572 7969
f 6572 2324 7969
f 445 756 7970
f 756 741 7970
f 35 1948 7971
f 1948 148 7971
f 5726 7150 7972
f 7150 3782 7972
f 7 3024 7973
f 3024 590 7973
f 4647 5646 7974
f 5646 3421 7974
f 814 2331 7975
f 2331 175 7975
f 114 4737 7976
f 4737 163 7976
f 6 7459 7977
f 7459 574 9446
f 31 7353 7978
f 7353 4055 7978
f 2062 7732 7979
f 7732 397 9293
f 1543 7885 7980
f 7885 1443 7980
f 1221 1953 7981
f 1953 22 7981
f 12 4523 7982
f 4523 29 7982
f 1780 2064 7983
f 2064 1771 7983
f 1514 6651 7984
f 6651 1519 7984
f 954 6582 7985
f 6582 1108 7985
f 1058 2584 7986
f 2584 552 7986
f 934 5075 9008
f 5075 647 7987
f 6120 7073 8728
f 7073 193 7988
f 540 4072 7989
f 4072 148 7989
f 769 6726 7990
f 6726 65 7990
f 1680 3760 7991
f 3760 486 7991
f 730 5060 7992
f 5060 1738 7992
f 1552 6280 8135
f 6280 861 7993
f 1709 6542 7994
f 6542 5482 7994
f 2741 3259 7995
f 3259 2308 7995
f 39 1242 7996
f 1242 225 7996
f 269 6999 7997
f 6999 1360 7997
f 690 4108 9658
f 4108 73 7998
f 1161 6247 7999
f 6247 2238 9269
f 196 2691 8000
f 2691 71 8000
f 4058 5166 8001
f 5166 4681 8001
f 2532 7077 8002
f 7077 113 8002
f 27 1109 8003
f 1109 232 9757
f 372 1489 8546
f 1489 193 8004
f 499 848 8005
f 848 310 8005
f 585 1710 8006
f 1710 661 8006
f 5791 7389 8007
f 7389 4548 8007
f 2273 2914 8008
f 2914 2232 8008
f 6000 6631 8009
f 6631 3766 8009
f 3793 5536 8010
f 5536 39 8010
f 711 6852 8011
f 6852 580 8011
f 976 3697 8012
f 3697 1157 8012
f 2805 7753 8013
f 7753 465 8013
f 756 5701 8014
f 5701 5496 8014
f 1086 3462 8015
f 3462 36 8015
f 703 2583 8016
f 2583 2031 8016
f 370 3908 8017
f 3908 2204 8017
f 1231 7677 8018
f 7677 2755 8018
f 912 928 8019
f 928 11 8249
f 45 5928 8020
f 5928 327 8020
f 73 3403 8021
f 3403 582 8021
f 89 5203 8022
f 5203 10 8022
f 3864 4002 8023
f 4002 56 8023
f 194 7068 8024
f 7068 373 8024
f 169 7399 8025
f 7399 2311 8025
f 149 4708 8026
f 4708 1933 8026
f 3185 5214 8027
f 5214 83 8027
f 950 7309 8028
f 7309 1227 8028
f 342 7172 8029
f 7172 6136 8029
f 208 844 8030
f 844 565 8030
f 750 4435 8031
f 4435 1759 8031
f 2140 5480 8032
f 5480 1208 8032
f 2 3904 8033
f 3904 53 8033
f 2185 4170 8034
f 4170 156 8034
f 1414 6167 8035
f 6167 4247 8035
f 2472 7470 8036
f 7470 1011 8036
f 1382 6518 8037
f 6518 5362 9917
f 1583 7211 8038
f 7211 4748 8038
f 1957 4644 8039
f 4644 1027 8039
f 6274 7013 8040
f 7013 2783 8040
f 207 2371 8041
f 2371 529 8041
f 1036 1602 8042
f 1602 856 8042
f 311 1601 8043
f 1601 841 8043
f 1220 4074 8044
f 4074 3249 8044
f 736 7181 8045
f 7181 2448 8045
f 12 6776 8046
f 6776 3303 8046
f 3424 5217 8047
f 5217 4110 8047
f 1600 3436 8048
f 3436 302 8048
f 737 7661 8049
f 7661 481 8049
f 1289 2876 8050
f 2876 1517 8050
f 9 426 8051
f 426 142 8051
f 27 1851 8052
f 1851 1145 8052
f 1365 3849 8053
f 3849 1639 8053
f 6269 6968 8054
f 6968 73 8054
f 39 314 8055
f 314 19 8055
f 1187 3872 8056
f 3872 3439 8056
f 1 829 8057
f 829 459 8057
f 2972 6567 8058
f 6567 3165 8058
f 3776 5325 8059
f 5325 1185 8059
f 176 3888 8060
f 3888 147 8060
f 5589 7613 8061
f 7613 3655 8061
f 544 5654 8062
f 5654 1870 8062
f 897 5188 8063
f 5188 98 8888
f 5207 5596 8064
f 5596 2873 8064
f 6913 7311 8065
f 7311 5608 8065
f 361 4019 8066
f 4019 2796 8898
f 429 4728 8067
f 4728 6 8067
f 2274 7559 8068
f 7559 3812 8068
f 4593 5779 8069
f 5779 1194 8069
f 1759 4435 8070
f 4435 972 8070
f 283 4432 8777
f 4432 3248 8071
f 1456 2166 8072
f 2166 331 8072
f 6696 7896 8073
f 7896 609 8073
f 4444 4775 8074
f 4775 134 8074
f 117 4972 8075
f 4972 2537 8075
f 41 1560 8076
f 1560 6 8076
f 24 2556 8077
f 2556 14 8077
f 1693 7936 8078
f 7936 1124 8078
f 4609 5182 8079
f 5182 2145 8079
f 2973 3534 8080
f 3534 584 8080
f 1995 6321 8081
f 6321 2104 8081
f 2200 3286 8082
f 3286 18 8082
f 672 4934 8083
f 4934 297 8083
f 1365 8053 8084
f 8053 1639 8084
f 3802 6771 8085
f 6771 2837 8085
f 1771 2064 8086
f 2064 1029 8724
f 821 7523 8087
f 7523 630 8087
f 2552 5470 8088
f 5470 3831 8088
f 1514 3509 8089
f 3509 2228 8089
f 3940 4308 8090
f 4308 48 8090
f 1426 6873 8091
f 6873 4208 8091
f 3166 5173 8158
f 5173 4 8092
f 1046 3202 8093
f 3202 3064 9070
f 1172 4175 8094
f 4175 3225 8094
f 672 1178 8095
f 1178 82 8095
f 3473 6715 8096
f 6715 4057 8096
f 198 701 8097
f 701 460 8097
f 4840 5542 8098
f 5542 4395 8098
f 4109 7848 8722
f 7848 7020 8099
f 1719 3227 8100
f 3227 2511 8100
f 4466 4733 8101
f 4733 2165 8101
f 2075 4882 8102
f 4882 12 8102
f 6 1051 8103
f 1051 824 8103
f 4641 4657 8104
f 4657 1004 8104
f 724 7452 8105
f 7452 3455 8105
f 25 4460 8106
f 4460 128 8106
f 1623 3438 8107
f 3438 298 8107
f 2946 6161 8108
f 6161 4855 8108
f 12 4170 8109
f 4170 2185 8109
f 1283 4246 8110
f 4246 3538 8110
f 4 781 8111
f 781 122 8111
f 1920 2741 8112
f 2741 2402 8112
f 116 1564 8113
f 1564 133 8113
f 574 3408 8114
f 3408 1347 8114
f 3982 6479 8115
f 6479 180 8115
f 4 3863 8116
f 3863 49 8116
f 1282 7912 8117
f 7912 484 8117
f 2234 5296 8118
f 5296 164 8118
f 5697 7495 8119
f 7495 736 8119
f 2034 5185 8120
f 5185 2251 8120
f 224 1173 8121
f 1173 4 8121
f 227 4245 8122
f 4245 1933 8122
f 84 6980 8123
f 6980 5158 8123
f 1063 4366 8124
f 4366 3031 8124
f 276 2147 8125
f 2147 18 8125
f 451 1840 8126
f 1840 1709 8126
f 3609 5440 8127
f 5440 4723 8127
f 117 2537 8128
f 2537 249 8686
f 4 7200 8129
f 7200 43 8129
f 2208 3704 8130
f 3704 183 9134
f 339 5520 8131
f 5520 2200 8131
f 200 1795 8132
f 1795 456 8132
f 6527 6575 8133
f 6575 2051 8133
f 4261 6655 9374
f 6655 1705 8134
f 6280 7993 8135
f 7993 1552 8135
f 363 7115 8136
f 7115 3914 8136
f 25 2817 8137
f 2817 895 8137
f 1194 4876 8138
f 4876 845 8138
f 3136 4282 8139
f 4282 26 8803
f 194 2016 8140
f 2016 377 8140
f 50 4740 8141
f 4740 3501 8141
f 1186 2362 8142
f 2362 22 8142
f 1250 3157 8143
f 3157 380 8143
f 1313 5449 8144
f 5449 559 8144
f 415 7306 8145
f 7306 2367 8145
f 3774 7439 8872
f 7439 546 8146
f 334 5879 8318
f 5879 5746 8147
f 49 4044 8148
f 4044 1888 8148
f 2894 7620 8149
f 7620 363 8149
f 11 6744 8150
f 6744 3589 8150
f 73 2404 8151
f 2404 398 9683
f 2518 2948 8152
f 2948 729 8152
f 3115 4392 8153
f 4392 222 8153
f 4868 5554 8154
f 5554 311 8154
f 2561 7953 8155
f 7953 3790 8155
f 6 1075 8156
f 1075 22 8156
f 139 4301 8157
f 4301 6 8157
f 5173 8092 8158
f 8092 3166 8158
f 2721 3429 8159
f 3429 2509 8159
f 185 6191 8160
f 6191 1133 8160
f 2268 5314 8161
f 5314 694 8161
f 448 7743 9611
f 7743 3573 8162
f 1347 5028 8163
f 5028 2974 8163
f 1140 3508 8164
f 3508 2598 8164
f 4436 7048 8165
f 7048 241 8165
f 63 1669 8166
f 1669 202 8166
f 1945 4064 8167
f 4064 61 8167
f 572 2462 8168
f 2462 1349 8168
f 39 4389 8169
f 4389 1276 8169
f 306 4212 8170
f 4212 1406 8170
f 5077 6739 8171
f 6739 10 8989
f 83 1338 8172
f 1338 435 8172
f 439 4233 8173
f 4233 998 8173
f 2129 2349 8174
f 2349 1891 8174
f 67 7356 8175
f 7356 1228 8175
f 6037 6863 8176
f 6863 1518 8611
f 1926 4089 8177
f 4089 240 8177
f 1068 1576 8178
f 1576 1202 8178
f 2753 5845 8180
f 5845 2749 8179
f 5845 8179 8180
f 8179 2753 8180
f 386 5098 8181
f 5098 326 8181
f 2943 6812 8182
f 6812 3898 8182
f 3306 6661 8183
f 6661 1028 8183
f 756 2416 8184
f 2416 1522 8184
f 3425 6965 8185
f 6965 4247 8185
f 1747 2774 8186
f 2774 293 8186
f 281 6203 8187
f 6203 144 9199
f 161 7192 8188
f 7192 3586 8188
f 4050 4594 8189
f 4594 1541 8189
f 1350 2424 8190
f 2424 183 8190
f 827 5614 8191
f 5614 4772 8191
f 985 6249 8192
f 6249 5147 8192
f 649 1284 9891
f 1284 83 8193
f 1456 3480 8194
f 3480 43 8194
f 534 837 8195
f 837 271 8195
f 1527 4116 8870
f 4116 51 8196
f 2637 6847 8197
f 6847 3819 8197
f 2526 5248 8198
f 5248 574 8198
f 408 6029 8199
f 6029 2633 8626
f 1101 1739 8907
f 1739 308 8200
f 10 564 8201
f 564 41 8201
f 5188 7761 8202
f 7761 526 8653
f 4 7056 8203
f 7056 194 8203
f 1022 1170 8204
f 1170 75 8204
f 1968 6377 8205
f 6377 738 8205
f 51 3373 8431
f 3373 108 8938
f 939 6583 8207
f 6583 2629 8207
f 49 3911 8208
f 3911 3569 8208
f 2337 7764 8209
f 7764 887 8209
f 6 170 8210
f 170 149 8210
f 1052 2412 8211
f 2412 1551 8211
f 1023 3879 8212
f 3879 341 8212
f 3557 7194 8213
f 7194 12 8213
f 217 6301 8214
f 6301 57 8214
f 5719 6306 9373
f 6306 6104 8215
f 395 1810 8216
f 1810 1429 8216
f 1217 7223 8217
f 7223 1027 8217
f 1177 2930 8218
f 2930 2407 9077
f 1830 5068 8219
f 5068 2933 8219
f 1699 6006 8220
f 6006 3 8401
f 1660 5571 8221
f 5571 299 8221
f 1325 3543 8222
f 3543 194 8222
f 33 3772 8223
f 3772 422 8223
f 1229 2727 8224
f 2727 433 8224
f 2528 6642 8225
f 6642 1083 8225
f 17 213 8226
f 213 125 8226
f 5928 6740 8227
f 6740 327 8227
f 639 7158 8228
f 7158 1369 8228
f 4974 7835 8229
f 7835 57 9739
f 37 234 8230
f 234 230 8230
f 22 6352 8231
f 6352 5363 8231
f 12 1344 8232
f 1344 550 8232
f 2632 7927 8233
f 7927 7112 8233
f 2311 7399 8234
f 7399 4268 8234
f 596 7043 8235
f 7043 424 8235
f 3744 4577 8236
f 4577 257 9641
f 6227 7842 8237
f 7842 1816 8237
f 883 5376 8238
f 5376 4503 8238
f 2235 4912 8239
f 4912 3733 8239
f 5267 6123 9041
f 6123 567 8240
f 1865 4768 8241
f 4768 944 8241
f 4748 7211 8242
f 7211 59 8242
f 4312 7819 8243
f 7819 2340 8243
f 1840 6542 8244
f 6542 1709 8244
f 2350 5196 8245
f 5196 2034 8245
f 4951 5054 8246
f 5054 492 8246
f 24 274 8247
f 274 62 8247
f 5799 6449 8248
f 6449 4605 8248
f 11 8019 8249
f 8019 928 8249
f 1337 2013 9012
f 2013 238 9685
f 262 6270 8251
f 6270 880 8251
f 3 5836 8252
f 5836 4164 8526
f 1390 5789 8253
f 5789 49 8253
f 2377 3515 8254
f 3515 605 8254
f 188 678 8255
f 678 537 8255
f 5205 5372 8256
f 5372 19 8256
f 1478 1791 8257
f 1791 314 8257
f 24 4069 8258
f 4069 809 8258
f 476 2231 8259
f 2231 2004 8695
f 7150 7962 8260
f 7962 3782 8260
f 90 4726 8261
f 4726 492 8261
f 1227 7309 8262
f 7309 2321 8262
f 12 1904 8263
f 1904 1668 8263
f 582 811 8264
f 811 73 8264
f 4241 6245 9275
f 6245 1065 8265
f 342 1685 8266
f 1685 593 8266
f 3323 7544 8267
f 7544 2373 8267
f 3211 3244 8268
f 3244 592 8268
f 5632 6821 8269
f 6821 4574 8269
f 17 7295 8270
f 7295 4034 9013
f 3999 5091 8271
f 5091 1803 8271
f 4511 6349 8272
f 6349 1409 8272
f 252 3953 8273
f 3953 180 8273
f 3751 6004 8274
f 6004 2243 8274
f 2894 8149 8275
f 8149 363 8275
f 4616 5892 8276
f 5892 3117 8276
f 1085 2249 9527
f 2249 324 8277
f 4369 5562 9592
f 5562 2330 8278
f 733 3622 8279
f 3622 2179 8279
f 300 6162 8280
f 6162 108 8280
f 414 799 8281
f 799 25 8281
f 1669 5654 9430
f 5654 544 8282
f 694 3562 8283
f 3562 1916 8283
f 135 3968 8284
f 3968 189 8284
f 2731 3414 8285
f 3414 2455 8285
f 14 2426 9383
f 2426 952 8286
f 425 5385 8287
f 5385 430 8287
f 3150 5096 8288
f 5096 1593 8288
f 3195 3587 8289
f 3587 109 8289
f 242 1818 8290
f 1818 574 8290
f 216 6117 8291
f 6117 22 8291
f 10 7723 8292
f 7723 1342 8292
f 1370 2212 8293
f 2212 89 8293
f 941 1142 8294
f 1142 357 8294
f 408 6971 8295
f 6971 15 8295
f 4859 7664 8296
f 7664 300 8912
f 11 7801 8297
f 7801 336 8297
f 3095 3537 8298
f 3537 1525 8298
f 3528 6010 9111
f 6010 27 8299
f 253 3428 8300
f 3428 12 8354
f 7668 7689 8301
f 7689 6112 8301
f 1659 3472 8302
f 3472 17 8413
f 830 1805 8303
f 1805 160 8303
f 4493 4563 8304
f 4563 45 8304
f 321 604 8305
f 604 211 8305
f 56 748 8306
f 748 642 8306
f 1757 2154 8307
f 2154 385 8307
f 484 4686 8308
f 4686 4025 8308
f 1457 5601 8309
f 5601 3275 8309
f 80 1941 8310
f 1941 253 8310
f 2443 5317 8311
f 5317 4391 8311
f 1584 6595 8312
f 6595 1666 8312
f 29 7535 8313
f 7535 4116 8313
f 1038 2690 8314
f 2690 5 8314
f 1665 6222 9268
f 6222 1186 8315
f 338 3922 9480
f 3922 41 8316
f 14 1264 8317
f 1264 520 9350
f 5879 8147 8318
f 8147 334 8911
f 1237 2800 8319
f 2800 544 8319
f 6926 7215 8320
f 7215 1788 8320
f 929 6894 8321
f 6894 5901 8321
f 1954 5977 8322
f 5977 5922 8322
f 2032 7140 8323
f 7140 2241 9718
f 1177 8218 8324
f 8218 2407 8324
f 262 5108 9567
f 5108 1512 8325
f 890 2057 8326
f 2057 2055 8326
f 32 7605 8327
f 7605 614 8327
f 4191 6769 8328
f 6769 988 8328
f 5052 5462 8329
f 5462 3290 8329
f 6 3013 8330
f 3013 1448 8330
f 1406 1716 8331
f 1716 306 8331
f 1093 4839 8332
f 4839 12 8332
f 199 7804 8333
f 7804 4494 8333
f 3 7152 8334
f 7152 3422 8334
f 938 4075 8335
f 4075 206 9971
f 9 5367 8336
f 5367 3206 8336
f 1945 8167 8337
f 8167 61 8337
f 1129 3556 8338
f 3556 12 8338
f 2047 2079 8339
f 2079 1035 8339
f 137 4623 8340
f 4623 2203 8340
f 1769 1854 8341
f 1854 7 8341
f 456 1442 8342
f 1442 832 8342
f 3496 5749 8343
f 5749 1094 8343
f 39 376 8344
f 376 142 8344
f 804 3153 8345
f 3153 12 8345
f 174 2197 8346
f 2197 1885 8346
f 17 4222 8347
f 4222 1914 8347
f 104 2559 8348
f 2559 834 8348
f 233 3291 8349
f 3291 523 8349
f 653 1940 8350
f 1940 201 8350
f 27 8052 8351
f 8052 1145 8351
f 2136 3874 8352
f 3874 1626 8352
f 1511 6148 8353
f 6148 2265 8353
f 12 8300 8354
f 8300 3428 8354
f 33 5817 8355
f 5817 5774 8355
f 2208 8130 8356
f 8130 183 8356
f 2957 5695 8357
f 5695 1479 8357
f 42 413 8358
f 413 22 8358
f 2472 8036 8359
f 8036 1011 8359
f 1176 7119 8360
f 7119 195 8360
f 795 7767 8361
f 7767 2111 8361
f 658 5081 8362
f 5081 1324 8362
f 927 3113 8363
f 3113 13 8363
f 1809 4473 8364
f 4473 1441 8364
f 2168 2733 8365
f 2733 539 8365
f 5707 6510 8366
f 6510 1 8366
f 2202 5509 8367
f 5509 2372 8367
f 1999 7011 8368
f 7011 1374 8368
f 3195 6690 8369
f 6690 6439 8369
f 984 3635 8370
f 3635 72 8370
f 32 3235 8371
f 3235 2968 8371
f 461 3656 8372
f 3656 2301 8372
f 228 7051 8373
f 7051 532 8373
f 480 4368 8374
f 4368 1322 8374
f 2950 3921 8375
f 3921 291 8375
f 2015 7781 8376
f 7781 4531 8376
f 2162 3557 8377
f 3557 12 8377
f 416 6290 8378
f 6290 310 8378
f 1672 7648 8379
f 7648 2256 8379
f 719 3893 8380
f 3893 1645 8380
f 7177 7476 8381
f 7476 2153 8381
f 1766 3777 8382
f 3777 98 8382
f 3206 5367 8383
f 5367 3992 8383
f 266 6633 8384
f 6633 2351 9456
f 1084 6983 8385
f 6983 2110 8385
f 5680 7003 9798
f 7003 4642 8386
f 26 7298 8387
f 7298 6483 8387
f 73 3364 8388
f 3364 20 8388
f 3115 7367 8389
f 7367 1740 8389
f 69 4886 8390
f 4886 2296 8390
f 3214 6961 8391
f 6961 297 8391
f 160 2089 8392
f 2089 1908 8392
f 2962 3394 8393
f 3394 1449 8393
f 49 1437 8394
f 1437 241 8394
f 2034 5196 8395
f 5196 3384 8395
f 1084 5614 8396
f 5614 827 8396
f 20 7868 9502
f 7868 1287 8397
f 87 4856 8398
f 4856 449 8398
f 3252 6281 8399
f 6281 175 8399
f 1091 2935 8400
f 2935 375 8400
f 3 8220 8401
f 8220 6006 8401
f 1784 4326 8402
f 4326 3705 8402
f 345 2712 8403
f 2712 394 8403
f 3464 3820 8404
f 3820 581 8404
f 1801 3896 8405
f 3896 2004 8405
f 3470 3817 8406
f 3817 3275 9207
f 2016 2607 8407
f 2607 377 8407
f 228 6881 8408
f 6881 1057 8408
f 3025 3745 8409
f 3745 2451 8409
f 6 7228 8410
f 7228 4043 8410
f 519 1597 8411
f 1597 1055 8411
f 5257 5689 8412
f 5689 51 9146
f 17 8302 8413
f 8302 3472 8413
f 38 1994 8414
f 1994 1 8414
f 22 7737 8415
f 7737 2184 8415
f 270 2838 8416
f 2838 1471 8416
f 48 623 8417
f 623 75 8417
f 1866 6765 8418
f 6765 199 8418
f 900 4464 8419
f 4464 2067 8419
f 480 3176 8420
f 3176 2960 8420
f 415 3274 8421
f 3274 602 8421
f 510 1056 8422
f 1056 948 8422
f 13 871 9097
f 871 24 8423
f 1686 3432 8424
f 3432 12 8424
f 2932 5737 8425
f 5737 25 8425
f 605 923 8426
f 923 88 8426
f 748 2109 8427
f 2109 642 8427
f 1653 2983 8428
f 2983 356 8428
f 262 1288 8429
f 1288 1009 8429
f 5992 6751 9108
f 6751 6206 9755
f 3373 8206 8431
f 8206 51 8431
f 229 7769 8432
f 7769 206 8432
f 3748 7446 8433
f 7446 291 8433
f 3978 4658 8434
f 4658 419 8567
f 828 6149 8435
f 6149 3319 8435
f 480 4344 8493
f 4344 753 8436
f 327 1007 8437
f 1007 20 8437
f 2842 7644 8438
f 7644 3954 8438
f 1 6747 8439
f 6747 2 8439
f 6511 6701 8440
f 6701 4719 8440
f 2700 3937 8441
f 3937 249 8441
f 6498 7785 8442
f 7785 4158 8442
f 1875 4903 8443
f 4903 245 8443
f 136 1907 8444
f 1907 1706 8444
f 3940 5929 8445
f 5929 10 8445
f 19 7602 8446
f 7602 3743 8446
f 1151 5275 8447
f 5275 428 8447
f 104 7086 8448
f 7086 1507 8448
f 594 7122 9486
f 7122 1023 9608
f 70 6610 8450
f 6610 629 8450
f 1276 4091 8451
f 4091 2324 8599
f 4851 7764 8452
f 7764 2337 8452
f 154 3588 8453
f 3588 1631 8675
f 6145 7430 8454
f 7430 1052 8454
f 155 3400 8455
f 3400 68 8455
f 67 3888 8456
f 3888 176 8456
f 1259 1430 8457
f 1430 1105 8457
f 311 1400 8458
f 1400 614 8458
f 69 4504 8459
f 4504 4128 8459
f 855 1434 8460
f 1434 62 8460
f 2125 5919 8461
f 5919 160 8461
f 356 1775 8462
f 1775 4 8462
f 4583 6555 8463
f 6555 768 8463
f 2125 8461 8464
f 8461 160 8464
f 104 500 8465
f 500 49 8465
f 19 2292 8466
f 2292 190 9734
f 5561 5987 8467
f 5987 2573 8467
f 2073 4411 8468
f 4411 415 8468
f 2364 5844 8469
f 5844 470 9523
f 3733 6775 8470
f 6775 6139 8470
f 3175 4821 8471
f 4821 967 8471
f 3629 5733 8472
f 5733 1093 8472
f 1001 4806 8473
f 4806 4362 8986
f 212 3532 8474
f 3532 54 8474
f 4462 7907 8475
f 7907 848 8475
f 207 7796 8476
f 7796 2775 8476
f 6 5434 8477
f 5434 1556 8477
f 2602 7319 8478
f 7319 69 8478
f 211 3665 8479
f 3665 505 8479
f 5616 7891 8597
f 7891 4247 8480
f 1494 5234 8481
f 5234 322 8481
f 529 1501 8482
f 1501 105 8482
f 1469 3735 8483
f 3735 43 8483
f 397 7732 8484
f 7732 3848 8484
f 528 1607 8485
f 1607 6 8485
f 179 602 8486
f 602 445 8486
f 3695 5545 8487
f 5545 5 8487
f 4135 7349 8488
f 7349 1026 9964
f 1484 6936 8489
f 6936 331 8489
f 2466 4853 8490
f 4853 260 8490
f 3154 4118 8491
f 4118 289 8491
f 2377 8254 8492
f 8254 605 8492
f 4344 8436 8493
f 8436 480 8493
f 376 5205 8494
f 5205 5162 8494
f 2004 2231 8495
f 2231 1801 8495
f 3822 3972 9262
f 3972 2868 8496
f 2349 4958 8497
f 4958 1298 8497
f 622 1608 8498
f 1608 236 8498
f 845 2533 8499
f 2533 1 8499
f 34 4952 8500
f 4952 878 8500
f 390 5609 8501
f 5609 3000 8501
f 1817 6993 8502
f 6993 1212 8502
f 20 6543 8503
f 6543 3313 8503
f 4929 6325 9216
f 6325 241 8504
f 151 2918 9996
f 2918 12 8505
f 319 3865 9946
f 3865 917 8506
f 14 3717 8507
f 3717 13 8507
f 2240 2663 8508
f 2663 2328 8508
f 3228 4293 8509
f 4293 1621 8509
f 17 7062 8510
f 7062 7011 8510
f 69 7138 8511
f 7138 7126 8511
f 3050 6450 8512
f 6450 681 8512
f 465 4526 9903
f 4526 2805 8513
f 880 4071 8514
f 4071 1512 8514
f 12 1223 8515
f 1223 850 8515
f 154 5809 8516
f 5809 5089 8516
f 69 619 8517
f 619 32 8517
f 386 3622 8518
f 3622 733 8518
f 1 2869 8519
f 2869 1936 8519
f 227 1213 8520
f 1213 171 8520
f 4 1791 8521
f 1791 1478 8521
f 846 4726 8522
f 4726 90 8522
f 2338 5174 8523
f 5174 1028 8523
f 246 7417 8524
f 7417 4719 8524
f 401 6328 8525
f 6328 3679 8525
f 4164 8252 8526
f 8252 5836 8526
f 653 7479 8527
f 7479 4264 8527
f 205 7888 8528
f 7888 1136 8528
f 8 226 8529
f 226 167 8529
f 352 5549 8530
f 5549 654 8530
f 4316 6346 8531
f 6346 1352 8531
f 4146 6751 8532
f 6751 5992 8532
f 473 5521 8533
f 5521 3135 9401
f 620 3035 8534
f 3035 320 8534
f 807 2813 8535
f 2813 2253 8535
f 2386 6262 9952
f 6262 2438 8536
f 48 2089 8537
f 2089 160 8537
f 2 7843 8538
f 7843 5671 8538
f 484 5723 8539
f 5723 62 8539
f 9 4415 8540
f 4415 219 8540
f 3047 7095 8541
f 7095 2117 8541
f 27 6952 8542
f 6952 93 8542
f 633 7485 8543
f 7485 4692 9459
f 456 1579 8544
f 1579 816 8544
f 45 8020 8545
f 8020 327 8545
f 1489 8004 8546
f 8004 372 8546
f 3293 3918 8547
f 3918 2861 8547
f 22 6117 8548
f 6117 1341 8548
f 593 3865 8549
f 3865 319 8549
f 423 5447 9378
f 5447 192 8550
f 7446 7940 8551
f 7940 2950 8551
f 107 4703 8552
f 4703 991 8552
f 5522 7093 8553
f 7093 348 8553
f 5235 5343 8554
f 5343 1352 8554
f 246 4719 8555
f 4719 1591 8555
f 980 4631 8556
f 4631 1652 9558
f 234 2396 8557
f 2396 1384 8557
f 159 927 8558
f 927 13 8558
f 1590 3556 8559
f 3556 1129 8559
f 584 6853 8560
f 6853 1298 8560
f 940 2912 8561
f 2912 8 8780
f 7 744 8576
f 744 19 8562
f 4818 5295 8563
f 5295 3981 8563
f 89 1518 8564
f 1518 248 8564
f 1511 4651 8565
f 4651 2156 8565
f 3195 6439 8566
f 6439 5166 8566
f 419 8434 8567
f 8434 4658 8567
f 4795 5172 8568
f 5172 3890 8568
f 4072 5812 8569
f 5812 4906 8569
f 469 916 8570
f 916 658 8570
f 374 822 8571
f 822 236 8571
f 334 7047 8572
f 7047 5998 8572
f 34 6890 8573
f 6890 266 8573
f 4372 7302 8574
f 7302 7096 8914
f 3119 5408 8575
f 5408 3310 8575
f 744 8562 8576
f 8562 7 8576
f 162 1642 8577
f 1642 145 8577
f 504 2354 8578
f 2354 887 8578
f 1660 6957 8579
f 6957 2229 8579
f 4642 7003 8580
f 7003 1182 8580
f 12 7283 8581
f 7283 2676 8581
f 5011 7023 8582
f 7023 5279 8582
f 293 6344 8583
f 6344 1028 8583
f 2143 6130 8584
f 6130 3025 8584
f 2667 5597 8585
f 5597 315 9299
f 2665 3613 8586
f 3613 1413 8586
f 1812 5043 8587
f 5043 7 8587
f 218 6684 8588
f 6684 6589 8588
f 235 4702 8589
f 4702 946 8589
f 487 1480 8590
f 1480 691 8590
f 1714 6114 8591
f 6114 339 8942
f 87 5015 8592
f 5015 1042 8592
f 2578 5923 8658
f 5923 518 8807
f 656 7832 8947
f 7832 518 8594
f 780 1832 8595
f 1832 360 8595
f 146 2872 8596
f 2872 2737 8596
f 7891 8480 8597
f 8480 5616 8597
f 31 4182 8598
f 4182 2739 8598
f 2324 8451 8599
f 8451 4091 8599
f 12 5159 8600
f 5159 192 8600
f 11 6970 8601
f 6970 6841 8601
f 1 6984 8602
f 6984 1861 8602
f 76 2958 8603
f 2958 14 8603
f 1469 3480 8604
f 3480 1456 8604
f 4 3173 8867
f 3173 21 8605
f 439 4966 8606
f 4966 4685 8606
f 2027 3081 9309
f 3081 1687 8607
f 1182 5913 8608
f 5913 3546 8608
f 1000 7646 8609
f 7646 3829 8609
f 3368 5368 8610
f 5368 4317 8610
f 1518 8176 8611
f 8176 6863 8611
f 2454 7802 8612
f 7802 869 9125
f 474 3371 8613
f 3371 3281 8613
f 73 294 8614
f 294 8 8857
f 217 1654 8615
f 1654 60 8615
f 1087 5065 8616
f 5065 1912 8616
f 1 7698 8617
f 7698 4999 8617
f 1491 2985 8618
f 2985 43 8618
f 1662 5467 8619
f 5467 61 8619
f 3006 6537 8620
f 6537 184 8620
f 200 7615 8621
f 7615 6192 8770
f 56 6298 8622
f 6298 4531 8622
f 3572 5107 8623
f 5107 3970 8623
f 114 3728 8624
f 3728 322 8624
f 21 3173 8625
f 3173 460 8625
f 2633 8199 8626
f 8199 6029 8626
f 2099 6267 8627
f 6267 952 8627
f 1094 5948 8628
f 5948 3496 8628
f 259 5128 8629
f 5128 748 8629
f 5576 7548 8630
f 7548 302 8630
f 4000 6990 8631
f 6990 517 8631
f 841 7805 9301
f 7805 311 8632
f 330 3927 8633
f 3927 857 8633
f 4530 7638 8634
f 7638 6829 8634
f 2564 3230 8635
f 3230 576 8635
f 2099 2769 8636
f 2769 580 8636
f 1719 3483 8637
f 3483 116 8637
f 6402 6646 8638
f 6646 110 8638
f 75 2757 8639
f 2757 543 8639
f 2680 6866 8640
f 6866 4271 8640
f 12 5877 8641
f 5877 1736 8641
f 1360 6538 8642
f 6538 6 9811
f 2637 3819 8643
f 3819 126 9696
f 6249 6460 8644
f 6460 4304 8644
f 2190 5352 8645
f 5352 2282 8645
f 2859 6597 8646
f 6597 251 8646
f 1077 2959 8647
f 2959 2157 9789
f 118 1031 8648
f 1031 60 8648
f 3209 5631 8649
f 5631 414 8649
f 562 1704 8650
f 1704 101 8650
f 1408 5444 9556
f 5444 1254 8841
f 1049 7795 8652
f 7795 399 8652
f 526 8202 8653
f 8202 7761 8653
f 27 6010 8654
f 6010 2533 8654
f 1888 5876 8655
f 5876 4597 8655
f 1420 3261 8656
f 3261 402 8656
f 152 6165 8657
f 6165 28 8657
f 5923 8593 8658
f 8593 2578 8658
f 2318 6365 8659
f 6365 1663 8659
f 139 7314 8660
f 7314 896 8660
f 1717 5927 8661
f 5927 1 8661
f 2647 3027 8662
f 3027 627 8662
f 143 1411 8663
f 1411 151 8663
f 391 3369 8779
f 3369 891 8664
f 3766 6342 8665
f 6342 4803 8665
f 3341 5537 8666
f 5537 3467 8666
f 61 3013 8667
f 3013 6 8667
f 984 8370 8668
f 8370 72 8668
f 12 1973 8669
f 1973 1364 8669
f 480 1318 8670
f 1318 529 8670
f 1345 5250 9047
f 5250 3029 8671
f 318 1496 9168
f 1496 465 9266
f 5446 5500 8673
f 5500 3417 8673
f 723 2788 8674
f 2788 1100 8674
f 1631 8453 8675
f 8453 3588 8675
f 1106 2694 8676
f 2694 2459 8676
f 262 8251 8739
f 8251 880 8677
f 551 1628 8678
f 1628 883 8678
f 504 1842 8679
f 1842 524 8679
f 1059 1098 8680
f 1098 73 8680
f 300 2667 8681
f 2667 315 8681
f 2797 5414 8682
f 5414 4169 8682
f 1443 7885 8683
f 7885 206 8683
f 287 6500 8684
f 6500 176 8684
f 2520 3651 9126
f 3651 278 8685
f 249 8128 8686
f 8128 2537 8686
f 2156 4651 8687
f 4651 1465 8687
f 875 3529 8688
f 3529 5 8688
f 45 4537 8689
f 4537 86 8689
f 463 1019 8690
f 1019 67 8690
f 2155 2940 8691
f 2940 1434 8691
f 960 1458 8692
f 1458 1158 8692
f 184 6537 8693
f 6537 5423 8693
f 25 7296 8694
f 7296 6285 8694
f 2004 8259 8695
f 8259 2231 8695
f 1816 2255 8696
f 2255 4 8696
f 233 3952 8697
f 3952 3939 8697
f 985 5147 8698
f 5147 1475 8698
f 765 6031 8699
f 6031 347 8712
f 982 6140 8700
f 6140 311 8700
f 176 4275 8701
f 4275 5 8701
f 431 1890 8702
f 1890 311 8824
f 913 6708 8703
f 6708 1970 8703
f 748 8427 8704
f 8427 642 8704
f 5604 7436 8705
f 7436 7229 8705
f 903 6119 8706
f 6119 3233 8706
f 2387 5755 8707
f 5755 5421 8707
f 1492 3317 8708
f 3317 3152 8708
f 1706 6359 8709
f 6359 9 8709
f 2303 2789 8710
f 2789 2005 8710
f 32 614 8711
f 614 487 8711
f 347 8699 8712
f 8699 6031 8712
f 590 2485 8713
f 2485 2199 8713
f 160 8392 8714
f 8392 1908 8714
f 10 6307 8715
f 6307 629 8715
f 326 6840 8716
f 6840 989 8716
f 2737 3837 8717
f 3837 35 8717
f 6444 7598 8718
f 7598 7524 8718
f 3122 7490 8719
f 7490 2012 8719
f 3113 7839 8720
f 7839 62 8720
f 3382 7571 8721
f 7571 1246 9259
f 7848 8099 8722
f 8099 4109 8722
f 112 466 8723
f 466 282 8723
f 1029 8086 8724
f 8086 2064 8724
f 268 4796 8725
f 4796 806 8725
f 283 1321 8726
f 1321 27 8960
f 435 5206 8727
f 5206 3095 8727
f 7073 7988 8728
f 7988 6120 8728
f 1630 4509 8729
f 4509 2939 8729
f 3441 3780 9516
f 3780 1354 8730
f 180 5648 8731
f 5648 793 8731
f 1274 3370 8732
f 3370 62 8732
f 1736 5877 9656
f 5877 98 8733
f 5162 5439 8734
f 5439 142 8734
f 4872 6596 8735
f 6596 1313 8735
f 397 7979 8736
f 7979 7732 8736
f 3293 7236 8737
f 7236 4729 8737
f 777 2469 8738
f 2469 32 8738
f 8251 8677 8739
f 8677 262 8739
f 3194 7626 8740
f 7626 4646 8740
f 1357 7692 8741
f 7692 257 8741
f 241 7504 9407
f 7504 966 8742
f 6139 6775 8743
f 6775 193 8743
f 3375 7584 8744
f 7584 143 8744
f 750 2088 8745
f 2088 154 8745
f 5 6132 8746
f 6132 1119 8746
f 113 5237 8747
f 5237 1750 8747
f 37 3711 8748
f 3711 1631 8748
f 6 6490 8749
f 6490 6225 8749
f 98 5188 8750
f 5188 526 8750
f 372 2564 8751
f 2564 576 8751
f 169 2479 8752
f 2479 671 8752
f 2698 7792 8753
f 7792 4520 8753
f 560 6556 8754
f 6556 54 8754
f 93 3737 8755
f 3737 17 8755
f 1305 2732 8756
f 2732 1568 8756
f 12 132 8757
f 132 24 8757
f 24 6625 8758
f 6625 627 8758
f 2832 5333 8759
f 5333 4864 8759
f 279 6511 9624
f 6511 246 8760
f 77 926 8761
f 926 655 8761
f 1919 2304 8762
f 2304 31 8762
f 2063 4787 8763
f 4787 958 8763
f 979 5020 8764
f 5020 2159 8764
f 73 7624 8765
f 7624 4841 8765
f 1491 5142 9221
f 5142 4298 8766
f 16 7869 8767
f 7869 566 8767
f 2718 4481 8768
f 4481 6 8768
f 1029 2224 8769
f 2224 1780 8769
f 6192 8621 8770
f 8621 7615 8770
f 952 1290 8771
f 1290 24 8771
f 151 1411 8772
f 1411 427 8772
f 112 8723 8773
f 8723 282 8773
f 628 1679 8774
f 1679 137 8774
f 2632 8233 8775
f 8233 7112 8775
f 456 3352 8776
f 3352 3192 8776
f 4432 8071 8777
f 8071 283 8777
f 4060 4230 8778
f 4230 4228 8778
f 3369 8664 9353
f 8664 391 8779
f 8 8561 8780
f 8561 2912 8780
f 423 1033 8781
f 1033 116 8781
f 10 8715 8782
f 8715 629 8782
f 723 1100 8783
f 1100 224 8783
f 2933 7610 8784
f 7610 1292 8784
f 4993 7097 8785
f 7097 2112 8785
f 798 7941 8786
f 7941 27 8786
f 373 1295 8787
f 1295 1119 8787
f 3341 8666 8788
f 8666 3467 8788
f 439 1262 8789
f 1262 1194 8789
f 617 3451 8790
f 3451 77 8790
f 1187 7752 9036
f 7752 4206 8791
f 93 3288 8792
f 3288 458 8792
f 754 4260 8793
f 4260 2575 8793
f 329 5017 8794
f 5017 6 8794
f 6385 7708 8795
f 7708 1092 8795
f 2451 3745 8796
f 3745 32 8796
f 1 1324 8797
f 1324 313 8797
f 12 1564 8798
f 1564 116 8798
f 6511 7417 9447
f 7417 246 8799
f 1487 4144 8800
f 4144 6 8800
f 1621 4293 9024
f 4293 3616 8801
f 1010 1595 8802
f 1595 8 8802
f 26 8139 8803
f 8139 4282 8803
f 5493 5966 8804
f 5966 14 8804
f 790 5403 8805
f 5403 4484 8805
f 431 7251 8806
f 7251 3332 8806
f 518 8593 8807
f 8593 5923 8807
f 1476 7161 8833
f 7161 2905 8808
f 503 3816 8809
f 3816 60 8809
f 3479 7318 8810
f 7318 56 8810
f 899 7121 9345
f 7121 9 8811
f 1103 5611 8812
f 5611 522 8812
f 387 4016 8813
f 4016 2855 8813
f 6317 7557 8814
f 7557 5896 8814
f 7565 7820 8815
f 7820 31 8815
f 352 5947 8816
f 5947 1364 8816
f 552 5265 8817
f 5265 518 8817
f 2476 4406 8818
f 4406 3315 8818
f 552 8817 8819
f 8817 518 8819
f 135 4378 8820
f 4378 2614 8820
f 921 2410 8821
f 2410 353 8821
f 2070 6657 8822
f 6657 1959 8822
f 6698 7480 8823
f 7480 3343 8823
f 311 8702 8824
f 8702 1890 8824
f 93 8755 8825
f 8755 17 8825
f 5 6620 8826
f 6620 6265 9116
f 917 7270 8827
f 7270 2563 8827
f 1144 1461 8828
f 1461 1386 8828
f 1868 5976 8829
f 5976 1389 8829
f 4055 6497 8830
f 6497 4575 8830
f 2776 6899 8831
f 6899 4402 8831
f 114 2327 8832
f 2327 1117 8832
f 7161 8808 8833
f 8808 1476 8833
f 2068 6260 8834
f 6260 247 8834
f 49 4670 8835
f 4670 2115 8835
f 19 5766 8836
f 5766 3838 9371
f 474 8613 8837
f 8613 3281 8837
f 1162 2789 8838
f 2789 2303 8838
f 4067 4581 8839
f 4581 873 8839
f 19 659 8840
f 659 421 8840
f 1254 8651 8841
f 8651 5444 8841
f 2884 6830 8842
f 6830 1148 8842
f 4138 7141 8843
f 7141 1828 8843
f 5147 6249 8844
f 6249 4304 8844
f 2975 4375 8845
f 4375 1439 8845
f 2719 5150 8846
f 5150 340 8846
f 6913 8065 8847
f 8065 5608 8847
f 2783 7013 8848
f 7013 183 8848
f 1594 6500 8849
f 6500 287 8849
f 1720 3650 8850
f 3650 1079 9257
f 2943 8182 8851
f 8182 3898 8851
f 2648 5745 8852
f 5745 311 8852
f 1197 1447 8853
f 1447 348 8853
f 2566 4885 8854
f 4885 259 8854
f 180 6413 8855
f 6413 800 8855
f 6020 6070 8856
f 6070 200 8856
f 8 8614 8857
f 8614 294 8857
f 3848 7732 8858
f 7732 2062 8858
f 39 5536 8859
f 5536 410 8859
f 373 3418 8860
f 3418 2019 8860
f 4 5714 8861
f 5714 1193 8861
f 5425 7937 8862
f 7937 1272 8862
f 994 7237 8876
f 7237 5890 8863
f 247 1727 9825
f 1727 1606 8864
f 2216 7387 8865
f 7387 2562 8865
f 5222 6920 8866
f 6920 143 8866
f 3173 8605 8867
f 8605 4 9577
f 2293 5924 8868
f 5924 1074 8868
f 2542 7879 8869
f 7879 4557 8869
f 4116 8196 9433
f 8196 1527 8870
f 2082 2674 8871
f 2674 339 8871
f 7439 8146 8872
f 8146 3774 8872
f 1973 5067 8873
f 5067 352 8873
f 1877 5114 8874
f 5114 309 8874
f 61 4064 8875
f 4064 113 8875
f 7237 8863 8876
f 8863 994 8876
f 1285 2669 8877
f 2669 256 8877
f 509 5954 9485
f 5954 2474 8878
f 1974 2523 8879
f 2523 1012 8879
f 3375 8744 8880
f 8744 143 8880
f 33 1642 8881
f 1642 162 8881
f 2671 7289 8882
f 7289 43 9587
f 259 748 8883
f 748 56 8883
f 2496 4959 9474
f 4959 114 8884
f 47 1482 8885
f 1482 33 8885
f 587 2626 8886
f 2626 663 8886
f 2680 3491 8887
f 3491 209 8887
f 98 8063 8888
f 8063 5188 8888
f 75 3960 8889
f 3960 3011 8889
f 2887 6298 8890
f 6298 56 8890
f 2126 7736 8891
f 7736 1617 8891
f 118 4146 8892
f 4146 2815 8892
f 6420 6519 8893
f 6519 1534 8893
f 22 1953 9450
f 1953 634 8894
f 938 6909 8895
f 6909 361 8895
f 1190 3710 8896
f 3710 3057 8896
f 2549 4345 8897
f 4345 185 8897
f 2796 8066 8898
f 8066 4019 8898
f 495 573 8899
f 573 119 8899
f 642 7910 8900
f 7910 3881 8900
f 3307 7135 8901
f 7135 4564 9071
f 3299 7331 8902
f 7331 1961 8902
f 163 5419 8903
f 5419 123 8903
f 1961 2368 8904
f 2368 625 8904
f 1443 4227 8905
f 4227 138 8905
f 12 1103 8906
f 1103 133 8906
f 1739 8200 8907
f 8200 1101 8907
f 225 5426 8908
f 5426 83 8908
f 5008 7248 8909
f 7248 350 8909
f 83 4877 8910
f 4877 4383 8910
f 334 8318 8911
f 8318 8147 8911
f 300 8296 8912
f 8296 7664 8912
f 5471 7208 8913
f 7208 5747 8913
f 7096 8574 8914
f 8574 7302 8914
f 1065 6245 8915
f 6245 4713 8915
f 91 849 8916
f 849 712 9246
f 1432 3437 8917
f 3437 2320 8917
f 4021 5426 8918
f 5426 225 8918
f 174 1800 8919
f 1800 49 8919
f 449 4856 8920
f 4856 11 8920
f 1485 7131 8921
f 7131 82 8921
f 4274 6005 8922
f 6005 1822 8922
f 1122 5922 8923
f 5922 2392 8923
f 4541 4674 8924
f 4674 639 8924
f 1070 5709 8925
f 5709 1049 8925
f 3597 5141 8926
f 5141 405 8926
f 2824 7914 8927
f 7914 1176 8927
f 3224 7352 8928
f 7352 227 8928
f 83 5277 8929
f 5277 4757 8929
f 4962 5121 8930
f 5121 4785 8930
f 324 3363 8931
f 3363 1243 8931
f 89 248 8932
f 248 36 8932
f 858 4979 8933
f 4979 528 8933
f 437 4567 8934
f 4567 1063 8934
f 572 971 8935
f 971 512 8935
f 383 5261 8936
f 5261 48 8936
f 3409 6149 8937
f 6149 828 8937
f 108 8206 8938
f 8206 3373 8938
f 4112 5605 8939
f 5605 2167 8939
f 4610 6026 8940
f 6026 3359 8940
f 196 740 9932
f 740 11 8941
f 339 8591 8942
f 8591 6114 8942
f 5279 7023 8943
f 7023 2663 8943
f 1816 6373 8944
f 6373 6227 8944
f 115 7001 8945
f 7001 4028 8945
f 1939 7886 8946
f 7886 2681 8946
f 7832 8594 8947
f 8594 656 8947
f 636 5504 8948
f 5504 180 8948
f 274 5046 8949
f 5046 3222 8949
f 7808 7869 8950
f 7869 16 8950
f 660 4380 8951
f 4380 65 8951
f 310 3465 8952
f 3465 498 8952
f 1103 4325 8953
f 4325 133 8953
f 6140 6950 8954
f 6950 311 8954
f 1786 6120 8955
f 6120 193 8955
f 574 5248 8956
f 5248 242 8956
f 741 760 8957
f 760 191 8957
f 638 2181 8958
f 2181 14 8958
f 59 2366 8959
f 2366 39 8959
f 27 8726 8960
f 8726 1321 8960
f 875 3213 8961
f 3213 212 8961
f 611 2150 8962
f 2150 18 8962
f 2649 7431 8963
f 7431 6307 8963
f 396 6902 8964
f 6902 222 8964
f 1465 4651 8965
f 4651 1511 8965
f 4280 4607 9467
f 4607 32 8966
f 7363 7421 8967
f 7421 1233 8967
f 1857 7033 8968
f 7033 56 8968
f 1481 4830 8969
f 4830 1853 8969
f 365 719 8970
f 719 346 8970
f 112 6250 8971
f 6250 40 8971
f 135 8284 8972
f 8284 189 8972
f 3023 3897 8973
f 3897 311 8973
f 1751 3257 8974
f 3257 202 8974
f 1361 6703 8975
f 6703 110 8975
f 4302 7555 8976
f 7555 6203 8976
f 2623 6603 8977
f 6603 277 8977
f 6588 7550 8978
f 7550 1110 8978
f 87 2824 8979
f 2824 1176 8979
f 1047 7081 8980
f 7081 4379 8980
f 4325 5704 8981
f 5704 133 8981
f 17 3346 8982
f 3346 935 8982
f 75 7276 8983
f 7276 3960 8983
f 415 3869 8984
f 3869 103 8984
f 251 1906 8985
f 1906 357 8985
f 4362 8473 8986
f 8473 4806 8986
f 303 6924 8987
f 6924 3183 8987
f 3 5660 8988
f 5660 67 8988
f 10 8171 8989
f 8171 6739 8989
f 761 6349 8990
f 6349 4511 8990
f 2061 2405 8991
f 2405 1394 8991
f 60 7178 8992
f 7178 6301 8992
f 754 1723 8993
f 1723 806 8993
f 3584 4717 8994
f 4717 3375 8994
f 1055 4534 8995
f 4534 1083 8995
f 204 2806 8996
f 2806 2791 8996
f 6060 7841 8997
f 7841 334 8997
f 10 1619 8998
f 1619 417 8998
f 74 6129 9572
f 6129 4228 8999
f 20 7089 9000
f 7089 932 9000
f 2965 5617 9001
f 5617 3028 9001
f 359 3094 9002
f 3094 2500 9002
f 4204 4875 9003
f 4875 122 9003
f 724 3455 9004
f 3455 2236 9004
f 307 4158 9005
f 4158 154 9005
f 3964 7337 9342
f 7337 355 9006
f 1664 3912 9007
f 3912 45 9007
f 5075 7987 9008
f 7987 934 9008
f 1775 7594 9009
f 7594 4 9009
f 796 5693 9535
f 5693 1372 9010
f 1056 6229 9011
f 6229 2211 9011
f 2013 8250 9258
f 8250 1337 9012
f 4034 8270 9013
f 8270 7295 9013
f 886 7437 9014
f 7437 662 9014
f 2037 3942 9015
f 3942 1500 9015
f 1489 2717 9016
f 2717 193 9016
f 537 2304 9017
f 2304 1919 9017
f 3380 7748 9018
f 7748 4130 9018
f 464 471 9019
f 471 255 9019
f 5624 6162 9020
f 6162 300 9020
f 1 577 9021
f 577 200 9942
f 831 3079 9022
f 3079 52 9022
f 504 5793 9023
f 5793 4851 9429
f 4293 8801 9024
f 8801 1621 9024
f 475 2698 9025
f 2698 12 9025
f 2283 7055 9026
f 7055 1746 9026
f 114 7502 9027
f 7502 3728 9777
f 1961 7331 9028
f 7331 128 9028
f 20 4917 9029
f 4917 164 9029
f 3805 7511 9030
f 7511 692 9030
f 839 7612 9273
f 7612 5082 9031
f 3621 6574 9032
f 6574 4566 9032
f 732 1503 9033
f 1503 23 9033
f 325 4220 9034
f 4220 586 9034
f 7003 7956 9035
f 7956 1182 9035
f 7752 8791 9036
f 8791 1187 9036
f 889 4538 9037
f 4538 1114 9037
f 857 3927 9038
f 3927 1310 9038
f 2797 7047 9039
f 7047 334 9039
f 1048 3497 9040
f 3497 1189 9040
f 6123 8240 9041
f 8240 5267 9041
f 13 3717 9042
f 3717 3548 9042
f 4493 7757 9043
f 7757 6221 9043
f 7 4747 9044
f 4747 3541 9044
f 741 8957 9045
f 8957 191 9045
f 2666 7009 9046
f 7009 1820 9046
f 5250 8671 9047
f 8671 1345 9047
f 153 7925 9048
f 7925 1216 9048
f 6 4639 9049
f 4639 173 9049
f 3490 4694 9050
f 4694 3339 9050
f 1461 1966 9051
f 1966 1386 9263
f 201 677 9052
f 677 104 9052
f 1139 5257 9053
f 5257 51 9053
f 2693 3170 9054
f 3170 3168 9054
f 1 2613 9055
f 2613 407 9055
f 1734 2095 9056
f 2095 1821 9056
f 1392 6910 9057
f 6910 724 9057
f 2352 5380 9058
f 5380 371 9058
f 2041 7671 9059
f 7671 7041 9059
f 1062 7759 9060
f 7759 1224 9060
f 8 7263 9061
f 7263 4560 9061
f 1408 7665 9279
f 7665 4545 9352
f 237 4351 9063
f 4351 5 9063
f 786 4175 9490
f 4175 1172 9064
f 935 2755 9065
f 2755 17 9065
f 88 898 9066
f 898 507 9066
f 1681 7516 9067
f 7516 5939 9067
f 6533 7932 9068
f 7932 3303 9068
f 866 1000 9069
f 1000 339 9069
f 3064 8093 9070
f 8093 3202 9070
f 4564 8901 9071
f 8901 7135 9071
f 459 829 9072
f 829 181 9072
f 540 7989 9073
f 7989 148 9073
f 4436 7889 9074
f 7889 7048 9074
f 1374 5846 9075
f 5846 339 9075
f 162 8577 9076
f 8577 145 9076
f 2407 8218 9077
f 8218 2930 9077
f 131 1244 9078
f 1244 63 9078
f 4889 5759 9101
f 5759 475 9079
f 4499 7537 9080
f 7537 885 9080
f 1959 6657 9081
f 6657 12 9081
f 2146 3080 9082
f 3080 2086 9082
f 153 3858 9083
f 3858 604 9083
f 2830 4352 9084
f 4352 12 9084
f 1168 6391 9085
f 6391 4282 9085
f 201 3863 9086
f 3863 4 9086
f 77 5453 9087
f 5453 616 9203
f 3379 7742 9088
f 7742 4050 9088
f 4129 4305 9089
f 4305 3246 9089
f 378 5976 9090
f 5976 1868 9090
f 230 4287 9270
f 4287 2058 9091
f 31 1991 9092
f 1991 1365 9092
f 840 2186 9093
f 2186 50 9093
f 707 6257 9094
f 6257 3727 9094
f 1331 5486 9095
f 5486 79 9095
f 4554 4980 9096
f 4980 1536 9413
f 871 8423 9097
f 8423 13 9097
f 10 4765 9098
f 4765 1409 9098
f 1103 8953 9099
f 8953 133 9099
f 5618 6985 9100
f 6985 2728 9100
f 5759 9079 9101
f 9079 4889 9101
f 5449 6272 9102
f 6272 559 9102
f 1028 6344 9103
f 6344 3550 9103
f 331 5765 9104
f 5765 1484 9104
f 86 4537 9105
f 4537 362 9367
f 3261 7426 9522
f 7426 6131 9106
f 183 2507 9107
f 2507 1118 9107
f 6751 8430 9108
f 8430 5992 9108
f 7 6357 9109
f 6357 359 9109
f 1441 5365 9110
f 5365 2233 9110
f 6010 8299 9370
f 8299 3528 9111
f 28 663 9112
f 663 363 9112
f 3275 7441 9113
f 7441 3470 9113
f 810 4538 9114
f 4538 889 9114
f 82 6258 9115
f 6258 4452 9115
f 6265 8826 9116
f 8826 6620 9116
f 839 1917 9117
f 1917 969 9117
f 147 7445 9118
f 7445 1878 9118
f 5805 7292 9119
f 7292 2728 9119
f 727 2979 9590
f 2979 351 9120
f 880 1009 9121
f 1009 82 9121
f 330 5501 9298
f 5501 4617 9858
f 5 7341 9123
f 7341 6676 9123
f 6325 8504 9124
f 8504 4929 9639
f 869 8612 9125
f 8612 7802 9125
f 3651 8685 9126
f 8685 2520 9126
f 1618 3633 9127
f 3633 486 9127
f 2194 6641 9128
f 6641 4547 9128
f 1624 5991 9129
f 5991 4593 9129
f 7 4323 9130
f 4323 15 9130
f 622 8498 9131
f 8498 236 9131
f 7230 7233 9132
f 7233 358 9132
f 5588 6329 9133
f 6329 5589 9133
f 183 8130 9906
f 8130 3704 9134
f 2156 6870 9135
f 6870 2536 9135
f 3029 5250 9136
f 5250 994 9136
f 2639 2886 9137
f 2886 926 9137
f 6419 7599 9138
f 7599 2033 9138
f 2378 5057 9139
f 5057 187 9139
f 400 5424 9140
f 5424 4565 9140
f 4397 6796 9141
f 6796 3425 9141
f 2375 4953 9142
f 4953 5 9142
f 594 1928 9143
f 1928 155 9143
f 77 1561 9144
f 1561 444 9144
f 2039 5780 9145
f 5780 976 9145
f 51 8412 9146
f 8412 5689 9146
f 2146 9082 9147
f 9082 2086 9147
f 20 7332 9148
f 7332 814 9148
f 1374 9075 9149
f 9075 339 9149
f 2256 7463 9150
f 7463 6389 9150
f 903 7440 9151
f 7440 3769 9151
f 1370 4033 9152
f 4033 1052 9152
f 1597 7449 9153
f 7449 1055 9153
f 4129 7603 9154
f 7603 4305 9154
f 380 4823 9155
f 4823 138 9155
f 155 6355 9156
f 6355 5854 9156
f 1424 7118 9157
f 7118 4445 9157
f 114 3255 9158
f 3255 622 9158
f 761 6170 9159
f 6170 5576 10000
f 1766 8382 9160
f 8382 98 9160
f 5556 7673 9336
f 7673 4760 9579
f 434 5645 9162
f 5645 954 9162
f 83 3793 9163
f 3793 39 9163
f 2375 6504 9164
f 6504 4258 9164
f 2413 5826 9165
f 5826 850 9165
f 729 2318 9166
f 2318 1663 9166
f 847 7186 9167
f 7186 2386 9167
f 1496 8672 9168
f 8672 318 9168
f 3371 5110 9169
f 5110 3281 9169
f 1136 1655 9170
f 1655 1246 9170
f 424 3247 9171
f 3247 2480 9171
f 3599 3958 9172
f 3958 51 9172
f 7 6475 9173
f 6475 2199 9173
f 143 5345 9174
f 5345 3375 9174
f 271 2400 9175
f 2400 534 9175
f 70 1535 9176
f 1535 767 9176
f 80 1649 9177
f 1649 51 9177
f 4445 5553 9178
f 5553 4214 9748
f 32 5296 9179
f 5296 2234 9179
f 8 2137 9180
f 2137 73 9180
f 377 7809 9181
f 7809 1775 9181
f 506 931 9439
f 931 321 9182
f 642 2109 9183
f 2109 771 9183
f 218 6589 9184
f 6589 1965 9184
f 437 5538 9185
f 5538 1572 9185
f 1418 2978 9708
f 2978 1358 9186
f 2573 3106 9187
f 3106 3039 9187
f 278 4203 9188
f 4203 24 9188
f 754 8793 9189
f 8793 2575 9189
f 1706 8709 9190
f 8709 9 9190
f 478 3946 9191
f 3946 2511 9191
f 724 2441 9192
f 2441 2174 9192
f 5 4258 9193
f 4258 348 9193
f 7 5507 9194
f 5507 911 9194
f 571 1256 9195
f 1256 8 9195
f 19 8466 9196
f 8466 190 9196
f 2535 5070 9197
f 5070 5030 9197
f 760 2429 9198
f 2429 1036 9198
f 144 8187 9199
f 8187 6203 9199
f 1470 6467 9200
f 6467 5625 9200
f 3551 4359 9201
f 4359 2362 9201
f 6524 6680 9202
f 6680 290 9202
f 616 9087 9203
f 9087 5453 9203
f 2377 4712 9204
f 4712 3515 9204
f 623 5987 9205
f 5987 5561 9205
f 3506 4693 9925
f 4693 183 9206
f 3275 8406 9207
f 8406 3817 9207
f 13 4981 9208
f 4981 1720 9208
f 2713 2942 9209
f 2942 1628 9209
f 2293 8868 9210
f 8868 1074 9210
f 3993 6399 9211
f 6399 647 9211
f 1451 7558 9212
f 7558 3620 9212
f 155 1616 9213
f 1616 148 9213
f 1708 6576 9214
f 6576 607 9214
f 12 2811 9395
f 2811 1655 9215
f 6325 9124 9216
f 9124 4929 9216
f 5773 6260 9217
f 6260 2068 9217
f 2411 3332 9218
f 3332 2234 9218
f 1734 5918 9219
f 5918 10 9219
f 395 7791 9220
f 7791 1147 9220
f 5142 8766 9221
f 8766 1491 9221
f 8 2201 9222
f 2201 25 9222
f 1298 2969 9223
f 2969 584 9223
f 38 4200 9224
f 4200 44 9224
f 71 7531 9225
f 7531 973 9225
f 6158 7072 9226
f 7072 743 9226
f 3891 5936 9227
f 5936 1012 9306
f 1078 4977 9228
f 4977 415 9228
f 357 7898 9229
f 7898 2859 9229
f 414 3661 9861
f 3661 1530 9230
f 1186 2716 9231
f 2716 1665 9231
f 366 3731 9232
f 3731 1107 9232
f 338 6181 9233
f 6181 5070 9233
f 1538 7696 9234
f 7696 1329 9234
f 435 1635 9235
f 1635 83 9235
f 2123 2964 9236
f 2964 106 9236
f 2622 2627 9237
f 2627 1347 9237
f 172 708 9238
f 708 515 9902
f 1586 6152 9239
f 6152 3848 9239
f 50 4215 9240
f 4215 400 9240
f 29 4004 9241
f 4004 2715 9241
f 3179 5136 9242
f 5136 1570 9242
f 1715 4888 9243
f 4888 218 9249
f 42 8358 9244
f 8358 22 9244
f 3303 6776 9245
f 6776 80 9245
f 712 8916 9246
f 8916 849 9246
f 4124 6743 9247
f 6743 639 9247
f 4359 4416 9248
f 4416 1665 9248
f 218 9243 9249
f 9243 4888 9249
f 5881 7345 9250
f 7345 165 9250
f 530 5013 9251
f 5013 894 9251
f 183 2883 9252
f 2883 1011 9252
f 216 3149 9253
f 3149 42 9253
f 2 1096 9254
f 1096 41 9532
f 1752 2401 9255
f 2401 1302 9255
f 4 2255 9256
f 2255 707 9256
f 1079 8850 9257
f 8850 3650 9257
f 8250 9012 9258
f 9012 2013 9258
f 1246 8721 9259
f 8721 7571 9259
f 1325 3008 9260
f 3008 600 9260
f 3604 7675 9901
f 7675 7519 9261
f 3972 8496 9262
f 8496 3822 9262
f 1386 9051 9263
f 9051 1966 9263
f 296 2768 9264
f 2768 57 9762
f 874 3209 9265
f 3209 414 9265
f 465 8672 9266
f 8672 1496 9266
f 540 9073 9267
f 9073 148 9267
f 6222 8315 9809
f 8315 1665 9268
f 2238 7999 9269
f 7999 6247 9269
f 4287 9091 9270
f 9091 230 9270
f 2047 3234 9271
f 3234 2079 9271
f 2342 5040 9272
f 5040 860 9272
f 7612 9031 9273
f 9031 839 9273
f 5729 7078 9274
f 7078 575 9274
f 6245 8265 9275
f 8265 4241 9275
f 838 5044 9276
f 5044 10 9276
f 262 8677 9277
f 8677 880 9277
f 5436 6648 9278
f 6648 3374 9278
f 7665 9062 9279
f 9062 1408 9279
f 61 2353 9280
f 2353 1945 9280
f 77 6232 9281
f 6232 391 9281
f 1296 7652 9282
f 7652 5337 9282
f 6533 9068 9283
f 9068 3303 9283
f 209 4196 9284
f 4196 3200 9284
f 141 901 9285
f 901 70 9831
f 2240 5730 9286
f 5730 3402 9286
f 692 2275 9287
f 2275 55 9287
f 1057 6881 9288
f 6881 2227 9288
f 28 2035 9289
f 2035 97 9289
f 21 6004 9290
f 6004 3751 9290
f 1475 5147 9291
f 5147 4304 9291
f 49 4664 9292
f 4664 4044 9292
f 397 8736 9293
f 8736 7732 9293
f 5379 6443 9294
f 6443 3295 9294
f 1 4450 9295
f 4450 658 9295
f 3319 7959 9296
f 7959 3409 9296
f 70 2525 9297
f 2525 1398 9297
f 5501 9122 9298
f 9122 330 9298
f 315 8585 9299
f 8585 5597 9299
f 211 689 9300
f 689 57 9300
f 7805 8632 9301
f 8632 841 9301
f 1918 7104 9302
f 7104 3468 9302
f 1446 6008 9303
f 6008 2687 9303
f 106 5336 9304
f 5336 63 9304
f 462 6817 9305
f 6817 2770 9305
f 1012 9227 9306
f 9227 5936 9306
f 4864 6666 9307
f 6666 29 9307
f 2600 2837 9308
f 2837 570 9308
f 3081 8607 9309
f 8607 2027 9309
f 5608 7311 9310
f 7311 3387 9310
f 2143 6051 9613
f 6051 3542 9311
f 803 5307 9312
f 5307 1061 9312
f 383 847 9313
f 847 390 9313
f 1715 6884 9314
f 6884 822 9314
f 1077 3072 9315
f 3072 128 9315
f 244 1964 9316
f 1964 805 9736
f 164 5546 9317
f 5546 340 9317
f 6152 7038 9318
f 7038 3848 9332
f 2153 7476 9319
f 7476 1183 9319
f 352 794 9320
f 794 29 9320
f 1171 1914 9321
f 1914 1611 9321
f 62 7789 9322
f 7789 2970 9322
f 71 5442 9323
f 5442 2677 9323
f 5735 6558 9324
f 6558 894 9324
f 567 7756 9325
f 7756 4208 9325
f 2104 6321 9326
f 6321 5490 9326
f 1950 7266 9327
f 7266 2192 9327
f 3522 4077 9328
f 4077 2325 9328
f 56 5309 9329
f 5309 298 9329
f 2145 4812 9330
f 4812 1516 9330
f 765 4574 9331
f 4574 2227 9331
f 3848 9318 9332
f 9318 7038 9986
f 827 4772 9333
f 4772 3459 9333
f 1873 7173 9334
f 7173 693 9334
f 83 2816 9335
f 2816 775 9335
f 7673 9161 9336
f 9161 5556 9336
f 4321 4533 9337
f 4533 4530 9337
f 1285 6993 9338
f 6993 1817 9338
f 1917 5082 9339
f 5082 4705 9339
f 338 1987 9340
f 1987 828 9340
f 1711 5023 9341
f 5023 3558 9341
f 7337 9006 9342
f 9006 3964 9342
f 2039 5100 9343
f 5100 1157 9343
f 3723 5022 9344
f 5022 359 9344
f 7121 8811 9345
f 8811 899 9345
f 3023 4868 9346
f 4868 1890 9346
f 319 7947 9347
f 7947 635 9347
f 5589 7593 9348
f 7593 6569 9348
f 2007 3778 9349
f 3778 1360 9349
f 520 8317 9350
f 8317 1264 9350
f 2570 3231 9351
f 3231 2553 9351
f 4545 9062 9352
f 9062 7665 9352
f 8664 8779 9353
f 8779 3369 9353
f 815 4913 9354
f 4913 2855 9354
f 1583 2835 9355
f 2835 2632 9355
f 626 6348 9356
f 6348 2466 9356
f 732 2868 9357
f 2868 257 9357
f 711 4498 9358
f 4498 24 9358
f 180 3666 9423
f 3666 252 9359
f 2698 8753 9360
f 8753 4520 9360
f 1243 7069 9361
f 7069 6727 9361
f 1491 1547 9362
f 1547 136 9362
f 98 5877 9363
f 5877 12 9363
f 6193 6636 9364
f 6636 5714 9364
f 2595 3105 9365
f 3105 1048 9365
f 1012 3613 9366
f 3613 2665 9366
f 362 9105 9367
f 9105 4537 9367
f 5375 5925 9368
f 5925 2921 9368
f 113 1750 9369
f 1750 6 9369
f 8299 9111 9370
f 9111 6010 9370
f 3838 8836 9371
f 8836 5766 9371
f 442 7494 9372
f 7494 4310 9372
f 6306 8215 9373
f 8215 5719 9373
f 6655 8134 9374
f 8134 4261 9495
f 654 5549 9375
f 5549 3477 9375
f 1542 3093 9376
f 3093 2140 9376
f 1488 6232 9377
f 6232 77 9377
f 5447 8550 9378
f 8550 423 9378
f 3345 5031 9813
f 5031 1846 9379
f 711 6605 9380
f 6605 4957 9380
f 82 4934 9381
f 4934 672 9381
f 1658 3258 9382
f 3258 208 9382
f 2426 8286 9383
f 8286 14 9383
f 118 2394 9384
f 2394 506 9384
f 3302 6033 9385
f 6033 224 9385
f 1720 8850 9386
f 8850 1079 9386
f 304 2970 9387
f 2970 159 9387
f 1958 6428 9388
f 6428 489 9388
f 3249 5866 9389
f 5866 120 9389
f 1137 2792 9390
f 2792 5 9390
f 1799 2053 9391
f 2053 1481 9391
f 397 5685 9392
f 5685 2062 9392
f 1522 1529 9393
f 1529 856 9393
f 887 1521 9394
f 1521 75 9394
f 2811 9215 9395
f 9215 12 9395
f 688 7060 9396
f 7060 1307 9396
f 883 893 9397
f 893 551 9397
f 69 4225 9398
f 4225 358 9398
f 36 5740 9399
f 5740 85 9399
f 530 550 9400
f 550 339 9400
f 3135 8533 9401
f 8533 5521 9401
f 208 547 9402
f 547 20 9402
f 4067 7762 9403
f 7762 890 9403
f 59 6818 9404
f 6818 2369 9404
f 2000 4075 9405
f 4075 938 9405
f 474 4710 9406
f 4710 3242 9406
f 7504 8742 9407
f 8742 241 9407
f 5 8746 9408
f 8746 1119 9408
f 1341 6117 9627
f 6117 216 9409
f 113 5275 9410
f 5275 1151 9410
f 1170 3883 9411
f 3883 524 9411
f 31 4023 9412
f 4023 2151 9412
f 1536 9096 9413
f 9096 4980 9413
f 1298 2323 9414
f 2323 830 9414
f 806 5446 9415
f 5446 5087 9415
f 3512 5788 9416
f 5788 4276 9416
f 3889 6362 9417
f 6362 3095 9417
f 45 4563 9418
f 4563 1738 9418
f 762 1549 9419
f 1549 20 9419
f 43 1629 9420
f 1629 59 9420
f 3584 6735 9421
f 6735 4717 9421
f 4099 6817 9422
f 6817 462 9422
f 3666 9359 9423
f 9359 180 9423
f 1633 5260 9424
f 5260 1312 9424
f 216 763 9425
f 763 13 9425
f 337 7321 9426
f 7321 8 9426
f 340 4525 9427
f 4525 982 9427
f 2933 4332 9428
f 4332 158 9428
f 4851 9023 9429
f 9023 5793 9429
f 5654 8282 9430
f 8282 1669 9430
f 799 5107 9431
f 5107 3572 9431
f 3452 4652 9432
f 4652 1246 9432
f 8196 8870 9433
f 8870 4116 9433
f 642 9183 9434
f 9183 771 9434
f 312 4905 9435
f 4905 69 9435
f 711 7633 9436
f 7633 809 9436
f 1930 2419 9437
f 2419 1734 9437
f 4247 7030 9803
f 7030 83 9438
f 931 9182 9439
f 9182 506 9439
f 3194 4646 9440
f 4646 336 9440
f 104 8348 9441
f 8348 834 9441
f 2311 7312 9442
f 7312 319 9442
f 1124 1843 9443
f 1843 49 9443
f 3473 8096 9444
f 8096 4057 9444
f 1705 2585 9445
f 2585 488 9445
f 574 7977 9446
f 7977 7459 9446
f 7417 8799 9447
f 8799 6511 9447
f 1116 5222 9448
f 5222 1641 9448
f 5971 7623 9449
f 7623 1563 9449
f 1953 8894 9450
f 8894 22 9450
f 927 8363 9451
f 8363 13 9451
f 1467 5856 9452
f 5856 179 9452
f 1396 2423 9453
f 2423 111 9453
f 11 7698 9454
f 7698 1 9454
f 5918 6063 9455
f 6063 10 9455
f 2351 8384 9456
f 8384 6633 9456
f 1441 9110 9457
f 9110 2233 9457
f 154 8453 9458
f 8453 1631 9458
f 4692 8543 9459
f 8543 7485 9459
f 4169 5414 9460
f 5414 1620 9460
f 3290 5837 9461
f 5837 5815 9461
f 1142 2482 9462
f 2482 251 9462
f 268 1747 9463
f 1747 1028 9463
f 1569 5565 9464
f 5565 1965 9464
f 1718 2609 9465
f 2609 1768 9890
f 11 7860 9466
f 7860 4066 9466
f 4607 8966 9467
f 8966 4280 9467
f 2067 2880 9468
f 2880 1407 9468
f 12 1143 9469
f 1143 51 9469
f 3736 4449 9470
f 4449 3490 9470
f 4016 5035 9471
f 5035 2855 9471
f 2817 7213 9670
f 7213 6981 9472
f 1822 2118 9473
f 2118 719 9473
f 4959 8884 9474
f 8884 2496 9474
f 2994 3488 9475
f 3488 553 9475
f 3804 6182 9476
f 6182 5309 9476
f 295 4807 9477
f 4807 1281 9620
f 1959 9081 9478
f 9081 12 9478
f 4317 5368 9479
f 5368 1081 9479
f 3922 8316 9480
f 8316 338 9480
f 55 2440 9481
f 2440 1415 9481
f 2090 2442 9482
f 2442 3 9482
f 1395 1856 9483
f 1856 210 9483
f 29 3654 9484
f 3654 542 9484
f 5954 8878 9485
f 8878 509 9485
f 7122 8449 9486
f 8449 594 9486
f 1243 3363 9487
f 3363 11 9487
f 164 697 9488
f 697 311 9488
f 154 2640 9489
f 2640 1604 9489
f 4175 9064 9490
f 9064 786 9490
f 6643 7444 9491
f 7444 1502 9491
f 543 3232 9492
f 3232 75 9492
f 260 7217 9493
f 7217 88 9493
f 1 1048 9494
f 1048 686 9494
f 4261 9374 9495
f 9374 8134 9495
f 1354 1524 9496
f 1524 164 9634
f 2117 7867 9497
f 7867 135 9497
f 662 7851 9498
f 7851 104 9498
f 5574 6654 9499
f 6654 1046 9499
f 4373 6977 9500
f 6977 5187 9500
f 384 4340 9501
f 4340 69 9501
f 7868 8397 9502
f 8397 20 9502
f 683 5410 9503
f 5410 56 9503
f 2082 4442 9504
f 4442 2674 9504
f 608 3276 9505
f 3276 1289 9505
f 862 3575 9506
f 3575 830 9506
f 3577 3805 9507
f 3805 692 9507
f 1082 1304 9508
f 1304 872 9508
f 2 6213 9509
f 6213 1692 9509
f 2647 4356 9510
f 4356 24 9510
f 1351 3676 9511
f 3676 636 9511
f 2250 3657 9512
f 3657 90 9512
f 4211 6779 9513
f 6779 2496 9513
f 2127 5042 9514
f 5042 1821 9514
f 1904 6118 9515
f 6118 4777 9515
f 3780 8730 9933
f 8730 3441 9516
f 1456 8072 9517
f 8072 331 9517
f 189 6097 9518
f 6097 11 9518
f 3600 3682 9519
f 3682 2606 9519
f 1402 6836 9520
f 6836 3833 9520
f 498 7895 9521
f 7895 27 9521
f 7426 9106 9522
f 9106 3261 9522
f 470 8469 9523
f 8469 5844 9523
f 108 5624 9524
f 5624 80 9524
f 93 3002 9525
f 3002 393 9525
f 98 589 9526
f 589 270 9526
f 2249 8277 9527
f 8277 1085 9527
f 1665 2891 9528
f 2891 2171 9528
f 199 6766 9529
f 6766 4679 9529
f 1528 2722 9530
f 2722 220 9530
f 3150 8288 9531
f 8288 1593 9531
f 41 9254 9532
f 9254 1096 9532
f 363 7620 9533
f 7620 6900 9533
f 14 3921 9534
f 3921 2950 9534
f 5693 9010 9535
f 9010 796 9535
f 23 226 9536
f 226 8 9536
f 741 2845 9537
f 2845 2577 9537
f 964 6916 9538
f 6916 69 9538
f 486 2923 9539
f 2923 197 9539
f 4939 5443 9540
f 5443 4549 9540
f 3719 4805 9541
f 4805 1074 9541
f 3478 7928 9542
f 7928 5806 9542
f 2182 6546 9543
f 6546 860 9543
f 781 2865 9544
f 2865 455 9544
f 2188 4139 9545
f 4139 3929 9545
f 7019 7747 9546
f 7747 6487 9546
f 13 4816 9547
f 4816 2339 9547
f 4825 7596 9548
f 7596 1283 9548
f 1549 2516 9549
f 2516 1297 9549
f 1709 7994 9550
f 7994 5482 9550
f 83 1284 9551
f 1284 225 9551
f 2401 3625 9552
f 3625 1302 9552
f 612 5880 9553
f 5880 876 9553
f 919 6016 9554
f 6016 4983 9554
f 6963 7157 9555
f 7157 3020 9555
f 5444 8651 9556
f 8651 1408 9556
f 3692 5451 9557
f 5451 11 9557
f 1652 8556 9558
f 8556 4631 9558
f 4300 7658 9559
f 7658 4778 9559
f 38 5344 9560
f 5344 1994 9560
f 73 1656 9561
f 1656 1489 9561
f 292 2779 9562
f 2779 886 9562
f 539 2733 9563
f 2733 171 9563
f 5238 7519 9564
f 7519 831 9564
f 245 4903 9565
f 4903 152 9565
f 88 3357 9566
f 3357 2629 9566
f 5108 8325 9567
f 8325 262 9567
f 3573 3576 9568
f 3576 78 9568
f 5589 9348 9569
f 9348 6569 9569
f 11 4856 9570
f 4856 87 9570
f 1145 7087 9571
f 7087 27 9571
f 6129 8999 9572
f 8999 74 9572
f 1569 4909 9573
f 4909 218 9573
f 193 4594 9574
f 4594 4050 9702
f 4084 4086 9575
f 4086 745 9575
f 435 8727 9576
f 8727 3095 9576
f 4 8867 9577
f 8867 8605 9577
f 1965 4181 9578
f 4181 3032 9578
f 4760 9161 9579
f 9161 7673 9579
f 432 6846 9580
f 6846 6237 9580
f 1362 5696 9581
f 5696 12 9581
f 762 5088 9582
f 5088 3326 9582
f 25 2325 9583
f 2325 490 9583
f 259 4898 9584
f 4898 2704 9584
f 3107 3348 9585
f 3348 1973 9585
f 2282 5622 9586
f 5622 2751 9586
f 43 8882 9587
f 8882 7289 9587
f 1439 5602 9588
f 5602 1047 9588
f 2263 7794 9589
f 7794 679 9664
f 2979 9120 9590
f 9120 727 9590
f 231 4363 9591
f 4363 3860 9591
f 5562 8278 9592
f 8278 4369 9592
f 3920 4123 9593
f 4123 608 9593
f 1086 6680 9687
f 6680 6524 9594
f 1163 3934 9595
f 3934 819 9595
f 1140 2598 9596
f 2598 215 9936
f 2676 7283 9597
f 7283 206 9597
f 796 7607 9598
f 7607 1513 9598
f 3743 7602 9599
f 7602 376 9599
f 2470 5292 9600
f 5292 118 9600
f 2104 5490 9601
f 5490 244 9601
f 1768 6788 9602
f 6788 3884 9602
f 488 3373 9603
f 3373 51 9603
f 6779 7098 9604
f 7098 4959 9604
f 4126 6946 9605
f 6946 247 9605
f 240 6922 9606
f 6922 32 9606
f 41 3694 9607
f 3694 338 9607
f 1023 8449 9608
f 8449 7122 9608
f 1002 3775 9609
f 3775 178 9609
f 1489 5563 9610
f 5563 2190 9610
f 7743 8162 9611
f 8162 448 9611
f 3961 5381 9612
f 5381 2638 9612
f 6051 9311 9613
f 9311 2143 9613
f 796 9598 9614
f 9598 1513 9614
f 1016 1060 9615
f 1060 242 9615
f 1728 6640 9616
f 6640 532 9616
f 2447 3075 9617
f 3075 62 9617
f 624 6759 9618
f 6759 6046 9618
f 5216 5531 9619
f 5531 574 9619
f 1281 9477 9620
f 9477 4807 9620
f 1809 4221 9621
f 4221 194 9621
f 2054 4559 9622
f 4559 4540 9622
f 2258 2705 9623
f 2705 2404 9623
f 6511 8760 9624
f 8760 279 9624
f 2086 5335 9625
f 5335 1372 9625
f 4109 6772 9626
f 6772 4637 9626
f 6117 9409 9627
f 9409 1341 9627
f 830 7816 9628
f 7816 1682 9872
f 8730 9516 9629
f 9516 3780 9904
f 195 5126 9630
f 5126 3729 9630
f 83 4757 9631
f 4757 1690 9631
f 4097 7554 9632
f 7554 3206 9632
f 4866 7438 9633
f 7438 253 9633
f 164 9496 9634
f 9496 1524 9634
f 1481 2702 9635
f 2702 1434 9635
f 1205 4887 9636
f 4887 15 9636
f 658 4450 9637
f 4450 3126 9637
f 2963 3996 9638
f 3996 1750 9638
f 4929 9124 9639
f 9124 8504 9639
f 334 7461 9640
f 7461 443 9640
f 257 8236 9641
f 8236 4577 9641
f 3051 5787 9642
f 5787 4979 9642
f 2631 6942 9643
f 6942 113 9643
f 199 7811 9644
f 7811 2952 9644
f 1507 3964 9645
f 3964 355 9645
f 6 81 9646
f 81 12 9646
f 1392 4155 9647
f 4155 2174 9647
f 1594 8849 9648
f 8849 287 9648
f 1008 5052 9649
f 5052 3290 9649
f 425 8287 9650
f 8287 430 9650
f 2045 4572 9651
f 4572 2494 9710
f 807 3297 9652
f 3297 1347 9652
f 1889 4324 9653
f 4324 376 9653
f 3084 6826 9654
f 6826 2101 9654
f 2049 5635 9655
f 5635 5443 9655
f 5877 8733 9656
f 8733 1736 9656
f 2671 8882 9657
f 8882 43 9657
f 4108 7998 9658
f 7998 690 9658
f 2122 5498 9659
f 5498 3827 9659
f 283 5506 9660
f 5506 17 9660
f 1 5927 9661
f 5927 3102 9661
f 2384 4024 9662
f 4024 777 9662
f 545 6540 9663
f 6540 664 9663
f 679 9589 9664
f 9589 7794 9664
f 16 3533 9665
f 3533 3005 9665
f 3551 7370 9666
f 7370 4359 9666
f 268 2180 9667
f 2180 293 9667
f 505 1923 9668
f 1923 1855 9668
f 193 2758 9669
f 2758 2051 9669
f 7213 9472 9670
f 9472 2817 9670
f 2024 6653 9671
f 6653 247 9671
f 213 7647 9672
f 7647 125 9672
f 57 3832 9673
f 3832 466 9673
f 5896 7557 9674
f 7557 195 9674
f 1663 6365 9675
f 6365 3669 9675
f 135 1898 9676
f 1898 150 9676
f 6231 6462 9677
f 6462 75 9677
f 1728 9616 9678
f 9616 532 9678
f 1281 3056 9679
f 3056 1450 9679
f 690 4142 9680
f 4142 593 9680
f 98 7934 9681
f 7934 3196 9681
f 1142 4478 9682
f 4478 2859 9682
f 398 8151 9683
f 8151 2404 9683
f 190 7071 9684
f 7071 1303 9684
f 238 8250 9685
f 8250 2013 9685
f 855 6871 9836
f 6871 1481 9686
f 6680 9594 9687
f 9594 1086 9687
f 26 6483 9688
f 6483 3914 9688
f 208 3461 9689
f 3461 2763 9689
f 1735 6019 9690
f 6019 2581 9690
f 1880 4842 9691
f 4842 24 9691
f 1983 2740 9692
f 2740 28 9692
f 60 252 9693
f 252 40 9693
f 12 6492 9694
f 6492 2162 9694
f 3473 9444 9695
f 9444 4057 9695
f 126 8643 9696
f 8643 3819 9696
f 1708 9214 9697
f 9214 607 9697
f 5032 6613 9698
f 6613 2855 9698
f 2034 6499 9699
f 6499 5 9699
f 4298 5142 9700
f 5142 2889 9700
f 1269 4414 9701
f 4414 263 9701
f 4050 9574 9702
f 9574 4594 9702
f 2378 9139 9703
f 9139 187 9703
f 836 5225 9704
f 5225 4931 9704
f 2842 8438 9705
f 8438 3954 9705
f 315 1967 9706
f 1967 80 9706
f 2175 3961 9707
f 3961 233 9707
f 2978 9186 9708
f 9186 1418 9708
f 1751 8974 9709
f 8974 202 9709
f 2494 9651 9710
f 9651 4572 9710
f 212 8474 9711
f 8474 54 9711
f 3588 5677 9712
f 5677 234 9712
f 5267 8240 9713
f 8240 567 9713
f 4364 5802 9714
f 5802 5705 9714
f 1898 6268 9715
f 6268 3074 9715
f 50 1435 9716
f 1435 4 9716
f 445 1078 9717
f 1078 415 9717
f 2241 8323 9718
f 8323 7140 9718
f 6 2189 9719
f 2189 385 9719
f 14 5503 9720
f 5503 1377 9720
f 1367 4776 9721
f 4776 2435 9721
f 271 4292 9722
f 4292 4040 9722
f 11 86 9723
f 86 20 9723
f 165 5428 9724
f 5428 5417 9724
f 1649 4529 9725
f 4529 1527 9725
f 2646 2956 9726
f 2956 1740 9726
f 1354 7938 9727
f 7938 1314 9727
f 113 9410 9728
f 9410 1151 9728
f 3829 6364 9729
f 6364 866 9729
f 10 3376 9730
f 3376 2546 9730
f 2466 6348 9731
f 6348 3652 9731
f 1088 2976 9732
f 2976 20 9732
f 213 1557 9733
f 1557 18 9733
f 190 8466 9734
f 8466 2292 9734
f 2193 7577 9735
f 7577 2763 9735
f 805 9316 9736
f 9316 1964 9736
f 3 3198 9737
f 3198 702 9737
f 31 731 9738
f 731 188 9738
f 57 8229 9739
f 8229 7835 9739
f 280 1858 9740
f 1858 204 9740
f 76 3201 9741
f 3201 1332 9741
f 261 4634 9742
f 4634 1302 9742
f 1128 1272 9743
f 1272 461 9743
f 16 7103 9744
f 7103 3148 9744
f 2251 7658 9745
f 7658 4300 9745
f 1757 5531 9746
f 5531 5216 9746
f 2501 7249 9747
f 7249 5842 9747
f 4214 9178 9880
f 9178 5553 9748
f 259 2745 9749
f 2745 1074 9749
f 10 3257 9750
f 3257 1751 9750
f 79 705 9751
f 705 383 9751
f 3206 3992 9752
f 3992 1907 9752
f 502 5708 9753
f 5708 56 9753
f 1610 4914 9754
f 4914 632 9754
f 6206 8430 9755
f 8430 6751 9755
f 4859 7717 9756
f 7717 7664 9756
f 232 8003 9757
f 8003 1109 9757
f 3367 5436 9758
f 5436 3374 9758
f 3676 5504 9759
f 5504 636 9759
f 194 1038 9760
f 1038 934 9760
f 6797 7897 9761
f 7897 3305 9761
f 57 9264 9762
f 9264 2768 9762
f 744 1765 9763
f 1765 9 9763
f 1432 2320 9764
f 2320 90 9764
f 5092 6513 9765
f 6513 952 9765
f 12 8515 9766
f 8515 850 9766
f 928 4417 9767
f 4417 567 9767
f 1694 6332 9768
f 6332 959 9768
f 1359 7890 9769
f 7890 2409 9769
f 153 4249 9770
f 4249 1860 9770
f 3789 6651 9771
f 6651 1514 9771
f 3822 8496 9772
f 8496 2868 9772
f 12 6185 9773
f 6185 5492 9773
f 4036 5158 9774
f 5158 3859 9774
f 629 6610 9775
f 6610 676 9775
f 604 1893 9776
f 1893 153 9776
f 3728 9027 9777
f 9027 7502 9777
f 183 5327 9939
f 5327 4660 9778
f 38 6953 9779
f 6953 1969 9779
f 2433 6901 9780
f 6901 1386 9780
f 2728 7292 9781
f 7292 2062 9781
f 578 646 9782
f 646 10 9782
f 115 2294 9783
f 2294 6 9783
f 4597 5876 9784
f 5876 3478 9784
f 4 8129 9785
f 8129 43 9785
f 2573 9187 9786
f 9187 3039 9786
f 383 705 9787
f 705 703 9787
f 5922 5977 9788
f 5977 2392 9788
f 2157 8647 9789
f 8647 2959 9789
f 117 4825 9790
f 4825 1283 9790
f 487 6035 9791
f 6035 1400 9791
f 1621 3781 9792
f 3781 3198 9792
f 113 6786 9793
f 6786 2 9793
f 472 5613 9794
f 5613 5582 9794
f 4611 7322 9795
f 7322 1508 9795
f 79 9751 9796
f 9751 383 9796
f 856 3172 9797
f 3172 2785 9797
f 7003 8386 9798
f 8386 5680 9798
f 194 2590 9799
f 2590 1035 9799
f 7057 7329 9800
f 7329 48 9800
f 5 6499 9801
f 6499 875 9801
f 512 7450 9802
f 7450 1349 9802
f 7030 9438 9803
f 9438 4247 9803
f 1758 3904 9804
f 3904 2 9804
f 48 6683 9805
f 6683 838 9805
f 5 4630 9806
f 4630 147 9806
f 1504 5373 9807
f 5373 72 9807
f 178 6662 9808
f 6662 69 9808
f 8315 9268 9809
f 9268 6222 9809
f 7363 8967 9810
f 8967 1233 9810
f 6 8642 9811
f 8642 6538 9811
f 1666 6595 9830
f 6595 1127 9812
f 5031 9379 9813
f 9379 3345 9898
f 418 872 9814
f 872 686 9814
f 1335 7435 9815
f 7435 2094 9815
f 415 7066 9816
f 7066 2476 9816
f 246 1250 9817
f 1250 380 9817
f 438 1368 9818
f 1368 372 9818
f 1011 7470 9819
f 7470 1217 9819
f 409 423 9820
f 423 116 9820
f 3459 7730 9821
f 7730 827 9821
f 220 2722 9822
f 2722 1218 9822
f 56 4935 9823
f 4935 3354 9823
f 1080 1338 9824
f 1338 83 9824
f 1727 8864 9825
f 8864 247 9825
f 228 7592 9826
f 7592 1101 9826
f 128 5135 9827
f 5135 358 9827
f 1656 3127 9828
f 3127 2717 9828
f 1898 5429 9829
f 5429 2049 9829
f 6595 9812 9830
f 9812 1666 9830
f 70 9285 9831
f 9285 901 9831
f 1607 7564 9832
f 7564 6323 9832
f 1269 5505 9833
f 5505 3563 9833
f 5719 8215 9834
f 8215 6104 9834
f 570 5943 9835
f 5943 3638 9835
f 6871 9686 9836
f 9686 855 9836
f 474 9406 9837
f 9406 3242 9837
f 3561 4881 9838
f 4881 259 9838
f 279 2027 9839
f 2027 284 9839
f 319 1163 9840
f 1163 454 9840
f 2293 9210 9841
f 9210 1074 9841
f 3697 7960 9842
f 7960 2039 9842
f 1182 2461 9843
f 2461 172 9843
f 5363 6352 9844
f 6352 915 9844
f 69 7319 9845
f 7319 1485 9845
f 782 3140 9846
f 3140 1195 9846
f 941 8294 9847
f 8294 357 9847
f 2406 4949 9848
f 4949 59 9848
f 4 1073 9849
f 1073 48 9849
f 451 7239 9850
f 7239 1653 9850
f 2657 6464 9851
f 6464 1793 9851
f 8 2437 9852
f 2437 1498 9852
f 491 4114 9853
f 4114 210 9853
f 2047 3552 9854
f 3552 442 9854
f 4214 5553 9855
f 5553 1424 9855
f 10 6369 9856
f 6369 4092 9856
f 1897 6380 9857
f 6380 3044 9857
f 4617 9122 9858
f 9122 5501 9858
f 1258 2076 9859
f 2076 608 9859
f 71 7641 9860
f 7641 189 9860
f 3661 9230 9861
f 9230 414 9861
f 2830 9084 9862
f 9084 12 9862
f 3853 6396 9863
f 6396 1691 9863
f 397 5140 9864
f 5140 944 9864
f 77 3638 9865
f 3638 2837 9865
f 178 3444 9866
f 3444 312 9866
f 2563 7270 9867
f 7270 1685 9867
f 733 5195 9868
f 5195 326 9868
f 149 6933 9869
f 6933 3790 9869
f 21 5512 9870
f 5512 3930 9870
f 795 2803 9871
f 2803 245 9871
f 1682 9628 9872
f 9628 7816 9872
f 839 9031 9873
f 9031 5082 9873
f 590 2199 9874
f 2199 333 9874
f 1527 8196 9875
f 8196 51 9875
f 236 6481 9876
f 6481 218 9876
f 208 4893 9877
f 4893 3461 9877
f 3782 7962 9878
f 7962 3309 9878
f 452 6001 9879
f 6001 2238 9879
f 9178 9748 9880
f 9748 4214 9880
f 194 1691 9881
f 1691 442 9881
f 733 5249 9882
f 5249 2055 9882
f 1993 6126 9883
f 6126 175 9883
f 520 5104 9884
f 5104 14 9884
f 546 5502 9885
f 5502 3774 9885
f 1935 7323 9886
f 7323 244 9886
f 933 7147 9887
f 7147 5305 9887
f 395 5715 9888
f 5715 1718 9888
f 104 6551 9889
f 6551 4729 9889
f 1768 9465 9890
f 9465 2609 9890
f 1284 8193 9891
f 8193 649 9891
f 216 4955 9892
f 4955 3014 9892
f 754 9189 9893
f 9189 2575 9893
f 3721 7786 9894
f 7786 271 9894
f 17 2096 9895
f 2096 139 9895
f 79 2827 9896
f 2827 2340 9896
f 72 5373 9897
f 5373 4751 9897
f 3345 9813 9898
f 9813 9379 9898
f 8 6964 9899
f 6964 601 9899
f 1821 5042 9900
f 5042 3873 9900
f 7675 9261 9901
f 9261 3604 9901
f 515 9238 9902
f 9238 708 9902
f 4526 8513 9903
f 8513 465 9903
f 3780 9629 9904
f 9629 9516 9904
f 60 7894 9905
f 7894 5706 9905
f 8130 9134 9906
f 9134 183 9906
f 5823 7871 9907
f 7871 6529 9907
f 3293 4729 9908
f 4729 966 9908
f 24 4272 9909
f 4272 12 9909
f 1748 3545 9910
f 3545 976 9910
f 3367 9758 9911
f 9758 3374 9911
f 1127 1265 9912
f 1265 37 9912
f 548 5323 9913
f 5323 184 9913
f 454 1895 9914
f 1895 1786 9914
f 3006 5323 9915
f 5323 548 9915
f 6 4817 9916
f 4817 38 9916
f 5362 8037 9917
f 8037 6518 9917
f 10 2839 9918
f 2839 63 9918
f 935 9065 9919
f 9065 17 9919
f 376 7602 9920
f 7602 19 9920
f 135 2635 9921
f 2635 11 9921
f 408 8295 9922
f 8295 15 9922
f 2680 3932 9923
f 3932 1286 9923
f 4037 5623 9924
f 5623 3282 9924
f 4693 9206 9925
f 9206 3506 9925
f 2564 6665 9926
f 6665 4465 9926
f 439 8606 9927
f 8606 4685 9927
f 556 1371 9928
f 1371 504 9928
f 2402 4428 9929
f 4428 1920 9929
f 3336 5947 9930
f 5947 352 9930
f 6 4330 9931
f 4330 546 9931
f 740 8941 9932
f 8941 196 9932
f 8730 9629 9933
f 9629 3780 9933
f 867 5863 9934
f 5863 1423 9934
f 97 3176 9935
f 3176 480 9935
f 215 9596 9936
f 9596 2598 9936
f 1220 4114 9937
f 4114 491 9937
f 3218 5626 9938
f 5626 1879 9938
f 5327 9778 9939
f 9778 183 9939
f 4376 4690 9940
f 4690 309 9940
f 2155 5979 9941
f 5979 2382 9941
f 200 9021 9942
f 9021 577 9942
f 3556 7109 9943
f 7109 12 9943
f 1855 7146 9944
f 7146 2815 9944
f 5386 7416 9945
f 7416 3846 9945
f 3865 8506 9946
f 8506 319 9946
f 6005 7775 9947
f 7775 4930 9947
f 342 8266 9948
f 8266 593 9948
f 653 5771 9949
f 5771 3712 9949
f 342 6136 9950
f 6136 2164 9950
f 2606 4219 9951
f 4219 3600 9951
f 6262 8536 9952
f 8536 2386 9952
f 118 709 9953
f 709 153 9953
f 134 1138 9954
f 1138 260 9954
f 2007 4224 9955
f 4224 714 9955
f 2637 8643 9956
f 8643 126 9956
f 1233 2673 9957
f 2673 119 9957
f 1313 6723 9958
f 6723 5937 9958
f 3030 4433 9959
f 4433 2632 9959
f 686 1082 9960
f 1082 1 9960
f 75 3546 9961
f 3546 172 9961
f 12 9773 9962
f 9773 5492 9962
f 1159 2850 9963
f 2850 633 9963
f 1026 8488 9964
f 8488 7349 9964
f 3547 4160 9965
f 4160 2804 9965
f 680 4584 9966
f 4584 1673 9966
f 487 8590 9967
f 8590 691 9967
f 4597 9784 9968
f 9784 3478 9968
f 2728 5685 9969
f 5685 397 9969
f 1551 4073 9970
f 4073 1673 9970
f 206 8335 9971
f 8335 4075 9971
f 53 425 9972
f 425 127 9972
f 3175 8471 9973
f 8471 967 9973
f 67 6941 9974
f 6941 235 9974
f 3088 7906 9975
f 7906 202 9975
f 5898 7875 9976
f 7875 2634 9976
f 3829 7514 9977
f 7514 1000 9977
f 1238 1559 9978
f 1559 392 9978
f 92 1979 9979
f 1979 1348 9979
f 3783 6437 9980
f 6437 5993 9980
f 912 5199 9981
f 5199 4417 9981
f 6436 7085 9982
f 7085 15 9982
f 2039 5435 9983
f 5435 5100 9983
f 657 6770 9984
f 6770 1899 9984
f 536 1132 9985
f 1132 364 9985
f 7038 9332 9986
f 9332 9318 9986
f 2426 5966 9987
f 5966 5493 9987
f 89 8022 9988
f 8022 10 9988
f 417 419 9989
f 419 79 9989
f 1123 5852 9990
f 5852 3779 9990
f 45 5600 9991
f 5600 4537 9991
f 2765 4869 9992
f 4869 1271 9992
f 2429 4290 9993
f 4290 1036 9993
f 314 4474 9994
f 4474 3831 9994
f 179 4743 9995
f 4743 2220 9995
f 2918 8505 9996
f 8505 151 9996
f 95 4641 9997
f 4641 160 9997
f 45 6912 9998
f 6912 11 9998
f 2232 5125 9999
f 5125 3609 9999
f 5576 9159 10000
f 9159 6170 10000
