10000 20000
v 0.01228953773 0 0.7823119221
v 0.03663597759 0 0.7768640286
v 0.06011878971 0 0.7638816505
v 0.08225393659 0 0.7450468371
v 0.1028452268 0 0.7226282285
v 0.1220288884 0 0.6991940039
v 0.1402599253 0 0.677289561
v 0.158241039 0 0.6591213633
v 0.1768042017 0 0.6462873126
v 0.1967628531 0 0.6395876499
v 0.2187579316 0 0.6389396327
v 0.2431226935 0 0.6434055391
v 0.2697891981 0 0.651328741
v 0.2982536631 0 0.6605586418
v 0.3276094225 0 0.6687340333
v 0.356646133 0 0.6735873304
v 0.384003672 0 0.6732301045
v 0.408360352 0 0.6663835293
v 0.4286290008 0 0.6525252911
v 0.4441320992 0 0.6319360565
v 0.4547289754 0 0.605642132
v 0.4608738911 0 0.5752646511
v 0.4635929805 0 0.5427976401
v 0.4643791967 0 0.5103460735
v 0.4650161288 0 0.4798594201
v 0.4673521112 0 0.4528957033
v 0.4730539145 0 0.4304459428
v 0.4833733013 0 0.4128398005
v 0.4989591639 0 0.3997416684
v 0.519742811 0 0.3902339408
v 0.5449148196 0 0.3829725496
v 0.5729999099 0 0.3763905893
v 0.6020231106 0 0.3689202367
v 0.6297478696 0 0.3592018431
v 0.6539564728 0 0.3462521289
v 0.672736633 0 0.3295702759
v 0.6847363646 0 0.3091703235
v 0.6893526046 0 0.2855391981
v 0.6868271119 0 0.2595303386
v 0.6782349686 0 0.2322117322
v 0.6653649732 0 0.2046929932
v 0.6505055209 0 0.1779581729
v 0.6361622697 0 0.1527290483
v 0.6247432802 0 0.1293781137
v 0.6182520813 0 0.1079022615
v 0.6180285715 0 0.08795849112
v 0.6245718348 0 0.06895337251
v 0.6374685605 0 0.05016986376
v 0.6554371619 0 0.03090963191
v 0.6764826745 0 0.01062703906
v 0.6981430686 0 -0.01096730772
v 0.7177956514 0 -0.03385038363
v 0.7329843584 0 -0.05768712008
v 0.741725985 0 -0.0818873111
v 0.7427561632 0 -0.1057098561
v 0.7356837676 0 -0.1283973716
v 0.7210344026 0 -0.1493190465
v 0.7001780675 0 -0.1680978816
v 0.6751511196 0 -0.1847004457
v 0.6483962491 0 -0.1994727321
v 0.6224545738 0 -0.2131138344
v 0.5996497918 0 -0.2265887744
v 0.5818048773 0 -0.2409914709
v 0.570027035 0 -0.2573770752
v 0.5645872441 0 -0.2765884369
v 0.564908012 0 -0.2991033959
v 0.5696586559 0 -0.3249275607
v 0.5769434541 0 -0.3535514034
v 0.5845562198 0 -0.383981666
v 0.5902667692 0 -0.4148464335
v 0.5921014085 0 -0.4445623126
v 0.5885813046 0 -0.4715425423
v 0.5788890991 0 -0.4944179986
v 0.5629444136 0 -0.5122400036
v 0.5413814995 0 -0.5246351714
v 0.5154354715 0 -0.5318881456
v 0.4867555196 0 -0.5349373314
v 0.4571726371 0 -0.5352803838
v 0.4284545535 0 -0.534798703
v 0.4020811205 0 -0.5355217728
v 0.379069407 0 -0.5393612096
v 0.3598698879 0 -0.5478495458
v 0.3443445541 0 -0.5619192416
v 0.3318260637 0 -0.5817530192
v 0.3212458629 0 -0.6067278548
v 0.3113100806 0 -0.635462937
v 0.3006961707 0 -0.6659681965
v 0.2882414709 0 -0.6958764682
v 0.2730972107 0 -0.722730797
v 0.2548275838 0 -0.7442904658
v 0.2334423198 0 -0.7588161197
v 0.2093614059 0 -0.7652964075
v 0.1833206955 0 -0.763585651
v 0.1562356249 0 -0.7544332968
v 0.129045933 0 -0.7393998566
v 0.1025663661 0 -0.7206688509
v 0.07736660846 0 -0.7007779727
v 0.05369844627 0 -0.6823034524
v 0.03148029099 0 -0.6675379583
v 0.01033988621 0 -0.6582034599
v 0.01236071148 0.0007776700499 0.7883983355
v 0.03683201472 0.00231727395 0.7825651996
v 0.06058319903 0.003811571808 0.7713045238
v 0.08326719719 0.005238728004 0.7557160698
v 0.1047233182 0.00658863272 0.7372792388
v 0.1250062477 0.007864726478 0.7176696606
v 0.144377954 0.009083490937 0.6985532049
v 0.1632629861 0.01027163644 0.6813838337
v 0.1821735659 0.01146138928 0.6672310305
v 0.2016159005 0.01268459729 0.6566584924
v 0.2219924687 0.0139665823 0.6496689156
v 0.2435161513 0.01532073763 0.6457209778
v 0.2661507535 0.01674478609 0.6438151808
v 0.2895888614 0.01821938685 0.6426363293
v 0.3132725876 0.01970944061 0.640733253
v 0.3364563463 0.02116803907 0.6367118644
v 0.3583043091 0.02254259638 0.6294163344
v 0.3780095872 0.0237823474 0.6180752129
v 0.3949183213 0.02484615478 0.602394374
v 0.4086403622 0.02570947242 0.5825860233
v 0.4191293794 0.02636938544 0.5593316351
v 0.4267189463 0.02684688052 0.5336854174
v 0.4321069599 0.0271858656 0.5069325622
v 0.436287874 0.02744890642 0.4804221164
v 0.4404396737 0.02771011552 0.4553971079
v 0.4457792377 0.02804605241 0.4328442538
v 0.4534047404 0.02852580837 0.4133822856
v 0.4641462827 0.02920160893 0.397202163
v 0.4784455856 0.03010124482 0.3840650578
v 0.4962822976 0.03122343562 0.373356022
v 0.5171586479 0.03253686425 0.3641838189
v 0.5401465657 0.03398314145 0.3555114965
v 0.5639929959 0.03548343167 0.3462986938
v 0.5872711104 0.0369479665 0.335635828
v 0.6085585705 0.03828725997 0.3228522521
v 0.626619853 0.03942357955 0.3075848469
v 0.6405685405 0.04030115658 0.2897996396
v 0.6499876025 0.04089375373 0.2697660019
v 0.6549908251 0.04120852981 0.2479897594
v 0.6562160448 0.04128561411 0.2251171869
v 0.6547497272 0.04119336122 0.2018255738
v 0.6519915258 0.0410198299 0.1787173557
v 0.6494755391 0.04086153743 0.1562335728
v 0.648670953 0.04081091717 0.1345988967
v 0.6507877847 0.04094409693 0.1138052193
v 0.6566131008 0.04131059475 0.09363464941
v 0.6663993679 0.04192629449 0.0737166381
v 0.6798199883 0.04277064836 0.05360877809
v 0.6959984206 0.04378850904 0.03288734799
v 0.7136077382 0.0448963934 0.01123241076
v 0.7310282858 0.04599240136 -0.01150661567
v 0.746543489 0.0469685352 -0.03527570578
v 0.7585488619 0.04772384924 -0.05981712558
v 0.7657475133 0.04817675 -0.08470646137
v 0.7673072007 0.04827487721 -0.1094199014
v 0.7629590043 0.04800131188 -0.1334209382
v 0.7530253002 0.04737633619 -0.1562523712
v 0.7383739117 0.04645454896 -0.1776183818
v 0.7203048721 0.04531774135 -0.1974427227
v 0.7003848863 0.04406448207 -0.2158925399
v 0.6802511923 0.04279777741 -0.2333625275
v 0.6614102359 0.04161240491 -0.2504202487
v 0.6450569217 0.04058354159 -0.267719609
v 0.6319371732 0.03975811698 -0.2858947224
v 0.6222705637 0.03914994546 -0.3054499393
v 0.6157417 0.03873918417 -0.3266630431
v 0.6115599383 0.03847609002 -0.3495173228
v 0.6085781282 0.03828849043 -0.3736745179
v 0.6054535748 0.0380919102 -0.3984950014
v 0.6008292752 0.03780097392 -0.4231047877
v 0.5935113502 0.03734056911 -0.4465019964
v 0.582619705 0.03665532487 -0.4676892783
v 0.5676930782 0.03571622112 -0.485814337
v 0.548736186 0.03452355455 -0.5002987365
v 0.5262046854 0.03310599269 -0.5109360309
v 0.5009320668 0.0315159743 -0.5179438368
v 0.4740101896 0.02982219336 -0.5219603662
v 0.4466409905 0.0281002693 -0.5239833714
v 0.4199801669 0.02642291245 -0.525257415
v 0.3949939934 0.02485091566 -0.5271227622
v 0.3723478849 0.02342614328 -0.5308449522
v 0.3523403114 0.02216737345 -0.5374473906
v 0.3348889515 0.02106942695 -0.547569604
v 0.3195685199 0.0201055471 -0.5613709947
v 0.3056925826 0.01923254712 -0.5784943466
v 0.2924258679 0.01839787617 -0.5980956681
v 0.2789098694 0.01754752163 -0.618938221
v 0.2643833882 0.01663359289 -0.6395399474
v 0.2482811626 0.01562052673 -0.6583561467
v 0.2302976036 0.0144890971 -0.6739741907
v 0.2104082642 0.01323776593 -0.685295025
v 0.1888481678 0.01188131964 -0.6916775057
v 0.1660525397 0.01044714028 -0.6930261343
v 0.1425708806 0.008969799514 -0.6898099245
v 0.1189689345 0.007484890928 -0.683009021
v 0.0957344281 0.006023099688 -0.673995128
v 0.0732013549 0.004605438886 -0.6643605417
v 0.05150424847 0.003240372655 -0.6557174344
v 0.03056887672 0.001923230707 -0.6494930917
v 0.01013987327 0.0006379467531 -0.6467474969
v 0.01077387248 0.001361056613 0.6912805653
v 0.03230510617 0.004081083983 0.6904727055
v 0.05388079423 0.006806727245 0.6900617458
v 0.07554800791 0.009543932882 0.6897441335
v 0.09730183822 0.01229208074 0.6891122056
v 0.1190777938 0.01504302368 0.6877077758
v 0.1407549865 0.01778148996 0.685082199
v 0.1621699391 0.02048682761 0.6808551563
v 0.1831391228 0.02313585156 0.6747646048
v 0.2034868662 0.02570636933 0.6667015367
v 0.2230743056 0.02818083838 0.656725204
v 0.2418247273 0.03054956749 0.6450570386
v 0.2597410374 0.03281292381 0.6320542718
v 0.2769121565 0.03498214061 0.6181668745
v 0.293506713 0.03707852062 0.6038835443
v 0.3097542863 0.03913106646 0.5896737975
v 0.325916355 0.04117281055 0.5759336053
v 0.3422507434 0.04323632369 0.5629414143
v 0.3589744975 0.04534902515 0.5508299025
v 0.3762305578 0.04752897252 0.5395766589
v 0.3940632678 0.04978176769 0.5290144325
v 0.4124066713 0.05209907846 0.5188590302
v 0.4310878589 0.05445906127 0.5087506836
v 0.4498455426 0.0568287078 0.4983030648
v 0.4683618652 0.05916786331 0.4871533014
v 0.4863034835 0.06143441681 0.4750064283
v 0.5033665072 0.06358997799 0.4616686754
v 0.5193191263 0.06560526243 0.4470656818
v 0.5340358679 0.06746441926 0.4312438942
v 0.5475183778 0.06916765636 0.4143557451
v 0.5598993173 0.07073173275 0.3966313879
v 0.5714281916 0.07218816828 0.3783414991
v 0.5824403703 0.07357932996 0.3597567071
v 0.5933129031 0.07495285028 0.341109455
v 0.604412644 0.07635507364 0.3225635316
v 0.6160433997 0.07782437977 0.3041952176
v 0.6283991404 0.07938527283 0.2859881938
v 0.6415296851 0.08104404637 0.2678423129
v 0.6553237665 0.0827866441 0.2495943423
v 0.6695121892 0.08457905873 0.2310471329
v 0.6836911923 0.08637028337 0.212002578
v 0.697363464 0.08809749295 0.192293346
v 0.7099918974 0.08969283509 0.1718087369
v 0.7210594223 0.09109098864 0.1505110524
v 0.7301273668 0.09223653643 0.1284404155
v 0.736884899 0.09309021128 0.105707789
v 0.7411831862 0.09363321123 0.08247774723
v 0.7430498385 0.09386902426 0.05894408224
v 0.7426817349 0.09382252196 0.03530235112
v 0.7404171216 0.09353643476 0.01172384765
v 0.7366905616 0.09306566076 -0.01166484088
v 0.7319765408 0.09247014143 -0.03479349449
v 0.7267290027 0.0918072232 -0.05764939561
v 0.7213246014 0.09112448855 -0.08026791386
v 0.7160169521 0.09045397651 -0.1027142353
v 0.7109076993 0.08980852778 -0.1250593861
v 0.7059380035 0.0891807092 -0.1473546681
v 0.7009013645 0.08854443373 -0.169608947
v 0.6954759124 0.08785903973 -0.1917728662
v 0.6892717742 0.08707527481 -0.2137330344
v 0.6818871949 0.0861423855 -0.2353177192
v 0.6729660115 0.08501537794 -0.2563137759
v 0.6622489803 0.08366150205 -0.2764927371
v 0.6496123465 0.08206512397 -0.2956424503
v 0.6350887908 0.0802303722 -0.3135996149
v 0.6188682518 0.07818124159 -0.3302782145
v 0.6012787838 0.07595917503 -0.345689226
v 0.5827502041 0.07361847107 -0.3599480825
v 0.5637654776 0.07122014238 -0.3732680309
v 0.5448062851 0.06882503937 -0.3859395186
v 0.5262998412 0.06648713182 -0.3982977955
v 0.5085737035 0.06424779986 -0.410682723
v 0.4918241001 0.06213183287 -0.423396069
v 0.4761013895 0.06014559262 -0.4366621432
v 0.4613139164 0.05827750033 -0.4505973804
v 0.4472490726 0.05650069736 -0.4651934295
v 0.4336081443 0.05477744736 -0.4803165682
v 0.4200498224 0.05306463299 -0.4957240848
v 0.4062362911 0.05131957815 -0.5110959222
v 0.3918756997 0.04950541357 -0.5260777084
v 0.3767555638 0.0475952962 -0.540329604
v 0.3607630966 0.04557497777 -0.5535744258
v 0.3438904362 0.04344346506 -0.5656384164
v 0.3262249032 0.04121178925 -0.5764788473
v 0.3079265053 0.03890016402 -0.5861942829
v 0.2891965981 0.03653402648 -0.5950155786
v 0.2702426946 0.03413959164 -0.6032782526
v 0.2512447532 0.03173959351 -0.6113793997
v 0.2323278324 0.02934983066 -0.6197244806
v 0.2135448741 0.02697699122 -0.6286707948
v 0.1948717376 0.02461802549 -0.6384750492
v 0.17621471 0.02226109478 -0.6492520401
v 0.1574288492 0.01988788867 -0.6609501385
v 0.1383439393 0.01747690386 -0.673347158
v 0.1187937888 0.0150071455 -0.6860675665
v 0.09864421882 0.01246166285 -0.6986192291
v 0.07781541645 0.009830373194 -0.710445298
v 0.05629530492 0.007111750879 -0.7209848508
v 0.03414205421 0.004313144487 -0.7297346871
v 0.01147558759 0.001449703848 -0.7363044898
v 0.009749497854 0.001859816182 0.6318123959
v 0.02970064637 0.005665701308 0.6411573446
v 0.0506742573 0.00966663157 0.6554879824
v 0.07301225892 0.01392783328 0.6732620906
v 0.09680237286 0.01846604022 0.6924338304
v 0.1218410298 0.02324241948 0.710706183
v 0.1476464826 0.02816507287 0.7258140595
v 0.1735214095 0.03310097917 0.7358017594
v 0.1986562899 0.03789571404 0.7392594108
v 0.222258047 0.04239798999 0.7354885979
v 0.2436839464 0.04648519889 0.7245768117
v 0.2625592376 0.05008585325 0.7073723698
v 0.2788588191 0.05319516472 0.6853644314
v 0.2929380906 0.0558809294 0.6604849582
v 0.3055054572 0.05827828279 0.6348593306
v 0.3175376327 0.06057354303 0.610538543
v 0.3301476798 0.06297903816 0.5892476957
v 0.3444233183 0.06570226184 0.5721827017
v 0.3612582687 0.0689137004 0.5598801706
v 0.3812014326 0.07271806237 0.5521753181
v 0.4043471587 0.07713334577 0.5482508829
v 0.430284828 0.08208122079 0.546768024
v 0.4581181357 0.08739070821 0.5460596379
v 0.4865548204 0.09281529592 0.5443588578
v 0.5140575102 0.0980617146 0.540031645
v 0.5390372763 0.1028268598 0.5317827965
v 0.5600647049 0.1068380564 0.5188092077
v 0.5760698699 0.1098912049 0.5008821493
v 0.5865030702 0.1118814443 0.4783504644
v 0.5914326302 0.1128218081 0.4520675386
v 0.5915639379 0.1128468564 0.4232551106
v 0.5881741851 0.1122002265 0.3933250938
v 0.5829686272 0.1112072132 0.3636855044
v 0.5778750319 0.1102355579 0.3355577491
v 0.5748018424 0.1096493157 0.3098298478
v 0.5753911734 0.1097617366 0.2869641513
v 0.5807992556 0.1107933834 0.2669696864
v 0.5915340607 0.112841157 0.2494396933
v 0.6073728893 0.1158625752 0.2336455956
v 0.6273725462 0.1196777138 0.2186708954
v 0.6499727036 0.1239889244 0.2035633799
v 0.6731807364 0.1284160934 0.1874822357
v 0.694815372 0.1325431209 0.1698183624
v 0.7127784169 0.1359697549 0.150271027
v 0.7253197142 0.1383621354 0.1288712183
v 0.7312609569 0.139495488 0.105950521
v 0.730148995 0.1392833699 0.08206275654
v 0.7223182224 0.1377895702 0.05787276271
v 0.7088533278 0.1352210042 0.03403146516
v 0.6914566229 0.1319024052 0.01105813867
v 0.672236595 0.1282359888 -0.01075076186
v 0.6534446309 0.1246512299 -0.0313713392
v 0.6371936381 0.1215511873 -0.05105250716
v 0.6251946636 0.1192622605 -0.07026675078
v 0.6185452383 0.1179938147 -0.08961943018
v 0.6175964011 0.1178128144 -0.109731473
v 0.6219150583 0.1186366423 -0.131114821
v 0.6303459015 0.1202449116 -0.1540615148
v 0.6411641853 0.1223086096 -0.1785655596
v 0.6522989613 0.1244326818 -0.2042919349
v 0.6615974281 0.1262064592 -0.2305999886
v 0.667096037 0.1272553749 -0.256620033
v 0.6672635272 0.1272873254 -0.2813735009
v 0.6611851707 0.1261278169 -0.3039198071
v 0.6486655868 0.1237395785 -0.3235082118
v 0.6302384291 0.1202244102 -0.3397112921
v 0.6070835568 0.1158073821 -0.3525184176
v 0.5808643336 0.1108057977 -0.3623727389
v 0.5535078422 0.1055872679 -0.3701429431
v 0.5269577579 0.1005225685 -0.3770303594
v 0.5029325024 0.09593950586 -0.3844215669
v 0.4827197967 0.09208372603 -0.3937050813
v 0.4670331385 0.08909133595 -0.4060767182
v 0.455946871 0.08697651731 -0.4223609037
v 0.4489156488 0.08563523995 -0.4428740453
v 0.4448727618 0.084864018 -0.4673511515
v 0.4423914711 0.08439068648 -0.4949487823
v 0.4398856456 0.08391267471 -0.5243271934
v 0.4358215433 0.08313740573 -0.5538035937
v 0.428912099 0.08181935874 -0.581558277
v 0.4182685129 0.0797889861 -0.6058674742
v 0.4034907051 0.07696996851 -0.6253322468
v 0.3846872886 0.07338302496 -0.6390723288
v 0.3624257868 0.06913641638 -0.6468576724
v 0.3376234583 0.06440511918 -0.6491581251
v 0.3113969398 0.05940214321 -0.6471021978
v 0.284893943 0.05434642617 -0.6423478887
v 0.2591317927 0.04943203318 -0.6368803911
v 0.2348655638 0.04480300244 -0.6327616274
v 0.2125033388 0.04053717988 -0.6318635018
v 0.1920785232 0.03664093792 -0.6356195674
v 0.1732803631 0.0330549971 -0.644828005
v 0.1555351352 0.02966991384 -0.6595325984
v 0.1381231789 0.02634840554 -0.6789985338
v 0.1203120629 0.02295075345 -0.7017876257
v 0.1014843878 0.01935918233 -0.7259245953
v 0.08124022968 0.01549740264 -0.7491340178
v 0.05945874082 0.01134236142 -0.7691181309
v 0.03631021074 0.006926543144 -0.7838401229
v 0.01221790528 0.002330690083 -0.7917765742
v 0.0102217985 0.002624511779 0.6717919612
v 0.0311541409 0.007999023827 0.6820498113
v 0.05314993915 0.01364658493 0.6972390556
v 0.07653409381 0.01965061537 0.7157229004
v 0.101365775 0.02602630746 0.7353349583
v 0.127400139 0.03271079599 0.7536470913
v 0.1541025625 0.03956681307 0.7682697343
v 0.1807146487 0.04639963547 0.7771461605
v 0.206362876 0.05298498095 0.7788031617
v 0.2301936622 0.05910368688 0.7725265347
v 0.2515138994 0.0645777934 0.7584397656
v 0.2699144461 0.06930225078 0.7374770526
v 0.2853559377 0.07326695198 0.7112555768
v 0.2982013885 0.07656510318 0.6818649064
v 0.3091876934 0.07938590683 0.6516018769
v 0.3193372244 0.08199186346 0.6226858861
v 0.3298199137 0.08468336062 0.596991448
v 0.3417841611 0.08775525722 0.5758318772
v 0.3561803793 0.09145157781 0.5598205992
v 0.3736031247 0.09592497852 0.5488258498
v 0.3941761349 0.1012072297 0.5420219363
v 0.4174993468 0.1071956127 0.538027493
v 0.4426687576 0.1136580191 0.535109987
v 0.4683699107 0.1202569536 0.5314275858
v 0.4930352544 0.1265899375 0.5252754076
v 0.5150461137 0.1322413656 0.5153036179
v 0.5329529304 0.1368390547 0.5006796247
v 0.5456838382 0.1401077962 0.4811750248
v 0.5527121452 0.1419123587 0.4571687229
v 0.5541579374 0.1422835751 0.4295692567
v 0.550807255 0.141423266 0.3996701966
v 0.5440430643 0.1396865171 0.368961088
v 0.5356941216 0.1375428729 0.338921626
v 0.5278191817 0.135520932 0.3108279784
v 0.5224532703 0.1341432001 0.2855973326
v 0.5213485868 0.1338595656 0.2636903546
v 0.5257441752 0.1349881609 0.2450823088
v 0.5361954807 0.1376716001 0.2293034291
v 0.5524876359 0.1418547145 0.2155392424
v 0.5736456987 0.1472871817 0.202773318
v 0.5980424765 0.1535512096 0.1899495018
v 0.6235916868 0.1601111319 0.1761287909
v 0.6480027574 0.1663788295 0.1606178015
v 0.66906511 0.1717867225 0.1430509314
v 0.6849254762 0.1758589724 0.1234159713
v 0.6943222785 0.1782716612 0.1020218991
v 0.6967463606 0.1788940596 0.07941653068
v 0.6925067016 0.1778055002 0.05626926173
v 0.6826919936 0.1752855115 0.03323920799
v 0.6690324799 0.1717783445 0.01085090312
v 0.6536794641 0.1678363601 -0.01060189565
v 0.6389306678 0.1640495128 -0.03110853732
v 0.6269367126 0.1609699885 -0.05094140734
v 0.6194264768 0.1590416877 -0.07060345714
v 0.6174866032 0.1585436128 -0.09073186601
v 0.6214233372 0.1595543943 -0.1119735905
v 0.6307241072 0.1619424262 -0.1348533493
v 0.6441232482 0.1653827408 -0.1596562033
v 0.6597627493 0.1693982822 -0.186345036
v 0.6754266657 0.1734200924 -0.214528171
v 0.68881848 0.1768585259 -0.2434848008
v 0.6978454519 0.1791762583 -0.2722469613
v 0.7008735064 0.1799537306 -0.2997278122
v 0.6969205096 0.1789387735 -0.3248783259
v 0.6857642351 0.1760743291 -0.3468493422
v 0.6679527761 0.1715011237 -0.3651341508
v 0.6447180366 0.1655354565 -0.3796686648
v 0.6178055261 0.1586254983 -0.3908716654
v 0.589244298 0.1512922213 -0.3996158238
v 0.561088152 0.1440629518 -0.4071300987
v 0.5351622299 0.1374063064 -0.4148442634
v 0.5128475722 0.1316768761 -0.4241952555
v 0.4949303467 0.1270765144 -0.4364214315
v 0.4815331957 0.1236367107 -0.4523736449
v 0.4721347931 0.1212236111 -0.4723708432
v 0.4656718244 0.1195642028 -0.4961226508
v 0.4607068333 0.1182894097 -0.5227328114
v 0.45563714 0.1169877337 -0.550786519
v 0.4489153949 0.1152618829 -0.5785130595
v 0.4392518237 0.1127806995 -0.6040044106
v 0.425771811 0.1093196205 -0.6254620493
v 0.4081095558 0.1047847242 -0.6414394206
v 0.3864280356 0.09921785597 -0.6510470832
v 0.3613660577 0.09278303374 -0.6540916333
v 0.3339232528 0.08573691904 -0.6511276504
v 0.3053020804 0.07838825099 -0.6434130882
v 0.2767311663 0.07105248707 -0.6327712683
v 0.2492959166 0.0640083122 -0.6213752283
v 0.2238002244 0.05746213108 -0.6114809055
v 0.2006776098 0.0515252527 -0.6051430147
v 0.1799621886 0.04620643655 -0.6039504503
v 0.161320672 0.0414201086 -0.6088161392
v 0.1441375151 0.03700822378 -0.6198496761
v 0.1276376954 0.03277179013 -0.636330615
v 0.1110264959 0.02850675899 -0.6567873187
v 0.09362379128 0.02403850389 -0.6791724983
v 0.07497190834 0.01924951431 -0.7011138306
v 0.05490084539 0.01409614124 -0.7202080418
v 0.0335417403 0.008612055159 -0.7343209276
v 0.0112878547 0.002898228489 -0.741854777
v 0.01044656711 0.003394295412 0.6992165104
v 0.03142203715 0.01020963877 0.7005921071
v 0.05262518202 0.01709895816 0.703077394
v 0.07414277772 0.02409044881 0.7061377191
v 0.09597563006 0.03118437256 0.7090639876
v 0.1180262491 0.038349053 0.7110617542
v 0.1401036797 0.04552244505 0.7113510797
v 0.1619452392 0.05261919794 0.7092643352
v 0.1832521774 0.05954224181 0.7043294807
v 0.2037339556 0.06619717496 0.6963283056
v 0.223154303 0.07250722836 0.6853224512
v 0.2413716953 0.07842641793 0.6716442671
v 0.258367512 0.08394869351 0.6558541378
v 0.2742567982 0.08911143557 0.6386702231
v 0.2892790489 0.09399246071 0.6208800383
v 0.3037693978 0.09870066046 0.603245492
v 0.3181135975 0.1033613735 0.5864136329
v 0.332692771 0.1080984341 0.5708443718
v 0.3478257016 0.1130154213 0.5567639938
v 0.3637171289 0.118178859 0.5441497098
v 0.3804199865 0.1236059465 0.5327463115
v 0.3978178079 0.1292588413 0.5221117621
v 0.4156308489 0.1350466492 0.5116848376
v 0.4334461863 0.1408352032 0.5008652281
v 0.4507686173 0.1464636022 0.4890951491
v 0.4670860815 0.1517654677 0.4759316558
v 0.4819410187 0.1565921294 0.4611004477
v 0.4949979036 0.1608345685 0.4445247381
v 0.5060973659 0.1644410024 0.4263263429
v 0.5152888195 0.1674274867 0.4067999985
v 0.5228362124 0.1698797833 0.386365519
v 0.5291950259 0.1719458871 0.3655052594
v 0.5349625235 0.1738198606 0.3446960831
v 0.5408069594 0.175718833 0.3243454392
v 0.5473844752 0.1778559974 0.3047402082
v 0.5552543248 0.1804130666 0.2860148501
v 0.5648035748 0.1835158059 0.2681424165
v 0.5761914437 0.1872159489 0.2509486097
v 0.5893210667 0.191482022 0.2341457848
v 0.6038430021 0.1962004848 0.2173810553
v 0.6191906886 0.2011872505 0.200290861
v 0.6346438546 0.2062082884 0.1825537274
v 0.6494121405 0.2110067954 0.1639335393
v 0.6627284362 0.2153335222 0.1443073665
v 0.673940027 0.2189763889 0.1236744209
v 0.6825858026 0.2217855716 0.1021457127
v 0.6884494897 0.2236907991 0.07991694495
v 0.6915819243 0.2247085888 0.05722969868
v 0.6922893692 0.2249384515 0.03432765281
v 0.691089296 0.2245485241 0.01141519775
v 0.6886392962 0.2237524709 -0.01137472941
v 0.6856482978 0.2227806367 -0.03399835064
v 0.6827815823 0.2218491843 -0.05650145391
v 0.6805719038 0.2211312162 -0.07900249501
v 0.6793482058 0.2207336127 -0.1016612218
v 0.6791911167 0.2206825713 -0.1246380459
v 0.6799208918 0.2209196896 -0.1480509783
v 0.6811192263 0.2213090521 -0.1719374778
v 0.6821819541 0.2216543533 -0.1962279435
v 0.6823956536 0.2217237885 -0.2207358985
v 0.6810281339 0.2212794544 -0.2451673927
v 0.6774210625 0.2201074458 -0.2691491876
v 0.6710728417 0.2180447839 -0.2922722967
v 0.6617012448 0.2149997675 -0.3141449147
v 0.6492780873 0.2109632389 -0.3344470569
v 0.6340319438 0.2060094666 -0.352978638
v 0.6164191339 0.2002867177 -0.3696933467
v 0.5970673036 0.1939989269 -0.3847124834
v 0.5766994013 0.1873809943 -0.3983156567
v 0.5560482217 0.1806710193 -0.4109085306
v 0.5357726765 0.1740830953 -0.4229711877
v 0.516386439 0.1677841249 -0.4349936532
v 0.4982077022 0.1618774953 -0.447407245
v 0.481335765 0.1563954706 -0.460521367
v 0.4656564543 0.1513009537 -0.4744749547
v 0.4508745156 0.1464980106 -0.4892100514
v 0.4365675862 0.1418494075 -0.5044721365
v 0.4222536781 0.1371985368 -0.5198382297
v 0.4074625766 0.1323926166 -0.5347699364
v 0.3918013971 0.1273039909 -0.5486850232
v 0.3750057079 0.1218467407 -0.5610383204
v 0.3569699389 0.1159865641 -0.5714011585
v 0.337753893 0.1097428923 -0.5795283989
v 0.317565615 0.1031833232 -0.5854034767
v 0.2967241565 0.09641152278 -0.5892545827
v 0.2756084546 0.08955061535 -0.591538822
v 0.2546002522 0.08272463661 -0.5928954211
v 0.234029513 0.07604079828 -0.5940732382
v 0.2141300905 0.06957508395 -0.595841395
v 0.1950116177 0.06336311558 -0.5988942987
v 0.1766509928 0.05739738691 -0.6037633056
v 0.1589038308 0.05163098442 -0.6107466454
v 0.1415332885 0.04598695311 -0.6198670258
v 0.1242511762 0.04037165444 -0.6308628621
v 0.1067646021 0.03468992207 -0.6432147578
v 0.08882078459 0.02885962235 -0.656204285
v 0.07024318248 0.02282339351 -0.6689978739
v 0.05095362928 0.01655583775 -0.6807452918
v 0.03097748249 0.0100651942 -0.6906802262
v 0.01043153164 0.003389410091 -0.6982101464
v 0.01021500253 0.004044405613 0.6993656885
v 0.0305207972 0.01208403846 0.6960726061
v 0.05041373769 0.01996021078 0.6889475937
v 0.06968449832 0.02759004467 0.6788666945
v 0.0882636828 0.03494606418 0.6670129537
v 0.1062432758 0.04206468863 0.6547235073
v 0.1238692206 0.04904329385 0.6433178842
v 0.1415055241 0.05602600041 0.6339296983
v 0.1595749217 0.06318018099 0.6273633297
v 0.1784850584 0.07066723376 0.6239937859
v 0.1985517517 0.07861219969 0.6237221736
v 0.2199317623 0.08707714473 0.6259918694
v 0.2425764632 0.09604281607 0.629862549
v 0.2662149683 0.1054019623 0.634131759
v 0.2903710561 0.1149660341 0.6374876964
v 0.3144131979 0.1244849914 0.6386730632
v 0.3376319148 0.1336779317 0.6366387715
v 0.3593342908 0.1422705103 0.6306679914
v 0.3789424456 0.1500339279 0.6204552908
v 0.3960815907 0.1568197955 0.6061318038
v 0.4106441973 0.1625855394 0.5882346227
v 0.4228197103 0.167406166 0.5676259585
v 0.4330837897 0.1714700025 0.5453740496
v 0.4421466429 0.1750582399 0.5226125024
v 0.4508658407 0.1785104146 0.5003970982
v 0.4601342793 0.182180049 0.4795788497
v 0.4707578667 0.1863862248 0.4607093281
v 0.4833395096 0.1913676496 0.4439894382
v 0.4981856959 0.1972456706 0.4292666137
v 0.5152494042 0.2040016706 0.4160787043
v 0.5341185197 0.211472482 0.4037365846
v 0.5540529767 0.2193650918 0.3914325496
v 0.5740672837 0.2272893166 0.3783585509
v 0.5930488025 0.2348046315 0.3638176163
v 0.6098970307 0.241475317 0.3473134243
v 0.6236658976 0.246926797 0.328606687
v 0.6336902165 0.2508957056 0.3077321359
v 0.6396791028 0.2532668734 0.2849757592
v 0.6417631908 0.2540920223 0.2608176325
v 0.6404883535 0.2535872785 0.2358504227
v 0.63675559 0.2521093728 0.2106867626
v 0.63171387 0.2501132147 0.1858697887
v 0.6266190521 0.2480960336 0.1618000958
v 0.6226766676 0.2465351331 0.1386893955
v 0.6208887346 0.2458272404 0.1165467537
v 0.6219244942 0.2462373266 0.09519810876
v 0.6260320498 0.2478636229 0.07433461997
v 0.6330027159 0.2506235049 0.05358104331
v 0.6421931053 0.2542622374 0.03257240694
v 0.6526024987 0.2583836078 0.01102619762
v 0.6629958438 0.2624986243 -0.01120180081
v 0.6720567689 0.2660860983 -0.03408710929
v 0.678551069 0.2686573736 -0.05743652169
v 0.6814797535 0.2698169219 -0.08091844262
v 0.6802021116 0.2693110676 -0.1041186755
v 0.6745131781 0.2670586595 -0.1266125746
v 0.6646659433 0.2631598634 -0.1480417088
v 0.6513358467 0.2578821048 -0.1681822505
v 0.6355325775 0.251625148 -0.1869933707
v 0.6184709816 0.2448699842 -0.2046368354
v 0.6014180496 0.2381182508 -0.2214633576
v 0.585535872 0.2318300519 -0.2379664058
v 0.571740716 0.2263681632 -0.2547093439
v 0.5605960115 0.2219556626 -0.2722361865
v 0.5522523545 0.2186521751 -0.2909792202
v 0.5464413119 0.2163514205 -0.3111777786
v 0.5425226861 0.2147999268 -0.3328213624
v 0.5395779398 0.2136340193 -0.3556271769
v 0.5365366109 0.212429872 -0.3790574229
v 0.5323185225 0.2107598127 -0.4023759789
v 0.5259729332 0.2082474161 -0.4247382623
v 0.5167966361 0.2046142631 -0.4453029137
v 0.5044162576 0.1997125245 -0.4633502671
v 0.4888251329 0.1935395615 -0.4783909404
v 0.4703714164 0.1862332183 -0.4902485926
v 0.4497006549 0.1780490848 -0.4991039073
v 0.4276620092 0.1693233678 -0.5054918236
v 0.4051918636 0.1604268077 -0.5102502858
v 0.3831911279 0.1517161003 -0.5144254774
v 0.3624128166 0.1434893848 -0.519144719
v 0.3433744934 0.1359515794 -0.5254730488
v 0.3263062538 0.1291937853 -0.5342722725
v 0.3111396474 0.1231889011 -0.546081522
v 0.2975371128 0.1178032766 -0.561036009
v 0.2849559144 0.1128220278 -0.5788359647
v 0.2727360237 0.1079838308 -0.5987713163
v 0.2601984782 0.1030198654 -0.6198003055
v 0.2467398489 0.09769121706 -0.6406729989
v 0.2319096197 0.09181951393 -0.6600844498
v 0.2154603114 0.08530677207 -0.6768380163
v 0.1973645717 0.07814216187 -0.6899976245
v 0.1777985396 0.07039542175 -0.6990088584
v 0.1570958165 0.06219863382 -0.70377255
v 0.1356805988 0.05371974933 -0.7046605716
v 0.1139913549 0.04513237015 -0.7024709951
v 0.09240746536 0.03658670376 -0.6983277205
v 0.07119038084 0.02818626573 -0.6935370087
v 0.05044824169 0.01997387188 -0.6894191208
v 0.03012898153 0.01192890767 -0.6871366615
v 0.01004230183 0.003976028567 -0.6875418102
v 0.01058906061 0.004982833694 0.7449656689
v 0.03166001234 0.01489807095 0.7419638246
v 0.05212633672 0.02452879217 0.7319939261
v 0.07159081409 0.03368807997 0.7166689811
v 0.0899082018 0.04230758835 0.6981753597
v 0.1072243798 0.0504559632 0.6789894187
v 0.1239634259 0.05833276039 0.6615592894
v 0.1407633396 0.06623819971 0.6479929002
v 0.1583694811 0.07452302104 0.6397922364
v 0.1775018651 0.08352603758 0.6376675281
v 0.1987171457 0.09350919084 0.6414543923
v 0.2222876896 0.1046006469 0.6501433611
v 0.2481182624 0.1167555918 0.6620165395
v 0.2757157591 0.129741988 0.674872304
v 0.3042197943 0.1431549688 0.6863077981
v 0.3324929143 0.1564592892 0.6940219534
v 0.3592600259 0.1690549359 0.6960997389
v 0.3832787213 0.180357276 0.691241521
v 0.403516719 0.1898805548 0.6789092945
v 0.419310526 0.1973125563 0.6593730024
v 0.4304810453 0.2025690037 0.6336536024
v 0.4373870957 0.2058187443 0.6033731383
v 0.4409059997 0.2074746149 0.570534001
v 0.4423404513 0.2081496165 0.5372582609
v 0.4432613831 0.2085829741 0.5055223125
v 0.4453060394 0.2095451164 0.4769216087
v 0.4499575252 0.2117339394 0.452495142
v 0.458335692 0.2156764054 0.4326303694
v 0.4710287203 0.2216492912 0.4170577819
v 0.4879901369 0.229630728 0.4049319234
v 0.5085178006 0.2392903133 0.3949840969
v 0.5313206569 0.250020523 0.3857228145
v 0.5546672287 0.2610065858 0.3756524675
v 0.5765984938 0.2713266558 0.3634793781
v 0.5951785626 0.2800697725 0.3482774156
v 0.6087507422 0.2864563554 0.3295921697
v 0.6161650057 0.289945243 0.3074722037
v 0.6169458927 0.2903127006 0.2824267415
v 0.6113771165 0.2876922334 0.2553196885
v 0.6004897349 0.2825690205 0.2272186587
v 0.5859532877 0.2757286877 0.199223452
v 0.5698821372 0.2681661783 0.1723004529
v 0.5545806565 0.260965848 0.1471474968
v 0.5422593338 0.2551678736 0.1241082583
v 0.5347581361 0.2516380779 0.1031470434
v 0.5333129859 0.2509580419 0.08388528795
v 0.5383959644 0.25334991 0.06569152379
v 0.5496505246 0.258645904 0.04780851139
v 0.5659307891 0.266306815 0.02949582294
v 0.5854405228 0.2754873988 0.01016419063
v 0.605954398 0.2851404958 -0.01052034455
v 0.6250934282 0.2941466398 -0.03257932848
v 0.6406193702 0.3014525935 -0.05572096648
v 0.6507104231 0.3062010825 -0.0793953931
v 0.6541830181 0.3078351617 -0.102897046
v 0.6506315654 0.3061639749 -0.1254973376
v 0.6404687585 0.301381721 -0.1465856964
v 0.6248620066 0.294037741 -0.1657953249
v 0.6055750445 0.2849619856 -0.1830919898
v 0.5847359745 0.2751558635 -0.1988095669
v 0.564562322 0.2656628632 -0.2136241239
v 0.5470789243 0.2574358008 -0.2284678585
v 0.5338649596 0.251217781 -0.2443937835
v 0.5258621474 0.2474519434 -0.2624102177
v 0.5232677271 0.2462311019 -0.2833096266
v 0.5255244173 0.2472930197 -0.3075182767
v 0.531406719 0.2500610207 -0.3349911348
v 0.539190391 0.2537237388 -0.3651706651
v 0.5468813401 0.2573428247 -0.3970194025
v 0.5524729254 0.259974025 -0.4291256259
v 0.5541976741 0.2607856301 -0.4598706268
v 0.5507409748 0.259159031 -0.4876365272
v 0.5413901492 0.2547588664 -0.5110267962
v 0.5261015427 0.2475645943 -0.5290685875
v 0.5054796001 0.2378606447 -0.5413673355
v 0.4806737255 0.2261878861 -0.5481896293
v 0.4532094688 0.2132641879 -0.5504595619
v 0.4247787874 0.1998857248 -0.5496653284
v 0.3970187605 0.1868228477 -0.5476852378
v 0.3713086341 0.1747245805 -0.5465538058
v 0.3486114949 0.1640441175 -0.548197562
v 0.3293798024 0.15499437 -0.554175326
v 0.313534532 0.1475381517 -0.5654581764
v 0.3005171682 0.1414126452 -0.5822799845
v 0.2894037403 0.136183063 -0.6040806902
v 0.2790618962 0.1313165606 -0.629552577
v 0.2683267745 0.1262649958 -0.6567862103
v 0.2561698082 0.1205443617 -0.6834992648
v 0.2418367113 0.1137997182 -0.7073200168
v 0.2249363559 0.1058470147 -0.7260894021
v 0.2054701564 0.09668691646 -0.7381423662
v 0.1838007462 0.08649006601 -0.7425312607
v 0.1605677793 0.07555746165 -0.7391610721
v 0.1365663008 0.06426322316 -0.7288174255
v 0.1126082202 0.05298940622 -0.7130821382
v 0.08938929027 0.04206340712 -0.6941457914
v 0.067382426 0.03170776286 -0.674540375
v 0.04677350203 0.02200993936 -0.6568257342
v 0.02744868493 0.01291637069 -0.6432698455
v 0.009034008273 0.004251081609 -0.6355640282
v 0.01049089647 0.00576741914 0.762080555
v 0.03130474249 0.01720992782 0.7575150075
v 0.05154832691 0.02833893253 0.7474364974
v 0.07091980135 0.03898849073 0.7330578884
v 0.08929919018 0.04909264524 0.7160150989
v 0.1067763631 0.05870080236 0.6981585197
v 0.1236419191 0.06797272022 0.6813188327
v 0.1403414942 0.07715338931 0.6670774132
v 0.157399946 0.08653135259 0.6565707112
v 0.1753269021 0.0963867801 0.6503533696
v 0.1945184997 0.1069374501 0.6483370018
v 0.2151712577 0.1182913999 0.6498115596
v 0.2372226873 0.1304142759 0.6535454332
v 0.2603296243 0.1431174221 0.6579502581
v 0.283889846 0.1560697636 0.6612882084
v 0.3071060936 0.1688330037 0.6618943928
v 0.329085098 0.1809160636 0.6583854806
v 0.3489585719 0.1918415983 0.6498280194
v 0.3660092507 0.2012152883 0.6358456978
v 0.3797835539 0.2087877756 0.616653222
v 0.3901735954 0.2144997492 0.5930143525
v 0.3974550003 0.2185027355 0.5661316374
v 0.4022728132 0.2211513505 0.5374841473
v 0.4055749372 0.2229667085 0.5086358992
v 0.4085000257 0.2245747895 0.4810408678
v 0.4122334918 0.2266272799 0.4558701358
v 0.4178503358 0.2297151661 0.4338829771
v 0.4261660399 0.2342867631 0.4153570797
v 0.4376164262 0.2405816662 0.4000846694
v 0.4521840853 0.2485903045 0.3874321883
v 0.4693831433 0.2580455667 0.3764526802
v 0.4883065 0.2684487701 0.3660332903
v 0.507731247 0.2791276151 0.3550561868
v 0.526269925 0.2893193396 0.3425502423
v 0.5425487062 0.2982686753 0.3278130355
v 0.5553894371 0.3053279268 0.3104877367
v 0.5639713682 0.3100458834 0.2905864381
v 0.5679505305 0.3122334463 0.2684594536
v 0.5675198798 0.3119966941 0.2447178565
v 0.5634008625 0.3097322452 0.220122971
v 0.5567659764 0.3060846857 0.1954607711
v 0.5491010391 0.3018708507 0.171420633
v 0.5420239904 0.2979802103 0.1484964682
v 0.5370830486 0.2952639046 0.126924232
v 0.5355600834 0.2944266474 0.1066637966
v 0.5383047177 0.2959355228 0.08742613542
v 0.5456209411 0.2999576507 0.06873976207
v 0.5572213774 0.3063350445 0.0500444359
v 0.5722556606 0.3146002116 0.03079617274
v 0.5894097752 0.324030766 0.01056615094
v 0.6070639881 0.3337362517 -0.01088263208
v 0.6234893497 0.3427661706 -0.0335533347
v 0.6370577105 0.3502254401 -0.057214592
v 0.6464384381 0.3553825387 -0.08144120045
v 0.6507567715 0.3577565626 -0.1056894873
v 0.6496937852 0.3571721809 -0.1293950164
v 0.6435155731 0.3537756801 -0.152076518
v 0.6330284887 0.3480103567 -0.1734286609
v 0.6194668741 0.3405547959 -0.1933877304
v 0.6043283927 0.3322323453 -0.2121582472
v 0.5891787197 0.3239037421 -0.2301944829
v 0.575451072 0.3163569039 -0.2481378325
v 0.5642664062 0.3102080819 -0.2667180378
v 0.5562970735 0.3058269042 -0.2866322552
v 0.5516907244 0.3032945423 -0.3084199895
v 0.5500631438 0.3023997723 -0.3323533295
v 0.550559562 0.3026726805 -0.3583604199
v 0.5519750666 0.3034508608 -0.385995866
v 0.5529172127 0.30396881 -0.4144653136
v 0.5519887724 0.3034583956 -0.4427036969
v 0.5479664326 0.3012470956 -0.4694986866
v 0.5399523664 0.2968413254 -0.4936438649
v 0.5274797576 0.2899844507 -0.5141011511
v 0.5105599346 0.2806826993 -0.5301497818
v 0.4896668291 0.2691966173 -0.5415001166
v 0.4656628982 0.2560003446 -0.5483546402
v 0.4396782922 0.2417151866 -0.5514052843
v 0.4129608941 0.2270271727 -0.5517646901
v 0.3867181459 0.2126000998 -0.5508381502
v 0.3619719389 0.1989957574 -0.5501514133
v 0.3394452929 0.186611629 -0.5511561295
v 0.3194945225 0.1756436001 -0.5550384783
v 0.30209384 0.166077494 -0.5625568694
v 0.2868718686 0.1577091444 -0.5739314064
v 0.2731923807 0.1501887822 -0.588801423
v 0.2602657504 0.1430823071 -0.6062586394
v 0.247273876 0.1359399637 -0.6249535026
v 0.2334901717 0.1283623081 -0.6432624011
v 0.2183777334 0.1200541749 -0.6594950322
v 0.2016526617 0.1108594889 -0.6721154147
v 0.1833051547 0.1007728615 -0.6799477066
v 0.1635775025 0.08992749298 -0.6823394788
v 0.1429045536 0.07856244318 -0.6792602612
v 0.1218276361 0.06697530973 -0.6713213727
v 0.1008965379 0.05546834112 -0.6597132129
v 0.08057547746 0.04429674359 -0.6460669839
v 0.06116788024 0.03362732673 -0.6322577936
v 0.04277143116 0.02351379326 -0.6201739341
v 0.02526983437 0.01389220901 -0.6114817518
v 0.008361769197 0.004596921516 -0.6074163184
v 0.008926930533 0.005665202384 0.6730315191
v 0.02671530916 0.01695405073 0.6709440082
v 0.04445093256 0.0282094196 0.6689375452
v 0.06216618182 0.03945185864 0.666914138
v 0.07987812835 0.0506922017 0.6647334128
v 0.09758555445 0.06192967602 0.6622308686
v 0.1152691032 0.07315199731 0.6592384653
v 0.1328945298 0.08433743312 0.6556049344
v 0.1504185304 0.09545850207 0.6512132619
v 0.1677962064 0.1064867107 0.6459931939
v 0.18498894 0.1173975511 0.6399272877
v 0.2019713623 0.1281749241 0.6330498907
v 0.2187362062 0.1388142175 0.6254393578
v 0.2352961288 0.1493234639 0.6172046947
v 0.2516820405 0.1597222798 0.6084685205
v 0.267938007 0.1700386298 0.599348689
v 0.2841133298 0.1803038018 0.5899410371
v 0.3002528777 0.1905462703 0.5803055308
v 0.3163870606 0.2007853341 0.5704575829
v 0.3325229618 0.2110254885 0.5603655912
v 0.3486380477 0.2212524329 0.5499549035
v 0.3646775623 0.2314314184 0.5391175531
v 0.380556234 0.2415083299 0.5277263584
v 0.3961643234 0.2514135246 0.5156514353
v 0.4113774243 0.2610680521 0.5027768928
v 0.4260688707 0.2703915274 0.4890155206
v 0.4401231836 0.2793106656 0.4743195992
v 0.4534487867 0.2877673505 0.458686535
v 0.4659882451 0.2957251328 0.4421587515
v 0.4777245611 0.3031732254 0.4248180542
v 0.4886825463 0.3101273742 0.4067754193
v 0.4989249248 0.3166273853 0.3881577393
v 0.5085435249 0.3227315346 0.3690934096
v 0.5176465867 0.3285085132 0.3496987264
v 0.5263437604 0.3340279075 0.3300668701
v 0.5347307178 0.3393504325 0.3102608213
v 0.5428753925 0.3445192003 0.2903109457
v 0.550807689 0.3495531887 0.2702173032
v 0.558514074 0.3544438093 0.2499560604
v 0.5659378391 0.3591550739 0.229488834
v 0.5729850848 0.363627392 0.2087734201
v 0.5795357155 0.3677845486 0.187774236
v 0.5854580645 0.3715429856 0.1664709189
v 0.5906252676 0.3748221924 0.1448638725
v 0.5949312508 0.3775548525 0.122976064
v 0.5983042269 0.3796954082 0.1008509829
v 0.6007159015 0.3812259034 0.07854726931
v 0.6021851392 0.38215831 0.05613103256
v 0.60277556 0.3825330025 0.03366721976
v 0.6025873291 0.3824135475 0.01121151856
v 0.601744168 0.3818784612 -0.01119583101
v 0.6003772463 0.3810109863 -0.03353326516
v 0.5986080293 0.3798882071 -0.0557976021
v 0.5965323003 0.3785709094 -0.07800023793
v 0.5942074284 0.3770955008 -0.1001604209
v 0.5916445335 0.3754690383 -0.1222966787
v 0.5888065654 0.3736680089 -0.1444177956
v 0.5856125435 0.371641021 -0.1665148439
v 0.5819474116 0.3693150575 -0.1885556449
v 0.5776762352 0.3666044866 -0.2104826924
v 0.5726609232 0.3634216728 -0.232215057
v 0.5667773423 0.3596878388 -0.2536541838
v 0.5599306663 0.3553428061 -0.2746928877
v 0.552067057 0.3503524079 -0.2952263294
v 0.543180269 0.3447126807 -0.3151634098
v 0.5333124494 0.338450372 -0.3344368913
v 0.522549162 0.3316197821 -0.3530106855
v 0.5110094072 0.324296431 -0.3708831107
v 0.4988320383 0.3165684378 -0.3880854747
v 0.4861604046 0.3085267744 -0.4046760088
v 0.4731272294 0.30025567 -0.4207298626
v 0.4598416456 0.2918243821 -0.436326474
v 0.4463799637 0.283281339 -0.4515360606
v 0.4327812086 0.2746513066 -0.466407172
v 0.4190477923 0.2659358156 -0.4809571607
v 0.4051509928 0.2571166385 -0.4951670783
v 0.3910402776 0.2481617063 -0.5089819262
v 0.3766550256 0.2390325478 -0.5223164602
v 0.3619369297 0.2296921601 -0.5350659654
v 0.3468413322 0.2201122026 -0.5471206963
v 0.3313459573 0.2102785386 -0.5583821105
v 0.3154559208 0.2001944149 -0.5687787035
v 0.2992044583 0.1898809231 -0.5782792269
v 0.2826494284 0.1793747817 -0.5869013503
v 0.2658662448 0.1687238495 -0.5947143783
v 0.248938367 0.1579810916 -0.6018353934
v 0.2319467915 0.1471979099 -0.6084190564
v 0.2149600752 0.1364178119 -0.614642147
v 0.1980262963 0.1256713091 -0.6206846545
v 0.181168033 0.1149727298 -0.6267097264
v 0.1643809694 0.1043193353 -0.632844983
v 0.1476361944 0.09369277796 -0.6391675779
v 0.1308857218 0.0830626048 -0.6456949371
v 0.1140703074 0.07239121837 -0.6523824017
v 0.09712833739 0.06163951725 -0.6591281219
v 0.0800044469 0.0507723659 -0.6657846163
v 0.0626566224 0.03976310169 -0.6721755478
v 0.04506081406 0.02859646216 -0.6781155896
v 0.0272125039 0.01726958011 -0.6834308497
v 0.00912516721 0.005791007205 -0.6879772534
v 0.007643066342 0.005553012742 0.6013874853
v 0.02320415531 0.01685880566 0.6081985032
v 0.03948546304 0.02868786813 0.6201481315
v 0.05678995559 0.0412603179 0.635829638
v 0.07522791527 0.05465627974 0.6533594313
v 0.09468750571 0.06879449977 0.6706100721
v 0.1148435211 0.08343870217 0.6854718646
v 0.1352038125 0.09823131971 0.696109492
v 0.1551867916 0.1127498039 0.7011810309
v 0.1742182522 0.1265769694 0.6999918211
v 0.1918323156 0.1393743355 0.6925643687
v 0.2077601672 0.1509465971 0.6796165378
v 0.2219916068 0.1612863432 0.6624522742
v 0.2347981463 0.1705908388 0.6427803794
v 0.2467119354 0.1792467133 0.6224859557
v 0.258461391 0.1877831924 0.6033848801
v 0.2708710871 0.1967993644 0.586993317
v 0.2847392308 0.2068751606 0.5743416979
v 0.3007100248 0.2184786216 0.5658561745
v 0.3191597611 0.2318831397 0.5613212193
v 0.3401143043 0.2471075064 0.5599260902
v 0.363211807 0.2638888245 0.5603867987
v 0.3877185223 0.2816939954 0.5611254977
v 0.4125982554 0.2997701796 0.5604821225
v 0.436628332 0.3172290522 0.5569295693
v 0.4585480522 0.3331546611 0.5492640818
v 0.4772204477 0.3467209505 0.536746693
v 0.4917855509 0.3573031174 0.5191788842
v 0.5017837519 0.3645672356 0.4969050005
v 0.5072311949 0.3685250346 0.4707440713
v 0.5086351544 0.3695450709 0.4418631206
v 0.5069451608 0.3683172187 0.4116115378
v 0.5034442799 0.3657736798 0.3813406315
v 0.4995932063 0.3629757111 0.3522335572
v 0.496846571 0.3609801638 0.3251683459
v 0.4964651182 0.360703022 0.3006312024
v 0.4993485498 0.3627979577 0.2786894676
v 0.505911653 0.3675663313 0.2590248036
v 0.5160210391 0.3749112302 0.241018549
v 0.5290021093 0.3843425298 0.2238740417
v 0.5437167223 0.3950333219 0.2067559839
v 0.5587026749 0.4059212538 0.1889252725
v 0.5723577967 0.4158422806 0.1698492745
v 0.5831453106 0.4236798682 0.1492720043
v 0.5897939966 0.4285104213 0.1272353131
v 0.5914670498 0.4297259656 0.1040500105
v 0.5878773397 0.4271178886 0.08022360839
v 0.579333579 0.4209104831 0.05635795268
v 0.5667108042 0.4117395003 0.03303441496
v 0.5513484006 0.4005780608 0.01070592195
v 0.534888355 0.3886191377 -0.0103863056
v 0.519074247 0.3771295156 -0.03025760925
v 0.5055366434 0.3672938709 -0.04917893811
v 0.4955923585 0.360068925 -0.06763010682
v 0.4900832371 0.356066314 -0.0862147198
v 0.4892749603 0.3554790665 -0.1055505026
v 0.4928285394 0.3580608929 -0.1261529546
v 0.4998477063 0.3631606161 -0.1483316394
v 0.5089955748 0.3698069316 -0.1721168199
v 0.5186650501 0.3768322167 -0.1972297308
v 0.5271806563 0.3830191668 -0.2231032015
v 0.5330056365 0.3872512626 -0.2489515647
v 0.5349278207 0.3886478111 -0.2738809688
v 0.5322008766 0.3866665703 -0.2970245514
v 0.524623701 0.38116143 -0.3176824479
v 0.5125490262 0.3723886652 -0.3354450423
v 0.4968216784 0.3609620782 -0.3502795172
v 0.4786560699 0.347763991 -0.3625644688
v 0.4594702251 0.3338246589 -0.3730645059
v 0.4406989278 0.3201865131 -0.3828453496
v 0.4236107682 0.3077712384 -0.3931387889
v 0.4091527314 0.2972668598 -0.4051746145
v 0.3978417164 0.2890489264 -0.4200022103
v 0.3897156424 0.283144988 -0.4383269478
v 0.3843485514 0.2792455682 -0.4603854562
v 0.380925484 0.2767585641 -0.4858792941
v 0.3783650832 0.2748983241 -0.5139790635
v 0.3754718986 0.2727963024 -0.5434015757
v 0.3710969903 0.2696177455 -0.5725525723
v 0.3642850714 0.2646685967 -0.5997181335
v 0.3543890375 0.2574787072 -0.6232805976
v 0.3411378879 0.2478511835 -0.6419306452
v 0.3246509541 0.2358727249 -0.6548468213
v 0.3053990118 0.2218853701 -0.6618173275
v 0.2841201846 0.2064253971 -0.663286005
v 0.2617045131 0.1901394585 -0.6603141581
v 0.2390648877 0.1736908079 -0.6544609558
v 0.2170132195 0.1576693331 -0.647596109
v 0.1961591793 0.142517986 -0.6416678619
v 0.1768448574 0.1284853098 -0.6384557609
v 0.1591229184 0.1156095674 -0.6393402531
v 0.1427791441 0.1037351203 -0.6451195131
v 0.1273936553 0.09255690839 -0.6558981664
v 0.1124295488 0.08168484861 -0.6710634757
v 0.09733397233 0.07071727031 -0.6893532753
v 0.08163529639 0.05931151461 -0.7090079611
v 0.06502117805 0.04724065108 -0.7279877519
v 0.04738573818 0.03442775401 -0.744227742
v 0.02883923114 0.0209529279 -0.7558981131
v 0.009679673485 0.007032694444 -0.7616360025
v 0.007722008799 0.006388201246 0.6379616704
v 0.0234893303 0.01943206398 0.6464393062
v 0.04006090697 0.03314126447 0.6606273035
v 0.05774698796 0.0477724631 0.6788535801
v 0.0766396812 0.0634018582 0.6988828197
v 0.09658005523 0.07989797023 0.7181950082
v 0.1171687288 0.09693040231 0.734298075
v 0.1378193599 0.11401409 0.7450344993
v 0.1578475004 0.1305828088 0.7488427859
v 0.1765813996 0.146080838 0.7449408757
v 0.1934774271 0.1600584476 0.7334089668
v 0.2082214861 0.172255794 0.7151624959
v 0.2207993388 0.1826610987 0.6918203721
v 0.2315229945 0.1915324782 0.6654870611
v 0.2410066419 0.1993780336 0.6384780124
v 0.2500931253 0.2068950264 0.6130247895
v 0.2597395873 0.2148752738 0.5909982426
v 0.2708774762 0.2240893368 0.5736849699
v 0.2842666523 0.2351658266 0.5616446223
v 0.3003650896 0.2484836122 0.554664436
v 0.3192343161 0.2640935939 0.5518142528
v 0.3404963847 0.2816831068 0.5515920275
v 0.363351355 0.3005903825 0.5521381759
v 0.3866559123 0.319869589 0.5514886386
v 0.4090550138 0.3383997373 0.5478322833
v 0.4291505723 0.3550242291 0.5397387269
v 0.4456853149 0.3687029578 0.5263276617
v 0.4577169783 0.3786564153 0.507359522
v 0.4647584202 0.3844816027 0.4832385548
v 0.4668630764 0.3862227257 0.4549314581
v 0.4646420177 0.3843853062 0.4238160506
v 0.4592077905 0.3798897225 0.3914833921
v 0.4520500683 0.3739683397 0.3595222285
v 0.4448575541 0.3680181745 0.3293159091
v 0.4393082576 0.3634273971 0.3018789765
v 0.4368551211 0.3613979862 0.2777539744
v 0.4385352758 0.362787931 0.2569797097
v 0.4448287092 0.3679943119 0.2391316256
v 0.4555861069 0.3768936052 0.2234246404
v 0.4700368295 0.3888482826 0.2088602346
v 0.4868775611 0.4027801475 0.1943939276
v 0.5044314955 0.4173020249 0.1790973002
v 0.5208584394 0.4308915748 0.1622905887
v 0.5343892102 0.4420852018 0.1436272333
v 0.5435541467 0.4496670967 0.1231197332
v 0.5473759576 0.4528287736 0.1011055109
v 0.5455014831 0.4512780735 0.07816079084
v 0.5382546992 0.4452830124 0.0549783718
v 0.5266034373 0.4356442503 0.0322304489
v 0.5120434989 0.4235992217 0.01043956368
v 0.4964146228 0.410669891 -0.01012092151
v 0.4816716881 0.3984734747 -0.02948042802
v 0.4696404124 0.3885203379 -0.04796997637
v 0.4617888534 0.3820249634 -0.06616623988
v 0.4590439692 0.3797541977 -0.08478975813
v 0.4616766046 0.3819321031 -0.1045737591
v 0.4692693443 0.3882133637 -0.1261250346
v 0.4807708877 0.3977282679 -0.1497999927
v 0.4946293874 0.4091930159 -0.1756170831
v 0.5089870484 0.421070706 -0.2032215064
v 0.5219105254 0.4317619359 -0.2319102418
v 0.5316273015 0.4398003522 -0.2607161124
v 0.536737827 0.4440281466 -0.2885402548
v 0.5363767495 0.4437294373 -0.3143143755
v 0.5303035739 0.4387052696 -0.3371688191
v 0.5189125755 0.4292818162 -0.3565805889
v 0.5031624611 0.4162521884 -0.3724774409
v 0.4844367044 0.4007608952 -0.3852798081
v 0.4643542812 0.3841472698 -0.3958708735
v 0.4445565592 0.3677691698 -0.4054954093
v 0.4264985971 0.3528303244 -0.4155985737
v 0.4112718093 0.34023363 -0.4276251621
v 0.3994801056 0.3304786844 -0.4428064613
v 0.3911839404 0.3236154996 -0.4619648028
v 0.3859172962 0.3192585526 -0.4853646332
v 0.3827727915 0.3166571921 -0.5126334729
v 0.3805411785 0.3148110413 -0.5427671731
v 0.3778846768 0.3126133919 -0.5742225899
v 0.3735197447 0.3090024061 -0.6050886956
v 0.3663844779 0.3030996 -0.6333159272
v 0.355768802 0.2943175492 -0.656974824
v 0.341391505 0.2824236147 -0.6745100115
v 0.3234160359 0.2675530134 -0.6849551371
v 0.3024057337 0.2501717798 -0.6880786215
v 0.279227507 0.2309970831 -0.6844385806
v 0.2549197929 0.2108879931 -0.6753369177
v 0.230544979 0.1907233934 -0.6626758643
v 0.2070478187 0.1712848519 -0.6487333693
v 0.1851396071 0.1531608031 -0.6358849222
v 0.1652233462 0.1366846392 -0.6263070865
v 0.1473685466 0.1219138643 -0.6217011215
v 0.131336687 0.1086511566 -0.623073095
v 0.1166508285 0.09650195791 -0.6306000238
v 0.1026965438 0.08495796966 -0.6436006876
v 0.08883709022 0.0734924325 -0.6606162585
v 0.07452419416 0.06165177513 -0.6795915398
v 0.05938711476 0.04912929399 -0.6981343424
v 0.04328655603 0.03580975344 -0.7138201042
v 0.02632587944 0.02177866151 -0.7245027008
v 0.008819007524 0.007295717516 -0.7285913442
v 0.007796583607 0.007321479338 0.6808319123
v 0.02337802145 0.0219534234 0.6800426369
v 0.0390932448 0.03671100043 0.6814103565
v 0.05506803834 0.05171233008 0.6842544831
v 0.07134149044 0.06699411878 0.6876447357
v 0.08785203005 0.08249854748 0.6905227693
v 0.1044414809 0.09807707878 0.6918388753
v 0.1208768973 0.1135109621 0.6906861197
v 0.136887059 0.1285455046 0.686414744
v 0.1522080552 0.1429328777 0.6787123577
v 0.1666307638 0.1564767026 0.6676400274
v 0.1800424882 0.1690711501 0.6536201994
v 0.1924556625 0.1807278967 0.6373786925
v 0.2040182915 0.1915859281 0.6198489369
v 0.215003426 0.201901656 0.6020514186
v 0.2257780998 0.2120197482 0.5849643053
v 0.2367553232 0.222328047 0.5694021006
v 0.2483354617 0.233202521 0.555917809
v 0.2608452158 0.244949962 0.5447407131
v 0.2744831446 0.2577568296 0.5357569527
v 0.2892801172 0.2716521118 0.5285343259
v 0.3050812612 0.2864903736 0.5223869002
v 0.321553143 0.3019585002 0.5164699052
v 0.3382164419 0.3176063794 0.5098916502
v 0.3545007413 0.3328983545 0.5018273397
v 0.369814785 0.3472791987 0.4916198655
v 0.3836231008 0.3602460703 0.4788548511
v 0.3955186562 0.3714167404 0.4634010742
v 0.4052813841 0.3805845521 0.4454123299
v 0.4129140149 0.3877520695 0.4252921185
v 0.4186494915 0.3931380405 0.4036275082
v 0.4229279559 0.397155786 0.3811024652
v 0.4263453899 0.4003649702 0.3584033402
v 0.4295799078 0.4034023846 0.3361297649
v 0.4333048925 0.4069003781 0.3147229144
v 0.438100189 0.4114034613 0.2944201711
v 0.4443731072 0.4172941236 0.2752411336
v 0.4522999524 0.4247379267 0.257005264
v 0.4617962963 0.4336555872 0.2393769398
v 0.4725205438 0.4437263259 0.2219299103
v 0.4839110149 0.4544226902 0.2042206771
v 0.4952523254 0.4650728897 0.1858594453
v 0.505762906 0.4749429819 0.166568116
v 0.5146925862 0.4833285098 0.1462171437
v 0.5214176942 0.4896438065 0.124836587
v 0.5255212892 0.4934973387 0.1026007874
v 0.5268479571 0.4947431628 0.07979020465
v 0.5255258224 0.4935015956 0.05673739259
v 0.5219526505 0.4901461639 0.03376642181
v 0.5167475749 0.4852582725 0.01113589706
v 0.510674466 0.4795552437 -0.01100502171
v 0.5045466723 0.4738008624 -0.03264038556
v 0.4991253047 0.4687098594 -0.05388711108
v 0.4950240922 0.4648585645 -0.07497053579
v 0.4926329763 0.4626131571 -0.09617979769
v 0.4920701688 0.4620846458 -0.1178102721
v 0.4931686808 0.4631162172 -0.1401024957
v 0.495498843 0.4653043852 -0.1631877462
v 0.4984236804 0.4680509902 -0.1870495988
v 0.5011797745 0.4706391349 -0.2115084587
v 0.502973028 0.472323112 -0.236232605
v 0.5030769281 0.4724206807 -0.260775187
v 0.5009207403 0.4703958856 -0.284632502
v 0.4961565384 0.4659220022 -0.307315375
v 0.4886968929 0.4589169289 -0.3284231015
v 0.4787189813 0.4495470461 -0.3477085894
v 0.4666353231 0.4381997358 -0.365124203
v 0.4530356822 0.425428823 -0.3808402895
v 0.4386083347 0.4118806419 -0.3952321318
v 0.4240514114 0.3982107809 -0.4088355963
v 0.4099860623 0.385002539 -0.4222763933
v 0.3968826522 0.3726976179 -0.4361819559
v 0.3850091792 0.3615476846 -0.4510878676
v 0.3744079179 0.3515924376 -0.4673520636
v 0.3649023772 0.3426661407 -0.4850894687
v 0.356132571 0.3344307445 -0.5041373397
v 0.3476128909 0.3264302324 -0.5240576408
v 0.3388040345 0.3181581656 -0.5441778176
v 0.3291888438 0.3091289006 -0.5636660182
v 0.3183417395 0.2989427916 -0.5816318739
v 0.3059826733 0.2873368559 -0.5972401142
v 0.2920089695 0.2742146746 -0.6098220883
v 0.2765016998 0.2596523791 -0.618970074
v 0.2597068768 0.2438809905 -0.624601125
v 0.2419952196 0.2272486373 -0.6269809412
v 0.2238070822 0.2101688394 -0.6267033685
v 0.2055909437 0.1930627468 -0.6246269733
v 0.1877444204 0.1763037459 -0.6217759024
v 0.1705660246 0.1601721585 -0.6192171643
v 0.1542240093 0.1448259846 -0.6179298437
v 0.1387458982 0.1302910708 -0.618683128
v 0.1240291284 0.1164711041 -0.6219391596
v 0.1098701032 0.1031748944 -0.6277937053
v 0.0960063165 0.09015593215 -0.6359628516
v 0.08216444791 0.07715755234 -0.6458179973
v 0.06810667877 0.06395642843 -0.6564651066
v 0.05366801742 0.05039762292 -0.6668583561
v 0.03877904458 0.03641594678 -0.6759337252
v 0.02347093422 0.0220406743 -0.682745374
v 0.007862490441 0.007383369976 -0.6865871865
v 0.007410416418 0.007891291977 0.689102263
v 0.02201360114 0.02344210423 0.6819067393
v 0.03619137464 0.03853989954 0.6717653348
v 0.04983746183 0.05307150645 0.6594463377
v 0.06293255284 0.06701636201 0.6459557861
v 0.07555621567 0.08045919755 0.6324146167
v 0.08788180102 0.09358461281 0.6199210573
v 0.1001545923 0.1066538081 0.6094159138
v 0.1126561662 0.1199666321 0.6015679327
v 0.125660228 0.1338145514 0.5966937136
v 0.1393867095 0.1484317696 0.594722058
v 0.1539614274 0.1639522677 0.5952068037
v 0.1693879889 0.1803798872 0.5973858869
v 0.1855369795 0.1975768156 0.600278427
v 0.202154992 0.2152732015 0.6028068425
v 0.2188931144 0.2330974914 0.6039279817
v 0.2353515182 0.2506239114 0.6027563802
v 0.2511342125 0.2674307737 0.5986641165
v 0.2659062562 0.2831614025 0.5913451157
v 0.2794450295 0.2975787317 0.5808366657
v 0.2916776887 0.3106051907 0.5674966764
v 0.3026986265 0.3223412975 0.5519410485
v 0.3127634157 0.3330592093 0.5349506357
v 0.322258974 0.3431709519 0.5173610189
v 0.3316530996 0.3531746796 0.4999501813
v 0.3414295984 0.3635855934 0.4833389788
v 0.3520175206 0.3748605853 0.4679171025
v 0.3637241817 0.3873269132 0.4538033917
v 0.3766814835 0.4011250382 0.4408444228
v 0.3908135429 0.4161741529 0.4286499871
v 0.4058309752 0.4321660941 0.416659108
v 0.4212536923 0.4485896196 0.4042263168
v 0.4364602305 0.4647829381 0.3907155124
v 0.4507579539 0.4800084671 0.3755881741
v 0.4634654764 0.493540604 0.3584739983
v 0.4739967571 0.504755279 0.3392149543
v 0.4819358169 0.513209519 0.3178778542
v 0.487092 0.5187002963 0.2947351772
v 0.4895280645 0.5212944415 0.2702184256
v 0.4895568211 0.5213250642 0.244852052
v 0.4877061185 0.519354266 0.2191784783
v 0.4846561408 0.5161063697 0.1936855996
v 0.4811566946 0.512379838 0.1687473384
v 0.4779348959 0.5089489708 0.1445854609
v 0.4756050646 0.5064679526 0.1212573553
v 0.4745924733 0.5053896523 0.09867036284
v 0.4750809018 0.5059097758 0.0766191536
v 0.4769909217 0.5079437404 0.05483917667
v 0.4799918733 0.5111394293 0.03306688749
v 0.4835461205 0.5149243182 0.01109660592
v 0.4869799609 0.5185809868 -0.01117540704
v 0.4895720789 0.5213413121 -0.0337268728
v 0.490648136 0.5224871965 -0.05640933315
v 0.4896692871 0.5214448282 -0.07897191021
v 0.4863032138 0.5178603243 -0.1011050896
v 0.4804685611 0.5116470502 -0.1224973226
v 0.4723471459 0.5029986215 -0.1428950478
v 0.4623625179 0.4923660726 -0.1621559986
v 0.4511278253 0.4804023401 -0.1802865083
v 0.4393699003 0.4678814217 -0.19745585
v 0.4278395033 0.4556027961 -0.2139841093
v 0.4172193643 0.4442934967 -0.2303041805
v 0.4080418122 0.4345203963 -0.2469025888
v 0.4006263967 0.4266237809 -0.2642473434
v 0.3950451635 0.4206803712 -0.2827133838
v 0.3911195414 0.4165000082 -0.3025170006
v 0.3884486278 0.4136557741 -0.3236697425
v 0.3864645858 0.411542984 -0.3459598335
v 0.3845074279 0.4094588225 -0.3689653627
v 0.3819091073 0.4066918921 -0.3920989715
v 0.378075861 0.4026098994 -0.414679112
v 0.3725582581 0.3967342491 -0.4360188579
v 0.3651002997 0.38879233 -0.4555203163
v 0.3556619171 0.3787414735 -0.472761394
v 0.3444128915 0.3667624779 -0.4875622267
v 0.3317000616 0.3532246891 -0.5000209742
v 0.3179931752 0.3386283375 -0.5105126199
v 0.3038174043 0.3235326748 -0.5196493754
v 0.2896820518 0.3084800533 -0.5282066102
v 0.2760151369 0.2939262671 -0.5370231557
v 0.2631123918 0.2801862391 -0.5468886837
v 0.2511069053 0.2674016945 -0.5584330511
v 0.2399625762 0.2555341894 -0.5720327081
v 0.2294911282 0.2443832298 -0.5877473949
v 0.2193891776 0.2336257451 -0.6052966244
v 0.2092891876 0.2228703482 -0.624080331
v 0.1988164427 0.2117180075 -0.6432422353
v 0.1876436538 0.1998201958 -0.6617687079
v 0.1755354918 0.1869263129 -0.6786110052
v 0.16237712 0.1729140702 -0.6928153718
v 0.1481833674 0.1577992589 -0.703644146
v 0.1330881598 0.1417244954 -0.7106718776
v 0.1173167649 0.1249296657 -0.713843488
v 0.1011458796 0.1077094219 -0.7134862954
v 0.08485823832 0.09036484557 -0.7102736655
v 0.06869902795 0.0731570343 -0.7051443586
v 0.05284088663 0.056269829 -0.6991874764
v 0.03736273416 0.03978727074 -0.6935074967
v 0.02224538407 0.02368892798 -0.6890865885
v 0.007384173041 0.007863345619 -0.6866618643
v 0.007401999459 0.008947480323 0.7392052562
v 0.02200257278 0.02659654167 0.7319514743
v 0.0360188664 0.04353933018 0.7179884947
v 0.0491880194 0.05945810159 0.698968839
v 0.06142585861 0.074251108 0.6771012473
v 0.07285343912 0.08806467991 0.6548724098
v 0.08378763581 0.1012818532 0.6347348017
v 0.09469629272 0.1144681543 0.6188007553
v 0.1061241814 0.1282820987 0.6085818523
v 0.1186008873 0.1433638454 0.6048065582
v 0.1325449752 0.1602193522 0.6073385992
v 0.1481798605 0.1791186818 0.6152053081
v 0.1654755259 0.2000255499 0.6267308185
v 0.1841267229 0.2225709741 0.6397554755
v 0.2035730557 0.2460775525 0.6519119365
v 0.2230601226 0.2696333698 0.6609215651
v 0.2417345809 0.2922069122 0.664872742
v 0.2587605567 0.3127877816 0.6624458098
v 0.2734410641 0.3305334665 0.6530570592
v 0.2853266402 0.34490066 0.6369053418
v 0.2942945155 0.3557409591 0.6149180136
v 0.3005852359 0.3633451339 0.588606188
v 0.3047892877 0.3684269595 0.5598509172
v 0.3077831835 0.3720459578 0.530650411
v 0.3106216936 0.3754771271 0.5028626588
v 0.3143994251 0.38004362 0.4779773647
v 0.3200998084 0.3869341997 0.4569461136
v 0.3284520138 0.3970302817 0.4400909373
v 0.3398159749 0.410766951 0.4271002291
v 0.3541125131 0.428048497 0.4171088628
v 0.3708099131 0.4482321864 0.408848076
v 0.3889709134 0.4701850647 0.4008417275
v 0.4073559401 0.4924087443 0.3916200914
v 0.4245706215 0.5132177195 0.3799210743
v 0.4392392775 0.5309490786 0.3648516996
v 0.4501820601 0.5441766305 0.3459893558
v 0.4565723525 0.5519011671 0.3234116148
v 0.4580531003 0.5536910838 0.2976540097
v 0.4547957367 0.5497536076 0.2696054604
v 0.4474926452 0.5409256864 0.2403596031
v 0.4372827344 0.5285840243 0.2110459235
v 0.4256185288 0.5144844218 0.1826665697
v 0.4140910312 0.5005500709 0.1559628481
v 0.4042344072 0.4886354592 0.1313300452
v 0.3973354898 0.4802961006 0.1087912366
v 0.3942727659 0.4765939033 0.08803139678
v 0.3954059098 0.477963639 0.06848380285
v 0.4005305134 0.4841582207 0.04945285328
v 0.4089042704 0.4942803541 0.03025213389
v 0.4193416009 0.5068969194 0.010334635
v 0.4303647838 0.5202216586 -0.01060630033
v 0.4403922773 0.532342816 -0.03258172414
v 0.4479400445 0.5414664992 -0.05530643124
v 0.4518100016 0.5461444738 -0.07825292012
v 0.4512414014 0.5454571542 -0.1007510898
v 0.4460058297 0.5391284352 -0.1221172711
v 0.4364338734 0.5275579276 -0.1417911966
v 0.423370438 0.5117669468 -0.159457835
v 0.4080649592 0.4932658011 -0.1751329448
v 0.3920111475 0.4738600764 -0.1891964813
v 0.3767573138 0.4554213588 -0.2023658698
v 0.3637119231 0.4396521904 -0.2156104654
v 0.3539693582 0.4278754524 -0.2300178706
v 0.3481779253 0.4208748127 -0.2466307573
v 0.3464663411 0.4188058628 -0.2662781945
v 0.3484370873 0.4211880857 -0.2894273577
v 0.3532261902 0.4269771167 -0.3160795091
v 0.3596203545 0.4347063336 -0.345728495
v 0.366215096 0.4426780067 -0.3773914364
v 0.3715925367 0.4491782159 -0.4097109822
v 0.3744954543 0.4526872404 -0.4411179139
v 0.3739752569 0.4520584298 -0.4700335762
v 0.3694955663 0.4466434141 -0.4950849539
v 0.3609794429 0.4363491892 -0.5153022564
v 0.3487960778 0.4216220306 -0.5302701493
v 0.3336909151 0.4033630256 -0.5402092136
v 0.3166705561 0.3827889458 -0.5459731712
v 0.2988594423 0.3612590077 -0.5489587057
v 0.2813485019 0.3400919169 -0.550936804
v 0.2650562885 0.3203980139 -0.5538257691
v 0.2506206823 0.3029483637 -0.5594347981
v 0.2383343682 0.2880967612 -0.5692120244
v 0.2281307855 0.2757627485 -0.584031372
v 0.2196200243 0.2654750054 -0.6040483212
v 0.2121672308 0.2564661256 -0.6286461992
v 0.2050004553 0.2478029821 -0.6564829678
v 0.1973312768 0.2385325378 -0.6856352127
v 0.1884704247 0.2278216077 -0.7138229229
v 0.1779220777 0.2150708464 -0.7386874726
v 0.1654442732 0.1999877718 -0.7580875317
v 0.1510683092 0.1826102165 -0.7703745409
v 0.1350763207 0.1632792231 -0.7746113688
v 0.117942442 0.1425679216 -0.7707046397
v 0.1002482009 0.1211792584 -0.7594321205
v 0.08258629157 0.0998296775 -0.7423600647
v 0.06546815644 0.0791374067 -0.72165976
v 0.04924973334 0.05953270092 -0.6998458029
v 0.03408648578 0.04120348327 -0.6794690411
v 0.01992396782 0.02408393989 -0.6628032897
v 0.006524427352 0.007886677874 -0.6515659747
v 0.007195888306 0.009904290566 0.7793097862
v 0.02136891189 0.02941178398 0.7709051571
v 0.03498736412 0.04815597542 0.7563248822
v 0.04782463615 0.06582496455 0.7369870771
v 0.05979440887 0.08229994331 0.7147804637
v 0.07097146875 0.09768384645 0.6918312064
v 0.08158477613 0.1122918108 0.6702413528
v 0.09198317096 0.1266039735 0.6518324156
v 0.1025785264 0.1411872292 0.6379267584
v 0.1137749114 0.1565977311 0.6291942985
v 0.1258948139 0.1732793457 0.6255833398
v 0.1391143068 0.1914744168 0.626343259
v 0.1534180488 0.2111618286 0.6301347858
v 0.1685823152 0.2320336507 0.6352123319
v 0.1841902235 0.2535160935 0.639653722
v 0.1996785202 0.2748339052 0.6416069427
v 0.2144104425 0.2951106566 0.6395218665
v 0.2277649718 0.3134915893 0.632337494
v 0.2392299078 0.32927172 0.6196016776
v 0.2484850652 0.3420103512 0.6015096224
v 0.2554627534 0.3516143151 0.5788584198
v 0.2603754749 0.3583760962 0.5529259495
v 0.2637051113 0.3629589475 0.5252922116
v 0.2661531905 0.3663284395 0.4976282342
v 0.2685573928 0.3696375401 0.4714812597
v 0.2717844721 0.3740792337 0.4480845264
v 0.2766135112 0.3807258358 0.4282157948
v 0.2836253249 0.3903767694 0.4121214525
v 0.2931135581 0.403436202 0.3995136658
v 0.305030573 0.4198385659 0.3896379359
v 0.3189768727 0.4390340007 0.3813989889
v 0.3342371172 0.4600379253 0.3735254472
v 0.3498595202 0.4815403184 0.3647491816
v 0.3647694161 0.5020620295 0.3539741781
v 0.3779028949 0.5201387123 0.340412221
v 0.3883433122 0.5345087138 0.3236682527
v 0.3954426527 0.5442801177 0.3037660494
v 0.3989113194 0.5490543278 0.2811136857
v 0.3988637591 0.5489888667 0.2564168707
v 0.395812945 0.5447897814 0.2305553949
v 0.3906133813 0.537633196 0.2044426369
v 0.3843590978 0.5290249132 0.1788897394
v 0.3782491461 0.5206152861 0.1544944948
v 0.3734375758 0.5139927278 0.1315705079
v 0.3708871355 0.5104823478 0.1101255383
v 0.3712456871 0.5109758518 0.08989011776
v 0.3747615503 0.5158150223 0.07038975575
v 0.3812490533 0.5247443042 0.05104747202
v 0.390109104 0.5369391177 0.03129897911
v 0.4004024525 0.5511066965 0.01070122861
v 0.4109664502 0.565646792 -0.01098356393
v 0.4205604195 0.5788517578 -0.03374212919
v 0.4280210037 0.589120371 -0.05731001827
v 0.4324075592 0.5951579467 -0.08121714314
v 0.4331189575 0.5961371025 -0.1048715593
v 0.4299669127 0.591798685 -0.1276677813
v 0.4231966364 0.5824801992 -0.1491017509
v 0.4134524922 0.5690685352 -0.1688731741
v 0.4016934587 0.5528836142 -0.1869575575
v 0.3890696794 0.5355084726 -0.2036346807
v 0.3767763105 0.5185881018 -0.2194668268
v 0.3659036547 0.5036231749 -0.2352278641
v 0.3573028231 0.4917851458 -0.2517920867
v 0.3514839004 0.4837760859 -0.2699983807
v 0.3485591224 0.4797504743 -0.2905097592
v 0.3482375307 0.4793078413 -0.3136898734
v 0.3498707679 0.4815557994 -0.3395164508
v 0.3525430292 0.4852338516 -0.367546898
v 0.3551925809 0.4888806466 -0.3969441476
v 0.3567484127 0.4910220655 -0.426562223
v 0.3562640025 0.490355332 -0.4550821552
v 0.3530309962 0.4859054805 -0.4811811106
v 0.3466587002 0.4771347676 -0.503712026
v 0.3371101742 0.4639923489 -0.5218685831
v 0.3246917088 0.4468997977 -0.5353114158
v 0.309998747 0.4266766708 -0.5442359945
v 0.2938269929 0.4044181608 -0.5493701104
v 0.2770618021 0.3813428553 -0.5518983158
v 0.2605614023 0.3586320033 -0.5533207797
v 0.2450497567 0.3372820547 -0.5552633917
v 0.2310329902 0.3179896307 -0.5592632562
v 0.2187495561 0.3010829342 -0.5665578906
v 0.2081593025 0.2865067005 -0.5779068251
v 0.1989710316 0.2738601306 -0.5934707472
v 0.1907028268 0.262479923 -0.6127662481
v 0.1827650811 0.2515545533 -0.6347045035
v 0.1745533919 0.2402521328 -0.6577111426
v 0.1655376275 0.2278429976 -0.6799135974
v 0.1553345939 0.2137997266 -0.6993728968
v 0.1437546249 0.1978612667 -0.7143304442
v 0.1308166092 0.1800536158 -0.7234377389
v 0.1167308261 0.1606661986 -0.7259386547
v 0.1018537553 0.1401896673 -0.7217796325
v 0.08662306011 0.1192264138 -0.7116322401
v 0.07148363829 0.09838878735 -0.6968238447
v 0.05681662445 0.07820137468 -0.6791841234
v 0.04288239884 0.05902255847 -0.6608262252
v 0.02978616481 0.04099713873 -0.643890106
v 0.01747090751 0.02404664123 -0.6302806978
v 0.005738119843 0.007897844409 -0.6214344578
v 0.005984638814 0.009430281804 0.7109808758
v 0.01780266198 0.02805250651 0.7045271701
v 0.02939102735 0.04631284844 0.6969573272
v 0.04072635008 0.06417445898 0.6884587849
v 0.05179959931 0.08162310776 0.6792548612
v 0.06261743624 0.09866929115 0.6695852757
v 0.07320149316 0.1153470962 0.6596845169
v 0.08358562555 0.1317098706 0.6497606879
v 0.09381148452 0.147823246 0.6399773882
v 0.1039230243 0.1637564832 0.6304407938
v 0.1139607373 0.179573388 0.6211934136
v 0.1239564692 0.1953241411 0.6122151418
v 0.1339295984 0.211039278 0.6034312875
v 0.1438851728 0.2267267532 0.5947263868
v 0.1538143154 0.2423725783 0.58596189
v 0.1636968653 0.2579449852 0.576995367
v 0.1735058848 0.2734015267 0.5676987429
v 0.1832133588 0.288698058 0.5579732694
v 0.1927962124 0.303798219 0.5477594356
v 0.2022416895 0.3186819094 0.5370407372
v 0.2115511959 0.3333513442 0.5258410766
v 0.2207419037 0.3478335823 0.5142164179
v 0.22984572 0.3621789015 0.5022420755
v 0.2389055977 0.3764549843 0.4899975629
v 0.2479695552 0.3907374959 0.4775512035
v 0.2570831294 0.405098191 0.4649466704
v 0.2662812443 0.4195921008 0.4521933053
v 0.2755806116 0.434245559 0.4392614925
v 0.2849737597 0.449046792 0.4260836427
v 0.2944256088 0.463940523 0.4125605553
v 0.3038732042 0.4788275512 0.3985722007
v 0.3132288122 0.4935696305 0.3839913831
v 0.3223861403 0.5079992707 0.368698398
v 0.3312290175 0.5219334155 0.3525947149
v 0.3396415217 0.5351894009 0.3356139158
v 0.3475183254 0.5476012575 0.3177285505
v 0.354773969 0.5590343225 0.2989521815
v 0.3613498851 0.5693963081 0.2793365777
v 0.3672182689 0.5786434014 0.2589646917
v 0.3723822888 0.5867805947 0.2379406097
v 0.3768726 0.5938561929 0.216378038
v 0.3807406081 0.5999511984 0.1943890167
v 0.3840493594 0.6051649562 0.1720744362
v 0.3868632504 0.6095989389 0.1495175838
v 0.3892379126 0.6133408078 0.1267814362
v 0.3912116129 0.6164508618 0.1039098046
v 0.3927993139 0.6189526783 0.08093183914
v 0.3939901939 0.6208292048 0.05786888789
v 0.3947489674 0.6220248405 0.03474236248
v 0.3950208475 0.6224532551 0.01158113668
v 0.3947395047 0.6220099298 -0.01157288834
v 0.3938369762 0.6205877724 -0.03466209697
v 0.3922542179 0.6180937445 -0.05761390947
v 0.3899508982 0.6144642933 -0.08034495542
v 0.3869131264 0.6096775309 -0.1027680826
v 0.3831580756 0.6037605177 -0.1248011295
v 0.3787348614 0.5967906474 -0.1463760678
v 0.3737215239 0.5888908915 -0.1674470193
v 0.3682184667 0.5802194609 -0.187995775
v 0.362339163 0.5709551607 -0.2080337949
v 0.3561992857 0.5612802621 -0.227600178
v 0.3499056174 0.5513630278 -0.2467556982
v 0.3435461097 0.5413420472 -0.2655736131
v 0.337182301 0.5313142892 -0.2841284683
v 0.330844984 0.5213282756 -0.3024844722
v 0.3245335865 0.5113831044 -0.3206851366
v 0.3182192416 0.501433289 -0.3387457525
v 0.3118510584 0.491398638 -0.3566499029
v 0.3053646983 0.4811777699 -0.374350661
v 0.2986920945 0.4706634288 -0.3917764509
v 0.291771035 0.4597575839 -0.4088408638
v 0.2845533866 0.4483843899 -0.4254551143
v 0.2770109572 0.4364994231 -0.4415413907
v 0.2691383351 0.4240941555 -0.4570451578
v 0.2609524697 0.4111952956 -0.4719445503
v 0.2524892023 0.3978593202 -0.4862553484
v 0.2437973539 0.3841631587 -0.5000305997
v 0.2349312874 0.3701924734 -0.5133546857
v 0.2259430349 0.3560292537 -0.5263324097
v 0.2168750992 0.3417404734 -0.5390744078
v 0.2077549045 0.3273693462 -0.5516807507
v 0.1985916101 0.3129303047 -0.5642249241
v 0.1893756427 0.2984082637 -0.5767404036
v 0.1800809136 0.2837621142 -0.5892117629
v 0.1706693111 0.2689318017 -0.6015717015
v 0.1610967509 0.2538478605 -0.6137046242
v 0.1513198753 0.2384419697 -0.6254565424
v 0.1413024311 0.2226570034 -0.6366502174
v 0.1310204365 0.2064551724 -0.647103742
v 0.1204654557 0.189823184 -0.6566502588
v 0.1096455948 0.1727738114 -0.6651563143
v 0.098584179 0.1553438091 -0.672536478
v 0.08731641161 0.1375886487 -0.6787623027
v 0.07588460046 0.1195749968 -0.6838644109
v 0.06433272928 0.1013721605 -0.6879273707
v 0.05270122196 0.08304383772 -0.6910779559
v 0.04102268912 0.06464141459 -0.6934682496
v 0.02931927003 0.046199777 -0.6952557266
v 0.01760191747 0.02773618379 -0.696582855
v 0.005871659487 0.009252254871 -0.6975588225
v 0.004794307646 0.008720813234 0.6334980246
v 0.01446292076 0.02630795519 0.6366022938
v 0.02441396634 0.04440883991 0.6439159085
v 0.03479599728 0.06329368408 0.6542310259
v 0.04565769369 0.08305103651 0.6659164097
v 0.05693239663 0.103559645 0.6771259703
v 0.0684430301 0.1244974096 0.6860329441
v 0.0799271327 0.1453869146 0.6910595297
v 0.0910784542 0.1656710932 0.6910725843
v 0.1015988053 0.1848075408 0.6855206215
v 0.111252011 0.2023666568 0.6744951854
v 0.1199112069 0.2181176756 0.6587096645
v 0.1275914509 0.2320879876 0.6393994022
v 0.134461614 0.2445847678 0.6181571211
v 0.1408324925 0.2561733529 0.5967258777
v 0.1471216276 0.2676132471 0.5767769229
v 0.1537989001 0.2797591607 0.5597013375
v 0.1613200691 0.2934401163 0.5464419703
v 0.1700575538 0.309333542 0.5373864224
v 0.1802385888 0.3278527759 0.5323334002
v 0.1919002455 0.3490652507 0.5305348851
v 0.2048687645 0.3726548992 0.5308065771
v 0.2187674365 0.3979364896 0.5316903053
v 0.2330533373 0.4239224468 0.5316457087
v 0.2470791101 0.4494352328 0.5292452896
v 0.2601722774 0.4732516158 0.523347284
v 0.2717218001 0.4942601195 0.5132245536
v 0.2812601979 0.5116104008 0.4986342929
v 0.2885297406 0.5248336498 0.4798217907
v 0.293523026 0.5339164022 0.4574605937
v 0.2964914738 0.5393159887 0.4325399245
v 0.2979194592 0.5419134844 0.4062169473
v 0.2984664435 0.5429084453 0.3796555826
v 0.2988838844 0.5436677674 0.3538745358
v 0.2999173212 0.545547582 0.3296249845
v 0.3022063153 0.5497112468 0.3073133723
v 0.3061955343 0.5569676093 0.2869777489
v 0.3120690958 0.567651578 0.2683181444
v 0.3197174512 0.5815638847 0.2507737127
v 0.3287419488 0.597979385 0.2336329381
v 0.3384973126 0.6157243259 0.2161589548
v 0.3481672475 0.6333138721 0.1977105435
v 0.3568639252 0.6491330702 0.1778407783
v 0.3637388069 0.6616384335 0.1563593382
v 0.3680905879 0.6695542937 0.1333504965
v 0.3694562428 0.6720384108 0.109145841
v 0.3676731996 0.6687950673 0.0842577884
v 0.3629043207 0.6601205087 0.0592858778
v 0.3556221479 0.6468742856 0.03481180461
v 0.346554142 0.6303796441 0.01130060401
v 0.3365957238 0.6122653486 -0.01097587512
v 0.326702125 0.5942689593 -0.03198082743
v 0.317772828 0.5780266282 -0.05191296982
v 0.3105433361 0.5648762313 -0.07116562951
v 0.3054980567 0.5556989021 -0.09025112706
v 0.3028153072 0.5508189989 -0.1097028093
v 0.3023512582 0.5499748969 -0.129970852
v 0.3036645512 0.5523637682 -0.1513292219
v 0.3060780564 0.5567539177 -0.1738097403
v 0.3087694579 0.561649559 -0.1971752236
v 0.3108787085 0.5654862715 -0.2209377486
v 0.3116183404 0.5668316569 -0.2444210908
v 0.3103724324 0.5645653587 -0.266859347
v 0.3067717017 0.5580156538 -0.2875177542
v 0.3007354839 0.5470358144 -0.305817685
v 0.2924758282 0.5320115565 -0.3214463905
v 0.2824639516 0.5138000206 -0.3344335542
v 0.2713642032 0.4936096533 -0.345180964
v 0.2599448273 0.4728378855 -0.3544380569
v 0.2489776477 0.4528886599 -0.3632238445
v 0.2391399699 0.4349939905 -0.3727036823
v 0.2309313822 0.4200626249 -0.3840363531
v 0.2246158544 0.4085747225 -0.3982119354
v 0.2201959179 0.4005348878 -0.4159031467
v 0.21742128 0.3954878402 -0.4373518867
v 0.2158295958 0.3925925773 -0.4623085977
v 0.2148129177 0.3907432467 -0.4900353163
v 0.2137001347 0.3887191021 -0.5193747832
v 0.2118439004 0.3853426243 -0.5488788685
v 0.2087003537 0.3796245342 -0.5769811181
v 0.2038913409 0.3708769723 -0.6021916368
v 0.1972416076 0.3587811523 -0.6232887602
v 0.1887871435 0.3434025392 -0.6394816172
v 0.1787549724 0.3251540877 -0.6505208885
v 0.1675186135 0.3047152267 -0.6567414458
v 0.1555366467 0.28292011 -0.6590293216
v 0.143283865 0.2606323828 -0.658715442
v 0.1311851331 0.2386248713 -0.6574084322
v 0.1195612449 0.2174810971 -0.6567872142
v 0.1085939385 0.1975316409 -0.6583799075
v 0.0983141357 0.1788327489 -0.663357873
v 0.08861388368 0.161188056 -0.6723722546
v 0.07927894306 0.1442078621 -0.6854552047
v 0.0700359846 0.1273949831 -0.7019997893
v 0.06060636942 0.1102425767 -0.7208223986
v 0.05075775632 0.09232801599 -0.7403007056
v 0.04034539232 0.07338799619 -0.7585702229
v 0.02933678208 0.0533634085 -0.7737546788
v 0.01781620032 0.03240754807 -0.7842007974
v 0.005968778652 0.01085716806 -0.7886872859
v 0.004429045401 0.009412200581 0.6621707591
v 0.01345220112 0.02858738254 0.6699556353
v 0.02289184996 0.04864765745 0.6831439156
v 0.03290700768 0.06993095097 0.7000527095
v 0.04353505094 0.09251669257 0.718431398
v 0.05467356772 0.1161872456 0.7357460171
v 0.06608675932 0.1404415124 0.7494983821
v 0.07743604986 0.1645599825 0.7575388636
v 0.08833063031 0.1877121444 0.758332804
v 0.09839033492 0.2090901049 0.7511468696
v 0.1073110377 0.2280475632 0.7361323078
v 0.1149220214 0.2442217271 0.7142956714
v 0.1212256539 0.2576176279 0.6873622638
v 0.1264120999 0.2686393867 0.6575513942
v 0.1308453859 0.278060599 0.6272936902
v 0.1350213902 0.2869350599 0.5989277433
v 0.1395026487 0.2964582189 0.5744153925
v 0.1448385903 0.3077976721 0.5551117743
v 0.1514823864 0.3219164575 0.5416183883
v 0.1597165937 0.3394150388 0.5337359768
v 0.1695990099 0.360416242 0.5305205714
v 0.1809376947 0.3845121738 0.5304324689
v 0.1933002569 0.4107839558 0.5315559643
v 0.2060577762 0.4378950644 0.5318589789
v 0.218458786 0.4642485515 0.5294573592
v 0.2297242789 0.4881889427 0.5228490865
v 0.2391513762 0.5082225442 0.5110887571
v 0.2462116091 0.5232263028 0.4938816519
v 0.2506300019 0.5326158656 0.4715882109
v 0.2524333186 0.5364481086 0.4451421208
v 0.2519596967 0.5354416107 0.4158967902
v 0.2498269449 0.5309092825 0.385424169
v 0.2468623485 0.5246091944 0.3552954423
v 0.2440021521 0.5185309677 0.3268744468
v 0.2421732366 0.5146443243 0.3011516316
v 0.2421722494 0.5146422264 0.2786395749
v 0.2445581849 0.5197125976 0.2593415338
v 0.249572996 0.5303696137 0.2427936769
v 0.2571014075 0.5463683023 0.2281710927
v 0.2666761203 0.5667156029 0.2144389015
v 0.2775286953 0.5897784987 0.2005240194
v 0.288680361 0.6134769946 0.1854810971
v 0.2990616252 0.6355383039 0.1686280786
v 0.3076456035 0.6537801863 0.1496323164
v 0.3135779664 0.6663870993 0.1285363503
v 0.3162866362 0.6721433156 0.1057220376
v 0.3155568298 0.6705923981 0.08182126053
v 0.3115614345 0.662101751 0.05758950039
v 0.3048424463 0.6478231742 0.03376398317
v 0.2962455461 0.6295538314 0.01093006874
v 0.2868159938 0.6095150127 -0.01058216256
v 0.2776690717 0.5900768137 -0.03075429284
v 0.2698516407 0.5734639271 -0.04987979719
v 0.2642125337 0.5614802148 -0.06850811174
v 0.2612983503 0.5552872598 -0.08734164161
v 0.2612878882 0.5552650268 -0.1071025235
v 0.2639733967 0.5609720228 -0.1283910785
v 0.268790731 0.5712093794 -0.1515596142
v 0.2748941482 0.5841798011 -0.176623266
v 0.2812657359 0.5977201142 -0.2032241596
v 0.2868450818 0.6095768277 -0.2306571138
v 0.2906623227 0.6176888775 -0.2579555687
v 0.2919574855 0.6204412387 -0.284026848
v 0.2902710425 0.6168573647 -0.3078176975
v 0.2854945682 0.6067068403 -0.3284855524
v 0.2778757544 0.5905160368 -0.3455490707
v 0.2679780754 0.5694823982 -0.358993494
v 0.256601302 0.5453055242 -0.3693121841
v 0.244674039 0.5199588 -0.3774744482
v 0.2331328698 0.4954325671 -0.3848203245
v 0.2228041088 0.4734828327 -0.3928938306
v 0.2143034195 0.4554179483 -0.4032357076
v 0.2079658132 0.4419498494 -0.4171635113
v 0.2038141964 0.4331272145 -0.4355699138
v 0.2015693037 0.4283565747 -0.4587687762
v 0.2006982872 0.4265055704 -0.4864129619
v 0.2004941771 0.4260718143 -0.5174986853
v 0.2001745674 0.4253926093 -0.5504596163
v 0.1989857036 0.422866145 -0.5833415652
v 0.1962979108 0.4171542946 -0.6140370741
v 0.191679992 0.4073407176 -0.6405502731
v 0.1849435446 0.3930250381 -0.6612572386
v 0.1761526106 0.3743433525 -0.6751266219
v 0.1655990182 0.351915827 -0.68186967
v 0.1537485036 0.3267322016 -0.6819974534
v 0.1411665575 0.2999942052 -0.6767750364
v 0.1284354059 0.2729391309 -0.6680759225
v 0.1160742996 0.2466704427 -0.6581535405
v 0.1044742902 0.2220191679 -0.6493579934
v 0.09385610628 0.1994543785 -0.643834163
v 0.08425601595 0.1790531481 -0.6432404431
v 0.07554025346 0.16053121 -0.6485253419
v 0.06744432758 0.1433264918 -0.6597921687
v 0.05962994809 0.12672009 -0.6762708608
v 0.05174991185 0.1099741606 -0.6964021761
v 0.04351041129 0.09246433065 -0.7180247855
v 0.03472096409 0.07378580457 -0.7386422134
v 0.02532437522 0.05381703676 -0.7557359005
v 0.01540247239 0.03273191995 -0.7670843666
v 0.005157285766 0.01095979013 -0.7710473751
v 0.004117869045 0.01040054998 0.7120691136
v 0.01237400608 0.03125317179 0.7127755083
v 0.02073636304 0.05237407452 0.7157373023
v 0.02926546012 0.07391611471 0.7200911203
v 0.03796694396 0.09589355417 0.7246722635
v 0.04678331952 0.118161177 0.7281674973
v 0.05559710656 0.1404222619 0.7292865171
v 0.06424525622 0.1622649946 0.7269299182
v 0.07254282914 0.1832222716 0.7203320745
v 0.08031238334 0.2028459254 0.709160745
v 0.08741448861 0.2207837957 0.6935609874
v 0.09377444226 0.236847205 0.6741383011
v 0.09940067339 0.2510574427 0.6518838585
v 0.104391443 0.2636626879 0.6280521532
v 0.1089281221 0.2751210312 0.60400742
v 0.1132553194 0.2860502841 0.5810589772
v 0.1176501476 0.2971503531 0.5603067348
v 0.1223846546 0.3091083528 0.5425163948
v 0.1276866497 0.3224996637 0.5280396137
v 0.1337046178 0.3376993161 0.5167882083
v 0.1404820622 0.3548171867 0.5082642232
v 0.1479454626 0.3736675842 0.501640334
v 0.1559082378 0.3937792587 0.495878613
v 0.1640908944 0.4144462901 0.489870988
v 0.1721552302 0.4348144774 0.4825823629
v 0.1797483823 0.4539925902 0.4731776223
v 0.1865509513 0.4711739183 0.4611164989
v 0.1923226506 0.4857515667 0.4462051228
v 0.1969390328 0.4974112171 0.4285992765
v 0.2004138657 0.5061876432 0.4087610719
v 0.2029035291 0.5124758153 0.3873770105
v 0.2046921634 0.5169933898 0.3652503446
v 0.2061588978 0.520697938 0.3431836701
v 0.2077309755 0.5246685532 0.3218683885
v 0.2098286174 0.5299665919 0.3017960451
v 0.2128087487 0.5374935443 0.2832028711
v 0.2169150547 0.5478648893 0.2660537091
v 0.2222411706 0.5613171224 0.2500656539
v 0.2287122163 0.5776611182 0.2347660436
v 0.2360875607 0.5962891117 0.2195747015
v 0.2439849432 0.616235623 0.2038972102
v 0.251923259 0.6362855202 0.1872149097
v 0.2593788075 0.6551160862 0.1691583509
v 0.2658479513 0.6714552783 0.1495539041
v 0.2709081945 0.6842359937 0.1284376401
v 0.2742697955 0.6927264286 0.1060357752
v 0.2758111812 0.6966195245 0.08271612873
v 0.2755934798 0.6960696735 0.0589193986
v 0.2738521718 0.6916716315 0.0350819865
v 0.2709668225 0.684384071 0.01156317058
v 0.2674127104 0.6754074087 -0.01141150329
v 0.2637005264 0.6660315021 -0.03378150426
v 0.2603118736 0.6574727421 -0.05565232911
v 0.2576388434 0.6507214383 -0.07726622118
v 0.2559353998 0.6464190309 -0.09894749247
v 0.2552867537 0.6447807381 -0.1210315113
v 0.2556005483 0.6455732927 -0.1437891836
v 0.2566208294 0.6481502286 -0.167359688
v 0.2579628141 0.651539695 -0.1917031605
v 0.259163788 0.6545730088 -0.2165821082
v 0.2597434147 0.6560369788 -0.2415759755
v 0.25926559 0.6548301313 -0.2661281404
v 0.2573938661 0.6501026964 -0.2896194493
v 0.2539334134 0.6413625904 -0.311457988
v 0.2488543353 0.6285343037 -0.3311718277
v 0.2422936624 0.6119639355 -0.3484904488
v 0.2345361678 0.5923707406 -0.3634016456
v 0.2259769057 0.5707525123 -0.3761738382
v 0.2170706971 0.5482579971 -0.387338458
v 0.2082753789 0.5260435592 -0.3976327765
v 0.199996293 0.5051329751 -0.407909397
v 0.1925391454 0.4862983702 -0.4190237824
v 0.186077084 0.4699770662 -0.4317148701
v 0.1806358116 0.456233981 -0.4464954613
v 0.1760980628 0.4447729358 -0.4635683594
v 0.1722261713 0.434993654 -0.4827812234
v 0.1686990939 0.4260852734 -0.5036281391
v 0.1651584539 0.4171426377 -0.5252996648
v 0.161257147 0.4072890611 -0.5467764111
v 0.1567039433 0.3957889814 -0.566955003
v 0.151298307 0.3821359025 -0.5847904304
v 0.1449512034 0.3661049489 -0.5994360229
v 0.1376897499 0.3477646109 -0.6103620339
v 0.1296458731 0.3274480972 -0.617436164
v 0.1210313449 0.3056902827 -0.620954052
v 0.112103369 0.2831407896 -0.621614193
v 0.1031260406 0.2604666462 -0.6204390894
v 0.09433335973 0.2382588694 -0.6186516895
v 0.08589901284 0.2169561408 -0.6175223566
v 0.07791693904 0.1967957237 -0.6182058607
v 0.07039495957 0.1777973723 -0.6215895967
v 0.06326173495 0.1597809035 -0.62817314
v 0.05638532694 0.1424130794 -0.6379954491
v 0.0495999701 0.1252752243 -0.6506199995
v 0.04273654004 0.1079401787 -0.6651806611
v 0.03565179567 0.09004615707 -0.6804831986
v 0.02825181706 0.0713559446 -0.6951499316
v 0.02050609418 0.05179248178 -0.7077893313
v 0.01245027719 0.03144581064 -0.7171689264
v 0.0041774347 0.01055099565 -0.7223693109
v 0.003486726653 0.01073104122 0.7182571189
v 0.01038699519 0.03196788408 0.7127624209
v 0.01713324648 0.05273071064 0.7044872663
v 0.02367617193 0.07286776457 0.6939944612
v 0.02999538278 0.09231629577 0.6820289771
v 0.03610368585 0.1111157196 0.6694285305
v 0.04204577048 0.1294035756 0.6570232375
v 0.04789138018 0.1473945124 0.6455371662
v 0.05372393164 0.16534526 0.6355042692
v 0.05962629748 0.1835108741 0.6272092233
v 0.06566596996 0.2020990747 0.6206603742
v 0.07188199036 0.2212300184 0.615597754
v 0.07827583071 0.2409082355 0.6115345613
v 0.08480787408 0.2610117979 0.6078261843
v 0.09140033076 0.2813012933 0.6037573699
v 0.09794646539 0.3014482241 0.5986359507
v 0.1043250362 0.3210794464 0.5918809069
v 0.1104180057 0.3398316783 0.5830935261
v 0.1161290028 0.3574083201 0.5721028746
v 0.1213997907 0.3736301371 0.5589803573
v 0.1262221678 0.388471888 0.5440223248
v 0.1306432873 0.4020786944 0.5277039174
v 0.1347632487 0.414758632 0.5106110478
v 0.1387248894 0.4269513082 0.4933601244
v 0.1426968143 0.4391756362 0.4765164766
v 0.1468517164 0.4519631099 0.4605222887
v 0.1513427864 0.4657852023 0.4456432571
v 0.156281394 0.4809846735 0.4319403869
v 0.1617191649 0.4977204115 0.4192697634
v 0.1676370893 0.5159339099 0.4073092717
v 0.173943418 0.5353427939 0.395607633
v 0.1804809638 0.5554632912 0.3836482665
v 0.1870431623 0.5756596612 0.3709187499
v 0.1933970414 0.5952148904 0.3569762403
v 0.1993102679 0.6134139304 0.3415001654
v 0.204578813 0.6296288449 0.3243256138
v 0.2090516156 0.6433947157 0.3054538277
v 0.2126489383 0.6544661365 0.2850395799
v 0.2153718831 0.662846499 0.2633585027
v 0.2173016575 0.6687857338 0.2407601778
v 0.2185885161 0.6727462773 0.2176145953
v 0.2194316699 0.6753412379 0.1942602285
v 0.220052666 0.6772524675 0.1709613774
v 0.2206656397 0.6791390065 0.1478807249
v 0.2214482941 0.6815477692 0.1250705141
v 0.2225174141 0.684838182 0.1024827706
v 0.2239121607 0.6891307706 0.07999602976
v 0.2255874062 0.6942866464 0.05745351949
v 0.2274180683 0.6999208448 0.03470606487
v 0.2292139705 0.7054480634 0.01165237139
v 0.2307433793 0.7101550998 -0.01173012076
v 0.231762225 0.7132907843 -0.03536902267
v 0.2320452624 0.7141618838 -0.05909823259
v 0.2314151693 0.7122226569 -0.08267659388
v 0.2297658404 0.7071465443 -0.1058211107
v 0.2270768901 0.6988708063 -0.1282494566
v 0.2234175228 0.6876084317 -0.1497249199
v 0.2189393051 0.6738258949 -0.1700963948
v 0.213858815 0.6581897541 -0.1893266468
v 0.2084324375 0.6414890814 -0.2075037671
v 0.202926572 0.6245437701 -0.2248332486
v 0.1975870727 0.6081104807 -0.2416110908
v 0.1926117945 0.5927981489 -0.2581813266
v 0.1881296655 0.5790035744 -0.2748839146
v 0.1841888055 0.5668748544 -0.2920006549
v 0.1807549995 0.5563066863 -0.3097073868
v 0.177720469 0.5469673616 -0.3280401002
v 0.1749215455 0.5383531609 -0.3468807959
v 0.1721627292 0.5298623975 -0.3659662007
v 0.1692438378 0.5208789732 -0.3849191583
v 0.1659866336 0.5108543297 -0.4032991455
v 0.1622574824 0.4993771825 -0.4206653942
v 0.1579832124 0.4862223321 -0.4366439802
v 0.1531583288 0.4713728672 -0.4509892946
v 0.1478429374 0.4550137744 -0.463630726
v 0.1421519913 0.4374988433 -0.4746971147
v 0.1362376144 0.4192962629 -0.4845143989
v 0.1302671272 0.4009209927 -0.4935754735
v 0.1243998921 0.3828635 -0.5024851393
v 0.1187661482 0.3655246192 -0.5118865978
v 0.1134506216 0.3491651105 -0.5223787346
v 0.1084829485 0.3338761845 -0.5344350263
v 0.103835936 0.3195741508 -0.5483350445
v 0.09943157147 0.3060189106 -0.5641181719
v 0.09515361736 0.2928527217 -0.5815664298
v 0.09086476276 0.2796529844 -0.6002196022
v 0.086425742 0.2659910834 -0.6194215992
v 0.08171366108 0.2514887895 -0.6383928147
v 0.07663699789 0.2358644267 -0.6563196642
v 0.07114532407 0.2189627927 -0.67245003
v 0.06523263923 0.2007654198 -0.686182351
v 0.05893418444 0.1813807692 -0.697136726
v 0.05231756632 0.1610169126 -0.7051985844
v 0.04546983384 0.139941759 -0.7105289567
v 0.03848269303 0.1184375508 -0.7135396853
v 0.0314382451 0.09675696938 -0.7148364902
v 0.02439746794 0.07508768541 -0.7151370443
v 0.0173931626 0.05353065019 -0.7151745342
v 0.01042833449 0.03209511338 -0.7155991511
v 0.003480091502 0.01071062032 -0.7168902941
v 0.002951376873 0.01149485399 0.7554590813
v 0.008803970605 0.03428920161 0.750684911
v 0.01446491774 0.056337135 0.7390497794
v 0.01982586879 0.0772166608 0.7221060534
v 0.02484466664 0.09676358789 0.7019494385
v 0.02955560299 0.1151114736 0.6809523752
v 0.03406622363 0.1326791811 0.6614646605
v 0.03854086361 0.1501067532 0.6455198165
v 0.04317324463 0.168148686 0.6345847221
v 0.04815228995 0.1875407872 0.6293841156
v 0.05362652341 0.2088615189 0.6298215796
v 0.05967282201 0.2324102972 0.6350058822
v 0.06627481088 0.2581233462 0.6433777791
v 0.07331487847 0.2855425991 0.6529194198
v 0.08058182925 0.3138455037 0.6614180436
v 0.08779386063 0.3419345114 0.6667490602
v 0.09463419009 0.3685758357 0.6671417118
v 0.1007946203 0.3925691273 0.6613934853
v 0.1060209253 0.4129242414 0.6490068226
v 0.1101533948 0.4290191475 0.6302324114
v 0.1131562932 0.4407146643 0.6060159269
v 0.1151313374 0.4484069537 0.5778578361
v 0.1163124103 0.4530069291 0.5476070488
v 0.1170413125 0.4558458155 0.517217344
v 0.1177270638 0.4585166405 0.4884995811
v 0.1187937084 0.462670947 0.4629022656
v 0.1206233945 0.4697971039 0.4413482397
v 0.1235024248 0.4810101864 0.4241468634
v 0.1275778431 0.496882893 0.410990277
v 0.1328309313 0.5173423206 0.4010307191
v 0.1390718745 0.5416491895 0.3930250303
v 0.145957089 0.5684653297 0.385523868
v 0.1530276562 0.5960033707 0.3770779319
v 0.159764389 0.6222412125 0.3664322649
v 0.1656526798 0.6451745909 0.352682532
v 0.1702487731 0.6630751927 0.3353735623
v 0.1732387046 0.674720207 0.3145293736
v 0.1744819187 0.6795622062 0.2906140573
v 0.1740334474 0.6778155259 0.2644327863
v 0.1721412549 0.6704459226 0.236990436
v 0.1692185853 0.6590628762 0.2093307247
v 0.1657944567 0.6457267757 0.1823806806
v 0.1624483821 0.6326946754 0.1568234496
v 0.15973757 0.6221367594 0.1330173126
v 0.1581259572 0.615859942 0.1109711284
v 0.1579243022 0.6150745478 0.0903774449
v 0.1592492186 0.6202347562 0.07069558641
v 0.1620066251 0.6309741454 0.05126946678
v 0.1659019475 0.6461454245 0.03145981256
v 0.1704759326 0.6639599205 0.0107686323
v 0.1751615974 0.68220938 -0.01106461661
v 0.1793550687 0.6985418724 -0.03401091386
v 0.1824912498 0.7107564914 -0.05775213864
v 0.1841146132 0.7170790741 -0.08173409365
v 0.1839360559 0.7163836394 -0.1052635378
v 0.1818685776 0.708331343 -0.1276334489
v 0.1780373054 0.6934095233 -0.148255942
v 0.1727627338 0.6728664232 -0.1667806569
v 0.1665195178 0.6485507023 -0.1831782775
v 0.1598763049 0.6226770964 -0.1977739189
v 0.1534244913 0.5975489411 -0.2112226793
v 0.1477051383 0.5752735322 -0.2244285903
v 0.1431434119 0.5575067809 -0.238417184
v 0.1399988024 0.5452593355 -0.254179548
v 0.1383372159 0.5387878834 -0.2725108913
v 0.1380280868 0.5375839047 -0.2938684433
v 0.1387663546 0.5404592681 -0.3182716118
v 0.1401159185 0.5457154725 -0.3452619094
v 0.1415684534 0.5513727226 -0.3739319421
v 0.1426096069 0.5554277474 -0.4030228633
v 0.1427838188 0.5561062582 -0.4310795459
v 0.1417494113 0.5520775068 -0.45664379
v 0.1393170941 0.5426042569 -0.4784595007
v 0.1354674137 0.5276107415 -0.4956609355
v 0.1303455852 0.5076625368 -0.5079163494
v 0.124235198 0.4838641496 -0.5155045935
v 0.1175150468 0.4576908888 -0.5193108237
v 0.1106054581 0.4307798176 -0.5207383143
v 0.1039116681 0.4047092269 -0.5215449854
v 0.09777194097 0.3807965685 -0.5236240227
v 0.09241719066 0.359941193 -0.5287563676
v 0.08794705093 0.3425311482 -0.5383676469
v 0.0843248952 0.3284237831 -0.5533225499
v 0.0813916018 0.3169993596 -0.5737855685
v 0.07889527179 0.3072767961 -0.5991688706
v 0.07653199642 0.2980724462 -0.6281768957
v 0.07399142339 0.2881775676 -0.6589445176
v 0.07100045329 0.2765285081 -0.689253026
v 0.06735894448 0.2623457677 -0.7167974385
v 0.06296271056 0.2452235671 -0.7394712783
v 0.05781113454 0.2251595032 -0.7556319714
v 0.05199908586 0.2025230681 -0.764311919
v 0.04569515826 0.1779708912 -0.765346892
v 0.03911020931 0.1523242083 -0.7594038484
v 0.03246149381 0.1264291711 -0.7479032425
v 0.02593816652 0.1010224887 -0.7328446658
v 0.01967352699 0.07662332868 -0.716557397
v 0.01372816999 0.053467692 -0.701407446
v 0.008086382428 0.03149438018 -0.6894985849
v 0.002665977499 0.01038329682 -0.6824058731
v 0.002347851252 0.01230786728 0.7976065263
v 0.007006461637 0.03672915815 0.7928840745
v 0.01152076072 0.06039394271 0.7812152711
v 0.01580632281 0.08285964593 0.7640670111
v 0.0198258677 0.1039308382 0.7434242181
v 0.02359667243 0.1236980888 0.721538522
v 0.02718842945 0.1425267384 0.7006459539
v 0.03071167754 0.1609962518 0.6826899666
v 0.03429845966 0.1797988221 0.6690851385
v 0.03807815628 0.1996126856 0.6605513558
v 0.04215230317 0.2209701116 0.6570388461
v 0.0465724889 0.2441415367 0.6577524331
v 0.05132508574 0.2690555217 0.6612704066
v 0.05632563741 0.2952693317 0.6657411871
v 0.06142433479 0.3219976393 0.6691311102
v 0.06642235564 0.3481981822 0.6694904442
v 0.07109716904 0.3727044122 0.6652029667
v 0.0752334572 0.3943875941 0.6551872279
v 0.07865531071 0.4123255784 0.6390245848
v 0.08125496599 0.4259534486 0.6169992053
v 0.0830136511 0.4351727988 0.5900471068
v 0.08401106491 0.4404014251 0.5596233037
v 0.08442151319 0.4425530703 0.5275066636
v 0.08449656422 0.4429465016 0.495569752
v 0.0845360089 0.4431532779 0.4655447861
v 0.0848506447 0.4448026565 0.4388164065
v 0.08572169549 0.4493688646 0.4162674466
v 0.08736233448 0.4579693954 0.3981959604
v 0.0898866858 0.4712025085 0.3843116093
v 0.09329083397 0.4890476781 0.3738085604
v 0.0974488687 0.5108448595 0.3655018227
v 0.1021250285 0.5353581476 0.3580058406
v 0.1070008407 0.5609180505 0.3499292322
v 0.1117140851 0.5856257425 0.3400583952
v 0.1159047163 0.6075938009 0.3275053784
v 0.119261816 0.6251923339 0.3118014245
v 0.1215653543 0.6372679041 0.2929260169
v 0.1227170922 0.643305526 0.2712708257
v 0.122756282 0.6435109658 0.2475472738
v 0.1218577538 0.638800716 0.2226541876
v 0.1203122764 0.6306990399 0.1975271078
v 0.1184914224 0.6211537888 0.1729926226
v 0.1168012569 0.6122936312 0.1496493974
v 0.1156307098 0.6061574082 0.1277927251
v 0.1153012713 0.6044304312 0.1073922086
v 0.1160245645 0.6082220668 0.08812373239
v 0.1178733867 0.6179139325 0.06944845634
v 0.1207701088 0.6330990813 0.05072444772
v 0.1244940854 0.6526208507 0.03133179019
v 0.1287072672 0.6747071227 0.01079027184
v 0.1329948293 0.6971833104 -0.01114972288
v 0.1369156717 0.7177370862 -0.0344579671
v 0.1400563482 0.734201089 -0.05882482829
v 0.1420815338 0.7448174839 -0.08371137434
v 0.1427745904 0.7484506133 -0.1084410862
v 0.1420630843 0.7447207678 -0.1323183016
v 0.140026077 0.7340424016 -0.1547539922
v 0.136882379 0.7175625596 -0.1753779546
v 0.132961427 0.6970082094 -0.1941182365
v 0.1286606757 0.6744628814 -0.2112333995
v 0.1243951029 0.652101966 -0.2272903424
v 0.1205453852 0.6319210392 -0.2430888342
v 0.1174113902 0.6154920619 -0.2595423685
v 0.1151768504 0.6037781943 -0.2775321657
v 0.1138895432 0.5970298933 -0.2977560042
v 0.1134592124 0.5947740203 -0.3205952567
v 0.1136731233 0.5958953806 -0.3460217202
v 0.1142268442 0.5987980872 -0.3735607273
v 0.1147659148 0.6016239942 -0.4023192788
v 0.1149327348 0.6024984953 -0.4310786222
v 0.1144124562 0.5997710995 -0.4584411323
v 0.1129719492 0.5922196971 -0.4830129313
v 0.1104869782 0.579193023 -0.5035976734
v 0.1069544145 0.5606746755 -0.5193742466
v 0.1024883807 0.5372629065 -0.5300323066
v 0.0973013889 0.5100717433 -0.5358444865
v 0.09167349592 0.4805692951 -0.5376622358
v 0.08591400145 0.4503769678 -0.536832456
v 0.08032105967 0.4210577402 -0.5350430543
v 0.07514466666 0.3939221378 -0.5341156853
v 0.07055783 0.3698770979 -0.5357718695
v 0.06663943419 0.3493361477 -0.541403198
v 0.06337058119 0.3322002202 -0.5518767442
v 0.06064426277 0.3179083586 -0.5674029508
v 0.05828638287 0.3055479193 -0.5874855835
v 0.05608464959 0.2940060293 -0.6109628045
v 0.05382089854 0.2821390307 -0.6361364119
v 0.05130211217 0.2689350901 -0.660974416
v 0.0483857877 0.2536471818 -0.6833620092
v 0.04499630424 0.2358788873 -0.701369026
v 0.04113038778 0.2156130435 -0.7134991836
v 0.03685144977 0.1931820649 -0.7188881839
v 0.03227423082 0.1691874429 -0.7174239679
v 0.02754257418 0.1443832301 -0.7097722652
v 0.02280408504 0.1195432002 -0.6973028024
v 0.0181857744 0.09533316799 -0.68192451
v 0.01377450019 0.07220845872 -0.6658500723
v 0.00960515936 0.05035200869 -0.6513195919
v 0.005658290562 0.02966179788 -0.6403187099
v 0.001867219614 0.009788308004 -0.6343274725
v 0.001444751934 0.01143638916 0.7337894132
v 0.004318101292 0.03418129136 0.7305733218
v 0.00715286763 0.05662077751 0.7251532413
v 0.009932932682 0.0786272584 0.7178573164
v 0.01264912349 0.1001281226 0.7091285496
v 0.01530033307 0.1211146073 0.6994709471
v 0.01789327288 0.1416398394 0.6893889523
v 0.0204408736 0.1618061757 0.67932793
v 0.02295956901 0.1817437028 0.6696232671
v 0.02546588315 0.2015832221 0.6604644636
v 0.02797286416 0.2214280201 0.6518785805
v 0.03048694891 0.2413290502 0.6437348412
v 0.03300579445 0.2612677657 0.6357694152
v 0.03551747891 0.2811497955 0.6276267988
v 0.03800127599 0.3008110739 0.6189121047
v 0.04042997066 0.3200361717 0.6092472423
v 0.04277344415 0.3385866746 0.5983235921
v 0.04500305 0.3562358222 0.5859443738
v 0.04709616006 0.3728044944 0.5720513984
v 0.04904020499 0.3881931946 0.5567330526
v 0.050835576 0.4024050195 0.5402129059
v 0.05249689237 0.4155556927 0.5228208919
v 0.05405235385 0.4278684382 0.5049512667
v 0.05554116004 0.4396535527 0.4870131901
v 0.05700925435 0.4512747158 0.4693805879
v 0.05850389796 0.4631060382 0.4523478704
v 0.06006776448 0.4754853164 0.4360971042
v 0.06173333959 0.488669701 0.4206805449
v 0.06351839679 0.5027998837 0.4060202561
v 0.06542319933 0.5178779484 0.3919242018
v 0.06742986352 0.5337623311 0.378116007
v 0.06950403737 0.5501811077 0.3642738459
v 0.07159873865 0.5667623757 0.3500728596
v 0.07365989997 0.5830781476 0.3352252549
v 0.07563292628 0.598696259 0.3195128057
v 0.07746941737 0.6132335829 0.302807762
v 0.07913316623 0.6264035113 0.285079971
v 0.08060462255 0.6380512874 0.2663900619
v 0.08188319945 0.6481722657 0.2468705373
v 0.08298707819 0.6569103657 0.2266982723
v 0.08395049316 0.6645365804 0.2060630148
v 0.08481881475 0.6714100535 0.1851368653
v 0.08564204588 0.677926599 0.1640493548
v 0.08646756805 0.6844612798 0.1428717029
v 0.08733308409 0.6913125448 0.1216123029
v 0.08826069219 0.6986553189 0.1002236701
v 0.08925288822 0.7065093592 0.07861929605
v 0.09029104951 0.714727252 0.05669733003
v 0.09133663374 0.7230039034 0.03436699256
v 0.09233497402 0.7309065805 0.01157325668
v 0.09322121208 0.7379218772 -0.01168433767
v 0.09392763076 0.7435137568 -0.03534190013
v 0.09439146211 0.74718536 -0.05927214168
v 0.09456218346 0.7485367586 -0.08329604167
v 0.0944073784 0.7473113503 -0.1072034868
v 0.09391642547 0.7434250578 -0.1307796799
v 0.09310155859 0.7369747222 -0.1538331483
v 0.09199618313 0.7282247745 -0.1762208543
v 0.0906506847 0.7175740577 -0.197866283
v 0.08912628777 0.7055072135 -0.2187674052
v 0.08748776556 0.6925369746 -0.238992934
v 0.08579594024 0.6791447982 -0.2586671015
v 0.08410092587 0.665727378 -0.2779449881
v 0.08243695486 0.6525556911 -0.2969819839
v 0.08081940866 0.6397514945 -0.3159020049
v 0.0792443756 0.627283824 -0.3347694454
v 0.07769072278 0.6149853956 -0.3535694775
v 0.07612434127 0.6025862092 -0.3722002138
v 0.074503947 0.5897594678 -0.3904786015
v 0.07278763 0.5761734198 -0.4081599246
v 0.07093926637 0.5615421151 -0.4249687516
v 0.06893394762 0.5456683827 -0.4406373662
v 0.06676173498 0.5284735491 -0.4549464396
v 0.06442928727 0.5100103243 -0.4677621325
v 0.06195920692 0.490457625 -0.4790640671
v 0.05938725788 0.4700985519 -0.4889596669
v 0.05675788964 0.4492849592 -0.4976820951
v 0.05411871585 0.4283937475 -0.5055712134
v 0.05151471641 0.4077809694 -0.5130393202
v 0.04898294458 0.3877399318 -0.5205256027
v 0.04654842652 0.3684687369 -0.5284449278
v 0.04422175486 0.3500512344 -0.5371375644
v 0.04199863008 0.3324533897 -0.5468265152
v 0.03986132721 0.3155348954 -0.557588311
v 0.03778180296 0.2990737659 -0.5693414784
v 0.0357259428 0.2827999571 -0.5818546319
v 0.03365831094 0.2664329656 -0.5947735761
v 0.03154672286 0.2497180248 -0.6076642564
v 0.02936601587 0.2324559515 -0.6200662328
v 0.02710053522 0.2145228256 -0.6315498597
v 0.02474506097 0.195877327 -0.6417697483
v 0.02230414012 0.1765554489 -0.6505074712
v 0.01979002594 0.1566541859 -0.657697788
v 0.01721962544 0.1363073709 -0.663434779
v 0.0146109896 0.1156578919 -0.6679568795
v 0.01197993016 0.09483091191 -0.6716125828
v 0.009337306282 0.07391238995 -0.6748111403
v 0.006687401787 0.05293623597 -0.6779646056
v 0.004027629117 0.03188196733 -0.6814287539
v 0.001349578069 0.01068301044 -0.6854506133
v 0.000627477272 0.009973465638 0.636133585
v 0.001901173952 0.03021829464 0.6420443182
v 0.003219773632 0.05117683638 0.651549044
v 0.004599654041 0.07310940741 0.6635260451
v 0.006045353974 0.09608814984 0.6764854205
v 0.007547836043 0.1199694185 0.6887528697
v 0.009085085213 0.1444032943 0.6986758105
v 0.01062501036 0.1688797037 0.7048254027
v 0.01213024358 0.1928047005 0.7061687484
v 0.01356411628 0.2155954545 0.7021895883
v 0.01489688164 0.2367791532 0.692942678
v 0.01611118284 0.2560799181 0.6790357609
v 0.0172058503 0.2734791592 0.6615424982
v 0.01819733772 0.2892384005 0.6418586097
v 0.01911844636 0.303879003 0.6215206493
v 0.02001439073 0.318119631 0.6020113621
v 0.02093666753 0.3327788009 0.5845768742
v 0.02193554264 0.3486554662 0.5700789313
v 0.02305221467 0.3664044598 0.5589003429
v 0.02431180785 0.3864251202 0.5509144345
v 0.02571827529 0.4087802798 0.5455206758
v 0.02725205992 0.4331590884 0.5417399225
v 0.02887099581 0.4588913375 0.5383550441
v 0.03051448428 0.4850138387 0.5340771283
v 0.03211051121 0.5103819603 0.5277146509
v 0.0335846492 0.5338127127 0.5183232994
v 0.03486987361 0.5542407698 0.5053174257
v 0.0359158617 0.5708662744 0.4885298611
v 0.03669646669 0.5832736355 0.4682142113
v 0.03721426495 0.5915038031 0.4449917073
v 0.03750144041 0.5960683262 0.4197521211
v 0.03761674909 0.5979011053 0.3935241473
v 0.03763883447 0.5982521423 0.3673342345
v 0.03765666881 0.5985356111 0.3420736894
v 0.03775830773 0.6001511155 0.3183919324
v 0.03801940496 0.604301137 0.2966294027
v 0.03849300408 0.6118287795 0.2767974832
v 0.03920199 0.623097788 0.258605854
v 0.0401352594 0.6379316803 0.2415309007
v 0.0412481975 0.6556213249 0.2249131662
v 0.04246748902 0.6750014086 0.2080681228
v 0.04369971864 0.6945871376 0.1903932361
v 0.04484270751 0.7127544254 0.1714555263
v 0.04579815642 0.727940851 0.1510473606
v 0.04648397543 0.738841632 0.1292034607
v 0.0468447013 0.7445752055 0.1061782627
v 0.04685863743 0.7447967139 0.0823888984
v 0.04654076675 0.7397443042 0.05833424867
v 0.04594103217 0.7302117961 0.03450399991
v 0.04513818002 0.7174508265 0.01129290218
v 0.04422994035 0.7030147704 -0.0110656741
v 0.04332079668 0.6885643455 -0.03253607275
v 0.04250891296 0.6756598232 -0.05328071865
v 0.04187389602 0.665566518 -0.07362450882
v 0.04146696151 0.6590984793 -0.09398907052
v 0.04130475617 0.6565202993 -0.1148076814
v 0.04136761075 0.6575193442 -0.1364349334
v 0.04160241963 0.6612515244 -0.1590663265
v 0.04192974255 0.6664541733 -0.1826817111
v 0.04225417963 0.6716109529 -0.2070230201
v 0.04247665528 0.6751471022 -0.2316115517
v 0.04250701353 0.6756296327 -0.2558039345
v 0.04227530532 0.6719467362 -0.2788797568
v 0.04174033969 0.6634437011 -0.300148592
v 0.04089444629 0.6499986104 -0.3190606268
v 0.03976390559 0.6320291806 -0.3353038709
v 0.03840507573 0.6104311984 -0.348872228
v 0.03689680402 0.5864579062 -0.3600924273
v 0.03533018347 0.5615571855 -0.3696034522
v 0.03379703746 0.5371885276 -0.3782888873
v 0.03237865017 0.5146439072 -0.3871695662
v 0.03113619003 0.4948955687 -0.3972700364
v 0.03010401373 0.4784895962 -0.4094767311
v 0.02928662616 0.4654975929 -0.4244076908
v 0.02865956691 0.4555307714 -0.4423128314
v 0.02817396594 0.4478123651 -0.4630201776
v 0.02776403252 0.44129666 -0.4859375838
v 0.02735637477 0.4348171256 -0.5101120324
v 0.02687984133 0.4272428434 -0.5343406408
v 0.0262745536 0.4176220704 -0.5573201188
v 0.02549895674 0.4052943113 -0.5778156612
v 0.02453403227 0.3899572761 -0.594826972
v 0.02338423771 0.371681815 -0.6077288108
v 0.02207520677 0.350875364 -0.6163662559
v 0.02064869173 0.3282015567 -0.6210904546
v 0.01915559453 0.3044694563 -0.6227282977
v 0.01764816648 0.2805095735 -0.6224881777
v 0.01617252869 0.2570549824 -0.6218126301
v 0.01476257086 0.2346443445 -0.6221960011
v 0.01343604251 0.2135597802 -0.6249903507
v 0.01219329808 0.1938069231 -0.6312248272
v 0.01101874835 0.1751379898 -0.6414624476
v 0.009884667547 0.1571122916 -0.6557136932
v 0.008756665618 0.1391832143 -0.6734191594
v 0.007599908875 0.1207970924 -0.6935046042
v 0.006385088546 0.1014880762 -0.7145022985
v 0.005093207021 0.0809542074 -0.7347238471
v 0.003718461197 0.05910324824 -0.7524627862
v 0.002268818138 0.03606183163 -0.7662012161
v 0.0007642508689 0.01214741971 -0.7747940311
v 6.161347591e-19 0.01006224423 0.6405296762
v 1.884276881e-18 0.03077257676 0.6525309143
v 3.229784314e-18 0.05274638069 0.6702063122
v 4.676502013e-18 0.07637307371 0.6917786476
v 6.230073242e-18 0.1017448173 0.7148963483
v 7.875303399e-18 0.1286134648 0.7369219256
v 9.577097918e-18 0.1564058784 0.7552554197
v 1.128492406e-17 0.184296796 0.7676514018
v 1.294017657e-17 0.2113291209 0.7724891621
v 1.448534418e-17 0.236563623 0.7689620742
v 1.587355332e-17 0.2592347987 0.757162887
v 1.707695843e-17 0.2788878956 0.7380553999
v 1.809257591e-17 0.2954741877 0.7133377913
v 1.894450574e-17 0.3093872576 0.6852168204
v 1.968200434e-17 0.3214315237 0.656123373
v 2.037348962e-17 0.3327243355 0.628406917
v 2.109718452e-17 0.3445431701 0.6040484802
v 2.192964538e-17 0.3581382876 0.5844285688
v 2.293379394e-17 0.3745372781 0.5701785134
v 2.414821656e-17 0.3943703047 0.5611321847
v 2.557938363e-17 0.4177430366 0.5563814866
v 2.719808544e-17 0.4441784433 0.5544253258
v 2.894082225e-17 0.4726394952 0.5533897479
v 3.071620093e-17 0.5016336295 0.5512881606
v 3.24156744e-17 0.5293881375 0.54628618
v 3.392731331e-17 0.5540750743 0.5369361012
v 3.515081821e-17 0.5740564257 0.5223511567
v 3.601173606e-17 0.588116281 0.5022987564
v 3.647287941e-17 0.5956473236 0.477203491
v 3.654126267e-17 0.596764107 0.4480631656
v 3.626942937e-17 0.5923247322 0.4162927942
v 3.575077746e-17 0.5838545037 0.3835207247
v 3.510929664e-17 0.5733783269 0.3513666906
v 3.448490427e-17 0.5631812257 0.3212328997
v 3.401619632e-17 0.5555266441 0.2941362173
v 3.382282779e-17 0.5523686962 0.2706026321
v 3.398984363e-17 0.5550962718 0.2506355772
v 3.455607636e-17 0.5643435542 0.233758754
v 3.550823182e-17 0.5798934328 0.2191234684
v 3.678156233e-17 0.6006884982 0.2056616411
v 3.826717115e-17 0.6249503314 0.192259826
v 3.982511564e-17 0.6503934957 0.1779275263
v 4.13016987e-17 0.6745079271 0.1619350261
v 4.254876266e-17 0.6948740272 0.1439014932
v 4.344250792e-17 0.709469995 0.1238223359
v 4.389939156e-17 0.7169314711 0.1020344582
v 4.388701814e-17 0.7167293978 0.07912766218
v 4.342857076e-17 0.7092423839 0.05581858617
v 4.26001629e-17 0.6957134568 0.03280901377
v 4.152141068e-17 0.6780960961 0.01065238471
v 4.034040997e-17 0.6588088908 -0.01034939707
v 3.92150347e-17 0.6404301179 -0.03020191769
v 3.829295541e-17 0.6253714203 -0.04921779818
v 3.769294518e-17 0.6155725097 -0.06795983777
v 3.748987175e-17 0.612256069 -0.08713694234
v 3.770529211e-17 0.6157741503 -0.1074697933
v 3.830483343e-17 0.6255654032 -0.1295483671
v 3.92026598e-17 0.6402280205 -0.1537051487
v 4.02724044e-17 0.6576982755 -0.1799258879
v 4.136311478e-17 0.6755109278 -0.2078142964
v 4.231812264e-17 0.6911073898 -0.236618947
v 4.29943925e-17 0.7021517148 -0.2653210235
v 4.327987071e-17 0.7068139277 -0.2927719149
v 4.310664814e-17 0.7039849886 -0.3178614105
v 4.245832506e-17 0.6933970691 -0.339691719
v 4.137074477e-17 0.6756355351 -0.3577306015
v 3.992613889e-17 0.6520433307 -0.3719189495
v 3.824158255e-17 0.6245324379 -0.3827139702
v 3.645338021e-17 0.5953288775 -0.3910579795
v 3.469949724e-17 0.5666857948 -0.3982734472
v 3.310235758e-17 0.5406025247 -0.4058958569
v 3.175422119e-17 0.5185857867 -0.4154655582
v 3.070695705e-17 0.5014826654 -0.4283066586
v 2.996739765e-17 0.4894047438 -0.4453240527
v 2.949868869e-17 0.4817501456 -0.4668483693
v 2.92272404e-17 0.4773170586 -0.4925529949
v 2.90541544e-17 0.4744903497 -0.5214580856
v 2.886944023e-17 0.4714737384 -0.552024822
v 2.856701991e-17 0.4665348398 -0.5823306701
v 2.805848463e-17 0.4582298284 -0.6103048305
v 2.728381173e-17 0.4455784598 -0.6339940196
v 2.621773218e-17 0.4281680595 -0.651823575
v 2.487108482e-17 0.4061756392 -0.6628184021
v 2.328721065e-17 0.380309011 -0.6667526743
v 2.153412529e-17 0.3516789543 -0.6642059625
v 1.96937667e-17 0.3216236177 -0.6565154855
v 1.784997199e-17 0.291512165 -0.6456278787
v 1.607694771e-17 0.2625564812 -0.6338674178
v 1.442985327e-17 0.2356573876 -0.6236491801
v 1.29387448e-17 0.2113057383 -0.6171735571
v 1.160658679e-17 0.189549947 -0.6161417322
v 1.041141327e-17 0.1700312822 -0.6215296887
v 9.312103033e-18 0.1520781835 -0.6334512228
v 8.25671396e-18 0.134842372 -0.6511291855
v 7.191974236e-18 0.1174538527 -0.6729802312
v 6.072400674e-18 0.09916982885 -0.6968035364
v 4.867621247e-18 0.07949428766 -0.7200502499
v 3.566799465e-18 0.05825025579 -0.740139676
v 2.179541121e-18 0.03559460772 -0.7547818339
v 7.332336792e-19 0.01197461472 -0.7622649496
v -0.0006769462437 0.01075975243 0.6862850019
v -0.002048452947 0.03255922722 0.6917818193
v -0.003461492193 0.0550188429 0.7004628857
v -0.004930239042 0.07836390554 0.7112147966
v -0.006457095858 0.1026325997 0.7225600396
v -0.008030981149 0.12764879 0.732840682
v -0.009627953739 0.1530319425 0.7404243576
v -0.01121413937 0.1782436411 0.7439061259
v -0.01275055424 0.2026642562 0.7422804723
v -0.01419910445 0.2256883023 0.7350617685
v -0.01552883037 0.2468236907 0.7223383768
v -0.01672139561 0.2657789724 0.7047543129
v -0.01777490296 0.2825239922 0.6834218304
v -0.01870534719 0.2973129798 0.6597771788
v -0.01954535376 0.3106645018 0.6353989615
v -0.02034025609 0.3232991126 0.611813042
v -0.02114197314 0.3360420401 0.5903092532
v -0.02200150161 0.3497038541 0.5717931274
v -0.02296108105 0.3649559325 0.5566908107
v -0.02404718431 0.3822190494 0.5449179684
v -0.02526541412 0.4015822578 0.5359148557
v -0.02659815306 0.4227655366 0.5287409988
v -0.02800544912 0.4451338669 0.5222152675
v -0.02942917163 0.4677632882 0.5150815373
v -0.03080000363 0.4895520389 0.5061773405
v -0.03204641459 0.5093631737 0.4945832021
v -0.03310444259 0.5261800472 0.4797336489
v -0.03392695555 0.5392535164 0.4614766316
v -0.03449108362 0.5482200752 0.4400754886
v -0.03480272138 0.5531734157 0.4161555367
v -0.03489736464 0.5546777273 0.3906048053
v -0.0348370252 0.5537186593 0.3644443225
v -0.03470349508 0.5515962588 0.3386869435
v -0.03458873628 0.5497722199 0.3142045488
v -0.03458358393 0.5496903256 0.2916214941
v -0.03476621089 0.552593098 0.271247811
v -0.03519187152 0.5593587799 0.2530595285
v -0.03588530806 0.5703806383 0.2367265218
v -0.03683688014 0.5855054433 0.2216815083
v -0.03800300531 0.6040404721 0.207218176
v -0.03931093961 0.6248294925 0.1926027085
v -0.04066735405 0.6463890826 0.1771816703
v -0.04196965429 0.6670885522 0.1604704436
v -0.0431186148 0.6853507565 0.1422099374
v -0.04403070757 0.699848056 0.1223845367
v -0.04464852721 0.709668018 0.1012004116
v -0.04494794723 0.7144271629 0.07902943963
v -0.04494105789 0.71431766 0.05632917181
v -0.04467448016 0.7100805283 0.03355275636
v -0.04422325087 0.7029084441 0.01106400049
v -0.04368105237 0.6942904457 -0.01092835048
v -0.04314803865 0.6858184353 -0.03240632288
v -0.04271782493 0.678980384 -0.05354256915
v -0.04246531788 0.6749668994 -0.07466437252
v -0.04243695352 0.6745160608 -0.09618765572
v -0.04264459441 0.6778164182 -0.1185317978
v -0.04306385904 0.6844804386 -0.1420293469
v -0.04363707832 0.6935914982 -0.1668458183
v -0.04428047297 0.7038179634 -0.1929234972
v -0.04489460169 0.7135792598 -0.2199596847
v -0.04537671432 0.7212422206 -0.2474246417
v -0.04563341107 0.7253222986 -0.2746183541
v -0.04559198725 0.7246638859 -0.3007590891
v -0.04520903407 0.7185770194 -0.3250914588
v -0.04447524197 0.706913728 -0.3469981836
v -0.04341586203 0.6900753659 -0.3660985102
v -0.04208685344 0.6689513793 -0.3823175466
v -0.04056730483 0.6447988458 -0.3959144877
v -0.03894918908 0.6190796325 -0.4074633453
v -0.03732583509 0.5932771597 -0.4177865779
v -0.0357806337 0.5687168869 -0.4278489794
v -0.03437742579 0.5464135359 -0.4386253161
v -0.03315376035 0.5269639306 -0.4509595808
v -0.03211779876 0.5104977926 -0.4654356814
v -0.0312491368 0.4966908062 -0.4822785432
v -0.03050328829 0.4848358835 -0.5013010234
v -0.02981909538 0.4739609487 -0.5219061441
v -0.02912796481 0.4629757429 -0.5431467236
v -0.02836362267 0.4508268725 -0.5638365245
v -0.02747105812 0.4366399652 -0.5826996571
v -0.02641348569 0.4198303328 -0.598539221
v -0.02517647094 0.4001685463 -0.6104028806
v -0.02376878624 0.3777940387 -0.6177227743
v -0.02222003227 0.3531772994 -0.6204099576
v -0.02057550804 0.3270383353 -0.6188891678
v -0.01888917751 0.300234879 -0.6140673594
v -0.01721581407 0.2736375287 -0.6072381933
v -0.01560347603 0.2480101495 -0.5999332978
v -0.01408737161 0.2239123597 -0.5937384731
v -0.01268592829 0.2016370561 -0.5900980712
v -0.01139952841 0.1811903155 -0.5901328177
v -0.01021196368 0.1623145146 -0.5944950375
v -0.009094257822 0.1445490888 -0.603280723
v -0.00801016683 0.1273179559 -0.6160107111
v -0.00692243919 0.1100290201 -0.6316843438
v -0.00579883511 0.0921698447 -0.6488995391
v -0.00461697344 0.07338469139 -0.6660244663
v -0.003367284547 0.05352145523 -0.6813991535
v -0.002053663005 0.03264203873 -0.6935413049
v -0.00069178642 0.01099563028 -0.7013299047
v -0.00135549233 0.01072982664 0.688454466
v -0.004053689227 0.03208825435 0.6858378263
v -0.006723320294 0.05322056023 0.6816060014
v -0.009354670492 0.07404984183 0.6760660592
v -0.01194456448 0.09455096374 0.6696299305
v -0.01449733836 0.1147582498 0.6627611929
v -0.01702445622 0.1347624474 0.655915333
v -0.01954279103 0.1546971201 0.6494812323
v -0.02207180762 0.1747163478 0.6437314187
v -0.02463007029 0.194967082 0.6387874343
v -0.02723162006 0.2155604689 0.6346046557
v -0.02988280739 0.2365467776 0.6309783352
v -0.03258011675 0.2578981798 0.6275698591
v -0.03530938614 0.2795025716 0.6239496065
v -0.03804662508 0.3011700489 0.6196506878
v -0.04076039777 0.3226517717 0.614226514
v -0.04341549797 0.3436690539 0.6073047708
v -0.04597743511 0.3639488746 0.598630969
v -0.04841710831 0.3832608765 0.5880962371
v -0.0507149895 0.4014504791 0.5757461846
v -0.05286417944 0.4184630692 0.5617702059
v -0.05487183741 0.4343553185 0.5464731659
v -0.05675870009 0.4492913746 0.5302336618
v -0.05855666776 0.4635237542 0.5134546982
v -0.06030471174 0.4773609471 0.4965134411
v -0.06204360475 0.4911257026 0.4797166251
v -0.06381016129 0.5051094375 0.463267225
v -0.06563176896 0.519528947 0.4472463099
v -0.0675219791 0.5344915009 0.4316118263
v -0.06947780413 0.5499734503 0.4162137163
v -0.07147915465 0.5658157709 0.4008225899
v -0.07349056871 0.5817377526 0.3851674394
v -0.07546507639 0.5973675903 0.3689768226
v -0.07734974659 0.6122862911 0.3520176992
v -0.07909222169 0.6260794019 0.3341266682
v -0.08064739323 0.6383898522 0.3152296414
v -0.08198333063 0.6489648856 0.2953477869
v -0.08308565401 0.6576906736 0.274589618
v -0.08395973136 0.6646097083 0.2531310957
v -0.08463035738 0.6699182598 0.231187267
v -0.08513889919 0.6739437828 0.2089800498
v -0.08553822993 0.6771048111 0.1867071569
v -0.08588606926 0.6798582429 0.1645167873
v -0.08623757026 0.6826406598 0.142491674
v -0.0866381036 0.6858112077 0.1206445347
v -0.08711717695 0.6896034637 0.09892516121
v -0.08768429021 0.6940926275 0.07723758087
v -0.08832728283 0.6991824382 0.05546420307
v -0.08901340988 0.704613693 0.03349283929
v -0.08969303049 0.7099934441 0.01124211573
v -0.09030545284 0.7148412661 -0.01131887669
v -0.09078619842 0.7186467593 -0.03415988173
v -0.09107476342 0.7209309864 -0.05718945507
v -0.09112188993 0.7213040312 -0.08026562484
v -0.0908954245 0.7195113727 -0.1032155177
v -0.09038402621 0.7154632384 -0.1258607742
v -0.0895982676 0.7092433186 -0.1480446063
v -0.08856901106 0.7010959141 -0.1696560255
v -0.08734329589 0.6913933794 -0.1906471348
v -0.08597829108 0.6805882538 -0.2110404025
v -0.08453411266 0.6691564045 -0.2309243524
v -0.08306644201 0.657538595 -0.250437908
v -0.08161989442 0.6460879918 -0.269745432
v -0.08022297566 0.6350302411 -0.2890060472
v -0.07888524417 0.6244410061 -0.30834186
v -0.07759699851 0.6142434916 -0.327810068
v -0.07633147402 0.6042258337 -0.3473835539
v -0.07504920509 0.59407563 -0.3669434732
v -0.07370393278 0.5834267032 -0.3862856903
v -0.07224924824 0.5719116893 -0.4051409246
v -0.07064508408 0.5592134224 -0.4232064232
v -0.06886320718 0.5451084144 -0.4401851814
v -0.06689101907 0.5294969381 -0.4558274434
v -0.06473321202 0.5124161364 -0.4699686522
v -0.06241112507 0.4940349255 -0.4825582653
v -0.05995995417 0.4746319099 -0.4936749105
v -0.05742425126 0.4545597546 -0.5035250933
v -0.05485236188 0.4342011538 -0.5124248556
v -0.05229057183 0.4139224975 -0.5207661286
v -0.04977774623 0.3940314346 -0.5289716977
v -0.04734115043 0.3747437929 -0.5374443927
v -0.04499395713 0.3561638447 -0.5465170846
v -0.04273469547 0.3382799472 -0.5564101629
v -0.04054862295 0.3209754013 -0.5672023428
v -0.03841073722 0.3040522932 -0.5788190134
v -0.03628993062 0.2872643804 -0.5910400836
v -0.03415365234 0.2703539965 -0.6035267181
v -0.03197240056 0.2530876108 -0.6158638125
v -0.02972342198 0.2352851122 -0.6276128971
v -0.02739313812 0.2168390161 -0.6383686667
v -0.02497802503 0.1977214274 -0.6478117333
v -0.02248391203 0.1779784901 -0.6557505774
v -0.01992390212 0.157713925 -0.6621470026
v -0.01731531515 0.137064833 -0.667121496
v -0.01467618843 0.1161739938 -0.6709375131
v -0.0120219178 0.09516327828 -0.6739664717
v -0.009362581699 0.07411246548 -0.6766378055
v -0.006701367486 0.05304678586 -0.6793804394
v -0.004034334538 0.03193504621 -0.6825632344
v -0.001351530301 0.01069846395 -0.6864421521
v -0.002101635652 0.01101715991 0.7139627396
v -0.006276469335 0.0329024045 0.7102747204
v -0.01033275416 0.05416619421 0.7006573209
v -0.0142025737 0.07445249864 0.6865428577
v -0.01786417404 0.09364727982 0.6698652394
v -0.02134901315 0.1119154462 0.6528096467
v -0.02473928662 0.1296878822 0.6375315319
v -0.02815606349 0.1475992537 0.6258812147
v -0.03173969283 0.1663852966 0.6191694026
v -0.03562543542 0.1867550726 0.61800339
v -0.03991813359 0.2092581845 0.6222142672
v -0.044670018 0.2341684349 0.6308834618
v -0.04986540692 0.2614036174 0.6424639615
v -0.05541512203 0.2904962429 0.6549793454
v -0.06116205114 0.3206227003 0.6662739014
v -0.06689763207 0.3506896684 0.674280895
v -0.07238735481 0.3794678028 0.6772742687
v -0.07740193039 0.4057551286 0.674071857
v -0.08174977694 0.4285473384 0.6641651631
v -0.08530608501 0.4471901582 0.6477608601
v -0.08803402135 0.4614905013 0.6257310564
v -0.08999458788 0.471768151 0.5994813735
v -0.09134315127 0.4788375678 0.570756424
v -0.09231249694 0.4839190558 0.5414099572
v -0.09318418382 0.4884885984 0.5131707953
v -0.09425171059 0.4940847697 0.4874352704
v -0.09578029725 0.5020979016 0.4651123562
v -0.0979687414 0.5135701276 0.4465397737
v -0.1009187178 0.5290344456 0.4314791952
v -0.1046160442 0.5484165092 0.4191877295
v -0.1089269354 0.5710149924 0.4085526488
v -0.1136103054 0.5955660777 0.3982682159
v -0.1183450115 0.6203862763 0.3870285386
v -0.122768866 0.6435769338 0.3737092197
v -0.126524551 0.6632649241 0.3575132426
v -0.129306506 0.6778484425 0.3380625425
v -0.1309025715 0.6862153109 0.3154251398
v -0.1312247238 0.6879040927 0.2900772708
v -0.1303245593 0.683185265 0.2628092741
v -0.1283911251 0.6730498482 0.2345917332
v -0.1257309881 0.6591049214 0.2064234771
v -0.1227327791 0.6433877595 0.1791848297
v -0.1198205405 0.6281212702 0.1535177974
v -0.1174017423 0.6154414856 0.1297500344
v -0.1158166164 0.6071319648 0.1078722037
v -0.1152953697 0.604399494 0.08756988964
v -0.1159288755 0.607720448 0.06830279232
v -0.1176567397 0.616778229 0.04941680686
v -0.1202744019 0.6305004948 0.0302698101
v -0.1234584683 0.6471919557 0.01035023479
v -0.1268070971 0.6647460823 -0.01063096963
v -0.1298902936 0.6809087646 -0.03268986967
v -0.1323036799 0.6935601786 -0.05556864329
v -0.1337188469 0.7009787437 -0.07878425962
v -0.1339238526 0.7020534214 -0.1017187163
v -0.1328487206 0.6964173817 -0.1237359949
v -0.1305727565 0.6844863604 -0.1443063734
v -0.1273128748 0.6673974621 -0.1631172087
v -0.1233945892 0.6468570895 -0.1801510453
v -0.119209557 0.6249183823 -0.1957166776
v -0.1151652704 0.6037174894 -0.2104259181
v -0.1116334467 0.5852030214 -0.22511724
v -0.1089037586 0.5708934952 -0.2407359234
v -0.1071487626 0.5616934838 -0.2581875438
v -0.1064043437 0.5577911038 -0.2781864897
v -0.1065679074 0.5586485345 -0.3011228874
v -0.1074142006 0.5630849587 -0.3269695191
v -0.1086263528 0.5694392834 -0.355245211
v -0.1098377899 0.5757898587 -0.3850434206
v -0.110679348 0.5802014611 -0.4151254292
v -0.1108253692 0.5809669307 -0.4440679749
v -0.1100328415 0.5768123551 -0.470446741
v -0.1081687205 0.5670402906 -0.4930310963
v -0.1052222533 0.5515943689 -0.5109628138
v -0.1013012018 0.531039497 -0.5238926529
v -0.09661302426 0.5064632095 -0.5320536219
v -0.09143404123 0.4793140297 -0.5362578414
v -0.08607111155 0.4512005678 -0.5378141563
v -0.0808211917 0.4236795241 -0.5383745862
v -0.07593424364 0.3980612453 -0.5397278661
v -0.0715843011 0.3752580479 -0.5435662467
v -0.06785221176 0.3556937504 -0.5512562478
v -0.06472183928 0.3392837632 -0.5636444747
v -0.06208958626 0.3254850097 -0.5809257604
v -0.05978526133 0.3134053153 -0.60259322
v -0.05760081469 0.301954045 -0.6274792754
v -0.05532250848 0.2900107456 -0.653884699
v -0.05276179098 0.2765869944 -0.679780861
v -0.04978053135 0.2609586841 -0.7030602484
v -0.04630726883 0.2427512044 -0.7218033699
v -0.04234257828 0.2219675686 -0.7345273569
v -0.03795332984 0.1989583226 -0.7403833644
v -0.03325727605 0.1743407465 -0.7392760831
v -0.02840079164 0.1488821636 -0.7318885333
v -0.02353352253 0.1233670454 -0.7196075258
v -0.01878404178 0.09846939539 -0.7043581538
v -0.01424032404 0.07465039287 -0.6883676839
v -0.009937990234 0.05209676924 -0.6738886365
v -0.005857979219 0.03070860248 -0.6629164152
v -0.001933775828 0.01013720789 -0.6569377935
v -0.002979500296 0.01160438749 0.7626577877
v -0.008890462389 0.03462606487 0.7580597741
v -0.01461602749 0.05692566863 0.7467703645
v -0.02005163318 0.07809595504 0.730328938
v -0.0251583535 0.09798531754 0.7108121984
v -0.02997295892 0.1167369676 0.6905681327
v -0.03460455005 0.1347758241 0.6719173572
v -0.0392179522 0.1527438391 0.6568603539
v -0.04400620796 0.171392864 0.6468280875
v -0.04915632734 0.1914512547 0.6425075866
v -0.05481366459 0.2134851285 0.6437640672
v -0.06105069321 0.2377767512 0.6496684419
v -0.06784546781 0.264240651 0.6586252879
v -0.07507375015 0.292392952 0.668583382
v -0.08251681406 0.321381772 0.6773004563
v -0.08988461255 0.3500774525 0.6826272419
v -0.09685162845 0.3772121879 0.6827739651
v -0.1031006907 0.4015506783 0.6765254427
v -0.1083686323 0.4220679562 0.6633783046
v -0.1124871205 0.438108409 0.6435846062
v -0.1154124072 0.4495016484 0.6180986932
v -0.1172390954 0.4566161291 0.5884369234
v -0.1181951304 0.4603396396 0.556471028
v -0.1186178106 0.4619858704 0.5241840482
v -0.1189133211 0.4631368077 0.4934218664
v -0.1195047355 0.4654402146 0.4656729177
v -0.1207752524 0.4703885515 0.4419038718
v -0.1230143559 0.4791092838 0.4224706787
v -0.1263744604 0.4921960267 0.407113596
v -0.1308444116 0.509605337 0.3950332046
v -0.1362440995 0.530635733 0.3850335772
v -0.142241677 0.5539947553 0.3757101617
v -0.1483918281 0.5779480123 0.3656547126
v -0.1541906154 0.6005327977 0.3536483742
v -0.1591400593 0.6198096088 0.3388168494
v -0.162814097 0.6341190411 0.3207279718
v -0.1649171699 0.6423099692 0.2994209306
v -0.1653274593 0.6439079407 0.2753665484
v -0.1641186605 0.6391999805 0.2493678964
v -0.161556911 0.629222625 0.2224187503
v -0.1580727175 0.6156525871 0.1955428031
v -0.1542110368 0.6006123336 0.1696384451
v -0.1505656009 0.5864142983 0.1453521212
v -0.1477057483 0.5752759079 0.1229981256
v -0.1461051238 0.5690418871 0.1025350343
v -0.1460814842 0.5689498168 0.0835999976
v -0.1477554966 0.5754696648 0.0655931726
v -0.1510340139 0.5882386463 0.04779701666
v -0.1556201653 0.6061005269 0.02951008898
v -0.1610491298 0.6272449474 0.01017315954
v -0.1667451142 0.6494293423 -0.01053296378
v -0.1720922956 0.6702552386 -0.0326336818
v -0.1765106597 0.6874636307 -0.05585948971
v -0.1795270353 0.6992116381 -0.0796975279
v -0.1808322546 0.7042951317 -0.1034872841
v -0.1803171943 0.7022891041 -0.1265447044
v -0.1780832145 0.6935883272 -0.1482941716
v -0.174425855 0.6793438525 -0.1683861909
v -0.1697941175 0.6613044258 -0.1867804709
v -0.1647308078 0.6415841366 -0.2037791493
v -0.159801814 0.6223869733 -0.2200024718
v -0.1555235438 0.605724211 -0.2363081616
v -0.1522978714 0.5931610465 -0.2536646929
v -0.1503628419 0.5856246041 -0.2729963294
v -0.1497652114 0.5832969871 -0.2950229334
v -0.1503579627 0.585605601 -0.320119343
v -0.1518226306 0.5913101056 -0.3482172136
v -0.1537130405 0.5986727661 -0.3787667984
v -0.15551434 0.6056883644 -0.41076792
v -0.1567093341 0.6103425592 -0.4428694946
v -0.1568433654 0.6108645766 -0.4735268133
v -0.1555793819 0.6059416859 -0.5011968511
v -0.1527363409 0.5948687724 -0.52454549
v -0.148306476 0.5776155876 -0.5426377061
v -0.1424498721 0.5548056216 -0.555083004
v -0.1354678438 0.5276124168 -0.5621136112
v -0.1277593765 0.4975899187 -0.564581548
v -0.1197670073 0.4664616961 -0.5638715356
v -0.1119197145 0.4358985084 -0.5617383199
v -0.1045805118 0.4073142012 -0.5600877692
v -0.09800552564 0.3817063207 -0.5607295068
v -0.09231950967 0.3595607507 -0.5651336418
v -0.08751031279 0.3408301655 -0.5742246023
v -0.08344210745 0.3249855518 -0.5882409978
v -0.07988459811 0.3111299677 -0.6066822934
v -0.07655331857 0.2981554905 -0.6283519086
v -0.07315477796 0.2849190488 -0.6514936147
v -0.06942979636 0.2704112033 -0.6740055171
v -0.06518891676 0.2538940678 -0.6937051777
v -0.06033518409 0.2349900272 -0.7086120549
v -0.05487162055 0.2137108521 -0.7172104672
v -0.04889308649 0.1904259993 -0.7186581869
v -0.04256454638 0.1657779629 -0.7129123636
v -0.03608971971 0.140560178 -0.7007549313
v -0.02967540688 0.1155780789 -0.6837126215
v -0.02349726072 0.0915157883 -0.6638804701
v -0.01767237058 0.06882933904 -0.6436704444
v -0.01224281436 0.04768261376 -0.6255168138
v -0.007172510418 0.0279350837 -0.6115757977
v -0.002357549339 0.009182048445 -0.6034580247
v -0.003483154003 0.01072004573 0.7175211618
v -0.01038016204 0.03194685383 0.7122935261
v -0.01713463766 0.05273499226 0.7045444691
v -0.02370436871 0.07295454533 0.6948209633
v -0.03007524096 0.09256207399 0.6838447765
v -0.03626522108 0.1116128739 0.6724236898
v -0.04232278544 0.13025614 0.6613519788
v -0.04831987677 0.1487132893 0.6513129545
v -0.05434035824 0.167242426 0.642796024
v -0.060465687 0.1860942494 0.6360387646
v -0.06676002868 0.2054662412 0.6310011778
v -0.07325719983 0.2254624779 0.6273750553
v -0.07995162582 0.2460658026 0.6246268099
v -0.08679495938 0.2671274176 0.6220678156
v -0.09369919395 0.2883764667 0.6189428247
v -0.1005461428 0.3094492085 0.6145248383
v -0.1072021787 0.3299343805 0.6082041767
v -0.1135362855 0.3494287566 0.5995604848
v -0.1194388936 0.3675951166 0.588408862
v -0.1248387433 0.3842141451 0.5748148738
v -0.1297151923 0.3992223119 0.5590773926
v -0.1341039419 0.4127294944 0.5416824468
v -0.1380950255 0.4250127866 0.5232349795
v -0.1418229726 0.4364862279 0.5043781236
v -0.1454501797 0.4476496237 0.4857109636
v -0.1491455275 0.4590227346 0.467715607
v -0.1530610347 0.4710734266 0.4507028027
v -0.1573097227 0.4841495437 0.4347825466
v -0.1619478095 0.4984241071 0.4198625425
v -0.1669638615 0.5138619279 0.4056735244
v -0.1722766588 0.5302130367 0.3918168448
v -0.1777423881 0.5470348217 0.3778268779
v -0.1831705194 0.563740892 0.3632390473
v -0.1883465186 0.5796709797 0.3476538814
v -0.1930585674 0.5941731746 0.3307884405
v -0.1971248401 0.6066878751 0.3125085819
v -0.2004177241 0.6168223301 0.2928384974
v -0.2028816886 0.6244056329 0.2719473313
v -0.204542278 0.6295164017 0.2501159729
v -0.2055048354 0.6324788489 0.2276898451
v -0.2059428918 0.6338270477 0.2050253136
v -0.2060775266 0.634241411 0.1824379655
v -0.2061502168 0.6344651284 0.1601604091
v -0.2063925881 0.6352110707 0.1383155329
v -0.2069969378 0.6370710678 0.1169086153
v -0.2080913451 0.6404393069 0.09583869047
v -0.2097226288 0.645459882 0.07492660338
v -0.2118494198 0.6520054716 0.05395467314
v -0.214346314 0.6596901219 0.03271119632
v -0.217018641 0.6679146987 0.01103240697
v -0.2196259993 0.6759393224 -0.0111649552
v -0.2219115691 0.682973583 -0.03386572303
v -0.2236334578 0.6882730115 -0.05695587995
v -0.2245940719 0.6912294775 -0.08023965292
v -0.2246637691 0.6914439836 -0.1034712973
v -0.2237957983 0.6887726441 -0.1263963475
v -0.222030673 0.6833401471 -0.1487955121
v -0.2194895072 0.6755192429 -0.170523853
v -0.216357272 0.6658792143 -0.191538501
v -0.2128582325 0.6551102779 -0.211909843
v -0.2092268134 0.6439339192 -0.2318136244
v -0.2056777019 0.633010877 -0.2515043785
v -0.2023790442 0.6228586525 -0.2712735751
v -0.1994321416 0.6137890191 -0.2913984227
v -0.1968601523 0.6058732498 -0.3120889635
v -0.1946070931 0.5989390466 -0.3334416996
v -0.1925470724 0.5925989549 -0.35540735
v -0.1905023479 0.58630594 -0.37777854
v -0.1882676815 0.5794283439 -0.4002004871
v -0.1856376907 0.5713340645 -0.4222044631
v -0.1824335796 0.5614728245 -0.4432604309
v -0.1785257978 0.5494459087 -0.4628422922
v -0.1738497984 0.5350546624 -0.4804970525
v -0.16841305 0.5183220714 -0.4959082749
v -0.1622926616 0.4994854527 -0.5089445993
v -0.1556242404 0.4789621625 -0.5196858462
v -0.148583745 0.4572937459 -0.5284220824
v -0.1413649706 0.4350766427 -0.5356246339
v -0.1341557945 0.4128890802 -0.5418918936
v -0.1271163664 0.3912239481 -0.5478763543
v -0.1203620438 0.3704362808 -0.5542020946
v -0.1139531259 0.3507116596 -0.5613835419
v -0.1078924256 0.3320587422 -0.569756486
v -0.1021306069 0.3143256876 -0.5794309637
v -0.09657814089 0.2972369543 -0.5902729308
v -0.09112186465 0.2804442627 -0.6019179239
v -0.0856435689 0.2635838021 -0.6138156893
v -0.08003786597 0.2463312224 -0.6253005661
v -0.07422681568 0.2284466486 -0.6356788507
v -0.06816936516 0.2098037329 -0.6443219177
v -0.06186450004 0.1903993533 -0.6507528836
v -0.05534797816 0.1703435612 -0.6547152328
v -0.04868347882 0.1498323413 -0.6562140168
v -0.04194980923 0.1291082372 -0.6555237104
v -0.03522635018 0.108415558 -0.6531611185
v -0.02857912099 0.08795749016 -0.6498263015
v -0.02204967609 0.06786192509 -0.6463187174
v -0.01564854506 0.04816126952 -0.643439102
v -0.009354174215 0.02878918799 -0.6418895686
v -0.003117438847 0.009594490218 -0.6421847387
v -0.003581161719 0.009044982015 0.6192607446
v -0.01078299025 0.02723472452 0.6211287847
v -0.01814790823 0.04583638394 0.6263940717
v -0.02577286248 0.06509482003 0.634154028
v -0.03369773185 0.08511075524 0.6431861264
v -0.04189625067 0.1058178501 0.6521018241
v -0.05027842438 0.1269888042 0.6595195194
v -0.05870428932 0.1482701097 0.6642343223
v -0.06700703296 0.1692404464 0.6653630086
v -0.07502193517 0.1894837786 0.6624459295
v -0.08261655728 0.2086656045 0.6554934079
v -0.08971726096 0.2265999347 0.6449714914
v -0.09632754835 0.2432956149 0.6317298642
v -0.1025348323 0.2589734244 0.6168821919
v -0.1085039165 0.2740496102 0.6016551961
v -0.1144574538 0.2890865291 0.5872265549
v -0.1206456622 0.3047161592 0.5745728195
v -0.1273093162 0.3215466281 0.5643468247
v -0.1346412308 0.3400649305 0.5567998196
v -0.1427519156 0.3605501819 0.5517573581
v -0.1516447229 0.3830108492 0.5486507391
v -0.1612046599 0.407156494 0.5465984427
v -0.1712032344 0.4324100105 0.5445255724
v -0.1813194947 0.4579607672 0.5413046246
v -0.1911751152 0.4828532232 0.5358985532
v -0.2003792964 0.5061003312 0.5274873566
v -0.2085776932 0.5268071178 0.5155621827
v -0.2154988018 0.5442878427 0.4999757908
v -0.2209913431 0.5581604185 0.4809444244
v -0.2250472 0.5684043437 0.4590028459
v -0.2278062685 0.5753729553 0.4349205341
v -0.229541944 0.5797567711 0.4095920076
v -0.2306285653 0.5825012632 0.3839172517
v -0.2314946281 0.5846886881 0.3586889374
v -0.2325676099 0.5873987309 0.3345014886
v -0.2342175327 0.5915659603 0.3116933779
v -0.2367067336 0.597852964 0.290328878
v -0.2401526559 0.6065563703 0.2702196482
v -0.2445088825 0.6175589426 0.2509808348
v -0.2495673058 0.6303350614 0.2321116222
v -0.2549815786 0.6440099537 0.2130870531
v -0.2603091659 0.6574659032 0.1934468345
v -0.2650668141 0.6694823509 0.1728678822
v -0.2687924035 0.6788921156 0.1512103183
v -0.2711052096 0.6847335969 0.128531045
v -0.2717567065 0.6863790904 0.1050641869
v -0.2706651974 0.683622253 0.08117284156
v -0.2679296046 0.6767129342 0.05728093123
v -0.2638204354 0.6663343576 0.03379686526
v -0.2587489006 0.653525123 0.01104178603
v -0.2532180115 0.6395556915 -0.01080576225
v -0.2477618398 0.625774975 -0.03173966985
v -0.2428806808 0.6134465747 -0.05192569742
v -0.2389803961 0.6035955799 -0.07167052879
v -0.2363236746 0.5968854674 -0.09136537983
v -0.2349993914 0.5935407099 -0.1114132679
v -0.2349138841 0.593324743 -0.132151812
v -0.2358051158 0.5955757373 -0.1537843623
v -0.2372777309 0.5992951386 -0.1763311937
v -0.2388543254 0.6032771617 -0.1996095741
v -0.2400362038 0.6062622458 -0.2232471616
v -0.2403657438 0.607094569 -0.2467280306
v -0.2394823807 0.6048634484 -0.2694654549
v -0.2371651632 0.599010825 -0.2908911575
v -0.233356684 0.5893917045 -0.3105477726
v -0.2281656939 0.5762807603 -0.3281702224
v -0.2218485299 0.5603254254 -0.3437428079
v -0.214772242 0.5424527621 -0.3575219262
v -0.2073646318 0.5237432745 -0.3700190666
v -0.2000580079 0.505288849 -0.3819444311
v -0.1932341219 0.4880536806 -0.3941173758
v -0.1871774101 0.4727561728 -0.4073550145
v -0.182042379 0.4597865645 -0.4223540067
v -0.1778389497 0.4491699142 -0.4395821801
v -0.1744370866 0.4405777887 -0.4591959318
v -0.171589435 0.4333854418 -0.4809963361
v -0.1689683381 0.4267653066 -0.5044319309
v -0.1662117968 0.419803078 -0.5286499059
v -0.1629719239 0.4116200931 -0.5525907242
v -0.1589593316 0.401485442 -0.5751149999
v -0.1539776825 0.3889032325 -0.5951466146
v -0.1479441839 0.3736643547 -0.611813294
v -0.1408938931 0.3558573528 -0.6245656138
v -0.1329680058 0.3358388466 -0.6332577619
v -0.124388513 0.3141695214 -0.6381780788
v -0.1154234086 0.2915262524 -0.6400238425
v -0.1063477818 0.2686038356 -0.6398221099
v -0.09740648477 0.2460206972 -0.6388056838
v -0.08878360016 0.2242417768 -0.6382594653
v -0.08058273226 0.2035287488 -0.6393567043
v -0.07282040802 0.1839233558 -0.643006379
v -0.06543285724 0.1652645324 -0.6497318392
v -0.0582944527 0.1472349806 -0.6595970539
v -0.0512444168 0.1294286225 -0.6721907768
v -0.04411728199 0.1114275348 -0.6866714707
v -0.03677218043 0.09287592595 -0.7018679
v -0.02911638104 0.07353958395 -0.7164229559
v -0.0211195243 0.0533418294 -0.7289625148
v -0.01281655896 0.03237093278 -0.7382677259
v -0.004299219422 0.01085858875 -0.7434285378
v -0.004120263547 0.008756005739 0.6160058869
v -0.01253860036 0.0266458821 0.6244558714
v -0.02141132873 0.04550138967 0.6389618562
v -0.03092161824 0.06571178366 0.6578161967
v -0.04112936041 0.08740433997 0.6787318095
v -0.05195241984 0.110404512 0.6991273401
v -0.06317249197 0.134248379 0.7164473037
v -0.07446523651 0.1582466827 0.7284760876
v -0.08545042521 0.181591397 0.7336057755
v -0.09575451187 0.2034886958 0.7310240574
v -0.1050758197 0.2232974832 0.7207991583
v -0.1132418038 0.2406510827 0.7038523098
v -0.1202487259 0.2555415503 0.6818229791
v -0.1262764718 0.2683511622 0.6568459043
v -0.1316748225 0.2798232415 0.6312701418
v -0.1369217519 0.290973534 0.6073573656
v -0.1425586295 0.3029525087 0.5869986834
v -0.149110936 0.3168768687 0.5714860662
v -0.1570056624 0.3336540164 0.5613666106
v -0.1664975613 0.3538253284 0.5563964047
v -0.1776156528 0.3774524755 0.5555973334
v -0.1901389244 0.4040657823 0.5574065663
v -0.2036063073 0.4326854277 0.5598965503
v -0.2173612834 0.4619162398 0.5610346396
v -0.2306265307 0.4901063254 0.5589471414
v -0.2425995562 0.5155502996 0.5521530285
v -0.2525569373 0.5367108116 0.5397376893
v -0.2599531127 0.5524284845 0.5214460569
v -0.2644998949 0.5620908885 0.4976859565
v -0.2662150582 0.5657357961 0.4694449062
v -0.2654322185 0.5640721769 0.4381351825
v -0.2627692736 0.558413131 0.4053911357
v -0.259058246 0.5505267958 0.3728483288
v -0.2552446962 0.5424225901 0.3419353811
v -0.2522692257 0.5360993934 0.3137063782
v -0.2509463316 0.5332881003 0.2887348956
v -0.2518566174 0.5352225561 0.2670811508
v -0.2552669494 0.5424698804 0.2483329616
v -0.261089739 0.5548439383 0.2317106376
v -0.268887555 0.5714151408 0.2162171545
v -0.2779233643 0.5906172131 0.2008091813
v -0.2872506653 0.6104387367 0.184562498
v -0.2958324057 0.6286758631 0.1668072597
v -0.3026736158 0.6432141747 0.1472140468
v -0.3069506752 0.6523033887 0.1258198079
v -0.3081203585 0.6547890921 0.1029923759
v -0.305994272 0.6502709284 0.07934176886
v -0.3007686827 0.6391659858 0.05559455134
v -0.2930054796 0.6226683395 0.03245293496
v -0.283566356 0.6026091808 0.01046226619
v -0.2735083982 0.5812349324 -0.01009117481
v -0.2639543211 0.5609314852 -0.02923526354
v -0.2559539174 0.5439297618 -0.04731092039
v -0.2503544451 0.5320302775 -0.06491482467
v -0.2476965191 0.5263818972 -0.08279509066
v -0.2481487369 0.5273429089 -0.1017167543
v -0.2514892195 0.5344417957 -0.1223190387
v -0.2571361385 0.5464421096 -0.1449880872
v -0.2642229599 0.5615023716 -0.1697668809
v -0.2717083849 0.5774097095 -0.1963186451
v -0.278506583 0.5918566158 -0.2239519821
v -0.2836208419 0.6027249693 -0.25170643
v -0.2862635322 0.608340972 -0.2784875634
v -0.2859472937 0.607668931 -0.3032325815
v -0.2825363169 0.6004202364 -0.3250818351
v -0.2762519588 0.5870652954 -0.343529819
v -0.2676329739 0.5687490202 -0.3585311831
v -0.2574565445 0.547123007 -0.3705430877
v -0.2466312724 0.5241181328 -0.3804939986
v -0.236076708 0.5016885417 -0.3896795654
v -0.2266054064 0.4815610011 -0.3995970568
v -0.2188227645 0.4650220454 -0.4117393578
v -0.2130571495 0.4527694898 -0.4273763425
v -0.2093284833 0.4448456708 -0.4473544584
v -0.2073581232 0.4406584425 -0.4719440445
v -0.2066173105 0.4390841352 -0.5007583243
v -0.206406407 0.4386359426 -0.5327588354
v -0.2059532819 0.4376730027 -0.5663504908
v -0.2045170315 0.4346208153 -0.5995570695
v -0.2014829855 0.4281731393 -0.6302564425
v -0.1964366354 0.4174490994 -0.6564458772
v -0.1892074516 0.4020863018 -0.6765026443
v -0.1798780138 0.3822602373 -0.6894046895
v -0.1687588289 0.3586307667 -0.6948804906
v -0.1563339375 0.3322265283 -0.6934659184
v -0.1431862671 0.3042863065 -0.686457847
v -0.1299141553 0.2760816332 -0.6757678579
v -0.1170512275 0.2487465202 -0.6636928252
v -0.1050008189 0.2231380985 -0.6526306229
v -0.09399356136 0.1997464855 -0.6447770775
v -0.08407302997 0.1786642831 -0.6418434629
v -0.07511003132 0.1596169414 -0.644831815
v -0.06684185382 0.1420461699 -0.653898308
v -0.05892921747 0.1252309617 -0.6683237854
v -0.05102126327 0.1084257036 -0.6865967012
v -0.04281804115 0.0909929692 -0.7065990391
v -0.03412069009 0.07251015739 -0.7258721845
v -0.02486171392 0.05283383144 -0.7419290542
v -0.01511108474 0.03211268969 -0.7525724818
v -0.005057834568 0.01074844558 -0.7561787816
v -0.005101768134 0.009280081785 0.6741244562
v -0.01538028383 0.02797663242 0.6769810973
v -0.02592617121 0.04715953035 0.6838001599
v -0.03687792628 0.06708069888 0.6933752568
v -0.0482741561 0.08781036396 0.7040774537
v -0.06003812213 0.1092089387 0.7140639444
v -0.07198268748 0.1309360225 0.7215124016
v -0.08383539247 0.1524960128 0.7248508102
v -0.09528011657 0.1733138886 0.7229533808
v -0.1060090164 0.1928296851 0.7152777692
v -0.1157765913 0.2105968378 0.7019266683
v -0.1244471151 0.226368462 0.6836268233
v -0.1320274054 0.2401569588 0.6616293134
v -0.1386788912 0.2522559666 0.6375451075
v -0.1447059188 0.2632190892 0.6131380968
v -0.1505207757 0.2737962746 0.5901029731
v -0.1565894965 0.2848352368 0.5698568104
v -0.1633656131 0.2971609471 0.5533708734
v -0.1712211415 0.3114501002 0.5410633908
v -0.1803849288 0.3281189673 0.5327656144
v -0.1908978462 0.3472418931 0.527763613
v -0.2025922654 0.3685139627 0.5249082611
v -0.2151000489 0.3912655365 0.5227771214
v -0.2278893544 0.4145291969 0.5198655328
v -0.240326439 0.4371521697 0.5147810179
v -0.2517549427 0.4579405407 0.5064154674
v -0.2615823639 0.4758165535 0.4940733202
v -0.269362039 0.48996773 0.4775405509
v -0.2748591333 0.4999669074 0.4570877208
v -0.2780909616 0.5058455812 0.4334094606
v -0.279335167 0.5081087825 0.4075112532
v -0.2791034874 0.507687359 0.3805611321
v -0.27808347 0.5058319542 0.3537280124
v -0.2770549233 0.5039610346 0.3280293368
v -0.2767915111 0.5034818896 0.3042084972
v -0.2779601754 0.5056076821 0.2826574911
v -0.2810316883 0.5111947432 0.2633932642
v -0.2862144586 0.5206221674 0.2460882332
v -0.2934208864 0.533730611 0.2301477283
v -0.3022714159 0.5498296644 0.2148206496
v -0.3121365336 0.5677742468 0.1993253841
v -0.322211937 0.5861013376 0.1829715392
v -0.3316176376 0.6032102435 0.1652594577
v -0.3395084642 0.6175636038 0.1459435116
v -0.345181763 0.627883296 0.1250511722
v -0.3481682795 0.6333157493 0.1028568888
v -0.3482942578 0.6335449031 0.07981681534
v -0.3457064408 0.6288376813 0.05647634551
v -0.3408564296 0.6200155437 0.03336639041
v -0.3344461358 0.6083552626 0.01090578032
v -0.32734113 0.5954313051 -0.01067409688
v -0.3204628941 0.5829198404 -0.03137006995
v -0.3146737482 0.572389423 -0.05140668853
v -0.3106691889 0.5651051567 -0.07119447055
v -0.3088914098 0.5618713885 -0.09125360132
v -0.3094750042 0.5629329429 -0.1121154597
v -0.3122316512 0.5679472651 -0.1342181077
v -0.316675508 0.5760306106 -0.1578131462
v -0.3220857595 0.5858718215 -0.1828998879
v -0.3275979969 0.5958985443 -0.2091988267
v -0.33231245 0.6044741026 -0.2361704502
v -0.3354050447 0.6100995114 -0.2630784401
v -0.3362270697 0.6115947693 -0.2890892582
v -0.3343809051 0.6082366085 -0.3133941181
v -0.329762564 0.599835877 -0.3353353006
v -0.322566258 0.5867458451 -0.3545173629
v -0.3132512237 0.5698018606 -0.3708852741
v -0.3024759481 0.550201707 -0.3847557566
v -0.2910090773 0.5293435466 -0.3967945543
v -0.279629126 0.508643492 -0.4079400987
v -0.2690262801 0.4893569869 -0.4192820015
v -0.2597189778 0.4724270668 -0.4319098085
v -0.2519956674 0.4583784173 -0.4467524461
v -0.2458885336 0.4472695823 -0.4644310205
v -0.2411815524 0.4387076152 -0.4851466562
v -0.2374506078 0.4319210522 -0.5086209662
v -0.2341292049 0.4258794428 -0.5340999985
v -0.2305901039 0.4194418419 -0.5604240043
v -0.2262313908 0.4115133722 -0.5861562669
v -0.2205553077 0.4011886154 -0.6097557851
v -0.2132295663 0.3878631412 -0.6297720196
v -0.2041236349 0.3712995135 -0.6450361508
v -0.1933161989 0.3516408605 -0.6548229569
v -0.1810741063 0.3293725767 -0.658960626
v -0.1678070417 0.3052398757 -0.6578722023
v -0.1540053788 0.280134744 -0.6525411373
v -0.140170709 0.2549695731 -0.6444034054
v -0.1267491787 0.2305559001 -0.635178521
v -0.1140769395 0.2075051825 -0.6266602137
v -0.1023448791 0.186164644 -0.6204933068
v -0.09158670499 0.1665955979 -0.617965681
v -0.08169086387 0.1485951297 -0.6198427158
v -0.07243324024 0.1317555749 -0.626266441
v -0.06352459551 0.1155508103 -0.6367334295
v -0.05466471714 0.09943475133 -0.6501553039
v -0.04559451373 0.08293611259 -0.6649949315
v -0.0361379025 0.06573460062 -0.6794614002
v -0.02622717184 0.04770704848 -0.6917390214
v -0.01590826899 0.02893703387 -0.7002209789
v -0.005325727627 0.009687462591 -0.7037174459
v -0.00582014007 0.00917107326 0.6914382659
v -0.01731573569 0.02728523345 0.6852574225
v -0.02860121408 0.04506830188 0.6782282731
v -0.03966565736 0.0625030747 0.6705282995
v -0.0505116756 0.07959366473 0.6623661506
v -0.06115644261 0.09636713356 0.6539624734
v -0.07163069974 0.1128719218 0.6455286841
v -0.08197576666 0.1291731389 0.6372462991
v -0.0922389122 0.1453452685 0.6292493763
v -0.1024677048 0.1614632665 0.6216122131
v -0.1127041387 0.1775933054 0.6143437669
v -0.1229793918 0.1937845134 0.6073894025
v -0.1333099996 0.2100629466 0.6006396321
v -0.1436960402 0.2264287278 0.5939446372
v -0.1541216382 0.2428568416 0.5871326487
v -0.1645577554 0.2593015309 0.5800298147
v -0.1749668915 0.2757037048 0.5724790513
v -0.1853090198 0.2920002913 0.5643555705
v -0.1955478762 0.3081341474 0.555577275
v -0.2056566389 0.3240630087 0.5461089317
v -0.2156220946 0.3397660541 0.5359598837
v -0.2254465806 0.3552469669 0.5251759234
v -0.2351472988 0.3705328529 0.5138266981
v -0.2447529692 0.3856689674 0.5019905753
v -0.2542981836 0.4007098186 0.489739168
v -0.2638161752 0.4157077736 0.4771236936
v -0.2733309787 0.4307007047 0.4641650185
v -0.2828500912 0.4457004259 0.4508486735
v -0.2923587237 0.4606836332 0.4371254044
v -0.3018165561 0.4755867923 0.4229170367
v -0.3111576029 0.4903059269 0.4081267082
v -0.3202933919 0.5047016268 0.3926519457
v -0.3291192152 0.518608899 0.37639871
v -0.3375227872 0.5318508096 0.3592944598
v -0.3453942989 0.5442543273 0.3412984743
v -0.3526366392 0.5556664296 0.3224081151
v -0.3591744971 0.5659684451 0.3026603099
v -0.3649611713 0.5750867847 0.2821282331
v -0.3699821894 0.5829986432 0.2609138263
v -0.3742552328 0.5897318822 0.2391373622
v -0.3778263414 0.5953590488 0.2169256201
v -0.3807628486 0.5999862438 0.1944003717
v -0.3831439333 0.6037382329 0.1716687573
v -0.3850499878 0.6067416942 0.1488167815
v -0.3865521666 0.6091087493 0.1259066429
v -0.3877034629 0.610922902 0.1029780041
v -0.3885324659 0.6122292017 0.08005270356
v -0.3890406039 0.6130298991 0.05714189704
v -0.3892032217 0.6132861437 0.0342542743
v -0.3889743377 0.6129254803 0.0114038664
v -0.3882944402 0.6118541331 -0.01138393331
v -0.3871002803 0.6099724383 -0.03406919173
v -0.3853353564 0.6071913632 -0.05659767397
v -0.382959688 0.6034479088 -0.07890449594
v -0.3799575755 0.5987173365 -0.1009206172
v -0.3763423008 0.5930205751 -0.1225811152
v -0.3721571293 0.5864258001 -0.1438338604
v -0.3674724583 0.5790439397 -0.1646471072
v -0.3623794587 0.5710186566 -0.1850146403
v -0.3569810168 0.5625120734 -0.2049574632
v -0.3513811265 0.5536880581 -0.2245215253
v -0.3456740802 0.5446951922 -0.2437715909
v -0.3399348235 0.5356515706 -0.2627819578
v -0.3342116721 0.5266333271 -0.2816252521
v -0.3285222789 0.5176682779 -0.3003608727
v -0.3228533035 0.5087354021 -0.3190247791
v -0.3171637579 0.4997701128 -0.3376221855
v -0.3113915292 0.4906745358 -0.3561243602
v -0.3054621813 0.4813313785 -0.3744701667
v -0.2992988673 0.4716195496 -0.3925723182
v -0.2928320685 0.4614295053 -0.4103276251
v -0.2860079357 0.4506763927 -0.4276299096
v -0.2787942256 0.4393094044 -0.4443838299
v -0.2711831725 0.4273163037 -0.4605176584
v -0.2631910587 0.4147227475 -0.4759931416
v -0.2548546929 0.401586737 -0.4908109192
v -0.246225406 0.3879891566 -0.5050105567
v -0.2373614858 0.3740218532 -0.5186649776
v -0.2283201434 0.3597749774 -0.5318698641
v -0.2191501272 0.345325344 -0.5447293189
v -0.2098859632 0.3307273574 -0.5573396499
v -0.2005445421 0.3160076331 -0.5697734612
v -0.1911244154 0.3011638885 -0.5820662621
v -0.1816077725 0.2861680589 -0.5942075352
v -0.1719646957 0.2709730013 -0.6061376468
v -0.1621589827 0.2555216699 -0.6177512394
v -0.1521546322 0.2397573361 -0.6289068767
v -0.1419220298 0.2236333348 -0.6394418728
v -0.1314429478 0.2071209437 -0.6491905054
v -0.1207136818 0.1902143257 -0.6580033249
v -0.1097459425 0.1729319341 -0.6657650658
v -0.09856546378 0.1553143186 -0.6724088037
v -0.08720862899 0.1374188105 -0.6779244444
v -0.07571770242 0.1193120075 -0.6823603424
v -0.06413544206 0.1010612856 -0.6858177248
v -0.05249994051 0.08272666891 -0.6884385262
v -0.04084048065 0.06435429998 -0.6903881056
v -0.0291750159 0.04597246887 -0.6918349897
v -0.01750961852 0.02759074392 -0.6929301924
v -0.0058399249 0.009202249164 -0.6937887229
v -0.006643320995 0.00914374691 0.7194671241
v -0.01972646431 0.02715114884 0.711652196
v -0.03230053297 0.0444578696 0.6982434204
v -0.04416836561 0.06079253988 0.6806432268
v -0.05527178015 0.07607507891 0.6607171037
v -0.0657118952 0.09044466451 0.640560785
v -0.07574173305 0.104249552 0.6222391484
v -0.08573149688 0.1179992823 0.6075303571
v -0.09611133942 0.1322859099 0.5977078959
v -0.1073001905 0.1476860422 0.5933880083
v -0.1196317008 0.16465891 0.5944613331
v -0.133289188 0.1834568286 0.6001164532
v -0.1482604817 0.2040630466 0.6089510827
v -0.1643208647 0.2261682673 0.6191553338
v -0.1810482759 0.2491915737 0.6287424021
v -0.1978701443 0.2723448892 0.6357962699
v -0.214136364 0.2947334199 0.6387043727
v -0.2292087283 0.3154787496 0.6363457547
v -0.2425542472 0.3338472805 0.6282116638
v -0.2538286463 0.3493651597 0.6144448685
v -0.2629372059 0.3619020164 0.5957949387
v -0.270062865 0.3717096448 0.5734978156
v -0.275655859 0.3794077406 0.5490977217
v -0.2803844721 0.3859161182 0.5242365478
v -0.2850520587 0.3923404999 0.5004394118
v -0.2904904989 0.3998258708 0.4789247032
v -0.2974440012 0.4093965456 0.4604627548
v -0.306459055 0.4218047026 0.4452999777
v -0.3177960734 0.4374087698 0.4331559246
v -0.3313758114 0.4560996757 0.4232906423
v -0.346769297 0.4772869909 0.4146302461
v -0.3632343252 0.4999491581 0.405931169
v -0.3797952944 0.5227433767 0.3959589916
v -0.3953571682 0.5441624584 0.3836566951
v -0.408839453 0.5627192314 0.3682796509
v -0.4193129948 0.5771348251 0.3494802153
v -0.4261215678 0.5865060219 0.3273325838
v -0.428971823 0.5904290615 0.3022973888
v -0.4279790059 0.589062566 0.2751341402
v -0.423661462 0.5831199768 0.2467767588
v -0.4168835944 0.5737910422 0.21819217
v -0.4087537414 0.5626012596 0.1902435787
v -0.4004894897 0.5512264929 0.1635784827
v -0.3932674014 0.5412861411 0.1385570041
v -0.388076405 0.5341413477 0.1152294564
v -0.3855938443 0.530724396 0.0933642525
v -0.3861004049 0.5314216168 0.07251948119
v -0.3894452045 0.5360253385 0.05214489848
v -0.3950658648 0.5437615137 0.03169666671
v -0.4020612461 0.5533898301 0.01074556183
v -0.4093076566 0.5633636584 -0.01093923071
v -0.4156036587 0.5720293619 -0.03334444159
v -0.4198248525 0.5778393367 -0.05621259181
v -0.4210687045 0.5795513522 -0.0790874177
v -0.4187708003 0.5763885583 -0.1013974245
v -0.4127776431 0.5681396851 -0.1225638632
v -0.4033668109 0.5551867858 -0.1421152546
v -0.3912121486 0.5384573284 -0.1597891863
v -0.3772988152 0.5193072678 -0.1756037182
v -0.3627994664 0.4993506263 -0.1898851476
v -0.3489277935 0.4802579065 -0.2032454628
v -0.3367884079 0.4635494756 -0.2165105946
v -0.3272423195 0.4504104122 -0.2306083836
v -0.3208049853 0.4415501818 -0.2464318464
v -0.3175894398 0.437124363 -0.2646977966
v -0.3173009727 0.4367273221 -0.2858224435
v -0.3192830158 0.4394553705 -0.3098339338
v -0.322607255 0.4440307932 -0.336337088
v -0.326195373 0.4489694139 -0.3645384257
v -0.3289559885 0.4527690752 -0.3933309658
v -0.3299187641 0.4540942222 -0.4214294489
v -0.3283484808 0.4519329126 -0.4475388518
v -0.3238249702 0.4457068343 -0.4705335008
v -0.3162796842 0.4353216391 -0.4896216231
v -0.305985682 0.4211531606 -0.5044712391
v -0.2935040812 0.4039737109 -0.5152778424
v -0.2795957113 0.3848304821 -0.5227617969
v -0.2651110544 0.3648940622 -0.5280928057
v -0.2508740122 0.3452984546 -0.5327489136
v -0.2375753042 0.3269943535 -0.5383268728
v -0.225689409 0.3106348222 -0.5463280101
v -0.2154252168 0.2965073737 -0.5579479044
v -0.206715546 0.2845195402 -0.5738985644
v -0.1992451101 0.2742373673 -0.594288241
v -0.1925112027 0.2649689389 -0.6185769209
v -0.1859070286 0.2558790731 -0.6456158235
v -0.1788148424 0.2461175162 -0.6737681406
v -0.1706951945 0.2349417797 -0.7010973005
v -0.1611597127 0.2218173149 -0.7255997026
v -0.150017738 0.2064817024 -0.7454524509
v -0.1372913301 0.1889653046 -0.759244029
v -0.1231980131 0.1695675178 -0.7661575172
v -0.1081054293 0.1487943585 -0.766081691
v -0.09246610319 0.1272686727 -0.7596344444
v -0.07674321184 0.1056279693 -0.7480942662
v -0.06133925317 0.08442623908 -0.7332474834
v -0.04653866938 0.06405498314 -0.7171700755
v -0.03247299596 0.04469524454 -0.7019715678
v -0.01911335508 0.02630727637 -0.6895336589
v -0.006290687153 0.008658388064 -0.6812771199
v -0.00782225824 0.009455485923 0.7811746594
v -0.02324933392 0.028103617 0.7734270174
v -0.03805039389 0.04599502507 0.7584843101
v -0.05193577867 0.06277957196 0.7380148938
v -0.06479603167 0.07832494741 0.7142508848
v -0.07672900044 0.09274942879 0.6897094499
v -0.08803094461 0.1064111324 0.6668800668
v -0.09915214646 0.1198543562 0.6479179
v -0.1106232657 0.1337205573 0.6343823909
v -0.1229635486 0.1486373969 0.6270539984
v -0.1365852366 0.1651031892 0.625851611
v -0.1517095952 0.1833853982 0.6298598741
v -0.1683087003 0.2034502694 0.6374613341
v -0.1860836192 0.2249364554 0.646554788
v -0.2044843856 0.2471791611 0.6548303327
v -0.2227709454 0.2692838147 0.6600647404
v -0.240107944 0.290240646 0.6603987997
v -0.2556807818 0.3090649732 0.6545613624
v -0.2688166122 0.3249434645 0.6420125187
v -0.2790924952 0.3373648732 0.6229895005
v -0.2864140373 0.3462150973 0.5984520322
v -0.2910514465 0.3518207622 0.569937116
v -0.2936255643 0.3549323361 0.539344879
v -0.2950433454 0.3566461389 0.5086855971
v -0.2963894828 0.3582733395 0.4798222611
v -0.2987873935 0.3611719156 0.4542425958
v -0.3032476352 0.3665634217 0.4328894449
v -0.3105242901 0.3753593865 0.4160696849
v -0.3209995024 0.3880217429 0.403450606
v -0.334613173 0.4044778439 0.3941406048
v -0.3508491711 0.4241037941 0.3868397351
v -0.368782032 0.4457808992 0.3800367114
v -0.3871799755 0.4680201926 0.3722235089
v -0.4046522866 0.4891405887 0.3620974313
v -0.4198227529 0.5074785323 0.3487234699
v -0.4315068362 0.5216021627 0.3316364322
v -0.4388691838 0.5305017122 0.3108716299
v -0.4415401498 0.5337303554 0.2869234941
v -0.4396749827 0.5314757557 0.2606417927
v -0.4339466177 0.524551352 0.2330836895
v -0.4254716389 0.5143068624 0.2053455302
v -0.4156778075 0.5024681539 0.17840022
v -0.4061294021 0.4909261145 0.1529641878
v -0.3983324102 0.4815011703 0.1294125697
v -0.3935445585 0.4757136519 0.1077532722
v -0.3926148339 0.4745898079 0.08766122141
v -0.3958735465 0.4785289147 0.06856479693
v -0.4030875764 0.4872491789 0.0497685697
v -0.4134870507 0.4998199838 0.03059118362
v -0.4258604262 0.5147768255 0.01049529085
v -0.4387060388 0.5303045038 -0.01081186979
v -0.4504207911 0.5444652068 -0.03332366783
v -0.4595017896 0.5554422483 -0.05673394117
v -0.4647350441 0.5617681663 -0.08049152112
v -0.4653470384 0.5625079403 -0.1039005311
v -0.4610998488 0.55737397 -0.1262500432
v -0.4523178673 0.5467583779 -0.1469516817
v -0.4398431097 0.5316789864 -0.1656620862
v -0.4249253553 0.513646519 -0.1823690741
v -0.4090617594 0.4944707256 -0.1974256242
v -0.3938069936 0.4760308814 -0.2115236835
v -0.3805785661 0.4600404594 -0.2256091058
v -0.3704823087 0.4478361808 -0.2407483863
v -0.3641800741 0.4402180878 -0.25796583
v -0.3618158858 0.437360275 -0.278075153
v -0.363008939 0.4388024285 -0.3015313865
v -0.3669130167 0.4435216479 -0.3283269741
v -0.3723332573 0.4500735933 -0.3579503081
v -0.3778839285 0.4567832021 -0.3894163842
v -0.3821658759 0.4619591873 -0.4213689482
v -0.383940248 0.4641040348 -0.4522429293
v -0.3822761715 0.4620925118 -0.4804666422
v -0.3766540662 0.4552965539 -0.504676586
v -0.3670126382 0.4436420696 -0.5239147113
v -0.3537353783 0.4275926193 -0.5377793037
v -0.33758053 0.4080647623 -0.546506076
v -0.3195658818 0.3862887934 -0.5509650157
v -0.3008253796 0.3636354177 -0.5525698293
v -0.2824577408 0.3414327564 -0.5531089162
v -0.2653875997 0.3207985005 -0.5545180323
v -0.2502572501 0.3025090496 -0.5586235457
v -0.2373621939 0.2869216043 -0.5668901884
v -0.2266371903 0.273957302 -0.5802076598
v -0.2176922717 0.2631447527 -0.5987461828
v -0.2098912857 0.2537149806 -0.6219026309
v -0.2024598919 0.2447319686 -0.6483471977
v -0.1946063405 0.2352386558 -0.6761673156
v -0.1856372503 0.2243968881 -0.7030924073
v -0.1750520594 0.2116015903 -0.7267718825
v -0.1626035801 0.1965539638 -0.7450711006
v -0.1483175336 0.1792851001 -0.75634693
v -0.1324702452 0.1601290191 -0.7596665165
v -0.1155299088 0.13965167 -0.754939742
v -0.09807206429 0.1185487611 -0.7429467567
v -0.08068343486 0.09752951887 -0.7252554726
v -0.06386955416 0.07720502849 -0.7040382628
v -0.04798053962 0.05799850926 -0.6818103774
v -0.03316613259 0.04009096737 -0.6611230167
v -0.01936625782 0.02340978431 -0.6442501567
v -0.006337609366 0.007660853721 -0.6329092809
v -0.008170211936 0.008700392024 0.7597564316
v -0.0242670826 0.02584181825 0.7517119557
v -0.03986141161 0.04244809197 0.7398866383
v -0.0547974405 0.05835334726 0.7250764811
v -0.06900923704 0.07348737344 0.708328424
v -0.08253366499 0.08788942641 0.6908167071
v -0.09550626069 0.1017038377 0.6737042416
v -0.1081402488 0.1151576685 0.6580066578
v -0.1206916436 0.1285235465 0.6444762413
v -0.1334156845 0.1420732737 0.6335202592
v -0.1465213796 0.1560294216 0.625163595
v -0.1601314479 0.1705226723 0.6190597796
v -0.1742543386 0.1855620233 0.6145481938
v -0.1887733615 0.2010232123 0.6107492791
v -0.2034554893 0.2166580904 0.6066848008
v -0.2179794542 0.2321245422 0.6014071854
v -0.2319797896 0.2470333851 0.5941210803
v -0.2451008931 0.2610059411 0.5842816403
v -0.2570534208 0.2737340904 0.5716574219
v -0.2676646298 0.2850338802 0.5563506762
v -0.2769148143 0.2948843262 0.5387735945
v -0.2849536792 0.3034448479 0.5195848898
v -0.292093153 0.3110476152 0.4995962125
v -0.2987764016 0.3181645522 0.4796616263
v -0.3055262175 0.325352376 0.4605652352
v -0.3128790291 0.3331823251 0.442921853
v -0.3213130725 0.3421636691 0.4271034056
v -0.3311804217 0.3526713288 0.4131999086
v -0.3426524139 0.3648877596 0.4010189304
v -0.3556864957 0.378767647 0.39012213
v -0.3700198537 0.394031123 0.3798924961
v -0.3851916995 0.4101874978 0.3696219756
v -0.4005922373 0.4265874048 0.3586067878
v -0.4155326626 0.4424973418 0.3462371605
v -0.4293275402 0.4571873944 0.3320695236
v -0.4413790147 0.4700209113 0.3158721237
v -0.4512517954 0.4805343548 0.2976391199
v -0.4587288353 0.4884965936 0.2775728703
v -0.4638399745 0.4939394041 0.2560386559
v -0.4668592554 0.4971546117 0.2334998549
v -0.4682706912 0.4986576381 0.2104440639
v -0.4687064369 0.4991216601 0.1873115383
v -0.4688650185 0.4992905324 0.1644365024
v -0.4694200122 0.4998815407 0.1420095277
v -0.4709309575 0.501490534 0.1200656736
v -0.4737681305 0.5045118163 0.09849897747
v -0.4780611081 0.5090833732 0.07709978939
v -0.4836780248 0.5150647819 0.05560798632
v -0.4902384658 0.522050942 0.03377278053
v -0.4971585651 0.5294200993 0.01140898963
v -0.5037226682 0.5364101592 -0.01155962525
v -0.5091724351 0.5422135714 -0.03507715143
v -0.5128019651 0.5460786283 -0.05895633707
v -0.5140467265 0.5474041646 -0.08290340644
v -0.5125548741 0.5458155032 -0.1065629529
v -0.5082318402 0.5412119396 -0.1295756783
v -0.5012525674 0.5337797689 -0.151639552
v -0.4920399676 0.5239693466 -0.1725642309
v -0.4812125659 0.5124393349 -0.1923094262
v -0.4695082519 0.4999755064 -0.2110002321
v -0.4576940896 0.4873947014 -0.2289158933
v -0.4464738363 0.4754463452 -0.2464525854
v -0.4364049769 0.464724099 -0.2640648957
v -0.4278356916 0.4555987369 -0.2821941985
v -0.4208694366 0.4481804289 -0.3011944799
v -0.4153611124 0.4423146593 -0.3212669902
v -0.4109446216 0.4376115744 -0.3424142353
v -0.4070875487 0.4335042089 -0.3644213357
v -0.4031652493 0.4293273843 -0.3868690216
v -0.3985442866 0.4244065588 -0.4091780004
v -0.392664171 0.4181448717 -0.4306797829
v -0.3851068677 0.4100971611 -0.4507049649
v -0.3756454284 0.4000217515 -0.4686770307
v -0.3642660999 0.3879039975 -0.4841984504
v -0.3511619384 0.3739494828 -0.4971163996
v -0.3366997987 0.3585488683 -0.5075578236
v -0.3213660534 0.342220088 -0.5159275062
v -0.305699061 0.3255364356 -0.5228677614
v -0.2902179055 0.3090506795 -0.5291836865
v -0.2753570912 0.2932255196 -0.5357428427
v -0.2614157136 0.2783794603 -0.5433620763
v -0.248527337 0.2646547332 -0.552696386
v -0.2366537291 0.252010625 -0.5641449415
v -0.2256021937 0.2402419352 -0.5777874844
v -0.2150629822 0.2290188149 -0.593360614
v -0.2046606041 0.2179414073 -0.6102783379
v -0.1940111614 0.2066009027 -0.6276954335
v -0.182777304 0.1946380597 -0.644606401
v -0.1707130947 0.1817909816 -0.659967871
v -0.1576928458 0.1679258247 -0.6728289524
v -0.1437205604 0.1530468521 -0.6824526448
v -0.1289195908 0.1372854203 -0.6884123111
v -0.1135050633 0.1208706158 -0.6906502272
v -0.09774409732 0.1040868917 -0.6894900134
v -0.08191049458 0.08722581731 -0.6856006957
v -0.06624118691 0.07053969944 -0.6799164509
v -0.05090122016 0.05420429401 -0.6735219248
v -0.03596252777 0.03829620238 -0.6675175993
v -0.02139944898 0.0227880986 -0.6628823871
v -0.007101234355 0.007562046521 -0.6603511042
v -0.007590848057 0.007128280798 0.6628661808
v -0.02275926862 0.02137237582 0.6620437524
v -0.03805705734 0.03573795563 0.6633492088
v -0.05360778304 0.05034105907 0.6661099065
v -0.06944938267 0.06521731132 0.6694071304
v -0.08552056696 0.0803091579 0.6721973151
v -0.101665188 0.09546996619 0.6734482191
v -0.1176543206 0.1104847612 0.6722724357
v -0.133222924 0.1251046529 0.6680410842
v -0.1481155053 0.1390897176 0.6604632304
v -0.162133585 0.1522535706 0.6496211667
v -0.1751772247 0.1645023636 0.6359575104
v -0.1872735264 0.175861547 0.6202163856
v -0.1985867746 0.1864853942 0.6033468873
v -0.2094075266 0.1966467567 0.5863818118
v -0.2201210867 0.2067074593 0.5703076546
v -0.2311589698 0.2170727214 0.5559427396
v -0.242939699 0.2281355625 0.543838984
v -0.2558071663 0.2402189186 0.5342194134
v -0.2699755187 0.2535238871 0.5269586277
v -0.2854889708 0.2680919883 0.5216076452
v -0.3022031332 0.2837876315 0.5174587169
v -0.3197916104 0.300304311 0.5136405795
v -0.3377781489 0.3171947949 0.5092308843
v -0.3555909769 0.3339221538 0.5033706651
v -0.372632699 0.3499253961 0.4953659096
v -0.3883566649 0.3646911829 0.4847634894
v -0.4023394856 0.3778219255 0.4713925548
v -0.4143395471 0.3890907333 0.4553674318
v -0.4243329623 0.3984751749 0.4370533766
v -0.4325212415 0.4061644809 0.417001512
v -0.4393086692 0.4125382997 0.3958632066
v -0.4452514648 0.4181189562 0.3742965586
v -0.4509847184 0.4235028397 0.3528782064
v -0.4571362821 0.4292795426 0.3320323991
v -0.464238815 0.4359492649 0.3119863327
v -0.4726517176 0.4438495063 0.2927566778
v -0.4825036551 0.4531010914 0.2741675709
v -0.4936638586 0.4635812201 0.255895824
v -0.5057467376 0.4749277987 0.2375353402
v -0.5181499979 0.4865752355 0.2186702517
v -0.5301220243 0.4978177165 0.1989454271
v -0.5408503416 0.507892277 0.1781238231
v -0.549560059 0.5160712461 0.1561225171
v -0.5556097233 0.521752259 0.1330227615
v -0.5585721792 0.5245341903 0.1090535181
v -0.5582898482 0.5242690638 0.08455202424
v -0.554897064 0.5210830274 0.05990840265
v -0.5488063284 0.515363446 0.03550365336
v -0.5406600114 0.5077135451 0.01165120945
v -0.5312535113 0.4988802535 -0.01144849961
v -0.5214396036 0.4896643808 -0.03373323152
v -0.5120261561 0.4808245652 -0.05527992688
v -0.5036802443 0.4729872324 -0.07628149494
v -0.4968508514 0.4665740056 -0.09700327967
v -0.49171989 0.461755712 -0.1177264092
v -0.4881875759 0.4584386484 -0.1386874318
v -0.485893699 0.4562845545 -0.160024385
v -0.4842716748 0.4547613724 -0.1817386012
v -0.4826280449 0.4532179012 -0.2036792367
v -0.480236864 0.4509724329 -0.2255540538
v -0.4764366045 0.4474037517 -0.2469658966
v -0.4707170376 0.4420327208 -0.2674701951
v -0.4627850285 0.4345840685 -0.2866453298
v -0.4526010934 0.4250207169 -0.3041653364
v -0.4403825102 0.4135467035 -0.3198636098
v -0.4265732081 0.4005789058 -0.3337771381
v -0.4117849989 0.3866918529 -0.346163281
v -0.3967183644 0.3725433414 -0.3574848732
v -0.3820735236 0.3587909205 -0.3683639594
v -0.3684635315 0.3460102872 -0.3795091235
v -0.3563406246 0.3346261199 -0.3916254584
v -0.3459450027 0.3248639811 -0.4053191508
v -0.3372820418 0.3167289193 -0.4210099485
v -0.330130018 0.3100127219 -0.4388642142
v -0.3240763237 0.3043279246 -0.4587588697
v -0.3185764478 0.2991631974 -0.480282596
v -0.3130271471 0.2939520571 -0.5027756827
v -0.30684364 0.2881453574 -0.5254045998
v -0.2995304761 0.2812778394 -0.5472624243
v -0.2907369748 0.2730201921 -0.5674824072
v -0.2802905691 0.2632103641 -0.5853497599
v -0.2682046688 0.2518609483 -0.6003965394
v -0.2546612917 0.2391428707 -0.6124663746
v -0.2399721875 0.2253488837 -0.6217395046
v -0.2245250125 0.2108430209 -0.6287137132
v -0.2087229283 0.1960038761 -0.6341425775
v -0.1929265566 0.1811700956 -0.6389382092
v -0.177406497 0.1665957896 -0.6440505854
v -0.162312728 0.1524217971 -0.6503389394
v -0.1476644774 0.1386661742 -0.6584520476
v -0.1333609829 0.1252342988 -0.6687333749
v -0.1192104368 0.1119460515 -0.681164026
v -0.1049717787 0.09857506153 -0.6953516617
v -0.09040224192 0.08489335583 -0.7105676033
v -0.0753029173 0.07071414621 -0.7258280468
v -0.05955513792 0.05592599705 -0.7400094744
v -0.04314211791 0.04051314535 -0.7519837785
v -0.02615272477 0.02455904326 -0.7607559073
v -0.008767154037 0.008232905639 -0.7655863837
v -0.00778932652 0.006443891308 0.6435231929
v -0.02368044653 0.01959016909 0.6516989303
v -0.04034374151 0.03337524555 0.6652914071
v -0.05806949609 0.04803926503 0.682644874
v -0.07693194233 0.06364363764 0.7015479702
v -0.09675710856 0.08004444148 0.7195116239
v -0.1171340705 0.09690173044 0.7340808707
v -0.1374689957 0.1137242436 0.7431404736
v -0.1570744307 0.12994327 0.7451752738
v -0.1752803989 0.1450045567 0.7394523668
v -0.1915499697 0.1584639162 0.7261026133
v -0.205580665 0.1700711168 0.7060922684
v -0.2173746193 0.1798279243 0.6810898565
v -0.227264651 0.18800967 0.6532469268
v -0.2358897282 0.1951449545 0.6249222165
v -0.2441208434 0.2019543252 0.5983856153
v -0.2529459313 0.2092550728 0.5755403033
v -0.2633290477 0.2178447337 0.5576983325
v -0.2760635658 0.2283796433 0.5454372361
v -0.2916409076 0.2412663412 0.5385540634
v -0.3101549817 0.2565825152 0.5361201187
v -0.3312581455 0.2740405707 0.5366264087
v -0.3541777004 0.2930012754 0.5381981566
v -0.3777935727 0.3125380241 0.5388482536
v -0.4007690978 0.3315450315 0.5367352618
v -0.4217189431 0.3488762507 0.5303920352
v -0.4393923289 0.363496947 0.5188960221
v -0.45284673 0.3746273956 0.5019610619
v -0.4615876535 0.3818585163 0.4799417093
v -0.4656539347 0.3852224367 0.4537532184
v -0.4656348145 0.3852066191 0.4247216149
v -0.4626139856 0.3827075721 0.3943872383
v -0.4580456331 0.3789283023 0.3642905915
v -0.4535769062 0.3752314499 0.3357706075
v -0.4508389316 0.3729664003 0.3098024972
v -0.4512333315 0.3732926763 0.2868956896
v -0.4557425053 0.3770229893 0.2670630692
v -0.4647894375 0.3845072624 0.2498621412
v -0.4781667655 0.3955739506 0.2344984538
v -0.4950460425 0.4095377029 0.2199730448
v -0.5140677015 0.4252737878 0.2052500413
v -0.5335015534 0.4413508682 0.1894185607
v -0.5514581695 0.456205873 0.1718249417
v -0.5661244928 0.4683389108 0.1521566923
v -0.575993466 0.4765032355 0.1304675207
v -0.5800578745 0.4798656066 0.1071421698
v -0.5779429519 0.4781159905 0.08280908408
v -0.5699600567 0.4715119652 0.05821681808
v -0.5570738727 0.4608515868 0.0340953737
v -0.5407868005 0.4473777488 0.01102558328
v -0.5229549853 0.4326259883 -0.0106620275
v -0.5055593625 0.4182350776 -0.03094245886
v -0.490460979 0.4057446085 -0.05009662915
v -0.4791719054 0.3964054746 -0.06865692621
v -0.4726710045 0.3910274617 -0.0873068003
v -0.4712879404 0.3898832916 -0.1067508101
v -0.4746698878 0.3926810818 -0.127576533
v -0.4818346219 0.3986082653 -0.1501314341
v -0.4913024595 0.4064407418 -0.1744358646
v -0.5012893777 0.414702639 -0.2001480839
v -0.5099358813 0.4218556489 -0.2265893248
v -0.5155418392 0.4264933006 -0.2528276177
v -0.5167770987 0.4275151961 -0.2778097392
v -0.5128412491 0.4242591781 -0.3005226776
v -0.5035529044 0.4165751912 -0.3201606523
v -0.4893583604 0.4048324431 -0.3362718511
v -0.4712601512 0.3898603023 -0.3488610313
v -0.4506764578 0.3728319903 -0.3584297754
v -0.4292511154 0.3551074055 -0.3659447557
v -0.4086399923 0.3380564016 -0.3727346667
v -0.3903020078 0.3228859015 -0.3803270605
v -0.3753217526 0.3104931566 -0.3902456275
v -0.3642858223 0.3013634411 -0.4037951168
v -0.357227296 0.2955241203 -0.4218640397
v -0.353643374 0.2925592422 -0.4447740182
v -0.3525813513 0.2916806606 -0.4721991914
v -0.3527791724 0.2918443125 -0.5031701297
v -0.3528399888 0.2918946241 -0.5361654088
v -0.3514162944 0.2907168417 -0.5692818925
v -0.3473787951 0.2873767318 -0.6004635485
v -0.3399481473 0.2812295653 -0.6277598626
v -0.3287735734 0.2719851539 -0.6495799208
v -0.3139502455 0.2597222305 -0.6649077646
v -0.2959760641 0.2448526945 -0.6734488783
v -0.275656815 0.2280431498 -0.6756861502
v -0.2539755014 0.2101068072 -0.6728352881
v -0.2319459987 0.1918824177 -0.6667029395
v -0.2104725383 0.1741180263 -0.6594638849
v -0.1902347585 0.1573758788 -0.6533848508
v -0.171613534 0.1419710622 -0.6505301759
v -0.1546662139 0.1279510198 -0.6524876636
v -0.1391522801 0.1151167775 -0.6601509738
v -0.1246029179 0.1030804984 -0.6735880405
v -0.110421662 0.09134874323 -0.6920141123
v -0.09599905106 0.07941732178 -0.7138745064
v -0.08082267292 0.0668623299 -0.7370278251
v -0.06456528492 0.0534130489 -0.7590071166
v -0.04713760136 0.03899561521 -0.7773260477
v -0.02869822659 0.02374123776 -0.7897910008
v -0.009620154998 0.007958484346 -0.7947789638
v -0.008883005145 0.006453881015 0.6989509036
v -0.02687982921 0.01952933907 0.7045407029
v -0.04546548178 0.03303260607 0.714068708
v -0.06485876963 0.04712265445 0.7261694007
v -0.08509088601 0.06182214743 0.739019986
v -0.1059778434 0.07699741027 0.7505721972
v -0.1271309347 0.09236603071 0.7588123215
v -0.1480046766 0.1075316919 0.7620159402
v -0.167975603 0.1220414192 0.7589647626
v -0.1864401173 0.1354566741 0.7490980744
v -0.2029161906 0.1474272421 0.7325800297
v -0.2171325524 0.1577560335 0.7102750997
v -0.2290903888 0.1664439102 0.6836359774
v -0.2390862792 0.1737063497 0.6545195167
v -0.2476906535 0.1799577936 0.6249553874
v -0.2556826595 0.1857643258 0.5968978587
v -0.2639490121 0.1917701825 0.57199278
v -0.2733601753 0.1986077929 0.5513892371
v -0.2846412057 0.2068039412 0.5356189368
v -0.298256136 0.2166957671 0.5245570349
v -0.3143235972 0.2283694609 0.5174671591
v -0.3325775605 0.2416317416 0.5131222908
v -0.3523811111 0.2560198633 0.5099834416
v -0.3727938383 0.2708505777 0.5064109676
v -0.392685767 0.2853029099 0.500879808
v -0.4108838428 0.2985245859 0.4921703093
v -0.4263318325 0.3097482074 0.4795104701
v -0.4382418874 0.3184013687 0.462652743
v -0.4462163832 0.3241951791 0.4418779031
v -0.4503220199 0.3271780987 0.4179285959
v -0.4511041481 0.3277463482 0.3918846051
v -0.4495371141 0.3266078313 0.364999367
v -0.4469150417 0.3247027842 0.3385218008
v -0.4446957216 0.3230903538 0.3135285948
v -0.4443170082 0.3228152024 0.2907896221
v -0.4470093759 0.324771322 0.2706836014
v -0.4536294229 0.3295810677 0.2531733444
v -0.4645369193 0.3375058277 0.2378411004
v -0.4795327058 0.3484009043 0.2239759006
v -0.4978670315 0.3617215717 0.2106976562
v -0.5183187722 0.3765806311 0.1970980537
v -0.5393366063 0.3918509814 0.1823766377
v -0.5592249083 0.4063006786 0.1659520417
v -0.5763509742 0.4187434938 0.1475328079
v -0.5893470727 0.4281857121 0.1271388989
v -0.5972811731 0.4339501734 0.1050728225
v -0.5997740161 0.4357613299 0.08184706662
v -0.5970469975 0.4337800349 0.05808112572
v -0.5898942326 0.428583247 0.03438581146
v -0.5795819999 0.4210909714 0.01125415372
v -0.5676882215 0.4124496355 -0.01102320381
v -0.5559024673 0.4038867839 -0.03240438094
v -0.5458121305 0.3965557251 -0.05309696406
v -0.5387022238 0.3913900755 -0.07351301593
v -0.5353944487 0.3889868362 -0.09418580128
v -0.536146036 0.3895328964 -0.1156619246
v -0.5406210297 0.3927841696 -0.1383867506
v -0.5479372314 0.3980997013 -0.1626023823
v -0.5567821988 0.4045259463 -0.1882758637
v -0.5655827925 0.4109199519 -0.2150708668
v -0.5727059692 0.4160952427 -0.242369544
v -0.5766647019 0.4189714303 -0.2693434553
v -0.5763025543 0.4187083147 -0.2950646719
v -0.570933558 0.4148075106 -0.3186414968
v -0.5604201812 0.4071690952 -0.3393587721
v -0.5451805017 0.3960968199 -0.3568011783
v -0.5261250515 0.382252225 -0.3709395887
v -0.5045329484 0.3665646438 -0.3821652581
v -0.4818846438 0.3501096873 -0.3912637788
v -0.459673902 0.3339726388 -0.3993293485
v -0.4392238128 0.3191147793 -0.4076287262
v -0.4215304984 0.306259834 -0.4174320347
v -0.4071539193 0.2958146378 -0.4298331196
v -0.3961684468 0.2878332249 -0.4455846449
v -0.3881776162 0.2820275466 -0.4649720372
v -0.3823888387 0.2778217535 -0.487745837
v -0.3777360236 0.2744412855 -0.5131245357
v -0.3730320735 0.2710236657 -0.5398705398
v -0.3671298411 0.2667354429 -0.5664317966
v -0.3590697668 0.2608794561 -0.5911322402
v -0.3481950294 0.2529784969 -0.6123869055
v -0.3342201899 0.2428251817 -0.6289133799
v -0.3172462194 0.2304928702 -0.6399108819
v -0.2977224634 0.2163080312 -0.6451818029
v -0.2763634212 0.2007897787 -0.6451776378
v -0.2540341915 0.1845666437 -0.6409609499
v -0.2316222538 0.1682834178 -0.634086097
v -0.2099144374 0.152511766 -0.6264124059
v -0.189496388 0.1376771848 -0.6198728122
v -0.1706878611 0.1240119901 -0.6162274086
v -0.1535214059 0.1115398303 -0.616833926
v -0.1377653169 0.1000923616 -0.6224655198
v -0.1229851371 0.08935393243 -0.6332004976
v -0.1086324447 0.07892609099 -0.6483995239
v -0.09414594615 0.06840103372 -0.6667745576
v -0.07904853832 0.05743212487 -0.6865417957
v -0.06302514275 0.04579044654 -0.705639814
v -0.04596954529 0.03339882965 -0.7219853948
v -0.02799363475 0.02033856616 -0.7337343906
v -0.009398524977 0.006828428096 -0.7395140966
v -0.009507363759 0.00603355651 0.7167923453
v -0.02843074653 0.01804270039 0.7140265128
v -0.04722450325 0.02996958108 0.7106767273
v -0.06587213656 0.04180372903 0.7066713427
v -0.08434532977 0.05352717393 0.7019087712
v -0.1026022393 0.06511336105 0.6962748785
v -0.1205887963 0.07652797722 0.6896624577
v -0.1382429593 0.08773164975 0.6819901952
v -0.1555013702 0.09868417034 0.6732186141
v -0.1723074479 0.1093496315 0.6633608766
v -0.1886196807 0.1197016893 0.652487012
v -0.2044187885 0.129728108 0.6407209926
v -0.2197125376 0.1394338163 0.6282310132
v -0.2345372978 0.1488418952 0.6152142071
v -0.2489558812 0.1579922065 0.601877736
v -0.2630517417 0.1669377115 0.5884186356
v -0.2769201571 0.1757388756 0.5750049277
v -0.2906574883 0.1844568511 0.5617603047
v -0.3043499313 0.1931463396 0.5487541932
v -0.3180633095 0.201849114 0.5359982766
v -0.3318353559 0.2105891205 0.5234496991
v -0.34567163 0.219369887 0.5110203166
v -0.3595457291 0.228174658 0.4985905928
v -0.3734038633 0.2369692974 0.4860261934
v -0.3871732401 0.2457076096 0.4731950444
v -0.4007731462 0.2543383725 0.4599826513
v -0.4141271959 0.2628131102 0.4463037916
v -0.4271749998 0.2710934983 0.4321092618
v -0.4398815391 0.2791573133 0.4173870783
v -0.4522427989 0.2870020074 0.4021583178
v -0.4642866963 0.2946452971 0.3864685101
v -0.4760689706 0.3021225557 0.3703760751
v -0.4876643993 0.3094812386 0.3539396474
v -0.4991543663 0.3167729933 0.3372062149
v -0.5106123536 0.3240444531 0.3202018036
v -0.5220892665 0.3313279236 0.3029260134
v -0.5336005926 0.3386332332 0.2853511042
v -0.5451172125 0.3459419024 0.2674256479
v -0.5565612512 0.3532045103 0.2490820988
v -0.5678077295 0.3603417425 0.230247078
v -0.5786920311 0.3672491302 0.2108528088
v -0.5890224434 0.3738050093 0.1908480122
v -0.5985963524 0.3798807967 0.1702066995
v -0.6072181737 0.3853523708 0.1489336486
v -0.6147168495 0.3901111752 0.1270658727
v -0.62096077 0.3940736876 0.1046700009
v -0.6258682868 0.3971880925 0.08183609715
v -0.6294125387 0.3994373432 0.05866895977
v -0.6316200326 0.4008382614 0.03527828905
v -0.6325632203 0.4014368265 0.01176923898
v -0.632348081 0.401300295 -0.01176523618
v -0.6310983561 0.4005071955 -0.03524915151
v -0.6289385043 0.3991365118 -0.05862477395
v -0.6259775935 0.3972574607 -0.08185038967
v -0.6222962059 0.3949211811 -0.1048951039
v -0.6179380162 0.3921553898 -0.1277317084
v -0.6129070741 0.3889626568 -0.1503289769
v -0.6071710599 0.3853224715 -0.1726448578
v -0.6006699893 0.3811967666 -0.1946219108
v -0.5933291248 0.3765381124 -0.2161859949
v -0.5850743053 0.3712994446 -0.2372487062
v -0.575847597 0.3654439975 -0.2577134641
v -0.5656211429 0.3589540924 -0.277484543
v -0.5544073418 0.3518375978 -0.2964778325
v -0.5422639874 0.3441311908 -0.314631766
v -0.5292936713 0.3358999779 -0.3319167407
v -0.5156375118 0.3272335155 -0.3483414858
v -0.501464012 0.318238739 -0.3639552033
v -0.4869544719 0.3090307049 -0.3788448674
v -0.4722868093 0.2997223232 -0.3931277398
v -0.4576198152 0.2904143656 -0.4069398462
v -0.443079778 0.2811869775 -0.4204217671
v -0.4287510622 0.2720936979 -0.4337035292
v -0.4146716766 0.2631586481 -0.446890577
v -0.4008341985 0.2543771175 -0.4600527233
v -0.3871917145 0.2457193339 -0.4732176236
v -0.3736678028 0.2371367985 -0.4863697397
v -0.3601690923 0.2285702563 -0.4994550254
v -0.3465986583 0.2199581971 -0.51239078
v -0.3328684798 0.2112447608 -0.5250793879
v -0.318909393 0.202386055 -0.5374240912
v -0.3046773916 0.1933541522 -0.5493446162
v -0.2901556773 0.1841383921 -0.5607904433
v -0.2753524892 0.1747440033 -0.5717497771
v -0.2602953255 0.1651884366 -0.5822528272
v -0.2450226615 0.1554961093 -0.5923687524
v -0.2295745688 0.1456924516 -0.6021964849
v -0.2139837438 0.1357982132 -0.6118504917
v -0.1982683235 0.1258249042 -0.6214432537
v -0.1824275494 0.1157720433 -0.6310667379
v -0.1664408714 0.1056265889 -0.6407753335
v -0.1502705472 0.09536458913 -0.6505725924
v -0.1338672579 0.08495474515 -0.6604036673
v -0.1171778154 0.07436330289 -0.6701546297
v -0.1001537396 0.06355949587 -0.6796589756
v -0.0827593741 0.05252069586 -0.6887106937
v -0.06497830747 0.04123648784 -0.6970824111
v -0.04681714632 0.02971106451 -0.7045464545
v -0.02830610808 0.01796360243 -0.7108962693
v -0.009496397598 0.006026597173 -0.7159655693
v -0.01004650663 0.005523113757 0.7297991521
v -0.02997515468 0.01647898074 0.7253415208
v -0.04934445723 0.02712734492 0.7154809958
v -0.06786040446 0.03730657305 0.7014346325
v -0.08541167164 0.04695546383 0.6848443574
v -0.1020978584 0.05612877264 0.6675680612
v -0.1182205837 0.06499231589 0.651445001
v -0.1342379359 0.07379792976 0.6380657095
v -0.1506887204 0.08284182509 0.6285758213
v -0.1680979841 0.09241264878 0.6235385959
v -0.1868786391 0.1027374012 0.6228730775
v -0.2072451248 0.1139339715 0.625874846
v -0.2291537161 0.1259783215 0.631315522
v -0.2522804649 0.1386923592 0.6376070239
v -0.2760423465 0.1517555642 0.6430083756
v -0.2996607421 0.164739887 0.6458477023
v -0.3222598687 0.1771638621 0.6447305571
v -0.3429871367 0.188558774 0.6387080578
v -0.361138533 0.1985375886 0.6273840949
v -0.3762706242 0.2068565261 0.6109492904
v -0.3882819272 0.2134597958 0.5901392569
v -0.3974501255 0.2185000555 0.5661246937
v -0.4044174374 0.2223303676 0.5403496195
v -0.4101235973 0.2254673556 0.5143404229
v -0.4156933868 0.2285293733 0.4895116155
v -0.4222924019 0.2321572125 0.4669938236
v -0.4309697672 0.2369276345 0.4475057923
v -0.4425090606 0.2432714147 0.431285588
v -0.4573083502 0.251407393 0.4180877342
v -0.4753069565 0.2613022106 0.4072439087
v -0.4959707082 0.2726622042 0.3977763263
v -0.5183398183 0.2849597265 0.3885461881
v -0.5411350857 0.2974915308 0.3784154732
v -0.5629100661 0.3094624276 0.36639939
v -0.5822302833 0.3200838069 0.351789018
v -0.5978563995 0.3286743369 0.3342286834
v -0.6089071442 0.3347495353 0.3137396119
v -0.6149799411 0.3380880836 0.2906893648
v -0.6162123241 0.3387655919 0.2657143203
v -0.6132747679 0.3371506567 0.2396089053
v -0.6072944774 0.3338629642 0.2131995343
v -0.5997188195 0.329698211 0.187222701
v -0.5921351921 0.3255290766 0.1622252636
v -0.5860701256 0.322194778 0.1385009279
v -0.5827934514 0.3203934112 0.1160709398
v -0.5831530279 0.32059109 0.09470995499
v -0.5874617858 0.3229598497 0.0740110585
v -0.5954522212 0.3273526288 0.05347797433
v -0.6063047764 0.3333188715 0.03262853985
v -0.6187469611 0.3401590204 0.01109206881
v -0.631210836 0.3470110936 -0.0113155045
v -0.6420288425 0.352958343 -0.0345510451
v -0.6496429321 0.3571442242 -0.05834487942
v -0.6528001933 0.3588799432 -0.08224268278
v -0.6507099338 0.3577308133 -0.1056818804
v -0.6431422116 0.3535704228 -0.1280901848
v -0.6304554522 0.3465958178 -0.1489901316
v -0.6135500213 0.3373019786 -0.1680922114
v -0.5937542163 0.3264191427 -0.1853606465
v -0.5726578294 0.3148213058 -0.2010398366
v -0.5519150734 0.3034178792 -0.2156354272
v -0.533042388 0.2930425326 -0.2298509625
v -0.5172369956 0.2843534446 -0.2444881266
v -0.5052390287 0.2777575065 -0.2603245803
v -0.4972540594 0.2733677325 -0.2779874394
v -0.4929447399 0.270998664 -0.2978418521
v -0.4914911301 0.2701995353 -0.3199126488
v -0.4917103604 0.2703200582 -0.3438527895
v -0.4922187445 0.2705995447 -0.3689658986
v -0.4916142991 0.270267248 -0.3942824175
v -0.4886554865 0.268640627 -0.4186809546
v -0.482413106 0.2652088493 -0.4410394045
v -0.4723764125 0.2596911304 -0.4603954065
v -0.4585011055 0.2520631158 -0.4760934898
v -0.4411948891 0.2425489428 -0.4878972184
v -0.4212447213 0.2315812452 -0.4960487479
v -0.3996975063 0.2197355636 -0.5012649498
v -0.3777118254 0.2076488332 -0.5046677573
v -0.3564015867 0.1959334303 -0.5076554923
v -0.3366928319 0.1850984507 -0.5117303786
v -0.3192123857 0.1754884941 -0.5183040291
v -0.3042220017 0.1672474607 -0.5285064532
v -0.2916049145 0.1603111583 -0.5430244713
v -0.2809042266 0.1544284054 -0.5619922183
v -0.2714054077 0.1492063855 -0.5849500262
v -0.2622493531 0.1441728019 -0.61087921
v -0.2525587251 0.1388453341 -0.6383102914
v -0.2415591429 0.1327982626 -0.6654923123
v -0.2286783014 0.1257169601 -0.6906024779
v -0.213609979 0.1174330797 -0.711969574
v -0.1963355319 0.107936372 -0.7282822726
v -0.1771019986 0.09736264766 -0.7387549242
v -0.1563623807 0.08596094623 -0.7432286017
v -0.1346890864 0.07404595186 -0.7421933582
v -0.1126751523 0.06194368919 -0.7367278233
v -0.09083918977 0.04993926718 -0.7283630603
v -0.06954889371 0.03823482787 -0.7188875913
v -0.04897461193 0.02692402075 -0.7101183413
v -0.02907943801 0.01598655633 -0.7036668872
v -0.009646353378 0.005303127646 -0.7007311871
v -0.01112663789 0.005235798359 0.7827855125
v -0.03325138731 0.01564691517 0.7792582717
v -0.05470798687 0.02574362452 0.7682472357
v -0.07505868236 0.03531993491 0.751384519
v -0.0941203715 0.04428968496 0.7308846458
v -0.112004729 0.05270542478 0.7092605801
v -0.1291061733 0.06075275363 0.689004742
v -0.146038373 0.06872044203 0.6722760995
v -0.1635283397 0.07695059562 0.6606333583
v -0.1822842316 0.08577644843 0.6548479663
v -0.2028576927 0.09545758436 0.6548199831
v -0.2255231142 0.1061231221 0.6596062775
v -0.2501943399 0.1177325197 0.6675558241
v -0.2763942454 0.1300612594 0.6765330418
v -0.3032850093 0.1427150924 0.6841989602
v -0.329757848 0.1551722647 0.6883129714
v -0.3545718174 0.1668488324 0.6870158985
v -0.3765233774 0.1771784524 0.6790582874
v -0.3946229568 0.185695468 0.6639457067
v -0.4082526433 0.1921091116 0.641984292
v -0.4172807472 0.1963574149 0.6142232081
v -0.4221142286 0.1986318786 0.5823043006
v -0.423678171 0.199367814 0.5482411267
v -0.4233215382 0.1991999954 0.5141582525
v -0.4226589612 0.1988882103 0.4820260542
v -0.4233677851 0.1992217575 0.4534257955
v -0.4269666723 0.2009152652 0.429374628
v -0.4346056434 0.2045098922 0.4102311981
v -0.4468969361 0.2102937355 0.3956910415
v -0.4638114357 0.2182530949 0.3848685507
v -0.484657227 0.2280623797 0.3764507297
v -0.5081460751 0.2391153926 0.3688987652
v -0.5325418103 0.2505951542 0.3606678649
v -0.5558732688 0.2615741052 0.3504144951
v -0.5761852025 0.2711321757 0.337163174
v -0.5917947357 0.2784774644 0.3204117834
v -0.6015193812 0.2830535352 0.3001638976
v -0.604845626 0.2846187473 0.2768874568
v -0.6020143473 0.2832864486 0.2514096643
v -0.5940098967 0.2795198401 0.2247667597
v -0.5824522337 0.2740812167 0.1980330976
v -0.5694043217 0.2679413353 0.1721559882
v -0.5571184069 0.2621600227 0.1478208409
v -0.5477532236 0.2577531019 0.1253656587
v -0.5430984428 0.2555627284 0.104755767
v -0.5443421947 0.2561479936 0.0856200823
v -0.5519122526 0.2597101924 0.06734069211
v -0.5654121426 0.2660627585 0.0491794543
v -0.5836612311 0.2746501277 0.03041991823
v -0.6048343657 0.2846134486 0.01050089899
v -0.6266836707 0.2948949511 -0.01088023812
v -0.6468143641 0.3043677363 -0.03371140486
v -0.6629793883 0.3119744193 -0.05766583714
v -0.6733551788 0.3168568957 -0.0821583568
v -0.676763366 0.3184606669 -0.1064487296
v -0.6728102795 0.3166004856 -0.129775288
v -0.6619268637 0.3114791388 -0.151496867
v -0.6453045861 0.3036572887 -0.171219377
v -0.6247364006 0.2939786353 -0.1888853111
v -0.6023840396 0.2834604126 -0.2048098889
v -0.5805022335 0.2731636163 -0.2196556097
v -0.5611556993 0.2640598283 -0.2343465178
v -0.5459652264 0.2569117343 -0.2499330681
v -0.5359149152 0.2521824169 -0.2674266446
v -0.5312441984 0.2499845444 -0.2876282784
v -0.5314368676 0.2500752076 -0.3109780332
v -0.5353064945 0.2518961158 -0.337449497
v -0.5411650913 0.2546529622 -0.3665080454
v -0.5470512741 0.2574227896 -0.3971427694
v -0.5509869434 0.259274775 -0.4279714102
v -0.5512284919 0.2593884391 -0.4574068134
v -0.5464801164 0.2571540232 -0.4838638822
v -0.5360426419 0.2522425205 -0.5059791988
v -0.519880501 0.2446371943 -0.522812461
v -0.4986008349 0.2346237435 -0.5340001959
v -0.4733505127 0.2227418438 -0.5398377908
v -0.4456476029 0.2097058439 -0.541275064
v -0.4171720373 0.1963062599 -0.5398221655
v -0.3895448316 0.1833058837 -0.5373749931
v -0.3641257248 0.17134456 -0.5359808051
v -0.34185552 0.160864997 -0.5375736755
v -0.3231623355 0.1520686521 -0.5437145547
v -0.3079414999 0.1449062706 -0.5553711671
v -0.2956083098 0.1391027118 -0.5727686145
v -0.2852128214 0.1342109663 -0.5953328656
v -0.2755976523 0.1296864112 -0.6217373801
v -0.265574534 0.1249698897 -0.6500495228
v -0.2540937306 0.1195674337 -0.6779599802
v -0.2403825611 0.1131154471 -0.7030669421
v -0.224034716 0.1054227351 -0.723178929
v -0.2050399788 0.09648449024 -0.7365969724
v -0.1837531259 0.08646765762 -0.742338881
v -0.1608098349 0.07567136439 -0.7402753561
v -0.1370050432 0.06446967967 -0.7311588752
v -0.1131542929 0.05324636849 -0.7165400974
v -0.08996046882 0.04233218335 -0.6985812354
v -0.06790677414 0.03195450236 -0.679789429
v -0.04719208971 0.02220691177 -0.6627038307
v -0.02771778971 0.01304300179 -0.6495764133
v -0.009126735262 0.004294715619 -0.6420875931
v -0.0112168369 0.0044410599 0.7679558412
v -0.03349512303 0.01326165737 0.7639065726
v -0.05526766223 0.02188201546 0.7552806962
v -0.07626531782 0.03019557542 0.7429770675
v -0.09636201477 0.03815242063 0.7282124431
v -0.115597357 0.04576823136 0.7123679728
v -0.1341702856 0.05312177403 0.6968167224
v -0.1524041587 0.06034107511 0.6827544222
v -0.1706882644 0.06758026464 0.6710550552
v -0.1894047095 0.07499062949 0.6621694994
v -0.2088522331 0.0826904488 0.6560796754
v -0.2291793621 0.09073852849 0.6523133165
v -0.2503382911 0.09911594111 0.6500165434
v -0.2720680452 0.1077193594 0.6480739576
v -0.2939112599 0.1163676999 0.6452599462
v -0.3152638911 0.1248218047 0.6404010913
v -0.3354520869 0.1328148768 0.6325284878
v -0.3538260583 0.1400896467 0.6210004866
v -0.3698577646 0.1464370483 0.6055806352
v -0.3832280552 0.1517307208 0.5864617741
v -0.3938898122 0.155952009 0.5642345041
v -0.4020965494 0.1592012862 0.5398055808
v -0.4083904732 0.1616932269 0.5142782331
v -0.4135495875 0.1637358647 0.4888110953
v -0.4184992644 0.1656955804 0.4644747918
v -0.4241989626 0.1679522506 0.4421249615
v -0.4315186996 0.1708503395 0.4223077386
v -0.4411218736 0.174652505 0.4052088624
v -0.4533707538 0.1795021798 0.3906513773
v -0.4682683906 0.1854005715 0.3781401854
v -0.4854461419 0.1922017243 0.3669454627
v -0.5042000535 0.1996269232 0.3562119882
v -0.5235727603 0.2072971205 0.3450784194
v -0.5424712925 0.2147795787 0.332789834
v -0.5598060403 0.2216428908 0.3187884889
v -0.5746328943 0.2275132576 0.3027714235
v -0.5862797028 0.2321245553 0.2847086801
v -0.5944398548 0.2353553881 0.2648217648
v -0.5992198152 0.2372479082 0.2435276684
v -0.6011333079 0.2380055136 0.2213585056
v -0.6010418031 0.2379692843 0.198869949
v -0.6000480812 0.237575842 0.1765527327
v -0.5993559769 0.2373018185 0.1547604627
v -0.6001140781 0.237601972 0.1336640074
v -0.6032635256 0.2388489265 0.1132383334
v -0.6094097844 0.2412824025 0.09328247958
v -0.6187353508 0.2449746554 0.0734682149
v -0.6309651792 0.249816787 0.05340857433
v -0.6453898377 0.2555279133 0.03273454706
v -0.6609439187 0.2616862097 0.01116713203
v -0.6763300329 0.2677780032 -0.01142709171
v -0.6901727544 0.2732587244 -0.03500596258
v -0.7011829604 0.2776179733 -0.05935221703
v -0.7083116416 0.2804404179 -0.08410444277
v -0.7108736271 0.2814547797 -0.1088135706
v -0.7086256004 0.2805647229 -0.1330158026
v -0.7017887407 0.2778578187 -0.1563101065
v -0.6910135273 0.2735916099 -0.1784274744
v -0.6772917281 0.2681587653 -0.1992802063
v -0.6618273724 0.2620359937 -0.2189823987
v -0.6458836867 0.255723442 -0.2378371749
v -0.6306258831 0.2496824502 -0.2562913426
v -0.616979964 0.2442796486 -0.2748633383
v -0.6055253379 0.2397444413 -0.2940547301
v -0.5964343663 0.236145071 -0.3142585186
v -0.5894656356 0.2333859554 -0.3356785131
v -0.5840106262 0.2312261643 -0.3582729667
v -0.5791864918 0.2293161544 -0.381732539
v -0.5739617915 0.2272475492 -0.405497916
v -0.5672979948 0.2246091655 -0.428816726
v -0.5582879146 0.2210418224 -0.4508335386
v -0.5462730928 0.2162848179 -0.4707015931
v -0.5309253993 0.2102082362 -0.4877012227
v -0.5122832322 0.2028272801 -0.5013483159
v -0.4907389877 0.1942973102 -0.5114768662
v -0.4669810364 0.1848908719 -0.5182826784
v -0.4418993977 0.1749603486 -0.5223202613
v -0.4164688585 0.1648916859 -0.5244511876
v -0.3916258448 0.1550556409 -0.5257488952
v -0.3681556332 0.1457631268 -0.5273711194
v -0.3466044937 0.137230427 -0.5304159847
v -0.3272274338 0.1295585063 -0.5357805517
v -0.3099769481 0.1227285558 -0.5440408673
v -0.2945323416 0.1166136035 -0.555370212
v -0.2803636138 0.1110038074 -0.5695075437
v -0.2668193437 0.1056412514 -0.5857816927
v -0.2532251023 0.1002589105 -0.6031895222
v -0.238978021 0.09461809202 -0.6205190046
v -0.2236243132 0.08853912906 -0.6365019786
v -0.2069095765 0.08192129663 -0.6499770951
v -0.1887960925 0.07474966098 -0.6600417403
v -0.1694464282 0.06708858692 -0.666172819
v -0.149177665 0.05906361584 -0.6683000732
v -0.1283948079 0.05083510062 -0.6668216347
v -0.107514753 0.04256810208 -0.6625589778
v -0.08689322951 0.03440346334 -0.6566563713
v -0.06676626631 0.02643463487 -0.6504372651
v -0.04721512803 0.01869379162 -0.6452358093
v -0.02815973796 0.01114922898 -0.6422251051
v -0.009380975137 0.003714190806 -0.642264367
v -0.009893999799 0.003214755409 0.6622317112
v -0.02977958958 0.009675975201 0.6639717632
v -0.04993835087 0.01622595379 0.6671810765
v -0.07048650718 0.0229024545 0.6713153046
v -0.09145300134 0.02971488142 0.6756509936
v -0.1127666755 0.03664011396 0.6793748912
v -0.1342606366 0.04362392527 0.6816840858
v -0.1556935652 0.05058790589 0.6818841573
v -0.1767849904 0.05744092538 0.6794728567
v -0.1972592346 0.0640934106 0.6741988013
v -0.2168911899 0.07047221954 0.6660879933
v -0.2355465765 0.07653372209 0.6554352097
v -0.253209945 0.0822728984 0.6427618893
v -0.2699953477 0.08772680637 0.6287464525
v -0.2861371014 0.09297158006 0.6141364717
v -0.3019610219 0.0981130835 0.5996542987
v -0.317839519 0.10327232 0.5859083939
v -0.3341365275 0.108567539 0.5733216132
v -0.3511500409 0.1140955646 0.562085258
v -0.3690607101 0.1199150938 0.5521441315
v -0.387894439 0.1260345433 0.5432136558
v -0.4075051981 0.1324064652 0.5348258746
v -0.4275815966 0.1389296825 0.526397452
v -0.4476774679 0.1454592269 0.5173100703
v -0.4672632831 0.151823044 0.5069922714
v -0.4857921083 0.1578434243 0.4949919333
v -0.5027715087 0.1633603659 0.481030165
v -0.5178316336 0.1682536971 0.4650301943
v -0.5307798812 0.1724608378 0.4471184023
v -0.5416340579 0.1759875735 0.4275985148
v -0.5506286367 0.1789100894 0.4069035654
v -0.5581922338 0.181367651 0.385533097
v -0.5648982977 0.1835465833 0.3639848065
v -0.5713947114 0.1856573961 0.3426902436
v -0.5783210333 0.1879078945 0.321963227
v -0.5862240075 0.1904757264 0.3019675203
v -0.5954824899 0.1934839897 0.2827073357
v -0.6062519473 0.1969831986 0.2640408582
v -0.6184363135 0.2009421391 0.2457136936
v -0.6316915191 0.2052490165 0.2274064096
v -0.6454609016 0.2097229601 0.2087885398
v -0.6590384981 0.2141345886 0.189570786
v -0.6716524841 0.2182331211 0.1695477526
v -0.6825582617 0.2217766231 0.1486252587
v -0.6911292966 0.2245615211 0.1268288157
v -0.6969339598 0.2264475705 0.1042928461
v -0.6997883443 0.2273750163 0.08123318766
v -0.6997780755 0.2273716797 0.05790794553
v -0.69724613 0.2265490007 0.03457343726
v -0.6927480896 0.2250874988 0.01144259718
v -0.6869805026 0.2232134962 -0.01134732998
v -0.680691537 0.2211700874 -0.03375256619
v -0.6745854312 0.2191860934 -0.05582320706
v -0.6692330492 0.217446999 -0.0776862523
v -0.6650000486 0.2160716138 -0.09951408842
v -0.6620018471 0.2150974391 -0.121483651
v -0.6600910663 0.2144765887 -0.1437330862
v -0.6588788828 0.2140827264 -0.1663232645
v -0.6577873105 0.2137280531 -0.189210885
v -0.6561254405 0.2131880788 -0.2122382197
v -0.6531796168 0.2122309227 -0.2351420384
v -0.6483058157 0.2106473287 -0.2575812789
v -0.6410123381 0.2082775342 -0.2791800482
v -0.6310223297 0.2050315837 -0.2995799954
v -0.6183084046 0.200900579 -0.3184943867
v -0.6030953857 0.1959575695 -0.3357556192
v -0.5858313819 0.1903481546 -0.3513485424
v -0.5671315294 0.1842722043 -0.3654237601
v -0.5477021934 0.1779592303 -0.3782878192
v -0.5282557975 0.1716407133 -0.3903704841
v -0.5094274382 0.1655230085 -0.4021726714
v -0.4917039237 0.1597642895 -0.4142015938
v -0.4753739722 0.1544583666 -0.4269017888
v -0.460505275 0.1496272341 -0.4405916497
v -0.4469504275 0.1452229971 -0.4554146773
v -0.4343798497 0.1411385688 -0.4713129292
v -0.4223363046 0.1372253838 -0.4880272944
v -0.4103029304 0.1333155035 -0.5051256153
v -0.3977751864 0.1292449927 -0.522055824
v -0.3843269446 0.1248753941 -0.5382176789
v -0.3696621267 0.1201105059 -0.5530438986
v -0.3536455995 0.1149064208 -0.5660798944
v -0.3363101365 0.1092737874 -0.5770511575
v -0.3178396935 0.1032723767 -0.5859087157
v -0.2985325324 0.09699909974 -0.592845776
v -0.2787504022 0.090571496 -0.5982823886
v -0.2588617027 0.08410926581 -0.6028191917
v -0.2391870801 0.07771659339 -0.6071654867
v -0.2199552093 0.07146777979 -0.6120504524
v -0.2012747308 0.06539812439 -0.6181287566
v -0.1831257137 0.05950115127 -0.62589281
v -0.1653710178 0.05373230086 -0.6356032693
v -0.1477849626 0.04801824515 -0.6472472037
v -0.1300942193 0.04227017422 -0.6605298559
v -0.1120241756 0.03639886111 -0.6749016209
v -0.09334341331 0.0303291135 -0.6896172791
v -0.07389945302 0.02401138783 -0.7038202885
v -0.05364046043 0.01742884211 -0.7166416093
v -0.03261993006 0.01059885777 -0.7273005701
v -0.01098409895 0.003568950094 -0.7351949455
v -0.009389047733 0.002410697723 0.6170623291
v -0.02868254502 0.007364425865 0.6279397812
v -0.04911890337 0.01261159085 0.6443585514
v -0.07107409151 0.01824872505 0.6646626671
v -0.09465558491 0.02430342347 0.6866574104
v -0.1196630566 0.03072425089 0.707877678
v -0.1456016636 0.03738415321 0.7258889768
v -0.1717472009 0.04409718621 0.7385825041
v -0.1972540133 0.05064622251 0.7444267699
v -0.2212894507 0.05681747395 0.7426441324
v -0.2431739362 0.0624364548 0.7332906198
v -0.2625041405 0.0673996077 0.7172301544
v -0.2792386329 0.07169629505 0.6960080679
v -0.2937304815 0.07541716936 0.6716417662
v -0.3066989138 0.07874689683 0.6463568639
v -0.3191412263 0.0819415397 0.6223037031
v -0.3321953297 0.0852932638 0.6012910763
v -0.3469712572 0.08908707714 0.5845710045
v -0.3643754362 0.09355571081 0.5727010439
v -0.3849536572 0.09883929993 0.5654998689
v -0.4087770418 0.1049561055 0.5620992855
v -0.4353900672 0.111789169 0.5610830965
v -0.4638314852 0.119091684 0.5606920654
v -0.4927289009 0.1265112792 0.5590660806
v -0.520457233 0.1336307049 0.5544905414
v -0.5453417756 0.1400199694 0.5456144264
v -0.5658794958 0.1452931597 0.5316123009
v -0.5809486122 0.1491622512 0.5122709219
v -0.5899770067 0.1514803489 0.4879918725
v -0.5930446673 0.1522679903 0.459713269
v -0.5909035966 0.1517182568 0.4287644263
v -0.5849093961 0.1501792077 0.3966759643
v -0.5768706107 0.1481151984 0.3649730649
v -0.5688332814 0.146051563 0.3349808136
v -0.5628274158 0.1445095188 0.3076677242
v -0.5606079447 0.1439396555 0.2835471535
v -0.5634243015 0.144662773 0.2626473771
v -0.5718497463 0.1468260595 0.244550938
v -0.585694285 0.1503807329 0.2284939866
v -0.6040144159 0.155084543 0.213508107
v -0.6252203471 0.1605293007 0.198581703
v -0.6472684521 0.166190292 0.1828161155
v -0.6679152798 0.1714914963 0.1655534372
v -0.6850009794 0.1758783583 0.1464581349
v -0.6967257089 0.1788887572 0.1255422423
v -0.7018830763 0.1802129441 0.103132863
v -0.7000199174 0.1797345662 0.07978965718
v -0.6915010635 0.1775472963 0.05618754915
v -0.6774699953 0.1739447302 0.03298495704
v -0.6597097987 0.1693846868 0.01069970043
v -0.6404218475 0.1644323827 -0.01038687303
v -0.6219504057 0.1596897225 -0.03028179485
v -0.6064884361 0.1557197635 -0.04927989357
v -0.5958023782 0.1529760501 -0.06791073557
v -0.5910111776 0.1517458789 -0.08684163625
v -0.5924477539 0.152114729 -0.1067525119
v -0.5996203212 0.1539563313 -0.1282031362
v -0.6112779641 0.1569495052 -0.1515149767
v -0.6255713491 0.1606194228 -0.1766879316
v -0.6402872069 0.1643978128 -0.2033672202
v -0.6531258673 0.1676942206 -0.2308681116
v -0.6619858768 0.1699690843 -0.2582572443
v -0.6652192409 0.1707992711 -0.2844803034
v -0.6618251295 0.1699278114 -0.3085181698
v -0.6515583377 0.1672917473 -0.3295485084
v -0.6349402433 0.1630249459 -0.3470879602
v -0.613172884 0.157436038 -0.3610920076
v -0.5879693631 0.1509648737 -0.371994996
v -0.5613244135 0.1441236134 -0.3806810157
v -0.5352562254 0.1374304403 -0.3883862439
v -0.5115536578 0.1313446553 -0.3965434937
v -0.4915613883 0.126211513 -0.406588663
v -0.4760297025 0.1222236538 -0.4197551546
v -0.4650463626 0.1194036115 -0.4368851826
v -0.4580566376 0.1176089551 -0.4582856492
v -0.4539657029 0.1165585816 -0.4836510523
v -0.4513068486 0.1158759039 -0.512067286
v -0.4484506997 0.1151425694 -0.5420993552
v -0.4438260092 0.1139551508 -0.5719544158
v -0.4361220821 0.1119771185 -0.5997007796
v -0.4244464773 0.1089793327 -0.6235151239
v -0.4084187252 0.1048641054 -0.6419253523
v -0.3881903003 0.09967032864 -0.6540161154
v -0.3643916338 0.09355986964 -0.6595680856
v -0.3380170242 0.08678802088 -0.6591102264
v -0.3102665248 0.07966290365 -0.6538754751
v -0.282369131 0.07250007036 -0.6456629932
v -0.2554132214 0.06557896913 -0.6366227372
v -0.2302080728 0.0591073869 -0.6289888278
v -0.2071947962 0.05319858175 -0.6247955799
v -0.1864170957 0.047863775 -0.6256130234
v -0.1675530562 0.04302031287 -0.6323368448
v -0.1500000816 0.038513475 -0.6450610854
v -0.1329974698 0.03414794629 -0.6630514712
v -0.1157659997 0.02972365674 -0.6848242839
v -0.09764203122 0.02507021256 -0.7083219059
v -0.07818518991 0.0200745448 -0.7311634346
v -0.05724342148 0.01469761255 -0.750938755
v -0.03496630415 0.00897782099 -0.7655085476
v -0.01176588581 0.003020966016 -0.7732716997
v -0.01022716989 0.001950936997 0.6627677455
v -0.03112754989 0.005937897711 0.6719603668
v -0.05303197112 0.01011638953 0.6859857767
v -0.07626980912 0.01454924421 0.7033006772
v -0.1009158458 0.01925072715 0.7218577766
v -0.1267530713 0.02417944152 0.739358422
v -0.1532857232 0.02924081555 0.7535359534
v -0.179801863 0.03429903975 0.7624334514
v -0.2054767815 0.0391967924 0.7646404979
v -0.2295017311 0.04377979663 0.7594591453
v -0.2512179772 0.04792239213 0.7469787142
v -0.270234657 0.05155001781 0.7280510542
v -0.2865107234 0.05465484354 0.7041708764
v -0.3003861343 0.05730171973 0.6772779974
v -0.3125547445 0.05962300627 0.6495081879
v -0.3239800392 0.06180249779 0.6229255392
v -0.3357636351 0.06405033893 0.5992710547
v -0.3489840688 0.06657227153 0.5797593738
v -0.3645286237 0.06953755397 0.5649485858
v -0.3829429836 0.07305028099 0.5546979777
v -0.4043219451 0.07712853601 0.5482166959
v -0.4282594059 0.08169485087 0.5441942962
v -0.4538679924 0.08657995002 0.5409936265
v -0.4798690602 0.09153991896 0.5368788111
v -0.5047437256 0.09628501516 0.5302472564
v -0.5269265046 0.1005166066 0.5198350141
v -0.5450163625 0.1039674315 0.5048693567
v -0.5579765475 0.106439719 0.4851503384
v -0.5652950669 0.1078358013 0.461053269
v -0.5670821064 0.1081766973 0.4334549684
v -0.5640885627 0.1076056483 0.4035968925
v -0.5576401641 0.1063755505 0.3729063182
v -0.5494930002 0.1048213958 0.3428017042
v -0.5416271444 0.1033209036 0.3145094967
v -0.5360039063 0.1022482136 0.2889169736
v -0.5343178508 0.1019265813 0.2664797023
v -0.5377762173 0.1025863 0.2471937536
v -0.546935494 0.1043335254 0.2306332482
v -0.5616179503 0.1071343538 0.2160444808
v -0.5809207774 0.110816565 0.202480117
v -0.6033184609 0.1150891516 0.1889518504
v -0.626846693 0.1195774019 0.1745781082
v -0.6493451918 0.1238692201 0.1587050914
v -0.6687287104 0.127566824 0.1409842775
v -0.6832514118 0.1303371775 0.1213967305
v -0.6917302499 0.1319546024 0.1002230185
v -0.6936980126 0.1323299732 0.07796596518
v -0.6894656218 0.1315226014 0.05524058385
v -0.6800849844 0.1297331492 0.03265032066
v -0.6672166099 0.1272783754 0.01067047961
v -0.6529186432 0.1245508924 -0.01044181899
v -0.6393842531 0.1219690694 -0.03069631203
v -0.6286610956 0.1199235177 -0.05036887245
v -0.6223889369 0.1187270395 -0.06995141012
v -0.6215891505 0.118574472 -0.09006045479
v -0.6265330183 0.1195175653 -0.111319287
v -0.6367054703 0.1214580643 -0.1342329996
v -0.6508684578 0.1241597986 -0.1590773896
v -0.6672152325 0.1272781127 -0.1858208305
v -0.6835950992 0.1304027394 -0.2140934967
v -0.697779268 0.1331085143 -0.2432111802
v -0.7077334149 0.1350073693 -0.2722525127
v -0.7118620939 0.135794957 -0.300179946
v -0.7091942497 0.1352860385 -0.325987619
v -0.6994871623 0.1334343125 -0.3488543954
v -0.683237102 0.1303344477 -0.3682786514
v -0.6615972825 0.1262064314 -0.3841731909
v -0.6362157363 0.1213646425 -0.3969037614
v -0.6090158868 0.1161759937 -0.4072624009
v -0.5819495499 0.1110128138 -0.4163761605
v -0.5567549785 0.1062066923 -0.4255613233
v -0.5347510725 0.1020092227 -0.4361416621
v -0.5166932807 0.09856451471 -0.4492552978
v -0.5027078722 0.09589665536 -0.4656773952
v -0.4923104 0.09391323145 -0.4856847805
v -0.4845028315 0.09242385812 -0.5089836369
v -0.4779335306 0.09117069694 -0.5347133353
v -0.4710963999 0.08986644451 -0.5615292421
v -0.4625410632 0.08823442675 -0.5877564039
v -0.4510654803 0.08604534224 -0.6115958589
v -0.4358658235 0.08314585264 -0.6313574115
v -0.4166252175 0.07947551073 -0.6456881905
v -0.3935320306 0.07507024974 -0.6537658995
v -0.3672284816 0.07005257942 -0.6554295239
v -0.338699955 0.06461047191 -0.6512279355
v -0.3091232723 0.05896841794 -0.6423773753
v -0.2796971829 0.05335509117 -0.6306307991
v -0.2514798884 0.04797235436 -0.6180739461
v -0.2252563792 0.04296995244 -0.6068731012
v -0.2014531254 0.03842923894 -0.5990064815
v -0.1801100691 0.03435783321 -0.5960139757
v -0.1609110716 0.03069542856 -0.5987981757
v -0.1432652871 0.02732931514 -0.6075034232
v -0.1264246297 0.02411678793 -0.6214897376
v -0.1096176166 0.02091067872 -0.6394062661
v -0.09217807495 0.01758390822 -0.659355919
v -0.07364869844 0.01404924061 -0.6791308394
v -0.05384394561 0.01027128195 -0.6964889305
v -0.03286355601 0.00626905859 -0.7094360857
v -0.01105597006 0.002109039084 -0.7164778161
v -0.01065926552 0.001346578388 0.6839270755
v -0.03197428336 0.004039291343 0.6834018691
v -0.05337225846 0.006742484237 0.6835488299
v -0.07492430743 0.009465141188 0.6840498239
v -0.09664718205 0.01220937844 0.6844757922
v -0.1184948124 0.014969376 0.6843408937
v -0.1403607331 0.01773168417 0.6831632903
v -0.1620912516 0.02047688706 0.6805247941
v -0.1835074829 0.02318238626 0.6761218044
v -0.2044329119 0.02582588269 0.6698011476
v -0.2247221621 0.02838901106 0.6615764524
v -0.24428633 0.03086054023 0.6516232577
v -0.2631106233 0.03323860151 0.6402538279
v -0.2812610973 0.03553153961 0.6278752644
v -0.2988788562 0.03775718013 0.6149366097
v -0.3161619597 0.03994054386 0.6018719729
v -0.3333371728 0.04211027785 0.5890470876
v -0.3506253332 0.04429428041 0.5767161204
v -0.3682052425 0.04651513942 0.5649940572
v -0.3861814236 0.04878605922 0.5538478413
v -0.4045607544 0.05110790865 0.5431068952
v -0.4232418991 0.05346788605 0.5324910982
v -0.4420197695 0.05584008275 0.5216520375
v -0.4606051629 0.05818796394 0.5102217152
v -0.478657553 0.06046851116 0.497862069
v -0.4958270473 0.0626375227 0.4843087552
v -0.5118000633 0.06465538389 0.4694036132
v -0.5263425389 0.06649252579 0.4531119193
v -0.5393345946 0.06813380411 0.4355227145
v -0.5507915296 0.06958115159 0.4168328295
v -0.5608677353 0.07085407239 0.3973174129
v -0.5698423333 0.07198782777 0.3772915053
v -0.5780878017 0.07302947267 0.3570682503
v -0.5860251976 0.07403219896 0.3369195828
v -0.5940714989 0.07504868321 0.3170446592
v -0.6025857982 0.07612428934 0.2975500071
v -0.6118214059 0.07729101792 0.278443568
v -0.6218902989 0.07856301492 0.2596427568
v -0.6327448492 0.07993426351 0.2409946694
v -0.6441795752 0.08137880534 0.2223049055
v -0.65585306 0.08285350942 0.2033703829
v -0.6673275206 0.0843030709 0.184011134
v -0.6781211486 0.08566662321 0.1640964333
v -0.6877665949 0.08688512645 0.1435616411
v -0.6958680839 0.08790858252 0.1224136909
v -0.7021497396 0.08870214018 0.1007249526
v -0.7064887891 0.0892502896 0.07861700703
v -0.7089292358 0.08955858972 0.05623738949
v -0.7096741219 0.08965269072 0.0337333798
v -0.709057285 0.0895747661 0.01122729248
v -0.7074981997 0.08937780781 -0.01120260575
v -0.7054457148 0.08911851868 -0.0335323883
v -0.7033179596 0.08884972069 -0.05579226251
v -0.7014461998 0.08861326244 -0.07805587531
v -0.7000299151 0.08843434406 -0.100420859
v -0.6991088986 0.08831799263 -0.1229837991
v -0.6985559598 0.08824814021 -0.1458137699
v -0.69809112 0.08818941729 -0.1689289047
v -0.6973154048 0.08809142167 -0.192280094
v -0.6957598041 0.08789490359 -0.215744877
v -0.6929430452 0.0875390642 -0.239133068
v -0.6884307401 0.0869690275 -0.2622038549
v -0.6818883665 0.08614253351 -0.2846922932
v -0.6731214363 0.08503501266 -0.3063415771
v -0.662097947 0.08364242212 -0.3269364287
v -0.6489505819 0.08198152365 -0.3463325819
v -0.6339587836 0.08008761909 -0.3644777217
v -0.6175134293 0.0780100877 -0.3814203294
v -0.6000690288 0.07580634743 -0.3973045418
v -0.5820898733 0.0735350519 -0.4123511267
v -0.5639971875 0.07124941414 -0.4268267228
v -0.5461240157 0.06899150746 -0.4410052983
v -0.5286833698 0.0667882415 -0.4551270677
v -0.5117532546 0.06464947057 -0.4693606821
v -0.4952798441 0.06256839486 -0.4837742639
v -0.4790976338 0.0605241063 -0.4983198065
v -0.4629631707 0.0584858496 -0.5128337285
v -0.4465972632 0.05641835468 -0.5270541916
v -0.4297296166 0.05428747536 -0.540653456
v -0.4121397332 0.05206535633 -0.5532813761
v -0.3936886582 0.04973444349 -0.5646144536
v -0.3743376133 0.04728983802 -0.5744038991
v -0.3541515208 0.04473974149 -0.5825160699
v -0.3332875943 0.04210401463 -0.5889594765
v -0.3119712513 0.03941113427 -0.5938941948
v -0.290463293 0.03669404726 -0.5976217753
v -0.2690233806 0.03398555646 -0.6005563081
v -0.2478751672 0.0313139158 -0.6031798437
v -0.2271780018 0.02869925576 -0.6059875295
v -0.2070089889 0.0261513169 -0.6094293114
v -0.1873575428 0.02366876193 -0.613855646
v -0.1681326738 0.02124009618 -0.6194742851
v -0.1491813669 0.01884598936 -0.626323864
v -0.1303148318 0.0164625917 -0.6342679129
v -0.1113383478 0.01406530428 -0.6430102967
v -0.09208003743 0.0116324139 -0.6521303077
v -0.07241422387 0.009148043892 -0.6611330659
v -0.05227600197 0.006603994836 -0.6695088611
v -0.03166511551 0.004000234361 -0.6767938747
v -0.0106389646 0.001344013785 -0.6826245139
v -0.01082922264 0.0006813169389 0.6907159927
v -0.03229145664 0.00203160625 0.6860925314
v -0.05319404314 0.003346685524 0.6772307631
v -0.07329274391 0.004611188595 0.6651899697
v -0.09252356644 0.005821089396 0.6513898317
v -0.1110295041 0.006985384305 0.6374281925
v -0.1291503696 0.00812545253 0.624876597
v -0.1473762527 0.009272127901 0.6150799914
v -0.1662710473 0.01046088761 0.6089862802
v -0.1863775059 0.01172587877 0.607027381
v -0.2081186057 0.01309371283 0.6090665585
v -0.2317111153 0.01457802772 0.6144180873
v -0.2571059205 0.01617573344 0.6219358486
v -0.2839660598 0.01786563016 0.6301585821
v -0.311688014 0.01960974769 0.6374923407
v -0.3394653836 0.02135735165 0.6424061833
v -0.3663875804 0.02305115271 0.6436158371
v -0.3915605535 0.02463490193 0.6402321016
v -0.4142326948 0.02606131216 0.6318558329
v -0.4339075681 0.02729915026 0.6186087033
v -0.4504262516 0.02833841774 0.6010975707
v -0.464005794 0.02919277014 0.5803190321
v -0.4752260899 0.02989869132 0.5575183964
v -0.4849645978 0.0305113863 0.5340229063
v -0.4942857771 0.03109782519 0.5110718375
v -0.5042988336 0.03172779331 0.4896658117
v -0.5160023765 0.03246411782 0.4704543706
v -0.5301371268 0.03335340093 0.4536751049
v -0.5470674663 0.03441856761 0.439150249
v -0.5667093399 0.03565432955 0.4263386902
v -0.5885162108 0.03702630158 0.4144339112
v -0.611527163 0.03847402798 0.4024924912
v -0.6344728599 0.03991764886 0.3895742043
v -0.6559270521 0.04126743223 0.3748739132
v -0.6744847814 0.04243498559 0.3578273994
v -0.6889443013 0.04334470147 0.3381776469
v -0.6984686257 0.04394392117 0.3159942196
v -0.7027047522 0.04421043566 0.2916453341
v -0.7018437431 0.04415626556 0.2657290062
v -0.6966123532 0.04382713441 0.2389752804
v -0.6881957821 0.04329760864 0.2121352677
v -0.6781002288 0.04266245026 0.1858740106
v -0.6679720119 0.04202523686 0.1606829628
v -0.6593959894 0.04148567926 0.1368243363
v -0.6536990459 0.04112725796 0.1143143203
v -0.6517840656 0.04100677761 0.09294601708
v -0.6540161 0.04114720531 0.07234680955
v -0.6601758263 0.04153474244 0.05205969224
v -0.6694867424 0.04212053563 0.031634617
v -0.6807129864 0.04282683103 0.01071463699
v -0.6923154762 0.04355679782 -0.01089726384
v -0.7026464532 0.0442067678 -0.03320148112
v -0.7101574949 0.04467932249 -0.05600111237
v -0.713594313 0.04489554876 -0.07893731035
v -0.7121533965 0.04480489397 -0.1015548327
v -0.7055805705 0.04439136682 -0.1233869988
v -0.6941991477 0.04367530838 -0.1440459742
v -0.6788645375 0.04271053649 -0.1633031973
v -0.6608517301 0.0415772667 -0.1811460257
v -0.6416907182 0.04037175801 -0.1978001548
v -0.6229715294 0.03919404648 -0.2137125407
v -0.6061442509 0.03813536385 -0.2294956833
v -0.592339772 0.03726685966 -0.2458402767
v -0.5822339406 0.03663105463 -0.2634084809
v -0.5759718554 0.03623707763 -0.2827235909
v -0.5731609356 0.03606022955 -0.3040731128
v -0.5729323079 0.03604584551 -0.3274409487
v -0.5740611691 0.03611686744 -0.352480677
v -0.5751292791 0.03618406722 -0.3785362782
v -0.574707607 0.03615753786 -0.4047098737
v -0.5715350252 0.03595793594 -0.429969081
v -0.5646700583 0.03552602883 -0.4532804672
v -0.5535968299 0.03482936035 -0.4737511997
v -0.5382728997 0.03386526038 -0.4907590542
v -0.5191147074 0.03265992908 -0.5040517797
v -0.4969247303 0.03126385406 -0.5138004102
v -0.4727720742 0.02974429773 -0.5205970047
v -0.4478440325 0.02817595829 -0.5253947377
v -0.4232894337 0.02663111387 -0.5293962222
v -0.4000749488 0.02517058228 -0.5339033394
v -0.3788729984 0.02383666863 -0.5401476063
v -0.3599948872 0.02264895854 -0.5491234087
v -0.3433760818 0.02160339193 -0.5614467252
v -0.328613095 0.02067458353 -0.5772591746
v -0.315044323 0.01982090875 -0.5961916322
v -0.3018613705 0.01899150768 -0.6173940061
v -0.2882336919 0.01813412682 -0.6396290273
v -0.2734282211 0.01720264555 -0.6614192797
v -0.2569071655 0.01616322883 -0.6812293362
v -0.2383910023 0.01499829058 -0.6976598119
v -0.217879325 0.01370780523 -0.7096281033
v -0.1956286802 0.01230791332 -0.7165118893
v -0.1720929466 0.01082717047 -0.7182359855
v -0.1478372028 0.00930112842 -0.7152903121
v -0.1234396347 0.007766163546 -0.7086756255
v -0.09939735767 0.006253551684 -0.6997830993
v -0.07605091575 0.004784718059 -0.6902225738
v -0.05353889211 0.003368381582 -0.6816211481
v -0.03178904414 0.001999997134 -0.6754178358
v -0.01054646065 0.0006635270626 -0.6726806976
v -0.01169697274 1.432466022e-18 0.7445911659
v -0.03488689349 4.272412245e-18 0.73977479
v -0.05729819021 7.017004524e-18 0.7280425358
v -0.07850075292 9.613569579e-18 0.7110509247
v -0.09834828007 1.204419064e-17 0.6910310338
v -0.1170213845 1.433098639e-17 0.6705023001
v -0.1350126254 1.653427796e-17 0.6519513084
v -0.1530542839 1.874374389e-17 0.6375169736
v -0.1719989972 2.106380214e-17 0.6287224434
v -0.1926712502 2.359542299e-17 0.6262876868
v -0.2157129531 2.641721776e-17 0.6300459783
v -0.2414480725 2.956886091e-17 0.638973783
v -0.2697891981 3.303964779e-17 0.651328741
v -0.300203252 3.676429516e-17 0.6648765026
v -0.3317450609 4.062705269e-17 0.6771759216
v -0.3631574269 4.447395804e-17 0.6858850247
v -0.3930261175 4.813181767e-17 0.6890481353
v -0.4199693727 5.14314148e-17 0.6853277294
v -0.4428354497 5.42317016e-17 0.6741525426
v -0.4608793575 5.644144299e-17 0.6557649947
v -0.4738917445 5.80350008e-17 0.6311645442
v -0.4822587297 5.905966097e-17 0.6019572929
v -0.4869405965 5.963302429e-17 0.5701341861
v -0.4893684596 5.993035176e-17 0.5378089149
v -0.4912697246 6.016318958e-17 0.5069510293
v -0.4944437204 6.055189196e-17 0.4791492991
v -0.5005167559 6.12956243e-17 0.4554352058
v -0.5107098473 6.254391798e-17 0.4361874165
v -0.5256518057 6.437378014e-17 0.4211265069
v -0.5452652232 6.677573103e-17 0.4093967099
v -0.5687437579 6.965102226e-17 0.3997198079
v -0.5946271614 7.282082499e-17 0.3905970382
v -0.6209673107 7.604656295e-17 0.3805292574
v -0.6455659005 7.905902136e-17 0.3682242886
v -0.6662541671 8.159260332e-17 0.3527634229
v -0.6811785213 8.342030957e-17 0.3337059142
v -0.6890542254 8.438480515e-17 0.3111199124
v -0.6893526046 8.442134607e-17 0.2855391981
v -0.6823953558 8.356932882e-17 0.2578557175
v -0.6693413142 8.19706698e-17 0.2291667537
v -0.6520650101 7.985493274e-17 0.2006013903
v -0.6329406516 7.751287431e-17 0.1731529684
v -0.6145578801 7.526163407e-17 0.1475422932
v -0.5994050277 7.340594486e-17 0.1241308138
v -0.5895603776 7.220032293e-17 0.1028947576
v -0.5864313769 7.181713086e-17 0.08346154438
v -0.5905759225 7.232469131e-17 0.06520018884
v -0.6016294459 7.367835751e-17 0.04734926426
v -0.6183479232 7.572578049e-17 0.02916054782
v -0.6387619183 7.822577386e-17 0.01003447406
v -0.6604223124 8.087840709e-17 -0.01037474273
v -0.6807064128 8.336249296e-17 -0.03210129954
v -0.6971452437 8.537566913e-17 -0.05486652059
v -0.7077300726 8.667193681e-17 -0.07813412744
v -0.7111589685 8.709185545e-17 -0.1012129094
v -0.7069920639 8.658155681e-17 -0.1233898677
v -0.6956961501 8.519820634e-17 -0.1440717466
v -0.6785736779 8.310130826e-17 -0.1629111265
v -0.6575862504 8.053108967e-17 -0.1798952413
v -0.635096286 7.777686338e-17 -0.1953811292
v -0.6135609194 7.513954161e-17 -0.2100688559
v -0.5952180357 7.289318622e-17 -0.2249141533
v -0.5818048773 7.125054808e-17 -0.2409914709
v -0.5743448957 7.033696382e-17 -0.2593266641
v -0.5730291323 7.017582927e-17 -0.2807240753
v -0.5772057063 7.068731207e-17 -0.3056146898
v -0.5854766867 7.170021503e-17 -0.3339500062
v -0.5958876542 7.297519083e-17 -0.3651604241
v -0.6061834713 7.423606478e-17 -0.3981881149
v -0.6140957074 7.520503425e-17 -0.4315936918
v -0.6176238207 7.563710351e-17 -0.4637250817
v -0.6152739464 7.53493269e-17 -0.4929273808
v -0.6062256452 7.424122959e-17 -0.5177656146
v -0.590407255 7.23040355e-17 -0.5372292665
v -0.5684731087 6.96178773e-17 -0.5508887672
v -0.5416890673 6.633777824e-17 -0.5589797548
v -0.5117447825 6.267066099e-17 -0.5624001727
v -0.4805202531 5.884675898e-17 -0.5626169298
v -0.449839392 5.508943716e-17 -0.5614913448
v -0.4212438896 5.15874981e-17 -0.561044185
v -0.3958166653 4.847356122e-17 -0.5631901478
v -0.3740763368 4.581113885e-17 -0.5694767973
v -0.3559535748 4.359174061e-17 -0.5808634416
v -0.3408485092 4.174190357e-17 -0.59757105
v -0.3277571568 4.01386753e-17 -0.6190255491
v -0.3154457189 3.8630959e-17 -0.6439048252
v -0.3026457596 3.706341607e-17 -0.6702860572
v -0.2882414709 3.529939947e-17 -0.6958764682
v -0.2714225896 3.323968056e-17 -0.7182990409
v -0.2517826053 3.083447617e-17 -0.7353968115
v -0.2293507169 2.808736213e-17 -0.7455161565
v -0.2045562014 2.505090973e-17 -0.7477315383
v -0.1781339405 2.1815116e-17 -0.7419812614
v -0.1509883251 1.84907369e-17 -0.7290950442
v -0.1240384291 1.519032651e-17 -0.7107081529
v -0.09806941935 1.201004005e-17 -0.6890716562
v -0.07361342479 9.015044504e-18 -0.6667820603
v -0.05087784678 6.230739221e-18 -0.6464643377
v -0.02973120689 3.641022736e-18 -0.6304487196
v -0.009747321215 1.193702573e-18 -0.6204827036
v -0.01178676301 -0.0007415602728 0.7517904088
v -0.03506891758 -0.002206349281 0.7451048957
v -0.05762329745 -0.003625350585 0.7336210486
v -0.07916006861 -0.004980329376 0.71844061
v -0.09957475943 -0.006264712857 0.7010320536
v -0.1189756283 -0.007485312065 0.6830474504
v -0.1376740029 -0.008661714085 0.6661170442
v -0.1561381173 -0.009823377695 0.6516479424
v -0.174916888 -0.0110048378 0.6406526372
v -0.1945450888 -0.01223973953 0.6336290164
v -0.2154447094 -0.01355463221 0.6305066635
v -0.2378383915 -0.01496352326 0.6306655139
v -0.2616895093 -0.0164641084 0.6330234896
v -0.2866798512 -0.01803636744 0.6361808474
v -0.3122304606 -0.01964387553 0.6386018011
v -0.3375647776 -0.02123777566 0.6388094659
v -0.3618067247 -0.0227629497 0.6355688633
v -0.3841007673 -0.02416557197 0.6280347683
v -0.4037371093 -0.02540098589 0.6158462399
v -0.4202636827 -0.02644074975 0.5991570346
v -0.4335677335 -0.02727776969 0.5785997385
v -0.4439135199 -0.02792867139 0.5551901883
v -0.4519284379 -0.02843292729 0.5301864172
v -0.4585370143 -0.02884870368 0.5049219471
v -0.4648496497 -0.02924586104 0.4806360524
v -0.4720197143 -0.02969696326 0.4583233218
v -0.4810876044 -0.03026746655 0.4386215576
v -0.4928329098 -0.03100641853 0.4217512992
v -0.5076554836 -0.03193897583 0.4075128677
v -0.5255029328 -0.03306184216 0.3953388735
v -0.5458562305 -0.03434236311 0.3843926954
v -0.5677775456 -0.03572153535 0.3736975438
v -0.5900159984 -0.03712066021 0.36227714
v -0.6111590335 -0.03845086723 0.3492881986
v -0.6298105547 -0.03962432148 0.3341268464
v -0.644772839 -0.04056566862 0.3164954861
v -0.6552081365 -0.04122220189 0.2964227399
v -0.6607579987 -0.04157136962 0.2742360668
v -0.6616035135 -0.04162456491 0.2504934266
v -0.65845713 -0.04142661124 0.2258859989
v -0.6524856465 -0.04105091734 0.2011276745
v -0.6451730337 -0.04059084674 0.1768483393
v -0.638139852 -0.04014835645 0.1535067343
v -0.6329419923 -0.03982133483 0.1313351452
v -0.6308745033 -0.03969125946 0.1103229239
v -0.6328059211 -0.03981277396 0.09023968681
v -0.6390648049 -0.04020654956 0.07069290761
v -0.6493935747 -0.04085638067 0.05120943285
v -0.6629760912 -0.04171092017 0.03132697543
v -0.6785358661 -0.04268985823 0.01068036843
v -0.6944925965 -0.04369377062 -0.0109315324
v -0.7091571044 -0.04461638326 -0.0335091227
v -0.7209397464 -0.04535768426 -0.05685137176
v -0.728545608 -0.04583620451 -0.08059121229
v -0.731131541 -0.04599889762 -0.104261163
v -0.7284051131 -0.04582736532 -0.1273783952
v -0.7206531448 -0.04533965281 -0.1495351653
v -0.7086966974 -0.0445874169 -0.1704794259
v -0.6937789252 -0.04364887023 -0.1901716971
v -0.6774008537 -0.04261844931 -0.208807748
v -0.6611267525 -0.04159456965 -0.2268018222
v -0.6463844804 -0.04066706451 -0.2447312629
v -0.6342865255 -0.03990592569 -0.2632495441
v -0.6254944297 -0.03935277392 -0.2829799606
v -0.6201433177 -0.03901611048 -0.3044057518
v -0.6178351624 -0.03887089366 -0.3277736659
v -0.6177003266 -0.03886241051 -0.3530266633
v -0.6185180306 -0.03891385609 -0.3797777413
v -0.6188788965 -0.03893655984 -0.4073312256
v -0.6173675873 -0.03884147633 -0.4347510895
v -0.6127414324 -0.03855042333 -0.4609688977
v -0.6040820411 -0.03800562061 -0.4849178485
v -0.590901047 -0.03717634275 -0.5056750054
v -0.5731876718 -0.03606191165 -0.5225918671
v -0.5513938266 -0.03469075913 -0.5353942697
v -0.5263608576 -0.03311581821 -0.5442361953
v -0.4991996577 -0.03140698036 -0.5496979639
v -0.4711416846 -0.02964172231 -0.5527267169
v -0.4433817079 -0.02789521262 -0.5545250659
v -0.4169334669 -0.02623123034 -0.5564011716
v -0.3925168838 -0.02469506914 -0.559599275
v -0.3704904727 -0.02330928481 -0.5651330017
v -0.3508358679 -0.02207272189 -0.5736440585
v -0.3331939507 -0.02096278654 -0.5853061483
v -0.316944929 -0.01994048475 -0.5997883496
v -0.301318924 -0.01895737984 -0.6162845457
v -0.2855199005 -0.01796338953 -0.633606762
v -0.2688446324 -0.01691427059 -0.6503316386
v -0.2507798893 -0.01577773329 -0.6649819096
v -0.2310648986 -0.01453737121 -0.6762197069
v -0.209711742 -0.01319394447 -0.6830264678
v -0.1869828395 -0.01176396313 -0.6848455323
v -0.163331082 -0.01027592068 -0.6816680345
v -0.1393135694 -0.008764866864 -0.6740498649
v -0.1154935105 -0.007266235786 -0.6630563676
v -0.09234616468 -0.005809928223 -0.6501408774
v -0.07018359105 -0.004415577277 -0.6369719335
v -0.04910963779 -0.00308971652 -0.6252308626
v -0.0290115832 -0.001825254103 -0.6164054714
v -0.00958892028 -0.0006032837287 -0.6116062816
v -0.01027651706 -0.001298226012 0.6593689071
v -0.030706654 -0.003879152514 0.6563082119
v -0.051082436 -0.00645321239 0.6542226311
v -0.07150565121 -0.009033264472 0.6528379079
v -0.09202819618 -0.01162586482 0.6517631569
v -0.1126428428 -0.01423010032 0.6505441222
v -0.1332847744 -0.0168377827 0.6487232075
v -0.1538437693 -0.01943498775 0.6458985196
v -0.1741851804 -0.02200470557 0.6417743657
v -0.1941763934 -0.02453018309 0.6361968334
v -0.2137144728 -0.02699841651 0.629170089
v -0.2327503771 -0.02940321048 0.6208516006
v -0.251305514 -0.03174726939 0.6115272554
v -0.269477452 -0.03404291901 0.6015699576
v -0.2874331841 -0.03631125549 0.5913873935
v -0.3053902081 -0.03857975517 0.5813659784
v -0.3235875809 -0.04087861797 0.57181838
v -0.3422507434 -0.04323632369 0.5629414143
v -0.3615550359 -0.04567502296 0.5547896203
v -0.3815932593 -0.04820643927 0.5472676571
v -0.4023522992 -0.05082891587 0.540142131
v -0.4237027399 -0.05352610378 0.5330708934
v -0.4454036972 -0.05626757223 0.5256455982
v -0.4671230132 -0.05901135992 0.5174416707
v -0.4884707791 -0.06170820991 0.5080690175
v -0.5090421855 -0.0643069829 0.4972168997
v -0.5284642361 -0.06676055847 0.4846873607
v -0.5464401155 -0.06903144014 0.4704132977
v -0.5627851083 -0.07109629293 0.4544594405
v -0.5774489226 -0.07294876348 0.4370068445
v -0.5905209711 -0.07460014724 0.418323697
v -0.6022173902 -0.07607774859 0.3987269678
v -0.6128510269 -0.07742108931 0.3785404972
v -0.622787973 -0.07867641753 0.3580553616
v -0.6323961385 -0.0798902111 0.3374977904
v -0.6419925693 -0.08110252224 0.3170086221
v -0.6517965409 -0.08234105189 0.2966364902
v -0.6618948399 -0.08361676373 0.2763448815
v -0.6722241487 -0.08492165889 0.2560312213
v -0.6825732603 -0.08622905571 0.2355544788
v -0.6926052545 -0.08749639131 0.2147666976
v -0.7018971142 -0.08867022617 0.1935434699
v -0.7099918974 -0.08969283509 0.1718087369
v -0.7164568412 -0.09050954743 0.1495503281
v -0.7209398903 -0.09107588824 0.1268241998
v -0.7232172429 -0.09136358478 0.1037471331
v -0.7232255965 -0.09136464008 0.08047945373
v -0.7210747053 -0.09109291933 0.05720085589
v -0.7170383923 -0.09058301442 0.03408343023
v -0.7115249483 -0.08988650447 0.01126636574
v -0.7050305364 -0.08906606944 -0.01116353249
v -0.6980814445 -0.08818819498 -0.03318233788
v -0.6911724901 -0.08731539108 -0.05482879612
v -0.6847093924 -0.08649891196 -0.07619342862
v -0.6789624117 -0.08577289946 -0.09739867847
v -0.6740370922 -0.08515068691 -0.1185732903
v -0.6698657135 -0.08462371923 -0.1398250829
v -0.6662203713 -0.08416320541 -0.1612166011
v -0.6627458112 -0.0837242664 -0.182747758
v -0.6590076096 -0.08325202171 -0.2043485623
v -0.6545493602 -0.08268881383 -0.2258834947
v -0.6489514405 -0.08198163212 -0.2471673031
v -0.6418838254 -0.0810887847 -0.2679901685
v -0.6331463012 -0.0799849787 -0.2881486549
v -0.6226911759 -0.07866418921 -0.3074778138
v -0.6106259423 -0.07713999575 -0.3258794507
v -0.5971960082 -0.07544340052 -0.3433419429
v -0.5827502041 -0.07361847107 -0.3599480825
v -0.5676939719 -0.07171642661 -0.3758690794
v -0.5524366375 -0.06978897704 -0.3913448427
v -0.5373397945 -0.06788180225 -0.4066527078
v -0.5226735019 -0.06602901863 -0.4220685724
v -0.5085857933 -0.06424932715 -0.4378256893
v -0.4950890818 -0.06254429598 -0.4540769346
v -0.4820647058 -0.06089893466 -0.4708661194
v -0.4692844078 -0.05928440755 -0.488112858
v -0.4564453204 -0.05766245362 -0.505613773
v -0.4432133355 -0.05599086519 -0.5230606309
v -0.4292687758 -0.05422925763 -0.5400736607
v -0.4143481884 -0.0523443491 -0.5562461403
v -0.3982768226 -0.05031406344 -0.5711946378
v -0.3809878199 -0.04812995448 -0.584608336
v -0.3625261105 -0.04579769821 -0.596290776
v -0.3430371862 -0.04333567452 -0.6061881842
v -0.3227430029 -0.04077192295 -0.6144001893
v -0.3019089651 -0.03813997191 -0.6211709915
v -0.280807026 -0.03547417706 -0.6268616149
v -0.2596802765 -0.03280524792 -0.6319064162
v -0.2387139547 -0.03015658552 -0.6367591866
v -0.2180166782 -0.02754191145 -0.6418356748
v -0.1976140612 -0.02496446153 -0.6474599602
v -0.1774549763 -0.02241777686 -0.6538217237
v -0.1574288492 -0.01988788867 -0.6609501385
v -0.1373907905 -0.01735649317 -0.6687079957
v -0.1171903174 -0.01480457996 -0.6768070682
v -0.09669902331 -0.01221592751 -0.6848429429
v -0.07583288009 -0.009579920607 -0.6923449819
v -0.05456582442 -0.006893266683 -0.6988350599
v -0.03293274487 -0.00416037319 -0.7038875319
v -0.01102171306 -0.001392366161 -0.7071826823
v -0.009377739507 -0.001788899485 0.6077207416
v -0.02842561894 -0.005422476817 0.61363292
v -0.04831741106 -0.009217039104 0.6250014105
v -0.06944176029 -0.01324672424 0.6403377378
v -0.09193803585 -0.01753811831 0.6576389033
v -0.1156577825 -0.02206290198 0.6746389235
v -0.1401762704 -0.02674005369 0.6890913086
v -0.1648534763 -0.03144748247 0.6990461764
v -0.1889358207 -0.03604143537 0.7030866405
v -0.2116831994 -0.04038072993 0.7004946802
v -0.2325013367 -0.044352002 0.6913261203
v -0.2510579903 -0.047891873 0.6763863546
v -0.2673633258 -0.0510022821 0.657111417
v -0.2817996565 -0.05375615946 0.635371228
v -0.2950930452 -0.05629200898 0.6132216913
v -0.3082279378 -0.05879762374 0.5926385305
v -0.3223147854 -0.06148483363 0.5752675429
v -0.3384281998 -0.06455863182 0.5622231464
v -0.3574384128 -0.06818502391 0.5539601356
v -0.3798608419 -0.07246233102 0.5502334547
v -0.4057470029 -0.07740038033 0.5501489197
v -0.4346349875 -0.08291105811 0.5522958232
v -0.4655698653 -0.08881220166 0.5549418201
v -0.497194731 -0.09484496743 0.5562628188
v -0.5279030393 -0.1007028905 0.5545767566
v -0.556033778 -0.1060691159 0.5485505556
v -0.5800842547 -0.1106569897 0.537354077
v -0.5989118352 -0.1142485428 0.5207428177
v -0.611896456 -0.1167254917 0.4990612476
v -0.6190401651 -0.1180882271 0.4731696383
v -0.6209878223 -0.1184597626 0.4443074579
v -0.6189633836 -0.1180735802 0.4139145122
v -0.6146275471 -0.1172464752 0.3834359501
v -0.6098733959 -0.1163395723 0.3541384082
v -0.6065855334 -0.115712379 0.3269619017
v -0.6063938035 -0.1156758046 0.3024260559
v -0.6104541932 -0.1164503653 0.2806008496
v -0.6192866365 -0.118135244 0.261142475
v -0.6326924959 -0.1206925485 0.2433855999
v -0.6497643476 -0.1239491783 0.2264755648
v -0.6689886781 -0.1276164155 0.209518947
v -0.6884297913 -0.1313250062 0.1917291292
v -0.7059722887 -0.1346714165 0.1725452009
v -0.7195914125 -0.1372694034 0.1517073722
v -0.7276164383 -0.1388002589 0.1292792889
v -0.7289527754 -0.1390551788 0.1056160945
v -0.7232334579 -0.1379641607 0.08128550691
v -0.7108796501 -0.1356075458 0.05695629438
v -0.6930614981 -0.1322085515 0.03327331241
v -0.671563583 -0.1281076049 0.0107399987
v -0.6485716702 -0.123721663 -0.01037229991
v -0.6264077395 -0.1194936671 -0.03007332029
v -0.6072470673 -0.1158385733 -0.04865316192
v -0.5928534916 -0.1130928519 -0.06663186839
v -0.584366625 -0.1114738955 -0.08466737872
v -0.5821679919 -0.1110544839 -0.1034367286
v -0.5858427682 -0.1117554849 -0.1235099049
v -0.594241361 -0.1133576022 -0.1452372801
v -0.6056321342 -0.1155305084 -0.1686698095
v -0.617924882 -0.1178754754 -0.1935264001
v -0.6289356978 -0.1199759009 -0.2192157324
v -0.6366588692 -0.1214491746 -0.2449113935
v -0.6395109514 -0.1219932384 -0.2696707192
v -0.6365162738 -0.1214219731 -0.2925805231
v -0.6274112096 -0.1196850892 -0.3129080417
v -0.612655475 -0.1168702823 -0.3302337233
v -0.593351031 -0.1131877627 -0.3445442793
v -0.5710811894 -0.1089395632 -0.3562695155
v -0.5476926673 -0.104477964 -0.3662542069
v -0.5250502903 -0.1001586996 -0.375665595
v -0.5047969198 -0.0962951625 -0.3858466533
v -0.4881496834 -0.09311953232 -0.3981336836
v -0.4757579929 -0.09075569094 -0.4136628185
v -0.4676399801 -0.08920709717 -0.4331926748
v -0.4632031265 -0.08836072209 -0.456969239
v -0.4613435178 -0.08800598275 -0.4846541367
v -0.4606078598 -0.08786564847 -0.5153293276
v -0.459394527 -0.08763419287 -0.5475810484
v -0.4561654816 -0.08701821951 -0.5796548768
v -0.4496404225 -0.08577349793 -0.6096636351
v -0.4389479652 -0.08373380261 -0.6358219345
v -0.4237154284 -0.0808280408 -0.6566766407
v -0.4040878996 -0.07708388944 -0.671302127
v -0.3806773314 -0.07261808471 -0.6794330356
v -0.3544520564 -0.06761534596 -0.6815149443
v -0.3265849716 -0.06229941522 -0.6786638719
v -0.2982836607 -0.05690065144 -0.6725375685
v -0.270627286 -0.05162491581 -0.6651334055
v -0.2444330458 -0.04662809726 -0.6585378008
v -0.2201697659 -0.04199962907 -0.6546590754
v -0.1979286008 -0.03775689991 -0.6549784408
v -0.1774520324 -0.03385078559 -0.6603520331
v -0.1582136739 -0.03018087242 -0.6708906982
v -0.1395340825 -0.02661754979 -0.6859343824
v -0.1207129054 -0.02302721825 -0.7041257646
v -0.1011558849 -0.01929651706 -0.7235747923
v -0.08047674727 -0.01535176058 -0.7420937787
v -0.05855850566 -0.01117063238 -0.7574732966
v -0.03556548696 -0.006784479484 -0.7677635326
v -0.01190540044 -0.002271076596 -0.7715248201
v -0.01001009623 -0.002570155875 0.6578785698
v -0.03032326888 -0.007785692152 0.6638597381
v -0.05146147945 -0.01321306216 0.6750892646
v -0.07378382911 -0.01894446742 0.6900032854
v -0.09739089878 -0.0250057327 0.7065001227
v -0.1220853104 -0.03134617996 0.7222067404
v -0.1473846393 -0.03784194357 0.7347779028
v -0.1725859637 -0.0443125439 0.7421895238
v -0.1968729624 -0.05054838527 0.7429887029
v -0.2194493707 -0.05634502171 0.736468851
v -0.2396778931 -0.06153882349 0.7227483073
v -0.2572020993 -0.06603827488 0.7027435872
v -0.2720307081 -0.06984561453 0.6780421664
v -0.2845687699 -0.07306484165 0.6506926699
v -0.2955878941 -0.07589407186 0.622940792
v -0.30613675 -0.0786025577 0.5969458581
v -0.3174022617 -0.08149504949 0.5745148426
v -0.3305398591 -0.08486821117 0.5568876771
v -0.3464966164 -0.08896521011 0.5446003057
v -0.3658532388 -0.09393514601 0.5374412081
v -0.388709222 -0.09980356508 0.5345045185
v -0.4146302609 -0.1064589567 0.5343301288
v -0.4426687576 -0.1136580191 0.535109987
v -0.4714582008 -0.1210498917 0.5349316593
v -0.499371641 -0.128216845 0.5320261379
v -0.5247249765 -0.1347264751 0.5249873197
v -0.5459986761 -0.1401886329 0.512935377
v -0.562047968 -0.1443093906 0.495604645
v -0.5722720274 -0.1469344829 0.4733474273
v -0.5767173395 -0.1480758451 0.4470567363
v -0.5760986423 -0.1479169906 0.4180218317
v -0.5717316315 -0.1467957328 0.3877390204
v -0.5653834809 -0.1451658048 0.3577054161
v -0.5590585903 -0.1435418489 0.3292245858
v -0.5547462407 -0.1424346257 0.3032501769
v -0.5541626915 -0.1422847957 0.2802872403
v -0.5585218248 -0.1434040309 0.2603620254
v -0.5683654307 -0.1459314394 0.2430608741
v -0.5834769596 -0.1498114205 0.2276289525
v -0.6028919488 -0.1547963425 0.2131113353
v -0.6250057536 -0.1604742025 0.1985135441
v -0.6477663337 -0.1663181262 0.1829567384
v -0.6689284054 -0.1717516227 0.1658045565
v -0.6863368174 -0.1762213432 0.1467437467
v -0.69820272 -0.1792679892 0.1258083834
v -0.7033365869 -0.1805861422 0.103346438
v -0.7013074048 -0.1800651368 0.07993640754
v -0.6925067016 -0.1778055002 0.05626926173
v -0.6781083317 -0.1741086272 0.03301603665
v -0.6599284587 -0.1694408292 0.01070324683
v -0.6402031875 -0.1643762403 -0.01038332663
v -0.6213120692 -0.1595258256 -0.03025071525
v -0.605482798 -0.1554615595 -0.04919818098
v -0.5945148908 -0.1526454796 -0.0677639852
v -0.589557667 -0.1513726808 -0.08662806119
v -0.5909707427 -0.151735497 -0.1064863708
v -0.5982844831 -0.1536133464 -0.1279175244
v -0.6102648385 -0.1566893788 -0.1512638574
v -0.6250734676 -0.1604915885 -0.1765473087
v -0.6405018004 -0.1644529111 -0.2034353791
v -0.6542483344 -0.1679824211 -0.2312648833
v -0.6642032022 -0.1705383967 -0.2591222784
v -0.6687035564 -0.1716938913 -0.2859703672
v -0.6667276062 -0.1711865535 -0.3108035215
v -0.6580035909 -0.1689466071 -0.3328084215
v -0.6430214184 -0.165099839 -0.3515055075
v -0.6229475752 -0.1599457521 -0.3668482355
v -0.5994564929 -0.1539142673 -0.3792626447
v -0.5745021781 -0.1475070883 -0.3896179596
v -0.5500611797 -0.1412317065 -0.3991288384
v -0.5278809856 -0.1355368006 -0.4092000264
v -0.5092663676 -0.130757379 -0.4212331083
v -0.4949303467 -0.1270765144 -0.4364214315
v -0.4849271822 -0.1245081384 -0.4555621065
v -0.4786734367 -0.1229024494 -0.4789127559
v -0.4750512949 -0.1219724415 -0.5061154559
v -0.4725775486 -0.1213372914 -0.5362017073
v -0.4696134272 -0.1205762343 -0.5676814336
v -0.4645858155 -0.1192853631 -0.5987073835
v -0.4561899019 -0.1171296589 -0.6272955466
v -0.4435468957 -0.1138834866 -0.6515737848
v -0.4262975449 -0.1094546061 -0.6700260906
v -0.4046216985 -0.1038891946 -0.6816994428
v -0.3791847018 -0.09735808394 -0.6863443193
v -0.3510215005 -0.09012700288 -0.6844680714
v -0.3213775445 -0.08251572862 -0.677291547
v -0.2915308426 -0.07485239808 -0.6666120895
v -0.2626211462 -0.06742964965 -0.6545886386
v -0.2355101141 -0.06046871972 -0.643475395
v -0.2106908393 -0.05409621306 -0.6353378924
v -0.1882571757 -0.04833622725 -0.6317883048
v -0.167934107 -0.04311815011 -0.6337749118
v -0.1491613187 -0.03829811731 -0.6414540657
v -0.1312144941 -0.03369015593 -0.6541625452
v -0.1133437459 -0.02910172766 -0.6704952215
v -0.09490671735 -0.02436790332 -0.6884791936
v -0.07547545231 -0.01937880243 -0.7058228163
v -0.05490084539 -0.01409614124 -0.7202080418
v -0.03332558029 -0.008556554703 -0.7295885906
v -0.01114483731 -0.002861507864 -0.732455459
v -0.01041111074 -0.00338277494 0.6968433216
v -0.03110471179 -0.01010653351 0.6935169565
v -0.05175356884 -0.01681575387 0.6914325597
v -0.07246310332 -0.02354468952 0.6901404571
v -0.0932614582 -0.03030248467 0.6890117981
v -0.1140864333 -0.03706892924 0.6873259126
v -0.1347893597 -0.04379571779 0.6843685813
v -0.1551556887 -0.05041313925 0.6795284439
v -0.17493934 -0.05684123722 0.6723791022
v -0.1939055385 -0.06300372866 0.6627364333
v -0.2118753356 -0.06884246969 0.6506839544
v -0.2287644988 -0.07433009147 0.6365633052
v -0.244610067 -0.07947862865 0.6209314915
v -0.2595795377 -0.08434250453 0.604490836
v -0.2739601458 -0.08901504735 0.5880010544
v -0.288128654 -0.09361867475 0.5721850618
v -0.3025050792 -0.09828985845 0.5576407417
v -0.3174963655 -0.1031608226 0.5447699173
v -0.3334378033 -0.1083405098 0.5337333102
v -0.3505406813 -0.1138975717 0.5244366977
v -0.3688541283 -0.1198479713 0.5165492962
v -0.3882473821 -0.1261492215 0.5095511583
v -0.4084160388 -0.1327024153 0.5028026554
v -0.4289125409 -0.1393621325 0.495626411
v -0.4491977227 -0.1459531876 0.4873906895
v -0.4687071189 -0.1522921747 0.4775833921
v -0.4869234299 -0.1582110129 0.4658674045
v -0.5034453609 -0.1635793137 0.4521108384
v -0.51804321 -0.1683224424 0.4363892841
v -0.5306930964 -0.1724326397 0.4189610615
v -0.541584401 -0.1759714391 0.400220056
v -0.5510985076 -0.1790627597 0.3806335909
v -0.5597608033 -0.1818773102 0.3606745294
v -0.568171605 -0.1846101453 0.3407572066
v -0.5769246997 -0.1874541982 0.3211858594
v -0.5865240967 -0.1905732313 0.3021220981
v -0.5973101036 -0.1940778174 0.2835750015
v -0.6094048541 -0.1980076401 0.2654140434
v -0.6226850441 -0.2023226354 0.2474017757
v -0.6367861701 -0.206904369 0.2292404634
v -0.6511384577 -0.2115677099 0.2106250703
v -0.6650304703 -0.2160814984 0.1912943619
v -0.6776926537 -0.2201956912 0.1710724952
v -0.6883903171 -0.2236715727 0.1498951733
v -0.6965141538 -0.2263111673 0.1278169884
v -0.701656568 -0.2279820389 0.1049995619
v -0.70366379 -0.2286342249 0.08168305913
v -0.7026568198 -0.2283070405 0.05814616701
v -0.6990182373 -0.2271247933 0.03466130845
v -0.6933463327 -0.2252818798 0.01145247878
v -0.6863822595 -0.2230191153 -0.01133744838
v -0.6789194297 -0.2205942949 -0.03366469501
v -0.6717066869 -0.2182507326 -0.05558498558
v -0.6653576035 -0.2161877904 -0.07723638083
v -0.6602774403 -0.2145371453 -0.0988073726
v -0.6566169899 -0.2133477929 -0.1204954784
v -0.6542590109 -0.2125816391 -0.1424631716
v -0.6528387132 -0.2121201564 -0.1647985219
v -0.6517953384 -0.2117811434 -0.1874873091
v -0.6504478845 -0.2113433291 -0.2104016892
v -0.6480849658 -0.2105755702 -0.2333079845
v -0.6440570851 -0.2092668324 -0.2558931967
v -0.6378594313 -0.2072530927 -0.277806863
v -0.629194716 -0.204437756 -0.2987123296
v -0.6180083154 -0.2008030741 -0.318339809
v -0.6044917193 -0.1964112658 -0.3365329868
v -0.5890544882 -0.1913954054 -0.3532815793
v -0.5722690238 -0.1859414774 -0.3687340371
v -0.5547959195 -0.1802641216 -0.3831873252
v -0.5373000331 -0.1745793635 -0.3970539936
v -0.5203683996 -0.1690779423 -0.4108101247
v -0.5044405949 -0.1639026849 -0.424930712
v -0.4897602449 -0.15913275 -0.4398211448
v -0.4763533538 -0.154776587 -0.4557544102
v -0.464035417 -0.1507742467 -0.4728232185
v -0.4524454101 -0.1470084252 -0.490914511
v -0.4411012316 -0.1433224782 -0.5097109537
v -0.4294684882 -0.1395427707 -0.5287204119
v -0.4170330024 -0.1355022364 -0.5473305402
v -0.4033672553 -0.1310619661 -0.5648820385
v -0.3881821555 -0.1261280281 -0.5807513325
v -0.3713578371 -0.1206614756 -0.5944318422
v -0.3529502984 -0.1146805038 -0.6056028534
v -0.3331741333 -0.1082548382 -0.6141763679
v -0.3123649002 -0.1014935085 -0.6203150129
v -0.2909273578 -0.09452802871 -0.6244178059
v -0.2692775128 -0.08749356765 -0.6270748082
v -0.247786958 -0.08051086314 -0.6289958845
v -0.226737287 -0.0736714104 -0.6309223569
v -0.2062905851 -0.06702787424 -0.6335327954
v -0.1864794099 -0.06059083321 -0.6373551779
v -0.1672166681 -0.05433198902 -0.6426970239
v -0.148322839 -0.0481930118 -0.6496029171
v -0.1295654963 -0.0420983817 -0.6578453605
v -0.1107044179 -0.03597004583 -0.6669505994
v -0.09153495645 -0.02974151025 -0.6762564745
v -0.07192285688 -0.02336915281 -0.684995136
v -0.05182524246 -0.01683904204 -0.6923901261
v -0.03129480786 -0.01016829946 -0.6977553769
v -0.010466988 -0.003400930563 -0.7005833352
v -0.01035228988 -0.004098761517 0.7087650065
v -0.03072829666 -0.01216619331 0.700804943
v -0.05041373769 -0.01996021078 0.6889475937
v -0.06920112905 -0.02739866523 0.6741577088
v -0.08703215769 -0.03445846889 0.6577062583
v -0.1040188673 -0.04118398302 0.6410156046
v -0.1204357278 -0.0476838779 0.625485954
v -0.1366830013 -0.05411662853 0.6123253087
v -0.1532264566 -0.06066664585 0.6024045571
v -0.1705224132 -0.06751459953 0.5961559315
v -0.1889397063 -0.07480652169 0.5935272959
v -0.2086910341 -0.0826266256 0.5939973799
v -0.2297851143 -0.09097836277 0.5966491387
v -0.2520082471 -0.09977712347 0.6002909379
v -0.274939662 -0.1088563129 0.6036092376
v -0.2979999984 -0.117986546 0.6053326422
v -0.3205271819 -0.1269056889 0.6043860855
v -0.3418695645 -0.1353557359 0.6000156317
v -0.3614831656 -0.14312131 0.5918686208
v -0.3790186719 -0.1500641081 0.5800200682
v -0.39438475 -0.1561479688 0.5649434867
v -0.4077771314 -0.1614503877 0.5474316345
v -0.4196674681 -0.166158105 0.528479135
v -0.4307515326 -0.1705465966 0.5091436065
v -0.4418621625 -0.1749456062 0.4904042931
v -0.453857609 -0.1796949394 0.473036937
v -0.4674998615 -0.1850962893 0.4575208665
v -0.4833395096 -0.1913676496 0.4439894382
v -0.5016234181 -0.1986067611 0.4322287609
v -0.5222389225 -0.2067690167 0.4217229413
v -0.5447036919 -0.2156634481 0.4117378449
v -0.5682044477 -0.2249680556 0.4014304137
v -0.5916811555 -0.2342631417 0.3899675717
v -0.6139470217 -0.2430788218 0.3766380456
v -0.6338295035 -0.2509508532 0.3609420676
v -0.6503143005 -0.2574776461 0.3426476076
v -0.662673429 -0.2623709712 0.3218069403
v -0.6705601507 -0.2654935453 0.2987332042
v -0.6740575502 -0.2668782637 0.2739423154
v -0.6736734323 -0.2667261806 0.2480703403
v -0.6702811764 -0.2653830915 0.2217795545
v -0.6650133117 -0.2632973963 0.1956675159
v -0.659120911 -0.2609644298 0.1701924417
v -0.653816585 -0.2588642986 0.1456252203
v -0.6501212336 -0.2574012055 0.1220339734
v -0.6487344464 -0.2568521376 0.09930191358
v -0.649945543 -0.2573316447 0.0771740919
v -0.6535970707 -0.2587773868 0.05532426967
v -0.6591058076 -0.26095845 0.03343022901
v -0.6655388429 -0.2635054688 0.01124476664
v -0.6717351087 -0.265958744 -0.01134945709
v -0.6764567844 -0.2678281877 -0.03431028063
v -0.678551069 -0.2686573736 -0.05743652169
v -0.6771014494 -0.2680834286 -0.08039856577
v -0.6715489651 -0.2658850446 -0.1027941366
v -0.6617678924 -0.2620124439 -0.1242201626
v -0.6480862338 -0.2565954921 -0.1443488935
v -0.6312485932 -0.2499289986 -0.1629954954
v -0.6123264977 -0.242437211 -0.1801654232
v -0.5925879991 -0.2346221865 -0.1960727931
v -0.5733435623 -0.227002775 -0.2111253402
v -0.555788148 -0.2200520948 -0.2258766957
v -0.5408596681 -0.2141414914 -0.2409518989
v -0.5291316117 -0.2094980254 -0.2569564699
v -0.5207529601 -0.2061806826 -0.2743823345
v -0.5154421724 -0.204077993 -0.2935249344
v -0.512534897 -0.2029269212 -0.3144247551
v -0.5110780966 -0.2023501331 -0.3368433867
v -0.5099573973 -0.2019064169 -0.3602794906
v -0.5080404448 -0.2011474417 -0.3840243438
v -0.5043173827 -0.1996733771 -0.4072507827
v -0.4980204285 -0.1971802366 -0.4291242094
v -0.4887077633 -0.1934930916 -0.4489206468
v -0.4763020702 -0.1885813302 -0.4661351881
v -0.4610803412 -0.1825546214 -0.4805648908
v -0.4436181382 -0.1756408461 -0.492353177
v -0.4246974527 -0.1681496168 -0.5019877501
v -0.4051918636 -0.1604268077 -0.5102502858
v -0.3859452628 -0.1528065394 -0.5181228415
v -0.3676606954 -0.145567167 -0.5266621368
v -0.350813877 -0.1388970398 -0.5368576906
v -0.3356020327 -0.1328742446 -0.549492566
v -0.3219334419 -0.1274624666 -0.5650257221
v -0.3094572466 -0.1225227914 -0.5835126143
v -0.2976275065 -0.117839066 -0.6045759927
v -0.2857909415 -0.1131526384 -0.6274324012
v -0.2732849005 -0.1082011465 -0.6509725419
v -0.2595311978 -0.1027556704 -0.6738864093
v -0.2441126412 -0.09665103194 -0.6948179152
v -0.2268221034 -0.08980522374 -0.7125294747
v -0.2076783888 -0.08222569094 -0.7260553082
v -0.186908236 -0.0740022057 -0.7348233171
v -0.1648988224 -0.06528806242 -0.7387291867
v -0.1421293657 -0.05627299676 -0.7381524031
v -0.1190932426 -0.04715235042 -0.733911346
v -0.09622308659 -0.03809741507 -0.7271625561
v -0.07383045508 -0.02923154507 -0.7192566237
v -0.05206905256 -0.0206155963 -0.7115689118
v -0.03092656433 -0.01224469303 -0.7053267347
v -0.01024552216 -0.004056489189 -0.7014552016
v -0.01087692227 -0.005118291108 0.765217423
v -0.03234600947 -0.0152208767 0.758040415
v -0.05295558206 -0.02491900541 0.7436387603
v -0.07229409058 -0.03401901677 0.7237092202
v -0.09021079993 -0.04244998023 0.7005251627
v -0.1068551465 -0.05028221521 0.6766512798
v -0.1226637819 -0.05772119435 0.6546234408
v -0.1382960223 -0.06507716834 0.6366348005
v -0.154526777 -0.07271478173 0.6242682083
v -0.1721131069 -0.08099028044 0.6183086547
v -0.1916552698 -0.09018612427 0.6186588187
v -0.2134746702 -0.1004535547 0.6243671876
v -0.2375292689 -0.1117727897 0.6337635251
v -0.2633819139 -0.123938121 0.6446826241
v -0.2902294448 -0.1365716101 0.654746124
v -0.3169913684 -0.1491648154 0.6616651342
v -0.3424477429 -0.161143676 0.6635243757
v -0.3654079837 -0.1719479452 0.6590117228
v -0.3848868562 -0.1811140069 0.6475649005
v -0.4002617926 -0.1883489027 0.6294185421
v -0.4113872946 -0.1935841666 0.6055482443
v -0.4186474188 -0.1970005217 0.5775218552
v -0.4229355297 -0.1990183535 0.5472801461
v -0.4255605518 -0.2002535952 0.5168777156
v -0.428089461 -0.2014436095 0.4882193273
v -0.4321452289 -0.203352109 0.462826415
v -0.4391864992 -0.2066654793 0.4416633709
v -0.4502988532 -0.2118945562 0.4250442691
v -0.466027018 -0.2192956687 0.4126291796
v -0.4862727418 -0.2288225832 0.4035068371
v -0.5102748511 -0.2401171185 0.3963488613
v -0.5366772647 -0.2525411513 0.3896115506
v -0.5636789039 -0.2652471582 0.3817556909
v -0.5892481142 -0.2772791153 0.3714535165
v -0.6113749782 -0.2876912272 0.3577549844
v -0.6283290636 -0.2956692142 0.3401923398
v -0.6388885881 -0.3006381492 0.3188114876
v -0.6425099844 -0.302342249 0.2941295232
v -0.6394141014 -0.300885437 0.2670283279
v -0.63057586 -0.2967264763 0.2386029149
v -0.6176167311 -0.2906283732 0.2099889868
v -0.6026122383 -0.2835677948 0.1821962031
v -0.5878381023 -0.2766156141 0.1559717316
v -0.5754870722 -0.2708036605 0.1317131744
v -0.5673927682 -0.2669947701 0.1094417879
v -0.5647963772 -0.2657730013 0.0888373394
v -0.5681868095 -0.2673684176 0.06932640618
v -0.5772355996 -0.271626455 0.05020785663
v -0.5908356331 -0.278026145 0.03079384185
v -0.6072393034 -0.2857451263 0.01054265258
v -0.624278733 -0.2937632733 -0.01083848453
v -0.6396399621 -0.300991719 -0.03333748124
v -0.6511559313 -0.3064107228 -0.05663743481
v -0.6570806218 -0.3091986705 -0.08017264273
v -0.6563091834 -0.3088356591 -0.1032314725
v -0.6485159541 -0.3051684438 -0.1250892671
v -0.6341930151 -0.2984285803 -0.1451493513
v -0.6145848907 -0.2892016973 -0.1630684864
v -0.5915284839 -0.2783521759 -0.1788450963
v -0.5672195421 -0.2669132561 -0.1928539998
v -0.5439362702 -0.25595698 -0.2058194546
v -0.5237559452 -0.2464608399 -0.2187278541
v -0.5083008679 -0.2391882326 -0.2326910018
v -0.4985457083 -0.2345978029 -0.2487790546
v -0.4947098705 -0.2327927946 -0.267847722
v -0.4962470919 -0.2335161561 -0.2903862228
v -0.5019316491 -0.2361911057 -0.3164104756
v -0.5100279977 -0.2400009581 -0.3454202194
v -0.5185200846 -0.2439970309 -0.376429984
v -0.5253693193 -0.2472200361 -0.4080732786
v -0.5287671858 -0.2488189507 -0.438768527
v -0.5273500345 -0.2481520899 -0.4669257441
v -0.5203494321 -0.2448578565 -0.4911661278
v -0.507660674 -0.2388869802 -0.5105237182
v -0.4898233911 -0.2304933919 -0.5245995764
v -0.4679200129 -0.2201864445 -0.5336445177
v -0.4434085893 -0.2086522441 -0.5385556009
v -0.4179146787 -0.1966557204 -0.5407831462
v -0.3930116413 -0.1849372405 -0.5421574385
v -0.3700191774 -0.1741178083 -0.5446557689
v -0.3498463707 -0.164625206 -0.5501394253
v -0.3328984361 -0.1566501133 -0.5600953609
v -0.3190568936 -0.1501367778 -0.5754177318
v -0.3077323843 -0.1448078682 -0.5962601373
v -0.2979793009 -0.1402184155 -0.6219807028
v -0.2886532169 -0.1358298935 -0.6511902163
v -0.2785868654 -0.1310930281 -0.6818999405
v -0.2667588017 -0.1255271638 -0.7117522792
v -0.2524310051 -0.1187850145 -0.738306032
v -0.2352371389 -0.1106941952 -0.7593400935
v -0.2152111035 -0.1012706582 -0.773136284
v -0.1927546886 -0.09070347151 -0.778704031
v -0.1685521856 -0.07931463807 -0.7759166551
v -0.1434474346 -0.06750123896 -0.7655401764
v -0.1183038753 -0.05566957806 -0.7491493977
v -0.09387004039 -0.04417188808 -0.7289407185
v -0.07067136592 -0.0332554205 -0.7074647279
v -0.04894449451 -0.02303153088 -0.687312306
v -0.02862316755 -0.01346904027 -0.6707942701
v -0.009376450882 -0.00441222287 -0.6596556825
v -0.01089179092 -0.00598781273 0.7912023625
v -0.03237289101 -0.01779714744 0.7833621626
v -0.05307592782 -0.02917873824 0.7695862884
v -0.0726709193 -0.03995117597 0.7511582046
v -0.09101732602 -0.05003719841 0.7297913851
v -0.1081926637 -0.0594794202 0.707419018
v -0.1244838082 -0.0684355527 0.685957995
v -0.1403414942 -0.07715338931 0.6670774132
v -0.1563044541 -0.08592910077 0.6520010276
v -0.1729046857 -0.09505515536 0.6413684587
v -0.1905686824 -0.1047660197 0.6351721218
v -0.2095305776 -0.1151904098 0.6327768535
v -0.2297718296 -0.1263181322 0.6330184168
v -0.250998451 -0.1379875661 0.6343668958
v -0.272661374 -0.1498968588 0.6351327955
v -0.294019103 -0.1616383697 0.6336884864
v -0.3142352868 -0.1727523108 0.6286761437
v -0.3324982111 -0.1827924384 0.6191756597
v -0.3481453283 -0.1913945139 0.6048117876
v -0.3607744385 -0.198337426 0.5857881882
v -0.3703242857 -0.2035874989 0.5628459206
v -0.3771110621 -0.2073185608 0.5371538989
v -0.3818131413 -0.2099035507 0.5101476013
v -0.3854035095 -0.2118773723 0.4833386944
v -0.3890368413 -0.2138748134 0.4581214393
v -0.3939049101 -0.2165510568 0.4356013968
v -0.4010790476 -0.2204950723 0.4164681856
v -0.4113609134 -0.2261475759 0.4009274594
v -0.4251624756 -0.2337350489 0.38869882
v -0.4424328088 -0.2432294949 0.379077276
v -0.4626434702 -0.2543404001 0.3710473561
v -0.4848365728 -0.2665411615 0.3634322419
v -0.507731247 -0.2791276151 0.3550561868
v -0.5298761245 -0.2913018646 0.3448975254
v -0.5498289036 -0.3022709976 0.3322117993
v -0.5663398975 -0.3113479934 0.3166095378
v -0.5785153574 -0.3180415091 0.2980802335
v -0.5859384921 -0.322122412 0.2769620222
v -0.5887312669 -0.3236577529 0.2538643294
v -0.5875475939 -0.3230070231 0.2295571955
v -0.5834974517 -0.3207804386 0.2048452432
v -0.5780106059 -0.3177640196 0.1804457411
v -0.5726567246 -0.3148206985 0.1568888141
v -0.5689446757 -0.3127799823 0.1344538172
v -0.5681268412 -0.312330374 0.1131498925
v -0.5710339386 -0.3139285643 0.09274169221
v -0.5779621131 -0.3177373605 0.07281424731
v -0.588627433 -0.3236006697 0.0528650354
v -0.6021942345 -0.3310590819 0.03240732936
v -0.6173741745 -0.3394043246 0.01106745933
v -0.6325836225 -0.3477657894 -0.01134011399
v -0.6461393844 -0.3552181325 -0.0347722556
v -0.6564677203 -0.3608961833 -0.05895781835
v -0.6622998661 -0.3641024325 -0.08343949396
v -0.6628290231 -0.3643933391 -0.1076501432
v -0.6578088217 -0.36163346 -0.1310112321
v -0.647580902 -0.3560106136 -0.1530372424
v -0.6330284887 -0.3480103567 -0.1734286609
v -0.6154624299 -0.3383533341 -0.1921376064
v -0.5964548552 -0.3279038315 -0.2093941277
v -0.5776422474 -0.3175615128 -0.225687137
v -0.5605234453 -0.3081503717 -0.2417009535
v -0.5462784446 -0.3003191163 -0.2582154692
v -0.5356308155 -0.2944655327 -0.2759839587
v -0.5287705614 -0.2906940761 -0.295606585
v -0.5253461196 -0.2888114733 -0.3174190708
v -0.5245250716 -0.2883600983 -0.3414145134
v -0.5251141991 -0.2886839739 -0.3672120759
v -0.5257219899 -0.2890181097 -0.3940798448
v -0.5249415371 -0.2885890522 -0.4210113878
v -0.5215296342 -0.2867133427 -0.4468475872
v -0.5145589806 -0.2828811934 -0.4704283187
v -0.5035245597 -0.2768149692 -0.4907535351
v -0.488391825 -0.2684956779 -0.5071310965
v -0.4695823808 -0.2581550985 -0.5192896452
v -0.4479012668 -0.2462358052 -0.5274389242
v -0.4244175942 -0.2333255469 -0.5322666784
v -0.4003161215 -0.2200756502 -0.5348697755
v -0.37674065 -0.207114925 -0.536626287
v -0.3546504734 -0.1949707477 -0.5390237149
v -0.3347085714 -0.1840075942 -0.5434651313
v -0.3172152064 -0.1743905354 -0.5510787605
v -0.30209384 -0.166077494 -0.5625568694
v -0.2889288085 -0.1588399566 -0.5780466318
v -0.2770470468 -0.1523079029 -0.5971092421
v -0.2656303256 -0.1460315073 -0.6187547902
v -0.2538407389 -0.1395501271 -0.6415504196
v -0.2409410293 -0.1324584518 -0.6637894176
v -0.2263928486 -0.1244605218 -0.6837004703
v -0.2099199357 -0.1154044612 -0.6996705298
v -0.1915288302 -0.1052938655 -0.7104524099
v -0.171486265 -0.09427537198 -0.7153297178
v -0.1502588225 -0.08260548668 -0.7142168979
v -0.1284258619 -0.07060271505 -0.7076803642
v -0.1065803471 -0.05859304163 -0.6968768665
v -0.08523353539 -0.0468575326 -0.6834160326
v -0.06473837887 -0.03559022496 -0.6691640192
v -0.04524314134 -0.02487262743 -0.6560130487
v -0.02668170168 -0.01466838963 -0.6456462454
v -0.008801069085 -0.004838428674 -0.6393279767
v -0.009393035284 -0.005961001454 0.7081727345
v -0.02803277529 -0.01779014016 0.7040316285
v -0.04647676675 -0.02949505307 0.6994241171
v -0.06471920191 -0.04107205445 0.6943027461
v -0.08274459008 -0.05251131363 0.6885876634
v -0.1005257538 -0.06379558324 0.6821835219
v -0.1180247797 -0.07490080279 0.6749985249
v -0.1351968756 -0.08579854625 0.6669630342
v -0.1519965931 -0.09645997115 0.6580452353
v -0.1683854623 -0.1068606638 0.6482617511
v -0.1843398105 -0.116985601 0.6376817715
v -0.1998574462 -0.1268333921 0.6264241279
v -0.2149620056 -0.136419037 0.6146476666
v -0.2297040603 -0.1457746294 0.6025361537
v -0.244158539 -0.1549477205 0.5902796429
v -0.2584185523 -0.1639974001 0.578054686
v -0.2725862521 -0.1729884958 0.5660058834
v -0.2867618293 -0.1819845907 0.5542310764
v -0.3010320729 -0.1910407627 0.5427719718
v -0.3154600431 -0.2001970309 0.5316112684
v -0.3300773122 -0.209473432 0.5206764942
v -0.3448799216 -0.2188674536 0.5098499021
v -0.3598287127 -0.2283542449 0.4989830129
v -0.3748541012 -0.2378896464 0.4879138375
v -0.3898647358 -0.2474156848 0.4764845343
v -0.404758925 -0.2568678246 0.4645572818
v -0.4194372924 -0.2661829998 0.4520264686
v -0.4338149076 -0.2753073119 0.4388258666
v -0.4478311665 -0.2842023003 0.4249301813
v -0.4614559633 -0.2928488593 0.4103511529
v -0.4746911787 -0.3012481824 0.3951291175
v -0.4875671388 -0.3094195151 0.379321515
v -0.5001343942 -0.3173949379 0.3629901863
v -0.5124518347 -0.3252118234 0.3461893858
v -0.5245726969 -0.3329039564 0.3289562473
v -0.5365303622 -0.3404925216 0.3113050088
v -0.5483259361 -0.3479782204 0.2932257076
v -0.5599194153 -0.355335666 0.2746873681
v -0.5712258226 -0.3625109303 0.2556450461
v -0.5821170636 -0.369422722 0.2360495393
v -0.5924295145 -0.3759672023 0.215858212
v -0.6019765951 -0.3820259639 0.1950452616
v -0.6105649079 -0.387476273 0.1736098748
v -0.6180120239 -0.3922023565 0.1515810784
v -0.6241637497 -0.3961063604 0.129018607
v -0.6289087376 -0.3991176213 0.1060097213
v -0.6321886132 -0.4011990936 0.08266251839
v -0.6340023497 -0.4023501258 0.05909678638
v -0.6344043407 -0.402605237 0.03543380284
v -0.6334964239 -0.4020290555 0.01178660183
v -0.6314148774 -0.400708066 -0.01174787334
v -0.6283140481 -0.3987402198 -0.03509363772
v -0.6243486933 -0.3962237292 -0.05819694734
v -0.619657267 -0.3932464595 -0.08102396842
v -0.6143482383 -0.3898772474 -0.1035553835
v -0.6084911159 -0.3861602046 -0.1257789741
v -0.6021132238 -0.3821126712 -0.1476815471
v -0.5952025044 -0.3777269952 -0.1692416824
v -0.5877158375 -0.372975812 -0.1904246613
v -0.5795916414 -0.3678200403 -0.2111805917
v -0.5707649712 -0.3622184651 -0.2314462449
v -0.5611830257 -0.3561375775 -0.2511505167
v -0.5508189401 -0.3495603288 -0.2702228228
v -0.5396819982 -0.3424926106 -0.2886032291
v -0.5278228917 -0.3349665928 -0.3062527706
v -0.515333328 -0.3270404746 -0.323162297
v -0.5023400434 -0.3187946855 -0.3393583149
v -0.4889940171 -0.3103250397 -0.3549046645
v -0.4754563038 -0.3017337455 -0.3698994274
v -0.4618823269 -0.2931194378 -0.3844671323
v -0.4484066508 -0.2845675137 -0.3987470111
v -0.4351301506 -0.2761419905 -0.4128786641
v -0.4221111544 -0.2678798843 -0.4269869244
v -0.4093615802 -0.2597887585 -0.4411679
v -0.3968484198 -0.2518476654 -0.4554780928
v -0.3845002188 -0.2440112588 -0.4699281337
v -0.3722175649 -0.2362164496 -0.4844820955
v -0.3598861087 -0.2283906695 -0.4990626053
v -0.3473903668 -0.2204606305 -0.5135611945
v -0.3346265235 -0.2123604493 -0.5278525929
v -0.3215126595 -0.2040381381 -0.5418110993
v -0.3079952499 -0.1954597292 -0.5553268377
v -0.2940513363 -0.1866106525 -0.5683196716
v -0.2796863942 -0.177494383 -0.5807488214
v -0.2649285149 -0.1681287481 -0.5926167768
v -0.2498200037 -0.1585405953 -0.6039668454
v -0.2344078063 -0.1487597174 -0.6148745383
v -0.2187342758 -0.1388129925 -0.6254338383
v -0.2028296658 -0.1287196201 -0.6357401185
v -0.1867074197 -0.1184881315 -0.6458719785
v -0.170362857 -0.1081155566 -0.655874459
v -0.1537753243 -0.09758878832 -0.6657459712
v -0.1369133416 -0.08688784864 -0.6754308283
v -0.119741832 -0.07599047731 -0.6848185624
v -0.1022302252 -0.06487727369 -0.6937503322
v -0.08436011379 -0.05353655615 -0.7020318015
v -0.06613124212 -0.04196816242 -0.7094510076
v -0.04756488283 -0.03018559253 -0.7157990648
v -0.02870407933 -0.01821616266 -0.7208911536
v -0.009610726072 -0.006099152229 -0.7245851801
v -0.00812246149 -0.005901313704 0.6391082415
v -0.02461919406 -0.01788689149 0.6452877418
v -0.04176737596 -0.03034577492 0.6559872462
v -0.05982634496 -0.04346638391 0.6698255504
v -0.0788660216 -0.05729951871 0.684956626
v -0.09873866148 -0.07173783672 0.6993017758
v -0.1190886759 -0.08652298763 0.7108101171
v -0.1393999855 -0.1012800178 0.7177138817
v -0.1590742837 -0.1155742322 0.7187459001
v -0.1775284285 -0.1289819532 0.7132917843
v -0.194295755 -0.141164129 0.701458023
v -0.2091149641 -0.1519309147 0.6840482939
v -0.2219916068 -0.1612863432 0.6624522742
v -0.2332208958 -0.1694448992 0.6384625187
v -0.2433661337 -0.176815846 0.6140440675
v -0.2531936436 -0.1839559499 0.5910871858
v -0.2635717754 -0.191496104 0.5711752862
v -0.2753473357 -0.2000515494 0.5553974978
v -0.2892167663 -0.2101282805 0.5442289231
v -0.3056109445 -0.2220393482 0.5374922811
v -0.3246112984 -0.2358439134 0.534403678
v -0.3459111092 -0.2513191317 0.5336941568
v -0.3688299042 -0.267970611 0.5337889517
v -0.3923815171 -0.2850818593 0.5330192811
v -0.4153887269 -0.3017975757 0.5298379601
v -0.4366304799 -0.3172306127 0.523010486
v -0.4550025423 -0.3305786973 0.5117574301
v -0.4696698206 -0.3412350988 0.4958312682
v -0.480188951 -0.3488776944 0.4755201619
v -0.4865831297 -0.3535233371 0.4515813022
v -0.4893571384 -0.3555387724 0.4251158623
v -0.4894483468 -0.3556050392 0.3974050889
v -0.4881181001 -0.3546385584 0.3697316107
v -0.4867961505 -0.3536781058 0.3432111117
v -0.4868975274 -0.3537517604 0.318657052
v -0.4896354871 -0.3557410046 0.296495564
v -0.495855327 -0.3602599828 0.2767398788
v -0.505911653 -0.3675663313 0.2590248036
v -0.5196064051 -0.3775161511 0.2426931701
v -0.5361972269 -0.3895700887 0.2269190201
v -0.5544766184 -0.4028508441 0.2108475868
v -0.5729129526 -0.4162456249 0.193730477
v -0.5898361151 -0.4285410222 0.1750360296
v -0.6036443875 -0.4385733193 0.1545193042
v -0.6130060725 -0.4453749816 0.132242817
v -0.6170297173 -0.4482983306 0.1085469572
v -0.6153806106 -0.4471001845 0.08397679206
v -0.6083280318 -0.4419761861 0.05917855218
v -0.5967166286 -0.4335400078 0.03478349906
v -0.5818651335 -0.422749765 0.01129848694
v -0.5654050879 -0.4107908419 -0.01097887059
v -0.5490800713 -0.3989300231 -0.03200669334
v -0.5345310962 -0.3883595739 -0.05199953761
v -0.5230956293 -0.3800512209 -0.07138329049
v -0.5156459045 -0.374638679 -0.09071166653
v -0.5124870362 -0.3723436268 -0.1105580065
v -0.5133276164 -0.3729543441 -0.1314002544
v -0.5173260246 -0.3758593577 -0.1535183944
v -0.5232058525 -0.3801313027 -0.1769220244
v -0.5294249463 -0.3846497389 -0.2013213337
v -0.5343757739 -0.3882467256 -0.22614818
v -0.5365910025 -0.3898561835 -0.2506261858
v -0.5349278207 -0.3886478111 -0.2738809688
v -0.5287076539 -0.3841285954 -0.2950749625
v -0.5177940699 -0.3761994126 -0.3135468095
v -0.5025999825 -0.3651602619 -0.3289337484
v -0.4840246226 -0.3516644729 -0.3412570717
v -0.4633298901 -0.3366288696 -0.3509554481
v -0.4419734111 -0.3211124794 -0.358858057
v -0.4214209118 -0.3061802146 -0.3660980913
v -0.402962703 -0.2927695409 -0.3739760198
v -0.3875579306 -0.2815773186 -0.3837897759
v -0.3757259861 -0.2729809078 -0.3966545943
v -0.367497737 -0.2670027349 -0.4133376849
v -0.3624309791 -0.2633215198 -0.4341318604
v -0.3596858788 -0.2613270877 -0.4587876848
v -0.3581483448 -0.2602100039 -0.4865162221
v -0.3565832805 -0.259072918 -0.5160650297
v -0.3537962925 -0.2570480527 -0.5458599305
v -0.3487820656 -0.2534050036 -0.5741957213
v -0.3408402209 -0.2476349157 -0.5994516594
v -0.3296446293 -0.2395008423 -0.6203033937
v -0.315259059 -0.2290491137 -0.6359026212
v -0.2980997001 -0.2165821097 -0.6459992967
v -0.2788524371 -0.2025981546 -0.6509883107
v -0.2583587113 -0.1877085913 -0.6518722698
v -0.2374876372 -0.1725448683 -0.6501430951
v -0.2170132195 -0.1576693331 -0.647596109
v -0.1975139762 -0.1435023036 -0.646099618
v -0.1793082968 -0.1302751032 -0.6473494153
v -0.1624330947 -0.1180145512 -0.6526402162
v -0.1466666362 -0.1065595486 -0.6626843823
v -0.1315898283 -0.09560560652 -0.6775025561
v -0.1166747035 -0.08476913407 -0.6964017282
v -0.1013851281 -0.07366060727 -0.7180449791
v -0.08527340272 -0.06195475358 -0.7406051557
v -0.06805756742 -0.04944671709 -0.7619836643
v -0.04966765111 -0.0360856608 -0.7800668566
v -0.0302542699 -0.02198101374 -0.7929873517
v -0.01015906863 -0.007380995406 -0.7993567588
v -0.008165118073 -0.006754773117 0.6745695971
v -0.02485050596 -0.02055812642 0.6838996101
v -0.04234605956 -0.0350317071 0.6983107787
v -0.06091784187 -0.05039562159 0.71612904
v -0.08061455744 -0.06669016181 0.735130005
v -0.1012359146 -0.08374963209 0.7528172184
v -0.122344425 -0.1012121105 0.7667342358
v -0.1433200199 -0.1185646318 0.7747703905
v -0.1634499219 -0.135217535 0.7754211792
v -0.1820403255 -0.1505968544 0.7679703517
v -0.1985325374 -0.1642403985 0.7525712189
v -0.212604925 -0.17588209 0.7302179598
v -0.224243583 -0.1855104253 0.7026120633
v -0.2337688571 -0.1933904173 0.671942543
v -0.2418112022 -0.2000436238 0.6406094644
v -0.2492373757 -0.2061870888 0.610927188
v -0.257035594 -0.212638336 0.5848457137
v -0.2661748617 -0.2201989958 0.5637254145
v -0.2774582245 -0.2295334053 0.5481927565
v -0.2913914599 -0.24105998 0.5380934247
v -0.3080873771 -0.254872044 0.5325461493
v -0.3272215432 -0.2707012028 0.5300872566
v -0.348048447 -0.287930716 0.5288843209
v -0.3694787599 -0.3056594127 0.5269888079
v -0.3902096169 -0.3228094691 0.5225933388
v -0.4088919619 -0.338264849 0.5142596589
v -0.4243131285 -0.3510223475 0.5010883896
v -0.4355698499 -0.3603347174 0.4828103858
v -0.4422073075 -0.3658256998 0.4597907449
v -0.4443036743 -0.3675599652 0.4329486066
v -0.4424864312 -0.366056611 0.4036071741
v -0.4378756605 -0.3622422498 0.3732973448
v -0.4319593558 -0.3573478569 0.3435437823
v -0.4264152013 -0.3527613334 0.3156635385
v -0.4229009462 -0.3498540887 0.2906043823
v -0.4228403501 -0.3498039592 0.2688433353
v -0.4272329706 -0.353437851 0.2503566094
v -0.4365135682 -0.361115429 0.2346615607
v -0.4504808689 -0.372670185 0.2209209733
v -0.4683066295 -0.3874169367 0.2080914226
v -0.4886255145 -0.4042261802 0.1950918269
v -0.5096956215 -0.4216568887 0.1809663166
v -0.5296100057 -0.4381315 0.1650174272
v -0.5465325448 -0.4521310419 0.1468909847
v -0.5589279304 -0.4623853966 0.1266020287
v -0.5657559735 -0.4680340452 0.1045004735
v -0.5666047684 -0.4687362294 0.08118452134
v -0.5617450066 -0.4647158847 0.05737771704
v -0.5520978869 -0.4567350933 0.03379082146
v -0.5391202707 -0.4459990754 0.010991606
v -0.5246215151 -0.4340046617 -0.01069600478
v -0.5105353483 -0.4223515711 -0.03124701111
v -0.4986760291 -0.412540689 -0.05093573019
v -0.4905100889 -0.4057852357 -0.07028148896
v -0.4869729054 -0.4028590231 -0.08994849653
v -0.488353476 -0.4040011304 -0.1106163021
v -0.4942618357 -0.4088889507 -0.1328422405
v -0.5036827858 -0.4166826383 -0.1569389486
v -0.5151083914 -0.4261347213 -0.1828881087
v -0.5267315647 -0.4357502465 -0.2103062983
v -0.5366752943 -0.4439764151 -0.2384709471
v -0.5432277358 -0.4493970661 -0.2664050982
v -0.545052968 -0.4509070295 -0.2930103196
v -0.5413507838 -0.4478443164 -0.3172291374
v -0.5319458859 -0.4400639082 -0.3382130067
v -0.5172963458 -0.4279447546 -0.3554699661
v -0.4984218561 -0.4123304188 -0.3689681003
v -0.4767627351 -0.3944124357 -0.3791765847
v -0.4539894404 -0.3755727278 -0.3870346492
v -0.4317883756 -0.3572064097 -0.3938491076
v -0.4116522682 -0.340548373 -0.4011316724
v -0.3947020985 -0.3265259731 -0.4103965918
v -0.3815627024 -0.3156561193 -0.4229457929
v -0.3723064964 -0.3079987198 -0.4396716722
v -0.3664703552 -0.3031706439 -0.4609063944
v -0.3631408322 -0.3004162229 -0.4863411144
v -0.3610939852 -0.2987229238 -0.5150295754
v -0.3589692422 -0.2969651836 -0.5454792444
v -0.3554528967 -0.2940562095 -0.5758210446
v -0.3494463997 -0.2890872031 -0.6040375178
v -0.340197595 -0.2814359265 -0.6282205013
v -0.3273789147 -0.2708313919 -0.6468244004
v -0.3111044315 -0.2573679684 -0.6588806826
v -0.2918864014 -0.2414694313 -0.6641434678
v -0.2705402828 -0.2238103862 -0.6631445776
v -0.2480540274 -0.2052081379 -0.6571480402
v -0.2254417925 -0.1865016704 -0.6480073232
v -0.2036035746 -0.1684355253 -0.6379416781
v -0.1832104984 -0.1515649056 -0.6292591594
v -0.1646309664 -0.1361945799 -0.6240615703
v -0.1479062872 -0.1223587221 -0.6239696786
v -0.1327767889 -0.1098425126 -0.6299050684
v -0.1187518937 -0.09824011018 -0.6419581235
v -0.1052113075 -0.08703836313 -0.6593607472
v -0.09152024499 -0.07571213117 -0.6805689119
v -0.0771400578 -0.06381580573 -0.7034457904
v -0.06171693914 -0.05105669234 -0.7255229506
v -0.04513528331 -0.03733915366 -0.7443066761
v -0.02752816716 -0.02277328042 -0.7575903211
v -0.009244363446 -0.007647602537 -0.7637325595
v -0.008162021693 -0.007664648544 0.7127435705
v -0.02455250408 -0.023056336 0.7142071305
v -0.04114937335 -0.03864183365 0.7172494711
v -0.05803821026 -0.05450150716 0.7211607087
v -0.07521636458 -0.0706328678 0.7249937844
v -0.09258019044 -0.08693858563 0.7276864228
v -0.1099303123 -0.1032314345 0.7281978668
v -0.1269946543 -0.1192559182 0.7256427564
v -0.1434660797 -0.1347236163 0.719404983
v -0.1590490409 -0.1493569909 0.709217061
v -0.1735080175 -0.1629348737 0.6951951425
v -0.18670998 -0.1753323416 0.6778256375
v -0.1986537683 -0.1865483054 0.657905709
v -0.2094810332 -0.196715784 0.6364458539
v -0.2194660269 -0.2060923172 0.6145475694
v -0.2289846606 -0.2150309092 0.5932721244
v -0.2384664189 -0.2239348729 0.573517326
v -0.2483354617 -0.233202521 0.555917809
v -0.2589491331 -0.2431694218 0.5407809952
v -0.2705428329 -0.2540566306 0.5280659545
v -0.2831896483 -0.2659327807 0.5174066275
v -0.2967813342 -0.2786962234 0.508175037
v -0.3110344025 -0.2920807454 0.4995749906
v -0.3255216052 -0.3056851343 0.4907530443
v -0.3397254665 -0.3190234479 0.4809116236
v -0.3531072407 -0.3315897703 0.4694093941
v -0.3651822321 -0.3429289419 0.4558361658
v -0.3755911717 -0.3527035869 0.4400534582
v -0.3841575218 -0.3607479251 0.4221967836
v -0.3909221746 -0.3671003568 0.4026410192
v -0.3961498502 -0.372009471 0.3819351991
v -0.400305209 -0.3759116126 0.3607169964
v -0.4040007814 -0.3793819862 0.3396195501
v -0.4079227333 -0.3830649441 0.3191838584
v -0.4127436716 -0.3875921065 0.2997886557
v -0.4190337136 -0.3934988491 0.2816067665
v -0.4271815759 -0.4011502011 0.2645928372
v -0.4373364013 -0.4106862169 0.2485026954
v -0.44937853 -0.4219945285 0.2329400608
v -0.4629237592 -0.4347143454 0.2174225644
v -0.4773612967 -0.4482720954 0.2014565576
v -0.4919211695 -0.4619447261 0.1846093214
v -0.505762906 -0.4749429819 0.166568116
v -0.51807439 -0.4865042349 0.147177868
v -0.5281683069 -0.4959830538 0.1264528027
v -0.5355637696 -0.5029278555 0.1045614433
v -0.5400425197 -0.5071336818 0.08178849815
v -0.5416723251 -0.508664171 0.05848061895
v -0.5407944157 -0.5078397592 0.0349853427
v -0.5379764589 -0.5051935215 0.01159337896
v -0.5339370637 -0.501400277 -0.0115063301
v -0.5294515163 -0.4971880676 -0.03425154218
v -0.525250895 -0.4932434216 -0.05670771058
v -0.5219275728 -0.4901226144 -0.07904502103
v -0.519859261 -0.4881803404 -0.1014953545
v -0.5191613064 -0.4875249173 -0.124296368
v -0.5196732449 -0.4880056596 -0.1476320809
v -0.5209811345 -0.4892338497 -0.1715800922
v -0.5224725296 -0.4906343629 -0.1960747069
v -0.5234167462 -0.4915210413 -0.2208929308
v -0.5230598424 -0.4911858863 -0.2456668296
v -0.5207219331 -0.4889904433 -0.2699216599
v -0.5158842913 -0.4844475953 -0.2931350706
v -0.5082551701 -0.4772833737 -0.3148091703
v -0.4978061948 -0.4674711327 -0.3345449026
v -0.4847751208 -0.4552341397 -0.3521073532
v -0.4696351933 -0.4410168014 -0.3674714861
v -0.4530356822 -0.425428823 -0.3808402895
v -0.4357218247 -0.4091700285 -0.3926310834
v -0.418444915 -0.3929459304 -0.4034302723
v -0.4018743192 -0.3773851052 -0.413921481
v -0.3865226498 -0.3629689281 -0.4247961065
v -0.3726933165 -0.3499823197 -0.4366582474
v -0.3604564746 -0.3384911603 -0.4499372721
v -0.3496554763 -0.3283483478 -0.4648207297
v -0.3399418341 -0.3192266306 -0.4812179112
v -0.3308329915 -0.310672858 -0.4987604359
v -0.3217843549 -0.3021756227 -0.5168412716
v -0.3122654389 -0.2932367656 -0.5346882796
v -0.3018297986 -0.283437047 -0.551463442
v -0.2901696605 -0.2724874485 -0.5663750804
v -0.2771486023 -0.260259861 -0.5787881781
v -0.2628089061 -0.2467939899 -0.5883177144
v -0.2473538426 -0.2322807192 -0.5948917882
v -0.2311086135 -0.2170254337 -0.5987750347
v -0.2144665123 -0.2013974604 -0.6005479557
v -0.1978286697 -0.1857734863 -0.6010436109
v -0.1815463147 -0.1704833372 -0.6012488859
v -0.1658737417 -0.1557658116 -0.6021824583
v -0.1509382956 -0.141740494 -0.6047649636
v -0.1367309418 -0.1283989008 -0.609698217
v -0.1231178273 -0.1156153354 -0.617369476
v -0.1098701032 -0.1031748944 -0.6277937053
v -0.09670665439 -0.0908135932 -0.6406020139
v -0.08334261843 -0.07826392811 -0.6550784956
v -0.06953593539 -0.06529858974 -0.6702413928
v -0.0551247107 -0.05176554896 -0.6849586722
v -0.04004980191 -0.03760926733 -0.6980835162
v -0.02435948931 -0.02287508307 -0.7085925292
v -0.008195980401 -0.007696537893 -0.7157089939
v -0.00766949145 -0.008167178865 0.7131939174
v -0.02290215623 -0.0243883193 0.7094311639
v -0.03783383948 -0.04028894695 0.7022519067
v -0.05232571005 -0.05572122168 0.6923706905
v -0.06632246533 -0.07062625216 0.6807507133
v -0.07986526478 -0.08504786879 0.6684818762
v -0.09308772433 -0.09912835808 0.6566438082
v -0.1061951966 -0.1130863984 0.6461714968
v -0.1194302733 -0.1271803235 0.637740703
v -0.1330297437 -0.1416622886 0.6316876314
v -0.1471797692 -0.1567305352 0.6279727493
v -0.1619765426 -0.1724874986 0.626192819
v -0.1773990942 -0.1889108479 0.6256389013
v -0.1932992536 -0.2058427979 0.6253921572
v -0.2094113078 -0.2230003929 0.6244444818
v -0.2253809567 -0.2400063417 0.6218279942
v -0.2408101915 -0.256436808 0.616736533
v -0.2553121564 -0.2718798321 0.6086236719
v -0.2685682793 -0.2859961692 0.5972651507
v -0.280379275 -0.2985736022 0.582778529
v -0.2907021499 -0.3095663474 0.5655986396
v -0.2996670396 -0.3191129853 0.5464132493
v -0.3075703727 -0.3275291802 0.5260684535
v -0.3148441164 -0.3352749306 0.5054570578
v -0.3220042755 -0.3428997255 0.4854050697
v -0.32958489 -0.3509722601 0.4665712197
v -0.3380660773 -0.3600038072 0.4493722332
v -0.3478058226 -0.3703755825 0.4339427233
v -0.3589850625 -0.3822802638 0.4201336397
v -0.3715741013 -0.3956862286 0.4075478873
v -0.3853257361 -0.4103302322 0.3956067607
v -0.3997969781 -0.4257405398 0.3836368984
v -0.4143974154 -0.4412884263 0.3709650666
v -0.4284585833 -0.4562620493 0.357007515
v -0.4413157094 -0.469953498 0.3413419444
v -0.4523913045 -0.4817478088 0.3237530497
v -0.4612695589 -0.4912021895 0.3042466911
v -0.4677514808 -0.4981047352 0.2830323954
v -0.4718830595 -0.5025044197 0.2604784213
v -0.4739521772 -0.5047078062 0.2370473827
v -0.4744540577 -0.5052422547 0.2132229112
v -0.4740292123 -0.5047898403 0.1894387061
v -0.4733815402 -0.5041001396 0.1660204999
v -0.4731869808 -0.5038929548 0.1431491157
v -0.4740044984 -0.5047635227 0.1208492848
v -0.4762010242 -0.507102585 0.09900478933
v -0.4799002771 -0.5110418892 0.07739640323
v -0.4849623593 -0.5164324593 0.055755645
v -0.4909970567 -0.5228587593 0.03382504025
v -0.4974094002 -0.5296872116 0.0114147459
v -0.5034718332 -0.536143047 -0.01155386898
v -0.5084138441 -0.5414057541 -0.03502489171
v -0.5115176306 -0.544710951 -0.05880867839
v -0.5122075575 -0.5454456485 -0.0826067926
v -0.5101219804 -0.5432247345 -0.1060571411
v -0.5051582992 -0.5379389509 -0.1287920671
v -0.4974855987 -0.5297683548 -0.1504999639
v -0.4875234459 -0.5191597395 -0.1709802333
v -0.4758897905 -0.5067711548 -0.1901822584
v -0.4633248854 -0.4933908899 -0.2082213848
v -0.4506011679 -0.4798415069 -0.2253683655
v -0.4384307513 -0.4668813297 -0.24201282
v -0.4273823314 -0.4551159574 -0.2586053705
v -0.417817928 -0.4449309023 -0.2755866274
v -0.4098571469 -0.4364535314 -0.2933135539
v -0.4033729432 -0.4295485558 -0.3119945694
v -0.3980187009 -0.4238468669 -0.3316438808
v -0.3932823706 -0.4188031874 -0.3520630568
v -0.3885599707 -0.4137743423 -0.3728540989
v -0.3832384042 -0.4081074496 -0.3934637359
v -0.3767765654 -0.4012262901 -0.4132540256
v -0.3687742191 -0.3927046568 -0.4315902556
v -0.3590200275 -0.3823174978 -0.447934216
v -0.3475130951 -0.3700638593 -0.4619296229
v -0.3344560775 -0.3561595478 -0.4734670329
v -0.3202217407 -0.3410015187 -0.482717989
v -0.3052983385 -0.3251097096 -0.4901320746
v -0.2902218413 -0.3090548706 -0.4963955204
v -0.2755045451 -0.2933825421 -0.502355327
v -0.2615697556 -0.2785434984 -0.5089177977
v -0.2487010684 -0.2648397384 -0.5169342234
v -0.2370124785 -0.2523926544 -0.5270886572
v -0.2264424657 -0.2411367341 -0.5398029099
v -0.2167717918 -0.2308385123 -0.5551720317
v -0.2076614797 -0.2211370153 -0.5729398052
v -0.1987047856 -0.2115991048 -0.5925186569
v -0.1894852694 -0.2017813172 -0.6130525555
v -0.1796325484 -0.191289235 -0.6335156935
v -0.168868 -0.1798261553 -0.6528348317
v -0.1570344562 -0.1672247111 -0.6700197981
v -0.1441065012 -0.1534578373 -0.6842852726
v -0.1301809611 -0.1386286433 -0.6951478495
v -0.1154501155 -0.1229418859 -0.7024853882
v -0.1001626337 -0.1066623713 -0.7065504468
v -0.08457889479 -0.09006737493 -0.7079355266
v -0.06892795863 -0.07340082071 -0.7074941616
v -0.05337295061 -0.0568364196 -0.7062277154
v -0.03799009991 -0.04045534741 -0.7051523309
v -0.02276437534 -0.02424159755 -0.7051631789
v -0.007601954841 -0.008095259681 -0.7069136185
v -0.007541320594 -0.009115890646 0.7531186476
v -0.02254936915 -0.02725750494 0.7501415475
v -0.0371300407 -0.04488250917 0.7401382857
v -0.05099796693 -0.06164595231 0.724688454
v -0.06404172225 -0.07741314396 0.7059360829
v -0.07635112455 -0.0922926553 0.6863127606
v -0.08820869698 -0.1066259981 0.6682266332
v -0.1000457754 -0.120934568 0.653757392
v -0.1123694878 -0.1358313773 0.6443963111
v -0.125671699 -0.1519109884 0.6408642419
v -0.1403342438 -0.1696349604 0.6430300576
v -0.1565458482 -0.1892314238 0.6499387735
v -0.1742448514 -0.2106258434 0.6599442288
v -0.1930983409 -0.2334157973 0.670927712
v -0.2125230753 -0.2568962677 0.6805730214
v -0.2317473467 -0.28013442 0.6866615931
v -0.2499066301 -0.3020852228 0.6873493473
v -0.266160425 -0.3217326858 0.6813900099
v -0.2798139425 -0.3382369532 0.6682773527
v -0.2904268354 -0.351065737 0.6482899835
v -0.2978922876 -0.3600899185 0.6224354314
v -0.3024733797 -0.3656275075 0.5923035522
v -0.3047892877 -0.3684269595 0.5598509172
v -0.3057507816 -0.3695892059 0.5271463375
v -0.3064517214 -0.3704364967 0.4961119285
v -0.3080297714 -0.3723440314 0.4682936629
v -0.311514411 -0.3765562371 0.4446903613
v -0.3176827899 -0.3840125263 0.425661317
v -0.3269436283 -0.3952069569 0.4109215248
v -0.3392661843 -0.4101023683 0.3996213832
v -0.3541656664 -0.4281127484 0.3904964409
v -0.3707490842 -0.4481586569 0.3820637951
v -0.3878173907 -0.4687906953 0.3728363013
v -0.4040119857 -0.4883665978 0.3615244669
v -0.4179872933 -0.5052598427 0.3471988554
v -0.4285871177 -0.5180728294 0.3293924701
v -0.4350014012 -0.5258263662 0.3081318981
v -0.4368820758 -0.5280997112 0.2838965647
v -0.4344016816 -0.5251014297 0.2575157502
v -0.4282457058 -0.5176601333 0.2300215857
v -0.4195382181 -0.5071345888 0.2024818813
v -0.4097092084 -0.495253357 0.1758386221
v -0.400319875 -0.4839036026 0.1507760931
v -0.3928679071 -0.4748957208 0.1276372299
v -0.3885977437 -0.46973398 0.1063988246
v -0.388340455 -0.4694229713 0.08670685788
v -0.3924042893 -0.4743353032 0.06796392599
v -0.4005305134 -0.4841582207 0.04945285328
v -0.4119207755 -0.4979266823 0.03047530523
v -0.4253329517 -0.5141392184 0.01048229129
v -0.4392335133 -0.5309421109 -0.01082486935
v -0.4519870663 -0.5463585083 -0.03343954622
v -0.4620588527 -0.5585332065 -0.05704965759
v -0.4682043012 -0.5659617777 -0.08109239206
v -0.4696214174 -0.5676747769 -0.1048548947
v -0.4660466636 -0.5633536419 -0.1276044908
v -0.4577823703 -0.5533638274 -0.1487270215
v -0.4456526368 -0.5387014983 -0.167850181
v -0.4308939544 -0.5208613159 -0.184930672
v -0.4149951801 -0.5016429992 -0.2002892732
v -0.3995079056 -0.4829221002 -0.2145857873
v -0.3858518672 -0.4664147854 -0.2287351483
v -0.3751403827 -0.4534668249 -0.2437753157
v -0.3680478567 -0.4448934337 -0.2607055618
v -0.3647356042 -0.4408896083 -0.2803191152
v -0.3648443986 -0.4410211181 -0.303056001
v -0.3675533177 -0.4442956388 -0.3288999385
v -0.3716958421 -0.4493030906 -0.3573375157
v -0.3759168762 -0.4544054444 -0.3873893005
v -0.3788493805 -0.4579502331 -0.4177122424
v -0.3792872367 -0.4584795104 -0.4467621508
v -0.3763320456 -0.4549072979 -0.4729957235
v -0.3694955663 -0.4466434141 -0.4950849539
v -0.3587458624 -0.4336492542 -0.5121137949
v -0.3444930003 -0.4164205036 -0.5237282365
v -0.3275182913 -0.3959016051 -0.5302164085
v -0.3088584456 -0.3733457264 -0.5325042753
v -0.2896616562 -0.3501407943 -0.5320637911
v -0.2710358077 -0.327626011 -0.53074248
v -0.2539093495 -0.3069236793 -0.530534633
v -0.2389229099 -0.2888081858 -0.5333230626
v -0.2263648636 -0.2736281156 -0.5406253544
v -0.2161575471 -0.2612895894 -0.5533790124
v -0.2078935855 -0.2513001759 -0.5717956352
v -0.2009148844 -0.2428643753 -0.5953057782
v -0.1944212022 -0.2350148619 -0.622604509
v -0.1875916188 -0.2267593138 -0.6517943915
v -0.1797010992 -0.2172213141 -0.6806095126
v -0.1702158064 -0.2057555647 -0.7066929831
v -0.1588545729 -0.1920221926 -0.727892654
v -0.1456093832 -0.1760115086 -0.7425366865
v -0.1307240231 -0.1580181991 -0.7496525962
v -0.1146362799 -0.1385714582 -0.7491002501
v -0.09789431192 -0.1183338954 -0.7416001903
v -0.08106131076 -0.09798629236 -0.7286521619
v -0.06462386357 -0.07811683194 -0.7123530647
v -0.04891835136 -0.05913212891 -0.6951368172
v -0.03408648578 -0.04120348327 -0.6794690411
v -0.02006622259 -0.02425589637 -0.6675356266
v -0.006618547011 -0.008000448998 -0.6609652927
v -0.007217801545 -0.009934451552 0.781682975
v -0.02156502975 -0.02968171706 0.7779803078
v -0.03552605069 -0.04889741387 0.7679697164
v -0.04886273201 -0.06725378093 0.7529843391
v -0.06147185933 -0.0846087558 0.7348326531
v -0.07340640884 -0.101035254 0.715567048
v -0.08486920655 -0.1168124415 0.6972238511
v -0.09617934395 -0.1323795101 0.6815683069
v -0.1077161425 -0.148258551 0.6698771369
v -0.1198492072 -0.164958282 0.6627861708
v -0.1328655991 -0.1828738085 0.6602218365
v -0.1469059828 -0.2021987387 0.6614242209
v -0.1619206174 -0.2228646103 0.6650574322
v -0.177653361 -0.2445188743 0.669391719
v -0.1936578263 -0.2665471309 0.6725327059
v -0.2093450315 -0.2881387165 0.6726673729
v -0.2240570373 -0.3083880553 0.6682947577
v -0.2371568668 -0.3264184238 0.6584119485
v -0.248122118 -0.3415107973 0.6426323612
v -0.2566285577 -0.3532189071 0.6212226345
v -0.2626108469 -0.3614528218 0.5950554351
v -0.2662903233 -0.3665171866 0.5654865533
v -0.2681641091 -0.3690962315 0.5341743938
v -0.2689551374 -0.3701849886 0.5028670514
v -0.269528259 -0.3709738228 0.4731857193
v -0.2707826159 -0.3727002969 0.4464327902
v -0.2735342117 -0.3764875436 0.4234488379
v -0.2784045092 -0.383190933 0.4045353522
v -0.2857306204 -0.3932744601 0.3894507246
v -0.2955102063 -0.4067349053 0.3774768729
v -0.3073898549 -0.4230858389 0.3675444519
v -0.320700021 -0.4414057109 0.3583971157
v -0.3345333404 -0.4604456416 0.3487707354
v -0.347857135 -0.4787842715 0.3375624107
v -0.3596460321 -0.4950102964 0.3239665697
v -0.3690175303 -0.5079090571 0.3075610047
v -0.375352513 -0.5166284127 0.2883334644
v -0.3783843029 -0.5208013135 0.2666482519
v -0.378243687 -0.5206077724 0.2431608798
v -0.3754529474 -0.5167666488 0.2186959867
v -0.3708685742 -0.5104568004 0.1941084276
v -0.3655791365 -0.503176514 0.1701491049
v -0.3607708278 -0.4965584448 0.147355539
v -0.3575776612 -0.492163428 0.1259827011
v -0.3569355579 -0.4912796486 0.1059829708
v -0.3594593059 -0.4947532898 0.08703626858
v -0.3653585956 -0.5028729654 0.06862364157
v -0.3744043915 -0.5153234354 0.05013100369
v -0.3859504347 -0.5312152006 0.03096532348
v -0.3990075271 -0.5491867464 0.01066394758
v -0.4123613756 -0.5675667421 -0.01102084496
v -0.4247190887 -0.5845756749 -0.03407578483
v -0.4348656655 -0.5985412398 -0.0582264866
v -0.4418105139 -0.6081000036 -0.08298325731
v -0.4449053387 -0.6123596646 -0.1077254085
v -0.4439184903 -0.6110013842 -0.1318103488
v -0.4390565511 -0.6043094989 -0.1546895576
v -0.4309308105 -0.5931253766 -0.17601213
v -0.42047342 -0.5787320134 -0.195698192
v -0.4088144866 -0.5626848681 -0.21396889
v -0.397136308 -0.5466112344 -0.231326235
v -0.3865237267 -0.5320042693 -0.248483855
v -0.3778298396 -0.5200381602 -0.2662575204
v -0.3715740401 -0.5114277909 -0.2854309657
v -0.3678849042 -0.506350131 -0.3066170072
v -0.3664943935 -0.5044362571 -0.3301355246
v -0.366783049 -0.5048335574 -0.3559282182
v -0.367869209 -0.5063285284 -0.3835253442
v -0.3687296771 -0.5075128611 -0.4120724791
v -0.3683354305 -0.5069702273 -0.4404167599
v -0.3657843692 -0.5034589926 -0.4672432183
v -0.3604139338 -0.4960672224 -0.4912440518
v -0.3518795159 -0.4843206039 -0.5112981263
v -0.3401894736 -0.4682306411 -0.52663554
v -0.325693565 -0.4482787344 -0.5369631521
v -0.3090278808 -0.4253403881 -0.5425315349
v -0.291025046 -0.4005616117 -0.5441312932
v -0.2726028042 -0.3752055712 -0.5430161336
v -0.2546465539 -0.3504909129 -0.5407601758
v -0.2379016632 -0.327443548 -0.5390663764
v -0.2228894977 -0.3067810749 -0.5395502441
v -0.209857346 -0.2888438569 -0.543527207
v -0.1987674074 -0.273579866 -0.5518323706
v -0.1893244368 -0.2605827319 -0.564697856
v -0.1810363155 -0.2491751116 -0.5817058179
v -0.1732974782 -0.2385235159 -0.6018255197
v -0.165482346 -0.2277669093 -0.6235317555
v -0.1570350589 -0.2161402159 -0.6449909511
v -0.1475429179 -0.2030754047 -0.6642919349
v -0.1367838397 -0.1882668039 -0.6796919475
v -0.1247423134 -0.1716930649 -0.6898458666
v -0.11159321 -0.1535948767 -0.6939882762
v -0.09765758228 -0.1344141307 -0.6920437412
v -0.08333862969 -0.1147057832 -0.6846497417
v -0.0690486982 -0.09503737984 -0.6730880031
v -0.055139174 -0.0758925622 -0.6591319339
v -0.04184430297 -0.05759374209 -0.6448289632
v -0.02924747824 -0.04025570027 -0.6322452718
v -0.01727478964 -0.02377670815 -0.6232055472
v -0.005716206603 -0.007867683423 -0.619061269
v -0.00590552062 -0.009305611478 0.7015815578
v -0.01768308079 -0.02786407671 0.6997948332
v -0.02939102735 -0.04631284844 0.6969573272
v -0.04100491403 -0.06461340553 0.6931677706
v -0.05250932274 -0.08274145294 0.6885615566
v -0.0638993547 -0.1006892714 0.6832931784
v -0.07518020251 -0.1184650432 0.6775164472
v -0.08636482789 -0.1360891927 0.6713650775
v -0.09747008176 -0.1535882727 0.6649361608
v -0.1085118676 -0.1709873432 0.6582786482
v -0.119500124 -0.1883020647 0.6513882913
v -0.1304344599 -0.205531821 0.6442096312
v -0.141301206 -0.222655073 0.6366446978
v -0.1520724544 -0.2396278447 0.628567208
v -0.1627073715 -0.2563857924 0.6198403488
v -0.1731557323 -0.2728497746 0.610335788
v -0.1833632799 -0.288934296 0.5999514289
v -0.1932782169 -0.3045577366 0.588625629
v -0.2028579317 -0.3196529517 0.5763461056
v -0.2120749873 -0.3341767074 0.5631524727
v -0.220921456 -0.3481165115 0.5491322126
v -0.229410887 -0.3614937142 0.534410742
v -0.2375774972 -0.3743622328 0.51913699
v -0.2454725582 -0.3868028582 0.5034664588
v -0.2531583421 -0.3989137157 0.4875440085
v -0.2607003516 -0.4107980211 0.4714885831
v -0.2681588208 -0.4225506879 0.4553817668
v -0.2755806116 -0.434245559 0.4392614925
v -0.2829926129 -0.4459250042 0.4231214954
v -0.2903975749 -0.4575933572 0.4069163184
v -0.2977730081 -0.4692151803 0.3905709405
v -0.3050733711 -0.4807187116 0.373993519
v -0.3122353303 -0.4920041536 0.3570893772
v -0.3191854501 -0.5029557899 0.3397742855
v -0.325849325 -0.5134563765 0.3219852725
v -0.3321609481 -0.5234019031 0.3036876299
v -0.3380710495 -0.5327147327 0.284877377
v -0.3435532499 -0.5413532983 0.2655791327
v -0.3486071475 -0.5493169666 0.2458400088
v -0.3532578491 -0.5566452997 0.2257206922
v -0.3575519269 -0.5634116836 0.2052852461
v -0.3615502614 -0.5697120507 0.1845912895
v -0.3653186568 -0.5756500917 0.1636820902
v -0.3689174297 -0.5813208503 0.1425817589
v -0.3723913302 -0.5867948416 0.1212942166
v -0.3757611353 -0.5921048049 0.09980599979
v -0.379018055 -0.5972368891 0.07809236721
v -0.3821217424 -0.6021275178 0.05612566154
v -0.3850022387 -0.6066664538 0.0338845404
v -0.3875656796 -0.6107057902 0.01136256767
v -0.3897030983 -0.6140738231 -0.01142523205
v -0.3913012633 -0.6165921282 -0.03443892563
v -0.3922542179 -0.6180937445 -0.05761390947
v -0.3924740989 -0.6184402214 -0.08086483228
v -0.3918999031 -0.6175354337 -0.1040926215
v -0.3905031372 -0.6153344828 -0.1271935415
v -0.3882896875 -0.6118466441 -0.150068883
v -0.3852977347 -0.6071320809 -0.1726337744
v -0.3815920459 -0.6012928496 -0.1948237225
v -0.3772554313 -0.5944594386 -0.2165978372
v -0.3723785102 -0.5867746406 -0.2379381953
v -0.3670491222 -0.5783768687 -0.2588454083
v -0.361342745 -0.5693850571 -0.2793310581
v -0.3553151197 -0.5598870395 -0.299408185
v -0.34899797 -0.5499328044 -0.3190813579
v -0.3423982774 -0.5395333529 -0.3383379808
v -0.335501095 -0.5286651325 -0.3571423598
v -0.328275414 -0.5172792812 -0.375433693
v -0.3206822021 -0.5053142937 -0.3931285934
v -0.3126834621 -0.4927102962 -0.410128086
v -0.3042510497 -0.4794229405 -0.4263283433
v -0.2953740465 -0.4654350217 -0.4416338186
v -0.2860637052 -0.4507642713 -0.455971011
v -0.2763553304 -0.4354663204 -0.46930091
v -0.2663068824 -0.4196325 -0.4816282521
v -0.2559945345 -0.4033828399 -0.4930060787
v -0.2455058171 -0.3868552658 -0.5035346731
v -0.2349312874 -0.3701924734 -0.5133546857
v -0.224355837 -0.3535282301 -0.5226350455
v -0.2138507658 -0.3369748865 -0.5315569899
v -0.2034676149 -0.3206136587 -0.5402961089
v -0.1932344867 -0.3044888288 -0.5490046306
v -0.1831552183 -0.2886064433 -0.5577962036
v -0.173211384 -0.2729374677 -0.5667351576
v -0.1633667188 -0.2574247576 -0.5758316735
v -0.1535732494 -0.2419927191 -0.5850435393
v -0.143778218 -0.2265582193 -0.594284306
v -0.1339308234 -0.2110412084 -0.6034368071
v -0.1239878797 -0.1953736361 -0.6123702766
v -0.1139176965 -0.1795055664 -0.6209588004
v -0.1037017797 -0.1634078574 -0.6290986306
v -0.09333429422 -0.1470713144 -0.6367220192
v -0.08281956777 -0.1305027567 -0.643805666
v -0.07216819965 -0.1137188861 -0.6503725793
v -0.06139252997 -0.09673914772 -0.6564870198
v -0.05050229337 -0.07957888071 -0.6622431203
v -0.03950122397 -0.06224396914 -0.6677486346
v -0.02838520264 -0.04472792231 -0.6731059356
v -0.01714227342 -0.02701190066 -0.6783927818
v -0.005754544351 -0.009067710946 -0.6836454311
v -0.004641042544 -0.008442025048 0.6132462705
v -0.01409767788 -0.02564358087 0.6205257034
v -0.02397245436 -0.04360573259 0.6322710743
v -0.03442155441 -0.06261257504 0.6471907869
v -0.0454965825 -0.08275797634 0.6635666067
v -0.05712898612 -0.10391724 0.6794641092
v -0.06913499468 -0.1257560885 0.6929687927
v -0.08124079716 -0.1477764614 0.7024176294
v -0.09312441076 -0.1693926743 0.7065966124
v -0.1044679217 -0.1900264441 0.7048794949
v -0.1150119391 -0.2092059406 0.6972907591
v -0.1246034897 -0.2266529064 0.684485838
v -0.133229309 -0.2423432134 0.6676524165
v -0.1410284769 -0.2565298471 0.648346801
v -0.1482813219 -0.2697227231 0.6282875518
v -0.1553750575 -0.2826261804 0.6091337421
v -0.1627502009 -0.2960415164 0.5922767007
v -0.1708349189 -0.3107475638 0.5786717685
v -0.1799765817 -0.3273761869 0.5687308164
v -0.1903806344 -0.3463010884 0.5622878605
v -0.2020662596 -0.3675571616 0.5586402432
v -0.2148462604 -0.3908038968 0.5566578602
v -0.2283353864 -0.415340526 0.5549441603
v -0.2419873962 -0.4401734396 0.5520262539
v -0.2551570397 -0.4641289322 0.5465482748
v -0.2671794384 -0.4859975942 0.5374424778
v -0.2774565771 -0.5046916401 0.5240563247
v -0.2855392219 -0.5193939164 0.5062203932
v -0.2911927782 -0.5296776972 0.484250393
v -0.2944374122 -0.5355796646 0.4588856801
v -0.295555974 -0.5376143208 0.4311751601
v -0.2950674606 -0.5367257182 0.4023282111
v -0.2936683911 -0.5341808204 0.3735523593
v -0.2921488944 -0.5314168662 0.3459003975
v -0.2912939244 -0.5298616814 0.3201474158
v -0.2917823031 -0.5307500389 0.2967132022
v -0.2940969025 -0.5349602798 0.275638465
v -0.2984581024 -0.5428932728 0.2566153627
v -0.3047898245 -0.5544106326 0.2390650732
v -0.3127233061 -0.568841582 0.2222486819
v -0.3216388642 -0.585058922 0.20539342
v -0.3307408825 -0.6016154319 0.1878147933
v -0.3391567881 -0.6169239073 0.1690165435
v -0.3460474867 -0.6294580416 0.1487544221
v -0.3507150531 -0.6379483132 0.127055752
v -0.3526936588 -0.6415473837 0.1041937895
v -0.3518117716 -0.6399432369 0.08062290601
v -0.3482173027 -0.6334049221 0.05688653255
v -0.3423621552 -0.6227544484 0.03351378569
v -0.334947899 -0.6092679665 0.01092214206
v -0.3268393668 -0.5945186012 -0.01065773514
v -0.3189571685 -0.5801809358 -0.03122267467
v -0.3121628863 -0.5678221822 -0.05099650149
v -0.3071516751 -0.5587068228 -0.07038837988
v -0.3043660305 -0.5536397541 -0.08991670057
v -0.3039417142 -0.5528679257 -0.1101108798
v -0.3056926287 -0.5560528274 -0.1314071972
v -0.3091363576 -0.5623169469 -0.1540560604
v -0.313556814 -0.5703577272 -0.1780566338
v -0.3180956663 -0.578613869 -0.2031307907
v -0.3218605599 -0.585462185 -0.2287424179
v -0.3240361066 -0.5894194899 -0.2541610951
v -0.3239834259 -0.5893236639 -0.2785621287
v -0.3213156909 -0.5844710719 -0.3011489174
v -0.3159404363 -0.5746935202 -0.3212795896
v -0.3080638447 -0.5603660533 -0.3385784444
v -0.2981572525 -0.542346029 -0.3530142134
v -0.286891027 -0.5218528407 -0.3649314097
v -0.2750451042 -0.5003051873 -0.3750274753
v -0.263408319 -0.4791379536 -0.3842761918
v -0.2526798295 -0.4596229035 -0.3938057821
v -0.2433853329 -0.442716277 -0.4047471363
v -0.2358184845 -0.4289522309 -0.4180726038
v -0.2300143205 -0.4183944957 -0.434448016
v -0.2257570567 -0.4106505617 -0.4541196458
v -0.2226200071 -0.4049442897 -0.4768537093
v -0.2200311632 -0.4002352 -0.5019392773
v -0.2173547664 -0.3953668524 -0.5282569654
v -0.2139773958 -0.3892234381 -0.5544066678
v -0.2093868943 -0.3808733469 -0.5788791549
v -0.2032338606 -0.3696810201 -0.6002497735
v -0.1953681947 -0.3553734268 -0.6173687252
v -0.1858468932 -0.3380542438 -0.6295220619
v -0.174913402 -0.318166297 -0.6365407358
v -0.1629527599 -0.2964099699 -0.6388414333
v -0.1504299758 -0.2736311101 -0.6373916823
v -0.1378211232 -0.2506956925 -0.6336017119
v -0.125547275 -0.2283696455 -0.6291554178
v -0.1139205648 -0.2072207381 -0.6258011989
v -0.1031095313 -0.1875555412 -0.6251292161
v -0.09312779976 -0.1693988389 -0.6283639553
v -0.08384656968 -0.1525163441 -0.6361994843
v -0.07502783555 -0.1364751262 -0.6486996218
v -0.06637228832 -0.1207307443 -0.6652770384
v -0.05757385314 -0.1047264501 -0.6847551391
v -0.04837208733 -0.08798850022 -0.7055057784
v -0.03859427437 -0.07020272447 -0.7256458701
v -0.02818088869 -0.05126084623 -0.743268107
v -0.01719087494 -0.03127008542 -0.7566763728
v -0.005786453218 -0.01052551933 -0.7645956316
v -0.004234259078 -0.008998258574 0.6330489516
v -0.01293320984 -0.02748446994 0.6441084802
v -0.02214962028 -0.04707033909 0.6609941246
v -0.03205617568 -0.06812284095 0.6819523934
v -0.04270024427 -0.09074263809 0.7046551118
v -0.05398541655 -0.1147248499 0.7264855188
v -0.0656777028 -0.139572223 0.7448592198
v -0.07743604986 -0.1645599825 0.7575388636
v -0.08886290721 -0.1888432904 0.7629024876
v -0.09956723977 -0.211591155 0.7601317806
v -0.1092301722 -0.2321259317 0.7492971878
v -0.1176627112 -0.2500459893 0.7313303774
v -0.1248458715 -0.265310982 0.7078892803
v -0.130945924 -0.2782742533 0.6811347566
v -0.1363010682 -0.2896545141 0.6534491031
v -0.1413800883 -0.3004479812 0.6271336497
v -0.1467178648 -0.3117913336 0.6041247294
v -0.1528363392 -0.3247937535 0.5857641339
v -0.1601620969 -0.3403617811 0.5726522985
v -0.1689527297 -0.3590428268 0.5646010106
v -0.1792433789 -0.3809115695 0.5606890033
v -0.1908223935 -0.4055182281 0.5594102074
v -0.2032411883 -0.4319095103 0.5588925103
v -0.2158586558 -0.4587229936 0.5571561838
v -0.2279155447 -0.4843451869 0.5523767877
v -0.2386297577 -0.5071140485 0.5431178255
v -0.2473001983 -0.5255396726 0.5285035485
v -0.2534051138 -0.5385132785 0.5083112721
v -0.256681119 -0.5454751438 0.4829740603
v -0.2571712622 -0.5465167512 0.4534970331
v -0.2552343644 -0.542400634 0.4213021143
v -0.2515129107 -0.5344921423 0.3880252175
v -0.2468623485 -0.5246091944 0.3552954423
v -0.2422499743 -0.5148074004 0.3245271636
v -0.2386359392 -0.5071271848 0.2967528678
v -0.2368516471 -0.5033353712 0.2725177738
v -0.2374915614 -0.5046952581 0.2518477385
v -0.2408330175 -0.5117962139 0.2342911083
v -0.2467952332 -0.5244665672 0.2190246199
v -0.2549437229 -0.5417829893 0.2050046769
v -0.2645404244 -0.5621770179 0.1911395473
v -0.2746338004 -0.5836265339 0.176455989
v -0.2841778131 -0.6039085933 0.1602357327
v -0.2921646978 -0.6208815872 0.1421027313
v -0.2977544523 -0.6327604202 0.1220502544
v -0.3003841847 -0.6383488859 0.1004064809
v -0.2998429232 -0.6371986468 0.0777467753
v -0.2963018817 -0.6296735505 0.0547689009
v -0.2902959124 -0.6169102162 0.03215282655
v -0.2826582229 -0.6006792997 0.01042876035
v -0.2744165313 -0.5831648135 -0.01012468065
v -0.2666638883 -0.5666896085 -0.02953537195
v -0.2604207184 -0.5534221971 -0.04813657083
v -0.2565057939 -0.5451025591 -0.06650981823
v -0.2554326929 -0.5428221033 -0.08538098574
v -0.2573449598 -0.5468858774 -0.1054863078
v -0.2619981374 -0.5567743832 -0.1274303542
v -0.268790731 -0.5712093794 -0.1515596142
v -0.2768398248 -0.5883145744 -0.17787339
v -0.2850913249 -0.6058499047 -0.2059882791
v -0.2924504151 -0.6214887673 -0.2351644597
v -0.2979153477 -0.6331023404 -0.2643924477
v -0.3006974641 -0.6390146385 -0.2925294166
v -0.3003123498 -0.638196229 -0.3184659939
v -0.2966310014 -0.6303729655 -0.341298957
v -0.2898852453 -0.616037504 -0.3604833294
v -0.2806276958 -0.5963642099 -0.3759394006
v -0.269652442 -0.5730406084 -0.3880959743
v -0.2578876353 -0.5480391215 -0.3978599169
v -0.246274562 -0.5233600846 -0.4065126336
v -0.2356492024 -0.500780046 -0.4155449299
v -0.2266415405 -0.48163779 -0.4264512539
v -0.2196051484 -0.4666846958 -0.4405111273
v -0.2145852223 -0.4560168098 -0.4585885991
v -0.2113279217 -0.4490946936 -0.4809792475
v -0.2093282965 -0.4448452737 -0.507328678
v -0.2079090346 -0.4418291888 -0.5366372912
v -0.2063184009 -0.4384489201 -0.5673545308
v -0.2038335624 -0.4331683695 -0.5975534283
v -0.1998552594 -0.4247140453 -0.6251647726
v -0.193981467 -0.412231601 -0.6482412713
v -0.1860510171 -0.3953785371 -0.6652169564
v -0.1761526106 -0.3743433525 -0.6751266219
v -0.1645995936 -0.3497919417 -0.6777544446
v -0.1518756011 -0.3227520811 -0.6736896343
v -0.1385600214 -0.2944550339 -0.6642788857
v -0.1252447031 -0.2661585421 -0.6514790056
v -0.1124540819 -0.2389770886 -0.6376265241
v -0.1005799114 -0.2137431919 -0.6251525553
v -0.08983920883 -0.1909180369 -0.616279048
v -0.08026030207 -0.1705618239 -0.6127357398
v -0.07169754932 -0.152365048 -0.6155351029
v -0.06387104046 -0.1357328701 -0.624835532
v -0.05642400665 -0.1199071177 -0.6399118693
v -0.04898826656 -0.1041053656 -0.6592385225
v -0.04124715729 -0.08765467107 -0.6806757368
v -0.03298613265 -0.0700991001 -0.7017359879
v -0.02412342236 -0.05126488203 -0.7198967859
v -0.01471647526 -0.03127410186 -0.732919873
v -0.004943839036 -0.01050619274 -0.7391357168
v -0.003914648711 -0.00988727401 0.6769278983
v -0.01179959462 -0.02980237407 0.679687888
v -0.01985310514 -0.05014321973 0.6852507304
v -0.02815235068 -0.0711047212 0.6927025122
v -0.03671717487 -0.09273699778 0.700818013
v -0.04550140105 -0.1149234205 0.7082148439
v -0.05439563952 -0.1373877026 0.7135264575
v -0.06324144002 -0.1597296443 0.7155718184
v -0.07185479831 -0.181484504 0.7135001011
v -0.08005546947 -0.202197035 0.7068921878
v -0.0876975072 -0.2214986191 0.6958065036
v -0.09469610362 -0.2391750558 0.680764064
v -0.101046214 -0.2552136039 0.6626755497
v -0.1068295688 -0.2698206908 0.6427206942
v -0.1122083471 -0.283405934 0.6221962976
v -0.1174057744 -0.2965331368 0.6023529803
v -0.1226759204 -0.3098440063 0.5842418885
v -0.128266713 -0.3239647365 0.5685908493
v -0.1343813802 -0.3394086228 0.5557252248
v -0.1411440014 -0.3564890543 0.5455425311
v -0.1485744896 -0.3752563252 0.5375426326
v -0.1565771771 -0.3954688065 0.5309079849
v -0.1649453776 -0.4166044684 0.5246219585
v -0.1733820901 -0.4379131718 0.5176085858
v -0.1815347007 -0.4585043157 0.5088747214
v -0.1890394574 -0.4774591674 0.4976358611
v -0.1955699405 -0.4939532848 0.4834096295
v -0.2008829655 -0.5073724542 0.4660657912
v -0.2048554669 -0.5174058475 0.4458278467
v -0.2075069276 -0.5241026727 0.4232279731
v -0.2090037252 -0.5278831519 0.3990233122
v -0.2096441255 -0.5295006183 0.3740865689
v -0.2098252547 -0.5299580984 0.3492868935
v -0.2099958725 -0.5303890299 0.325377729
v -0.2106007961 -0.5319168924 0.3029066679
v -0.2120241089 -0.5355117703 0.2821586836
v -0.2145386333 -0.541862734 0.2631389473
v -0.2182684841 -0.5512832617 0.245595589
v -0.2231699303 -0.5636629018 0.2290770579
v -0.2290334652 -0.5784725003 0.2130139963
v -0.2355072276 -0.5948233577 0.1968124183
v -0.2421390999 -0.6115735551 0.1799438841
v -0.2484322959 -0.6274683537 0.162019395
v -0.2539074042 -0.6412968988 0.1428366982
v -0.2581629089 -0.6520450768 0.1223950971
v -0.2609263167 -0.6590246481 0.1008770369
v -0.2620891692 -0.6619616784 0.07860087965
v -0.2617212674 -0.6610324644 0.05595364478
v -0.2600621142 -0.6568419218 0.03331540341
v -0.2574905458 -0.6503468816 0.01098808732
v -0.2544763663 -0.6427339329 -0.01085946097
v -0.251520161 -0.6352674108 -0.0322211317
v -0.249089018 -0.6291270444 -0.05325298387
v -0.2475564242 -0.6252561545 -0.07424249069
v -0.2471540644 -0.6242399097 -0.09555252987
v -0.2479416921 -0.6262292301 -0.1175492158
v -0.2497988834 -0.6309199598 -0.1405254322
v -0.252439634 -0.6375897345 -0.1646328495
v -0.2554477969 -0.6451874867 -0.1898341441
v -0.2583286764 -0.6524637576 -0.2158842089
v -0.2605700444 -0.658124807 -0.2423447875
v -0.261704696 -0.6609906098 -0.2686318075
v -0.2613665526 -0.6601365571 -0.2940895141
v -0.2593332635 -0.655001055 -0.3180810882
v -0.2555501078 -0.6454458944 -0.3400824669
v -0.2501325078 -0.6317625988 -0.3597650431
v -0.2433472855 -0.6146250836 -0.3770540162
v -0.2355755526 -0.5949959269 -0.3921522844
v -0.2272624503 -0.5739994273 -0.4055245053
v -0.2188605511 -0.5527786524 -0.417841653
v -0.2107743943 -0.5323553516 -0.4298922486
v -0.2033132863 -0.5135107438 -0.4424715923
v -0.1966582152 -0.496701953 -0.4562640064
v -0.1908467024 -0.4820237472 -0.4717347333
v -0.1857769256 -0.4692189525 -0.4890474273
v -0.1812298495 -0.4577343493 -0.5080201679
v -0.1769057426 -0.4468129021 -0.5281279698
v -0.1724696536 -0.4356086202 -0.5485535198
v -0.1675994067 -0.4233077806 -0.568281182
v -0.1620295649 -0.409239966 -0.5862231064
v -0.1555855966 -0.3929643601 -0.6013614416
v -0.1482040345 -0.3743206624 -0.6128878887
v -0.1399364963 -0.3534392445 -0.6203215892
v -0.1309377475 -0.3307109995 -0.6235886929
v -0.1214401925 -0.3067229137 -0.6230516535
v -0.111718978 -0.2821699285 -0.6194827411
v -0.1020530452 -0.2577565692 -0.6139836075
v -0.09268781911 -0.2341027082 -0.6078599983
v -0.0838047575 -0.2116666557 -0.6024668927
v -0.07550178234 -0.1906957342 -0.5990436087
v -0.06778687372 -0.1712100993 -0.5985601207
v -0.06058509189 -0.1530204748 -0.6015947467
v -0.053757302 -0.135775446 -0.6082595579
v -0.04712720166 -0.1190297241 -0.6181838387
v -0.04051213161 -0.1023219644 -0.6305584509
v -0.03375273741 -0.08524968342 -0.6442360134
v -0.02673689283 -0.06752968277 -0.6578744718
v -0.01941432738 -0.04903499361 -0.6701058561
v -0.01179995458 -0.02980328322 -0.6797086226
v -0.00396573243 -0.01001629675 -0.6857613842
v -0.003303614001 -0.01016747842 0.6805363627
v -0.009846498477 -0.03030440626 0.6756731822
v -0.0162616333 -0.05004816111 0.6686481516
v -0.02251637439 -0.06929827479 0.6599985488
v -0.02860574982 -0.08803944528 0.6504317825
v -0.03455628204 -0.1063533003 0.6407368267
v -0.04042426566 -0.1244130969 0.631684985
v -0.04628858473 -0.1424616152 0.6239327766
v -0.0522390418 -0.1607752389 0.6179394
v -0.05836192264 -0.1796195285 0.6139092602
v -0.06472501986 -0.1992031281 0.6117667199
v -0.07136450399 -0.2196373591 0.6111659979
v -0.07827583071 -0.2409082355 0.6115345613
v -0.08541033018 -0.2628659671 0.612144045
v -0.0926783133 -0.2852345191 0.6121992581
v -0.09995856588 -0.3076408326 0.6109336449
v -0.1071131252 -0.329660302 0.6076989377
v -0.1140053904 -0.3508725131 0.6020377262
v -0.1205190369 -0.3709194559 0.5937301261
v -0.1265749781 -0.3895577263 0.5828092956
v -0.1321437891 -0.4066967644 0.5695447369
v -0.1372515658 -0.4224168845 0.5543965592
v -0.1419780588 -0.4369635343 0.5379475938
v -0.1464469963 -0.4507175096 0.5208229658
v -0.1508096216 -0.4641442895 0.5036080859
v -0.155223484 -0.4777287614 0.4867758845
v -0.1598292711 -0.4919039165 0.47063252
v -0.1647288513 -0.5069832737 0.4552880029
v -0.1699676449 -0.5231066225 0.4406546019
v -0.1755239484 -0.5402071663 0.4264720408
v -0.1813069649 -0.5580054609 0.4123548913
v -0.1871641521 -0.5760320297 0.3978547154
v -0.192897242 -0.5936766662 0.3825277706
v -0.1982850817 -0.6102587317 0.3659986858
v -0.2031104644 -0.6251097327 0.3480114594
v -0.2071875 -0.6376575577 0.3284612521
v -0.2103859079 -0.6475012452 0.3074034166
v -0.2126489383 -0.6544661365 0.2850395799
v -0.2140023952 -0.6586316485 0.2616838816
v -0.2145533671 -0.6603273659 0.2377151994
v -0.2144786014 -0.6600972608 0.2135229924
v -0.2140038268 -0.6586360546 0.1894550241
v -0.2133765425 -0.656705472 0.1657746223
v -0.212835689 -0.6550408963 0.142633425
v -0.2125820701 -0.6542603374 0.1200630102
v -0.2127533439 -0.6547874641 0.09798582382
v -0.213406846 -0.6567987366 0.07624284609
v -0.2145125107 -0.6602016228 0.05463291999
v -0.2159568632 -0.6646468827 0.03295698078
v -0.2175576157 -0.6695734923 0.0110598064
v -0.2190870246 -0.6742805288 -0.01113755577
v -0.2203010199 -0.6780168222 -0.03361993858
v -0.2209703669 -0.6800768603 -0.0562776331
v -0.2209098547 -0.6798906229 -0.07892341021
v -0.2200017702 -0.6770958264 -0.1013241639
v -0.218210666 -0.6715833745 -0.1232419527
v -0.2155875721 -0.6635103216 -0.14447762
v -0.2122631815 -0.6532788994 -0.1649096398
v -0.2084309719 -0.6414845708 -0.1845214424
v -0.2043225228 -0.6288400648 -0.2034121642
v -0.2001782817 -0.6160854021 -0.2217882701
v -0.1962175847 -0.6038956302 -0.2399364697
v -0.1926117945 -0.5927981489 -0.2581813266
v -0.1894639579 -0.583110104 -0.2768335034
v -0.1867974924 -0.5749035672 -0.2961362933
v -0.1845551961 -0.5680024886 -0.3162186808
v -0.1826085093 -0.5620112028 -0.3370625457
v -0.1807756253 -0.5563701658 -0.3584898166
v -0.1788459175 -0.550431136 -0.3801726496
v -0.1766073846 -0.5435416402 -0.4016664166
v -0.1738734927 -0.5351275861 -0.4224619146
v -0.1705059624 -0.5247633934 -0.4420502328
v -0.1664306697 -0.5122209323 -0.4599915962
v -0.1616448135 -0.4974915814 -0.4759785576
v -0.156214705 -0.4807794259 -0.4898843219
v -0.1502647985 -0.4624674967 -0.501788724
v -0.1439597213 -0.4430624643 -0.5119772402
v -0.1374819373 -0.423125895 -0.5209120195
v -0.1310081707 -0.4032016901 -0.5291777811
v -0.1246877695 -0.3837494956 -0.53740901
v -0.1186258091 -0.3650926996 -0.5462076729
v -0.1128729826 -0.3473873203 -0.5560622778
v -0.1074233207 -0.3306149857 -0.5672792446
v -0.1022196605 -0.3145997662 -0.5799362027
v -0.09716571785 -0.2990453302 -0.5938641241
v -0.0921427453 -0.2835862103 -0.6086614905
v -0.0870281981 -0.2678452526 -0.6237394599
v -0.08171366108 -0.2514887895 -0.6383928147
v -0.07611951151 -0.2342717674 -0.6518879081
v -0.07020437398 -0.216066846 -0.6635563756
v -0.06396826439 -0.1968740742 -0.6728823879
v -0.0574492946 -0.1768107482 -0.6795718568
v -0.05071477087 -0.1560840154 -0.6835941947
v -0.04384832901 -0.1349512803 -0.6851907042
v -0.03693528922 -0.1136751316 -0.6848479816
v -0.03004861214 -0.09248011888 -0.6832392955
v -0.0232376704 -0.07151819563 -0.6811411319
v -0.01652154942 -0.05084810066 -0.6793354195
v -0.009887837782 -0.03043163556 -0.6785099125
v -0.00329697885 -0.01014705753 -0.6791695378
v -0.00280835948 -0.01093783802 0.7188511546
v -0.008364639257 -0.03257811898 0.7132246072
v -0.01372736475 -0.05346455579 0.7013663041
v -0.01880244796 -0.07323069984 0.6848305935
v -0.02356174057 -0.09176692075 0.6657022533
v -0.02805288366 -0.1092587682 0.646330165
v -0.03239572243 -0.1261730085 0.6290284997
v -0.03676547748 -0.1431920807 0.6157839252
v -0.04136501409 -0.1611060931 0.6080063289
v -0.04639037385 -0.1806785771 0.6063546396
v -0.05199494235 -0.2025069302 0.6106593275
v -0.05825802879 -0.2269000414 0.6199504183
v -0.06516315096 -0.2537937166 0.6325860879
v -0.07259000668 -0.2827194098 0.6464639379
v -0.08032215036 -0.3128341212 0.6592865916
v -0.08807006129 -0.3430102419 0.6688466617
v -0.09550692759 -0.3719749238 0.6732942408
v -0.1023124303 -0.3984806067 0.6713530407
v -0.1082184049 -0.4214828594 0.6624586885
v -0.1130497123 -0.4402995592 0.6468034227
v -0.1167540652 -0.4547270613 0.6252840303
v -0.1194159086 -0.4650942567 0.599362607
v -0.1212515577 -0.4722436381 0.5708609038
v -0.1225853886 -0.4774385665 0.5417171747
v -0.1238095804 -0.4822064788 0.5137385256
v -0.1253323521 -0.4881372828 0.4883813335
v -0.1275214546 -0.496663274 0.4665875117
v -0.1306506041 -0.5088505069 0.4486959997
v -0.1348564119 -0.5252310469 0.4344380869
v -0.1401121756 -0.5457008949 0.4230135707
v -0.1462227838 -0.5695001423 0.4132339068
v -0.1528422205 -0.5952811464 0.4037099154
v -0.1595121094 -0.6212586483 0.3930563782
v -0.1657168197 -0.6454243993 0.3800846355
v -0.170948283 -0.6657996036 0.3639571263
v -0.1747721631 -0.6806926333 0.3442842014
v -0.1768866224 -0.6889279088 0.3211524738
v -0.1771657032 -0.6900148566 0.2950841222
v -0.1756812076 -0.6842331282 0.2669364534
v -0.1726996921 -0.6726208918 0.2377592481
v -0.1686544181 -0.6568655899 0.2086328254
v -0.164095414 -0.6391094413 0.1805116641
v -0.1596237375 -0.6216934112 0.1540966111
v -0.1558182025 -0.606871831 0.1297535612
v -0.1531639341 -0.5965341379 0.1074888329
v -0.1519919914 -0.5919697224 0.0869824823
v -0.1524379487 -0.5937066115 0.06767185592
v -0.1544249229 -0.6014453653 0.04887012154
v -0.1576733909 -0.6140973126 0.02989944
v -0.1617366677 -0.6299227311 0.01021658998
v -0.1660575763 -0.6467515586 -0.01048953334
v -0.17003907 -0.6622584529 -0.03224433078
v -0.1731197506 -0.6742569118 -0.05478638482
v -0.1748445833 -0.6809746913 -0.07761884457
v -0.1749217475 -0.6812752261 -0.1001047994
v -0.173258384 -0.6747968532 -0.1215909059
v -0.1699707603 -0.6619924042 -0.1415387361
v -0.1653677184 -0.6440647396 -0.159641701
v -0.1599097402 -0.6228073182 -0.1759072518
v -0.1541491072 -0.6003711337 -0.190689127
v -0.1486590329 -0.5789887064 -0.204661974
v -0.1439609967 -0.5606910633 -0.2187396046
v -0.1404596275 -0.5470541305 -0.2339471192
v -0.1383933894 -0.5390066645 -0.2512647862
v -0.1378071454 -0.5367233949 -0.2714667037
v -0.138549739 -0.5396156062 -0.2949790661
v -0.1402964263 -0.546418504 -0.3217809524
v -0.1425927592 -0.5553621301 -0.3513651328
v -0.1449137964 -0.5644019733 -0.3827681663
v -0.1467306498 -0.5714781498 -0.4146691651
v -0.1475756013 -0.5747690187 -0.4455464471
v -0.1470974303 -0.5729066658 -0.4738723602
v -0.1451000927 -0.5651275493 -0.4983201691
v -0.1415602738 -0.551340865 -0.5179540662
v -0.1366222555 -0.5321085534 -0.5323745882
v -0.1305715845 -0.5085427458 -0.541796952
v -0.1237917985 -0.4821372227 -0.5470484214
v -0.11671058 -0.4545576976 -0.5494816598
v -0.1097429013 -0.4274203808 -0.5508126364
v -0.1032388538 -0.4020887884 -0.5529024321
v -0.09744293388 -0.3795151705 -0.5575106903
v -0.09246973699 -0.3601458474 -0.566053258
v -0.08829857319 -0.3439002371 -0.5793970044
v -0.08478680831 -0.3302228158 -0.5977207221
v -0.08169914936 -0.3181971782 -0.6204628737
v -0.07874798227 -0.3067031413 -0.6463657733
v -0.07563852144 -0.2945925909 -0.6736130587
v -0.07211211321 -0.2808581377 -0.7000447172
v -0.06798158118 -0.2647707776 -0.7234232014
v -0.06315390634 -0.2459682255 -0.7417167946
v -0.05763757404 -0.2244835297 -0.7533634142
v -0.05153428037 -0.2007127703 -0.7574799456
v -0.04501702111 -0.1753297213 -0.7539887922
v -0.03829854733 -0.1491629936 -0.7436437888
v -0.03159548214 -0.1230562783 -0.7279505892
v -0.02509387365 -0.0977341851 -0.7089904152
v -0.0189215558 -0.07369459425 -0.6891687889
v -0.0131314771 -0.0511437266 -0.6709208742
v -0.007698333551 -0.02998302959 -0.6564109646
v -0.002528690156 -0.009848597916 -0.6472646578
v -0.002253915427 -0.01181543844 0.765694868
v -0.006704560992 -0.03514653955 0.758719581
v -0.01099223308 -0.05762330378 0.7453761564
v -0.01504284041 -0.07885733102 0.7271607855
v -0.01882983168 -0.09870943449 0.7060751694
v -0.02238129927 -0.1173268795 0.6843748684
v -0.02577752588 -0.1351305229 0.6642869623
v -0.02913910872 -0.1527525573 0.6477333299
v -0.03260732304 -0.1709335734 0.6360948995
v -0.03631968156 -0.1903944383 0.6300466524
v -0.04038450577 -0.2117029931 0.6294837311
v -0.0448586108 -0.235157073 0.6335469951
v -0.04973186325 -0.260703557 0.6407433901
v -0.05492144019 -0.287908272 0.6491442701
v -0.06027722365 -0.3159842721 0.6566349594
v -0.0655981095 -0.3438773326 0.6611826251
v -0.07065733205 -0.3703987059 0.6610877413
v -0.0752334572 -0.3943875941 0.6551872279
v -0.07914269859 -0.4148805551 0.6429843026
v -0.08226782272 -0.4312630295 0.6246902035
v -0.08457920556 -0.4433797227 0.6011748053
v -0.08614456033 -0.4515855998 0.5738351668
v -0.08712535439 -0.4567271023 0.5444015782
v -0.08775977073 -0.4600528292 0.5147083579
v -0.08833399185 -0.4630630017 0.4864605022
v -0.08914531734 -0.4673161189 0.4610268778
v -0.09046191899 -0.4742179864 0.4392861319
v -0.09248469241 -0.4848217361 0.4215435763
v -0.09531657254 -0.4996669716 0.4075271555
v -0.09894383439 -0.5186817441 0.3964596598
v -0.1032323993 -0.5411631887 0.3871941317
v -0.1079402034 -0.5658423619 0.3783913094
v -0.1127445202 -0.5910274725 0.3687130223
v -0.1172810597 -0.6148088453 0.3570043017
v -0.1211899761 -0.6353001032 0.3424396371
v -0.1241628517 -0.6508844625 0.3246148291
v -0.1259844357 -0.6604335403 0.3035743133
v -0.1265634716 -0.6634689526 0.2797733944
v -0.1259482676 -0.6602439404 0.2539841528
v -0.1243246063 -0.6517324099 0.2271615335
v -0.1219958808 -0.6395248034 0.2002912273
v -0.1193476957 -0.6256425307 0.1742427465
v -0.1168012569 -0.6122936312 0.1496493974
v -0.1147614174 -0.6016004183 0.1268320008
v -0.1135660269 -0.5953339618 0.1057759929
v -0.1134431458 -0.5946897965 0.08616307651
v -0.1144817257 -0.6001342227 0.06745016283
v -0.1166196518 -0.611341624 0.04898122136
v -0.1196508115 -0.6272315197 0.0301128693
v -0.1232503846 -0.6461011425 0.01033278993
v -0.1270151808 -0.6658368954 -0.01064841449
v -0.130513884 -0.6841777397 -0.03284681048
v -0.1333407678 -0.6989967836 -0.05600422879
v -0.1351659968 -0.708564969 -0.0796368891
v -0.1357760765 -0.7117631189 -0.1031255294
v -0.13509931 -0.7082153847 -0.1258322057
v -0.1332130813 -0.6983274278 -0.1472244071
v -0.1303321584 -0.6832251011 -0.1669856087
v -0.1267796726 -0.6646023182 -0.1850931284
v -0.1229446642 -0.6444985003 -0.2018489274
v -0.1192317892 -0.6250349278 -0.2178561178
v -0.1160097384 -0.608144346 -0.2339423614
v -0.1135650109 -0.5953286353 -0.2510397999
v -0.1120668983 -0.5874752544 -0.2700383703
v -0.111547998 -0.5847550837 -0.2916342031
v -0.1119024823 -0.5866133555 -0.3161964929
v -0.112902007 -0.5918530472 -0.3436744371
v -0.1142268442 -0.5987980872 -0.3735607273
v -0.1155078919 -0.6055135745 -0.4049203272
v -0.1163738842 -0.6100532648 -0.4364839463
v -0.116497579 -0.6107016958 -0.4667960446
v -0.1156349868 -0.6061798291 -0.4943987807
v -0.1136527695 -0.5957886822 -0.5180272936
v -0.1105406316 -0.5794742841 -0.5367890381
v -0.1064075951 -0.5578081478 -0.5503010455
v -0.1014632162 -0.5318888062 -0.558763915
v -0.09598676744 -0.5031802563 -0.5629594407
v -0.09028890842 -0.4733110333 -0.564169002
v -0.08467121924 -0.4438620753 -0.5640207929
v -0.07938905944 -0.4161720239 -0.5642841172
v -0.07462256339 -0.3911851766 -0.5666369033
v -0.07045929011 -0.3693605338 -0.5724371082
v -0.06689031247 -0.3506512978 -0.5825291039
v -0.06381960902 -0.3345541066 -0.5971122877
v -0.0610847839 -0.3202176512 -0.6156914899
v -0.05848564218 -0.3065924732 -0.6371182174
v -0.05581619032 -0.2925987165 -0.6597197743
v -0.05289533465 -0.2772870548 -0.6815014324
v -0.04959193855 -0.259970046 -0.7003967152
v -0.04584089664 -0.2403063957 -0.714533906
v -0.04164833214 -0.2183282029 -0.7224840945
v -0.03708569964 -0.1944100458 -0.7234578675
v -0.03227423082 -0.1691874429 -0.7174239679
v -0.02736255239 -0.1434395229 -0.7051331029
v -0.02250123642 -0.1179556121 -0.6880423041
v -0.01781838413 -0.09340724073 -0.6681482237
v -0.01340005732 -0.07024556049 -0.6477497561
v -0.009278511314 -0.04863965967 -0.629169801
v -0.005429887563 -0.02846446743 -0.6144715547
v -0.001781496053 -0.009338929357 -0.605205665
v -0.001397318074 -0.0110609115 0.7096977589
v -0.004155416385 -0.03289350772 0.7030488972
v -0.006852149933 -0.05424035182 0.6946666694
v -0.009477361119 -0.07502103814 0.6849329635
v -0.01202846687 -0.09521511954 0.6743336224
v -0.01451139239 -0.1148694988 0.6634036876
v -0.01694012415 -0.1340948904 0.6526662014
v -0.01933490373 -0.1530515227 0.642572347
v -0.02171930264 -0.1719259835 0.6334504968
v -0.02411660386 -0.1909025767 0.6254705459
v -0.02654603851 -0.2101335322 0.6186278891
v -0.02901946726 -0.2297127368 0.612748826
v -0.03153904698 -0.2496572639 0.6075164008
v -0.03409628979 -0.2698999251 0.6025130687
v -0.0366727224 -0.2902944893 0.5972744654
v -0.03924211632 -0.3106333364 0.5913472298
v -0.04177401961 -0.3306754147 0.5843434393
v -0.04423811328 -0.3501807245 0.5759848185
v -0.04660877218 -0.3689464221 0.5661313634
v -0.04886915465 -0.3868391918 0.5547911892
v -0.05101418668 -0.4038188686 0.5421109428
v -0.05305194342 -0.4199493742 0.5283486911
v -0.05500314433 -0.4353947198 0.513833449
v -0.05689874094 -0.4503999121 0.4989171511
v -0.05877585056 -0.4652587647 0.4839256996
v -0.06067253704 -0.4802725841 0.4691156295
v -0.06262212412 -0.495705155 0.4546419735
v -0.06464782043 -0.5117401924 0.4405412133
v -0.0667584217 -0.5284473218 0.4267310393
v -0.06894573474 -0.5457616873 0.4130263015
v -0.07118415289 -0.5634805915 0.3991683543
v -0.07343253162 -0.5812783417 0.3848632644
v -0.07563820348 -0.5987380324 0.3698233053
v -0.07774267558 -0.6153966443 0.353805914
v -0.07968831106 -0.630797935 0.3366448596
v -0.08142514404 -0.6445463838 0.3182696666
v -0.08291693643 -0.6563551365 0.2987111342
v -0.0841456642 -0.6660815183 0.2780928437
v -0.08511381062 -0.6737451863 0.2566105416
v -0.08584412115 -0.6795261894 0.2345029416
v -0.08637680336 -0.6837428033 0.2120185819
v -0.08676449139 -0.68681167 0.1893837589
v -0.08706559326 -0.6891951368 0.1667761933
v -0.08733686038 -0.6913424372 0.1443080481
v -0.0876261306 -0.6936322467 0.1220203735
v -0.08796618378 -0.6963240449 0.09988924362
v -0.08837051229 -0.6995246345 0.07784204642
v -0.08883156478 -0.7031742408 0.0557808617
v -0.08932170268 -0.7070540818 0.03360883981
v -0.08979675619 -0.7108145175 0.0112551167
v -0.09020172715 -0.7140201927 -0.01130587572
v -0.09047790562 -0.7162063705 -0.03404388122
v -0.09057048148 -0.7169391838 -0.05687279644
v -0.09043566785 -0.7158720241 -0.07966115928
v -0.09004641767 -0.7127907916 -0.1022514353
v -0.0893959992 -0.7076421993 -0.1244849354
v -0.08849897748 -0.7005415412 -0.1462282322
v -0.08738948706 -0.6917590202 -0.1673966195
v -0.08611703443 -0.6816865205 -0.1879705329
v -0.0847403869 -0.6707892332 -0.2080018704
v -0.08332034889 -0.6595484749 -0.2276086778
v -0.08191236275 -0.648403117 -0.2469584621
v -0.08055988423 -0.6376971471 -0.2662422063
v -0.07928936985 -0.6276399902 -0.2856427
v -0.07810749336 -0.6182844744 -0.3053018348
v -0.07700090915 -0.6095249584 -0.3252918766
v -0.07593854503 -0.6011154805 -0.3455953391
v -0.07487607799 -0.5927051879 -0.3660969904
v -0.07376196987 -0.583886114 -0.3865898653
v -0.07254424999 -0.5742468687 -0.4067951602
v -0.07117715347 -0.5634251854 -0.426393838
v -0.06962676458 -0.5511525936 -0.4450659685
v -0.0678749676 -0.5372856926 -0.4625325399
v -0.0659212492 -0.521820419 -0.4785939036
v -0.06378219279 -0.5048880441 -0.4931592609
v -0.06148881535 -0.4867340923 -0.506262652
v -0.05908217808 -0.4676835967 -0.5180626404
v -0.05660791765 -0.4480978086 -0.5288250684
v -0.05411046583 -0.4283284419 -0.5388906034
v -0.05162773898 -0.4086756352 -0.5486309608
v -0.04918698528 -0.3893550802 -0.5583993881
v -0.04680229325 -0.3704782991 -0.5684819584
v -0.04447401731 -0.3520480972 -0.5790563134
v -0.0421901013 -0.3339690405 -0.5901636743
v -0.03992901867 -0.3160707285 -0.6016982976
v -0.0376638333 -0.29813994 -0.613416306
v -0.03536674869 -0.2799566429 -0.624963256
v -0.03301347034 -0.2613285266 -0.6359172708
v -0.0305867621 -0.242119153 -0.6458424063
v -0.02807871967 -0.2222659528 -0.6543454333
v -0.02549149145 -0.2017859326 -0.6611286217
v -0.02283641701 -0.1807688544 -0.6660314993
v -0.02013178942 -0.1593595225 -0.6690558878
v -0.01739964722 -0.13773239 -0.6703706276
v -0.0146621344 -0.1160627447 -0.6702950184
v -0.01193801541 -0.09449912248 -0.6692627798
v -0.009239891073 -0.07314126917 -0.6677709012
v -0.006572537848 -0.05202699426 -0.6663197714
v -0.00393260738 -0.03112979284 -0.6653521635
v -0.001309704557 -0.01036737909 -0.6651988591
v -0.0006137532098 -0.009755327916 0.6222201935
v -0.001847310858 -0.02936216528 0.623854245
v -0.003110315543 -0.04943704988 0.629399253
v -0.004421362123 -0.07027553853 0.6378064301
v -0.005787673937 -0.09199244294 0.6476505849
v -0.007203290671 -0.1144930266 0.6573125188
v -0.008649581165 -0.1374811557 0.6651839789
v -0.0100980506 -0.1605039181 0.669868766
v -0.01151503919 -0.1830263069 0.6703542896
v -0.01286759412 -0.2045245517 0.6661319046
v -0.01412958667 -0.2245833489 0.6572512196
v -0.01528707718 -0.2429811338 0.6443022955
v -0.01634201318 -0.2597488614 0.6283290878
v -0.01731357344 -0.2751913694 0.6106863732
v -0.01823680966 -0.2898657889 0.5928595644
v -0.01915864114 -0.3045178807 0.5762713341
v -0.02013166611 -0.3199836697 0.5621002688
v -0.0212066062 -0.3370693532 0.5511347312
v -0.02242444359 -0.3564263242 0.5436800494
v -0.02380940457 -0.3784396486 0.5395297927
v -0.02536387071 -0.4031471805 0.538003258
v -0.02706606515 -0.4302027863 0.5380425584
v -0.02887099581 -0.4588913375 0.5383550441
v -0.03071468944 -0.4881960086 0.5375812018
v -0.03252128131 -0.5169109641 0.5344653812
v -0.03421210262 -0.5437857993 0.5280070012
v -0.03571559258 -0.567683088 0.517573178
v -0.03697670217 -0.5877278508 0.5029594813
v -0.03796447879 -0.6034281106 0.4843929156
v -0.03867672748 -0.6147489794 0.4624791868
v -0.03914100984 -0.6221285362 0.4381037562
v -0.03941172095 -0.626431366 0.4123020797
v -0.03956351205 -0.6288440165 0.3861180246
v -0.03968183172 -0.6307246538 0.3604702967
v -0.03985177009 -0.6334257468 0.3360447767
v -0.04014665099 -0.6381127444 0.3132262884
v -0.04061788682 -0.6456028235 0.2920771998
v -0.04128747729 -0.6562456593 0.2723632991
v -0.04214421001 -0.669863036 0.2536206108
v -0.04314414956 -0.6857566199 0.2352511835
v -0.04421544236 -0.7027843314 0.216632165
v -0.04526689294 -0.7194966598 0.1972211837
v -0.04619925836 -0.7343161837 0.1766422814
v -0.04691783259 -0.745737594 0.1547401759
v -0.04734470177 -0.7525224854 0.1315958727
v -0.04742907354 -0.7538635362 0.1075028016
v -0.04715431708 -0.7494964075 0.08290877526
v -0.04654076675 -0.7397443042 0.05833424867
v -0.04564388628 -0.7254887973 0.03428082857
v -0.04454799196 -0.7080700559 0.01114524589
v -0.04335631128 -0.6891288339 -0.01084710509
v -0.04217863254 -0.6704101663 -0.03167825067
v -0.04111811607 -0.6535537398 -0.05153749229
v -0.04025894803 -0.6398976548 -0.07078503689
v -0.0396564072 -0.6303205426 -0.0898852657
v -0.03933060021 -0.6251419888 -0.1093204618
v -0.03926464125 -0.6240936011 -0.1294991085
v -0.03940747425 -0.6263638667 -0.1506739805
v -0.03968093408 -0.6307103862 -0.1728839839
v -0.03999009893 -0.6356244208 -0.1959302282
v -0.04023557007 -0.6395260727 -0.2193916342
v -0.04032608119 -0.6409647059 -0.2426792516
v -0.04018981803 -0.638798865 -0.2651223118
v -0.03978301877 -0.6323329759 -0.2860737875
v -0.03909480188 -0.6213940816 -0.3050197061
v -0.03814767586 -0.6063399446 -0.3216752276
v -0.036993758 -0.5879989455 -0.3360517986
v -0.03570728786 -0.5675510881 -0.3484834065
v -0.03437449333 -0.5463669258 -0.3596055881
v -0.03308218989 -0.5258263508 -0.370287627
v -0.0319066276 -0.5071413232 -0.3815253293
v -0.03090403062 -0.4912055005 -0.3943078891
v -0.03010401373 -0.4784895962 -0.4094767311
v -0.02950664876 -0.4689947519 -0.4275961524
v -0.02908344877 -0.4622681806 -0.4488547442
v -0.02878201061 -0.4574769583 -0.4730129827
v -0.02853357758 -0.4535282283 -0.4994064797
v -0.02826241812 -0.4492182722 -0.527006947
v -0.02789571058 -0.4433896228 -0.5545349649
v -0.02737260153 -0.4350750425 -0.5806112548
v -0.02665126544 -0.4236097336 -0.6039273967
v -0.0257131084 -0.4086981545 -0.623413642
v -0.02456368165 -0.3904285396 -0.6383811704
v -0.02323033931 -0.3692356698 -0.6486189419
v -0.021757123 -0.3458195671 -0.6544308757
v -0.02019772161 -0.3210335919 -0.6566067565
v -0.01860758782 -0.2957591391 -0.6563289989
v -0.01703636581 -0.2707852803 -0.6550260404
v -0.01552169004 -0.2467101983 -0.6541904906
v -0.01408517199 -0.2238773978 -0.6551852284
v -0.01273103874 -0.2023540662 -0.6590626816
v -0.01144747873 -0.181952464 -0.6664212202
v -0.01021034659 -0.1622888118 -0.6773180828
v -0.008988539405 -0.1428687426 -0.6912510897
v -0.007750129668 -0.1231847836 -0.7072125069
v -0.006468257031 -0.1028100014 -0.7238089939
v -0.005125850359 -0.0814730584 -0.7394328327
v -0.003718461197 -0.05910324824 -0.7524627862
v -0.002254805093 -0.03583910067 -0.7614688792
v -0.0007549794539 -0.01200005479 -0.7653947131
v -1.841555863e-18 -0.0100249632 0.6381564873
v -5.591539098e-18 -0.03043892112 0.6454557636
v -9.521000441e-18 -0.05182991236 0.6585614779
v -1.370507613e-17 -0.07460695954 0.6757813855
v -1.816597614e-17 -0.09889096813 0.6948441588
v -2.286493289e-17 -0.1244708973 0.713186084
v -2.77048303e-17 -0.1508180716 0.7282729213
v -3.254336727e-17 -0.1771578401 0.7379155105
v -3.721490121e-17 -0.2025884864 0.7405387836
v -4.15576691e-17 -0.2262294137 0.7353702019
v -4.544212202e-17 -0.2473753905 0.7225243903
v -4.879578928e-17 -0.2656319047 0.702974438
v -5.162047066e-17 -0.281008754 0.678415145
v -5.399859734e-17 -0.2939546726 0.6510374333
v -5.608715955e-17 -0.3053242758 0.6232443891
v -5.809945174e-17 -0.3162786842 0.5973464869
v -6.027676081e-17 -0.3281314027 0.5752755889
v -6.285374317e-17 -0.3421598413 0.5583541144
v -6.602235241e-17 -0.3594089466 0.5471478297
v -6.989961254e-17 -0.3805157677 0.5414191726
v -7.450419985e-17 -0.4055819735 0.5401844713
v -7.974572402e-17 -0.4341155021 0.541864722
v -8.542892273e-17 -0.4650533949 0.5445075657
v -9.127292704e-17 -0.4968666726 0.5460493435
v -9.694360419e-17 -0.5277364012 0.5445817204
v -1.020950441e-16 -0.5557795339 0.5385878374
v -1.064148097e-16 -0.5792952429 0.5271181135
v -1.096668386e-16 -0.5969984633 0.5098848567
v -1.117259837e-16 -0.6082079274 0.4872664321
v -1.125991315e-16 -0.6129611222 0.4602242287
v -1.124295097e-16 -0.6120377444 0.4301473312
v -1.114830003e-16 -0.6068851874 0.3986490562
v -1.101176895e-16 -0.5994527814 0.3673451369
v -1.087402072e-16 -0.5919541169 0.3376446671
v -1.077542974e-16 -0.5865870742 0.3105818685
v -1.075082547e-16 -0.5852476801 0.2867098801
v -1.082481824e-16 -0.5892756589 0.2660681622
v -1.100834151e-16 -0.5992662005 0.2482241877
v -1.129689636e-16 -0.6149743947 0.2323794593
v -1.167076756e-16 -0.635326995 0.2175210492
v -1.209722403e-16 -0.6585422037 0.2025940353
v -1.253445362e-16 -0.6823438743 0.1866681607
v -1.293674907e-16 -0.7042438184 0.169073982
v -1.326028925e-16 -0.7218565255 0.1494892999
v -1.346877271e-16 -0.7332058366 0.1279649034
v -1.353817021e-16 -0.7369836606 0.1048883074
v -1.345997038e-16 -0.7327266599 0.08089377636
v -1.324248336e-16 -0.7208872182 0.0567350545
v -1.291001728e-16 -0.7027886074 0.0331426694
v -1.250001798e-16 -0.6804692849 0.01068966574
v -1.205852822e-16 -0.656435702 -0.01031211605
v -1.1634542e-16 -0.6333549672 -0.02986826205
v -1.127397449e-16 -0.6137265861 -0.04830132985
v -1.101401862e-16 -0.5995752476 -0.06619372359
v -1.087860878e-16 -0.5922038795 -0.08428309316
v -1.08755673e-16 -0.5920383087 -0.1033272258
v -1.099578958e-16 -0.5985829048 -0.1239605603
v -1.121455848e-16 -0.6104921292 -0.1465661928
v -1.149480239e-16 -0.625747897 -0.1711852534
v -1.179186175e-16 -0.6419190555 -0.1974800871
v -1.205913793e-16 -0.6564688931 -0.2247595389
v -1.225389094e-16 -0.6670707529 -0.2520650326
v -1.234244261e-16 -0.6718912814 -0.2783064812
v -1.230412929e-16 -0.6698056015 -0.3024288255
v -1.213352038e-16 -0.6605180852 -0.323584471
v -1.184065259e-16 -0.6445751049 -0.3412849503
v -1.144929223e-16 -0.6232704394 -0.3555071821
v -1.099349481e-16 -0.5984579834 -0.3667355239
v -1.051294727e-16 -0.5722981938 -0.375929648
v -1.004772701e-16 -0.5469727827 -0.3844189102
v -9.633172929e-17 -0.5244055095 -0.3937347939
v -9.295531809e-17 -0.5060251829 -0.405402617
v -9.048924075e-17 -0.4926004832 -0.4207205583
v -8.893983784e-17 -0.4841659266 -0.4405570959
v -8.818296192e-17 -0.480045686 -0.4651966331
v -8.798514022e-17 -0.4789687948 -0.4942574545
v -8.803813896e-17 -0.4792573065 -0.5266969028
v -8.80018647e-17 -0.4790598386 -0.5609070042
v -8.754959205e-17 -0.476597781 -0.5948912739
v -8.640940493e-17 -0.4703908914 -0.6265018457
v -8.439647234e-17 -0.4594329968 -0.6537070317
v -8.143222594e-17 -0.443296391 -0.6748542587
v -7.754844742e-17 -0.4221540855 -0.6888928566
v -7.287642472e-17 -0.3967207784 -0.6955255655
v -6.762339298e-17 -0.3681246055 -0.6952663926
v -6.204015354e-17 -0.3377308657 -0.6893944694
v -5.638483585e-17 -0.30694475 -0.6798072657
v -5.088810021e-17 -0.2770219149 -0.6687900641
v -4.572464582e-17 -0.2489133784 -0.658730142
v -4.099477234e-17 -0.2231651464 -0.6518120539
v -3.671812384e-17 -0.1998841563 -0.6497336045
v -3.283986833e-17 -0.1787719167 -0.6534800672
v -2.924771402e-17 -0.1592171394 -0.6631871141
v -2.579660534e-17 -0.1404301787 -0.6781116839
v -2.233690001e-17 -0.1215964202 -0.6967160728
v -1.874144561e-17 -0.102023678 -0.7168557259
v -1.492729365e-17 -0.08126040184 -0.7360475119
v -1.08687509e-17 -0.05916672412 -0.7517845103
v -6.599914908e-18 -0.03592826336 -0.7618569846
v -2.206549452e-18 -0.01201189575 -0.7646381384
v 0.0006862176587 -0.01090711735 0.69568432
v 0.002062465991 -0.03278195819 0.6965141562
v 0.003461492193 -0.0550188429 0.7004628857
v 0.004897595704 -0.07784505454 0.7065058109
v 0.006373927373 -0.1013106745 0.7132533442
v 0.007880760356 -0.1252610989 0.7191327792
v 0.009396079953 -0.1493464142 0.7225924273
v 0.01088846032 -0.1730671209 0.7223017363
v 0.01232182387 -0.195849782 0.7173216997
v 0.01366136378 -0.2171411593 0.7072239141
v 0.01487970089 -0.2365060731 0.6921434991
v 0.01596227643 -0.2537131185 0.6727598234
v 0.01691106584 -0.2687936943 0.6502084201
v 0.01774592585 -0.2820634142 0.6259363577
v 0.01850322668 -0.2941003663 0.6015205027
v 0.01923182483 -0.3056811022 0.578472621
v 0.01998684061 -0.3176817343 0.5580565671
v 0.02082205767 -0.3309571294 0.5411407677
v 0.02178200492 -0.346215054 0.5281041407
v 0.02289487561 -0.363903627 0.5188062329
v 0.0241673662 -0.3841292858 0.5126237197
v 0.02558228381 -0.4066187572 0.5085466747
v 0.02709940577 -0.4307327202 0.5053203529
v 0.02865962658 -0.4555317198 0.5016126414
v 0.03019195896 -0.4798874457 0.4961845354
v 0.03162253272 -0.5026257645 0.4880412894
v 0.03288441999 -0.5226828882 0.4765451874
v 0.03392695555 -0.5392535164 0.4614766316
v 0.03472324303 -0.5519101435 0.4430376359
v 0.03527474395 -0.5606759996 0.4217997737
v 0.03561221221 -0.566039904 0.3986060656
v 0.03579271534 -0.568908919 0.3744421866
v 0.03589301125 -0.5705030769 0.3502959642
v 0.03600005401 -0.5722044728 0.3270249781
v 0.03619981366 -0.5753795615 0.3052501374
v 0.0365658553 -0.5811976268 0.2852887316
v 0.03714919244 -0.5904695051 0.267134333
v 0.03797079536 -0.6035285095 0.2504839668
v 0.03901781247 -0.6201703701 0.2348061912
v 0.04024409052 -0.6396615015 0.2194380935
v 0.0415750203 -0.6608160245 0.2036955004
v 0.04291616252 -0.6821328697 0.1869793975
v 0.04416459967 -0.70197621 0.1688627895
v 0.0452215843 -0.7187764996 0.1491457623
v 0.04600486353 -0.7312263665 0.1278717563
v 0.04645908152 -0.7384459547 0.1053042164
v 0.04656289522 -0.7400960261 0.08186891156
v 0.04633185477 -0.7364237434 0.05807239817
v 0.04581664431 -0.7282347076 0.03441057844
v 0.04509687994 -0.7167943806 0.01128256951
v 0.04427124043 -0.7036712163 -0.01107600677
v 0.04344518455 -0.690541434 -0.03262949422
v 0.04271782493 -0.678980384 -0.05354256915
v 0.04216963822 -0.6702672058 -0.07414449566
v 0.04185258129 -0.6652277301 -0.09486311683
v 0.04178386807 -0.6641355648 -0.1161393858
v 0.04194418287 -0.6666836956 -0.1383365317
v 0.04228052747 -0.6720297399 -0.1616590633
v 0.04271329867 -0.6789084412 -0.1860955497
v 0.04314664835 -0.685796337 -0.2113956425
v 0.04348076226 -0.6911069256 -0.2370866244
v 0.04362446045 -0.693390943 -0.262528644
v 0.04350649996 -0.6915160147 -0.2870016441
v 0.04308415133 -0.6848029754 -0.3098117422
v 0.04234799594 -0.6731021206 -0.3304012979
v 0.04132239967 -0.6568007346 -0.3484456659
v 0.04006169053 -0.6367623366 -0.3639209392
v 0.03864262724 -0.6142069716 -0.3771306976
v 0.03715421722 -0.5905493718 -0.3886854129
v 0.03568626566 -0.5672169498 -0.3994349428
v 0.03431817117 -0.5454717107 -0.4103614998
v 0.03310941369 -0.5262590607 -0.4224466118
v 0.03209291988 -0.5101023543 -0.4365299605
v 0.03127207978 -0.4970554745 -0.4531799291
v 0.03062168338 -0.4867177197 -0.4725948415
v 0.03009251819 -0.4783068798 -0.4945502931
v 0.02961889022 -0.4707787789 -0.5184020706
v 0.02912796481 -0.4629757429 -0.5431467236
v 0.02854961744 -0.4537831746 -0.5675338887
v 0.02782546269 -0.4422730645 -0.5902170749
v 0.02691588898 -0.4278158044 -0.6099238628
v 0.02580424202 -0.4101466819 -0.6256231741
v 0.02449772268 -0.3893801517 -0.6366669744
v 0.02302503369 -0.3659724306 -0.6428865629
v 0.02143125763 -0.3406400855 -0.6446291958
v 0.01977081421 -0.314248093 -0.6427284443
v 0.01809957835 -0.2876845597 -0.6384104298
v 0.01646731315 -0.2617404473 -0.6331467082
v 0.01491147726 -0.237011144 -0.6284719385
v 0.01345322326 -0.2138328604 -0.6257895296
v 0.01209605058 -0.1922612184 -0.6261905014
v 0.01082716806 -0.1720929083 -0.6303094963
v 0.009621217585 -0.1529248744 -0.6382373597
v 0.008445670878 -0.1342400945 -0.6495025426
v 0.007266984561 -0.115505412 -0.6631246946
v 0.006056515147 -0.0962655516 -0.6777343748
v 0.004795265358 -0.07621856027 -0.6917440813
v 0.003476742635 -0.05526124173 -0.7035489445
v 0.002107526099 -0.03349816809 -0.7117313781
v 0.0007055104822 -0.011213768 -0.7152432961
v 0.001395365842 -0.01104545798 0.7087062201
v 0.004148710963 -0.03284042884 0.7019144167
v 0.006838184234 -0.05412980193 0.6932508356
v 0.009452085701 -0.07482096261 0.6831062983
v 0.01198647923 -0.09488275317 0.6719797335
v 0.01444619356 -0.114353397 0.660423054
v 0.01684443444 -0.1333374283 0.6489794844
v 0.01920102754 -0.1519917835 0.6381231325
v 0.02153953072 -0.1705029423 0.6282073905
v 0.0238836398 -0.1890584763 0.6194285609
v 0.02625343562 -0.2078173418 0.6118090821
v 0.02866206115 -0.2268835761 0.6052021618
v 0.03111336928 -0.246287678 0.5993168447
v 0.03360094839 -0.2659788942 0.5937599267
v 0.03610873458 -0.285830066 0.5880890137
v 0.03861318206 -0.3056548091 0.5818696948
v 0.04108672388 -0.3252349088 0.5747294076
v 0.04350204788 -0.344354167 0.5664011708
v 0.04583656992 -0.3628338118 0.5567518432
v 0.04807643074 -0.3805641359 0.5457917243
v 0.05021938504 -0.3975273658 0.5336648478
v 0.05227608799 -0.4138078461 0.5206218828
v 0.0542694983 -0.4295873135 0.5069798068
v 0.05623237932 -0.4451251167 0.4930741529
v 0.05820315427 -0.4607254067 0.4792104559
v 0.06022061888 -0.4766952836 0.4656214313
v 0.06231819936 -0.4932993428 0.4524354538
v 0.06451853634 -0.5107168034 0.4396602096
v 0.06682916214 -0.52900729 0.4271832241
v 0.06923991704 -0.54809038 0.4147886299
v 0.07172253466 -0.567742322 0.4021873544
v 0.07423254583 -0.5876111064 0.3890561755
v 0.07671333967 -0.6072486116 0.375080046
v 0.07910192434 -0.6261562062 0.3599918376
v 0.08133568815 -0.6438382674 0.343604237
v 0.08335930853 -0.6598568722 0.3258298115
v 0.08513091563 -0.6738805865 0.3066870709
v 0.08662669566 -0.6857209045 0.2862923997
v 0.08784330884 -0.6953513896 0.2648397351
v 0.08879777405 -0.7029067596 0.2425715232
v 0.08952480006 -0.7086617631 0.2197455846
v 0.0900718802 -0.7129923483 0.1966029071
v 0.09049276533 -0.7163239971 0.1733410221
v 0.09084015137 -0.7190738408 0.1500965901
v 0.09115852986 -0.7215940661 0.1269392792
v 0.09147813768 -0.7241240225 0.1038772127
v 0.09181080581 -0.7267573619 0.08087246326
v 0.09214826346 -0.7294286143 0.05786354831
v 0.09246313502 -0.7319210793 0.03479085821
v 0.09271251543 -0.7338951285 0.01162057768
v 0.09284367067 -0.7349333291 -0.01163701667
v 0.09280112948 -0.7345965809 -0.03491803449
v 0.09253424815 -0.7324839977 -0.0581059234
v 0.09200426586 -0.7282887559 -0.08104287447
v 0.09118993291 -0.7218426468 -0.1035499442
v 0.0900909797 -0.7131435364 -0.1254527036
v 0.08872897527 -0.7023621612 -0.1466082611
v 0.08714546369 -0.6898273763 -0.166929187
v 0.08539761925 -0.6759917629 -0.1864002413
v 0.08355198088 -0.6613820309 -0.2050848354
v 0.0816770697 -0.6465405807 -0.2231196831
v 0.07983583084 -0.6319656743 -0.2406979037
v 0.07807885277 -0.6180577609 -0.2580426502
v 0.07643920546 -0.6050786159 -0.2753748841
v 0.0749295175 -0.5931282052 -0.2928799554
v 0.07354161373 -0.5821418156 -0.3106780141
v 0.07224869841 -0.571907337 -0.3288028948
v 0.07100974026 -0.5620999734 -0.3471930274
v 0.06977543853 -0.5523294691 -0.3656962719
v 0.06849495887 -0.5421934289 -0.3840885773
v 0.06712254867 -0.5313296835 -0.4021043235
v 0.06562318227 -0.5194609764 -0.4194743982
v 0.06397653824 -0.5064264467 -0.4359667749
v 0.06217885238 -0.4921962979 -0.4514237829
v 0.06024248599 -0.4768683796 -0.4657905062
v 0.05819335796 -0.460647861 -0.4791297989
v 0.05606667036 -0.4438133952 -0.4916211323
v 0.0539015714 -0.4266748722 -0.5035426734
v 0.05173552079 -0.409528816 -0.5152383293
v 0.04959913554 -0.3926175855 -0.5270736609
v 0.04751220077 -0.3760977957 -0.539386256
v 0.045481345 -0.360021917 -0.5524371196
v 0.04349963219 -0.3443350449 -0.5663697183
v 0.04154804749 -0.3288866612 -0.5811824956
v 0.03959859156 -0.3134551285 -0.5967190259
v 0.03761848422 -0.297780965 -0.612677723
v 0.03557484146 -0.2816038668 -0.6286404483
v 0.03343914804 -0.2646981126 -0.6441168269
v 0.03119090362 -0.2469014255 -0.6585989123
v 0.02881996376 -0.228133504 -0.6716193581
v 0.02632730431 -0.2084020727 -0.682805651
v 0.0237241784 -0.1877962093 -0.6919233477
v 0.021029872 -0.1664685781 -0.6989025856
v 0.01826846388 -0.144609782 -0.7038442469
v 0.0154651291 -0.1224191023 -0.7070047726
v 0.01264257442 -0.1000762813 -0.7087613988
v 0.009818153263 -0.07771868574 -0.7095621584
v 0.007002085184 -0.05542721155 -0.7098670113
v 0.004197019446 -0.03322282986 -0.710087659
v 0.001398964161 -0.01107394162 -0.7105338064
v 0.002187359213 -0.01146653855 0.743084547
v 0.006504872335 -0.03409973495 0.7361218756
v 0.01065940221 -0.05587854324 0.7228071119
v 0.01457701656 -0.07641539688 0.7046431738
v 0.01823156431 -0.09557320709 0.6836415256
v 0.02165186177 -0.1135030343 0.662070145
v 0.02491930841 -0.1306315894 0.6421706942
v 0.02815606349 -0.1475992537 0.6258812147
v 0.03150544296 -0.1651573158 0.614599719
v 0.03510749106 -0.1840399132 0.6090184791
v 0.03907354119 -0.2048306761 0.6090493872
v 0.04346386714 -0.2278455707 0.6138487558
v 0.04827218443 -0.2530516527 0.621936945
v 0.05341983025 -0.2800365571 0.631395983
v 0.05876105855 -0.3080362563 0.6401184885
v 0.06409923104 -0.3360199365 0.6460749886
v 0.06921200856 -0.3628220549 0.6475649318
v 0.0738821991 -0.3873040511 0.6434194974
v 0.07792992101 -0.4085229524 0.6331312529
v 0.08124135162 -0.4258820796 0.6168958263
v 0.08378962858 -0.4392406152 0.5955626245
v 0.08564442831 -0.4489638159 0.570503635
v 0.0869682443 -0.4559035023 0.5434198779
v 0.08799922543 -0.4613080947 0.5161127523
v 0.08902235649 -0.4666715356 0.4902513668
v 0.09033249621 -0.4735395285 0.4671665314
v 0.09219408011 -0.483298293 0.4476975648
v 0.09480295009 -0.4969744684 0.4321101535
v 0.09825568021 -0.5150743136 0.4200933458
v 0.1025309214 -0.5374859129 0.4108328172
v 0.1074857861 -0.5634602229 0.4031473248
v 0.1128683283 -0.5916764974 0.3956671675
v 0.1183450115 -0.6203862763 0.3870285386
v 0.1235399824 -0.6476192673 0.3760565028
v 0.1280812811 -0.6714255889 0.3619120064
v 0.1316480511 -0.6901232521 0.3441843436
v 0.1340125236 -0.7025182508 0.3229189351
v 0.1350711032 -0.7080675193 0.2985798394
v 0.1348602061 -0.7069619582 0.271955747
v 0.1335544388 -0.7001168864 0.2440259578
v 0.1314469995 -0.6890693025 0.2158079492
v 0.1289145335 -0.6757936507 0.1882099378
v 0.1263707611 -0.6624587288 0.1619101433
v 0.1242147379 -0.6511564594 0.1372796196
v 0.1227803906 -0.6436373478 0.1143582996
v 0.1222938835 -0.6410869884 0.09288544643
v 0.1228444126 -0.6439729628 0.07237727755
v 0.1243723201 -0.6519825344 0.05223740636
v 0.1266761896 -0.6640598412 0.03188096672
v 0.1294381168 -0.6785383707 0.01085154318
v 0.1322639796 -0.6933520624 -0.01108845154
v 0.1347335675 -0.7062980956 -0.03390879057
v 0.1364541369 -0.7153176359 -0.05731186964
v 0.1371105079 -0.7187584535 -0.08078255313
v 0.1365052713 -0.7155856917 -0.1036793721
v 0.1345839649 -0.7055138511 -0.1253522106
v 0.1314420489 -0.6890433504 -0.1452670977
v 0.1273128748 -0.6673974621 -0.1631172087
v 0.1225383159 -0.6423683476 -0.1789009213
v 0.1175259525 -0.6160926188 -0.1929525581
v 0.1126984178 -0.5907857956 -0.2059185722
v 0.1084414611 -0.5684700468 -0.218680361
v 0.1050573793 -0.5507300686 -0.2322333548
v 0.1027296811 -0.5385278477 -0.2475392474
v 0.1015033081 -0.5320989752 -0.2653730851
v 0.1012826476 -0.5309422322 -0.2861886287
v 0.101847226 -0.5339018559 -0.3100236125
v 0.1028826734 -0.5393298613 -0.3364614209
v 0.104022615 -0.5453056444 -0.3646579519
v 0.1048958174 -0.5498831319 -0.3934331201
v 0.1051723688 -0.5513328647 -0.4214168755
v 0.1046029548 -0.548347892 -0.4472311947
v 0.1030463626 -0.54018795 -0.4696834803
v 0.1004820298 -0.5267452471 -0.4879441284
v 0.09700652918 -0.5085260345 -0.5016821816
v 0.09281504131 -0.4865534856 -0.5111379058
v 0.08817083471 -0.4622077021 -0.5171192355
v 0.08336727034 -0.4370265358 -0.5209192417
v 0.07868769627 -0.4124953494 -0.524162723
v 0.07436868919 -0.3898543214 -0.5286001676
v 0.07057144437 -0.369948467 -0.5358752485
v 0.06736482389 -0.3531387737 -0.54729653
v 0.06472183928 -0.3392837632 -0.5636444747
v 0.06252942326 -0.327790716 -0.5850409857
v 0.06060950747 -0.3177261649 -0.6109010391
v 0.05874792583 -0.3079674122 -0.6399754262
v 0.0567267057 -0.2973718053 -0.670481616
v 0.05435501347 -0.2849389592 -0.7003078775
v 0.05149440946 -0.2699431478 -0.7272656865
v 0.04807506623 -0.2520183229 -0.7493584849
v 0.044101053 -0.2311858159 -0.7650320603
v 0.03964446647 -0.2078235712 -0.7733736034
v 0.03482984487 -0.1825844409 -0.7742327198
v 0.02981169521 -0.1562783792 -0.7682475248
v 0.0247488957 -0.1297382547 -0.7567711793
v 0.0197800778 -0.1036907991 -0.7417072025
v 0.01500380644 -0.07865270777 -0.7252739095
v 0.01046651788 -0.05486740816 -0.7097277511
v 0.006159879864 -0.03229122108 -0.6970809088
v 0.002027711653 -0.01062963673 -0.6888494517
v 0.00311678764 -0.01213908639 0.797799003
v 0.009278511266 -0.03613741546 0.7911473944
v 0.01521272039 -0.05924963402 0.7772569364
v 0.02080360437 -0.08102468948 0.7577175462
v 0.02600264637 -0.1012736212 0.734666449
v 0.03083897059 -0.1201098603 0.7105207861
v 0.03541621203 -0.1379370388 0.6876774168
v 0.03989608936 -0.155385009 0.6682184536
v 0.04447101345 -0.1732031619 0.6536600609
v 0.04932988784 -0.1921272282 0.6447761438
v 0.05462246881 -0.2127404701 0.6415185509
v 0.0604280565 -0.2353517413 0.643042679
v 0.06673380789 -0.2599110215 0.6478335967
v 0.0734266521 -0.2859779286 0.6539148409
v 0.08030082821 -0.3127510769 0.6591115787
v 0.08708073498 -0.3391570703 0.6613332389
v 0.09345642195 -0.3639887316 0.6588388114
v 0.09912701267 -0.3860742243 0.6504509882
v 0.1038459462 -0.404453257 0.6356926935
v 0.1074613773 -0.4185344315 0.6148302834
v 0.1099454944 -0.4282094286 0.5888202839
v 0.1114078622 -0.4339049753 0.5591692724
v 0.1120900085 -0.4365617597 0.5277276825
v 0.1123410589 -0.4375395366 0.4964464504
v 0.1125769346 -0.4384582116 0.4671295079
v 0.1132280652 -0.4409941979 0.4412146789
v 0.1146823923 -0.446658428 0.4196107411
v 0.1172313573 -0.4565859914 0.4026100103
v 0.1210264414 -0.4713668677 0.3898850258
v 0.1260526291 -0.4909425765 0.3805663033
v 0.1321230566 -0.5145853305 0.3733872754
v 0.138896334 -0.5409655046 0.3668739374
v 0.1459149874 -0.5683013546 0.3595514892
v 0.1526605437 -0.5945735618 0.3501390337
v 0.158618407 -0.6177779073 0.3377062266
v 0.1633441676 -0.6361835295 0.3217721593
v 0.166522583 -0.6485626402 0.3023356924
v 0.1680112437 -0.6543605911 0.2798366133
v 0.1678628022 -0.6537824494 0.2550568821
v 0.1663223694 -0.6477828596 0.2289794556
v 0.1637999153 -0.6379585497 0.202627595
v 0.1608208144 -0.6263557178 0.1769094707
v 0.1579606164 -0.6152159819 0.1524910771
v 0.1557722935 -0.606693027 0.1297153316
v 0.1547153174 -0.6025763769 0.1085775773
v 0.1550957926 -0.6040582301 0.088758736
v 0.1570255265 -0.6115740475 0.06970842168
v 0.1604055131 -0.6247382259 0.05076277048
v 0.164936164 -0.6423839464 0.03127667207
v 0.1701531509 -0.6627027688 0.01074824281
v 0.1754843791 -0.6834665317 -0.0110850061
v 0.1803208521 -0.7023033505 -0.03419405436
v 0.1840923618 -0.7169924109 -0.05825883495
v 0.1863383052 -0.7257397827 -0.08272125839
v 0.1867645655 -0.7273999571 -0.1068822467
v 0.1852792174 -0.7216149081 -0.1300269999
v 0.1820025819 -0.7088532556 -0.151557923
v 0.1772504996 -0.6903451167 -0.1711130294
v 0.1714931602 -0.6679217602 -0.1886494873
v 0.165294975 -0.6437814228 -0.2044770486
v 0.1592433768 -0.6202120041 -0.2192336597
v 0.1538757836 -0.5993066087 -0.2338044944
v 0.1496140869 -0.5827083961 -0.249194628
v 0.1467149241 -0.5714169023 -0.2663732292
v 0.1452418215 -0.5656795465 -0.2861122942
v 0.1450623595 -0.5649805882 -0.3088447487
v 0.1458701999 -0.5681269188 -0.334564843
v 0.1472285873 -0.5734174885 -0.3627883521
v 0.1486292085 -0.5788725477 -0.3925818727
v 0.1495584248 -0.5824916064 -0.4226606181
v 0.149562121 -0.5825060023 -0.4515439617
v 0.1483008131 -0.577593532 -0.4777490412
v 0.1455881615 -0.5670284519 -0.4999963538
v 0.1414084159 -0.5507494174 -0.5173984341
v 0.1359112284 -0.5293392859 -0.5296039361
v 0.1293853272 -0.5039225786 -0.5368746666
v 0.1222153003 -0.4759971677 -0.5400817173
v 0.11482786 -0.4472249871 -0.5406176807
v 0.1076351433 -0.4192112054 -0.540233549
v 0.1009827398 -0.3933018042 -0.5408196657
v 0.09510920817 -0.3704259089 -0.5441584956
v 0.09012203006 -0.3510021326 -0.551681776
v 0.08599250285 -0.3349186861 -0.564265047
v 0.08256936995 -0.3215864636 -0.5820884689
v 0.07960839744 -0.3100542371 -0.6045846919
v 0.07681299746 -0.299166873 -0.6304833605
v 0.07387964975 -0.287742238 -0.6579490965
v 0.07054145628 -0.2747408328 -0.6847972083
v 0.06660370999 -0.2594043236 -0.7087606417
v 0.06196676515 -0.2413446158 -0.727774307
v 0.05663353665 -0.2205730622 -0.7402399432
v 0.05070131703 -0.1974685922 -0.7452365802
v 0.04433993251 -0.1726926353 -0.7426482549
v 0.03776022091 -0.1470663506 -0.733191092
v 0.03117812622 -0.1214307843 -0.7183348317
v 0.02478018679 -0.09651245544 -0.7001276553
v 0.01869579141 -0.0728153 -0.6809459042
v 0.01298036735 -0.05055519297 -0.663200289
v 0.007611841767 -0.02964616633 -0.6490361015
v 0.002500566732 -0.009739064414 -0.6400659514
v 0.003666266656 -0.01128360853 0.7552419181
v 0.01092065875 -0.03361033166 0.7493827648
v 0.01800625084 -0.05541754179 0.7403835838
v 0.02486416624 -0.07652403511 0.7288168757
v 0.03146487393 -0.09683892449 0.7154419712
v 0.03781262489 -0.1163752931 0.7011153935
v 0.04394429027 -0.1352466187 0.6866902314
v 0.04992267223 -0.1536461864 0.6729173441
v 0.05582524808 -0.171812447 0.6603608932
v 0.06173006183 -0.1899855951 0.6493387277
v 0.06770097878 -0.2083621878 0.6398948322
v 0.0737746862 -0.2270551372 0.6318068114
v 0.07995162582 -0.2460658026 0.6246268099
v 0.08619250328 -0.2652732484 0.6177499549
v 0.09242121141 -0.2844432409 0.6105009364
v 0.09853404235 -0.3032566 0.602227144
v 0.1044140897 -0.3213535249 0.5923861459
v 0.1099489008 -0.3383879218 0.5806162847
v 0.1150488595 -0.3540839808 0.5667816105
v 0.1196635559 -0.368286556 0.5509859356
v 0.123793571 -0.3809974355 0.5335549804
v 0.1274956634 -0.3923913043 0.514989805
v 0.1308802154 -0.4028078843 0.4958984334
v 0.1341008657 -0.4127200266 0.4769152823
v 0.1373373725 -0.4226809703 0.4586193543
v 0.1407737598 -0.4332570831 0.4414620112
v 0.14457455 -0.4449547123 0.4257135398
v 0.1488622654 -0.4581509434 0.4114349306
v 0.1536993295 -0.4730378962 0.398477704
v 0.1590770024 -0.4895886715 0.3865107553
v 0.1649131119 -0.5075503697 0.3750695865
v 0.1710591998 -0.5264660833 0.363620429
v 0.1773164396 -0.5457238871 0.3516300266
v 0.1834584783 -0.5646271384 0.3386314359
v 0.1892583709 -0.5824773724 0.3242771466
v 0.1945161532 -0.5986591623 0.3083729435
v 0.1990834318 -0.6127158005 0.2908889085
v 0.2028816886 -0.6244056329 0.2719473313
v 0.205911766 -0.6337312522 0.251790594
v 0.2082531258 -0.6409372168 0.2307348236
v 0.2100528064 -0.6464760643 0.2091169165
v 0.2115053697 -0.6509465944 0.18724317
v 0.2128263403 -0.6550121239 0.1653471641
v 0.2142225388 -0.6593091809 0.1435628327
v 0.2158631619 -0.6643584996 0.1219161192
v 0.2178554152 -0.6704900248 0.1003356372
v 0.2202279435 -0.677791916 0.07867978705
v 0.2229243153 -0.6860904952 0.05677527264
v 0.2258075191 -0.694964084 0.03446028042
v 0.2286749957 -0.7037892697 0.01162497196
v 0.231282354 -0.7118138935 -0.01175752019
v 0.2333727742 -0.7182475451 -0.03561480713
v 0.2347083533 -0.722358035 -0.05977647944
v 0.2350993865 -0.7235615115 -0.08399283659
v 0.2344278392 -0.7214947015 -0.107968244
v 0.2326620223 -0.7160600759 -0.1314038514
v 0.2298606237 -0.7074382573 -0.154042812
v 0.2261656308 -0.6960662385 -0.175710608
v 0.2217851151 -0.6825843976 -0.1963437054
v 0.2169681471 -0.6677592945 -0.2160014459
v 0.2119751038 -0.6523922871 -0.2348586029
v 0.2070471898 -0.6372257275 -0.2531789996
v 0.2023790442 -0.6228586525 -0.2712735751
v 0.1980978493 -0.6096824895 -0.2894488338
v 0.1942514654 -0.597844537 -0.3079533251
v 0.1908068966 -0.5872432444 -0.3269304057
v 0.1876590321 -0.5775551136 -0.3463849046
v 0.1846482682 -0.5682889351 -0.3661695192
v 0.1815844932 -0.5588596054 -0.3859940383
v 0.1782741438 -0.5486713975 -0.4054572048
v 0.1745467205 -0.5371995681 -0.4240976618
v 0.1702773178 -0.5240596978 -0.4414574536
v 0.1654023411 -0.5090560621 -0.4571494365
v 0.1599265653 -0.4922033572 -0.4709190119
v 0.1539208939 -0.4737198012 -0.4826910035
v 0.1475114331 -0.4539935092 -0.492594237
v 0.1408616381 -0.4335275445 -0.500959241
v 0.1341501605 -0.4128717404 -0.5082880878
v 0.127547516 -0.3925508902 -0.5151992518
v 0.1211947451 -0.3729990716 -0.5223539421
v 0.1151868564 -0.3545086917 -0.5303731564
v 0.1095630918 -0.3372005238 -0.5397562904
v 0.1043050409 -0.3210179074 -0.5508122859
v 0.09934251796 -0.3057448321 -0.5636129329
v 0.0945660404 -0.2910443457 -0.5779752365
v 0.08984388211 -0.2765110369 -0.5934760357
v 0.0850411128 -0.2617296329 -0.6094978286
v 0.08003786597 -0.2463312224 -0.6253005661
v 0.07474430205 -0.2300393079 -0.6401106068
v 0.06911031526 -0.2126996795 -0.6532155721
v 0.06312887487 -0.1942906989 -0.6640528467
v 0.056832868 -0.1749135822 -0.672280102
v 0.05028627428 -0.1547652385 -0.6778184064
v 0.04357131405 -0.134098716 -0.6808619629
v 0.03677375399 -0.1131779772 -0.6818528222
v 0.02996875395 -0.09223434066 -0.6814234962
v 0.02320947362 -0.07143141487 -0.6803146297
v 0.01652015824 -0.05084381905 -0.6792782167
v 0.009894670924 -0.03045266581 -0.6789788072
v 0.0033005515 -0.01015805301 -0.6799054949
v 0.003792863989 -0.009579680915 0.6558686713
v 0.01143331286 -0.02887725193 0.6585890886
v 0.01923967502 -0.04859387211 0.6640775469
v 0.0272877867 -0.06892108186 0.6714294879
v 0.03559679011 -0.08990722889 0.6794333116
v 0.0441206591 -0.1114360644 0.6867240343
v 0.05275119282 -0.1332343043 0.6919556802
v 0.06133231426 -0.1549077431 0.6939702136
v 0.06968367601 -0.1760008751 0.6919414019
v 0.07763002102 -0.1960710515 0.6854754055
v 0.08503171398 -0.214765594 0.67465566
v 0.09181151629 -0.2318894199 0.6600269553
v 0.09797308898 -0.2474517761 0.6425215554
v 0.1036078277 -0.2616835014 0.6233376737
v 0.1088883075 -0.2750204712 0.6037866481
v 0.1140486063 -0.2880538981 0.5851289534
v 0.1193537877 -0.3014532569 0.5684202906
v 0.1250625698 -0.3158719945 0.5543872694
v 0.1313883997 -0.331849217 0.5433479538
v 0.1384646259 -0.3497217243 0.5351863469
v 0.1463191013 -0.3695598646 0.5293826357
v 0.1548624002 -0.3911377745 0.5250936718
v 0.1638920348 -0.413944028 0.5212717174
v 0.1731128459 -0.4372331385 0.5168047939
v 0.182171437 -0.4601125278 0.5106596086
v 0.1907004337 -0.4816543145 0.5020082887
v 0.1983668024 -0.5010173517 0.4903229107
v 0.2049176706 -0.5175629559 0.4754266546
v 0.2102172022 -0.5309480448 0.4574966145
v 0.2142690987 -0.5411819672 0.4370199943
v 0.2172210963 -0.5486378621 0.4147116576
v 0.2193501908 -0.5540153409 0.3914059603
v 0.2210299184 -0.5582578486 0.3679388055
v 0.2226835103 -0.5624343451 0.3450365668
v 0.2247287645 -0.5676000676 0.3232268943
v 0.2275217603 -0.5746543696 0.3027827387
v 0.2313068835 -0.5842144994 0.2837057777
v 0.2361799694 -0.5965225096 0.2657495834
v 0.2420697765 -0.6113984641 0.2484771676
v 0.2487406761 -0.6282472333 0.2313428101
v 0.2558166902 -0.6461192048 0.2137849524
v 0.2628241831 -0.6638181114 0.1953158509
v 0.2692480095 -0.680042845 0.1755947207
v 0.2745940684 -0.6935454485 0.1544740698
v 0.2784502712 -0.7032851049 0.1320133405
v 0.2805380418 -0.7085582116 0.1084591495
v 0.2807476165 -0.7090875369 0.08419657205
v 0.2791524602 -0.7050586318 0.05968027647
v 0.2760008008 -0.6970984489 0.03535723783
v 0.2716852448 -0.6861985987 0.01159382836
v 0.2666942881 -0.673592881 -0.01138084552
v 0.2615518974 -0.6606046847 -0.03350625293
v 0.2567528933 -0.6484837838 -0.05489145123
v 0.252702408 -0.6382534259 -0.07578577787
v 0.2496671534 -0.6305872479 -0.09652411822
v 0.2477446771 -0.6257316269 -0.1174558109
v 0.2468544312 -0.6234831226 -0.138869018
v 0.2467516275 -0.6232234698 -0.1609233182
v 0.24706189 -0.6240071037 -0.1836022193
v 0.2473320409 -0.624689427 -0.206694366
v 0.2470902993 -0.6240788572 -0.2298078669
v 0.2459080298 -0.6210927853 -0.2524170164
v 0.2434550672 -0.6148973092 -0.2739355198
v 0.2395415846 -0.6050129803 -0.2938059194
v 0.2341413238 -0.5913734784 -0.3115919601
v 0.2273935153 -0.5743304598 -0.3270595996
v 0.219583633 -0.5546049487 -0.3402334674
v 0.2111058851 -0.5331926017 -0.3514187028
v 0.2024126697 -0.511236046 -0.3611828423
v 0.1939578118 -0.4898815124 -0.3702981294
v 0.18614106 -0.4701386511 -0.3796504745
v 0.179260976 -0.4527615425 -0.3901264443
v 0.173482064 -0.4381656769 -0.4024933383
v 0.1688199605 -0.4263905477 -0.4172890494
v 0.1651460114 -0.4171112116 -0.434737693
v 0.1622099645 -0.4096956036 -0.4547039776
v 0.1596771423 -0.403298425 -0.4766943331
v 0.157174657 -0.3969778684 -0.4999065604
v 0.1543402093 -0.3898188708 -0.5233230733
v 0.1508669042 -0.3810463035 -0.5458365905
v 0.1465382988 -0.3701134943 -0.5663922919
v 0.1412494534 -0.3567553956 -0.5841276829
v 0.1350118347 -0.3410009692 -0.5984911593
v 0.127942233 -0.3231451935 -0.6093226083
v 0.1202380581 -0.3036866688 -0.6168840757
v 0.1121431835 -0.2832413496 -0.6218349649
v 0.103909656 -0.2624458327 -0.6251535689
v 0.09576094415 -0.241864536 -0.6280139926
v 0.08786193881 -0.2219139259 -0.6316337024
v 0.08029971367 -0.2028139255 -0.6371111881
v 0.07307732189 -0.1845722461 -0.6452749361
v 0.06612088808 -0.1670022999 -0.6565638126
v 0.0592982689 -0.1497703309 -0.6709551537
v 0.05244588384 -0.1324631819 -0.6879508364
v 0.04539920045 -0.1146652913 -0.706624124
v 0.03802194952 -0.09603248235 -0.7257221506
v 0.03022949047 -0.07635097746 -0.743811564
v 0.02200278219 -0.05557268419 -0.7594490867
v 0.01339097041 -0.03382173049 -0.7713553461
v 0.004502439755 -0.01137186472 -0.7785697532
v 0.004333710277 -0.009209603129 0.6479175451
v 0.01322459748 -0.0281037002 0.6586203649
v 0.02261228158 -0.0480535444 0.6748009709
v 0.03265644968 -0.06939848813 0.6947224223
v 0.04339261442 -0.09221399955 0.7160808582
v 0.05471406514 -0.116273307 0.7362909937
v 0.06637843341 -0.1410613514 0.7528062952
v 0.07803852363 -0.1658403044 0.7634327243
v 0.08929312935 -0.189757559 0.7665960146
v 0.09975022576 -0.21198002 0.7615287608
v 0.1090927171 -0.2318338248 0.7483542734
v 0.1171361825 -0.2489270588 0.7280577479
v 0.1238689436 -0.2632349044 0.7023499956
v 0.1294671746 -0.275131751 0.6734428212
v 0.1342813586 -0.2853624127 0.6437662926
v 0.1387946544 -0.2949536545 0.6156651847
v 0.143558054 -0.3050763939 0.5911139088
v 0.149110936 -0.3168768687 0.5714860662
v 0.1558981898 -0.3313005174 0.5574068928
v 0.1641960863 -0.348934445 0.5487054065
v 0.1740583042 -0.3698927248 0.5444696349
v 0.1852910655 -0.3937635577 0.5431947031
v 0.1974624738 -0.419629117 0.5430016357
v 0.2099464258 -0.4461588654 0.5418960337
v 0.2219965214 -0.4717666221 0.5380314253
v 0.2328409381 -0.4948121807 0.5299425571
v 0.2417859113 -0.5138212163 0.5167190039
v 0.2483137775 -0.5276936381 0.4980984409
v 0.2521617739 -0.5358710467 0.4744704102
v 0.2533699647 -0.5384385828 0.4467938069
v 0.2522905263 -0.5361446594 0.4164428734
v 0.2495556773 -0.5303328095 0.385005667
v 0.246007106 -0.5227917116 0.3540645387
v 0.2425950758 -0.5155407784 0.3249894746
v 0.2402597349 -0.5105779262 0.2987721195
v 0.2398098984 -0.5096219752 0.2759214911
v 0.2418153101 -0.5138836919 0.2564328544
v 0.2465269708 -0.5238964806 0.2398303929
v 0.2538367139 -0.5394304755 0.2252737586
v 0.2632822217 -0.5595032012 0.2117098087
v 0.2740977753 -0.5824874226 0.1980450618
v 0.2853049887 -0.6063039633 0.183312374
v 0.2958324057 -0.6286758631 0.1668072597
v 0.304648875 -0.6474118143 0.1481747711
v 0.3108936036 -0.6606825381 0.1274360236
v 0.3139860158 -0.6672542485 0.1049530318
v 0.3137010118 -0.6666485841 0.08134006236
v 0.310199605 -0.6592077159 0.0573377777
v 0.304010663 -0.6460555447 0.03367185585
v 0.2959658186 -0.62895938 0.0109197481
v 0.2870957214 -0.6101094641 -0.01059248319
v 0.278500855 -0.5918444432 -0.03084642016
v 0.2712134702 -0.5763579623 -0.05013151989
v 0.2660683517 -0.5654240289 -0.06898930991
v 0.2635989706 -0.5601763269 -0.08811064745
v 0.263972251 -0.560969588 -0.1082028502
v 0.2669701251 -0.5673403948 -0.1298486238
v 0.2720199505 -0.5780718202 -0.1533804332
v 0.2782695205 -0.5913528323 -0.1787919891
v 0.2846966559 -0.6050111903 -0.2057031172
v 0.2902389804 -0.6167892294 -0.2333862067
v 0.2939270162 -0.6246267044 -0.2608529029
v 0.2950035107 -0.6269143718 -0.286990132
v 0.2930139173 -0.6226862704 -0.3107263769
v 0.2878569192 -0.6117270916 -0.3312036362
v 0.2797892561 -0.5945824349 -0.3479285828
v 0.2693851516 -0.5724725874 -0.3608784662
v 0.2574565445 -0.547123007 -0.3705430877
v 0.2449453066 -0.520535273 -0.3778929502
v 0.2328020402 -0.4947295184 -0.3842742413
v 0.2218674628 -0.4714923585 -0.3912421445
v 0.2127716475 -0.4521627671 -0.4003535084
v 0.2058636448 -0.4374825141 -0.4129467222
v 0.2011796613 -0.4275285424 -0.4299396669
v 0.1984526445 -0.4217333367 -0.4516753055
v 0.1971605517 -0.4189874999 -0.4778388958
v 0.1966055275 -0.4178080134 -0.5074616305
v 0.1960123505 -0.4165474481 -0.5390139448
v 0.1946323327 -0.413614761 -0.5705793309
v 0.1918386165 -0.4076778118 -0.6000880106
v 0.1872004994 -0.3978213114 -0.6255808434
v 0.1805277411 -0.3836409782 -0.6454687341
v 0.1718802649 -0.3652641558 -0.6587523299
v 0.1615436128 -0.343297652 -0.6651711537
v 0.1499752394 -0.318713607 -0.6652600119
v 0.1377305848 -0.2926923914 -0.6603024341
v 0.1253803312 -0.2664467666 -0.6521844955
v 0.1134310099 -0.2410531661 -0.6431658087
v 0.1022601291 -0.2173138362 -0.6355959169
v 0.09207442682 -0.195668117 -0.6316121974
v 0.08289612511 -0.176163233 -0.6328585519
v 0.07457775442 -0.1584857955 -0.6402621314
v 0.06684185382 -0.1420461699 -0.653898308
v 0.059338274 -0.126100251 -0.6729629477
v 0.05170941444 -0.1098880993 -0.6958571995
v 0.04365284781 -0.09276702367 -0.7203753253
v 0.03497152208 -0.07431826741 -0.7439725007
v 0.0256039436 -0.05441114981 -0.7640788452
v 0.01563007602 -0.03321560229 -0.7784196369
v 0.005252620891 -0.01116238759 -0.785300589
v 0.005284093568 -0.009611730519 0.6982161105
v 0.01600560921 -0.02911409507 0.7045055219
v 0.02708206459 -0.04926209261 0.7142867317
v 0.03862904423 -0.0702659706 0.7262996096
v 0.05065982508 -0.09214987973 0.7388723808
v 0.06307063841 -0.1147250654 0.7501312039
v 0.07564638376 -0.1376002612 0.7582351525
v 0.08808649999 -0.1602287487 0.7616063932
v 0.1000474306 -0.1819856006 0.7591261511
v 0.1111953524 -0.2022635951 0.750271687
v 0.1212609986 -0.2205729376 0.7351773597
v 0.1300877952 -0.236628821 0.7146128385
v 0.1376652635 -0.2504121846 0.6898823278
v 0.1441416329 -0.2621926568 0.6626588377
v 0.1498125897 -0.2725080891 0.6347757361
v 0.1550866293 -0.2821015314 0.6080029857
v 0.160431067 -0.2918230275 0.5838369632
v 0.1663058634 -0.3025092425 0.5633304288
v 0.1730945544 -0.3148578256 0.5469834258
v 0.181042409 -0.3293149195 0.5347074777
v 0.1902113056 -0.3459930804 0.5258655761
v 0.2004587699 -0.3646331489 0.5193804619
v 0.2114454173 -0.3846177862 0.5138949392
v 0.2226711089 -0.4050372435 0.5079615717
v 0.2335360276 -0.4248004573 0.5002359063
v 0.243419166 -0.4427778192 0.4896477083
v 0.2517639613 -0.4579569456 0.4755284509
v 0.2581594089 -0.4695902216 0.4576798825
v 0.2624051826 -0.4773132553 0.4363769376
v 0.264551102 -0.4812166682 0.4123073609
v 0.2649044957 -0.4818594888 0.3864589059
v 0.2640032105 -0.4802200572 0.3599717137
v 0.2625566463 -0.4775887667 0.3339775666
v 0.2613616224 -0.4754150262 0.3094486776
v 0.2612034946 -0.4751273928 0.2870764433
v 0.262755223 -0.4779499763 0.2671955865
v 0.2664876991 -0.4847393251 0.2497621011
v 0.2726034651 -0.4958638622 0.2343854514
v 0.2810031201 -0.511142778 0.2204077239
v 0.2912895646 -0.5298537509 0.2070159803
v 0.3028103252 -0.5508099367 0.193369817
v 0.3147331794 -0.5724975281 0.1787246457
v 0.3261458313 -0.5932570648 0.1625326192
v 0.3361670937 -0.6114856734 0.1445071664
v 0.344055356 -0.6258343693 0.1246431016
v 0.3493003057 -0.6353748974 0.1031913152
v 0.3516859189 -0.6397143116 0.08059406497
v 0.3513163824 -0.6390421273 0.05739281384
v 0.3486013861 -0.6341035673 0.03412454317
v 0.3442024928 -0.6261020101 0.0112239203
v 0.338947373 -0.6165429827 -0.01105255883
v 0.3337228868 -0.6070396776 -0.03266808886
v 0.3293607662 -0.5991050096 -0.05380603377
v 0.3265306168 -0.593956987 -0.07482935294
v 0.3256539937 -0.5923624156 -0.09620565278
v 0.326850539 -0.5945389233 -0.1184102042
v 0.3299229714 -0.6001276571 -0.1418230238
v 0.3343826452 -0.6082397735 -0.1666373809
v 0.3395121244 -0.6175702617 -0.1927956381
v 0.3444564454 -0.6265639481 -0.2199643614
v 0.3483310928 -0.6336119056 -0.2475547064
v 0.3503326714 -0.6372527636 -0.2747870795
v 0.3498380632 -0.6363530745 -0.30079204
v 0.3464795369 -0.6302439379 -0.3247334021
v 0.3401865762 -0.6187970849 -0.3459354708
v 0.3311896548 -0.6024317457 -0.3639949317
v 0.3199862137 -0.5820527619 -0.3788594124
v 0.3072740005 -0.5589293319 -0.39085898
v 0.293861076 -0.5345313128 -0.4006832905
v 0.2805646258 -0.5103451598 -0.4093048631
v 0.2681118939 -0.4876937246 -0.4178569152
v 0.2570559402 -0.4675830194 -0.4274812062
v 0.2477166435 -0.4505949017 -0.4391663458
v 0.2401537567 -0.4368380617 -0.4535992494
v 0.2341743915 -0.4259616368 -0.4710514624
v 0.2293726782 -0.4172273528 -0.491317981
v 0.225195146 -0.4096284499 -0.5137194532
v 0.2210221539 -0.4020378055 -0.5371701493
v 0.2162538949 -0.3933643746 -0.5603049837
v 0.2103892936 -0.3826967044 -0.581650427
v 0.2030875206 -0.3694148287 -0.5998175593
v 0.1942046069 -0.3532568686 -0.6136917568
v 0.1838013491 -0.3343334129 -0.6225931587
v 0.1721228055 -0.3130902209 -0.6263852628
v 0.1595536118 -0.2902269424 -0.6255153831
v 0.1465565494 -0.2665853737 -0.6209794632
v 0.133603846 -0.2430244938 -0.6142137255
v 0.1211113206 -0.2203006743 -0.6069255066
v 0.1093846566 -0.1989699517 -0.6008840402
v 0.09858495098 -0.1793253601 -0.5976977332
v 0.08871758866 -0.1613766947 -0.5986068076
v 0.07964490731 -0.1448735486 -0.6043186877
v 0.07111957577 -0.1293660281 -0.6149083412
v 0.06283263094 -0.1142921314 -0.629797581
v 0.05446812764 -0.09907715637 -0.647817165
v 0.04575562492 -0.08322917276 -0.6673447345
v 0.03651234537 -0.06641570966 -0.6865016392
v 0.02666868383 -0.0485101558 -0.7033838556
v 0.01627351186 -0.02960140819 -0.7162975692
v 0.00547899273 -0.009966250778 -0.7239692
v 0.005937255206 -0.009355617185 0.7053516573
v 0.01777537974 -0.02800951658 0.7034474957
v 0.02953528147 -0.04654015658 0.7003780641
v 0.0411871225 -0.06490052014 0.6962479146
v 0.05271060418 -0.08305862174 0.6912009863
v 0.06409664192 -0.1010001463 0.6854028243
v 0.07534710056 -0.1187280325 0.6790205156
v 0.0864726105 -0.1362590309 0.6722029358
v 0.09748879698 -0.1536177632 0.6650638351
v 0.1084115199 -0.1708292205 0.6576698968
v 0.1192518979 -0.187910923 0.6500352252
v 0.1300119486 -0.2048660497 0.6421228678
v 0.1406816073 -0.2216787416 0.6338530425
v 0.1512376976 -0.2383124783 0.6251168737
v 0.1616451397 -0.2547119829 0.6157937336
v 0.1718603476 -0.270808575 0.6057698427
v 0.181836421 -0.2865283513 0.5949556566
v 0.1915294441 -0.3018021117 0.5832997705
v 0.2009049997 -0.3165756233 0.5707975685
v 0.2099439286 -0.3308186961 0.5574935734
v 0.218646428 -0.3445316409 0.5434773015
v 0.2270337784 -0.3577479905 0.5288732876
v 0.2351472988 -0.3705328529 0.5138266981
v 0.2430445061 -0.3829768603 0.4984865018
v 0.2507928515 -0.395186299 0.4829884377
v 0.2584617625 -0.4072705692 0.4674399918
v 0.2661139833 -0.4193285398 0.4519092662
v 0.2737973432 -0.4314355777 0.4364190533
v 0.2815380637 -0.4436330014 0.4209467001
v 0.2893365413 -0.4559214358 0.4054295571
v 0.2971662353 -0.4682590594 0.3897750731
v 0.3049758881 -0.480565103 0.3738740133
v 0.3126948595 -0.4927282558 0.3576149199
v 0.3202409338 -0.5046189661 0.3408978525
v 0.3275296079 -0.5161040788 0.32364563
v 0.3344836532 -0.5270619008 0.3058112294
v 0.3410416783 -0.5373956948 0.2873805933
v 0.3471645361 -0.5470437748 0.2683707881
v 0.3528386846 -0.5559848022 0.2488241161
v 0.3580760083 -0.5642375038 0.2287993449
v 0.3629100731 -0.571854771 0.2083615778
v 0.3673892694 -0.5789128551 0.1875724242
v 0.3715677224 -0.5854970434 0.1664820023
v 0.3754951618 -0.5916856976 0.1451239663
v 0.379207105 -0.5975347842 0.1235142308
v 0.3827166862 -0.6030649992 0.1016534652
v 0.3860092652 -0.6082532736 0.0795328267
v 0.3890406039 -0.6130298991 0.05714189704
v 0.3917389346 -0.6172817879 0.03447744564
v 0.3940107442 -0.6208615869 0.01155152269
v 0.3957496081 -0.623601598 -0.01160250233
v 0.3968470089 -0.6253308251 -0.03492701381
v 0.3972038079 -0.6258930502 -0.05834090032
v 0.3967409469 -0.625163698 -0.08174396787
v 0.3954080531 -0.6230633935 -0.105024422
v 0.3931888833 -0.6195665414 -0.1280683348
v 0.3901029501 -0.6147038888 -0.1507696853
v 0.3862031609 -0.6085588043 -0.1730394532
v 0.3815698054 -0.6012578043 -0.1948123676
v 0.3763016899 -0.5929565826 -0.2160502551
v 0.3705055662 -0.5838233531 -0.2367414428
v 0.3642852017 -0.5740216269 -0.2568962738
v 0.3577314587 -0.5636945805 -0.2765394028
v 0.3509145917 -0.5529529169 -0.2957000565
v 0.3438796562 -0.5418676323 -0.3144017933
v 0.3366455002 -0.5304684265 -0.3326534224
v 0.3292073254 -0.5187477384 -0.3504426149
v 0.3215423392 -0.506669653 -0.3677333809
v 0.3136176224 -0.4941822974 -0.3844680308
v 0.3053990634 -0.4812319206 -0.4005735784
v 0.2968601024 -0.4677766711 -0.415971862
v 0.2879890825 -0.4537981805 -0.4305920569
v 0.2787942256 -0.4393094044 -0.4443838299
v 0.269305596 -0.4243577166 -0.4573291968
v 0.2595738365 -0.4090229174 -0.4694512289
v 0.249665906 -0.3934105171 -0.4808181142
v 0.2396584456 -0.3776412827 -0.4915416608
v 0.2296297086 -0.3618385219 -0.501770063
v 0.2196511601 -0.3461148455 -0.51167554
v 0.2097798671 -0.3305601766 -0.5214381829
v 0.2000526654 -0.3152325594 -0.5312279144
v 0.1904828228 -0.3001529004 -0.5411867912
v 0.1810595573 -0.28530421 -0.5514139025
v 0.1717503774 -0.2706352896 -0.5619548491
v 0.1625058288 -0.2560682119 -0.5727972258
v 0.1532659266 -0.2415084558 -0.5838727806
v 0.1439673506 -0.2268562447 -0.5950660556
v 0.1345504222 -0.2120175398 -0.6062284624
v 0.1249649572 -0.1969132638 -0.6171960159
v 0.1151742951 -0.181485649 -0.6278084472
v 0.1051570992 -0.165701074 -0.6379272113
v 0.09490686654 -0.1495492918 -0.6474500311
v 0.08442942666 -0.1330394884 -0.6563200548
v 0.07373899307 -0.1161940605 -0.6645284122
v 0.0628535236 -0.09904130531 -0.672109822
v 0.05179021708 -0.08160832374 -0.6791318309
v 0.04056191669 -0.06391535343 -0.6856791199
v 0.0291750159 -0.04597246887 -0.6918349897
v 0.01762919971 -0.02777917372 -0.6976625293
v 0.005919043095 -0.009326919491 -0.703188041
v 0.006665234235 -0.009173907896 0.7218403129
v 0.01992258218 -0.02742108191 0.7187273467
v 0.03283921954 -0.04519930806 0.7098882546
v 0.04520646147 -0.06222135626 0.6966404889
v 0.05694923061 -0.0783838914 0.6807692931
v 0.06814683529 -0.09379607203 0.6642966266
v 0.07902616347 -0.1087701826 0.6492216468
v 0.08992766986 -0.1237748189 0.6372662484
v 0.1012489555 -0.1393572318 0.6296582745
v 0.1133744863 -0.1560465932 0.6269798806
v 0.126602486 -0.1742533728 0.6290998298
v 0.141080864 -0.1941811505 0.6351974151
v 0.1567630504 -0.2157658283 0.643873729
v 0.1733919105 -0.2386534908 0.6533347209
v 0.1905158787 -0.262222611 0.6616213859
v 0.2075366556 -0.2856497005 0.6668567001
v 0.2237829588 -0.3080108186 0.6674772639
v 0.2386006234 -0.3284055842 0.6624202092
v 0.2514464573 -0.3460863578 0.6512423475
v 0.2619721388 -0.3605737156 0.6341578807
v 0.2700852994 -0.3717405231 0.6119919539
v 0.2759777135 -0.3798507353 0.5860584194
v 0.2801148568 -0.3855450246 0.5579799039
v 0.283186419 -0.3897726673 0.5294753649
v 0.2860229249 -0.3936767826 0.5021438714
v 0.2894886427 -0.398446934 0.477272967
v 0.2943647017 -0.4051582535 0.4556957979
v 0.3012382392 -0.4146188662 0.4377138774
v 0.3104131357 -0.4272470279 0.4230929834
v 0.3218554447 -0.4429960151 0.4111295792
v 0.3351822792 -0.4613388291 0.4007757092
v 0.349697229 -0.4813169436 0.3908028375
v 0.3644691146 -0.5016486999 0.3799805453
v 0.378444887 -0.5208847004 0.3672449277
v 0.3905825902 -0.5375908156 0.3518339996
v 0.399987213 -0.5505351683 0.3333729673
v 0.4060314281 -0.5588543168 0.3118999988
v 0.4084448065 -0.5621760472 0.2878319551
v 0.4073589338 -0.5606814717 0.2618781494
v 0.4033014645 -0.5550968442 0.2349173507
v 0.3971387872 -0.5466146467 0.2078579607
v 0.3899737801 -0.5367528604 0.1815029442
v 0.3830111713 -0.5271696516 0.1564395268
v 0.3774074867 -0.5194568414 0.1329691973
v 0.3741248274 -0.5149386485 0.1110868889
v 0.3738074631 -0.5145018339 0.09051040332
v 0.3766974502 -0.51847956 0.07075336701
v 0.3826005427 -0.5266044697 0.05122843015
v 0.3909071955 -0.5380375965 0.03136301108
v 0.4006663207 -0.55146988 0.0107082808
v 0.410702582 -0.5652836085 -0.01097651174
v 0.4197623279 -0.577753279 -0.03367809723
v 0.4266695143 -0.5872602055 -0.05712906014
v 0.4304716593 -0.5924934091 -0.08085353187
v 0.4305571815 -0.5926111204 -0.1042512737
v 0.4267292207 -0.5873423844 -0.1267064307
v 0.4192267255 -0.5770160856 -0.1477030614
v 0.408690467 -0.5625141698 -0.1669281422
v 0.3960787765 -0.545155667 -0.1843443527
v 0.3825442735 -0.5265270219 -0.2002193569
v 0.369287791 -0.508281039 -0.215104871
v 0.3574084799 -0.49193057 -0.2297665854
v 0.347769336 -0.4786634265 -0.2450738173
v 0.340895125 -0.4692018868 -0.2618644314
v 0.3369152216 -0.4637240198 -0.2808050446
v 0.3355578355 -0.461855738 -0.3022680947
v 0.336195297 -0.4627331285 -0.3262457012
v 0.3379334348 -0.46512547 -0.3523155343
v 0.3397324691 -0.4676016283 -0.3796667572
v 0.3405430063 -0.468717237 -0.4071855027
v 0.3394391308 -0.4671978828 -0.4335905119
v 0.3357314185 -0.4620946546 -0.457601793
v 0.3290457859 -0.4528926707 -0.4781196011
v 0.3193589837 -0.4395599312 -0.49438858
v 0.3069875382 -0.4225320973 -0.5061229753
v 0.292533215 -0.4026374283 -0.5135733828
v 0.2767937644 -0.380973933 -0.5175229797
v 0.2606520565 -0.3587567781 -0.5192106235
v 0.2449591637 -0.3371573642 -0.5201883098
v 0.2304272107 -0.3171558468 -0.5221298576
v 0.2175459165 -0.2994262664 -0.526614998
v 0.2065330067 -0.2842682964 -0.5349172207
v 0.1973236509 -0.2715927056 -0.5478241099
v 0.1895985153 -0.2609599686 -0.5655153498
v 0.1828446915 -0.2516641276 -0.5875164907
v 0.1764394258 -0.2428480357 -0.6127368396
v 0.1697437965 -0.2336322927 -0.6395887536
v 0.1621926259 -0.2232389979 -0.6661746542
v 0.1533680368 -0.211092993 -0.6905187407
v 0.1430469528 -0.1968872396 -0.7108139541
v 0.1312170343 -0.1806047537 -0.7256521567
v 0.118060397 -0.162496196 -0.7342071387
v 0.1039092564 -0.1430188218 -0.7363457997
v 0.08918167276 -0.122748042 -0.732651946
v 0.07430827175 -0.1022765618 -0.7243584246
v 0.05966180271 -0.0821174266 -0.7131952939
v 0.04550057352 -0.06262616676 -0.7011728135
v 0.03193430939 -0.04395380609 -0.6903267335
v 0.01891723722 -0.02603734329 -0.6824585083
v 0.006268773914 -0.008628227078 -0.6789039311
v 0.007728138581 -0.009341714799 0.7717753414
v 0.02310707915 -0.02793166052 0.7686946805
v 0.03805039389 -0.04599502507 0.7584843101
v 0.05226716065 -0.06318014397 0.7427238795
v 0.06564032453 -0.07934552217 0.7235575802
v 0.07825398125 -0.09459281393 0.7034173527
v 0.09038483363 -0.1092564955 0.6847119971
v 0.1024583086 -0.1238508196 0.6695222897
v 0.1149755632 -0.1389815813 0.6593411635
v 0.1284224746 -0.1552361049 0.6548918528
v 0.1431749369 -0.1730687685 0.6560464887
v 0.1594158665 -0.1927006799 0.6618543636
v 0.1770780258 -0.214050563 0.6706747445
v 0.1958232771 -0.2367096794 0.6803956091
v 0.2150636387 -0.2599672813 0.6887087915
v 0.2340232918 -0.282885565 0.6934051615
v 0.2518343828 -0.3044154755 0.6926514857
v 0.2676540203 -0.3235381323 0.685213722
v 0.2807861168 -0.3394121101 0.6705991887
v 0.2907902676 -0.3515050511 0.649101236
v 0.2975609763 -0.3596894319 0.6217431682
v 0.3013641408 -0.3642866681 0.59013144
v 0.3028233504 -0.3660505495 0.5562397936
v 0.3028554559 -0.3660893583 0.522154493
v 0.3025621066 -0.36573476 0.4898150662
v 0.3030904709 -0.3663734427 0.4607845085
v 0.3054812157 -0.3692633567 0.4360779065
v 0.3105242901 -0.3753593865 0.4160696849
v 0.3186427137 -0.3851728749 0.4004884588
v 0.3298213905 -0.3986855739 0.3884963678
v 0.3435923273 -0.4153317769 0.3788384749
v 0.3590802518 -0.4340534615 0.3700388473
v 0.3751044879 -0.4534234356 0.3606144882
v 0.3903251592 -0.4718220666 0.3492770019
v 0.4034154416 -0.4876454998 0.3350948266
v 0.4132375731 -0.4995184172 0.3175955116
v 0.4189992524 -0.5064830911 0.2967968255
v 0.4203691252 -0.5081389829 0.2731660491
v 0.4175350386 -0.5047131607 0.2475171098
v 0.4111960259 -0.4970506107 0.220863772
v 0.4024876063 -0.4865239396 0.1942527383
v 0.3928488123 -0.4748726392 0.1686024928
v 0.3838472033 -0.463991563 0.1445718418
v 0.3769839133 -0.4556952706 0.1224767448
v 0.3735037247 -0.4514884452 0.1022660526
v 0.374234818 -0.4523721852 0.08355741659
v 0.3794792468 -0.4587116107 0.065725325
v 0.3889687683 -0.4701824717 0.04802534335
v 0.4018922616 -0.4858042916 0.02973336155
v 0.4169916967 -0.5040563732 0.01027672183
v 0.432714688 -0.5230622048 -0.0106642135
v 0.447404286 -0.5408188785 -0.03310049648
v 0.4595017896 -0.5554422483 -0.05673394117
v 0.4677366645 -0.5653965021 -0.08101139797
v 0.4712793493 -0.5696788724 -0.10522507
v 0.4698375948 -0.5679360906 -0.1286424552
v 0.4636843674 -0.5604981163 -0.1506444969
v 0.4536142659 -0.5483254547 -0.1708488413
v 0.4408346757 -0.5328775838 -0.1891970217
v 0.4268062757 -0.5159201611 -0.2059896665
v 0.4130539331 -0.4992964346 -0.2218617009
v 0.4009726212 -0.4846926372 -0.237698816
v 0.3916533333 -0.4734275533 -0.2545058313
v 0.3857510254 -0.4662928886 -0.2732455466
v 0.3834108281 -0.4634640761 -0.2946720387
v 0.3842609232 -0.4644916645 -0.3191842308
v 0.3874716525 -0.4683727696 -0.3467235815
v 0.3918718067 -0.4736916423 -0.3767340983
v 0.3961057577 -0.4788096099 -0.4081943166
v 0.3988101225 -0.4820786253 -0.4397205833
v 0.3987865768 -0.4820501635 -0.4697304089
v 0.3951485181 -0.4776525059 -0.4966453465
v 0.38742329 -0.4683143093 -0.5191062063
v 0.3755980356 -0.4540200323 -0.5361704636
v 0.3601050319 -0.4352922079 -0.5474630055
v 0.3417505021 -0.4131053927 -0.5532568062
v 0.3215982837 -0.3887455453 -0.5544690892
v 0.3008253796 -0.3636354177 -0.5525698293
v 0.2805695971 -0.3391503827 -0.5494115521
v 0.2617898277 -0.3164495411 -0.5470006145
v 0.2451570549 -0.2963439726 -0.5472389039
v 0.2309893155 -0.2792181176 -0.5516698949
v 0.219237322 -0.2650123978 -0.5612634597
v 0.2095202225 -0.2532664422 -0.5762695775
v 0.2012040615 -0.2432139305 -0.5961626029
v 0.1935098722 -0.2339132533 -0.6196861128
v 0.1856347225 -0.2243938326 -0.6449950791
v 0.1768679248 -0.2137965946 -0.6698789969
v 0.1666860717 -0.2014888484 -0.6920384171
v 0.1548143116 -0.1871383555 -0.7093796422
v 0.1412467219 -0.170737957 -0.7202892464
v 0.1262249388 -0.1525797405 -0.7238520577
v 0.1101804261 -0.1331852562 -0.7199831053
v 0.09365100312 -0.1132046162 -0.7094549251
v 0.07718574943 -0.09330154347 -0.6938151217
v 0.06125369051 -0.07404299253 -0.6752034272
v 0.04617059209 -0.05581065854 -0.6560907624
v 0.03205495829 -0.03874778837 -0.6389732257
v 0.01881946145 -0.02274882104 -0.6260600835
v 0.00619828823 -0.007492443398 -0.6189958895
v 0.007952430136 -0.008468477963 0.7395046775
v 0.02374809132 -0.02528914867 0.7356353653
v 0.03923404587 -0.04178001531 0.7282418041
v 0.05426537652 -0.05778675666 0.7180362421
v 0.06878030636 -0.07324358702 0.705978621
v 0.08281300852 -0.08818689704 0.693154846
v 0.09648950663 -0.1027508883 0.6806400902
v 0.1100068982 -0.1171454482 0.6693647576
v 0.1235988423 -0.1316193986 0.6600002695
v 0.1374925507 -0.1464146953 0.6528791326
v 0.1518640434 -0.1617187807 0.6479591687
v 0.1667989397 -0.1776228299 0.6448359531
v 0.182265444 -0.194092984 0.6428012082
v 0.1981045348 -0.2109599026 0.640938959
v 0.2140398913 -0.2279293338 0.6382464749
v 0.2297071521 -0.244613272 0.6337640046
v 0.244699126 -0.2605781026 0.6266964435
v 0.2586210036 -0.2754033964 0.6165114385
v 0.2711478476 -0.2887431305 0.6030018158
v 0.2820759532 -0.300380381 0.5863051365
v 0.2913601956 -0.3102670949 0.5668789526
v 0.2991311859 -0.318542359 0.5454361729
v 0.305688716 -0.3255254194 0.5228500675
v 0.3114712382 -0.3316831801 0.5000421715
v 0.3170045384 -0.3375755463 0.4778682203
v 0.3228358432 -0.3437852552 0.4570170468
v 0.3294618946 -0.3508412832 0.4379351767
v 0.3372606939 -0.359146161 0.4207860089
v 0.3464364529 -0.3689173519 0.4054475327
v 0.3569857913 -0.3801512563 0.3915472164
v 0.3686905568 -0.3926155655 0.3785277317
v 0.3811391567 -0.405871978 0.3657332395
v 0.3937744525 -0.4193272014 0.3525035644
v 0.4059625895 -0.432306249 0.3382630222
v 0.4170741385 -0.4441388469 0.3225919548
v 0.4265670313 -0.454247751 0.3052719536
v 0.4340602641 -0.4622272334 0.286299836
v 0.4393883161 -0.4679010325 0.2658700886
v 0.4426285875 -0.4713515711 0.2443300164
v 0.4440975909 -0.4729159008 0.2221155987
v 0.4443157061 -0.4731481699 0.1996785291
v 0.4439444717 -0.4727528454 0.1774157881
v 0.4437040905 -0.4724968655 0.1556122676
v 0.4442815594 -0.4731118074 0.1344046116
v 0.4462412193 -0.4751986333 0.1137709291
v 0.4499493638 -0.4791474061 0.09354692601
v 0.4555228377 -0.4850825529 0.07346490699
v 0.4628085302 -0.4928410275 0.05320864108
v 0.4713967006 -0.5019865 0.03247476161
v 0.4806666929 -0.5118580392 0.01103052769
v 0.4898593886 -0.5216472658 -0.01124148527
v 0.4981672517 -0.5304942414 -0.03431899868
v 0.5048305275 -0.5375899095 -0.05803986874
v 0.5092273512 -0.5422720512 -0.08212615681
v 0.5109463233 -0.5441025705 -0.1062285265
v 0.5098324064 -0.5429163695 -0.1299837488
v 0.5060004824 -0.5388357849 -0.1530758972
v 0.4998151219 -0.532249045 -0.1752910694
v 0.4918394944 -0.5237558644 -0.1965563198
v 0.4827603126 -0.5140875178 -0.2169557992
v 0.4732987336 -0.5040119594 -0.2367205626
v 0.4641188413 -0.494236367 -0.2561925897
v 0.4557454961 -0.4853196601 -0.2757676774
v 0.4485019495 -0.4776060664 -0.2958253616
v 0.4424748893 -0.4711878992 -0.3166563845
v 0.4375108793 -0.4659017654 -0.3383990441
v 0.4332439922 -0.4613579922 -0.3609948945
v 0.4291503638 -0.4569987207 -0.3841717814
v 0.4246219635 -0.4521764641 -0.4074584401
v 0.4190495257 -0.4462424206 -0.4302303477
v 0.4119036125 -0.438632796 -0.4517818827
v 0.4028032888 -0.4289419355 -0.471415748
v 0.3915637875 -0.4169730823 -0.4885376991
v 0.3782175431 -0.4027607756 -0.5027433198
v 0.3630066468 -0.3865628161 -0.5138841587
v 0.3463486228 -0.3688238223 -0.5221029352
v 0.3287809109 -0.3501161093 -0.5278314672
v 0.310892104 -0.3310664647 -0.5317499437
v 0.2932494924 -0.3122789917 -0.5347114858
v 0.27633263 -0.2942643629 -0.5376408796
v 0.260481468 -0.2773845899 -0.5414202129
v 0.2458653139 -0.2618199666 -0.546776351
v 0.2324757851 -0.2475615667 -0.5541853861
v 0.2201435204 -0.2344290386 -0.5638073316
v 0.2085751399 -0.2221099646 -0.5754606015
v 0.1974042883 -0.2102142159 -0.5886406986
v 0.1862488874 -0.1983349205 -0.6025817034
v 0.1747661987 -0.1861070989 -0.6163533867
v 0.1626979794 -0.1732557507 -0.6289818558
v 0.1498997861 -0.1596270591 -0.639578261
v 0.1363510448 -0.145199115 -0.647458727
v 0.1221454837 -0.1300717289 -0.6522395408
v 0.107464459 -0.1144380255 -0.6538946442
v 0.092538174 -0.09854314642 -0.6527672625
v 0.07760144547 -0.08263714608 -0.6495334362
v 0.06285127442 -0.06692980929 -0.6451215237
v 0.04841297194 -0.05155457879 -0.640597572
v 0.03432006293 -0.03654715498 -0.6370310274
v 0.02051089389 -0.02184188354 -0.6353579625
v 0.006842159324 -0.007286159634 -0.6362594499
v 0.007257358098 -0.006815112881 0.6337443733
v 0.02187071352 -0.02053796705 0.6361965973
v 0.03678630002 -0.03454463508 0.6411994178
v 0.05215108976 -0.04897313303 0.6480095904
v 0.06802012605 -0.06387515002 0.6556308442
v 0.08434239643 -0.07920278214 0.6629368168
v 0.1009648501 -0.09481230513 0.6688090568
v 0.1176543206 -0.1104847612 0.6722724357
v 0.1341342252 -0.1259604216 0.6726107678
v 0.1501304618 -0.1409818876 0.6694481414
v 0.1654192988 -0.1553390612 0.6627860468
v 0.1798695076 -0.1689087105 0.6529922164
v 0.1934716322 -0.1816819557 0.6407434021
v 0.2063490486 -0.1937746547 0.6269302496
v 0.2187480966 -0.2054181357 0.6125372247
v 0.2310076928 -0.2169306628 0.598513561
v 0.243512004 -0.2286729927 0.5856520764
v 0.2566324927 -0.2409939517 0.5744913436
v 0.2706675335 -0.2541737322 0.5652533236
v 0.2857885315 -0.2683732945 0.5578236615
v 0.3020009116 -0.2835977328 0.5517760771
v 0.319126538 -0.2996797665 0.5464364554
v 0.3368112899 -0.3162868539 0.5409771256
v 0.3545580484 -0.3329521694 0.5345280891
v 0.3717817137 -0.3491262677 0.5262900936
v 0.3878795999 -0.364243189 0.5156346486
v 0.4023081081 -0.3777924601 0.5021782808
v 0.4146553483 -0.3893872904 0.485822175
v 0.4246995495 -0.3988194231 0.4667532812
v 0.4324447054 -0.4060926086 0.445408289
v 0.4381277379 -0.4114293314 0.4224068361
v 0.4421951792 -0.4152489131 0.3984642551
v 0.4452514648 -0.4181189562 0.3742965586
v 0.4479848482 -0.4206857741 0.3505309233
v 0.4510801426 -0.4235924491 0.3276336353
v 0.4551295131 -0.427395061 0.3058645316
v 0.4605530858 -0.4324881348 0.2852628824
v 0.467540104 -0.4390493817 0.2656650023
v 0.4760188537 -0.4470114575 0.2467493511
v 0.4856599232 -0.4560650245 0.2281011157
v 0.4959130262 -0.4656933291 0.2092857796
v 0.506073175 -0.4752343439 0.1899203189
v 0.5153680501 -0.4839628125 0.1697314772
v 0.5230554949 -0.4911818037 0.148592932
v 0.5285185858 -0.4963119875 0.1265366656
v 0.5313458944 -0.4989670071 0.1037379613
v 0.5313863676 -0.4990050139 0.080477539
v 0.5287714738 -0.4965494652 0.05708780316
v 0.5239014844 -0.4919762408 0.03389249674
v 0.5173974136 -0.4858685118 0.01114990106
v 0.5100246272 -0.4789450045 -0.01099101771
v 0.5025978384 -0.4719707855 -0.03251431062
v 0.4958796533 -0.4656619898 -0.05353670052
v 0.4904856817 -0.4605967134 -0.07428320144
v 0.486808371 -0.4571434887 -0.0950426238
v 0.4849692773 -0.4554164647 -0.1161101935
v 0.4848057722 -0.4552629232 -0.1377267075
v 0.485893699 -0.4562845545 -0.160024385
v 0.4876028308 -0.4578895361 -0.1829887252
v 0.4891777631 -0.459368496 -0.2064433562
v 0.4898336485 -0.4599844134 -0.2300613997
v 0.4888543707 -0.4590648104 -0.2534027756
v 0.4856805886 -0.4560844306 -0.2759727637
v 0.4799765598 -0.4507279909 -0.2972936262
v 0.4716675688 -0.4429253291 -0.3169787409
v 0.4609437311 -0.4328549752 -0.3347978685
v 0.4482303827 -0.4209163463 -0.3507230446
v 0.4341296074 -0.407674837 -0.3649470712
v 0.4193411114 -0.3937875148 -0.3778703419
v 0.4045731649 -0.37991949 -0.3900562685
v 0.3904553718 -0.3666619999 -0.4021602229
v 0.3774644869 -0.3544627469 -0.4148410047
v 0.3658724871 -0.3435771346 -0.4286667668
v 0.3557229105 -0.3340460477 -0.4440286338
v 0.3468375623 -0.3257021504 -0.4610746856
v 0.3388515986 -0.3182028312 -0.4796745858
v 0.3312712844 -0.3110844425 -0.4994212019
v 0.3235458875 -0.3038298119 -0.5196705973
v 0.315143567 -0.2959395077 -0.5396164629
v 0.305620945 -0.2869971705 -0.5583901228
v 0.2946772864 -0.276720391 -0.5751734054
v 0.2821866518 -0.2649909043 -0.5893094777
v 0.2682046688 -0.2518609483 -0.6003965394
v 0.252950196 -0.2375360449 -0.6083511492
v 0.2367656267 -0.2223377227 -0.6134316854
v 0.2200624116 -0.2066523597 -0.6162175624
v 0.2032601866 -0.1908740202 -0.6175456606
v 0.1867284508 -0.1753496869 -0.6184111927
v 0.1707390052 -0.1603345981 -0.6198451473
v 0.1554354743 -0.145963626 -0.6227838243
v 0.1408234917 -0.132242061 -0.6279473443
v 0.1267819622 -0.1190561871 -0.6357431359
v 0.1130926799 -0.1062010954 -0.6462073893
v 0.09948294731 -0.09342070579 -0.6589926701
v 0.08567408153 -0.08045331768 -0.6734039498
v 0.07142804316 -0.06707539719 -0.6884789981
v 0.05658496601 -0.05313681997 -0.7031032488
v 0.04108598937 -0.03858231213 -0.7161446639
v 0.02497824215 -0.02345613066 -0.7265914137
v 0.00840171595 -0.007889736433 -0.7336747254
v 0.007363970599 -0.006092006287 0.6083819775
v 0.02247815881 -0.01859555018 0.61861131
v 0.03849501423 -0.03184584533 0.6348048352
v 0.05573967171 -0.04611186668 0.6552562658
v 0.07431607869 -0.06147960703 0.6776937197
v 0.09407395378 -0.07782474281 0.6995589705
v 0.1146193068 -0.09482133697 0.7183208111
v 0.1353679305 -0.1119860913 0.7317823738
v 0.1556343288 -0.1287519141 0.7383433004
v 0.1747426582 -0.1445596989 0.7371838096
v 0.1921423496 -0.1589539755 0.7283481295
v 0.2075097737 -0.1716670143 0.7127180312
v 0.2208188634 -0.1826772509 0.6918815477
v 0.2323678374 -0.192231393 0.6679154678
v 0.2427554937 -0.2008248097 0.643111094
v 0.2528080676 -0.2091410221 0.6196796184
v 0.2634652636 -0.2179574213 0.599475457
v 0.2756406521 -0.2280297786 0.583772787
v 0.2900761561 -0.2399718661 0.5731228472
v 0.3072121146 -0.2541479638 0.5673083862
v 0.3270930599 -0.2705949122 0.5653985281
v 0.3493249936 -0.2889867672 0.5658940596
v 0.373093135 -0.3086494838 0.5669415021
v 0.397240766 -0.3286261415 0.5665858514
v 0.4204010571 -0.3477860006 0.5630276203
v 0.4411658841 -0.3649641595 0.554850274
v 0.4582697729 -0.3791137268 0.5411891528
v 0.4707641332 -0.3894499606 0.5218217304
v 0.4781573642 -0.3955661732 0.4971702795
v 0.4805002636 -0.3975043881 0.4682201197
v 0.4784029981 -0.3957693792 0.4363679166
v 0.4729788263 -0.3912821141 0.4032234626
v 0.4657196024 -0.3852767618 0.3703938149
v 0.4583175112 -0.3791532194 0.3392799481
v 0.4524551614 -0.3743034618 0.3109131201
v 0.4495910196 -0.3719340377 0.2858515021
v 0.4507684711 -0.3729081102 0.2641483074
v 0.4564742965 -0.3776283796 0.2453920763
v 0.4665663311 -0.3859772367 0.228809468
v 0.4802812735 -0.3973232238 0.2134123396
v 0.4963231853 -0.4105942473 0.1981652494
v 0.5130225494 -0.4244091628 0.1821475351
v 0.5285462715 -0.4372515026 0.1646859858
v 0.5411320014 -0.4476633238 0.1454394863
v 0.5493165945 -0.4544342081 0.1244249777
v 0.5521289382 -0.4567607812 0.1019834314
v 0.5492217165 -0.4543557181 0.07869383501
v 0.54092444 -0.4474916141 0.05525106426
v 0.5282102125 -0.4369734904 0.03232879061
v 0.5125799082 -0.4240429781 0.01045050001
v 0.4958782135 -0.4102261346 -0.01010998518
v 0.4800649129 -0.3971442347 -0.0293820863
v 0.4669706716 -0.3863117362 -0.04769728391
v 0.4580686201 -0.3789473187 -0.06563319572
v 0.4542909886 -0.3758221902 -0.0839118377
v 0.4559141567 -0.3771649916 -0.1032685146
v 0.4625265531 -0.3826352417 -0.1243127816
v 0.4730830556 -0.39136834 -0.1474045956
v 0.4860383336 -0.402085878 -0.1725668482
v 0.4995414243 -0.4132566062 -0.1994501846
v 0.5116660813 -0.4232869948 -0.2273581368
v 0.5206470773 -0.4307167208 -0.2553312848
v 0.5250922397 -0.4343940789 -0.282279804
v 0.5241435542 -0.4336092581 -0.3071457778
v 0.5175676755 -0.4281692181 -0.3290712915
v 0.5057656717 -0.4184057515 -0.3475464454
v 0.4897025041 -0.4051171435 -0.3625134019
v 0.4707671703 -0.3894524731 -0.3744082217
v 0.4505832454 -0.3727548782 -0.384130803
v 0.4307955787 -0.3563850967 -0.3929435433
v 0.41286141 -0.341548662 -0.4023099121
v 0.3978728652 -0.3291490595 -0.4136934374
v 0.3864329507 -0.3196851391 -0.428344253
v 0.3785994824 -0.3132047306 -0.4471033117
v 0.3739019844 -0.3093186222 -0.4702530861
v 0.3714267482 -0.3072709288 -0.4974381359
v 0.3699563248 -0.3060544888 -0.5276699604
v 0.3681428968 -0.3045542906 -0.5594192638
v 0.3646911359 -0.3016987457 -0.5907866634
v 0.3585257341 -0.2965982818 -0.6197316519
v 0.348921777 -0.2886531975 -0.6443308738
v 0.3355820012 -0.2776175752 -0.6630317866
v 0.31865286 -0.2636125715 -0.6748673199
v 0.2986800574 -0.2470896323 -0.6796014072
v 0.2765125646 -0.2287510874 -0.6777837517
v 0.253170941 -0.209441217 -0.6707038361
v 0.2297001361 -0.1900244786 -0.6602474576
v 0.2070282941 -0.1712686997 -0.6486721937
v 0.1858513196 -0.1537495828 -0.6383293869
v 0.1665584237 -0.1377891113 -0.6313679238
v 0.1492072879 -0.1234350034 -0.6294581876
v 0.1335498586 -0.1104820514 -0.6335725805
v 0.1191022579 -0.09852995664 -0.6438521492
v 0.1052459659 -0.08706703501 -0.6595779516
v 0.09134319166 -0.07556565992 -0.6792522962
v 0.07684779667 -0.0635740263 -0.7007806399
v 0.06139443101 -0.05078989041 -0.7217316567
v 0.04485244877 -0.03710517258 -0.7396425725
v 0.02733705093 -0.02261517532 -0.752330697
v 0.009177045725 -0.007591912475 -0.7581710371
v 0.008403609997 -0.006105580052 0.6612301474
v 0.02546479045 -0.01850125323 0.6674514643
v 0.04318356885 -0.03137469928 0.6782295933
v 0.06182238026 -0.04491658844 0.6921734883
v 0.08145277967 -0.05917890846 0.7074227913
v 0.1019266877 -0.07405407332 0.7218804935
v 0.12288578 -0.08928174524 0.7334740689
v 0.1438085037 -0.1044829938 0.7404115505
v 0.1640881109 -0.1192169909 0.7413998933
v 0.183129941 -0.1330516903 0.7357981113
v 0.2004527513 -0.1456374487 0.7236863753
v 0.2157777555 -0.1567717159 0.7058433436
v 0.2290903888 -0.1664439102 0.6836359774
v 0.2406635297 -0.1748522893 0.6588373775
v 0.2510364553 -0.1823886608 0.6333972757
v 0.260950407 -0.1895915684 0.609195553
v 0.2712483238 -0.1970734429 0.5878108108
v 0.2827520704 -0.205431404 0.5703334372
v 0.2961344643 -0.2151542823 0.5572461883
v 0.3118049526 -0.2265395585 0.5483859732
v 0.329826603 -0.239633054 0.5429895713
v 0.3498782583 -0.2542014343 0.5398149326
v 0.3712697292 -0.2697432476 0.5373199876
v 0.3930105767 -0.2855388979 0.533873809
v 0.4139253722 -0.3007343863 0.5279714172
v 0.4328014151 -0.3144486343 0.5184239051
v 0.4485497379 -0.3258904605 0.504499733
v 0.4603576177 -0.3344693873 0.486000359
v 0.467811184 -0.3398847203 0.4632627417
v 0.4709700851 -0.3421797962 0.437091365
v 0.4703821641 -0.3417526466 0.4086318634
v 0.4670339281 -0.3393200108 0.3792058159
v 0.4622412215 -0.3358379056 0.3501308215
v 0.4574927774 -0.332387959 0.3225510402
v 0.4542660519 -0.3300436057 0.2973009161
v 0.4538390069 -0.3297333394 0.2748192398
v 0.4571226456 -0.3321190426 0.2551229333
v 0.4645369193 -0.3375058277 0.2378411004
v 0.4759473398 -0.3457959834 0.2223012795
v 0.490671914 -0.3564940128 0.2076526777
v 0.507558876 -0.3687631089 0.1930064508
v 0.5251263286 -0.3815266103 0.1775714332
v 0.5417465899 -0.393601937 0.1607652867
v 0.5558518972 -0.4038500426 0.1422855081
v 0.5661349968 -0.4113211518 0.122131395
v 0.5717185056 -0.4153778084 0.1005758758
v 0.5722707452 -0.4157790339 0.07809388295
v 0.5680525447 -0.4127143319 0.05526052622
v 0.5598884083 -0.4067827395 0.03263672736
v 0.549065267 -0.3989192672 0.01066158873
v 0.5371714886 -0.3902779313 -0.01043063882
v 0.5258966429 -0.3820862764 -0.03065529685
v 0.5168176777 -0.3754900221 -0.05027636457
v 0.511198953 -0.3714077796 -0.06975983226
v 0.5098317812 -0.3704144712 -0.08968885454
v 0.5129339601 -0.3726683361 -0.1106544207
v 0.5201219528 -0.3778907185 -0.1331394508
v 0.5304589131 -0.3854009597 -0.1574156272
v 0.5425719211 -0.3942015752 -0.1834706592
v 0.5548228964 -0.4031024297 -0.2109792639
v 0.5655108517 -0.4108676838 -0.2393245655
v 0.5730793359 -0.4163665094 -0.2676688342
v 0.5763025543 -0.4187083147 -0.2950646719
v 0.5744267807 -0.4173454854 -0.3205910857
v 0.5672498122 -0.4121311126 -0.3434944105
v 0.5551295453 -0.4033252232 -0.3633124722
v 0.5389221073 -0.3915498302 -0.3799620342
v 0.5198591282 -0.3776997652 -0.3937742788
v 0.4993814578 -0.3628218668 -0.4054702277
v 0.478951918 -0.3479789373 -0.4160766068
v 0.459871878 -0.3341164768 -0.4267914953
v 0.4431252993 -0.3219493752 -0.4388168733
v 0.4292696496 -0.3118826564 -0.4531807355
v 0.4183863522 -0.303975478 -0.4705739078
v 0.4100951885 -0.297951595 -0.491225633
v 0.4036284439 -0.29325323 -0.5148374462
v 0.3979527619 -0.2891296057 -0.540587377
v 0.3919206916 -0.2847470501 -0.5672070858
v 0.384430539 -0.2793051356 -0.5931244384
v 0.3745727727 -0.2721430492 -0.6166546524
v 0.3617438459 -0.2628222883 -0.6362158437
v 0.3457134484 -0.2511755228 -0.6505406314
v 0.3266381144 -0.2373164814 -0.658855082
v 0.3050217751 -0.2216112916 -0.6609998337
v 0.2816311686 -0.2046170212 -0.6574753321
v 0.2573799932 -0.1869975109 -0.6494028381
v 0.2331995043 -0.1694293574 -0.6384039577
v 0.2099144374 -0.152511766 -0.6264124059
v 0.1881415911 -0.1366928672 -0.6154410561
v 0.1682244217 -0.1222221966 -0.6073337543
v 0.1502112296 -0.1091348465 -0.6035339629
v 0.1338778248 -0.09726793328 -0.6049006506
v 0.1187889641 -0.08630523431 -0.611596108
v 0.10438729 -0.07584180553 -0.6230612714
v 0.09009479038 -0.06545769677 -0.6380828539
v 0.07541043199 -0.05478888589 -0.6549446011
v 0.05998875338 -0.04358438053 -0.6716439016
v 0.04368763237 -0.03174092286 -0.6861462802
v 0.026578596 -0.01931048033 -0.696645152
v 0.008919129829 -0.006480127134 -0.7017933404
v 0.009021804896 -0.005725411486 0.6801844186
v 0.0269391711 -0.01709611784 0.6765662089
v 0.04472043448 -0.02838045072 0.6729932521
v 0.06239751684 -0.03959866831 0.6693958828
v 0.07998966288 -0.05076298367 0.665661586
v 0.09750035155 -0.06187560461 0.6616526683
v 0.1149172717 -0.07292871827 0.6572262969
v 0.1322153395 -0.0839064059 0.652254304
v 0.1493622402 -0.09478815998 0.6466402208
v 0.1663255602 -0.1055534102 0.6403314006
v 0.183080294 -0.1161862876 0.63332476
v 0.199615419 -0.126679797 0.6256655287
v 0.215938337 -0.1370386357 0.617439322
v 0.232076283 -0.1472800877 0.6087587252
v 0.2480742445 -0.1574327028 0.599746284
v 0.2639894716 -0.167532813 0.5905162371
v 0.2798831913 -0.1776192743 0.5811574566
v 0.2958106102 -0.1877271217 0.57171986
v 0.3118106022 -0.1978810253 0.5622060591
v 0.3278966073 -0.2080895146 0.5525692878
v 0.3440501647 -0.2183408738 0.5427178026
v 0.3602181929 -0.2286014166 0.5325250875
v 0.3763146461 -0.2388165363 0.5218444478
v 0.3922265761 -0.2489145542 0.5105260241
v 0.4078240141 -0.2588129893 0.498433989
v 0.4229725187 -0.2684265227 0.4854617192
v 0.4375468243 -0.2776756583 0.4715430636
v 0.4514438091 -0.286494953 0.456658398
v 0.4645930341 -0.2948397049 0.4408348882
v 0.4769633775 -0.3026901636 0.4241411693
v 0.488564774 -0.3100526337 0.4066773866
v 0.4994447052 -0.316957248 0.3885621224
v 0.5096797894 -0.3234526299 0.3699180937
v 0.5193634849 -0.32959809 0.3508585855
v 0.528591475 -0.3354543505 0.3314763978
v 0.5374466438 -0.3410740115 0.3118366526
v 0.5459856514 -0.3464930306 0.2919742044
v 0.5542289387 -0.3517243798 0.2718957127
v 0.5621555679 -0.3567547716 0.2515857659
v 0.5697036816 -0.3615449502 0.23101589
v 0.5767766249 -0.3660335765 0.2101549095
v 0.5832540174 -0.3701442548 0.1889789957
v 0.5890063916 -0.3737948225 0.167479861
v 0.5939115152 -0.3769077086 0.1456698972
v 0.597870267 -0.3794200089 0.1235835773
v 0.6008199601 -0.381291941 0.1012750383
v 0.6027433201 -0.3825125424 0.07881236666
v 0.6036718747 -0.3831018211 0.05626961453
v 0.6036832308 -0.3831090279 0.03371791649
v 0.6028925108 -0.3826072217 0.01121719666
v 0.6014389862 -0.3816847869 -0.01119015291
v 0.5994695755 -0.3804349609 -0.03348256843
v 0.5971212938 -0.378944696 -0.05565902013
v 0.5945048818 -0.3772842705 -0.07773514059
v 0.5916916952 -0.375498968 -0.09973636546
v 0.5887055173 -0.3736038818 -0.1216891654
v 0.5855203178 -0.3715824928 -0.1436117709
v 0.5820642165 -0.3693891842 -0.1655059019
v 0.5782291096 -0.3669553514 -0.1873508851
v 0.5738846951 -0.3641983021 -0.209101203
v 0.5688950807 -0.3610317965 -0.2306880009
v 0.5631358484 -0.3573768765 -0.2520244783
v 0.5565094166 -0.3531716151 -0.2730144781
v 0.5489567981 -0.3483785776 -0.2935630707
v 0.540464343 -0.3429891017 -0.3135875785
v 0.5310647348 -0.337023929 -0.3330273636
v 0.5208322638 -0.3305302054 -0.3518508264
v 0.5098731427 -0.3235753357 -0.3700584267
v 0.4983122579 -0.3162385751 -0.3876810916
v 0.4862781769 -0.308601515 -0.4047740416
v 0.473888413 -0.3007387317 -0.4214067475
v 0.4612368566 -0.2927098099 -0.4376503374
v 0.4483849413 -0.2845537365 -0.4535641976
v 0.4353575679 -0.2762863139 -0.4691837077
v 0.4221441442 -0.2679008203 -0.4845109621
v 0.4087044031 -0.2593717012 -0.4995099821
v 0.394978025 -0.2506606767 -0.5141073374
v 0.3808966136 -0.2417243413 -0.5281983709
v 0.366396299 -0.2325221619 -0.541658431
v 0.3514292152 -0.2230237617 -0.5543577973
v 0.3359723118 -0.2132145125 -0.5661784139
v 0.3200323792 -0.2030987237 -0.5770302273
v 0.3036467257 -0.1927000718 -0.5868648977
v 0.2868795669 -0.1820593092 -0.5956849308
v 0.2698147803 -0.1712296663 -0.6035468302
v 0.252546163 -0.1602706686 -0.61055763
v 0.2351666373 -0.1492412862 -0.616865026
v 0.2177579444 -0.1381933937 -0.6226421829
v 0.2003822396 -0.1271664361 -0.6280690166
v 0.1830766789 -0.1161839934 -0.6333122542
v 0.1658516156 -0.1052526358 -0.6385067763
v 0.1486924845 -0.09436312005 -0.643740619
v 0.131564912 -0.08349363202 -0.6490455675
v 0.1144221389 -0.07261449741 -0.65439457
v 0.09721354029 -0.06169358865 -0.6597063222
v 0.07989291237 -0.05070158393 -0.6648564432
v 0.06242528737 -0.03961629202 -0.669693803
v 0.04479131213 -0.02842543104 -0.6740598826
v 0.02698864195 -0.017127513 -0.677808649
v 0.009030292847 -0.005730798103 -0.6808243539
v 0.00960720674 -0.0052816066 0.6978874938
v 0.02856328738 -0.01570280012 0.6911770272
v 0.04687274705 -0.02576851075 0.6796418812
v 0.06428990583 -0.03534367482 0.6645284069
v 0.08075361371 -0.04439467482 0.6474953087
v 0.09641404929 -0.05300407213 0.6304044076
v 0.1116223579 -0.06136491057 0.6150860095
v 0.1268836671 -0.06975488626 0.6031090728
v 0.1427799579 -0.07849394609 0.5955855822
v 0.1598743085 -0.08789164486 0.5930338926
v 0.178611365 -0.09819242887 0.5953179625
v 0.1992300095 -0.1095276246 0.6016694079
v 0.2217028584 -0.1218821778 0.6107885055
v 0.245713602 -0.1350821958 0.621010107
v 0.2706777713 -0.148806364 0.6305122248
v 0.295806076 -0.1626207664 0.6375398831
v 0.3202029289 -0.1760330498 0.6406153317
v 0.3429871367 -0.188558774 0.6387080578
v 0.3634178491 -0.1997906532 0.6313438127
v 0.3810073457 -0.2094605608 0.6186402886
v 0.3956033927 -0.2174848055 0.6012669553
v 0.4074276213 -0.2239852303 0.5803365569
v 0.41706221 -0.2292818902 0.5572445341
v 0.4253842954 -0.2338569954 0.5334790288
v 0.4334550182 -0.2382939128 0.5104273316
v 0.4423768502 -0.2431987314 0.489204295
v 0.4531378768 -0.2491146558 0.4705244776
v 0.4664642585 -0.2564408962 0.454633204
v 0.482701736 -0.265367525 0.4413032804
v 0.5017437549 -0.2758359635 0.429895008
v 0.5230179435 -0.2875315476 0.4194686354
v 0.5455350411 -0.2999104268 0.4089316568
v 0.5679959532 -0.3122584177 0.3971992633
v 0.5889445564 -0.3237750098 0.3833452965
v 0.6069473075 -0.3336721059 0.3667232767
v 0.6207765625 -0.3412748032 0.347042088
v 0.6295734022 -0.3461109068 0.3243879083
v 0.6329679027 -0.3479770492 0.2991919334
v 0.6311399508 -0.3469721242 0.2721511993
v 0.6248112402 -0.3434928861 0.2441162512
v 0.6151680149 -0.3381914781 0.2159636538
v 0.6037232637 -0.3318996729 0.188472825
v 0.5921351921 -0.3255290766 0.1622252636
v 0.5820047966 -0.3199598446 0.1375402036
v 0.5746784149 -0.3159321321 0.1144547241
v 0.5710807762 -0.3139543135 0.09274929912
v 0.5716003579 -0.3142399559 0.07201276499
v 0.5760422114 -0.3166818856 0.05173474798
v 0.5836547417 -0.3208669095 0.03140961896
v 0.5932273267 -0.3261294827 0.0106345869
v 0.6032464367 -0.331637535 -0.01081419612
v 0.6120902685 -0.3364994727 -0.03293988848
v 0.6182368765 -0.339878599 -0.05552427993
v 0.6204590213 -0.3411002335 -0.07816819754
v 0.6179807129 -0.3397377719 -0.1003663236
v 0.6105754537 -0.3356666962 -0.121604089
v 0.5985938251 -0.3290797401 -0.1414605465
v 0.582917287 -0.3204614904 -0.1596998655
v 0.5648446495 -0.3105259738 -0.1763355384
v 0.5459263541 -0.3001255529 -0.1916553645
v 0.527768342 -0.2901431013 -0.2062012027
v 0.511831001 -0.2813814739 -0.2207044897
v 0.499249034 -0.274464479 -0.235985558
v 0.4906950396 -0.2697618808 -0.252830785
v 0.486303599 -0.2673476659 -0.2718656383
v 0.4856645425 -0.2669963416 -0.2934430883
v 0.4878849306 -0.2682170103 -0.3175653657
v 0.4917103604 -0.2703200582 -0.3438527895
v 0.4956886717 -0.2725071533 -0.3715669471
v 0.4983539722 -0.2739724147 -0.3996877416
v 0.4984067629 -0.2740014366 -0.4270358669
v 0.4948670566 -0.2720554666 -0.4524252539
v 0.487181539 -0.2678303176 -0.4748250268
v 0.4752723937 -0.2612832095 -0.4935082813
v 0.4595234708 -0.2526251659 -0.5081659573
v 0.4407079057 -0.2422812214 -0.5189681764
v 0.419868934 -0.2308248998 -0.5265621547
v 0.3981714973 -0.218896633 -0.5320043033
v 0.3767455249 -0.207117605 -0.5366332308
v 0.3565421416 -0.196010701 -0.5418988105
v 0.3382215011 -0.1859388437 -0.5491690629
v 0.3220859241 -0.1770682352 -0.5595403634
v 0.3080652752 -0.1693603182 -0.5736768309
v 0.2957540377 -0.1625921581 -0.5917015552
v 0.2844923984 -0.1564010195 -0.6131559326
v 0.2734778251 -0.1503457066 -0.6370346229
v 0.2618898983 -0.14397519 -0.6618936538
v 0.2490100005 -0.1368944062 -0.6860193288
v 0.2343189815 -0.1288179502 -0.7076371839
v 0.2175597963 -0.1196045102 -0.725134454
v 0.1987577483 -0.1092679968 -0.7372671836
v 0.1781974906 -0.09796489948 -0.7433246078
v 0.1563623807 -0.08596094623 -0.7432286017
v 0.1338471973 -0.07358311938 -0.7375541959
v 0.1112588517 -0.06116507135 -0.727467325
v 0.08912105393 -0.04899471401 -0.7145867741
v 0.06779777577 -0.03727214264 -0.7007872751
v 0.04744701103 -0.02608421505 -0.6879685503
v 0.02801128949 -0.01539933671 -0.6778197321
v 0.009245458926 -0.005082734056 -0.6716093796
v 0.01078419528 -0.005074657099 0.7586938581
v 0.03207690468 -0.01509424559 0.7517338471
v 0.05253699438 -0.024722033 0.7377606638
v 0.07176974244 -0.03377227726 0.7184601662
v 0.08963962137 -0.042181204 0.6960897187
v 0.1063090739 -0.05002525294 0.6731933206
v 0.1222250395 -0.05751473784 0.6522819911
v 0.1380539667 -0.06496326561 0.6355205165
v 0.1545743972 -0.07273719013 0.624460588
v 0.1725432845 -0.08119270665 0.6198540485
v 0.1925569097 -0.09061040382 0.6215692918
v 0.2149288205 -0.1011378259 0.6286202623
v 0.2396053464 -0.1127497176 0.6393028097
v 0.2661341545 -0.1252332271 0.6514193116
v 0.2936936886 -0.1382017595 0.6625613209
v 0.3211822873 -0.1511369122 0.6704129589
v 0.3473566013 -0.1634536094 0.6730357458
v 0.3710010158 -0.1745798263 0.669098732
v 0.3911043232 -0.1840397247 0.6580256718
v 0.4070177675 -0.1915280232 0.6400424286
v 0.4185702039 -0.1969641871 0.616121245
v 0.4261213477 -0.2005174857 0.5878320998
v 0.4305422798 -0.2025978184 0.5571233089
v 0.4331224177 -0.2038119392 0.5260622135
v 0.4354126738 -0.2048896519 0.4965711658
v 0.4390239941 -0.2065890102 0.4701935546
v 0.445407541 -0.2095928794 0.4479194973
v 0.4556463605 -0.2144109021 0.4300918665
v 0.4702878764 -0.2213006765 0.4164018246
v 0.489241924 -0.2302197743 0.4059706505
v 0.511760833 -0.2408163686 0.397503077
v 0.5365073307 -0.2524611864 0.3894881836
v 0.5617042036 -0.2643179348 0.3804183106
v 0.5853483387 -0.2754440203 0.3689951542
v 0.6054625278 -0.2849090392 0.3542952278
v 0.6203525923 -0.2919157717 0.335873688
v 0.6288358202 -0.2959076757 0.3137950608
v 0.6304097177 -0.2966482957 0.2885902386
v 0.6253373264 -0.2942614095 0.2611496686
v 0.6146359485 -0.2892257233 0.232571429
v 0.5999686661 -0.2823238241 0.2039886647
v 0.5834508823 -0.274551145 0.1764028818
v 0.5673955228 -0.2669960664 0.1505476794
v 0.554028967 -0.2607062426 0.1268020038
v 0.5452140541 -0.2565582595 0.1051638375
v 0.5422160294 -0.2551474961 0.08528565581
v 0.5455420538 -0.2567126044 0.06656344248
v 0.5548755815 -0.2611046292 0.04826298597
v 0.5691146973 -0.2678050484 0.02966176547
v 0.5865100307 -0.275990671 0.01018275901
v 0.6048848901 -0.2846372235 -0.01050177617
v 0.6219095201 -0.2926484063 -0.03241338595
v 0.6353943133 -0.2989938683 -0.0552664919
v 0.6435643337 -0.3028383881 -0.07852347441
v 0.6452799746 -0.3036457074 -0.1014966781
v 0.6401756473 -0.3012437933 -0.1234805436
v 0.6286991253 -0.295843352 -0.1438919509
v 0.6120471402 -0.2880075226 -0.1623951423
v 0.5920062994 -0.2785770188 -0.1789895609
v 0.5707205961 -0.2685607271 -0.1940443542
v 0.5504161084 -0.2590061604 -0.2082713535
v 0.5331187145 -0.2508666247 -0.2226378783
v 0.5204011346 -0.2448821859 -0.2382302864
v 0.5131913328 -0.2414895106 -0.2560873606
v 0.511665877 -0.2407716856 -0.2770281083
v 0.5152404521 -0.242453753 -0.3015004645
v 0.5226568741 -0.2459436563 -0.3294753587
v 0.5321534161 -0.2504123898 -0.360404822
v 0.5416946663 -0.2549021613 -0.3932540333
v 0.5492298929 -0.2584479698 -0.4266066458
v 0.552945887 -0.2601965838 -0.4588318997
v 0.5514818187 -0.2595076456 -0.4882924845
v 0.5440794807 -0.2560243697 -0.5135652991
v 0.530651527 -0.2497056544 -0.5336442322
v 0.5117616454 -0.2408167508 -0.5480953897
v 0.4885224348 -0.2298812084 -0.5571407759
v 0.4624275023 -0.2176018652 -0.5616556093
v 0.4351425074 -0.2047625212 -0.5630760205
v 0.4082845085 -0.1921241063 -0.5632262763
v 0.3832194755 -0.180329397 -0.5640861632
v 0.3609042534 -0.1698286506 -0.5675281357
v 0.3417921983 -0.1608352001 -0.5750589487
v 0.3258122375 -0.1533156014 -0.5876009653
v 0.3124205928 -0.1470139717 -0.6053439777
v 0.3007143672 -0.14150544 -0.6276896847
v 0.2895880019 -0.1362697699 -0.6532990543
v 0.2779083792 -0.1307737567 -0.6802392027
v 0.2646827241 -0.1245502358 -0.7062129946
v 0.2491955804 -0.1172625392 -0.7288431156
v 0.2310965919 -0.1087458017 -0.7459745027
v 0.210428737 -0.09902024738 -0.7559558458
v 0.1875958301 -0.08827589693 -0.7578629091
v 0.1632771522 -0.07683239575 -0.7516334559
v 0.1383046872 -0.06508124571 -0.7380947238
v 0.1135235262 -0.05342011648 -0.7188782363
v 0.08965787069 -0.04218979148 -0.6962314324
v 0.06720349765 -0.03162356557 -0.67274919
v 0.04636284437 -0.02181669854 -0.6510589964
v 0.02703179259 -0.01272019605 -0.633499823
v 0.008838873605 -0.004159258205 -0.6218358389
v 0.01101361657 -0.004360599278 0.7540424498
v 0.03269754024 -0.012945872 0.7457164994
v 0.05364685136 -0.02124029104 0.7331309053
v 0.07362524358 -0.02915029609 0.7172574525
v 0.09254639354 -0.03664170932 0.6993776075
v 0.1104954692 -0.04374825109 0.6809276219
v 0.1277215188 -0.0505685266 0.6633248909
v 0.1446011528 -0.0572516465 0.6477977855
v 0.161578568 -0.06397348069 0.6352405965
v 0.1790908924 -0.07090710042 0.6261118157
v 0.1974904412 -0.07819199713 0.620388217
v 0.2169763406 -0.08590701048 0.6175798512
v 0.2375469422 -0.09405148781 0.616803133
v 0.258981623 -0.1025380783 0.6169017211
v 0.2808563421 -0.1111988923 0.6165988612
v 0.3025922991 -0.1198047664 0.6146610633
v 0.3235319532 -0.128095362 0.6100518824
v 0.3430322638 -0.1358160811 0.6020562865
v 0.3605619857 -0.142756589 0.5903603417
v 0.3757886716 -0.1487852605 0.5750771324
v 0.3886419334 -0.1538742268 0.5567170863
v 0.3993424146 -0.158110847 0.5361082167
v 0.4083904732 -0.1616932269 0.5142782331
v 0.4165141441 -0.1649096157 0.4923151688
v 0.424581781 -0.1681038191 0.471225522
v 0.4334900377 -0.1716308475 0.4518086633
v 0.4440417623 -0.1758085708 0.4345634909
v 0.4568303679 -0.1808719379 0.4196384826
v 0.4721469614 -0.1869362063 0.4068300816
v 0.4899239412 -0.1939746105 0.395627665
v 0.5097242196 -0.2018140953 0.3852970978
v 0.530779267 -0.2101503783 0.3749899206
v 0.5520726035 -0.2185810066 0.3638622096
v 0.5724590815 -0.2266525843 0.3511864413
v 0.5908051798 -0.2339163184 0.3364413331
v 0.6061322886 -0.2399847501 0.3193683092
v 0.6177441025 -0.2445821925 0.2999883968
v 0.6253209028 -0.2475820599 0.2785792098
v 0.6289675391 -0.2490258654 0.2556173786
v 0.6292077952 -0.2491209895 0.2316965229
v 0.6269247856 -0.248217082 0.2074339912
v 0.6232541611 -0.246763779 0.1833806802
v 0.6194432303 -0.2452549247 0.1599472178
v 0.6166937875 -0.2441663433 0.1373568226
v 0.6160088112 -0.243895142 0.1156307455
v 0.6180629309 -0.2447084255 0.09460701847
v 0.623113655 -0.2467081487 0.07398809176
v 0.6309651792 -0.249816787 0.05340857433
v 0.6409898221 -0.2537858239 0.03251137572
v 0.6522046538 -0.2582260899 0.01101947574
v 0.6633936887 -0.2626561422 -0.01120852269
v 0.673260052 -0.2665625118 -0.03414814051
v 0.6805886056 -0.2694640914 -0.05760899067
v 0.6843981483 -0.2709723961 -0.08126497084
v 0.6840636749 -0.2708399687 -0.1047097658
v 0.6793931014 -0.2689907578 -0.1275285829
v 0.6706488233 -0.2655286532 -0.1493742816
v 0.6585116685 -0.2607232137 -0.1700351285
v 0.6439922865 -0.2549745837 -0.1894824791
v 0.628301786 -0.2487622751 -0.2078896068
v 0.612698608 -0.2425845399 -0.2256172574
v 0.5983315237 -0.2368962088 -0.2431666598
v 0.586098916 -0.2320529768 -0.2611058933
v 0.5765421254 -0.2282691757 -0.2799799256
v 0.5697859635 -0.225594222 -0.300217598
v 0.5655331628 -0.2239104191 -0.3220498698
v 0.563112407 -0.222951974 -0.3454525374
v 0.56157262 -0.2223423292 -0.3701235183
v 0.5598103205 -0.2216445855 -0.3955000519
v 0.5567128226 -0.2204181993 -0.4208154657
v 0.5512983963 -0.2182744763 -0.4451893016
v 0.5428353706 -0.2149237274 -0.4677394458
v 0.5309253993 -0.2102082362 -0.4877012227
v 0.5155412373 -0.2041172155 -0.5045367775
v 0.497015658 -0.1967824198 -0.518018779
v 0.4759847146 -0.1884556803 -0.5282754834
v 0.453294508 -0.179471992 -0.5357891572
v 0.4298851801 -0.1702035834 -0.5413461022
v 0.4066684237 -0.1610114192 -0.5459432193
v 0.3844150806 -0.1522006974 -0.5506622554
v 0.3636674125 -0.1439861145 -0.5565277202
v 0.3446867138 -0.1364711242 -0.5643672217
v 0.3274416745 -0.1296433302 -0.5746932269
v 0.3116370745 -0.1233858464 -0.587622898
v 0.2967768133 -0.1175022527 -0.6028479647
v 0.2822507377 -0.1117509726 -0.6196601515
v 0.2674318236 -0.1058837494 -0.6370303434
v 0.2517693699 -0.09968254531 -0.6537324149
v 0.2348650414 -0.09298964819 -0.6684964681
v 0.2165216219 -0.08572697463 -0.6801719728
v 0.1967587376 -0.07790229521 -0.6878795947
v 0.1757948933 -0.06960212205 -0.6911315916
v 0.1540001878 -0.06097298773 -0.6899044628
v 0.1318283006 -0.05219451658 -0.6846535649
v 0.1097391615 -0.04344880769 -0.6762668806
v 0.08812475463 -0.03489105863 -0.6659630667
v 0.06724963558 -0.02662601431 -0.6551462508
v 0.04721512803 -0.01869379162 -0.6452358093
v 0.02795223849 -0.01106707413 -0.6374927682
v 0.009243687793 -0.003659834902 -0.6328650489
v 0.009858543433 -0.003203234938 0.6598585224
v 0.02946226421 -0.009572869939 0.6568966126
v 0.04906673769 -0.01594274951 0.6555362422
v 0.06880683278 -0.02235669521 0.6553180425
v 0.08873882948 -0.02883299352 0.6555988041
v 0.1088268597 -0.0353599902 0.6556390496
v 0.1289463166 -0.04189719801 0.6547015875
v 0.1489040146 -0.04838184721 0.652148266
v 0.168472153 -0.05473992078 0.6475224782
v 0.1874308176 -0.06089996431 0.640606929
v 0.2056122225 -0.06680746087 0.6314494965
v 0.22293938 -0.07243739564 0.6203542478
v 0.2394524999 -0.07780283354 0.607839243
v 0.2553180872 -0.08295787533 0.5945670654
v 0.2708181982 -0.08799416669 0.5812574878
v 0.2863202781 -0.09303109779 0.5685938685
v 0.3022310007 -0.09820080494 0.5571355027
v 0.3189401221 -0.1036299276 0.5472471587
v 0.3367621426 -0.1094206531 0.5390545743
v 0.3558842624 -0.1156338064 0.5324311194
v 0.3763285807 -0.1222765681 0.5270166406
v 0.3979347723 -0.1292968453 0.5222652708
v 0.4203667865 -0.1365854486 0.5175152697
v 0.4431438225 -0.1439861562 0.5120712531
v 0.4656923886 -0.1513126294 0.5052878118
v 0.4874131457 -0.1583701312 0.4966436695
v 0.5077539199 -0.1649792494 0.4857971218
v 0.5262790909 -0.1709984424 0.4726162946
v 0.5427257253 -0.1763422778 0.4571813435
v 0.5570383348 -0.1809927265 0.4397595779
v 0.5693768253 -0.1850017451 0.4207581024
v 0.5800957156 -0.1884845237 0.4006614285
v 0.5896965775 -0.1916040328 0.3799632527
v 0.5987593571 -0.1945487084 0.359102011
v 0.6078612578 -0.1975060952 0.3384088783
v 0.6174937793 -0.2006358912 0.3180747683
v 0.6279890187 -0.2040460012 0.2981399207
v 0.6394653577 -0.2077748898 0.278506292
v 0.6518002909 -0.2117827525 0.2589696844
v 0.6646346872 -0.2159529007 0.2392658177
v 0.6774086707 -0.2201034195 0.2191227491
v 0.6894251138 -0.2240077986 0.1983114204
v 0.6999329973 -0.2274220169 0.1766867085
v 0.7082201426 -0.2301146736 0.1542130655
v 0.7137034234 -0.2318962995 0.1309713832
v 0.7160047252 -0.2326440378 0.1071466952
v 0.7150026447 -0.2323184421 0.08299930184
v 0.710852971 -0.2309701314 0.05882441386
v 0.7039749981 -0.2287353425 0.0349070929
v 0.6950051263 -0.2258208545 0.01147987821
v 0.6847234659 -0.2224801405 -0.01131004895
v 0.6739626689 -0.2189837457 -0.03341891055
v 0.6635105357 -0.2155876417 -0.05490673872
v 0.6540187488 -0.2125035732 -0.07592013813
v 0.6459292831 -0.2098751465 -0.09666023924
v 0.6394277203 -0.2077626607 -0.1173410835
v 0.6344291854 -0.2061385382 -0.1381452794
v 0.6305983696 -0.2048938307 -0.1591843087
v 0.6274006948 -0.2038548432 -0.1804702505
v 0.6241776715 -0.2028076194 -0.2019040104
v 0.6202364488 -0.2015270385 -0.2232826302
v 0.6149418383 -0.1998067153 -0.244325288
v 0.6077989277 -0.197485843 -0.2647146145
v 0.5985158009 -0.1944695722 -0.2841474104
v 0.5870386328 -0.1907404142 -0.3023871387
v 0.5735551612 -0.1863593688 -0.3193099679
v 0.5584667362 -0.1814568423 -0.334936775
v 0.5423332496 -0.1762147547 -0.3494453138
v 0.5257987116 -0.1708423577 -0.3631594877
v 0.5095076089 -0.1655490575 -0.3765159472
v 0.4940231612 -0.1605178555 -0.3900116083
v 0.4797580796 -0.1558828495 -0.4041386527
v 0.4669265149 -0.1517136214 -0.4193156885
v 0.4555228638 -0.1480083505 -0.4358246929
v 0.4453293901 -0.1446962902 -0.453762941
v 0.4359507443 -0.1416489834 -0.4730173888
v 0.42686995 -0.1386984545 -0.4932661116
v 0.4175177405 -0.1356597374 -0.5140077975
v 0.4073456122 -0.1323546126 -0.5346164278
v 0.3958928029 -0.1286333692 -0.5544146941
v 0.3828385744 -0.1243917933 -0.5727569107
v 0.3680334978 -0.1195813323 -0.589110578
v 0.3515065419 -0.1142113988 -0.603125612
v 0.3334482119 -0.1083438917 -0.6146816069
v 0.3141732762 -0.1020810855 -0.6239062062
v 0.2940693053 -0.09554890936 -0.6311613725
v 0.2735389633 -0.08887819685 -0.6369985788
v 0.2529445251 -0.08218665825 -0.6420881331
v 0.2325624058 -0.07556410624 -0.6471314143
v 0.2125536982 -0.06906288306 -0.6527672533
v 0.1929541308 -0.06269459756 -0.6594846823
v 0.1736838552 -0.05643330546 -0.6675536479
v 0.1545745131 -0.05022430384 -0.676983095
v 0.1354085394 -0.04399690148 -0.6875123543
v 0.1159639914 -0.03767898487 -0.6986374624
v 0.09605758517 -0.03121100139 -0.7096694686
v 0.07557912742 -0.02455714712 -0.7198175505
v 0.05451207361 -0.0177120464 -0.7282864436
v 0.03293725543 -0.01070196303 -0.7343757208
v 0.01101955531 -0.003580470565 -0.7375681344
v 0.009532065126 -0.002447418348 0.6264616471
v 0.02889870502 -0.007419926321 0.6326721181
v 0.04911890337 -0.01261159085 0.6443585514
v 0.07057054754 -0.01811943693 0.6599536814
v 0.09337265884 -0.02397402404 0.677350715
v 0.1173458066 -0.03012928221 0.6941697752
v 0.142024865 -0.03646578741 0.7080570465
v 0.1667233973 -0.04280729268 0.7169781144
v 0.1906405783 -0.04894818101 0.7194679973
v 0.2129944636 -0.05468768325 0.714806278
v 0.2331607067 -0.05986549444 0.7030957421
v 0.2507942509 -0.06439301905 0.685235665
v 0.2659134033 -0.0682749576 0.6627946575
v 0.2789308052 -0.07161725835 0.637800945
v 0.2906234498 -0.0746194192 0.6124784051
v 0.3020429786 -0.07755145585 0.5889632821
v 0.3143766857 -0.0807182136 0.5690383903
v 0.3287775944 -0.0844157385 0.5539186449
v 0.3461874471 -0.08888582892 0.5441143739
v 0.3671785725 -0.09427543387 0.5393881334
v 0.3918389636 -0.1006071461 0.5388081494
v 0.4197196466 -0.1077656888 0.5408887724
v 0.449855198 -0.1155031833 0.5437971509
v 0.4808581856 -0.1234633976 0.5455971847
v 0.5110777625 -0.1312224662 0.5444977364
v 0.5388031319 -0.1383411311 0.5390725137
v 0.5624855092 -0.1444217321 0.5284238394
v 0.5809486122 -0.1491622512 0.5122709219
v 0.5935582113 -0.152399846 0.4909540198
v 0.6003259116 -0.1541374961 0.465357506
v 0.6019305689 -0.1545495021 0.4367656865
v 0.599651516 -0.1539643407 0.4066738284
v 0.5952196439 -0.1528264294 0.3765820856
v 0.5906037429 -0.1516412674 0.347801243
v 0.5877587735 -0.1509108034 0.3212963675
v 0.5883685889 -0.1510673775 0.2975880741
v 0.5936172049 -0.152414993 0.2767221815
v 0.6040196963 -0.1550858988 0.258308383
v 0.6193365347 -0.1590185945 0.2416186695
v 0.6385845614 -0.1639606478 0.2257280245
v 0.6601452123 -0.169496482 0.2096744949
v 0.6819577339 -0.1750969857 0.1926138427
v 0.7017736895 -0.1801848583 0.1739457832
v 0.7174406035 -0.1842074381 0.1533939598
v 0.7271783033 -0.1867076545 0.131029462
v 0.7298120125 -0.1873838761 0.1072366678
v 0.7249315034 -0.1861307743 0.08262912911
v 0.7129549781 -0.1830557253 0.0579307755
v 0.6950885939 -0.1784684175 0.03384277912
v 0.6731860753 -0.1728448065 0.01091826945
v 0.6495258687 -0.166769898 -0.01053452932
v 0.6265340676 -0.1608666068 -0.0305049662
v 0.6064884361 -0.1557197635 -0.04927989357
v 0.591241334 -0.151804973 -0.06739085871
v 0.5819968692 -0.1494313979 -0.08551709735
v 0.5791705101 -0.1487057122 -0.1043600998
v 0.5823486138 -0.1495217105 -0.124510321
v 0.5903523161 -0.151576712 -0.1463282216
v 0.6013967023 -0.1544124284 -0.1698599841
v 0.6133239299 -0.15747482 -0.1948031779
v 0.6238796173 -0.1601850598 -0.2205300943
v 0.6309965531 -0.1620123784 -0.2461675342
v 0.6330492909 -0.1625394319 -0.2707228583
v 0.6290474799 -0.1615119414 -0.2932384532
v 0.6187442329 -0.1588665173 -0.3129516227
v 0.6026472729 -0.1547335204 -0.3294351159
v 0.5819334754 -0.1494151211 -0.3426954003
v 0.5582800038 -0.1433419418 -0.3532112059
v 0.5336358463 -0.1370143977 -0.3619030834
v 0.5099648381 -0.1309367157 -0.3700346088
v 0.4889942557 -0.1255523853 -0.3790560142
v 0.4720015061 -0.1211893888 -0.3904099587
v 0.4596655727 -0.1180220594 -0.4053255344
v 0.4520006168 -0.1160540333 -0.4246294303
v 0.4483777749 -0.1151238456 -0.4486019474
v 0.4476293164 -0.1149316741 -0.476900322
v 0.4482185584 -0.1150829657 -0.5085632125
v 0.4484506997 -0.1151425694 -0.5420993552
v 0.4466950952 -0.1146918068 -0.57565178
v 0.4415889949 -0.1133807831 -0.6072181975
v 0.4321963632 -0.1109691652 -0.6348997657
v 0.418102488 -0.1073504731 -0.6571456458
v 0.3994346023 -0.1025573747 -0.6729603155
v 0.3768092858 -0.09674818076 -0.6820446909
v 0.3512174986 -0.09017732664 -0.6848502544
v 0.3238663241 -0.08315473862 -0.68253656
v 0.2960017496 -0.07600033189 -0.6768352297
v 0.268738451 -0.06900030658 -0.6698361475
v 0.2429204196 -0.06237136281 -0.6637222931
v 0.2190308025 -0.05623755166 -0.6604870382
v 0.1971613872 -0.05062244017 -0.661670707
v 0.1770429698 -0.04545690855 -0.6681513036
v 0.1581287665 -0.04060056657 -0.6800177221
v 0.139715393 -0.03587281579 -0.6965433028
v 0.1210808282 -0.03108827277 -0.7162646348
v 0.1016169075 -0.02609078731 -0.7371567415
v 0.08093545461 -0.02078069275 -0.7568830496
v 0.05893188117 -0.01513113532 -0.7730885459
v 0.03579717617 -0.009191152665 -0.7836986208
v 0.01197758808 -0.00307532192 -0.7871850911
v 0.01053967473 -0.002010550484 0.6830194997
v 0.03187227367 -0.006079961371 0.6880369572
v 0.05393220628 -0.01028811858 0.6976306109
v 0.07703329152 -0.01469488627 0.7103409162
v 0.1012443487 -0.01931339242 0.7242075796
v 0.1263522288 -0.02410297672 0.7370202831
v 0.1518748196 -0.0289716713 0.7466001048
v 0.1771233243 -0.03378808117 0.7510753516
v 0.2013051122 -0.03840100391 0.7491164698
v 0.2236516535 -0.04266383464 0.7401002719
v 0.24355155 -0.04645994293 0.7241831406
v 0.2606671749 -0.049724923 0.7022748807
v 0.2750152301 -0.05246196091 0.6759178621
v 0.2869964166 -0.05474749446 0.6470883175
v 0.2973667127 -0.05672573426 0.6179465137
v 0.3071514411 -0.05859227101 0.59056872
v 0.3175120905 -0.06056867059 0.5666956914
v 0.3295834577 -0.06287140704 0.5475295756
v 0.3443039005 -0.06567948168 0.5336041919
v 0.3622635313 -0.06910546448 0.5247435175
v 0.3835936216 -0.07317439682 0.5201113378
v 0.4079154676 -0.07781403709 0.518343013
v 0.4343591111 -0.08285843186 0.5177397715
v 0.4616526715 -0.08806495697 0.5164982658
v 0.4882729696 -0.09314305041 0.5129442713
v 0.5126390269 -0.09779112444 0.5057398204
v 0.5333232534 -0.1017368517 0.4940375856
v 0.5492516931 -0.104775364 0.4775642381
v 0.5598651802 -0.106799995 0.4566246667
v 0.565217689 -0.1078210407 0.432029882
v 0.5659960303 -0.1079695172 0.4049616569
v 0.563455339 -0.1074848544 0.3767950543
v 0.5592761445 -0.1066876304 0.3489049276
v 0.5553596702 -0.105940523 0.322483635
v 0.5535868604 -0.1056023414 0.2983945424
v 0.5555722281 -0.1059810706 0.2770798724
v 0.5624451142 -0.1072921437 0.2585330376
v 0.5746880698 -0.1096276124 0.24233603
v 0.592055118 -0.112940554 0.2277531202
v 0.6135825076 -0.1170471232 0.2138643732
v 0.6376925402 -0.1216463579 0.1997173852
v 0.6623787441 -0.1263555032 0.1844738584
v 0.6854497324 -0.1307565296 0.1675293261
v 0.7048010004 -0.1344479814 0.1485891936
v 0.718679821 -0.137095508 0.127691475
v 0.7259088632 -0.1384745215 0.1051750699
v 0.7260391846 -0.1384993817 0.08160084757
v 0.7194121927 -0.1372352154 0.05763992909
v 0.7071218758 -0.134890712 0.03394833958
v 0.6908815348 -0.1317927013 0.01104894156
v 0.6728116831 -0.1283456927 -0.01075995897
v 0.6551760829 -0.1249815221 -0.03145446479
v 0.6400996678 -0.1221055421 -0.05128534078
v 0.6293044739 -0.1200462487 -0.07072865975
v 0.623897332 -0.1190147812 -0.09039488128
v 0.6242362943 -0.1190794417 -0.1109112164
v 0.6298924747 -0.1201584159 -0.1327966544
v 0.6397115412 -0.122031503 -0.1563505511
v 0.6519661776 -0.1243691999 -0.181573937
v 0.6645791247 -0.1267752482 -0.2081379296
v 0.6753874666 -0.1288370497 -0.2354065108
v 0.6824138083 -0.1301773961 -0.2625125084
v 0.6841095181 -0.13050087 -0.2884771642
v 0.679539312 -0.1296290566 -0.3123564559
v 0.6684845322 -0.1275202445 -0.3333924908
v 0.651453411 -0.1242713844 -0.3511465975
v 0.6295989186 -0.120102417 -0.3655925317
v 0.6045568164 -0.1153253805 -0.3771533157
v 0.5782266883 -0.11030264 -0.3866729825
v 0.5525256654 -0.1053999077 -0.3953238132
v 0.5291474436 -0.1009402733 -0.4044592235
v 0.5093576867 -0.09716517531 -0.415430879
v 0.4938513154 -0.09420717679 -0.4293946294
v 0.4826883224 -0.092077722 -0.4471325258
v 0.4753138982 -0.09067097535 -0.4689170214
v 0.4706573024 -0.08978268219 -0.4944385253
v 0.4672936199 -0.08914102543 -0.5228093742
v 0.4636446703 -0.08844495106 -0.5526470598
v 0.4581909036 -0.08740458943 -0.5822286046
v 0.4496656362 -0.08577830769 -0.609697822
v 0.4372064142 -0.08340158399 -0.6332992748
v 0.4204450734 -0.08020418722 -0.6516082255
v 0.3995271491 -0.07621387976 -0.6637254549
v 0.3750613761 -0.07154678394 -0.6694096766
v 0.34800965 -0.0663863912 -0.6691279481
v 0.3195356843 -0.06095469175 -0.6640150146
v 0.290835617 -0.05547986111 -0.6557445293
v 0.2629753817 -0.05016523699 -0.6463269604
v 0.2367576265 -0.0451639327 -0.6378591165
v 0.2126357351 -0.04056243583 -0.6322571729
v 0.1906849167 -0.03637509327 -0.6310078934
v 0.1706315408 -0.03254970724 -0.6349709459
v 0.1519332204 -0.02898281185 -0.6442590062
v 0.1338948419 -0.02554180711 -0.6582124885
v 0.1158008639 -0.02209019621 -0.6754735256
v 0.09704241196 -0.01851183013 -0.6941508461
v 0.07721919707 -0.01473034965 -0.7120551922
v 0.05620079185 -0.01072087442 -0.7269755023
v 0.03413858344 -0.00651228308 -0.7369605103
v 0.0114277284 -0.002179955781 -0.7405694705
v 0.01111314005 -0.001403916075 0.713048883
v 0.0331835927 -0.004192062641 0.7092490243
v 0.05510173895 -0.006960968433 0.7056986208
v 0.07690684379 -0.009715593774 0.70215014
v 0.09859237757 -0.01245511378 0.6982520784
v 0.1200982837 -0.01517194153 0.693601392
v 0.1413138819 -0.01785209486 0.6878024526
v 0.1620912516 -0.02047688706 0.6805247941
v 0.1822672165 -0.02302570418 0.6715521208
v 0.2016905882 -0.02547944665 0.6608162366
v 0.220250358 -0.02782409083 0.6484115724
v 0.2379002077 -0.03005378537 0.6345885517
v 0.2546751 -0.03217294709 0.6197268114
v 0.2706967659 -0.03419695419 0.604291902
v 0.2861664892 -0.03615123471 0.5887811969
v 0.3013454621 -0.03806878492 0.5736660664
v 0.3165248897 -0.03998639258 0.5593377508
v 0.3319896589 -0.04194004726 0.5460637608
v 0.3479805192 -0.04396016271 0.533960147
v 0.3646601649 -0.04606729198 0.5229828075
v 0.3820882657 -0.04826897312 0.5129384634
v 0.4002094144 -0.05055820657 0.5035133597
v 0.4188562565 -0.05291385054 0.4943154915
v 0.4377679868 -0.05530295768 0.4849245104
v 0.4566222179 -0.05768480097 0.4749426405
v 0.4750762578 -0.06001608837 0.4640400163
v 0.492812371 -0.06225668052 0.4519888218
v 0.5095808458 -0.06437503152 0.438682299
v 0.5252347962 -0.06635258534 0.4241368651
v 0.5397515764 -0.06818648116 0.4084779172
v 0.5532373829 -0.06989013472 0.3919120889
v 0.565913839 -0.07149154354 0.3746904569
v 0.5780878017 -0.07302947267 0.3570682503
v 0.5901079732 -0.07454797347 0.3392668659
v 0.6023138084 -0.07608992904 0.321443423
v 0.6149834131 -0.07769047233 0.3036718082
v 0.6282874512 -0.07937116319 0.2859373633
v 0.6422554537 -0.08113573227 0.2681453254
v 0.6567594201 -0.08296800933 0.2501411423
v 0.6715174099 -0.08483237701 0.23173913
v 0.6861172246 -0.08667676253 0.212754855
v 0.7000576218 -0.08843784423 0.1930362421
v 0.7128021418 -0.09004785153 0.1724887792
v 0.7238388849 -0.09144211643 0.1510912263
v 0.7327386909 -0.09256642339 0.1288997868
v 0.7392042799 -0.09338321723 0.1060405094
v 0.743103998 -0.09387586619 0.08269149227
v 0.7444857483 -0.09405042185 0.05905798898
v 0.7435692183 -0.09393463718 0.03534453642
v 0.7407173103 -0.09357435741 0.01172860087
v 0.736390373 -0.09302773811 -0.01166008766
v 0.7310890574 -0.09235802621 -0.0347513092
v 0.7252930929 -0.09162582561 -0.05753548887
v 0.7194037896 -0.09088183359 -0.08005416882
v 0.7136975711 -0.09016097056 -0.1023815149
v 0.7082963751 -0.08947864082 -0.1246000148
v 0.7031585409 -0.08882958142 -0.1467744942
v 0.69809112 -0.08818941729 -0.1689289047
v 0.6927817546 -0.08751868845 -0.19102997
v 0.6868457418 -0.08676879565 -0.2129807574
v 0.6798819742 -0.08588906722 -0.2346257221
v 0.6715303578 -0.08483401271 -0.2557669759
v 0.6615232117 -0.08356981616 -0.2761897246
v 0.6497240358 -0.0820792336 -0.2956932807
v 0.6361487774 -0.08036427965 -0.3141230242
v 0.6209670874 -0.07844638619 -0.3313983232
v 0.6044837137 -0.07636405183 -0.3475318151
v 0.5871027727 -0.07416832836 -0.3626365392
v 0.5692798302 -0.07191676711 -0.3769190731
v 0.5514682195 -0.06966663741 -0.3906588176
v 0.5340666427 -0.06746830702 -0.4041756234
v 0.5173747753 -0.06535963379 -0.4177897521
v 0.5015623806 -0.06336206379 -0.4317794518
v 0.4866555257 -0.06147889008 -0.4463419967
v 0.4725411421 -0.05969582878 -0.4615637925
v 0.4589887199 -0.0579837597 -0.4774040905
v 0.4456857001 -0.05630319748 -0.4936951226
v 0.4322814248 -0.05460984371 -0.510159277
v 0.418433548 -0.05286045004 -0.5264415928
v 0.4038507018 -0.05101820815 -0.5421536776
v 0.3883259567 -0.04905697675 -0.5569234554
v 0.3717570749 -0.04696384021 -0.5704441813
v 0.3541515208 -0.04473974149 -0.5825160699
v 0.3356163684 -0.04239820721 -0.5930747019
v 0.3163353295 -0.03996244556 -0.602202014
v 0.2965368219 -0.03746131239 -0.6101179261
v 0.2764580852 -0.03492477806 -0.6171532251
v 0.2563106905 -0.03237957022 -0.6237068601
v 0.236252352 -0.02984561278 -0.6301929675
v 0.2163688218 -0.02733373877 -0.6369844264
v 0.1966680155 -0.02484494816 -0.6443603493
v 0.1770866162 -0.02237124216 -0.6524645241
v 0.1575075367 -0.01989782921 -0.6612805007
v 0.1377850439 -0.01740629896 -0.6706269044
v 0.1177732989 -0.01487822765 -0.6801739502
v 0.09735367947 -0.01229862982 -0.6894793564
v 0.07645658057 -0.009658712302 -0.6980392915
v 0.05507436019 -0.006957509692 -0.7053479758
v 0.03326356768 -0.00420216583 -0.7109583683
v 0.01113632002 -0.001406844386 -0.7145361721
v 0.01138017563 -0.0007159799633 0.7258572081
v 0.03384875017 -0.002129582854 0.7191801516
v 0.05558865382 -0.003497341658 0.7077173349
v 0.07631050776 -0.004801050204 0.6925785779
v 0.09591182986 -0.006034260861 0.6752440822
v 0.114504928 -0.007204039447 0.6573808459
v 0.1324076808 -0.008330385179 0.6406366567
v 0.1500977104 -0.009443347507 0.6264380912
v 0.1681363756 -0.01057824413 0.6158182536
v 0.187074028 -0.01176970023 0.6092959381
v 0.2073513108 -0.01304543872 0.6068210423
v 0.2292123885 -0.01442082115 0.6077923244
v 0.2526446763 -0.01589505574 0.6111441574
v 0.2773560287 -0.01744976226 0.615490041
v 0.302794958 -0.01905024403 0.6193034631
v 0.3282130372 -0.02064941402 0.6211121803
v 0.3527621496 -0.02219391326 0.6196806834
v 0.375613637 -0.02363160699 0.6141576471
v 0.3960825335 -0.0249194008 0.6041702218
v 0.4137385692 -0.02603022441 0.5898543805
v 0.4284867781 -0.02695810307 0.5718191613
v 0.440604253 -0.02772046997 0.5510513811
v 0.4507253958 -0.0283572383 0.5287750509
v 0.4597751298 -0.0289265993 0.5062853085
v 0.4688569862 -0.02949798128 0.484779479
v 0.4791096923 -0.03014302687 0.4652075729
v 0.4915508906 -0.03092576072 0.4481612399
v 0.506929158 -0.0318932793 0.4338144365
v 0.5256051302 -0.03306827187 0.4219216788
v 0.5474792577 -0.03444447533 0.4118717889
v 0.5719778987 -0.03598579917 0.4027876094
v 0.5981018413 -0.03762937833 0.393656267
v 0.6245329575 -0.03929228321 0.3834709809
v 0.6497866638 -0.04088111174 0.3713645726
v 0.6723913191 -0.0423032761 0.3567167766
v 0.6910715473 -0.04347853645 0.3392218345
v 0.7049113691 -0.04434926423 0.3189089814
v 0.7134751484 -0.04488805156 0.296115399
v 0.7168694985 -0.04510160596 0.2714179919
v 0.7157367929 -0.04503034217 0.2455359857
v 0.7111798147 -0.0447436414 0.2192200596
v 0.7046261757 -0.04433132138 0.1931450362
v 0.6976492262 -0.04389236893 0.1678219187
v 0.6917681448 -0.04352236265 0.1435415423
v 0.6882529371 -0.04330120453 0.1203568633
v 0.6879597253 -0.0432827572 0.09810475547
v 0.6912180052 -0.0434877508 0.07646205863
v 0.6977849418 -0.04390090743 0.05502544606
v 0.7068731269 -0.04447268757 0.03340120009
v 0.7172486757 -0.04512546177 0.01128972026
v 0.7273873484 -0.04576333299 -0.01144930617
v 0.7356687827 -0.04628435667 -0.03476185368
v 0.7405839085 -0.04659359018 -0.05840045761
v 0.740928876 -0.04661529369 -0.08196104084
v 0.7359605762 -0.04630271476 -0.1049497953
v 0.7254938519 -0.04564420429 -0.1268692942
v 0.7099281084 -0.04466489072 -0.1473097256
v 0.6902002247 -0.04342371747 -0.1660300358
v 0.6676702222 -0.04200624986 -0.1830150422
v 0.6439547989 -0.0405142019 -0.1984980541
v 0.6207304442 -0.03905304935 -0.2129437287
v 0.5995315625 -0.03771932876 -0.2269920162
v 0.5815693758 -0.03658924376 -0.2413702119
v 0.5675943445 -0.03571000932 -0.2567853807
v 0.5578188694 -0.03509498856 -0.2738129517
v 0.5519089514 -0.03472316803 -0.2927985186
v 0.5490443848 -0.03454294478 -0.3137885781
v 0.5480381666 -0.03447963889 -0.3365022307
v 0.5474982992 -0.03444567332 -0.3603502309
v 0.5460100243 -0.034352039 -0.3845009972
v 0.5423143901 -0.0341195294 -0.4079862294
v 0.5354601604 -0.03368829782 -0.4298326573
v 0.5249102029 -0.03302455075 -0.4492020635
v 0.5105900358 -0.0321236022 -0.4655197822
v 0.4928742308 -0.03100901823 -0.4785727118
v 0.4725147542 -0.02972810854 -0.4885614657
v 0.4505229339 -0.02834450048 -0.496097174
v 0.4280225546 -0.0269288966 -0.5021408827
v 0.4060948601 -0.025549323 -0.5078914513
v 0.3856365947 -0.02426219804 -0.514635236
v 0.367249678 -0.02310539129 -0.523576595
v 0.3511760992 -0.02209412743 -0.5356715428
v 0.3372849017 -0.02122016736 -0.5514871699
v 0.3251106794 -0.02045423021 -0.5711066457
v 0.3139358918 -0.01975117217 -0.5940940307
v 0.3029034976 -0.01905707276 -0.619525458
v 0.2911427021 -0.01831714623 -0.6460845092
v 0.2778894653 -0.01748332325 -0.6722109709
v 0.2625849254 -0.0165204432 -0.6962848001
v 0.2449387615 -0.01541024068 -0.716822064
v 0.2249501366 -0.014152663 -0.7326575793
v 0.2028853581 -0.01276446479 -0.7430902826
v 0.1792178154 -0.01127542922 -0.7479718767
v 0.1545411539 -0.009722905272 -0.7477264728
v 0.1294702542 -0.008145577959 -0.7432978357
v 0.1045459165 -0.006577471548 -0.7360302845
v 0.08015804433 -0.005043116686 -0.7274980337
v 0.05649879369 -0.003554602805 -0.7193046233
v 0.03355214127 -0.002110921804 -0.7128781396
v 0.01112040912 -0.0006996368397 -0.7092886243
f 1 101 102
f 1 102 2
f 2 102 103
f 2 103 3
f 3 103 104
f 3 104 4
f 4 104 105
f 4 105 5
f 5 105 106
f 5 106 6
f 6 106 107
f 6 107 7
f 7 107 108
f 7 108 8
f 8 108 109
f 8 109 9
f 9 109 110
f 9 110 10
f 10 110 111
f 10 111 11
f 11 111 112
f 11 112 12
f 12 112 113
f 12 113 13
f 13 113 114
f 13 114 14
f 14 114 115
f 14 115 15
f 15 115 116
f 15 116 16
f 16 116 117
f 16 117 17
f 17 117 118
f 17 118 18
f 18 118 119
f 18 119 19
f 19 119 120
f 19 120 20
f 20 120 121
f 20 121 21
f 21 121 122
f 21 122 22
f 22 122 123
f 22 123 23
f 23 123 124
f 23 124 24
f 24 124 125
f 24 125 25
f 25 125 126
f 25 126 26
f 26 126 127
f 26 127 27
f 27 127 128
f 27 128 28
f 28 128 129
f 28 129 29
f 29 129 130
f 29 130 30
f 30 130 131
f 30 131 31
f 31 131 132
f 31 132 32
f 32 132 133
f 32 133 33
f 33 133 134
f 33 134 34
f 34 134 135
f 34 135 35
f 35 135 136
f 35 136 36
f 36 136 137
f 36 137 37
f 37 137 138
f 37 138 38
f 38 138 139
f 38 139 39
f 39 139 140
f 39 140 40
f 40 140 141
f 40 141 41
f 41 141 142
f 41 142 42
f 42 142 143
f 42 143 43
f 43 143 144
f 43 144 44
f 44 144 145
f 44 145 45
f 45 145 146
f 45 146 46
f 46 146 147
f 46 147 47
f 47 147 148
f 47 148 48
f 48 148 149
f 48 149 49
f 49 149 150
f 49 150 50
f 50 150 151
f 50 151 51
f 51 151 152
f 51 152 52
f 52 152 153
f 52 153 53
f 53 153 154
f 53 154 54
f 54 154 155
f 54 155 55
f 55 155 156
f 55 156 56
f 56 156 157
f 56 157 57
f 57 157 158
f 57 158 58
f 58 158 159
f 58 159 59
f 59 159 160
f 59 160 60
f 60 160 161
f 60 161 61
f 61 161 162
f 61 162 62
f 62 162 163
f 62 163 63
f 63 163 164
f 63 164 64
f 64 164 165
f 64 165 65
f 65 165 166
f 65 166 66
f 66 166 167
f 66 167 67
f 67 167 168
f 67 168 68
f 68 168 169
f 68 169 69
f 69 169 170
f 69 170 70
f 70 170 171
f 70 171 71
f 71 171 172
f 71 172 72
f 72 172 173
f 72 173 73
f 73 173 174
f 73 174 74
f 74 174 175
f 74 175 75
f 75 175 176
f 75 176 76
f 76 176 177
f 76 177 77
f 77 177 178
f 77 178 78
f 78 178 179
f 78 179 79
f 79 179 180
f 79 180 80
f 80 180 181
f 80 181 81
f 81 181 182
f 81 182 82
f 82 182 183
f 82 183 83
f 83 183 184
f 83 184 84
f 84 184 185
f 84 185 85
f 85 185 186
f 85 186 86
f 86 186 187
f 86 187 87
f 87 187 188
f 87 188 88
f 88 188 189
f 88 189 89
f 89 189 190
f 89 190 90
f 90 190 191
f 90 191 91
f 91 191 192
f 91 192 92
f 92 192 193
f 92 193 93
f 93 193 194
f 93 194 94
f 94 194 195
f 94 195 95
f 95 195 196
f 95 196 96
f 96 196 197
f 96 197 97
f 97 197 198
f 97 198 98
f 98 198 199
f 98 199 99
f 99 199 200
f 99 200 100
f 100 200 101
f 100 101 1
f 101 201 202
f 101 202 102
f 102 202 203
f 102 203 103
f 103 203 204
f 103 204 104
f 104 204 205
f 104 205 105
f 105 205 206
f 105 206 106
f 106 206 207
f 106 207 107
f 107 207 208
f 107 208 108
f 108 208 209
f 108 209 109
f 109 209 210
f 109 210 110
f 110 210 211
f 110 211 111
f 111 211 212
f 111 212 112
f 112 212 213
f 112 213 113
f 113 213 214
f 113 214 114
f 114 214 215
f 114 215 115
f 115 215 216
f 115 216 116
f 116 216 217
f 116 217 117
f 117 217 218
f 117 218 118
f 118 218 219
f 118 219 119
f 119 219 220
f 119 220 120
f 120 220 221
f 120 221 121
f 121 221 222
f 121 222 122
f 122 222 223
f 122 223 123
f 123 223 224
f 123 224 124
f 124 224 225
f 124 225 125
f 125 225 226
f 125 226 126
f 126 226 227
f 126 227 127
f 127 227 228
f 127 228 128
f 128 228 229
f 128 229 129
f 129 229 230
f 129 230 130
f 130 230 231
f 130 231 131
f 131 231 232
f 131 232 132
f 132 232 233
f 132 233 133
f 133 233 234
f 133 234 134
f 134 234 235
f 134 235 135
f 135 235 236
f 135 236 136
f 136 236 237
f 136 237 137
f 137 237 238
f 137 238 138
f 138 238 239
f 138 239 139
f 139 239 240
f 139 240 140
f 140 240 241
f 140 241 141
f 141 241 242
f 141 242 142
f 142 242 243
f 142 243 143
f 143 243 244
f 143 244 144
f 144 244 245
f 144 245 145
f 145 245 246
f 145 246 146
f 146 246 247
f 146 247 147
f 147 247 248
f 147 248 148
f 148 248 249
f 148 249 149
f 149 249 250
f 149 250 150
f 150 250 251
f 150 251 151
f 151 251 252
f 151 252 152
f 152 252 253
f 152 253 153
f 153 253 254
f 153 254 154
f 154 254 255
f 154 255 155
f 155 255 256
f 155 256 156
f 156 256 257
f 156 257 157
f 157 257 258
f 157 258 158
f 158 258 259
f 158 259 159
f 159 259 260
f 159 260 160
f 160 260 261
f 160 261 161
f 161 261 262
f 161 262 162
f 162 262 263
f 162 263 163
f 163 263 264
f 163 264 164
f 164 264 265
f 164 265 165
f 165 265 266
f 165 266 166
f 166 266 267
f 166 267 167
f 167 267 268
f 167 268 168
f 168 268 269
f 168 269 169
f 169 269 270
f 169 270 170
f 170 270 271
f 170 271 171
f 171 271 272
f 171 272 172
f 172 272 273
f 172 273 173
f 173 273 274
f 173 274 174
f 174 274 275
f 174 275 175
f 175 275 276
f 175 276 176
f 176 276 277
f 176 277 177
f 177 277 278
f 177 278 178
f 178 278 279
f 178 279 179
f 179 279 280
f 179 280 180
f 180 280 281
f 180 281 181
f 181 281 282
f 181 282 182
f 182 282 283
f 182 283 183
f 183 283 284
f 183 284 184
f 184 284 285
f 184 285 185
f 185 285 286
f 185 286 186
f 186 286 287
f 186 287 187
f 187 287 288
f 187 288 188
f 188 288 289
f 188 289 189
f 189 289 290
f 189 290 190
f 190 290 291
f 190 291 191
f 191 291 292
f 191 292 192
f 192 292 293
f 192 293 193
f 193 293 294
f 193 294 194
f 194 294 295
f 194 295 195
f 195 295 296
f 195 296 196
f 196 296 297
f 196 297 197
f 197 297 298
f 197 298 198
f 198 298 299
f 198 299 199
f 199 299 300
f 199 300 200
f 200 300 201
f 200 201 101
f 201 301 302
f 201 302 202
f 202 302 303
f 202 303 203
f 203 303 304
f 203 304 204
f 204 304 305
f 204 305 205
f 205 305 306
f 205 306 206
f 206 306 307
f 206 307 207
f 207 307 308
f 207 308 208
f 208 308 309
f 208 309 209
f 209 309 310
f 209 310 210
f 210 310 311
f 210 311 211
f 211 311 312
f 211 312 212
f 212 312 313
f 212 313 213
f 213 313 314
f 213 314 214
f 214 314 315
f 214 315 215
f 215 315 316
f 215 316 216
f 216 316 317
f 216 317 217
f 217 317 318
f 217 318 218
f 218 318 319
f 218 319 219
f 219 319 320
f 219 320 220
f 220 320 321
f 220 321 221
f 221 321 322
f 221 322 222
f 222 322 323
f 222 323 223
f 223 323 324
f 223 324 224
f 224 324 325
f 224 325 225
f 225 325 326
f 225 326 226
f 226 326 327
f 226 327 227
f 227 327 328
f 227 328 228
f 228 328 329
f 228 329 229
f 229 329 330
f 229 330 230
f 230 330 331
f 230 331 231
f 231 331 332
f 231 332 232
f 232 332 333
f 232 333 233
f 233 333 334
f 233 334 234
f 234 334 335
f 234 335 235
f 235 335 336
f 235 336 236
f 236 336 337
f 236 337 237
f 237 337 338
f 237 338 238
f 238 338 339
f 238 339 239
f 239 339 340
f 239 340 240
f 240 340 341
f 240 341 241
f 241 341 342
f 241 342 242
f 242 342 343
f 242 343 243
f 243 343 344
f 243 344 244
f 244 344 345
f 244 345 245
f 245 345 346
f 245 346 246
f 246 346 347
f 246 347 247
f 247 347 348
f 247 348 248
f 248 348 349
f 248 349 249
f 249 349 350
f 249 350 250
f 250 350 351
f 250 351 251
f 251 351 352
f 251 352 252
f 252 352 353
f 252 353 253
f 253 353 354
f 253 354 254
f 254 354 355
f 254 355 255
f 255 355 356
f 255 356 256
f 256 356 357
f 256 357 257
f 257 357 358
f 257 358 258
f 258 358 359
f 258 359 259
f 259 359 360
f 259 360 260
f 260 360 361
f 260 361 261
f 261 361 362
f 261 362 262
f 262 362 363
f 262 363 263
f 263 363 364
f 263 364 264
f 264 364 365
f 264 365 265
f 265 365 366
f 265 366 266
f 266 366 367
f 266 367 267
f 267 367 368
f 267 368 268
f 268 368 369
f 268 369 269
f 269 369 370
f 269 370 270
f 270 370 371
f 270 371 271
f 271 371 372
f 271 372 272
f 272 372 373
f 272 373 273
f 273 373 374
f 273 374 274
f 274 374 375
f 274 375 275
f 275 375 376
f 275 376 276
f 276 376 377
f 276 377 277
f 277 377 378
f 277 378 278
f 278 378 379
f 278 379 279
f 279 379 380
f 279 380 280
f 280 380 381
f 280 381 281
f 281 381 382
f 281 382 282
f 282 382 383
f 282 383 283
f 283 383 384
f 283 384 284
f 284 384 385
f 284 385 285
f 285 385 386
f 285 386 286
f 286 386 387
f 286 387 287
f 287 387 388
f 287 388 288
f 288 388 389
f 288 389 289
f 289 389 390
f 289 390 290
f 290 390 391
f 290 391 291
f 291 391 392
f 291 392 292
f 292 392 393
f 292 393 293
f 293 393 394
f 293 394 294
f 294 394 395
f 294 395 295
f 295 395 396
f 295 396 296
f 296 396 397
f 296 397 297
f 297 397 398
f 297 398 298
f 298 398 399
f 298 399 299
f 299 399 400
f 299 400 300
f 300 400 301
f 300 301 201
f 301 401 402
f 301 402 302
f 302 402 403
f 302 403 303
f 303 403 404
f 303 404 304
f 304 404 405
f 304 405 305
f 305 405 406
f 305 406 306
f 306 406 407
f 306 407 307
f 307 407 408
f 307 408 308
f 308 408 409
f 308 409 309
f 309 409 410
f 309 410 310
f 310 410 411
f 310 411 311
f 311 411 412
f 311 412 312
f 312 412 413
f 312 413 313
f 313 413 414
f 313 414 314
f 314 414 415
f 314 415 315
f 315 415 416
f 315 416 316
f 316 416 417
f 316 417 317
f 317 417 418
f 317 418 318
f 318 418 419
f 318 419 319
f 319 419 420
f 319 420 320
f 320 420 421
f 320 421 321
f 321 421 422
f 321 422 322
f 322 422 423
f 322 423 323
f 323 423 424
f 323 424 324
f 324 424 425
f 324 425 325
f 325 425 426
f 325 426 326
f 326 426 427
f 326 427 327
f 327 427 428
f 327 428 328
f 328 428 429
f 328 429 329
f 329 429 430
f 329 430 330
f 330 430 431
f 330 431 331
f 331 431 432
f 331 432 332
f 332 432 433
f 332 433 333
f 333 433 434
f 333 434 334
f 334 434 435
f 334 435 335
f 335 435 436
f 335 436 336
f 336 436 437
f 336 437 337
f 337 437 438
f 337 438 338
f 338 438 439
f 338 439 339
f 339 439 440
f 339 440 340
f 340 440 441
f 340 441 341
f 341 441 442
f 341 442 342
f 342 442 443
f 342 443 343
f 343 443 444
f 343 444 344
f 344 444 445
f 344 445 345
f 345 445 446
f 345 446 346
f 346 446 447
f 346 447 347
f 347 447 448
f 347 448 348
f 348 448 449
f 348 449 349
f 349 449 450
f 349 450 350
f 350 450 451
f 350 451 351
f 351 451 452
f 351 452 352
f 352 452 453
f 352 453 353
f 353 453 454
f 353 454 354
f 354 454 455
f 354 455 355
f 355 455 456
f 355 456 356
f 356 456 457
f 356 457 357
f 357 457 458
f 357 458 358
f 358 458 459
f 358 459 359
f 359 459 460
f 359 460 360
f 360 460 461
f 360 461 361
f 361 461 462
f 361 462 362
f 362 462 463
f 362 463 363
f 363 463 464
f 363 464 364
f 364 464 465
f 364 465 365
f 365 465 466
f 365 466 366
f 366 466 467
f 366 467 367
f 367 467 468
f 367 468 368
f 368 468 469
f 368 469 369
f 369 469 470
f 369 470 370
f 370 470 471
f 370 471 371
f 371 471 472
f 371 472 372
f 372 472 473
f 372 473 373
f 373 473 474
f 373 474 374
f 374 474 475
f 374 475 375
f 375 475 476
f 375 476 376
f 376 476 477
f 376 477 377
f 377 477 478
f 377 478 378
f 378 478 479
f 378 479 379
f 379 479 480
f 379 480 380
f 380 480 481
f 380 481 381
f 381 481 482
f 381 482 382
f 382 482 483
f 382 483 383
f 383 483 484
f 383 484 384
f 384 484 485
f 384 485 385
f 385 485 486
f 385 486 386
f 386 486 487
f 386 487 387
f 387 487 488
f 387 488 388
f 388 488 489
f 388 489 389
f 389 489 490
f 389 490 390
f 390 490 491
f 390 491 391
f 391 491 492
f 391 492 392
f 392 492 493
f 392 493 393
f 393 493 494
f 393 494 394
f 394 494 495
f 394 495 395
f 395 495 496
f 395 496 396
f 396 496 497
f 396 497 397
f 397 497 498
f 397 498 398
f 398 498 499
f 398 499 399
f 399 499 500
f 399 500 400
f 400 500 401
f 400 401 301
f 401 501 502
f 401 502 402
f 402 502 503
f 402 503 403
f 403 503 504
f 403 504 404
f 404 504 505
f 404 505 405
f 405 505 506
f 405 506 406
f 406 506 507
f 406 507 407
f 407 507 508
f 407 508 408
f 408 508 509
f 408 509 409
f 409 509 510
f 409 510 410
f 410 510 511
f 410 511 411
f 411 511 512
f 411 512 412
f 412 512 513
f 412 513 413
f 413 513 514
f 413 514 414
f 414 514 515
f 414 515 415
f 415 515 516
f 415 516 416
f 416 516 517
f 416 517 417
f 417 517 518
f 417 518 418
f 418 518 519
f 418 519 419
f 419 519 520
f 419 520 420
f 420 520 521
f 420 521 421
f 421 521 522
f 421 522 422
f 422 522 523
f 422 523 423
f 423 523 524
f 423 524 424
f 424 524 525
f 424 525 425
f 425 525 526
f 425 526 426
f 426 526 527
f 426 527 427
f 427 527 528
f 427 528 428
f 428 528 529
f 428 529 429
f 429 529 530
f 429 530 430
f 430 530 531
f 430 531 431
f 431 531 532
f 431 532 432
f 432 532 533
f 432 533 433
f 433 533 534
f 433 534 434
f 434 534 535
f 434 535 435
f 435 535 536
f 435 536 436
f 436 536 537
f 436 537 437
f 437 537 538
f 437 538 438
f 438 538 539
f 438 539 439
f 439 539 540
f 439 540 440
f 440 540 541
f 440 541 441
f 441 541 542
f 441 542 442
f 442 542 543
f 442 543 443
f 443 543 544
f 443 544 444
f 444 544 545
f 444 545 445
f 445 545 546
f 445 546 446
f 446 546 547
f 446 547 447
f 447 547 548
f 447 548 448
f 448 548 549
f 448 549 449
f 449 549 550
f 449 550 450
f 450 550 551
f 450 551 451
f 451 551 552
f 451 552 452
f 452 552 553
f 452 553 453
f 453 553 554
f 453 554 454
f 454 554 555
f 454 555 455
f 455 555 556
f 455 556 456
f 456 556 557
f 456 557 457
f 457 557 558
f 457 558 458
f 458 558 559
f 458 559 459
f 459 559 560
f 459 560 460
f 460 560 561
f 460 561 461
f 461 561 562
f 461 562 462
f 462 562 563
f 462 563 463
f 463 563 564
f 463 564 464
f 464 564 565
f 464 565 465
f 465 565 566
f 465 566 466
f 466 566 567
f 466 567 467
f 467 567 568
f 467 568 468
f 468 568 569
f 468 569 469
f 469 569 570
f 469 570 470
f 470 570 571
f 470 571 471
f 471 571 572
f 471 572 472
f 472 572 573
f 472 573 473
f 473 573 574
f 473 574 474
f 474 574 575
f 474 575 475
f 475 575 576
f 475 576 476
f 476 576 577
f 476 577 477
f 477 577 578
f 477 578 478
f 478 578 579
f 478 579 479
f 479 579 580
f 479 580 480
f 480 580 581
f 480 581 481
f 481 581 582
f 481 582 482
f 482 582 583
f 482 583 483
f 483 583 584
f 483 584 484
f 484 584 585
f 484 585 485
f 485 585 586
f 485 586 486
f 486 586 587
f 486 587 487
f 487 587 588
f 487 588 488
f 488 588 589
f 488 589 489
f 489 589 590
f 489 590 490
f 490 590 591
f 490 591 491
f 491 591 592
f 491 592 492
f 492 592 593
f 492 593 493
f 493 593 594
f 493 594 494
f 494 594 595
f 494 595 495
f 495 595 596
f 495 596 496
f 496 596 597
f 496 597 497
f 497 597 598
f 497 598 498
f 498 598 599
f 498 599 499
f 499 599 600
f 499 600 500
f 500 600 501
f 500 501 401
f 501 601 602
f 501 602 502
f 502 602 603
f 502 603 503
f 503 603 604
f 503 604 504
f 504 604 605
f 504 605 505
f 505 605 606
f 505 606 506
f 506 606 607
f 506 607 507
f 507 607 608
f 507 608 508
f 508 608 609
f 508 609 509
f 509 609 610
f 509 610 510
f 510 610 611
f 510 611 511
f 511 611 612
f 511 612 512
f 512 612 613
f 512 613 513
f 513 613 614
f 513 614 514
f 514 614 615
f 514 615 515
f 515 615 616
f 515 616 516
f 516 616 617
f 516 617 517
f 517 617 618
f 517 618 518
f 518 618 619
f 518 619 519
f 519 619 620
f 519 620 520
f 520 620 621
f 520 621 521
f 521 621 622
f 521 622 522
f 522 622 623
f 522 623 523
f 523 623 624
f 523 624 524
f 524 624 625
f 524 625 525
f 525 625 626
f 525 626 526
f 526 626 627
f 526 627 527
f 527 627 628
f 527 628 528
f 528 628 629
f 528 629 529
f 529 629 630
f 529 630 530
f 530 630 631
f 530 631 531
f 531 631 632
f 531 632 532
f 532 632 633
f 532 633 533
f 533 633 634
f 533 634 534
f 534 634 635
f 534 635 535
f 535 635 636
f 535 636 536
f 536 636 637
f 536 637 537
f 537 637 638
f 537 638 538
f 538 638 639
f 538 639 539
f 539 639 640
f 539 640 540
f 540 640 641
f 540 641 541
f 541 641 642
f 541 642 542
f 542 642 643
f 542 643 543
f 543 643 644
f 543 644 544
f 544 644 645
f 544 645 545
f 545 645 646
f 545 646 546
f 546 646 647
f 546 647 547
f 547 647 648
f 547 648 548
f 548 648 649
f 548 649 549
f 549 649 650
f 549 650 550
f 550 650 651
f 550 651 551
f 551 651 652
f 551 652 552
f 552 652 653
f 552 653 553
f 553 653 654
f 553 654 554
f 554 654 655
f 554 655 555
f 555 655 656
f 555 656 556
f 556 656 657
f 556 657 557
f 557 657 658
f 557 658 558
f 558 658 659
f 558 659 559
f 559 659 660
f 559 660 560
f 560 660 661
f 560 661 561
f 561 661 662
f 561 662 562
f 562 662 663
f 562 663 563
f 563 663 664
f 563 664 564
f 564 664 665
f 564 665 565
f 565 665 666
f 565 666 566
f 566 666 667
f 566 667 567
f 567 667 668
f 567 668 568
f 568 668 669
f 568 669 569
f 569 669 670
f 569 670 570
f 570 670 671
f 570 671 571
f 571 671 672
f 571 672 572
f 572 672 673
f 572 673 573
f 573 673 674
f 573 674 574
f 574 674 675
f 574 675 575
f 575 675 676
f 575 676 576
f 576 676 677
f 576 677 577
f 577 677 678
f 577 678 578
f 578 678 679
f 578 679 579
f 579 679 680
f 579 680 580
f 580 680 681
f 580 681 581
f 581 681 682
f 581 682 582
f 582 682 683
f 582 683 583
f 583 683 684
f 583 684 584
f 584 684 685
f 584 685 585
f 585 685 686
f 585 686 586
f 586 686 687
f 586 687 587
f 587 687 688
f 587 688 588
f 588 688 689
f 588 689 589
f 589 689 690
f 589 690 590
f 590 690 691
f 590 691 591
f 591 691 692
f 591 692 592
f 592 692 693
f 592 693 593
f 593 693 694
f 593 694 594
f 594 694 695
f 594 695 595
f 595 695 696
f 595 696 596
f 596 696 697
f 596 697 597
f 597 697 698
f 597 698 598
f 598 698 699
f 598 699 599
f 599 699 700
f 599 700 600
f 600 700 601
f 600 601 501
f 601 701 702
f 601 702 602
f 602 702 703
f 602 703 603
f 603 703 704
f 603 704 604
f 604 704 705
f 604 705 605
f 605 705 706
f 605 706 606
f 606 706 707
f 606 707 607
f 607 707 708
f 607 708 608
f 608 708 709
f 608 709 609
f 609 709 710
f 609 710 610
f 610 710 711
f 610 711 611
f 611 711 712
f 611 712 612
f 612 712 713
f 612 713 613
f 613 713 714
f 613 714 614
f 614 714 715
f 614 715 615
f 615 715 716
f 615 716 616
f 616 716 717
f 616 717 617
f 617 717 718
f 617 718 618
f 618 718 719
f 618 719 619
f 619 719 720
f 619 720 620
f 620 720 721
f 620 721 621
f 621 721 722
f 621 722 622
f 622 722 723
f 622 723 623
f 623 723 724
f 623 724 624
f 624 724 725
f 624 725 625
f 625 725 726
f 625 726 626
f 626 726 727
f 626 727 627
f 627 727 728
f 627 728 628
f 628 728 729
f 628 729 629
f 629 729 730
f 629 730 630
f 630 730 731
f 630 731 631
f 631 731 732
f 631 732 632
f 632 732 733
f 632 733 633
f 633 733 734
f 633 734 634
f 634 734 735
f 634 735 635
f 635 735 736
f 635 736 636
f 636 736 737
f 636 737 637
f 637 737 738
f 637 738 638
f 638 738 739
f 638 739 639
f 639 739 740
f 639 740 640
f 640 740 741
f 640 741 641
f 641 741 742
f 641 742 642
f 642 742 743
f 642 743 643
f 643 743 744
f 643 744 644
f 644 744 745
f 644 745 645
f 645 745 746
f 645 746 646
f 646 746 747
f 646 747 647
f 647 747 748
f 647 748 648
f 648 748 749
f 648 749 649
f 649 749 750
f 649 750 650
f 650 750 751
f 650 751 651
f 651 751 752
f 651 752 652
f 652 752 753
f 652 753 653
f 653 753 754
f 653 754 654
f 654 754 755
f 654 755 655
f 655 755 756
f 655 756 656
f 656 756 757
f 656 757 657
f 657 757 758
f 657 758 658
f 658 758 759
f 658 759 659
f 659 759 760
f 659 760 660
f 660 760 761
f 660 761 661
f 661 761 762
f 661 762 662
f 662 762 763
f 662 763 663
f 663 763 764
f 663 764 664
f 664 764 765
f 664 765 665
f 665 765 766
f 665 766 666
f 666 766 767
f 666 767 667
f 667 767 768
f 667 768 668
f 668 768 769
f 668 769 669
f 669 769 770
f 669 770 670
f 670 770 771
f 670 771 671
f 671 771 772
f 671 772 672
f 672 772 773
f 672 773 673
f 673 773 774
f 673 774 674
f 674 774 775
f 674 775 675
f 675 775 776
f 675 776 676
f 676 776 777
f 676 777 677
f 677 777 778
f 677 778 678
f 678 778 779
f 678 779 679
f 679 779 780
f 679 780 680
f 680 780 781
f 680 781 681
f 681 781 782
f 681 782 682
f 682 782 783
f 682 783 683
f 683 783 784
f 683 784 684
f 684 784 785
f 684 785 685
f 685 785 786
f 685 786 686
f 686 786 787
f 686 787 687
f 687 787 788
f 687 788 688
f 688 788 789
f 688 789 689
f 689 789 790
f 689 790 690
f 690 790 791
f 690 791 691
f 691 791 792
f 691 792 692
f 692 792 793
f 692 793 693
f 693 793 794
f 693 794 694
f 694 794 795
f 694 795 695
f 695 795 796
f 695 796 696
f 696 796 797
f 696 797 697
f 697 797 798
f 697 798 698
f 698 798 799
f 698 799 699
f 699 799 800
f 699 800 700
f 700 800 701
f 700 701 601
f 701 801 802
f 701 802 702
f 702 802 803
f 702 803 703
f 703 803 804
f 703 804 704
f 704 804 805
f 704 805 705
f 705 805 806
f 705 806 706
f 706 806 807
f 706 807 707
f 707 807 808
f 707 808 708
f 708 808 809
f 708 809 709
f 709 809 810
f 709 810 710
f 710 810 811
f 710 811 711
f 711 811 812
f 711 812 712
f 712 812 813
f 712 813 713
f 713 813 814
f 713 814 714
f 714 814 815
f 714 815 715
f 715 815 816
f 715 816 716
f 716 816 817
f 716 817 717
f 717 817 818
f 717 818 718
f 718 818 819
f 718 819 719
f 719 819 820
f 719 820 720
f 720 820 821
f 720 821 721
f 721 821 822
f 721 822 722
f 722 822 823
f 722 823 723
f 723 823 824
f 723 824 724
f 724 824 825
f 724 825 725
f 725 825 826
f 725 826 726
f 726 826 827
f 726 827 727
f 727 827 828
f 727 828 728
f 728 828 829
f 728 829 729
f 729 829 830
f 729 830 730
f 730 830 831
f 730 831 731
f 731 831 832
f 731 832 732
f 732 832 833
f 732 833 733
f 733 833 834
f 733 834 734
f 734 834 835
f 734 835 735
f 735 835 836
f 735 836 736
f 736 836 837
f 736 837 737
f 737 837 838
f 737 838 738
f 738 838 839
f 738 839 739
f 739 839 840
f 739 840 740
f 740 840 841
f 740 841 741
f 741 841 842
f 741 842 742
f 742 842 843
f 742 843 743
f 743 843 844
f 743 844 744
f 744 844 845
f 744 845 745
f 745 845 846
f 745 846 746
f 746 846 847
f 746 847 747
f 747 847 848
f 747 848 748
f 748 848 849
f 748 849 749
f 749 849 850
f 749 850 750
f 750 850 851
f 750 851 751
f 751 851 852
f 751 852 752
f 752 852 853
f 752 853 753
f 753 853 854
f 753 854 754
f 754 854 855
f 754 855 755
f 755 855 856
f 755 856 756
f 756 856 857
f 756 857 757
f 757 857 858
f 757 858 758
f 758 858 859
f 758 859 759
f 759 859 860
f 759 860 760
f 760 860 861
f 760 861 761
f 761 861 862
f 761 862 762
f 762 862 863
f 762 863 763
f 763 863 864
f 763 864 764
f 764 864 865
f 764 865 765
f 765 865 866
f 765 866 766
f 766 866 867
f 766 867 767
f 767 867 868
f 767 868 768
f 768 868 869
f 768 869 769
f 769 869 870
f 769 870 770
f 770 870 871
f 770 871 771
f 771 871 872
f 771 872 772
f 772 872 873
f 772 873 773
f 773 873 874
f 773 874 774
f 774 874 875
f 774 875 775
f 775 875 876
f 775 876 776
f 776 876 877
f 776 877 777
f 777 877 878
f 777 878 778
f 778 878 879
f 778 879 779
f 779 879 880
f 779 880 780
f 780 880 881
f 780 881 781
f 781 881 882
f 781 882 782
f 782 882 883
f 782 883 783
f 783 883 884
f 783 884 784
f 784 884 885
f 784 885 785
f 785 885 886
f 785 886 786
f 786 886 887
f 786 887 787
f 787 887 888
f 787 888 788
f 788 888 889
f 788 889 789
f 789 889 890
f 789 890 790
f 790 890 891
f 790 891 791
f 791 891 892
f 791 892 792
f 792 892 893
f 792 893 793
f 793 893 894
f 793 894 794
f 794 894 895
f 794 895 795
f 795 895 896
f 795 896 796
f 796 896 897
f 796 897 797
f 797 897 898
f 797 898 798
f 798 898 899
f 798 899 799
f 799 899 900
f 799 900 800
f 800 900 801
f 800 801 701
f 801 901 902
f 801 902 802
f 802 902 903
f 802 903 803
f 803 903 904
f 803 904 804
f 804 904 905
f 804 905 805
f 805 905 906
f 805 906 806
f 806 906 907
f 806 907 807
f 807 907 908
f 807 908 808
f 808 908 909
f 808 909 809
f 809 909 910
f 809 910 810
f 810 910 911
f 810 911 811
f 811 911 912
f 811 912 812
f 812 912 913
f 812 913 813
f 813 913 914
f 813 914 814
f 814 914 915
f 814 915 815
f 815 915 916
f 815 916 816
f 816 916 917
f 816 917 817
f 817 917 918
f 817 918 818
f 818 918 919
f 818 919 819
f 819 919 920
f 819 920 820
f 820 920 921
f 820 921 821
f 821 921 922
f 821 922 822
f 822 922 923
f 822 923 823
f 823 923 924
f 823 924 824
f 824 924 925
f 824 925 825
f 825 925 926
f 825 926 826
f 826 926 927
f 826 927 827
f 827 927 928
f 827 928 828
f 828 928 929
f 828 929 829
f 829 929 930
f 829 930 830
f 830 930 931
f 830 931 831
f 831 931 932
f 831 932 832
f 832 932 933
f 832 933 833
f 833 933 934
f 833 934 834
f 834 934 935
f 834 935 835
f 835 935 936
f 835 936 836
f 836 936 937
f 836 937 837
f 837 937 938
f 837 938 838
f 838 938 939
f 838 939 839
f 839 939 940
f 839 940 840
f 840 940 941
f 840 941 841
f 841 941 942
f 841 942 842
f 842 942 943
f 842 943 843
f 843 943 944
f 843 944 844
f 844 944 945
f 844 945 845
f 845 945 946
f 845 946 846
f 846 946 947
f 846 947 847
f 847 947 948
f 847 948 848
f 848 948 949
f 848 949 849
f 849 949 950
f 849 950 850
f 850 950 951
f 850 951 851
f 851 951 952
f 851 952 852
f 852 952 953
f 852 953 853
f 853 953 954
f 853 954 854
f 854 954 955
f 854 955 855
f 855 955 956
f 855 956 856
f 856 956 957
f 856 957 857
f 857 957 958
f 857 958 858
f 858 958 959
f 858 959 859
f 859 959 960
f 859 960 860
f 860 960 961
f 860 961 861
f 861 961 962
f 861 962 862
f 862 962 963
f 862 963 863
f 863 963 964
f 863 964 864
f 864 964 965
f 864 965 865
f 865 965 966
f 865 966 866
f 866 966 967
f 866 967 867
f 867 967 968
f 867 968 868
f 868 968 969
f 868 969 869
f 869 969 970
f 869 970 870
f 870 970 971
f 870 971 871
f 871 971 972
f 871 972 872
f 872 972 973
f 872 973 873
f 873 973 974
f 873 974 874
f 874 974 975
f 874 975 875
f 875 975 976
f 875 976 876
f 876 976 977
f 876 977 877
f 877 977 978
f 877 978 878
f 878 978 979
f 878 979 879
f 879 979 980
f 879 980 880
f 880 980 981
f 880 981 881
f 881 981 982
f 881 982 882
f 882 982 983
f 882 983 883
f 883 983 984
f 883 984 884
f 884 984 985
f 884 985 885
f 885 985 986
f 885 986 886
f 886 986 987
f 886 987 887
f 887 987 988
f 887 988 888
f 888 988 989
f 888 989 889
f 889 989 990
f 889 990 890
f 890 990 991
f 890 991 891
f 891 991 992
f 891 992 892
f 892 992 993
f 892 993 893
f 893 993 994
f 893 994 894
f 894 994 995
f 894 995 895
f 895 995 996
f 895 996 896
f 896 996 997
f 896 997 897
f 897 997 998
f 897 998 898
f 898 998 999
f 898 999 899
f 899 999 1000
f 899 1000 900
f 900 1000 901
f 900 901 801
f 901 1001 1002
f 901 1002 902
f 902 1002 1003
f 902 1003 903
f 903 1003 1004
f 903 1004 904
f 904 1004 1005
f 904 1005 905
f 905 1005 1006
f 905 1006 906
f 906 1006 1007
f 906 1007 907
f 907 1007 1008
f 907 1008 908
f 908 1008 1009
f 908 1009 909
f 909 1009 1010
f 909 1010 910
f 910 1010 1011
f 910 1011 911
f 911 1011 1012
f 911 1012 912
f 912 1012 1013
f 912 1013 913
f 913 1013 1014
f 913 1014 914
f 914 1014 1015
f 914 1015 915
f 915 1015 1016
f 915 1016 916
f 916 1016 1017
f 916 1017 917
f 917 1017 1018
f 917 1018 918
f 918 1018 1019
f 918 1019 919
f 919 1019 1020
f 919 1020 920
f 920 1020 1021
f 920 1021 921
f 921 1021 1022
f 921 1022 922
f 922 1022 1023
f 922 1023 923
f 923 1023 1024
f 923 1024 924
f 924 1024 1025
f 924 1025 925
f 925 1025 1026
f 925 1026 926
f 926 1026 1027
f 926 1027 927
f 927 1027 1028
f 927 1028 928
f 928 1028 1029
f 928 1029 929
f 929 1029 1030
f 929 1030 930
f 930 1030 1031
f 930 1031 931
f 931 1031 1032
f 931 1032 932
f 932 1032 1033
f 932 1033 933
f 933 1033 1034
f 933 1034 934
f 934 1034 1035
f 934 1035 935
f 935 1035 1036
f 935 1036 936
f 936 1036 1037
f 936 1037 937
f 937 1037 1038
f 937 1038 938
f 938 1038 1039
f 938 1039 939
f 939 1039 1040
f 939 1040 940
f 940 1040 1041
f 940 1041 941
f 941 1041 1042
f 941 1042 942
f 942 1042 1043
f 942 1043 943
f 943 1043 1044
f 943 1044 944
f 944 1044 1045
f 944 1045 945
f 945 1045 1046
f 945 1046 946
f 946 1046 1047
f 946 1047 947
f 947 1047 1048
f 947 1048 948
f 948 1048 1049
f 948 1049 949
f 949 1049 1050
f 949 1050 950
f 950 1050 1051
f 950 1051 951
f 951 1051 1052
f 951 1052 952
f 952 1052 1053
f 952 1053 953
f 953 1053 1054
f 953 1054 954
f 954 1054 1055
f 954 1055 955
f 955 1055 1056
f 955 1056 956
f 956 1056 1057
f 956 1057 957
f 957 1057 1058
f 957 1058 958
f 958 1058 1059
f 958 1059 959
f 959 1059 1060
f 959 1060 960
f 960 1060 1061
f 960 1061 961
f 961 1061 1062
f 961 1062 962
f 962 1062 1063
f 962 1063 963
f 963 1063 1064
f 963 1064 964
f 964 1064 1065
f 964 1065 965
f 965 1065 1066
f 965 1066 966
f 966 1066 1067
f 966 1067 967
f 967 1067 1068
f 967 1068 968
f 968 1068 1069
f 968 1069 969
f 969 1069 1070
f 969 1070 970
f 970 1070 1071
f 970 1071 971
f 971 1071 1072
f 971 1072 972
f 972 1072 1073
f 972 1073 973
f 973 1073 1074
f 973 1074 974
f 974 1074 1075
f 974 1075 975
f 975 1075 1076
f 975 1076 976
f 976 1076 1077
f 976 1077 977
f 977 1077 1078
f 977 1078 978
f 978 1078 1079
f 978 1079 979
f 979 1079 1080
f 979 1080 980
f 980 1080 1081
f 980 1081 981
f 981 1081 1082
f 981 1082 982
f 982 1082 1083
f 982 1083 983
f 983 1083 1084
f 983 1084 984
f 984 1084 1085
f 984 1085 985
f 985 1085 1086
f 985 1086 986
f 986 1086 1087
f 986 1087 987
f 987 1087 1088
f 987 1088 988
f 988 1088 1089
f 988 1089 989
f 989 1089 1090
f 989 1090 990
f 990 1090 1091
f 990 1091 991
f 991 1091 1092
f 991 1092 992
f 992 1092 1093
f 992 1093 993
f 993 1093 1094
f 993 1094 994
f 994 1094 1095
f 994 1095 995
f 995 1095 1096
f 995 1096 996
f 996 1096 1097
f 996 1097 997
f 997 1097 1098
f 997 1098 998
f 998 1098 1099
f 998 1099 999
f 999 1099 1100
f 999 1100 1000
f 1000 1100 1001
f 1000 1001 901
f 1001 1101 1102
f 1001 1102 1002
f 1002 1102 1103
f 1002 1103 1003
f 1003 1103 1104
f 1003 1104 1004
f 1004 1104 1105
f 1004 1105 1005
f 1005 1105 1106
f 1005 1106 1006
f 1006 1106 1107
f 1006 1107 1007
f 1007 1107 1108
f 1007 1108 1008
f 1008 1108 1109
f 1008 1109 1009
f 1009 1109 1110
f 1009 1110 1010
f 1010 1110 1111
f 1010 1111 1011
f 1011 1111 1112
f 1011 1112 1012
f 1012 1112 1113
f 1012 1113 1013
f 1013 1113 1114
f 1013 1114 1014
f 1014 1114 1115
f 1014 1115 1015
f 1015 1115 1116
f 1015 1116 1016
f 1016 1116 1117
f 1016 1117 1017
f 1017 1117 1118
f 1017 1118 1018
f 1018 1118 1119
f 1018 1119 1019
f 1019 1119 1120
f 1019 1120 1020
f 1020 1120 1121
f 1020 1121 1021
f 1021 1121 1122
f 1021 1122 1022
f 1022 1122 1123
f 1022 1123 1023
f 1023 1123 1124
f 1023 1124 1024
f 1024 1124 1125
f 1024 1125 1025
f 1025 1125 1126
f 1025 1126 1026
f 1026 1126 1127
f 1026 1127 1027
f 1027 1127 1128
f 1027 1128 1028
f 1028 1128 1129
f 1028 1129 1029
f 1029 1129 1130
f 1029 1130 1030
f 1030 1130 1131
f 1030 1131 1031
f 1031 1131 1132
f 1031 1132 1032
f 1032 1132 1133
f 1032 1133 1033
f 1033 1133 1134
f 1033 1134 1034
f 1034 1134 1135
f 1034 1135 1035
f 1035 1135 1136
f 1035 1136 1036
f 1036 1136 1137
f 1036 1137 1037
f 1037 1137 1138
f 1037 1138 1038
f 1038 1138 1139
f 1038 1139 1039
f 1039 1139 1140
f 1039 1140 1040
f 1040 1140 1141
f 1040 1141 1041
f 1041 1141 1142
f 1041 1142 1042
f 1042 1142 1143
f 1042 1143 1043
f 1043 1143 1144
f 1043 1144 1044
f 1044 1144 1145
f 1044 1145 1045
f 1045 1145 1146
f 1045 1146 1046
f 1046 1146 1147
f 1046 1147 1047
f 1047 1147 1148
f 1047 1148 1048
f 1048 1148 1149
f 1048 1149 1049
f 1049 1149 1150
f 1049 1150 1050
f 1050 1150 1151
f 1050 1151 1051
f 1051 1151 1152
f 1051 1152 1052
f 1052 1152 1153
f 1052 1153 1053
f 1053 1153 1154
f 1053 1154 1054
f 1054 1154 1155
f 1054 1155 1055
f 1055 1155 1156
f 1055 1156 1056
f 1056 1156 1157
f 1056 1157 1057
f 1057 1157 1158
f 1057 1158 1058
f 1058 1158 1159
f 1058 1159 1059
f 1059 1159 1160
f 1059 1160 1060
f 1060 1160 1161
f 1060 1161 1061
f 1061 1161 1162
f 1061 1162 1062
f 1062 1162 1163
f 1062 1163 1063
f 1063 1163 1164
f 1063 1164 1064
f 1064 1164 1165
f 1064 1165 1065
f 1065 1165 1166
f 1065 1166 1066
f 1066 1166 1167
f 1066 1167 1067
f 1067 1167 1168
f 1067 1168 1068
f 1068 1168 1169
f 1068 1169 1069
f 1069 1169 1170
f 1069 1170 1070
f 1070 1170 1171
f 1070 1171 1071
f 1071 1171 1172
f 1071 1172 1072
f 1072 1172 1173
f 1072 1173 1073
f 1073 1173 1174
f 1073 1174 1074
f 1074 1174 1175
f 1074 1175 1075
f 1075 1175 1176
f 1075 1176 1076
f 1076 1176 1177
f 1076 1177 1077
f 1077 1177 1178
f 1077 1178 1078
f 1078 1178 1179
f 1078 1179 1079
f 1079 1179 1180
f 1079 1180 1080
f 1080 1180 1181
f 1080 1181 1081
f 1081 1181 1182
f 1081 1182 1082
f 1082 1182 1183
f 1082 1183 1083
f 1083 1183 1184
f 1083 1184 1084
f 1084 1184 1185
f 1084 1185 1085
f 1085 1185 1186
f 1085 1186 1086
f 1086 1186 1187
f 1086 1187 1087
f 1087 1187 1188
f 1087 1188 1088
f 1088 1188 1189
f 1088 1189 1089
f 1089 1189 1190
f 1089 1190 1090
f 1090 1190 1191
f 1090 1191 1091
f 1091 1191 1192
f 1091 1192 1092
f 1092 1192 1193
f 1092 1193 1093
f 1093 1193 1194
f 1093 1194 1094
f 1094 1194 1195
f 1094 1195 1095
f 1095 1195 1196
f 1095 1196 1096
f 1096 1196 1197
f 1096 1197 1097
f 1097 1197 1198
f 1097 1198 1098
f 1098 1198 1199
f 1098 1199 1099
f 1099 1199 1200
f 1099 1200 1100
f 1100 1200 1101
f 1100 1101 1001
f 1101 1201 1202
f 1101 1202 1102
f 1102 1202 1203
f 1102 1203 1103
f 1103 1203 1204
f 1103 1204 1104
f 1104 1204 1205
f 1104 1205 1105
f 1105 1205 1206
f 1105 1206 1106
f 1106 1206 1207
f 1106 1207 1107
f 1107 1207 1208
f 1107 1208 1108
f 1108 1208 1209
f 1108 1209 1109
f 1109 1209 1210
f 1109 1210 1110
f 1110 1210 1211
f 1110 1211 1111
f 1111 1211 1212
f 1111 1212 1112
f 1112 1212 1213
f 1112 1213 1113
f 1113 1213 1214
f 1113 1214 1114
f 1114 1214 1215
f 1114 1215 1115
f 1115 1215 1216
f 1115 1216 1116
f 1116 1216 1217
f 1116 1217 1117
f 1117 1217 1218
f 1117 1218 1118
f 1118 1218 1219
f 1118 1219 1119
f 1119 1219 1220
f 1119 1220 1120
f 1120 1220 1221
f 1120 1221 1121
f 1121 1221 1222
f 1121 1222 1122
f 1122 1222 1223
f 1122 1223 1123
f 1123 1223 1224
f 1123 1224 1124
f 1124 1224 1225
f 1124 1225 1125
f 1125 1225 1226
f 1125 1226 1126
f 1126 1226 1227
f 1126 1227 1127
f 1127 1227 1228
f 1127 1228 1128
f 1128 1228 1229
f 1128 1229 1129
f 1129 1229 1230
f 1129 1230 1130
f 1130 1230 1231
f 1130 1231 1131
f 1131 1231 1232
f 1131 1232 1132
f 1132 1232 1233
f 1132 1233 1133
f 1133 1233 1234
f 1133 1234 1134
f 1134 1234 1235
f 1134 1235 1135
f 1135 1235 1236
f 1135 1236 1136
f 1136 1236 1237
f 1136 1237 1137
f 1137 1237 1238
f 1137 1238 1138
f 1138 1238 1239
f 1138 1239 1139
f 1139 1239 1240
f 1139 1240 1140
f 1140 1240 1241
f 1140 1241 1141
f 1141 1241 1242
f 1141 1242 1142
f 1142 1242 1243
f 1142 1243 1143
f 1143 1243 1244
f 1143 1244 1144
f 1144 1244 1245
f 1144 1245 1145
f 1145 1245 1246
f 1145 1246 1146
f 1146 1246 1247
f 1146 1247 1147
f 1147 1247 1248
f 1147 1248 1148
f 1148 1248 1249
f 1148 1249 1149
f 1149 1249 1250
f 1149 1250 1150
f 1150 1250 1251
f 1150 1251 1151
f 1151 1251 1252
f 1151 1252 1152
f 1152 1252 1253
f 1152 1253 1153
f 1153 1253 1254
f 1153 1254 1154
f 1154 1254 1255
f 1154 1255 1155
f 1155 1255 1256
f 1155 1256 1156
f 1156 1256 1257
f 1156 1257 1157
f 1157 1257 1258
f 1157 1258 1158
f 1158 1258 1259
f 1158 1259 1159
f 1159 1259 1260
f 1159 1260 1160
f 1160 1260 1261
f 1160 1261 1161
f 1161 1261 1262
f 1161 1262 1162
f 1162 1262 1263
f 1162 1263 1163
f 1163 1263 1264
f 1163 1264 1164
f 1164 1264 1265
f 1164 1265 1165
f 1165 1265 1266
f 1165 1266 1166
f 1166 1266 1267
f 1166 1267 1167
f 1167 1267 1268
f 1167 1268 1168
f 1168 1268 1269
f 1168 1269 1169
f 1169 1269 1270
f 1169 1270 1170
f 1170 1270 1271
f 1170 1271 1171
f 1171 1271 1272
f 1171 1272 1172
f 1172 1272 1273
f 1172 1273 1173
f 1173 1273 1274
f 1173 1274 1174
f 1174 1274 1275
f 1174 1275 1175
f 1175 1275 1276
f 1175 1276 1176
f 1176 1276 1277
f 1176 1277 1177
f 1177 1277 1278
f 1177 1278 1178
f 1178 1278 1279
f 1178 1279 1179
f 1179 1279 1280
f 1179 1280 1180
f 1180 1280 1281
f 1180 1281 1181
f 1181 1281 1282
f 1181 1282 1182
f 1182 1282 1283
f 1182 1283 1183
f 1183 1283 1284
f 1183 1284 1184
f 1184 1284 1285
f 1184 1285 1185
f 1185 1285 1286
f 1185 1286 1186
f 1186 1286 1287
f 1186 1287 1187
f 1187 1287 1288
f 1187 1288 1188
f 1188 1288 1289
f 1188 1289 1189
f 1189 1289 1290
f 1189 1290 1190
f 1190 1290 1291
f 1190 1291 1191
f 1191 1291 1292
f 1191 1292 1192
f 1192 1292 1293
f 1192 1293 1193
f 1193 1293 1294
f 1193 1294 1194
f 1194 1294 1295
f 1194 1295 1195
f 1195 1295 1296
f 1195 1296 1196
f 1196 1296 1297
f 1196 1297 1197
f 1197 1297 1298
f 1197 1298 1198
f 1198 1298 1299
f 1198 1299 1199
f 1199 1299 1300
f 1199 1300 1200
f 1200 1300 1201
f 1200 1201 1101
f 1201 1301 1302
f 1201 1302 1202
f 1202 1302 1303
f 1202 1303 1203
f 1203 1303 1304
f 1203 1304 1204
f 1204 1304 1305
f 1204 1305 1205
f 1205 1305 1306
f 1205 1306 1206
f 1206 1306 1307
f 1206 1307 1207
f 1207 1307 1308
f 1207 1308 1208
f 1208 1308 1309
f 1208 1309 1209
f 1209 1309 1310
f 1209 1310 1210
f 1210 1310 1311
f 1210 1311 1211
f 1211 1311 1312
f 1211 1312 1212
f 1212 1312 1313
f 1212 1313 1213
f 1213 1313 1314
f 1213 1314 1214
f 1214 1314 1315
f 1214 1315 1215
f 1215 1315 1316
f 1215 1316 1216
f 1216 1316 1317
f 1216 1317 1217
f 1217 1317 1318
f 1217 1318 1218
f 1218 1318 1319
f 1218 1319 1219
f 1219 1319 1320
f 1219 1320 1220
f 1220 1320 1321
f 1220 1321 1221
f 1221 1321 1322
f 1221 1322 1222
f 1222 1322 1323
f 1222 1323 1223
f 1223 1323 1324
f 1223 1324 1224
f 1224 1324 1325
f 1224 1325 1225
f 1225 1325 1326
f 1225 1326 1226
f 1226 1326 1327
f 1226 1327 1227
f 1227 1327 1328
f 1227 1328 1228
f 1228 1328 1329
f 1228 1329 1229
f 1229 1329 1330
f 1229 1330 1230
f 1230 1330 1331
f 1230 1331 1231
f 1231 1331 1332
f 1231 1332 1232
f 1232 1332 1333
f 1232 1333 1233
f 1233 1333 1334
f 1233 1334 1234
f 1234 1334 1335
f 1234 1335 1235
f 1235 1335 1336
f 1235 1336 1236
f 1236 1336 1337
f 1236 1337 1237
f 1237 1337 1338
f 1237 1338 1238
f 1238 1338 1339
f 1238 1339 1239
f 1239 1339 1340
f 1239 1340 1240
f 1240 1340 1341
f 1240 1341 1241
f 1241 1341 1342
f 1241 1342 1242
f 1242 1342 1343
f 1242 1343 1243
f 1243 1343 1344
f 1243 1344 1244
f 1244 1344 1345
f 1244 1345 1245
f 1245 1345 1346
f 1245 1346 1246
f 1246 1346 1347
f 1246 1347 1247
f 1247 1347 1348
f 1247 1348 1248
f 1248 1348 1349
f 1248 1349 1249
f 1249 1349 1350
f 1249 1350 1250
f 1250 1350 1351
f 1250 1351 1251
f 1251 1351 1352
f 1251 1352 1252
f 1252 1352 1353
f 1252 1353 1253
f 1253 1353 1354
f 1253 1354 1254
f 1254 1354 1355
f 1254 1355 1255
f 1255 1355 1356
f 1255 1356 1256
f 1256 1356 1357
f 1256 1357 1257
f 1257 1357 1358
f 1257 1358 1258
f 1258 1358 1359
f 1258 1359 1259
f 1259 1359 1360
f 1259 1360 1260
f 1260 1360 1361
f 1260 1361 1261
f 1261 1361 1362
f 1261 1362 1262
f 1262 1362 1363
f 1262 1363 1263
f 1263 1363 1364
f 1263 1364 1264
f 1264 1364 1365
f 1264 1365 1265
f 1265 1365 1366
f 1265 1366 1266
f 1266 1366 1367
f 1266 1367 1267
f 1267 1367 1368
f 1267 1368 1268
f 1268 1368 1369
f 1268 1369 1269
f 1269 1369 1370
f 1269 1370 1270
f 1270 1370 1371
f 1270 1371 1271
f 1271 1371 1372
f 1271 1372 1272
f 1272 1372 1373
f 1272 1373 1273
f 1273 1373 1374
f 1273 1374 1274
f 1274 1374 1375
f 1274 1375 1275
f 1275 1375 1376
f 1275 1376 1276
f 1276 1376 1377
f 1276 1377 1277
f 1277 1377 1378
f 1277 1378 1278
f 1278 1378 1379
f 1278 1379 1279
f 1279 1379 1380
f 1279 1380 1280
f 1280 1380 1381
f 1280 1381 1281
f 1281 1381 1382
f 1281 1382 1282
f 1282 1382 1383
f 1282 1383 1283
f 1283 1383 1384
f 1283 1384 1284
f 1284 1384 1385
f 1284 1385 1285
f 1285 1385 1386
f 1285 1386 1286
f 1286 1386 1387
f 1286 1387 1287
f 1287 1387 1388
f 1287 1388 1288
f 1288 1388 1389
f 1288 1389 1289
f 1289 1389 1390
f 1289 1390 1290
f 1290 1390 1391
f 1290 1391 1291
f 1291 1391 1392
f 1291 1392 1292
f 1292 1392 1393
f 1292 1393 1293
f 1293 1393 1394
f 1293 1394 1294
f 1294 1394 1395
f 1294 1395 1295
f 1295 1395 1396
f 1295 1396 1296
f 1296 1396 1397
f 1296 1397 1297
f 1297 1397 1398
f 1297 1398 1298
f 1298 1398 1399
f 1298 1399 1299
f 1299 1399 1400
f 1299 1400 1300
f 1300 1400 1301
f 1300 1301 1201
f 1301 1401 1402
f 1301 1402 1302
f 1302 1402 1403
f 1302 1403 1303
f 1303 1403 1404
f 1303 1404 1304
f 1304 1404 1405
f 1304 1405 1305
f 1305 1405 1406
f 1305 1406 1306
f 1306 1406 1407
f 1306 1407 1307
f 1307 1407 1408
f 1307 1408 1308
f 1308 1408 1409
f 1308 1409 1309
f 1309 1409 1410
f 1309 1410 1310
f 1310 1410 1411
f 1310 1411 1311
f 1311 1411 1412
f 1311 1412 1312
f 1312 1412 1413
f 1312 1413 1313
f 1313 1413 1414
f 1313 1414 1314
f 1314 1414 1415
f 1314 1415 1315
f 1315 1415 1416
f 1315 1416 1316
f 1316 1416 1417
f 1316 1417 1317
f 1317 1417 1418
f 1317 1418 1318
f 1318 1418 1419
f 1318 1419 1319
f 1319 1419 1420
f 1319 1420 1320
f 1320 1420 1421
f 1320 1421 1321
f 1321 1421 1422
f 1321 1422 1322
f 1322 1422 1423
f 1322 1423 1323
f 1323 1423 1424
f 1323 1424 1324
f 1324 1424 1425
f 1324 1425 1325
f 1325 1425 1426
f 1325 1426 1326
f 1326 1426 1427
f 1326 1427 1327
f 1327 1427 1428
f 1327 1428 1328
f 1328 1428 1429
f 1328 1429 1329
f 1329 1429 1430
f 1329 1430 1330
f 1330 1430 1431
f 1330 1431 1331
f 1331 1431 1432
f 1331 1432 1332
f 1332 1432 1433
f 1332 1433 1333
f 1333 1433 1434
f 1333 1434 1334
f 1334 1434 1435
f 1334 1435 1335
f 1335 1435 1436
f 1335 1436 1336
f 1336 1436 1437
f 1336 1437 1337
f 1337 1437 1438
f 1337 1438 1338
f 1338 1438 1439
f 1338 1439 1339
f 1339 1439 1440
f 1339 1440 1340
f 1340 1440 1441
f 1340 1441 1341
f 1341 1441 1442
f 1341 1442 1342
f 1342 1442 1443
f 1342 1443 1343
f 1343 1443 1444
f 1343 1444 1344
f 1344 1444 1445
f 1344 1445 1345
f 1345 1445 1446
f 1345 1446 1346
f 1346 1446 1447
f 1346 1447 1347
f 1347 1447 1448
f 1347 1448 1348
f 1348 1448 1449
f 1348 1449 1349
f 1349 1449 1450
f 1349 1450 1350
f 1350 1450 1451
f 1350 1451 1351
f 1351 1451 1452
f 1351 1452 1352
f 1352 1452 1453
f 1352 1453 1353
f 1353 1453 1454
f 1353 1454 1354
f 1354 1454 1455
f 1354 1455 1355
f 1355 1455 1456
f 1355 1456 1356
f 1356 1456 1457
f 1356 1457 1357
f 1357 1457 1458
f 1357 1458 1358
f 1358 1458 1459
f 1358 1459 1359
f 1359 1459 1460
f 1359 1460 1360
f 1360 1460 1461
f 1360 1461 1361
f 1361 1461 1462
f 1361 1462 1362
f 1362 1462 1463
f 1362 1463 1363
f 1363 1463 1464
f 1363 1464 1364
f 1364 1464 1465
f 1364 1465 1365
f 1365 1465 1466
f 1365 1466 1366
f 1366 1466 1467
f 1366 1467 1367
f 1367 1467 1468
f 1367 1468 1368
f 1368 1468 1469
f 1368 1469 1369
f 1369 1469 1470
f 1369 1470 1370
f 1370 1470 1471
f 1370 1471 1371
f 1371 1471 1472
f 1371 1472 1372
f 1372 1472 1473
f 1372 1473 1373
f 1373 1473 1474
f 1373 1474 1374
f 1374 1474 1475
f 1374 1475 1375
f 1375 1475 1476
f 1375 1476 1376
f 1376 1476 1477
f 1376 1477 1377
f 1377 1477 1478
f 1377 1478 1378
f 1378 1478 1479
f 1378 1479 1379
f 1379 1479 1480
f 1379 1480 1380
f 1380 1480 1481
f 1380 1481 1381
f 1381 1481 1482
f 1381 1482 1382
f 1382 1482 1483
f 1382 1483 1383
f 1383 1483 1484
f 1383 1484 1384
f 1384 1484 1485
f 1384 1485 1385
f 1385 1485 1486
f 1385 1486 1386
f 1386 1486 1487
f 1386 1487 1387
f 1387 1487 1488
f 1387 1488 1388
f 1388 1488 1489
f 1388 1489 1389
f 1389 1489 1490
f 1389 1490 1390
f 1390 1490 1491
f 1390 1491 1391
f 1391 1491 1492
f 1391 1492 1392
f 1392 1492 1493
f 1392 1493 1393
f 1393 1493 1494
f 1393 1494 1394
f 1394 1494 1495
f 1394 1495 1395
f 1395 1495 1496
f 1395 1496 1396
f 1396 1496 1497
f 1396 1497 1397
f 1397 1497 1498
f 1397 1498 1398
f 1398 1498 1499
f 1398 1499 1399
f 1399 1499 1500
f 1399 1500 1400
f 1400 1500 1401
f 1400 1401 1301
f 1401 1501 1502
f 1401 1502 1402
f 1402 1502 1503
f 1402 1503 1403
f 1403 1503 1504
f 1403 1504 1404
f 1404 1504 1505
f 1404 1505 1405
f 1405 1505 1506
f 1405 1506 1406
f 1406 1506 1507
f 1406 1507 1407
f 1407 1507 1508
f 1407 1508 1408
f 1408 1508 1509
f 1408 1509 1409
f 1409 1509 1510
f 1409 1510 1410
f 1410 1510 1511
f 1410 1511 1411
f 1411 1511 1512
f 1411 1512 1412
f 1412 1512 1513
f 1412 1513 1413
f 1413 1513 1514
f 1413 1514 1414
f 1414 1514 1515
f 1414 1515 1415
f 1415 1515 1516
f 1415 1516 1416
f 1416 1516 1517
f 1416 1517 1417
f 1417 1517 1518
f 1417 1518 1418
f 1418 1518 1519
f 1418 1519 1419
f 1419 1519 1520
f 1419 1520 1420
f 1420 1520 1521
f 1420 1521 1421
f 1421 1521 1522
f 1421 1522 1422
f 1422 1522 1523
f 1422 1523 1423
f 1423 1523 1524
f 1423 1524 1424
f 1424 1524 1525
f 1424 1525 1425
f 1425 1525 1526
f 1425 1526 1426
f 1426 1526 1527
f 1426 1527 1427
f 1427 1527 1528
f 1427 1528 1428
f 1428 1528 1529
f 1428 1529 1429
f 1429 1529 1530
f 1429 1530 1430
f 1430 1530 1531
f 1430 1531 1431
f 1431 1531 1532
f 1431 1532 1432
f 1432 1532 1533
f 1432 1533 1433
f 1433 1533 1534
f 1433 1534 1434
f 1434 1534 1535
f 1434 1535 1435
f 1435 1535 1536
f 1435 1536 1436
f 1436 1536 1537
f 1436 1537 1437
f 1437 1537 1538
f 1437 1538 1438
f 1438 1538 1539
f 1438 1539 1439
f 1439 1539 1540
f 1439 1540 1440
f 1440 1540 1541
f 1440 1541 1441
f 1441 1541 1542
f 1441 1542 1442
f 1442 1542 1543
f 1442 1543 1443
f 1443 1543 1544
f 1443 1544 1444
f 1444 1544 1545
f 1444 1545 1445
f 1445 1545 1546
f 1445 1546 1446
f 1446 1546 1547
f 1446 1547 1447
f 1447 1547 1548
f 1447 1548 1448
f 1448 1548 1549
f 1448 1549 1449
f 1449 1549 1550
f 1449 1550 1450
f 1450 1550 1551
f 1450 1551 1451
f 1451 1551 1552
f 1451 1552 1452
f 1452 1552 1553
f 1452 1553 1453
f 1453 1553 1554
f 1453 1554 1454
f 1454 1554 1555
f 1454 1555 1455
f 1455 1555 1556
f 1455 1556 1456
f 1456 1556 1557
f 1456 1557 1457
f 1457 1557 1558
f 1457 1558 1458
f 1458 1558 1559
f 1458 1559 1459
f 1459 1559 1560
f 1459 1560 1460
f 1460 1560 1561
f 1460 1561 1461
f 1461 1561 1562
f 1461 1562 1462
f 1462 1562 1563
f 1462 1563 1463
f 1463 1563 1564
f 1463 1564 1464
f 1464 1564 1565
f 1464 1565 1465
f 1465 1565 1566
f 1465 1566 1466
f 1466 1566 1567
f 1466 1567 1467
f 1467 1567 1568
f 1467 1568 1468
f 1468 1568 1569
f 1468 1569 1469
f 1469 1569 1570
f 1469 1570 1470
f 1470 1570 1571
f 1470 1571 1471
f 1471 1571 1572
f 1471 1572 1472
f 1472 1572 1573
f 1472 1573 1473
f 1473 1573 1574
f 1473 1574 1474
f 1474 1574 1575
f 1474 1575 1475
f 1475 1575 1576
f 1475 1576 1476
f 1476 1576 1577
f 1476 1577 1477
f 1477 1577 1578
f 1477 1578 1478
f 1478 1578 1579
f 1478 1579 1479
f 1479 1579 1580
f 1479 1580 1480
f 1480 1580 1581
f 1480 1581 1481
f 1481 1581 1582
f 1481 1582 1482
f 1482 1582 1583
f 1482 1583 1483
f 1483 1583 1584
f 1483 1584 1484
f 1484 1584 1585
f 1484 1585 1485
f 1485 1585 1586
f 1485 1586 1486
f 1486 1586 1587
f 1486 1587 1487
f 1487 1587 1588
f 1487 1588 1488
f 1488 1588 1589
f 1488 1589 1489
f 1489 1589 1590
f 1489 1590 1490
f 1490 1590 1591
f 1490 1591 1491
f 1491 1591 1592
f 1491 1592 1492
f 1492 1592 1593
f 1492 1593 1493
f 1493 1593 1594
f 1493 1594 1494
f 1494 1594 1595
f 1494 1595 1495
f 1495 1595 1596
f 1495 1596 1496
f 1496 1596 1597
f 1496 1597 1497
f 1497 1597 1598
f 1497 1598 1498
f 1498 1598 1599
f 1498 1599 1499
f 1499 1599 1600
f 1499 1600 1500
f 1500 1600 1501
f 1500 1501 1401
f 1501 1601 1602
f 1501 1602 1502
f 1502 1602 1603
f 1502 1603 1503
f 1503 1603 1604
f 1503 1604 1504
f 1504 1604 1605
f 1504 1605 1505
f 1505 1605 1606
f 1505 1606 1506
f 1506 1606 1607
f 1506 1607 1507
f 1507 1607 1608
f 1507 1608 1508
f 1508 1608 1609
f 1508 1609 1509
f 1509 1609 1610
f 1509 1610 1510
f 1510 1610 1611
f 1510 1611 1511
f 1511 1611 1612
f 1511 1612 1512
f 1512 1612 1613
f 1512 1613 1513
f 1513 1613 1614
f 1513 1614 1514
f 1514 1614 1615
f 1514 1615 1515
f 1515 1615 1616
f 1515 1616 1516
f 1516 1616 1617
f 1516 1617 1517
f 1517 1617 1618
f 1517 1618 1518
f 1518 1618 1619
f 1518 1619 1519
f 1519 1619 1620
f 1519 1620 1520
f 1520 1620 1621
f 1520 1621 1521
f 1521 1621 1622
f 1521 1622 1522
f 1522 1622 1623
f 1522 1623 1523
f 1523 1623 1624
f 1523 1624 1524
f 1524 1624 1625
f 1524 1625 1525
f 1525 1625 1626
f 1525 1626 1526
f 1526 1626 1627
f 1526 1627 1527
f 1527 1627 1628
f 1527 1628 1528
f 1528 1628 1629
f 1528 1629 1529
f 1529 1629 1630
f 1529 1630 1530
f 1530 1630 1631
f 1530 1631 1531
f 1531 1631 1632
f 1531 1632 1532
f 1532 1632 1633
f 1532 1633 1533
f 1533 1633 1634
f 1533 1634 1534
f 1534 1634 1635
f 1534 1635 1535
f 1535 1635 1636
f 1535 1636 1536
f 1536 1636 1637
f 1536 1637 1537
f 1537 1637 1638
f 1537 1638 1538
f 1538 1638 1639
f 1538 1639 1539
f 1539 1639 1640
f 1539 1640 1540
f 1540 1640 1641
f 1540 1641 1541
f 1541 1641 1642
f 1541 1642 1542
f 1542 1642 1643
f 1542 1643 1543
f 1543 1643 1644
f 1543 1644 1544
f 1544 1644 1645
f 1544 1645 1545
f 1545 1645 1646
f 1545 1646 1546
f 1546 1646 1647
f 1546 1647 1547
f 1547 1647 1648
f 1547 1648 1548
f 1548 1648 1649
f 1548 1649 1549
f 1549 1649 1650
f 1549 1650 1550
f 1550 1650 1651
f 1550 1651 1551
f 1551 1651 1652
f 1551 1652 1552
f 1552 1652 1653
f 1552 1653 1553
f 1553 1653 1654
f 1553 1654 1554
f 1554 1654 1655
f 1554 1655 1555
f 1555 1655 1656
f 1555 1656 1556
f 1556 1656 1657
f 1556 1657 1557
f 1557 1657 1658
f 1557 1658 1558
f 1558 1658 1659
f 1558 1659 1559
f 1559 1659 1660
f 1559 1660 1560
f 1560 1660 1661
f 1560 1661 1561
f 1561 1661 1662
f 1561 1662 1562
f 1562 1662 1663
f 1562 1663 1563
f 1563 1663 1664
f 1563 1664 1564
f 1564 1664 1665
f 1564 1665 1565
f 1565 1665 1666
f 1565 1666 1566
f 1566 1666 1667
f 1566 1667 1567
f 1567 1667 1668
f 1567 1668 1568
f 1568 1668 1669
f 1568 1669 1569
f 1569 1669 1670
f 1569 1670 1570
f 1570 1670 1671
f 1570 1671 1571
f 1571 1671 1672
f 1571 1672 1572
f 1572 1672 1673
f 1572 1673 1573
f 1573 1673 1674
f 1573 1674 1574
f 1574 1674 1675
f 1574 1675 1575
f 1575 1675 1676
f 1575 1676 1576
f 1576 1676 1677
f 1576 1677 1577
f 1577 1677 1678
f 1577 1678 1578
f 1578 1678 1679
f 1578 1679 1579
f 1579 1679 1680
f 1579 1680 1580
f 1580 1680 1681
f 1580 1681 1581
f 1581 1681 1682
f 1581 1682 1582
f 1582 1682 1683
f 1582 1683 1583
f 1583 1683 1684
f 1583 1684 1584
f 1584 1684 1685
f 1584 1685 1585
f 1585 1685 1686
f 1585 1686 1586
f 1586 1686 1687
f 1586 1687 1587
f 1587 1687 1688
f 1587 1688 1588
f 1588 1688 1689
f 1588 1689 1589
f 1589 1689 1690
f 1589 1690 1590
f 1590 1690 1691
f 1590 1691 1591
f 1591 1691 1692
f 1591 1692 1592
f 1592 1692 1693
f 1592 1693 1593
f 1593 1693 1694
f 1593 1694 1594
f 1594 1694 1695
f 1594 1695 1595
f 1595 1695 1696
f 1595 1696 1596
f 1596 1696 1697
f 1596 1697 1597
f 1597 1697 1698
f 1597 1698 1598
f 1598 1698 1699
f 1598 1699 1599
f 1599 1699 1700
f 1599 1700 1600
f 1600 1700 1601
f 1600 1601 1501
f 1601 1701 1702
f 1601 1702 1602
f 1602 1702 1703
f 1602 1703 1603
f 1603 1703 1704
f 1603 1704 1604
f 1604 1704 1705
f 1604 1705 1605
f 1605 1705 1706
f 1605 1706 1606
f 1606 1706 1707
f 1606 1707 1607
f 1607 1707 1708
f 1607 1708 1608
f 1608 1708 1709
f 1608 1709 1609
f 1609 1709 1710
f 1609 1710 1610
f 1610 1710 1711
f 1610 1711 1611
f 1611 1711 1712
f 1611 1712 1612
f 1612 1712 1713
f 1612 1713 1613
f 1613 1713 1714
f 1613 1714 1614
f 1614 1714 1715
f 1614 1715 1615
f 1615 1715 1716
f 1615 1716 1616
f 1616 1716 1717
f 1616 1717 1617
f 1617 1717 1718
f 1617 1718 1618
f 1618 1718 1719
f 1618 1719 1619
f 1619 1719 1720
f 1619 1720 1620
f 1620 1720 1721
f 1620 1721 1621
f 1621 1721 1722
f 1621 1722 1622
f 1622 1722 1723
f 1622 1723 1623
f 1623 1723 1724
f 1623 1724 1624
f 1624 1724 1725
f 1624 1725 1625
f 1625 1725 1726
f 1625 1726 1626
f 1626 1726 1727
f 1626 1727 1627
f 1627 1727 1728
f 1627 1728 1628
f 1628 1728 1729
f 1628 1729 1629
f 1629 1729 1730
f 1629 1730 1630
f 1630 1730 1731
f 1630 1731 1631
f 1631 1731 1732
f 1631 1732 1632
f 1632 1732 1733
f 1632 1733 1633
f 1633 1733 1734
f 1633 1734 1634
f 1634 1734 1735
f 1634 1735 1635
f 1635 1735 1736
f 1635 1736 1636
f 1636 1736 1737
f 1636 1737 1637
f 1637 1737 1738
f 1637 1738 1638
f 1638 1738 1739
f 1638 1739 1639
f 1639 1739 1740
f 1639 1740 1640
f 1640 1740 1741
f 1640 1741 1641
f 1641 1741 1742
f 1641 1742 1642
f 1642 1742 1743
f 1642 1743 1643
f 1643 1743 1744
f 1643 1744 1644
f 1644 1744 1745
f 1644 1745 1645
f 1645 1745 1746
f 1645 1746 1646
f 1646 1746 1747
f 1646 1747 1647
f 1647 1747 1748
f 1647 1748 1648
f 1648 1748 1749
f 1648 1749 1649
f 1649 1749 1750
f 1649 1750 1650
f 1650 1750 1751
f 1650 1751 1651
f 1651 1751 1752
f 1651 1752 1652
f 1652 1752 1753
f 1652 1753 1653
f 1653 1753 1754
f 1653 1754 1654
f 1654 1754 1755
f 1654 1755 1655
f 1655 1755 1756
f 1655 1756 1656
f 1656 1756 1757
f 1656 1757 1657
f 1657 1757 1758
f 1657 1758 1658
f 1658 1758 1759
f 1658 1759 1659
f 1659 1759 1760
f 1659 1760 1660
f 1660 1760 1761
f 1660 1761 1661
f 1661 1761 1762
f 1661 1762 1662
f 1662 1762 1763
f 1662 1763 1663
f 1663 1763 1764
f 1663 1764 1664
f 1664 1764 1765
f 1664 1765 1665
f 1665 1765 1766
f 1665 1766 1666
f 1666 1766 1767
f 1666 1767 1667
f 1667 1767 1768
f 1667 1768 1668
f 1668 1768 1769
f 1668 1769 1669
f 1669 1769 1770
f 1669 1770 1670
f 1670 1770 1771
f 1670 1771 1671
f 1671 1771 1772
f 1671 1772 1672
f 1672 1772 1773
f 1672 1773 1673
f 1673 1773 1774
f 1673 1774 1674
f 1674 1774 1775
f 1674 1775 1675
f 1675 1775 1776
f 1675 1776 1676
f 1676 1776 1777
f 1676 1777 1677
f 1677 1777 1778
f 1677 1778 1678
f 1678 1778 1779
f 1678 1779 1679
f 1679 1779 1780
f 1679 1780 1680
f 1680 1780 1781
f 1680 1781 1681
f 1681 1781 1782
f 1681 1782 1682
f 1682 1782 1783
f 1682 1783 1683
f 1683 1783 1784
f 1683 1784 1684
f 1684 1784 1785
f 1684 1785 1685
f 1685 1785 1786
f 1685 1786 1686
f 1686 1786 1787
f 1686 1787 1687
f 1687 1787 1788
f 1687 1788 1688
f 1688 1788 1789
f 1688 1789 1689
f 1689 1789 1790
f 1689 1790 1690
f 1690 1790 1791
f 1690 1791 1691
f 1691 1791 1792
f 1691 1792 1692
f 1692 1792 1793
f 1692 1793 1693
f 1693 1793 1794
f 1693 1794 1694
f 1694 1794 1795
f 1694 1795 1695
f 1695 1795 1796
f 1695 1796 1696
f 1696 1796 1797
f 1696 1797 1697
f 1697 1797 1798
f 1697 1798 1698
f 1698 1798 1799
f 1698 1799 1699
f 1699 1799 1800
f 1699 1800 1700
f 1700 1800 1701
f 1700 1701 1601
f 1701 1801 1802
f 1701 1802 1702
f 1702 1802 1803
f 1702 1803 1703
f 1703 1803 1804
f 1703 1804 1704
f 1704 1804 1805
f 1704 1805 1705
f 1705 1805 1806
f 1705 1806 1706
f 1706 1806 1807
f 1706 1807 1707
f 1707 1807 1808
f 1707 1808 1708
f 1708 1808 1809
f 1708 1809 1709
f 1709 1809 1810
f 1709 1810 1710
f 1710 1810 1811
f 1710 1811 1711
f 1711 1811 1812
f 1711 1812 1712
f 1712 1812 1813
f 1712 1813 1713
f 1713 1813 1814
f 1713 1814 1714
f 1714 1814 1815
f 1714 1815 1715
f 1715 1815 1816
f 1715 1816 1716
f 1716 1816 1817
f 1716 1817 1717
f 1717 1817 1818
f 1717 1818 1718
f 1718 1818 1819
f 1718 1819 1719
f 1719 1819 1820
f 1719 1820 1720
f 1720 1820 1821
f 1720 1821 1721
f 1721 1821 1822
f 1721 1822 1722
f 1722 1822 1823
f 1722 1823 1723
f 1723 1823 1824
f 1723 1824 1724
f 1724 1824 1825
f 1724 1825 1725
f 1725 1825 1826
f 1725 1826 1726
f 1726 1826 1827
f 1726 1827 1727
f 1727 1827 1828
f 1727 1828 1728
f 1728 1828 1829
f 1728 1829 1729
f 1729 1829 1830
f 1729 1830 1730
f 1730 1830 1831
f 1730 1831 1731
f 1731 1831 1832
f 1731 1832 1732
f 1732 1832 1833
f 1732 1833 1733
f 1733 1833 1834
f 1733 1834 1734
f 1734 1834 1835
f 1734 1835 1735
f 1735 1835 1836
f 1735 1836 1736
f 1736 1836 1837
f 1736 1837 1737
f 1737 1837 1838
f 1737 1838 1738
f 1738 1838 1839
f 1738 1839 1739
f 1739 1839 1840
f 1739 1840 1740
f 1740 1840 1841
f 1740 1841 1741
f 1741 1841 1842
f 1741 1842 1742
f 1742 1842 1843
f 1742 1843 1743
f 1743 1843 1844
f 1743 1844 1744
f 1744 1844 1845
f 1744 1845 1745
f 1745 1845 1846
f 1745 1846 1746
f 1746 1846 1847
f 1746 1847 1747
f 1747 1847 1848
f 1747 1848 1748
f 1748 1848 1849
f 1748 1849 1749
f 1749 1849 1850
f 1749 1850 1750
f 1750 1850 1851
f 1750 1851 1751
f 1751 1851 1852
f 1751 1852 1752
f 1752 1852 1853
f 1752 1853 1753
f 1753 1853 1854
f 1753 1854 1754
f 1754 1854 1855
f 1754 1855 1755
f 1755 1855 1856
f 1755 1856 1756
f 1756 1856 1857
f 1756 1857 1757
f 1757 1857 1858
f 1757 1858 1758
f 1758 1858 1859
f 1758 1859 1759
f 1759 1859 1860
f 1759 1860 1760
f 1760 1860 1861
f 1760 1861 1761
f 1761 1861 1862
f 1761 1862 1762
f 1762 1862 1863
f 1762 1863 1763
f 1763 1863 1864
f 1763 1864 1764
f 1764 1864 1865
f 1764 1865 1765
f 1765 1865 1866
f 1765 1866 1766
f 1766 1866 1867
f 1766 1867 1767
f 1767 1867 1868
f 1767 1868 1768
f 1768 1868 1869
f 1768 1869 1769
f 1769 1869 1870
f 1769 1870 1770
f 1770 1870 1871
f 1770 1871 1771
f 1771 1871 1872
f 1771 1872 1772
f 1772 1872 1873
f 1772 1873 1773
f 1773 1873 1874
f 1773 1874 1774
f 1774 1874 1875
f 1774 1875 1775
f 1775 1875 1876
f 1775 1876 1776
f 1776 1876 1877
f 1776 1877 1777
f 1777 1877 1878
f 1777 1878 1778
f 1778 1878 1879
f 1778 1879 1779
f 1779 1879 1880
f 1779 1880 1780
f 1780 1880 1881
f 1780 1881 1781
f 1781 1881 1882
f 1781 1882 1782
f 1782 1882 1883
f 1782 1883 1783
f 1783 1883 1884
f 1783 1884 1784
f 1784 1884 1885
f 1784 1885 1785
f 1785 1885 1886
f 1785 1886 1786
f 1786 1886 1887
f 1786 1887 1787
f 1787 1887 1888
f 1787 1888 1788
f 1788 1888 1889
f 1788 1889 1789
f 1789 1889 1890
f 1789 1890 1790
f 1790 1890 1891
f 1790 1891 1791
f 1791 1891 1892
f 1791 1892 1792
f 1792 1892 1893
f 1792 1893 1793
f 1793 1893 1894
f 1793 1894 1794
f 1794 1894 1895
f 1794 1895 1795
f 1795 1895 1896
f 1795 1896 1796
f 1796 1896 1897
f 1796 1897 1797
f 1797 1897 1898
f 1797 1898 1798
f 1798 1898 1899
f 1798 1899 1799
f 1799 1899 1900
f 1799 1900 1800
f 1800 1900 1801
f 1800 1801 1701
f 1801 1901 1902
f 1801 1902 1802
f 1802 1902 1903
f 1802 1903 1803
f 1803 1903 1904
f 1803 1904 1804
f 1804 1904 1905
f 1804 1905 1805
f 1805 1905 1906
f 1805 1906 1806
f 1806 1906 1907
f 1806 1907 1807
f 1807 1907 1908
f 1807 1908 1808
f 1808 1908 1909
f 1808 1909 1809
f 1809 1909 1910
f 1809 1910 1810
f 1810 1910 1911
f 1810 1911 1811
f 1811 1911 1912
f 1811 1912 1812
f 1812 1912 1913
f 1812 1913 1813
f 1813 1913 1914
f 1813 1914 1814
f 1814 1914 1915
f 1814 1915 1815
f 1815 1915 1916
f 1815 1916 1816
f 1816 1916 1917
f 1816 1917 1817
f 1817 1917 1918
f 1817 1918 1818
f 1818 1918 1919
f 1818 1919 1819
f 1819 1919 1920
f 1819 1920 1820
f 1820 1920 1921
f 1820 1921 1821
f 1821 1921 1922
f 1821 1922 1822
f 1822 1922 1923
f 1822 1923 1823
f 1823 1923 1924
f 1823 1924 1824
f 1824 1924 1925
f 1824 1925 1825
f 1825 1925 1926
f 1825 1926 1826
f 1826 1926 1927
f 1826 1927 1827
f 1827 1927 1928
f 1827 1928 1828
f 1828 1928 1929
f 1828 1929 1829
f 1829 1929 1930
f 1829 1930 1830
f 1830 1930 1931
f 1830 1931 1831
f 1831 1931 1932
f 1831 1932 1832
f 1832 1932 1933
f 1832 1933 1833
f 1833 1933 1934
f 1833 1934 1834
f 1834 1934 1935
f 1834 1935 1835
f 1835 1935 1936
f 1835 1936 1836
f 1836 1936 1937
f 1836 1937 1837
f 1837 1937 1938
f 1837 1938 1838
f 1838 1938 1939
f 1838 1939 1839
f 1839 1939 1940
f 1839 1940 1840
f 1840 1940 1941
f 1840 1941 1841
f 1841 1941 1942
f 1841 1942 1842
f 1842 1942 1943
f 1842 1943 1843
f 1843 1943 1944
f 1843 1944 1844
f 1844 1944 1945
f 1844 1945 1845
f 1845 1945 1946
f 1845 1946 1846
f 1846 1946 1947
f 1846 1947 1847
f 1847 1947 1948
f 1847 1948 1848
f 1848 1948 1949
f 1848 1949 1849
f 1849 1949 1950
f 1849 1950 1850
f 1850 1950 1951
f 1850 1951 1851
f 1851 1951 1952
f 1851 1952 1852
f 1852 1952 1953
f 1852 1953 1853
f 1853 1953 1954
f 1853 1954 1854
f 1854 1954 1955
f 1854 1955 1855
f 1855 1955 1956
f 1855 1956 1856
f 1856 1956 1957
f 1856 1957 1857
f 1857 1957 1958
f 1857 1958 1858
f 1858 1958 1959
f 1858 1959 1859
f 1859 1959 1960
f 1859 1960 1860
f 1860 1960 1961
f 1860 1961 1861
f 1861 1961 1962
f 1861 1962 1862
f 1862 1962 1963
f 1862 1963 1863
f 1863 1963 1964
f 1863 1964 1864
f 1864 1964 1965
f 1864 1965 1865
f 1865 1965 1966
f 1865 1966 1866
f 1866 1966 1967
f 1866 1967 1867
f 1867 1967 1968
f 1867 1968 1868
f 1868 1968 1969
f 1868 1969 1869
f 1869 1969 1970
f 1869 1970 1870
f 1870 1970 1971
f 1870 1971 1871
f 1871 1971 1972
f 1871 1972 1872
f 1872 1972 1973
f 1872 1973 1873
f 1873 1973 1974
f 1873 1974 1874
f 1874 1974 1975
f 1874 1975 1875
f 1875 1975 1976
f 1875 1976 1876
f 1876 1976 1977
f 1876 1977 1877
f 1877 1977 1978
f 1877 1978 1878
f 1878 1978 1979
f 1878 1979 1879
f 1879 1979 1980
f 1879 1980 1880
f 1880 1980 1981
f 1880 1981 1881
f 1881 1981 1982
f 1881 1982 1882
f 1882 1982 1983
f 1882 1983 1883
f 1883 1983 1984
f 1883 1984 1884
f 1884 1984 1985
f 1884 1985 1885
f 1885 1985 1986
f 1885 1986 1886
f 1886 1986 1987
f 1886 1987 1887
f 1887 1987 1988
f 1887 1988 1888
f 1888 1988 1989
f 1888 1989 1889
f 1889 1989 1990
f 1889 1990 1890
f 1890 1990 1991
f 1890 1991 1891
f 1891 1991 1992
f 1891 1992 1892
f 1892 1992 1993
f 1892 1993 1893
f 1893 1993 1994
f 1893 1994 1894
f 1894 1994 1995
f 1894 1995 1895
f 1895 1995 1996
f 1895 1996 1896
f 1896 1996 1997
f 1896 1997 1897
f 1897 1997 1998
f 1897 1998 1898
f 1898 1998 1999
f 1898 1999 1899
f 1899 1999 2000
f 1899 2000 1900
f 1900 2000 1901
f 1900 1901 1801
f 1901 2001 2002
f 1901 2002 1902
f 1902 2002 2003
f 1902 2003 1903
f 1903 2003 2004
f 1903 2004 1904
f 1904 2004 2005
f 1904 2005 1905
f 1905 2005 2006
f 1905 2006 1906
f 1906 2006 2007
f 1906 2007 1907
f 1907 2007 2008
f 1907 2008 1908
f 1908 2008 2009
f 1908 2009 1909
f 1909 2009 2010
f 1909 2010 1910
f 1910 2010 2011
f 1910 2011 1911
f 1911 2011 2012
f 1911 2012 1912
f 1912 2012 2013
f 1912 2013 1913
f 1913 2013 2014
f 1913 2014 1914
f 1914 2014 2015
f 1914 2015 1915
f 1915 2015 2016
f 1915 2016 1916
f 1916 2016 2017
f 1916 2017 1917
f 1917 2017 2018
f 1917 2018 1918
f 1918 2018 2019
f 1918 2019 1919
f 1919 2019 2020
f 1919 2020 1920
f 1920 2020 2021
f 1920 2021 1921
f 1921 2021 2022
f 1921 2022 1922
f 1922 2022 2023
f 1922 2023 1923
f 1923 2023 2024
f 1923 2024 1924
f 1924 2024 2025
f 1924 2025 1925
f 1925 2025 2026
f 1925 2026 1926
f 1926 2026 2027
f 1926 2027 1927
f 1927 2027 2028
f 1927 2028 1928
f 1928 2028 2029
f 1928 2029 1929
f 1929 2029 2030
f 1929 2030 1930
f 1930 2030 2031
f 1930 2031 1931
f 1931 2031 2032
f 1931 2032 1932
f 1932 2032 2033
f 1932 2033 1933
f 1933 2033 2034
f 1933 2034 1934
f 1934 2034 2035
f 1934 2035 1935
f 1935 2035 2036
f 1935 2036 1936
f 1936 2036 2037
f 1936 2037 1937
f 1937 2037 2038
f 1937 2038 1938
f 1938 2038 2039
f 1938 2039 1939
f 1939 2039 2040
f 1939 2040 1940
f 1940 2040 2041
f 1940 2041 1941
f 1941 2041 2042
f 1941 2042 1942
f 1942 2042 2043
f 1942 2043 1943
f 1943 2043 2044
f 1943 2044 1944
f 1944 2044 2045
f 1944 2045 1945
f 1945 2045 2046
f 1945 2046 1946
f 1946 2046 2047
f 1946 2047 1947
f 1947 2047 2048
f 1947 2048 1948
f 1948 2048 2049
f 1948 2049 1949
f 1949 2049 2050
f 1949 2050 1950
f 1950 2050 2051
f 1950 2051 1951
f 1951 2051 2052
f 1951 2052 1952
f 1952 2052 2053
f 1952 2053 1953
f 1953 2053 2054
f 1953 2054 1954
f 1954 2054 2055
f 1954 2055 1955
f 1955 2055 2056
f 1955 2056 1956
f 1956 2056 2057
f 1956 2057 1957
f 1957 2057 2058
f 1957 2058 1958
f 1958 2058 2059
f 1958 2059 1959
f 1959 2059 2060
f 1959 2060 1960
f 1960 2060 2061
f 1960 2061 1961
f 1961 2061 2062
f 1961 2062 1962
f 1962 2062 2063
f 1962 2063 1963
f 1963 2063 2064
f 1963 2064 1964
f 1964 2064 2065
f 1964 2065 1965
f 1965 2065 2066
f 1965 2066 1966
f 1966 2066 2067
f 1966 2067 1967
f 1967 2067 2068
f 1967 2068 1968
f 1968 2068 2069
f 1968 2069 1969
f 1969 2069 2070
f 1969 2070 1970
f 1970 2070 2071
f 1970 2071 1971
f 1971 2071 2072
f 1971 2072 1972
f 1972 2072 2073
f 1972 2073 1973
f 1973 2073 2074
f 1973 2074 1974
f 1974 2074 2075
f 1974 2075 1975
f 1975 2075 2076
f 1975 2076 1976
f 1976 2076 2077
f 1976 2077 1977
f 1977 2077 2078
f 1977 2078 1978
f 1978 2078 2079
f 1978 2079 1979
f 1979 2079 2080
f 1979 2080 1980
f 1980 2080 2081
f 1980 2081 1981
f 1981 2081 2082
f 1981 2082 1982
f 1982 2082 2083
f 1982 2083 1983
f 1983 2083 2084
f 1983 2084 1984
f 1984 2084 2085
f 1984 2085 1985
f 1985 2085 2086
f 1985 2086 1986
f 1986 2086 2087
f 1986 2087 1987
f 1987 2087 2088
f 1987 2088 1988
f 1988 2088 2089
f 1988 2089 1989
f 1989 2089 2090
f 1989 2090 1990
f 1990 2090 2091
f 1990 2091 1991
f 1991 2091 2092
f 1991 2092 1992
f 1992 2092 2093
f 1992 2093 1993
f 1993 2093 2094
f 1993 2094 1994
f 1994 2094 2095
f 1994 2095 1995
f 1995 2095 2096
f 1995 2096 1996
f 1996 2096 2097
f 1996 2097 1997
f 1997 2097 2098
f 1997 2098 1998
f 1998 2098 2099
f 1998 2099 1999
f 1999 2099 2100
f 1999 2100 2000
f 2000 2100 2001
f 2000 2001 1901
f 2001 2101 2102
f 2001 2102 2002
f 2002 2102 2103
f 2002 2103 2003
f 2003 2103 2104
f 2003 2104 2004
f 2004 2104 2105
f 2004 2105 2005
f 2005 2105 2106
f 2005 2106 2006
f 2006 2106 2107
f 2006 2107 2007
f 2007 2107 2108
f 2007 2108 2008
f 2008 2108 2109
f 2008 2109 2009
f 2009 2109 2110
f 2009 2110 2010
f 2010 2110 2111
f 2010 2111 2011
f 2011 2111 2112
f 2011 2112 2012
f 2012 2112 2113
f 2012 2113 2013
f 2013 2113 2114
f 2013 2114 2014
f 2014 2114 2115
f 2014 2115 2015
f 2015 2115 2116
f 2015 2116 2016
f 2016 2116 2117
f 2016 2117 2017
f 2017 2117 2118
f 2017 2118 2018
f 2018 2118 2119
f 2018 2119 2019
f 2019 2119 2120
f 2019 2120 2020
f 2020 2120 2121
f 2020 2121 2021
f 2021 2121 2122
f 2021 2122 2022
f 2022 2122 2123
f 2022 2123 2023
f 2023 2123 2124
f 2023 2124 2024
f 2024 2124 2125
f 2024 2125 2025
f 2025 2125 2126
f 2025 2126 2026
f 2026 2126 2127
f 2026 2127 2027
f 2027 2127 2128
f 2027 2128 2028
f 2028 2128 2129
f 2028 2129 2029
f 2029 2129 2130
f 2029 2130 2030
f 2030 2130 2131
f 2030 2131 2031
f 2031 2131 2132
f 2031 2132 2032
f 2032 2132 2133
f 2032 2133 2033
f 2033 2133 2134
f 2033 2134 2034
f 2034 2134 2135
f 2034 2135 2035
f 2035 2135 2136
f 2035 2136 2036
f 2036 2136 2137
f 2036 2137 2037
f 2037 2137 2138
f 2037 2138 2038
f 2038 2138 2139
f 2038 2139 2039
f 2039 2139 2140
f 2039 2140 2040
f 2040 2140 2141
f 2040 2141 2041
f 2041 2141 2142
f 2041 2142 2042
f 2042 2142 2143
f 2042 2143 2043
f 2043 2143 2144
f 2043 2144 2044
f 2044 2144 2145
f 2044 2145 2045
f 2045 2145 2146
f 2045 2146 2046
f 2046 2146 2147
f 2046 2147 2047
f 2047 2147 2148
f 2047 2148 2048
f 2048 2148 2149
f 2048 2149 2049
f 2049 2149 2150
f 2049 2150 2050
f 2050 2150 2151
f 2050 2151 2051
f 2051 2151 2152
f 2051 2152 2052
f 2052 2152 2153
f 2052 2153 2053
f 2053 2153 2154
f 2053 2154 2054
f 2054 2154 2155
f 2054 2155 2055
f 2055 2155 2156
f 2055 2156 2056
f 2056 2156 2157
f 2056 2157 2057
f 2057 2157 2158
f 2057 2158 2058
f 2058 2158 2159
f 2058 2159 2059
f 2059 2159 2160
f 2059 2160 2060
f 2060 2160 2161
f 2060 2161 2061
f 2061 2161 2162
f 2061 2162 2062
f 2062 2162 2163
f 2062 2163 2063
f 2063 2163 2164
f 2063 2164 2064
f 2064 2164 2165
f 2064 2165 2065
f 2065 2165 2166
f 2065 2166 2066
f 2066 2166 2167
f 2066 2167 2067
f 2067 2167 2168
f 2067 2168 2068
f 2068 2168 2169
f 2068 2169 2069
f 2069 2169 2170
f 2069 2170 2070
f 2070 2170 2171
f 2070 2171 2071
f 2071 2171 2172
f 2071 2172 2072
f 2072 2172 2173
f 2072 2173 2073
f 2073 2173 2174
f 2073 2174 2074
f 2074 2174 2175
f 2074 2175 2075
f 2075 2175 2176
f 2075 2176 2076
f 2076 2176 2177
f 2076 2177 2077
f 2077 2177 2178
f 2077 2178 2078
f 2078 2178 2179
f 2078 2179 2079
f 2079 2179 2180
f 2079 2180 2080
f 2080 2180 2181
f 2080 2181 2081
f 2081 2181 2182
f 2081 2182 2082
f 2082 2182 2183
f 2082 2183 2083
f 2083 2183 2184
f 2083 2184 2084
f 2084 2184 2185
f 2084 2185 2085
f 2085 2185 2186
f 2085 2186 2086
f 2086 2186 2187
f 2086 2187 2087
f 2087 2187 2188
f 2087 2188 2088
f 2088 2188 2189
f 2088 2189 2089
f 2089 2189 2190
f 2089 2190 2090
f 2090 2190 2191
f 2090 2191 2091
f 2091 2191 2192
f 2091 2192 2092
f 2092 2192 2193
f 2092 2193 2093
f 2093 2193 2194
f 2093 2194 2094
f 2094 2194 2195
f 2094 2195 2095
f 2095 2195 2196
f 2095 2196 2096
f 2096 2196 2197
f 2096 2197 2097
f 2097 2197 2198
f 2097 2198 2098
f 2098 2198 2199
f 2098 2199 2099
f 2099 2199 2200
f 2099 2200 2100
f 2100 2200 2101
f 2100 2101 2001
f 2101 2201 2202
f 2101 2202 2102
f 2102 2202 2203
f 2102 2203 2103
f 2103 2203 2204
f 2103 2204 2104
f 2104 2204 2205
f 2104 2205 2105
f 2105 2205 2206
f 2105 2206 2106
f 2106 2206 2207
f 2106 2207 2107
f 2107 2207 2208
f 2107 2208 2108
f 2108 2208 2209
f 2108 2209 2109
f 2109 2209 2210
f 2109 2210 2110
f 2110 2210 2211
f 2110 2211 2111
f 2111 2211 2212
f 2111 2212 2112
f 2112 2212 2213
f 2112 2213 2113
f 2113 2213 2214
f 2113 2214 2114
f 2114 2214 2215
f 2114 2215 2115
f 2115 2215 2216
f 2115 2216 2116
f 2116 2216 2217
f 2116 2217 2117
f 2117 2217 2218
f 2117 2218 2118
f 2118 2218 2219
f 2118 2219 2119
f 2119 2219 2220
f 2119 2220 2120
f 2120 2220 2221
f 2120 2221 2121
f 2121 2221 2222
f 2121 2222 2122
f 2122 2222 2223
f 2122 2223 2123
f 2123 2223 2224
f 2123 2224 2124
f 2124 2224 2225
f 2124 2225 2125
f 2125 2225 2226
f 2125 2226 2126
f 2126 2226 2227
f 2126 2227 2127
f 2127 2227 2228
f 2127 2228 2128
f 2128 2228 2229
f 2128 2229 2129
f 2129 2229 2230
f 2129 2230 2130
f 2130 2230 2231
f 2130 2231 2131
f 2131 2231 2232
f 2131 2232 2132
f 2132 2232 2233
f 2132 2233 2133
f 2133 2233 2234
f 2133 2234 2134
f 2134 2234 2235
f 2134 2235 2135
f 2135 2235 2236
f 2135 2236 2136
f 2136 2236 2237
f 2136 2237 2137
f 2137 2237 2238
f 2137 2238 2138
f 2138 2238 2239
f 2138 2239 2139
f 2139 2239 2240
f 2139 2240 2140
f 2140 2240 2241
f 2140 2241 2141
f 2141 2241 2242
f 2141 2242 2142
f 2142 2242 2243
f 2142 2243 2143
f 2143 2243 2244
f 2143 2244 2144
f 2144 2244 2245
f 2144 2245 2145
f 2145 2245 2246
f 2145 2246 2146
f 2146 2246 2247
f 2146 2247 2147
f 2147 2247 2248
f 2147 2248 2148
f 2148 2248 2249
f 2148 2249 2149
f 2149 2249 2250
f 2149 2250 2150
f 2150 2250 2251
f 2150 2251 2151
f 2151 2251 2252
f 2151 2252 2152
f 2152 2252 2253
f 2152 2253 2153
f 2153 2253 2254
f 2153 2254 2154
f 2154 2254 2255
f 2154 2255 2155
f 2155 2255 2256
f 2155 2256 2156
f 2156 2256 2257
f 2156 2257 2157
f 2157 2257 2258
f 2157 2258 2158
f 2158 2258 2259
f 2158 2259 2159
f 2159 2259 2260
f 2159 2260 2160
f 2160 2260 2261
f 2160 2261 2161
f 2161 2261 2262
f 2161 2262 2162
f 2162 2262 2263
f 2162 2263 2163
f 2163 2263 2264
f 2163 2264 2164
f 2164 2264 2265
f 2164 2265 2165
f 2165 2265 2266
f 2165 2266 2166
f 2166 2266 2267
f 2166 2267 2167
f 2167 2267 2268
f 2167 2268 2168
f 2168 2268 2269
f 2168 2269 2169
f 2169 2269 2270
f 2169 2270 2170
f 2170 2270 2271
f 2170 2271 2171
f 2171 2271 2272
f 2171 2272 2172
f 2172 2272 2273
f 2172 2273 2173
f 2173 2273 2274
f 2173 2274 2174
f 2174 2274 2275
f 2174 2275 2175
f 2175 2275 2276
f 2175 2276 2176
f 2176 2276 2277
f 2176 2277 2177
f 2177 2277 2278
f 2177 2278 2178
f 2178 2278 2279
f 2178 2279 2179
f 2179 2279 2280
f 2179 2280 2180
f 2180 2280 2281
f 2180 2281 2181
f 2181 2281 2282
f 2181 2282 2182
f 2182 2282 2283
f 2182 2283 2183
f 2183 2283 2284
f 2183 2284 2184
f 2184 2284 2285
f 2184 2285 2185
f 2185 2285 2286
f 2185 2286 2186
f 2186 2286 2287
f 2186 2287 2187
f 2187 2287 2288
f 2187 2288 2188
f 2188 2288 2289
f 2188 2289 2189
f 2189 2289 2290
f 2189 2290 2190
f 2190 2290 2291
f 2190 2291 2191
f 2191 2291 2292
f 2191 2292 2192
f 2192 2292 2293
f 2192 2293 2193
f 2193 2293 2294
f 2193 2294 2194
f 2194 2294 2295
f 2194 2295 2195
f 2195 2295 2296
f 2195 2296 2196
f 2196 2296 2297
f 2196 2297 2197
f 2197 2297 2298
f 2197 2298 2198
f 2198 2298 2299
f 2198 2299 2199
f 2199 2299 2300
f 2199 2300 2200
f 2200 2300 2201
f 2200 2201 2101
f 2201 2301 2302
f 2201 2302 2202
f 2202 2302 2303
f 2202 2303 2203
f 2203 2303 2304
f 2203 2304 2204
f 2204 2304 2305
f 2204 2305 2205
f 2205 2305 2306
f 2205 2306 2206
f 2206 2306 2307
f 2206 2307 2207
f 2207 2307 2308
f 2207 2308 2208
f 2208 2308 2309
f 2208 2309 2209
f 2209 2309 2310
f 2209 2310 2210
f 2210 2310 2311
f 2210 2311 2211
f 2211 2311 2312
f 2211 2312 2212
f 2212 2312 2313
f 2212 2313 2213
f 2213 2313 2314
f 2213 2314 2214
f 2214 2314 2315
f 2214 2315 2215
f 2215 2315 2316
f 2215 2316 2216
f 2216 2316 2317
f 2216 2317 2217
f 2217 2317 2318
f 2217 2318 2218
f 2218 2318 2319
f 2218 2319 2219
f 2219 2319 2320
f 2219 2320 2220
f 2220 2320 2321
f 2220 2321 2221
f 2221 2321 2322
f 2221 2322 2222
f 2222 2322 2323
f 2222 2323 2223
f 2223 2323 2324
f 2223 2324 2224
f 2224 2324 2325
f 2224 2325 2225
f 2225 2325 2326
f 2225 2326 2226
f 2226 2326 2327
f 2226 2327 2227
f 2227 2327 2328
f 2227 2328 2228
f 2228 2328 2329
f 2228 2329 2229
f 2229 2329 2330
f 2229 2330 2230
f 2230 2330 2331
f 2230 2331 2231
f 2231 2331 2332
f 2231 2332 2232
f 2232 2332 2333
f 2232 2333 2233
f 2233 2333 2334
f 2233 2334 2234
f 2234 2334 2335
f 2234 2335 2235
f 2235 2335 2336
f 2235 2336 2236
f 2236 2336 2337
f 2236 2337 2237
f 2237 2337 2338
f 2237 2338 2238
f 2238 2338 2339
f 2238 2339 2239
f 2239 2339 2340
f 2239 2340 2240
f 2240 2340 2341
f 2240 2341 2241
f 2241 2341 2342
f 2241 2342 2242
f 2242 2342 2343
f 2242 2343 2243
f 2243 2343 2344
f 2243 2344 2244
f 2244 2344 2345
f 2244 2345 2245
f 2245 2345 2346
f 2245 2346 2246
f 2246 2346 2347
f 2246 2347 2247
f 2247 2347 2348
f 2247 2348 2248
f 2248 2348 2349
f 2248 2349 2249
f 2249 2349 2350
f 2249 2350 2250
f 2250 2350 2351
f 2250 2351 2251
f 2251 2351 2352
f 2251 2352 2252
f 2252 2352 2353
f 2252 2353 2253
f 2253 2353 2354
f 2253 2354 2254
f 2254 2354 2355
f 2254 2355 2255
f 2255 2355 2356
f 2255 2356 2256
f 2256 2356 2357
f 2256 2357 2257
f 2257 2357 2358
f 2257 2358 2258
f 2258 2358 2359
f 2258 2359 2259
f 2259 2359 2360
f 2259 2360 2260
f 2260 2360 2361
f 2260 2361 2261
f 2261 2361 2362
f 2261 2362 2262
f 2262 2362 2363
f 2262 2363 2263
f 2263 2363 2364
f 2263 2364 2264
f 2264 2364 2365
f 2264 2365 2265
f 2265 2365 2366
f 2265 2366 2266
f 2266 2366 2367
f 2266 2367 2267
f 2267 2367 2368
f 2267 2368 2268
f 2268 2368 2369
f 2268 2369 2269
f 2269 2369 2370
f 2269 2370 2270
f 2270 2370 2371
f 2270 2371 2271
f 2271 2371 2372
f 2271 2372 2272
f 2272 2372 2373
f 2272 2373 2273
f 2273 2373 2374
f 2273 2374 2274
f 2274 2374 2375
f 2274 2375 2275
f 2275 2375 2376
f 2275 2376 2276
f 2276 2376 2377
f 2276 2377 2277
f 2277 2377 2378
f 2277 2378 2278
f 2278 2378 2379
f 2278 2379 2279
f 2279 2379 2380
f 2279 2380 2280
f 2280 2380 2381
f 2280 2381 2281
f 2281 2381 2382
f 2281 2382 2282
f 2282 2382 2383
f 2282 2383 2283
f 2283 2383 2384
f 2283 2384 2284
f 2284 2384 2385
f 2284 2385 2285
f 2285 2385 2386
f 2285 2386 2286
f 2286 2386 2387
f 2286 2387 2287
f 2287 2387 2388
f 2287 2388 2288
f 2288 2388 2389
f 2288 2389 2289
f 2289 2389 2390
f 2289 2390 2290
f 2290 2390 2391
f 2290 2391 2291
f 2291 2391 2392
f 2291 2392 2292
f 2292 2392 2393
f 2292 2393 2293
f 2293 2393 2394
f 2293 2394 2294
f 2294 2394 2395
f 2294 2395 2295
f 2295 2395 2396
f 2295 2396 2296
f 2296 2396 2397
f 2296 2397 2297
f 2297 2397 2398
f 2297 2398 2298
f 2298 2398 2399
f 2298 2399 2299
f 2299 2399 2400
f 2299 2400 2300
f 2300 2400 2301
f 2300 2301 2201
f 2301 2401 2402
f 2301 2402 2302
f 2302 2402 2403
f 2302 2403 2303
f 2303 2403 2404
f 2303 2404 2304
f 2304 2404 2405
f 2304 2405 2305
f 2305 2405 2406
f 2305 2406 2306
f 2306 2406 2407
f 2306 2407 2307
f 2307 2407 2408
f 2307 2408 2308
f 2308 2408 2409
f 2308 2409 2309
f 2309 2409 2410
f 2309 2410 2310
f 2310 2410 2411
f 2310 2411 2311
f 2311 2411 2412
f 2311 2412 2312
f 2312 2412 2413
f 2312 2413 2313
f 2313 2413 2414
f 2313 2414 2314
f 2314 2414 2415
f 2314 2415 2315
f 2315 2415 2416
f 2315 2416 2316
f 2316 2416 2417
f 2316 2417 2317
f 2317 2417 2418
f 2317 2418 2318
f 2318 2418 2419
f 2318 2419 2319
f 2319 2419 2420
f 2319 2420 2320
f 2320 2420 2421
f 2320 2421 2321
f 2321 2421 2422
f 2321 2422 2322
f 2322 2422 2423
f 2322 2423 2323
f 2323 2423 2424
f 2323 2424 2324
f 2324 2424 2425
f 2324 2425 2325
f 2325 2425 2426
f 2325 2426 2326
f 2326 2426 2427
f 2326 2427 2327
f 2327 2427 2428
f 2327 2428 2328
f 2328 2428 2429
f 2328 2429 2329
f 2329 2429 2430
f 2329 2430 2330
f 2330 2430 2431
f 2330 2431 2331
f 2331 2431 2432
f 2331 2432 2332
f 2332 2432 2433
f 2332 2433 2333
f 2333 2433 2434
f 2333 2434 2334
f 2334 2434 2435
f 2334 2435 2335
f 2335 2435 2436
f 2335 2436 2336
f 2336 2436 2437
f 2336 2437 2337
f 2337 2437 2438
f 2337 2438 2338
f 2338 2438 2439
f 2338 2439 2339
f 2339 2439 2440
f 2339 2440 2340
f 2340 2440 2441
f 2340 2441 2341
f 2341 2441 2442
f 2341 2442 2342
f 2342 2442 2443
f 2342 2443 2343
f 2343 2443 2444
f 2343 2444 2344
f 2344 2444 2445
f 2344 2445 2345
f 2345 2445 2446
f 2345 2446 2346
f 2346 2446 2447
f 2346 2447 2347
f 2347 2447 2448
f 2347 2448 2348
f 2348 2448 2449
f 2348 2449 2349
f 2349 2449 2450
f 2349 2450 2350
f 2350 2450 2451
f 2350 2451 2351
f 2351 2451 2452
f 2351 2452 2352
f 2352 2452 2453
f 2352 2453 2353
f 2353 2453 2454
f 2353 2454 2354
f 2354 2454 2455
f 2354 2455 2355
f 2355 2455 2456
f 2355 2456 2356
f 2356 2456 2457
f 2356 2457 2357
f 2357 2457 2458
f 2357 2458 2358
f 2358 2458 2459
f 2358 2459 2359
f 2359 2459 2460
f 2359 2460 2360
f 2360 2460 2461
f 2360 2461 2361
f 2361 2461 2462
f 2361 2462 2362
f 2362 2462 2463
f 2362 2463 2363
f 2363 2463 2464
f 2363 2464 2364
f 2364 2464 2465
f 2364 2465 2365
f 2365 2465 2466
f 2365 2466 2366
f 2366 2466 2467
f 2366 2467 2367
f 2367 2467 2468
f 2367 2468 2368
f 2368 2468 2469
f 2368 2469 2369
f 2369 2469 2470
f 2369 2470 2370
f 2370 2470 2471
f 2370 2471 2371
f 2371 2471 2472
f 2371 2472 2372
f 2372 2472 2473
f 2372 2473 2373
f 2373 2473 2474
f 2373 2474 2374
f 2374 2474 2475
f 2374 2475 2375
f 2375 2475 2476
f 2375 2476 2376
f 2376 2476 2477
f 2376 2477 2377
f 2377 2477 2478
f 2377 2478 2378
f 2378 2478 2479
f 2378 2479 2379
f 2379 2479 2480
f 2379 2480 2380
f 2380 2480 2481
f 2380 2481 2381
f 2381 2481 2482
f 2381 2482 2382
f 2382 2482 2483
f 2382 2483 2383
f 2383 2483 2484
f 2383 2484 2384
f 2384 2484 2485
f 2384 2485 2385
f 2385 2485 2486
f 2385 2486 2386
f 2386 2486 2487
f 2386 2487 2387
f 2387 2487 2488
f 2387 2488 2388
f 2388 2488 2489
f 2388 2489 2389
f 2389 2489 2490
f 2389 2490 2390
f 2390 2490 2491
f 2390 2491 2391
f 2391 2491 2492
f 2391 2492 2392
f 2392 2492 2493
f 2392 2493 2393
f 2393 2493 2494
f 2393 2494 2394
f 2394 2494 2495
f 2394 2495 2395
f 2395 2495 2496
f 2395 2496 2396
f 2396 2496 2497
f 2396 2497 2397
f 2397 2497 2498
f 2397 2498 2398
f 2398 2498 2499
f 2398 2499 2399
f 2399 2499 2500
f 2399 2500 2400
f 2400 2500 2401
f 2400 2401 2301
f 2401 2501 2502
f 2401 2502 2402
f 2402 2502 2503
f 2402 2503 2403
f 2403 2503 2504
f 2403 2504 2404
f 2404 2504 2505
f 2404 2505 2405
f 2405 2505 2506
f 2405 2506 2406
f 2406 2506 2507
f 2406 2507 2407
f 2407 2507 2508
f 2407 2508 2408
f 2408 2508 2509
f 2408 2509 2409
f 2409 2509 2510
f 2409 2510 2410
f 2410 2510 2511
f 2410 2511 2411
f 2411 2511 2512
f 2411 2512 2412
f 2412 2512 2513
f 2412 2513 2413
f 2413 2513 2514
f 2413 2514 2414
f 2414 2514 2515
f 2414 2515 2415
f 2415 2515 2516
f 2415 2516 2416
f 2416 2516 2517
f 2416 2517 2417
f 2417 2517 2518
f 2417 2518 2418
f 2418 2518 2519
f 2418 2519 2419
f 2419 2519 2520
f 2419 2520 2420
f 2420 2520 2521
f 2420 2521 2421
f 2421 2521 2522
f 2421 2522 2422
f 2422 2522 2523
f 2422 2523 2423
f 2423 2523 2524
f 2423 2524 2424
f 2424 2524 2525
f 2424 2525 2425
f 2425 2525 2526
f 2425 2526 2426
f 2426 2526 2527
f 2426 2527 2427
f 2427 2527 2528
f 2427 2528 2428
f 2428 2528 2529
f 2428 2529 2429
f 2429 2529 2530
f 2429 2530 2430
f 2430 2530 2531
f 2430 2531 2431
f 2431 2531 2532
f 2431 2532 2432
f 2432 2532 2533
f 2432 2533 2433
f 2433 2533 2534
f 2433 2534 2434
f 2434 2534 2535
f 2434 2535 2435
f 2435 2535 2536
f 2435 2536 2436
f 2436 2536 2537
f 2436 2537 2437
f 2437 2537 2538
f 2437 2538 2438
f 2438 2538 2539
f 2438 2539 2439
f 2439 2539 2540
f 2439 2540 2440
f 2440 2540 2541
f 2440 2541 2441
f 2441 2541 2542
f 2441 2542 2442
f 2442 2542 2543
f 2442 2543 2443
f 2443 2543 2544
f 2443 2544 2444
f 2444 2544 2545
f 2444 2545 2445
f 2445 2545 2546
f 2445 2546 2446
f 2446 2546 2547
f 2446 2547 2447
f 2447 2547 2548
f 2447 2548 2448
f 2448 2548 2549
f 2448 2549 2449
f 2449 2549 2550
f 2449 2550 2450
f 2450 2550 2551
f 2450 2551 2451
f 2451 2551 2552
f 2451 2552 2452
f 2452 2552 2553
f 2452 2553 2453
f 2453 2553 2554
f 2453 2554 2454
f 2454 2554 2555
f 2454 2555 2455
f 2455 2555 2556
f 2455 2556 2456
f 2456 2556 2557
f 2456 2557 2457
f 2457 2557 2558
f 2457 2558 2458
f 2458 2558 2559
f 2458 2559 2459
f 2459 2559 2560
f 2459 2560 2460
f 2460 2560 2561
f 2460 2561 2461
f 2461 2561 2562
f 2461 2562 2462
f 2462 2562 2563
f 2462 2563 2463
f 2463 2563 2564
f 2463 2564 2464
f 2464 2564 2565
f 2464 2565 2465
f 2465 2565 2566
f 2465 2566 2466
f 2466 2566 2567
f 2466 2567 2467
f 2467 2567 2568
f 2467 2568 2468
f 2468 2568 2569
f 2468 2569 2469
f 2469 2569 2570
f 2469 2570 2470
f 2470 2570 2571
f 2470 2571 2471
f 2471 2571 2572
f 2471 2572 2472
f 2472 2572 2573
f 2472 2573 2473
f 2473 2573 2574
f 2473 2574 2474
f 2474 2574 2575
f 2474 2575 2475
f 2475 2575 2576
f 2475 2576 2476
f 2476 2576 2577
f 2476 2577 2477
f 2477 2577 2578
f 2477 2578 2478
f 2478 2578 2579
f 2478 2579 2479
f 2479 2579 2580
f 2479 2580 2480
f 2480 2580 2581
f 2480 2581 2481
f 2481 2581 2582
f 2481 2582 2482
f 2482 2582 2583
f 2482 2583 2483
f 2483 2583 2584
f 2483 2584 2484
f 2484 2584 2585
f 2484 2585 2485
f 2485 2585 2586
f 2485 2586 2486
f 2486 2586 2587
f 2486 2587 2487
f 2487 2587 2588
f 2487 2588 2488
f 2488 2588 2589
f 2488 2589 2489
f 2489 2589 2590
f 2489 2590 2490
f 2490 2590 2591
f 2490 2591 2491
f 2491 2591 2592
f 2491 2592 2492
f 2492 2592 2593
f 2492 2593 2493
f 2493 2593 2594
f 2493 2594 2494
f 2494 2594 2595
f 2494 2595 2495
f 2495 2595 2596
f 2495 2596 2496
f 2496 2596 2597
f 2496 2597 2497
f 2497 2597 2598
f 2497 2598 2498
f 2498 2598 2599
f 2498 2599 2499
f 2499 2599 2600
f 2499 2600 2500
f 2500 2600 2501
f 2500 2501 2401
f 2501 2601 2602
f 2501 2602 2502
f 2502 2602 2603
f 2502 2603 2503
f 2503 2603 2604
f 2503 2604 2504
f 2504 2604 2605
f 2504 2605 2505
f 2505 2605 2606
f 2505 2606 2506
f 2506 2606 2607
f 2506 2607 2507
f 2507 2607 2608
f 2507 2608 2508
f 2508 2608 2609
f 2508 2609 2509
f 2509 2609 2610
f 2509 2610 2510
f 2510 2610 2611
f 2510 2611 2511
f 2511 2611 2612
f 2511 2612 2512
f 2512 2612 2613
f 2512 2613 2513
f 2513 2613 2614
f 2513 2614 2514
f 2514 2614 2615
f 2514 2615 2515
f 2515 2615 2616
f 2515 2616 2516
f 2516 2616 2617
f 2516 2617 2517
f 2517 2617 2618
f 2517 2618 2518
f 2518 2618 2619
f 2518 2619 2519
f 2519 2619 2620
f 2519 2620 2520
f 2520 2620 2621
f 2520 2621 2521
f 2521 2621 2622
f 2521 2622 2522
f 2522 2622 2623
f 2522 2623 2523
f 2523 2623 2624
f 2523 2624 2524
f 2524 2624 2625
f 2524 2625 2525
f 2525 2625 2626
f 2525 2626 2526
f 2526 2626 2627
f 2526 2627 2527
f 2527 2627 2628
f 2527 2628 2528
f 2528 2628 2629
f 2528 2629 2529
f 2529 2629 2630
f 2529 2630 2530
f 2530 2630 2631
f 2530 2631 2531
f 2531 2631 2632
f 2531 2632 2532
f 2532 2632 2633
f 2532 2633 2533
f 2533 2633 2634
f 2533 2634 2534
f 2534 2634 2635
f 2534 2635 2535
f 2535 2635 2636
f 2535 2636 2536
f 2536 2636 2637
f 2536 2637 2537
f 2537 2637 2638
f 2537 2638 2538
f 2538 2638 2639
f 2538 2639 2539
f 2539 2639 2640
f 2539 2640 2540
f 2540 2640 2641
f 2540 2641 2541
f 2541 2641 2642
f 2541 2642 2542
f 2542 2642 2643
f 2542 2643 2543
f 2543 2643 2644
f 2543 2644 2544
f 2544 2644 2645
f 2544 2645 2545
f 2545 2645 2646
f 2545 2646 2546
f 2546 2646 2647
f 2546 2647 2547
f 2547 2647 2648
f 2547 2648 2548
f 2548 2648 2649
f 2548 2649 2549
f 2549 2649 2650
f 2549 2650 2550
f 2550 2650 2651
f 2550 2651 2551
f 2551 2651 2652
f 2551 2652 2552
f 2552 2652 2653
f 2552 2653 2553
f 2553 2653 2654
f 2553 2654 2554
f 2554 2654 2655
f 2554 2655 2555
f 2555 2655 2656
f 2555 2656 2556
f 2556 2656 2657
f 2556 2657 2557
f 2557 2657 2658
f 2557 2658 2558
f 2558 2658 2659
f 2558 2659 2559
f 2559 2659 2660
f 2559 2660 2560
f 2560 2660 2661
f 2560 2661 2561
f 2561 2661 2662
f 2561 2662 2562
f 2562 2662 2663
f 2562 2663 2563
f 2563 2663 2664
f 2563 2664 2564
f 2564 2664 2665
f 2564 2665 2565
f 2565 2665 2666
f 2565 2666 2566
f 2566 2666 2667
f 2566 2667 2567
f 2567 2667 2668
f 2567 2668 2568
f 2568 2668 2669
f 2568 2669 2569
f 2569 2669 2670
f 2569 2670 2570
f 2570 2670 2671
f 2570 2671 2571
f 2571 2671 2672
f 2571 2672 2572
f 2572 2672 2673
f 2572 2673 2573
f 2573 2673 2674
f 2573 2674 2574
f 2574 2674 2675
f 2574 2675 2575
f 2575 2675 2676
f 2575 2676 2576
f 2576 2676 2677
f 2576 2677 2577
f 2577 2677 2678
f 2577 2678 2578
f 2578 2678 2679
f 2578 2679 2579
f 2579 2679 2680
f 2579 2680 2580
f 2580 2680 2681
f 2580 2681 2581
f 2581 2681 2682
f 2581 2682 2582
f 2582 2682 2683
f 2582 2683 2583
f 2583 2683 2684
f 2583 2684 2584
f 2584 2684 2685
f 2584 2685 2585
f 2585 2685 2686
f 2585 2686 2586
f 2586 2686 2687
f 2586 2687 2587
f 2587 2687 2688
f 2587 2688 2588
f 2588 2688 2689
f 2588 2689 2589
f 2589 2689 2690
f 2589 2690 2590
f 2590 2690 2691
f 2590 2691 2591
f 2591 2691 2692
f 2591 2692 2592
f 2592 2692 2693
f 2592 2693 2593
f 2593 2693 2694
f 2593 2694 2594
f 2594 2694 2695
f 2594 2695 2595
f 2595 2695 2696
f 2595 2696 2596
f 2596 2696 2697
f 2596 2697 2597
f 2597 2697 2698
f 2597 2698 2598
f 2598 2698 2699
f 2598 2699 2599
f 2599 2699 2700
f 2599 2700 2600
f 2600 2700 2601
f 2600 2601 2501
f 2601 2701 2702
f 2601 2702 2602
f 2602 2702 2703
f 2602 2703 2603
f 2603 2703 2704
f 2603 2704 2604
f 2604 2704 2705
f 2604 2705 2605
f 2605 2705 2706
f 2605 2706 2606
f 2606 2706 2707
f 2606 2707 2607
f 2607 2707 2708
f 2607 2708 2608
f 2608 2708 2709
f 2608 2709 2609
f 2609 2709 2710
f 2609 2710 2610
f 2610 2710 2711
f 2610 2711 2611
f 2611 2711 2712
f 2611 2712 2612
f 2612 2712 2713
f 2612 2713 2613
f 2613 2713 2714
f 2613 2714 2614
f 2614 2714 2715
f 2614 2715 2615
f 2615 2715 2716
f 2615 2716 2616
f 2616 2716 2717
f 2616 2717 2617
f 2617 2717 2718
f 2617 2718 2618
f 2618 2718 2719
f 2618 2719 2619
f 2619 2719 2720
f 2619 2720 2620
f 2620 2720 2721
f 2620 2721 2621
f 2621 2721 2722
f 2621 2722 2622
f 2622 2722 2723
f 2622 2723 2623
f 2623 2723 2724
f 2623 2724 2624
f 2624 2724 2725
f 2624 2725 2625
f 2625 2725 2726
f 2625 2726 2626
f 2626 2726 2727
f 2626 2727 2627
f 2627 2727 2728
f 2627 2728 2628
f 2628 2728 2729
f 2628 2729 2629
f 2629 2729 2730
f 2629 2730 2630
f 2630 2730 2731
f 2630 2731 2631
f 2631 2731 2732
f 2631 2732 2632
f 2632 2732 2733
f 2632 2733 2633
f 2633 2733 2734
f 2633 2734 2634
f 2634 2734 2735
f 2634 2735 2635
f 2635 2735 2736
f 2635 2736 2636
f 2636 2736 2737
f 2636 2737 2637
f 2637 2737 2738
f 2637 2738 2638
f 2638 2738 2739
f 2638 2739 2639
f 2639 2739 2740
f 2639 2740 2640
f 2640 2740 2741
f 2640 2741 2641
f 2641 2741 2742
f 2641 2742 2642
f 2642 2742 2743
f 2642 2743 2643
f 2643 2743 2744
f 2643 2744 2644
f 2644 2744 2745
f 2644 2745 2645
f 2645 2745 2746
f 2645 2746 2646
f 2646 2746 2747
f 2646 2747 2647
f 2647 2747 2748
f 2647 2748 2648
f 2648 2748 2749
f 2648 2749 2649
f 2649 2749 2750
f 2649 2750 2650
f 2650 2750 2751
f 2650 2751 2651
f 2651 2751 2752
f 2651 2752 2652
f 2652 2752 2753
f 2652 2753 2653
f 2653 2753 2754
f 2653 2754 2654
f 2654 2754 2755
f 2654 2755 2655
f 2655 2755 2756
f 2655 2756 2656
f 2656 2756 2757
f 2656 2757 2657
f 2657 2757 2758
f 2657 2758 2658
f 2658 2758 2759
f 2658 2759 2659
f 2659 2759 2760
f 2659 2760 2660
f 2660 2760 2761
f 2660 2761 2661
f 2661 2761 2762
f 2661 2762 2662
f 2662 2762 2763
f 2662 2763 2663
f 2663 2763 2764
f 2663 2764 2664
f 2664 2764 2765
f 2664 2765 2665
f 2665 2765 2766
f 2665 2766 2666
f 2666 2766 2767
f 2666 2767 2667
f 2667 2767 2768
f 2667 2768 2668
f 2668 2768 2769
f 2668 2769 2669
f 2669 2769 2770
f 2669 2770 2670
f 2670 2770 2771
f 2670 2771 2671
f 2671 2771 2772
f 2671 2772 2672
f 2672 2772 2773
f 2672 2773 2673
f 2673 2773 2774
f 2673 2774 2674
f 2674 2774 2775
f 2674 2775 2675
f 2675 2775 2776
f 2675 2776 2676
f 2676 2776 2777
f 2676 2777 2677
f 2677 2777 2778
f 2677 2778 2678
f 2678 2778 2779
f 2678 2779 2679
f 2679 2779 2780
f 2679 2780 2680
f 2680 2780 2781
f 2680 2781 2681
f 2681 2781 2782
f 2681 2782 2682
f 2682 2782 2783
f 2682 2783 2683
f 2683 2783 2784
f 2683 2784 2684
f 2684 2784 2785
f 2684 2785 2685
f 2685 2785 2786
f 2685 2786 2686
f 2686 2786 2787
f 2686 2787 2687
f 2687 2787 2788
f 2687 2788 2688
f 2688 2788 2789
f 2688 2789 2689
f 2689 2789 2790
f 2689 2790 2690
f 2690 2790 2791
f 2690 2791 2691
f 2691 2791 2792
f 2691 2792 2692
f 2692 2792 2793
f 2692 2793 2693
f 2693 2793 2794
f 2693 2794 2694
f 2694 2794 2795
f 2694 2795 2695
f 2695 2795 2796
f 2695 2796 2696
f 2696 2796 2797
f 2696 2797 2697
f 2697 2797 2798
f 2697 2798 2698
f 2698 2798 2799
f 2698 2799 2699
f 2699 2799 2800
f 2699 2800 2700
f 2700 2800 2701
f 2700 2701 2601
f 2701 2801 2802
f 2701 2802 2702
f 2702 2802 2803
f 2702 2803 2703
f 2703 2803 2804
f 2703 2804 2704
f 2704 2804 2805
f 2704 2805 2705
f 2705 2805 2806
f 2705 2806 2706
f 2706 2806 2807
f 2706 2807 2707
f 2707 2807 2808
f 2707 2808 2708
f 2708 2808 2809
f 2708 2809 2709
f 2709 2809 2810
f 2709 2810 2710
f 2710 2810 2811
f 2710 2811 2711
f 2711 2811 2812
f 2711 2812 2712
f 2712 2812 2813
f 2712 2813 2713
f 2713 2813 2814
f 2713 2814 2714
f 2714 2814 2815
f 2714 2815 2715
f 2715 2815 2816
f 2715 2816 2716
f 2716 2816 2817
f 2716 2817 2717
f 2717 2817 2818
f 2717 2818 2718
f 2718 2818 2819
f 2718 2819 2719
f 2719 2819 2820
f 2719 2820 2720
f 2720 2820 2821
f 2720 2821 2721
f 2721 2821 2822
f 2721 2822 2722
f 2722 2822 2823
f 2722 2823 2723
f 2723 2823 2824
f 2723 2824 2724
f 2724 2824 2825
f 2724 2825 2725
f 2725 2825 2826
f 2725 2826 2726
f 2726 2826 2827
f 2726 2827 2727
f 2727 2827 2828
f 2727 2828 2728
f 2728 2828 2829
f 2728 2829 2729
f 2729 2829 2830
f 2729 2830 2730
f 2730 2830 2831
f 2730 2831 2731
f 2731 2831 2832
f 2731 2832 2732
f 2732 2832 2833
f 2732 2833 2733
f 2733 2833 2834
f 2733 2834 2734
f 2734 2834 2835
f 2734 2835 2735
f 2735 2835 2836
f 2735 2836 2736
f 2736 2836 2837
f 2736 2837 2737
f 2737 2837 2838
f 2737 2838 2738
f 2738 2838 2839
f 2738 2839 2739
f 2739 2839 2840
f 2739 2840 2740
f 2740 2840 2841
f 2740 2841 2741
f 2741 2841 2842
f 2741 2842 2742
f 2742 2842 2843
f 2742 2843 2743
f 2743 2843 2844
f 2743 2844 2744
f 2744 2844 2845
f 2744 2845 2745
f 2745 2845 2846
f 2745 2846 2746
f 2746 2846 2847
f 2746 2847 2747
f 2747 2847 2848
f 2747 2848 2748
f 2748 2848 2849
f 2748 2849 2749
f 2749 2849 2850
f 2749 2850 2750
f 2750 2850 2851
f 2750 2851 2751
f 2751 2851 2852
f 2751 2852 2752
f 2752 2852 2853
f 2752 2853 2753
f 2753 2853 2854
f 2753 2854 2754
f 2754 2854 2855
f 2754 2855 2755
f 2755 2855 2856
f 2755 2856 2756
f 2756 2856 2857
f 2756 2857 2757
f 2757 2857 2858
f 2757 2858 2758
f 2758 2858 2859
f 2758 2859 2759
f 2759 2859 2860
f 2759 2860 2760
f 2760 2860 2861
f 2760 2861 2761
f 2761 2861 2862
f 2761 2862 2762
f 2762 2862 2863
f 2762 2863 2763
f 2763 2863 2864
f 2763 2864 2764
f 2764 2864 2865
f 2764 2865 2765
f 2765 2865 2866
f 2765 2866 2766
f 2766 2866 2867
f 2766 2867 2767
f 2767 2867 2868
f 2767 2868 2768
f 2768 2868 2869
f 2768 2869 2769
f 2769 2869 2870
f 2769 2870 2770
f 2770 2870 2871
f 2770 2871 2771
f 2771 2871 2872
f 2771 2872 2772
f 2772 2872 2873
f 2772 2873 2773
f 2773 2873 2874
f 2773 2874 2774
f 2774 2874 2875
f 2774 2875 2775
f 2775 2875 2876
f 2775 2876 2776
f 2776 2876 2877
f 2776 2877 2777
f 2777 2877 2878
f 2777 2878 2778
f 2778 2878 2879
f 2778 2879 2779
f 2779 2879 2880
f 2779 2880 2780
f 2780 2880 2881
f 2780 2881 2781
f 2781 2881 2882
f 2781 2882 2782
f 2782 2882 2883
f 2782 2883 2783
f 2783 2883 2884
f 2783 2884 2784
f 2784 2884 2885
f 2784 2885 2785
f 2785 2885 2886
f 2785 2886 2786
f 2786 2886 2887
f 2786 2887 2787
f 2787 2887 2888
f 2787 2888 2788
f 2788 2888 2889
f 2788 2889 2789
f 2789 2889 2890
f 2789 2890 2790
f 2790 2890 2891
f 2790 2891 2791
f 2791 2891 2892
f 2791 2892 2792
f 2792 2892 2893
f 2792 2893 2793
f 2793 2893 2894
f 2793 2894 2794
f 2794 2894 2895
f 2794 2895 2795
f 2795 2895 2896
f 2795 2896 2796
f 2796 2896 2897
f 2796 2897 2797
f 2797 2897 2898
f 2797 2898 2798
f 2798 2898 2899
f 2798 2899 2799
f 2799 2899 2900
f 2799 2900 2800
f 2800 2900 2801
f 2800 2801 2701
f 2801 2901 2902
f 2801 2902 2802
f 2802 2902 2903
f 2802 2903 2803
f 2803 2903 2904
f 2803 2904 2804
f 2804 2904 2905
f 2804 2905 2805
f 2805 2905 2906
f 2805 2906 2806
f 2806 2906 2907
f 2806 2907 2807
f 2807 2907 2908
f 2807 2908 2808
f 2808 2908 2909
f 2808 2909 2809
f 2809 2909 2910
f 2809 2910 2810
f 2810 2910 2911
f 2810 2911 2811
f 2811 2911 2912
f 2811 2912 2812
f 2812 2912 2913
f 2812 2913 2813
f 2813 2913 2914
f 2813 2914 2814
f 2814 2914 2915
f 2814 2915 2815
f 2815 2915 2916
f 2815 2916 2816
f 2816 2916 2917
f 2816 2917 2817
f 2817 2917 2918
f 2817 2918 2818
f 2818 2918 2919
f 2818 2919 2819
f 2819 2919 2920
f 2819 2920 2820
f 2820 2920 2921
f 2820 2921 2821
f 2821 2921 2922
f 2821 2922 2822
f 2822 2922 2923
f 2822 2923 2823
f 2823 2923 2924
f 2823 2924 2824
f 2824 2924 2925
f 2824 2925 2825
f 2825 2925 2926
f 2825 2926 2826
f 2826 2926 2927
f 2826 2927 2827
f 2827 2927 2928
f 2827 2928 2828
f 2828 2928 2929
f 2828 2929 2829
f 2829 2929 2930
f 2829 2930 2830
f 2830 2930 2931
f 2830 2931 2831
f 2831 2931 2932
f 2831 2932 2832
f 2832 2932 2933
f 2832 2933 2833
f 2833 2933 2934
f 2833 2934 2834
f 2834 2934 2935
f 2834 2935 2835
f 2835 2935 2936
f 2835 2936 2836
f 2836 2936 2937
f 2836 2937 2837
f 2837 2937 2938
f 2837 2938 2838
f 2838 2938 2939
f 2838 2939 2839
f 2839 2939 2940
f 2839 2940 2840
f 2840 2940 2941
f 2840 2941 2841
f 2841 2941 2942
f 2841 2942 2842
f 2842 2942 2943
f 2842 2943 2843
f 2843 2943 2944
f 2843 2944 2844
f 2844 2944 2945
f 2844 2945 2845
f 2845 2945 2946
f 2845 2946 2846
f 2846 2946 2947
f 2846 2947 2847
f 2847 2947 2948
f 2847 2948 2848
f 2848 2948 2949
f 2848 2949 2849
f 2849 2949 2950
f 2849 2950 2850
f 2850 2950 2951
f 2850 2951 2851
f 2851 2951 2952
f 2851 2952 2852
f 2852 2952 2953
f 2852 2953 2853
f 2853 2953 2954
f 2853 2954 2854
f 2854 2954 2955
f 2854 2955 2855
f 2855 2955 2956
f 2855 2956 2856
f 2856 2956 2957
f 2856 2957 2857
f 2857 2957 2958
f 2857 2958 2858
f 2858 2958 2959
f 2858 2959 2859
f 2859 2959 2960
f 2859 2960 2860
f 2860 2960 2961
f 2860 2961 2861
f 2861 2961 2962
f 2861 2962 2862
f 2862 2962 2963
f 2862 2963 2863
f 2863 2963 2964
f 2863 2964 2864
f 2864 2964 2965
f 2864 2965 2865
f 2865 2965 2966
f 2865 2966 2866
f 2866 2966 2967
f 2866 2967 2867
f 2867 2967 2968
f 2867 2968 2868
f 2868 2968 2969
f 2868 2969 2869
f 2869 2969 2970
f 2869 2970 2870
f 2870 2970 2971
f 2870 2971 2871
f 2871 2971 2972
f 2871 2972 2872
f 2872 2972 2973
f 2872 2973 2873
f 2873 2973 2974
f 2873 2974 2874
f 2874 2974 2975
f 2874 2975 2875
f 2875 2975 2976
f 2875 2976 2876
f 2876 2976 2977
f 2876 2977 2877
f 2877 2977 2978
f 2877 2978 2878
f 2878 2978 2979
f 2878 2979 2879
f 2879 2979 2980
f 2879 2980 2880
f 2880 2980 2981
f 2880 2981 2881
f 2881 2981 2982
f 2881 2982 2882
f 2882 2982 2983
f 2882 2983 2883
f 2883 2983 2984
f 2883 2984 2884
f 2884 2984 2985
f 2884 2985 2885
f 2885 2985 2986
f 2885 2986 2886
f 2886 2986 2987
f 2886 2987 2887
f 2887 2987 2988
f 2887 2988 2888
f 2888 2988 2989
f 2888 2989 2889
f 2889 2989 2990
f 2889 2990 2890
f 2890 2990 2991
f 2890 2991 2891
f 2891 2991 2992
f 2891 2992 2892
f 2892 2992 2993
f 2892 2993 2893
f 2893 2993 2994
f 2893 2994 2894
f 2894 2994 2995
f 2894 2995 2895
f 2895 2995 2996
f 2895 2996 2896
f 2896 2996 2997
f 2896 2997 2897
f 2897 2997 2998
f 2897 2998 2898
f 2898 2998 2999
f 2898 2999 2899
f 2899 2999 3000
f 2899 3000 2900
f 2900 3000 2901
f 2900 2901 2801
f 2901 3001 3002
f 2901 3002 2902
f 2902 3002 3003
f 2902 3003 2903
f 2903 3003 3004
f 2903 3004 2904
f 2904 3004 3005
f 2904 3005 2905
f 2905 3005 3006
f 2905 3006 2906
f 2906 3006 3007
f 2906 3007 2907
f 2907 3007 3008
f 2907 3008 2908
f 2908 3008 3009
f 2908 3009 2909
f 2909 3009 3010
f 2909 3010 2910
f 2910 3010 3011
f 2910 3011 2911
f 2911 3011 3012
f 2911 3012 2912
f 2912 3012 3013
f 2912 3013 2913
f 2913 3013 3014
f 2913 3014 2914
f 2914 3014 3015
f 2914 3015 2915
f 2915 3015 3016
f 2915 3016 2916
f 2916 3016 3017
f 2916 3017 2917
f 2917 3017 3018
f 2917 3018 2918
f 2918 3018 3019
f 2918 3019 2919
f 2919 3019 3020
f 2919 3020 2920
f 2920 3020 3021
f 2920 3021 2921
f 2921 3021 3022
f 2921 3022 2922
f 2922 3022 3023
f 2922 3023 2923
f 2923 3023 3024
f 2923 3024 2924
f 2924 3024 3025
f 2924 3025 2925
f 2925 3025 3026
f 2925 3026 2926
f 2926 3026 3027
f 2926 3027 2927
f 2927 3027 3028
f 2927 3028 2928
f 2928 3028 3029
f 2928 3029 2929
f 2929 3029 3030
f 2929 3030 2930
f 2930 3030 3031
f 2930 3031 2931
f 2931 3031 3032
f 2931 3032 2932
f 2932 3032 3033
f 2932 3033 2933
f 2933 3033 3034
f 2933 3034 2934
f 2934 3034 3035
f 2934 3035 2935
f 2935 3035 3036
f 2935 3036 2936
f 2936 3036 3037
f 2936 3037 2937
f 2937 3037 3038
f 2937 3038 2938
f 2938 3038 3039
f 2938 3039 2939
f 2939 3039 3040
f 2939 3040 2940
f 2940 3040 3041
f 2940 3041 2941
f 2941 3041 3042
f 2941 3042 2942
f 2942 3042 3043
f 2942 3043 2943
f 2943 3043 3044
f 2943 3044 2944
f 2944 3044 3045
f 2944 3045 2945
f 2945 3045 3046
f 2945 3046 2946
f 2946 3046 3047
f 2946 3047 2947
f 2947 3047 3048
f 2947 3048 2948
f 2948 3048 3049
f 2948 3049 2949
f 2949 3049 3050
f 2949 3050 2950
f 2950 3050 3051
f 2950 3051 2951
f 2951 3051 3052
f 2951 3052 2952
f 2952 3052 3053
f 2952 3053 2953
f 2953 3053 3054
f 2953 3054 2954
f 2954 3054 3055
f 2954 3055 2955
f 2955 3055 3056
f 2955 3056 2956
f 2956 3056 3057
f 2956 3057 2957
f 2957 3057 3058
f 2957 3058 2958
f 2958 3058 3059
f 2958 3059 2959
f 2959 3059 3060
f 2959 3060 2960
f 2960 3060 3061
f 2960 3061 2961
f 2961 3061 3062
f 2961 3062 2962
f 2962 3062 3063
f 2962 3063 2963
f 2963 3063 3064
f 2963 3064 2964
f 2964 3064 3065
f 2964 3065 2965
f 2965 3065 3066
f 2965 3066 2966
f 2966 3066 3067
f 2966 3067 2967
f 2967 3067 3068
f 2967 3068 2968
f 2968 3068 3069
f 2968 3069 2969
f 2969 3069 3070
f 2969 3070 2970
f 2970 3070 3071
f 2970 3071 2971
f 2971 3071 3072
f 2971 3072 2972
f 2972 3072 3073
f 2972 3073 2973
f 2973 3073 3074
f 2973 3074 2974
f 2974 3074 3075
f 2974 3075 2975
f 2975 3075 3076
f 2975 3076 2976
f 2976 3076 3077
f 2976 3077 2977
f 2977 3077 3078
f 2977 3078 2978
f 2978 3078 3079
f 2978 3079 2979
f 2979 3079 3080
f 2979 3080 2980
f 2980 3080 3081
f 2980 3081 2981
f 2981 3081 3082
f 2981 3082 2982
f 2982 3082 3083
f 2982 3083 2983
f 2983 3083 3084
f 2983 3084 2984
f 2984 3084 3085
f 2984 3085 2985
f 2985 3085 3086
f 2985 3086 2986
f 2986 3086 3087
f 2986 3087 2987
f 2987 3087 3088
f 2987 3088 2988
f 2988 3088 3089
f 2988 3089 2989
f 2989 3089 3090
f 2989 3090 2990
f 2990 3090 3091
f 2990 3091 2991
f 2991 3091 3092
f 2991 3092 2992
f 2992 3092 3093
f 2992 3093 2993
f 2993 3093 3094
f 2993 3094 2994
f 2994 3094 3095
f 2994 3095 2995
f 2995 3095 3096
f 2995 3096 2996
f 2996 3096 3097
f 2996 3097 2997
f 2997 3097 3098
f 2997 3098 2998
f 2998 3098 3099
f 2998 3099 2999
f 2999 3099 3100
f 2999 3100 3000
f 3000 3100 3001
f 3000 3001 2901
f 3001 3101 3102
f 3001 3102 3002
f 3002 3102 3103
f 3002 3103 3003
f 3003 3103 3104
f 3003 3104 3004
f 3004 3104 3105
f 3004 3105 3005
f 3005 3105 3106
f 3005 3106 3006
f 3006 3106 3107
f 3006 3107 3007
f 3007 3107 3108
f 3007 3108 3008
f 3008 3108 3109
f 3008 3109 3009
f 3009 3109 3110
f 3009 3110 3010
f 3010 3110 3111
f 3010 3111 3011
f 3011 3111 3112
f 3011 3112 3012
f 3012 3112 3113
f 3012 3113 3013
f 3013 3113 3114
f 3013 3114 3014
f 3014 3114 3115
f 3014 3115 3015
f 3015 3115 3116
f 3015 3116 3016
f 3016 3116 3117
f 3016 3117 3017
f 3017 3117 3118
f 3017 3118 3018
f 3018 3118 3119
f 3018 3119 3019
f 3019 3119 3120
f 3019 3120 3020
f 3020 3120 3121
f 3020 3121 3021
f 3021 3121 3122
f 3021 3122 3022
f 3022 3122 3123
f 3022 3123 3023
f 3023 3123 3124
f 3023 3124 3024
f 3024 3124 3125
f 3024 3125 3025
f 3025 3125 3126
f 3025 3126 3026
f 3026 3126 3127
f 3026 3127 3027
f 3027 3127 3128
f 3027 3128 3028
f 3028 3128 3129
f 3028 3129 3029
f 3029 3129 3130
f 3029 3130 3030
f 3030 3130 3131
f 3030 3131 3031
f 3031 3131 3132
f 3031 3132 3032
f 3032 3132 3133
f 3032 3133 3033
f 3033 3133 3134
f 3033 3134 3034
f 3034 3134 3135
f 3034 3135 3035
f 3035 3135 3136
f 3035 3136 3036
f 3036 3136 3137
f 3036 3137 3037
f 3037 3137 3138
f 3037 3138 3038
f 3038 3138 3139
f 3038 3139 3039
f 3039 3139 3140
f 3039 3140 3040
f 3040 3140 3141
f 3040 3141 3041
f 3041 3141 3142
f 3041 3142 3042
f 3042 3142 3143
f 3042 3143 3043
f 3043 3143 3144
f 3043 3144 3044
f 3044 3144 3145
f 3044 3145 3045
f 3045 3145 3146
f 3045 3146 3046
f 3046 3146 3147
f 3046 3147 3047
f 3047 3147 3148
f 3047 3148 3048
f 3048 3148 3149
f 3048 3149 3049
f 3049 3149 3150
f 3049 3150 3050
f 3050 3150 3151
f 3050 3151 3051
f 3051 3151 3152
f 3051 3152 3052
f 3052 3152 3153
f 3052 3153 3053
f 3053 3153 3154
f 3053 3154 3054
f 3054 3154 3155
f 3054 3155 3055
f 3055 3155 3156
f 3055 3156 3056
f 3056 3156 3157
f 3056 3157 3057
f 3057 3157 3158
f 3057 3158 3058
f 3058 3158 3159
f 3058 3159 3059
f 3059 3159 3160
f 3059 3160 3060
f 3060 3160 3161
f 3060 3161 3061
f 3061 3161 3162
f 3061 3162 3062
f 3062 3162 3163
f 3062 3163 3063
f 3063 3163 3164
f 3063 3164 3064
f 3064 3164 3165
f 3064 3165 3065
f 3065 3165 3166
f 3065 3166 3066
f 3066 3166 3167
f 3066 3167 3067
f 3067 3167 3168
f 3067 3168 3068
f 3068 3168 3169
f 3068 3169 3069
f 3069 3169 3170
f 3069 3170 3070
f 3070 3170 3171
f 3070 3171 3071
f 3071 3171 3172
f 3071 3172 3072
f 3072 3172 3173
f 3072 3173 3073
f 3073 3173 3174
f 3073 3174 3074
f 3074 3174 3175
f 3074 3175 3075
f 3075 3175 3176
f 3075 3176 3076
f 3076 3176 3177
f 3076 3177 3077
f 3077 3177 3178
f 3077 3178 3078
f 3078 3178 3179
f 3078 3179 3079
f 3079 3179 3180
f 3079 3180 3080
f 3080 3180 3181
f 3080 3181 3081
f 3081 3181 3182
f 3081 3182 3082
f 3082 3182 3183
f 3082 3183 3083
f 3083 3183 3184
f 3083 3184 3084
f 3084 3184 3185
f 3084 3185 3085
f 3085 3185 3186
f 3085 3186 3086
f 3086 3186 3187
f 3086 3187 3087
f 3087 3187 3188
f 3087 3188 3088
f 3088 3188 3189
f 3088 3189 3089
f 3089 3189 3190
f 3089 3190 3090
f 3090 3190 3191
f 3090 3191 3091
f 3091 3191 3192
f 3091 3192 3092
f 3092 3192 3193
f 3092 3193 3093
f 3093 3193 3194
f 3093 3194 3094
f 3094 3194 3195
f 3094 3195 3095
f 3095 3195 3196
f 3095 3196 3096
f 3096 3196 3197
f 3096 3197 3097
f 3097 3197 3198
f 3097 3198 3098
f 3098 3198 3199
f 3098 3199 3099
f 3099 3199 3200
f 3099 3200 3100
f 3100 3200 3101
f 3100 3101 3001
f 3101 3201 3202
f 3101 3202 3102
f 3102 3202 3203
f 3102 3203 3103
f 3103 3203 3204
f 3103 3204 3104
f 3104 3204 3205
f 3104 3205 3105
f 3105 3205 3206
f 3105 3206 3106
f 3106 3206 3207
f 3106 3207 3107
f 3107 3207 3208
f 3107 3208 3108
f 3108 3208 3209
f 3108 3209 3109
f 3109 3209 3210
f 3109 3210 3110
f 3110 3210 3211
f 3110 3211 3111
f 3111 3211 3212
f 3111 3212 3112
f 3112 3212 3213
f 3112 3213 3113
f 3113 3213 3214
f 3113 3214 3114
f 3114 3214 3215
f 3114 3215 3115
f 3115 3215 3216
f 3115 3216 3116
f 3116 3216 3217
f 3116 3217 3117
f 3117 3217 3218
f 3117 3218 3118
f 3118 3218 3219
f 3118 3219 3119
f 3119 3219 3220
f 3119 3220 3120
f 3120 3220 3221
f 3120 3221 3121
f 3121 3221 3222
f 3121 3222 3122
f 3122 3222 3223
f 3122 3223 3123
f 3123 3223 3224
f 3123 3224 3124
f 3124 3224 3225
f 3124 3225 3125
f 3125 3225 3226
f 3125 3226 3126
f 3126 3226 3227
f 3126 3227 3127
f 3127 3227 3228
f 3127 3228 3128
f 3128 3228 3229
f 3128 3229 3129
f 3129 3229 3230
f 3129 3230 3130
f 3130 3230 3231
f 3130 3231 3131
f 3131 3231 3232
f 3131 3232 3132
f 3132 3232 3233
f 3132 3233 3133
f 3133 3233 3234
f 3133 3234 3134
f 3134 3234 3235
f 3134 3235 3135
f 3135 3235 3236
f 3135 3236 3136
f 3136 3236 3237
f 3136 3237 3137
f 3137 3237 3238
f 3137 3238 3138
f 3138 3238 3239
f 3138 3239 3139
f 3139 3239 3240
f 3139 3240 3140
f 3140 3240 3241
f 3140 3241 3141
f 3141 3241 3242
f 3141 3242 3142
f 3142 3242 3243
f 3142 3243 3143
f 3143 3243 3244
f 3143 3244 3144
f 3144 3244 3245
f 3144 3245 3145
f 3145 3245 3246
f 3145 3246 3146
f 3146 3246 3247
f 3146 3247 3147
f 3147 3247 3248
f 3147 3248 3148
f 3148 3248 3249
f 3148 3249 3149
f 3149 3249 3250
f 3149 3250 3150
f 3150 3250 3251
f 3150 3251 3151
f 3151 3251 3252
f 3151 3252 3152
f 3152 3252 3253
f 3152 3253 3153
f 3153 3253 3254
f 3153 3254 3154
f 3154 3254 3255
f 3154 3255 3155
f 3155 3255 3256
f 3155 3256 3156
f 3156 3256 3257
f 3156 3257 3157
f 3157 3257 3258
f 3157 3258 3158
f 3158 3258 3259
f 3158 3259 3159
f 3159 3259 3260
f 3159 3260 3160
f 3160 3260 3261
f 3160 3261 3161
f 3161 3261 3262
f 3161 3262 3162
f 3162 3262 3263
f 3162 3263 3163
f 3163 3263 3264
f 3163 3264 3164
f 3164 3264 3265
f 3164 3265 3165
f 3165 3265 3266
f 3165 3266 3166
f 3166 3266 3267
f 3166 3267 3167
f 3167 3267 3268
f 3167 3268 3168
f 3168 3268 3269
f 3168 3269 3169
f 3169 3269 3270
f 3169 3270 3170
f 3170 3270 3271
f 3170 3271 3171
f 3171 3271 3272
f 3171 3272 3172
f 3172 3272 3273
f 3172 3273 3173
f 3173 3273 3274
f 3173 3274 3174
f 3174 3274 3275
f 3174 3275 3175
f 3175 3275 3276
f 3175 3276 3176
f 3176 3276 3277
f 3176 3277 3177
f 3177 3277 3278
f 3177 3278 3178
f 3178 3278 3279
f 3178 3279 3179
f 3179 3279 3280
f 3179 3280 3180
f 3180 3280 3281
f 3180 3281 3181
f 3181 3281 3282
f 3181 3282 3182
f 3182 3282 3283
f 3182 3283 3183
f 3183 3283 3284
f 3183 3284 3184
f 3184 3284 3285
f 3184 3285 3185
f 3185 3285 3286
f 3185 3286 3186
f 3186 3286 3287
f 3186 3287 3187
f 3187 3287 3288
f 3187 3288 3188
f 3188 3288 3289
f 3188 3289 3189
f 3189 3289 3290
f 3189 3290 3190
f 3190 3290 3291
f 3190 3291 3191
f 3191 3291 3292
f 3191 3292 3192
f 3192 3292 3293
f 3192 3293 3193
f 3193 3293 3294
f 3193 3294 3194
f 3194 3294 3295
f 3194 3295 3195
f 3195 3295 3296
f 3195 3296 3196
f 3196 3296 3297
f 3196 3297 3197
f 3197 3297 3298
f 3197 3298 3198
f 3198 3298 3299
f 3198 3299 3199
f 3199 3299 3300
f 3199 3300 3200
f 3200 3300 3201
f 3200 3201 3101
f 3201 3301 3302
f 3201 3302 3202
f 3202 3302 3303
f 3202 3303 3203
f 3203 3303 3304
f 3203 3304 3204
f 3204 3304 3305
f 3204 3305 3205
f 3205 3305 3306
f 3205 3306 3206
f 3206 3306 3307
f 3206 3307 3207
f 3207 3307 3308
f 3207 3308 3208
f 3208 3308 3309
f 3208 3309 3209
f 3209 3309 3310
f 3209 3310 3210
f 3210 3310 3311
f 3210 3311 3211
f 3211 3311 3312
f 3211 3312 3212
f 3212 3312 3313
f 3212 3313 3213
f 3213 3313 3314
f 3213 3314 3214
f 3214 3314 3315
f 3214 3315 3215
f 3215 3315 3316
f 3215 3316 3216
f 3216 3316 3317
f 3216 3317 3217
f 3217 3317 3318
f 3217 3318 3218
f 3218 3318 3319
f 3218 3319 3219
f 3219 3319 3320
f 3219 3320 3220
f 3220 3320 3321
f 3220 3321 3221
f 3221 3321 3322
f 3221 3322 3222
f 3222 3322 3323
f 3222 3323 3223
f 3223 3323 3324
f 3223 3324 3224
f 3224 3324 3325
f 3224 3325 3225
f 3225 3325 3326
f 3225 3326 3226
f 3226 3326 3327
f 3226 3327 3227
f 3227 3327 3328
f 3227 3328 3228
f 3228 3328 3329
f 3228 3329 3229
f 3229 3329 3330
f 3229 3330 3230
f 3230 3330 3331
f 3230 3331 3231
f 3231 3331 3332
f 3231 3332 3232
f 3232 3332 3333
f 3232 3333 3233
f 3233 3333 3334
f 3233 3334 3234
f 3234 3334 3335
f 3234 3335 3235
f 3235 3335 3336
f 3235 3336 3236
f 3236 3336 3337
f 3236 3337 3237
f 3237 3337 3338
f 3237 3338 3238
f 3238 3338 3339
f 3238 3339 3239
f 3239 3339 3340
f 3239 3340 3240
f 3240 3340 3341
f 3240 3341 3241
f 3241 3341 3342
f 3241 3342 3242
f 3242 3342 3343
f 3242 3343 3243
f 3243 3343 3344
f 3243 3344 3244
f 3244 3344 3345
f 3244 3345 3245
f 3245 3345 3346
f 3245 3346 3246
f 3246 3346 3347
f 3246 3347 3247
f 3247 3347 3348
f 3247 3348 3248
f 3248 3348 3349
f 3248 3349 3249
f 3249 3349 3350
f 3249 3350 3250
f 3250 3350 3351
f 3250 3351 3251
f 3251 3351 3352
f 3251 3352 3252
f 3252 3352 3353
f 3252 3353 3253
f 3253 3353 3354
f 3253 3354 3254
f 3254 3354 3355
f 3254 3355 3255
f 3255 3355 3356
f 3255 3356 3256
f 3256 3356 3357
f 3256 3357 3257
f 3257 3357 3358
f 3257 3358 3258
f 3258 3358 3359
f 3258 3359 3259
f 3259 3359 3360
f 3259 3360 3260
f 3260 3360 3361
f 3260 3361 3261
f 3261 3361 3362
f 3261 3362 3262
f 3262 3362 3363
f 3262 3363 3263
f 3263 3363 3364
f 3263 3364 3264
f 3264 3364 3365
f 3264 3365 3265
f 3265 3365 3366
f 3265 3366 3266
f 3266 3366 3367
f 3266 3367 3267
f 3267 3367 3368
f 3267 3368 3268
f 3268 3368 3369
f 3268 3369 3269
f 3269 3369 3370
f 3269 3370 3270
f 3270 3370 3371
f 3270 3371 3271
f 3271 3371 3372
f 3271 3372 3272
f 3272 3372 3373
f 3272 3373 3273
f 3273 3373 3374
f 3273 3374 3274
f 3274 3374 3375
f 3274 3375 3275
f 3275 3375 3376
f 3275 3376 3276
f 3276 3376 3377
f 3276 3377 3277
f 3277 3377 3378
f 3277 3378 3278
f 3278 3378 3379
f 3278 3379 3279
f 3279 3379 3380
f 3279 3380 3280
f 3280 3380 3381
f 3280 3381 3281
f 3281 3381 3382
f 3281 3382 3282
f 3282 3382 3383
f 3282 3383 3283
f 3283 3383 3384
f 3283 3384 3284
f 3284 3384 3385
f 3284 3385 3285
f 3285 3385 3386
f 3285 3386 3286
f 3286 3386 3387
f 3286 3387 3287
f 3287 3387 3388
f 3287 3388 3288
f 3288 3388 3389
f 3288 3389 3289
f 3289 3389 3390
f 3289 3390 3290
f 3290 3390 3391
f 3290 3391 3291
f 3291 3391 3392
f 3291 3392 3292
f 3292 3392 3393
f 3292 3393 3293
f 3293 3393 3394
f 3293 3394 3294
f 3294 3394 3395
f 3294 3395 3295
f 3295 3395 3396
f 3295 3396 3296
f 3296 3396 3397
f 3296 3397 3297
f 3297 3397 3398
f 3297 3398 3298
f 3298 3398 3399
f 3298 3399 3299
f 3299 3399 3400
f 3299 3400 3300
f 3300 3400 3301
f 3300 3301 3201
f 3301 3401 3402
f 3301 3402 3302
f 3302 3402 3403
f 3302 3403 3303
f 3303 3403 3404
f 3303 3404 3304
f 3304 3404 3405
f 3304 3405 3305
f 3305 3405 3406
f 3305 3406 3306
f 3306 3406 3407
f 3306 3407 3307
f 3307 3407 3408
f 3307 3408 3308
f 3308 3408 3409
f 3308 3409 3309
f 3309 3409 3410
f 3309 3410 3310
f 3310 3410 3411
f 3310 3411 3311
f 3311 3411 3412
f 3311 3412 3312
f 3312 3412 3413
f 3312 3413 3313
f 3313 3413 3414
f 3313 3414 3314
f 3314 3414 3415
f 3314 3415 3315
f 3315 3415 3416
f 3315 3416 3316
f 3316 3416 3417
f 3316 3417 3317
f 3317 3417 3418
f 3317 3418 3318
f 3318 3418 3419
f 3318 3419 3319
f 3319 3419 3420
f 3319 3420 3320
f 3320 3420 3421
f 3320 3421 3321
f 3321 3421 3422
f 3321 3422 3322
f 3322 3422 3423
f 3322 3423 3323
f 3323 3423 3424
f 3323 3424 3324
f 3324 3424 3425
f 3324 3425 3325
f 3325 3425 3426
f 3325 3426 3326
f 3326 3426 3427
f 3326 3427 3327
f 3327 3427 3428
f 3327 3428 3328
f 3328 3428 3429
f 3328 3429 3329
f 3329 3429 3430
f 3329 3430 3330
f 3330 3430 3431
f 3330 3431 3331
f 3331 3431 3432
f 3331 3432 3332
f 3332 3432 3433
f 3332 3433 3333
f 3333 3433 3434
f 3333 3434 3334
f 3334 3434 3435
f 3334 3435 3335
f 3335 3435 3436
f 3335 3436 3336
f 3336 3436 3437
f 3336 3437 3337
f 3337 3437 3438
f 3337 3438 3338
f 3338 3438 3439
f 3338 3439 3339
f 3339 3439 3440
f 3339 3440 3340
f 3340 3440 3441
f 3340 3441 3341
f 3341 3441 3442
f 3341 3442 3342
f 3342 3442 3443
f 3342 3443 3343
f 3343 3443 3444
f 3343 3444 3344
f 3344 3444 3445
f 3344 3445 3345
f 3345 3445 3446
f 3345 3446 3346
f 3346 3446 3447
f 3346 3447 3347
f 3347 3447 3448
f 3347 3448 3348
f 3348 3448 3449
f 3348 3449 3349
f 3349 3449 3450
f 3349 3450 3350
f 3350 3450 3451
f 3350 3451 3351
f 3351 3451 3452
f 3351 3452 3352
f 3352 3452 3453
f 3352 3453 3353
f 3353 3453 3454
f 3353 3454 3354
f 3354 3454 3455
f 3354 3455 3355
f 3355 3455 3456
f 3355 3456 3356
f 3356 3456 3457
f 3356 3457 3357
f 3357 3457 3458
f 3357 3458 3358
f 3358 3458 3459
f 3358 3459 3359
f 3359 3459 3460
f 3359 3460 3360
f 3360 3460 3461
f 3360 3461 3361
f 3361 3461 3462
f 3361 3462 3362
f 3362 3462 3463
f 3362 3463 3363
f 3363 3463 3464
f 3363 3464 3364
f 3364 3464 3465
f 3364 3465 3365
f 3365 3465 3466
f 3365 3466 3366
f 3366 3466 3467
f 3366 3467 3367
f 3367 3467 3468
f 3367 3468 3368
f 3368 3468 3469
f 3368 3469 3369
f 3369 3469 3470
f 3369 3470 3370
f 3370 3470 3471
f 3370 3471 3371
f 3371 3471 3472
f 3371 3472 3372
f 3372 3472 3473
f 3372 3473 3373
f 3373 3473 3474
f 3373 3474 3374
f 3374 3474 3475
f 3374 3475 3375
f 3375 3475 3476
f 3375 3476 3376
f 3376 3476 3477
f 3376 3477 3377
f 3377 3477 3478
f 3377 3478 3378
f 3378 3478 3479
f 3378 3479 3379
f 3379 3479 3480
f 3379 3480 3380
f 3380 3480 3481
f 3380 3481 3381
f 3381 3481 3482
f 3381 3482 3382
f 3382 3482 3483
f 3382 3483 3383
f 3383 3483 3484
f 3383 3484 3384
f 3384 3484 3485
f 3384 3485 3385
f 3385 3485 3486
f 3385 3486 3386
f 3386 3486 3487
f 3386 3487 3387
f 3387 3487 3488
f 3387 3488 3388
f 3388 3488 3489
f 3388 3489 3389
f 3389 3489 3490
f 3389 3490 3390
f 3390 3490 3491
f 3390 3491 3391
f 3391 3491 3492
f 3391 3492 3392
f 3392 3492 3493
f 3392 3493 3393
f 3393 3493 3494
f 3393 3494 3394
f 3394 3494 3495
f 3394 3495 3395
f 3395 3495 3496
f 3395 3496 3396
f 3396 3496 3497
f 3396 3497 3397
f 3397 3497 3498
f 3397 3498 3398
f 3398 3498 3499
f 3398 3499 3399
f 3399 3499 3500
f 3399 3500 3400
f 3400 3500 3401
f 3400 3401 3301
f 3401 3501 3502
f 3401 3502 3402
f 3402 3502 3503
f 3402 3503 3403
f 3403 3503 3504
f 3403 3504 3404
f 3404 3504 3505
f 3404 3505 3405
f 3405 3505 3506
f 3405 3506 3406
f 3406 3506 3507
f 3406 3507 3407
f 3407 3507 3508
f 3407 3508 3408
f 3408 3508 3509
f 3408 3509 3409
f 3409 3509 3510
f 3409 3510 3410
f 3410 3510 3511
f 3410 3511 3411
f 3411 3511 3512
f 3411 3512 3412
f 3412 3512 3513
f 3412 3513 3413
f 3413 3513 3514
f 3413 3514 3414
f 3414 3514 3515
f 3414 3515 3415
f 3415 3515 3516
f 3415 3516 3416
f 3416 3516 3517
f 3416 3517 3417
f 3417 3517 3518
f 3417 3518 3418
f 3418 3518 3519
f 3418 3519 3419
f 3419 3519 3520
f 3419 3520 3420
f 3420 3520 3521
f 3420 3521 3421
f 3421 3521 3522
f 3421 3522 3422
f 3422 3522 3523
f 3422 3523 3423
f 3423 3523 3524
f 3423 3524 3424
f 3424 3524 3525
f 3424 3525 3425
f 3425 3525 3526
f 3425 3526 3426
f 3426 3526 3527
f 3426 3527 3427
f 3427 3527 3528
f 3427 3528 3428
f 3428 3528 3529
f 3428 3529 3429
f 3429 3529 3530
f 3429 3530 3430
f 3430 3530 3531
f 3430 3531 3431
f 3431 3531 3532
f 3431 3532 3432
f 3432 3532 3533
f 3432 3533 3433
f 3433 3533 3534
f 3433 3534 3434
f 3434 3534 3535
f 3434 3535 3435
f 3435 3535 3536
f 3435 3536 3436
f 3436 3536 3537
f 3436 3537 3437
f 3437 3537 3538
f 3437 3538 3438
f 3438 3538 3539
f 3438 3539 3439
f 3439 3539 3540
f 3439 3540 3440
f 3440 3540 3541
f 3440 3541 3441
f 3441 3541 3542
f 3441 3542 3442
f 3442 3542 3543
f 3442 3543 3443
f 3443 3543 3544
f 3443 3544 3444
f 3444 3544 3545
f 3444 3545 3445
f 3445 3545 3546
f 3445 3546 3446
f 3446 3546 3547
f 3446 3547 3447
f 3447 3547 3548
f 3447 3548 3448
f 3448 3548 3549
f 3448 3549 3449
f 3449 3549 3550
f 3449 3550 3450
f 3450 3550 3551
f 3450 3551 3451
f 3451 3551 3552
f 3451 3552 3452
f 3452 3552 3553
f 3452 3553 3453
f 3453 3553 3554
f 3453 3554 3454
f 3454 3554 3555
f 3454 3555 3455
f 3455 3555 3556
f 3455 3556 3456
f 3456 3556 3557
f 3456 3557 3457
f 3457 3557 3558
f 3457 3558 3458
f 3458 3558 3559
f 3458 3559 3459
f 3459 3559 3560
f 3459 3560 3460
f 3460 3560 3561
f 3460 3561 3461
f 3461 3561 3562
f 3461 3562 3462
f 3462 3562 3563
f 3462 3563 3463
f 3463 3563 3564
f 3463 3564 3464
f 3464 3564 3565
f 3464 3565 3465
f 3465 3565 3566
f 3465 3566 3466
f 3466 3566 3567
f 3466 3567 3467
f 3467 3567 3568
f 3467 3568 3468
f 3468 3568 3569
f 3468 3569 3469
f 3469 3569 3570
f 3469 3570 3470
f 3470 3570 3571
f 3470 3571 3471
f 3471 3571 3572
f 3471 3572 3472
f 3472 3572 3573
f 3472 3573 3473
f 3473 3573 3574
f 3473 3574 3474
f 3474 3574 3575
f 3474 3575 3475
f 3475 3575 3576
f 3475 3576 3476
f 3476 3576 3577
f 3476 3577 3477
f 3477 3577 3578
f 3477 3578 3478
f 3478 3578 3579
f 3478 3579 3479
f 3479 3579 3580
f 3479 3580 3480
f 3480 3580 3581
f 3480 3581 3481
f 3481 3581 3582
f 3481 3582 3482
f 3482 3582 3583
f 3482 3583 3483
f 3483 3583 3584
f 3483 3584 3484
f 3484 3584 3585
f 3484 3585 3485
f 3485 3585 3586
f 3485 3586 3486
f 3486 3586 3587
f 3486 3587 3487
f 3487 3587 3588
f 3487 3588 3488
f 3488 3588 3589
f 3488 3589 3489
f 3489 3589 3590
f 3489 3590 3490
f 3490 3590 3591
f 3490 3591 3491
f 3491 3591 3592
f 3491 3592 3492
f 3492 3592 3593
f 3492 3593 3493
f 3493 3593 3594
f 3493 3594 3494
f 3494 3594 3595
f 3494 3595 3495
f 3495 3595 3596
f 3495 3596 3496
f 3496 3596 3597
f 3496 3597 3497
f 3497 3597 3598
f 3497 3598 3498
f 3498 3598 3599
f 3498 3599 3499
f 3499 3599 3600
f 3499 3600 3500
f 3500 3600 3501
f 3500 3501 3401
f 3501 3601 3602
f 3501 3602 3502
f 3502 3602 3603
f 3502 3603 3503
f 3503 3603 3604
f 3503 3604 3504
f 3504 3604 3605
f 3504 3605 3505
f 3505 3605 3606
f 3505 3606 3506
f 3506 3606 3607
f 3506 3607 3507
f 3507 3607 3608
f 3507 3608 3508
f 3508 3608 3609
f 3508 3609 3509
f 3509 3609 3610
f 3509 3610 3510
f 3510 3610 3611
f 3510 3611 3511
f 3511 3611 3612
f 3511 3612 3512
f 3512 3612 3613
f 3512 3613 3513
f 3513 3613 3614
f 3513 3614 3514
f 3514 3614 3615
f 3514 3615 3515
f 3515 3615 3616
f 3515 3616 3516
f 3516 3616 3617
f 3516 3617 3517
f 3517 3617 3618
f 3517 3618 3518
f 3518 3618 3619
f 3518 3619 3519
f 3519 3619 3620
f 3519 3620 3520
f 3520 3620 3621
f 3520 3621 3521
f 3521 3621 3622
f 3521 3622 3522
f 3522 3622 3623
f 3522 3623 3523
f 3523 3623 3624
f 3523 3624 3524
f 3524 3624 3625
f 3524 3625 3525
f 3525 3625 3626
f 3525 3626 3526
f 3526 3626 3627
f 3526 3627 3527
f 3527 3627 3628
f 3527 3628 3528
f 3528 3628 3629
f 3528 3629 3529
f 3529 3629 3630
f 3529 3630 3530
f 3530 3630 3631
f 3530 3631 3531
f 3531 3631 3632
f 3531 3632 3532
f 3532 3632 3633
f 3532 3633 3533
f 3533 3633 3634
f 3533 3634 3534
f 3534 3634 3635
f 3534 3635 3535
f 3535 3635 3636
f 3535 3636 3536
f 3536 3636 3637
f 3536 3637 3537
f 3537 3637 3638
f 3537 3638 3538
f 3538 3638 3639
f 3538 3639 3539
f 3539 3639 3640
f 3539 3640 3540
f 3540 3640 3641
f 3540 3641 3541
f 3541 3641 3642
f 3541 3642 3542
f 3542 3642 3643
f 3542 3643 3543
f 3543 3643 3644
f 3543 3644 3544
f 3544 3644 3645
f 3544 3645 3545
f 3545 3645 3646
f 3545 3646 3546
f 3546 3646 3647
f 3546 3647 3547
f 3547 3647 3648
f 3547 3648 3548
f 3548 3648 3649
f 3548 3649 3549
f 3549 3649 3650
f 3549 3650 3550
f 3550 3650 3651
f 3550 3651 3551
f 3551 3651 3652
f 3551 3652 3552
f 3552 3652 3653
f 3552 3653 3553
f 3553 3653 3654
f 3553 3654 3554
f 3554 3654 3655
f 3554 3655 3555
f 3555 3655 3656
f 3555 3656 3556
f 3556 3656 3657
f 3556 3657 3557
f 3557 3657 3658
f 3557 3658 3558
f 3558 3658 3659
f 3558 3659 3559
f 3559 3659 3660
f 3559 3660 3560
f 3560 3660 3661
f 3560 3661 3561
f 3561 3661 3662
f 3561 3662 3562
f 3562 3662 3663
f 3562 3663 3563
f 3563 3663 3664
f 3563 3664 3564
f 3564 3664 3665
f 3564 3665 3565
f 3565 3665 3666
f 3565 3666 3566
f 3566 3666 3667
f 3566 3667 3567
f 3567 3667 3668
f 3567 3668 3568
f 3568 3668 3669
f 3568 3669 3569
f 3569 3669 3670
f 3569 3670 3570
f 3570 3670 3671
f 3570 3671 3571
f 3571 3671 3672
f 3571 3672 3572
f 3572 3672 3673
f 3572 3673 3573
f 3573 3673 3674
f 3573 3674 3574
f 3574 3674 3675
f 3574 3675 3575
f 3575 3675 3676
f 3575 3676 3576
f 3576 3676 3677
f 3576 3677 3577
f 3577 3677 3678
f 3577 3678 3578
f 3578 3678 3679
f 3578 3679 3579
f 3579 3679 3680
f 3579 3680 3580
f 3580 3680 3681
f 3580 3681 3581
f 3581 3681 3682
f 3581 3682 3582
f 3582 3682 3683
f 3582 3683 3583
f 3583 3683 3684
f 3583 3684 3584
f 3584 3684 3685
f 3584 3685 3585
f 3585 3685 3686
f 3585 3686 3586
f 3586 3686 3687
f 3586 3687 3587
f 3587 3687 3688
f 3587 3688 3588
f 3588 3688 3689
f 3588 3689 3589
f 3589 3689 3690
f 3589 3690 3590
f 3590 3690 3691
f 3590 3691 3591
f 3591 3691 3692
f 3591 3692 3592
f 3592 3692 3693
f 3592 3693 3593
f 3593 3693 3694
f 3593 3694 3594
f 3594 3694 3695
f 3594 3695 3595
f 3595 3695 3696
f 3595 3696 3596
f 3596 3696 3697
f 3596 3697 3597
f 3597 3697 3698
f 3597 3698 3598
f 3598 3698 3699
f 3598 3699 3599
f 3599 3699 3700
f 3599 3700 3600
f 3600 3700 3601
f 3600 3601 3501
f 3601 3701 3702
f 3601 3702 3602
f 3602 3702 3703
f 3602 3703 3603
f 3603 3703 3704
f 3603 3704 3604
f 3604 3704 3705
f 3604 3705 3605
f 3605 3705 3706
f 3605 3706 3606
f 3606 3706 3707
f 3606 3707 3607
f 3607 3707 3708
f 3607 3708 3608
f 3608 3708 3709
f 3608 3709 3609
f 3609 3709 3710
f 3609 3710 3610
f 3610 3710 3711
f 3610 3711 3611
f 3611 3711 3712
f 3611 3712 3612
f 3612 3712 3713
f 3612 3713 3613
f 3613 3713 3714
f 3613 3714 3614
f 3614 3714 3715
f 3614 3715 3615
f 3615 3715 3716
f 3615 3716 3616
f 3616 3716 3717
f 3616 3717 3617
f 3617 3717 3718
f 3617 3718 3618
f 3618 3718 3719
f 3618 3719 3619
f 3619 3719 3720
f 3619 3720 3620
f 3620 3720 3721
f 3620 3721 3621
f 3621 3721 3722
f 3621 3722 3622
f 3622 3722 3723
f 3622 3723 3623
f 3623 3723 3724
f 3623 3724 3624
f 3624 3724 3725
f 3624 3725 3625
f 3625 3725 3726
f 3625 3726 3626
f 3626 3726 3727
f 3626 3727 3627
f 3627 3727 3728
f 3627 3728 3628
f 3628 3728 3729
f 3628 3729 3629
f 3629 3729 3730
f 3629 3730 3630
f 3630 3730 3731
f 3630 3731 3631
f 3631 3731 3732
f 3631 3732 3632
f 3632 3732 3733
f 3632 3733 3633
f 3633 3733 3734
f 3633 3734 3634
f 3634 3734 3735
f 3634 3735 3635
f 3635 3735 3736
f 3635 3736 3636
f 3636 3736 3737
f 3636 3737 3637
f 3637 3737 3738
f 3637 3738 3638
f 3638 3738 3739
f 3638 3739 3639
f 3639 3739 3740
f 3639 3740 3640
f 3640 3740 3741
f 3640 3741 3641
f 3641 3741 3742
f 3641 3742 3642
f 3642 3742 3743
f 3642 3743 3643
f 3643 3743 3744
f 3643 3744 3644
f 3644 3744 3745
f 3644 3745 3645
f 3645 3745 3746
f 3645 3746 3646
f 3646 3746 3747
f 3646 3747 3647
f 3647 3747 3748
f 3647 3748 3648
f 3648 3748 3749
f 3648 3749 3649
f 3649 3749 3750
f 3649 3750 3650
f 3650 3750 3751
f 3650 3751 3651
f 3651 3751 3752
f 3651 3752 3652
f 3652 3752 3753
f 3652 3753 3653
f 3653 3753 3754
f 3653 3754 3654
f 3654 3754 3755
f 3654 3755 3655
f 3655 3755 3756
f 3655 3756 3656
f 3656 3756 3757
f 3656 3757 3657
f 3657 3757 3758
f 3657 3758 3658
f 3658 3758 3759
f 3658 3759 3659
f 3659 3759 3760
f 3659 3760 3660
f 3660 3760 3761
f 3660 3761 3661
f 3661 3761 3762
f 3661 3762 3662
f 3662 3762 3763
f 3662 3763 3663
f 3663 3763 3764
f 3663 3764 3664
f 3664 3764 3765
f 3664 3765 3665
f 3665 3765 3766
f 3665 3766 3666
f 3666 3766 3767
f 3666 3767 3667
f 3667 3767 3768
f 3667 3768 3668
f 3668 3768 3769
f 3668 3769 3669
f 3669 3769 3770
f 3669 3770 3670
f 3670 3770 3771
f 3670 3771 3671
f 3671 3771 3772
f 3671 3772 3672
f 3672 3772 3773
f 3672 3773 3673
f 3673 3773 3774
f 3673 3774 3674
f 3674 3774 3775
f 3674 3775 3675
f 3675 3775 3776
f 3675 3776 3676
f 3676 3776 3777
f 3676 3777 3677
f 3677 3777 3778
f 3677 3778 3678
f 3678 3778 3779
f 3678 3779 3679
f 3679 3779 3780
f 3679 3780 3680
f 3680 3780 3781
f 3680 3781 3681
f 3681 3781 3782
f 3681 3782 3682
f 3682 3782 3783
f 3682 3783 3683
f 3683 3783 3784
f 3683 3784 3684
f 3684 3784 3785
f 3684 3785 3685
f 3685 3785 3786
f 3685 3786 3686
f 3686 3786 3787
f 3686 3787 3687
f 3687 3787 3788
f 3687 3788 3688
f 3688 3788 3789
f 3688 3789 3689
f 3689 3789 3790
f 3689 3790 3690
f 3690 3790 3791
f 3690 3791 3691
f 3691 3791 3792
f 3691 3792 3692
f 3692 3792 3793
f 3692 3793 3693
f 3693 3793 3794
f 3693 3794 3694
f 3694 3794 3795
f 3694 3795 3695
f 3695 3795 3796
f 3695 3796 3696
f 3696 3796 3797
f 3696 3797 3697
f 3697 3797 3798
f 3697 3798 3698
f 3698 3798 3799
f 3698 3799 3699
f 3699 3799 3800
f 3699 3800 3700
f 3700 3800 3701
f 3700 3701 3601
f 3701 3801 3802
f 3701 3802 3702
f 3702 3802 3803
f 3702 3803 3703
f 3703 3803 3804
f 3703 3804 3704
f 3704 3804 3805
f 3704 3805 3705
f 3705 3805 3806
f 3705 3806 3706
f 3706 3806 3807
f 3706 3807 3707
f 3707 3807 3808
f 3707 3808 3708
f 3708 3808 3809
f 3708 3809 3709
f 3709 3809 3810
f 3709 3810 3710
f 3710 3810 3811
f 3710 3811 3711
f 3711 3811 3812
f 3711 3812 3712
f 3712 3812 3813
f 3712 3813 3713
f 3713 3813 3814
f 3713 3814 3714
f 3714 3814 3815
f 3714 3815 3715
f 3715 3815 3816
f 3715 3816 3716
f 3716 3816 3817
f 3716 3817 3717
f 3717 3817 3818
f 3717 3818 3718
f 3718 3818 3819
f 3718 3819 3719
f 3719 3819 3820
f 3719 3820 3720
f 3720 3820 3821
f 3720 3821 3721
f 3721 3821 3822
f 3721 3822 3722
f 3722 3822 3823
f 3722 3823 3723
f 3723 3823 3824
f 3723 3824 3724
f 3724 3824 3825
f 3724 3825 3725
f 3725 3825 3826
f 3725 3826 3726
f 3726 3826 3827
f 3726 3827 3727
f 3727 3827 3828
f 3727 3828 3728
f 3728 3828 3829
f 3728 3829 3729
f 3729 3829 3830
f 3729 3830 3730
f 3730 3830 3831
f 3730 3831 3731
f 3731 3831 3832
f 3731 3832 3732
f 3732 3832 3833
f 3732 3833 3733
f 3733 3833 3834
f 3733 3834 3734
f 3734 3834 3835
f 3734 3835 3735
f 3735 3835 3836
f 3735 3836 3736
f 3736 3836 3837
f 3736 3837 3737
f 3737 3837 3838
f 3737 3838 3738
f 3738 3838 3839
f 3738 3839 3739
f 3739 3839 3840
f 3739 3840 3740
f 3740 3840 3841
f 3740 3841 3741
f 3741 3841 3842
f 3741 3842 3742
f 3742 3842 3843
f 3742 3843 3743
f 3743 3843 3844
f 3743 3844 3744
f 3744 3844 3845
f 3744 3845 3745
f 3745 3845 3846
f 3745 3846 3746
f 3746 3846 3847
f 3746 3847 3747
f 3747 3847 3848
f 3747 3848 3748
f 3748 3848 3849
f 3748 3849 3749
f 3749 3849 3850
f 3749 3850 3750
f 3750 3850 3851
f 3750 3851 3751
f 3751 3851 3852
f 3751 3852 3752
f 3752 3852 3853
f 3752 3853 3753
f 3753 3853 3854
f 3753 3854 3754
f 3754 3854 3855
f 3754 3855 3755
f 3755 3855 3856
f 3755 3856 3756
f 3756 3856 3857
f 3756 3857 3757
f 3757 3857 3858
f 3757 3858 3758
f 3758 3858 3859
f 3758 3859 3759
f 3759 3859 3860
f 3759 3860 3760
f 3760 3860 3861
f 3760 3861 3761
f 3761 3861 3862
f 3761 3862 3762
f 3762 3862 3863
f 3762 3863 3763
f 3763 3863 3864
f 3763 3864 3764
f 3764 3864 3865
f 3764 3865 3765
f 3765 3865 3866
f 3765 3866 3766
f 3766 3866 3867
f 3766 3867 3767
f 3767 3867 3868
f 3767 3868 3768
f 3768 3868 3869
f 3768 3869 3769
f 3769 3869 3870
f 3769 3870 3770
f 3770 3870 3871
f 3770 3871 3771
f 3771 3871 3872
f 3771 3872 3772
f 3772 3872 3873
f 3772 3873 3773
f 3773 3873 3874
f 3773 3874 3774
f 3774 3874 3875
f 3774 3875 3775
f 3775 3875 3876
f 3775 3876 3776
f 3776 3876 3877
f 3776 3877 3777
f 3777 3877 3878
f 3777 3878 3778
f 3778 3878 3879
f 3778 3879 3779
f 3779 3879 3880
f 3779 3880 3780
f 3780 3880 3881
f 3780 3881 3781
f 3781 3881 3882
f 3781 3882 3782
f 3782 3882 3883
f 3782 3883 3783
f 3783 3883 3884
f 3783 3884 3784
f 3784 3884 3885
f 3784 3885 3785
f 3785 3885 3886
f 3785 3886 3786
f 3786 3886 3887
f 3786 3887 3787
f 3787 3887 3888
f 3787 3888 3788
f 3788 3888 3889
f 3788 3889 3789
f 3789 3889 3890
f 3789 3890 3790
f 3790 3890 3891
f 3790 3891 3791
f 3791 3891 3892
f 3791 3892 3792
f 3792 3892 3893
f 3792 3893 3793
f 3793 3893 3894
f 3793 3894 3794
f 3794 3894 3895
f 3794 3895 3795
f 3795 3895 3896
f 3795 3896 3796
f 3796 3896 3897
f 3796 3897 3797
f 3797 3897 3898
f 3797 3898 3798
f 3798 3898 3899
f 3798 3899 3799
f 3799 3899 3900
f 3799 3900 3800
f 3800 3900 3801
f 3800 3801 3701
f 3801 3901 3902
f 3801 3902 3802
f 3802 3902 3903
f 3802 3903 3803
f 3803 3903 3904
f 3803 3904 3804
f 3804 3904 3905
f 3804 3905 3805
f 3805 3905 3906
f 3805 3906 3806
f 3806 3906 3907
f 3806 3907 3807
f 3807 3907 3908
f 3807 3908 3808
f 3808 3908 3909
f 3808 3909 3809
f 3809 3909 3910
f 3809 3910 3810
f 3810 3910 3911
f 3810 3911 3811
f 3811 3911 3912
f 3811 3912 3812
f 3812 3912 3913
f 3812 3913 3813
f 3813 3913 3914
f 3813 3914 3814
f 3814 3914 3915
f 3814 3915 3815
f 3815 3915 3916
f 3815 3916 3816
f 3816 3916 3917
f 3816 3917 3817
f 3817 3917 3918
f 3817 3918 3818
f 3818 3918 3919
f 3818 3919 3819
f 3819 3919 3920
f 3819 3920 3820
f 3820 3920 3921
f 3820 3921 3821
f 3821 3921 3922
f 3821 3922 3822
f 3822 3922 3923
f 3822 3923 3823
f 3823 3923 3924
f 3823 3924 3824
f 3824 3924 3925
f 3824 3925 3825
f 3825 3925 3926
f 3825 3926 3826
f 3826 3926 3927
f 3826 3927 3827
f 3827 3927 3928
f 3827 3928 3828
f 3828 3928 3929
f 3828 3929 3829
f 3829 3929 3930
f 3829 3930 3830
f 3830 3930 3931
f 3830 3931 3831
f 3831 3931 3932
f 3831 3932 3832
f 3832 3932 3933
f 3832 3933 3833
f 3833 3933 3934
f 3833 3934 3834
f 3834 3934 3935
f 3834 3935 3835
f 3835 3935 3936
f 3835 3936 3836
f 3836 3936 3937
f 3836 3937 3837
f 3837 3937 3938
f 3837 3938 3838
f 3838 3938 3939
f 3838 3939 3839
f 3839 3939 3940
f 3839 3940 3840
f 3840 3940 3941
f 3840 3941 3841
f 3841 3941 3942
f 3841 3942 3842
f 3842 3942 3943
f 3842 3943 3843
f 3843 3943 3944
f 3843 3944 3844
f 3844 3944 3945
f 3844 3945 3845
f 3845 3945 3946
f 3845 3946 3846
f 3846 3946 3947
f 3846 3947 3847
f 3847 3947 3948
f 3847 3948 3848
f 3848 3948 3949
f 3848 3949 3849
f 3849 3949 3950
f 3849 3950 3850
f 3850 3950 3951
f 3850 3951 3851
f 3851 3951 3952
f 3851 3952 3852
f 3852 3952 3953
f 3852 3953 3853
f 3853 3953 3954
f 3853 3954 3854
f 3854 3954 3955
f 3854 3955 3855
f 3855 3955 3956
f 3855 3956 3856
f 3856 3956 3957
f 3856 3957 3857
f 3857 3957 3958
f 3857 3958 3858
f 3858 3958 3959
f 3858 3959 3859
f 3859 3959 3960
f 3859 3960 3860
f 3860 3960 3961
f 3860 3961 3861
f 3861 3961 3962
f 3861 3962 3862
f 3862 3962 3963
f 3862 3963 3863
f 3863 3963 3964
f 3863 3964 3864
f 3864 3964 3965
f 3864 3965 3865
f 3865 3965 3966
f 3865 3966 3866
f 3866 3966 3967
f 3866 3967 3867
f 3867 3967 3968
f 3867 3968 3868
f 3868 3968 3969
f 3868 3969 3869
f 3869 3969 3970
f 3869 3970 3870
f 3870 3970 3971
f 3870 3971 3871
f 3871 3971 3972
f 3871 3972 3872
f 3872 3972 3973
f 3872 3973 3873
f 3873 3973 3974
f 3873 3974 3874
f 3874 3974 3975
f 3874 3975 3875
f 3875 3975 3976
f 3875 3976 3876
f 3876 3976 3977
f 3876 3977 3877
f 3877 3977 3978
f 3877 3978 3878
f 3878 3978 3979
f 3878 3979 3879
f 3879 3979 3980
f 3879 3980 3880
f 3880 3980 3981
f 3880 3981 3881
f 3881 3981 3982
f 3881 3982 3882
f 3882 3982 3983
f 3882 3983 3883
f 3883 3983 3984
f 3883 3984 3884
f 3884 3984 3985
f 3884 3985 3885
f 3885 3985 3986
f 3885 3986 3886
f 3886 3986 3987
f 3886 3987 3887
f 3887 3987 3988
f 3887 3988 3888
f 3888 3988 3989
f 3888 3989 3889
f 3889 3989 3990
f 3889 3990 3890
f 3890 3990 3991
f 3890 3991 3891
f 3891 3991 3992
f 3891 3992 3892
f 3892 3992 3993
f 3892 3993 3893
f 3893 3993 3994
f 3893 3994 3894
f 3894 3994 3995
f 3894 3995 3895
f 3895 3995 3996
f 3895 3996 3896
f 3896 3996 3997
f 3896 3997 3897
f 3897 3997 3998
f 3897 3998 3898
f 3898 3998 3999
f 3898 3999 3899
f 3899 3999 4000
f 3899 4000 3900
f 3900 4000 3901
f 3900 3901 3801
f 3901 4001 4002
f 3901 4002 3902
f 3902 4002 4003
f 3902 4003 3903
f 3903 4003 4004
f 3903 4004 3904
f 3904 4004 4005
f 3904 4005 3905
f 3905 4005 4006
f 3905 4006 3906
f 3906 4006 4007
f 3906 4007 3907
f 3907 4007 4008
f 3907 4008 3908
f 3908 4008 4009
f 3908 4009 3909
f 3909 4009 4010
f 3909 4010 3910
f 3910 4010 4011
f 3910 4011 3911
f 3911 4011 4012
f 3911 4012 3912
f 3912 4012 4013
f 3912 4013 3913
f 3913 4013 4014
f 3913 4014 3914
f 3914 4014 4015
f 3914 4015 3915
f 3915 4015 4016
f 3915 4016 3916
f 3916 4016 4017
f 3916 4017 3917
f 3917 4017 4018
f 3917 4018 3918
f 3918 4018 4019
f 3918 4019 3919
f 3919 4019 4020
f 3919 4020 3920
f 3920 4020 4021
f 3920 4021 3921
f 3921 4021 4022
f 3921 4022 3922
f 3922 4022 4023
f 3922 4023 3923
f 3923 4023 4024
f 3923 4024 3924
f 3924 4024 4025
f 3924 4025 3925
f 3925 4025 4026
f 3925 4026 3926
f 3926 4026 4027
f 3926 4027 3927
f 3927 4027 4028
f 3927 4028 3928
f 3928 4028 4029
f 3928 4029 3929
f 3929 4029 4030
f 3929 4030 3930
f 3930 4030 4031
f 3930 4031 3931
f 3931 4031 4032
f 3931 4032 3932
f 3932 4032 4033
f 3932 4033 3933
f 3933 4033 4034
f 3933 4034 3934
f 3934 4034 4035
f 3934 4035 3935
f 3935 4035 4036
f 3935 4036 3936
f 3936 4036 4037
f 3936 4037 3937
f 3937 4037 4038
f 3937 4038 3938
f 3938 4038 4039
f 3938 4039 3939
f 3939 4039 4040
f 3939 4040 3940
f 3940 4040 4041
f 3940 4041 3941
f 3941 4041 4042
f 3941 4042 3942
f 3942 4042 4043
f 3942 4043 3943
f 3943 4043 4044
f 3943 4044 3944
f 3944 4044 4045
f 3944 4045 3945
f 3945 4045 4046
f 3945 4046 3946
f 3946 4046 4047
f 3946 4047 3947
f 3947 4047 4048
f 3947 4048 3948
f 3948 4048 4049
f 3948 4049 3949
f 3949 4049 4050
f 3949 4050 3950
f 3950 4050 4051
f 3950 4051 3951
f 3951 4051 4052
f 3951 4052 3952
f 3952 4052 4053
f 3952 4053 3953
f 3953 4053 4054
f 3953 4054 3954
f 3954 4054 4055
f 3954 4055 3955
f 3955 4055 4056
f 3955 4056 3956
f 3956 4056 4057
f 3956 4057 3957
f 3957 4057 4058
f 3957 4058 3958
f 3958 4058 4059
f 3958 4059 3959
f 3959 4059 4060
f 3959 4060 3960
f 3960 4060 4061
f 3960 4061 3961
f 3961 4061 4062
f 3961 4062 3962
f 3962 4062 4063
f 3962 4063 3963
f 3963 4063 4064
f 3963 4064 3964
f 3964 4064 4065
f 3964 4065 3965
f 3965 4065 4066
f 3965 4066 3966
f 3966 4066 4067
f 3966 4067 3967
f 3967 4067 4068
f 3967 4068 3968
f 3968 4068 4069
f 3968 4069 3969
f 3969 4069 4070
f 3969 4070 3970
f 3970 4070 4071
f 3970 4071 3971
f 3971 4071 4072
f 3971 4072 3972
f 3972 4072 4073
f 3972 4073 3973
f 3973 4073 4074
f 3973 4074 3974
f 3974 4074 4075
f 3974 4075 3975
f 3975 4075 4076
f 3975 4076 3976
f 3976 4076 4077
f 3976 4077 3977
f 3977 4077 4078
f 3977 4078 3978
f 3978 4078 4079
f 3978 4079 3979
f 3979 4079 4080
f 3979 4080 3980
f 3980 4080 4081
f 3980 4081 3981
f 3981 4081 4082
f 3981 4082 3982
f 3982 4082 4083
f 3982 4083 3983
f 3983 4083 4084
f 3983 4084 3984
f 3984 4084 4085
f 3984 4085 3985
f 3985 4085 4086
f 3985 4086 3986
f 3986 4086 4087
f 3986 4087 3987
f 3987 4087 4088
f 3987 4088 3988
f 3988 4088 4089
f 3988 4089 3989
f 3989 4089 4090
f 3989 4090 3990
f 3990 4090 4091
f 3990 4091 3991
f 3991 4091 4092
f 3991 4092 3992
f 3992 4092 4093
f 3992 4093 3993
f 3993 4093 4094
f 3993 4094 3994
f 3994 4094 4095
f 3994 4095 3995
f 3995 4095 4096
f 3995 4096 3996
f 3996 4096 4097
f 3996 4097 3997
f 3997 4097 4098
f 3997 4098 3998
f 3998 4098 4099
f 3998 4099 3999
f 3999 4099 4100
f 3999 4100 4000
f 4000 4100 4001
f 4000 4001 3901
f 4001 4101 4102
f 4001 4102 4002
f 4002 4102 4103
f 4002 4103 4003
f 4003 4103 4104
f 4003 4104 4004
f 4004 4104 4105
f 4004 4105 4005
f 4005 4105 4106
f 4005 4106 4006
f 4006 4106 4107
f 4006 4107 4007
f 4007 4107 4108
f 4007 4108 4008
f 4008 4108 4109
f 4008 4109 4009
f 4009 4109 4110
f 4009 4110 4010
f 4010 4110 4111
f 4010 4111 4011
f 4011 4111 4112
f 4011 4112 4012
f 4012 4112 4113
f 4012 4113 4013
f 4013 4113 4114
f 4013 4114 4014
f 4014 4114 4115
f 4014 4115 4015
f 4015 4115 4116
f 4015 4116 4016
f 4016 4116 4117
f 4016 4117 4017
f 4017 4117 4118
f 4017 4118 4018
f 4018 4118 4119
f 4018 4119 4019
f 4019 4119 4120
f 4019 4120 4020
f 4020 4120 4121
f 4020 4121 4021
f 4021 4121 4122
f 4021 4122 4022
f 4022 4122 4123
f 4022 4123 4023
f 4023 4123 4124
f 4023 4124 4024
f 4024 4124 4125
f 4024 4125 4025
f 4025 4125 4126
f 4025 4126 4026
f 4026 4126 4127
f 4026 4127 4027
f 4027 4127 4128
f 4027 4128 4028
f 4028 4128 4129
f 4028 4129 4029
f 4029 4129 4130
f 4029 4130 4030
f 4030 4130 4131
f 4030 4131 4031
f 4031 4131 4132
f 4031 4132 4032
f 4032 4132 4133
f 4032 4133 4033
f 4033 4133 4134
f 4033 4134 4034
f 4034 4134 4135
f 4034 4135 4035
f 4035 4135 4136
f 4035 4136 4036
f 4036 4136 4137
f 4036 4137 4037
f 4037 4137 4138
f 4037 4138 4038
f 4038 4138 4139
f 4038 4139 4039
f 4039 4139 4140
f 4039 4140 4040
f 4040 4140 4141
f 4040 4141 4041
f 4041 4141 4142
f 4041 4142 4042
f 4042 4142 4143
f 4042 4143 4043
f 4043 4143 4144
f 4043 4144 4044
f 4044 4144 4145
f 4044 4145 4045
f 4045 4145 4146
f 4045 4146 4046
f 4046 4146 4147
f 4046 4147 4047
f 4047 4147 4148
f 4047 4148 4048
f 4048 4148 4149
f 4048 4149 4049
f 4049 4149 4150
f 4049 4150 4050
f 4050 4150 4151
f 4050 4151 4051
f 4051 4151 4152
f 4051 4152 4052
f 4052 4152 4153
f 4052 4153 4053
f 4053 4153 4154
f 4053 4154 4054
f 4054 4154 4155
f 4054 4155 4055
f 4055 4155 4156
f 4055 4156 4056
f 4056 4156 4157
f 4056 4157 4057
f 4057 4157 4158
f 4057 4158 4058
f 4058 4158 4159
f 4058 4159 4059
f 4059 4159 4160
f 4059 4160 4060
f 4060 4160 4161
f 4060 4161 4061
f 4061 4161 4162
f 4061 4162 4062
f 4062 4162 4163
f 4062 4163 4063
f 4063 4163 4164
f 4063 4164 4064
f 4064 4164 4165
f 4064 4165 4065
f 4065 4165 4166
f 4065 4166 4066
f 4066 4166 4167
f 4066 4167 4067
f 4067 4167 4168
f 4067 4168 4068
f 4068 4168 4169
f 4068 4169 4069
f 4069 4169 4170
f 4069 4170 4070
f 4070 4170 4171
f 4070 4171 4071
f 4071 4171 4172
f 4071 4172 4072
f 4072 4172 4173
f 4072 4173 4073
f 4073 4173 4174
f 4073 4174 4074
f 4074 4174 4175
f 4074 4175 4075
f 4075 4175 4176
f 4075 4176 4076
f 4076 4176 4177
f 4076 4177 4077
f 4077 4177 4178
f 4077 4178 4078
f 4078 4178 4179
f 4078 4179 4079
f 4079 4179 4180
f 4079 4180 4080
f 4080 4180 4181
f 4080 4181 4081
f 4081 4181 4182
f 4081 4182 4082
f 4082 4182 4183
f 4082 4183 4083
f 4083 4183 4184
f 4083 4184 4084
f 4084 4184 4185
f 4084 4185 4085
f 4085 4185 4186
f 4085 4186 4086
f 4086 4186 4187
f 4086 4187 4087
f 4087 4187 4188
f 4087 4188 4088
f 4088 4188 4189
f 4088 4189 4089
f 4089 4189 4190
f 4089 4190 4090
f 4090 4190 4191
f 4090 4191 4091
f 4091 4191 4192
f 4091 4192 4092
f 4092 4192 4193
f 4092 4193 4093
f 4093 4193 4194
f 4093 4194 4094
f 4094 4194 4195
f 4094 4195 4095
f 4095 4195 4196
f 4095 4196 4096
f 4096 4196 4197
f 4096 4197 4097
f 4097 4197 4198
f 4097 4198 4098
f 4098 4198 4199
f 4098 4199 4099
f 4099 4199 4200
f 4099 4200 4100
f 4100 4200 4101
f 4100 4101 4001
f 4101 4201 4202
f 4101 4202 4102
f 4102 4202 4203
f 4102 4203 4103
f 4103 4203 4204
f 4103 4204 4104
f 4104 4204 4205
f 4104 4205 4105
f 4105 4205 4206
f 4105 4206 4106
f 4106 4206 4207
f 4106 4207 4107
f 4107 4207 4208
f 4107 4208 4108
f 4108 4208 4209
f 4108 4209 4109
f 4109 4209 4210
f 4109 4210 4110
f 4110 4210 4211
f 4110 4211 4111
f 4111 4211 4212
f 4111 4212 4112
f 4112 4212 4213
f 4112 4213 4113
f 4113 4213 4214
f 4113 4214 4114
f 4114 4214 4215
f 4114 4215 4115
f 4115 4215 4216
f 4115 4216 4116
f 4116 4216 4217
f 4116 4217 4117
f 4117 4217 4218
f 4117 4218 4118
f 4118 4218 4219
f 4118 4219 4119
f 4119 4219 4220
f 4119 4220 4120
f 4120 4220 4221
f 4120 4221 4121
f 4121 4221 4222
f 4121 4222 4122
f 4122 4222 4223
f 4122 4223 4123
f 4123 4223 4224
f 4123 4224 4124
f 4124 4224 4225
f 4124 4225 4125
f 4125 4225 4226
f 4125 4226 4126
f 4126 4226 4227
f 4126 4227 4127
f 4127 4227 4228
f 4127 4228 4128
f 4128 4228 4229
f 4128 4229 4129
f 4129 4229 4230
f 4129 4230 4130
f 4130 4230 4231
f 4130 4231 4131
f 4131 4231 4232
f 4131 4232 4132
f 4132 4232 4233
f 4132 4233 4133
f 4133 4233 4234
f 4133 4234 4134
f 4134 4234 4235
f 4134 4235 4135
f 4135 4235 4236
f 4135 4236 4136
f 4136 4236 4237
f 4136 4237 4137
f 4137 4237 4238
f 4137 4238 4138
f 4138 4238 4239
f 4138 4239 4139
f 4139 4239 4240
f 4139 4240 4140
f 4140 4240 4241
f 4140 4241 4141
f 4141 4241 4242
f 4141 4242 4142
f 4142 4242 4243
f 4142 4243 4143
f 4143 4243 4244
f 4143 4244 4144
f 4144 4244 4245
f 4144 4245 4145
f 4145 4245 4246
f 4145 4246 4146
f 4146 4246 4247
f 4146 4247 4147
f 4147 4247 4248
f 4147 4248 4148
f 4148 4248 4249
f 4148 4249 4149
f 4149 4249 4250
f 4149 4250 4150
f 4150 4250 4251
f 4150 4251 4151
f 4151 4251 4252
f 4151 4252 4152
f 4152 4252 4253
f 4152 4253 4153
f 4153 4253 4254
f 4153 4254 4154
f 4154 4254 4255
f 4154 4255 4155
f 4155 4255 4256
f 4155 4256 4156
f 4156 4256 4257
f 4156 4257 4157
f 4157 4257 4258
f 4157 4258 4158
f 4158 4258 4259
f 4158 4259 4159
f 4159 4259 4260
f 4159 4260 4160
f 4160 4260 4261
f 4160 4261 4161
f 4161 4261 4262
f 4161 4262 4162
f 4162 4262 4263
f 4162 4263 4163
f 4163 4263 4264
f 4163 4264 4164
f 4164 4264 4265
f 4164 4265 4165
f 4165 4265 4266
f 4165 4266 4166
f 4166 4266 4267
f 4166 4267 4167
f 4167 4267 4268
f 4167 4268 4168
f 4168 4268 4269
f 4168 4269 4169
f 4169 4269 4270
f 4169 4270 4170
f 4170 4270 4271
f 4170 4271 4171
f 4171 4271 4272
f 4171 4272 4172
f 4172 4272 4273
f 4172 4273 4173
f 4173 4273 4274
f 4173 4274 4174
f 4174 4274 4275
f 4174 4275 4175
f 4175 4275 4276
f 4175 4276 4176
f 4176 4276 4277
f 4176 4277 4177
f 4177 4277 4278
f 4177 4278 4178
f 4178 4278 4279
f 4178 4279 4179
f 4179 4279 4280
f 4179 4280 4180
f 4180 4280 4281
f 4180 4281 4181
f 4181 4281 4282
f 4181 4282 4182
f 4182 4282 4283
f 4182 4283 4183
f 4183 4283 4284
f 4183 4284 4184
f 4184 4284 4285
f 4184 4285 4185
f 4185 4285 4286
f 4185 4286 4186
f 4186 4286 4287
f 4186 4287 4187
f 4187 4287 4288
f 4187 4288 4188
f 4188 4288 4289
f 4188 4289 4189
f 4189 4289 4290
f 4189 4290 4190
f 4190 4290 4291
f 4190 4291 4191
f 4191 4291 4292
f 4191 4292 4192
f 4192 4292 4293
f 4192 4293 4193
f 4193 4293 4294
f 4193 4294 4194
f 4194 4294 4295
f 4194 4295 4195
f 4195 4295 4296
f 4195 4296 4196
f 4196 4296 4297
f 4196 4297 4197
f 4197 4297 4298
f 4197 4298 4198
f 4198 4298 4299
f 4198 4299 4199
f 4199 4299 4300
f 4199 4300 4200
f 4200 4300 4201
f 4200 4201 4101
f 4201 4301 4302
f 4201 4302 4202
f 4202 4302 4303
f 4202 4303 4203
f 4203 4303 4304
f 4203 4304 4204
f 4204 4304 4305
f 4204 4305 4205
f 4205 4305 4306
f 4205 4306 4206
f 4206 4306 4307
f 4206 4307 4207
f 4207 4307 4308
f 4207 4308 4208
f 4208 4308 4309
f 4208 4309 4209
f 4209 4309 4310
f 4209 4310 4210
f 4210 4310 4311
f 4210 4311 4211
f 4211 4311 4312
f 4211 4312 4212
f 4212 4312 4313
f 4212 4313 4213
f 4213 4313 4314
f 4213 4314 4214
f 4214 4314 4315
f 4214 4315 4215
f 4215 4315 4316
f 4215 4316 4216
f 4216 4316 4317
f 4216 4317 4217
f 4217 4317 4318
f 4217 4318 4218
f 4218 4318 4319
f 4218 4319 4219
f 4219 4319 4320
f 4219 4320 4220
f 4220 4320 4321
f 4220 4321 4221
f 4221 4321 4322
f 4221 4322 4222
f 4222 4322 4323
f 4222 4323 4223
f 4223 4323 4324
f 4223 4324 4224
f 4224 4324 4325
f 4224 4325 4225
f 4225 4325 4326
f 4225 4326 4226
f 4226 4326 4327
f 4226 4327 4227
f 4227 4327 4328
f 4227 4328 4228
f 4228 4328 4329
f 4228 4329 4229
f 4229 4329 4330
f 4229 4330 4230
f 4230 4330 4331
f 4230 4331 4231
f 4231 4331 4332
f 4231 4332 4232
f 4232 4332 4333
f 4232 4333 4233
f 4233 4333 4334
f 4233 4334 4234
f 4234 4334 4335
f 4234 4335 4235
f 4235 4335 4336
f 4235 4336 4236
f 4236 4336 4337
f 4236 4337 4237
f 4237 4337 4338
f 4237 4338 4238
f 4238 4338 4339
f 4238 4339 4239
f 4239 4339 4340
f 4239 4340 4240
f 4240 4340 4341
f 4240 4341 4241
f 4241 4341 4342
f 4241 4342 4242
f 4242 4342 4343
f 4242 4343 4243
f 4243 4343 4344
f 4243 4344 4244
f 4244 4344 4345
f 4244 4345 4245
f 4245 4345 4346
f 4245 4346 4246
f 4246 4346 4347
f 4246 4347 4247
f 4247 4347 4348
f 4247 4348 4248
f 4248 4348 4349
f 4248 4349 4249
f 4249 4349 4350
f 4249 4350 4250
f 4250 4350 4351
f 4250 4351 4251
f 4251 4351 4352
f 4251 4352 4252
f 4252 4352 4353
f 4252 4353 4253
f 4253 4353 4354
f 4253 4354 4254
f 4254 4354 4355
f 4254 4355 4255
f 4255 4355 4356
f 4255 4356 4256
f 4256 4356 4357
f 4256 4357 4257
f 4257 4357 4358
f 4257 4358 4258
f 4258 4358 4359
f 4258 4359 4259
f 4259 4359 4360
f 4259 4360 4260
f 4260 4360 4361
f 4260 4361 4261
f 4261 4361 4362
f 4261 4362 4262
f 4262 4362 4363
f 4262 4363 4263
f 4263 4363 4364
f 4263 4364 4264
f 4264 4364 4365
f 4264 4365 4265
f 4265 4365 4366
f 4265 4366 4266
f 4266 4366 4367
f 4266 4367 4267
f 4267 4367 4368
f 4267 4368 4268
f 4268 4368 4369
f 4268 4369 4269
f 4269 4369 4370
f 4269 4370 4270
f 4270 4370 4371
f 4270 4371 4271
f 4271 4371 4372
f 4271 4372 4272
f 4272 4372 4373
f 4272 4373 4273
f 4273 4373 4374
f 4273 4374 4274
f 4274 4374 4375
f 4274 4375 4275
f 4275 4375 4376
f 4275 4376 4276
f 4276 4376 4377
f 4276 4377 4277
f 4277 4377 4378
f 4277 4378 4278
f 4278 4378 4379
f 4278 4379 4279
f 4279 4379 4380
f 4279 4380 4280
f 4280 4380 4381
f 4280 4381 4281
f 4281 4381 4382
f 4281 4382 4282
f 4282 4382 4383
f 4282 4383 4283
f 4283 4383 4384
f 4283 4384 4284
f 4284 4384 4385
f 4284 4385 4285
f 4285 4385 4386
f 4285 4386 4286
f 4286 4386 4387
f 4286 4387 4287
f 4287 4387 4388
f 4287 4388 4288
f 4288 4388 4389
f 4288 4389 4289
f 4289 4389 4390
f 4289 4390 4290
f 4290 4390 4391
f 4290 4391 4291
f 4291 4391 4392
f 4291 4392 4292
f 4292 4392 4393
f 4292 4393 4293
f 4293 4393 4394
f 4293 4394 4294
f 4294 4394 4395
f 4294 4395 4295
f 4295 4395 4396
f 4295 4396 4296
f 4296 4396 4397
f 4296 4397 4297
f 4297 4397 4398
f 4297 4398 4298
f 4298 4398 4399
f 4298 4399 4299
f 4299 4399 4400
f 4299 4400 4300
f 4300 4400 4301
f 4300 4301 4201
f 4301 4401 4402
f 4301 4402 4302
f 4302 4402 4403
f 4302 4403 4303
f 4303 4403 4404
f 4303 4404 4304
f 4304 4404 4405
f 4304 4405 4305
f 4305 4405 4406
f 4305 4406 4306
f 4306 4406 4407
f 4306 4407 4307
f 4307 4407 4408
f 4307 4408 4308
f 4308 4408 4409
f 4308 4409 4309
f 4309 4409 4410
f 4309 4410 4310
f 4310 4410 4411
f 4310 4411 4311
f 4311 4411 4412
f 4311 4412 4312
f 4312 4412 4413
f 4312 4413 4313
f 4313 4413 4414
f 4313 4414 4314
f 4314 4414 4415
f 4314 4415 4315
f 4315 4415 4416
f 4315 4416 4316
f 4316 4416 4417
f 4316 4417 4317
f 4317 4417 4418
f 4317 4418 4318
f 4318 4418 4419
f 4318 4419 4319
f 4319 4419 4420
f 4319 4420 4320
f 4320 4420 4421
f 4320 4421 4321
f 4321 4421 4422
f 4321 4422 4322
f 4322 4422 4423
f 4322 4423 4323
f 4323 4423 4424
f 4323 4424 4324
f 4324 4424 4425
f 4324 4425 4325
f 4325 4425 4426
f 4325 4426 4326
f 4326 4426 4427
f 4326 4427 4327
f 4327 4427 4428
f 4327 4428 4328
f 4328 4428 4429
f 4328 4429 4329
f 4329 4429 4430
f 4329 4430 4330
f 4330 4430 4431
f 4330 4431 4331
f 4331 4431 4432
f 4331 4432 4332
f 4332 4432 4433
f 4332 4433 4333
f 4333 4433 4434
f 4333 4434 4334
f 4334 4434 4435
f 4334 4435 4335
f 4335 4435 4436
f 4335 4436 4336
f 4336 4436 4437
f 4336 4437 4337
f 4337 4437 4438
f 4337 4438 4338
f 4338 4438 4439
f 4338 4439 4339
f 4339 4439 4440
f 4339 4440 4340
f 4340 4440 4441
f 4340 4441 4341
f 4341 4441 4442
f 4341 4442 4342
f 4342 4442 4443
f 4342 4443 4343
f 4343 4443 4444
f 4343 4444 4344
f 4344 4444 4445
f 4344 4445 4345
f 4345 4445 4446
f 4345 4446 4346
f 4346 4446 4447
f 4346 4447 4347
f 4347 4447 4448
f 4347 4448 4348
f 4348 4448 4449
f 4348 4449 4349
f 4349 4449 4450
f 4349 4450 4350
f 4350 4450 4451
f 4350 4451 4351
f 4351 4451 4452
f 4351 4452 4352
f 4352 4452 4453
f 4352 4453 4353
f 4353 4453 4454
f 4353 4454 4354
f 4354 4454 4455
f 4354 4455 4355
f 4355 4455 4456
f 4355 4456 4356
f 4356 4456 4457
f 4356 4457 4357
f 4357 4457 4458
f 4357 4458 4358
f 4358 4458 4459
f 4358 4459 4359
f 4359 4459 4460
f 4359 4460 4360
f 4360 4460 4461
f 4360 4461 4361
f 4361 4461 4462
f 4361 4462 4362
f 4362 4462 4463
f 4362 4463 4363
f 4363 4463 4464
f 4363 4464 4364
f 4364 4464 4465
f 4364 4465 4365
f 4365 4465 4466
f 4365 4466 4366
f 4366 4466 4467
f 4366 4467 4367
f 4367 4467 4468
f 4367 4468 4368
f 4368 4468 4469
f 4368 4469 4369
f 4369 4469 4470
f 4369 4470 4370
f 4370 4470 4471
f 4370 4471 4371
f 4371 4471 4472
f 4371 4472 4372
f 4372 4472 4473
f 4372 4473 4373
f 4373 4473 4474
f 4373 4474 4374
f 4374 4474 4475
f 4374 4475 4375
f 4375 4475 4476
f 4375 4476 4376
f 4376 4476 4477
f 4376 4477 4377
f 4377 4477 4478
f 4377 4478 4378
f 4378 4478 4479
f 4378 4479 4379
f 4379 4479 4480
f 4379 4480 4380
f 4380 4480 4481
f 4380 4481 4381
f 4381 4481 4482
f 4381 4482 4382
f 4382 4482 4483
f 4382 4483 4383
f 4383 4483 4484
f 4383 4484 4384
f 4384 4484 4485
f 4384 4485 4385
f 4385 4485 4486
f 4385 4486 4386
f 4386 4486 4487
f 4386 4487 4387
f 4387 4487 4488
f 4387 4488 4388
f 4388 4488 4489
f 4388 4489 4389
f 4389 4489 4490
f 4389 4490 4390
f 4390 4490 4491
f 4390 4491 4391
f 4391 4491 4492
f 4391 4492 4392
f 4392 4492 4493
f 4392 4493 4393
f 4393 4493 4494
f 4393 4494 4394
f 4394 4494 4495
f 4394 4495 4395
f 4395 4495 4496
f 4395 4496 4396
f 4396 4496 4497
f 4396 4497 4397
f 4397 4497 4498
f 4397 4498 4398
f 4398 4498 4499
f 4398 4499 4399
f 4399 4499 4500
f 4399 4500 4400
f 4400 4500 4401
f 4400 4401 4301
f 4401 4501 4502
f 4401 4502 4402
f 4402 4502 4503
f 4402 4503 4403
f 4403 4503 4504
f 4403 4504 4404
f 4404 4504 4505
f 4404 4505 4405
f 4405 4505 4506
f 4405 4506 4406
f 4406 4506 4507
f 4406 4507 4407
f 4407 4507 4508
f 4407 4508 4408
f 4408 4508 4509
f 4408 4509 4409
f 4409 4509 4510
f 4409 4510 4410
f 4410 4510 4511
f 4410 4511 4411
f 4411 4511 4512
f 4411 4512 4412
f 4412 4512 4513
f 4412 4513 4413
f 4413 4513 4514
f 4413 4514 4414
f 4414 4514 4515
f 4414 4515 4415
f 4415 4515 4516
f 4415 4516 4416
f 4416 4516 4517
f 4416 4517 4417
f 4417 4517 4518
f 4417 4518 4418
f 4418 4518 4519
f 4418 4519 4419
f 4419 4519 4520
f 4419 4520 4420
f 4420 4520 4521
f 4420 4521 4421
f 4421 4521 4522
f 4421 4522 4422
f 4422 4522 4523
f 4422 4523 4423
f 4423 4523 4524
f 4423 4524 4424
f 4424 4524 4525
f 4424 4525 4425
f 4425 4525 4526
f 4425 4526 4426
f 4426 4526 4527
f 4426 4527 4427
f 4427 4527 4528
f 4427 4528 4428
f 4428 4528 4529
f 4428 4529 4429
f 4429 4529 4530
f 4429 4530 4430
f 4430 4530 4531
f 4430 4531 4431
f 4431 4531 4532
f 4431 4532 4432
f 4432 4532 4533
f 4432 4533 4433
f 4433 4533 4534
f 4433 4534 4434
f 4434 4534 4535
f 4434 4535 4435
f 4435 4535 4536
f 4435 4536 4436
f 4436 4536 4537
f 4436 4537 4437
f 4437 4537 4538
f 4437 4538 4438
f 4438 4538 4539
f 4438 4539 4439
f 4439 4539 4540
f 4439 4540 4440
f 4440 4540 4541
f 4440 4541 4441
f 4441 4541 4542
f 4441 4542 4442
f 4442 4542 4543
f 4442 4543 4443
f 4443 4543 4544
f 4443 4544 4444
f 4444 4544 4545
f 4444 4545 4445
f 4445 4545 4546
f 4445 4546 4446
f 4446 4546 4547
f 4446 4547 4447
f 4447 4547 4548
f 4447 4548 4448
f 4448 4548 4549
f 4448 4549 4449
f 4449 4549 4550
f 4449 4550 4450
f 4450 4550 4551
f 4450 4551 4451
f 4451 4551 4552
f 4451 4552 4452
f 4452 4552 4553
f 4452 4553 4453
f 4453 4553 4554
f 4453 4554 4454
f 4454 4554 4555
f 4454 4555 4455
f 4455 4555 4556
f 4455 4556 4456
f 4456 4556 4557
f 4456 4557 4457
f 4457 4557 4558
f 4457 4558 4458
f 4458 4558 4559
f 4458 4559 4459
f 4459 4559 4560
f 4459 4560 4460
f 4460 4560 4561
f 4460 4561 4461
f 4461 4561 4562
f 4461 4562 4462
f 4462 4562 4563
f 4462 4563 4463
f 4463 4563 4564
f 4463 4564 4464
f 4464 4564 4565
f 4464 4565 4465
f 4465 4565 4566
f 4465 4566 4466
f 4466 4566 4567
f 4466 4567 4467
f 4467 4567 4568
f 4467 4568 4468
f 4468 4568 4569
f 4468 4569 4469
f 4469 4569 4570
f 4469 4570 4470
f 4470 4570 4571
f 4470 4571 4471
f 4471 4571 4572
f 4471 4572 4472
f 4472 4572 4573
f 4472 4573 4473
f 4473 4573 4574
f 4473 4574 4474
f 4474 4574 4575
f 4474 4575 4475
f 4475 4575 4576
f 4475 4576 4476
f 4476 4576 4577
f 4476 4577 4477
f 4477 4577 4578
f 4477 4578 4478
f 4478 4578 4579
f 4478 4579 4479
f 4479 4579 4580
f 4479 4580 4480
f 4480 4580 4581
f 4480 4581 4481
f 4481 4581 4582
f 4481 4582 4482
f 4482 4582 4583
f 4482 4583 4483
f 4483 4583 4584
f 4483 4584 4484
f 4484 4584 4585
f 4484 4585 4485
f 4485 4585 4586
f 4485 4586 4486
f 4486 4586 4587
f 4486 4587 4487
f 4487 4587 4588
f 4487 4588 4488
f 4488 4588 4589
f 4488 4589 4489
f 4489 4589 4590
f 4489 4590 4490
f 4490 4590 4591
f 4490 4591 4491
f 4491 4591 4592
f 4491 4592 4492
f 4492 4592 4593
f 4492 4593 4493
f 4493 4593 4594
f 4493 4594 4494
f 4494 4594 4595
f 4494 4595 4495
f 4495 4595 4596
f 4495 4596 4496
f 4496 4596 4597
f 4496 4597 4497
f 4497 4597 4598
f 4497 4598 4498
f 4498 4598 4599
f 4498 4599 4499
f 4499 4599 4600
f 4499 4600 4500
f 4500 4600 4501
f 4500 4501 4401
f 4501 4601 4602
f 4501 4602 4502
f 4502 4602 4603
f 4502 4603 4503
f 4503 4603 4604
f 4503 4604 4504
f 4504 4604 4605
f 4504 4605 4505
f 4505 4605 4606
f 4505 4606 4506
f 4506 4606 4607
f 4506 4607 4507
f 4507 4607 4608
f 4507 4608 4508
f 4508 4608 4609
f 4508 4609 4509
f 4509 4609 4610
f 4509 4610 4510
f 4510 4610 4611
f 4510 4611 4511
f 4511 4611 4612
f 4511 4612 4512
f 4512 4612 4613
f 4512 4613 4513
f 4513 4613 4614
f 4513 4614 4514
f 4514 4614 4615
f 4514 4615 4515
f 4515 4615 4616
f 4515 4616 4516
f 4516 4616 4617
f 4516 4617 4517
f 4517 4617 4618
f 4517 4618 4518
f 4518 4618 4619
f 4518 4619 4519
f 4519 4619 4620
f 4519 4620 4520
f 4520 4620 4621
f 4520 4621 4521
f 4521 4621 4622
f 4521 4622 4522
f 4522 4622 4623
f 4522 4623 4523
f 4523 4623 4624
f 4523 4624 4524
f 4524 4624 4625
f 4524 4625 4525
f 4525 4625 4626
f 4525 4626 4526
f 4526 4626 4627
f 4526 4627 4527
f 4527 4627 4628
f 4527 4628 4528
f 4528 4628 4629
f 4528 4629 4529
f 4529 4629 4630
f 4529 4630 4530
f 4530 4630 4631
f 4530 4631 4531
f 4531 4631 4632
f 4531 4632 4532
f 4532 4632 4633
f 4532 4633 4533
f 4533 4633 4634
f 4533 4634 4534
f 4534 4634 4635
f 4534 4635 4535
f 4535 4635 4636
f 4535 4636 4536
f 4536 4636 4637
f 4536 4637 4537
f 4537 4637 4638
f 4537 4638 4538
f 4538 4638 4639
f 4538 4639 4539
f 4539 4639 4640
f 4539 4640 4540
f 4540 4640 4641
f 4540 4641 4541
f 4541 4641 4642
f 4541 4642 4542
f 4542 4642 4643
f 4542 4643 4543
f 4543 4643 4644
f 4543 4644 4544
f 4544 4644 4645
f 4544 4645 4545
f 4545 4645 4646
f 4545 4646 4546
f 4546 4646 4647
f 4546 4647 4547
f 4547 4647 4648
f 4547 4648 4548
f 4548 4648 4649
f 4548 4649 4549
f 4549 4649 4650
f 4549 4650 4550
f 4550 4650 4651
f 4550 4651 4551
f 4551 4651 4652
f 4551 4652 4552
f 4552 4652 4653
f 4552 4653 4553
f 4553 4653 4654
f 4553 4654 4554
f 4554 4654 4655
f 4554 4655 4555
f 4555 4655 4656
f 4555 4656 4556
f 4556 4656 4657
f 4556 4657 4557
f 4557 4657 4658
f 4557 4658 4558
f 4558 4658 4659
f 4558 4659 4559
f 4559 4659 4660
f 4559 4660 4560
f 4560 4660 4661
f 4560 4661 4561
f 4561 4661 4662
f 4561 4662 4562
f 4562 4662 4663
f 4562 4663 4563
f 4563 4663 4664
f 4563 4664 4564
f 4564 4664 4665
f 4564 4665 4565
f 4565 4665 4666
f 4565 4666 4566
f 4566 4666 4667
f 4566 4667 4567
f 4567 4667 4668
f 4567 4668 4568
f 4568 4668 4669
f 4568 4669 4569
f 4569 4669 4670
f 4569 4670 4570
f 4570 4670 4671
f 4570 4671 4571
f 4571 4671 4672
f 4571 4672 4572
f 4572 4672 4673
f 4572 4673 4573
f 4573 4673 4674
f 4573 4674 4574
f 4574 4674 4675
f 4574 4675 4575
f 4575 4675 4676
f 4575 4676 4576
f 4576 4676 4677
f 4576 4677 4577
f 4577 4677 4678
f 4577 4678 4578
f 4578 4678 4679
f 4578 4679 4579
f 4579 4679 4680
f 4579 4680 4580
f 4580 4680 4681
f 4580 4681 4581
f 4581 4681 4682
f 4581 4682 4582
f 4582 4682 4683
f 4582 4683 4583
f 4583 4683 4684
f 4583 4684 4584
f 4584 4684 4685
f 4584 4685 4585
f 4585 4685 4686
f 4585 4686 4586
f 4586 4686 4687
f 4586 4687 4587
f 4587 4687 4688
f 4587 4688 4588
f 4588 4688 4689
f 4588 4689 4589
f 4589 4689 4690
f 4589 4690 4590
f 4590 4690 4691
f 4590 4691 4591
f 4591 4691 4692
f 4591 4692 4592
f 4592 4692 4693
f 4592 4693 4593
f 4593 4693 4694
f 4593 4694 4594
f 4594 4694 4695
f 4594 4695 4595
f 4595 4695 4696
f 4595 4696 4596
f 4596 4696 4697
f 4596 4697 4597
f 4597 4697 4698
f 4597 4698 4598
f 4598 4698 4699
f 4598 4699 4599
f 4599 4699 4700
f 4599 4700 4600
f 4600 4700 4601
f 4600 4601 4501
f 4601 4701 4702
f 4601 4702 4602
f 4602 4702 4703
f 4602 4703 4603
f 4603 4703 4704
f 4603 4704 4604
f 4604 4704 4705
f 4604 4705 4605
f 4605 4705 4706
f 4605 4706 4606
f 4606 4706 4707
f 4606 4707 4607
f 4607 4707 4708
f 4607 4708 4608
f 4608 4708 4709
f 4608 4709 4609
f 4609 4709 4710
f 4609 4710 4610
f 4610 4710 4711
f 4610 4711 4611
f 4611 4711 4712
f 4611 4712 4612
f 4612 4712 4713
f 4612 4713 4613
f 4613 4713 4714
f 4613 4714 4614
f 4614 4714 4715
f 4614 4715 4615
f 4615 4715 4716
f 4615 4716 4616
f 4616 4716 4717
f 4616 4717 4617
f 4617 4717 4718
f 4617 4718 4618
f 4618 4718 4719
f 4618 4719 4619
f 4619 4719 4720
f 4619 4720 4620
f 4620 4720 4721
f 4620 4721 4621
f 4621 4721 4722
f 4621 4722 4622
f 4622 4722 4723
f 4622 4723 4623
f 4623 4723 4724
f 4623 4724 4624
f 4624 4724 4725
f 4624 4725 4625
f 4625 4725 4726
f 4625 4726 4626
f 4626 4726 4727
f 4626 4727 4627
f 4627 4727 4728
f 4627 4728 4628
f 4628 4728 4729
f 4628 4729 4629
f 4629 4729 4730
f 4629 4730 4630
f 4630 4730 4731
f 4630 4731 4631
f 4631 4731 4732
f 4631 4732 4632
f 4632 4732 4733
f 4632 4733 4633
f 4633 4733 4734
f 4633 4734 4634
f 4634 4734 4735
f 4634 4735 4635
f 4635 4735 4736
f 4635 4736 4636
f 4636 4736 4737
f 4636 4737 4637
f 4637 4737 4738
f 4637 4738 4638
f 4638 4738 4739
f 4638 4739 4639
f 4639 4739 4740
f 4639 4740 4640
f 4640 4740 4741
f 4640 4741 4641
f 4641 4741 4742
f 4641 4742 4642
f 4642 4742 4743
f 4642 4743 4643
f 4643 4743 4744
f 4643 4744 4644
f 4644 4744 4745
f 4644 4745 4645
f 4645 4745 4746
f 4645 4746 4646
f 4646 4746 4747
f 4646 4747 4647
f 4647 4747 4748
f 4647 4748 4648
f 4648 4748 4749
f 4648 4749 4649
f 4649 4749 4750
f 4649 4750 4650
f 4650 4750 4751
f 4650 4751 4651
f 4651 4751 4752
f 4651 4752 4652
f 4652 4752 4753
f 4652 4753 4653
f 4653 4753 4754
f 4653 4754 4654
f 4654 4754 4755
f 4654 4755 4655
f 4655 4755 4756
f 4655 4756 4656
f 4656 4756 4757
f 4656 4757 4657
f 4657 4757 4758
f 4657 4758 4658
f 4658 4758 4759
f 4658 4759 4659
f 4659 4759 4760
f 4659 4760 4660
f 4660 4760 4761
f 4660 4761 4661
f 4661 4761 4762
f 4661 4762 4662
f 4662 4762 4763
f 4662 4763 4663
f 4663 4763 4764
f 4663 4764 4664
f 4664 4764 4765
f 4664 4765 4665
f 4665 4765 4766
f 4665 4766 4666
f 4666 4766 4767
f 4666 4767 4667
f 4667 4767 4768
f 4667 4768 4668
f 4668 4768 4769
f 4668 4769 4669
f 4669 4769 4770
f 4669 4770 4670
f 4670 4770 4771
f 4670 4771 4671
f 4671 4771 4772
f 4671 4772 4672
f 4672 4772 4773
f 4672 4773 4673
f 4673 4773 4774
f 4673 4774 4674
f 4674 4774 4775
f 4674 4775 4675
f 4675 4775 4776
f 4675 4776 4676
f 4676 4776 4777
f 4676 4777 4677
f 4677 4777 4778
f 4677 4778 4678
f 4678 4778 4779
f 4678 4779 4679
f 4679 4779 4780
f 4679 4780 4680
f 4680 4780 4781
f 4680 4781 4681
f 4681 4781 4782
f 4681 4782 4682
f 4682 4782 4783
f 4682 4783 4683
f 4683 4783 4784
f 4683 4784 4684
f 4684 4784 4785
f 4684 4785 4685
f 4685 4785 4786
f 4685 4786 4686
f 4686 4786 4787
f 4686 4787 4687
f 4687 4787 4788
f 4687 4788 4688
f 4688 4788 4789
f 4688 4789 4689
f 4689 4789 4790
f 4689 4790 4690
f 4690 4790 4791
f 4690 4791 4691
f 4691 4791 4792
f 4691 4792 4692
f 4692 4792 4793
f 4692 4793 4693
f 4693 4793 4794
f 4693 4794 4694
f 4694 4794 4795
f 4694 4795 4695
f 4695 4795 4796
f 4695 4796 4696
f 4696 4796 4797
f 4696 4797 4697
f 4697 4797 4798
f 4697 4798 4698
f 4698 4798 4799
f 4698 4799 4699
f 4699 4799 4800
f 4699 4800 4700
f 4700 4800 4701
f 4700 4701 4601
f 4701 4801 4802
f 4701 4802 4702
f 4702 4802 4803
f 4702 4803 4703
f 4703 4803 4804
f 4703 4804 4704
f 4704 4804 4805
f 4704 4805 4705
f 4705 4805 4806
f 4705 4806 4706
f 4706 4806 4807
f 4706 4807 4707
f 4707 4807 4808
f 4707 4808 4708
f 4708 4808 4809
f 4708 4809 4709
f 4709 4809 4810
f 4709 4810 4710
f 4710 4810 4811
f 4710 4811 4711
f 4711 4811 4812
f 4711 4812 4712
f 4712 4812 4813
f 4712 4813 4713
f 4713 4813 4814
f 4713 4814 4714
f 4714 4814 4815
f 4714 4815 4715
f 4715 4815 4816
f 4715 4816 4716
f 4716 4816 4817
f 4716 4817 4717
f 4717 4817 4818
f 4717 4818 4718
f 4718 4818 4819
f 4718 4819 4719
f 4719 4819 4820
f 4719 4820 4720
f 4720 4820 4821
f 4720 4821 4721
f 4721 4821 4822
f 4721 4822 4722
f 4722 4822 4823
f 4722 4823 4723
f 4723 4823 4824
f 4723 4824 4724
f 4724 4824 4825
f 4724 4825 4725
f 4725 4825 4826
f 4725 4826 4726
f 4726 4826 4827
f 4726 4827 4727
f 4727 4827 4828
f 4727 4828 4728
f 4728 4828 4829
f 4728 4829 4729
f 4729 4829 4830
f 4729 4830 4730
f 4730 4830 4831
f 4730 4831 4731
f 4731 4831 4832
f 4731 4832 4732
f 4732 4832 4833
f 4732 4833 4733
f 4733 4833 4834
f 4733 4834 4734
f 4734 4834 4835
f 4734 4835 4735
f 4735 4835 4836
f 4735 4836 4736
f 4736 4836 4837
f 4736 4837 4737
f 4737 4837 4838
f 4737 4838 4738
f 4738 4838 4839
f 4738 4839 4739
f 4739 4839 4840
f 4739 4840 4740
f 4740 4840 4841
f 4740 4841 4741
f 4741 4841 4842
f 4741 4842 4742
f 4742 4842 4843
f 4742 4843 4743
f 4743 4843 4844
f 4743 4844 4744
f 4744 4844 4845
f 4744 4845 4745
f 4745 4845 4846
f 4745 4846 4746
f 4746 4846 4847
f 4746 4847 4747
f 4747 4847 4848
f 4747 4848 4748
f 4748 4848 4849
f 4748 4849 4749
f 4749 4849 4850
f 4749 4850 4750
f 4750 4850 4851
f 4750 4851 4751
f 4751 4851 4852
f 4751 4852 4752
f 4752 4852 4853
f 4752 4853 4753
f 4753 4853 4854
f 4753 4854 4754
f 4754 4854 4855
f 4754 4855 4755
f 4755 4855 4856
f 4755 4856 4756
f 4756 4856 4857
f 4756 4857 4757
f 4757 4857 4858
f 4757 4858 4758
f 4758 4858 4859
f 4758 4859 4759
f 4759 4859 4860
f 4759 4860 4760
f 4760 4860 4861
f 4760 4861 4761
f 4761 4861 4862
f 4761 4862 4762
f 4762 4862 4863
f 4762 4863 4763
f 4763 4863 4864
f 4763 4864 4764
f 4764 4864 4865
f 4764 4865 4765
f 4765 4865 4866
f 4765 4866 4766
f 4766 4866 4867
f 4766 4867 4767
f 4767 4867 4868
f 4767 4868 4768
f 4768 4868 4869
f 4768 4869 4769
f 4769 4869 4870
f 4769 4870 4770
f 4770 4870 4871
f 4770 4871 4771
f 4771 4871 4872
f 4771 4872 4772
f 4772 4872 4873
f 4772 4873 4773
f 4773 4873 4874
f 4773 4874 4774
f 4774 4874 4875
f 4774 4875 4775
f 4775 4875 4876
f 4775 4876 4776
f 4776 4876 4877
f 4776 4877 4777
f 4777 4877 4878
f 4777 4878 4778
f 4778 4878 4879
f 4778 4879 4779
f 4779 4879 4880
f 4779 4880 4780
f 4780 4880 4881
f 4780 4881 4781
f 4781 4881 4882
f 4781 4882 4782
f 4782 4882 4883
f 4782 4883 4783
f 4783 4883 4884
f 4783 4884 4784
f 4784 4884 4885
f 4784 4885 4785
f 4785 4885 4886
f 4785 4886 4786
f 4786 4886 4887
f 4786 4887 4787
f 4787 4887 4888
f 4787 4888 4788
f 4788 4888 4889
f 4788 4889 4789
f 4789 4889 4890
f 4789 4890 4790
f 4790 4890 4891
f 4790 4891 4791
f 4791 4891 4892
f 4791 4892 4792
f 4792 4892 4893
f 4792 4893 4793
f 4793 4893 4894
f 4793 4894 4794
f 4794 4894 4895
f 4794 4895 4795
f 4795 4895 4896
f 4795 4896 4796
f 4796 4896 4897
f 4796 4897 4797
f 4797 4897 4898
f 4797 4898 4798
f 4798 4898 4899
f 4798 4899 4799
f 4799 4899 4900
f 4799 4900 4800
f 4800 4900 4801
f 4800 4801 4701
f 4801 4901 4902
f 4801 4902 4802
f 4802 4902 4903
f 4802 4903 4803
f 4803 4903 4904
f 4803 4904 4804
f 4804 4904 4905
f 4804 4905 4805
f 4805 4905 4906
f 4805 4906 4806
f 4806 4906 4907
f 4806 4907 4807
f 4807 4907 4908
f 4807 4908 4808
f 4808 4908 4909
f 4808 4909 4809
f 4809 4909 4910
f 4809 4910 4810
f 4810 4910 4911
f 4810 4911 4811
f 4811 4911 4912
f 4811 4912 4812
f 4812 4912 4913
f 4812 4913 4813
f 4813 4913 4914
f 4813 4914 4814
f 4814 4914 4915
f 4814 4915 4815
f 4815 4915 4916
f 4815 4916 4816
f 4816 4916 4917
f 4816 4917 4817
f 4817 4917 4918
f 4817 4918 4818
f 4818 4918 4919
f 4818 4919 4819
f 4819 4919 4920
f 4819 4920 4820
f 4820 4920 4921
f 4820 4921 4821
f 4821 4921 4922
f 4821 4922 4822
f 4822 4922 4923
f 4822 4923 4823
f 4823 4923 4924
f 4823 4924 4824
f 4824 4924 4925
f 4824 4925 4825
f 4825 4925 4926
f 4825 4926 4826
f 4826 4926 4927
f 4826 4927 4827
f 4827 4927 4928
f 4827 4928 4828
f 4828 4928 4929
f 4828 4929 4829
f 4829 4929 4930
f 4829 4930 4830
f 4830 4930 4931
f 4830 4931 4831
f 4831 4931 4932
f 4831 4932 4832
f 4832 4932 4933
f 4832 4933 4833
f 4833 4933 4934
f 4833 4934 4834
f 4834 4934 4935
f 4834 4935 4835
f 4835 4935 4936
f 4835 4936 4836
f 4836 4936 4937
f 4836 4937 4837
f 4837 4937 4938
f 4837 4938 4838
f 4838 4938 4939
f 4838 4939 4839
f 4839 4939 4940
f 4839 4940 4840
f 4840 4940 4941
f 4840 4941 4841
f 4841 4941 4942
f 4841 4942 4842
f 4842 4942 4943
f 4842 4943 4843
f 4843 4943 4944
f 4843 4944 4844
f 4844 4944 4945
f 4844 4945 4845
f 4845 4945 4946
f 4845 4946 4846
f 4846 4946 4947
f 4846 4947 4847
f 4847 4947 4948
f 4847 4948 4848
f 4848 4948 4949
f 4848 4949 4849
f 4849 4949 4950
f 4849 4950 4850
f 4850 4950 4951
f 4850 4951 4851
f 4851 4951 4952
f 4851 4952 4852
f 4852 4952 4953
f 4852 4953 4853
f 4853 4953 4954
f 4853 4954 4854
f 4854 4954 4955
f 4854 4955 4855
f 4855 4955 4956
f 4855 4956 4856
f 4856 4956 4957
f 4856 4957 4857
f 4857 4957 4958
f 4857 4958 4858
f 4858 4958 4959
f 4858 4959 4859
f 4859 4959 4960
f 4859 4960 4860
f 4860 4960 4961
f 4860 4961 4861
f 4861 4961 4962
f 4861 4962 4862
f 4862 4962 4963
f 4862 4963 4863
f 4863 4963 4964
f 4863 4964 4864
f 4864 4964 4965
f 4864 4965 4865
f 4865 4965 4966
f 4865 4966 4866
f 4866 4966 4967
f 4866 4967 4867
f 4867 4967 4968
f 4867 4968 4868
f 4868 4968 4969
f 4868 4969 4869
f 4869 4969 4970
f 4869 4970 4870
f 4870 4970 4971
f 4870 4971 4871
f 4871 4971 4972
f 4871 4972 4872
f 4872 4972 4973
f 4872 4973 4873
f 4873 4973 4974
f 4873 4974 4874
f 4874 4974 4975
f 4874 4975 4875
f 4875 4975 4976
f 4875 4976 4876
f 4876 4976 4977
f 4876 4977 4877
f 4877 4977 4978
f 4877 4978 4878
f 4878 4978 4979
f 4878 4979 4879
f 4879 4979 4980
f 4879 4980 4880
f 4880 4980 4981
f 4880 4981 4881
f 4881 4981 4982
f 4881 4982 4882
f 4882 4982 4983
f 4882 4983 4883
f 4883 4983 4984
f 4883 4984 4884
f 4884 4984 4985
f 4884 4985 4885
f 4885 4985 4986
f 4885 4986 4886
f 4886 4986 4987
f 4886 4987 4887
f 4887 4987 4988
f 4887 4988 4888
f 4888 4988 4989
f 4888 4989 4889
f 4889 4989 4990
f 4889 4990 4890
f 4890 4990 4991
f 4890 4991 4891
f 4891 4991 4992
f 4891 4992 4892
f 4892 4992 4993
f 4892 4993 4893
f 4893 4993 4994
f 4893 4994 4894
f 4894 4994 4995
f 4894 4995 4895
f 4895 4995 4996
f 4895 4996 4896
f 4896 4996 4997
f 4896 4997 4897
f 4897 4997 4998
f 4897 4998 4898
f 4898 4998 4999
f 4898 4999 4899
f 4899 4999 5000
f 4899 5000 4900
f 4900 5000 4901
f 4900 4901 4801
f 4901 5001 5002
f 4901 5002 4902
f 4902 5002 5003
f 4902 5003 4903
f 4903 5003 5004
f 4903 5004 4904
f 4904 5004 5005
f 4904 5005 4905
f 4905 5005 5006
f 4905 5006 4906
f 4906 5006 5007
f 4906 5007 4907
f 4907 5007 5008
f 4907 5008 4908
f 4908 5008 5009
f 4908 5009 4909
f 4909 5009 5010
f 4909 5010 4910
f 4910 5010 5011
f 4910 5011 4911
f 4911 5011 5012
f 4911 5012 4912
f 4912 5012 5013
f 4912 5013 4913
f 4913 5013 5014
f 4913 5014 4914
f 4914 5014 5015
f 4914 5015 4915
f 4915 5015 5016
f 4915 5016 4916
f 4916 5016 5017
f 4916 5017 4917
f 4917 5017 5018
f 4917 5018 4918
f 4918 5018 5019
f 4918 5019 4919
f 4919 5019 5020
f 4919 5020 4920
f 4920 5020 5021
f 4920 5021 4921
f 4921 5021 5022
f 4921 5022 4922
f 4922 5022 5023
f 4922 5023 4923
f 4923 5023 5024
f 4923 5024 4924
f 4924 5024 5025
f 4924 5025 4925
f 4925 5025 5026
f 4925 5026 4926
f 4926 5026 5027
f 4926 5027 4927
f 4927 5027 5028
f 4927 5028 4928
f 4928 5028 5029
f 4928 5029 4929
f 4929 5029 5030
f 4929 5030 4930
f 4930 5030 5031
f 4930 5031 4931
f 4931 5031 5032
f 4931 5032 4932
f 4932 5032 5033
f 4932 5033 4933
f 4933 5033 5034
f 4933 5034 4934
f 4934 5034 5035
f 4934 5035 4935
f 4935 5035 5036
f 4935 5036 4936
f 4936 5036 5037
f 4936 5037 4937
f 4937 5037 5038
f 4937 5038 4938
f 4938 5038 5039
f 4938 5039 4939
f 4939 5039 5040
f 4939 5040 4940
f 4940 5040 5041
f 4940 5041 4941
f 4941 5041 5042
f 4941 5042 4942
f 4942 5042 5043
f 4942 5043 4943
f 4943 5043 5044
f 4943 5044 4944
f 4944 5044 5045
f 4944 5045 4945
f 4945 5045 5046
f 4945 5046 4946
f 4946 5046 5047
f 4946 5047 4947
f 4947 5047 5048
f 4947 5048 4948
f 4948 5048 5049
f 4948 5049 4949
f 4949 5049 5050
f 4949 5050 4950
f 4950 5050 5051
f 4950 5051 4951
f 4951 5051 5052
f 4951 5052 4952
f 4952 5052 5053
f 4952 5053 4953
f 4953 5053 5054
f 4953 5054 4954
f 4954 5054 5055
f 4954 5055 4955
f 4955 5055 5056
f 4955 5056 4956
f 4956 5056 5057
f 4956 5057 4957
f 4957 5057 5058
f 4957 5058 4958
f 4958 5058 5059
f 4958 5059 4959
f 4959 5059 5060
f 4959 5060 4960
f 4960 5060 5061
f 4960 5061 4961
f 4961 5061 5062
f 4961 5062 4962
f 4962 5062 5063
f 4962 5063 4963
f 4963 5063 5064
f 4963 5064 4964
f 4964 5064 5065
f 4964 5065 4965
f 4965 5065 5066
f 4965 5066 4966
f 4966 5066 5067
f 4966 5067 4967
f 4967 5067 5068
f 4967 5068 4968
f 4968 5068 5069
f 4968 5069 4969
f 4969 5069 5070
f 4969 5070 4970
f 4970 5070 5071
f 4970 5071 4971
f 4971 5071 5072
f 4971 5072 4972
f 4972 5072 5073
f 4972 5073 4973
f 4973 5073 5074
f 4973 5074 4974
f 4974 5074 5075
f 4974 5075 4975
f 4975 5075 5076
f 4975 5076 4976
f 4976 5076 5077
f 4976 5077 4977
f 4977 5077 5078
f 4977 5078 4978
f 4978 5078 5079
f 4978 5079 4979
f 4979 5079 5080
f 4979 5080 4980
f 4980 5080 5081
f 4980 5081 4981
f 4981 5081 5082
f 4981 5082 4982
f 4982 5082 5083
f 4982 5083 4983
f 4983 5083 5084
f 4983 5084 4984
f 4984 5084 5085
f 4984 5085 4985
f 4985 5085 5086
f 4985 5086 4986
f 4986 5086 5087
f 4986 5087 4987
f 4987 5087 5088
f 4987 5088 4988
f 4988 5088 5089
f 4988 5089 4989
f 4989 5089 5090
f 4989 5090 4990
f 4990 5090 5091
f 4990 5091 4991
f 4991 5091 5092
f 4991 5092 4992
f 4992 5092 5093
f 4992 5093 4993
f 4993 5093 5094
f 4993 5094 4994
f 4994 5094 5095
f 4994 5095 4995
f 4995 5095 5096
f 4995 5096 4996
f 4996 5096 5097
f 4996 5097 4997
f 4997 5097 5098
f 4997 5098 4998
f 4998 5098 5099
f 4998 5099 4999
f 4999 5099 5100
f 4999 5100 5000
f 5000 5100 5001
f 5000 5001 4901
f 5001 5101 5102
f 5001 5102 5002
f 5002 5102 5103
f 5002 5103 5003
f 5003 5103 5104
f 5003 5104 5004
f 5004 5104 5105
f 5004 5105 5005
f 5005 5105 5106
f 5005 5106 5006
f 5006 5106 5107
f 5006 5107 5007
f 5007 5107 5108
f 5007 5108 5008
f 5008 5108 5109
f 5008 5109 5009
f 5009 5109 5110
f 5009 5110 5010
f 5010 5110 5111
f 5010 5111 5011
f 5011 5111 5112
f 5011 5112 5012
f 5012 5112 5113
f 5012 5113 5013
f 5013 5113 5114
f 5013 5114 5014
f 5014 5114 5115
f 5014 5115 5015
f 5015 5115 5116
f 5015 5116 5016
f 5016 5116 5117
f 5016 5117 5017
f 5017 5117 5118
f 5017 5118 5018
f 5018 5118 5119
f 5018 5119 5019
f 5019 5119 5120
f 5019 5120 5020
f 5020 5120 5121
f 5020 5121 5021
f 5021 5121 5122
f 5021 5122 5022
f 5022 5122 5123
f 5022 5123 5023
f 5023 5123 5124
f 5023 5124 5024
f 5024 5124 5125
f 5024 5125 5025
f 5025 5125 5126
f 5025 5126 5026
f 5026 5126 5127
f 5026 5127 5027
f 5027 5127 5128
f 5027 5128 5028
f 5028 5128 5129
f 5028 5129 5029
f 5029 5129 5130
f 5029 5130 5030
f 5030 5130 5131
f 5030 5131 5031
f 5031 5131 5132
f 5031 5132 5032
f 5032 5132 5133
f 5032 5133 5033
f 5033 5133 5134
f 5033 5134 5034
f 5034 5134 5135
f 5034 5135 5035
f 5035 5135 5136
f 5035 5136 5036
f 5036 5136 5137
f 5036 5137 5037
f 5037 5137 5138
f 5037 5138 5038
f 5038 5138 5139
f 5038 5139 5039
f 5039 5139 5140
f 5039 5140 5040
f 5040 5140 5141
f 5040 5141 5041
f 5041 5141 5142
f 5041 5142 5042
f 5042 5142 5143
f 5042 5143 5043
f 5043 5143 5144
f 5043 5144 5044
f 5044 5144 5145
f 5044 5145 5045
f 5045 5145 5146
f 5045 5146 5046
f 5046 5146 5147
f 5046 5147 5047
f 5047 5147 5148
f 5047 5148 5048
f 5048 5148 5149
f 5048 5149 5049
f 5049 5149 5150
f 5049 5150 5050
f 5050 5150 5151
f 5050 5151 5051
f 5051 5151 5152
f 5051 5152 5052
f 5052 5152 5153
f 5052 5153 5053
f 5053 5153 5154
f 5053 5154 5054
f 5054 5154 5155
f 5054 5155 5055
f 5055 5155 5156
f 5055 5156 5056
f 5056 5156 5157
f 5056 5157 5057
f 5057 5157 5158
f 5057 5158 5058
f 5058 5158 5159
f 5058 5159 5059
f 5059 5159 5160
f 5059 5160 5060
f 5060 5160 5161
f 5060 5161 5061
f 5061 5161 5162
f 5061 5162 5062
f 5062 5162 5163
f 5062 5163 5063
f 5063 5163 5164
f 5063 5164 5064
f 5064 5164 5165
f 5064 5165 5065
f 5065 5165 5166
f 5065 5166 5066
f 5066 5166 5167
f 5066 5167 5067
f 5067 5167 5168
f 5067 5168 5068
f 5068 5168 5169
f 5068 5169 5069
f 5069 5169 5170
f 5069 5170 5070
f 5070 5170 5171
f 5070 5171 5071
f 5071 5171 5172
f 5071 5172 5072
f 5072 5172 5173
f 5072 5173 5073
f 5073 5173 5174
f 5073 5174 5074
f 5074 5174 5175
f 5074 5175 5075
f 5075 5175 5176
f 5075 5176 5076
f 5076 5176 5177
f 5076 5177 5077
f 5077 5177 5178
f 5077 5178 5078
f 5078 5178 5179
f 5078 5179 5079
f 5079 5179 5180
f 5079 5180 5080
f 5080 5180 5181
f 5080 5181 5081
f 5081 5181 5182
f 5081 5182 5082
f 5082 5182 5183
f 5082 5183 5083
f 5083 5183 5184
f 5083 5184 5084
f 5084 5184 5185
f 5084 5185 5085
f 5085 5185 5186
f 5085 5186 5086
f 5086 5186 5187
f 5086 5187 5087
f 5087 5187 5188
f 5087 5188 5088
f 5088 5188 5189
f 5088 5189 5089
f 5089 5189 5190
f 5089 5190 5090
f 5090 5190 5191
f 5090 5191 5091
f 5091 5191 5192
f 5091 5192 5092
f 5092 5192 5193
f 5092 5193 5093
f 5093 5193 5194
f 5093 5194 5094
f 5094 5194 5195
f 5094 5195 5095
f 5095 5195 5196
f 5095 5196 5096
f 5096 5196 5197
f 5096 5197 5097
f 5097 5197 5198
f 5097 5198 5098
f 5098 5198 5199
f 5098 5199 5099
f 5099 5199 5200
f 5099 5200 5100
f 5100 5200 5101
f 5100 5101 5001
f 5101 5201 5202
f 5101 5202 5102
f 5102 5202 5203
f 5102 5203 5103
f 5103 5203 5204
f 5103 5204 5104
f 5104 5204 5205
f 5104 5205 5105
f 5105 5205 5206
f 5105 5206 5106
f 5106 5206 5207
f 5106 5207 5107
f 5107 5207 5208
f 5107 5208 5108
f 5108 5208 5209
f 5108 5209 5109
f 5109 5209 5210
f 5109 5210 5110
f 5110 5210 5211
f 5110 5211 5111
f 5111 5211 5212
f 5111 5212 5112
f 5112 5212 5213
f 5112 5213 5113
f 5113 5213 5214
f 5113 5214 5114
f 5114 5214 5215
f 5114 5215 5115
f 5115 5215 5216
f 5115 5216 5116
f 5116 5216 5217
f 5116 5217 5117
f 5117 5217 5218
f 5117 5218 5118
f 5118 5218 5219
f 5118 5219 5119
f 5119 5219 5220
f 5119 5220 5120
f 5120 5220 5221
f 5120 5221 5121
f 5121 5221 5222
f 5121 5222 5122
f 5122 5222 5223
f 5122 5223 5123
f 5123 5223 5224
f 5123 5224 5124
f 5124 5224 5225
f 5124 5225 5125
f 5125 5225 5226
f 5125 5226 5126
f 5126 5226 5227
f 5126 5227 5127
f 5127 5227 5228
f 5127 5228 5128
f 5128 5228 5229
f 5128 5229 5129
f 5129 5229 5230
f 5129 5230 5130
f 5130 5230 5231
f 5130 5231 5131
f 5131 5231 5232
f 5131 5232 5132
f 5132 5232 5233
f 5132 5233 5133
f 5133 5233 5234
f 5133 5234 5134
f 5134 5234 5235
f 5134 5235 5135
f 5135 5235 5236
f 5135 5236 5136
f 5136 5236 5237
f 5136 5237 5137
f 5137 5237 5238
f 5137 5238 5138
f 5138 5238 5239
f 5138 5239 5139
f 5139 5239 5240
f 5139 5240 5140
f 5140 5240 5241
f 5140 5241 5141
f 5141 5241 5242
f 5141 5242 5142
f 5142 5242 5243
f 5142 5243 5143
f 5143 5243 5244
f 5143 5244 5144
f 5144 5244 5245
f 5144 5245 5145
f 5145 5245 5246
f 5145 5246 5146
f 5146 5246 5247
f 5146 5247 5147
f 5147 5247 5248
f 5147 5248 5148
f 5148 5248 5249
f 5148 5249 5149
f 5149 5249 5250
f 5149 5250 5150
f 5150 5250 5251
f 5150 5251 5151
f 5151 5251 5252
f 5151 5252 5152
f 5152 5252 5253
f 5152 5253 5153
f 5153 5253 5254
f 5153 5254 5154
f 5154 5254 5255
f 5154 5255 5155
f 5155 5255 5256
f 5155 5256 5156
f 5156 5256 5257
f 5156 5257 5157
f 5157 5257 5258
f 5157 5258 5158
f 5158 5258 5259
f 5158 5259 5159
f 5159 5259 5260
f 5159 5260 5160
f 5160 5260 5261
f 5160 5261 5161
f 5161 5261 5262
f 5161 5262 5162
f 5162 5262 5263
f 5162 5263 5163
f 5163 5263 5264
f 5163 5264 5164
f 5164 5264 5265
f 5164 5265 5165
f 5165 5265 5266
f 5165 5266 5166
f 5166 5266 5267
f 5166 5267 5167
f 5167 5267 5268
f 5167 5268 5168
f 5168 5268 5269
f 5168 5269 5169
f 5169 5269 5270
f 5169 5270 5170
f 5170 5270 5271
f 5170 5271 5171
f 5171 5271 5272
f 5171 5272 5172
f 5172 5272 5273
f 5172 5273 5173
f 5173 5273 5274
f 5173 5274 5174
f 5174 5274 5275
f 5174 5275 5175
f 5175 5275 5276
f 5175 5276 5176
f 5176 5276 5277
f 5176 5277 5177
f 5177 5277 5278
f 5177 5278 5178
f 5178 5278 5279
f 5178 5279 5179
f 5179 5279 5280
f 5179 5280 5180
f 5180 5280 5281
f 5180 5281 5181
f 5181 5281 5282
f 5181 5282 5182
f 5182 5282 5283
f 5182 5283 5183
f 5183 5283 5284
f 5183 5284 5184
f 5184 5284 5285
f 5184 5285 5185
f 5185 5285 5286
f 5185 5286 5186
f 5186 5286 5287
f 5186 5287 5187
f 5187 5287 5288
f 5187 5288 5188
f 5188 5288 5289
f 5188 5289 5189
f 5189 5289 5290
f 5189 5290 5190
f 5190 5290 5291
f 5190 5291 5191
f 5191 5291 5292
f 5191 5292 5192
f 5192 5292 5293
f 5192 5293 5193
f 5193 5293 5294
f 5193 5294 5194
f 5194 5294 5295
f 5194 5295 5195
f 5195 5295 5296
f 5195 5296 5196
f 5196 5296 5297
f 5196 5297 5197
f 5197 5297 5298
f 5197 5298 5198
f 5198 5298 5299
f 5198 5299 5199
f 5199 5299 5300
f 5199 5300 5200
f 5200 5300 5201
f 5200 5201 5101
f 5201 5301 5302
f 5201 5302 5202
f 5202 5302 5303
f 5202 5303 5203
f 5203 5303 5304
f 5203 5304 5204
f 5204 5304 5305
f 5204 5305 5205
f 5205 5305 5306
f 5205 5306 5206
f 5206 5306 5307
f 5206 5307 5207
f 5207 5307 5308
f 5207 5308 5208
f 5208 5308 5309
f 5208 5309 5209
f 5209 5309 5310
f 5209 5310 5210
f 5210 5310 5311
f 5210 5311 5211
f 5211 5311 5312
f 5211 5312 5212
f 5212 5312 5313
f 5212 5313 5213
f 5213 5313 5314
f 5213 5314 5214
f 5214 5314 5315
f 5214 5315 5215
f 5215 5315 5316
f 5215 5316 5216
f 5216 5316 5317
f 5216 5317 5217
f 5217 5317 5318
f 5217 5318 5218
f 5218 5318 5319
f 5218 5319 5219
f 5219 5319 5320
f 5219 5320 5220
f 5220 5320 5321
f 5220 5321 5221
f 5221 5321 5322
f 5221 5322 5222
f 5222 5322 5323
f 5222 5323 5223
f 5223 5323 5324
f 5223 5324 5224
f 5224 5324 5325
f 5224 5325 5225
f 5225 5325 5326
f 5225 5326 5226
f 5226 5326 5327
f 5226 5327 5227
f 5227 5327 5328
f 5227 5328 5228
f 5228 5328 5329
f 5228 5329 5229
f 5229 5329 5330
f 5229 5330 5230
f 5230 5330 5331
f 5230 5331 5231
f 5231 5331 5332
f 5231 5332 5232
f 5232 5332 5333
f 5232 5333 5233
f 5233 5333 5334
f 5233 5334 5234
f 5234 5334 5335
f 5234 5335 5235
f 5235 5335 5336
f 5235 5336 5236
f 5236 5336 5337
f 5236 5337 5237
f 5237 5337 5338
f 5237 5338 5238
f 5238 5338 5339
f 5238 5339 5239
f 5239 5339 5340
f 5239 5340 5240
f 5240 5340 5341
f 5240 5341 5241
f 5241 5341 5342
f 5241 5342 5242
f 5242 5342 5343
f 5242 5343 5243
f 5243 5343 5344
f 5243 5344 5244
f 5244 5344 5345
f 5244 5345 5245
f 5245 5345 5346
f 5245 5346 5246
f 5246 5346 5347
f 5246 5347 5247
f 5247 5347 5348
f 5247 5348 5248
f 5248 5348 5349
f 5248 5349 5249
f 5249 5349 5350
f 5249 5350 5250
f 5250 5350 5351
f 5250 5351 5251
f 5251 5351 5352
f 5251 5352 5252
f 5252 5352 5353
f 5252 5353 5253
f 5253 5353 5354
f 5253 5354 5254
f 5254 5354 5355
f 5254 5355 5255
f 5255 5355 5356
f 5255 5356 5256
f 5256 5356 5357
f 5256 5357 5257
f 5257 5357 5358
f 5257 5358 5258
f 5258 5358 5359
f 5258 5359 5259
f 5259 5359 5360
f 5259 5360 5260
f 5260 5360 5361
f 5260 5361 5261
f 5261 5361 5362
f 5261 5362 5262
f 5262 5362 5363
f 5262 5363 5263
f 5263 5363 5364
f 5263 5364 5264
f 5264 5364 5365
f 5264 5365 5265
f 5265 5365 5366
f 5265 5366 5266
f 5266 5366 5367
f 5266 5367 5267
f 5267 5367 5368
f 5267 5368 5268
f 5268 5368 5369
f 5268 5369 5269
f 5269 5369 5370
f 5269 5370 5270
f 5270 5370 5371
f 5270 5371 5271
f 5271 5371 5372
f 5271 5372 5272
f 5272 5372 5373
f 5272 5373 5273
f 5273 5373 5374
f 5273 5374 5274
f 5274 5374 5375
f 5274 5375 5275
f 5275 5375 5376
f 5275 5376 5276
f 5276 5376 5377
f 5276 5377 5277
f 5277 5377 5378
f 5277 5378 5278
f 5278 5378 5379
f 5278 5379 5279
f 5279 5379 5380
f 5279 5380 5280
f 5280 5380 5381
f 5280 5381 5281
f 5281 5381 5382
f 5281 5382 5282
f 5282 5382 5383
f 5282 5383 5283
f 5283 5383 5384
f 5283 5384 5284
f 5284 5384 5385
f 5284 5385 5285
f 5285 5385 5386
f 5285 5386 5286
f 5286 5386 5387
f 5286 5387 5287
f 5287 5387 5388
f 5287 5388 5288
f 5288 5388 5389
f 5288 5389 5289
f 5289 5389 5390
f 5289 5390 5290
f 5290 5390 5391
f 5290 5391 5291
f 5291 5391 5392
f 5291 5392 5292
f 5292 5392 5393
f 5292 5393 5293
f 5293 5393 5394
f 5293 5394 5294
f 5294 5394 5395
f 5294 5395 5295
f 5295 5395 5396
f 5295 5396 5296
f 5296 5396 5397
f 5296 5397 5297
f 5297 5397 5398
f 5297 5398 5298
f 5298 5398 5399
f 5298 5399 5299
f 5299 5399 5400
f 5299 5400 5300
f 5300 5400 5301
f 5300 5301 5201
f 5301 5401 5402
f 5301 5402 5302
f 5302 5402 5403
f 5302 5403 5303
f 5303 5403 5404
f 5303 5404 5304
f 5304 5404 5405
f 5304 5405 5305
f 5305 5405 5406
f 5305 5406 5306
f 5306 5406 5407
f 5306 5407 5307
f 5307 5407 5408
f 5307 5408 5308
f 5308 5408 5409
f 5308 5409 5309
f 5309 5409 5410
f 5309 5410 5310
f 5310 5410 5411
f 5310 5411 5311
f 5311 5411 5412
f 5311 5412 5312
f 5312 5412 5413
f 5312 5413 5313
f 5313 5413 5414
f 5313 5414 5314
f 5314 5414 5415
f 5314 5415 5315
f 5315 5415 5416
f 5315 5416 5316
f 5316 5416 5417
f 5316 5417 5317
f 5317 5417 5418
f 5317 5418 5318
f 5318 5418 5419
f 5318 5419 5319
f 5319 5419 5420
f 5319 5420 5320
f 5320 5420 5421
f 5320 5421 5321
f 5321 5421 5422
f 5321 5422 5322
f 5322 5422 5423
f 5322 5423 5323
f 5323 5423 5424
f 5323 5424 5324
f 5324 5424 5425
f 5324 5425 5325
f 5325 5425 5426
f 5325 5426 5326
f 5326 5426 5427
f 5326 5427 5327
f 5327 5427 5428
f 5327 5428 5328
f 5328 5428 5429
f 5328 5429 5329
f 5329 5429 5430
f 5329 5430 5330
f 5330 5430 5431
f 5330 5431 5331
f 5331 5431 5432
f 5331 5432 5332
f 5332 5432 5433
f 5332 5433 5333
f 5333 5433 5434
f 5333 5434 5334
f 5334 5434 5435
f 5334 5435 5335
f 5335 5435 5436
f 5335 5436 5336
f 5336 5436 5437
f 5336 5437 5337
f 5337 5437 5438
f 5337 5438 5338
f 5338 5438 5439
f 5338 5439 5339
f 5339 5439 5440
f 5339 5440 5340
f 5340 5440 5441
f 5340 5441 5341
f 5341 5441 5442
f 5341 5442 5342
f 5342 5442 5443
f 5342 5443 5343
f 5343 5443 5444
f 5343 5444 5344
f 5344 5444 5445
f 5344 5445 5345
f 5345 5445 5446
f 5345 5446 5346
f 5346 5446 5447
f 5346 5447 5347
f 5347 5447 5448
f 5347 5448 5348
f 5348 5448 5449
f 5348 5449 5349
f 5349 5449 5450
f 5349 5450 5350
f 5350 5450 5451
f 5350 5451 5351
f 5351 5451 5452
f 5351 5452 5352
f 5352 5452 5453
f 5352 5453 5353
f 5353 5453 5454
f 5353 5454 5354
f 5354 5454 5455
f 5354 5455 5355
f 5355 5455 5456
f 5355 5456 5356
f 5356 5456 5457
f 5356 5457 5357
f 5357 5457 5458
f 5357 5458 5358
f 5358 5458 5459
f 5358 5459 5359
f 5359 5459 5460
f 5359 5460 5360
f 5360 5460 5461
f 5360 5461 5361
f 5361 5461 5462
f 5361 5462 5362
f 5362 5462 5463
f 5362 5463 5363
f 5363 5463 5464
f 5363 5464 5364
f 5364 5464 5465
f 5364 5465 5365
f 5365 5465 5466
f 5365 5466 5366
f 5366 5466 5467
f 5366 5467 5367
f 5367 5467 5468
f 5367 5468 5368
f 5368 5468 5469
f 5368 5469 5369
f 5369 5469 5470
f 5369 5470 5370
f 5370 5470 5471
f 5370 5471 5371
f 5371 5471 5472
f 5371 5472 5372
f 5372 5472 5473
f 5372 5473 5373
f 5373 5473 5474
f 5373 5474 5374
f 5374 5474 5475
f 5374 5475 5375
f 5375 5475 5476
f 5375 5476 5376
f 5376 5476 5477
f 5376 5477 5377
f 5377 5477 5478
f 5377 5478 5378
f 5378 5478 5479
f 5378 5479 5379
f 5379 5479 5480
f 5379 5480 5380
f 5380 5480 5481
f 5380 5481 5381
f 5381 5481 5482
f 5381 5482 5382
f 5382 5482 5483
f 5382 5483 5383
f 5383 5483 5484
f 5383 5484 5384
f 5384 5484 5485
f 5384 5485 5385
f 5385 5485 5486
f 5385 5486 5386
f 5386 5486 5487
f 5386 5487 5387
f 5387 5487 5488
f 5387 5488 5388
f 5388 5488 5489
f 5388 5489 5389
f 5389 5489 5490
f 5389 5490 5390
f 5390 5490 5491
f 5390 5491 5391
f 5391 5491 5492
f 5391 5492 5392
f 5392 5492 5493
f 5392 5493 5393
f 5393 5493 5494
f 5393 5494 5394
f 5394 5494 5495
f 5394 5495 5395
f 5395 5495 5496
f 5395 5496 5396
f 5396 5496 5497
f 5396 5497 5397
f 5397 5497 5498
f 5397 5498 5398
f 5398 5498 5499
f 5398 5499 5399
f 5399 5499 5500
f 5399 5500 5400
f 5400 5500 5401
f 5400 5401 5301
f 5401 5501 5502
f 5401 5502 5402
f 5402 5502 5503
f 5402 5503 5403
f 5403 5503 5504
f 5403 5504 5404
f 5404 5504 5505
f 5404 5505 5405
f 5405 5505 5506
f 5405 5506 5406
f 5406 5506 5507
f 5406 5507 5407
f 5407 5507 5508
f 5407 5508 5408
f 5408 5508 5509
f 5408 5509 5409
f 5409 5509 5510
f 5409 5510 5410
f 5410 5510 5511
f 5410 5511 5411
f 5411 5511 5512
f 5411 5512 5412
f 5412 5512 5513
f 5412 5513 5413
f 5413 5513 5514
f 5413 5514 5414
f 5414 5514 5515
f 5414 5515 5415
f 5415 5515 5516
f 5415 5516 5416
f 5416 5516 5517
f 5416 5517 5417
f 5417 5517 5518
f 5417 5518 5418
f 5418 5518 5519
f 5418 5519 5419
f 5419 5519 5520
f 5419 5520 5420
f 5420 5520 5521
f 5420 5521 5421
f 5421 5521 5522
f 5421 5522 5422
f 5422 5522 5523
f 5422 5523 5423
f 5423 5523 5524
f 5423 5524 5424
f 5424 5524 5525
f 5424 5525 5425
f 5425 5525 5526
f 5425 5526 5426
f 5426 5526 5527
f 5426 5527 5427
f 5427 5527 5528
f 5427 5528 5428
f 5428 5528 5529
f 5428 5529 5429
f 5429 5529 5530
f 5429 5530 5430
f 5430 5530 5531
f 5430 5531 5431
f 5431 5531 5532
f 5431 5532 5432
f 5432 5532 5533
f 5432 5533 5433
f 5433 5533 5534
f 5433 5534 5434
f 5434 5534 5535
f 5434 5535 5435
f 5435 5535 5536
f 5435 5536 5436
f 5436 5536 5537
f 5436 5537 5437
f 5437 5537 5538
f 5437 5538 5438
f 5438 5538 5539
f 5438 5539 5439
f 5439 5539 5540
f 5439 5540 5440
f 5440 5540 5541
f 5440 5541 5441
f 5441 5541 5542
f 5441 5542 5442
f 5442 5542 5543
f 5442 5543 5443
f 5443 5543 5544
f 5443 5544 5444
f 5444 5544 5545
f 5444 5545 5445
f 5445 5545 5546
f 5445 5546 5446
f 5446 5546 5547
f 5446 5547 5447
f 5447 5547 5548
f 5447 5548 5448
f 5448 5548 5549
f 5448 5549 5449
f 5449 5549 5550
f 5449 5550 5450
f 5450 5550 5551
f 5450 5551 5451
f 5451 5551 5552
f 5451 5552 5452
f 5452 5552 5553
f 5452 5553 5453
f 5453 5553 5554
f 5453 5554 5454
f 5454 5554 5555
f 5454 5555 5455
f 5455 5555 5556
f 5455 5556 5456
f 5456 5556 5557
f 5456 5557 5457
f 5457 5557 5558
f 5457 5558 5458
f 5458 5558 5559
f 5458 5559 5459
f 5459 5559 5560
f 5459 5560 5460
f 5460 5560 5561
f 5460 5561 5461
f 5461 5561 5562
f 5461 5562 5462
f 5462 5562 5563
f 5462 5563 5463
f 5463 5563 5564
f 5463 5564 5464
f 5464 5564 5565
f 5464 5565 5465
f 5465 5565 5566
f 5465 5566 5466
f 5466 5566 5567
f 5466 5567 5467
f 5467 5567 5568
f 5467 5568 5468
f 5468 5568 5569
f 5468 5569 5469
f 5469 5569 5570
f 5469 5570 5470
f 5470 5570 5571
f 5470 5571 5471
f 5471 5571 5572
f 5471 5572 5472
f 5472 5572 5573
f 5472 5573 5473
f 5473 5573 5574
f 5473 5574 5474
f 5474 5574 5575
f 5474 5575 5475
f 5475 5575 5576
f 5475 5576 5476
f 5476 5576 5577
f 5476 5577 5477
f 5477 5577 5578
f 5477 5578 5478
f 5478 5578 5579
f 5478 5579 5479
f 5479 5579 5580
f 5479 5580 5480
f 5480 5580 5581
f 5480 5581 5481
f 5481 5581 5582
f 5481 5582 5482
f 5482 5582 5583
f 5482 5583 5483
f 5483 5583 5584
f 5483 5584 5484
f 5484 5584 5585
f 5484 5585 5485
f 5485 5585 5586
f 5485 5586 5486
f 5486 5586 5587
f 5486 5587 5487
f 5487 5587 5588
f 5487 5588 5488
f 5488 5588 5589
f 5488 5589 5489
f 5489 5589 5590
f 5489 5590 5490
f 5490 5590 5591
f 5490 5591 5491
f 5491 5591 5592
f 5491 5592 5492
f 5492 5592 5593
f 5492 5593 5493
f 5493 5593 5594
f 5493 5594 5494
f 5494 5594 5595
f 5494 5595 5495
f 5495 5595 5596
f 5495 5596 5496
f 5496 5596 5597
f 5496 5597 5497
f 5497 5597 5598
f 5497 5598 5498
f 5498 5598 5599
f 5498 5599 5499
f 5499 5599 5600
f 5499 5600 5500
f 5500 5600 5501
f 5500 5501 5401
f 5501 5601 5602
f 5501 5602 5502
f 5502 5602 5603
f 5502 5603 5503
f 5503 5603 5604
f 5503 5604 5504
f 5504 5604 5605
f 5504 5605 5505
f 5505 5605 5606
f 5505 5606 5506
f 5506 5606 5607
f 5506 5607 5507
f 5507 5607 5608
f 5507 5608 5508
f 5508 5608 5609
f 5508 5609 5509
f 5509 5609 5610
f 5509 5610 5510
f 5510 5610 5611
f 5510 5611 5511
f 5511 5611 5612
f 5511 5612 5512
f 5512 5612 5613
f 5512 5613 5513
f 5513 5613 5614
f 5513 5614 5514
f 5514 5614 5615
f 5514 5615 5515
f 5515 5615 5616
f 5515 5616 5516
f 5516 5616 5617
f 5516 5617 5517
f 5517 5617 5618
f 5517 5618 5518
f 5518 5618 5619
f 5518 5619 5519
f 5519 5619 5620
f 5519 5620 5520
f 5520 5620 5621
f 5520 5621 5521
f 5521 5621 5622
f 5521 5622 5522
f 5522 5622 5623
f 5522 5623 5523
f 5523 5623 5624
f 5523 5624 5524
f 5524 5624 5625
f 5524 5625 5525
f 5525 5625 5626
f 5525 5626 5526
f 5526 5626 5627
f 5526 5627 5527
f 5527 5627 5628
f 5527 5628 5528
f 5528 5628 5629
f 5528 5629 5529
f 5529 5629 5630
f 5529 5630 5530
f 5530 5630 5631
f 5530 5631 5531
f 5531 5631 5632
f 5531 5632 5532
f 5532 5632 5633
f 5532 5633 5533
f 5533 5633 5634
f 5533 5634 5534
f 5534 5634 5635
f 5534 5635 5535
f 5535 5635 5636
f 5535 5636 5536
f 5536 5636 5637
f 5536 5637 5537
f 5537 5637 5638
f 5537 5638 5538
f 5538 5638 5639
f 5538 5639 5539
f 5539 5639 5640
f 5539 5640 5540
f 5540 5640 5641
f 5540 5641 5541
f 5541 5641 5642
f 5541 5642 5542
f 5542 5642 5643
f 5542 5643 5543
f 5543 5643 5644
f 5543 5644 5544
f 5544 5644 5645
f 5544 5645 5545
f 5545 5645 5646
f 5545 5646 5546
f 5546 5646 5647
f 5546 5647 5547
f 5547 5647 5648
f 5547 5648 5548
f 5548 5648 5649
f 5548 5649 5549
f 5549 5649 5650
f 5549 5650 5550
f 5550 5650 5651
f 5550 5651 5551
f 5551 5651 5652
f 5551 5652 5552
f 5552 5652 5653
f 5552 5653 5553
f 5553 5653 5654
f 5553 5654 5554
f 5554 5654 5655
f 5554 5655 5555
f 5555 5655 5656
f 5555 5656 5556
f 5556 5656 5657
f 5556 5657 5557
f 5557 5657 5658
f 5557 5658 5558
f 5558 5658 5659
f 5558 5659 5559
f 5559 5659 5660
f 5559 5660 5560
f 5560 5660 5661
f 5560 5661 5561
f 5561 5661 5662
f 5561 5662 5562
f 5562 5662 5663
f 5562 5663 5563
f 5563 5663 5664
f 5563 5664 5564
f 5564 5664 5665
f 5564 5665 5565
f 5565 5665 5666
f 5565 5666 5566
f 5566 5666 5667
f 5566 5667 5567
f 5567 5667 5668
f 5567 5668 5568
f 5568 5668 5669
f 5568 5669 5569
f 5569 5669 5670
f 5569 5670 5570
f 5570 5670 5671
f 5570 5671 5571
f 5571 5671 5672
f 5571 5672 5572
f 5572 5672 5673
f 5572 5673 5573
f 5573 5673 5674
f 5573 5674 5574
f 5574 5674 5675
f 5574 5675 5575
f 5575 5675 5676
f 5575 5676 5576
f 5576 5676 5677
f 5576 5677 5577
f 5577 5677 5678
f 5577 5678 5578
f 5578 5678 5679
f 5578 5679 5579
f 5579 5679 5680
f 5579 5680 5580
f 5580 5680 5681
f 5580 5681 5581
f 5581 5681 5682
f 5581 5682 5582
f 5582 5682 5683
f 5582 5683 5583
f 5583 5683 5684
f 5583 5684 5584
f 5584 5684 5685
f 5584 5685 5585
f 5585 5685 5686
f 5585 5686 5586
f 5586 5686 5687
f 5586 5687 5587
f 5587 5687 5688
f 5587 5688 5588
f 5588 5688 5689
f 5588 5689 5589
f 5589 5689 5690
f 5589 5690 5590
f 5590 5690 5691
f 5590 5691 5591
f 5591 5691 5692
f 5591 5692 5592
f 5592 5692 5693
f 5592 5693 5593
f 5593 5693 5694
f 5593 5694 5594
f 5594 5694 5695
f 5594 5695 5595
f 5595 5695 5696
f 5595 5696 5596
f 5596 5696 5697
f 5596 5697 5597
f 5597 5697 5698
f 5597 5698 5598
f 5598 5698 5699
f 5598 5699 5599
f 5599 5699 5700
f 5599 5700 5600
f 5600 5700 5601
f 5600 5601 5501
f 5601 5701 5702
f 5601 5702 5602
f 5602 5702 5703
f 5602 5703 5603
f 5603 5703 5704
f 5603 5704 5604
f 5604 5704 5705
f 5604 5705 5605
f 5605 5705 5706
f 5605 5706 5606
f 5606 5706 5707
f 5606 5707 5607
f 5607 5707 5708
f 5607 5708 5608
f 5608 5708 5709
f 5608 5709 5609
f 5609 5709 5710
f 5609 5710 5610
f 5610 5710 5711
f 5610 5711 5611
f 5611 5711 5712
f 5611 5712 5612
f 5612 5712 5713
f 5612 5713 5613
f 5613 5713 5714
f 5613 5714 5614
f 5614 5714 5715
f 5614 5715 5615
f 5615 5715 5716
f 5615 5716 5616
f 5616 5716 5717
f 5616 5717 5617
f 5617 5717 5718
f 5617 5718 5618
f 5618 5718 5719
f 5618 5719 5619
f 5619 5719 5720
f 5619 5720 5620
f 5620 5720 5721
f 5620 5721 5621
f 5621 5721 5722
f 5621 5722 5622
f 5622 5722 5723
f 5622 5723 5623
f 5623 5723 5724
f 5623 5724 5624
f 5624 5724 5725
f 5624 5725 5625
f 5625 5725 5726
f 5625 5726 5626
f 5626 5726 5727
f 5626 5727 5627
f 5627 5727 5728
f 5627 5728 5628
f 5628 5728 5729
f 5628 5729 5629
f 5629 5729 5730
f 5629 5730 5630
f 5630 5730 5731
f 5630 5731 5631
f 5631 5731 5732
f 5631 5732 5632
f 5632 5732 5733
f 5632 5733 5633
f 5633 5733 5734
f 5633 5734 5634
f 5634 5734 5735
f 5634 5735 5635
f 5635 5735 5736
f 5635 5736 5636
f 5636 5736 5737
f 5636 5737 5637
f 5637 5737 5738
f 5637 5738 5638
f 5638 5738 5739
f 5638 5739 5639
f 5639 5739 5740
f 5639 5740 5640
f 5640 5740 5741
f 5640 5741 5641
f 5641 5741 5742
f 5641 5742 5642
f 5642 5742 5743
f 5642 5743 5643
f 5643 5743 5744
f 5643 5744 5644
f 5644 5744 5745
f 5644 5745 5645
f 5645 5745 5746
f 5645 5746 5646
f 5646 5746 5747
f 5646 5747 5647
f 5647 5747 5748
f 5647 5748 5648
f 5648 5748 5749
f 5648 5749 5649
f 5649 5749 5750
f 5649 5750 5650
f 5650 5750 5751
f 5650 5751 5651
f 5651 5751 5752
f 5651 5752 5652
f 5652 5752 5753
f 5652 5753 5653
f 5653 5753 5754
f 5653 5754 5654
f 5654 5754 5755
f 5654 5755 5655
f 5655 5755 5756
f 5655 5756 5656
f 5656 5756 5757
f 5656 5757 5657
f 5657 5757 5758
f 5657 5758 5658
f 5658 5758 5759
f 5658 5759 5659
f 5659 5759 5760
f 5659 5760 5660
f 5660 5760 5761
f 5660 5761 5661
f 5661 5761 5762
f 5661 5762 5662
f 5662 5762 5763
f 5662 5763 5663
f 5663 5763 5764
f 5663 5764 5664
f 5664 5764 5765
f 5664 5765 5665
f 5665 5765 5766
f 5665 5766 5666
f 5666 5766 5767
f 5666 5767 5667
f 5667 5767 5768
f 5667 5768 5668
f 5668 5768 5769
f 5668 5769 5669
f 5669 5769 5770
f 5669 5770 5670
f 5670 5770 5771
f 5670 5771 5671
f 5671 5771 5772
f 5671 5772 5672
f 5672 5772 5773
f 5672 5773 5673
f 5673 5773 5774
f 5673 5774 5674
f 5674 5774 5775
f 5674 5775 5675
f 5675 5775 5776
f 5675 5776 5676
f 5676 5776 5777
f 5676 5777 5677
f 5677 5777 5778
f 5677 5778 5678
f 5678 5778 5779
f 5678 5779 5679
f 5679 5779 5780
f 5679 5780 5680
f 5680 5780 5781
f 5680 5781 5681
f 5681 5781 5782
f 5681 5782 5682
f 5682 5782 5783
f 5682 5783 5683
f 5683 5783 5784
f 5683 5784 5684
f 5684 5784 5785
f 5684 5785 5685
f 5685 5785 5786
f 5685 5786 5686
f 5686 5786 5787
f 5686 5787 5687
f 5687 5787 5788
f 5687 5788 5688
f 5688 5788 5789
f 5688 5789 5689
f 5689 5789 5790
f 5689 5790 5690
f 5690 5790 5791
f 5690 5791 5691
f 5691 5791 5792
f 5691 5792 5692
f 5692 5792 5793
f 5692 5793 5693
f 5693 5793 5794
f 5693 5794 5694
f 5694 5794 5795
f 5694 5795 5695
f 5695 5795 5796
f 5695 5796 5696
f 5696 5796 5797
f 5696 5797 5697
f 5697 5797 5798
f 5697 5798 5698
f 5698 5798 5799
f 5698 5799 5699
f 5699 5799 5800
f 5699 5800 5700
f 5700 5800 5701
f 5700 5701 5601
f 5701 5801 5802
f 5701 5802 5702
f 5702 5802 5803
f 5702 5803 5703
f 5703 5803 5804
f 5703 5804 5704
f 5704 5804 5805
f 5704 5805 5705
f 5705 5805 5806
f 5705 5806 5706
f 5706 5806 5807
f 5706 5807 5707
f 5707 5807 5808
f 5707 5808 5708
f 5708 5808 5809
f 5708 5809 5709
f 5709 5809 5810
f 5709 5810 5710
f 5710 5810 5811
f 5710 5811 5711
f 5711 5811 5812
f 5711 5812 5712
f 5712 5812 5813
f 5712 5813 5713
f 5713 5813 5814
f 5713 5814 5714
f 5714 5814 5815
f 5714 5815 5715
f 5715 5815 5816
f 5715 5816 5716
f 5716 5816 5817
f 5716 5817 5717
f 5717 5817 5818
f 5717 5818 5718
f 5718 5818 5819
f 5718 5819 5719
f 5719 5819 5820
f 5719 5820 5720
f 5720 5820 5821
f 5720 5821 5721
f 5721 5821 5822
f 5721 5822 5722
f 5722 5822 5823
f 5722 5823 5723
f 5723 5823 5824
f 5723 5824 5724
f 5724 5824 5825
f 5724 5825 5725
f 5725 5825 5826
f 5725 5826 5726
f 5726 5826 5827
f 5726 5827 5727
f 5727 5827 5828
f 5727 5828 5728
f 5728 5828 5829
f 5728 5829 5729
f 5729 5829 5830
f 5729 5830 5730
f 5730 5830 5831
f 5730 5831 5731
f 5731 5831 5832
f 5731 5832 5732
f 5732 5832 5833
f 5732 5833 5733
f 5733 5833 5834
f 5733 5834 5734
f 5734 5834 5835
f 5734 5835 5735
f 5735 5835 5836
f 5735 5836 5736
f 5736 5836 5837
f 5736 5837 5737
f 5737 5837 5838
f 5737 5838 5738
f 5738 5838 5839
f 5738 5839 5739
f 5739 5839 5840
f 5739 5840 5740
f 5740 5840 5841
f 5740 5841 5741
f 5741 5841 5842
f 5741 5842 5742
f 5742 5842 5843
f 5742 5843 5743
f 5743 5843 5844
f 5743 5844 5744
f 5744 5844 5845
f 5744 5845 5745
f 5745 5845 5846
f 5745 5846 5746
f 5746 5846 5847
f 5746 5847 5747
f 5747 5847 5848
f 5747 5848 5748
f 5748 5848 5849
f 5748 5849 5749
f 5749 5849 5850
f 5749 5850 5750
f 5750 5850 5851
f 5750 5851 5751
f 5751 5851 5852
f 5751 5852 5752
f 5752 5852 5853
f 5752 5853 5753
f 5753 5853 5854
f 5753 5854 5754
f 5754 5854 5855
f 5754 5855 5755
f 5755 5855 5856
f 5755 5856 5756
f 5756 5856 5857
f 5756 5857 5757
f 5757 5857 5858
f 5757 5858 5758
f 5758 5858 5859
f 5758 5859 5759
f 5759 5859 5860
f 5759 5860 5760
f 5760 5860 5861
f 5760 5861 5761
f 5761 5861 5862
f 5761 5862 5762
f 5762 5862 5863
f 5762 5863 5763
f 5763 5863 5864
f 5763 5864 5764
f 5764 5864 5865
f 5764 5865 5765
f 5765 5865 5866
f 5765 5866 5766
f 5766 5866 5867
f 5766 5867 5767
f 5767 5867 5868
f 5767 5868 5768
f 5768 5868 5869
f 5768 5869 5769
f 5769 5869 5870
f 5769 5870 5770
f 5770 5870 5871
f 5770 5871 5771
f 5771 5871 5872
f 5771 5872 5772
f 5772 5872 5873
f 5772 5873 5773
f 5773 5873 5874
f 5773 5874 5774
f 5774 5874 5875
f 5774 5875 5775
f 5775 5875 5876
f 5775 5876 5776
f 5776 5876 5877
f 5776 5877 5777
f 5777 5877 5878
f 5777 5878 5778
f 5778 5878 5879
f 5778 5879 5779
f 5779 5879 5880
f 5779 5880 5780
f 5780 5880 5881
f 5780 5881 5781
f 5781 5881 5882
f 5781 5882 5782
f 5782 5882 5883
f 5782 5883 5783
f 5783 5883 5884
f 5783 5884 5784
f 5784 5884 5885
f 5784 5885 5785
f 5785 5885 5886
f 5785 5886 5786
f 5786 5886 5887
f 5786 5887 5787
f 5787 5887 5888
f 5787 5888 5788
f 5788 5888 5889
f 5788 5889 5789
f 5789 5889 5890
f 5789 5890 5790
f 5790 5890 5891
f 5790 5891 5791
f 5791 5891 5892
f 5791 5892 5792
f 5792 5892 5893
f 5792 5893 5793
f 5793 5893 5894
f 5793 5894 5794
f 5794 5894 5895
f 5794 5895 5795
f 5795 5895 5896
f 5795 5896 5796
f 5796 5896 5897
f 5796 5897 5797
f 5797 5897 5898
f 5797 5898 5798
f 5798 5898 5899
f 5798 5899 5799
f 5799 5899 5900
f 5799 5900 5800
f 5800 5900 5801
f 5800 5801 5701
f 5801 5901 5902
f 5801 5902 5802
f 5802 5902 5903
f 5802 5903 5803
f 5803 5903 5904
f 5803 5904 5804
f 5804 5904 5905
f 5804 5905 5805
f 5805 5905 5906
f 5805 5906 5806
f 5806 5906 5907
f 5806 5907 5807
f 5807 5907 5908
f 5807 5908 5808
f 5808 5908 5909
f 5808 5909 5809
f 5809 5909 5910
f 5809 5910 5810
f 5810 5910 5911
f 5810 5911 5811
f 5811 5911 5912
f 5811 5912 5812
f 5812 5912 5913
f 5812 5913 5813
f 5813 5913 5914
f 5813 5914 5814
f 5814 5914 5915
f 5814 5915 5815
f 5815 5915 5916
f 5815 5916 5816
f 5816 5916 5917
f 5816 5917 5817
f 5817 5917 5918
f 5817 5918 5818
f 5818 5918 5919
f 5818 5919 5819
f 5819 5919 5920
f 5819 5920 5820
f 5820 5920 5921
f 5820 5921 5821
f 5821 5921 5922
f 5821 5922 5822
f 5822 5922 5923
f 5822 5923 5823
f 5823 5923 5924
f 5823 5924 5824
f 5824 5924 5925
f 5824 5925 5825
f 5825 5925 5926
f 5825 5926 5826
f 5826 5926 5927
f 5826 5927 5827
f 5827 5927 5928
f 5827 5928 5828
f 5828 5928 5929
f 5828 5929 5829
f 5829 5929 5930
f 5829 5930 5830
f 5830 5930 5931
f 5830 5931 5831
f 5831 5931 5932
f 5831 5932 5832
f 5832 5932 5933
f 5832 5933 5833
f 5833 5933 5934
f 5833 5934 5834
f 5834 5934 5935
f 5834 5935 5835
f 5835 5935 5936
f 5835 5936 5836
f 5836 5936 5937
f 5836 5937 5837
f 5837 5937 5938
f 5837 5938 5838
f 5838 5938 5939
f 5838 5939 5839
f 5839 5939 5940
f 5839 5940 5840
f 5840 5940 5941
f 5840 5941 5841
f 5841 5941 5942
f 5841 5942 5842
f 5842 5942 5943
f 5842 5943 5843
f 5843 5943 5944
f 5843 5944 5844
f 5844 5944 5945
f 5844 5945 5845
f 5845 5945 5946
f 5845 5946 5846
f 5846 5946 5947
f 5846 5947 5847
f 5847 5947 5948
f 5847 5948 5848
f 5848 5948 5949
f 5848 5949 5849
f 5849 5949 5950
f 5849 5950 5850
f 5850 5950 5951
f 5850 5951 5851
f 5851 5951 5952
f 5851 5952 5852
f 5852 5952 5953
f 5852 5953 5853
f 5853 5953 5954
f 5853 5954 5854
f 5854 5954 5955
f 5854 5955 5855
f 5855 5955 5956
f 5855 5956 5856
f 5856 5956 5957
f 5856 5957 5857
f 5857 5957 5958
f 5857 5958 5858
f 5858 5958 5959
f 5858 5959 5859
f 5859 5959 5960
f 5859 5960 5860
f 5860 5960 5961
f 5860 5961 5861
f 5861 5961 5962
f 5861 5962 5862
f 5862 5962 5963
f 5862 5963 5863
f 5863 5963 5964
f 5863 5964 5864
f 5864 5964 5965
f 5864 5965 5865
f 5865 5965 5966
f 5865 5966 5866
f 5866 5966 5967
f 5866 5967 5867
f 5867 5967 5968
f 5867 5968 5868
f 5868 5968 5969
f 5868 5969 5869
f 5869 5969 5970
f 5869 5970 5870
f 5870 5970 5971
f 5870 5971 5871
f 5871 5971 5972
f 5871 5972 5872
f 5872 5972 5973
f 5872 5973 5873
f 5873 5973 5974
f 5873 5974 5874
f 5874 5974 5975
f 5874 5975 5875
f 5875 5975 5976
f 5875 5976 5876
f 5876 5976 5977
f 5876 5977 5877
f 5877 5977 5978
f 5877 5978 5878
f 5878 5978 5979
f 5878 5979 5879
f 5879 5979 5980
f 5879 5980 5880
f 5880 5980 5981
f 5880 5981 5881
f 5881 5981 5982
f 5881 5982 5882
f 5882 5982 5983
f 5882 5983 5883
f 5883 5983 5984
f 5883 5984 5884
f 5884 5984 5985
f 5884 5985 5885
f 5885 5985 5986
f 5885 5986 5886
f 5886 5986 5987
f 5886 5987 5887
f 5887 5987 5988
f 5887 5988 5888
f 5888 5988 5989
f 5888 5989 5889
f 5889 5989 5990
f 5889 5990 5890
f 5890 5990 5991
f 5890 5991 5891
f 5891 5991 5992
f 5891 5992 5892
f 5892 5992 5993
f 5892 5993 5893
f 5893 5993 5994
f 5893 5994 5894
f 5894 5994 5995
f 5894 5995 5895
f 5895 5995 5996
f 5895 5996 5896
f 5896 5996 5997
f 5896 5997 5897
f 5897 5997 5998
f 5897 5998 5898
f 5898 5998 5999
f 5898 5999 5899
f 5899 5999 6000
f 5899 6000 5900
f 5900 6000 5901
f 5900 5901 5801
f 5901 6001 6002
f 5901 6002 5902
f 5902 6002 6003
f 5902 6003 5903
f 5903 6003 6004
f 5903 6004 5904
f 5904 6004 6005
f 5904 6005 5905
f 5905 6005 6006
f 5905 6006 5906
f 5906 6006 6007
f 5906 6007 5907
f 5907 6007 6008
f 5907 6008 5908
f 5908 6008 6009
f 5908 6009 5909
f 5909 6009 6010
f 5909 6010 5910
f 5910 6010 6011
f 5910 6011 5911
f 5911 6011 6012
f 5911 6012 5912
f 5912 6012 6013
f 5912 6013 5913
f 5913 6013 6014
f 5913 6014 5914
f 5914 6014 6015
f 5914 6015 5915
f 5915 6015 6016
f 5915 6016 5916
f 5916 6016 6017
f 5916 6017 5917
f 5917 6017 6018
f 5917 6018 5918
f 5918 6018 6019
f 5918 6019 5919
f 5919 6019 6020
f 5919 6020 5920
f 5920 6020 6021
f 5920 6021 5921
f 5921 6021 6022
f 5921 6022 5922
f 5922 6022 6023
f 5922 6023 5923
f 5923 6023 6024
f 5923 6024 5924
f 5924 6024 6025
f 5924 6025 5925
f 5925 6025 6026
f 5925 6026 5926
f 5926 6026 6027
f 5926 6027 5927
f 5927 6027 6028
f 5927 6028 5928
f 5928 6028 6029
f 5928 6029 5929
f 5929 6029 6030
f 5929 6030 5930
f 5930 6030 6031
f 5930 6031 5931
f 5931 6031 6032
f 5931 6032 5932
f 5932 6032 6033
f 5932 6033 5933
f 5933 6033 6034
f 5933 6034 5934
f 5934 6034 6035
f 5934 6035 5935
f 5935 6035 6036
f 5935 6036 5936
f 5936 6036 6037
f 5936 6037 5937
f 5937 6037 6038
f 5937 6038 5938
f 5938 6038 6039
f 5938 6039 5939
f 5939 6039 6040
f 5939 6040 5940
f 5940 6040 6041
f 5940 6041 5941
f 5941 6041 6042
f 5941 6042 5942
f 5942 6042 6043
f 5942 6043 5943
f 5943 6043 6044
f 5943 6044 5944
f 5944 6044 6045
f 5944 6045 5945
f 5945 6045 6046
f 5945 6046 5946
f 5946 6046 6047
f 5946 6047 5947
f 5947 6047 6048
f 5947 6048 5948
f 5948 6048 6049
f 5948 6049 5949
f 5949 6049 6050
f 5949 6050 5950
f 5950 6050 6051
f 5950 6051 5951
f 5951 6051 6052
f 5951 6052 5952
f 5952 6052 6053
f 5952 6053 5953
f 5953 6053 6054
f 5953 6054 5954
f 5954 6054 6055
f 5954 6055 5955
f 5955 6055 6056
f 5955 6056 5956
f 5956 6056 6057
f 5956 6057 5957
f 5957 6057 6058
f 5957 6058 5958
f 5958 6058 6059
f 5958 6059 5959
f 5959 6059 6060
f 5959 6060 5960
f 5960 6060 6061
f 5960 6061 5961
f 5961 6061 6062
f 5961 6062 5962
f 5962 6062 6063
f 5962 6063 5963
f 5963 6063 6064
f 5963 6064 5964
f 5964 6064 6065
f 5964 6065 5965
f 5965 6065 6066
f 5965 6066 5966
f 5966 6066 6067
f 5966 6067 5967
f 5967 6067 6068
f 5967 6068 5968
f 5968 6068 6069
f 5968 6069 5969
f 5969 6069 6070
f 5969 6070 5970
f 5970 6070 6071
f 5970 6071 5971
f 5971 6071 6072
f 5971 6072 5972
f 5972 6072 6073
f 5972 6073 5973
f 5973 6073 6074
f 5973 6074 5974
f 5974 6074 6075
f 5974 6075 5975
f 5975 6075 6076
f 5975 6076 5976
f 5976 6076 6077
f 5976 6077 5977
f 5977 6077 6078
f 5977 6078 5978
f 5978 6078 6079
f 5978 6079 5979
f 5979 6079 6080
f 5979 6080 5980
f 5980 6080 6081
f 5980 6081 5981
f 5981 6081 6082
f 5981 6082 5982
f 5982 6082 6083
f 5982 6083 5983
f 5983 6083 6084
f 5983 6084 5984
f 5984 6084 6085
f 5984 6085 5985
f 5985 6085 6086
f 5985 6086 5986
f 5986 6086 6087
f 5986 6087 5987
f 5987 6087 6088
f 5987 6088 5988
f 5988 6088 6089
f 5988 6089 5989
f 5989 6089 6090
f 5989 6090 5990
f 5990 6090 6091
f 5990 6091 5991
f 5991 6091 6092
f 5991 6092 5992
f 5992 6092 6093
f 5992 6093 5993
f 5993 6093 6094
f 5993 6094 5994
f 5994 6094 6095
f 5994 6095 5995
f 5995 6095 6096
f 5995 6096 5996
f 5996 6096 6097
f 5996 6097 5997
f 5997 6097 6098
f 5997 6098 5998
f 5998 6098 6099
f 5998 6099 5999
f 5999 6099 6100
f 5999 6100 6000
f 6000 6100 6001
f 6000 6001 5901
f 6001 6101 6102
f 6001 6102 6002
f 6002 6102 6103
f 6002 6103 6003
f 6003 6103 6104
f 6003 6104 6004
f 6004 6104 6105
f 6004 6105 6005
f 6005 6105 6106
f 6005 6106 6006
f 6006 6106 6107
f 6006 6107 6007
f 6007 6107 6108
f 6007 6108 6008
f 6008 6108 6109
f 6008 6109 6009
f 6009 6109 6110
f 6009 6110 6010
f 6010 6110 6111
f 6010 6111 6011
f 6011 6111 6112
f 6011 6112 6012
f 6012 6112 6113
f 6012 6113 6013
f 6013 6113 6114
f 6013 6114 6014
f 6014 6114 6115
f 6014 6115 6015
f 6015 6115 6116
f 6015 6116 6016
f 6016 6116 6117
f 6016 6117 6017
f 6017 6117 6118
f 6017 6118 6018
f 6018 6118 6119
f 6018 6119 6019
f 6019 6119 6120
f 6019 6120 6020
f 6020 6120 6121
f 6020 6121 6021
f 6021 6121 6122
f 6021 6122 6022
f 6022 6122 6123
f 6022 6123 6023
f 6023 6123 6124
f 6023 6124 6024
f 6024 6124 6125
f 6024 6125 6025
f 6025 6125 6126
f 6025 6126 6026
f 6026 6126 6127
f 6026 6127 6027
f 6027 6127 6128
f 6027 6128 6028
f 6028 6128 6129
f 6028 6129 6029
f 6029 6129 6130
f 6029 6130 6030
f 6030 6130 6131
f 6030 6131 6031
f 6031 6131 6132
f 6031 6132 6032
f 6032 6132 6133
f 6032 6133 6033
f 6033 6133 6134
f 6033 6134 6034
f 6034 6134 6135
f 6034 6135 6035
f 6035 6135 6136
f 6035 6136 6036
f 6036 6136 6137
f 6036 6137 6037
f 6037 6137 6138
f 6037 6138 6038
f 6038 6138 6139
f 6038 6139 6039
f 6039 6139 6140
f 6039 6140 6040
f 6040 6140 6141
f 6040 6141 6041
f 6041 6141 6142
f 6041 6142 6042
f 6042 6142 6143
f 6042 6143 6043
f 6043 6143 6144
f 6043 6144 6044
f 6044 6144 6145
f 6044 6145 6045
f 6045 6145 6146
f 6045 6146 6046
f 6046 6146 6147
f 6046 6147 6047
f 6047 6147 6148
f 6047 6148 6048
f 6048 6148 6149
f 6048 6149 6049
f 6049 6149 6150
f 6049 6150 6050
f 6050 6150 6151
f 6050 6151 6051
f 6051 6151 6152
f 6051 6152 6052
f 6052 6152 6153
f 6052 6153 6053
f 6053 6153 6154
f 6053 6154 6054
f 6054 6154 6155
f 6054 6155 6055
f 6055 6155 6156
f 6055 6156 6056
f 6056 6156 6157
f 6056 6157 6057
f 6057 6157 6158
f 6057 6158 6058
f 6058 6158 6159
f 6058 6159 6059
f 6059 6159 6160
f 6059 6160 6060
f 6060 6160 6161
f 6060 6161 6061
f 6061 6161 6162
f 6061 6162 6062
f 6062 6162 6163
f 6062 6163 6063
f 6063 6163 6164
f 6063 6164 6064
f 6064 6164 6165
f 6064 6165 6065
f 6065 6165 6166
f 6065 6166 6066
f 6066 6166 6167
f 6066 6167 6067
f 6067 6167 6168
f 6067 6168 6068
f 6068 6168 6169
f 6068 6169 6069
f 6069 6169 6170
f 6069 6170 6070
f 6070 6170 6171
f 6070 6171 6071
f 6071 6171 6172
f 6071 6172 6072
f 6072 6172 6173
f 6072 6173 6073
f 6073 6173 6174
f 6073 6174 6074
f 6074 6174 6175
f 6074 6175 6075
f 6075 6175 6176
f 6075 6176 6076
f 6076 6176 6177
f 6076 6177 6077
f 6077 6177 6178
f 6077 6178 6078
f 6078 6178 6179
f 6078 6179 6079
f 6079 6179 6180
f 6079 6180 6080
f 6080 6180 6181
f 6080 6181 6081
f 6081 6181 6182
f 6081 6182 6082
f 6082 6182 6183
f 6082 6183 6083
f 6083 6183 6184
f 6083 6184 6084
f 6084 6184 6185
f 6084 6185 6085
f 6085 6185 6186
f 6085 6186 6086
f 6086 6186 6187
f 6086 6187 6087
f 6087 6187 6188
f 6087 6188 6088
f 6088 6188 6189
f 6088 6189 6089
f 6089 6189 6190
f 6089 6190 6090
f 6090 6190 6191
f 6090 6191 6091
f 6091 6191 6192
f 6091 6192 6092
f 6092 6192 6193
f 6092 6193 6093
f 6093 6193 6194
f 6093 6194 6094
f 6094 6194 6195
f 6094 6195 6095
f 6095 6195 6196
f 6095 6196 6096
f 6096 6196 6197
f 6096 6197 6097
f 6097 6197 6198
f 6097 6198 6098
f 6098 6198 6199
f 6098 6199 6099
f 6099 6199 6200
f 6099 6200 6100
f 6100 6200 6101
f 6100 6101 6001
f 6101 6201 6202
f 6101 6202 6102
f 6102 6202 6203
f 6102 6203 6103
f 6103 6203 6204
f 6103 6204 6104
f 6104 6204 6205
f 6104 6205 6105
f 6105 6205 6206
f 6105 6206 6106
f 6106 6206 6207
f 6106 6207 6107
f 6107 6207 6208
f 6107 6208 6108
f 6108 6208 6209
f 6108 6209 6109
f 6109 6209 6210
f 6109 6210 6110
f 6110 6210 6211
f 6110 6211 6111
f 6111 6211 6212
f 6111 6212 6112
f 6112 6212 6213
f 6112 6213 6113
f 6113 6213 6214
f 6113 6214 6114
f 6114 6214 6215
f 6114 6215 6115
f 6115 6215 6216
f 6115 6216 6116
f 6116 6216 6217
f 6116 6217 6117
f 6117 6217 6218
f 6117 6218 6118
f 6118 6218 6219
f 6118 6219 6119
f 6119 6219 6220
f 6119 6220 6120
f 6120 6220 6221
f 6120 6221 6121
f 6121 6221 6222
f 6121 6222 6122
f 6122 6222 6223
f 6122 6223 6123
f 6123 6223 6224
f 6123 6224 6124
f 6124 6224 6225
f 6124 6225 6125
f 6125 6225 6226
f 6125 6226 6126
f 6126 6226 6227
f 6126 6227 6127
f 6127 6227 6228
f 6127 6228 6128
f 6128 6228 6229
f 6128 6229 6129
f 6129 6229 6230
f 6129 6230 6130
f 6130 6230 6231
f 6130 6231 6131
f 6131 6231 6232
f 6131 6232 6132
f 6132 6232 6233
f 6132 6233 6133
f 6133 6233 6234
f 6133 6234 6134
f 6134 6234 6235
f 6134 6235 6135
f 6135 6235 6236
f 6135 6236 6136
f 6136 6236 6237
f 6136 6237 6137
f 6137 6237 6238
f 6137 6238 6138
f 6138 6238 6239
f 6138 6239 6139
f 6139 6239 6240
f 6139 6240 6140
f 6140 6240 6241
f 6140 6241 6141
f 6141 6241 6242
f 6141 6242 6142
f 6142 6242 6243
f 6142 6243 6143
f 6143 6243 6244
f 6143 6244 6144
f 6144 6244 6245
f 6144 6245 6145
f 6145 6245 6246
f 6145 6246 6146
f 6146 6246 6247
f 6146 6247 6147
f 6147 6247 6248
f 6147 6248 6148
f 6148 6248 6249
f 6148 6249 6149
f 6149 6249 6250
f 6149 6250 6150
f 6150 6250 6251
f 6150 6251 6151
f 6151 6251 6252
f 6151 6252 6152
f 6152 6252 6253
f 6152 6253 6153
f 6153 6253 6254
f 6153 6254 6154
f 6154 6254 6255
f 6154 6255 6155
f 6155 6255 6256
f 6155 6256 6156
f 6156 6256 6257
f 6156 6257 6157
f 6157 6257 6258
f 6157 6258 6158
f 6158 6258 6259
f 6158 6259 6159
f 6159 6259 6260
f 6159 6260 6160
f 6160 6260 6261
f 6160 6261 6161
f 6161 6261 6262
f 6161 6262 6162
f 6162 6262 6263
f 6162 6263 6163
f 6163 6263 6264
f 6163 6264 6164
f 6164 6264 6265
f 6164 6265 6165
f 6165 6265 6266
f 6165 6266 6166
f 6166 6266 6267
f 6166 6267 6167
f 6167 6267 6268
f 6167 6268 6168
f 6168 6268 6269
f 6168 6269 6169
f 6169 6269 6270
f 6169 6270 6170
f 6170 6270 6271
f 6170 6271 6171
f 6171 6271 6272
f 6171 6272 6172
f 6172 6272 6273
f 6172 6273 6173
f 6173 6273 6274
f 6173 6274 6174
f 6174 6274 6275
f 6174 6275 6175
f 6175 6275 6276
f 6175 6276 6176
f 6176 6276 6277
f 6176 6277 6177
f 6177 6277 6278
f 6177 6278 6178
f 6178 6278 6279
f 6178 6279 6179
f 6179 6279 6280
f 6179 6280 6180
f 6180 6280 6281
f 6180 6281 6181
f 6181 6281 6282
f 6181 6282 6182
f 6182 6282 6283
f 6182 6283 6183
f 6183 6283 6284
f 6183 6284 6184
f 6184 6284 6285
f 6184 6285 6185
f 6185 6285 6286
f 6185 6286 6186
f 6186 6286 6287
f 6186 6287 6187
f 6187 6287 6288
f 6187 6288 6188
f 6188 6288 6289
f 6188 6289 6189
f 6189 6289 6290
f 6189 6290 6190
f 6190 6290 6291
f 6190 6291 6191
f 6191 6291 6292
f 6191 6292 6192
f 6192 6292 6293
f 6192 6293 6193
f 6193 6293 6294
f 6193 6294 6194
f 6194 6294 6295
f 6194 6295 6195
f 6195 6295 6296
f 6195 6296 6196
f 6196 6296 6297
f 6196 6297 6197
f 6197 6297 6298
f 6197 6298 6198
f 6198 6298 6299
f 6198 6299 6199
f 6199 6299 6300
f 6199 6300 6200
f 6200 6300 6201
f 6200 6201 6101
f 6201 6301 6302
f 6201 6302 6202
f 6202 6302 6303
f 6202 6303 6203
f 6203 6303 6304
f 6203 6304 6204
f 6204 6304 6305
f 6204 6305 6205
f 6205 6305 6306
f 6205 6306 6206
f 6206 6306 6307
f 6206 6307 6207
f 6207 6307 6308
f 6207 6308 6208
f 6208 6308 6309
f 6208 6309 6209
f 6209 6309 6310
f 6209 6310 6210
f 6210 6310 6311
f 6210 6311 6211
f 6211 6311 6312
f 6211 6312 6212
f 6212 6312 6313
f 6212 6313 6213
f 6213 6313 6314
f 6213 6314 6214
f 6214 6314 6315
f 6214 6315 6215
f 6215 6315 6316
f 6215 6316 6216
f 6216 6316 6317
f 6216 6317 6217
f 6217 6317 6318
f 6217 6318 6218
f 6218 6318 6319
f 6218 6319 6219
f 6219 6319 6320
f 6219 6320 6220
f 6220 6320 6321
f 6220 6321 6221
f 6221 6321 6322
f 6221 6322 6222
f 6222 6322 6323
f 6222 6323 6223
f 6223 6323 6324
f 6223 6324 6224
f 6224 6324 6325
f 6224 6325 6225
f 6225 6325 6326
f 6225 6326 6226
f 6226 6326 6327
f 6226 6327 6227
f 6227 6327 6328
f 6227 6328 6228
f 6228 6328 6329
f 6228 6329 6229
f 6229 6329 6330
f 6229 6330 6230
f 6230 6330 6331
f 6230 6331 6231
f 6231 6331 6332
f 6231 6332 6232
f 6232 6332 6333
f 6232 6333 6233
f 6233 6333 6334
f 6233 6334 6234
f 6234 6334 6335
f 6234 6335 6235
f 6235 6335 6336
f 6235 6336 6236
f 6236 6336 6337
f 6236 6337 6237
f 6237 6337 6338
f 6237 6338 6238
f 6238 6338 6339
f 6238 6339 6239
f 6239 6339 6340
f 6239 6340 6240
f 6240 6340 6341
f 6240 6341 6241
f 6241 6341 6342
f 6241 6342 6242
f 6242 6342 6343
f 6242 6343 6243
f 6243 6343 6344
f 6243 6344 6244
f 6244 6344 6345
f 6244 6345 6245
f 6245 6345 6346
f 6245 6346 6246
f 6246 6346 6347
f 6246 6347 6247
f 6247 6347 6348
f 6247 6348 6248
f 6248 6348 6349
f 6248 6349 6249
f 6249 6349 6350
f 6249 6350 6250
f 6250 6350 6351
f 6250 6351 6251
f 6251 6351 6352
f 6251 6352 6252
f 6252 6352 6353
f 6252 6353 6253
f 6253 6353 6354
f 6253 6354 6254
f 6254 6354 6355
f 6254 6355 6255
f 6255 6355 6356
f 6255 6356 6256
f 6256 6356 6357
f 6256 6357 6257
f 6257 6357 6358
f 6257 6358 6258
f 6258 6358 6359
f 6258 6359 6259
f 6259 6359 6360
f 6259 6360 6260
f 6260 6360 6361
f 6260 6361 6261
f 6261 6361 6362
f 6261 6362 6262
f 6262 6362 6363
f 6262 6363 6263
f 6263 6363 6364
f 6263 6364 6264
f 6264 6364 6365
f 6264 6365 6265
f 6265 6365 6366
f 6265 6366 6266
f 6266 6366 6367
f 6266 6367 6267
f 6267 6367 6368
f 6267 6368 6268
f 6268 6368 6369
f 6268 6369 6269
f 6269 6369 6370
f 6269 6370 6270
f 6270 6370 6371
f 6270 6371 6271
f 6271 6371 6372
f 6271 6372 6272
f 6272 6372 6373
f 6272 6373 6273
f 6273 6373 6374
f 6273 6374 6274
f 6274 6374 6375
f 6274 6375 6275
f 6275 6375 6376
f 6275 6376 6276
f 6276 6376 6377
f 6276 6377 6277
f 6277 6377 6378
f 6277 6378 6278
f 6278 6378 6379
f 6278 6379 6279
f 6279 6379 6380
f 6279 6380 6280
f 6280 6380 6381
f 6280 6381 6281
f 6281 6381 6382
f 6281 6382 6282
f 6282 6382 6383
f 6282 6383 6283
f 6283 6383 6384
f 6283 6384 6284
f 6284 6384 6385
f 6284 6385 6285
f 6285 6385 6386
f 6285 6386 6286
f 6286 6386 6387
f 6286 6387 6287
f 6287 6387 6388
f 6287 6388 6288
f 6288 6388 6389
f 6288 6389 6289
f 6289 6389 6390
f 6289 6390 6290
f 6290 6390 6391
f 6290 6391 6291
f 6291 6391 6392
f 6291 6392 6292
f 6292 6392 6393
f 6292 6393 6293
f 6293 6393 6394
f 6293 6394 6294
f 6294 6394 6395
f 6294 6395 6295
f 6295 6395 6396
f 6295 6396 6296
f 6296 6396 6397
f 6296 6397 6297
f 6297 6397 6398
f 6297 6398 6298
f 6298 6398 6399
f 6298 6399 6299
f 6299 6399 6400
f 6299 6400 6300
f 6300 6400 6301
f 6300 6301 6201
f 6301 6401 6402
f 6301 6402 6302
f 6302 6402 6403
f 6302 6403 6303
f 6303 6403 6404
f 6303 6404 6304
f 6304 6404 6405
f 6304 6405 6305
f 6305 6405 6406
f 6305 6406 6306
f 6306 6406 6407
f 6306 6407 6307
f 6307 6407 6408
f 6307 6408 6308
f 6308 6408 6409
f 6308 6409 6309
f 6309 6409 6410
f 6309 6410 6310
f 6310 6410 6411
f 6310 6411 6311
f 6311 6411 6412
f 6311 6412 6312
f 6312 6412 6413
f 6312 6413 6313
f 6313 6413 6414
f 6313 6414 6314
f 6314 6414 6415
f 6314 6415 6315
f 6315 6415 6416
f 6315 6416 6316
f 6316 6416 6417
f 6316 6417 6317
f 6317 6417 6418
f 6317 6418 6318
f 6318 6418 6419
f 6318 6419 6319
f 6319 6419 6420
f 6319 6420 6320
f 6320 6420 6421
f 6320 6421 6321
f 6321 6421 6422
f 6321 6422 6322
f 6322 6422 6423
f 6322 6423 6323
f 6323 6423 6424
f 6323 6424 6324
f 6324 6424 6425
f 6324 6425 6325
f 6325 6425 6426
f 6325 6426 6326
f 6326 6426 6427
f 6326 6427 6327
f 6327 6427 6428
f 6327 6428 6328
f 6328 6428 6429
f 6328 6429 6329
f 6329 6429 6430
f 6329 6430 6330
f 6330 6430 6431
f 6330 6431 6331
f 6331 6431 6432
f 6331 6432 6332
f 6332 6432 6433
f 6332 6433 6333
f 6333 6433 6434
f 6333 6434 6334
f 6334 6434 6435
f 6334 6435 6335
f 6335 6435 6436
f 6335 6436 6336
f 6336 6436 6437
f 6336 6437 6337
f 6337 6437 6438
f 6337 6438 6338
f 6338 6438 6439
f 6338 6439 6339
f 6339 6439 6440
f 6339 6440 6340
f 6340 6440 6441
f 6340 6441 6341
f 6341 6441 6442
f 6341 6442 6342
f 6342 6442 6443
f 6342 6443 6343
f 6343 6443 6444
f 6343 6444 6344
f 6344 6444 6445
f 6344 6445 6345
f 6345 6445 6446
f 6345 6446 6346
f 6346 6446 6447
f 6346 6447 6347
f 6347 6447 6448
f 6347 6448 6348
f 6348 6448 6449
f 6348 6449 6349
f 6349 6449 6450
f 6349 6450 6350
f 6350 6450 6451
f 6350 6451 6351
f 6351 6451 6452
f 6351 6452 6352
f 6352 6452 6453
f 6352 6453 6353
f 6353 6453 6454
f 6353 6454 6354
f 6354 6454 6455
f 6354 6455 6355
f 6355 6455 6456
f 6355 6456 6356
f 6356 6456 6457
f 6356 6457 6357
f 6357 6457 6458
f 6357 6458 6358
f 6358 6458 6459
f 6358 6459 6359
f 6359 6459 6460
f 6359 6460 6360
f 6360 6460 6461
f 6360 6461 6361
f 6361 6461 6462
f 6361 6462 6362
f 6362 6462 6463
f 6362 6463 6363
f 6363 6463 6464
f 6363 6464 6364
f 6364 6464 6465
f 6364 6465 6365
f 6365 6465 6466
f 6365 6466 6366
f 6366 6466 6467
f 6366 6467 6367
f 6367 6467 6468
f 6367 6468 6368
f 6368 6468 6469
f 6368 6469 6369
f 6369 6469 6470
f 6369 6470 6370
f 6370 6470 6471
f 6370 6471 6371
f 6371 6471 6472
f 6371 6472 6372
f 6372 6472 6473
f 6372 6473 6373
f 6373 6473 6474
f 6373 6474 6374
f 6374 6474 6475
f 6374 6475 6375
f 6375 6475 6476
f 6375 6476 6376
f 6376 6476 6477
f 6376 6477 6377
f 6377 6477 6478
f 6377 6478 6378
f 6378 6478 6479
f 6378 6479 6379
f 6379 6479 6480
f 6379 6480 6380
f 6380 6480 6481
f 6380 6481 6381
f 6381 6481 6482
f 6381 6482 6382
f 6382 6482 6483
f 6382 6483 6383
f 6383 6483 6484
f 6383 6484 6384
f 6384 6484 6485
f 6384 6485 6385
f 6385 6485 6486
f 6385 6486 6386
f 6386 6486 6487
f 6386 6487 6387
f 6387 6487 6488
f 6387 6488 6388
f 6388 6488 6489
f 6388 6489 6389
f 6389 6489 6490
f 6389 6490 6390
f 6390 6490 6491
f 6390 6491 6391
f 6391 6491 6492
f 6391 6492 6392
f 6392 6492 6493
f 6392 6493 6393
f 6393 6493 6494
f 6393 6494 6394
f 6394 6494 6495
f 6394 6495 6395
f 6395 6495 6496
f 6395 6496 6396
f 6396 6496 6497
f 6396 6497 6397
f 6397 6497 6498
f 6397 6498 6398
f 6398 6498 6499
f 6398 6499 6399
f 6399 6499 6500
f 6399 6500 6400
f 6400 6500 6401
f 6400 6401 6301
f 6401 6501 6502
f 6401 6502 6402
f 6402 6502 6503
f 6402 6503 6403
f 6403 6503 6504
f 6403 6504 6404
f 6404 6504 6505
f 6404 6505 6405
f 6405 6505 6506
f 6405 6506 6406
f 6406 6506 6507
f 6406 6507 6407
f 6407 6507 6508
f 6407 6508 6408
f 6408 6508 6509
f 6408 6509 6409
f 6409 6509 6510
f 6409 6510 6410
f 6410 6510 6511
f 6410 6511 6411
f 6411 6511 6512
f 6411 6512 6412
f 6412 6512 6513
f 6412 6513 6413
f 6413 6513 6514
f 6413 6514 6414
f 6414 6514 6515
f 6414 6515 6415
f 6415 6515 6516
f 6415 6516 6416
f 6416 6516 6517
f 6416 6517 6417
f 6417 6517 6518
f 6417 6518 6418
f 6418 6518 6519
f 6418 6519 6419
f 6419 6519 6520
f 6419 6520 6420
f 6420 6520 6521
f 6420 6521 6421
f 6421 6521 6522
f 6421 6522 6422
f 6422 6522 6523
f 6422 6523 6423
f 6423 6523 6524
f 6423 6524 6424
f 6424 6524 6525
f 6424 6525 6425
f 6425 6525 6526
f 6425 6526 6426
f 6426 6526 6527
f 6426 6527 6427
f 6427 6527 6528
f 6427 6528 6428
f 6428 6528 6529
f 6428 6529 6429
f 6429 6529 6530
f 6429 6530 6430
f 6430 6530 6531
f 6430 6531 6431
f 6431 6531 6532
f 6431 6532 6432
f 6432 6532 6533
f 6432 6533 6433
f 6433 6533 6534
f 6433 6534 6434
f 6434 6534 6535
f 6434 6535 6435
f 6435 6535 6536
f 6435 6536 6436
f 6436 6536 6537
f 6436 6537 6437
f 6437 6537 6538
f 6437 6538 6438
f 6438 6538 6539
f 6438 6539 6439
f 6439 6539 6540
f 6439 6540 6440
f 6440 6540 6541
f 6440 6541 6441
f 6441 6541 6542
f 6441 6542 6442
f 6442 6542 6543
f 6442 6543 6443
f 6443 6543 6544
f 6443 6544 6444
f 6444 6544 6545
f 6444 6545 6445
f 6445 6545 6546
f 6445 6546 6446
f 6446 6546 6547
f 6446 6547 6447
f 6447 6547 6548
f 6447 6548 6448
f 6448 6548 6549
f 6448 6549 6449
f 6449 6549 6550
f 6449 6550 6450
f 6450 6550 6551
f 6450 6551 6451
f 6451 6551 6552
f 6451 6552 6452
f 6452 6552 6553
f 6452 6553 6453
f 6453 6553 6554
f 6453 6554 6454
f 6454 6554 6555
f 6454 6555 6455
f 6455 6555 6556
f 6455 6556 6456
f 6456 6556 6557
f 6456 6557 6457
f 6457 6557 6558
f 6457 6558 6458
f 6458 6558 6559
f 6458 6559 6459
f 6459 6559 6560
f 6459 6560 6460
f 6460 6560 6561
f 6460 6561 6461
f 6461 6561 6562
f 6461 6562 6462
f 6462 6562 6563
f 6462 6563 6463
f 6463 6563 6564
f 6463 6564 6464
f 6464 6564 6565
f 6464 6565 6465
f 6465 6565 6566
f 6465 6566 6466
f 6466 6566 6567
f 6466 6567 6467
f 6467 6567 6568
f 6467 6568 6468
f 6468 6568 6569
f 6468 6569 6469
f 6469 6569 6570
f 6469 6570 6470
f 6470 6570 6571
f 6470 6571 6471
f 6471 6571 6572
f 6471 6572 6472
f 6472 6572 6573
f 6472 6573 6473
f 6473 6573 6574
f 6473 6574 6474
f 6474 6574 6575
f 6474 6575 6475
f 6475 6575 6576
f 6475 6576 6476
f 6476 6576 6577
f 6476 6577 6477
f 6477 6577 6578
f 6477 6578 6478
f 6478 6578 6579
f 6478 6579 6479
f 6479 6579 6580
f 6479 6580 6480
f 6480 6580 6581
f 6480 6581 6481
f 6481 6581 6582
f 6481 6582 6482
f 6482 6582 6583
f 6482 6583 6483
f 6483 6583 6584
f 6483 6584 6484
f 6484 6584 6585
f 6484 6585 6485
f 6485 6585 6586
f 6485 6586 6486
f 6486 6586 6587
f 6486 6587 6487
f 6487 6587 6588
f 6487 6588 6488
f 6488 6588 6589
f 6488 6589 6489
f 6489 6589 6590
f 6489 6590 6490
f 6490 6590 6591
f 6490 6591 6491
f 6491 6591 6592
f 6491 6592 6492
f 6492 6592 6593
f 6492 6593 6493
f 6493 6593 6594
f 6493 6594 6494
f 6494 6594 6595
f 6494 6595 6495
f 6495 6595 6596
f 6495 6596 6496
f 6496 6596 6597
f 6496 6597 6497
f 6497 6597 6598
f 6497 6598 6498
f 6498 6598 6599
f 6498 6599 6499
f 6499 6599 6600
f 6499 6600 6500
f 6500 6600 6501
f 6500 6501 6401
f 6501 6601 6602
f 6501 6602 6502
f 6502 6602 6603
f 6502 6603 6503
f 6503 6603 6604
f 6503 6604 6504
f 6504 6604 6605
f 6504 6605 6505
f 6505 6605 6606
f 6505 6606 6506
f 6506 6606 6607
f 6506 6607 6507
f 6507 6607 6608
f 6507 6608 6508
f 6508 6608 6609
f 6508 6609 6509
f 6509 6609 6610
f 6509 6610 6510
f 6510 6610 6611
f 6510 6611 6511
f 6511 6611 6612
f 6511 6612 6512
f 6512 6612 6613
f 6512 6613 6513
f 6513 6613 6614
f 6513 6614 6514
f 6514 6614 6615
f 6514 6615 6515
f 6515 6615 6616
f 6515 6616 6516
f 6516 6616 6617
f 6516 6617 6517
f 6517 6617 6618
f 6517 6618 6518
f 6518 6618 6619
f 6518 6619 6519
f 6519 6619 6620
f 6519 6620 6520
f 6520 6620 6621
f 6520 6621 6521
f 6521 6621 6622
f 6521 6622 6522
f 6522 6622 6623
f 6522 6623 6523
f 6523 6623 6624
f 6523 6624 6524
f 6524 6624 6625
f 6524 6625 6525
f 6525 6625 6626
f 6525 6626 6526
f 6526 6626 6627
f 6526 6627 6527
f 6527 6627 6628
f 6527 6628 6528
f 6528 6628 6629
f 6528 6629 6529
f 6529 6629 6630
f 6529 6630 6530
f 6530 6630 6631
f 6530 6631 6531
f 6531 6631 6632
f 6531 6632 6532
f 6532 6632 6633
f 6532 6633 6533
f 6533 6633 6634
f 6533 6634 6534
f 6534 6634 6635
f 6534 6635 6535
f 6535 6635 6636
f 6535 6636 6536
f 6536 6636 6637
f 6536 6637 6537
f 6537 6637 6638
f 6537 6638 6538
f 6538 6638 6639
f 6538 6639 6539
f 6539 6639 6640
f 6539 6640 6540
f 6540 6640 6641
f 6540 6641 6541
f 6541 6641 6642
f 6541 6642 6542
f 6542 6642 6643
f 6542 6643 6543
f 6543 6643 6644
f 6543 6644 6544
f 6544 6644 6645
f 6544 6645 6545
f 6545 6645 6646
f 6545 6646 6546
f 6546 6646 6647
f 6546 6647 6547
f 6547 6647 6648
f 6547 6648 6548
f 6548 6648 6649
f 6548 6649 6549
f 6549 6649 6650
f 6549 6650 6550
f 6550 6650 6651
f 6550 6651 6551
f 6551 6651 6652
f 6551 6652 6552
f 6552 6652 6653
f 6552 6653 6553
f 6553 6653 6654
f 6553 6654 6554
f 6554 6654 6655
f 6554 6655 6555
f 6555 6655 6656
f 6555 6656 6556
f 6556 6656 6657
f 6556 6657 6557
f 6557 6657 6658
f 6557 6658 6558
f 6558 6658 6659
f 6558 6659 6559
f 6559 6659 6660
f 6559 6660 6560
f 6560 6660 6661
f 6560 6661 6561
f 6561 6661 6662
f 6561 6662 6562
f 6562 6662 6663
f 6562 6663 6563
f 6563 6663 6664
f 6563 6664 6564
f 6564 6664 6665
f 6564 6665 6565
f 6565 6665 6666
f 6565 6666 6566
f 6566 6666 6667
f 6566 6667 6567
f 6567 6667 6668
f 6567 6668 6568
f 6568 6668 6669
f 6568 6669 6569
f 6569 6669 6670
f 6569 6670 6570
f 6570 6670 6671
f 6570 6671 6571
f 6571 6671 6672
f 6571 6672 6572
f 6572 6672 6673
f 6572 6673 6573
f 6573 6673 6674
f 6573 6674 6574
f 6574 6674 6675
f 6574 6675 6575
f 6575 6675 6676
f 6575 6676 6576
f 6576 6676 6677
f 6576 6677 6577
f 6577 6677 6678
f 6577 6678 6578
f 6578 6678 6679
f 6578 6679 6579
f 6579 6679 6680
f 6579 6680 6580
f 6580 6680 6681
f 6580 6681 6581
f 6581 6681 6682
f 6581 6682 6582
f 6582 6682 6683
f 6582 6683 6583
f 6583 6683 6684
f 6583 6684 6584
f 6584 6684 6685
f 6584 6685 6585
f 6585 6685 6686
f 6585 6686 6586
f 6586 6686 6687
f 6586 6687 6587
f 6587 6687 6688
f 6587 6688 6588
f 6588 6688 6689
f 6588 6689 6589
f 6589 6689 6690
f 6589 6690 6590
f 6590 6690 6691
f 6590 6691 6591
f 6591 6691 6692
f 6591 6692 6592
f 6592 6692 6693
f 6592 6693 6593
f 6593 6693 6694
f 6593 6694 6594
f 6594 6694 6695
f 6594 6695 6595
f 6595 6695 6696
f 6595 6696 6596
f 6596 6696 6697
f 6596 6697 6597
f 6597 6697 6698
f 6597 6698 6598
f 6598 6698 6699
f 6598 6699 6599
f 6599 6699 6700
f 6599 6700 6600
f 6600 6700 6601
f 6600 6601 6501
f 6601 6701 6702
f 6601 6702 6602
f 6602 6702 6703
f 6602 6703 6603
f 6603 6703 6704
f 6603 6704 6604
f 6604 6704 6705
f 6604 6705 6605
f 6605 6705 6706
f 6605 6706 6606
f 6606 6706 6707
f 6606 6707 6607
f 6607 6707 6708
f 6607 6708 6608
f 6608 6708 6709
f 6608 6709 6609
f 6609 6709 6710
f 6609 6710 6610
f 6610 6710 6711
f 6610 6711 6611
f 6611 6711 6712
f 6611 6712 6612
f 6612 6712 6713
f 6612 6713 6613
f 6613 6713 6714
f 6613 6714 6614
f 6614 6714 6715
f 6614 6715 6615
f 6615 6715 6716
f 6615 6716 6616
f 6616 6716 6717
f 6616 6717 6617
f 6617 6717 6718
f 6617 6718 6618
f 6618 6718 6719
f 6618 6719 6619
f 6619 6719 6720
f 6619 6720 6620
f 6620 6720 6721
f 6620 6721 6621
f 6621 6721 6722
f 6621 6722 6622
f 6622 6722 6723
f 6622 6723 6623
f 6623 6723 6724
f 6623 6724 6624
f 6624 6724 6725
f 6624 6725 6625
f 6625 6725 6726
f 6625 6726 6626
f 6626 6726 6727
f 6626 6727 6627
f 6627 6727 6728
f 6627 6728 6628
f 6628 6728 6729
f 6628 6729 6629
f 6629 6729 6730
f 6629 6730 6630
f 6630 6730 6731
f 6630 6731 6631
f 6631 6731 6732
f 6631 6732 6632
f 6632 6732 6733
f 6632 6733 6633
f 6633 6733 6734
f 6633 6734 6634
f 6634 6734 6735
f 6634 6735 6635
f 6635 6735 6736
f 6635 6736 6636
f 6636 6736 6737
f 6636 6737 6637
f 6637 6737 6738
f 6637 6738 6638
f 6638 6738 6739
f 6638 6739 6639
f 6639 6739 6740
f 6639 6740 6640
f 6640 6740 6741
f 6640 6741 6641
f 6641 6741 6742
f 6641 6742 6642
f 6642 6742 6743
f 6642 6743 6643
f 6643 6743 6744
f 6643 6744 6644
f 6644 6744 6745
f 6644 6745 6645
f 6645 6745 6746
f 6645 6746 6646
f 6646 6746 6747
f 6646 6747 6647
f 6647 6747 6748
f 6647 6748 6648
f 6648 6748 6749
f 6648 6749 6649
f 6649 6749 6750
f 6649 6750 6650
f 6650 6750 6751
f 6650 6751 6651
f 6651 6751 6752
f 6651 6752 6652
f 6652 6752 6753
f 6652 6753 6653
f 6653 6753 6754
f 6653 6754 6654
f 6654 6754 6755
f 6654 6755 6655
f 6655 6755 6756
f 6655 6756 6656
f 6656 6756 6757
f 6656 6757 6657
f 6657 6757 6758
f 6657 6758 6658
f 6658 6758 6759
f 6658 6759 6659
f 6659 6759 6760
f 6659 6760 6660
f 6660 6760 6761
f 6660 6761 6661
f 6661 6761 6762
f 6661 6762 6662
f 6662 6762 6763
f 6662 6763 6663
f 6663 6763 6764
f 6663 6764 6664
f 6664 6764 6765
f 6664 6765 6665
f 6665 6765 6766
f 6665 6766 6666
f 6666 6766 6767
f 6666 6767 6667
f 6667 6767 6768
f 6667 6768 6668
f 6668 6768 6769
f 6668 6769 6669
f 6669 6769 6770
f 6669 6770 6670
f 6670 6770 6771
f 6670 6771 6671
f 6671 6771 6772
f 6671 6772 6672
f 6672 6772 6773
f 6672 6773 6673
f 6673 6773 6774
f 6673 6774 6674
f 6674 6774 6775
f 6674 6775 6675
f 6675 6775 6776
f 6675 6776 6676
f 6676 6776 6777
f 6676 6777 6677
f 6677 6777 6778
f 6677 6778 6678
f 6678 6778 6779
f 6678 6779 6679
f 6679 6779 6780
f 6679 6780 6680
f 6680 6780 6781
f 6680 6781 6681
f 6681 6781 6782
f 6681 6782 6682
f 6682 6782 6783
f 6682 6783 6683
f 6683 6783 6784
f 6683 6784 6684
f 6684 6784 6785
f 6684 6785 6685
f 6685 6785 6786
f 6685 6786 6686
f 6686 6786 6787
f 6686 6787 6687
f 6687 6787 6788
f 6687 6788 6688
f 6688 6788 6789
f 6688 6789 6689
f 6689 6789 6790
f 6689 6790 6690
f 6690 6790 6791
f 6690 6791 6691
f 6691 6791 6792
f 6691 6792 6692
f 6692 6792 6793
f 6692 6793 6693
f 6693 6793 6794
f 6693 6794 6694
f 6694 6794 6795
f 6694 6795 6695
f 6695 6795 6796
f 6695 6796 6696
f 6696 6796 6797
f 6696 6797 6697
f 6697 6797 6798
f 6697 6798 6698
f 6698 6798 6799
f 6698 6799 6699
f 6699 6799 6800
f 6699 6800 6700
f 6700 6800 6701
f 6700 6701 6601
f 6701 6801 6802
f 6701 6802 6702
f 6702 6802 6803
f 6702 6803 6703
f 6703 6803 6804
f 6703 6804 6704
f 6704 6804 6805
f 6704 6805 6705
f 6705 6805 6806
f 6705 6806 6706
f 6706 6806 6807
f 6706 6807 6707
f 6707 6807 6808
f 6707 6808 6708
f 6708 6808 6809
f 6708 6809 6709
f 6709 6809 6810
f 6709 6810 6710
f 6710 6810 6811
f 6710 6811 6711
f 6711 6811 6812
f 6711 6812 6712
f 6712 6812 6813
f 6712 6813 6713
f 6713 6813 6814
f 6713 6814 6714
f 6714 6814 6815
f 6714 6815 6715
f 6715 6815 6816
f 6715 6816 6716
f 6716 6816 6817
f 6716 6817 6717
f 6717 6817 6818
f 6717 6818 6718
f 6718 6818 6819
f 6718 6819 6719
f 6719 6819 6820
f 6719 6820 6720
f 6720 6820 6821
f 6720 6821 6721
f 6721 6821 6822
f 6721 6822 6722
f 6722 6822 6823
f 6722 6823 6723
f 6723 6823 6824
f 6723 6824 6724
f 6724 6824 6825
f 6724 6825 6725
f 6725 6825 6826
f 6725 6826 6726
f 6726 6826 6827
f 6726 6827 6727
f 6727 6827 6828
f 6727 6828 6728
f 6728 6828 6829
f 6728 6829 6729
f 6729 6829 6830
f 6729 6830 6730
f 6730 6830 6831
f 6730 6831 6731
f 6731 6831 6832
f 6731 6832 6732
f 6732 6832 6833
f 6732 6833 6733
f 6733 6833 6834
f 6733 6834 6734
f 6734 6834 6835
f 6734 6835 6735
f 6735 6835 6836
f 6735 6836 6736
f 6736 6836 6837
f 6736 6837 6737
f 6737 6837 6838
f 6737 6838 6738
f 6738 6838 6839
f 6738 6839 6739
f 6739 6839 6840
f 6739 6840 6740
f 6740 6840 6841
f 6740 6841 6741
f 6741 6841 6842
f 6741 6842 6742
f 6742 6842 6843
f 6742 6843 6743
f 6743 6843 6844
f 6743 6844 6744
f 6744 6844 6845
f 6744 6845 6745
f 6745 6845 6846
f 6745 6846 6746
f 6746 6846 6847
f 6746 6847 6747
f 6747 6847 6848
f 6747 6848 6748
f 6748 6848 6849
f 6748 6849 6749
f 6749 6849 6850
f 6749 6850 6750
f 6750 6850 6851
f 6750 6851 6751
f 6751 6851 6852
f 6751 6852 6752
f 6752 6852 6853
f 6752 6853 6753
f 6753 6853 6854
f 6753 6854 6754
f 6754 6854 6855
f 6754 6855 6755
f 6755 6855 6856
f 6755 6856 6756
f 6756 6856 6857
f 6756 6857 6757
f 6757 6857 6858
f 6757 6858 6758
f 6758 6858 6859
f 6758 6859 6759
f 6759 6859 6860
f 6759 6860 6760
f 6760 6860 6861
f 6760 6861 6761
f 6761 6861 6862
f 6761 6862 6762
f 6762 6862 6863
f 6762 6863 6763
f 6763 6863 6864
f 6763 6864 6764
f 6764 6864 6865
f 6764 6865 6765
f 6765 6865 6866
f 6765 6866 6766
f 6766 6866 6867
f 6766 6867 6767
f 6767 6867 6868
f 6767 6868 6768
f 6768 6868 6869
f 6768 6869 6769
f 6769 6869 6870
f 6769 6870 6770
f 6770 6870 6871
f 6770 6871 6771
f 6771 6871 6872
f 6771 6872 6772
f 6772 6872 6873
f 6772 6873 6773
f 6773 6873 6874
f 6773 6874 6774
f 6774 6874 6875
f 6774 6875 6775
f 6775 6875 6876
f 6775 6876 6776
f 6776 6876 6877
f 6776 6877 6777
f 6777 6877 6878
f 6777 6878 6778
f 6778 6878 6879
f 6778 6879 6779
f 6779 6879 6880
f 6779 6880 6780
f 6780 6880 6881
f 6780 6881 6781
f 6781 6881 6882
f 6781 6882 6782
f 6782 6882 6883
f 6782 6883 6783
f 6783 6883 6884
f 6783 6884 6784
f 6784 6884 6885
f 6784 6885 6785
f 6785 6885 6886
f 6785 6886 6786
f 6786 6886 6887
f 6786 6887 6787
f 6787 6887 6888
f 6787 6888 6788
f 6788 6888 6889
f 6788 6889 6789
f 6789 6889 6890
f 6789 6890 6790
f 6790 6890 6891
f 6790 6891 6791
f 6791 6891 6892
f 6791 6892 6792
f 6792 6892 6893
f 6792 6893 6793
f 6793 6893 6894
f 6793 6894 6794
f 6794 6894 6895
f 6794 6895 6795
f 6795 6895 6896
f 6795 6896 6796
f 6796 6896 6897
f 6796 6897 6797
f 6797 6897 6898
f 6797 6898 6798
f 6798 6898 6899
f 6798 6899 6799
f 6799 6899 6900
f 6799 6900 6800
f 6800 6900 6801
f 6800 6801 6701
f 6801 6901 6902
f 6801 6902 6802
f 6802 6902 6903
f 6802 6903 6803
f 6803 6903 6904
f 6803 6904 6804
f 6804 6904 6905
f 6804 6905 6805
f 6805 6905 6906
f 6805 6906 6806
f 6806 6906 6907
f 6806 6907 6807
f 6807 6907 6908
f 6807 6908 6808
f 6808 6908 6909
f 6808 6909 6809
f 6809 6909 6910
f 6809 6910 6810
f 6810 6910 6911
f 6810 6911 6811
f 6811 6911 6912
f 6811 6912 6812
f 6812 6912 6913
f 6812 6913 6813
f 6813 6913 6914
f 6813 6914 6814
f 6814 6914 6915
f 6814 6915 6815
f 6815 6915 6916
f 6815 6916 6816
f 6816 6916 6917
f 6816 6917 6817
f 6817 6917 6918
f 6817 6918 6818
f 6818 6918 6919
f 6818 6919 6819
f 6819 6919 6920
f 6819 6920 6820
f 6820 6920 6921
f 6820 6921 6821
f 6821 6921 6922
f 6821 6922 6822
f 6822 6922 6923
f 6822 6923 6823
f 6823 6923 6924
f 6823 6924 6824
f 6824 6924 6925
f 6824 6925 6825
f 6825 6925 6926
f 6825 6926 6826
f 6826 6926 6927
f 6826 6927 6827
f 6827 6927 6928
f 6827 6928 6828
f 6828 6928 6929
f 6828 6929 6829
f 6829 6929 6930
f 6829 6930 6830
f 6830 6930 6931
f 6830 6931 6831
f 6831 6931 6932
f 6831 6932 6832
f 6832 6932 6933
f 6832 6933 6833
f 6833 6933 6934
f 6833 6934 6834
f 6834 6934 6935
f 6834 6935 6835
f 6835 6935 6936
f 6835 6936 6836
f 6836 6936 6937
f 6836 6937 6837
f 6837 6937 6938
f 6837 6938 6838
f 6838 6938 6939
f 6838 6939 6839
f 6839 6939 6940
f 6839 6940 6840
f 6840 6940 6941
f 6840 6941 6841
f 6841 6941 6942
f 6841 6942 6842
f 6842 6942 6943
f 6842 6943 6843
f 6843 6943 6944
f 6843 6944 6844
f 6844 6944 6945
f 6844 6945 6845
f 6845 6945 6946
f 6845 6946 6846
f 6846 6946 6947
f 6846 6947 6847
f 6847 6947 6948
f 6847 6948 6848
f 6848 6948 6949
f 6848 6949 6849
f 6849 6949 6950
f 6849 6950 6850
f 6850 6950 6951
f 6850 6951 6851
f 6851 6951 6952
f 6851 6952 6852
f 6852 6952 6953
f 6852 6953 6853
f 6853 6953 6954
f 6853 6954 6854
f 6854 6954 6955
f 6854 6955 6855
f 6855 6955 6956
f 6855 6956 6856
f 6856 6956 6957
f 6856 6957 6857
f 6857 6957 6958
f 6857 6958 6858
f 6858 6958 6959
f 6858 6959 6859
f 6859 6959 6960
f 6859 6960 6860
f 6860 6960 6961
f 6860 6961 6861
f 6861 6961 6962
f 6861 6962 6862
f 6862 6962 6963
f 6862 6963 6863
f 6863 6963 6964
f 6863 6964 6864
f 6864 6964 6965
f 6864 6965 6865
f 6865 6965 6966
f 6865 6966 6866
f 6866 6966 6967
f 6866 6967 6867
f 6867 6967 6968
f 6867 6968 6868
f 6868 6968 6969
f 6868 6969 6869
f 6869 6969 6970
f 6869 6970 6870
f 6870 6970 6971
f 6870 6971 6871
f 6871 6971 6972
f 6871 6972 6872
f 6872 6972 6973
f 6872 6973 6873
f 6873 6973 6974
f 6873 6974 6874
f 6874 6974 6975
f 6874 6975 6875
f 6875 6975 6976
f 6875 6976 6876
f 6876 6976 6977
f 6876 6977 6877
f 6877 6977 6978
f 6877 6978 6878
f 6878 6978 6979
f 6878 6979 6879
f 6879 6979 6980
f 6879 6980 6880
f 6880 6980 6981
f 6880 6981 6881
f 6881 6981 6982
f 6881 6982 6882
f 6882 6982 6983
f 6882 6983 6883
f 6883 6983 6984
f 6883 6984 6884
f 6884 6984 6985
f 6884 6985 6885
f 6885 6985 6986
f 6885 6986 6886
f 6886 6986 6987
f 6886 6987 6887
f 6887 6987 6988
f 6887 6988 6888
f 6888 6988 6989
f 6888 6989 6889
f 6889 6989 6990
f 6889 6990 6890
f 6890 6990 6991
f 6890 6991 6891
f 6891 6991 6992
f 6891 6992 6892
f 6892 6992 6993
f 6892 6993 6893
f 6893 6993 6994
f 6893 6994 6894
f 6894 6994 6995
f 6894 6995 6895
f 6895 6995 6996
f 6895 6996 6896
f 6896 6996 6997
f 6896 6997 6897
f 6897 6997 6998
f 6897 6998 6898
f 6898 6998 6999
f 6898 6999 6899
f 6899 6999 7000
f 6899 7000 6900
f 6900 7000 6901
f 6900 6901 6801
f 6901 7001 7002
f 6901 7002 6902
f 6902 7002 7003
f 6902 7003 6903
f 6903 7003 7004
f 6903 7004 6904
f 6904 7004 7005
f 6904 7005 6905
f 6905 7005 7006
f 6905 7006 6906
f 6906 7006 7007
f 6906 7007 6907
f 6907 7007 7008
f 6907 7008 6908
f 6908 7008 7009
f 6908 7009 6909
f 6909 7009 7010
f 6909 7010 6910
f 6910 7010 7011
f 6910 7011 6911
f 6911 7011 7012
f 6911 7012 6912
f 6912 7012 7013
f 6912 7013 6913
f 6913 7013 7014
f 6913 7014 6914
f 6914 7014 7015
f 6914 7015 6915
f 6915 7015 7016
f 6915 7016 6916
f 6916 7016 7017
f 6916 7017 6917
f 6917 7017 7018
f 6917 7018 6918
f 6918 7018 7019
f 6918 7019 6919
f 6919 7019 7020
f 6919 7020 6920
f 6920 7020 7021
f 6920 7021 6921
f 6921 7021 7022
f 6921 7022 6922
f 6922 7022 7023
f 6922 7023 6923
f 6923 7023 7024
f 6923 7024 6924
f 6924 7024 7025
f 6924 7025 6925
f 6925 7025 7026
f 6925 7026 6926
f 6926 7026 7027
f 6926 7027 6927
f 6927 7027 7028
f 6927 7028 6928
f 6928 7028 7029
f 6928 7029 6929
f 6929 7029 7030
f 6929 7030 6930
f 6930 7030 7031
f 6930 7031 6931
f 6931 7031 7032
f 6931 7032 6932
f 6932 7032 7033
f 6932 7033 6933
f 6933 7033 7034
f 6933 7034 6934
f 6934 7034 7035
f 6934 7035 6935
f 6935 7035 7036
f 6935 7036 6936
f 6936 7036 7037
f 6936 7037 6937
f 6937 7037 7038
f 6937 7038 6938
f 6938 7038 7039
f 6938 7039 6939
f 6939 7039 7040
f 6939 7040 6940
f 6940 7040 7041
f 6940 7041 6941
f 6941 7041 7042
f 6941 7042 6942
f 6942 7042 7043
f 6942 7043 6943
f 6943 7043 7044
f 6943 7044 6944
f 6944 7044 7045
f 6944 7045 6945
f 6945 7045 7046
f 6945 7046 6946
f 6946 7046 7047
f 6946 7047 6947
f 6947 7047 7048
f 6947 7048 6948
f 6948 7048 7049
f 6948 7049 6949
f 6949 7049 7050
f 6949 7050 6950
f 6950 7050 7051
f 6950 7051 6951
f 6951 7051 7052
f 6951 7052 6952
f 6952 7052 7053
f 6952 7053 6953
f 6953 7053 7054
f 6953 7054 6954
f 6954 7054 7055
f 6954 7055 6955
f 6955 7055 7056
f 6955 7056 6956
f 6956 7056 7057
f 6956 7057 6957
f 6957 7057 7058
f 6957 7058 6958
f 6958 7058 7059
f 6958 7059 6959
f 6959 7059 7060
f 6959 7060 6960
f 6960 7060 7061
f 6960 7061 6961
f 6961 7061 7062
f 6961 7062 6962
f 6962 7062 7063
f 6962 7063 6963
f 6963 7063 7064
f 6963 7064 6964
f 6964 7064 7065
f 6964 7065 6965
f 6965 7065 7066
f 6965 7066 6966
f 6966 7066 7067
f 6966 7067 6967
f 6967 7067 7068
f 6967 7068 6968
f 6968 7068 7069
f 6968 7069 6969
f 6969 7069 7070
f 6969 7070 6970
f 6970 7070 7071
f 6970 7071 6971
f 6971 7071 7072
f 6971 7072 6972
f 6972 7072 7073
f 6972 7073 6973
f 6973 7073 7074
f 6973 7074 6974
f 6974 7074 7075
f 6974 7075 6975
f 6975 7075 7076
f 6975 7076 6976
f 6976 7076 7077
f 6976 7077 6977
f 6977 7077 7078
f 6977 7078 6978
f 6978 7078 7079
f 6978 7079 6979
f 6979 7079 7080
f 6979 7080 6980
f 6980 7080 7081
f 6980 7081 6981
f 6981 7081 7082
f 6981 7082 6982
f 6982 7082 7083
f 6982 7083 6983
f 6983 7083 7084
f 6983 7084 6984
f 6984 7084 7085
f 6984 7085 6985
f 6985 7085 7086
f 6985 7086 6986
f 6986 7086 7087
f 6986 7087 6987
f 6987 7087 7088
f 6987 7088 6988
f 6988 7088 7089
f 6988 7089 6989
f 6989 7089 7090
f 6989 7090 6990
f 6990 7090 7091
f 6990 7091 6991
f 6991 7091 7092
f 6991 7092 6992
f 6992 7092 7093
f 6992 7093 6993
f 6993 7093 7094
f 6993 7094 6994
f 6994 7094 7095
f 6994 7095 6995
f 6995 7095 7096
f 6995 7096 6996
f 6996 7096 7097
f 6996 7097 6997
f 6997 7097 7098
f 6997 7098 6998
f 6998 7098 7099
f 6998 7099 6999
f 6999 7099 7100
f 6999 7100 7000
f 7000 7100 7001
f 7000 7001 6901
f 7001 7101 7102
f 7001 7102 7002
f 7002 7102 7103
f 7002 7103 7003
f 7003 7103 7104
f 7003 7104 7004
f 7004 7104 7105
f 7004 7105 7005
f 7005 7105 7106
f 7005 7106 7006
f 7006 7106 7107
f 7006 7107 7007
f 7007 7107 7108
f 7007 7108 7008
f 7008 7108 7109
f 7008 7109 7009
f 7009 7109 7110
f 7009 7110 7010
f 7010 7110 7111
f 7010 7111 7011
f 7011 7111 7112
f 7011 7112 7012
f 7012 7112 7113
f 7012 7113 7013
f 7013 7113 7114
f 7013 7114 7014
f 7014 7114 7115
f 7014 7115 7015
f 7015 7115 7116
f 7015 7116 7016
f 7016 7116 7117
f 7016 7117 7017
f 7017 7117 7118
f 7017 7118 7018
f 7018 7118 7119
f 7018 7119 7019
f 7019 7119 7120
f 7019 7120 7020
f 7020 7120 7121
f 7020 7121 7021
f 7021 7121 7122
f 7021 7122 7022
f 7022 7122 7123
f 7022 7123 7023
f 7023 7123 7124
f 7023 7124 7024
f 7024 7124 7125
f 7024 7125 7025
f 7025 7125 7126
f 7025 7126 7026
f 7026 7126 7127
f 7026 7127 7027
f 7027 7127 7128
f 7027 7128 7028
f 7028 7128 7129
f 7028 7129 7029
f 7029 7129 7130
f 7029 7130 7030
f 7030 7130 7131
f 7030 7131 7031
f 7031 7131 7132
f 7031 7132 7032
f 7032 7132 7133
f 7032 7133 7033
f 7033 7133 7134
f 7033 7134 7034
f 7034 7134 7135
f 7034 7135 7035
f 7035 7135 7136
f 7035 7136 7036
f 7036 7136 7137
f 7036 7137 7037
f 7037 7137 7138
f 7037 7138 7038
f 7038 7138 7139
f 7038 7139 7039
f 7039 7139 7140
f 7039 7140 7040
f 7040 7140 7141
f 7040 7141 7041
f 7041 7141 7142
f 7041 7142 7042
f 7042 7142 7143
f 7042 7143 7043
f 7043 7143 7144
f 7043 7144 7044
f 7044 7144 7145
f 7044 7145 7045
f 7045 7145 7146
f 7045 7146 7046
f 7046 7146 7147
f 7046 7147 7047
f 7047 7147 7148
f 7047 7148 7048
f 7048 7148 7149
f 7048 7149 7049
f 7049 7149 7150
f 7049 7150 7050
f 7050 7150 7151
f 7050 7151 7051
f 7051 7151 7152
f 7051 7152 7052
f 7052 7152 7153
f 7052 7153 7053
f 7053 7153 7154
f 7053 7154 7054
f 7054 7154 7155
f 7054 7155 7055
f 7055 7155 7156
f 7055 7156 7056
f 7056 7156 7157
f 7056 7157 7057
f 7057 7157 7158
f 7057 7158 7058
f 7058 7158 7159
f 7058 7159 7059
f 7059 7159 7160
f 7059 7160 7060
f 7060 7160 7161
f 7060 7161 7061
f 7061 7161 7162
f 7061 7162 7062
f 7062 7162 7163
f 7062 7163 7063
f 7063 7163 7164
f 7063 7164 7064
f 7064 7164 7165
f 7064 7165 7065
f 7065 7165 7166
f 7065 7166 7066
f 7066 7166 7167
f 7066 7167 7067
f 7067 7167 7168
f 7067 7168 7068
f 7068 7168 7169
f 7068 7169 7069
f 7069 7169 7170
f 7069 7170 7070
f 7070 7170 7171
f 7070 7171 7071
f 7071 7171 7172
f 7071 7172 7072
f 7072 7172 7173
f 7072 7173 7073
f 7073 7173 7174
f 7073 7174 7074
f 7074 7174 7175
f 7074 7175 7075
f 7075 7175 7176
f 7075 7176 7076
f 7076 7176 7177
f 7076 7177 7077
f 7077 7177 7178
f 7077 7178 7078
f 7078 7178 7179
f 7078 7179 7079
f 7079 7179 7180
f 7079 7180 7080
f 7080 7180 7181
f 7080 7181 7081
f 7081 7181 7182
f 7081 7182 7082
f 7082 7182 7183
f 7082 7183 7083
f 7083 7183 7184
f 7083 7184 7084
f 7084 7184 7185
f 7084 7185 7085
f 7085 7185 7186
f 7085 7186 7086
f 7086 7186 7187
f 7086 7187 7087
f 7087 7187 7188
f 7087 7188 7088
f 7088 7188 7189
f 7088 7189 7089
f 7089 7189 7190
f 7089 7190 7090
f 7090 7190 7191
f 7090 7191 7091
f 7091 7191 7192
f 7091 7192 7092
f 7092 7192 7193
f 7092 7193 7093
f 7093 7193 7194
f 7093 7194 7094
f 7094 7194 7195
f 7094 7195 7095
f 7095 7195 7196
f 7095 7196 7096
f 7096 7196 7197
f 7096 7197 7097
f 7097 7197 7198
f 7097 7198 7098
f 7098 7198 7199
f 7098 7199 7099
f 7099 7199 7200
f 7099 7200 7100
f 7100 7200 7101
f 7100 7101 7001
f 7101 7201 7202
f 7101 7202 7102
f 7102 7202 7203
f 7102 7203 7103
f 7103 7203 7204
f 7103 7204 7104
f 7104 7204 7205
f 7104 7205 7105
f 7105 7205 7206
f 7105 7206 7106
f 7106 7206 7207
f 7106 7207 7107
f 7107 7207 7208
f 7107 7208 7108
f 7108 7208 7209
f 7108 7209 7109
f 7109 7209 7210
f 7109 7210 7110
f 7110 7210 7211
f 7110 7211 7111
f 7111 7211 7212
f 7111 7212 7112
f 7112 7212 7213
f 7112 7213 7113
f 7113 7213 7214
f 7113 7214 7114
f 7114 7214 7215
f 7114 7215 7115
f 7115 7215 7216
f 7115 7216 7116
f 7116 7216 7217
f 7116 7217 7117
f 7117 7217 7218
f 7117 7218 7118
f 7118 7218 7219
f 7118 7219 7119
f 7119 7219 7220
f 7119 7220 7120
f 7120 7220 7221
f 7120 7221 7121
f 7121 7221 7222
f 7121 7222 7122
f 7122 7222 7223
f 7122 7223 7123
f 7123 7223 7224
f 7123 7224 7124
f 7124 7224 7225
f 7124 7225 7125
f 7125 7225 7226
f 7125 7226 7126
f 7126 7226 7227
f 7126 7227 7127
f 7127 7227 7228
f 7127 7228 7128
f 7128 7228 7229
f 7128 7229 7129
f 7129 7229 7230
f 7129 7230 7130
f 7130 7230 7231
f 7130 7231 7131
f 7131 7231 7232
f 7131 7232 7132
f 7132 7232 7233
f 7132 7233 7133
f 7133 7233 7234
f 7133 7234 7134
f 7134 7234 7235
f 7134 7235 7135
f 7135 7235 7236
f 7135 7236 7136
f 7136 7236 7237
f 7136 7237 7137
f 7137 7237 7238
f 7137 7238 7138
f 7138 7238 7239
f 7138 7239 7139
f 7139 7239 7240
f 7139 7240 7140
f 7140 7240 7241
f 7140 7241 7141
f 7141 7241 7242
f 7141 7242 7142
f 7142 7242 7243
f 7142 7243 7143
f 7143 7243 7244
f 7143 7244 7144
f 7144 7244 7245
f 7144 7245 7145
f 7145 7245 7246
f 7145 7246 7146
f 7146 7246 7247
f 7146 7247 7147
f 7147 7247 7248
f 7147 7248 7148
f 7148 7248 7249
f 7148 7249 7149
f 7149 7249 7250
f 7149 7250 7150
f 7150 7250 7251
f 7150 7251 7151
f 7151 7251 7252
f 7151 7252 7152
f 7152 7252 7253
f 7152 7253 7153
f 7153 7253 7254
f 7153 7254 7154
f 7154 7254 7255
f 7154 7255 7155
f 7155 7255 7256
f 7155 7256 7156
f 7156 7256 7257
f 7156 7257 7157
f 7157 7257 7258
f 7157 7258 7158
f 7158 7258 7259
f 7158 7259 7159
f 7159 7259 7260
f 7159 7260 7160
f 7160 7260 7261
f 7160 7261 7161
f 7161 7261 7262
f 7161 7262 7162
f 7162 7262 7263
f 7162 7263 7163
f 7163 7263 7264
f 7163 7264 7164
f 7164 7264 7265
f 7164 7265 7165
f 7165 7265 7266
f 7165 7266 7166
f 7166 7266 7267
f 7166 7267 7167
f 7167 7267 7268
f 7167 7268 7168
f 7168 7268 7269
f 7168 7269 7169
f 7169 7269 7270
f 7169 7270 7170
f 7170 7270 7271
f 7170 7271 7171
f 7171 7271 7272
f 7171 7272 7172
f 7172 7272 7273
f 7172 7273 7173
f 7173 7273 7274
f 7173 7274 7174
f 7174 7274 7275
f 7174 7275 7175
f 7175 7275 7276
f 7175 7276 7176
f 7176 7276 7277
f 7176 7277 7177
f 7177 7277 7278
f 7177 7278 7178
f 7178 7278 7279
f 7178 7279 7179
f 7179 7279 7280
f 7179 7280 7180
f 7180 7280 7281
f 7180 7281 7181
f 7181 7281 7282
f 7181 7282 7182
f 7182 7282 7283
f 7182 7283 7183
f 7183 7283 7284
f 7183 7284 7184
f 7184 7284 7285
f 7184 7285 7185
f 7185 7285 7286
f 7185 7286 7186
f 7186 7286 7287
f 7186 7287 7187
f 7187 7287 7288
f 7187 7288 7188
f 7188 7288 7289
f 7188 7289 7189
f 7189 7289 7290
f 7189 7290 7190
f 7190 7290 7291
f 7190 7291 7191
f 7191 7291 7292
f 7191 7292 7192
f 7192 7292 7293
f 7192 7293 7193
f 7193 7293 7294
f 7193 7294 7194
f 7194 7294 7295
f 7194 7295 7195
f 7195 7295 7296
f 7195 7296 7196
f 7196 7296 7297
f 7196 7297 7197
f 7197 7297 7298
f 7197 7298 7198
f 7198 7298 7299
f 7198 7299 7199
f 7199 7299 7300
f 7199 7300 7200
f 7200 7300 7201
f 7200 7201 7101
f 7201 7301 7302
f 7201 7302 7202
f 7202 7302 7303
f 7202 7303 7203
f 7203 7303 7304
f 7203 7304 7204
f 7204 7304 7305
f 7204 7305 7205
f 7205 7305 7306
f 7205 7306 7206
f 7206 7306 7307
f 7206 7307 7207
f 7207 7307 7308
f 7207 7308 7208
f 7208 7308 7309
f 7208 7309 7209
f 7209 7309 7310
f 7209 7310 7210
f 7210 7310 7311
f 7210 7311 7211
f 7211 7311 7312
f 7211 7312 7212
f 7212 7312 7313
f 7212 7313 7213
f 7213 7313 7314
f 7213 7314 7214
f 7214 7314 7315
f 7214 7315 7215
f 7215 7315 7316
f 7215 7316 7216
f 7216 7316 7317
f 7216 7317 7217
f 7217 7317 7318
f 7217 7318 7218
f 7218 7318 7319
f 7218 7319 7219
f 7219 7319 7320
f 7219 7320 7220
f 7220 7320 7321
f 7220 7321 7221
f 7221 7321 7322
f 7221 7322 7222
f 7222 7322 7323
f 7222 7323 7223
f 7223 7323 7324
f 7223 7324 7224
f 7224 7324 7325
f 7224 7325 7225
f 7225 7325 7326
f 7225 7326 7226
f 7226 7326 7327
f 7226 7327 7227
f 7227 7327 7328
f 7227 7328 7228
f 7228 7328 7329
f 7228 7329 7229
f 7229 7329 7330
f 7229 7330 7230
f 7230 7330 7331
f 7230 7331 7231
f 7231 7331 7332
f 7231 7332 7232
f 7232 7332 7333
f 7232 7333 7233
f 7233 7333 7334
f 7233 7334 7234
f 7234 7334 7335
f 7234 7335 7235
f 7235 7335 7336
f 7235 7336 7236
f 7236 7336 7337
f 7236 7337 7237
f 7237 7337 7338
f 7237 7338 7238
f 7238 7338 7339
f 7238 7339 7239
f 7239 7339 7340
f 7239 7340 7240
f 7240 7340 7341
f 7240 7341 7241
f 7241 7341 7342
f 7241 7342 7242
f 7242 7342 7343
f 7242 7343 7243
f 7243 7343 7344
f 7243 7344 7244
f 7244 7344 7345
f 7244 7345 7245
f 7245 7345 7346
f 7245 7346 7246
f 7246 7346 7347
f 7246 7347 7247
f 7247 7347 7348
f 7247 7348 7248
f 7248 7348 7349
f 7248 7349 7249
f 7249 7349 7350
f 7249 7350 7250
f 7250 7350 7351
f 7250 7351 7251
f 7251 7351 7352
f 7251 7352 7252
f 7252 7352 7353
f 7252 7353 7253
f 7253 7353 7354
f 7253 7354 7254
f 7254 7354 7355
f 7254 7355 7255
f 7255 7355 7356
f 7255 7356 7256
f 7256 7356 7357
f 7256 7357 7257
f 7257 7357 7358
f 7257 7358 7258
f 7258 7358 7359
f 7258 7359 7259
f 7259 7359 7360
f 7259 7360 7260
f 7260 7360 7361
f 7260 7361 7261
f 7261 7361 7362
f 7261 7362 7262
f 7262 7362 7363
f 7262 7363 7263
f 7263 7363 7364
f 7263 7364 7264
f 7264 7364 7365
f 7264 7365 7265
f 7265 7365 7366
f 7265 7366 7266
f 7266 7366 7367
f 7266 7367 7267
f 7267 7367 7368
f 7267 7368 7268
f 7268 7368 7369
f 7268 7369 7269
f 7269 7369 7370
f 7269 7370 7270
f 7270 7370 7371
f 7270 7371 7271
f 7271 7371 7372
f 7271 7372 7272
f 7272 7372 7373
f 7272 7373 7273
f 7273 7373 7374
f 7273 7374 7274
f 7274 7374 7375
f 7274 7375 7275
f 7275 7375 7376
f 7275 7376 7276
f 7276 7376 7377
f 7276 7377 7277
f 7277 7377 7378
f 7277 7378 7278
f 7278 7378 7379
f 7278 7379 7279
f 7279 7379 7380
f 7279 7380 7280
f 7280 7380 7381
f 7280 7381 7281
f 7281 7381 7382
f 7281 7382 7282
f 7282 7382 7383
f 7282 7383 7283
f 7283 7383 7384
f 7283 7384 7284
f 7284 7384 7385
f 7284 7385 7285
f 7285 7385 7386
f 7285 7386 7286
f 7286 7386 7387
f 7286 7387 7287
f 7287 7387 7388
f 7287 7388 7288
f 7288 7388 7389
f 7288 7389 7289
f 7289 7389 7390
f 7289 7390 7290
f 7290 7390 7391
f 7290 7391 7291
f 7291 7391 7392
f 7291 7392 7292
f 7292 7392 7393
f 7292 7393 7293
f 7293 7393 7394
f 7293 7394 7294
f 7294 7394 7395
f 7294 7395 7295
f 7295 7395 7396
f 7295 7396 7296
f 7296 7396 7397
f 7296 7397 7297
f 7297 7397 7398
f 7297 7398 7298
f 7298 7398 7399
f 7298 7399 7299
f 7299 7399 7400
f 7299 7400 7300
f 7300 7400 7301
f 7300 7301 7201
f 7301 7401 7402
f 7301 7402 7302
f 7302 7402 7403
f 7302 7403 7303
f 7303 7403 7404
f 7303 7404 7304
f 7304 7404 7405
f 7304 7405 7305
f 7305 7405 7406
f 7305 7406 7306
f 7306 7406 7407
f 7306 7407 7307
f 7307 7407 7408
f 7307 7408 7308
f 7308 7408 7409
f 7308 7409 7309
f 7309 7409 7410
f 7309 7410 7310
f 7310 7410 7411
f 7310 7411 7311
f 7311 7411 7412
f 7311 7412 7312
f 7312 7412 7413
f 7312 7413 7313
f 7313 7413 7414
f 7313 7414 7314
f 7314 7414 7415
f 7314 7415 7315
f 7315 7415 7416
f 7315 7416 7316
f 7316 7416 7417
f 7316 7417 7317
f 7317 7417 7418
f 7317 7418 7318
f 7318 7418 7419
f 7318 7419 7319
f 7319 7419 7420
f 7319 7420 7320
f 7320 7420 7421
f 7320 7421 7321
f 7321 7421 7422
f 7321 7422 7322
f 7322 7422 7423
f 7322 7423 7323
f 7323 7423 7424
f 7323 7424 7324
f 7324 7424 7425
f 7324 7425 7325
f 7325 7425 7426
f 7325 7426 7326
f 7326 7426 7427
f 7326 7427 7327
f 7327 7427 7428
f 7327 7428 7328
f 7328 7428 7429
f 7328 7429 7329
f 7329 7429 7430
f 7329 7430 7330
f 7330 7430 7431
f 7330 7431 7331
f 7331 7431 7432
f 7331 7432 7332
f 7332 7432 7433
f 7332 7433 7333
f 7333 7433 7434
f 7333 7434 7334
f 7334 7434 7435
f 7334 7435 7335
f 7335 7435 7436
f 7335 7436 7336
f 7336 7436 7437
f 7336 7437 7337
f 7337 7437 7438
f 7337 7438 7338
f 7338 7438 7439
f 7338 7439 7339
f 7339 7439 7440
f 7339 7440 7340
f 7340 7440 7441
f 7340 7441 7341
f 7341 7441 7442
f 7341 7442 7342
f 7342 7442 7443
f 7342 7443 7343
f 7343 7443 7444
f 7343 7444 7344
f 7344 7444 7445
f 7344 7445 7345
f 7345 7445 7446
f 7345 7446 7346
f 7346 7446 7447
f 7346 7447 7347
f 7347 7447 7448
f 7347 7448 7348
f 7348 7448 7449
f 7348 7449 7349
f 7349 7449 7450
f 7349 7450 7350
f 7350 7450 7451
f 7350 7451 7351
f 7351 7451 7452
f 7351 7452 7352
f 7352 7452 7453
f 7352 7453 7353
f 7353 7453 7454
f 7353 7454 7354
f 7354 7454 7455
f 7354 7455 7355
f 7355 7455 7456
f 7355 7456 7356
f 7356 7456 7457
f 7356 7457 7357
f 7357 7457 7458
f 7357 7458 7358
f 7358 7458 7459
f 7358 7459 7359
f 7359 7459 7460
f 7359 7460 7360
f 7360 7460 7461
f 7360 7461 7361
f 7361 7461 7462
f 7361 7462 7362
f 7362 7462 7463
f 7362 7463 7363
f 7363 7463 7464
f 7363 7464 7364
f 7364 7464 7465
f 7364 7465 7365
f 7365 7465 7466
f 7365 7466 7366
f 7366 7466 7467
f 7366 7467 7367
f 7367 7467 7468
f 7367 7468 7368
f 7368 7468 7469
f 7368 7469 7369
f 7369 7469 7470
f 7369 7470 7370
f 7370 7470 7471
f 7370 7471 7371
f 7371 7471 7472
f 7371 7472 7372
f 7372 7472 7473
f 7372 7473 7373
f 7373 7473 7474
f 7373 7474 7374
f 7374 7474 7475
f 7374 7475 7375
f 7375 7475 7476
f 7375 7476 7376
f 7376 7476 7477
f 7376 7477 7377
f 7377 7477 7478
f 7377 7478 7378
f 7378 7478 7479
f 7378 7479 7379
f 7379 7479 7480
f 7379 7480 7380
f 7380 7480 7481
f 7380 7481 7381
f 7381 7481 7482
f 7381 7482 7382
f 7382 7482 7483
f 7382 7483 7383
f 7383 7483 7484
f 7383 7484 7384
f 7384 7484 7485
f 7384 7485 7385
f 7385 7485 7486
f 7385 7486 7386
f 7386 7486 7487
f 7386 7487 7387
f 7387 7487 7488
f 7387 7488 7388
f 7388 7488 7489
f 7388 7489 7389
f 7389 7489 7490
f 7389 7490 7390
f 7390 7490 7491
f 7390 7491 7391
f 7391 7491 7492
f 7391 7492 7392
f 7392 7492 7493
f 7392 7493 7393
f 7393 7493 7494
f 7393 7494 7394
f 7394 7494 7495
f 7394 7495 7395
f 7395 7495 7496
f 7395 7496 7396
f 7396 7496 7497
f 7396 7497 7397
f 7397 7497 7498
f 7397 7498 7398
f 7398 7498 7499
f 7398 7499 7399
f 7399 7499 7500
f 7399 7500 7400
f 7400 7500 7401
f 7400 7401 7301
f 7401 7501 7502
f 7401 7502 7402
f 7402 7502 7503
f 7402 7503 7403
f 7403 7503 7504
f 7403 7504 7404
f 7404 7504 7505
f 7404 7505 7405
f 7405 7505 7506
f 7405 7506 7406
f 7406 7506 7507
f 7406 7507 7407
f 7407 7507 7508
f 7407 7508 7408
f 7408 7508 7509
f 7408 7509 7409
f 7409 7509 7510
f 7409 7510 7410
f 7410 7510 7511
f 7410 7511 7411
f 7411 7511 7512
f 7411 7512 7412
f 7412 7512 7513
f 7412 7513 7413
f 7413 7513 7514
f 7413 7514 7414
f 7414 7514 7515
f 7414 7515 7415
f 7415 7515 7516
f 7415 7516 7416
f 7416 7516 7517
f 7416 7517 7417
f 7417 7517 7518
f 7417 7518 7418
f 7418 7518 7519
f 7418 7519 7419
f 7419 7519 7520
f 7419 7520 7420
f 7420 7520 7521
f 7420 7521 7421
f 7421 7521 7522
f 7421 7522 7422
f 7422 7522 7523
f 7422 7523 7423
f 7423 7523 7524
f 7423 7524 7424
f 7424 7524 7525
f 7424 7525 7425
f 7425 7525 7526
f 7425 7526 7426
f 7426 7526 7527
f 7426 7527 7427
f 7427 7527 7528
f 7427 7528 7428
f 7428 7528 7529
f 7428 7529 7429
f 7429 7529 7530
f 7429 7530 7430
f 7430 7530 7531
f 7430 7531 7431
f 7431 7531 7532
f 7431 7532 7432
f 7432 7532 7533
f 7432 7533 7433
f 7433 7533 7534
f 7433 7534 7434
f 7434 7534 7535
f 7434 7535 7435
f 7435 7535 7536
f 7435 7536 7436
f 7436 7536 7537
f 7436 7537 7437
f 7437 7537 7538
f 7437 7538 7438
f 7438 7538 7539
f 7438 7539 7439
f 7439 7539 7540
f 7439 7540 7440
f 7440 7540 7541
f 7440 7541 7441
f 7441 7541 7542
f 7441 7542 7442
f 7442 7542 7543
f 7442 7543 7443
f 7443 7543 7544
f 7443 7544 7444
f 7444 7544 7545
f 7444 7545 7445
f 7445 7545 7546
f 7445 7546 7446
f 7446 7546 7547
f 7446 7547 7447
f 7447 7547 7548
f 7447 7548 7448
f 7448 7548 7549
f 7448 7549 7449
f 7449 7549 7550
f 7449 7550 7450
f 7450 7550 7551
f 7450 7551 7451
f 7451 7551 7552
f 7451 7552 7452
f 7452 7552 7553
f 7452 7553 7453
f 7453 7553 7554
f 7453 7554 7454
f 7454 7554 7555
f 7454 7555 7455
f 7455 7555 7556
f 7455 7556 7456
f 7456 7556 7557
f 7456 7557 7457
f 7457 7557 7558
f 7457 7558 7458
f 7458 7558 7559
f 7458 7559 7459
f 7459 7559 7560
f 7459 7560 7460
f 7460 7560 7561
f 7460 7561 7461
f 7461 7561 7562
f 7461 7562 7462
f 7462 7562 7563
f 7462 7563 7463
f 7463 7563 7564
f 7463 7564 7464
f 7464 7564 7565
f 7464 7565 7465
f 7465 7565 7566
f 7465 7566 7466
f 7466 7566 7567
f 7466 7567 7467
f 7467 7567 7568
f 7467 7568 7468
f 7468 7568 7569
f 7468 7569 7469
f 7469 7569 7570
f 7469 7570 7470
f 7470 7570 7571
f 7470 7571 7471
f 7471 7571 7572
f 7471 7572 7472
f 7472 7572 7573
f 7472 7573 7473
f 7473 7573 7574
f 7473 7574 7474
f 7474 7574 7575
f 7474 7575 7475
f 7475 7575 7576
f 7475 7576 7476
f 7476 7576 7577
f 7476 7577 7477
f 7477 7577 7578
f 7477 7578 7478
f 7478 7578 7579
f 7478 7579 7479
f 7479 7579 7580
f 7479 7580 7480
f 7480 7580 7581
f 7480 7581 7481
f 7481 7581 7582
f 7481 7582 7482
f 7482 7582 7583
f 7482 7583 7483
f 7483 7583 7584
f 7483 7584 7484
f 7484 7584 7585
f 7484 7585 7485
f 7485 7585 7586
f 7485 7586 7486
f 7486 7586 7587
f 7486 7587 7487
f 7487 7587 7588
f 7487 7588 7488
f 7488 7588 7589
f 7488 7589 7489
f 7489 7589 7590
f 7489 7590 7490
f 7490 7590 7591
f 7490 7591 7491
f 7491 7591 7592
f 7491 7592 7492
f 7492 7592 7593
f 7492 7593 7493
f 7493 7593 7594
f 7493 7594 7494
f 7494 7594 7595
f 7494 7595 7495
f 7495 7595 7596
f 7495 7596 7496
f 7496 7596 7597
f 7496 7597 7497
f 7497 7597 7598
f 7497 7598 7498
f 7498 7598 7599
f 7498 7599 7499
f 7499 7599 7600
f 7499 7600 7500
f 7500 7600 7501
f 7500 7501 7401
f 7501 7601 7602
f 7501 7602 7502
f 7502 7602 7603
f 7502 7603 7503
f 7503 7603 7604
f 7503 7604 7504
f 7504 7604 7605
f 7504 7605 7505
f 7505 7605 7606
f 7505 7606 7506
f 7506 7606 7607
f 7506 7607 7507
f 7507 7607 7608
f 7507 7608 7508
f 7508 7608 7609
f 7508 7609 7509
f 7509 7609 7610
f 7509 7610 7510
f 7510 7610 7611
f 7510 7611 7511
f 7511 7611 7612
f 7511 7612 7512
f 7512 7612 7613
f 7512 7613 7513
f 7513 7613 7614
f 7513 7614 7514
f 7514 7614 7615
f 7514 7615 7515
f 7515 7615 7616
f 7515 7616 7516
f 7516 7616 7617
f 7516 7617 7517
f 7517 7617 7618
f 7517 7618 7518
f 7518 7618 7619
f 7518 7619 7519
f 7519 7619 7620
f 7519 7620 7520
f 7520 7620 7621
f 7520 7621 7521
f 7521 7621 7622
f 7521 7622 7522
f 7522 7622 7623
f 7522 7623 7523
f 7523 7623 7624
f 7523 7624 7524
f 7524 7624 7625
f 7524 7625 7525
f 7525 7625 7626
f 7525 7626 7526
f 7526 7626 7627
f 7526 7627 7527
f 7527 7627 7628
f 7527 7628 7528
f 7528 7628 7629
f 7528 7629 7529
f 7529 7629 7630
f 7529 7630 7530
f 7530 7630 7631
f 7530 7631 7531
f 7531 7631 7632
f 7531 7632 7532
f 7532 7632 7633
f 7532 7633 7533
f 7533 7633 7634
f 7533 7634 7534
f 7534 7634 7635
f 7534 7635 7535
f 7535 7635 7636
f 7535 7636 7536
f 7536 7636 7637
f 7536 7637 7537
f 7537 7637 7638
f 7537 7638 7538
f 7538 7638 7639
f 7538 7639 7539
f 7539 7639 7640
f 7539 7640 7540
f 7540 7640 7641
f 7540 7641 7541
f 7541 7641 7642
f 7541 7642 7542
f 7542 7642 7643
f 7542 7643 7543
f 7543 7643 7644
f 7543 7644 7544
f 7544 7644 7645
f 7544 7645 7545
f 7545 7645 7646
f 7545 7646 7546
f 7546 7646 7647
f 7546 7647 7547
f 7547 7647 7648
f 7547 7648 7548
f 7548 7648 7649
f 7548 7649 7549
f 7549 7649 7650
f 7549 7650 7550
f 7550 7650 7651
f 7550 7651 7551
f 7551 7651 7652
f 7551 7652 7552
f 7552 7652 7653
f 7552 7653 7553
f 7553 7653 7654
f 7553 7654 7554
f 7554 7654 7655
f 7554 7655 7555
f 7555 7655 7656
f 7555 7656 7556
f 7556 7656 7657
f 7556 7657 7557
f 7557 7657 7658
f 7557 7658 7558
f 7558 7658 7659
f 7558 7659 7559
f 7559 7659 7660
f 7559 7660 7560
f 7560 7660 7661
f 7560 7661 7561
f 7561 7661 7662
f 7561 7662 7562
f 7562 7662 7663
f 7562 7663 7563
f 7563 7663 7664
f 7563 7664 7564
f 7564 7664 7665
f 7564 7665 7565
f 7565 7665 7666
f 7565 7666 7566
f 7566 7666 7667
f 7566 7667 7567
f 7567 7667 7668
f 7567 7668 7568
f 7568 7668 7669
f 7568 7669 7569
f 7569 7669 7670
f 7569 7670 7570
f 7570 7670 7671
f 7570 7671 7571
f 7571 7671 7672
f 7571 7672 7572
f 7572 7672 7673
f 7572 7673 7573
f 7573 7673 7674
f 7573 7674 7574
f 7574 7674 7675
f 7574 7675 7575
f 7575 7675 7676
f 7575 7676 7576
f 7576 7676 7677
f 7576 7677 7577
f 7577 7677 7678
f 7577 7678 7578
f 7578 7678 7679
f 7578 7679 7579
f 7579 7679 7680
f 7579 7680 7580
f 7580 7680 7681
f 7580 7681 7581
f 7581 7681 7682
f 7581 7682 7582
f 7582 7682 7683
f 7582 7683 7583
f 7583 7683 7684
f 7583 7684 7584
f 7584 7684 7685
f 7584 7685 7585
f 7585 7685 7686
f 7585 7686 7586
f 7586 7686 7687
f 7586 7687 7587
f 7587 7687 7688
f 7587 7688 7588
f 7588 7688 7689
f 7588 7689 7589
f 7589 7689 7690
f 7589 7690 7590
f 7590 7690 7691
f 7590 7691 7591
f 7591 7691 7692
f 7591 7692 7592
f 7592 7692 7693
f 7592 7693 7593
f 7593 7693 7694
f 7593 7694 7594
f 7594 7694 7695
f 7594 7695 7595
f 7595 7695 7696
f 7595 7696 7596
f 7596 7696 7697
f 7596 7697 7597
f 7597 7697 7698
f 7597 7698 7598
f 7598 7698 7699
f 7598 7699 7599
f 7599 7699 7700
f 7599 7700 7600
f 7600 7700 7601
f 7600 7601 7501
f 7601 7701 7702
f 7601 7702 7602
f 7602 7702 7703
f 7602 7703 7603
f 7603 7703 7704
f 7603 7704 7604
f 7604 7704 7705
f 7604 7705 7605
f 7605 7705 7706
f 7605 7706 7606
f 7606 7706 7707
f 7606 7707 7607
f 7607 7707 7708
f 7607 7708 7608
f 7608 7708 7709
f 7608 7709 7609
f 7609 7709 7710
f 7609 7710 7610
f 7610 7710 7711
f 7610 7711 7611
f 7611 7711 7712
f 7611 7712 7612
f 7612 7712 7713
f 7612 7713 7613
f 7613 7713 7714
f 7613 7714 7614
f 7614 7714 7715
f 7614 7715 7615
f 7615 7715 7716
f 7615 7716 7616
f 7616 7716 7717
f 7616 7717 7617
f 7617 7717 7718
f 7617 7718 7618
f 7618 7718 7719
f 7618 7719 7619
f 7619 7719 7720
f 7619 7720 7620
f 7620 7720 7721
f 7620 7721 7621
f 7621 7721 7722
f 7621 7722 7622
f 7622 7722 7723
f 7622 7723 7623
f 7623 7723 7724
f 7623 7724 7624
f 7624 7724 7725
f 7624 7725 7625
f 7625 7725 7726
f 7625 7726 7626
f 7626 7726 7727
f 7626 7727 7627
f 7627 7727 7728
f 7627 7728 7628
f 7628 7728 7729
f 7628 7729 7629
f 7629 7729 7730
f 7629 7730 7630
f 7630 7730 7731
f 7630 7731 7631
f 7631 7731 7732
f 7631 7732 7632
f 7632 7732 7733
f 7632 7733 7633
f 7633 7733 7734
f 7633 7734 7634
f 7634 7734 7735
f 7634 7735 7635
f 7635 7735 7736
f 7635 7736 7636
f 7636 7736 7737
f 7636 7737 7637
f 7637 7737 7738
f 7637 7738 7638
f 7638 7738 7739
f 7638 7739 7639
f 7639 7739 7740
f 7639 7740 7640
f 7640 7740 7741
f 7640 7741 7641
f 7641 7741 7742
f 7641 7742 7642
f 7642 7742 7743
f 7642 7743 7643
f 7643 7743 7744
f 7643 7744 7644
f 7644 7744 7745
f 7644 7745 7645
f 7645 7745 7746
f 7645 7746 7646
f 7646 7746 7747
f 7646 7747 7647
f 7647 7747 7748
f 7647 7748 7648
f 7648 7748 7749
f 7648 7749 7649
f 7649 7749 7750
f 7649 7750 7650
f 7650 7750 7751
f 7650 7751 7651
f 7651 7751 7752
f 7651 7752 7652
f 7652 7752 7753
f 7652 7753 7653
f 7653 7753 7754
f 7653 7754 7654
f 7654 7754 7755
f 7654 7755 7655
f 7655 7755 7756
f 7655 7756 7656
f 7656 7756 7757
f 7656 7757 7657
f 7657 7757 7758
f 7657 7758 7658
f 7658 7758 7759
f 7658 7759 7659
f 7659 7759 7760
f 7659 7760 7660
f 7660 7760 7761
f 7660 7761 7661
f 7661 7761 7762
f 7661 7762 7662
f 7662 7762 7763
f 7662 7763 7663
f 7663 7763 7764
f 7663 7764 7664
f 7664 7764 7765
f 7664 7765 7665
f 7665 7765 7766
f 7665 7766 7666
f 7666 7766 7767
f 7666 7767 7667
f 7667 7767 7768
f 7667 7768 7668
f 7668 7768 7769
f 7668 7769 7669
f 7669 7769 7770
f 7669 7770 7670
f 7670 7770 7771
f 7670 7771 7671
f 7671 7771 7772
f 7671 7772 7672
f 7672 7772 7773
f 7672 7773 7673
f 7673 7773 7774
f 7673 7774 7674
f 7674 7774 7775
f 7674 7775 7675
f 7675 7775 7776
f 7675 7776 7676
f 7676 7776 7777
f 7676 7777 7677
f 7677 7777 7778
f 7677 7778 7678
f 7678 7778 7779
f 7678 7779 7679
f 7679 7779 7780
f 7679 7780 7680
f 7680 7780 7781
f 7680 7781 7681
f 7681 7781 7782
f 7681 7782 7682
f 7682 7782 7783
f 7682 7783 7683
f 7683 7783 7784
f 7683 7784 7684
f 7684 7784 7785
f 7684 7785 7685
f 7685 7785 7786
f 7685 7786 7686
f 7686 7786 7787
f 7686 7787 7687
f 7687 7787 7788
f 7687 7788 7688
f 7688 7788 7789
f 7688 7789 7689
f 7689 7789 7790
f 7689 7790 7690
f 7690 7790 7791
f 7690 7791 7691
f 7691 7791 7792
f 7691 7792 7692
f 7692 7792 7793
f 7692 7793 7693
f 7693 7793 7794
f 7693 7794 7694
f 7694 7794 7795
f 7694 7795 7695
f 7695 7795 7796
f 7695 7796 7696
f 7696 7796 7797
f 7696 7797 7697
f 7697 7797 7798
f 7697 7798 7698
f 7698 7798 7799
f 7698 7799 7699
f 7699 7799 7800
f 7699 7800 7700
f 7700 7800 7701
f 7700 7701 7601
f 7701 7801 7802
f 7701 7802 7702
f 7702 7802 7803
f 7702 7803 7703
f 7703 7803 7804
f 7703 7804 7704
f 7704 7804 7805
f 7704 7805 7705
f 7705 7805 7806
f 7705 7806 7706
f 7706 7806 7807
f 7706 7807 7707
f 7707 7807 7808
f 7707 7808 7708
f 7708 7808 7809
f 7708 7809 7709
f 7709 7809 7810
f 7709 7810 7710
f 7710 7810 7811
f 7710 7811 7711
f 7711 7811 7812
f 7711 7812 7712
f 7712 7812 7813
f 7712 7813 7713
f 7713 7813 7814
f 7713 7814 7714
f 7714 7814 7815
f 7714 7815 7715
f 7715 7815 7816
f 7715 7816 7716
f 7716 7816 7817
f 7716 7817 7717
f 7717 7817 7818
f 7717 7818 7718
f 7718 7818 7819
f 7718 7819 7719
f 7719 7819 7820
f 7719 7820 7720
f 7720 7820 7821
f 7720 7821 7721
f 7721 7821 7822
f 7721 7822 7722
f 7722 7822 7823
f 7722 7823 7723
f 7723 7823 7824
f 7723 7824 7724
f 7724 7824 7825
f 7724 7825 7725
f 7725 7825 7826
f 7725 7826 7726
f 7726 7826 7827
f 7726 7827 7727
f 7727 7827 7828
f 7727 7828 7728
f 7728 7828 7829
f 7728 7829 7729
f 7729 7829 7830
f 7729 7830 7730
f 7730 7830 7831
f 7730 7831 7731
f 7731 7831 7832
f 7731 7832 7732
f 7732 7832 7833
f 7732 7833 7733
f 7733 7833 7834
f 7733 7834 7734
f 7734 7834 7835
f 7734 7835 7735
f 7735 7835 7836
f 7735 7836 7736
f 7736 7836 7837
f 7736 7837 7737
f 7737 7837 7838
f 7737 7838 7738
f 7738 7838 7839
f 7738 7839 7739
f 7739 7839 7840
f 7739 7840 7740
f 7740 7840 7841
f 7740 7841 7741
f 7741 7841 7842
f 7741 7842 7742
f 7742 7842 7843
f 7742 7843 7743
f 7743 7843 7844
f 7743 7844 7744
f 7744 7844 7845
f 7744 7845 7745
f 7745 7845 7846
f 7745 7846 7746
f 7746 7846 7847
f 7746 7847 7747
f 7747 7847 7848
f 7747 7848 7748
f 7748 7848 7849
f 7748 7849 7749
f 7749 7849 7850
f 7749 7850 7750
f 7750 7850 7851
f 7750 7851 7751
f 7751 7851 7852
f 7751 7852 7752
f 7752 7852 7853
f 7752 7853 7753
f 7753 7853 7854
f 7753 7854 7754
f 7754 7854 7855
f 7754 7855 7755
f 7755 7855 7856
f 7755 7856 7756
f 7756 7856 7857
f 7756 7857 7757
f 7757 7857 7858
f 7757 7858 7758
f 7758 7858 7859
f 7758 7859 7759
f 7759 7859 7860
f 7759 7860 7760
f 7760 7860 7861
f 7760 7861 7761
f 7761 7861 7862
f 7761 7862 7762
f 7762 7862 7863
f 7762 7863 7763
f 7763 7863 7864
f 7763 7864 7764
f 7764 7864 7865
f 7764 7865 7765
f 7765 7865 7866
f 7765 7866 7766
f 7766 7866 7867
f 7766 7867 7767
f 7767 7867 7868
f 7767 7868 7768
f 7768 7868 7869
f 7768 7869 7769
f 7769 7869 7870
f 7769 7870 7770
f 7770 7870 7871
f 7770 7871 7771
f 7771 7871 7872
f 7771 7872 7772
f 7772 7872 7873
f 7772 7873 7773
f 7773 7873 7874
f 7773 7874 7774
f 7774 7874 7875
f 7774 7875 7775
f 7775 7875 7876
f 7775 7876 7776
f 7776 7876 7877
f 7776 7877 7777
f 7777 7877 7878
f 7777 7878 7778
f 7778 7878 7879
f 7778 7879 7779
f 7779 7879 7880
f 7779 7880 7780
f 7780 7880 7881
f 7780 7881 7781
f 7781 7881 7882
f 7781 7882 7782
f 7782 7882 7883
f 7782 7883 7783
f 7783 7883 7884
f 7783 7884 7784
f 7784 7884 7885
f 7784 7885 7785
f 7785 7885 7886
f 7785 7886 7786
f 7786 7886 7887
f 7786 7887 7787
f 7787 7887 7888
f 7787 7888 7788
f 7788 7888 7889
f 7788 7889 7789
f 7789 7889 7890
f 7789 7890 7790
f 7790 7890 7891
f 7790 7891 7791
f 7791 7891 7892
f 7791 7892 7792
f 7792 7892 7893
f 7792 7893 7793
f 7793 7893 7894
f 7793 7894 7794
f 7794 7894 7895
f 7794 7895 7795
f 7795 7895 7896
f 7795 7896 7796
f 7796 7896 7897
f 7796 7897 7797
f 7797 7897 7898
f 7797 7898 7798
f 7798 7898 7899
f 7798 7899 7799
f 7799 7899 7900
f 7799 7900 7800
f 7800 7900 7801
f 7800 7801 7701
f 7801 7901 7902
f 7801 7902 7802
f 7802 7902 7903
f 7802 7903 7803
f 7803 7903 7904
f 7803 7904 7804
f 7804 7904 7905
f 7804 7905 7805
f 7805 7905 7906
f 7805 7906 7806
f 7806 7906 7907
f 7806 7907 7807
f 7807 7907 7908
f 7807 7908 7808
f 7808 7908 7909
f 7808 7909 7809
f 7809 7909 7910
f 7809 7910 7810
f 7810 7910 7911
f 7810 7911 7811
f 7811 7911 7912
f 7811 7912 7812
f 7812 7912 7913
f 7812 7913 7813
f 7813 7913 7914
f 7813 7914 7814
f 7814 7914 7915
f 7814 7915 7815
f 7815 7915 7916
f 7815 7916 7816
f 7816 7916 7917
f 7816 7917 7817
f 7817 7917 7918
f 7817 7918 7818
f 7818 7918 7919
f 7818 7919 7819
f 7819 7919 7920
f 7819 7920 7820
f 7820 7920 7921
f 7820 7921 7821
f 7821 7921 7922
f 7821 7922 7822
f 7822 7922 7923
f 7822 7923 7823
f 7823 7923 7924
f 7823 7924 7824
f 7824 7924 7925
f 7824 7925 7825
f 7825 7925 7926
f 7825 7926 7826
f 7826 7926 7927
f 7826 7927 7827
f 7827 7927 7928
f 7827 7928 7828
f 7828 7928 7929
f 7828 7929 7829
f 7829 7929 7930
f 7829 7930 7830
f 7830 7930 7931
f 7830 7931 7831
f 7831 7931 7932
f 7831 7932 7832
f 7832 7932 7933
f 7832 7933 7833
f 7833 7933 7934
f 7833 7934 7834
f 7834 7934 7935
f 7834 7935 7835
f 7835 7935 7936
f 7835 7936 7836
f 7836 7936 7937
f 7836 7937 7837
f 7837 7937 7938
f 7837 7938 7838
f 7838 7938 7939
f 7838 7939 7839
f 7839 7939 7940
f 7839 7940 7840
f 7840 7940 7941
f 7840 7941 7841
f 7841 7941 7942
f 7841 7942 7842
f 7842 7942 7943
f 7842 7943 7843
f 7843 7943 7944
f 7843 7944 7844
f 7844 7944 7945
f 7844 7945 7845
f 7845 7945 7946
f 7845 7946 7846
f 7846 7946 7947
f 7846 7947 7847
f 7847 7947 7948
f 7847 7948 7848
f 7848 7948 7949
f 7848 7949 7849
f 7849 7949 7950
f 7849 7950 7850
f 7850 7950 7951
f 7850 7951 7851
f 7851 7951 7952
f 7851 7952 7852
f 7852 7952 7953
f 7852 7953 7853
f 7853 7953 7954
f 7853 7954 7854
f 7854 7954 7955
f 7854 7955 7855
f 7855 7955 7956
f 7855 7956 7856
f 7856 7956 7957
f 7856 7957 7857
f 7857 7957 7958
f 7857 7958 7858
f 7858 7958 7959
f 7858 7959 7859
f 7859 7959 7960
f 7859 7960 7860
f 7860 7960 7961
f 7860 7961 7861
f 7861 7961 7962
f 7861 7962 7862
f 7862 7962 7963
f 7862 7963 7863
f 7863 7963 7964
f 7863 7964 7864
f 7864 7964 7965
f 7864 7965 7865
f 7865 7965 7966
f 7865 7966 7866
f 7866 7966 7967
f 7866 7967 7867
f 7867 7967 7968
f 7867 7968 7868
f 7868 7968 7969
f 7868 7969 7869
f 7869 7969 7970
f 7869 7970 7870
f 7870 7970 7971
f 7870 7971 7871
f 7871 7971 7972
f 7871 7972 7872
f 7872 7972 7973
f 7872 7973 7873
f 7873 7973 7974
f 7873 7974 7874
f 7874 7974 7975
f 7874 7975 7875
f 7875 7975 7976
f 7875 7976 7876
f 7876 7976 7977
f 7876 7977 7877
f 7877 7977 7978
f 7877 7978 7878
f 7878 7978 7979
f 7878 7979 7879
f 7879 7979 7980
f 7879 7980 7880
f 7880 7980 7981
f 7880 7981 7881
f 7881 7981 7982
f 7881 7982 7882
f 7882 7982 7983
f 7882 7983 7883
f 7883 7983 7984
f 7883 7984 7884
f 7884 7984 7985
f 7884 7985 7885
f 7885 7985 7986
f 7885 7986 7886
f 7886 7986 7987
f 7886 7987 7887
f 7887 7987 7988
f 7887 7988 7888
f 7888 7988 7989
f 7888 7989 7889
f 7889 7989 7990
f 7889 7990 7890
f 7890 7990 7991
f 7890 7991 7891
f 7891 7991 7992
f 7891 7992 7892
f 7892 7992 7993
f 7892 7993 7893
f 7893 7993 7994
f 7893 7994 7894
f 7894 7994 7995
f 7894 7995 7895
f 7895 7995 7996
f 7895 7996 7896
f 7896 7996 7997
f 7896 7997 7897
f 7897 7997 7998
f 7897 7998 7898
f 7898 7998 7999
f 7898 7999 7899
f 7899 7999 8000
f 7899 8000 7900
f 7900 8000 7901
f 7900 7901 7801
f 7901 8001 8002
f 7901 8002 7902
f 7902 8002 8003
f 7902 8003 7903
f 7903 8003 8004
f 7903 8004 7904
f 7904 8004 8005
f 7904 8005 7905
f 7905 8005 8006
f 7905 8006 7906
f 7906 8006 8007
f 7906 8007 7907
f 7907 8007 8008
f 7907 8008 7908
f 7908 8008 8009
f 7908 8009 7909
f 7909 8009 8010
f 7909 8010 7910
f 7910 8010 8011
f 7910 8011 7911
f 7911 8011 8012
f 7911 8012 7912
f 7912 8012 8013
f 7912 8013 7913
f 7913 8013 8014
f 7913 8014 7914
f 7914 8014 8015
f 7914 8015 7915
f 7915 8015 8016
f 7915 8016 7916
f 7916 8016 8017
f 7916 8017 7917
f 7917 8017 8018
f 7917 8018 7918
f 7918 8018 8019
f 7918 8019 7919
f 7919 8019 8020
f 7919 8020 7920
f 7920 8020 8021
f 7920 8021 7921
f 7921 8021 8022
f 7921 8022 7922
f 7922 8022 8023
f 7922 8023 7923
f 7923 8023 8024
f 7923 8024 7924
f 7924 8024 8025
f 7924 8025 7925
f 7925 8025 8026
f 7925 8026 7926
f 7926 8026 8027
f 7926 8027 7927
f 7927 8027 8028
f 7927 8028 7928
f 7928 8028 8029
f 7928 8029 7929
f 7929 8029 8030
f 7929 8030 7930
f 7930 8030 8031
f 7930 8031 7931
f 7931 8031 8032
f 7931 8032 7932
f 7932 8032 8033
f 7932 8033 7933
f 7933 8033 8034
f 7933 8034 7934
f 7934 8034 8035
f 7934 8035 7935
f 7935 8035 8036
f 7935 8036 7936
f 7936 8036 8037
f 7936 8037 7937
f 7937 8037 8038
f 7937 8038 7938
f 7938 8038 8039
f 7938 8039 7939
f 7939 8039 8040
f 7939 8040 7940
f 7940 8040 8041
f 7940 8041 7941
f 7941 8041 8042
f 7941 8042 7942
f 7942 8042 8043
f 7942 8043 7943
f 7943 8043 8044
f 7943 8044 7944
f 7944 8044 8045
f 7944 8045 7945
f 7945 8045 8046
f 7945 8046 7946
f 7946 8046 8047
f 7946 8047 7947
f 7947 8047 8048
f 7947 8048 7948
f 7948 8048 8049
f 7948 8049 7949
f 7949 8049 8050
f 7949 8050 7950
f 7950 8050 8051
f 7950 8051 7951
f 7951 8051 8052
f 7951 8052 7952
f 7952 8052 8053
f 7952 8053 7953
f 7953 8053 8054
f 7953 8054 7954
f 7954 8054 8055
f 7954 8055 7955
f 7955 8055 8056
f 7955 8056 7956
f 7956 8056 8057
f 7956 8057 7957
f 7957 8057 8058
f 7957 8058 7958
f 7958 8058 8059
f 7958 8059 7959
f 7959 8059 8060
f 7959 8060 7960
f 7960 8060 8061
f 7960 8061 7961
f 7961 8061 8062
f 7961 8062 7962
f 7962 8062 8063
f 7962 8063 7963
f 7963 8063 8064
f 7963 8064 7964
f 7964 8064 8065
f 7964 8065 7965
f 7965 8065 8066
f 7965 8066 7966
f 7966 8066 8067
f 7966 8067 7967
f 7967 8067 8068
f 7967 8068 7968
f 7968 8068 8069
f 7968 8069 7969
f 7969 8069 8070
f 7969 8070 7970
f 7970 8070 8071
f 7970 8071 7971
f 7971 8071 8072
f 7971 8072 7972
f 7972 8072 8073
f 7972 8073 7973
f 7973 8073 8074
f 7973 8074 7974
f 7974 8074 8075
f 7974 8075 7975
f 7975 8075 8076
f 7975 8076 7976
f 7976 8076 8077
f 7976 8077 7977
f 7977 8077 8078
f 7977 8078 7978
f 7978 8078 8079
f 7978 8079 7979
f 7979 8079 8080
f 7979 8080 7980
f 7980 8080 8081
f 7980 8081 7981
f 7981 8081 8082
f 7981 8082 7982
f 7982 8082 8083
f 7982 8083 7983
f 7983 8083 8084
f 7983 8084 7984
f 7984 8084 8085
f 7984 8085 7985
f 7985 8085 8086
f 7985 8086 7986
f 7986 8086 8087
f 7986 8087 7987
f 7987 8087 8088
f 7987 8088 7988
f 7988 8088 8089
f 7988 8089 7989
f 7989 8089 8090
f 7989 8090 7990
f 7990 8090 8091
f 7990 8091 7991
f 7991 8091 8092
f 7991 8092 7992
f 7992 8092 8093
f 7992 8093 7993
f 7993 8093 8094
f 7993 8094 7994
f 7994 8094 8095
f 7994 8095 7995
f 7995 8095 8096
f 7995 8096 7996
f 7996 8096 8097
f 7996 8097 7997
f 7997 8097 8098
f 7997 8098 7998
f 7998 8098 8099
f 7998 8099 7999
f 7999 8099 8100
f 7999 8100 8000
f 8000 8100 8001
f 8000 8001 7901
f 8001 8101 8102
f 8001 8102 8002
f 8002 8102 8103
f 8002 8103 8003
f 8003 8103 8104
f 8003 8104 8004
f 8004 8104 8105
f 8004 8105 8005
f 8005 8105 8106
f 8005 8106 8006
f 8006 8106 8107
f 8006 8107 8007
f 8007 8107 8108
f 8007 8108 8008
f 8008 8108 8109
f 8008 8109 8009
f 8009 8109 8110
f 8009 8110 8010
f 8010 8110 8111
f 8010 8111 8011
f 8011 8111 8112
f 8011 8112 8012
f 8012 8112 8113
f 8012 8113 8013
f 8013 8113 8114
f 8013 8114 8014
f 8014 8114 8115
f 8014 8115 8015
f 8015 8115 8116
f 8015 8116 8016
f 8016 8116 8117
f 8016 8117 8017
f 8017 8117 8118
f 8017 8118 8018
f 8018 8118 8119
f 8018 8119 8019
f 8019 8119 8120
f 8019 8120 8020
f 8020 8120 8121
f 8020 8121 8021
f 8021 8121 8122
f 8021 8122 8022
f 8022 8122 8123
f 8022 8123 8023
f 8023 8123 8124
f 8023 8124 8024
f 8024 8124 8125
f 8024 8125 8025
f 8025 8125 8126
f 8025 8126 8026
f 8026 8126 8127
f 8026 8127 8027
f 8027 8127 8128
f 8027 8128 8028
f 8028 8128 8129
f 8028 8129 8029
f 8029 8129 8130
f 8029 8130 8030
f 8030 8130 8131
f 8030 8131 8031
f 8031 8131 8132
f 8031 8132 8032
f 8032 8132 8133
f 8032 8133 8033
f 8033 8133 8134
f 8033 8134 8034
f 8034 8134 8135
f 8034 8135 8035
f 8035 8135 8136
f 8035 8136 8036
f 8036 8136 8137
f 8036 8137 8037
f 8037 8137 8138
f 8037 8138 8038
f 8038 8138 8139
f 8038 8139 8039
f 8039 8139 8140
f 8039 8140 8040
f 8040 8140 8141
f 8040 8141 8041
f 8041 8141 8142
f 8041 8142 8042
f 8042 8142 8143
f 8042 8143 8043
f 8043 8143 8144
f 8043 8144 8044
f 8044 8144 8145
f 8044 8145 8045
f 8045 8145 8146
f 8045 8146 8046
f 8046 8146 8147
f 8046 8147 8047
f 8047 8147 8148
f 8047 8148 8048
f 8048 8148 8149
f 8048 8149 8049
f 8049 8149 8150
f 8049 8150 8050
f 8050 8150 8151
f 8050 8151 8051
f 8051 8151 8152
f 8051 8152 8052
f 8052 8152 8153
f 8052 8153 8053
f 8053 8153 8154
f 8053 8154 8054
f 8054 8154 8155
f 8054 8155 8055
f 8055 8155 8156
f 8055 8156 8056
f 8056 8156 8157
f 8056 8157 8057
f 8057 8157 8158
f 8057 8158 8058
f 8058 8158 8159
f 8058 8159 8059
f 8059 8159 8160
f 8059 8160 8060
f 8060 8160 8161
f 8060 8161 8061
f 8061 8161 8162
f 8061 8162 8062
f 8062 8162 8163
f 8062 8163 8063
f 8063 8163 8164
f 8063 8164 8064
f 8064 8164 8165
f 8064 8165 8065
f 8065 8165 8166
f 8065 8166 8066
f 8066 8166 8167
f 8066 8167 8067
f 8067 8167 8168
f 8067 8168 8068
f 8068 8168 8169
f 8068 8169 8069
f 8069 8169 8170
f 8069 8170 8070
f 8070 8170 8171
f 8070 8171 8071
f 8071 8171 8172
f 8071 8172 8072
f 8072 8172 8173
f 8072 8173 8073
f 8073 8173 8174
f 8073 8174 8074
f 8074 8174 8175
f 8074 8175 8075
f 8075 8175 8176
f 8075 8176 8076
f 8076 8176 8177
f 8076 8177 8077
f 8077 8177 8178
f 8077 8178 8078
f 8078 8178 8179
f 8078 8179 8079
f 8079 8179 8180
f 8079 8180 8080
f 8080 8180 8181
f 8080 8181 8081
f 8081 8181 8182
f 8081 8182 8082
f 8082 8182 8183
f 8082 8183 8083
f 8083 8183 8184
f 8083 8184 8084
f 8084 8184 8185
f 8084 8185 8085
f 8085 8185 8186
f 8085 8186 8086
f 8086 8186 8187
f 8086 8187 8087
f 8087 8187 8188
f 8087 8188 8088
f 8088 8188 8189
f 8088 8189 8089
f 8089 8189 8190
f 8089 8190 8090
f 8090 8190 8191
f 8090 8191 8091
f 8091 8191 8192
f 8091 8192 8092
f 8092 8192 8193
f 8092 8193 8093
f 8093 8193 8194
f 8093 8194 8094
f 8094 8194 8195
f 8094 8195 8095
f 8095 8195 8196
f 8095 8196 8096
f 8096 8196 8197
f 8096 8197 8097
f 8097 8197 8198
f 8097 8198 8098
f 8098 8198 8199
f 8098 8199 8099
f 8099 8199 8200
f 8099 8200 8100
f 8100 8200 8101
f 8100 8101 8001
f 8101 8201 8202
f 8101 8202 8102
f 8102 8202 8203
f 8102 8203 8103
f 8103 8203 8204
f 8103 8204 8104
f 8104 8204 8205
f 8104 8205 8105
f 8105 8205 8206
f 8105 8206 8106
f 8106 8206 8207
f 8106 8207 8107
f 8107 8207 8208
f 8107 8208 8108
f 8108 8208 8209
f 8108 8209 8109
f 8109 8209 8210
f 8109 8210 8110
f 8110 8210 8211
f 8110 8211 8111
f 8111 8211 8212
f 8111 8212 8112
f 8112 8212 8213
f 8112 8213 8113
f 8113 8213 8214
f 8113 8214 8114
f 8114 8214 8215
f 8114 8215 8115
f 8115 8215 8216
f 8115 8216 8116
f 8116 8216 8217
f 8116 8217 8117
f 8117 8217 8218
f 8117 8218 8118
f 8118 8218 8219
f 8118 8219 8119
f 8119 8219 8220
f 8119 8220 8120
f 8120 8220 8221
f 8120 8221 8121
f 8121 8221 8222
f 8121 8222 8122
f 8122 8222 8223
f 8122 8223 8123
f 8123 8223 8224
f 8123 8224 8124
f 8124 8224 8225
f 8124 8225 8125
f 8125 8225 8226
f 8125 8226 8126
f 8126 8226 8227
f 8126 8227 8127
f 8127 8227 8228
f 8127 8228 8128
f 8128 8228 8229
f 8128 8229 8129
f 8129 8229 8230
f 8129 8230 8130
f 8130 8230 8231
f 8130 8231 8131
f 8131 8231 8232
f 8131 8232 8132
f 8132 8232 8233
f 8132 8233 8133
f 8133 8233 8234
f 8133 8234 8134
f 8134 8234 8235
f 8134 8235 8135
f 8135 8235 8236
f 8135 8236 8136
f 8136 8236 8237
f 8136 8237 8137
f 8137 8237 8238
f 8137 8238 8138
f 8138 8238 8239
f 8138 8239 8139
f 8139 8239 8240
f 8139 8240 8140
f 8140 8240 8241
f 8140 8241 8141
f 8141 8241 8242
f 8141 8242 8142
f 8142 8242 8243
f 8142 8243 8143
f 8143 8243 8244
f 8143 8244 8144
f 8144 8244 8245
f 8144 8245 8145
f 8145 8245 8246
f 8145 8246 8146
f 8146 8246 8247
f 8146 8247 8147
f 8147 8247 8248
f 8147 8248 8148
f 8148 8248 8249
f 8148 8249 8149
f 8149 8249 8250
f 8149 8250 8150
f 8150 8250 8251
f 8150 8251 8151
f 8151 8251 8252
f 8151 8252 8152
f 8152 8252 8253
f 8152 8253 8153
f 8153 8253 8254
f 8153 8254 8154
f 8154 8254 8255
f 8154 8255 8155
f 8155 8255 8256
f 8155 8256 8156
f 8156 8256 8257
f 8156 8257 8157
f 8157 8257 8258
f 8157 8258 8158
f 8158 8258 8259
f 8158 8259 8159
f 8159 8259 8260
f 8159 8260 8160
f 8160 8260 8261
f 8160 8261 8161
f 8161 8261 8262
f 8161 8262 8162
f 8162 8262 8263
f 8162 8263 8163
f 8163 8263 8264
f 8163 8264 8164
f 8164 8264 8265
f 8164 8265 8165
f 8165 8265 8266
f 8165 8266 8166
f 8166 8266 8267
f 8166 8267 8167
f 8167 8267 8268
f 8167 8268 8168
f 8168 8268 8269
f 8168 8269 8169
f 8169 8269 8270
f 8169 8270 8170
f 8170 8270 8271
f 8170 8271 8171
f 8171 8271 8272
f 8171 8272 8172
f 8172 8272 8273
f 8172 8273 8173
f 8173 8273 8274
f 8173 8274 8174
f 8174 8274 8275
f 8174 8275 8175
f 8175 8275 8276
f 8175 8276 8176
f 8176 8276 8277
f 8176 8277 8177
f 8177 8277 8278
f 8177 8278 8178
f 8178 8278 8279
f 8178 8279 8179
f 8179 8279 8280
f 8179 8280 8180
f 8180 8280 8281
f 8180 8281 8181
f 8181 8281 8282
f 8181 8282 8182
f 8182 8282 8283
f 8182 8283 8183
f 8183 8283 8284
f 8183 8284 8184
f 8184 8284 8285
f 8184 8285 8185
f 8185 8285 8286
f 8185 8286 8186
f 8186 8286 8287
f 8186 8287 8187
f 8187 8287 8288
f 8187 8288 8188
f 8188 8288 8289
f 8188 8289 8189
f 8189 8289 8290
f 8189 8290 8190
f 8190 8290 8291
f 8190 8291 8191
f 8191 8291 8292
f 8191 8292 8192
f 8192 8292 8293
f 8192 8293 8193
f 8193 8293 8294
f 8193 8294 8194
f 8194 8294 8295
f 8194 8295 8195
f 8195 8295 8296
f 8195 8296 8196
f 8196 8296 8297
f 8196 8297 8197
f 8197 8297 8298
f 8197 8298 8198
f 8198 8298 8299
f 8198 8299 8199
f 8199 8299 8300
f 8199 8300 8200
f 8200 8300 8201
f 8200 8201 8101
f 8201 8301 8302
f 8201 8302 8202
f 8202 8302 8303
f 8202 8303 8203
f 8203 8303 8304
f 8203 8304 8204
f 8204 8304 8305
f 8204 8305 8205
f 8205 8305 8306
f 8205 8306 8206
f 8206 8306 8307
f 8206 8307 8207
f 8207 8307 8308
f 8207 8308 8208
f 8208 8308 8309
f 8208 8309 8209
f 8209 8309 8310
f 8209 8310 8210
f 8210 8310 8311
f 8210 8311 8211
f 8211 8311 8312
f 8211 8312 8212
f 8212 8312 8313
f 8212 8313 8213
f 8213 8313 8314
f 8213 8314 8214
f 8214 8314 8315
f 8214 8315 8215
f 8215 8315 8316
f 8215 8316 8216
f 8216 8316 8317
f 8216 8317 8217
f 8217 8317 8318
f 8217 8318 8218
f 8218 8318 8319
f 8218 8319 8219
f 8219 8319 8320
f 8219 8320 8220
f 8220 8320 8321
f 8220 8321 8221
f 8221 8321 8322
f 8221 8322 8222
f 8222 8322 8323
f 8222 8323 8223
f 8223 8323 8324
f 8223 8324 8224
f 8224 8324 8325
f 8224 8325 8225
f 8225 8325 8326
f 8225 8326 8226
f 8226 8326 8327
f 8226 8327 8227
f 8227 8327 8328
f 8227 8328 8228
f 8228 8328 8329
f 8228 8329 8229
f 8229 8329 8330
f 8229 8330 8230
f 8230 8330 8331
f 8230 8331 8231
f 8231 8331 8332
f 8231 8332 8232
f 8232 8332 8333
f 8232 8333 8233
f 8233 8333 8334
f 8233 8334 8234
f 8234 8334 8335
f 8234 8335 8235
f 8235 8335 8336
f 8235 8336 8236
f 8236 8336 8337
f 8236 8337 8237
f 8237 8337 8338
f 8237 8338 8238
f 8238 8338 8339
f 8238 8339 8239
f 8239 8339 8340
f 8239 8340 8240
f 8240 8340 8341
f 8240 8341 8241
f 8241 8341 8342
f 8241 8342 8242
f 8242 8342 8343
f 8242 8343 8243
f 8243 8343 8344
f 8243 8344 8244
f 8244 8344 8345
f 8244 8345 8245
f 8245 8345 8346
f 8245 8346 8246
f 8246 8346 8347
f 8246 8347 8247
f 8247 8347 8348
f 8247 8348 8248
f 8248 8348 8349
f 8248 8349 8249
f 8249 8349 8350
f 8249 8350 8250
f 8250 8350 8351
f 8250 8351 8251
f 8251 8351 8352
f 8251 8352 8252
f 8252 8352 8353
f 8252 8353 8253
f 8253 8353 8354
f 8253 8354 8254
f 8254 8354 8355
f 8254 8355 8255
f 8255 8355 8356
f 8255 8356 8256
f 8256 8356 8357
f 8256 8357 8257
f 8257 8357 8358
f 8257 8358 8258
f 8258 8358 8359
f 8258 8359 8259
f 8259 8359 8360
f 8259 8360 8260
f 8260 8360 8361
f 8260 8361 8261
f 8261 8361 8362
f 8261 8362 8262
f 8262 8362 8363
f 8262 8363 8263
f 8263 8363 8364
f 8263 8364 8264
f 8264 8364 8365
f 8264 8365 8265
f 8265 8365 8366
f 8265 8366 8266
f 8266 8366 8367
f 8266 8367 8267
f 8267 8367 8368
f 8267 8368 8268
f 8268 8368 8369
f 8268 8369 8269
f 8269 8369 8370
f 8269 8370 8270
f 8270 8370 8371
f 8270 8371 8271
f 8271 8371 8372
f 8271 8372 8272
f 8272 8372 8373
f 8272 8373 8273
f 8273 8373 8374
f 8273 8374 8274
f 8274 8374 8375
f 8274 8375 8275
f 8275 8375 8376
f 8275 8376 8276
f 8276 8376 8377
f 8276 8377 8277
f 8277 8377 8378
f 8277 8378 8278
f 8278 8378 8379
f 8278 8379 8279
f 8279 8379 8380
f 8279 8380 8280
f 8280 8380 8381
f 8280 8381 8281
f 8281 8381 8382
f 8281 8382 8282
f 8282 8382 8383
f 8282 8383 8283
f 8283 8383 8384
f 8283 8384 8284
f 8284 8384 8385
f 8284 8385 8285
f 8285 8385 8386
f 8285 8386 8286
f 8286 8386 8387
f 8286 8387 8287
f 8287 8387 8388
f 8287 8388 8288
f 8288 8388 8389
f 8288 8389 8289
f 8289 8389 8390
f 8289 8390 8290
f 8290 8390 8391
f 8290 8391 8291
f 8291 8391 8392
f 8291 8392 8292
f 8292 8392 8393
f 8292 8393 8293
f 8293 8393 8394
f 8293 8394 8294
f 8294 8394 8395
f 8294 8395 8295
f 8295 8395 8396
f 8295 8396 8296
f 8296 8396 8397
f 8296 8397 8297
f 8297 8397 8398
f 8297 8398 8298
f 8298 8398 8399
f 8298 8399 8299
f 8299 8399 8400
f 8299 8400 8300
f 8300 8400 8301
f 8300 8301 8201
f 8301 8401 8402
f 8301 8402 8302
f 8302 8402 8403
f 8302 8403 8303
f 8303 8403 8404
f 8303 8404 8304
f 8304 8404 8405
f 8304 8405 8305
f 8305 8405 8406
f 8305 8406 8306
f 8306 8406 8407
f 8306 8407 8307
f 8307 8407 8408
f 8307 8408 8308
f 8308 8408 8409
f 8308 8409 8309
f 8309 8409 8410
f 8309 8410 8310
f 8310 8410 8411
f 8310 8411 8311
f 8311 8411 8412
f 8311 8412 8312
f 8312 8412 8413
f 8312 8413 8313
f 8313 8413 8414
f 8313 8414 8314
f 8314 8414 8415
f 8314 8415 8315
f 8315 8415 8416
f 8315 8416 8316
f 8316 8416 8417
f 8316 8417 8317
f 8317 8417 8418
f 8317 8418 8318
f 8318 8418 8419
f 8318 8419 8319
f 8319 8419 8420
f 8319 8420 8320
f 8320 8420 8421
f 8320 8421 8321
f 8321 8421 8422
f 8321 8422 8322
f 8322 8422 8423
f 8322 8423 8323
f 8323 8423 8424
f 8323 8424 8324
f 8324 8424 8425
f 8324 8425 8325
f 8325 8425 8426
f 8325 8426 8326
f 8326 8426 8427
f 8326 8427 8327
f 8327 8427 8428
f 8327 8428 8328
f 8328 8428 8429
f 8328 8429 8329
f 8329 8429 8430
f 8329 8430 8330
f 8330 8430 8431
f 8330 8431 8331
f 8331 8431 8432
f 8331 8432 8332
f 8332 8432 8433
f 8332 8433 8333
f 8333 8433 8434
f 8333 8434 8334
f 8334 8434 8435
f 8334 8435 8335
f 8335 8435 8436
f 8335 8436 8336
f 8336 8436 8437
f 8336 8437 8337
f 8337 8437 8438
f 8337 8438 8338
f 8338 8438 8439
f 8338 8439 8339
f 8339 8439 8440
f 8339 8440 8340
f 8340 8440 8441
f 8340 8441 8341
f 8341 8441 8442
f 8341 8442 8342
f 8342 8442 8443
f 8342 8443 8343
f 8343 8443 8444
f 8343 8444 8344
f 8344 8444 8445
f 8344 8445 8345
f 8345 8445 8446
f 8345 8446 8346
f 8346 8446 8447
f 8346 8447 8347
f 8347 8447 8448
f 8347 8448 8348
f 8348 8448 8449
f 8348 8449 8349
f 8349 8449 8450
f 8349 8450 8350
f 8350 8450 8451
f 8350 8451 8351
f 8351 8451 8452
f 8351 8452 8352
f 8352 8452 8453
f 8352 8453 8353
f 8353 8453 8454
f 8353 8454 8354
f 8354 8454 8455
f 8354 8455 8355
f 8355 8455 8456
f 8355 8456 8356
f 8356 8456 8457
f 8356 8457 8357
f 8357 8457 8458
f 8357 8458 8358
f 8358 8458 8459
f 8358 8459 8359
f 8359 8459 8460
f 8359 8460 8360
f 8360 8460 8461
f 8360 8461 8361
f 8361 8461 8462
f 8361 8462 8362
f 8362 8462 8463
f 8362 8463 8363
f 8363 8463 8464
f 8363 8464 8364
f 8364 8464 8465
f 8364 8465 8365
f 8365 8465 8466
f 8365 8466 8366
f 8366 8466 8467
f 8366 8467 8367
f 8367 8467 8468
f 8367 8468 8368
f 8368 8468 8469
f 8368 8469 8369
f 8369 8469 8470
f 8369 8470 8370
f 8370 8470 8471
f 8370 8471 8371
f 8371 8471 8472
f 8371 8472 8372
f 8372 8472 8473
f 8372 8473 8373
f 8373 8473 8474
f 8373 8474 8374
f 8374 8474 8475
f 8374 8475 8375
f 8375 8475 8476
f 8375 8476 8376
f 8376 8476 8477
f 8376 8477 8377
f 8377 8477 8478
f 8377 8478 8378
f 8378 8478 8479
f 8378 8479 8379
f 8379 8479 8480
f 8379 8480 8380
f 8380 8480 8481
f 8380 8481 8381
f 8381 8481 8482
f 8381 8482 8382
f 8382 8482 8483
f 8382 8483 8383
f 8383 8483 8484
f 8383 8484 8384
f 8384 8484 8485
f 8384 8485 8385
f 8385 8485 8486
f 8385 8486 8386
f 8386 8486 8487
f 8386 8487 8387
f 8387 8487 8488
f 8387 8488 8388
f 8388 8488 8489
f 8388 8489 8389
f 8389 8489 8490
f 8389 8490 8390
f 8390 8490 8491
f 8390 8491 8391
f 8391 8491 8492
f 8391 8492 8392
f 8392 8492 8493
f 8392 8493 8393
f 8393 8493 8494
f 8393 8494 8394
f 8394 8494 8495
f 8394 8495 8395
f 8395 8495 8496
f 8395 8496 8396
f 8396 8496 8497
f 8396 8497 8397
f 8397 8497 8498
f 8397 8498 8398
f 8398 8498 8499
f 8398 8499 8399
f 8399 8499 8500
f 8399 8500 8400
f 8400 8500 8401
f 8400 8401 8301
f 8401 8501 8502
f 8401 8502 8402
f 8402 8502 8503
f 8402 8503 8403
f 8403 8503 8504
f 8403 8504 8404
f 8404 8504 8505
f 8404 8505 8405
f 8405 8505 8506
f 8405 8506 8406
f 8406 8506 8507
f 8406 8507 8407
f 8407 8507 8508
f 8407 8508 8408
f 8408 8508 8509
f 8408 8509 8409
f 8409 8509 8510
f 8409 8510 8410
f 8410 8510 8511
f 8410 8511 8411
f 8411 8511 8512
f 8411 8512 8412
f 8412 8512 8513
f 8412 8513 8413
f 8413 8513 8514
f 8413 8514 8414
f 8414 8514 8515
f 8414 8515 8415
f 8415 8515 8516
f 8415 8516 8416
f 8416 8516 8517
f 8416 8517 8417
f 8417 8517 8518
f 8417 8518 8418
f 8418 8518 8519
f 8418 8519 8419
f 8419 8519 8520
f 8419 8520 8420
f 8420 8520 8521
f 8420 8521 8421
f 8421 8521 8522
f 8421 8522 8422
f 8422 8522 8523
f 8422 8523 8423
f 8423 8523 8524
f 8423 8524 8424
f 8424 8524 8525
f 8424 8525 8425
f 8425 8525 8526
f 8425 8526 8426
f 8426 8526 8527
f 8426 8527 8427
f 8427 8527 8528
f 8427 8528 8428
f 8428 8528 8529
f 8428 8529 8429
f 8429 8529 8530
f 8429 8530 8430
f 8430 8530 8531
f 8430 8531 8431
f 8431 8531 8532
f 8431 8532 8432
f 8432 8532 8533
f 8432 8533 8433
f 8433 8533 8534
f 8433 8534 8434
f 8434 8534 8535
f 8434 8535 8435
f 8435 8535 8536
f 8435 8536 8436
f 8436 8536 8537
f 8436 8537 8437
f 8437 8537 8538
f 8437 8538 8438
f 8438 8538 8539
f 8438 8539 8439
f 8439 8539 8540
f 8439 8540 8440
f 8440 8540 8541
f 8440 8541 8441
f 8441 8541 8542
f 8441 8542 8442
f 8442 8542 8543
f 8442 8543 8443
f 8443 8543 8544
f 8443 8544 8444
f 8444 8544 8545
f 8444 8545 8445
f 8445 8545 8546
f 8445 8546 8446
f 8446 8546 8547
f 8446 8547 8447
f 8447 8547 8548
f 8447 8548 8448
f 8448 8548 8549
f 8448 8549 8449
f 8449 8549 8550
f 8449 8550 8450
f 8450 8550 8551
f 8450 8551 8451
f 8451 8551 8552
f 8451 8552 8452
f 8452 8552 8553
f 8452 8553 8453
f 8453 8553 8554
f 8453 8554 8454
f 8454 8554 8555
f 8454 8555 8455
f 8455 8555 8556
f 8455 8556 8456
f 8456 8556 8557
f 8456 8557 8457
f 8457 8557 8558
f 8457 8558 8458
f 8458 8558 8559
f 8458 8559 8459
f 8459 8559 8560
f 8459 8560 8460
f 8460 8560 8561
f 8460 8561 8461
f 8461 8561 8562
f 8461 8562 8462
f 8462 8562 8563
f 8462 8563 8463
f 8463 8563 8564
f 8463 8564 8464
f 8464 8564 8565
f 8464 8565 8465
f 8465 8565 8566
f 8465 8566 8466
f 8466 8566 8567
f 8466 8567 8467
f 8467 8567 8568
f 8467 8568 8468
f 8468 8568 8569
f 8468 8569 8469
f 8469 8569 8570
f 8469 8570 8470
f 8470 8570 8571
f 8470 8571 8471
f 8471 8571 8572
f 8471 8572 8472
f 8472 8572 8573
f 8472 8573 8473
f 8473 8573 8574
f 8473 8574 8474
f 8474 8574 8575
f 8474 8575 8475
f 8475 8575 8576
f 8475 8576 8476
f 8476 8576 8577
f 8476 8577 8477
f 8477 8577 8578
f 8477 8578 8478
f 8478 8578 8579
f 8478 8579 8479
f 8479 8579 8580
f 8479 8580 8480
f 8480 8580 8581
f 8480 8581 8481
f 8481 8581 8582
f 8481 8582 8482
f 8482 8582 8583
f 8482 8583 8483
f 8483 8583 8584
f 8483 8584 8484
f 8484 8584 8585
f 8484 8585 8485
f 8485 8585 8586
f 8485 8586 8486
f 8486 8586 8587
f 8486 8587 8487
f 8487 8587 8588
f 8487 8588 8488
f 8488 8588 8589
f 8488 8589 8489
f 8489 8589 8590
f 8489 8590 8490
f 8490 8590 8591
f 8490 8591 8491
f 8491 8591 8592
f 8491 8592 8492
f 8492 8592 8593
f 8492 8593 8493
f 8493 8593 8594
f 8493 8594 8494
f 8494 8594 8595
f 8494 8595 8495
f 8495 8595 8596
f 8495 8596 8496
f 8496 8596 8597
f 8496 8597 8497
f 8497 8597 8598
f 8497 8598 8498
f 8498 8598 8599
f 8498 8599 8499
f 8499 8599 8600
f 8499 8600 8500
f 8500 8600 8501
f 8500 8501 8401
f 8501 8601 8602
f 8501 8602 8502
f 8502 8602 8603
f 8502 8603 8503
f 8503 8603 8604
f 8503 8604 8504
f 8504 8604 8605
f 8504 8605 8505
f 8505 8605 8606
f 8505 8606 8506
f 8506 8606 8607
f 8506 8607 8507
f 8507 8607 8608
f 8507 8608 8508
f 8508 8608 8609
f 8508 8609 8509
f 8509 8609 8610
f 8509 8610 8510
f 8510 8610 8611
f 8510 8611 8511
f 8511 8611 8612
f 8511 8612 8512
f 8512 8612 8613
f 8512 8613 8513
f 8513 8613 8614
f 8513 8614 8514
f 8514 8614 8615
f 8514 8615 8515
f 8515 8615 8616
f 8515 8616 8516
f 8516 8616 8617
f 8516 8617 8517
f 8517 8617 8618
f 8517 8618 8518
f 8518 8618 8619
f 8518 8619 8519
f 8519 8619 8620
f 8519 8620 8520
f 8520 8620 8621
f 8520 8621 8521
f 8521 8621 8622
f 8521 8622 8522
f 8522 8622 8623
f 8522 8623 8523
f 8523 8623 8624
f 8523 8624 8524
f 8524 8624 8625
f 8524 8625 8525
f 8525 8625 8626
f 8525 8626 8526
f 8526 8626 8627
f 8526 8627 8527
f 8527 8627 8628
f 8527 8628 8528
f 8528 8628 8629
f 8528 8629 8529
f 8529 8629 8630
f 8529 8630 8530
f 8530 8630 8631
f 8530 8631 8531
f 8531 8631 8632
f 8531 8632 8532
f 8532 8632 8633
f 8532 8633 8533
f 8533 8633 8634
f 8533 8634 8534
f 8534 8634 8635
f 8534 8635 8535
f 8535 8635 8636
f 8535 8636 8536
f 8536 8636 8637
f 8536 8637 8537
f 8537 8637 8638
f 8537 8638 8538
f 8538 8638 8639
f 8538 8639 8539
f 8539 8639 8640
f 8539 8640 8540
f 8540 8640 8641
f 8540 8641 8541
f 8541 8641 8642
f 8541 8642 8542
f 8542 8642 8643
f 8542 8643 8543
f 8543 8643 8644
f 8543 8644 8544
f 8544 8644 8645
f 8544 8645 8545
f 8545 8645 8646
f 8545 8646 8546
f 8546 8646 8647
f 8546 8647 8547
f 8547 8647 8648
f 8547 8648 8548
f 8548 8648 8649
f 8548 8649 8549
f 8549 8649 8650
f 8549 8650 8550
f 8550 8650 8651
f 8550 8651 8551
f 8551 8651 8652
f 8551 8652 8552
f 8552 8652 8653
f 8552 8653 8553
f 8553 8653 8654
f 8553 8654 8554
f 8554 8654 8655
f 8554 8655 8555
f 8555 8655 8656
f 8555 8656 8556
f 8556 8656 8657
f 8556 8657 8557
f 8557 8657 8658
f 8557 8658 8558
f 8558 8658 8659
f 8558 8659 8559
f 8559 8659 8660
f 8559 8660 8560
f 8560 8660 8661
f 8560 8661 8561
f 8561 8661 8662
f 8561 8662 8562
f 8562 8662 8663
f 8562 8663 8563
f 8563 8663 8664
f 8563 8664 8564
f 8564 8664 8665
f 8564 8665 8565
f 8565 8665 8666
f 8565 8666 8566
f 8566 8666 8667
f 8566 8667 8567
f 8567 8667 8668
f 8567 8668 8568
f 8568 8668 8669
f 8568 8669 8569
f 8569 8669 8670
f 8569 8670 8570
f 8570 8670 8671
f 8570 8671 8571
f 8571 8671 8672
f 8571 8672 8572
f 8572 8672 8673
f 8572 8673 8573
f 8573 8673 8674
f 8573 8674 8574
f 8574 8674 8675
f 8574 8675 8575
f 8575 8675 8676
f 8575 8676 8576
f 8576 8676 8677
f 8576 8677 8577
f 8577 8677 8678
f 8577 8678 8578
f 8578 8678 8679
f 8578 8679 8579
f 8579 8679 8680
f 8579 8680 8580
f 8580 8680 8681
f 8580 8681 8581
f 8581 8681 8682
f 8581 8682 8582
f 8582 8682 8683
f 8582 8683 8583
f 8583 8683 8684
f 8583 8684 8584
f 8584 8684 8685
f 8584 8685 8585
f 8585 8685 8686
f 8585 8686 8586
f 8586 8686 8687
f 8586 8687 8587
f 8587 8687 8688
f 8587 8688 8588
f 8588 8688 8689
f 8588 8689 8589
f 8589 8689 8690
f 8589 8690 8590
f 8590 8690 8691
f 8590 8691 8591
f 8591 8691 8692
f 8591 8692 8592
f 8592 8692 8693
f 8592 8693 8593
f 8593 8693 8694
f 8593 8694 8594
f 8594 8694 8695
f 8594 8695 8595
f 8595 8695 8696
f 8595 8696 8596
f 8596 8696 8697
f 8596 8697 8597
f 8597 8697 8698
f 8597 8698 8598
f 8598 8698 8699
f 8598 8699 8599
f 8599 8699 8700
f 8599 8700 8600
f 8600 8700 8601
f 8600 8601 8501
f 8601 8701 8702
f 8601 8702 8602
f 8602 8702 8703
f 8602 8703 8603
f 8603 8703 8704
f 8603 8704 8604
f 8604 8704 8705
f 8604 8705 8605
f 8605 8705 8706
f 8605 8706 8606
f 8606 8706 8707
f 8606 8707 8607
f 8607 8707 8708
f 8607 8708 8608
f 8608 8708 8709
f 8608 8709 8609
f 8609 8709 8710
f 8609 8710 8610
f 8610 8710 8711
f 8610 8711 8611
f 8611 8711 8712
f 8611 8712 8612
f 8612 8712 8713
f 8612 8713 8613
f 8613 8713 8714
f 8613 8714 8614
f 8614 8714 8715
f 8614 8715 8615
f 8615 8715 8716
f 8615 8716 8616
f 8616 8716 8717
f 8616 8717 8617
f 8617 8717 8718
f 8617 8718 8618
f 8618 8718 8719
f 8618 8719 8619
f 8619 8719 8720
f 8619 8720 8620
f 8620 8720 8721
f 8620 8721 8621
f 8621 8721 8722
f 8621 8722 8622
f 8622 8722 8723
f 8622 8723 8623
f 8623 8723 8724
f 8623 8724 8624
f 8624 8724 8725
f 8624 8725 8625
f 8625 8725 8726
f 8625 8726 8626
f 8626 8726 8727
f 8626 8727 8627
f 8627 8727 8728
f 8627 8728 8628
f 8628 8728 8729
f 8628 8729 8629
f 8629 8729 8730
f 8629 8730 8630
f 8630 8730 8731
f 8630 8731 8631
f 8631 8731 8732
f 8631 8732 8632
f 8632 8732 8733
f 8632 8733 8633
f 8633 8733 8734
f 8633 8734 8634
f 8634 8734 8735
f 8634 8735 8635
f 8635 8735 8736
f 8635 8736 8636
f 8636 8736 8737
f 8636 8737 8637
f 8637 8737 8738
f 8637 8738 8638
f 8638 8738 8739
f 8638 8739 8639
f 8639 8739 8740
f 8639 8740 8640
f 8640 8740 8741
f 8640 8741 8641
f 8641 8741 8742
f 8641 8742 8642
f 8642 8742 8743
f 8642 8743 8643
f 8643 8743 8744
f 8643 8744 8644
f 8644 8744 8745
f 8644 8745 8645
f 8645 8745 8746
f 8645 8746 8646
f 8646 8746 8747
f 8646 8747 8647
f 8647 8747 8748
f 8647 8748 8648
f 8648 8748 8749
f 8648 8749 8649
f 8649 8749 8750
f 8649 8750 8650
f 8650 8750 8751
f 8650 8751 8651
f 8651 8751 8752
f 8651 8752 8652
f 8652 8752 8753
f 8652 8753 8653
f 8653 8753 8754
f 8653 8754 8654
f 8654 8754 8755
f 8654 8755 8655
f 8655 8755 8756
f 8655 8756 8656
f 8656 8756 8757
f 8656 8757 8657
f 8657 8757 8758
f 8657 8758 8658
f 8658 8758 8759
f 8658 8759 8659
f 8659 8759 8760
f 8659 8760 8660
f 8660 8760 8761
f 8660 8761 8661
f 8661 8761 8762
f 8661 8762 8662
f 8662 8762 8763
f 8662 8763 8663
f 8663 8763 8764
f 8663 8764 8664
f 8664 8764 8765
f 8664 8765 8665
f 8665 8765 8766
f 8665 8766 8666
f 8666 8766 8767
f 8666 8767 8667
f 8667 8767 8768
f 8667 8768 8668
f 8668 8768 8769
f 8668 8769 8669
f 8669 8769 8770
f 8669 8770 8670
f 8670 8770 8771
f 8670 8771 8671
f 8671 8771 8772
f 8671 8772 8672
f 8672 8772 8773
f 8672 8773 8673
f 8673 8773 8774
f 8673 8774 8674
f 8674 8774 8775
f 8674 8775 8675
f 8675 8775 8776
f 8675 8776 8676
f 8676 8776 8777
f 8676 8777 8677
f 8677 8777 8778
f 8677 8778 8678
f 8678 8778 8779
f 8678 8779 8679
f 8679 8779 8780
f 8679 8780 8680
f 8680 8780 8781
f 8680 8781 8681
f 8681 8781 8782
f 8681 8782 8682
f 8682 8782 8783
f 8682 8783 8683
f 8683 8783 8784
f 8683 8784 8684
f 8684 8784 8785
f 8684 8785 8685
f 8685 8785 8786
f 8685 8786 8686
f 8686 8786 8787
f 8686 8787 8687
f 8687 8787 8788
f 8687 8788 8688
f 8688 8788 8789
f 8688 8789 8689
f 8689 8789 8790
f 8689 8790 8690
f 8690 8790 8791
f 8690 8791 8691
f 8691 8791 8792
f 8691 8792 8692
f 8692 8792 8793
f 8692 8793 8693
f 8693 8793 8794
f 8693 8794 8694
f 8694 8794 8795
f 8694 8795 8695
f 8695 8795 8796
f 8695 8796 8696
f 8696 8796 8797
f 8696 8797 8697
f 8697 8797 8798
f 8697 8798 8698
f 8698 8798 8799
f 8698 8799 8699
f 8699 8799 8800
f 8699 8800 8700
f 8700 8800 8701
f 8700 8701 8601
f 8701 8801 8802
f 8701 8802 8702
f 8702 8802 8803
f 8702 8803 8703
f 8703 8803 8804
f 8703 8804 8704
f 8704 8804 8805
f 8704 8805 8705
f 8705 8805 8806
f 8705 8806 8706
f 8706 8806 8807
f 8706 8807 8707
f 8707 8807 8808
f 8707 8808 8708
f 8708 8808 8809
f 8708 8809 8709
f 8709 8809 8810
f 8709 8810 8710
f 8710 8810 8811
f 8710 8811 8711
f 8711 8811 8812
f 8711 8812 8712
f 8712 8812 8813
f 8712 8813 8713
f 8713 8813 8814
f 8713 8814 8714
f 8714 8814 8815
f 8714 8815 8715
f 8715 8815 8816
f 8715 8816 8716
f 8716 8816 8817
f 8716 8817 8717
f 8717 8817 8818
f 8717 8818 8718
f 8718 8818 8819
f 8718 8819 8719
f 8719 8819 8820
f 8719 8820 8720
f 8720 8820 8821
f 8720 8821 8721
f 8721 8821 8822
f 8721 8822 8722
f 8722 8822 8823
f 8722 8823 8723
f 8723 8823 8824
f 8723 8824 8724
f 8724 8824 8825
f 8724 8825 8725
f 8725 8825 8826
f 8725 8826 8726
f 8726 8826 8827
f 8726 8827 8727
f 8727 8827 8828
f 8727 8828 8728
f 8728 8828 8829
f 8728 8829 8729
f 8729 8829 8830
f 8729 8830 8730
f 8730 8830 8831
f 8730 8831 8731
f 8731 8831 8832
f 8731 8832 8732
f 8732 8832 8833
f 8732 8833 8733
f 8733 8833 8834
f 8733 8834 8734
f 8734 8834 8835
f 8734 8835 8735
f 8735 8835 8836
f 8735 8836 8736
f 8736 8836 8837
f 8736 8837 8737
f 8737 8837 8838
f 8737 8838 8738
f 8738 8838 8839
f 8738 8839 8739
f 8739 8839 8840
f 8739 8840 8740
f 8740 8840 8841
f 8740 8841 8741
f 8741 8841 8842
f 8741 8842 8742
f 8742 8842 8843
f 8742 8843 8743
f 8743 8843 8844
f 8743 8844 8744
f 8744 8844 8845
f 8744 8845 8745
f 8745 8845 8846
f 8745 8846 8746
f 8746 8846 8847
f 8746 8847 8747
f 8747 8847 8848
f 8747 8848 8748
f 8748 8848 8849
f 8748 8849 8749
f 8749 8849 8850
f 8749 8850 8750
f 8750 8850 8851
f 8750 8851 8751
f 8751 8851 8852
f 8751 8852 8752
f 8752 8852 8853
f 8752 8853 8753
f 8753 8853 8854
f 8753 8854 8754
f 8754 8854 8855
f 8754 8855 8755
f 8755 8855 8856
f 8755 8856 8756
f 8756 8856 8857
f 8756 8857 8757
f 8757 8857 8858
f 8757 8858 8758
f 8758 8858 8859
f 8758 8859 8759
f 8759 8859 8860
f 8759 8860 8760
f 8760 8860 8861
f 8760 8861 8761
f 8761 8861 8862
f 8761 8862 8762
f 8762 8862 8863
f 8762 8863 8763
f 8763 8863 8864
f 8763 8864 8764
f 8764 8864 8865
f 8764 8865 8765
f 8765 8865 8866
f 8765 8866 8766
f 8766 8866 8867
f 8766 8867 8767
f 8767 8867 8868
f 8767 8868 8768
f 8768 8868 8869
f 8768 8869 8769
f 8769 8869 8870
f 8769 8870 8770
f 8770 8870 8871
f 8770 8871 8771
f 8771 8871 8872
f 8771 8872 8772
f 8772 8872 8873
f 8772 8873 8773
f 8773 8873 8874
f 8773 8874 8774
f 8774 8874 8875
f 8774 8875 8775
f 8775 8875 8876
f 8775 8876 8776
f 8776 8876 8877
f 8776 8877 8777
f 8777 8877 8878
f 8777 8878 8778
f 8778 8878 8879
f 8778 8879 8779
f 8779 8879 8880
f 8779 8880 8780
f 8780 8880 8881
f 8780 8881 8781
f 8781 8881 8882
f 8781 8882 8782
f 8782 8882 8883
f 8782 8883 8783
f 8783 8883 8884
f 8783 8884 8784
f 8784 8884 8885
f 8784 8885 8785
f 8785 8885 8886
f 8785 8886 8786
f 8786 8886 8887
f 8786 8887 8787
f 8787 8887 8888
f 8787 8888 8788
f 8788 8888 8889
f 8788 8889 8789
f 8789 8889 8890
f 8789 8890 8790
f 8790 8890 8891
f 8790 8891 8791
f 8791 8891 8892
f 8791 8892 8792
f 8792 8892 8893
f 8792 8893 8793
f 8793 8893 8894
f 8793 8894 8794
f 8794 8894 8895
f 8794 8895 8795
f 8795 8895 8896
f 8795 8896 8796
f 8796 8896 8897
f 8796 8897 8797
f 8797 8897 8898
f 8797 8898 8798
f 8798 8898 8899
f 8798 8899 8799
f 8799 8899 8900
f 8799 8900 8800
f 8800 8900 8801
f 8800 8801 8701
f 8801 8901 8902
f 8801 8902 8802
f 8802 8902 8903
f 8802 8903 8803
f 8803 8903 8904
f 8803 8904 8804
f 8804 8904 8905
f 8804 8905 8805
f 8805 8905 8906
f 8805 8906 8806
f 8806 8906 8907
f 8806 8907 8807
f 8807 8907 8908
f 8807 8908 8808
f 8808 8908 8909
f 8808 8909 8809
f 8809 8909 8910
f 8809 8910 8810
f 8810 8910 8911
f 8810 8911 8811
f 8811 8911 8912
f 8811 8912 8812
f 8812 8912 8913
f 8812 8913 8813
f 8813 8913 8914
f 8813 8914 8814
f 8814 8914 8915
f 8814 8915 8815
f 8815 8915 8916
f 8815 8916 8816
f 8816 8916 8917
f 8816 8917 8817
f 8817 8917 8918
f 8817 8918 8818
f 8818 8918 8919
f 8818 8919 8819
f 8819 8919 8920
f 8819 8920 8820
f 8820 8920 8921
f 8820 8921 8821
f 8821 8921 8922
f 8821 8922 8822
f 8822 8922 8923
f 8822 8923 8823
f 8823 8923 8924
f 8823 8924 8824
f 8824 8924 8925
f 8824 8925 8825
f 8825 8925 8926
f 8825 8926 8826
f 8826 8926 8927
f 8826 8927 8827
f 8827 8927 8928
f 8827 8928 8828
f 8828 8928 8929
f 8828 8929 8829
f 8829 8929 8930
f 8829 8930 8830
f 8830 8930 8931
f 8830 8931 8831
f 8831 8931 8932
f 8831 8932 8832
f 8832 8932 8933
f 8832 8933 8833
f 8833 8933 8934
f 8833 8934 8834
f 8834 8934 8935
f 8834 8935 8835
f 8835 8935 8936
f 8835 8936 8836
f 8836 8936 8937
f 8836 8937 8837
f 8837 8937 8938
f 8837 8938 8838
f 8838 8938 8939
f 8838 8939 8839
f 8839 8939 8940
f 8839 8940 8840
f 8840 8940 8941
f 8840 8941 8841
f 8841 8941 8942
f 8841 8942 8842
f 8842 8942 8943
f 8842 8943 8843
f 8843 8943 8944
f 8843 8944 8844
f 8844 8944 8945
f 8844 8945 8845
f 8845 8945 8946
f 8845 8946 8846
f 8846 8946 8947
f 8846 8947 8847
f 8847 8947 8948
f 8847 8948 8848
f 8848 8948 8949
f 8848 8949 8849
f 8849 8949 8950
f 8849 8950 8850
f 8850 8950 8951
f 8850 8951 8851
f 8851 8951 8952
f 8851 8952 8852
f 8852 8952 8953
f 8852 8953 8853
f 8853 8953 8954
f 8853 8954 8854
f 8854 8954 8955
f 8854 8955 8855
f 8855 8955 8956
f 8855 8956 8856
f 8856 8956 8957
f 8856 8957 8857
f 8857 8957 8958
f 8857 8958 8858
f 8858 8958 8959
f 8858 8959 8859
f 8859 8959 8960
f 8859 8960 8860
f 8860 8960 8961
f 8860 8961 8861
f 8861 8961 8962
f 8861 8962 8862
f 8862 8962 8963
f 8862 8963 8863
f 8863 8963 8964
f 8863 8964 8864
f 8864 8964 8965
f 8864 8965 8865
f 8865 8965 8966
f 8865 8966 8866
f 8866 8966 8967
f 8866 8967 8867
f 8867 8967 8968
f 8867 8968 8868
f 8868 8968 8969
f 8868 8969 8869
f 8869 8969 8970
f 8869 8970 8870
f 8870 8970 8971
f 8870 8971 8871
f 8871 8971 8972
f 8871 8972 8872
f 8872 8972 8973
f 8872 8973 8873
f 8873 8973 8974
f 8873 8974 8874
f 8874 8974 8975
f 8874 8975 8875
f 8875 8975 8976
f 8875 8976 8876
f 8876 8976 8977
f 8876 8977 8877
f 8877 8977 8978
f 8877 8978 8878
f 8878 8978 8979
f 8878 8979 8879
f 8879 8979 8980
f 8879 8980 8880
f 8880 8980 8981
f 8880 8981 8881
f 8881 8981 8982
f 8881 8982 8882
f 8882 8982 8983
f 8882 8983 8883
f 8883 8983 8984
f 8883 8984 8884
f 8884 8984 8985
f 8884 8985 8885
f 8885 8985 8986
f 8885 8986 8886
f 8886 8986 8987
f 8886 8987 8887
f 8887 8987 8988
f 8887 8988 8888
f 8888 8988 8989
f 8888 8989 8889
f 8889 8989 8990
f 8889 8990 8890
f 8890 8990 8991
f 8890 8991 8891
f 8891 8991 8992
f 8891 8992 8892
f 8892 8992 8993
f 8892 8993 8893
f 8893 8993 8994
f 8893 8994 8894
f 8894 8994 8995
f 8894 8995 8895
f 8895 8995 8996
f 8895 8996 8896
f 8896 8996 8997
f 8896 8997 8897
f 8897 8997 8998
f 8897 8998 8898
f 8898 8998 8999
f 8898 8999 8899
f 8899 8999 9000
f 8899 9000 8900
f 8900 9000 8901
f 8900 8901 8801
f 8901 9001 9002
f 8901 9002 8902
f 8902 9002 9003
f 8902 9003 8903
f 8903 9003 9004
f 8903 9004 8904
f 8904 9004 9005
f 8904 9005 8905
f 8905 9005 9006
f 8905 9006 8906
f 8906 9006 9007
f 8906 9007 8907
f 8907 9007 9008
f 8907 9008 8908
f 8908 9008 9009
f 8908 9009 8909
f 8909 9009 9010
f 8909 9010 8910
f 8910 9010 9011
f 8910 9011 8911
f 8911 9011 9012
f 8911 9012 8912
f 8912 9012 9013
f 8912 9013 8913
f 8913 9013 9014
f 8913 9014 8914
f 8914 9014 9015
f 8914 9015 8915
f 8915 9015 9016
f 8915 9016 8916
f 8916 9016 9017
f 8916 9017 8917
f 8917 9017 9018
f 8917 9018 8918
f 8918 9018 9019
f 8918 9019 8919
f 8919 9019 9020
f 8919 9020 8920
f 8920 9020 9021
f 8920 9021 8921
f 8921 9021 9022
f 8921 9022 8922
f 8922 9022 9023
f 8922 9023 8923
f 8923 9023 9024
f 8923 9024 8924
f 8924 9024 9025
f 8924 9025 8925
f 8925 9025 9026
f 8925 9026 8926
f 8926 9026 9027
f 8926 9027 8927
f 8927 9027 9028
f 8927 9028 8928
f 8928 9028 9029
f 8928 9029 8929
f 8929 9029 9030
f 8929 9030 8930
f 8930 9030 9031
f 8930 9031 8931
f 8931 9031 9032
f 8931 9032 8932
f 8932 9032 9033
f 8932 9033 8933
f 8933 9033 9034
f 8933 9034 8934
f 8934 9034 9035
f 8934 9035 8935
f 8935 9035 9036
f 8935 9036 8936
f 8936 9036 9037
f 8936 9037 8937
f 8937 9037 9038
f 8937 9038 8938
f 8938 9038 9039
f 8938 9039 8939
f 8939 9039 9040
f 8939 9040 8940
f 8940 9040 9041
f 8940 9041 8941
f 8941 9041 9042
f 8941 9042 8942
f 8942 9042 9043
f 8942 9043 8943
f 8943 9043 9044
f 8943 9044 8944
f 8944 9044 9045
f 8944 9045 8945
f 8945 9045 9046
f 8945 9046 8946
f 8946 9046 9047
f 8946 9047 8947
f 8947 9047 9048
f 8947 9048 8948
f 8948 9048 9049
f 8948 9049 8949
f 8949 9049 9050
f 8949 9050 8950
f 8950 9050 9051
f 8950 9051 8951
f 8951 9051 9052
f 8951 9052 8952
f 8952 9052 9053
f 8952 9053 8953
f 8953 9053 9054
f 8953 9054 8954
f 8954 9054 9055
f 8954 9055 8955
f 8955 9055 9056
f 8955 9056 8956
f 8956 9056 9057
f 8956 9057 8957
f 8957 9057 9058
f 8957 9058 8958
f 8958 9058 9059
f 8958 9059 8959
f 8959 9059 9060
f 8959 9060 8960
f 8960 9060 9061
f 8960 9061 8961
f 8961 9061 9062
f 8961 9062 8962
f 8962 9062 9063
f 8962 9063 8963
f 8963 9063 9064
f 8963 9064 8964
f 8964 9064 9065
f 8964 9065 8965
f 8965 9065 9066
f 8965 9066 8966
f 8966 9066 9067
f 8966 9067 8967
f 8967 9067 9068
f 8967 9068 8968
f 8968 9068 9069
f 8968 9069 8969
f 8969 9069 9070
f 8969 9070 8970
f 8970 9070 9071
f 8970 9071 8971
f 8971 9071 9072
f 8971 9072 8972
f 8972 9072 9073
f 8972 9073 8973
f 8973 9073 9074
f 8973 9074 8974
f 8974 9074 9075
f 8974 9075 8975
f 8975 9075 9076
f 8975 9076 8976
f 8976 9076 9077
f 8976 9077 8977
f 8977 9077 9078
f 8977 9078 8978
f 8978 9078 9079
f 8978 9079 8979
f 8979 9079 9080
f 8979 9080 8980
f 8980 9080 9081
f 8980 9081 8981
f 8981 9081 9082
f 8981 9082 8982
f 8982 9082 9083
f 8982 9083 8983
f 8983 9083 9084
f 8983 9084 8984
f 8984 9084 9085
f 8984 9085 8985
f 8985 9085 9086
f 8985 9086 8986
f 8986 9086 9087
f 8986 9087 8987
f 8987 9087 9088
f 8987 9088 8988
f 8988 9088 9089
f 8988 9089 8989
f 8989 9089 9090
f 8989 9090 8990
f 8990 9090 9091
f 8990 9091 8991
f 8991 9091 9092
f 8991 9092 8992
f 8992 9092 9093
f 8992 9093 8993
f 8993 9093 9094
f 8993 9094 8994
f 8994 9094 9095
f 8994 9095 8995
f 8995 9095 9096
f 8995 9096 8996
f 8996 9096 9097
f 8996 9097 8997
f 8997 9097 9098
f 8997 9098 8998
f 8998 9098 9099
f 8998 9099 8999
f 8999 9099 9100
f 8999 9100 9000
f 9000 9100 9001
f 9000 9001 8901
f 9001 9101 9102
f 9001 9102 9002
f 9002 9102 9103
f 9002 9103 9003
f 9003 9103 9104
f 9003 9104 9004
f 9004 9104 9105
f 9004 9105 9005
f 9005 9105 9106
f 9005 9106 9006
f 9006 9106 9107
f 9006 9107 9007
f 9007 9107 9108
f 9007 9108 9008
f 9008 9108 9109
f 9008 9109 9009
f 9009 9109 9110
f 9009 9110 9010
f 9010 9110 9111
f 9010 9111 9011
f 9011 9111 9112
f 9011 9112 9012
f 9012 9112 9113
f 9012 9113 9013
f 9013 9113 9114
f 9013 9114 9014
f 9014 9114 9115
f 9014 9115 9015
f 9015 9115 9116
f 9015 9116 9016
f 9016 9116 9117
f 9016 9117 9017
f 9017 9117 9118
f 9017 9118 9018
f 9018 9118 9119
f 9018 9119 9019
f 9019 9119 9120
f 9019 9120 9020
f 9020 9120 9121
f 9020 9121 9021
f 9021 9121 9122
f 9021 9122 9022
f 9022 9122 9123
f 9022 9123 9023
f 9023 9123 9124
f 9023 9124 9024
f 9024 9124 9125
f 9024 9125 9025
f 9025 9125 9126
f 9025 9126 9026
f 9026 9126 9127
f 9026 9127 9027
f 9027 9127 9128
f 9027 9128 9028
f 9028 9128 9129
f 9028 9129 9029
f 9029 9129 9130
f 9029 9130 9030
f 9030 9130 9131
f 9030 9131 9031
f 9031 9131 9132
f 9031 9132 9032
f 9032 9132 9133
f 9032 9133 9033
f 9033 9133 9134
f 9033 9134 9034
f 9034 9134 9135
f 9034 9135 9035
f 9035 9135 9136
f 9035 9136 9036
f 9036 9136 9137
f 9036 9137 9037
f 9037 9137 9138
f 9037 9138 9038
f 9038 9138 9139
f 9038 9139 9039
f 9039 9139 9140
f 9039 9140 9040
f 9040 9140 9141
f 9040 9141 9041
f 9041 9141 9142
f 9041 9142 9042
f 9042 9142 9143
f 9042 9143 9043
f 9043 9143 9144
f 9043 9144 9044
f 9044 9144 9145
f 9044 9145 9045
f 9045 9145 9146
f 9045 9146 9046
f 9046 9146 9147
f 9046 9147 9047
f 9047 9147 9148
f 9047 9148 9048
f 9048 9148 9149
f 9048 9149 9049
f 9049 9149 9150
f 9049 9150 9050
f 9050 9150 9151
f 9050 9151 9051
f 9051 9151 9152
f 9051 9152 9052
f 9052 9152 9153
f 9052 9153 9053
f 9053 9153 9154
f 9053 9154 9054
f 9054 9154 9155
f 9054 9155 9055
f 9055 9155 9156
f 9055 9156 9056
f 9056 9156 9157
f 9056 9157 9057
f 9057 9157 9158
f 9057 9158 9058
f 9058 9158 9159
f 9058 9159 9059
f 9059 9159 9160
f 9059 9160 9060
f 9060 9160 9161
f 9060 9161 9061
f 9061 9161 9162
f 9061 9162 9062
f 9062 9162 9163
f 9062 9163 9063
f 9063 9163 9164
f 9063 9164 9064
f 9064 9164 9165
f 9064 9165 9065
f 9065 9165 9166
f 9065 9166 9066
f 9066 9166 9167
f 9066 9167 9067
f 9067 9167 9168
f 9067 9168 9068
f 9068 9168 9169
f 9068 9169 9069
f 9069 9169 9170
f 9069 9170 9070
f 9070 9170 9171
f 9070 9171 9071
f 9071 9171 9172
f 9071 9172 9072
f 9072 9172 9173
f 9072 9173 9073
f 9073 9173 9174
f 9073 9174 9074
f 9074 9174 9175
f 9074 9175 9075
f 9075 9175 9176
f 9075 9176 9076
f 9076 9176 9177
f 9076 9177 9077
f 9077 9177 9178
f 9077 9178 9078
f 9078 9178 9179
f 9078 9179 9079
f 9079 9179 9180
f 9079 9180 9080
f 9080 9180 9181
f 9080 9181 9081
f 9081 9181 9182
f 9081 9182 9082
f 9082 9182 9183
f 9082 9183 9083
f 9083 9183 9184
f 9083 9184 9084
f 9084 9184 9185
f 9084 9185 9085
f 9085 9185 9186
f 9085 9186 9086
f 9086 9186 9187
f 9086 9187 9087
f 9087 9187 9188
f 9087 9188 9088
f 9088 9188 9189
f 9088 9189 9089
f 9089 9189 9190
f 9089 9190 9090
f 9090 9190 9191
f 9090 9191 9091
f 9091 9191 9192
f 9091 9192 9092
f 9092 9192 9193
f 9092 9193 9093
f 9093 9193 9194
f 9093 9194 9094
f 9094 9194 9195
f 9094 9195 9095
f 9095 9195 9196
f 9095 9196 9096
f 9096 9196 9197
f 9096 9197 9097
f 9097 9197 9198
f 9097 9198 9098
f 9098 9198 9199
f 9098 9199 9099
f 9099 9199 9200
f 9099 9200 9100
f 9100 9200 9101
f 9100 9101 9001
f 9101 9201 9202
f 9101 9202 9102
f 9102 9202 9203
f 9102 9203 9103
f 9103 9203 9204
f 9103 9204 9104
f 9104 9204 9205
f 9104 9205 9105
f 9105 9205 9206
f 9105 9206 9106
f 9106 9206 9207
f 9106 9207 9107
f 9107 9207 9208
f 9107 9208 9108
f 9108 9208 9209
f 9108 9209 9109
f 9109 9209 9210
f 9109 9210 9110
f 9110 9210 9211
f 9110 9211 9111
f 9111 9211 9212
f 9111 9212 9112
f 9112 9212 9213
f 9112 9213 9113
f 9113 9213 9214
f 9113 9214 9114
f 9114 9214 9215
f 9114 9215 9115
f 9115 9215 9216
f 9115 9216 9116
f 9116 9216 9217
f 9116 9217 9117
f 9117 9217 9218
f 9117 9218 9118
f 9118 9218 9219
f 9118 9219 9119
f 9119 9219 9220
f 9119 9220 9120
f 9120 9220 9221
f 9120 9221 9121
f 9121 9221 9222
f 9121 9222 9122
f 9122 9222 9223
f 9122 9223 9123
f 9123 9223 9224
f 9123 9224 9124
f 9124 9224 9225
f 9124 9225 9125
f 9125 9225 9226
f 9125 9226 9126
f 9126 9226 9227
f 9126 9227 9127
f 9127 9227 9228
f 9127 9228 9128
f 9128 9228 9229
f 9128 9229 9129
f 9129 9229 9230
f 9129 9230 9130
f 9130 9230 9231
f 9130 9231 9131
f 9131 9231 9232
f 9131 9232 9132
f 9132 9232 9233
f 9132 9233 9133
f 9133 9233 9234
f 9133 9234 9134
f 9134 9234 9235
f 9134 9235 9135
f 9135 9235 9236
f 9135 9236 9136
f 9136 9236 9237
f 9136 9237 9137
f 9137 9237 9238
f 9137 9238 9138
f 9138 9238 9239
f 9138 9239 9139
f 9139 9239 9240
f 9139 9240 9140
f 9140 9240 9241
f 9140 9241 9141
f 9141 9241 9242
f 9141 9242 9142
f 9142 9242 9243
f 9142 9243 9143
f 9143 9243 9244
f 9143 9244 9144
f 9144 9244 9245
f 9144 9245 9145
f 9145 9245 9246
f 9145 9246 9146
f 9146 9246 9247
f 9146 9247 9147
f 9147 9247 9248
f 9147 9248 9148
f 9148 9248 9249
f 9148 9249 9149
f 9149 9249 9250
f 9149 9250 9150
f 9150 9250 9251
f 9150 9251 9151
f 9151 9251 9252
f 9151 9252 9152
f 9152 9252 9253
f 9152 9253 9153
f 9153 9253 9254
f 9153 9254 9154
f 9154 9254 9255
f 9154 9255 9155
f 9155 9255 9256
f 9155 9256 9156
f 9156 9256 9257
f 9156 9257 9157
f 9157 9257 9258
f 9157 9258 9158
f 9158 9258 9259
f 9158 9259 9159
f 9159 9259 9260
f 9159 9260 9160
f 9160 9260 9261
f 9160 9261 9161
f 9161 9261 9262
f 9161 9262 9162
f 9162 9262 9263
f 9162 9263 9163
f 9163 9263 9264
f 9163 9264 9164
f 9164 9264 9265
f 9164 9265 9165
f 9165 9265 9266
f 9165 9266 9166
f 9166 9266 9267
f 9166 9267 9167
f 9167 9267 9268
f 9167 9268 9168
f 9168 9268 9269
f 9168 9269 9169
f 9169 9269 9270
f 9169 9270 9170
f 9170 9270 9271
f 9170 9271 9171
f 9171 9271 9272
f 9171 9272 9172
f 9172 9272 9273
f 9172 9273 9173
f 9173 9273 9274
f 9173 9274 9174
f 9174 9274 9275
f 9174 9275 9175
f 9175 9275 9276
f 9175 9276 9176
f 9176 9276 9277
f 9176 9277 9177
f 9177 9277 9278
f 9177 9278 9178
f 9178 9278 9279
f 9178 9279 9179
f 9179 9279 9280
f 9179 9280 9180
f 9180 9280 9281
f 9180 9281 9181
f 9181 9281 9282
f 9181 9282 9182
f 9182 9282 9283
f 9182 9283 9183
f 9183 9283 9284
f 9183 9284 9184
f 9184 9284 9285
f 9184 9285 9185
f 9185 9285 9286
f 9185 9286 9186
f 9186 9286 9287
f 9186 9287 9187
f 9187 9287 9288
f 9187 9288 9188
f 9188 9288 9289
f 9188 9289 9189
f 9189 9289 9290
f 9189 9290 9190
f 9190 9290 9291
f 9190 9291 9191
f 9191 9291 9292
f 9191 9292 9192
f 9192 9292 9293
f 9192 9293 9193
f 9193 9293 9294
f 9193 9294 9194
f 9194 9294 9295
f 9194 9295 9195
f 9195 9295 9296
f 9195 9296 9196
f 9196 9296 9297
f 9196 9297 9197
f 9197 9297 9298
f 9197 9298 9198
f 9198 9298 9299
f 9198 9299 9199
f 9199 9299 9300
f 9199 9300 9200
f 9200 9300 9201
f 9200 9201 9101
f 9201 9301 9302
f 9201 9302 9202
f 9202 9302 9303
f 9202 9303 9203
f 9203 9303 9304
f 9203 9304 9204
f 9204 9304 9305
f 9204 9305 9205
f 9205 9305 9306
f 9205 9306 9206
f 9206 9306 9307
f 9206 9307 9207
f 9207 9307 9308
f 9207 9308 9208
f 9208 9308 9309
f 9208 9309 9209
f 9209 9309 9310
f 9209 9310 9210
f 9210 9310 9311
f 9210 9311 9211
f 9211 9311 9312
f 9211 9312 9212
f 9212 9312 9313
f 9212 9313 9213
f 9213 9313 9314
f 9213 9314 9214
f 9214 9314 9315
f 9214 9315 9215
f 9215 9315 9316
f 9215 9316 9216
f 9216 9316 9317
f 9216 9317 9217
f 9217 9317 9318
f 9217 9318 9218
f 9218 9318 9319
f 9218 9319 9219
f 9219 9319 9320
f 9219 9320 9220
f 9220 9320 9321
f 9220 9321 9221
f 9221 9321 9322
f 9221 9322 9222
f 9222 9322 9323
f 9222 9323 9223
f 9223 9323 9324
f 9223 9324 9224
f 9224 9324 9325
f 9224 9325 9225
f 9225 9325 9326
f 9225 9326 9226
f 9226 9326 9327
f 9226 9327 9227
f 9227 9327 9328
f 9227 9328 9228
f 9228 9328 9329
f 9228 9329 9229
f 9229 9329 9330
f 9229 9330 9230
f 9230 9330 9331
f 9230 9331 9231
f 9231 9331 9332
f 9231 9332 9232
f 9232 9332 9333
f 9232 9333 9233
f 9233 9333 9334
f 9233 9334 9234
f 9234 9334 9335
f 9234 9335 9235
f 9235 9335 9336
f 9235 9336 9236
f 9236 9336 9337
f 9236 9337 9237
f 9237 9337 9338
f 9237 9338 9238
f 9238 9338 9339
f 9238 9339 9239
f 9239 9339 9340
f 9239 9340 9240
f 9240 9340 9341
f 9240 9341 9241
f 9241 9341 9342
f 9241 9342 9242
f 9242 9342 9343
f 9242 9343 9243
f 9243 9343 9344
f 9243 9344 9244
f 9244 9344 9345
f 9244 9345 9245
f 9245 9345 9346
f 9245 9346 9246
f 9246 9346 9347
f 9246 9347 9247
f 9247 9347 9348
f 9247 9348 9248
f 9248 9348 9349
f 9248 9349 9249
f 9249 9349 9350
f 9249 9350 9250
f 9250 9350 9351
f 9250 9351 9251
f 9251 9351 9352
f 9251 9352 9252
f 9252 9352 9353
f 9252 9353 9253
f 9253 9353 9354
f 9253 9354 9254
f 9254 9354 9355
f 9254 9355 9255
f 9255 9355 9356
f 9255 9356 9256
f 9256 9356 9357
f 9256 9357 9257
f 9257 9357 9358
f 9257 9358 9258
f 9258 9358 9359
f 9258 9359 9259
f 9259 9359 9360
f 9259 9360 9260
f 9260 9360 9361
f 9260 9361 9261
f 9261 9361 9362
f 9261 9362 9262
f 9262 9362 9363
f 9262 9363 9263
f 9263 9363 9364
f 9263 9364 9264
f 9264 9364 9365
f 9264 9365 9265
f 9265 9365 9366
f 9265 9366 9266
f 9266 9366 9367
f 9266 9367 9267
f 9267 9367 9368
f 9267 9368 9268
f 9268 9368 9369
f 9268 9369 9269
f 9269 9369 9370
f 9269 9370 9270
f 9270 9370 9371
f 9270 9371 9271
f 9271 9371 9372
f 9271 9372 9272
f 9272 9372 9373
f 9272 9373 9273
f 9273 9373 9374
f 9273 9374 9274
f 9274 9374 9375
f 9274 9375 9275
f 9275 9375 9376
f 9275 9376 9276
f 9276 9376 9377
f 9276 9377 9277
f 9277 9377 9378
f 9277 9378 9278
f 9278 9378 9379
f 9278 9379 9279
f 9279 9379 9380
f 9279 9380 9280
f 9280 9380 9381
f 9280 9381 9281
f 9281 9381 9382
f 9281 9382 9282
f 9282 9382 9383
f 9282 9383 9283
f 9283 9383 9384
f 9283 9384 9284
f 9284 9384 9385
f 9284 9385 9285
f 9285 9385 9386
f 9285 9386 9286
f 9286 9386 9387
f 9286 9387 9287
f 9287 9387 9388
f 9287 9388 9288
f 9288 9388 9389
f 9288 9389 9289
f 9289 9389 9390
f 9289 9390 9290
f 9290 9390 9391
f 9290 9391 9291
f 9291 9391 9392
f 9291 9392 9292
f 9292 9392 9393
f 9292 9393 9293
f 9293 9393 9394
f 9293 9394 9294
f 9294 9394 9395
f 9294 9395 9295
f 9295 9395 9396
f 9295 9396 9296
f 9296 9396 9397
f 9296 9397 9297
f 9297 9397 9398
f 9297 9398 9298
f 9298 9398 9399
f 9298 9399 9299
f 9299 9399 9400
f 9299 9400 9300
f 9300 9400 9301
f 9300 9301 9201
f 9301 9401 9402
f 9301 9402 9302
f 9302 9402 9403
f 9302 9403 9303
f 9303 9403 9404
f 9303 9404 9304
f 9304 9404 9405
f 9304 9405 9305
f 9305 9405 9406
f 9305 9406 9306
f 9306 9406 9407
f 9306 9407 9307
f 9307 9407 9408
f 9307 9408 9308
f 9308 9408 9409
f 9308 9409 9309
f 9309 9409 9410
f 9309 9410 9310
f 9310 9410 9411
f 9310 9411 9311
f 9311 9411 9412
f 9311 9412 9312
f 9312 9412 9413
f 9312 9413 9313
f 9313 9413 9414
f 9313 9414 9314
f 9314 9414 9415
f 9314 9415 9315
f 9315 9415 9416
f 9315 9416 9316
f 9316 9416 9417
f 9316 9417 9317
f 9317 9417 9418
f 9317 9418 9318
f 9318 9418 9419
f 9318 9419 9319
f 9319 9419 9420
f 9319 9420 9320
f 9320 9420 9421
f 9320 9421 9321
f 9321 9421 9422
f 9321 9422 9322
f 9322 9422 9423
f 9322 9423 9323
f 9323 9423 9424
f 9323 9424 9324
f 9324 9424 9425
f 9324 9425 9325
f 9325 9425 9426
f 9325 9426 9326
f 9326 9426 9427
f 9326 9427 9327
f 9327 9427 9428
f 9327 9428 9328
f 9328 9428 9429
f 9328 9429 9329
f 9329 9429 9430
f 9329 9430 9330
f 9330 9430 9431
f 9330 9431 9331
f 9331 9431 9432
f 9331 9432 9332
f 9332 9432 9433
f 9332 9433 9333
f 9333 9433 9434
f 9333 9434 9334
f 9334 9434 9435
f 9334 9435 9335
f 9335 9435 9436
f 9335 9436 9336
f 9336 9436 9437
f 9336 9437 9337
f 9337 9437 9438
f 9337 9438 9338
f 9338 9438 9439
f 9338 9439 9339
f 9339 9439 9440
f 9339 9440 9340
f 9340 9440 9441
f 9340 9441 9341
f 9341 9441 9442
f 9341 9442 9342
f 9342 9442 9443
f 9342 9443 9343
f 9343 9443 9444
f 9343 9444 9344
f 9344 9444 9445
f 9344 9445 9345
f 9345 9445 9446
f 9345 9446 9346
f 9346 9446 9447
f 9346 9447 9347
f 9347 9447 9448
f 9347 9448 9348
f 9348 9448 9449
f 9348 9449 9349
f 9349 9449 9450
f 9349 9450 9350
f 9350 9450 9451
f 9350 9451 9351
f 9351 9451 9452
f 9351 9452 9352
f 9352 9452 9453
f 9352 9453 9353
f 9353 9453 9454
f 9353 9454 9354
f 9354 9454 9455
f 9354 9455 9355
f 9355 9455 9456
f 9355 9456 9356
f 9356 9456 9457
f 9356 9457 9357
f 9357 9457 9458
f 9357 9458 9358
f 9358 9458 9459
f 9358 9459 9359
f 9359 9459 9460
f 9359 9460 9360
f 9360 9460 9461
f 9360 9461 9361
f 9361 9461 9462
f 9361 9462 9362
f 9362 9462 9463
f 9362 9463 9363
f 9363 9463 9464
f 9363 9464 9364
f 9364 9464 9465
f 9364 9465 9365
f 9365 9465 9466
f 9365 9466 9366
f 9366 9466 9467
f 9366 9467 9367
f 9367 9467 9468
f 9367 9468 9368
f 9368 9468 9469
f 9368 9469 9369
f 9369 9469 9470
f 9369 9470 9370
f 9370 9470 9471
f 9370 9471 9371
f 9371 9471 9472
f 9371 9472 9372
f 9372 9472 9473
f 9372 9473 9373
f 9373 9473 9474
f 9373 9474 9374
f 9374 9474 9475
f 9374 9475 9375
f 9375 9475 9476
f 9375 9476 9376
f 9376 9476 9477
f 9376 9477 9377
f 9377 9477 9478
f 9377 9478 9378
f 9378 9478 9479
f 9378 9479 9379
f 9379 9479 9480
f 9379 9480 9380
f 9380 9480 9481
f 9380 9481 9381
f 9381 9481 9482
f 9381 9482 9382
f 9382 9482 9483
f 9382 9483 9383
f 9383 9483 9484
f 9383 9484 9384
f 9384 9484 9485
f 9384 9485 9385
f 9385 9485 9486
f 9385 9486 9386
f 9386 9486 9487
f 9386 9487 9387
f 9387 9487 9488
f 9387 9488 9388
f 9388 9488 9489
f 9388 9489 9389
f 9389 9489 9490
f 9389 9490 9390
f 9390 9490 9491
f 9390 9491 9391
f 9391 9491 9492
f 9391 9492 9392
f 9392 9492 9493
f 9392 9493 9393
f 9393 9493 9494
f 9393 9494 9394
f 9394 9494 9495
f 9394 9495 9395
f 9395 9495 9496
f 9395 9496 9396
f 9396 9496 9497
f 9396 9497 9397
f 9397 9497 9498
f 9397 9498 9398
f 9398 9498 9499
f 9398 9499 9399
f 9399 9499 9500
f 9399 9500 9400
f 9400 9500 9401
f 9400 9401 9301
f 9401 9501 9502
f 9401 9502 9402
f 9402 9502 9503
f 9402 9503 9403
f 9403 9503 9504
f 9403 9504 9404
f 9404 9504 9505
f 9404 9505 9405
f 9405 9505 9506
f 9405 9506 9406
f 9406 9506 9507
f 9406 9507 9407
f 9407 9507 9508
f 9407 9508 9408
f 9408 9508 9509
f 9408 9509 9409
f 9409 9509 9510
f 9409 9510 9410
f 9410 9510 9511
f 9410 9511 9411
f 9411 9511 9512
f 9411 9512 9412
f 9412 9512 9513
f 9412 9513 9413
f 9413 9513 9514
f 9413 9514 9414
f 9414 9514 9515
f 9414 9515 9415
f 9415 9515 9516
f 9415 9516 9416
f 9416 9516 9517
f 9416 9517 9417
f 9417 9517 9518
f 9417 9518 9418
f 9418 9518 9519
f 9418 9519 9419
f 9419 9519 9520
f 9419 9520 9420
f 9420 9520 9521
f 9420 9521 9421
f 9421 9521 9522
f 9421 9522 9422
f 9422 9522 9523
f 9422 9523 9423
f 9423 9523 9524
f 9423 9524 9424
f 9424 9524 9525
f 9424 9525 9425
f 9425 9525 9526
f 9425 9526 9426
f 9426 9526 9527
f 9426 9527 9427
f 9427 9527 9528
f 9427 9528 9428
f 9428 9528 9529
f 9428 9529 9429
f 9429 9529 9530
f 9429 9530 9430
f 9430 9530 9531
f 9430 9531 9431
f 9431 9531 9532
f 9431 9532 9432
f 9432 9532 9533
f 9432 9533 9433
f 9433 9533 9534
f 9433 9534 9434
f 9434 9534 9535
f 9434 9535 9435
f 9435 9535 9536
f 9435 9536 9436
f 9436 9536 9537
f 9436 9537 9437
f 9437 9537 9538
f 9437 9538 9438
f 9438 9538 9539
f 9438 9539 9439
f 9439 9539 9540
f 9439 9540 9440
f 9440 9540 9541
f 9440 9541 9441
f 9441 9541 9542
f 9441 9542 9442
f 9442 9542 9543
f 9442 9543 9443
f 9443 9543 9544
f 9443 9544 9444
f 9444 9544 9545
f 9444 9545 9445
f 9445 9545 9546
f 9445 9546 9446
f 9446 9546 9547
f 9446 9547 9447
f 9447 9547 9548
f 9447 9548 9448
f 9448 9548 9549
f 9448 9549 9449
f 9449 9549 9550
f 9449 9550 9450
f 9450 9550 9551
f 9450 9551 9451
f 9451 9551 9552
f 9451 9552 9452
f 9452 9552 9553
f 9452 9553 9453
f 9453 9553 9554
f 9453 9554 9454
f 9454 9554 9555
f 9454 9555 9455
f 9455 9555 9556
f 9455 9556 9456
f 9456 9556 9557
f 9456 9557 9457
f 9457 9557 9558
f 9457 9558 9458
f 9458 9558 9559
f 9458 9559 9459
f 9459 9559 9560
f 9459 9560 9460
f 9460 9560 9561
f 9460 9561 9461
f 9461 9561 9562
f 9461 9562 9462
f 9462 9562 9563
f 9462 9563 9463
f 9463 9563 9564
f 9463 9564 9464
f 9464 9564 9565
f 9464 9565 9465
f 9465 9565 9566
f 9465 9566 9466
f 9466 9566 9567
f 9466 9567 9467
f 9467 9567 9568
f 9467 9568 9468
f 9468 9568 9569
f 9468 9569 9469
f 9469 9569 9570
f 9469 9570 9470
f 9470 9570 9571
f 9470 9571 9471
f 9471 9571 9572
f 9471 9572 9472
f 9472 9572 9573
f 9472 9573 9473
f 9473 9573 9574
f 9473 9574 9474
f 9474 9574 9575
f 9474 9575 9475
f 9475 9575 9576
f 9475 9576 9476
f 9476 9576 9577
f 9476 9577 9477
f 9477 9577 9578
f 9477 9578 9478
f 9478 9578 9579
f 9478 9579 9479
f 9479 9579 9580
f 9479 9580 9480
f 9480 9580 9581
f 9480 9581 9481
f 9481 9581 9582
f 9481 9582 9482
f 9482 9582 9583
f 9482 9583 9483
f 9483 9583 9584
f 9483 9584 9484
f 9484 9584 9585
f 9484 9585 9485
f 9485 9585 9586
f 9485 9586 9486
f 9486 9586 9587
f 9486 9587 9487
f 9487 9587 9588
f 9487 9588 9488
f 9488 9588 9589
f 9488 9589 9489
f 9489 9589 9590
f 9489 9590 9490
f 9490 9590 9591
f 9490 9591 9491
f 9491 9591 9592
f 9491 9592 9492
f 9492 9592 9593
f 9492 9593 9493
f 9493 9593 9594
f 9493 9594 9494
f 9494 9594 9595
f 9494 9595 9495
f 9495 9595 9596
f 9495 9596 9496
f 9496 9596 9597
f 9496 9597 9497
f 9497 9597 9598
f 9497 9598 9498
f 9498 9598 9599
f 9498 9599 9499
f 9499 9599 9600
f 9499 9600 9500
f 9500 9600 9501
f 9500 9501 9401
f 9501 9601 9602
f 9501 9602 9502
f 9502 9602 9603
f 9502 9603 9503
f 9503 9603 9604
f 9503 9604 9504
f 9504 9604 9605
f 9504 9605 9505
f 9505 9605 9606
f 9505 9606 9506
f 9506 9606 9607
f 9506 9607 9507
f 9507 9607 9608
f 9507 9608 9508
f 9508 9608 9609
f 9508 9609 9509
f 9509 9609 9610
f 9509 9610 9510
f 9510 9610 9611
f 9510 9611 9511
f 9511 9611 9612
f 9511 9612 9512
f 9512 9612 9613
f 9512 9613 9513
f 9513 9613 9614
f 9513 9614 9514
f 9514 9614 9615
f 9514 9615 9515
f 9515 9615 9616
f 9515 9616 9516
f 9516 9616 9617
f 9516 9617 9517
f 9517 9617 9618
f 9517 9618 9518
f 9518 9618 9619
f 9518 9619 9519
f 9519 9619 9620
f 9519 9620 9520
f 9520 9620 9621
f 9520 9621 9521
f 9521 9621 9622
f 9521 9622 9522
f 9522 9622 9623
f 9522 9623 9523
f 9523 9623 9624
f 9523 9624 9524
f 9524 9624 9625
f 9524 9625 9525
f 9525 9625 9626
f 9525 9626 9526
f 9526 9626 9627
f 9526 9627 9527
f 9527 9627 9628
f 9527 9628 9528
f 9528 9628 9629
f 9528 9629 9529
f 9529 9629 9630
f 9529 9630 9530
f 9530 9630 9631
f 9530 9631 9531
f 9531 9631 9632
f 9531 9632 9532
f 9532 9632 9633
f 9532 9633 9533
f 9533 9633 9634
f 9533 9634 9534
f 9534 9634 9635
f 9534 9635 9535
f 9535 9635 9636
f 9535 9636 9536
f 9536 9636 9637
f 9536 9637 9537
f 9537 9637 9638
f 9537 9638 9538
f 9538 9638 9639
f 9538 9639 9539
f 9539 9639 9640
f 9539 9640 9540
f 9540 9640 9641
f 9540 9641 9541
f 9541 9641 9642
f 9541 9642 9542
f 9542 9642 9643
f 9542 9643 9543
f 9543 9643 9644
f 9543 9644 9544
f 9544 9644 9645
f 9544 9645 9545
f 9545 9645 9646
f 9545 9646 9546
f 9546 9646 9647
f 9546 9647 9547
f 9547 9647 9648
f 9547 9648 9548
f 9548 9648 9649
f 9548 9649 9549
f 9549 9649 9650
f 9549 9650 9550
f 9550 9650 9651
f 9550 9651 9551
f 9551 9651 9652
f 9551 9652 9552
f 9552 9652 9653
f 9552 9653 9553
f 9553 9653 9654
f 9553 9654 9554
f 9554 9654 9655
f 9554 9655 9555
f 9555 9655 9656
f 9555 9656 9556
f 9556 9656 9657
f 9556 9657 9557
f 9557 9657 9658
f 9557 9658 9558
f 9558 9658 9659
f 9558 9659 9559
f 9559 9659 9660
f 9559 9660 9560
f 9560 9660 9661
f 9560 9661 9561
f 9561 9661 9662
f 9561 9662 9562
f 9562 9662 9663
f 9562 9663 9563
f 9563 9663 9664
f 9563 9664 9564
f 9564 9664 9665
f 9564 9665 9565
f 9565 9665 9666
f 9565 9666 9566
f 9566 9666 9667
f 9566 9667 9567
f 9567 9667 9668
f 9567 9668 9568
f 9568 9668 9669
f 9568 9669 9569
f 9569 9669 9670
f 9569 9670 9570
f 9570 9670 9671
f 9570 9671 9571
f 9571 9671 9672
f 9571 9672 9572
f 9572 9672 9673
f 9572 9673 9573
f 9573 9673 9674
f 9573 9674 9574
f 9574 9674 9675
f 9574 9675 9575
f 9575 9675 9676
f 9575 9676 9576
f 9576 9676 9677
f 9576 9677 9577
f 9577 9677 9678
f 9577 9678 9578
f 9578 9678 9679
f 9578 9679 9579
f 9579 9679 9680
f 9579 9680 9580
f 9580 9680 9681
f 9580 9681 9581
f 9581 9681 9682
f 9581 9682 9582
f 9582 9682 9683
f 9582 9683 9583
f 9583 9683 9684
f 9583 9684 9584
f 9584 9684 9685
f 9584 9685 9585
f 9585 9685 9686
f 9585 9686 9586
f 9586 9686 9687
f 9586 9687 9587
f 9587 9687 9688
f 9587 9688 9588
f 9588 9688 9689
f 9588 9689 9589
f 9589 9689 9690
f 9589 9690 9590
f 9590 9690 9691
f 9590 9691 9591
f 9591 9691 9692
f 9591 9692 9592
f 9592 9692 9693
f 9592 9693 9593
f 9593 9693 9694
f 9593 9694 9594
f 9594 9694 9695
f 9594 9695 9595
f 9595 9695 9696
f 9595 9696 9596
f 9596 9696 9697
f 9596 9697 9597
f 9597 9697 9698
f 9597 9698 9598
f 9598 9698 9699
f 9598 9699 9599
f 9599 9699 9700
f 9599 9700 9600
f 9600 9700 9601
f 9600 9601 9501
f 9601 9701 9702
f 9601 9702 9602
f 9602 9702 9703
f 9602 9703 9603
f 9603 9703 9704
f 9603 9704 9604
f 9604 9704 9705
f 9604 9705 9605
f 9605 9705 9706
f 9605 9706 9606
f 9606 9706 9707
f 9606 9707 9607
f 9607 9707 9708
f 9607 9708 9608
f 9608 9708 9709
f 9608 9709 9609
f 9609 9709 9710
f 9609 9710 9610
f 9610 9710 9711
f 9610 9711 9611
f 9611 9711 9712
f 9611 9712 9612
f 9612 9712 9713
f 9612 9713 9613
f 9613 9713 9714
f 9613 9714 9614
f 9614 9714 9715
f 9614 9715 9615
f 9615 9715 9716
f 9615 9716 9616
f 9616 9716 9717
f 9616 9717 9617
f 9617 9717 9718
f 9617 9718 9618
f 9618 9718 9719
f 9618 9719 9619
f 9619 9719 9720
f 9619 9720 9620
f 9620 9720 9721
f 9620 9721 9621
f 9621 9721 9722
f 9621 9722 9622
f 9622 9722 9723
f 9622 9723 9623
f 9623 9723 9724
f 9623 9724 9624
f 9624 9724 9725
f 9624 9725 9625
f 9625 9725 9726
f 9625 9726 9626
f 9626 9726 9727
f 9626 9727 9627
f 9627 9727 9728
f 9627 9728 9628
f 9628 9728 9729
f 9628 9729 9629
f 9629 9729 9730
f 9629 9730 9630
f 9630 9730 9731
f 9630 9731 9631
f 9631 9731 9732
f 9631 9732 9632
f 9632 9732 9733
f 9632 9733 9633
f 9633 9733 9734
f 9633 9734 9634
f 9634 9734 9735
f 9634 9735 9635
f 9635 9735 9736
f 9635 9736 9636
f 9636 9736 9737
f 9636 9737 9637
f 9637 9737 9738
f 9637 9738 9638
f 9638 9738 9739
f 9638 9739 9639
f 9639 9739 9740
f 9639 9740 9640
f 9640 9740 9741
f 9640 9741 9641
f 9641 9741 9742
f 9641 9742 9642
f 9642 9742 9743
f 9642 9743 9643
f 9643 9743 9744
f 9643 9744 9644
f 9644 9744 9745
f 9644 9745 9645
f 9645 9745 9746
f 9645 9746 9646
f 9646 9746 9747
f 9646 9747 9647
f 9647 9747 9748
f 9647 9748 9648
f 9648 9748 9749
f 9648 9749 9649
f 9649 9749 9750
f 9649 9750 9650
f 9650 9750 9751
f 9650 9751 9651
f 9651 9751 9752
f 9651 9752 9652
f 9652 9752 9753
f 9652 9753 9653
f 9653 9753 9754
f 9653 9754 9654
f 9654 9754 9755
f 9654 9755 9655
f 9655 9755 9756
f 9655 9756 9656
f 9656 9756 9757
f 9656 9757 9657
f 9657 9757 9758
f 9657 9758 9658
f 9658 9758 9759
f 9658 9759 9659
f 9659 9759 9760
f 9659 9760 9660
f 9660 9760 9761
f 9660 9761 9661
f 9661 9761 9762
f 9661 9762 9662
f 9662 9762 9763
f 9662 9763 9663
f 9663 9763 9764
f 9663 9764 9664
f 9664 9764 9765
f 9664 9765 9665
f 9665 9765 9766
f 9665 9766 9666
f 9666 9766 9767
f 9666 9767 9667
f 9667 9767 9768
f 9667 9768 9668
f 9668 9768 9769
f 9668 9769 9669
f 9669 9769 9770
f 9669 9770 9670
f 9670 9770 9771
f 9670 9771 9671
f 9671 9771 9772
f 9671 9772 9672
f 9672 9772 9773
f 9672 9773 9673
f 9673 9773 9774
f 9673 9774 9674
f 9674 9774 9775
f 9674 9775 9675
f 9675 9775 9776
f 9675 9776 9676
f 9676 9776 9777
f 9676 9777 9677
f 9677 9777 9778
f 9677 9778 9678
f 9678 9778 9779
f 9678 9779 9679
f 9679 9779 9780
f 9679 9780 9680
f 9680 9780 9781
f 9680 9781 9681
f 9681 9781 9782
f 9681 9782 9682
f 9682 9782 9783
f 9682 9783 9683
f 9683 9783 9784
f 9683 9784 9684
f 9684 9784 9785
f 9684 9785 9685
f 9685 9785 9786
f 9685 9786 9686
f 9686 9786 9787
f 9686 9787 9687
f 9687 9787 9788
f 9687 9788 9688
f 9688 9788 9789
f 9688 9789 9689
f 9689 9789 9790
f 9689 9790 9690
f 9690 9790 9791
f 9690 9791 9691
f 9691 9791 9792
f 9691 9792 9692
f 9692 9792 9793
f 9692 9793 9693
f 9693 9793 9794
f 9693 9794 9694
f 9694 9794 9795
f 9694 9795 9695
f 9695 9795 9796
f 9695 9796 9696
f 9696 9796 9797
f 9696 9797 9697
f 9697 9797 9798
f 9697 9798 9698
f 9698 9798 9799
f 9698 9799 9699
f 9699 9799 9800
f 9699 9800 9700
f 9700 9800 9701
f 9700 9701 9601
f 9701 9801 9802
f 9701 9802 9702
f 9702 9802 9803
f 9702 9803 9703
f 9703 9803 9804
f 9703 9804 9704
f 9704 9804 9805
f 9704 9805 9705
f 9705 9805 9806
f 9705 9806 9706
f 9706 9806 9807
f 9706 9807 9707
f 9707 9807 9808
f 9707 9808 9708
f 9708 9808 9809
f 9708 9809 9709
f 9709 9809 9810
f 9709 9810 9710
f 9710 9810 9811
f 9710 9811 9711
f 9711 9811 9812
f 9711 9812 9712
f 9712 9812 9813
f 9712 9813 9713
f 9713 9813 9814
f 9713 9814 9714
f 9714 9814 9815
f 9714 9815 9715
f 9715 9815 9816
f 9715 9816 9716
f 9716 9816 9817
f 9716 9817 9717
f 9717 9817 9818
f 9717 9818 9718
f 9718 9818 9819
f 9718 9819 9719
f 9719 9819 9820
f 9719 9820 9720
f 9720 9820 9821
f 9720 9821 9721
f 9721 9821 9822
f 9721 9822 9722
f 9722 9822 9823
f 9722 9823 9723
f 9723 9823 9824
f 9723 9824 9724
f 9724 9824 9825
f 9724 9825 9725
f 9725 9825 9826
f 9725 9826 9726
f 9726 9826 9827
f 9726 9827 9727
f 9727 9827 9828
f 9727 9828 9728
f 9728 9828 9829
f 9728 9829 9729
f 9729 9829 9830
f 9729 9830 9730
f 9730 9830 9831
f 9730 9831 9731
f 9731 9831 9832
f 9731 9832 9732
f 9732 9832 9833
f 9732 9833 9733
f 9733 9833 9834
f 9733 9834 9734
f 9734 9834 9835
f 9734 9835 9735
f 9735 9835 9836
f 9735 9836 9736
f 9736 9836 9837
f 9736 9837 9737
f 9737 9837 9838
f 9737 9838 9738
f 9738 9838 9839
f 9738 9839 9739
f 9739 9839 9840
f 9739 9840 9740
f 9740 9840 9841
f 9740 9841 9741
f 9741 9841 9842
f 9741 9842 9742
f 9742 9842 9843
f 9742 9843 9743
f 9743 9843 9844
f 9743 9844 9744
f 9744 9844 9845
f 9744 9845 9745
f 9745 9845 9846
f 9745 9846 9746
f 9746 9846 9847
f 9746 9847 9747
f 9747 9847 9848
f 9747 9848 9748
f 9748 9848 9849
f 9748 9849 9749
f 9749 9849 9850
f 9749 9850 9750
f 9750 9850 9851
f 9750 9851 9751
f 9751 9851 9852
f 9751 9852 9752
f 9752 9852 9853
f 9752 9853 9753
f 9753 9853 9854
f 9753 9854 9754
f 9754 9854 9855
f 9754 9855 9755
f 9755 9855 9856
f 9755 9856 9756
f 9756 9856 9857
f 9756 9857 9757
f 9757 9857 9858
f 9757 9858 9758
f 9758 9858 9859
f 9758 9859 9759
f 9759 9859 9860
f 9759 9860 9760
f 9760 9860 9861
f 9760 9861 9761
f 9761 9861 9862
f 9761 9862 9762
f 9762 9862 9863
f 9762 9863 9763
f 9763 9863 9864
f 9763 9864 9764
f 9764 9864 9865
f 9764 9865 9765
f 9765 9865 9866
f 9765 9866 9766
f 9766 9866 9867
f 9766 9867 9767
f 9767 9867 9868
f 9767 9868 9768
f 9768 9868 9869
f 9768 9869 9769
f 9769 9869 9870
f 9769 9870 9770
f 9770 9870 9871
f 9770 9871 9771
f 9771 9871 9872
f 9771 9872 9772
f 9772 9872 9873
f 9772 9873 9773
f 9773 9873 9874
f 9773 9874 9774
f 9774 9874 9875
f 9774 9875 9775
f 9775 9875 9876
f 9775 9876 9776
f 9776 9876 9877
f 9776 9877 9777
f 9777 9877 9878
f 9777 9878 9778
f 9778 9878 9879
f 9778 9879 9779
f 9779 9879 9880
f 9779 9880 9780
f 9780 9880 9881
f 9780 9881 9781
f 9781 9881 9882
f 9781 9882 9782
f 9782 9882 9883
f 9782 9883 9783
f 9783 9883 9884
f 9783 9884 9784
f 9784 9884 9885
f 9784 9885 9785
f 9785 9885 9886
f 9785 9886 9786
f 9786 9886 9887
f 9786 9887 9787
f 9787 9887 9888
f 9787 9888 9788
f 9788 9888 9889
f 9788 9889 9789
f 9789 9889 9890
f 9789 9890 9790
f 9790 9890 9891
f 9790 9891 9791
f 9791 9891 9892
f 9791 9892 9792
f 9792 9892 9893
f 9792 9893 9793
f 9793 9893 9894
f 9793 9894 9794
f 9794 9894 9895
f 9794 9895 9795
f 9795 9895 9896
f 9795 9896 9796
f 9796 9896 9897
f 9796 9897 9797
f 9797 9897 9898
f 9797 9898 9798
f 9798 9898 9899
f 9798 9899 9799
f 9799 9899 9900
f 9799 9900 9800
f 9800 9900 9801
f 9800 9801 9701
f 9801 9901 9902
f 9801 9902 9802
f 9802 9902 9903
f 9802 9903 9803
f 9803 9903 9904
f 9803 9904 9804
f 9804 9904 9905
f 9804 9905 9805
f 9805 9905 9906
f 9805 9906 9806
f 9806 9906 9907
f 9806 9907 9807
f 9807 9907 9908
f 9807 9908 9808
f 9808 9908 9909
f 9808 9909 9809
f 9809 9909 9910
f 9809 9910 9810
f 9810 9910 9911
f 9810 9911 9811
f 9811 9911 9912
f 9811 9912 9812
f 9812 9912 9913
f 9812 9913 9813
f 9813 9913 9914
f 9813 9914 9814
f 9814 9914 9915
f 9814 9915 9815
f 9815 9915 9916
f 9815 9916 9816
f 9816 9916 9917
f 9816 9917 9817
f 9817 9917 9918
f 9817 9918 9818
f 9818 9918 9919
f 9818 9919 9819
f 9819 9919 9920
f 9819 9920 9820
f 9820 9920 9921
f 9820 9921 9821
f 9821 9921 9922
f 9821 9922 9822
f 9822 9922 9923
f 9822 9923 9823
f 9823 9923 9924
f 9823 9924 9824
f 9824 9924 9925
f 9824 9925 9825
f 9825 9925 9926
f 9825 9926 9826
f 9826 9926 9927
f 9826 9927 9827
f 9827 9927 9928
f 9827 9928 9828
f 9828 9928 9929
f 9828 9929 9829
f 9829 9929 9930
f 9829 9930 9830
f 9830 9930 9931
f 9830 9931 9831
f 9831 9931 9932
f 9831 9932 9832
f 9832 9932 9933
f 9832 9933 9833
f 9833 9933 9934
f 9833 9934 9834
f 9834 9934 9935
f 9834 9935 9835
f 9835 9935 9936
f 9835 9936 9836
f 9836 9936 9937
f 9836 9937 9837
f 9837 9937 9938
f 9837 9938 9838
f 9838 9938 9939
f 9838 9939 9839
f 9839 9939 9940
f 9839 9940 9840
f 9840 9940 9941
f 9840 9941 9841
f 9841 9941 9942
f 9841 9942 9842
f 9842 9942 9943
f 9842 9943 9843
f 9843 9943 9944
f 9843 9944 9844
f 9844 9944 9945
f 9844 9945 9845
f 9845 9945 9946
f 9845 9946 9846
f 9846 9946 9947
f 9846 9947 9847
f 9847 9947 9948
f 9847 9948 9848
f 9848 9948 9949
f 9848 9949 9849
f 9849 9949 9950
f 9849 9950 9850
f 9850 9950 9951
f 9850 9951 9851
f 9851 9951 9952
f 9851 9952 9852
f 9852 9952 9953
f 9852 9953 9853
f 9853 9953 9954
f 9853 9954 9854
f 9854 9954 9955
f 9854 9955 9855
f 9855 9955 9956
f 9855 9956 9856
f 9856 9956 9957
f 9856 9957 9857
f 9857 9957 9958
f 9857 9958 9858
f 9858 9958 9959
f 9858 9959 9859
f 9859 9959 9960
f 9859 9960 9860
f 9860 9960 9961
f 9860 9961 9861
f 9861 9961 9962
f 9861 9962 9862
f 9862 9962 9963
f 9862 9963 9863
f 9863 9963 9964
f 9863 9964 9864
f 9864 9964 9965
f 9864 9965 9865
f 9865 9965 9966
f 9865 9966 9866
f 9866 9966 9967
f 9866 9967 9867
f 9867 9967 9968
f 9867 9968 9868
f 9868 9968 9969
f 9868 9969 9869
f 9869 9969 9970
f 9869 9970 9870
f 9870 9970 9971
f 9870 9971 9871
f 9871 9971 9972
f 9871 9972 9872
f 9872 9972 9973
f 9872 9973 9873
f 9873 9973 9974
f 9873 9974 9874
f 9874 9974 9975
f 9874 9975 9875
f 9875 9975 9976
f 9875 9976 9876
f 9876 9976 9977
f 9876 9977 9877
f 9877 9977 9978
f 9877 9978 9878
f 9878 9978 9979
f 9878 9979 9879
f 9879 9979 9980
f 9879 9980 9880
f 9880 9980 9981
f 9880 9981 9881
f 9881 9981 9982
f 9881 9982 9882
f 9882 9982 9983
f 9882 9983 9883
f 9883 9983 9984
f 9883 9984 9884
f 9884 9984 9985
f 9884 9985 9885
f 9885 9985 9986
f 9885 9986 9886
f 9886 9986 9987
f 9886 9987 9887
f 9887 9987 9988
f 9887 9988 9888
f 9888 9988 9989
f 9888 9989 9889
f 9889 9989 9990
f 9889 9990 9890
f 9890 9990 9991
f 9890 9991 9891
f 9891 9991 9992
f 9891 9992 9892
f 9892 9992 9993
f 9892 9993 9893
f 9893 9993 9994
f 9893 9994 9894
f 9894 9994 9995
f 9894 9995 9895
f 9895 9995 9996
f 9895 9996 9896
f 9896 9996 9997
f 9896 9997 9897
f 9897 9997 9998
f 9897 9998 9898
f 9898 9998 9999
f 9898 9999 9899
f 9899 9999 10000
f 9899 10000 9900
f 9900 10000 9901
f 9900 9901 9801
f 9901 1 2
f 9901 2 9902
f 9902 2 3
f 9902 3 9903
f 9903 3 4
f 9903 4 9904
f 9904 4 5
f 9904 5 9905
f 9905 5 6
f 9905 6 9906
f 9906 6 7
f 9906 7 9907
f 9907 7 8
f 9907 8 9908
f 9908 8 9
f 9908 9 9909
f 9909 9 10
f 9909 10 9910
f 9910 10 11
f 9910 11 9911
f 9911 11 12
f 9911 12 9912
f 9912 12 13
f 9912 13 9913
f 9913 13 14
f 9913 14 9914
f 9914 14 15
f 9914 15 9915
f 9915 15 16
f 9915 16 9916
f 9916 16 17
f 9916 17 9917
f 9917 17 18
f 9917 18 9918
f 9918 18 19
f 9918 19 9919
f 9919 19 20
f 9919 20 9920
f 9920 20 21
f 9920 21 9921
f 9921 21 22
f 9921 22 9922
f 9922 22 23
f 9922 23 9923
f 9923 23 24
f 9923 24 9924
f 9924 24 25
f 9924 25 9925
f 9925 25 26
f 9925 26 9926
f 9926 26 27
f 9926 27 9927
f 9927 27 28
f 9927 28 9928
f 9928 28 29
f 9928 29 9929
f 9929 29 30
f 9929 30 9930
f 9930 30 31
f 9930 31 9931
f 9931 31 32
f 9931 32 9932
f 9932 32 33
f 9932 33 9933
f 9933 33 34
f 9933 34 9934
f 9934 34 35
f 9934 35 9935
f 9935 35 36
f 9935 36 9936
f 9936 36 37
f 9936 37 9937
f 9937 37 38
f 9937 38 9938
f 9938 38 39
f 9938 39 9939
f 9939 39 40
f 9939 40 9940
f 9940 40 41
f 9940 41 9941
f 9941 41 42
f 9941 42 9942
f 9942 42 43
f 9942 43 9943
f 9943 43 44
f 9943 44 9944
f 9944 44 45
f 9944 45 9945
f 9945 45 46
f 9945 46 9946
f 9946 46 47
f 9946 47 9947
f 9947 47 48
f 9947 48 9948
f 9948 48 49
f 9948 49 9949
f 9949 49 50
f 9949 50 9950
f 9950 50 51
f 9950 51 9951
f 9951 51 52
f 9951 52 9952
f 9952 52 53
f 9952 53 9953
f 9953 53 54
f 9953 54 9954
f 9954 54 55
f 9954 55 9955
f 9955 55 56
f 9955 56 9956
f 9956 56 57
f 9956 57 9957
f 9957 57 58
f 9957 58 9958
f 9958 58 59
f 9958 59 9959
f 9959 59 60
f 9959 60 9960
f 9960 60 61
f 9960 61 9961
f 9961 61 62
f 9961 62 9962
f 9962 62 63
f 9962 63 9963
f 9963 63 64
f 9963 64 9964
f 9964 64 65
f 9964 65 9965
f 9965 65 66
f 9965 66 9966
f 9966 66 67
f 9966 67 9967
f 9967 67 68
f 9967 68 9968
f 9968 68 69
f 9968 69 9969
f 9969 69 70
f 9969 70 9970
f 9970 70 71
f 9970 71 9971
f 9971 71 72
f 9971 72 9972
f 9972 72 73
f 9972 73 9973
f 9973 73 74
f 9973 74 9974
f 9974 74 75
f 9974 75 9975
f 9975 75 76
f 9975 76 9976
f 9976 76 77
f 9976 77 9977
f 9977 77 78
f 9977 78 9978
f 9978 78 79
f 9978 79 9979
f 9979 79 80
f 9979 80 9980
f 9980 80 81
f 9980 81 9981
f 9981 81 82
f 9981 82 9982
f 9982 82 83
f 9982 83 9983
f 9983 83 84
f 9983 84 9984
f 9984 84 85
f 9984 85 9985
f 9985 85 86
f 9985 86 9986
f 9986 86 87
f 9986 87 9987
f 9987 87 88
f 9987 88 9988
f 9988 88 89
f 9988 89 9989
f 9989 89 90
f 9989 90 9990
f 9990 90 91
f 9990 91 9991
f 9991 91 92
f 9991 92 9992
f 9992 92 93
f 9992 93 9993
f 9993 93 94
f 9993 94 9994
f 9994 94 95
f 9994 95 9995
f 9995 95 96
f 9995 96 9996
f 9996 96 97
f 9996 97 9997
f 9997 97 98
f 9997 98 9998
f 9998 98 99
f 9998 99 9999
f 9999 99 100
f 9999 100 10000
f 10000 100 1
f 10000 1 9901
