10242 20480
v -0.435780 0.705107 0.000000
v 0.454363 0.735175 0.000000
v -0.466250 -0.754408 0.000000
v 0.484833 -0.784476 0.000000
v 0.000000 -0.466466 0.754757
v 0.000000 0.443728 0.717968
v 0.000000 -0.481558 -0.779178
v 0.000000 0.458821 -0.742388
v 0.683100 0.000000 -0.422179
v 0.696985 0.000000 0.430761
v -0.752329 0.000000 -0.464965
v -0.766214 0.000000 0.473546
v -0.672850 0.415844 0.257006
v -0.417050 0.257751 0.674801
v -0.242648 0.635261 0.392613
v 0.268960 0.704145 0.435186
v 0.000000 0.837689 0.000000
v 0.272150 0.712498 -0.440348
v -0.250295 0.655281 -0.404986
v -0.422200 0.260934 -0.683134
v -0.715184 0.442008 -0.273176
v -0.925293 0.000000 0.000000
v 0.456145 0.281913 0.738059
v 0.707093 0.437007 0.270085
v -0.452060 -0.279388 0.731448
v 0.000000 0.000000 0.912849
v -0.645892 -0.399183 -0.246709
v -0.712524 -0.440364 0.272160
v 0.000000 0.000000 -0.847151
v -0.423152 -0.261522 -0.684675
v 0.640460 0.395826 -0.244634
v 0.427238 0.264047 -0.691285
v 0.637800 -0.394182 0.243618
v 0.457098 -0.282502 0.739600
v 0.263158 -0.688957 0.425799
v -0.241303 -0.631740 0.390437
v 0.000000 -0.922311 0.000000
v -0.244493 -0.640092 -0.395599
v 0.270805 -0.708977 -0.438172
v 0.462248 -0.285685 -0.747932
v 0.680135 -0.420346 -0.259788
v 0.829154 0.000000 0.000000
v -0.545559 0.552059 0.126306
v -0.520212 0.609075 0.376429
v -0.400685 0.796652 0.240003
v -0.585034 0.133851 0.578146
v -0.594499 0.367421 0.507763
v -0.764394 0.230285 0.384461
v -0.128918 0.556839 0.563474
v -0.349691 0.483261 0.565812
v -0.202637 0.338301 0.672619
v -0.142580 0.834676 0.230699
v -0.211371 0.744056 0.000000
v 0.126121 0.544759 0.551250
v 0.000000 0.708157 0.437665
v 0.238394 0.839182 0.000000
v 0.143494 0.840029 0.232178
v 0.364242 0.724196 0.218175
v -0.127457 0.746148 -0.206230
v -0.358843 0.713461 -0.214941
v 0.384918 0.765303 -0.230559
v 0.129725 0.759425 -0.209900
v -0.141349 0.610533 -0.617808
v 0.000000 0.741088 -0.458018
v 0.141651 0.611837 -0.619127
v -0.511543 0.598925 -0.370156
v -0.567580 0.574342 -0.131404
v -0.207359 0.346184 -0.688293
v -0.391989 0.541716 -0.634252
v -0.771050 0.232290 -0.387808
v -0.575211 0.355500 -0.491289
v -0.558845 0.127859 -0.552265
v -0.694977 0.429519 0.000000
v -0.872960 0.000000 -0.247990
v -0.882255 0.243849 -0.150707
v -0.816094 0.225563 0.139405
v -0.800545 0.000000 0.227418
v 0.488644 0.572115 0.353586
v 0.545914 0.552419 0.126389
v 0.226322 0.377844 0.751240
v 0.379774 0.524835 0.614488
v 0.696061 0.209699 0.350091
v 0.582017 0.359706 0.497102
v 0.611635 0.139937 0.604434
v -0.211243 0.130555 0.764284
v 0.000000 0.246446 0.867527
v -0.610841 -0.139755 0.603649
v -0.456152 0.000000 0.738069
v 0.000000 -0.246398 0.867359
v -0.202708 -0.125280 0.733403
v -0.201956 -0.337165 0.670361
v -0.798672 -0.220747 0.136429
v -0.779743 -0.234909 0.392180
v -0.781726 -0.235507 -0.393178
v -0.882846 -0.244013 -0.150808
v -0.536123 -0.542510 0.124122
v -0.682606 -0.421874 0.000000
v -0.595263 -0.602356 -0.137814
v -0.441159 0.000000 -0.713811
v -0.541580 -0.123909 -0.535203
v 0.000000 0.234551 -0.825653
v -0.204096 0.126139 -0.738428
v -0.200336 -0.334461 -0.664984
v -0.206014 -0.127324 -0.745367
v 0.000000 -0.234503 -0.825484
v 0.366098 0.505935 -0.592360
v 0.224702 0.375140 -0.745862
v 0.605055 0.612264 -0.140081
v 0.481217 0.563418 -0.348212
v 0.542374 0.124090 -0.535988
v 0.532358 0.329016 -0.454688
v 0.698044 0.210296 -0.351089
v 0.573598 -0.580432 0.132798
v 0.495139 -0.579719 0.358286
v 0.399608 -0.794511 0.239358
v 0.594370 -0.135987 0.587372
v 0.558056 -0.344898 0.476637
v 0.706737 -0.212915 0.355461
v 0.126943 -0.548308 0.554841
v 0.349667 -0.483229 0.565774
v 0.219300 -0.366121 0.727930
v 0.143703 -0.841252 0.232516
v 0.238151 -0.838327 0.000000
v -0.126641 -0.547004 0.553521
v 0.000000 -0.756057 0.467269
v -0.211128 -0.743201 0.000000
v -0.141435 -0.827975 0.228847
v -0.373533 -0.742668 0.223740
v 0.128581 -0.752724 -0.208048
v 0.357766 -0.711320 -0.214296
v -0.394209 -0.783776 -0.236124
v -0.127666 -0.747371 -0.206568
v 0.139374 -0.602002 -0.609174
v 0.000000 -0.788988 -0.487621
v -0.142170 -0.614082 -0.621398
v 0.486470 -0.569569 -0.352013
v 0.595619 -0.602715 -0.137896
v 0.224022 -0.374004 -0.743604
v 0.391965 -0.541683 -0.634213
v 0.713393 -0.214920 -0.358809
v 0.538768 -0.332977 -0.460163
v 0.568181 -0.129995 -0.561491
v 0.754337 -0.466206 0.000000
v 0.892359 0.000000 -0.253500
v 0.856598 -0.236758 -0.146324
v 0.790437 -0.218471 0.135023
v 0.819943 0.000000 0.232929
v 0.227598 -0.140664 0.823459
v 0.479454 0.000000 0.775772
v 0.225681 0.139478 0.816520
v -0.525466 -0.615226 0.380230
v -0.375558 -0.519009 0.607666
v -0.600908 -0.371382 0.513237
v -0.361882 -0.500109 -0.585538
v -0.518038 -0.606529 -0.374856
v -0.551250 -0.340691 -0.470824
v 0.464461 0.000000 -0.751514
v 0.220452 -0.136247 -0.797603
v 0.228987 0.141522 -0.828484
v 0.789846 0.218308 0.134922
v 0.874020 0.241573 -0.149300
v 0.766708 0.473851 0.000000
v -0.550164 0.700475 0.072462
v -0.476875 0.661696 0.177829
v -0.426547 0.761563 0.115521
v -0.546585 0.464953 0.287357
v -0.566008 0.614003 0.258786
v -0.639781 0.511743 0.199938
v -0.320392 0.720945 0.327717
v -0.432619 0.656697 0.290149
v -0.407941 0.681056 0.420915
v -0.619409 0.064076 0.486493
v -0.697863 0.187549 0.502940
v -0.702465 0.106556 0.393447
v -0.507914 0.313908 0.597089
v -0.556996 0.234759 0.513457
v -0.528299 0.206406 0.660479
v -0.706526 0.321163 0.313984
v -0.610315 0.269656 0.402063
v -0.656749 0.405893 0.393381
v -0.067899 0.515515 0.656360
v -0.181495 0.486704 0.675334
v -0.115423 0.426185 0.760918
v -0.335909 0.638937 0.543513
v -0.256743 0.561541 0.609157
v -0.183448 0.587016 0.469538
v -0.348134 0.340352 0.765861
v -0.276648 0.412488 0.626139
v -0.435320 0.421901 0.704362
v -0.518513 0.452495 0.411693
v -0.500486 0.455358 0.573506
v -0.434692 0.547479 0.477773
v -0.297210 0.766863 0.109230
v -0.369123 0.837384 0.000000
v -0.199126 0.743359 0.322193
v -0.236555 0.719455 0.207364
v -0.123243 0.884831 0.000000
v -0.186646 0.819444 0.112600
v -0.070039 0.841133 0.113326
v 0.073460 0.557742 0.710123
v 0.000000 0.644853 0.652536
v 0.134524 0.722502 0.446531
v 0.066136 0.635921 0.505539
v 0.201063 0.643381 0.514623
v -0.073758 0.709203 0.563796
v -0.138639 0.744600 0.460188
v 0.356299 0.808293 0.000000
v 0.303968 0.784301 0.111714
v 0.409394 0.730938 0.110875
v 0.070738 0.849527 0.114457
v 0.191550 0.840975 0.115559
v 0.116294 0.834945 0.000000
v 0.316947 0.713194 0.324194
v 0.253057 0.769643 0.221829
v 0.205892 0.768616 0.333140
v -0.069538 0.771186 0.337543
v 0.071418 0.792037 0.346670
v 0.000000 0.805268 0.222570
v -0.321702 0.830057 -0.118231
v -0.402875 0.719299 -0.109110
v -0.075202 0.903141 -0.121680
v -0.170166 0.747090 -0.102658
v -0.305643 0.687757 -0.312631
v -0.264666 0.804952 -0.232006
v -0.206690 0.771595 -0.334431
v 0.447483 0.798943 -0.121191
v 0.321132 0.828586 -0.118022
v 0.197431 0.737030 -0.319450
v 0.238951 0.726742 -0.209464
v 0.303821 0.683657 -0.310767
v 0.179728 0.789071 -0.108427
v 0.067271 0.807894 -0.108847
v -0.073561 0.558506 -0.711097
v 0.000000 0.584061 -0.591019
v 0.067748 0.514370 -0.654902
v -0.134371 0.721679 -0.446022
v -0.068808 0.661611 -0.525961
v -0.197402 0.631667 -0.505253
v 0.182582 0.584245 -0.467321
v 0.072864 0.700606 -0.556961
v 0.127118 0.682724 -0.421947
v 0.000000 0.896065 -0.247666
v 0.073970 0.820340 -0.359058
v -0.067503 0.748625 -0.327669
v -0.512043 0.710494 -0.190944
v -0.540651 0.688364 -0.071209
v -0.401981 0.671106 -0.414766
v -0.466048 0.707442 -0.312569
v -0.602831 0.482188 -0.188391
v -0.542095 0.588063 -0.247853
v -0.555320 0.472383 -0.291949
v -0.112832 0.416617 -0.743834
v -0.167276 0.448576 -0.622429
v -0.404710 0.392235 -0.654835
v -0.300370 0.447857 -0.679829
v -0.340972 0.333350 -0.750105
v -0.230438 0.504007 -0.546745
v -0.307610 0.585109 -0.497723
v -0.716070 0.108620 -0.401066
v -0.658281 0.176912 -0.474415
v -0.651730 0.067420 -0.511878
v -0.655332 0.405018 -0.392533
v -0.631693 0.279101 -0.416146
v -0.676322 0.307433 -0.300561
v -0.535825 0.209347 -0.669888
v -0.585091 0.246600 -0.539355
v -0.501815 0.310139 -0.589919
v -0.471451 0.593776 -0.518175
v -0.467172 0.425047 -0.535332
v -0.507120 0.442553 -0.402648
v -0.543695 0.550173 0.000000
v -0.724461 0.447741 -0.134889
v -0.661950 0.526231 -0.068843
v -0.684554 0.544201 0.071194
v -0.672507 0.415632 0.125215
v -0.820024 0.000000 -0.361470
v -0.786520 0.112030 -0.304828
v -0.819380 0.110395 -0.068228
v -0.816010 0.112128 -0.185864
v -0.913044 0.000000 -0.127172
v -0.838008 0.241533 -0.275535
v -0.727770 0.315436 -0.194950
v -0.840887 0.119774 0.325899
v -0.791735 0.000000 0.349001
v -0.816411 0.353855 0.218695
v -0.759564 0.218924 0.249743
v -0.878253 0.000000 0.122327
v -0.882747 0.121299 0.201065
v -0.840670 0.113263 0.070001
v -0.770398 0.337199 -0.069467
v -0.883858 0.244292 0.000000
v -0.820092 0.358949 0.073948
v 0.466497 0.647295 0.173959
v 0.498734 0.634994 0.065688
v 0.395028 0.659499 0.407593
v 0.431927 0.655648 0.289686
v 0.615248 0.492120 0.192271
v 0.513486 0.557027 0.234772
v 0.573955 0.488236 0.301746
v 0.114573 0.423046 0.755313
v 0.171791 0.460681 0.639226
v 0.388793 0.376808 0.629080
v 0.275625 0.410963 0.623825
v 0.344641 0.336937 0.758176
v 0.240560 0.526145 0.570760
v 0.335837 0.638799 0.543395
v 0.774866 0.117539 0.433998
v 0.643814 0.173024 0.463988
v 0.673033 0.069623 0.528610
v 0.661123 0.408596 0.396001
v 0.639600 0.282595 0.421355
v 0.742641 0.337580 0.330033
v 0.539153 0.210647 0.674048
v 0.543081 0.228894 0.500630
v 0.482224 0.298031 0.566888
v 0.467649 0.588987 0.513996
v 0.508113 0.462297 0.582246
v 0.560526 0.489158 0.445051
v -0.110728 0.301286 0.777380
v 0.000000 0.355467 0.806404
v -0.314377 0.194296 0.725326
v -0.224024 0.255561 0.777260
v 0.000000 0.117054 0.840401
v -0.111296 0.184484 0.809953
v -0.114188 0.070572 0.847536
v -0.688240 -0.071196 0.540554
v -0.555992 0.000000 0.549446
v -0.448580 -0.135141 0.725817
v -0.504187 -0.065959 0.634221
v -0.541238 -0.211461 0.676655
v -0.525658 0.068768 0.661229
v -0.471029 0.141905 0.762140
v 0.000000 -0.349579 0.793047
v -0.116366 -0.316627 0.816964
v -0.105351 -0.388996 0.694519
v -0.114955 -0.071046 0.853229
v -0.108756 -0.180273 0.791465
v 0.000000 -0.117398 0.842870
v -0.325667 -0.318387 0.716435
v -0.229526 -0.261838 0.796349
v -0.340439 -0.210403 0.785456
v -0.365145 0.075224 0.834248
v -0.330274 -0.068040 0.754578
v -0.229487 0.000000 0.830292
v -0.832484 -0.118577 0.322642
v -0.699130 -0.106050 0.391578
v -0.847653 -0.114204 0.070582
v -0.888499 -0.122089 0.202375
v -0.674827 -0.306754 0.299897
v -0.771382 -0.222330 0.253629
v -0.788179 -0.341619 0.211132
v -0.708278 -0.107438 -0.396702
v -0.778052 -0.110824 -0.301546
v -0.748228 -0.324303 -0.200430
v -0.845530 -0.243701 -0.278008
v -0.690757 -0.313995 -0.306976
v -0.810638 -0.111390 -0.184640
v -0.818680 -0.110301 -0.068170
v -0.510061 -0.649416 0.067180
v -0.578461 -0.585353 0.000000
v -0.542361 -0.690541 -0.071434
v -0.712382 -0.440277 0.132640
v -0.607820 -0.483199 0.063214
v -0.621901 -0.497441 0.194350
v -0.633233 -0.506506 -0.197891
v -0.638662 -0.507717 -0.066421
v -0.678055 -0.419061 -0.126248
v -0.872200 -0.241070 0.000000
v -0.789970 -0.345765 -0.071232
v -0.835373 -0.365638 0.075326
v -0.617896 0.000000 -0.610621
v -0.625580 -0.064714 -0.491339
v -0.481069 0.144929 -0.778387
v -0.492329 0.064408 -0.619304
v -0.491185 -0.191906 -0.614079
v -0.549058 -0.071830 -0.690664
v -0.468692 -0.141200 -0.758359
v 0.000000 0.360327 -0.817430
v -0.108378 0.294891 -0.760880
v -0.106875 0.066052 -0.793251
v -0.117102 0.194108 -0.852204
v 0.000000 0.125398 -0.900303
v -0.226649 0.258555 -0.786365
v -0.315223 0.194819 -0.727279
v -0.107410 -0.396598 -0.708092
v -0.117578 -0.319925 -0.825473
v 0.000000 -0.354439 -0.804072
v -0.341992 -0.211363 -0.789040
v -0.228116 -0.260229 -0.791456
v -0.313743 -0.306730 -0.690203
v 0.000000 -0.125742 -0.902771
v -0.105626 -0.175086 -0.768690
v -0.119114 -0.073617 -0.884096
v -0.364345 0.075059 -0.832419
v -0.231662 0.000000 -0.838161
v -0.333452 -0.068695 -0.761838
v 0.164713 0.441702 -0.612890
v 0.116632 0.430648 -0.768886
v 0.308793 0.587359 -0.499637
v 0.254402 0.556419 -0.603601
v 0.332717 0.325280 -0.731945
v 0.287007 0.427933 -0.649585
v 0.423860 0.410795 -0.685820
v 0.531034 0.676119 -0.069943
v 0.520329 0.721991 -0.194034
v 0.546715 0.465064 -0.287425
v 0.538467 0.584127 -0.246194
v 0.626580 0.501184 -0.195813
v 0.434978 0.660279 -0.291732
v 0.401246 0.669879 -0.414008
v 0.610372 0.063141 -0.479395
v 0.697104 0.187345 -0.502393
v 0.784014 0.118926 -0.439122
v 0.540528 0.334065 -0.635429
v 0.611811 0.257862 -0.563987
v 0.489100 0.191091 -0.611473
v 0.758570 0.344821 -0.337113
v 0.612647 0.270686 -0.403599
v 0.661389 0.408761 -0.396161
v 0.469012 0.590703 -0.515494
v 0.571724 0.498931 -0.453943
v 0.462076 0.420410 -0.529491
v 0.500443 -0.637170 0.065913
v 0.473301 -0.656737 0.176497
v 0.449739 -0.802971 0.121802
v 0.605476 -0.515049 0.318318
v 0.537793 -0.583396 0.245886
v 0.645650 -0.516438 0.201772
v 0.335577 -0.755115 0.343250
v 0.439554 -0.667224 0.294800
v 0.395086 -0.659594 0.407651
v 0.646882 -0.066918 0.508071
v 0.658908 -0.177080 0.474866
v 0.767074 -0.116357 0.429634
v 0.521980 -0.322602 0.613625
v 0.568515 -0.239614 0.524075
v 0.494513 -0.193206 0.618240
v 0.757076 -0.344141 0.336448
v 0.666106 -0.294306 0.438817
v 0.591791 -0.365747 0.354473
v 0.066689 -0.506332 0.644669
v 0.182957 -0.490625 0.680774
v 0.109151 -0.403027 0.719571
v 0.327039 -0.622066 0.529161
v 0.259260 -0.567046 0.615129
v 0.191444 -0.612603 0.490004
v 0.317412 -0.310317 0.698274
v 0.283712 -0.423021 0.642129
v 0.419201 -0.406280 0.678282
v 0.571734 -0.498940 0.453950
v 0.508843 -0.462961 0.583082
v 0.429768 -0.541278 0.472361
v 0.286097 -0.738189 0.105146
v 0.328841 -0.746003 0.000000
v 0.184751 -0.689696 0.298934
v 0.234557 -0.713379 0.205612
v 0.109449 -0.785797 0.000000
v 0.191340 -0.840053 0.115432
v 0.066983 -0.804426 0.108380
v -0.072502 -0.550469 0.700864
v 0.000000 -0.653056 0.660836
v -0.134630 -0.723070 0.446882
v -0.067480 -0.648837 0.515806
v -0.206265 -0.660026 0.527936
v 0.071535 -0.687832 0.546806
v 0.127377 -0.684115 0.422806
v -0.341665 -0.775094 0.000000
v -0.286667 -0.739660 0.105355
v -0.405131 -0.723328 0.109721
v -0.074914 -0.899673 0.121213
v -0.181778 -0.798072 0.109663
v -0.116397 -0.835683 0.000000
v -0.337399 -0.759215 0.345114
v -0.260273 -0.791589 0.228154
v -0.194010 -0.724261 0.313915
v 0.074817 -0.829736 0.363171
v -0.068351 -0.758021 0.331781
v 0.000000 -0.800331 0.221206
v 0.310589 -0.801383 -0.114147
v 0.426067 -0.760707 -0.115391
v 0.072146 -0.866434 -0.116735
v 0.174860 -0.767699 -0.105490
v 0.320828 -0.721927 -0.328164
v 0.262668 -0.798876 -0.230255
v 0.192315 -0.717932 -0.311172
v -0.443220 -0.791332 -0.120036
v -0.303830 -0.783945 -0.111663
v -0.185549 -0.692675 -0.300225
v -0.246167 -0.748689 -0.215789
v -0.324272 -0.729678 -0.331687
v -0.169956 -0.746168 -0.102531
v -0.071447 -0.858040 -0.115604
v 0.072351 -0.549324 -0.699406
v 0.000000 -0.592263 -0.599320
v -0.066790 -0.507097 -0.645642
v 0.123109 -0.661194 -0.408641
v 0.066585 -0.640239 -0.508972
v 0.205399 -0.657255 -0.525720
v -0.187784 -0.600889 -0.480635
v -0.074207 -0.713522 -0.567229
v -0.127224 -0.683292 -0.422298
v 0.000000 -0.891128 -0.246302
v -0.070903 -0.786324 -0.344170
v 0.072783 -0.807175 -0.353296
v 0.508469 -0.705535 -0.189611
v 0.490931 -0.625059 -0.064661
v 0.389126 -0.649645 -0.401502
v 0.472983 -0.717969 -0.317221
v 0.608700 -0.486883 -0.190225
v 0.513880 -0.557455 -0.234952
v 0.614211 -0.522479 -0.322910
v 0.106560 -0.393459 -0.702487
v 0.168738 -0.452497 -0.627869
v 0.388592 -0.376613 -0.628754
v 0.307434 -0.458391 -0.695819
v 0.310250 -0.303315 -0.682519
v 0.232955 -0.509512 -0.552716
v 0.298740 -0.568237 -0.483371
v 0.780679 -0.118420 -0.437253
v 0.619326 -0.166443 -0.446340
v 0.679203 -0.070262 -0.533456
v 0.590375 -0.364872 -0.353625
v 0.687484 -0.303751 -0.452900
v 0.726872 -0.330411 -0.323025
v 0.502039 -0.196147 -0.627649
v 0.596609 -0.251455 -0.549974
v 0.515881 -0.318832 -0.606455
v 0.466528 -0.587575 -0.512764
v 0.475529 -0.432650 -0.544908
v 0.560341 -0.488997 -0.444905
v 0.610798 -0.618075 0.000000
v 0.752106 -0.464827 -0.140036
v 0.606534 -0.482177 -0.063080
v 0.629139 -0.500147 0.065431
v 0.700152 -0.432718 0.130363
v 0.806845 0.000000 -0.355661
v 0.777699 -0.110773 -0.301409
v 0.895457 -0.120645 -0.074563
v 0.818104 -0.112416 -0.186341
v 0.862099 0.000000 -0.120077
v 0.841642 -0.242581 -0.276730
v 0.727933 -0.315507 -0.194994
v 0.832066 -0.118517 0.322480
v 0.778556 0.000000 0.343191
v 0.816574 -0.353926 0.218738
v 0.763198 -0.219971 0.250938
v 0.827308 0.000000 0.115231
v 0.884841 -0.121586 0.201542
v 0.916748 -0.123513 0.076335
v 0.773960 -0.338758 -0.069788
v 0.812500 -0.224570 0.000000
v 0.823654 -0.360509 0.074269
v 0.114329 -0.311083 0.802659
v 0.348321 -0.215274 0.803641
v 0.207115 -0.236272 0.718594
v 0.107411 -0.178045 0.781683
v 0.118081 -0.072978 0.876429
v 0.549281 0.000000 0.542814
v 0.441865 0.133118 0.714952
v 0.497623 0.065101 0.625965
v 0.554352 -0.072522 0.697324
v 0.429487 -0.129389 0.694925
v 0.105128 0.286049 0.738066
v 0.105842 0.065414 0.785584
v 0.118887 0.197068 0.865197
v 0.205648 0.234598 0.713503
v 0.321552 0.198730 0.741880
v 0.326112 -0.067183 0.745069
v 0.357005 0.073547 0.815650
v 0.206062 0.000000 0.745538
v -0.465015 -0.645239 0.173407
v -0.395820 -0.660821 0.408410
v -0.470623 -0.714387 0.315638
v -0.541421 -0.587332 0.247544
v -0.614080 -0.522368 0.322841
v -0.185520 -0.497499 0.690312
v -0.400051 -0.387720 0.647297
v -0.297075 -0.442945 0.672373
v -0.235297 -0.514633 0.558272
v -0.325857 -0.619816 0.527247
v -0.620085 -0.166647 0.446887
v -0.585734 -0.362004 0.350845
v -0.685151 -0.302721 0.451363
v -0.541795 -0.228352 0.499444
v -0.483267 -0.298676 0.568115
v -0.432208 -0.544350 0.475043
v -0.513940 -0.467598 0.588922
v -0.507130 -0.442561 0.402655
v -0.178442 -0.478519 -0.663977
v -0.298813 -0.568376 -0.483489
v -0.249138 -0.544907 -0.591113
v -0.308457 -0.459916 -0.698134
v -0.435119 -0.421706 -0.704037
v -0.518848 -0.719935 -0.193481
v -0.586840 -0.499196 -0.308520
v -0.566403 -0.614432 -0.258966
v -0.473674 -0.719018 -0.317684
v -0.402038 -0.671202 -0.414825
v -0.673375 -0.180968 -0.485292
v -0.541572 -0.334710 -0.636656
v -0.610524 -0.257320 -0.562801
v -0.658199 -0.290813 -0.433608
v -0.586001 -0.362168 -0.351004
v -0.433571 -0.546067 -0.476541
v -0.518329 -0.452334 -0.411547
v -0.467902 -0.425711 -0.536168
v 0.611185 0.000000 -0.603989
v 0.439528 -0.132414 -0.711171
v 0.521023 -0.068162 -0.655400
v 0.542494 0.070971 -0.682408
v 0.461977 0.139177 -0.747494
v 0.111978 -0.304688 -0.786159
v 0.110767 -0.068458 -0.822144
v 0.113217 -0.187669 -0.823934
v 0.209740 -0.239266 -0.727699
v 0.349167 -0.215797 -0.805594
v 0.106340 0.289347 -0.746575
v 0.323105 0.199690 -0.745464
v 0.204238 0.232989 -0.708610
v 0.115758 0.191880 -0.842422
v 0.110000 0.067984 -0.816451
v 0.325312 -0.067018 -0.743240
v 0.208236 0.000000 -0.753407
v 0.360183 0.074202 -0.822909
v 0.840533 0.119723 0.325762
v 0.917447 0.123608 0.076394
v 0.890213 0.122325 0.202765
v 0.755676 0.217803 0.248465
v 0.796116 0.345059 0.213258
v 0.786102 0.111970 -0.304666
v 0.756164 0.327743 -0.202556
v 0.829824 0.239174 -0.272844
v 0.812352 0.111626 -0.185031
v 0.888475 0.119704 -0.073981
v 0.576032 0.582895 0.000000
v 0.746558 0.461398 0.139003
v 0.652427 0.518660 0.067853
v 0.683269 0.543179 -0.071060
v 0.712230 0.440182 -0.132612
v 0.824158 0.227792 0.000000
v 0.758679 0.332069 -0.068410
v 0.804082 0.351942 0.072504
v -0.493873 0.707247 0.035086
v -0.456843 0.684703 0.088158
v -0.424477 0.720891 0.055131
v -0.563672 0.666005 0.166488
v -0.517504 0.687375 0.128236
v -0.562275 0.638051 0.103791
v -0.422392 0.794620 0.179885
v -0.437839 0.687465 0.142763
v -0.433820 0.714438 0.204111
v -0.657315 0.477555 0.295145
v -0.587213 0.484080 0.243911
v -0.689294 0.486664 0.240118
v -0.553144 0.622692 0.323025
v -0.545445 0.525025 0.268894
v -0.552402 0.550184 0.340032
v -0.566989 0.510947 0.155254
v -0.545026 0.507454 0.206640
v -0.558576 0.584883 0.190175
v -0.278891 0.673903 0.360251
v -0.381295 0.736737 0.391880
v -0.341133 0.700568 0.432975
v -0.429234 0.743750 0.273823
v -0.412453 0.753188 0.337756
v -0.363649 0.767183 0.289284
v -0.431729 0.599298 0.370387
v -0.422927 0.671978 0.355123
v -0.459899 0.613102 0.321406
v -0.539315 0.661588 0.225268
v -0.499275 0.637544 0.275551
v -0.447664 0.648870 0.230209
v -0.670645 0.033270 0.468314
v -0.655944 0.084456 0.437655
v -0.741385 0.056698 0.436545
v -0.644192 0.161036 0.545211
v -0.671524 0.125279 0.505570
v -0.642804 0.104564 0.566463
v -0.714585 0.161767 0.379848
v -0.694396 0.144203 0.442253
v -0.738777 0.211064 0.448599
v -0.463352 0.286367 0.637765
v -0.543483 0.273843 0.659272
v -0.500945 0.247164 0.709522
v -0.597967 0.310199 0.531181
v -0.575556 0.294774 0.597941
v -0.552096 0.341214 0.554322
v -0.512681 0.155781 0.568914
v -0.543212 0.221201 0.583432
v -0.545994 0.177530 0.521437
v -0.657305 0.351378 0.272022
v -0.637946 0.339332 0.330166
v -0.669941 0.414046 0.326219
v -0.716940 0.263953 0.413761
v -0.654965 0.293709 0.358665
v -0.769118 0.290014 0.364566
v -0.630930 0.389936 0.454516
v -0.624943 0.330266 0.393324
v -0.613538 0.321635 0.460227
v -0.596179 0.202997 0.485994
v -0.577560 0.249626 0.452301
v -0.656967 0.233082 0.453250
v -0.034370 0.483788 0.692805
v -0.086737 0.449478 0.673665
v -0.054745 0.421506 0.715846
v -0.147414 0.499093 0.589702
v -0.117602 0.474590 0.630374
v -0.099530 0.539192 0.611858
v -0.168408 0.395442 0.743921
v -0.148686 0.456002 0.715983
v -0.203131 0.431738 0.711008
v -0.290101 0.646080 0.469393
v -0.249540 0.600764 0.495251
v -0.211460 0.607027 0.428581
v -0.314385 0.538349 0.606036
v -0.296584 0.601613 0.579091
v -0.347441 0.564438 0.562171
v -0.156508 0.571568 0.515074
v -0.212558 0.560635 0.521987
v -0.179647 0.527653 0.552503
v -0.385116 0.298141 0.720417
v -0.393922 0.383282 0.740575
v -0.421711 0.332258 0.682343
v -0.239138 0.374862 0.649538
v -0.305406 0.372949 0.681049
v -0.262993 0.330599 0.697459
v -0.391989 0.456909 0.634252
v -0.349339 0.416039 0.661034
v -0.313971 0.449260 0.598919
v -0.218050 0.522033 0.640389
v -0.278068 0.503835 0.643366
v -0.240316 0.467319 0.677358
v -0.616897 0.450524 0.347700
v -0.530998 0.393675 0.438064
v -0.571686 0.420338 0.393752
v -0.527876 0.454592 0.345158
v -0.547689 0.555712 0.416503
v -0.450633 0.347784 0.617046
v -0.447924 0.498431 0.604171
v -0.476091 0.445977 0.647512
v -0.473563 0.359562 0.549905
v -0.497639 0.372978 0.490455
v -0.377886 0.670453 0.489637
v -0.478216 0.579668 0.429758
v -0.406746 0.590553 0.434210
v -0.380247 0.581539 0.500805
v -0.392191 0.515719 0.523274
v -0.512485 0.456107 0.490951
v -0.493901 0.531632 0.554951
v -0.528724 0.551916 0.491200
v -0.407210 0.816428 0.060178
v -0.406432 0.772408 0.000000
v -0.351979 0.794046 0.173985
v -0.388461 0.824816 0.121173
v -0.282442 0.783508 0.000000
v -0.336964 0.813823 0.058251
v -0.249604 0.745553 0.052038
v -0.216170 0.670983 0.349770
v -0.240386 0.679550 0.301523
v -0.197003 0.793289 0.223864
v -0.218040 0.729813 0.262596
v -0.175363 0.805285 0.283743
v -0.270142 0.703082 0.258718
v -0.307341 0.743706 0.219057
v -0.060821 0.877560 0.000000
v -0.097359 0.874630 0.058837
v -0.034790 0.840829 0.056292
v -0.198525 0.775911 0.053432
v -0.157080 0.858434 0.058254
v -0.171223 0.812928 0.000000
v -0.106177 0.841225 0.171798
v -0.133829 0.864905 0.117675
v -0.167853 0.841267 0.173592
v -0.261175 0.728907 0.156723
v -0.212387 0.766908 0.161671
v -0.226821 0.741511 0.103714
v 0.036957 0.520208 0.744960
v 0.000000 0.567001 0.721912
v 0.067922 0.590617 0.597654
v 0.037131 0.603791 0.684649
v 0.100734 0.545714 0.619258
v -0.037198 0.604872 0.685875
v -0.072742 0.632531 0.640067
v 0.203036 0.719399 0.444613
v 0.168350 0.683988 0.481745
v 0.238764 0.685408 0.483920
v 0.033596 0.675238 0.474477
v 0.098813 0.673951 0.473941
v 0.065625 0.709313 0.438380
v 0.160371 0.585674 0.527785
v 0.130555 0.631327 0.503412
v 0.096990 0.591329 0.530471
v -0.164518 0.668417 0.470778
v -0.188971 0.669566 0.413815
v -0.107012 0.652433 0.585286
v -0.137167 0.663297 0.528905
v -0.068514 0.740540 0.457679
v -0.107091 0.730408 0.513644
v -0.035340 0.710302 0.499115
v 0.034702 0.634285 0.569454
v 0.000000 0.674736 0.536395
v -0.037235 0.680573 0.611011
v 0.409504 0.778247 0.000000
v 0.383855 0.769604 0.056727
v 0.431219 0.732341 0.056006
v 0.273704 0.817540 0.057062
v 0.329563 0.795947 0.056972
v 0.298195 0.827206 0.000000
v 0.387323 0.728647 0.164951
v 0.358634 0.761484 0.111869
v 0.333921 0.753307 0.165059
v 0.034351 0.830223 0.055581
v 0.094379 0.847853 0.057036
v 0.057130 0.824293 0.000000
v 0.168003 0.842021 0.173748
v 0.132999 0.859545 0.116946
v 0.108221 0.857420 0.175105
v 0.177577 0.843098 0.000000
v 0.156289 0.854113 0.057961
v 0.214948 0.840097 0.057852
v 0.293751 0.709809 0.379446
v 0.260591 0.736668 0.326867
v 0.236605 0.734415 0.382836
v 0.307976 0.745240 0.219509
v 0.284082 0.739363 0.272068
v 0.340492 0.718331 0.270863
v 0.175551 0.806149 0.284047
v 0.229648 0.768669 0.276576
v 0.200079 0.805678 0.227361
v 0.247794 0.810075 0.113304
v 0.223280 0.806242 0.169962
v 0.277742 0.775144 0.166664
v -0.171454 0.751228 0.392908
v -0.034544 0.740044 0.388284
v -0.105103 0.771755 0.404492
v -0.141820 0.797013 0.347169
v -0.105771 0.805455 0.286256
v 0.173225 0.758987 0.396966
v 0.108644 0.827332 0.294031
v 0.141873 0.797309 0.347298
v 0.103919 0.763061 0.399935
v 0.034643 0.742160 0.389394
v 0.000000 0.823255 0.110917
v -0.068249 0.804455 0.222346
v -0.034187 0.811243 0.166059
v 0.035111 0.833149 0.170543
v 0.071308 0.840505 0.232310
v 0.000000 0.762609 0.333790
v 0.035302 0.804834 0.285601
v -0.034180 0.779247 0.276522
v -0.388970 0.779859 -0.057483
v -0.420586 0.714283 -0.054625
v -0.260684 0.778648 -0.054348
v -0.346255 0.836261 -0.059857
v -0.382284 0.719167 -0.162805
v -0.367011 0.779270 -0.114482
v -0.341399 0.770178 -0.168755
v -0.036596 0.884476 -0.059214
v -0.099789 0.896462 -0.060306
v -0.148993 0.746744 -0.154088
v -0.128317 0.829282 -0.112828
v -0.104465 0.827665 -0.169028
v -0.150759 0.823891 -0.055910
v -0.190955 0.746323 -0.051395
v -0.277766 0.671185 -0.358798
v -0.248177 0.701575 -0.311296
v -0.216770 0.672846 -0.350741
v -0.311175 0.752982 -0.221789
v -0.280254 0.729400 -0.268402
v -0.333014 0.702555 -0.264915
v -0.167370 0.768582 -0.270811
v -0.235783 0.789203 -0.283965
v -0.190426 0.766808 -0.216392
v -0.236022 0.771589 -0.107921
v -0.212469 0.767203 -0.161733
v -0.293504 0.819134 -0.176123
v 0.453576 0.770309 -0.058910
v 0.403384 0.808758 -0.059613
v 0.358082 0.807814 -0.177002
v 0.388679 0.825279 -0.121241
v 0.426145 0.801680 -0.181484
v 0.343784 0.830293 -0.059430
v 0.279776 0.835677 -0.058328
v 0.236057 0.732712 -0.381948
v 0.247547 0.699793 -0.310506
v 0.292372 0.706477 -0.377665
v 0.179069 0.721073 -0.203485
v 0.210066 0.703124 -0.252992
v 0.161878 0.743359 -0.261923
v 0.336167 0.709206 -0.267423
v 0.268803 0.699597 -0.257435
v 0.310509 0.751370 -0.221314
v 0.089900 0.807623 -0.054330
v 0.034224 0.827155 -0.055376
v 0.212024 0.828672 -0.057066
v 0.149183 0.815279 -0.055326
v 0.098847 0.783153 -0.159938
v 0.120831 0.780904 -0.106246
v 0.149661 0.750092 -0.154778
v 0.282230 0.787668 -0.169357
v 0.210149 0.758826 -0.159967
v 0.248378 0.811984 -0.113571
v -0.036479 0.513478 -0.735322
v 0.000000 0.563995 -0.718085
v 0.037561 0.528712 -0.757138
v -0.068287 0.593791 -0.600866
v -0.035925 0.584174 -0.662404
v -0.109012 0.590557 -0.670144
v 0.099411 0.538546 -0.611124
v 0.033690 0.547834 -0.621198
v 0.069513 0.604453 -0.611655
v -0.181122 0.641753 -0.396625
v -0.152948 0.621409 -0.437669
v -0.223633 0.641971 -0.453252
v -0.037659 0.756902 -0.531861
v -0.101840 0.694598 -0.488461
v -0.071587 0.773749 -0.478203
v -0.170464 0.622535 -0.561003
v -0.125655 0.607632 -0.484518
v -0.098367 0.599725 -0.538003
v 0.225028 0.645977 -0.456081
v 0.154355 0.627128 -0.441697
v 0.197714 0.700544 -0.432960
v 0.108824 0.663479 -0.595195
v 0.129889 0.628106 -0.500844
v 0.166004 0.606248 -0.546325
v 0.064023 0.691990 -0.427674
v 0.096293 0.656766 -0.461856
v 0.036100 0.725575 -0.509848
v -0.034128 0.623797 -0.560038
v 0.000000 0.723401 -0.575083
v 0.036697 0.670756 -0.602198
v 0.000000 0.878630 -0.118378
v 0.071943 0.847991 -0.234379
v 0.036494 0.865975 -0.177262
v -0.038190 0.906207 -0.185498
v -0.070478 0.830723 -0.229606
v 0.173063 0.758276 -0.396594
v 0.034380 0.736537 -0.386444
v 0.102944 0.755901 -0.396182
v 0.141954 0.797766 -0.347497
v 0.108343 0.825041 -0.293217
v -0.170982 0.749160 -0.391826
v -0.098250 0.748182 -0.265901
v -0.137527 0.772886 -0.336659
v -0.105902 0.777622 -0.407567
v -0.034855 0.746697 -0.391775
v 0.038073 0.868014 -0.308021
v 0.000000 0.780821 -0.341761
v -0.035694 0.813757 -0.288768
v -0.493397 0.739489 -0.095212
v -0.509173 0.729158 -0.036173
v -0.456514 0.751811 -0.214788
v -0.476031 0.747432 -0.155217
v -0.515421 0.584882 -0.095142
v -0.527983 0.701294 -0.130833
v -0.503254 0.594618 -0.148643
v -0.346446 0.711480 -0.439719
v -0.378801 0.731917 -0.389316
v -0.453151 0.604105 -0.316690
v -0.436490 0.693528 -0.366512
v -0.431718 0.599284 -0.370378
v -0.408092 0.745224 -0.334185
v -0.433771 0.751612 -0.276718
v -0.628193 0.443525 -0.218833
v -0.579156 0.477438 -0.240565
v -0.606653 0.440749 -0.272398
v -0.555233 0.581382 -0.189036
v -0.612355 0.570141 -0.232166
v -0.632179 0.569693 -0.173105
v -0.569186 0.566901 -0.350364
v -0.591183 0.569052 -0.291442
v -0.527848 0.594215 -0.308252
v -0.491415 0.712286 -0.252708
v -0.472483 0.603332 -0.260765
v -0.489008 0.599876 -0.204255
v -0.053969 0.415534 -0.705703
v -0.086167 0.446525 -0.669239
v -0.206208 0.438277 -0.721778
v -0.141047 0.432575 -0.679200
v -0.170847 0.401168 -0.754692
v -0.119415 0.481904 -0.640090
v -0.153887 0.521010 -0.615598
v -0.450984 0.355322 -0.729708
v -0.376477 0.366308 -0.707778
v -0.404428 0.313091 -0.756543
v -0.348473 0.498630 -0.664734
v -0.335153 0.399144 -0.634189
v -0.379002 0.441770 -0.613237
v -0.255805 0.321562 -0.678395
v -0.293392 0.358278 -0.654258
v -0.252120 0.395213 -0.684800
v -0.267383 0.643721 -0.530663
v -0.304511 0.678174 -0.492710
v -0.191835 0.563452 -0.589988
v -0.229244 0.604648 -0.562966
v -0.336307 0.546350 -0.544156
v -0.267499 0.542614 -0.522301
v -0.305901 0.523821 -0.589683
v -0.241883 0.470366 -0.681776
v -0.275407 0.499013 -0.637210
v -0.196988 0.471609 -0.578532
v -0.770298 0.058909 -0.453569
v -0.687503 0.088519 -0.458711
v -0.727330 0.036082 -0.507897
v -0.716120 0.204591 -0.434842
v -0.661411 0.137353 -0.421245
v -0.709682 0.160657 -0.377242
v -0.576191 0.093729 -0.507762
v -0.616541 0.115021 -0.464175
v -0.604507 0.151115 -0.511623
v -0.690274 0.426613 -0.336120
v -0.652263 0.346947 -0.337576
v -0.698019 0.373143 -0.288872
v -0.570380 0.299010 -0.427853
v -0.608441 0.321545 -0.382938
v -0.615389 0.380331 -0.443320
v -0.752043 0.283575 -0.356472
v -0.654259 0.293393 -0.358279
v -0.728381 0.268165 -0.420364
v -0.461807 0.227854 -0.654088
v -0.488962 0.246371 -0.593135
v -0.464805 0.287265 -0.639765
v -0.610278 0.198432 -0.582829
v -0.562154 0.228914 -0.603776
v -0.571079 0.173526 -0.633717
v -0.537504 0.332195 -0.539671
v -0.512624 0.262542 -0.532561
v -0.538086 0.279135 -0.477988
v -0.694647 0.246450 -0.479247
v -0.609073 0.263246 -0.476979
v -0.652702 0.222242 -0.532071
v -0.356212 0.631998 -0.461553
v -0.436929 0.574549 -0.582965
v -0.372527 0.569733 -0.490638
v -0.404484 0.587268 -0.431796
v -0.495628 0.600775 -0.445406
v -0.495462 0.382382 -0.678429
v -0.555388 0.416260 -0.547370
v -0.529857 0.402305 -0.615274
v -0.440407 0.412550 -0.598980
v -0.426504 0.474595 -0.575279
v -0.599501 0.437820 -0.337895
v -0.540917 0.548841 -0.411354
v -0.528632 0.455243 -0.345653
v -0.589412 0.433372 -0.405960
v -0.575392 0.426588 -0.474688
v -0.469892 0.505788 -0.527974
v -0.487534 0.433901 -0.467048
v -0.508067 0.530353 -0.472009
v -0.551577 0.702275 0.000000
v -0.553253 0.559845 -0.063625
v -0.530676 0.601743 -0.032635
v -0.548491 0.621943 0.033730
v -0.541590 0.548043 0.062284
v -0.726674 0.449109 -0.205089
v -0.632128 0.445219 -0.155586
v -0.652356 0.458398 -0.032457
v -0.639505 0.449718 -0.093763
v -0.711872 0.439961 -0.065862
v -0.633871 0.505441 -0.131081
v -0.641901 0.575838 -0.105285
v -0.695178 0.489626 0.171104
v -0.671441 0.414973 0.189500
v -0.592166 0.531222 0.097127
v -0.669340 0.533723 0.138416
v -0.680390 0.420504 0.062949
v -0.686610 0.482843 0.100669
v -0.670135 0.470891 0.033342
v -0.634631 0.569765 -0.034721
v -0.681255 0.541578 0.000000
v -0.615634 0.552709 0.033682
v -0.788117 0.000000 -0.414697
v -0.813670 0.059975 -0.405834
v -0.873290 0.060954 -0.292369
v -0.848214 0.060713 -0.351204
v -0.848117 0.000000 -0.305733
v -0.755935 0.111054 -0.356021
v -0.742279 0.162642 -0.329032
v -0.874668 0.058557 -0.036190
v -0.889871 0.059863 -0.099056
v -0.924709 0.000000 -0.064089
v -0.820468 0.169300 -0.163703
v -0.818728 0.111392 -0.126684
v -0.843309 0.172223 -0.106440
v -0.894880 0.000000 -0.188484
v -0.894868 0.060727 -0.163747
v -0.889251 0.061237 -0.227524
v -0.704708 0.312686 -0.249286
v -0.730763 0.380932 -0.235429
v -0.807052 0.237715 -0.333520
v -0.783293 0.288234 -0.300961
v -0.818122 0.288266 -0.178158
v -0.805552 0.289847 -0.240667
v -0.863281 0.243616 -0.214384
v -0.805909 0.112721 -0.246520
v -0.798063 0.168238 -0.221015
v -0.772283 0.166049 -0.276717
v -0.814644 0.060047 0.406320
v -0.796325 0.000000 0.419016
v -0.733724 0.160768 0.325240
v -0.771430 0.113330 0.363318
v -0.785411 0.000000 0.283128
v -0.847475 0.060660 0.350898
v -0.841863 0.058760 0.281847
v -0.696661 0.363155 0.224442
v -0.772311 0.342683 0.273200
v -0.777667 0.219456 0.193123
v -0.801363 0.288340 0.239416
v -0.785597 0.276806 0.171075
v -0.802429 0.295275 0.308314
v -0.761748 0.224371 0.314798
v -0.910131 0.000000 0.063079
v -0.825695 0.055546 0.091912
v -0.847511 0.056739 0.035067
v -0.823186 0.056688 0.210621
v -0.815503 0.055341 0.149224
v -0.836631 0.000000 0.176215
v -0.903939 0.184605 0.114092
v -0.863540 0.117489 0.133618
v -0.886502 0.182926 0.176878
v -0.780894 0.167901 0.279802
v -0.840259 0.177133 0.232701
v -0.880592 0.123167 0.269364
v -0.769585 0.402509 -0.175644
v -0.806249 0.286538 -0.105876
v -0.746462 0.325149 -0.132825
v -0.797692 0.418086 -0.108635
v -0.809078 0.424505 -0.037766
v -0.824268 0.111054 0.000000
v -0.856189 0.236645 0.072638
v -0.896908 0.183594 0.037798
v -0.872920 0.178684 -0.036787
v -0.892356 0.246641 -0.075707
v -0.736696 0.385308 0.168138
v -0.800468 0.419987 0.037365
v -0.774427 0.405892 0.105467
v -0.828135 0.360725 0.147358
v -0.778702 0.276748 0.102258
v -0.792932 0.281378 -0.034780
v -0.780815 0.277078 0.034249
v -0.797319 0.348982 0.000000
v 0.458287 0.686867 0.088437
v 0.477602 0.683946 0.033930
v 0.421206 0.693664 0.198176
v 0.440125 0.691054 0.143509
v 0.520645 0.590810 0.096107
v 0.482081 0.640325 0.119458
v 0.504215 0.595754 0.148927
v 0.333787 0.685484 0.423652
v 0.356054 0.687966 0.365938
v 0.460555 0.613975 0.321864
v 0.413775 0.657437 0.347438
v 0.446970 0.620455 0.383462
v 0.378171 0.690586 0.309683
v 0.399971 0.693046 0.255156
v 0.660682 0.466463 0.230151
v 0.592356 0.488320 0.246048
v 0.635351 0.461598 0.285283
v 0.528523 0.553414 0.179943
v 0.556580 0.518211 0.211020
v 0.576861 0.519843 0.157957
v 0.527320 0.525203 0.324593
v 0.539969 0.519754 0.266195
v 0.500175 0.563063 0.292092
v 0.450079 0.652370 0.231451
v 0.475481 0.607160 0.262419
v 0.489988 0.601078 0.204665
v 0.056966 0.438605 0.744885
v 0.096393 0.499517 0.748661
v 0.200728 0.426631 0.702599
v 0.151006 0.463118 0.727157
v 0.170601 0.400592 0.753609
v 0.125779 0.507588 0.674204
v 0.146957 0.497546 0.587874
v 0.414335 0.326447 0.670409
v 0.363320 0.353507 0.683044
v 0.403465 0.312345 0.754741
v 0.320358 0.458399 0.611102
v 0.333506 0.397183 0.631075
v 0.384002 0.447599 0.621328
v 0.284348 0.357443 0.754092
v 0.307537 0.375551 0.685801
v 0.253405 0.397227 0.688292
v 0.267428 0.643830 0.530753
v 0.302768 0.674291 0.489889
v 0.179192 0.526319 0.551106
v 0.222738 0.587487 0.546988
v 0.363456 0.590455 0.588084
v 0.292302 0.592926 0.570729
v 0.309657 0.530253 0.596922
v 0.220441 0.428669 0.621337
v 0.255305 0.462590 0.590700
v 0.196641 0.470778 0.577512
v 0.767112 0.058666 0.451693
v 0.738379 0.095070 0.492657
v 0.688653 0.034164 0.480889
v 0.663634 0.189596 0.402971
v 0.709416 0.147322 0.451819
v 0.723511 0.163788 0.384593
v 0.645992 0.105083 0.569273
v 0.689273 0.128590 0.518933
v 0.633686 0.158409 0.536319
v 0.685805 0.423851 0.333944
v 0.707967 0.376577 0.366405
v 0.740015 0.395593 0.306251
v 0.611713 0.320678 0.458857
v 0.665392 0.351642 0.418782
v 0.628062 0.388164 0.452450
v 0.716108 0.270025 0.339439
v 0.696308 0.312249 0.381305
v 0.665710 0.245092 0.384195
v 0.500714 0.247051 0.709195
v 0.500791 0.252331 0.607484
v 0.464850 0.287293 0.639827
v 0.579895 0.188553 0.553813
v 0.537338 0.218809 0.577123
v 0.575375 0.174831 0.638484
v 0.527125 0.325781 0.529250
v 0.511067 0.261745 0.530943
v 0.552340 0.286530 0.490650
v 0.616736 0.218808 0.425495
v 0.581280 0.251234 0.455214
v 0.586431 0.199677 0.478048
v 0.371040 0.658306 0.480766
v 0.437731 0.575603 0.584035
v 0.407863 0.623775 0.537178
v 0.431731 0.626828 0.460882
v 0.480075 0.581921 0.431429
v 0.442544 0.341541 0.605970
v 0.548824 0.411341 0.540900
v 0.494765 0.375661 0.574525
v 0.448205 0.419855 0.609586
v 0.452637 0.503674 0.610527
v 0.621576 0.453942 0.350338
v 0.522723 0.530380 0.397517
v 0.566226 0.487618 0.370234
v 0.607833 0.446916 0.418648
v 0.587525 0.435583 0.484698
v 0.498295 0.536361 0.559887
v 0.545678 0.485648 0.522748
v 0.516644 0.539305 0.479977
v -0.058315 0.394600 0.791146
v 0.000000 0.388104 0.737578
v -0.157414 0.318454 0.718416
v -0.117533 0.376790 0.800034
v 0.000000 0.314866 0.873453
v -0.060683 0.351033 0.847801
v -0.058152 0.278931 0.833152
v -0.367243 0.226969 0.704504
v -0.337572 0.269125 0.760793
v -0.228857 0.201396 0.810982
v -0.283569 0.235454 0.788103
v -0.261421 0.161567 0.741933
v -0.284915 0.297496 0.774273
v -0.205999 0.289021 0.699374
v 0.000000 0.063445 0.915410
v -0.060937 0.100833 0.905840
v -0.059652 0.036867 0.891024
v -0.054725 0.203330 0.794690
v -0.056478 0.152290 0.832259
v 0.000000 0.172833 0.820575
v -0.163451 0.101019 0.800357
v -0.119124 0.135476 0.875553
v -0.173435 0.167701 0.840508
v -0.154134 0.256861 0.716866
v -0.165957 0.218018 0.787242
v -0.105461 0.230642 0.754004
v -0.728561 -0.036144 0.508757
v -0.637457 0.000000 0.500668
v -0.567247 -0.064467 0.560568
v -0.601839 -0.032640 0.530761
v -0.648265 -0.105453 0.571276
v -0.586375 0.031801 0.517124
v -0.611415 0.069486 0.604217
v -0.425481 -0.194299 0.688442
v -0.466050 -0.162866 0.661704
v -0.501417 -0.247397 0.710190
v -0.522489 -0.036995 0.743565
v -0.479417 -0.099955 0.681737
v -0.485207 -0.072635 0.785081
v -0.576081 -0.175046 0.639267
v -0.500756 -0.129866 0.627996
v -0.532599 -0.097379 0.593701
v -0.502962 0.175765 0.714113
v -0.464793 0.212251 0.752050
v -0.555186 0.101509 0.618879
v -0.490170 0.127121 0.614720
v -0.434938 0.065110 0.703745
v -0.465197 0.096990 0.661517
v -0.493801 0.034964 0.702739
v -0.528851 -0.032228 0.589060
v -0.553399 0.000000 0.696125
v -0.582055 0.035470 0.648320
v 0.000000 -0.432611 0.822161
v -0.060271 -0.407837 0.817686
v -0.055727 -0.429070 0.728691
v -0.054204 -0.259996 0.776593
v -0.058380 -0.337710 0.815623
v 0.000000 -0.282536 0.783768
v -0.151937 -0.356766 0.671162
v -0.115183 -0.369257 0.784041
v -0.162832 -0.329417 0.743147
v -0.054743 -0.033833 0.817703
v -0.057575 -0.095270 0.855865
v 0.000000 -0.058158 0.839127
v -0.154932 -0.149810 0.750836
v -0.118578 -0.134856 0.871541
v -0.169417 -0.104706 0.829570
v 0.000000 -0.190217 0.903108
v -0.061236 -0.165122 0.902382
v -0.057698 -0.214375 0.837858
v -0.392117 -0.303560 0.733511
v -0.313088 -0.249606 0.705614
v -0.367269 -0.226985 0.704553
v -0.210369 -0.295152 0.714211
v -0.259230 -0.270677 0.704472
v -0.260180 -0.327063 0.689999
v -0.280730 -0.173501 0.796734
v -0.284902 -0.236562 0.791810
v -0.218824 -0.192567 0.775427
v -0.107081 -0.234186 0.765588
v -0.160713 -0.211129 0.762366
v -0.173326 -0.288844 0.806128
v -0.403859 0.176233 0.772165
v -0.392286 0.034900 0.747671
v -0.425259 0.110499 0.811378
v -0.335923 0.137226 0.771197
v -0.269591 0.099614 0.758564
v -0.400633 -0.174825 0.765998
v -0.263116 -0.097221 0.740345
v -0.355518 -0.145231 0.816180
v -0.427148 -0.110990 0.814982
v -0.397087 -0.035327 0.756822
v -0.106168 0.000000 0.788003
v -0.207355 0.063648 0.750218
v -0.155631 0.032041 0.760299
v -0.171167 -0.035239 0.836200
v -0.222485 -0.068292 0.804960
v -0.338714 0.000000 0.773861
v -0.279756 -0.034580 0.788362
v -0.296416 0.036639 0.835312
v -0.736589 -0.054293 0.367388
v -0.734718 -0.056188 0.432619
v -0.816727 -0.057006 0.273432
v -0.763956 -0.054682 0.316317
v -0.755412 -0.171010 0.401551
v -0.761843 -0.111922 0.358803
v -0.821145 -0.179923 0.363991
v -0.905391 -0.060614 0.037461
v -0.917822 -0.061743 0.102167
v -0.814448 -0.168058 0.162502
v -0.870992 -0.118503 0.134771
v -0.807788 -0.164969 0.101956
v -0.909760 -0.061737 0.166472
v -0.874859 -0.060246 0.223842
v -0.693594 -0.370778 0.287040
v -0.727028 -0.322590 0.257181
v -0.757699 -0.394973 0.244107
v -0.783116 -0.230665 0.323628
v -0.720699 -0.265200 0.276911
v -0.718748 -0.271021 0.340690
v -0.799376 -0.281661 0.174076
v -0.751208 -0.270293 0.224431
v -0.774811 -0.218650 0.192414
v -0.880122 -0.123101 0.269221
v -0.832094 -0.175412 0.230439
v -0.844134 -0.181498 0.302462
v -0.703989 -0.053838 -0.414525
v -0.737774 -0.054381 -0.367980
v -0.801676 -0.175657 -0.355361
v -0.747985 -0.109886 -0.352276
v -0.761864 -0.172470 -0.404980
v -0.767639 -0.054945 -0.317842
v -0.792573 -0.055320 -0.265345
v -0.684464 -0.356797 -0.220513
v -0.719834 -0.319398 -0.254636
v -0.657218 -0.351332 -0.271986
v -0.868267 -0.245023 -0.215622
v -0.804299 -0.289396 -0.240293
v -0.832244 -0.293242 -0.181234
v -0.744302 -0.280656 -0.352803
v -0.774794 -0.285106 -0.297696
v -0.816548 -0.240512 -0.337444
v -0.855709 -0.057565 -0.095253
v -0.878893 -0.058840 -0.036365
v -0.814473 -0.056088 -0.208391
v -0.834457 -0.056627 -0.152692
v -0.853932 -0.174393 -0.107781
v -0.815583 -0.110965 -0.126197
v -0.857815 -0.177007 -0.171155
v -0.832518 -0.179001 -0.298300
v -0.851491 -0.179501 -0.235811
v -0.799254 -0.111790 -0.244484
v -0.493428 -0.706609 0.035054
v -0.531326 -0.676491 0.000000
v -0.508802 -0.728626 -0.036147
v -0.555158 -0.561773 0.063844
v -0.545518 -0.618572 0.033548
v -0.521130 -0.591361 0.096196
v -0.570346 -0.647209 -0.105281
v -0.563710 -0.639200 -0.034666
v -0.592550 -0.599610 -0.068145
v -0.730696 -0.451595 0.206224
v -0.664352 -0.467914 0.163517
v -0.682810 -0.482086 0.237859
v -0.645505 -0.453584 0.032117
v -0.646371 -0.454546 0.094769
v -0.691465 -0.427349 0.063974
v -0.567649 -0.511541 0.155435
v -0.604054 -0.481665 0.124915
v -0.570494 -0.511780 0.093573
v -0.641836 -0.453157 -0.223586
v -0.656950 -0.462701 -0.161695
v -0.666846 -0.412134 -0.188204
v -0.619967 -0.556161 -0.101687
v -0.641684 -0.511670 -0.132697
v -0.617023 -0.556036 -0.168955
v -0.681264 -0.421044 -0.063030
v -0.660638 -0.464579 -0.096861
v -0.654593 -0.459970 -0.032569
v -0.590340 -0.530001 0.032298
v -0.624389 -0.496371 0.000000
v -0.610398 -0.548009 -0.033395
v -0.827187 -0.111447 0.000000
v -0.886153 -0.244927 -0.075180
v -0.839580 -0.171859 -0.035382
v -0.819038 -0.167654 0.034516
v -0.839367 -0.231995 0.071211
v -0.702642 -0.367496 -0.160365
v -0.730987 -0.383532 -0.034121
v -0.716793 -0.375685 -0.097618
v -0.768618 -0.334800 -0.136767
v -0.851845 -0.302743 -0.111863
v -0.787766 -0.412018 0.179793
v -0.850368 -0.302218 0.111669
v -0.831886 -0.362359 0.148025
v -0.776586 -0.407024 0.105761
v -0.752014 -0.394565 0.035103
v -0.870133 -0.308773 -0.038166
v -0.815579 -0.356974 0.000000
v -0.873634 -0.310015 0.038320
v -0.688005 0.000000 -0.540370
v -0.687335 -0.034098 -0.479969
v -0.561672 0.063833 -0.555059
v -0.640411 0.034732 -0.564778
v -0.576824 -0.093831 -0.508319
v -0.635173 -0.034448 -0.560158
v -0.583216 -0.066281 -0.576349
v -0.440981 0.201377 -0.713523
v -0.514924 0.179945 -0.731097
v -0.468502 0.033173 -0.666735
v -0.490049 0.102171 -0.696857
v -0.447070 0.066926 -0.723374
v -0.531615 0.137869 -0.666696
v -0.520339 0.095138 -0.580035
v -0.462284 -0.228089 -0.654764
v -0.466160 -0.162904 -0.661861
v -0.427353 -0.195154 -0.691472
v -0.537430 -0.098263 -0.599087
v -0.500913 -0.129907 -0.628193
v -0.515266 -0.156567 -0.571782
v -0.480262 -0.071895 -0.777080
v -0.511347 -0.106612 -0.727142
v -0.513631 -0.036368 -0.730959
v -0.549637 0.033494 -0.612212
v -0.535270 0.000000 -0.673320
v -0.585337 -0.035670 -0.651977
v 0.000000 0.386946 -0.735377
v -0.058109 0.393209 -0.788358
v -0.055964 0.268437 -0.801807
v -0.060465 0.349772 -0.844756
v 0.000000 0.314320 -0.871938
v -0.117560 0.376877 -0.800219
v -0.157559 0.318749 -0.719081
v -0.055450 0.034270 -0.828265
v -0.060263 0.099717 -0.895815
v 0.000000 0.063531 -0.916661
v -0.169107 0.163516 -0.819529
v -0.116644 0.132656 -0.857324
v -0.155006 0.095799 -0.759001
v 0.000000 0.172524 -0.819106
v -0.060130 0.162139 -0.886079
v -0.055205 0.205110 -0.801648
v -0.344080 0.274314 -0.775461
v -0.371739 0.229747 -0.713127
v -0.205304 0.288046 -0.697015
v -0.282735 0.295220 -0.768349
v -0.257750 0.159299 -0.731516
v -0.282113 0.234246 -0.784058
v -0.224253 0.197344 -0.794664
v -0.106800 0.233571 -0.763578
v -0.171550 0.225366 -0.813775
v -0.155737 0.259533 -0.724324
v -0.057412 -0.442040 -0.750717
v -0.060348 -0.408359 -0.818733
v 0.000000 -0.431453 -0.819961
v -0.162996 -0.329749 -0.743895
v -0.115243 -0.369450 -0.784450
v -0.152874 -0.358966 -0.675301
v 0.000000 -0.281990 -0.782253
v -0.059373 -0.343456 -0.829502
v -0.055365 -0.265562 -0.793220
v -0.370850 -0.229198 -0.711422
v -0.316679 -0.252469 -0.713706
v -0.372389 -0.288288 -0.696609
v -0.225260 -0.198230 -0.798233
v -0.283596 -0.235477 -0.788178
v -0.285141 -0.176227 -0.809254
v -0.254336 -0.319716 -0.674500
v -0.261663 -0.273217 -0.711084
v -0.211371 -0.296558 -0.717611
v 0.000000 -0.058244 -0.840378
v -0.061094 -0.101093 -0.908171
v -0.056840 -0.035129 -0.849018
v -0.055040 -0.204498 -0.799258
v -0.059306 -0.159916 -0.873932
v 0.000000 -0.189907 -0.901639
v -0.159527 -0.098593 -0.781141
v -0.112355 -0.127778 -0.825799
v -0.154324 -0.149221 -0.747888
v -0.173392 -0.288954 -0.806435
v -0.167122 -0.219549 -0.792768
v -0.111082 -0.242935 -0.794190
v -0.394683 0.172229 -0.754621
v -0.277794 0.102645 -0.781646
v -0.337899 0.138033 -0.775733
v -0.427373 0.111049 -0.815411
v -0.395581 0.035193 -0.753950
v -0.111396 0.000000 -0.826809
v -0.211205 -0.064830 -0.764147
v -0.174942 -0.036016 -0.854642
v -0.163994 0.033762 -0.801157
v -0.217297 0.066699 -0.786188
v -0.409441 -0.178669 -0.782839
v -0.393610 -0.035018 -0.750194
v -0.424828 -0.110387 -0.810555
v -0.356632 -0.145686 -0.818739
v -0.268133 -0.099075 -0.754461
v -0.296234 0.036616 -0.834796
v -0.270227 -0.033402 -0.761508
v -0.334257 0.000000 -0.763677
v 0.094588 0.490163 -0.734642
v 0.058650 0.451575 -0.766911
v 0.154723 0.523840 -0.618941
v 0.116850 0.471555 -0.626343
v 0.171538 0.402792 -0.757748
v 0.144610 0.443503 -0.696358
v 0.190003 0.403836 -0.665058
v 0.296764 0.660919 -0.480174
v 0.240377 0.578703 -0.477065
v 0.310798 0.532208 -0.599123
v 0.266658 0.540908 -0.520659
v 0.325456 0.528722 -0.526599
v 0.213742 0.563760 -0.524896
v 0.198761 0.583795 -0.611289
v 0.383738 0.297073 -0.717838
v 0.351693 0.342193 -0.661185
v 0.406869 0.320564 -0.658328
v 0.239877 0.376020 -0.651546
v 0.293714 0.358672 -0.654976
v 0.278504 0.350097 -0.738593
v 0.413527 0.482014 -0.669101
v 0.356962 0.425118 -0.675459
v 0.351653 0.503180 -0.670800
v 0.216325 0.517903 -0.635322
v 0.283461 0.513606 -0.655843
v 0.220904 0.429570 -0.622643
v 0.492976 0.705962 -0.035022
v 0.495400 0.742491 -0.095599
v 0.563781 0.666134 -0.166521
v 0.533135 0.708137 -0.132110
v 0.569860 0.646659 -0.105191
v 0.488873 0.767595 -0.159404
v 0.462524 0.761709 -0.217616
v 0.589803 0.428506 -0.264831
v 0.575214 0.474188 -0.238927
v 0.619708 0.437534 -0.215878
v 0.495027 0.557268 -0.289086
v 0.533587 0.513611 -0.263048
v 0.511863 0.509808 -0.315079
v 0.626236 0.564338 -0.171477
v 0.582046 0.541922 -0.220675
v 0.581884 0.609288 -0.198110
v 0.350276 0.676801 -0.360000
v 0.342117 0.702589 -0.434224
v 0.414650 0.718480 -0.264520
v 0.370205 0.676037 -0.303159
v 0.446791 0.620206 -0.383309
v 0.405345 0.644043 -0.340360
v 0.453032 0.603947 -0.316607
v 0.537441 0.659290 -0.224486
v 0.491500 0.627615 -0.271260
v 0.483902 0.701395 -0.248844
v 0.647427 0.032118 -0.452101
v 0.700409 0.090181 -0.467323
v 0.736384 0.056316 -0.433600
v 0.617814 0.154442 -0.522886
v 0.659614 0.123057 -0.496603
v 0.574551 0.093462 -0.506316
v 0.729962 0.165248 -0.388022
v 0.741600 0.154005 -0.472317
v 0.687187 0.196325 -0.417273
v 0.463309 0.286341 -0.637706
v 0.502922 0.253405 -0.610069
v 0.461582 0.227743 -0.653768
v 0.568625 0.294978 -0.505116
v 0.576306 0.295158 -0.598720
v 0.541630 0.334746 -0.543814
v 0.514561 0.156352 -0.570999
v 0.539485 0.219683 -0.579429
v 0.576633 0.187492 -0.550698
v 0.703639 0.376148 -0.291197
v 0.709566 0.377427 -0.367233
v 0.656868 0.405966 -0.319853
v 0.656884 0.241842 -0.379101
v 0.697302 0.312695 -0.381849
v 0.741662 0.279661 -0.351551
v 0.599555 0.370545 -0.431913
v 0.648153 0.342532 -0.407932
v 0.569814 0.298713 -0.427428
v 0.652418 0.222146 -0.531840
v 0.601435 0.259945 -0.470998
v 0.642141 0.227822 -0.443022
v 0.380049 0.674290 -0.492439
v 0.497120 0.602582 -0.446746
v 0.449274 0.652299 -0.479610
v 0.393846 0.602338 -0.518716
v 0.394416 0.518645 -0.526242
v 0.604727 0.441637 -0.340841
v 0.556910 0.412886 -0.459441
v 0.613544 0.451115 -0.422582
v 0.563949 0.485657 -0.368745
v 0.532158 0.539954 -0.404692
v 0.490343 0.378431 -0.671420
v 0.419735 0.467063 -0.566149
v 0.470427 0.440672 -0.639810
v 0.510302 0.387457 -0.592566
v 0.496987 0.372489 -0.489812
v 0.527063 0.550181 -0.489656
v 0.510695 0.454514 -0.489236
v 0.457901 0.492881 -0.514501
v 0.477231 -0.683414 0.033904
v 0.465579 -0.697796 0.089844
v 0.469153 -0.796765 0.060933
v 0.560860 -0.662683 0.165658
v 0.487624 -0.647687 0.120832
v 0.575570 -0.653137 0.106245
v 0.426554 -0.802450 0.181658
v 0.449780 -0.706215 0.146657
v 0.429787 -0.707795 0.202213
v 0.645165 -0.468728 0.289690
v 0.626264 -0.516273 0.260132
v 0.674325 -0.476095 0.234904
v 0.517553 -0.582626 0.302241
v 0.529324 -0.509508 0.260947
v 0.513233 -0.511172 0.315922
v 0.561706 -0.506186 0.153807
v 0.545619 -0.508006 0.206864
v 0.556461 -0.582668 0.189455
v 0.299880 -0.724619 0.387363
v 0.343595 -0.663893 0.353134
v 0.310074 -0.636784 0.393554
v 0.404265 -0.700486 0.257895
v 0.375649 -0.685980 0.307617
v 0.369109 -0.778702 0.293628
v 0.483901 -0.671720 0.415146
v 0.419272 -0.666171 0.352054
v 0.507942 -0.677149 0.354981
v 0.546342 -0.670209 0.228203
v 0.528999 -0.675499 0.291956
v 0.457981 -0.663824 0.235514
v 0.648658 -0.032180 0.452961
v 0.706636 -0.090982 0.471477
v 0.700804 -0.053595 0.412649
v 0.627459 -0.156853 0.531049
v 0.695367 -0.129727 0.523521
v 0.646625 -0.105186 0.569831
v 0.775692 -0.175601 0.412331
v 0.741310 -0.153945 0.472132
v 0.685547 -0.195857 0.416277
v 0.495005 -0.305930 0.681332
v 0.540048 -0.272112 0.655104
v 0.501191 -0.247286 0.709870
v 0.607784 -0.315291 0.539901
v 0.574859 -0.294417 0.597217
v 0.541675 -0.334774 0.543860
v 0.519563 -0.157872 0.576550
v 0.529263 -0.215521 0.568450
v 0.545818 -0.177473 0.521268
v 0.699213 -0.373782 0.289366
v 0.687420 -0.365648 0.355771
v 0.612629 -0.378626 0.298312
v 0.661291 -0.243465 0.381645
v 0.714964 -0.320615 0.391521
v 0.708367 -0.267106 0.335769
v 0.574102 -0.354815 0.413578
v 0.667176 -0.352585 0.419904
v 0.640073 -0.335545 0.480131
v 0.578624 -0.197019 0.471684
v 0.614838 -0.265738 0.481494
v 0.617137 -0.218951 0.425771
v 0.034716 -0.488660 0.699781
v 0.096056 -0.497770 0.746043
v 0.060408 -0.465111 0.789899
v 0.156182 -0.528776 0.624775
v 0.128192 -0.517327 0.687140
v 0.096904 -0.524962 0.595710
v 0.152629 -0.358391 0.674218
v 0.145811 -0.447187 0.702143
v 0.182871 -0.388676 0.640093
v 0.270390 -0.602183 0.437501
v 0.239068 -0.575552 0.474467
v 0.226651 -0.650633 0.459368
v 0.308551 -0.528360 0.594791
v 0.294377 -0.597135 0.574781
v 0.354475 -0.575865 0.573552
v 0.158205 -0.577765 0.520657
v 0.210149 -0.554283 0.516072
v 0.183750 -0.539706 0.565123
v 0.371426 -0.287542 0.694807
v 0.368743 -0.358783 0.693238
v 0.403855 -0.318190 0.653451
v 0.251745 -0.394625 0.683782
v 0.329863 -0.402815 0.735588
v 0.282879 -0.355597 0.750197
v 0.407189 -0.474626 0.658846
v 0.372671 -0.443826 0.705184
v 0.316160 -0.452392 0.603094
v 0.221743 -0.530874 0.651234
v 0.262553 -0.475722 0.607469
v 0.219920 -0.427656 0.619870
v 0.606292 -0.442779 0.341723
v 0.532738 -0.394965 0.439500
v 0.567415 -0.417198 0.390810
v 0.591961 -0.509780 0.387061
v 0.504552 -0.511943 0.383698
v 0.441807 -0.340973 0.604961
v 0.446800 -0.497180 0.602655
v 0.468122 -0.438512 0.636674
v 0.472930 -0.359082 0.549171
v 0.501097 -0.375569 0.493862
v 0.363549 -0.645016 0.471060
v 0.464131 -0.562595 0.417101
v 0.449474 -0.652588 0.479823
v 0.405425 -0.620047 0.533967
v 0.391518 -0.514835 0.522376
v 0.543603 -0.483802 0.520761
v 0.473053 -0.509191 0.531525
v 0.491189 -0.512734 0.456329
v 0.391684 -0.785301 0.057884
v 0.412392 -0.783736 0.000000
v 0.344535 -0.777251 0.170305
v 0.368800 -0.783069 0.115040
v 0.287980 -0.798869 0.000000
v 0.308338 -0.744686 0.053303
v 0.267196 -0.798101 0.055706
v 0.235225 -0.730129 0.380601
v 0.262772 -0.742832 0.329602
v 0.190900 -0.768715 0.216930
v 0.209183 -0.700169 0.251929
v 0.164212 -0.754077 0.265700
v 0.290334 -0.755634 0.278056
v 0.317037 -0.767167 0.225967
v 0.059302 -0.855634 0.000000
v 0.088762 -0.797393 0.053642
v 0.035654 -0.861703 0.057689
v 0.214700 -0.839128 0.057786
v 0.147100 -0.803892 0.054553
v 0.168084 -0.798024 0.000000
v 0.103993 -0.823924 0.168264
v 0.125781 -0.812894 0.110599
v 0.167862 -0.841311 0.173601
v 0.260538 -0.727129 0.156341
v 0.216996 -0.783550 0.165179
v 0.242777 -0.793672 0.111009
v -0.033633 -0.473426 0.677965
v 0.000000 -0.523115 0.666036
v -0.069877 -0.607613 0.614852
v -0.037508 -0.609914 0.691592
v -0.106504 -0.576973 0.654730
v 0.035273 -0.573574 0.650386
v 0.071103 -0.618275 0.625642
v -0.185216 -0.656260 0.405591
v -0.171091 -0.695125 0.489588
v -0.225255 -0.646628 0.456540
v -0.035155 -0.706566 0.496491
v -0.106302 -0.725032 0.509863
v -0.071822 -0.776289 0.479773
v -0.162665 -0.594052 0.535335
v -0.136826 -0.661651 0.527592
v -0.097169 -0.592419 0.531449
v 0.172499 -0.700843 0.493616
v 0.201809 -0.715051 0.441926
v 0.107626 -0.656173 0.588642
v 0.141060 -0.682125 0.543918
v 0.064258 -0.694530 0.429243
v 0.100756 -0.687200 0.483258
v 0.033596 -0.675239 0.474478
v -0.034561 -0.631703 0.567136
v 0.000000 -0.654302 0.520151
v 0.037130 -0.678662 0.609295
v -0.409320 -0.777897 0.000000
v -0.377271 -0.756402 0.055754
v -0.436164 -0.740739 0.056649
v -0.248104 -0.741072 0.051725
v -0.310809 -0.750654 0.053730
v -0.272227 -0.755170 0.000000
v -0.382693 -0.719937 0.162979
v -0.347131 -0.737061 0.108281
v -0.327852 -0.739615 0.162059
v -0.038025 -0.919024 0.061526
v -0.098651 -0.886233 0.059618
v -0.062994 -0.908900 0.000000
v -0.167194 -0.837963 0.172910
v -0.133267 -0.861272 0.117181
v -0.109611 -0.868435 0.177355
v -0.161729 -0.767854 0.000000
v -0.148675 -0.812504 0.055137
v -0.193630 -0.756780 0.052115
v -0.285274 -0.689327 0.368497
v -0.263402 -0.744613 0.330393
v -0.215937 -0.670263 0.349394
v -0.317703 -0.768779 0.226442
v -0.301785 -0.785437 0.289023
v -0.365956 -0.772051 0.291120
v -0.169704 -0.779301 0.274587
v -0.234900 -0.786248 0.282901
v -0.202258 -0.814450 0.229836
v -0.230420 -0.753277 0.105359
v -0.219316 -0.791927 0.166945
v -0.271813 -0.758596 0.163106
v 0.155957 -0.683326 0.357394
v 0.037483 -0.803011 0.421322
v 0.097783 -0.718001 0.376318
v 0.131365 -0.738257 0.321575
v 0.110321 -0.840103 0.298570
v -0.153876 -0.674210 0.352626
v -0.100228 -0.763244 0.271254
v -0.126938 -0.713376 0.310738
v -0.100741 -0.739722 0.387703
v -0.037958 -0.813172 0.426653
v 0.000000 -0.865610 0.116623
v 0.070467 -0.830593 0.229570
v 0.034065 -0.808328 0.165462
v -0.035760 -0.848560 0.173697
v -0.069002 -0.813324 0.224797
v 0.000000 -0.831501 0.363943
v -0.034269 -0.781284 0.277244
v 0.036649 -0.835541 0.296498
v 0.373445 -0.748732 -0.055188
v 0.465263 -0.790157 -0.060428
v 0.278276 -0.831196 -0.058016
v 0.317628 -0.767123 -0.054909
v 0.386446 -0.726997 -0.164577
v 0.347350 -0.737524 -0.108349
v 0.333955 -0.753384 -0.165075
v 0.037460 -0.905350 -0.060611
v 0.091192 -0.819226 -0.055110
v 0.149002 -0.746787 -0.154097
v 0.120269 -0.777271 -0.105752
v 0.102282 -0.810363 -0.165495
v 0.140779 -0.769349 -0.052209
v 0.207129 -0.809541 -0.055748
v 0.298755 -0.721901 -0.385910
v 0.270563 -0.764857 -0.339375
v 0.235825 -0.731992 -0.381572
v 0.320870 -0.776444 -0.228700
v 0.300446 -0.781952 -0.287740
v 0.338474 -0.714074 -0.269258
v 0.156219 -0.717375 -0.252768
v 0.226926 -0.759559 -0.273298
v 0.184324 -0.742234 -0.209457
v 0.251977 -0.823750 -0.115216
v 0.217077 -0.783845 -0.165241
v 0.292867 -0.817357 -0.175741
v -0.458521 -0.778707 -0.059552
v -0.396800 -0.795556 -0.058640
v -0.352013 -0.794122 -0.174002
v -0.377176 -0.800855 -0.117653
v -0.421515 -0.792970 -0.179512
v -0.325030 -0.785000 -0.056188
v -0.254176 -0.759209 -0.052991
v -0.215389 -0.668560 -0.348506
v -0.250358 -0.707738 -0.314031
v -0.283895 -0.685995 -0.366715
v -0.181247 -0.729845 -0.205961
v -0.215318 -0.720703 -0.259317
v -0.156031 -0.716511 -0.252463
v -0.361631 -0.762926 -0.287679
v -0.286506 -0.745671 -0.274390
v -0.320236 -0.774909 -0.228248
v -0.094173 -0.846002 -0.056912
v -0.037899 -0.915956 -0.061321
v -0.190707 -0.745355 -0.051328
v -0.141569 -0.773670 -0.052502
v -0.100237 -0.794168 -0.162188
v -0.121098 -0.782631 -0.106481
v -0.148852 -0.746034 -0.153941
v -0.276300 -0.771120 -0.165799
v -0.206184 -0.744511 -0.156949
v -0.231004 -0.755186 -0.105626
v 0.036825 -0.518350 -0.742298
v 0.000000 -0.520109 -0.662209
v -0.034238 -0.481929 -0.690143
v 0.066648 -0.579536 -0.586441
v 0.034000 -0.552876 -0.626915
v 0.106385 -0.576326 -0.653996
v -0.105181 -0.569805 -0.646596
v -0.034066 -0.553957 -0.628141
v -0.071468 -0.621449 -0.628853
v 0.193959 -0.687238 -0.424736
v 0.160929 -0.653835 -0.460507
v 0.238824 -0.685578 -0.484040
v 0.035915 -0.721840 -0.507223
v 0.095505 -0.651390 -0.458075
v 0.067330 -0.727740 -0.449768
v 0.172161 -0.628731 -0.566586
v 0.129549 -0.626460 -0.499531
v 0.098981 -0.603465 -0.541358
v -0.211519 -0.607197 -0.428701
v -0.157096 -0.638264 -0.449540
v -0.179895 -0.637405 -0.393938
v -0.109003 -0.664569 -0.596173
v -0.136160 -0.658430 -0.525024
v -0.168298 -0.614626 -0.553875
v -0.070219 -0.758966 -0.469067
v -0.103783 -0.707847 -0.497778
v -0.037659 -0.756903 -0.531861
v 0.034024 -0.621886 -0.558322
v 0.000000 -0.702967 -0.558838
v -0.036556 -0.668174 -0.599880
v 0.000000 -0.920985 -0.124084
v -0.069637 -0.820811 -0.226867
v -0.037144 -0.881387 -0.180417
v 0.038067 -0.903292 -0.184901
v 0.072695 -0.856861 -0.236831
v -0.153714 -0.673499 -0.352254
v -0.037695 -0.807549 -0.423703
v -0.099766 -0.732562 -0.383950
v -0.127019 -0.713834 -0.310937
v -0.099928 -0.760953 -0.270440
v 0.155485 -0.681258 -0.356312
v 0.102800 -0.782831 -0.278215
v 0.127072 -0.714130 -0.311066
v 0.098582 -0.723867 -0.379393
v 0.037794 -0.809664 -0.424812
v -0.037041 -0.844464 -0.299664
v 0.000000 -0.849713 -0.371914
v 0.038163 -0.870051 -0.308744
v 0.502133 -0.752582 -0.096898
v 0.492531 -0.705325 -0.034991
v 0.452480 -0.745167 -0.212890
v 0.487973 -0.766182 -0.159110
v 0.528716 -0.599969 -0.097596
v 0.498103 -0.661606 -0.123429
v 0.500442 -0.591296 -0.147812
v 0.315387 -0.647696 -0.400298
v 0.341100 -0.659073 -0.350570
v 0.501194 -0.668153 -0.350265
v 0.432836 -0.687722 -0.363443
v 0.483890 -0.671705 -0.415136
v 0.371288 -0.678016 -0.304046
v 0.408802 -0.708347 -0.260789
v 0.613224 -0.432956 -0.213619
v 0.618208 -0.509631 -0.256786
v 0.594504 -0.431921 -0.266942
v 0.553118 -0.579167 -0.188316
v 0.612947 -0.570693 -0.232391
v 0.626896 -0.564932 -0.171658
v 0.530017 -0.527889 -0.326253
v 0.575063 -0.553534 -0.283495
v 0.492257 -0.554150 -0.287468
v 0.501732 -0.727239 -0.258013
v 0.502206 -0.641287 -0.277169
v 0.496036 -0.608497 -0.207191
v 0.059632 -0.459138 -0.779756
v 0.095487 -0.494818 -0.741618
v 0.185948 -0.395216 -0.650863
v 0.138173 -0.423760 -0.665360
v 0.155067 -0.364116 -0.684989
v 0.130005 -0.524642 -0.696855
v 0.162655 -0.550693 -0.650670
v 0.433128 -0.341254 -0.700816
v 0.351297 -0.341808 -0.660441
v 0.390738 -0.302493 -0.730933
v 0.350662 -0.501762 -0.668909
v 0.358485 -0.426931 -0.678339
v 0.394201 -0.459488 -0.637831
v 0.275691 -0.346560 -0.731133
v 0.317849 -0.388144 -0.708796
v 0.264727 -0.414975 -0.719044
v 0.256910 -0.618508 -0.509878
v 0.284801 -0.634277 -0.460818
v 0.195938 -0.575504 -0.602608
v 0.226836 -0.598295 -0.557051
v 0.343341 -0.557777 -0.555537
v 0.265291 -0.538136 -0.517990
v 0.300068 -0.513832 -0.578437
v 0.221487 -0.430704 -0.624287
v 0.259892 -0.470901 -0.601312
v 0.200681 -0.480450 -0.589377
v 0.729717 -0.055806 -0.429674
v 0.738195 -0.095046 -0.492534
v 0.705344 -0.034992 -0.492544
v 0.662890 -0.189384 -0.402519
v 0.708325 -0.147095 -0.451124
v 0.770789 -0.174491 -0.409724
v 0.580012 -0.094350 -0.511129
v 0.640384 -0.119470 -0.482126
v 0.587775 -0.146932 -0.497462
v 0.632962 -0.391192 -0.308213
v 0.701736 -0.373263 -0.363181
v 0.739928 -0.395547 -0.306215
v 0.596914 -0.312920 -0.447757
v 0.650673 -0.343864 -0.409518
v 0.558561 -0.345210 -0.402382
v 0.691292 -0.260668 -0.327676
v 0.714258 -0.320298 -0.391135
v 0.672733 -0.247677 -0.388248
v 0.462053 -0.227975 -0.654436
v 0.485527 -0.244640 -0.588968
v 0.496457 -0.306827 -0.683331
v 0.610101 -0.198375 -0.582661
v 0.548205 -0.223234 -0.588795
v 0.577960 -0.175617 -0.641353
v 0.527083 -0.325755 -0.529208
v 0.511927 -0.262186 -0.531836
v 0.547903 -0.284228 -0.486708
v 0.654818 -0.232319 -0.451768
v 0.646351 -0.279358 -0.506172
v 0.635147 -0.216265 -0.517760
v 0.341874 -0.606560 -0.442975
v 0.436257 -0.573664 -0.582068
v 0.397706 -0.608241 -0.523800
v 0.447212 -0.649304 -0.477408
v 0.481544 -0.583702 -0.432749
v 0.486636 -0.375570 -0.666344
v 0.558846 -0.418852 -0.550777
v 0.529224 -0.401824 -0.614540
v 0.432438 -0.405086 -0.588141
v 0.425380 -0.473344 -0.573763
v 0.588895 -0.430075 -0.331918
v 0.497780 -0.505072 -0.378549
v 0.592717 -0.510432 -0.387556
v 0.585141 -0.430231 -0.403019
v 0.577133 -0.427878 -0.476124
v 0.449043 -0.483347 -0.504548
v 0.518652 -0.461596 -0.496859
v 0.470532 -0.491171 -0.437138
v 0.491990 -0.626408 0.000000
v 0.609520 -0.616782 -0.070096
v 0.548347 -0.621779 -0.033721
v 0.566162 -0.641980 0.034817
v 0.597857 -0.604980 0.068755
v 0.722784 -0.446705 -0.203991
v 0.641184 -0.451597 -0.157815
v 0.702018 -0.493295 -0.034928
v 0.673438 -0.473581 -0.098738
v 0.762723 -0.471389 -0.070567
v 0.604808 -0.482266 -0.125071
v 0.620330 -0.556487 -0.101747
v 0.704233 -0.496004 0.173333
v 0.667551 -0.412569 0.188403
v 0.570595 -0.511870 0.093589
v 0.640277 -0.510549 0.132406
v 0.731241 -0.451932 0.067654
v 0.720542 -0.506706 0.105644
v 0.719797 -0.505787 0.035813
v 0.604985 -0.543149 -0.033099
v 0.615161 -0.489035 0.000000
v 0.585987 -0.526093 0.032060
v 0.733989 0.000000 -0.386216
v 0.734131 -0.054112 -0.366163
v 0.821452 -0.057335 -0.275014
v 0.766013 -0.054829 -0.317168
v 0.867125 0.000000 -0.312585
v 0.786242 -0.115507 -0.370294
v 0.823033 -0.180337 -0.364829
v 0.902491 -0.060420 -0.037341
v 0.916489 -0.061653 -0.102019
v 0.840873 0.000000 -0.058279
v 0.805044 -0.166118 -0.160626
v 0.859441 -0.116932 -0.132983
v 0.807271 -0.164863 -0.101891
v 0.884883 0.000000 -0.186378
v 0.910815 -0.061809 -0.166665
v 0.878105 -0.060470 -0.224672
v 0.722183 -0.320440 -0.255467
v 0.757362 -0.394797 -0.243998
v 0.784294 -0.231012 -0.324115
v 0.722916 -0.266016 -0.277763
v 0.832083 -0.293185 -0.181199
v 0.776783 -0.279496 -0.232072
v 0.865396 -0.244213 -0.214909
v 0.785881 -0.109919 -0.240393
v 0.819597 -0.172778 -0.226978
v 0.834229 -0.179368 -0.298913
v 0.735106 -0.054184 0.366649
v 0.742197 0.000000 0.390535
v 0.814478 -0.178462 0.361037
v 0.801737 -0.117783 0.377592
v 0.804419 0.000000 0.289980
v 0.765273 -0.054776 0.316862
v 0.790024 -0.055142 0.264492
v 0.723260 -0.377020 0.233011
v 0.789786 -0.350436 0.279381
v 0.779782 -0.220053 0.193648
v 0.772594 -0.277989 0.230821
v 0.799558 -0.281725 0.174116
v 0.742052 -0.273058 0.285116
v 0.738990 -0.217668 0.305393
v 0.826296 0.000000 0.057268
v 0.852314 -0.057336 0.094875
v 0.875334 -0.058602 0.036218
v 0.812041 -0.055920 0.207769
v 0.831450 -0.056423 0.152142
v 0.826634 0.000000 0.174109
v 0.867900 -0.177245 0.109544
v 0.904253 -0.123029 0.139917
v 0.871078 -0.179744 0.173801
v 0.842840 -0.181220 0.301998
v 0.861792 -0.181673 0.238664
v 0.860563 -0.120365 0.263238
v 0.754982 -0.394871 -0.172311
v 0.862485 -0.306524 -0.113261
v 0.747780 -0.325724 -0.133060
v 0.742736 -0.389282 -0.101151
v 0.729368 -0.382683 -0.034046
v 0.917005 -0.123548 0.000000
v 0.798222 -0.220623 0.067720
v 0.849121 -0.173812 0.035784
v 0.825133 -0.168902 -0.034773
v 0.834389 -0.230619 -0.070789
v 0.722094 -0.377670 0.164805
v 0.720758 -0.378165 0.033644
v 0.719471 -0.377089 0.097983
v 0.829454 -0.361299 0.147592
v 0.834938 -0.296734 0.109643
v 0.873469 -0.309957 -0.038313
v 0.861352 -0.305657 0.037781
v 0.803554 -0.351711 0.000000
v 0.056369 -0.381434 0.764750
v 0.166538 -0.336913 0.760057
v 0.105295 -0.337556 0.716730
v 0.054305 -0.314134 0.758685
v 0.058898 -0.282506 0.843832
v 0.407187 -0.251655 0.781130
v 0.318900 -0.254240 0.718712
v 0.209628 -0.184474 0.742840
v 0.263017 -0.218390 0.730985
v 0.286622 -0.177142 0.813457
v 0.260374 -0.271872 0.707584
v 0.226043 -0.317143 0.767423
v 0.055733 -0.092222 0.828479
v 0.060599 -0.037452 0.905173
v 0.060549 -0.224965 0.879249
v 0.055687 -0.150157 0.820601
v 0.172487 -0.106603 0.844599
v 0.108606 -0.123515 0.798249
v 0.158005 -0.152781 0.765727
v 0.171451 -0.285719 0.797407
v 0.156747 -0.205918 0.743551
v 0.117360 -0.256665 0.839074
v 0.616016 0.000000 0.483828
v 0.580412 0.065963 0.573578
v 0.596066 0.032327 0.525670
v 0.590827 -0.032043 0.521050
v 0.601956 -0.068411 0.594868
v 0.470375 0.214800 0.761083
v 0.510204 0.178296 0.724395
v 0.475925 0.033698 0.677299
v 0.473851 0.098794 0.673822
v 0.437854 0.065547 0.708463
v 0.539955 0.140032 0.677155
v 0.561917 0.102740 0.626383
v 0.461440 -0.161255 0.655159
v 0.456747 -0.208576 0.739031
v 0.579008 -0.105865 0.645434
v 0.509254 -0.132070 0.638653
v 0.471046 -0.070515 0.762169
v 0.495148 -0.103235 0.704108
v 0.521054 -0.036894 0.741523
v 0.520037 0.031691 0.579242
v 0.513903 0.000000 0.646442
v 0.555738 -0.033866 0.619007
v 0.054130 0.366284 0.734375
v 0.059497 0.285381 0.852419
v 0.055396 0.320450 0.773939
v 0.107611 0.344983 0.732499
v 0.161100 0.325913 0.735242
v 0.059210 0.036594 0.884420
v 0.054902 0.090846 0.816122
v 0.172788 0.167075 0.837368
v 0.112895 0.128393 0.829774
v 0.167965 0.103808 0.822458
v 0.056511 0.152380 0.832749
v 0.060713 0.225577 0.881639
v 0.346301 0.276085 0.780467
v 0.408076 0.252205 0.782835
v 0.219976 0.308631 0.746827
v 0.281446 0.293875 0.764848
v 0.259232 0.160214 0.735719
v 0.261534 0.217159 0.726864
v 0.208621 0.183588 0.739272
v 0.113078 0.247301 0.808462
v 0.161175 0.211736 0.764558
v 0.153796 0.256298 0.715295
v 0.402896 -0.175813 0.770325
v 0.420580 -0.037417 0.801598
v 0.382611 -0.099418 0.730006
v 0.341589 -0.139540 0.784202
v 0.279570 -0.103301 0.786643
v 0.388137 0.169372 0.742107
v 0.289232 0.106871 0.813829
v 0.322856 0.131888 0.741197
v 0.385156 0.100079 0.734862
v 0.422551 0.037593 0.805354
v 0.114278 0.000000 0.848201
v 0.218913 -0.067196 0.792036
v 0.166300 -0.034237 0.812421
v 0.155352 0.031983 0.758936
v 0.225005 0.069066 0.814077
v 0.358927 0.000000 0.820041
v 0.290589 0.035919 0.818888
v 0.264581 -0.032704 0.745600
v -0.463576 -0.694793 0.089458
v -0.423776 -0.697897 0.199385
v -0.436939 -0.686052 0.142470
v -0.482472 -0.640844 0.119555
v -0.500333 -0.591167 0.147780
v -0.314403 -0.645676 0.399049
v -0.372120 -0.719009 0.382450
v -0.508061 -0.677307 0.355064
v -0.450417 -0.715656 0.378206
v -0.468828 -0.650797 0.402215
v -0.413537 -0.755167 0.338643
v -0.423386 -0.733617 0.270093
v -0.630207 -0.519523 0.261770
v -0.662015 -0.480970 0.297256
v -0.529810 -0.554762 0.180381
v -0.575928 -0.536226 0.218356
v -0.570556 -0.568265 0.351207
v -0.586920 -0.564948 0.289341
v -0.550374 -0.619573 0.321407
v -0.465494 -0.674714 0.239378
v -0.509982 -0.651216 0.281460
v -0.497909 -0.610795 0.207973
v -0.087635 -0.454133 0.680641
v -0.199075 -0.423118 0.696813
v -0.142248 -0.436259 0.684985
v -0.130757 -0.527676 0.700886
v -0.155346 -0.525946 0.621431
v -0.447970 -0.352947 0.724831
v -0.393526 -0.382897 0.739832
v -0.312980 -0.447842 0.597029
v -0.350861 -0.417852 0.663914
v -0.372664 -0.434383 0.602982
v -0.329541 -0.402422 0.734869
v -0.263988 -0.413817 0.717037
v -0.266074 -0.640569 0.528065
v -0.278138 -0.619438 0.450037
v -0.176824 -0.519363 0.543822
v -0.225651 -0.595171 0.554142
v -0.365326 -0.593493 0.591109
v -0.295217 -0.598841 0.576423
v -0.303654 -0.519973 0.585351
v -0.240900 -0.468453 0.679003
v -0.254499 -0.461130 0.588835
v -0.202406 -0.484580 0.594444
v -0.693730 -0.089321 0.462866
v -0.714480 -0.204123 0.433846
v -0.661121 -0.137293 0.421060
v -0.652294 -0.121691 0.491093
v -0.614152 -0.153526 0.519786
v -0.646035 -0.399272 0.314579
v -0.630117 -0.335167 0.326114
v -0.640639 -0.335842 0.480555
v -0.627463 -0.331598 0.394910
v -0.589936 -0.364601 0.424984
v -0.671921 -0.301313 0.367951
v -0.732789 -0.269788 0.422908
v -0.526088 -0.265078 0.638171
v -0.496500 -0.306854 0.683391
v -0.579463 -0.188412 0.553400
v -0.551932 -0.224752 0.592798
v -0.537549 -0.332224 0.539717
v -0.511177 -0.261802 0.531058
v -0.577245 -0.299449 0.512773
v -0.669644 -0.237579 0.461996
v -0.622476 -0.269039 0.487475
v -0.578908 -0.197116 0.471915
v -0.339712 -0.602724 0.440173
v -0.434032 -0.570739 0.579099
v -0.384107 -0.587443 0.505889
v -0.404683 -0.587557 0.432008
v -0.462640 -0.560788 0.415760
v -0.446926 -0.344924 0.611970
v -0.559498 -0.419341 0.551420
v -0.492486 -0.373930 0.571879
v -0.438101 -0.410391 0.595844
v -0.453570 -0.504712 0.611786
v -0.601065 -0.438962 0.338777
v -0.513311 -0.520830 0.390360
v -0.556645 -0.479367 0.363969
v -0.543282 -0.399454 0.374189
v -0.551220 -0.408667 0.454747
v -0.485044 -0.522098 0.544998
v -0.520442 -0.463189 0.498573
v -0.472194 -0.492905 0.438681
v -0.085830 -0.444779 -0.666621
v -0.163112 -0.552240 -0.652498
v -0.121828 -0.491643 -0.653026
v -0.135852 -0.416644 -0.654186
v -0.188350 -0.400323 -0.659272
v -0.272134 -0.606066 -0.440322
v -0.239022 -0.575442 -0.474377
v -0.304796 -0.521928 -0.587551
v -0.269574 -0.546823 -0.526352
v -0.327326 -0.531760 -0.529624
v -0.216655 -0.571443 -0.532050
v -0.196392 -0.576839 -0.604005
v -0.381899 -0.371584 -0.717972
v -0.440504 -0.347065 -0.712750
v -0.250460 -0.392610 -0.680291
v -0.315718 -0.385542 -0.704045
v -0.402189 -0.468798 -0.650755
v -0.374317 -0.445786 -0.708298
v -0.344275 -0.492623 -0.656727
v -0.222090 -0.531705 -0.652254
v -0.282654 -0.512145 -0.653978
v -0.241363 -0.469354 -0.680308
v -0.500689 -0.750417 -0.096620
v -0.559899 -0.661547 -0.165374
v -0.533526 -0.708656 -0.132206
v -0.485687 -0.762593 -0.158365
v -0.465094 -0.765941 -0.218825
v -0.616468 -0.447879 -0.276804
v -0.613065 -0.505392 -0.254650
v -0.545227 -0.613779 -0.318401
v -0.580538 -0.558805 -0.286195
v -0.555099 -0.552870 -0.341693
v -0.601394 -0.559936 -0.228011
v -0.583171 -0.610636 -0.198548
v -0.366342 -0.707844 -0.376511
v -0.322733 -0.662781 -0.409621
v -0.438065 -0.759052 -0.279457
v -0.405570 -0.740618 -0.332119
v -0.468649 -0.650548 -0.402061
v -0.441987 -0.702263 -0.371127
v -0.500538 -0.667279 -0.349807
v -0.545362 -0.669007 -0.227794
v -0.526001 -0.671671 -0.290301
v -0.499317 -0.723739 -0.256771
v -0.655760 -0.084432 -0.437532
v -0.598280 -0.149558 -0.506353
v -0.622635 -0.116158 -0.468763
v -0.693305 -0.143976 -0.441558
v -0.738033 -0.210852 -0.448148
v -0.494959 -0.305902 -0.681270
v -0.528219 -0.266152 -0.640756
v -0.593530 -0.307897 -0.527239
v -0.576416 -0.295214 -0.598834
v -0.552054 -0.341188 -0.554280
v -0.554079 -0.225626 -0.595103
v -0.576200 -0.187352 -0.550285
v -0.631716 -0.336018 -0.326942
v -0.617098 -0.381387 -0.300488
v -0.723963 -0.266538 -0.417814
v -0.672915 -0.301759 -0.368495
v -0.561428 -0.346982 -0.404448
v -0.610224 -0.322488 -0.384061
v -0.598740 -0.313877 -0.449126
v -0.644896 -0.219584 -0.525707
v -0.642631 -0.277750 -0.503259
v -0.695049 -0.246592 -0.479524
v -0.348721 -0.618707 -0.451846
v -0.479685 -0.581448 -0.431078
v -0.422227 -0.613028 -0.450736
v -0.370089 -0.566005 -0.487428
v -0.390716 -0.513780 -0.521306
v -0.584216 -0.426657 -0.329280
v -0.520605 -0.385970 -0.429490
v -0.548994 -0.403654 -0.378122
v -0.554367 -0.477405 -0.362480
v -0.522747 -0.530404 -0.397535
v -0.494725 -0.381813 -0.677421
v -0.420668 -0.468101 -0.567407
v -0.460323 -0.431208 -0.626068
v -0.508022 -0.385726 -0.589920
v -0.507661 -0.380489 -0.500332
v -0.482613 -0.503781 -0.448361
v -0.485460 -0.432055 -0.465061
v -0.444650 -0.478618 -0.499612
v 0.666565 0.000000 -0.523530
v 0.552212 -0.062758 -0.545711
v 0.644864 -0.034973 -0.568705
v 0.629400 0.034135 -0.555067
v 0.596381 0.067778 -0.589359
v 0.432935 -0.197703 -0.700504
v 0.473402 -0.165435 -0.672143
v 0.495754 -0.035102 -0.705518
v 0.520001 -0.108416 -0.739448
v 0.483178 -0.072331 -0.781798
v 0.550698 -0.142819 -0.690629
v 0.544162 -0.099493 -0.606590
v 0.510314 0.178334 -0.724551
v 0.472247 0.215655 -0.764112
v 0.566748 0.103623 -0.631768
v 0.540113 0.140073 -0.677353
v 0.432909 0.064806 -0.700462
v 0.505781 0.105451 -0.719228
v 0.467067 0.033071 -0.664693
v 0.523320 -0.031891 -0.582899
v 0.495774 0.000000 -0.623638
v 0.576523 0.035133 -0.642159
v 0.056164 -0.380043 -0.761961
v 0.056710 -0.272012 -0.812487
v 0.054087 -0.312874 -0.755640
v 0.105322 -0.337644 -0.716916
v 0.166683 -0.337208 -0.760722
v 0.056398 -0.034856 -0.842414
v 0.055058 -0.091106 -0.818454
v 0.153676 -0.148595 -0.744748
v 0.106126 -0.120694 -0.780020
v 0.164041 -0.101383 -0.803243
v 0.059339 -0.160005 -0.874422
v 0.061028 -0.226745 -0.886207
v 0.325408 -0.259428 -0.733380
v 0.411682 -0.254434 -0.789753
v 0.225348 -0.316168 -0.765064
v 0.258194 -0.269596 -0.701660
v 0.282952 -0.174874 -0.803040
v 0.261561 -0.217181 -0.726939
v 0.205023 -0.180422 -0.726523
v 0.118699 -0.259593 -0.848648
v 0.162340 -0.213266 -0.770084
v 0.173055 -0.288391 -0.804864
v 0.054207 0.366806 -0.735422
v 0.161264 0.326245 -0.735991
v 0.107671 0.345176 -0.732909
v 0.056390 0.326197 -0.787818
v 0.060657 0.290948 -0.869046
v 0.411657 0.254418 -0.789704
v 0.349892 0.278948 -0.788559
v 0.215057 0.189252 -0.762078
v 0.260228 0.216074 -0.723233
v 0.263643 0.162940 -0.748239
v 0.283880 0.296415 -0.771460
v 0.220978 0.310037 -0.750228
v 0.058420 0.096669 -0.868428
v 0.061306 0.037889 -0.915735
v 0.058055 0.215700 -0.843039
v 0.054581 0.147174 -0.804299
v 0.158075 0.097696 -0.774030
v 0.106672 0.121315 -0.784032
v 0.172179 0.166487 -0.834420
v 0.153862 0.256408 -0.715602
v 0.167584 0.220156 -0.794960
v 0.117078 0.256050 -0.837063
v 0.393720 -0.171809 -0.752781
v 0.287774 -0.106332 -0.809726
v 0.343565 -0.140348 -0.788739
v 0.384724 -0.099967 -0.734040
v 0.423875 -0.037710 -0.807877
v 0.119506 0.000000 -0.887007
v 0.213725 0.065603 -0.773264
v 0.159127 0.032760 -0.777378
v 0.174663 -0.035959 -0.853279
v 0.228855 -0.070247 -0.828006
v 0.396946 0.173216 -0.758948
v 0.419073 0.037283 -0.798726
v 0.382835 0.099476 -0.730435
v 0.323970 0.132343 -0.743755
v 0.294249 0.108725 -0.827945
v 0.264399 -0.032681 -0.745084
v 0.281059 0.034741 -0.792034
v 0.354470 0.000000 -0.809857
v 0.811001 0.059778 0.404503
v 0.870742 0.060776 0.291516
v 0.845849 0.060543 0.350225
v 0.809687 0.118951 0.381336
v 0.755082 0.165447 0.334707
v 0.871108 0.058319 0.036043
v 0.886475 0.059634 0.098678
v 0.833731 0.172037 0.166349
v 0.907397 0.123456 0.140404
v 0.857277 0.175076 0.108203
v 0.891861 0.060523 0.163197
v 0.886819 0.061070 0.226902
v 0.774660 0.343725 0.274031
v 0.769558 0.401155 0.247927
v 0.729494 0.214871 0.301468
v 0.750550 0.276185 0.288381
v 0.785436 0.276749 0.171041
v 0.773848 0.278440 0.231195
v 0.774796 0.218646 0.192410
v 0.867218 0.121296 0.265274
v 0.808364 0.170410 0.223868
v 0.782604 0.168269 0.280415
v 0.812187 0.059866 -0.405094
v 0.735613 0.161182 -0.326077
v 0.795829 0.116915 -0.374809
v 0.849532 0.060807 -0.351750
v 0.846587 0.059090 -0.283429
v 0.696324 0.362979 -0.224334
v 0.767467 0.340533 -0.271486
v 0.868252 0.245019 -0.215619
v 0.826939 0.297542 -0.247057
v 0.818304 0.288330 -0.178198
v 0.804646 0.296091 -0.309166
v 0.762927 0.224718 -0.315285
v 0.824362 0.055456 -0.091764
v 0.844611 0.056545 -0.034947
v 0.826433 0.056911 -0.211451
v 0.816558 0.055412 -0.149417
v 0.903422 0.184500 -0.114027
v 0.851989 0.115918 -0.131830
v 0.877098 0.180986 -0.175002
v 0.770988 0.165771 -0.276253
v 0.827761 0.174499 -0.229240
v 0.786351 0.109985 -0.240537
v 0.512241 0.652192 0.000000
v 0.558560 0.565215 0.064236
v 0.533128 0.604523 0.032786
v 0.551320 0.625151 -0.033904
v 0.595952 0.603052 -0.068536
v 0.727379 0.449545 0.205288
v 0.679412 0.478522 0.167224
v 0.717560 0.504216 0.035702
v 0.699410 0.491845 0.102546
v 0.761849 0.470849 0.070486
v 0.632464 0.504319 0.130791
v 0.592529 0.531548 0.097187
v 0.672010 0.473308 -0.165402
v 0.663529 0.410083 -0.187267
v 0.642002 0.575929 -0.105302
v 0.670094 0.534324 -0.138572
v 0.751649 0.464545 -0.069542
v 0.713677 0.501878 -0.104638
v 0.726648 0.510602 -0.036154
v 0.610221 0.547849 0.033386
v 0.672028 0.534242 0.000000
v 0.630279 0.565858 -0.034483
v 0.914086 0.123155 0.000000
v 0.851211 0.235269 -0.072216
v 0.903003 0.184842 -0.038054
v 0.882461 0.180637 0.037189
v 0.804425 0.222338 0.068247
v 0.703912 0.368161 -0.160655
v 0.777822 0.408105 -0.036307
v 0.740577 0.388151 -0.100857
v 0.744030 0.324090 -0.132392
v 0.790819 0.281054 -0.103849
v 0.789036 0.412683 0.180083
v 0.789341 0.280529 0.103655
v 0.807298 0.351648 0.143650
v 0.800370 0.419490 0.109000
v 0.798849 0.419138 0.037289
v 0.780650 0.277019 -0.034241
v 0.785295 0.343719 0.000000
v 0.784151 0.278262 0.034395
v -0.462223 0.703094 0.017112
v -0.446683 0.695510 0.044073
v -0.427396 0.708372 0.027232
v -0.505694 0.697771 0.081249
v -0.473813 0.694044 0.062028
v -0.525443 0.709198 0.053853
v -0.425079 0.740020 0.084505
v -0.436640 0.696109 0.071078
v -0.431935 0.705249 0.099072
v -0.562136 0.614388 0.147290
v -0.566407 0.655766 0.135398
v -0.553507 0.593157 0.115520
v -0.496712 0.674191 0.153525
v -0.545914 0.683774 0.148679
v -0.528258 0.675720 0.175434
v -0.562746 0.676295 0.089474
v -0.558018 0.684555 0.119775
v -0.536336 0.697376 0.101238
v -0.413865 0.800065 0.211019
v -0.430981 0.757968 0.193597
v -0.427634 0.771771 0.226614
v -0.430991 0.721060 0.129152
v -0.431467 0.739904 0.160719
v -0.426294 0.781013 0.147654
v -0.442917 0.668418 0.185431
v -0.434849 0.699049 0.172434
v -0.452451 0.667525 0.158530
v -0.485245 0.684346 0.107440
v -0.466821 0.673210 0.132876
v -0.444805 0.682199 0.114813
v -0.684716 0.459170 0.283783
v -0.676896 0.484732 0.269311
v -0.687179 0.454494 0.251099
v -0.564311 0.472473 0.264939
v -0.624255 0.483553 0.269979
v -0.596685 0.469194 0.289978
v -0.672681 0.505944 0.222486
v -0.650609 0.496557 0.247713
v -0.613316 0.497966 0.222707
v -0.538671 0.618227 0.351201
v -0.559776 0.592976 0.335945
v -0.553363 0.597103 0.369030
v -0.558227 0.570636 0.265449
v -0.561097 0.583762 0.300965
v -0.562438 0.621386 0.292008
v -0.536958 0.494125 0.305386
v -0.549291 0.537703 0.303707
v -0.538606 0.487691 0.274522
v -0.548157 0.523602 0.138781
v -0.545342 0.529651 0.166776
v -0.551379 0.567495 0.157217
v -0.576795 0.497817 0.198768
v -0.552724 0.506226 0.179992
v -0.600464 0.510076 0.176275
v -0.564242 0.601250 0.224419
v -0.547734 0.540993 0.197328
v -0.552928 0.555496 0.230298
v -0.545256 0.485679 0.246806
v -0.543199 0.514146 0.236279
v -0.558050 0.489198 0.221895
v -0.260062 0.653268 0.376158
v -0.309528 0.688715 0.396152
v -0.288290 0.664737 0.410830
v -0.353019 0.735354 0.362000
v -0.331346 0.712744 0.380081
v -0.299094 0.696757 0.344338
v -0.384953 0.710317 0.439000
v -0.361986 0.720505 0.413937
v -0.400118 0.718231 0.412071
v -0.419995 0.778898 0.260130
v -0.408241 0.778139 0.290012
v -0.383564 0.785116 0.266160
v -0.427603 0.710239 0.316199
v -0.422725 0.751584 0.306708
v -0.431293 0.699140 0.282483
v -0.342207 0.745054 0.309614
v -0.392575 0.769835 0.317110
v -0.373892 0.755114 0.340973
v -0.469790 0.598084 0.369636
v -0.444802 0.604859 0.345214
v -0.489007 0.611026 0.347981
v -0.416542 0.678049 0.388404
v -0.423632 0.629051 0.359717
v -0.416325 0.632376 0.390830
v -0.440630 0.626718 0.301947
v -0.431394 0.626704 0.329897
v -0.427907 0.664266 0.322069
v -0.398477 0.748032 0.366411
v -0.421579 0.717741 0.349795
v -0.412487 0.720651 0.382109
v -0.567166 0.630904 0.180679
v -0.560392 0.646525 0.245466
v -0.566887 0.642062 0.213847
v -0.554328 0.667247 0.196990
v -0.508456 0.663252 0.201374
v -0.510384 0.624510 0.325726
v -0.453253 0.630043 0.275416
v -0.478673 0.624325 0.298416
v -0.530624 0.636273 0.301614
v -0.547834 0.644195 0.275071
v -0.432601 0.730477 0.238721
v -0.460308 0.652619 0.203419
v -0.437220 0.675203 0.215647
v -0.433966 0.686336 0.248193
v -0.438774 0.650601 0.259020
v -0.520147 0.650838 0.251371
v -0.469037 0.638007 0.250333
v -0.487865 0.649714 0.225989
v -0.725485 0.017657 0.476943
v -0.706373 0.044761 0.453660
v -0.759944 0.029215 0.458512
v -0.636138 0.074072 0.461026
v -0.657326 0.058746 0.448746
v -0.629597 0.047808 0.466467
v -0.718814 0.082084 0.412898
v -0.687566 0.070206 0.431281
v -0.678314 0.095288 0.415438
v -0.614730 0.147372 0.562450
v -0.651384 0.134493 0.562622
v -0.627174 0.122145 0.585250
v -0.692182 0.157622 0.509967
v -0.673221 0.146384 0.537488
v -0.672256 0.174534 0.525550
v -0.632532 0.083684 0.526330
v -0.658070 0.115141 0.536429
v -0.643939 0.093481 0.495239
v -0.739644 0.195083 0.382610
v -0.731511 0.186839 0.415937
v -0.753452 0.221235 0.417484
v -0.684279 0.122564 0.409007
v -0.704552 0.153040 0.410851
v -0.700372 0.132409 0.382278
v -0.720200 0.199796 0.477229
v -0.721186 0.177895 0.448620
v -0.708230 0.168197 0.480040
v -0.656022 0.102993 0.465161
v -0.683474 0.134902 0.473938
v -0.669443 0.112666 0.436488
v -0.440556 0.272278 0.656959
v -0.482760 0.268215 0.674142
v -0.457132 0.252556 0.691168
v -0.529737 0.297050 0.632705
v -0.506990 0.283065 0.654511
v -0.485720 0.300192 0.617703
v -0.527768 0.232084 0.701698
v -0.523630 0.261218 0.686080
v -0.542858 0.242784 0.668607
v -0.604640 0.343483 0.526832
v -0.588793 0.333575 0.555827
v -0.573735 0.354588 0.531706
v -0.572147 0.266152 0.559706
v -0.587825 0.303060 0.565002
v -0.578720 0.271958 0.523819
v -0.530061 0.327596 0.576010
v -0.570875 0.322443 0.583178
v -0.551201 0.310272 0.608746
v -0.538404 0.142704 0.563652
v -0.527783 0.166188 0.543419
v -0.562379 0.155800 0.546409
v -0.536458 0.214197 0.621566
v -0.522819 0.185891 0.570841
v -0.514871 0.177933 0.606109
v -0.543873 0.203003 0.510396
v -0.532171 0.194110 0.538802
v -0.549714 0.227901 0.547173
v -0.560825 0.284993 0.629620
v -0.564376 0.259363 0.596268
v -0.554867 0.251682 0.632961
v -0.658787 0.379336 0.262260
v -0.655514 0.377055 0.294606
v -0.672367 0.415546 0.291599
v -0.654622 0.322257 0.314263
v -0.646587 0.344802 0.300590
v -0.674363 0.333271 0.289481
v -0.664883 0.410920 0.360330
v -0.652599 0.374924 0.327870
v -0.649254 0.372496 0.361692
v -0.759552 0.253669 0.409564
v -0.744964 0.277648 0.390836
v -0.776710 0.263310 0.379458
v -0.631313 0.281061 0.380085
v -0.685269 0.279646 0.385427
v -0.655645 0.264909 0.404461
v -0.742607 0.308597 0.341083
v -0.714742 0.294416 0.364480
v -0.680392 0.307232 0.336894
v -0.613779 0.379336 0.482118
v -0.629693 0.359387 0.463064
v -0.618652 0.352324 0.495110
v -0.644666 0.369281 0.396035
v -0.638306 0.365009 0.429865
v -0.645384 0.398869 0.424890
v -0.600356 0.289246 0.422096
v -0.619363 0.326033 0.426341
v -0.610167 0.295839 0.393057
v -0.637277 0.312160 0.339478
v -0.622389 0.303325 0.365573
v -0.630895 0.334517 0.361112
v -0.591207 0.169311 0.531479
v -0.559304 0.212351 0.484791
v -0.569223 0.189587 0.502576
v -0.622040 0.183643 0.516771
v -0.653439 0.198395 0.500933
v -0.606496 0.316330 0.495663
v -0.592340 0.258935 0.426130
v -0.592035 0.282982 0.453916
v -0.585056 0.277336 0.487911
v -0.565921 0.241648 0.481268
v -0.738134 0.241223 0.437135
v -0.684306 0.213296 0.482658
v -0.712782 0.227649 0.461554
v -0.687605 0.248652 0.434768
v -0.628060 0.250045 0.423571
v -0.578699 0.223509 0.462494
v -0.601855 0.236148 0.442459
v -0.625845 0.217687 0.469943
v -0.017205 0.464737 0.706918
v -0.043840 0.444321 0.691833
v -0.027217 0.427163 0.707986
v -0.076160 0.474020 0.654067
v -0.060213 0.459950 0.673737
v -0.051319 0.500723 0.675832
v -0.084319 0.424140 0.738385
v -0.070972 0.435987 0.695069
v -0.100454 0.437958 0.715084
v -0.136074 0.519331 0.567603
v -0.121681 0.509024 0.589330
v -0.114495 0.548593 0.587891
v -0.147809 0.478218 0.649089
v -0.132550 0.486693 0.609598
v -0.163503 0.492332 0.629764
v -0.083992 0.528267 0.634860
v -0.106956 0.498296 0.611291
v -0.091883 0.486775 0.632934
v -0.185985 0.364766 0.705149
v -0.185756 0.413525 0.727269
v -0.203172 0.383398 0.691936
v -0.132202 0.441169 0.738088
v -0.161895 0.434625 0.745319
v -0.144737 0.417871 0.765582
v -0.196120 0.468447 0.706946
v -0.179000 0.451408 0.725668
v -0.165054 0.471069 0.694994
v -0.102352 0.462266 0.651938
v -0.132266 0.464677 0.670118
v -0.116506 0.451364 0.692258
v -0.264225 0.637527 0.427525
v -0.245320 0.616597 0.441552
v -0.226522 0.619920 0.410009
v -0.294986 0.628309 0.526056
v -0.269416 0.622953 0.482545
v -0.315881 0.649986 0.511106
v -0.197194 0.596209 0.448427
v -0.227555 0.597664 0.456149
v -0.210922 0.580861 0.471615
v -0.329554 0.505468 0.580120
v -0.331434 0.552259 0.585014
v -0.345665 0.518326 0.559298
v -0.276561 0.581596 0.594524
v -0.310360 0.578612 0.601984
v -0.291417 0.561300 0.620128
v -0.346214 0.608747 0.560186
v -0.328780 0.594639 0.582094
v -0.316499 0.620964 0.562264
v -0.142881 0.564349 0.539069
v -0.165411 0.540878 0.525316
v -0.151124 0.530009 0.545500
v -0.194997 0.565853 0.488373
v -0.179986 0.552708 0.506210
v -0.169964 0.578964 0.491813
v -0.216436 0.544170 0.579862
v -0.195747 0.543346 0.536659
v -0.234725 0.563559 0.566176
v -0.274408 0.606235 0.539995
v -0.254218 0.584439 0.553180
v -0.230570 0.579865 0.508322
v -0.394295 0.272602 0.684767
v -0.404312 0.315903 0.702900
v -0.411716 0.288912 0.666171
v -0.371411 0.362197 0.754472
v -0.395625 0.344896 0.741893
v -0.374001 0.324860 0.756779
v -0.434305 0.380836 0.702721
v -0.415849 0.363658 0.723833
v -0.415322 0.403276 0.723899
v -0.220717 0.356360 0.660883
v -0.245781 0.345979 0.659462
v -0.226673 0.326660 0.668639
v -0.285427 0.385990 0.641120
v -0.265445 0.365855 0.650471
v -0.257826 0.393648 0.638116
v -0.307473 0.339840 0.739901
v -0.284006 0.351592 0.689469
v -0.330103 0.361973 0.731042
v -0.365630 0.464697 0.591601
v -0.346022 0.445843 0.606275
v -0.332105 0.466697 0.583149
v -0.397994 0.426828 0.694791
v -0.370928 0.436836 0.648657
v -0.419232 0.446580 0.678331
v -0.295426 0.431114 0.613183
v -0.326012 0.426313 0.619322
v -0.305855 0.406364 0.630824
v -0.353217 0.384128 0.721096
v -0.327408 0.394599 0.671806
v -0.375991 0.405883 0.709113
v -0.163348 0.512764 0.570388
v -0.237121 0.541340 0.624544
v -0.198217 0.525454 0.595135
v -0.180593 0.508189 0.611709
v -0.199536 0.503814 0.657198
v -0.312562 0.489758 0.599271
v -0.276736 0.455425 0.633061
v -0.294856 0.472963 0.616877
v -0.296459 0.521554 0.625398
v -0.272294 0.542302 0.637690
v -0.221355 0.401133 0.677341
v -0.214741 0.485927 0.688941
v -0.221649 0.449389 0.693996
v -0.239733 0.419173 0.662942
v -0.258149 0.437300 0.648416
v -0.252848 0.523205 0.654664
v -0.259204 0.485657 0.660615
v -0.233600 0.504297 0.671596
v -0.676629 0.454279 0.316858
v -0.648769 0.436822 0.377309
v -0.664523 0.446754 0.348210
v -0.638131 0.464804 0.322479
v -0.576264 0.454854 0.314091
v -0.563660 0.382650 0.473328
v -0.586257 0.397041 0.451769
v -0.525598 0.421018 0.388479
v -0.550360 0.406301 0.415599
v -0.514076 0.414285 0.416277
v -0.608622 0.411303 0.428959
v -0.629681 0.424723 0.404399
v -0.551432 0.554241 0.378441
v -0.543213 0.592482 0.403347
v -0.535772 0.458516 0.315300
v -0.536337 0.497228 0.340646
v -0.535222 0.504249 0.416185
v -0.536092 0.500914 0.377792
v -0.522379 0.452790 0.377269
v -0.594180 0.435374 0.371282
v -0.539766 0.430224 0.362523
v -0.556787 0.441613 0.337946
v -0.430065 0.299969 0.640564
v -0.451704 0.390163 0.670872
v -0.437366 0.340893 0.650559
v -0.447422 0.310419 0.614267
v -0.464366 0.320659 0.588315
v -0.392077 0.484990 0.577547
v -0.420645 0.478625 0.621109
v -0.490292 0.452400 0.612081
v -0.470383 0.481148 0.637163
v -0.490697 0.493056 0.608894
v -0.446320 0.465479 0.660439
v -0.457704 0.435802 0.678578
v -0.519584 0.354777 0.516950
v -0.540473 0.367940 0.495529
v -0.481835 0.331335 0.563020
v -0.500034 0.342568 0.539365
v -0.490550 0.404878 0.520681
v -0.484949 0.365752 0.519006
v -0.484001 0.403275 0.558387
v -0.465534 0.397001 0.635340
v -0.476062 0.401148 0.597275
v -0.462428 0.353874 0.583030
v -0.315612 0.673967 0.452492
v -0.394659 0.678601 0.456908
v -0.364062 0.694776 0.467092
v -0.340658 0.674103 0.491006
v -0.358061 0.656937 0.518530
v -0.499780 0.595160 0.404034
v -0.450257 0.584296 0.395713
v -0.414682 0.561050 0.449415
v -0.431923 0.571977 0.422260
v -0.456363 0.563581 0.454180
v -0.418921 0.594380 0.401678
v -0.407097 0.633882 0.427557
v -0.363846 0.530165 0.532866
v -0.371045 0.499711 0.545034
v -0.365360 0.620837 0.531315
v -0.364807 0.574378 0.532495
v -0.413335 0.531557 0.500796
v -0.381133 0.540832 0.505342
v -0.397822 0.550837 0.477457
v -0.395827 0.633461 0.464157
v -0.394075 0.586744 0.467668
v -0.381947 0.629281 0.499112
v -0.513001 0.382345 0.463095
v -0.507797 0.456786 0.532412
v -0.497157 0.406952 0.483238
v -0.504614 0.409784 0.448221
v -0.515635 0.454308 0.450370
v -0.417070 0.505154 0.559592
v -0.465493 0.542560 0.517476
v -0.441667 0.524462 0.539567
v -0.472125 0.516410 0.581381
v -0.506993 0.502598 0.575432
v -0.528063 0.584971 0.435985
v -0.533232 0.508580 0.457490
v -0.540311 0.555874 0.455015
v -0.509498 0.573600 0.465805
v -0.488494 0.559284 0.492765
v -0.519571 0.508019 0.538261
v -0.513104 0.543648 0.524771
v -0.528190 0.509849 0.498514
v -0.415865 0.746543 0.028135
v -0.415053 0.726629 0.000000
v -0.419103 0.792340 0.088804
v -0.418194 0.770230 0.057818
v -0.394980 0.818132 0.000000
v -0.408546 0.797292 0.029515
v -0.390393 0.831627 0.030274
v -0.378291 0.800541 0.207661
v -0.395441 0.812571 0.180946
v -0.344959 0.804781 0.116403
v -0.371741 0.813217 0.148821
v -0.324259 0.781362 0.140791
v -0.408377 0.815556 0.151650
v -0.416207 0.808601 0.120689
v -0.241594 0.750628 0.000000
v -0.264646 0.761352 0.026647
v -0.229499 0.742173 0.025687
v -0.355076 0.830825 0.029845
v -0.309426 0.799558 0.028326
v -0.328550 0.821194 0.000000
v -0.272147 0.754144 0.079707
v -0.289945 0.775450 0.054806
v -0.316978 0.790881 0.084666
v -0.400591 0.826235 0.091207
v -0.364045 0.823416 0.089524
v -0.379786 0.833350 0.060523
v -0.226975 0.646132 0.367253
v -0.241285 0.656831 0.346696
v -0.217912 0.702286 0.307958
v -0.227853 0.673898 0.324893
v -0.207746 0.705603 0.336140
v -0.256962 0.670808 0.327380
v -0.274204 0.688279 0.309076
v -0.172611 0.824825 0.230351
v -0.186929 0.801752 0.254191
v -0.159800 0.823915 0.258562
v -0.227008 0.723266 0.234203
v -0.208193 0.762234 0.244195
v -0.216429 0.751133 0.214207
v -0.188551 0.777961 0.305082
v -0.198978 0.771640 0.274738
v -0.208912 0.737046 0.292103
v -0.335469 0.757271 0.253648
v -0.356955 0.780459 0.232460
v -0.293426 0.709381 0.291056
v -0.313931 0.732790 0.272930
v -0.265459 0.716575 0.208769
v -0.287734 0.721475 0.238865
v -0.251408 0.706208 0.231184
v -0.228121 0.700418 0.280803
v -0.239067 0.701191 0.255123
v -0.254332 0.689063 0.279457
v -0.029653 0.856710 0.000000
v -0.047496 0.858154 0.028716
v -0.017350 0.839933 0.028072
v -0.110869 0.884891 0.029782
v -0.079124 0.876743 0.029401
v -0.092738 0.890262 0.000000
v -0.052333 0.841040 0.084677
v -0.065478 0.858699 0.057626
v -0.083557 0.858582 0.086659
v -0.204016 0.755796 0.026087
v -0.185196 0.794479 0.027188
v -0.189911 0.768754 0.000000
v -0.172492 0.840583 0.086047
v -0.179751 0.820238 0.056070
v -0.193175 0.798847 0.082387
v -0.149755 0.857024 0.000000
v -0.165259 0.839800 0.028538
v -0.140596 0.873080 0.029489
v -0.124497 0.839657 0.201441
v -0.138321 0.850378 0.174564
v -0.155797 0.841020 0.202841
v -0.101936 0.857687 0.116122
v -0.120202 0.855369 0.145427
v -0.087981 0.841325 0.142356
v -0.178240 0.834120 0.143290
v -0.151344 0.855451 0.146171
v -0.162863 0.852653 0.116582
v -0.128929 0.877278 0.059273
v -0.146373 0.866762 0.088343
v -0.115740 0.870953 0.088358
v -0.329475 0.769256 0.197492
v -0.247665 0.720783 0.181269
v -0.282598 0.733422 0.186363
v -0.302466 0.755829 0.164039
v -0.277700 0.744601 0.133054
v -0.183458 0.820451 0.200001
v -0.200137 0.793963 0.137901
v -0.192658 0.809856 0.168902
v -0.205275 0.781399 0.192493
v -0.224113 0.740928 0.184439
v -0.219586 0.744602 0.051620
v -0.255635 0.738370 0.104211
v -0.236545 0.738446 0.077436
v -0.212416 0.756928 0.078733
v -0.206458 0.774840 0.107414
v -0.232561 0.733281 0.156105
v -0.219234 0.752242 0.131849
v -0.242726 0.731658 0.129455
v 0.017847 0.482090 0.733313
v 0.000000 0.505479 0.723867
v 0.037569 0.571430 0.727551
v 0.018607 0.544719 0.735143
v 0.056077 0.547148 0.738492
v -0.017991 0.526682 0.710800
v -0.035857 0.545384 0.694390
v 0.097357 0.562843 0.569549
v 0.084456 0.568116 0.608641
v 0.112770 0.540330 0.579036
v 0.018627 0.625055 0.669457
v 0.053391 0.599698 0.642358
v 0.035674 0.621413 0.628816
v 0.088175 0.554573 0.666473
v 0.070907 0.577286 0.654839
v 0.055430 0.581275 0.698167
v -0.087260 0.586979 0.628850
v -0.103139 0.596271 0.603375
v -0.053576 0.561834 0.674817
v -0.070694 0.575546 0.652865
v -0.037334 0.650334 0.658082
v -0.055193 0.619936 0.664035
v -0.018888 0.633807 0.678830
v 0.018889 0.594223 0.713787
v 0.000000 0.615100 0.697472
v -0.018666 0.587215 0.705369
v 0.236215 0.712466 0.440328
v 0.220790 0.702164 0.464062
v 0.254774 0.697237 0.461146
v 0.151608 0.703662 0.464529
v 0.186356 0.704656 0.465423
v 0.169128 0.723276 0.447009
v 0.220761 0.667464 0.502020
v 0.203560 0.686002 0.483746
v 0.184820 0.663844 0.498403
v 0.016884 0.692442 0.456678
v 0.049276 0.688900 0.454386
v 0.032543 0.704576 0.435452
v 0.081916 0.651487 0.487429
v 0.065789 0.671134 0.471776
v 0.050045 0.656379 0.490806
v 0.099760 0.716988 0.443123
v 0.082422 0.692715 0.456991
v 0.116552 0.699006 0.461281
v 0.141957 0.560700 0.535583
v 0.127658 0.584214 0.525270
v 0.111738 0.568045 0.541171
v 0.165048 0.636767 0.508535
v 0.145693 0.608757 0.516077
v 0.180512 0.614896 0.522335
v 0.081796 0.614110 0.518701
v 0.112917 0.607493 0.514028
v 0.097722 0.629973 0.501567
v 0.133186 0.679366 0.478117
v 0.114943 0.653308 0.489399
v 0.149360 0.658454 0.493824
v -0.198466 0.631169 0.417141
v -0.211140 0.636836 0.393586
v -0.173431 0.622938 0.467691
v -0.185970 0.626724 0.441945
v -0.166780 0.713235 0.440803
v -0.177020 0.669352 0.442105
v -0.153410 0.712027 0.470051
v -0.118892 0.604413 0.575819
v -0.133365 0.610332 0.548753
v -0.108211 0.697589 0.555401
v -0.122446 0.658755 0.557404
v -0.091804 0.689248 0.582165
v -0.147220 0.615140 0.521488
v -0.160486 0.619166 0.494477
v -0.033342 0.721862 0.446135
v -0.051915 0.725801 0.478725
v -0.017222 0.706321 0.465831
v -0.123133 0.738473 0.487325
v -0.088142 0.740791 0.488708
v -0.104681 0.752351 0.464979
v -0.054435 0.713963 0.533864
v -0.071359 0.727951 0.511715
v -0.090608 0.720614 0.539148
v -0.151195 0.666547 0.499893
v -0.123922 0.704340 0.527628
v -0.139031 0.709180 0.499099
v 0.082095 0.585709 0.558164
v 0.050390 0.630276 0.532672
v 0.066431 0.608367 0.545971
v 0.051449 0.612774 0.584070
v 0.018062 0.642262 0.612237
v 0.000000 0.689228 0.484307
v -0.036243 0.698122 0.554987
v -0.017616 0.693090 0.518310
v 0.017053 0.670923 0.501733
v 0.033814 0.651348 0.517802
v -0.090216 0.643648 0.613378
v -0.018662 0.663587 0.632565
v -0.055880 0.665546 0.634370
v -0.074092 0.678524 0.608933
v -0.055627 0.695780 0.588032
v 0.017459 0.655088 0.553587
v -0.018146 0.680881 0.575383
v 0.000000 0.662217 0.594531
v 0.433079 0.758188 0.000000
v 0.420667 0.755164 0.028460
v 0.442529 0.733454 0.028197
v 0.370538 0.789332 0.028735
v 0.396536 0.773853 0.028648
v 0.383776 0.794926 0.000000
v 0.420247 0.731608 0.083545
v 0.408577 0.752518 0.056489
v 0.396758 0.750096 0.084069
v 0.257074 0.831348 0.028774
v 0.285878 0.822436 0.028785
v 0.268412 0.833951 0.000000
v 0.316600 0.789938 0.084565
v 0.301671 0.806810 0.057022
v 0.289085 0.801079 0.084668
v 0.327605 0.818832 0.000000
v 0.314574 0.812860 0.028797
v 0.342822 0.802152 0.028815
v 0.375911 0.726693 0.191667
v 0.361143 0.742094 0.165252
v 0.349118 0.738803 0.191646
v 0.384851 0.747683 0.111596
v 0.373074 0.745053 0.138541
v 0.398464 0.730027 0.138015
v 0.318851 0.768329 0.138443
v 0.346241 0.757434 0.138613
v 0.331438 0.773239 0.111841
v 0.357232 0.783860 0.056929
v 0.344176 0.778475 0.084638
v 0.371163 0.765540 0.084507
v 0.017109 0.828288 0.027683
v 0.045859 0.828574 0.027726
v 0.028608 0.826526 0.000000
v 0.082740 0.850189 0.085812
v 0.063942 0.838556 0.056275
v 0.052218 0.839188 0.084490
v 0.086296 0.828419 0.000000
v 0.075349 0.834913 0.027999
v 0.105583 0.842705 0.028362
v 0.155930 0.841734 0.203013
v 0.138870 0.853754 0.175257
v 0.126273 0.851634 0.204314
v 0.162949 0.853104 0.116644
v 0.151095 0.854044 0.145931
v 0.179838 0.841598 0.144574
v 0.089569 0.856507 0.144925
v 0.120800 0.859630 0.146151
v 0.102004 0.858261 0.116200
v 0.208125 0.842482 0.000000
v 0.197232 0.846112 0.028955
v 0.226688 0.839787 0.028986
v 0.136585 0.848173 0.028648
v 0.167127 0.849295 0.028860
v 0.146862 0.840465 0.000000
v 0.203236 0.840449 0.086678
v 0.186054 0.849000 0.058037
v 0.174695 0.851323 0.087147
v 0.113920 0.857254 0.086969
v 0.144826 0.857601 0.087409
v 0.125480 0.853809 0.057687
v 0.281772 0.707803 0.407559
v 0.265009 0.721413 0.380785
v 0.252550 0.718937 0.408634
v 0.288486 0.724127 0.325174
v 0.276875 0.722791 0.352750
v 0.305367 0.711370 0.351560
v 0.221094 0.750938 0.357737
v 0.248825 0.735924 0.354797
v 0.233228 0.751648 0.329603
v 0.336266 0.735223 0.218987
v 0.324161 0.731743 0.245098
v 0.352397 0.721319 0.244533
v 0.268340 0.753771 0.246754
v 0.295899 0.741947 0.245642
v 0.280122 0.756157 0.220301
v 0.328650 0.715538 0.297349
v 0.312128 0.728581 0.271362
v 0.300303 0.726005 0.297877
v 0.159868 0.824265 0.258672
v 0.187993 0.806317 0.255639
v 0.172614 0.824837 0.230354
v 0.217945 0.768915 0.304733
v 0.203010 0.787279 0.280306
v 0.190797 0.787230 0.308717
v 0.226597 0.786423 0.224271
v 0.214881 0.786721 0.252040
v 0.241282 0.768744 0.248929
v 0.272271 0.737663 0.299167
v 0.256541 0.752442 0.273770
v 0.244889 0.751901 0.301443
v 0.244458 0.828942 0.057467
v 0.219963 0.825524 0.114440
v 0.232057 0.826916 0.086013
v 0.260559 0.813415 0.085297
v 0.275687 0.796289 0.112385
v 0.184466 0.824959 0.201100
v 0.238165 0.787386 0.196004
v 0.211649 0.805661 0.198470
v 0.196207 0.824778 0.172014
v 0.207926 0.824865 0.143269
v 0.320868 0.749158 0.192333
v 0.290660 0.779351 0.139264
v 0.305622 0.763716 0.165751
v 0.292677 0.759579 0.193010
v 0.265216 0.771863 0.194115
v 0.235378 0.807635 0.141558
v 0.250305 0.789231 0.168016
v 0.262820 0.792228 0.140172
v -0.202625 0.669831 0.381082
v -0.155587 0.749595 0.427074
v -0.181442 0.712734 0.405808
v -0.195060 0.709911 0.370686
v -0.186011 0.749120 0.357819
v -0.017244 0.724603 0.413341
v -0.051064 0.738853 0.421417
v -0.087064 0.772210 0.370735
v -0.068979 0.755563 0.396217
v -0.051940 0.755313 0.362930
v -0.086818 0.756589 0.431426
v -0.122756 0.764266 0.435637
v -0.142338 0.816716 0.289022
v -0.124301 0.821901 0.259360
v -0.173994 0.781787 0.339699
v -0.159259 0.804095 0.316440
v -0.087465 0.788038 0.312104
v -0.124044 0.804196 0.317522
v -0.105594 0.788848 0.344447
v -0.140773 0.773797 0.405140
v -0.123632 0.785657 0.376503
v -0.158004 0.779994 0.373156
v 0.220760 0.729779 0.415188
v 0.190268 0.766264 0.366008
v 0.205447 0.747714 0.390425
v 0.188183 0.739215 0.420885
v 0.154560 0.744649 0.424256
v 0.126455 0.836141 0.263854
v 0.143176 0.821527 0.290724
v 0.107083 0.799972 0.349304
v 0.125536 0.813874 0.321343
v 0.090191 0.812597 0.321831
v 0.159266 0.804133 0.316455
v 0.174810 0.785449 0.341290
v 0.050265 0.727291 0.414822
v 0.017159 0.721013 0.411293
v 0.119488 0.743915 0.424037
v 0.084570 0.736999 0.420255
v 0.052770 0.767387 0.368732
v 0.068832 0.753948 0.395370
v 0.087865 0.779309 0.374143
v 0.157728 0.778632 0.372505
v 0.123332 0.783750 0.375589
v 0.139174 0.765009 0.400539
v 0.000000 0.828675 0.055478
v -0.034294 0.825099 0.111165
v -0.017166 0.827293 0.083340
v 0.017179 0.827937 0.083405
v 0.034681 0.834417 0.112421
v -0.104999 0.822783 0.227412
v -0.086866 0.822181 0.197397
v -0.017114 0.805976 0.193650
v -0.051056 0.806693 0.193775
v -0.033742 0.796772 0.220222
v -0.069084 0.822036 0.168074
v -0.051686 0.823063 0.139555
v 0.089951 0.851376 0.204406
v 0.108074 0.846884 0.234073
v 0.052956 0.843277 0.142983
v 0.071420 0.849837 0.173758
v 0.034880 0.823638 0.227648
v 0.053082 0.838712 0.201466
v 0.017411 0.819962 0.197011
v -0.017113 0.817222 0.138516
v 0.000000 0.816536 0.167142
v 0.017309 0.826564 0.140100
v 0.000000 0.735050 0.385664
v 0.034959 0.776713 0.339963
v 0.017282 0.753588 0.362046
v -0.017144 0.747553 0.359146
v -0.034187 0.759580 0.332464
v 0.090175 0.836768 0.263886
v 0.017465 0.805736 0.253942
v 0.053235 0.824640 0.259954
v 0.071800 0.821138 0.291607
v 0.053366 0.800579 0.316738
v -0.086695 0.804472 0.253701
v -0.051502 0.772616 0.305675
v -0.068850 0.787404 0.279628
v -0.051005 0.790094 0.249063
v -0.017140 0.790774 0.249226
v 0.017407 0.782966 0.309825
v 0.000000 0.786999 0.279272
v -0.017134 0.770652 0.304952
v -0.407762 0.731997 -0.027587
v -0.428462 0.710139 -0.027300
v -0.385333 0.820849 -0.029882
v -0.398240 0.777179 -0.028771
v -0.412076 0.717383 -0.081920
v -0.399527 0.735850 -0.055238
v -0.390361 0.738000 -0.082714
v -0.231736 0.749408 -0.025938
v -0.271494 0.781054 -0.027337
v -0.334155 0.833737 -0.089254
v -0.305353 0.816658 -0.057718
v -0.293647 0.813723 -0.086004
v -0.317031 0.819209 -0.029022
v -0.357936 0.837517 -0.030086
v -0.370901 0.717009 -0.189113
v -0.356982 0.733543 -0.163347
v -0.344165 0.728323 -0.188928
v -0.380089 0.738431 -0.110215
v -0.369002 0.736921 -0.137028
v -0.392948 0.719920 -0.136104
v -0.337386 0.812993 -0.146491
v -0.354637 0.775801 -0.141974
v -0.350508 0.817728 -0.118276
v -0.374547 0.821855 -0.059688
v -0.362890 0.820803 -0.089240
v -0.378505 0.780684 -0.086179
v -0.017733 0.858496 -0.028693
v -0.048775 0.881262 -0.029489
v -0.087642 0.900560 -0.090896
v -0.068628 0.900009 -0.060399
v -0.056233 0.903717 -0.090987
v -0.080812 0.895445 -0.030029
v -0.111653 0.891154 -0.029993
v -0.138271 0.746408 -0.180022
v -0.126735 0.779150 -0.159943
v -0.115206 0.776995 -0.186408
v -0.149002 0.780086 -0.106660
v -0.138027 0.780175 -0.133309
v -0.159626 0.747012 -0.128326
v -0.091594 0.875877 -0.148203
v -0.116563 0.829478 -0.141025
v -0.104049 0.875464 -0.118529
v -0.180220 0.773128 -0.026458
v -0.201204 0.745378 -0.025727
v -0.139076 0.863637 -0.029171
v -0.161194 0.819145 -0.027836
v -0.180610 0.746883 -0.077028
v -0.170166 0.776501 -0.053081
v -0.159812 0.778794 -0.079722
v -0.116049 0.873280 -0.088594
v -0.139731 0.827431 -0.084334
v -0.127748 0.869245 -0.058730
v -0.263939 0.663005 -0.381764
v -0.241238 0.656704 -0.346629
v -0.226872 0.645839 -0.367086
v -0.270925 0.680047 -0.305380
v -0.255990 0.668271 -0.326142
v -0.291703 0.679539 -0.335829
v -0.213654 0.725669 -0.345700
v -0.232345 0.687182 -0.331298
v -0.229443 0.739448 -0.324253
v -0.329849 0.721194 -0.214808
v -0.315675 0.712587 -0.238682
v -0.346182 0.708598 -0.240220
v -0.276834 0.777630 -0.254565
v -0.295885 0.741911 -0.245630
v -0.292093 0.788470 -0.229715
v -0.319458 0.695525 -0.289032
v -0.301018 0.702648 -0.261703
v -0.286121 0.691721 -0.283810
v -0.144802 0.746583 -0.234294
v -0.178876 0.767212 -0.243241
v -0.155858 0.744770 -0.207994
v -0.221274 0.780661 -0.309389
v -0.203170 0.787898 -0.280527
v -0.190317 0.785248 -0.307939
v -0.228807 0.794093 -0.226458
v -0.215997 0.790805 -0.253349
v -0.250243 0.797296 -0.258175
v -0.264229 0.715875 -0.290331
v -0.261119 0.765871 -0.278656
v -0.245270 0.753072 -0.301913
v -0.220403 0.747373 -0.051812
v -0.198291 0.744192 -0.103165
v -0.209237 0.745599 -0.077555
v -0.248221 0.774898 -0.081258
v -0.280205 0.809337 -0.114227
v -0.166229 0.743398 -0.181218
v -0.241160 0.797286 -0.198468
v -0.201368 0.766526 -0.188829
v -0.176737 0.742933 -0.154944
v -0.187349 0.743233 -0.129090
v -0.326637 0.762629 -0.195791
v -0.307711 0.825070 -0.147434
v -0.322790 0.806617 -0.175062
v -0.307630 0.798385 -0.202871
v -0.279143 0.812392 -0.204308
v -0.224119 0.769005 -0.134787
v -0.254065 0.801087 -0.170539
v -0.267111 0.805164 -0.142461
v 0.454112 0.752652 -0.028935
v 0.431740 0.775040 -0.029209
v 0.426121 0.805607 -0.090291
v 0.429747 0.791508 -0.059416
v 0.451789 0.786519 -0.089815
v 0.406925 0.794128 -0.029398
v 0.379953 0.809387 -0.029465
v 0.373057 0.789463 -0.204787
v 0.393286 0.808142 -0.179959
v 0.407723 0.788191 -0.207887
v 0.355648 0.829719 -0.120010
v 0.375610 0.821682 -0.150370
v 0.340524 0.820554 -0.147853
v 0.439294 0.804831 -0.152157
v 0.408829 0.816458 -0.151818
v 0.419466 0.814934 -0.121634
v 0.290052 0.834442 -0.029205
v 0.258927 0.837342 -0.028981
v 0.350886 0.821022 -0.029493
v 0.320873 0.829136 -0.029374
v 0.300667 0.833176 -0.088060
v 0.312108 0.834723 -0.058995
v 0.334105 0.833613 -0.089241
v 0.397627 0.820122 -0.090532
v 0.366709 0.829439 -0.090179
v 0.374504 0.821760 -0.059681
v 0.254986 0.725873 -0.412577
v 0.264108 0.718961 -0.379490
v 0.285597 0.717409 -0.413091
v 0.221937 0.715258 -0.313646
v 0.242516 0.717264 -0.345801
v 0.216569 0.735568 -0.350416
v 0.296785 0.691377 -0.341679
v 0.269192 0.702735 -0.342961
v 0.274864 0.689935 -0.309820
v 0.153630 0.734121 -0.205020
v 0.168912 0.724478 -0.229692
v 0.145490 0.750132 -0.235408
v 0.221996 0.707299 -0.229032
v 0.194045 0.710436 -0.227601
v 0.207330 0.719553 -0.205201
v 0.179152 0.739181 -0.289874
v 0.185158 0.718046 -0.255656
v 0.202691 0.715099 -0.283406
v 0.359981 0.736843 -0.249795
v 0.323727 0.730765 -0.244770
v 0.348102 0.761101 -0.226695
v 0.285294 0.689719 -0.282989
v 0.301843 0.704575 -0.262421
v 0.316781 0.689697 -0.286610
v 0.273662 0.738719 -0.215220
v 0.287724 0.721448 -0.238856
v 0.253584 0.712321 -0.233185
v 0.227845 0.699568 -0.280463
v 0.237921 0.697830 -0.253900
v 0.255377 0.691894 -0.280605
v 0.045445 0.821105 -0.027476
v 0.017218 0.833538 -0.027859
v 0.102771 0.820258 -0.027607
v 0.073774 0.817457 -0.027413
v 0.050932 0.818514 -0.082409
v 0.061984 0.812880 -0.054552
v 0.078062 0.802123 -0.080961
v 0.226191 0.837944 -0.028922
v 0.194908 0.836141 -0.028614
v 0.164740 0.802809 -0.082181
v 0.180199 0.822283 -0.056210
v 0.196246 0.811543 -0.083697
v 0.163723 0.831993 -0.028272
v 0.133038 0.826147 -0.027904
v 0.114273 0.770703 -0.184898
v 0.123726 0.760649 -0.156145
v 0.138340 0.746784 -0.180113
v 0.093799 0.789219 -0.106852
v 0.108927 0.775139 -0.131786
v 0.083226 0.795851 -0.134662
v 0.163753 0.766323 -0.131643
v 0.135452 0.765624 -0.130823
v 0.149315 0.781721 -0.106883
v 0.118955 0.809409 -0.054687
v 0.134482 0.796350 -0.081166
v 0.105674 0.795206 -0.080674
v 0.335346 0.782963 -0.201011
v 0.259945 0.756523 -0.190257
v 0.297097 0.771049 -0.195924
v 0.320245 0.800256 -0.173681
v 0.303220 0.813031 -0.145282
v 0.164290 0.734728 -0.179104
v 0.195192 0.774348 -0.134495
v 0.178464 0.750192 -0.156458
v 0.192905 0.734314 -0.180894
v 0.224674 0.742785 -0.184901
v 0.245803 0.833503 -0.057783
v 0.284641 0.822152 -0.116036
v 0.265411 0.828560 -0.086885
v 0.230353 0.820846 -0.085382
v 0.213193 0.800116 -0.110918
v 0.245057 0.772683 -0.164493
v 0.229417 0.787184 -0.137973
v 0.265775 0.801134 -0.141748
v -0.018029 0.486990 -0.740767
v 0.000000 0.529905 -0.758846
v 0.018633 0.503312 -0.765594
v -0.037548 0.571100 -0.727131
v -0.018879 0.552676 -0.745882
v -0.055089 0.537504 -0.725476
v 0.054055 0.527418 -0.711863
v 0.018733 0.548413 -0.740128
v 0.035624 0.541844 -0.689882
v -0.104783 0.605772 -0.612990
v -0.089479 0.601904 -0.644840
v -0.125610 0.601850 -0.644963
v -0.017138 0.575078 -0.615929
v -0.052516 0.589869 -0.631830
v -0.033552 0.584446 -0.591409
v -0.091612 0.576193 -0.692456
v -0.073125 0.595344 -0.675322
v -0.055818 0.585340 -0.703050
v 0.120800 0.578803 -0.620265
v 0.084932 0.571320 -0.612074
v 0.105963 0.612596 -0.619894
v 0.050609 0.530719 -0.637444
v 0.066160 0.538632 -0.610992
v 0.081708 0.513900 -0.617594
v 0.034017 0.592546 -0.599606
v 0.050319 0.565185 -0.605390
v 0.016858 0.565696 -0.605881
v -0.018302 0.575771 -0.691622
v 0.000000 0.565110 -0.640788
v 0.017616 0.554187 -0.665695
v -0.210308 0.634326 -0.392035
v -0.196923 0.626260 -0.413897
v -0.236867 0.648229 -0.428733
v -0.142807 0.662817 -0.437565
v -0.166826 0.630808 -0.416647
v -0.158101 0.676121 -0.417866
v -0.210520 0.636501 -0.478732
v -0.183930 0.619850 -0.437097
v -0.171266 0.615161 -0.461852
v -0.018551 0.760822 -0.501775
v -0.054879 0.767234 -0.506054
v -0.035344 0.765225 -0.472935
v -0.085352 0.678816 -0.507876
v -0.072080 0.735311 -0.516890
v -0.054808 0.718846 -0.537516
v -0.105557 0.758648 -0.468870
v -0.089060 0.748505 -0.493797
v -0.118196 0.708865 -0.467787
v -0.156264 0.617208 -0.589560
v -0.133075 0.609002 -0.547557
v -0.119565 0.607837 -0.579081
v -0.158637 0.612033 -0.488781
v -0.146030 0.610165 -0.517271
v -0.184113 0.627163 -0.532756
v -0.081935 0.615155 -0.519583
v -0.112108 0.603137 -0.510343
v -0.097105 0.625992 -0.498398
v -0.127457 0.650143 -0.457551
v -0.112215 0.637802 -0.477783
v -0.139205 0.613688 -0.460250
v 0.250910 0.686663 -0.454152
v 0.211801 0.673576 -0.445168
v 0.234979 0.708740 -0.438025
v 0.168046 0.603596 -0.453169
v 0.187661 0.632423 -0.445963
v 0.200489 0.606172 -0.455921
v 0.161469 0.690523 -0.426767
v 0.174797 0.660947 -0.436553
v 0.140885 0.653894 -0.431674
v 0.125797 0.639519 -0.609264
v 0.139245 0.637239 -0.572945
v 0.157088 0.620462 -0.592669
v 0.103173 0.665115 -0.529547
v 0.121166 0.651868 -0.551576
v 0.091072 0.683750 -0.577521
v 0.172409 0.587293 -0.498888
v 0.147574 0.616616 -0.522739
v 0.155336 0.599299 -0.478612
v 0.032947 0.713325 -0.440859
v 0.050201 0.701827 -0.462913
v 0.017906 0.734382 -0.484337
v 0.109596 0.657285 -0.433748
v 0.080169 0.673776 -0.444497
v 0.094884 0.681940 -0.421462
v 0.054470 0.714422 -0.534208
v 0.067628 0.689894 -0.484964
v 0.085214 0.677717 -0.507053
v 0.139516 0.615059 -0.461278
v 0.112846 0.641386 -0.480468
v 0.124418 0.634638 -0.446639
v -0.083649 0.596797 -0.568731
v -0.051424 0.643211 -0.543605
v -0.066005 0.604467 -0.542471
v -0.049894 0.594244 -0.566409
v -0.016983 0.603884 -0.575652
v 0.000000 0.752412 -0.528706
v 0.037560 0.723494 -0.575156
v 0.018811 0.740095 -0.553461
v -0.018871 0.742451 -0.555223
v -0.036319 0.699600 -0.556161
v 0.090567 0.646156 -0.615769
v 0.017488 0.621827 -0.592757
v 0.053633 0.638787 -0.608865
v 0.073846 0.676269 -0.606909
v 0.056129 0.702059 -0.593339
v -0.018025 0.676314 -0.571524
v 0.018637 0.699283 -0.590933
v 0.000000 0.650062 -0.583618
v 0.000000 0.854560 -0.057211
v 0.034970 0.841378 -0.113359
v 0.017613 0.848846 -0.085512
v -0.018310 0.882444 -0.088896
v -0.037591 0.904424 -0.121853
v 0.102281 0.801487 -0.221525
v 0.085764 0.811751 -0.194893
v 0.018961 0.892989 -0.214557
v 0.054277 0.857589 -0.206000
v 0.037450 0.884322 -0.244421
v 0.069102 0.822253 -0.168118
v 0.052266 0.832298 -0.141121
v -0.087780 0.830831 -0.199474
v -0.099448 0.779291 -0.215391
v -0.056903 0.906135 -0.153641
v -0.073927 0.879665 -0.179857
v -0.037104 0.876143 -0.242160
v -0.055690 0.879920 -0.211364
v -0.019173 0.902974 -0.216956
v 0.018285 0.873164 -0.147998
v 0.000000 0.899314 -0.184087
v -0.018911 0.903078 -0.153069
v 0.221253 0.731409 -0.416115
v 0.150936 0.727189 -0.414308
v 0.186304 0.731833 -0.416682
v 0.205487 0.747860 -0.390502
v 0.188570 0.759427 -0.362742
v 0.017222 0.723657 -0.412802
v 0.049293 0.713227 -0.406801
v 0.089070 0.789999 -0.379275
v 0.068077 0.745682 -0.391035
v 0.053462 0.777455 -0.373569
v 0.081822 0.713052 -0.406600
v 0.115558 0.719451 -0.410092
v 0.136480 0.783104 -0.277127
v 0.119706 0.791515 -0.249772
v 0.170957 0.768139 -0.333769
v 0.153603 0.775541 -0.305203
v 0.093101 0.838818 -0.332215
v 0.125310 0.812408 -0.320764
v 0.109408 0.817341 -0.356888
v 0.138488 0.761239 -0.398565
v 0.124553 0.791510 -0.379308
v 0.158020 0.780072 -0.373193
v -0.198635 0.656639 -0.373577
v -0.188916 0.760819 -0.363407
v -0.194909 0.709363 -0.370400
v -0.176351 0.692737 -0.394422
v -0.152815 0.736242 -0.419466
v -0.113019 0.747299 -0.235819
v -0.130560 0.749139 -0.265108
v -0.101289 0.756693 -0.330407
v -0.116091 0.752641 -0.297167
v -0.083094 0.748658 -0.296508
v -0.152566 0.770306 -0.303143
v -0.174076 0.782153 -0.339858
v -0.052946 0.766075 -0.436943
v -0.017718 0.744518 -0.424702
v -0.123397 0.768252 -0.437909
v -0.089210 0.777431 -0.443311
v -0.051437 0.748004 -0.359418
v -0.069771 0.764236 -0.400765
v -0.085781 0.760825 -0.365269
v -0.157775 0.778866 -0.372617
v -0.122067 0.775711 -0.371737
v -0.140908 0.774537 -0.405527
v 0.090208 0.837077 -0.263983
v 0.056438 0.846672 -0.334974
v 0.074977 0.857466 -0.304508
v 0.056329 0.872556 -0.275058
v 0.019170 0.884396 -0.278733
v 0.000000 0.735573 -0.385938
v -0.034094 0.757509 -0.331557
v -0.017134 0.747108 -0.358933
v 0.017422 0.759690 -0.364977
v 0.036283 0.806138 -0.352842
v -0.083756 0.777207 -0.245102
v -0.018772 0.866071 -0.272957
v -0.053213 0.824293 -0.259844
v -0.067581 0.772886 -0.274472
v -0.051081 0.766308 -0.303179
v 0.018480 0.831210 -0.328915
v -0.017769 0.799242 -0.316265
v 0.000000 0.851307 -0.302093
v -0.461368 0.718375 -0.045522
v -0.469227 0.713747 -0.017371
v -0.444615 0.725953 -0.101980
v -0.453190 0.722494 -0.073772
v -0.537021 0.724825 -0.055039
v -0.501500 0.734600 -0.065653
v -0.530156 0.731525 -0.085179
v -0.405060 0.731030 -0.214651
v -0.415826 0.731316 -0.186790
v -0.505888 0.746364 -0.177253
v -0.466631 0.750140 -0.185037
v -0.496430 0.749176 -0.207835
v -0.425986 0.730506 -0.158678
v -0.435563 0.728709 -0.130522
v -0.528842 0.566725 -0.110373
v -0.509547 0.589935 -0.121805
v -0.522076 0.570604 -0.136793
v -0.534701 0.695250 -0.100930
v -0.520621 0.638679 -0.111748
v -0.526185 0.632358 -0.083661
v -0.507332 0.648952 -0.168484
v -0.514337 0.644224 -0.140079
v -0.520452 0.706413 -0.160863
v -0.484998 0.743841 -0.125187
v -0.514731 0.742302 -0.146514
v -0.522802 0.737313 -0.115756
v -0.298836 0.689054 -0.425859
v -0.313482 0.697513 -0.401212
v -0.400210 0.718396 -0.412165
v -0.363041 0.722605 -0.415144
v -0.382133 0.705114 -0.435785
v -0.327879 0.705287 -0.376104
v -0.341920 0.712233 -0.350618
v -0.473716 0.591920 -0.337100
v -0.442843 0.602196 -0.343694
v -0.465901 0.593134 -0.366577
v -0.451901 0.701514 -0.340128
v -0.442881 0.643392 -0.338682
v -0.455939 0.648491 -0.312437
v -0.413655 0.628319 -0.388323
v -0.428762 0.636667 -0.364072
v -0.419829 0.683399 -0.391469
v -0.381431 0.727038 -0.270966
v -0.393462 0.729691 -0.243697
v -0.355645 0.718262 -0.324332
v -0.368800 0.723212 -0.297905
v -0.461476 0.748067 -0.302251
v -0.421405 0.749237 -0.305750
v -0.447984 0.744091 -0.331270
v -0.417392 0.729221 -0.386652
v -0.433349 0.737780 -0.359561
v -0.393927 0.739490 -0.362227
v -0.676955 0.447731 -0.247363
v -0.617682 0.442329 -0.245752
v -0.665209 0.446089 -0.275698
v -0.591084 0.479916 -0.214634
v -0.588309 0.449009 -0.223993
v -0.599250 0.450714 -0.198199
v -0.565901 0.444987 -0.275017
v -0.577130 0.447050 -0.249598
v -0.567194 0.474887 -0.266293
v -0.561506 0.577918 -0.160105
v -0.603073 0.585721 -0.184431
v -0.610719 0.583362 -0.154621
v -0.587002 0.589728 -0.244490
v -0.595154 0.587830 -0.214412
v -0.548769 0.584763 -0.218265
v -0.623606 0.529734 -0.183069
v -0.622454 0.570089 -0.202699
v -0.612331 0.528488 -0.211014
v -0.551400 0.594986 -0.367721
v -0.560889 0.594155 -0.336613
v -0.520037 0.596841 -0.339052
v -0.576509 0.522011 -0.293841
v -0.580319 0.568076 -0.320862
v -0.564409 0.519385 -0.320998
v -0.535154 0.591243 -0.277843
v -0.569913 0.592935 -0.305694
v -0.578579 0.591440 -0.275127
v -0.600523 0.526431 -0.238784
v -0.601900 0.569707 -0.261812
v -0.588526 0.524221 -0.266392
v -0.445613 0.752450 -0.245901
v -0.479370 0.710796 -0.282985
v -0.474321 0.750160 -0.271273
v -0.485951 0.750458 -0.239682
v -0.502274 0.712118 -0.221965
v -0.482158 0.589972 -0.307712
v -0.497025 0.584449 -0.249560
v -0.489877 0.587414 -0.278453
v -0.463235 0.604189 -0.288791
v -0.468108 0.650691 -0.284443
v -0.516231 0.574245 -0.164453
v -0.498851 0.650723 -0.197570
v -0.496363 0.597475 -0.176391
v -0.510131 0.577780 -0.192437
v -0.503757 0.581185 -0.220659
v -0.479338 0.652019 -0.255831
v -0.481050 0.601918 -0.232476
v -0.489578 0.651994 -0.226782
v -0.027517 0.431861 -0.715771
v -0.044857 0.454631 -0.707885
v -0.096776 0.421923 -0.688903
v -0.070085 0.430542 -0.686387
v -0.082055 0.412755 -0.718564
v -0.062520 0.477570 -0.699548
v -0.080358 0.500148 -0.690118
v -0.211420 0.398964 -0.720027
v -0.188863 0.420441 -0.739432
v -0.191135 0.374867 -0.724675
v -0.154210 0.440120 -0.649333
v -0.174177 0.439245 -0.706116
v -0.188009 0.449075 -0.677711
v -0.143903 0.415464 -0.761172
v -0.159511 0.428223 -0.734342
v -0.127373 0.425052 -0.711124
v -0.134313 0.561871 -0.650514
v -0.151832 0.579474 -0.633336
v -0.098545 0.522066 -0.678821
v -0.116482 0.542676 -0.665734
v -0.155775 0.469062 -0.599999
v -0.136447 0.501001 -0.627520
v -0.140526 0.454654 -0.617105
v -0.111370 0.431468 -0.661743
v -0.125859 0.442169 -0.637659
v -0.102652 0.463619 -0.653846
v -0.440559 0.309152 -0.712840
v -0.428922 0.335132 -0.745686
v -0.415666 0.287377 -0.721881
v -0.391481 0.380126 -0.682343
v -0.420310 0.367559 -0.731598
v -0.436434 0.382703 -0.706165
v -0.379695 0.329806 -0.768302
v -0.401258 0.349807 -0.752455
v -0.359611 0.350690 -0.730502
v -0.371069 0.521451 -0.651566
v -0.366554 0.472298 -0.642250
v -0.390808 0.496698 -0.632341
v -0.316871 0.421001 -0.653546
v -0.341682 0.446804 -0.649091
v -0.324718 0.473859 -0.673980
v -0.380408 0.405224 -0.615513
v -0.356909 0.420325 -0.624140
v -0.363865 0.390226 -0.635211
v -0.226613 0.326572 -0.668460
v -0.247071 0.347794 -0.662923
v -0.229149 0.369974 -0.686133
v -0.313206 0.343444 -0.693620
v -0.274137 0.339375 -0.665511
v -0.296109 0.327280 -0.712555
v -0.275998 0.421393 -0.683091
v -0.269070 0.370851 -0.659354
v -0.292340 0.395338 -0.656647
v -0.347310 0.374921 -0.655021
v -0.313873 0.378286 -0.644034
v -0.330425 0.359341 -0.674565
v -0.265984 0.668535 -0.478745
v -0.281082 0.678200 -0.454801
v -0.235165 0.647625 -0.525823
v -0.250658 0.658344 -0.502461
v -0.311071 0.640088 -0.503323
v -0.286119 0.661574 -0.512461
v -0.290186 0.618086 -0.517497
v -0.169936 0.595984 -0.613404
v -0.186718 0.610550 -0.592983
v -0.228567 0.548773 -0.551321
v -0.210453 0.584166 -0.576977
v -0.209503 0.526739 -0.561288
v -0.203160 0.623870 -0.571386
v -0.219208 0.636108 -0.549008
v -0.370090 0.554952 -0.598819
v -0.321322 0.535409 -0.567165
v -0.353398 0.542041 -0.622095
v -0.287287 0.563651 -0.510369
v -0.295159 0.533831 -0.522569
v -0.312350 0.549203 -0.505393
v -0.262215 0.505053 -0.557986
v -0.278385 0.519000 -0.539965
v -0.248491 0.522565 -0.534180
v -0.248349 0.624579 -0.547519
v -0.248619 0.571569 -0.540998
v -0.269276 0.594898 -0.529897
v -0.232992 0.422220 -0.712948
v -0.276192 0.467863 -0.693734
v -0.254721 0.445380 -0.704389
v -0.224312 0.454788 -0.702333
v -0.202845 0.459008 -0.650775
v -0.336169 0.526749 -0.644533
v -0.247071 0.492068 -0.578620
v -0.290920 0.511810 -0.613714
v -0.317374 0.509082 -0.663987
v -0.297382 0.489402 -0.680291
v -0.172668 0.542018 -0.602930
v -0.181795 0.459020 -0.598766
v -0.172708 0.485998 -0.584999
v -0.190622 0.505318 -0.572329
v -0.213145 0.486604 -0.561395
v -0.258932 0.485147 -0.659922
v -0.232026 0.480118 -0.600751
v -0.217338 0.469189 -0.624842
v -0.773153 0.029723 -0.466482
v -0.750328 0.047547 -0.481889
v -0.746642 0.018172 -0.490852
v -0.702765 0.098723 -0.430413
v -0.731790 0.074722 -0.459021
v -0.746248 0.085217 -0.428657
v -0.694097 0.052706 -0.514255
v -0.714158 0.063826 -0.487545
v -0.670356 0.078057 -0.485825
v -0.744480 0.218600 -0.412513
v -0.711660 0.181769 -0.404650
v -0.740524 0.195315 -0.383065
v -0.655233 0.155611 -0.444119
v -0.683011 0.168478 -0.424872
v -0.687069 0.190605 -0.455275
v -0.699794 0.132299 -0.381963
v -0.685083 0.148811 -0.399498
v -0.681990 0.122154 -0.407639
v -0.559494 0.108964 -0.522094
v -0.580533 0.119864 -0.501426
v -0.580550 0.139178 -0.531177
v -0.627435 0.091085 -0.482546
v -0.595799 0.104246 -0.485667
v -0.609132 0.080588 -0.506859
v -0.630555 0.163708 -0.492949
v -0.603607 0.131247 -0.481909
v -0.628508 0.143122 -0.463055
v -0.664203 0.111784 -0.433072
v -0.638507 0.126027 -0.442757
v -0.646009 0.101421 -0.458061
v -0.704254 0.435253 -0.305428
v -0.700946 0.403188 -0.315025
v -0.720674 0.414970 -0.286896
v -0.656635 0.376731 -0.365804
v -0.679319 0.390275 -0.341294
v -0.673759 0.416406 -0.365141
v -0.674316 0.333247 -0.289461
v -0.675103 0.360009 -0.313847
v -0.655644 0.322760 -0.314753
v -0.568238 0.323613 -0.454763
v -0.588793 0.336044 -0.432987
v -0.595094 0.367788 -0.467441
v -0.605711 0.293679 -0.390187
v -0.588597 0.309838 -0.405163
v -0.591439 0.284950 -0.415827
v -0.635659 0.392859 -0.418487
v -0.610673 0.349208 -0.411256
v -0.633391 0.362823 -0.389108
v -0.777676 0.263638 -0.379930
v -0.741852 0.276488 -0.389203
v -0.759493 0.253650 -0.409532
v -0.665208 0.300376 -0.329376
v -0.701729 0.289056 -0.357844
v -0.708884 0.294583 -0.325594
v -0.681933 0.275530 -0.420678
v -0.692774 0.282708 -0.389648
v -0.643151 0.286331 -0.387213
v -0.629805 0.333940 -0.360488
v -0.621295 0.302791 -0.364930
v -0.637933 0.312481 -0.339827
v -0.435419 0.240561 -0.658339
v -0.453398 0.251902 -0.633139
v -0.444424 0.274669 -0.662727
v -0.511410 0.228719 -0.629873
v -0.476259 0.237587 -0.624013
v -0.498675 0.219290 -0.663016
v -0.483753 0.298976 -0.615201
v -0.469669 0.262227 -0.606330
v -0.484834 0.271870 -0.579074
v -0.588238 0.162964 -0.571533
v -0.590362 0.185892 -0.607852
v -0.566650 0.150191 -0.593223
v -0.573886 0.237922 -0.571233
v -0.593887 0.216621 -0.601287
v -0.609397 0.227460 -0.571887
v -0.561870 0.194175 -0.661436
v -0.578074 0.205538 -0.631173
v -0.549611 0.219448 -0.636806
v -0.555998 0.343625 -0.515268
v -0.531090 0.300884 -0.501354
v -0.548539 0.311613 -0.477950
v -0.499780 0.281327 -0.551957
v -0.514953 0.290857 -0.526051
v -0.519563 0.321108 -0.564602
v -0.553892 0.260291 -0.501347
v -0.524839 0.270587 -0.504462
v -0.543417 0.252787 -0.531600
v -0.522905 0.237184 -0.596501
v -0.533382 0.245119 -0.563522
v -0.500902 0.254542 -0.562346
v -0.738102 0.241212 -0.437116
v -0.670634 0.266995 -0.452284
v -0.712926 0.257808 -0.450778
v -0.713884 0.228001 -0.462268
v -0.688092 0.214476 -0.485328
v -0.553350 0.288611 -0.452229
v -0.597219 0.255013 -0.507885
v -0.565594 0.268110 -0.471680
v -0.578056 0.276300 -0.443199
v -0.620582 0.271281 -0.446447
v -0.611111 0.175011 -0.549373
v -0.661562 0.200861 -0.507160
v -0.635741 0.187688 -0.528153
v -0.631222 0.210237 -0.557316
v -0.625918 0.237642 -0.542531
v -0.656914 0.257751 -0.482936
v -0.641827 0.247890 -0.512946
v -0.674169 0.234496 -0.506229
v -0.325919 0.695977 -0.467268
v -0.332040 0.609195 -0.480847
v -0.335660 0.664215 -0.483803
v -0.359517 0.686102 -0.461261
v -0.379659 0.652810 -0.439542
v -0.415662 0.559799 -0.610572
v -0.389729 0.567879 -0.570772
v -0.422829 0.585463 -0.507470
v -0.407367 0.578059 -0.540127
v -0.455548 0.585843 -0.551941
v -0.354877 0.558745 -0.518001
v -0.333608 0.566883 -0.485141
v -0.457518 0.593718 -0.402094
v -0.504443 0.600712 -0.407803
v -0.395000 0.615046 -0.414851
v -0.418563 0.593873 -0.401335
v -0.484736 0.598620 -0.482418
v -0.447752 0.592939 -0.437735
v -0.436337 0.590349 -0.472884
v -0.354589 0.584208 -0.463363
v -0.389046 0.579256 -0.461699
v -0.375188 0.600431 -0.439955
v -0.464858 0.324237 -0.692386
v -0.507555 0.350483 -0.643033
v -0.487157 0.337988 -0.668820
v -0.474548 0.369873 -0.705865
v -0.457322 0.395016 -0.679216
v -0.577431 0.393101 -0.529414
v -0.561260 0.383233 -0.558415
v -0.502410 0.418613 -0.579625
v -0.543500 0.409912 -0.581670
v -0.512220 0.422764 -0.543683
v -0.544372 0.372944 -0.587190
v -0.526667 0.362164 -0.615406
v -0.403487 0.459103 -0.595775
v -0.416919 0.515719 -0.614140
v -0.423771 0.403493 -0.628271
v -0.401363 0.418592 -0.593913
v -0.438167 0.440273 -0.543710
v -0.420618 0.430244 -0.569753
v -0.454762 0.419616 -0.567725
v -0.513864 0.393236 -0.647880
v -0.489968 0.412866 -0.614722
v -0.475018 0.405089 -0.648284
v -0.660915 0.443729 -0.309500
v -0.557889 0.440350 -0.304075
v -0.603219 0.439375 -0.304836
v -0.654338 0.439906 -0.342873
v -0.645591 0.434682 -0.375461
v -0.543191 0.592458 -0.403331
v -0.555722 0.558553 -0.381385
v -0.517253 0.448346 -0.373567
v -0.532108 0.497191 -0.374985
v -0.516444 0.486558 -0.401583
v -0.548197 0.508223 -0.348178
v -0.541345 0.463285 -0.318579
v -0.608503 0.412108 -0.468912
v -0.593757 0.403082 -0.498602
v -0.634700 0.428108 -0.407622
v -0.622283 0.420535 -0.438587
v -0.533580 0.430003 -0.432070
v -0.582892 0.430318 -0.440166
v -0.539072 0.431811 -0.398438
v -0.550694 0.436781 -0.334247
v -0.544492 0.433991 -0.365697
v -0.594830 0.435851 -0.371688
v -0.441767 0.535066 -0.592728
v -0.454611 0.450671 -0.515980
v -0.448890 0.490996 -0.552770
v -0.464477 0.551547 -0.567433
v -0.484749 0.565004 -0.538883
v -0.566083 0.421908 -0.511013
v -0.497146 0.438018 -0.434221
v -0.527208 0.428132 -0.468290
v -0.520265 0.425867 -0.505699
v -0.477747 0.429755 -0.500905
v -0.531734 0.589037 -0.439016
v -0.502822 0.575688 -0.507218
v -0.518333 0.583546 -0.473883
v -0.525029 0.540151 -0.442145
v -0.501248 0.478074 -0.430049
v -0.470467 0.460007 -0.487391
v -0.485916 0.469043 -0.458615
v -0.489641 0.518789 -0.500774
v -0.501984 0.718862 0.000000
v -0.547672 0.697302 -0.036007
v -0.535852 0.723177 -0.018304
v -0.531781 0.717682 0.018165
v -0.552331 0.703235 0.036314
v -0.560159 0.566833 -0.096893
v -0.527187 0.564793 -0.078372
v -0.530563 0.568252 -0.015811
v -0.527793 0.565337 -0.046989
v -0.547606 0.554130 -0.031437
v -0.522349 0.592522 -0.064160
v -0.536981 0.644966 -0.051206
v -0.547326 0.586368 0.081365
v -0.543023 0.549493 0.093929
v -0.560124 0.672762 0.053413
v -0.556238 0.630963 0.068322
v -0.541715 0.548169 0.031098
v -0.540973 0.579455 0.048163
v -0.535172 0.573188 0.015949
v -0.546820 0.656847 -0.017382
v -0.539713 0.611990 0.000000
v -0.554717 0.666332 0.017633
v -0.722709 0.446659 -0.239611
v -0.677687 0.447885 -0.213093
v -0.674068 0.444992 -0.145231
v -0.676536 0.446850 -0.178920
v -0.727154 0.449406 -0.170034
v -0.629892 0.444179 -0.186910
v -0.608207 0.456631 -0.169330
v -0.664276 0.438101 -0.016197
v -0.665410 0.438893 -0.047596
v -0.703530 0.434805 -0.032495
v -0.642598 0.480778 -0.080798
v -0.645218 0.453558 -0.063249
v -0.655265 0.489973 -0.049960
v -0.719128 0.444446 -0.100058
v -0.667799 0.440554 -0.079457
v -0.670888 0.442725 -0.111864
v -0.638728 0.574284 -0.139570
v -0.608358 0.579577 -0.119668
v -0.618329 0.493809 -0.160269
v -0.638257 0.541085 -0.152753
v -0.660014 0.557473 -0.087910
v -0.650621 0.550522 -0.120934
v -0.648677 0.516459 -0.100624
v -0.635153 0.447001 -0.124519
v -0.630196 0.472085 -0.110877
v -0.618559 0.463904 -0.140310
v -0.687057 0.454078 0.216040
v -0.672239 0.415467 0.222878
v -0.684470 0.513888 0.190562
v -0.694311 0.489605 0.206026
v -0.671302 0.414888 0.156974
v -0.684423 0.452059 0.181005
v -0.680188 0.449033 0.146550
v -0.552800 0.526647 0.108739
v -0.578901 0.520493 0.126497
v -0.679088 0.540671 0.105341
v -0.632657 0.535321 0.117595
v -0.646652 0.546187 0.086130
v -0.616896 0.522976 0.147641
v -0.655950 0.523855 0.170020
v -0.687037 0.424612 0.031733
v -0.666970 0.439921 0.047707
v -0.664779 0.438433 0.016209
v -0.675269 0.445616 0.112594
v -0.670633 0.442424 0.079795
v -0.675490 0.417476 0.093986
v -0.687929 0.514398 0.052450
v -0.678916 0.477247 0.066552
v -0.693289 0.518704 0.087172
v -0.691821 0.518848 0.156928
v -0.694757 0.520449 0.122236
v -0.692380 0.487275 0.135738
v -0.601472 0.573186 -0.084304
v -0.665522 0.562460 -0.053208
v -0.640166 0.574508 -0.069903
v -0.592825 0.565056 -0.049774
v -0.583421 0.556146 -0.016407
v -0.660935 0.464426 0.000000
v -0.685101 0.544636 0.035567
v -0.679196 0.507919 0.017263
v -0.667974 0.499527 -0.016978
v -0.673335 0.535281 -0.034956
v -0.558413 0.532152 0.078269
v -0.574049 0.547212 0.016144
v -0.565585 0.539092 0.047487
v -0.604129 0.542168 0.065968
v -0.656561 0.554887 0.052492
v -0.666788 0.563473 -0.017771
v -0.663691 0.560856 0.017688
v -0.626240 0.562232 0.000000
v -0.770681 0.000000 -0.440215
v -0.793942 0.029922 -0.442269
v -0.830817 0.030245 -0.390012
v -0.813202 0.030104 -0.416699
v -0.804569 0.000000 -0.388432
v -0.793050 0.059531 -0.430584
v -0.769208 0.086211 -0.406868
v -0.886060 0.030667 -0.273992
v -0.874542 0.030609 -0.303991
v -0.860909 0.000000 -0.277089
v -0.822781 0.088081 -0.329763
v -0.861876 0.060914 -0.322260
v -0.835025 0.088256 -0.301335
v -0.834517 0.000000 -0.333880
v -0.861521 0.030521 -0.333406
v -0.847040 0.030428 -0.362006
v -0.726511 0.161781 -0.353560
v -0.757101 0.196393 -0.357764
v -0.737058 0.110010 -0.379382
v -0.718346 0.133574 -0.359700
v -0.750506 0.135231 -0.311454
v -0.735342 0.134570 -0.336142
v -0.772462 0.111729 -0.331106
v -0.832090 0.060431 -0.379211
v -0.807503 0.087794 -0.357010
v -0.789597 0.087163 -0.382827
v -0.907118 0.030318 -0.018737
v -0.914028 0.030585 -0.050588
v -0.926711 0.000000 -0.032076
v -0.846473 0.085437 -0.082378
v -0.883410 0.059285 -0.067362
v -0.840444 0.084617 -0.052296
v -0.919942 0.000000 -0.095830
v -0.917662 0.030774 -0.082817
v -0.918223 0.030904 -0.115045
v -0.858920 0.207158 -0.159113
v -0.831870 0.170765 -0.135311
v -0.870680 0.208883 -0.129097
v -0.817892 0.111829 -0.156224
v -0.807356 0.137953 -0.142835
v -0.800739 0.137555 -0.171107
v -0.821120 0.138937 -0.085868
v -0.814020 0.138397 -0.114391
v -0.819032 0.110889 -0.097342
v -0.884300 0.000000 -0.218455
v -0.904906 0.030967 -0.210938
v -0.896562 0.030946 -0.242014
v -0.916038 0.030940 -0.147514
v -0.911494 0.030974 -0.179367
v -0.904553 0.000000 -0.158060
v -0.854770 0.088155 -0.206699
v -0.893290 0.061064 -0.195760
v -0.855976 0.087623 -0.175650
v -0.851263 0.086361 -0.113123
v -0.854574 0.087100 -0.144315
v -0.893688 0.060382 -0.131341
v -0.714760 0.377273 -0.262565
v -0.736497 0.418615 -0.258718
v -0.691164 0.310372 -0.275354
v -0.690231 0.336859 -0.264402
v -0.719606 0.342811 -0.211869
v -0.705373 0.340067 -0.238495
v -0.716904 0.314367 -0.222448
v -0.789624 0.235190 -0.361147
v -0.795728 0.266530 -0.352506
v -0.826628 0.270605 -0.294277
v -0.812120 0.268875 -0.323885
v -0.823209 0.239836 -0.304962
v -0.768661 0.286290 -0.329298
v -0.724186 0.297130 -0.299550
v -0.863835 0.271090 -0.167543
v -0.857879 0.271986 -0.200015
v -0.873609 0.243975 -0.182820
v -0.757700 0.300289 -0.214766
v -0.812976 0.289456 -0.209637
v -0.764663 0.299867 -0.185328
v -0.851387 0.242797 -0.245316
v -0.849645 0.272199 -0.232068
v -0.839234 0.271755 -0.263406
v -0.737244 0.298997 -0.272116
v -0.795564 0.289460 -0.271243
v -0.748426 0.300050 -0.243757
v -0.882540 0.061183 -0.260264
v -0.811988 0.112564 -0.216356
v -0.850894 0.088507 -0.238786
v -0.844345 0.088540 -0.270467
v -0.797487 0.112555 -0.276102
v -0.847126 0.206503 -0.189423
v -0.820956 0.204360 -0.248319
v -0.834452 0.205562 -0.219212
v -0.809511 0.168829 -0.192575
v -0.793388 0.137802 -0.199992
v -0.774487 0.198835 -0.331716
v -0.763672 0.136462 -0.284812
v -0.757880 0.164484 -0.303287
v -0.790930 0.200976 -0.304757
v -0.806321 0.202781 -0.277056
v -0.784980 0.137587 -0.228775
v -0.785637 0.167250 -0.249165
v -0.775164 0.137153 -0.257159
v -0.792789 0.029878 0.441626
v -0.787147 0.000000 0.449621
v -0.759151 0.085084 0.401548
v -0.781767 0.058684 0.424458
v -0.796430 0.000000 0.384503
v -0.814179 0.030141 0.417200
v -0.823728 0.029987 0.386685
v -0.737867 0.191403 0.348675
v -0.720451 0.160432 0.350611
v -0.808388 0.116925 0.346505
v -0.746420 0.136597 0.341206
v -0.778947 0.140356 0.323257
v -0.719335 0.133758 0.360196
v -0.734588 0.109642 0.378110
v -0.789798 0.000000 0.254201
v -0.810068 0.028352 0.281579
v -0.804406 0.027841 0.248743
v -0.823690 0.029589 0.352027
v -0.817714 0.028969 0.316453
v -0.786810 0.000000 0.314794
v -0.866513 0.091584 0.312698
v -0.848102 0.059940 0.317110
v -0.854224 0.091447 0.342365
v -0.798113 0.088103 0.386956
v -0.830988 0.090348 0.367393
v -0.836858 0.060778 0.381385
v -0.663073 0.376882 0.232926
v -0.673936 0.355724 0.247568
v -0.798351 0.350083 0.247720
v -0.733997 0.353868 0.248174
v -0.764772 0.364328 0.225167
v -0.702740 0.342964 0.269194
v -0.740616 0.332579 0.295055
v -0.795085 0.222045 0.166388
v -0.771972 0.244750 0.179986
v -0.776853 0.243793 0.150673
v -0.776832 0.251548 0.243820
v -0.772404 0.247454 0.210971
v -0.765589 0.218329 0.220594
v -0.816412 0.320160 0.197870
v -0.793780 0.282621 0.204687
v -0.818607 0.324427 0.232030
v -0.785891 0.263235 0.348148
v -0.764784 0.227792 0.349786
v -0.774144 0.317628 0.320215
v -0.790632 0.294473 0.338711
v -0.758960 0.221117 0.281160
v -0.786961 0.260546 0.313851
v -0.782790 0.256254 0.278671
v -0.812997 0.325937 0.264787
v -0.805314 0.293007 0.274567
v -0.798082 0.323670 0.294571
v -0.919883 0.000000 0.031839
v -0.880803 0.029474 0.048749
v -0.894568 0.029898 0.018478
v -0.847935 0.028538 0.106238
v -0.864841 0.029002 0.078050
v -0.896069 0.000000 0.093343
v -0.822510 0.082811 0.051180
v -0.835755 0.056087 0.063729
v -0.822431 0.083011 0.080038
v -0.803362 0.027729 0.216856
v -0.807844 0.027646 0.188312
v -0.816773 0.000000 0.201774
v -0.842775 0.086272 0.172941
v -0.817193 0.055862 0.179084
v -0.853798 0.088055 0.206464
v -0.857853 0.000000 0.149900
v -0.817634 0.027785 0.160897
v -0.831507 0.028085 0.133902
v -0.875164 0.209959 0.129762
v -0.898498 0.184442 0.146148
v -0.855454 0.206322 0.158471
v -0.851655 0.115306 0.101219
v -0.892190 0.151687 0.125376
v -0.882945 0.149399 0.092333
v -0.896372 0.153983 0.191542
v -0.897242 0.153312 0.158738
v -0.874615 0.119585 0.167058
v -0.818526 0.055303 0.120295
v -0.833058 0.084907 0.140681
v -0.825980 0.083796 0.109764
v -0.739712 0.189907 0.316821
v -0.760201 0.191182 0.261209
v -0.746736 0.189747 0.287729
v -0.754504 0.163751 0.301936
v -0.812505 0.145188 0.303025
v -0.830309 0.202404 0.185663
v -0.887549 0.154156 0.223727
v -0.866382 0.180690 0.206105
v -0.804181 0.198105 0.211260
v -0.780025 0.194171 0.235938
v -0.832389 0.057706 0.245474
v -0.865613 0.122170 0.299688
v -0.869169 0.091144 0.278419
v -0.863879 0.089858 0.242430
v -0.885816 0.122798 0.236028
v -0.810704 0.172587 0.257115
v -0.869908 0.152473 0.253527
v -0.844145 0.149358 0.280043
v -0.752173 0.427928 -0.227534
v -0.737219 0.352135 -0.183056
v -0.751120 0.392203 -0.206382
v -0.764268 0.435150 -0.194561
v -0.772245 0.439978 -0.160288
v -0.862230 0.272086 -0.130400
v -0.813342 0.287828 -0.141750
v -0.757754 0.330870 -0.101431
v -0.763607 0.301496 -0.117783
v -0.764212 0.302668 -0.084821
v -0.764054 0.300683 -0.151328
v -0.736553 0.320044 -0.163927
v -0.770131 0.439257 -0.053226
v -0.761517 0.434398 -0.018123
v -0.775909 0.442274 -0.124627
v -0.775100 0.441982 -0.088942
v -0.803571 0.386118 -0.055258
v -0.805709 0.422513 -0.073558
v -0.789224 0.378903 -0.088982
v -0.755017 0.361207 -0.152944
v -0.772618 0.370255 -0.121580
v -0.785400 0.411215 -0.142884
v -0.861721 0.057690 0.000000
v -0.830892 0.111946 0.034534
v -0.826267 0.083237 0.017144
v -0.832738 0.083889 -0.017279
v -0.820663 0.110568 -0.034109
v -0.836943 0.231325 0.106806
v -0.890882 0.213891 0.094125
v -0.903994 0.217201 0.019195
v -0.900524 0.216314 0.056994
v -0.872199 0.241070 0.036937
v -0.903242 0.184677 0.075908
v -0.870498 0.147598 0.054665
v -0.884121 0.212268 -0.093410
v -0.889405 0.245825 -0.113500
v -0.831404 0.140970 -0.052210
v -0.858260 0.175480 -0.072128
v -0.890602 0.246156 -0.037716
v -0.894832 0.214946 -0.056634
v -0.901786 0.216671 -0.019148
v -0.856564 0.145185 0.017937
v -0.886215 0.181405 0.000000
v -0.843222 0.142923 -0.017658
v -0.670858 0.381666 0.202936
v -0.692761 0.394693 0.143790
v -0.680806 0.387629 0.173314
v -0.716568 0.374162 0.196889
v -0.785657 0.375271 0.195083
v -0.749321 0.427441 0.017832
v -0.735698 0.419617 0.050846
v -0.823625 0.395419 0.092861
v -0.789404 0.413963 0.072069
v -0.826084 0.396936 0.056806
v -0.721080 0.411178 0.082743
v -0.706547 0.402737 0.113486
v -0.781394 0.276522 0.136181
v -0.784924 0.247691 0.118709
v -0.825101 0.358520 0.183635
v -0.811931 0.319524 0.160811
v -0.796363 0.315401 0.088389
v -0.804805 0.317763 0.124137
v -0.826162 0.360740 0.110588
v -0.756569 0.396119 0.137639
v -0.816106 0.391095 0.128424
v -0.803315 0.384313 0.162728
v -0.858376 0.270700 -0.092504
v -0.839573 0.264606 -0.018198
v -0.850626 0.268145 -0.054913
v -0.799930 0.284076 -0.069946
v -0.767071 0.303481 -0.051132
v -0.797114 0.251380 0.085902
v -0.786482 0.311161 0.052426
v -0.778145 0.276339 0.068041
v -0.811338 0.255760 0.052377
v -0.825935 0.260308 0.017902
v -0.807471 0.423661 0.000000
v -0.783846 0.343085 -0.035280
v -0.815397 0.391741 -0.018700
v -0.823257 0.395517 0.018880
v -0.809827 0.354456 0.036449
v -0.786046 0.278934 0.000000
v -0.778081 0.307892 0.017299
v -0.771527 0.305298 -0.017153
v 0.455553 0.709321 0.044948
v 0.466441 0.709510 0.017268
v 0.435287 0.710723 0.099841
v 0.445250 0.709835 0.072480
v 0.488243 0.658988 0.050040
v 0.467643 0.685007 0.061220
v 0.479026 0.660974 0.076964
v 0.394013 0.711093 0.208797
v 0.404801 0.711925 0.181837
v 0.453823 0.669550 0.159011
v 0.430879 0.692667 0.170860
v 0.445302 0.672017 0.186430
v 0.415222 0.712047 0.154668
v 0.425307 0.711551 0.127449
v 0.532709 0.570869 0.111179
v 0.512093 0.592883 0.122414
v 0.523757 0.572441 0.137234
v 0.490096 0.637252 0.092510
v 0.500973 0.614574 0.107531
v 0.509424 0.612215 0.080996
v 0.485673 0.621247 0.161291
v 0.493166 0.617705 0.134313
v 0.474319 0.643796 0.146604
v 0.449224 0.688976 0.115954
v 0.462203 0.666550 0.131562
v 0.470503 0.663555 0.104176
v 0.301519 0.695239 0.429681
v 0.313536 0.697635 0.401283
v 0.375612 0.674242 0.386833
v 0.345091 0.686876 0.394617
v 0.365227 0.673918 0.416505
v 0.325066 0.699238 0.372879
v 0.336449 0.700837 0.345008
v 0.474427 0.592809 0.337606
v 0.453754 0.617033 0.352161
v 0.468808 0.596834 0.368864
v 0.422933 0.656545 0.318325
v 0.438568 0.637126 0.335383
v 0.446529 0.635109 0.305990
v 0.422418 0.641631 0.396550
v 0.430534 0.639299 0.365577
v 0.404499 0.658445 0.377174
v 0.371091 0.707329 0.263621
v 0.382509 0.709378 0.236913
v 0.347991 0.702803 0.317352
v 0.359528 0.705031 0.290416
v 0.416453 0.675084 0.272763
v 0.389177 0.691936 0.282367
v 0.406413 0.675043 0.300529
v 0.386004 0.674383 0.357576
v 0.396284 0.674676 0.328807
v 0.367121 0.689169 0.337578
v 0.684475 0.452705 0.250111
v 0.647553 0.463719 0.257636
v 0.670796 0.449835 0.278014
v 0.603276 0.489815 0.219061
v 0.624667 0.476758 0.237836
v 0.637280 0.479318 0.210778
v 0.602750 0.473962 0.292925
v 0.613116 0.474925 0.265162
v 0.582557 0.487750 0.273506
v 0.536840 0.552531 0.153072
v 0.550730 0.534884 0.168424
v 0.560546 0.535436 0.141918
v 0.533542 0.536020 0.222223
v 0.541761 0.535093 0.195176
v 0.520775 0.554933 0.207131
v 0.595066 0.505490 0.174691
v 0.566259 0.518621 0.184399
v 0.583647 0.503731 0.201129
v 0.507668 0.547797 0.338557
v 0.513027 0.543455 0.307889
v 0.494189 0.567176 0.322200
v 0.555907 0.503357 0.283340
v 0.533166 0.521918 0.294791
v 0.549030 0.505233 0.312251
v 0.506615 0.559712 0.263026
v 0.519134 0.540104 0.278457
v 0.525964 0.537655 0.250107
v 0.573391 0.502646 0.227995
v 0.547828 0.518527 0.238293
v 0.564116 0.502478 0.255343
v 0.410829 0.693714 0.226706
v 0.441208 0.654211 0.260457
v 0.426585 0.674664 0.243972
v 0.436223 0.673662 0.215155
v 0.458496 0.650049 0.202618
v 0.480942 0.588484 0.306936
v 0.494463 0.581436 0.248273
v 0.487633 0.584723 0.277178
v 0.468049 0.610468 0.291792
v 0.455009 0.632484 0.276483
v 0.515969 0.573953 0.164369
v 0.478480 0.624151 0.189503
v 0.497043 0.598294 0.176633
v 0.508593 0.576037 0.191857
v 0.501477 0.578554 0.219660
v 0.463112 0.629948 0.247171
v 0.482784 0.604087 0.233314
v 0.470939 0.627172 0.218149
v 0.028184 0.442337 0.733134
v 0.047395 0.480355 0.747939
v 0.106280 0.463358 0.756557
v 0.077151 0.473944 0.755582
v 0.085898 0.432087 0.752219
v 0.067122 0.512726 0.751045
v 0.085295 0.530877 0.732520
v 0.214711 0.405174 0.731235
v 0.188420 0.419456 0.737699
v 0.198316 0.388951 0.751903
v 0.162734 0.464448 0.685225
v 0.176126 0.444159 0.714016
v 0.186006 0.444291 0.670491
v 0.142785 0.412235 0.755256
v 0.161902 0.434641 0.745348
v 0.134759 0.449700 0.752361
v 0.124171 0.519442 0.601391
v 0.136219 0.519883 0.568207
v 0.100716 0.533567 0.693776
v 0.113051 0.526693 0.646127
v 0.158735 0.477976 0.611401
v 0.136287 0.500415 0.626786
v 0.149170 0.482621 0.655065
v 0.124490 0.482297 0.739699
v 0.138613 0.486976 0.702276
v 0.112916 0.509977 0.719226
v 0.435378 0.305516 0.704456
v 0.410521 0.320754 0.713695
v 0.430791 0.297834 0.748149
v 0.372955 0.362137 0.650052
v 0.389676 0.340770 0.678275
v 0.398199 0.349175 0.644299
v 0.374555 0.325341 0.757901
v 0.383825 0.334609 0.719765
v 0.355871 0.347043 0.722905
v 0.349883 0.491679 0.614365
v 0.352827 0.454612 0.618199
v 0.382983 0.486753 0.619679
v 0.304394 0.404423 0.627811
v 0.325574 0.425740 0.618490
v 0.294792 0.430188 0.611866
v 0.384972 0.410085 0.622898
v 0.356044 0.419307 0.622628
v 0.361959 0.388182 0.631884
v 0.254953 0.367414 0.752057
v 0.270026 0.380107 0.724514
v 0.242638 0.391752 0.726521
v 0.326915 0.358477 0.723981
v 0.298250 0.369226 0.724049
v 0.314377 0.347470 0.756514
v 0.262812 0.401260 0.650456
v 0.280050 0.385983 0.686259
v 0.289857 0.391980 0.651070
v 0.345881 0.373379 0.652326
v 0.317845 0.383073 0.652184
v 0.335610 0.364980 0.685151
v 0.270665 0.680301 0.487171
v 0.285764 0.689496 0.462376
v 0.233816 0.643910 0.522806
v 0.253332 0.665366 0.507820
v 0.319629 0.657699 0.517171
v 0.286430 0.662293 0.513018
v 0.301606 0.642410 0.537863
v 0.151863 0.532601 0.548168
v 0.169974 0.555801 0.539809
v 0.232123 0.557310 0.559898
v 0.200011 0.555181 0.548349
v 0.208705 0.524733 0.559150
v 0.190656 0.585472 0.536218
v 0.212352 0.616213 0.531838
v 0.373307 0.559776 0.604024
v 0.337975 0.563157 0.596559
v 0.345150 0.529390 0.607576
v 0.315769 0.619531 0.560966
v 0.328050 0.593319 0.580802
v 0.350710 0.616652 0.567461
v 0.274452 0.528622 0.584026
v 0.301988 0.563004 0.585746
v 0.266560 0.560563 0.573023
v 0.245863 0.618328 0.542039
v 0.256873 0.590544 0.558958
v 0.280555 0.619817 0.552092
v 0.226653 0.410732 0.693550
v 0.247151 0.418669 0.620790
v 0.235948 0.412554 0.652473
v 0.210450 0.426683 0.658930
v 0.195503 0.442395 0.627222
v 0.315495 0.494353 0.604894
v 0.247854 0.493627 0.580454
v 0.281051 0.494447 0.592894
v 0.287360 0.460940 0.601195
v 0.264114 0.434653 0.604188
v 0.161034 0.505499 0.562307
v 0.182291 0.460272 0.600399
v 0.170996 0.481182 0.579201
v 0.187559 0.497199 0.563133
v 0.216307 0.493823 0.569724
v 0.234732 0.439805 0.598245
v 0.224777 0.465119 0.581983
v 0.207435 0.447810 0.596370
v 0.733672 0.028205 0.442661
v 0.730106 0.046265 0.468902
v 0.693006 0.016866 0.455591
v 0.759925 0.106753 0.465421
v 0.755901 0.077183 0.474145
v 0.782314 0.089335 0.449374
v 0.682280 0.051809 0.505500
v 0.722098 0.064535 0.492965
v 0.709276 0.082589 0.514031
v 0.678709 0.199288 0.376069
v 0.691871 0.176715 0.393398
v 0.703112 0.185448 0.363712
v 0.675751 0.160484 0.458026
v 0.682812 0.168429 0.424748
v 0.651898 0.180848 0.431970
v 0.751211 0.142020 0.410027
v 0.716405 0.155615 0.417763
v 0.743199 0.133118 0.444224
v 0.629345 0.122568 0.587276
v 0.649055 0.134012 0.560611
v 0.625941 0.150059 0.572707
v 0.691962 0.100452 0.532172
v 0.671513 0.117493 0.547386
v 0.660795 0.087423 0.549848
v 0.638505 0.165772 0.499165
v 0.661510 0.143838 0.528138
v 0.669390 0.152432 0.493175
v 0.732123 0.123215 0.477357
v 0.701174 0.138396 0.486212
v 0.715585 0.112344 0.507395
v 0.696659 0.430559 0.302135
v 0.714115 0.410762 0.320943
v 0.726410 0.418273 0.289180
v 0.685285 0.393168 0.381764
v 0.700553 0.402474 0.351962
v 0.674148 0.416647 0.365352
v 0.745770 0.368560 0.320134
v 0.725082 0.386661 0.337081
v 0.727562 0.358164 0.349279
v 0.597013 0.340001 0.477793
v 0.623491 0.355847 0.458503
v 0.606733 0.374981 0.476583
v 0.655039 0.317595 0.421963
v 0.639794 0.336788 0.440405
v 0.625959 0.301582 0.440097
v 0.646011 0.399256 0.425302
v 0.647116 0.370047 0.435798
v 0.667557 0.382394 0.410097
v 0.702042 0.237998 0.342979
v 0.691536 0.257735 0.362806
v 0.679666 0.226990 0.366488
v 0.721038 0.325586 0.357020
v 0.707518 0.291440 0.360796
v 0.731582 0.304016 0.336019
v 0.652692 0.263715 0.402640
v 0.680845 0.277840 0.382938
v 0.668855 0.297774 0.402688
v 0.688173 0.364888 0.393897
v 0.682141 0.332445 0.400669
v 0.706416 0.346026 0.376308
v 0.479403 0.264861 0.724841
v 0.483173 0.268444 0.674718
v 0.462451 0.285810 0.689609
v 0.521303 0.233143 0.642058
v 0.502605 0.250730 0.658533
v 0.520460 0.228870 0.691981
v 0.470089 0.290531 0.597824
v 0.483203 0.269784 0.623803
v 0.486299 0.272692 0.580823
v 0.602032 0.166785 0.584935
v 0.580246 0.182707 0.597436
v 0.593512 0.157311 0.621345
v 0.536817 0.222554 0.534336
v 0.557535 0.203362 0.564482
v 0.556969 0.207891 0.522686
v 0.557320 0.192602 0.656080
v 0.559667 0.198993 0.611074
v 0.540258 0.215714 0.625969
v 0.554812 0.342893 0.514170
v 0.539784 0.305810 0.509562
v 0.567708 0.322502 0.494653
v 0.496728 0.279609 0.548586
v 0.515110 0.290946 0.526211
v 0.501892 0.310186 0.545399
v 0.542224 0.254808 0.490786
v 0.528290 0.272366 0.507779
v 0.526213 0.244785 0.514771
v 0.518581 0.235223 0.591568
v 0.518756 0.238398 0.548070
v 0.502209 0.255206 0.563815
v 0.657704 0.214938 0.389503
v 0.624060 0.248453 0.420873
v 0.639842 0.231380 0.404568
v 0.638347 0.203876 0.413355
v 0.623288 0.194277 0.439621
v 0.581443 0.303263 0.475188
v 0.558392 0.238433 0.474865
v 0.566300 0.268445 0.472269
v 0.595254 0.284521 0.456385
v 0.609301 0.266349 0.438332
v 0.605722 0.173468 0.544528
v 0.613333 0.186218 0.470187
v 0.608233 0.179567 0.505301
v 0.580926 0.193485 0.512908
v 0.563134 0.213805 0.488111
v 0.597883 0.234590 0.439539
v 0.576860 0.222798 0.461024
v 0.598349 0.208123 0.449296
v 0.319384 0.682023 0.457900
v 0.355516 0.652269 0.514845
v 0.337541 0.667936 0.486513
v 0.352344 0.672413 0.452058
v 0.383778 0.659893 0.444311
v 0.412136 0.555050 0.605393
v 0.402194 0.586043 0.589029
v 0.439533 0.608592 0.527518
v 0.424174 0.601909 0.562411
v 0.455866 0.586253 0.552327
v 0.388806 0.612165 0.567526
v 0.373020 0.633852 0.542454
v 0.463238 0.601140 0.407121
v 0.484286 0.576708 0.391508
v 0.413333 0.643593 0.434106
v 0.439709 0.623874 0.421610
v 0.475049 0.586656 0.472777
v 0.457326 0.605617 0.447094
v 0.450018 0.608859 0.487712
v 0.389859 0.642318 0.509452
v 0.421601 0.627728 0.500335
v 0.402793 0.644610 0.472326
v 0.440994 0.307593 0.656843
v 0.463804 0.320271 0.587603
v 0.449152 0.311620 0.616643
v 0.425318 0.331502 0.632638
v 0.417592 0.360699 0.620209
v 0.565970 0.385298 0.518906
v 0.539888 0.368641 0.537152
v 0.503648 0.419645 0.581054
v 0.523142 0.394557 0.559882
v 0.529863 0.437326 0.562409
v 0.512090 0.350828 0.552369
v 0.485713 0.334002 0.567551
v 0.419650 0.477494 0.619640
v 0.418150 0.517241 0.615953
v 0.416351 0.396427 0.617269
v 0.418209 0.436161 0.618841
v 0.482595 0.484915 0.598840
v 0.452249 0.462599 0.612599
v 0.480083 0.442979 0.599335
v 0.466561 0.357037 0.588241
v 0.473671 0.399133 0.594275
v 0.443593 0.378291 0.605397
v 0.661963 0.444432 0.309990
v 0.597223 0.471397 0.325514
v 0.628165 0.457545 0.317442
v 0.653207 0.439146 0.342280
v 0.644197 0.433744 0.374650
v 0.504931 0.550729 0.374922
v 0.524560 0.527232 0.359999
v 0.563533 0.488462 0.406991
v 0.543446 0.507785 0.382975
v 0.541686 0.510338 0.421211
v 0.545718 0.505924 0.346604
v 0.569546 0.487420 0.335176
v 0.607848 0.411664 0.468407
v 0.589602 0.400261 0.495113
v 0.634136 0.427728 0.407260
v 0.622415 0.420624 0.438681
v 0.576857 0.464880 0.467114
v 0.599101 0.442284 0.452406
v 0.583235 0.467186 0.431079
v 0.592277 0.469763 0.359487
v 0.587884 0.468577 0.394841
v 0.614956 0.450598 0.384264
v 0.447881 0.542472 0.600932
v 0.506610 0.502219 0.574998
v 0.479425 0.524394 0.590371
v 0.470065 0.558183 0.574260
v 0.484674 0.564917 0.538800
v 0.570862 0.425470 0.515327
v 0.555030 0.489017 0.484779
v 0.566682 0.460188 0.503353
v 0.551381 0.451338 0.535944
v 0.530448 0.477161 0.556160
v 0.501810 0.555888 0.414310
v 0.493480 0.564992 0.497795
v 0.498472 0.561187 0.455726
v 0.520207 0.535190 0.438085
v 0.538492 0.513596 0.462003
v 0.523240 0.511607 0.542063
v 0.533184 0.514670 0.503227
v 0.510152 0.540521 0.521752
v -0.027457 0.405835 0.728537
v 0.000000 0.412204 0.721642
v -0.087115 0.411130 0.777267
v -0.056395 0.407897 0.751265
v 0.000000 0.370402 0.767222
v -0.028184 0.390116 0.761324
v -0.029167 0.376113 0.801206
v -0.179817 0.327569 0.693202
v -0.163321 0.356924 0.733425
v -0.114917 0.340554 0.794505
v -0.139774 0.349142 0.763782
v -0.134617 0.310040 0.747098
v -0.143597 0.386689 0.772244
v -0.117676 0.405818 0.788418
v 0.000000 0.283555 0.881001
v -0.030401 0.301925 0.868600
v -0.029554 0.264043 0.853885
v -0.030149 0.358691 0.839284
v -0.030607 0.334349 0.863958
v 0.000000 0.338350 0.845688
v -0.085283 0.291186 0.806902
v -0.060009 0.317475 0.849079
v -0.088193 0.330181 0.823823
v -0.089334 0.392364 0.809268
v -0.089796 0.365148 0.825910
v -0.060039 0.376751 0.826691
v -0.392629 0.242658 0.690777
v -0.372499 0.259242 0.705716
v -0.324420 0.229561 0.739829
v -0.349093 0.244825 0.724093
v -0.341047 0.210778 0.715902
v -0.362416 0.284462 0.742598
v -0.347090 0.307929 0.772932
v -0.221523 0.165996 0.793216
v -0.246968 0.181617 0.778967
v -0.235909 0.145800 0.751731
v -0.258811 0.250860 0.799260
v -0.256097 0.218340 0.799383
v -0.229748 0.232131 0.805628
v -0.287685 0.177799 0.733599
v -0.272792 0.197568 0.766174
v -0.298668 0.213606 0.753609
v -0.233429 0.308728 0.696906
v -0.201595 0.309560 0.676832
v -0.316647 0.319226 0.771753
v -0.275037 0.316355 0.738448
v -0.214655 0.272943 0.736779
v -0.243917 0.293821 0.736737
v -0.253848 0.276055 0.775442
v -0.310994 0.252648 0.775725
v -0.288449 0.270296 0.792786
v -0.318197 0.289589 0.784586
v 0.000000 0.032167 0.929346
v -0.030939 0.051173 0.924599
v -0.030264 0.018704 0.905505
v -0.029598 0.110183 0.879421
v -0.030648 0.082478 0.913905
v 0.000000 0.091587 0.879211
v -0.087689 0.054195 0.870953
v -0.061254 0.069599 0.912748
v -0.090361 0.087125 0.895252
v -0.028587 0.223565 0.828217
v -0.027735 0.188923 0.810465
v 0.000000 0.208028 0.842091
v -0.084134 0.168656 0.821893
v -0.054849 0.175837 0.802377
v -0.081320 0.190674 0.788500
v 0.000000 0.142954 0.818101
v -0.027622 0.159956 0.812850
v -0.028337 0.135100 0.838948
v -0.187236 0.115718 0.780449
v -0.170379 0.135005 0.829991
v -0.195487 0.150149 0.810529
v -0.118331 0.103875 0.874000
v -0.144792 0.119677 0.851636
v -0.139299 0.086091 0.823256
v -0.143734 0.178792 0.836707
v -0.146556 0.151743 0.857703
v -0.116243 0.162389 0.850171
v -0.059010 0.128358 0.873391
v -0.087957 0.145735 0.862984
v -0.090529 0.118583 0.892345
v -0.177119 0.295487 0.689899
v -0.185795 0.253849 0.738781
v -0.179217 0.271762 0.705299
v -0.153802 0.283591 0.708662
v -0.130814 0.273023 0.732061
v -0.201022 0.184395 0.824640
v -0.138495 0.200998 0.797378
v -0.171829 0.195997 0.823893
v -0.200408 0.213715 0.813528
v -0.194303 0.236099 0.780557
v -0.056090 0.238600 0.809079
v -0.107051 0.262602 0.758493
v -0.082316 0.251452 0.784983
v -0.080632 0.217538 0.775180
v -0.107072 0.205800 0.772370
v -0.158794 0.236568 0.745915
v -0.132776 0.220776 0.757533
v -0.129817 0.243403 0.733699
v -0.747910 -0.018202 0.491686
v -0.708621 0.000000 0.494833
v -0.671756 -0.034688 0.527607
v -0.690547 -0.017478 0.511675
v -0.708542 -0.053803 0.524957
v -0.654411 0.016564 0.484899
v -0.613274 0.031668 0.481674
v -0.595620 -0.101814 0.588607
v -0.614088 -0.085212 0.573200
v -0.629164 -0.122533 0.587107
v -0.563998 -0.015693 0.526591
v -0.584300 -0.048566 0.545496
v -0.548618 -0.031124 0.542158
v -0.668038 -0.088382 0.555874
v -0.633075 -0.068551 0.558100
v -0.652278 -0.051787 0.543069
v -0.626840 0.086981 0.585103
v -0.612546 0.104707 0.605334
v -0.602663 0.047848 0.501761
v -0.615877 0.066689 0.542938
v -0.584739 0.033173 0.577854
v -0.599881 0.049861 0.560042
v -0.570765 0.015881 0.532910
v -0.619667 -0.016398 0.515868
v -0.580005 0.000000 0.511506
v -0.596547 0.015786 0.496621
v -0.436883 -0.234366 0.706891
v -0.461524 -0.219582 0.698323
v -0.478111 -0.264147 0.722888
v -0.446852 -0.145838 0.676885
v -0.446692 -0.178857 0.676298
v -0.429098 -0.162351 0.694296
v -0.522281 -0.229671 0.694402
v -0.483963 -0.203652 0.686311
v -0.504362 -0.187030 0.671781
v -0.499021 -0.018449 0.756647
v -0.505001 -0.054765 0.765638
v -0.477744 -0.035704 0.773006
v -0.492268 -0.082729 0.657955
v -0.505350 -0.070471 0.718895
v -0.518843 -0.052904 0.693874
v -0.472607 -0.106398 0.764693
v -0.490096 -0.088393 0.742894
v -0.465025 -0.117499 0.704680
v -0.593232 -0.157237 0.621052
v -0.558982 -0.135851 0.621709
v -0.576554 -0.119044 0.605185
v -0.523495 -0.169904 0.655500
v -0.541415 -0.152846 0.638646
v -0.558947 -0.193164 0.657995
v -0.504547 -0.079564 0.597353
v -0.516710 -0.113506 0.610662
v -0.491266 -0.095715 0.617035
v -0.462878 -0.128941 0.657713
v -0.477519 -0.112153 0.637449
v -0.483941 -0.146370 0.645276
v -0.483709 0.230138 0.731892
v -0.438835 0.235414 0.710050
v -0.516282 0.191450 0.687658
v -0.512991 0.215866 0.727475
v -0.478190 0.180925 0.773727
v -0.496526 0.198810 0.751747
v -0.487978 0.159261 0.739182
v -0.569970 0.117684 0.598274
v -0.525338 0.127675 0.584289
v -0.499217 0.097264 0.627021
v -0.512339 0.112546 0.605496
v -0.540511 0.085235 0.639932
v -0.501512 0.141581 0.591577
v -0.504221 0.163648 0.631366
v -0.437030 0.032661 0.707130
v -0.454759 0.049316 0.689464
v -0.475901 0.017595 0.721590
v -0.466499 0.117871 0.706915
v -0.450942 0.081331 0.683545
v -0.450808 0.101490 0.729422
v -0.510237 0.052026 0.682365
v -0.470778 0.065650 0.669715
v -0.485378 0.081571 0.648746
v -0.492944 0.149093 0.657281
v -0.478166 0.112305 0.638313
v -0.480492 0.133848 0.682740
v -0.549613 -0.080837 0.576736
v -0.516407 -0.048851 0.611030
v -0.518538 -0.063093 0.577799
v -0.533169 -0.046966 0.559371
v -0.541959 -0.015989 0.568538
v -0.517694 0.000000 0.736741
v -0.550762 0.035967 0.692808
v -0.534808 0.018177 0.715152
v -0.538528 -0.018304 0.720126
v -0.532088 -0.034747 0.669317
v -0.596858 0.087786 0.626312
v -0.570882 0.016842 0.598879
v -0.596470 0.052542 0.625784
v -0.581487 0.070752 0.647942
v -0.566320 0.053573 0.670089
v -0.544747 -0.017180 0.644628
v -0.567780 0.017906 0.671884
v -0.557544 0.000000 0.621019
v 0.000000 -0.456698 0.799537
v -0.029863 -0.441396 0.792376
v -0.028598 -0.448826 0.743890
v -0.030135 -0.388598 0.827803
v -0.030525 -0.422523 0.824568
v 0.000000 -0.394035 0.816176
v -0.081237 -0.408637 0.711396
v -0.058382 -0.422269 0.777735
v -0.084956 -0.400941 0.758004
v -0.027967 -0.249870 0.808053
v -0.027338 -0.271511 0.781102
v 0.000000 -0.263883 0.819880
v -0.087628 -0.328069 0.818552
v -0.055791 -0.295157 0.789389
v -0.083733 -0.285894 0.792237
v 0.000000 -0.310358 0.775723
v -0.027775 -0.303405 0.783999
v -0.028996 -0.344973 0.807186
v -0.176116 -0.345410 0.667731
v -0.155286 -0.339364 0.697340
v -0.177709 -0.323728 0.685074
v -0.109850 -0.378829 0.735984
v -0.132940 -0.357992 0.714934
v -0.128646 -0.371414 0.680468
v -0.144482 -0.332759 0.801844
v -0.139657 -0.348849 0.763140
v -0.117985 -0.349647 0.815719
v -0.060343 -0.378659 0.830878
v -0.089835 -0.365310 0.826276
v -0.088680 -0.389492 0.803343
v -0.028753 -0.017770 0.860302
v -0.027778 -0.045945 0.830140
v 0.000000 -0.030297 0.875332
v -0.086390 -0.083297 0.855918
v -0.055344 -0.062885 0.824690
v -0.082611 -0.051056 0.820519
v 0.000000 -0.086041 0.825973
v -0.027731 -0.074629 0.826930
v -0.028667 -0.106718 0.851764
v -0.178161 -0.136842 0.738693
v -0.161547 -0.128006 0.786964
v -0.184174 -0.113826 0.767687
v -0.114312 -0.159692 0.836052
v -0.138493 -0.143394 0.810513
v -0.132111 -0.164335 0.769049
v -0.146548 -0.090572 0.866099
v -0.144636 -0.119548 0.850716
v -0.118844 -0.104325 0.877792
v 0.000000 -0.222536 0.900816
v -0.030647 -0.208755 0.895542
v -0.029543 -0.231042 0.855917
v -0.029970 -0.142887 0.887302
v -0.030830 -0.178531 0.907245
v 0.000000 -0.153227 0.876895
v -0.084096 -0.197182 0.815413
v -0.060263 -0.193192 0.881573
v -0.088126 -0.176657 0.860884
v -0.089931 -0.117800 0.886458
v -0.090685 -0.150254 0.889746
v -0.060141 -0.130818 0.890133
v -0.423275 -0.292637 0.735095
v -0.375386 -0.261252 0.711185
v -0.404562 -0.250033 0.711773
v -0.314138 -0.278695 0.699551
v -0.344923 -0.270732 0.706754
v -0.359272 -0.312067 0.726977
v -0.349794 -0.216184 0.734263
v -0.340420 -0.238742 0.706103
v -0.324286 -0.229466 0.739522
v -0.202234 -0.310541 0.678978
v -0.227402 -0.300757 0.678913
v -0.229947 -0.331378 0.678295
v -0.246659 -0.268237 0.753481
v -0.234179 -0.282091 0.707324
v -0.221886 -0.282137 0.761597
v -0.292321 -0.323093 0.703440
v -0.254594 -0.292841 0.683560
v -0.283555 -0.285864 0.691098
v -0.236130 -0.145936 0.752434
v -0.249021 -0.183126 0.785442
v -0.207807 -0.155718 0.744101
v -0.312875 -0.223767 0.789457
v -0.288688 -0.209081 0.810821
v -0.319618 -0.197535 0.815029
v -0.228216 -0.230583 0.800256
v -0.258031 -0.219989 0.805421
v -0.257026 -0.249130 0.793747
v -0.285729 -0.260041 0.704530
v -0.272173 -0.255044 0.748054
v -0.298210 -0.242262 0.743837
v -0.055051 -0.234182 0.794096
v -0.105672 -0.203109 0.762272
v -0.080925 -0.218328 0.777995
v -0.080849 -0.246971 0.770993
v -0.111836 -0.274340 0.792399
v -0.180291 -0.165379 0.739598
v -0.198088 -0.240699 0.795762
v -0.188923 -0.201467 0.766906
v -0.154621 -0.176368 0.741381
v -0.130143 -0.188877 0.749296
v -0.186459 -0.311069 0.726281
v -0.145107 -0.302854 0.812048
v -0.170774 -0.314884 0.786860
v -0.196419 -0.297847 0.772997
v -0.201352 -0.275104 0.800639
v -0.133599 -0.222143 0.762225
v -0.168865 -0.251571 0.793221
v -0.140200 -0.262872 0.792383
v -0.410181 0.218098 0.720979
v -0.452492 0.164847 0.794209
v -0.435573 0.194750 0.765011
v -0.380254 0.200095 0.728235
v -0.349659 0.181769 0.732036
v -0.412067 0.017191 0.722369
v -0.414798 0.050262 0.727250
v -0.396643 0.093149 0.826175
v -0.410634 0.071489 0.783057
v -0.385493 0.055168 0.802269
v -0.432482 0.087030 0.758440
v -0.450186 0.126856 0.789790
v -0.259253 0.127677 0.732594
v -0.231723 0.111056 0.734321
v -0.318571 0.163173 0.733164
v -0.288382 0.145137 0.732797
v -0.321194 0.090013 0.810990
v -0.302232 0.118070 0.765472
v -0.355982 0.109130 0.815265
v -0.423086 0.147009 0.808074
v -0.390536 0.128240 0.814939
v -0.370314 0.156801 0.774053
v -0.397597 -0.211406 0.698860
v -0.371716 -0.193235 0.778214
v -0.378730 -0.199293 0.725316
v -0.405371 -0.181247 0.711967
v -0.426377 -0.155333 0.748372
v -0.231837 -0.111111 0.734682
v -0.270370 -0.133152 0.764009
v -0.343666 -0.105354 0.787061
v -0.306596 -0.119775 0.776524
v -0.296199 -0.083008 0.747879
v -0.317972 -0.160029 0.807987
v -0.355052 -0.181858 0.817120
v -0.448487 -0.054345 0.786314
v -0.427877 -0.017850 0.750085
v -0.448954 -0.126509 0.787630
v -0.458161 -0.092198 0.803473
v -0.364266 -0.052131 0.758092
v -0.415932 -0.072412 0.793159
v -0.380818 -0.089432 0.793212
v -0.389366 -0.164867 0.813876
v -0.392534 -0.128896 0.819108
v -0.421010 -0.146287 0.804109
v -0.056667 0.000000 0.846444
v -0.108589 0.033499 0.805972
v -0.083361 0.017170 0.827499
v -0.080977 -0.016679 0.803837
v -0.109118 -0.033662 0.809901
v -0.204521 0.094430 0.739963
v -0.180084 0.079248 0.750071
v -0.189621 0.016758 0.789205
v -0.180808 0.047639 0.752713
v -0.218503 0.033479 0.790550
v -0.156430 0.064298 0.765087
v -0.132961 0.049244 0.784172
v -0.195768 -0.086149 0.815394
v -0.209628 -0.096788 0.758443
v -0.143084 -0.052993 0.843875
v -0.174558 -0.071749 0.853747
v -0.231416 -0.035457 0.837272
v -0.202724 -0.053414 0.843951
v -0.199797 -0.017657 0.831560
v -0.130959 0.016179 0.772632
v -0.162250 0.000000 0.792637
v -0.135597 -0.016752 0.799996
v -0.385409 0.000000 0.734563
v -0.326702 -0.033595 0.746415
v -0.356685 -0.017026 0.742430
v -0.366510 0.017495 0.762881
v -0.356619 0.036671 0.814769
v -0.237030 -0.080998 0.751611
v -0.262272 -0.018038 0.832169
v -0.250763 -0.051353 0.795486
v -0.265921 -0.065476 0.748808
v -0.295886 -0.049852 0.747874
v -0.237371 0.081115 0.752692
v -0.331034 0.055774 0.836714
v -0.285508 0.070298 0.803961
v -0.251019 0.051406 0.796297
v -0.262340 0.018042 0.832384
v -0.309416 -0.017385 0.781933
v -0.293901 0.000000 0.828223
v -0.325713 0.018300 0.823117
v -0.767094 -0.028910 0.427313
v -0.763578 -0.029355 0.460705
v -0.762346 -0.027752 0.357870
v -0.765009 -0.028320 0.392004
v -0.705385 -0.080550 0.405184
v -0.733850 -0.055087 0.398441
v -0.715613 -0.080205 0.378519
v -0.806272 -0.027906 0.249320
v -0.785618 -0.027496 0.273081
v -0.793978 -0.084998 0.318220
v -0.788341 -0.055717 0.294765
v -0.826872 -0.087394 0.298393
v -0.770938 -0.027312 0.298350
v -0.763395 -0.027423 0.326258
v -0.780096 -0.205753 0.403535
v -0.792712 -0.176523 0.385777
v -0.803642 -0.208466 0.379757
v -0.727192 -0.108538 0.374303
v -0.760330 -0.141381 0.380723
v -0.720834 -0.136277 0.393447
v -0.830900 -0.149717 0.344817
v -0.798687 -0.146162 0.365099
v -0.798510 -0.115496 0.342271
v -0.746227 -0.054196 0.340081
v -0.761950 -0.082842 0.336870
v -0.734737 -0.081107 0.356229
v -0.923909 -0.030879 0.019084
v -0.925508 -0.030970 0.051224
v -0.888901 -0.089719 0.086507
v -0.913442 -0.061300 0.069652
v -0.877133 -0.088311 0.054579
v -0.922479 -0.030935 0.083252
v -0.914102 -0.030765 0.114529
v -0.794043 -0.191511 0.147095
v -0.809052 -0.166081 0.131599
v -0.800329 -0.192006 0.118666
v -0.881601 -0.120540 0.168392
v -0.841433 -0.143776 0.148864
v -0.852845 -0.146506 0.182241
v -0.823497 -0.139340 0.086117
v -0.831156 -0.141310 0.116799
v -0.859065 -0.116309 0.102100
v -0.857258 -0.029337 0.199831
v -0.832039 -0.028719 0.224597
v -0.899880 -0.030395 0.144912
v -0.880595 -0.029924 0.173287
v -0.898653 -0.092681 0.217310
v -0.895656 -0.061226 0.196278
v -0.905471 -0.092690 0.185807
v -0.898699 -0.091173 0.119427
v -0.904921 -0.092232 0.152817
v -0.917008 -0.061957 0.134768
v -0.707728 -0.407516 0.281743
v -0.728025 -0.384274 0.267438
v -0.736394 -0.418557 0.258682
v -0.697715 -0.313314 0.277964
v -0.711606 -0.347291 0.272590
v -0.679038 -0.335581 0.291488
v -0.775259 -0.369324 0.228254
v -0.745176 -0.359257 0.251953
v -0.758527 -0.332619 0.235363
v -0.785818 -0.234056 0.359406
v -0.750976 -0.251540 0.332681
v -0.754827 -0.255892 0.368767
v -0.745146 -0.243931 0.265270
v -0.746215 -0.247055 0.297601
v -0.776736 -0.226296 0.287746
v -0.688395 -0.286069 0.316183
v -0.716690 -0.266933 0.307034
v -0.697464 -0.286166 0.288497
v -0.799431 -0.250879 0.155052
v -0.779252 -0.247058 0.181683
v -0.784726 -0.219152 0.164220
v -0.768110 -0.304415 0.217717
v -0.774477 -0.275748 0.199709
v -0.796086 -0.312189 0.192944
v -0.770280 -0.219667 0.221946
v -0.762131 -0.244162 0.208165
v -0.750339 -0.242969 0.235505
v -0.715215 -0.290063 0.263985
v -0.732414 -0.266483 0.249712
v -0.739944 -0.296649 0.240995
v -0.847337 -0.058742 0.249882
v -0.888763 -0.123207 0.236813
v -0.882873 -0.091834 0.247760
v -0.858299 -0.090004 0.274937
v -0.861220 -0.121549 0.298167
v -0.791886 -0.193038 0.177071
v -0.800976 -0.199386 0.242276
v -0.794464 -0.195711 0.208707
v -0.822497 -0.171538 0.195665
v -0.862483 -0.149803 0.217409
v -0.814954 -0.209225 0.349048
v -0.854499 -0.152692 0.318686
v -0.838581 -0.181999 0.335582
v -0.815443 -0.207205 0.314203
v -0.809321 -0.203535 0.278087
v -0.868364 -0.152202 0.253077
v -0.840702 -0.178973 0.266629
v -0.866624 -0.153336 0.287501
v -0.727744 -0.027977 -0.439085
v -0.744521 -0.028059 -0.414739
v -0.715035 -0.080140 -0.378213
v -0.721249 -0.054142 -0.391600
v -0.696033 -0.079482 -0.399813
v -0.760724 -0.028162 -0.389808
v -0.776147 -0.028255 -0.364349
v -0.799572 -0.207410 -0.377834
v -0.783084 -0.174379 -0.381091
v -0.779695 -0.205647 -0.403328
v -0.764319 -0.110551 -0.327615
v -0.775062 -0.141839 -0.354299
v -0.791298 -0.142582 -0.328383
v -0.734276 -0.138818 -0.400784
v -0.755948 -0.140567 -0.378529
v -0.729201 -0.108838 -0.375338
v -0.817585 -0.028615 -0.284192
v -0.829987 -0.028727 -0.256653
v -0.790815 -0.028408 -0.337977
v -0.804565 -0.028503 -0.311364
v -0.775098 -0.081922 -0.279709
v -0.780636 -0.055172 -0.291884
v -0.762941 -0.081675 -0.305780
v -0.732764 -0.080889 -0.355272
v -0.748816 -0.081414 -0.331064
v -0.753290 -0.054709 -0.343300
v -0.663011 -0.376847 -0.232904
v -0.671348 -0.354359 -0.246618
v -0.649613 -0.374053 -0.258607
v -0.734094 -0.321905 -0.227781
v -0.699144 -0.337064 -0.236389
v -0.712512 -0.339432 -0.209780
v -0.670639 -0.331430 -0.287883
v -0.685163 -0.334386 -0.262461
v -0.705371 -0.316751 -0.281014
v -0.876770 -0.244858 -0.183482
v -0.855238 -0.271149 -0.199399
v -0.866289 -0.271860 -0.168019
v -0.829541 -0.268616 -0.260364
v -0.842879 -0.270031 -0.230220
v -0.857755 -0.244613 -0.247151
v -0.789959 -0.309787 -0.191459
v -0.818442 -0.291402 -0.211046
v -0.775586 -0.307377 -0.219836
v -0.768276 -0.260451 -0.375337
v -0.784669 -0.262825 -0.347607
v -0.799881 -0.238245 -0.365838
v -0.731449 -0.300110 -0.302554
v -0.759632 -0.282927 -0.325430
v -0.716507 -0.297751 -0.329095
v -0.831768 -0.242329 -0.308132
v -0.800347 -0.264977 -0.319190
v -0.815272 -0.266887 -0.290234
v -0.760874 -0.305041 -0.247811
v -0.789658 -0.287311 -0.269229
v -0.746155 -0.302611 -0.275405
v -0.909013 -0.030418 -0.050311
v -0.917313 -0.030659 -0.018948
v -0.888286 -0.029896 -0.111294
v -0.899100 -0.030151 -0.081142
v -0.837781 -0.084349 -0.052130
v -0.867055 -0.058187 -0.066115
v -0.829535 -0.083728 -0.080730
v -0.842230 -0.029070 -0.227348
v -0.853919 -0.029222 -0.199052
v -0.809429 -0.082858 -0.166098
v -0.824422 -0.056356 -0.180668
v -0.802779 -0.082793 -0.194126
v -0.865487 -0.029411 -0.170314
v -0.876942 -0.029620 -0.141218
v -0.877186 -0.210444 -0.130062
v -0.857218 -0.175968 -0.139434
v -0.876705 -0.211447 -0.162408
v -0.817009 -0.110615 -0.097101
v -0.831090 -0.141299 -0.116790
v -0.828006 -0.140103 -0.086588
v -0.832441 -0.143001 -0.177881
v -0.832742 -0.142291 -0.147327
v -0.813670 -0.111252 -0.155417
v -0.844784 -0.057077 -0.124154
v -0.815730 -0.083141 -0.137755
v -0.822252 -0.083418 -0.109268
v -0.817793 -0.209953 -0.350264
v -0.847366 -0.213103 -0.291160
v -0.833749 -0.211857 -0.321256
v -0.818564 -0.177654 -0.327571
v -0.805791 -0.143989 -0.300520
v -0.873591 -0.212955 -0.195341
v -0.830356 -0.144223 -0.209310
v -0.856192 -0.178565 -0.203681
v -0.867505 -0.213705 -0.227895
v -0.858748 -0.213767 -0.259750
v -0.803852 -0.055728 -0.237059
v -0.790002 -0.111498 -0.273511
v -0.785894 -0.082411 -0.251744
v -0.795009 -0.082694 -0.223103
v -0.806019 -0.111736 -0.214766
v -0.843530 -0.179575 -0.267526
v -0.825196 -0.144636 -0.240496
v -0.817028 -0.144560 -0.271048
v -0.481325 -0.732151 0.017819
v -0.502409 -0.719471 0.000000
v -0.488818 -0.743548 -0.018096
v -0.521676 -0.664204 0.034298
v -0.513281 -0.692714 0.017533
v -0.502844 -0.678694 0.051536
v -0.526503 -0.710627 -0.053961
v -0.521294 -0.703529 -0.017807
v -0.538246 -0.685301 -0.035388
v -0.543788 -0.550267 0.094061
v -0.538038 -0.576418 0.079985
v -0.527361 -0.565139 0.110063
v -0.562242 -0.602181 0.016755
v -0.550489 -0.589649 0.049010
v -0.567432 -0.574192 0.032575
v -0.515813 -0.619893 0.082012
v -0.533268 -0.604907 0.065501
v -0.528181 -0.634396 0.050367
v -0.583126 -0.624898 -0.121702
v -0.582104 -0.623628 -0.086536
v -0.595200 -0.602291 -0.102954
v -0.553921 -0.665312 -0.052821
v -0.568368 -0.644723 -0.069812
v -0.556843 -0.669202 -0.088536
v -0.586991 -0.593984 -0.033698
v -0.578440 -0.619587 -0.051499
v -0.571835 -0.612456 -0.017041
v -0.539332 -0.647852 0.017144
v -0.555990 -0.630446 0.000000
v -0.548071 -0.658348 -0.017422
v -0.728186 -0.450044 0.241427
v -0.706405 -0.466865 0.222124
v -0.703893 -0.465548 0.257206
v -0.687872 -0.454105 0.148206
v -0.699288 -0.461877 0.184937
v -0.723788 -0.447326 0.169247
v -0.653653 -0.491632 0.216193
v -0.675719 -0.476494 0.200509
v -0.642229 -0.482175 0.178802
v -0.664068 -0.437964 0.016192
v -0.664608 -0.438363 0.047538
v -0.685538 -0.423686 0.031664
v -0.623547 -0.466524 0.078403
v -0.643924 -0.452649 0.063122
v -0.626741 -0.468644 0.047785
v -0.700727 -0.433073 0.097498
v -0.668628 -0.441101 0.079556
v -0.676640 -0.446521 0.112823
v -0.549098 -0.524501 0.139020
v -0.565856 -0.508764 0.123647
v -0.552776 -0.526624 0.108734
v -0.610679 -0.487700 0.158286
v -0.585002 -0.495938 0.140007
v -0.592256 -0.503103 0.173866
v -0.588962 -0.497459 0.078446
v -0.584090 -0.494226 0.108567
v -0.603353 -0.480373 0.093593
v -0.653446 -0.459875 0.128105
v -0.624717 -0.467981 0.109913
v -0.631300 -0.473459 0.143200
v -0.643903 -0.425871 -0.235286
v -0.654383 -0.432483 -0.205766
v -0.657549 -0.406388 -0.218007
v -0.645784 -0.484843 -0.179792
v -0.650786 -0.458913 -0.193110
v -0.638477 -0.480218 -0.211174
v -0.673652 -0.416340 -0.157524
v -0.662206 -0.437384 -0.175130
v -0.667261 -0.440499 -0.143765
v -0.608259 -0.579483 -0.119648
v -0.619785 -0.557252 -0.135431
v -0.606652 -0.579477 -0.153591
v -0.641632 -0.510850 -0.099531
v -0.631548 -0.534382 -0.117389
v -0.630092 -0.532200 -0.083925
v -0.626007 -0.531774 -0.183774
v -0.630115 -0.534183 -0.150804
v -0.638834 -0.510185 -0.165584
v -0.681610 -0.421258 -0.031482
v -0.668099 -0.440666 -0.047788
v -0.665784 -0.439096 -0.016234
v -0.669667 -0.441919 -0.111660
v -0.669726 -0.441826 -0.079687
v -0.680386 -0.420502 -0.094668
v -0.646327 -0.483290 -0.049279
v -0.658529 -0.462915 -0.064553
v -0.650372 -0.486594 -0.081776
v -0.650215 -0.487645 -0.147491
v -0.651733 -0.488219 -0.114666
v -0.660207 -0.464633 -0.129430
v -0.561314 -0.534917 0.078675
v -0.597390 -0.504879 0.047761
v -0.579308 -0.519893 0.063258
v -0.572790 -0.545959 0.048092
v -0.584535 -0.557208 0.016439
v -0.649650 -0.456496 0.000000
v -0.632570 -0.502874 -0.032840
v -0.640009 -0.478614 -0.016267
v -0.632867 -0.473273 0.016086
v -0.615475 -0.489284 0.031952
v -0.606689 -0.578158 -0.085035
v -0.594752 -0.566948 -0.016726
v -0.602216 -0.574006 -0.050563
v -0.616703 -0.553452 -0.067341
v -0.625139 -0.528331 -0.049980
v -0.607695 -0.513537 0.016196
v -0.617458 -0.521787 -0.016456
v -0.601323 -0.539862 0.000000
v -0.892779 -0.059769 0.000000
v -0.821796 -0.110720 -0.034156
v -0.849107 -0.085538 -0.017618
v -0.862481 -0.086885 0.017896
v -0.835736 -0.112599 0.034736
v -0.886330 -0.244976 -0.113108
v -0.874782 -0.210026 -0.092424
v -0.857895 -0.206125 -0.018216
v -0.868313 -0.208576 -0.054956
v -0.881618 -0.243673 -0.037336
v -0.848092 -0.173402 -0.071274
v -0.824011 -0.139716 -0.051746
v -0.812681 -0.195116 0.085862
v -0.818630 -0.226264 0.104469
v -0.818011 -0.138699 0.051369
v -0.811135 -0.165845 0.068168
v -0.857855 -0.237105 0.036329
v -0.828204 -0.198942 0.052417
v -0.843958 -0.202776 0.017920
v -0.819818 -0.138956 -0.017168
v -0.829252 -0.169745 0.000000
v -0.817279 -0.138526 0.017114
v -0.673572 -0.383210 -0.203757
v -0.688815 -0.392445 -0.142971
v -0.682179 -0.388411 -0.173663
v -0.694239 -0.362503 -0.190754
v -0.721991 -0.344861 -0.179275
v -0.705749 -0.402586 -0.016795
v -0.701381 -0.400044 -0.048475
v -0.749168 -0.359672 -0.084466
v -0.723529 -0.379418 -0.066055
v -0.759079 -0.364740 -0.052199
v -0.697746 -0.397873 -0.080066
v -0.693862 -0.395506 -0.111448
v -0.842277 -0.298067 -0.146792
v -0.873971 -0.275791 -0.132176
v -0.758415 -0.329543 -0.168793
v -0.800468 -0.315013 -0.158540
v -0.822081 -0.325587 -0.091244
v -0.811208 -0.320291 -0.125125
v -0.779071 -0.340178 -0.104285
v -0.710081 -0.371780 -0.129181
v -0.740170 -0.354705 -0.116474
v -0.731242 -0.349833 -0.148128
v -0.754786 -0.429415 0.228324
v -0.799594 -0.381928 0.198544
v -0.779110 -0.406819 0.214073
v -0.760089 -0.432771 0.193497
v -0.755220 -0.430278 0.156754
v -0.824959 -0.260325 0.124764
v -0.827482 -0.292832 0.144214
v -0.838020 -0.365917 0.112176
v -0.844841 -0.333570 0.130313
v -0.855674 -0.338891 0.094972
v -0.824466 -0.324457 0.163293
v -0.815161 -0.354200 0.181422
v -0.720984 -0.411225 0.049829
v -0.712255 -0.406297 0.016950
v -0.744470 -0.424353 0.119577
v -0.732167 -0.417500 0.084016
v -0.796630 -0.382783 0.054781
v -0.764474 -0.400890 0.069793
v -0.807472 -0.387664 0.091040
v -0.812327 -0.388625 0.164554
v -0.814020 -0.390095 0.128095
v -0.785758 -0.411402 0.142949
v -0.880894 -0.277801 -0.094930
v -0.834595 -0.330196 -0.055633
v -0.862076 -0.306145 -0.075380
v -0.884724 -0.278894 -0.057114
v -0.884330 -0.278712 -0.019168
v -0.740542 -0.388545 0.000000
v -0.827150 -0.362039 0.037229
v -0.783799 -0.376560 0.017975
v -0.770944 -0.370384 -0.017680
v -0.802769 -0.351367 -0.036131
v -0.848213 -0.267495 0.091409
v -0.878481 -0.276869 0.019041
v -0.866489 -0.273146 0.055937
v -0.865888 -0.307499 0.075713
v -0.858499 -0.339653 0.057227
v -0.845684 -0.334643 -0.018802
v -0.854350 -0.338072 0.018995
v -0.874526 -0.310332 0.000000
v -0.720976 0.000000 -0.503460
v -0.720477 -0.017535 -0.473651
v -0.685162 0.035381 -0.538136
v -0.710205 0.017976 -0.526241
v -0.655182 -0.049751 -0.485423
v -0.691465 -0.017502 -0.512355
v -0.660587 -0.034112 -0.518835
v -0.544331 0.093046 -0.537922
v -0.567611 0.078763 -0.529818
v -0.630509 0.017543 -0.588691
v -0.600835 0.049940 -0.560933
v -0.595761 0.033798 -0.588746
v -0.604957 0.065506 -0.533312
v -0.647384 0.051398 -0.538995
v -0.557724 -0.108619 -0.520443
v -0.576229 -0.079958 -0.537861
v -0.553951 -0.094691 -0.547428
v -0.629987 -0.050017 -0.524510
v -0.601705 -0.065154 -0.530445
v -0.599377 -0.079298 -0.498742
v -0.611499 -0.034691 -0.604299
v -0.608517 -0.050578 -0.568104
v -0.633120 -0.017616 -0.591128
v -0.671248 0.017763 -0.558810
v -0.653493 0.000000 -0.576315
v -0.662296 -0.017526 -0.551357
v -0.420019 0.225320 -0.679605
v -0.452221 0.215156 -0.684248
v -0.499609 0.163057 -0.756801
v -0.481895 0.192952 -0.729595
v -0.468899 0.177410 -0.758695
v -0.491692 0.206904 -0.697271
v -0.526959 0.195409 -0.701880
v -0.455698 0.016848 -0.690958
v -0.451927 0.049009 -0.685171
v -0.434063 0.032439 -0.702328
v -0.486346 0.081734 -0.650040
v -0.469141 0.065422 -0.667386
v -0.480389 0.048983 -0.642447
v -0.469566 0.105713 -0.759774
v -0.468898 0.084570 -0.710763
v -0.492066 0.124331 -0.745657
v -0.544467 0.132324 -0.605566
v -0.538056 0.111095 -0.564775
v -0.548086 0.177885 -0.686292
v -0.551744 0.155762 -0.650830
v -0.505335 0.079688 -0.598286
v -0.523666 0.115034 -0.618883
v -0.504450 0.098284 -0.633594
v -0.512855 0.142863 -0.728727
v -0.510988 0.120014 -0.682128
v -0.531615 0.160790 -0.708844
v -0.444203 -0.245414 -0.671620
v -0.439623 -0.209162 -0.665185
v -0.419625 -0.225109 -0.678968
v -0.472940 -0.175378 -0.629930
v -0.457251 -0.192411 -0.648430
v -0.477742 -0.210085 -0.635186
v -0.446197 -0.168820 -0.721962
v -0.447629 -0.179232 -0.677717
v -0.467549 -0.152593 -0.708236
v -0.533862 -0.110229 -0.560373
v -0.517107 -0.125674 -0.575135
v -0.527698 -0.139867 -0.552445
v -0.526210 -0.102523 -0.660925
v -0.518525 -0.113905 -0.612806
v -0.545683 -0.086051 -0.646055
v -0.503399 -0.173968 -0.592603
v -0.501989 -0.141716 -0.592139
v -0.487658 -0.158273 -0.610627
v -0.461977 -0.034525 -0.747494
v -0.498365 -0.054045 -0.755577
v -0.477396 -0.017650 -0.723857
v -0.490816 -0.124015 -0.743763
v -0.503935 -0.090889 -0.763872
v -0.483002 -0.108738 -0.781513
v -0.539239 -0.054983 -0.721151
v -0.522642 -0.072882 -0.743494
v -0.530637 -0.089177 -0.709239
v -0.483717 -0.146303 -0.644978
v -0.507114 -0.119104 -0.676956
v -0.487741 -0.135867 -0.693041
v -0.532108 0.078262 -0.558367
v -0.514451 0.048666 -0.608716
v -0.522470 0.063571 -0.582180
v -0.555556 0.048938 -0.582859
v -0.587749 0.017340 -0.616574
v -0.489189 0.000000 -0.696175
v -0.553978 -0.036177 -0.696854
v -0.525692 -0.017867 -0.702962
v -0.498755 0.016952 -0.666942
v -0.506807 0.033096 -0.637516
v -0.559146 -0.082239 -0.586739
v -0.602280 -0.017769 -0.631817
v -0.588869 -0.051872 -0.617809
v -0.566803 -0.068966 -0.631580
v -0.567526 -0.053687 -0.671516
v -0.543147 0.017130 -0.642735
v -0.567046 -0.017883 -0.671015
v -0.578313 0.000000 -0.644152
v 0.000000 0.416247 -0.728720
v -0.027255 0.402850 -0.723180
v -0.029327 0.378183 -0.805616
v -0.028020 0.387842 -0.756887
v 0.000000 0.371154 -0.768780
v -0.055523 0.401588 -0.739646
v -0.085977 0.405759 -0.767113
v -0.028266 0.252542 -0.816692
v -0.029595 0.293925 -0.845585
v 0.000000 0.275342 -0.855482
v -0.086663 0.324454 -0.809533
v -0.058643 0.310247 -0.829746
v -0.082705 0.282384 -0.782512
v 0.000000 0.343414 -0.858346
v -0.030514 0.333326 -0.861315
v -0.030436 0.362098 -0.847255
v -0.165438 0.361551 -0.742932
v -0.182103 0.331733 -0.702015
v -0.117174 0.404086 -0.785053
v -0.144425 0.388920 -0.776699
v -0.133178 0.306725 -0.739110
v -0.139823 0.349266 -0.764051
v -0.113801 0.337248 -0.786791
v -0.060287 0.378302 -0.830093
v -0.089555 0.364170 -0.823698
v -0.089268 0.392075 -0.808671
v -0.028093 0.017362 -0.840546
v -0.029293 0.048451 -0.875410
v 0.000000 0.030584 -0.883615
v -0.085110 0.082063 -0.843233
v -0.057808 0.065684 -0.861404
v -0.081732 0.050513 -0.811788
v 0.000000 0.096310 -0.924555
v -0.030496 0.082069 -0.909370
v -0.030944 0.115195 -0.919422
v -0.186314 0.143104 -0.772498
v -0.161336 0.127839 -0.785936
v -0.179133 0.110710 -0.746671
v -0.119135 0.166429 -0.871322
v -0.143079 0.148142 -0.837351
v -0.146313 0.182001 -0.851723
v -0.131130 0.081043 -0.774977
v -0.136560 0.112873 -0.803215
v -0.111418 0.097806 -0.822939
v 0.000000 0.199562 -0.807819
v -0.027837 0.189613 -0.813424
v -0.027599 0.215839 -0.799597
v -0.030281 0.144370 -0.896514
v -0.028985 0.167849 -0.852964
v 0.000000 0.149722 -0.856835
v -0.085318 0.200047 -0.827262
v -0.057597 0.184646 -0.842577
v -0.089118 0.178646 -0.870576
v -0.089047 0.116643 -0.877745
v -0.090794 0.150434 -0.890813
v -0.061323 0.133387 -0.907615
v -0.387969 0.270009 -0.735024
v -0.397942 0.245942 -0.700125
v -0.349838 0.310368 -0.779052
v -0.374771 0.294159 -0.767913
v -0.343964 0.212581 -0.722026
v -0.358755 0.251601 -0.744135
v -0.328739 0.232617 -0.749679
v -0.201872 0.309985 -0.677762
v -0.230065 0.304278 -0.686862
v -0.254236 0.276477 -0.776627
v -0.241908 0.291400 -0.730667
v -0.215937 0.274573 -0.741177
v -0.268760 0.309135 -0.721594
v -0.311836 0.314375 -0.760026
v -0.230278 0.142320 -0.733788
v -0.240228 0.176661 -0.757710
v -0.213097 0.159682 -0.763043
v -0.298333 0.213367 -0.752764
v -0.268756 0.194645 -0.754838
v -0.286248 0.176911 -0.729935
v -0.230165 0.232553 -0.807091
v -0.252546 0.215312 -0.788298
v -0.258787 0.250837 -0.799187
v -0.319082 0.290395 -0.786767
v -0.288503 0.270346 -0.792934
v -0.312870 0.254172 -0.780403
v -0.054464 0.231685 -0.785631
v -0.111907 0.215093 -0.807249
v -0.081536 0.219978 -0.783874
v -0.080448 0.245746 -0.767170
v -0.105342 0.258410 -0.746386
v -0.196235 0.180004 -0.805003
v -0.198737 0.241486 -0.798366
v -0.201603 0.214989 -0.818379
v -0.173817 0.198264 -0.833423
v -0.144539 0.209770 -0.832180
v -0.177211 0.295640 -0.690258
v -0.129607 0.270505 -0.725311
v -0.153280 0.282628 -0.706256
v -0.180144 0.273168 -0.708946
v -0.189349 0.258705 -0.752914
v -0.137967 0.229406 -0.787146
v -0.163617 0.243752 -0.768569
v -0.131473 0.246509 -0.743060
v -0.029539 -0.463603 -0.768381
v -0.030245 -0.447051 -0.802527
v 0.000000 -0.460741 -0.806615
v -0.086169 -0.406667 -0.768829
v -0.059217 -0.428308 -0.788859
v -0.083306 -0.419045 -0.729515
v 0.000000 -0.394788 -0.817734
v -0.030534 -0.422646 -0.824807
v -0.030237 -0.389910 -0.830597
v -0.179466 -0.326929 -0.691848
v -0.157037 -0.343192 -0.705206
v -0.175964 -0.345112 -0.667154
v -0.117705 -0.348817 -0.813783
v -0.139706 -0.348973 -0.763411
v -0.143751 -0.331076 -0.797788
v -0.130320 -0.376247 -0.689323
v -0.134594 -0.362445 -0.723826
v -0.111330 -0.383933 -0.745900
v 0.000000 -0.255670 -0.794361
v -0.027605 -0.274157 -0.788715
v -0.027348 -0.244337 -0.790158
v -0.029483 -0.350762 -0.820730
v -0.028441 -0.310681 -0.802800
v 0.000000 -0.315422 -0.788381
v -0.086361 -0.294865 -0.817096
v -0.057425 -0.303802 -0.812509
v -0.088916 -0.332889 -0.830579
v -0.088774 -0.389904 -0.804194
v -0.089886 -0.365517 -0.826744
v -0.060511 -0.379710 -0.833183
v -0.392389 -0.242510 -0.690357
v -0.366939 -0.255373 -0.695182
v -0.399107 -0.275928 -0.693123
v -0.328595 -0.232515 -0.749350
v -0.344190 -0.241387 -0.713925
v -0.356463 -0.220306 -0.748264
v -0.343643 -0.298490 -0.695350
v -0.339620 -0.266570 -0.695889
v -0.311345 -0.276217 -0.693331
v -0.215590 -0.161550 -0.771970
v -0.254658 -0.187272 -0.803223
v -0.244159 -0.150898 -0.778017
v -0.255388 -0.247542 -0.788689
v -0.258947 -0.220769 -0.808278
v -0.230107 -0.232494 -0.806888
v -0.319301 -0.197339 -0.814220
v -0.288791 -0.209155 -0.811109
v -0.312603 -0.223573 -0.788771
v -0.226441 -0.326325 -0.667954
v -0.228590 -0.302328 -0.682460
v -0.203837 -0.313002 -0.684359
v -0.282650 -0.284952 -0.688894
v -0.254984 -0.293289 -0.684606
v -0.283668 -0.313530 -0.682618
v -0.220691 -0.280618 -0.757495
v -0.235867 -0.284123 -0.712420
v -0.246122 -0.267653 -0.751842
v -0.300459 -0.244090 -0.749447
v -0.272783 -0.255616 -0.749731
v -0.288842 -0.262874 -0.712205
v 0.000000 -0.028714 -0.829601
v -0.028348 -0.046887 -0.847158
v -0.027654 -0.017091 -0.827414
v -0.030628 -0.114019 -0.910036
v -0.029575 -0.079592 -0.881927
v 0.000000 -0.090765 -0.871317
v -0.088805 -0.054884 -0.882041
v -0.059404 -0.067498 -0.885190
v -0.090709 -0.087462 -0.898708
v -0.028087 -0.219659 -0.813746
v -0.029167 -0.198675 -0.852303
v 0.000000 -0.214069 -0.866544
v -0.082999 -0.166380 -0.810800
v -0.056938 -0.182532 -0.832928
v -0.080817 -0.189493 -0.783619
v 0.000000 -0.159996 -0.915630
v -0.030302 -0.175476 -0.891719
v -0.030888 -0.147265 -0.914491
v -0.178075 -0.110056 -0.742261
v -0.154491 -0.122416 -0.752593
v -0.179503 -0.137873 -0.744258
v -0.117018 -0.102723 -0.864305
v -0.136323 -0.112677 -0.801825
v -0.142433 -0.088028 -0.841775
v -0.129920 -0.161610 -0.756295
v -0.131288 -0.135934 -0.768346
v -0.107788 -0.150579 -0.788339
v -0.061078 -0.132856 -0.903997
v -0.086734 -0.143708 -0.850980
v -0.089912 -0.117776 -0.886271
v -0.186927 -0.311849 -0.728101
v -0.200599 -0.274076 -0.797647
v -0.195038 -0.295753 -0.767562
v -0.169608 -0.312735 -0.781489
v -0.145894 -0.304498 -0.816456
v -0.187032 -0.171562 -0.767250
v -0.133395 -0.193596 -0.768016
v -0.159745 -0.182213 -0.765950
v -0.195695 -0.208689 -0.794397
v -0.201030 -0.244273 -0.807579
v -0.054428 -0.231529 -0.785102
v -0.115267 -0.282756 -0.816707
v -0.083334 -0.254562 -0.794693
v -0.081021 -0.218588 -0.778921
v -0.107131 -0.205915 -0.772802
v -0.172479 -0.256955 -0.810198
v -0.139011 -0.231143 -0.793105
v -0.143991 -0.269981 -0.813812
v -0.398062 0.211654 -0.699677
v -0.347035 0.180405 -0.726542
v -0.373573 0.196579 -0.715439
v -0.419380 0.187510 -0.736572
v -0.445487 0.162295 -0.781913
v -0.233695 0.112001 -0.740568
v -0.261433 0.128750 -0.738755
v -0.358285 0.109836 -0.820539
v -0.307934 0.120298 -0.779911
v -0.326392 0.091469 -0.824113
v -0.290028 0.145966 -0.736979
v -0.318698 0.163238 -0.733456
v -0.422499 0.051196 -0.740751
v -0.411142 0.017152 -0.720747
v -0.455635 0.128392 -0.799350
v -0.443636 0.089275 -0.778002
v -0.384920 0.055086 -0.801077
v -0.415271 0.072297 -0.791898
v -0.396704 0.093163 -0.826303
v -0.367288 0.155519 -0.767727
v -0.389653 0.127950 -0.813097
v -0.419025 0.145598 -0.800317
v -0.054851 0.000000 -0.819306
v -0.117152 -0.036140 -0.869531
v -0.084575 -0.017420 -0.839545
v -0.081248 0.016735 -0.806522
v -0.106600 0.032885 -0.791214
v -0.204067 -0.094220 -0.738321
v -0.184885 -0.081360 -0.770069
v -0.202868 -0.017928 -0.844338
v -0.195711 -0.051566 -0.814755
v -0.223383 -0.034227 -0.808208
v -0.168920 -0.069432 -0.826174
v -0.147252 -0.054537 -0.868457
v -0.180374 0.079375 -0.751280
v -0.205753 0.094999 -0.744423
v -0.131490 0.048699 -0.775496
v -0.155758 0.064022 -0.761800
v -0.229128 0.035107 -0.828994
v -0.190263 0.050131 -0.792073
v -0.200537 0.017722 -0.834639
v -0.145117 -0.017929 -0.856166
v -0.172762 0.000000 -0.843990
v -0.137857 0.017032 -0.813332
v -0.400529 -0.212965 -0.704013
v -0.440372 -0.160431 -0.772936
v -0.418672 -0.187194 -0.735328
v -0.388543 -0.204456 -0.744110
v -0.376360 -0.195649 -0.787937
v -0.419199 -0.017488 -0.734873
v -0.438678 -0.053156 -0.769116
v -0.380603 -0.089382 -0.792765
v -0.411337 -0.071612 -0.784396
v -0.364751 -0.052200 -0.759103
v -0.454432 -0.091447 -0.796934
v -0.455232 -0.128278 -0.798642
v -0.277789 -0.136806 -0.784975
v -0.236322 -0.113260 -0.748894
v -0.354984 -0.181824 -0.816964
v -0.320826 -0.161466 -0.815240
v -0.300845 -0.084310 -0.759610
v -0.312448 -0.122061 -0.791344
v -0.346979 -0.106370 -0.794648
v -0.424192 -0.147393 -0.810186
v -0.391865 -0.128676 -0.817712
v -0.390422 -0.165315 -0.816084
v -0.246992 0.084402 -0.783198
v -0.263243 0.018104 -0.835249
v -0.260537 0.053355 -0.826492
v -0.293184 0.072188 -0.825578
v -0.330205 0.055635 -0.834617
v -0.232793 -0.079550 -0.738176
v -0.294425 -0.049606 -0.744182
v -0.263136 -0.064790 -0.740966
v -0.239920 -0.049133 -0.761090
v -0.253490 -0.017434 -0.804302
v -0.385235 0.000000 -0.734232
v -0.352095 0.036206 -0.804431
v -0.365615 0.017453 -0.761019
v -0.356665 -0.017025 -0.742388
v -0.326228 -0.033546 -0.745332
v -0.285370 0.000000 -0.804182
v -0.302032 -0.016970 -0.763273
v -0.318550 0.017898 -0.805015
v 0.048918 0.495789 -0.771970
v 0.029126 0.457113 -0.757625
v 0.080917 0.503628 -0.694922
v 0.066951 0.511419 -0.749129
v 0.087967 0.442494 -0.770338
v 0.078654 0.483179 -0.770305
v 0.107054 0.466734 -0.762069
v 0.149603 0.570965 -0.624037
v 0.126826 0.530551 -0.614253
v 0.140496 0.454558 -0.616975
v 0.132647 0.487048 -0.610044
v 0.158831 0.478265 -0.611771
v 0.107130 0.499105 -0.612283
v 0.092859 0.491947 -0.639659
v 0.198164 0.388653 -0.751326
v 0.184035 0.409694 -0.720532
v 0.208040 0.392584 -0.708514
v 0.134199 0.447831 -0.749234
v 0.159590 0.428434 -0.734704
v 0.144459 0.417068 -0.764111
v 0.174875 0.417702 -0.630366
v 0.167426 0.422219 -0.678745
v 0.152174 0.434311 -0.640763
v 0.105997 0.478726 -0.675153
v 0.129517 0.455020 -0.656192
v 0.120486 0.466782 -0.715904
v 0.286328 0.690858 -0.463289
v 0.260080 0.653696 -0.468119
v 0.273547 0.582644 -0.487823
v 0.267056 0.617495 -0.478317
v 0.303707 0.624936 -0.491408
v 0.232359 0.610281 -0.465778
v 0.210021 0.578381 -0.469602
v 0.338869 0.519756 -0.596519
v 0.314820 0.524575 -0.555688
v 0.342652 0.513808 -0.554423
v 0.260114 0.547007 -0.559166
v 0.287077 0.535205 -0.556824
v 0.282509 0.544142 -0.601172
v 0.314928 0.553737 -0.509564
v 0.295506 0.534459 -0.523184
v 0.282208 0.553685 -0.501345
v 0.183124 0.598798 -0.581569
v 0.170595 0.598297 -0.615784
v 0.196408 0.569946 -0.491906
v 0.189691 0.582508 -0.533504
v 0.226559 0.569622 -0.606983
v 0.208466 0.578652 -0.571531
v 0.233817 0.561378 -0.563985
v 0.251148 0.554849 -0.494224
v 0.239292 0.550126 -0.520702
v 0.222480 0.559519 -0.490487
v 0.406623 0.281125 -0.706177
v 0.387056 0.302421 -0.672902
v 0.409949 0.287672 -0.663312
v 0.336698 0.328346 -0.683958
v 0.362436 0.315963 -0.679655
v 0.358925 0.311765 -0.726275
v 0.414701 0.363646 -0.671001
v 0.379957 0.332271 -0.661359
v 0.384004 0.372866 -0.669312
v 0.233366 0.376783 -0.698760
v 0.258242 0.363519 -0.692895
v 0.251447 0.362362 -0.741716
v 0.286814 0.387866 -0.644237
v 0.266072 0.366718 -0.652006
v 0.256416 0.391495 -0.634626
v 0.305724 0.337907 -0.735693
v 0.283935 0.351505 -0.689298
v 0.310131 0.340072 -0.686811
v 0.391880 0.498061 -0.634075
v 0.383716 0.494411 -0.672320
v 0.364422 0.512111 -0.639896
v 0.391339 0.419691 -0.683174
v 0.392907 0.462720 -0.687092
v 0.424891 0.452608 -0.687488
v 0.323321 0.471820 -0.671081
v 0.358652 0.468995 -0.681329
v 0.321795 0.427543 -0.663701
v 0.322598 0.350830 -0.658587
v 0.319024 0.384494 -0.654603
v 0.351831 0.379802 -0.663548
v 0.179688 0.564055 -0.627444
v 0.240702 0.549517 -0.633978
v 0.210050 0.556821 -0.630661
v 0.184877 0.520242 -0.626218
v 0.187766 0.474096 -0.618431
v 0.334380 0.523945 -0.641102
v 0.287527 0.473184 -0.657747
v 0.317700 0.509606 -0.664670
v 0.303343 0.533664 -0.639920
v 0.272108 0.541932 -0.637255
v 0.214228 0.388216 -0.655530
v 0.191611 0.433587 -0.614735
v 0.199822 0.405136 -0.625654
v 0.226939 0.396802 -0.627561
v 0.252812 0.428258 -0.635009
v 0.249345 0.515955 -0.645592
v 0.252316 0.472752 -0.643060
v 0.218887 0.472533 -0.629295
v 0.473934 0.720908 -0.017545
v 0.474710 0.739149 -0.046838
v 0.514008 0.709243 -0.082585
v 0.494631 0.724538 -0.064753
v 0.511902 0.690920 -0.052465
v 0.475001 0.757267 -0.077323
v 0.473641 0.773346 -0.108638
v 0.583993 0.638276 -0.153017
v 0.568800 0.658537 -0.135970
v 0.588473 0.630628 -0.122818
v 0.529344 0.718482 -0.163611
v 0.549597 0.688387 -0.149682
v 0.543102 0.694708 -0.180364
v 0.550454 0.661524 -0.087520
v 0.551529 0.676595 -0.118382
v 0.533164 0.693252 -0.100639
v 0.445811 0.784050 -0.200259
v 0.425966 0.768759 -0.225729
v 0.469197 0.784980 -0.140601
v 0.460243 0.789251 -0.171438
v 0.493860 0.745298 -0.206759
v 0.478623 0.769419 -0.189792
v 0.506076 0.746643 -0.177320
v 0.514880 0.726141 -0.114002
v 0.512772 0.739476 -0.145956
v 0.494055 0.757733 -0.127525
v 0.614339 0.411975 -0.254615
v 0.600716 0.430179 -0.239002
v 0.624486 0.413029 -0.228191
v 0.556415 0.465863 -0.261232
v 0.577881 0.447632 -0.249923
v 0.567185 0.445997 -0.275641
v 0.622105 0.467904 -0.205759
v 0.597243 0.455827 -0.227394
v 0.599928 0.487097 -0.217845
v 0.483352 0.554738 -0.315135
v 0.500409 0.530089 -0.300317
v 0.496463 0.535706 -0.331085
v 0.535422 0.547324 -0.254605
v 0.514193 0.534963 -0.275806
v 0.514693 0.568637 -0.267220
v 0.528386 0.486236 -0.300511
v 0.517851 0.506926 -0.286324
v 0.536316 0.485618 -0.273355
v 0.618100 0.590412 -0.156489
v 0.603712 0.586342 -0.184626
v 0.596320 0.613749 -0.170031
v 0.604207 0.521476 -0.208214
v 0.606154 0.555160 -0.197391
v 0.628817 0.534161 -0.184599
v 0.561998 0.598860 -0.223527
v 0.583912 0.576725 -0.210361
v 0.560229 0.562831 -0.233339
v 0.553923 0.493399 -0.250729
v 0.556460 0.526697 -0.242047
v 0.577978 0.506668 -0.229819
v 0.317249 0.705896 -0.406034
v 0.308161 0.710555 -0.439147
v 0.326378 0.679859 -0.334681
v 0.321512 0.691591 -0.368801
v 0.373310 0.688833 -0.425722
v 0.347294 0.691261 -0.397136
v 0.375397 0.673856 -0.386611
v 0.401103 0.743862 -0.248429
v 0.376002 0.716690 -0.267110
v 0.403512 0.670224 -0.298384
v 0.390363 0.694045 -0.283227
v 0.425728 0.690118 -0.278837
v 0.353377 0.692970 -0.285448
v 0.336463 0.679521 -0.306839
v 0.465015 0.592005 -0.365879
v 0.446117 0.606648 -0.346235
v 0.465127 0.581187 -0.330988
v 0.401523 0.653601 -0.374399
v 0.425006 0.631091 -0.360883
v 0.425701 0.646617 -0.399631
v 0.443555 0.630878 -0.303952
v 0.430204 0.624975 -0.328987
v 0.416456 0.646490 -0.313450
v 0.356829 0.669850 -0.328115
v 0.387254 0.659302 -0.321314
v 0.378461 0.661204 -0.350588
v 0.575051 0.639676 -0.183191
v 0.539679 0.622628 -0.236393
v 0.560080 0.634353 -0.211279
v 0.553711 0.666504 -0.196771
v 0.530989 0.692646 -0.210299
v 0.474711 0.580860 -0.302959
v 0.464714 0.645973 -0.282380
v 0.469226 0.612003 -0.292526
v 0.492752 0.590861 -0.280087
v 0.515793 0.606518 -0.258983
v 0.440312 0.743498 -0.242976
v 0.505076 0.716091 -0.223203
v 0.475144 0.733769 -0.234352
v 0.451332 0.713803 -0.258125
v 0.459204 0.680896 -0.271080
v 0.515701 0.645275 -0.249222
v 0.489135 0.665346 -0.261060
v 0.512407 0.682398 -0.237358
v 0.665574 0.016198 -0.437557
v 0.681205 0.043166 -0.437496
v 0.697838 0.026827 -0.421041
v 0.644584 0.075056 -0.467148
v 0.663335 0.059283 -0.452848
v 0.628920 0.047757 -0.465966
v 0.772963 0.088267 -0.444003
v 0.719220 0.073438 -0.451136
v 0.754034 0.105925 -0.461813
v 0.568142 0.136203 -0.519824
v 0.586630 0.121123 -0.506692
v 0.557906 0.108655 -0.520612
v 0.690206 0.157172 -0.508512
v 0.638699 0.138878 -0.509926
v 0.668247 0.173494 -0.522416
v 0.592135 0.078340 -0.492715
v 0.605772 0.105991 -0.493797
v 0.625170 0.090756 -0.480804
v 0.702711 0.185342 -0.363505
v 0.708666 0.181004 -0.402947
v 0.682270 0.200334 -0.378042
v 0.763275 0.136714 -0.456224
v 0.743037 0.161400 -0.433293
v 0.764652 0.144561 -0.417364
v 0.698995 0.193914 -0.463178
v 0.720989 0.177846 -0.448497
v 0.719400 0.170850 -0.487611
v 0.680443 0.106827 -0.482478
v 0.712312 0.140594 -0.493935
v 0.733764 0.123491 -0.478427
v 0.434705 0.268662 -0.648234
v 0.453359 0.251880 -0.633086
v 0.445495 0.246127 -0.673574
v 0.526365 0.295159 -0.628678
v 0.483842 0.270141 -0.624628
v 0.505721 0.312553 -0.643138
v 0.475921 0.209284 -0.632764
v 0.470440 0.234684 -0.616389
v 0.486362 0.217517 -0.599024
v 0.542879 0.308398 -0.473019
v 0.554521 0.314159 -0.523473
v 0.528821 0.326829 -0.490082
v 0.593766 0.276209 -0.580855
v 0.581259 0.299675 -0.558691
v 0.597052 0.280573 -0.540413
v 0.551626 0.340924 -0.599444
v 0.566326 0.319874 -0.578531
v 0.558820 0.314560 -0.617161
v 0.527979 0.139941 -0.552739
v 0.533210 0.167896 -0.549006
v 0.549903 0.152344 -0.534287
v 0.501889 0.200394 -0.581513
v 0.517288 0.183925 -0.564803
v 0.501772 0.173406 -0.590689
v 0.603314 0.225190 -0.566178
v 0.557805 0.203460 -0.564755
v 0.583903 0.242075 -0.581204
v 0.546029 0.277474 -0.613010
v 0.565026 0.259661 -0.596954
v 0.521371 0.236488 -0.594751
v 0.668295 0.384810 -0.266044
v 0.679684 0.390957 -0.305469
v 0.645388 0.398872 -0.279899
v 0.734232 0.361447 -0.352481
v 0.712786 0.380104 -0.331365
v 0.737371 0.364409 -0.316529
v 0.665667 0.411405 -0.360755
v 0.688683 0.395655 -0.345999
v 0.685131 0.393080 -0.381679
v 0.678080 0.226460 -0.365632
v 0.695499 0.259212 -0.364885
v 0.715491 0.242557 -0.349549
v 0.650778 0.289727 -0.391805
v 0.673725 0.274935 -0.378934
v 0.634889 0.256522 -0.391657
v 0.759694 0.315698 -0.348931
v 0.720385 0.296741 -0.367358
v 0.736670 0.332645 -0.364760
v 0.558837 0.345380 -0.438961
v 0.580668 0.331407 -0.427012
v 0.550258 0.313373 -0.440374
v 0.662474 0.379482 -0.406975
v 0.623619 0.356611 -0.419974
v 0.638158 0.394404 -0.420132
v 0.590763 0.284625 -0.415351
v 0.603572 0.317721 -0.415471
v 0.627054 0.304027 -0.403936
v 0.712421 0.348968 -0.379507
v 0.673015 0.327997 -0.395309
v 0.687467 0.364513 -0.393493
v 0.596904 0.170942 -0.536600
v 0.631536 0.239775 -0.547400
v 0.624291 0.207928 -0.551196
v 0.646023 0.190724 -0.536695
v 0.674371 0.204750 -0.516980
v 0.558559 0.291327 -0.456485
v 0.595658 0.260386 -0.428517
v 0.576246 0.275435 -0.441811
v 0.584065 0.276866 -0.487084
v 0.614199 0.262263 -0.522324
v 0.660398 0.215819 -0.391099
v 0.676019 0.210713 -0.476813
v 0.664327 0.212174 -0.430178
v 0.638352 0.230841 -0.403625
v 0.616696 0.245521 -0.415907
v 0.633292 0.244594 -0.506124
v 0.620998 0.243659 -0.456532
v 0.654022 0.227488 -0.491100
v 0.326024 0.696203 -0.467420
v 0.397397 0.683309 -0.460078
v 0.363561 0.693819 -0.466449
v 0.339360 0.671535 -0.489135
v 0.347474 0.637513 -0.503198
v 0.489165 0.582519 -0.395452
v 0.472185 0.612751 -0.414984
v 0.464021 0.627804 -0.502887
v 0.475636 0.629864 -0.464995
v 0.492657 0.608401 -0.490300
v 0.451779 0.641000 -0.433184
v 0.427126 0.665070 -0.448593
v 0.359941 0.524476 -0.527148
v 0.372441 0.501591 -0.547085
v 0.351496 0.597278 -0.511153
v 0.354220 0.557710 -0.517041
v 0.431264 0.554614 -0.522519
v 0.393726 0.558702 -0.522039
v 0.433551 0.600309 -0.520338
v 0.417228 0.667710 -0.489252
v 0.429668 0.639739 -0.509908
v 0.390239 0.642944 -0.509949
v 0.617969 0.414895 -0.289388
v 0.639339 0.430472 -0.371825
v 0.629450 0.423174 -0.329831
v 0.592920 0.431874 -0.299632
v 0.570671 0.450439 -0.311042
v 0.539174 0.366027 -0.452766
v 0.577958 0.391421 -0.445374
v 0.592119 0.474303 -0.437646
v 0.592688 0.437550 -0.447563
v 0.571117 0.460254 -0.462466
v 0.614986 0.415604 -0.433444
v 0.636608 0.429395 -0.408848
v 0.519066 0.521710 -0.356229
v 0.504808 0.550594 -0.374830
v 0.551017 0.471563 -0.324272
v 0.534136 0.495187 -0.339247
v 0.557024 0.524789 -0.433138
v 0.547499 0.511571 -0.385831
v 0.574770 0.498201 -0.415106
v 0.615435 0.450949 -0.384563
v 0.594009 0.473459 -0.398954
v 0.582910 0.462333 -0.353801
v 0.436554 0.304496 -0.650229
v 0.459301 0.396726 -0.682156
v 0.448614 0.349660 -0.667290
v 0.478956 0.332297 -0.657560
v 0.517138 0.357100 -0.655174
v 0.394282 0.487717 -0.580794
v 0.420243 0.478168 -0.620515
v 0.465196 0.429243 -0.580751
v 0.444663 0.454839 -0.602323
v 0.442239 0.444365 -0.548763
v 0.444407 0.463484 -0.657608
v 0.458862 0.436904 -0.680295
v 0.513249 0.350451 -0.510647
v 0.514152 0.350022 -0.471396
v 0.533215 0.366667 -0.623057
v 0.526259 0.360535 -0.567653
v 0.479984 0.396158 -0.509466
v 0.498313 0.375831 -0.533309
v 0.482824 0.402294 -0.557029
v 0.487997 0.416158 -0.665997
v 0.492168 0.414719 -0.617482
v 0.512502 0.392193 -0.646163
v 0.515783 0.571367 -0.425846
v 0.550298 0.524856 -0.472132
v 0.538331 0.553836 -0.453347
v 0.517440 0.582542 -0.473067
v 0.500380 0.572892 -0.504755
v 0.518460 0.386414 -0.468023
v 0.476962 0.429049 -0.500082
v 0.497982 0.407627 -0.484040
v 0.534096 0.433725 -0.474409
v 0.547982 0.482808 -0.478623
v 0.401943 0.486831 -0.539295
v 0.465646 0.542738 -0.517646
v 0.427586 0.507741 -0.522365
v 0.429317 0.469587 -0.528668
v 0.454122 0.450186 -0.515424
v 0.523602 0.505420 -0.494183
v 0.485593 0.474797 -0.503062
v 0.496464 0.526019 -0.507753
v 0.486033 -0.739311 0.017993
v 0.480076 -0.747504 0.047368
v 0.477460 -0.791348 0.030422
v 0.472015 -0.651300 0.075838
v 0.471868 -0.691195 0.061773
v 0.477724 -0.644790 0.048962
v 0.459915 -0.800665 0.091431
v 0.473019 -0.754106 0.077000
v 0.464870 -0.759026 0.106626
v 0.579691 -0.633573 0.151889
v 0.568376 -0.658045 0.135868
v 0.586992 -0.629041 0.122509
v 0.480694 -0.652449 0.148574
v 0.526107 -0.658965 0.143284
v 0.518810 -0.663634 0.172296
v 0.540082 -0.649059 0.085871
v 0.533174 -0.654078 0.114443
v 0.494181 -0.642564 0.093281
v 0.413544 -0.799445 0.210856
v 0.433431 -0.762277 0.194698
v 0.420680 -0.759220 0.222928
v 0.455486 -0.762041 0.136493
v 0.445050 -0.763198 0.165779
v 0.438620 -0.803596 0.151924
v 0.442881 -0.668363 0.185416
v 0.440337 -0.707871 0.174610
v 0.451217 -0.665706 0.158098
v 0.465799 -0.656921 0.103134
v 0.458887 -0.661768 0.130618
v 0.458206 -0.702752 0.118272
v 0.636476 -0.426820 0.263789
v 0.659921 -0.472576 0.262557
v 0.651424 -0.430846 0.238034
v 0.615983 -0.515736 0.289199
v 0.651675 -0.504793 0.281838
v 0.638713 -0.502241 0.310402
v 0.676508 -0.508822 0.223752
v 0.664345 -0.507041 0.252943
v 0.636200 -0.516546 0.231016
v 0.506678 -0.581509 0.330343
v 0.503379 -0.533235 0.302099
v 0.493890 -0.532929 0.329369
v 0.521701 -0.533297 0.248080
v 0.512635 -0.533343 0.274971
v 0.527893 -0.583221 0.274073
v 0.555947 -0.511598 0.316185
v 0.521304 -0.510306 0.288233
v 0.564171 -0.510839 0.287552
v 0.556479 -0.531552 0.140888
v 0.548136 -0.532365 0.167630
v 0.565237 -0.581758 0.161169
v 0.589207 -0.508529 0.203045
v 0.553751 -0.507166 0.180326
v 0.597467 -0.507530 0.175396
v 0.547309 -0.583207 0.217685
v 0.539516 -0.532877 0.194367
v 0.530730 -0.533195 0.221052
v 0.572727 -0.510148 0.259240
v 0.537490 -0.508742 0.233796
v 0.581099 -0.509404 0.231060
v 0.281569 -0.707292 0.407265
v 0.303769 -0.675902 0.388782
v 0.285175 -0.657554 0.406391
v 0.340456 -0.709183 0.349116
v 0.322298 -0.693283 0.369703
v 0.317932 -0.740642 0.366026
v 0.346343 -0.639074 0.394969
v 0.326962 -0.650791 0.373886
v 0.360558 -0.647219 0.371329
v 0.406166 -0.753251 0.251565
v 0.391163 -0.745588 0.277880
v 0.384778 -0.787601 0.267002
v 0.400201 -0.664725 0.295936
v 0.390432 -0.694169 0.283278
v 0.411915 -0.667727 0.269790
v 0.352675 -0.767847 0.319086
v 0.375131 -0.735628 0.303020
v 0.358252 -0.723526 0.326710
v 0.498249 -0.634315 0.392028
v 0.496608 -0.675308 0.385421
v 0.511223 -0.638786 0.363790
v 0.407681 -0.663625 0.380141
v 0.458339 -0.680587 0.389187
v 0.446249 -0.677829 0.418921
v 0.478819 -0.681035 0.328117
v 0.469166 -0.681576 0.358782
v 0.429880 -0.667329 0.323554
v 0.359958 -0.675722 0.330991
v 0.387785 -0.660206 0.321755
v 0.374532 -0.654341 0.346949
v 0.571730 -0.635981 0.182133
v 0.554268 -0.639459 0.242783
v 0.563253 -0.637946 0.212476
v 0.553856 -0.666679 0.196822
v 0.512478 -0.668499 0.202968
v 0.523232 -0.640230 0.333925
v 0.488760 -0.679399 0.296992
v 0.518993 -0.676914 0.323552
v 0.534319 -0.640704 0.303715
v 0.544578 -0.640366 0.273436
v 0.417606 -0.705157 0.230446
v 0.465978 -0.660657 0.205925
v 0.433533 -0.669509 0.213829
v 0.423212 -0.669330 0.242043
v 0.449206 -0.666071 0.265178
v 0.538045 -0.673233 0.260020
v 0.497372 -0.676551 0.265456
v 0.505229 -0.672838 0.234032
v 0.666841 -0.016229 0.438390
v 0.674388 -0.042734 0.433118
v 0.688263 -0.026459 0.415264
v 0.676228 -0.078740 0.490081
v 0.672013 -0.060059 0.458772
v 0.643365 -0.048854 0.476668
v 0.732099 -0.083601 0.420530
v 0.701783 -0.071658 0.440199
v 0.737250 -0.103567 0.451534
v 0.610929 -0.146461 0.558972
v 0.647662 -0.133724 0.559408
v 0.627576 -0.122223 0.585625
v 0.687064 -0.156457 0.506196
v 0.667756 -0.145196 0.533125
v 0.643602 -0.167095 0.503150
v 0.651040 -0.086133 0.541731
v 0.670889 -0.117384 0.546877
v 0.678801 -0.098542 0.522050
v 0.742284 -0.195779 0.383976
v 0.732884 -0.187190 0.416718
v 0.696682 -0.204565 0.386028
v 0.761971 -0.136480 0.455444
v 0.760408 -0.165173 0.443423
v 0.785692 -0.148539 0.428848
v 0.672968 -0.186693 0.445932
v 0.720344 -0.177687 0.448096
v 0.704941 -0.167416 0.477811
v 0.707239 -0.111034 0.501477
v 0.719277 -0.141969 0.498765
v 0.735397 -0.123766 0.479492
v 0.477572 -0.295156 0.712157
v 0.508514 -0.282524 0.710106
v 0.488187 -0.269714 0.738123
v 0.542056 -0.303958 0.647419
v 0.526365 -0.293882 0.679523
v 0.509663 -0.314989 0.648151
v 0.499527 -0.219665 0.664150
v 0.521378 -0.260095 0.683130
v 0.518749 -0.232001 0.638912
v 0.591607 -0.336079 0.515476
v 0.580645 -0.328959 0.548135
v 0.550065 -0.339959 0.509770
v 0.576285 -0.268077 0.563754
v 0.591469 -0.304938 0.568504
v 0.596483 -0.280306 0.539898
v 0.532475 -0.329088 0.578634
v 0.568887 -0.321321 0.581147
v 0.556181 -0.313075 0.614246
v 0.554560 -0.146987 0.580567
v 0.532335 -0.167621 0.548105
v 0.567086 -0.157104 0.550981
v 0.511622 -0.204280 0.592791
v 0.513489 -0.182574 0.560655
v 0.498848 -0.172395 0.587247
v 0.546124 -0.203843 0.512508
v 0.529057 -0.192974 0.535650
v 0.548088 -0.227227 0.545555
v 0.557773 -0.283442 0.626194
v 0.556606 -0.255792 0.588058
v 0.537538 -0.243821 0.613193
v 0.655349 -0.377356 0.260891
v 0.649105 -0.373368 0.291726
v 0.624624 -0.386039 0.270894
v 0.731325 -0.360016 0.351085
v 0.694416 -0.370307 0.322825
v 0.742093 -0.366743 0.318555
v 0.601732 -0.371891 0.326106
v 0.642774 -0.369280 0.322934
v 0.636059 -0.364926 0.354341
v 0.675205 -0.225500 0.364082
v 0.684494 -0.255110 0.359111
v 0.692642 -0.234811 0.338386
v 0.690943 -0.307608 0.415986
v 0.687762 -0.280663 0.386829
v 0.661749 -0.267375 0.408227
v 0.739205 -0.307183 0.339520
v 0.713845 -0.294046 0.364022
v 0.737301 -0.332930 0.365073
v 0.565980 -0.349795 0.444572
v 0.611791 -0.349170 0.449899
v 0.602236 -0.342975 0.481973
v 0.628687 -0.360128 0.386218
v 0.620625 -0.354899 0.417958
v 0.582641 -0.360092 0.383583
v 0.661649 -0.318777 0.465189
v 0.654371 -0.344462 0.450439
v 0.681860 -0.330599 0.439241
v 0.717517 -0.351464 0.382222
v 0.700775 -0.341526 0.411614
v 0.678386 -0.359698 0.388295
v 0.581781 -0.166611 0.523006
v 0.565297 -0.214626 0.489986
v 0.561573 -0.187039 0.495822
v 0.596789 -0.176189 0.495794
v 0.611998 -0.185813 0.469164
v 0.624297 -0.325615 0.510211
v 0.640141 -0.279831 0.460518
v 0.639914 -0.305868 0.490626
v 0.617957 -0.292932 0.515348
v 0.590833 -0.252286 0.502454
v 0.658814 -0.215301 0.390161
v 0.627491 -0.195587 0.442585
v 0.642994 -0.205360 0.416364
v 0.638467 -0.230882 0.403698
v 0.635200 -0.252888 0.428387
v 0.586664 -0.226585 0.468860
v 0.610076 -0.239374 0.448503
v 0.597134 -0.207701 0.448384
v 0.017714 -0.478496 0.727847
v 0.048115 -0.487654 0.759304
v 0.030207 -0.474079 0.785744
v 0.081151 -0.505083 0.696929
v 0.065164 -0.497765 0.729130
v 0.051008 -0.497694 0.671744
v 0.087149 -0.438377 0.763170
v 0.078668 -0.483263 0.770438
v 0.105606 -0.460421 0.751761
v 0.137575 -0.525060 0.573864
v 0.124223 -0.519661 0.601645
v 0.111846 -0.535902 0.574292
v 0.158473 -0.512719 0.695917
v 0.142609 -0.523629 0.655861
v 0.174555 -0.525611 0.672333
v 0.081921 -0.515239 0.619203
v 0.110564 -0.515106 0.631913
v 0.096378 -0.510590 0.663899
v 0.183145 -0.359196 0.694381
v 0.167291 -0.372418 0.654974
v 0.196614 -0.371023 0.669601
v 0.127367 -0.425034 0.711093
v 0.145869 -0.391600 0.671538
v 0.129201 -0.373018 0.683407
v 0.181802 -0.434248 0.655335
v 0.163399 -0.412063 0.662419
v 0.164387 -0.469166 0.692186
v 0.112688 -0.508947 0.717773
v 0.141625 -0.497555 0.717532
v 0.123923 -0.480101 0.736331
v 0.263190 -0.635030 0.425851
v 0.245173 -0.616227 0.441286
v 0.244803 -0.669949 0.443097
v 0.279420 -0.595155 0.498298
v 0.254443 -0.588331 0.455727
v 0.294038 -0.605041 0.475764
v 0.208830 -0.631392 0.474889
v 0.227702 -0.598050 0.456443
v 0.211006 -0.581093 0.471804
v 0.325237 -0.498847 0.572522
v 0.331652 -0.552623 0.585399
v 0.346868 -0.520131 0.561245
v 0.277076 -0.582679 0.595631
v 0.310109 -0.578144 0.601498
v 0.288777 -0.556213 0.614509
v 0.350931 -0.617041 0.567818
v 0.330960 -0.598580 0.585952
v 0.311062 -0.610296 0.552605
v 0.142356 -0.562275 0.537088
v 0.165513 -0.541213 0.525641
v 0.151773 -0.532287 0.547845
v 0.194927 -0.565650 0.488198
v 0.179869 -0.552348 0.505881
v 0.174561 -0.594623 0.505114
v 0.221776 -0.557596 0.594169
v 0.196798 -0.546262 0.539540
v 0.236034 -0.566700 0.569332
v 0.265031 -0.585520 0.521543
v 0.250558 -0.576027 0.545218
v 0.224300 -0.564099 0.494501
v 0.414232 -0.286386 0.719391
v 0.387941 -0.303112 0.674440
v 0.427291 -0.299842 0.691372
v 0.342922 -0.334415 0.696600
v 0.360017 -0.313854 0.675118
v 0.338503 -0.294026 0.684950
v 0.403775 -0.354065 0.653322
v 0.381854 -0.333929 0.664660
v 0.394356 -0.382918 0.687356
v 0.235652 -0.380474 0.705605
v 0.274523 -0.386437 0.736580
v 0.254782 -0.367167 0.751552
v 0.311787 -0.421637 0.700330
v 0.293621 -0.404688 0.719515
v 0.267721 -0.408756 0.662606
v 0.301936 -0.333720 0.726578
v 0.306718 -0.379710 0.744607
v 0.328164 -0.359847 0.726748
v 0.373951 -0.475274 0.605066
v 0.360119 -0.464007 0.630975
v 0.332763 -0.467622 0.584305
v 0.403796 -0.433050 0.704919
v 0.391089 -0.460579 0.683913
v 0.425503 -0.453260 0.688478
v 0.299829 -0.437539 0.622322
v 0.345185 -0.451385 0.655746
v 0.329169 -0.437340 0.678909
v 0.354453 -0.385473 0.723620
v 0.352123 -0.424386 0.722519
v 0.379934 -0.410139 0.716550
v 0.170105 -0.533973 0.593981
v 0.240722 -0.549561 0.634029
v 0.206648 -0.547803 0.620448
v 0.190924 -0.537257 0.646699
v 0.202447 -0.511163 0.666783
v 0.303916 -0.476211 0.582695
v 0.263977 -0.434427 0.603873
v 0.283394 -0.454577 0.592896
v 0.285246 -0.501828 0.601744
v 0.266957 -0.531673 0.625192
v 0.212086 -0.384335 0.648977
v 0.201994 -0.457082 0.648044
v 0.200741 -0.406999 0.628532
v 0.228314 -0.399206 0.631363
v 0.245462 -0.415807 0.616547
v 0.244848 -0.506649 0.633949
v 0.240600 -0.450800 0.613201
v 0.223066 -0.481555 0.641310
v 0.617178 -0.414364 0.289018
v 0.581505 -0.391532 0.338190
v 0.598702 -0.402503 0.313720
v 0.626018 -0.455982 0.316358
v 0.625690 -0.493866 0.341030
v 0.527499 -0.358102 0.442963
v 0.538777 -0.364886 0.415181
v 0.577592 -0.462666 0.426908
v 0.549513 -0.405676 0.414959
v 0.560403 -0.451619 0.453790
v 0.551436 -0.372657 0.388654
v 0.565588 -0.381492 0.363237
v 0.508718 -0.511310 0.349127
v 0.483700 -0.527572 0.359157
v 0.599556 -0.513103 0.352837
v 0.553631 -0.513260 0.351629
v 0.546276 -0.514664 0.424781
v 0.550516 -0.514391 0.387957
v 0.582682 -0.505060 0.420821
v 0.586558 -0.429790 0.366519
v 0.594592 -0.473924 0.399346
v 0.610778 -0.484437 0.370716
v 0.446117 -0.311166 0.664473
v 0.427031 -0.368852 0.634227
v 0.423889 -0.330389 0.630513
v 0.462141 -0.320631 0.634475
v 0.475638 -0.328443 0.602596
v 0.393782 -0.487098 0.580058
v 0.428238 -0.487265 0.632321
v 0.489475 -0.451646 0.611061
v 0.471252 -0.482036 0.638340
v 0.490149 -0.492504 0.608213
v 0.449630 -0.468932 0.665337
v 0.444680 -0.423401 0.659269
v 0.507133 -0.346275 0.504563
v 0.516751 -0.351791 0.473779
v 0.487292 -0.335088 0.569396
v 0.497514 -0.340842 0.536647
v 0.505732 -0.417409 0.536796
v 0.487033 -0.367323 0.521237
v 0.487772 -0.406416 0.562737
v 0.448753 -0.382691 0.612439
v 0.468943 -0.395149 0.588343
v 0.458007 -0.350491 0.577455
v 0.290071 -0.619427 0.415874
v 0.379984 -0.653368 0.439918
v 0.329297 -0.628429 0.422488
v 0.311775 -0.616950 0.449376
v 0.345859 -0.634549 0.500859
v 0.480010 -0.571616 0.388051
v 0.481373 -0.624674 0.423059
v 0.442432 -0.598596 0.479490
v 0.462737 -0.612782 0.452384
v 0.447413 -0.552528 0.445273
v 0.467845 -0.663795 0.448589
v 0.431722 -0.672225 0.453419
v 0.372227 -0.542377 0.545140
v 0.370977 -0.499618 0.544933
v 0.373991 -0.635502 0.543866
v 0.380642 -0.599310 0.555609
v 0.411138 -0.528732 0.498135
v 0.396848 -0.563132 0.526179
v 0.420243 -0.581882 0.504366
v 0.414501 -0.663346 0.486055
v 0.428527 -0.638040 0.508554
v 0.395186 -0.651094 0.516413
v 0.516422 -0.384895 0.466184
v 0.527135 -0.474182 0.552687
v 0.524198 -0.429086 0.509522
v 0.542409 -0.440476 0.481792
v 0.558425 -0.492008 0.487744
v 0.410234 -0.496873 0.550419
v 0.438513 -0.511113 0.487483
v 0.425113 -0.504804 0.519343
v 0.461228 -0.504491 0.567963
v 0.505852 -0.501468 0.574138
v 0.473105 -0.524090 0.390610
v 0.538807 -0.513896 0.462273
v 0.498271 -0.512622 0.419611
v 0.462248 -0.520405 0.422607
v 0.450888 -0.516228 0.454830
v 0.519215 -0.507671 0.537893
v 0.483028 -0.511783 0.494011
v 0.530100 -0.511692 0.500316
v 0.448243 -0.804667 0.030326
v 0.457489 -0.800922 0.000000
v 0.427780 -0.808744 0.090643
v 0.438315 -0.807288 0.060600
v 0.365183 -0.756413 0.000000
v 0.402208 -0.784923 0.029058
v 0.355110 -0.756466 0.027538
v 0.378946 -0.801927 0.208021
v 0.392042 -0.805586 0.179390
v 0.321754 -0.750645 0.108573
v 0.356816 -0.780568 0.142846
v 0.309950 -0.746881 0.134578
v 0.404557 -0.807927 0.150232
v 0.416390 -0.808957 0.120742
v 0.266997 -0.829553 0.000000
v 0.277861 -0.799371 0.027978
v 0.256624 -0.829892 0.028723
v 0.318826 -0.746006 0.026798
v 0.295687 -0.764055 0.027068
v 0.305527 -0.763649 0.000000
v 0.274175 -0.759764 0.080301
v 0.285193 -0.762742 0.053907
v 0.297409 -0.742054 0.079439
v 0.380416 -0.784624 0.086614
v 0.333112 -0.753448 0.081917
v 0.344265 -0.755408 0.054862
v 0.255772 -0.728110 0.413848
v 0.272134 -0.740809 0.391022
v 0.220217 -0.709715 0.311215
v 0.248994 -0.736424 0.355038
v 0.207935 -0.706246 0.336447
v 0.288337 -0.752713 0.367353
v 0.304242 -0.763675 0.342933
v 0.170073 -0.812697 0.226964
v 0.177595 -0.761719 0.241499
v 0.156746 -0.808168 0.253621
v 0.221777 -0.706600 0.228806
v 0.196980 -0.721180 0.231043
v 0.209982 -0.728759 0.207826
v 0.171166 -0.706233 0.276953
v 0.184005 -0.713577 0.254065
v 0.196833 -0.694430 0.275214
v 0.350060 -0.790207 0.264681
v 0.364321 -0.796565 0.237257
v 0.320046 -0.773737 0.317461
v 0.335254 -0.782562 0.291468
v 0.270575 -0.730385 0.212792
v 0.303726 -0.761572 0.252140
v 0.258003 -0.724732 0.237248
v 0.232531 -0.713956 0.286231
v 0.245158 -0.719055 0.261622
v 0.276549 -0.749254 0.303868
v 0.031022 -0.896275 0.000000
v 0.047614 -0.860286 0.028787
v 0.018549 -0.898002 0.030013
v 0.099240 -0.792075 0.026658
v 0.074017 -0.820151 0.027504
v 0.084777 -0.813838 0.000000
v 0.051389 -0.825870 0.083150
v 0.062850 -0.824230 0.055313
v 0.078006 -0.801546 0.080902
v 0.226420 -0.838794 0.028952
v 0.192134 -0.824239 0.028207
v 0.203411 -0.823400 0.000000
v 0.169925 -0.828078 0.084767
v 0.180964 -0.825775 0.056449
v 0.203011 -0.839520 0.086582
v 0.136478 -0.781042 0.000000
v 0.157525 -0.800499 0.027202
v 0.126524 -0.785690 0.026538
v 0.124990 -0.842978 0.202237
v 0.136446 -0.838847 0.172197
v 0.155909 -0.841623 0.202986
v 0.095147 -0.800567 0.108389
v 0.114982 -0.818223 0.139111
v 0.084214 -0.805300 0.136261
v 0.179645 -0.840698 0.144420
v 0.147688 -0.834784 0.142640
v 0.158750 -0.831121 0.113638
v 0.116187 -0.790580 0.053415
v 0.136453 -0.808024 0.082356
v 0.105726 -0.795594 0.080713
v 0.330889 -0.772557 0.198340
v 0.247543 -0.720428 0.181180
v 0.283677 -0.736221 0.187075
v 0.296861 -0.741822 0.160999
v 0.273426 -0.733143 0.131007
v 0.182849 -0.817727 0.199337
v 0.207945 -0.824939 0.143282
v 0.195486 -0.821746 0.171381
v 0.204016 -0.776607 0.191312
v 0.222956 -0.737104 0.183487
v 0.244767 -0.829990 0.057540
v 0.261819 -0.756233 0.106732
v 0.255182 -0.796629 0.083537
v 0.232669 -0.829097 0.086240
v 0.220456 -0.827376 0.114697
v 0.236117 -0.744493 0.158492
v 0.230006 -0.789203 0.138327
v 0.249130 -0.750962 0.132871
v -0.017110 -0.462174 0.703020
v 0.000000 -0.477746 0.684152
v -0.035460 -0.539337 0.686691
v -0.017009 -0.497941 0.672012
v -0.052042 -0.507780 0.685358
v 0.016864 -0.493677 0.666257
v 0.033536 -0.510081 0.649442
v -0.099232 -0.573684 0.580519
v -0.088182 -0.593179 0.635493
v -0.116656 -0.558949 0.598989
v -0.018886 -0.633749 0.678768
v -0.055341 -0.621604 0.665822
v -0.036621 -0.637907 0.645507
v -0.091825 -0.577533 0.694066
v -0.073877 -0.601466 0.682267
v -0.055491 -0.581913 0.698933
v 0.083635 -0.562596 0.602727
v 0.100413 -0.580507 0.587424
v 0.050282 -0.527292 0.633328
v 0.066912 -0.544754 0.617936
v 0.037086 -0.646007 0.653704
v 0.053144 -0.596919 0.639381
v 0.018607 -0.624367 0.668720
v -0.018128 -0.570301 0.685052
v 0.000000 -0.599007 0.679224
v 0.017442 -0.548717 0.659125
v -0.211388 -0.637585 0.394049
v -0.204524 -0.650433 0.429873
v -0.230759 -0.631515 0.417678
v -0.152884 -0.709587 0.468440
v -0.179347 -0.678153 0.447917
v -0.160560 -0.686636 0.424364
v -0.218861 -0.661721 0.497700
v -0.198885 -0.670248 0.472636
v -0.189009 -0.678891 0.509700
v -0.017868 -0.732810 0.483301
v -0.053681 -0.750483 0.495005
v -0.035850 -0.776167 0.479697
v -0.086672 -0.689310 0.515727
v -0.070699 -0.721219 0.506984
v -0.051708 -0.678196 0.507120
v -0.105232 -0.756311 0.467426
v -0.089519 -0.752360 0.496340
v -0.122919 -0.737187 0.486477
v -0.141532 -0.559021 0.533979
v -0.128681 -0.588895 0.529479
v -0.111706 -0.567882 0.541016
v -0.172037 -0.663731 0.530068
v -0.150272 -0.627892 0.532298
v -0.186265 -0.634493 0.538983
v -0.082554 -0.619798 0.523505
v -0.115532 -0.621560 0.525931
v -0.101662 -0.655372 0.521789
v -0.140247 -0.715383 0.503465
v -0.122193 -0.694514 0.520267
v -0.156718 -0.690896 0.518155
v 0.219402 -0.697748 0.461144
v 0.236060 -0.711999 0.440040
v 0.185789 -0.667326 0.501017
v 0.202616 -0.682822 0.481503
v 0.163927 -0.701038 0.433265
v 0.187318 -0.708291 0.467824
v 0.150962 -0.700665 0.462550
v 0.117938 -0.599564 0.571199
v 0.134851 -0.617132 0.554867
v 0.107731 -0.694496 0.552938
v 0.124590 -0.670290 0.567164
v 0.091690 -0.688393 0.581443
v 0.151816 -0.634342 0.537767
v 0.168736 -0.650997 0.519898
v 0.033453 -0.724267 0.447622
v 0.049002 -0.685076 0.451864
v 0.017223 -0.706371 0.465863
v 0.114318 -0.685607 0.452438
v 0.080627 -0.677631 0.447040
v 0.094559 -0.679604 0.420018
v 0.051371 -0.673773 0.503812
v 0.066247 -0.675802 0.475057
v 0.086533 -0.688210 0.514904
v 0.157029 -0.692267 0.519183
v 0.122824 -0.698098 0.522951
v 0.137208 -0.699878 0.492553
v -0.082594 -0.589273 0.561561
v -0.050052 -0.626050 0.529101
v -0.066261 -0.606814 0.544578
v -0.052061 -0.620058 0.591013
v -0.018289 -0.650327 0.619925
v 0.000000 -0.687620 0.483177
v 0.034813 -0.670579 0.533091
v 0.016904 -0.665056 0.497345
v -0.016964 -0.667413 0.499107
v -0.033572 -0.646685 0.514096
v 0.089513 -0.638633 0.608599
v 0.018794 -0.668271 0.637030
v 0.055801 -0.664601 0.633470
v 0.074102 -0.678616 0.609015
v 0.054757 -0.684898 0.578835
v -0.017140 -0.643132 0.543483
v 0.017752 -0.666100 0.562892
v 0.000000 -0.659575 0.592159
v -0.439462 -0.769363 0.000000
v -0.424265 -0.761623 0.028704
v -0.451810 -0.748835 0.028788
v -0.360491 -0.767928 0.027955
v -0.393524 -0.767975 0.028430
v -0.376386 -0.779618 0.000000
v -0.420202 -0.731528 0.083536
v -0.408095 -0.751631 0.056422
v -0.392020 -0.741137 0.083065
v -0.229432 -0.741958 0.025680
v -0.259304 -0.745983 0.026109
v -0.240179 -0.746230 0.000000
v -0.297458 -0.742178 0.079452
v -0.278438 -0.744676 0.052631
v -0.267155 -0.740311 0.078245
v -0.306472 -0.766012 0.000000
v -0.291845 -0.754128 0.026716
v -0.325876 -0.762502 0.027391
v -0.376723 -0.728263 0.192081
v -0.355738 -0.730986 0.162778
v -0.350055 -0.740787 0.192161
v -0.377012 -0.732455 0.109323
v -0.364730 -0.728390 0.135442
v -0.392274 -0.718685 0.135871
v -0.306812 -0.739320 0.133216
v -0.335842 -0.734687 0.134450
v -0.316614 -0.738654 0.106839
v -0.344309 -0.755504 0.054869
v -0.329293 -0.744812 0.080978
v -0.361295 -0.745186 0.082260
v -0.019065 -0.922960 0.030847
v -0.050943 -0.920444 0.030800
v -0.032067 -0.926459 0.000000
v -0.087586 -0.899983 0.090838
v -0.069494 -0.911358 0.061160
v -0.056691 -0.911073 0.091728
v -0.091219 -0.875681 0.000000
v -0.081055 -0.898140 0.030119
v -0.108122 -0.862970 0.029044
v -0.155839 -0.841247 0.202895
v -0.139455 -0.857349 0.175995
v -0.125922 -0.849270 0.203747
v -0.158438 -0.829486 0.113414
v -0.150262 -0.849335 0.145126
v -0.175519 -0.821387 0.141102
v -0.092583 -0.885327 0.149802
v -0.122618 -0.872561 0.148349
v -0.105398 -0.886812 0.120065
v -0.185197 -0.749671 0.000000
v -0.177445 -0.761226 0.026050
v -0.201433 -0.746228 0.025757
v -0.132561 -0.823180 0.027804
v -0.154997 -0.787650 0.026766
v -0.139372 -0.797602 0.000000
v -0.187375 -0.774860 0.079913
v -0.170931 -0.779992 0.053319
v -0.164997 -0.804063 0.082309
v -0.116101 -0.873668 0.088634
v -0.141702 -0.839105 0.085524
v -0.124981 -0.850416 0.057458
v -0.259911 -0.652888 0.375939
v -0.249264 -0.678553 0.358161
v -0.227657 -0.648075 0.368357
v -0.300303 -0.753788 0.338493
v -0.275135 -0.718248 0.350533
v -0.312851 -0.728804 0.360175
v -0.205021 -0.696347 0.331731
v -0.238823 -0.706342 0.340535
v -0.227723 -0.733904 0.321822
v -0.346069 -0.756658 0.225371
v -0.342007 -0.772029 0.258592
v -0.370979 -0.759356 0.257427
v -0.281252 -0.790041 0.258628
v -0.311887 -0.782036 0.258915
v -0.289005 -0.780136 0.227287
v -0.355353 -0.773676 0.321508
v -0.334428 -0.780636 0.290750
v -0.320874 -0.775738 0.318282
v -0.156058 -0.804619 0.252507
v -0.187559 -0.804453 0.255048
v -0.172302 -0.823347 0.229938
v -0.215416 -0.759992 0.301197
v -0.202018 -0.783430 0.278936
v -0.182331 -0.752299 0.295018
v -0.231460 -0.803298 0.229083
v -0.218931 -0.801549 0.256791
v -0.250024 -0.796597 0.257948
v -0.285400 -0.773236 0.313594
v -0.268356 -0.787096 0.286379
v -0.249956 -0.767460 0.307681
v -0.219367 -0.743861 0.051569
v -0.205555 -0.771452 0.106944
v -0.211553 -0.753850 0.078413
v -0.237993 -0.742967 0.077910
v -0.257383 -0.743418 0.104923
v -0.184788 -0.826397 0.201450
v -0.239441 -0.791605 0.197054
v -0.212478 -0.808819 0.199248
v -0.193759 -0.814487 0.169867
v -0.200102 -0.793824 0.137877
v -0.322180 -0.752223 0.193119
v -0.277917 -0.745183 0.133158
v -0.299406 -0.748183 0.162380
v -0.294210 -0.763557 0.194021
v -0.266740 -0.776297 0.195230
v -0.224708 -0.771024 0.135141
v -0.245125 -0.772898 0.164538
v -0.250467 -0.754991 0.133584
v 0.218599 -0.722638 0.411125
v 0.141751 -0.682935 0.389095
v 0.178609 -0.701606 0.399472
v 0.193217 -0.703205 0.367184
v 0.170233 -0.685577 0.327468
v 0.018611 -0.782046 0.446109
v 0.051488 -0.744980 0.424911
v 0.087660 -0.777491 0.373270
v 0.069647 -0.762876 0.400052
v 0.056305 -0.818793 0.393432
v 0.081066 -0.706464 0.402844
v 0.109693 -0.682931 0.389276
v 0.140074 -0.803726 0.284425
v 0.127247 -0.841376 0.265506
v 0.155640 -0.699316 0.303864
v 0.147867 -0.746578 0.293805
v 0.092848 -0.836541 0.331314
v 0.123014 -0.797525 0.314888
v 0.105615 -0.789011 0.344518
v 0.125033 -0.687281 0.359842
v 0.114652 -0.728587 0.349154
v 0.140337 -0.692780 0.331432
v -0.195981 -0.647867 0.368586
v -0.170578 -0.686969 0.328132
v -0.182639 -0.664707 0.347082
v -0.168656 -0.662510 0.377212
v -0.143630 -0.691989 0.394253
v -0.120560 -0.797159 0.251553
v -0.134154 -0.769762 0.272406
v -0.097497 -0.728363 0.318036
v -0.113796 -0.737758 0.291290
v -0.082842 -0.746381 0.295606
v -0.146830 -0.741343 0.291745
v -0.158759 -0.713329 0.309953
v -0.055140 -0.797827 0.455054
v -0.019108 -0.802907 0.458009
v -0.117531 -0.731732 0.417092
v -0.088454 -0.770843 0.439554
v -0.054280 -0.789342 0.379281
v -0.071341 -0.781430 0.409781
v -0.084370 -0.748316 0.359263
v -0.140093 -0.691574 0.330855
v -0.112165 -0.712788 0.341583
v -0.127453 -0.700579 0.366805
v 0.000000 -0.901509 0.060354
v 0.034499 -0.830036 0.111831
v 0.017973 -0.866184 0.087258
v -0.018670 -0.899782 0.090643
v -0.037119 -0.893082 0.120325
v 0.107972 -0.846083 0.233851
v 0.087424 -0.827461 0.198665
v 0.017112 -0.805871 0.193625
v 0.051301 -0.810571 0.194706
v 0.034341 -0.810908 0.224129
v 0.067951 -0.808556 0.165318
v 0.050723 -0.807733 0.136956
v -0.089440 -0.846541 0.203246
v -0.105139 -0.823887 0.227717
v -0.055360 -0.881570 0.149476
v -0.072776 -0.865967 0.177056
v -0.033995 -0.802729 0.221869
v -0.052715 -0.832902 0.200070
v -0.017324 -0.815856 0.196024
v 0.017374 -0.829686 0.140629
v 0.000000 -0.824933 0.168861
v -0.018001 -0.859600 0.145699
v 0.000000 -0.822934 0.431775
v -0.035877 -0.797126 0.348897
v -0.018907 -0.824447 0.396088
v 0.019196 -0.837028 0.402132
v 0.038066 -0.845755 0.370182
v -0.085064 -0.789341 0.248929
v -0.017163 -0.791798 0.249549
v -0.050713 -0.785568 0.247637
v -0.067003 -0.766281 0.272126
v -0.051308 -0.769704 0.304523
v 0.091516 -0.849212 0.267810
v 0.056665 -0.850068 0.336318
v 0.074399 -0.850860 0.302163
v 0.053829 -0.833831 0.262851
v 0.017560 -0.810123 0.255324
v -0.017852 -0.802970 0.317740
v 0.000000 -0.807356 0.286496
v 0.018563 -0.834937 0.330390
v 0.440140 -0.790120 -0.029778
v 0.478526 -0.793114 -0.030490
v 0.350050 -0.745687 -0.027146
v 0.391902 -0.764810 -0.028313
v 0.446912 -0.778028 -0.088846
v 0.419648 -0.772909 -0.058019
v 0.399037 -0.754404 -0.084552
v 0.258861 -0.837127 -0.028974
v 0.284710 -0.819073 -0.028667
v 0.314585 -0.784910 -0.084027
v 0.300601 -0.803950 -0.056820
v 0.295676 -0.819343 -0.086598
v 0.303292 -0.783706 -0.027764
v 0.321687 -0.752699 -0.027039
v 0.370580 -0.716389 -0.188950
v 0.353582 -0.726557 -0.161792
v 0.344820 -0.729710 -0.189287
v 0.380272 -0.738787 -0.110269
v 0.365182 -0.729293 -0.135610
v 0.405274 -0.742503 -0.140374
v 0.323077 -0.778512 -0.140278
v 0.339712 -0.743151 -0.135999
v 0.327303 -0.763592 -0.110446
v 0.339027 -0.743914 -0.054028
v 0.331956 -0.750835 -0.081633
v 0.358331 -0.739073 -0.081585
v 0.018933 -0.916565 -0.030634
v 0.048893 -0.883395 -0.029560
v 0.082091 -0.843523 -0.085139
v 0.066000 -0.865539 -0.058085
v 0.055289 -0.888548 -0.089460
v 0.075705 -0.838853 -0.028131
v 0.100024 -0.798337 -0.026869
v 0.138382 -0.747011 -0.180167
v 0.124860 -0.767619 -0.157576
v 0.115699 -0.780317 -0.187204
v 0.144889 -0.758554 -0.103716
v 0.134370 -0.759508 -0.129778
v 0.161032 -0.753590 -0.129456
v 0.087827 -0.839852 -0.142107
v 0.111343 -0.792331 -0.134709
v 0.097260 -0.818344 -0.110795
v 0.187157 -0.802888 -0.027476
v 0.223608 -0.828376 -0.028592
v 0.125003 -0.776248 -0.026219
v 0.153460 -0.779844 -0.026500
v 0.190445 -0.787556 -0.081223
v 0.171379 -0.782038 -0.053459
v 0.157246 -0.766289 -0.078442
v 0.106035 -0.797920 -0.080949
v 0.129811 -0.768692 -0.078347
v 0.115007 -0.782546 -0.052872
v 0.285445 -0.717030 -0.412872
v 0.272087 -0.740682 -0.390955
v 0.255669 -0.727816 -0.413681
v 0.300962 -0.755443 -0.339237
v 0.287365 -0.750175 -0.366114
v 0.310542 -0.723425 -0.357517
v 0.213843 -0.726312 -0.346006
v 0.253486 -0.749708 -0.361442
v 0.231748 -0.746876 -0.327511
v 0.337216 -0.737300 -0.219605
v 0.330265 -0.745523 -0.249714
v 0.347396 -0.711082 -0.241062
v 0.283429 -0.796155 -0.260629
v 0.311876 -0.782008 -0.258906
v 0.297209 -0.802281 -0.233738
v 0.329927 -0.718318 -0.298504
v 0.322341 -0.752420 -0.280241
v 0.312741 -0.756076 -0.310215
v 0.141747 -0.730836 -0.229352
v 0.169542 -0.727179 -0.230548
v 0.153320 -0.732642 -0.204607
v 0.209195 -0.738045 -0.292499
v 0.188198 -0.729835 -0.259854
v 0.172932 -0.713520 -0.279811
v 0.222360 -0.771718 -0.220077
v 0.204783 -0.749752 -0.240197
v 0.245012 -0.780630 -0.252778
v 0.286445 -0.776066 -0.314742
v 0.267210 -0.783735 -0.285155
v 0.249680 -0.766610 -0.307340
v 0.245584 -0.832761 -0.057732
v 0.212290 -0.796727 -0.110448
v 0.229490 -0.817768 -0.085062
v 0.266859 -0.833081 -0.087359
v 0.286389 -0.827200 -0.116748
v 0.165620 -0.740674 -0.180554
v 0.240003 -0.793462 -0.197516
v 0.200109 -0.761734 -0.187648
v 0.179566 -0.754823 -0.157424
v 0.195157 -0.774209 -0.134471
v 0.328051 -0.765930 -0.196638
v 0.303437 -0.813612 -0.145386
v 0.317185 -0.792610 -0.172022
v 0.308708 -0.801184 -0.203582
v 0.279020 -0.812037 -0.204218
v 0.234891 -0.805966 -0.141265
v 0.257621 -0.812299 -0.172926
v 0.273516 -0.824468 -0.145877
v -0.463393 -0.768033 -0.029526
v -0.435338 -0.781500 -0.029453
v -0.421382 -0.796648 -0.089287
v -0.429265 -0.790620 -0.059349
v -0.451744 -0.786440 -0.089806
v -0.403913 -0.788249 -0.029181
v -0.369905 -0.787983 -0.028686
v -0.373994 -0.791447 -0.205302
v -0.387880 -0.797034 -0.177486
v -0.408535 -0.789761 -0.208302
v -0.340824 -0.795134 -0.115008
v -0.365211 -0.798934 -0.146207
v -0.328485 -0.791544 -0.142626
v -0.433103 -0.793489 -0.150013
v -0.400485 -0.799795 -0.148720
v -0.411628 -0.799705 -0.119361
v -0.263477 -0.757989 -0.026529
v -0.231286 -0.747953 -0.025887
v -0.333941 -0.781372 -0.028069
v -0.298144 -0.770404 -0.027293
v -0.278738 -0.772408 -0.081638
v -0.288875 -0.772589 -0.054603
v -0.314963 -0.785853 -0.084128
v -0.387758 -0.799768 -0.088285
v -0.351825 -0.795776 -0.086519
v -0.361581 -0.793403 -0.057622
v -0.230094 -0.655012 -0.372300
v -0.248363 -0.676100 -0.356867
v -0.263735 -0.662494 -0.381470
v -0.216431 -0.697515 -0.305865
v -0.232514 -0.687683 -0.331539
v -0.200496 -0.680977 -0.324409
v -0.304269 -0.708811 -0.350295
v -0.267452 -0.698192 -0.340745
v -0.286681 -0.719596 -0.323139
v -0.153318 -0.732631 -0.204604
v -0.168478 -0.722613 -0.229101
v -0.141680 -0.730486 -0.229242
v -0.230738 -0.735152 -0.238052
v -0.198095 -0.725265 -0.232352
v -0.212192 -0.736428 -0.210013
v -0.170686 -0.704251 -0.276176
v -0.184165 -0.714196 -0.254286
v -0.200162 -0.706177 -0.279869
v -0.378563 -0.774879 -0.262690
v -0.341574 -0.771051 -0.258264
v -0.357905 -0.782536 -0.233079
v -0.305865 -0.739452 -0.303394
v -0.324144 -0.756629 -0.281809
v -0.343483 -0.747834 -0.310769
v -0.282545 -0.762699 -0.222207
v -0.303711 -0.761536 -0.252128
v -0.266497 -0.748592 -0.245059
v -0.232912 -0.715128 -0.286700
v -0.249736 -0.732484 -0.266508
v -0.268507 -0.727466 -0.295031
v -0.050530 -0.912975 -0.030550
v -0.019173 -0.928210 -0.031023
v -0.105310 -0.840524 -0.028289
v -0.079480 -0.880683 -0.029534
v -0.055405 -0.890399 -0.089646
v -0.067536 -0.885682 -0.059437
v -0.082908 -0.851917 -0.085987
v -0.200936 -0.744385 -0.025693
v -0.175121 -0.751255 -0.025709
v -0.155042 -0.755549 -0.077343
v -0.165076 -0.753275 -0.051493
v -0.180385 -0.745954 -0.076932
v -0.151592 -0.770349 -0.026178
v -0.129014 -0.801155 -0.027060
v -0.113923 -0.768339 -0.184331
v -0.124311 -0.764244 -0.156883
v -0.138250 -0.746297 -0.179995
v -0.097192 -0.817770 -0.110718
v -0.110745 -0.788071 -0.133985
v -0.086239 -0.824670 -0.139538
v -0.159434 -0.746113 -0.128171
v -0.134619 -0.760915 -0.130018
v -0.144803 -0.758103 -0.103654
v -0.118456 -0.806016 -0.054458
v -0.131358 -0.777853 -0.079281
v -0.107855 -0.811620 -0.082339
v -0.336659 -0.786027 -0.201798
v -0.261469 -0.760957 -0.191372
v -0.298630 -0.775027 -0.196935
v -0.314029 -0.784723 -0.170310
v -0.290477 -0.778862 -0.139177
v -0.164612 -0.736165 -0.179455
v -0.187368 -0.743307 -0.129103
v -0.176016 -0.739900 -0.154312
v -0.193735 -0.737472 -0.181672
v -0.225950 -0.747004 -0.185951
v -0.220712 -0.748421 -0.051885
v -0.266337 -0.769281 -0.108574
v -0.242844 -0.758112 -0.079498
v -0.209849 -0.747780 -0.077782
v -0.198785 -0.746043 -0.103422
v -0.239877 -0.756349 -0.161015
v -0.218747 -0.750573 -0.131556
v -0.253421 -0.763897 -0.135160
v 0.018538 -0.500749 -0.761696
v 0.000000 -0.502172 -0.719131
v -0.017895 -0.483397 -0.735301
v 0.035227 -0.535797 -0.682183
v 0.017752 -0.519671 -0.701339
v 0.054778 -0.534475 -0.721388
v -0.050020 -0.488050 -0.658728
v -0.017135 -0.501634 -0.676996
v -0.033514 -0.509751 -0.649022
v 0.102056 -0.590009 -0.597038
v 0.085854 -0.577520 -0.618717
v 0.122961 -0.589159 -0.631363
v 0.016856 -0.565638 -0.605819
v 0.050467 -0.566853 -0.607176
v 0.033303 -0.580119 -0.587031
v 0.089541 -0.563165 -0.676799
v 0.069343 -0.564552 -0.640394
v 0.052524 -0.550798 -0.661561
v -0.124686 -0.597422 -0.640218
v -0.088658 -0.596384 -0.638926
v -0.107838 -0.623436 -0.630864
v -0.050670 -0.531357 -0.638211
v -0.069130 -0.562812 -0.638420
v -0.085358 -0.536860 -0.645186
v -0.034963 -0.609040 -0.616297
v -0.052269 -0.587091 -0.628854
v -0.017117 -0.574390 -0.615192
v 0.017079 -0.537273 -0.645378
v 0.000000 -0.549017 -0.622540
v -0.016856 -0.530265 -0.636960
v 0.235228 -0.709489 -0.438488
v 0.217858 -0.692840 -0.457900
v 0.255147 -0.698258 -0.461821
v 0.140359 -0.651455 -0.430064
v 0.177124 -0.669747 -0.442366
v 0.155249 -0.663924 -0.410328
v 0.222157 -0.671684 -0.505194
v 0.200576 -0.675947 -0.476655
v 0.183624 -0.659549 -0.495178
v 0.018552 -0.760871 -0.501808
v 0.051966 -0.726509 -0.479193
v 0.035456 -0.767630 -0.474421
v 0.081278 -0.646413 -0.483632
v 0.066968 -0.683163 -0.480232
v 0.051743 -0.678655 -0.507463
v 0.095435 -0.685901 -0.423910
v 0.081545 -0.685345 -0.452129
v 0.109382 -0.656000 -0.432900
v 0.155739 -0.615134 -0.587579
v 0.134561 -0.615803 -0.553671
v 0.118611 -0.602988 -0.574461
v 0.166888 -0.643864 -0.514202
v 0.150625 -0.629368 -0.533550
v 0.188710 -0.642822 -0.546058
v 0.081821 -0.614301 -0.518861
v 0.114252 -0.614673 -0.520104
v 0.096625 -0.622899 -0.495935
v 0.125634 -0.640842 -0.451004
v 0.111117 -0.631560 -0.473107
v 0.145039 -0.639408 -0.479540
v -0.226895 -0.620941 -0.410684
v -0.195534 -0.621845 -0.410979
v -0.210153 -0.633859 -0.391746
v -0.172236 -0.618643 -0.464466
v -0.182986 -0.616669 -0.434854
v -0.198589 -0.600429 -0.451601
v -0.152901 -0.653883 -0.404122
v -0.167788 -0.634443 -0.419048
v -0.142161 -0.659819 -0.435586
v -0.125765 -0.639356 -0.609109
v -0.140267 -0.641920 -0.577154
v -0.156662 -0.618784 -0.591065
v -0.107113 -0.690514 -0.549769
v -0.123780 -0.665935 -0.563479
v -0.091829 -0.689438 -0.582326
v -0.178162 -0.606890 -0.515535
v -0.152153 -0.635750 -0.538960
v -0.162325 -0.626262 -0.500145
v -0.036254 -0.784916 -0.485105
v -0.054605 -0.763410 -0.503532
v -0.018891 -0.774750 -0.510961
v -0.115962 -0.695466 -0.458944
v -0.087266 -0.733422 -0.483846
v -0.100355 -0.721264 -0.445766
v -0.056134 -0.736239 -0.550522
v -0.072538 -0.739979 -0.520171
v -0.089970 -0.715540 -0.535352
v -0.146875 -0.647500 -0.485609
v -0.120095 -0.682592 -0.511336
v -0.131479 -0.670656 -0.471987
v 0.082946 -0.591782 -0.563951
v 0.050554 -0.632329 -0.534408
v 0.066015 -0.604559 -0.542554
v 0.049814 -0.593300 -0.565508
v 0.017115 -0.608568 -0.580117
v 0.000000 -0.750805 -0.527576
v -0.037318 -0.718831 -0.571450
v -0.018722 -0.736584 -0.550835
v 0.018158 -0.714417 -0.534258
v 0.034889 -0.672057 -0.534265
v -0.091067 -0.649721 -0.619166
v -0.017714 -0.629892 -0.600445
v -0.054245 -0.646071 -0.615808
v -0.073676 -0.674716 -0.605515
v -0.055791 -0.697833 -0.589768
v 0.017631 -0.661534 -0.559033
v -0.018318 -0.687326 -0.580829
v 0.000000 -0.647420 -0.581246
v 0.000000 -0.927394 -0.062087
v -0.037409 -0.900043 -0.121263
v -0.019103 -0.920691 -0.092749
v 0.019117 -0.921335 -0.092814
v 0.037796 -0.909361 -0.122518
v -0.099346 -0.778490 -0.215169
v -0.085253 -0.806917 -0.193732
v -0.018874 -0.888884 -0.213571
v -0.053909 -0.851779 -0.204605
v -0.036565 -0.863413 -0.238642
v -0.070458 -0.838384 -0.171417
v -0.054671 -0.870591 -0.147614
v 0.088338 -0.836111 -0.200741
v 0.102422 -0.802591 -0.221831
v 0.055940 -0.890805 -0.151041
v 0.072794 -0.866184 -0.177101
v 0.037702 -0.890280 -0.246067
v 0.055936 -0.883797 -0.212296
v 0.019171 -0.902870 -0.216931
v -0.018976 -0.906200 -0.153598
v 0.000000 -0.907711 -0.185805
v 0.019172 -0.915542 -0.155181
v -0.196474 -0.649498 -0.369514
v -0.140006 -0.674528 -0.384305
v -0.166777 -0.655128 -0.373009
v -0.182679 -0.664854 -0.347159
v -0.168881 -0.680132 -0.324867
v -0.019170 -0.805551 -0.459517
v -0.054168 -0.783764 -0.447032
v -0.085576 -0.759007 -0.364396
v -0.070586 -0.773164 -0.405447
v -0.054972 -0.799409 -0.384118
v -0.085706 -0.746896 -0.425899
v -0.113601 -0.707268 -0.403148
v -0.127458 -0.731339 -0.258808
v -0.113811 -0.752534 -0.237471
v -0.154906 -0.696019 -0.302432
v -0.141167 -0.712751 -0.280493
v -0.085752 -0.772602 -0.305991
v -0.113570 -0.736292 -0.290711
v -0.099822 -0.745732 -0.325620
v -0.126767 -0.696809 -0.364831
v -0.113387 -0.720548 -0.345302
v -0.140384 -0.693013 -0.331544
v 0.214609 -0.709446 -0.403620
v 0.173138 -0.697276 -0.333056
v 0.193066 -0.702656 -0.366898
v 0.173518 -0.681609 -0.388086
v 0.138979 -0.669582 -0.381487
v 0.115964 -0.766774 -0.241964
v 0.128296 -0.736149 -0.260510
v 0.101311 -0.756856 -0.330478
v 0.115062 -0.745969 -0.294532
v 0.088478 -0.797161 -0.315717
v 0.141175 -0.712789 -0.280508
v 0.155721 -0.699682 -0.304023
v 0.053369 -0.772202 -0.440438
v 0.019085 -0.801961 -0.457469
v 0.110333 -0.686917 -0.391548
v 0.083458 -0.727305 -0.414728
v 0.055802 -0.811483 -0.389920
v 0.070439 -0.771549 -0.404600
v 0.086376 -0.766106 -0.367804
v 0.140108 -0.691652 -0.330892
v 0.113086 -0.718641 -0.344388
v 0.125168 -0.688020 -0.360229
v -0.085097 -0.789650 -0.249026
v -0.054380 -0.815797 -0.322759
v -0.070180 -0.802608 -0.285027
v -0.053806 -0.833484 -0.262741
v -0.018867 -0.870458 -0.274340
v 0.000000 -0.823457 -0.432049
v 0.037973 -0.843683 -0.369275
v 0.019185 -0.836584 -0.401919
v -0.019047 -0.830548 -0.399019
v -0.037202 -0.826551 -0.361776
v 0.088578 -0.821946 -0.259211
v 0.019192 -0.885420 -0.279055
v 0.056036 -0.868030 -0.273631
v 0.073130 -0.836343 -0.297007
v 0.056244 -0.843760 -0.333822
v -0.018925 -0.851214 -0.336831
v 0.019199 -0.863528 -0.341704
v 0.000000 -0.871664 -0.309316
v 0.494761 -0.770370 -0.048817
v 0.493037 -0.749965 -0.018252
v 0.477550 -0.779729 -0.109535
v 0.489569 -0.780491 -0.079694
v 0.489302 -0.660417 -0.050148
v 0.499555 -0.731751 -0.065398
v 0.496477 -0.685054 -0.079768
v 0.398106 -0.718479 -0.210966
v 0.418276 -0.735625 -0.187890
v 0.504655 -0.744545 -0.176821
v 0.472118 -0.758962 -0.187213
v 0.496393 -0.749121 -0.207820
v 0.439570 -0.753799 -0.163737
v 0.460058 -0.769690 -0.137863
v 0.562327 -0.602609 -0.117361
v 0.511516 -0.592215 -0.122276
v 0.539631 -0.589790 -0.141393
v 0.492546 -0.640438 -0.092972
v 0.495778 -0.608202 -0.106416
v 0.503522 -0.605121 -0.080058
v 0.497883 -0.636866 -0.165346
v 0.494530 -0.619414 -0.134684
v 0.504434 -0.684672 -0.155912
v 0.498398 -0.764394 -0.128646
v 0.506797 -0.730860 -0.144255
v 0.503356 -0.709888 -0.111450
v 0.295721 -0.681871 -0.421420
v 0.307723 -0.684700 -0.393842
v 0.360650 -0.647384 -0.371423
v 0.328017 -0.652891 -0.375092
v 0.343524 -0.633871 -0.391754
v 0.318831 -0.685825 -0.365726
v 0.329356 -0.686061 -0.337734
v 0.495932 -0.619679 -0.352909
v 0.494650 -0.672645 -0.383901
v 0.494360 -0.629365 -0.388969
v 0.453874 -0.704576 -0.341613
v 0.480653 -0.698264 -0.367567
v 0.494128 -0.702809 -0.338607
v 0.443579 -0.673772 -0.416414
v 0.463468 -0.688203 -0.393543
v 0.410968 -0.668975 -0.383206
v 0.364354 -0.694487 -0.258835
v 0.379632 -0.704044 -0.235131
v 0.340005 -0.686674 -0.310069
v 0.351356 -0.689005 -0.283815
v 0.442097 -0.716654 -0.289559
v 0.389112 -0.691821 -0.282320
v 0.420582 -0.698576 -0.311006
v 0.379437 -0.662911 -0.351493
v 0.399555 -0.680245 -0.331521
v 0.355407 -0.667180 -0.326807
v 0.641200 -0.424083 -0.234298
v 0.600707 -0.430173 -0.238998
v 0.616970 -0.413739 -0.255705
v 0.613968 -0.498496 -0.222943
v 0.602045 -0.459492 -0.229223
v 0.603077 -0.453592 -0.199465
v 0.607928 -0.478034 -0.295441
v 0.604550 -0.468290 -0.261457
v 0.618865 -0.518150 -0.290552
v 0.575365 -0.592182 -0.164056
v 0.605867 -0.588435 -0.185285
v 0.619041 -0.591311 -0.156728
v 0.564805 -0.567427 -0.235244
v 0.586937 -0.579714 -0.211451
v 0.531836 -0.566719 -0.211530
v 0.620608 -0.527188 -0.182189
v 0.623480 -0.571029 -0.203033
v 0.624743 -0.539200 -0.215291
v 0.491927 -0.530812 -0.328060
v 0.504492 -0.534414 -0.302767
v 0.488044 -0.560123 -0.318193
v 0.602074 -0.545160 -0.306871
v 0.552331 -0.540679 -0.305388
v 0.583397 -0.536859 -0.331797
v 0.500610 -0.553078 -0.259908
v 0.521452 -0.542516 -0.279700
v 0.542052 -0.554101 -0.257757
v 0.623573 -0.546637 -0.247949
v 0.596190 -0.564302 -0.259329
v 0.615997 -0.548690 -0.278826
v 0.430618 -0.727129 -0.237626
v 0.489802 -0.726266 -0.289143
v 0.463567 -0.733153 -0.265123
v 0.482264 -0.744764 -0.237864
v 0.507944 -0.720156 -0.224471
v 0.495006 -0.605692 -0.315911
v 0.493769 -0.580621 -0.247925
v 0.493572 -0.591845 -0.280554
v 0.503555 -0.656778 -0.313928
v 0.503615 -0.700047 -0.306018
v 0.520795 -0.579322 -0.165907
v 0.502874 -0.655970 -0.199164
v 0.495891 -0.596907 -0.176223
v 0.506497 -0.573663 -0.191066
v 0.497633 -0.574119 -0.217976
v 0.507673 -0.690563 -0.270954
v 0.498948 -0.624312 -0.241126
v 0.506942 -0.675118 -0.234826
v 0.030506 -0.478776 -0.793529
v 0.049133 -0.497963 -0.775356
v 0.101928 -0.444386 -0.725579
v 0.077781 -0.477817 -0.761756
v 0.084885 -0.426991 -0.743349
v 0.067470 -0.515386 -0.754940
v 0.085349 -0.531211 -0.732980
v 0.204862 -0.386588 -0.697693
v 0.170397 -0.379333 -0.667136
v 0.188295 -0.369297 -0.713907
v 0.153543 -0.438216 -0.646525
v 0.158576 -0.399900 -0.642867
v 0.173692 -0.414876 -0.626100
v 0.128367 -0.370611 -0.678997
v 0.143484 -0.385198 -0.660560
v 0.122538 -0.408917 -0.684130
v 0.136856 -0.572508 -0.662829
v 0.153333 -0.585203 -0.639598
v 0.103040 -0.545881 -0.709787
v 0.120090 -0.559486 -0.686356
v 0.166827 -0.502341 -0.642568
v 0.146506 -0.537937 -0.673783
v 0.151189 -0.489155 -0.663933
v 0.118788 -0.460204 -0.705816
v 0.135218 -0.475047 -0.685073
v 0.112988 -0.510300 -0.719681
v 0.456134 -0.320081 -0.738040
v 0.412551 -0.322341 -0.717225
v 0.435603 -0.301161 -0.756505
v 0.370515 -0.359768 -0.645800
v 0.386315 -0.337830 -0.672425
v 0.405904 -0.355931 -0.656766
v 0.344197 -0.298972 -0.696473
v 0.365650 -0.318764 -0.685681
v 0.331122 -0.322907 -0.672629
v 0.371727 -0.522376 -0.652722
v 0.380651 -0.490462 -0.666950
v 0.399130 -0.507275 -0.645806
v 0.340185 -0.451977 -0.701631
v 0.360855 -0.471877 -0.685515
v 0.329121 -0.480284 -0.683119
v 0.386679 -0.411904 -0.625660
v 0.377070 -0.444069 -0.659396
v 0.369667 -0.396448 -0.645339
v 0.254721 -0.367079 -0.751373
v 0.275813 -0.388253 -0.740041
v 0.244085 -0.394089 -0.730854
v 0.311267 -0.341318 -0.689327
v 0.296850 -0.367493 -0.720649
v 0.290572 -0.321160 -0.699232
v 0.285893 -0.436501 -0.707582
v 0.297246 -0.409684 -0.728397
v 0.318700 -0.430986 -0.715857
v 0.351253 -0.379178 -0.662457
v 0.338588 -0.408073 -0.694747
v 0.331661 -0.360686 -0.677089
v 0.265837 -0.668164 -0.478480
v 0.280047 -0.675703 -0.453126
v 0.235249 -0.647857 -0.526011
v 0.250805 -0.658729 -0.502755
v 0.289228 -0.595143 -0.467981
v 0.271146 -0.626952 -0.485643
v 0.274620 -0.584931 -0.489738
v 0.170585 -0.598263 -0.615749
v 0.186820 -0.610885 -0.593309
v 0.229876 -0.551915 -0.554478
v 0.211504 -0.587083 -0.579857
v 0.214843 -0.540165 -0.575595
v 0.203043 -0.623510 -0.571057
v 0.219138 -0.635904 -0.548833
v 0.371294 -0.556757 -0.600766
v 0.321540 -0.535773 -0.567550
v 0.349081 -0.535420 -0.614496
v 0.281850 -0.552983 -0.500709
v 0.297338 -0.537772 -0.526427
v 0.317067 -0.557497 -0.513025
v 0.259574 -0.499966 -0.552367
v 0.278134 -0.518532 -0.539478
v 0.249006 -0.523648 -0.535287
v 0.242080 -0.608812 -0.533698
v 0.244960 -0.563156 -0.533035
v 0.259900 -0.574183 -0.511445
v 0.223723 -0.405423 -0.684585
v 0.263504 -0.446370 -0.661865
v 0.243302 -0.425413 -0.672810
v 0.203404 -0.412398 -0.636869
v 0.190097 -0.430162 -0.609878
v 0.327524 -0.513202 -0.627957
v 0.241734 -0.481439 -0.566121
v 0.279708 -0.492084 -0.590060
v 0.305911 -0.490696 -0.640006
v 0.284623 -0.468404 -0.651103
v 0.179425 -0.563228 -0.626523
v 0.184706 -0.466369 -0.608352
v 0.183038 -0.515067 -0.619989
v 0.199053 -0.527668 -0.597642
v 0.216746 -0.494825 -0.570879
v 0.240328 -0.450291 -0.612508
v 0.224025 -0.463563 -0.580036
v 0.206804 -0.446448 -0.594556
v 0.701472 -0.026967 -0.423233
v 0.718343 -0.045520 -0.461347
v 0.687998 -0.016744 -0.452299
v 0.761701 -0.107002 -0.466509
v 0.746008 -0.076173 -0.467939
v 0.759534 -0.086734 -0.436288
v 0.707865 -0.053751 -0.524456
v 0.728845 -0.065138 -0.497571
v 0.710446 -0.082725 -0.514879
v 0.687710 -0.201931 -0.381057
v 0.713033 -0.182120 -0.405430
v 0.743164 -0.196011 -0.384431
v 0.651943 -0.154830 -0.441889
v 0.682169 -0.168270 -0.424348
v 0.639837 -0.177502 -0.423978
v 0.785114 -0.148429 -0.428532
v 0.740939 -0.160944 -0.432070
v 0.759682 -0.136070 -0.454076
v 0.559895 -0.109042 -0.522469
v 0.576811 -0.119096 -0.498211
v 0.576750 -0.138267 -0.527700
v 0.662296 -0.096146 -0.509357
v 0.608617 -0.106488 -0.496116
v 0.627640 -0.083037 -0.522260
v 0.601901 -0.156269 -0.470549
v 0.598142 -0.130059 -0.477546
v 0.623390 -0.141957 -0.459284
v 0.730158 -0.122884 -0.476076
v 0.674310 -0.133094 -0.467584
v 0.697225 -0.109462 -0.494377
v 0.656511 -0.405746 -0.284723
v 0.694538 -0.399501 -0.312145
v 0.717235 -0.412991 -0.285527
v 0.643440 -0.369161 -0.358453
v 0.669495 -0.384631 -0.336358
v 0.610608 -0.377377 -0.330916
v 0.742046 -0.366720 -0.318535
v 0.722932 -0.385514 -0.336082
v 0.732347 -0.360519 -0.351576
v 0.551822 -0.314264 -0.441626
v 0.570891 -0.325827 -0.419822
v 0.547295 -0.338247 -0.429895
v 0.677404 -0.328439 -0.436370
v 0.623605 -0.328266 -0.429261
v 0.652732 -0.314481 -0.458920
v 0.572916 -0.354081 -0.377180
v 0.592992 -0.339097 -0.399348
v 0.617411 -0.353669 -0.379291
v 0.693608 -0.235138 -0.338858
v 0.681382 -0.253951 -0.357478
v 0.675146 -0.225480 -0.364050
v 0.722118 -0.326074 -0.357555
v 0.700832 -0.288686 -0.357387
v 0.705482 -0.293170 -0.324031
v 0.688036 -0.277996 -0.424443
v 0.695267 -0.283726 -0.391050
v 0.702782 -0.312879 -0.423113
v 0.677296 -0.359121 -0.387671
v 0.699680 -0.340992 -0.410971
v 0.718173 -0.351785 -0.382571
v 0.466474 -0.257718 -0.705294
v 0.479152 -0.266210 -0.669104
v 0.481440 -0.297547 -0.717926
v 0.487300 -0.217936 -0.600179
v 0.474006 -0.236463 -0.621062
v 0.470434 -0.206871 -0.625468
v 0.507696 -0.313773 -0.645649
v 0.489043 -0.273044 -0.631342
v 0.497153 -0.278778 -0.593788
v 0.592944 -0.164268 -0.576106
v 0.594913 -0.187326 -0.612538
v 0.582807 -0.154474 -0.610138
v 0.572260 -0.237248 -0.569615
v 0.590774 -0.215485 -0.598135
v 0.611647 -0.228300 -0.573999
v 0.545848 -0.188638 -0.642575
v 0.568745 -0.202221 -0.620986
v 0.524776 -0.209532 -0.608031
v 0.532328 -0.328997 -0.493332
v 0.522941 -0.296267 -0.493662
v 0.535506 -0.304209 -0.466594
v 0.504760 -0.284130 -0.557457
v 0.512965 -0.289735 -0.524020
v 0.521977 -0.322600 -0.567225
v 0.571656 -0.268639 -0.517425
v 0.528483 -0.272466 -0.507964
v 0.547555 -0.254712 -0.535648
v 0.505576 -0.229324 -0.576732
v 0.525611 -0.241548 -0.555313
v 0.497849 -0.252991 -0.558920
v 0.658781 -0.215290 -0.390141
v 0.677775 -0.269838 -0.457099
v 0.663787 -0.240039 -0.419708
v 0.644096 -0.205712 -0.417077
v 0.631278 -0.196768 -0.445256
v 0.571152 -0.297896 -0.466777
v 0.622132 -0.265650 -0.529071
v 0.598495 -0.283706 -0.499118
v 0.625936 -0.299186 -0.479908
v 0.668383 -0.292176 -0.480835
v 0.601685 -0.172311 -0.540899
v 0.620121 -0.188279 -0.475391
v 0.610489 -0.180233 -0.507175
v 0.623572 -0.207689 -0.550562
v 0.631911 -0.239918 -0.547726
v 0.665135 -0.260977 -0.488980
v 0.649792 -0.250967 -0.519311
v 0.645458 -0.224509 -0.484670
v 0.300378 -0.641436 -0.430651
v 0.319837 -0.586808 -0.463176
v 0.306778 -0.607061 -0.442173
v 0.324751 -0.619755 -0.416657
v 0.364984 -0.627576 -0.422553
v 0.415593 -0.559706 -0.610471
v 0.398110 -0.580092 -0.583047
v 0.445250 -0.616507 -0.534379
v 0.423082 -0.600359 -0.560963
v 0.453351 -0.583018 -0.549279
v 0.370712 -0.583677 -0.541115
v 0.342239 -0.581548 -0.497691
v 0.488634 -0.634096 -0.429440
v 0.484673 -0.577169 -0.391821
v 0.419624 -0.653388 -0.440713
v 0.467488 -0.663288 -0.448246
v 0.475786 -0.587567 -0.473510
v 0.478566 -0.633744 -0.467859
v 0.464088 -0.627895 -0.502960
v 0.367829 -0.606021 -0.480663
v 0.423497 -0.630551 -0.502585
v 0.393862 -0.630315 -0.461852
v 0.480910 -0.335434 -0.716296
v 0.518828 -0.358266 -0.657314
v 0.501876 -0.348200 -0.689028
v 0.461071 -0.359369 -0.685819
v 0.432649 -0.373705 -0.642572
v 0.553709 -0.376951 -0.507664
v 0.548809 -0.374732 -0.546028
v 0.506180 -0.421754 -0.583975
v 0.545585 -0.411484 -0.583900
v 0.527403 -0.435295 -0.559798
v 0.541852 -0.371217 -0.584472
v 0.532124 -0.365917 -0.621782
v 0.411081 -0.467743 -0.606987
v 0.418623 -0.517827 -0.616650
v 0.410747 -0.391092 -0.608962
v 0.404673 -0.422044 -0.598811
v 0.437618 -0.439722 -0.543029
v 0.421487 -0.431133 -0.570930
v 0.453945 -0.418862 -0.566705
v 0.509442 -0.389852 -0.642305
v 0.482849 -0.406867 -0.605790
v 0.458237 -0.390779 -0.625382
v 0.601465 -0.403814 -0.281660
v 0.607315 -0.479363 -0.331015
v 0.591107 -0.430553 -0.298715
v 0.588517 -0.395655 -0.308382
v 0.578327 -0.389392 -0.336341
v 0.483678 -0.527548 -0.359141
v 0.513008 -0.515621 -0.352071
v 0.577555 -0.500616 -0.417118
v 0.546532 -0.510668 -0.385150
v 0.527499 -0.496973 -0.410180
v 0.565491 -0.524255 -0.359162
v 0.605129 -0.517872 -0.356117
v 0.561024 -0.379952 -0.432324
v 0.557597 -0.378534 -0.468237
v 0.570607 -0.384877 -0.366460
v 0.565097 -0.381889 -0.398283
v 0.579906 -0.467337 -0.469583
v 0.582045 -0.429693 -0.439526
v 0.591066 -0.473459 -0.436867
v 0.604685 -0.479604 -0.367018
v 0.599318 -0.477690 -0.402520
v 0.587209 -0.430266 -0.366926
v 0.434930 -0.526785 -0.583555
v 0.453471 -0.449541 -0.514685
v 0.437994 -0.479077 -0.539352
v 0.447922 -0.531889 -0.547209
v 0.457769 -0.533557 -0.508890
v 0.569504 -0.424458 -0.514101
v 0.539936 -0.475718 -0.471595
v 0.565003 -0.458824 -0.501861
v 0.547306 -0.448002 -0.531983
v 0.497085 -0.447150 -0.521180
v 0.476776 -0.528156 -0.393641
v 0.465215 -0.532632 -0.469283
v 0.471083 -0.530352 -0.430685
v 0.482989 -0.496900 -0.406742
v 0.506822 -0.483391 -0.434831
v 0.470111 -0.459659 -0.487023
v 0.487825 -0.470886 -0.460417
v 0.459565 -0.486923 -0.470015
v 0.485042 -0.694601 0.000000
v 0.490618 -0.624661 -0.032256
v 0.484235 -0.653515 -0.016541
v 0.480164 -0.648020 0.016402
v 0.495277 -0.630593 0.032563
v 0.603910 -0.611105 -0.104461
v 0.573119 -0.614002 -0.085200
v 0.589957 -0.631865 -0.017581
v 0.582588 -0.624030 -0.051868
v 0.611929 -0.619219 -0.035129
v 0.538351 -0.610674 -0.066125
v 0.508969 -0.611321 -0.048535
v 0.593258 -0.635577 0.088194
v 0.586775 -0.593766 0.101497
v 0.532112 -0.639117 0.050742
v 0.572240 -0.649115 0.070288
v 0.606038 -0.613258 0.034791
v 0.595767 -0.638147 0.053041
v 0.594566 -0.636801 0.017719
v 0.515625 -0.619375 -0.016390
v 0.557823 -0.632525 0.000000
v 0.523522 -0.628860 0.016641
v 0.702623 -0.434245 -0.232951
v 0.661344 -0.437084 -0.207955
v 0.700757 -0.462611 -0.150982
v 0.681591 -0.450188 -0.180256
v 0.739557 -0.457071 -0.172935
v 0.626252 -0.441612 -0.185830
v 0.607404 -0.456029 -0.169107
v 0.746818 -0.492539 -0.018210
v 0.741509 -0.489086 -0.053039
v 0.760725 -0.470154 -0.035137
v 0.632552 -0.473262 -0.079535
v 0.688595 -0.484050 -0.067501
v 0.643783 -0.481387 -0.049085
v 0.759895 -0.469641 -0.105730
v 0.731673 -0.482692 -0.087057
v 0.717870 -0.473729 -0.119698
v 0.625158 -0.562082 -0.136605
v 0.622984 -0.593511 -0.122545
v 0.606368 -0.484257 -0.157169
v 0.616164 -0.522356 -0.147465
v 0.604454 -0.510545 -0.080510
v 0.610479 -0.516555 -0.113472
v 0.604699 -0.481445 -0.093802
v 0.657157 -0.462487 -0.128832
v 0.622163 -0.466068 -0.109464
v 0.613715 -0.460271 -0.139211
v 0.670714 -0.443277 0.210901
v 0.652153 -0.403053 0.216218
v 0.683667 -0.513286 0.190339
v 0.690671 -0.487038 0.204945
v 0.683705 -0.422553 0.159875
v 0.689478 -0.455397 0.182342
v 0.706877 -0.466651 0.152300
v 0.567426 -0.540582 0.111616
v 0.565330 -0.508292 0.123532
v 0.635109 -0.505656 0.098519
v 0.592515 -0.501355 0.110133
v 0.591091 -0.499258 0.078730
v 0.594803 -0.504247 0.142353
v 0.643989 -0.514302 0.166920
v 0.744233 -0.459961 0.034375
v 0.743069 -0.490115 0.053151
v 0.747321 -0.492871 0.018222
v 0.722251 -0.476620 0.120428
v 0.734507 -0.484563 0.087395
v 0.716257 -0.442671 0.099659
v 0.676447 -0.505812 0.051575
v 0.722294 -0.507739 0.070804
v 0.683243 -0.511188 0.085909
v 0.686977 -0.515215 0.155829
v 0.686725 -0.514432 0.120823
v 0.714384 -0.502761 0.140052
v 0.622840 -0.593549 -0.087299
v 0.598979 -0.506222 -0.047888
v 0.613476 -0.550556 -0.066989
v 0.619376 -0.590363 -0.052004
v 0.612782 -0.584135 -0.017233
v 0.712759 -0.500842 0.000000
v 0.621745 -0.494269 0.032278
v 0.666562 -0.498471 0.016942
v 0.655340 -0.490079 -0.016657
v 0.609978 -0.484914 -0.031667
v 0.579782 -0.552516 0.081264
v 0.603410 -0.575201 0.016970
v 0.592137 -0.564399 0.049717
v 0.577439 -0.518215 0.063054
v 0.590019 -0.498649 0.047172
v 0.594346 -0.502256 -0.015840
v 0.591249 -0.499639 0.015757
v 0.595476 -0.534612 0.000000
v 0.704042 0.000000 -0.402151
v 0.709742 -0.026748 -0.395365
v 0.751943 -0.027374 -0.352987
v 0.726633 -0.026900 -0.372339
v 0.769774 0.000000 -0.371634
v 0.729685 -0.054775 -0.396180
v 0.758734 -0.085038 -0.401328
v 0.875447 -0.030300 -0.270711
v 0.849029 -0.029716 -0.295122
v 0.884519 0.000000 -0.284688
v 0.763019 -0.081683 -0.305811
v 0.792039 -0.055978 -0.296148
v 0.776475 -0.082067 -0.280206
v 0.840531 0.000000 -0.336287
v 0.817218 -0.028952 -0.316261
v 0.783595 -0.028149 -0.334891
v 0.802175 -0.178631 -0.390382
v 0.781421 -0.202701 -0.369257
v 0.787398 -0.117524 -0.405293
v 0.804181 -0.149535 -0.402681
v 0.810933 -0.146120 -0.336531
v 0.812029 -0.148604 -0.371197
v 0.781522 -0.113039 -0.334989
v 0.746093 -0.054186 -0.340020
v 0.756714 -0.082272 -0.334555
v 0.756375 -0.083495 -0.366720
v 0.858776 -0.028702 -0.017739
v 0.870647 -0.029134 -0.048187
v 0.833708 0.000000 -0.028856
v 0.917729 -0.092629 -0.089313
v 0.911258 -0.061154 -0.069486
v 0.921809 -0.092809 -0.057359
v 0.850556 0.000000 -0.088602
v 0.882934 -0.029609 -0.079683
v 0.894313 -0.030099 -0.112049
v 0.827925 -0.199682 -0.153372
v 0.804073 -0.165059 -0.130789
v 0.818671 -0.196406 -0.121386
v 0.838517 -0.114649 -0.160163
v 0.811725 -0.138700 -0.143608
v 0.800963 -0.137594 -0.171154
v 0.842245 -0.142512 -0.088077
v 0.826014 -0.140436 -0.116077
v 0.878937 -0.118999 -0.104462
v 0.891776 0.000000 -0.220303
v 0.905030 -0.030972 -0.210966
v 0.894864 -0.030887 -0.241555
v 0.903135 -0.030505 -0.145436
v 0.907318 -0.030832 -0.178545
v 0.874190 0.000000 -0.152755
v 0.848363 -0.087494 -0.205149
v 0.897873 -0.061377 -0.196764
v 0.872377 -0.089302 -0.179016
v 0.908003 -0.092117 -0.120664
v 0.892636 -0.090980 -0.150742
v 0.916796 -0.061943 -0.134737
v 0.752830 -0.397367 -0.276550
v 0.741176 -0.421275 -0.260362
v 0.724629 -0.325399 -0.288686
v 0.744427 -0.363309 -0.285163
v 0.736268 -0.350749 -0.216775
v 0.741497 -0.357483 -0.250709
v 0.722553 -0.316845 -0.224201
v 0.748675 -0.222994 -0.342418
v 0.719228 -0.240906 -0.318616
v 0.782735 -0.256236 -0.278652
v 0.750005 -0.248310 -0.299113
v 0.816357 -0.237840 -0.302423
v 0.703676 -0.262086 -0.301459
v 0.706916 -0.290044 -0.292407
v 0.870556 -0.273199 -0.168847
v 0.859728 -0.272572 -0.200446
v 0.864230 -0.241356 -0.180858
v 0.744012 -0.294864 -0.210886
v 0.805679 -0.286858 -0.207755
v 0.766907 -0.300747 -0.185872
v 0.858160 -0.244729 -0.247267
v 0.840515 -0.269274 -0.229574
v 0.814153 -0.263633 -0.255534
v 0.713143 -0.289222 -0.263220
v 0.748047 -0.272171 -0.255042
v 0.725484 -0.290852 -0.236285
v 0.851569 -0.059036 -0.251131
v 0.799407 -0.110820 -0.213004
v 0.821864 -0.085488 -0.230639
v 0.796912 -0.083566 -0.255273
v 0.778722 -0.109906 -0.269605
v 0.839218 -0.204576 -0.187655
v 0.852866 -0.212303 -0.257971
v 0.848565 -0.209039 -0.222919
v 0.810802 -0.169099 -0.192883
v 0.794837 -0.138053 -0.200357
v 0.813047 -0.208735 -0.348231
v 0.805637 -0.143961 -0.300463
v 0.833233 -0.180838 -0.333442
v 0.836159 -0.212469 -0.322185
v 0.849295 -0.213588 -0.291823
v 0.794479 -0.139252 -0.231543
v 0.828514 -0.176378 -0.262764
v 0.798872 -0.141348 -0.265024
v 0.708589 -0.026705 0.394722
v 0.720508 0.000000 0.411556
v 0.748677 -0.083910 0.396008
v 0.718402 -0.053928 0.390054
v 0.761635 0.000000 0.367704
v 0.727610 -0.026936 0.372840
v 0.744854 -0.027115 0.349659
v 0.762188 -0.197712 0.360168
v 0.796116 -0.177281 0.387433
v 0.817448 -0.118235 0.350388
v 0.823107 -0.150631 0.376261
v 0.839374 -0.151244 0.348334
v 0.805171 -0.149719 0.403177
v 0.784928 -0.117155 0.404022
v 0.813409 0.000000 0.261800
v 0.784555 -0.027459 0.272711
v 0.793793 -0.027474 0.245461
v 0.760246 -0.027310 0.324912
v 0.773411 -0.027400 0.299308
v 0.792825 0.000000 0.317200
v 0.807962 -0.085395 0.291569
v 0.778265 -0.055005 0.290998
v 0.794461 -0.085049 0.318413
v 0.764891 -0.084435 0.370849
v 0.780199 -0.084826 0.344938
v 0.750861 -0.054532 0.342193
v 0.667753 -0.379542 0.234570
v 0.712005 -0.375819 0.261553
v 0.804001 -0.352560 0.249473
v 0.770121 -0.371283 0.260388
v 0.781434 -0.372265 0.230073
v 0.756937 -0.369414 0.289955
v 0.774082 -0.347606 0.308387
v 0.785707 -0.219426 0.164425
v 0.773821 -0.245336 0.180417
v 0.783575 -0.245903 0.151976
v 0.751751 -0.243427 0.235948
v 0.763274 -0.244529 0.208477
v 0.772362 -0.220261 0.222546
v 0.818656 -0.321040 0.198414
v 0.786483 -0.280023 0.202805
v 0.804919 -0.319002 0.228150
v 0.709391 -0.237611 0.314258
v 0.723836 -0.215595 0.331057
v 0.756874 -0.310542 0.313071
v 0.725648 -0.270270 0.310871
v 0.752108 -0.219121 0.278622
v 0.724847 -0.239981 0.289079
v 0.738897 -0.241885 0.263045
v 0.790055 -0.316739 0.257315
v 0.757797 -0.275718 0.258366
v 0.773980 -0.313896 0.285675
v 0.826880 0.000000 0.028620
v 0.837422 -0.028022 0.046348
v 0.846226 -0.028283 0.017480
v 0.824024 -0.027733 0.103243
v 0.830114 -0.027838 0.074916
v 0.826683 0.000000 0.086115
v 0.903875 -0.091003 0.056243
v 0.863603 -0.057956 0.065852
v 0.893688 -0.090203 0.086973
v 0.801663 -0.027670 0.216397
v 0.807968 -0.027650 0.188341
v 0.824250 0.000000 0.203621
v 0.859176 -0.087951 0.176307
v 0.821776 -0.056176 0.180088
v 0.847391 -0.087394 0.204914
v 0.827489 0.000000 0.144594
v 0.813458 -0.027643 0.160075
v 0.818603 -0.027649 0.131824
v 0.823156 -0.197482 0.122051
v 0.870700 -0.178736 0.141627
v 0.824459 -0.198846 0.152730
v 0.911560 -0.123416 0.108339
v 0.904183 -0.153726 0.127061
v 0.904071 -0.152973 0.094543
v 0.896596 -0.154022 0.191590
v 0.901611 -0.154059 0.159511
v 0.895240 -0.122405 0.170997
v 0.841634 -0.056865 0.123691
v 0.871120 -0.088787 0.147109
v 0.882720 -0.089552 0.117304
v 0.778272 -0.199807 0.333337
v 0.803175 -0.201990 0.275976
v 0.791964 -0.201239 0.305156
v 0.829857 -0.180105 0.332090
v 0.854470 -0.152687 0.318675
v 0.822401 -0.200476 0.183894
v 0.888998 -0.154408 0.224092
v 0.867673 -0.180960 0.206412
v 0.818294 -0.201582 0.214967
v 0.811935 -0.202114 0.245590
v 0.801418 -0.055559 0.236341
v 0.846848 -0.119521 0.293191
v 0.821736 -0.086170 0.263225
v 0.834850 -0.086838 0.234283
v 0.873235 -0.121054 0.232675
v 0.853580 -0.181715 0.270714
v 0.879407 -0.154138 0.256295
v 0.867853 -0.153553 0.287909
v 0.754768 -0.429404 -0.228319
v 0.734255 -0.350719 -0.182320
v 0.757868 -0.395727 -0.208237
v 0.763418 -0.434666 -0.194345
v 0.767042 -0.437014 -0.159208
v 0.873841 -0.275750 -0.132157
v 0.849694 -0.300692 -0.148085
v 0.760461 -0.332052 -0.101794
v 0.806059 -0.318257 -0.124331
v 0.823331 -0.326082 -0.091382
v 0.786826 -0.309644 -0.155838
v 0.736748 -0.320129 -0.163971
v 0.752537 -0.429221 -0.052010
v 0.742106 -0.423325 -0.017661
v 0.765953 -0.436599 -0.123027
v 0.760832 -0.433846 -0.087305
v 0.738022 -0.354622 -0.050750
v 0.735705 -0.385803 -0.067166
v 0.734203 -0.352488 -0.082779
v 0.732640 -0.350501 -0.148411
v 0.732497 -0.351028 -0.115267
v 0.749506 -0.392422 -0.136354
v 0.889514 -0.059551 0.000000
v 0.919334 -0.123862 0.038210
v 0.914086 -0.092084 0.018966
v 0.920557 -0.092736 -0.019101
v 0.909105 -0.122484 -0.037785
v 0.793818 -0.219406 0.101302
v 0.818283 -0.196461 0.086454
v 0.808999 -0.194377 0.017178
v 0.813184 -0.195334 0.051467
v 0.804319 -0.222308 0.034062
v 0.859779 -0.175791 0.072256
v 0.899009 -0.152433 0.056455
v 0.811522 -0.194838 -0.085740
v 0.846280 -0.233906 -0.107997
v 0.859915 -0.145804 -0.054000
v 0.814797 -0.166594 -0.068475
v 0.822723 -0.227395 -0.034841
v 0.807492 -0.193967 -0.051106
v 0.806791 -0.193846 -0.017131
v 0.889848 -0.150826 0.018634
v 0.837189 -0.171370 0.000000
v 0.876506 -0.148565 -0.018355
v 0.673453 -0.383143 0.203721
v 0.687558 -0.391729 0.142710
v 0.679956 -0.387145 0.173097
v 0.723317 -0.377686 0.198743
v 0.782693 -0.373855 0.194347
v 0.729910 -0.416368 0.017370
v 0.718104 -0.409582 0.049630
v 0.768604 -0.369003 0.086658
v 0.719400 -0.377253 0.065678
v 0.760534 -0.365439 0.052299
v 0.706812 -0.403042 0.081106
v 0.696591 -0.397062 0.111887
v 0.817745 -0.289386 0.142517
v 0.796535 -0.251356 0.120465
v 0.825296 -0.358604 0.183678
v 0.834703 -0.328486 0.165321
v 0.855482 -0.338815 0.094951
v 0.847257 -0.334524 0.130685
v 0.828869 -0.361922 0.110951
v 0.720675 -0.377326 0.131109
v 0.775985 -0.371868 0.122110
v 0.780938 -0.373608 0.158195
v 0.871060 -0.274700 -0.093871
v 0.851484 -0.268360 -0.018456
v 0.863022 -0.272053 -0.055713
v 0.871218 -0.309392 -0.076179
v 0.840104 -0.332376 -0.056000
v 0.809798 -0.255380 0.087269
v 0.859515 -0.340055 0.057294
v 0.849433 -0.301656 0.074274
v 0.823734 -0.259668 0.053177
v 0.837847 -0.264062 0.018161
v 0.724127 -0.379933 0.000000
v 0.789347 -0.345492 -0.035527
v 0.744392 -0.357627 -0.017071
v 0.752252 -0.361404 0.017251
v 0.815327 -0.356864 0.036696
v 0.869837 -0.308668 0.000000
v 0.858326 -0.339645 0.019083
v 0.851772 -0.337052 -0.018937
v 0.030482 -0.450548 0.808804
v 0.083313 -0.393187 0.743345
v 0.058973 -0.426542 0.785605
v 0.029756 -0.411872 0.803783
v 0.028461 -0.367007 0.781809
v 0.192576 -0.350811 0.742386
v 0.158536 -0.346467 0.711936
v 0.109107 -0.323335 0.754335
v 0.134019 -0.334767 0.732333
v 0.140646 -0.323925 0.780556
v 0.129163 -0.347820 0.694620
v 0.105372 -0.363385 0.705981
v 0.028378 -0.281832 0.810793
v 0.029718 -0.265510 0.858628
v 0.027490 -0.327053 0.765256
v 0.027424 -0.299571 0.774091
v 0.087142 -0.297531 0.824484
v 0.056240 -0.297535 0.795749
v 0.083107 -0.311139 0.776312
v 0.080438 -0.353290 0.728676
v 0.080326 -0.326642 0.738816
v 0.054406 -0.341402 0.749126
v 0.433552 -0.267950 0.762777
v 0.389981 -0.271409 0.738836
v 0.335027 -0.237067 0.764018
v 0.363317 -0.254800 0.753597
v 0.378528 -0.233943 0.794581
v 0.345854 -0.271463 0.708662
v 0.311346 -0.276219 0.693335
v 0.219978 -0.164838 0.787681
v 0.247697 -0.182153 0.781268
v 0.256574 -0.158571 0.817578
v 0.229435 -0.222386 0.708541
v 0.235826 -0.201057 0.736108
v 0.203946 -0.206062 0.715152
v 0.317414 -0.196173 0.809410
v 0.276394 -0.200177 0.776289
v 0.305610 -0.218571 0.771125
v 0.253908 -0.335813 0.758047
v 0.227412 -0.349203 0.763509
v 0.288640 -0.290991 0.703492
v 0.272529 -0.313470 0.731714
v 0.216905 -0.275805 0.744503
v 0.244070 -0.294005 0.737198
v 0.233117 -0.253511 0.712114
v 0.290918 -0.236338 0.725647
v 0.256021 -0.239909 0.703660
v 0.283534 -0.258043 0.699117
v 0.029292 -0.048449 0.875367
v 0.030499 -0.018849 0.912535
v 0.027613 -0.102793 0.820437
v 0.028068 -0.075537 0.836994
v 0.089846 -0.055528 0.892379
v 0.058283 -0.066224 0.868478
v 0.086422 -0.083327 0.856227
v 0.030833 -0.241134 0.893301
v 0.030604 -0.208461 0.894282
v 0.082120 -0.164619 0.802221
v 0.058256 -0.186757 0.852207
v 0.085866 -0.201333 0.832581
v 0.029480 -0.170714 0.867523
v 0.028192 -0.134410 0.834664
v 0.199680 -0.123409 0.832319
v 0.166156 -0.131659 0.809419
v 0.192254 -0.147666 0.797125
v 0.113814 -0.099910 0.840639
v 0.140162 -0.115850 0.824402
v 0.145480 -0.089911 0.859784
v 0.129856 -0.161529 0.755919
v 0.133487 -0.138211 0.781215
v 0.105876 -0.147907 0.774350
v 0.054653 -0.118880 0.808899
v 0.080804 -0.133883 0.792801
v 0.082658 -0.108274 0.814767
v 0.199642 -0.333062 0.777630
v 0.190247 -0.259931 0.756482
v 0.198363 -0.300795 0.780647
v 0.172561 -0.318181 0.795098
v 0.145716 -0.304126 0.815459
v 0.183442 -0.168269 0.752523
v 0.132268 -0.191960 0.761526
v 0.154088 -0.175761 0.738828
v 0.178618 -0.190478 0.725075
v 0.181497 -0.220538 0.729109
v 0.060917 -0.259133 0.878705
v 0.118228 -0.290019 0.837685
v 0.090123 -0.275303 0.859441
v 0.089494 -0.241448 0.860379
v 0.112567 -0.216363 0.812014
v 0.164330 -0.244815 0.771920
v 0.138623 -0.230497 0.790889
v 0.144609 -0.271139 0.817304
v 0.656558 0.000000 0.458477
v 0.642078 0.033156 0.504298
v 0.648849 0.016423 0.480778
v 0.630109 -0.015949 0.466892
v 0.617503 -0.031887 0.484996
v 0.605296 0.103468 0.598169
v 0.616551 0.085554 0.575499
v 0.565483 0.015734 0.527978
v 0.588134 0.048884 0.549076
v 0.554787 0.031474 0.548255
v 0.626405 0.067829 0.552220
v 0.634750 0.050395 0.528476
v 0.625169 -0.086749 0.583543
v 0.614916 -0.105112 0.607676
v 0.617353 -0.049014 0.513991
v 0.623153 -0.067476 0.549353
v 0.570525 -0.032367 0.563808
v 0.595816 -0.049523 0.556247
v 0.568094 -0.015807 0.530415
v 0.604991 0.016010 0.503651
v 0.578878 0.000000 0.510512
v 0.596039 -0.015773 0.496198
v 0.469613 0.251924 0.759850
v 0.492498 0.234319 0.745190
v 0.477707 0.155908 0.723623
v 0.491702 0.196878 0.744443
v 0.458622 0.173521 0.742066
v 0.513075 0.215902 0.727594
v 0.531545 0.197110 0.707987
v 0.479594 0.017731 0.727190
v 0.457458 0.049609 0.693557
v 0.458013 0.034229 0.741081
v 0.486411 0.081745 0.650128
v 0.465322 0.064889 0.661953
v 0.479895 0.048932 0.641787
v 0.431977 0.097251 0.698953
v 0.449560 0.081082 0.681451
v 0.459187 0.116023 0.695834
v 0.578528 0.140602 0.643449
v 0.592049 0.122243 0.621449
v 0.548537 0.178031 0.686857
v 0.564031 0.159231 0.665323
v 0.527461 0.083178 0.624482
v 0.551649 0.121181 0.651953
v 0.518153 0.100954 0.650805
v 0.493656 0.137515 0.701445
v 0.506985 0.119074 0.676784
v 0.526194 0.159150 0.701615
v 0.479900 -0.228325 0.726128
v 0.469219 -0.251713 0.759212
v 0.477525 -0.177078 0.636037
v 0.478634 -0.201409 0.678753
v 0.435919 -0.164932 0.705333
v 0.457436 -0.183158 0.692565
v 0.445646 -0.145445 0.675059
v 0.587855 -0.121377 0.617047
v 0.551168 -0.133952 0.613018
v 0.539913 -0.105193 0.678136
v 0.546507 -0.120052 0.645877
v 0.567809 -0.089540 0.672251
v 0.514275 -0.145184 0.606632
v 0.488110 -0.158419 0.611192
v 0.485927 -0.036315 0.786247
v 0.503896 -0.054645 0.763963
v 0.501292 -0.018533 0.760090
v 0.457937 -0.115708 0.693939
v 0.484597 -0.087401 0.734559
v 0.445413 -0.100276 0.720693
v 0.538746 -0.054933 0.720491
v 0.518823 -0.072350 0.738061
v 0.530703 -0.089188 0.709326
v 0.478296 -0.144663 0.637749
v 0.503111 -0.118164 0.671612
v 0.468541 -0.130519 0.665760
v 0.571561 0.084065 0.599767
v 0.508500 0.048104 0.601675
v 0.536251 0.065248 0.597536
v 0.545082 0.048015 0.571869
v 0.533306 0.015734 0.559461
v 0.500988 0.000000 0.712967
v 0.541743 -0.035378 0.681463
v 0.521653 -0.017730 0.697561
v 0.494717 0.016814 0.661542
v 0.494571 0.032297 0.622125
v 0.598599 -0.088042 0.628139
v 0.547837 -0.016162 0.574704
v 0.578395 -0.050949 0.606819
v 0.580584 -0.070643 0.646936
v 0.561576 -0.053124 0.664476
v 0.510252 0.016092 0.603808
v 0.534150 -0.016846 0.632088
v 0.527783 0.000000 0.587869
v 0.027491 0.406348 0.729458
v 0.027551 0.355280 0.756828
v 0.027241 0.377069 0.735863
v 0.055278 0.399822 0.736392
v 0.083120 0.392280 0.741628
v 0.030636 0.273714 0.885162
v 0.030368 0.301600 0.867663
v 0.080853 0.302704 0.755266
v 0.057459 0.303980 0.812987
v 0.083486 0.285050 0.789899
v 0.029497 0.322216 0.832606
v 0.028443 0.338389 0.791781
v 0.166937 0.364826 0.749662
v 0.195213 0.355615 0.752553
v 0.111216 0.383538 0.745133
v 0.138994 0.374295 0.747492
v 0.130073 0.299574 0.721878
v 0.134136 0.335059 0.732973
v 0.105203 0.311766 0.727343
v 0.054182 0.339994 0.746037
v 0.079995 0.325296 0.735770
v 0.080932 0.355461 0.733153
v 0.030938 0.019121 0.925667
v 0.030237 0.050012 0.903619
v 0.080822 0.077929 0.800752
v 0.056686 0.064410 0.844692
v 0.082773 0.051156 0.822127
v 0.028989 0.078014 0.864437
v 0.027929 0.103969 0.829824
v 0.199065 0.152897 0.825364
v 0.173001 0.137082 0.842762
v 0.200738 0.124063 0.836730
v 0.117222 0.163757 0.857334
v 0.145278 0.150419 0.850220
v 0.146249 0.181921 0.851347
v 0.134177 0.082926 0.792986
v 0.140398 0.116045 0.825793
v 0.108214 0.094994 0.799273
v 0.029273 0.199398 0.855403
v 0.030345 0.237314 0.879152
v 0.027585 0.131515 0.816687
v 0.028163 0.163088 0.828769
v 0.090367 0.211887 0.876224
v 0.058915 0.188871 0.861857
v 0.088239 0.176886 0.861997
v 0.081793 0.107141 0.806242
v 0.084864 0.140609 0.832634
v 0.054897 0.119411 0.812517
v 0.411010 0.286045 0.778677
v 0.439105 0.271382 0.772546
v 0.349840 0.310369 0.779056
v 0.381005 0.299052 0.780686
v 0.366029 0.226218 0.768343
v 0.377881 0.265015 0.783807
v 0.335171 0.237169 0.764346
v 0.225447 0.346185 0.756912
v 0.255383 0.337763 0.762449
v 0.241231 0.262334 0.736900
v 0.250111 0.301282 0.755445
v 0.212151 0.269760 0.728185
v 0.286305 0.329316 0.768702
v 0.317825 0.320414 0.774625
v 0.242693 0.149993 0.773348
v 0.233268 0.171542 0.735756
v 0.217484 0.162970 0.778754
v 0.291339 0.208365 0.735118
v 0.256359 0.185667 0.720019
v 0.284362 0.175745 0.725125
v 0.204004 0.206120 0.715355
v 0.229424 0.195599 0.716127
v 0.232834 0.225681 0.719040
v 0.313774 0.285564 0.773679
v 0.271740 0.254639 0.746863
v 0.303329 0.246421 0.756604
v 0.060954 0.259289 0.879234
v 0.117343 0.225541 0.846461
v 0.090009 0.242838 0.865332
v 0.087237 0.266486 0.831918
v 0.108303 0.265673 0.767364
v 0.192645 0.176711 0.790276
v 0.179203 0.217751 0.719896
v 0.184526 0.196779 0.749058
v 0.168160 0.191812 0.806301
v 0.143412 0.208134 0.825690
v 0.189927 0.316854 0.739787
v 0.129429 0.270133 0.724314
v 0.156234 0.288074 0.719864
v 0.183469 0.278210 0.722032
v 0.178997 0.244561 0.711749
v 0.137578 0.228761 0.784931
v 0.155468 0.231612 0.730291
v 0.132091 0.247667 0.746551
v 0.443580 -0.235856 0.779685
v 0.411901 -0.150059 0.722964
v 0.430889 -0.192656 0.756785
v 0.415384 -0.218580 0.795514
v 0.385249 -0.200270 0.806547
v 0.460370 -0.019206 0.807046
v 0.447598 -0.054237 0.784755
v 0.355284 -0.083436 0.740027
v 0.398472 -0.069372 0.759863
v 0.370370 -0.053004 0.770797
v 0.423652 -0.085254 0.742956
v 0.407440 -0.114811 0.714799
v 0.289915 -0.142778 0.819241
v 0.259342 -0.124293 0.821843
v 0.353433 -0.181029 0.813394
v 0.321538 -0.161824 0.817049
v 0.297365 -0.083335 0.750822
v 0.310344 -0.121239 0.786015
v 0.327315 -0.100342 0.749613
v 0.385455 -0.133933 0.736201
v 0.357018 -0.117234 0.744997
v 0.372809 -0.157857 0.779269
v 0.441114 0.234545 0.775349
v 0.355924 0.185025 0.745152
v 0.400414 0.210703 0.766843
v 0.431598 0.192973 0.758029
v 0.417016 0.151922 0.731942
v 0.256714 0.123033 0.813516
v 0.273559 0.134722 0.773021
v 0.338620 0.103807 0.775505
v 0.305829 0.119476 0.774582
v 0.322911 0.090494 0.815325
v 0.290740 0.146324 0.738788
v 0.317147 0.162443 0.729886
v 0.431419 0.052276 0.756390
v 0.452312 0.018870 0.792921
v 0.407844 0.114925 0.715506
v 0.412857 0.083081 0.724024
v 0.390538 0.055891 0.812770
v 0.402405 0.070057 0.767365
v 0.371385 0.087217 0.773564
v 0.349675 0.148061 0.730912
v 0.354806 0.116508 0.740382
v 0.380288 0.132138 0.726331
v 0.061296 0.000000 0.915575
v 0.118894 -0.036678 0.882463
v 0.090702 -0.018682 0.900365
v 0.087375 0.017997 0.867343
v 0.108343 0.033423 0.804147
v 0.228571 -0.105534 0.826978
v 0.200592 -0.088272 0.835489
v 0.182595 -0.016137 0.759962
v 0.192146 -0.050627 0.799914
v 0.208216 -0.031903 0.753334
v 0.173396 -0.071271 0.848066
v 0.146518 -0.054265 0.864125
v 0.196081 0.086287 0.816700
v 0.230258 0.106313 0.833080
v 0.130756 0.048427 0.771164
v 0.160234 0.065861 0.783692
v 0.213962 0.032783 0.774120
v 0.186698 0.049191 0.777232
v 0.180264 0.015931 0.750263
v 0.140505 -0.017359 0.828951
v 0.157800 0.000000 0.770896
v 0.133244 0.016462 0.786117
v 0.431658 0.000000 0.822712
v 0.366274 0.037664 0.836827
v 0.399959 0.019092 0.832504
v 0.391009 -0.018665 0.813874
v 0.340407 -0.035004 0.777729
v 0.262661 0.089757 0.832883
v 0.244403 0.016809 0.775469
v 0.257159 0.052663 0.815774
v 0.296488 0.073002 0.834881
v 0.331133 0.055791 0.836963
v 0.248462 -0.084905 0.787862
v 0.295354 -0.049763 0.746528
v 0.266440 -0.065603 0.750269
v 0.236542 -0.048441 0.750372
v 0.234649 -0.016138 0.744523
v 0.324885 0.018254 0.821025
v 0.275994 0.000000 0.777759
v 0.308367 -0.017326 0.779283
v -0.466734 -0.726730 0.046051
v -0.435844 -0.711633 0.099969
v -0.451207 -0.719333 0.073450
v -0.478737 -0.701257 0.062673
v -0.488163 -0.673582 0.078432
v -0.399774 -0.721491 0.211850
v -0.403446 -0.709542 0.181228
v -0.451029 -0.665428 0.158032
v -0.428344 -0.688592 0.169855
v -0.445450 -0.672240 0.186492
v -0.410794 -0.704453 0.153019
v -0.421852 -0.705770 0.126414
v -0.509122 -0.589444 0.121704
v -0.517774 -0.565901 0.135666
v -0.495718 -0.644563 0.093571
v -0.502267 -0.616162 0.107808
v -0.483039 -0.617878 0.160417
v -0.490847 -0.614802 0.133681
v -0.471802 -0.640381 0.145826
v -0.449149 -0.688860 0.115934
v -0.460846 -0.664594 0.131176
v -0.473720 -0.668093 0.104888
v -0.275850 -0.636053 0.393102
v -0.300002 -0.667519 0.383960
v -0.385371 -0.691759 0.396883
v -0.342709 -0.682135 0.391893
v -0.355167 -0.655355 0.405032
v -0.328665 -0.706978 0.377007
v -0.355997 -0.741557 0.365053
v -0.519813 -0.649518 0.369902
v -0.493335 -0.670856 0.382880
v -0.499135 -0.635444 0.392726
v -0.465325 -0.722352 0.350232
v -0.481843 -0.699992 0.368477
v -0.491203 -0.698648 0.336603
v -0.434203 -0.659531 0.407612
v -0.462094 -0.686163 0.392376
v -0.425987 -0.693423 0.397210
v -0.396592 -0.755936 0.281737
v -0.398525 -0.739080 0.246832
v -0.377434 -0.762267 0.344203
v -0.390553 -0.765871 0.315477
v -0.447663 -0.725675 0.293204
v -0.421475 -0.749361 0.305800
v -0.444673 -0.738592 0.328821
v -0.413464 -0.722358 0.383013
v -0.433880 -0.738683 0.360001
v -0.397055 -0.745362 0.365103
v -0.676887 -0.484726 0.269307
v -0.687346 -0.460934 0.284873
v -0.627355 -0.509365 0.227805
v -0.655412 -0.500223 0.249542
v -0.637428 -0.501231 0.309778
v -0.650923 -0.504211 0.281513
v -0.626761 -0.524760 0.294259
v -0.530424 -0.545928 0.151242
v -0.547497 -0.531744 0.167435
v -0.557503 -0.560092 0.232203
v -0.550759 -0.543981 0.198418
v -0.534080 -0.569110 0.212423
v -0.570051 -0.522095 0.185634
v -0.597331 -0.515541 0.205845
v -0.548827 -0.592209 0.366005
v -0.563859 -0.597301 0.338395
v -0.543363 -0.623612 0.354260
v -0.604364 -0.547233 0.308038
v -0.583771 -0.571456 0.322771
v -0.591969 -0.544747 0.336672
v -0.548355 -0.605827 0.284697
v -0.568356 -0.591315 0.304859
v -0.564857 -0.577413 0.268602
v -0.603645 -0.529168 0.240025
v -0.582929 -0.551751 0.253561
v -0.607330 -0.540970 0.274903
v -0.422907 -0.714109 0.233371
v -0.469372 -0.695971 0.277082
v -0.446201 -0.705687 0.255191
v -0.444340 -0.686197 0.219159
v -0.463176 -0.656684 0.204687
v -0.530679 -0.649342 0.338677
v -0.525810 -0.618297 0.264013
v -0.531444 -0.637257 0.302081
v -0.513002 -0.669100 0.319818
v -0.492154 -0.684117 0.299054
v -0.512910 -0.570551 0.163395
v -0.480340 -0.626577 0.190239
v -0.496508 -0.597650 0.176443
v -0.513303 -0.581373 0.193634
v -0.518346 -0.598016 0.227049
v -0.487575 -0.663224 0.260227
v -0.503394 -0.629875 0.243274
v -0.482400 -0.642435 0.223457
v -0.044054 -0.446496 0.695219
v -0.095328 -0.415610 0.678595
v -0.070099 -0.430625 0.686520
v -0.060732 -0.463917 0.679548
v -0.080592 -0.501602 0.692126
v -0.199995 -0.377402 0.681115
v -0.172118 -0.383164 0.673874
v -0.166422 -0.474974 0.700756
v -0.170150 -0.429089 0.689790
v -0.194936 -0.465620 0.702680
v -0.145790 -0.391389 0.671176
v -0.120541 -0.402255 0.672983
v -0.131710 -0.550982 0.637907
v -0.139804 -0.533568 0.583164
v -0.102064 -0.540709 0.703062
v -0.119917 -0.558677 0.685364
v -0.171498 -0.516408 0.660562
v -0.146409 -0.537582 0.673338
v -0.158502 -0.512815 0.696047
v -0.114808 -0.444786 0.682169
v -0.137967 -0.484703 0.698999
v -0.109343 -0.493839 0.696467
v -0.457901 -0.321322 0.740900
v -0.429806 -0.335823 0.747223
v -0.401833 -0.390177 0.700387
v -0.422206 -0.369218 0.734899
v -0.425508 -0.373122 0.688486
v -0.398839 -0.347698 0.747919
v -0.365834 -0.356759 0.743143
v -0.339410 -0.476962 0.595975
v -0.342957 -0.441894 0.600905
v -0.372879 -0.473911 0.603331
v -0.324245 -0.430798 0.668754
v -0.328215 -0.429194 0.623508
v -0.301226 -0.439578 0.625221
v -0.381020 -0.405876 0.616504
v -0.355091 -0.418184 0.620961
v -0.376322 -0.403585 0.656957
v -0.263352 -0.370713 0.706608
v -0.231435 -0.373665 0.692977
v -0.331239 -0.363219 0.733558
v -0.296920 -0.367580 0.720820
v -0.287303 -0.438654 0.711072
v -0.296619 -0.408820 0.726862
v -0.317312 -0.429109 0.712740
v -0.375413 -0.405258 0.708023
v -0.346972 -0.418178 0.711950
v -0.362280 -0.393984 0.739598
v -0.251077 -0.631066 0.451913
v -0.257944 -0.622373 0.417363
v -0.236150 -0.650337 0.528025
v -0.246001 -0.646113 0.493126
v -0.301402 -0.620193 0.487679
v -0.273506 -0.632410 0.489870
v -0.296060 -0.630596 0.527971
v -0.151114 -0.529975 0.545465
v -0.169107 -0.552966 0.537055
v -0.230784 -0.554096 0.556669
v -0.198784 -0.551776 0.544986
v -0.204720 -0.514713 0.548474
v -0.193338 -0.593710 0.543763
v -0.217727 -0.631811 0.545300
v -0.374307 -0.561275 0.605641
v -0.338154 -0.563457 0.596876
v -0.339766 -0.521132 0.598098
v -0.316141 -0.620262 0.561628
v -0.330612 -0.597953 0.585338
v -0.348353 -0.612507 0.563647
v -0.268482 -0.517124 0.571323
v -0.301417 -0.561939 0.584638
v -0.265453 -0.558236 0.570645
v -0.250170 -0.629158 0.551533
v -0.259885 -0.597470 0.565513
v -0.283159 -0.625569 0.557216
v -0.230851 -0.418339 0.706395
v -0.268842 -0.455412 0.675272
v -0.256096 -0.447784 0.708191
v -0.225231 -0.456651 0.705210
v -0.213227 -0.482502 0.684085
v -0.305706 -0.479015 0.586126
v -0.241920 -0.481809 0.566556
v -0.272824 -0.479973 0.575538
v -0.283067 -0.454053 0.592213
v -0.273832 -0.450645 0.626418
v -0.163085 -0.511936 0.569468
v -0.196476 -0.496087 0.647118
v -0.178754 -0.503013 0.605479
v -0.187220 -0.496301 0.562116
v -0.213164 -0.486648 0.561446
v -0.247216 -0.463196 0.630062
v -0.227529 -0.470813 0.589108
v -0.221517 -0.478212 0.636857
v -0.743511 -0.047115 0.477511
v -0.685982 -0.096365 0.420134
v -0.714353 -0.072941 0.448084
v -0.722836 -0.064601 0.493468
v -0.701999 -0.081741 0.508758
v -0.758892 -0.222832 0.420498
v -0.735878 -0.187955 0.418420
v -0.640774 -0.152177 0.434318
v -0.682366 -0.168319 0.424471
v -0.661042 -0.183385 0.438029
v -0.702454 -0.152584 0.409628
v -0.680686 -0.121921 0.406859
v -0.641565 -0.132466 0.554141
v -0.623338 -0.149435 0.570326
v -0.681066 -0.098870 0.523792
v -0.660916 -0.115639 0.538748
v -0.605910 -0.157309 0.473683
v -0.632664 -0.137565 0.505108
v -0.625365 -0.142407 0.460740
v -0.665836 -0.112059 0.434137
v -0.645472 -0.127402 0.447587
v -0.672804 -0.105628 0.477061
v -0.683490 -0.422420 0.296423
v -0.670368 -0.385599 0.301282
v -0.607563 -0.348577 0.338466
v -0.633410 -0.363900 0.318229
v -0.609824 -0.376892 0.330491
v -0.656733 -0.350212 0.305307
v -0.652737 -0.321329 0.313358
v -0.620216 -0.353215 0.496362
v -0.619916 -0.353807 0.455874
v -0.602237 -0.372203 0.473052
v -0.660517 -0.320251 0.425492
v -0.639396 -0.336579 0.440131
v -0.662325 -0.319102 0.465664
v -0.580142 -0.358547 0.381937
v -0.607679 -0.347496 0.409240
v -0.599603 -0.343468 0.368351
v -0.730847 -0.272386 0.383429
v -0.756618 -0.252689 0.407981
v -0.665840 -0.300661 0.329689
v -0.695189 -0.286362 0.354509
v -0.708792 -0.286382 0.437248
v -0.706811 -0.288437 0.397543
v -0.683316 -0.304213 0.411394
v -0.620724 -0.329125 0.355291
v -0.649054 -0.316320 0.381235
v -0.643029 -0.314977 0.342542
v -0.508553 -0.282545 0.710159
v -0.487291 -0.301163 0.726651
v -0.543796 -0.243203 0.669761
v -0.527197 -0.262998 0.690754
v -0.487695 -0.301412 0.620214
v -0.512191 -0.285968 0.661226
v -0.500525 -0.280669 0.597815
v -0.605421 -0.167724 0.588228
v -0.589487 -0.185617 0.606951
v -0.538072 -0.223074 0.535585
v -0.565140 -0.206136 0.572182
v -0.552206 -0.206113 0.518217
v -0.574276 -0.204187 0.627025
v -0.559345 -0.223335 0.648084
v -0.577242 -0.356755 0.534956
v -0.557213 -0.315684 0.526015
v -0.597266 -0.339294 0.520407
v -0.497141 -0.279841 0.549042
v -0.517514 -0.292304 0.528667
v -0.500412 -0.309272 0.543791
v -0.553323 -0.260024 0.500832
v -0.535049 -0.275851 0.514276
v -0.525936 -0.244656 0.514499
v -0.539072 -0.244517 0.614943
v -0.524962 -0.241249 0.554626
v -0.512645 -0.260510 0.575531
v -0.736517 -0.240694 0.436178
v -0.689139 -0.274362 0.464764
v -0.713041 -0.257850 0.450851
v -0.692551 -0.221188 0.448454
v -0.639565 -0.199350 0.451101
v -0.619089 -0.322898 0.505954
v -0.573854 -0.245036 0.488015
v -0.599485 -0.284176 0.499944
v -0.641725 -0.306733 0.492014
v -0.665065 -0.290726 0.478448
v -0.595989 -0.170680 0.535778
v -0.599189 -0.181924 0.459345
v -0.586507 -0.173153 0.487251
v -0.568505 -0.189348 0.501942
v -0.559679 -0.212493 0.485116
v -0.645992 -0.253466 0.474907
v -0.595199 -0.229882 0.475681
v -0.617282 -0.214709 0.463513
v -0.289966 -0.619201 0.415722
v -0.330424 -0.606231 0.478507
v -0.308076 -0.609629 0.444044
v -0.325252 -0.620711 0.417299
v -0.362246 -0.622868 0.419383
v -0.414197 -0.557826 0.608421
v -0.402014 -0.585781 0.588765
v -0.409520 -0.567035 0.491497
v -0.410489 -0.582489 0.544266
v -0.435422 -0.559961 0.527557
v -0.381299 -0.600345 0.556568
v -0.356103 -0.605107 0.517853
v -0.466706 -0.605641 0.410169
v -0.495288 -0.589810 0.400402
v -0.399595 -0.622201 0.419677
v -0.434630 -0.616668 0.416740
v -0.439492 -0.542746 0.437390
v -0.434853 -0.575856 0.425124
v -0.414749 -0.561141 0.449488
v -0.359536 -0.592358 0.469827
v -0.387905 -0.577557 0.460346
v -0.372461 -0.596067 0.436757
v -0.474421 -0.330908 0.706630
v -0.466055 -0.321825 0.590455
v -0.470343 -0.326322 0.645735
v -0.449823 -0.350602 0.669088
v -0.425051 -0.367142 0.631288
v -0.580030 -0.394870 0.531796
v -0.555144 -0.379058 0.552331
v -0.507358 -0.422735 0.585333
v -0.532220 -0.401404 0.569597
v -0.537969 -0.444016 0.571013
v -0.515627 -0.353251 0.556184
v -0.480744 -0.330585 0.561745
v -0.411483 -0.468201 0.607580
v -0.416419 -0.515100 0.613403
v -0.409590 -0.389990 0.607245
v -0.406586 -0.424040 0.601642
v -0.486077 -0.488413 0.603160
v -0.447208 -0.457442 0.605770
v -0.479041 -0.442018 0.598035
v -0.459369 -0.351533 0.579173
v -0.466743 -0.393296 0.585584
v -0.435774 -0.371623 0.594725
v -0.660125 -0.443198 0.309130
v -0.612909 -0.483778 0.334063
v -0.636317 -0.463483 0.321562
v -0.623590 -0.419235 0.326761
v -0.587757 -0.395742 0.341826
v -0.522084 -0.569436 0.387658
v -0.545374 -0.548152 0.374283
v -0.525165 -0.455205 0.379281
v -0.535126 -0.500010 0.377111
v -0.505696 -0.476432 0.393226
v -0.567693 -0.526296 0.360560
v -0.589884 -0.504826 0.347145
v -0.569323 -0.385573 0.438719
v -0.582083 -0.395157 0.488799
v -0.563680 -0.380205 0.362011
v -0.558733 -0.377588 0.393797
v -0.522865 -0.421368 0.423393
v -0.539717 -0.398444 0.407562
v -0.524545 -0.420174 0.387700
v -0.578562 -0.458885 0.351162
v -0.545075 -0.434456 0.366089
v -0.565953 -0.414692 0.353644
v -0.450058 -0.545108 0.603852
v -0.506342 -0.501953 0.574693
v -0.480801 -0.525900 0.592065
v -0.462004 -0.548610 0.564411
v -0.457616 -0.533379 0.508720
v -0.564045 -0.420389 0.509173
v -0.507589 -0.447219 0.443342
v -0.535521 -0.434882 0.475674
v -0.546480 -0.447326 0.531181
v -0.527920 -0.474888 0.553510
v -0.489056 -0.541760 0.403780
v -0.453330 -0.519024 0.457294
v -0.463140 -0.521410 0.423423
v -0.484969 -0.498937 0.408409
v -0.489756 -0.467114 0.420190
v -0.504089 -0.492881 0.522222
v -0.492413 -0.475315 0.464747
v -0.476204 -0.504553 0.487032
v -0.045577 -0.461930 -0.719250
v -0.076214 -0.474354 -0.654527
v -0.060561 -0.462609 -0.677633
v -0.071602 -0.439860 -0.701243
v -0.096102 -0.418986 -0.684107
v -0.153189 -0.584650 -0.638994
v -0.134366 -0.562091 -0.650769
v -0.149829 -0.484752 -0.657957
v -0.142769 -0.524215 -0.656596
v -0.171594 -0.516697 -0.660932
v -0.113995 -0.531089 -0.651520
v -0.094207 -0.499088 -0.648945
v -0.167733 -0.373403 -0.656706
v -0.193323 -0.364813 -0.658393
v -0.119981 -0.400386 -0.669856
v -0.143478 -0.385182 -0.660532
v -0.183805 -0.439032 -0.662555
v -0.161450 -0.407149 -0.654520
v -0.155863 -0.444838 -0.656294
v -0.102424 -0.462589 -0.652394
v -0.128871 -0.452748 -0.652915
v -0.110803 -0.429272 -0.658375
v -0.258508 -0.623734 -0.418275
v -0.240492 -0.604461 -0.432861
v -0.268000 -0.570830 -0.477932
v -0.254132 -0.587612 -0.455169
v -0.285480 -0.587430 -0.461916
v -0.225028 -0.591028 -0.451084
v -0.212355 -0.584808 -0.474820
v -0.333485 -0.511497 -0.587040
v -0.315000 -0.524875 -0.556005
v -0.343651 -0.515307 -0.556040
v -0.259007 -0.544680 -0.556788
v -0.286506 -0.534140 -0.555716
v -0.276540 -0.532644 -0.588470
v -0.312571 -0.549592 -0.505750
v -0.298068 -0.539093 -0.527720
v -0.282580 -0.554417 -0.502007
v -0.182257 -0.595963 -0.578816
v -0.169846 -0.595671 -0.613081
v -0.201783 -0.585544 -0.505368
v -0.192373 -0.590747 -0.541049
v -0.222574 -0.559603 -0.596307
v -0.207240 -0.575247 -0.568168
v -0.232478 -0.558164 -0.560756
v -0.253752 -0.560602 -0.499348
v -0.242305 -0.557052 -0.527258
v -0.226786 -0.570350 -0.499981
v -0.406342 -0.317489 -0.706430
v -0.432473 -0.303478 -0.699756
v -0.346661 -0.338062 -0.704196
v -0.377449 -0.329051 -0.707809
v -0.442010 -0.387593 -0.715188
v -0.412488 -0.360719 -0.717982
v -0.412883 -0.400907 -0.719647
v -0.222164 -0.358696 -0.665217
v -0.251568 -0.354124 -0.674989
v -0.314270 -0.424995 -0.705907
v -0.282641 -0.389555 -0.692610
v -0.280907 -0.428888 -0.695242
v -0.282605 -0.349859 -0.686069
v -0.314455 -0.344814 -0.696388
v -0.381776 -0.485219 -0.617727
v -0.373846 -0.481694 -0.655026
v -0.353949 -0.497394 -0.621505
v -0.405702 -0.435094 -0.708247
v -0.391954 -0.461597 -0.685425
v -0.420939 -0.448399 -0.681093
v -0.329755 -0.481210 -0.684435
v -0.361293 -0.472449 -0.686347
v -0.341646 -0.453918 -0.704644
v -0.349268 -0.379834 -0.713034
v -0.348151 -0.419599 -0.714369
v -0.381363 -0.411682 -0.719245
v -0.181739 -0.570492 -0.634604
v -0.237559 -0.542341 -0.625700
v -0.209711 -0.555922 -0.629644
v -0.192635 -0.542074 -0.652497
v -0.201951 -0.509911 -0.665151
v -0.324591 -0.508607 -0.622335
v -0.297244 -0.489176 -0.679977
v -0.313407 -0.502719 -0.655688
v -0.295115 -0.519191 -0.622564
v -0.266174 -0.530113 -0.623358
v -0.218426 -0.395823 -0.668376
v -0.209335 -0.473694 -0.671597
v -0.214603 -0.435104 -0.671934
v -0.247087 -0.432032 -0.683278
v -0.274502 -0.465001 -0.689491
v -0.252096 -0.521649 -0.652717
v -0.264800 -0.496142 -0.674878
v -0.232970 -0.502935 -0.669782
v -0.485891 -0.756559 -0.047941
v -0.523145 -0.721851 -0.084053
v -0.505724 -0.740788 -0.066206
v -0.480959 -0.766765 -0.078293
v -0.474198 -0.774256 -0.108766
v -0.578010 -0.631736 -0.151449
v -0.565829 -0.655097 -0.135260
v -0.526827 -0.715066 -0.162833
v -0.547278 -0.685483 -0.149050
v -0.540469 -0.691339 -0.179489
v -0.552823 -0.678183 -0.118660
v -0.538786 -0.700562 -0.101701
v -0.444456 -0.781667 -0.199650
v -0.431727 -0.779157 -0.228783
v -0.465742 -0.779199 -0.139566
v -0.455815 -0.781657 -0.169789
v -0.494008 -0.745521 -0.206821
v -0.476088 -0.765344 -0.188787
v -0.503282 -0.742520 -0.176340
v -0.518098 -0.730679 -0.114714
v -0.511415 -0.737520 -0.145570
v -0.493980 -0.757617 -0.127506
v -0.630889 -0.423074 -0.261474
v -0.630050 -0.451186 -0.250673
v -0.600619 -0.502873 -0.281986
v -0.615688 -0.476918 -0.266274
v -0.601864 -0.473265 -0.292494
v -0.627987 -0.479292 -0.239100
v -0.624007 -0.506647 -0.226589
v -0.532526 -0.611175 -0.347195
v -0.551241 -0.583935 -0.330823
v -0.537622 -0.580118 -0.358533
v -0.574315 -0.587082 -0.273099
v -0.563415 -0.586173 -0.302208
v -0.556433 -0.614751 -0.288891
v -0.571326 -0.525750 -0.324932
v -0.568457 -0.556464 -0.314304
v -0.584773 -0.529494 -0.298052
v -0.600479 -0.583201 -0.183638
v -0.589903 -0.607145 -0.168202
v -0.617891 -0.533286 -0.212930
v -0.609946 -0.558634 -0.198626
v -0.575303 -0.613037 -0.228819
v -0.592910 -0.585613 -0.213603
v -0.584190 -0.586903 -0.243319
v -0.597137 -0.531891 -0.270289
v -0.591561 -0.559921 -0.257315
v -0.608232 -0.533189 -0.241849
v -0.303714 -0.675780 -0.388712
v -0.282493 -0.651369 -0.402568
v -0.345926 -0.720579 -0.354726
v -0.325110 -0.699332 -0.372929
v -0.363250 -0.670270 -0.414249
v -0.344912 -0.686521 -0.394413
v -0.385156 -0.691373 -0.396661
v -0.417119 -0.773564 -0.258349
v -0.401503 -0.765297 -0.285226
v -0.441772 -0.733773 -0.326676
v -0.422661 -0.751469 -0.306661
v -0.456937 -0.740709 -0.299278
v -0.384403 -0.753810 -0.310509
v -0.365906 -0.738985 -0.333690
v -0.495343 -0.630615 -0.389742
v -0.485698 -0.660471 -0.376953
v -0.510512 -0.637897 -0.363284
v -0.423011 -0.688579 -0.394436
v -0.456567 -0.677955 -0.387682
v -0.437486 -0.664517 -0.410694
v -0.488228 -0.694418 -0.334565
v -0.473479 -0.687842 -0.362081
v -0.458848 -0.712298 -0.345357
v -0.386764 -0.726043 -0.355640
v -0.424850 -0.723310 -0.352508
v -0.405920 -0.709179 -0.376026
v -0.571992 -0.636273 -0.182217
v -0.556548 -0.642090 -0.243782
v -0.564791 -0.639688 -0.213056
v -0.553176 -0.665861 -0.196580
v -0.532849 -0.695072 -0.211035
v -0.524448 -0.641718 -0.334701
v -0.501859 -0.697606 -0.304951
v -0.514180 -0.670635 -0.320551
v -0.536563 -0.643395 -0.304990
v -0.547140 -0.643379 -0.274723
v -0.452390 -0.763893 -0.249641
v -0.509756 -0.722726 -0.225272
v -0.483261 -0.746304 -0.238356
v -0.470948 -0.744825 -0.269344
v -0.487368 -0.722656 -0.287706
v -0.536312 -0.671064 -0.259182
v -0.513598 -0.698622 -0.274116
v -0.523868 -0.697660 -0.242666
v -0.694610 -0.044016 -0.446105
v -0.637308 -0.074209 -0.461874
v -0.664073 -0.059349 -0.453352
v -0.677672 -0.069196 -0.425075
v -0.680090 -0.095538 -0.416526
v -0.565539 -0.135579 -0.517442
v -0.579139 -0.119576 -0.500222
v -0.646182 -0.147147 -0.476076
v -0.609853 -0.132605 -0.486896
v -0.635652 -0.165031 -0.496935
v -0.595174 -0.104136 -0.485159
v -0.614273 -0.089174 -0.472424
v -0.752672 -0.192244 -0.427969
v -0.762453 -0.223878 -0.422471
v -0.700762 -0.125517 -0.418859
v -0.729086 -0.158369 -0.425158
v -0.708139 -0.196450 -0.469237
v -0.720543 -0.177736 -0.448220
v -0.684422 -0.162543 -0.463903
v -0.637663 -0.100111 -0.452143
v -0.656610 -0.129600 -0.455310
v -0.667478 -0.112335 -0.435207
v -0.459545 -0.284015 -0.685276
v -0.478739 -0.265981 -0.668527
v -0.540591 -0.303136 -0.645669
v -0.512830 -0.286325 -0.662051
v -0.523327 -0.323434 -0.665528
v -0.495031 -0.246952 -0.648610
v -0.508856 -0.227577 -0.626727
v -0.572437 -0.325189 -0.498774
v -0.571950 -0.324033 -0.539927
v -0.551251 -0.340692 -0.510869
v -0.593489 -0.276080 -0.580583
v -0.588018 -0.303160 -0.565188
v -0.608151 -0.285789 -0.550459
v -0.550146 -0.340009 -0.597836
v -0.568730 -0.321232 -0.580987
v -0.559233 -0.314793 -0.617617
v -0.542450 -0.170806 -0.558520
v -0.553292 -0.153282 -0.537579
v -0.520976 -0.208015 -0.603628
v -0.531897 -0.189119 -0.580753
v -0.598552 -0.223412 -0.561709
v -0.565409 -0.206234 -0.572455
v -0.585157 -0.242595 -0.582453
v -0.556465 -0.282777 -0.624725
v -0.571231 -0.262513 -0.603510
v -0.541862 -0.245783 -0.618126
v -0.635937 -0.365794 -0.285808
v -0.632218 -0.390732 -0.274187
v -0.659406 -0.324612 -0.316559
v -0.644437 -0.343655 -0.299590
v -0.601343 -0.371650 -0.325895
v -0.621540 -0.357081 -0.312266
v -0.607409 -0.348489 -0.338381
v -0.755032 -0.252160 -0.407126
v -0.734810 -0.273863 -0.385509
v -0.665240 -0.296165 -0.400511
v -0.699692 -0.285531 -0.393539
v -0.690990 -0.279189 -0.426265
v -0.708056 -0.291662 -0.361071
v -0.681471 -0.307720 -0.337429
v -0.554341 -0.342602 -0.435430
v -0.577093 -0.329366 -0.424383
v -0.573461 -0.326588 -0.458943
v -0.594521 -0.340557 -0.365229
v -0.584182 -0.334059 -0.393415
v -0.572290 -0.353694 -0.376767
v -0.627128 -0.302145 -0.440919
v -0.603174 -0.317511 -0.415197
v -0.632532 -0.306683 -0.407465
v -0.649034 -0.317919 -0.345741
v -0.639929 -0.311872 -0.375875
v -0.620018 -0.328750 -0.354886
v -0.587170 -0.168154 -0.527850
v -0.628081 -0.238464 -0.544406
v -0.611870 -0.203791 -0.540230
v -0.624297 -0.184310 -0.518646
v -0.660227 -0.200456 -0.506137
v -0.596205 -0.310963 -0.487252
v -0.651422 -0.284762 -0.468633
v -0.622716 -0.297647 -0.477440
v -0.617251 -0.292597 -0.514760
v -0.629661 -0.268865 -0.535474
v -0.739211 -0.241575 -0.437773
v -0.692295 -0.215786 -0.488293
v -0.718531 -0.229485 -0.465277
v -0.711550 -0.257311 -0.449908
v -0.681775 -0.271430 -0.459797
v -0.651631 -0.251677 -0.520781
v -0.669106 -0.262535 -0.491900
v -0.672954 -0.234073 -0.505317
v -0.296606 -0.633381 -0.425242
v -0.375864 -0.646285 -0.435149
v -0.336469 -0.642118 -0.431691
v -0.309895 -0.613229 -0.446666
v -0.322382 -0.591476 -0.466861
v -0.500167 -0.595621 -0.404347
v -0.475653 -0.617251 -0.418032
v -0.428751 -0.580085 -0.464663
v -0.453163 -0.600104 -0.443024
v -0.457100 -0.564491 -0.454914
v -0.446700 -0.633793 -0.428314
v -0.413388 -0.643678 -0.434164
v -0.359761 -0.524213 -0.526884
v -0.374503 -0.504367 -0.550113
v -0.334579 -0.568532 -0.486553
v -0.346713 -0.545890 -0.506083
v -0.410820 -0.528322 -0.497749
v -0.380040 -0.539282 -0.503894
v -0.403538 -0.558752 -0.484318
v -0.386895 -0.619167 -0.453683
v -0.395972 -0.589568 -0.469919
v -0.359916 -0.592984 -0.470324
v -0.616131 -0.413661 -0.288528
v -0.582898 -0.392470 -0.339000
v -0.599833 -0.403263 -0.314312
v -0.601073 -0.437812 -0.303752
v -0.586356 -0.462820 -0.319591
v -0.531655 -0.360923 -0.446453
v -0.539433 -0.365330 -0.415686
v -0.533429 -0.427290 -0.394266
v -0.533304 -0.393710 -0.402720
v -0.517125 -0.416742 -0.418745
v -0.551304 -0.372568 -0.388561
v -0.566152 -0.381872 -0.363599
v -0.539880 -0.542630 -0.370513
v -0.521960 -0.569302 -0.387566
v -0.571355 -0.488968 -0.336241
v -0.556110 -0.515559 -0.353204
v -0.521035 -0.490883 -0.405153
v -0.539179 -0.503797 -0.379967
v -0.536401 -0.464944 -0.387396
v -0.566433 -0.415043 -0.353944
v -0.551200 -0.439337 -0.370202
v -0.569195 -0.451455 -0.345477
v -0.469981 -0.327811 -0.700017
v -0.466760 -0.403169 -0.693234
v -0.473119 -0.368760 -0.703740
v -0.500146 -0.346999 -0.686652
v -0.519390 -0.358655 -0.658026
v -0.392551 -0.485576 -0.578245
v -0.412075 -0.468875 -0.608455
v -0.464155 -0.428282 -0.579451
v -0.439621 -0.449682 -0.595494
v -0.445721 -0.447863 -0.553083
v -0.432785 -0.451363 -0.640409
v -0.452101 -0.430467 -0.670271
v -0.528505 -0.360868 -0.525826
v -0.528211 -0.359593 -0.484287
v -0.528246 -0.363250 -0.617251
v -0.529796 -0.362958 -0.571468
v -0.488090 -0.402848 -0.518070
v -0.507391 -0.382678 -0.543025
v -0.486533 -0.405384 -0.561308
v -0.480178 -0.409489 -0.655326
v -0.485240 -0.408882 -0.608790
v -0.505310 -0.386689 -0.637095
v -0.503029 -0.557239 -0.415317
v -0.501562 -0.478374 -0.430319
v -0.503093 -0.517583 -0.423672
v -0.482108 -0.542764 -0.440764
v -0.460230 -0.526923 -0.464254
v -0.511643 -0.381334 -0.461869
v -0.474435 -0.426775 -0.497432
v -0.493081 -0.403616 -0.479277
v -0.502935 -0.408420 -0.446730
v -0.500541 -0.441009 -0.437186
v -0.404119 -0.489467 -0.542215
v -0.438587 -0.511200 -0.487566
v -0.419524 -0.498168 -0.512516
v -0.430694 -0.471092 -0.530363
v -0.453853 -0.449920 -0.515119
v -0.482831 -0.466065 -0.455704
v -0.466442 -0.456072 -0.483221
v -0.462517 -0.490050 -0.473034
v 0.668914 0.000000 -0.467105
v 0.689391 -0.035599 -0.541458
v 0.685903 -0.017361 -0.508234
v 0.649767 0.016446 -0.481458
v 0.630908 0.032579 -0.495525
v 0.546700 -0.093451 -0.540264
v 0.565940 -0.078531 -0.528257
v 0.627837 -0.017469 -0.586196
v 0.596770 -0.049602 -0.557138
v 0.581547 -0.032992 -0.574700
v 0.612233 -0.066294 -0.539726
v 0.662074 -0.052564 -0.551225
v 0.578692 0.080300 -0.540160
v 0.563627 0.096345 -0.556991
v 0.612459 0.048625 -0.509917
v 0.595035 0.064432 -0.524565
v 0.617668 0.035041 -0.610396
v 0.612351 0.050897 -0.571684
v 0.634605 0.017657 -0.592515
v 0.670740 -0.017750 -0.558387
v 0.652366 0.000000 -0.575321
v 0.647620 0.017138 -0.539140
v 0.450403 -0.241619 -0.728767
v 0.448412 -0.213344 -0.678483
v 0.457277 -0.149241 -0.692677
v 0.442805 -0.177300 -0.670412
v 0.426629 -0.161417 -0.690300
v 0.457335 -0.192446 -0.648549
v 0.488203 -0.181038 -0.650259
v 0.481090 -0.017786 -0.729458
v 0.501065 -0.054338 -0.759670
v 0.482960 -0.036094 -0.781445
v 0.531671 -0.089351 -0.710620
v 0.517186 -0.072121 -0.735732
v 0.508897 -0.051890 -0.680573
v 0.464171 -0.104499 -0.751044
v 0.502553 -0.090639 -0.761777
v 0.483503 -0.122167 -0.732682
v 0.570297 -0.138601 -0.634294
v 0.555941 -0.114788 -0.583549
v 0.531974 -0.172656 -0.666118
v 0.564507 -0.159365 -0.665885
v 0.532633 -0.083993 -0.630605
v 0.557834 -0.122540 -0.659263
v 0.545146 -0.106213 -0.684708
v 0.500905 -0.139534 -0.711746
v 0.535933 -0.125872 -0.715427
v 0.516967 -0.156359 -0.689312
v 0.470597 0.223899 -0.712052
v 0.452355 0.242667 -0.731926
v 0.500123 0.185458 -0.666136
v 0.486362 0.204661 -0.689713
v 0.475720 0.179991 -0.769732
v 0.492639 0.197254 -0.745862
v 0.498403 0.162663 -0.754975
v 0.549358 0.113428 -0.576638
v 0.536653 0.130425 -0.596875
v 0.553097 0.107762 -0.694695
v 0.553463 0.121580 -0.654098
v 0.568597 0.089664 -0.673184
v 0.524604 0.148100 -0.618816
v 0.512700 0.166400 -0.641983
v 0.442246 0.033051 -0.715569
v 0.450822 0.048889 -0.683497
v 0.457969 0.016932 -0.694401
v 0.484978 0.122540 -0.734916
v 0.463399 0.083578 -0.702428
v 0.442372 0.099591 -0.715773
v 0.500291 0.051012 -0.669064
v 0.482614 0.067300 -0.686552
v 0.524781 0.088193 -0.701411
v 0.525970 0.159082 -0.701317
v 0.536580 0.126024 -0.716290
v 0.518518 0.144441 -0.736774
v 0.533849 -0.078518 -0.560194
v 0.509707 -0.048218 -0.603103
v 0.521567 -0.063462 -0.581174
v 0.537480 -0.047345 -0.563895
v 0.564704 -0.016660 -0.592398
v 0.472484 0.000000 -0.672402
v 0.516462 0.033727 -0.649661
v 0.481881 0.016378 -0.644377
v 0.485601 -0.016505 -0.649352
v 0.497788 -0.032507 -0.626171
v 0.581094 0.085467 -0.609770
v 0.593626 0.017513 -0.622739
v 0.600782 0.052921 -0.630307
v 0.584516 0.071121 -0.651317
v 0.559620 0.052939 -0.662161
v 0.509518 -0.016069 -0.602939
v 0.532551 0.016795 -0.630195
v 0.548551 0.000000 -0.611002
v 0.030280 -0.447564 -0.803447
v 0.028621 -0.369077 -0.786219
v 0.029592 -0.409599 -0.799346
v 0.058100 -0.420233 -0.773986
v 0.082175 -0.387816 -0.733190
v 0.028431 -0.254009 -0.821435
v 0.027572 -0.273831 -0.787778
v 0.081577 -0.305412 -0.762022
v 0.054874 -0.290306 -0.776417
v 0.084564 -0.288729 -0.800093
v 0.027330 -0.298548 -0.771448
v 0.027776 -0.330460 -0.773226
v 0.160653 -0.351094 -0.721444
v 0.194862 -0.354975 -0.751200
v 0.104870 -0.361653 -0.702616
v 0.129991 -0.350051 -0.699074
v 0.139207 -0.320610 -0.772567
v 0.134068 -0.334890 -0.732602
v 0.107991 -0.320029 -0.746621
v 0.054653 -0.342953 -0.752528
v 0.080086 -0.325665 -0.736604
v 0.080372 -0.353001 -0.728079
v 0.028328 -0.017508 -0.847576
v 0.027646 -0.045726 -0.826178
v 0.081171 -0.078265 -0.804208
v 0.054837 -0.062309 -0.817134
v 0.083889 -0.051846 -0.833214
v 0.027916 -0.075128 -0.832459
v 0.028959 -0.107805 -0.860438
v 0.183081 -0.140621 -0.759094
v 0.157113 -0.124493 -0.765364
v 0.191577 -0.118401 -0.798542
v 0.108768 -0.151947 -0.795502
v 0.130009 -0.134610 -0.760863
v 0.132435 -0.164738 -0.770935
v 0.137311 -0.084863 -0.811505
v 0.131929 -0.109046 -0.775981
v 0.106901 -0.093841 -0.789578
v 0.030705 -0.209151 -0.897240
v 0.029845 -0.233408 -0.864681
v 0.030136 -0.143680 -0.892231
v 0.030843 -0.178608 -0.907638
v 0.089864 -0.210706 -0.871343
v 0.061004 -0.195566 -0.892407
v 0.087104 -0.174609 -0.850904
v 0.081177 -0.106333 -0.800168
v 0.083641 -0.138582 -0.820630
v 0.056965 -0.123909 -0.843123
v 0.405451 -0.282175 -0.768144
v 0.438866 -0.271234 -0.772125
v 0.314095 -0.278657 -0.699455
v 0.358209 -0.281160 -0.733977
v 0.381445 -0.235746 -0.800704
v 0.372979 -0.261577 -0.773639
v 0.339347 -0.240123 -0.773868
v 0.227689 -0.349628 -0.764439
v 0.250544 -0.331364 -0.748003
v 0.233505 -0.253932 -0.713299
v 0.242061 -0.291584 -0.731128
v 0.218187 -0.277434 -0.748901
v 0.266252 -0.306249 -0.714859
v 0.283829 -0.286140 -0.691766
v 0.250943 -0.155091 -0.799635
v 0.240958 -0.177197 -0.760011
v 0.211551 -0.158524 -0.757508
v 0.305275 -0.218332 -0.770280
v 0.272358 -0.197254 -0.764953
v 0.315978 -0.195285 -0.805746
v 0.204363 -0.206483 -0.716615
v 0.232274 -0.198029 -0.725022
v 0.229411 -0.222363 -0.708468
v 0.284419 -0.258848 -0.701299
v 0.256075 -0.239959 -0.703808
v 0.292794 -0.237862 -0.730326
v 0.059291 -0.252218 -0.855257
v 0.117402 -0.225656 -0.846893
v 0.090398 -0.243887 -0.869072
v 0.088255 -0.269597 -0.841628
v 0.116519 -0.285827 -0.825578
v 0.178655 -0.163878 -0.732886
v 0.185930 -0.225924 -0.746918
v 0.179813 -0.191753 -0.729926
v 0.156076 -0.178028 -0.748358
v 0.138312 -0.200733 -0.796328
v 0.199734 -0.333216 -0.777989
v 0.144510 -0.301609 -0.808709
v 0.172039 -0.317218 -0.792692
v 0.199290 -0.302201 -0.784295
v 0.193801 -0.264788 -0.770615
v 0.143813 -0.239128 -0.820502
v 0.169153 -0.252000 -0.794574
v 0.146265 -0.274244 -0.826665
v 0.027874 0.412002 -0.739608
v 0.084334 0.398006 -0.752454
v 0.056113 0.405861 -0.747516
v 0.027250 0.377191 -0.736102
v 0.027653 0.356591 -0.759622
v 0.196970 0.358816 -0.759327
v 0.168688 0.368654 -0.757529
v 0.104923 0.310936 -0.725406
v 0.134186 0.335183 -0.733244
v 0.129342 0.297891 -0.717822
v 0.140648 0.378748 -0.756385
v 0.112696 0.388643 -0.755050
v 0.030634 0.304246 -0.875276
v 0.030017 0.268181 -0.867267
v 0.028929 0.344178 -0.805325
v 0.030163 0.329492 -0.851406
v 0.086114 0.294021 -0.814758
v 0.059093 0.312625 -0.836106
v 0.082141 0.307524 -0.767293
v 0.081026 0.355873 -0.734004
v 0.080046 0.325503 -0.736238
v 0.054349 0.341045 -0.748342
v 0.426932 0.263858 -0.751129
v 0.402564 0.280166 -0.762675
v 0.339481 0.240218 -0.774174
v 0.381652 0.267660 -0.791629
v 0.372699 0.230340 -0.782343
v 0.375702 0.294890 -0.769821
v 0.347047 0.307891 -0.772836
v 0.225268 0.168802 -0.806623
v 0.238905 0.175687 -0.753536
v 0.250722 0.154955 -0.798931
v 0.231196 0.224094 -0.713981
v 0.230340 0.196380 -0.718985
v 0.205895 0.208031 -0.721987
v 0.284044 0.175549 -0.724316
v 0.256461 0.185741 -0.720307
v 0.291067 0.208171 -0.734432
v 0.256571 0.339335 -0.765996
v 0.227050 0.348647 -0.762293
v 0.316921 0.319502 -0.772420
v 0.286695 0.329764 -0.769748
v 0.210956 0.268240 -0.724083
v 0.251799 0.303315 -0.760541
v 0.240695 0.261751 -0.735261
v 0.305578 0.248248 -0.762214
v 0.272350 0.255210 -0.748540
v 0.316886 0.288397 -0.781355
v 0.030807 0.050954 -0.920637
v 0.029839 0.018441 -0.892779
v 0.029890 0.111270 -0.888096
v 0.030833 0.082977 -0.919434
v 0.088967 0.054985 -0.883649
v 0.060747 0.069023 -0.905192
v 0.085141 0.082093 -0.843542
v 0.028889 0.225931 -0.836981
v 0.027794 0.189319 -0.812164
v 0.083113 0.166608 -0.811913
v 0.055590 0.178211 -0.813212
v 0.087088 0.204198 -0.844430
v 0.027635 0.160033 -0.813242
v 0.028503 0.135893 -0.843876
v 0.194639 0.120293 -0.811304
v 0.165945 0.131492 -0.808391
v 0.200407 0.153928 -0.830930
v 0.106388 0.093391 -0.785786
v 0.132086 0.109175 -0.776901
v 0.130061 0.080382 -0.768662
v 0.144058 0.179196 -0.838593
v 0.138072 0.142959 -0.808053
v 0.110698 0.154644 -0.809621
v 0.055834 0.121449 -0.826380
v 0.080913 0.134063 -0.793868
v 0.081774 0.107116 -0.806055
v 0.190394 0.317633 -0.741607
v 0.178244 0.243533 -0.708757
v 0.182088 0.276115 -0.716597
v 0.155068 0.285924 -0.714493
v 0.130217 0.271777 -0.728722
v 0.199386 0.182894 -0.817928
v 0.146664 0.212853 -0.844410
v 0.173284 0.197657 -0.830870
v 0.191298 0.204001 -0.776549
v 0.182145 0.221325 -0.731713
v 0.060330 0.256637 -0.870240
v 0.111734 0.274089 -0.791672
v 0.089723 0.274078 -0.855618
v 0.090105 0.243097 -0.866257
v 0.118802 0.228347 -0.856991
v 0.159082 0.236997 -0.747268
v 0.142991 0.237761 -0.815811
v 0.135882 0.254776 -0.767980
v 0.431461 -0.229413 -0.758383
v 0.382625 -0.198906 -0.801053
v 0.408703 -0.215065 -0.782718
v 0.414697 -0.185416 -0.728345
v 0.404896 -0.147507 -0.710668
v 0.261313 -0.125237 -0.828090
v 0.292096 -0.143851 -0.825402
v 0.329618 -0.101048 -0.754887
v 0.316045 -0.123466 -0.800454
v 0.302562 -0.084791 -0.763945
v 0.323184 -0.162653 -0.821232
v 0.353560 -0.181094 -0.813687
v 0.455298 -0.055170 -0.798257
v 0.459445 -0.019167 -0.805425
v 0.412889 -0.116347 -0.724358
v 0.434807 -0.087498 -0.762518
v 0.369797 -0.052922 -0.769604
v 0.403108 -0.070179 -0.768704
v 0.355345 -0.083450 -0.740154
v 0.369783 -0.156576 -0.772943
v 0.356135 -0.116944 -0.743155
v 0.381394 -0.132522 -0.728444
v 0.059479 0.000000 -0.888436
v 0.116376 0.035901 -0.863776
v 0.090972 0.018737 -0.903050
v 0.088588 -0.018246 -0.879389
v 0.116906 -0.036065 -0.867705
v 0.224696 0.103745 -0.812958
v 0.185199 0.081498 -0.771375
v 0.183335 0.016202 -0.763041
v 0.179685 0.047343 -0.748036
v 0.205929 0.031552 -0.745057
v 0.154597 0.063544 -0.756119
v 0.134924 0.049971 -0.795747
v 0.200882 -0.088400 -0.836697
v 0.229804 -0.106103 -0.831438
v 0.145047 -0.053720 -0.855449
v 0.172724 -0.070995 -0.844779
v 0.218842 -0.033531 -0.791778
v 0.201601 -0.053118 -0.839274
v 0.193511 -0.017101 -0.805395
v 0.142765 0.017638 -0.842287
v 0.168312 0.000000 -0.822249
v 0.147403 -0.018211 -0.869650
v 0.444045 0.236104 -0.780502
v 0.431011 0.157021 -0.756505
v 0.444898 0.198920 -0.781390
v 0.410227 0.215867 -0.785637
v 0.360568 0.187440 -0.754875
v 0.443635 0.018508 -0.777709
v 0.421610 0.051088 -0.739192
v 0.371170 0.087166 -0.773117
v 0.397811 0.069257 -0.758603
v 0.391024 0.055960 -0.813781
v 0.409128 0.082331 -0.717485
v 0.414121 0.116694 -0.726519
v 0.280979 0.138376 -0.793987
v 0.261199 0.125183 -0.827729
v 0.317079 0.162409 -0.729730
v 0.293594 0.147761 -0.746042
v 0.327557 0.091796 -0.827056
v 0.311681 0.121761 -0.789401
v 0.341933 0.104823 -0.783092
v 0.383470 0.133243 -0.732408
v 0.354137 0.116288 -0.738985
v 0.350732 0.148509 -0.733121
v 0.258083 -0.088192 -0.818368
v 0.235552 -0.016200 -0.747388
v 0.246060 -0.050390 -0.780567
v 0.274116 -0.067493 -0.771885
v 0.294524 -0.049623 -0.744432
v 0.258424 0.088309 -0.819449
v 0.329672 0.055545 -0.833271
v 0.293703 0.072316 -0.827038
v 0.246316 0.050443 -0.781378
v 0.235620 0.016205 -0.747603
v 0.431484 0.000000 -0.822380
v 0.335883 -0.034539 -0.767391
v 0.390114 -0.018622 -0.812012
v 0.399939 0.019091 -0.832463
v 0.365800 0.037615 -0.835745
v 0.267463 0.000000 -0.753719
v 0.317501 0.017839 -0.802365
v 0.301204 -0.016923 -0.761180
v 0.758010 0.028567 0.422253
v 0.799524 0.029106 0.375323
v 0.780088 0.028879 0.399731
v 0.790203 0.059318 0.429038
v 0.802851 0.089982 0.424663
v 0.849867 0.029415 0.262800
v 0.841512 0.029453 0.292510
v 0.854301 0.091456 0.342397
v 0.859506 0.060746 0.321374
v 0.867889 0.091729 0.313194
v 0.830367 0.029417 0.321350
v 0.816470 0.029330 0.348941
v 0.739543 0.164683 0.359902
v 0.719716 0.186695 0.340098
v 0.792785 0.118328 0.408066
v 0.767568 0.142727 0.384348
v 0.798582 0.143894 0.331405
v 0.783386 0.143362 0.358104
v 0.825591 0.119413 0.353879
v 0.829661 0.060255 0.378105
v 0.838885 0.091206 0.370885
v 0.821725 0.090709 0.398404
v 0.836031 0.027942 0.017269
v 0.842438 0.028190 0.046626
v 0.910626 0.091912 0.088621
v 0.879958 0.059053 0.067099
v 0.906538 0.091271 0.056409
v 0.848675 0.028460 0.076591
v 0.853962 0.028741 0.106994
v 0.806674 0.194557 0.149435
v 0.845353 0.173533 0.137504
v 0.816649 0.195921 0.121086
v 0.899462 0.122982 0.171804
v 0.876225 0.149721 0.155020
v 0.864894 0.148576 0.184816
v 0.897185 0.151808 0.093823
v 0.887114 0.150824 0.124663
v 0.913584 0.123690 0.108579
v 0.858955 0.029395 0.200226
v 0.855996 0.029546 0.231063
v 0.857699 0.028970 0.138120
v 0.859465 0.029206 0.169129
v 0.899382 0.092756 0.217487
v 0.890643 0.060883 0.195180
v 0.905722 0.092715 0.185858
v 0.911731 0.092495 0.121159
v 0.909964 0.092746 0.153668
v 0.890538 0.060169 0.130878
v 0.755417 0.398733 0.277500
v 0.741238 0.421310 0.260384
v 0.759875 0.341227 0.302727
v 0.762004 0.371887 0.291896
v 0.788528 0.375645 0.232161
v 0.776350 0.374286 0.262494
v 0.786811 0.345022 0.244139
v 0.713578 0.212540 0.326366
v 0.720450 0.241315 0.319158
v 0.750254 0.245603 0.267088
v 0.736620 0.243879 0.293774
v 0.743549 0.216628 0.275451
v 0.734676 0.273632 0.314739
v 0.749611 0.307562 0.310067
v 0.781121 0.245133 0.151500
v 0.776462 0.246173 0.181033
v 0.782545 0.218543 0.163763
v 0.787032 0.311914 0.223080
v 0.781017 0.278077 0.201396
v 0.793361 0.311121 0.192283
v 0.765994 0.218445 0.220711
v 0.770040 0.246696 0.210325
v 0.761444 0.246565 0.238991
v 0.765070 0.310282 0.282386
v 0.763703 0.277867 0.260380
v 0.777607 0.311749 0.253261
v 0.880106 0.061014 0.259546
v 0.879204 0.121882 0.234266
v 0.890735 0.092651 0.249966
v 0.880187 0.092299 0.281948
v 0.854333 0.120577 0.295783
v 0.795936 0.194025 0.177977
v 0.774143 0.192707 0.234159
v 0.785240 0.193439 0.206284
v 0.820992 0.171224 0.195307
v 0.852030 0.147987 0.214774
v 0.734966 0.188689 0.314789
v 0.812351 0.145161 0.302967
v 0.769173 0.166935 0.307806
v 0.749146 0.190359 0.288657
v 0.762130 0.191667 0.261872
v 0.839190 0.147089 0.244574
v 0.795688 0.169390 0.252353
v 0.825988 0.146146 0.274020
v 0.735437 0.027717 -0.409678
v 0.802273 0.089917 -0.424357
v 0.777602 0.058372 -0.422197
v 0.775803 0.028720 -0.397535
v 0.813325 0.029608 -0.381801
v 0.715646 0.185639 -0.338175
v 0.729915 0.162539 -0.355216
v 0.791400 0.114468 -0.339223
v 0.759761 0.139038 -0.347304
v 0.758980 0.136758 -0.314971
v 0.763186 0.141912 -0.382154
v 0.794794 0.118628 -0.409100
v 0.873479 0.030572 -0.303621
v 0.873582 0.030236 -0.270134
v 0.843890 0.030315 -0.360660
v 0.863994 0.030609 -0.334363
v 0.816115 0.086257 -0.294511
v 0.851800 0.060202 -0.318493
v 0.823264 0.088133 -0.329957
v 0.819752 0.090491 -0.397447
v 0.825751 0.089778 -0.365078
v 0.836724 0.060768 -0.381323
v 0.667855 0.379600 -0.234606
v 0.698740 0.368817 -0.256680
v 0.762378 0.334308 -0.236558
v 0.730318 0.352094 -0.246929
v 0.725781 0.345753 -0.213687
v 0.735561 0.358982 -0.281767
v 0.767530 0.344664 -0.305777
v 0.874589 0.244249 -0.183025
v 0.852448 0.270264 -0.198749
v 0.847979 0.266114 -0.164468
v 0.840646 0.272212 -0.263850
v 0.850788 0.272565 -0.232380
v 0.853469 0.243391 -0.245916
v 0.787234 0.308718 -0.190798
v 0.824982 0.293730 -0.212733
v 0.794508 0.314876 -0.225199
v 0.754143 0.252601 -0.334083
v 0.727642 0.216729 -0.332798
v 0.783596 0.321506 -0.324124
v 0.777619 0.289627 -0.333136
v 0.798580 0.232660 -0.295838
v 0.790752 0.261800 -0.315363
v 0.820379 0.268559 -0.292053
v 0.798537 0.320140 -0.260078
v 0.820947 0.298695 -0.279897
v 0.796010 0.322830 -0.293806
v 0.825942 0.027638 -0.045713
v 0.829435 0.027722 -0.017133
v 0.828146 0.027872 -0.103759
v 0.825297 0.027676 -0.074482
v 0.867186 0.087309 -0.053960
v 0.833571 0.055940 -0.063562
v 0.851260 0.085920 -0.082844
v 0.866187 0.029897 -0.233814
v 0.855617 0.029281 -0.199448
v 0.809680 0.082884 -0.166150
v 0.819410 0.056014 -0.179569
v 0.803509 0.082868 -0.194303
v 0.844357 0.028693 -0.166156
v 0.834761 0.028195 -0.134426
v 0.893506 0.214360 -0.132482
v 0.893518 0.183420 -0.145338
v 0.889336 0.214494 -0.164748
v 0.871527 0.117996 -0.103581
v 0.887048 0.150813 -0.124653
v 0.901693 0.152571 -0.094294
v 0.844490 0.145071 -0.180456
v 0.867534 0.148236 -0.153482
v 0.831532 0.113694 -0.158829
v 0.818314 0.055289 -0.120263
v 0.820773 0.083655 -0.138606
v 0.835284 0.084740 -0.111000
v 0.737805 0.189418 -0.316005
v 0.800175 0.201235 -0.274945
v 0.767451 0.195010 -0.295711
v 0.749156 0.162591 -0.299796
v 0.763643 0.136457 -0.284801
v 0.877641 0.213942 -0.196247
v 0.819903 0.142407 -0.206675
v 0.854687 0.178251 -0.203322
v 0.858282 0.211433 -0.225472
v 0.831915 0.207088 -0.251634
v 0.836621 0.057999 -0.246722
v 0.783115 0.110526 -0.271126
v 0.807782 0.084706 -0.258755
v 0.802871 0.083512 -0.225309
v 0.796460 0.110411 -0.212219
v 0.798515 0.169992 -0.253250
v 0.796023 0.139522 -0.231993
v 0.776392 0.137371 -0.257567
v 0.484617 0.693992 0.000000
v 0.504703 0.642594 0.033182
v 0.494722 0.667668 0.016899
v 0.502735 0.678483 -0.017173
v 0.521273 0.663691 -0.034272
v 0.551733 0.558307 0.095435
v 0.538340 0.576742 0.080030
v 0.553294 0.592597 0.016489
v 0.545121 0.583898 0.048532
v 0.566653 0.573404 0.032530
v 0.526221 0.596914 0.064635
v 0.515172 0.618771 0.049126
v 0.582407 0.623952 -0.086581
v 0.603145 0.610331 -0.104328
v 0.540911 0.649687 -0.051581
v 0.561322 0.636730 -0.068947
v 0.586212 0.593196 -0.033653
v 0.573071 0.613836 -0.051021
v 0.562887 0.602872 -0.016775
v 0.522271 0.627358 0.016602
v 0.541547 0.614069 0.000000
v 0.531010 0.637855 -0.016879
v 0.717313 0.443324 0.237822
v 0.694019 0.458679 0.218229
v 0.713684 0.471145 0.153767
v 0.703808 0.464863 0.186132
v 0.737207 0.455619 0.172385
v 0.669777 0.472304 0.198745
v 0.646091 0.485074 0.179877
v 0.745814 0.491877 0.018185
v 0.740380 0.488341 0.052958
v 0.766153 0.473508 0.035387
v 0.675469 0.505372 0.084931
v 0.708982 0.498381 0.069499
v 0.685384 0.512495 0.052256
v 0.754999 0.466615 0.105049
v 0.732580 0.483291 0.087165
v 0.723472 0.477426 0.120632
v 0.584274 0.525324 0.127671
v 0.567525 0.540676 0.111636
v 0.623484 0.497927 0.161605
v 0.602944 0.511149 0.144302
v 0.621013 0.524531 0.082716
v 0.611588 0.517494 0.113679
v 0.642154 0.511265 0.099612
v 0.689330 0.485129 0.135140
v 0.665187 0.498298 0.117033
v 0.655321 0.491474 0.148649
v 0.641997 0.424297 -0.201871
v 0.646676 0.399668 -0.214402
v 0.649645 0.487742 -0.180867
v 0.644844 0.454722 -0.191347
v 0.687071 0.424633 -0.160662
v 0.666726 0.440370 -0.176325
v 0.693073 0.457538 -0.149326
v 0.623008 0.593534 -0.122550
v 0.638203 0.573811 -0.139455
v 0.680434 0.541743 -0.105550
v 0.659046 0.557650 -0.122500
v 0.662144 0.559272 -0.088194
v 0.648058 0.549394 -0.155098
v 0.651639 0.520412 -0.168903
v 0.762225 0.471081 -0.035206
v 0.743871 0.490644 -0.053208
v 0.747529 0.493008 -0.018227
v 0.716499 0.472824 -0.119469
v 0.733678 0.484015 -0.087296
v 0.734657 0.454043 -0.102219
v 0.704971 0.527141 -0.053750
v 0.723587 0.508648 -0.070931
v 0.702294 0.525442 -0.088304
v 0.674236 0.505660 -0.152939
v 0.692203 0.518536 -0.121786
v 0.696091 0.489887 -0.136465
v 0.574564 0.547544 0.080533
v 0.630401 0.532778 0.050400
v 0.600902 0.539271 0.065616
v 0.582746 0.555449 0.048928
v 0.592079 0.564399 0.016651
v 0.724044 0.508772 0.000000
v 0.679605 0.540266 -0.035281
v 0.701669 0.524725 -0.017834
v 0.694527 0.519384 0.017653
v 0.662510 0.526676 0.034394
v 0.619939 0.590785 -0.086892
v 0.602296 0.574139 -0.016938
v 0.612171 0.583496 -0.051399
v 0.638297 0.572831 -0.069699
v 0.658151 0.556231 -0.052619
v 0.640579 0.541326 0.017072
v 0.650342 0.549576 -0.017332
v 0.620393 0.556982 0.000000
v 0.858456 0.057472 0.000000
v 0.904261 0.121831 -0.037584
v 0.884343 0.089087 -0.018349
v 0.897716 0.090435 0.018627
v 0.918201 0.123709 0.038163
v 0.864593 0.238968 -0.110334
v 0.889723 0.213613 -0.094002
v 0.866827 0.208271 -0.018406
v 0.879812 0.211338 -0.055684
v 0.837066 0.231359 -0.035449
v 0.906904 0.185426 -0.076216
v 0.912402 0.154703 -0.057296
v 0.827623 0.198703 0.087441
v 0.796893 0.220256 0.101695
v 0.906402 0.153686 0.056920
v 0.869947 0.177870 0.073110
v 0.813304 0.224792 0.034442
v 0.839702 0.201704 0.053145
v 0.852890 0.204922 0.018110
v 0.915791 0.155224 -0.019177
v 0.894152 0.183030 0.000000
v 0.913252 0.154793 0.019124
v 0.670839 0.381656 -0.202930
v 0.704583 0.401429 -0.146244
v 0.684134 0.389524 -0.174161
v 0.695327 0.363071 -0.191052
v 0.720318 0.344062 -0.178859
v 0.779172 0.444469 -0.018543
v 0.767250 0.437614 -0.053027
v 0.750355 0.360242 -0.084600
v 0.760635 0.398876 -0.069442
v 0.767475 0.368774 -0.052776
v 0.749744 0.427523 -0.086032
v 0.728030 0.414982 -0.116936
v 0.803605 0.284382 -0.140053
v 0.833806 0.263117 -0.126102
v 0.746688 0.324448 -0.166183
v 0.774291 0.304711 -0.153356
v 0.764020 0.302592 -0.084799
v 0.766023 0.302450 -0.118155
v 0.748603 0.326874 -0.100206
v 0.720317 0.377139 -0.131044
v 0.734583 0.352027 -0.115595
v 0.723628 0.346190 -0.146586
v 0.752054 0.427860 0.227498
v 0.797921 0.381129 0.198128
v 0.780197 0.407386 0.214372
v 0.762045 0.433884 0.193995
v 0.770988 0.439262 0.160027
v 0.784794 0.247650 0.118689
v 0.788811 0.279147 0.137474
v 0.807551 0.352614 0.108097
v 0.799656 0.315729 0.123343
v 0.797613 0.315896 0.088528
v 0.798289 0.314155 0.158109
v 0.803434 0.349105 0.178812
v 0.786854 0.448795 0.054382
v 0.785677 0.448180 0.018697
v 0.778638 0.443830 0.125065
v 0.784165 0.447151 0.089982
v 0.805026 0.386817 0.055358
v 0.801580 0.420348 0.073181
v 0.808660 0.388234 0.091174
v 0.804714 0.384982 0.163011
v 0.808432 0.387418 0.127216
v 0.795994 0.416762 0.144811
v 0.819961 0.258585 -0.088364
v 0.768087 0.303883 -0.051200
v 0.783474 0.278232 -0.068507
v 0.807871 0.254667 -0.052153
v 0.798938 0.251799 -0.017317
v 0.791056 0.415049 0.000000
v 0.796405 0.348582 0.035845
v 0.796705 0.382760 0.018271
v 0.783850 0.376584 -0.017976
v 0.772023 0.337910 -0.034747
v 0.787280 0.248279 0.084842
v 0.793089 0.249956 0.017191
v 0.789636 0.248919 0.050976
v 0.787286 0.279586 0.068840
v 0.791991 0.313340 0.052793
v 0.775504 0.306872 -0.017242
v 0.784170 0.310301 0.017434
v 0.781357 0.277270 0.000000
f 1 2563 2565
f 643 2564 2563
f 645 2565 2564
f 2563 2564 2565
f 163 2566 2568
f 644 2567 2566
f 643 2568 2567
f 2566 2567 2568
f 165 2569 2571
f 645 2570 2569
f 644 2571 2570
f 2569 2570 2571
f 643 2567 2564
f 644 2570 2567
f 645 2564 2570
f 2567 2570 2564
f 43 2572 2574
f 646 2573 2572
f 648 2574 2573
f 2572 2573 2574
f 164 2575 2577
f 647 2576 2575
f 646 2577 2576
f 2575 2576 2577
f 163 2578 2580
f 648 2579 2578
f 647 2580 2579
f 2578 2579 2580
f 646 2576 2573
f 647 2579 2576
f 648 2573 2579
f 2576 2579 2573
f 45 2581 2583
f 649 2582 2581
f 651 2583 2582
f 2581 2582 2583
f 165 2584 2586
f 650 2585 2584
f 649 2586 2585
f 2584 2585 2586
f 164 2587 2589
f 651 2588 2587
f 650 2589 2588
f 2587 2588 2589
f 649 2585 2582
f 650 2588 2585
f 651 2582 2588
f 2585 2588 2582
f 163 2580 2566
f 647 2590 2580
f 644 2566 2590
f 2580 2590 2566
f 164 2589 2575
f 650 2591 2589
f 647 2575 2591
f 2589 2591 2575
f 165 2571 2584
f 644 2592 2571
f 650 2584 2592
f 2571 2592 2584
f 647 2591 2590
f 650 2592 2591
f 644 2590 2592
f 2591 2592 2590
f 13 2593 2595
f 652 2594 2593
f 654 2595 2594
f 2593 2594 2595
f 166 2596 2598
f 653 2597 2596
f 652 2598 2597
f 2596 2597 2598
f 168 2599 2601
f 654 2600 2599
f 653 2601 2600
f 2599 2600 2601
f 652 2597 2594
f 653 2600 2597
f 654 2594 2600
f 2597 2600 2594
f 44 2602 2604
f 655 2603 2602
f 657 2604 2603
f 2602 2603 2604
f 167 2605 2607
f 656 2606 2605
f 655 2607 2606
f 2605 2606 2607
f 166 2608 2610
f 657 2609 2608
f 656 2610 2609
f 2608 2609 2610
f 655 2606 2603
f 656 2609 2606
f 657 2603 2609
f 2606 2609 2603
f 43 2611 2613
f 658 2612 2611
f 660 2613 2612
f 2611 2612 2613
f 168 2614 2616
f 659 2615 2614
f 658 2616 2615
f 2614 2615 2616
f 167 2617 2619
f 660 2618 2617
f 659 2619 2618
f 2617 2618 2619
f 658 2615 2612
f 659 2618 2615
f 660 2612 2618
f 2615 2618 2612
f 166 2610 2596
f 656 2620 2610
f 653 2596 2620
f 2610 2620 2596
f 167 2619 2605
f 659 2621 2619
f 656 2605 2621
f 2619 2621 2605
f 168 2601 2614
f 653 2622 2601
f 659 2614 2622
f 2601 2622 2614
f 656 2621 2620
f 659 2622 2621
f 653 2620 2622
f 2621 2622 2620
f 15 2623 2625
f 661 2624 2623
f 663 2625 2624
f 2623 2624 2625
f 169 2626 2628
f 662 2627 2626
f 661 2628 2627
f 2626 2627 2628
f 171 2629 2631
f 663 2630 2629
f 662 2631 2630
f 2629 2630 2631
f 661 2627 2624
f 662 2630 2627
f 663 2624 2630
f 2627 2630 2624
f 45 2632 2634
f 664 2633 2632
f 666 2634 2633
f 2632 2633 2634
f 170 2635 2637
f 665 2636 2635
f 664 2637 2636
f 2635 2636 2637
f 169 2638 2640
f 666 2639 2638
f 665 2640 2639
f 2638 2639 2640
f 664 2636 2633
f 665 2639 2636
f 666 2633 2639
f 2636 2639 2633
f 44 2641 2643
f 667 2642 2641
f 669 2643 2642
f 2641 2642 2643
f 171 2644 2646
f 668 2645 2644
f 667 2646 2645
f 2644 2645 2646
f 170 2647 2649
f 669 2648 2647
f 668 2649 2648
f 2647 2648 2649
f 667 2645 2642
f 668 2648 2645
f 669 2642 2648
f 2645 2648 2642
f 169 2640 2626
f 665 2650 2640
f 662 2626 2650
f 2640 2650 2626
f 170 2649 2635
f 668 2651 2649
f 665 2635 2651
f 2649 2651 2635
f 171 2631 2644
f 662 2652 2631
f 668 2644 2652
f 2631 2652 2644
f 665 2651 2650
f 668 2652 2651
f 662 2650 2652
f 2651 2652 2650
f 43 2613 2572
f 660 2653 2613
f 646 2572 2653
f 2613 2653 2572
f 167 2654 2617
f 670 2655 2654
f 660 2617 2655
f 2654 2655 2617
f 164 2577 2657
f 646 2656 2577
f 670 2657 2656
f 2577 2656 2657
f 660 2655 2653
f 670 2656 2655
f 646 2653 2656
f 2655 2656 2653
f 44 2643 2602
f 669 2658 2643
f 655 2602 2658
f 2643 2658 2602
f 170 2659 2647
f 671 2660 2659
f 669 2647 2660
f 2659 2660 2647
f 167 2607 2662
f 655 2661 2607
f 671 2662 2661
f 2607 2661 2662
f 669 2660 2658
f 671 2661 2660
f 655 2658 2661
f 2660 2661 2658
f 45 2583 2632
f 651 2663 2583
f 664 2632 2663
f 2583 2663 2632
f 164 2664 2587
f 672 2665 2664
f 651 2587 2665
f 2664 2665 2587
f 170 2637 2667
f 664 2666 2637
f 672 2667 2666
f 2637 2666 2667
f 651 2665 2663
f 672 2666 2665
f 664 2663 2666
f 2665 2666 2663
f 167 2662 2654
f 671 2668 2662
f 670 2654 2668
f 2662 2668 2654
f 170 2667 2659
f 672 2669 2667
f 671 2659 2669
f 2667 2669 2659
f 164 2657 2664
f 670 2670 2657
f 672 2664 2670
f 2657 2670 2664
f 671 2669 2668
f 672 2670 2669
f 670 2668 2670
f 2669 2670 2668
f 12 2671 2673
f 673 2672 2671
f 675 2673 2672
f 2671 2672 2673
f 172 2674 2676
f 674 2675 2674
f 673 2676 2675
f 2674 2675 2676
f 174 2677 2679
f 675 2678 2677
f 674 2679 2678
f 2677 2678 2679
f 673 2675 2672
f 674 2678 2675
f 675 2672 2678
f 2675 2678 2672
f 46 2680 2682
f 676 2681 2680
f 678 2682 2681
f 2680 2681 2682
f 173 2683 2685
f 677 2684 2683
f 676 2685 2684
f 2683 2684 2685
f 172 2686 2688
f 678 2687 2686
f 677 2688 2687
f 2686 2687 2688
f 676 2684 2681
f 677 2687 2684
f 678 2681 2687
f 2684 2687 2681
f 48 2689 2691
f 679 2690 2689
f 681 2691 2690
f 2689 2690 2691
f 174 2692 2694
f 680 2693 2692
f 679 2694 2693
f 2692 2693 2694
f 173 2695 2697
f 681 2696 2695
f 680 2697 2696
f 2695 2696 2697
f 679 2693 2690
f 680 2696 2693
f 681 2690 2696
f 2693 2696 2690
f 172 2688 2674
f 677 2698 2688
f 674 2674 2698
f 2688 2698 2674
f 173 2697 2683
f 680 2699 2697
f 677 2683 2699
f 2697 2699 2683
f 174 2679 2692
f 674 2700 2679
f 680 2692 2700
f 2679 2700 2692
f 677 2699 2698
f 680 2700 2699
f 674 2698 2700
f 2699 2700 2698
f 14 2701 2703
f 682 2702 2701
f 684 2703 2702
f 2701 2702 2703
f 175 2704 2706
f 683 2705 2704
f 682 2706 2705
f 2704 2705 2706
f 177 2707 2709
f 684 2708 2707
f 683 2709 2708
f 2707 2708 2709
f 682 2705 2702
f 683 2708 2705
f 684 2702 2708
f 2705 2708 2702
f 47 2710 2712
f 685 2711 2710
f 687 2712 2711
f 2710 2711 2712
f 176 2713 2715
f 686 2714 2713
f 685 2715 2714
f 2713 2714 2715
f 175 2716 2718
f 687 2717 2716
f 686 2718 2717
f 2716 2717 2718
f 685 2714 2711
f 686 2717 2714
f 687 2711 2717
f 2714 2717 2711
f 46 2719 2721
f 688 2720 2719
f 690 2721 2720
f 2719 2720 2721
f 177 2722 2724
f 689 2723 2722
f 688 2724 2723
f 2722 2723 2724
f 176 2725 2727
f 690 2726 2725
f 689 2727 2726
f 2725 2726 2727
f 688 2723 2720
f 689 2726 2723
f 690 2720 2726
f 2723 2726 2720
f 175 2718 2704
f 686 2728 2718
f 683 2704 2728
f 2718 2728 2704
f 176 2727 2713
f 689 2729 2727
f 686 2713 2729
f 2727 2729 2713
f 177 2709 2722
f 683 2730 2709
f 689 2722 2730
f 2709 2730 2722
f 686 2729 2728
f 689 2730 2729
f 683 2728 2730
f 2729 2730 2728
f 13 2731 2733
f 691 2732 2731
f 693 2733 2732
f 2731 2732 2733
f 178 2734 2736
f 692 2735 2734
f 691 2736 2735
f 2734 2735 2736
f 180 2737 2739
f 693 2738 2737
f 692 2739 2738
f 2737 2738 2739
f 691 2735 2732
f 692 2738 2735
f 693 2732 2738
f 2735 2738 2732
f 48 2740 2742
f 694 2741 2740
f 696 2742 2741
f 2740 2741 2742
f 179 2743 2745
f 695 2744 2743
f 694 2745 2744
f 2743 2744 2745
f 178 2746 2748
f 696 2747 2746
f 695 2748 2747
f 2746 2747 2748
f 694 2744 2741
f 695 2747 2744
f 696 2741 2747
f 2744 2747 2741
f 47 2749 2751
f 697 2750 2749
f 699 2751 2750
f 2749 2750 2751
f 180 2752 2754
f 698 2753 2752
f 697 2754 2753
f 2752 2753 2754
f 179 2755 2757
f 699 2756 2755
f 698 2757 2756
f 2755 2756 2757
f 697 2753 2750
f 698 2756 2753
f 699 2750 2756
f 2753 2756 2750
f 178 2748 2734
f 695 2758 2748
f 692 2734 2758
f 2748 2758 2734
f 179 2757 2743
f 698 2759 2757
f 695 2743 2759
f 2757 2759 2743
f 180 2739 2752
f 692 2760 2739
f 698 2752 2760
f 2739 2760 2752
f 695 2759 2758
f 698 2760 2759
f 692 2758 2760
f 2759 2760 2758
f 46 2721 2680
f 690 2761 2721
f 676 2680 2761
f 2721 2761 2680
f 176 2762 2725
f 700 2763 2762
f 690 2725 2763
f 2762 2763 2725
f 173 2685 2765
f 676 2764 2685
f 700 2765 2764
f 2685 2764 2765
f 690 2763 2761
f 700 2764 2763
f 676 2761 2764
f 2763 2764 2761
f 47 2751 2710
f 699 2766 2751
f 685 2710 2766
f 2751 2766 2710
f 179 2767 2755
f 701 2768 2767
f 699 2755 2768
f 2767 2768 2755
f 176 2715 2770
f 685 2769 2715
f 701 2770 2769
f 2715 2769 2770
f 699 2768 2766
f 701 2769 2768
f 685 2766 2769
f 2768 2769 2766
f 48 2691 2740
f 681 2771 2691
f 694 2740 2771
f 2691 2771 2740
f 173 2772 2695
f 702 2773 2772
f 681 2695 2773
f 2772 2773 2695
f 179 2745 2775
f 694 2774 2745
f 702 2775 2774
f 2745 2774 2775
f 681 2773 2771
f 702 2774 2773
f 694 2771 2774
f 2773 2774 2771
f 176 2770 2762
f 701 2776 2770
f 700 2762 2776
f 2770 2776 2762
f 179 2775 2767
f 702 2777 2775
f 701 2767 2777
f 2775 2777 2767
f 173 2765 2772
f 700 2778 2765
f 702 2772 2778
f 2765 2778 2772
f 701 2777 2776
f 702 2778 2777
f 700 2776 2778
f 2777 2778 2776
f 6 2779 2781
f 703 2780 2779
f 705 2781 2780
f 2779 2780 2781
f 181 2782 2784
f 704 2783 2782
f 703 2784 2783
f 2782 2783 2784
f 183 2785 2787
f 705 2786 2785
f 704 2787 2786
f 2785 2786 2787
f 703 2783 2780
f 704 2786 2783
f 705 2780 2786
f 2783 2786 2780
f 49 2788 2790
f 706 2789 2788
f 708 2790 2789
f 2788 2789 2790
f 182 2791 2793
f 707 2792 2791
f 706 2793 2792
f 2791 2792 2793
f 181 2794 2796
f 708 2795 2794
f 707 2796 2795
f 2794 2795 2796
f 706 2792 2789
f 707 2795 2792
f 708 2789 2795
f 2792 2795 2789
f 51 2797 2799
f 709 2798 2797
f 711 2799 2798
f 2797 2798 2799
f 183 2800 2802
f 710 2801 2800
f 709 2802 2801
f 2800 2801 2802
f 182 2803 2805
f 711 2804 2803
f 710 2805 2804
f 2803 2804 2805
f 709 2801 2798
f 710 2804 2801
f 711 2798 2804
f 2801 2804 2798
f 181 2796 2782
f 707 2806 2796
f 704 2782 2806
f 2796 2806 2782
f 182 2805 2791
f 710 2807 2805
f 707 2791 2807
f 2805 2807 2791
f 183 2787 2800
f 704 2808 2787
f 710 2800 2808
f 2787 2808 2800
f 707 2807 2806
f 710 2808 2807
f 704 2806 2808
f 2807 2808 2806
f 15 2809 2811
f 712 2810 2809
f 714 2811 2810
f 2809 2810 2811
f 184 2812 2814
f 713 2813 2812
f 712 2814 2813
f 2812 2813 2814
f 186 2815 2817
f 714 2816 2815
f 713 2817 2816
f 2815 2816 2817
f 712 2813 2810
f 713 2816 2813
f 714 2810 2816
f 2813 2816 2810
f 50 2818 2820
f 715 2819 2818
f 717 2820 2819
f 2818 2819 2820
f 185 2821 2823
f 716 2822 2821
f 715 2823 2822
f 2821 2822 2823
f 184 2824 2826
f 717 2825 2824
f 716 2826 2825
f 2824 2825 2826
f 715 2822 2819
f 716 2825 2822
f 717 2819 2825
f 2822 2825 2819
f 49 2827 2829
f 718 2828 2827
f 720 2829 2828
f 2827 2828 2829
f 186 2830 2832
f 719 2831 2830
f 718 2832 2831
f 2830 2831 2832
f 185 2833 2835
f 720 2834 2833
f 719 2835 2834
f 2833 2834 2835
f 718 2831 2828
f 719 2834 2831
f 720 2828 2834
f 2831 2834 2828
f 184 2826 2812
f 716 2836 2826
f 713 2812 2836
f 2826 2836 2812
f 185 2835 2821
f 719 2837 2835
f 716 2821 2837
f 2835 2837 2821
f 186 2817 2830
f 713 2838 2817
f 719 2830 2838
f 2817 2838 2830
f 716 2837 2836
f 719 2838 2837
f 713 2836 2838
f 2837 2838 2836
f 14 2839 2841
f 721 2840 2839
f 723 2841 2840
f 2839 2840 2841
f 187 2842 2844
f 722 2843 2842
f 721 2844 2843
f 2842 2843 2844
f 189 2845 2847
f 723 2846 2845
f 722 2847 2846
f 2845 2846 2847
f 721 2843 2840
f 722 2846 2843
f 723 2840 2846
f 2843 2846 2840
f 51 2848 2850
f 724 2849 2848
f 726 2850 2849
f 2848 2849 2850
f 188 2851 2853
f 725 2852 2851
f 724 2853 2852
f 2851 2852 2853
f 187 2854 2856
f 726 2855 2854
f 725 2856 2855
f 2854 2855 2856
f 724 2852 2849
f 725 2855 2852
f 726 2849 2855
f 2852 2855 2849
f 50 2857 2859
f 727 2858 2857
f 729 2859 2858
f 2857 2858 2859
f 189 2860 2862
f 728 2861 2860
f 727 2862 2861
f 2860 2861 2862
f 188 2863 2865
f 729 2864 2863
f 728 2865 2864
f 2863 2864 2865
f 727 2861 2858
f 728 2864 2861
f 729 2858 2864
f 2861 2864 2858
f 187 2856 2842
f 725 2866 2856
f 722 2842 2866
f 2856 2866 2842
f 188 2865 2851
f 728 2867 2865
f 725 2851 2867
f 2865 2867 2851
f 189 2847 2860
f 722 2868 2847
f 728 2860 2868
f 2847 2868 2860
f 725 2867 2866
f 728 2868 2867
f 722 2866 2868
f 2867 2868 2866
f 49 2829 2788
f 720 2869 2829
f 706 2788 2869
f 2829 2869 2788
f 185 2870 2833
f 730 2871 2870
f 720 2833 2871
f 2870 2871 2833
f 182 2793 2873
f 706 2872 2793
f 730 2873 2872
f 2793 2872 2873
f 720 2871 2869
f 730 2872 2871
f 706 2869 2872
f 2871 2872 2869
f 50 2859 2818
f 729 2874 2859
f 715 2818 2874
f 2859 2874 2818
f 188 2875 2863
f 731 2876 2875
f 729 2863 2876
f 2875 2876 2863
f 185 2823 2878
f 715 2877 2823
f 731 2878 2877
f 2823 2877 2878
f 729 2876 2874
f 731 2877 2876
f 715 2874 2877
f 2876 2877 2874
f 51 2799 2848
f 711 2879 2799
f 724 2848 2879
f 2799 2879 2848
f 182 2880 2803
f 732 2881 2880
f 711 2803 2881
f 2880 2881 2803
f 188 2853 2883
f 724 2882 2853
f 732 2883 2882
f 2853 2882 2883
f 711 2881 2879
f 732 2882 2881
f 724 2879 2882
f 2881 2882 2879
f 185 2878 2870
f 731 2884 2878
f 730 2870 2884
f 2878 2884 2870
f 188 2883 2875
f 732 2885 2883
f 731 2875 2885
f 2883 2885 2875
f 182 2873 2880
f 730 2886 2873
f 732 2880 2886
f 2873 2886 2880
f 731 2885 2884
f 732 2886 2885
f 730 2884 2886
f 2885 2886 2884
f 13 2733 2593
f 693 2887 2733
f 652 2593 2887
f 2733 2887 2593
f 180 2888 2737
f 733 2889 2888
f 693 2737 2889
f 2888 2889 2737
f 166 2598 2891
f 652 2890 2598
f 733 2891 2890
f 2598 2890 2891
f 693 2889 2887
f 733 2890 2889
f 652 2887 2890
f 2889 2890 2887
f 47 2892 2749
f 734 2893 2892
f 697 2749 2893
f 2892 2893 2749
f 190 2894 2896
f 735 2895 2894
f 734 2896 2895
f 2894 2895 2896
f 180 2754 2898
f 697 2897 2754
f 735 2898 2897
f 2754 2897 2898
f 734 2895 2893
f 735 2897 2895
f 697 2893 2897
f 2895 2897 2893
f 44 2604 2900
f 657 2899 2604
f 737 2900 2899
f 2604 2899 2900
f 166 2901 2608
f 736 2902 2901
f 657 2608 2902
f 2901 2902 2608
f 190 2903 2905
f 737 2904 2903
f 736 2905 2904
f 2903 2904 2905
f 657 2902 2899
f 736 2904 2902
f 737 2899 2904
f 2902 2904 2899
f 180 2898 2888
f 735 2906 2898
f 733 2888 2906
f 2898 2906 2888
f 190 2905 2894
f 736 2907 2905
f 735 2894 2907
f 2905 2907 2894
f 166 2891 2901
f 733 2908 2891
f 736 2901 2908
f 2891 2908 2901
f 735 2907 2906
f 736 2908 2907
f 733 2906 2908
f 2907 2908 2906
f 14 2841 2701
f 723 2909 2841
f 682 2701 2909
f 2841 2909 2701
f 189 2910 2845
f 738 2911 2910
f 723 2845 2911
f 2910 2911 2845
f 175 2706 2913
f 682 2912 2706
f 738 2913 2912
f 2706 2912 2913
f 723 2911 2909
f 738 2912 2911
f 682 2909 2912
f 2911 2912 2909
f 50 2914 2857
f 739 2915 2914
f 727 2857 2915
f 2914 2915 2857
f 191 2916 2918
f 740 2917 2916
f 739 2918 2917
f 2916 2917 2918
f 189 2862 2920
f 727 2919 2862
f 740 2920 2919
f 2862 2919 2920
f 739 2917 2915
f 740 2919 2917
f 727 2915 2919
f 2917 2919 2915
f 47 2712 2922
f 687 2921 2712
f 742 2922 2921
f 2712 2921 2922
f 175 2923 2716
f 741 2924 2923
f 687 2716 2924
f 2923 2924 2716
f 191 2925 2927
f 742 2926 2925
f 741 2927 2926
f 2925 2926 2927
f 687 2924 2921
f 741 2926 2924
f 742 2921 2926
f 2924 2926 2921
f 189 2920 2910
f 740 2928 2920
f 738 2910 2928
f 2920 2928 2910
f 191 2927 2916
f 741 2929 2927
f 740 2916 2929
f 2927 2929 2916
f 175 2913 2923
f 738 2930 2913
f 741 2923 2930
f 2913 2930 2923
f 740 2929 2928
f 741 2930 2929
f 738 2928 2930
f 2929 2930 2928
f 15 2625 2809
f 663 2931 2625
f 712 2809 2931
f 2625 2931 2809
f 171 2932 2629
f 743 2933 2932
f 663 2629 2933
f 2932 2933 2629
f 184 2814 2935
f 712 2934 2814
f 743 2935 2934
f 2814 2934 2935
f 663 2933 2931
f 743 2934 2933
f 712 2931 2934
f 2933 2934 2931
f 44 2936 2641
f 744 2937 2936
f 667 2641 2937
f 2936 2937 2641
f 192 2938 2940
f 745 2939 2938
f 744 2940 2939
f 2938 2939 2940
f 171 2646 2942
f 667 2941 2646
f 745 2942 2941
f 2646 2941 2942
f 744 2939 2937
f 745 2941 2939
f 667 2937 2941
f 2939 2941 2937
f 50 2820 2944
f 717 2943 2820
f 747 2944 2943
f 2820 2943 2944
f 184 2945 2824
f 746 2946 2945
f 717 2824 2946
f 2945 2946 2824
f 192 2947 2949
f 747 2948 2947
f 746 2949 2948
f 2947 2948 2949
f 717 2946 2943
f 746 2948 2946
f 747 2943 2948
f 2946 2948 2943
f 171 2942 2932
f 745 2950 2942
f 743 2932 2950
f 2942 2950 2932
f 192 2949 2938
f 746 2951 2949
f 745 2938 2951
f 2949 2951 2938
f 184 2935 2945
f 743 2952 2935
f 746 2945 2952
f 2935 2952 2945
f 745 2951 2950
f 746 2952 2951
f 743 2950 2952
f 2951 2952 2950
f 47 2922 2892
f 742 2953 2922
f 734 2892 2953
f 2922 2953 2892
f 191 2954 2925
f 748 2955 2954
f 742 2925 2955
f 2954 2955 2925
f 190 2896 2957
f 734 2956 2896
f 748 2957 2956
f 2896 2956 2957
f 742 2955 2953
f 748 2956 2955
f 734 2953 2956
f 2955 2956 2953
f 50 2944 2914
f 747 2958 2944
f 739 2914 2958
f 2944 2958 2914
f 192 2959 2947
f 749 2960 2959
f 747 2947 2960
f 2959 2960 2947
f 191 2918 2962
f 739 2961 2918
f 749 2962 2961
f 2918 2961 2962
f 747 2960 2958
f 749 2961 2960
f 739 2958 2961
f 2960 2961 2958
f 44 2900 2936
f 737 2963 2900
f 744 2936 2963
f 2900 2963 2936
f 190 2964 2903
f 750 2965 2964
f 737 2903 2965
f 2964 2965 2903
f 192 2940 2967
f 744 2966 2940
f 750 2967 2966
f 2940 2966 2967
f 737 2965 2963
f 750 2966 2965
f 744 2963 2966
f 2965 2966 2963
f 191 2962 2954
f 749 2968 2962
f 748 2954 2968
f 2962 2968 2954
f 192 2967 2959
f 750 2969 2967
f 749 2959 2969
f 2967 2969 2959
f 190 2957 2964
f 748 2970 2957
f 750 2964 2970
f 2957 2970 2964
f 749 2969 2968
f 750 2970 2969
f 748 2968 2970
f 2969 2970 2968
f 1 2565 2972
f 645 2971 2565
f 752 2972 2971
f 2565 2971 2972
f 165 2973 2569
f 751 2974 2973
f 645 2569 2974
f 2973 2974 2569
f 194 2975 2977
f 752 2976 2975
f 751 2977 2976
f 2975 2976 2977
f 645 2974 2971
f 751 2976 2974
f 752 2971 2976
f 2974 2976 2971
f 45 2978 2581
f 753 2979 2978
f 649 2581 2979
f 2978 2979 2581
f 193 2980 2982
f 754 2981 2980
f 753 2982 2981
f 2980 2981 2982
f 165 2586 2984
f 649 2983 2586
f 754 2984 2983
f 2586 2983 2984
f 753 2981 2979
f 754 2983 2981
f 649 2979 2983
f 2981 2983 2979
f 53 2985 2987
f 755 2986 2985
f 757 2987 2986
f 2985 2986 2987
f 194 2988 2990
f 756 2989 2988
f 755 2990 2989
f 2988 2989 2990
f 193 2991 2993
f 757 2992 2991
f 756 2993 2992
f 2991 2992 2993
f 755 2989 2986
f 756 2992 2989
f 757 2986 2992
f 2989 2992 2986
f 165 2984 2973
f 754 2994 2984
f 751 2973 2994
f 2984 2994 2973
f 193 2993 2980
f 756 2995 2993
f 754 2980 2995
f 2993 2995 2980
f 194 2977 2988
f 751 2996 2977
f 756 2988 2996
f 2977 2996 2988
f 754 2995 2994
f 756 2996 2995
f 751 2994 2996
f 2995 2996 2994
f 15 2997 2623
f 758 2998 2997
f 661 2623 2998
f 2997 2998 2623
f 195 2999 3001
f 759 3000 2999
f 758 3001 3000
f 2999 3000 3001
f 169 2628 3003
f 661 3002 2628
f 759 3003 3002
f 2628 3002 3003
f 758 3000 2998
f 759 3002 3000
f 661 2998 3002
f 3000 3002 2998
f 52 3004 3006
f 760 3005 3004
f 762 3006 3005
f 3004 3005 3006
f 196 3007 3009
f 761 3008 3007
f 760 3009 3008
f 3007 3008 3009
f 195 3010 3012
f 762 3011 3010
f 761 3012 3011
f 3010 3011 3012
f 760 3008 3005
f 761 3011 3008
f 762 3005 3011
f 3008 3011 3005
f 45 2634 3014
f 666 3013 2634
f 764 3014 3013
f 2634 3013 3014
f 169 3015 2638
f 763 3016 3015
f 666 2638 3016
f 3015 3016 2638
f 196 3017 3019
f 764 3018 3017
f 763 3019 3018
f 3017 3018 3019
f 666 3016 3013
f 763 3018 3016
f 764 3013 3018
f 3016 3018 3013
f 195 3012 2999
f 761 3020 3012
f 759 2999 3020
f 3012 3020 2999
f 196 3019 3007
f 763 3021 3019
f 761 3007 3021
f 3019 3021 3007
f 169 3003 3015
f 759 3022 3003
f 763 3015 3022
f 3003 3022 3015
f 761 3021 3020
f 763 3022 3021
f 759 3020 3022
f 3021 3022 3020
f 17 3023 3025
f 765 3024 3023
f 767 3025 3024
f 3023 3024 3025
f 197 3026 3028
f 766 3027 3026
f 765 3028 3027
f 3026 3027 3028
f 199 3029 3031
f 767 3030 3029
f 766 3031 3030
f 3029 3030 3031
f 765 3027 3024
f 766 3030 3027
f 767 3024 3030
f 3027 3030 3024
f 53 3032 3034
f 768 3033 3032
f 770 3034 3033
f 3032 3033 3034
f 198 3035 3037
f 769 3036 3035
f 768 3037 3036
f 3035 3036 3037
f 197 3038 3040
f 770 3039 3038
f 769 3040 3039
f 3038 3039 3040
f 768 3036 3033
f 769 3039 3036
f 770 3033 3039
f 3036 3039 3033
f 52 3041 3043
f 771 3042 3041
f 773 3043 3042
f 3041 3042 3043
f 199 3044 3046
f 772 3045 3044
f 771 3046 3045
f 3044 3045 3046
f 198 3047 3049
f 773 3048 3047
f 772 3049 3048
f 3047 3048 3049
f 771 3045 3042
f 772 3048 3045
f 773 3042 3048
f 3045 3048 3042
f 197 3040 3026
f 769 3050 3040
f 766 3026 3050
f 3040 3050 3026
f 198 3049 3035
f 772 3051 3049
f 769 3035 3051
f 3049 3051 3035
f 199 3031 3044
f 766 3052 3031
f 772 3044 3052
f 3031 3052 3044
f 769 3051 3050
f 772 3052 3051
f 766 3050 3052
f 3051 3052 3050
f 45 3014 2978
f 764 3053 3014
f 753 2978 3053
f 3014 3053 2978
f 196 3054 3017
f 774 3055 3054
f 764 3017 3055
f 3054 3055 3017
f 193 2982 3057
f 753 3056 2982
f 774 3057 3056
f 2982 3056 3057
f 764 3055 3053
f 774 3056 3055
f 753 3053 3056
f 3055 3056 3053
f 52 3043 3004
f 773 3058 3043
f 760 3004 3058
f 3043 3058 3004
f 198 3059 3047
f 775 3060 3059
f 773 3047 3060
f 3059 3060 3047
f 196 3009 3062
f 760 3061 3009
f 775 3062 3061
f 3009 3061 3062
f 773 3060 3058
f 775 3061 3060
f 760 3058 3061
f 3060 3061 3058
f 53 2987 3032
f 757 3063 2987
f 768 3032 3063
f 2987 3063 3032
f 193 3064 2991
f 776 3065 3064
f 757 2991 3065
f 3064 3065 2991
f 198 3037 3067
f 768 3066 3037
f 776 3067 3066
f 3037 3066 3067
f 757 3065 3063
f 776 3066 3065
f 768 3063 3066
f 3065 3066 3063
f 196 3062 3054
f 775 3068 3062
f 774 3054 3068
f 3062 3068 3054
f 198 3067 3059
f 776 3069 3067
f 775 3059 3069
f 3067 3069 3059
f 193 3057 3064
f 774 3070 3057
f 776 3064 3070
f 3057 3070 3064
f 775 3069 3068
f 776 3070 3069
f 774 3068 3070
f 3069 3070 3068
f 6 3071 2779
f 777 3072 3071
f 703 2779 3072
f 3071 3072 2779
f 200 3073 3075
f 778 3074 3073
f 777 3075 3074
f 3073 3074 3075
f 181 2784 3077
f 703 3076 2784
f 778 3077 3076
f 2784 3076 3077
f 777 3074 3072
f 778 3076 3074
f 703 3072 3076
f 3074 3076 3072
f 54 3078 3080
f 779 3079 3078
f 781 3080 3079
f 3078 3079 3080
f 201 3081 3083
f 780 3082 3081
f 779 3083 3082
f 3081 3082 3083
f 200 3084 3086
f 781 3085 3084
f 780 3086 3085
f 3084 3085 3086
f 779 3082 3079
f 780 3085 3082
f 781 3079 3085
f 3082 3085 3079
f 49 2790 3088
f 708 3087 2790
f 783 3088 3087
f 2790 3087 3088
f 181 3089 2794
f 782 3090 3089
f 708 2794 3090
f 3089 3090 2794
f 201 3091 3093
f 783 3092 3091
f 782 3093 3092
f 3091 3092 3093
f 708 3090 3087
f 782 3092 3090
f 783 3087 3092
f 3090 3092 3087
f 200 3086 3073
f 780 3094 3086
f 778 3073 3094
f 3086 3094 3073
f 201 3093 3081
f 782 3095 3093
f 780 3081 3095
f 3093 3095 3081
f 181 3077 3089
f 778 3096 3077
f 782 3089 3096
f 3077 3096 3089
f 780 3095 3094
f 782 3096 3095
f 778 3094 3096
f 3095 3096 3094
f 16 3097 3099
f 784 3098 3097
f 786 3099 3098
f 3097 3098 3099
f 202 3100 3102
f 785 3101 3100
f 784 3102 3101
f 3100 3101 3102
f 204 3103 3105
f 786 3104 3103
f 785 3105 3104
f 3103 3104 3105
f 784 3101 3098
f 785 3104 3101
f 786 3098 3104
f 3101 3104 3098
f 55 3106 3108
f 787 3107 3106
f 789 3108 3107
f 3106 3107 3108
f 203 3109 3111
f 788 3110 3109
f 787 3111 3110
f 3109 3110 3111
f 202 3112 3114
f 789 3113 3112
f 788 3114 3113
f 3112 3113 3114
f 787 3110 3107
f 788 3113 3110
f 789 3107 3113
f 3110 3113 3107
f 54 3115 3117
f 790 3116 3115
f 792 3117 3116
f 3115 3116 3117
f 204 3118 3120
f 791 3119 3118
f 790 3120 3119
f 3118 3119 3120
f 203 3121 3123
f 792 3122 3121
f 791 3123 3122
f 3121 3122 3123
f 790 3119 3116
f 791 3122 3119
f 792 3116 3122
f 3119 3122 3116
f 202 3114 3100
f 788 3124 3114
f 785 3100 3124
f 3114 3124 3100
f 203 3123 3109
f 791 3125 3123
f 788 3109 3125
f 3123 3125 3109
f 204 3105 3118
f 785 3126 3105
f 791 3118 3126
f 3105 3126 3118
f 788 3125 3124
f 791 3126 3125
f 785 3124 3126
f 3125 3126 3124
f 15 2811 3128
f 714 3127 2811
f 794 3128 3127
f 2811 3127 3128
f 186 3129 2815
f 793 3130 3129
f 714 2815 3130
f 3129 3130 2815
f 206 3131 3133
f 794 3132 3131
f 793 3133 3132
f 3131 3132 3133
f 714 3130 3127
f 793 3132 3130
f 794 3127 3132
f 3130 3132 3127
f 49 3134 2827
f 795 3135 3134
f 718 2827 3135
f 3134 3135 2827
f 205 3136 3138
f 796 3137 3136
f 795 3138 3137
f 3136 3137 3138
f 186 2832 3140
f 718 3139 2832
f 796 3140 3139
f 2832 3139 3140
f 795 3137 3135
f 796 3139 3137
f 718 3135 3139
f 3137 3139 3135
f 55 3141 3143
f 797 3142 3141
f 799 3143 3142
f 3141 3142 3143
f 206 3144 3146
f 798 3145 3144
f 797 3146 3145
f 3144 3145 3146
f 205 3147 3149
f 799 3148 3147
f 798 3149 3148
f 3147 3148 3149
f 797 3145 3142
f 798 3148 3145
f 799 3142 3148
f 3145 3148 3142
f 186 3140 3129
f 796 3150 3140
f 793 3129 3150
f 3140 3150 3129
f 205 3149 3136
f 798 3151 3149
f 796 3136 3151
f 3149 3151 3136
f 206 3133 3144
f 793 3152 3133
f 798 3144 3152
f 3133 3152 3144
f 796 3151 3150
f 798 3152 3151
f 793 3150 3152
f 3151 3152 3150
f 54 3117 3078
f 792 3153 3117
f 779 3078 3153
f 3117 3153 3078
f 203 3154 3121
f 800 3155 3154
f 792 3121 3155
f 3154 3155 3121
f 201 3083 3157
f 779 3156 3083
f 800 3157 3156
f 3083 3156 3157
f 792 3155 3153
f 800 3156 3155
f 779 3153 3156
f 3155 3156 3153
f 55 3143 3106
f 799 3158 3143
f 787 3106 3158
f 3143 3158 3106
f 205 3159 3147
f 801 3160 3159
f 799 3147 3160
f 3159 3160 3147
f 203 3111 3162
f 787 3161 3111
f 801 3162 3161
f 3111 3161 3162
f 799 3160 3158
f 801 3161 3160
f 787 3158 3161
f 3160 3161 3158
f 49 3088 3134
f 783 3163 3088
f 795 3134 3163
f 3088 3163 3134
f 201 3164 3091
f 802 3165 3164
f 783 3091 3165
f 3164 3165 3091
f 205 3138 3167
f 795 3166 3138
f 802 3167 3166
f 3138 3166 3167
f 783 3165 3163
f 802 3166 3165
f 795 3163 3166
f 3165 3166 3163
f 203 3162 3154
f 801 3168 3162
f 800 3154 3168
f 3162 3168 3154
f 205 3167 3159
f 802 3169 3167
f 801 3159 3169
f 3167 3169 3159
f 201 3157 3164
f 800 3170 3157
f 802 3164 3170
f 3157 3170 3164
f 801 3169 3168
f 802 3170 3169
f 800 3168 3170
f 3169 3170 3168
f 2 3171 3173
f 803 3172 3171
f 805 3173 3172
f 3171 3172 3173
f 207 3174 3176
f 804 3175 3174
f 803 3176 3175
f 3174 3175 3176
f 209 3177 3179
f 805 3178 3177
f 804 3179 3178
f 3177 3178 3179
f 803 3175 3172
f 804 3178 3175
f 805 3172 3178
f 3175 3178 3172
f 56 3180 3182
f 806 3181 3180
f 808 3182 3181
f 3180 3181 3182
f 208 3183 3185
f 807 3184 3183
f 806 3185 3184
f 3183 3184 3185
f 207 3186 3188
f 808 3187 3186
f 807 3188 3187
f 3186 3187 3188
f 806 3184 3181
f 807 3187 3184
f 808 3181 3187
f 3184 3187 3181
f 58 3189 3191
f 809 3190 3189
f 811 3191 3190
f 3189 3190 3191
f 209 3192 3194
f 810 3193 3192
f 809 3194 3193
f 3192 3193 3194
f 208 3195 3197
f 811 3196 3195
f 810 3197 3196
f 3195 3196 3197
f 809 3193 3190
f 810 3196 3193
f 811 3190 3196
f 3193 3196 3190
f 207 3188 3174
f 807 3198 3188
f 804 3174 3198
f 3188 3198 3174
f 208 3197 3183
f 810 3199 3197
f 807 3183 3199
f 3197 3199 3183
f 209 3179 3192
f 804 3200 3179
f 810 3192 3200
f 3179 3200 3192
f 807 3199 3198
f 810 3200 3199
f 804 3198 3200
f 3199 3200 3198
f 17 3201 3203
f 812 3202 3201
f 814 3203 3202
f 3201 3202 3203
f 210 3204 3206
f 813 3205 3204
f 812 3206 3205
f 3204 3205 3206
f 212 3207 3209
f 814 3208 3207
f 813 3209 3208
f 3207 3208 3209
f 812 3205 3202
f 813 3208 3205
f 814 3202 3208
f 3205 3208 3202
f 57 3210 3212
f 815 3211 3210
f 817 3212 3211
f 3210 3211 3212
f 211 3213 3215
f 816 3214 3213
f 815 3215 3214
f 3213 3214 3215
f 210 3216 3218
f 817 3217 3216
f 816 3218 3217
f 3216 3217 3218
f 815 3214 3211
f 816 3217 3214
f 817 3211 3217
f 3214 3217 3211
f 56 3219 3221
f 818 3220 3219
f 820 3221 3220
f 3219 3220 3221
f 212 3222 3224
f 819 3223 3222
f 818 3224 3223
f 3222 3223 3224
f 211 3225 3227
f 820 3226 3225
f 819 3227 3226
f 3225 3226 3227
f 818 3223 3220
f 819 3226 3223
f 820 3220 3226
f 3223 3226 3220
f 210 3218 3204
f 816 3228 3218
f 813 3204 3228
f 3218 3228 3204
f 211 3227 3213
f 819 3229 3227
f 816 3213 3229
f 3227 3229 3213
f 212 3209 3222
f 813 3230 3209
f 819 3222 3230
f 3209 3230 3222
f 816 3229 3228
f 819 3230 3229
f 813 3228 3230
f 3229 3230 3228
f 16 3231 3233
f 821 3232 3231
f 823 3233 3232
f 3231 3232 3233
f 213 3234 3236
f 822 3235 3234
f 821 3236 3235
f 3234 3235 3236
f 215 3237 3239
f 823 3238 3237
f 822 3239 3238
f 3237 3238 3239
f 821 3235 3232
f 822 3238 3235
f 823 3232 3238
f 3235 3238 3232
f 58 3240 3242
f 824 3241 3240
f 826 3242 3241
f 3240 3241 3242
f 214 3243 3245
f 825 3244 3243
f 824 3245 3244
f 3243 3244 3245
f 213 3246 3248
f 826 3247 3246
f 825 3248 3247
f 3246 3247 3248
f 824 3244 3241
f 825 3247 3244
f 826 3241 3247
f 3244 3247 3241
f 57 3249 3251
f 827 3250 3249
f 829 3251 3250
f 3249 3250 3251
f 215 3252 3254
f 828 3253 3252
f 827 3254 3253
f 3252 3253 3254
f 214 3255 3257
f 829 3256 3255
f 828 3257 3256
f 3255 3256 3257
f 827 3253 3250
f 828 3256 3253
f 829 3250 3256
f 3253 3256 3250
f 213 3248 3234
f 825 3258 3248
f 822 3234 3258
f 3248 3258 3234
f 214 3257 3243
f 828 3259 3257
f 825 3243 3259
f 3257 3259 3243
f 215 3239 3252
f 822 3260 3239
f 828 3252 3260
f 3239 3260 3252
f 825 3259 3258
f 828 3260 3259
f 822 3258 3260
f 3259 3260 3258
f 56 3221 3180
f 820 3261 3221
f 806 3180 3261
f 3221 3261 3180
f 211 3262 3225
f 830 3263 3262
f 820 3225 3263
f 3262 3263 3225
f 208 3185 3265
f 806 3264 3185
f 830 3265 3264
f 3185 3264 3265
f 820 3263 3261
f 830 3264 3263
f 806 3261 3264
f 3263 3264 3261
f 57 3251 3210
f 829 3266 3251
f 815 3210 3266
f 3251 3266 3210
f 214 3267 3255
f 831 3268 3267
f 829 3255 3268
f 3267 3268 3255
f 211 3215 3270
f 815 3269 3215
f 831 3270 3269
f 3215 3269 3270
f 829 3268 3266
f 831 3269 3268
f 815 3266 3269
f 3268 3269 3266
f 58 3191 3240
f 811 3271 3191
f 824 3240 3271
f 3191 3271 3240
f 208 3272 3195
f 832 3273 3272
f 811 3195 3273
f 3272 3273 3195
f 214 3245 3275
f 824 3274 3245
f 832 3275 3274
f 3245 3274 3275
f 811 3273 3271
f 832 3274 3273
f 824 3271 3274
f 3273 3274 3271
f 211 3270 3262
f 831 3276 3270
f 830 3262 3276
f 3270 3276 3262
f 214 3275 3267
f 832 3277 3275
f 831 3267 3277
f 3275 3277 3267
f 208 3265 3272
f 830 3278 3265
f 832 3272 3278
f 3265 3278 3272
f 831 3277 3276
f 832 3278 3277
f 830 3276 3278
f 3277 3278 3276
f 15 3128 2997
f 794 3279 3128
f 758 2997 3279
f 3128 3279 2997
f 206 3280 3131
f 833 3281 3280
f 794 3131 3281
f 3280 3281 3131
f 195 3001 3283
f 758 3282 3001
f 833 3283 3282
f 3001 3282 3283
f 794 3281 3279
f 833 3282 3281
f 758 3279 3282
f 3281 3282 3279
f 55 3284 3141
f 834 3285 3284
f 797 3141 3285
f 3284 3285 3141
f 216 3286 3288
f 835 3287 3286
f 834 3288 3287
f 3286 3287 3288
f 206 3146 3290
f 797 3289 3146
f 835 3290 3289
f 3146 3289 3290
f 834 3287 3285
f 835 3289 3287
f 797 3285 3289
f 3287 3289 3285
f 52 3006 3292
f 762 3291 3006
f 837 3292 3291
f 3006 3291 3292
f 195 3293 3010
f 836 3294 3293
f 762 3010 3294
f 3293 3294 3010
f 216 3295 3297
f 837 3296 3295
f 836 3297 3296
f 3295 3296 3297
f 762 3294 3291
f 836 3296 3294
f 837 3291 3296
f 3294 3296 3291
f 206 3290 3280
f 835 3298 3290
f 833 3280 3298
f 3290 3298 3280
f 216 3297 3286
f 836 3299 3297
f 835 3286 3299
f 3297 3299 3286
f 195 3283 3293
f 833 3300 3283
f 836 3293 3300
f 3283 3300 3293
f 835 3299 3298
f 836 3300 3299
f 833 3298 3300
f 3299 3300 3298
f 16 3233 3097
f 823 3301 3233
f 784 3097 3301
f 3233 3301 3097
f 215 3302 3237
f 838 3303 3302
f 823 3237 3303
f 3302 3303 3237
f 202 3102 3305
f 784 3304 3102
f 838 3305 3304
f 3102 3304 3305
f 823 3303 3301
f 838 3304 3303
f 784 3301 3304
f 3303 3304 3301
f 57 3306 3249
f 839 3307 3306
f 827 3249 3307
f 3306 3307 3249
f 217 3308 3310
f 840 3309 3308
f 839 3310 3309
f 3308 3309 3310
f 215 3254 3312
f 827 3311 3254
f 840 3312 3311
f 3254 3311 3312
f 839 3309 3307
f 840 3311 3309
f 827 3307 3311
f 3309 3311 3307
f 55 3108 3314
f 789 3313 3108
f 842 3314 3313
f 3108 3313 3314
f 202 3315 3112
f 841 3316 3315
f 789 3112 3316
f 3315 3316 3112
f 217 3317 3319
f 842 3318 3317
f 841 3319 3318
f 3317 3318 3319
f 789 3316 3313
f 841 3318 3316
f 842 3313 3318
f 3316 3318 3313
f 215 3312 3302
f 840 3320 3312
f 838 3302 3320
f 3312 3320 3302
f 217 3319 3308
f 841 3321 3319
f 840 3308 3321
f 3319 3321 3308
f 202 3305 3315
f 838 3322 3305
f 841 3315 3322
f 3305 3322 3315
f 840 3321 3320
f 841 3322 3321
f 838 3320 3322
f 3321 3322 3320
f 17 3025 3201
f 767 3323 3025
f 812 3201 3323
f 3025 3323 3201
f 199 3324 3029
f 843 3325 3324
f 767 3029 3325
f 3324 3325 3029
f 210 3206 3327
f 812 3326 3206
f 843 3327 3326
f 3206 3326 3327
f 767 3325 3323
f 843 3326 3325
f 812 3323 3326
f 3325 3326 3323
f 52 3328 3041
f 844 3329 3328
f 771 3041 3329
f 3328 3329 3041
f 218 3330 3332
f 845 3331 3330
f 844 3332 3331
f 3330 3331 3332
f 199 3046 3334
f 771 3333 3046
f 845 3334 3333
f 3046 3333 3334
f 844 3331 3329
f 845 3333 3331
f 771 3329 3333
f 3331 3333 3329
f 57 3212 3336
f 817 3335 3212
f 847 3336 3335
f 3212 3335 3336
f 210 3337 3216
f 846 3338 3337
f 817 3216 3338
f 3337 3338 3216
f 218 3339 3341
f 847 3340 3339
f 846 3341 3340
f 3339 3340 3341
f 817 3338 3335
f 846 3340 3338
f 847 3335 3340
f 3338 3340 3335
f 199 3334 3324
f 845 3342 3334
f 843 3324 3342
f 3334 3342 3324
f 218 3341 3330
f 846 3343 3341
f 845 3330 3343
f 3341 3343 3330
f 210 3327 3337
f 843 3344 3327
f 846 3337 3344
f 3327 3344 3337
f 845 3343 3342
f 846 3344 3343
f 843 3342 3344
f 3343 3344 3342
f 55 3314 3284
f 842 3345 3314
f 834 3284 3345
f 3314 3345 3284
f 217 3346 3317
f 848 3347 3346
f 842 3317 3347
f 3346 3347 3317
f 216 3288 3349
f 834 3348 3288
f 848 3349 3348
f 3288 3348 3349
f 842 3347 3345
f 848 3348 3347
f 834 3345 3348
f 3347 3348 3345
f 57 3336 3306
f 847 3350 3336
f 839 3306 3350
f 3336 3350 3306
f 218 3351 3339
f 849 3352 3351
f 847 3339 3352
f 3351 3352 3339
f 217 3310 3354
f 839 3353 3310
f 849 3354 3353
f 3310 3353 3354
f 847 3352 3350
f 849 3353 3352
f 839 3350 3353
f 3352 3353 3350
f 52 3292 3328
f 837 3355 3292
f 844 3328 3355
f 3292 3355 3328
f 216 3356 3295
f 850 3357 3356
f 837 3295 3357
f 3356 3357 3295
f 218 3332 3359
f 844 3358 3332
f 850 3359 3358
f 3332 3358 3359
f 837 3357 3355
f 850 3358 3357
f 844 3355 3358
f 3357 3358 3355
f 217 3354 3346
f 849 3360 3354
f 848 3346 3360
f 3354 3360 3346
f 218 3359 3351
f 850 3361 3359
f 849 3351 3361
f 3359 3361 3351
f 216 3349 3356
f 848 3362 3349
f 850 3356 3362
f 3349 3362 3356
f 849 3361 3360
f 850 3362 3361
f 848 3360 3362
f 3361 3362 3360
f 1 2972 3364
f 752 3363 2972
f 852 3364 3363
f 2972 3363 3364
f 194 3365 2975
f 851 3366 3365
f 752 2975 3366
f 3365 3366 2975
f 220 3367 3369
f 852 3368 3367
f 851 3369 3368
f 3367 3368 3369
f 752 3366 3363
f 851 3368 3366
f 852 3363 3368
f 3366 3368 3363
f 53 3370 2985
f 853 3371 3370
f 755 2985 3371
f 3370 3371 2985
f 219 3372 3374
f 854 3373 3372
f 853 3374 3373
f 3372 3373 3374
f 194 2990 3376
f 755 3375 2990
f 854 3376 3375
f 2990 3375 3376
f 853 3373 3371
f 854 3375 3373
f 755 3371 3375
f 3373 3375 3371
f 60 3377 3379
f 855 3378 3377
f 857 3379 3378
f 3377 3378 3379
f 220 3380 3382
f 856 3381 3380
f 855 3382 3381
f 3380 3381 3382
f 219 3383 3385
f 857 3384 3383
f 856 3385 3384
f 3383 3384 3385
f 855 3381 3378
f 856 3384 3381
f 857 3378 3384
f 3381 3384 3378
f 194 3376 3365
f 854 3386 3376
f 851 3365 3386
f 3376 3386 3365
f 219 3385 3372
f 856 3387 3385
f 854 3372 3387
f 3385 3387 3372
f 220 3369 3380
f 851 3388 3369
f 856 3380 3388
f 3369 3388 3380
f 854 3387 3386
f 856 3388 3387
f 851 3386 3388
f 3387 3388 3386
f 17 3389 3023
f 858 3390 3389
f 765 3023 3390
f 3389 3390 3023
f 221 3391 3393
f 859 3392 3391
f 858 3393 3392
f 3391 3392 3393
f 197 3028 3395
f 765 3394 3028
f 859 3395 3394
f 3028 3394 3395
f 858 3392 3390
f 859 3394 3392
f 765 3390 3394
f 3392 3394 3390
f 59 3396 3398
f 860 3397 3396
f 862 3398 3397
f 3396 3397 3398
f 222 3399 3401
f 861 3400 3399
f 860 3401 3400
f 3399 3400 3401
f 221 3402 3404
f 862 3403 3402
f 861 3404 3403
f 3402 3403 3404
f 860 3400 3397
f 861 3403 3400
f 862 3397 3403
f 3400 3403 3397
f 53 3034 3406
f 770 3405 3034
f 864 3406 3405
f 3034 3405 3406
f 197 3407 3038
f 863 3408 3407
f 770 3038 3408
f 3407 3408 3038
f 222 3409 3411
f 864 3410 3409
f 863 3411 3410
f 3409 3410 3411
f 770 3408 3405
f 863 3410 3408
f 864 3405 3410
f 3408 3410 3405
f 221 3404 3391
f 861 3412 3404
f 859 3391 3412
f 3404 3412 3391
f 222 3411 3399
f 863 3413 3411
f 861 3399 3413
f 3411 3413 3399
f 197 3395 3407
f 859 3414 3395
f 863 3407 3414
f 3395 3414 3407
f 861 3413 3412
f 863 3414 3413
f 859 3412 3414
f 3413 3414 3412
f 19 3415 3417
f 865 3416 3415
f 867 3417 3416
f 3415 3416 3417
f 223 3418 3420
f 866 3419 3418
f 865 3420 3419
f 3418 3419 3420
f 225 3421 3423
f 867 3422 3421
f 866 3423 3422
f 3421 3422 3423
f 865 3419 3416
f 866 3422 3419
f 867 3416 3422
f 3419 3422 3416
f 60 3424 3426
f 868 3425 3424
f 870 3426 3425
f 3424 3425 3426
f 224 3427 3429
f 869 3428 3427
f 868 3429 3428
f 3427 3428 3429
f 223 3430 3432
f 870 3431 3430
f 869 3432 3431
f 3430 3431 3432
f 868 3428 3425
f 869 3431 3428
f 870 3425 3431
f 3428 3431 3425
f 59 3433 3435
f 871 3434 3433
f 873 3435 3434
f 3433 3434 3435
f 225 3436 3438
f 872 3437 3436
f 871 3438 3437
f 3436 3437 3438
f 224 3439 3441
f 873 3440 3439
f 872 3441 3440
f 3439 3440 3441
f 871 3437 3434
f 872 3440 3437
f 873 3434 3440
f 3437 3440 3434
f 223 3432 3418
f 869 3442 3432
f 866 3418 3442
f 3432 3442 3418
f 224 3441 3427
f 872 3443 3441
f 869 3427 3443
f 3441 3443 3427
f 225 3423 3436
f 866 3444 3423
f 872 3436 3444
f 3423 3444 3436
f 869 3443 3442
f 872 3444 3443
f 866 3442 3444
f 3443 3444 3442
f 53 3406 3370
f 864 3445 3406
f 853 3370 3445
f 3406 3445 3370
f 222 3446 3409
f 874 3447 3446
f 864 3409 3447
f 3446 3447 3409
f 219 3374 3449
f 853 3448 3374
f 874 3449 3448
f 3374 3448 3449
f 864 3447 3445
f 874 3448 3447
f 853 3445 3448
f 3447 3448 3445
f 59 3435 3396
f 873 3450 3435
f 860 3396 3450
f 3435 3450 3396
f 224 3451 3439
f 875 3452 3451
f 873 3439 3452
f 3451 3452 3439
f 222 3401 3454
f 860 3453 3401
f 875 3454 3453
f 3401 3453 3454
f 873 3452 3450
f 875 3453 3452
f 860 3450 3453
f 3452 3453 3450
f 60 3379 3424
f 857 3455 3379
f 868 3424 3455
f 3379 3455 3424
f 219 3456 3383
f 876 3457 3456
f 857 3383 3457
f 3456 3457 3383
f 224 3429 3459
f 868 3458 3429
f 876 3459 3458
f 3429 3458 3459
f 857 3457 3455
f 876 3458 3457
f 868 3455 3458
f 3457 3458 3455
f 222 3454 3446
f 875 3460 3454
f 874 3446 3460
f 3454 3460 3446
f 224 3459 3451
f 876 3461 3459
f 875 3451 3461
f 3459 3461 3451
f 219 3449 3456
f 874 3462 3449
f 876 3456 3462
f 3449 3462 3456
f 875 3461 3460
f 876 3462 3461
f 874 3460 3462
f 3461 3462 3460
f 2 3463 3171
f 877 3464 3463
f 803 3171 3464
f 3463 3464 3171
f 226 3465 3467
f 878 3466 3465
f 877 3467 3466
f 3465 3466 3467
f 207 3176 3469
f 803 3468 3176
f 878 3469 3468
f 3176 3468 3469
f 877 3466 3464
f 878 3468 3466
f 803 3464 3468
f 3466 3468 3464
f 61 3470 3472
f 879 3471 3470
f 881 3472 3471
f 3470 3471 3472
f 227 3473 3475
f 880 3474 3473
f 879 3475 3474
f 3473 3474 3475
f 226 3476 3478
f 881 3477 3476
f 880 3478 3477
f 3476 3477 3478
f 879 3474 3471
f 880 3477 3474
f 881 3471 3477
f 3474 3477 3471
f 56 3182 3480
f 808 3479 3182
f 883 3480 3479
f 3182 3479 3480
f 207 3481 3186
f 882 3482 3481
f 808 3186 3482
f 3481 3482 3186
f 227 3483 3485
f 883 3484 3483
f 882 3485 3484
f 3483 3484 3485
f 808 3482 3479
f 882 3484 3482
f 883 3479 3484
f 3482 3484 3479
f 226 3478 3465
f 880 3486 3478
f 878 3465 3486
f 3478 3486 3465
f 227 3485 3473
f 882 3487 3485
f 880 3473 3487
f 3485 3487 3473
f 207 3469 3481
f 878 3488 3469
f 882 3481 3488
f 3469 3488 3481
f 880 3487 3486
f 882 3488 3487
f 878 3486 3488
f 3487 3488 3486
f 18 3489 3491
f 884 3490 3489
f 886 3491 3490
f 3489 3490 3491
f 228 3492 3494
f 885 3493 3492
f 884 3494 3493
f 3492 3493 3494
f 230 3495 3497
f 886 3496 3495
f 885 3497 3496
f 3495 3496 3497
f 884 3493 3490
f 885 3496 3493
f 886 3490 3496
f 3493 3496 3490
f 62 3498 3500
f 887 3499 3498
f 889 3500 3499
f 3498 3499 3500
f 229 3501 3503
f 888 3502 3501
f 887 3503 3502
f 3501 3502 3503
f 228 3504 3506
f 889 3505 3504
f 888 3506 3505
f 3504 3505 3506
f 887 3502 3499
f 888 3505 3502
f 889 3499 3505
f 3502 3505 3499
f 61 3507 3509
f 890 3508 3507
f 892 3509 3508
f 3507 3508 3509
f 230 3510 3512
f 891 3511 3510
f 890 3512 3511
f 3510 3511 3512
f 229 3513 3515
f 892 3514 3513
f 891 3515 3514
f 3513 3514 3515
f 890 3511 3508
f 891 3514 3511
f 892 3508 3514
f 3511 3514 3508
f 228 3506 3492
f 888 3516 3506
f 885 3492 3516
f 3506 3516 3492
f 229 3515 3501
f 891 3517 3515
f 888 3501 3517
f 3515 3517 3501
f 230 3497 3510
f 885 3518 3497
f 891 3510 3518
f 3497 3518 3510
f 888 3517 3516
f 891 3518 3517
f 885 3516 3518
f 3517 3518 3516
f 17 3203 3520
f 814 3519 3203
f 894 3520 3519
f 3203 3519 3520
f 212 3521 3207
f 893 3522 3521
f 814 3207 3522
f 3521 3522 3207
f 232 3523 3525
f 894 3524 3523
f 893 3525 3524
f 3523 3524 3525
f 814 3522 3519
f 893 3524 3522
f 894 3519 3524
f 3522 3524 3519
f 56 3526 3219
f 895 3527 3526
f 818 3219 3527
f 3526 3527 3219
f 231 3528 3530
f 896 3529 3528
f 895 3530 3529
f 3528 3529 3530
f 212 3224 3532
f 818 3531 3224
f 896 3532 3531
f 3224 3531 3532
f 895 3529 3527
f 896 3531 3529
f 818 3527 3531
f 3529 3531 3527
f 62 3533 3535
f 897 3534 3533
f 899 3535 3534
f 3533 3534 3535
f 232 3536 3538
f 898 3537 3536
f 897 3538 3537
f 3536 3537 3538
f 231 3539 3541
f 899 3540 3539
f 898 3541 3540
f 3539 3540 3541
f 897 3537 3534
f 898 3540 3537
f 899 3534 3540
f 3537 3540 3534
f 212 3532 3521
f 896 3542 3532
f 893 3521 3542
f 3532 3542 3521
f 231 3541 3528
f 898 3543 3541
f 896 3528 3543
f 3541 3543 3528
f 232 3525 3536
f 893 3544 3525
f 898 3536 3544
f 3525 3544 3536
f 896 3543 3542
f 898 3544 3543
f 893 3542 3544
f 3543 3544 3542
f 61 3509 3470
f 892 3545 3509
f 879 3470 3545
f 3509 3545 3470
f 229 3546 3513
f 900 3547 3546
f 892 3513 3547
f 3546 3547 3513
f 227 3475 3549
f 879 3548 3475
f 900 3549 3548
f 3475 3548 3549
f 892 3547 3545
f 900 3548 3547
f 879 3545 3548
f 3547 3548 3545
f 62 3535 3498
f 899 3550 3535
f 887 3498 3550
f 3535 3550 3498
f 231 3551 3539
f 901 3552 3551
f 899 3539 3552
f 3551 3552 3539
f 229 3503 3554
f 887 3553 3503
f 901 3554 3553
f 3503 3553 3554
f 899 3552 3550
f 901 3553 3552
f 887 3550 3553
f 3552 3553 3550
f 56 3480 3526
f 883 3555 3480
f 895 3526 3555
f 3480 3555 3526
f 227 3556 3483
f 902 3557 3556
f 883 3483 3557
f 3556 3557 3483
f 231 3530 3559
f 895 3558 3530
f 902 3559 3558
f 3530 3558 3559
f 883 3557 3555
f 902 3558 3557
f 895 3555 3558
f 3557 3558 3555
f 229 3554 3546
f 901 3560 3554
f 900 3546 3560
f 3554 3560 3546
f 231 3559 3551
f 902 3561 3559
f 901 3551 3561
f 3559 3561 3551
f 227 3549 3556
f 900 3562 3549
f 902 3556 3562
f 3549 3562 3556
f 901 3561 3560
f 902 3562 3561
f 900 3560 3562
f 3561 3562 3560
f 8 3563 3565
f 903 3564 3563
f 905 3565 3564
f 3563 3564 3565
f 233 3566 3568
f 904 3567 3566
f 903 3568 3567
f 3566 3567 3568
f 235 3569 3571
f 905 3570 3569
f 904 3571 3570
f 3569 3570 3571
f 903 3567 3564
f 904 3570 3567
f 905 3564 3570
f 3567 3570 3564
f 63 3572 3574
f 906 3573 3572
f 908 3574 3573
f 3572 3573 3574
f 234 3575 3577
f 907 3576 3575
f 906 3577 3576
f 3575 3576 3577
f 233 3578 3580
f 908 3579 3578
f 907 3580 3579
f 3578 3579 3580
f 906 3576 3573
f 907 3579 3576
f 908 3573 3579
f 3576 3579 3573
f 65 3581 3583
f 909 3582 3581
f 911 3583 3582
f 3581 3582 3583
f 235 3584 3586
f 910 3585 3584
f 909 3586 3585
f 3584 3585 3586
f 234 3587 3589
f 911 3588 3587
f 910 3589 3588
f 3587 3588 3589
f 909 3585 3582
f 910 3588 3585
f 911 3582 3588
f 3585 3588 3582
f 233 3580 3566
f 907 3590 3580
f 904 3566 3590
f 3580 3590 3566
f 234 3589 3575
f 910 3591 3589
f 907 3575 3591
f 3589 3591 3575
f 235 3571 3584
f 904 3592 3571
f 910 3584 3592
f 3571 3592 3584
f 907 3591 3590
f 910 3592 3591
f 904 3590 3592
f 3591 3592 3590
f 19 3593 3595
f 912 3594 3593
f 914 3595 3594
f 3593 3594 3595
f 236 3596 3598
f 913 3597 3596
f 912 3598 3597
f 3596 3597 3598
f 238 3599 3601
f 914 3600 3599
f 913 3601 3600
f 3599 3600 3601
f 912 3597 3594
f 913 3600 3597
f 914 3594 3600
f 3597 3600 3594
f 64 3602 3604
f 915 3603 3602
f 917 3604 3603
f 3602 3603 3604
f 237 3605 3607
f 916 3606 3605
f 915 3607 3606
f 3605 3606 3607
f 236 3608 3610
f 917 3609 3608
f 916 3610 3609
f 3608 3609 3610
f 915 3606 3603
f 916 3609 3606
f 917 3603 3609
f 3606 3609 3603
f 63 3611 3613
f 918 3612 3611
f 920 3613 3612
f 3611 3612 3613
f 238 3614 3616
f 919 3615 3614
f 918 3616 3615
f 3614 3615 3616
f 237 3617 3619
f 920 3618 3617
f 919 3619 3618
f 3617 3618 3619
f 918 3615 3612
f 919 3618 3615
f 920 3612 3618
f 3615 3618 3612
f 236 3610 3596
f 916 3620 3610
f 913 3596 3620
f 3610 3620 3596
f 237 3619 3605
f 919 3621 3619
f 916 3605 3621
f 3619 3621 3605
f 238 3601 3614
f 913 3622 3601
f 919 3614 3622
f 3601 3622 3614
f 916 3621 3620
f 919 3622 3621
f 913 3620 3622
f 3621 3622 3620
f 18 3623 3625
f 921 3624 3623
f 923 3625 3624
f 3623 3624 3625
f 239 3626 3628
f 922 3627 3626
f 921 3628 3627
f 3626 3627 3628
f 241 3629 3631
f 923 3630 3629
f 922 3631 3630
f 3629 3630 3631
f 921 3627 3624
f 922 3630 3627
f 923 3624 3630
f 3627 3630 3624
f 65 3632 3634
f 924 3633 3632
f 926 3634 3633
f 3632 3633 3634
f 240 3635 3637
f 925 3636 3635
f 924 3637 3636
f 3635 3636 3637
f 239 3638 3640
f 926 3639 3638
f 925 3640 3639
f 3638 3639 3640
f 924 3636 3633
f 925 3639 3636
f 926 3633 3639
f 3636 3639 3633
f 64 3641 3643
f 927 3642 3641
f 929 3643 3642
f 3641 3642 3643
f 241 3644 3646
f 928 3645 3644
f 927 3646 3645
f 3644 3645 3646
f 240 3647 3649
f 929 3648 3647
f 928 3649 3648
f 3647 3648 3649
f 927 3645 3642
f 928 3648 3645
f 929 3642 3648
f 3645 3648 3642
f 239 3640 3626
f 925 3650 3640
f 922 3626 3650
f 3640 3650 3626
f 240 3649 3635
f 928 3651 3649
f 925 3635 3651
f 3649 3651 3635
f 241 3631 3644
f 922 3652 3631
f 928 3644 3652
f 3631 3652 3644
f 925 3651 3650
f 928 3652 3651
f 922 3650 3652
f 3651 3652 3650
f 63 3613 3572
f 920 3653 3613
f 906 3572 3653
f 3613 3653 3572
f 237 3654 3617
f 930 3655 3654
f 920 3617 3655
f 3654 3655 3617
f 234 3577 3657
f 906 3656 3577
f 930 3657 3656
f 3577 3656 3657
f 920 3655 3653
f 930 3656 3655
f 906 3653 3656
f 3655 3656 3653
f 64 3643 3602
f 929 3658 3643
f 915 3602 3658
f 3643 3658 3602
f 240 3659 3647
f 931 3660 3659
f 929 3647 3660
f 3659 3660 3647
f 237 3607 3662
f 915 3661 3607
f 931 3662 3661
f 3607 3661 3662
f 929 3660 3658
f 931 3661 3660
f 915 3658 3661
f 3660 3661 3658
f 65 3583 3632
f 911 3663 3583
f 924 3632 3663
f 3583 3663 3632
f 234 3664 3587
f 932 3665 3664
f 911 3587 3665
f 3664 3665 3587
f 240 3637 3667
f 924 3666 3637
f 932 3667 3666
f 3637 3666 3667
f 911 3665 3663
f 932 3666 3665
f 924 3663 3666
f 3665 3666 3663
f 237 3662 3654
f 931 3668 3662
f 930 3654 3668
f 3662 3668 3654
f 240 3667 3659
f 932 3669 3667
f 931 3659 3669
f 3667 3669 3659
f 234 3657 3664
f 930 3670 3657
f 932 3664 3670
f 3657 3670 3664
f 931 3669 3668
f 932 3670 3669
f 930 3668 3670
f 3669 3670 3668
f 17 3520 3389
f 894 3671 3520
f 858 3389 3671
f 3520 3671 3389
f 232 3672 3523
f 933 3673 3672
f 894 3523 3673
f 3672 3673 3523
f 221 3393 3675
f 858 3674 3393
f 933 3675 3674
f 3393 3674 3675
f 894 3673 3671
f 933 3674 3673
f 858 3671 3674
f 3673 3674 3671
f 62 3676 3533
f 934 3677 3676
f 897 3533 3677
f 3676 3677 3533
f 242 3678 3680
f 935 3679 3678
f 934 3680 3679
f 3678 3679 3680
f 232 3538 3682
f 897 3681 3538
f 935 3682 3681
f 3538 3681 3682
f 934 3679 3677
f 935 3681 3679
f 897 3677 3681
f 3679 3681 3677
f 59 3398 3684
f 862 3683 3398
f 937 3684 3683
f 3398 3683 3684
f 221 3685 3402
f 936 3686 3685
f 862 3402 3686
f 3685 3686 3402
f 242 3687 3689
f 937 3688 3687
f 936 3689 3688
f 3687 3688 3689
f 862 3686 3683
f 936 3688 3686
f 937 3683 3688
f 3686 3688 3683
f 232 3682 3672
f 935 3690 3682
f 933 3672 3690
f 3682 3690 3672
f 242 3689 3678
f 936 3691 3689
f 935 3678 3691
f 3689 3691 3678
f 221 3675 3685
f 933 3692 3675
f 936 3685 3692
f 3675 3692 3685
f 935 3691 3690
f 936 3692 3691
f 933 3690 3692
f 3691 3692 3690
f 18 3625 3489
f 923 3693 3625
f 884 3489 3693
f 3625 3693 3489
f 241 3694 3629
f 938 3695 3694
f 923 3629 3695
f 3694 3695 3629
f 228 3494 3697
f 884 3696 3494
f 938 3697 3696
f 3494 3696 3697
f 923 3695 3693
f 938 3696 3695
f 884 3693 3696
f 3695 3696 3693
f 64 3698 3641
f 939 3699 3698
f 927 3641 3699
f 3698 3699 3641
f 243 3700 3702
f 940 3701 3700
f 939 3702 3701
f 3700 3701 3702
f 241 3646 3704
f 927 3703 3646
f 940 3704 3703
f 3646 3703 3704
f 939 3701 3699
f 940 3703 3701
f 927 3699 3703
f 3701 3703 3699
f 62 3500 3706
f 889 3705 3500
f 942 3706 3705
f 3500 3705 3706
f 228 3707 3504
f 941 3708 3707
f 889 3504 3708
f 3707 3708 3504
f 243 3709 3711
f 942 3710 3709
f 941 3711 3710
f 3709 3710 3711
f 889 3708 3705
f 941 3710 3708
f 942 3705 3710
f 3708 3710 3705
f 241 3704 3694
f 940 3712 3704
f 938 3694 3712
f 3704 3712 3694
f 243 3711 3700
f 941 3713 3711
f 940 3700 3713
f 3711 3713 3700
f 228 3697 3707
f 938 3714 3697
f 941 3707 3714
f 3697 3714 3707
f 940 3713 3712
f 941 3714 3713
f 938 3712 3714
f 3713 3714 3712
f 19 3417 3593
f 867 3715 3417
f 912 3593 3715
f 3417 3715 3593
f 225 3716 3421
f 943 3717 3716
f 867 3421 3717
f 3716 3717 3421
f 236 3598 3719
f 912 3718 3598
f 943 3719 3718
f 3598 3718 3719
f 867 3717 3715
f 943 3718 3717
f 912 3715 3718
f 3717 3718 3715
f 59 3720 3433
f 944 3721 3720
f 871 3433 3721
f 3720 3721 3433
f 244 3722 3724
f 945 3723 3722
f 944 3724 3723
f 3722 3723 3724
f 225 3438 3726
f 871 3725 3438
f 945 3726 3725
f 3438 3725 3726
f 944 3723 3721
f 945 3725 3723
f 871 3721 3725
f 3723 3725 3721
f 64 3604 3728
f 917 3727 3604
f 947 3728 3727
f 3604 3727 3728
f 236 3729 3608
f 946 3730 3729
f 917 3608 3730
f 3729 3730 3608
f 244 3731 3733
f 947 3732 3731
f 946 3733 3732
f 3731 3732 3733
f 917 3730 3727
f 946 3732 3730
f 947 3727 3732
f 3730 3732 3727
f 225 3726 3716
f 945 3734 3726
f 943 3716 3734
f 3726 3734 3716
f 244 3733 3722
f 946 3735 3733
f 945 3722 3735
f 3733 3735 3722
f 236 3719 3729
f 943 3736 3719
f 946 3729 3736
f 3719 3736 3729
f 945 3735 3734
f 946 3736 3735
f 943 3734 3736
f 3735 3736 3734
f 62 3706 3676
f 942 3737 3706
f 934 3676 3737
f 3706 3737 3676
f 243 3738 3709
f 948 3739 3738
f 942 3709 3739
f 3738 3739 3709
f 242 3680 3741
f 934 3740 3680
f 948 3741 3740
f 3680 3740 3741
f 942 3739 3737
f 948 3740 3739
f 934 3737 3740
f 3739 3740 3737
f 64 3728 3698
f 947 3742 3728
f 939 3698 3742
f 3728 3742 3698
f 244 3743 3731
f 949 3744 3743
f 947 3731 3744
f 3743 3744 3731
f 243 3702 3746
f 939 3745 3702
f 949 3746 3745
f 3702 3745 3746
f 947 3744 3742
f 949 3745 3744
f 939 3742 3745
f 3744 3745 3742
f 59 3684 3720
f 937 3747 3684
f 944 3720 3747
f 3684 3747 3720
f 242 3748 3687
f 950 3749 3748
f 937 3687 3749
f 3748 3749 3687
f 244 3724 3751
f 944 3750 3724
f 950 3751 3750
f 3724 3750 3751
f 937 3749 3747
f 950 3750 3749
f 944 3747 3750
f 3749 3750 3747
f 243 3746 3738
f 949 3752 3746
f 948 3738 3752
f 3746 3752 3738
f 244 3751 3743
f 950 3753 3751
f 949 3743 3753
f 3751 3753 3743
f 242 3741 3748
f 948 3754 3741
f 950 3748 3754
f 3741 3754 3748
f 949 3753 3752
f 950 3754 3753
f 948 3752 3754
f 3753 3754 3752
f 1 3364 3756
f 852 3755 3364
f 952 3756 3755
f 3364 3755 3756
f 220 3757 3367
f 951 3758 3757
f 852 3367 3758
f 3757 3758 3367
f 246 3759 3761
f 952 3760 3759
f 951 3761 3760
f 3759 3760 3761
f 852 3758 3755
f 951 3760 3758
f 952 3755 3760
f 3758 3760 3755
f 60 3762 3377
f 953 3763 3762
f 855 3377 3763
f 3762 3763 3377
f 245 3764 3766
f 954 3765 3764
f 953 3766 3765
f 3764 3765 3766
f 220 3382 3768
f 855 3767 3382
f 954 3768 3767
f 3382 3767 3768
f 953 3765 3763
f 954 3767 3765
f 855 3763 3767
f 3765 3767 3763
f 67 3769 3771
f 955 3770 3769
f 957 3771 3770
f 3769 3770 3771
f 246 3772 3774
f 956 3773 3772
f 955 3774 3773
f 3772 3773 3774
f 245 3775 3777
f 957 3776 3775
f 956 3777 3776
f 3775 3776 3777
f 955 3773 3770
f 956 3776 3773
f 957 3770 3776
f 3773 3776 3770
f 220 3768 3757
f 954 3778 3768
f 951 3757 3778
f 3768 3778 3757
f 245 3777 3764
f 956 3779 3777
f 954 3764 3779
f 3777 3779 3764
f 246 3761 3772
f 951 3780 3761
f 956 3772 3780
f 3761 3780 3772
f 954 3779 3778
f 956 3780 3779
f 951 3778 3780
f 3779 3780 3778
f 19 3781 3415
f 958 3782 3781
f 865 3415 3782
f 3781 3782 3415
f 247 3783 3785
f 959 3784 3783
f 958 3785 3784
f 3783 3784 3785
f 223 3420 3787
f 865 3786 3420
f 959 3787 3786
f 3420 3786 3787
f 958 3784 3782
f 959 3786 3784
f 865 3782 3786
f 3784 3786 3782
f 66 3788 3790
f 960 3789 3788
f 962 3790 3789
f 3788 3789 3790
f 248 3791 3793
f 961 3792 3791
f 960 3793 3792
f 3791 3792 3793
f 247 3794 3796
f 962 3795 3794
f 961 3796 3795
f 3794 3795 3796
f 960 3792 3789
f 961 3795 3792
f 962 3789 3795
f 3792 3795 3789
f 60 3426 3798
f 870 3797 3426
f 964 3798 3797
f 3426 3797 3798
f 223 3799 3430
f 963 3800 3799
f 870 3430 3800
f 3799 3800 3430
f 248 3801 3803
f 964 3802 3801
f 963 3803 3802
f 3801 3802 3803
f 870 3800 3797
f 963 3802 3800
f 964 3797 3802
f 3800 3802 3797
f 247 3796 3783
f 961 3804 3796
f 959 3783 3804
f 3796 3804 3783
f 248 3803 3791
f 963 3805 3803
f 961 3791 3805
f 3803 3805 3791
f 223 3787 3799
f 959 3806 3787
f 963 3799 3806
f 3787 3806 3799
f 961 3805 3804
f 963 3806 3805
f 959 3804 3806
f 3805 3806 3804
f 21 3807 3809
f 965 3808 3807
f 967 3809 3808
f 3807 3808 3809
f 249 3810 3812
f 966 3811 3810
f 965 3812 3811
f 3810 3811 3812
f 251 3813 3815
f 967 3814 3813
f 966 3815 3814
f 3813 3814 3815
f 965 3811 3808
f 966 3814 3811
f 967 3808 3814
f 3811 3814 3808
f 67 3816 3818
f 968 3817 3816
f 970 3818 3817
f 3816 3817 3818
f 250 3819 3821
f 969 3820 3819
f 968 3821 3820
f 3819 3820 3821
f 249 3822 3824
f 970 3823 3822
f 969 3824 3823
f 3822 3823 3824
f 968 3820 3817
f 969 3823 3820
f 970 3817 3823
f 3820 3823 3817
f 66 3825 3827
f 971 3826 3825
f 973 3827 3826
f 3825 3826 3827
f 251 3828 3830
f 972 3829 3828
f 971 3830 3829
f 3828 3829 3830
f 250 3831 3833
f 973 3832 3831
f 972 3833 3832
f 3831 3832 3833
f 971 3829 3826
f 972 3832 3829
f 973 3826 3832
f 3829 3832 3826
f 249 3824 3810
f 969 3834 3824
f 966 3810 3834
f 3824 3834 3810
f 250 3833 3819
f 972 3835 3833
f 969 3819 3835
f 3833 3835 3819
f 251 3815 3828
f 966 3836 3815
f 972 3828 3836
f 3815 3836 3828
f 969 3835 3834
f 972 3836 3835
f 966 3834 3836
f 3835 3836 3834
f 60 3798 3762
f 964 3837 3798
f 953 3762 3837
f 3798 3837 3762
f 248 3838 3801
f 974 3839 3838
f 964 3801 3839
f 3838 3839 3801
f 245 3766 3841
f 953 3840 3766
f 974 3841 3840
f 3766 3840 3841
f 964 3839 3837
f 974 3840 3839
f 953 3837 3840
f 3839 3840 3837
f 66 3827 3788
f 973 3842 3827
f 960 3788 3842
f 3827 3842 3788
f 250 3843 3831
f 975 3844 3843
f 973 3831 3844
f 3843 3844 3831
f 248 3793 3846
f 960 3845 3793
f 975 3846 3845
f 3793 3845 3846
f 973 3844 3842
f 975 3845 3844
f 960 3842 3845
f 3844 3845 3842
f 67 3771 3816
f 957 3847 3771
f 968 3816 3847
f 3771 3847 3816
f 245 3848 3775
f 976 3849 3848
f 957 3775 3849
f 3848 3849 3775
f 250 3821 3851
f 968 3850 3821
f 976 3851 3850
f 3821 3850 3851
f 957 3849 3847
f 976 3850 3849
f 968 3847 3850
f 3849 3850 3847
f 248 3846 3838
f 975 3852 3846
f 974 3838 3852
f 3846 3852 3838
f 250 3851 3843
f 976 3853 3851
f 975 3843 3853
f 3851 3853 3843
f 245 3841 3848
f 974 3854 3841
f 976 3848 3854
f 3841 3854 3848
f 975 3853 3852
f 976 3854 3853
f 974 3852 3854
f 3853 3854 3852
f 8 3855 3563
f 977 3856 3855
f 903 3563 3856
f 3855 3856 3563
f 252 3857 3859
f 978 3858 3857
f 977 3859 3858
f 3857 3858 3859
f 233 3568 3861
f 903 3860 3568
f 978 3861 3860
f 3568 3860 3861
f 977 3858 3856
f 978 3860 3858
f 903 3856 3860
f 3858 3860 3856
f 68 3862 3864
f 979 3863 3862
f 981 3864 3863
f 3862 3863 3864
f 253 3865 3867
f 980 3866 3865
f 979 3867 3866
f 3865 3866 3867
f 252 3868 3870
f 981 3869 3868
f 980 3870 3869
f 3868 3869 3870
f 979 3866 3863
f 980 3869 3866
f 981 3863 3869
f 3866 3869 3863
f 63 3574 3872
f 908 3871 3574
f 983 3872 3871
f 3574 3871 3872
f 233 3873 3578
f 982 3874 3873
f 908 3578 3874
f 3873 3874 3578
f 253 3875 3877
f 983 3876 3875
f 982 3877 3876
f 3875 3876 3877
f 908 3874 3871
f 982 3876 3874
f 983 3871 3876
f 3874 3876 3871
f 252 3870 3857
f 980 3878 3870
f 978 3857 3878
f 3870 3878 3857
f 253 3877 3865
f 982 3879 3877
f 980 3865 3879
f 3877 3879 3865
f 233 3861 3873
f 978 3880 3861
f 982 3873 3880
f 3861 3880 3873
f 980 3879 3878
f 982 3880 3879
f 978 3878 3880
f 3879 3880 3878
f 20 3881 3883
f 984 3882 3881
f 986 3883 3882
f 3881 3882 3883
f 254 3884 3886
f 985 3885 3884
f 984 3886 3885
f 3884 3885 3886
f 256 3887 3889
f 986 3888 3887
f 985 3889 3888
f 3887 3888 3889
f 984 3885 3882
f 985 3888 3885
f 986 3882 3888
f 3885 3888 3882
f 69 3890 3892
f 987 3891 3890
f 989 3892 3891
f 3890 3891 3892
f 255 3893 3895
f 988 3894 3893
f 987 3895 3894
f 3893 3894 3895
f 254 3896 3898
f 989 3897 3896
f 988 3898 3897
f 3896 3897 3898
f 987 3894 3891
f 988 3897 3894
f 989 3891 3897
f 3894 3897 3891
f 68 3899 3901
f 990 3900 3899
f 992 3901 3900
f 3899 3900 3901
f 256 3902 3904
f 991 3903 3902
f 990 3904 3903
f 3902 3903 3904
f 255 3905 3907
f 992 3906 3905
f 991 3907 3906
f 3905 3906 3907
f 990 3903 3900
f 991 3906 3903
f 992 3900 3906
f 3903 3906 3900
f 254 3898 3884
f 988 3908 3898
f 985 3884 3908
f 3898 3908 3884
f 255 3907 3893
f 991 3909 3907
f 988 3893 3909
f 3907 3909 3893
f 256 3889 3902
f 985 3910 3889
f 991 3902 3910
f 3889 3910 3902
f 988 3909 3908
f 991 3910 3909
f 985 3908 3910
f 3909 3910 3908
f 19 3595 3912
f 914 3911 3595
f 994 3912 3911
f 3595 3911 3912
f 238 3913 3599
f 993 3914 3913
f 914 3599 3914
f 3913 3914 3599
f 258 3915 3917
f 994 3916 3915
f 993 3917 3916
f 3915 3916 3917
f 914 3914 3911
f 993 3916 3914
f 994 3911 3916
f 3914 3916 3911
f 63 3918 3611
f 995 3919 3918
f 918 3611 3919
f 3918 3919 3611
f 257 3920 3922
f 996 3921 3920
f 995 3922 3921
f 3920 3921 3922
f 238 3616 3924
f 918 3923 3616
f 996 3924 3923
f 3616 3923 3924
f 995 3921 3919
f 996 3923 3921
f 918 3919 3923
f 3921 3923 3919
f 69 3925 3927
f 997 3926 3925
f 999 3927 3926
f 3925 3926 3927
f 258 3928 3930
f 998 3929 3928
f 997 3930 3929
f 3928 3929 3930
f 257 3931 3933
f 999 3932 3931
f 998 3933 3932
f 3931 3932 3933
f 997 3929 3926
f 998 3932 3929
f 999 3926 3932
f 3929 3932 3926
f 238 3924 3913
f 996 3934 3924
f 993 3913 3934
f 3924 3934 3913
f 257 3933 3920
f 998 3935 3933
f 996 3920 3935
f 3933 3935 3920
f 258 3917 3928
f 993 3936 3917
f 998 3928 3936
f 3917 3936 3928
f 996 3935 3934
f 998 3936 3935
f 993 3934 3936
f 3935 3936 3934
f 68 3901 3862
f 992 3937 3901
f 979 3862 3937
f 3901 3937 3862
f 255 3938 3905
f 1000 3939 3938
f 992 3905 3939
f 3938 3939 3905
f 253 3867 3941
f 979 3940 3867
f 1000 3941 3940
f 3867 3940 3941
f 992 3939 3937
f 1000 3940 3939
f 979 3937 3940
f 3939 3940 3937
f 69 3927 3890
f 999 3942 3927
f 987 3890 3942
f 3927 3942 3890
f 257 3943 3931
f 1001 3944 3943
f 999 3931 3944
f 3943 3944 3931
f 255 3895 3946
f 987 3945 3895
f 1001 3946 3945
f 3895 3945 3946
f 999 3944 3942
f 1001 3945 3944
f 987 3942 3945
f 3944 3945 3942
f 63 3872 3918
f 983 3947 3872
f 995 3918 3947
f 3872 3947 3918
f 253 3948 3875
f 1002 3949 3948
f 983 3875 3949
f 3948 3949 3875
f 257 3922 3951
f 995 3950 3922
f 1002 3951 3950
f 3922 3950 3951
f 983 3949 3947
f 1002 3950 3949
f 995 3947 3950
f 3949 3950 3947
f 255 3946 3938
f 1001 3952 3946
f 1000 3938 3952
f 3946 3952 3938
f 257 3951 3943
f 1002 3953 3951
f 1001 3943 3953
f 3951 3953 3943
f 253 3941 3948
f 1000 3954 3941
f 1002 3948 3954
f 3941 3954 3948
f 1001 3953 3952
f 1002 3954 3953
f 1000 3952 3954
f 3953 3954 3952
f 11 3955 3957
f 1003 3956 3955
f 1005 3957 3956
f 3955 3956 3957
f 259 3958 3960
f 1004 3959 3958
f 1003 3960 3959
f 3958 3959 3960
f 261 3961 3963
f 1005 3962 3961
f 1004 3963 3962
f 3961 3962 3963
f 1003 3959 3956
f 1004 3962 3959
f 1005 3956 3962
f 3959 3962 3956
f 70 3964 3966
f 1006 3965 3964
f 1008 3966 3965
f 3964 3965 3966
f 260 3967 3969
f 1007 3968 3967
f 1006 3969 3968
f 3967 3968 3969
f 259 3970 3972
f 1008 3971 3970
f 1007 3972 3971
f 3970 3971 3972
f 1006 3968 3965
f 1007 3971 3968
f 1008 3965 3971
f 3968 3971 3965
f 72 3973 3975
f 1009 3974 3973
f 1011 3975 3974
f 3973 3974 3975
f 261 3976 3978
f 1010 3977 3976
f 1009 3978 3977
f 3976 3977 3978
f 260 3979 3981
f 1011 3980 3979
f 1010 3981 3980
f 3979 3980 3981
f 1009 3977 3974
f 1010 3980 3977
f 1011 3974 3980
f 3977 3980 3974
f 259 3972 3958
f 1007 3982 3972
f 1004 3958 3982
f 3972 3982 3958
f 260 3981 3967
f 1010 3983 3981
f 1007 3967 3983
f 3981 3983 3967
f 261 3963 3976
f 1004 3984 3963
f 1010 3976 3984
f 3963 3984 3976
f 1007 3983 3982
f 1010 3984 3983
f 1004 3982 3984
f 3983 3984 3982
f 21 3985 3987
f 1012 3986 3985
f 1014 3987 3986
f 3985 3986 3987
f 262 3988 3990
f 1013 3989 3988
f 1012 3990 3989
f 3988 3989 3990
f 264 3991 3993
f 1014 3992 3991
f 1013 3993 3992
f 3991 3992 3993
f 1012 3989 3986
f 1013 3992 3989
f 1014 3986 3992
f 3989 3992 3986
f 71 3994 3996
f 1015 3995 3994
f 1017 3996 3995
f 3994 3995 3996
f 263 3997 3999
f 1016 3998 3997
f 1015 3999 3998
f 3997 3998 3999
f 262 4000 4002
f 1017 4001 4000
f 1016 4002 4001
f 4000 4001 4002
f 1015 3998 3995
f 1016 4001 3998
f 1017 3995 4001
f 3998 4001 3995
f 70 4003 4005
f 1018 4004 4003
f 1020 4005 4004
f 4003 4004 4005
f 264 4006 4008
f 1019 4007 4006
f 1018 4008 4007
f 4006 4007 4008
f 263 4009 4011
f 1020 4010 4009
f 1019 4011 4010
f 4009 4010 4011
f 1018 4007 4004
f 1019 4010 4007
f 1020 4004 4010
f 4007 4010 4004
f 262 4002 3988
f 1016 4012 4002
f 1013 3988 4012
f 4002 4012 3988
f 263 4011 3997
f 1019 4013 4011
f 1016 3997 4013
f 4011 4013 3997
f 264 3993 4006
f 1013 4014 3993
f 1019 4006 4014
f 3993 4014 4006
f 1016 4013 4012
f 1019 4014 4013
f 1013 4012 4014
f 4013 4014 4012
f 20 4015 4017
f 1021 4016 4015
f 1023 4017 4016
f 4015 4016 4017
f 265 4018 4020
f 1022 4019 4018
f 1021 4020 4019
f 4018 4019 4020
f 267 4021 4023
f 1023 4022 4021
f 1022 4023 4022
f 4021 4022 4023
f 1021 4019 4016
f 1022 4022 4019
f 1023 4016 4022
f 4019 4022 4016
f 72 4024 4026
f 1024 4025 4024
f 1026 4026 4025
f 4024 4025 4026
f 266 4027 4029
f 1025 4028 4027
f 1024 4029 4028
f 4027 4028 4029
f 265 4030 4032
f 1026 4031 4030
f 1025 4032 4031
f 4030 4031 4032
f 1024 4028 4025
f 1025 4031 4028
f 1026 4025 4031
f 4028 4031 4025
f 71 4033 4035
f 1027 4034 4033
f 1029 4035 4034
f 4033 4034 4035
f 267 4036 4038
f 1028 4037 4036
f 1027 4038 4037
f 4036 4037 4038
f 266 4039 4041
f 1029 4040 4039
f 1028 4041 4040
f 4039 4040 4041
f 1027 4037 4034
f 1028 4040 4037
f 1029 4034 4040
f 4037 4040 4034
f 265 4032 4018
f 1025 4042 4032
f 1022 4018 4042
f 4032 4042 4018
f 266 4041 4027
f 1028 4043 4041
f 1025 4027 4043
f 4041 4043 4027
f 267 4023 4036
f 1022 4044 4023
f 1028 4036 4044
f 4023 4044 4036
f 1025 4043 4042
f 1028 4044 4043
f 1022 4042 4044
f 4043 4044 4042
f 70 4005 3964
f 1020 4045 4005
f 1006 3964 4045
f 4005 4045 3964
f 263 4046 4009
f 1030 4047 4046
f 1020 4009 4047
f 4046 4047 4009
f 260 3969 4049
f 1006 4048 3969
f 1030 4049 4048
f 3969 4048 4049
f 1020 4047 4045
f 1030 4048 4047
f 1006 4045 4048
f 4047 4048 4045
f 71 4035 3994
f 1029 4050 4035
f 1015 3994 4050
f 4035 4050 3994
f 266 4051 4039
f 1031 4052 4051
f 1029 4039 4052
f 4051 4052 4039
f 263 3999 4054
f 1015 4053 3999
f 1031 4054 4053
f 3999 4053 4054
f 1029 4052 4050
f 1031 4053 4052
f 1015 4050 4053
f 4052 4053 4050
f 72 3975 4024
f 1011 4055 3975
f 1024 4024 4055
f 3975 4055 4024
f 260 4056 3979
f 1032 4057 4056
f 1011 3979 4057
f 4056 4057 3979
f 266 4029 4059
f 1024 4058 4029
f 1032 4059 4058
f 4029 4058 4059
f 1011 4057 4055
f 1032 4058 4057
f 1024 4055 4058
f 4057 4058 4055
f 263 4054 4046
f 1031 4060 4054
f 1030 4046 4060
f 4054 4060 4046
f 266 4059 4051
f 1032 4061 4059
f 1031 4051 4061
f 4059 4061 4051
f 260 4049 4056
f 1030 4062 4049
f 1032 4056 4062
f 4049 4062 4056
f 1031 4061 4060
f 1032 4062 4061
f 1030 4060 4062
f 4061 4062 4060
f 19 3912 3781
f 994 4063 3912
f 958 3781 4063
f 3912 4063 3781
f 258 4064 3915
f 1033 4065 4064
f 994 3915 4065
f 4064 4065 3915
f 247 3785 4067
f 958 4066 3785
f 1033 4067 4066
f 3785 4066 4067
f 994 4065 4063
f 1033 4066 4065
f 958 4063 4066
f 4065 4066 4063
f 69 4068 3925
f 1034 4069 4068
f 997 3925 4069
f 4068 4069 3925
f 268 4070 4072
f 1035 4071 4070
f 1034 4072 4071
f 4070 4071 4072
f 258 3930 4074
f 997 4073 3930
f 1035 4074 4073
f 3930 4073 4074
f 1034 4071 4069
f 1035 4073 4071
f 997 4069 4073
f 4071 4073 4069
f 66 3790 4076
f 962 4075 3790
f 1037 4076 4075
f 3790 4075 4076
f 247 4077 3794
f 1036 4078 4077
f 962 3794 4078
f 4077 4078 3794
f 268 4079 4081
f 1037 4080 4079
f 1036 4081 4080
f 4079 4080 4081
f 962 4078 4075
f 1036 4080 4078
f 1037 4075 4080
f 4078 4080 4075
f 258 4074 4064
f 1035 4082 4074
f 1033 4064 4082
f 4074 4082 4064
f 268 4081 4070
f 1036 4083 4081
f 1035 4070 4083
f 4081 4083 4070
f 247 4067 4077
f 1033 4084 4067
f 1036 4077 4084
f 4067 4084 4077
f 1035 4083 4082
f 1036 4084 4083
f 1033 4082 4084
f 4083 4084 4082
f 20 4017 3881
f 1023 4085 4017
f 984 3881 4085
f 4017 4085 3881
f 267 4086 4021
f 1038 4087 4086
f 1023 4021 4087
f 4086 4087 4021
f 254 3886 4089
f 984 4088 3886
f 1038 4089 4088
f 3886 4088 4089
f 1023 4087 4085
f 1038 4088 4087
f 984 4085 4088
f 4087 4088 4085
f 71 4090 4033
f 1039 4091 4090
f 1027 4033 4091
f 4090 4091 4033
f 269 4092 4094
f 1040 4093 4092
f 1039 4094 4093
f 4092 4093 4094
f 267 4038 4096
f 1027 4095 4038
f 1040 4096 4095
f 4038 4095 4096
f 1039 4093 4091
f 1040 4095 4093
f 1027 4091 4095
f 4093 4095 4091
f 69 3892 4098
f 989 4097 3892
f 1042 4098 4097
f 3892 4097 4098
f 254 4099 3896
f 1041 4100 4099
f 989 3896 4100
f 4099 4100 3896
f 269 4101 4103
f 1042 4102 4101
f 1041 4103 4102
f 4101 4102 4103
f 989 4100 4097
f 1041 4102 4100
f 1042 4097 4102
f 4100 4102 4097
f 267 4096 4086
f 1040 4104 4096
f 1038 4086 4104
f 4096 4104 4086
f 269 4103 4092
f 1041 4105 4103
f 1040 4092 4105
f 4103 4105 4092
f 254 4089 4099
f 1038 4106 4089
f 1041 4099 4106
f 4089 4106 4099
f 1040 4105 4104
f 1041 4106 4105
f 1038 4104 4106
f 4105 4106 4104
f 21 3809 3985
f 967 4107 3809
f 1012 3985 4107
f 3809 4107 3985
f 251 4108 3813
f 1043 4109 4108
f 967 3813 4109
f 4108 4109 3813
f 262 3990 4111
f 1012 4110 3990
f 1043 4111 4110
f 3990 4110 4111
f 967 4109 4107
f 1043 4110 4109
f 1012 4107 4110
f 4109 4110 4107
f 66 4112 3825
f 1044 4113 4112
f 971 3825 4113
f 4112 4113 3825
f 270 4114 4116
f 1045 4115 4114
f 1044 4116 4115
f 4114 4115 4116
f 251 3830 4118
f 971 4117 3830
f 1045 4118 4117
f 3830 4117 4118
f 1044 4115 4113
f 1045 4117 4115
f 971 4113 4117
f 4115 4117 4113
f 71 3996 4120
f 1017 4119 3996
f 1047 4120 4119
f 3996 4119 4120
f 262 4121 4000
f 1046 4122 4121
f 1017 4000 4122
f 4121 4122 4000
f 270 4123 4125
f 1047 4124 4123
f 1046 4125 4124
f 4123 4124 4125
f 1017 4122 4119
f 1046 4124 4122
f 1047 4119 4124
f 4122 4124 4119
f 251 4118 4108
f 1045 4126 4118
f 1043 4108 4126
f 4118 4126 4108
f 270 4125 4114
f 1046 4127 4125
f 1045 4114 4127
f 4125 4127 4114
f 262 4111 4121
f 1043 4128 4111
f 1046 4121 4128
f 4111 4128 4121
f 1045 4127 4126
f 1046 4128 4127
f 1043 4126 4128
f 4127 4128 4126
f 69 4098 4068
f 1042 4129 4098
f 1034 4068 4129
f 4098 4129 4068
f 269 4130 4101
f 1048 4131 4130
f 1042 4101 4131
f 4130 4131 4101
f 268 4072 4133
f 1034 4132 4072
f 1048 4133 4132
f 4072 4132 4133
f 1042 4131 4129
f 1048 4132 4131
f 1034 4129 4132
f 4131 4132 4129
f 71 4120 4090
f 1047 4134 4120
f 1039 4090 4134
f 4120 4134 4090
f 270 4135 4123
f 1049 4136 4135
f 1047 4123 4136
f 4135 4136 4123
f 269 4094 4138
f 1039 4137 4094
f 1049 4138 4137
f 4094 4137 4138
f 1047 4136 4134
f 1049 4137 4136
f 1039 4134 4137
f 4136 4137 4134
f 66 4076 4112
f 1037 4139 4076
f 1044 4112 4139
f 4076 4139 4112
f 268 4140 4079
f 1050 4141 4140
f 1037 4079 4141
f 4140 4141 4079
f 270 4116 4143
f 1044 4142 4116
f 1050 4143 4142
f 4116 4142 4143
f 1037 4141 4139
f 1050 4142 4141
f 1044 4139 4142
f 4141 4142 4139
f 269 4138 4130
f 1049 4144 4138
f 1048 4130 4144
f 4138 4144 4130
f 270 4143 4135
f 1050 4145 4143
f 1049 4135 4145
f 4143 4145 4135
f 268 4133 4140
f 1048 4146 4133
f 1050 4140 4146
f 4133 4146 4140
f 1049 4145 4144
f 1050 4146 4145
f 1048 4144 4146
f 4145 4146 4144
f 1 3756 2563
f 952 4147 3756
f 643 2563 4147
f 3756 4147 2563
f 246 4148 3759
f 1051 4149 4148
f 952 3759 4149
f 4148 4149 3759
f 163 2568 4151
f 643 4150 2568
f 1051 4151 4150
f 2568 4150 4151
f 952 4149 4147
f 1051 4150 4149
f 643 4147 4150
f 4149 4150 4147
f 67 4152 3769
f 1052 4153 4152
f 955 3769 4153
f 4152 4153 3769
f 271 4154 4156
f 1053 4155 4154
f 1052 4156 4155
f 4154 4155 4156
f 246 3774 4158
f 955 4157 3774
f 1053 4158 4157
f 3774 4157 4158
f 1052 4155 4153
f 1053 4157 4155
f 955 4153 4157
f 4155 4157 4153
f 43 2574 4160
f 648 4159 2574
f 1055 4160 4159
f 2574 4159 4160
f 163 4161 2578
f 1054 4162 4161
f 648 2578 4162
f 4161 4162 2578
f 271 4163 4165
f 1055 4164 4163
f 1054 4165 4164
f 4163 4164 4165
f 648 4162 4159
f 1054 4164 4162
f 1055 4159 4164
f 4162 4164 4159
f 246 4158 4148
f 1053 4166 4158
f 1051 4148 4166
f 4158 4166 4148
f 271 4165 4154
f 1054 4167 4165
f 1053 4154 4167
f 4165 4167 4154
f 163 4151 4161
f 1051 4168 4151
f 1054 4161 4168
f 4151 4168 4161
f 1053 4167 4166
f 1054 4168 4167
f 1051 4166 4168
f 4167 4168 4166
f 21 4169 3807
f 1056 4170 4169
f 965 3807 4170
f 4169 4170 3807
f 272 4171 4173
f 1057 4172 4171
f 1056 4173 4172
f 4171 4172 4173
f 249 3812 4175
f 965 4174 3812
f 1057 4175 4174
f 3812 4174 4175
f 1056 4172 4170
f 1057 4174 4172
f 965 4170 4174
f 4172 4174 4170
f 73 4176 4178
f 1058 4177 4176
f 1060 4178 4177
f 4176 4177 4178
f 273 4179 4181
f 1059 4180 4179
f 1058 4181 4180
f 4179 4180 4181
f 272 4182 4184
f 1060 4183 4182
f 1059 4184 4183
f 4182 4183 4184
f 1058 4180 4177
f 1059 4183 4180
f 1060 4177 4183
f 4180 4183 4177
f 67 3818 4186
f 970 4185 3818
f 1062 4186 4185
f 3818 4185 4186
f 249 4187 3822
f 1061 4188 4187
f 970 3822 4188
f 4187 4188 3822
f 273 4189 4191
f 1062 4190 4189
f 1061 4191 4190
f 4189 4190 4191
f 970 4188 4185
f 1061 4190 4188
f 1062 4185 4190
f 4188 4190 4185
f 272 4184 4171
f 1059 4192 4184
f 1057 4171 4192
f 4184 4192 4171
f 273 4191 4179
f 1061 4193 4191
f 1059 4179 4193
f 4191 4193 4179
f 249 4175 4187
f 1057 4194 4175
f 1061 4187 4194
f 4175 4194 4187
f 1059 4193 4192
f 1061 4194 4193
f 1057 4192 4194
f 4193 4194 4192
f 13 2595 4196
f 654 4195 2595
f 1064 4196 4195
f 2595 4195 4196
f 168 4197 2599
f 1063 4198 4197
f 654 2599 4198
f 4197 4198 2599
f 275 4199 4201
f 1064 4200 4199
f 1063 4201 4200
f 4199 4200 4201
f 654 4198 4195
f 1063 4200 4198
f 1064 4195 4200
f 4198 4200 4195
f 43 4202 2611
f 1065 4203 4202
f 658 2611 4203
f 4202 4203 2611
f 274 4204 4206
f 1066 4205 4204
f 1065 4206 4205
f 4204 4205 4206
f 168 2616 4208
f 658 4207 2616
f 1066 4208 4207
f 2616 4207 4208
f 1065 4205 4203
f 1066 4207 4205
f 658 4203 4207
f 4205 4207 4203
f 73 4209 4211
f 1067 4210 4209
f 1069 4211 4210
f 4209 4210 4211
f 275 4212 4214
f 1068 4213 4212
f 1067 4214 4213
f 4212 4213 4214
f 274 4215 4217
f 1069 4216 4215
f 1068 4217 4216
f 4215 4216 4217
f 1067 4213 4210
f 1068 4216 4213
f 1069 4210 4216
f 4213 4216 4210
f 168 4208 4197
f 1066 4218 4208
f 1063 4197 4218
f 4208 4218 4197
f 274 4217 4204
f 1068 4219 4217
f 1066 4204 4219
f 4217 4219 4204
f 275 4201 4212
f 1063 4220 4201
f 1068 4212 4220
f 4201 4220 4212
f 1066 4219 4218
f 1068 4220 4219
f 1063 4218 4220
f 4219 4220 4218
f 67 4186 4152
f 1062 4221 4186
f 1052 4152 4221
f 4186 4221 4152
f 273 4222 4189
f 1070 4223 4222
f 1062 4189 4223
f 4222 4223 4189
f 271 4156 4225
f 1052 4224 4156
f 1070 4225 4224
f 4156 4224 4225
f 1062 4223 4221
f 1070 4224 4223
f 1052 4221 4224
f 4223 4224 4221
f 73 4211 4176
f 1069 4226 4211
f 1058 4176 4226
f 4211 4226 4176
f 274 4227 4215
f 1071 4228 4227
f 1069 4215 4228
f 4227 4228 4215
f 273 4181 4230
f 1058 4229 4181
f 1071 4230 4229
f 4181 4229 4230
f 1069 4228 4226
f 1071 4229 4228
f 1058 4226 4229
f 4228 4229 4226
f 43 4160 4202
f 1055 4231 4160
f 1065 4202 4231
f 4160 4231 4202
f 271 4232 4163
f 1072 4233 4232
f 1055 4163 4233
f 4232 4233 4163
f 274 4206 4235
f 1065 4234 4206
f 1072 4235 4234
f 4206 4234 4235
f 1055 4233 4231
f 1072 4234 4233
f 1065 4231 4234
f 4233 4234 4231
f 273 4230 4222
f 1071 4236 4230
f 1070 4222 4236
f 4230 4236 4222
f 274 4235 4227
f 1072 4237 4235
f 1071 4227 4237
f 4235 4237 4227
f 271 4225 4232
f 1070 4238 4225
f 1072 4232 4238
f 4225 4238 4232
f 1071 4237 4236
f 1072 4238 4237
f 1070 4236 4238
f 4237 4238 4236
f 11 4239 3955
f 1073 4240 4239
f 1003 3955 4240
f 4239 4240 3955
f 276 4241 4243
f 1074 4242 4241
f 1073 4243 4242
f 4241 4242 4243
f 259 3960 4245
f 1003 4244 3960
f 1074 4245 4244
f 3960 4244 4245
f 1073 4242 4240
f 1074 4244 4242
f 1003 4240 4244
f 4242 4244 4240
f 74 4246 4248
f 1075 4247 4246
f 1077 4248 4247
f 4246 4247 4248
f 277 4249 4251
f 1076 4250 4249
f 1075 4251 4250
f 4249 4250 4251
f 276 4252 4254
f 1077 4253 4252
f 1076 4254 4253
f 4252 4253 4254
f 1075 4250 4247
f 1076 4253 4250
f 1077 4247 4253
f 4250 4253 4247
f 70 3966 4256
f 1008 4255 3966
f 1079 4256 4255
f 3966 4255 4256
f 259 4257 3970
f 1078 4258 4257
f 1008 3970 4258
f 4257 4258 3970
f 277 4259 4261
f 1079 4260 4259
f 1078 4261 4260
f 4259 4260 4261
f 1008 4258 4255
f 1078 4260 4258
f 1079 4255 4260
f 4258 4260 4255
f 276 4254 4241
f 1076 4262 4254
f 1074 4241 4262
f 4254 4262 4241
f 277 4261 4249
f 1078 4263 4261
f 1076 4249 4263
f 4261 4263 4249
f 259 4245 4257
f 1074 4264 4245
f 1078 4257 4264
f 4245 4264 4257
f 1076 4263 4262
f 1078 4264 4263
f 1074 4262 4264
f 4263 4264 4262
f 22 4265 4267
f 1080 4266 4265
f 1082 4267 4266
f 4265 4266 4267
f 278 4268 4270
f 1081 4269 4268
f 1080 4270 4269
f 4268 4269 4270
f 280 4271 4273
f 1082 4272 4271
f 1081 4273 4272
f 4271 4272 4273
f 1080 4269 4266
f 1081 4272 4269
f 1082 4266 4272
f 4269 4272 4266
f 75 4274 4276
f 1083 4275 4274
f 1085 4276 4275
f 4274 4275 4276
f 279 4277 4279
f 1084 4278 4277
f 1083 4279 4278
f 4277 4278 4279
f 278 4280 4282
f 1085 4281 4280
f 1084 4282 4281
f 4280 4281 4282
f 1083 4278 4275
f 1084 4281 4278
f 1085 4275 4281
f 4278 4281 4275
f 74 4283 4285
f 1086 4284 4283
f 1088 4285 4284
f 4283 4284 4285
f 280 4286 4288
f 1087 4287 4286
f 1086 4288 4287
f 4286 4287 4288
f 279 4289 4291
f 1088 4290 4289
f 1087 4291 4290
f 4289 4290 4291
f 1086 4287 4284
f 1087 4290 4287
f 1088 4284 4290
f 4287 4290 4284
f 278 4282 4268
f 1084 4292 4282
f 1081 4268 4292
f 4282 4292 4268
f 279 4291 4277
f 1087 4293 4291
f 1084 4277 4293
f 4291 4293 4277
f 280 4273 4286
f 1081 4294 4273
f 1087 4286 4294
f 4273 4294 4286
f 1084 4293 4292
f 1087 4294 4293
f 1081 4292 4294
f 4293 4294 4292
f 21 3987 4296
f 1014 4295 3987
f 1090 4296 4295
f 3987 4295 4296
f 264 4297 3991
f 1089 4298 4297
f 1014 3991 4298
f 4297 4298 3991
f 282 4299 4301
f 1090 4300 4299
f 1089 4301 4300
f 4299 4300 4301
f 1014 4298 4295
f 1089 4300 4298
f 1090 4295 4300
f 4298 4300 4295
f 70 4302 4003
f 1091 4303 4302
f 1018 4003 4303
f 4302 4303 4003
f 281 4304 4306
f 1092 4305 4304
f 1091 4306 4305
f 4304 4305 4306
f 264 4008 4308
f 1018 4307 4008
f 1092 4308 4307
f 4008 4307 4308
f 1091 4305 4303
f 1092 4307 4305
f 1018 4303 4307
f 4305 4307 4303
f 75 4309 4311
f 1093 4310 4309
f 1095 4311 4310
f 4309 4310 4311
f 282 4312 4314
f 1094 4313 4312
f 1093 4314 4313
f 4312 4313 4314
f 281 4315 4317
f 1095 4316 4315
f 1094 4317 4316
f 4315 4316 4317
f 1093 4313 4310
f 1094 4316 4313
f 1095 4310 4316
f 4313 4316 4310
f 264 4308 4297
f 1092 4318 4308
f 1089 4297 4318
f 4308 4318 4297
f 281 4317 4304
f 1094 4319 4317
f 1092 4304 4319
f 4317 4319 4304
f 282 4301 4312
f 1089 4320 4301
f 1094 4312 4320
f 4301 4320 4312
f 1092 4319 4318
f 1094 4320 4319
f 1089 4318 4320
f 4319 4320 4318
f 74 4285 4246
f 1088 4321 4285
f 1075 4246 4321
f 4285 4321 4246
f 279 4322 4289
f 1096 4323 4322
f 1088 4289 4323
f 4322 4323 4289
f 277 4251 4325
f 1075 4324 4251
f 1096 4325 4324
f 4251 4324 4325
f 1088 4323 4321
f 1096 4324 4323
f 1075 4321 4324
f 4323 4324 4321
f 75 4311 4274
f 1095 4326 4311
f 1083 4274 4326
f 4311 4326 4274
f 281 4327 4315
f 1097 4328 4327
f 1095 4315 4328
f 4327 4328 4315
f 279 4279 4330
f 1083 4329 4279
f 1097 4330 4329
f 4279 4329 4330
f 1095 4328 4326
f 1097 4329 4328
f 1083 4326 4329
f 4328 4329 4326
f 70 4256 4302
f 1079 4331 4256
f 1091 4302 4331
f 4256 4331 4302
f 277 4332 4259
f 1098 4333 4332
f 1079 4259 4333
f 4332 4333 4259
f 281 4306 4335
f 1091 4334 4306
f 1098 4335 4334
f 4306 4334 4335
f 1079 4333 4331
f 1098 4334 4333
f 1091 4331 4334
f 4333 4334 4331
f 279 4330 4322
f 1097 4336 4330
f 1096 4322 4336
f 4330 4336 4322
f 281 4335 4327
f 1098 4337 4335
f 1097 4327 4337
f 4335 4337 4327
f 277 4325 4332
f 1096 4338 4325
f 1098 4332 4338
f 4325 4338 4332
f 1097 4337 4336
f 1098 4338 4337
f 1096 4336 4338
f 4337 4338 4336
f 12 2673 4340
f 675 4339 2673
f 1100 4340 4339
f 2673 4339 4340
f 174 4341 2677
f 1099 4342 4341
f 675 2677 4342
f 4341 4342 2677
f 284 4343 4345
f 1100 4344 4343
f 1099 4345 4344
f 4343 4344 4345
f 675 4342 4339
f 1099 4344 4342
f 1100 4339 4344
f 4342 4344 4339
f 48 4346 2689
f 1101 4347 4346
f 679 2689 4347
f 4346 4347 2689
f 283 4348 4350
f 1102 4349 4348
f 1101 4350 4349
f 4348 4349 4350
f 174 2694 4352
f 679 4351 2694
f 1102 4352 4351
f 2694 4351 4352
f 1101 4349 4347
f 1102 4351 4349
f 679 4347 4351
f 4349 4351 4347
f 77 4353 4355
f 1103 4354 4353
f 1105 4355 4354
f 4353 4354 4355
f 284 4356 4358
f 1104 4357 4356
f 1103 4358 4357
f 4356 4357 4358
f 283 4359 4361
f 1105 4360 4359
f 1104 4361 4360
f 4359 4360 4361
f 1103 4357 4354
f 1104 4360 4357
f 1105 4354 4360
f 4357 4360 4354
f 174 4352 4341
f 1102 4362 4352
f 1099 4341 4362
f 4352 4362 4341
f 283 4361 4348
f 1104 4363 4361
f 1102 4348 4363
f 4361 4363 4348
f 284 4345 4356
f 1099 4364 4345
f 1104 4356 4364
f 4345 4364 4356
f 1102 4363 4362
f 1104 4364 4363
f 1099 4362 4364
f 4363 4364 4362
f 13 4365 2731
f 1106 4366 4365
f 691 2731 4366
f 4365 4366 2731
f 285 4367 4369
f 1107 4368 4367
f 1106 4369 4368
f 4367 4368 4369
f 178 2736 4371
f 691 4370 2736
f 1107 4371 4370
f 2736 4370 4371
f 1106 4368 4366
f 1107 4370 4368
f 691 4366 4370
f 4368 4370 4366
f 76 4372 4374
f 1108 4373 4372
f 1110 4374 4373
f 4372 4373 4374
f 286 4375 4377
f 1109 4376 4375
f 1108 4377 4376
f 4375 4376 4377
f 285 4378 4380
f 1110 4379 4378
f 1109 4380 4379
f 4378 4379 4380
f 1108 4376 4373
f 1109 4379 4376
f 1110 4373 4379
f 4376 4379 4373
f 48 2742 4382
f 696 4381 2742
f 1112 4382 4381
f 2742 4381 4382
f 178 4383 2746
f 1111 4384 4383
f 696 2746 4384
f 4383 4384 2746
f 286 4385 4387
f 1112 4386 4385
f 1111 4387 4386
f 4385 4386 4387
f 696 4384 4381
f 1111 4386 4384
f 1112 4381 4386
f 4384 4386 4381
f 285 4380 4367
f 1109 4388 4380
f 1107 4367 4388
f 4380 4388 4367
f 286 4387 4375
f 1111 4389 4387
f 1109 4375 4389
f 4387 4389 4375
f 178 4371 4383
f 1107 4390 4371
f 1111 4383 4390
f 4371 4390 4383
f 1109 4389 4388
f 1111 4390 4389
f 1107 4388 4390
f 4389 4390 4388
f 22 4391 4393
f 1113 4392 4391
f 1115 4393 4392
f 4391 4392 4393
f 287 4394 4396
f 1114 4395 4394
f 1113 4396 4395
f 4394 4395 4396
f 289 4397 4399
f 1115 4398 4397
f 1114 4399 4398
f 4397 4398 4399
f 1113 4395 4392
f 1114 4398 4395
f 1115 4392 4398
f 4395 4398 4392
f 77 4400 4402
f 1116 4401 4400
f 1118 4402 4401
f 4400 4401 4402
f 288 4403 4405
f 1117 4404 4403
f 1116 4405 4404
f 4403 4404 4405
f 287 4406 4408
f 1118 4407 4406
f 1117 4408 4407
f 4406 4407 4408
f 1116 4404 4401
f 1117 4407 4404
f 1118 4401 4407
f 4404 4407 4401
f 76 4409 4411
f 1119 4410 4409
f 1121 4411 4410
f 4409 4410 4411
f 289 4412 4414
f 1120 4413 4412
f 1119 4414 4413
f 4412 4413 4414
f 288 4415 4417
f 1121 4416 4415
f 1120 4417 4416
f 4415 4416 4417
f 1119 4413 4410
f 1120 4416 4413
f 1121 4410 4416
f 4413 4416 4410
f 287 4408 4394
f 1117 4418 4408
f 1114 4394 4418
f 4408 4418 4394
f 288 4417 4403
f 1120 4419 4417
f 1117 4403 4419
f 4417 4419 4403
f 289 4399 4412
f 1114 4420 4399
f 1120 4412 4420
f 4399 4420 4412
f 1117 4419 4418
f 1120 4420 4419
f 1114 4418 4420
f 4419 4420 4418
f 48 4382 4346
f 1112 4421 4382
f 1101 4346 4421
f 4382 4421 4346
f 286 4422 4385
f 1122 4423 4422
f 1112 4385 4423
f 4422 4423 4385
f 283 4350 4425
f 1101 4424 4350
f 1122 4425 4424
f 4350 4424 4425
f 1112 4423 4421
f 1122 4424 4423
f 1101 4421 4424
f 4423 4424 4421
f 76 4411 4372
f 1121 4426 4411
f 1108 4372 4426
f 4411 4426 4372
f 288 4427 4415
f 1123 4428 4427
f 1121 4415 4428
f 4427 4428 4415
f 286 4377 4430
f 1108 4429 4377
f 1123 4430 4429
f 4377 4429 4430
f 1121 4428 4426
f 1123 4429 4428
f 1108 4426 4429
f 4428 4429 4426
f 77 4355 4400
f 1105 4431 4355
f 1116 4400 4431
f 4355 4431 4400
f 283 4432 4359
f 1124 4433 4432
f 1105 4359 4433
f 4432 4433 4359
f 288 4405 4435
f 1116 4434 4405
f 1124 4435 4434
f 4405 4434 4435
f 1105 4433 4431
f 1124 4434 4433
f 1116 4431 4434
f 4433 4434 4431
f 286 4430 4422
f 1123 4436 4430
f 1122 4422 4436
f 4430 4436 4422
f 288 4435 4427
f 1124 4437 4435
f 1123 4427 4437
f 4435 4437 4427
f 283 4425 4432
f 1122 4438 4425
f 1124 4432 4438
f 4425 4438 4432
f 1123 4437 4436
f 1124 4438 4437
f 1122 4436 4438
f 4437 4438 4436
f 21 4296 4169
f 1090 4439 4296
f 1056 4169 4439
f 4296 4439 4169
f 282 4440 4299
f 1125 4441 4440
f 1090 4299 4441
f 4440 4441 4299
f 272 4173 4443
f 1056 4442 4173
f 1125 4443 4442
f 4173 4442 4443
f 1090 4441 4439
f 1125 4442 4441
f 1056 4439 4442
f 4441 4442 4439
f 75 4444 4309
f 1126 4445 4444
f 1093 4309 4445
f 4444 4445 4309
f 290 4446 4448
f 1127 4447 4446
f 1126 4448 4447
f 4446 4447 4448
f 282 4314 4450
f 1093 4449 4314
f 1127 4450 4449
f 4314 4449 4450
f 1126 4447 4445
f 1127 4449 4447
f 1093 4445 4449
f 4447 4449 4445
f 73 4178 4452
f 1060 4451 4178
f 1129 4452 4451
f 4178 4451 4452
f 272 4453 4182
f 1128 4454 4453
f 1060 4182 4454
f 4453 4454 4182
f 290 4455 4457
f 1129 4456 4455
f 1128 4457 4456
f 4455 4456 4457
f 1060 4454 4451
f 1128 4456 4454
f 1129 4451 4456
f 4454 4456 4451
f 282 4450 4440
f 1127 4458 4450
f 1125 4440 4458
f 4450 4458 4440
f 290 4457 4446
f 1128 4459 4457
f 1127 4446 4459
f 4457 4459 4446
f 272 4443 4453
f 1125 4460 4443
f 1128 4453 4460
f 4443 4460 4453
f 1127 4459 4458
f 1128 4460 4459
f 1125 4458 4460
f 4459 4460 4458
f 22 4393 4265
f 1115 4461 4393
f 1080 4265 4461
f 4393 4461 4265
f 289 4462 4397
f 1130 4463 4462
f 1115 4397 4463
f 4462 4463 4397
f 278 4270 4465
f 1080 4464 4270
f 1130 4465 4464
f 4270 4464 4465
f 1115 4463 4461
f 1130 4464 4463
f 1080 4461 4464
f 4463 4464 4461
f 76 4466 4409
f 1131 4467 4466
f 1119 4409 4467
f 4466 4467 4409
f 291 4468 4470
f 1132 4469 4468
f 1131 4470 4469
f 4468 4469 4470
f 289 4414 4472
f 1119 4471 4414
f 1132 4472 4471
f 4414 4471 4472
f 1131 4469 4467
f 1132 4471 4469
f 1119 4467 4471
f 4469 4471 4467
f 75 4276 4474
f 1085 4473 4276
f 1134 4474 4473
f 4276 4473 4474
f 278 4475 4280
f 1133 4476 4475
f 1085 4280 4476
f 4475 4476 4280
f 291 4477 4479
f 1134 4478 4477
f 1133 4479 4478
f 4477 4478 4479
f 1085 4476 4473
f 1133 4478 4476
f 1134 4473 4478
f 4476 4478 4473
f 289 4472 4462
f 1132 4480 4472
f 1130 4462 4480
f 4472 4480 4462
f 291 4479 4468
f 1133 4481 4479
f 1132 4468 4481
f 4479 4481 4468
f 278 4465 4475
f 1130 4482 4465
f 1133 4475 4482
f 4465 4482 4475
f 1132 4481 4480
f 1133 4482 4481
f 1130 4480 4482
f 4481 4482 4480
f 13 4196 4365
f 1064 4483 4196
f 1106 4365 4483
f 4196 4483 4365
f 275 4484 4199
f 1135 4485 4484
f 1064 4199 4485
f 4484 4485 4199
f 285 4369 4487
f 1106 4486 4369
f 1135 4487 4486
f 4369 4486 4487
f 1064 4485 4483
f 1135 4486 4485
f 1106 4483 4486
f 4485 4486 4483
f 73 4488 4209
f 1136 4489 4488
f 1067 4209 4489
f 4488 4489 4209
f 292 4490 4492
f 1137 4491 4490
f 1136 4492 4491
f 4490 4491 4492
f 275 4214 4494
f 1067 4493 4214
f 1137 4494 4493
f 4214 4493 4494
f 1136 4491 4489
f 1137 4493 4491
f 1067 4489 4493
f 4491 4493 4489
f 76 4374 4496
f 1110 4495 4374
f 1139 4496 4495
f 4374 4495 4496
f 285 4497 4378
f 1138 4498 4497
f 1110 4378 4498
f 4497 4498 4378
f 292 4499 4501
f 1139 4500 4499
f 1138 4501 4500
f 4499 4500 4501
f 1110 4498 4495
f 1138 4500 4498
f 1139 4495 4500
f 4498 4500 4495
f 275 4494 4484
f 1137 4502 4494
f 1135 4484 4502
f 4494 4502 4484
f 292 4501 4490
f 1138 4503 4501
f 1137 4490 4503
f 4501 4503 4490
f 285 4487 4497
f 1135 4504 4487
f 1138 4497 4504
f 4487 4504 4497
f 1137 4503 4502
f 1138 4504 4503
f 1135 4502 4504
f 4503 4504 4502
f 75 4474 4444
f 1134 4505 4474
f 1126 4444 4505
f 4474 4505 4444
f 291 4506 4477
f 1140 4507 4506
f 1134 4477 4507
f 4506 4507 4477
f 290 4448 4509
f 1126 4508 4448
f 1140 4509 4508
f 4448 4508 4509
f 1134 4507 4505
f 1140 4508 4507
f 1126 4505 4508
f 4507 4508 4505
f 76 4496 4466
f 1139 4510 4496
f 1131 4466 4510
f 4496 4510 4466
f 292 4511 4499
f 1141 4512 4511
f 1139 4499 4512
f 4511 4512 4499
f 291 4470 4514
f 1131 4513 4470
f 1141 4514 4513
f 4470 4513 4514
f 1139 4512 4510
f 1141 4513 4512
f 1131 4510 4513
f 4512 4513 4510
f 73 4452 4488
f 1129 4515 4452
f 1136 4488 4515
f 4452 4515 4488
f 290 4516 4455
f 1142 4517 4516
f 1129 4455 4517
f 4516 4517 4455
f 292 4492 4519
f 1136 4518 4492
f 1142 4519 4518
f 4492 4518 4519
f 1129 4517 4515
f 1142 4518 4517
f 1136 4515 4518
f 4517 4518 4515
f 291 4514 4506
f 1141 4520 4514
f 1140 4506 4520
f 4514 4520 4506
f 292 4519 4511
f 1142 4521 4519
f 1141 4511 4521
f 4519 4521 4511
f 290 4509 4516
f 1140 4522 4509
f 1142 4516 4522
f 4509 4522 4516
f 1141 4521 4520
f 1142 4522 4521
f 1140 4520 4522
f 4521 4522 4520
f 2 3173 4524
f 805 4523 3173
f 1144 4524 4523
f 3173 4523 4524
f 209 4525 3177
f 1143 4526 4525
f 805 3177 4526
f 4525 4526 3177
f 294 4527 4529
f 1144 4528 4527
f 1143 4529 4528
f 4527 4528 4529
f 805 4526 4523
f 1143 4528 4526
f 1144 4523 4528
f 4526 4528 4523
f 58 4530 3189
f 1145 4531 4530
f 809 3189 4531
f 4530 4531 3189
f 293 4532 4534
f 1146 4533 4532
f 1145 4534 4533
f 4532 4533 4534
f 209 3194 4536
f 809 4535 3194
f 1146 4536 4535
f 3194 4535 4536
f 1145 4533 4531
f 1146 4535 4533
f 809 4531 4535
f 4533 4535 4531
f 79 4537 4539
f 1147 4538 4537
f 1149 4539 4538
f 4537 4538 4539
f 294 4540 4542
f 1148 4541 4540
f 1147 4542 4541
f 4540 4541 4542
f 293 4543 4545
f 1149 4544 4543
f 1148 4545 4544
f 4543 4544 4545
f 1147 4541 4538
f 1148 4544 4541
f 1149 4538 4544
f 4541 4544 4538
f 209 4536 4525
f 1146 4546 4536
f 1143 4525 4546
f 4536 4546 4525
f 293 4545 4532
f 1148 4547 4545
f 1146 4532 4547
f 4545 4547 4532
f 294 4529 4540
f 1143 4548 4529
f 1148 4540 4548
f 4529 4548 4540
f 1146 4547 4546
f 1148 4548 4547
f 1143 4546 4548
f 4547 4548 4546
f 16 4549 3231
f 1150 4550 4549
f 821 3231 4550
f 4549 4550 3231
f 295 4551 4553
f 1151 4552 4551
f 1150 4553 4552
f 4551 4552 4553
f 213 3236 4555
f 821 4554 3236
f 1151 4555 4554
f 3236 4554 4555
f 1150 4552 4550
f 1151 4554 4552
f 821 4550 4554
f 4552 4554 4550
f 78 4556 4558
f 1152 4557 4556
f 1154 4558 4557
f 4556 4557 4558
f 296 4559 4561
f 1153 4560 4559
f 1152 4561 4560
f 4559 4560 4561
f 295 4562 4564
f 1154 4563 4562
f 1153 4564 4563
f 4562 4563 4564
f 1152 4560 4557
f 1153 4563 4560
f 1154 4557 4563
f 4560 4563 4557
f 58 3242 4566
f 826 4565 3242
f 1156 4566 4565
f 3242 4565 4566
f 213 4567 3246
f 1155 4568 4567
f 826 3246 4568
f 4567 4568 3246
f 296 4569 4571
f 1156 4570 4569
f 1155 4571 4570
f 4569 4570 4571
f 826 4568 4565
f 1155 4570 4568
f 1156 4565 4570
f 4568 4570 4565
f 295 4564 4551
f 1153 4572 4564
f 1151 4551 4572
f 4564 4572 4551
f 296 4571 4559
f 1155 4573 4571
f 1153 4559 4573
f 4571 4573 4559
f 213 4555 4567
f 1151 4574 4555
f 1155 4567 4574
f 4555 4574 4567
f 1153 4573 4572
f 1155 4574 4573
f 1151 4572 4574
f 4573 4574 4572
f 24 4575 4577
f 1157 4576 4575
f 1159 4577 4576
f 4575 4576 4577
f 297 4578 4580
f 1158 4579 4578
f 1157 4580 4579
f 4578 4579 4580
f 299 4581 4583
f 1159 4582 4581
f 1158 4583 4582
f 4581 4582 4583
f 1157 4579 4576
f 1158 4582 4579
f 1159 4576 4582
f 4579 4582 4576
f 79 4584 4586
f 1160 4585 4584
f 1162 4586 4585
f 4584 4585 4586
f 298 4587 4589
f 1161 4588 4587
f 1160 4589 4588
f 4587 4588 4589
f 297 4590 4592
f 1162 4591 4590
f 1161 4592 4591
f 4590 4591 4592
f 1160 4588 4585
f 1161 4591 4588
f 1162 4585 4591
f 4588 4591 4585
f 78 4593 4595
f 1163 4594 4593
f 1165 4595 4594
f 4593 4594 4595
f 299 4596 4598
f 1164 4597 4596
f 1163 4598 4597
f 4596 4597 4598
f 298 4599 4601
f 1165 4600 4599
f 1164 4601 4600
f 4599 4600 4601
f 1163 4597 4594
f 1164 4600 4597
f 1165 4594 4600
f 4597 4600 4594
f 297 4592 4578
f 1161 4602 4592
f 1158 4578 4602
f 4592 4602 4578
f 298 4601 4587
f 1164 4603 4601
f 1161 4587 4603
f 4601 4603 4587
f 299 4583 4596
f 1158 4604 4583
f 1164 4596 4604
f 4583 4604 4596
f 1161 4603 4602
f 1164 4604 4603
f 1158 4602 4604
f 4603 4604 4602
f 58 4566 4530
f 1156 4605 4566
f 1145 4530 4605
f 4566 4605 4530
f 296 4606 4569
f 1166 4607 4606
f 1156 4569 4607
f 4606 4607 4569
f 293 4534 4609
f 1145 4608 4534
f 1166 4609 4608
f 4534 4608 4609
f 1156 4607 4605
f 1166 4608 4607
f 1145 4605 4608
f 4607 4608 4605
f 78 4595 4556
f 1165 4610 4595
f 1152 4556 4610
f 4595 4610 4556
f 298 4611 4599
f 1167 4612 4611
f 1165 4599 4612
f 4611 4612 4599
f 296 4561 4614
f 1152 4613 4561
f 1167 4614 4613
f 4561 4613 4614
f 1165 4612 4610
f 1167 4613 4612
f 1152 4610 4613
f 4612 4613 4610
f 79 4539 4584
f 1149 4615 4539
f 1160 4584 4615
f 4539 4615 4584
f 293 4616 4543
f 1168 4617 4616
f 1149 4543 4617
f 4616 4617 4543
f 298 4589 4619
f 1160 4618 4589
f 1168 4619 4618
f 4589 4618 4619
f 1149 4617 4615
f 1168 4618 4617
f 1160 4615 4618
f 4617 4618 4615
f 296 4614 4606
f 1167 4620 4614
f 1166 4606 4620
f 4614 4620 4606
f 298 4619 4611
f 1168 4621 4619
f 1167 4611 4621
f 4619 4621 4611
f 293 4609 4616
f 1166 4622 4609
f 1168 4616 4622
f 4609 4622 4616
f 1167 4621 4620
f 1168 4622 4621
f 1166 4620 4622
f 4621 4622 4620
f 6 4623 3071
f 1169 4624 4623
f 777 3071 4624
f 4623 4624 3071
f 300 4625 4627
f 1170 4626 4625
f 1169 4627 4626
f 4625 4626 4627
f 200 3075 4629
f 777 4628 3075
f 1170 4629 4628
f 3075 4628 4629
f 1169 4626 4624
f 1170 4628 4626
f 777 4624 4628
f 4626 4628 4624
f 80 4630 4632
f 1171 4631 4630
f 1173 4632 4631
f 4630 4631 4632
f 301 4633 4635
f 1172 4634 4633
f 1171 4635 4634
f 4633 4634 4635
f 300 4636 4638
f 1173 4637 4636
f 1172 4638 4637
f 4636 4637 4638
f 1171 4634 4631
f 1172 4637 4634
f 1173 4631 4637
f 4634 4637 4631
f 54 3080 4640
f 781 4639 3080
f 1175 4640 4639
f 3080 4639 4640
f 200 4641 3084
f 1174 4642 4641
f 781 3084 4642
f 4641 4642 3084
f 301 4643 4645
f 1175 4644 4643
f 1174 4645 4644
f 4643 4644 4645
f 781 4642 4639
f 1174 4644 4642
f 1175 4639 4644
f 4642 4644 4639
f 300 4638 4625
f 1172 4646 4638
f 1170 4625 4646
f 4638 4646 4625
f 301 4645 4633
f 1174 4647 4645
f 1172 4633 4647
f 4645 4647 4633
f 200 4629 4641
f 1170 4648 4629
f 1174 4641 4648
f 4629 4648 4641
f 1172 4647 4646
f 1174 4648 4647
f 1170 4646 4648
f 4647 4648 4646
f 23 4649 4651
f 1176 4650 4649
f 1178 4651 4650
f 4649 4650 4651
f 302 4652 4654
f 1177 4653 4652
f 1176 4654 4653
f 4652 4653 4654
f 304 4655 4657
f 1178 4656 4655
f 1177 4657 4656
f 4655 4656 4657
f 1176 4653 4650
f 1177 4656 4653
f 1178 4650 4656
f 4653 4656 4650
f 81 4658 4660
f 1179 4659 4658
f 1181 4660 4659
f 4658 4659 4660
f 303 4661 4663
f 1180 4662 4661
f 1179 4663 4662
f 4661 4662 4663
f 302 4664 4666
f 1181 4665 4664
f 1180 4666 4665
f 4664 4665 4666
f 1179 4662 4659
f 1180 4665 4662
f 1181 4659 4665
f 4662 4665 4659
f 80 4667 4669
f 1182 4668 4667
f 1184 4669 4668
f 4667 4668 4669
f 304 4670 4672
f 1183 4671 4670
f 1182 4672 4671
f 4670 4671 4672
f 303 4673 4675
f 1184 4674 4673
f 1183 4675 4674
f 4673 4674 4675
f 1182 4671 4668
f 1183 4674 4671
f 1184 4668 4674
f 4671 4674 4668
f 302 4666 4652
f 1180 4676 4666
f 1177 4652 4676
f 4666 4676 4652
f 303 4675 4661
f 1183 4677 4675
f 1180 4661 4677
f 4675 4677 4661
f 304 4657 4670
f 1177 4678 4657
f 1183 4670 4678
f 4657 4678 4670
f 1180 4677 4676
f 1183 4678 4677
f 1177 4676 4678
f 4677 4678 4676
f 16 3099 4680
f 786 4679 3099
f 1186 4680 4679
f 3099 4679 4680
f 204 4681 3103
f 1185 4682 4681
f 786 3103 4682
f 4681 4682 3103
f 306 4683 4685
f 1186 4684 4683
f 1185 4685 4684
f 4683 4684 4685
f 786 4682 4679
f 1185 4684 4682
f 1186 4679 4684
f 4682 4684 4679
f 54 4686 3115
f 1187 4687 4686
f 790 3115 4687
f 4686 4687 3115
f 305 4688 4690
f 1188 4689 4688
f 1187 4690 4689
f 4688 4689 4690
f 204 3120 4692
f 790 4691 3120
f 1188 4692 4691
f 3120 4691 4692
f 1187 4689 4687
f 1188 4691 4689
f 790 4687 4691
f 4689 4691 4687
f 81 4693 4695
f 1189 4694 4693
f 1191 4695 4694
f 4693 4694 4695
f 306 4696 4698
f 1190 4697 4696
f 1189 4698 4697
f 4696 4697 4698
f 305 4699 4701
f 1191 4700 4699
f 1190 4701 4700
f 4699 4700 4701
f 1189 4697 4694
f 1190 4700 4697
f 1191 4694 4700
f 4697 4700 4694
f 204 4692 4681
f 1188 4702 4692
f 1185 4681 4702
f 4692 4702 4681
f 305 4701 4688
f 1190 4703 4701
f 1188 4688 4703
f 4701 4703 4688
f 306 4685 4696
f 1185 4704 4685
f 1190 4696 4704
f 4685 4704 4696
f 1188 4703 4702
f 1190 4704 4703
f 1185 4702 4704
f 4703 4704 4702
f 80 4669 4630
f 1184 4705 4669
f 1171 4630 4705
f 4669 4705 4630
f 303 4706 4673
f 1192 4707 4706
f 1184 4673 4707
f 4706 4707 4673
f 301 4635 4709
f 1171 4708 4635
f 1192 4709 4708
f 4635 4708 4709
f 1184 4707 4705
f 1192 4708 4707
f 1171 4705 4708
f 4707 4708 4705
f 81 4695 4658
f 1191 4710 4695
f 1179 4658 4710
f 4695 4710 4658
f 305 4711 4699
f 1193 4712 4711
f 1191 4699 4712
f 4711 4712 4699
f 303 4663 4714
f 1179 4713 4663
f 1193 4714 4713
f 4663 4713 4714
f 1191 4712 4710
f 1193 4713 4712
f 1179 4710 4713
f 4712 4713 4710
f 54 4640 4686
f 1175 4715 4640
f 1187 4686 4715
f 4640 4715 4686
f 301 4716 4643
f 1194 4717 4716
f 1175 4643 4717
f 4716 4717 4643
f 305 4690 4719
f 1187 4718 4690
f 1194 4719 4718
f 4690 4718 4719
f 1175 4717 4715
f 1194 4718 4717
f 1187 4715 4718
f 4717 4718 4715
f 303 4714 4706
f 1193 4720 4714
f 1192 4706 4720
f 4714 4720 4706
f 305 4719 4711
f 1194 4721 4719
f 1193 4711 4721
f 4719 4721 4711
f 301 4709 4716
f 1192 4722 4709
f 1194 4716 4722
f 4709 4722 4716
f 1193 4721 4720
f 1194 4722 4721
f 1192 4720 4722
f 4721 4722 4720
f 10 4723 4725
f 1195 4724 4723
f 1197 4725 4724
f 4723 4724 4725
f 307 4726 4728
f 1196 4727 4726
f 1195 4728 4727
f 4726 4727 4728
f 309 4729 4731
f 1197 4730 4729
f 1196 4731 4730
f 4729 4730 4731
f 1195 4727 4724
f 1196 4730 4727
f 1197 4724 4730
f 4727 4730 4724
f 82 4732 4734
f 1198 4733 4732
f 1200 4734 4733
f 4732 4733 4734
f 308 4735 4737
f 1199 4736 4735
f 1198 4737 4736
f 4735 4736 4737
f 307 4738 4740
f 1200 4739 4738
f 1199 4740 4739
f 4738 4739 4740
f 1198 4736 4733
f 1199 4739 4736
f 1200 4733 4739
f 4736 4739 4733
f 84 4741 4743
f 1201 4742 4741
f 1203 4743 4742
f 4741 4742 4743
f 309 4744 4746
f 1202 4745 4744
f 1201 4746 4745
f 4744 4745 4746
f 308 4747 4749
f 1203 4748 4747
f 1202 4749 4748
f 4747 4748 4749
f 1201 4745 4742
f 1202 4748 4745
f 1203 4742 4748
f 4745 4748 4742
f 307 4740 4726
f 1199 4750 4740
f 1196 4726 4750
f 4740 4750 4726
f 308 4749 4735
f 1202 4751 4749
f 1199 4735 4751
f 4749 4751 4735
f 309 4731 4744
f 1196 4752 4731
f 1202 4744 4752
f 4731 4752 4744
f 1199 4751 4750
f 1202 4752 4751
f 1196 4750 4752
f 4751 4752 4750
f 24 4753 4755
f 1204 4754 4753
f 1206 4755 4754
f 4753 4754 4755
f 310 4756 4758
f 1205 4757 4756
f 1204 4758 4757
f 4756 4757 4758
f 312 4759 4761
f 1206 4760 4759
f 1205 4761 4760
f 4759 4760 4761
f 1204 4757 4754
f 1205 4760 4757
f 1206 4754 4760
f 4757 4760 4754
f 83 4762 4764
f 1207 4763 4762
f 1209 4764 4763
f 4762 4763 4764
f 311 4765 4767
f 1208 4766 4765
f 1207 4767 4766
f 4765 4766 4767
f 310 4768 4770
f 1209 4769 4768
f 1208 4770 4769
f 4768 4769 4770
f 1207 4766 4763
f 1208 4769 4766
f 1209 4763 4769
f 4766 4769 4763
f 82 4771 4773
f 1210 4772 4771
f 1212 4773 4772
f 4771 4772 4773
f 312 4774 4776
f 1211 4775 4774
f 1210 4776 4775
f 4774 4775 4776
f 311 4777 4779
f 1212 4778 4777
f 1211 4779 4778
f 4777 4778 4779
f 1210 4775 4772
f 1211 4778 4775
f 1212 4772 4778
f 4775 4778 4772
f 310 4770 4756
f 1208 4780 4770
f 1205 4756 4780
f 4770 4780 4756
f 311 4779 4765
f 1211 4781 4779
f 1208 4765 4781
f 4779 4781 4765
f 312 4761 4774
f 1205 4782 4761
f 1211 4774 4782
f 4761 4782 4774
f 1208 4781 4780
f 1211 4782 4781
f 1205 4780 4782
f 4781 4782 4780
f 23 4783 4785
f 1213 4784 4783
f 1215 4785 4784
f 4783 4784 4785
f 313 4786 4788
f 1214 4787 4786
f 1213 4788 4787
f 4786 4787 4788
f 315 4789 4791
f 1215 4790 4789
f 1214 4791 4790
f 4789 4790 4791
f 1213 4787 4784
f 1214 4790 4787
f 1215 4784 4790
f 4787 4790 4784
f 84 4792 4794
f 1216 4793 4792
f 1218 4794 4793
f 4792 4793 4794
f 314 4795 4797
f 1217 4796 4795
f 1216 4797 4796
f 4795 4796 4797
f 313 4798 4800
f 1218 4799 4798
f 1217 4800 4799
f 4798 4799 4800
f 1216 4796 4793
f 1217 4799 4796
f 1218 4793 4799
f 4796 4799 4793
f 83 4801 4803
f 1219 4802 4801
f 1221 4803 4802
f 4801 4802 4803
f 315 4804 4806
f 1220 4805 4804
f 1219 4806 4805
f 4804 4805 4806
f 314 4807 4809
f 1221 4808 4807
f 1220 4809 4808
f 4807 4808 4809
f 1219 4805 4802
f 1220 4808 4805
f 1221 4802 4808
f 4805 4808 4802
f 313 4800 4786
f 1217 4810 4800
f 1214 4786 4810
f 4800 4810 4786
f 314 4809 4795
f 1220 4811 4809
f 1217 4795 4811
f 4809 4811 4795
f 315 4791 4804
f 1214 4812 4791
f 1220 4804 4812
f 4791 4812 4804
f 1217 4811 4810
f 1220 4812 4811
f 1214 4810 4812
f 4811 4812 4810
f 82 4773 4732
f 1212 4813 4773
f 1198 4732 4813
f 4773 4813 4732
f 311 4814 4777
f 1222 4815 4814
f 1212 4777 4815
f 4814 4815 4777
f 308 4737 4817
f 1198 4816 4737
f 1222 4817 4816
f 4737 4816 4817
f 1212 4815 4813
f 1222 4816 4815
f 1198 4813 4816
f 4815 4816 4813
f 83 4803 4762
f 1221 4818 4803
f 1207 4762 4818
f 4803 4818 4762
f 314 4819 4807
f 1223 4820 4819
f 1221 4807 4820
f 4819 4820 4807
f 311 4767 4822
f 1207 4821 4767
f 1223 4822 4821
f 4767 4821 4822
f 1221 4820 4818
f 1223 4821 4820
f 1207 4818 4821
f 4820 4821 4818
f 84 4743 4792
f 1203 4823 4743
f 1216 4792 4823
f 4743 4823 4792
f 308 4824 4747
f 1224 4825 4824
f 1203 4747 4825
f 4824 4825 4747
f 314 4797 4827
f 1216 4826 4797
f 1224 4827 4826
f 4797 4826 4827
f 1203 4825 4823
f 1224 4826 4825
f 1216 4823 4826
f 4825 4826 4823
f 311 4822 4814
f 1223 4828 4822
f 1222 4814 4828
f 4822 4828 4814
f 314 4827 4819
f 1224 4829 4827
f 1223 4819 4829
f 4827 4829 4819
f 308 4817 4824
f 1222 4830 4817
f 1224 4824 4830
f 4817 4830 4824
f 1223 4829 4828
f 1224 4830 4829
f 1222 4828 4830
f 4829 4830 4828
f 16 4680 4549
f 1186 4831 4680
f 1150 4549 4831
f 4680 4831 4549
f 306 4832 4683
f 1225 4833 4832
f 1186 4683 4833
f 4832 4833 4683
f 295 4553 4835
f 1150 4834 4553
f 1225 4835 4834
f 4553 4834 4835
f 1186 4833 4831
f 1225 4834 4833
f 1150 4831 4834
f 4833 4834 4831
f 81 4836 4693
f 1226 4837 4836
f 1189 4693 4837
f 4836 4837 4693
f 316 4838 4840
f 1227 4839 4838
f 1226 4840 4839
f 4838 4839 4840
f 306 4698 4842
f 1189 4841 4698
f 1227 4842 4841
f 4698 4841 4842
f 1226 4839 4837
f 1227 4841 4839
f 1189 4837 4841
f 4839 4841 4837
f 78 4558 4844
f 1154 4843 4558
f 1229 4844 4843
f 4558 4843 4844
f 295 4845 4562
f 1228 4846 4845
f 1154 4562 4846
f 4845 4846 4562
f 316 4847 4849
f 1229 4848 4847
f 1228 4849 4848
f 4847 4848 4849
f 1154 4846 4843
f 1228 4848 4846
f 1229 4843 4848
f 4846 4848 4843
f 306 4842 4832
f 1227 4850 4842
f 1225 4832 4850
f 4842 4850 4832
f 316 4849 4838
f 1228 4851 4849
f 1227 4838 4851
f 4849 4851 4838
f 295 4835 4845
f 1225 4852 4835
f 1228 4845 4852
f 4835 4852 4845
f 1227 4851 4850
f 1228 4852 4851
f 1225 4850 4852
f 4851 4852 4850
f 23 4785 4649
f 1215 4853 4785
f 1176 4649 4853
f 4785 4853 4649
f 315 4854 4789
f 1230 4855 4854
f 1215 4789 4855
f 4854 4855 4789
f 302 4654 4857
f 1176 4856 4654
f 1230 4857 4856
f 4654 4856 4857
f 1215 4855 4853
f 1230 4856 4855
f 1176 4853 4856
f 4855 4856 4853
f 83 4858 4801
f 1231 4859 4858
f 1219 4801 4859
f 4858 4859 4801
f 317 4860 4862
f 1232 4861 4860
f 1231 4862 4861
f 4860 4861 4862
f 315 4806 4864
f 1219 4863 4806
f 1232 4864 4863
f 4806 4863 4864
f 1231 4861 4859
f 1232 4863 4861
f 1219 4859 4863
f 4861 4863 4859
f 81 4660 4866
f 1181 4865 4660
f 1234 4866 4865
f 4660 4865 4866
f 302 4867 4664
f 1233 4868 4867
f 1181 4664 4868
f 4867 4868 4664
f 317 4869 4871
f 1234 4870 4869
f 1233 4871 4870
f 4869 4870 4871
f 1181 4868 4865
f 1233 4870 4868
f 1234 4865 4870
f 4868 4870 4865
f 315 4864 4854
f 1232 4872 4864
f 1230 4854 4872
f 4864 4872 4854
f 317 4871 4860
f 1233 4873 4871
f 1232 4860 4873
f 4871 4873 4860
f 302 4857 4867
f 1230 4874 4857
f 1233 4867 4874
f 4857 4874 4867
f 1232 4873 4872
f 1233 4874 4873
f 1230 4872 4874
f 4873 4874 4872
f 24 4577 4753
f 1159 4875 4577
f 1204 4753 4875
f 4577 4875 4753
f 299 4876 4581
f 1235 4877 4876
f 1159 4581 4877
f 4876 4877 4581
f 310 4758 4879
f 1204 4878 4758
f 1235 4879 4878
f 4758 4878 4879
f 1159 4877 4875
f 1235 4878 4877
f 1204 4875 4878
f 4877 4878 4875
f 78 4880 4593
f 1236 4881 4880
f 1163 4593 4881
f 4880 4881 4593
f 318 4882 4884
f 1237 4883 4882
f 1236 4884 4883
f 4882 4883 4884
f 299 4598 4886
f 1163 4885 4598
f 1237 4886 4885
f 4598 4885 4886
f 1236 4883 4881
f 1237 4885 4883
f 1163 4881 4885
f 4883 4885 4881
f 83 4764 4888
f 1209 4887 4764
f 1239 4888 4887
f 4764 4887 4888
f 310 4889 4768
f 1238 4890 4889
f 1209 4768 4890
f 4889 4890 4768
f 318 4891 4893
f 1239 4892 4891
f 1238 4893 4892
f 4891 4892 4893
f 1209 4890 4887
f 1238 4892 4890
f 1239 4887 4892
f 4890 4892 4887
f 299 4886 4876
f 1237 4894 4886
f 1235 4876 4894
f 4886 4894 4876
f 318 4893 4882
f 1238 4895 4893
f 1237 4882 4895
f 4893 4895 4882
f 310 4879 4889
f 1235 4896 4879
f 1238 4889 4896
f 4879 4896 4889
f 1237 4895 4894
f 1238 4896 4895
f 1235 4894 4896
f 4895 4896 4894
f 81 4866 4836
f 1234 4897 4866
f 1226 4836 4897
f 4866 4897 4836
f 317 4898 4869
f 1240 4899 4898
f 1234 4869 4899
f 4898 4899 4869
f 316 4840 4901
f 1226 4900 4840
f 1240 4901 4900
f 4840 4900 4901
f 1234 4899 4897
f 1240 4900 4899
f 1226 4897 4900
f 4899 4900 4897
f 83 4888 4858
f 1239 4902 4888
f 1231 4858 4902
f 4888 4902 4858
f 318 4903 4891
f 1241 4904 4903
f 1239 4891 4904
f 4903 4904 4891
f 317 4862 4906
f 1231 4905 4862
f 1241 4906 4905
f 4862 4905 4906
f 1239 4904 4902
f 1241 4905 4904
f 1231 4902 4905
f 4904 4905 4902
f 78 4844 4880
f 1229 4907 4844
f 1236 4880 4907
f 4844 4907 4880
f 316 4908 4847
f 1242 4909 4908
f 1229 4847 4909
f 4908 4909 4847
f 318 4884 4911
f 1236 4910 4884
f 1242 4911 4910
f 4884 4910 4911
f 1229 4909 4907
f 1242 4910 4909
f 1236 4907 4910
f 4909 4910 4907
f 317 4906 4898
f 1241 4912 4906
f 1240 4898 4912
f 4906 4912 4898
f 318 4911 4903
f 1242 4913 4911
f 1241 4903 4913
f 4911 4913 4903
f 316 4901 4908
f 1240 4914 4901
f 1242 4908 4914
f 4901 4914 4908
f 1241 4913 4912
f 1242 4914 4913
f 1240 4912 4914
f 4913 4914 4912
f 6 2781 4916
f 705 4915 2781
f 1244 4916 4915
f 2781 4915 4916
f 183 4917 2785
f 1243 4918 4917
f 705 2785 4918
f 4917 4918 2785
f 320 4919 4921
f 1244 4920 4919
f 1243 4921 4920
f 4919 4920 4921
f 705 4918 4915
f 1243 4920 4918
f 1244 4915 4920
f 4918 4920 4915
f 51 4922 2797
f 1245 4923 4922
f 709 2797 4923
f 4922 4923 2797
f 319 4924 4926
f 1246 4925 4924
f 1245 4926 4925
f 4924 4925 4926
f 183 2802 4928
f 709 4927 2802
f 1246 4928 4927
f 2802 4927 4928
f 1245 4925 4923
f 1246 4927 4925
f 709 4923 4927
f 4925 4927 4923
f 86 4929 4931
f 1247 4930 4929
f 1249 4931 4930
f 4929 4930 4931
f 320 4932 4934
f 1248 4933 4932
f 1247 4934 4933
f 4932 4933 4934
f 319 4935 4937
f 1249 4936 4935
f 1248 4937 4936
f 4935 4936 4937
f 1247 4933 4930
f 1248 4936 4933
f 1249 4930 4936
f 4933 4936 4930
f 183 4928 4917
f 1246 4938 4928
f 1243 4917 4938
f 4928 4938 4917
f 319 4937 4924
f 1248 4939 4937
f 1246 4924 4939
f 4937 4939 4924
f 320 4921 4932
f 1243 4940 4921
f 1248 4932 4940
f 4921 4940 4932
f 1246 4939 4938
f 1248 4940 4939
f 1243 4938 4940
f 4939 4940 4938
f 14 4941 2839
f 1250 4942 4941
f 721 2839 4942
f 4941 4942 2839
f 321 4943 4945
f 1251 4944 4943
f 1250 4945 4944
f 4943 4944 4945
f 187 2844 4947
f 721 4946 2844
f 1251 4947 4946
f 2844 4946 4947
f 1250 4944 4942
f 1251 4946 4944
f 721 4942 4946
f 4944 4946 4942
f 85 4948 4950
f 1252 4949 4948
f 1254 4950 4949
f 4948 4949 4950
f 322 4951 4953
f 1253 4952 4951
f 1252 4953 4952
f 4951 4952 4953
f 321 4954 4956
f 1254 4955 4954
f 1253 4956 4955
f 4954 4955 4956
f 1252 4952 4949
f 1253 4955 4952
f 1254 4949 4955
f 4952 4955 4949
f 51 2850 4958
f 726 4957 2850
f 1256 4958 4957
f 2850 4957 4958
f 187 4959 2854
f 1255 4960 4959
f 726 2854 4960
f 4959 4960 2854
f 322 4961 4963
f 1256 4962 4961
f 1255 4963 4962
f 4961 4962 4963
f 726 4960 4957
f 1255 4962 4960
f 1256 4957 4962
f 4960 4962 4957
f 321 4956 4943
f 1253 4964 4956
f 1251 4943 4964
f 4956 4964 4943
f 322 4963 4951
f 1255 4965 4963
f 1253 4951 4965
f 4963 4965 4951
f 187 4947 4959
f 1251 4966 4947
f 1255 4959 4966
f 4947 4966 4959
f 1253 4965 4964
f 1255 4966 4965
f 1251 4964 4966
f 4965 4966 4964
f 26 4967 4969
f 1257 4968 4967
f 1259 4969 4968
f 4967 4968 4969
f 323 4970 4972
f 1258 4971 4970
f 1257 4972 4971
f 4970 4971 4972
f 325 4973 4975
f 1259 4974 4973
f 1258 4975 4974
f 4973 4974 4975
f 1257 4971 4968
f 1258 4974 4971
f 1259 4968 4974
f 4971 4974 4968
f 86 4976 4978
f 1260 4977 4976
f 1262 4978 4977
f 4976 4977 4978
f 324 4979 4981
f 1261 4980 4979
f 1260 4981 4980
f 4979 4980 4981
f 323 4982 4984
f 1262 4983 4982
f 1261 4984 4983
f 4982 4983 4984
f 1260 4980 4977
f 1261 4983 4980
f 1262 4977 4983
f 4980 4983 4977
f 85 4985 4987
f 1263 4986 4985
f 1265 4987 4986
f 4985 4986 4987
f 325 4988 4990
f 1264 4989 4988
f 1263 4990 4989
f 4988 4989 4990
f 324 4991 4993
f 1265 4992 4991
f 1264 4993 4992
f 4991 4992 4993
f 1263 4989 4986
f 1264 4992 4989
f 1265 4986 4992
f 4989 4992 4986
f 323 4984 4970
f 1261 4994 4984
f 1258 4970 4994
f 4984 4994 4970
f 324 4993 4979
f 1264 4995 4993
f 1261 4979 4995
f 4993 4995 4979
f 325 4975 4988
f 1258 4996 4975
f 1264 4988 4996
f 4975 4996 4988
f 1261 4995 4994
f 1264 4996 4995
f 1258 4994 4996
f 4995 4996 4994
f 51 4958 4922
f 1256 4997 4958
f 1245 4922 4997
f 4958 4997 4922
f 322 4998 4961
f 1266 4999 4998
f 1256 4961 4999
f 4998 4999 4961
f 319 4926 5001
f 1245 5000 4926
f 1266 5001 5000
f 4926 5000 5001
f 1256 4999 4997
f 1266 5000 4999
f 1245 4997 5000
f 4999 5000 4997
f 85 4987 4948
f 1265 5002 4987
f 1252 4948 5002
f 4987 5002 4948
f 324 5003 4991
f 1267 5004 5003
f 1265 4991 5004
f 5003 5004 4991
f 322 4953 5006
f 1252 5005 4953
f 1267 5006 5005
f 4953 5005 5006
f 1265 5004 5002
f 1267 5005 5004
f 1252 5002 5005
f 5004 5005 5002
f 86 4931 4976
f 1249 5007 4931
f 1260 4976 5007
f 4931 5007 4976
f 319 5008 4935
f 1268 5009 5008
f 1249 4935 5009
f 5008 5009 4935
f 324 4981 5011
f 1260 5010 4981
f 1268 5011 5010
f 4981 5010 5011
f 1249 5009 5007
f 1268 5010 5009
f 1260 5007 5010
f 5009 5010 5007
f 322 5006 4998
f 1267 5012 5006
f 1266 4998 5012
f 5006 5012 4998
f 324 5011 5003
f 1268 5013 5011
f 1267 5003 5013
f 5011 5013 5003
f 319 5001 5008
f 1266 5014 5001
f 1268 5008 5014
f 5001 5014 5008
f 1267 5013 5012
f 1268 5014 5013
f 1266 5012 5014
f 5013 5014 5012
f 12 5015 2671
f 1269 5016 5015
f 673 2671 5016
f 5015 5016 2671
f 326 5017 5019
f 1270 5018 5017
f 1269 5019 5018
f 5017 5018 5019
f 172 2676 5021
f 673 5020 2676
f 1270 5021 5020
f 2676 5020 5021
f 1269 5018 5016
f 1270 5020 5018
f 673 5016 5020
f 5018 5020 5016
f 87 5022 5024
f 1271 5023 5022
f 1273 5024 5023
f 5022 5023 5024
f 327 5025 5027
f 1272 5026 5025
f 1271 5027 5026
f 5025 5026 5027
f 326 5028 5030
f 1273 5029 5028
f 1272 5030 5029
f 5028 5029 5030
f 1271 5026 5023
f 1272 5029 5026
f 1273 5023 5029
f 5026 5029 5023
f 46 2682 5032
f 678 5031 2682
f 1275 5032 5031
f 2682 5031 5032
f 172 5033 2686
f 1274 5034 5033
f 678 2686 5034
f 5033 5034 2686
f 327 5035 5037
f 1275 5036 5035
f 1274 5037 5036
f 5035 5036 5037
f 678 5034 5031
f 1274 5036 5034
f 1275 5031 5036
f 5034 5036 5031
f 326 5030 5017
f 1272 5038 5030
f 1270 5017 5038
f 5030 5038 5017
f 327 5037 5025
f 1274 5039 5037
f 1272 5025 5039
f 5037 5039 5025
f 172 5021 5033
f 1270 5040 5021
f 1274 5033 5040
f 5021 5040 5033
f 1272 5039 5038
f 1274 5040 5039
f 1270 5038 5040
f 5039 5040 5038
f 25 5041 5043
f 1276 5042 5041
f 1278 5043 5042
f 5041 5042 5043
f 328 5044 5046
f 1277 5045 5044
f 1276 5046 5045
f 5044 5045 5046
f 330 5047 5049
f 1278 5048 5047
f 1277 5049 5048
f 5047 5048 5049
f 1276 5045 5042
f 1277 5048 5045
f 1278 5042 5048
f 5045 5048 5042
f 88 5050 5052
f 1279 5051 5050
f 1281 5052 5051
f 5050 5051 5052
f 329 5053 5055
f 1280 5054 5053
f 1279 5055 5054
f 5053 5054 5055
f 328 5056 5058
f 1281 5057 5056
f 1280 5058 5057
f 5056 5057 5058
f 1279 5054 5051
f 1280 5057 5054
f 1281 5051 5057
f 5054 5057 5051
f 87 5059 5061
f 1282 5060 5059
f 1284 5061 5060
f 5059 5060 5061
f 330 5062 5064
f 1283 5063 5062
f 1282 5064 5063
f 5062 5063 5064
f 329 5065 5067
f 1284 5066 5065
f 1283 5067 5066
f 5065 5066 5067
f 1282 5063 5060
f 1283 5066 5063
f 1284 5060 5066
f 5063 5066 5060
f 328 5058 5044
f 1280 5068 5058
f 1277 5044 5068
f 5058 5068 5044
f 329 5067 5053
f 1283 5069 5067
f 1280 5053 5069
f 5067 5069 5053
f 330 5049 5062
f 1277 5070 5049
f 1283 5062 5070
f 5049 5070 5062
f 1280 5069 5068
f 1283 5070 5069
f 1277 5068 5070
f 5069 5070 5068
f 14 2703 5072
f 684 5071 2703
f 1286 5072 5071
f 2703 5071 5072
f 177 5073 2707
f 1285 5074 5073
f 684 2707 5074
f 5073 5074 2707
f 332 5075 5077
f 1286 5076 5075
f 1285 5077 5076
f 5075 5076 5077
f 684 5074 5071
f 1285 5076 5074
f 1286 5071 5076
f 5074 5076 5071
f 46 5078 2719
f 1287 5079 5078
f 688 2719 5079
f 5078 5079 2719
f 331 5080 5082
f 1288 5081 5080
f 1287 5082 5081
f 5080 5081 5082
f 177 2724 5084
f 688 5083 2724
f 1288 5084 5083
f 2724 5083 5084
f 1287 5081 5079
f 1288 5083 5081
f 688 5079 5083
f 5081 5083 5079
f 88 5085 5087
f 1289 5086 5085
f 1291 5087 5086
f 5085 5086 5087
f 332 5088 5090
f 1290 5089 5088
f 1289 5090 5089
f 5088 5089 5090
f 331 5091 5093
f 1291 5092 5091
f 1290 5093 5092
f 5091 5092 5093
f 1289 5089 5086
f 1290 5092 5089
f 1291 5086 5092
f 5089 5092 5086
f 177 5084 5073
f 1288 5094 5084
f 1285 5073 5094
f 5084 5094 5073
f 331 5093 5080
f 1290 5095 5093
f 1288 5080 5095
f 5093 5095 5080
f 332 5077 5088
f 1285 5096 5077
f 1290 5088 5096
f 5077 5096 5088
f 1288 5095 5094
f 1290 5096 5095
f 1285 5094 5096
f 5095 5096 5094
f 87 5061 5022
f 1284 5097 5061
f 1271 5022 5097
f 5061 5097 5022
f 329 5098 5065
f 1292 5099 5098
f 1284 5065 5099
f 5098 5099 5065
f 327 5027 5101
f 1271 5100 5027
f 1292 5101 5100
f 5027 5100 5101
f 1284 5099 5097
f 1292 5100 5099
f 1271 5097 5100
f 5099 5100 5097
f 88 5087 5050
f 1291 5102 5087
f 1279 5050 5102
f 5087 5102 5050
f 331 5103 5091
f 1293 5104 5103
f 1291 5091 5104
f 5103 5104 5091
f 329 5055 5106
f 1279 5105 5055
f 1293 5106 5105
f 5055 5105 5106
f 1291 5104 5102
f 1293 5105 5104
f 1279 5102 5105
f 5104 5105 5102
f 46 5032 5078
f 1275 5107 5032
f 1287 5078 5107
f 5032 5107 5078
f 327 5108 5035
f 1294 5109 5108
f 1275 5035 5109
f 5108 5109 5035
f 331 5082 5111
f 1287 5110 5082
f 1294 5111 5110
f 5082 5110 5111
f 1275 5109 5107
f 1294 5110 5109
f 1287 5107 5110
f 5109 5110 5107
f 329 5106 5098
f 1293 5112 5106
f 1292 5098 5112
f 5106 5112 5098
f 331 5111 5103
f 1294 5113 5111
f 1293 5103 5113
f 5111 5113 5103
f 327 5101 5108
f 1292 5114 5101
f 1294 5108 5114
f 5101 5114 5108
f 1293 5113 5112
f 1294 5114 5113
f 1292 5112 5114
f 5113 5114 5112
f 5 5115 5117
f 1295 5116 5115
f 1297 5117 5116
f 5115 5116 5117
f 333 5118 5120
f 1296 5119 5118
f 1295 5120 5119
f 5118 5119 5120
f 335 5121 5123
f 1297 5122 5121
f 1296 5123 5122
f 5121 5122 5123
f 1295 5119 5116
f 1296 5122 5119
f 1297 5116 5122
f 5119 5122 5116
f 89 5124 5126
f 1298 5125 5124
f 1300 5126 5125
f 5124 5125 5126
f 334 5127 5129
f 1299 5128 5127
f 1298 5129 5128
f 5127 5128 5129
f 333 5130 5132
f 1300 5131 5130
f 1299 5132 5131
f 5130 5131 5132
f 1298 5128 5125
f 1299 5131 5128
f 1300 5125 5131
f 5128 5131 5125
f 91 5133 5135
f 1301 5134 5133
f 1303 5135 5134
f 5133 5134 5135
f 335 5136 5138
f 1302 5137 5136
f 1301 5138 5137
f 5136 5137 5138
f 334 5139 5141
f 1303 5140 5139
f 1302 5141 5140
f 5139 5140 5141
f 1301 5137 5134
f 1302 5140 5137
f 1303 5134 5140
f 5137 5140 5134
f 333 5132 5118
f 1299 5142 5132
f 1296 5118 5142
f 5132 5142 5118
f 334 5141 5127
f 1302 5143 5141
f 1299 5127 5143
f 5141 5143 5127
f 335 5123 5136
f 1296 5144 5123
f 1302 5136 5144
f 5123 5144 5136
f 1299 5143 5142
f 1302 5144 5143
f 1296 5142 5144
f 5143 5144 5142
f 26 5145 5147
f 1304 5146 5145
f 1306 5147 5146
f 5145 5146 5147
f 336 5148 5150
f 1305 5149 5148
f 1304 5150 5149
f 5148 5149 5150
f 338 5151 5153
f 1306 5152 5151
f 1305 5153 5152
f 5151 5152 5153
f 1304 5149 5146
f 1305 5152 5149
f 1306 5146 5152
f 5149 5152 5146
f 90 5154 5156
f 1307 5155 5154
f 1309 5156 5155
f 5154 5155 5156
f 337 5157 5159
f 1308 5158 5157
f 1307 5159 5158
f 5157 5158 5159
f 336 5160 5162
f 1309 5161 5160
f 1308 5162 5161
f 5160 5161 5162
f 1307 5158 5155
f 1308 5161 5158
f 1309 5155 5161
f 5158 5161 5155
f 89 5163 5165
f 1310 5164 5163
f 1312 5165 5164
f 5163 5164 5165
f 338 5166 5168
f 1311 5167 5166
f 1310 5168 5167
f 5166 5167 5168
f 337 5169 5171
f 1312 5170 5169
f 1311 5171 5170
f 5169 5170 5171
f 1310 5167 5164
f 1311 5170 5167
f 1312 5164 5170
f 5167 5170 5164
f 336 5162 5148
f 1308 5172 5162
f 1305 5148 5172
f 5162 5172 5148
f 337 5171 5157
f 1311 5173 5171
f 1308 5157 5173
f 5171 5173 5157
f 338 5153 5166
f 1305 5174 5153
f 1311 5166 5174
f 5153 5174 5166
f 1308 5173 5172
f 1311 5174 5173
f 1305 5172 5174
f 5173 5174 5172
f 25 5175 5177
f 1313 5176 5175
f 1315 5177 5176
f 5175 5176 5177
f 339 5178 5180
f 1314 5179 5178
f 1313 5180 5179
f 5178 5179 5180
f 341 5181 5183
f 1315 5182 5181
f 1314 5183 5182
f 5181 5182 5183
f 1313 5179 5176
f 1314 5182 5179
f 1315 5176 5182
f 5179 5182 5176
f 91 5184 5186
f 1316 5185 5184
f 1318 5186 5185
f 5184 5185 5186
f 340 5187 5189
f 1317 5188 5187
f 1316 5189 5188
f 5187 5188 5189
f 339 5190 5192
f 1318 5191 5190
f 1317 5192 5191
f 5190 5191 5192
f 1316 5188 5185
f 1317 5191 5188
f 1318 5185 5191
f 5188 5191 5185
f 90 5193 5195
f 1319 5194 5193
f 1321 5195 5194
f 5193 5194 5195
f 341 5196 5198
f 1320 5197 5196
f 1319 5198 5197
f 5196 5197 5198
f 340 5199 5201
f 1321 5200 5199
f 1320 5201 5200
f 5199 5200 5201
f 1319 5197 5194
f 1320 5200 5197
f 1321 5194 5200
f 5197 5200 5194
f 339 5192 5178
f 1317 5202 5192
f 1314 5178 5202
f 5192 5202 5178
f 340 5201 5187
f 1320 5203 5201
f 1317 5187 5203
f 5201 5203 5187
f 341 5183 5196
f 1314 5204 5183
f 1320 5196 5204
f 5183 5204 5196
f 1317 5203 5202
f 1320 5204 5203
f 1314 5202 5204
f 5203 5204 5202
f 89 5165 5124
f 1312 5205 5165
f 1298 5124 5205
f 5165 5205 5124
f 337 5206 5169
f 1322 5207 5206
f 1312 5169 5207
f 5206 5207 5169
f 334 5129 5209
f 1298 5208 5129
f 1322 5209 5208
f 5129 5208 5209
f 1312 5207 5205
f 1322 5208 5207
f 1298 5205 5208
f 5207 5208 5205
f 90 5195 5154
f 1321 5210 5195
f 1307 5154 5210
f 5195 5210 5154
f 340 5211 5199
f 1323 5212 5211
f 1321 5199 5212
f 5211 5212 5199
f 337 5159 5214
f 1307 5213 5159
f 1323 5214 5213
f 5159 5213 5214
f 1321 5212 5210
f 1323 5213 5212
f 1307 5210 5213
f 5212 5213 5210
f 91 5135 5184
f 1303 5215 5135
f 1316 5184 5215
f 5135 5215 5184
f 334 5216 5139
f 1324 5217 5216
f 1303 5139 5217
f 5216 5217 5139
f 340 5189 5219
f 1316 5218 5189
f 1324 5219 5218
f 5189 5218 5219
f 1303 5217 5215
f 1324 5218 5217
f 1316 5215 5218
f 5217 5218 5215
f 337 5214 5206
f 1323 5220 5214
f 1322 5206 5220
f 5214 5220 5206
f 340 5219 5211
f 1324 5221 5219
f 1323 5211 5221
f 5219 5221 5211
f 334 5209 5216
f 1322 5222 5209
f 1324 5216 5222
f 5209 5222 5216
f 1323 5221 5220
f 1324 5222 5221
f 1322 5220 5222
f 5221 5222 5220
f 14 5072 4941
f 1286 5223 5072
f 1250 4941 5223
f 5072 5223 4941
f 332 5224 5075
f 1325 5225 5224
f 1286 5075 5225
f 5224 5225 5075
f 321 4945 5227
f 1250 5226 4945
f 1325 5227 5226
f 4945 5226 5227
f 1286 5225 5223
f 1325 5226 5225
f 1250 5223 5226
f 5225 5226 5223
f 88 5228 5085
f 1326 5229 5228
f 1289 5085 5229
f 5228 5229 5085
f 342 5230 5232
f 1327 5231 5230
f 1326 5232 5231
f 5230 5231 5232
f 332 5090 5234
f 1289 5233 5090
f 1327 5234 5233
f 5090 5233 5234
f 1326 5231 5229
f 1327 5233 5231
f 1289 5229 5233
f 5231 5233 5229
f 85 4950 5236
f 1254 5235 4950
f 1329 5236 5235
f 4950 5235 5236
f 321 5237 4954
f 1328 5238 5237
f 1254 4954 5238
f 5237 5238 4954
f 342 5239 5241
f 1329 5240 5239
f 1328 5241 5240
f 5239 5240 5241
f 1254 5238 5235
f 1328 5240 5238
f 1329 5235 5240
f 5238 5240 5235
f 332 5234 5224
f 1327 5242 5234
f 1325 5224 5242
f 5234 5242 5224
f 342 5241 5230
f 1328 5243 5241
f 1327 5230 5243
f 5241 5243 5230
f 321 5227 5237
f 1325 5244 5227
f 1328 5237 5244
f 5227 5244 5237
f 1327 5243 5242
f 1328 5244 5243
f 1325 5242 5244
f 5243 5244 5242
f 25 5177 5041
f 1315 5245 5177
f 1276 5041 5245
f 5177 5245 5041
f 341 5246 5181
f 1330 5247 5246
f 1315 5181 5247
f 5246 5247 5181
f 328 5046 5249
f 1276 5248 5046
f 1330 5249 5248
f 5046 5248 5249
f 1315 5247 5245
f 1330 5248 5247
f 1276 5245 5248
f 5247 5248 5245
f 90 5250 5193
f 1331 5251 5250
f 1319 5193 5251
f 5250 5251 5193
f 343 5252 5254
f 1332 5253 5252
f 1331 5254 5253
f 5252 5253 5254
f 341 5198 5256
f 1319 5255 5198
f 1332 5256 5255
f 5198 5255 5256
f 1331 5253 5251
f 1332 5255 5253
f 1319 5251 5255
f 5253 5255 5251
f 88 5052 5258
f 1281 5257 5052
f 1334 5258 5257
f 5052 5257 5258
f 328 5259 5056
f 1333 5260 5259
f 1281 5056 5260
f 5259 5260 5056
f 343 5261 5263
f 1334 5262 5261
f 1333 5263 5262
f 5261 5262 5263
f 1281 5260 5257
f 1333 5262 5260
f 1334 5257 5262
f 5260 5262 5257
f 341 5256 5246
f 1332 5264 5256
f 1330 5246 5264
f 5256 5264 5246
f 343 5263 5252
f 1333 5265 5263
f 1332 5252 5265
f 5263 5265 5252
f 328 5249 5259
f 1330 5266 5249
f 1333 5259 5266
f 5249 5266 5259
f 1332 5265 5264
f 1333 5266 5265
f 1330 5264 5266
f 5265 5266 5264
f 26 4969 5145
f 1259 5267 4969
f 1304 5145 5267
f 4969 5267 5145
f 325 5268 4973
f 1335 5269 5268
f 1259 4973 5269
f 5268 5269 4973
f 336 5150 5271
f 1304 5270 5150
f 1335 5271 5270
f 5150 5270 5271
f 1259 5269 5267
f 1335 5270 5269
f 1304 5267 5270
f 5269 5270 5267
f 85 5272 4985
f 1336 5273 5272
f 1263 4985 5273
f 5272 5273 4985
f 344 5274 5276
f 1337 5275 5274
f 1336 5276 5275
f 5274 5275 5276
f 325 4990 5278
f 1263 5277 4990
f 1337 5278 5277
f 4990 5277 5278
f 1336 5275 5273
f 1337 5277 5275
f 1263 5273 5277
f 5275 5277 5273
f 90 5156 5280
f 1309 5279 5156
f 1339 5280 5279
f 5156 5279 5280
f 336 5281 5160
f 1338 5282 5281
f 1309 5160 5282
f 5281 5282 5160
f 344 5283 5285
f 1339 5284 5283
f 1338 5285 5284
f 5283 5284 5285
f 1309 5282 5279
f 1338 5284 5282
f 1339 5279 5284
f 5282 5284 5279
f 325 5278 5268
f 1337 5286 5278
f 1335 5268 5286
f 5278 5286 5268
f 344 5285 5274
f 1338 5287 5285
f 1337 5274 5287
f 5285 5287 5274
f 336 5271 5281
f 1335 5288 5271
f 1338 5281 5288
f 5271 5288 5281
f 1337 5287 5286
f 1338 5288 5287
f 1335 5286 5288
f 5287 5288 5286
f 88 5258 5228
f 1334 5289 5258
f 1326 5228 5289
f 5258 5289 5228
f 343 5290 5261
f 1340 5291 5290
f 1334 5261 5291
f 5290 5291 5261
f 342 5232 5293
f 1326 5292 5232
f 1340 5293 5292
f 5232 5292 5293
f 1334 5291 5289
f 1340 5292 5291
f 1326 5289 5292
f 5291 5292 5289
f 90 5280 5250
f 1339 5294 5280
f 1331 5250 5294
f 5280 5294 5250
f 344 5295 5283
f 1341 5296 5295
f 1339 5283 5296
f 5295 5296 5283
f 343 5254 5298
f 1331 5297 5254
f 1341 5298 5297
f 5254 5297 5298
f 1339 5296 5294
f 1341 5297 5296
f 1331 5294 5297
f 5296 5297 5294
f 85 5236 5272
f 1329 5299 5236
f 1336 5272 5299
f 5236 5299 5272
f 342 5300 5239
f 1342 5301 5300
f 1329 5239 5301
f 5300 5301 5239
f 344 5276 5303
f 1336 5302 5276
f 1342 5303 5302
f 5276 5302 5303
f 1329 5301 5299
f 1342 5302 5301
f 1336 5299 5302
f 5301 5302 5299
f 343 5298 5290
f 1341 5304 5298
f 1340 5290 5304
f 5298 5304 5290
f 344 5303 5295
f 1342 5305 5303
f 1341 5295 5305
f 5303 5305 5295
f 342 5293 5300
f 1340 5306 5293
f 1342 5300 5306
f 5293 5306 5300
f 1341 5305 5304
f 1342 5306 5305
f 1340 5304 5306
f 5305 5306 5304
f 12 4340 5308
f 1100 5307 4340
f 1344 5308 5307
f 4340 5307 5308
f 284 5309 4343
f 1343 5310 5309
f 1100 4343 5310
f 5309 5310 4343
f 346 5311 5313
f 1344 5312 5311
f 1343 5313 5312
f 5311 5312 5313
f 1100 5310 5307
f 1343 5312 5310
f 1344 5307 5312
f 5310 5312 5307
f 77 5314 4353
f 1345 5315 5314
f 1103 4353 5315
f 5314 5315 4353
f 345 5316 5318
f 1346 5317 5316
f 1345 5318 5317
f 5316 5317 5318
f 284 4358 5320
f 1103 5319 4358
f 1346 5320 5319
f 4358 5319 5320
f 1345 5317 5315
f 1346 5319 5317
f 1103 5315 5319
f 5317 5319 5315
f 93 5321 5323
f 1347 5322 5321
f 1349 5323 5322
f 5321 5322 5323
f 346 5324 5326
f 1348 5325 5324
f 1347 5326 5325
f 5324 5325 5326
f 345 5327 5329
f 1349 5328 5327
f 1348 5329 5328
f 5327 5328 5329
f 1347 5325 5322
f 1348 5328 5325
f 1349 5322 5328
f 5325 5328 5322
f 284 5320 5309
f 1346 5330 5320
f 1343 5309 5330
f 5320 5330 5309
f 345 5329 5316
f 1348 5331 5329
f 1346 5316 5331
f 5329 5331 5316
f 346 5313 5324
f 1343 5332 5313
f 1348 5324 5332
f 5313 5332 5324
f 1346 5331 5330
f 1348 5332 5331
f 1343 5330 5332
f 5331 5332 5330
f 22 5333 4391
f 1350 5334 5333
f 1113 4391 5334
f 5333 5334 4391
f 347 5335 5337
f 1351 5336 5335
f 1350 5337 5336
f 5335 5336 5337
f 287 4396 5339
f 1113 5338 4396
f 1351 5339 5338
f 4396 5338 5339
f 1350 5336 5334
f 1351 5338 5336
f 1113 5334 5338
f 5336 5338 5334
f 92 5340 5342
f 1352 5341 5340
f 1354 5342 5341
f 5340 5341 5342
f 348 5343 5345
f 1353 5344 5343
f 1352 5345 5344
f 5343 5344 5345
f 347 5346 5348
f 1354 5347 5346
f 1353 5348 5347
f 5346 5347 5348
f 1352 5344 5341
f 1353 5347 5344
f 1354 5341 5347
f 5344 5347 5341
f 77 4402 5350
f 1118 5349 4402
f 1356 5350 5349
f 4402 5349 5350
f 287 5351 4406
f 1355 5352 5351
f 1118 4406 5352
f 5351 5352 4406
f 348 5353 5355
f 1356 5354 5353
f 1355 5355 5354
f 5353 5354 5355
f 1118 5352 5349
f 1355 5354 5352
f 1356 5349 5354
f 5352 5354 5349
f 347 5348 5335
f 1353 5356 5348
f 1351 5335 5356
f 5348 5356 5335
f 348 5355 5343
f 1355 5357 5355
f 1353 5343 5357
f 5355 5357 5343
f 287 5339 5351
f 1351 5358 5339
f 1355 5351 5358
f 5339 5358 5351
f 1353 5357 5356
f 1355 5358 5357
f 1351 5356 5358
f 5357 5358 5356
f 28 5359 5361
f 1357 5360 5359
f 1359 5361 5360
f 5359 5360 5361
f 349 5362 5364
f 1358 5363 5362
f 1357 5364 5363
f 5362 5363 5364
f 351 5365 5367
f 1359 5366 5365
f 1358 5367 5366
f 5365 5366 5367
f 1357 5363 5360
f 1358 5366 5363
f 1359 5360 5366
f 5363 5366 5360
f 93 5368 5370
f 1360 5369 5368
f 1362 5370 5369
f 5368 5369 5370
f 350 5371 5373
f 1361 5372 5371
f 1360 5373 5372
f 5371 5372 5373
f 349 5374 5376
f 1362 5375 5374
f 1361 5376 5375
f 5374 5375 5376
f 1360 5372 5369
f 1361 5375 5372
f 1362 5369 5375
f 5372 5375 5369
f 92 5377 5379
f 1363 5378 5377
f 1365 5379 5378
f 5377 5378 5379
f 351 5380 5382
f 1364 5381 5380
f 1363 5382 5381
f 5380 5381 5382
f 350 5383 5385
f 1365 5384 5383
f 1364 5385 5384
f 5383 5384 5385
f 1363 5381 5378
f 1364 5384 5381
f 1365 5378 5384
f 5381 5384 5378
f 349 5376 5362
f 1361 5386 5376
f 1358 5362 5386
f 5376 5386 5362
f 350 5385 5371
f 1364 5387 5385
f 1361 5371 5387
f 5385 5387 5371
f 351 5367 5380
f 1358 5388 5367
f 1364 5380 5388
f 5367 5388 5380
f 1361 5387 5386
f 1364 5388 5387
f 1358 5386 5388
f 5387 5388 5386
f 77 5350 5314
f 1356 5389 5350
f 1345 5314 5389
f 5350 5389 5314
f 348 5390 5353
f 1366 5391 5390
f 1356 5353 5391
f 5390 5391 5353
f 345 5318 5393
f 1345 5392 5318
f 1366 5393 5392
f 5318 5392 5393
f 1356 5391 5389
f 1366 5392 5391
f 1345 5389 5392
f 5391 5392 5389
f 92 5379 5340
f 1365 5394 5379
f 1352 5340 5394
f 5379 5394 5340
f 350 5395 5383
f 1367 5396 5395
f 1365 5383 5396
f 5395 5396 5383
f 348 5345 5398
f 1352 5397 5345
f 1367 5398 5397
f 5345 5397 5398
f 1365 5396 5394
f 1367 5397 5396
f 1352 5394 5397
f 5396 5397 5394
f 93 5323 5368
f 1349 5399 5323
f 1360 5368 5399
f 5323 5399 5368
f 345 5400 5327
f 1368 5401 5400
f 1349 5327 5401
f 5400 5401 5327
f 350 5373 5403
f 1360 5402 5373
f 1368 5403 5402
f 5373 5402 5403
f 1349 5401 5399
f 1368 5402 5401
f 1360 5399 5402
f 5401 5402 5399
f 348 5398 5390
f 1367 5404 5398
f 1366 5390 5404
f 5398 5404 5390
f 350 5403 5395
f 1368 5405 5403
f 1367 5395 5405
f 5403 5405 5395
f 345 5393 5400
f 1366 5406 5393
f 1368 5400 5406
f 5393 5406 5400
f 1367 5405 5404
f 1368 5406 5405
f 1366 5404 5406
f 5405 5406 5404
f 11 5407 4239
f 1369 5408 5407
f 1073 4239 5408
f 5407 5408 4239
f 352 5409 5411
f 1370 5410 5409
f 1369 5411 5410
f 5409 5410 5411
f 276 4243 5413
f 1073 5412 4243
f 1370 5413 5412
f 4243 5412 5413
f 1369 5410 5408
f 1370 5412 5410
f 1073 5408 5412
f 5410 5412 5408
f 94 5414 5416
f 1371 5415 5414
f 1373 5416 5415
f 5414 5415 5416
f 353 5417 5419
f 1372 5418 5417
f 1371 5419 5418
f 5417 5418 5419
f 352 5420 5422
f 1373 5421 5420
f 1372 5422 5421
f 5420 5421 5422
f 1371 5418 5415
f 1372 5421 5418
f 1373 5415 5421
f 5418 5421 5415
f 74 4248 5424
f 1077 5423 4248
f 1375 5424 5423
f 4248 5423 5424
f 276 5425 4252
f 1374 5426 5425
f 1077 4252 5426
f 5425 5426 4252
f 353 5427 5429
f 1375 5428 5427
f 1374 5429 5428
f 5427 5428 5429
f 1077 5426 5423
f 1374 5428 5426
f 1375 5423 5428
f 5426 5428 5423
f 352 5422 5409
f 1372 5430 5422
f 1370 5409 5430
f 5422 5430 5409
f 353 5429 5417
f 1374 5431 5429
f 1372 5417 5431
f 5429 5431 5417
f 276 5413 5425
f 1370 5432 5413
f 1374 5425 5432
f 5413 5432 5425
f 1372 5431 5430
f 1374 5432 5431
f 1370 5430 5432
f 5431 5432 5430
f 27 5433 5435
f 1376 5434 5433
f 1378 5435 5434
f 5433 5434 5435
f 354 5436 5438
f 1377 5437 5436
f 1376 5438 5437
f 5436 5437 5438
f 356 5439 5441
f 1378 5440 5439
f 1377 5441 5440
f 5439 5440 5441
f 1376 5437 5434
f 1377 5440 5437
f 1378 5434 5440
f 5437 5440 5434
f 95 5442 5444
f 1379 5443 5442
f 1381 5444 5443
f 5442 5443 5444
f 355 5445 5447
f 1380 5446 5445
f 1379 5447 5446
f 5445 5446 5447
f 354 5448 5450
f 1381 5449 5448
f 1380 5450 5449
f 5448 5449 5450
f 1379 5446 5443
f 1380 5449 5446
f 1381 5443 5449
f 5446 5449 5443
f 94 5451 5453
f 1382 5452 5451
f 1384 5453 5452
f 5451 5452 5453
f 356 5454 5456
f 1383 5455 5454
f 1382 5456 5455
f 5454 5455 5456
f 355 5457 5459
f 1384 5458 5457
f 1383 5459 5458
f 5457 5458 5459
f 1382 5455 5452
f 1383 5458 5455
f 1384 5452 5458
f 5455 5458 5452
f 354 5450 5436
f 1380 5460 5450
f 1377 5436 5460
f 5450 5460 5436
f 355 5459 5445
f 1383 5461 5459
f 1380 5445 5461
f 5459 5461 5445
f 356 5441 5454
f 1377 5462 5441
f 1383 5454 5462
f 5441 5462 5454
f 1380 5461 5460
f 1383 5462 5461
f 1377 5460 5462
f 5461 5462 5460
f 22 4267 5464
f 1082 5463 4267
f 1386 5464 5463
f 4267 5463 5464
f 280 5465 4271
f 1385 5466 5465
f 1082 4271 5466
f 5465 5466 4271
f 358 5467 5469
f 1386 5468 5467
f 1385 5469 5468
f 5467 5468 5469
f 1082 5466 5463
f 1385 5468 5466
f 1386 5463 5468
f 5466 5468 5463
f 74 5470 4283
f 1387 5471 5470
f 1086 4283 5471
f 5470 5471 4283
f 357 5472 5474
f 1388 5473 5472
f 1387 5474 5473
f 5472 5473 5474
f 280 4288 5476
f 1086 5475 4288
f 1388 5476 5475
f 4288 5475 5476
f 1387 5473 5471
f 1388 5475 5473
f 1086 5471 5475
f 5473 5475 5471
f 95 5477 5479
f 1389 5478 5477
f 1391 5479 5478
f 5477 5478 5479
f 358 5480 5482
f 1390 5481 5480
f 1389 5482 5481
f 5480 5481 5482
f 357 5483 5485
f 1391 5484 5483
f 1390 5485 5484
f 5483 5484 5485
f 1389 5481 5478
f 1390 5484 5481
f 1391 5478 5484
f 5481 5484 5478
f 280 5476 5465
f 1388 5486 5476
f 1385 5465 5486
f 5476 5486 5465
f 357 5485 5472
f 1390 5487 5485
f 1388 5472 5487
f 5485 5487 5472
f 358 5469 5480
f 1385 5488 5469
f 1390 5480 5488
f 5469 5488 5480
f 1388 5487 5486
f 1390 5488 5487
f 1385 5486 5488
f 5487 5488 5486
f 94 5453 5414
f 1384 5489 5453
f 1371 5414 5489
f 5453 5489 5414
f 355 5490 5457
f 1392 5491 5490
f 1384 5457 5491
f 5490 5491 5457
f 353 5419 5493
f 1371 5492 5419
f 1392 5493 5492
f 5419 5492 5493
f 1384 5491 5489
f 1392 5492 5491
f 1371 5489 5492
f 5491 5492 5489
f 95 5479 5442
f 1391 5494 5479
f 1379 5442 5494
f 5479 5494 5442
f 357 5495 5483
f 1393 5496 5495
f 1391 5483 5496
f 5495 5496 5483
f 355 5447 5498
f 1379 5497 5447
f 1393 5498 5497
f 5447 5497 5498
f 1391 5496 5494
f 1393 5497 5496
f 1379 5494 5497
f 5496 5497 5494
f 74 5424 5470
f 1375 5499 5424
f 1387 5470 5499
f 5424 5499 5470
f 353 5500 5427
f 1394 5501 5500
f 1375 5427 5501
f 5500 5501 5427
f 357 5474 5503
f 1387 5502 5474
f 1394 5503 5502
f 5474 5502 5503
f 1375 5501 5499
f 1394 5502 5501
f 1387 5499 5502
f 5501 5502 5499
f 355 5498 5490
f 1393 5504 5498
f 1392 5490 5504
f 5498 5504 5490
f 357 5503 5495
f 1394 5505 5503
f 1393 5495 5505
f 5503 5505 5495
f 353 5493 5500
f 1392 5506 5493
f 1394 5500 5506
f 5493 5506 5500
f 1393 5505 5504
f 1394 5506 5505
f 1392 5504 5506
f 5505 5506 5504
f 3 5507 5509
f 1395 5508 5507
f 1397 5509 5508
f 5507 5508 5509
f 359 5510 5512
f 1396 5511 5510
f 1395 5512 5511
f 5510 5511 5512
f 361 5513 5515
f 1397 5514 5513
f 1396 5515 5514
f 5513 5514 5515
f 1395 5511 5508
f 1396 5514 5511
f 1397 5508 5514
f 5511 5514 5508
f 96 5516 5518
f 1398 5517 5516
f 1400 5518 5517
f 5516 5517 5518
f 360 5519 5521
f 1399 5520 5519
f 1398 5521 5520
f 5519 5520 5521
f 359 5522 5524
f 1400 5523 5522
f 1399 5524 5523
f 5522 5523 5524
f 1398 5520 5517
f 1399 5523 5520
f 1400 5517 5523
f 5520 5523 5517
f 98 5525 5527
f 1401 5526 5525
f 1403 5527 5526
f 5525 5526 5527
f 361 5528 5530
f 1402 5529 5528
f 1401 5530 5529
f 5528 5529 5530
f 360 5531 5533
f 1403 5532 5531
f 1402 5533 5532
f 5531 5532 5533
f 1401 5529 5526
f 1402 5532 5529
f 1403 5526 5532
f 5529 5532 5526
f 359 5524 5510
f 1399 5534 5524
f 1396 5510 5534
f 5524 5534 5510
f 360 5533 5519
f 1402 5535 5533
f 1399 5519 5535
f 5533 5535 5519
f 361 5515 5528
f 1396 5536 5515
f 1402 5528 5536
f 5515 5536 5528
f 1399 5535 5534
f 1402 5536 5535
f 1396 5534 5536
f 5535 5536 5534
f 28 5537 5539
f 1404 5538 5537
f 1406 5539 5538
f 5537 5538 5539
f 362 5540 5542
f 1405 5541 5540
f 1404 5542 5541
f 5540 5541 5542
f 364 5543 5545
f 1406 5544 5543
f 1405 5545 5544
f 5543 5544 5545
f 1404 5541 5538
f 1405 5544 5541
f 1406 5538 5544
f 5541 5544 5538
f 97 5546 5548
f 1407 5547 5546
f 1409 5548 5547
f 5546 5547 5548
f 363 5549 5551
f 1408 5550 5549
f 1407 5551 5550
f 5549 5550 5551
f 362 5552 5554
f 1409 5553 5552
f 1408 5554 5553
f 5552 5553 5554
f 1407 5550 5547
f 1408 5553 5550
f 1409 5547 5553
f 5550 5553 5547
f 96 5555 5557
f 1410 5556 5555
f 1412 5557 5556
f 5555 5556 5557
f 364 5558 5560
f 1411 5559 5558
f 1410 5560 5559
f 5558 5559 5560
f 363 5561 5563
f 1412 5562 5561
f 1411 5563 5562
f 5561 5562 5563
f 1410 5559 5556
f 1411 5562 5559
f 1412 5556 5562
f 5559 5562 5556
f 362 5554 5540
f 1408 5564 5554
f 1405 5540 5564
f 5554 5564 5540
f 363 5563 5549
f 1411 5565 5563
f 1408 5549 5565
f 5563 5565 5549
f 364 5545 5558
f 1405 5566 5545
f 1411 5558 5566
f 5545 5566 5558
f 1408 5565 5564
f 1411 5566 5565
f 1405 5564 5566
f 5565 5566 5564
f 27 5567 5569
f 1413 5568 5567
f 1415 5569 5568
f 5567 5568 5569
f 365 5570 5572
f 1414 5571 5570
f 1413 5572 5571
f 5570 5571 5572
f 367 5573 5575
f 1415 5574 5573
f 1414 5575 5574
f 5573 5574 5575
f 1413 5571 5568
f 1414 5574 5571
f 1415 5568 5574
f 5571 5574 5568
f 98 5576 5578
f 1416 5577 5576
f 1418 5578 5577
f 5576 5577 5578
f 366 5579 5581
f 1417 5580 5579
f 1416 5581 5580
f 5579 5580 5581
f 365 5582 5584
f 1418 5583 5582
f 1417 5584 5583
f 5582 5583 5584
f 1416 5580 5577
f 1417 5583 5580
f 1418 5577 5583
f 5580 5583 5577
f 97 5585 5587
f 1419 5586 5585
f 1421 5587 5586
f 5585 5586 5587
f 367 5588 5590
f 1420 5589 5588
f 1419 5590 5589
f 5588 5589 5590
f 366 5591 5593
f 1421 5592 5591
f 1420 5593 5592
f 5591 5592 5593
f 1419 5589 5586
f 1420 5592 5589
f 1421 5586 5592
f 5589 5592 5586
f 365 5584 5570
f 1417 5594 5584
f 1414 5570 5594
f 5584 5594 5570
f 366 5593 5579
f 1420 5595 5593
f 1417 5579 5595
f 5593 5595 5579
f 367 5575 5588
f 1414 5596 5575
f 1420 5588 5596
f 5575 5596 5588
f 1417 5595 5594
f 1420 5596 5595
f 1414 5594 5596
f 5595 5596 5594
f 96 5557 5516
f 1412 5597 5557
f 1398 5516 5597
f 5557 5597 5516
f 363 5598 5561
f 1422 5599 5598
f 1412 5561 5599
f 5598 5599 5561
f 360 5521 5601
f 1398 5600 5521
f 1422 5601 5600
f 5521 5600 5601
f 1412 5599 5597
f 1422 5600 5599
f 1398 5597 5600
f 5599 5600 5597
f 97 5587 5546
f 1421 5602 5587
f 1407 5546 5602
f 5587 5602 5546
f 366 5603 5591
f 1423 5604 5603
f 1421 5591 5604
f 5603 5604 5591
f 363 5551 5606
f 1407 5605 5551
f 1423 5606 5605
f 5551 5605 5606
f 1421 5604 5602
f 1423 5605 5604
f 1407 5602 5605
f 5604 5605 5602
f 98 5527 5576
f 1403 5607 5527
f 1416 5576 5607
f 5527 5607 5576
f 360 5608 5531
f 1424 5609 5608
f 1403 5531 5609
f 5608 5609 5531
f 366 5581 5611
f 1416 5610 5581
f 1424 5611 5610
f 5581 5610 5611
f 1403 5609 5607
f 1424 5610 5609
f 1416 5607 5610
f 5609 5610 5607
f 363 5606 5598
f 1423 5612 5606
f 1422 5598 5612
f 5606 5612 5598
f 366 5611 5603
f 1424 5613 5611
f 1423 5603 5613
f 5611 5613 5603
f 360 5601 5608
f 1422 5614 5601
f 1424 5608 5614
f 5601 5614 5608
f 1423 5613 5612
f 1424 5614 5613
f 1422 5612 5614
f 5613 5614 5612
f 22 5464 5333
f 1386 5615 5464
f 1350 5333 5615
f 5464 5615 5333
f 358 5616 5467
f 1425 5617 5616
f 1386 5467 5617
f 5616 5617 5467
f 347 5337 5619
f 1350 5618 5337
f 1425 5619 5618
f 5337 5618 5619
f 1386 5617 5615
f 1425 5618 5617
f 1350 5615 5618
f 5617 5618 5615
f 95 5620 5477
f 1426 5621 5620
f 1389 5477 5621
f 5620 5621 5477
f 368 5622 5624
f 1427 5623 5622
f 1426 5624 5623
f 5622 5623 5624
f 358 5482 5626
f 1389 5625 5482
f 1427 5626 5625
f 5482 5625 5626
f 1426 5623 5621
f 1427 5625 5623
f 1389 5621 5625
f 5623 5625 5621
f 92 5342 5628
f 1354 5627 5342
f 1429 5628 5627
f 5342 5627 5628
f 347 5629 5346
f 1428 5630 5629
f 1354 5346 5630
f 5629 5630 5346
f 368 5631 5633
f 1429 5632 5631
f 1428 5633 5632
f 5631 5632 5633
f 1354 5630 5627
f 1428 5632 5630
f 1429 5627 5632
f 5630 5632 5627
f 358 5626 5616
f 1427 5634 5626
f 1425 5616 5634
f 5626 5634 5616
f 368 5633 5622
f 1428 5635 5633
f 1427 5622 5635
f 5633 5635 5622
f 347 5619 5629
f 1425 5636 5619
f 1428 5629 5636
f 5619 5636 5629
f 1427 5635 5634
f 1428 5636 5635
f 1425 5634 5636
f 5635 5636 5634
f 27 5569 5433
f 1415 5637 5569
f 1376 5433 5637
f 5569 5637 5433
f 367 5638 5573
f 1430 5639 5638
f 1415 5573 5639
f 5638 5639 5573
f 354 5438 5641
f 1376 5640 5438
f 1430 5641 5640
f 5438 5640 5641
f 1415 5639 5637
f 1430 5640 5639
f 1376 5637 5640
f 5639 5640 5637
f 97 5642 5585
f 1431 5643 5642
f 1419 5585 5643
f 5642 5643 5585
f 369 5644 5646
f 1432 5645 5644
f 1431 5646 5645
f 5644 5645 5646
f 367 5590 5648
f 1419 5647 5590
f 1432 5648 5647
f 5590 5647 5648
f 1431 5645 5643
f 1432 5647 5645
f 1419 5643 5647
f 5645 5647 5643
f 95 5444 5650
f 1381 5649 5444
f 1434 5650 5649
f 5444 5649 5650
f 354 5651 5448
f 1433 5652 5651
f 1381 5448 5652
f 5651 5652 5448
f 369 5653 5655
f 1434 5654 5653
f 1433 5655 5654
f 5653 5654 5655
f 1381 5652 5649
f 1433 5654 5652
f 1434 5649 5654
f 5652 5654 5649
f 367 5648 5638
f 1432 5656 5648
f 1430 5638 5656
f 5648 5656 5638
f 369 5655 5644
f 1433 5657 5655
f 1432 5644 5657
f 5655 5657 5644
f 354 5641 5651
f 1430 5658 5641
f 1433 5651 5658
f 5641 5658 5651
f 1432 5657 5656
f 1433 5658 5657
f 1430 5656 5658
f 5657 5658 5656
f 28 5361 5537
f 1359 5659 5361
f 1404 5537 5659
f 5361 5659 5537
f 351 5660 5365
f 1435 5661 5660
f 1359 5365 5661
f 5660 5661 5365
f 362 5542 5663
f 1404 5662 5542
f 1435 5663 5662
f 5542 5662 5663
f 1359 5661 5659
f 1435 5662 5661
f 1404 5659 5662
f 5661 5662 5659
f 92 5664 5377
f 1436 5665 5664
f 1363 5377 5665
f 5664 5665 5377
f 370 5666 5668
f 1437 5667 5666
f 1436 5668 5667
f 5666 5667 5668
f 351 5382 5670
f 1363 5669 5382
f 1437 5670 5669
f 5382 5669 5670
f 1436 5667 5665
f 1437 5669 5667
f 1363 5665 5669
f 5667 5669 5665
f 97 5548 5672
f 1409 5671 5548
f 1439 5672 5671
f 5548 5671 5672
f 362 5673 5552
f 1438 5674 5673
f 1409 5552 5674
f 5673 5674 5552
f 370 5675 5677
f 1439 5676 5675
f 1438 5677 5676
f 5675 5676 5677
f 1409 5674 5671
f 1438 5676 5674
f 1439 5671 5676
f 5674 5676 5671
f 351 5670 5660
f 1437 5678 5670
f 1435 5660 5678
f 5670 5678 5660
f 370 5677 5666
f 1438 5679 5677
f 1437 5666 5679
f 5677 5679 5666
f 362 5663 5673
f 1435 5680 5663
f 1438 5673 5680
f 5663 5680 5673
f 1437 5679 5678
f 1438 5680 5679
f 1435 5678 5680
f 5679 5680 5678
f 95 5650 5620
f 1434 5681 5650
f 1426 5620 5681
f 5650 5681 5620
f 369 5682 5653
f 1440 5683 5682
f 1434 5653 5683
f 5682 5683 5653
f 368 5624 5685
f 1426 5684 5624
f 1440 5685 5684
f 5624 5684 5685
f 1434 5683 5681
f 1440 5684 5683
f 1426 5681 5684
f 5683 5684 5681
f 97 5672 5642
f 1439 5686 5672
f 1431 5642 5686
f 5672 5686 5642
f 370 5687 5675
f 1441 5688 5687
f 1439 5675 5688
f 5687 5688 5675
f 369 5646 5690
f 1431 5689 5646
f 1441 5690 5689
f 5646 5689 5690
f 1439 5688 5686
f 1441 5689 5688
f 1431 5686 5689
f 5688 5689 5686
f 92 5628 5664
f 1429 5691 5628
f 1436 5664 5691
f 5628 5691 5664
f 368 5692 5631
f 1442 5693 5692
f 1429 5631 5693
f 5692 5693 5631
f 370 5668 5695
f 1436 5694 5668
f 1442 5695 5694
f 5668 5694 5695
f 1429 5693 5691
f 1442 5694 5693
f 1436 5691 5694
f 5693 5694 5691
f 369 5690 5682
f 1441 5696 5690
f 1440 5682 5696
f 5690 5696 5682
f 370 5695 5687
f 1442 5697 5695
f 1441 5687 5697
f 5695 5697 5687
f 368 5685 5692
f 1440 5698 5685
f 1442 5692 5698
f 5685 5698 5692
f 1441 5697 5696
f 1442 5698 5697
f 1440 5696 5698
f 5697 5698 5696
f 11 3957 5700
f 1005 5699 3957
f 1444 5700 5699
f 3957 5699 5700
f 261 5701 3961
f 1443 5702 5701
f 1005 3961 5702
f 5701 5702 3961
f 372 5703 5705
f 1444 5704 5703
f 1443 5705 5704
f 5703 5704 5705
f 1005 5702 5699
f 1443 5704 5702
f 1444 5699 5704
f 5702 5704 5699
f 72 5706 3973
f 1445 5707 5706
f 1009 3973 5707
f 5706 5707 3973
f 371 5708 5710
f 1446 5709 5708
f 1445 5710 5709
f 5708 5709 5710
f 261 3978 5712
f 1009 5711 3978
f 1446 5712 5711
f 3978 5711 5712
f 1445 5709 5707
f 1446 5711 5709
f 1009 5707 5711
f 5709 5711 5707
f 100 5713 5715
f 1447 5714 5713
f 1449 5715 5714
f 5713 5714 5715
f 372 5716 5718
f 1448 5717 5716
f 1447 5718 5717
f 5716 5717 5718
f 371 5719 5721
f 1449 5720 5719
f 1448 5721 5720
f 5719 5720 5721
f 1447 5717 5714
f 1448 5720 5717
f 1449 5714 5720
f 5717 5720 5714
f 261 5712 5701
f 1446 5722 5712
f 1443 5701 5722
f 5712 5722 5701
f 371 5721 5708
f 1448 5723 5721
f 1446 5708 5723
f 5721 5723 5708
f 372 5705 5716
f 1443 5724 5705
f 1448 5716 5724
f 5705 5724 5716
f 1446 5723 5722
f 1448 5724 5723
f 1443 5722 5724
f 5723 5724 5722
f 20 5725 4015
f 1450 5726 5725
f 1021 4015 5726
f 5725 5726 4015
f 373 5727 5729
f 1451 5728 5727
f 1450 5729 5728
f 5727 5728 5729
f 265 4020 5731
f 1021 5730 4020
f 1451 5731 5730
f 4020 5730 5731
f 1450 5728 5726
f 1451 5730 5728
f 1021 5726 5730
f 5728 5730 5726
f 99 5732 5734
f 1452 5733 5732
f 1454 5734 5733
f 5732 5733 5734
f 374 5735 5737
f 1453 5736 5735
f 1452 5737 5736
f 5735 5736 5737
f 373 5738 5740
f 1454 5739 5738
f 1453 5740 5739
f 5738 5739 5740
f 1452 5736 5733
f 1453 5739 5736
f 1454 5733 5739
f 5736 5739 5733
f 72 4026 5742
f 1026 5741 4026
f 1456 5742 5741
f 4026 5741 5742
f 265 5743 4030
f 1455 5744 5743
f 1026 4030 5744
f 5743 5744 4030
f 374 5745 5747
f 1456 5746 5745
f 1455 5747 5746
f 5745 5746 5747
f 1026 5744 5741
f 1455 5746 5744
f 1456 5741 5746
f 5744 5746 5741
f 373 5740 5727
f 1453 5748 5740
f 1451 5727 5748
f 5740 5748 5727
f 374 5747 5735
f 1455 5749 5747
f 1453 5735 5749
f 5747 5749 5735
f 265 5731 5743
f 1451 5750 5731
f 1455 5743 5750
f 5731 5750 5743
f 1453 5749 5748
f 1455 5750 5749
f 1451 5748 5750
f 5749 5750 5748
f 30 5751 5753
f 1457 5752 5751
f 1459 5753 5752
f 5751 5752 5753
f 375 5754 5756
f 1458 5755 5754
f 1457 5756 5755
f 5754 5755 5756
f 377 5757 5759
f 1459 5758 5757
f 1458 5759 5758
f 5757 5758 5759
f 1457 5755 5752
f 1458 5758 5755
f 1459 5752 5758
f 5755 5758 5752
f 100 5760 5762
f 1460 5761 5760
f 1462 5762 5761
f 5760 5761 5762
f 376 5763 5765
f 1461 5764 5763
f 1460 5765 5764
f 5763 5764 5765
f 375 5766 5768
f 1462 5767 5766
f 1461 5768 5767
f 5766 5767 5768
f 1460 5764 5761
f 1461 5767 5764
f 1462 5761 5767
f 5764 5767 5761
f 99 5769 5771
f 1463 5770 5769
f 1465 5771 5770
f 5769 5770 5771
f 377 5772 5774
f 1464 5773 5772
f 1463 5774 5773
f 5772 5773 5774
f 376 5775 5777
f 1465 5776 5775
f 1464 5777 5776
f 5775 5776 5777
f 1463 5773 5770
f 1464 5776 5773
f 1465 5770 5776
f 5773 5776 5770
f 375 5768 5754
f 1461 5778 5768
f 1458 5754 5778
f 5768 5778 5754
f 376 5777 5763
f 1464 5779 5777
f 1461 5763 5779
f 5777 5779 5763
f 377 5759 5772
f 1458 5780 5759
f 1464 5772 5780
f 5759 5780 5772
f 1461 5779 5778
f 1464 5780 5779
f 1458 5778 5780
f 5779 5780 5778
f 72 5742 5706
f 1456 5781 5742
f 1445 5706 5781
f 5742 5781 5706
f 374 5782 5745
f 1466 5783 5782
f 1456 5745 5783
f 5782 5783 5745
f 371 5710 5785
f 1445 5784 5710
f 1466 5785 5784
f 5710 5784 5785
f 1456 5783 5781
f 1466 5784 5783
f 1445 5781 5784
f 5783 5784 5781
f 99 5771 5732
f 1465 5786 5771
f 1452 5732 5786
f 5771 5786 5732
f 376 5787 5775
f 1467 5788 5787
f 1465 5775 5788
f 5787 5788 5775
f 374 5737 5790
f 1452 5789 5737
f 1467 5790 5789
f 5737 5789 5790
f 1465 5788 5786
f 1467 5789 5788
f 1452 5786 5789
f 5788 5789 5786
f 100 5715 5760
f 1449 5791 5715
f 1460 5760 5791
f 5715 5791 5760
f 371 5792 5719
f 1468 5793 5792
f 1449 5719 5793
f 5792 5793 5719
f 376 5765 5795
f 1460 5794 5765
f 1468 5795 5794
f 5765 5794 5795
f 1449 5793 5791
f 1468 5794 5793
f 1460 5791 5794
f 5793 5794 5791
f 374 5790 5782
f 1467 5796 5790
f 1466 5782 5796
f 5790 5796 5782
f 376 5795 5787
f 1468 5797 5795
f 1467 5787 5797
f 5795 5797 5787
f 371 5785 5792
f 1466 5798 5785
f 1468 5792 5798
f 5785 5798 5792
f 1467 5797 5796
f 1468 5798 5797
f 1466 5796 5798
f 5797 5798 5796
f 8 5799 3855
f 1469 5800 5799
f 977 3855 5800
f 5799 5800 3855
f 378 5801 5803
f 1470 5802 5801
f 1469 5803 5802
f 5801 5802 5803
f 252 3859 5805
f 977 5804 3859
f 1470 5805 5804
f 3859 5804 5805
f 1469 5802 5800
f 1470 5804 5802
f 977 5800 5804
f 5802 5804 5800
f 101 5806 5808
f 1471 5807 5806
f 1473 5808 5807
f 5806 5807 5808
f 379 5809 5811
f 1472 5810 5809
f 1471 5811 5810
f 5809 5810 5811
f 378 5812 5814
f 1473 5813 5812
f 1472 5814 5813
f 5812 5813 5814
f 1471 5810 5807
f 1472 5813 5810
f 1473 5807 5813
f 5810 5813 5807
f 68 3864 5816
f 981 5815 3864
f 1475 5816 5815
f 3864 5815 5816
f 252 5817 3868
f 1474 5818 5817
f 981 3868 5818
f 5817 5818 3868
f 379 5819 5821
f 1475 5820 5819
f 1474 5821 5820
f 5819 5820 5821
f 981 5818 5815
f 1474 5820 5818
f 1475 5815 5820
f 5818 5820 5815
f 378 5814 5801
f 1472 5822 5814
f 1470 5801 5822
f 5814 5822 5801
f 379 5821 5809
f 1474 5823 5821
f 1472 5809 5823
f 5821 5823 5809
f 252 5805 5817
f 1470 5824 5805
f 1474 5817 5824
f 5805 5824 5817
f 1472 5823 5822
f 1474 5824 5823
f 1470 5822 5824
f 5823 5824 5822
f 29 5825 5827
f 1476 5826 5825
f 1478 5827 5826
f 5825 5826 5827
f 380 5828 5830
f 1477 5829 5828
f 1476 5830 5829
f 5828 5829 5830
f 382 5831 5833
f 1478 5832 5831
f 1477 5833 5832
f 5831 5832 5833
f 1476 5829 5826
f 1477 5832 5829
f 1478 5826 5832
f 5829 5832 5826
f 102 5834 5836
f 1479 5835 5834
f 1481 5836 5835
f 5834 5835 5836
f 381 5837 5839
f 1480 5838 5837
f 1479 5839 5838
f 5837 5838 5839
f 380 5840 5842
f 1481 5841 5840
f 1480 5842 5841
f 5840 5841 5842
f 1479 5838 5835
f 1480 5841 5838
f 1481 5835 5841
f 5838 5841 5835
f 101 5843 5845
f 1482 5844 5843
f 1484 5845 5844
f 5843 5844 5845
f 382 5846 5848
f 1483 5847 5846
f 1482 5848 5847
f 5846 5847 5848
f 381 5849 5851
f 1484 5850 5849
f 1483 5851 5850
f 5849 5850 5851
f 1482 5847 5844
f 1483 5850 5847
f 1484 5844 5850
f 5847 5850 5844
f 380 5842 5828
f 1480 5852 5842
f 1477 5828 5852
f 5842 5852 5828
f 381 5851 5837
f 1483 5853 5851
f 1480 5837 5853
f 5851 5853 5837
f 382 5833 5846
f 1477 5854 5833
f 1483 5846 5854
f 5833 5854 5846
f 1480 5853 5852
f 1483 5854 5853
f 1477 5852 5854
f 5853 5854 5852
f 20 3883 5856
f 986 5855 3883
f 1486 5856 5855
f 3883 5855 5856
f 256 5857 3887
f 1485 5858 5857
f 986 3887 5858
f 5857 5858 3887
f 384 5859 5861
f 1486 5860 5859
f 1485 5861 5860
f 5859 5860 5861
f 986 5858 5855
f 1485 5860 5858
f 1486 5855 5860
f 5858 5860 5855
f 68 5862 3899
f 1487 5863 5862
f 990 3899 5863
f 5862 5863 3899
f 383 5864 5866
f 1488 5865 5864
f 1487 5866 5865
f 5864 5865 5866
f 256 3904 5868
f 990 5867 3904
f 1488 5868 5867
f 3904 5867 5868
f 1487 5865 5863
f 1488 5867 5865
f 990 5863 5867
f 5865 5867 5863
f 102 5869 5871
f 1489 5870 5869
f 1491 5871 5870
f 5869 5870 5871
f 384 5872 5874
f 1490 5873 5872
f 1489 5874 5873
f 5872 5873 5874
f 383 5875 5877
f 1491 5876 5875
f 1490 5877 5876
f 5875 5876 5877
f 1489 5873 5870
f 1490 5876 5873
f 1491 5870 5876
f 5873 5876 5870
f 256 5868 5857
f 1488 5878 5868
f 1485 5857 5878
f 5868 5878 5857
f 383 5877 5864
f 1490 5879 5877
f 1488 5864 5879
f 5877 5879 5864
f 384 5861 5872
f 1485 5880 5861
f 1490 5872 5880
f 5861 5880 5872
f 1488 5879 5878
f 1490 5880 5879
f 1485 5878 5880
f 5879 5880 5878
f 101 5845 5806
f 1484 5881 5845
f 1471 5806 5881
f 5845 5881 5806
f 381 5882 5849
f 1492 5883 5882
f 1484 5849 5883
f 5882 5883 5849
f 379 5811 5885
f 1471 5884 5811
f 1492 5885 5884
f 5811 5884 5885
f 1484 5883 5881
f 1492 5884 5883
f 1471 5881 5884
f 5883 5884 5881
f 102 5871 5834
f 1491 5886 5871
f 1479 5834 5886
f 5871 5886 5834
f 383 5887 5875
f 1493 5888 5887
f 1491 5875 5888
f 5887 5888 5875
f 381 5839 5890
f 1479 5889 5839
f 1493 5890 5889
f 5839 5889 5890
f 1491 5888 5886
f 1493 5889 5888
f 1479 5886 5889
f 5888 5889 5886
f 68 5816 5862
f 1475 5891 5816
f 1487 5862 5891
f 5816 5891 5862
f 379 5892 5819
f 1494 5893 5892
f 1475 5819 5893
f 5892 5893 5819
f 383 5866 5895
f 1487 5894 5866
f 1494 5895 5894
f 5866 5894 5895
f 1475 5893 5891
f 1494 5894 5893
f 1487 5891 5894
f 5893 5894 5891
f 381 5890 5882
f 1493 5896 5890
f 1492 5882 5896
f 5890 5896 5882
f 383 5895 5887
f 1494 5897 5895
f 1493 5887 5897
f 5895 5897 5887
f 379 5885 5892
f 1492 5898 5885
f 1494 5892 5898
f 5885 5898 5892
f 1493 5897 5896
f 1494 5898 5897
f 1492 5896 5898
f 5897 5898 5896
f 7 5899 5901
f 1495 5900 5899
f 1497 5901 5900
f 5899 5900 5901
f 385 5902 5904
f 1496 5903 5902
f 1495 5904 5903
f 5902 5903 5904
f 387 5905 5907
f 1497 5906 5905
f 1496 5907 5906
f 5905 5906 5907
f 1495 5903 5900
f 1496 5906 5903
f 1497 5900 5906
f 5903 5906 5900
f 103 5908 5910
f 1498 5909 5908
f 1500 5910 5909
f 5908 5909 5910
f 386 5911 5913
f 1499 5912 5911
f 1498 5913 5912
f 5911 5912 5913
f 385 5914 5916
f 1500 5915 5914
f 1499 5916 5915
f 5914 5915 5916
f 1498 5912 5909
f 1499 5915 5912
f 1500 5909 5915
f 5912 5915 5909
f 105 5917 5919
f 1501 5918 5917
f 1503 5919 5918
f 5917 5918 5919
f 387 5920 5922
f 1502 5921 5920
f 1501 5922 5921
f 5920 5921 5922
f 386 5923 5925
f 1503 5924 5923
f 1502 5925 5924
f 5923 5924 5925
f 1501 5921 5918
f 1502 5924 5921
f 1503 5918 5924
f 5921 5924 5918
f 385 5916 5902
f 1499 5926 5916
f 1496 5902 5926
f 5916 5926 5902
f 386 5925 5911
f 1502 5927 5925
f 1499 5911 5927
f 5925 5927 5911
f 387 5907 5920
f 1496 5928 5907
f 1502 5920 5928
f 5907 5928 5920
f 1499 5927 5926
f 1502 5928 5927
f 1496 5926 5928
f 5927 5928 5926
f 30 5929 5931
f 1504 5930 5929
f 1506 5931 5930
f 5929 5930 5931
f 388 5932 5934
f 1505 5933 5932
f 1504 5934 5933
f 5932 5933 5934
f 390 5935 5937
f 1506 5936 5935
f 1505 5937 5936
f 5935 5936 5937
f 1504 5933 5930
f 1505 5936 5933
f 1506 5930 5936
f 5933 5936 5930
f 104 5938 5940
f 1507 5939 5938
f 1509 5940 5939
f 5938 5939 5940
f 389 5941 5943
f 1508 5942 5941
f 1507 5943 5942
f 5941 5942 5943
f 388 5944 5946
f 1509 5945 5944
f 1508 5946 5945
f 5944 5945 5946
f 1507 5942 5939
f 1508 5945 5942
f 1509 5939 5945
f 5942 5945 5939
f 103 5947 5949
f 1510 5948 5947
f 1512 5949 5948
f 5947 5948 5949
f 390 5950 5952
f 1511 5951 5950
f 1510 5952 5951
f 5950 5951 5952
f 389 5953 5955
f 1512 5954 5953
f 1511 5955 5954
f 5953 5954 5955
f 1510 5951 5948
f 1511 5954 5951
f 1512 5948 5954
f 5951 5954 5948
f 388 5946 5932
f 1508 5956 5946
f 1505 5932 5956
f 5946 5956 5932
f 389 5955 5941
f 1511 5957 5955
f 1508 5941 5957
f 5955 5957 5941
f 390 5937 5950
f 1505 5958 5937
f 1511 5950 5958
f 5937 5958 5950
f 1508 5957 5956
f 1511 5958 5957
f 1505 5956 5958
f 5957 5958 5956
f 29 5959 5961
f 1513 5960 5959
f 1515 5961 5960
f 5959 5960 5961
f 391 5962 5964
f 1514 5963 5962
f 1513 5964 5963
f 5962 5963 5964
f 393 5965 5967
f 1515 5966 5965
f 1514 5967 5966
f 5965 5966 5967
f 1513 5963 5960
f 1514 5966 5963
f 1515 5960 5966
f 5963 5966 5960
f 105 5968 5970
f 1516 5969 5968
f 1518 5970 5969
f 5968 5969 5970
f 392 5971 5973
f 1517 5972 5971
f 1516 5973 5972
f 5971 5972 5973
f 391 5974 5976
f 1518 5975 5974
f 1517 5976 5975
f 5974 5975 5976
f 1516 5972 5969
f 1517 5975 5972
f 1518 5969 5975
f 5972 5975 5969
f 104 5977 5979
f 1519 5978 5977
f 1521 5979 5978
f 5977 5978 5979
f 393 5980 5982
f 1520 5981 5980
f 1519 5982 5981
f 5980 5981 5982
f 392 5983 5985
f 1521 5984 5983
f 1520 5985 5984
f 5983 5984 5985
f 1519 5981 5978
f 1520 5984 5981
f 1521 5978 5984
f 5981 5984 5978
f 391 5976 5962
f 1517 5986 5976
f 1514 5962 5986
f 5976 5986 5962
f 392 5985 5971
f 1520 5987 5985
f 1517 5971 5987
f 5985 5987 5971
f 393 5967 5980
f 1514 5988 5967
f 1520 5980 5988
f 5967 5988 5980
f 1517 5987 5986
f 1520 5988 5987
f 1514 5986 5988
f 5987 5988 5986
f 103 5949 5908
f 1512 5989 5949
f 1498 5908 5989
f 5949 5989 5908
f 389 5990 5953
f 1522 5991 5990
f 1512 5953 5991
f 5990 5991 5953
f 386 5913 5993
f 1498 5992 5913
f 1522 5993 5992
f 5913 5992 5993
f 1512 5991 5989
f 1522 5992 5991
f 1498 5989 5992
f 5991 5992 5989
f 104 5979 5938
f 1521 5994 5979
f 1507 5938 5994
f 5979 5994 5938
f 392 5995 5983
f 1523 5996 5995
f 1521 5983 5996
f 5995 5996 5983
f 389 5943 5998
f 1507 5997 5943
f 1523 5998 5997
f 5943 5997 5998
f 1521 5996 5994
f 1523 5997 5996
f 1507 5994 5997
f 5996 5997 5994
f 105 5919 5968
f 1503 5999 5919
f 1516 5968 5999
f 5919 5999 5968
f 386 6000 5923
f 1524 6001 6000
f 1503 5923 6001
f 6000 6001 5923
f 392 5973 6003
f 1516 6002 5973
f 1524 6003 6002
f 5973 6002 6003
f 1503 6001 5999
f 1524 6002 6001
f 1516 5999 6002
f 6001 6002 5999
f 389 5998 5990
f 1523 6004 5998
f 1522 5990 6004
f 5998 6004 5990
f 392 6003 5995
f 1524 6005 6003
f 1523 5995 6005
f 6003 6005 5995
f 386 5993 6000
f 1522 6006 5993
f 1524 6000 6006
f 5993 6006 6000
f 1523 6005 6004
f 1524 6006 6005
f 1522 6004 6006
f 6005 6006 6004
f 20 5856 5725
f 1486 6007 5856
f 1450 5725 6007
f 5856 6007 5725
f 384 6008 5859
f 1525 6009 6008
f 1486 5859 6009
f 6008 6009 5859
f 373 5729 6011
f 1450 6010 5729
f 1525 6011 6010
f 5729 6010 6011
f 1486 6009 6007
f 1525 6010 6009
f 1450 6007 6010
f 6009 6010 6007
f 102 6012 5869
f 1526 6013 6012
f 1489 5869 6013
f 6012 6013 5869
f 394 6014 6016
f 1527 6015 6014
f 1526 6016 6015
f 6014 6015 6016
f 384 5874 6018
f 1489 6017 5874
f 1527 6018 6017
f 5874 6017 6018
f 1526 6015 6013
f 1527 6017 6015
f 1489 6013 6017
f 6015 6017 6013
f 99 5734 6020
f 1454 6019 5734
f 1529 6020 6019
f 5734 6019 6020
f 373 6021 5738
f 1528 6022 6021
f 1454 5738 6022
f 6021 6022 5738
f 394 6023 6025
f 1529 6024 6023
f 1528 6025 6024
f 6023 6024 6025
f 1454 6022 6019
f 1528 6024 6022
f 1529 6019 6024
f 6022 6024 6019
f 384 6018 6008
f 1527 6026 6018
f 1525 6008 6026
f 6018 6026 6008
f 394 6025 6014
f 1528 6027 6025
f 1527 6014 6027
f 6025 6027 6014
f 373 6011 6021
f 1525 6028 6011
f 1528 6021 6028
f 6011 6028 6021
f 1527 6027 6026
f 1528 6028 6027
f 1525 6026 6028
f 6027 6028 6026
f 29 5961 5825
f 1515 6029 5961
f 1476 5825 6029
f 5961 6029 5825
f 393 6030 5965
f 1530 6031 6030
f 1515 5965 6031
f 6030 6031 5965
f 380 5830 6033
f 1476 6032 5830
f 1530 6033 6032
f 5830 6032 6033
f 1515 6031 6029
f 1530 6032 6031
f 1476 6029 6032
f 6031 6032 6029
f 104 6034 5977
f 1531 6035 6034
f 1519 5977 6035
f 6034 6035 5977
f 395 6036 6038
f 1532 6037 6036
f 1531 6038 6037
f 6036 6037 6038
f 393 5982 6040
f 1519 6039 5982
f 1532 6040 6039
f 5982 6039 6040
f 1531 6037 6035
f 1532 6039 6037
f 1519 6035 6039
f 6037 6039 6035
f 102 5836 6042
f 1481 6041 5836
f 1534 6042 6041
f 5836 6041 6042
f 380 6043 5840
f 1533 6044 6043
f 1481 5840 6044
f 6043 6044 5840
f 395 6045 6047
f 1534 6046 6045
f 1533 6047 6046
f 6045 6046 6047
f 1481 6044 6041
f 1533 6046 6044
f 1534 6041 6046
f 6044 6046 6041
f 393 6040 6030
f 1532 6048 6040
f 1530 6030 6048
f 6040 6048 6030
f 395 6047 6036
f 1533 6049 6047
f 1532 6036 6049
f 6047 6049 6036
f 380 6033 6043
f 1530 6050 6033
f 1533 6043 6050
f 6033 6050 6043
f 1532 6049 6048
f 1533 6050 6049
f 1530 6048 6050
f 6049 6050 6048
f 30 5753 5929
f 1459 6051 5753
f 1504 5929 6051
f 5753 6051 5929
f 377 6052 5757
f 1535 6053 6052
f 1459 5757 6053
f 6052 6053 5757
f 388 5934 6055
f 1504 6054 5934
f 1535 6055 6054
f 5934 6054 6055
f 1459 6053 6051
f 1535 6054 6053
f 1504 6051 6054
f 6053 6054 6051
f 99 6056 5769
f 1536 6057 6056
f 1463 5769 6057
f 6056 6057 5769
f 396 6058 6060
f 1537 6059 6058
f 1536 6060 6059
f 6058 6059 6060
f 377 5774 6062
f 1463 6061 5774
f 1537 6062 6061
f 5774 6061 6062
f 1536 6059 6057
f 1537 6061 6059
f 1463 6057 6061
f 6059 6061 6057
f 104 5940 6064
f 1509 6063 5940
f 1539 6064 6063
f 5940 6063 6064
f 388 6065 5944
f 1538 6066 6065
f 1509 5944 6066
f 6065 6066 5944
f 396 6067 6069
f 1539 6068 6067
f 1538 6069 6068
f 6067 6068 6069
f 1509 6066 6063
f 1538 6068 6066
f 1539 6063 6068
f 6066 6068 6063
f 377 6062 6052
f 1537 6070 6062
f 1535 6052 6070
f 6062 6070 6052
f 396 6069 6058
f 1538 6071 6069
f 1537 6058 6071
f 6069 6071 6058
f 388 6055 6065
f 1535 6072 6055
f 1538 6065 6072
f 6055 6072 6065
f 1537 6071 6070
f 1538 6072 6071
f 1535 6070 6072
f 6071 6072 6070
f 102 6042 6012
f 1534 6073 6042
f 1526 6012 6073
f 6042 6073 6012
f 395 6074 6045
f 1540 6075 6074
f 1534 6045 6075
f 6074 6075 6045
f 394 6016 6077
f 1526 6076 6016
f 1540 6077 6076
f 6016 6076 6077
f 1534 6075 6073
f 1540 6076 6075
f 1526 6073 6076
f 6075 6076 6073
f 104 6064 6034
f 1539 6078 6064
f 1531 6034 6078
f 6064 6078 6034
f 396 6079 6067
f 1541 6080 6079
f 1539 6067 6080
f 6079 6080 6067
f 395 6038 6082
f 1531 6081 6038
f 1541 6082 6081
f 6038 6081 6082
f 1539 6080 6078
f 1541 6081 6080
f 1531 6078 6081
f 6080 6081 6078
f 99 6020 6056
f 1529 6083 6020
f 1536 6056 6083
f 6020 6083 6056
f 394 6084 6023
f 1542 6085 6084
f 1529 6023 6085
f 6084 6085 6023
f 396 6060 6087
f 1536 6086 6060
f 1542 6087 6086
f 6060 6086 6087
f 1529 6085 6083
f 1542 6086 6085
f 1536 6083 6086
f 6085 6086 6083
f 395 6082 6074
f 1541 6088 6082
f 1540 6074 6088
f 6082 6088 6074
f 396 6087 6079
f 1542 6089 6087
f 1541 6079 6089
f 6087 6089 6079
f 394 6077 6084
f 1540 6090 6077
f 1542 6084 6090
f 6077 6090 6084
f 1541 6089 6088
f 1542 6090 6089
f 1540 6088 6090
f 6089 6090 6088
f 8 3565 6092
f 905 6091 3565
f 1544 6092 6091
f 3565 6091 6092
f 235 6093 3569
f 1543 6094 6093
f 905 3569 6094
f 6093 6094 3569
f 398 6095 6097
f 1544 6096 6095
f 1543 6097 6096
f 6095 6096 6097
f 905 6094 6091
f 1543 6096 6094
f 1544 6091 6096
f 6094 6096 6091
f 65 6098 3581
f 1545 6099 6098
f 909 3581 6099
f 6098 6099 3581
f 397 6100 6102
f 1546 6101 6100
f 1545 6102 6101
f 6100 6101 6102
f 235 3586 6104
f 909 6103 3586
f 1546 6104 6103
f 3586 6103 6104
f 1545 6101 6099
f 1546 6103 6101
f 909 6099 6103
f 6101 6103 6099
f 107 6105 6107
f 1547 6106 6105
f 1549 6107 6106
f 6105 6106 6107
f 398 6108 6110
f 1548 6109 6108
f 1547 6110 6109
f 6108 6109 6110
f 397 6111 6113
f 1549 6112 6111
f 1548 6113 6112
f 6111 6112 6113
f 1547 6109 6106
f 1548 6112 6109
f 1549 6106 6112
f 6109 6112 6106
f 235 6104 6093
f 1546 6114 6104
f 1543 6093 6114
f 6104 6114 6093
f 397 6113 6100
f 1548 6115 6113
f 1546 6100 6115
f 6113 6115 6100
f 398 6097 6108
f 1543 6116 6097
f 1548 6108 6116
f 6097 6116 6108
f 1546 6115 6114
f 1548 6116 6115
f 1543 6114 6116
f 6115 6116 6114
f 18 6117 3623
f 1550 6118 6117
f 921 3623 6118
f 6117 6118 3623
f 399 6119 6121
f 1551 6120 6119
f 1550 6121 6120
f 6119 6120 6121
f 239 3628 6123
f 921 6122 3628
f 1551 6123 6122
f 3628 6122 6123
f 1550 6120 6118
f 1551 6122 6120
f 921 6118 6122
f 6120 6122 6118
f 106 6124 6126
f 1552 6125 6124
f 1554 6126 6125
f 6124 6125 6126
f 400 6127 6129
f 1553 6128 6127
f 1552 6129 6128
f 6127 6128 6129
f 399 6130 6132
f 1554 6131 6130
f 1553 6132 6131
f 6130 6131 6132
f 1552 6128 6125
f 1553 6131 6128
f 1554 6125 6131
f 6128 6131 6125
f 65 3634 6134
f 926 6133 3634
f 1556 6134 6133
f 3634 6133 6134
f 239 6135 3638
f 1555 6136 6135
f 926 3638 6136
f 6135 6136 3638
f 400 6137 6139
f 1556 6138 6137
f 1555 6139 6138
f 6137 6138 6139
f 926 6136 6133
f 1555 6138 6136
f 1556 6133 6138
f 6136 6138 6133
f 399 6132 6119
f 1553 6140 6132
f 1551 6119 6140
f 6132 6140 6119
f 400 6139 6127
f 1555 6141 6139
f 1553 6127 6141
f 6139 6141 6127
f 239 6123 6135
f 1551 6142 6123
f 1555 6135 6142
f 6123 6142 6135
f 1553 6141 6140
f 1555 6142 6141
f 1551 6140 6142
f 6141 6142 6140
f 32 6143 6145
f 1557 6144 6143
f 1559 6145 6144
f 6143 6144 6145
f 401 6146 6148
f 1558 6147 6146
f 1557 6148 6147
f 6146 6147 6148
f 403 6149 6151
f 1559 6150 6149
f 1558 6151 6150
f 6149 6150 6151
f 1557 6147 6144
f 1558 6150 6147
f 1559 6144 6150
f 6147 6150 6144
f 107 6152 6154
f 1560 6153 6152
f 1562 6154 6153
f 6152 6153 6154
f 402 6155 6157
f 1561 6156 6155
f 1560 6157 6156
f 6155 6156 6157
f 401 6158 6160
f 1562 6159 6158
f 1561 6160 6159
f 6158 6159 6160
f 1560 6156 6153
f 1561 6159 6156
f 1562 6153 6159
f 6156 6159 6153
f 106 6161 6163
f 1563 6162 6161
f 1565 6163 6162
f 6161 6162 6163
f 403 6164 6166
f 1564 6165 6164
f 1563 6166 6165
f 6164 6165 6166
f 402 6167 6169
f 1565 6168 6167
f 1564 6169 6168
f 6167 6168 6169
f 1563 6165 6162
f 1564 6168 6165
f 1565 6162 6168
f 6165 6168 6162
f 401 6160 6146
f 1561 6170 6160
f 1558 6146 6170
f 6160 6170 6146
f 402 6169 6155
f 1564 6171 6169
f 1561 6155 6171
f 6169 6171 6155
f 403 6151 6164
f 1558 6172 6151
f 1564 6164 6172
f 6151 6172 6164
f 1561 6171 6170
f 1564 6172 6171
f 1558 6170 6172
f 6171 6172 6170
f 65 6134 6098
f 1556 6173 6134
f 1545 6098 6173
f 6134 6173 6098
f 400 6174 6137
f 1566 6175 6174
f 1556 6137 6175
f 6174 6175 6137
f 397 6102 6177
f 1545 6176 6102
f 1566 6177 6176
f 6102 6176 6177
f 1556 6175 6173
f 1566 6176 6175
f 1545 6173 6176
f 6175 6176 6173
f 106 6163 6124
f 1565 6178 6163
f 1552 6124 6178
f 6163 6178 6124
f 402 6179 6167
f 1567 6180 6179
f 1565 6167 6180
f 6179 6180 6167
f 400 6129 6182
f 1552 6181 6129
f 1567 6182 6181
f 6129 6181 6182
f 1565 6180 6178
f 1567 6181 6180
f 1552 6178 6181
f 6180 6181 6178
f 107 6107 6152
f 1549 6183 6107
f 1560 6152 6183
f 6107 6183 6152
f 397 6184 6111
f 1568 6185 6184
f 1549 6111 6185
f 6184 6185 6111
f 402 6157 6187
f 1560 6186 6157
f 1568 6187 6186
f 6157 6186 6187
f 1549 6185 6183
f 1568 6186 6185
f 1560 6183 6186
f 6185 6186 6183
f 400 6182 6174
f 1567 6188 6182
f 1566 6174 6188
f 6182 6188 6174
f 402 6187 6179
f 1568 6189 6187
f 1567 6179 6189
f 6187 6189 6179
f 397 6177 6184
f 1566 6190 6177
f 1568 6184 6190
f 6177 6190 6184
f 1567 6189 6188
f 1568 6190 6189
f 1566 6188 6190
f 6189 6190 6188
f 2 6191 3463
f 1569 6192 6191
f 877 3463 6192
f 6191 6192 3463
f 404 6193 6195
f 1570 6194 6193
f 1569 6195 6194
f 6193 6194 6195
f 226 3467 6197
f 877 6196 3467
f 1570 6197 6196
f 3467 6196 6197
f 1569 6194 6192
f 1570 6196 6194
f 877 6192 6196
f 6194 6196 6192
f 108 6198 6200
f 1571 6199 6198
f 1573 6200 6199
f 6198 6199 6200
f 405 6201 6203
f 1572 6202 6201
f 1571 6203 6202
f 6201 6202 6203
f 404 6204 6206
f 1573 6205 6204
f 1572 6206 6205
f 6204 6205 6206
f 1571 6202 6199
f 1572 6205 6202
f 1573 6199 6205
f 6202 6205 6199
f 61 3472 6208
f 881 6207 3472
f 1575 6208 6207
f 3472 6207 6208
f 226 6209 3476
f 1574 6210 6209
f 881 3476 6210
f 6209 6210 3476
f 405 6211 6213
f 1575 6212 6211
f 1574 6213 6212
f 6211 6212 6213
f 881 6210 6207
f 1574 6212 6210
f 1575 6207 6212
f 6210 6212 6207
f 404 6206 6193
f 1572 6214 6206
f 1570 6193 6214
f 6206 6214 6193
f 405 6213 6201
f 1574 6215 6213
f 1572 6201 6215
f 6213 6215 6201
f 226 6197 6209
f 1570 6216 6197
f 1574 6209 6216
f 6197 6216 6209
f 1572 6215 6214
f 1574 6216 6215
f 1570 6214 6216
f 6215 6216 6214
f 31 6217 6219
f 1576 6218 6217
f 1578 6219 6218
f 6217 6218 6219
f 406 6220 6222
f 1577 6221 6220
f 1576 6222 6221
f 6220 6221 6222
f 408 6223 6225
f 1578 6224 6223
f 1577 6225 6224
f 6223 6224 6225
f 1576 6221 6218
f 1577 6224 6221
f 1578 6218 6224
f 6221 6224 6218
f 109 6226 6228
f 1579 6227 6226
f 1581 6228 6227
f 6226 6227 6228
f 407 6229 6231
f 1580 6230 6229
f 1579 6231 6230
f 6229 6230 6231
f 406 6232 6234
f 1581 6233 6232
f 1580 6234 6233
f 6232 6233 6234
f 1579 6230 6227
f 1580 6233 6230
f 1581 6227 6233
f 6230 6233 6227
f 108 6235 6237
f 1582 6236 6235
f 1584 6237 6236
f 6235 6236 6237
f 408 6238 6240
f 1583 6239 6238
f 1582 6240 6239
f 6238 6239 6240
f 407 6241 6243
f 1584 6242 6241
f 1583 6243 6242
f 6241 6242 6243
f 1582 6239 6236
f 1583 6242 6239
f 1584 6236 6242
f 6239 6242 6236
f 406 6234 6220
f 1580 6244 6234
f 1577 6220 6244
f 6234 6244 6220
f 407 6243 6229
f 1583 6245 6243
f 1580 6229 6245
f 6243 6245 6229
f 408 6225 6238
f 1577 6246 6225
f 1583 6238 6246
f 6225 6246 6238
f 1580 6245 6244
f 1583 6246 6245
f 1577 6244 6246
f 6245 6246 6244
f 18 3491 6248
f 886 6247 3491
f 1586 6248 6247
f 3491 6247 6248
f 230 6249 3495
f 1585 6250 6249
f 886 3495 6250
f 6249 6250 3495
f 410 6251 6253
f 1586 6252 6251
f 1585 6253 6252
f 6251 6252 6253
f 886 6250 6247
f 1585 6252 6250
f 1586 6247 6252
f 6250 6252 6247
f 61 6254 3507
f 1587 6255 6254
f 890 3507 6255
f 6254 6255 3507
f 409 6256 6258
f 1588 6257 6256
f 1587 6258 6257
f 6256 6257 6258
f 230 3512 6260
f 890 6259 3512
f 1588 6260 6259
f 3512 6259 6260
f 1587 6257 6255
f 1588 6259 6257
f 890 6255 6259
f 6257 6259 6255
f 109 6261 6263
f 1589 6262 6261
f 1591 6263 6262
f 6261 6262 6263
f 410 6264 6266
f 1590 6265 6264
f 1589 6266 6265
f 6264 6265 6266
f 409 6267 6269
f 1591 6268 6267
f 1590 6269 6268
f 6267 6268 6269
f 1589 6265 6262
f 1590 6268 6265
f 1591 6262 6268
f 6265 6268 6262
f 230 6260 6249
f 1588 6270 6260
f 1585 6249 6270
f 6260 6270 6249
f 409 6269 6256
f 1590 6271 6269
f 1588 6256 6271
f 6269 6271 6256
f 410 6253 6264
f 1585 6272 6253
f 1590 6264 6272
f 6253 6272 6264
f 1588 6271 6270
f 1590 6272 6271
f 1585 6270 6272
f 6271 6272 6270
f 108 6237 6198
f 1584 6273 6237
f 1571 6198 6273
f 6237 6273 6198
f 407 6274 6241
f 1592 6275 6274
f 1584 6241 6275
f 6274 6275 6241
f 405 6203 6277
f 1571 6276 6203
f 1592 6277 6276
f 6203 6276 6277
f 1584 6275 6273
f 1592 6276 6275
f 1571 6273 6276
f 6275 6276 6273
f 109 6263 6226
f 1591 6278 6263
f 1579 6226 6278
f 6263 6278 6226
f 409 6279 6267
f 1593 6280 6279
f 1591 6267 6280
f 6279 6280 6267
f 407 6231 6282
f 1579 6281 6231
f 1593 6282 6281
f 6231 6281 6282
f 1591 6280 6278
f 1593 6281 6280
f 1579 6278 6281
f 6280 6281 6278
f 61 6208 6254
f 1575 6283 6208
f 1587 6254 6283
f 6208 6283 6254
f 405 6284 6211
f 1594 6285 6284
f 1575 6211 6285
f 6284 6285 6211
f 409 6258 6287
f 1587 6286 6258
f 1594 6287 6286
f 6258 6286 6287
f 1575 6285 6283
f 1594 6286 6285
f 1587 6283 6286
f 6285 6286 6283
f 407 6282 6274
f 1593 6288 6282
f 1592 6274 6288
f 6282 6288 6274
f 409 6287 6279
f 1594 6289 6287
f 1593 6279 6289
f 6287 6289 6279
f 405 6277 6284
f 1592 6290 6277
f 1594 6284 6290
f 6277 6290 6284
f 1593 6289 6288
f 1594 6290 6289
f 1592 6288 6290
f 6289 6290 6288
f 9 6291 6293
f 1595 6292 6291
f 1597 6293 6292
f 6291 6292 6293
f 411 6294 6296
f 1596 6295 6294
f 1595 6296 6295
f 6294 6295 6296
f 413 6297 6299
f 1597 6298 6297
f 1596 6299 6298
f 6297 6298 6299
f 1595 6295 6292
f 1596 6298 6295
f 1597 6292 6298
f 6295 6298 6292
f 110 6300 6302
f 1598 6301 6300
f 1600 6302 6301
f 6300 6301 6302
f 412 6303 6305
f 1599 6304 6303
f 1598 6305 6304
f 6303 6304 6305
f 411 6306 6308
f 1600 6307 6306
f 1599 6308 6307
f 6306 6307 6308
f 1598 6304 6301
f 1599 6307 6304
f 1600 6301 6307
f 6304 6307 6301
f 112 6309 6311
f 1601 6310 6309
f 1603 6311 6310
f 6309 6310 6311
f 413 6312 6314
f 1602 6313 6312
f 1601 6314 6313
f 6312 6313 6314
f 412 6315 6317
f 1603 6316 6315
f 1602 6317 6316
f 6315 6316 6317
f 1601 6313 6310
f 1602 6316 6313
f 1603 6310 6316
f 6313 6316 6310
f 411 6308 6294
f 1599 6318 6308
f 1596 6294 6318
f 6308 6318 6294
f 412 6317 6303
f 1602 6319 6317
f 1599 6303 6319
f 6317 6319 6303
f 413 6299 6312
f 1596 6320 6299
f 1602 6312 6320
f 6299 6320 6312
f 1599 6319 6318
f 1602 6320 6319
f 1596 6318 6320
f 6319 6320 6318
f 32 6321 6323
f 1604 6322 6321
f 1606 6323 6322
f 6321 6322 6323
f 414 6324 6326
f 1605 6325 6324
f 1604 6326 6325
f 6324 6325 6326
f 416 6327 6329
f 1606 6328 6327
f 1605 6329 6328
f 6327 6328 6329
f 1604 6325 6322
f 1605 6328 6325
f 1606 6322 6328
f 6325 6328 6322
f 111 6330 6332
f 1607 6331 6330
f 1609 6332 6331
f 6330 6331 6332
f 415 6333 6335
f 1608 6334 6333
f 1607 6335 6334
f 6333 6334 6335
f 414 6336 6338
f 1609 6337 6336
f 1608 6338 6337
f 6336 6337 6338
f 1607 6334 6331
f 1608 6337 6334
f 1609 6331 6337
f 6334 6337 6331
f 110 6339 6341
f 1610 6340 6339
f 1612 6341 6340
f 6339 6340 6341
f 416 6342 6344
f 1611 6343 6342
f 1610 6344 6343
f 6342 6343 6344
f 415 6345 6347
f 1612 6346 6345
f 1611 6347 6346
f 6345 6346 6347
f 1610 6343 6340
f 1611 6346 6343
f 1612 6340 6346
f 6343 6346 6340
f 414 6338 6324
f 1608 6348 6338
f 1605 6324 6348
f 6338 6348 6324
f 415 6347 6333
f 1611 6349 6347
f 1608 6333 6349
f 6347 6349 6333
f 416 6329 6342
f 1605 6350 6329
f 1611 6342 6350
f 6329 6350 6342
f 1608 6349 6348
f 1611 6350 6349
f 1605 6348 6350
f 6349 6350 6348
f 31 6351 6353
f 1613 6352 6351
f 1615 6353 6352
f 6351 6352 6353
f 417 6354 6356
f 1614 6355 6354
f 1613 6356 6355
f 6354 6355 6356
f 419 6357 6359
f 1615 6358 6357
f 1614 6359 6358
f 6357 6358 6359
f 1613 6355 6352
f 1614 6358 6355
f 1615 6352 6358
f 6355 6358 6352
f 112 6360 6362
f 1616 6361 6360
f 1618 6362 6361
f 6360 6361 6362
f 418 6363 6365
f 1617 6364 6363
f 1616 6365 6364
f 6363 6364 6365
f 417 6366 6368
f 1618 6367 6366
f 1617 6368 6367
f 6366 6367 6368
f 1616 6364 6361
f 1617 6367 6364
f 1618 6361 6367
f 6364 6367 6361
f 111 6369 6371
f 1619 6370 6369
f 1621 6371 6370
f 6369 6370 6371
f 419 6372 6374
f 1620 6373 6372
f 1619 6374 6373
f 6372 6373 6374
f 418 6375 6377
f 1621 6376 6375
f 1620 6377 6376
f 6375 6376 6377
f 1619 6373 6370
f 1620 6376 6373
f 1621 6370 6376
f 6373 6376 6370
f 417 6368 6354
f 1617 6378 6368
f 1614 6354 6378
f 6368 6378 6354
f 418 6377 6363
f 1620 6379 6377
f 1617 6363 6379
f 6377 6379 6363
f 419 6359 6372
f 1614 6380 6359
f 1620 6372 6380
f 6359 6380 6372
f 1617 6379 6378
f 1620 6380 6379
f 1614 6378 6380
f 6379 6380 6378
f 110 6341 6300
f 1612 6381 6341
f 1598 6300 6381
f 6341 6381 6300
f 415 6382 6345
f 1622 6383 6382
f 1612 6345 6383
f 6382 6383 6345
f 412 6305 6385
f 1598 6384 6305
f 1622 6385 6384
f 6305 6384 6385
f 1612 6383 6381
f 1622 6384 6383
f 1598 6381 6384
f 6383 6384 6381
f 111 6371 6330
f 1621 6386 6371
f 1607 6330 6386
f 6371 6386 6330
f 418 6387 6375
f 1623 6388 6387
f 1621 6375 6388
f 6387 6388 6375
f 415 6335 6390
f 1607 6389 6335
f 1623 6390 6389
f 6335 6389 6390
f 1621 6388 6386
f 1623 6389 6388
f 1607 6386 6389
f 6388 6389 6386
f 112 6311 6360
f 1603 6391 6311
f 1616 6360 6391
f 6311 6391 6360
f 412 6392 6315
f 1624 6393 6392
f 1603 6315 6393
f 6392 6393 6315
f 418 6365 6395
f 1616 6394 6365
f 1624 6395 6394
f 6365 6394 6395
f 1603 6393 6391
f 1624 6394 6393
f 1616 6391 6394
f 6393 6394 6391
f 415 6390 6382
f 1623 6396 6390
f 1622 6382 6396
f 6390 6396 6382
f 418 6395 6387
f 1624 6397 6395
f 1623 6387 6397
f 6395 6397 6387
f 412 6385 6392
f 1622 6398 6385
f 1624 6392 6398
f 6385 6398 6392
f 1623 6397 6396
f 1624 6398 6397
f 1622 6396 6398
f 6397 6398 6396
f 18 6248 6117
f 1586 6399 6248
f 1550 6117 6399
f 6248 6399 6117
f 410 6400 6251
f 1625 6401 6400
f 1586 6251 6401
f 6400 6401 6251
f 399 6121 6403
f 1550 6402 6121
f 1625 6403 6402
f 6121 6402 6403
f 1586 6401 6399
f 1625 6402 6401
f 1550 6399 6402
f 6401 6402 6399
f 109 6404 6261
f 1626 6405 6404
f 1589 6261 6405
f 6404 6405 6261
f 420 6406 6408
f 1627 6407 6406
f 1626 6408 6407
f 6406 6407 6408
f 410 6266 6410
f 1589 6409 6266
f 1627 6410 6409
f 6266 6409 6410
f 1626 6407 6405
f 1627 6409 6407
f 1589 6405 6409
f 6407 6409 6405
f 106 6126 6412
f 1554 6411 6126
f 1629 6412 6411
f 6126 6411 6412
f 399 6413 6130
f 1628 6414 6413
f 1554 6130 6414
f 6413 6414 6130
f 420 6415 6417
f 1629 6416 6415
f 1628 6417 6416
f 6415 6416 6417
f 1554 6414 6411
f 1628 6416 6414
f 1629 6411 6416
f 6414 6416 6411
f 410 6410 6400
f 1627 6418 6410
f 1625 6400 6418
f 6410 6418 6400
f 420 6417 6406
f 1628 6419 6417
f 1627 6406 6419
f 6417 6419 6406
f 399 6403 6413
f 1625 6420 6403
f 1628 6413 6420
f 6403 6420 6413
f 1627 6419 6418
f 1628 6420 6419
f 1625 6418 6420
f 6419 6420 6418
f 31 6353 6217
f 1615 6421 6353
f 1576 6217 6421
f 6353 6421 6217
f 419 6422 6357
f 1630 6423 6422
f 1615 6357 6423
f 6422 6423 6357
f 406 6222 6425
f 1576 6424 6222
f 1630 6425 6424
f 6222 6424 6425
f 1615 6423 6421
f 1630 6424 6423
f 1576 6421 6424
f 6423 6424 6421
f 111 6426 6369
f 1631 6427 6426
f 1619 6369 6427
f 6426 6427 6369
f 421 6428 6430
f 1632 6429 6428
f 1631 6430 6429
f 6428 6429 6430
f 419 6374 6432
f 1619 6431 6374
f 1632 6432 6431
f 6374 6431 6432
f 1631 6429 6427
f 1632 6431 6429
f 1619 6427 6431
f 6429 6431 6427
f 109 6228 6434
f 1581 6433 6228
f 1634 6434 6433
f 6228 6433 6434
f 406 6435 6232
f 1633 6436 6435
f 1581 6232 6436
f 6435 6436 6232
f 421 6437 6439
f 1634 6438 6437
f 1633 6439 6438
f 6437 6438 6439
f 1581 6436 6433
f 1633 6438 6436
f 1634 6433 6438
f 6436 6438 6433
f 419 6432 6422
f 1632 6440 6432
f 1630 6422 6440
f 6432 6440 6422
f 421 6439 6428
f 1633 6441 6439
f 1632 6428 6441
f 6439 6441 6428
f 406 6425 6435
f 1630 6442 6425
f 1633 6435 6442
f 6425 6442 6435
f 1632 6441 6440
f 1633 6442 6441
f 1630 6440 6442
f 6441 6442 6440
f 32 6145 6321
f 1559 6443 6145
f 1604 6321 6443
f 6145 6443 6321
f 403 6444 6149
f 1635 6445 6444
f 1559 6149 6445
f 6444 6445 6149
f 414 6326 6447
f 1604 6446 6326
f 1635 6447 6446
f 6326 6446 6447
f 1559 6445 6443
f 1635 6446 6445
f 1604 6443 6446
f 6445 6446 6443
f 106 6448 6161
f 1636 6449 6448
f 1563 6161 6449
f 6448 6449 6161
f 422 6450 6452
f 1637 6451 6450
f 1636 6452 6451
f 6450 6451 6452
f 403 6166 6454
f 1563 6453 6166
f 1637 6454 6453
f 6166 6453 6454
f 1636 6451 6449
f 1637 6453 6451
f 1563 6449 6453
f 6451 6453 6449
f 111 6332 6456
f 1609 6455 6332
f 1639 6456 6455
f 6332 6455 6456
f 414 6457 6336
f 1638 6458 6457
f 1609 6336 6458
f 6457 6458 6336
f 422 6459 6461
f 1639 6460 6459
f 1638 6461 6460
f 6459 6460 6461
f 1609 6458 6455
f 1638 6460 6458
f 1639 6455 6460
f 6458 6460 6455
f 403 6454 6444
f 1637 6462 6454
f 1635 6444 6462
f 6454 6462 6444
f 422 6461 6450
f 1638 6463 6461
f 1637 6450 6463
f 6461 6463 6450
f 414 6447 6457
f 1635 6464 6447
f 1638 6457 6464
f 6447 6464 6457
f 1637 6463 6462
f 1638 6464 6463
f 1635 6462 6464
f 6463 6464 6462
f 109 6434 6404
f 1634 6465 6434
f 1626 6404 6465
f 6434 6465 6404
f 421 6466 6437
f 1640 6467 6466
f 1634 6437 6467
f 6466 6467 6437
f 420 6408 6469
f 1626 6468 6408
f 1640 6469 6468
f 6408 6468 6469
f 1634 6467 6465
f 1640 6468 6467
f 1626 6465 6468
f 6467 6468 6465
f 111 6456 6426
f 1639 6470 6456
f 1631 6426 6470
f 6456 6470 6426
f 422 6471 6459
f 1641 6472 6471
f 1639 6459 6472
f 6471 6472 6459
f 421 6430 6474
f 1631 6473 6430
f 1641 6474 6473
f 6430 6473 6474
f 1639 6472 6470
f 1641 6473 6472
f 1631 6470 6473
f 6472 6473 6470
f 106 6412 6448
f 1629 6475 6412
f 1636 6448 6475
f 6412 6475 6448
f 420 6476 6415
f 1642 6477 6476
f 1629 6415 6477
f 6476 6477 6415
f 422 6452 6479
f 1636 6478 6452
f 1642 6479 6478
f 6452 6478 6479
f 1629 6477 6475
f 1642 6478 6477
f 1636 6475 6478
f 6477 6478 6475
f 421 6474 6466
f 1641 6480 6474
f 1640 6466 6480
f 6474 6480 6466
f 422 6479 6471
f 1642 6481 6479
f 1641 6471 6481
f 6479 6481 6471
f 420 6469 6476
f 1640 6482 6469
f 1642 6476 6482
f 6469 6482 6476
f 1641 6481 6480
f 1642 6482 6481
f 1640 6480 6482
f 6481 6482 6480
f 4 6483 6485
f 1643 6484 6483
f 1645 6485 6484
f 6483 6484 6485
f 423 6486 6488
f 1644 6487 6486
f 1643 6488 6487
f 6486 6487 6488
f 425 6489 6491
f 1645 6490 6489
f 1644 6491 6490
f 6489 6490 6491
f 1643 6487 6484
f 1644 6490 6487
f 1645 6484 6490
f 6487 6490 6484
f 113 6492 6494
f 1646 6493 6492
f 1648 6494 6493
f 6492 6493 6494
f 424 6495 6497
f 1647 6496 6495
f 1646 6497 6496
f 6495 6496 6497
f 423 6498 6500
f 1648 6499 6498
f 1647 6500 6499
f 6498 6499 6500
f 1646 6496 6493
f 1647 6499 6496
f 1648 6493 6499
f 6496 6499 6493
f 115 6501 6503
f 1649 6502 6501
f 1651 6503 6502
f 6501 6502 6503
f 425 6504 6506
f 1650 6505 6504
f 1649 6506 6505
f 6504 6505 6506
f 424 6507 6509
f 1651 6508 6507
f 1650 6509 6508
f 6507 6508 6509
f 1649 6505 6502
f 1650 6508 6505
f 1651 6502 6508
f 6505 6508 6502
f 423 6500 6486
f 1647 6510 6500
f 1644 6486 6510
f 6500 6510 6486
f 424 6509 6495
f 1650 6511 6509
f 1647 6495 6511
f 6509 6511 6495
f 425 6491 6504
f 1644 6512 6491
f 1650 6504 6512
f 6491 6512 6504
f 1647 6511 6510
f 1650 6512 6511
f 1644 6510 6512
f 6511 6512 6510
f 33 6513 6515
f 1652 6514 6513
f 1654 6515 6514
f 6513 6514 6515
f 426 6516 6518
f 1653 6517 6516
f 1652 6518 6517
f 6516 6517 6518
f 428 6519 6521
f 1654 6520 6519
f 1653 6521 6520
f 6519 6520 6521
f 1652 6517 6514
f 1653 6520 6517
f 1654 6514 6520
f 6517 6520 6514
f 114 6522 6524
f 1655 6523 6522
f 1657 6524 6523
f 6522 6523 6524
f 427 6525 6527
f 1656 6526 6525
f 1655 6527 6526
f 6525 6526 6527
f 426 6528 6530
f 1657 6529 6528
f 1656 6530 6529
f 6528 6529 6530
f 1655 6526 6523
f 1656 6529 6526
f 1657 6523 6529
f 6526 6529 6523
f 113 6531 6533
f 1658 6532 6531
f 1660 6533 6532
f 6531 6532 6533
f 428 6534 6536
f 1659 6535 6534
f 1658 6536 6535
f 6534 6535 6536
f 427 6537 6539
f 1660 6538 6537
f 1659 6539 6538
f 6537 6538 6539
f 1658 6535 6532
f 1659 6538 6535
f 1660 6532 6538
f 6535 6538 6532
f 426 6530 6516
f 1656 6540 6530
f 1653 6516 6540
f 6530 6540 6516
f 427 6539 6525
f 1659 6541 6539
f 1656 6525 6541
f 6539 6541 6525
f 428 6521 6534
f 1653 6542 6521
f 1659 6534 6542
f 6521 6542 6534
f 1656 6541 6540
f 1659 6542 6541
f 1653 6540 6542
f 6541 6542 6540
f 35 6543 6545
f 1661 6544 6543
f 1663 6545 6544
f 6543 6544 6545
f 429 6546 6548
f 1662 6547 6546
f 1661 6548 6547
f 6546 6547 6548
f 431 6549 6551
f 1663 6550 6549
f 1662 6551 6550
f 6549 6550 6551
f 1661 6547 6544
f 1662 6550 6547
f 1663 6544 6550
f 6547 6550 6544
f 115 6552 6554
f 1664 6553 6552
f 1666 6554 6553
f 6552 6553 6554
f 430 6555 6557
f 1665 6556 6555
f 1664 6557 6556
f 6555 6556 6557
f 429 6558 6560
f 1666 6559 6558
f 1665 6560 6559
f 6558 6559 6560
f 1664 6556 6553
f 1665 6559 6556
f 1666 6553 6559
f 6556 6559 6553
f 114 6561 6563
f 1667 6562 6561
f 1669 6563 6562
f 6561 6562 6563
f 431 6564 6566
f 1668 6565 6564
f 1667 6566 6565
f 6564 6565 6566
f 430 6567 6569
f 1669 6568 6567
f 1668 6569 6568
f 6567 6568 6569
f 1667 6565 6562
f 1668 6568 6565
f 1669 6562 6568
f 6565 6568 6562
f 429 6560 6546
f 1665 6570 6560
f 1662 6546 6570
f 6560 6570 6546
f 430 6569 6555
f 1668 6571 6569
f 1665 6555 6571
f 6569 6571 6555
f 431 6551 6564
f 1662 6572 6551
f 1668 6564 6572
f 6551 6572 6564
f 1665 6571 6570
f 1668 6572 6571
f 1662 6570 6572
f 6571 6572 6570
f 113 6533 6492
f 1660 6573 6533
f 1646 6492 6573
f 6533 6573 6492
f 427 6574 6537
f 1670 6575 6574
f 1660 6537 6575
f 6574 6575 6537
f 424 6497 6577
f 1646 6576 6497
f 1670 6577 6576
f 6497 6576 6577
f 1660 6575 6573
f 1670 6576 6575
f 1646 6573 6576
f 6575 6576 6573
f 114 6563 6522
f 1669 6578 6563
f 1655 6522 6578
f 6563 6578 6522
f 430 6579 6567
f 1671 6580 6579
f 1669 6567 6580
f 6579 6580 6567
f 427 6527 6582
f 1655 6581 6527
f 1671 6582 6581
f 6527 6581 6582
f 1669 6580 6578
f 1671 6581 6580
f 1655 6578 6581
f 6580 6581 6578
f 115 6503 6552
f 1651 6583 6503
f 1664 6552 6583
f 6503 6583 6552
f 424 6584 6507
f 1672 6585 6584
f 1651 6507 6585
f 6584 6585 6507
f 430 6557 6587
f 1664 6586 6557
f 1672 6587 6586
f 6557 6586 6587
f 1651 6585 6583
f 1672 6586 6585
f 1664 6583 6586
f 6585 6586 6583
f 427 6582 6574
f 1671 6588 6582
f 1670 6574 6588
f 6582 6588 6574
f 430 6587 6579
f 1672 6589 6587
f 1671 6579 6589
f 6587 6589 6579
f 424 6577 6584
f 1670 6590 6577
f 1672 6584 6590
f 6577 6590 6584
f 1671 6589 6588
f 1672 6590 6589
f 1670 6588 6590
f 6589 6590 6588
f 10 6591 6593
f 1673 6592 6591
f 1675 6593 6592
f 6591 6592 6593
f 432 6594 6596
f 1674 6595 6594
f 1673 6596 6595
f 6594 6595 6596
f 434 6597 6599
f 1675 6598 6597
f 1674 6599 6598
f 6597 6598 6599
f 1673 6595 6592
f 1674 6598 6595
f 1675 6592 6598
f 6595 6598 6592
f 116 6600 6602
f 1676 6601 6600
f 1678 6602 6601
f 6600 6601 6602
f 433 6603 6605
f 1677 6604 6603
f 1676 6605 6604
f 6603 6604 6605
f 432 6606 6608
f 1678 6607 6606
f 1677 6608 6607
f 6606 6607 6608
f 1676 6604 6601
f 1677 6607 6604
f 1678 6601 6607
f 6604 6607 6601
f 118 6609 6611
f 1679 6610 6609
f 1681 6611 6610
f 6609 6610 6611
f 434 6612 6614
f 1680 6613 6612
f 1679 6614 6613
f 6612 6613 6614
f 433 6615 6617
f 1681 6616 6615
f 1680 6617 6616
f 6615 6616 6617
f 1679 6613 6610
f 1680 6616 6613
f 1681 6610 6616
f 6613 6616 6610
f 432 6608 6594
f 1677 6618 6608
f 1674 6594 6618
f 6608 6618 6594
f 433 6617 6603
f 1680 6619 6617
f 1677 6603 6619
f 6617 6619 6603
f 434 6599 6612
f 1674 6620 6599
f 1680 6612 6620
f 6599 6620 6612
f 1677 6619 6618
f 1680 6620 6619
f 1674 6618 6620
f 6619 6620 6618
f 34 6621 6623
f 1682 6622 6621
f 1684 6623 6622
f 6621 6622 6623
f 435 6624 6626
f 1683 6625 6624
f 1682 6626 6625
f 6624 6625 6626
f 437 6627 6629
f 1684 6628 6627
f 1683 6629 6628
f 6627 6628 6629
f 1682 6625 6622
f 1683 6628 6625
f 1684 6622 6628
f 6625 6628 6622
f 117 6630 6632
f 1685 6631 6630
f 1687 6632 6631
f 6630 6631 6632
f 436 6633 6635
f 1686 6634 6633
f 1685 6635 6634
f 6633 6634 6635
f 435 6636 6638
f 1687 6637 6636
f 1686 6638 6637
f 6636 6637 6638
f 1685 6634 6631
f 1686 6637 6634
f 1687 6631 6637
f 6634 6637 6631
f 116 6639 6641
f 1688 6640 6639
f 1690 6641 6640
f 6639 6640 6641
f 437 6642 6644
f 1689 6643 6642
f 1688 6644 6643
f 6642 6643 6644
f 436 6645 6647
f 1690 6646 6645
f 1689 6647 6646
f 6645 6646 6647
f 1688 6643 6640
f 1689 6646 6643
f 1690 6640 6646
f 6643 6646 6640
f 435 6638 6624
f 1686 6648 6638
f 1683 6624 6648
f 6638 6648 6624
f 436 6647 6633
f 1689 6649 6647
f 1686 6633 6649
f 6647 6649 6633
f 437 6629 6642
f 1683 6650 6629
f 1689 6642 6650
f 6629 6650 6642
f 1686 6649 6648
f 1689 6650 6649
f 1683 6648 6650
f 6649 6650 6648
f 33 6651 6653
f 1691 6652 6651
f 1693 6653 6652
f 6651 6652 6653
f 438 6654 6656
f 1692 6655 6654
f 1691 6656 6655
f 6654 6655 6656
f 440 6657 6659
f 1693 6658 6657
f 1692 6659 6658
f 6657 6658 6659
f 1691 6655 6652
f 1692 6658 6655
f 1693 6652 6658
f 6655 6658 6652
f 118 6660 6662
f 1694 6661 6660
f 1696 6662 6661
f 6660 6661 6662
f 439 6663 6665
f 1695 6664 6663
f 1694 6665 6664
f 6663 6664 6665
f 438 6666 6668
f 1696 6667 6666
f 1695 6668 6667
f 6666 6667 6668
f 1694 6664 6661
f 1695 6667 6664
f 1696 6661 6667
f 6664 6667 6661
f 117 6669 6671
f 1697 6670 6669
f 1699 6671 6670
f 6669 6670 6671
f 440 6672 6674
f 1698 6673 6672
f 1697 6674 6673
f 6672 6673 6674
f 439 6675 6677
f 1699 6676 6675
f 1698 6677 6676
f 6675 6676 6677
f 1697 6673 6670
f 1698 6676 6673
f 1699 6670 6676
f 6673 6676 6670
f 438 6668 6654
f 1695 6678 6668
f 1692 6654 6678
f 6668 6678 6654
f 439 6677 6663
f 1698 6679 6677
f 1695 6663 6679
f 6677 6679 6663
f 440 6659 6672
f 1692 6680 6659
f 1698 6672 6680
f 6659 6680 6672
f 1695 6679 6678
f 1698 6680 6679
f 1692 6678 6680
f 6679 6680 6678
f 116 6641 6600
f 1690 6681 6641
f 1676 6600 6681
f 6641 6681 6600
f 436 6682 6645
f 1700 6683 6682
f 1690 6645 6683
f 6682 6683 6645
f 433 6605 6685
f 1676 6684 6605
f 1700 6685 6684
f 6605 6684 6685
f 1690 6683 6681
f 1700 6684 6683
f 1676 6681 6684
f 6683 6684 6681
f 117 6671 6630
f 1699 6686 6671
f 1685 6630 6686
f 6671 6686 6630
f 439 6687 6675
f 1701 6688 6687
f 1699 6675 6688
f 6687 6688 6675
f 436 6635 6690
f 1685 6689 6635
f 1701 6690 6689
f 6635 6689 6690
f 1699 6688 6686
f 1701 6689 6688
f 1685 6686 6689
f 6688 6689 6686
f 118 6611 6660
f 1681 6691 6611
f 1694 6660 6691
f 6611 6691 6660
f 433 6692 6615
f 1702 6693 6692
f 1681 6615 6693
f 6692 6693 6615
f 439 6665 6695
f 1694 6694 6665
f 1702 6695 6694
f 6665 6694 6695
f 1681 6693 6691
f 1702 6694 6693
f 1694 6691 6694
f 6693 6694 6691
f 436 6690 6682
f 1701 6696 6690
f 1700 6682 6696
f 6690 6696 6682
f 439 6695 6687
f 1702 6697 6695
f 1701 6687 6697
f 6695 6697 6687
f 433 6685 6692
f 1700 6698 6685
f 1702 6692 6698
f 6685 6698 6692
f 1701 6697 6696
f 1702 6698 6697
f 1700 6696 6698
f 6697 6698 6696
f 5 6699 6701
f 1703 6700 6699
f 1705 6701 6700
f 6699 6700 6701
f 441 6702 6704
f 1704 6703 6702
f 1703 6704 6703
f 6702 6703 6704
f 443 6705 6707
f 1705 6706 6705
f 1704 6707 6706
f 6705 6706 6707
f 1703 6703 6700
f 1704 6706 6703
f 1705 6700 6706
f 6703 6706 6700
f 119 6708 6710
f 1706 6709 6708
f 1708 6710 6709
f 6708 6709 6710
f 442 6711 6713
f 1707 6712 6711
f 1706 6713 6712
f 6711 6712 6713
f 441 6714 6716
f 1708 6715 6714
f 1707 6716 6715
f 6714 6715 6716
f 1706 6712 6709
f 1707 6715 6712
f 1708 6709 6715
f 6712 6715 6709
f 121 6717 6719
f 1709 6718 6717
f 1711 6719 6718
f 6717 6718 6719
f 443 6720 6722
f 1710 6721 6720
f 1709 6722 6721
f 6720 6721 6722
f 442 6723 6725
f 1711 6724 6723
f 1710 6725 6724
f 6723 6724 6725
f 1709 6721 6718
f 1710 6724 6721
f 1711 6718 6724
f 6721 6724 6718
f 441 6716 6702
f 1707 6726 6716
f 1704 6702 6726
f 6716 6726 6702
f 442 6725 6711
f 1710 6727 6725
f 1707 6711 6727
f 6725 6727 6711
f 443 6707 6720
f 1704 6728 6707
f 1710 6720 6728
f 6707 6728 6720
f 1707 6727 6726
f 1710 6728 6727
f 1704 6726 6728
f 6727 6728 6726
f 35 6729 6731
f 1712 6730 6729
f 1714 6731 6730
f 6729 6730 6731
f 444 6732 6734
f 1713 6733 6732
f 1712 6734 6733
f 6732 6733 6734
f 446 6735 6737
f 1714 6736 6735
f 1713 6737 6736
f 6735 6736 6737
f 1712 6733 6730
f 1713 6736 6733
f 1714 6730 6736
f 6733 6736 6730
f 120 6738 6740
f 1715 6739 6738
f 1717 6740 6739
f 6738 6739 6740
f 445 6741 6743
f 1716 6742 6741
f 1715 6743 6742
f 6741 6742 6743
f 444 6744 6746
f 1717 6745 6744
f 1716 6746 6745
f 6744 6745 6746
f 1715 6742 6739
f 1716 6745 6742
f 1717 6739 6745
f 6742 6745 6739
f 119 6747 6749
f 1718 6748 6747
f 1720 6749 6748
f 6747 6748 6749
f 446 6750 6752
f 1719 6751 6750
f 1718 6752 6751
f 6750 6751 6752
f 445 6753 6755
f 1720 6754 6753
f 1719 6755 6754
f 6753 6754 6755
f 1718 6751 6748
f 1719 6754 6751
f 1720 6748 6754
f 6751 6754 6748
f 444 6746 6732
f 1716 6756 6746
f 1713 6732 6756
f 6746 6756 6732
f 445 6755 6741
f 1719 6757 6755
f 1716 6741 6757
f 6755 6757 6741
f 446 6737 6750
f 1713 6758 6737
f 1719 6750 6758
f 6737 6758 6750
f 1716 6757 6756
f 1719 6758 6757
f 1713 6756 6758
f 6757 6758 6756
f 34 6759 6761
f 1721 6760 6759
f 1723 6761 6760
f 6759 6760 6761
f 447 6762 6764
f 1722 6763 6762
f 1721 6764 6763
f 6762 6763 6764
f 449 6765 6767
f 1723 6766 6765
f 1722 6767 6766
f 6765 6766 6767
f 1721 6763 6760
f 1722 6766 6763
f 1723 6760 6766
f 6763 6766 6760
f 121 6768 6770
f 1724 6769 6768
f 1726 6770 6769
f 6768 6769 6770
f 448 6771 6773
f 1725 6772 6771
f 1724 6773 6772
f 6771 6772 6773
f 447 6774 6776
f 1726 6775 6774
f 1725 6776 6775
f 6774 6775 6776
f 1724 6772 6769
f 1725 6775 6772
f 1726 6769 6775
f 6772 6775 6769
f 120 6777 6779
f 1727 6778 6777
f 1729 6779 6778
f 6777 6778 6779
f 449 6780 6782
f 1728 6781 6780
f 1727 6782 6781
f 6780 6781 6782
f 448 6783 6785
f 1729 6784 6783
f 1728 6785 6784
f 6783 6784 6785
f 1727 6781 6778
f 1728 6784 6781
f 1729 6778 6784
f 6781 6784 6778
f 447 6776 6762
f 1725 6786 6776
f 1722 6762 6786
f 6776 6786 6762
f 448 6785 6771
f 1728 6787 6785
f 1725 6771 6787
f 6785 6787 6771
f 449 6767 6780
f 1722 6788 6767
f 1728 6780 6788
f 6767 6788 6780
f 1725 6787 6786
f 1728 6788 6787
f 1722 6786 6788
f 6787 6788 6786
f 119 6749 6708
f 1720 6789 6749
f 1706 6708 6789
f 6749 6789 6708
f 445 6790 6753
f 1730 6791 6790
f 1720 6753 6791
f 6790 6791 6753
f 442 6713 6793
f 1706 6792 6713
f 1730 6793 6792
f 6713 6792 6793
f 1720 6791 6789
f 1730 6792 6791
f 1706 6789 6792
f 6791 6792 6789
f 120 6779 6738
f 1729 6794 6779
f 1715 6738 6794
f 6779 6794 6738
f 448 6795 6783
f 1731 6796 6795
f 1729 6783 6796
f 6795 6796 6783
f 445 6743 6798
f 1715 6797 6743
f 1731 6798 6797
f 6743 6797 6798
f 1729 6796 6794
f 1731 6797 6796
f 1715 6794 6797
f 6796 6797 6794
f 121 6719 6768
f 1711 6799 6719
f 1724 6768 6799
f 6719 6799 6768
f 442 6800 6723
f 1732 6801 6800
f 1711 6723 6801
f 6800 6801 6723
f 448 6773 6803
f 1724 6802 6773
f 1732 6803 6802
f 6773 6802 6803
f 1711 6801 6799
f 1732 6802 6801
f 1724 6799 6802
f 6801 6802 6799
f 445 6798 6790
f 1731 6804 6798
f 1730 6790 6804
f 6798 6804 6790
f 448 6803 6795
f 1732 6805 6803
f 1731 6795 6805
f 6803 6805 6795
f 442 6793 6800
f 1730 6806 6793
f 1732 6800 6806
f 6793 6806 6800
f 1731 6805 6804
f 1732 6806 6805
f 1730 6804 6806
f 6805 6806 6804
f 33 6653 6513
f 1693 6807 6653
f 1652 6513 6807
f 6653 6807 6513
f 440 6808 6657
f 1733 6809 6808
f 1693 6657 6809
f 6808 6809 6657
f 426 6518 6811
f 1652 6810 6518
f 1733 6811 6810
f 6518 6810 6811
f 1693 6809 6807
f 1733 6810 6809
f 1652 6807 6810
f 6809 6810 6807
f 117 6812 6669
f 1734 6813 6812
f 1697 6669 6813
f 6812 6813 6669
f 450 6814 6816
f 1735 6815 6814
f 1734 6816 6815
f 6814 6815 6816
f 440 6674 6818
f 1697 6817 6674
f 1735 6818 6817
f 6674 6817 6818
f 1734 6815 6813
f 1735 6817 6815
f 1697 6813 6817
f 6815 6817 6813
f 114 6524 6820
f 1657 6819 6524
f 1737 6820 6819
f 6524 6819 6820
f 426 6821 6528
f 1736 6822 6821
f 1657 6528 6822
f 6821 6822 6528
f 450 6823 6825
f 1737 6824 6823
f 1736 6825 6824
f 6823 6824 6825
f 1657 6822 6819
f 1736 6824 6822
f 1737 6819 6824
f 6822 6824 6819
f 440 6818 6808
f 1735 6826 6818
f 1733 6808 6826
f 6818 6826 6808
f 450 6825 6814
f 1736 6827 6825
f 1735 6814 6827
f 6825 6827 6814
f 426 6811 6821
f 1733 6828 6811
f 1736 6821 6828
f 6811 6828 6821
f 1735 6827 6826
f 1736 6828 6827
f 1733 6826 6828
f 6827 6828 6826
f 34 6761 6621
f 1723 6829 6761
f 1682 6621 6829
f 6761 6829 6621
f 449 6830 6765
f 1738 6831 6830
f 1723 6765 6831
f 6830 6831 6765
f 435 6626 6833
f 1682 6832 6626
f 1738 6833 6832
f 6626 6832 6833
f 1723 6831 6829
f 1738 6832 6831
f 1682 6829 6832
f 6831 6832 6829
f 120 6834 6777
f 1739 6835 6834
f 1727 6777 6835
f 6834 6835 6777
f 451 6836 6838
f 1740 6837 6836
f 1739 6838 6837
f 6836 6837 6838
f 449 6782 6840
f 1727 6839 6782
f 1740 6840 6839
f 6782 6839 6840
f 1739 6837 6835
f 1740 6839 6837
f 1727 6835 6839
f 6837 6839 6835
f 117 6632 6842
f 1687 6841 6632
f 1742 6842 6841
f 6632 6841 6842
f 435 6843 6636
f 1741 6844 6843
f 1687 6636 6844
f 6843 6844 6636
f 451 6845 6847
f 1742 6846 6845
f 1741 6847 6846
f 6845 6846 6847
f 1687 6844 6841
f 1741 6846 6844
f 1742 6841 6846
f 6844 6846 6841
f 449 6840 6830
f 1740 6848 6840
f 1738 6830 6848
f 6840 6848 6830
f 451 6847 6836
f 1741 6849 6847
f 1740 6836 6849
f 6847 6849 6836
f 435 6833 6843
f 1738 6850 6833
f 1741 6843 6850
f 6833 6850 6843
f 1740 6849 6848
f 1741 6850 6849
f 1738 6848 6850
f 6849 6850 6848
f 35 6545 6729
f 1663 6851 6545
f 1712 6729 6851
f 6545 6851 6729
f 431 6852 6549
f 1743 6853 6852
f 1663 6549 6853
f 6852 6853 6549
f 444 6734 6855
f 1712 6854 6734
f 1743 6855 6854
f 6734 6854 6855
f 1663 6853 6851
f 1743 6854 6853
f 1712 6851 6854
f 6853 6854 6851
f 114 6856 6561
f 1744 6857 6856
f 1667 6561 6857
f 6856 6857 6561
f 452 6858 6860
f 1745 6859 6858
f 1744 6860 6859
f 6858 6859 6860
f 431 6566 6862
f 1667 6861 6566
f 1745 6862 6861
f 6566 6861 6862
f 1744 6859 6857
f 1745 6861 6859
f 1667 6857 6861
f 6859 6861 6857
f 120 6740 6864
f 1717 6863 6740
f 1747 6864 6863
f 6740 6863 6864
f 444 6865 6744
f 1746 6866 6865
f 1717 6744 6866
f 6865 6866 6744
f 452 6867 6869
f 1747 6868 6867
f 1746 6869 6868
f 6867 6868 6869
f 1717 6866 6863
f 1746 6868 6866
f 1747 6863 6868
f 6866 6868 6863
f 431 6862 6852
f 1745 6870 6862
f 1743 6852 6870
f 6862 6870 6852
f 452 6869 6858
f 1746 6871 6869
f 1745 6858 6871
f 6869 6871 6858
f 444 6855 6865
f 1743 6872 6855
f 1746 6865 6872
f 6855 6872 6865
f 1745 6871 6870
f 1746 6872 6871
f 1743 6870 6872
f 6871 6872 6870
f 117 6842 6812
f 1742 6873 6842
f 1734 6812 6873
f 6842 6873 6812
f 451 6874 6845
f 1748 6875 6874
f 1742 6845 6875
f 6874 6875 6845
f 450 6816 6877
f 1734 6876 6816
f 1748 6877 6876
f 6816 6876 6877
f 1742 6875 6873
f 1748 6876 6875
f 1734 6873 6876
f 6875 6876 6873
f 120 6864 6834
f 1747 6878 6864
f 1739 6834 6878
f 6864 6878 6834
f 452 6879 6867
f 1749 6880 6879
f 1747 6867 6880
f 6879 6880 6867
f 451 6838 6882
f 1739 6881 6838
f 1749 6882 6881
f 6838 6881 6882
f 1747 6880 6878
f 1749 6881 6880
f 1739 6878 6881
f 6880 6881 6878
f 114 6820 6856
f 1737 6883 6820
f 1744 6856 6883
f 6820 6883 6856
f 450 6884 6823
f 1750 6885 6884
f 1737 6823 6885
f 6884 6885 6823
f 452 6860 6887
f 1744 6886 6860
f 1750 6887 6886
f 6860 6886 6887
f 1737 6885 6883
f 1750 6886 6885
f 1744 6883 6886
f 6885 6886 6883
f 451 6882 6874
f 1749 6888 6882
f 1748 6874 6888
f 6882 6888 6874
f 452 6887 6879
f 1750 6889 6887
f 1749 6879 6889
f 6887 6889 6879
f 450 6877 6884
f 1748 6890 6877
f 1750 6884 6890
f 6877 6890 6884
f 1749 6889 6888
f 1750 6890 6889
f 1748 6888 6890
f 6889 6890 6888
f 4 6485 6892
f 1645 6891 6485
f 1752 6892 6891
f 6485 6891 6892
f 425 6893 6489
f 1751 6894 6893
f 1645 6489 6894
f 6893 6894 6489
f 454 6895 6897
f 1752 6896 6895
f 1751 6897 6896
f 6895 6896 6897
f 1645 6894 6891
f 1751 6896 6894
f 1752 6891 6896
f 6894 6896 6891
f 115 6898 6501
f 1753 6899 6898
f 1649 6501 6899
f 6898 6899 6501
f 453 6900 6902
f 1754 6901 6900
f 1753 6902 6901
f 6900 6901 6902
f 425 6506 6904
f 1649 6903 6506
f 1754 6904 6903
f 6506 6903 6904
f 1753 6901 6899
f 1754 6903 6901
f 1649 6899 6903
f 6901 6903 6899
f 123 6905 6907
f 1755 6906 6905
f 1757 6907 6906
f 6905 6906 6907
f 454 6908 6910
f 1756 6909 6908
f 1755 6910 6909
f 6908 6909 6910
f 453 6911 6913
f 1757 6912 6911
f 1756 6913 6912
f 6911 6912 6913
f 1755 6909 6906
f 1756 6912 6909
f 1757 6906 6912
f 6909 6912 6906
f 425 6904 6893
f 1754 6914 6904
f 1751 6893 6914
f 6904 6914 6893
f 453 6913 6900
f 1756 6915 6913
f 1754 6900 6915
f 6913 6915 6900
f 454 6897 6908
f 1751 6916 6897
f 1756 6908 6916
f 6897 6916 6908
f 1754 6915 6914
f 1756 6916 6915
f 1751 6914 6916
f 6915 6916 6914
f 35 6917 6543
f 1758 6918 6917
f 1661 6543 6918
f 6917 6918 6543
f 455 6919 6921
f 1759 6920 6919
f 1758 6921 6920
f 6919 6920 6921
f 429 6548 6923
f 1661 6922 6548
f 1759 6923 6922
f 6548 6922 6923
f 1758 6920 6918
f 1759 6922 6920
f 1661 6918 6922
f 6920 6922 6918
f 122 6924 6926
f 1760 6925 6924
f 1762 6926 6925
f 6924 6925 6926
f 456 6927 6929
f 1761 6928 6927
f 1760 6929 6928
f 6927 6928 6929
f 455 6930 6932
f 1762 6931 6930
f 1761 6932 6931
f 6930 6931 6932
f 1760 6928 6925
f 1761 6931 6928
f 1762 6925 6931
f 6928 6931 6925
f 115 6554 6934
f 1666 6933 6554
f 1764 6934 6933
f 6554 6933 6934
f 429 6935 6558
f 1763 6936 6935
f 1666 6558 6936
f 6935 6936 6558
f 456 6937 6939
f 1764 6938 6937
f 1763 6939 6938
f 6937 6938 6939
f 1666 6936 6933
f 1763 6938 6936
f 1764 6933 6938
f 6936 6938 6933
f 455 6932 6919
f 1761 6940 6932
f 1759 6919 6940
f 6932 6940 6919
f 456 6939 6927
f 1763 6941 6939
f 1761 6927 6941
f 6939 6941 6927
f 429 6923 6935
f 1759 6942 6923
f 1763 6935 6942
f 6923 6942 6935
f 1761 6941 6940
f 1763 6942 6941
f 1759 6940 6942
f 6941 6942 6940
f 37 6943 6945
f 1765 6944 6943
f 1767 6945 6944
f 6943 6944 6945
f 457 6946 6948
f 1766 6947 6946
f 1765 6948 6947
f 6946 6947 6948
f 459 6949 6951
f 1767 6950 6949
f 1766 6951 6950
f 6949 6950 6951
f 1765 6947 6944
f 1766 6950 6947
f 1767 6944 6950
f 6947 6950 6944
f 123 6952 6954
f 1768 6953 6952
f 1770 6954 6953
f 6952 6953 6954
f 458 6955 6957
f 1769 6956 6955
f 1768 6957 6956
f 6955 6956 6957
f 457 6958 6960
f 1770 6959 6958
f 1769 6960 6959
f 6958 6959 6960
f 1768 6956 6953
f 1769 6959 6956
f 1770 6953 6959
f 6956 6959 6953
f 122 6961 6963
f 1771 6962 6961
f 1773 6963 6962
f 6961 6962 6963
f 459 6964 6966
f 1772 6965 6964
f 1771 6966 6965
f 6964 6965 6966
f 458 6967 6969
f 1773 6968 6967
f 1772 6969 6968
f 6967 6968 6969
f 1771 6965 6962
f 1772 6968 6965
f 1773 6962 6968
f 6965 6968 6962
f 457 6960 6946
f 1769 6970 6960
f 1766 6946 6970
f 6960 6970 6946
f 458 6969 6955
f 1772 6971 6969
f 1769 6955 6971
f 6969 6971 6955
f 459 6951 6964
f 1766 6972 6951
f 1772 6964 6972
f 6951 6972 6964
f 1769 6971 6970
f 1772 6972 6971
f 1766 6970 6972
f 6971 6972 6970
f 115 6934 6898
f 1764 6973 6934
f 1753 6898 6973
f 6934 6973 6898
f 456 6974 6937
f 1774 6975 6974
f 1764 6937 6975
f 6974 6975 6937
f 453 6902 6977
f 1753 6976 6902
f 1774 6977 6976
f 6902 6976 6977
f 1764 6975 6973
f 1774 6976 6975
f 1753 6973 6976
f 6975 6976 6973
f 122 6963 6924
f 1773 6978 6963
f 1760 6924 6978
f 6963 6978 6924
f 458 6979 6967
f 1775 6980 6979
f 1773 6967 6980
f 6979 6980 6967
f 456 6929 6982
f 1760 6981 6929
f 1775 6982 6981
f 6929 6981 6982
f 1773 6980 6978
f 1775 6981 6980
f 1760 6978 6981
f 6980 6981 6978
f 123 6907 6952
f 1757 6983 6907
f 1768 6952 6983
f 6907 6983 6952
f 453 6984 6911
f 1776 6985 6984
f 1757 6911 6985
f 6984 6985 6911
f 458 6957 6987
f 1768 6986 6957
f 1776 6987 6986
f 6957 6986 6987
f 1757 6985 6983
f 1776 6986 6985
f 1768 6983 6986
f 6985 6986 6983
f 456 6982 6974
f 1775 6988 6982
f 1774 6974 6988
f 6982 6988 6974
f 458 6987 6979
f 1776 6989 6987
f 1775 6979 6989
f 6987 6989 6979
f 453 6977 6984
f 1774 6990 6977
f 1776 6984 6990
f 6977 6990 6984
f 1775 6989 6988
f 1776 6990 6989
f 1774 6988 6990
f 6989 6990 6988
f 5 6991 6699
f 1777 6992 6991
f 1703 6699 6992
f 6991 6992 6699
f 460 6993 6995
f 1778 6994 6993
f 1777 6995 6994
f 6993 6994 6995
f 441 6704 6997
f 1703 6996 6704
f 1778 6997 6996
f 6704 6996 6997
f 1777 6994 6992
f 1778 6996 6994
f 1703 6992 6996
f 6994 6996 6992
f 124 6998 7000
f 1779 6999 6998
f 1781 7000 6999
f 6998 6999 7000
f 461 7001 7003
f 1780 7002 7001
f 1779 7003 7002
f 7001 7002 7003
f 460 7004 7006
f 1781 7005 7004
f 1780 7006 7005
f 7004 7005 7006
f 1779 7002 6999
f 1780 7005 7002
f 1781 6999 7005
f 7002 7005 6999
f 119 6710 7008
f 1708 7007 6710
f 1783 7008 7007
f 6710 7007 7008
f 441 7009 6714
f 1782 7010 7009
f 1708 6714 7010
f 7009 7010 6714
f 461 7011 7013
f 1783 7012 7011
f 1782 7013 7012
f 7011 7012 7013
f 1708 7010 7007
f 1782 7012 7010
f 1783 7007 7012
f 7010 7012 7007
f 460 7006 6993
f 1780 7014 7006
f 1778 6993 7014
f 7006 7014 6993
f 461 7013 7001
f 1782 7015 7013
f 1780 7001 7015
f 7013 7015 7001
f 441 6997 7009
f 1778 7016 6997
f 1782 7009 7016
f 6997 7016 7009
f 1780 7015 7014
f 1782 7016 7015
f 1778 7014 7016
f 7015 7016 7014
f 36 7017 7019
f 1784 7018 7017
f 1786 7019 7018
f 7017 7018 7019
f 462 7020 7022
f 1785 7021 7020
f 1784 7022 7021
f 7020 7021 7022
f 464 7023 7025
f 1786 7024 7023
f 1785 7025 7024
f 7023 7024 7025
f 1784 7021 7018
f 1785 7024 7021
f 1786 7018 7024
f 7021 7024 7018
f 125 7026 7028
f 1787 7027 7026
f 1789 7028 7027
f 7026 7027 7028
f 463 7029 7031
f 1788 7030 7029
f 1787 7031 7030
f 7029 7030 7031
f 462 7032 7034
f 1789 7033 7032
f 1788 7034 7033
f 7032 7033 7034
f 1787 7030 7027
f 1788 7033 7030
f 1789 7027 7033
f 7030 7033 7027
f 124 7035 7037
f 1790 7036 7035
f 1792 7037 7036
f 7035 7036 7037
f 464 7038 7040
f 1791 7039 7038
f 1790 7040 7039
f 7038 7039 7040
f 463 7041 7043
f 1792 7042 7041
f 1791 7043 7042
f 7041 7042 7043
f 1790 7039 7036
f 1791 7042 7039
f 1792 7036 7042
f 7039 7042 7036
f 462 7034 7020
f 1788 7044 7034
f 1785 7020 7044
f 7034 7044 7020
f 463 7043 7029
f 1791 7045 7043
f 1788 7029 7045
f 7043 7045 7029
f 464 7025 7038
f 1785 7046 7025
f 1791 7038 7046
f 7025 7046 7038
f 1788 7045 7044
f 1791 7046 7045
f 1785 7044 7046
f 7045 7046 7044
f 35 6731 7048
f 1714 7047 6731
f 1794 7048 7047
f 6731 7047 7048
f 446 7049 6735
f 1793 7050 7049
f 1714 6735 7050
f 7049 7050 6735
f 466 7051 7053
f 1794 7052 7051
f 1793 7053 7052
f 7051 7052 7053
f 1714 7050 7047
f 1793 7052 7050
f 1794 7047 7052
f 7050 7052 7047
f 119 7054 6747
f 1795 7055 7054
f 1718 6747 7055
f 7054 7055 6747
f 465 7056 7058
f 1796 7057 7056
f 1795 7058 7057
f 7056 7057 7058
f 446 6752 7060
f 1718 7059 6752
f 1796 7060 7059
f 6752 7059 7060
f 1795 7057 7055
f 1796 7059 7057
f 1718 7055 7059
f 7057 7059 7055
f 125 7061 7063
f 1797 7062 7061
f 1799 7063 7062
f 7061 7062 7063
f 466 7064 7066
f 1798 7065 7064
f 1797 7066 7065
f 7064 7065 7066
f 465 7067 7069
f 1799 7068 7067
f 1798 7069 7068
f 7067 7068 7069
f 1797 7065 7062
f 1798 7068 7065
f 1799 7062 7068
f 7065 7068 7062
f 446 7060 7049
f 1796 7070 7060
f 1793 7049 7070
f 7060 7070 7049
f 465 7069 7056
f 1798 7071 7069
f 1796 7056 7071
f 7069 7071 7056
f 466 7053 7064
f 1793 7072 7053
f 1798 7064 7072
f 7053 7072 7064
f 1796 7071 7070
f 1798 7072 7071
f 1793 7070 7072
f 7071 7072 7070
f 124 7037 6998
f 1792 7073 7037
f 1779 6998 7073
f 7037 7073 6998
f 463 7074 7041
f 1800 7075 7074
f 1792 7041 7075
f 7074 7075 7041
f 461 7003 7077
f 1779 7076 7003
f 1800 7077 7076
f 7003 7076 7077
f 1792 7075 7073
f 1800 7076 7075
f 1779 7073 7076
f 7075 7076 7073
f 125 7063 7026
f 1799 7078 7063
f 1787 7026 7078
f 7063 7078 7026
f 465 7079 7067
f 1801 7080 7079
f 1799 7067 7080
f 7079 7080 7067
f 463 7031 7082
f 1787 7081 7031
f 1801 7082 7081
f 7031 7081 7082
f 1799 7080 7078
f 1801 7081 7080
f 1787 7078 7081
f 7080 7081 7078
f 119 7008 7054
f 1783 7083 7008
f 1795 7054 7083
f 7008 7083 7054
f 461 7084 7011
f 1802 7085 7084
f 1783 7011 7085
f 7084 7085 7011
f 465 7058 7087
f 1795 7086 7058
f 1802 7087 7086
f 7058 7086 7087
f 1783 7085 7083
f 1802 7086 7085
f 1795 7083 7086
f 7085 7086 7083
f 463 7082 7074
f 1801 7088 7082
f 1800 7074 7088
f 7082 7088 7074
f 465 7087 7079
f 1802 7089 7087
f 1801 7079 7089
f 7087 7089 7079
f 461 7077 7084
f 1800 7090 7077
f 1802 7084 7090
f 7077 7090 7084
f 1801 7089 7088
f 1802 7090 7089
f 1800 7088 7090
f 7089 7090 7088
f 3 7091 7093
f 1803 7092 7091
f 1805 7093 7092
f 7091 7092 7093
f 467 7094 7096
f 1804 7095 7094
f 1803 7096 7095
f 7094 7095 7096
f 469 7097 7099
f 1805 7098 7097
f 1804 7099 7098
f 7097 7098 7099
f 1803 7095 7092
f 1804 7098 7095
f 1805 7092 7098
f 7095 7098 7092
f 126 7100 7102
f 1806 7101 7100
f 1808 7102 7101
f 7100 7101 7102
f 468 7103 7105
f 1807 7104 7103
f 1806 7105 7104
f 7103 7104 7105
f 467 7106 7108
f 1808 7107 7106
f 1807 7108 7107
f 7106 7107 7108
f 1806 7104 7101
f 1807 7107 7104
f 1808 7101 7107
f 7104 7107 7101
f 128 7109 7111
f 1809 7110 7109
f 1811 7111 7110
f 7109 7110 7111
f 469 7112 7114
f 1810 7113 7112
f 1809 7114 7113
f 7112 7113 7114
f 468 7115 7117
f 1811 7116 7115
f 1810 7117 7116
f 7115 7116 7117
f 1809 7113 7110
f 1810 7116 7113
f 1811 7110 7116
f 7113 7116 7110
f 467 7108 7094
f 1807 7118 7108
f 1804 7094 7118
f 7108 7118 7094
f 468 7117 7103
f 1810 7119 7117
f 1807 7103 7119
f 7117 7119 7103
f 469 7099 7112
f 1804 7120 7099
f 1810 7112 7120
f 7099 7120 7112
f 1807 7119 7118
f 1810 7120 7119
f 1804 7118 7120
f 7119 7120 7118
f 37 7121 7123
f 1812 7122 7121
f 1814 7123 7122
f 7121 7122 7123
f 470 7124 7126
f 1813 7125 7124
f 1812 7126 7125
f 7124 7125 7126
f 472 7127 7129
f 1814 7128 7127
f 1813 7129 7128
f 7127 7128 7129
f 1812 7125 7122
f 1813 7128 7125
f 1814 7122 7128
f 7125 7128 7122
f 127 7130 7132
f 1815 7131 7130
f 1817 7132 7131
f 7130 7131 7132
f 471 7133 7135
f 1816 7134 7133
f 1815 7135 7134
f 7133 7134 7135
f 470 7136 7138
f 1817 7137 7136
f 1816 7138 7137
f 7136 7137 7138
f 1815 7134 7131
f 1816 7137 7134
f 1817 7131 7137
f 7134 7137 7131
f 126 7139 7141
f 1818 7140 7139
f 1820 7141 7140
f 7139 7140 7141
f 472 7142 7144
f 1819 7143 7142
f 1818 7144 7143
f 7142 7143 7144
f 471 7145 7147
f 1820 7146 7145
f 1819 7147 7146
f 7145 7146 7147
f 1818 7143 7140
f 1819 7146 7143
f 1820 7140 7146
f 7143 7146 7140
f 470 7138 7124
f 1816 7148 7138
f 1813 7124 7148
f 7138 7148 7124
f 471 7147 7133
f 1819 7149 7147
f 1816 7133 7149
f 7147 7149 7133
f 472 7129 7142
f 1813 7150 7129
f 1819 7142 7150
f 7129 7150 7142
f 1816 7149 7148
f 1819 7150 7149
f 1813 7148 7150
f 7149 7150 7148
f 36 7151 7153
f 1821 7152 7151
f 1823 7153 7152
f 7151 7152 7153
f 473 7154 7156
f 1822 7155 7154
f 1821 7156 7155
f 7154 7155 7156
f 475 7157 7159
f 1823 7158 7157
f 1822 7159 7158
f 7157 7158 7159
f 1821 7155 7152
f 1822 7158 7155
f 1823 7152 7158
f 7155 7158 7152
f 128 7160 7162
f 1824 7161 7160
f 1826 7162 7161
f 7160 7161 7162
f 474 7163 7165
f 1825 7164 7163
f 1824 7165 7164
f 7163 7164 7165
f 473 7166 7168
f 1826 7167 7166
f 1825 7168 7167
f 7166 7167 7168
f 1824 7164 7161
f 1825 7167 7164
f 1826 7161 7167
f 7164 7167 7161
f 127 7169 7171
f 1827 7170 7169
f 1829 7171 7170
f 7169 7170 7171
f 475 7172 7174
f 1828 7173 7172
f 1827 7174 7173
f 7172 7173 7174
f 474 7175 7177
f 1829 7176 7175
f 1828 7177 7176
f 7175 7176 7177
f 1827 7173 7170
f 1828 7176 7173
f 1829 7170 7176
f 7173 7176 7170
f 473 7168 7154
f 1825 7178 7168
f 1822 7154 7178
f 7168 7178 7154
f 474 7177 7163
f 1828 7179 7177
f 1825 7163 7179
f 7177 7179 7163
f 475 7159 7172
f 1822 7180 7159
f 1828 7172 7180
f 7159 7180 7172
f 1825 7179 7178
f 1828 7180 7179
f 1822 7178 7180
f 7179 7180 7178
f 126 7141 7100
f 1820 7181 7141
f 1806 7100 7181
f 7141 7181 7100
f 471 7182 7145
f 1830 7183 7182
f 1820 7145 7183
f 7182 7183 7145
f 468 7105 7185
f 1806 7184 7105
f 1830 7185 7184
f 7105 7184 7185
f 1820 7183 7181
f 1830 7184 7183
f 1806 7181 7184
f 7183 7184 7181
f 127 7171 7130
f 1829 7186 7171
f 1815 7130 7186
f 7171 7186 7130
f 474 7187 7175
f 1831 7188 7187
f 1829 7175 7188
f 7187 7188 7175
f 471 7135 7190
f 1815 7189 7135
f 1831 7190 7189
f 7135 7189 7190
f 1829 7188 7186
f 1831 7189 7188
f 1815 7186 7189
f 7188 7189 7186
f 128 7111 7160
f 1811 7191 7111
f 1824 7160 7191
f 7111 7191 7160
f 468 7192 7115
f 1832 7193 7192
f 1811 7115 7193
f 7192 7193 7115
f 474 7165 7195
f 1824 7194 7165
f 1832 7195 7194
f 7165 7194 7195
f 1811 7193 7191
f 1832 7194 7193
f 1824 7191 7194
f 7193 7194 7191
f 471 7190 7182
f 1831 7196 7190
f 1830 7182 7196
f 7190 7196 7182
f 474 7195 7187
f 1832 7197 7195
f 1831 7187 7197
f 7195 7197 7187
f 468 7185 7192
f 1830 7198 7185
f 1832 7192 7198
f 7185 7198 7192
f 1831 7197 7196
f 1832 7198 7197
f 1830 7196 7198
f 7197 7198 7196
f 35 7048 6917
f 1794 7199 7048
f 1758 6917 7199
f 7048 7199 6917
f 466 7200 7051
f 1833 7201 7200
f 1794 7051 7201
f 7200 7201 7051
f 455 6921 7203
f 1758 7202 6921
f 1833 7203 7202
f 6921 7202 7203
f 1794 7201 7199
f 1833 7202 7201
f 1758 7199 7202
f 7201 7202 7199
f 125 7204 7061
f 1834 7205 7204
f 1797 7061 7205
f 7204 7205 7061
f 476 7206 7208
f 1835 7207 7206
f 1834 7208 7207
f 7206 7207 7208
f 466 7066 7210
f 1797 7209 7066
f 1835 7210 7209
f 7066 7209 7210
f 1834 7207 7205
f 1835 7209 7207
f 1797 7205 7209
f 7207 7209 7205
f 122 6926 7212
f 1762 7211 6926
f 1837 7212 7211
f 6926 7211 7212
f 455 7213 6930
f 1836 7214 7213
f 1762 6930 7214
f 7213 7214 6930
f 476 7215 7217
f 1837 7216 7215
f 1836 7217 7216
f 7215 7216 7217
f 1762 7214 7211
f 1836 7216 7214
f 1837 7211 7216
f 7214 7216 7211
f 466 7210 7200
f 1835 7218 7210
f 1833 7200 7218
f 7210 7218 7200
f 476 7217 7206
f 1836 7219 7217
f 1835 7206 7219
f 7217 7219 7206
f 455 7203 7213
f 1833 7220 7203
f 1836 7213 7220
f 7203 7220 7213
f 1835 7219 7218
f 1836 7220 7219
f 1833 7218 7220
f 7219 7220 7218
f 36 7153 7017
f 1823 7221 7153
f 1784 7017 7221
f 7153 7221 7017
f 475 7222 7157
f 1838 7223 7222
f 1823 7157 7223
f 7222 7223 7157
f 462 7022 7225
f 1784 7224 7022
f 1838 7225 7224
f 7022 7224 7225
f 1823 7223 7221
f 1838 7224 7223
f 1784 7221 7224
f 7223 7224 7221
f 127 7226 7169
f 1839 7227 7226
f 1827 7169 7227
f 7226 7227 7169
f 477 7228 7230
f 1840 7229 7228
f 1839 7230 7229
f 7228 7229 7230
f 475 7174 7232
f 1827 7231 7174
f 1840 7232 7231
f 7174 7231 7232
f 1839 7229 7227
f 1840 7231 7229
f 1827 7227 7231
f 7229 7231 7227
f 125 7028 7234
f 1789 7233 7028
f 1842 7234 7233
f 7028 7233 7234
f 462 7235 7032
f 1841 7236 7235
f 1789 7032 7236
f 7235 7236 7032
f 477 7237 7239
f 1842 7238 7237
f 1841 7239 7238
f 7237 7238 7239
f 1789 7236 7233
f 1841 7238 7236
f 1842 7233 7238
f 7236 7238 7233
f 475 7232 7222
f 1840 7240 7232
f 1838 7222 7240
f 7232 7240 7222
f 477 7239 7228
f 1841 7241 7239
f 1840 7228 7241
f 7239 7241 7228
f 462 7225 7235
f 1838 7242 7225
f 1841 7235 7242
f 7225 7242 7235
f 1840 7241 7240
f 1841 7242 7241
f 1838 7240 7242
f 7241 7242 7240
f 37 6945 7121
f 1767 7243 6945
f 1812 7121 7243
f 6945 7243 7121
f 459 7244 6949
f 1843 7245 7244
f 1767 6949 7245
f 7244 7245 6949
f 470 7126 7247
f 1812 7246 7126
f 1843 7247 7246
f 7126 7246 7247
f 1767 7245 7243
f 1843 7246 7245
f 1812 7243 7246
f 7245 7246 7243
f 122 7248 6961
f 1844 7249 7248
f 1771 6961 7249
f 7248 7249 6961
f 478 7250 7252
f 1845 7251 7250
f 1844 7252 7251
f 7250 7251 7252
f 459 6966 7254
f 1771 7253 6966
f 1845 7254 7253
f 6966 7253 7254
f 1844 7251 7249
f 1845 7253 7251
f 1771 7249 7253
f 7251 7253 7249
f 127 7132 7256
f 1817 7255 7132
f 1847 7256 7255
f 7132 7255 7256
f 470 7257 7136
f 1846 7258 7257
f 1817 7136 7258
f 7257 7258 7136
f 478 7259 7261
f 1847 7260 7259
f 1846 7261 7260
f 7259 7260 7261
f 1817 7258 7255
f 1846 7260 7258
f 1847 7255 7260
f 7258 7260 7255
f 459 7254 7244
f 1845 7262 7254
f 1843 7244 7262
f 7254 7262 7244
f 478 7261 7250
f 1846 7263 7261
f 1845 7250 7263
f 7261 7263 7250
f 470 7247 7257
f 1843 7264 7247
f 1846 7257 7264
f 7247 7264 7257
f 1845 7263 7262
f 1846 7264 7263
f 1843 7262 7264
f 7263 7264 7262
f 125 7234 7204
f 1842 7265 7234
f 1834 7204 7265
f 7234 7265 7204
f 477 7266 7237
f 1848 7267 7266
f 1842 7237 7267
f 7266 7267 7237
f 476 7208 7269
f 1834 7268 7208
f 1848 7269 7268
f 7208 7268 7269
f 1842 7267 7265
f 1848 7268 7267
f 1834 7265 7268
f 7267 7268 7265
f 127 7256 7226
f 1847 7270 7256
f 1839 7226 7270
f 7256 7270 7226
f 478 7271 7259
f 1849 7272 7271
f 1847 7259 7272
f 7271 7272 7259
f 477 7230 7274
f 1839 7273 7230
f 1849 7274 7273
f 7230 7273 7274
f 1847 7272 7270
f 1849 7273 7272
f 1839 7270 7273
f 7272 7273 7270
f 122 7212 7248
f 1837 7275 7212
f 1844 7248 7275
f 7212 7275 7248
f 476 7276 7215
f 1850 7277 7276
f 1837 7215 7277
f 7276 7277 7215
f 478 7252 7279
f 1844 7278 7252
f 1850 7279 7278
f 7252 7278 7279
f 1837 7277 7275
f 1850 7278 7277
f 1844 7275 7278
f 7277 7278 7275
f 477 7274 7266
f 1849 7280 7274
f 1848 7266 7280
f 7274 7280 7266
f 478 7279 7271
f 1850 7281 7279
f 1849 7271 7281
f 7279 7281 7271
f 476 7269 7276
f 1848 7282 7269
f 1850 7276 7282
f 7269 7282 7276
f 1849 7281 7280
f 1850 7282 7281
f 1848 7280 7282
f 7281 7282 7280
f 4 6892 7284
f 1752 7283 6892
f 1852 7284 7283
f 6892 7283 7284
f 454 7285 6895
f 1851 7286 7285
f 1752 6895 7286
f 7285 7286 6895
f 480 7287 7289
f 1852 7288 7287
f 1851 7289 7288
f 7287 7288 7289
f 1752 7286 7283
f 1851 7288 7286
f 1852 7283 7288
f 7286 7288 7283
f 123 7290 6905
f 1853 7291 7290
f 1755 6905 7291
f 7290 7291 6905
f 479 7292 7294
f 1854 7293 7292
f 1853 7294 7293
f 7292 7293 7294
f 454 6910 7296
f 1755 7295 6910
f 1854 7296 7295
f 6910 7295 7296
f 1853 7293 7291
f 1854 7295 7293
f 1755 7291 7295
f 7293 7295 7291
f 130 7297 7299
f 1855 7298 7297
f 1857 7299 7298
f 7297 7298 7299
f 480 7300 7302
f 1856 7301 7300
f 1855 7302 7301
f 7300 7301 7302
f 479 7303 7305
f 1857 7304 7303
f 1856 7305 7304
f 7303 7304 7305
f 1855 7301 7298
f 1856 7304 7301
f 1857 7298 7304
f 7301 7304 7298
f 454 7296 7285
f 1854 7306 7296
f 1851 7285 7306
f 7296 7306 7285
f 479 7305 7292
f 1856 7307 7305
f 1854 7292 7307
f 7305 7307 7292
f 480 7289 7300
f 1851 7308 7289
f 1856 7300 7308
f 7289 7308 7300
f 1854 7307 7306
f 1856 7308 7307
f 1851 7306 7308
f 7307 7308 7306
f 37 7309 6943
f 1858 7310 7309
f 1765 6943 7310
f 7309 7310 6943
f 481 7311 7313
f 1859 7312 7311
f 1858 7313 7312
f 7311 7312 7313
f 457 6948 7315
f 1765 7314 6948
f 1859 7315 7314
f 6948 7314 7315
f 1858 7312 7310
f 1859 7314 7312
f 1765 7310 7314
f 7312 7314 7310
f 129 7316 7318
f 1860 7317 7316
f 1862 7318 7317
f 7316 7317 7318
f 482 7319 7321
f 1861 7320 7319
f 1860 7321 7320
f 7319 7320 7321
f 481 7322 7324
f 1862 7323 7322
f 1861 7324 7323
f 7322 7323 7324
f 1860 7320 7317
f 1861 7323 7320
f 1862 7317 7323
f 7320 7323 7317
f 123 6954 7326
f 1770 7325 6954
f 1864 7326 7325
f 6954 7325 7326
f 457 7327 6958
f 1863 7328 7327
f 1770 6958 7328
f 7327 7328 6958
f 482 7329 7331
f 1864 7330 7329
f 1863 7331 7330
f 7329 7330 7331
f 1770 7328 7325
f 1863 7330 7328
f 1864 7325 7330
f 7328 7330 7325
f 481 7324 7311
f 1861 7332 7324
f 1859 7311 7332
f 7324 7332 7311
f 482 7331 7319
f 1863 7333 7331
f 1861 7319 7333
f 7331 7333 7319
f 457 7315 7327
f 1859 7334 7315
f 1863 7327 7334
f 7315 7334 7327
f 1861 7333 7332
f 1863 7334 7333
f 1859 7332 7334
f 7333 7334 7332
f 39 7335 7337
f 1865 7336 7335
f 1867 7337 7336
f 7335 7336 7337
f 483 7338 7340
f 1866 7339 7338
f 1865 7340 7339
f 7338 7339 7340
f 485 7341 7343
f 1867 7342 7341
f 1866 7343 7342
f 7341 7342 7343
f 1865 7339 7336
f 1866 7342 7339
f 1867 7336 7342
f 7339 7342 7336
f 130 7344 7346
f 1868 7345 7344
f 1870 7346 7345
f 7344 7345 7346
f 484 7347 7349
f 1869 7348 7347
f 1868 7349 7348
f 7347 7348 7349
f 483 7350 7352
f 1870 7351 7350
f 1869 7352 7351
f 7350 7351 7352
f 1868 7348 7345
f 1869 7351 7348
f 1870 7345 7351
f 7348 7351 7345
f 129 7353 7355
f 1871 7354 7353
f 1873 7355 7354
f 7353 7354 7355
f 485 7356 7358
f 1872 7357 7356
f 1871 7358 7357
f 7356 7357 7358
f 484 7359 7361
f 1873 7360 7359
f 1872 7361 7360
f 7359 7360 7361
f 1871 7357 7354
f 1872 7360 7357
f 1873 7354 7360
f 7357 7360 7354
f 483 7352 7338
f 1869 7362 7352
f 1866 7338 7362
f 7352 7362 7338
f 484 7361 7347
f 1872 7363 7361
f 1869 7347 7363
f 7361 7363 7347
f 485 7343 7356
f 1866 7364 7343
f 1872 7356 7364
f 7343 7364 7356
f 1869 7363 7362
f 1872 7364 7363
f 1866 7362 7364
f 7363 7364 7362
f 123 7326 7290
f 1864 7365 7326
f 1853 7290 7365
f 7326 7365 7290
f 482 7366 7329
f 1874 7367 7366
f 1864 7329 7367
f 7366 7367 7329
f 479 7294 7369
f 1853 7368 7294
f 1874 7369 7368
f 7294 7368 7369
f 1864 7367 7365
f 1874 7368 7367
f 1853 7365 7368
f 7367 7368 7365
f 129 7355 7316
f 1873 7370 7355
f 1860 7316 7370
f 7355 7370 7316
f 484 7371 7359
f 1875 7372 7371
f 1873 7359 7372
f 7371 7372 7359
f 482 7321 7374
f 1860 7373 7321
f 1875 7374 7373
f 7321 7373 7374
f 1873 7372 7370
f 1875 7373 7372
f 1860 7370 7373
f 7372 7373 7370
f 130 7299 7344
f 1857 7375 7299
f 1868 7344 7375
f 7299 7375 7344
f 479 7376 7303
f 1876 7377 7376
f 1857 7303 7377
f 7376 7377 7303
f 484 7349 7379
f 1868 7378 7349
f 1876 7379 7378
f 7349 7378 7379
f 1857 7377 7375
f 1876 7378 7377
f 1868 7375 7378
f 7377 7378 7375
f 482 7374 7366
f 1875 7380 7374
f 1874 7366 7380
f 7374 7380 7366
f 484 7379 7371
f 1876 7381 7379
f 1875 7371 7381
f 7379 7381 7371
f 479 7369 7376
f 1874 7382 7369
f 1876 7376 7382
f 7369 7382 7376
f 1875 7381 7380
f 1876 7382 7381
f 1874 7380 7382
f 7381 7382 7380
f 3 7383 7091
f 1877 7384 7383
f 1803 7091 7384
f 7383 7384 7091
f 486 7385 7387
f 1878 7386 7385
f 1877 7387 7386
f 7385 7386 7387
f 467 7096 7389
f 1803 7388 7096
f 1878 7389 7388
f 7096 7388 7389
f 1877 7386 7384
f 1878 7388 7386
f 1803 7384 7388
f 7386 7388 7384
f 131 7390 7392
f 1879 7391 7390
f 1881 7392 7391
f 7390 7391 7392
f 487 7393 7395
f 1880 7394 7393
f 1879 7395 7394
f 7393 7394 7395
f 486 7396 7398
f 1881 7397 7396
f 1880 7398 7397
f 7396 7397 7398
f 1879 7394 7391
f 1880 7397 7394
f 1881 7391 7397
f 7394 7397 7391
f 126 7102 7400
f 1808 7399 7102
f 1883 7400 7399
f 7102 7399 7400
f 467 7401 7106
f 1882 7402 7401
f 1808 7106 7402
f 7401 7402 7106
f 487 7403 7405
f 1883 7404 7403
f 1882 7405 7404
f 7403 7404 7405
f 1808 7402 7399
f 1882 7404 7402
f 1883 7399 7404
f 7402 7404 7399
f 486 7398 7385
f 1880 7406 7398
f 1878 7385 7406
f 7398 7406 7385
f 487 7405 7393
f 1882 7407 7405
f 1880 7393 7407
f 7405 7407 7393
f 467 7389 7401
f 1878 7408 7389
f 1882 7401 7408
f 7389 7408 7401
f 1880 7407 7406
f 1882 7408 7407
f 1878 7406 7408
f 7407 7408 7406
f 38 7409 7411
f 1884 7410 7409
f 1886 7411 7410
f 7409 7410 7411
f 488 7412 7414
f 1885 7413 7412
f 1884 7414 7413
f 7412 7413 7414
f 490 7415 7417
f 1886 7416 7415
f 1885 7417 7416
f 7415 7416 7417
f 1884 7413 7410
f 1885 7416 7413
f 1886 7410 7416
f 7413 7416 7410
f 132 7418 7420
f 1887 7419 7418
f 1889 7420 7419
f 7418 7419 7420
f 489 7421 7423
f 1888 7422 7421
f 1887 7423 7422
f 7421 7422 7423
f 488 7424 7426
f 1889 7425 7424
f 1888 7426 7425
f 7424 7425 7426
f 1887 7422 7419
f 1888 7425 7422
f 1889 7419 7425
f 7422 7425 7419
f 131 7427 7429
f 1890 7428 7427
f 1892 7429 7428
f 7427 7428 7429
f 490 7430 7432
f 1891 7431 7430
f 1890 7432 7431
f 7430 7431 7432
f 489 7433 7435
f 1892 7434 7433
f 1891 7435 7434
f 7433 7434 7435
f 1890 7431 7428
f 1891 7434 7431
f 1892 7428 7434
f 7431 7434 7428
f 488 7426 7412
f 1888 7436 7426
f 1885 7412 7436
f 7426 7436 7412
f 489 7435 7421
f 1891 7437 7435
f 1888 7421 7437
f 7435 7437 7421
f 490 7417 7430
f 1885 7438 7417
f 1891 7430 7438
f 7417 7438 7430
f 1888 7437 7436
f 1891 7438 7437
f 1885 7436 7438
f 7437 7438 7436
f 37 7123 7440
f 1814 7439 7123
f 1894 7440 7439
f 7123 7439 7440
f 472 7441 7127
f 1893 7442 7441
f 1814 7127 7442
f 7441 7442 7127
f 492 7443 7445
f 1894 7444 7443
f 1893 7445 7444
f 7443 7444 7445
f 1814 7442 7439
f 1893 7444 7442
f 1894 7439 7444
f 7442 7444 7439
f 126 7446 7139
f 1895 7447 7446
f 1818 7139 7447
f 7446 7447 7139
f 491 7448 7450
f 1896 7449 7448
f 1895 7450 7449
f 7448 7449 7450
f 472 7144 7452
f 1818 7451 7144
f 1896 7452 7451
f 7144 7451 7452
f 1895 7449 7447
f 1896 7451 7449
f 1818 7447 7451
f 7449 7451 7447
f 132 7453 7455
f 1897 7454 7453
f 1899 7455 7454
f 7453 7454 7455
f 492 7456 7458
f 1898 7457 7456
f 1897 7458 7457
f 7456 7457 7458
f 491 7459 7461
f 1899 7460 7459
f 1898 7461 7460
f 7459 7460 7461
f 1897 7457 7454
f 1898 7460 7457
f 1899 7454 7460
f 7457 7460 7454
f 472 7452 7441
f 1896 7462 7452
f 1893 7441 7462
f 7452 7462 7441
f 491 7461 7448
f 1898 7463 7461
f 1896 7448 7463
f 7461 7463 7448
f 492 7445 7456
f 1893 7464 7445
f 1898 7456 7464
f 7445 7464 7456
f 1896 7463 7462
f 1898 7464 7463
f 1893 7462 7464
f 7463 7464 7462
f 131 7429 7390
f 1892 7465 7429
f 1879 7390 7465
f 7429 7465 7390
f 489 7466 7433
f 1900 7467 7466
f 1892 7433 7467
f 7466 7467 7433
f 487 7395 7469
f 1879 7468 7395
f 1900 7469 7468
f 7395 7468 7469
f 1892 7467 7465
f 1900 7468 7467
f 1879 7465 7468
f 7467 7468 7465
f 132 7455 7418
f 1899 7470 7455
f 1887 7418 7470
f 7455 7470 7418
f 491 7471 7459
f 1901 7472 7471
f 1899 7459 7472
f 7471 7472 7459
f 489 7423 7474
f 1887 7473 7423
f 1901 7474 7473
f 7423 7473 7474
f 1899 7472 7470
f 1901 7473 7472
f 1887 7470 7473
f 7472 7473 7470
f 126 7400 7446
f 1883 7475 7400
f 1895 7446 7475
f 7400 7475 7446
f 487 7476 7403
f 1902 7477 7476
f 1883 7403 7477
f 7476 7477 7403
f 491 7450 7479
f 1895 7478 7450
f 1902 7479 7478
f 7450 7478 7479
f 1883 7477 7475
f 1902 7478 7477
f 1895 7475 7478
f 7477 7478 7475
f 489 7474 7466
f 1901 7480 7474
f 1900 7466 7480
f 7474 7480 7466
f 491 7479 7471
f 1902 7481 7479
f 1901 7471 7481
f 7479 7481 7471
f 487 7469 7476
f 1900 7482 7469
f 1902 7476 7482
f 7469 7482 7476
f 1901 7481 7480
f 1902 7482 7481
f 1900 7480 7482
f 7481 7482 7480
f 7 7483 7485
f 1903 7484 7483
f 1905 7485 7484
f 7483 7484 7485
f 493 7486 7488
f 1904 7487 7486
f 1903 7488 7487
f 7486 7487 7488
f 495 7489 7491
f 1905 7490 7489
f 1904 7491 7490
f 7489 7490 7491
f 1903 7487 7484
f 1904 7490 7487
f 1905 7484 7490
f 7487 7490 7484
f 133 7492 7494
f 1906 7493 7492
f 1908 7494 7493
f 7492 7493 7494
f 494 7495 7497
f 1907 7496 7495
f 1906 7497 7496
f 7495 7496 7497
f 493 7498 7500
f 1908 7499 7498
f 1907 7500 7499
f 7498 7499 7500
f 1906 7496 7493
f 1907 7499 7496
f 1908 7493 7499
f 7496 7499 7493
f 135 7501 7503
f 1909 7502 7501
f 1911 7503 7502
f 7501 7502 7503
f 495 7504 7506
f 1910 7505 7504
f 1909 7506 7505
f 7504 7505 7506
f 494 7507 7509
f 1911 7508 7507
f 1910 7509 7508
f 7507 7508 7509
f 1909 7505 7502
f 1910 7508 7505
f 1911 7502 7508
f 7505 7508 7502
f 493 7500 7486
f 1907 7510 7500
f 1904 7486 7510
f 7500 7510 7486
f 494 7509 7495
f 1910 7511 7509
f 1907 7495 7511
f 7509 7511 7495
f 495 7491 7504
f 1904 7512 7491
f 1910 7504 7512
f 7491 7512 7504
f 1907 7511 7510
f 1910 7512 7511
f 1904 7510 7512
f 7511 7512 7510
f 39 7513 7515
f 1912 7514 7513
f 1914 7515 7514
f 7513 7514 7515
f 496 7516 7518
f 1913 7517 7516
f 1912 7518 7517
f 7516 7517 7518
f 498 7519 7521
f 1914 7520 7519
f 1913 7521 7520
f 7519 7520 7521
f 1912 7517 7514
f 1913 7520 7517
f 1914 7514 7520
f 7517 7520 7514
f 134 7522 7524
f 1915 7523 7522
f 1917 7524 7523
f 7522 7523 7524
f 497 7525 7527
f 1916 7526 7525
f 1915 7527 7526
f 7525 7526 7527
f 496 7528 7530
f 1917 7529 7528
f 1916 7530 7529
f 7528 7529 7530
f 1915 7526 7523
f 1916 7529 7526
f 1917 7523 7529
f 7526 7529 7523
f 133 7531 7533
f 1918 7532 7531
f 1920 7533 7532
f 7531 7532 7533
f 498 7534 7536
f 1919 7535 7534
f 1918 7536 7535
f 7534 7535 7536
f 497 7537 7539
f 1920 7538 7537
f 1919 7539 7538
f 7537 7538 7539
f 1918 7535 7532
f 1919 7538 7535
f 1920 7532 7538
f 7535 7538 7532
f 496 7530 7516
f 1916 7540 7530
f 1913 7516 7540
f 7530 7540 7516
f 497 7539 7525
f 1919 7541 7539
f 1916 7525 7541
f 7539 7541 7525
f 498 7521 7534
f 1913 7542 7521
f 1919 7534 7542
f 7521 7542 7534
f 1916 7541 7540
f 1919 7542 7541
f 1913 7540 7542
f 7541 7542 7540
f 38 7543 7545
f 1921 7544 7543
f 1923 7545 7544
f 7543 7544 7545
f 499 7546 7548
f 1922 7547 7546
f 1921 7548 7547
f 7546 7547 7548
f 501 7549 7551
f 1923 7550 7549
f 1922 7551 7550
f 7549 7550 7551
f 1921 7547 7544
f 1922 7550 7547
f 1923 7544 7550
f 7547 7550 7544
f 135 7552 7554
f 1924 7553 7552
f 1926 7554 7553
f 7552 7553 7554
f 500 7555 7557
f 1925 7556 7555
f 1924 7557 7556
f 7555 7556 7557
f 499 7558 7560
f 1926 7559 7558
f 1925 7560 7559
f 7558 7559 7560
f 1924 7556 7553
f 1925 7559 7556
f 1926 7553 7559
f 7556 7559 7553
f 134 7561 7563
f 1927 7562 7561
f 1929 7563 7562
f 7561 7562 7563
f 501 7564 7566
f 1928 7565 7564
f 1927 7566 7565
f 7564 7565 7566
f 500 7567 7569
f 1929 7568 7567
f 1928 7569 7568
f 7567 7568 7569
f 1927 7565 7562
f 1928 7568 7565
f 1929 7562 7568
f 7565 7568 7562
f 499 7560 7546
f 1925 7570 7560
f 1922 7546 7570
f 7560 7570 7546
f 500 7569 7555
f 1928 7571 7569
f 1925 7555 7571
f 7569 7571 7555
f 501 7551 7564
f 1922 7572 7551
f 1928 7564 7572
f 7551 7572 7564
f 1925 7571 7570
f 1928 7572 7571
f 1922 7570 7572
f 7571 7572 7570
f 133 7533 7492
f 1920 7573 7533
f 1906 7492 7573
f 7533 7573 7492
f 497 7574 7537
f 1930 7575 7574
f 1920 7537 7575
f 7574 7575 7537
f 494 7497 7577
f 1906 7576 7497
f 1930 7577 7576
f 7497 7576 7577
f 1920 7575 7573
f 1930 7576 7575
f 1906 7573 7576
f 7575 7576 7573
f 134 7563 7522
f 1929 7578 7563
f 1915 7522 7578
f 7563 7578 7522
f 500 7579 7567
f 1931 7580 7579
f 1929 7567 7580
f 7579 7580 7567
f 497 7527 7582
f 1915 7581 7527
f 1931 7582 7581
f 7527 7581 7582
f 1929 7580 7578
f 1931 7581 7580
f 1915 7578 7581
f 7580 7581 7578
f 135 7503 7552
f 1911 7583 7503
f 1924 7552 7583
f 7503 7583 7552
f 494 7584 7507
f 1932 7585 7584
f 1911 7507 7585
f 7584 7585 7507
f 500 7557 7587
f 1924 7586 7557
f 1932 7587 7586
f 7557 7586 7587
f 1911 7585 7583
f 1932 7586 7585
f 1924 7583 7586
f 7585 7586 7583
f 497 7582 7574
f 1931 7588 7582
f 1930 7574 7588
f 7582 7588 7574
f 500 7587 7579
f 1932 7589 7587
f 1931 7579 7589
f 7587 7589 7579
f 494 7577 7584
f 1930 7590 7577
f 1932 7584 7590
f 7577 7590 7584
f 1931 7589 7588
f 1932 7590 7589
f 1930 7588 7590
f 7589 7590 7588
f 37 7440 7309
f 1894 7591 7440
f 1858 7309 7591
f 7440 7591 7309
f 492 7592 7443
f 1933 7593 7592
f 1894 7443 7593
f 7592 7593 7443
f 481 7313 7595
f 1858 7594 7313
f 1933 7595 7594
f 7313 7594 7595
f 1894 7593 7591
f 1933 7594 7593
f 1858 7591 7594
f 7593 7594 7591
f 132 7596 7453
f 1934 7597 7596
f 1897 7453 7597
f 7596 7597 7453
f 502 7598 7600
f 1935 7599 7598
f 1934 7600 7599
f 7598 7599 7600
f 492 7458 7602
f 1897 7601 7458
f 1935 7602 7601
f 7458 7601 7602
f 1934 7599 7597
f 1935 7601 7599
f 1897 7597 7601
f 7599 7601 7597
f 129 7318 7604
f 1862 7603 7318
f 1937 7604 7603
f 7318 7603 7604
f 481 7605 7322
f 1936 7606 7605
f 1862 7322 7606
f 7605 7606 7322
f 502 7607 7609
f 1937 7608 7607
f 1936 7609 7608
f 7607 7608 7609
f 1862 7606 7603
f 1936 7608 7606
f 1937 7603 7608
f 7606 7608 7603
f 492 7602 7592
f 1935 7610 7602
f 1933 7592 7610
f 7602 7610 7592
f 502 7609 7598
f 1936 7611 7609
f 1935 7598 7611
f 7609 7611 7598
f 481 7595 7605
f 1933 7612 7595
f 1936 7605 7612
f 7595 7612 7605
f 1935 7611 7610
f 1936 7612 7611
f 1933 7610 7612
f 7611 7612 7610
f 38 7545 7409
f 1923 7613 7545
f 1884 7409 7613
f 7545 7613 7409
f 501 7614 7549
f 1938 7615 7614
f 1923 7549 7615
f 7614 7615 7549
f 488 7414 7617
f 1884 7616 7414
f 1938 7617 7616
f 7414 7616 7617
f 1923 7615 7613
f 1938 7616 7615
f 1884 7613 7616
f 7615 7616 7613
f 134 7618 7561
f 1939 7619 7618
f 1927 7561 7619
f 7618 7619 7561
f 503 7620 7622
f 1940 7621 7620
f 1939 7622 7621
f 7620 7621 7622
f 501 7566 7624
f 1927 7623 7566
f 1940 7624 7623
f 7566 7623 7624
f 1939 7621 7619
f 1940 7623 7621
f 1927 7619 7623
f 7621 7623 7619
f 132 7420 7626
f 1889 7625 7420
f 1942 7626 7625
f 7420 7625 7626
f 488 7627 7424
f 1941 7628 7627
f 1889 7424 7628
f 7627 7628 7424
f 503 7629 7631
f 1942 7630 7629
f 1941 7631 7630
f 7629 7630 7631
f 1889 7628 7625
f 1941 7630 7628
f 1942 7625 7630
f 7628 7630 7625
f 501 7624 7614
f 1940 7632 7624
f 1938 7614 7632
f 7624 7632 7614
f 503 7631 7620
f 1941 7633 7631
f 1940 7620 7633
f 7631 7633 7620
f 488 7617 7627
f 1938 7634 7617
f 1941 7627 7634
f 7617 7634 7627
f 1940 7633 7632
f 1941 7634 7633
f 1938 7632 7634
f 7633 7634 7632
f 39 7337 7513
f 1867 7635 7337
f 1912 7513 7635
f 7337 7635 7513
f 485 7636 7341
f 1943 7637 7636
f 1867 7341 7637
f 7636 7637 7341
f 496 7518 7639
f 1912 7638 7518
f 1943 7639 7638
f 7518 7638 7639
f 1867 7637 7635
f 1943 7638 7637
f 1912 7635 7638
f 7637 7638 7635
f 129 7640 7353
f 1944 7641 7640
f 1871 7353 7641
f 7640 7641 7353
f 504 7642 7644
f 1945 7643 7642
f 1944 7644 7643
f 7642 7643 7644
f 485 7358 7646
f 1871 7645 7358
f 1945 7646 7645
f 7358 7645 7646
f 1944 7643 7641
f 1945 7645 7643
f 1871 7641 7645
f 7643 7645 7641
f 134 7524 7648
f 1917 7647 7524
f 1947 7648 7647
f 7524 7647 7648
f 496 7649 7528
f 1946 7650 7649
f 1917 7528 7650
f 7649 7650 7528
f 504 7651 7653
f 1947 7652 7651
f 1946 7653 7652
f 7651 7652 7653
f 1917 7650 7647
f 1946 7652 7650
f 1947 7647 7652
f 7650 7652 7647
f 485 7646 7636
f 1945 7654 7646
f 1943 7636 7654
f 7646 7654 7636
f 504 7653 7642
f 1946 7655 7653
f 1945 7642 7655
f 7653 7655 7642
f 496 7639 7649
f 1943 7656 7639
f 1946 7649 7656
f 7639 7656 7649
f 1945 7655 7654
f 1946 7656 7655
f 1943 7654 7656
f 7655 7656 7654
f 132 7626 7596
f 1942 7657 7626
f 1934 7596 7657
f 7626 7657 7596
f 503 7658 7629
f 1948 7659 7658
f 1942 7629 7659
f 7658 7659 7629
f 502 7600 7661
f 1934 7660 7600
f 1948 7661 7660
f 7600 7660 7661
f 1942 7659 7657
f 1948 7660 7659
f 1934 7657 7660
f 7659 7660 7657
f 134 7648 7618
f 1947 7662 7648
f 1939 7618 7662
f 7648 7662 7618
f 504 7663 7651
f 1949 7664 7663
f 1947 7651 7664
f 7663 7664 7651
f 503 7622 7666
f 1939 7665 7622
f 1949 7666 7665
f 7622 7665 7666
f 1947 7664 7662
f 1949 7665 7664
f 1939 7662 7665
f 7664 7665 7662
f 129 7604 7640
f 1937 7667 7604
f 1944 7640 7667
f 7604 7667 7640
f 502 7668 7607
f 1950 7669 7668
f 1937 7607 7669
f 7668 7669 7607
f 504 7644 7671
f 1944 7670 7644
f 1950 7671 7670
f 7644 7670 7671
f 1937 7669 7667
f 1950 7670 7669
f 1944 7667 7670
f 7669 7670 7667
f 503 7666 7658
f 1949 7672 7666
f 1948 7658 7672
f 7666 7672 7658
f 504 7671 7663
f 1950 7673 7671
f 1949 7663 7673
f 7671 7673 7663
f 502 7661 7668
f 1948 7674 7661
f 1950 7668 7674
f 7661 7674 7668
f 1949 7673 7672
f 1950 7674 7673
f 1948 7672 7674
f 7673 7674 7672
f 4 7284 7676
f 1852 7675 7284
f 1952 7676 7675
f 7284 7675 7676
f 480 7677 7287
f 1951 7678 7677
f 1852 7287 7678
f 7677 7678 7287
f 506 7679 7681
f 1952 7680 7679
f 1951 7681 7680
f 7679 7680 7681
f 1852 7678 7675
f 1951 7680 7678
f 1952 7675 7680
f 7678 7680 7675
f 130 7682 7297
f 1953 7683 7682
f 1855 7297 7683
f 7682 7683 7297
f 505 7684 7686
f 1954 7685 7684
f 1953 7686 7685
f 7684 7685 7686
f 480 7302 7688
f 1855 7687 7302
f 1954 7688 7687
f 7302 7687 7688
f 1953 7685 7683
f 1954 7687 7685
f 1855 7683 7687
f 7685 7687 7683
f 137 7689 7691
f 1955 7690 7689
f 1957 7691 7690
f 7689 7690 7691
f 506 7692 7694
f 1956 7693 7692
f 1955 7694 7693
f 7692 7693 7694
f 505 7695 7697
f 1957 7696 7695
f 1956 7697 7696
f 7695 7696 7697
f 1955 7693 7690
f 1956 7696 7693
f 1957 7690 7696
f 7693 7696 7690
f 480 7688 7677
f 1954 7698 7688
f 1951 7677 7698
f 7688 7698 7677
f 505 7697 7684
f 1956 7699 7697
f 1954 7684 7699
f 7697 7699 7684
f 506 7681 7692
f 1951 7700 7681
f 1956 7692 7700
f 7681 7700 7692
f 1954 7699 7698
f 1956 7700 7699
f 1951 7698 7700
f 7699 7700 7698
f 39 7701 7335
f 1958 7702 7701
f 1865 7335 7702
f 7701 7702 7335
f 507 7703 7705
f 1959 7704 7703
f 1958 7705 7704
f 7703 7704 7705
f 483 7340 7707
f 1865 7706 7340
f 1959 7707 7706
f 7340 7706 7707
f 1958 7704 7702
f 1959 7706 7704
f 1865 7702 7706
f 7704 7706 7702
f 136 7708 7710
f 1960 7709 7708
f 1962 7710 7709
f 7708 7709 7710
f 508 7711 7713
f 1961 7712 7711
f 1960 7713 7712
f 7711 7712 7713
f 507 7714 7716
f 1962 7715 7714
f 1961 7716 7715
f 7714 7715 7716
f 1960 7712 7709
f 1961 7715 7712
f 1962 7709 7715
f 7712 7715 7709
f 130 7346 7718
f 1870 7717 7346
f 1964 7718 7717
f 7346 7717 7718
f 483 7719 7350
f 1963 7720 7719
f 1870 7350 7720
f 7719 7720 7350
f 508 7721 7723
f 1964 7722 7721
f 1963 7723 7722
f 7721 7722 7723
f 1870 7720 7717
f 1963 7722 7720
f 1964 7717 7722
f 7720 7722 7717
f 507 7716 7703
f 1961 7724 7716
f 1959 7703 7724
f 7716 7724 7703
f 508 7723 7711
f 1963 7725 7723
f 1961 7711 7725
f 7723 7725 7711
f 483 7707 7719
f 1959 7726 7707
f 1963 7719 7726
f 7707 7726 7719
f 1961 7725 7724
f 1963 7726 7725
f 1959 7724 7726
f 7725 7726 7724
f 41 7727 7729
f 1965 7728 7727
f 1967 7729 7728
f 7727 7728 7729
f 509 7730 7732
f 1966 7731 7730
f 1965 7732 7731
f 7730 7731 7732
f 511 7733 7735
f 1967 7734 7733
f 1966 7735 7734
f 7733 7734 7735
f 1965 7731 7728
f 1966 7734 7731
f 1967 7728 7734
f 7731 7734 7728
f 137 7736 7738
f 1968 7737 7736
f 1970 7738 7737
f 7736 7737 7738
f 510 7739 7741
f 1969 7740 7739
f 1968 7741 7740
f 7739 7740 7741
f 509 7742 7744
f 1970 7743 7742
f 1969 7744 7743
f 7742 7743 7744
f 1968 7740 7737
f 1969 7743 7740
f 1970 7737 7743
f 7740 7743 7737
f 136 7745 7747
f 1971 7746 7745
f 1973 7747 7746
f 7745 7746 7747
f 511 7748 7750
f 1972 7749 7748
f 1971 7750 7749
f 7748 7749 7750
f 510 7751 7753
f 1973 7752 7751
f 1972 7753 7752
f 7751 7752 7753
f 1971 7749 7746
f 1972 7752 7749
f 1973 7746 7752
f 7749 7752 7746
f 509 7744 7730
f 1969 7754 7744
f 1966 7730 7754
f 7744 7754 7730
f 510 7753 7739
f 1972 7755 7753
f 1969 7739 7755
f 7753 7755 7739
f 511 7735 7748
f 1966 7756 7735
f 1972 7748 7756
f 7735 7756 7748
f 1969 7755 7754
f 1972 7756 7755
f 1966 7754 7756
f 7755 7756 7754
f 130 7718 7682
f 1964 7757 7718
f 1953 7682 7757
f 7718 7757 7682
f 508 7758 7721
f 1974 7759 7758
f 1964 7721 7759
f 7758 7759 7721
f 505 7686 7761
f 1953 7760 7686
f 1974 7761 7760
f 7686 7760 7761
f 1964 7759 7757
f 1974 7760 7759
f 1953 7757 7760
f 7759 7760 7757
f 136 7747 7708
f 1973 7762 7747
f 1960 7708 7762
f 7747 7762 7708
f 510 7763 7751
f 1975 7764 7763
f 1973 7751 7764
f 7763 7764 7751
f 508 7713 7766
f 1960 7765 7713
f 1975 7766 7765
f 7713 7765 7766
f 1973 7764 7762
f 1975 7765 7764
f 1960 7762 7765
f 7764 7765 7762
f 137 7691 7736
f 1957 7767 7691
f 1968 7736 7767
f 7691 7767 7736
f 505 7768 7695
f 1976 7769 7768
f 1957 7695 7769
f 7768 7769 7695
f 510 7741 7771
f 1968 7770 7741
f 1976 7771 7770
f 7741 7770 7771
f 1957 7769 7767
f 1976 7770 7769
f 1968 7767 7770
f 7769 7770 7767
f 508 7766 7758
f 1975 7772 7766
f 1974 7758 7772
f 7766 7772 7758
f 510 7771 7763
f 1976 7773 7771
f 1975 7763 7773
f 7771 7773 7763
f 505 7761 7768
f 1974 7774 7761
f 1976 7768 7774
f 7761 7774 7768
f 1975 7773 7772
f 1976 7774 7773
f 1974 7772 7774
f 7773 7774 7772
f 7 7775 7483
f 1977 7776 7775
f 1903 7483 7776
f 7775 7776 7483
f 512 7777 7779
f 1978 7778 7777
f 1977 7779 7778
f 7777 7778 7779
f 493 7488 7781
f 1903 7780 7488
f 1978 7781 7780
f 7488 7780 7781
f 1977 7778 7776
f 1978 7780 7778
f 1903 7776 7780
f 7778 7780 7776
f 138 7782 7784
f 1979 7783 7782
f 1981 7784 7783
f 7782 7783 7784
f 513 7785 7787
f 1980 7786 7785
f 1979 7787 7786
f 7785 7786 7787
f 512 7788 7790
f 1981 7789 7788
f 1980 7790 7789
f 7788 7789 7790
f 1979 7786 7783
f 1980 7789 7786
f 1981 7783 7789
f 7786 7789 7783
f 133 7494 7792
f 1908 7791 7494
f 1983 7792 7791
f 7494 7791 7792
f 493 7793 7498
f 1982 7794 7793
f 1908 7498 7794
f 7793 7794 7498
f 513 7795 7797
f 1983 7796 7795
f 1982 7797 7796
f 7795 7796 7797
f 1908 7794 7791
f 1982 7796 7794
f 1983 7791 7796
f 7794 7796 7791
f 512 7790 7777
f 1980 7798 7790
f 1978 7777 7798
f 7790 7798 7777
f 513 7797 7785
f 1982 7799 7797
f 1980 7785 7799
f 7797 7799 7785
f 493 7781 7793
f 1978 7800 7781
f 1982 7793 7800
f 7781 7800 7793
f 1980 7799 7798
f 1982 7800 7799
f 1978 7798 7800
f 7799 7800 7798
f 40 7801 7803
f 1984 7802 7801
f 1986 7803 7802
f 7801 7802 7803
f 514 7804 7806
f 1985 7805 7804
f 1984 7806 7805
f 7804 7805 7806
f 516 7807 7809
f 1986 7808 7807
f 1985 7809 7808
f 7807 7808 7809
f 1984 7805 7802
f 1985 7808 7805
f 1986 7802 7808
f 7805 7808 7802
f 139 7810 7812
f 1987 7811 7810
f 1989 7812 7811
f 7810 7811 7812
f 515 7813 7815
f 1988 7814 7813
f 1987 7815 7814
f 7813 7814 7815
f 514 7816 7818
f 1989 7817 7816
f 1988 7818 7817
f 7816 7817 7818
f 1987 7814 7811
f 1988 7817 7814
f 1989 7811 7817
f 7814 7817 7811
f 138 7819 7821
f 1990 7820 7819
f 1992 7821 7820
f 7819 7820 7821
f 516 7822 7824
f 1991 7823 7822
f 1990 7824 7823
f 7822 7823 7824
f 515 7825 7827
f 1992 7826 7825
f 1991 7827 7826
f 7825 7826 7827
f 1990 7823 7820
f 1991 7826 7823
f 1992 7820 7826
f 7823 7826 7820
f 514 7818 7804
f 1988 7828 7818
f 1985 7804 7828
f 7818 7828 7804
f 515 7827 7813
f 1991 7829 7827
f 1988 7813 7829
f 7827 7829 7813
f 516 7809 7822
f 1985 7830 7809
f 1991 7822 7830
f 7809 7830 7822
f 1988 7829 7828
f 1991 7830 7829
f 1985 7828 7830
f 7829 7830 7828
f 39 7515 7832
f 1914 7831 7515
f 1994 7832 7831
f 7515 7831 7832
f 498 7833 7519
f 1993 7834 7833
f 1914 7519 7834
f 7833 7834 7519
f 518 7835 7837
f 1994 7836 7835
f 1993 7837 7836
f 7835 7836 7837
f 1914 7834 7831
f 1993 7836 7834
f 1994 7831 7836
f 7834 7836 7831
f 133 7838 7531
f 1995 7839 7838
f 1918 7531 7839
f 7838 7839 7531
f 517 7840 7842
f 1996 7841 7840
f 1995 7842 7841
f 7840 7841 7842
f 498 7536 7844
f 1918 7843 7536
f 1996 7844 7843
f 7536 7843 7844
f 1995 7841 7839
f 1996 7843 7841
f 1918 7839 7843
f 7841 7843 7839
f 139 7845 7847
f 1997 7846 7845
f 1999 7847 7846
f 7845 7846 7847
f 518 7848 7850
f 1998 7849 7848
f 1997 7850 7849
f 7848 7849 7850
f 517 7851 7853
f 1999 7852 7851
f 1998 7853 7852
f 7851 7852 7853
f 1997 7849 7846
f 1998 7852 7849
f 1999 7846 7852
f 7849 7852 7846
f 498 7844 7833
f 1996 7854 7844
f 1993 7833 7854
f 7844 7854 7833
f 517 7853 7840
f 1998 7855 7853
f 1996 7840 7855
f 7853 7855 7840
f 518 7837 7848
f 1993 7856 7837
f 1998 7848 7856
f 7837 7856 7848
f 1996 7855 7854
f 1998 7856 7855
f 1993 7854 7856
f 7855 7856 7854
f 138 7821 7782
f 1992 7857 7821
f 1979 7782 7857
f 7821 7857 7782
f 515 7858 7825
f 2000 7859 7858
f 1992 7825 7859
f 7858 7859 7825
f 513 7787 7861
f 1979 7860 7787
f 2000 7861 7860
f 7787 7860 7861
f 1992 7859 7857
f 2000 7860 7859
f 1979 7857 7860
f 7859 7860 7857
f 139 7847 7810
f 1999 7862 7847
f 1987 7810 7862
f 7847 7862 7810
f 517 7863 7851
f 2001 7864 7863
f 1999 7851 7864
f 7863 7864 7851
f 515 7815 7866
f 1987 7865 7815
f 2001 7866 7865
f 7815 7865 7866
f 1999 7864 7862
f 2001 7865 7864
f 1987 7862 7865
f 7864 7865 7862
f 133 7792 7838
f 1983 7867 7792
f 1995 7838 7867
f 7792 7867 7838
f 513 7868 7795
f 2002 7869 7868
f 1983 7795 7869
f 7868 7869 7795
f 517 7842 7871
f 1995 7870 7842
f 2002 7871 7870
f 7842 7870 7871
f 1983 7869 7867
f 2002 7870 7869
f 1995 7867 7870
f 7869 7870 7867
f 515 7866 7858
f 2001 7872 7866
f 2000 7858 7872
f 7866 7872 7858
f 517 7871 7863
f 2002 7873 7871
f 2001 7863 7873
f 7871 7873 7863
f 513 7861 7868
f 2000 7874 7861
f 2002 7868 7874
f 7861 7874 7868
f 2001 7873 7872
f 2002 7874 7873
f 2000 7872 7874
f 7873 7874 7872
f 9 7875 7877
f 2003 7876 7875
f 2005 7877 7876
f 7875 7876 7877
f 519 7878 7880
f 2004 7879 7878
f 2003 7880 7879
f 7878 7879 7880
f 521 7881 7883
f 2005 7882 7881
f 2004 7883 7882
f 7881 7882 7883
f 2003 7879 7876
f 2004 7882 7879
f 2005 7876 7882
f 7879 7882 7876
f 140 7884 7886
f 2006 7885 7884
f 2008 7886 7885
f 7884 7885 7886
f 520 7887 7889
f 2007 7888 7887
f 2006 7889 7888
f 7887 7888 7889
f 519 7890 7892
f 2008 7891 7890
f 2007 7892 7891
f 7890 7891 7892
f 2006 7888 7885
f 2007 7891 7888
f 2008 7885 7891
f 7888 7891 7885
f 142 7893 7895
f 2009 7894 7893
f 2011 7895 7894
f 7893 7894 7895
f 521 7896 7898
f 2010 7897 7896
f 2009 7898 7897
f 7896 7897 7898
f 520 7899 7901
f 2011 7900 7899
f 2010 7901 7900
f 7899 7900 7901
f 2009 7897 7894
f 2010 7900 7897
f 2011 7894 7900
f 7897 7900 7894
f 519 7892 7878
f 2007 7902 7892
f 2004 7878 7902
f 7892 7902 7878
f 520 7901 7887
f 2010 7903 7901
f 2007 7887 7903
f 7901 7903 7887
f 521 7883 7896
f 2004 7904 7883
f 2010 7896 7904
f 7883 7904 7896
f 2007 7903 7902
f 2010 7904 7903
f 2004 7902 7904
f 7903 7904 7902
f 41 7905 7907
f 2012 7906 7905
f 2014 7907 7906
f 7905 7906 7907
f 522 7908 7910
f 2013 7909 7908
f 2012 7910 7909
f 7908 7909 7910
f 524 7911 7913
f 2014 7912 7911
f 2013 7913 7912
f 7911 7912 7913
f 2012 7909 7906
f 2013 7912 7909
f 2014 7906 7912
f 7909 7912 7906
f 141 7914 7916
f 2015 7915 7914
f 2017 7916 7915
f 7914 7915 7916
f 523 7917 7919
f 2016 7918 7917
f 2015 7919 7918
f 7917 7918 7919
f 522 7920 7922
f 2017 7921 7920
f 2016 7922 7921
f 7920 7921 7922
f 2015 7918 7915
f 2016 7921 7918
f 2017 7915 7921
f 7918 7921 7915
f 140 7923 7925
f 2018 7924 7923
f 2020 7925 7924
f 7923 7924 7925
f 524 7926 7928
f 2019 7927 7926
f 2018 7928 7927
f 7926 7927 7928
f 523 7929 7931
f 2020 7930 7929
f 2019 7931 7930
f 7929 7930 7931
f 2018 7927 7924
f 2019 7930 7927
f 2020 7924 7930
f 7927 7930 7924
f 522 7922 7908
f 2016 7932 7922
f 2013 7908 7932
f 7922 7932 7908
f 523 7931 7917
f 2019 7933 7931
f 2016 7917 7933
f 7931 7933 7917
f 524 7913 7926
f 2013 7934 7913
f 2019 7926 7934
f 7913 7934 7926
f 2016 7933 7932
f 2019 7934 7933
f 2013 7932 7934
f 7933 7934 7932
f 40 7935 7937
f 2021 7936 7935
f 2023 7937 7936
f 7935 7936 7937
f 525 7938 7940
f 2022 7939 7938
f 2021 7940 7939
f 7938 7939 7940
f 527 7941 7943
f 2023 7942 7941
f 2022 7943 7942
f 7941 7942 7943
f 2021 7939 7936
f 2022 7942 7939
f 2023 7936 7942
f 7939 7942 7936
f 142 7944 7946
f 2024 7945 7944
f 2026 7946 7945
f 7944 7945 7946
f 526 7947 7949
f 2025 7948 7947
f 2024 7949 7948
f 7947 7948 7949
f 525 7950 7952
f 2026 7951 7950
f 2025 7952 7951
f 7950 7951 7952
f 2024 7948 7945
f 2025 7951 7948
f 2026 7945 7951
f 7948 7951 7945
f 141 7953 7955
f 2027 7954 7953
f 2029 7955 7954
f 7953 7954 7955
f 527 7956 7958
f 2028 7957 7956
f 2027 7958 7957
f 7956 7957 7958
f 526 7959 7961
f 2029 7960 7959
f 2028 7961 7960
f 7959 7960 7961
f 2027 7957 7954
f 2028 7960 7957
f 2029 7954 7960
f 7957 7960 7954
f 525 7952 7938
f 2025 7962 7952
f 2022 7938 7962
f 7952 7962 7938
f 526 7961 7947
f 2028 7963 7961
f 2025 7947 7963
f 7961 7963 7947
f 527 7943 7956
f 2022 7964 7943
f 2028 7956 7964
f 7943 7964 7956
f 2025 7963 7962
f 2028 7964 7963
f 2022 7962 7964
f 7963 7964 7962
f 140 7925 7884
f 2020 7965 7925
f 2006 7884 7965
f 7925 7965 7884
f 523 7966 7929
f 2030 7967 7966
f 2020 7929 7967
f 7966 7967 7929
f 520 7889 7969
f 2006 7968 7889
f 2030 7969 7968
f 7889 7968 7969
f 2020 7967 7965
f 2030 7968 7967
f 2006 7965 7968
f 7967 7968 7965
f 141 7955 7914
f 2029 7970 7955
f 2015 7914 7970
f 7955 7970 7914
f 526 7971 7959
f 2031 7972 7971
f 2029 7959 7972
f 7971 7972 7959
f 523 7919 7974
f 2015 7973 7919
f 2031 7974 7973
f 7919 7973 7974
f 2029 7972 7970
f 2031 7973 7972
f 2015 7970 7973
f 7972 7973 7970
f 142 7895 7944
f 2011 7975 7895
f 2024 7944 7975
f 7895 7975 7944
f 520 7976 7899
f 2032 7977 7976
f 2011 7899 7977
f 7976 7977 7899
f 526 7949 7979
f 2024 7978 7949
f 2032 7979 7978
f 7949 7978 7979
f 2011 7977 7975
f 2032 7978 7977
f 2024 7975 7978
f 7977 7978 7975
f 523 7974 7966
f 2031 7980 7974
f 2030 7966 7980
f 7974 7980 7966
f 526 7979 7971
f 2032 7981 7979
f 2031 7971 7981
f 7979 7981 7971
f 520 7969 7976
f 2030 7982 7969
f 2032 7976 7982
f 7969 7982 7976
f 2031 7981 7980
f 2032 7982 7981
f 2030 7980 7982
f 7981 7982 7980
f 39 7832 7701
f 1994 7983 7832
f 1958 7701 7983
f 7832 7983 7701
f 518 7984 7835
f 2033 7985 7984
f 1994 7835 7985
f 7984 7985 7835
f 507 7705 7987
f 1958 7986 7705
f 2033 7987 7986
f 7705 7986 7987
f 1994 7985 7983
f 2033 7986 7985
f 1958 7983 7986
f 7985 7986 7983
f 139 7988 7845
f 2034 7989 7988
f 1997 7845 7989
f 7988 7989 7845
f 528 7990 7992
f 2035 7991 7990
f 2034 7992 7991
f 7990 7991 7992
f 518 7850 7994
f 1997 7993 7850
f 2035 7994 7993
f 7850 7993 7994
f 2034 7991 7989
f 2035 7993 7991
f 1997 7989 7993
f 7991 7993 7989
f 136 7710 7996
f 1962 7995 7710
f 2037 7996 7995
f 7710 7995 7996
f 507 7997 7714
f 2036 7998 7997
f 1962 7714 7998
f 7997 7998 7714
f 528 7999 8001
f 2037 8000 7999
f 2036 8001 8000
f 7999 8000 8001
f 1962 7998 7995
f 2036 8000 7998
f 2037 7995 8000
f 7998 8000 7995
f 518 7994 7984
f 2035 8002 7994
f 2033 7984 8002
f 7994 8002 7984
f 528 8001 7990
f 2036 8003 8001
f 2035 7990 8003
f 8001 8003 7990
f 507 7987 7997
f 2033 8004 7987
f 2036 7997 8004
f 7987 8004 7997
f 2035 8003 8002
f 2036 8004 8003
f 2033 8002 8004
f 8003 8004 8002
f 40 7937 7801
f 2023 8005 7937
f 1984 7801 8005
f 7937 8005 7801
f 527 8006 7941
f 2038 8007 8006
f 2023 7941 8007
f 8006 8007 7941
f 514 7806 8009
f 1984 8008 7806
f 2038 8009 8008
f 7806 8008 8009
f 2023 8007 8005
f 2038 8008 8007
f 1984 8005 8008
f 8007 8008 8005
f 141 8010 7953
f 2039 8011 8010
f 2027 7953 8011
f 8010 8011 7953
f 529 8012 8014
f 2040 8013 8012
f 2039 8014 8013
f 8012 8013 8014
f 527 7958 8016
f 2027 8015 7958
f 2040 8016 8015
f 7958 8015 8016
f 2039 8013 8011
f 2040 8015 8013
f 2027 8011 8015
f 8013 8015 8011
f 139 7812 8018
f 1989 8017 7812
f 2042 8018 8017
f 7812 8017 8018
f 514 8019 7816
f 2041 8020 8019
f 1989 7816 8020
f 8019 8020 7816
f 529 8021 8023
f 2042 8022 8021
f 2041 8023 8022
f 8021 8022 8023
f 1989 8020 8017
f 2041 8022 8020
f 2042 8017 8022
f 8020 8022 8017
f 527 8016 8006
f 2040 8024 8016
f 2038 8006 8024
f 8016 8024 8006
f 529 8023 8012
f 2041 8025 8023
f 2040 8012 8025
f 8023 8025 8012
f 514 8009 8019
f 2038 8026 8009
f 2041 8019 8026
f 8009 8026 8019
f 2040 8025 8024
f 2041 8026 8025
f 2038 8024 8026
f 8025 8026 8024
f 41 7729 7905
f 1967 8027 7729
f 2012 7905 8027
f 7729 8027 7905
f 511 8028 7733
f 2043 8029 8028
f 1967 7733 8029
f 8028 8029 7733
f 522 7910 8031
f 2012 8030 7910
f 2043 8031 8030
f 7910 8030 8031
f 1967 8029 8027
f 2043 8030 8029
f 2012 8027 8030
f 8029 8030 8027
f 136 8032 7745
f 2044 8033 8032
f 1971 7745 8033
f 8032 8033 7745
f 530 8034 8036
f 2045 8035 8034
f 2044 8036 8035
f 8034 8035 8036
f 511 7750 8038
f 1971 8037 7750
f 2045 8038 8037
f 7750 8037 8038
f 2044 8035 8033
f 2045 8037 8035
f 1971 8033 8037
f 8035 8037 8033
f 141 7916 8040
f 2017 8039 7916
f 2047 8040 8039
f 7916 8039 8040
f 522 8041 7920
f 2046 8042 8041
f 2017 7920 8042
f 8041 8042 7920
f 530 8043 8045
f 2047 8044 8043
f 2046 8045 8044
f 8043 8044 8045
f 2017 8042 8039
f 2046 8044 8042
f 2047 8039 8044
f 8042 8044 8039
f 511 8038 8028
f 2045 8046 8038
f 2043 8028 8046
f 8038 8046 8028
f 530 8045 8034
f 2046 8047 8045
f 2045 8034 8047
f 8045 8047 8034
f 522 8031 8041
f 2043 8048 8031
f 2046 8041 8048
f 8031 8048 8041
f 2045 8047 8046
f 2046 8048 8047
f 2043 8046 8048
f 8047 8048 8046
f 139 8018 7988
f 2042 8049 8018
f 2034 7988 8049
f 8018 8049 7988
f 529 8050 8021
f 2048 8051 8050
f 2042 8021 8051
f 8050 8051 8021
f 528 7992 8053
f 2034 8052 7992
f 2048 8053 8052
f 7992 8052 8053
f 2042 8051 8049
f 2048 8052 8051
f 2034 8049 8052
f 8051 8052 8049
f 141 8040 8010
f 2047 8054 8040
f 2039 8010 8054
f 8040 8054 8010
f 530 8055 8043
f 2049 8056 8055
f 2047 8043 8056
f 8055 8056 8043
f 529 8014 8058
f 2039 8057 8014
f 2049 8058 8057
f 8014 8057 8058
f 2047 8056 8054
f 2049 8057 8056
f 2039 8054 8057
f 8056 8057 8054
f 136 7996 8032
f 2037 8059 7996
f 2044 8032 8059
f 7996 8059 8032
f 528 8060 7999
f 2050 8061 8060
f 2037 7999 8061
f 8060 8061 7999
f 530 8036 8063
f 2044 8062 8036
f 2050 8063 8062
f 8036 8062 8063
f 2037 8061 8059
f 2050 8062 8061
f 2044 8059 8062
f 8061 8062 8059
f 529 8058 8050
f 2049 8064 8058
f 2048 8050 8064
f 8058 8064 8050
f 530 8063 8055
f 2050 8065 8063
f 2049 8055 8065
f 8063 8065 8055
f 528 8053 8060
f 2048 8066 8053
f 2050 8060 8066
f 8053 8066 8060
f 2049 8065 8064
f 2050 8066 8065
f 2048 8064 8066
f 8065 8066 8064
f 4 7676 6483
f 1952 8067 7676
f 1643 6483 8067
f 7676 8067 6483
f 506 8068 7679
f 2051 8069 8068
f 1952 7679 8069
f 8068 8069 7679
f 423 6488 8071
f 1643 8070 6488
f 2051 8071 8070
f 6488 8070 8071
f 1952 8069 8067
f 2051 8070 8069
f 1643 8067 8070
f 8069 8070 8067
f 137 8072 7689
f 2052 8073 8072
f 1955 7689 8073
f 8072 8073 7689
f 531 8074 8076
f 2053 8075 8074
f 2052 8076 8075
f 8074 8075 8076
f 506 7694 8078
f 1955 8077 7694
f 2053 8078 8077
f 7694 8077 8078
f 2052 8075 8073
f 2053 8077 8075
f 1955 8073 8077
f 8075 8077 8073
f 113 6494 8080
f 1648 8079 6494
f 2055 8080 8079
f 6494 8079 8080
f 423 8081 6498
f 2054 8082 8081
f 1648 6498 8082
f 8081 8082 6498
f 531 8083 8085
f 2055 8084 8083
f 2054 8085 8084
f 8083 8084 8085
f 1648 8082 8079
f 2054 8084 8082
f 2055 8079 8084
f 8082 8084 8079
f 506 8078 8068
f 2053 8086 8078
f 2051 8068 8086
f 8078 8086 8068
f 531 8085 8074
f 2054 8087 8085
f 2053 8074 8087
f 8085 8087 8074
f 423 8071 8081
f 2051 8088 8071
f 2054 8081 8088
f 8071 8088 8081
f 2053 8087 8086
f 2054 8088 8087
f 2051 8086 8088
f 8087 8088 8086
f 41 8089 7727
f 2056 8090 8089
f 1965 7727 8090
f 8089 8090 7727
f 532 8091 8093
f 2057 8092 8091
f 2056 8093 8092
f 8091 8092 8093
f 509 7732 8095
f 1965 8094 7732
f 2057 8095 8094
f 7732 8094 8095
f 2056 8092 8090
f 2057 8094 8092
f 1965 8090 8094
f 8092 8094 8090
f 143 8096 8098
f 2058 8097 8096
f 2060 8098 8097
f 8096 8097 8098
f 533 8099 8101
f 2059 8100 8099
f 2058 8101 8100
f 8099 8100 8101
f 532 8102 8104
f 2060 8103 8102
f 2059 8104 8103
f 8102 8103 8104
f 2058 8100 8097
f 2059 8103 8100
f 2060 8097 8103
f 8100 8103 8097
f 137 7738 8106
f 1970 8105 7738
f 2062 8106 8105
f 7738 8105 8106
f 509 8107 7742
f 2061 8108 8107
f 1970 7742 8108
f 8107 8108 7742
f 533 8109 8111
f 2062 8110 8109
f 2061 8111 8110
f 8109 8110 8111
f 1970 8108 8105
f 2061 8110 8108
f 2062 8105 8110
f 8108 8110 8105
f 532 8104 8091
f 2059 8112 8104
f 2057 8091 8112
f 8104 8112 8091
f 533 8111 8099
f 2061 8113 8111
f 2059 8099 8113
f 8111 8113 8099
f 509 8095 8107
f 2057 8114 8095
f 2061 8107 8114
f 8095 8114 8107
f 2059 8113 8112
f 2061 8114 8113
f 2057 8112 8114
f 8113 8114 8112
f 33 6515 8116
f 1654 8115 6515
f 2064 8116 8115
f 6515 8115 8116
f 428 8117 6519
f 2063 8118 8117
f 1654 6519 8118
f 8117 8118 6519
f 535 8119 8121
f 2064 8120 8119
f 2063 8121 8120
f 8119 8120 8121
f 1654 8118 8115
f 2063 8120 8118
f 2064 8115 8120
f 8118 8120 8115
f 113 8122 6531
f 2065 8123 8122
f 1658 6531 8123
f 8122 8123 6531
f 534 8124 8126
f 2066 8125 8124
f 2065 8126 8125
f 8124 8125 8126
f 428 6536 8128
f 1658 8127 6536
f 2066 8128 8127
f 6536 8127 8128
f 2065 8125 8123
f 2066 8127 8125
f 1658 8123 8127
f 8125 8127 8123
f 143 8129 8131
f 2067 8130 8129
f 2069 8131 8130
f 8129 8130 8131
f 535 8132 8134
f 2068 8133 8132
f 2067 8134 8133
f 8132 8133 8134
f 534 8135 8137
f 2069 8136 8135
f 2068 8137 8136
f 8135 8136 8137
f 2067 8133 8130
f 2068 8136 8133
f 2069 8130 8136
f 8133 8136 8130
f 428 8128 8117
f 2066 8138 8128
f 2063 8117 8138
f 8128 8138 8117
f 534 8137 8124
f 2068 8139 8137
f 2066 8124 8139
f 8137 8139 8124
f 535 8121 8132
f 2063 8140 8121
f 2068 8132 8140
f 8121 8140 8132
f 2066 8139 8138
f 2068 8140 8139
f 2063 8138 8140
f 8139 8140 8138
f 137 8106 8072
f 2062 8141 8106
f 2052 8072 8141
f 8106 8141 8072
f 533 8142 8109
f 2070 8143 8142
f 2062 8109 8143
f 8142 8143 8109
f 531 8076 8145
f 2052 8144 8076
f 2070 8145 8144
f 8076 8144 8145
f 2062 8143 8141
f 2070 8144 8143
f 2052 8141 8144
f 8143 8144 8141
f 143 8131 8096
f 2069 8146 8131
f 2058 8096 8146
f 8131 8146 8096
f 534 8147 8135
f 2071 8148 8147
f 2069 8135 8148
f 8147 8148 8135
f 533 8101 8150
f 2058 8149 8101
f 2071 8150 8149
f 8101 8149 8150
f 2069 8148 8146
f 2071 8149 8148
f 2058 8146 8149
f 8148 8149 8146
f 113 8080 8122
f 2055 8151 8080
f 2065 8122 8151
f 8080 8151 8122
f 531 8152 8083
f 2072 8153 8152
f 2055 8083 8153
f 8152 8153 8083
f 534 8126 8155
f 2065 8154 8126
f 2072 8155 8154
f 8126 8154 8155
f 2055 8153 8151
f 2072 8154 8153
f 2065 8151 8154
f 8153 8154 8151
f 533 8150 8142
f 2071 8156 8150
f 2070 8142 8156
f 8150 8156 8142
f 534 8155 8147
f 2072 8157 8155
f 2071 8147 8157
f 8155 8157 8147
f 531 8145 8152
f 2070 8158 8145
f 2072 8152 8158
f 8145 8158 8152
f 2071 8157 8156
f 2072 8158 8157
f 2070 8156 8158
f 8157 8158 8156
f 9 8159 7875
f 2073 8160 8159
f 2003 7875 8160
f 8159 8160 7875
f 536 8161 8163
f 2074 8162 8161
f 2073 8163 8162
f 8161 8162 8163
f 519 7880 8165
f 2003 8164 7880
f 2074 8165 8164
f 7880 8164 8165
f 2073 8162 8160
f 2074 8164 8162
f 2003 8160 8164
f 8162 8164 8160
f 144 8166 8168
f 2075 8167 8166
f 2077 8168 8167
f 8166 8167 8168
f 537 8169 8171
f 2076 8170 8169
f 2075 8171 8170
f 8169 8170 8171
f 536 8172 8174
f 2077 8173 8172
f 2076 8174 8173
f 8172 8173 8174
f 2075 8170 8167
f 2076 8173 8170
f 2077 8167 8173
f 8170 8173 8167
f 140 7886 8176
f 2008 8175 7886
f 2079 8176 8175
f 7886 8175 8176
f 519 8177 7890
f 2078 8178 8177
f 2008 7890 8178
f 8177 8178 7890
f 537 8179 8181
f 2079 8180 8179
f 2078 8181 8180
f 8179 8180 8181
f 2008 8178 8175
f 2078 8180 8178
f 2079 8175 8180
f 8178 8180 8175
f 536 8174 8161
f 2076 8182 8174
f 2074 8161 8182
f 8174 8182 8161
f 537 8181 8169
f 2078 8183 8181
f 2076 8169 8183
f 8181 8183 8169
f 519 8165 8177
f 2074 8184 8165
f 2078 8177 8184
f 8165 8184 8177
f 2076 8183 8182
f 2078 8184 8183
f 2074 8182 8184
f 8183 8184 8182
f 42 8185 8187
f 2080 8186 8185
f 2082 8187 8186
f 8185 8186 8187
f 538 8188 8190
f 2081 8189 8188
f 2080 8190 8189
f 8188 8189 8190
f 540 8191 8193
f 2082 8192 8191
f 2081 8193 8192
f 8191 8192 8193
f 2080 8189 8186
f 2081 8192 8189
f 2082 8186 8192
f 8189 8192 8186
f 145 8194 8196
f 2083 8195 8194
f 2085 8196 8195
f 8194 8195 8196
f 539 8197 8199
f 2084 8198 8197
f 2083 8199 8198
f 8197 8198 8199
f 538 8200 8202
f 2085 8201 8200
f 2084 8202 8201
f 8200 8201 8202
f 2083 8198 8195
f 2084 8201 8198
f 2085 8195 8201
f 8198 8201 8195
f 144 8203 8205
f 2086 8204 8203
f 2088 8205 8204
f 8203 8204 8205
f 540 8206 8208
f 2087 8207 8206
f 2086 8208 8207
f 8206 8207 8208
f 539 8209 8211
f 2088 8210 8209
f 2087 8211 8210
f 8209 8210 8211
f 2086 8207 8204
f 2087 8210 8207
f 2088 8204 8210
f 8207 8210 8204
f 538 8202 8188
f 2084 8212 8202
f 2081 8188 8212
f 8202 8212 8188
f 539 8211 8197
f 2087 8213 8211
f 2084 8197 8213
f 8211 8213 8197
f 540 8193 8206
f 2081 8214 8193
f 2087 8206 8214
f 8193 8214 8206
f 2084 8213 8212
f 2087 8214 8213
f 2081 8212 8214
f 8213 8214 8212
f 41 7907 8216
f 2014 8215 7907
f 2090 8216 8215
f 7907 8215 8216
f 524 8217 7911
f 2089 8218 8217
f 2014 7911 8218
f 8217 8218 7911
f 542 8219 8221
f 2090 8220 8219
f 2089 8221 8220
f 8219 8220 8221
f 2014 8218 8215
f 2089 8220 8218
f 2090 8215 8220
f 8218 8220 8215
f 140 8222 7923
f 2091 8223 8222
f 2018 7923 8223
f 8222 8223 7923
f 541 8224 8226
f 2092 8225 8224
f 2091 8226 8225
f 8224 8225 8226
f 524 7928 8228
f 2018 8227 7928
f 2092 8228 8227
f 7928 8227 8228
f 2091 8225 8223
f 2092 8227 8225
f 2018 8223 8227
f 8225 8227 8223
f 145 8229 8231
f 2093 8230 8229
f 2095 8231 8230
f 8229 8230 8231
f 542 8232 8234
f 2094 8233 8232
f 2093 8234 8233
f 8232 8233 8234
f 541 8235 8237
f 2095 8236 8235
f 2094 8237 8236
f 8235 8236 8237
f 2093 8233 8230
f 2094 8236 8233
f 2095 8230 8236
f 8233 8236 8230
f 524 8228 8217
f 2092 8238 8228
f 2089 8217 8238
f 8228 8238 8217
f 541 8237 8224
f 2094 8239 8237
f 2092 8224 8239
f 8237 8239 8224
f 542 8221 8232
f 2089 8240 8221
f 2094 8232 8240
f 8221 8240 8232
f 2092 8239 8238
f 2094 8240 8239
f 2089 8238 8240
f 8239 8240 8238
f 144 8205 8166
f 2088 8241 8205
f 2075 8166 8241
f 8205 8241 8166
f 539 8242 8209
f 2096 8243 8242
f 2088 8209 8243
f 8242 8243 8209
f 537 8171 8245
f 2075 8244 8171
f 2096 8245 8244
f 8171 8244 8245
f 2088 8243 8241
f 2096 8244 8243
f 2075 8241 8244
f 8243 8244 8241
f 145 8231 8194
f 2095 8246 8231
f 2083 8194 8246
f 8231 8246 8194
f 541 8247 8235
f 2097 8248 8247
f 2095 8235 8248
f 8247 8248 8235
f 539 8199 8250
f 2083 8249 8199
f 2097 8250 8249
f 8199 8249 8250
f 2095 8248 8246
f 2097 8249 8248
f 2083 8246 8249
f 8248 8249 8246
f 140 8176 8222
f 2079 8251 8176
f 2091 8222 8251
f 8176 8251 8222
f 537 8252 8179
f 2098 8253 8252
f 2079 8179 8253
f 8252 8253 8179
f 541 8226 8255
f 2091 8254 8226
f 2098 8255 8254
f 8226 8254 8255
f 2079 8253 8251
f 2098 8254 8253
f 2091 8251 8254
f 8253 8254 8251
f 539 8250 8242
f 2097 8256 8250
f 2096 8242 8256
f 8250 8256 8242
f 541 8255 8247
f 2098 8257 8255
f 2097 8247 8257
f 8255 8257 8247
f 537 8245 8252
f 2096 8258 8245
f 2098 8252 8258
f 8245 8258 8252
f 2097 8257 8256
f 2098 8258 8257
f 2096 8256 8258
f 8257 8258 8256
f 10 6593 8260
f 1675 8259 6593
f 2100 8260 8259
f 6593 8259 8260
f 434 8261 6597
f 2099 8262 8261
f 1675 6597 8262
f 8261 8262 6597
f 544 8263 8265
f 2100 8264 8263
f 2099 8265 8264
f 8263 8264 8265
f 1675 8262 8259
f 2099 8264 8262
f 2100 8259 8264
f 8262 8264 8259
f 118 8266 6609
f 2101 8267 8266
f 1679 6609 8267
f 8266 8267 6609
f 543 8268 8270
f 2102 8269 8268
f 2101 8270 8269
f 8268 8269 8270
f 434 6614 8272
f 1679 8271 6614
f 2102 8272 8271
f 6614 8271 8272
f 2101 8269 8267
f 2102 8271 8269
f 1679 8267 8271
f 8269 8271 8267
f 147 8273 8275
f 2103 8274 8273
f 2105 8275 8274
f 8273 8274 8275
f 544 8276 8278
f 2104 8277 8276
f 2103 8278 8277
f 8276 8277 8278
f 543 8279 8281
f 2105 8280 8279
f 2104 8281 8280
f 8279 8280 8281
f 2103 8277 8274
f 2104 8280 8277
f 2105 8274 8280
f 8277 8280 8274
f 434 8272 8261
f 2102 8282 8272
f 2099 8261 8282
f 8272 8282 8261
f 543 8281 8268
f 2104 8283 8281
f 2102 8268 8283
f 8281 8283 8268
f 544 8265 8276
f 2099 8284 8265
f 2104 8276 8284
f 8265 8284 8276
f 2102 8283 8282
f 2104 8284 8283
f 2099 8282 8284
f 8283 8284 8282
f 33 8285 6651
f 2106 8286 8285
f 1691 6651 8286
f 8285 8286 6651
f 545 8287 8289
f 2107 8288 8287
f 2106 8289 8288
f 8287 8288 8289
f 438 6656 8291
f 1691 8290 6656
f 2107 8291 8290
f 6656 8290 8291
f 2106 8288 8286
f 2107 8290 8288
f 1691 8286 8290
f 8288 8290 8286
f 146 8292 8294
f 2108 8293 8292
f 2110 8294 8293
f 8292 8293 8294
f 546 8295 8297
f 2109 8296 8295
f 2108 8297 8296
f 8295 8296 8297
f 545 8298 8300
f 2110 8299 8298
f 2109 8300 8299
f 8298 8299 8300
f 2108 8296 8293
f 2109 8299 8296
f 2110 8293 8299
f 8296 8299 8293
f 118 6662 8302
f 1696 8301 6662
f 2112 8302 8301
f 6662 8301 8302
f 438 8303 6666
f 2111 8304 8303
f 1696 6666 8304
f 8303 8304 6666
f 546 8305 8307
f 2112 8306 8305
f 2111 8307 8306
f 8305 8306 8307
f 1696 8304 8301
f 2111 8306 8304
f 2112 8301 8306
f 8304 8306 8301
f 545 8300 8287
f 2109 8308 8300
f 2107 8287 8308
f 8300 8308 8287
f 546 8307 8295
f 2111 8309 8307
f 2109 8295 8309
f 8307 8309 8295
f 438 8291 8303
f 2107 8310 8291
f 2111 8303 8310
f 8291 8310 8303
f 2109 8309 8308
f 2111 8310 8309
f 2107 8308 8310
f 8309 8310 8308
f 42 8311 8313
f 2113 8312 8311
f 2115 8313 8312
f 8311 8312 8313
f 547 8314 8316
f 2114 8315 8314
f 2113 8316 8315
f 8314 8315 8316
f 549 8317 8319
f 2115 8318 8317
f 2114 8319 8318
f 8317 8318 8319
f 2113 8315 8312
f 2114 8318 8315
f 2115 8312 8318
f 8315 8318 8312
f 147 8320 8322
f 2116 8321 8320
f 2118 8322 8321
f 8320 8321 8322
f 548 8323 8325
f 2117 8324 8323
f 2116 8325 8324
f 8323 8324 8325
f 547 8326 8328
f 2118 8327 8326
f 2117 8328 8327
f 8326 8327 8328
f 2116 8324 8321
f 2117 8327 8324
f 2118 8321 8327
f 8324 8327 8321
f 146 8329 8331
f 2119 8330 8329
f 2121 8331 8330
f 8329 8330 8331
f 549 8332 8334
f 2120 8333 8332
f 2119 8334 8333
f 8332 8333 8334
f 548 8335 8337
f 2121 8336 8335
f 2120 8337 8336
f 8335 8336 8337
f 2119 8333 8330
f 2120 8336 8333
f 2121 8330 8336
f 8333 8336 8330
f 547 8328 8314
f 2117 8338 8328
f 2114 8314 8338
f 8328 8338 8314
f 548 8337 8323
f 2120 8339 8337
f 2117 8323 8339
f 8337 8339 8323
f 549 8319 8332
f 2114 8340 8319
f 2120 8332 8340
f 8319 8340 8332
f 2117 8339 8338
f 2120 8340 8339
f 2114 8338 8340
f 8339 8340 8338
f 118 8302 8266
f 2112 8341 8302
f 2101 8266 8341
f 8302 8341 8266
f 546 8342 8305
f 2122 8343 8342
f 2112 8305 8343
f 8342 8343 8305
f 543 8270 8345
f 2101 8344 8270
f 2122 8345 8344
f 8270 8344 8345
f 2112 8343 8341
f 2122 8344 8343
f 2101 8341 8344
f 8343 8344 8341
f 146 8331 8292
f 2121 8346 8331
f 2108 8292 8346
f 8331 8346 8292
f 548 8347 8335
f 2123 8348 8347
f 2121 8335 8348
f 8347 8348 8335
f 546 8297 8350
f 2108 8349 8297
f 2123 8350 8349
f 8297 8349 8350
f 2121 8348 8346
f 2123 8349 8348
f 2108 8346 8349
f 8348 8349 8346
f 147 8275 8320
f 2105 8351 8275
f 2116 8320 8351
f 8275 8351 8320
f 543 8352 8279
f 2124 8353 8352
f 2105 8279 8353
f 8352 8353 8279
f 548 8325 8355
f 2116 8354 8325
f 2124 8355 8354
f 8325 8354 8355
f 2105 8353 8351
f 2124 8354 8353
f 2116 8351 8354
f 8353 8354 8351
f 546 8350 8342
f 2123 8356 8350
f 2122 8342 8356
f 8350 8356 8342
f 548 8355 8347
f 2124 8357 8355
f 2123 8347 8357
f 8355 8357 8347
f 543 8345 8352
f 2122 8358 8345
f 2124 8352 8358
f 8345 8358 8352
f 2123 8357 8356
f 2124 8358 8357
f 2122 8356 8358
f 8357 8358 8356
f 41 8216 8089
f 2090 8359 8216
f 2056 8089 8359
f 8216 8359 8089
f 542 8360 8219
f 2125 8361 8360
f 2090 8219 8361
f 8360 8361 8219
f 532 8093 8363
f 2056 8362 8093
f 2125 8363 8362
f 8093 8362 8363
f 2090 8361 8359
f 2125 8362 8361
f 2056 8359 8362
f 8361 8362 8359
f 145 8364 8229
f 2126 8365 8364
f 2093 8229 8365
f 8364 8365 8229
f 550 8366 8368
f 2127 8367 8366
f 2126 8368 8367
f 8366 8367 8368
f 542 8234 8370
f 2093 8369 8234
f 2127 8370 8369
f 8234 8369 8370
f 2126 8367 8365
f 2127 8369 8367
f 2093 8365 8369
f 8367 8369 8365
f 143 8098 8372
f 2060 8371 8098
f 2129 8372 8371
f 8098 8371 8372
f 532 8373 8102
f 2128 8374 8373
f 2060 8102 8374
f 8373 8374 8102
f 550 8375 8377
f 2129 8376 8375
f 2128 8377 8376
f 8375 8376 8377
f 2060 8374 8371
f 2128 8376 8374
f 2129 8371 8376
f 8374 8376 8371
f 542 8370 8360
f 2127 8378 8370
f 2125 8360 8378
f 8370 8378 8360
f 550 8377 8366
f 2128 8379 8377
f 2127 8366 8379
f 8377 8379 8366
f 532 8363 8373
f 2125 8380 8363
f 2128 8373 8380
f 8363 8380 8373
f 2127 8379 8378
f 2128 8380 8379
f 2125 8378 8380
f 8379 8380 8378
f 42 8313 8185
f 2115 8381 8313
f 2080 8185 8381
f 8313 8381 8185
f 549 8382 8317
f 2130 8383 8382
f 2115 8317 8383
f 8382 8383 8317
f 538 8190 8385
f 2080 8384 8190
f 2130 8385 8384
f 8190 8384 8385
f 2115 8383 8381
f 2130 8384 8383
f 2080 8381 8384
f 8383 8384 8381
f 146 8386 8329
f 2131 8387 8386
f 2119 8329 8387
f 8386 8387 8329
f 551 8388 8390
f 2132 8389 8388
f 2131 8390 8389
f 8388 8389 8390
f 549 8334 8392
f 2119 8391 8334
f 2132 8392 8391
f 8334 8391 8392
f 2131 8389 8387
f 2132 8391 8389
f 2119 8387 8391
f 8389 8391 8387
f 145 8196 8394
f 2085 8393 8196
f 2134 8394 8393
f 8196 8393 8394
f 538 8395 8200
f 2133 8396 8395
f 2085 8200 8396
f 8395 8396 8200
f 551 8397 8399
f 2134 8398 8397
f 2133 8399 8398
f 8397 8398 8399
f 2085 8396 8393
f 2133 8398 8396
f 2134 8393 8398
f 8396 8398 8393
f 549 8392 8382
f 2132 8400 8392
f 2130 8382 8400
f 8392 8400 8382
f 551 8399 8388
f 2133 8401 8399
f 2132 8388 8401
f 8399 8401 8388
f 538 8385 8395
f 2130 8402 8385
f 2133 8395 8402
f 8385 8402 8395
f 2132 8401 8400
f 2133 8402 8401
f 2130 8400 8402
f 8401 8402 8400
f 33 8116 8285
f 2064 8403 8116
f 2106 8285 8403
f 8116 8403 8285
f 535 8404 8119
f 2135 8405 8404
f 2064 8119 8405
f 8404 8405 8119
f 545 8289 8407
f 2106 8406 8289
f 2135 8407 8406
f 8289 8406 8407
f 2064 8405 8403
f 2135 8406 8405
f 2106 8403 8406
f 8405 8406 8403
f 143 8408 8129
f 2136 8409 8408
f 2067 8129 8409
f 8408 8409 8129
f 552 8410 8412
f 2137 8411 8410
f 2136 8412 8411
f 8410 8411 8412
f 535 8134 8414
f 2067 8413 8134
f 2137 8414 8413
f 8134 8413 8414
f 2136 8411 8409
f 2137 8413 8411
f 2067 8409 8413
f 8411 8413 8409
f 146 8294 8416
f 2110 8415 8294
f 2139 8416 8415
f 8294 8415 8416
f 545 8417 8298
f 2138 8418 8417
f 2110 8298 8418
f 8417 8418 8298
f 552 8419 8421
f 2139 8420 8419
f 2138 8421 8420
f 8419 8420 8421
f 2110 8418 8415
f 2138 8420 8418
f 2139 8415 8420
f 8418 8420 8415
f 535 8414 8404
f 2137 8422 8414
f 2135 8404 8422
f 8414 8422 8404
f 552 8421 8410
f 2138 8423 8421
f 2137 8410 8423
f 8421 8423 8410
f 545 8407 8417
f 2135 8424 8407
f 2138 8417 8424
f 8407 8424 8417
f 2137 8423 8422
f 2138 8424 8423
f 2135 8422 8424
f 8423 8424 8422
f 145 8394 8364
f 2134 8425 8394
f 2126 8364 8425
f 8394 8425 8364
f 551 8426 8397
f 2140 8427 8426
f 2134 8397 8427
f 8426 8427 8397
f 550 8368 8429
f 2126 8428 8368
f 2140 8429 8428
f 8368 8428 8429
f 2134 8427 8425
f 2140 8428 8427
f 2126 8425 8428
f 8427 8428 8425
f 146 8416 8386
f 2139 8430 8416
f 2131 8386 8430
f 8416 8430 8386
f 552 8431 8419
f 2141 8432 8431
f 2139 8419 8432
f 8431 8432 8419
f 551 8390 8434
f 2131 8433 8390
f 2141 8434 8433
f 8390 8433 8434
f 2139 8432 8430
f 2141 8433 8432
f 2131 8430 8433
f 8432 8433 8430
f 143 8372 8408
f 2129 8435 8372
f 2136 8408 8435
f 8372 8435 8408
f 550 8436 8375
f 2142 8437 8436
f 2129 8375 8437
f 8436 8437 8375
f 552 8412 8439
f 2136 8438 8412
f 2142 8439 8438
f 8412 8438 8439
f 2129 8437 8435
f 2142 8438 8437
f 2136 8435 8438
f 8437 8438 8435
f 551 8434 8426
f 2141 8440 8434
f 2140 8426 8440
f 8434 8440 8426
f 552 8439 8431
f 2142 8441 8439
f 2141 8431 8441
f 8439 8441 8431
f 550 8429 8436
f 2140 8442 8429
f 2142 8436 8442
f 8429 8442 8436
f 2141 8441 8440
f 2142 8442 8441
f 2140 8440 8442
f 8441 8442 8440
f 5 6701 5115
f 1705 8443 6701
f 1295 5115 8443
f 6701 8443 5115
f 443 8444 6705
f 2143 8445 8444
f 1705 6705 8445
f 8444 8445 6705
f 333 5120 8447
f 1295 8446 5120
f 2143 8447 8446
f 5120 8446 8447
f 1705 8445 8443
f 2143 8446 8445
f 1295 8443 8446
f 8445 8446 8443
f 121 8448 6717
f 2144 8449 8448
f 1709 6717 8449
f 8448 8449 6717
f 553 8450 8452
f 2145 8451 8450
f 2144 8452 8451
f 8450 8451 8452
f 443 6722 8454
f 1709 8453 6722
f 2145 8454 8453
f 6722 8453 8454
f 2144 8451 8449
f 2145 8453 8451
f 1709 8449 8453
f 8451 8453 8449
f 89 5126 8456
f 1300 8455 5126
f 2147 8456 8455
f 5126 8455 8456
f 333 8457 5130
f 2146 8458 8457
f 1300 5130 8458
f 8457 8458 5130
f 553 8459 8461
f 2147 8460 8459
f 2146 8461 8460
f 8459 8460 8461
f 1300 8458 8455
f 2146 8460 8458
f 2147 8455 8460
f 8458 8460 8455
f 443 8454 8444
f 2145 8462 8454
f 2143 8444 8462
f 8454 8462 8444
f 553 8461 8450
f 2146 8463 8461
f 2145 8450 8463
f 8461 8463 8450
f 333 8447 8457
f 2143 8464 8447
f 2146 8457 8464
f 8447 8464 8457
f 2145 8463 8462
f 2146 8464 8463
f 2143 8462 8464
f 8463 8464 8462
f 34 8465 6759
f 2148 8466 8465
f 1721 6759 8466
f 8465 8466 6759
f 554 8467 8469
f 2149 8468 8467
f 2148 8469 8468
f 8467 8468 8469
f 447 6764 8471
f 1721 8470 6764
f 2149 8471 8470
f 6764 8470 8471
f 2148 8468 8466
f 2149 8470 8468
f 1721 8466 8470
f 8468 8470 8466
f 148 8472 8474
f 2150 8473 8472
f 2152 8474 8473
f 8472 8473 8474
f 555 8475 8477
f 2151 8476 8475
f 2150 8477 8476
f 8475 8476 8477
f 554 8478 8480
f 2152 8479 8478
f 2151 8480 8479
f 8478 8479 8480
f 2150 8476 8473
f 2151 8479 8476
f 2152 8473 8479
f 8476 8479 8473
f 121 6770 8482
f 1726 8481 6770
f 2154 8482 8481
f 6770 8481 8482
f 447 8483 6774
f 2153 8484 8483
f 1726 6774 8484
f 8483 8484 6774
f 555 8485 8487
f 2154 8486 8485
f 2153 8487 8486
f 8485 8486 8487
f 1726 8484 8481
f 2153 8486 8484
f 2154 8481 8486
f 8484 8486 8481
f 554 8480 8467
f 2151 8488 8480
f 2149 8467 8488
f 8480 8488 8467
f 555 8487 8475
f 2153 8489 8487
f 2151 8475 8489
f 8487 8489 8475
f 447 8471 8483
f 2149 8490 8471
f 2153 8483 8490
f 8471 8490 8483
f 2151 8489 8488
f 2153 8490 8489
f 2149 8488 8490
f 8489 8490 8488
f 26 5147 8492
f 1306 8491 5147
f 2156 8492 8491
f 5147 8491 8492
f 338 8493 5151
f 2155 8494 8493
f 1306 5151 8494
f 8493 8494 5151
f 557 8495 8497
f 2156 8496 8495
f 2155 8497 8496
f 8495 8496 8497
f 1306 8494 8491
f 2155 8496 8494
f 2156 8491 8496
f 8494 8496 8491
f 89 8498 5163
f 2157 8499 8498
f 1310 5163 8499
f 8498 8499 5163
f 556 8500 8502
f 2158 8501 8500
f 2157 8502 8501
f 8500 8501 8502
f 338 5168 8504
f 1310 8503 5168
f 2158 8504 8503
f 5168 8503 8504
f 2157 8501 8499
f 2158 8503 8501
f 1310 8499 8503
f 8501 8503 8499
f 148 8505 8507
f 2159 8506 8505
f 2161 8507 8506
f 8505 8506 8507
f 557 8508 8510
f 2160 8509 8508
f 2159 8510 8509
f 8508 8509 8510
f 556 8511 8513
f 2161 8512 8511
f 2160 8513 8512
f 8511 8512 8513
f 2159 8509 8506
f 2160 8512 8509
f 2161 8506 8512
f 8509 8512 8506
f 338 8504 8493
f 2158 8514 8504
f 2155 8493 8514
f 8504 8514 8493
f 556 8513 8500
f 2160 8515 8513
f 2158 8500 8515
f 8513 8515 8500
f 557 8497 8508
f 2155 8516 8497
f 2160 8508 8516
f 8497 8516 8508
f 2158 8515 8514
f 2160 8516 8515
f 2155 8514 8516
f 8515 8516 8514
f 121 8482 8448
f 2154 8517 8482
f 2144 8448 8517
f 8482 8517 8448
f 555 8518 8485
f 2162 8519 8518
f 2154 8485 8519
f 8518 8519 8485
f 553 8452 8521
f 2144 8520 8452
f 2162 8521 8520
f 8452 8520 8521
f 2154 8519 8517
f 2162 8520 8519
f 2144 8517 8520
f 8519 8520 8517
f 148 8507 8472
f 2161 8522 8507
f 2150 8472 8522
f 8507 8522 8472
f 556 8523 8511
f 2163 8524 8523
f 2161 8511 8524
f 8523 8524 8511
f 555 8477 8526
f 2150 8525 8477
f 2163 8526 8525
f 8477 8525 8526
f 2161 8524 8522
f 2163 8525 8524
f 2150 8522 8525
f 8524 8525 8522
f 89 8456 8498
f 2147 8527 8456
f 2157 8498 8527
f 8456 8527 8498
f 553 8528 8459
f 2164 8529 8528
f 2147 8459 8529
f 8528 8529 8459
f 556 8502 8531
f 2157 8530 8502
f 2164 8531 8530
f 8502 8530 8531
f 2147 8529 8527
f 2164 8530 8529
f 2157 8527 8530
f 8529 8530 8527
f 555 8526 8518
f 2163 8532 8526
f 2162 8518 8532
f 8526 8532 8518
f 556 8531 8523
f 2164 8533 8531
f 2163 8523 8533
f 8531 8533 8523
f 553 8521 8528
f 2162 8534 8521
f 2164 8528 8534
f 8521 8534 8528
f 2163 8533 8532
f 2164 8534 8533
f 2162 8532 8534
f 8533 8534 8532
f 10 4725 6591
f 1197 8535 4725
f 1673 6591 8535
f 4725 8535 6591
f 309 8536 4729
f 2165 8537 8536
f 1197 4729 8537
f 8536 8537 4729
f 432 6596 8539
f 1673 8538 6596
f 2165 8539 8538
f 6596 8538 8539
f 1197 8537 8535
f 2165 8538 8537
f 1673 8535 8538
f 8537 8538 8535
f 84 8540 4741
f 2166 8541 8540
f 1201 4741 8541
f 8540 8541 4741
f 558 8542 8544
f 2167 8543 8542
f 2166 8544 8543
f 8542 8543 8544
f 309 4746 8546
f 1201 8545 4746
f 2167 8546 8545
f 4746 8545 8546
f 2166 8543 8541
f 2167 8545 8543
f 1201 8541 8545
f 8543 8545 8541
f 116 6602 8548
f 1678 8547 6602
f 2169 8548 8547
f 6602 8547 8548
f 432 8549 6606
f 2168 8550 8549
f 1678 6606 8550
f 8549 8550 6606
f 558 8551 8553
f 2169 8552 8551
f 2168 8553 8552
f 8551 8552 8553
f 1678 8550 8547
f 2168 8552 8550
f 2169 8547 8552
f 8550 8552 8547
f 309 8546 8536
f 2167 8554 8546
f 2165 8536 8554
f 8546 8554 8536
f 558 8553 8542
f 2168 8555 8553
f 2167 8542 8555
f 8553 8555 8542
f 432 8539 8549
f 2165 8556 8539
f 2168 8549 8556
f 8539 8556 8549
f 2167 8555 8554
f 2168 8556 8555
f 2165 8554 8556
f 8555 8556 8554
f 23 8557 4783
f 2170 8558 8557
f 1213 4783 8558
f 8557 8558 4783
f 559 8559 8561
f 2171 8560 8559
f 2170 8561 8560
f 8559 8560 8561
f 313 4788 8563
f 1213 8562 4788
f 2171 8563 8562
f 4788 8562 8563
f 2170 8560 8558
f 2171 8562 8560
f 1213 8558 8562
f 8560 8562 8558
f 149 8564 8566
f 2172 8565 8564
f 2174 8566 8565
f 8564 8565 8566
f 560 8567 8569
f 2173 8568 8567
f 2172 8569 8568
f 8567 8568 8569
f 559 8570 8572
f 2174 8571 8570
f 2173 8572 8571
f 8570 8571 8572
f 2172 8568 8565
f 2173 8571 8568
f 2174 8565 8571
f 8568 8571 8565
f 84 4794 8574
f 1218 8573 4794
f 2176 8574 8573
f 4794 8573 8574
f 313 8575 4798
f 2175 8576 8575
f 1218 4798 8576
f 8575 8576 4798
f 560 8577 8579
f 2176 8578 8577
f 2175 8579 8578
f 8577 8578 8579
f 1218 8576 8573
f 2175 8578 8576
f 2176 8573 8578
f 8576 8578 8573
f 559 8572 8559
f 2173 8580 8572
f 2171 8559 8580
f 8572 8580 8559
f 560 8579 8567
f 2175 8581 8579
f 2173 8567 8581
f 8579 8581 8567
f 313 8563 8575
f 2171 8582 8563
f 2175 8575 8582
f 8563 8582 8575
f 2173 8581 8580
f 2175 8582 8581
f 2171 8580 8582
f 8581 8582 8580
f 34 6623 8584
f 1684 8583 6623
f 2178 8584 8583
f 6623 8583 8584
f 437 8585 6627
f 2177 8586 8585
f 1684 6627 8586
f 8585 8586 6627
f 562 8587 8589
f 2178 8588 8587
f 2177 8589 8588
f 8587 8588 8589
f 1684 8586 8583
f 2177 8588 8586
f 2178 8583 8588
f 8586 8588 8583
f 116 8590 6639
f 2179 8591 8590
f 1688 6639 8591
f 8590 8591 6639
f 561 8592 8594
f 2180 8593 8592
f 2179 8594 8593
f 8592 8593 8594
f 437 6644 8596
f 1688 8595 6644
f 2180 8596 8595
f 6644 8595 8596
f 2179 8593 8591
f 2180 8595 8593
f 1688 8591 8595
f 8593 8595 8591
f 149 8597 8599
f 2181 8598 8597
f 2183 8599 8598
f 8597 8598 8599
f 562 8600 8602
f 2182 8601 8600
f 2181 8602 8601
f 8600 8601 8602
f 561 8603 8605
f 2183 8604 8603
f 2182 8605 8604
f 8603 8604 8605
f 2181 8601 8598
f 2182 8604 8601
f 2183 8598 8604
f 8601 8604 8598
f 437 8596 8585
f 2180 8606 8596
f 2177 8585 8606
f 8596 8606 8585
f 561 8605 8592
f 2182 8607 8605
f 2180 8592 8607
f 8605 8607 8592
f 562 8589 8600
f 2177 8608 8589
f 2182 8600 8608
f 8589 8608 8600
f 2180 8607 8606
f 2182 8608 8607
f 2177 8606 8608
f 8607 8608 8606
f 84 8574 8540
f 2176 8609 8574
f 2166 8540 8609
f 8574 8609 8540
f 560 8610 8577
f 2184 8611 8610
f 2176 8577 8611
f 8610 8611 8577
f 558 8544 8613
f 2166 8612 8544
f 2184 8613 8612
f 8544 8612 8613
f 2176 8611 8609
f 2184 8612 8611
f 2166 8609 8612
f 8611 8612 8609
f 149 8599 8564
f 2183 8614 8599
f 2172 8564 8614
f 8599 8614 8564
f 561 8615 8603
f 2185 8616 8615
f 2183 8603 8616
f 8615 8616 8603
f 560 8569 8618
f 2172 8617 8569
f 2185 8618 8617
f 8569 8617 8618
f 2183 8616 8614
f 2185 8617 8616
f 2172 8614 8617
f 8616 8617 8614
f 116 8548 8590
f 2169 8619 8548
f 2179 8590 8619
f 8548 8619 8590
f 558 8620 8551
f 2186 8621 8620
f 2169 8551 8621
f 8620 8621 8551
f 561 8594 8623
f 2179 8622 8594
f 2186 8623 8622
f 8594 8622 8623
f 2169 8621 8619
f 2186 8622 8621
f 2179 8619 8622
f 8621 8622 8619
f 560 8618 8610
f 2185 8624 8618
f 2184 8610 8624
f 8618 8624 8610
f 561 8623 8615
f 2186 8625 8623
f 2185 8615 8625
f 8623 8625 8615
f 558 8613 8620
f 2184 8626 8613
f 2186 8620 8626
f 8613 8626 8620
f 2185 8625 8624
f 2186 8626 8625
f 2184 8624 8626
f 8625 8626 8624
f 6 4916 4623
f 1244 8627 4916
f 1169 4623 8627
f 4916 8627 4623
f 320 8628 4919
f 2187 8629 8628
f 1244 4919 8629
f 8628 8629 4919
f 300 4627 8631
f 1169 8630 4627
f 2187 8631 8630
f 4627 8630 8631
f 1244 8629 8627
f 2187 8630 8629
f 1169 8627 8630
f 8629 8630 8627
f 86 8632 4929
f 2188 8633 8632
f 1247 4929 8633
f 8632 8633 4929
f 563 8634 8636
f 2189 8635 8634
f 2188 8636 8635
f 8634 8635 8636
f 320 4934 8638
f 1247 8637 4934
f 2189 8638 8637
f 4934 8637 8638
f 2188 8635 8633
f 2189 8637 8635
f 1247 8633 8637
f 8635 8637 8633
f 80 4632 8640
f 1173 8639 4632
f 2191 8640 8639
f 4632 8639 8640
f 300 8641 4636
f 2190 8642 8641
f 1173 4636 8642
f 8641 8642 4636
f 563 8643 8645
f 2191 8644 8643
f 2190 8645 8644
f 8643 8644 8645
f 1173 8642 8639
f 2190 8644 8642
f 2191 8639 8644
f 8642 8644 8639
f 320 8638 8628
f 2189 8646 8638
f 2187 8628 8646
f 8638 8646 8628
f 563 8645 8634
f 2190 8647 8645
f 2189 8634 8647
f 8645 8647 8634
f 300 8631 8641
f 2187 8648 8631
f 2190 8641 8648
f 8631 8648 8641
f 2189 8647 8646
f 2190 8648 8647
f 2187 8646 8648
f 8647 8648 8646
f 26 8649 4967
f 2192 8650 8649
f 1257 4967 8650
f 8649 8650 4967
f 564 8651 8653
f 2193 8652 8651
f 2192 8653 8652
f 8651 8652 8653
f 323 4972 8655
f 1257 8654 4972
f 2193 8655 8654
f 4972 8654 8655
f 2192 8652 8650
f 2193 8654 8652
f 1257 8650 8654
f 8652 8654 8650
f 150 8656 8658
f 2194 8657 8656
f 2196 8658 8657
f 8656 8657 8658
f 565 8659 8661
f 2195 8660 8659
f 2194 8661 8660
f 8659 8660 8661
f 564 8662 8664
f 2196 8663 8662
f 2195 8664 8663
f 8662 8663 8664
f 2194 8660 8657
f 2195 8663 8660
f 2196 8657 8663
f 8660 8663 8657
f 86 4978 8666
f 1262 8665 4978
f 2198 8666 8665
f 4978 8665 8666
f 323 8667 4982
f 2197 8668 8667
f 1262 4982 8668
f 8667 8668 4982
f 565 8669 8671
f 2198 8670 8669
f 2197 8671 8670
f 8669 8670 8671
f 1262 8668 8665
f 2197 8670 8668
f 2198 8665 8670
f 8668 8670 8665
f 564 8664 8651
f 2195 8672 8664
f 2193 8651 8672
f 8664 8672 8651
f 565 8671 8659
f 2197 8673 8671
f 2195 8659 8673
f 8671 8673 8659
f 323 8655 8667
f 2193 8674 8655
f 2197 8667 8674
f 8655 8674 8667
f 2195 8673 8672
f 2197 8674 8673
f 2193 8672 8674
f 8673 8674 8672
f 23 4651 8676
f 1178 8675 4651
f 2200 8676 8675
f 4651 8675 8676
f 304 8677 4655
f 2199 8678 8677
f 1178 4655 8678
f 8677 8678 4655
f 567 8679 8681
f 2200 8680 8679
f 2199 8681 8680
f 8679 8680 8681
f 1178 8678 8675
f 2199 8680 8678
f 2200 8675 8680
f 8678 8680 8675
f 80 8682 4667
f 2201 8683 8682
f 1182 4667 8683
f 8682 8683 4667
f 566 8684 8686
f 2202 8685 8684
f 2201 8686 8685
f 8684 8685 8686
f 304 4672 8688
f 1182 8687 4672
f 2202 8688 8687
f 4672 8687 8688
f 2201 8685 8683
f 2202 8687 8685
f 1182 8683 8687
f 8685 8687 8683
f 150 8689 8691
f 2203 8690 8689
f 2205 8691 8690
f 8689 8690 8691
f 567 8692 8694
f 2204 8693 8692
f 2203 8694 8693
f 8692 8693 8694
f 566 8695 8697
f 2205 8696 8695
f 2204 8697 8696
f 8695 8696 8697
f 2203 8693 8690
f 2204 8696 8693
f 2205 8690 8696
f 8693 8696 8690
f 304 8688 8677
f 2202 8698 8688
f 2199 8677 8698
f 8688 8698 8677
f 566 8697 8684
f 2204 8699 8697
f 2202 8684 8699
f 8697 8699 8684
f 567 8681 8692
f 2199 8700 8681
f 2204 8692 8700
f 8681 8700 8692
f 2202 8699 8698
f 2204 8700 8699
f 2199 8698 8700
f 8699 8700 8698
f 86 8666 8632
f 2198 8701 8666
f 2188 8632 8701
f 8666 8701 8632
f 565 8702 8669
f 2206 8703 8702
f 2198 8669 8703
f 8702 8703 8669
f 563 8636 8705
f 2188 8704 8636
f 2206 8705 8704
f 8636 8704 8705
f 2198 8703 8701
f 2206 8704 8703
f 2188 8701 8704
f 8703 8704 8701
f 150 8691 8656
f 2205 8706 8691
f 2194 8656 8706
f 8691 8706 8656
f 566 8707 8695
f 2207 8708 8707
f 2205 8695 8708
f 8707 8708 8695
f 565 8661 8710
f 2194 8709 8661
f 2207 8710 8709
f 8661 8709 8710
f 2205 8708 8706
f 2207 8709 8708
f 2194 8706 8709
f 8708 8709 8706
f 80 8640 8682
f 2191 8711 8640
f 2201 8682 8711
f 8640 8711 8682
f 563 8712 8643
f 2208 8713 8712
f 2191 8643 8713
f 8712 8713 8643
f 566 8686 8715
f 2201 8714 8686
f 2208 8715 8714
f 8686 8714 8715
f 2191 8713 8711
f 2208 8714 8713
f 2201 8711 8714
f 8713 8714 8711
f 565 8710 8702
f 2207 8716 8710
f 2206 8702 8716
f 8710 8716 8702
f 566 8715 8707
f 2208 8717 8715
f 2207 8707 8717
f 8715 8717 8707
f 563 8705 8712
f 2206 8718 8705
f 2208 8712 8718
f 8705 8718 8712
f 2207 8717 8716
f 2208 8718 8717
f 2206 8716 8718
f 8717 8718 8716
f 34 8584 8465
f 2178 8719 8584
f 2148 8465 8719
f 8584 8719 8465
f 562 8720 8587
f 2209 8721 8720
f 2178 8587 8721
f 8720 8721 8587
f 554 8469 8723
f 2148 8722 8469
f 2209 8723 8722
f 8469 8722 8723
f 2178 8721 8719
f 2209 8722 8721
f 2148 8719 8722
f 8721 8722 8719
f 149 8724 8597
f 2210 8725 8724
f 2181 8597 8725
f 8724 8725 8597
f 568 8726 8728
f 2211 8727 8726
f 2210 8728 8727
f 8726 8727 8728
f 562 8602 8730
f 2181 8729 8602
f 2211 8730 8729
f 8602 8729 8730
f 2210 8727 8725
f 2211 8729 8727
f 2181 8725 8729
f 8727 8729 8725
f 148 8474 8732
f 2152 8731 8474
f 2213 8732 8731
f 8474 8731 8732
f 554 8733 8478
f 2212 8734 8733
f 2152 8478 8734
f 8733 8734 8478
f 568 8735 8737
f 2213 8736 8735
f 2212 8737 8736
f 8735 8736 8737
f 2152 8734 8731
f 2212 8736 8734
f 2213 8731 8736
f 8734 8736 8731
f 562 8730 8720
f 2211 8738 8730
f 2209 8720 8738
f 8730 8738 8720
f 568 8737 8726
f 2212 8739 8737
f 2211 8726 8739
f 8737 8739 8726
f 554 8723 8733
f 2209 8740 8723
f 2212 8733 8740
f 8723 8740 8733
f 2211 8739 8738
f 2212 8740 8739
f 2209 8738 8740
f 8739 8740 8738
f 23 8676 8557
f 2200 8741 8676
f 2170 8557 8741
f 8676 8741 8557
f 567 8742 8679
f 2214 8743 8742
f 2200 8679 8743
f 8742 8743 8679
f 559 8561 8745
f 2170 8744 8561
f 2214 8745 8744
f 8561 8744 8745
f 2200 8743 8741
f 2214 8744 8743
f 2170 8741 8744
f 8743 8744 8741
f 150 8746 8689
f 2215 8747 8746
f 2203 8689 8747
f 8746 8747 8689
f 569 8748 8750
f 2216 8749 8748
f 2215 8750 8749
f 8748 8749 8750
f 567 8694 8752
f 2203 8751 8694
f 2216 8752 8751
f 8694 8751 8752
f 2215 8749 8747
f 2216 8751 8749
f 2203 8747 8751
f 8749 8751 8747
f 149 8566 8754
f 2174 8753 8566
f 2218 8754 8753
f 8566 8753 8754
f 559 8755 8570
f 2217 8756 8755
f 2174 8570 8756
f 8755 8756 8570
f 569 8757 8759
f 2218 8758 8757
f 2217 8759 8758
f 8757 8758 8759
f 2174 8756 8753
f 2217 8758 8756
f 2218 8753 8758
f 8756 8758 8753
f 567 8752 8742
f 2216 8760 8752
f 2214 8742 8760
f 8752 8760 8742
f 569 8759 8748
f 2217 8761 8759
f 2216 8748 8761
f 8759 8761 8748
f 559 8745 8755
f 2214 8762 8745
f 2217 8755 8762
f 8745 8762 8755
f 2216 8761 8760
f 2217 8762 8761
f 2214 8760 8762
f 8761 8762 8760
f 26 8492 8649
f 2156 8763 8492
f 2192 8649 8763
f 8492 8763 8649
f 557 8764 8495
f 2219 8765 8764
f 2156 8495 8765
f 8764 8765 8495
f 564 8653 8767
f 2192 8766 8653
f 2219 8767 8766
f 8653 8766 8767
f 2156 8765 8763
f 2219 8766 8765
f 2192 8763 8766
f 8765 8766 8763
f 148 8768 8505
f 2220 8769 8768
f 2159 8505 8769
f 8768 8769 8505
f 570 8770 8772
f 2221 8771 8770
f 2220 8772 8771
f 8770 8771 8772
f 557 8510 8774
f 2159 8773 8510
f 2221 8774 8773
f 8510 8773 8774
f 2220 8771 8769
f 2221 8773 8771
f 2159 8769 8773
f 8771 8773 8769
f 150 8658 8776
f 2196 8775 8658
f 2223 8776 8775
f 8658 8775 8776
f 564 8777 8662
f 2222 8778 8777
f 2196 8662 8778
f 8777 8778 8662
f 570 8779 8781
f 2223 8780 8779
f 2222 8781 8780
f 8779 8780 8781
f 2196 8778 8775
f 2222 8780 8778
f 2223 8775 8780
f 8778 8780 8775
f 557 8774 8764
f 2221 8782 8774
f 2219 8764 8782
f 8774 8782 8764
f 570 8781 8770
f 2222 8783 8781
f 2221 8770 8783
f 8781 8783 8770
f 564 8767 8777
f 2219 8784 8767
f 2222 8777 8784
f 8767 8784 8777
f 2221 8783 8782
f 2222 8784 8783
f 2219 8782 8784
f 8783 8784 8782
f 149 8754 8724
f 2218 8785 8754
f 2210 8724 8785
f 8754 8785 8724
f 569 8786 8757
f 2224 8787 8786
f 2218 8757 8787
f 8786 8787 8757
f 568 8728 8789
f 2210 8788 8728
f 2224 8789 8788
f 8728 8788 8789
f 2218 8787 8785
f 2224 8788 8787
f 2210 8785 8788
f 8787 8788 8785
f 150 8776 8746
f 2223 8790 8776
f 2215 8746 8790
f 8776 8790 8746
f 570 8791 8779
f 2225 8792 8791
f 2223 8779 8792
f 8791 8792 8779
f 569 8750 8794
f 2215 8793 8750
f 2225 8794 8793
f 8750 8793 8794
f 2223 8792 8790
f 2225 8793 8792
f 2215 8790 8793
f 8792 8793 8790
f 148 8732 8768
f 2213 8795 8732
f 2220 8768 8795
f 8732 8795 8768
f 568 8796 8735
f 2226 8797 8796
f 2213 8735 8797
f 8796 8797 8735
f 570 8772 8799
f 2220 8798 8772
f 2226 8799 8798
f 8772 8798 8799
f 2213 8797 8795
f 2226 8798 8797
f 2220 8795 8798
f 8797 8798 8795
f 569 8794 8786
f 2225 8800 8794
f 2224 8786 8800
f 8794 8800 8786
f 570 8799 8791
f 2226 8801 8799
f 2225 8791 8801
f 8799 8801 8791
f 568 8789 8796
f 2224 8802 8789
f 2226 8796 8802
f 8789 8802 8796
f 2225 8801 8800
f 2226 8802 8801
f 2224 8800 8802
f 8801 8802 8800
f 3 7093 5507
f 1805 8803 7093
f 1395 5507 8803
f 7093 8803 5507
f 469 8804 7097
f 2227 8805 8804
f 1805 7097 8805
f 8804 8805 7097
f 359 5512 8807
f 1395 8806 5512
f 2227 8807 8806
f 5512 8806 8807
f 1805 8805 8803
f 2227 8806 8805
f 1395 8803 8806
f 8805 8806 8803
f 128 8808 7109
f 2228 8809 8808
f 1809 7109 8809
f 8808 8809 7109
f 571 8810 8812
f 2229 8811 8810
f 2228 8812 8811
f 8810 8811 8812
f 469 7114 8814
f 1809 8813 7114
f 2229 8814 8813
f 7114 8813 8814
f 2228 8811 8809
f 2229 8813 8811
f 1809 8809 8813
f 8811 8813 8809
f 96 5518 8816
f 1400 8815 5518
f 2231 8816 8815
f 5518 8815 8816
f 359 8817 5522
f 2230 8818 8817
f 1400 5522 8818
f 8817 8818 5522
f 571 8819 8821
f 2231 8820 8819
f 2230 8821 8820
f 8819 8820 8821
f 1400 8818 8815
f 2230 8820 8818
f 2231 8815 8820
f 8818 8820 8815
f 469 8814 8804
f 2229 8822 8814
f 2227 8804 8822
f 8814 8822 8804
f 571 8821 8810
f 2230 8823 8821
f 2229 8810 8823
f 8821 8823 8810
f 359 8807 8817
f 2227 8824 8807
f 2230 8817 8824
f 8807 8824 8817
f 2229 8823 8822
f 2230 8824 8823
f 2227 8822 8824
f 8823 8824 8822
f 36 8825 7151
f 2232 8826 8825
f 1821 7151 8826
f 8825 8826 7151
f 572 8827 8829
f 2233 8828 8827
f 2232 8829 8828
f 8827 8828 8829
f 473 7156 8831
f 1821 8830 7156
f 2233 8831 8830
f 7156 8830 8831
f 2232 8828 8826
f 2233 8830 8828
f 1821 8826 8830
f 8828 8830 8826
f 151 8832 8834
f 2234 8833 8832
f 2236 8834 8833
f 8832 8833 8834
f 573 8835 8837
f 2235 8836 8835
f 2234 8837 8836
f 8835 8836 8837
f 572 8838 8840
f 2236 8839 8838
f 2235 8840 8839
f 8838 8839 8840
f 2234 8836 8833
f 2235 8839 8836
f 2236 8833 8839
f 8836 8839 8833
f 128 7162 8842
f 1826 8841 7162
f 2238 8842 8841
f 7162 8841 8842
f 473 8843 7166
f 2237 8844 8843
f 1826 7166 8844
f 8843 8844 7166
f 573 8845 8847
f 2238 8846 8845
f 2237 8847 8846
f 8845 8846 8847
f 1826 8844 8841
f 2237 8846 8844
f 2238 8841 8846
f 8844 8846 8841
f 572 8840 8827
f 2235 8848 8840
f 2233 8827 8848
f 8840 8848 8827
f 573 8847 8835
f 2237 8849 8847
f 2235 8835 8849
f 8847 8849 8835
f 473 8831 8843
f 2233 8850 8831
f 2237 8843 8850
f 8831 8850 8843
f 2235 8849 8848
f 2237 8850 8849
f 2233 8848 8850
f 8849 8850 8848
f 28 5539 8852
f 1406 8851 5539
f 2240 8852 8851
f 5539 8851 8852
f 364 8853 5543
f 2239 8854 8853
f 1406 5543 8854
f 8853 8854 5543
f 575 8855 8857
f 2240 8856 8855
f 2239 8857 8856
f 8855 8856 8857
f 1406 8854 8851
f 2239 8856 8854
f 2240 8851 8856
f 8854 8856 8851
f 96 8858 5555
f 2241 8859 8858
f 1410 5555 8859
f 8858 8859 5555
f 574 8860 8862
f 2242 8861 8860
f 2241 8862 8861
f 8860 8861 8862
f 364 5560 8864
f 1410 8863 5560
f 2242 8864 8863
f 5560 8863 8864
f 2241 8861 8859
f 2242 8863 8861
f 1410 8859 8863
f 8861 8863 8859
f 151 8865 8867
f 2243 8866 8865
f 2245 8867 8866
f 8865 8866 8867
f 575 8868 8870
f 2244 8869 8868
f 2243 8870 8869
f 8868 8869 8870
f 574 8871 8873
f 2245 8872 8871
f 2244 8873 8872
f 8871 8872 8873
f 2243 8869 8866
f 2244 8872 8869
f 2245 8866 8872
f 8869 8872 8866
f 364 8864 8853
f 2242 8874 8864
f 2239 8853 8874
f 8864 8874 8853
f 574 8873 8860
f 2244 8875 8873
f 2242 8860 8875
f 8873 8875 8860
f 575 8857 8868
f 2239 8876 8857
f 2244 8868 8876
f 8857 8876 8868
f 2242 8875 8874
f 2244 8876 8875
f 2239 8874 8876
f 8875 8876 8874
f 128 8842 8808
f 2238 8877 8842
f 2228 8808 8877
f 8842 8877 8808
f 573 8878 8845
f 2246 8879 8878
f 2238 8845 8879
f 8878 8879 8845
f 571 8812 8881
f 2228 8880 8812
f 2246 8881 8880
f 8812 8880 8881
f 2238 8879 8877
f 2246 8880 8879
f 2228 8877 8880
f 8879 8880 8877
f 151 8867 8832
f 2245 8882 8867
f 2234 8832 8882
f 8867 8882 8832
f 574 8883 8871
f 2247 8884 8883
f 2245 8871 8884
f 8883 8884 8871
f 573 8837 8886
f 2234 8885 8837
f 2247 8886 8885
f 8837 8885 8886
f 2245 8884 8882
f 2247 8885 8884
f 2234 8882 8885
f 8884 8885 8882
f 96 8816 8858
f 2231 8887 8816
f 2241 8858 8887
f 8816 8887 8858
f 571 8888 8819
f 2248 8889 8888
f 2231 8819 8889
f 8888 8889 8819
f 574 8862 8891
f 2241 8890 8862
f 2248 8891 8890
f 8862 8890 8891
f 2231 8889 8887
f 2248 8890 8889
f 2241 8887 8890
f 8889 8890 8887
f 573 8886 8878
f 2247 8892 8886
f 2246 8878 8892
f 8886 8892 8878
f 574 8891 8883
f 2248 8893 8891
f 2247 8883 8893
f 8891 8893 8883
f 571 8881 8888
f 2246 8894 8881
f 2248 8888 8894
f 8881 8894 8888
f 2247 8893 8892
f 2248 8894 8893
f 2246 8892 8894
f 8893 8894 8892
f 5 5117 6991
f 1297 8895 5117
f 1777 6991 8895
f 5117 8895 6991
f 335 8896 5121
f 2249 8897 8896
f 1297 5121 8897
f 8896 8897 5121
f 460 6995 8899
f 1777 8898 6995
f 2249 8899 8898
f 6995 8898 8899
f 1297 8897 8895
f 2249 8898 8897
f 1777 8895 8898
f 8897 8898 8895
f 91 8900 5133
f 2250 8901 8900
f 1301 5133 8901
f 8900 8901 5133
f 576 8902 8904
f 2251 8903 8902
f 2250 8904 8903
f 8902 8903 8904
f 335 5138 8906
f 1301 8905 5138
f 2251 8906 8905
f 5138 8905 8906
f 2250 8903 8901
f 2251 8905 8903
f 1301 8901 8905
f 8903 8905 8901
f 124 7000 8908
f 1781 8907 7000
f 2253 8908 8907
f 7000 8907 8908
f 460 8909 7004
f 2252 8910 8909
f 1781 7004 8910
f 8909 8910 7004
f 576 8911 8913
f 2253 8912 8911
f 2252 8913 8912
f 8911 8912 8913
f 1781 8910 8907
f 2252 8912 8910
f 2253 8907 8912
f 8910 8912 8907
f 335 8906 8896
f 2251 8914 8906
f 2249 8896 8914
f 8906 8914 8896
f 576 8913 8902
f 2252 8915 8913
f 2251 8902 8915
f 8913 8915 8902
f 460 8899 8909
f 2249 8916 8899
f 2252 8909 8916
f 8899 8916 8909
f 2251 8915 8914
f 2252 8916 8915
f 2249 8914 8916
f 8915 8916 8914
f 25 8917 5175
f 2254 8918 8917
f 1313 5175 8918
f 8917 8918 5175
f 577 8919 8921
f 2255 8920 8919
f 2254 8921 8920
f 8919 8920 8921
f 339 5180 8923
f 1313 8922 5180
f 2255 8923 8922
f 5180 8922 8923
f 2254 8920 8918
f 2255 8922 8920
f 1313 8918 8922
f 8920 8922 8918
f 152 8924 8926
f 2256 8925 8924
f 2258 8926 8925
f 8924 8925 8926
f 578 8927 8929
f 2257 8928 8927
f 2256 8929 8928
f 8927 8928 8929
f 577 8930 8932
f 2258 8931 8930
f 2257 8932 8931
f 8930 8931 8932
f 2256 8928 8925
f 2257 8931 8928
f 2258 8925 8931
f 8928 8931 8925
f 91 5186 8934
f 1318 8933 5186
f 2260 8934 8933
f 5186 8933 8934
f 339 8935 5190
f 2259 8936 8935
f 1318 5190 8936
f 8935 8936 5190
f 578 8937 8939
f 2260 8938 8937
f 2259 8939 8938
f 8937 8938 8939
f 1318 8936 8933
f 2259 8938 8936
f 2260 8933 8938
f 8936 8938 8933
f 577 8932 8919
f 2257 8940 8932
f 2255 8919 8940
f 8932 8940 8919
f 578 8939 8927
f 2259 8941 8939
f 2257 8927 8941
f 8939 8941 8927
f 339 8923 8935
f 2255 8942 8923
f 2259 8935 8942
f 8923 8942 8935
f 2257 8941 8940
f 2259 8942 8941
f 2255 8940 8942
f 8941 8942 8940
f 36 7019 8944
f 1786 8943 7019
f 2262 8944 8943
f 7019 8943 8944
f 464 8945 7023
f 2261 8946 8945
f 1786 7023 8946
f 8945 8946 7023
f 580 8947 8949
f 2262 8948 8947
f 2261 8949 8948
f 8947 8948 8949
f 1786 8946 8943
f 2261 8948 8946
f 2262 8943 8948
f 8946 8948 8943
f 124 8950 7035
f 2263 8951 8950
f 1790 7035 8951
f 8950 8951 7035
f 579 8952 8954
f 2264 8953 8952
f 2263 8954 8953
f 8952 8953 8954
f 464 7040 8956
f 1790 8955 7040
f 2264 8956 8955
f 7040 8955 8956
f 2263 8953 8951
f 2264 8955 8953
f 1790 8951 8955
f 8953 8955 8951
f 152 8957 8959
f 2265 8958 8957
f 2267 8959 8958
f 8957 8958 8959
f 580 8960 8962
f 2266 8961 8960
f 2265 8962 8961
f 8960 8961 8962
f 579 8963 8965
f 2267 8964 8963
f 2266 8965 8964
f 8963 8964 8965
f 2265 8961 8958
f 2266 8964 8961
f 2267 8958 8964
f 8961 8964 8958
f 464 8956 8945
f 2264 8966 8956
f 2261 8945 8966
f 8956 8966 8945
f 579 8965 8952
f 2266 8967 8965
f 2264 8952 8967
f 8965 8967 8952
f 580 8949 8960
f 2261 8968 8949
f 2266 8960 8968
f 8949 8968 8960
f 2264 8967 8966
f 2266 8968 8967
f 2261 8966 8968
f 8967 8968 8966
f 91 8934 8900
f 2260 8969 8934
f 2250 8900 8969
f 8934 8969 8900
f 578 8970 8937
f 2268 8971 8970
f 2260 8937 8971
f 8970 8971 8937
f 576 8904 8973
f 2250 8972 8904
f 2268 8973 8972
f 8904 8972 8973
f 2260 8971 8969
f 2268 8972 8971
f 2250 8969 8972
f 8971 8972 8969
f 152 8959 8924
f 2267 8974 8959
f 2256 8924 8974
f 8959 8974 8924
f 579 8975 8963
f 2269 8976 8975
f 2267 8963 8976
f 8975 8976 8963
f 578 8929 8978
f 2256 8977 8929
f 2269 8978 8977
f 8929 8977 8978
f 2267 8976 8974
f 2269 8977 8976
f 2256 8974 8977
f 8976 8977 8974
f 124 8908 8950
f 2253 8979 8908
f 2263 8950 8979
f 8908 8979 8950
f 576 8980 8911
f 2270 8981 8980
f 2253 8911 8981
f 8980 8981 8911
f 579 8954 8983
f 2263 8982 8954
f 2270 8983 8982
f 8954 8982 8983
f 2253 8981 8979
f 2270 8982 8981
f 2263 8979 8982
f 8981 8982 8979
f 578 8978 8970
f 2269 8984 8978
f 2268 8970 8984
f 8978 8984 8970
f 579 8983 8975
f 2270 8985 8983
f 2269 8975 8985
f 8983 8985 8975
f 576 8973 8980
f 2268 8986 8973
f 2270 8980 8986
f 8973 8986 8980
f 2269 8985 8984
f 2270 8986 8985
f 2268 8984 8986
f 8985 8986 8984
f 12 5308 5015
f 1344 8987 5308
f 1269 5015 8987
f 5308 8987 5015
f 346 8988 5311
f 2271 8989 8988
f 1344 5311 8989
f 8988 8989 5311
f 326 5019 8991
f 1269 8990 5019
f 2271 8991 8990
f 5019 8990 8991
f 1344 8989 8987
f 2271 8990 8989
f 1269 8987 8990
f 8989 8990 8987
f 93 8992 5321
f 2272 8993 8992
f 1347 5321 8993
f 8992 8993 5321
f 581 8994 8996
f 2273 8995 8994
f 2272 8996 8995
f 8994 8995 8996
f 346 5326 8998
f 1347 8997 5326
f 2273 8998 8997
f 5326 8997 8998
f 2272 8995 8993
f 2273 8997 8995
f 1347 8993 8997
f 8995 8997 8993
f 87 5024 9000
f 1273 8999 5024
f 2275 9000 8999
f 5024 8999 9000
f 326 9001 5028
f 2274 9002 9001
f 1273 5028 9002
f 9001 9002 5028
f 581 9003 9005
f 2275 9004 9003
f 2274 9005 9004
f 9003 9004 9005
f 1273 9002 8999
f 2274 9004 9002
f 2275 8999 9004
f 9002 9004 8999
f 346 8998 8988
f 2273 9006 8998
f 2271 8988 9006
f 8998 9006 8988
f 581 9005 8994
f 2274 9007 9005
f 2273 8994 9007
f 9005 9007 8994
f 326 8991 9001
f 2271 9008 8991
f 2274 9001 9008
f 8991 9008 9001
f 2273 9007 9006
f 2274 9008 9007
f 2271 9006 9008
f 9007 9008 9006
f 28 9009 5359
f 2276 9010 9009
f 1357 5359 9010
f 9009 9010 5359
f 582 9011 9013
f 2277 9012 9011
f 2276 9013 9012
f 9011 9012 9013
f 349 5364 9015
f 1357 9014 5364
f 2277 9015 9014
f 5364 9014 9015
f 2276 9012 9010
f 2277 9014 9012
f 1357 9010 9014
f 9012 9014 9010
f 153 9016 9018
f 2278 9017 9016
f 2280 9018 9017
f 9016 9017 9018
f 583 9019 9021
f 2279 9020 9019
f 2278 9021 9020
f 9019 9020 9021
f 582 9022 9024
f 2280 9023 9022
f 2279 9024 9023
f 9022 9023 9024
f 2278 9020 9017
f 2279 9023 9020
f 2280 9017 9023
f 9020 9023 9017
f 93 5370 9026
f 1362 9025 5370
f 2282 9026 9025
f 5370 9025 9026
f 349 9027 5374
f 2281 9028 9027
f 1362 5374 9028
f 9027 9028 5374
f 583 9029 9031
f 2282 9030 9029
f 2281 9031 9030
f 9029 9030 9031
f 1362 9028 9025
f 2281 9030 9028
f 2282 9025 9030
f 9028 9030 9025
f 582 9024 9011
f 2279 9032 9024
f 2277 9011 9032
f 9024 9032 9011
f 583 9031 9019
f 2281 9033 9031
f 2279 9019 9033
f 9031 9033 9019
f 349 9015 9027
f 2277 9034 9015
f 2281 9027 9034
f 9015 9034 9027
f 2279 9033 9032
f 2281 9034 9033
f 2277 9032 9034
f 9033 9034 9032
f 25 5043 9036
f 1278 9035 5043
f 2284 9036 9035
f 5043 9035 9036
f 330 9037 5047
f 2283 9038 9037
f 1278 5047 9038
f 9037 9038 5047
f 585 9039 9041
f 2284 9040 9039
f 2283 9041 9040
f 9039 9040 9041
f 1278 9038 9035
f 2283 9040 9038
f 2284 9035 9040
f 9038 9040 9035
f 87 9042 5059
f 2285 9043 9042
f 1282 5059 9043
f 9042 9043 5059
f 584 9044 9046
f 2286 9045 9044
f 2285 9046 9045
f 9044 9045 9046
f 330 5064 9048
f 1282 9047 5064
f 2286 9048 9047
f 5064 9047 9048
f 2285 9045 9043
f 2286 9047 9045
f 1282 9043 9047
f 9045 9047 9043
f 153 9049 9051
f 2287 9050 9049
f 2289 9051 9050
f 9049 9050 9051
f 585 9052 9054
f 2288 9053 9052
f 2287 9054 9053
f 9052 9053 9054
f 584 9055 9057
f 2289 9056 9055
f 2288 9057 9056
f 9055 9056 9057
f 2287 9053 9050
f 2288 9056 9053
f 2289 9050 9056
f 9053 9056 9050
f 330 9048 9037
f 2286 9058 9048
f 2283 9037 9058
f 9048 9058 9037
f 584 9057 9044
f 2288 9059 9057
f 2286 9044 9059
f 9057 9059 9044
f 585 9041 9052
f 2283 9060 9041
f 2288 9052 9060
f 9041 9060 9052
f 2286 9059 9058
f 2288 9060 9059
f 2283 9058 9060
f 9059 9060 9058
f 93 9026 8992
f 2282 9061 9026
f 2272 8992 9061
f 9026 9061 8992
f 583 9062 9029
f 2290 9063 9062
f 2282 9029 9063
f 9062 9063 9029
f 581 8996 9065
f 2272 9064 8996
f 2290 9065 9064
f 8996 9064 9065
f 2282 9063 9061
f 2290 9064 9063
f 2272 9061 9064
f 9063 9064 9061
f 153 9051 9016
f 2289 9066 9051
f 2278 9016 9066
f 9051 9066 9016
f 584 9067 9055
f 2291 9068 9067
f 2289 9055 9068
f 9067 9068 9055
f 583 9021 9070
f 2278 9069 9021
f 2291 9070 9069
f 9021 9069 9070
f 2289 9068 9066
f 2291 9069 9068
f 2278 9066 9069
f 9068 9069 9066
f 87 9000 9042
f 2275 9071 9000
f 2285 9042 9071
f 9000 9071 9042
f 581 9072 9003
f 2292 9073 9072
f 2275 9003 9073
f 9072 9073 9003
f 584 9046 9075
f 2285 9074 9046
f 2292 9075 9074
f 9046 9074 9075
f 2275 9073 9071
f 2292 9074 9073
f 2285 9071 9074
f 9073 9074 9071
f 583 9070 9062
f 2291 9076 9070
f 2290 9062 9076
f 9070 9076 9062
f 584 9075 9067
f 2292 9077 9075
f 2291 9067 9077
f 9075 9077 9067
f 581 9065 9072
f 2290 9078 9065
f 2292 9072 9078
f 9065 9078 9072
f 2291 9077 9076
f 2292 9078 9077
f 2290 9076 9078
f 9077 9078 9076
f 36 8944 8825
f 2262 9079 8944
f 2232 8825 9079
f 8944 9079 8825
f 580 9080 8947
f 2293 9081 9080
f 2262 8947 9081
f 9080 9081 8947
f 572 8829 9083
f 2232 9082 8829
f 2293 9083 9082
f 8829 9082 9083
f 2262 9081 9079
f 2293 9082 9081
f 2232 9079 9082
f 9081 9082 9079
f 152 9084 8957
f 2294 9085 9084
f 2265 8957 9085
f 9084 9085 8957
f 586 9086 9088
f 2295 9087 9086
f 2294 9088 9087
f 9086 9087 9088
f 580 8962 9090
f 2265 9089 8962
f 2295 9090 9089
f 8962 9089 9090
f 2294 9087 9085
f 2295 9089 9087
f 2265 9085 9089
f 9087 9089 9085
f 151 8834 9092
f 2236 9091 8834
f 2297 9092 9091
f 8834 9091 9092
f 572 9093 8838
f 2296 9094 9093
f 2236 8838 9094
f 9093 9094 8838
f 586 9095 9097
f 2297 9096 9095
f 2296 9097 9096
f 9095 9096 9097
f 2236 9094 9091
f 2296 9096 9094
f 2297 9091 9096
f 9094 9096 9091
f 580 9090 9080
f 2295 9098 9090
f 2293 9080 9098
f 9090 9098 9080
f 586 9097 9086
f 2296 9099 9097
f 2295 9086 9099
f 9097 9099 9086
f 572 9083 9093
f 2293 9100 9083
f 2296 9093 9100
f 9083 9100 9093
f 2295 9099 9098
f 2296 9100 9099
f 2293 9098 9100
f 9099 9100 9098
f 25 9036 8917
f 2284 9101 9036
f 2254 8917 9101
f 9036 9101 8917
f 585 9102 9039
f 2298 9103 9102
f 2284 9039 9103
f 9102 9103 9039
f 577 8921 9105
f 2254 9104 8921
f 2298 9105 9104
f 8921 9104 9105
f 2284 9103 9101
f 2298 9104 9103
f 2254 9101 9104
f 9103 9104 9101
f 153 9106 9049
f 2299 9107 9106
f 2287 9049 9107
f 9106 9107 9049
f 587 9108 9110
f 2300 9109 9108
f 2299 9110 9109
f 9108 9109 9110
f 585 9054 9112
f 2287 9111 9054
f 2300 9112 9111
f 9054 9111 9112
f 2299 9109 9107
f 2300 9111 9109
f 2287 9107 9111
f 9109 9111 9107
f 152 8926 9114
f 2258 9113 8926
f 2302 9114 9113
f 8926 9113 9114
f 577 9115 8930
f 2301 9116 9115
f 2258 8930 9116
f 9115 9116 8930
f 587 9117 9119
f 2302 9118 9117
f 2301 9119 9118
f 9117 9118 9119
f 2258 9116 9113
f 2301 9118 9116
f 2302 9113 9118
f 9116 9118 9113
f 585 9112 9102
f 2300 9120 9112
f 2298 9102 9120
f 9112 9120 9102
f 587 9119 9108
f 2301 9121 9119
f 2300 9108 9121
f 9119 9121 9108
f 577 9105 9115
f 2298 9122 9105
f 2301 9115 9122
f 9105 9122 9115
f 2300 9121 9120
f 2301 9122 9121
f 2298 9120 9122
f 9121 9122 9120
f 28 8852 9009
f 2240 9123 8852
f 2276 9009 9123
f 8852 9123 9009
f 575 9124 8855
f 2303 9125 9124
f 2240 8855 9125
f 9124 9125 8855
f 582 9013 9127
f 2276 9126 9013
f 2303 9127 9126
f 9013 9126 9127
f 2240 9125 9123
f 2303 9126 9125
f 2276 9123 9126
f 9125 9126 9123
f 151 9128 8865
f 2304 9129 9128
f 2243 8865 9129
f 9128 9129 8865
f 588 9130 9132
f 2305 9131 9130
f 2304 9132 9131
f 9130 9131 9132
f 575 8870 9134
f 2243 9133 8870
f 2305 9134 9133
f 8870 9133 9134
f 2304 9131 9129
f 2305 9133 9131
f 2243 9129 9133
f 9131 9133 9129
f 153 9018 9136
f 2280 9135 9018
f 2307 9136 9135
f 9018 9135 9136
f 582 9137 9022
f 2306 9138 9137
f 2280 9022 9138
f 9137 9138 9022
f 588 9139 9141
f 2307 9140 9139
f 2306 9141 9140
f 9139 9140 9141
f 2280 9138 9135
f 2306 9140 9138
f 2307 9135 9140
f 9138 9140 9135
f 575 9134 9124
f 2305 9142 9134
f 2303 9124 9142
f 9134 9142 9124
f 588 9141 9130
f 2306 9143 9141
f 2305 9130 9143
f 9141 9143 9130
f 582 9127 9137
f 2303 9144 9127
f 2306 9137 9144
f 9127 9144 9137
f 2305 9143 9142
f 2306 9144 9143
f 2303 9142 9144
f 9143 9144 9142
f 152 9114 9084
f 2302 9145 9114
f 2294 9084 9145
f 9114 9145 9084
f 587 9146 9117
f 2308 9147 9146
f 2302 9117 9147
f 9146 9147 9117
f 586 9088 9149
f 2294 9148 9088
f 2308 9149 9148
f 9088 9148 9149
f 2302 9147 9145
f 2308 9148 9147
f 2294 9145 9148
f 9147 9148 9145
f 153 9136 9106
f 2307 9150 9136
f 2299 9106 9150
f 9136 9150 9106
f 588 9151 9139
f 2309 9152 9151
f 2307 9139 9152
f 9151 9152 9139
f 587 9110 9154
f 2299 9153 9110
f 2309 9154 9153
f 9110 9153 9154
f 2307 9152 9150
f 2309 9153 9152
f 2299 9150 9153
f 9152 9153 9150
f 151 9092 9128
f 2297 9155 9092
f 2304 9128 9155
f 9092 9155 9128
f 586 9156 9095
f 2310 9157 9156
f 2297 9095 9157
f 9156 9157 9095
f 588 9132 9159
f 2304 9158 9132
f 2310 9159 9158
f 9132 9158 9159
f 2297 9157 9155
f 2310 9158 9157
f 2304 9155 9158
f 9157 9158 9155
f 587 9154 9146
f 2309 9160 9154
f 2308 9146 9160
f 9154 9160 9146
f 588 9159 9151
f 2310 9161 9159
f 2309 9151 9161
f 9159 9161 9151
f 586 9149 9156
f 2308 9162 9149
f 2310 9156 9162
f 9149 9162 9156
f 2309 9161 9160
f 2310 9162 9161
f 2308 9160 9162
f 9161 9162 9160
f 7 7485 5899
f 1905 9163 7485
f 1495 5899 9163
f 7485 9163 5899
f 495 9164 7489
f 2311 9165 9164
f 1905 7489 9165
f 9164 9165 7489
f 385 5904 9167
f 1495 9166 5904
f 2311 9167 9166
f 5904 9166 9167
f 1905 9165 9163
f 2311 9166 9165
f 1495 9163 9166
f 9165 9166 9163
f 135 9168 7501
f 2312 9169 9168
f 1909 7501 9169
f 9168 9169 7501
f 589 9170 9172
f 2313 9171 9170
f 2312 9172 9171
f 9170 9171 9172
f 495 7506 9174
f 1909 9173 7506
f 2313 9174 9173
f 7506 9173 9174
f 2312 9171 9169
f 2313 9173 9171
f 1909 9169 9173
f 9171 9173 9169
f 103 5910 9176
f 1500 9175 5910
f 2315 9176 9175
f 5910 9175 9176
f 385 9177 5914
f 2314 9178 9177
f 1500 5914 9178
f 9177 9178 5914
f 589 9179 9181
f 2315 9180 9179
f 2314 9181 9180
f 9179 9180 9181
f 1500 9178 9175
f 2314 9180 9178
f 2315 9175 9180
f 9178 9180 9175
f 495 9174 9164
f 2313 9182 9174
f 2311 9164 9182
f 9174 9182 9164
f 589 9181 9170
f 2314 9183 9181
f 2313 9170 9183
f 9181 9183 9170
f 385 9167 9177
f 2311 9184 9167
f 2314 9177 9184
f 9167 9184 9177
f 2313 9183 9182
f 2314 9184 9183
f 2311 9182 9184
f 9183 9184 9182
f 38 9185 7543
f 2316 9186 9185
f 1921 7543 9186
f 9185 9186 7543
f 590 9187 9189
f 2317 9188 9187
f 2316 9189 9188
f 9187 9188 9189
f 499 7548 9191
f 1921 9190 7548
f 2317 9191 9190
f 7548 9190 9191
f 2316 9188 9186
f 2317 9190 9188
f 1921 9186 9190
f 9188 9190 9186
f 154 9192 9194
f 2318 9193 9192
f 2320 9194 9193
f 9192 9193 9194
f 591 9195 9197
f 2319 9196 9195
f 2318 9197 9196
f 9195 9196 9197
f 590 9198 9200
f 2320 9199 9198
f 2319 9200 9199
f 9198 9199 9200
f 2318 9196 9193
f 2319 9199 9196
f 2320 9193 9199
f 9196 9199 9193
f 135 7554 9202
f 1926 9201 7554
f 2322 9202 9201
f 7554 9201 9202
f 499 9203 7558
f 2321 9204 9203
f 1926 7558 9204
f 9203 9204 7558
f 591 9205 9207
f 2322 9206 9205
f 2321 9207 9206
f 9205 9206 9207
f 1926 9204 9201
f 2321 9206 9204
f 2322 9201 9206
f 9204 9206 9201
f 590 9200 9187
f 2319 9208 9200
f 2317 9187 9208
f 9200 9208 9187
f 591 9207 9195
f 2321 9209 9207
f 2319 9195 9209
f 9207 9209 9195
f 499 9191 9203
f 2317 9210 9191
f 2321 9203 9210
f 9191 9210 9203
f 2319 9209 9208
f 2321 9210 9209
f 2317 9208 9210
f 9209 9210 9208
f 30 5931 9212
f 1506 9211 5931
f 2324 9212 9211
f 5931 9211 9212
f 390 9213 5935
f 2323 9214 9213
f 1506 5935 9214
f 9213 9214 5935
f 593 9215 9217
f 2324 9216 9215
f 2323 9217 9216
f 9215 9216 9217
f 1506 9214 9211
f 2323 9216 9214
f 2324 9211 9216
f 9214 9216 9211
f 103 9218 5947
f 2325 9219 9218
f 1510 5947 9219
f 9218 9219 5947
f 592 9220 9222
f 2326 9221 9220
f 2325 9222 9221
f 9220 9221 9222
f 390 5952 9224
f 1510 9223 5952
f 2326 9224 9223
f 5952 9223 9224
f 2325 9221 9219
f 2326 9223 9221
f 1510 9219 9223
f 9221 9223 9219
f 154 9225 9227
f 2327 9226 9225
f 2329 9227 9226
f 9225 9226 9227
f 593 9228 9230
f 2328 9229 9228
f 2327 9230 9229
f 9228 9229 9230
f 592 9231 9233
f 2329 9232 9231
f 2328 9233 9232
f 9231 9232 9233
f 2327 9229 9226
f 2328 9232 9229
f 2329 9226 9232
f 9229 9232 9226
f 390 9224 9213
f 2326 9234 9224
f 2323 9213 9234
f 9224 9234 9213
f 592 9233 9220
f 2328 9235 9233
f 2326 9220 9235
f 9233 9235 9220
f 593 9217 9228
f 2323 9236 9217
f 2328 9228 9236
f 9217 9236 9228
f 2326 9235 9234
f 2328 9236 9235
f 2323 9234 9236
f 9235 9236 9234
f 135 9202 9168
f 2322 9237 9202
f 2312 9168 9237
f 9202 9237 9168
f 591 9238 9205
f 2330 9239 9238
f 2322 9205 9239
f 9238 9239 9205
f 589 9172 9241
f 2312 9240 9172
f 2330 9241 9240
f 9172 9240 9241
f 2322 9239 9237
f 2330 9240 9239
f 2312 9237 9240
f 9239 9240 9237
f 154 9227 9192
f 2329 9242 9227
f 2318 9192 9242
f 9227 9242 9192
f 592 9243 9231
f 2331 9244 9243
f 2329 9231 9244
f 9243 9244 9231
f 591 9197 9246
f 2318 9245 9197
f 2331 9246 9245
f 9197 9245 9246
f 2329 9244 9242
f 2331 9245 9244
f 2318 9242 9245
f 9244 9245 9242
f 103 9176 9218
f 2315 9247 9176
f 2325 9218 9247
f 9176 9247 9218
f 589 9248 9179
f 2332 9249 9248
f 2315 9179 9249
f 9248 9249 9179
f 592 9222 9251
f 2325 9250 9222
f 2332 9251 9250
f 9222 9250 9251
f 2315 9249 9247
f 2332 9250 9249
f 2325 9247 9250
f 9249 9250 9247
f 591 9246 9238
f 2331 9252 9246
f 2330 9238 9252
f 9246 9252 9238
f 592 9251 9243
f 2332 9253 9251
f 2331 9243 9253
f 9251 9253 9243
f 589 9241 9248
f 2330 9254 9241
f 2332 9248 9254
f 9241 9254 9248
f 2331 9253 9252
f 2332 9254 9253
f 2330 9252 9254
f 9253 9254 9252
f 3 5509 7383
f 1397 9255 5509
f 1877 7383 9255
f 5509 9255 7383
f 361 9256 5513
f 2333 9257 9256
f 1397 5513 9257
f 9256 9257 5513
f 486 7387 9259
f 1877 9258 7387
f 2333 9259 9258
f 7387 9258 9259
f 1397 9257 9255
f 2333 9258 9257
f 1877 9255 9258
f 9257 9258 9255
f 98 9260 5525
f 2334 9261 9260
f 1401 5525 9261
f 9260 9261 5525
f 594 9262 9264
f 2335 9263 9262
f 2334 9264 9263
f 9262 9263 9264
f 361 5530 9266
f 1401 9265 5530
f 2335 9266 9265
f 5530 9265 9266
f 2334 9263 9261
f 2335 9265 9263
f 1401 9261 9265
f 9263 9265 9261
f 131 7392 9268
f 1881 9267 7392
f 2337 9268 9267
f 7392 9267 9268
f 486 9269 7396
f 2336 9270 9269
f 1881 7396 9270
f 9269 9270 7396
f 594 9271 9273
f 2337 9272 9271
f 2336 9273 9272
f 9271 9272 9273
f 1881 9270 9267
f 2336 9272 9270
f 2337 9267 9272
f 9270 9272 9267
f 361 9266 9256
f 2335 9274 9266
f 2333 9256 9274
f 9266 9274 9256
f 594 9273 9262
f 2336 9275 9273
f 2335 9262 9275
f 9273 9275 9262
f 486 9259 9269
f 2333 9276 9259
f 2336 9269 9276
f 9259 9276 9269
f 2335 9275 9274
f 2336 9276 9275
f 2333 9274 9276
f 9275 9276 9274
f 27 9277 5567
f 2338 9278 9277
f 1413 5567 9278
f 9277 9278 5567
f 595 9279 9281
f 2339 9280 9279
f 2338 9281 9280
f 9279 9280 9281
f 365 5572 9283
f 1413 9282 5572
f 2339 9283 9282
f 5572 9282 9283
f 2338 9280 9278
f 2339 9282 9280
f 1413 9278 9282
f 9280 9282 9278
f 155 9284 9286
f 2340 9285 9284
f 2342 9286 9285
f 9284 9285 9286
f 596 9287 9289
f 2341 9288 9287
f 2340 9289 9288
f 9287 9288 9289
f 595 9290 9292
f 2342 9291 9290
f 2341 9292 9291
f 9290 9291 9292
f 2340 9288 9285
f 2341 9291 9288
f 2342 9285 9291
f 9288 9291 9285
f 98 5578 9294
f 1418 9293 5578
f 2344 9294 9293
f 5578 9293 9294
f 365 9295 5582
f 2343 9296 9295
f 1418 5582 9296
f 9295 9296 5582
f 596 9297 9299
f 2344 9298 9297
f 2343 9299 9298
f 9297 9298 9299
f 1418 9296 9293
f 2343 9298 9296
f 2344 9293 9298
f 9296 9298 9293
f 595 9292 9279
f 2341 9300 9292
f 2339 9279 9300
f 9292 9300 9279
f 596 9299 9287
f 2343 9301 9299
f 2341 9287 9301
f 9299 9301 9287
f 365 9283 9295
f 2339 9302 9283
f 2343 9295 9302
f 9283 9302 9295
f 2341 9301 9300
f 2343 9302 9301
f 2339 9300 9302
f 9301 9302 9300
f 38 7411 9304
f 1886 9303 7411
f 2346 9304 9303
f 7411 9303 9304
f 490 9305 7415
f 2345 9306 9305
f 1886 7415 9306
f 9305 9306 7415
f 598 9307 9309
f 2346 9308 9307
f 2345 9309 9308
f 9307 9308 9309
f 1886 9306 9303
f 2345 9308 9306
f 2346 9303 9308
f 9306 9308 9303
f 131 9310 7427
f 2347 9311 9310
f 1890 7427 9311
f 9310 9311 7427
f 597 9312 9314
f 2348 9313 9312
f 2347 9314 9313
f 9312 9313 9314
f 490 7432 9316
f 1890 9315 7432
f 2348 9316 9315
f 7432 9315 9316
f 2347 9313 9311
f 2348 9315 9313
f 1890 9311 9315
f 9313 9315 9311
f 155 9317 9319
f 2349 9318 9317
f 2351 9319 9318
f 9317 9318 9319
f 598 9320 9322
f 2350 9321 9320
f 2349 9322 9321
f 9320 9321 9322
f 597 9323 9325
f 2351 9324 9323
f 2350 9325 9324
f 9323 9324 9325
f 2349 9321 9318
f 2350 9324 9321
f 2351 9318 9324
f 9321 9324 9318
f 490 9316 9305
f 2348 9326 9316
f 2345 9305 9326
f 9316 9326 9305
f 597 9325 9312
f 2350 9327 9325
f 2348 9312 9327
f 9325 9327 9312
f 598 9309 9320
f 2345 9328 9309
f 2350 9320 9328
f 9309 9328 9320
f 2348 9327 9326
f 2350 9328 9327
f 2345 9326 9328
f 9327 9328 9326
f 98 9294 9260
f 2344 9329 9294
f 2334 9260 9329
f 9294 9329 9260
f 596 9330 9297
f 2352 9331 9330
f 2344 9297 9331
f 9330 9331 9297
f 594 9264 9333
f 2334 9332 9264
f 2352 9333 9332
f 9264 9332 9333
f 2344 9331 9329
f 2352 9332 9331
f 2334 9329 9332
f 9331 9332 9329
f 155 9319 9284
f 2351 9334 9319
f 2340 9284 9334
f 9319 9334 9284
f 597 9335 9323
f 2353 9336 9335
f 2351 9323 9336
f 9335 9336 9323
f 596 9289 9338
f 2340 9337 9289
f 2353 9338 9337
f 9289 9337 9338
f 2351 9336 9334
f 2353 9337 9336
f 2340 9334 9337
f 9336 9337 9334
f 131 9268 9310
f 2337 9339 9268
f 2347 9310 9339
f 9268 9339 9310
f 594 9340 9271
f 2354 9341 9340
f 2337 9271 9341
f 9340 9341 9271
f 597 9314 9343
f 2347 9342 9314
f 2354 9343 9342
f 9314 9342 9343
f 2337 9341 9339
f 2354 9342 9341
f 2347 9339 9342
f 9341 9342 9339
f 596 9338 9330
f 2353 9344 9338
f 2352 9330 9344
f 9338 9344 9330
f 597 9343 9335
f 2354 9345 9343
f 2353 9335 9345
f 9343 9345 9335
f 594 9333 9340
f 2352 9346 9333
f 2354 9340 9346
f 9333 9346 9340
f 2353 9345 9344
f 2354 9346 9345
f 2352 9344 9346
f 9345 9346 9344
f 11 5700 5407
f 1444 9347 5700
f 1369 5407 9347
f 5700 9347 5407
f 372 9348 5703
f 2355 9349 9348
f 1444 5703 9349
f 9348 9349 5703
f 352 5411 9351
f 1369 9350 5411
f 2355 9351 9350
f 5411 9350 9351
f 1444 9349 9347
f 2355 9350 9349
f 1369 9347 9350
f 9349 9350 9347
f 100 9352 5713
f 2356 9353 9352
f 1447 5713 9353
f 9352 9353 5713
f 599 9354 9356
f 2357 9355 9354
f 2356 9356 9355
f 9354 9355 9356
f 372 5718 9358
f 1447 9357 5718
f 2357 9358 9357
f 5718 9357 9358
f 2356 9355 9353
f 2357 9357 9355
f 1447 9353 9357
f 9355 9357 9353
f 94 5416 9360
f 1373 9359 5416
f 2359 9360 9359
f 5416 9359 9360
f 352 9361 5420
f 2358 9362 9361
f 1373 5420 9362
f 9361 9362 5420
f 599 9363 9365
f 2359 9364 9363
f 2358 9365 9364
f 9363 9364 9365
f 1373 9362 9359
f 2358 9364 9362
f 2359 9359 9364
f 9362 9364 9359
f 372 9358 9348
f 2357 9366 9358
f 2355 9348 9366
f 9358 9366 9348
f 599 9365 9354
f 2358 9367 9365
f 2357 9354 9367
f 9365 9367 9354
f 352 9351 9361
f 2355 9368 9351
f 2358 9361 9368
f 9351 9368 9361
f 2357 9367 9366
f 2358 9368 9367
f 2355 9366 9368
f 9367 9368 9366
f 30 9369 5751
f 2360 9370 9369
f 1457 5751 9370
f 9369 9370 5751
f 600 9371 9373
f 2361 9372 9371
f 2360 9373 9372
f 9371 9372 9373
f 375 5756 9375
f 1457 9374 5756
f 2361 9375 9374
f 5756 9374 9375
f 2360 9372 9370
f 2361 9374 9372
f 1457 9370 9374
f 9372 9374 9370
f 156 9376 9378
f 2362 9377 9376
f 2364 9378 9377
f 9376 9377 9378
f 601 9379 9381
f 2363 9380 9379
f 2362 9381 9380
f 9379 9380 9381
f 600 9382 9384
f 2364 9383 9382
f 2363 9384 9383
f 9382 9383 9384
f 2362 9380 9377
f 2363 9383 9380
f 2364 9377 9383
f 9380 9383 9377
f 100 5762 9386
f 1462 9385 5762
f 2366 9386 9385
f 5762 9385 9386
f 375 9387 5766
f 2365 9388 9387
f 1462 5766 9388
f 9387 9388 5766
f 601 9389 9391
f 2366 9390 9389
f 2365 9391 9390
f 9389 9390 9391
f 1462 9388 9385
f 2365 9390 9388
f 2366 9385 9390
f 9388 9390 9385
f 600 9384 9371
f 2363 9392 9384
f 2361 9371 9392
f 9384 9392 9371
f 601 9391 9379
f 2365 9393 9391
f 2363 9379 9393
f 9391 9393 9379
f 375 9375 9387
f 2361 9394 9375
f 2365 9387 9394
f 9375 9394 9387
f 2363 9393 9392
f 2365 9394 9393
f 2361 9392 9394
f 9393 9394 9392
f 27 5435 9396
f 1378 9395 5435
f 2368 9396 9395
f 5435 9395 9396
f 356 9397 5439
f 2367 9398 9397
f 1378 5439 9398
f 9397 9398 5439
f 603 9399 9401
f 2368 9400 9399
f 2367 9401 9400
f 9399 9400 9401
f 1378 9398 9395
f 2367 9400 9398
f 2368 9395 9400
f 9398 9400 9395
f 94 9402 5451
f 2369 9403 9402
f 1382 5451 9403
f 9402 9403 5451
f 602 9404 9406
f 2370 9405 9404
f 2369 9406 9405
f 9404 9405 9406
f 356 5456 9408
f 1382 9407 5456
f 2370 9408 9407
f 5456 9407 9408
f 2369 9405 9403
f 2370 9407 9405
f 1382 9403 9407
f 9405 9407 9403
f 156 9409 9411
f 2371 9410 9409
f 2373 9411 9410
f 9409 9410 9411
f 603 9412 9414
f 2372 9413 9412
f 2371 9414 9413
f 9412 9413 9414
f 602 9415 9417
f 2373 9416 9415
f 2372 9417 9416
f 9415 9416 9417
f 2371 9413 9410
f 2372 9416 9413
f 2373 9410 9416
f 9413 9416 9410
f 356 9408 9397
f 2370 9418 9408
f 2367 9397 9418
f 9408 9418 9397
f 602 9417 9404
f 2372 9419 9417
f 2370 9404 9419
f 9417 9419 9404
f 603 9401 9412
f 2367 9420 9401
f 2372 9412 9420
f 9401 9420 9412
f 2370 9419 9418
f 2372 9420 9419
f 2367 9418 9420
f 9419 9420 9418
f 100 9386 9352
f 2366 9421 9386
f 2356 9352 9421
f 9386 9421 9352
f 601 9422 9389
f 2374 9423 9422
f 2366 9389 9423
f 9422 9423 9389
f 599 9356 9425
f 2356 9424 9356
f 2374 9425 9424
f 9356 9424 9425
f 2366 9423 9421
f 2374 9424 9423
f 2356 9421 9424
f 9423 9424 9421
f 156 9411 9376
f 2373 9426 9411
f 2362 9376 9426
f 9411 9426 9376
f 602 9427 9415
f 2375 9428 9427
f 2373 9415 9428
f 9427 9428 9415
f 601 9381 9430
f 2362 9429 9381
f 2375 9430 9429
f 9381 9429 9430
f 2373 9428 9426
f 2375 9429 9428
f 2362 9426 9429
f 9428 9429 9426
f 94 9360 9402
f 2359 9431 9360
f 2369 9402 9431
f 9360 9431 9402
f 599 9432 9363
f 2376 9433 9432
f 2359 9363 9433
f 9432 9433 9363
f 602 9406 9435
f 2369 9434 9406
f 2376 9435 9434
f 9406 9434 9435
f 2359 9433 9431
f 2376 9434 9433
f 2369 9431 9434
f 9433 9434 9431
f 601 9430 9422
f 2375 9436 9430
f 2374 9422 9436
f 9430 9436 9422
f 602 9435 9427
f 2376 9437 9435
f 2375 9427 9437
f 9435 9437 9427
f 599 9425 9432
f 2374 9438 9425
f 2376 9432 9438
f 9425 9438 9432
f 2375 9437 9436
f 2376 9438 9437
f 2374 9436 9438
f 9437 9438 9436
f 38 9304 9185
f 2346 9439 9304
f 2316 9185 9439
f 9304 9439 9185
f 598 9440 9307
f 2377 9441 9440
f 2346 9307 9441
f 9440 9441 9307
f 590 9189 9443
f 2316 9442 9189
f 2377 9443 9442
f 9189 9442 9443
f 2346 9441 9439
f 2377 9442 9441
f 2316 9439 9442
f 9441 9442 9439
f 155 9444 9317
f 2378 9445 9444
f 2349 9317 9445
f 9444 9445 9317
f 604 9446 9448
f 2379 9447 9446
f 2378 9448 9447
f 9446 9447 9448
f 598 9322 9450
f 2349 9449 9322
f 2379 9450 9449
f 9322 9449 9450
f 2378 9447 9445
f 2379 9449 9447
f 2349 9445 9449
f 9447 9449 9445
f 154 9194 9452
f 2320 9451 9194
f 2381 9452 9451
f 9194 9451 9452
f 590 9453 9198
f 2380 9454 9453
f 2320 9198 9454
f 9453 9454 9198
f 604 9455 9457
f 2381 9456 9455
f 2380 9457 9456
f 9455 9456 9457
f 2320 9454 9451
f 2380 9456 9454
f 2381 9451 9456
f 9454 9456 9451
f 598 9450 9440
f 2379 9458 9450
f 2377 9440 9458
f 9450 9458 9440
f 604 9457 9446
f 2380 9459 9457
f 2379 9446 9459
f 9457 9459 9446
f 590 9443 9453
f 2377 9460 9443
f 2380 9453 9460
f 9443 9460 9453
f 2379 9459 9458
f 2380 9460 9459
f 2377 9458 9460
f 9459 9460 9458
f 27 9396 9277
f 2368 9461 9396
f 2338 9277 9461
f 9396 9461 9277
f 603 9462 9399
f 2382 9463 9462
f 2368 9399 9463
f 9462 9463 9399
f 595 9281 9465
f 2338 9464 9281
f 2382 9465 9464
f 9281 9464 9465
f 2368 9463 9461
f 2382 9464 9463
f 2338 9461 9464
f 9463 9464 9461
f 156 9466 9409
f 2383 9467 9466
f 2371 9409 9467
f 9466 9467 9409
f 605 9468 9470
f 2384 9469 9468
f 2383 9470 9469
f 9468 9469 9470
f 603 9414 9472
f 2371 9471 9414
f 2384 9472 9471
f 9414 9471 9472
f 2383 9469 9467
f 2384 9471 9469
f 2371 9467 9471
f 9469 9471 9467
f 155 9286 9474
f 2342 9473 9286
f 2386 9474 9473
f 9286 9473 9474
f 595 9475 9290
f 2385 9476 9475
f 2342 9290 9476
f 9475 9476 9290
f 605 9477 9479
f 2386 9478 9477
f 2385 9479 9478
f 9477 9478 9479
f 2342 9476 9473
f 2385 9478 9476
f 2386 9473 9478
f 9476 9478 9473
f 603 9472 9462
f 2384 9480 9472
f 2382 9462 9480
f 9472 9480 9462
f 605 9479 9468
f 2385 9481 9479
f 2384 9468 9481
f 9479 9481 9468
f 595 9465 9475
f 2382 9482 9465
f 2385 9475 9482
f 9465 9482 9475
f 2384 9481 9480
f 2385 9482 9481
f 2382 9480 9482
f 9481 9482 9480
f 30 9212 9369
f 2324 9483 9212
f 2360 9369 9483
f 9212 9483 9369
f 593 9484 9215
f 2387 9485 9484
f 2324 9215 9485
f 9484 9485 9215
f 600 9373 9487
f 2360 9486 9373
f 2387 9487 9486
f 9373 9486 9487
f 2324 9485 9483
f 2387 9486 9485
f 2360 9483 9486
f 9485 9486 9483
f 154 9488 9225
f 2388 9489 9488
f 2327 9225 9489
f 9488 9489 9225
f 606 9490 9492
f 2389 9491 9490
f 2388 9492 9491
f 9490 9491 9492
f 593 9230 9494
f 2327 9493 9230
f 2389 9494 9493
f 9230 9493 9494
f 2388 9491 9489
f 2389 9493 9491
f 2327 9489 9493
f 9491 9493 9489
f 156 9378 9496
f 2364 9495 9378
f 2391 9496 9495
f 9378 9495 9496
f 600 9497 9382
f 2390 9498 9497
f 2364 9382 9498
f 9497 9498 9382
f 606 9499 9501
f 2391 9500 9499
f 2390 9501 9500
f 9499 9500 9501
f 2364 9498 9495
f 2390 9500 9498
f 2391 9495 9500
f 9498 9500 9495
f 593 9494 9484
f 2389 9502 9494
f 2387 9484 9502
f 9494 9502 9484
f 606 9501 9490
f 2390 9503 9501
f 2389 9490 9503
f 9501 9503 9490
f 600 9487 9497
f 2387 9504 9487
f 2390 9497 9504
f 9487 9504 9497
f 2389 9503 9502
f 2390 9504 9503
f 2387 9502 9504
f 9503 9504 9502
f 155 9474 9444
f 2386 9505 9474
f 2378 9444 9505
f 9474 9505 9444
f 605 9506 9477
f 2392 9507 9506
f 2386 9477 9507
f 9506 9507 9477
f 604 9448 9509
f 2378 9508 9448
f 2392 9509 9508
f 9448 9508 9509
f 2386 9507 9505
f 2392 9508 9507
f 2378 9505 9508
f 9507 9508 9505
f 156 9496 9466
f 2391 9510 9496
f 2383 9466 9510
f 9496 9510 9466
f 606 9511 9499
f 2393 9512 9511
f 2391 9499 9512
f 9511 9512 9499
f 605 9470 9514
f 2383 9513 9470
f 2393 9514 9513
f 9470 9513 9514
f 2391 9512 9510
f 2393 9513 9512
f 2383 9510 9513
f 9512 9513 9510
f 154 9452 9488
f 2381 9515 9452
f 2388 9488 9515
f 9452 9515 9488
f 604 9516 9455
f 2394 9517 9516
f 2381 9455 9517
f 9516 9517 9455
f 606 9492 9519
f 2388 9518 9492
f 2394 9519 9518
f 9492 9518 9519
f 2381 9517 9515
f 2394 9518 9517
f 2388 9515 9518
f 9517 9518 9515
f 605 9514 9506
f 2393 9520 9514
f 2392 9506 9520
f 9514 9520 9506
f 606 9519 9511
f 2394 9521 9519
f 2393 9511 9521
f 9519 9521 9511
f 604 9509 9516
f 2392 9522 9509
f 2394 9516 9522
f 9509 9522 9516
f 2393 9521 9520
f 2394 9522 9521
f 2392 9520 9522
f 9521 9522 9520
f 9 7877 6291
f 2005 9523 7877
f 1595 6291 9523
f 7877 9523 6291
f 521 9524 7881
f 2395 9525 9524
f 2005 7881 9525
f 9524 9525 7881
f 411 6296 9527
f 1595 9526 6296
f 2395 9527 9526
f 6296 9526 9527
f 2005 9525 9523
f 2395 9526 9525
f 1595 9523 9526
f 9525 9526 9523
f 142 9528 7893
f 2396 9529 9528
f 2009 7893 9529
f 9528 9529 7893
f 607 9530 9532
f 2397 9531 9530
f 2396 9532 9531
f 9530 9531 9532
f 521 7898 9534
f 2009 9533 7898
f 2397 9534 9533
f 7898 9533 9534
f 2396 9531 9529
f 2397 9533 9531
f 2009 9529 9533
f 9531 9533 9529
f 110 6302 9536
f 1600 9535 6302
f 2399 9536 9535
f 6302 9535 9536
f 411 9537 6306
f 2398 9538 9537
f 1600 6306 9538
f 9537 9538 6306
f 607 9539 9541
f 2399 9540 9539
f 2398 9541 9540
f 9539 9540 9541
f 1600 9538 9535
f 2398 9540 9538
f 2399 9535 9540
f 9538 9540 9535
f 521 9534 9524
f 2397 9542 9534
f 2395 9524 9542
f 9534 9542 9524
f 607 9541 9530
f 2398 9543 9541
f 2397 9530 9543
f 9541 9543 9530
f 411 9527 9537
f 2395 9544 9527
f 2398 9537 9544
f 9527 9544 9537
f 2397 9543 9542
f 2398 9544 9543
f 2395 9542 9544
f 9543 9544 9542
f 40 9545 7935
f 2400 9546 9545
f 2021 7935 9546
f 9545 9546 7935
f 608 9547 9549
f 2401 9548 9547
f 2400 9549 9548
f 9547 9548 9549
f 525 7940 9551
f 2021 9550 7940
f 2401 9551 9550
f 7940 9550 9551
f 2400 9548 9546
f 2401 9550 9548
f 2021 9546 9550
f 9548 9550 9546
f 157 9552 9554
f 2402 9553 9552
f 2404 9554 9553
f 9552 9553 9554
f 609 9555 9557
f 2403 9556 9555
f 2402 9557 9556
f 9555 9556 9557
f 608 9558 9560
f 2404 9559 9558
f 2403 9560 9559
f 9558 9559 9560
f 2402 9556 9553
f 2403 9559 9556
f 2404 9553 9559
f 9556 9559 9553
f 142 7946 9562
f 2026 9561 7946
f 2406 9562 9561
f 7946 9561 9562
f 525 9563 7950
f 2405 9564 9563
f 2026 7950 9564
f 9563 9564 7950
f 609 9565 9567
f 2406 9566 9565
f 2405 9567 9566
f 9565 9566 9567
f 2026 9564 9561
f 2405 9566 9564
f 2406 9561 9566
f 9564 9566 9561
f 608 9560 9547
f 2403 9568 9560
f 2401 9547 9568
f 9560 9568 9547
f 609 9567 9555
f 2405 9569 9567
f 2403 9555 9569
f 9567 9569 9555
f 525 9551 9563
f 2401 9570 9551
f 2405 9563 9570
f 9551 9570 9563
f 2403 9569 9568
f 2405 9570 9569
f 2401 9568 9570
f 9569 9570 9568
f 32 6323 9572
f 1606 9571 6323
f 2408 9572 9571
f 6323 9571 9572
f 416 9573 6327
f 2407 9574 9573
f 1606 6327 9574
f 9573 9574 6327
f 611 9575 9577
f 2408 9576 9575
f 2407 9577 9576
f 9575 9576 9577
f 1606 9574 9571
f 2407 9576 9574
f 2408 9571 9576
f 9574 9576 9571
f 110 9578 6339
f 2409 9579 9578
f 1610 6339 9579
f 9578 9579 6339
f 610 9580 9582
f 2410 9581 9580
f 2409 9582 9581
f 9580 9581 9582
f 416 6344 9584
f 1610 9583 6344
f 2410 9584 9583
f 6344 9583 9584
f 2409 9581 9579
f 2410 9583 9581
f 1610 9579 9583
f 9581 9583 9579
f 157 9585 9587
f 2411 9586 9585
f 2413 9587 9586
f 9585 9586 9587
f 611 9588 9590
f 2412 9589 9588
f 2411 9590 9589
f 9588 9589 9590
f 610 9591 9593
f 2413 9592 9591
f 2412 9593 9592
f 9591 9592 9593
f 2411 9589 9586
f 2412 9592 9589
f 2413 9586 9592
f 9589 9592 9586
f 416 9584 9573
f 2410 9594 9584
f 2407 9573 9594
f 9584 9594 9573
f 610 9593 9580
f 2412 9595 9593
f 2410 9580 9595
f 9593 9595 9580
f 611 9577 9588
f 2407 9596 9577
f 2412 9588 9596
f 9577 9596 9588
f 2410 9595 9594
f 2412 9596 9595
f 2407 9594 9596
f 9595 9596 9594
f 142 9562 9528
f 2406 9597 9562
f 2396 9528 9597
f 9562 9597 9528
f 609 9598 9565
f 2414 9599 9598
f 2406 9565 9599
f 9598 9599 9565
f 607 9532 9601
f 2396 9600 9532
f 2414 9601 9600
f 9532 9600 9601
f 2406 9599 9597
f 2414 9600 9599
f 2396 9597 9600
f 9599 9600 9597
f 157 9587 9552
f 2413 9602 9587
f 2402 9552 9602
f 9587 9602 9552
f 610 9603 9591
f 2415 9604 9603
f 2413 9591 9604
f 9603 9604 9591
f 609 9557 9606
f 2402 9605 9557
f 2415 9606 9605
f 9557 9605 9606
f 2413 9604 9602
f 2415 9605 9604
f 2402 9602 9605
f 9604 9605 9602
f 110 9536 9578
f 2399 9607 9536
f 2409 9578 9607
f 9536 9607 9578
f 607 9608 9539
f 2416 9609 9608
f 2399 9539 9609
f 9608 9609 9539
f 610 9582 9611
f 2409 9610 9582
f 2416 9611 9610
f 9582 9610 9611
f 2399 9609 9607
f 2416 9610 9609
f 2409 9607 9610
f 9609 9610 9607
f 609 9606 9598
f 2415 9612 9606
f 2414 9598 9612
f 9606 9612 9598
f 610 9611 9603
f 2416 9613 9611
f 2415 9603 9613
f 9611 9613 9603
f 607 9601 9608
f 2414 9614 9601
f 2416 9608 9614
f 9601 9614 9608
f 2415 9613 9612
f 2416 9614 9613
f 2414 9612 9614
f 9613 9614 9612
f 7 5901 7775
f 1497 9615 5901
f 1977 7775 9615
f 5901 9615 7775
f 387 9616 5905
f 2417 9617 9616
f 1497 5905 9617
f 9616 9617 5905
f 512 7779 9619
f 1977 9618 7779
f 2417 9619 9618
f 7779 9618 9619
f 1497 9617 9615
f 2417 9618 9617
f 1977 9615 9618
f 9617 9618 9615
f 105 9620 5917
f 2418 9621 9620
f 1501 5917 9621
f 9620 9621 5917
f 612 9622 9624
f 2419 9623 9622
f 2418 9624 9623
f 9622 9623 9624
f 387 5922 9626
f 1501 9625 5922
f 2419 9626 9625
f 5922 9625 9626
f 2418 9623 9621
f 2419 9625 9623
f 1501 9621 9625
f 9623 9625 9621
f 138 7784 9628
f 1981 9627 7784
f 2421 9628 9627
f 7784 9627 9628
f 512 9629 7788
f 2420 9630 9629
f 1981 7788 9630
f 9629 9630 7788
f 612 9631 9633
f 2421 9632 9631
f 2420 9633 9632
f 9631 9632 9633
f 1981 9630 9627
f 2420 9632 9630
f 2421 9627 9632
f 9630 9632 9627
f 387 9626 9616
f 2419 9634 9626
f 2417 9616 9634
f 9626 9634 9616
f 612 9633 9622
f 2420 9635 9633
f 2419 9622 9635
f 9633 9635 9622
f 512 9619 9629
f 2417 9636 9619
f 2420 9629 9636
f 9619 9636 9629
f 2419 9635 9634
f 2420 9636 9635
f 2417 9634 9636
f 9635 9636 9634
f 29 9637 5959
f 2422 9638 9637
f 1513 5959 9638
f 9637 9638 5959
f 613 9639 9641
f 2423 9640 9639
f 2422 9641 9640
f 9639 9640 9641
f 391 5964 9643
f 1513 9642 5964
f 2423 9643 9642
f 5964 9642 9643
f 2422 9640 9638
f 2423 9642 9640
f 1513 9638 9642
f 9640 9642 9638
f 158 9644 9646
f 2424 9645 9644
f 2426 9646 9645
f 9644 9645 9646
f 614 9647 9649
f 2425 9648 9647
f 2424 9649 9648
f 9647 9648 9649
f 613 9650 9652
f 2426 9651 9650
f 2425 9652 9651
f 9650 9651 9652
f 2424 9648 9645
f 2425 9651 9648
f 2426 9645 9651
f 9648 9651 9645
f 105 5970 9654
f 1518 9653 5970
f 2428 9654 9653
f 5970 9653 9654
f 391 9655 5974
f 2427 9656 9655
f 1518 5974 9656
f 9655 9656 5974
f 614 9657 9659
f 2428 9658 9657
f 2427 9659 9658
f 9657 9658 9659
f 1518 9656 9653
f 2427 9658 9656
f 2428 9653 9658
f 9656 9658 9653
f 613 9652 9639
f 2425 9660 9652
f 2423 9639 9660
f 9652 9660 9639
f 614 9659 9647
f 2427 9661 9659
f 2425 9647 9661
f 9659 9661 9647
f 391 9643 9655
f 2423 9662 9643
f 2427 9655 9662
f 9643 9662 9655
f 2425 9661 9660
f 2427 9662 9661
f 2423 9660 9662
f 9661 9662 9660
f 40 7803 9664
f 1986 9663 7803
f 2430 9664 9663
f 7803 9663 9664
f 516 9665 7807
f 2429 9666 9665
f 1986 7807 9666
f 9665 9666 7807
f 616 9667 9669
f 2430 9668 9667
f 2429 9669 9668
f 9667 9668 9669
f 1986 9666 9663
f 2429 9668 9666
f 2430 9663 9668
f 9666 9668 9663
f 138 9670 7819
f 2431 9671 9670
f 1990 7819 9671
f 9670 9671 7819
f 615 9672 9674
f 2432 9673 9672
f 2431 9674 9673
f 9672 9673 9674
f 516 7824 9676
f 1990 9675 7824
f 2432 9676 9675
f 7824 9675 9676
f 2431 9673 9671
f 2432 9675 9673
f 1990 9671 9675
f 9673 9675 9671
f 158 9677 9679
f 2433 9678 9677
f 2435 9679 9678
f 9677 9678 9679
f 616 9680 9682
f 2434 9681 9680
f 2433 9682 9681
f 9680 9681 9682
f 615 9683 9685
f 2435 9684 9683
f 2434 9685 9684
f 9683 9684 9685
f 2433 9681 9678
f 2434 9684 9681
f 2435 9678 9684
f 9681 9684 9678
f 516 9676 9665
f 2432 9686 9676
f 2429 9665 9686
f 9676 9686 9665
f 615 9685 9672
f 2434 9687 9685
f 2432 9672 9687
f 9685 9687 9672
f 616 9669 9680
f 2429 9688 9669
f 2434 9680 9688
f 9669 9688 9680
f 2432 9687 9686
f 2434 9688 9687
f 2429 9686 9688
f 9687 9688 9686
f 105 9654 9620
f 2428 9689 9654
f 2418 9620 9689
f 9654 9689 9620
f 614 9690 9657
f 2436 9691 9690
f 2428 9657 9691
f 9690 9691 9657
f 612 9624 9693
f 2418 9692 9624
f 2436 9693 9692
f 9624 9692 9693
f 2428 9691 9689
f 2436 9692 9691
f 2418 9689 9692
f 9691 9692 9689
f 158 9679 9644
f 2435 9694 9679
f 2424 9644 9694
f 9679 9694 9644
f 615 9695 9683
f 2437 9696 9695
f 2435 9683 9696
f 9695 9696 9683
f 614 9649 9698
f 2424 9697 9649
f 2437 9698 9697
f 9649 9697 9698
f 2435 9696 9694
f 2437 9697 9696
f 2424 9694 9697
f 9696 9697 9694
f 138 9628 9670
f 2421 9699 9628
f 2431 9670 9699
f 9628 9699 9670
f 612 9700 9631
f 2438 9701 9700
f 2421 9631 9701
f 9700 9701 9631
f 615 9674 9703
f 2431 9702 9674
f 2438 9703 9702
f 9674 9702 9703
f 2421 9701 9699
f 2438 9702 9701
f 2431 9699 9702
f 9701 9702 9699
f 614 9698 9690
f 2437 9704 9698
f 2436 9690 9704
f 9698 9704 9690
f 615 9703 9695
f 2438 9705 9703
f 2437 9695 9705
f 9703 9705 9695
f 612 9693 9700
f 2436 9706 9693
f 2438 9700 9706
f 9693 9706 9700
f 2437 9705 9704
f 2438 9706 9705
f 2436 9704 9706
f 9705 9706 9704
f 8 6092 5799
f 1544 9707 6092
f 1469 5799 9707
f 6092 9707 5799
f 398 9708 6095
f 2439 9709 9708
f 1544 6095 9709
f 9708 9709 6095
f 378 5803 9711
f 1469 9710 5803
f 2439 9711 9710
f 5803 9710 9711
f 1544 9709 9707
f 2439 9710 9709
f 1469 9707 9710
f 9709 9710 9707
f 107 9712 6105
f 2440 9713 9712
f 1547 6105 9713
f 9712 9713 6105
f 617 9714 9716
f 2441 9715 9714
f 2440 9716 9715
f 9714 9715 9716
f 398 6110 9718
f 1547 9717 6110
f 2441 9718 9717
f 6110 9717 9718
f 2440 9715 9713
f 2441 9717 9715
f 1547 9713 9717
f 9715 9717 9713
f 101 5808 9720
f 1473 9719 5808
f 2443 9720 9719
f 5808 9719 9720
f 378 9721 5812
f 2442 9722 9721
f 1473 5812 9722
f 9721 9722 5812
f 617 9723 9725
f 2443 9724 9723
f 2442 9725 9724
f 9723 9724 9725
f 1473 9722 9719
f 2442 9724 9722
f 2443 9719 9724
f 9722 9724 9719
f 398 9718 9708
f 2441 9726 9718
f 2439 9708 9726
f 9718 9726 9708
f 617 9725 9714
f 2442 9727 9725
f 2441 9714 9727
f 9725 9727 9714
f 378 9711 9721
f 2439 9728 9711
f 2442 9721 9728
f 9711 9728 9721
f 2441 9727 9726
f 2442 9728 9727
f 2439 9726 9728
f 9727 9728 9726
f 32 9729 6143
f 2444 9730 9729
f 1557 6143 9730
f 9729 9730 6143
f 618 9731 9733
f 2445 9732 9731
f 2444 9733 9732
f 9731 9732 9733
f 401 6148 9735
f 1557 9734 6148
f 2445 9735 9734
f 6148 9734 9735
f 2444 9732 9730
f 2445 9734 9732
f 1557 9730 9734
f 9732 9734 9730
f 159 9736 9738
f 2446 9737 9736
f 2448 9738 9737
f 9736 9737 9738
f 619 9739 9741
f 2447 9740 9739
f 2446 9741 9740
f 9739 9740 9741
f 618 9742 9744
f 2448 9743 9742
f 2447 9744 9743
f 9742 9743 9744
f 2446 9740 9737
f 2447 9743 9740
f 2448 9737 9743
f 9740 9743 9737
f 107 6154 9746
f 1562 9745 6154
f 2450 9746 9745
f 6154 9745 9746
f 401 9747 6158
f 2449 9748 9747
f 1562 6158 9748
f 9747 9748 6158
f 619 9749 9751
f 2450 9750 9749
f 2449 9751 9750
f 9749 9750 9751
f 1562 9748 9745
f 2449 9750 9748
f 2450 9745 9750
f 9748 9750 9745
f 618 9744 9731
f 2447 9752 9744
f 2445 9731 9752
f 9744 9752 9731
f 619 9751 9739
f 2449 9753 9751
f 2447 9739 9753
f 9751 9753 9739
f 401 9735 9747
f 2445 9754 9735
f 2449 9747 9754
f 9735 9754 9747
f 2447 9753 9752
f 2449 9754 9753
f 2445 9752 9754
f 9753 9754 9752
f 29 5827 9756
f 1478 9755 5827
f 2452 9756 9755
f 5827 9755 9756
f 382 9757 5831
f 2451 9758 9757
f 1478 5831 9758
f 9757 9758 5831
f 621 9759 9761
f 2452 9760 9759
f 2451 9761 9760
f 9759 9760 9761
f 1478 9758 9755
f 2451 9760 9758
f 2452 9755 9760
f 9758 9760 9755
f 101 9762 5843
f 2453 9763 9762
f 1482 5843 9763
f 9762 9763 5843
f 620 9764 9766
f 2454 9765 9764
f 2453 9766 9765
f 9764 9765 9766
f 382 5848 9768
f 1482 9767 5848
f 2454 9768 9767
f 5848 9767 9768
f 2453 9765 9763
f 2454 9767 9765
f 1482 9763 9767
f 9765 9767 9763
f 159 9769 9771
f 2455 9770 9769
f 2457 9771 9770
f 9769 9770 9771
f 621 9772 9774
f 2456 9773 9772
f 2455 9774 9773
f 9772 9773 9774
f 620 9775 9777
f 2457 9776 9775
f 2456 9777 9776
f 9775 9776 9777
f 2455 9773 9770
f 2456 9776 9773
f 2457 9770 9776
f 9773 9776 9770
f 382 9768 9757
f 2454 9778 9768
f 2451 9757 9778
f 9768 9778 9757
f 620 9777 9764
f 2456 9779 9777
f 2454 9764 9779
f 9777 9779 9764
f 621 9761 9772
f 2451 9780 9761
f 2456 9772 9780
f 9761 9780 9772
f 2454 9779 9778
f 2456 9780 9779
f 2451 9778 9780
f 9779 9780 9778
f 107 9746 9712
f 2450 9781 9746
f 2440 9712 9781
f 9746 9781 9712
f 619 9782 9749
f 2458 9783 9782
f 2450 9749 9783
f 9782 9783 9749
f 617 9716 9785
f 2440 9784 9716
f 2458 9785 9784
f 9716 9784 9785
f 2450 9783 9781
f 2458 9784 9783
f 2440 9781 9784
f 9783 9784 9781
f 159 9771 9736
f 2457 9786 9771
f 2446 9736 9786
f 9771 9786 9736
f 620 9787 9775
f 2459 9788 9787
f 2457 9775 9788
f 9787 9788 9775
f 619 9741 9790
f 2446 9789 9741
f 2459 9790 9789
f 9741 9789 9790
f 2457 9788 9786
f 2459 9789 9788
f 2446 9786 9789
f 9788 9789 9786
f 101 9720 9762
f 2443 9791 9720
f 2453 9762 9791
f 9720 9791 9762
f 617 9792 9723
f 2460 9793 9792
f 2443 9723 9793
f 9792 9793 9723
f 620 9766 9795
f 2453 9794 9766
f 2460 9795 9794
f 9766 9794 9795
f 2443 9793 9791
f 2460 9794 9793
f 2453 9791 9794
f 9793 9794 9791
f 619 9790 9782
f 2459 9796 9790
f 2458 9782 9796
f 9790 9796 9782
f 620 9795 9787
f 2460 9797 9795
f 2459 9787 9797
f 9795 9797 9787
f 617 9785 9792
f 2458 9798 9785
f 2460 9792 9798
f 9785 9798 9792
f 2459 9797 9796
f 2460 9798 9797
f 2458 9796 9798
f 9797 9798 9796
f 40 9664 9545
f 2430 9799 9664
f 2400 9545 9799
f 9664 9799 9545
f 616 9800 9667
f 2461 9801 9800
f 2430 9667 9801
f 9800 9801 9667
f 608 9549 9803
f 2400 9802 9549
f 2461 9803 9802
f 9549 9802 9803
f 2430 9801 9799
f 2461 9802 9801
f 2400 9799 9802
f 9801 9802 9799
f 158 9804 9677
f 2462 9805 9804
f 2433 9677 9805
f 9804 9805 9677
f 622 9806 9808
f 2463 9807 9806
f 2462 9808 9807
f 9806 9807 9808
f 616 9682 9810
f 2433 9809 9682
f 2463 9810 9809
f 9682 9809 9810
f 2462 9807 9805
f 2463 9809 9807
f 2433 9805 9809
f 9807 9809 9805
f 157 9554 9812
f 2404 9811 9554
f 2465 9812 9811
f 9554 9811 9812
f 608 9813 9558
f 2464 9814 9813
f 2404 9558 9814
f 9813 9814 9558
f 622 9815 9817
f 2465 9816 9815
f 2464 9817 9816
f 9815 9816 9817
f 2404 9814 9811
f 2464 9816 9814
f 2465 9811 9816
f 9814 9816 9811
f 616 9810 9800
f 2463 9818 9810
f 2461 9800 9818
f 9810 9818 9800
f 622 9817 9806
f 2464 9819 9817
f 2463 9806 9819
f 9817 9819 9806
f 608 9803 9813
f 2461 9820 9803
f 2464 9813 9820
f 9803 9820 9813
f 2463 9819 9818
f 2464 9820 9819
f 2461 9818 9820
f 9819 9820 9818
f 29 9756 9637
f 2452 9821 9756
f 2422 9637 9821
f 9756 9821 9637
f 621 9822 9759
f 2466 9823 9822
f 2452 9759 9823
f 9822 9823 9759
f 613 9641 9825
f 2422 9824 9641
f 2466 9825 9824
f 9641 9824 9825
f 2452 9823 9821
f 2466 9824 9823
f 2422 9821 9824
f 9823 9824 9821
f 159 9826 9769
f 2467 9827 9826
f 2455 9769 9827
f 9826 9827 9769
f 623 9828 9830
f 2468 9829 9828
f 2467 9830 9829
f 9828 9829 9830
f 621 9774 9832
f 2455 9831 9774
f 2468 9832 9831
f 9774 9831 9832
f 2467 9829 9827
f 2468 9831 9829
f 2455 9827 9831
f 9829 9831 9827
f 158 9646 9834
f 2426 9833 9646
f 2470 9834 9833
f 9646 9833 9834
f 613 9835 9650
f 2469 9836 9835
f 2426 9650 9836
f 9835 9836 9650
f 623 9837 9839
f 2470 9838 9837
f 2469 9839 9838
f 9837 9838 9839
f 2426 9836 9833
f 2469 9838 9836
f 2470 9833 9838
f 9836 9838 9833
f 621 9832 9822
f 2468 9840 9832
f 2466 9822 9840
f 9832 9840 9822
f 623 9839 9828
f 2469 9841 9839
f 2468 9828 9841
f 9839 9841 9828
f 613 9825 9835
f 2466 9842 9825
f 2469 9835 9842
f 9825 9842 9835
f 2468 9841 9840
f 2469 9842 9841
f 2466 9840 9842
f 9841 9842 9840
f 32 9572 9729
f 2408 9843 9572
f 2444 9729 9843
f 9572 9843 9729
f 611 9844 9575
f 2471 9845 9844
f 2408 9575 9845
f 9844 9845 9575
f 618 9733 9847
f 2444 9846 9733
f 2471 9847 9846
f 9733 9846 9847
f 2408 9845 9843
f 2471 9846 9845
f 2444 9843 9846
f 9845 9846 9843
f 157 9848 9585
f 2472 9849 9848
f 2411 9585 9849
f 9848 9849 9585
f 624 9850 9852
f 2473 9851 9850
f 2472 9852 9851
f 9850 9851 9852
f 611 9590 9854
f 2411 9853 9590
f 2473 9854 9853
f 9590 9853 9854
f 2472 9851 9849
f 2473 9853 9851
f 2411 9849 9853
f 9851 9853 9849
f 159 9738 9856
f 2448 9855 9738
f 2475 9856 9855
f 9738 9855 9856
f 618 9857 9742
f 2474 9858 9857
f 2448 9742 9858
f 9857 9858 9742
f 624 9859 9861
f 2475 9860 9859
f 2474 9861 9860
f 9859 9860 9861
f 2448 9858 9855
f 2474 9860 9858
f 2475 9855 9860
f 9858 9860 9855
f 611 9854 9844
f 2473 9862 9854
f 2471 9844 9862
f 9854 9862 9844
f 624 9861 9850
f 2474 9863 9861
f 2473 9850 9863
f 9861 9863 9850
f 618 9847 9857
f 2471 9864 9847
f 2474 9857 9864
f 9847 9864 9857
f 2473 9863 9862
f 2474 9864 9863
f 2471 9862 9864
f 9863 9864 9862
f 158 9834 9804
f 2470 9865 9834
f 2462 9804 9865
f 9834 9865 9804
f 623 9866 9837
f 2476 9867 9866
f 2470 9837 9867
f 9866 9867 9837
f 622 9808 9869
f 2462 9868 9808
f 2476 9869 9868
f 9808 9868 9869
f 2470 9867 9865
f 2476 9868 9867
f 2462 9865 9868
f 9867 9868 9865
f 159 9856 9826
f 2475 9870 9856
f 2467 9826 9870
f 9856 9870 9826
f 624 9871 9859
f 2477 9872 9871
f 2475 9859 9872
f 9871 9872 9859
f 623 9830 9874
f 2467 9873 9830
f 2477 9874 9873
f 9830 9873 9874
f 2475 9872 9870
f 2477 9873 9872
f 2467 9870 9873
f 9872 9873 9870
f 157 9812 9848
f 2465 9875 9812
f 2472 9848 9875
f 9812 9875 9848
f 622 9876 9815
f 2478 9877 9876
f 2465 9815 9877
f 9876 9877 9815
f 624 9852 9879
f 2472 9878 9852
f 2478 9879 9878
f 9852 9878 9879
f 2465 9877 9875
f 2478 9878 9877
f 2472 9875 9878
f 9877 9878 9875
f 623 9874 9866
f 2477 9880 9874
f 2476 9866 9880
f 9874 9880 9866
f 624 9879 9871
f 2478 9881 9879
f 2477 9871 9881
f 9879 9881 9871
f 622 9869 9876
f 2476 9882 9869
f 2478 9876 9882
f 9869 9882 9876
f 2477 9881 9880
f 2478 9882 9881
f 2476 9880 9882
f 9881 9882 9880
f 10 8260 4723
f 2100 9883 8260
f 1195 4723 9883
f 8260 9883 4723
f 544 9884 8263
f 2479 9885 9884
f 2100 8263 9885
f 9884 9885 8263
f 307 4728 9887
f 1195 9886 4728
f 2479 9887 9886
f 4728 9886 9887
f 2100 9885 9883
f 2479 9886 9885
f 1195 9883 9886
f 9885 9886 9883
f 147 9888 8273
f 2480 9889 9888
f 2103 8273 9889
f 9888 9889 8273
f 625 9890 9892
f 2481 9891 9890
f 2480 9892 9891
f 9890 9891 9892
f 544 8278 9894
f 2103 9893 8278
f 2481 9894 9893
f 8278 9893 9894
f 2480 9891 9889
f 2481 9893 9891
f 2103 9889 9893
f 9891 9893 9889
f 82 4734 9896
f 1200 9895 4734
f 2483 9896 9895
f 4734 9895 9896
f 307 9897 4738
f 2482 9898 9897
f 1200 4738 9898
f 9897 9898 4738
f 625 9899 9901
f 2483 9900 9899
f 2482 9901 9900
f 9899 9900 9901
f 1200 9898 9895
f 2482 9900 9898
f 2483 9895 9900
f 9898 9900 9895
f 544 9894 9884
f 2481 9902 9894
f 2479 9884 9902
f 9894 9902 9884
f 625 9901 9890
f 2482 9903 9901
f 2481 9890 9903
f 9901 9903 9890
f 307 9887 9897
f 2479 9904 9887
f 2482 9897 9904
f 9887 9904 9897
f 2481 9903 9902
f 2482 9904 9903
f 2479 9902 9904
f 9903 9904 9902
f 42 9905 8311
f 2484 9906 9905
f 2113 8311 9906
f 9905 9906 8311
f 626 9907 9909
f 2485 9908 9907
f 2484 9909 9908
f 9907 9908 9909
f 547 8316 9911
f 2113 9910 8316
f 2485 9911 9910
f 8316 9910 9911
f 2484 9908 9906
f 2485 9910 9908
f 2113 9906 9910
f 9908 9910 9906
f 160 9912 9914
f 2486 9913 9912
f 2488 9914 9913
f 9912 9913 9914
f 627 9915 9917
f 2487 9916 9915
f 2486 9917 9916
f 9915 9916 9917
f 626 9918 9920
f 2488 9919 9918
f 2487 9920 9919
f 9918 9919 9920
f 2486 9916 9913
f 2487 9919 9916
f 2488 9913 9919
f 9916 9919 9913
f 147 8322 9922
f 2118 9921 8322
f 2490 9922 9921
f 8322 9921 9922
f 547 9923 8326
f 2489 9924 9923
f 2118 8326 9924
f 9923 9924 8326
f 627 9925 9927
f 2490 9926 9925
f 2489 9927 9926
f 9925 9926 9927
f 2118 9924 9921
f 2489 9926 9924
f 2490 9921 9926
f 9924 9926 9921
f 626 9920 9907
f 2487 9928 9920
f 2485 9907 9928
f 9920 9928 9907
f 627 9927 9915
f 2489 9929 9927
f 2487 9915 9929
f 9927 9929 9915
f 547 9911 9923
f 2485 9930 9911
f 2489 9923 9930
f 9911 9930 9923
f 2487 9929 9928
f 2489 9930 9929
f 2485 9928 9930
f 9929 9930 9928
f 24 4755 9932
f 1206 9931 4755
f 2492 9932 9931
f 4755 9931 9932
f 312 9933 4759
f 2491 9934 9933
f 1206 4759 9934
f 9933 9934 4759
f 629 9935 9937
f 2492 9936 9935
f 2491 9937 9936
f 9935 9936 9937
f 1206 9934 9931
f 2491 9936 9934
f 2492 9931 9936
f 9934 9936 9931
f 82 9938 4771
f 2493 9939 9938
f 1210 4771 9939
f 9938 9939 4771
f 628 9940 9942
f 2494 9941 9940
f 2493 9942 9941
f 9940 9941 9942
f 312 4776 9944
f 1210 9943 4776
f 2494 9944 9943
f 4776 9943 9944
f 2493 9941 9939
f 2494 9943 9941
f 1210 9939 9943
f 9941 9943 9939
f 160 9945 9947
f 2495 9946 9945
f 2497 9947 9946
f 9945 9946 9947
f 629 9948 9950
f 2496 9949 9948
f 2495 9950 9949
f 9948 9949 9950
f 628 9951 9953
f 2497 9952 9951
f 2496 9953 9952
f 9951 9952 9953
f 2495 9949 9946
f 2496 9952 9949
f 2497 9946 9952
f 9949 9952 9946
f 312 9944 9933
f 2494 9954 9944
f 2491 9933 9954
f 9944 9954 9933
f 628 9953 9940
f 2496 9955 9953
f 2494 9940 9955
f 9953 9955 9940
f 629 9937 9948
f 2491 9956 9937
f 2496 9948 9956
f 9937 9956 9948
f 2494 9955 9954
f 2496 9956 9955
f 2491 9954 9956
f 9955 9956 9954
f 147 9922 9888
f 2490 9957 9922
f 2480 9888 9957
f 9922 9957 9888
f 627 9958 9925
f 2498 9959 9958
f 2490 9925 9959
f 9958 9959 9925
f 625 9892 9961
f 2480 9960 9892
f 2498 9961 9960
f 9892 9960 9961
f 2490 9959 9957
f 2498 9960 9959
f 2480 9957 9960
f 9959 9960 9957
f 160 9947 9912
f 2497 9962 9947
f 2486 9912 9962
f 9947 9962 9912
f 628 9963 9951
f 2499 9964 9963
f 2497 9951 9964
f 9963 9964 9951
f 627 9917 9966
f 2486 9965 9917
f 2499 9966 9965
f 9917 9965 9966
f 2497 9964 9962
f 2499 9965 9964
f 2486 9962 9965
f 9964 9965 9962
f 82 9896 9938
f 2483 9967 9896
f 2493 9938 9967
f 9896 9967 9938
f 625 9968 9899
f 2500 9969 9968
f 2483 9899 9969
f 9968 9969 9899
f 628 9942 9971
f 2493 9970 9942
f 2500 9971 9970
f 9942 9970 9971
f 2483 9969 9967
f 2500 9970 9969
f 2493 9967 9970
f 9969 9970 9967
f 627 9966 9958
f 2499 9972 9966
f 2498 9958 9972
f 9966 9972 9958
f 628 9971 9963
f 2500 9973 9971
f 2499 9963 9973
f 9971 9973 9963
f 625 9961 9968
f 2498 9974 9961
f 2500 9968 9974
f 9961 9974 9968
f 2499 9973 9972
f 2500 9974 9973
f 2498 9972 9974
f 9973 9974 9972
f 9 6293 8159
f 1597 9975 6293
f 2073 8159 9975
f 6293 9975 8159
f 413 9976 6297
f 2501 9977 9976
f 1597 6297 9977
f 9976 9977 6297
f 536 8163 9979
f 2073 9978 8163
f 2501 9979 9978
f 8163 9978 9979
f 1597 9977 9975
f 2501 9978 9977
f 2073 9975 9978
f 9977 9978 9975
f 112 9980 6309
f 2502 9981 9980
f 1601 6309 9981
f 9980 9981 6309
f 630 9982 9984
f 2503 9983 9982
f 2502 9984 9983
f 9982 9983 9984
f 413 6314 9986
f 1601 9985 6314
f 2503 9986 9985
f 6314 9985 9986
f 2502 9983 9981
f 2503 9985 9983
f 1601 9981 9985
f 9983 9985 9981
f 144 8168 9988
f 2077 9987 8168
f 2505 9988 9987
f 8168 9987 9988
f 536 9989 8172
f 2504 9990 9989
f 2077 8172 9990
f 9989 9990 8172
f 630 9991 9993
f 2505 9992 9991
f 2504 9993 9992
f 9991 9992 9993
f 2077 9990 9987
f 2504 9992 9990
f 2505 9987 9992
f 9990 9992 9987
f 413 9986 9976
f 2503 9994 9986
f 2501 9976 9994
f 9986 9994 9976
f 630 9993 9982
f 2504 9995 9993
f 2503 9982 9995
f 9993 9995 9982
f 536 9979 9989
f 2501 9996 9979
f 2504 9989 9996
f 9979 9996 9989
f 2503 9995 9994
f 2504 9996 9995
f 2501 9994 9996
f 9995 9996 9994
f 31 9997 6351
f 2506 9998 9997
f 1613 6351 9998
f 9997 9998 6351
f 631 9999 10001
f 2507 10000 9999
f 2506 10001 10000
f 9999 10000 10001
f 417 6356 10003
f 1613 10002 6356
f 2507 10003 10002
f 6356 10002 10003
f 2506 10000 9998
f 2507 10002 10000
f 1613 9998 10002
f 10000 10002 9998
f 161 10004 10006
f 2508 10005 10004
f 2510 10006 10005
f 10004 10005 10006
f 632 10007 10009
f 2509 10008 10007
f 2508 10009 10008
f 10007 10008 10009
f 631 10010 10012
f 2510 10011 10010
f 2509 10012 10011
f 10010 10011 10012
f 2508 10008 10005
f 2509 10011 10008
f 2510 10005 10011
f 10008 10011 10005
f 112 6362 10014
f 1618 10013 6362
f 2512 10014 10013
f 6362 10013 10014
f 417 10015 6366
f 2511 10016 10015
f 1618 6366 10016
f 10015 10016 6366
f 632 10017 10019
f 2512 10018 10017
f 2511 10019 10018
f 10017 10018 10019
f 1618 10016 10013
f 2511 10018 10016
f 2512 10013 10018
f 10016 10018 10013
f 631 10012 9999
f 2509 10020 10012
f 2507 9999 10020
f 10012 10020 9999
f 632 10019 10007
f 2511 10021 10019
f 2509 10007 10021
f 10019 10021 10007
f 417 10003 10015
f 2507 10022 10003
f 2511 10015 10022
f 10003 10022 10015
f 2509 10021 10020
f 2511 10022 10021
f 2507 10020 10022
f 10021 10022 10020
f 42 8187 10024
f 2082 10023 8187
f 2514 10024 10023
f 8187 10023 10024
f 540 10025 8191
f 2513 10026 10025
f 2082 8191 10026
f 10025 10026 8191
f 634 10027 10029
f 2514 10028 10027
f 2513 10029 10028
f 10027 10028 10029
f 2082 10026 10023
f 2513 10028 10026
f 2514 10023 10028
f 10026 10028 10023
f 144 10030 8203
f 2515 10031 10030
f 2086 8203 10031
f 10030 10031 8203
f 633 10032 10034
f 2516 10033 10032
f 2515 10034 10033
f 10032 10033 10034
f 540 8208 10036
f 2086 10035 8208
f 2516 10036 10035
f 8208 10035 10036
f 2515 10033 10031
f 2516 10035 10033
f 2086 10031 10035
f 10033 10035 10031
f 161 10037 10039
f 2517 10038 10037
f 2519 10039 10038
f 10037 10038 10039
f 634 10040 10042
f 2518 10041 10040
f 2517 10042 10041
f 10040 10041 10042
f 633 10043 10045
f 2519 10044 10043
f 2518 10045 10044
f 10043 10044 10045
f 2517 10041 10038
f 2518 10044 10041
f 2519 10038 10044
f 10041 10044 10038
f 540 10036 10025
f 2516 10046 10036
f 2513 10025 10046
f 10036 10046 10025
f 633 10045 10032
f 2518 10047 10045
f 2516 10032 10047
f 10045 10047 10032
f 634 10029 10040
f 2513 10048 10029
f 2518 10040 10048
f 10029 10048 10040
f 2516 10047 10046
f 2518 10048 10047
f 2513 10046 10048
f 10047 10048 10046
f 112 10014 9980
f 2512 10049 10014
f 2502 9980 10049
f 10014 10049 9980
f 632 10050 10017
f 2520 10051 10050
f 2512 10017 10051
f 10050 10051 10017
f 630 9984 10053
f 2502 10052 9984
f 2520 10053 10052
f 9984 10052 10053
f 2512 10051 10049
f 2520 10052 10051
f 2502 10049 10052
f 10051 10052 10049
f 161 10039 10004
f 2519 10054 10039
f 2508 10004 10054
f 10039 10054 10004
f 633 10055 10043
f 2521 10056 10055
f 2519 10043 10056
f 10055 10056 10043
f 632 10009 10058
f 2508 10057 10009
f 2521 10058 10057
f 10009 10057 10058
f 2519 10056 10054
f 2521 10057 10056
f 2508 10054 10057
f 10056 10057 10054
f 144 9988 10030
f 2505 10059 9988
f 2515 10030 10059
f 9988 10059 10030
f 630 10060 9991
f 2522 10061 10060
f 2505 9991 10061
f 10060 10061 9991
f 633 10034 10063
f 2515 10062 10034
f 2522 10063 10062
f 10034 10062 10063
f 2505 10061 10059
f 2522 10062 10061
f 2515 10059 10062
f 10061 10062 10059
f 632 10058 10050
f 2521 10064 10058
f 2520 10050 10064
f 10058 10064 10050
f 633 10063 10055
f 2522 10065 10063
f 2521 10055 10065
f 10063 10065 10055
f 630 10053 10060
f 2520 10066 10053
f 2522 10060 10066
f 10053 10066 10060
f 2521 10065 10064
f 2522 10066 10065
f 2520 10064 10066
f 10065 10066 10064
f 2 4524 6191
f 1144 10067 4524
f 1569 6191 10067
f 4524 10067 6191
f 294 10068 4527
f 2523 10069 10068
f 1144 4527 10069
f 10068 10069 4527
f 404 6195 10071
f 1569 10070 6195
f 2523 10071 10070
f 6195 10070 10071
f 1144 10069 10067
f 2523 10070 10069
f 1569 10067 10070
f 10069 10070 10067
f 79 10072 4537
f 2524 10073 10072
f 1147 4537 10073
f 10072 10073 4537
f 635 10074 10076
f 2525 10075 10074
f 2524 10076 10075
f 10074 10075 10076
f 294 4542 10078
f 1147 10077 4542
f 2525 10078 10077
f 4542 10077 10078
f 2524 10075 10073
f 2525 10077 10075
f 1147 10073 10077
f 10075 10077 10073
f 108 6200 10080
f 1573 10079 6200
f 2527 10080 10079
f 6200 10079 10080
f 404 10081 6204
f 2526 10082 10081
f 1573 6204 10082
f 10081 10082 6204
f 635 10083 10085
f 2527 10084 10083
f 2526 10085 10084
f 10083 10084 10085
f 1573 10082 10079
f 2526 10084 10082
f 2527 10079 10084
f 10082 10084 10079
f 294 10078 10068
f 2525 10086 10078
f 2523 10068 10086
f 10078 10086 10068
f 635 10085 10074
f 2526 10087 10085
f 2525 10074 10087
f 10085 10087 10074
f 404 10071 10081
f 2523 10088 10071
f 2526 10081 10088
f 10071 10088 10081
f 2525 10087 10086
f 2526 10088 10087
f 2523 10086 10088
f 10087 10088 10086
f 24 10089 4575
f 2528 10090 10089
f 1157 4575 10090
f 10089 10090 4575
f 636 10091 10093
f 2529 10092 10091
f 2528 10093 10092
f 10091 10092 10093
f 297 4580 10095
f 1157 10094 4580
f 2529 10095 10094
f 4580 10094 10095
f 2528 10092 10090
f 2529 10094 10092
f 1157 10090 10094
f 10092 10094 10090
f 162 10096 10098
f 2530 10097 10096
f 2532 10098 10097
f 10096 10097 10098
f 637 10099 10101
f 2531 10100 10099
f 2530 10101 10100
f 10099 10100 10101
f 636 10102 10104
f 2532 10103 10102
f 2531 10104 10103
f 10102 10103 10104
f 2530 10100 10097
f 2531 10103 10100
f 2532 10097 10103
f 10100 10103 10097
f 79 4586 10106
f 1162 10105 4586
f 2534 10106 10105
f 4586 10105 10106
f 297 10107 4590
f 2533 10108 10107
f 1162 4590 10108
f 10107 10108 4590
f 637 10109 10111
f 2534 10110 10109
f 2533 10111 10110
f 10109 10110 10111
f 1162 10108 10105
f 2533 10110 10108
f 2534 10105 10110
f 10108 10110 10105
f 636 10104 10091
f 2531 10112 10104
f 2529 10091 10112
f 10104 10112 10091
f 637 10111 10099
f 2533 10113 10111
f 2531 10099 10113
f 10111 10113 10099
f 297 10095 10107
f 2529 10114 10095
f 2533 10107 10114
f 10095 10114 10107
f 2531 10113 10112
f 2533 10114 10113
f 2529 10112 10114
f 10113 10114 10112
f 31 6219 10116
f 1578 10115 6219
f 2536 10116 10115
f 6219 10115 10116
f 408 10117 6223
f 2535 10118 10117
f 1578 6223 10118
f 10117 10118 6223
f 639 10119 10121
f 2536 10120 10119
f 2535 10121 10120
f 10119 10120 10121
f 1578 10118 10115
f 2535 10120 10118
f 2536 10115 10120
f 10118 10120 10115
f 108 10122 6235
f 2537 10123 10122
f 1582 6235 10123
f 10122 10123 6235
f 638 10124 10126
f 2538 10125 10124
f 2537 10126 10125
f 10124 10125 10126
f 408 6240 10128
f 1582 10127 6240
f 2538 10128 10127
f 6240 10127 10128
f 2537 10125 10123
f 2538 10127 10125
f 1582 10123 10127
f 10125 10127 10123
f 162 10129 10131
f 2539 10130 10129
f 2541 10131 10130
f 10129 10130 10131
f 639 10132 10134
f 2540 10133 10132
f 2539 10134 10133
f 10132 10133 10134
f 638 10135 10137
f 2541 10136 10135
f 2540 10137 10136
f 10135 10136 10137
f 2539 10133 10130
f 2540 10136 10133
f 2541 10130 10136
f 10133 10136 10130
f 408 10128 10117
f 2538 10138 10128
f 2535 10117 10138
f 10128 10138 10117
f 638 10137 10124
f 2540 10139 10137
f 2538 10124 10139
f 10137 10139 10124
f 639 10121 10132
f 2535 10140 10121
f 2540 10132 10140
f 10121 10140 10132
f 2538 10139 10138
f 2540 10140 10139
f 2535 10138 10140
f 10139 10140 10138
f 79 10106 10072
f 2534 10141 10106
f 2524 10072 10141
f 10106 10141 10072
f 637 10142 10109
f 2542 10143 10142
f 2534 10109 10143
f 10142 10143 10109
f 635 10076 10145
f 2524 10144 10076
f 2542 10145 10144
f 10076 10144 10145
f 2534 10143 10141
f 2542 10144 10143
f 2524 10141 10144
f 10143 10144 10141
f 162 10131 10096
f 2541 10146 10131
f 2530 10096 10146
f 10131 10146 10096
f 638 10147 10135
f 2543 10148 10147
f 2541 10135 10148
f 10147 10148 10135
f 637 10101 10150
f 2530 10149 10101
f 2543 10150 10149
f 10101 10149 10150
f 2541 10148 10146
f 2543 10149 10148
f 2530 10146 10149
f 10148 10149 10146
f 108 10080 10122
f 2527 10151 10080
f 2537 10122 10151
f 10080 10151 10122
f 635 10152 10083
f 2544 10153 10152
f 2527 10083 10153
f 10152 10153 10083
f 638 10126 10155
f 2537 10154 10126
f 2544 10155 10154
f 10126 10154 10155
f 2527 10153 10151
f 2544 10154 10153
f 2537 10151 10154
f 10153 10154 10151
f 637 10150 10142
f 2543 10156 10150
f 2542 10142 10156
f 10150 10156 10142
f 638 10155 10147
f 2544 10157 10155
f 2543 10147 10157
f 10155 10157 10147
f 635 10145 10152
f 2542 10158 10145
f 2544 10152 10158
f 10145 10158 10152
f 2543 10157 10156
f 2544 10158 10157
f 2542 10156 10158
f 10157 10158 10156
f 42 10024 9905
f 2514 10159 10024
f 2484 9905 10159
f 10024 10159 9905
f 634 10160 10027
f 2545 10161 10160
f 2514 10027 10161
f 10160 10161 10027
f 626 9909 10163
f 2484 10162 9909
f 2545 10163 10162
f 9909 10162 10163
f 2514 10161 10159
f 2545 10162 10161
f 2484 10159 10162
f 10161 10162 10159
f 161 10164 10037
f 2546 10165 10164
f 2517 10037 10165
f 10164 10165 10037
f 640 10166 10168
f 2547 10167 10166
f 2546 10168 10167
f 10166 10167 10168
f 634 10042 10170
f 2517 10169 10042
f 2547 10170 10169
f 10042 10169 10170
f 2546 10167 10165
f 2547 10169 10167
f 2517 10165 10169
f 10167 10169 10165
f 160 9914 10172
f 2488 10171 9914
f 2549 10172 10171
f 9914 10171 10172
f 626 10173 9918
f 2548 10174 10173
f 2488 9918 10174
f 10173 10174 9918
f 640 10175 10177
f 2549 10176 10175
f 2548 10177 10176
f 10175 10176 10177
f 2488 10174 10171
f 2548 10176 10174
f 2549 10171 10176
f 10174 10176 10171
f 634 10170 10160
f 2547 10178 10170
f 2545 10160 10178
f 10170 10178 10160
f 640 10177 10166
f 2548 10179 10177
f 2547 10166 10179
f 10177 10179 10166
f 626 10163 10173
f 2545 10180 10163
f 2548 10173 10180
f 10163 10180 10173
f 2547 10179 10178
f 2548 10180 10179
f 2545 10178 10180
f 10179 10180 10178
f 31 10116 9997
f 2536 10181 10116
f 2506 9997 10181
f 10116 10181 9997
f 639 10182 10119
f 2550 10183 10182
f 2536 10119 10183
f 10182 10183 10119
f 631 10001 10185
f 2506 10184 10001
f 2550 10185 10184
f 10001 10184 10185
f 2536 10183 10181
f 2550 10184 10183
f 2506 10181 10184
f 10183 10184 10181
f 162 10186 10129
f 2551 10187 10186
f 2539 10129 10187
f 10186 10187 10129
f 641 10188 10190
f 2552 10189 10188
f 2551 10190 10189
f 10188 10189 10190
f 639 10134 10192
f 2539 10191 10134
f 2552 10192 10191
f 10134 10191 10192
f 2551 10189 10187
f 2552 10191 10189
f 2539 10187 10191
f 10189 10191 10187
f 161 10006 10194
f 2510 10193 10006
f 2554 10194 10193
f 10006 10193 10194
f 631 10195 10010
f 2553 10196 10195
f 2510 10010 10196
f 10195 10196 10010
f 641 10197 10199
f 2554 10198 10197
f 2553 10199 10198
f 10197 10198 10199
f 2510 10196 10193
f 2553 10198 10196
f 2554 10193 10198
f 10196 10198 10193
f 639 10192 10182
f 2552 10200 10192
f 2550 10182 10200
f 10192 10200 10182
f 641 10199 10188
f 2553 10201 10199
f 2552 10188 10201
f 10199 10201 10188
f 631 10185 10195
f 2550 10202 10185
f 2553 10195 10202
f 10185 10202 10195
f 2552 10201 10200
f 2553 10202 10201
f 2550 10200 10202
f 10201 10202 10200
f 24 9932 10089
f 2492 10203 9932
f 2528 10089 10203
f 9932 10203 10089
f 629 10204 9935
f 2555 10205 10204
f 2492 9935 10205
f 10204 10205 9935
f 636 10093 10207
f 2528 10206 10093
f 2555 10207 10206
f 10093 10206 10207
f 2492 10205 10203
f 2555 10206 10205
f 2528 10203 10206
f 10205 10206 10203
f 160 10208 9945
f 2556 10209 10208
f 2495 9945 10209
f 10208 10209 9945
f 642 10210 10212
f 2557 10211 10210
f 2556 10212 10211
f 10210 10211 10212
f 629 9950 10214
f 2495 10213 9950
f 2557 10214 10213
f 9950 10213 10214
f 2556 10211 10209
f 2557 10213 10211
f 2495 10209 10213
f 10211 10213 10209
f 162 10098 10216
f 2532 10215 10098
f 2559 10216 10215
f 10098 10215 10216
f 636 10217 10102
f 2558 10218 10217
f 2532 10102 10218
f 10217 10218 10102
f 642 10219 10221
f 2559 10220 10219
f 2558 10221 10220
f 10219 10220 10221
f 2532 10218 10215
f 2558 10220 10218
f 2559 10215 10220
f 10218 10220 10215
f 629 10214 10204
f 2557 10222 10214
f 2555 10204 10222
f 10214 10222 10204
f 642 10221 10210
f 2558 10223 10221
f 2557 10210 10223
f 10221 10223 10210
f 636 10207 10217
f 2555 10224 10207
f 2558 10217 10224
f 10207 10224 10217
f 2557 10223 10222
f 2558 10224 10223
f 2555 10222 10224
f 10223 10224 10222
f 161 10194 10164
f 2554 10225 10194
f 2546 10164 10225
f 10194 10225 10164
f 641 10226 10197
f 2560 10227 10226
f 2554 10197 10227
f 10226 10227 10197
f 640 10168 10229
f 2546 10228 10168
f 2560 10229 10228
f 10168 10228 10229
f 2554 10227 10225
f 2560 10228 10227
f 2546 10225 10228
f 10227 10228 10225
f 162 10216 10186
f 2559 10230 10216
f 2551 10186 10230
f 10216 10230 10186
f 642 10231 10219
f 2561 10232 10231
f 2559 10219 10232
f 10231 10232 10219
f 641 10190 10234
f 2551 10233 10190
f 2561 10234 10233
f 10190 10233 10234
f 2559 10232 10230
f 2561 10233 10232
f 2551 10230 10233
f 10232 10233 10230
f 160 10172 10208
f 2549 10235 10172
f 2556 10208 10235
f 10172 10235 10208
f 640 10236 10175
f 2562 10237 10236
f 2549 10175 10237
f 10236 10237 10175
f 642 10212 10239
f 2556 10238 10212
f 2562 10239 10238
f 10212 10238 10239
f 2549 10237 10235
f 2562 10238 10237
f 2556 10235 10238
f 10237 10238 10235
f 641 10234 10226
f 2561 10240 10234
f 2560 10226 10240
f 10234 10240 10226
f 642 10239 10231
f 2562 10241 10239
f 2561 10231 10241
f 10239 10241 10231
f 640 10229 10236
f 2560 10242 10229
f 2562 10236 10242
f 10229 10242 10236
f 2561 10241 10240
f 2562 10242 10241
f 2560 10240 10242
f 10241 10242 10240
