9636 19268
v 0.7453240134 -0.6625317136 -0.07262283907
v 0.07676340618 -0.2386166567 -0.7595419509
v -0.7333435728 0.04839195573 0.3139662243
v -0.8094153063 -0.01837284602 0.1418274929
v -0.7956946466 -0.02971187408 0.1737331226
v -0.2365268949 0.6041959338 -0.502693061
v 0.1816626578 0.3082796692 0.6951549794
v 0.08760507262 -0.09454235432 0.8145825314
v 0.08938392775 -0.3791055941 -0.7102418642
v 0.5703001052 0.2568622405 0.5111997985
v -0.178663316 0.6062625259 -0.5229522668
v 0.1237193109 -0.1351440279 0.7787711983
v -0.6742539643 -0.0681619633 0.4752865186
v 0.4195342769 0.3813564415 -0.5366123126
v 0.206273484 0.2142996169 0.7256923128
v -0.6979449145 -0.1172849468 0.4444574997
v -0.1159541021 -0.05368484503 0.8154389923
v -0.2561691746 0.7597221534 0.01013293959
v 0.7066168053 -0.06952377051 0.3484630358
v 0.1835634707 -0.5839164043 0.5467372667
v 0.4661137739 -0.4648234204 -0.4403028594
v 0.1062615133 -0.2902483645 -0.7451750417
v 0.2545061086 -0.4169107468 -0.66167862
v -0.3946194578 -0.6732446278 -0.103565047
v 0.6295673831 -0.3037724018 -0.4347462932
v 0.1104172115 -0.3929937912 0.6782062903
v -0.02214058142 -0.2436542951 -0.762008344
v 0.1117894489 0.342864332 0.712321628
v 0.2548854666 -0.423762822 -0.654186762
v 0.4136263352 -0.561740204 0.3828861809
v 0.7039033677 -0.08093159073 0.351026399
v -0.6649122817 0.02291941444 0.4621186547
v 0.8124461172 -0.01434346014 0.08168915937
v -0.02420857222 -0.3729761765 -0.7145617771
v -0.585879768 -0.5820504875 -0.1407828281
v 0.03308387066 0.4021160839 0.7026034482
v -0.01453635384 -0.3835335033 -0.7121734609
v 0.39693375 -0.5548251012 0.4081728781
v 0.01695830529 -0.229989511 -0.7536612766
v 0.8087170253 -0.07958353636 0.05572863611
v 0.4496068745 -0.4716738566 -0.4441535365
v 0.2098394042 0.2394266888 0.7352244195
v 0.0957331152 -0.367447563 -0.7346769877
v 0.4629582189 0.3678117824 -0.5327962039
v -0.4896219289 -0.6185335196 -0.1467985128
v 0.1061832353 -0.353891699 0.7127909829
v -0.09393647673 -0.118055106 0.8090336537
v 0.2279988651 -0.7525296097 0.1759375411
v -0.8274415746 0.04382420486 -0.01253091948
v -0.6492237286 -0.02275590944 0.4691297145
v 0.09177760802 0.203065242 0.7662909468
v 0.02309035462 -0.1041835375 0.8121079135
v 0.1780327116 -0.6282614143 0.5293016405
v 0.5761009744 0.248471903 -0.5126368888
v -0.04850533474 -0.2013610515 -0.7542165756
v 0.5519910915 0.2693144499 0.5251400269
v -0.2890329588 0.7343746636 0.03417272191
v 0.2659374785 -0.3567135502 -0.6889258798
v 0.0792722423 0.3265048844 0.7231904574
v -0.5634032402 0.4555213126 -0.3719068519
v 0.373726012 -0.3298322383 -0.6735820567
v 0.1157573828 -0.7608130833 -0.2747626621
v 0.008953661151 -0.2366747045 0.7413724623
v -0.4181312782 -0.3757131862 -0.6134925882
v -0.1269315685 -0.1143126487 0.8111597867
v 0.5472123135 -0.4311062447 0.3850296279
v -0.007836745454 -0.4171036741 0.6711529737
v 0.226333266 0.1817193231 0.7537669485
v 0.464819904 -0.3581467962 -0.58249782
v 0.6316891058 0.1781165995 -0.4831094581
v -0.4388115326 -0.4217985344 -0.5446594101
v -0.6135988263 -0.5343291617 0.1411646893
v 0.4662448655 -0.552403051 0.3431060721
v 0.07307409029 -0.09390238517 -0.8309577433
v -0.0102398985 -0.3868122826 -0.7116268039
v 0.6270494952 0.4320466233 -0.2935153429
v 0.3644617803 -0.5251304014 0.4441991012
v -0.3033563298 0.6944174515 -0.321289204
v 0.8021003429 -0.009816096152 0.1200300025
v -0.04334716147 -0.122276879 -0.8030470094
v 0.4778069694 0.3611343967 0.5110306519
v -0.8079245754 -0.01005400508 0.1419212447
v 0.6357427826 0.2158112676 -0.4502952915
v 0.2582540938 -0.3963733849 -0.6808527964
v 0.07939823057 0.3412252552 0.7178066139
v 0.3807816233 -0.7148168379 -0.08837083634
v 0.1711322556 -0.2055989092 -0.7858170649
v 0.338531903 -0.5208396333 0.5091997208
v -0.5337081232 -0.5920745973 -0.1380874942
v -0.6646547474 -0.0113278753 0.4337145468
v 0.001855732252 -0.2127285594 0.7508790598
v -0.07749471329 -0.07890978856 0.8048023669
v 0.08585719492 0.1418550582 0.7702645204
v -0.02052370775 -0.3893409881 0.7014731224
v -0.2027292434 0.7579959406 -0.1925816412
v -0.1132308676 -0.05962151421 0.8322715198
v 0.5627286804 0.2455946382 0.4973615468
v 0.1723242383 0.173517115 0.7649058283
v 0.04027017494 -0.2685164273 0.7475005984
v 0.1894854483 -0.5986850813 0.5559667809
v 0.7950426753 -0.0510225671 0.1198354363
v 0.3447836211 -0.7193757493 -0.1697575821
v -0.4609758127 -0.2834687637 -0.6365557053
v -0.3334154278 0.7471117938 -0.07010556945
v 0.02539215494 -0.2903062069 -0.7521779958
v 0.1900416861 -0.2201669557 0.7633998993
v -0.5758085737 -0.5886928579 -0.1588519344
v 0.1672549966 0.0675652493 -0.8110483932
v -0.02344430224 -0.3159797718 -0.7162229061
v 0.2898726124 -0.7349664978 -0.007144299815
v -0.6554358421 -0.5121986752 0.06933765266
v 0.4156609515 0.3513384083 -0.5633790126
v 0.7910872799 -0.06570215614 0.05968239997
v -0.1896853786 0.7093525335 -0.3799247451
v -0.2306795969 0.6815567692 -0.3752556024
v -0.6801905441 0.0748552475 0.3716873428
v 0.0008423497651 -0.3869744857 0.6827606124
v -0.05749726973 -0.3006180685 -0.7359108399
v 0.08541630675 0.2189849561 0.7422211155
v 0.2193568491 -0.5942046044 0.498337805
v 0.2098335186 0.2255396837 0.7402863601
v 0.4213072465 -0.2943358349 -0.650462319
v -0.07814884504 -0.07165680235 0.8076518132
v -0.2753471059 0.5722734223 -0.4714635558
v 0.4304219103 0.3743972938 -0.5597988627
v 0.04915947021 -0.1302718557 0.8013825427
v -0.1369657359 -0.08942036608 0.8018865256
v 0.01458505313 -0.1021403015 0.7938689304
v 0.2464395068 0.2402137597 0.7294149082
v -0.5703207271 -0.5671554571 -0.05164737162
v 0.2969661297 -0.728133763 -0.1881457604
v -0.01265024925 -0.2741066977 0.7463773055
v -0.0991140798 0.2942904789 0.7426203801
v -0.5205368025 0.4065363344 -0.4428808844
v 0.6300597439 0.4465409885 -0.3080547364
v -0.1645278658 0.7084678815 -0.4397869862
v 0.6531221458 0.2313029449 -0.4499229962
v -0.03648750585 -0.1108544864 -0.7890174396
v 0.3642475459 -0.7340833953 -0.16087472
v -0.5499704515 -0.6028788196 -0.1284327593
v 0.1725597502 -0.5946052994 0.5438524773
v -0.590596621 -0.5787742412 -0.1278758212
v 0.3768040266 -0.7400783241 0.1193636377
v -0.5922457703 -0.5759850512 -0.07916146709
v -0.7909962102 -0.1348313631 0.2614312243
v -0.4627256572 -0.633966982 -0.1330567098
v -0.1285755921 -0.068663659 0.8290437884
v 0.2041114266 -0.629895723 0.5015553447
v -0.05978228689 0.2952867927 0.7363223822
v 0.3758285134 -0.417267099 -0.5511669639
v 0.6453712039 -0.2770800834 -0.4120339258
v 0.1878582321 -0.6202279653 0.495945883
v -0.03724450083 -0.2229584999 0.7668727085
v 0.4594304579 -0.3744542422 -0.5688935603
v 0.05714468734 -0.1212106611 0.785556789
v -0.3203948072 0.561717973 0.46449815
v 0.4326870321 -0.2990290861 -0.637862747
v 0.7197464056 -0.06547706693 0.3056305704
v -0.5275028638 -0.5959385654 -0.1430736973
v 0.05548866165 -0.285973927 -0.739070865
v -0.01535570131 -0.7946220141 3.703267541e-05
v 0.3751057962 -0.4939420802 0.4737268597
v 0.02951280799 0.440775254 0.6890530675
v -0.6618457104 -0.5306958481 0.02918630646
v 0.1777149509 0.3093661289 0.6953547011
v 0.5121092146 0.3122766658 0.5415297217
v -0.4267864511 -0.4079500314 -0.5732564452
v 0.1496834512 -0.2196098239 0.7452194441
v 0.6003627197 0.4878264601 -0.3057288816
v -0.2916925174 0.7362897508 -0.04656443296
v 0.09280541333 0.2005183583 0.7670640265
v 0.2099182707 -0.7516478781 0.0297547381
v -0.09841883852 0.3980722411 -0.6765008781
v -0.2074099189 0.6938518416 -0.4163615867
v 0.1898404595 -0.2046776177 0.7502522401
v 0.3244475007 -0.7321520371 0.1229619882
v -0.5316117905 0.4849033475 -0.3654926923
v 0.20423702 -0.6119158239 0.4904958231
v 0.1691356794 -0.132875807 0.7787460469
v -0.08568352615 0.2759682338 0.7664990722
v -0.5600451623 -0.5951474863 -0.08113633378
v 0.5864457355 0.2751478908 0.4730813551
v 0.1272190372 -0.325239593 -0.7548121646
v 0.2059976821 -0.7730605347 0.1100635787
v -0.8060942403 0.001440556166 0.1826059569
v -0.05870570219 -0.1656145789 -0.7849338433
v 0.4773883048 0.3653956625 0.5078404093
v 0.5409044218 -0.3691055034 -0.4911698465
v -0.2139496123 0.6021627777 -0.4935113167
v 0.791477366 -0.06964768766 0.05599123646
v 0.05545489044 0.432737037 0.6880681672
v -0.6688028317 0.3886252442 -0.3540430548
v -0.005412207428 -0.7924109502 -0.009082529807
v -0.6194933876 -0.5532669025 0.09738032745
v 0.1332116565 -0.2542880299 0.7511981616
v 0.4157926689 0.4015102733 -0.524886307
v 0.5217227357 0.4374913788 -0.3930660867
v 0.08954361272 -0.3163935193 -0.7331229015
v -0.02912055766 -0.333630288 -0.7089330941
v -0.2112396315 0.577938402 -0.5272382669
v 0.2252502929 -0.6118207609 0.5039436609
v 0.05872233821 -0.2669679435 0.7285267993
v -0.7859702683 0.01113936411 0.1790818465
v 0.7995717268 -0.1073566748 0.00566893246
v -0.1103232139 -0.1202353639 0.8085101218
v 0.102801928 -0.1019516208 -0.8325101607
v 0.4921831465 -0.4235014435 -0.4664385675
v 0.2090216985 -0.6076691602 0.4912358244
v -0.4487506221 -0.3298694887 0.5757631879
v -0.4331056072 -0.4165352331 -0.5570744585
v -0.09147450905 0.2861988597 0.7636443215
v 0.5213145906 0.3437774731 0.5011994098
v 0.1441011375 -0.2340435753 0.7396872546
v -0.02445840686 -0.1459616008 0.7775167244
v -0.1627416947 0.7026467481 -0.4150178906
v -0.1926309607 0.6637925648 -0.4694382669
v 0.2156977731 -0.7715987102 0.1242458229
v 0.05385991069 -0.0948118609 0.815154757
v -0.06648477938 0.2547437363 0.7713373317
v 0.1890895065 -0.2234877236 0.7429115888
v 0.7665708016 -0.03054868919 0.165069099
v -0.06478602004 0.2452695317 0.7553061942
v 0.315066571 -0.4805452307 -0.5537960666
v -0.03765611764 -0.2181467031 0.7687626443
v 0.3351570474 -0.4462475151 -0.5765282215
v 0.7508604346 -0.02416242644 0.2230001011
v 0.7854193798 -0.06181586391 0.1465731479
v 0.7991387878 -0.01813227555 0.06023795974
v 0.6323854199 0.2183598498 -0.4802389133
v 0.2839942922 -0.4102867633 -0.6202153598
v -0.6289843102 -0.5485171499 0.07380687252
v -0.5744034294 -0.4974021348 -0.2932914532
v -0.05292941085 -0.4053656589 0.6766486876
v -0.08180406937 -0.063660276 0.8108522475
v -0.0172782433 -0.1005324033 -0.8149063416
v -0.5240106845 -0.5939584538 -0.03416080178
v -0.2928115788 0.7367020679 -0.06747636987
v -0.07724279635 -0.08211648839 0.8227522273
v 0.002864392495 -0.219813226 0.7480883798
v 0.4912446453 0.3179930809 0.5308036358
v 7.367139884e-05 -0.2526945774 -0.7428378032
v 0.2209013248 -0.6170382591 0.5015300144
v -0.5176781778 -0.6227749384 -0.1486755749
v -0.2328019006 0.5229752428 0.535578063
v 0.001578329644 0.2678680619 0.756284002
v -0.2995720478 0.7326507751 0.02333882404
v 0.3886804344 -0.288462551 -0.6785778406
v 0.002039242341 -0.4184087191 0.6704442626
v 0.09975229819 -0.3448408675 -0.724295155
v 0.0914224628 -0.1209374667 0.7849752657
v 0.1084925211 -0.4129680463 -0.7007835432
v -0.430635221 -0.3622750036 -0.5708214021
v 0.1090218194 0.3481094253 0.6916000406
v -0.6888195225 -0.1875087787 -0.4109703228
v 0.3054233986 -0.7321448254 -0.0002831235399
v 0.6480490003 0.2332403526 -0.4248507122
v -0.01889345933 -0.1869334539 -0.7831716316
v -0.1833227438 0.719365796 -0.4073313173
v 0.4929578057 0.6240813245 -0.2120080027
v 0.2555498347 -0.7586725864 -0.04726218492
v 0.4252710158 0.4152272974 -0.5336510556
v 0.7169476199 -0.03654898017 0.3324826184
v 0.2805795937 -0.4568474265 -0.5733317208
v 0.4989919517 -0.5343988945 0.2999919342
v 0.07333189279 0.298030269 0.7152366349
v -0.1007874567 0.3275286741 0.7307592599
v 0.5040831562 -0.4091213923 0.4556446561
v 0.3317536432 -0.567505134 0.4560212426
v 0.4382475319 -0.4753630756 -0.4478859362
v 0.126634817 -0.1615892123 -0.8143704128
v 0.1855133796 0.3070326751 0.6950283877
v 0.400297937 -0.5146081496 0.4564395198
v -0.0779108672 -0.07286360324 0.8071750678
v 0.4283329383 -0.4795416456 0.473835452
v -0.4315711892 -0.3420166323 -0.5874254208
v -0.01694730711 -0.1653376595 -0.7721085638
v 0.390435494 -0.7183088385 0.08999425304
v 0.402511534 -0.459017664 0.4915594856
v 0.06835101648 0.1604192371 0.7661403956
v 0.1276172439 0.1680247387 0.7736534715
v 0.1360397955 -0.3663663779 -0.7411536684
v -0.02719590451 -0.3810664546 0.6856340777
v 0.4074429195 -0.4169260642 -0.5302949445
v -0.02565160204 -0.4150393766 -0.6990129874
v -0.690394767 -0.06563785451 0.4415722633
v 0.1749691203 0.1752062563 0.7638911277
v -0.03202265919 -0.3510986052 -0.7213563078
v 0.4556033529 -0.4588757847 -0.4822986512
v -0.2603771873 0.7446530296 -0.1219497982
v 0.4715545659 0.5603678996 0.3778257005
v 0.301218217 -0.7328992501 -0.002424132928
v 0.3608422344 -0.4419893783 0.58837617
v -0.6469704078 0.2513270113 0.4179442217
v 0.5188042123 -0.475995915 0.3554030815
v -0.04969840886 0.2356352249 0.7565408211
v -0.1397709734 0.4111111293 -0.670573596
v 0.7879897163 -0.05393284323 0.07735667824
v 0.346345515 0.3486206496 -0.6622974533
v -0.5910768232 -0.5765252712 -0.07505550559
v -0.02774912495 0.3885622165 0.7167224189
v 0.3490313277 -0.7253219844 0.05513868678
v -0.2091167764 0.7212268255 -0.3795809687
v 0.1790674082 -0.7609560056 0.1393339369
v 0.1225103942 -0.2170809396 -0.7935226508
v -0.6281485903 -0.5500910236 0.04480830429
v 0.7938180613 -0.145049011 0.003071773565
v -0.02804636257 -0.3279783013 -0.7111552438
v 0.5188350259 0.3720694424 0.4796100969
v 0.6220315994 0.4789856611 -0.2911517312
v 0.1483005081 -0.24194857 -0.7691231089
v 0.1892865462 0.3056230905 0.6949727803
v -0.001832390808 0.232469195 0.7696997449
v -0.09133009673 -0.05601868255 0.8140318216
v 0.2077820205 0.2287494754 0.7201984465
v 0.4591252729 -0.4417457309 0.4580256712
v 0.5058522815 0.3228042817 0.5407589665
v 0.08155402985 -0.127438591 -0.8200142939
v -0.1517493876 0.6537160661 -0.4885693521
v 0.02766372843 -0.4196694511 0.6694366545
v 0.5318861917 0.2944160574 0.496273597
v 0.1889408029 -0.1888163568 0.7564728764
v -0.5254651781 -0.5915586943 0.007182525234
v -0.1905381146 0.7725095866 0.009487782389
v 0.30918539 -0.726912725 -0.149680203
v 0.116560382 -0.4068251292 -0.7042399622
v 0.04123088485 -0.1272735271 0.7835054547
v -0.6886509123 -0.06080502615 0.4434118366
v 0.5260616015 -0.52900623 0.3142765648
v 0.1780096611 0.1732709495 0.7449099381
v 0.4074851763 -0.4795479632 0.4603387416
v -0.01207693967 0.3988996468 0.7105901703
v -0.2510858076 0.5961011559 -0.4987565292
v 0.3829455133 -0.5270894739 0.4235064797
v -0.3591866185 0.5572349928 0.4145314303
v 0.6616708422 0.4106738991 -0.3043527032
v 0.3331063092 0.3712516623 -0.6294432648
v -0.6179451422 -0.5339942062 0.08088654011
v 0.5200560639 -0.4121630207 0.4360333389
v 0.2498965367 -0.7474028832 0.1472999179
v -0.0157100652 0.2627153794 0.7415428604
v -0.1305678622 -0.06438279202 0.8115489788
v 0.2491060238 -0.7611212781 -0.007623895328
v 0.3356970291 -0.3250341496 -0.6755348116
v 0.1098560642 -0.09867354179 0.812520171
v 0.008038338047 0.2335088832 0.7678313846
v -0.6114406281 0.2062699526 0.4650847393
v -0.04292515552 0.2753953228 0.7410282687
v 0.0356756634 -0.09906283817 0.813857609
v 0.3190181818 -0.3243778574 -0.7160846922
v 0.1815023917 -0.6207771255 0.501493062
v 0.07703930492 -0.2685170233 0.7275531635
v 0.2076167479 0.2310111104 0.7193991425
v -0.2150102352 0.7207300543 -0.3744227731
v -0.08593016098 -0.05943135096 0.8125888309
v -0.345106567 0.5706038896 0.4385203239
v 0.06469815382 0.1664297664 0.7645010805
v -0.5368184414 -0.57965341 0.1463346262
v -0.1850552296 0.6726930836 -0.4314850961
v 0.01774339451 -0.08496169554 -0.8066386622
v 0.5208693144 -0.4457870406 -0.4522902436
v 0.1333607326 -0.2803333537 0.7410101501
v 0.6047127308 0.2714020511 0.451515644
v 0.3860918899 -0.5884383632 0.3757297551
v 0.3425284228 -0.4124272005 0.610306756
v 0.0177511519 -0.391948426 -0.6947510064
v 0.08000608989 -0.387175608 -0.7058853566
v -0.4303215727 -0.3602828826 -0.573006659
v -0.485385457 -0.2606338276 -0.6234676467
v 0.3136580891 -0.7345461942 0.1326937718
v -0.6211816349 -0.5360106741 -0.0249264189
v -0.5588651295 -0.5967716629 -0.1059984809
v 0.7814943806 -0.23156483 0.05911815713
v -0.2862081872 0.7586346208 -0.1477442853
v 0.3898869298 -0.4118825402 0.5984185771
v -0.03468813693 0.2696204097 0.7418900341
v 0.358949408 -0.7401782744 0.007236131339
v 0.4301581478 0.3938242961 -0.5452041002
v 0.2069378223 0.2356055289 0.7178271761
v -0.3111804017 0.6901388419 -0.3190820737
v 0.1201187702 0.1314835662 0.7881022721
v 0.4473386535 -0.309471771 -0.6169931713
v 0.3859523052 -0.4942630295 -0.4917005901
v 0.5629161839 0.269692139 -0.5093941976
v 0.1895570734 -0.6327636454 0.5121928045
v 0.7317134957 -0.08241884981 0.3193675309
v 0.372320808 -0.7160046188 -0.1036398532
v -0.5301957392 -0.5821411997 0.1850106931
v 0.4898939164 0.3860546991 0.5066734291
v 0.3051664008 -0.7265945173 -0.186231448
v 0.4795765715 -0.411197729 0.4770860402
v 0.3560739461 -0.4276599578 -0.5534572967
v -0.5619570907 -0.5717160969 -0.04095951949
v 0.1580905514 0.3182314238 0.7143125869
v 0.5140315136 -0.4520153953 0.3908508805
v -0.1106694786 -0.05923610677 0.8323708145
v 0.3798680351 -0.5145869318 0.4765611971
v -0.05511570329 -0.3912190634 -0.7032485058
v 0.1429482231 -0.1069341585 0.7894164658
v 0.1348465165 -0.1020611593 0.7914847267
v 0.001700608241 -0.08815049283 -0.8030554131
v -0.4667948899 -0.2857506332 -0.5891145621
v -0.2756352749 0.7426512235 -0.1540343415
v -0.593652345 -0.5753929786 -0.08566392499
v 0.4148714221 0.3486353412 -0.5948095805
v 0.7511739339 -0.08551122074 0.1854252452
v 0.09485820783 0.4011784767 0.6936239586
v 0.348309594 -0.7253666252 0.05195511572
v 0.04394539901 -0.0840459096 -0.8109265099
v 0.001718850921 -0.2007693961 0.7555584836
v 0.6286662217 0.4752812439 -0.2874512476
v -0.745299458 0.6626593781 0.07257220089
v 0.04905800388 0.4284365241 0.6713730192
v 0.03673840585 0.4394087606 0.6884608161
v -0.1362542237 -0.07946368696 0.805765811
v 0.1761592256 0.3163551365 0.7122700139
v 0.06892330912 -0.2955835144 -0.7375958687
v -0.06197441647 0.7952068155 0.08629328523
v 0.2434624854 -0.7667667684 0.1433324683
v 0.175059758 -0.621300717 0.5411524498
v -0.6630724104 -0.5297705484 0.03451312715
v 0.001646237455 0.4038739745 0.7067065936
v 0.3503986257 -0.7442629435 0.08757205388
v 0.4284086608 0.3142125537 -0.6078003114
v 0.07123864437 -0.3055954358 -0.7535240163
v -0.2931760068 0.736364192 -0.05861627145
v 0.003384180714 -0.1263448302 -0.7893886323
v 0.04343547469 -0.2860467589 -0.7564533274
v -0.6696365252 0.04360470321 0.4452070372
v 0.133232174 0.275661827 0.7143503141
v -0.01285523069 -0.302862479 -0.7226018417
v 0.1079296752 -0.2304939707 -0.7864336334
v 0.1502894704 -0.1123528908 0.7871500329
v 0.04744462243 -0.4270380253 -0.686442739
v 0.7268858451 -0.1016687414 0.3245506992
v -0.6235616666 -0.5287706883 0.1318165549
v -0.2989024348 0.6966396608 -0.3228195096
v 0.5618152412 -0.3804243175 -0.4651712795
v 0.3265724417 -0.7513707352 0.1695149182
v -0.06889908147 -0.3370676348 -0.7016774333
v 0.06768667067 -0.3980750126 -0.7192816101
v 0.410012958 0.4186202417 -0.5174947568
v 0.1506961701 -0.7545155621 -0.2579491175
v 0.4480702214 0.3847788583 -0.5058963562
v 0.4325540929 -0.4641794655 -0.4921768587
v 0.205209136 0.2418198177 0.7158232243
v -0.7144267519 0.04332457283 0.3542237043
v 0.7983654697 -0.01625853622 0.06401723159
v 0.1629240577 0.2765936827 0.7095304116
v 0.2050933469 -0.5761884681 0.5354716163
v -0.7453016036 0.6626608085 0.0725734823
v -0.09108629293 -0.1164546579 0.8096022436
v 0.2908837966 -0.4195737623 -0.6057795522
v -0.05853787801 0.4008358923 0.6976674437
v 0.4351694577 0.3154547499 -0.6001931857
v 0.4169162897 0.3972491565 -0.527038128
v 0.360513984 -0.5407723468 0.462016231
v 0.7967715106 -0.04207716157 -0.1461109302
v 0.1078255603 0.1287998395 0.7717076304
v 0.1428342518 -0.1255844007 -0.8299377978
v 0.6519273917 0.1826318236 -0.4597286101
v 0.5480385569 0.2709917008 -0.494463973
v 0.2372414021 -0.7690140695 0.1777260366
v 0.002868556856 -0.1310637394 -0.8068187753
v -0.7791538045 0.06073872418 0.1754278216
v 0.6329463809 0.4445475563 -0.3067364898
v -0.06315536186 0.3229280126 0.7459852526
v 0.08150808522 -0.3029289039 0.7332155208
v 0.5393838311 -0.4874239175 0.3205057538
v 0.09702624014 -0.3483410035 -0.7418359763
v 0.526769657 0.2714864754 0.5234734742
v 0.4080528723 0.3055815191 -0.6058576886
v 0.5541051256 0.2388801808 -0.5416300296
v 0.7802357347 -0.04217498482 0.1761180416
v 0.2081273018 -0.6277456305 0.5003627958
v 0.2037628077 -0.7733405981 0.1049111047
v 0.1305416975 -0.3321473649 -0.7527958755
v 0.01812923591 0.2298919448 0.748399197
v 0.7884289133 -0.05675094699 0.1392164641
v -0.05637601064 -0.1719044264 -0.7637650128
v -0.2118525345 0.749904977 0.01706584344
v 0.7516732083 -0.0283438982 0.2177120954
v 0.1254780881 -0.1594080381 -0.8149907957
v -0.7453014844 0.6626589609 0.07257360895
v 0.3507748844 -0.7414098021 -0.004727190913
v 0.3475437856 -0.741923917 -0.008550331621
v 0.618767452 0.2197392765 -0.4925935862
v -0.2011679455 0.7765486017 -0.19321755
v 0.20819696 -0.5885908812 0.5505076618
v 0.1679153864 0.3176608968 0.7130380275
v 0.07296890264 -0.2749624732 0.7443232296
v -0.008456604052 -0.4156992747 -0.6821394547
v 0.674340266 0.3565263446 -0.333280194
v 0.7723225002 -0.2003192624 0.04425887222
v -0.1129817072 -0.1133798394 0.7920355556
v 0.4714030015 -0.4622328495 -0.4394867779
v -0.737199614 -0.006674090934 -0.3535158873
v 0.7237093107 -0.02225765009 0.3176858993
v -0.808342197 -0.09691934642 0.1717476023
v 0.04323057892 -0.3864099784 0.682130157
v 0.771351308 -0.07380395209 0.1879151805
v 0.414673548 0.4420526145 -0.5235747357
v 0.5058099055 -0.4454193942 0.4073964608
v 0.1330710735 -0.1940603476 -0.784278892
v -0.509226392 -0.6165122836 0.1544552411
v 0.30694539 0.4013958699 -0.6321543184
v 0.1168731735 -0.3374387679 0.7190102485
v -0.6015217134 -0.5427170556 0.1081311551
v 0.3830077066 -0.5310807489 0.4183267683
v 0.03409505112 -0.2658927482 0.7486506521
v -0.01721277947 -0.3725122751 -0.6965586337
v 0.7662084894 -0.0217090282 0.2366252955
v -0.6709817113 0.01714083965 0.4107951268
v -0.7835022661 0.03982578896 0.2149921464
v 0.02340630312 0.4046617159 0.7031360394
v -0.1328690572 -0.06847062003 0.8099966805
v 0.4164840958 -0.3336920343 -0.6121338728
v 0.7240415246 -0.05712817797 0.2957977786
v 0.0386830811 -0.2934741887 0.718563959
v -0.6655710474 0.06213366561 0.4059090378
v 0.3126551596 -0.7542946822 0.17661149
v 0.1510851536 -0.239438743 -0.7704581033
v 0.4401833304 0.3171931809 -0.5939268357
v 0.1218284141 0.3075031922 0.7044665042
v -0.2849019203 0.7389948444 -0.09250479524
v -0.7453051796 0.6626614641 0.07257245419
v -0.7823228293 -0.09509206578 0.2650353337
v -0.02982889246 -0.3313608155 -0.7288813038
v 0.1243373694 -0.3224917956 0.7247053265
v -0.2015175926 0.691461797 -0.4252203255
v 0.403293226 -0.4652558825 -0.5106915244
v 0.5555871548 0.3912459134 -0.4236672226
v 0.2762382246 -0.7557172299 -0.0116199733
v -0.1933446633 0.6124736261 -0.5345411314
v 0.1676038838 -0.2159499284 -0.7815119926
v 0.75046117 -0.05352364024 0.2719588998
v 0.4079201119 0.3159641862 -0.626635837
v -0.09301364302 0.2896521497 0.7626179988
v -0.6025057197 -0.5458116392 0.009234064394
v 0.7612767165 -0.07727028714 0.1555170262
v -0.5542700406 -0.6021843532 -0.1782959974
v 0.5326818601 0.4593637946 -0.3655505347
v 0.7387686004 -0.05464723494 0.2465295932
v 0.7431158103 -0.0571598557 0.295105279
v -0.04608091172 -0.2877543764 -0.7423221386
v 0.07996029426 -0.2776601465 -0.7650219303
v -0.6281538947 -0.5316540473 -0.01892288528
v -0.2522554102 0.7409275734 0.05415336181
v -0.05647225447 -0.1638179627 -0.7666977807
v -0.1268589601 -0.06677551123 0.8297476718
v 0.6886195028 -0.2037676949 0.3306169699
v 0.07232266797 0.4227200197 0.68917358
v 0.3000897686 -0.7386283005 0.1805006692
v 0.5244234188 0.4442498213 -0.3852390347
v 0.01478565673 -0.3946984584 0.6986690322
v 0.2272264708 -0.5931961022 0.5258848559
v 0.5137708204 -0.4883643558 0.3444920548
v -0.1348383363 -0.07359475389 0.8080324228
v 0.4501245059 -0.3663531168 -0.5550446401
v -0.02436272923 -0.2683420061 -0.7334470097
v -0.745303034 0.6626586629 0.07257466686
v 0.3392171016 -0.739666901 -0.1373276458
v -0.6649115069 -0.00643853297 0.4314658451
v 0.548141666 0.2804156919 0.4864954888
v 0.6881278572 -0.02357743886 -0.3735914636
v 0.1733729113 0.1311683236 0.7609538897
v -0.2924050131 0.7368712145 -0.0704683957
v -0.2704319616 0.565979656 -0.5183568203
v 0.3592242861 -0.4263108381 -0.5527664658
v -0.005945365277 -0.302291654 -0.7430804373
v -0.1040670854 -0.1204857908 0.8082865598
v 0.01679382619 -0.2931476369 0.7383401017
v 0.3160090357 -0.7291715887 -0.03055843017
v 0.2324777477 -0.7687365094 0.1377082256
v 0.01972841192 0.4354237437 0.6732521672
v 0.3129649934 -0.3389508954 -0.6761029247
v -0.1078733153 -0.05905971127 0.8323836882
v 0.1661378723 -0.219145103 -0.7801261589
v 0.3812944568 0.3405397884 -0.605476185
v -0.4467338562 -0.3469847317 -0.5998957786
v -0.1616197278 0.7044276743 -0.4478272892
v 0.5403130644 0.3294583934 -0.4573658029
v 0.2014087916 -0.7556632317 0.1080551196
v -0.1225500063 -0.05660392715 0.8144298942
v -0.1537201121 0.6944326497 -0.4344217678
v -0.22401805 0.7718869984 -0.1860385058
v 0.245202928 -0.7436733742 -0.006877174939
v 0.1778582159 -0.5888041918 0.546080587
v 0.1470369898 -0.1160844859 0.8049649575
v 0.07223222403 -0.3961594187 -0.720665775
v 0.7402863899 -0.06118848539 0.3024580292
v 0.2473707964 -0.7602984915 -0.04616099634
v 0.7506484948 -0.08541785637 0.1872912365
v 0.4146115932 -0.3319896319 -0.6151895372
v 0.4696600409 -0.5729169303 0.313439325
v 0.2292635754 -0.5958085764 0.5205308126
v 0.2206845126 -0.590347252 0.5019787475
v -0.7947312621 -0.02242906335 0.1731202196
v 0.284086554 -0.7497907226 -0.1576517418
v 0.06404663705 0.1789868282 0.7792506258
v 0.5054358519 -0.4122830862 -0.4693867422
v 0.3663381868 -0.4094517585 0.6246979227
v 0.2894248329 -0.7532306322 -0.008921078235
v 0.1143722643 0.1263796966 0.7716018392
v -0.532212684 -0.5930130687 -0.139485695
v 0.5318140154 -0.3827255572 -0.4828895914
v 0.1774151299 -0.6276435942 0.5307014803
v 0.2958169402 -0.7566004515 0.1442975812
v -0.4584918375 -0.2625572589 -0.6208900985
v 0.2258267054 -0.7661920396 0.0102207071
v -0.3089857578 0.6698374985 -0.3472718279
v -0.5508048007 0.4457281254 -0.3968526634
v -0.2850399852 -0.7533539459 0.04849632014
v -0.4569292879 -0.3902114552 -0.5103602045
v 0.08183132175 -0.3859493848 -0.7066077162
v 0.793041346 -0.2292189346 0.0207271042
v 0.269646634 -0.7446933196 0.185035919
v 0.1358572537 -0.2553357791 -0.7815939435
v 0.5002613257 0.4201374054 0.4624826953
v -0.266942941 0.7578747129 0.001883944999
v 0.4502263037 -0.4605125073 -0.4841811965
v 0.2965867419 0.4021521125 -0.670362431
v -0.01850191303 0.1174312216 -0.7878262616
v -0.09652755427 0.3423883316 0.7439286138
v -0.05754498376 0.2478757329 0.7724914382
v 0.3592181174 -0.7221283445 0.01496733526
v 0.2488040424 -0.4193420947 -0.6342849812
v -0.6208411962 -0.533165996 0.05699256047
v -0.3133933133 0.650231754 -0.334087842
v -0.7891288034 -0.1281125996 0.2218340596
v 0.6682322749 0.2720812599 -0.403863902
v 0.9245677054 0.3733999071 -0.0739822697
v 0.3792448212 -0.3975793738 0.6272288037
v -0.8119375451 -0.05172325811 0.1894976367
v -0.2445909637 0.5044427863 -0.6226738856
v 0.6108332381 -0.3040473394 -0.4727484558
v 0.5158336576 -0.4109795907 0.4417040999
v 0.4874525556 -0.443812025 -0.47681894
v 0.3218813064 -0.7523646948 0.1721856967
v 0.3486284573 0.6018774696 -0.4664015853
v -0.01355509009 -0.1490013817 -0.7785745759
v -0.01397796676 -0.1500329642 -0.797362719
v 0.1713632826 -0.1921478678 -0.809982436
v 0.371479724 -0.4045241875 0.6259600852
v 0.3066860975 -0.5422732097 0.4790413579
v 0.3244409148 -0.4971895394 0.5193950631
v -0.2961402438 0.753822228 -0.05214109574
v 0.04564275401 -0.3012761488 0.7345820439
v -0.7453013056 0.6626555637 0.07257383245
v 0.4908161764 -0.5411950344 0.2993177915
v 0.4893151943 -0.4683293675 -0.4496730013
v -0.03904313964 0.3776897813 0.7223890675
v -0.1015720244 0.3103117524 0.7371523805
v 0.2759432313 -0.6468296907 -0.3757880744
v 0.134540512 -0.1838100683 -0.7882365523
v 0.1372936437 -0.368894547 -0.7211935385
v -0.001003368127 -0.1338111494 -0.8052331007
v 0.5776769341 0.4899482125 -0.3264448666
v 0.1117900449 0.3487333544 0.7101826212
v -0.8158355451 0.02348399439 0.1550123281
v -0.1822482489 0.6590855459 -0.4516937903
v 0.3467937713 -0.4309583755 -0.556206137
v -0.4627679141 -0.3910208615 -0.501694989
v -0.1586588284 0.6974673346 -0.4596638838
v -0.5951936768 -0.5462371876 0.1143483793
v 0.425770618 0.3581791593 -0.5767797361
v 0.1230751176 0.272747714 0.7169449676
v 0.7693132647 -0.0244342593 0.1592567717
v -0.8127718942 -0.04676280619 0.1450274504
v 0.08400154438 -0.280482534 -0.7646031168
v 0.2137050113 -0.7719178716 0.1219586191
v -0.4709739366 -0.3910274772 -0.4905144483
v -0.196569653 0.7530027791 0.01293017755
v 0.4558071572 -0.3525413575 -0.5658160225
v 0.5038492237 -0.5253325071 0.3408355267
v 0.04064501072 0.2777953207 0.7467710868
v 0.1988112176 0.1993598414 0.751490741
v 0.1415018053 -0.2450354353 0.7546498721
v -0.0243610362 0.3912463307 0.7152329993
v 0.6715231829 0.1967146465 -0.4582509616
v 0.246679146 -0.7480007371 0.1463475447
v -0.5946407618 -0.5755877534 -0.1066572987
v -0.656175009 -0.5120614745 0.06124380967
v 0.08695543327 0.4104212521 0.6914479398
v 0.7786457688 -0.2408269607 0.06342353487
v -0.05516622227 -0.2974868603 -0.7374038355
v 0.3630405737 -0.5346734745 0.4333585225
v 0.4116764412 0.3454109474 -0.5718347915
v -0.3357245944 0.399069598 0.5973226409
v -0.7045998605 -0.08905006741 0.4209536062
v -0.8051127968 -0.07491794735 0.2115669581
v 0.7754429505 -0.05772088383 0.1833843411
v 0.4817973802 0.4010555802 0.4703703313
v -0.6875761939 0.07125432678 0.3989619891
v 0.1675830236 -0.6148852462 0.5227397906
v 0.6267678226 0.2109012638 -0.4628872047
v 0.288577461 -0.3660170884 -0.6638945116
v 0.1581408692 -0.7629347463 0.0697280591
v 0.2142191114 -0.6020279015 0.4933582623
v 0.5815708217 0.2424722509 -0.5118383596
v 0.2131527072 -0.6032881567 0.4927909537
v 0.6558728338 0.435720078 -0.2623245483
v -0.03731676659 -0.2765828354 -0.7284885953
v 0.1066876652 0.1810952748 0.7720480095
v -0.07860306885 -0.08803629804 0.8012557722
v 0.7631435273 -0.07165078269 0.1524276576
v 0.162024118 -0.7802240529 0.0635881965
v -0.1992410722 0.6067471982 -0.5360858603
v 0.7703550836 -0.02237163628 0.1568941284
v 0.1993876451 -0.7558965086 0.1027324188
v 0.09527738647 -0.1281562422 0.8012837249
v 0.334774471 -0.315135976 -0.7152639916
v 0.05562099738 0.3885569121 0.7041444224
v 0.2051826882 -0.7713617977 0.04839076371
v 0.148325451 0.1235924287 0.767494343
v 0.3131107468 -0.7489356921 0.00162268252
v -0.6408249278 -0.5235103968 -0.001925238104
v 0.3192471376 0.3740091149 -0.6695680739
v -0.6736406143 0.02169672068 0.4037792989
v -0.5919030667 -0.5778248033 -0.1231687427
v -0.005442789998 0.4328992997 0.6779702719
v 0.4378337844 -0.4064452646 -0.5496093612
v 0.5395240713 0.3085787749 0.5074667134
v 0.7470957016 -0.01439096091 0.2417847726
v 0.03812569606 -0.2524640422 -0.767892058
v 0.2162770166 -0.5798169541 0.5198182872
v 0.05624925874 0.1902715806 0.7570868224
v 0.5609053781 -0.4656259726 0.3612861697
v 0.5197016785 0.3785694567 0.4726942788
v 0.757503997 -0.3634357556 -0.1534912606
v -0.6637504867 0.003667072516 0.471279956
v -0.6368581487 -0.5418379464 0.1278944613
v 0.6233894208 0.2734382767 0.4242899895
v -0.5291162527 -0.5949411489 -0.1419709367
v 0.7069418075 -0.1767029174 0.3486346558
v 0.006838056442 -0.8103942465 0.06191938275
v 0.3489098915 -0.7446604797 0.09114382988
v 0.2460107548 0.2466942995 0.7271177214
v -0.02501202588 -0.258728038 0.7526394239
v 0.09019577765 -0.3016784828 0.7335300333
v 0.4438297859 -0.4485654429 0.4643240864
v 0.287332255 -0.7594361896 0.1835907231
v 0.1283243904 -0.5455055304 -0.6106016599
v -0.003520674525 -0.1323343502 -0.7861635233
v -0.01584594531 -0.1837299651 -0.7655712097
v 0.1240443578 -0.3100177426 -0.7406532019
v 0.5385181916 -0.4214259113 0.4059953991
v 0.4233681765 0.4208991312 -0.5311878214
v -0.3337018088 0.7462068775 -0.04191783047
v -0.6815534912 0.03061865101 0.3845374758
v -0.6479411232 0.005018420051 0.4619295717
v 0.2051919859 0.253586471 0.7307651604
v -0.01208154195 -0.2623471965 -0.7374853096
v 0.7175576323 -0.1705413452 0.3157216713
v 0.05919600672 -0.09169781023 -0.829666913
v -0.4003751497 -0.6903762312 -0.09656788154
v 0.7983551588 -0.01131862975 0.1320406681
v 0.2058744876 0.2398201721 0.7164515937
v 0.01141489686 0.2284465254 0.749939158
v -0.2945935182 0.7548370479 -0.07583718268
v -0.1342069273 -0.07170500435 0.808758716
v 0.429151374 -0.3523697971 -0.6125544148
v 0.003188558893 -0.2928550872 -0.7286703772
v 0.2744894827 -0.7367977269 -0.04580620872
v 0.5413657306 0.4109710082 0.4146062887
v -0.6487162293 -0.01749527711 0.4683039479
v 0.3370656978 -0.5182437281 0.4799769387
v 0.5534770543 0.2768879012 0.4823441265
v 0.3331873958 -0.3419020501 -0.6880597635
v -0.06183468653 0.3401427887 0.7202843906
v 0.6862413783 -0.02420138662 -0.4182320331
v -0.5479069587 -0.5851141384 -0.1772625076
v 0.08684617042 0.2052432425 0.7470136017
v -0.09185019413 0.3564314902 0.7381047984
v 0.3484426822 -0.4792591684 -0.5040838416
v 0.1434165499 -0.1599180406 0.7686877263
v -0.5671728009 -0.5672674467 -0.004477306449
v 0.06939610597 -0.09360679588 0.8153140694
v 0.6403623078 0.4386472137 -0.3039457502
v 0.550321082 -0.4164045587 -0.4635439738
v 0.1987793909 -0.754699132 0.05904310505
v 0.04379471 -0.2697533787 0.7469461338
v -0.2940004622 0.6989272519 -0.3247063462
v 0.5451618136 -0.3611833586 -0.4966778978
v 0.5162748215 0.2820165051 0.528470629
v -0.2140649693 0.7556851648 -0.1890796128
v 0.5595536955 0.2324026062 -0.5412178913
v 0.8112642964 -0.01301700634 0.08655035018
v 0.131523886 0.3152697794 0.7194006922
v 0.1826243139 0.2683437941 0.7095644435
v 0.1938478564 -0.6182791441 0.4925538624
v -0.4350957019 -0.318859376 -0.6405656949
v -0.03783976579 -0.2130603411 0.7707553316
v 0.5854839603 0.2637411657 0.4503666036
v 0.08579252079 0.2282915638 0.7387726234
v -0.7004546967 0.03579552398 0.3852950295
v -0.6051152735 -0.5652626605 0.004011918235
v -0.5932366903 -0.5664136081 0.1624158879
v 0.1840415273 -0.1696002067 0.7832944685
v 0.2250098491 -0.7480488944 0.007836995963
v 0.7106373442 -0.05487446977 0.3433242998
v -0.03261045172 -0.2375222551 0.7418757299
v -0.3034627765 0.672539016 -0.3492386783
v 0.2992658198 -0.7558862573 0.142883616
v -0.08377058451 -0.06758130422 0.8285672814
v 0.09084665372 0.2057430831 0.7654554057
v 0.1511743459 -0.3463059998 0.6956450754
v 0.1358482689 -0.1197330051 -0.8310163307
v 0.3418167318 -0.7441724102 0.02907648114
v 0.5406891443 0.3430265053 -0.4466207938
v 0.1202356768 -0.3239492097 0.705008989
v 0.1086551712 -0.1042476082 -0.8325565896
v -0.124009037 -0.1098118033 0.7936522822
v 0.5165274089 0.4202246309 -0.4113844876
v -0.02171071378 -0.1405717674 0.7795692507
v -0.4231327242 -0.3061720421 -0.6305502868
v 0.4243688113 -0.56257652 0.371247669
v -0.5906038923 -0.5545409254 -0.03577270067
v 0.3274202606 -0.7464688818 0.01224051637
v -0.05265302413 -0.3940842442 -0.7025758531
v -0.7395135486 0.08579072532 0.2471905194
v 0.4361386234 -0.3876273808 -0.5419679055
v 0.1719177323 -0.1371395164 0.7770229332
v 0.148217261 -0.1778504082 0.7807876662
v 0.007415399773 -0.1136853596 0.8087070422
v -0.6940982306 -0.07398022838 0.4369871575
v 0.3463926293 -0.7202651694 -0.1298229289
v -0.2674684993 0.7563022696 0.05068430376
v 0.3355451667 -0.4336043453 -0.5609660217
v 0.5786969988 0.2783585466 0.4807984141
v 0.251297658 -0.426511424 -0.6250380635
v 0.151764407 -0.1936331601 0.7553358157
v -0.6511603913 -0.5164579146 0.02296133789
v 0.1979214399 0.2547606629 0.7122065392
v -0.5915516018 -0.5735402932 -0.002357594884
v 0.2801820575 -0.3980278387 -0.6357234422
v 0.2447817304 -0.7494348473 0.181697256
v 0.3408643436 -0.7249046012 -0.01152479017
v -0.8290240904 -0.05320817786 0.1552760758
v -0.6252562316 -0.5545014698 -0.02768216924
v -0.2964866129 0.7541115891 -0.06398425755
v 0.434135506 -0.4742604938 0.4749009026
v 0.6385241649 0.469040105 -0.2825164053
v -0.5270251052 -0.597794946 -0.1853748082
v -0.4958432209 -0.6023508177 0.1891806508
v 0.4708457357 -0.4530574526 0.4659850962
v -0.5306840472 -0.5939673343 -0.1407772107
v 0.7814625539 -0.07082528424 0.1548473536
v 0.1215430314 -0.1030276281 -0.8157182809
v 0.1231873828 -0.2553254682 0.7317849271
v 0.6089475936 0.2233997382 -0.4994641078
v 0.06328065728 -0.2676595193 0.7281647851
v -0.06237401631 -0.3076930202 -0.7133683938
v 0.09563465496 -0.3273734741 -0.7300401784
v -0.2418185661 0.6009686792 -0.5016277595
v -0.01252386799 0.2262586163 0.7543487102
v 0.7222312748 -0.07788517933 0.3547366869
v 0.3853127011 -0.5154091224 0.4361574572
v -0.6763924347 -0.07285586261 0.4315735732
v -0.0481482674 0.09273620956 -0.8160949568
v 0.3136524568 -0.730691643 0.004674090948
v 0.5235518193 -0.3931534314 -0.4774246612
v 0.384078253 -0.7352478723 0.006011432569
v -0.6804119604 -0.08071556827 0.4261752467
v 0.1917294267 -0.5968219658 0.55614898
v -0.03207783075 0.2289587033 0.7563152328
v -0.1655391245 0.7825751188 -0.1631847806
v 0.006459846712 -0.174977971 0.7655489787
v 0.1969797202 -0.75606941 0.09290324776
v 0.6079142976 0.4572877857 -0.3216437085
v 0.5236411606 0.3363794264 0.5045599314
v 0.191319747 0.2699248795 0.7269038743
v 0.2558124053 -0.759742358 -0.01004597948
v -0.6928673585 0.03805207811 0.3589053036
v -0.7929099266 -0.06948636367 0.1934419315
v 0.4693170989 -0.4297840347 0.4973352927
v -0.7903443581 -0.07562662112 0.2008274173
v -0.02322171812 0.2645479496 0.7420084605
v 0.2064528222 0.3042754608 0.7121013441
v 0.3037940666 -0.5341489294 0.5262988418
v -0.2278802002 0.752825944 -0.1833845199
v 0.7053148892 0.3525399271 -0.3058279975
v 0.4534115995 -0.557572988 0.3490985274
v -0.4574411679 -0.5544676762 0.3668407095
v 0.2938757479 -0.358454544 -0.668323732
v 0.2887011919 -0.4171821085 -0.6097714828
v -0.5196436275 -0.6022080742 -0.1863764712
v 0.679852549 0.4273202342 -0.2737210816
v 0.6170845688 0.4814690105 -0.2941241633
v -0.4576611538 -0.3235039334 -0.605737653
v 0.299858399 -0.3211540894 -0.7037021261
v -0.2602759258 -0.7695300917 0.008278513662
v 0.5231734745 0.2970917976 0.5398648975
v -0.7813635573 0.05788917364 0.171940455
v 0.003083607316 0.2620774739 0.7389395052
v -0.1224093041 -0.1169508555 0.8100372686
v -0.09526741827 0.3469324322 0.7420823653
v 0.7686144474 -0.02589439077 0.1607959876
v -0.2786640594 0.7588566332 -0.1063965981
v 0.120744912 -0.09571150252 0.79425103
v 0.4920615017 -0.5158032613 0.3306562765
v -0.8194087813 -0.1062684791 0.1935667054
v -0.2711883233 0.7556291402 0.04900654246
v 0.3301015139 0.3628718145 -0.6673958099
v 0.8048716527 -0.009742339449 0.1105249248
v -0.09879982061 0.3292985445 0.7490419898
v 0.2019408166 -0.6308293072 0.5024931009
v 0.1538540496 -0.2366846578 -0.771879757
v -0.6480844031 -0.007835747144 0.4661776658
v 0.1793391424 -0.6100100343 0.5514229486
v 0.2779613084 -0.461884901 -0.5984248352
v 0.1578838117 0.2774493093 0.7099790851
v 0.09377831157 -0.131996668 -0.8201978042
v 0.04259318005 -0.4253298714 0.6861321005
v 0.7071762763 -0.1131747834 0.3205684239
v 0.3297392613 -0.7267730808 -0.02141986833
v 0.08313296214 -0.4292191995 -0.7102613536
v 0.392809208 -0.7292245736 -0.1375265331
v -0.6563449304 0.04728101872 0.4299156924
v 0.5581923576 -0.4788033428 0.3470554776
v -0.4747564008 -0.4197474683 -0.4600174347
v 0.2455479113 0.2501536538 0.7259268413
v -0.7962848119 -0.03636399101 0.174882014
v -0.7609973088 -0.03533341799 -0.2885646171
v 0.5778384518 0.2464448262 -0.5124760267
v 0.1672542069 -0.7784524244 0.03858181591
v -0.1906469602 0.6784111675 -0.4186543333
v 0.05896652942 -0.1225771916 -0.8183775415
v 0.6961027188 0.3938417888 -0.2833184211
v 0.1668052354 -0.7806649784 0.109141706
v 0.6626384583 0.3563395861 -0.3163592192
v 0.5414641313 -0.4838159341 0.3230866396
v -0.06568007411 0.3218359801 0.727536535
v 0.5347005332 0.4463460051 0.3583757818
v 0.04742395964 -0.1214526918 -0.8170455272
v 0.01488062008 -0.245273808 0.737890713
v -0.7655180161 0.03861420512 0.210969581
v -0.5594865852 -0.5962921759 -0.1030126684
v 0.3140842335 -0.7476737681 -0.03398121393
v -0.1799292035 -0.05469030384 -0.8070692171
v 0.8135041475 -0.01582108813 0.07716440663
v 0.7890246811 -0.05637683387 0.07233674862
v -0.07845595216 0.3779467494 0.7090148066
v -0.02540073557 0.272321063 0.7587320381
v -0.6452643995 -0.5170214981 0.1017914367
v 0.5304581012 -0.4180387482 -0.4465027547
v 0.4071540949 0.4256228681 -0.5149554722
v 0.1716398891 -0.5957757365 0.5432562326
v -0.02079362967 0.2638402518 0.7418999874
v 0.03571239973 0.3939268389 0.6859637288
v 0.7745984692 -0.05020321869 0.1257167886
v -0.5958890968 -0.5663512659 0.1218135437
v 0.5096964622 -0.4081992216 -0.4708387326
v 0.1268181932 -0.3950731973 -0.7100712872
v 0.7058150577 -0.2259147058 0.3232421079
v 0.7172234516 -0.176913993 0.3130822279
v -0.2829714561 0.7394739142 -0.09594304349
v 0.3804271187 -0.420766639 0.5963297541
v 0.2341617633 0.2685747465 0.7017037172
v 0.3851689742 -0.7143343709 -0.0760207824
v 0.4393345877 0.3154772491 -0.567488416
v 0.1750925234 -0.6205648281 0.5420639221
v -0.09802239007 -0.1195574813 0.8085281808
v 0.423989364 -0.3586075984 -0.580777746
v 0.09819798096 -0.2998055332 0.7341017225
v 0.5723532872 0.4291109052 0.3564087526
v 0.168924574 -0.2126394266 -0.7829179118
v -0.30656186 0.7496374298 0.01946880278
v -0.4300394531 -0.352338775 -0.5804017256
v -0.7199527429 -0.09936000688 0.3933739537
v 0.4255812668 -0.7079522765 -0.0266265118
v -0.8267361417 -0.08388296894 0.1707611375
v -0.2182197288 0.7719134611 -0.1494756387
v 0.3803790508 -0.7363188955 0.01765462124
v 0.6101855582 0.456589028 -0.3199415743
v 0.196198669 -0.7560257823 0.08640607942
v 0.2599845384 -0.746558104 0.1844801283
v 0.7667964495 -0.02339065423 0.2335989099
v -0.743488493 -0.1046766955 0.3063689029
v 0.416758199 -0.7256001405 -0.1030181218
v 0.3510687155 -0.7232868019 0.000738294118
v 0.4895499314 -0.5181996236 0.3300534162
v 0.06106767865 -0.3031713295 0.7335311657
v 0.2253579763 0.2891906322 0.7147463006
v 0.2604313047 -0.4417194172 -0.6314965659
v 0.04825021054 -0.2952456087 0.7176791281
v -0.8076445121 -0.004498331501 0.1815507278
v 0.4437972738 -0.4736611202 -0.4459563362
v 0.1035210096 -0.09714509868 0.8132450934
v 0.2298293493 -0.5971835628 0.5182109775
v 0.4220586911 -0.4646941467 0.4650536278
v 0.1271208601 -0.3783014327 0.6836162986
v -0.0901285109 -0.05663151107 0.8137679696
v 0.01557787661 -0.4293710023 -0.7000113575
v 0.3752856411 -0.4259575852 0.5947297157
v -0.711459952 -0.09481427472 0.4090389646
v -0.4201858011 -0.3569612802 -0.627243823
v 0.3464339325 -0.7452958223 0.09623071336
v 0.07374010492 -0.43138452 -0.7080546405
v 0.8205252798 -0.06080697435 0.02621142698
v -0.07716419058 -0.08368689034 0.8221364933
v -0.0211240518 -0.4173599269 -0.6988504565
v -0.01395271379 -0.2423588309 -0.7444882041
v 0.6502161982 0.2384263966 -0.4187513333
v 0.2627677683 -0.3612371482 -0.6862768705
v 0.3209280242 -0.732942401 0.1264481777
v -0.03319759982 0.2360409263 0.7731307145
v 0.3680276261 -0.5086752651 0.4617944571
v 0.4511204919 0.3422046424 -0.5354463456
v 0.5920800209 0.2178217158 -0.491752234
v 0.1111146208 -0.268335152 0.7461487967
v 0.1427232903 -0.2362691818 0.738844621
v 0.5770034471 0.2280481697 -0.498778492
v 0.4658018541 -0.4153971294 0.4852490609
v 0.1493255793 -0.1818203611 0.7792129582
v -0.4216082594 -0.6566718994 -0.08814839936
v 0.4280601164 -0.7259654327 -0.01781331536
v 0.5067751972 0.3439050781 0.4867929257
v 0.3121017678 -0.3582469849 -0.6849574914
v 0.2041629961 0.2554194584 0.7302523566
v 0.4906088259 0.4160213863 0.4451671644
v 0.1197634238 -0.2904806282 0.7373151498
v 0.5275264061 -0.489992019 0.3628690431
v -0.1525482297 0.4959710344 0.6179858793
v 0.7693014638 -0.03649040393 0.2171749447
v 0.3499530812 -0.7253157263 0.06089195739
v -0.6683601778 0.01094627671 0.4183135369
v -0.5905925086 -0.5693510845 0.125579141
v 0.7485394671 -0.01510638911 0.3014338819
v 0.06271992715 -0.3996414064 -0.7179611583
v 0.3731587928 0.3162114096 -0.6320895326
v -0.6665662586 0.004670953068 0.4241776125
v 0.6125176114 0.2323256618 0.4412810547
v 0.07538492569 0.3461273171 0.6973979893
v 0.2008017742 -0.5762506316 0.5396129657
v -0.643761689 -0.542905632 -0.01086204706
v 0.1777051466 -0.6203034793 0.5058353847
v 0.4245912111 -0.3532095699 -0.5860749303
v 0.0272247717 -0.1022798415 0.8127693612
v -0.8288600099 -0.06558518991 0.1599805616
v 0.1205937127 -0.4061123653 -0.724336339
v 0.1593841382 -0.7623462497 0.05822703468
v 0.3762860078 -0.4359508218 -0.5311261348
v -0.2888708451 0.7365457951 -0.03684601478
v 0.1846737559 -0.2530614193 0.7314355482
v -0.190579984 0.6153798718 -0.5335332252
v 0.3986833561 -0.5895978934 0.3618580675
v -0.450542336 -0.3880894942 -0.520930554
v 0.5321246538 0.2777910593 -0.5335215435
v 0.1339901897 -0.1892247701 -0.7861800327
v 0.1665009146 -0.7806966263 0.1082253092
v -0.6654802757 -0.02911532212 0.4383171752
v -0.01929566297 -0.1840115929 -0.7841759021
v -0.03774846508 -0.1953731854 0.7584612724
v 0.4970247735 -0.5106975142 0.3323222928
v -0.5485722805 -0.6037879676 -0.130592075
v 0.2597543906 -0.7578461046 -0.04751766672
v 0.3821977043 -0.3951254969 0.6274713186
v 0.5992041432 0.200717633 -0.5264018317
v 0.5627375012 0.4237289688 -0.3917888751
v 0.366450832 -0.3885918679 0.6173445169
v -0.07036777495 -0.3327286498 -0.7222650982
v -0.3240676361 0.7313930827 -0.09308927621
v -0.4196291611 -0.3898833836 -0.5989472943
v 0.3014436564 -0.4691767096 0.5779392663
v -0.4862952605 -0.620463805 -0.1456743556
v 0.3306587499 -0.327399311 -0.6764205364
v -0.5119299359 -0.2544169759 -0.5553033068
v -0.6653952852 -0.001850788892 0.428861864
v 0.09009368923 -0.1304346399 -0.8202110951
v -0.1965622775 0.7774704445 -0.1940756947
v 0.09294817918 -0.3742364615 -0.7125544281
v 0.3173350602 -0.7243459645 -0.1822112816
v 0.1485650455 -0.1226067461 -0.8126600536
v 0.05096086928 -0.4016253323 -0.7154635345
v -0.05285099505 -0.1905313499 -0.7575079008
v 0.1431772534 0.2832014847 0.7293295601
v 0.007948334585 -0.4276592724 -0.699483892
v 0.116556128 -0.1005652656 -0.8158632296
v 0.3494654885 -0.7445145774 0.08989375894
v 0.1044855488 0.1302862791 0.7716699032
v 0.1701012095 -0.209195792 -0.784350532
v 0.01254344865 0.2691099601 0.754176822
v 0.4357868605 -0.5617372836 0.3610933617
v 0.1900053744 -0.5798273246 0.5456451448
v -0.7525660853 0.04988178135 0.2743505238
v 0.1105378879 -0.1269290802 0.7822483583
v 0.3630809829 -0.3182033817 -0.6643583833
v -0.05484031488 -0.3823067138 -0.6873105241
v -0.03205495901 -0.3437915389 -0.7240146745
v 0.4654292012 -0.3437391797 -0.5973057739
v -0.2098004701 0.6944483842 -0.4132459343
v 0.4185068217 -0.4257650156 -0.5421839578
v 0.2084655949 -0.7546541932 0.1201808889
v 0.5200659576 0.3492387975 0.4980803005
v 0.5188200065 -0.460603726 0.3751270438
v 0.5671463382 0.4353396472 -0.3785696355
v 0.1468151861 -0.3603873625 0.7094348718
v 0.3177653767 -0.3530052888 -0.6866900816
v -0.02711428145 -0.2391049646 -0.7629158827
v -0.8124214425 -0.04218858121 0.1851465825
v 0.2178832982 -0.7712416429 0.1265217248
v 0.3568872562 -0.4425524254 -0.5371817966
v -0.1920388583 0.7539377937 0.01115060535
v -0.6930835895 -0.07191138641 0.438320036
v -0.7492151594 -0.008007556187 -0.3129073
v -0.6235732888 -0.5345236982 -0.02306826886
v -0.6258941371 -0.5330735554 -0.02107059377
v 0.7599849922 -0.07737600374 0.2249542715
v 0.3950669691 -0.4205889994 -0.5633930187
v 0.5007780632 -0.4518477685 0.4380956993
v -0.5605755482 -0.5950309075 -0.08645548833
v 0.5192292244 -0.4740996616 0.3574168972
v -0.148339025 0.680011921 -0.4582045327
v -0.02051415489 0.3895397264 0.6960467836
v -0.4440557319 -0.3654296349 -0.5872647971
v 0.0232705329 -0.234816059 -0.7528546417
v 0.5545693549 0.2970917976 -0.4966625209
v 0.2868570592 -0.4602414734 -0.5655310719
v 0.2536687198 -0.3773271115 -0.6753936773
v 0.4609613894 -0.3709397722 -0.5715773764
v -0.4058008329 -0.3494630747 -0.6159471207
v 0.3915485356 -0.4949371722 0.4902720227
v 0.3936373587 -0.7174819395 0.08324145017
v 0.432071894 -0.3632698573 -0.5990805017
v 0.3732038807 -0.4349601403 -0.5628976183
v 0.6249817111 0.2104094246 -0.4650220395
v -0.2619979965 0.6883364594 -0.3697556866
v -0.1961946012 0.6872969053 -0.4357950556
v -0.2288727294 0.7187082223 -0.3633839031
v -0.1361298372 -0.09489019102 0.7997308306
v -0.253609745 0.760175297 0.01162023033
v -0.6648919579 -0.02248555542 0.4371723962
v 0.09410525825 -0.3359209486 -0.7459219567
v 0.3289159681 -0.7450538438 -0.02507167121
v 0.2706110019 -0.7568030341 -0.01195371258
v 0.006983326444 0.4408688865 0.6924184764
v 0.3514828504 -0.3198929104 -0.6703632058
v -0.1259236326 -0.1150059083 0.8108683993
v 0.01335787442 -0.2434056562 0.7386518726
v -0.604062488 -0.5448227456 0.0110084979
v 0.5491929018 0.25387464 0.5084845133
v -0.8036115167 0.009237657194 0.1849011769
v 0.1107516828 -0.3995067984 0.694861506
v -0.6341069839 -0.1855140055 -0.4497339132
v 0.7560601719 -0.0121721228 0.2772657692
v -0.1774954418 0.7080720141 -0.3935535006
v -0.6790315504 0.02827050376 0.3904952436
v 0.1092787428 0.3368003856 0.6956828026
v -0.6769221651 0.02600076858 0.3955861203
v -0.5733532068 -0.5854285913 -0.03193660707
v 0.3747627648 -0.5292468377 0.462782248
v 0.4547471005 -0.3557820222 -0.5631052073
v 0.8086599875 -0.07704785016 0.05743359019
v 0.816783493 -0.02305776239 0.06156017723
v 0.03057321858 0.396052078 0.6859646824
v -0.4158590938 -0.6821412129 -0.1219565182
v 0.7052662551 0.2856073235 -0.3570545552
v 0.3973148364 -0.3228647763 -0.6364435966
v 0.1348019651 -0.3455319367 -0.7485604763
v 0.223104432 -0.5905541854 0.5333272454
v 0.2397795692 0.2688359463 0.7199884735
v 0.2301324482 -0.5985447219 0.5161672721
v 0.2073287279 0.2333627127 0.7185855344
v 0.6268090663 0.4763586146 -0.2884561439
v 0.3136726018 0.359691555 -0.6574185462
v -0.4430082509 -0.3833606019 -0.5353635604
v 0.1072531634 0.3769276681 0.700591808
v -0.6854235981 -0.04955207442 0.4460007983
v -0.01658078376 -0.1619122477 -0.7734123274
v 0.6164952378 0.220418366 -0.4943116934
v 0.07425250638 -0.2446810202 -0.7761806572
v 0.2961416444 -0.4820495206 0.5666456036
v 0.2695691531 -0.3519237758 -0.6915456848
v -0.2428007099 0.7609097555 0.05703887388
v -0.2079137974 0.5146007591 0.5611342147
v 0.4300489296 0.3714067431 -0.5624528189
v 0.08687302051 -0.3851699278 -0.7268805109
v 0.08926693918 0.1970012361 0.7496521214
v 0.1240537822 -0.1416570202 0.7954263544
v -0.2194345385 0.5727166722 -0.5258755582
v -0.6363775889 0.3184778128 0.3747496527
v 0.5469709309 0.3964797721 -0.3995632104
v -0.5102770914 -0.6271589219 -0.148580497
v 0.7691426877 -0.07230595 0.1964163155
v 0.07676157346 0.3204408785 0.7065515724
v -0.1156196532 -0.06019781127 0.8320941484
v 0.4394891619 -0.451188079 0.4652300457
v 0.3661460344 -0.7214930615 0.03866910102
v -0.7958145034 -0.05674184672 0.1830347238
v 0.2028938455 0.2059090112 0.7484878828
v 0.1304426413 -0.09981667431 0.7924509124
v -0.5474943436 -0.6014252796 -0.04987626085
v 0.1037505986 -0.2963126982 -0.7618136883
v 0.5448736446 -0.4314184328 0.4209235675
v -0.6670639238 -0.04019519363 0.4390095557
v 0.3459549819 -0.4309338797 0.6171969458
v -0.007502266286 -0.4236166813 0.6878081297
v -0.2136315833 0.7666203297 0.0558465932
v 0.5298322946 0.3229337938 0.5079951921
v 0.2238225749 0.1756553321 0.737128123
v 0.4891908376 -0.4504298995 0.4513109755
v -0.594889058 -0.5751686418 -0.09934541218
v 0.4467036684 0.3209023066 -0.5846702627
v 0.5809988941 0.2646497176 0.4556714764
v 0.01444738407 -0.2360538745 -0.7702999232
v 0.7916164143 -0.07183093302 0.05421341689
v -0.262108198 -0.7475542092 0.01058553555
v 0.3422497303 -0.7260706278 0.0361485422
v -0.6099569302 -0.5569004545 0.1516922008
v 0.5886188935 0.4502619449 -0.317429557
v -0.7944910716 -0.08750891447 0.2376130269
v -0.4495377079 -0.6634641653 -0.1565926387
v 0.001176816303 -0.3934874929 0.6994158281
v 0.1753069516 -0.6189596045 0.5439117203
v 0.5102334042 0.3149580979 -0.498072165
v 0.5426340319 0.2845392207 0.490355553
v -0.6916605054 -0.1085392406 0.4541485314
v 0.07688756173 0.3351612493 0.7011677884
v 0.5204808971 0.3004667425 0.5405528079
v -0.3180040474 0.7513632255 -0.1117029013
v 0.568440983 0.4441660527 -0.3419595647
v -0.05101625688 -0.207425415 -0.7708552222
v 0.450113003 -0.3906205539 -0.5580765238
v 0.4198617227 -0.7072886235 -0.08564348198
v -0.5648898586 -0.2343845207 -0.500862845
v 0.6589709339 0.4157602462 -0.3031221291
v 0.009288163136 -0.2431877117 0.7580276183
v 0.2399386581 -0.7435566761 -0.04479042783
v -0.4158104597 -0.6597456824 -0.07837938025
v -0.3306582135 0.7463527202 -0.02710190501
v 0.169813562 0.1674531091 0.7482670029
v 0.1379322494 0.3164955258 0.7179869653
v 0.6253428909 0.1785079968 -0.48905915
v -0.01031539666 -0.1417192135 -0.7817176744
v -0.6644980574 0.01928635968 0.4642439831
v 0.7907424307 -0.05390412318 0.1329383578
v 0.4643226262 -0.5587658945 0.3028428406
v 0.2574437936 -0.4348475845 -0.6407609466
v -0.3272643752 0.7304791668 -0.08339797631
v 0.4373147523 -0.4634365139 -0.4897642552
v 0.3442006376 -0.4392702786 0.5742375907
v 0.3646053582 -0.5302767961 0.4374578832
v 0.6493186724 0.4047186941 -0.2924829409
v -0.4928824109 -0.6179743465 -0.1837391287
v 0.2954964081 -0.7395625999 0.1818212104
v 0.03642756997 -0.08386283138 -0.8098587051
v 0.4816573485 0.3420546575 0.5226245826
v 0.4183850279 -0.4072852162 -0.5331287754
v -0.5359791454 -0.5923966195 -0.1829491373
v 0.5401886183 0.2865521126 0.4919089241
v 0.1840389049 -0.631574613 0.5191451577
v 0.5757330001 0.4484880813 -0.3314744739
v -0.2756533935 0.7062559235 -0.3333503439
v -0.5468810532 -0.583453069 -0.1162419507
v 0.2073228573 0.2194756778 0.7236475942
v 0.1686213409 -0.2116632727 -0.8024558308
v 0.1672122183 -0.1494736421 -0.8056817742
v 0.2231877537 -0.766804436 0.01349136212
v -0.7263700613 0.08711911893 0.2734491836
v 0.38014786 -0.4492574658 -0.5431333361
v 0.002190204436 -0.2192415666 0.767534335
v -0.07716023459 -0.08542278087 0.8214575826
v 0.2102971966 -0.606389654 0.4916221855
v 0.4215342355 -0.3666164025 -0.5739678383
v 0.6120192906 0.2102176596 -0.4779326075
v 0.2439288603 0.2341497538 0.7127760232
v 0.5666139258 -0.3729340091 -0.4698597328
v -0.5621860763 -0.5972987112 -0.1731103706
v -0.5575387772 -0.596226496 -0.0701961773
v 0.446507344 -0.4647268674 0.4749585364
v -0.03899842055 -0.1169188499 -0.8056560863
v 0.4083757288 -0.5019949291 0.464670068
v 0.7917214306 -0.1932398854 0.04667800195
v 0.3231677263 -0.4344613724 -0.5683735449
v -0.02595522252 -0.3220441353 -0.7328616123
v 0.4245144455 -0.4589155085 0.5040429556
v 0.4795726379 -0.4484492515 -0.4772132876
v 0.5158651864 0.3168468715 0.4982934025
v 0.4944863829 -0.4651962521 -0.449509189
v -0.5131343454 -0.6046648715 -0.1486789125
v 0.3970183233 0.3478414311 -0.612996413
v 0.05747915859 -0.1277236608 0.802211945
v 0.3529215499 -0.7428566668 0.05719293032
v -0.6405999355 -0.5397833937 0.1234965164
v -0.02510681695 0.4302551478 0.70112875
v -0.4706395473 -0.6514648909 -0.1703143116
v -0.6597691054 -0.07551810329 0.4663177571
v -0.1033904618 -0.05276326293 0.8155470483
v -0.459455967 -0.3207251735 -0.6057458183
v -0.7017631688 0.1571106873 -0.3131398617
v -0.07781438124 -0.07816980956 0.8243069692
v 0.05297776558 -0.2920382905 -0.7557095116
v 0.02700215033 0.4347112481 0.6724142421
v 0.4964550809 -0.4201214027 -0.4671395305
v 0.6467219924 0.4451155204 -0.2641512478
v -0.1919757561 0.6787831946 -0.450860514
v 0.7301580982 -0.08791907851 0.3214550129
v 0.09029475194 0.1944543375 0.7504252011
v -0.1366312721 -0.09593337329 0.8185417412
v -0.03851802834 -0.3989063221 -0.6837235797
v -0.1914329583 0.6732585743 -0.4584782784
v 0.01491952532 -0.1086532938 0.8105240865
v 0.1948778744 -0.7531431385 -0.01784634155
v 0.00983517394 -0.3895371636 -0.6944352423
v 0.3971013172 0.4466688319 -0.508761835
v 0.7648390458 -0.01867027734 0.243151549
v -0.794668145 -0.06324701272 0.1876631146
v -0.5603656348 -0.5950564761 -0.08379779965
v 0.6040310189 0.1980634533 -0.5236784408
v 0.1315040688 -0.3226598694 -0.7371712143
v -0.08819418754 0.2699042279 0.7498601872
v -0.5674007137 -0.5888909703 -0.03015138026
v 0.06851661681 0.3742318425 0.7074193575
v 0.5335590025 0.3167750825 0.5083557163
v -0.5937038996 -0.5764354531 -0.1145174588
v 0.5465559318 0.3007471039 0.5048033999
v 0.5947162162 0.4492946864 -0.3121651828
v -0.2052560864 -0.8002251284 0.05994819268
v 0.05294422905 0.4266730311 0.6714292822
v 0.7144162622 -0.1167404355 0.3585504414
v -0.4913786871 -0.6062885714 0.1544635554
v -0.5204335146 -0.600262531 -0.1466537876
v -0.4937007572 -0.2833870513 -0.5920638394
v -0.3053882343 0.6760027659 -0.3089141178
v -0.7078935698 -0.1034838113 0.3783309648
v 0.3915178115 -0.7327241435 -0.02968066943
v 0.3846654085 -0.7197691134 0.1011708377
v 0.2183639623 -0.7662807849 -0.03508517767
v 0.1500179299 -0.2261228311 0.7618746598
v -0.5018618409 -0.6320927808 -0.1471080635
v -0.449946449 -0.3381203309 -0.6033440323
v 0.4261608233 -0.707337794 -0.0432811873
v 0.3845135163 -0.5180016303 0.4336187984
v -0.4253981141 -0.3025083619 -0.6306986328
v -0.9245677054 -0.3732830601 0.07401621226
v -0.2704087471 0.6857097407 -0.3648531776
v 0.5174466293 -0.4571100864 0.3809582497
v -0.526757558 -0.6173314346 -0.1470302847
v -0.8046338462 -0.1067518998 0.1827608291
v 0.4049620137 -0.4783600036 0.498337954
v 0.1901749233 -0.21119061 0.7669074557
v -0.4156286778 -0.3201411172 -0.6284410803
v -0.09398517789 0.2801348538 0.7470054365
v -0.1536783469 0.7791242426 0.0279507222
v 0.3529044743 -0.4434800197 -0.538876898
v -0.02412391512 -0.1524746378 0.7941718804
v 0.1694701581 -0.1393888142 0.7954013221
v 0.2530680051 -0.746808665 0.1480777955
v -0.4311466539 -0.6515445173 -0.1023227837
v -0.1750890815 0.7806931695 -0.1623858044
v -0.1955852444 0.6542388827 -0.4787835256
v -0.06899544823 0.2486797155 0.7546985062
v 0.4418362345 -0.4680470394 0.4752950415
v 0.3301105434 -0.4342957125 -0.5638856775
v 0.1894239852 -0.2300007309 0.759566864
v 0.07719042975 0.355127667 0.7130730131
v 0.6941647449 0.2317503966 -0.4091667781
v 0.5506745137 -0.4600566221 0.3444973295
v -0.4270084932 -0.6760422215 -0.135684546
v 0.7347839411 -0.07318949945 0.3142782634
v 0.2422666734 0.262894658 0.7217784591
v -0.706398369 -0.0907966786 0.4179131101
v -0.7955969015 0.03237574074 0.1520062961
v 0.6774321676 0.4309124235 -0.2733577562
v 0.7304472208 -0.0132021948 0.2998565215
v 0.2944945514 -0.4268231948 -0.6243529543
v 0.06295919386 -0.2911081929 -0.73832693
v -0.2959394195 0.7513433785 0.03143533602
v -0.5089554476 -0.5959302809 0.152810845
v -0.4990441916 -0.3983183321 -0.4833577543
v -0.08146959067 -0.07017326831 0.8275074631
v 0.1360216173 0.1658453227 0.773179587
v 0.2401861944 -0.7673599138 0.1418428252
v 0.8075113047 -0.1037393862 0.0455134281
v -0.1973393951 0.6884644816 -0.4331722407
v 0.08703269058 -0.3224578828 -0.7497615481
v -0.03163147422 -0.3396946516 -0.72557186
v 0.05905681692 -0.2734809209 0.7451819554
v -0.4985852668 -0.2337948321 -0.5916753029
v 0.3938470337 -0.2887261348 -0.6748294978
v -0.5838843987 -0.5602773067 -0.08290919159
v -0.0316154193 -0.1059533781 -0.7915390824
v 0.003198870034 -0.2263262034 0.7647435358
v -0.5325303553 -0.6153360653 -0.1853991551
v -0.2614228206 0.7588085951 0.006532611159
v 0.3989787964 0.3186028847 -0.6334225601
v -0.5364233489 -0.6074982256 -0.0366977396
v -0.0009323346013 0.261804056 0.7396451766
v 0.803129586 -0.1879824398 0.01049724561
v -0.5553907707 -0.5972824402 -0.06435082373
v 0.01080461255 -0.7881278705 -0.04643856762
v 0.1444356013 -0.2405565676 0.7563424106
v 0.6439964559 0.2255881688 -0.4346923547
v -0.7542734048 0.08092555617 0.2188939757
v -0.6558863632 -0.5120807851 0.06532496614
v 0.111893437 -0.135112231 -0.8025680588
v 0.6685329004 0.194475302 -0.4629077073
v 0.2869255403 -0.3521607777 -0.7082940562
v -0.2202184953 0.597050713 -0.4939019391
v -0.6278153036 -0.5490204176 0.07891101782
v 0.1757157075 -0.6172922174 0.5456479461
v 0.08082630623 -0.08743473404 0.7982892703
v 0.004456865763 0.4044592228 0.7060691649
v -0.6450159245 0.2792999683 0.4120405414
v -0.05259490979 -0.4118786363 0.6933039032
v 0.09170192268 -0.3197175355 -0.7322370574
v -0.6639416259 -0.5277914501 0.07387343151
v 0.3209360703 -0.7283015984 -0.02758851803
v 0.01969417882 -0.4196303233 0.6696120591
v 0.1297433472 0.1673201103 0.7735894605
v 0.1699139146 -0.1565427529 -0.8035130266
v 0.5867637645 0.4901770491 -0.3173222461
v -0.119854434 -0.1116162345 0.7928632295
v 0.5542641997 -0.4889099697 0.3379580086
v 0.612326651 0.2655878613 0.4121898708
v 0.1251065825 0.1619607328 0.7570145865
v 0.1981567432 -0.7524014684 -0.02127296769
v 0.4294543836 0.6542687426 0.1478082815
v 0.3701580802 -0.5752023758 0.3743822148
v 0.5192806001 -0.4623919235 0.3723807663
v -0.002437226906 -0.2587589409 -0.7594764499
v 0.5951018322 0.2162151661 -0.4900051311
v -0.243631185 0.742551452 0.05594289663
v 0.3645426882 -0.7215569533 0.03042349994
v 0.002373708938 -0.4249217263 0.6870994187
v 0.09724137604 -0.350905231 -0.7409338017
v 0.09175696385 -0.1274504814 0.8016304217
v 0.1059816213 -0.4190324099 -0.7174221898
v -0.6181546384 -0.5353672854 0.04062538349
v -0.01575714411 -0.3740381702 -0.6962221882
v 0.7598212693 -0.01321151019 0.2636883
v 0.7528509167 -0.07769786947 0.1842948747
v -0.6855637192 -0.08822030752 0.4183492377
v -0.2778361471 0.7561235273 -0.01032875278
v -0.672251443 0.01947322254 0.4073893981
v -0.4917204371 -0.2656543457 -0.5729070664
v 0.1629372741 0.2831389041 0.7263707467
v 0.02137689441 -0.1443449488 0.7772284362
v -0.4757922895 -0.6278866455 -0.177848501
v 0.1529421004 0.4486048688 -0.6809942287
v -0.1858749617 0.7785368189 -0.1604587822
v -0.03025979007 0.3824982106 0.7000835934
v 0.002825293787 0.232852576 0.7688571709
v 0.6073840904 0.2322306584 0.4483543673
v -0.09946097779 -0.1133175344 0.7917883919
v -0.7081517597 -0.09232676817 0.4148878718
v 0.09001848815 0.2085694341 0.7645503106
v -0.5392106913 -0.5904350437 -0.181715017
v 0.3873419832 -0.446129476 -0.5416055337
v 0.0747745259 -0.08713421279 0.7985283284
v -0.0043430607 0.2264051891 0.7530608599
v 0.1188872201 -0.4046450874 -0.705385665
v -0.544842235 -0.5848514784 -0.1213461482
v 0.02799819596 -0.4261824583 0.6860918105
v 0.544016528 0.4718010443 -0.3448794887
v -0.07757640339 -0.07937661045 0.8238302834
v 0.1892752667 -0.195329364 0.7731280324
v -0.4709592749 -0.4311516604 -0.4926269328
v -0.01945822367 -0.1714020081 -0.7887472104
v 0.1140494673 -0.4128895225 -0.7208786088
v -0.5152965964 -0.624190632 -0.1487765681
v -0.02686143698 -0.3875794618 0.7022892933
v -0.8123087378 -0.03662712031 0.1834118467
v 0.7037491212 -0.1355307466 0.3190781102
v -0.7514218129 -0.1439108626 0.3451131827
v -0.01458760944 0.3928356409 0.6939512852
v 0.172458444 0.1691422504 0.7472522426
v 0.4010992078 -0.4827707776 0.4964808284
v -0.07438153428 0.2620753581 0.7698568522
v 0.2860326038 -0.7312227442 -0.1562765766
v 0.3250616255 -0.4758796044 0.5461131289
v 0.3650828486 -0.5834024085 0.4028521218
v -0.4422596373 -0.6454540487 -0.1157000395
v 0.7899585037 -0.05476700239 0.1351262223
v 0.3818348855 -0.300793652 -0.6988064117
v 0.5411593337 0.306606173 0.5069808491
v -0.796480004 -0.1317435441 0.2491893157
v -0.2852736494 0.7550137637 -0.02152044624
v -0.6688045005 -0.04904216501 0.4385943181
v 0.818348367 -0.09458258475 0.01362002125
v 0.3485119679 -0.7262727931 0.08335054167
v 0.4503457732 0.3739452529 -0.5119393826
v 0.3800449297 -0.4311052017 -0.562374742
v 0.005527673859 0.2274448624 0.7511925591
v 0.4031990272 -0.3939451959 -0.5574172813
v 0.2289690143 -0.6054678112 0.5084331971
v 0.1176081013 0.1254195603 0.7714634466
v -0.6539314031 -0.536229766 0.006538570755
v 0.05863253497 0.2364226236 0.7591351767
v 0.07737378362 -0.2750300305 0.7442083196
v 0.7597135709 -0.05051904613 0.1768165609
v -0.03055728472 -0.3340426648 -0.7277938905
v -0.08559569718 -0.06594435817 0.8292440465
v 0.1389650538 -0.2713622081 0.7251969721
v 0.1457895934 -0.2480129186 -0.7857617555
v -0.09099563293 -0.06253168603 0.8306869776
v 0.6887050893 0.2190193755 -0.4242773542
v -0.4625997807 -0.2588094525 -0.6186035801
v 0.7383370323 -0.02949878881 0.3280260414
v -0.3158720735 0.5431762188 -0.4689245394
v 0.220782794 -0.7673718339 0.01677948293
v 0.605049236 -0.3374759289 -0.4727045897
v -0.4184084211 -0.3688725841 -0.6191521443
v 0.6997851433 -0.1900063429 0.3003304657
v 0.04156537473 -0.1337865641 0.8001606703
v -0.5353526833 -0.4945200274 -0.3115104104
v 0.3710947934 -0.7328907868 -0.1561981868
v -0.5275796294 -0.6168346038 -0.1467749109
v 0.4036292245 0.3171146869 -0.6299812201
v 0.8029339768 -0.05379120235 0.09099803931
v -0.5256190669 -0.6120859837 0.01216761457
v 0.7190817394 -0.1520486573 0.3214711051
v 0.4652964408 -0.3551663478 -0.5853256908
v -0.6659290684 -0.03279779139 0.4387049369
v 0.01524023721 -0.3980128193 -0.7113896531
v 0.5518129452 -0.4471058833 0.3599860119
v -0.08587993256 -0.1048997061 0.7948074615
v 0.07417834831 0.3638732242 0.7103402053
v -0.785539177 -0.08320507889 0.2132750971
v -0.80943265 -0.06467062578 0.199163651
v -0.1302333984 -0.07089576198 0.8282041348
v 0.3464064269 -0.7255474535 0.04565262909
v -0.2952595254 0.7546211744 -0.07297273198
v 0.1727363319 -0.1978508877 -0.7888830998
v 0.4242207932 -0.3481820784 -0.5916337017
v 0.6562003989 0.3884146156 -0.2981731615
v 0.734013901 -0.07531745779 0.3156657361
v 0.1667244915 -0.6135031673 0.5253566156
v 0.002053328343 -0.2072823884 0.7722136993
v 0.376959912 -0.7153276749 -0.09611941664
v 0.1344724183 -0.1748255573 -0.791500938
v 0.359369354 -0.4808986326 -0.495013908
v 0.2259896088 -0.6107824584 0.5045480112
v 0.3967817088 -0.5217582577 0.4507284986
v -0.429319418 -0.4118213005 -0.5663906917
v -0.8273530677 -0.08037595646 0.1682682221
v 0.6618658554 0.295583425 -0.3635760555
v 0.3598583771 -0.7179848495 -0.1184682799
v 0.2921737627 -0.3850025097 -0.6700822485
v 0.5290005083 0.3992394896 0.4417939776
v 0.15557989 0.3121674179 0.697673821
v -0.4312117676 -0.4167839465 -0.5219308909
v 0.01523250216 -0.09102607395 -0.8232773088
v 0.4237699145 -0.4920637367 -0.4686251654
v 0.3687008449 -0.721032587 0.03989854643
v -0.4455526314 -0.3417592172 0.56981886
v 0.01819703162 -0.2487870413 0.7364502851
v 0.07749517519 -0.3932399715 -0.7225240033
v 0.02972481487 -0.1353825049 0.7805655347
v 0.3942807772 -0.4080498624 0.5990120205
v -0.7370976373 -0.02162604737 -0.2977112269
v -0.5736793414 -0.5900598578 -0.1616698817
v -0.02111939364 0.3935768939 0.7138944885
v 0.5275221744 0.327327373 0.5072635349
v 0.177638528 0.278549358 0.7258250434
v 0.3368114416 -0.7208070583 -0.1737801922
v 0.4156981125 -0.57586883 0.3287353782
v 0.6095121307 0.4435998765 -0.3019501723
v 0.1999364029 -0.7736116617 0.08917116842
v -0.8010848674 -0.128570392 0.2387047017
v 0.1847294377 0.1419431181 0.7745411036
v 0.412437273 -0.3302937259 -0.6184410492
v -0.2909370497 0.7542534982 -0.03285895653
v 0.3090831452 0.6266186423 -0.486423521
v -0.6856796424 0.0779444149 0.3594342293
v -0.4956940703 -0.6149915141 -0.148350215
v 0.09234750919 0.3951145304 0.6769851331
v -0.7653044671 0.07425027881 0.1988194127
v -0.2774070226 0.7381185364 -0.01502245094
v -0.4822561858 -0.6116930368 0.1545560108
v 0.4221122721 -0.4652248604 -0.4980854262
v 0.04143448059 -0.09011026566 -0.8275651565
v -0.3147171326 -0.2659916555 -0.6904867605
v 0.03422775191 0.4333447547 0.6718219907
v 0.526410146 -0.4409251197 -0.4537041492
v 0.1736485642 0.3102911306 0.6956311288
v -0.6733579882 0.05245962383 0.4345122118
v -0.0008644324366 0.3978099686 0.6900677086
v 0.1110506991 0.3592441033 0.7064635423
v 0.4305178673 -0.3742536563 -0.5885231451
v 0.000873264737 -0.1324091937 -0.806027279
v -0.1831338098 0.6683380064 -0.4389588057
v -0.1303481147 0.765928426 0.01151184194
v -0.7282629176 -0.1019357969 0.3773844771
v 0.1432827018 -0.1134471583 0.8060716218
v 0.4185558433 0.3601752439 -0.5537714515
v 0.3562499765 -0.3323368055 -0.6826736551
v -0.5548943571 -0.5951867035 -8.341364906e-05
v 0.5262258013 -0.4105035307 -0.4859589342
v 0.1351809952 -0.1085741591 0.8081399423
v -0.4419386581 -0.4239873077 -0.5384692893
v 0.04493371891 -0.433102359 -0.7030813856
v -0.8177452683 -0.1094007676 0.1980556456
v -0.0008103089585 -0.09421485635 -0.8196940597
v 0.2219418474 0.1758619824 0.7565643038
v -0.6540529884 -0.5127247699 0.07723510042
v -0.04314081666 0.2837822034 0.7572318904
v 0.01866952489 0.4052384414 0.7036405587
v -0.8080173736 -0.06878340411 0.2034940238
v 0.1837578731 -0.620769437 0.4992845013
v 0.4305544323 0.3899138097 -0.5478038795
v 0.2301699221 -0.6009471634 0.5130494443
v 0.3228775308 -0.4451704126 -0.585912757
v -0.3074318205 0.7538647233 -0.1264659536
v 0.1001053201 0.1399701438 0.7880292613
v 0.4898105053 -0.4094308089 0.4692861363
v -0.1359197748 -0.08597667182 0.8224210267
v 0.1617499999 -0.7632746486 0.104349123
v 0.06641238697 -0.3016478779 -0.7542345154
v -0.0775820282 -0.08084190669 0.8040485979
v 0.6427093208 0.1866740422 -0.4943010547
v 0.2158612129 -0.7685649192 0.02457257558
v 0.6380697102 0.4406040512 -0.3047069395
v -0.7962649649 -0.052413858 0.1805903234
v -0.5924915037 -0.5520478909 0.001176078397
v 0.4655942949 -0.3522409704 -0.5882154271
v -0.01536615191 -0.3089268425 -0.7392404883
v 0.4905846876 0.3694157246 0.5204154854
v 0.3513934495 -0.7194065628 -0.1259964794
v -0.06566602326 0.3168640067 0.7293464271
v 0.5026237753 -0.4426223667 -0.43923127
v 0.1506239491 -0.1188658906 0.8038052485
v 0.6467630572 0.2243686954 -0.4614868881
v 0.4487278546 0.3316184094 -0.5458968979
v 0.06678208965 0.3766796699 0.7067889617
v 0.7890283764 -0.2426718087 0.02655148393
v 0.0715896101 0.3691895105 0.7087933307
v -0.4089035818 -0.3372706346 -0.6224820311
v -0.2092830175 0.5981902173 -0.5371837038
v 0.4743563912 -0.4385671104 0.4471210218
v 0.7462101555 -0.0131552295 0.2455711108
v 0.5268794413 -0.4919583926 0.3609836667
v 0.5092558943 0.3329433313 0.4930882416
v 0.6015446001 0.4471863441 -0.3070534459
v 0.00791649202 -0.3877474462 0.6823163494
v -0.03695871956 -0.2210195128 0.7484164216
v -0.07140998871 -0.3431319686 -0.71831608
v 0.1752358629 -0.290165013 0.7171157234
v -0.4392036749 -0.3220372812 -0.594663857
v 0.08971840645 -0.4056125843 0.673687371
v 0.1485742389 -0.2455031065 -0.7870968095
v 0.09652043199 0.1421551474 0.787773813
v 0.5755064582 0.253875981 0.5067463803
v 0.1922322772 -0.5787250707 0.5448684295
v 0.7884028082 -0.023257404 0.1592306815
v 0.1654047102 0.3115968611 0.6963992021
v -0.2769478296 0.5640025245 -0.5144848061
v 0.3772987416 -0.7318231609 -0.1515340804
v -0.1126472434 -0.1198928391 0.8086907117
v 0.7198235884 -0.1453988964 0.3228707364
v 0.7558541921 -0.06487576368 0.1815743148
v 0.5756616582 -0.3819791488 -0.4828850618
v -0.08974975638 0.2827768899 0.7646311886
v 0.426681107 0.3598957765 -0.574570639
v 0.6376985771 0.1784514954 -0.4769359063
v 0.1436975221 0.3173403944 0.7168091974
v 0.5238557824 -0.4134779595 0.4306097417
v -0.2825313353 0.5482167628 -0.4952461716
v 0.4948991172 -0.4508031186 0.4452177951
v -0.8100164382 -0.06259288097 0.197242857
v -0.02648916403 -0.3227765078 -0.7132861449
v 0.4665686161 -0.4397362363 0.4532815509
v -0.8071665747 -0.07082877833 0.2059465447
v 0.02089564917 0.39859771 0.686497214
v 0.2974609639 -0.7517502123 -0.006114615684
v -0.05888693279 -0.1779687899 -0.7804036594
v -0.6570458337 -0.06600002516 0.4684943719
v 0.7119451607 -0.05063567337 0.3413395096
v -0.2013616177 0.6415857298 -0.4893282766
v -0.2182918604 0.7486285701 0.0178526201
v 0.4456936167 -0.4248731816 0.492874633
v 0.0390175598 -0.2999871959 0.7352191746
v 0.4769398697 -0.528564053 0.3291646517
v 0.2829335501 -0.7533965604 -0.04538290274
v 0.3729536177 -0.3181036996 -0.6578331878
v 0.3438669337 -0.7438726786 0.03237966321
v 0.1663463702 0.3178251859 0.7132149818
v 0.1381500301 -0.3637801578 -0.7231868814
v 0.1797236558 -0.7789285142 0.1350138751
v -0.1653321017 0.6540724778 -0.508745862
v -0.2324194136 0.7458978483 0.01726717435
v -0.01096752527 -0.4217636383 -0.698778161
v 0.711632913 -0.1343262031 0.3576795869
v -0.1824203159 0.6649889281 -0.4439548281
v -0.3155014172 0.7482872969 0.006555104341
v 0.008158075701 -0.1696290385 0.767606571
v 0.7347386446 -0.03740474083 0.3357216442
v 0.165092984 -0.2220142919 -0.7981506393
v 0.04356504645 -0.3929229558 0.6987853131
v -0.605601257 -0.5438384413 0.01294585996
v -0.09552435656 0.2835881736 0.7459791733
v 0.1305601588 -0.2001247111 -0.8009175387
v -0.006115258253 -0.2061313812 -0.7588749008
v -0.01972368858 -0.3785766386 -0.7131972804
v 0.7395834601 -0.06241516681 0.3041503293
v -0.4522093655 -0.6399035618 -0.1250522416
v -0.311838333 0.3910322452 0.6218500857
v -0.08671194237 -0.1058777523 0.7944416924
v 0.8008132674 -0.1986006337 0.01216187335
v 0.3886358233 -0.4254660588 -0.5625611132
v -0.5972157471 -0.5212514736 -0.2411786044
v 0.1961840668 0.19574335 0.7532052126
v 0.02578307357 0.4042087512 0.7029424566
v 0.1108253194 0.3295405528 0.7173230144
v 0.6110398139 0.181737546 -0.5006738515
v -0.3105803427 0.5665129624 -0.4442040481
v -0.03348782879 -0.4119140391 0.6736975031
v 0.1800747035 -0.6089540305 0.5520537616
v 0.7512902743 -0.02618873591 0.2203137073
v 0.1858611642 -0.6205750794 0.4974650433
v 0.06981201403 0.4166560138 0.6725347545
v -0.1325345636 -0.07498364959 0.8266518366
v -0.2973046016 0.6753558011 -0.3516823039
v -0.4253450994 -0.3394625071 -0.6356611
v -0.6293538937 -0.5491285927 0.05147468626
v 0.3052733839 -0.4296069016 -0.585518618
v -0.4377308243 -0.3213105112 0.5645723363
v -0.1345038576 -0.080107776 0.8246875788
v 0.06153597938 0.1729228223 0.7626118599
v -0.02687365138 -0.2744063696 -0.7500857159
v 0.4568031432 -0.4425407734 0.4592900091
v -0.06223803003 0.4004911027 0.7175791183
v -0.06448508904 -0.364961323 -0.6921769746
v -0.2270045181 0.7469323959 0.01789318764
v 0.3331556287 -0.4562031735 0.563385807
v -0.7842783258 0.07453052094 0.2011583498
v 0.7867224282 -0.2130556774 0.05211482676
v -0.1364167844 -0.09365778421 0.8002185425
v -0.7871716977 0.0719621289 0.1961817126
v 0.1593727396 0.1313383195 0.7822320874
v 0.3650587998 -0.4402062468 -0.5341717863
v -0.2118681499 0.6259428308 -0.4990553667
v -0.6804966529 -0.01387234049 0.4434199125
v 0.4901660528 0.3736770203 0.5172252428
v -0.1853437563 0.6001103706 0.5146368473
v -0.06297032428 0.3203828573 0.746884924
v -0.2220768875 0.6955110634 -0.399811447
v 0.738159184 -0.05373302096 0.2491732235
v 0.5195143538 0.2785676256 0.5271032119
v 0.5291026638 -0.4806427373 0.3733085692
v 0.4682348409 -0.4790484504 -0.4525091566
v -0.1222155127 -0.06311694926 0.8310850502
v 0.2512333191 -0.7606802931 -0.008510642262
v 0.5048679176 -0.4582638055 -0.4498589851
v -0.05898316917 -0.1698823113 -0.7833364869
v -0.717898369 -0.2392435212 -0.288211245
v 0.3888050295 -0.7142838892 -0.05418761355
v 0.5142770681 0.4353851225 0.3958550383
v 0.3331569399 -0.5064811277 0.5329003262
v 0.1388379107 -0.3530816968 -0.7271899573
v 0.3211102233 -0.4446819557 -0.5876156064
v 0.4516321633 0.3639820549 -0.518290902
v -0.1937292065 0.6266319928 -0.4820184687
v 0.1596060611 -0.7634102997 0.09499137053
v 0.2119211348 -0.6046685072 0.4922321383
v -0.02752462989 -0.7961799744 -0.02691490619
v -0.03930530789 -0.2164904316 -0.7500906628
v 0.425229504 -0.7070371685 -0.05928587702
v -0.3047182935 0.6551688313 -0.3362876117
v 0.7761696609 -0.0870683243 0.1634222742
v -0.7894296674 0.001414273921 0.1754812685
v 0.1544119859 0.1302516213 0.7833766578
v -0.6667446433 0.03342288273 0.454683298
v 0.5602704526 0.2462554601 -0.5013334516
v 0.1636269576 -0.2252094665 -0.7967648652
v -0.2081098686 0.7688939147 0.01603391823
v 0.1129114306 -0.3370729691 0.7000239928
v 0.3361824464 -0.4818632687 0.5614953348
v 0.2919503497 -0.5060114152 0.5400385141
v 0.1114867373 0.3364953497 0.714688488
v 0.3970467826 -0.4245674006 -0.5292062795
v 0.5726375225 0.48172279 -0.3091102933
v 0.4268128839 0.410067731 -0.5360779334
v -0.06005565633 0.241811727 0.7558525531
v 0.5327429507 0.4460488066 -0.4042576833
v 0.003758679839 -0.1858754832 0.7613417706
v 0.6372399503 0.4222015836 -0.2910088387
v 0.294726368 -0.7477772347 -0.1557109517
v 0.5265615316 0.2566353707 -0.5265894545
v 0.3268112018 -0.3194926028 -0.7160106683
v -0.2589234685 0.7115811201 -0.3429730137
v 0.5309693553 0.248283714 -0.5286350075
v -0.7041604251 0.03828141014 0.3768813882
v 0.3943936012 -0.4944076802 -0.4858786521
v 0.7915006698 -0.007977018317 0.0925972358
v 0.4790263684 0.3531291389 0.5164343425
v 0.7722422778 -0.05279015399 0.1322962207
v -0.2331770716 0.7639530229 0.01816880328
v 0.3942927272 -0.4425868149 -0.5406791016
v -0.01595750278 -0.1579974701 -0.7749332161
v 0.5040223635 0.3262744088 0.5401884097
v -0.2785446495 0.7361696556 0.04232175508
v -0.1626290644 0.6609733361 -0.5025549664
v 0.7806072254 -0.07312474337 0.1564267105
v 0.6590692153 0.2417977804 -0.4360423088
v 0.1346633787 -0.1806483893 -0.7894074661
v 0.04808225226 -0.3854103567 0.6824236305
v 0.01854179702 0.4415983088 0.6904085645
v -0.04155380476 0.3716257754 0.705750242
v -0.5708281072 -0.5706272531 -0.1530923238
v -0.5128343158 -0.6256491785 -0.1487478406
v 0.1320295973 -0.1898744318 -0.8048752585
v 0.2229476973 -0.7703923936 0.1310686267
v 0.4273685406 -0.4369462715 0.4954158248
v -0.01645691318 -0.3063439899 -0.7207893867
v 0.4210360338 -0.7097613938 0.004052451316
v 0.07932040706 -0.3920137483 -0.7232463628
v -0.1801563861 0.7184325694 -0.4116416344
v -0.01232822521 -0.1948279589 -0.7620570973
v 0.1092793909 0.3426693485 0.6935437958
v 0.5789476194 0.4813325251 -0.3031951995
v 0.02757206639 -0.1373860395 0.779825295
v 0.559768973 -0.4508910593 0.3813004765
v -0.09903821566 0.3363243257 0.7272897884
v -0.5835599925 -0.5794613768 -0.03418230644
v -0.6473725332 -0.5159360515 0.09737460579
v 0.1963005413 0.1932958653 0.7348519752
v -0.02687170132 0.3851822949 0.6985941739
v 0.02386868848 -0.4243924728 -0.6838492178
v -0.6004137378 -0.5638007168 0.1182701674
v 0.736440302 -0.009537795694 0.2813863477
v 0.08444474952 0.4043572462 0.6748090548
v -0.2445259841 0.7663742983 -0.1354850031
v 0.1024000634 -0.3517284646 0.694504081
v -0.01606598151 -0.1550657601 -0.7952132225
v 0.7593411862 -0.1041563075 0.2112418218
v 0.2976584505 -0.477868656 0.5705154125
v 0.0331234343 0.4401751353 0.6887269329
v 0.4421180858 -0.4269637927 0.4937103827
v -0.1366346843 -0.08186717898 0.8048335381
v 0.1453535851 -0.2443571951 -0.7678005114
v 0.7281953901 -0.01564966742 0.306159526
v -0.5731303601 -0.4498403003 -0.2994964444
v -0.01836862741 -0.261799437 0.7320961019
v 0.4920353668 -0.559278579 0.3089217467
v -0.03982767756 -0.2826471989 -0.745127242
v 0.134782729 -0.3749589105 -0.7378321852
v -0.2551865391 0.7457899115 -0.1261685166
v 0.1041770113 0.1750312689 0.7554091841
v -0.2041870598 0.7696914902 0.01489294251
v 0.5747154983 0.2300008799 -0.4995383702
v -0.6483160111 0.01280834828 0.4584163831
v 0.4785608875 -0.4262116924 0.4928246281
v 0.1308522466 -0.2008653978 -0.7814637757
v -0.6193377108 -0.5333581484 0.07579241516
v 0.410093091 -0.5610423403 0.3872563967
v 0.3413822134 -0.7211363517 -0.1332931753
v 0.05311032109 0.3824928764 0.6875056565
v 0.0381343456 0.2717313148 0.7301323209
v 0.3234381045 -0.4873012594 0.5330624399
v 0.7462626637 -0.01728418288 0.3079834243
v 0.3846756896 -0.7124528984 -0.1416803539
v -0.8049502659 0.0486112227 0.1682744802
v -0.2286950153 0.7636385104 0.05754995296
v 0.5425662064 0.2943781812 -0.4819704604
v 0.5646021068 0.2084001385 -0.526013474
v -0.05903961096 -0.3009743611 -0.7163203531
v 0.5041338167 -0.549977544 0.308949908
v 0.6023481953 0.2325020946 0.4549714074
v 0.7527989449 -0.03915833275 0.2074000401
v 0.0006776483293 -0.2989194209 -0.7453090239
v 0.3368478277 -0.5178532248 0.5146860178
v 0.2114985813 -0.7494701309 -0.03233553639
v -0.4777421239 -0.6459895603 -0.1363024853
v 0.7661504384 -0.06385452934 0.1467047908
v 0.3832453641 -0.5771257475 0.3590432492
v 0.3441264944 0.3798090603 -0.6406348317
v -0.17461846 0.7563784392 0.04263018086
v 0.2435000934 0.2406302936 0.7104788959
v 0.3404936873 -0.4719026336 0.5700287734
v 0.508381136 -0.4470452396 0.4027823891
v 0.05986881955 -0.4270830834 -0.6883012653
v -0.5332255966 -0.6134012502 -0.1444533772
v -0.07826860504 -0.0945492978 0.8179109282
v 0.3685551512 -0.4532232615 -0.546730353
v 0.5645543071 -0.3762927128 -0.4676955149
v -0.01835683766 -0.1897943435 -0.7822099159
v 0.4461198803 -0.4615923216 -0.4857985787
v 0.1215334431 -0.3160821061 -0.7572918486
v -0.2081512314 0.6076788155 -0.4921399063
v 0.1800996166 0.2773360681 0.7258959086
v 0.54466391 0.3026974151 0.5056584305
v 0.2026812798 0.2475224651 0.7141262753
v 0.1750348151 -0.7578921163 0.01153140398
v 0.2886122678 -0.4147343108 -0.6410716446
v 0.3027192587 0.3716497646 -0.6590605434
v -0.03514444676 -0.2295780879 0.7450331326
v -0.8066677771 0.04540613953 0.1659136697
v -0.1338724337 -0.07821802646 0.8254139316
v 0.1658180703 -0.6099693867 0.530780034
v -0.6798708464 -0.1171844452 0.4401542155
v -0.1518203273 0.7561651882 0.1969250218
v -0.4658126716 -0.4310886327 -0.499691067
v -0.6526750815 0.0374729165 0.4408420961
v 0.4043480677 -0.2900252496 -0.6664048899
v 0.3940565895 0.338341479 -0.5945903694
v -0.4305329463 -0.2948453607 -0.630468932
v -0.0328447455 -0.2244851252 -0.7481517353
v -0.09436084807 0.3503674843 0.721465973
v -0.447425432 -0.3447826972 -0.6008973671
v 0.0381007532 -0.3872244805 0.6819147008
v -0.1696671382 0.7131670927 -0.4287077666
v -0.7029995838 -0.1230097953 0.4362002802
v 0.7979142334 -0.05083792809 0.11005107
v -0.006031601327 -0.1383987137 -0.8028022892
v 0.4391955096 0.4116023278 -0.4941251733
v 0.7894337202 -0.1111060681 0.03837047955
v -0.6149298274 -0.5354953671 0.0885867843
v 0.7813673121 -0.03900056617 0.1741072506
v -0.3267389361 0.6597615362 -0.3427348496
v 0.3566569296 -0.7354201181 -0.1655696549
v 0.137225088 -0.3667539309 0.6879289998
v -0.1313771493 -0.06566291658 0.8110646641
v 0.3778333294 -0.4159531138 -0.5512083267
v -0.01459243989 -0.26841156 -0.7541240158
v 0.737433904 -0.06672303288 0.3089941316
v -0.7756617444 0.02914274586 0.193686741
v 0.1290131799 0.3092058331 0.7027618667
v -0.3285315143 0.7287049158 -0.03268883027
v -0.2926939271 0.7553939561 -0.08205538285
v 0.238308596 0.2717483308 0.7191490583
v 0.1319382296 -0.1622658582 -0.795696226
v 0.7621090392 -0.04275919758 0.173178956
v 0.7699743548 -0.04827705317 0.2078448693
v 0.5377941036 -0.5151868121 0.3204592951
v -0.7233837721 -0.1378321502 0.3999828285
v -0.2360512074 0.7511150485 -0.1793591384
v -0.08241608583 -0.06290158241 0.8111612767
v -0.2750039851 0.7367906941 0.04457198037
v 0.1337839566 -0.1695261678 -0.7933285316
v 0.3536833055 -0.7429033341 0.06366742808
v -0.1005112525 -0.05316793254 0.815330996
v -0.0322759842 -0.2440352474 0.758530886
v 0.09392775269 0.1980837622 0.7677819756
v 0.08833599233 0.1996790772 0.7488166398
v 0.484127705 -0.4712670525 -0.4500541771
v 0.1515088097 -0.352819007 0.7123002314
v -0.6247902143 0.2528684324 0.4214820849
v 0.7419662335 -0.1060627899 0.2049258692
v 0.2153657827 -0.7548040887 0.1697729144
v -0.2354489878 0.5872842567 -0.4914485391
v 0.7544426109 -0.0558419071 0.2568613167
v 0.1437510137 -0.1664310478 0.785342942
v 0.1613715955 -0.7806821433 0.07457756074
v 0.2470874252 -0.4085273528 -0.6468602957
v 0.164522457 -0.2222408637 -0.778754093
v -0.02137624812 -0.1470847746 0.7962244067
v -0.5514214883 -0.5993325825 -0.05620421184
v 0.6219521518 -0.3013445107 -0.4100663006
v -0.501510972 -0.2493058349 -0.6115054438
v -0.6687332181 -0.09857792004 0.4562322288
v 0.551581218 -0.4442661519 0.3638557016
v -0.5873893922 -0.5810190987 -0.1371115786
v 0.633510322 0.426172058 -0.2916453435
v -0.5867492219 -0.5764241886 -0.003351229019
v -0.3213446624 0.7294600557 -0.01134677521
v 0.1884483081 -0.7729844247 -0.005935309534
v -0.2937589903 0.7550893373 -0.0788232708
v -0.05603287122 -0.1757690799 -0.7624082046
v 0.3356691956 -0.340499856 -0.6878739884
v 0.4237849338 -0.2952049014 -0.6478804199
v 0.02156482636 -0.2886096156 0.7208100085
v 0.3374615354 0.5918550882 -0.456474565
v 0.7186144705 -0.0682341173 0.3078906261
v 0.2073145579 -0.5887711135 0.5511444944
v -0.431120072 -0.3440673408 -0.5862298323
v 0.1583273446 -0.7633678044 0.08531224406
v 0.631880841 0.4573964376 -0.2693747657
v -0.01007162638 -0.2703078433 0.7286023133
v 0.3327954919 -0.7317507461 0.163614516
v 0.4809302209 -0.5442350835 0.3391368195
v 0.06361515088 -0.2741725266 0.7448200008
v -0.06488493473 -0.3137573837 -0.7300070404
v 0.116225501 0.1736852931 0.7733093971
v -0.4544386971 -0.3895597224 -0.5143269241
v -0.7639071305 0.2322183509 0.1458761186
v 0.1205701406 -0.3304622169 0.7216642047
v 0.5153770573 -0.4536983083 0.3873692206
v -0.3646043748 0.5696080228 0.3978265078
v 0.446930419 -0.4474631294 -0.4715222028
v 0.5079498659 -0.4384762195 -0.440033405
v 0.5678247721 0.2429318462 0.4927727159
v -0.4530251491 -0.3310291082 0.5706670961
v -0.1236745658 -0.1163247881 0.8103074382
v -0.04781419472 0.08622434966 -0.799439324
v 0.759391668 -0.07047487727 0.2311040874
v 0.3374019347 -0.4786737115 0.5643862631
v 0.1288860667 -0.2547115519 -0.7615414923
v 0.4590904364 0.3933363159 -0.517087923
v -0.3628450538 0.5615261186 0.4361960486
v -0.2683125336 0.7442383881 -0.1594297029
v 0.7943288983 -0.1819795692 0.04439198276
v 0.1722521961 -0.1436525236 0.7936780892
v 0.5031815775 -0.530633029 0.3007006154
v 0.1888090707 0.2638608736 0.7102649893
v -0.011379265 0.4363888268 0.6968220089
v 0.1520988708 -0.2001461524 0.7719910313
v 0.2991992459 -0.7503739743 -0.0405715008
v 0.2959790837 -0.3558483577 -0.6696637329
v 0.4963048575 -0.5325391762 0.339013923
v 0.4177763863 -0.3971911949 -0.5728539026
v -0.6181859884 -0.5588237071 -0.03120172951
v 0.3408325765 -0.4439447258 0.5715556222
v 0.2039421757 0.2982114549 0.6954625187
v 0.4640662541 -0.4403178788 0.4549968867
v 0.1199479548 -0.2167811932 -0.7740173333
v 0.2173897752 -0.5977294449 0.4957521511
v -0.421913206 -0.3499223273 -0.6311035594
v 0.4717334274 -0.452445682 -0.4782571329
v 0.244937884 0.2534851201 0.7248046807
v -0.3295977694 0.5650793886 -0.4273418991
v -0.01794040065 -0.7949377186 -0.006192435474
v -0.5360688444 -0.5872965941 -0.04723933553
v 0.1339356104 0.1662368839 0.773351654
v 0.1190321316 -0.1090919991 -0.8323569275
v 0.1235218615 -0.2618384456 0.7484401427
v -0.4044322535 -0.3735636897 -0.5965415747
v 0.5395473752 0.2797678332 0.5328583077
v 0.4190731171 0.3141389171 -0.617049315
v 0.09312374027 -0.3334378376 -0.7466788846
v 0.207808647 -0.6088277963 0.4909430662
v 0.6434818641 0.1795176165 -0.4704259387
v 0.03432625684 -0.1316688496 0.781925323
v 0.4880247514 -0.4265862526 -0.4659732059
v 0.421033173 0.4271776696 -0.5286863236
v -0.5471620105 -0.6046970559 -0.132556735
v 0.4566610255 -0.3494049939 -0.5685552076
v 0.3831820086 -0.5326073593 0.416197536
v -0.1487781624 0.6827907405 -0.4542094433
v 0.006794313309 -0.1814909782 0.7822041347
v 0.4095984655 -0.4937653047 -0.4763455323
v -0.4731353831 -0.2797458405 -0.5857796092
v 0.4279365047 0.4058065843 -0.5382296948
v 0.4215317918 -0.7282508186 0.01585832921
v 0.2137291346 0.2993121294 0.71281232
v -0.04020513576 -0.410030272 0.674569043
v -0.1013104746 0.3232345386 0.7324032239
v 0.5590587719 0.2795491287 -0.5056555696
v 0.4337578169 -0.5483722608 0.3462348367
v 0.05149807206 -0.1228037113 0.7850472633
v 0.6817263926 -0.01806119249 -0.4295828527
v 0.8205187833 -0.05232820072 0.03127747631
v 0.2976690296 -0.3753451523 -0.6765915902
v 0.317965605 0.4099533276 -0.6433458852
v -0.466870076 -0.2551348654 -0.6160312768
v -0.4560458875 -0.3261532705 -0.6055991411
v 0.7309399392 -0.08507884802 0.3204505338
v 0.6179237456 0.2096520347 -0.4725509989
v 0.2430372648 0.2440896628 0.7092880158
v 0.2014480237 -0.7516661159 -0.02440724345
v -0.4509522989 -0.3358459711 -0.603981461
v 0.8204132902 -0.06545564796 0.02383191304
v 0.005049119494 0.2680926669 0.7556784597
v 0.2547232039 -0.7417219901 -0.01011372025
v 0.4157378661 -0.7077471907 -0.09708099821
v -0.04373826076 0.2400337807 0.7732660675
v -0.4577744248 0.6662204558 -0.2056014422
v -0.8122813811 -0.04726279582 0.1872232471
v -0.09777808711 0.3408684263 0.7254435398
v 0.3940965815 -0.5469372566 0.3870850747
v 0.3886523923 -0.5437083928 0.3965806461
v 0.1210794056 -0.1022245246 0.8109061861
v -0.712144346 -0.1310824093 0.4204548979
v 0.4474368455 -0.5443525563 0.3379354199
v 0.645095849 0.4118786065 -0.2911663929
v -0.3256452348 0.728956788 -0.02241210324
v -0.02791140627 0.2662570273 0.742093153
v 0.6375849783 0.2174555892 -0.4472240415
v 0.3568221723 -0.7404862308 0.003707913145
v 0.4074594586 -0.3889620175 -0.5598191865
v 0.5905896477 0.4500547135 -0.3156474089
v 0.6629476067 0.1911892514 -0.4709201471
v -0.6288351895 -0.549557002 0.04822503673
v 0.1513431349 -0.2427490213 -0.7885184036
v -0.2340803191 0.6058168324 -0.5030203876
v 0.1659161431 -0.6077216088 0.5335662439
v -0.204612802 0.6360157535 -0.4932735102
v 0.4392977843 -0.5611795409 0.3583553984
v 0.4096916808 -0.2910851573 -0.6616966194
v -0.5515533845 -0.5797957959 -0.09237988723
v 0.4865093757 0.3282277597 0.5282194719
v 0.5437020155 0.4679211629 -0.3767421314
v 0.6613343966 0.4292037928 -0.2619291875
v 0.05163161843 -0.2655250422 0.7292334839
v -0.6895102937 -0.06327384046 0.4425361246
v 0.1664136593 -0.2187037901 -0.7995565584
v 0.8036123511 -0.05351589589 0.02377493298
v -0.04293367469 -0.3752412088 0.6882280757
v 0.2202887495 -0.7708416631 0.1287936708
v 0.5354436338 0.4528072492 -0.3964306313
v 0.01521508668 -0.2517868003 0.7545459286
v 0.7291974554 -0.05153960624 0.2813567858
v 0.2072814646 -0.7728849513 0.1125341214
v -0.2475024392 0.5748591358 -0.5295181099
v 0.2904299378 -0.7338109013 -0.04191016807
v 0.1840099539 -0.6041083805 0.5543973773
v -0.05443143225 0.356710749 0.7323568546
v -0.1965427285 0.6518006808 -0.4809685143
v -0.8109713594 -0.05836392986 0.1938074919
v -0.7155852688 -0.1334818857 0.4143050969
v 0.2228473 0.2831265965 0.6981075348
v 0.155916708 -0.3378056098 0.6988738796
v 0.3202135319 -0.5585993703 0.4787928829
v -0.3880390125 0.4351349489 -0.5364988331
v -0.6493713593 -0.193142483 -0.4597180011
v -0.15047681 0.6581170357 -0.4841774715
v 0.124307286 -0.4011375608 -0.7267099339
v -0.6771701037 0.3923513858 -0.3229957785
v 0.2297626562 -0.6031605518 0.5106115403
v 0.02715811771 -0.2904733569 0.7199689245
v 0.4244999029 -0.3549697849 -0.584277137
v 0.3923146718 0.3490972162 -0.6166677518
v -0.02307626094 -0.09929729957 -0.7952536317
v 0.5513332198 0.3380157616 -0.4685573399
v 0.4656019238 -0.4547760068 0.4689388733
v 0.4221485689 -0.4225632104 -0.543119926
v 0.4028222321 -0.4011325544 0.5994818523
v -0.132928181 -0.1020101784 0.7968822188
v 0.2989733297 0.4125275083 -0.6314927515
v -0.2029009826 0.7568255035 -0.1548418703
v 0.4601259376 -0.5387965861 0.3325798866
v 0.3926858049 -0.5348354094 0.4379865408
v 0.2457996941 0.2280118282 0.733958383
v -0.03570826122 0.2299769204 0.7564919486
v 0.5439646158 0.2575050928 0.5123993207
v -0.3595501525 0.5639451291 -0.4333330134
v -0.680998371 -0.02293382662 0.4455996861
v 0.3460611008 -0.3212834525 -0.6725358273
v 0.1608131079 -0.2281899298 -0.7760260532
v -0.4331916109 -0.3704738443 -0.5601045543
v 0.1365015216 0.1289189215 0.7865649932
v 0.5609193842 0.2886970497 0.4958802925
v -0.1640401986 0.7768948813 0.03503812297
v 0.8179809292 -0.02744633143 0.05482355593
v 0.2016523496 0.2493554674 0.7136135907
v 0.7929918179 -0.008934629927 0.08688948518
v 0.199044867 -0.6318152207 0.5040770471
v -0.7684435724 -0.09999000783 0.2949887896
v 0.04858470042 -0.3017586159 0.7343343438
v -0.7940540798 0.03592664908 0.1538897504
v 0.3080811097 -0.7552397693 0.1784158542
v 0.3824171538 -0.7146188447 -0.08436983154
v 0.1919090928 -0.6328688405 0.5097444705
v -0.09398249586 -0.05489530391 0.8145243612
v 0.1274553239 -0.3848144399 0.7002714546
v -0.08979403965 -0.06314451455 0.8304231853
v -0.136995417 -0.08599027566 0.8032284933
v 0.5924681998 0.2340230727 0.4670812411
v 0.08805113859 -0.380583481 -0.7095021013
v 0.4879727797 0.3248292725 0.5292259477
v 0.2719318709 -0.7431765434 0.1494502787
v 0.472690226 -0.5491296059 0.3409645621
v 0.3837306025 -0.2884388896 -0.6819270977
v -0.01646363501 -0.2484231944 -0.7611268507
v 0.3670165611 -0.5115918216 0.4590486265
v -0.4229600314 -0.6578612299 -0.1416768226
v 0.7738536998 -0.09568991219 0.1662733744
v -0.5458775575 -0.5936966283 0.1837209356
v 0.143057769 -0.2427821741 0.755499777
v -0.5839363705 -0.583361284 -0.1450494431
v 0.1735917797 -0.59336358 0.5444298881
v -0.8113524457 -0.05619831138 0.1922678141
v 0.007410988861 -0.2217109843 -0.7552377727
v -0.6548859071 -0.5136536456 0.03897878959
v 0.5518493016 -0.4500390982 0.3561886177
v 0.05957089465 0.1925067977 0.7749987172
v -0.4205648909 -0.3936164091 -0.5943786084
v 0.1820198295 -0.7604918359 0.1430131431
v 0.2584558718 -0.7650507472 0.1833015707
v -0.03396586677 -0.2336155534 0.743430591
v -0.2586146478 0.6968039797 -0.3282352097
v 0.1548196244 -0.1295030971 -0.811090352
v 0.1859765063 -0.2463761812 0.7340236457
v -0.6842693128 0.06806276551 0.4068137455
v 0.1460541457 -0.128671117 -0.8292987003
v 0.140666592 0.2771374788 0.7126906751
v 0.3394860494 -0.7445245903 0.02569978542
v 0.4231125792 -0.479048957 -0.4541575609
v 0.7079059668 -0.06454766225 0.3469811259
v 0.1140452133 -0.1066296217 -0.8325018762
v 0.1675902948 -0.2152601555 -0.8009892382
v 0.09816259309 -0.3347899076 -0.7277186149
v 0.1046558278 0.1830675935 0.7716358116
v 0.1088827115 0.1791445761 0.7724277847
v 0.1850082197 -0.2595743967 0.7480907042
v 0.01003278447 0.2630459244 0.7375379965
v -0.1817564841 0.7560852041 0.006270872224
v -0.2840325856 0.5620971521 -0.5099612975
v 0.1314792601 -0.1952891336 -0.8028186794
v 0.7201918606 -0.02904412917 0.3257687869
v -0.2044409883 0.6117113341 -0.4906175871
v -0.6071260793 -0.5428555674 0.01506924861
v 0.5821095517 0.2241181343 -0.4967555872
v -0.03741400128 -0.2018861777 0.7751164285
v -0.01107651898 -0.1975785426 -0.7612434892
v 0.4226966562 0.3539683752 -0.5830263583
v 0.4423996392 0.4032711142 -0.4973404184
v 0.4442083095 -0.4663182637 0.4751789395
v 0.3944654796 -0.5513073531 0.4151118808
v -0.4374277551 -0.2977387624 0.6114871464
v 0.1703400292 0.2813695403 0.725898531
v 0.7581033409 -0.08819660137 0.1599514616
v -0.5942671255 -0.5759523304 -0.1105053609
v -0.589222469 -0.5749414443 -0.002905970915
v 0.7452226924 -0.01204753514 0.2496324911
v 0.259796111 -0.4400314978 -0.6050507558
v -0.7848997815 0.03869991455 0.2125477758
v 0.3852807254 -0.4161004763 0.5975398851
v 0.02075961075 -0.2408804225 -0.769493348
v -0.3309788947 0.7290889822 -0.06124027088
v 0.8086822782 -0.08534866004 0.05241877877
v 0.4996633527 -0.4618486639 -0.4495680446
v 0.1775628203 -0.6129303457 0.5494250164
v 0.3883461941 -0.7142155273 -0.05942339801
v 0.4655110924 -0.5749823303 0.3148713492
v 0.06134785373 -0.381403377 0.6837241161
v 0.4135525795 -0.402448715 -0.5701377233
v 0.237268878 0.2627719702 0.7033497077
v 0.1754883312 -0.6181276393 0.5448001868
v -0.06556390504 -0.3619137047 -0.6931249822
v 0.09043725703 -0.380300825 -0.7291930747
v -0.4634548113 -0.3150261916 -0.6053296867
v -0.05536190602 -0.1965956985 -0.7741466071
v -0.5512039461 -0.580206921 -0.09786389711
v 0.6360944263 -0.2933470308 -0.4251545264
v 0.1771409224 -0.7793133554 0.1310930927
v -0.4334576979 -0.2908019351 -0.6300545288
v 0.3955654389 -0.524714985 0.448132951
v -0.06892976834 0.3928985494 0.7213558906
v 0.1108723591 -0.1334420725 0.7989035144
v -0.05735123703 -0.3883710773 -0.7039491707
v 0.798333941 -0.1164971159 0.004496582595
v -0.1508397629 0.7810309262 -0.01700736033
v 0.1916024774 -0.7538941064 -0.01409068179
v 0.7990298379 -0.05111674354 0.1060411623
v -0.2756445726 0.7595503844 -0.1099253872
v -0.7336951569 -0.1028763245 0.3666699835
v 0.4936284617 0.4193859608 0.4380868188
v 0.5601407021 0.4343687531 -0.3576240391
v 0.7796413376 -0.1687028448 0.03784853081
v -0.5647438371 -0.5827721915 0.1767348186
v -0.6544220354 -0.05500101679 0.4699457961
v 0.4945751282 0.4093368783 0.4797551648
v -0.03663340818 0.2785589239 0.7581535544
v -0.01254844672 -0.1463868662 -0.7796793926
v -0.772230894 0.262047465 -0.007907720485
v 0.6377880376 0.2194586917 -0.4740788013
v 0.2122463605 -0.5778169956 0.5263475355
v 0.1217988969 -0.2148707995 -0.7749929956
v 0.1961270886 -0.6324884693 0.5060835021
v 0.1461941327 0.2836010473 0.7287286666
v 0.0777008197 -0.3030504594 -0.7361989493
v 0.3804265823 -0.3188207548 -0.6520569933
v -0.5328336629 -0.5942989522 -0.1839614241
v 0.520165133 -0.5052305278 0.3505671166
v 0.1047425094 0.3708636622 0.6839529825
v -0.3148678924 0.7521194382 -0.1165527009
v -0.6258779853 0.2581415977 0.4174080842
v 0.3207755658 -0.7294642873 0.00997857211
v -0.2052506181 0.693150819 -0.4193837257
v -0.1940386082 0.6802833423 -0.4129186374
v -0.2732397172 0.6916595518 -0.3204505338
v -0.1357953585 -0.1014031833 0.8163859867
v 0.4854330481 -0.4241167901 0.4887519088
v 0.5573227845 0.2508056548 -0.5007566963
v 0.3631711884 -0.5735541205 0.3833681711
v -0.3067088947 0.580114242 -0.4645601943
v -0.2257856257 0.6953751143 -0.3963389656
v 0.2020049022 -0.6136059784 0.4905238354
v 0.004472651082 0.4348048806 0.6757796509
v -0.5565524465 -0.5967040758 -0.06731626769
v -0.5325611688 -0.2186354729 -0.5587861885
v 0.01369234102 -0.2499186486 0.7553070286
v 0.2003831543 0.1998450202 0.7318491169
v 0.7851685207 -0.05002222277 0.08940377476
v 0.1307771349 -0.106329689 0.8091060684
v -0.4419128809 -0.3078492931 -0.6409988723
v 0.8144550158 -0.01743729316 0.0729267948
v 0.7876403374 -0.1243211357 0.03668852758
v 0.740236385 -0.009372336911 0.268404855
v 0.5210358385 -0.4221760448 0.4562226927
v 0.7009582624 -0.0948834934 0.3528744952
v 0.7377499661 -0.009291128267 0.2770205126
v 0.524598287 -0.4238360414 -0.4443151734
v 0.6668930489 0.4442775058 -0.2735161151
v 0.8015429578 -0.02692123875 0.04672573088
v -0.08076013464 -0.06515216903 0.8102478972
v 0.405339077 0.3407273516 -0.5816563188
v 0.5008671661 -0.4163977643 -0.4681092326
v 0.1931065886 -0.5783327794 0.5445116006
v -0.7183482941 0.08680635721 0.2898721058
v -0.01909170404 -0.1679766261 -0.7900509741
v -0.09746996679 0.3040918313 0.7580279163
v 0.5290525397 0.2902978628 0.5378554625
v 0.09892450512 -0.09368689912 -0.8157094004
v 0.1878446432 -0.5810443098 0.5462098012
v 0.2314163053 -0.7700786559 0.1754090027
v -0.5857270116 -0.5599512913 -0.1035173218
v -0.2187478946 0.695481263 -0.4031232152
v 0.5982616785 0.2720224936 0.4597514669
v 0.5197923311 -0.4660789672 0.3671490533
v -0.5456324797 -0.4915033418 -0.3001738651
v 0.4181098518 -0.373653329 -0.5688352709
v -0.5323128726 -0.6016094455 0.1871761328
v 0.7403236999 -0.05796281021 0.2391989697
v 0.4538374162 -0.5417694057 0.3349527067
v -0.2553548513 0.7417175201 0.00791755645
v 0.01954372449 -0.2866812672 -0.7333887202
v 0.1191748304 -0.7783620698 -0.2752912005
v 0.7147022855 0.03996192796 -0.3830137262
v 0.135421588 0.3104314901 0.7013481399
v 0.5662548321 0.2851692887 0.4917289302
v 0.2051125383 -0.6294115871 0.5011915425
v 0.09676750638 -0.3662983736 -0.7160240188
v -0.6067952959 -0.5642191728 0.005289745839
v 0.5171260376 -0.4215685058 0.4608474032
v 0.7883277114 -0.006878880076 0.1041832842
v -0.4164499148 -0.404319519 -0.553033417
v 0.3868524236 -0.7142173153 -0.06902383302
v -0.6300637967 -0.5482704033 0.0632352118
v 0.2932900526 -0.752515544 -0.007672839081
v -0.424103827 -0.3428994367 -0.6343181787
v 0.5275476239 0.4287820886 -0.4225760544
v 0.03391667763 -0.08992721724 -0.8264973518
v 0.1832099943 -0.6312771463 0.5203419382
v 0.09562648223 -0.3591745494 0.6917283011
v -0.108923672 -0.1138955263 0.7917524527
v -0.1903456046 0.7713604269 0.04887416575
v 0.2003646483 -0.5913321523 0.5546959168
v 0.3841990634 -0.7323658245 -0.08889937468
v 0.1140667366 -0.4089356469 -0.7030944382
v 0.2070153925 0.2147615367 0.7446397089
v -0.01704951659 -0.1749498097 -0.7685897429
v -0.4765784515 -0.4308134566 -0.4852733184
v 0.4067549495 -0.3010586661 -0.6817901951
v -0.7304567569 -0.2569576313 -0.2554764068
v 0.5971773643 0.4767101391 -0.2887790303
v -0.679299336 -0.07874862847 0.4277432795
v -0.06264684934 0.3177313745 0.7478024756
v -0.7144692471 0.02382890134 -0.3486423145
v 0.003321442675 -0.386940126 -0.6943988263
v -0.6170685958 -0.5344186819 0.08344630497
v 0.4348830469 -0.5859500371 0.3309310354
v -0.4441687347 -0.3674097166 -0.585363418
v -0.2827016441 0.7553877576 -0.0173259238
v -0.01282631322 -0.1477835621 -0.7983563806
v 0.3482010314 -0.7369247955 -0.1702861205
v -0.088390959 -0.1075813617 0.7938092702
v -0.2083777883 0.7506012315 0.01639471992
v -0.339238528 -0.2879335657 -0.6787890652
v 0.2646479296 -0.4484701415 -0.6215346792
v -0.3310773847 0.7287884163 -0.05190169493
v -0.6862522256 -0.09914431967 0.4618286976
v 0.5517093594 0.3515839331 -0.4578123904
v 0.2103491087 0.2328050147 0.7375607639
v 0.1667321353 -0.6043802786 0.5370486488
v -0.2964353563 0.75385477 -0.05512725464
v 0.389043581 -0.7144056532 -0.04860271843
v -0.1920222446 0.7772948611 -0.1589297728
v 0.3520989123 0.3280272334 -0.6437921151
v -0.6654134038 -0.527522532 0.0576448148
v -0.02761748021 0.4241911121 0.6844899841
v -0.5584897052 -0.5736333298 -0.03724054484
v -0.103055998 -0.05927626641 0.8322022043
v 0.4258742635 -0.7071439132 -0.05157113125
v 0.3881586011 0.3388680803 -0.5999953712
v 0.1647013185 -0.1555380056 -0.8223204804
v -0.7965218436 -0.04753156111 0.1783438418
v -0.09437747665 0.2931518983 0.7615482868
v 0.2133357109 -0.7691969243 0.02922619977
v -0.4461118938 -0.3491940672 -0.5987929883
v 0.1184495355 -0.3028221592 -0.7424315058
v -0.5180345299 -0.6099976374 0.1892247403
v 0.02000597203 -0.2504478723 0.7357644607
v 0.7969428028 -0.05074479467 0.1134535877
v 0.7194103773 -0.09045989782 0.3569761803
v -0.6134636521 -0.5407646583 -0.02973190734
v 0.6000403399 0.2633648772 0.4308796729
v 0.7411662143 -0.06067262336 0.2346838946
v 0.3003835699 -0.7456827496 -0.1886742988
v 0.7179236993 -0.1650007669 0.317756377
v -0.8136837838 -0.1157275452 0.208549006
v 0.3485046668 -0.7236812388 -0.002742729927
v 0.06600591072 0.3681678664 0.690780532
v -0.3284554937 0.7301066033 -0.07872340996
v 0.2535395355 0.7755538076 0.04601999243
v 0.09709758209 0.3980003032 0.6944443016
v -0.4074172018 -0.6866769992 -0.109351165
v 0.3478013497 -0.7264833621 0.08574693376
v 0.5380187384 0.2371309621 -0.5302212781
v 0.5124327864 -0.4907020412 0.3428102146
v 0.535309294 -0.3778438787 -0.4856981516
v 0.1713094185 -0.7621119001 0.1275519365
v -0.5161740964 -0.598365026 -0.02773164148
v -0.7278492892 -0.1397196722 0.3915686508
v 0.2397559971 0.2568306223 0.7051396932
v 0.2149247977 -0.7504086619 0.02097966743
v -0.2551443419 0.5559444605 -0.5122676033
v -0.7081720836 0.08364002935 0.3527057658
v 0.7680137327 -0.1215421895 0.1710168986
v -0.001994786329 -0.8099599964 -0.009611067211
v 0.3557338947 -0.3064184907 -0.7103949186
v -0.0274543831 -0.2486490361 0.7374210005
v -0.6002319559 -0.07326978149 -0.5949222257
v -0.06379337165 -0.3112012918 -0.7118755173
v 0.2619905464 -0.7402727413 -0.01124240614
v 0.1981759495 -0.5924897156 0.5553640994
v -0.01193828068 -0.8121710007 -0.0004915046668
v -0.6901194121 -0.1286884757 0.4233760437
v -0.04102892814 -0.4049706558 -0.7003622264
v 0.554984056 0.2501313334 0.5039028345
v 0.7453538734 -0.05500684648 0.28867461
v 0.439575255 -0.5847483098 0.3278570438
v 0.5072807893 -0.4538427504 0.4291413313
v 0.08208873685 -0.1196901821 0.7856504216
v 0.8077844544 -0.06683630386 0.0665248757
v -0.2527550125 0.7421725112 0.00960422059
v 0.3278649707 -0.7497010833 0.1224334498
v 0.007324269953 -0.3956015271 -0.7110738889
v 0.4624547128 -0.4167101013 0.4868574732
v -0.1562290302 0.7785729965 0.02977537668
v -0.2850870101 0.5476771983 -0.493425015
v 0.1289931541 -0.3287242329 -0.7538098609
v 0.1237176347 -0.1468665767 -0.8000682894
v 0.1089721124 -0.2893604344 0.7187611179
v 0.2076662314 -0.5765257481 0.5325084521
v -0.5165060719 -0.3103923027 0.5239400279
v 0.07467977581 0.3490636611 0.6964341876
v 0.3857758874 -0.7142847832 -0.07374426951
v 0.113626869 0.1335665931 0.7883227348
v 0.3838785909 -0.7144579826 -0.08025994385
v 0.1345519255 -0.1108848008 -0.8148177154
v 0.549687885 0.475726699 -0.3362932439
v 0.165030001 -0.7629328391 0.1142084743
v 0.547478311 0.4546273032 0.3677606153
v -0.7086634907 0.1582504598 -0.3537358434
v -0.02965249137 -0.3402827309 -0.7064282587
v 0.1335109559 0.1597813168 0.7565407615
v 0.4637923296 -0.4559018328 -0.4799399863
v 0.7910940744 -0.1602498671 0.003415150223
v -0.5442633342 0.4360301205 -0.381730793
v 0.3355603053 -0.299444115 -0.7026546452
v -0.8059526888 -0.1036832201 0.1789953213
v -0.4181967793 -0.3722856735 -0.6164282765
v 0.3125967808 -0.4497897292 0.5918319333
v 0.4013490239 -0.4151875438 -0.5648789219
v 0.4181743099 0.4341802959 -0.526147039
v -0.05482689729 -0.1499976806 -0.7719832236
v 0.3074831962 -0.3437039557 -0.6747644139
v -0.034126334 -0.1120177341 -0.8081777291
v 0.5348670574 0.2644709456 0.5186392676
v -0.560552304 -0.5953448239 -0.09452723812
v 0.3516281269 -0.5698316443 0.3994954742
v 0.02052432052 -0.3883376712 0.6818323327
v 0.4396552092 -0.4043088803 -0.5506424784
v -0.4699716031 -0.2826572118 -0.5875186362
v 0.1276983157 -0.2070750826 -0.7787245906
v -0.457045241 -0.2963380583 -0.5930477265
v 0.5168581924 -0.4819047805 0.349739413
v -0.04779599046 0.2882926594 0.7562904389
v 0.8008055193 -0.01015257986 0.1242912907
v 0.7869251895 -0.05908895655 0.1430069148
v -0.3074304497 0.6922530548 -0.3200583319
v 0.4151118212 -0.3390654776 -0.6360352727
v -0.295699974 0.7538167448 -0.0491153285
v -0.1828632081 0.6244286173 -0.529518408
v 0.376571316 -0.4331317421 -0.5625671925
v 0.0003146348963 0.2267885701 0.7522183454
v 0.1620538588 -0.7614403798 0.04541111246
v 0.1713628803 -0.6180238151 0.5149969543
v 0.6736586733 0.3648970437 -0.3275508158
v -0.4209663607 -0.353541158 -0.6291992003
v 0.3624290713 -0.4248187066 -0.5521901278
v 0.08116077003 -0.0939477338 0.8149444264
v 0.06044828661 -0.2971725564 -0.7549655766
v 0.001946212518 0.3983952169 0.6894303395
v 0.7530586248 -0.0487190365 0.2008179706
v 0.3398737514 -0.2976535931 -0.701648825
v 0.02002864634 -0.4261433305 0.6862672152
v 0.127232656 0.1612561193 0.7569505754
v -0.4490274968 -0.3403607183 -0.6026182159
v 0.4597383846 -0.4574469492 -0.4810306777
v -0.2330394389 0.5822488384 -0.5342645845
v 0.12962802 -0.2767445617 0.7232796796
v 0.524331455 0.3994409993 0.4138835417
v 0.2923992318 -0.4981231534 0.549713245
v 0.7064633933 0.06302091031 -0.4079133174
v 0.1813631647 -0.585649352 0.5466790965
v 0.5141176365 0.4091190082 -0.4222490853
v -0.5490015838 -0.5986084945 0.00183968362
v -0.009956984578 -0.3791254411 -0.6952433076
v -0.01826804391 -0.3801025337 -0.7128608349
v 0.1355448868 -0.3328070544 -0.7340825907
v 0.395210398 -0.5526021171 0.4127187369
v -0.2226693028 -0.7685322581 0.07517481859
v 0.3088408686 -0.7496938716 -0.0008116630102
v 0.6066971336 0.4449917597 -0.3036578494
v 0.7497058513 -0.0142221617 0.2979409277
v 0.1064787799 -0.1313574811 -0.8031194241
v -0.3300012656 0.7295621516 -0.07063428659
v 0.2184577588 0.1715813314 0.7586500872
v 0.420652325 -0.3388365814 -0.6039008809
v 0.1093825298 -0.1411766094 -0.819206765
v 0.1604265978 0.2770748684 0.7097318617
v 0.01388281157 0.405389529 0.7043077877
v 0.02171136567 -0.150857956 0.7938836518
v 0.3796679856 -0.4866524768 0.4785880356
v 0.510499223 0.3815399518 0.4485128454
v 0.1532762215 0.4420929642 -0.6643385959
v 0.6216239312 0.4526459103 0.2344675592
v -0.6777812485 -0.1142709432 0.4433746458
v 0.5194831827 0.3105314105 0.4989401587
v 0.5103119578 0.3823287661 -0.4464812091
v -0.6897767085 -0.1054907282 0.4569028253
v 0.3524487977 -0.742870971 0.05461014845
v 0.6612364728 0.2469838244 -0.4299429299
v 0.4621407069 0.3507621001 -0.546637972
v 0.1824848484 -0.7785049921 0.1388053986
v 0.705944689 -0.1205616699 0.3204179025
v -0.09912649908 -0.1198305192 0.8084435479
v 0.603100236 0.2263791436 -0.5029438008
v 0.08750782675 0.2025054133 0.7479115447
v 0.5880236621 0.2366055975 -0.5099700588
v -0.262607234 -0.7683797401 0.002047282838
v 0.7791733535 -0.07726067654 0.1589070203
v 0.08919100798 -0.3257819289 -0.7488757636
v -0.4547513917 -0.3903486261 -0.5507080987
v 0.5159574481 -0.517857218 0.3045186314
v 0.519552975 0.3521864358 0.4961777294
v 0.4661323395 -0.5355511533 0.3308341844
v 0.5033865441 0.4243026844 0.454551968
v 0.5165076811 -0.4553957341 0.384080339
v 0.3938529044 -0.7358578251 0.08946571471
v -0.5059126569 -0.2300695994 -0.5849847156
v 0.1674029999 -0.1626071165 -0.8201516733
v 0.2911375462 -0.3873708299 -0.6682767667
v -0.1195199627 -0.1181292417 0.8095184451
v -0.2269890219 0.7051665433 -0.3486104877
v 0.1961500646 -0.7557157995 0.07579792077
v -0.4900630033 -0.2570800212 -0.620234134
v 0.3841790078 0.3247688374 -0.6432810994
v 0.2009379914 -0.6143500326 0.4906190176
v 0.6252953892 0.2406070344 0.4506658881
v -0.04963189829 -0.799077876 -0.0736383443
v -0.6672209715 -0.2139887401 -0.4170135877
v -0.2193013907 0.6178497216 -0.502123577
v 0.6285659735 0.1782197682 -0.4861058795
v -0.5715031438 -0.5914473603 -0.1642884203
v 0.1228205261 -0.2576734646 -0.7595465998
v -0.07689219568 0.2560113522 0.7532180863
v 0.4503548027 0.324034677 -0.5786799828
v 0.742680845 -0.06964934157 0.224125048
v 0.7268981229 -0.05343285359 0.2881531344
v -0.4871934121 -0.2686920406 -0.5763909016
v 0.7601509203 -0.08834990162 0.2178546303
v 0.3046356572 -0.7504482963 -0.002952670099
v -0.1888805169 0.6360224287 -0.4747451661
v 0.1729490317 -0.1964141848 -0.7894388757
v -0.6609873422 0.05586321805 0.4174444704
v 0.7440256138 -0.0200042045 0.314073416
v -0.2495255228 0.5580258335 -0.5151239632
v 0.7194431576 -0.06619304923 0.3062496421
v -0.2525741544 0.764646357 -0.1301010999
v 0.658619767 0.3799813359 -0.3022392055
v 0.4827270605 0.3385315454 0.5242770099
v -0.2391000029 0.6025814125 -0.5022330634
v -0.2245179204 0.5873697836 -0.5360775162
v 0.4336631413 0.310978296 -0.5765129637
v -0.6749869328 0.05552532721 0.4301170531
v 0.05612186985 0.2303586177 0.7424964108
v 0.7985509469 -0.1620561534 0.0416963173
v 0.1392995474 -0.2778752153 0.7418521877
v 0.07510899715 -0.09364721255 0.8151834845
v 0.1163763203 -0.4107094509 -0.7220243712
v 0.7155353831 -0.07699152757 0.3132905916
v -0.3255221595 0.7494681044 -0.09734625824
v 0.3126028302 -0.7444617712 -0.1502087413
v 0.8137685955 -0.1296401934 0.008545369869
v 0.4269332474 -0.3829702178 -0.5817242635
v 0.7445890185 -0.05563979393 0.2909334439
v 0.289435412 -0.3921283901 -0.6643949781
v -0.7953367448 -0.1216777661 0.2069375988
v -0.01956312077 -0.3100090707 -0.718984799
v 0.07294227606 0.366572149 0.7095431065
v 0.09347256782 -0.2669327195 0.7278427034
v 0.2933696492 -0.517950195 0.5233319228
v 0.6389742093 0.4201776656 -0.290848662
v 0.3851749641 -0.4789632513 0.4830323945
v 0.07327213572 -0.3759340363 0.6856234688
v 0.2326340652 -0.7463527202 0.0008166435619
v 0.3170755293 -0.7520952404 0.1321652334
v 0.4201948604 -0.3939179882 -0.5746868006
v -0.08554542405 -0.1114127133 0.8114626175
v 0.07166769436 0.3578092183 0.6937014394
v 0.4620881988 -0.4331408014 0.5001406643
v 0.2533139769 -0.7649518698 0.1467713796
v 0.1423539005 0.1652341779 0.7724467973
v 0.1702254172 -0.2039152512 -0.8055218061
v -0.7777971155 0.07936746175 0.212629965
v 0.3413058948 -0.6390572329 -0.3400996676
v -0.5305785541 -0.590306664 -0.04066016045
v 0.3976185016 0.3385347936 -0.5909351228
v -0.1604556233 0.5917358869 0.5401930585
v 0.2463176682 0.2430856605 0.7283866187
v 0.4459527006 -0.4473925325 0.4637402089
v 0.6463176618 0.1803408948 -0.467004088
v -0.1307148821 -0.1047677801 0.7957594026
v 0.4515919328 0.3460520415 -0.5320403488
v 0.6734753418 0.4111353569 -0.2637897998
v 0.1154328276 0.3170162565 -0.7316891488
v 0.5849826594 0.2221341041 -0.4954435391
v 0.7641503606 -0.141893739 0.1722220978
v 0.3248192298 0.3796042427 -0.6312168006
v 0.2887686598 -0.3945400697 -0.6622956057
v 0.1955026082 0.2662326506 0.727618307
v -0.6387927254 -0.5248430668 -0.005365697522
v -0.68143876 -0.08881659686 0.467969946
v -0.1643504347 0.6257776775 -0.5120029169
v -0.5628775031 -0.5852191547 0.1406856642
v 0.7898702948 -0.05913254696 0.06778384949
v -0.8199283796 0.009742099183 0.1515422904
v 0.8034525022 -0.009670286019 0.1154576438
v 0.1751278219 0.2724853521 0.709186218
v -0.02455030544 -0.3181357648 -0.7152702497
v -0.05710886737 -0.2977335771 -0.7177929057
v 0.4938030915 -0.5346984472 0.33870546
v -0.4463794411 -0.3774857981 -0.5734605773
v 0.1822187763 0.1358791271 0.7579022186
v -0.4261797763 0.6730398996 -0.2279250497
v -0.6294094415 -0.5483610559 0.07122723085
v 0.568402779 0.2053542337 -0.5245998664
v -0.3154002153 0.687604981 -0.3181815381
v 0.6574738854 0.3842525848 -0.3001016291
v 0.2120892086 -0.5881929278 0.5471897546
v 0.8204007145 -0.04821031537 0.03413398523
v 0.351727064 -0.7429156118 0.05142657366
v 0.1156678105 -0.2205961696 -0.7719809588
v 0.38408019 -0.3301598927 -0.6662821723
v 0.56197062 0.2621559679 0.5178693468
v 0.1319615185 -0.1808899208 -0.8081395847
v -0.4247551128 -0.412689026 -0.5343372972
v -0.3172280473 -0.272056019 -0.7071254668
v 0.1085400452 0.3531800974 0.6898247168
v 0.3757382482 -0.7335536054 -0.1041683841
v 0.3085838111 -0.7441435635 -0.1867599863
v 0.5412778793 -0.4237840696 0.4002568126
v -0.564624457 -0.5957793721 -0.1711259529
v -0.08275001323 -0.1001175755 0.7966146716
v 0.2575925865 -0.3696156251 -0.6809032186
v -0.7498644486 0.08281196062 0.2271935564
v 0.01853149729 -0.2553000485 0.7531055007
v 0.7867245142 -0.0518032198 0.08298296972
v 0.03005928053 -0.1418955121 0.7972206907
v -0.4387111055 -0.647413002 -0.111808223
v -0.02363005317 0.387512888 0.6972556034
v -0.04978934451 0.2904974355 0.7557877672
v 0.3016502321 -0.4754320335 -0.5682070207
v 0.6360019261 0.2189668673 -0.4762136361
v -0.3715405465 0.6051192071 0.3556658904
v -0.0456515302 0.2777182273 0.7405930649
v -0.1711955217 0.6155342374 -0.5184067656
v 0.3127875028 -0.4326249878 -0.5772844342
v -0.09525315882 -0.1119807371 0.7922266352
v 0.01615884859 0.3991744355 0.6870017928
v -0.5115043279 -0.60703942 -0.1865464075
v -0.641639132 -0.5442639302 -0.01355028572
v 0.5579911459 0.4050371999 -0.410754807
v 0.1755703416 -0.2966780203 0.7337708794
v -0.6583945958 -0.07091607834 0.4674875981
v 0.1541136103 -0.7720646083 -0.2584776558
v 0.447120545 -0.3148607999 -0.6401030153
v 0.3355100023 -0.5149346418 0.5197448592
v -0.4040748882 -0.3666037076 -0.6031705349
v 0.1221352381 -0.3832012894 0.6818003272
v -0.682085546 -0.1200390618 0.4366585792
v 0.7235631699 -0.07244946085 0.3533812495
v 0.6977067504 -0.1124383208 0.353635029
v 0.09759465874 0.1339061528 0.7713904358
v -0.4469194525 -0.2743592553 -0.626233652
v -0.5763974875 -0.563935295 -0.06192672107
v 0.05847448902 -0.08769375835 0.7986368016
v 0.7208496727 -0.08385730342 0.3559445829
v 0.5545387798 0.2557238984 -0.4997375257
v -0.6490529132 0.02016530313 0.454319764
v -0.187124012 0.754960004 0.008959068977
v 0.7525276429 -0.06461632217 0.1931905658
v -0.02504697047 -0.361256429 -0.6994788855
v 0.5937766123 0.2729310754 0.4650563099
v -0.6142881075 -0.5380958616 0.02888875035
v 0.4165678346 -0.376285531 -0.5670908202
v 0.5996391085 0.4588193727 -0.3286211536
v 0.1317230564 -0.2961643821 0.7156434688
v -0.6348428728 -0.5225742498 0.1186055252
v 0.4476926216 0.3286917803 -0.5491541316
v 0.324692787 0.368248953 -0.668610113
v -0.02768407832 0.2733292373 0.7587091514
v -0.02468473092 -0.4139942201 0.6727072387
v 0.0642714208 0.3706156342 0.6901501958
v 0.3654174168 -0.2902604038 -0.6923023148
v 0.8025789359 -0.07860013351 0.01241377632
v 0.0690788891 0.3631255045 0.6921545052
v 0.2257797998 -0.7464538625 -0.04014332619
v 0.313001916 -0.4766900537 0.5909295203
v -0.7174842639 0.04563788538 0.3061673336
v 0.2194311562 0.1697979914 0.7399254783
v 0.4852821691 0.4083129396 0.4592216769
v 0.3438284317 -0.7258594032 0.03934250985
v -0.6076893648 -0.5597305306 0.1117386244
v -0.09910350814 0.325046934 0.7506373793
v 0.3876894846 -0.7141948458 -0.0643567391
v -0.03662425203 -0.22753252 0.7650715777
v -0.7741368624 0.08160132295 0.2192844194
v 0.2155912667 -0.5883854975 0.5434982112
v -0.02900006196 -0.3288408713 -0.7299247916
v 0.2908637112 -0.7404976741 0.1829141368
v 0.09005290751 -0.4121255617 0.6903426462
v -0.09880602653 -0.05349984469 0.8151669155
v -0.1058116105 -0.1140110621 0.7916447544
v 0.4636354012 -0.3355825959 -0.6071254535
v 0.0940097408 0.1360911564 0.7711350472
v 0.2047615055 -0.7509343394 -0.02727966573
v 0.6363631059 0.1870654395 -0.5002507466
v -0.07724752715 -0.08735492135 0.8207037539
v -0.0147238425 -0.3045831788 -0.7216926938
v 0.3831167757 -0.5249753206 0.4260493105
v -0.2546468555 0.5944579667 -0.4973618746
v 0.6800147223 0.3981627447 -0.2672698207
v -0.5270722493 -0.6060319311 0.151796487
v -0.09226041778 0.276712884 0.7479923632
v 0.1411868309 0.3112763587 0.7001703124
v 0.249980663 -0.7484590063 0.1829104565
v -0.6562438477 -0.512335101 0.05278892845
v 0.5554118097 0.2928206083 0.4997403865
v 0.5188403899 0.5886706268 -0.1922924887
v -0.4451202289 -0.3733929935 -0.5787873235
v 0.2828111304 -0.4078293997 -0.6236054433
v -0.81049521 0.04089862255 -0.007612778415
v -0.7899757879 0.03372968439 0.2039808119
v -0.02034923251 0.4326608972 0.6995341353
v 0.008250958617 -0.3942604534 0.6989715054
v 0.579461198 0.4527234805 -0.3531511613
v 0.1998530663 -0.57637025 0.5403927206
v 0.623039446 0.2187750427 -0.4891242041
v -0.006028108172 0.2323046079 0.770392781
v 0.7790976011 -0.0101308098 0.1340523233
v -0.6869983062 -0.05549192478 0.4448961901
v 0.5702893175 0.4455635383 -0.3390709608
v 0.1638356939 0.31176118 0.6965760967
v -0.6075920966 -0.4905351297 -0.2541562231
v -0.1235383262 -0.05724425763 0.814199359
v 0.6603388874 0.413276122 -0.3036745077
v -0.5495634985 -0.600316708 -0.05305058636
v -0.1263084738 -0.05942160254 0.8134035118
v 0.8080336446 -0.06862788373 0.06460060995
v 0.5286429046 0.3251281994 0.507678236
v 0.5376277583 -0.427432194 0.4331625556
v 0.2071158196 -0.6283397295 0.5005957746
v 0.2351497778 -0.7458060037 -0.001070499965
v 0.6420552039 0.4162512957 -0.2908169843
v 0.4944350965 0.350336045 0.5320093564
v 0.5212536192 0.3235155257 -0.5092637318
v -0.2673554966 0.5894416801 -0.4912973323
v 0.5529663365 0.2948334405 0.501293698
v -0.4127300014 -0.3988405528 -0.5629343919
v 0.5867532152 0.4570455092 -0.3426660705
v -0.44881958 -0.4275198069 -0.5259814685
v 0.3610723524 -0.2911252983 -0.6943069818
v -0.2238267171 0.7645947429 0.05724865318
v 0.1265867938 0.1300200133 0.7876597374
v -0.08637744877 -0.1123907744 0.8110969081
v -0.2827940251 0.7410849786 -0.1482730173
v 0.6519480135 0.3993780014 -0.2939775458
v -0.8083903543 -0.007757676845 0.1811850333
v 0.1936733905 0.1896793292 0.7365664467
v 0.02327236748 0.3981448049 0.6863036311
v 0.1083146356 0.3234765171 0.7006841293
v -0.05550587878 -0.1795449135 -0.761111593
v -0.2539877322 0.6905396561 -0.3748072865
v -0.4247130645 -0.404207291 -0.5793829722
v -0.419049247 -0.4074258141 -0.5467524052
v 0.1671093029 -0.6141946537 0.5240914135
v 0.3035072088 -0.7561773467 0.1799721308
v 0.4178546121 0.393093801 -0.5292914488
v 0.5493746241 0.4069990736 -0.3891530375
v 0.3106144938 -0.7255833331 -0.1845803468
v 0.4626674274 -0.333012915 -0.6104896107
v 0.5458391151 -0.4010786456 -0.4540859806
v 0.4081215322 0.4552262597 -0.5199534614
v -0.2510782681 0.7606283213 0.01293008349
v -0.8129541529 0.0314288917 0.1580661002
v -0.05856025804 0.7776571733 0.0857645681
v 0.1356391303 -0.3698445213 -0.7398255281
v 0.4229296351 0.3065864452 -0.5904403184
v 0.1632894244 -0.1251776861 0.7818738876
v -0.8027350299 0.01161054802 0.1858456084
v 0.008492553472 -0.1761420308 0.784261727
v -0.608640412 -0.5418709651 0.01740720229
v 0.6057364312 0.4578521142 -0.3233567497
v -0.06548103782 0.314318911 0.7302460985
v -0.7751369013 -0.1375854185 0.253632274
v 0.3511740298 -0.4455376716 -0.537865833
v 0.1586962874 -0.2310679396 -0.7746576228
v 0.7157185358 -0.03971408622 0.3348348167
v 0.508634081 0.3360078761 -0.4835516649
v -0.008626179934 -0.2121957447 -0.775513607
v 0.4809563558 -0.4509233032 0.4587774437
v -0.2180611166 0.5987230469 -0.4938789631
v -0.03315335008 -0.4184270761 0.6903526591
v 0.2696936291 -0.7377117621 -0.04646801033
v 0.414328669 0.4620910894 -0.480005994
v 0.1084763247 0.3727594686 0.7019263255
v 0.136326996 -0.3591460603 -0.743828604
v 0.4960462802 -0.5563568372 0.3087236342
v -0.0647487026 0.394427067 0.7009402332
v -0.06699600374 -0.3710257163 -0.7088156213
v 0.6804381847 0.2163508618 -0.4058717576
v -0.5610879944 -0.5656215159 0.1367768466
v -0.1360823206 -0.100170784 0.8168736986
v 0.3313678186 -0.3013400705 -0.7034678361
v 0.3617438429 -0.61475484 -0.3520415169
v -0.03963250786 0.4209971444 0.7066946735
v 0.1568620782 0.1252743136 0.7655933215
v 0.3194264759 -0.7467206349 -0.03108696851
v -0.7902349314 -0.001313581576 0.1748070513
v -0.2283427011 0.5676825054 -0.5235711001
v 0.1519012947 0.1241876303 0.7667378919
v -0.01877632548 -0.3707328686 -0.6969711893
v -0.6160584249 -0.5349214727 0.08602958227
v 0.5370754989 -0.4911365 0.3180150139
v 0.2730640742 -0.7622423062 0.1845073658
v 0.8084236711 -0.07257340035 0.06090944644
v -0.5603470394 -0.4882927158 -0.2829693701
v 0.1132459019 -0.3435859763 0.7166792085
v 0.7885330356 -0.0551163589 0.07478056791
v -0.1297456567 -0.06321742846 0.8119881758
v 0.2048262467 -0.7732122183 0.1075265813
v -0.651856467 0.3856996582 -0.3491249603
v 0.1089760163 0.3304313735 0.6980497221
v 0.2486203682 -0.7612224203 -0.007405713274
v 0.06099493609 0.2498655742 0.7538794744
v 0.6026497148 0.1849010875 -0.5065165007
v 0.7366927106 -0.06840276472 0.3105487841
v 0.5252252856 -0.4960500946 0.3573633162
v 0.2880577138 -0.4122853808 -0.6440306368
v 0.6577422074 0.453672978 -0.2753428444
v 0.4806820737 0.3456497075 0.5207800624
v 0.8165180318 -0.1102823875 0.01058714105
v -0.6747631325 -0.1783993448 -0.4006482099
v 0.2081077975 -0.7502033377 -0.02991549961
v 0.3731322407 -0.497482983 0.4711270208
v 0.1209872556 0.1709214482 0.7735981622
v -0.1977537833 0.7589989595 -0.1937462821
v 0.5433341008 -0.4802939544 0.3257641083
v 0.01603114494 0.4355343029 0.6737697391
v -0.6675755952 0.03683671708 0.4517880785
v -0.7003027747 -0.1200840379 0.4406510761
v 0.1041148627 -0.2281783375 -0.7674740192
v -0.04181622631 -0.2225547951 -0.766729369
v 0.3898323058 0.4602267521 -0.5055527586
v 0.343843749 -0.4886408728 -0.5259187687
v 0.7835171066 -0.03347437767 0.1699872978
v 0.6890442168 -0.1895638381 0.3376029379
v 0.1189897854 0.2764818123 0.735428194
v 0.7678067397 -0.02708814471 0.2279183148
v -0.01483914177 -0.2008923224 -0.7786958035
v 0.3977009591 -0.7103426191 -0.1275299886
v -0.6473032177 -0.5191574652 0.0118552598
v 0.8160850929 -0.0210579901 0.06515616972
v -0.2534692663 0.5790589534 -0.4842757529
v 0.3937203526 -0.7109745645 -0.1322859247
v 0.3626355576 -0.7396773907 0.01443879506
v -0.2037855602 0.7214456194 -0.3845427802
v 0.004093146436 -0.1923884904 0.7779969862
v -0.4206965487 -0.679507521 -0.1282478334
v -0.5023197525 -0.6124519911 -0.1856797548
v -0.288960842 0.7525131003 0.0376734428
v 0.3266079041 -0.4458861565 -0.58265153
v 0.02135778496 -0.4304568363 -0.7004878645
v 0.1940821465 -0.6327623342 0.5077436775
v 0.6251043692 0.2738691892 0.4215746745
v 0.2432958272 0.259839083 0.7227368371
v 0.1445217093 0.1652183539 0.7721254903
v 0.1027345421 -0.358241442 0.7111592966
v -0.7929531371 0.03004126065 0.199228869
v 0.3007708249 -0.4336216592 -0.612957315
v 0.07738080905 0.15811612 0.7848449191
v -0.01846841748 -0.1640618187 -0.7915718628
v 0.03061273379 0.434111189 0.6720881671
v 0.01174054443 -0.1605712187 0.7710766981
v -0.1363001757 -0.08838018619 0.8214887537
v 0.4348696069 -0.4315923474 0.4949040342
v 0.03741761829 0.2407716812 0.7607513668
v 0.132152464 -0.1867127528 -0.8060461128
v -0.251449133 0.7592685331 0.05566856986
v -0.5838100171 -0.5616745837 -0.119297861
v -0.01803416174 -0.2683124442 0.7487512579
v 0.04841671978 -0.3919233639 0.6990788461
v 0.6550166709 0.2341456116 -0.4458839513
v 0.4198159793 0.3734570343 -0.5423750374
v -0.509128349 -0.6229407473 -0.01684303582
v 0.4404172628 -0.4462362506 0.5046616696
v 0.4079183537 -0.550148121 0.369372544
v 0.7338939845 -0.03947470031 0.3374008619
v -0.1600868296 0.6334271792 -0.5063866905
v 0.5084941984 -0.4543158602 0.4273410647
v 0.2146740876 -0.6230173937 0.4999871331
v -0.01896782228 -0.3124083534 -0.7374280334
v -0.8044620772 0.006761788596 0.1840459527
v 0.6832570558 0.3903067268 -0.2700840429
v 0.1973036198 0.2644188546 0.7280076183
v 0.5440200444 -0.4234546868 -0.4603294737
v 0.06286399676 0.3814777585 0.7056315176
v -0.08348459092 -0.1014321567 0.7961153376
v 0.6201618086 0.240512031 0.457739171
v 0.3646472277 -0.5225206093 0.4473635666
v 0.1283413319 -0.2069297613 -0.7981024224
v 0.02790656186 -0.1438990616 0.796480451
v 0.2028050852 -0.7734455548 0.1022038805
v -0.682990343 -0.0923868307 0.4660755103
v 0.4465093704 0.3906093192 -0.5029752104
v 0.1186025005 -0.1410034845 -0.8014333225
v -0.4690150429 -0.6317892944 -0.1747562865
v 0.4275595308 -0.4599245471 0.4657598058
v -0.599764389 -0.5685560122 0.0007521079013
v 0.262372348 -0.4451050307 -0.6266171224
v 0.6917014511 0.3605305828 -0.2845367175
v 0.5866967138 0.4503581105 -0.319248717
v 0.2500965862 -0.7655497237 0.1458190063
v -0.1792664594 0.774882645 0.003505935942
v -0.5156851329 -0.6045620605 -0.1865754777
v -0.4434585933 -0.6668859564 -0.1516986526
v -0.6715808167 -0.05796247496 0.4771204894
v 0.009203335616 -0.1227724433 -0.7915688232
v 0.2441862605 0.2567078451 0.7237436108
v -0.01650057063 -0.1613192215 -0.7736405382
v -0.1006098692 -0.113549053 0.791720924
v -0.03480997923 -0.2360910951 0.7616883482
v 0.5075718191 0.3732580577 0.4598067167
v 0.6061220472 0.2247725939 -0.5011967277
v -0.6745354581 -0.06839196956 0.4337733428
v 0.1428426704 -0.2504215586 -0.7844391581
v 0.1137013624 0.1753931788 0.7730678358
v -0.007440334718 -0.2473809434 -0.7436405044
v -0.6311111585 0.2485729261 0.410145331
v 0.1615583094 -0.7804837925 0.06919952076
v -0.2032020701 0.6828604733 -0.4006033306
v 0.3984872999 -0.4045552096 0.5993562737
v 0.235461042 -0.6897078698 -0.3576884078
v 0.804936081 -0.05685855964 0.08227489195
v -0.5457365424 -0.6056089454 -0.1343523528
v -0.7729681538 0.04586462106 0.234281054
v -0.5601177558 -0.5921431976 -0.001508986181
v 0.04035710618 -0.4265656307 -0.6855453324
v 0.461366018 0.3825026509 -0.5231309495
v 0.167898594 0.2820688047 0.7260120702
v 0.1775889403 0.2712720622 0.7092570235
v 0.810764426 -0.1479747162 0.007989982384
v 0.4072982986 -0.5769719183 0.3355826257
v 0.1930590124 0.1918467357 0.7550968768
v -0.6021876312 -0.5613107815 0.1569478882
v 0.555036743 0.4803584721 -0.3560710853
v 0.3582557759 -0.5324442324 0.4409236595
v 0.4500515249 -0.5586294686 0.3510485109
v -0.4610739153 -0.4306669285 -0.5065164411
v -0.6727916034 -0.06355914119 0.4356129161
v -0.06155051821 -0.3070386948 -0.7329589997
v -0.4663864766 -0.6524327454 -0.1285420221
v 0.2284272893 -0.765597881 0.007308457628
v -0.4345328634 -0.3332002099 0.5586280084
v -0.2927260817 0.7362725262 -0.05266981288
v 0.2779068931 -0.7543467731 -0.04633474333
v -0.4713290967 -0.2515243192 -0.6131454742
v 0.5557514737 -0.4855091282 0.3408565657
v -0.7592504741 0.04936727524 0.2609393702
v 0.3529619889 -0.4288783436 -0.5542604747
v 0.3279251077 -0.7328018627 0.1670241485
v -0.5244646624 -0.6187135135 -0.1476448417
v -0.02672659243 -0.3574442836 -0.7006148138
v 0.05735791602 -0.4331474171 -0.7049399119
v 0.5436124954 -0.426186988 0.3948789291
v -0.04646183794 -0.284432476 -0.7242475937
v 0.134394565 -0.3294603602 -0.7351287605
v 0.3918763987 -0.4230850139 -0.5628995255
v 0.6672206139 0.3969720434 -0.3093647581
v -0.220603858 0.7543372966 -0.186567223
v -0.05022727872 0.4123459946 0.7114462736
v -0.2635287789 0.7403250707 0.001355225766
v 0.1375595667 -0.3732669382 0.7045841558
v 0.2434006498 -0.7486047894 0.1452070569
v 0.4101874984 -0.3287781118 -0.6215527382
v 0.1525521783 0.165978992 0.7706364879
v 0.5552653114 0.4784823935 -0.3286941644
v 0.2327051688 -0.7505399025 0.1403034901
v 0.4585160056 -0.4349820137 0.5012929232
v 0.2919312477 -0.3610365027 -0.6669026148
v -0.05854377847 -0.1818334434 -0.7790468512
v 0.2357979048 0.2656843547 0.7025101733
v 0.1294273149 -0.1683302068 -0.8123348726
v 0.6303294963 0.2123171214 -0.4582974203
v 0.7429570343 -0.0927213094 0.2094485433
v -0.2381165032 0.7618088905 0.05744016489
v -0.08208159968 -0.06941460452 0.8278164328
v -0.5107740414 -0.2716507943 -0.5791712708
v 0.1312730568 -0.1755905462 -0.8099672378
v 0.1046593815 -0.5736451903 -0.5967741959
v -0.5504935662 -0.5799276921 -0.07903059157
v -0.1001767887 -0.05968093603 0.831986152
v -0.579495528 -0.5623518256 -0.06873203582
v -0.1966371507 0.7700645901 0.05126154698
v -0.8144124014 0.02755560917 0.1564684906
v -0.03535565275 -0.2305495036 -0.7647903819
v 0.03843524308 -0.3937374579 0.6985698568
v -0.3271098904 0.7467226017 -0.0164689525
v -0.5571407046 -0.5980284612 -0.1123069238
v 0.5189935039 0.3942804196 0.4257051467
v 0.2021968311 -0.7722481782 0.05851456671
v 0.3947487613 -0.4824321268 -0.4696334292
v -0.2346222974 0.6944770521 -0.388801066
v 0.3306141985 -0.4259121397 0.6047318328
v 0.02252887204 -0.1176862899 -0.7954335064
v 0.513936689 0.3877331421 0.4383675675
v 0.2961347904 -0.5262889183 0.5099182063
v 0.3452081265 -0.725686025 0.042505623
v -0.1310426557 -0.07217593869 0.8277198202
v -0.1712806314 0.7753533111 0.03945247673
v 0.3090230975 -0.4312428195 -0.5812724312
v 0.1016662009 -0.2921326681 0.7178237192
v 0.3018552285 -0.4278445111 -0.5896756424
v 0.2825353881 -0.3570941896 -0.7060318549
v 0.6728860704 0.3041408528 -0.3747676223
v 0.2481991705 -0.7669838935 0.1811687176
v -0.01225684974 -0.7942679268 0.008317580009
v 0.344281754 -0.7424536474 -0.01205332758
v -0.4656722823 -0.3120990858 -0.6048932909
v 0.1756740467 -0.6248786616 0.535959805
v -0.05871572254 -0.3766194435 -0.6887985133
v 0.4295760583 0.3687326717 -0.564963078
v 0.09141708384 0.1920197563 0.7511430906
v 0.3295755682 -0.4632916844 0.5578165459
v 0.01193110253 -0.08584054399 -0.8054411664
v -0.5152543992 -0.6194407603 -0.02038276904
v 0.1137148321 0.1676212723 0.7566705717
v -0.1193212989 -0.05490517154 0.8150293573
v 0.6205323457 0.4521573044 -0.3131417391
v 0.1620115423 -0.2283052272 -0.7953927396
v 0.2562080044 -0.7462156984 0.1486914584
v -0.01578348945 0.2692929639 0.7583844472
v 0.768120239 -0.08843694833 0.190343444
v 0.126375152 -0.2607759155 -0.7781801389
v -0.5941666984 -0.5752125675 -0.08901207946
v 0.08799205947 0.2293662524 0.75727671
v 0.3498100993 -0.737814156 -0.1303514672
v 0.3328493709 -0.4462998742 -0.5780227667
v -0.01388994037 0.4303248209 0.6801831834
v 0.4023724262 -0.7151745013 0.06310935018
v 0.3037621206 -0.3673003495 -0.6809963148
v -0.3146662634 0.5563458111 -0.4872130505
v 0.5610313142 0.2114478016 -0.5271992285
v -0.02927544665 -0.2711795322 -0.7316714475
v -0.6521652578 -0.5335582873 0.1065285837
v 0.4602863229 -0.4424446972 -0.4678527711
v -0.2911793859 0.7372874057 -0.07636590727
v 0.1174370401 -0.2228455567 -0.79065598
v 0.1751405466 -0.6227628991 0.5391979069
v -0.6537771567 0.04085058817 0.4374081167
v 0.4543546602 -0.443467146 0.4605102424
v 0.2359893122 0.1974684007 0.7465702327
v -0.03533683385 -0.1791063274 0.7647739321
v -0.06326596572 -0.3679418906 -0.6912746808
v 0.5570595286 -0.482145269 0.34388389
v 0.02189929202 -0.2951226228 0.7374652241
v 0.2424271928 0.2474211291 0.7081659149
v 0.5481916113 0.2705390043 -0.4946594035
v 0.1314249341 0.160172878 0.7567127689
v 0.426648565 0.3076655741 -0.5859532258
v -0.2100498838 0.6282250579 -0.4979167862
v 0.4597480697 0.3401758372 -0.5570885243
v 0.4280407164 -0.5624802054 0.3677595425
v -0.009737159782 -0.2768208505 0.7452574693
v 0.2000962518 -0.7542958146 0.05416578482
v 0.5220336126 0.3412246592 0.5024730751
v 0.006429516513 -0.3882580448 -0.6943875022
v 0.1964775105 -0.7555359844 0.07194608888
v 0.1960041921 -0.7558549669 0.07947588274
v 0.5132449045 0.2854257204 0.5295875447
v 0.6818970888 0.3937493781 -0.2687908882
v -0.6076298238 -0.5376857497 0.1460566638
v 0.3013055021 -0.5141355762 0.5544123967
v 0.3170698672 -0.7482406296 0.004145552612
v 0.5288024555 -0.4842950039 0.368920056
v -0.698567443 0.04057045779 0.3464247838
v 0.393803853 -0.5498689517 0.4176072695
v 0.8153117748 -0.01918423774 0.0689354304
v 0.3382704946 -0.3239669706 -0.6749336201
v 0.6125211278 0.4419741801 -0.3002303665
v 0.2911895776 -0.3476597982 -0.7101842304
v 0.2003971455 -0.7736183966 0.09237470942
v 0.3773292273 -0.3013421863 -0.7012530769
v 0.2284108395 -0.5944791249 0.5230745077
v 0.2112184584 0.2932481235 0.6961734349
v 0.3373940973 -0.7254781976 -0.01491861827
v 0.8126310579 -0.04483150756 -0.153909359
v -0.03987065706 -0.4165432792 0.6912241991
v -0.1987957513 0.7759164774 -0.1569176111
v 0.2295510143 -0.6681000807 -0.3844794546
v 0.6487187921 0.1870089381 -0.4881275029
v -0.5489727371 -0.5819684175 -0.1096621089
v 0.4251615294 -0.4826427554 0.4729778288
v -0.5225632237 -0.2651785838 -0.5688289532
v 0.002282250383 -0.2163993022 0.7494351155
v 0.4125130552 -0.4740561531 0.462436326
v -0.1842993596 0.671320362 -0.4339885309
v 0.002538449719 0.262028661 0.7390395746
v -0.03675849127 0.2372125703 0.7732410352
v 0.1537275175 -0.1152892422 0.7859327497
v 0.6125648151 0.4557437719 -0.3182450425
v 0.6347284396 0.1781941697 -0.4800572804
v 0.0346607281 -0.138181842 0.7985805386
v 0.5291091603 -0.4801650085 0.3739148565
v -0.04624892588 0.2339697599 0.7566273016
v 0.6868528211 0.3798697635 -0.2745238424
v 0.768619573 -0.03126962021 0.2226303091
v 0.01290661667 -0.2889149794 -0.7315729872
v 0.738199772 -0.1347994171 0.2008090156
v -0.05630778283 0.3531436814 0.7339399664
v -0.8031580155 0.05172803734 0.1708184137
v -0.2562945147 -0.7516474609 -0.006807203341
v -0.3302876764 0.7286572353 -0.04244654761
v -0.702947314 -0.08727086212 0.423685818
v -0.6879773061 -0.1023625522 0.4594571888
v 0.230077273 -0.6016796551 0.5122012082
v 0.4450690021 -0.3072915802 -0.6208201273
v 0.3379059176 -0.448298909 0.5688502307
v 0.7892688053 -0.2032449527 0.04917707847
v 0.3908391988 -0.4444128887 -0.5410698433
v 0.1562511867 -0.344318617 0.7155290356
v 0.3865358847 -0.5024069482 0.485622876
v -0.7202532493 -0.009599716086 -0.348597763
v 0.7406556754 -0.02518334043 0.322604113
v 0.4615136785 -0.330528463 -0.6138885747
v 0.05183254331 -0.129316711 0.8017024193
v 0.4571426284 -0.5787206602 0.3183081894
v -0.2930724507 0.7365619469 -0.06451297468
v 0.3885864144 -0.7318834171 -0.07654932074
v -0.4433008006 -0.3280778939 0.5825000252
v 0.7163011915 -0.07462973363 0.3120569183
v 0.3331567313 -0.7443220674 -0.02194840852
v 0.6586574942 0.4324958035 -0.2620478822
v 0.6220600289 0.1902949887 -0.5118654183
v -0.4358711358 -0.4193189101 -0.5508518554
v 0.6174371065 -0.2952043054 -0.4214171202
v 0.3591470735 0.3512393521 -0.6191032122
v 0.3661783081 -0.514421242 0.4562445066
v 0.3512072273 -0.4436240744 -0.5685198048
v -0.7676429572 0.03707171862 0.2071932408
v -0.5692736633 -0.5928596567 -0.1667269649
v -0.5600389042 -0.593232101 -0.02953115567
v -0.7403489109 -0.1033901787 0.3533208443
v 0.3864584635 -0.3004179296 -0.6960980401
v 0.4079751232 -0.4339923155 -0.5405674697
v 0.7409878296 -0.06005389811 0.3007159923
v -0.4440328453 -0.3634449639 -0.5890474518
v -0.6405909358 -0.519481633 0.1101377368
v 0.6162211942 0.4397904728 -0.2982567216
v -0.5220315265 -0.5343152748 -0.3320337065
v 0.09417042408 -0.08896138913 0.7974242865
v 0.220020949 -0.5926133869 0.4997252479
v -0.4559186104 -0.6598542151 -0.1612390288
v -0.4326774662 -0.3378752829 -0.5895736657
v 0.7677109019 -0.06041771522 0.1433724007
v 0.02749258337 -0.2969863641 0.7366240805
v 0.183457471 0.1818546165 0.7601873065
v 0.5322921316 0.2868489833 0.5364880453
v -0.798902531 0.02030527147 0.1905687046
v 0.7782230216 -0.08019599983 0.160435225
v 0.003584735417 -0.2230089071 0.7468242506
v 0.1897701307 0.8310360287 0.5226413899
v 0.4044647061 -0.4122420511 -0.5658974965
v 0.2038515083 -0.7532354599 0.04324082278
v 0.7557149055 -0.05757295508 0.251447792
v 0.4114948381 -0.5504225223 0.365502884
v 0.05196609341 -0.2720380494 0.74588864
v 0.2827270935 -0.377950385 -0.6552198196
v -0.04259920716 -0.381754216 0.7048832317
v -0.6063888792 -0.5400440868 0.1024220262
v 0.7055658079 -0.2066933704 0.3355351836
v -0.5669836881 -0.594301813 -0.1690017121
v 0.428998707 -0.725501263 -0.02715504828
v 0.3490380924 -0.4441720723 -0.5693977816
v 0.2432890178 0.2219478074 0.7173196172
v 0.527054846 0.4436664802 0.405239842
v -0.2392641728 0.7023038061 -0.3402107632
v 0.1583021932 -0.2342542933 -0.7926646998
v -0.5920650612 -0.5744555204 -0.03515134553
v 0.199616124 -0.7735748285 0.08587753363
v 0.2634019786 -0.7641071502 0.18395159
v -0.7664634608 -0.09784617338 0.257236443
v -0.2640543372 0.7387526274 0.05015558662
v -0.05694215324 0.3506467729 0.7157179696
v -0.4819694174 -0.624316151 -0.1803063711
v 0.1339908155 0.1228549305 0.7699261081
v 0.3229020565 -0.321863307 -0.7161321343
v 0.00210337657 -0.1962552597 0.7573159868
v -0.6132252496 -0.5566698001 0.1057939539
v 0.3544861259 -0.7408357884 0.0002097570195
v 0.7520354609 -0.0308259215 0.2149874081
v -0.6279916022 -0.5467557131 0.136996311
v 0.1763082569 -0.6155961028 0.5472402959
v -0.490416882 -0.3996556211 -0.4939259284
v 0.3533705214 -0.7428647725 0.06036341533
v 0.2179735633 -0.5967929403 0.4963790305
v -0.2517465997 0.7648249205 -0.1306825487
v 0.3894455574 -0.5055883103 0.4446870217
v 0.1947390497 -0.5776785433 0.5437450173
v 0.3834676148 -0.7168402791 -0.003818554021
v 0.4185777167 0.3891736891 -0.5315768347
v 0.5712906676 0.254812873 -0.5125250184
v 0.464421891 -0.3382492172 -0.6037807857
v -0.02558717749 -0.1053616631 -0.811892338
v -0.5329481557 -0.2604503172 -0.5588597952
v 0.2959152515 -0.324421336 -0.7028994845
v -0.2543696232 -0.3313977083 -0.6757549167
v -0.2976668542 0.581539293 -0.4716242092
v 0.380512437 -0.5132322692 0.4776646729
v 0.4205694503 -0.3688386714 -0.5722686245
v 0.6482601653 0.4307590115 -0.3022004055
v 0.4416786504 -0.4498276352 0.4648211854
v 0.5375817466 0.2651927985 -0.5377810213
v -0.7960782362 -0.05447732846 0.1816987162
v 0.07804675662 -0.3883607068 -0.7051577522
v -0.1325937172 -0.1085231782 0.8135374344
v 0.5027097194 0.2989632274 0.5319858738
v 0.409021889 -0.4812793614 -0.4612651439
v 0.5419895704 0.2568411419 -0.5398265743
v -0.2062851508 0.6096514174 -0.4914454696
v 0.4918041462 0.3614104966 0.525819176
v -0.560726457 -0.5927592893 -0.02777890105
v 0.7675947999 -0.08834356906 0.1922094353
v -0.2700186909 0.6705475207 -0.3506891191
v 0.3243454644 -0.7504913876 0.1259196393
v 0.4194437138 -0.4432452528 0.4951324536
v 0.6314890265 0.4281338722 -0.2921355885
v -0.1621249623 0.7650254766 -0.1637134977
v -0.5852196315 -0.5773387602 -0.003560839059
v 0.09754689629 -0.3639410795 -0.7170008134
v 0.004900072768 -0.2277753479 -0.7718764789
v 0.4691086159 -0.4392464085 0.4514114324
v 0.4224923751 -0.3423406511 -0.5989641612
v 0.05706022208 0.1864427918 0.7583598322
v 0.5458143212 -0.38511289 -0.4996206488
v 0.7039874045 -0.02633179417 -0.3813899072
v 0.6886658125 -0.2166367064 0.322801987
v 0.452088108 -0.5648452177 0.3070800874
v 0.1717612806 0.1655528177 -0.7920367477
v -0.6519486691 -0.5375588004 0.002408350869
v -0.4776475675 -0.2981553111 -0.6008912878
v 0.7802390127 -0.009194912372 0.130676231
v 0.5354569843 0.4072513631 0.3918437971
v -0.09364802461 -0.06140830367 0.8311795172
v 0.3181663995 -0.3349865003 -0.6767968548
v 0.2791593406 -0.7428293697 0.1846558459
v 0.09645742668 0.1934894481 0.7690746536
v -0.1366609383 -0.09250327542 0.8198836493
v 0.5899678344 0.4898899827 -0.3143867663
v 0.08554023135 -0.3866478147 -0.7261407479
v 0.1473361104 -0.227430588 0.7422083014
v -0.06505275519 -0.3148317148 -0.7103623171
v -0.04495892625 -0.3933351239 -0.6847821464
v 0.09191442125 -0.09159666798 -0.8154133641
v -0.7999188408 0.01822909676 0.1892351853
v 0.5836577375 0.4902802178 -0.3203018899
v 0.1628015784 -0.7798952959 0.05769849634
v 0.7414801904 -0.1107930829 0.2037867522
v 0.09565167839 -0.3408543009 -0.7443572615
v 0.1021451589 0.1770035727 0.7549969265
v 0.6621375746 -0.0211205633 -0.4273151384
v 0.1063720203 0.1730805851 0.7557888996
v 0.5057953629 0.3563911704 0.4771090759
v 0.1937206091 0.1479446179 0.7709971313
v 0.1858668113 -0.6021219513 0.5551183661
v 0.6960793553 0.3099929785 -0.3188684353
v 0.4446264973 0.3967723217 -0.5001167644
v -0.02307988912 0.2714167427 0.7587114162
v 0.2061124729 -0.6288938365 0.5008719639
v -0.7892534283 -0.0776720624 0.2037680376
v 0.5216164082 -0.4154909408 -0.483786998
v 0.4626523783 0.3725394827 -0.5294824688
v -0.2752498972 0.741306991 -0.1069253078
v 0.1574928018 0.1670759713 0.7694912619
v 0.1678293529 0.2753055046 0.7092597651
v 0.3496087088 -0.7259095273 0.07838143647
v 0.3947136268 -0.4963463097 0.451357762
v 0.2106660351 -0.5772717691 0.5286011543
v 0.5773757722 0.26564028 0.4597303385
v -0.267774191 0.738079498 0.04847782532
v -0.4227258009 -0.6762825908 -0.07387804311
v -0.6227261255 -0.551556901 0.09182892416
v -0.2375780562 0.680175048 -0.3702439051
v -0.6367180276 0.3402464937 0.4073919609
v 0.06168233244 -0.3879163842 0.7003793317
v -0.03363139924 -0.2401285606 0.7600858066
v 0.1523087097 -0.1355674606 -0.8277289987
v 0.1863109999 -0.2528892033 0.7506788613
v 0.1261970355 -0.1372257734 0.7779073469
v 0.5857357133 0.2385583226 -0.5107299668
v 0.3207525004 -0.7418949511 -0.1827398199
v -0.7999762362 0.02072988121 0.1472134225
v 0.009923209649 -0.1648563546 0.7694374426
v -0.5068744918 -0.6305042454 -0.1842957985
v -0.5800290727 -0.5644229473 -0.1329286131
v 0.3230913183 -0.348676257 -0.687685412
v 0.7862596294 -0.02735997757 0.1641749705
v -0.04063181663 -0.2791685489 -0.7270459026
v -0.1962263683 0.6096002204 -0.5353919303
v -0.5436040321 -0.2561580591 -0.5481368681
v 0.07863964873 0.3201501765 0.7256018391
v 0.4441235276 -0.5834207059 0.3250860618
v -0.07144042973 0.3868345434 0.7047170652
v -0.6121014798 -0.536971019 0.09399219586
v 0.4496513663 0.3348198569 -0.5425395947
v -0.04477907764 0.4170006544 0.7089277897
v -0.06104608832 0.2503940827 0.7721019481
v 0.2118830351 -0.7722032393 0.1196523506
v 0.5511502459 -0.4415082224 0.3678164909
v 0.5535864214 0.302935609 -0.493162057
v 0.7873891208 -0.0528274379 0.08008363775
v -0.05009689118 -0.2883313104 -0.7222779719
v 0.1093500847 -0.3425221052 0.6979646721
v -0.0135874346 -0.2036429061 -0.7778821358
v -0.6887405517 -0.0918042048 0.4131547155
v 0.6465442037 0.4095847573 -0.2914941964
v -0.5311236614 -0.2340513681 -0.5846419524
v 0.4137821015 0.3480742311 -0.5677249709
v 0.4439697878 0.3212735886 -0.5584920594
v -0.03914406212 0.272494918 0.7415147289
v -0.01505936794 -0.1524512297 -0.7963180989
v -0.6278244821 -0.5529194904 -0.02608120521
v 0.7519970781 -0.03053588437 0.2152924143
v 0.03266109735 -0.292036413 0.7192471609
v -0.7453848657 0.6626660534 0.07262990919
v -0.05420889842 -0.4047782352 0.6769040763
v 0.1192879896 -0.220935163 -0.7916316422
v 0.6631795128 0.311839227 -0.3498527733
v 0.4555001246 -0.3820451565 -0.563515796
v 0.1436834713 0.2775370116 0.7120898412
v 0.0669257644 -0.2411789471 -0.7571234768
v 0.7800898323 -0.07457649538 0.1573458565
v -0.06807478993 -0.3679780682 -0.7097636288
v -0.2554306931 0.477824343 -0.6461468762
v 0.3667043134 -0.7168750263 -0.1110521072
v 0.7873013887 -0.02529735456 0.161812357
v 0.3970547989 -0.735030926 0.08271291184
v -0.5382340158 0.4303475884 -0.3949461884
v -0.5664922214 -0.5611375225 0.1712032698
v 0.2950775349 -0.7284918436 -0.1884686766
v -0.5846388234 -0.556831735 -0.002285445535
v -0.4210393119 -0.3097498676 -0.630243582
v -0.3031476978 0.7320877876 0.01894008378
v -0.07769050134 0.2656218932 0.7690636275
v 0.7640420067 -0.01731668012 0.2467029863
v 0.3137394737 0.3802072222 -0.6702521102
v -0.2148056411 0.7543638189 -0.1500043559
v 0.5756223218 0.2169575664 -0.5372050409
v -0.007103825403 0.4378033284 0.6956613463
v -0.6478911778 0.0009129593929 0.4634810356
v 0.6151259731 0.2407834672 0.4643562111
v -0.6507105854 -0.5142675916 0.08902861863
v 0.1888293349 -0.6200032114 0.4952789818
v -0.09055566112 -0.1093467322 0.793162365
v 0.3235707159 -0.4916628927 0.5273385151
v -0.671716885 0.06850025644 0.3911630984
v 0.02569688176 0.117543539 -0.8078771632
v 0.03516420437 -0.4193875104 0.6693963049
v 0.4932811688 -0.4091148958 0.4662775862
v 0.2487117061 -0.3915426054 -0.6637085577
v 0.07987984087 0.1554531343 0.7854383626
v 0.4295917332 -0.4776398492 -0.4512944661
v 0.3456671705 -0.743619674 0.03562000014
v -0.4614552401 -0.3178004219 -0.605604386
v 0.075189905 -0.3091148229 -0.7528375959
v 0.5128050519 0.2985313017 -0.508100268
v 0.2938104256 -0.490180506 0.5585111316
v -0.09998062818 0.2980278254 0.7413890908
v 0.3789845452 -0.7211735425 0.111072133
v 0.05824466156 0.3862027768 0.7046065656
v 0.3476558049 -0.434764382 0.5766176224
v 0.3100515957 -0.6467950032 -0.3815727023
v 0.3695634746 -0.7390421077 0.03814055896
v 0.3483944951 -0.3347641601 -0.6853856623
v 0.6779413954 0.005571726636 -0.4046028305
v 0.5316821788 -0.4989593501 0.3132875222
v 0.2433561132 -0.7611056627 -0.04531896989
v 0.7431451338 -0.07694892057 0.2181830148
v 0.2628581527 -0.4433809336 -0.5994566412
v 0.06357717038 0.4283976347 0.6884239829
v -0.2436905174 0.5603889387 -0.5178315004
v 0.4050768045 0.3468989068 -0.6057819958
v 0.6857800695 0.2311846079 -0.3892692885
v 0.1259405294 -0.2534443533 0.7324652682
v 0.3964117677 -0.3322322064 -0.655811475
v 0.2078384027 0.2267410237 0.7209218789
v -0.4495965039 -0.3839130699 -0.5634073825
v -0.08042565593 -0.07166516134 0.8269031128
v 0.2989138483 -0.7571115865 0.181292672
v 0.1494422326 -0.220708174 0.7447947897
v 0.4502157246 0.4201597557 -0.5053167997
v 0.03289581951 -0.3948777967 -0.695968826
v 0.09596095348 -0.3656875566 0.7083835168
v 0.1481542184 -0.2252149646 0.7430582659
v 0.06537168558 -0.426744075 -0.6892552328
v -0.1085891784 -0.1204085484 0.8084076087
v 0.08353705437 -0.3846802789 -0.7073277513
v -0.1213640656 -0.1110405819 0.7931186778
v 0.1340062818 -0.2519171767 -0.7633326698
v 0.09641358297 -0.09975126263 -0.8323481066
v 0.6445305371 0.4347294858 -0.3028369402
v 0.1115558144 -0.4150000104 -0.7197330848
v 0.2045047311 0.2086975308 0.7280008834
v -0.01956043688 -0.1810141732 -0.7852283896
v 0.1983576271 -0.755992704 0.09926651585
v 0.7367737675 -0.05220106142 0.2548581993
v 0.548562804 -0.4336279769 0.3804673492
v 0.4136813168 -0.4952017692 0.4681633798
v 0.2675020247 -0.3773173668 -0.6947687078
v 0.4232791629 -0.7248376697 -0.08617202031
v -0.06515751818 0.3116673686 0.7311636501
v 0.3883467007 -0.4749161901 0.4851028904
v -0.6845953878 0.03304145364 0.3774961388
v -0.2057475234 0.6010528949 -0.5369895846
v 0.2376691707 -0.7452640552 -0.002773849834
v -0.8131647815 -0.05596233761 0.1474771553
v 0.01703281352 -0.2927456009 -0.7500273669
v 0.7416277615 -0.009736557257 0.2633941113
v 0.2301121691 -0.7469068868 0.002910264022
v -0.7883019639 0.03553529648 0.2067469066
v 0.2202850245 -0.5918454925 0.5004503491
v 0.408753716 -0.3361018663 -0.6434355246
v 0.09425658423 -0.3723627371 -0.7326626654
v 0.1762909877 -0.6199655438 0.5076597002
v -0.5305022057 -0.5957048117 -0.1845984058
v 0.5806024903 0.2512132039 0.5021575494
v 0.09281748991 0.1446344886 0.7874290234
v -0.442005381 -0.3224701904 0.5594762445
v 0.6504129995 -0.2371811906 -0.3748480235
v 0.3281967971 -0.345028222 -0.6881096492
v -0.02317613482 -0.2555122863 0.7346512403
v 0.7259630487 -0.01865027202 0.3120664246
v -0.1931481302 0.7599208023 -0.1946044268
v 0.7248414245 -0.02037302248 0.3149061262
v -0.5598750621 -0.5715689429 -0.003814100737
v 0.7047660867 -0.1282426333 0.3199096582
v 0.4594094487 -0.4573557602 0.4717212987
v -0.02675377963 -0.7982839361 0.04792714163
v -0.6782389813 -0.07673432107 0.4291882668
v 0.01028018945 -0.2389503606 0.7404558643
v 0.03103522213 -0.2580009998 0.7325892971
v -0.09688814549 0.2870878924 0.7449095209
v -0.01499484281 0.3973670466 0.7115890171
v -0.0143690642 -0.1893227386 -0.7637556555
v -0.1828306364 0.6543766198 -0.4571591973
v -0.5551659572 -0.5994060701 -0.117871998
v -0.3962751631 -0.6587687686 0.259295883
v 0.0008105321698 -0.3930044597 -0.711037473
v 0.2964617892 -0.6375634029 -0.3717947431
v -0.5871474733 -0.5784715892 -0.06475327695
v -0.1659406241 0.7777352501 -0.005126729285
v -0.2914444298 0.7557351697 -0.08531417363
v -0.6084357434 -0.5631952936 0.006674400578
v 0.7275836493 -0.05780018991 0.3482425135
v 0.4269710342 -0.3489037526 -0.617679532
v -0.0880564803 -0.1140943465 0.8104644262
v 0.642901056 0.4659538655 -0.2805663623
v 0.1514164437 0.283958651 0.7278103998
v -0.3417494427 -0.2939979292 -0.6954277119
v 0.09458692814 0.3919362973 0.6778054761
v 0.6556299017 0.3901179418 -0.2974325344
v 0.6545021387 0.1880750443 -0.4816175353
v 0.1111162151 0.1275025872 0.7716839093
v 0.3270406642 -0.728415376 0.01566109584
v 0.486379208 -0.4098870219 0.4720760118
v -0.06038896537 -0.3737581665 -0.6895889367
v -0.2795451652 -0.3030823457 -0.6822759402
v -0.5556700592 -0.5740355148 -0.003108578581
v 0.3770092017 -0.3297935575 -0.6714178984
v -0.1836598896 0.6698708748 -0.4364759927
v -0.5725623661 -0.5659549813 -0.05510112721
v 0.4582173468 -0.3375650319 -0.5800152156
v 0.2099213402 -0.7557693804 0.1666204288
v 0.51590643 0.2852389321 -0.5152101457
v -0.8035494724 -0.1090225495 0.1857677849
v -0.600677709 -0.5485185803 -0.03441580678
v -0.2501956127 0.7426256548 0.01109151226
v 0.4295782635 -0.7248868402 -0.04380972936
v 0.1159386208 -0.3088865227 -0.7590701524
v 0.02034043956 -0.2569608795 0.7524196764
v 0.1982953146 -0.7706921847 -0.01837487989
v 0.0824232081 -0.1262031744 0.8023056372
v -0.5947875581 -0.5750983131 -0.09583580707
v 0.3028102093 -0.736876817 0.1399345175
v -0.03869470322 0.2800906301 0.7579063906
v 0.3402280771 -0.4458091525 -0.5735855003
v 0.3484817504 0.6004125458 -0.4676661616
v -0.443604734 -0.314394425 -0.5954155997
v -0.349475859 0.4677372055 -0.532614124
v 0.5356034231 0.2407018292 -0.5298692172
v 0.7900021313 -0.007317138831 0.09815310169
v 0.4681586713 -0.4387281215 -0.4664911353
v 0.3205184487 -0.4385892819 0.5984041538
v 0.1320410257 -0.1169491717 -0.8314563621
v -0.02711991557 -0.2551620433 0.7540762161
v 0.7747069424 -0.01515142855 0.1461942668
v 0.5352414089 -0.3998189566 -0.4911889783
v -0.06630428634 -0.3172656553 -0.728514164
v 0.785560812 -0.0288200867 0.1657141864
v -0.167625787 0.7115519158 -0.4327861777
v -0.2393865478 0.7433601133 0.05651015675
v -0.1204069541 -0.05541352389 0.814852403
v 0.656116064 0.4204360642 -0.3023579895
v 0.8059709862 -0.05930252421 0.07725496978
v -0.2793110242 0.6892186679 -0.3176102363
v 0.3880828487 -0.7373181 0.1006422994
v -0.6129729602 -0.5389930894 0.02572727435
v -0.2024074448 0.6039021624 -0.5366203587
v 0.6486051933 0.226013017 -0.4584156381
v 0.2921156819 -0.5098911774 0.5349003443
v 0.3683789122 -0.4599016903 -0.5397950456
v 0.3063499499 -0.4598909324 0.585021966
v -0.5728059539 -0.5847022981 -0.003683546733
v 0.1288579948 -0.2050534443 -0.7796364206
v 0.4046596597 -0.3257823461 -0.628429339
v 0.1251874159 -0.213139461 -0.7953632373
v 0.2564854453 -0.7643577112 0.1475492572
v -0.0503066444 0.2822286535 0.739651673
v -0.2102174212 0.7490706875 0.05531787606
v 0.12120672 -0.1529309402 -0.816706936
v 0.6289439606 0.2182094775 -0.4837425955
v 0.109306606 -0.2958734416 0.7354162739
v -0.7972071912 -0.08508402582 0.2312332122
v 0.5575733456 0.2744350673 0.4789313054
v 0.01137214739 0.3993255231 0.6876689622
v -0.2689318735 0.5739713249 -0.4755946538
v 0.3888449023 -0.5068128648 0.4437073961
v 0.07505489469 0.1608351005 0.7842049872
v 0.4601666746 -0.3281191673 -0.6173378417
v -0.1015626075 -0.05299813409 0.8154184301
v -0.516114615 -0.590384264 0.1878179123
v 0.392175117 0.3384041192 -0.5963951359
v -0.01011952014 -0.3006169659 -0.7238330714
v -0.02736112489 -0.4065779654 -0.6826111341
v -0.03216340234 -0.3463470944 -0.7230669053
v -0.5349529419 -0.6123424452 -0.14351875
v -0.5294388709 -0.6114050465 -0.03041294505
v 0.1299624838 -0.2832575689 0.7399348952
v -0.314589915 0.7338135833 -0.112231611
v 0.563419094 0.2419746602 -0.5015062338
v 0.09980426248 -0.3501459488 -0.7223694588
v -0.6101465794 -0.5408818332 0.0199949366
v -0.05733781571 -0.1560620441 -0.7886218703
v -0.6157035628 -0.5371154909 0.03268836836
v 0.6016098628 0.4586121414 -0.3268389757
v -0.8185910012 0.01461718066 0.1525403922
v 0.3897042539 -0.5445671782 0.3944446789
v 0.7915447743 -0.05312894628 0.1306350023
v -0.4433747948 -0.6448357518 -0.116851382
v -0.1812158468 0.7086816689 -0.3891133733
v 0.4301206292 -0.4578622463 0.4658855631
v -0.2925108042 0.7572410986 -0.142185499
v 0.7762777764 -0.04893365462 0.1206855572
v -0.3042031355 0.5578952485 -0.4955150002
v 0.02085878619 -0.3948506784 0.6984875483
v 0.01422207043 -0.8056768571 -0.04696710595
v -0.3272439918 0.7288029588 -0.02763063146
v 0.724122641 -0.1161004737 0.3254866376
v -0.8341388372 0.005117419016 -0.01247929976
v -0.2980836414 0.7559946708 -0.1368025345
v 0.09916707221 0.3947525758 0.6953156627
v 0.4275024036 -0.464782743 -0.4949323743
v 0.451722041 0.660609355 0.1137363777
v 0.4992871535 0.3365090876 0.5376043054
v 0.2159470825 0.1655173255 0.7420112617
v 0.1660562791 -0.7602695852 0.03241592274
v -0.6637963792 -0.0006089295663 0.4726966331
v -0.7440509441 -0.03825904501 -0.2836465226
v -0.7040933744 -0.1021141219 0.3855750631
v 0.7914750416 -0.08897943322 0.04449938308
v -0.06210997064 0.3365356397 0.7408683006
v -0.8108768328 -0.08663713614 0.1629622319
v -0.5492508932 -0.5804614753 -0.07357466848
v 0.3310902882 -0.7306293007 0.1153544006
v 0.5567423937 0.2657864803 0.5217842138
v 0.09745581909 -0.332324945 -0.7285103496
v -0.5687792165 -0.5719642739 -0.156383217
v -0.0425813456 0.3736423923 0.7243979661
v 0.1310886972 0.2805035731 0.7321368687
v -0.567828825 -0.56850261 -0.04814842757
v 0.3075153806 -0.7306912854 -0.03501827969
v 0.3243534807 -0.745850585 -0.0281170545
v -0.04762769692 -0.3730016856 0.6891980758
v 0.1727469259 -0.1680142639 -0.7997594389
v 0.1977631406 -0.7550343855 0.06360378951
v 0.5120475876 -0.4558860088 0.421832477
v 0.280730562 -0.3851953177 -0.6489086499
v 0.2015741834 -0.769950455 -0.02180150789
v -0.4507231345 -0.2956930007 -0.6397294386
v -0.4285312593 -0.6547607458 -0.147114411
v -0.7917852032 -0.007252425591 0.1737518223
v -0.2492538632 0.5807312873 -0.4862764565
v -0.6675823301 -0.03808989843 0.4782338291
v 0.07403523231 -0.1193321984 0.7859521795
v 0.4771384888 0.3694241879 0.5046257305
v 0.4013055154 -0.5580974735 0.3996762727
v -0.01246789555 -0.3851897748 -0.7118819542
v 0.3679601284 -0.7391059995 0.02989495975
v 0.2874234141 -0.4047989166 -0.6523636981
v 0.2801638793 0.4014230478 -0.6585050656
v 0.2196020312 -0.5830426591 0.5124111216
v 0.129847991 0.1295075969 0.7873543438
v 0.02103874655 0.4050037639 0.7033686011
v 0.4262070734 -0.3992827298 -0.5363276601
v 0.133033987 -0.3388714179 -0.750721297
v -0.4061294111 -0.3478517718 -0.6169217101
v 0.6421741072 -0.2141222008 -0.3997475849
v 0.4127574177 0.3466759409 -0.5698031254
v 0.1039678578 -0.1374218297 -0.8197581304
v 0.3252549401 -0.4324637383 0.6016010717
v 0.2039296596 -0.5761279735 0.5366937867
v 0.6723546116 0.4377612504 -0.2731207841
v -0.5108758989 -0.6060165541 -0.1490230167
v 0.170438117 -0.2024785483 -0.8060775819
v 0.8019952074 -0.0294714433 0.04365032377
v 0.06897176443 0.1694363199 0.781988142
v 0.3099935149 0.4210849659 -0.6426843779
v -0.4566097392 -0.6579219033 -0.120295039
v 0.3519293783 -0.7438217797 0.08282200333
v 0.3377887726 -0.7306623791 0.1597634217
v -0.1646625632 0.6556849727 -0.507336486
v -0.01806363239 0.2328950266 0.7719937134
v 0.3902130644 0.3385776167 -0.5981945384
v 0.01477967338 0.4415387678 0.6909978955
v 0.5058467982 0.3602149677 0.473664875
v -0.7900648908 0.06910955362 0.1913055769
v -0.4055727711 -0.380773905 -0.5886251814
v -0.4264079871 -0.2891798147 0.6002962352
v 0.5274691895 -0.470914038 0.3873916603
v 0.4946833629 -0.4406342091 0.4244769269
v -0.5590537059 -0.5955349499 -0.07575204319
v 0.2359490818 -0.7443649202 -0.04375056457
v -0.02207403174 -0.3160734044 -0.7356234457
v 0.1203096114 -0.2637378579 -0.776185306
v 0.268845989 -0.6196054964 -0.4093084786
v -0.1502642146 0.7615745408 0.02742200506
v 0.07043162212 0.3605081729 0.6929043407
v 0.09380703162 -0.2734457267 0.7444978594
v 0.289450044 -0.7487717904 -0.1568051149
v 0.605245918 0.2423044155 0.4764660745
v 0.332688032 -0.5008228828 0.5406178918
v -0.813000701 -0.06833934966 0.1521816561
v 0.3285901613 -0.4461141885 -0.5810793847
v -0.6956006431 -0.09756838232 0.4012400441
v 0.2302156209 -0.6002671799 0.5138765817
v 0.5007505277 0.3331106004 0.5386107216
v 0.2184656112 -0.7479851813 -0.0365921571
v -0.6299501384 -0.5482366098 0.06595392407
v 0.3954136063 -0.5776216843 0.3464388198
v 0.3498238968 -0.7430964401 0.04512409075
v 0.1669637284 -0.7626967014 0.1188715526
v 0.1398432094 0.1591701869 0.7558080314
v 0.5931297667 0.2326755622 -0.507947154
v 0.5164433124 -0.5106062061 0.3473337828
v -0.06297578518 0.3306976691 0.7431265682
v 0.4534198542 0.411828542 -0.508532015
v -0.05376974985 -0.1450643879 -0.7739408061
v 0.3803773522 -0.7328766615 -0.09664795498
v -0.4299993121 -0.3563201861 -0.5769426246
v 0.2438069919 0.2370216844 0.7117477932
v 0.5650598396 0.4409527148 -0.3477459211
v 0.4039373896 -0.4196601534 -0.5297615785
v -0.4647281786 -0.2794276924 -0.635012228
v 0.3259016665 -0.4728799348 0.5491337482
v 0.4706594539 -0.5551313888 0.3012710232
v 0.1157669338 0.3105043817 -0.715033516
v 0.3632758173 -0.7355338957 -0.1189968182
v -0.2580086585 0.7412589529 0.006003891693
v 0.1929919319 0.2601686149 0.7109794816
v 0.4757870446 -0.5696067712 0.3116579815
v -0.03440638616 0.2770508493 0.758367163
v -0.2425398976 -0.7584908045 0.0284358005
v 0.3569861635 -0.7263677965 0.1412982543
v 0.2186151938 -0.5817714374 0.5150120332
v -0.7657080229 -0.007046949645 -0.2555066839
v -0.1586764106 0.6746524541 -0.4889014766
v 0.07360662187 -0.3824470435 0.7022786248
v 0.1999957502 -0.6315258597 0.5035129272
v -0.02706122572 -0.3242001283 -0.7319088963
v -0.1716749193 0.7631435273 -0.1629145216
v -0.03130700842 0.3854628053 0.7183888524
v 0.1868140888 -0.1751338266 0.7618660773
v 0.3095748801 -0.5461667993 0.5052008169
v -0.2487334007 0.7667080022 -0.1737304107
v 0.736901134 -0.1425837951 0.2006529961
v 0.4241349981 -0.3477148394 -0.592184769
v 0.420150458 -0.4628757018 0.5032565849
v 0.4244451299 -0.3497677829 -0.5898081942
v -0.0879229153 -0.05795913732 0.8132045649
v -0.05961977834 -0.3037979108 -0.734431612
v -0.7367067764 0.04712771101 0.2665516331
v 0.5091709635 -0.4957640116 0.339526846
v -0.1879188459 0.6183318311 -0.5323646954
v 0.4743342794 -0.5303949841 0.3293794821
v 0.1421140378 -0.2467567162 -0.7664370876
v 0.5114325091 0.3062769094 -0.5035293174
v 0.4228278074 -0.3042917318 -0.6675809891
v 0.5304082751 -0.5241407926 0.3162409119
v 0.5064061501 0.4276673185 0.4474716523
v 0.5711609767 0.4429261809 -0.3688156357
v -0.2925252872 0.7337936767 0.03090661888
v -0.7965621337 -0.04494269253 0.177347662
v -0.677224221 -0.07466550146 0.4305211156
v -0.7322687947 -0.0109331385 -0.3079891757
v 0.4950526484 0.310995014 0.531794079
v 0.1949669923 -0.5944661319 0.5559857935
v 0.4231643423 -0.7090107835 -0.007108958507
v -0.329196985 0.7484637743 -0.0877417741
v 0.4820140284 -0.4250970714 0.4908575691
v -0.1303804183 -0.1112807799 0.8124146183
v 0.1390048521 -0.1044326384 0.7904739001
v 0.5063905347 0.346704132 0.4848468163
v 0.4828850022 -0.4384772923 0.4388476506
v 0.3721182851 -0.7385815736 0.03937000809
v -0.4744378653 -0.6272908181 -0.1402356199
v 0.187888688 -0.2343322062 0.7386950234
v 0.2207532768 -0.5857953735 0.5077486244
v -0.05230001335 0.2844334296 0.7391488822
v 0.340228852 -0.7383561045 -0.1743087305
v -0.2744220148 0.7385738852 -0.0108574662
v 0.4820347099 -0.5246904892 0.3291210538
v -0.8091161111 -0.01124947719 0.1809423545
v 0.3887343431 -0.7148407378 -0.03615625303
v 0.1488476419 0.2838400458 0.7282411931
v -0.1016141844 0.3189829281 0.7339984942
v 0.2101351574 0.2280133033 0.7393393658
v -0.09261066829 -0.05543962896 0.8142839322
v 0.08914337963 0.212335985 0.763309664
v -0.2818594873 0.7374641215 -0.02204916524
v -0.2384373631 0.7629557853 0.01730245978
v 0.579330911 0.4496141755 -0.3270705838
v -0.09491868012 -0.1184937294 0.8088818509
v -0.1824607549 0.7609871767 -0.1609874993
v 0.5683429996 0.2593631125 -0.5119482631
v -0.7139061404 -0.09636786184 0.4046132904
v 0.4530143017 -0.3861927043 -0.5608046232
v -0.003721370547 0.402354993 0.7080700175
v 0.1131568958 -0.2266605331 -0.7886196055
v 0.09787014773 0.1913037442 0.7696580841
v 0.2064379221 -0.7525455231 0.03705445679
v -0.7877522674 0.006483563104 0.1771022565
v 0.5382371151 0.4663640369 -0.3547276872
v 0.247007918 -0.4051187037 -0.6505138735
v 0.1719699275 -0.1640446239 -0.8010890097
v 0.1843604056 0.1316746309 -0.8055348586
v 0.01064425614 -0.2395345063 0.7402200842
v 0.4043696729 -0.5496708988 0.3734749443
v 0.7671876084 -0.2195530245 0.05051006878
v 0.1434450241 0.1289411675 0.7855091085
v 0.3876770579 -0.542755796 0.3987616118
v 0.1153545198 -0.09386126074 0.7950827568
v 0.4300196955 -0.5870174247 0.3343456445
v -0.08241554942 -0.1066305753 0.8132698276
v 0.4863518215 -0.4504667029 0.4540561504
v -0.03019474157 0.2672652314 0.742070326
v 0.0854450268 -0.2680788097 0.7275557264
v -0.02435026339 -0.4205072273 0.6893624544
v -0.09330734744 -0.1110582907 0.7925482998
v -0.6297314637 -0.5482674233 0.06861364663
v 0.7608741143 -0.0466519602 0.1751182858
v -0.02285988646 0.4265968913 0.6828953098
v 0.1687760046 -0.6161921091 0.5198904635
v 0.5190793884 0.4295696214 -0.4017262064
v 0.3662277766 -0.3180401654 -0.6624173698
v -0.797838779 0.02232989908 0.1920169402
v 0.1224697317 -0.3897142966 0.6984554832
v -0.1054771467 -0.1205240619 0.8082999104
v -0.282083973 0.5707127204 -0.4668401267
v -0.03502105857 -0.4015478217 -0.6832884952
v 0.2029165533 0.1554456694 0.7668757482
v 0.4072721041 -0.4758273049 0.4993138546
v -0.5867168588 -0.5568482444 -0.03585292311
v 0.1651674401 -0.7808236352 0.1038205846
v -0.7646878986 0.04842749632 0.2502141484
v -0.6486387485 0.0165322912 0.4564450925
v 0.2473872461 -0.4119707491 -0.6430220751
v -0.5442921213 -0.6065263778 -0.1359996843
v 0.05880896027 -0.09420675811 0.8152920172
v -0.02755789076 -0.3673207925 -0.7161175322
v -0.3527565754 0.5437172137 0.433125037
v 0.8085627193 -0.07475664571 0.0591316157
v -0.5794899851 -0.5807495847 -0.003942434617
v 0.3548108897 -0.736955609 -0.1265250178
v -0.1989408937 0.7214218387 -0.3893372035
v 0.13205755 -0.3026773595 0.7322986844
v 0.1598968675 0.1677905678 0.7688680778
v 0.4163592921 0.3492847794 -0.5928478856
v 0.3490528436 -0.5769698323 0.4268682231
v -0.2399351268 0.6936260148 -0.384668031
v 0.6402862574 0.2203856304 -0.4423237676
v 0.6069776142 0.1831638485 -0.5035831963
v -0.08924259232 -0.1083276807 0.7935344517
v -0.6695642892 -0.05230616712 0.4382018778
v -0.6758011965 -0.1112933556 0.4463496109
v 0.5096580794 -0.4210145478 0.4689031129
v 0.402050255 -0.5115323998 0.4586604775
v 0.3458944873 -0.7288714399 0.1527101199
v 0.3292752108 -0.5087703281 0.499788514
v -0.0580167972 -0.185609292 -0.7777502396
v 0.2282080931 -0.6071052191 0.507081753
v -0.2846026358 0.5843426679 -0.4808759843
v -0.291845393 0.7370715322 -0.07350144912
v 0.06122189527 0.2873096067 0.7401988068
v -0.008538772825 0.226240602 0.7537540151
v -0.09847151802 -0.06001285563 0.8318220715
v 0.003478365997 -0.2801653693 0.7244753873
v 0.6607964414 0.3697307437 -0.3079338067
v -0.5650540583 -0.5700151547 -0.04459054969
v 0.1356410971 -0.2837078218 0.720435955
v -0.5205977143 -0.6164010093 -0.02381944347
v 0.1938975932 -0.5952025572 0.5560931343
v 0.5931490177 0.4781247897 -0.2916639389
v -0.8251712081 -0.09076558942 0.1763740411
v 0.1802287562 -0.5866157761 0.5465554848
v 0.4573216984 -0.3463547531 -0.5713331331
v -0.01723476465 -0.3106475424 -0.7383313404
v 0.4569881734 -0.5403337458 0.3336948355
v 0.2985729327 -0.7333772471 -0.003658309594
v 0.5290094484 -0.4824355539 0.3711010515
v 0.3631191571 0.3365846314 -0.6549837415
v 0.300686043 0.644254169 -0.4526210568
v -0.4453995472 -0.3116156651 -0.5954237054
v -0.7786317031 -0.09026302951 0.2298141064
v -0.1146668627 0.787748751 -0.006408840219
v 0.6637543012 0.3262400789 -0.3382755011
v -0.2811305418 0.6662324355 -0.3452956798
v 0.06015499567 -0.1205778142 0.7857438158
v 0.2507558883 -0.3845813419 -0.6696881095
v 0.2893569478 -0.4171764464 -0.63799214
v 0.124076125 0.1239560074 0.7710208524
v 0.3991788161 0.3474255081 -0.6111869977
v -0.7912171497 -0.08999859644 0.2451497195
v 0.1882945534 -0.6326101142 0.513631504
v 0.4432651594 -0.4878546214 -0.4599778301
v 0.6081975793 0.4852675967 -0.2999705971
v -0.2875229174 0.736703856 -0.03338767366
v 0.4009691295 0.339148829 -0.5871662773
v -0.5436178594 -0.5856750995 -0.1239762567
v -0.716289629 0.08631775129 0.3352528554
v -0.1066974546 -0.05254774335 0.8156977187
v 0.3922224697 -0.7318329354 -0.05471615188
v 0.6128181177 0.2716462647 0.4402645064
v 0.1171761756 -0.3876209141 0.6801716209
v -0.5297923622 0.4186056396 -0.452293313
v 0.572835039 0.2405745074 0.4880313373
v 0.3008231245 0.4098751017 -0.6316993869
v 0.3653295654 -0.4367488444 0.5906831909
v 0.740239365 -0.1791314044 0.1674094367
v 0.2159057643 -0.6219522114 0.5001417371
v 0.1970066597 -0.7553108728 0.06789220342
v 0.1636239031 -0.1316906784 0.7985290437
v -0.4266735675 -0.6539602498 -0.09597572699
v -0.1232038773 -0.06375722387 0.830854515
v 0.1961216202 -0.7581631203 0.1568721358
v -0.5054862741 -0.3018333252 0.5127491763
v 0.4065695915 -0.5601017232 0.3919283108
v -0.4189480452 -0.386238269 -0.6030917429
v 0.6434034892 -0.0213955103 -0.4653173308
v -0.1259740249 -0.06593458367 0.8300587275
v -0.2232051422 0.6142320233 -0.502923775
v 0.1948547196 -0.6178264178 0.4921440783
v -0.4796443374 -0.2742775429 -0.5817417265
v 0.7655123541 -0.03318768377 0.1671462106
v 0.05231465276 -0.08460560416 -0.8119854938
v 0.3502585642 -0.7256234443 0.07308308999
v 0.287470737 -0.4073278903 -0.6496608694
v -0.2893435972 0.7544550675 -0.02925690526
v -0.435890059 -0.3290108523 -0.5930218598
v 0.1067663529 -0.2641802435 -0.7547523852
v 0.3344722065 -0.5120733351 0.5244350707
v 0.3151432174 -0.3270509751 -0.7158637527
v 0.08598183472 -0.3117286083 -0.73428565
v 0.8027377715 -0.03507219963 0.03776013191
v 0.5739313329 0.4476978665 -0.3338527474
v 0.5677618339 0.2584126613 0.513287668
v 0.1059656707 0.3666954925 0.6852875001
v -0.3040176583 0.7363150811 -0.1269946856
v -0.1123097697 -0.05289119567 0.8156760836
v -0.01083635919 -0.3011772714 -0.7235206449
v 0.614044043 0.2099163635 -0.4761692038
v -0.1719972097 0.7147160533 -0.4244303192
v 0.09095713093 -0.1208556127 0.7850165689
v 0.5211230342 -0.5342392244 0.312423045
v -0.04214315808 0.4149331385 0.690055848
v 0.5490389534 0.24568839 -0.5414128449
v -0.5637097662 -0.5911791575 -0.03284622807
v -0.4351362303 -0.649372909 -0.1075243462
v 0.1893799403 0.1448889386 0.7727657202
v 0.5506259392 -0.3769525812 -0.5050080685
v 0.7441165644 -0.01108311416 0.2540174431
v -0.4849878016 -0.3892088237 -0.4730356414
v -0.5958495816 -0.57094111 -0.0009789059121
v 0.1561853727 -0.2371323031 -0.7912962695
v 0.4519322524 -0.3626621991 -0.5577288734
v 0.743199728 -0.07902418451 0.2167603628
v 0.05848421509 0.243801613 0.7372405894
v -0.4566898424 -0.4299179573 -0.5131474873
v -0.2204951614 0.5900076476 -0.5366506954
v 0.1719538353 0.3171137035 0.7126280944
v 0.5476447756 0.2727523033 0.5280240415
v 0.07332357105 -0.412282371 0.6714084815
v -0.5161772552 -0.6250411925 -0.1856881734
v 0.1184765644 0.1648574572 0.7569593367
v 0.1630234715 -0.7809593458 0.09446283219
v 0.09003867041 0.2470982427 0.7505054831
v -0.1570331171 0.6982616918 -0.4262540983
v -0.08059255258 -0.09519847525 0.7984948925
v -0.02410721018 -0.8137290206 -0.02744344452
v 0.4286469143 -0.7245861551 -0.05981441163
v -0.03872226106 -0.1134704025 -0.7877267881
v 0.1164791314 0.2704178064 0.7187894282
v -0.2206845424 0.6829739529 -0.3832667607
v -0.001944486894 -0.2117095228 -0.7574712465
v -0.02128723459 -0.3767972321 -0.7136098955
v 0.424453474 -0.7273103804 0.003523912049
v 0.5607081 0.4842841268 -0.3474848405
v 0.7771663025 -0.04845498711 0.1179088982
v 0.3276588419 -0.4344554422 -0.5653635346
v -0.1294111631 -0.06973043567 0.8286433914
v 0.7900741885 -0.08078394509 -0.1460601356
v 0.01938474355 -0.147047256 0.7762117091
v 0.3072519458 -0.5422229664 0.5125432562
v 0.5405095081 0.2336774785 -0.5304092585
v 0.2183605353 -0.5889052745 0.5401078297
v -0.2367511721 0.6803553398 -0.3708258456
v 0.3642722206 -0.3039332042 -0.7072854945
v 0.6993760446 -0.1031247325 0.3534237149
v -0.06650358338 -0.3587831521 -0.694124127
v -0.4971203133 -0.2807710905 -0.5897157536
v 0.5371092328 0.407722357 0.4232683752
v 0.2159936008 -0.5997513961 0.4945323945
v 0.240785136 0.2537751069 0.706097952
v 0.1420110182 0.1591543629 0.7554866649
v 0.0748701253 0.152052129 0.7682061533
v 0.5251378515 0.4176764659 -0.4334406819
v -0.04451541938 -0.2087042507 -0.7521422951
v 0.2116446475 -0.6049689539 0.4921187779
v -0.8118964802 -0.03039824232 0.1820505238
v -0.2402993313 0.5347669879 0.5467435843
v -0.001935637482 -0.1307360105 -0.7869852968
v 0.6014667617 0.4749881281 -0.2858719801
v 0.5638002996 0.43950436 -0.3500936195
v 0.1602158947 -0.1216836591 0.7833019186
v 0.4839882693 -0.5646853688 0.3099028028
v -0.1244722754 -0.0579097135 0.8139579168
v 0.1016039406 -0.234242701 -0.7841127255
v 0.3607977724 -0.7219323181 0.01867263157
v -0.3120872848 0.7307376547 0.006026386738
v 0.5232769412 0.3898212797 0.4578976789
v 0.5581812719 0.4309576901 -0.3621617029
v 0.3075683655 -0.4687531876 -0.5426313797
v 0.634401709 0.4609272978 0.2438523778
v 0.1818301952 -0.1575497949 0.7688423899
v 0.7790732841 -0.04787797112 0.1116814749
v 0.1947929137 0.2583548487 0.7113687332
v 0.06035334282 0.3754137526 0.6889926921
v -0.08315010477 -0.1079451788 0.8127704936
v 0.1264222812 -0.2090602154 -0.7778084098
v 0.5119245719 0.3958090564 -0.4345857589
v -0.6905390601 -0.09355079364 0.4101141897
v 0.3224969511 -0.5554357692 0.4466100061
v 0.7473935259 -0.016127914 0.3047747055
v -0.6832020445 -0.03901641621 0.4467978374
v -0.6291566156 0.276545883 0.4042416507
v 0.1687863453 -0.7595224913 0.02526187729
v 0.65443926 0.3934050653 -0.2960915203
v 0.7212141901 -0.06224741713 0.302494475
v -0.05479970078 -0.1832518787 -0.7598670127
v -0.6394774173 -0.5456380226 -0.01604018002
v 0.3910412449 -0.5025388444 0.4470282832
v -0.1610049176 0.6657853712 -0.4979817807
v -0.08324507836 -0.06195794807 0.8115468928
v -0.2073419593 0.5806392043 -0.5276078503
v 0.6321181111 0.2132746054 -0.4558040878
v -0.07986451606 -0.06674766284 0.8096059985
v 0.4190762461 -0.4674723404 0.4644241856
v -0.8083195488 0.04210071499 0.1637220802
v 0.8023932203 -0.03218343188 0.04066567351
v -0.5119135458 -0.5993371717 0.01404508079
v 0.3855586729 -0.7161532031 -0.01311006247
v 0.3372679823 -0.729166165 0.1067183148
v -0.1760942609 0.6092739666 -0.521617034
v 0.4160517528 -0.466790241 0.5022678106
v 0.3880931298 -0.7300019446 -0.1422088922
v 0.803028563 -0.03815579437 0.03492370467
v 0.2416755991 0.2506438391 0.7071047854
v -0.5269315919 -0.5854097575 0.1491511729
v 0.7768776567 -0.01238662637 0.1403594551
v 0.5721189971 0.4467314423 -0.3363762974
v 0.2080017084 0.2176262109 0.743446862
v -0.6878142388 -0.05821672004 0.4441992204
v -0.735562504 -0.1466649329 0.3373142622
v 0.3704754535 -0.4310451839 0.5929363925
v 0.08561630409 -0.2958721006 0.7166837381
v 0.6395861885 0.1867771513 -0.4972974463
v 0.0120750222 -0.167084211 0.7877319138
v -0.135012102 -0.09819707205 0.7984151469
v 0.4481051473 -0.4470837118 -0.4711339345
v 0.5532005074 0.2583586333 -0.499040705
v 0.111190701 0.1693291729 0.7564290103
v 0.2480114733 -0.7419397112 -0.04628019758
v 0.03490695317 0.2347076753 0.7441125414
v 0.7697972217 -0.08062358216 0.1892130735
v 0.6177173486 0.4535492173 -0.314849446
v -0.009951248949 -0.2534453069 -0.7602792107
v 0.1324341366 -0.1964150937 -0.7833245072
v -0.06220491444 0.3151852955 0.7486637046
v -0.06861582205 -0.3326929788 -0.7033146029
v 0.8029772468 -0.07283947988 0.01446820052
v 0.5322609605 0.3188127981 0.508325022
v -0.4604298412 -0.6367123656 -0.1702830659
v 0.1142941129 -0.1370367799 -0.8022289312
v 0.1653879326 0.2760047987 0.7093732447
v -0.6922924509 -0.09508083106 0.4070889514
v -0.4805639751 -0.4002646799 -0.5068059809
v -0.4456771967 -0.3754245404 -0.57623594
v 0.1160915858 -0.147067848 -0.8180720287
v -0.4569029147 -0.4220422116 -0.4823048199
v 0.3447996536 -0.7386853979 -0.1338217136
v -0.8290643208 -0.05749706113 0.1567088301
v 0.1905483361 0.1857827298 0.7384581109
v 0.4011464413 -0.3334995243 -0.6512931517
v 0.150041502 0.159915001 0.7539977221
v -0.4043520609 -0.3597631055 -0.608830091
v 0.1784522404 -0.7754411625 0.01100286657
v 0.103591383 0.1380446711 0.7882049639
v 0.4586153598 -0.3257764754 -0.6208540401
v -0.6583363064 -0.5303812164 0.09358640501
v 0.006692416729 -0.1288368068 -0.8082074698
v -0.01901149278 -0.167383585 -0.7902791849
v -0.1002754054 -0.1200620527 0.80837608
v -0.7964494289 -0.03938118693 0.1756129412
v 0.5043450413 0.4286878004 0.4152877026
v 0.4248342028 0.442382355 -0.4847312507
v 0.7206954859 -0.1384564518 0.323996324
v -0.4918485486 -0.6379019344 -0.1436959427
v 0.5168049094 -0.5169369248 0.3048653282
v 0.304117549 -0.4982166071 0.5720615123
v 0.7529352516 -0.05611819324 0.1968415511
v -0.114777921 -0.05337333119 0.8155371546
v -0.4936402626 -0.630395355 0.02959566963
v 0.2149160215 -0.7670191175 -0.03286407473
v 0.3958650214 -0.4646698892 -0.5162992279
v -0.1580474452 0.6375815215 -0.5030651477
v 0.5762297714 -0.3809039237 -0.4836391289
v -0.3666840492 0.5690267379 0.4256969516
v -0.5942722511 -0.5509518354 0.002261352448
v 0.3515855423 -0.4299200731 0.578964993
v -0.7806206951 -0.1344976592 0.2413904101
v -0.7935733412 -0.06742474083 0.1913647305
v 0.5213321132 0.3908861641 -0.4576728057
v -0.2046957511 0.7513443321 0.01550520389
v -0.5768629088 -0.5771801629 0.1339150929
v 0.03784619148 -0.4326299943 -0.7021840386
v 0.701551229 -0.1550922377 0.3150146589
v 0.669639982 0.3885387637 -0.3134308021
v 0.1318836503 -0.3355247237 -0.7517674667
v 0.4955047787 0.3468129031 0.5336618433
v -0.05273799599 0.4062820185 0.6948073886
v 0.3115199465 -0.3125858143 -0.7049200053
v 0.7219295764 -0.06081489378 0.3008816225
v 0.2790250008 -0.7369888066 -0.01013732024
v 0.483463754 0.5396371933 -0.3526354073
v 0.6573378768 0.1888983375 -0.4781956251
v 0.04810864416 0.2445982796 0.7577435617
v 0.6844955568 0.4196928146 -0.2749813964
v 0.716731508 -0.1929320332 0.3052486496
v -0.5439748075 -0.5830814591 -0.05992242286
v -0.2297629244 0.7464033807 0.01764008614
v 0.5960028744 0.2306915468 -0.5066351059
v -0.1943107596 0.6847623292 -0.4408975246
v 0.5133711386 -0.4339949976 -0.4411255566
v -0.4967570176 -0.6364043495 -0.1816692735
v -0.4813734409 -0.6388298565 -0.001664624131
v 0.2570910175 -0.7412461983 -0.01059989372
v 0.004430981864 -0.2260185301 0.7456303309
v -0.1182205425 -0.05444931616 0.8151855109
v 0.3787122896 0.3414118349 -0.6073519955
v 0.6499944243 0.4287350935 -0.3020402586
v 0.3022456126 -0.5062361095 0.5636182495
v 0.2500956326 -0.7426624284 -0.008808386492
v -0.5513783971 -0.6039537169 -0.1797806638
v 0.2187832229 -0.7723531349 0.1692443761
v 0.734164929 -0.05074816583 0.2647115235
v -0.6170572717 -0.5361605101 0.03678841823
v -0.02923751271 -0.3635086472 -0.7172534605
v 0.3806302377 -0.3998132052 0.5890073406
v -0.04897274891 -0.2904968097 -0.7408862404
v 0.579422994 0.2139116616 -0.5357914928
v 0.06777411224 -0.3928378461 -0.7019757345
v 0.7894691826 -0.05771481574 0.07000917289
v 0.3742527027 -0.5319426335 0.4598266829
v -0.59454552 -0.5751139881 -0.09239723846
v -0.5552722251 -0.5017997967 -0.315462945
v 0.4446833563 0.319535694 -0.5877045901
v 0.4086387464 0.3470922512 -0.6021267492
v 0.3784540997 -0.4824709566 -0.4805359032
v -0.4152629982 -0.4027118219 -0.5560685192
v 0.7766599356 -0.05344474764 0.1817347597
v 0.7081702955 -0.1076400012 0.3204358125
v 0.07328565016 0.2937277 0.7360393984
v -0.2224884298 0.5953797499 -0.4938124786
v 0.4297289339 -0.4152648458 -0.5457374066
v -0.01982112628 -0.09724367067 -0.7964933843
v 0.4626120883 0.3546094396 -0.5432319156
v 0.2864334776 -0.7413853062 0.1837411551
v -0.8114936992 -0.08313007151 0.1604693017
v -0.5334839653 -0.588707758 -0.04398164736
v -0.2411118368 0.7488246561 -0.1360137053
v 0.3358394448 0.3881616705 -0.6424083674
v 0.3768352275 -0.576369058 0.3663185186
v -0.4278822383 -0.4148778291 -0.5281471168
v 0.7725458237 -0.01845611554 0.1516747677
v -0.07923340505 -0.09075989011 0.8002033444
v -0.578719349 -0.5541241382 0.1648854844
v -0.801886019 -0.1121548901 0.19025674
v 0.3180618302 -0.6436471962 -0.3795176728
v 0.3014600465 -0.7317876985 -0.03776817426
v 0.009420185968 -0.0919049075 -0.8220798131
v 0.07233905814 -0.08725164092 -0.8140429073
v -0.7852254989 -0.131324507 0.2309057812
v 0.7308656172 -0.1774658054 0.2006987843
v 0.2402023313 -0.7447244908 -0.004311548732
v 0.3927634645 -0.546476961 0.4229806234
v -0.2007728977 0.752141848 0.01436422351
v -0.6494167154 -0.5176917667 0.01757746824
v 0.003765424488 -0.2181089759 -0.7560004819
v 0.6684941004 0.3928100126 -0.3112932257
v 0.2432317863 0.2156069268 0.738866852
v 0.08980765094 0.407377329 0.6921268505
v 0.08548139808 0.2233022465 0.7406379442
v 0.02001798156 -0.1237506758 -0.8120721531
v 0.2914105469 0.385641637 -0.6594975352
v 0.6532111892 0.3964823051 -0.2949478737
v -0.452617004 -0.4288640394 -0.5196238699
v -0.7216484403 0.0457561293 0.3386794443
v 0.1803003664 -0.6206943402 0.5027815679
v -0.6574986793 0.04970555348 0.4267133211
v 0.165803036 -0.6092314118 0.5317412132
v -0.07873909982 -0.0694984775 0.8085076186
v 0.5655589948 0.2642813262 -0.5109291521
v 0.04220902422 -0.3957240361 -0.6970657754
v 0.1020006647 -0.2986456455 0.7344789349
v -0.5505404719 -0.5834887698 -0.1755351623
v -0.2252808531 0.7460888683 0.0570212321
v -0.03178635762 -0.2772439255 -0.7483100941
v -0.7124036087 -0.1046898672 0.3695855566
v 0.233478621 0.1914044096 0.7299314072
v -0.03500236632 -0.1856193198 0.7814291478
v -0.5458836963 -0.5730258802 0.1800427278
v 0.3706113429 -0.502517567 0.4671499308
v -0.06122662607 -0.382683807 -0.7054372195
v -0.01452293718 -0.8124867052 -0.006720975672
v 0.1617447997 -0.7809168506 0.08478370572
v 0.5051468485 0.2955648594 0.5316663548
v 0.3362129321 -0.7492997923 0.1630859777
v 0.1004929328 -0.2299942493 -0.7662656166
v -0.1189868575 -0.06141815267 0.8316845729
v 0.4980598873 0.4165942675 0.4686065104
v -0.4679237555 -0.3341545351 0.553605881
v 0.3932327003 -0.5482659929 0.4202247799
v 0.417292757 0.3553834729 -0.5586792053
v -0.7921580647 -0.07153747445 0.1956951182
v -0.5787068329 -0.5823037306 -0.0332508269
v -0.0182941527 0.2632289579 0.7417456218
v -0.6531151726 -0.5131348818 0.08115602433
v 0.4250558575 -0.4523873926 -0.481012142
v 0.4599155176 -0.5551774601 0.3457735576
v 0.09393893526 -0.4203760761 -0.6958872327
v -0.2276157523 0.765023629 0.0185445014
v -0.7866683704 0.03713422478 0.2095042848
v 0.1301855987 -0.1577323963 -0.7970840265
v 0.1053631605 -0.2908232721 0.7182615454
v 0.5544695239 0.2175848331 -0.5289679962
v 0.3512572919 -0.5287030416 0.4526049945
v 0.07906753651 -0.1199605678 -0.8031367679
v 0.02124252667 0.2710961211 0.7521403282
v 0.4500069734 -0.316949772 -0.6359580899
v 0.00156565194 -0.2049222484 0.7539375851
v 0.3307004108 -0.3434075618 -0.6881398668
v -0.2593632317 0.7644444897 -0.1672388002
v 0.4100814093 -0.4655040297 -0.5058704895
v 0.07955939066 0.332038415 0.7211304215
v 0.6910349373 0.4067201725 -0.2784613875
v -0.03599713427 -0.1824848186 0.763466056
v -0.06577686552 -0.3740062243 -0.7079133274
v 0.2549639308 -0.4101399073 -0.6685224405
v 0.005394742117 -0.228868915 0.7444963098
v 0.4587128366 0.337249238 -0.5603456984
v -0.066152342 -0.3186038383 -0.7088215218
v -0.5831593571 -0.5121420546 -0.2308564915
v 0.5587741789 0.2484912434 -0.5010972543
v 0.07156705871 -0.2969638052 0.7165389682
v -0.0813013232 -0.09702947347 0.7977931547
v -0.03926915266 0.2311485495 0.7566022694
v 0.1540619962 -0.121802242 0.8025879654
v 0.7631565202 -0.0160809245 0.2504892947
v -0.4112887094 -0.3303529987 -0.6253389871
v 0.003918595764 -0.3943224083 -0.7110262084
v -0.7941571293 -0.06534699602 0.1894439365
v 0.1988706096 -0.6156763253 0.4909515294
v 0.7421753125 -0.06561848431 0.2282648031
v 0.4191552765 -0.7252962369 -0.09760953655
v -0.5819577489 -0.5846791134 -0.1489462362
v 0.264986342 0.7676875981 0.01686416797
v 0.07707924479 0.4191866861 0.6897436004
v 0.2281262316 0.2862251138 0.7154094172
v 0.7949770551 -0.1382216403 0.003139850749
v -0.05881845167 0.3470796755 0.717301141
v 0.4409852568 0.3172538543 -0.5645045704
v 0.09450489533 -0.09547438889 0.8140795021
v 0.1989402679 -0.576521576 0.5410964252
v -0.2892797948 0.7378442543 -0.08258409999
v -0.6789775522 0.0617381 0.419808112
v 0.7728004972 -0.06780149127 0.1864925136
v -0.01373547324 -0.4135383349 -0.682130455
v 0.1621533024 0.3181242917 0.7137386329
v 0.6160090756 0.209728711 -0.4743777581
v 0.5493883918 0.26720128 -0.4960330191
v -0.5745806221 -0.5648858057 -0.0585231492
v 0.448552599 -0.5819723511 0.3225870672
v 0.002616727689 -0.2229122945 0.7660902715
v 0.7483417718 -0.3219746112 -0.1457436264
v -0.5887321347 -0.5543473426 -0.0007285424315
v -0.001692319796 0.2677985676 0.7568028255
v -0.3880360026 -0.6766525915 -0.09026063058
v 0.6530754189 0.4248087533 -0.3020085511
v -0.6064139115 -0.5450572145 -0.03277915874
v 0.01649138655 -0.2470647621 0.7371580425
v 0.2048654639 -0.7692151621 -0.02493578365
v -0.5422935335 -0.6024902236 0.004392851434
v 0.6629682285 0.4079354292 -0.3051691424
v 0.2581406441 -0.7592709767 -0.01064225859
v -0.06022336131 0.308036886 0.7509698912
v -0.5910469633 -0.1108732979 -0.6117473031
v 0.7842552008 -0.0492844937 0.09298975806
v -0.7913072658 -0.07358289337 0.1981476243
v 0.7288914657 -0.05356139351 0.3462577233
v 0.200942819 -0.6312040759 0.5029940442
v 0.01039569546 -0.2949793429 -0.7482116339
v 0.01628782062 0.4053671787 0.7039530448
v -0.6199754375 -0.5577340884 -0.03042704991
v 0.1010777118 0.3914213181 0.6962414392
v 0.3672754662 0.3191809511 -0.6356121083
v 0.5813095325 0.4541209661 -0.3502625574
v 0.4339498501 0.315143873 -0.6016318852
v 0.3641886605 0.5053078298 -0.496333436
v -0.2903448579 0.7375396951 -0.07935198794
v -0.7713123292 0.0692079915 0.188382807
v -0.664637344 -0.0166264099 0.4356210218
v 0.2946355665 -0.3802325525 -0.6734668487
v -0.5457125829 -0.5744934264 0.1433087621
v -0.2641576847 -0.3195870996 -0.6785824895
v 0.1809467798 0.1757906255 0.743548481
v 0.1342472024 -0.1871743298 -0.786966165
v -0.8008915826 0.01609766669 0.1880098263
v -0.3657735901 0.568217719 0.3985096203
v 0.519654296 0.3445653338 -0.4947432318
v -0.5106889914 -0.6143354304 0.1896751869
v 0.1401148243 0.4830965248 -0.6672516956
v 0.08075606689 -0.3714098125 0.687242341
v -0.06099041762 0.3103524597 0.7502417503
v 0.10530616 -0.3966138139 0.6768933482
v 0.06065123419 0.3838454827 0.7051025024
v 0.4045789009 0.3059516986 -0.6089954231
v 0.7107856901 -0.09487485876 0.3190179732
v 0.09776636069 -0.4187745478 -0.6970485509
v 0.7682365794 -0.02911445419 0.225231921
v 0.7486120011 -0.01720970072 0.2348834226
v 0.2179697936 -0.5811267374 0.5164735597
v 0.5603948391 0.4155565014 -0.4003446341
v 0.2028233826 0.3064167622 0.7118686037
v 0.339510724 -0.5721677504 0.4424120063
v 0.419653955 -0.5886954207 0.3423892852
v 0.293847378 -0.7513599475 -0.0424387064
v -0.6858564775 0.01783100557 0.4213250075
v 0.6914583997 0.2249082896 -0.4170633244
v 0.002437848755 -0.202768267 0.7739712025
v -0.7684190169 0.07177638355 0.1933594442
v -0.8099620228 -0.01582024441 0.1808362356
v 0.3870684759 -0.7156063078 -0.02150799902
v 0.3957950205 -0.4534638394 -0.4995268077
v -0.1096397363 -0.05260693794 0.8157336578
v 0.6359547224 0.4543245619 -0.2677122063
v -0.6508853344 0.03066878631 0.4468843775
v -0.3101855481 0.7490797468 0.01457811525
v 0.7551054891 -0.0566587411 0.2540914373
v -0.1282088695 -0.1070824747 0.794803945
v -0.268289796 0.7612068646 -0.1174140939
v -0.02895520691 -0.3494123545 -0.7032059509
v -0.1629756271 0.7065019549 -0.4438341964
v -0.02802346476 -0.353520715 -0.7018491427
v 0.003919212723 -0.2295218994 0.7634794066
v 0.1262347627 -0.2793919618 0.7223125998
v 0.6778899004 0.4027329205 -0.265867567
v 0.3634589402 -0.7216462351 0.02637987325
v -0.3226488432 0.6623010592 -0.3435002706
v 0.5297675684 0.4439418947 0.367213571
v 0.7407627181 -0.05926473742 0.2369116765
v 0.04941272072 0.3934147206 0.703310848
v 0.5244390938 0.2611775939 -0.5252062432
v 0.773867706 -0.233920351 0.01894617608
v 0.7891886424 -0.05571585178 0.1372144344
v 0.6404516491 0.4183514131 -0.2907902236
v -0.244010394 -0.760402137 -0.04640093727
v -0.6639427584 0.01173075037 0.4680414071
v 0.4288748569 0.4016512288 -0.5404830752
v 0.4604033487 -0.5608475655 0.3040280884
v 0.1851796609 -0.7599843962 0.146594783
v 0.2200068833 -0.5837392712 0.5111195761
v -0.6127405773 -0.5621220652 -0.0330902442
v -0.3745933798 -0.6917783359 0.2767104999
v -0.6100428147 -0.5621867319 0.008175707241
v -0.4114467404 -0.6845230327 -0.1156647634
v 0.2295835861 -0.5964990496 0.5193306349
v 0.1681584229 -0.615574289 0.5212901842
v 0.1854372846 -0.7780408821 0.1424846047
v 0.4008525507 0.4687841799 -0.5167443254
v 0.172095357 0.1590409578 -0.7753811148
v 0.3917636343 -0.7317645734 -0.05995193634
v 0.02342629913 -0.08436691856 -0.8077129634
v -0.006990484107 -0.2729145958 0.7275210388
v 0.652966469 0.4388900862 -0.2627625533
v 0.385834594 -0.7321678313 -0.08489836988
v 0.3255783927 -0.4564171696 0.6045582162
v 0.639698178 -0.3034748754 -0.3732241449
v -0.1915037788 0.6711548511 -0.4611062189
v -0.3189708589 0.7477891549 0.0006880464265
v -0.5942028164 -0.5523968526 -0.03548893837
v -0.04746984839 -0.3993994874 -0.7014207931
v -0.2568805379 -0.3374620718 -0.6923935633
v 0.3646159374 -0.330648141 -0.678838653
v 0.4427280684 -0.4487204642 -0.4730165096
v 0.204935897 -0.7566438408 0.163420665
v 0.2753493111 -0.7607255299 0.1489217403
v 0.6136699299 0.1934585303 -0.5177080675
v 0.07553584937 -0.3944250405 -0.7217963988
v 0.2427593918 -0.7441847475 -0.005697956567
v 0.0725162955 -0.3910965543 -0.7033260462
v 0.2123588865 -0.6248671587 0.4998921893
v 0.05755094382 0.2050437294 0.7707344118
v -0.6883011163 0.0355273398 0.3690824677
v 0.4109024675 -0.4986551783 0.4664678612
v 0.6935033567 -0.1399403882 0.3517582053
v 0.8084469749 -0.01090274311 0.09751543461
v 0.1912099477 0.141880612 0.7543583059
v 0.4934598515 0.3539310951 0.5301648363
v 0.425348884 0.4706485172 -0.4911975906
v 0.3622230319 -0.3924548823 0.6165489082
v -0.02559055983 0.2653527368 0.7420725908
v 0.09503598159 -0.3700054728 -0.7336394601
v 0.2738893342 -0.458525035 -0.604708231
v 0.1549821106 0.1610119802 0.7528523769
v 0.2302021661 -0.599226255 0.5152246883
v 0.3570814648 -0.3973824533 0.6152866862
v 0.3244772414 0.3492746175 -0.654744445
v -0.5336083518 0.4436200514 -0.3824760094
v 0.4818169888 -0.4565373244 -0.4385082846
v 0.4308361943 0.3820144622 -0.5535666042
v 0.690755172 -0.1645572638 0.3465834705
v 0.7669378818 -0.0620682204 0.1450540621
v -0.2797253081 -0.7605532841 -0.0603750151
v 0.2595094618 -0.7407639101 -0.01097658549
v 0.6942772708 0.3988641844 -0.2812756395
v 0.1265315142 -0.1437387658 0.7945625029
v 0.457313861 -0.4583708482 0.4724807
v 0.09394671314 0.1874254869 0.7524357685
v 0.1476705891 -0.2339435952 0.758863517
v -0.06756367733 -0.3208960783 -0.7270009637
v 0.4575295854 0.399166747 -0.5141667772
v 0.1149826789 -0.2989051764 -0.7433359452
v 0.08940352146 -0.09766103894 -0.8320520107
v -0.04314273505 -0.2852329124 -0.7436845493
v 0.07612898734 0.3140861706 0.7089630136
v 0.369988129 -0.3855100686 0.6178175671
v 0.4945925316 -0.5132632019 0.3314242901
v 0.0441617977 -0.09006606435 0.7979965717
v 0.7027216661 0.3690880106 -0.2957282843
v 0.5977169288 0.4589155383 -0.3304402838
v 0.4799543501 -0.4320199819 -0.4656542531
v 0.03100769409 -0.2402356182 -0.7520469937
v 0.7533866071 -0.01246349069 0.2863045614
v -0.04728975021 0.4109366187 0.6922889046
v -0.06355675717 0.2443300768 0.755463063
v -0.5879914181 -0.5768573063 -0.03479850611
v -0.05260779843 -0.2943957038 -0.7389166185
v -0.2247171355 0.7655878085 0.01853411413
v -0.3432220549 0.4108613729 0.6084881026
v 0.7830967434 -0.06678024203 0.1516230194
v 0.02603095443 0.1110316791 -0.7912215899
v 0.2382995367 0.2022465678 0.7444802176
v 0.15063201 -0.2144109062 0.7472334684
v 0.0354986719 -0.4259004878 0.6860514609
v 0.03299559096 -0.2985494501 0.735902317
v -0.05387441972 -0.4112912424 0.6935592323
v -0.2123024894 0.7078405253 -0.3596234911
v -0.498738351 -0.6339116726 -0.146226615
v 0.3278311771 -0.731381997 0.1192718826
v 0.02762612975 -0.3940722942 -0.6954671675
v -0.3114622233 0.7488867004 0.01274303624
v 0.3764128677 -0.4506757818 -0.5441437455
v 0.05438369588 -0.2439165379 -0.7542329657
v 0.01025767625 -0.1713693618 0.7860926582
v 0.0135885456 -0.3907706581 -0.6945521191
v -0.272210623 0.7603288878 -0.1135905127
v 0.1662607539 -0.1288992831 0.7803588398
v 0.3272762655 -0.3033439031 -0.7040992451
v 0.354385073 0.3543028241 -0.6214498675
v -0.3325824495 0.7474176046 -0.07487656962
v -0.08020115528 0.2595578873 0.7524248616
v 0.4303355788 -0.3946531917 -0.5384446146
v 0.1950199027 -0.7714431526 -0.01461922012
v -0.789090957 0.04585713 0.1604755597
v 0.109684556 -0.3490350826 0.7146198281
v 0.5516486859 -0.4535566674 0.3518749033
v -0.009614554779 0.4317393523 0.6790225209
v -0.4517562518 -0.4219791243 -0.4893690137
v 0.5203494777 0.3815393856 0.4691915502
v -0.2874699622 0.7547059861 -0.02548670947
v 0.7451416951 -0.0185753857 0.3110777099
v 0.3795245567 -0.7133155578 -0.1463457418
v 0.430681322 -0.3559231267 -0.6077739679
v 0.2758395858 -0.7375921437 -0.01070070259
v -0.1606260364 0.7593452391 0.03450940211
v -0.433369042 -0.3356732186 -0.5905753138
v 0.1397276437 0.2825969258 0.7300703363
v -0.09817011022 0.3079452799 0.7567291591
v 0.07736914967 0.1493891433 0.7687995371
v 0.4477726056 -0.4412673167 0.5037994274
v 0.4528852366 -0.5804057487 0.3203346404
v 0.6499222479 0.4420181356 -0.2633683042
v 0.06441484226 -0.2472432957 -0.7737621235
v 0.1208261923 -0.5337134277 -0.5994369134
v -0.7728522901 -0.09566415727 -0.2836042657
v 0.324193006 -0.7470132739 0.009450033775
v 0.5288594336 -0.4762842628 0.379137242
v -0.1502095608 0.6878522044 -0.4463117347
v -0.02293765037 -0.3650242016 -0.6984238949
v 0.004849822457 -0.1810134729 0.7632211571
v 0.5662855264 0.4870398213 -0.3398857312
v -0.6367338218 -0.5261810412 -0.008524297323
v 0.6906813864 0.2516945684 -0.368760535
v 0.3307626636 -0.3172534669 -0.715721784
v 0.05573400017 0.3801387709 0.6879676806
v -0.2119760717 0.6039450748 -0.4931665568
v -0.7908084682 0.04265207291 0.1581147641
v 0.2152954391 0.2981194018 0.7130106112
v 0.7144791408 -0.04309581073 0.3370936207
v -0.4037359097 -0.6886228404 -0.1029931492
v 0.76974525 -0.04208404916 0.2123182389
v -0.1727216404 0.7762776572 -0.0005342556299
v 0.1384092779 -0.3461836099 -0.7296394238
v 0.06106649409 0.422333599 0.6717852171
v -0.6227152782 -0.5497073148 0.1417365871
v -0.09022119732 -0.1158597394 0.8098175211
v 0.5452745184 0.2824956345 0.4885637794
v -0.0986981345 0.3119361973 0.7553544111
v 0.2571293407 -0.3998815969 -0.6779029232
v 0.3993165532 0.3387886029 -0.5890690272
v 0.3902698936 -0.7317663019 -0.06955237136
v -0.4874545224 -0.2401963563 -0.6011833905
v 0.05540199117 -0.1157999451 -0.8010819172
v -0.4520533311 -0.3335257486 -0.6045297867
v 0.5317712221 0.4025617476 0.4350899802
v -0.6871402749 -0.1257639029 0.4284013896
v 0.5428228467 -0.4046125156 -0.4523792571
v 0.8063800253 -0.1140317584 0.0432886858
v 0.4782006017 -0.5459523563 0.3396193164
v 0.03038489923 -0.4009421602 -0.7126074726
v 0.09920047836 -0.3397545204 -0.7260657704
v -0.5830232293 -0.5606545786 -0.07932706743
v 0.1465237241 -0.1672687942 0.765750846
v 0.1484886822 -0.2317279569 0.7597134219
v -0.2385280455 0.5856628813 -0.4904999355
v 0.08102615457 -0.3907446424 -0.723966398
v -0.07990055953 -0.09312556554 0.7992916336
v 0.5267144668 0.3960144998 0.4477523712
v 0.3982204083 -0.4179626382 -0.5640491024
v 0.3637372752 0.3485075277 -0.6166721623
v 0.4078543128 -0.708807903 -0.1128357527
v -0.611641661 -0.539888708 0.0228673086
v -0.1679710832 0.7052766852 -0.406503405
v 0.7116109204 -0.09132123114 0.3182884318
v 0.2069668478 0.2498274447 0.7318672951
v 0.4627424646 -0.4813306477 -0.4537874112
v 0.6413497113 0.2208745492 -0.4694890169
v 0.7790553443 -0.04568491027 0.1780971548
v 0.3331631086 -0.4937492125 0.5492221359
v 0.4216531685 -0.340577754 -0.6013897278
v 0.3256891903 -0.330110007 -0.6768950766
v 0.3401968762 -0.7284514343 0.1019245249
v 0.7589125982 -0.1089884803 0.2098440829
v 0.2093881977 0.2229952288 0.7412809157
v -0.2994488831 0.7507690073 0.02783869165
v -0.6815834107 0.003117131736 0.4352104629
v -0.6645522939 -0.5275768878 0.06990955045
v -0.542242277 -0.5865888962 -0.1266191421
v 0.1262750081 -0.2599573605 0.7491204242
v 0.3446212988 -0.4644398606 0.5755394471
v 0.3924610212 -0.7319546398 -0.04913125677
v -0.7967207309 0.02430998268 0.1935912161
v -0.2485628387 0.7610830145 0.01407981864
v 0.09030679127 0.1385704976 0.7707901383
v 0.1497767113 -0.2272211663 0.7614500053
v -0.02284165612 -0.2620252935 0.7513063963
v -0.8262883622 -0.0221095444 0.1498570082
v 0.4151121192 -0.5505071552 0.3618364026
v 0.6378116991 -0.3040988344 -0.4178647442
v 0.06286077833 -0.4328084087 -0.7058938795
v -0.1210296018 -0.1175535817 0.8097738338
v 0.03193112753 -0.1335117903 0.7812527895
v -0.5428245751 -0.6074528099 -0.1375155964
v 0.003236593737 0.4402876315 0.6931956685
v 0.02397685803 -0.2536080762 0.7344489558
v 0.1314953671 -0.25798157 -0.7799713165
v -0.2095568377 0.5506140787 0.521997584
v 0.03136968965 -0.264514007 0.7492445127
v 0.3303285625 -0.4852404486 -0.5385870601
v -0.01750556195 0.3913030704 0.6949501321
v 0.3138313481 -0.735788748 0.1750705904
v 0.5167250446 -0.5386390021 0.3111064374
v 0.3018342193 -0.5259627837 0.538724678
v -0.7075244036 -0.1405862652 0.3921839081
v 0.6664295348 0.1937688856 -0.4369327719
v 0.3295453805 -0.7232290488 -0.1403447337
v 0.2244303075 -0.5912221296 0.531166544
v -0.6849871427 0.01576752579 0.423821469
v 0.5724667667 0.2023020113 -0.5229320026
v 0.4615890733 -0.4409881474 0.4565738596
v 0.7431153931 -0.08894375479 0.2111499325
v -0.5223116495 -0.5991204043 -0.1458795308
v 0.1489057674 0.2778946153 0.7111715148
v 0.4887595377 -0.5387348399 0.3384898249
v -0.1018106951 -0.1137373761 0.7916713958
v 0.3512187601 -0.7440323487 0.08521839543
v -0.4718420793 -0.6493451947 -0.132484812
v 0.4793743466 0.3935989461 0.4802491944
v -0.4545855828 -0.328694671 -0.6053449445
v 0.5260226227 0.2937070483 0.5389724378
v 0.6929173038 0.4023068059 -0.2799824848
v 0.1076698984 -0.1256534927 0.7828047302
v -0.0289513012 -0.1036489646 -0.7927809807
v 0.3634554238 -0.7173962934 -0.1147528664
v -0.2820560799 -0.3091467092 -0.6989145868
v 0.4778457098 0.3858715762 0.4891493258
v -0.1822375207 0.6631518581 -0.4464902088
v 0.1824727197 -0.5847526606 0.5467377435
v 0.6235413428 0.4505316079 -0.3114219631
v -0.1511958319 0.690168225 -0.4423721931
v 0.5794586352 0.2260893505 -0.4978586458
v 0.4292917037 -0.7246929594 -0.05209966958
v 0.331482669 0.3727930536 -0.6298634492
v 0.01061465605 -0.2454633678 0.7571110203
v -0.6206067273 -0.5334159014 0.05400901283
v 0.3001681136 0.7473546067 0.03083121291
v -0.3345512071 0.7464672726 -0.05604592376
v -0.01687998076 -0.1953871022 -0.7803943021
v -0.7089522557 -0.1285611837 0.4260557772
v 0.4600604067 -0.4177147295 0.4879240561
v 0.5720515292 0.2200052294 -0.5383907953
v -0.5794371789 -0.5825336698 -0.05107547755
v -0.1474256306 0.763481284 -0.01753607746
v -0.4078567862 -0.3408128189 -0.6207813869
v -0.2722304402 0.7420007422 -0.1104540969
v -0.04472811165 -0.1221359012 -0.7836621448
v 0.2348568407 0.27751934 0.7175666617
v 0.4248788139 -0.4621911886 0.465489666
v -0.04120537206 0.2740266242 0.7412675652
v 0.06544024119 -0.379745228 0.684290322
v 0.7355608352 -0.07115982999 0.31280881
v -0.2632224913 0.5756745319 -0.4790249081
v 0.5592118263 0.2790964023 -0.5058510001
v 0.2595949291 -0.392792341 -0.6837346058
v 0.351922107 -0.741230285 -0.003271269427
v 0.1332733431 -0.1670285888 -0.7941618079
v -0.7766944444 -0.07329785339 -0.2570605317
v -0.6819726028 0.005288326599 0.4336523238
v -0.7942883102 0.028160725 0.1971776986
v 0.5973842381 0.233107324 0.4611959476
v 0.8005822554 -0.09912258034 0.007085302647
v 0.4317980887 -0.3685583994 -0.5936786587
v 0.1211998957 -0.1332257669 0.7795718731
v 0.3891933574 -0.7318337698 -0.07427280785
v -0.1999024901 0.6904804727 -0.4280667917
v 0.3872960311 -0.7320070288 -0.08078848218
v 0.1747268587 -0.7796608866 0.1270233982
v -0.06289988379 -0.37982253 -0.7062275834
v 0.2183422528 -0.7679576485 0.02045112723
v -0.03706392956 -0.1891768065 0.7608706277
v -0.31145376 0.7345697364 -0.1170814255
v 0.6406124516 0.1788907818 -0.4737307337
v 0.4470979862 -0.3948722538 -0.5556107864
v -0.5366192561 -0.6113168376 -0.1425017995
v 0.2654079866 -0.7578217875 -0.01177094447
v 0.5618167312 0.2440867573 -0.5014691026
v 0.01191842808 -0.241451024 0.7394450973
v -0.1200724605 -0.06192654972 0.831507559
v -0.6084059431 -0.5389489849 0.09971550225
v -0.6378660549 -0.5209404179 0.114348655
v 0.2945373744 -0.5220795646 0.5168876053
v 0.1926841244 -0.6187599424 0.4930818346
v 0.1700824651 -0.5979407291 0.542011712
v 0.4441549074 -0.5455036828 0.3396872611
v -0.4419895273 -0.3170437919 -0.5952770282
v -0.4984921706 -0.6133507685 -0.1488344105
v -0.432280973 -0.3195189165 0.571309114
v -0.4368958791 -0.3267364627 -0.5936594077
v 0.4376687502 0.3162230019 -0.597144733
v 0.5489356655 -0.4667340376 0.3376442411
v 0.5775306146 0.4491217552 -0.3292198717
v 0.6597347159 0.3751728767 -0.3048180053
v -0.1886080974 0.7597452189 -0.15945849
v 0.07254417369 0.1547711393 0.7675661022
v 0.6457486546 0.1867515975 -0.491248877
v 0.3701672885 0.3597967799 -0.630294779
v 0.08663743414 -0.3820015288 -0.708771934
v 0.6376194275 -0.05482410351 -0.4652734647
v 0.08895782799 -0.3652816763 0.6894740863
v 0.1684474412 -0.7804818852 0.1136799359
v -0.7964221318 -0.05001691459 0.1794243415
v -0.01263043018 -0.3066812996 -0.740471718
v 0.6978729765 0.3884271615 -0.2857154092
v -0.1869314871 0.7538108443 0.04834545234
v 0.3662109693 0.347127654 -0.6152914542
v 0.2994157451 -0.3397308291 -0.7130340343
v 0.3169465833 0.3886163041 -0.63207797
v -0.6962850371 -0.1338365243 0.4126559775
v -0.4167993533 -0.6612659751 -0.1350241413
v 0.1901472239 0.2708547982 0.7267418798
v 0.7308752725 -0.05076800911 0.2760347481
v -0.6353149693 -0.1840330193 -0.449395918
v -0.1596640525 0.7790967667 -0.009790706286
v 0.09739643452 -0.2661016186 0.7280889135
v 0.6354226081 0.4241971019 -0.291272482
v 0.1263470801 -0.2111178078 -0.7962750672
v 0.2704631029 -0.4500928579 -0.5872600887
v 0.1577941425 0.2837797002 0.7269132316
v 0.3711704266 -0.408697304 0.5869185175
v 0.08804771156 0.2212741118 0.760217524
v -0.2034809712 0.5834627839 -0.527783851
v 0.1010165764 0.2688126126 0.7409352917
v 0.8004673453 -0.02225994657 0.05320475455
v 0.3607723825 0.3227580018 -0.6392804671
v 0.4105378309 0.3442665856 -0.5738309952
v 0.6696777092 0.4410532313 -0.2732394788
v 0.09665635121 0.3886885997 0.6786768969
v -0.2792875117 0.7378380558 -0.01785464094
v 0.5618324062 0.2721003023 0.4751927072
v -0.2334496849 0.7627117207 0.05760985904
v 0.1387889935 -0.3566430725 -0.7258845249
v 0.5251763535 0.3022920713 0.4984593605
v 0.08257162856 0.1528369202 0.7859856751
v 0.4024859654 0.33958743 -0.5853373725
v -0.1843675725 0.7726019675 0.04626981218
v -0.6736509252 -0.0660279555 0.4347372041
v 0.05269666668 -0.3842381317 0.6827893399
v 0.8205586562 -0.05644161975 0.0286931411
v -0.2930211942 0.7363051278 -0.0556559755
v -0.5450441023 -0.5825297361 -0.06213284238
v -0.8282913007 -0.07316372218 0.1638132841
v 0.6433442462 0.4481927006 -0.2651243174
v -0.1012281214 -0.05951115992 0.8320736458
v -0.6806137085 -0.006085716366 0.4404322822
v -0.06462064321 0.3304716338 0.7242294155
v 0.165471299 -0.7789893664 0.04488257412
v 0.09494490439 -0.3383893085 -0.7451489962
v -0.6651390621 -0.0256879398 0.4378007656
v -0.04509200699 0.3675783566 0.7077592002
v -0.04637042548 0.3689181786 0.7266915173
v 0.006470938481 -0.2315826804 0.7434134856
v -0.02987202468 -0.4126422991 -0.6992497807
v 0.2968956817 -0.72918333 -0.1537527732
v 0.1285780358 0.2744395672 0.7154980433
v 0.6272414092 0.4483479007 -0.3094482884
v 0.6005834804 0.2136740339 -0.4865504704
v 0.7461437604 -0.05446532638 0.2862749995
v -0.2641448109 0.7583446042 0.00435726148
v -0.5331271959 -0.6093366665 -0.03358890772
v 0.3122682323 0.3944200341 -0.6322469378
v -0.7951120505 -0.0611180002 0.1860085863
v 0.4047435476 -0.7092634902 -0.1178228573
v -0.009002455437 0.1055263918 -0.8118795835
v 0.09729336269 -0.3562103123 -0.7390081055
v -0.6997259599 -0.1362359561 0.4065062063
v -0.006379411479 -0.2057401925 -0.7589775926
v -0.1002461266 -0.8451889121 0.5248150247
v -0.1897623677 -0.8310747095 -0.5226131392
v 0.2529330991 -0.4299273444 -0.620331879
v 0.1165239287 -0.1389986536 -0.801850348
v 0.07436969611 -0.1258451982 0.8026073952
v -0.05788027079 0.3497686471 0.7354072742
v 0.7863855059 -0.1324541922 0.03617409969
v 0.1028377778 0.3879911532 0.6972259819
v 0.1273373147 0.1234436208 0.770715578
v 0.0185280926 0.398939758 0.6867297756
v 0.483842963 0.6087020986 -0.2114372522
v 0.1658358462 -0.6084955229 0.5326526856
v 0.4104878558 -0.589509148 0.3503612561
v 0.366028949 -0.41388828 0.5853184791
v 0.4163275547 -0.4654775969 -0.5017035119
v 0.2807893283 -0.3591445405 -0.7050389681
v 0.2277487213 -0.6079663289 0.5064293049
v 0.06646110304 0.1633722991 0.7653493762
v 0.5154874376 0.3072445851 0.5413707073
v 0.1069037324 0.308168067 0.725703935
v 0.3515034424 -0.3078775139 -0.7116950467
v 0.04733890582 -0.2644179308 0.7297525458
v -0.02057429751 0.2268310207 0.7553548879
v 0.6425092415 0.4366913 -0.3033271553
v 0.01226901944 0.4354747618 0.6743591296
v 0.5198302371 -0.4607576446 0.4079300056
v -0.4065085009 -0.3845069305 -0.5840564359
v 0.2648457441 -0.745623447 0.1848780519
v 0.08634772295 -0.120155365 0.7853829936
v 0.3837186228 -0.3939081839 0.6275365217
v 0.1883225061 -0.7546571732 -0.009961874623
v -0.04729322567 -0.3795146928 0.7058533511
v 0.1702360113 -0.1740786423 -0.8163980856
v 0.3046035325 -0.3464549418 -0.6737928045
v -0.6209518745 -0.5329932733 0.05987182565
v 0.7886385883 -0.1172735109 0.03744128719
v 0.8099381825 -0.01186033051 0.09180769889
v -0.16004572 0.5077628391 0.6291514006
v -0.6679068555 -0.03999677943 0.4782472988
v -0.7525843231 -0.1027440782 0.2871898691
v -0.6644182521 0.2551878801 0.3811003078
v 0.1995674899 -0.7732647861 0.07526938243
v 0.121980947 -0.1447024482 -0.8005949801
v -0.660223739 0.3894257998 -0.3180776542
v 0.1267067699 -0.1511796057 -0.7989473804
v -0.04621443575 -0.8166268626 -0.07416689009
v 0.2205726571 -0.5851142576 0.508799741
v 0.4295979615 0.397731117 -0.5427684015
v -0.152814868 0.7610233543 0.02924665768
v 0.1233486174 0.1306776168 0.7879086892
v -0.8045237042 -0.0759251085 0.2131206272
v -0.776198746 -0.09760862019 0.2783774698
v 0.210304304 0.2304307047 0.7384327807
v 0.2360515054 -0.7639017664 0.0002881052849
v -0.03381767354 0.3793987994 0.7017500269
v 0.6930873444 0.3527154211 -0.2891477198
v -0.02866446947 -0.3308431543 -0.7100178255
v 0.7248523314 -0.06747338239 0.3518993396
v 0.3062338479 -0.4377532341 -0.6049246409
v 0.5185730811 0.3646724983 0.4864938796
v 0.389426664 -0.5775285882 0.3524468309
v 0.1796139609 -0.6294872799 0.5261743361
v -0.2922858119 0.7362671026 -0.04964404936
v 0.09228291701 -0.3623757287 0.6905436195
v 0.1634101455 0.1324490963 0.781218102
v 0.7070995703 0.3185504063 -0.3300600021
v -0.06548646148 0.3246336334 0.7264876832
v -0.4827332888 -0.4300198147 -0.4775922283
v 0.03671607052 -0.2607148844 0.7314139728
v 0.3784781485 -0.5177255006 0.4739032179
v -0.05628066454 -0.1511287514 -0.7905794528
v 0.3729410121 -0.3830561917 0.618060082
v -0.53458163 -0.6069369069 0.007754422092
v -0.7954930773 -0.0589524227 0.1844689085
v -0.1575945699 0.6920811666 -0.4676169613
v -0.08064857717 0.2691087383 0.7682392316
v 0.59015355 0.2739216675 0.469115172
v 0.5182697139 -0.4779227138 0.3534578065
v 0.3960339594 -0.5537701701 0.4104107326
v 0.1351670338 -0.2455556296 0.7353648981
v -0.4493983915 -0.305916713 -0.5950076334
v 0.548234643 0.4155327208 0.4012286008
v -0.036917055 0.2709868434 0.741728278
v -0.6270615941 -0.5493724189 0.0814584379
v 0.3336769255 -0.7273466772 0.02308684563
v 0.1871485824 -0.1816468339 0.7785212333
v 0.1210640808 -0.4023887567 -0.706536553
v 0.6285482125 0.2115323301 -0.4606515555
v 0.5357813309 0.2905092067 0.4944177527
v 0.1463369656 0.2777760399 0.7116023677
v 0.4265301684 -0.5496679784 0.3516821251
v 0.5862839198 0.4726743722 0.2649106492
v 0.1284603245 -0.1393151925 0.7770448663
v -0.551560477 -0.5796916736 -0.08969341144
v 0.1103707826 0.3639955545 0.704834538
v 0.4579310254 -0.3319471366 -0.5861410869
v 0.4606715813 0.3433772847 -0.5537312211
v 0.7371381657 -0.03196984931 0.3306870006
v -0.03131091226 -0.4041032879 -0.6829170045
v 0.4556467421 0.4053297495 -0.5113083312
v 0.6575644188 0.4181421851 -0.3026857632
v -0.08782548318 0.2793715486 0.7655818782
v 0.3875687635 -0.4087969563 -0.5522283318
v 0.5175819823 0.2794630058 -0.5179767471
v 0.7750497056 -0.09112230661 0.1648696754
v 0.4248023165 0.3566316589 -0.5789165377
v 0.4549900028 0.3298310463 -0.5696836262
v -0.6654211518 0.02647713215 0.4598274875
v 0.7621690571 -0.01497322455 0.2545506899
v -0.1867509717 0.7201412597 -0.4029659292
v 0.1393393308 -0.1109456381 0.8071290561
v -0.5459348933 -0.5950316823 0.146906524
v -0.7690404726 0.0359458442 0.2047488702
v 0.2443207642 0.2198192754 0.7371673402
v 0.1374197288 -0.2431566299 0.7362577751
v 0.4000917785 -0.5574081922 0.4017540697
v -0.6520043957 -0.5136473279 0.08508151514
v 0.4534631838 -0.3591477291 -0.5604126895
v -0.2785894394 0.6672614403 -0.346474908
v 0.3822918435 -0.482867867 0.4808607862
v 0.5656187742 -0.3973969065 -0.4733457435
v 0.5416850112 0.3011246738 -0.4776796327
v 0.5609587206 -0.4650076757 0.362026618
v -0.6684099443 0.06530865047 0.3990148548
v -0.6302980272 -0.5513888272 -0.02435452484
v 0.1326575644 -0.1646127818 -0.7949493706
v 0.5514328125 0.2206940934 -0.5295807502
v 0.4245736587 -0.3514777844 -0.5879158147
v 0.0918286038 -0.3759411586 -0.7117641238
v 0.3657056752 -0.4231680972 -0.5517328718
v 0.4568450723 -0.3234932947 -0.6244544542
v -0.07842628594 -0.07053902244 0.8080945266
v 0.3599999286 -0.3050994991 -0.7089230216
v -0.4969854668 -0.3986912234 -0.485832104
v -0.0875884515 -0.06447214081 0.829859721
v 0.2076244811 0.2219493272 0.7227005403
v 0.1818058483 -0.6306912721 0.522474389
v 0.08663266609 0.2062720088 0.7466708981
v 0.2244170315 -0.6129222996 0.5033505155
v -0.2286900535 0.5847859774 -0.5352880464
v 0.8152802461 -0.1194228435 0.009414790249
v 0.4650276718 -0.3410254739 -0.6004417203
v 0.4110086162 -0.4139729427 -0.5310192709
v -0.1859326402 0.6739942248 -0.428953947
v -0.3208055449 0.7506734675 -0.1068980703
v 0.1396031231 -0.2528210797 -0.7830757342
v -0.4278564611 -0.2987397846 -0.6306767594
v -0.006232083392 0.3962910467 0.6914312516
v -0.7178359076 -0.105630447 0.3588710928
v 0.09535947888 0.1852397383 0.753019199
v 0.3102671712 -0.3412132457 -0.6755253351
v 0.7965876427 -0.17162855 0.04276674079
v 0.5216989551 -0.4624148102 0.4039668025
v 0.491521371 -0.4397784633 0.4286844329
v 0.184694482 0.1251627859 -0.7888792258
v 0.3498264001 0.3574672299 -0.6235191416
v 0.7326231204 -0.05051246026 0.2701642356
v -0.3340160531 0.7468530079 -0.06539105578
v -0.5393121911 -0.5975194123 0.1855825909
v 0.3655060727 -0.5171775325 0.4533709817
v -0.5710734829 -0.5870943095 -0.04038762542
v 0.1409343627 0.1228771616 0.768870283
v 0.6741997278 0.3203966549 -0.36104437
v 0.07630480173 0.3581678352 0.7120987217
v 0.2138477399 -0.5784848802 0.5239160089
v 0.06264465157 0.1824605016 0.7781962311
v 0.04777194906 0.4360303291 0.688027162
v 0.1882231518 -0.2408452134 0.7553501794
v -0.04960391579 -0.4067694324 0.6760329536
v -0.6326781185 -0.5441488414 0.1323884527
v 0.3086777417 -0.4856541962 0.5836867332
v 0.4067450558 0.3414679489 -0.5797055904
v -0.09297287619 -0.1175712905 0.8092035154
v 0.5060629697 -0.4210180642 0.4724347181
v 0.2291972548 -0.7640029087 -0.04067186452
v -0.2154112282 0.5263925042 0.572299736
v 0.3472458718 -0.7434084494 0.03881397152
v 0.09393570192 -0.294304038 0.7171298488
v -0.09227616724 -0.06195265107 0.8309391479
v 0.1787594518 -0.6288761947 0.5277984531
v 0.3911069248 -0.731743892 -0.06488528488
v 0.1186505982 0.1722041431 0.7734833118
v -0.249160022 0.7470966552 -0.130629832
v -0.5733314526 -0.5636133324 -0.004393430677
v -0.3233033475 0.7500435485 -0.1021189272
v -0.09371881525 0.3516049125 0.7401457622
v 0.8021148854 -0.05294792429 0.09432197357
v -0.09602775833 0.7925932685 -0.04685255355
v 0.5092493383 -0.5194771034 0.3430332997
v 0.3617650905 -0.3311211614 -0.680253691
v 0.1694590128 -0.1701089874 -0.8177276563
v 0.5356169524 -0.4193490978 0.4115123309
v -0.007808493827 -0.1376402958 -0.7835826375
v 0.8045866425 -0.1272468558 0.04160673384
v 0.01097872273 -0.2460475135 0.7568752998
v 0.7571827496 -0.01229803191 0.2733230687
v -0.410047437 -0.3337899283 -0.6239961254
v 0.7179045675 -0.09780920609 0.3577927089
v 0.7546962712 -0.01221684748 0.2819386965
v 0.4799341157 -0.4383605645 0.4418997091
v -0.004189515057 -0.2088329136 -0.7581809111
v 0.8052740165 -0.009804594163 0.1091014831
v 0.115688991 -0.1003742531 0.8117379128
v 0.3066489067 -0.363974575 -0.682570248
v 0.220875771 -0.5864754167 0.5067560356
v 0.1573861763 0.1617265917 0.7522291928
v -0.3030294502 0.7548749539 -0.1315704788
v -0.148161296 0.397638736 -0.6948808762
v 0.0857795055 -0.274591817 0.7442108824
v 0.5238252669 0.3070887295 -0.5192918945
v -0.04819338135 -0.1287723338 -0.7807203771
v 0.06556801748 0.1756713051 0.7802294468
v 0.06048947065 -0.1270908065 0.8023989718
v 0.1660502594 -0.6068902397 0.5345004241
v 0.006414192634 0.4047835396 0.7056556558
v 0.6548182008 0.2530539692 -0.4030351255
v -0.4320555038 -0.3400845886 -0.5884709349
v -0.7441866547 0.0497073266 0.2914520587
v -0.5508515276 -0.5805208375 -0.1006875959
v 0.2942811812 -0.7580466607 0.1823855985
v 0.0587111929 0.2812456306 0.7235599813
v 0.757270005 -0.0608885229 0.2441171834
v -0.4301123149 -0.358300238 -0.5750413051
v -0.8260119941 -0.08734205507 0.1734552347
v -0.03753198072 -0.4076121852 -0.6999272014
v 0.2081789308 -0.7684833856 -0.02780820221
v 0.2004058621 0.1493816783 0.7502369227
v -0.7926594252 0.06628826122 0.18702582
v 0.2593306897 -0.7456213014 0.1491480737
v 0.4113284332 0.3054184816 -0.6027569662
v 0.3366982898 -0.4188645447 0.6077857092
v -0.3221080272 0.7319184622 -0.09787497538
v 0.5589120352 -0.4482669034 0.3855086084
v 0.5225578597 0.265564319 -0.5237044267
v 0.4298165468 -0.4516444708 -0.4785995683
v -0.6703929167 -0.10189839 0.4540297474
v -0.1482488791 0.6704005456 -0.4706174951
v 0.8184892629 -0.02984695331 0.05164393713
v 0.401130826 -0.4385714315 -0.5403276964
v -0.006697136354 -0.1194934851 0.7875103783
v -0.5478231007 0.4006468093 -0.4236013937
v -0.08890811362 -0.114840673 0.8101896674
v 0.2533981032 -0.7660079929 0.1823819182
v -0.4625220615 -0.4217039482 -0.4749512353
v -0.6835424832 0.01162463798 0.4282222599
v 0.1747822128 -0.6195053078 0.5097339212
v -0.6829469538 0.009534944176 0.4301712897
v 0.2110492671 -0.5882360191 0.5481573112
v -0.3124524579 0.4282690464 0.5821122636
v 0.1042554531 -0.2702446368 -0.7713910318
v 0.4426147974 -0.378828481 -0.5469118369
v 0.003812832594 -0.2866783467 0.7411305433
v 0.0223992798 -0.3930559844 -0.6950487711
v 0.4298446485 -0.3762874382 -0.5868272093
v 0.1489251376 0.3178768001 0.7158248335
v 0.1359755758 -0.2902207992 0.7370911706
v 0.4372506518 -0.4526575622 0.4655472998
v -0.6390876292 0.2489080753 0.4348282739
v 0.7351180026 -0.0511057137 0.2612149337
v -0.122294938 0.4630166275 -0.6698388991
v 0.2499455731 -0.4230555414 -0.6295962
v -0.8282609044 -0.03903389782 0.1518225176
v 0.6666501167 0.3986753697 -0.308624131
v -0.7519652514 -0.01397554083 -0.3069814484
v -0.4535235891 -0.6406553641 -0.1662193911
v 0.6968002845 0.2397420357 -0.4004608554
v 0.1202206872 -0.1427005676 -0.8010589709
v -0.4788929226 -0.6247350241 -0.1425290519
v 0.4720744324 -0.4366572084 -0.4660486006
v 0.3491145898 -0.7260815943 0.08089968205
v -0.6106381653 -0.5580953278 0.1087030529
v 0.0174246392 -0.1499840023 0.7751026607
v 0.238567218 -0.7633549903 -0.0015990383
v 0.526926645 0.2937963301 -0.5264017721
v -0.7955404598 0.02625182876 0.1953056579
v 0.2056215425 -0.5892102509 0.5522464504
v 0.1656158752 -0.1460541308 -0.8066872367
v 0.3726496247 -0.4374653929 -0.5319686492
v -0.1063629983 -0.05906070958 0.8323529343
v 0.314031934 -0.7431323197 -0.1851088851
v -0.1119752761 -0.0594042215 0.8323313589
v 0.1175106543 -0.3941338915 0.6968268365
v 0.7581125194 -0.0635983435 0.2396021083
v -0.5752191832 -0.5575325191 0.1290278715
v 0.4880220098 -0.5620492332 0.3093160048
v -0.02593681897 -0.3593600265 -0.7000357341
v 0.05720577798 0.2100372634 0.768966538
v -0.7978245345 -0.1184816677 0.2007500855
v 0.09129159473 -0.1273686199 0.801671725
v 0.5466236381 0.249259257 -0.541060784
v 0.3574657697 -0.7223602505 0.01133670178
v -0.148094588 0.6770393995 -0.4622564215
v 0.3991190069 -0.4899256239 0.4552588016
v -0.6467715801 -0.5195222211 0.01052248368
v 0.3507498521 -0.333950105 -0.6846635412
v 0.4152577533 -0.4468462033 0.494631719
v 0.1868692789 0.1388249327 0.7561269544
v 0.1321501694 -0.3728447273 0.6856491567
v -0.611622112 -0.5611897922 0.009805958459
v 0.1311150108 -0.1599760171 -0.7964065462
v 0.04980372689 -0.09066996022 -0.8286242
v -0.6923127747 0.08088589195 0.3449068453
v -0.04544260021 -0.4083227141 0.6753419439
v -0.6372703466 -0.5470323196 -0.01835099121
v 0.5183187653 0.3124529943 0.4988298678
v -0.3146437642 0.6880720711 -0.3183265464
v -0.4041403893 -0.3631761651 -0.6061062232
v 0.8080403795 -0.1631755723 0.008333350892
v 0.3920212878 -0.3312888775 -0.6597564999
v 0.08347092748 -0.3177929718 -0.7509243563
v 0.1694431739 0.3110496976 0.695989269
v -0.02963799352 -0.3427125888 -0.7055447986
v 0.2731110692 -0.7552607487 -0.04699654866
v 0.3721359865 -0.7201072874 0.03138743201
v 0.2115252526 -0.7677523243 -0.03044403981
v -0.01334727016 -0.3072416349 -0.7401592916
v 0.07365807211 -0.4187953484 0.6880636376
v 0.05708173791 0.2155596039 0.7669727184
v -0.5413291358 -0.608391341 -0.1389137972
v -0.4182233612 -0.3791704098 -0.6103161133
v -0.7492206427 0.08947523591 0.2671716882
v 0.7359839996 -0.05159437921 0.2579403562
v 0.08752800902 0.2410342368 0.7338667173
v 0.5084531335 0.3489923787 -0.4738014498
v 0.2010253212 0.2027367233 0.7499260458
v -0.04123317575 -0.119534766 -0.8043654348
v 0.3094241203 -0.360971985 -0.6838776473
v 0.3101665355 -0.478823011 -0.5589059261
v -0.8012808343 0.05476693534 0.1735626499
v -0.004455402754 -0.2177738863 -0.7741098931
v 0.3504088174 -0.7254204446 0.06731399542
v 0.0694083539 -0.3779240117 0.6849229231
v -0.06879396832 -0.3450394269 -0.6987877567
v -0.7119899803 -0.1424737872 0.3837697304
v -0.6879548962 0.02195798746 0.4156003675
v 0.4869881773 -0.453404209 -0.4383445021
v -0.2159799522 -0.0419467107 -0.7870456722
v -0.6299575884 -0.5485442682 0.05756445826
v 0.01971921667 -0.1535602632 0.7928668652
v -0.434971077 -0.3312512099 -0.5922961626
v -0.799480657 -0.08273097083 0.2257790994
v 0.4465932881 -0.5595877871 0.3532209834
v -0.691717126 0.1553248738 -0.3488176893
v 0.5222003751 0.3063812403 0.4989027891
v -0.05731061175 -0.1893162422 -0.7765056594
v 0.01865867385 -0.09978928038 0.794706498
v 0.1361453035 -0.2708739896 0.7254444934
v 0.574439309 0.250532088 -0.5126978006
v 0.1254570938 0.1688505798 0.7736783846
v -0.4192420848 -0.3620307901 -0.6240550108
v -0.189280899 0.6774207839 -0.4212677015
v 0.3957053216 -0.4662906984 0.4889267174
v -0.5975479014 -0.5503967748 -0.03502973046
v -0.4619821395 -0.3958754813 -0.5359838241
v 0.3454452178 0.3607348341 -0.6253347554
v 0.1605503734 -0.1281966514 0.7999570746
v -0.08025805153 -0.1017114899 0.8151501081
v 0.2953468701 -0.3435326934 -0.7117511308
v 0.4977715991 -0.4512269684 0.4418488996
v -0.1241377744 -0.06442272444 0.8306130729
v 0.4325795423 -0.4559777044 0.4658838049
v 0.4418249998 -0.4625701592 -0.4876502509
v 0.206125138 0.2517252627 0.7313026388
v 0.5703511234 0.2827164548 0.4883161686
v 0.7428797322 -0.07194193173 0.2220758445
v -0.6555583809 -0.5130767116 0.04377370078
v -0.4069099707 -0.3444316794 -0.6188770278
v -0.2294740103 0.6091200182 -0.5033143379
v 0.2220712999 -0.7472270018 -0.03845219945
v 0.7556227033 -0.09794544566 0.1626995421
v 0.5242005721 -0.4981986375 0.3556158855
v 0.4011183694 -0.7278916057 -0.1280585269
v 0.403195332 0.3469615471 -0.6075867623
v -0.1904889441 0.6326331797 -0.4775095325
v 0.3971377928 -0.7285235511 -0.1328144481
v 0.2869963459 -0.4150311517 -0.6131882078
v 0.7700049299 -0.05164475664 0.2057361843
v -0.2204125549 0.7470451007 0.05671993604
v 0.3160148468 -0.7256665952 -0.1468969134
v -0.6652914609 -0.5274397468 0.06181570373
v -0.06901450553 -0.3648475156 -0.7107627737
v -0.4760065835 -0.2479705575 -0.6099120807
v 0.5450075076 -0.4768406347 0.328546772
v -0.6531645815 -0.2048792168 -0.4066915046
v -0.02928213123 -0.3472629474 -0.7039399922
v 0.2054910321 0.2115621901 0.7268079769
v -0.5808024504 -0.5617046224 -0.07216122478
v 0.7225610451 -0.02431834167 0.3204165317
v 0.4899162368 0.3777055754 0.5140105639
v -0.0470263378 -0.2147686142 -0.7687809417
v 0.08595077535 -0.3023851078 0.7333388941
v 0.3675485563 -0.3302705711 -0.6772678785
v 0.5559120974 0.253211732 -0.5003061156
v 0.7900656656 -0.1056606422 0.03943222369
v -0.004446553459 -0.136800374 -0.803624003
v 0.2911840943 0.4099804459 -0.6696966324
v 0.0001728421157 -0.3854382498 -0.6944711219
v 0.5229985467 0.2750631685 0.5254517978
v -0.4573050401 -0.287638483 -0.6378746075
v 0.4237776625 0.3552333389 -0.5809946923
v 0.367862145 -0.7238429353 0.1277881785
v -0.5001772293 -0.2501481408 -0.6125783146
v 0.7517643377 -0.07455806388 0.1899066758
v -0.06471557955 0.3091212896 0.7320248792
v 0.03969512204 -0.09121859887 0.7976355707
v 0.5885358102 0.2633508114 0.4465558589
v 0.7905529007 -0.06222415054 0.06359265164
v 0.6436012441 0.414097061 -0.2909418178
v -0.0711267442 -0.3387573423 -0.7199532495
v 0.2794273348 -0.3403687346 -0.6971293097
v 0.1821646739 -0.1640628021 0.785497546
v -0.67391734 -0.1082448135 0.4491039048
v -0.6043101286 -0.5616154599 0.1149202696
v -0.4281306835 -0.3326538212 -0.6378765148
v 0.1239113591 -0.215124579 -0.7944471161
v -0.7193154335 -0.1357406004 0.4075172415
v 0.3741788575 -0.5447090276 0.4435273128
v -0.4406950017 -0.3812391176 -0.5403859858
v -0.6499413797 -0.5388886095 -0.001353343691
v 0.3798437478 -0.4343374329 -0.5304408468
v 0.5186245165 0.3684962956 0.4830496787
v -0.08291059966 -0.06847094038 0.8282021084
v -0.07953003735 -0.0732606477 0.8262611545
v -0.3251276034 0.555245524 -0.4783369679
v 0.1010807216 0.1319806503 0.7715661981
v -0.7382786237 -0.1426635854 0.3713998294
v 0.4615056325 -0.4564120141 0.4708698143
v -0.1346776084 -0.1047101016 0.8150703625
v -0.2476641059 0.7430786791 0.01240136449
v 0.3918425157 -0.4707014426 0.4870695918
v 0.75962715 -0.07257503192 0.2290432617
v 0.7438444279 -0.05635857373 0.2930713779
v 0.3558261565 -0.5713331033 0.3934408554
v -0.2082362219 0.767704763 0.05469076574
v 0.1299232219 -0.2024794423 -0.7999632135
v 0.2878470852 -0.3992955141 -0.6578918348
v -0.3972644441 0.5745329416 0.3706945454
v -0.6560034188 -0.5126421038 0.048365724
v -0.01868828418 -0.2654008047 -0.7353753283
v 0.332842487 -0.4965763384 0.5459118576
v -0.1688515037 0.6188159073 -0.5165037177
v 0.1117831982 -0.1431011434 -0.8188675779
v 0.1664590303 -0.6052229122 0.5362367095
v 0.7228909941 -0.1234873677 0.3253361162
v 0.4012333092 0.3471350147 -0.6093861052
v -0.6591276835 0.05277125686 0.4223181327
v 0.2468181049 -0.7661538356 0.1446785186
v 0.07077498131 0.287663694 0.719400573
v 0.5760800546 0.4495101426 -0.3589375177
v 0.7324816881 -0.07991724771 0.3182087755
v -0.2855467097 0.7349634581 0.03714472566
v -0.02611220498 -0.1014320151 -0.7940174552
v 0.2361226239 -0.7680889487 0.1397749517
v 0.04559799021 0.2385342886 0.7411047363
v 0.4656590808 -0.3465021455 -0.5942332425
v 0.2057962469 0.2117533889 0.7459199899
v 0.4318239554 0.4282358488 -0.4886653389
v 0.4577982352 -0.3433743047 -0.5741610039
v -0.1144434795 -0.05988631233 0.8321923702
v -0.8123989135 -0.03947863768 0.1842353933
v 0.004765448461 -0.2325315373 0.7622855465
v -0.5382327046 -0.6103193616 -0.1413990538
v -0.2597299245 0.7577222545 0.05352063414
v -0.6655793915 -0.0915707119 0.4601710255
v 0.749239238 -0.1279236209 0.1668613345
v 0.1418329017 -0.3606522276 0.690222551
v -0.8277585308 -0.03375787549 0.1509809121
v 0.7393297403 -0.05565670933 0.2439955236
v 0.3313425479 -0.7503508493 0.1664956102
v -0.4323230212 -0.3683762897 -0.5631384644
v -0.3342108577 0.7462510416 -0.04667109945
v 0.37433668 -0.2890015791 -0.6876417247
v 0.5415169374 -0.4293943062 0.42682093
v 0.4834984416 -0.4462189664 -0.4769323302
v 0.05971326564 -0.3947773994 -0.7000523627
v -0.7619378066 0.07661335416 0.2048310446
v 0.7363894627 -0.06911876937 0.311167826
v 0.1786803022 -0.6110205629 0.5507750898
v 0.3725466944 -0.4193131288 -0.5512099955
v 0.4425288235 0.3191820537 -0.5615102946
v 0.2197123221 -0.593398506 0.4990219606
v 0.7542340684 -0.1038663803 0.1639620174
v 0.07346081639 -0.1186248805 -0.8027774953
v 0.5078303666 0.3192764015 0.5411789125
v 0.3486255369 -0.7432350116 0.04197708467
v 0.2167329167 -0.5987131532 0.4951367449
v 0.3406203387 -0.5239045954 0.5032151029
v 0.3431862647 -0.5270587796 0.4966461605
v 0.3875250167 -0.5096889525 0.4413172322
v -0.6021098524 0.4364203258 -0.3243482954
v 0.4075788983 -0.4091002638 -0.5671243158
v -0.1758523271 0.7573330028 0.002977218339
v -0.1923893398 0.6804073116 -0.4483712343
v 0.519168253 0.3549854599 0.49423162
v -0.5767633161 -0.5666722749 -0.1413547259
v 0.4162717089 -0.4802716936 -0.4574604785
v 0.3931475012 -0.5325165279 0.4405062167
v -0.01517543643 -0.1865435168 -0.7646469232
v -0.1178860414 -0.0609623271 0.8318407265
v 0.8068165998 -0.06205827083 0.0727020632
v -0.07889892634 -0.09727288242 0.8168585004
v 0.362210486 -0.7217715752 0.02247026228
v -0.5570234106 -0.600492351 -0.1766906098
v -0.8040690111 0.006987986003 0.1437433699
v -0.4444703735 -0.357386918 -0.5937979791
v -0.5614248571 -0.4897932509 -0.3176803862
v -0.5762891932 -0.5826455997 -0.003905412618
v -0.05322922434 0.2948479533 0.7547212141
v 0.6692689085 0.1971141345 -0.4315789372
v 0.08949524682 -0.2675919322 0.7276647955
v 0.2187880952 0.2952898323 0.7135148921
v 0.06526319754 -0.3989022096 -0.7186143811
v 0.2596254446 -0.763764685 0.1481629201
v -0.1486918309 0.6666622156 -0.4749754629
v 0.2407210802 0.2095429358 0.722227967
v 0.6885863648 -0.210349064 0.3268159997
v 0.5224527242 0.3148343372 -0.5147209438
v 0.087296997 0.4013133529 0.6754880251
v 0.1490053153 0.165486959 0.7713510994
v -0.1359888519 -0.07810030033 0.8062936342
v 0.09899566081 -0.3556412456 0.6930423757
v 0.5189119703 -0.4291330468 -0.4425394622
v -0.6602768432 -0.5318361272 0.02353323196
v -0.02936097727 -0.2450214888 0.7388778781
v 0.4057898664 -0.7327235475 0.06258081185
v -0.08962221105 0.3614407439 0.7359429646
v -0.0223320447 -0.1033080342 -0.813132031
v 0.8032644622 -0.04145572448 0.03214792853
v 0.03969810208 -0.4017884295 -0.7137044221
v 0.4230196618 -0.3624616132 -0.5773584582
v 0.2073472488 -0.7523077762 0.0350410732
v -0.008839385336 -0.8118169134 0.007789039811
v 0.2846755572 -0.3732104368 -0.6589175019
v -0.09557279697 0.2967137806 0.7604305367
v 0.7527706346 -0.0602110873 0.194973891
v 0.2044700436 0.2089062223 0.747157716
v -0.6913074313 -0.06791007616 0.4405187627
v 0.8036708789 -0.05472891759 0.08790118342
v -0.6805869479 -0.0167204243 0.4442421329
v 0.3850240851 -0.3959805572 0.5896007244
v 0.02616548794 -0.2551160614 0.7338152819
v -0.4310638091 -0.3642835149 -0.5684652702
v 0.348751771 -0.3205447326 -0.6715089682
v 0.5187275659 -0.3987114876 -0.4747942472
v -0.2480349708 0.7417188909 0.05513984899
v 0.06632666638 -0.2969306673 0.7166571562
v -0.1621888989 0.6295031337 -0.5093514043
v 0.06982814345 -0.09331600443 -0.830681554
v -0.1850913476 0.6456612801 -0.4661116581
v 0.5903511856 0.4581716033 -0.3382621804
v 0.08046140886 0.4164459514 0.6902320871
v 0.5637549435 0.4809541505 -0.3184446152
v -0.5997204038 -0.5699191381 -0.03520080288
v 0.001254503273 -0.2241733394 -0.7726391285
v 0.1853727222 -0.1689334694 0.7643197158
v 0.3257952794 -0.7228011164 -0.1787998014
v 0.22091323 -0.5888778582 0.5036382077
v 0.5136872604 0.3212599997 0.4973644374
v 0.5092706753 0.3247798934 -0.4915101363
v 0.6915444034 -0.1564797402 0.3486691347
v 0.324707121 -0.4455714354 -0.5842604489
v 0.1276746989 -0.1637967747 -0.8137227328
v -0.08690311882 -0.0586761738 0.812903701
v -0.2564624991 -0.3710547418 -0.6609850476
v 0.1056976467 -0.2973362495 0.7349167014
v 0.5492573301 0.4749214648 -0.365919254
v 0.2929329852 -0.4245531859 -0.6277992412
v 0.07655661436 -0.1260249238 -0.8197754742
v 0.3408115077 -0.7430271842 -0.01544715474
v 0.01873187273 0.265032145 0.7355015028
v -0.07840461367 -0.0760114698 0.8251628938
v 0.113312446 -0.128317432 0.7816497297
v 0.2751823101 -0.7425339294 0.1491318325
v -0.197168237 0.621168642 -0.4856421568
v -0.5666920623 -0.5733146452 -0.1594238322
v 0.769473948 -0.06754203486 0.1981087796
v 0.07704872182 0.3259744091 0.7044915364
v -0.03474499593 0.4244406301 0.7047022246
v 0.4580960894 -0.3404489273 -0.5770507401
v 0.1960332623 -0.5937712483 0.5558281499
v -0.5361414975 -0.6131730991 -0.1848029253
v -0.504959643 -0.61772909 0.1897525336
v -0.5398004394 -0.609345547 -0.1402053278
v -0.4347631602 -0.4184102985 -0.5156593556
v 0.6513064128 0.2289430135 -0.4535153642
v 0.6179978292 0.1917212764 -0.5147748227
v 0.1022617676 -0.4166001382 -0.6985194943
v 0.8195253005 -0.08152583131 0.01733198258
v 0.07190152251 -0.3034767827 0.7331941838
v 0.0979820181 -0.2360586128 -0.7829042632
v 0.2017918746 0.259031435 0.7292937402
v -0.2331487911 0.5652205229 -0.5220021136
v -0.0809668445 -0.1035424658 0.8144483108
v 0.203513692 -0.7718448012 0.05363724648
v 0.5176227492 -0.4798890576 0.3515724302
v 0.4165102604 0.3532487275 -0.5610820045
v 0.1998949507 -0.7730850306 0.07141755054
v -0.04283655547 -0.1190953604 -0.7850557265
v 0.1994216174 -0.7734039535 0.0789473444
v -0.7582774939 0.0788472079 0.2114854989
v 0.1285060829 -0.3924150393 -0.7112947689
v 0.1155601568 -0.260823 -0.7573030535
v 0.5300996034 0.4381270492 -0.412917803
v 0.09142802801 -0.4264404098 -0.712525939
v 0.07799100769 0.3517419939 0.7141861143
v 0.07456858339 0.4131226802 0.6731047153
v 0.6956204901 0.2949202488 -0.3308453893
v 0.4146140666 -0.4534328173 -0.4869207094
v 0.2394086149 -0.7504348862 0.180158949
v 0.3153792955 -0.4333783695 -0.57474807
v 0.1250198189 -0.3976131971 -0.7088740895
v -0.1293031668 0.5236098703 0.6044054598
v 0.1285874527 -0.2514500568 0.7331919786
v 0.1770925416 -0.6138406856 0.5487200602
v 0.7146530554 -0.1153640335 0.3585532427
v 0.0137771676 0.3993031728 0.6873142193
v 0.09856705037 0.3853573122 0.6796026138
v -0.03506143427 0.3818710035 0.7202644244
v -0.006860829468 -0.3858039891 0.6833730684
v -0.5935357066 -0.4814256511 -0.2438341549
v 0.5856127572 0.2488558502 0.4974161409
v 0.3768192248 -0.4937210215 -0.4984068523
v -0.6862016843 -0.05261124781 0.445498812
v 0.6041692924 0.4866822175 -0.3028555356
v -0.5408539997 -0.587500607 -0.129004657
v 0.001900118536 -0.2114352407 0.7705928007
v -0.1916758607 0.6770581737 -0.4533672566
v -0.5814802287 -0.5633960285 -0.128447719
v -0.234702341 0.7442593079 0.05691144402
v 0.1596426559 0.3120602858 0.6970998074
v -0.03566265929 -0.1889978109 0.7801212121
v -0.5831293184 -0.5606067789 -0.07973336488
v 0.5681634229 -0.3701870759 -0.4717203748
v -0.5287600198 -0.6175862273 -0.1858045734
v 0.6894521831 -0.1818439331 0.3407895746
v 0.3117063176 0.652811567 -0.4638125938
v 0.005729219889 -0.2353819073 0.7611515254
v -0.309253007 0.652659049 -0.3350466969
v -0.0686632418 -0.3246682018 -0.7254601684
v 0.1627508136 -0.2252514998 -0.7773894175
v 0.6747745162 0.3347975067 -0.3494670977
v -0.004202989455 0.2617345617 0.740164
v -0.2917868652 0.5602860084 -0.50465863
v 0.3921667431 -0.541190326 0.4303472307
v -0.1932229886 0.752514948 0.05073282612
v -0.5068018982 -0.2461327126 -0.6071007193
v -0.7925310454 -0.01051179003 0.1733861128
v 0.2877917758 -0.3997083379 -0.6574929874
v -0.3198358726 0.5785822676 -0.4536164766
v -0.06273407485 0.3019729099 0.7343311253
v -0.774116479 0.03097558984 0.1961818914
v 0.7461954938 -0.1447083785 0.1673642744
v 0.46568307 -0.4314102675 0.4988241163
v 0.6883096391 0.2405769957 -0.3795967926
v 0.5117491077 0.3257745384 0.4960195791
v 0.5422660577 0.3640390927 -0.4290012103
v 0.5926185722 0.4497338834 -0.3138948526
v 0.3406618803 -0.3379688261 -0.6871941241
v 0.6718166564 0.3782881715 -0.3191253735
v 0.08855108353 -0.1228482031 -0.8035154703
v 0.2256155851 0.2801611079 0.6987705917
v 0.5605273313 -0.4687636773 0.357634052
v 0.7960439658 -0.01305650479 0.138970537
v 0.09400217897 -0.3724351518 -0.713370003
v 0.1517792476 -0.1259868539 -0.8119131386
v 0.3118433395 0.4184325594 -0.6428909537
v 0.08791542797 -0.3141570655 -0.7336923258
v -0.797094844 0.02867477852 0.1502671946
v -0.654380911 -0.5323997107 0.1023633345
v 0.09015206805 -0.3172860685 -0.7328894458
v -0.1678664841 0.7578036093 0.03892375959
v -0.5509287104 -0.5797692736 -0.08170823157
v -0.1382508893 0.7838210102 -0.02832834617
v 0.7833162525 -0.1502234776 0.0361789646
v -0.01624638887 -0.4196027282 -0.6987691017
v 0.2546348757 -0.4135223619 -0.6651709782
v -0.2666685994 -0.3256514631 -0.6952211361
v 0.497194516 0.3073945701 0.5320550105
v -0.1824611423 0.6568219738 -0.4543869339
v 0.3785770856 -0.4621228267 -0.5305999805
v -0.6103769358 -0.5378886302 0.09680842966
v 0.485642425 -0.4387337836 0.4358065585
v 0.1329377022 -0.3835706345 -0.7151871068
v 0.1404489156 0.4765846798 -0.6505960628
v 0.5548313592 -0.4406964619 0.3992308773
v 0.01682586339 -0.2535777395 0.7538131985
v 0.4914539925 -0.4412071499 -0.4768828319
v -0.3193357935 0.4028240201 0.6330155475
v 0.0810905456 -0.3779227899 0.7038975566
v 0.3811376178 -0.4136739859 -0.5513964263
v -0.06350108274 0.3042884538 0.7336029249
v -0.4106566745 -0.3950977826 -0.5690608593
v 0.05814056162 0.3777814768 0.688463677
v -0.6527292585 -0.5153175758 0.0286144124
v 0.1708180113 -0.5968846657 0.5426424654
v -0.3236957282 0.7291729595 -0.0169976715
v 0.4119893445 0.3477062867 -0.5983579037
v 0.3785166803 0.3137494568 -0.6286961114
v 0.1721185268 -0.7586420113 0.01757419393
v 0.2003127063 0.3003527265 0.6952297782
v -0.6711389973 -0.0582460659 0.4370972994
v -0.2029847513 0.6387012384 -0.4914308973
v 0.5342999574 -0.5195465977 0.3183049113
v 0.007507493446 -0.1237079123 -0.7909719229
v 0.3501469024 -0.5336775481 0.4813116947
v 0.6547190254 0.1841376184 -0.4558282558
v 0.4314953474 0.3097416129 -0.5795931836
v -0.01574599134 -0.2647616774 0.7308850172
v -0.786875721 0.008856477677 0.1780467029
v -0.03293433642 -0.3792053059 0.686477069
v -0.1989810645 0.6185791737 -0.4871799721
v -0.3139738234 0.6672380769 -0.3457000403
v 0.1450312351 -0.163472741 0.7672652382
v -0.1093052725 -0.05911994143 0.8323888735
v 0.386885055 -0.7343893253 -0.00434709352
v 0.1317362878 -0.1932386934 -0.8036048116
v -0.1278743759 -0.1135954893 0.8114591607
v -0.1652570347 0.7040383035 -0.4107601114
v 0.4607366056 -0.4672564073 -0.4413444697
v 0.7326648409 -0.04263980636 0.3397530304
v 0.2072689485 -0.7707845061 0.04271228444
v -0.619867918 -0.5331389373 0.07323498218
v -0.28416475 0.7575621672 -0.09895041649
v 0.4973696823 -0.4464717326 -0.4386942684
v 0.1056406387 -0.4031267913 0.6935485042
v 0.04690199227 0.3873507147 0.686671963
v 0.3336546647 -0.4908776247 0.5524211994
v 0.09525545344 -0.4248389113 -0.7136871975
v -0.01103452103 -0.09269960733 -0.7994755016
v 0.3737016353 -0.5397824996 0.4503145723
v 0.5849515479 0.4562552347 -0.3450443142
v -0.6910037066 0.02656252122 0.4077745075
v 0.04037391728 0.4384694846 0.6882545384
v 0.625064258 0.2184737913 -0.4873608004
v -0.08899565204 -0.05727806981 0.813492436
v -0.8098203521 -0.01501081485 0.18083856
v 0.353026149 -0.7434585735 0.07785289814
v -0.4376627008 -0.5806579189 0.3948742504
v 0.6686646178 -0.01069520815 -0.4177234013
v -0.824878271 -0.01328162194 0.1496070283
v -0.1370211943 -0.08777862219 0.8025296759
v 0.2606479231 -0.7394560936 -0.04703898803
v -0.04663176677 -0.2050098464 -0.7531693926
v -0.2115538907 0.7744469048 -0.1905227227
v 0.778207585 -0.2186438021 0.0130801858
v -0.4594732214 -0.3943048559 -0.5407865616
v 0.8054793406 -0.05804207159 0.07969876672
v -0.03146612719 -0.355476718 -0.7198445976
v -0.006452264395 -0.1357764949 -0.7844665744
v -0.6784638544 -0.08119582265 0.4713283517
v 0.5198459717 -0.4685734321 0.3638973326
v -0.0134223921 -0.1920801168 -0.7628935324
v -0.03053438691 -0.3595850785 -0.7184877894
v 0.1265692414 -0.285904969 0.7389677559
v 0.5515297231 0.2422349212 -0.5416008849
v 0.4179979814 0.3577737261 -0.5561571453
v 0.05504027498 0.1989797235 0.7540955267
v 0.613165649 0.4416082621 -0.2998754447
v -0.1665708709 0.622223275 -0.5143771674
v 0.3239002775 -0.4944117927 0.5234890896
v 0.3867945216 -0.4307947718 -0.5295144147
v 0.3136120178 -0.4328899126 -0.5764509195
v 0.1044524556 0.3844451246 0.6982746549
v -0.4307247113 -0.6720501121 -0.08757650157
v -0.5085617259 -0.6073967258 -0.1492474726
v 0.6124869767 0.4835455559 -0.2970635767
v 0.5379118149 0.2885400616 0.4932546168
v 0.1716441803 0.1353705848 0.7789109022
v 0.5748205146 0.4480618177 -0.3612852161
v -0.6517162267 0.03408260204 0.443989158
v -0.6844435255 -0.122838153 0.4328521556
v 0.5875771938 0.2352337104 0.472672167
v -0.01717115216 -0.1718609776 -0.7696971821
v -0.4954117124 -0.6358420177 -0.1451024578
v -0.05687114283 -0.3794652243 -0.6880396781
v 0.1010185656 0.1871016469 0.7707144456
v -0.1953815891 0.7583668352 -0.1574463282
v 0.02091540492 -0.09043130442 -0.8243516101
v 0.5777823676 0.2385098375 0.483117236
v 0.7059905815 -0.1924895582 0.3425211516
v -0.5819603714 -0.5611470586 -0.07562739593
v -0.00665601751 -0.279427603 0.7441761948
v -0.1846687196 0.542239595 0.5475537952
v 0.2825767808 -0.7603784159 0.1841273075
v 0.3573716305 -0.4417674852 -0.5663406868
v 0.04046273711 -0.1152668696 -0.7990217024
v 0.326925784 -0.4697939635 0.5520840387
v 0.5229447869 0.4043664843 -0.4457773257
v -0.6660296146 0.02997385794 0.4573553132
v -0.6190321384 -0.534712811 0.04423641023
v -0.1703144159 0.7816375413 -0.1628998747
v -0.02095434834 -0.3119274062 -0.7180756511
v 0.3193129963 -0.3077005299 -0.7048459813
v 0.0700053957 -0.3971609178 -0.7199646929
v -0.180256992 0.7796638071 -0.1615889292
v -0.04558954555 0.2860570996 0.7567723099
v -0.7730702496 0.2736794506 0.1536231419
v 0.3868953957 -0.4826156371 -0.4747139354
v 0.1780903454 -0.6119920531 0.5501094104
v -0.588456005 0.1008176072 -0.8020976906
v -0.09625835315 -0.1123764479 0.7920921166
v -0.6642001138 -0.009780968103 0.4751147198
v 0.2357888753 0.1961825619 0.7278414518
v 0.6397646923 0.4512593912 -0.2663042012
v 0.2933377331 -0.38262665 -0.6718098321
v 0.5692014869 0.4395151478 -0.3733532697
v -0.7886027683 0.004007719185 0.1762470322
v 0.1353576217 -0.3767398367 -0.7180419767
v 0.4008364287 -0.5489730351 0.3778451601
v -0.6671310341 -0.09514090104 0.4582765898
v 0.1124717717 -0.3049695399 -0.7599745919
v 0.6996926432 -0.2042542148 0.2921736435
v 0.5505122808 -0.4388217243 0.3718892399
v -0.33295248 0.7462072351 -0.03708937903
v 0.665459475 0.4019625229 -0.3072831169
v 0.6431383261 0.2218320332 -0.4669956844
v -0.4470174955 -0.4215574201 -0.4961942984
v 0.04449627268 -0.09657906411 0.8146517873
v 0.02849677753 -0.2462999818 -0.7686856403
v -0.7770937686 0.02728714747 0.1914299485
v -0.01447946411 -0.1518456278 -0.7773984172
v 0.5831392121 0.4552888702 -0.347567894
v -0.6326897406 -0.5499019108 -0.02249637666
v -0.09919389249 0.3208185677 0.752192002
v -0.635010589 -0.548451768 -0.02049869412
v 0.5642206628 0.2669160016 -0.5102323016
v 0.07288608757 0.1636203718 0.7835171364
v -0.002715717341 -0.4177709328 -0.6822507291
v 0.1752596436 -0.6234760206 0.5381661605
v 0.03777302054 -0.395419328 -0.6965074368
v 0.1509664738 -0.2209239134 0.7638886245
v -0.549748618 -0.5813933906 -0.1065703786
v 0.4827786747 -0.5472092738 0.2995105101
v 0.1372169823 0.2765328901 0.7134315704
v 0.3312369952 -0.4598333284 0.5606175368
v -0.1006807791 0.3018812739 0.7400903932
v -0.1167419925 -0.1125694199 0.7924280258
v 0.09874283497 -0.3372627375 -0.7269048279
v -0.7571087853 0.04311050974 0.2264821484
v 0.38371606 0.339836501 -0.6036294001
v 0.5118643753 -0.5164227502 0.3443781282
v 0.02511521505 -0.4001366578 -0.7121058142
v 0.3876762533 -0.4636625493 -0.5228627466
v 0.3610569457 -0.4414312184 -0.5355656661
v 0.4693041953 -0.4141423574 0.4834133617
v 0.3701217536 -0.7344241321 -0.1115806455
v 0.05187279235 -0.2499809014 -0.770871672
v -0.2174067614 0.6197480611 -0.5015523647
v 0.01107762997 -0.3968350216 -0.7111907658
v 0.1665952326 -0.1354122903 0.7970140554
v -0.2722076132 0.7570118746 -0.003473183537
v 0.2984949751 -0.7460408302 -0.1889972149
v 0.494483969 0.5481946509 -0.3638269741
v 0.2875356719 -0.4022221134 -0.6550099658
v -0.2363194549 0.7681188086 -0.1403989703
v 0.7254529269 -0.05511660848 0.2921312674
v 0.750381484 -0.02225658659 0.2257841208
v 0.4060726415 -0.5052421499 0.4627709537
v -0.6557215079 -0.0607165453 0.4693215987
v 0.0899087336 -0.421837543 -0.6947463576
v -0.6131789399 -0.5602009583 0.01158039197
v 0.5171228191 0.4369691879 0.4246725361
v 0.1802363404 0.1394076629 0.7761431088
v 0.4358544178 0.4509398126 -0.4959228175
v 0.1766754117 -0.6147277813 0.5479926346
v 0.1358983632 -0.3522479734 -0.7462780704
v 0.3275911356 -0.5057839196 0.5052747813
v 0.08096819297 -0.306218471 -0.7355373824
v -0.09706270827 -0.05392048727 0.8149674322
v 0.3897325046 0.3499692628 -0.6185436219
v -0.7433911652 0.0466131602 0.2531404795
v 0.1754357783 -0.6241804999 0.5370895348
v 0.31126125 -0.329900183 -0.7154615677
v 0.278264318 -0.7419201622 0.1486812965
v -0.1012088033 0.3058721913 0.738715526
v -0.2712246797 -0.7629324219 0.01115743241
v -0.2447045177 0.5993535619 -0.5008609974
v 0.649129798 0.181373416 -0.4634455732
v -0.2483324673 0.7472752783 -0.1312112659
v -0.5845358931 -0.5600148255 -0.08623582278
v 0.09668957111 -0.3458188839 -0.742704417
v 0.1468582028 -0.1737818014 0.782406002
v 0.438621645 -0.4498002487 -0.4746338918
v 0.1960242775 -0.7559573608 0.08300464944
v -0.07956608828 -0.0996385653 0.8159467897
v 0.3824020152 -0.7387225887 0.1105435947
v -0.02544857066 -0.3710885651 -0.7150625415
v 0.3460807094 -0.444831285 -0.5706877179
v -0.8158502665 -0.1125531042 0.2030224636
v 0.005184313732 -0.1875265099 0.7798763131
v -0.4516158625 -0.3029895774 -0.594571178
v -0.4967176216 -0.2625413157 -0.5688492175
v 0.2044561715 0.2437634686 0.7152284697
v 0.6901810987 0.3675830948 -0.2806413101
v 0.2811140623 -0.4029422677 -0.6299070173
v 0.7599033393 -0.09564699974 0.2143667421
v 0.5285374115 -0.5031175069 0.3110480586
v 0.2127847777 0.2920553958 0.6963717858
v 0.4948771246 -0.5379082388 0.2995386714
v 0.3890326145 -0.7145881504 -0.04261391361
v 0.1897449346 0.1880810043 0.7569693496
v 0.5829675623 0.4502180789 -0.3230278436
v -0.08698594134 0.3666644108 0.7336414269
v 0.01549608499 -0.1531887427 0.7738881788
v 0.2335296242 -0.764455933 0.002381724756
v 0.02589024294 0.4412125735 0.6894403524
v 0.4766294995 -0.4594749796 -0.4388894604
v -0.7985530925 0.02480149599 0.148669585
v 0.3696479287 -0.7164133003 -0.1073523686
v 0.2068775363 0.2169312229 0.7246420306
v 0.4310627958 -0.3722947626 -0.5902261733
v -0.5019988627 -0.6333526188 -0.1831672309
v 0.4922293966 -0.4225465223 0.4840809781
v -0.4569039875 -0.3255955875 0.5424150294
v 0.05289107274 -0.1218643086 -0.8177205638
v -0.5450955973 -0.6077748321 -0.1823772395
v 0.1883195707 -0.5997322047 0.5557706353
v 0.3024307321 0.3941990648 -0.670689102
v -0.4442420733 -0.3594316963 -0.5923043279
v 0.7317740499 -0.05056665585 0.2730575181
v 0.0007259404335 0.4342236255 0.6765568431
v -0.1480582763 0.6738464153 -0.4663863574
v 0.02340312007 -0.1418490535 0.7781637488
v -0.6539559586 -0.5143922761 0.03394123309
v 0.2017750673 -0.7735417502 0.09873797752
v 0.2410866258 -0.7628131014 -0.003302389334
v 0.7339520355 -0.01055487848 0.2893549214
v 0.3124387497 -0.5502024172 0.497208552
v -0.4249269116 -0.6751238951 -0.07780748246
v -0.3388532993 0.5771486938 -0.4367543276
v 0.5591504973 -0.4754685091 0.3503897452
v 0.1980578657 -0.5767018083 0.5417332579
v 0.08219969831 0.3060930117 -0.7352932582
v 0.5179246263 0.3038461873 0.5410511883
v 0.4716735288 -0.5321657187 0.329725583
v 0.35996092 -0.4158644579 0.6227465983
v 0.7802172585 -0.2109398403 0.01073847914
v -0.3721018056 0.5813997679 0.4089919993
v 0.2687357874 -0.7438036015 0.1496057022
v 0.4198129098 -0.4882123444 0.4710959689
v 0.428312972 0.3639409007 -0.5698707722
v 0.1080043697 -0.1321665 0.7994599458
v 0.4806410387 0.5114519985 -0.3769661403
v 0.0765023331 -0.2967851524 0.7165097043
v 0.5908247126 0.218528907 -0.4924475647
v -0.1580336626 0.6948599861 -0.4636219016
v -0.5559975051 -0.5988312817 -0.1156700529
v 0.6642314042 0.4050397329 -0.3061394405
v 0.03226561741 -0.1400248274 0.7979080051
v 0.2554222596 -0.4272557166 -0.6501370784
v -0.02333636179 -0.8158329823 0.0473986033
v 0.02431133487 -0.2601210834 0.7511041118
v 0.3046800895 -0.6401217597 -0.3922283701
v -0.4673320703 -0.3982872504 -0.5265700247
v 0.2133387953 -0.7733184266 0.1660918905
v 0.2091518067 -0.6271073078 0.5001737426
v 0.4870481356 -0.520469871 0.3296026567
v 0.4102781808 -0.3853991518 -0.5616892157
v -0.4313570739 -0.3258275531 -0.6395071878
v 0.1735333413 -0.1913507989 -0.7913725583
v -0.6694604649 0.3909808695 -0.3503758582
v 0.2824038198 -0.7363537023 -0.009377795024
v 0.2264552685 -0.5925445482 0.5274789342
v 0.2323461644 0.2714553639 0.7009278363
v 0.065774705 -0.3862582352 0.7009455377
v -0.4483093689 -0.3817237005 -0.5670924295
v 0.4375702304 0.3138431192 -0.5704751821
v -0.09546050194 -0.05438777107 0.8147525124
v -0.5001099402 -0.6011341306 0.1538833433
v 0.1574030731 -0.1327851246 -0.8102840152
v 0.4360181705 -0.3088782382 -0.6538780903
v 0.3033814217 -0.4357491333 -0.6089570403
v -0.1014762164 -0.1202503684 0.8083266115
v 0.2554891315 -0.4067489298 -0.6717512447
v -0.4299764553 -0.3543354853 -0.5787252793
v 0.3304581044 -0.7459644222 0.01513255564
v -0.5222507972 -0.6200430842 -0.1481070147
v -0.03146221962 -0.1097133282 -0.8094196273
v 0.3281452426 -0.4666044063 0.554974967
v 0.1655363977 -0.317256447 0.7067164277
v -0.07563571022 0.0462176281 -0.8337310199
v -0.0240502413 -0.3631418053 -0.6989421223
v 0.5193180889 0.2741505041 -0.5203293029
v 0.4021002301 -0.4819732616 -0.4651808454
v -4.533630938e-05 -0.112957934 0.7899325476
v -0.008044955578 -0.203135079 -0.7596758139
v 0.4520054718 0.3258112822 -0.5756961372
v 0.5654897389 0.2261422609 -0.540159563
v -0.1852646811 0.7091138926 -0.3845777956
v 0.2629901978 -0.3853323693 -0.6893334885
v -0.7967877816 0.2209880884 -0.0127671894
v -0.8288822409 -0.04872205751 0.1539802986
v 0.1252877535 -0.149023568 -0.7995190696
v -0.5085067741 -0.2560691052 -0.5585068999
v -0.2943496921 0.753891782 -0.04288718992
v 0.3254135076 -0.5629839498 0.4680553537
v -0.04723903008 -0.1282002572 -0.8003007914
v 0.3281709603 -0.3287078129 -0.6767092419
v 0.3062276495 -0.7544258036 0.1394059792
v -0.4402631356 -0.6669227896 -0.1017508934
v 0.4642351921 -0.4406536091 -0.4670924162
v 0.08553704271 0.2152101059 0.7435786986
v 0.09850590758 0.2627486067 0.7242964066
v 0.7529407944 -0.04217136408 0.2051190497
v 0.3548117241 -0.5371616218 0.4722554692
v 0.1307624285 -0.1730929523 -0.8108004546
v 0.3747507553 -0.715644035 -0.09990040574
v 0.5697944536 0.2570486712 -0.5122888211
v -0.4218147756 -0.4102094314 -0.5405296829
v 0.1346355601 -0.177661504 -0.7904919591
v 0.6901209617 -0.1721183629 0.3442707875
v 0.2332692589 0.1924788748 0.7487991172
v 0.1113385478 0.1771495943 0.772784256
v 0.3028351521 -0.7280813145 -0.1519394242
v 0.1215343744 -0.1397387742 0.7962270887
v 0.550624926 0.2640738564 -0.497206764
v -0.5004950794 -0.6216667244 0.1550354383
v 0.1453197915 -0.2318351934 0.7405263718
v -0.5295499665 -0.6156407437 -0.1460818898
v -0.2061698385 0.6832117594 -0.397234614
v -0.5079751365 -0.5252057366 -0.3217115936
v -0.57686571 0.459951129 -0.3189987222
v -0.03672946204 -0.1956898137 0.7775257837
v -0.2636555494 0.7569987029 0.05218797536
v 0.01225289468 -0.2479640163 0.7561002533
v 0.03249100835 -0.1158511196 -0.7976057704
v 0.378295711 0.3277383789 -0.6468036751
v 0.7551461367 -0.1377251224 0.2057272144
v 0.09929130226 -0.3558724066 -0.7202048834
v 0.309968125 -0.7353469286 0.1354217966
v 0.4327279479 -0.4520295206 0.504795175
v -0.7872987066 0.048973967 0.1630195081
v 0.2030322679 0.2572320325 0.7297624395
v 0.1847027516 -0.6033491878 0.5546895396
v -0.6870880051 -0.09002493246 0.4158868975
v 0.1876365476 0.2647907625 0.7101029948
v -0.593000791 -0.5756555193 -0.0823372938
v -0.6721179972 -0.1051166226 0.4516582981
v -0.289992648 0.7561170309 -0.0886154671
v -0.3972945126 0.4472041647 -0.5459112616
v 0.1311405795 -0.2493339515 0.7339682171
v 0.4255909221 -0.3471903241 -0.6204162139
v 0.1552834663 0.2777156943 0.7102743466
v 0.5604086069 0.2757587376 -0.5072246157
v 0.6270292906 0.2182861388 -0.4855693547
v -0.06039093964 0.3437046412 0.7187683891
v 0.1003270494 0.3819271771 0.6805871565
v -0.2880302677 0.7381855871 -0.08584289822
v 0.2901708241 -0.3635530794 -0.6654269033
v 0.7332474966 -0.07755545377 0.3169751022
v 0.4300410921 -0.5491101761 0.348944132
v -0.5451535887 -0.5868060809 -0.1788678952
v -0.6650028151 -0.5274590574 0.06589685648
v 0.2224843173 -0.7523368613 0.1338812695
v 0.2078294328 0.1600565673 0.7644540556
v 0.1131863608 -0.2225103479 -0.7709088032
v -0.6809840668 -0.001362375513 0.438011126
v 0.1694737044 -0.7778185718 0.0318873844
v 0.08006096716 0.1467728994 0.7693468496
v -0.4187584556 -0.3654591968 -0.6216879124
v 0.3173350006 -0.7300530819 0.007282106236
v 0.6952610983 0.3341342411 -0.3012150284
v 0.4155991159 0.3145091264 -0.6201869899
v 0.6332966538 -0.2979586589 -0.4292155341
v 0.08412651944 -0.3880658923 -0.7254105807
v -0.4481887968 -0.3425780106 -0.601803535
v -0.6657387636 -0.02560905465 0.4775752124
v 0.2462168389 0.2320305195 0.7324308786
v -0.724489602 -0.1061442491 0.3455219238
v 0.08929230669 -0.3717946537 0.7061292424
v -0.1214819482 -0.0559783143 0.8146530985
v -0.004782348497 0.2678671381 0.7572440489
v -0.5180718399 -0.6113084339 0.1533827427
v -0.04888109432 0.3628541727 0.7100526323
v 0.006805405078 -0.2380956876 0.7600686417
v 0.3412138715 0.3641140405 -0.62691745
v 0.3185447145 -0.4670275409 0.5978692382
v -0.7761872431 0.04440937497 0.2282488301
v 0.1747532618 -0.5920390753 0.5449860811
v 0.5299144839 0.4550431368 -0.3715791379
v 0.4222749222 -0.3908919155 -0.5764859646
v -0.008668377176 0.09901452441 -0.795223891
v 0.09773091322 -0.2726146556 0.7447440696
v 0.3752088755 0.5138652278 -0.5075250028
v 0.6040487799 0.4461794214 -0.3053575698
v 0.7754238783 -0.04951952503 0.1232793242
v -0.1882636505 0.7791141701 -0.1950463803
v 0.3109568398 -0.5465300651 0.4693816463
v 0.2015479293 0.08545852634 -0.8239487695
v -0.1597323399 0.6701862813 -0.4935899001
v -0.1371535673 0.3910964649 -0.6976595169
v -0.5188917061 -0.2513408386 -0.5485377419
v -0.6272710903 -0.5507454981 0.04119728128
v -0.1625264321 0.7601855483 -0.00565545201
v 0.05426562331 -0.121953866 0.785323989
v 0.4312333132 -0.3577475912 -0.6054762446
v 0.1208379486 0.1246136034 0.7712698638
v 0.5605463439 -0.4040357604 -0.4697404719
v -0.4513760892 -0.6608322614 -0.1151281417
v 0.4563452316 -0.4427067016 0.4595276367
v 0.2077936426 0.2243667137 0.7217940148
v -0.7830431625 0.01755115829 0.1827697841
v 0.2819946317 -0.7411718168 0.1479510697
v 0.01658803269 0.2699379618 0.7532648132
v 0.6889101154 0.4112903484 -0.2770591636
v 0.1362780788 -0.362707436 -0.7425231715
v 0.4146503634 -0.4107711375 -0.5319551795
v 0.1288576521 -0.1397017175 0.776885673
v 0.2218830215 -0.7655342275 -0.03712069543
v -0.4849087116 -0.6432648582 -0.1772766181
v 0.138047219 -0.3644983155 -0.7229095597
v 0.5425452866 0.4522232823 0.3765984044
v 0.05303114539 -0.3907511687 0.699444496
v 0.1043930114 0.3021040909 0.7090650499
v -0.6804740047 -0.01116349678 0.4425095129
v -0.3256056898 0.5425765769 -0.4601221828
v 0.5354593088 0.2697350217 -0.53639781
v 0.3834291128 -0.5227661042 0.4285752744
v 0.6514718641 0.4269088409 -0.3019817904
v 0.3345076986 -0.7481783469 0.1148258623
v 0.3210992866 0.3837393638 -0.6317179227
v 0.7398469545 -0.05676133613 0.2415563681
v 0.5308667231 0.2678308115 0.5211209184
v 0.3109328207 -0.7482403316 -0.03554681803
v -0.4763605218 -0.3905461723 -0.4836038453
v 0.6637353482 0.3380812031 -0.3292401359
v 0.4026074612 -0.5587077838 0.3976130481
v 0.2011805957 -0.7725834317 0.06307525118
v -0.4635912073 -0.2890458027 -0.5905692345
v 0.7689818256 -0.0337516435 0.2199056218
v 0.4090755892 -0.7133411265 0.04557572193
v -0.6986858694 -0.08177713734 0.4304115398
v -0.008890315 -0.211804556 -0.7756162989
v -0.8083241976 -0.1221371751 0.2217113717
v 0.2089622022 0.2438170645 0.7337566945
v 0.1897881748 -0.6197459155 0.4946658105
v 0.6924586174 -0.148286651 0.3503930232
v -0.2159748415 0.6004247043 -0.4937484675
v 0.1140130066 -0.1450630171 -0.8184890543
v 0.397718273 -0.4406430598 -0.5404315206
v 0.2205059789 -0.5910912466 0.5012002442
v 0.784657207 -0.06334343908 0.1482906144
v -0.2759235333 -0.7379756737 0.04792442235
v -0.5295476421 -0.2470485209 -0.5378147552
v 0.4438643245 -0.3128170647 -0.6444484372
v 0.2699455013 -0.7387210391 -0.01132808483
v 0.5445985281 0.2834212918 -0.4883472206
v -0.02929821967 -0.3350258069 -0.7083977613
v -0.8111030171 -0.02325791433 0.181142404
v -0.03117538976 -0.3369075178 -0.7266564721
v 0.3935655697 -0.3890632492 0.5900706157
v -0.1357985024 -0.09605168798 0.799269939
v 0.5141768795 -0.5135716351 0.3457599985
v 0.7736276347 -0.01673279888 0.1489724307
v 0.09261739572 -0.3688887359 0.7071988352
v -0.5855243695 -0.5602095408 -0.1072291965
v 0.3412062128 -0.7482113657 0.1592348833
v 0.1608994841 0.1263850904 0.7645792765
v -0.2136965182 0.6237805797 -0.5000299859
v 0.0476733957 -0.2709309678 0.7464077614
v -0.5483271431 -0.6058131968 -0.1811431192
v 0.1975781403 -0.7560471193 0.09603254128
v 0.04876368854 -0.08909183254 0.7982851579
v -0.5539586869 -0.6002297507 -0.1207742578
v 0.08668219421 -0.1266683573 0.8020382092
v 0.07704939232 -0.3737665702 0.6863951777
v -0.08315924601 0.2630447324 0.7516004062
v 0.5437739534 -0.5070434596 0.3250209779
v 0.7056121175 -0.2195623967 0.3277202008
v 0.2275741361 -0.7474712451 0.005238630854
v 0.2393665219 -0.7619139068 -0.0442791029
v 0.2826561688 -0.4652559719 -0.5917112421
v 0.1194700323 -0.1507668118 -0.8172336267
v 0.1513444759 0.1657842618 0.770889731
v 0.6469748779 0.4628819301 -0.2789037731
v 0.0266580871 0.272686981 0.7507433492
v 0.663986684 0.447447514 -0.2739541499
v 0.1241958552 -0.1572439692 -0.8155860271
v 0.1826523858 -0.6207995353 0.5003332339
v -0.4230232974 -0.4005802652 -0.5848850038
v -0.2678701778 0.7088732849 -0.3376476383
v 0.3604035738 -0.7439168427 0.140769716
v -0.7840594723 0.01547498265 0.1814362797
v 0.7584264955 -0.1137187956 0.208704951
v 0.1185531586 -0.4084531203 -0.7231752593
v 0.189565343 -0.1964330484 0.7534818191
v 0.6779971219 -0.0238749242 -0.4351135821
v -0.003721700213 -0.2754223516 0.7264747498
v 0.7653445783 -0.06579212328 0.148328729
v 0.4317818774 -0.5622081881 0.364428702
v 0.1703811537 -0.7802457476 0.1183430143
v 0.1078601212 0.3579315486 0.6881956529
v -0.5827866148 -0.562446531 -0.1237406405
v 0.4634335339 -0.5370603007 0.3315533255
v -0.03382181951 -0.4101676812 -0.6995556511
v -0.517067331 -0.2249418597 -0.5743198991
v 0.4107157686 -0.7084044068 -0.1077324269
v 0.6996898419 -0.2002616137 0.2945584135
v 0.03705053805 -0.2672278916 0.7480691288
v -0.09033614457 0.2733075427 0.7489431123
v 0.4265817527 -0.7265597701 -0.007637495911
v 0.3354974564 0.3578320751 -0.6659360714
v 0.3760240332 -0.4040311711 0.588128589
v 0.2418100879 0.2137552993 0.7205284552
v 0.1683061281 -0.6008610405 0.5400137203
v 0.1355014976 -0.2520686219 0.7520200542
v 0.4562544003 -0.5629130251 0.3054601126
v 0.7971853178 -0.01212062692 0.1355944448
v 0.06013398645 0.1763964957 0.7615574057
v 0.04526127276 0.4299663232 0.6713883961
v 0.1301466497 -0.1706771602 -0.8115880172
v -0.2946694792 0.7384450882 -0.1373312665
v 0.08931768911 -0.3820055221 -0.72840283
v 0.3863087467 -0.5126456798 0.4387216847
v 0.3921517833 -0.7323897244 -0.03668479137
v -0.2032941382 0.6923525879 -0.4223310958
v -0.2824952471 0.7037287974 -0.3298629624
v -0.5048105222 -0.6303697863 -0.1477783322
v 0.1287948032 -0.1458281848 0.7937000223
v 0.1536999373 0.3181597242 0.7150012721
v 0.609924269 0.2106371735 -0.4796747933
v -0.4913726079 -0.627071309 0.1551279086
v -0.3912586978 -0.6749979589 -0.09713977933
v 0.1928201629 -0.5959857691 0.5561485628
v 0.8043354855 -0.05575313942 0.08500183656
v 0.4736119795 -0.4766154933 -0.4514675761
v 0.006603113109 -0.08691293057 -0.8042462931
v 0.2098553623 -0.7700945097 0.03652591845
v 0.7602780485 -0.08052208229 0.1570235959
v 0.4349516174 -0.4542489585 0.4657677029
v 0.3852087874 -0.5392380479 0.4057006144
v -0.1841190677 0.6488306625 -0.463003724
v -0.6277416968 -0.5264597933 0.1273225635
v -0.09752415865 0.3379490387 0.7456968451
v 0.7689433832 -0.03346160451 0.2202105982
v -0.6822983202 -0.03360883668 0.4467260485
v 0.4921651174 -0.4500566208 -0.4384033279
v -0.6208587187 0.3374924085 0.3995930703
v -0.4473988501 -0.3086909433 -0.5952823327
v 0.1377541926 -0.2496696222 0.7529129907
v 0.4571051098 -0.4834658997 -0.4553182235
v 0.07379414033 0.3521038591 0.6954598366
v -0.2890965527 0.7396913969 -0.1427142161
v 0.01172759526 -0.1215178278 -0.7924070463
v 0.7526036933 -0.03629454511 0.2097763616
v -0.1478272196 0.391126891 -0.6782252433
v 0.06805664899 -0.2681706245 0.7278689872
v -0.04926943709 -0.4132824396 0.6926881096
v 0.06305734119 0.1696072843 0.7635905617
v -0.6631694403 -0.5281029229 0.07780699821
v -0.227271365 0.5921266286 -0.4932806026
v -0.2460522369 0.7615412241 0.01508298003
v -0.07809182214 -0.07705202965 0.8247496827
v 0.365405288 0.362860252 -0.6326414343
v -0.05256355614 -0.1405235803 -0.7757778166
v 0.7017015418 0.2602519366 -0.3799521316
v 0.273435684 -0.3685056231 -0.7000905071
v -0.1314598154 -0.1039326413 0.7961009738
v 0.1161399294 0.1661401223 0.7568444267
v 0.3558598309 -0.7186507673 -0.1222118026
v -0.03412254563 -0.1083523107 -0.7902863369
v -0.584120298 -0.5510354551 0.1618439901
v -0.09622948409 0.3455408768 0.7235069964
v 0.5564690056 -0.4431755499 0.3944408943
v 0.5117791464 -0.4101067098 0.4468114562
v -0.6690125066 -0.0460403386 0.4781330146
v 0.3737184427 -0.5371997066 0.4536103378
v -0.2941008297 0.6823482059 -0.3118767456
v 0.01960866868 -0.1185064168 -0.7946939223
v 0.1868703965 -0.6204191641 0.4966722656
v -0.4266859942 -0.3360526064 -0.6368443512
v 0.4060543739 -0.3906566719 -0.5589729768
v 0.3336942991 -0.7260994149 -0.01821399173
v 0.1662316241 -0.6060583341 0.5353889502
v 0.5109084409 -0.4931611928 0.3411558801
v -0.06048666197 0.3428287504 0.7383297908
v -0.1933285264 0.3682201659 -0.7054766751
v -0.05070427369 -0.1348367122 -0.7973590238
v 0.428805452 -0.306127878 -0.6616270059
v 0.003903534034 0.3987195635 0.6890167707
v 0.3747574902 0.3570649555 -0.6278637291
v 0.09514449198 0.195745436 0.7684505754
v -0.000241579242 -0.2778376967 0.7254602876
v 0.1232513417 0.1698106118 0.7736613388
v 0.09427016572 -0.3008170452 0.7337850048
v 0.4761763559 -0.4120474849 0.4793406424
v -0.129927677 -0.105569036 0.795430288
v -0.5541476805 0.4434520372 -0.3624944233
v 0.4179114711 -0.707492696 -0.09147696012
v -0.8271078708 -0.02813452121 0.1503182724
v -0.5959988216 -0.5498844478 0.003440024403
v 0.3170860488 -0.7337944515 0.1298977277
v -0.6161397797 -0.5391232571 -0.02825406516
v 0.6938008831 0.002817389022 -0.4124012146
v 0.09971625471 -0.2655238204 0.7282682518
v 0.7600914389 -0.07987463326 0.2231012285
v -0.01031940945 -0.1437046593 -0.8002212842
v 0.6220015607 0.1789894059 -0.4919812792
v 0.1958558462 -0.6173422819 0.4917802761
v -0.4355401139 -0.3748035913 -0.5530853292
v 0.1885666004 -0.7594301104 0.1500915516
v 0.5580522366 0.2907769625 0.4979485831
v -0.006700436272 -0.2148972771 -0.7748195577
v -0.6016078959 -0.567426044 0.001747969784
v -0.8212407853 0.004505603708 0.1507226775
v 0.410336798 0.3473460009 -0.600260594
v 0.3833267189 -0.4290591719 -0.5623316508
v 0.6609425225 0.4505755336 -0.2745599008
v 0.3579265719 0.3244192202 -0.6408125011
v 0.3464075295 0.3318282036 -0.6464901162
v -0.3128973765 0.5499261683 0.4533326287
v 0.1739533022 -0.6192078411 0.5109307017
v -0.4903564768 -0.2861098462 -0.5942150047
v 0.2286135263 -0.6062739096 0.5077490416
v 0.01775913466 -0.1564970244 0.7917578167
v -0.2410007115 0.7624756427 0.01668802391
v -0.4613257876 -0.6552817148 -0.1244803513
v -0.2453192535 0.74915836 -0.174259113
v -0.03007987068 0.4274144926 0.7029145039
v 0.191107971 -0.5792627875 0.5452846803
v 0.09597125694 -0.267763433 -0.7518173524
v 0.6999933879 -0.1813650272 0.3047533982
v 0.3493118977 -0.7464204861 0.1521815816
v 0.3992567439 -0.289266623 -0.6706254485
v 0.7537200726 -0.05512678156 0.259776413
v -0.5824350903 -0.5581620805 -0.002929491743
v -0.02742112781 -0.3555007967 -0.7012183297
v -0.06708914461 -0.3225397145 -0.7072456217
v 0.4256263547 -0.5738807319 0.321519769
v 0.1464144613 0.3118127942 0.6991860676
v 0.7585740666 -0.01266224667 0.268312325
v 0.767602846 -0.02812617526 0.1629539772
v -0.2231592348 -0.3768231882 -0.6639083986
v 0.7832328117 -0.04866742609 0.09687948105
v 0.5834869818 0.2108594391 -0.5341235694
v -0.1219608541 0.4565047825 -0.6531832663
v 0.1159901977 -0.2859441564 0.7199560508
v -0.7724426551 0.03278115909 0.1989479861
v 0.1818164423 -0.6066746642 0.5532637734
v 0.5078693454 -0.4094992006 0.4514361666
v 0.3499917024 -0.7257566517 0.07578134434
v 0.3019903729 -0.7509262933 -0.004186849326
v -0.6147177088 -0.5592167136 0.01351775403
v 0.05669601012 -0.3952260729 -0.6994334698
v 0.1177097651 -0.1487649162 -0.8176976772
v -0.006362664169 -0.1260064774 0.8041655939
v 0.1971149242 -0.6322972705 0.5053570897
v -0.7452935575 0.6625137738 0.0725831227
v 0.7429093538 -0.02157598657 0.3169846383
v 0.2914924977 -0.4220788362 -0.6313801063
v 0.3536759746 -0.7431724309 0.07255455165
v 0.7417877892 -0.02329871095 0.3198243399
v 0.490623428 0.3941528743 0.4985341593
v 0.4401852376 -0.3108211292 -0.6490273743
v 0.7217123918 -0.1311683534 0.3248278719
v 0.08897970887 0.1474473848 0.7869829127
v -0.07771788783 -0.07417352811 0.806658986
v 0.4804655148 0.3973559608 0.4754483045
v 0.3843625182 -0.5060113556 0.483138126
v 0.5904788502 0.2346467783 -0.5090502424
v 0.342502884 0.3813504814 -0.6410550161
v -0.8278697455 -0.07680765219 0.1659573718
v -0.2090550302 0.773810847 -0.1532732713
v 0.01081326302 -0.1045491278 0.7930027546
v 0.4260653133 -0.7075980699 -0.0352579338
v 0.4996813521 -0.4352935164 -0.4776032545
v 0.2052666059 -0.7551355278 0.1154776994
v 0.2182783907 -0.6197384654 0.5006470908
v 0.1109572677 -0.2947283348 -0.7442508744
v -0.5223562307 0.4728340721 -0.356080234
v 0.01988837627 -0.3991203181 -0.7116874178
v -0.1552723209 0.6963985763 -0.4303745576
v 0.5686376054 0.235890092 -0.5010201311
v 0.6774497498 0.2023263283 -0.4481243387
v 0.2134936973 -0.6239851887 0.4999070596
v 0.05469511286 0.2039732575 0.7523277722
v 0.02546669856 -0.1395360277 0.779026885
v -0.3257828527 0.7309141321 -0.08827049124
v 0.200424085 -0.7728598594 0.06736366509
v 0.2571497241 -0.4366780687 -0.6103699327
v 0.5484026571 -0.3808975465 -0.5023345633
v -0.2511594739 -0.7541518791 0.007706617269
v -0.1873815016 0.7792874291 -0.1951033436
v -0.02556556109 -0.3203959694 -0.7142931571
v 0.5120507464 0.3845968678 0.4437028664
v 0.1995390604 -0.7757121069 0.1563435975
v 0.8020599336 -0.08484694944 0.01048593174
v 0.4921520946 0.4018803336 0.4896340278
v 0.6662725468 -0.239935544 -0.3826464374
v 0.1286040961 -0.1660403806 -0.8130451929
v -0.2643998122 0.5680137061 -0.5216800915
v -0.04510812151 -0.4148357213 0.6919971
v 0.2854879435 -0.7404654302 0.1470854004
v 0.3482356892 -0.2946264476 -0.6992302317
v 0.79163048 -0.08572301901 0.04590102959
v 0.777978957 -0.01119549672 0.137273439
v 0.09449916622 -0.3248637216 -0.730783577
v -0.5503701929 -0.5809139036 -0.1035845662
v 0.1889192722 -0.5804204104 0.5459528629
v -0.5535188939 0.4480994257 -0.3911432216
v -0.2350232159 0.7454061431 0.01677374264
v 0.1631049605 -0.1521185092 -0.8233258833
v -0.198154374 0.6817825364 -0.4069491283
v -0.03214891566 -0.3487769523 -0.7221834453
v 0.430318533 -0.5726790046 0.3184458072
v 0.4980240971 -0.4417734452 0.419730065
v -0.5867725854 -0.5509729936 0.1212416459
v 0.5060908628 0.3496607103 0.4826457951
v 0.7401546725 -0.1216064092 0.2019214464
v 0.05457106906 0.209495598 0.7503338333
v -0.02844774112 -0.36542439 -0.7166744404
v -0.2943424804 0.5597464439 -0.5028374733
v -0.05836742022 0.3035466346 0.7523263418
v 0.1985146449 0.1966727174 0.7332871608
v 0.806948496 -0.01024286363 0.1030713005
v 0.624587155 0.4340112983 -0.2944377222
v 0.7902308189 -0.06063386061 0.06564858263
v 0.1371342567 0.1541714229 -0.7957920042
v 0.0325435016 -0.4257118518 -0.6846774281
v 0.6148763657 0.1805846762 -0.4977775889
v 0.6101619563 0.2413886519 0.4705807513
v 0.4493407577 0.3792369539 -0.5088828242
v 0.0697428326 -0.3844370189 0.7015780791
v 0.132484663 -0.3793577345 0.7023043127
v 0.3224998417 -0.7244931185 -0.1439295622
v -0.8030221857 -0.07824902624 0.2169946975
v -0.07130488301 -0.3511037904 -0.7154264033
v 0.4511047573 0.3688702001 -0.5150725875
v 0.4457457374 -0.4871551187 -0.459050653
v -0.218490852 -0.04801106304 -0.8036843784
v 0.7916532474 -0.01807715428 0.1511124805
v 0.6516326666 0.1874482096 -0.4849223303
v 0.5728369462 0.2526441851 -0.5126606694
v 0.3772311545 0.355685052 -0.626483021
v 0.4562941241 -0.4441097897 -0.4687752696
v 0.3279667685 0.3971737021 -0.6432695368
v 0.01899317117 -0.1063023025 0.811361654
v -0.4366667147 -0.2865835221 -0.6294073853
v 0.009007539184 0.268539463 0.7549182537
v 0.423037691 -0.7070428305 -0.07326965484
v 0.1229464249 0.1627865739 0.7570396187
v 0.1072187962 -0.2631973994 0.729027385
v -0.7691876266 0.04722573541 0.241488185
v 0.3961786399 -0.3002545941 -0.6897425275
v 0.1228393822 -0.2817907081 0.7214427287
v -0.4685792729 -0.2754986702 -0.633235295
v -0.002695777906 -0.3839029973 -0.6945977136
v -0.1833754159 0.6517232596 -0.4600258384
v 0.4321569739 -0.3925168074 -0.5394777915
v -0.7544749145 -0.008151287748 -0.2948691413
v 0.3717925975 0.3313154296 -0.6504720935
v 0.4215580459 0.3528240433 -0.5850226216
v -0.8171924725 0.002191836469 -0.007561158687
v -0.05605600744 0.2991749586 0.7535708028
v 0.3642152424 -0.7394813643 0.01814409137
v 0.5885508296 0.457679183 -0.3404114087
v 0.2036144766 0.2456612568 0.7146638133
v -0.7813478823 -0.08783809616 0.2234343066
v 0.2880777992 -0.4686394994 -0.5844964673
v 0.5082486438 -0.5464681997 0.3094031707
v 0.5133398483 -0.4211906975 0.4650558926
v -0.7872312983 -0.09253674862 0.2541513657
v 0.190759069 -0.6328464903 0.5109042986
v 0.378965771 -0.715052618 -0.0922816058
v -0.1112527229 0.7701991088 -0.006937557821
v -0.4681427282 -0.3089955919 -0.6042680208
v 0.4683819353 -0.4538150361 0.4674369078
v -0.6564889255 -0.5313143238 0.09794650358
v 0.6116036954 0.2222314617 -0.497742067
v 0.1722037706 -0.7770714779 0.02473333895
v 0.3232884473 0.4029774619 -0.6434385642
v 0.7912535657 -0.09254373679 0.0431422508
v 0.4117682262 -0.4710869692 0.5009707222
v 0.452240179 -0.4456548763 -0.4698659908
v 0.1364797822 -0.2773869968 0.7420996495
v 0.03880143304 -0.1286773155 0.7830053459
v 0.3938508183 -0.4033955007 -0.5537142349
v -0.2362445518 0.7172358485 -0.3580229163
v 0.6464428231 0.4327545298 -0.3024640787
v 0.04498091143 -0.1152243893 -0.7997190297
v -0.5814760567 -0.5539728719 0.1250072581
v -0.8027316327 0.01186306748 0.1447414718
v 0.414941125 -0.4287181073 -0.5414596314
v 0.5857247468 0.4801713857 -0.2974097073
v 0.6748999755 0.2053711305 -0.4197206183
v 0.7932241411 -0.05185937104 0.1256037709
v -0.1740672139 0.7072965504 -0.3979188887
v -0.5799445591 -0.5860055253 -0.152520426
v 0.5746101244 0.2803816302 0.4845775407
v 0.5280609045 -0.4880652202 0.364814318
v 0.5379540717 0.310573429 0.5078441642
v -0.6479370703 -0.003362999211 0.4648977126
v 0.4135061804 0.3481448579 -0.5965289393
v -0.1981360468 0.6480917339 -0.4841575947
v 0.4076136157 -0.3272734345 -0.6248705858
v 0.6707549309 0.3837303045 -0.3160095721
v 0.3978505864 0.4908752704 -0.4742224984
v -0.0315122916 -0.1641481204 0.7705466102
v -0.1203380707 0.7878371983 -0.04596499968
v 0.6543644612 0.4567501285 -0.2763158842
v 0.3690731104 -0.4213396692 -0.5514024459
v 0.7692279166 -0.05747487107 0.1398959112
v -0.2859294649 0.7369054253 -0.0297856224
v 0.1381136588 0.1655485116 0.7729721172
v -0.5394558882 -0.5884097549 -0.1311639579
v 0.0931940839 -0.3223149009 -0.7315155918
v 0.1580221894 -0.7632759599 0.08028958026
v -0.4506717886 -0.2703182138 -0.6246900555
v 0.6617777061 0.3635137132 -0.311721337
v 0.3889761131 -0.7337022493 -0.01363860267
v 0.3406854225 -0.7467152112 0.1061897765
v 0.2836393407 -0.3755787868 -0.6571120202
v 0.1336009827 -0.1916015089 -0.785255031
v -0.03179305151 -0.3533273109 -0.7205786389
v 0.3517851448 -0.4244965355 0.6197180522
v -0.6517230212 -0.04084396878 0.4704349384
v 0.4167418685 -0.4916172684 0.4697499782
v -0.3219499961 0.7473779106 -0.004900524894
v 0.02838179489 0.2379801071 0.7631321733
v 0.0939626414 0.270257004 -0.7495400126
v 0.3922022055 -0.5391587791 0.4329177163
v 0.741535619 -0.06219396282 0.2325059388
v -0.2275731229 0.7699609447 -0.1450661164
v -0.6346451775 -0.5275274193 -0.01143394578
v 0.3859537058 -0.5405328119 0.4033075004
v -0.002338067066 -0.3915026133 -0.7111097685
v 0.2514289284 -0.7594887574 -0.04680873592
v 0.6580336545 -0.2168765393 -0.4075459988
v -0.7608348971 0.08721055374 0.2443533956
v 0.03060968857 0.4029453968 0.7026746114
v 0.529312756 -0.4242323259 0.4454446053
v -0.2188161671 0.7655863184 0.05668874257
v 0.0400295933 -0.09773159863 0.8142907863
v 0.3431952346 -0.3368261927 -0.6866995581
v 0.7351767688 -0.009964581795 0.2854861554
v -0.2934150351 0.7539761169 -0.03965358041
v -0.2587810528 0.5700950791 -0.5245363918
v -0.02119920447 -0.2714651682 -0.7520139749
v 0.8084213467 -0.09190516081 0.04941758934
v -0.6284541627 -0.548736361 0.0763643055
v -0.1998612465 0.7091575799 -0.3701685103
v 0.5093477985 0.3788537219 0.4524509268
v -0.06730267875 -0.3555519936 -0.6951812037
v 0.454836859 -0.3212638141 -0.6281579178
v -0.2057547052 0.7086607491 -0.3650103445
v -0.3113592334 0.7529500325 -0.1214670183
v -0.5163321573 -0.2684566181 -0.5744213394
v 0.282442441 -0.7545377931 -0.01066585857
v -0.7742055819 0.06635543858 0.1835066564
v -0.3376090767 0.5588120849 0.4273548324
v -0.5514590963 -0.5796526352 -0.08702737867
v 0.7757886937 -0.01370438779 0.1433278939
v 0.1686436912 -0.1529640484 -0.8046256511
v 0.5826891678 0.2367303565 0.4780067209
v -0.02862309733 -0.107496401 -0.8106561019
v -0.03626762052 -0.2204287365 -0.7491136297
v 0.3635721516 -0.4394520307 -0.5646220432
v -0.1335345876 -0.1010739048 0.7972605636
v 0.01093268498 0.4412998587 0.6916654821
v 0.007657233496 -0.2341791071 0.7423743488
v 0.4194350419 -0.3711781747 -0.5705595766
v 0.2819372065 -0.380336347 -0.6532302912
v 0.2032855706 0.2056893829 0.7292811644
v -0.2418302925 0.5840319103 -0.4893441006
v -0.1736059646 0.6378469231 -0.5214153455
v 0.1647544375 0.169612246 0.7674711584
v 0.7392708549 -0.1278524727 0.2012510437
v 0.2535130728 -0.7602114746 -0.00933692669
v 0.1922044288 -0.7588248064 0.1535142962
v 0.4126966549 -0.3821259451 -0.5635221137
v 0.7041075594 0.3612728787 -0.3003393164
v 0.2293710503 -0.7457112387 -0.04158056172
v 0.3925872553 0.4997096326 -0.4726502042
v -0.7000078709 -0.0836356636 0.4283795459
v 0.4528315066 -0.4210714664 0.4907294277
v 0.818941572 -0.03239714481 0.04856853002
v 0.5990616977 0.48095573 0.2742954528
v 0.3516131076 -0.7275888345 0.1470985572
v -0.3019248122 0.6780694771 -0.3096696451
v 0.2143500539 -0.5882577733 0.5448829125
v 0.146494639 0.1594229382 0.7547122144
v 0.1081121127 0.3134319047 0.7236031918
v 0.07094990915 -0.1246892515 -0.819416142
v 0.5286021974 0.2880204634 -0.5291683735
v 0.2213367967 -0.7537347939 0.1728758719
v -0.5642367549 -0.5700503786 -0.03250850486
v 0.06364160611 -0.08728707349 0.798692111
v 0.2898509178 -0.7589342928 0.1832126168
v 0.4888332637 -0.4232670342 0.4864973066
v 0.03640581575 -0.1302101393 0.7824539805
v -0.6770306978 -0.07709627567 0.4727949741
v 0.5232882057 -0.4640847005 0.4002621171
v 0.08440662748 -0.3688486247 0.6881705611
v -0.4067427015 -0.6667630003 -0.122528416
v 0.2812704543 -0.3827480267 -0.6511308592
v -0.7593935156 -0.1435450786 0.3287733736
v -0.8230873914 -0.09755193999 0.1830080227
v 0.5527052262 0.3096821016 -0.4888712293
v 0.2605084279 -0.7587952445 -0.01112843112
v 0.1421673804 -0.3671652349 0.706877707
v -0.7487615986 -0.009972575728 -0.2505885596
v 0.5624530275 0.2292515212 -0.540772317
v 0.1751990297 0.279618176 0.7258036468
v 0.7538474391 -0.1455095152 0.2055712098
v 0.6395684275 0.220089758 -0.4718431223
v 0.5485590492 0.2987905644 0.5038025862
v -0.05573993788 0.2887839772 0.7380824482
v 0.4845463994 -0.522629142 0.3292942234
v -0.1804510367 0.6276035426 -0.5278191942
v 0.2162774189 0.2892257966 0.6968760071
v 0.5866682843 0.1930373624 -0.5160319787
v 0.05720235094 -0.4008417629 -0.7166910094
v -0.6240462793 -0.5508736394 0.08915867464
v 0.08547683118 0.1502620392 0.7864857243
v -0.1356544179 -0.08461327774 0.8229488498
v 0.09933013952 -0.3621542528 0.7096975913
v -0.5383778917 -0.586047067 -0.05044815491
v 0.3608466151 0.3660246577 -0.634710768
v -0.09213287989 0.355376738 0.7193041987
v 0.6928199164 0.2649619653 -0.3565101333
v -0.09808345836 0.2906497747 0.7437917112
v 0.3654570512 -0.7215053392 0.03462228569
v -0.007716432282 0.2680599759 0.7576165528
v 0.7124185684 -0.08803933767 0.3174579269
v -0.6008404783 -0.5415222419 0.1511203031
v 0.6204317995 0.4794395795 0.212447453
v 0.2019593822 0.2028422164 0.7305189502
v 0.5486405232 -0.4994932227 0.3299169904
v -0.01768632691 -0.1926079101 -0.7812855699
v 0.5693134765 -0.3922163606 -0.4763359962
v 0.3048774569 -0.7493366851 -0.0382967126
v -0.4736655008 -0.3997994076 -0.5166107008
v -0.7932567426 -0.01400356523 0.173143434
v -0.379038007 0.6169110118 0.366831382
v 0.210083439 0.3019147099 0.7124138898
v 0.2306095512 0.2833000642 0.7161007248
v 0.7247446927 -0.05608062622 0.293997959
v 0.2436197715 -0.7622734774 -0.004840087067
v 0.07795075491 0.4103819753 0.6735933212
v 0.08982971062 -0.2741049395 0.7443200111
v -0.5011606396 -0.6117807093 -0.1491523947
v 0.1857072009 -0.1754464766 0.7809748718
v 0.2028325164 -0.5761236226 0.5377785181
v -0.6980467719 -0.09912196944 0.39681437
v 0.07548035374 0.345677988 0.6975473485
v 0.4080763847 0.3423018213 -0.5777570671
v -0.7819794105 0.0195757859 0.1842180197
v 0.2983820319 -0.4313658054 -0.6169442391
v 0.3765819845 -0.3183678198 -0.6551174257
v 0.1605161925 -0.7619384622 0.05200625305
v -0.08656865502 -0.06518917356 0.829558857
v -0.4505757422 -0.3853683085 -0.5607896038
v -0.7488285301 0.04567338128 0.242415228
v -0.0290265116 -0.2515344811 0.7555330342
v -0.1170998347 -0.05404315653 0.8153218771
v -0.5857726061 -0.5597904292 -0.09991730997
v 0.7841339731 -0.2224787149 0.05542827504
v 0.3759449134 0.3424750803 -0.6092640431
v 0.2624500374 -0.7450230303 0.1494520518
v 0.7885580082 -0.1734628486 0.004293555863
v -0.01270504178 -0.4163090189 0.6715614763
v 0.0264999536 -0.2616290686 0.7504704379
v 0.3922643987 -0.5431500541 0.4277380048
v -0.4404212859 -0.6480858931 -0.1571645216
v 0.06666113018 -0.3034436745 0.7333123122
v 0.09975085287 -0.4226645315 -0.7151581409
v -0.2896468452 0.6845703556 -0.3134070811
v 0.4177652708 0.3500253768 -0.5908972168
v 0.2941520266 -0.4636399606 -0.5570422742
v 0.1992812281 0.2529674291 0.7126549743
v 0.5580695208 0.4795108618 -0.3251465266
v 0.1130492347 -0.2668873635 -0.7739417002
v 0.08831101967 0.2179421985 0.7613921331
v 0.4396223395 -0.303068727 -0.6289382688
v 0.3262533102 -0.5028653366 0.510333563
v 0.4576227412 -0.3781451896 -0.5662093866
v -0.05391545847 -0.1869083025 -0.7586677886
v 0.1225089117 -0.4036775606 -0.7255127362
v 0.1289219165 -0.257963064 0.7498471942
v 0.4561371956 -0.323790523 -0.5959607666
v -0.2589734138 -0.3771191053 -0.6776237538
v -0.03757210311 0.3758069976 0.7036255393
v 0.1605697138 -0.7633644668 0.09969893328
v -0.5484223253 -0.5808482237 -0.07076807509
v 0.1136469172 -0.1348304244 0.7983049453
v 0.5335780747 0.2741217468 -0.5348959339
v 0.478901207 -0.4740248926 -0.4506514648
v -0.03725565732 0.4183765944 0.6880633992
v 0.515066538 -0.4574886994 0.4168077272
v 0.0770044013 -0.3889419023 -0.7047886455
v -0.5451852962 -0.6026748067 -0.04666743774
v 0.04092030228 0.3986536452 0.7026829555
v 0.7512157735 -0.08021602564 0.1884308749
v 0.3037452239 -0.4646207187 0.5815182241
v -0.4331565956 -0.3223691375 -0.6401088561
v 0.6658384158 0.261611397 -0.4142266923
v -0.06894867664 -0.3411726278 -0.7001737692
v 0.7778204194 -0.04957767289 0.1800364846
v 0.06056930941 0.1887056338 0.7762333442
v -0.04534747017 -0.1251597165 -0.8016943732
v 0.4239823013 -0.3454841072 -0.6232986193
v 0.1259951682 -0.3984794326 -0.7279334155
v 0.2063345448 -0.5763161923 0.5340869746
v 0.01144340179 0.4053030187 0.7047074695
v 0.4093390239 0.3432328128 -0.5758019283
v -0.7453662703 0.6625708712 0.07262703346
v -0.7004302605 0.08356363625 0.327453935
v 0.08604016883 -0.1289125741 -0.8201541169
v 0.5129340873 -0.4240751591 -0.4805514589
v 0.09149126427 -0.3784995154 -0.7300087092
v -0.8286208922 -0.06942852126 0.1618240239
v 0.1095128317 0.3684694455 0.7033334367
v -0.006526340987 -0.3923169665 0.7000282245
v 0.1492683329 -0.1320512174 -0.8285517853
v -0.5530696244 -0.5819204389 -0.1736822534
v 0.08540451328 -0.320221429 -0.7503309725
v -0.5512491829 -0.5796782635 -0.08436969744
v 0.4223486482 0.3139759094 -0.613948533
v 0.6195205059 0.2096737145 -0.4709621953
v -0.716708383 -0.09789208821 0.3994529492
v -0.5582842618 -0.5735127577 -0.03072327805
v -0.8093118992 -0.09351965976 0.1685751207
v 0.757213742 -0.0595514276 0.1800569574
v -0.4048916254 -0.3771287606 -0.59276963
v -0.5845874477 -0.5610573001 -0.1150893492
v -0.04751451906 0.09103209361 -0.8167739271
v 0.671184711 0.4150311219 -0.263066576
v 0.2300766025 0.1872426471 0.7511891619
v 0.4196833381 0.3694339624 -0.5455817894
v -0.4447812503 -0.3553050384 -0.5952120039
v 0.1283892657 -0.3167732647 -0.7388466474
v 0.1748429905 -0.142154611 0.7750030085
v 0.5283710661 -0.4153628888 0.4237513191
v -0.1961396643 -0.7848469754 0.05937630234
v -0.009095765802 -0.1396159969 -0.7826682447
v 0.187114908 -0.600873497 0.5554918832
v 0.5957404529 0.263102396 0.4369657907
v 0.160239884 -0.2313158633 -0.7940280641
v 0.6595963232 0.2771944272 -0.3798716111
v -0.6314834836 -0.524405181 0.1229246186
v 0.1304267875 -0.3896350278 -0.7318257535
v 0.1001635052 -0.3999053179 0.6757094414
v -0.4615231252 -0.6360866782 -0.1708862094
v 0.7014043731 -0.1567373937 0.3145420557
v 0.7913005309 -0.06761001682 0.05781266134
v 0.6392525442 0.2191860784 -0.4442588806
v -0.2273166465 0.6107923521 -0.5032913917
v -0.7753578408 -0.09275270403 0.2373508139
v 0.4783575004 0.357054436 0.5138813498
v -0.4216565061 -0.3970545903 -0.5898577819
v 0.4833931869 0.4047057906 0.4649765344
v 0.5230275126 -0.5004336908 0.3539032914
v 0.2299412345 -0.6024165572 0.5113899841
v -0.5176411062 -0.6019531623 -0.1476021825
v 0.1865255919 0.1847472583 0.758670113
v 0.3299087655 -0.7279472727 0.01866418318
v 0.03786319256 0.4324054787 0.6716157725
v -0.08009551318 -0.8054869099 -0.0578119573
v 0.0876411608 -0.323350432 -0.7495280925
v 0.7571856701 -0.1820571097 0.1723276356
v 0.3667224916 -0.4381028812 -0.5639311527
v 0.10469392 -0.124487332 0.783320514
v -0.1183671823 -0.1121078875 0.792641098
v -0.1922620626 0.6793924918 -0.4158078969
v -0.1321657549 -0.1030598199 0.7964564915
v -0.1840891333 0.6004043805 -0.5251287624
v -0.01541151357 -0.2712746846 0.7475402329
v 0.320463199 -0.3507429683 -0.6872676712
v 0.5003770106 0.3023950313 0.5321335641
v -0.237598231 0.5797518106 -0.5329835286
v 0.6592629769 -0.02414986747 -0.4731157447
v -0.2025879006 0.7688491546 0.05318016557
v 0.7824586591 -0.03611340018 0.1720644243
v -0.4178920115 -0.6606640088 -0.1362564438
v -0.5606698364 -0.5951740085 -0.09180798944
v 0.05279466873 0.3908811874 0.7037238208
v 0.1978591274 -0.6162704243 0.4911845381
v 0.1607065569 -0.3281966183 0.7025352651
v 0.5250903498 -0.4230489257 0.4511153662
v 0.4221098285 -0.343781675 -0.6263542837
v -0.4927454486 -0.6167146277 -0.1476799464
v 0.333697607 -0.5092588744 0.5288062401
v 0.7826133228 -0.007733018949 0.1233648437
v -0.5234139034 -0.5999578527 -0.1859710528
v 0.188597101 -0.7775333828 0.1460662446
v 0.1019418016 0.3783811187 0.6816358294
v 0.4551691921 -0.3212208719 -0.5993249238
v -0.2242015901 0.7474739868 0.0180157824
v 0.07958180795 0.3369054019 0.7193533097
v 0.5000728686 -0.5532643396 0.3087290579
v -0.5273069566 -0.592120013 -0.03726962994
v 0.4867895881 -0.544287532 0.2993123678
v 0.5393122507 -0.3945176003 -0.4940543081
v -0.5462743188 -0.5819042872 -0.06492271407
v 0.004996577353 -0.1297722684 -0.8076105696
v -0.2611764317 0.5539103508 -0.5089443321
v 0.1173015753 -0.2587728875 0.7305550682
v 0.3904858863 -0.7331552944 -0.0220365355
v -0.5415493005 0.43365885 -0.3874402348
v 0.004896140989 -0.2558785024 -0.7424051027
v -0.04914267401 -0.211074195 -0.7698080393
v -0.03259987261 -0.3857183132 0.7031322846
v 0.09424942471 -0.2801621509 -0.7470384552
v -0.6215168288 0.2424527913 0.4728388402
v 0.1453656989 -0.1699857333 0.7839204539
v -0.1523641979 0.6923584287 -0.4384148606
v 0.00345200343 -0.1099804656 0.7910265767
v 0.3542919768 -0.4427504186 -0.567370824
v 0.7610628695 -0.01400882871 0.2589356568
v -0.4108292779 -0.312965798 0.6260330959
v -0.6186987921 -0.5336422049 0.07833911258
v 0.09617174599 -0.2319314484 -0.7649073779
v 0.1774713184 -0.1472519245 0.772956919
v -0.008963180489 -0.1418408435 -0.8011052806
v 0.5404615296 0.3183072954 -0.4657459785
v -0.01593329562 -0.1981444803 -0.7795321791
v -0.4426334822 -0.4208085085 -0.5028253744
v 0.7601460331 -0.0819498972 0.2216785467
v 0.2563022628 -0.4311341676 -0.6454496681
v -0.2627247963 0.591128199 -0.4936881815
v -0.7763515024 -0.1404146601 0.2931833675
v 0.5310965431 0.3207343818 0.5082147012
v 0.1727698573 0.2805550382 0.7258287387
v -0.6974439712 -0.07988718664 0.4322695297
v 0.2319670299 -0.7451778727 -0.04250578691
v -0.4830638934 -0.2716616119 -0.5793937003
v 0.3668763804 -0.7391952217 0.02585133305
v 0.488083905 0.4127280644 0.4515109356
v -0.2353354188 0.4923734811 -0.613261457
v 0.1125093871 -0.2877373604 0.719324761
v 0.06255051238 -0.3942252294 -0.7006818049
v 0.5159685934 -0.4839807596 0.3479520796
v 0.4716996636 -0.4388539682 0.4493662071
v 0.7090688942 -0.1029772656 0.3201133731
v 0.2805595082 -0.4004933079 -0.6328659499
v 0.7432310183 -0.08212744746 0.2148063563
v 0.8196840766 -0.03799788997 0.04267833816
v 0.3159427896 -0.5543425745 0.4884525945
v -0.01354543665 -0.09876397084 -0.8161142078
v -0.7093043762 -0.09324853653 0.4128694669
v -0.0614046345 0.3396140417 0.7396398721
v -0.1030714942 -0.1138798737 0.7916409995
v -0.6640024186 -0.5290318583 0.03955068738
v -0.08866118823 -0.06379107702 0.830147592
v -0.5691772295 -0.2197731296 -0.5454224769
v 0.1674937567 0.1337857595 0.7801147156
v -0.4525330565 -0.3879142088 -0.55587738
v 0.2834414368 -0.6586217338 -0.3869527613
v 0.169133504 0.1293065938 0.7622720767
v 0.3564654328 0.3692922917 -0.6365263222
v -0.0777823906 -0.08300859798 0.8032053682
v 0.5194734082 0.3575498066 -0.4849930464
v -0.2997302576 0.6577681933 -0.3378593993
v -0.006453745098 0.4013741455 0.7088398192
v -0.1366867305 -0.0942916294 0.8191848916
v -0.2559490993 0.7468947879 -0.1677675024
v -0.1822503945 0.3384318633 -0.7173452454
v 0.3363455435 -0.4768488 -0.5147540817
v -0.07090384531 0.3905119318 0.7225235861
v 0.09850788931 0.1810376708 0.7540756201
v -0.04026680378 0.2385413513 0.7732862125
v -0.4665075552 -0.3911552013 -0.4964838978
v -0.0820215893 -0.09865854478 0.7971705666
v 0.7941126076 -0.05138070353 0.122827097
v 0.1672288767 0.1707417374 0.7666861586
v 0.8059337358 -0.08353827618 -0.1538585643
v 0.4633053925 -0.3643334006 -0.576980769
v 0.2083533371 -0.774192887 0.1628921266
v 0.5349781529 0.3146626278 0.5082875928
v -0.02346525931 -0.3179917697 -0.7347142977
v -0.6548251145 -0.5124132374 0.07330153372
v 0.246176832 -0.7617337937 -0.0062264963
v 0.06331948708 -0.1200617547 0.7858820892
v -0.04810021439 0.2799930639 0.7401334249
v 0.3191096688 -0.4340941134 -0.5714867835
v 0.1848254692 -0.620693029 0.4983324409
v -0.4320764237 -0.6732394425 -0.1411049397
v 0.4798036201 0.3493346949 0.5187244369
v 0.372297236 -0.5467428393 0.442769759
v 0.4385692263 0.6696479089 0.147237531
v -0.01699037974 -0.1579099764 -0.7940371234
v 0.2932726194 -0.4218296161 -0.6017925685
v 0.1497333816 0.1202932436 -0.8092901151
v -0.1017045464 0.3147545618 0.7355531765
v -0.09592388934 -0.1188894477 0.8087472727
v -0.7960371118 -0.0331523555 0.1742516033
v 0.5669323124 0.2617691599 -0.5114976824
v -0.243535228 0.7620047977 0.0159498739
v 0.1768397157 -0.626954611 0.5321509675
v 0.2960756665 -0.3778091613 -0.6750592582
v 0.5357763245 0.2833445262 0.5348365716
v 0.2234757886 -0.6140972663 0.5027695286
v -0.7263958684 0.08855237239 0.3139123751
v 0.2224093994 -0.6153575215 0.5022021903
v -0.2124575851 0.6949297785 -0.4100157592
v 0.4311605707 -0.4341669454 0.4952504033
v -0.1290940282 -0.1063396795 0.7951121995
v -0.01968206871 -0.1779253411 -0.7863358288
v -0.05938206497 -0.3855295878 -0.7046783248
v -0.1439322443 0.7812432832 0.02054803785
v -0.1693423744 0.6454964248 -0.5157991191
v 0.601313588 0.271632199 0.4559406626
v 0.4530864483 -0.4606347481 0.4737353527
v 0.262926902 -0.7583129563 -0.01150512383
v 0.7960195892 -0.05080368381 0.116599696
v 0.5365218687 -0.4116626437 -0.449164757
v 0.7189590217 -0.03175514924 0.3284039987
v -0.4316208067 -0.366315032 -0.5659138867
v -0.1494032985 0.6853980891 -0.4502514552
v 0.132846707 -0.3828042002 -0.7346806234
v 0.1800239238 -0.2731686136 0.7236660108
v -0.4539008908 -0.2917095036 -0.6389175589
v -0.5603203979 -0.5955851337 -0.09729200677
v 0.44178766 0.4049459215 -0.4966624315
v 0.03795182241 -0.1213312331 -0.8156604087
v 0.5477748837 -0.4334952165 0.4154066357
v -0.6673427356 -0.04177052753 0.438998917
v 0.30635591 -0.7361226903 0.1378234336
v -0.8132050119 -0.06025117245 0.1489099096
v 0.7381604952 -0.06517313355 0.3074126887
v 0.7163223497 -0.1060504526 0.3583419287
v 0.3504013077 -0.7255108587 0.07026789175
v 0.1278359633 -0.3068061331 0.7115601108
v 0.09591385409 -0.3684843755 -0.7150984807
v -0.6162425312 -0.5582337801 0.01564114453
v 0.2255337088 -0.5918862593 0.5292295833
v -0.1922726864 0.7783229718 -0.194673489
v -0.5061800849 -0.6088123598 -0.1493484659
v 0.7938240214 -0.01531235117 0.1452776688
v -0.5184631776 -0.6014563315 -0.1473468087
v -0.6719548703 -0.06097083509 0.4364002999
v 0.177725679 0.133343657 0.7595042238
v 0.003560176701 -0.4197417765 -0.6824795359
v 0.7848009041 -0.141948661 0.03598600757
v 0.7821339549 -0.2031483848 0.008769278239
v -0.01381692308 -0.3844690543 0.6840347546
v 0.34632239 -0.5303130333 0.4893881753
v 0.07037541873 0.1575563659 0.766878311
v 0.3829419969 -0.7308645444 -0.1468742801
v -0.04443252981 -0.2088414216 -0.7521048063
v 0.1710235292 -0.1602290366 -0.8023368679
v 0.3559409175 -0.4910512115 -0.5152485881
v 0.1363915137 -0.3729619916 -0.7195749048
v 0.3892306077 -0.3924859044 0.5899449776
v 0.206796688 -0.7549089262 0.1178473233
v 0.08417746308 -0.08963735706 -0.8149599225
v 0.499237536 -0.442246555 0.4179298281
v 0.6546215187 0.422654459 -0.3021334144
v 0.2054173955 -0.6109480885 0.4905759263
v 0.7408828133 -0.1159498928 0.2027773561
v 0.8199235519 -0.07576520748 0.01938640864
v 0.5058909623 0.3527991004 0.4801485587
v 0.3312486173 -0.7489309836 0.1187433442
v -0.1899855572 0.594677893 -0.5266734318
v -0.02530543603 0.1163000986 -0.8073403403
v -0.6448149512 -0.5208515534 0.005966679019
v -0.05159376831 0.292679772 0.7552646526
v 0.2548741127 -0.4333129578 -0.6154524355
v 0.2031045784 -0.6303484493 0.501965099
v 0.2328435167 0.2804023712 0.7168196871
v -0.7924602399 0.03934657759 0.1559231598
v 0.819339585 -0.03510912967 0.04558387977
v 0.4407948328 -0.5465601634 0.3416372743
v -0.6839228544 -0.04278833856 0.446664183
v 0.8199749276 -0.04108148471 0.03984191466
v 0.5236633916 0.3043170919 0.4987323313
v -0.516502615 -0.596707771 0.01159571771
v 0.1872342583 0.1820169835 0.7403305241
v 0.7698815566 -0.05904390593 0.2017597797
v 0.7092923965 -0.0594945686 0.3452100039
v 0.6231831431 0.210045831 -0.4670710494
v 0.279257026 -0.7551411303 -0.01122924092
v -0.005226632503 -0.4238352964 -0.6988893757
v -0.5645629492 -0.5746816451 -0.1622417795
v 0.03526210957 -0.4014836617 -0.7131461431
v -0.1354253578 -0.0971514089 0.7988324108
v 0.7511112341 -0.05367388597 0.2696297074
v -0.1164075287 -0.1190824196 0.8090831818
v -0.5412158351 -0.4926902883 -0.3051408321
v 0.1556199565 0.130488504 0.7831080973
v 0.09623193517 -0.343327101 -0.7435435342
v -0.5419501147 -0.6096771648 -0.1833895263
v 0.02192850005 -0.2520532747 0.7350980661
v -0.306771386 0.7315301642 0.01404939625
v -0.6665633382 -0.03161704714 0.478020131
v 0.7184975937 -0.1580179727 0.3199328726
v 0.4535490385 0.3277394816 -0.5727018614
v -0.2648755444 0.7436571032 -0.1179428259
v 0.5526599893 -0.3729754017 -0.5078426145
v 0.7418719453 -0.06383846697 0.2303689733
v -0.3155566968 0.7302395127 0.0001593287073
v -0.2748328717 0.7549760961 0.0471484781
v -0.784395143 -0.137760093 0.2758889053
v 0.7388758815 -0.06374058784 0.3057998362
v 0.2587958933 -0.4383034671 -0.63620281
v 0.0873978189 -0.4279019065 -0.7113850638
v 0.6339205531 0.214428995 -0.4531466449
v 0.3013739534 -0.3702465871 -0.6794884786
v 0.4428441704 0.4367932767 -0.4998569057
v 0.530091319 0.2963668156 0.4969959565
v -0.08949661018 0.3606004049 0.7170026014
v -0.2942072466 0.6604697108 -0.3398262497
v -0.7327843997 -0.1413529379 0.382109704
v 0.5464947219 -0.473439823 0.3314453292
v 0.07845727082 -0.3122828345 -0.752176029
v -0.09672824447 -0.06043349076 0.8316225882
v 0.1588576859 -0.7634118493 0.09020392804
v -0.5457779052 -0.5798084908 -0.0006553104926
v -0.01336944718 0.804333459 0.09721937596
v 0.1141317161 -0.2603467314 0.730003226
v -0.02897985921 -0.2286811581 -0.7472056349
v 0.6802891235 0.2056715773 -0.4427705339
v 0.8064155472 -0.06064053215 0.0749273866
v 0.4504534119 0.3383335521 -0.5390631499
v -0.08330084219 0.2725522836 0.7673844395
v 0.4436367991 -0.3994194238 -0.5531326521
v -0.438560614 -0.419754531 -0.5093018166
v -0.04750487493 -0.2854975392 -0.72370195
v 0.3843781931 -0.4112929708 -0.5517348386
v -0.2847449919 0.6868580063 -0.3152939176
v 0.0466587435 0.3952874616 0.7030438373
v 0.1299077704 -0.2029867032 -0.7805480717
v 0.139409436 -0.2408143403 0.7371337851
v 0.1797501781 -0.1522821427 0.7709441464
v 0.3623996881 -0.7251205343 0.134888386
v 0.1109610076 0.2732695771 0.7378103714
v 0.7251166602 -0.1105657065 0.3253540262
v 0.3430433722 -0.4453963884 -0.5721307086
v -0.7057891314 0.0430020366 0.3308805239
v -0.5948434635 -0.5753295635 -0.102945424
v 0.411271753 -0.7263569492 -0.113364291
v 0.5332558141 0.2444113125 -0.5293445529
v 0.02373759319 -0.1483620607 0.7948189644
v 0.287680263 -0.4098198818 -0.6468881291
v 0.7132234749 -0.04672423341 0.3392617722
v 0.4492593134 -0.4229127085 0.4918816866
v 0.1097320949 0.3218954914 0.7202741393
v 0.2402507568 0.2068443983 0.742510119
v 0.5768332277 0.1992359764 -0.5209768041
v -0.2213029883 0.7480381663 0.01800539327
v 0.08369309625 -0.3090952441 -0.7349000729
v 0.3429292668 -0.729530146 0.1554084637
v -0.2840558299 0.7371563439 -0.0260154266
v 0.1402212114 0.1653447966 0.7727283506
v 0.1261772928 -0.105567844 -0.8154917985
v 0.2961993974 -0.4289741814 -0.6209361102
v 0.3329628207 -0.7407780354 -0.140873272
v 0.0971611685 -0.5618531472 -0.585609509
v 0.7427205986 -0.09679958641 0.2078369722
v 0.01583055159 -0.1597017499 0.7905433944
v -0.1073140827 -0.1139881531 0.7916838524
v 0.7894921884 -0.02138184127 0.1565929665
v 0.2444246928 0.7601746414 0.04659072801
v 0.08253378216 0.2995811071 -0.7186376254
v -0.5018586225 -0.3408321593 0.5150826004
v -0.136840813 -0.09093634521 0.8012912346
v 0.4520283584 0.3546633185 -0.5250261301
v 0.7909549069 -0.09646743959 0.04183717965
v 0.02337958341 0.4351485676 0.6728014673
v 0.3436143164 -0.7460004805 0.1013959866
v 0.3945693933 -0.5274784276 0.4455686938
v 0.7478119223 -0.1803915106 0.2056169831
v 0.06756664991 -0.4140465196 0.6708341699
v 0.531049995 -0.4049454745 -0.4885893481
v 0.5747750989 0.4895115188 -0.329636182
v -0.8172274581 0.01918330462 0.153700727
v 0.366872864 -0.7349453395 -0.1152814047
v 0.0768368118 -0.3032981298 0.7331648603
v 0.5264649786 0.3295413276 0.5067492411
v -0.00965387536 -0.2003443394 -0.7604501453
v 0.5202908903 0.3333373212 -0.5027017031
v 0.6720929649 0.2009548882 -0.4258613898
v 0.5013182236 -0.5278725665 0.3400675131
v 0.02818027214 0.4036393566 0.7027882698
v -0.3291682873 0.7298679624 -0.07540528676
v 0.2848176748 -0.734853793 -0.04357160252
v 0.5824716255 0.2643082657 0.4539675839
v 0.2962639151 -0.3555082766 -0.6698316278
v 0.3172487585 -0.7533377942 0.174542052
v 0.1991809203 0.3083566732 0.7117111984
v 0.03107934521 -0.09406353781 0.7966961457
v -0.2854687521 0.753110835 0.04038149401
v -0.03410329091 0.1067514751 -0.8108971268
v -0.8225279204 -0.001155749345 0.1501045147
v -0.6261849881 -0.5497968945 0.08401819531
v 0.7707292563 -0.05494839316 0.1362257346
v 0.1658838545 -0.6106935939 0.5297866108
v 0.1690573642 -0.7624227173 0.1233106816
v 0.1664173397 -0.6128093564 0.5265485684
v -0.1693074782 0.758728015 -0.001062974921
v 0.5478028364 -0.4700759638 0.3344726535
v 0.3342337146 -0.7298915046 0.1111812617
v -0.06190272437 -0.3708697713 -0.6904132134
v 0.3073566045 -0.3329461623 -0.7148668727
v -0.2325630362 0.5888994336 -0.4922153607
v 0.4187840242 -0.5504109002 0.3583483059
v -0.5769905733 -0.1017638118 -0.6014251902
v 0.4242727351 -0.7070064146 -0.06649327992
v 0.5507208234 -0.4958852691 0.3324978762
v 0.29204881 -0.502066271 0.5450011005
v -0.3080480909 0.7313370582 0.01221431911
v -0.2695364324 0.7574461248 -0.000635610391
v 0.5195457633 -0.4722256987 0.3595088195
v 0.07813176201 -0.1194252052 0.7858335147
v -0.07530164127 0.03970576821 -0.8170753871
v 0.4142108982 -0.7118758451 0.03012886612
v -0.02656116345 -0.3692061688 -0.7155807689
v -0.5676060974 -0.5890114828 -0.03666865077
v -0.2687964609 0.742779186 -0.1141192447
v -0.7708090019 0.03438011346 0.2017053792
v 0.0002891302817 -0.1194709412 0.8065877036
v -0.6857526532 0.350510347 -0.3183120336
v 0.3253511355 -0.4345078311 -0.5668580798
v -0.6225801636 -0.556142871 -0.02916000955
v 0.1710224266 -0.1974151624 -0.808011205
v 0.2750371528 -0.3453021167 -0.694867168
v -0.0335131516 -0.1712339492 0.7678158288
v -0.136819476 0.3845845901 -0.6810038244
v 0.5099722342 0.3156759278 0.5414397844
v 0.4159048373 -0.4705734204 0.4635665922
v -0.01595784362 -0.1311361691 0.7831435001
v -0.09512602324 -0.06090076338 0.8314076684
v 0.1548921584 -0.1388494881 -0.8269226618
v 0.2224892493 -0.753527205 0.1734363413
v 0.1488548982 -0.2229775125 0.7439191969
v -0.1935548896 0.6833896672 -0.4434009595
v -0.02202185512 0.2334460492 0.7723901767
v 0.2744104821 -0.7437633711 0.1849609266
v 0.4574940039 0.5809181353 0.3447458641
v 0.2307585975 0.1864148689 0.7321602918
v 0.2655802026 -0.744418084 0.1496049572
v 0.4275305052 0.3618061553 -0.5722735713
v -0.5252905483 -0.6137432386 -0.02715974555
v 0.7591216175 -0.06854417465 0.2331830168
v 0.0326441149 -0.3878356551 0.6817852482
v 0.5198524681 -0.4680956735 0.3645035902
v 0.6993298542 0.2491343788 -0.3907883595
v 0.5245268259 0.3340558663 0.5054044126
v 0.5532862727 0.3725964907 -0.4401928069
v 0.6036388468 0.4582912814 -0.325086479
v -0.6202374418 -0.5337503801 0.0509027922
v 0.1658708913 -0.3237694244 0.7233716433
v -0.7663881852 -0.1426184528 0.3142224176
v 0.7066407051 0.3034776767 -0.3420369859
v 0.3845471609 -0.5377996465 0.408196033
v 0.7300179175 -0.05109793581 0.2787924689
v -0.2749695359 0.7565713068 -0.006682126309
v 0.1817216773 -0.7562317621 -0.0003611157003
v 0.8119233601 -0.1411473455 0.008058059334
v 0.2836913422 -0.3358677253 -0.6990195435
v -0.7993069212 0.05773636509 0.1765279746
v 0.369830992 -0.2895501432 -0.69008839
v -0.01055587214 -0.2091994425 -0.7763144606
v 0.2005215916 0.2511679968 0.713123614
v 0.1331474666 0.1291398611 0.7869905416
v 0.5287391 0.2523474038 -0.5277239524
v 0.5379563365 -0.4298307913 -0.4576674715
v 0.2191541623 -0.5824098197 0.5136632711
v 0.180896611 -0.6078450417 0.5526675288
v 0.2208205957 -0.5896103499 0.5027899716
v 0.5171946379 -0.4199912647 -0.4820034195
v 0.1227768314 -0.1550879315 -0.8161577163
v -0.6631182433 0.05898402965 0.4120091915
v 0.7917801372 -0.07941278803 0.04913898622
v 0.05000885733 -0.395768379 -0.6982266764
v 0.2018820057 0.07894666644 -0.8072931366
v 0.1314750582 -0.2558469438 0.7506233731
v -0.1237796566 0.7856976551 0.002828835368
v 0.3772791926 -0.4903376132 0.4762116395
v 0.4313153833 -0.4767634519 0.4744648644
v 0.454015473 -0.3187364199 -0.6027238282
v 0.7642013191 -0.3247289646 -0.1535420552
v 0.7527231329 -0.1106876568 0.1651103874
v 0.4314875695 -0.3703996713 -0.5919424925
v -0.5760886371 -0.2175512035 -0.5379715049
v 0.7530291821 -0.05229856804 0.1987899551
v 0.1321246603 -0.1837258824 -0.8071306057
v 0.5410211794 0.4691873483 -0.3498274133
v -0.6708986876 0.04697334167 0.441450827
v 0.2053187565 0.1539925614 0.7478151705
v -0.7444439506 -0.1435586378 0.3591785426
v -0.2960347507 0.7332193651 0.02730997451
v 0.6960188011 -0.1226234268 0.3533922756
v 0.1088278864 0.1710855734 0.7561454306
v 0.05391812932 -0.4271938511 -0.6873628534
v 0.8012015058 -0.05221021756 0.09790797922
v 0.3437090218 -0.4318320313 -0.5573550583
v 0.1456542702 -0.2383482006 0.7571815278
v 0.3895368953 0.3223068847 -0.6398877378
v 0.2437061477 0.2259665434 0.7157919936
v 0.02680245471 -0.3882182017 0.6817529447
v -0.2485197027 0.7143731113 -0.3496231917
v -0.2816071978 0.7581699148 -0.1026067434
v 0.6887698156 -0.1968543354 0.3342116027
v 0.02998008806 -0.1219154831 -0.814244417
v -0.7486557479 -0.103218663 0.3363681023
v 0.09678038756 -0.3619367999 -0.7368435896
v 0.4988066235 -0.5302689288 0.3394646528
v 0.4081609878 -0.7268125364 -0.1183514031
v 0.1000175061 -0.1277105189 -0.8034736306
v 0.01422593702 -0.1204242457 -0.7931825697
v 0.4512954793 -0.4854531633 -0.4571210529
v 0.1720132274 -0.2018259811 -0.7873251991
v 0.3326233653 -0.7275127841 0.02178979078
v 0.4478859362 -0.566651355 0.3088969528
v 0.2100584663 -0.5883199368 0.5490242618
v -0.1507945111 0.3918307148 -0.6970987942
v 0.05460009084 -0.1284668657 0.801979145
v -0.2317857249 -0.7839104112 0.07574670893
v 0.4320894166 -0.365001613 -0.5972396172
v -0.7850322141 0.01334355258 0.1802109058
v 0.3837842133 -0.4477428649 -0.5422908217
v 0.3969665006 -0.400450008 -0.55473275
v 0.01407736291 0.2638739559 0.7366259282
v 0.1027707047 0.1850674627 0.7711914293
v 0.1106754461 -0.2285747114 -0.7875475094
v -0.2451487063 0.7435333723 0.01355110337
v 0.2702659738 -0.3730292211 -0.6974415574
v 0.3697324721 0.3452937726 -0.6132260542
v 0.7277319952 -0.0978005789 0.3239361869
v -0.2155406658 0.6217207226 -0.5008578982
v 0.3772843182 -0.5207445703 0.4712056937
v 0.3415398869 -0.4323800292 -0.5582330947
v -0.2792742506 0.6826168259 -0.3601015477
v 0.378960258 -0.2886258865 -0.6849333532
v 0.4004769177 -0.4222002426 -0.5294027827
v -0.005318091524 -0.3823397624 -0.694771807
v -0.1211475068 -0.06249129171 0.8313083141
v 0.1507690319 -0.1840057074 0.7591205745
v 0.7655583062 -0.02013542086 0.2398016512
v -0.007293012685 0.2618031322 0.740605283
v 0.4750585462 -0.4274664346 0.4946602975
v 0.3003130921 -0.7467323166 -0.1542813116
v 0.3757075241 -0.4006611731 0.6267558131
v -0.8068791805 -0.001440918077 0.1820273689
v -0.669997109 0.01507689145 0.4135261168
v -0.4266429328 -0.5720990309 0.3836834286
v -0.3311370747 0.7289176304 -0.0565746409
v 0.6657392404 0.1926950612 -0.4670198524
v 0.4425155624 0.3182990705 -0.59078481
v 0.2064515408 0.2377530585 0.717117869
v 0.04404617994 0.4373476817 0.688109232
v 0.3381569555 -0.3391913541 -0.6875852234
v 0.3833409933 -0.4326208456 -0.5299050968
v 0.5576619121 0.2145061629 -0.5281784667
v -0.8290084155 -0.06161496883 0.158276699
v 0.02414742384 0.2666229751 0.7341045833
v -0.4744026413 -0.301675324 -0.602203634
v 0.1869618387 -0.6323727845 0.5152466213
v 0.4569236855 -0.3264571741 -0.5926160392
v 0.05771680118 0.2286123045 0.7621198567
v 0.1992620516 -0.5918966894 0.555056441
v 0.4785056675 0.3897746422 0.4848065859
v 0.1291921457 -0.1462147247 0.7935408886
v 0.1355363043 -0.370562679 -0.7395482064
v -0.5744435406 -0.5640831641 -0.03475420422
v 0.7577090231 -0.06219045756 0.2418298902
v 0.624185864 0.4501656899 -0.3110670413
v -0.5912972859 -0.5484225041 0.1176982696
v 0.5280766987 -0.4726730312 0.3845383102
v 0.7908140111 -0.2368460711 0.0238643842
v 0.5062814656 -0.522766879 0.3417335293
v 0.3643854915 -0.4543444983 -0.5483464835
v -0.6480833899 0.008976637192 0.4602424866
v 0.4770377339 0.3735459287 0.5011257434
v 0.04909816352 -0.09560482485 0.8149403735
v 0.4008742155 0.3065506252 -0.6121854273
v -0.7789611753 0.04290174365 0.2231402669
v 0.2682631843 -0.7631724932 0.1843495136
v -0.05652678532 -0.1679289307 -0.7651911961
v 0.1917399463 -0.7722062194 -0.01049041296
v 0.1092980385 -0.1332203582 -0.8028659427
v 0.315403851 -0.3100712341 -0.7049674474
v -0.7941027139 -0.01857438366 0.1730373151
v 0.5383160859 -0.3733208469 -0.4884559321
v 0.06136434821 0.1861154652 0.7770573824
v -0.2468335861 0.6922443532 -0.3796563337
v 0.3107003485 -0.4812460446 0.5873505028
v 0.569856319 0.2683400095 0.4675860583
v -0.5037179235 -0.6102709659 -0.1493197384
v 0.1513474559 -0.208955229 0.749352509
v 0.008957967296 0.4051032374 0.705155249
v 0.5905601454 0.2467911803 0.4925020397
v 0.1488337996 0.1597202559 0.7542509055
v 0.1341856797 -0.1721198231 -0.7924438795
v -0.6914569097 0.07444596256 0.3899433716
v 0.04623138467 -0.1248200302 0.7843645381
v -0.1761158214 0.7705718511 0.166939605
v 0.6555576657 -0.3062292289 -0.3810225886
v -0.1366555445 -0.09234394805 0.800737068
v -0.03180913996 -0.3410901704 -0.725036408
v -0.1813244541 0.6033105666 -0.5241207966
v 0.3712557151 -0.5011629044 0.4682534363
v -0.0002623797435 -0.1292088637 -0.7877944348
v 0.4290181964 0.3663311539 -0.5673487121
v 0.3705791884 -0.3299954248 -0.6755231298
v -0.5111856434 -0.5190166886 -0.3603046964
v -0.2005449402 0.682379079 -0.4038335057
v -0.1354640088 -0.1025647175 0.8159251546
v 0.4360670729 0.4189690246 -0.4915728958
v 0.6049479745 0.2640044217 0.4236333694
v 0.7104496618 -0.1428661083 0.356676419
v -0.4949931372 -0.2535777395 -0.6166112505
v 0.1766101341 -0.5900526461 0.5457071295
v -0.6799316986 -0.08509375562 0.4697199395
v 0.8032694091 -0.06750075397 0.0166373671
v 0.1968557956 -0.6168245313 0.4914607274
v 0.5284859165 -0.4861689668 0.3668281337
v -0.08505038872 -0.1038194969 0.7952132225
v 0.07738387103 -0.3802795476 0.7030503933
v 0.5506895331 0.2968214194 0.5026394205
v 0.1518925632 -0.1985951803 0.7533928353
v 0.2993133215 -0.7376135999 0.1417885588
v 0.2943552647 -0.4720335463 -0.5766957588
v 0.2611669254 -0.3891191844 -0.6865584238
v 0.1551230065 0.2839348108 0.7272597497
v 0.600354912 0.243515083 0.4820569707
v 0.1670515499 -0.6035267976 0.5378289998
v 0.5457554954 0.2270502616 -0.5303110367
v -0.6479091176 -0.540221339 -0.004793803458
v -0.5241092043 -0.598022978 -0.145025275
v 0.2770673587 -0.3637158487 -0.7027104314
v -0.8115539555 -0.0269578056 0.1815320431
v -0.5474895756 0.4424168936 -0.4043586468
v 0.3155930829 -0.3368842139 -0.6765207251
v 0.3370943061 -0.7448957234 0.02255831102
v 0.3006703085 -0.7274356013 -0.1873765697
v -0.2196171995 0.7066389171 -0.3539714745
v 0.1898998366 -0.2029460556 0.7701370347
v 0.4348668355 -0.5713513411 0.3156748252
v -0.003387222907 -0.2819353291 0.7431299059
v -0.5206207798 -0.6224176327 -0.1859745097
v 0.1463942418 -0.2296341125 0.741365489
v 0.4202152438 0.3060362421 -0.5935338292
v 0.1511892759 0.3120957183 0.698362387
v 0.562011208 0.4371773431 -0.3536347012
v -0.5396950059 -0.6056848766 -0.04008826266
v 0.1985611632 -0.7559754794 0.1000109202
v 0.1034208209 -0.2644658199 0.7286076178
v 0.07754929256 0.3127706954 0.728455815
v 0.3589810559 -0.3316849833 -0.6815278927
v -0.01051587826 0.268366651 0.7579272508
v 0.2003519981 -0.7574386747 0.1601724161
v 0.4013663676 -0.7097738503 -0.1227146605
v 0.6137078955 -0.3010180185 -0.4269478495
v 0.5141181729 -0.4036988679 -0.4726222813
v 0.4622453358 -0.3675740951 -0.5742699538
v -0.4686256422 -0.6306113477 -0.1368743831
v 0.06785896117 0.4257494002 0.6887430847
v 0.553971203 0.4216219676 -0.3734456506
v 0.7954997525 -0.01141776049 0.07677093821
v -0.1562498904 0.7615471245 -0.01031942622
v 0.707701477 -0.1674829839 0.3515016544
v 0.6507849074 0.459816819 -0.2774957978
v 0.6635777641 0.1908577825 -0.44196673
v 0.7917707203 -0.07665780877 0.05081042985
v 0.7838841869 -0.06499394427 0.1499722758
v 0.4048130419 -0.3346568492 -0.6476082835
v -0.2529930276 -0.3138590624 -0.6823550302
v 0.448001919 -0.3702530836 -0.5523510495
v -0.4478275574 -0.6627912147 -0.1112363253
v -0.8237838843 -0.007299911457 0.1497201503
v 0.3947363048 0.3483939289 -0.6148210265
v 0.00921670385 -0.1275822136 -0.809045693
v 0.01178258988 -0.2845651768 0.7225880143
v 0.3053983366 -0.4941188556 0.5760568997
v 0.06839113515 -0.2746836317 0.7445242625
v -0.8252746152 -0.01561873283 0.1496264134
v -0.01887571324 -0.1356527044 0.7814358826
v -0.2300355376 0.7451620189 0.0570811419
v -0.2527424665 0.6762671542 -0.360343258
v -0.1869390713 0.6752276597 -0.426382627
v -0.1809534253 0.7550523253 0.04574109504
v -0.1311253218 -0.1104456708 0.8127561894
v 0.448745854 -0.4632573842 0.474641312
v 0.7314254459 -0.04602152715 0.3420118344
v 0.004092196085 -0.09297729408 -0.8208849398
v -0.2607306488 0.740794962 0.00382854411
v -0.1000348722 0.3318850626 0.7290580793
v -0.2529460325 0.5724582439 -0.5272438693
v 0.01684754684 -0.1194200199 -0.7939442656
v 0.01709775399 -0.1245707804 -0.8113325689
v 0.2889511271 -0.7397597588 0.1460465466
v -0.6439593843 -0.5379524625 0.119177423
v -0.6960499126 0.07760938489 0.3794862633
v -0.7559059255 -0.09858975821 -0.2786861116
v 0.4258832632 -0.4190772891 -0.5442934623
v -0.06299732336 0.3367647445 0.7216909653
v -0.5423050365 -0.5839543102 -0.05677610591
v -0.1929944053 0.3617082613 -0.6888211019
v 0.1186322338 -0.1314567757 0.7803152717
v -0.5782729403 -0.5656408265 -0.1376834615
v -0.6805140563 -0.008573736972 0.4415134673
v -0.6650829779 -0.02000181489 0.476928635
v 0.1776962661 0.1771335766 0.762777192
v 0.09263383059 0.1896814301 0.75181175
v -0.05507447083 -0.1465879438 -0.7924164632
v -0.57763277 -0.5610459163 -0.003923125877
v 0.1207406803 0.1637466059 0.757022573
v -0.02853495359 -0.3514945917 -0.7025104117
v 0.429032441 -0.3784084456 -0.5851325252
v 0.5741121016 -0.3847260522 -0.4810244495
v -0.03663346406 -0.1144166742 -0.8069250432
v 0.3408962895 -0.3229720872 -0.6742209754
v 0.0702242641 -0.1194227168 0.785993304
v -0.5855139394 -0.5793135076 -0.06135482701
v 0.7780963703 -0.04809685068 0.11491723
v 0.4735793183 -0.5708351997 0.3122540772
v 0.3534573297 -0.4513395838 0.5836488272
v 0.3738620504 -0.5423461013 0.4468691794
v -0.4379969411 -0.3244162402 -0.5942076142
v -0.6234045594 -0.5534741338 0.02946064441
v 0.7851540378 -0.006890401156 0.1151118037
v 0.660150013 0.1899308438 -0.4746371698
v 0.0541851066 -0.4012904364 -0.7160721761
v 0.6295116566 -0.2743257002 -0.4042355119
v 0.35253203 -0.7436306405 0.08037114371
v 0.265090643 -0.738595997 -0.046871067
v -0.6653603592 -0.527713254 0.05336082624
v -0.2598166136 -0.3246219219 -0.6774024567
v -0.0480912743 -0.390226564 -0.6854424021
v 0.5667584574 0.4426816693 -0.3447513473
v 9.288735453e-05 -0.284350704 0.7421155032
v 0.2195538887 -0.6184589592 0.501033422
v 0.7285572254 -0.09424695128 0.3232066455
v -0.1920861812 0.6664458654 -0.4665716259
v -0.1295931983 -0.1120820283 0.812085444
v 0.4044246247 -0.483132464 0.4587521432
v -0.6090695365 -0.5434454348 -0.03177362171
v 0.2600038192 -0.3655253237 -0.6836040209
v 0.7012012542 0.3761404631 -0.2918328769
v 0.3025533902 -0.6350029601 -0.3704079856
v -0.2185630731 0.7667988931 0.01807359128
v 0.5939877773 0.4587755365 -0.3342194104
v 0.1000507334 -0.2720368276 0.7449234078
v -0.2256701644 -0.3828875517 -0.6805470452
v 0.2627481299 -0.7631703475 0.1486195354
v 0.3474369216 -0.7254414836 0.0487977801
v 0.4012555105 -0.3243098232 -0.6322707781
v 0.5126897843 0.3234991355 0.4967466471
v 0.3306659318 -0.4462534155 -0.5795382318
v 0.10592436 0.3807643689 0.6993940142
v -0.780861422 0.0215558695 0.1857922957
v 0.08110646641 -0.424319909 -0.692513301
v 0.3206985618 -0.3332361789 -0.6769449027
v -0.5380455587 -0.5893189028 -0.1331286328
v -0.8104291129 -0.02486366317 0.1420580877
v 0.264547145 -0.7397703081 -0.01139385598
v -0.2663978635 0.6941866183 -0.3239378855
v 0.08646904747 0.141383364 0.7703441469
v -0.1929154196 0.6819401204 -0.4458884213
v -0.1149558438 -0.1129958102 0.7922253836
v 0.5039532864 -0.4319134756 -0.4783042174
v -0.03259054139 0.4213504867 0.6862756188
v 0.09346035714 -0.2738277965 -0.7684559991
v -0.1251760768 -0.1091634155 0.7939292463
v -0.1821774284 0.6611892691 -0.4490658498
v 0.01114772962 -0.1110621275 0.8096579106
v -0.6930929468 -0.131315254 0.4182568865
v -0.3173914126 0.7331238253 -0.10742678
v 0.5822677914 0.4808537235 -0.3002920233
v -0.02993203692 -0.3615651602 -0.717857036
v 0.1257566912 -0.09769905668 0.7933731129
v -0.06960006676 -0.328604078 -0.7238842683
v 0.3604026798 -0.4552720926 -0.5500415849
v 0.08384965219 0.4134423779 0.690815458
v 0.6885574585 0.3739963008 -0.2773362767
v -0.6691277743 0.01301341168 0.4160225783
v 0.02580116981 -0.14604902 0.795682041
v -0.3587313889 0.4798064809 -0.5420265525
v 0.1163246838 -0.2924571339 0.7366112664
v 0.4194727989 -0.3371116797 -0.6065149047
v -0.440529163 -0.3195851924 -0.5950228316
v -0.09235834905 -0.1105260572 0.792737353
v -0.6657240422 0.0003630187005 0.4274115424
v -0.0280764702 -0.326460333 -0.7309318633
v 0.3889135324 -0.3204401633 -0.6446467881
v 0.1467351126 0.1653008114 0.7717614497
v 0.5599312059 -0.4721259273 0.353908566
v 0.7684730747 -0.05889014005 0.1416549342
v 0.2257749572 -0.7517651125 0.1361730029
v 0.4916612537 0.5200093966 -0.3881577369
v 0.5456906499 0.2789057399 -0.4907245405
v 0.6018449276 0.2270863348 -0.5036391613
v 0.4851505411 0.3316339651 0.5270638754
v 0.3695109962 -0.3180014846 -0.6602532115
v 0.04370396805 -0.1259900128 0.7839577638
v 0.4501527566 -0.445286455 0.4623100323
v -0.07738342402 -0.08068653532 0.8233142016
v 0.508917184 0.3642026964 -0.4617143241
v -0.1827202262 0.6667138894 -0.4414480854
v 0.3937701787 -0.5300709951 0.443030035
v -0.8018295176 0.01389343352 0.1868807521
v 0.5267033215 -0.4691794214 0.3903694863
v 0.1084463455 -0.3007926983 -0.7608895211
v -0.6197187376 -0.5341787298 0.04765314266
v 0.6459768058 0.2290332041 -0.430108113
v -0.02710126803 -0.1518877356 0.7752523775
v -0.00283991084 -0.08953492593 -0.8018656058
v 0.3327298716 -0.4340171094 -0.5624208133
v 0.4485904454 0.3224005768 -0.5816667489
v -0.06087808162 0.2974826287 0.7356875163
v 0.7600617578 -0.09186944513 0.2160681462
v 0.3376087489 -0.4460877854 -0.5750503644
v -0.3306019207 0.7293033061 -0.06591977292
v 0.3608832099 -0.7399092371 0.01080816158
v 0.1374683629 0.1476595481 -0.7791363714
v -0.7597481393 -0.07622343197 -0.2521423776
v -0.6177568043 -0.5572491778 0.01797909263
v -0.6661132343 0.002534213186 0.4258534033
v 0.81752862 -0.1020482707 0.01200350984
v 0.561645141 0.272631314 -0.5083983904
v 0.3538262278 -0.7429694312 0.06678545708
v 0.2254887401 -0.7647759884 -0.03898073779
v -0.05015637633 -0.1977420569 -0.7552864664
v -0.2996153178 0.7373253117 -0.1320991811
v -0.02086310165 -0.2586923968 0.7333611848
v 0.5277432332 -0.3880269135 -0.4800242914
v 0.5064181894 0.3671380272 0.4667777845
v 0.5303383039 0.2827079319 -0.5315208697
v 0.09176004819 0.255402502 0.7472192835
v 0.09198824408 -0.3309280852 -0.7474222832
v 0.4215833762 -0.7071370591 -0.07954309734
v 0.006496826106 0.2624754869 0.7382794879
v -0.2885665839 0.7012879731 -0.3270226946
v 0.4013452392 -0.3005182077 -0.6859942443
v -0.2611531874 0.6736404951 -0.3554407491
v 0.3608807066 -0.4481096174 -0.528630299
v -0.3198890661 0.7324938467 -0.1026476518
v 0.3755533969 -0.7376563335 0.03085889368
v -0.1904713768 0.7207509145 -0.3985258019
v -0.09261361853 0.7750436263 -0.04738127069
v 0.02563092435 -0.1169647946 -0.7961646273
v -0.5702044462 -0.5809997881 0.1373487444
v -0.1863297145 0.6421696371 -0.469371097
v 0.2222603531 0.2922102681 0.7141132228
v -0.05856666883 0.2931109527 0.7369319774
v 0.0300325869 -0.4317762153 -0.7013160748
v -0.01578454922 0.4346881826 0.6981065215
v -0.7784290013 0.02540665465 0.189378793
v -0.2966073339 0.7539993611 -0.06103541981
v 0.2410962811 0.265889053 0.7208638279
v -0.6251748767 -0.5502996258 0.08660148006
v -0.2781874034 0.5860406301 -0.4850071122
v -0.03117782407 -0.1706611127 0.7872017662
v 0.3298840312 0.3445346394 -0.6530447544
v 0.4526684691 -0.3163271242 -0.6061731547
v -0.07908426194 -0.0685251695 0.8088952014
v -0.6564196696 -0.5345357375 0.0124271548
v 0.6534789152 -0.05757846441 -0.4730718786
v -0.478131465 -0.6471675071 -0.1741844036
v 0.131230502 -0.1421350918 0.7758864685
v 0.3522340567 0.3726714385 -0.6381090764
v -0.1880838652 0.6763951764 -0.4237598122
v 0.6639156401 0.4258290862 -0.2619678385
v -0.5114362044 -0.6278301442 -0.185107857
v 0.5409346989 0.4636005646 -0.3827707047
v 0.1071669138 -0.2264768738 -0.7685547573
v 0.7478215776 -0.05369372925 0.2809529618
v 0.3794147723 -0.587271681 0.3837934514
v 0.6150689353 0.4547368194 -0.3165491664
v 0.5285372923 -0.4744612585 0.3817920326
v 0.1075532749 -0.2697104066 0.745682541
v 0.1231738609 -0.2883037154 0.7380978848
v -0.005206692369 -0.3899673907 -0.7112364199
v 0.81741371 -0.02518564809 0.05812296081
v -0.4446916408 -0.371384512 -0.581143515
v 0.420004198 -0.4529906701 -0.4837676874
v 0.7062813134 0.3426916689 -0.312406625
v -0.2924471805 0.751924425 0.0347014465
v -0.8124319919 -0.07591779252 0.1560143785
v 0.4317189987 -0.3599741215 -0.602798329
v -0.627299937 0.2090240379 0.4728836598
v -0.6647543401 -0.008839829547 0.4326333617
v 0.1356029825 0.1594845057 0.7563332321
v -0.5367611056 -0.578318356 0.1831490378
v 0.5436445009 0.2761121395 0.5305057519
v 0.09068317666 -0.3283792645 -0.7481542385
v -0.5748199186 -0.5679830118 -0.145621326
v 0.3194322572 -0.7432156414 -0.1474254518
v 0.6747555632 0.3466386309 -0.3404317027
v 0.5027908954 -0.4438166738 0.4124212404
v 0.03913590801 -0.1351903078 0.7996605019
v 0.5354563883 0.4631102303 -0.3599537679
v -0.4456275494 -0.3511261109 -0.5977474741
v 0.1499113789 -0.1792917301 0.7609812464
v -0.04953955084 0.3645560089 0.7287594802
v 0.04246999301 -0.1212887453 -0.8163576764
v 0.3371080441 0.3676153686 -0.6282831983
v -0.2585093931 0.5928005329 -0.4956888851
v 0.02587107762 0.2319161459 0.7464932883
v 0.09429672525 0.263745159 -0.7328843202
v 0.3343183177 -0.4879489096 0.5555243655
v 0.0006808437143 -0.2147896384 -0.7567447745
v 0.2799252086 -0.3930068735 -0.6411990708
v 0.8033318109 -0.1353799123 0.04109230595
v -0.5929265286 -0.577052856 -0.1187259632
v -0.02936733218 -0.1577321877 0.7730124072
v 0.5610696374 -0.4591751885 0.369397308
v -0.7603394371 -0.1003626905 0.2705785493
v 0.6177765321 0.2328311198 0.4336749124
v 0.3712795851 -0.7413919815 0.1272596253
v 0.02809898061 0.3968814505 0.6860357859
v 0.1550917906 0.1664814997 0.7700701628
v -0.04651359735 -0.1253538804 -0.7822198096
v -0.7453299735 0.6625137142 0.07257287884
v 0.1880121656 -0.1817408985 0.7592583712
v -0.4686768988 -0.4209103063 -0.4672701452
v -0.06079152288 -0.3042893478 -0.7148478005
v 0.4106972626 -0.4057372688 -0.5685819683
v -0.069813586 -0.3616163571 -0.7118198504
v 0.1759811836 -0.6255725321 0.5347679117
v -0.2061434354 0.7755456423 -0.1920529091
v 0.1160066251 -0.1298240613 0.7810064601
v 0.3668675595 -0.4926906757 -0.5061786247
v 0.3321194718 0.3922967917 -0.6429094895
v -0.5851506736 -0.5605741178 -0.1110772586
v 0.1661327914 -0.1590284268 -0.8212642978
v -0.5801060171 -0.5595632316 -0.003477865445
v -0.5248015848 -0.6199403327 -0.1860035799
v 0.8055849529 -0.1201992087 0.04235949345
v 0.008422025446 0.4352358527 0.6750266566
v -0.6520475466 -0.04275084977 0.4704483783
v 0.131090068 -0.1976658724 -0.8018936777
v -0.6485588836 0.2524337055 0.3733014171
v 0.3920488233 -0.5460281683 0.3902650362
v 0.1622437612 0.1635482401 0.7508323329
v -0.7886643357 -0.07867922354 0.2053217216
v 0.4249548047 -0.5879381352 0.3381466147
v 0.5556187431 0.2919787196 -0.4995387874
v 0.764548016 -0.2286391248 0.05419994715
v 0.09243433985 0.4043001786 0.6928519517
v 0.2418838437 0.2112895321 0.7406436658
v 0.2209589288 -0.5881978151 0.5044653452
v 0.4199355083 -0.342085769 -0.6296056765
v 0.09438125384 0.2655888149 0.7431113701
v 0.08437358638 -0.4080732557 0.6728325193
v 0.5071866799 -0.4985369009 0.3379225164
v -0.01395319246 0.2325133591 0.7715125575
v 0.1056014438 0.3073678988 0.7069643067
v 0.6227775012 0.4635899259 -0.2736030128
v -0.04182430219 -0.3961716964 -0.6842213045
v -0.5556273852 -0.5673939788 0.1761629208
v 0.5182124973 -0.4588447328 0.3779804237
v 0.06397607736 -0.09380007325 0.8153473266
v -0.0387785315 -0.2264931149 -0.765752336
v 0.3729632134 0.3437574473 -0.6112195396
v -0.1332001089 -0.1075868971 0.8139157196
v 0.007991700558 -0.2406920994 0.7590295048
v -0.07066542792 0.2584517593 0.7706167601
v 0.1783904793 -0.7570495422 0.005253148728
v -0.4829291066 -0.3895817746 -0.4755100209
v -0.4443779627 -0.3693923612 -0.5833287123
v 0.1907390581 -0.6194564949 0.4941016906
v 0.3234313398 -0.4887535776 0.5312065956
v 0.3003182178 -0.5340974345 0.4957896101
v 0.3210919259 -0.4343221454 -0.5699146978
v 0.4108937658 -0.4508063668 0.4938453484
v 0.09499110232 -0.3705233426 -0.7142160935
v 0.2971231475 0.3783526892 -0.6594457423
v 0.5848182213 0.4503439554 -0.3211092399
v 0.1930145652 -0.6328387422 0.5086957379
v -0.4808513097 -0.2948601118 -0.5994366154
v 0.5512733808 0.2782942375 0.4841035071
v 0.4153295721 -0.2924996589 -0.6564162425
v 0.08296616979 0.1441980184 0.7698468989
v 0.01118169452 -0.4192280191 0.6699402798
v 0.1015935552 -0.1234292794 0.7837966038
v 0.7147671906 -0.07949312967 0.314449347
v -0.6495618429 0.02372301897 0.452028567
v 0.1570320443 -0.1183940175 0.7846522303
v 0.036740287 -0.1367231465 0.7991092557
v 0.08474109873 -0.3753616319 0.7048257767
v -0.06813108272 -0.3284917308 -0.7049189921
v -0.5596100181 -0.5953059047 -0.07845869378
v -0.01022710206 0.26199597 0.7409777273
v 0.4665303525 -0.5575374064 0.302246745
v 0.03561665133 0.4011372628 0.7025780584
v -0.5886119202 -0.5777300979 -0.06816013803
v 0.7099394805 -0.09874302122 0.3196325153
v 0.3656279262 -0.7393206214 0.02194172394
v 0.1726883832 0.2735541701 0.7091648214
v 0.03303502049 0.2748529273 0.7489918061
v 0.5608960804 0.4803304896 -0.3217365365
v 0.2075727776 0.295850704 0.6957750643
v 0.2280988451 0.2772360582 0.6994618993
v -0.2951066796 0.753839393 -0.04603571582
v 0.5811409224 0.4499767559 -0.3250110544
v 0.620944484 0.2191946013 -0.49086639
v 0.08580035082 0.2118781926 0.7447532481
v 0.3292127196 -0.7403501626 -0.1793283398
v 0.4455160962 -0.3744006612 -0.5496399363
v 0.5211515829 -0.5120714874 0.3068296754
v 0.4990671974 -0.4215001141 0.4786973729
v -0.5231964207 -0.5862312329 0.186604235
v -0.5474359946 -0.5813258035 -0.06788816548
v -0.2913395029 0.5827820256 -0.4762525553
v 0.2014889694 -0.5907944355 0.5542796661
v 0.4197626665 0.3774253929 -0.5393931586
v 0.1857103001 -0.5823967671 0.546574557
v 0.7495694255 -0.0534381804 0.2750824493
v 0.4727573363 -0.4130277662 0.4814463325
v -0.00502436661 -0.134011482 -0.7853253598
v -0.5976789036 -0.5488410197 0.00471785224
v 0.2107646741 -0.7698567628 0.03451253487
v -0.7950131134 0.0634928355 0.1832267421
v 0.1316941054 -0.1986788744 -0.7823877642
v 0.3281681292 0.3760817564 -0.6306125099
v -0.6209473449 -0.5328921907 0.06266332146
v 0.5101220106 -0.4544144396 -0.4503959867
v 0.4207630332 -0.5749481195 0.324934408
v 0.527158849 0.4500473231 -0.3781125881
v -0.2048220598 0.7501551208 0.05416204488
v 0.4836130834 -0.4506364156 0.4565322584
v -0.1335488321 -0.07000661007 0.809409674
v 0.76328937 -0.03924928703 0.1711998427
v 0.152366716 0.283973283 0.7276616367
v -0.01660445266 -0.0954234676 -0.7976421864
v -0.4493387014 -0.3722615352 0.5427619646
v 0.00893273202 0.3992390128 0.6880685844
v 0.09064159032 -0.3775609247 -0.7109946201
v -0.6814303563 0.06488773596 0.4137079583
v 0.1638480164 -0.1426897054 -0.8076466875
v 0.24282607 -0.7679838728 0.1796304106
v -0.8101526852 -0.09009612541 0.1656563142
v -0.2676922997 0.5519332789 -0.5050723775
v 0.6330217757 0.1875468486 -0.503172846
v -0.1167653411 -0.06055618237 0.8319770331
v 0.2785997503 -0.7600829756 0.1486032942
v -0.8242015059 -0.09416527608 0.1795465079
v 0.7544050029 -0.07087823939 0.1829969668
v 0.5725710082 0.2319541115 -0.5001564584
v -0.3602540359 0.5555089587 0.4442905286
v 0.1825942156 0.2759622439 0.7260201163
v 0.5331124746 -0.4255472647 0.4400209783
v 0.4770951293 -0.4383973977 0.4446449139
v -0.01237057518 -0.4228219963 0.688216692
v 0.03840962226 0.3925896095 0.6860440704
v -0.2903860718 0.6783017407 -0.3547081084
v 0.7492621843 -0.01878330806 0.2317071116
v -0.2000274876 0.5861209717 -0.5277712753
v 0.08461048396 -0.2362285342 -0.7615965633
v -0.00987237311 -0.123098034 0.7861645962
v -0.6868409606 0.01989490999 0.4185940175
v -0.2962257111 0.7542517101 -0.06694764528
v -0.7283272862 0.04695321528 0.283653168
v -0.6167462757 -0.5530639623 0.1466285616
v 0.7714825486 -0.0538252194 0.1342982653
v 0.05805865546 0.1826416279 0.7595945187
v 0.4758253082 -0.4518055415 0.4626927875
v 0.2189514158 -0.5950359139 0.4976704866
v -0.1921061474 0.6295164246 -0.4799157885
v 0.4549503088 -0.4369425166 0.5022858695
v 0.3127715894 -0.4413989447 -0.596683305
v 0.175535967 -0.7761910575 0.01704565559
v -0.5089181376 -0.5946194247 0.1886528574
v 0.4861965618 -0.5406334178 0.3385758882
v -0.05642638062 -0.192972666 -0.7753064352
v 0.4838909415 0.3350633553 0.5257527213
v -0.3029862099 0.7502004173 0.02386754304
v 0.3804518232 -0.3298957725 -0.6689979343
v -0.008122839625 -0.2991610717 -0.7246650365
v -0.2654109964 -0.7670257331 -0.006235306948
v -0.7768001163 0.06353419088 0.1792269144
v -0.2637913196 0.7622027314 -0.1214210662
v 0.3608301355 -0.7165343491 -0.1603461966
v 0.3980154119 -0.4637579997 0.4899026181
v -0.1560765718 0.6420031726 -0.4993334036
v 0.1846409159 -0.583133252 0.5466819573
v 0.3725570053 -0.4519983197 -0.5453364732
v -0.3983007797 -0.671298727 -0.1099230553
v 0.3733865864 -0.7225293375 0.1198921761
v -0.7350188867 -0.01690112408 -0.3020632943
v -0.04718041659 0.08452020391 -0.8001182347
v 0.227565956 0.1811786561 0.7345502768
v 0.5197527563 -0.4703662189 0.3616898149
v -0.12540244 -0.05863930709 0.8136912636
v 0.09962815009 -0.3529143382 -0.7213338384
v -0.5580891294 -0.5973466301 -0.1090902185
v 0.733514865 -0.05059792755 0.2670407159
v 0.07449348661 -0.3950062956 -0.7214272922
v 0.3689467571 0.332976648 -0.6520041275
v 0.125878351 -0.3228376282 -0.7554852941
v -0.2563157921 0.7401726123 0.05299191327
v 0.3397961514 -0.5649005271 0.4174569866
v -0.6562969519 -0.5121442598 0.05707292074
v 0.7261695052 -0.05423415791 0.2901870653
v 0.4453108019 0.3235432102 -0.5554362162
v -0.3307967254 0.7287013994 -0.04719982032
v 0.2818587125 -0.4053844033 -0.6268274531
v 0.3927935331 -0.4994630648 0.4492492409
v -0.07145959878 -0.3472369914 -0.7168124158
v 0.1951178563 -0.6326443846 0.50687625
v -0.2880490717 0.6632865555 -0.3422698753
v 0.4357669241 -0.4760625783 -0.4488131133
v -0.6497073877 -0.5348598457 0.1107096271
v -0.8105906306 -0.01967495016 0.18091914
v 0.0136002506 -0.1567016482 0.7725525288
v 0.4660598354 -0.4546100786 0.4687012754
v 0.1840149008 0.1786832673 0.7420312876
v 0.5796578205 0.2444475348 -0.5122116979
v -0.6807708158 -0.003684463326 0.4392647357
v 0.3424123208 -0.4682724787 0.5727970436
v 0.107002133 0.3624054992 0.6866946112
v -0.62322838 0.2461540049 0.4270293832
v 0.7520643076 -0.05403143384 0.2661331474
v 0.3560728733 -0.4246795094 0.581272014
v 0.2066490871 -0.6098829062 0.4907305005
v -0.8124015955 -0.04178796816 0.144023612
v 0.2025802419 -0.7555115481 0.110592117
v -0.1318312762 -0.1095728122 0.8131116476
v 0.5223571248 0.3977059059 0.4181026997
v -0.1778462958 0.5883186256 0.503471326
v 0.5248284646 0.3928781957 0.4530876701
v 0.3973129292 -0.548032418 0.3825170742
v 0.3574277147 0.3403856016 -0.657681683
v 0.1751774692 -0.1486676182 0.7916582241
v -0.0116066926 -0.1456803753 -0.799306951
v 0.6185207651 0.17967602 -0.4948837104
v 0.05028401479 0.3848171815 0.6870849953
v 0.4465522233 0.3260087092 -0.55232858
v 0.2799725315 -0.3955358174 -0.6384962421
v 0.4932432926 0.4056373484 0.4848331082
v -0.6676831743 0.008870568569 0.4204233692
v 0.1004979765 -0.4064183251 0.692364657
v -0.6670875853 0.006780831461 0.4223723692
v 0.7233400252 -0.05826276525 0.2975398155
v 0.5004013872 -0.4089452426 0.4594918764
v 0.1790378612 -0.620540809 0.5042202078
v -0.01295757521 -0.1269664498 0.7847137978
v 0.06712363102 -0.1173928462 -0.8022701748
v -0.4041669712 -0.3700609312 -0.59999406
v -0.5514358521 -0.5799666113 -0.09509912846
v -0.4910858395 -0.639694304 -0.1797344882
v 0.07707108695 0.3308414258 0.7027144246
v 0.5188686406 0.3579420681 0.4920306285
v 0.2122803329 -0.754049664 0.1247743612
v 0.2211778121 -0.6167378124 0.5016433748
v -0.166288647 0.710330997 -0.4356665269
v 0.1050283913 -0.1310003243 0.7999757296
v -0.1180327111 -0.1186208873 0.8092963136
v 0.5118663421 -0.5221699192 0.3030118084
v -0.2026126199 0.6138735256 -0.4896429381
v 0.2640653633 -0.7570051398 -0.04756752264
v 0.6258965211 0.1891420594 -0.5089691855
v 0.4366252327 -0.4490156065 0.5048270614
v 0.09173850256 -0.2862264846 -0.7636771019
v -0.06165147794 0.312730763 0.7494747499
v -0.2128213575 0.6834418178 -0.3903990184
v 0.7760950409 -0.2262932293 0.01580889421
v -0.7854214658 0.0520128203 0.1657637294
v -0.2299400723 0.6950432581 -0.3926791893
v 0.3012070419 -0.51808078 0.5494497507
v 0.5431277039 -0.3651605381 -0.4938433517
v 0.1513875076 -0.1887784061 0.7572417841
v 0.07011633482 0.3717387782 0.7080865865
v 0.09096258438 -0.2340046561 -0.7633656886
v 0.4045449881 -0.4363594735 -0.5403709664
v -0.8049881123 -0.1253585293 0.229632995
v 0.170259181 0.2744910025 0.7091899132
v 0.1610410207 -0.3347096256 0.7191904212
v 0.5949737505 -0.3012929562 -0.4649500121
v -0.246006702 0.6924245854 -0.380238304
v 0.06003959768 -0.4002896228 -0.7173204516
v -0.4051856948 -0.3529213115 -0.6137328979
v -0.6155052715 -0.5554222994 0.102993924
v 0.3252155143 -0.5000039703 0.5150238342
v -0.7796810913 0.02349771557 0.1875067374
v 0.3076449821 -0.315258932 -0.7046991254
v 0.7616994637 -0.2379012406 0.05850533234
v 0.1084356323 0.3729112118 0.7018772146
v -0.05160085706 -0.1941373367 -0.7563822835
v 0.451374778 -0.4390330979 0.5031216491
v -0.4479257792 -0.3867660325 -0.5256617112
v 0.5863506129 0.4711758337 0.2661422067
v -0.06391529962 0.3335500358 0.7230011063
v -0.4432486203 -0.2785290342 -0.6275525542
v 0.09938810112 0.1891776111 0.770203847
v 0.1649830953 0.1277217536 0.7634759497
v -0.7333613338 0.08672116557 0.2593727678
v 0.7529303047 -0.05452006955 0.2628585699
v 0.2521323945 -0.7411235403 -0.04673364658
v 0.1176360391 -0.2652858947 0.7472102242
v -0.0774479119 -0.08952159029 0.8198605243
v 0.6356074296 0.4425687261 -0.305629289
v -0.00896440882 0.3953101396 0.6922009937
v 0.00238523188 -0.2619428957 -0.7590437493
v -0.279049437 0.7602009252 -0.1535056392
v 0.1733442285 -0.1721665202 -0.798336176
v -0.1819163181 0.3319200183 -0.7006896126
v -0.07341450671 0.3844479259 0.7058847606
v 0.06161653707 -0.415587166 0.6703511665
v -0.1709008562 0.7063632642 -0.4022292059
v 0.4603609727 0.3877944115 -0.5200744506
v -0.04277747263 0.2324773454 0.7566473274
v 0.003786475614 -0.1164934654 0.8076817923
v -0.0222465681 -0.3139142526 -0.7171564306
v -0.4709857077 -0.3993209636 -0.5206823174
v 0.1647182004 0.1646777315 0.7500473331
v -0.6720955873 0.01920391898 0.407801447
v 0.4621250022 0.3774275981 -0.5262641543
v 0.09366083129 -0.2379958119 -0.7815460842
v -0.8286312031 -0.04400873585 0.152826356
v 0.1778057971 -0.1537649169 0.7896120751
v 0.2979952537 -0.5301536612 0.5031320196
v -0.2496679385 0.6995118745 -0.3335605553
v 0.1128438658 -0.2942503378 0.7359799766
v 0.2091038282 -0.5768359693 0.5306966527
v 0.5524742738 0.4772282175 -0.3324014126
v -0.09729120961 -0.1127307811 0.7919742862
v -0.1853497908 0.6213432718 -0.5310294626
v 0.1305015565 -0.1081860696 -0.8151900405
v 0.7416445093 -0.3606814022 -0.1456928318
v 0.3069151427 -0.489937991 0.5799267087
v -0.1533735643 0.6489040309 -0.493142508
v -0.005973448812 -0.2977437688 -0.7255059417
v -0.5398851915 -0.5832302819 0.001267792116
v 0.7584965858 -0.05479519349 0.1784661273
v 0.1500674729 0.1137813613 -0.7926344823
v 0.5967449618 0.4887288136 -0.3086013039
v -0.1027370304 -0.1203928735 0.8082962151
v -0.562386692 -0.5760691477 -0.1648603181
v 0.05641163319 -0.2665460009 0.7287382027
v -0.4861208691 -0.2410386473 -0.6022562613
v 0.3925020562 -0.5891950527 0.3684545156
v -0.1345593905 -0.09919555386 0.7980156439
v -0.06321864283 0.3251613374 0.7451808825
v 0.4747315772 -0.552616004 0.3004915662
v -0.4725482573 -0.2716667077 -0.631212271
v -0.4140742935 -0.3235443426 -0.6275544615
v 0.4088708014 0.4994326983 -0.4854140653
v 0.7598260969 -0.07486762953 0.2269940582
v 0.5720525424 -0.3880847857 -0.4788602316
v 0.4015849827 0.4378308043 -0.5111047355
v -0.1280599275 -0.06116924184 0.8127552954
v -0.08168712549 -0.105171552 0.8138257823
v 0.772569068 -0.100871136 0.1676177409
v -0.7836213481 -0.08548508587 0.2179801939
v -0.253490812 -0.753001587 0.001475389705
v 0.3326947967 -0.4993705944 0.542473736
v -0.6894999232 0.02445079102 0.4115782194
v -0.4850302968 -0.400136926 -0.5008365612
v -0.2165974445 0.5927084499 -0.5370202789
v 0.06365395834 -0.1265747545 0.8025372452
v 0.09340293939 -0.3745487688 -0.7317371274
v 0.2129972986 0.1653872025 0.7617314991
v 0.7814088538 -0.008392940341 0.1271224693
v -0.7224193148 -0.1454176557 0.3636009387
v 0.5468982182 0.4739507196 -0.3403982071
v 0.7395074097 -0.02724405622 0.3253347156
v -0.1050964776 -0.05261693222 0.8156385352
v 0.07891691083 -0.4102931703 0.6720739225
v 0.3612187614 -0.4189758787 0.583525156
v 0.5468057776 0.2748965251 -0.4926921359
v -0.01348245649 -0.3909820317 0.7006899702
v 0.8070120303 -0.10858634 0.04435042995
v 0.6859201905 0.2139285583 -0.4309121851
v 0.6899954428 -0.173777227 0.3437164421
v 0.10999921 -0.2247210096 -0.7696221449
v -0.16730299 0.6496508267 -0.5124775763
v 0.5143068088 0.2915610385 -0.5119512432
v 0.7687106428 -0.07748377657 0.1948248895
v 0.5176378281 -0.4591145448 0.4121936256
v -0.134836742 0.766271368 -0.02885706516
v -0.1287595495 -0.1128526793 0.8117673555
v 0.4144326721 0.3054467919 -0.5996785939
v 0.2456885837 -0.7435722319 -0.007095356993
v 0.08166654838 -0.09570172057 -0.8315985692
v 0.8074992058 -0.06514986695 0.06851085045
v -0.2152666668 0.7674546192 0.01759456058
v 0.05807873342 0.2004985113 0.7723112655
v 0.1803584025 -0.2796816209 0.7403211668
v -0.5891455246 -0.57980116 -0.1323567153
v -0.7034561246 -0.1384947601 0.399718321
v -0.02497133915 0.1097882163 -0.7906847075
v -0.4768243041 -0.4001303699 -0.5120171019
v -0.6974128597 0.03337276233 0.3923363963
v 0.3853315349 -0.4277451867 -0.5623730732
v -0.6638004917 0.007772533232 0.4697284922
v -0.05410443343 0.2866157661 0.7386258271
v -0.2807506177 0.740012525 -0.09947913363
v 0.356774015 -0.2921411611 -0.6961208671
v 0.2303328404 0.2743383355 0.7001808617
v -0.6212179317 -0.5523492913 0.0945640862
v -0.2965901689 0.7539138342 -0.05808755059
v 0.128170442 -0.3133191105 0.7282153265
v 0.6727979211 0.372071141 -0.3229129038
v 0.4511171543 -0.3139844323 -0.6096892936
v 0.4067950607 -0.4547209358 0.492856574
v 0.1750747773 -0.6220386919 0.5401913301
v -0.6598270372 -0.5296458639 0.08960051642
v 0.001049255253 -0.42580614 -0.6991181825
v -0.1125653596 -0.1134500563 0.7919997357
v 0.4118462434 -0.3018172927 -0.6775696365
v 0.670381831 -0.02144704994 -0.4104335894
v -0.04694344078 -0.2149057702 -0.7687434529
v 0.4976940587 0.4232863448 0.4291096238
v 0.1685126145 -0.1662934002 -0.8189755146
v 0.1982238088 0.1514389876 0.7690441381
v 0.4036075001 0.5082670604 -0.4838418008
v 0.133880599 -0.3790263849 -0.7362135514
v 0.5877870476 0.2203361916 -0.4940569008
v -0.2081396987 0.756897203 -0.1910514547
v 0.105361894 -0.4148930571 -0.6996094705
v 0.1531092951 0.1244244981 0.7664692123
v -0.03810450059 -0.2011437774 0.7562118257
v 0.02226300297 -0.2585662819 0.7517532222
v 0.05544045219 -0.4169015385 0.6699612592
v 0.5221255167 0.3871350796 0.4618357305
v 0.623176885 0.2338024312 0.4254649562
v 0.5696133273 0.4816462032 -0.3121467067
v -0.08023190175 0.3779049395 0.7285257265
v -0.2883160527 0.7565444866 -0.09197607065
v -0.5756087328 -0.5765157351 0.1717751527
v 0.1994417177 -0.7735063474 0.08247611111
v -0.5937552753 -0.5722100073 -0.001713548793
v 0.05945047531 0.430713566 0.6882026858
v 0.7943179913 -0.01009129179 0.08163212902
v 0.393648206 -0.3217074812 -0.6401284647
v 0.595466886 0.2450116696 0.4873915544
v 0.7006113272 -0.1676156549 0.3108034576
v -0.1768428596 0.7621141053 -0.1621176612
v 0.1072213888 0.315831545 0.7036353734
v 0.2377400954 0.2007803924 0.7258712935
v -0.5555080647 -0.5804011594 -0.1716978358
v 0.3924500547 -0.7321371369 -0.04314245195
v 0.2948608568 -0.4861473019 0.5626503353
v -0.4304140132 -0.3482774394 -0.5834759258
v -0.6645755382 -0.01474116393 0.4761028385
v 0.6524764923 0.2448904419 -0.411583047
v -0.7965396046 -0.04223275272 0.1764364877
v 0.3883668159 -0.4528778461 -0.505134541
v -0.5537610512 -0.5698410016 0.1401137664
v 0.7661855431 -0.1308493411 0.1717795333
v -0.5473684671 -0.4806837425 -0.3073582733
v -0.8118992219 -0.03651199053 0.1431820065
v 0.7562760453 -0.05858242575 0.2489137373
v 0.568731536 -0.3691118806 -0.4724744121
v -0.2556695426 0.7584772752 0.05468207895
v -0.1350908791 -0.1036644012 0.8154876265
v 0.2816817582 -0.759469268 0.1481527582
v -0.03149075715 -0.2347455216 -0.7638442816
v -0.1604116083 0.7010977875 -0.419295338
v 0.2545856456 -0.4203194257 -0.6580249826
v -0.05062949353 0.2435501878 0.7730243869
v 0.08894504366 0.2401889212 0.7531886436
v 0.2451714886 0.2239476766 0.7355343427
v -0.6202929896 -0.5329828432 0.07065534051
v 0.1877302547 0.2726511312 0.7264519228
v 0.5976884993 0.2015948052 -0.5272235455
v 0.3555319976 -0.7226292282 0.007764668277
v 0.1739329337 -0.1811581087 -0.7951478406
v 0.3649960105 -0.5198733283 0.4504154463
v -0.08581156319 0.2664883373 0.750745614
v 0.1399276187 0.128849904 0.7860731092
v -0.3174833465 0.6476921714 -0.333322421
v 0.04414809328 0.3892234557 0.6864050118
v 0.5608379102 -0.4563354869 0.3732669382
v 0.1365149764 -0.3361378949 -0.7330149647
v 0.1273968557 -0.2090510668 -0.7971867184
v 0.1084503462 0.2672055712 0.7211716055
v 0.771180433 -0.1067920706 0.1688802312
v -0.4053916448 -0.6741470408 0.2598677807
v 0.4733229462 -0.4523872138 0.4644081233
v -0.03376918843 0.1002395929 -0.7942414343
v 0.28582126 -0.7539026889 -0.009906334291
v 0.4312831692 -0.3069969743 -0.6590451069
v -0.05122479574 -0.1363228538 -0.7775109431
v 0.1377105202 0.1592808056 0.7560894656
v 0.6332095177 0.4877208776 0.2218322716
v 0.7645162488 -0.06789957155 0.1499291548
v 0.4895480241 0.3214230074 0.5300869383
v 0.2929889204 -0.4941667745 0.5542070129
v 0.5246337494 -0.4657676433 0.3967804572
v 0.1144661874 -0.2668597386 0.7466584416
v 0.3231550015 -0.733821689 0.1700434565
v 0.4544286245 -0.4592551725 -0.4826868897
v 0.3730653688 -0.7339622869 -0.107880907
v 0.7052849697 -0.07495948154 0.3498184732
v 0.5154481012 -0.4502682924 -0.4511980919
v 0.09984306994 -0.3474595699 -0.7233544188
v -0.6922517436 -0.07010172521 0.4393724937
v -0.5985729129 -0.5443523179 0.1111667341
v 0.4955229569 -0.4383782957 -0.4771379226
v 0.06790112117 -0.4205595268 0.687489326
v 0.1470751491 0.1292047959 0.7848653026
v 0.3835067426 -0.5344075962 0.4135693868
v -0.3553476231 0.5497343139 0.4250305571
v 0.2721531978 -0.7613525881 0.1490771639
v -0.6325226801 -0.5288856579 -0.01412217979
v 0.4641592311 -0.3611970668 -0.5797198945
v -0.7553729171 0.08854483291 0.2549894399
v -0.6962713289 -0.07796143088 0.4339741671
v 0.7055326699 -0.2132747693 0.3317342134
v -0.05001579708 -0.2915619027 -0.7403406563
v -0.4371891142 -0.3152815207 -0.6408723997
v 0.05473010215 -0.2961115759 0.7172103692
v 0.5409576452 0.3090001811 -0.4723740447
v 0.1397438998 -0.2473273326 0.7537890007
v 0.5124382697 -0.5427023342 0.3101118519
v 0.06666518302 -0.1196721604 0.7859672585
v 0.1800846419 -0.158795135 0.7875993024
v -0.1669002686 0.7640878992 -0.163428577
v -0.708726727 0.04080621551 0.366704224
v -0.3295383476 0.7286575333 -0.03761809617
v 0.2400450452 -0.7492177222 0.1438610066
v -0.8087692355 -0.06673229333 0.201240852
v 0.3469812153 -0.7267139569 0.08810059221
v 0.3034772893 -0.3676404306 -0.6808284198
v -0.806203667 -0.07287250608 0.2086263378
v -0.2317439597 0.6074489955 -0.5032248774
v 0.4222307283 -0.4034727729 -0.5345726601
v 0.5815485907 0.1961495878 -0.5186935638
v 0.3500892686 -0.456014031 0.5809668588
v 0.1966702738 0.3022926971 0.6950724326
v 0.8202107673 -0.04438145207 0.03706613851
v 0.2338239768 -0.751465083 0.1782545749
v -0.6639436524 -0.005081653054 0.4739765565
v -0.04976538133 -0.1324181636 -0.7791543111
v 0.443014509 -0.560441566 0.355646103
v 0.1597561653 -0.1360685379 -0.8094423947
v 0.7038400718 0.2735193633 -0.3677017001
v 0.2266464673 -0.6097988097 0.5051634473
v -0.5179557975 -0.5906536588 0.1512245892
v 0.08118218901 -0.3151596076 -0.7515387195
v 0.7697169993 -0.06313678882 0.1998921047
v 0.007472532558 -0.282407813 0.7235182609
v 0.123666393 -0.111632215 -0.8321304452
v -0.6754481224 -0.07066421355 0.4327198422
v -0.664727639 -0.01947449464 0.4364432124
v -0.1069796189 -0.1205011529 0.808339068
v -0.06441361299 -0.376934105 -0.7070519196
v -0.1365063492 -0.09744934497 0.8179463906
v 0.3105636247 -0.6318551531 -0.3683529859
v 0.6757092924 0.4070470521 -0.2647160829
v -0.5396185979 -0.6110830244 -0.184026508
v 0.2170653243 -0.6208971015 0.5003543325
v 0.695898229 0.3229157944 -0.3091656026
v 0.2003453526 -0.7557915519 0.1054396431
v 0.3839759783 -0.5361966877 0.4108135136
v -0.7972228662 0.06064328496 0.1797393606
v 0.3924387305 -0.5446766645 0.4256087725
v -0.5689915139 -0.5869472152 -0.003242206207
v 0.4506588255 -0.5431080953 0.3363622913
v 0.4190965997 0.3508592491 -0.5889486936
v 0.3979090844 -0.555777698 0.4059919125
v -0.01216478447 -0.2064087178 -0.7770887919
v 0.7084907085 -0.1594054454 0.3535873485
v -0.268793451 0.7394622921 -0.004001902536
v 0.02566959585 0.3975753507 0.6861494443
v -0.2958192647 0.7544209163 -0.06993966367
v 0.7879253476 -0.006816619308 0.105606726
v 0.4149576642 -0.4007540606 -0.5709838734
v 0.03141381647 -0.1005765301 0.8133513017
v -0.2329053077 0.7505691664 -0.1409276874
v 0.3232021754 -0.3316154889 -0.6769752394
v 0.4025832038 -0.4537119568 -0.4947058026
v 0.7002771465 -0.1739883026 0.3081640439
v 0.3869651284 0.3510325081 -0.6204556099
v -0.5404470466 -0.5849384954 -0.05362248043
v 0.2474657104 -0.3983478344 -0.6573577536
v -0.6722042393 0.05003508533 0.4377146427
v -0.4927454784 -0.2370232638 -0.596778666
v -0.2485762488 -0.2758294537 -0.6968823843
v -0.8121441804 -0.03360987969 0.1826809345
v -0.1999838152 0.7705524213 0.01345889655
v -0.02453252396 0.2273820433 0.7557512916
v 0.5279552326 0.6040498527 -0.1928632392
v 0.1342036493 -0.3802654819 -0.7165827746
v -0.01806665898 -0.3081504252 -0.7198880465
v 0.5690897358 0.4880682897 -0.3363381232
v -0.4485188949 0.6541512102 -0.1961890137
v -0.05934988064 0.3057719729 0.7516635828
v -0.5647865111 -0.5894137274 -0.002536684051
v 0.09884568329 -0.3585973471 -0.7191444095
v 0.4203592389 0.3517902406 -0.5869934951
v 0.4033532736 -0.5590065618 0.3964963112
v -0.5816788776 -0.581333194 -0.05452922942
v 0.07846623326 -0.1259382049 0.8024887303
v 0.3473574442 -0.7238608155 -0.004198651647
v 0.3441263454 -0.7243748708 -0.008021792355
v 0.5100321329 0.3304828089 0.4942025945
v 0.4566935675 -0.5564219211 0.3473466565
v -0.6097941609 -0.563896793 -0.03384390899
v 0.7965578424 -0.01289537358 0.07224620782
v -0.08388089037 0.3721387281 0.7311778351
v 0.1306368201 0.1230758626 0.7703517162
v -0.6703423754 -0.05536535913 0.4376999214
v 0.4425087679 -0.3051577289 -0.6247934029
v 0.2728207844 -0.7381682433 -0.01109143496
v 0.6888687526 -0.2229889856 0.3183238941
v 0.1751728502 -0.619790914 0.5429774209
v -0.1368731463 -0.08403006328 0.8039925733
v -0.03317868407 -0.1777469564 0.7844710444
v 0.4319981084 -0.366761828 -0.595441824
v -0.195357272 0.6239464483 -0.4838610816
v 0.7063985478 -0.1847696384 0.3457077883
v -0.01562337703 -0.1376491763 0.7997986561
v 0.4171898864 -0.3028772004 -0.672861366
v 0.4392959367 -0.5699030459 0.3131758008
v -0.1545348079 0.3843369793 -0.6999536641
v 0.6085181711 0.271383724 0.4463506241
v 0.1491893769 -0.2294905048 0.760574353
v 0.3781681657 -0.7331930216 -0.1004289441
v 0.121446456 -0.3065158483 -0.7415374964
v -0.4888127908 -0.4288569767 -0.4703395178
v 0.6502726996 0.2277434466 -0.4554504773
v 0.2487917647 0.1908716248 -0.7836829454
v 0.4693826298 -0.5508658913 0.341991153
v 0.3062525923 -0.7456303011 -0.1524679626
v 0.4911352186 0.3653357937 0.5232661237
v 0.6281891187 0.2351357567 0.417464079
v 0.03297858615 -0.3943486623 0.6984404638
v 0.7631417988 -0.1476340688 0.1722824732
v 0.4961709349 0.4129870887 0.4743613977
v 0.3092377194 -0.7367456956 0.1771400284
v -0.003424583651 -0.1161219523 0.7887630642
v -0.781377325 0.04136827547 0.2187684866
v -0.1321708806 -0.0670736112 0.8105289141
v 0.1916860971 -0.6191347707 0.4935827778
v -0.7593478019 -0.1019225804 0.3141678234
v 0.313385595 -0.7528959747 0.1348932583
v 0.1234846186 -0.2129512571 -0.7759469036
v -0.622089412 -0.554371302 0.02629917214
v 0.07857478835 0.348577618 0.7152513563
v 0.6305407209 0.2182311423 -0.4821537621
v 0.09750659882 -0.1337748824 -0.8201123369
v 0.2290603075 -0.7511874633 0.1382367639
v 0.8002626172 -0.1531491977 0.04109717085
v 0.01171501581 -0.1264886018 -0.8098213355
v -0.4524912765 -0.6602140241 -0.1162794842
v 0.682204926 0.4235885498 -0.2742581429
v 0.04153552599 0.4312836758 0.6714704662
v -0.6824255675 0.007425090927 0.431976533
v -0.2248247891 0.5937475272 -0.4936079591
v -0.08957840459 0.08370858496 -0.8187934347
v 0.04749793519 -0.4018327425 -0.7148653231
v 0.4307035531 0.3779913902 -0.5567734158
v 0.5131547288 0.3106763891 0.541518338
v 0.2871373311 -0.3684404796 -0.6623021618
v -0.1504604496 0.38531884 -0.6804431614
v -0.3998094801 -0.3044068504 0.6148422443
v 0.4426071685 0.6452301292 0.1143071059
v -0.3732710506 0.5800094641 0.4096751119
v 0.6706165382 0.285751855 -0.3910631779
v 0.2259017575 -0.7698859075 0.1333527312
v 0.100260021 0.1790034717 0.7545526039
v 0.6030927859 0.2126866005 -0.4848345684
v 0.8035789151 -0.05788128401 0.02129322818
v 0.5008616828 0.4210094222 0.4608957691
v 0.4773845798 0.3818762185 0.4933026847
v 0.2439533562 -0.7427495049 -0.045632458
v 0.3207524408 -0.7476020685 0.006753566504
v -0.5252310669 -0.6057625362 0.1883898101
v 0.3912288081 -0.3002309625 -0.6930917846
v 0.0514072258 -0.4332582146 -0.7040015001
v -0.4440958431 -0.3614482536 -0.5907237789
v -0.05219787651 0.3605021235 0.7306380322
v 0.3535593064 -0.3330754956 -0.6837004547
v 0.2806691138 -0.732241736 -0.1571232034
v 0.1511035106 -0.1905187146 0.7757757902
v 0.02713694273 -0.3947311791 0.6984081007
v 0.1300876153 -0.3896238527 -0.7125507328
v 0.04900168501 -0.4179822469 0.6696679645
v -0.238246954 0.5627898902 -0.5201056218
v 0.1828484569 -0.6054329448 0.5538410651
v 0.3357996614 -0.7221179144 -0.1367991075
v 0.3302540617 -0.5600984452 0.4330007697
v 0.4103972628 -0.5766260559 0.3329780486
v 0.7498501444 -0.02046493595 0.228680726
v -0.1872871985 0.6397313756 -0.4715560857
v -0.6192629716 -0.5562600458 0.02056682694
v -0.624819955 -0.5524937036 0.0332602587
v -0.1354358028 -0.07571184257 0.8072165498
v 0.7523551587 -0.03356469124 0.2122567161
v 0.4124930294 -0.7308901131 0.0450471836
v -0.6842194867 0.01370034613 0.4261124574
v 0.3408249476 0.3358346767 -0.6489236693
v 0.731593162 -0.01218069877 0.2965156682
v 0.04626958495 -0.3958304531 -0.6976397891
v 0.5083615274 0.3760643531 0.4562551155
v 0.1516819346 -0.2154682213 0.7660076651
v -0.4454167718 -0.3851953773 -0.5304645083
v 0.1695023127 -0.2078903446 -0.8039639054
v -0.2909355597 0.7363421398 -0.04341590706
v -0.6812546537 0.0009033242303 0.4366607845
v 0.07102280071 -0.4261372215 -0.6903291765
v 0.3958679717 0.3383857027 -0.592772908
v 0.1398368023 -0.1534062254 0.7713061009
v 0.4519052533 0.3501876991 -0.5285695064
v 0.05520609509 0.2225483582 0.7454809717
v 0.2854120719 -0.7587208033 0.1474225313
v -0.004319850447 -0.2591745063 -0.7398129523
v 0.3184638662 -0.7348157082 0.172714235
v -0.411580067 -0.6641293083 -0.1288197312
v 0.3762732532 -0.5236611268 0.4684598631
v -0.5583673451 -0.5958396879 -0.07300277069
v -0.01395354448 -0.3757750516 -0.6958613064
v -0.3502946226 0.5518758239 -0.423920555
v -0.5778956684 -0.5873425461 -0.1558113341
v -0.6751443381 0.02380840804 0.3999755871
v -0.5769452172 -0.5838807631 -0.04757653724
v -0.007829012739 -0.3884041259 -0.7114104537
v 0.5611059938 -0.4621084034 0.3655998841
v 0.2860073629 -0.7356815861 -0.008392538969
v 0.2203269088 -0.5844296848 0.5099193983
v 0.2923995 -0.739051465 0.1448261195
v -0.01530808414 -0.154951014 -0.7761415592
v 0.2224092653 -0.7486429934 0.01074924636
v -0.0679566764 -0.3522002333 -0.6963041391
v -0.437647741 -0.6701389584 -0.1465425132
v 0.05885368309 0.1800514592 0.7604185569
v -0.5000118971 -0.6075625347 -0.01741493361
v 0.15261236 0.2778708049 0.7106209242
v -0.03107702451 -0.2413181444 0.7403605033
v 0.2309915763 -0.7650202913 0.004710091587
v 0.006447302643 0.3990392315 0.6885164831
v 0.1203134258 -0.2571000768 0.7311486904
v 0.7951539497 -0.2215694925 0.01799838461
v -0.525986326 -0.2635265141 -0.5656254793
v 0.04656585593 -0.1313330299 0.8010196941
v 0.3163217006 -0.4443478346 0.5951469797
v 0.5514817446 0.3268647232 -0.4769375751
v -0.6626045455 -0.08394993769 0.4635294015
v 0.4306107847 -0.4908410299 -0.4653222478
v 0.2733629415 -0.7562700853 -0.01185662317
v 0.2102875711 -0.754368885 0.1224871574
v 0.09835026055 -0.1224801991 0.7842328207
v -0.2174791314 0.7732348069 -0.1885508957
v -0.5199923508 -0.6213948264 -0.1484511189
v 0.3571177318 -0.3188560681 -0.6676739064
v -0.5906479967 -0.5531777399 0.0001802134441
v 0.2031022093 -0.6127977939 0.4904809229
v -0.4645986963 -0.397198943 -0.5312526669
v 0.4016457456 -0.4865858433 0.4570566247
v -0.6813396441 -0.02636120894 0.4461160957
v 0.4925813085 0.3576160526 0.52810933
v 0.5078788815 0.3381602037 0.4903596356
v 0.2009955805 -0.7735961059 0.09550400295
v 0.7430386871 -0.0744502836 0.2200360429
v 0.3834283082 0.3117151981 -0.6254151567
v 0.2663911287 -0.446732992 -0.5935434845
v -0.7939609836 -0.01776490289 0.1730396544
v 0.2209454888 -0.5871569498 0.5058134517
v 0.2672943165 -0.4518235409 -0.6162155023
v -0.05903770002 -0.1739932942 -0.7818298428
v 0.1067871238 -0.1392847217 -0.8195046489
v 0.2215030527 -0.5898863604 0.5357588317
v 0.6845241055 -0.01344956998 -0.425521845
v -0.8090190217 -0.01603578448 0.1418081078
v -0.08499889378 -0.06022755943 0.8122587626
v -0.2865784859 0.7385673887 -0.08914418424
v -0.2215580193 0.7199097709 -0.3690359196
v -0.5366200905 -0.5902306732 -0.1349242506
v 0.3879247879 -0.3306127978 -0.6632217398
v 0.1586066779 -0.7626750664 0.06411673483
v 0.131674765 -0.1781841866 -0.8090825262
v -0.2516563644 -0.7738690172 0.02900769643
v 0.08513564741 -0.3833655487 -0.7080481441
v 0.452807875 0.4135033493 -0.5078539983
v -0.6501703057 0.02721972054 0.4495564225
v 0.1151257651 -0.3893258197 0.6795461124
v -0.1363210658 -0.09885693291 0.817392224
v 0.201765263 -0.7538127515 0.04891930205
v -0.002773298296 -0.1352732272 -0.8044331411
v -0.2747770557 0.5500278469 -0.500548869
v -0.5930711793 -0.5459325689 0.1563759904
v 0.1697482993 0.1720368739 0.7658339888
v 0.3724278806 -0.5856234257 0.3927794077
v -0.02031575186 -0.3688128345 -0.6974387562
v -0.7572108811 0.270925276 0.1458242065
v 0.1935165515 0.2680658764 0.727249856
v 0.2112615943 -0.6256752836 0.4999350719
v -0.2312943624 0.7703755862 -0.1828557878
v -0.4343421414 -0.6515076841 -0.1522705504
v 0.07503863117 0.3067066895 0.7118169895
v -0.08422435387 -0.1026231187 0.7956644589
v -0.01302654803 0.262302645 0.7412883658
v 0.4141332385 -0.7259533934 -0.1082609652
v -0.2602413873 0.7394490607 0.05165925449
v -0.08471591746 -0.1103325041 0.8118684382
v 0.7391138668 -0.009246433386 0.2723475554
v -0.6948907997 0.03102457224 0.3982941641
v -0.1553832824 0.4731778783 -0.6652024473
v 0.5980080778 0.1869974054 -0.5094841349
v 0.06009723521 0.2453399498 0.7556642747
v 0.152227027 -0.2051081875 0.7700479914
v 0.799837188 -0.02013204784 0.05664196725
v 0.5320965224 -0.4356280845 -0.4554798604
v -0.5428638519 0.4556893268 -0.391888438
v -0.5153482105 -0.6033353008 -0.1482167394
v -0.1848495032 0.7615644683 -0.1955750974
v 0.2839148148 -0.7418871435 0.1841192614
v 0.4519380039 0.3592543248 -0.5216046371
v 0.5083653418 -0.4281898372 -0.4792739195
v -0.03355880568 -0.2739231575 -0.7300250994
v -0.4198572825 -0.3585725533 -0.6262692336
v 0.5186687401 0.3610804879 0.4895333624
v -0.4835542576 -0.6426690308 -0.139663737
v -0.5510013635 -0.576764985 -0.002080877568
v 0.4480571688 -0.4463015132 0.4630694634
v 0.3689146324 -0.4388837089 -0.5329790586
v 0.05722968156 0.2217100158 0.7647089079
v 0.1971013204 -0.593113615 0.5556209781
v 0.7166389482 -0.207179935 0.297091887
v 0.3096933066 -0.7313866459 0.002151221903
v -0.1594650907 0.69992145 -0.4557241633
v 0.5575223274 0.2485808976 0.5018150246
v 0.1467287056 -0.2361471048 0.7580207046
v 0.5650806998 0.2399144901 -0.5014452623
v -0.6522368978 0.3212318682 0.382548603
v -0.6807512668 -0.01973148508 0.4449712869
v 0.7521963826 -0.06938025221 0.1914981167
v 0.001159467167 0.4398932243 0.6936528053
v 0.5290490232 -0.4781482724 0.3765602898
v -0.2974533648 0.5680449964 -0.4551477657
v 0.1037552922 -0.2709788271 0.7452627738
v -0.2212316016 0.61601438 -0.5025789854
v -0.8116738123 -0.05398777638 0.1908336443
v -0.4572700545 -0.6370545328 -0.129113905
v 0.09699273714 -0.089426423 0.7971857648
v -0.6927815336 0.02875488176 0.4033850408
v 0.003420598325 -0.7928452599 0.06244792108
v 0.7917136825 -0.07412212257 0.05251539138
v 0.4231831165 -0.3441310836 -0.5966092214
v 0.06534830723 0.4196853943 0.6721042592
v -0.06845773885 -0.3487048951 -0.6975024692
v 0.3454924513 -0.7271114335 0.09167236822
v -0.6483407454 -0.01253508128 0.4673158291
v 0.01433662749 -0.1254843909 -0.8105829123
v 0.1759888274 -0.6164495838 0.5464598854
v 0.1179121539 -0.2186879662 -0.7730150892
v -0.2555039422 -0.3199234259 -0.6989936768
v 0.4385159135 -0.4291980115 0.4943882206
v 0.4436285742 -0.5683364435 0.310923374
v -0.5480243124 -0.5826502486 -0.1128788216
v 0.3371117393 -0.7436484015 -0.0187425282
v 0.2023632658 -0.5904020846 0.5539227775
v -0.4301856833 -0.3503221879 -0.5819822746
v 0.01211706206 -0.291078184 0.7392432896
v -0.195995103 0.6810815138 -0.4099712972
v -0.2477835754 0.5977321269 -0.4999123641
v -0.457064641 -0.3924701103 -0.5456857329
v -0.01854124572 -0.1421656967 0.7980910387
v 0.5196027415 -0.4642149576 0.3697260055
v 0.1751856047 0.1710695707 0.7461383666
v -0.1772265983 0.7173459904 -0.4159158336
v 0.5392133733 0.2610330922 0.5157551934
v 0.4256080573 -0.3854454019 -0.5800000174
v 0.742399232 -0.05804232862 0.2970494811
v 0.3232644581 -0.3054614238 -0.7045570971
v -0.2165301256 0.6833058091 -0.386926537
v 0.4213289113 -0.7250417422 -0.09200549846
v 0.7673277891 -0.02518230673 0.2307023494
v 0.359277271 -0.7361998135 -0.1227403409
v 0.4630940785 -0.5538387109 0.3443639731
v 0.5364411695 0.3125984496 0.508117135
v -0.08754821363 -0.1067678132 0.7941104322
v 0.07055875025 -0.1259357464 0.80264846
v -0.6829232327 -0.03744112701 0.4468085059
v 0.7737961256 -0.05097839931 0.1280201441
v -0.6481634335 -0.1946234841 -0.4600559963
v 0.1919840257 -0.7769791566 0.1495630132
v -0.5061379473 -0.6040626072 -0.02095466124
v 0.7747751255 -0.1903141801 0.04175979197
v 0.5216894786 -0.5027713464 0.3522214512
v 0.2496311202 -0.3880895538 -0.6667381766
v 0.3240028502 -0.7289198356 0.01276905378
v 0.1335761143 -0.1447780516 0.7748058496
v 0.1378722763 -0.1503980925 0.7725218941
v 0.118966705 -0.1379697829 0.7969704277
v -0.5850503061 -0.5598343548 -0.0895839698
v 0.2464304177 0.2360217796 0.7309440218
v -0.7422293702 0.08987323398 0.2812481041
v -0.4173007137 -0.3167180745 -0.6291851345
v 0.4194016953 0.365839866 -0.5486072959
v 0.5952493437 0.2725896532 0.4633524174
v -0.2094923796 0.6834119578 -0.3937107867
v -0.0310458627 -0.3575589553 -0.7191490583
v -0.799990898 -0.1153072192 0.1952235431
v 0.5442759695 0.2529687105 -0.5405361197
v 0.4552442591 -0.4695385748 -0.4426227243
v 0.6449407085 0.2229863781 -0.4643382117
v 0.3239064164 -0.4816799073 0.5398108397
v -0.2863856183 0.757023616 -0.09541432636
v -0.05471218472 0.2970102341 0.7541569749
v 0.320503489 -0.7513434977 0.1293691894
v -0.5958332511 -0.572226457 -0.03528102904
v 0.5428690968 0.3046481733 0.5063807304
v 0.0949744663 -0.4028964647 0.6746440206
v 0.6342033581 0.2186032588 -0.478262646
v -0.4908388247 -0.3322731818 0.5038917488
v 0.3383992916 -0.726623364 0.02960501947
v 0.5428074697 -0.3896359218 -0.4968628684
v 0.3534091724 -0.7433056383 0.07525280601
v 0.3353646066 -0.4523705256 0.5661282106
v 0.1442244512 0.1592368055 0.7551225647
v 0.001609132341 -0.2087663546 0.7524334441
v 0.1034136837 0.3747003332 0.6827552484
v 0.07859555172 -0.4303842725 -0.7091520072
v 0.380660783 -0.7176988261 0.006539972301
v 0.4614736269 0.3468909799 -0.5502547763
v 0.4689439096 -0.5338829915 0.33020805
v -0.4532756505 -0.389177742 -0.5162479118
v -0.6756284143 -0.07276399569 0.4741166775
v -0.009234557031 0.4002281447 0.7096770291
v -0.03815897183 -0.3772592562 0.6873430064
v 0.2523949651 -0.7421933119 -0.009517440218
v 0.748720355 -0.05349237599 0.277975702
v -0.2623275283 -0.3306862854 -0.694041163
v 0.3907222028 -0.4061705654 -0.5528844155
v -0.05060219645 -0.3962909275 -0.7020810488
v -0.1604513619 0.7022374706 -0.4517846217
v 0.7132117931 -0.08499335837 0.3165367992
v -0.217054328 0.5624058834 0.5331631053
v 0.03631691397 -0.1154839574 -0.7983169846
v 0.5074683524 -0.5265696969 0.3016952008
v 0.5878534427 0.2077934042 -0.5321684305
v 0.2925775271 -0.5138934785 0.5293134414
v -0.5741705102 -0.5853933673 -0.0440186519
v 0.126091155 -0.1042120564 0.8100282689
v 0.4717114049 -0.4287794065 0.4962687097
v -0.4342529491 -0.3726141921 -0.5567703166
v 0.162313941 0.1686327247 0.7681963788
v -0.6430488059 -0.5181800746 0.1059566859
v 0.6190394693 0.4379835607 -0.2968631398
v -0.5789462486 -0.2434939993 -0.5111849579
v 0.6421019308 0.2227455022 -0.4387313996
v 0.7508984002 -0.01348059862 0.2942731351
v 0.7478927407 -0.0157445572 0.2382333353
v -0.8105274539 -0.06049294238 0.195462035
v -0.2724780212 0.5877437775 -0.4884373367
v 0.00755725764 -0.2909656878 -0.7300183049
v 0.195510684 0.3101097659 0.7116261483
v 0.2958483796 -0.7383372707 0.1434121543
v 0.08133899825 0.407378372 0.6741766921
v 0.2169229086 -0.5885950532 0.5419196886
v 0.4795028157 -0.5266654751 0.3290785586
v -0.4357900492 -0.6693384625 -0.0954038292
v -0.09202388525 -0.1170390569 0.8093925686
v 0.7971635636 -0.2138655605 0.01565668726
v 0.717837636 -0.07026380166 0.3093600497
v 0.6974699571 -0.1138147153 0.3536322277
v -0.1914930656 0.6752211037 -0.4559026374
v 0.6831131799 0.209512316 -0.4370529864
v -0.7187095335 0.1600362733 -0.3180579562
v -0.7237529383 -0.1007296963 0.3861298853
v -0.1146213353 -0.1195088174 0.8088805397
v 0.4993315262 0.3039953081 0.5321449479
v -0.1248415832 -0.1156764451 0.8105844619
v 0.5893425047 0.4792690323 -0.294537285
v 0.3218534431 -0.4618590344 0.6012431103
v 0.3228303271 -0.4734484055 -0.5274223732
v -0.5527343709 -0.6010533121 -0.1234043589
v 0.1737466519 -0.1765346797 -0.7968047976
v 0.4294827237 -0.7251470565 -0.03578647214
v -0.8204931551 -0.1039978295 0.1905597347
v 0.208684061 -0.772684574 0.114949161
v 0.1315648615 -0.3866823831 -0.7138457948
v -0.6525141003 0.3880553132 -0.3454577041
v -0.02676678932 -0.1584007279 0.7919075335
v 0.2151736154 -0.5791528244 0.5217553074
v 0.1379436332 -0.342811049 -0.7307984175
v 0.2520967236 -0.3810002979 -0.6725698593
v 0.5736680173 0.266866533 0.4636965216
v 0.4630485436 0.3632206867 -0.5362177565
v 0.1638367667 -0.7609034378 0.03911035425
v -0.4442526822 -0.6647511216 -0.1069524484
v 0.4702717221 0.5891994632 0.3541306975
v 0.2385856346 0.2598250471 0.7042249428
v 0.05710862896 -0.3829011705 0.6832235901
v 0.02962454799 -0.08398732963 -0.8087867283
v 0.4242998534 -0.3567663265 -0.5825139718
v 0.1633878101 -0.7631159322 0.1096702444
v 0.1806195724 -0.6300931799 0.5244081908
v -0.8114562104 0.03512981108 0.1598052017
v 0.6213652048 0.209802422 -0.4690473166
v 0.3259172819 -0.7420421647 -0.1444581006
v -0.5601572114 -0.5774814441 -0.1672988627
v -0.5509223927 -0.5778538884 -0.03010305346
v -0.1954530651 0.7714874954 0.011679329
v 0.2889053837 -0.7580144167 0.1465568621
v -0.07812484834 -0.08545798994 0.8022543807
v 0.04403843931 -0.13250302 0.8006129199
v 0.347371957 -0.3094456362 -0.7128135716
v 0.7905649996 -0.1008136959 0.04059522185
v 0.3106667934 -0.7301247815 -0.03345267187
v 0.4395997806 -0.3830801809 -0.5444460995
v 0.08924938679 0.2493384812 0.7305805176
v -0.2426380896 0.7439915819 0.01455426196
v 0.3430585108 -0.3112361581 -0.7138193321
v -0.3274817983 0.7489427249 -0.09256055907
v 0.0285115082 -0.2565798527 0.7331957334
v 0.3016558942 -0.5101924586 0.5591244816
v 0.1906198568 -0.5977187168 0.556090333
v 0.3149814315 -0.3554960286 -0.6859290412
v 0.05229289108 0.3912735383 0.7036565913
v 0.1011877792 -0.4171502221 -0.6981569437
v -0.7798414169 0.2180625023 -0.007849056708
v -0.8130228724 -0.05147616883 0.1461813781
v 0.3608848191 -0.5819009495 0.4089067108
v -0.4394545041 -0.3116178405 -0.6410207457
v 0.01175018576 -0.225649036 -0.7544572429
v 0.786183281 -0.1850567495 0.005579038422
v 0.5085368724 0.3354961452 0.4918146061
v -0.005350828098 -0.09559928199 -0.8185042524
v 0.3893917976 -0.7116755274 -0.1369979948
v 0.5261148845 -0.4939741155 0.3591506495
v -0.2127364863 0.5955320891 -0.5371962796
v 0.02312000593 -0.1230291506 -0.8128032739
v -0.4296850976 -0.3292506256 -0.6387631933
v -0.7701327733 0.08367966376 0.2266929111
v 0.219749647 0.286146292 0.6974744569
v -0.2922849774 0.7540954969 -0.03631729764
v -0.01829520316 0.4286241767 0.6814676961
v 0.3889246777 -0.4987218118 0.4879992721
v -0.1736076782 0.6123593121 -0.5201059794
v -0.4341324068 -0.333468532 -0.5914814221
v 0.7070672668 -0.1750440532 0.3491890012
v -0.07874979068 -0.07503816926 0.8255503574
v 0.1318460721 0.1667266818 0.7734883778
v -0.5578672362 -0.5789236004 -0.169573595
v 0.3699272768 -0.4366107795 -0.5633548147
v 0.3769616107 -0.7187698493 0.01818315958
v -0.05266727612 -0.2038064353 -0.771925113
v -0.04200378575 -0.2126512425 -0.7510827152
v 0.1315649658 -0.148648099 0.7925416841
v -0.2375865493 0.7449260005 0.01615930491
v -0.02584873856 0.2341570698 0.772708444
v -0.02052863598 -0.265205404 0.7500164004
v 0.111385744 -0.4109820045 -0.7019440269
v -0.5829486093 -0.5590773077 -0.03572324332
v 0.4753890317 -0.5476204585 0.3402454507
v -0.2237839089 0.5701795332 -0.5248520963
v 0.2919175396 -0.3279387562 -0.7018693474
v 0.08542022549 -0.3680926504 0.6884458564
v 0.4133407588 -0.7080510943 -0.1024895835
v 0.539759315 0.2609048316 -0.5389154596
v -0.6041087977 -0.541291647 0.1052220561
v -0.05407734494 0.2456024608 0.772796653
v 0.426455161 -0.7245918171 -0.07379819318
v 0.2101946686 -0.6264193378 0.5000302839
v 0.02894126595 -0.1163495075 -0.7968884173
v -0.4468021585 -0.6444760025 -0.1618109266
v 0.07529939135 0.3610775675 0.7111899314
v 0.7428749046 -0.01028579098 0.2587700863
v 0.1033999011 -0.1295211412 -0.8033241523
v -0.7014230281 -0.08546619247 0.4261481582
v -0.6881107519 0.02222729102 0.4151883186
v 0.7698870995 -0.04509707677 0.2100372336
v 0.08130082405 -0.268389627 0.7275174032
v -0.2981749495 0.6801838092 -0.3106459033
v 0.4281505305 -0.3506286245 -0.6150656275
v 0.4142508008 0.4066698398 -0.5224594888
v -0.4047020656 -0.3563497182 -0.6113657995
v 0.07905192115 0.3450912795 0.7164499249
v -0.6846638094 -0.04628805369 0.4463932386
v 0.08868532649 0.2149759946 0.7624166679
v 0.8014020619 -0.09165687206 0.008701812195
v 0.3353253 0.3400632218 -0.6511058269
v -0.6651246983 -0.004116488927 0.4302122055
v 0.1419494954 -0.1165441929 -0.8138713767
v -0.5057767675 -0.2747638244 -0.5832291197
v -0.001025123752 0.4031847529 0.7073608297
v -0.01714106315 -0.1686633594 -0.7708671424
v -0.6498794547 -0.02836316783 0.4697763217
v -0.5516100051 -0.5773811362 -0.02835079325
v 0.03861354952 -0.2815756691 -0.7381273871
v 0.3823832112 -0.7326016642 -0.09281014413
v 0.6110113844 0.4704282333 -0.2799601346
v -0.1340671639 -0.1001527771 0.7976313986
v -0.5761031796 -0.5619605475 -0.00413273615
v 0.5252141403 -0.5299265828 0.3139298977
v 0.4246426762 -0.7084163865 -0.01728477702
v 0.1614396445 -0.780825006 0.07976104192
v -0.7603278746 0.04165526365 0.2204499096
v 0.5257643732 -0.4674650393 0.3934915756
v 0.04986357709 0.2818048633 0.7439188989
v 0.1046559991 -0.2325412224 -0.785193404
v -0.61887521 -0.5313775004 0.1364244132
v 0.7923701833 -0.0524452489 0.1281975305
v 0.1502458725 -0.1858047373 0.777636462
v -0.05205021596 0.358492003 0.7121206547
v -0.5126416866 -0.2429043107 -0.6019974754
v 0.1563835895 -0.2338962426 -0.7732777492
v 0.4587767881 0.5520865121 0.368440867
v 0.6506506271 0.4021165309 -0.2931611066
v -0.02903285534 -0.16424518 0.7896675632
v 0.1517596688 -0.2036922405 0.7514023533
v 0.7730121986 -0.05184127852 0.1302080234
v -0.0361439902 -0.2253876723 0.7466918776
v 0.1387087711 -0.3496014077 -0.728438948
v 0.1525811293 0.1604174938 0.7534313374
v 0.5520413944 0.4777447761 -0.3610189801
v -0.8013984859 -0.08045096385 0.2210740176
v -0.0490244897 -0.1314182737 -0.7988584563
v 0.2184920291 -0.5958969641 0.4970180684
v -0.0004210871986 -0.2946030245 -0.7274885565
v -0.1839673395 0.7617377869 -0.1956320607
v -0.4695462931 -0.6520906378 -0.1697111682
v 0.1630834744 -0.7631476397 0.1087538475
v 0.3440052369 -0.2960854708 -0.7005304193
v 0.3807526872 0.3538512004 -0.624417621
v -0.6646146362 -0.01391760996 0.4347106222
v 0.1703896319 -0.3047012775 0.7115286417
v 0.1357873273 -0.1475276221 0.7736861923
v 0.2563369504 -0.740297118 -0.04698912838
v 0.4898154819 0.3818273162 0.5105105769
v 0.506057248 0.3637880549 0.4702252634
v 0.1163410964 -0.1363370536 0.7976616162
v 0.4118944305 0.3151080829 -0.6233769345
v 0.5105735449 -0.4486883394 0.398518769
v 0.4930745633 0.3145228941 0.5313741926
v 0.7567932596 -0.05968705999 0.2464745371
v 0.4552093927 -0.4594618377 0.4731514454
v 0.7213907272 -0.02657306867 0.3231078276
v 0.3744619307 -0.3818388787 0.6181252255
v -0.5210299977 -0.6147153248 0.01461697392
v -0.2056408382 0.7562611452 -0.1538020033
v 0.5891896887 -0.3347215457 -0.4649061461
v -0.4136093789 -0.6609043781 -0.07444993345
v -0.6828265009 -0.08453125238 0.4226126193
v -0.5360479841 -0.6007880297 0.1497230707
v -0.6136096736 -0.5361786287 0.09125702637
v -0.7924649483 -0.1248912455 0.2139124513
v 0.1989408937 0.26261829 0.728416717
v -0.4089669074 -0.3914707866 -0.5745628909
v 0.0437277487 0.3970963405 0.702826891
v 0.5826340372 0.2766213374 0.476970862
v 0.7094049225 -0.1512123562 0.3553112071
v 0.7859876717 -0.05086548966 0.08607983305
v 0.7021353747 -0.1491229371 0.3165528914
v -0.6428322173 -0.5221805281 0.001836456339
v -0.2100458459 0.605780476 -0.4927111187
v 0.5686821867 0.2230636056 -0.5393700335
v 0.3026263414 -0.5300195002 0.5327430997
v 0.3944316562 -0.4910325863 0.4924436311
v -0.001830072204 -0.2208540019 -0.7733834211
v 0.2613908747 0.156993438 -0.7971810563
v 0.08992366355 0.3982361727 0.6762131263
v 0.4012311636 -0.5774398428 0.3409500195
v 0.2393731972 0.2052255262 0.7240049
v 0.3430164923 -0.7277467762 0.09675925914
v 0.4912834155 0.3980560298 0.4941913896
v -0.745297372 0.6624572128 0.07258487347
v 0.2327884905 -0.7632602849 -0.04210910378
v 0.4088293492 -0.453685524 -0.4905387951
v 0.1162075388 0.3112589256 0.7231735309
v 0.2732911227 -0.3473524974 -0.6938742216
v 0.2987356424 -0.425961191 -0.5937598943
v 0.09248018763 -0.3765877061 -0.7308547401
v 0.7822908834 -0.06871785087 0.1532469427
v 0.1703572538 -0.6174179747 0.5167630996
v -0.7015389513 0.08069848524 0.3672331498
v 0.161899061 -0.1393657339 -0.8085640603
v 0.1883466294 -0.1882539057 0.7759135272
v -0.7811637164 0.0770043417 0.2066183183
v 0.7905739993 -0.01965852461 0.1538906295
v 0.3550305478 -0.7451378807 0.1465700189
v 0.4470872879 0.4275264524 -0.5027644626
v 0.6177257523 0.2722858092 0.4330181731
v 0.09187059244 0.2595247792 0.7264726042
v -0.06330243385 -0.3103537113 -0.7314864471
v 0.08470806508 -0.4145862927 0.6894876753
v 0.4191379328 0.3852668682 -0.5340124738
v 0.3488041302 -0.650849276 -0.3512643843
v 0.7170675363 -0.0723917451 0.3107475522
v -0.2298444729 0.5905121669 -0.4928206646
v -0.2152624054 0.5753004784 -0.5266650877
v 0.1416845408 -0.1565717784 0.7700310648
v 0.2144658729 -0.7536925967 0.1270502632
v -0.1529581926 0.5799441419 0.5290275372
v -0.01646391066 0.226449383 0.7548737321
v 0.3692214564 -0.5056561954 0.4644919515
v 0.1007531789 -0.2854136513 -0.7461059438
v -0.3306785075 0.748028809 -0.08286925917
v 0.1262967325 -0.3133494473 -0.7397787416
v -0.4766561707 -0.2679189609 -0.6289256334
v -0.05572586468 -0.1554813701 -0.7698488657
v -0.6187080302 -0.5375412182 -0.02665310113
v 0.06490227851 0.3790919456 0.7061934322
v 0.3867772672 -0.5417008649 0.400999496
v 0.5567757104 0.2356076894 -0.5415026035
v 0.2650908218 -0.381407698 -0.6920679651
v 0.5919350126 0.2631207232 0.4421308106
v -0.6817884368 -0.03004367634 0.4465038574
v -0.07317608931 0.2523877534 0.7539779943
v -0.00707062739 -0.09105387764 -0.8006735337
v -0.603388703 -0.5663300481 0.00283324628
v -0.4977580101 -0.6151260327 -0.1848676814
v 0.3460480185 -0.7269655908 0.09042229728
v 0.195621869 -0.776373793 0.1529857579
v -0.7952437082 -0.02601198281 0.1733434984
v -0.4169242464 0.660970654 -0.2185126211
v 0.3202857083 -0.4444170309 -0.5884491807
v 0.4038512071 0.3400778836 -0.5836180137
v 0.3254985577 -0.7275047976 -0.02454313474
v 0.5730313635 0.4457347411 -0.364826268
v -0.1951881255 0.6860634108 -0.4383663755
v -0.06262735248 0.3335702404 0.7420269963
v 0.6176460067 0.4667238161 -0.276259651
v 0.716636147 -0.203187304 0.2994765974
v 0.5518959689 0.2611347112 -0.4982025712
v -0.01962966114 -0.2375899316 -0.7453696377
v -0.04433522434 -0.4022360599 -0.7008599512
v 0.2247542369 -0.7712837805 0.1723473336
v 0.4771161982 0.3777733712 0.4972885658
v 0.5649914181 0.4301793954 -0.3846372174
v -0.02169766311 -0.3669117832 -0.6979230708
v -0.5530912594 -0.5984597314 -0.05935052507
v 0.1573665379 -0.1249070396 0.8013074459
v -0.412629634 -0.3269431278 -0.6265222979
v -0.01202544287 -0.3774691696 -0.6955348142
v 0.5505345714 -0.4358534046 0.4096680492
v 0.4240660402 -0.3880776039 -0.5782555072
v 0.3908350863 -0.5453388274 0.3923428033
v 0.6745979791 0.1994152103 -0.4531583266
v -0.5494090137 -0.5036294762 -0.3218324935
v 0.09824404479 -0.3613831995 -0.7180382815
v -0.02993977569 0.2744475238 0.7586419219
v 0.3688745212 -0.7390543854 0.03409374736
v -0.2878449395 0.6793307455 -0.3558873365
v 0.5581205985 -0.3856048634 -0.4621810267
v -0.7540439424 -0.01870046506 -0.302629381
v 0.5517020285 -0.4529383705 0.3526153815
v 0.03310592289 0.3950732867 0.6859392329
v 0.1058487566 -0.3473787216 0.6961357673
v 0.002764083248 -0.1913159176 0.7592342925
v 0.3729156223 -0.3020524469 -0.7034670613
v 0.03052435538 0.2687888916 0.7323529806
v -0.626173664 -0.5515387228 0.03736031229
v 0.08727060137 -0.08802935457 0.7979273157
v -0.4436258624 0.07791480829 0.8926901626
v -0.2154020199 0.7480366763 0.05616002543
v 0.4493468369 -0.3117012516 -0.6132897673
v 0.290309336 -0.4196214428 -0.6347701302
v 0.02275588337 -0.09767054524 0.7954527574
v 0.1498560546 0.2779092771 0.7110228112
v -0.6585331673 -0.5330699793 0.01814936416
v 0.4312354291 0.3145936699 -0.6047254556
v -0.3061446854 0.6755357354 -0.3087690797
v -0.1169239309 0.7702874965 -0.04649371682
v 0.2671935617 -0.7392540475 -0.01142517425
v 0.2151603393 -0.6008529944 0.4939393087
v -0.2900008729 0.7364264747 -0.04018229755
v 0.2087841454 0.2203636377 0.7423311383
v 0.5124422629 -0.4503454752 0.3945555659
v 0.7772244131 -0.08344780988 0.1619418096
v 0.01151617323 -0.4257410263 0.6865954358
v 0.1019280264 -0.1299422792 0.8004517598
v 0.4173884458 0.3056550961 -0.5966087446
v 0.07558499009 -0.08783801421 -0.8143190966
v 0.3923734381 -0.5370446258 0.4354605769
v -0.5426004172 -0.6040859707 -0.04340974957
v -0.007535282238 -0.1400758455 -0.8019640064
v -0.6664389517 -0.036362948 0.438927128
v -0.007728977282 -0.3807479191 -0.6949880977
v -0.04083623932 -0.116212508 -0.7864083627
v -0.5550001482 -0.5884040928 0.1806146255
v -0.07064201232 -0.3345560943 -0.7215576983
v -0.3185358638 0.7298282684 -0.005429242497
v 0.6219261659 0.435990188 -0.295544923
v -0.4452681576 -0.4258934549 -0.5322530634
v -0.5878357413 -0.5695022913 0.1654573673
v 0.7720820713 -0.2397461034 0.02163327395
v -0.09427094053 -0.1115421063 0.7923784976
v 0.1841733341 0.3143436751 0.7117938049
v 0.3525017231 -0.293307456 -0.6977582751
v -0.4229599718 -0.3463800834 -0.632804144
v 0.1725491711 -0.6186219073 0.5130631524
v -0.01911534687 -0.1014878535 -0.814280833
v 0.1695027597 -0.6168068895 0.5183872166
v -0.6729051426 -0.06324591756 0.4762932923
v -0.6622315648 -0.5285130944 0.08172791467
v 0.4575294662 -0.329233401 -0.5892769738
v -0.4532600947 -0.3311467598 -0.6049859103
v 0.1613371166 -0.1487540689 -0.8242853342
v 0.1639336326 -0.7794874488 0.05147771472
v 0.4241492724 0.3068973221 -0.5890016189
v -0.1272660323 -0.1077996415 0.7945045711
v 0.607747237 0.2111818487 -0.4814019896
v 0.4999926461 -0.5074077386 0.3336220334
v 0.03993569624 -0.2620034499 0.7308454424
v 0.7714565031 -0.02033168386 0.1543124827
v 0.354266885 -0.3193291183 -0.6690889444
v 0.02790306405 -0.2842418434 -0.7355392896
v 0.1897072223 -0.2136539485 0.7467446837
v -0.5596568642 -0.5988669228 -0.1749632646
v 0.7028772237 -0.1424731614 0.3179525525
v -0.2453913255 0.5823886615 -0.487949446
v -0.6531532574 -0.04879440521 0.4703340643
v -0.8121242738 -0.04965974668 0.1883892439
v 0.1291831907 -0.2047432379 -0.7990264109
v 0.403653333 0.4334951867 -0.5123831689
v -0.157504409 0.6824698508 -0.4800299237
v 0.2658674776 -0.7625720765 0.1489235134
v -0.476300057 -0.2770003676 -0.5838928918
v 0.1800835542 0.2698982678 0.7093812908
v 0.769550058 -0.03922023917 0.2146945754
v -0.05498634759 -0.294553705 -0.7192721932
v -0.5570786604 0.4127161145 -0.4330138223
v -0.2241589608 0.7524113621 -0.1455948335
v 0.5430849106 0.230322753 -0.5304384628
v 0.08209956181 -0.2422928977 -0.7782352099
v -0.1332143832 -0.07651958748 0.8260648896
v 0.4968062478 -0.4089487292 0.4630234816
v 0.2197703135 -0.7492554494 0.01401990046
v 0.5777786724 0.4512390375 -0.3559429141
v -0.009537900926 -0.1296110338 0.8028197522
v 0.04882497661 -0.1237588262 0.7847273867
v 0.2091097436 -0.5884395552 0.5498040168
v 0.08836786376 0.1479190641 0.7869034055
v 0.2558714993 0.7523083722 0.01743489982
v -0.5460495053 -0.5840278574 -0.1184438958
v -0.02085819577 -0.3828280107 0.6848179664
v 0.08813067563 -0.3836252882 -0.7276333264
v 0.4291631451 0.3086357829 -0.5827352689
v -0.01298472609 -0.2675936905 0.7297221494
v -0.2470453174 0.7601011538 0.05647161749
v -0.8112485023 -0.03088863439 0.1425193668
v 0.5533372908 -0.4128706887 -0.4652506973
v -0.113565309 -0.05310853307 0.8156163638
v -0.5780310214 -0.5630933766 -0.06532516729
v -0.3079450713 0.7354003903 -0.1219957279
v 0.163987154 -0.7809134534 0.09917039494
v -0.5993192916 -0.5478170214 0.00610250372
v 0.663320051 0.3479689168 -0.3220885974
v 0.6946866079 -0.1314004829 0.3527613732
v 0.5445669398 0.3826885452 -0.412475626
v 0.1669209053 0.07407713155 -0.827704026
v 0.549655343 -0.4361975982 0.3760973718
v 0.5254675025 0.3317804933 0.5061314806
v 0.7177923395 -0.03447902069 0.3308034304
v -0.8053814764 0.00175153418 0.142923757
v -0.1289100858 -0.06215063317 0.8123885728
v 0.09711723539 -0.3589787017 -0.7379724851
v 0.2991506714 -0.3521825319 -0.6714055015
v -0.5978485866 -0.5697254956 -0.0001566486581
v 0.08792697559 0.2250489769 0.7588600006
v 0.7226370954 -0.05948946902 0.2992321156
v 0.3685705878 -0.3029173414 -0.7054717283
v 0.7838669623 -0.1956749285 0.007243663833
v 0.2994210496 -0.4735848612 0.5742754967
v 0.7169397526 -0.1842907473 0.3096716119
v -0.3199499184 0.4400608213 0.5932777849
v 0.1763659801 -0.6262639589 0.5335026501
v 0.0139347172 -0.1632146554 0.7892077444
v 0.5932880064 0.4894111513 -0.3114835901
v -0.09660336626 0.300354455 0.7592592056
v 0.422346443 -0.3644953951 -0.5756625224
v -0.0106337506 -0.3052254352 -0.7413036831
v -0.5856710466 -0.5597201004 -0.09640769741
v 0.7697761231 -0.2101299573 0.04719662051
v 0.784549151 -0.0310518954 0.1678721909
v 0.8001791763 -0.0515931276 0.1017976799
v 0.3692420782 -0.6265468831 -0.3632062336
v -0.1573501179 0.6891086451 -0.4716688501
v -0.05619478749 -0.1595502153 -0.768295137
v -0.5548290348 -0.5898715794 0.1438806599
v -0.1250679762 -0.06515227333 0.8303464197
v -0.05727156962 0.3013507688 0.7529612672
v 0.3968999267 0.3074067882 -0.6154442106
v -0.5836971336 -0.5802640184 -0.05795125141
v 0.3586722353 -0.4573297147 -0.5490305199
v 0.3936326204 -0.4267793586 -0.5291629498
v -0.03757897953 -0.2164455076 0.7502174929
v 0.3495041097 -0.7253076802 0.05772146866
v -0.3971524545 -0.6920308637 -0.08968873279
v -0.2580999666 0.5773723749 -0.4818849037
v 0.1328771927 -0.2477750227 0.7345430055
v -0.6155303633 -0.5604353675 -0.03220726468
v 0.2017925898 -0.5761667139 0.5387460746
v 0.3881003713 -0.7151750973 -0.02915213296
v 0.1802256272 0.3154301348 0.7119935862
v 0.2149465221 -0.7487317983 -0.03455663933
v 0.3376082423 0.5933200119 -0.4552099887
v -0.812010377 -0.07956176724 0.1581584514
v 0.1963648653 -0.5771409457 0.5428352734
v -0.2447322171 0.6784703509 -0.3653948579
v -0.09875290747 0.4045841159 -0.6931565109
v -0.1106576777 -0.1137223641 0.7918549658
v 0.6569970208 0.2375906319 -0.4412997097
v -0.5636895616 -0.5693240854 -0.004255440332
v 0.3333261759 -0.7454963188 0.01813564671
v 0.4787653176 -0.549979928 0.2999047682
v -0.07667809534 -0.8230359561 -0.05834049191
v 0.05352543944 -0.08829886114 0.7984996009
v 0.6995776736 0.3825537286 -0.2885278733
v 0.3388660241 -0.3131321434 -0.714632523
v 0.807177124 -0.0635595733 0.07056678888
v 0.129729937 -0.3191752295 -0.738173518
v 0.3432516466 -0.3221580619 -0.6734989138
v 0.7592233558 -0.08414261161 0.1585040754
v 0.546332191 -0.503205835 0.3274262505
v -0.06416215051 0.3066667571 0.7328358649
v 0.8190062983 -0.08777266213 0.01540413241
v 0.1517220012 -0.1952914134 0.7738970593
v 0.06760568087 0.3656747722 0.691447761
v 0.08845166969 -0.2400690196 -0.7800043352
v 0.5567109245 0.2874631677 -0.5019161669
v 0.2855664971 0.3935947144 -0.6591708642
v 0.4979283189 0.3399153229 0.5364487089
v 0.5191959672 0.3754194147 0.476162618
v 0.3845230524 -0.3194968344 -0.6485917534
v 0.519937399 0.372760154 -0.4729058909
v -0.5258365496 -0.5969642325 -0.1440906478
v -0.5203224786 -0.5960268339 -0.03098483539
v -0.01262310861 -0.1334794421 0.8013690134
v -0.2531268608 -0.7757803496 -0.04582903948
v -0.4545229127 -0.2663891618 -0.6229132417
v -0.731954759 -0.2483529551 -0.2985333281
v 0.1059249709 0.3668472059 0.6852383296
v -0.1985363842 0.6894900295 -0.43068013
v 0.1053128502 -0.09588726476 -0.8158714545
v 0.06461270888 -0.1234572023 -0.8189088811
v 0.3823889329 -0.5095522882 0.4805382574
v 0.7636609203 -0.07019903813 0.1515084968
v 0.7571009776 -0.1245321219 0.206839675
v 0.09687745463 0.1831136201 0.7535650216
v 0.552590793 -0.4923632596 0.3351753448
v -0.06227530277 0.2513335078 0.7719450196
v -0.8052889762 0.004168343332 0.183280189
v 0.3019259148 -0.3491799419 -0.67271302
v -0.03799058517 -0.2116336959 0.7521074287
v -0.2808211848 0.7556681786 -0.01449373194
v 0.5666567191 0.4813907549 -0.3152532998
v -0.4540863382 -0.2998860835 -0.5939459079
v 0.4874835181 0.4118560477 0.4530978618
v -0.7871628172 -0.08100313383 0.2091957771
v 0.1291457168 -0.1555248339 -0.7977317661
v 0.4368162229 -0.4719938821 0.4751710424
v 0.8085767851 -0.0886487317 0.05081923957
v -0.199744474 0.6447024253 -0.486921961
v 0.6572120599 0.263523832 -0.3926723352
v 0.2367687542 -0.7498108676 0.1423713635
v -0.01476734257 -0.09446801745 -0.7982676353
v 0.2353844552 -0.7627268593 -0.04303432524
v 0.7949252621 -0.01412118613 0.1421916378
v 0.6605029679 0.1881572186 -0.447059365
v 0.1385507102 -0.3603020144 -0.7245149621
v -0.0775772676 -0.07560348118 0.8060969521
v 0.7423948216 -0.1012305874 0.206323623
v -0.05411177548 -0.2002017151 -0.7730209301
v -0.0231406799 -0.4089750131 -0.6823743408
v -0.008484369562 -0.3038081323 -0.7421445883
v -0.7533282581 0.04447162037 0.2336892794
v -0.02951175008 -0.3450342119 -0.7047176612
v 0.4441262991 -0.4436616526 0.5043152708
v 0.1115324957 0.3541734312 0.7082388065
v -0.01638254463 -0.1808690904 -0.766532985
v -0.7375286094 -0.01107687006 -0.2899510468
v -0.06572930422 0.3190973314 0.7285420571
v 0.4171750458 -0.5622174262 0.3787837805
v 0.4885149367 -0.4391576632 0.4324376332
v 0.1708333287 -0.1782308837 -0.8149748823
v 0.06195102323 -0.422100203 0.6870063821
v 0.3026683002 -0.4670309381 -0.5477412392
v 0.07584256164 0.3040942749 0.73187552
v 0.3409042462 0.3530920673 -0.6642363808
v -0.09827675063 0.3335926503 0.7473980854
v 0.37390389 -0.5345899145 0.4567748329
v -0.02475749397 -0.3199786161 -0.7337951965
v 0.4147504328 0.3496217911 -0.5655881693
v -0.6033193279 -0.5677750652 -0.03491704058
v 0.5149438799 -0.4861293025 0.3462046489
v -0.1945300303 0.7093763738 -0.3751303517
v 0.3097733502 -0.7536717365 0.1372948953
v 0.4165549609 -0.5890412235 0.3449938623
v 0.4373366257 -0.5475184819 0.3438097171
v 0.6749359147 0.4343865141 -0.2731594351
v 0.8081998707 -0.09546946438 0.04806045705
v 0.3675124681 -0.5445135376 0.4503348961
v 0.3538187181 -0.7430598453 0.06973935342
v 0.07086173002 0.1664831983 0.7827792211
v 0.5267463531 0.3002973874 0.4980819097
v 0.7293163586 -0.01435848788 0.3030652105
v -0.09695674581 -0.1192437809 0.8086294422
v 0.5464766034 0.4716676581 -0.3711453347
v 0.2104866223 0.1593231817 0.7450926736
v 0.1279906418 -0.1142504406 -0.8318287468
v 0.5069239603 0.3702881288 0.4633094752
v -0.133762262 0.7834780682 0.01204055907
v 0.3481282591 0.3761727964 -0.6394747651
v -0.1047619989 -0.05912992081 0.8322936913
v 0.05674610072 -0.2730590081 0.7453933588
v -0.1342249267 -0.1057085536 0.8146708595
v 0.6305542503 0.2411124924 0.4430597161
v 0.5705506067 0.2339148081 -0.5006467332
v 0.2429592476 -0.7014999129 -0.3688530947
v -0.04718774746 0.2416992308 0.773179587
v -0.1401050349 0.4176230041 -0.6872292288
v 0.2878486646 -0.3317406503 -0.7005865035
v -0.6208337461 -0.5328583971 0.06538203373
v 0.4343267942 -0.4507780863 -0.4764855341
v -0.4474932575 -0.642543631 -0.1208669368
v 0.1095215929 -0.09216054948 0.7958649553
v 0.7521230738 -0.01289027679 0.2904043692
v -0.66417532 0.01556246146 0.4662153036
v -0.1277254339 -0.06768226767 0.8294104515
v -0.1781070485 0.6308851529 -0.5259161462
v 0.0353411996 -0.09254983841 0.797202453
v 0.05556806458 0.1944345054 0.75567244
v -0.5022757672 -0.2593470799 -0.5640992861
v -0.7713719894 -0.09529081896 0.2463524601
v 0.125021294 -0.2110165761 -0.7768840042
v 0.3649221654 -0.5326396628 0.4341160762
v 0.2102926968 0.2348134962 0.736837272
v 0.1880240708 0.313096681 0.7116672132
v 0.3082269226 0.3654516871 -0.6583764475
v 0.7204875989 -0.06379734254 0.3040759179
v -0.7915210533 0.03189688325 0.2014856466
v 0.3165213329 -0.4430348924 -0.5924371181
v 0.2173653389 -0.7498227878 0.01730802126
v 0.2994294533 -0.3728285458 -0.6780673017
v 0.4522489403 -0.4443427089 0.4614585778
v -0.549937254 -0.5801567969 -0.07632394098
v 0.1805203374 0.1793349703 0.7615488232
v 0.5285880124 0.4026896207 0.4052214254
v 0.07925139699 -0.4168061775 0.6887291977
v 0.3600503209 -0.318478528 -0.6661031916
v 0.6106117026 0.2651569487 0.414905156
v -0.6685343904 0.04022702782 0.4486409867
v 0.1074882953 -0.2307853731 -0.7862607916
v 0.3604601944 -0.4406703867 -0.5654251616
v 0.7584819836 -0.06511965689 0.2374241525
v -0.7449756478 0.0844564834 0.23655449
v -0.5871867501 -0.4589497789 -0.3098185275
v -0.01319940102 0.2687794151 0.7581816859
v 0.1957131325 0.1453749668 0.752405253
v 0.5528691875 -0.438256323 0.4042901657
v 0.2803488498 -0.3875034413 -0.6467272075
v 0.2102141431 -0.7724579724 0.117318785
v -0.4047618748 0.5863247463 0.381860037
v -0.03777003306 -0.2076567698 0.7728670413
v 0.7809679283 -0.04791220423 0.1051328712
v -0.1991736937 0.7512994528 0.05265144098
v 0.0557749309 -0.4234145755 0.6866164748
v -0.0404144904 0.2814593287 0.7576670345
v 0.764421007 -0.03607484976 0.1691890369
v 0.3398708906 -0.4379814449 0.6141430694
v 0.7861742217 -0.06040057259 0.1448141249
v -0.0827425706 0.3718409038 0.7118869011
v 0.4123479614 0.4123417034 -0.5199962546
v 0.4176857039 -0.3405701549 -0.6327174251
v 0.1917971927 0.3116870964 0.7116116058
v 0.08406494455 -0.121374235 -0.8033756472
v 0.05693980275 0.4246495601 0.6715638604
v -0.2358335608 0.7634474904 0.01779589335
v 0.06720881522 0.1724937723 0.7811399059
v -0.6458502737 -0.5415593135 -0.007952403259
v 0.7927349988 -0.016630107 0.1482461077
v -0.6113654121 0.4484896012 -0.333760724
v 0.7530280497 -0.04535136283 0.2029266556
v 0.3839834284 0.3523148751 -0.6224111064
v 0.3676773532 -0.7153418002 -0.1556696485
v 0.1330262539 -0.2738203465 0.724354994
v -0.6957301553 -0.1144303749 0.4479531359
v 0.4581608454 -0.3347101024 -0.5830685556
v -0.0526048035 -0.3851547297 -0.6866098591
v -0.7435341471 -0.1462991937 0.3209744531
v -0.1122308958 -0.1199630636 0.8086549513
v -0.6406495828 0.2556225773 0.4292810352
v 0.7562172195 -0.1307781779 0.2061692574
v 0.1965189627 -0.7560626155 0.08969970676
v 0.7374963059 -0.05291619441 0.251943103
v -0.6841485024 -0.08638977864 0.4205806255
v 0.1028509868 -0.4209573908 -0.7162481767
v -0.4445893661 -0.3039548393 -0.6407909853
v -0.05314016238 0.2374861818 0.7563855019
v 0.5958384363 0.458901413 -0.3323008365
v 0.08643438226 0.2341249152 0.7365498182
v 0.6293420928 0.4300897859 -0.2927541536
v 0.2426608272 0.2178836856 0.7188955173
v 0.1852195784 0.2665871253 0.7098130973
v -0.03217747181 0.2756844156 0.7585287999
v -0.1579473609 0.6787315208 -0.4843878915
v -0.2217059928 0.7661782122 0.01838133724
v 0.4760002361 -0.4344268935 -0.4657676135
v 0.3235857949 -0.4845070034 0.5365006807
v 0.1714220041 -0.1872224722 -0.8117864873
v 0.4022469669 -0.4942241997 -0.4807981459
v 0.1374169424 0.1227859279 0.7694342837
v 0.2094485135 0.2416695348 0.7344660015
v -0.684592527 -0.0958238497 0.4640311195
v 0.3053915123 -0.5383582235 0.5193295024
v 0.2101274242 0.2370751312 0.736037968
v 0.6337976566 0.4721472941 -0.2847946094
v 0.5485334805 0.2238451635 -0.5300263245
v 0.3313636465 -0.5118352306 0.4938038365
v 0.07374955907 -0.2995310723 -0.7368853697
v 0.309353434 -0.439636584 -0.6008403293
v 0.04594638194 -0.2799823954 -0.7398146807
v -0.1888585243 0.7607733296 -0.1952021912
v 0.6942946742 0.3439824993 -0.2946364009
v 0.4636113523 -0.455536481 0.469921479
v -0.6611713889 -0.07985041306 0.4649960536
v -0.1110039648 -0.05272308093 0.8157156584
v 0.6275039499 0.4604826772 -0.2713248087
v 0.1104405973 -0.2244296072 -0.7697949271
v -0.8072280826 -0.1003060103 0.1752091022
v 0.3838908388 -0.5204472227 0.4310949504
v -0.4596091406 -0.390689929 -0.5062885879
v 0.3388322603 -0.4753609896 0.5672277825
v 0.1622751112 -0.7809608955 0.0896753897
v -0.7797664394 0.2349724212 0.1536750391
v 0.5719162954 0.4888879472 -0.3329280735
v 0.5322602453 -0.417325001 0.4174096637
v -0.6206149522 -0.5328892107 0.06804174884
v 0.3081433625 0.386910117 -0.6706373091
v -0.1405180821 0.763693641 0.02001931885
v 0.07019759282 -0.3920106491 -0.7026429635
v 0.7424453629 -0.06754916458 0.2261858737
v 0.1445644728 0.1231407826 0.7682264175
v -0.5921397408 -0.5760328509 -0.07875516964
v 0.5640511586 0.2865756251 0.4934883406
v -0.2253667674 0.6824078065 -0.3793886375
v 0.3457687002 -0.3357590137 -0.6860983666
v 0.7773825932 -0.1790538789 0.0394737765
v 0.16942361 -0.5989511981 0.5413637936
v 0.5968940826 0.4487303281 -0.3104521417
v 0.05506459203 -0.3026245831 0.7338655848
v 0.1340040617 -0.3422022584 -0.7496536114
v -0.6207581129 -0.555266861 0.02343920266
v 0.3658171283 -0.7426695804 0.1343598476
v 0.5659192806 0.2700772187 0.4714135806
v 0.3190812989 0.3543143569 -0.6562041835
v 0.288235115 -0.7524027796 -0.04410014458
v 0.1453451665 -0.1195200372 -0.8132991511
v 0.4525672077 -0.3190836531 -0.6319848739
v 0.3339295726 -0.5149894744 0.4872349239
v -0.3054107335 0.5442765655 -0.4778006219
v -0.5351756694 -0.5911482248 -0.1365715821
v 0.400080663 -0.3973081909 -0.5559596289
v 0.2124437727 -0.7510159327 0.02510111392
v -0.2064237669 0.6332379472 -0.4950545854
v 0.4677845284 -0.4542367701 -0.4790174581
v 0.1357428354 0.2817258329 0.7309891395
v 0.1572452506 -0.1421329014 -0.826081101
v 0.2370492199 -0.6798921238 -0.3956441415
v 0.3391883443 0.3846392141 -0.6418041363
v -0.05373571789 -0.1423872173 -0.7941495898
v 0.346346707 -0.7470791922 0.1548799253
v 0.007806999155 -0.2889208202 0.7401734169
v -0.5703735332 -0.5653713124 -0.004514328681
v 0.7293648735 -0.09096502801 0.3223761108
v -0.2401210658 0.7444551555 0.01542115397
v 0.09953716228 -0.34227664 -0.7251973297
v -0.4191001758 -0.3132596291 -0.6297868028
v 0.5979273786 0.2148423104 -0.488272541
v -0.4451764621 -0.3531768194 -0.5965520048
v -0.171444399 0.6415724389 -0.5187638329
v -0.5513587289 -0.6019671685 -0.1260472592
v -0.2424043211 0.5772898281 -0.5314145422
v 0.09733215524 -0.3535239334 -0.7399930654
v 0.7416909978 -0.05900634636 0.2989161727
v -0.1943468776 0.6577305257 -0.4755240867
v 0.1330525973 -0.3260830014 -0.7361572288
v -0.4383189036 -0.3637025578 0.531571113
v 0.5921611374 0.4585341837 -0.3362026212
v 0.2077198421 0.2478838236 0.7324620497
v 0.1654347787 0.2826576588 0.726169237
v -0.4365193522 -0.3762588299 -0.5504675505
v 0.1279890177 -0.1533436745 -0.798352149
v 0.5108633828 0.3280980389 0.4951751575
v 0.06699964683 -0.1261851601 0.8026224145
v 0.05156870624 0.4345004704 0.6880118446
v -0.2304186653 0.7644820381 0.01842190478
v 0.3172089155 -0.4337793625 -0.5730957619
v -0.6297232388 -0.548794114 0.05458091434
v 0.2910532709 0.7319753808 0.03140194849
v 0.4307828815 0.3859828207 -0.5505847254
v -0.08639160391 0.366074752 0.71453895
v 0.1103362441 0.1348638156 0.7883464558
v 0.07263442394 -0.2684494362 0.7276680735
v -0.5114812625 -0.601022737 -0.02439133753
v 0.3738813014 -0.7142741147 -0.1510055421
v 0.005379478304 -0.1249993759 -0.790180069
v -0.05227629603 -0.1384825122 -0.7957929578
v 0.5835912828 0.2405115244 -0.5113479657
v -0.4684609657 -0.5630266239 0.3780315611
v 0.6658668453 -0.01530685487 -0.4217844091
v 0.1724748044 -0.7799717039 0.1227821433
v 0.1867765851 -0.5817019431 0.5464169133
v 0.8035724783 -0.04940248803 0.02635926819
v 0.4217697473 -0.4861254583 0.4718475626
v -0.5076085927 -0.6287290408 -0.1482625276
v 0.8055043133 -0.1763885688 0.009211765379
v 0.668832334 0.4187628064 -0.2625295148
v 0.6060643538 0.4729115827 -0.2829325667
v 0.08117360652 -0.2964158967 0.7165603052
v -0.2007943539 0.6161558123 -0.4885043278
v 0.3376511548 -0.7474404912 0.1106527234
v 0.7139936341 -0.08215313532 0.3155322903
v -0.3185085369 0.6647283542 -0.3444591255
v -0.5314280417 -0.6144985573 -0.145307633
v -0.2510871784 -0.2818938172 -0.713521031
v 0.5381790641 0.4586047807 -0.3893041549
v 0.03376057614 -0.259379741 0.7319954365
v 0.8034669852 -0.06252992781 0.01891370305
v 0.5103957563 0.2888104399 0.530480064
v 0.7681621382 -0.08314175323 0.1933490886
v 0.4276901753 -0.7245554011 -0.06702181826
v -0.4184886138 -0.3826731683 -0.606863628
v 0.02063995318 0.2359559209 0.7650380821
v -0.4684951169 -0.3986692308 -0.524649037
v 0.2940435237 -0.7342012258 -0.005586077349
v -0.06186054575 0.2997079372 0.7350247574
v 0.4176283681 -0.7294248913 0.02960032592
v -0.09142075673 -0.1099416507 0.792947028
v -0.1368006571 0.535401675 0.6155709812
v 0.1678358494 -0.6017713804 0.5393088237
v -0.05602721289 0.4068998982 0.7143062692
v -0.2714187095 0.7374264539 0.04661975724
v 0.3693209894 -0.4819289784 -0.4872421356
v 0.2292776412 -0.6046826921 0.5091364845
v -0.4871917433 -0.2888553489 -0.5961017221
v 0.3471626098 -0.4603682142 0.5782615268
v -0.6469825067 -0.536318571 0.1149205527
v -0.2586006715 0.7633395537 -0.1256397995
v -0.4307248603 -0.3461955598 -0.5848898314
v -0.1542007315 0.3778251045 -0.6832980313
v 0.1165387022 -0.3309257607 0.7023550328
v -0.1917166871 0.668891279 -0.4637993625
v 0.2259066895 -0.7710762511 0.1729078029
v -0.04357000075 -0.2816900129 -0.725683492
v 0.08247121641 -0.271595783 -0.7483832837
v 0.4207515303 -0.5624918275 0.3749141206
v 0.4563310169 0.3321006678 -0.566627783
v 0.5668182368 0.2378873984 -0.5012844003
v 0.3829100509 -0.5291210208 0.4209359644
v -0.4809264661 -0.2642443738 -0.6263533897
v -0.4076000863 -0.3879450819 -0.579535669
v 0.2778279222 -0.7613123577 0.1844323882
v -0.1271934686 -0.06026249657 0.8130924562
v 0.3754350003 -0.5264905472 0.4656557729
v 0.1316927346 -0.3863298454 -0.7332214809
v -0.02057758113 -0.3142148185 -0.7365266931
v 0.2689976428 -0.7619671301 0.1490764338
v 0.6850825037 0.385284361 -0.2721268245
v 0.2491258261 0.18435975 -0.7670273721
v 0.4564263779 -0.4193409623 0.4894128499
v 0.01445119013 -0.3881854512 0.6820138166
v 0.0963347537 -0.3646617106 -0.7357831753
v 0.5991653432 0.4480316002 -0.3087499777
v -0.003090106112 -0.1226349446 0.8054183394
v 0.4966686597 0.343344713 0.5351375548
v -0.2819588117 0.7537192978 0.04285047222
v 0.1243390829 0.3135672279 0.7211053296
v 0.5512706392 -0.4566943721 0.3482228155
v 0.2795161099 -0.7358475738 -0.0448543644
v 0.1851391175 -0.7737808083 -0.0008896539773
v 0.3404494935 -0.7263236325 0.03290820154
v -0.617522395 -0.5543271976 0.1002874
v -0.02731798148 -0.325296452 -0.7122426572
v 0.1763062156 -0.761379468 0.1355424134
v -0.8127615833 -0.07218268101 0.1540251034
v 0.2854347499 -0.4127611428 -0.6166345543
v 0.1209736964 -0.2190156206 -0.7925856694
v 0.07606412696 0.3425136121 0.6986124712
v 0.1240028907 -0.3159787884 0.7080501705
v -0.7008491337 -0.1006461585 0.3916539989
v 0.7741601066 -0.06247715146 0.1849751562
v -0.8099133887 0.03868071942 0.1616886708
v -0.1044015715 -0.1139727687 0.7916314038
v 0.3987022495 -0.5176576751 0.4540982583
v 0.535134843 0.4059872934 0.4274875332
v -0.08924432819 0.07719672507 -0.8021378018
v -0.1082078164 -0.05254669661 0.815728413
v -0.1365386825 -0.09054306304 0.8206477889
v -0.2082365795 0.6306484789 -0.4965924007
v -0.5545933144 -0.5758010045 -0.03341812213
v 0.2471366553 -0.401730289 -0.6540062317
v 0.303413457 -0.3362133791 -0.7140642311
v -0.5867331298 -0.5555628973 -0.001550800326
v 0.4575724681 0.3345661073 -0.5635201468
v -0.1745125348 0.7161076087 -0.42017254
v 0.4280676559 -0.3806307145 -0.5834333114
v 0.1467025111 -0.1095714861 0.7883097418
v -0.00995530831 0.7867837572 0.09669065882
v 0.2902252991 -0.3897424579 -0.6663845065
v 0.2478158938 -0.7431312469 -0.007982103926
v 0.5595755093 0.4208295475 0.3470239191
v 0.07474313872 -0.3900950552 -0.7040270687
v 0.4839557572 -0.4294151068 -0.4657181152
v -0.5541604946 -0.5979080084 -0.06156094832
v 0.1189355339 -0.3125802118 -0.758176143
v 0.7183507378 -0.1596631138 0.3194602694
v 0.2802935405 -0.3879162948 -0.6463283005
v 0.8082468956 -0.07053574441 0.06273087132
v 0.3331636748 -0.3261767532 -0.6760294371
v -0.131836387 -0.07358663331 0.8271841297
v -0.4259157753 -0.6766441878 -0.1344522584
v -0.1780325924 0.773928141 0.043158898
v 0.1758835876 0.1372323444 0.7775926556
v 0.4613447704 -0.5769145229 0.316491324
v -0.1351013688 -0.08222482743 0.8238717655
v -0.003434444062 -0.2962272905 -0.7264417907
v 0.2272302554 -0.6088622455 0.5057902671
v 0.0164593419 -0.2866346595 0.7216848265
v -0.2820546197 0.7355611928 0.03985277315
v 0.2039957269 -0.5897478485 0.5531561943
v 0.02223911429 0.44148769 0.6898909331
v 0.3360408055 -0.7450618303 0.02126125058
v 0.6295409801 0.1882334478 -0.5060752772
v 0.37107888 -0.4503307836 -0.5194352936
v -0.7604921339 -0.1431687603 0.285384447
v 0.4509353426 -0.4618969404 0.474232422
v 0.2913089278 -0.7302282481 -0.1551824134
v 0.5455746671 -0.4286271567 0.3898196109
v 0.4165200945 -0.4930714342 -0.4724298309
v 0.3243979726 -0.4788083195 0.5430100224
v -0.175826371 0.6342925802 -0.523789596
v -0.01146705114 -0.1439686156 -0.7807240128
v -0.05470854163 0.3544381176 0.7139992068
v 0.4287004059 -0.4553145878 0.50454372
v 0.364444973 -0.5277131944 0.4409033357
v 0.7569073948 -0.09276420695 0.1613551755
v -0.5551207799 -0.2106636808 -0.5351003044
v 0.04530827531 -0.2947631714 0.7179268879
v 0.1275767006 -0.3956882162 -0.7291894391
v -0.1552345043 0.77371489 0.1974537538
v 0.04933614881 -0.4244952243 0.6863231205
v 0.478365308 -0.4513157435 0.4608226689
v -0.5070608034 -0.6096629799 -0.1862600712
v 0.8010346241 -0.02452061687 0.04990534595
v 0.4299905806 -0.3541326942 -0.6101288482
v 0.5517172862 0.4151715708 -0.3805972785
v -0.4472480009 -0.3795833229 -0.5704266076
v 0.5250432653 -0.5074772925 0.3088936748
v 0.7917359731 -0.0824229399 0.04750056879
v 0.3408902103 -0.5216082429 0.4719004283
v -0.01781899977 -0.1610153775 -0.7927802654
v -0.07046759109 -0.3582645968 -0.7129428453
v 0.04375867025 -0.4018948464 -0.7142784357
v 0.2195302422 -0.7528433474 0.131597165
v -0.6056574603 0.2396986613 0.4650399197
v 0.3256646348 -0.3467785731 -0.6879615417
v 0.1383681833 -0.2492714007 -0.7649552968
v 0.1206478971 -0.2636130542 0.747803906
v 0.06851188601 -0.432201585 -0.7069678231
v 0.140171281 -0.1599192177 0.787961257
v -0.2884113243 0.5694699878 -0.4622117807
v -0.01883598757 0.1239430815 -0.8044818944
v 0.08651244418 -0.2744181705 -0.7479644105
v 0.09868473181 -0.1289931988 0.8008880364
v -0.3247588245 0.7470096979 -0.01081805621
v -0.6815846623 -0.08264132404 0.424470639
v 0.1411673415 -0.2385224281 0.7379946565
v -0.3319456764 0.746254558 -0.03216011313
v -0.6303610251 -0.5302597503 -0.01661207409
v -0.006830759556 -0.2652388996 -0.7564516586
v 0.5211044388 0.2692336016 -0.5223299767
v 0.7260152588 -0.105902956 0.3250315868
v 0.760177383 -0.0850531378 0.2197245402
v -0.01646446569 -0.3818394151 -0.7124999531
v 0.1738741824 -0.1860835043 -0.7933437893
v 0.5561261232 0.4267822194 -0.3673780389
v -0.2394653696 0.7686646907 -0.1788304064
v -0.2661222703 0.7398964826 -0.00116432811
v 0.7995596278 -0.01065870836 0.1282830425
v -0.4384766665 -0.3788047302 -0.5455552671
v -0.2715553738 0.7390216646 -0.007210845774
v 0.5991283312 0.4794571915 0.2755270103
v 0.4039702891 -0.5084156447 0.4607689986
v 0.5881839281 0.1921602052 -0.5152102649
v 0.2199227123 -0.5893410743 0.5380124505
v 0.1168829331 0.1324437025 0.7882406051
v -0.6300682668 -0.5483715456 0.06044372344
v 0.05758657009 0.2392759439 0.7390254493
v 0.5435491995 0.2885343996 -0.4854709242
v -0.09906136305 0.3163757583 0.7537912059
v 0.3027307616 -0.7551625865 0.1412600205
v -0.03074254581 -0.2478311367 0.7570156593
v -0.439844471 -0.2825999952 -0.6285955056
v 0.001507550411 -0.1277467859 -0.788594454
v 0.4126051679 0.4463881725 -0.5222963023
v -0.1921661652 0.5540313401 0.558719257
v 0.3498733952 -0.4299754421 -0.5551759999
v 0.6202349386 -0.2905926475 -0.4173561125
v 0.1255857864 0.2788117199 0.7335837931
v 0.0406366182 -0.2463996787 -0.7512534113
v 0.167237623 0.165972868 0.7491951634
v 0.7820835328 -0.04819103085 0.1011229412
v -0.02282666097 -0.3748772278 -0.7140774028
v 0.5072882393 0.3409574696 0.4886954968
v 0.5634944888 0.4857856453 -0.3435929794
v 0.560406938 -0.4535775574 0.3772277274
v 0.1910058901 0.2620018705 0.7106110901
v -0.05265530012 -0.2914224968 -0.7207651888
v -0.2784181174 0.7543403363 0.04510069751
v 0.1688336533 -0.5999226883 0.5406981738
v -0.6934450673 -0.09600258452 0.4050705464
v -0.6702813443 -0.0522469241 0.4777447165
v 0.3328274378 -0.5037322277 0.5367497517
v -0.7891772587 0.264973051 -0.01282585317
v -0.155049206 0.4666660035 -0.6485468145
v -0.07096866099 -0.3547692586 -0.7141412351
v -0.7105365595 0.08579822755 0.3061134547
v 0.4356834832 0.3123448787 -0.5734786363
v -0.08466442998 -0.06674056291 0.8289139783
v -0.6611208476 -0.5290256002 0.08565340548
v 0.4254529169 0.3140041899 -0.6108701607
v 0.6942460401 0.2770498957 -0.3458629586
v 0.4370899388 -0.4894318923 -0.4624591531
v 0.2858395275 -0.3708346069 -0.6606451452
v -0.1203655168 0.7681480129 0.002300117765
v 0.6157888512 0.4678011868 -0.2772645473
v 0.7359053268 -0.03468086193 0.3333222124
v -0.2717266659 0.7617880303 -0.1589010006
v -0.5677464569 -0.5618020099 0.1333431951
v -0.6417372942 0.2608956531 0.4252069749
v 0.09494291522 -0.1216432424 0.7846285093
v 0.08262472526 -0.3894299122 -0.7246867907
v -0.1869708384 0.5975309748 -0.5259795017
v 0.1154602364 -0.3958388269 0.6962012684
v 0.05471901271 0.2156460099 0.7480700228
v 0.1508361124 0.1296564346 0.7841332281
v 0.3040877487 -0.7449845879 -0.187905108
v -0.5606769289 -0.5950699459 -0.08912151365
v -0.002932131165 0.4389633056 0.6946091569
v -0.4475140879 -0.2999114137 -0.6403766417
v -0.001351207963 0.4338291886 0.6770139798
v 0.06170689907 -0.08563342437 -0.8130282663
v 0.3569124971 -0.4468336872 0.586028859
v -0.6492199142 -0.5150030633 0.09301450722
v 0.05875992386 0.1963356014 0.7737256479
v 0.2019785885 -0.7735245256 0.09948238186
v 0.2083851341 0.2458841631 0.7330903595
v -0.08388987516 -0.109136111 0.8123196149
v 0.2037694531 -0.7749877209 0.1596438628
v 0.5579184332 0.4825081176 -0.3515897739
v -0.2781930357 0.7406202726 -0.103135468
v -0.4827321266 -0.6225237814 -0.1442678405
v 0.4047838078 -0.7273228965 -0.1232431988
v 0.7975087108 -0.01451156929 0.06800858854
v 0.2703563582 -0.4551729767 -0.6106213877
v 0.198086027 -0.6320725166 0.5046902183
v 0.09732723074 -0.09593944511 0.8138409804
v 0.5253270239 0.3001184663 -0.5231428696
v 0.5025378312 -0.421184201 0.4756888228
v 0.5104717471 0.4315677025 0.4384944573
v -0.5422619452 -0.5885755042 -0.1803525616
v 0.2562099116 -0.4033346485 -0.6748732446
v -0.02534650272 -0.2522150308 0.7359842082
v 0.1154012318 -0.2247523297 -0.7896537955
v 0.08986129895 -0.2951654756 0.7168748177
v 0.06906163472 -0.08709379612 0.7986588538
v 0.7578291184 -0.1188756055 0.2076955549
v -0.0360697241 -0.2799875211 -0.7466638057
v 0.5026076831 -0.504353445 0.3349668916
v -0.2461751631 0.4657550676 -0.6367344476
v -0.734207603 0.08956042755 0.2976709965
v -0.5854290681 -0.5597357158 -0.09296913625
v 0.3030671178 -0.5022497814 0.5679224277
v 0.04346023503 -0.2632403715 0.7302909778
v 0.6359546628 0.2420838038 0.4348497897
v 0.5806335423 0.4902036608 -0.3233383033
v 0.6054750824 0.2118609829 -0.4831201266
v 0.3532394894 -0.7178711315 -0.1650411165
v 0.4190287146 0.3628493153 -0.5512611925
v -0.03817423332 -0.2065473339 0.7541001756
v 0.2800374664 -0.3904300703 -0.6438452789
v -0.6680634859 -0.04554244988 0.4388652626
v 0.01392556664 0.2345105313 0.766578043
v 0.3968159792 -0.4931728447 0.4533596874
v 0.1837070486 -0.1630871995 0.7666393125
v 0.6479507189 0.4072028184 -0.2919305623
v 0.5409388114 -0.5110286553 0.3226987588
v -0.4876405658 -0.6210261369 -0.1822411713
v -0.4722570189 -0.6234516439 -0.002236517846
v -0.08721374982 -0.1132808204 0.8107656478
v 0.557825933 0.2834538934 -0.5038837623
v 0.8017472092 -0.1448743662 0.04090421756
v 0.79908026 -0.206074105 0.01368747891
v 0.1674187046 -0.6026585357 0.5385814577
v -0.4845238405 -0.6150171424 0.02902377556
v 0.5170545168 0.3146524361 0.4986103587
v -0.08410506322 -0.06106831563 0.8119120062
v 0.2295417017 -0.6039147977 0.5098615857
v 0.1383591836 -0.1136686491 -0.8143775648
v 0.08935683182 0.2113072484 0.7636524272
v 0.1660029514 -0.6114066558 0.5287549836
v 0.1661790713 -0.6121111947 0.5276782387
v 0.3037630445 -0.3181081101 -0.7042969404
v 0.1111660785 -0.09818323726 -0.815917943
v 0.1579541553 -0.7631330972 0.07510609907
v 0.5988072626 0.2288936195 -0.5052484974
v 0.2923685673 -0.7573087454 0.1455180083
v -0.4305063346 -0.4134290274 -0.5633555299
v -0.05014211315 -0.3880198807 -0.6859372065
v -0.6507039697 -0.03437115846 0.4702212105
v 0.3801780477 -0.4518705062 -0.5116980597
v 0.1478827822 -0.171337401 0.7641325102
v 0.7588182504 -0.06676418711 0.2352871572
v 0.2439197414 0.2299578035 0.7143051964
v 0.5077031789 0.2921853848 0.5311679744
v -0.7685358341 -0.1405142081 0.2680899849
v -0.329059397 0.7465064302 -0.02188338424
v 0.185030853 -0.7554353785 -0.005406770268
v 0.1851349753 0.2744078 0.726203269
v 0.5578194961 -0.4456972821 0.3898786155
v -0.1573138062 0.6859157205 -0.475798786
v -0.7314156118 0.02675448366 -0.3535604686
v 0.08830318963 0.2343555846 0.7554114489
v 0.3976033928 -0.4869854953 0.494514127
v -0.5824479045 -0.5789915451 -0.003821537079
v 0.3502658653 -0.7253543475 0.06419596641
v -0.05722284983 0.2909462282 0.7375181495
v 0.6988427383 0.04271626651 -0.3752153422
v -0.5466175588 -0.2277449962 -0.5691083014
v 0.6634967073 0.2534478697 -0.4227746436
v 0.7262387612 -0.06242028502 0.3501282176
v 0.0953089599 -0.4094094719 0.6912991767
v -0.05932402886 0.3462067648 0.7369232757
v -0.7169250908 -0.1441070529 0.3743107835
v 0.3508543618 -0.7429904702 0.04826924177
v 0.1855476649 -0.632034849 0.5170709368
v 0.4235645903 -0.3605027195 -0.5790614864
v 0.4829726747 -0.4104771873 0.4746697117
v 0.4956358703 -0.4219563271 0.4814872483
v -0.2063152044 0.7743752053 -0.1543131532
v -0.5695904406 -0.5669255179 -0.03382271724
v 0.133910593 -0.1512910439 0.7914610056
v 0.1382067401 -0.1569110997 0.7891770501
v 0.3859981083 0.3392840033 -0.6018047866
v 0.2685080832 -0.7561449836 -0.04739960533
v -0.1727016891 0.7530221493 0.1664108879
v 0.007080927589 -0.1071723673 0.7920518266
v -0.01174527057 0.3941641984 0.6930382633
v 0.1790628786 -0.5876628399 0.5463593987
v -0.5599679794 -0.5958990501 -0.1001156981
v 0.3385825039 -0.4330392419 -0.559523031
v -0.6951585853 -0.07599455813 0.4355422
v 0.2004320864 0.260824639 0.7288454243
v 0.5925688057 0.2047070157 -0.5298851902
v 0.7301697799 -0.04964992747 0.3441799561
v -0.1964920083 0.5889835897 -0.527577156
v 0.3039600245 -0.649355446 -0.3829594301
v -0.5596888101 -0.5006127906 -0.310495978
v 0.1598032796 0.1625687188 0.7515575533
v 0.3031820576 -0.538133112 0.4877973154
v 0.7009773942 -0.1620750468 0.3128381931
v 0.5023257722 0.3297043353 0.5394717718
v 0.1930000078 0.30404576 0.6949872633
v 0.4756568769 -0.4505201646 -0.4776558222
v 0.5207812842 0.3084937248 0.4989708828
v 0.807901212 -0.09939315973 0.04675538964
v -0.4626400707 -0.6560335767 -0.1656474933
v 0.533778154 0.2924657461 0.4954185962
v 0.3507042279 -0.4037951527 0.6133353021
v -0.0100132038 0.2323226371 0.7709875356
v 0.6831445298 0.2231929539 -0.3979751815
v -0.4880093446 -0.6401132368 -0.1419571541
v 0.001943598938 -0.2152793618 0.7690886597
v -0.5728412971 -0.5693009008 -0.149518134
v 0.4105562177 -0.4761430392 0.4616847323
v 0.7510674276 -0.1186164992 0.1660986998
v -0.8013680896 0.01642919143 0.1459018065
v -0.02956716004 0.2350227093 0.7729540582
v 0.4657155524 -0.3493571048 -0.5911799025
v 0.2679645851 -0.7573193543 -0.01192239432
v 0.5519778602 0.3175576089 -0.4835656115
v -0.03782449313 -0.3837722634 0.7039981624
v 0.2479240392 -0.4154636437 -0.6389723914
v -0.8123811525 -0.04477749077 0.1861427473
v 0.2971818541 -0.6283297762 -0.3810636534
v 0.4181143814 -0.7107018321 0.01638686754
v -0.705978721 -0.1259344054 0.4311749642
v 0.2957818057 -0.7328249281 -0.04004295874
v 0.03380599554 -0.1215483135 -0.8149556313
v -0.02071101017 0.2706119257 0.758647286
v -0.1945202111 0.7211831382 -0.3939902242
v 0.1712357372 -0.1825990432 -0.8134435038
v 0.7284075683 -0.05208112634 0.2837563963
v 0.7799964978 -0.04781909315 0.108535374
v 0.7024640722 -0.08753417768 0.3520579666
v -0.744513147 -0.2660671397 -0.2657984899
v -0.8066686115 -0.00390986241 0.1423055942
v 0.787675621 -0.05787412076 0.1411439483
v 0.09628921882 -0.1259323045 -0.8035591575
v 0.5930108039 0.1895060106 -0.5124868144
v 0.4121578653 -0.3375743892 -0.639594026
v 0.7596669633 -0.09972529165 0.2127551859
v 0.5498938051 -0.4633992039 0.3409785086
v 0.005046347134 -0.2970300513 -0.7466569516
v 0.7838592142 -0.007226860182 0.119373077
v 0.7699788844 -0.05616324386 0.138088716
v 0.2958832161 -0.4239570902 -0.5977923534
v -0.655888032 -0.5349004337 0.01109437868
v 0.6575126854 0.1859178742 -0.4517161405
v 0.6867295074 0.4156045098 -0.2759076795
v -0.5331770817 -0.5871120109 0.003820957835
v 0.706918444 0.3314732223 -0.3203571694
v 0.2479909111 -0.3949568867 -0.6605864982
v 0.3297751409 -0.4506586169 0.6078153307
v 0.05744309649 -0.3894141777 0.6998787461
v 0.06147743294 -0.1165128207 -0.8017388949
v 0.005594277091 0.2681414798 0.7555783902
v 0.2291924123 -0.7693140991 0.1356444646
v -0.1227437679 -0.1104378482 0.7933820529
v -0.2154253684 0.6952810646 -0.4066470425
v -0.5861212697 0.4720204044 -0.3284111508
v -0.6108589856 -0.5423558758 -0.03099894583
v 0.5228098511 0.3387641368 0.503587428
v -0.6142883459 -0.08237928244 -0.6052443386
v 0.4250008164 -0.7246861053 -0.08007163568
v -0.8218119977 -0.1009291125 0.1867942418
v 0.02884597572 -0.2630928301 0.7498509491
v 0.1998951146 -0.6150380026 0.4907624763
v -0.334393027 0.7466386244 -0.06071155375
v -0.6688063481 0.347584761 -0.3133938795
v 0.301372374 -0.5219604826 0.5443116405
v 0.398960946 -0.556636543 0.4038559155
v 0.3156066421 -0.4719602376 0.5944332622
v 0.09867686452 -0.4232146155 -0.7147955903
v 0.7908381493 -0.06391059117 0.06160666572
v 0.1290539468 -0.3927467466 -0.7304844414
v -0.5843355754 -0.5729107914 0.1295997693
v 0.2171985764 -0.580475243 0.5180676976
v 0.1603945029 0.2835133152 0.7266179701
v 0.04225871252 -0.418816894 0.6694769445
v 0.3161568155 -0.5509146446 0.4586441171
v 0.08564388428 -0.423154836 -0.693622707
v 0.1354327334 -0.3488754125 -0.7474370642
v 0.3455550319 -0.525092257 0.4628442029
v 0.4285199352 -0.2970861653 -0.6427134034
v 0.08163528785 -0.2749026342 0.7441725592
v -0.09835686877 -0.113044489 0.7918729651
v -0.4840279931 -0.2917666606 -0.5978407491
v 0.09786349481 -0.2932925558 0.7174465069
v -0.5015725991 -0.5989572178 0.1891032891
v -0.1851706314 0.7736348463 0.006799591223
v 0.0765412076 0.3390273332 0.6998110398
v 0.3981015944 -0.51888217 0.4531186326
v 0.02711362957 -0.0900516857 -0.8254253749
v 0.2168713243 -0.7532926169 0.1293222092
v 0.6409668965 0.2434171294 0.4268488827
v 0.1293354107 0.1606626759 0.7568496119
v 0.1002986497 0.8451889121 -0.5248855322
v -0.06316940526 0.327899986 0.7441753604
v 0.6664119526 0.4223550552 -0.2621661596
v 0.04993488178 -0.1153883282 -0.8004068209
v -0.7505288168 -0.1453725679 0.3064234971
v -0.07779035473 -0.09197101205 0.8189095367
v 0.7469642822 -0.05402362988 0.2837106827
v -0.02835940368 0.2280930639 0.7560696186
v 0.1088748293 -0.4170463681 -0.7185826736
v -0.1583702571 0.6994826702 -0.4233737491
v -0.7834475527 0.05498225004 0.1687290542
v -0.1774182888 -0.0486259366 -0.7904305704
v 0.08575470419 -0.3746056874 0.705101072
v 0.4234712557 -0.4399602154 0.4953839385
v -0.07594528331 0.3840107553 0.725653632
v 0.1754460594 -0.591279823 0.545278303
v 0.5757435495 0.4816195915 -0.3061306495
v -0.1931518999 0.5918328572 -0.5272079302
v 0.690603846 0.0657752712 -0.4001148737
v -0.01828296455 0.2699042577 0.7585388128
v 0.06073318877 -0.2966583222 0.7168760097
v 0.0382230574 0.3999908448 0.7026026138
v 0.3534047321 -0.7229372442 0.004236452411
v -0.05658801006 0.2395384548 0.7561578275
v 0.2554919625 -0.3735403262 -0.6781688015
v 0.04978223341 0.3852095324 0.6870177062
v 0.3879585814 0.3100454569 -0.6222309933
v 0.8087265018 -0.08233847837 0.05405719248
v 0.4393773213 -0.4699315515 0.4752967997
v 0.4180926868 -0.3353982512 -0.6092514674
v 0.009239258961 -0.2317133995 -0.7710959491
v 0.2366724545 0.2746387226 0.7183424831
v 0.07278871505 0.3550135616 0.6945511655
v 0.2288587084 -0.5951119643 0.5218224178
v -0.5620321875 -0.20844171 -0.5276494516
v 0.1008889864 -0.1355854898 -0.8199627989
v -0.2151489258 0.749249251 0.01754487228
v 0.7327595463 -0.0112964667 0.2930227438
v 0.4436074458 -0.07794541321 -0.8926901626
v 0.5884477801 -0.1007826216 0.8020841613
v 0.3345116323 -0.4445330733 0.6110123082
v 0.2131863518 -0.5881972787 0.5461050233
v 0.1361978564 -0.3556657712 -0.7450775947
v 0.7699754872 -0.05522428818 0.2037081688
v 0.5283816154 0.2983248749 0.4975960454
v -0.4711016608 -0.3054475667 -0.6033698394
v -0.6550393191 0.04421920427 0.4336519066
v 0.07625101216 -0.4253201565 -0.6914159939
v 0.6141130009 0.2212440283 -0.4960261352
v 0.08617466509 0.2089119887 0.7457777828
v -0.6646747732 -0.5284549242 0.04434559112
v 0.4901623576 0.3901575762 0.5026875182
v -0.7285846417 -0.1463127081 0.3513796221
v -0.07749866183 -0.07717389058 0.8054812777
v -0.6768467107 0.05861733309 0.4252434207
v 0.7270793088 -0.01707848995 0.3091551725
v 0.7129651062 -0.125549147 0.3583104893
v -0.6936405574 -0.1115168281 0.4511735663
v -0.003535782817 0.397120747 0.6907219446
v -0.3348611899 0.5546458225 -0.4695346114
v 0.1107801421 -0.2618221448 0.7294936407
v -0.04451470789 -0.218715606 -0.7677213618
v 0.7622269889 -0.0743349862 0.1539888215
v 0.2038640393 -0.7553359051 0.1130626597
v -0.1337326852 -0.1066657694 0.8142866143
v 0.7057161802 -0.1997800407 0.3391297866
v 0.1489911006 -0.1753073539 0.7625578021
v -0.6036241254 -0.5467438525 -0.03366213826
v -0.3654768982 -0.6764000636 0.2761386021
v -0.6009263032 -0.5468085192 0.007603810849
v -0.4023302885 -0.6691447604 -0.1162366537
v 0.3092880521 -0.4549582357 0.5884580016
v -0.732796439 -0.1059727706 0.3285691818
v 0.04735291569 0.2757408574 0.7272800139
v 0.1194289526 -0.2839676209 0.7206599937
v 0.2882287676 -0.3969873608 -0.6600733368
v -0.2252303863 0.6124939499 -0.5031609259
v 0.02643034939 -0.122413871 -0.8135270639
v 0.1031865085 -0.09063207657 0.7965898777
v -0.6066643533 -0.5657749875 -0.03445783267
v -0.2949476353 0.5458259433 -0.4861025717
v 0.1538726748 -0.2399606061 -0.7899163959
v 0.4337052789 -0.4110748027 -0.547492347
v 0.7432045556 -0.08542421873 0.2129364165
v 0.7696694976 -0.1136133546 0.1700285862
v 0.1520941475 -0.2102052626 0.7680575093
v 0.4629254683 0.3587451269 -0.5397610732
v 0.1231046125 -0.4000480018 -0.7076976328
v 0.261724966 0.1504815781 -0.7805253639
v -0.03580950033 -0.2319006945 0.7633470336
v -0.4971292533 -0.5099071504 -0.3499825835
v 0.4046702984 -0.5896909895 0.3558500862
v 0.1394385956 -0.1226085639 -0.8305100234
v -0.01861315759 -0.4112955634 -0.6822118099
v -0.01965198902 -0.1747277229 -0.7875058486
v -0.01678474641 -0.1779472443 -0.7675371959
v 0.03610264972 -0.2876400326 -0.7547660337
v 0.7816046418 -0.1591304481 0.03677811477
v -0.7631018664 0.04014760626 0.2153413613
v 0.5039400551 -0.4527035441 0.4338881634
v -0.7910198716 -0.004195030909 0.1742284485
v 0.3933507691 -0.5466384786 0.3882017818
v 0.4147767167 -0.3790998724 -0.5653212181
v 0.7968222904 -0.1267144733 0.003627161283
v 0.2550384316 -0.7475017607 0.183830109
v 0.3518451328 0.3443920748 -0.6601152957
v 0.7276427135 -0.05271409987 0.2860152302
v -0.5199689873 -0.2391791078 -0.5953068285
v -0.5899188427 -0.5770828351 -0.07158933444
v 0.0652308493 -0.3935770429 -0.7013225116
v -0.4603462513 -0.2925658454 -0.5918815807
v 0.04121709476 0.3910323346 0.6861880655
v -0.8111961133 -0.1189236585 0.2147365193
v 0.5211392456 0.3843457108 0.4656399192
v 0.3046636397 -0.7376907231 0.1789443926
v -0.8131491066 -0.06436908388 0.1504777785
v 0.2763441945 -0.6313975395 -0.4204731655
v 0.01808878758 -0.4233066388 -0.6833727108
v 0.4068881569 0.3469431305 -0.6039644748
v 0.4237350779 -0.3459555183 -0.5943115577
v 0.02689029485 -0.09576684915 0.7961141456
v 0.01045925021 -0.4215949089 -0.6828451857
v 0.3360686092 -0.7269755441 0.02622832562
v 0.4912914318 -0.536759854 0.3385322904
v 0.4316332334 -0.3595069123 -0.603349456
v 0.4319433355 -0.3615598558 -0.6009729407
v -0.5012498617 -0.2778015192 -0.5867130145
v 0.1136968774 0.3051949197 0.706534765
v -0.6651198111 -0.5280203761 0.04893761806
v -0.002932008472 -0.300667388 -0.7441272627
v -0.2931931718 0.7364497189 -0.06156413695
v -0.02954404803 -0.3377271754 -0.7073760278
v 0.5049201873 -0.5015023299 0.3363487321
v -0.480936777 -0.2444682311 -0.606289078
v -0.1554070332 0.6436156675 -0.4979240575
v 0.1707241106 -0.3112142847 0.7281837977
v 0.1361217911 -0.1540406144 0.7903414079
v -0.02460338352 -0.2330406011 -0.7462771764
v -0.2587691028 0.7592672219 0.008446284763
v 0.1420190046 -0.1630847857 0.7866862208
v 0.5206566593 0.3464415614 0.4997444393
v 0.6776848743 0.2104619476 -0.4130857576
v 0.4114355951 -0.4314521965 -0.5409262654
v -0.0678568528 -0.3266642863 -0.7056264515
v -0.2117919356 0.7681508737 0.01692344079
v 0.3351583587 -0.4849492698 0.5585450443
v -0.3344915469 0.7463380585 -0.05137297779
v 0.4799161163 -0.5672007536 0.3106822895
v 0.1237858252 -0.3194138108 -0.7564174478
v -0.05823675703 -0.1615457634 -0.7864875719
v 0.7472040555 -0.1389680487 0.1673038989
v 0.1964302323 0.2565543138 0.7117778915
v 0.3926090393 0.3085572591 -0.6187897129
v 0.06239160594 0.3730279099 0.6895546664
v 0.2751579633 -0.4534639288 -0.5805464956
v 0.3902200675 -0.4288510167 -0.5292667741
v 0.07789560199 0.3521913528 0.7140367552
v 0.227871886 -0.5938407426 0.5244232698
v -0.2706089158 -0.7451751311 -0.06094690916
v 0.7865061971 -0.00674456681 0.110539445
v 0.5530481086 -0.3922437173 -0.458575785
v 0.1737234822 -0.7617643688 0.131621631
v 0.1069962102 0.136350285 0.7883087286
v 0.5184276556 -0.5078333466 0.3489381124
v 0.4835909716 -0.5424642893 0.3387907187
v 0.2980629302 0.6180612442 -0.4752319542
v 0.4225251852 -0.5501388829 0.3550174654
v 0.09661618039 -0.3298565851 -0.7292833101
v 0.1593881314 -0.1454300974 -0.825202707
v 0.8034544094 -0.04528459151 0.02921577711
v 0.1464807074 -0.3538743553 0.6927796562
v -0.06513802133 0.3275062345 0.7253882305
v -0.1262580964 -0.1084929011 0.7942131837
v -0.5788749663 -0.5614790937 -0.0353704039
v -0.6640723301 -0.08784787066 0.4619210488
v 0.8202157738 -0.07042648156 0.02155557522
v 0.3944485232 0.320272626 -0.6366067235
v -0.331869626 0.7476562455 -0.07819469282
v 0.09824226422 -0.2914780148 -0.7627445905
v -0.01800343762 0.3956037025 0.7126856686
v -0.1933746126 0.6608999677 -0.4724161525
v 0.6090282928 0.1955548332 -0.5206757017
v 0.5345172613 -0.4949741246 0.3156097413
v 0.5162227901 0.3909581318 0.4324091441
v 0.4921416943 -0.4505465975 0.4482588871
v 0.1373128798 -0.3394675732 -0.7319217701
v -0.7657238171 0.08556607567 0.2349924619
v -0.03245048737 0.2683835477 0.7420031561
v 0.09260460393 -0.1243702839 -0.8035723889
v -0.009581522064 -0.0971182635 -0.81731224
v -0.6755976008 0.07169189222 0.3821444511
v -0.1494208658 0.6625831489 -0.479489048
v 0.2300099541 -0.5978646787 0.5171598609
v 0.00309857429 -0.1978289397 0.7758894486
v 0.0534717877 -0.3955609688 -0.6988248879
v 0.5147443966 0.3190460749 0.4978787312
v 0.1818079194 -0.7745985884 0.004724610392
v 0.436366119 -0.3010250216 -0.6332837503
f 153 224 238
f 228 447 297
f 525 436 78
f 411 525 450
f 483 450 525
f 560 450 483
f 560 483 525
f 291 572 255
f 648 560 525
f 733 771 159
f 782 436 525
f 787 33 631
f 309 888 631
f 630 924 54
f 685 118 939
f 33 940 631
f 877 865 948
f 952 945 600
f 1 684 954
f 533 1045 634
f 598 1056 260
f 546 1107 538
f 18 1131 619
f 50 765 1132
f 1140 546 538
f 28 658 1148
f 1149 519 1147
f 378 42 1163
f 631 1164 309
f 410 1164 631
f 58 1173 884
f 1176 404 125
f 51 805 1178
f 1188 301 407
f 1229 1015 24
f 1232 658 28
f 28 788 1232
f 1262 1000 92
f 1163 352 1266
f 994 1276 957
f 1 650 1279
f 273 1291 123
f 1292 427 160
f 171 51 1298
f 1298 51 1178
f 164 420 1335
f 525 49 1335
f 719 1335 142
f 1335 1284 731
f 814 1346 214
f 822 1347 179
f 1348 836 339
f 1355 106 220
f 825 1104 1362
f 887 1364 631
f 1367 1292 160
f 851 1378 202
f 1390 181 1308
f 1308 1111 1390
f 62 442 1391
f 572 1408 255
f 1303 1417 799
f 67 1425 248
f 1197 1425 67
f 1426 469 249
f 1427 710 250
f 300 678 1442
f 1362 1104 1446
f 312 1443 1451
f 1409 1454 319
f 224 1291 1456
f 1456 1291 273
f 1169 1459 276
f 1452 1460 325
f 286 98 1467
f 1467 98 1231
f 145 1477 1335
f 1484 758 894
f 603 380 1487
f 1490 490 351
f 1492 527 440
f 521 1495 310
f 992 1496 313
f 1498 608 401
f 1502 729 1
f 1507 139 1
f 1533 201 1
f 971 1536 1335
f 1545 1123 277
f 277 1327 1545
f 1335 1552 107
f 1335 1477 1560
f 116 1565 873
f 1321 1570 844
f 1246 1572 408
f 1 360 1575
f 165 415 1576
f 421 1403 1578
f 1581 656 426
f 1335 1593 901
f 1601 377 14
f 1610 1262 92
f 187 1618 81
f 1622 588 432
f 1 1626 684
f 117 67 1635
f 67 248 1635
f 1635 1213 117
f 907 1641 521
f 1641 281 1495
f 1641 1495 521
f 634 1647 567
f 1648 1507 1
f 211 1653 1343
f 1672 647 518
f 1646 489 1677
f 966 1688 534
f 537 211 1691
f 1691 1343 149
f 1691 211 1343
f 1175 244 1697
f 1 1389 1699
f 514 1703 1664
f 1118 263 1716
f 760 1718 557
f 315 1013 1721
f 1734 1618 187
f 1745 186 548
f 939 186 1745
f 534 1765 577
f 1688 1765 534
f 1773 261 196
f 455 1773 196
f 1791 316 240
f 1797 1689 499
f 366 1807 614
f 1548 1807 366
f 1148 658 1810
f 676 1702 1817
f 1442 678 1818
f 678 1553 1818
f 413 1828 1574
f 289 1838 402
f 966 534 1844
f 1862 88 396
f 737 921 1869
f 1889 1718 760
f 1 139 1911
f 27 1915 1099
f 464 893 1917
f 1918 523 429
f 1932 1728 1130
f 414 1830 1932
f 1935 726 1178
f 1178 805 1935
f 805 1447 1935
f 1936 650 1
f 592 1939 405
f 1947 1346 814
f 1420 1952 1095
f 1516 1952 1420
f 35 1953 1335
f 1959 1666 479
f 768 1960 1018
f 122 1961 1158
f 1972 1014 823
f 1972 1378 851
f 1972 710 1427
f 1977 506 810
f 1978 66 394
f 41 987 1980
f 209 1983 1546
f 1984 895 812
f 402 1838 1991
f 1993 1347 822
f 981 1994 900
f 884 1173 1999
f 521 310 2006
f 1078 2015 848
f 1126 695 2022
f 207 1981 2024
f 1981 1621 2024
f 2027 673 963
f 455 2033 1773
f 266 905 2037
f 2037 932 266
f 1869 921 2049
f 921 2010 2049
f 999 2052 631
f 896 623 2059
f 2059 623 1814
f 2071 1210 1811
f 1641 2074 281
f 2074 1641 907
f 285 2085 1446
f 1446 2085 327
f 1081 2086 966
f 2086 1688 966
f 197 2090 553
f 1775 2090 197
f 2063 2100 1335
f 806 2102 810
f 809 2114 581
f 2124 865 877
f 1141 563 2125
f 1019 751 2135
f 2135 751 1883
f 2146 1496 992
f 2149 1177 9
f 9 1452 2149
f 1452 325 2149
f 2153 247 1675
f 2154 27 1002
f 213 2159 1011
f 2159 677 1011
f 1392 2159 213
f 1335 2160 35
f 2170 1933 801
f 1494 1044 2173
f 808 1676 2177
f 2180 2015 1078
f 87 2181 1081
f 1256 2181 87
f 2181 2086 1081
f 703 2183 1839
f 758 477 2186
f 2188 1647 634
f 957 1276 2208
f 39 2209 1116
f 1205 2209 39
f 1279 2212 1
f 2212 1744 1
f 1 594 2215
f 1161 1921 2218
f 1883 2218 2135
f 204 1907 2232
f 2245 1825 640
f 1126 2247 695
f 907 521 2249
f 2249 521 2006
f 1076 2251 2176
f 1728 2263 1130
f 610 802 2267
f 802 1713 2267
f 2271 1269 1390
f 935 2273 1139
f 2091 2273 935
f 399 2276 1191
f 1590 2276 399
f 631 940 2278
f 945 2284 600
f 2287 1371 234
f 600 2284 2289
f 1755 2290 1644
f 2292 1459 1169
f 1709 226 2305
f 62 1391 2309
f 1232 788 2311
f 2311 788 1918
f 1 2313 148
f 2281 2117 2316
f 2321 602 110
f 1572 2324 939
f 2324 1572 1246
f 2142 2330 86
f 2336 1746 1833
f 2342 1816 337
f 944 1816 2342
f 2346 641 1234
f 1556 2347 102
f 1911 2347 1
f 2347 1911 102
f 2354 2114 809
f 1702 676 2355
f 1747 1758 2358
f 1441 2359 2233
f 1758 2365 2358
f 579 2371 2222
f 1444 1032 2378
f 1188 2389 1481
f 2392 437 605
f 1876 437 2392
f 1926 2395 1335
f 2405 852 1661
f 2405 1973 852
f 2012 2408 161
f 2411 767 1141
f 1 2413 2343
f 1792 1929 2417
f 2307 1792 2417
f 1005 2418 176
f 1013 2420 1721
f 1344 2421 417
f 2421 2133 417
f 2422 124 1658
f 2423 476 1310
f 959 1224 2429
f 2142 2055 2431
f 1372 2014 2438
f 1092 2116 2439
f 2443 1339 876
f 441 2447 946
f 2447 501 946
f 2025 2447 441
f 1216 1250 2451
f 2456 1498 401
f 2045 1498 2456
f 2032 2045 2456
f 2461 79 631
f 78 2463 525
f 2463 379 525
f 2467 1125 1751
f 1483 2467 1751
f 1443 345 2468
f 1451 2468 1388
f 1451 1443 2468
f 2468 345 1484
f 2473 1731 568
f 416 2475 1367
f 2475 1292 1367
f 1609 2475 416
f 1578 2476 720
f 1578 1403 2476
f 2479 1454 1409
f 1410 280 2480
f 2480 280 1416
f 1416 603 2480
f 603 1487 2480
f 2482 288 1092
f 2482 1092 2439
f 813 1182 2489
f 2489 2323 813
f 510 2492 1430
f 510 1694 2492
f 1028 2498 631
f 911 1437 2504
f 256 2516 1003
f 1795 2516 256
f 2518 1679 303
f 2168 2518 303
f 2520 962 1445
f 2516 1795 2521
f 1935 1447 2522
f 1841 2523 1012
f 2238 2531 1020
f 1123 2533 277
f 1444 2543 1032
f 2547 2048 70
f 2548 1552 1335
f 255 2556 291
f 2496 2556 255
f 2558 1524 1049
f 1247 2565 1633
f 2573 777 1450
f 1402 2573 1450
f 2474 2573 1402
f 2574 1460 1452
f 1698 2593 1517
f 680 2596 339
f 2558 2598 1524
f 1266 129 2604
f 2605 1829 740
f 1671 1829 2605
f 2022 695 2606
f 2608 2517 1008
f 79 2622 631
f 631 2622 904
f 1555 1881 2623
f 2624 1857 109
f 1857 2625 109
f 2057 525 2629
f 2629 1910 2126
f 1012 2631 1841
f 2631 1856 1841
f 525 2632 2629
f 2629 2632 1910
f 2635 2042 631
f 301 2636 407
f 2515 2636 301
f 2636 2515 2177
f 2125 2639 1141
f 71 1591 2641
f 1573 2350 2642
f 2643 1033 253
f 253 1579 2643
f 2428 1033 2643
f 2646 746 1871
f 1268 2647 1335
f 2374 2651 1547
f 1812 2653 1549
f 2654 1473 2156
f 1818 1553 2655
f 2656 2460 466
f 2658 2247 1126
f 347 1597 2660
f 1335 2666 1035
f 2667 531 1182
f 1287 13 2669
f 442 62 2670
f 442 2670 735
f 62 2309 2670
f 2674 2145 991
f 1891 1433 2675
f 2676 856 19
f 2179 2676 19
f 2682 2376 31
f 2187 323 2685
f 2685 1868 2187
f 2071 2691 1210
f 2695 717 1165
f 943 2696 2067
f 1625 1313 2698
f 2698 1313 2384
f 1627 2584 2701
f 2705 68 1200
f 1595 68 2705
f 1200 1817 2705
f 905 2709 2037
f 440 527 2714
f 2714 527 1661
f 1642 1605 2720
f 2720 1605 2678
f 2547 2722 1233
f 2723 1262 1610
f 1343 1653 2729
f 1656 1232 2730
f 2730 1232 2311
f 2731 836 1348
f 2740 1213 1635
f 2740 554 1672
f 1755 1034 2742
f 2747 2741 1221
f 1646 1677 2748
f 2504 2748 911
f 1646 2748 2504
f 2751 1226 1243
f 2755 1554 1278
f 2755 1199 2529
f 1554 2755 2529
f 1 474 2757
f 1216 2763 1250
f 2733 2763 1216
f 167 1535 2764
f 2770 2593 1698
f 2771 289 402
f 402 373 2771
f 1817 1702 2774
f 1817 2774 2705
f 1664 1703 2775
f 1704 1770 2776
f 2777 1959 2333
f 2318 210 2780
f 2781 694 141
f 141 1528 2781
f 2783 2033 455
f 2784 1182 813
f 2784 2667 1182
f 2785 1072 324
f 1131 2789 619
f 2074 2792 281
f 867 2796 1686
f 2030 2796 867
f 2799 466 1620
f 1736 466 2799
f 262 2803 158
f 158 2803 2562
f 2803 1964 2562
f 2036 2808 1707
f 2813 1835 1
f 453 1722 2814
f 1722 2229 2814
f 256 1003 2816
f 2818 2263 1728
f 714 1762 2826
f 2827 1694 510
f 2828 944 2342
f 2829 468 556
f 2391 2829 556
f 2834 228 297
f 2835 1521 341
f 2836 184 582
f 2837 192 2436
f 2838 28 1148
f 1148 1218 2838
f 1770 28 2838
f 2776 1770 2838
f 2842 1916 158
f 2562 2842 158
f 2846 2760 1247
f 2232 2847 204
f 2721 2849 2590
f 2849 1863 2758
f 2590 2849 2758
f 574 1798 2854
f 574 2854 2664
f 1988 2549 2857
f 1305 2859 2810
f 1709 2864 226
f 631 2868 1154
f 2561 2398 2869
f 1819 2878 993
f 732 2880 965
f 1415 2880 732
f 1443 2886 345
f 1581 463 2887
f 2887 656 1581
f 2888 163 1293
f 2888 1293 1664
f 1828 163 2888
f 1574 1828 2888
f 1574 2888 2775
f 2775 2888 1664
f 814 214 2889
f 1607 2890 414
f 414 2890 1830
f 654 2893 1796
f 1802 2893 654
f 2897 1689 1797
f 2898 137 2521
f 2900 140 1055
f 243 1461 2900
f 1508 1338 2900
f 1801 1183 2900
f 2900 1461 1801
f 1055 2026 2900
f 2724 2907 1805
f 1 2911 779
f 1859 2914 1444
f 2914 2543 1444
f 2915 77 1333
f 857 2915 1333
f 2917 2653 1812
f 2918 475 709
f 2920 1989 443
f 2920 443 2783
f 455 2920 2783
f 984 2925 742
f 2928 2596 680
f 2935 2292 1169
f 2936 2520 1445
f 2913 2936 1445
f 2939 850 1422
f 1009 2939 1422
f 2521 2939 1009
f 310 1495 2941
f 310 2941 1831
f 2942 280 1410
f 2942 2014 1372
f 2943 2154 1002
f 1002 2163 2943
f 2945 706 697
f 735 706 2945
f 2945 1944 735
f 2948 653 2600
f 2026 2950 2900
f 2623 1881 2956
f 2440 2957 306
f 2959 1702 2355
f 1702 2959 2774
f 2960 797 1335
f 1335 1209 2960
f 327 2085 2965
f 2968 609 799
f 646 2357 2970
f 2971 1674 763
f 2809 2971 763
f 2972 2045 2032
f 2973 1414 1
f 391 1102 2975
f 1102 1345 2975
f 1338 2977 2900
f 2983 1751 1109
f 2983 1700 1751
f 2633 2984 1526
f 785 585 2985
f 2989 2928 680
f 2994 2595 2117
f 2995 58 884
f 1004 58 2995
f 1666 2996 939
f 2996 1666 1959
f 2777 2996 1959
f 2218 1921 2997
f 2218 2997 2135
f 234 1371 3002
f 234 3002 1928
f 2717 3007 1932
f 1689 3012 499
f 499 3012 1901
f 2238 1020 3021
f 2707 1424 3023
f 1521 3024 341
f 341 3024 1913
f 3026 1118 1716
f 3026 2662 1118
f 1716 263 3028
f 2731 3031 836
f 3032 2401 193
f 3033 485 837
f 2222 2371 3034
f 3037 404 1176
f 3037 1176 1586
f 3038 171 1298
f 1934 171 3038
f 3040 1543 359
f 1974 2942 3042
f 1765 3045 577
f 577 3045 1946
f 3046 2731 1348
f 1432 3048 405
f 1619 3052 826
f 3055 1123 1545
f 2001 3056 2592
f 3059 1720 559
f 495 21 3061
f 3062 759 1958
f 1894 428 3065
f 3069 2815 1723
f 1 919 3070
f 3070 2973 1
f 1462 94 3071
f 3071 571 1462
f 445 757 3072
f 3072 757 2049
f 2049 2010 3072
f 2010 2934 3072
f 2438 2014 3074
f 2077 3076 1732
f 3080 3016 780
f 3081 212 1633
f 2529 212 3081
f 3082 2419 1304
f 3085 2294 784
f 72 664 3087
f 3089 715 860
f 873 1565 3091
f 228 3093 447
f 3093 2278 447
f 2278 3093 631
f 2868 3093 228
f 3093 2868 631
f 343 2819 3094
f 2819 2442 3094
f 3095 3044 1558
f 3101 837 2259
f 3101 3033 837
f 457 564 3102
f 3102 2487 631
f 2310 2487 3102
f 3103 2808 2036
f 2359 3104 2233
f 2948 3105 653
f 3110 1261 91
f 3110 1636 239
f 358 584 3112
f 3113 245 1388
f 3113 1484 894
f 2053 245 3113
f 894 2053 3113
f 1388 2468 3113
f 2468 1484 3113
f 3115 1622 432
f 3116 974 1634
f 3117 1611 70
f 295 2056 3120
f 2633 3121 2564
f 689 3129 1362
f 3132 381 516
f 593 3132 516
f 3134 1727 493
f 3135 1789 530
f 1937 3136 806
f 806 3136 2102
f 3138 2340 496
f 237 2500 3143
f 2429 3144 959
f 3145 209 1546
f 209 3145 1717
f 800 3146 1668
f 2575 3146 800
f 3148 2083 2759
f 210 3150 2780
f 936 1568 3155
f 3156 2548 1335
f 1240 444 3160
f 579 1900 3169
f 1962 3171 2110
f 3071 3171 1962
f 784 3173 1739
f 2294 3173 784
f 3175 2525 539
f 3176 1383 239
f 239 1887 3176
f 1887 2170 3176
f 1677 489 3177
f 3177 1734 290
f 1618 1734 3177
f 316 1791 3177
f 163 1828 3177
f 3177 1828 413
f 2229 1722 3177
f 406 2387 3177
f 2603 3177 1735
f 1285 2739 3177
f 3178 2446 1751
f 1738 3180 542
f 2647 3187 1335
f 1335 3187 3156
f 1 1016 3188
f 3188 1016 970
f 3154 3189 1751
f 3195 1559 975
f 3196 2169 976
f 1065 45 3200
f 1439 1065 3200
f 3203 1053 409
f 3205 2069 980
f 3205 1326 2069
f 2383 3205 980
f 3210 1283 1025
f 3214 2290 1755
f 2783 443 3216
f 2267 1713 3223
f 3224 1862 396
f 2672 1862 3224
f 1264 558 3225
f 2587 3226 1777
f 3227 2891 1187
f 1189 633 3229
f 3230 1548 366
f 592 405 3238
f 405 3048 3238
f 3240 2418 1005
f 726 3249 1178
f 1178 3249 1298
f 726 2166 3249
f 564 3251 3102
f 3251 2310 3102
f 3255 1488 1335
f 3265 1177 2149
f 2827 510 3268
f 3271 1412 1772
f 3272 706 735
f 1939 3273 405
f 1839 2183 3275
f 3277 703 1839
f 2184 703 3277
f 196 3282 455
f 2197 3282 196
f 3282 2920 455
f 3284 2313 1
f 2757 3284 1
f 876 1339 3285
f 3287 44 1752
f 898 2236 3288
f 7 165 3290
f 162 2850 3292
f 2248 3293 1755
f 902 827 3295
f 3295 827 3198
f 3192 2538 3298
f 1887 3301 2170
f 3301 1933 2170
f 2937 3301 1887
f 1044 3303 2173
f 1044 2185 3303
f 12 3304 432
f 432 3304 3115
f 2523 3305 630
f 3305 2523 1841
f 2785 3306 1072
f 2889 214 3308
f 708 3312 667
f 3313 702 430
f 3313 1836 702
f 2724 3313 430
f 634 3314 533
f 707 3314 634
f 59 3316 1185
f 3317 2413 1
f 2814 2229 3318
f 3320 3077 1624
f 3177 3321 2821
f 2986 3321 3177
f 3323 670 1093
f 1952 3324 1095
f 3325 1117 1855
f 297 447 3326
f 3326 2949 297
f 1809 3329 2195
f 2865 3329 1809
f 689 1362 3330
f 3336 1825 2245
f 3338 481 2379
f 3338 3122 481
f 3206 3338 2379
f 3339 1672 518
f 3340 450 560
f 648 3340 560
f 827 902 3340
f 3340 1220 2257
f 3341 1405 233
f 2006 3342 2249
f 3063 3342 2006
f 2176 2251 3345
f 3345 2311 2176
f 2730 2311 3345
f 3346 1171 2
f 3347 1794 705
f 1723 3348 2220
f 2815 3348 1723
f 3351 3312 708
f 2533 3352 1
f 1123 3352 2533
f 3055 3352 1123
f 3355 2380 131
f 815 791 3357
f 1306 473 3360
f 473 1909 3360
f 2985 880 3362
f 2631 3363 1856
f 1996 3364 3177
f 3366 2914 1859
f 3374 1606 1630
f 312 3376 1443
f 3376 2886 1443
f 3378 1676 1208
f 1676 3378 2177
f 2707 3378 1208
f 1289 889 3379
f 1900 579 3379
f 889 2046 3379
f 2051 1331 3379
f 3379 579 2222
f 1331 2481 3379
f 3380 424 2252
f 712 3385 1848
f 598 591 3392
f 3392 591 1228
f 452 3394 885
f 3394 2206 885
f 3399 2016 849
f 314 2355 3401
f 52 1038 3403
f 3403 1371 2287
f 777 2573 3403
f 2573 2474 3403
f 552 3404 1245
f 2782 3404 552
f 168 3405 220
f 3410 2979 1872
f 3412 251 614
f 3413 1413 1932
f 3413 2537 1413
f 3414 3049 1988
f 3415 206 2295
f 3269 3415 2295
f 1460 3417 325
f 325 3417 2331
f 3419 1052 2333
f 1631 2205 3421
f 3422 66 1978
f 2532 3422 1978
f 2339 1736 3426
f 3426 1736 2799
f 749 3371 3428
f 634 1629 3429
f 440 3432 105
f 2050 2721 3434
f 3434 2721 2590
f 3174 3270 3435
f 2254 3440 1322
f 1643 3441 97
f 97 3441 1982
f 3443 209 1717
f 3443 1983 209
f 1070 487 3448
f 3448 487 2852
f 3449 497 517
f 3449 3139 497
f 3453 2012 161
f 1756 2012 3453
f 3032 3453 161
f 3455 1227 63
f 3457 537 1691
f 2369 537 3457
f 653 3464 2600
f 3466 759 1523
f 1958 759 3466
f 1920 1958 3466
f 3466 2236 898
f 1478 2345 3466
f 2357 646 3466
f 646 2465 3466
f 3212 3466 1823
f 3212 2563 3466
f 3467 1920 3466
f 1668 3469 800
f 3472 842 631
f 2350 3474 2642
f 3475 406 1567
f 2387 406 3475
f 3476 2909 1526
f 3086 2909 3476
f 2606 3477 2022
f 3478 603 1416
f 458 2430 3478
f 2687 3036 3481
f 2350 1573 3482
f 61 3484 3056
f 1339 901 3490
f 901 1593 3490
f 1339 3490 3285
f 1131 18 3492
f 3492 18 2417
f 2365 3493 1332
f 3495 2651 2374
f 2234 3496 1303
f 2244 3500 3335
f 889 1289 3503
f 2390 3505 2265
f 1241 3508 2003
f 3509 807 2432
f 3510 738 2403
f 3513 1973 2405
f 3267 3513 2405
f 667 3514 897
f 667 3312 3514
f 1423 1174 3516
f 1423 3516 1681
f 3516 1174 3001
f 3043 3517 583
f 3331 3518 2065
f 2834 3519 941
f 277 3521 1327
f 1 3521 2533
f 2533 3521 277
f 3523 707 634
f 634 3429 3523
f 1623 3524 83
f 83 3524 2068
f 3524 2247 2658
f 1769 3525 3370
f 577 1946 3529
f 339 3532 1348
f 2596 3532 339
f 2460 2656 3533
f 528 3537 1977
f 3539 2312 767
f 3539 767 2411
f 124 3541 1658
f 1007 2155 3542
f 3213 1007 3542
f 2886 3543 345
f 760 557 3545
f 3545 1288 515
f 3545 2364 1288
f 3547 1896 471
f 3547 3397 1896
f 440 3550 1089
f 3551 1873 2900
f 3553 361 2484
f 524 956 3554
f 3557 716 2616
f 3557 2616 2797
f 3559 2867 2689
f 3560 2691 2071
f 1473 3564 2156
f 373 3567 2771
f 554 3570 1672
f 1672 3570 647
f 3570 554 2454
f 193 3571 1391
f 1391 3571 2309
f 2401 3571 193
f 1919 1230 3572
f 3572 2066 1043
f 2519 3573 914
f 49 3574 1335
f 3575 3567 3340
f 3177 2387 3576
f 3580 2501 1595
f 3580 1595 2705
f 2705 2774 3580
f 3583 1551 3138
f 3590 2639 2125
f 572 3597 1408
f 3597 1134 1408
f 3597 2644 1134
f 2823 3597 572
f 2088 3598 3341
f 3600 1041 780
f 1303 3603 1417
f 3496 3603 1303
f 3603 3496 2670
f 2156 3564 3605
f 3607 2561 2869
f 1402 1450 3609
f 3610 1734 187
f 3612 75 2491
f 3612 37 3463
f 75 3612 3463
f 1598 3618 2664
f 2982 3620 2493
f 3386 3625 1241
f 3019 3625 3386
f 3625 3508 1241
f 449 3626 1755
f 3148 3627 2083
f 3628 1280 886
f 2930 3628 886
f 2558 3629 2598
f 3630 2286 2620
f 2119 3615 3632
f 2389 3634 1481
f 3635 1970 369
f 1798 3639 2854
f 3639 1798 3177
f 252 367 3642
f 1063 2167 3642
f 3643 2200 2427
f 3643 3443 1717
f 338 3645 1657
f 3647 3392 1228
f 1988 3649 2549
f 3049 3649 1988
f 2584 1518 3652
f 3652 1518 2594
f 2594 2256 3652
f 2701 2584 3652
f 3654 598 1470
f 3654 1778 2971
f 1614 3657 3229
f 2081 3661 2150
f 3579 3661 2081
f 3661 3579 3177
f 3666 2434 709
f 1313 1625 3670
f 245 2053 3670
f 1518 2584 3670
f 2584 1627 3670
f 2696 943 3670
f 3670 943 3283
f 3316 59 3670
f 3385 712 3670
f 3670 3500 2244
f 1115 3162 3674
f 378 1163 3675
f 3675 1163 1266
f 1869 378 3675
f 3675 737 1869
f 2604 737 3675
f 1266 2604 3675
f 3679 1172 1471
f 1827 1172 3679
f 3681 2610 3254
f 938 3682 2823
f 2307 1385 3683
f 2615 2910 3684
f 2244 3686 3670
f 1275 3694 109
f 440 3694 1275
f 109 3694 2624
f 3702 1276 994
f 118 3705 939
f 3705 118 2625
f 1857 3705 2625
f 939 3705 2966
f 2966 3705 1857
f 3708 1045 11
f 1045 3708 634
f 1831 3710 2637
f 3711 2761 1215
f 3381 3711 1855
f 1 3713 328
f 2531 3714 290
f 3714 2531 2238
f 2987 3716 57
f 2368 1100 3717
f 3717 3431 2368
f 1104 825 3718
f 858 1104 3718
f 3718 825 3454
f 3718 3454 1951
f 2340 3138 3719
f 3722 1806 3215
f 2117 1843 3724
f 3724 2264 2117
f 3726 1590 399
f 187 81 3727
f 3727 81 1017
f 1545 1188 3729
f 1188 3388 3729
f 3731 1355 220
f 2173 3731 1494
f 220 3405 3731
f 3533 2656 3733
f 2347 3734 1
f 1556 3734 2347
f 2251 3739 3345
f 2037 2709 3740
f 2799 1620 3740
f 3742 3259 2144
f 3747 47 2663
f 995 3750 3659
f 3751 3512 1223
f 1142 2795 3756
f 1945 23 3758
f 3455 3446 3761
f 30 1846 3762
f 2902 30 3762
f 3762 1866 2902
f 2061 38 3765
f 2343 3767 1
f 2913 3768 2648
f 2067 2696 3770
f 295 3120 3770
f 3770 3120 2067
f 1707 3772 2697
f 2808 3772 1707
f 3776 1285 2362
f 2739 1285 3776
f 3777 2161 141
f 3778 1775 197
f 3778 2784 813
f 3780 3174 3435
f 3781 2145 2674
f 3782 570 2718
f 3783 124 2422
f 3784 2410 1300
f 3788 1050 735
f 1235 32 3790
f 1842 3790 1068
f 1842 1235 3790
f 3790 32 2684
f 2900 2950 3792
f 3793 218 2681
f 218 3793 3403
f 190 3796 1206
f 3796 1153 1206
f 2831 3796 190
f 3798 3052 1619
f 751 1019 3801
f 1881 1555 3801
f 3801 2251 1076
f 2910 2615 3801
f 2201 2955 3801
f 3739 2251 3801
f 3473 3739 3801
f 3802 404 3037
f 3807 3471 2348
f 1479 1168 3808
f 2511 1217 3809
f 1217 2514 3809
f 88 1862 3813
f 939 2996 3814
f 3814 2996 2777
f 3783 3816 124
f 566 1523 3817
f 1523 759 3817
f 3817 2385 566
f 1239 2385 3817
f 3817 759 3062
f 3819 312 1451
f 2744 312 3819
f 855 2744 3819
f 3820 3007 2717
f 3824 3800 2692
f 2488 100 3829
f 2488 3829 1755
f 1617 3831 430
f 3831 1617 440
f 430 3831 2724
f 440 2907 3831
f 3831 2907 2724
f 2121 73 3832
f 2306 3253 3832
f 1289 3379 3837
f 3503 1289 3837
f 1211 3538 3838
f 3840 3281 3343
f 3074 3845 2438
f 2769 3617 3845
f 3846 1281 125
f 3827 3850 2337
f 1043 2066 3851
f 2358 3856 1747
f 3033 3856 485
f 3858 2674 2326
f 3858 3781 2674
f 3859 2629 2126
f 3861 2044 505
f 3861 3615 2119
f 1 3864 2906
f 3083 697 3865
f 1742 3868 583
f 583 3868 2750
f 3870 3643 2427
f 3874 549 2753
f 790 148 3876
f 148 2313 3876
f 221 3878 3170
f 1563 3882 3466
f 1331 2051 3883
f 1252 3889 2992
f 2411 3890 10
f 1141 3890 2411
f 2639 3890 1141
f 2750 3893 583
f 430 702 3894
f 3894 1617 430
f 3896 1902 215
f 3897 1427 250
f 3899 2655 1114
f 1818 2655 3899
f 2821 3321 3899
f 3237 1312 3901
f 3157 3237 3901
f 1561 3903 2628
f 3906 920 1370
f 2129 3908 2802
f 3193 3908 2129
f 3909 558 1264
f 3910 2686 3393
f 3913 2567 200
f 2567 3913 634
f 415 3914 1576
f 3177 3914 415
f 489 3914 3177
f 3915 56 2451
f 2544 3923 1756
f 3925 1271 138
f 1694 3929 440
f 3929 1694 2827
f 1 2034 3930
f 3930 2034 1806
f 3722 3930 1806
f 3933 1354 1345
f 3934 1521 2835
f 457 3935 564
f 3936 2506 1438
f 3938 3900 2390
f 115 3940 2538
f 2538 3940 3298
f 2677 914 3942
f 3402 3944 1323
f 3877 1323 3944
f 3945 764 2485
f 2688 764 3945
f 201 1533 3946
f 3947 1361 2396
f 2881 1361 3947
f 2882 2597 3948
f 3948 2597 3667
f 3275 3949 1839
f 2886 3376 3949
f 3950 2323 2489
f 2195 3951 1809
f 1263 242 3952
f 743 1382 3955
f 3955 1905 743
f 3676 3957 3757
f 965 2880 3967
f 3970 2101 3684
f 3684 2910 3970
f 3972 3768 2913
f 2457 2129 3973
f 2129 2802 3973
f 3973 3531 2457
f 3974 3950 2489
f 1362 1446 3975
f 3330 1362 3975
f 631 3977 1028
f 1851 3977 631
f 3977 1851 1365
f 2237 1584 3978
f 3158 2237 3978
f 3750 995 3978
f 1181 1404 3979
f 3581 3980 3179
f 3179 3980 3755
f 2727 3086 3981
f 3981 3086 3476
f 3983 3814 2777
f 3984 2666 1335
f 3213 272 3985
f 272 3811 3985
f 3986 1793 318
f 2106 3986 318
f 3988 3913 200
f 2999 3989 460
f 3990 3403 2287
f 3995 3722 3215
f 3997 3708 11
f 3862 292 3998
f 917 3999 1
f 3999 917 1852
f 2934 2881 4001
f 4001 445 3072
f 3072 2934 4001
f 445 4001 3947
f 4001 2881 3947
f 4004 2747 2433
f 327 4006 1446
f 4006 2746 1446
f 4008 3702 994
f 3998 3702 4008
f 4008 3862 3998
f 1611 4010 70
f 70 4010 2547
f 4010 2722 2547
f 3308 4011 2889
f 4013 41 1980
f 1980 288 4013
f 288 2482 4013
f 2683 1782 4014
f 3042 2942 4015
f 4018 3048 1432
f 1558 4019 2497
f 3044 4019 1558
f 1421 4020 241
f 241 4020 2943
f 4020 2154 2943
f 503 87 4021
f 87 1081 4021
f 4021 1692 503
f 2339 4022 1736
f 4027 1396 2432
f 4027 2503 1396
f 165 1576 4028
f 4028 1576 448
f 448 2955 4028
f 2955 2201 4028
f 3290 165 4028
f 4028 2201 3290
f 3975 1446 4029
f 3975 4029 2409
f 1458 2334 4033
f 4034 561 1847
f 826 4034 1847
f 3052 4034 826
f 1335 4035 838
f 838 4035 3431
f 2774 2959 4036
f 2774 4036 3580
f 3400 4037 3056
f 1503 2444 4039
f 1605 4041 2678
f 4045 1069 912
f 2887 4045 1790
f 1790 4045 2935
f 2935 4045 2292
f 4046 2520 2936
f 4049 1305 2810
f 2528 328 4052
f 4052 1054 2528
f 328 3713 4052
f 4055 17 583
f 4055 1186 17
f 4057 1328 1863
f 1328 4057 2670
f 2849 4057 1863
f 4058 3135 530
f 1449 3135 4058
f 4060 1 1652
f 4061 1990 355
f 3386 292 4063
f 4063 3019 3386
f 292 3862 4063
f 1477 145 4064
f 4064 145 2800
f 4064 2800 3197
f 874 1520 4065
f 1520 1660 4065
f 1592 4069 433
f 433 4069 2953
f 4072 3620 2982
f 1247 4073 2565
f 2760 4073 1247
f 4073 2760 3177
f 349 3202 4075
f 4076 2190 3982
f 4079 3477 2606
f 2892 4080 4017
f 392 3823 4083
f 1724 1788 4084
f 1681 3516 4084
f 2193 4085 2611
f 4085 3668 630
f 3668 4085 2193
f 3112 4086 358
f 1294 4087 207
f 4087 1981 207
f 2054 4016 4090
f 2170 801 4091
f 3176 2170 4091
f 4092 3043 583
f 4093 2112 578
f 4094 3226 2587
f 3647 1228 4096
f 4100 832 3559
f 374 1550 4102
f 939 544 4103
f 4103 544 2981
f 4104 3363 2631
f 2620 2286 4106
f 2764 1535 4113
f 4114 691 1491
f 3775 4114 1491
f 914 4115 3942
f 3942 4115 2282
f 3818 4116 3670
f 3988 200 4117
f 1399 3988 4117
f 2113 4119 426
f 2608 4120 2517
f 1536 971 4122
f 4122 971 3587
f 4122 3587 1307
f 1419 363 4126
f 4126 1866 3762
f 2641 1591 4127
f 4129 1874 704
f 3490 1593 4131
f 1543 4134 939
f 4134 1543 3040
f 629 1560 4136
f 1560 1477 4136
f 4136 1477 4064
f 4137 3863 3700
f 3430 3662 4138
f 672 1840 4140
f 1840 1766 4140
f 4140 1766 4067
f 832 4141 3559
f 4141 2867 3559
f 4142 2163 1002
f 4142 3246 2163
f 2564 4143 2633
f 4143 2984 2633
f 4071 4143 2564
f 683 4145 3177
f 4146 794 2570
f 119 3051 4146
f 4149 2727 3981
f 2704 3 4151
f 918 4153 512
f 918 1577 4153
f 1577 2569 4153
f 141 4154 1890
f 4014 4156 2683
f 2953 4157 433
f 506 4158 2833
f 4158 964 2833
f 4159 771 733
f 846 4159 733
f 1854 2768 4160
f 1720 4161 1099
f 4161 1720 3059
f 1325 1584 4162
f 1584 2237 4162
f 1756 4168 2012
f 2012 4168 2408
f 2408 4168 2401
f 2401 4168 3571
f 3923 4168 1756
f 4168 3923 3571
f 3635 4171 1970
f 2857 2549 4172
f 4172 3961 2857
f 4092 4173 3043
f 4174 618 290
f 3320 1624 4177
f 874 498 4178
f 340 3047 4180
f 444 1240 4182
f 986 2773 4186
f 2795 1142 4186
f 1142 2908 4186
f 2773 3737 4186
f 4188 3537 2425
f 2962 456 4190
f 4190 3976 2962
f 4194 1529 409
f 4195 768 1018
f 1018 3445 4195
f 530 1789 4197
f 3670 59 4198
f 3068 4200 1776
f 4201 2815 3069
f 4091 801 4203
f 1624 4204 2694
f 3077 4204 1624
f 4206 1701 2749
f 4207 2390 2265
f 4207 3217 1764
f 1764 3938 4207
f 3938 2390 4207
f 4210 1006 2124
f 3114 1006 4210
f 4211 1622 3115
f 723 4212 1631
f 3360 4212 723
f 3360 1909 4212
f 1714 2322 4213
f 2419 4214 2492
f 2341 4214 3082
f 4214 2419 3082
f 3463 4214 2341
f 4214 3463 2492
f 1307 3587 4215
f 4065 1660 4215
f 4218 979 1
f 4219 2160 1335
f 551 4221 3177
f 983 4222 3177
f 3125 2097 4224
f 4224 2097 3199
f 4225 960 687
f 4225 2551 960
f 3623 4225 687
f 4226 8 3166
f 488 1965 4227
f 2742 488 4227
f 2742 4227 1755
f 1920 3467 4228
f 500 4230 1184
f 4230 500 1651
f 1677 4232 2748
f 393 4232 3177
f 4232 1677 3177
f 1233 4233 2547
f 4233 2048 2547
f 4233 3536 2048
f 3895 4233 1233
f 4236 3317 1
f 1383 4237 239
f 239 4237 3110
f 4237 1261 3110
f 245 4240 1388
f 3670 4240 245
f 4244 1969 1547
f 4244 2091 935
f 1417 4245 2050
f 3603 4245 1417
f 2670 4245 3603
f 4247 335 2772
f 4149 4247 2772
f 4248 872 2054
f 4090 4248 2054
f 368 2540 4250
f 103 3678 4250
f 876 1663 4252
f 1663 1599 4252
f 4252 2443 876
f 4252 1599 4178
f 4253 3469 1668
f 2308 4255 3123
f 4255 3432 440
f 3432 4255 2308
f 2505 4256 3540
f 3576 4258 3177
f 4260 2741 2747
f 4004 4260 2747
f 1958 1920 4263
f 3062 1958 4263
f 4263 4228 1062
f 4263 1920 4228
f 1729 3641 4264
f 4267 357 4165
f 4270 1802 654
f 3435 3270 4271
f 4272 1979 2659
f 4277 4249 1736
f 4278 1143 26
f 2912 4279 3670
f 3670 4279 3385
f 4280 3547 471
f 3638 3547 4280
f 481 4283 1709
f 4283 2864 1709
f 3122 4283 481
f 542 4284 1738
f 3689 555 4285
f 3689 4285 1755
f 4286 2667 2784
f 878 4287 2004
f 4287 878 3177
f 1162 4288 268
f 1162 3803 4288
f 268 4288 3976
f 4290 1998 2095
f 4292 1357 631
f 1497 4292 631
f 4292 1497 2816
f 1529 4293 409
f 409 4293 3203
f 1568 1726 4294
f 1726 1729 4294
f 1568 4294 3155
f 4294 1729 4264
f 530 4197 4297
f 1968 4299 76
f 1763 2855 4300
f 3340 967 4301
f 4302 3180 1738
f 4306 580 584
f 1723 2220 4307
f 4308 1383 3176
f 4091 4308 3176
f 4309 3553 2484
f 4310 2727 4149
f 2772 4310 4149
f 4310 4199 2727
f 1208 4311 2707
f 4311 1424 2707
f 4311 3613 1424
f 4312 1910 628
f 4313 3191 1748
f 1748 3258 4313
f 481 1709 4314
f 4314 1709 2305
f 2379 481 4314
f 4256 2505 4315
f 4318 1474 1787
f 2587 701 4319
f 701 3148 4319
f 4319 3148 2759
f 4319 4094 2587
f 4322 2033 2783
f 3216 4322 2783
f 4323 1237 2121
f 4324 2168 1093
f 606 53 4331
f 694 4331 141
f 694 606 4331
f 4331 53 3777
f 141 4331 3777
f 4332 2518 2168
f 4324 4332 2168
f 2788 4333 1305
f 2788 1867 4333
f 1305 4333 2859
f 4334 3681 3254
f 1747 4335 2214
f 3856 4335 1747
f 4335 3856 3033
f 1969 4337 1547
f 1547 4337 2374
f 4338 2285 701
f 4338 701 2587
f 1777 4338 2587
f 4339 2330 2142
f 2431 4339 2142
f 4339 3147 2330
f 4342 1301 660
f 3340 1685 4343
f 987 269 4348
f 1980 987 4348
f 3806 4351 2841
f 4352 469 1426
f 4352 2020 1133
f 4352 1548 3230
f 4353 2702 586
f 4357 116 873
f 1783 795 4357
f 873 1783 4357
f 4357 795 3428
f 2136 4360 1785
f 4362 2760 2846
f 3177 2760 4362
f 643 601 4364
f 1060 643 4364
f 4365 943 2067
f 4365 2124 877
f 877 3283 4365
f 3283 943 4365
f 4210 2124 4365
f 4366 43 3245
f 2314 4366 3245
f 3438 4366 2314
f 4364 601 4370
f 4372 134 3353
f 650 1936 4373
f 3170 3878 4376
f 4089 3296 4377
f 4056 4089 4377
f 631 928 4379
f 4379 928 2909
f 3086 4379 2909
f 1179 4380 12
f 4380 1179 1972
f 12 4380 3304
f 3409 4383 3266
f 4384 3513 3267
f 4205 4384 3267
f 4385 1989 2920
f 3282 4385 2920
f 4386 3494 2372
f 4387 3415 3269
f 4388 1099 1836
f 4388 1836 3313
f 1185 3316 4389
f 4390 1060 4102
f 1054 674 4391
f 2691 4394 1210
f 2691 2741 4394
f 1210 4394 2927
f 2283 4397 1821
f 1442 1818 4398
f 3321 2986 4398
f 4398 1818 3899
f 3899 3321 4398
f 4074 1442 4398
f 4398 2986 4074
f 4399 624 1774
f 222 3322 4399
f 3322 624 4399
f 4399 1774 3335
f 939 4401 685
f 3067 4406 4163
f 4407 168 220
f 4407 1329 168
f 1454 4408 319
f 319 4408 3373
f 4408 913 3373
f 1213 2740 4409
f 4409 2740 1672
f 3171 4409 2110
f 4409 1672 3339
f 2110 4409 3339
f 238 1000 4410
f 1000 1262 4410
f 1262 2723 4410
f 4410 2593 2770
f 3341 4410 1405
f 3341 3598 4410
f 4410 3768 3972
f 1065 4412 45
f 4412 1330 45
f 1330 4412 2900
f 4413 3688 176
f 3589 3688 4413
f 4415 1685 3340
f 1685 4415 3963
f 4301 4415 3340
f 2796 4418 1686
f 1686 4418 3308
f 4418 4011 3308
f 4419 1515 365
f 4420 2236 3466
f 4304 4420 3466
f 4421 3866 2794
f 4422 2819 343
f 3340 104 4424
f 4425 1469 2550
f 3359 1469 4425
f 4427 3496 2234
f 3496 4427 2670
f 1853 1888 4428
f 2833 964 4429
f 2833 4429 1767
f 4429 46 3328
f 1767 4429 3328
f 4431 1578 720
f 4431 1996 3054
f 720 3364 4431
f 3364 1996 4431
f 1893 1458 4432
f 4432 4033 671
f 4432 1458 4033
f 4434 1478 3466
f 1478 4434 3744
f 3466 3882 4434
f 4435 1851 631
f 631 2560 4435
f 4435 2560 1832
f 4436 1852 1538
f 4436 3999 1852
f 2133 2421 4439
f 3169 1900 4440
f 1076 4441 3801
f 1839 4443 3277
f 3949 4443 1839
f 3949 3376 4443
f 3142 4445 1
f 1 4445 4236
f 4446 4338 1777
f 4447 1171 3346
f 4417 4447 3346
f 4448 2820 3650
f 3138 496 4449
f 3574 4449 1335
f 4454 2030 867
f 2797 4456 2192
f 2616 4456 2797
f 1848 3385 4459
f 3385 4279 4459
f 1888 3992 4461
f 4428 1888 4461
f 2035 4462 3177
f 4463 1964 2803
f 4464 755 24
f 3087 4469 72
f 4469 3207 72
f 1335 3207 4469
f 563 4471 2125
f 4471 2733 1216
f 742 84 4473
f 2710 4475 2319
f 1436 4476 2554
f 3379 4478 2051
f 2409 1903 4480
f 4480 1903 2856
f 4480 3975 2409
f 3330 3975 4480
f 2787 779 4481
f 779 2911 4481
f 4414 4484 3407
f 4488 4383 3409
f 1807 4490 614
f 614 4490 3412
f 4492 1540 3021
f 1751 4493 1109
f 2446 4493 1751
f 4281 4498 31
f 4500 1741 1
f 511 977 4502
f 4502 473 1306
f 2864 4283 4502
f 4502 4283 3122
f 3248 761 4504
f 768 4195 4505
f 121 4508 1255
f 3340 1368 4509
f 1335 4511 1407
f 4513 2016 3399
f 1340 4514 1468
f 485 4515 484
f 3856 4515 485
f 4515 3856 2358
f 3435 4516 3780
f 619 2789 4517
f 4518 1642 2720
f 4518 2720 3042
f 3442 1642 4518
f 4015 4518 3042
f 168 1329 4519
f 490 1490 4519
f 1329 1972 4519
f 168 4519 3405
f 2016 4513 4519
f 3181 3664 4522
f 4524 2979 3410
f 4525 2537 3413
f 4526 3118 2023
f 604 4527 89
f 4527 3792 89
f 3792 4527 2900
f 1136 4528 2270
f 4528 1136 3177
f 4530 3049 3414
f 4531 244 1175
f 4534 331 1466
f 3458 331 4534
f 1114 3458 4534
f 1 3898 4536
f 1556 102 4540
f 4542 4291 3158
f 4543 2631 1012
f 4543 4104 2631
f 315 845 4544
f 3000 592 4545
f 1448 1249 4546
f 1249 2254 4546
f 4546 2254 1322
f 4549 2936 2913
f 4549 4046 2936
f 4550 3634 2389
f 4551 1864 146
f 1864 4551 2900
f 4551 2967 2900
f 3379 2046 4553
f 4554 2294 3085
f 2727 4555 3086
f 4555 4199 631
f 4199 4555 2727
f 4379 4555 631
f 3086 4555 4379
f 4556 2230 1086
f 1382 4557 3955
f 1538 1852 4558
f 4558 3682 1538
f 1573 2642 4559
f 1573 4559 3482
f 2029 1113 4561
f 1684 2029 4561
f 20 864 4562
f 1755 20 4562
f 4562 2488 1755
f 2114 2354 4563
f 4563 531 2667
f 4563 3044 3095
f 1117 3325 4563
f 4286 1059 4563
f 2667 4286 4563
f 3485 4564 1582
f 4564 4452 1582
f 4565 3668 2193
f 4565 4543 1012
f 1758 4566 2365
f 1 3493 4566
f 4566 3493 2365
f 4566 3924 1
f 3924 4566 1758
f 4567 1867 336
f 4567 336 4371
f 4568 1227 3455
f 3761 4568 3455
f 627 2732 4569
f 4570 3578 631
f 1335 4573 2063
f 2420 875 4574
f 1856 4575 3058
f 3363 4575 1856
f 3595 4576 130
f 4400 3194 4576
f 1628 2008 4578
f 2008 2472 4578
f 1628 4578 4440
f 4440 4578 3169
f 3288 2236 4579
f 2236 4420 4579
f 990 841 4582
f 1352 222 4583
f 347 1352 4583
f 3335 3500 4583
f 4583 222 4399
f 4583 4399 3335
f 4584 3300 2216
f 2216 3916 4584
f 135 465 4587
f 1613 778 4587
f 461 2038 4587
f 2471 492 4587
f 2751 335 4587
f 4587 1226 2751
f 461 4587 3073
f 4587 3226 4094
f 2984 4143 4587
f 4143 4071 4587
f 335 4247 4587
f 4587 2038 4563
f 4588 84 742
f 84 4588 3843
f 4589 3205 2383
f 3690 923 4591
f 3690 4591 3574
f 4591 4449 3574
f 4510 4592 3158
f 3435 2884 4593
f 4594 793 2148
f 4594 3366 1859
f 4597 1179 12
f 2319 4598 2429
f 2429 4598 3144
f 4475 4598 2319
f 4599 529 926
f 959 4600 2431
f 3144 4600 959
f 4600 4339 2431
f 3036 4602 3481
f 4167 4602 3036
f 4603 1612 2397
f 4604 2194 1053
f 4604 1053 3203
f 2257 1220 4605
f 3554 956 4605
f 4605 1220 3554
f 4606 1126 2022
f 4606 3106 1655
f 1589 3286 4607
f 2900 4608 3551
f 4611 1834 1139
f 3043 4612 3517
f 4173 4612 3043
f 2693 4614 3319
f 2586 879 4615
f 2064 882 4618
f 882 2963 4618
f 1334 815 4619
f 2046 889 4619
f 4619 815 3357
f 4619 889 3503
f 3503 1334 4619
f 1244 1566 4620
f 4621 1546 2969
f 4621 3145 1546
f 1717 3145 4621
f 4621 3643 1717
f 3883 2051 4622
f 2051 4478 4622
f 4623 454 3075
f 294 4624 1112
f 4625 2765 1252
f 4626 4071 2564
f 2359 1441 4627
f 2852 95 4627
f 3448 2852 4627
f 4627 1441 3748
f 3748 3448 4627
f 3543 2886 4628
f 4628 2886 3949
f 4628 3949 3275
f 3106 4629 1655
f 4629 1611 3117
f 1655 4629 3117
f 4423 4630 3152
f 2149 325 4631
f 325 2331 4631
f 4631 3265 2149
f 4632 3873 3276
f 3935 4632 564
f 4634 929 2434
f 3666 4634 2434
f 1614 2058 4635
f 631 4637 928
f 672 4638 1103
f 4140 4638 672
f 4494 4639 4259
f 2063 4573 4642
f 2654 4643 3902
f 871 4644 3801
f 2283 1821 4645
f 2233 3104 4647
f 2233 4647 4577
f 2585 3027 4648
f 4648 3653 2585
f 3027 4188 4648
f 1954 1295 4649
f 4649 3416 1954
f 1295 4446 4649
f 4649 4446 1777
f 2457 4650 3529
f 3531 4650 2457
f 910 4367 4651
f 957 2208 4653
f 4364 4370 4653
f 2807 4655 1399
f 4655 3988 1399
f 4106 4657 941
f 3152 4494 4658
f 4658 4494 4259
f 4659 2196 687
f 631 4660 2285
f 2285 4660 701
f 701 4660 3148
f 3627 4660 631
f 4660 3627 3148
f 2384 4661 2698
f 4661 2387 3475
f 4661 3475 2698
f 3576 2387 4661
f 2345 1478 4662
f 1569 2345 4662
f 4662 1478 3744
f 4662 3963 1569
f 1982 4663 97
f 2744 4667 312
f 4667 3376 312
f 3376 4667 4443
f 2328 4669 4638
f 2085 285 4670
f 4670 285 2940
f 2965 2085 4670
f 4671 2897 1797
f 631 4672 999
f 2042 4672 631
f 4672 2042 2087
f 4673 2352 2970
f 2970 2357 4673
f 3823 3595 4674
f 4083 3823 4674
f 4676 1295 1954
f 4676 2845 1295
f 3242 4676 1954
f 1932 3007 4677
f 1932 4677 3545
f 4677 2364 3545
f 1814 4679 2059
f 925 4680 735
f 4680 925 2469
f 3274 4681 2182
f 4681 1133 3591
f 2182 4681 3591
f 1133 4681 4352
f 4681 3274 4352
f 4682 50 1132
f 1132 2127 4682
f 4683 651 1799
f 4683 1799 2814
f 3318 4683 2814
f 4683 3593 651
f 429 523 4688
f 666 3594 4688
f 4689 135 4587
f 2841 4690 3806
f 4692 1385 619
f 1385 4692 3683
f 4693 3552 236
f 4641 1886 4694
f 1307 2099 4695
f 2099 2162 4695
f 4695 4122 1307
f 4696 4495 1530
f 2100 2063 4699
f 4699 2063 4642
f 4642 3659 4699
f 4700 1693 1898
f 4700 2805 1693
f 4701 438 1
f 53 606 4701
f 638 438 4701
f 1 906 4701
f 419 961 4701
f 735 1050 4701
f 1050 929 4701
f 4701 1138 65
f 4701 1425 1197
f 909 1708 4701
f 4701 895 1984
f 2141 520 4701
f 4701 1214 2219
f 2219 1401 4701
f 2226 1679 4701
f 4701 2297 462
f 1251 2325 4701
f 4701 1454 2479
f 1679 2518 4701
f 962 2520 4701
f 2782 2141 4701
f 2808 3103 4701
f 2169 3196 4701
f 4701 3404 2782
f 3411 205 4701
f 4701 3693 2137
f 47 3747 4701
f 4701 3772 2808
f 3781 4701 2145
f 570 3782 4701
f 384 3848 4701
f 4701 2520 4046
f 906 4254 4701
f 4254 3693 4701
f 4701 4327 1318
f 4701 2518 4332
f 913 4408 4701
f 4408 1454 4701
f 4410 4701 1405
f 4701 4470 451
f 4470 4701 4410
f 4701 4525 895
f 2537 4525 4701
f 4701 4601 2226
f 4701 929 4634
f 4702 397 819
f 4702 284 1001
f 4702 1077 993
f 1535 167 4702
f 4702 1591 71
f 1701 4702 1335
f 1458 1893 4702
f 2167 1063 4702
f 2231 397 4702
f 2322 1714 4702
f 2334 1458 4702
f 64 2444 4702
f 4702 2444 1503
f 996 2472 4702
f 4702 2472 2008
f 1460 2574 4702
f 2309 4702 2670
f 4702 167 2779
f 4702 1156 2874
f 993 2878 4702
f 4702 2931 1212
f 4702 1893 2964
f 3005 4702 742
f 71 3150 4702
f 3150 210 4702
f 3165 4702 1701
f 1212 3168 4702
f 3417 1460 4702
f 1 3734 4702
f 1063 3872 4702
f 2964 3912 4702
f 4069 1592 4702
f 4702 4097 540
f 4702 4150 2766
f 3912 4150 4702
f 4329 1156 4702
f 2388 4329 4702
f 755 4464 4702
f 4702 4464 2388
f 2979 4524 4702
f 4686 284 4702
f 4701 1318 4702
f 230 4703 2736
f 4703 830 2736
f 4223 4707 306
f 2279 4707 4223
f 4708 1232 1656
f 3177 4708 1656
f 4258 4708 3177
f 3845 4709 2438
f 3845 3617 4709
f 4710 514 1664
f 4710 574 2664
f 3618 514 4710
f 2664 3618 4710
f 4711 2734 259
f 4711 259 4220
f 947 4712 141
f 4712 961 419
f 2076 961 4712
f 4712 4154 141
f 4712 419 4154
f 1 4713 3131
f 4713 1602 3131
f 4713 3660 1602
f 4369 3660 4713
f 994 957 4714
f 4714 957 4653
f 4653 4370 4714
f 3815 4717 1
f 356 3631 4718
f 4722 518 2084
f 3339 518 4722
f 4724 778 3242
f 1954 4724 3242
f 3416 4724 1954
f 778 4724 4587
f 4587 4724 3416
f 2854 3639 4725
f 4727 252 3642
f 3642 2167 4727
f 4728 3196 976
f 4729 3166 2415
f 4730 2117 2281
f 4731 4427 2234
f 4732 153 238
f 2711 153 4732
f 4732 3079 132
f 3184 4732 2088
f 1933 3301 4732
f 3301 2937 4732
f 4732 738 3510
f 2088 4732 3598
f 4732 238 4410
f 3598 4732 4410
f 4520 738 4732
f 3759 4733 3599
f 2449 1018 4734
f 1907 4736 2232
f 4737 787 631
f 4360 4737 631
f 4737 4360 2136
f 1023 1175 4738
f 978 2138 4740
f 293 4741 2944
f 3083 4742 2539
f 2424 4743 1073
f 4744 2246 2108
f 4746 2309 3571
f 2544 4746 3923
f 3571 3923 4746
f 3732 989 4747
f 3732 4747 3616
f 989 4330 4747
f 4748 4322 3216
f 4749 2421 1344
f 4749 1344 3651
f 4439 2421 4749
f 380 4750 1487
f 2138 4752 4740
f 2355 4753 3401
f 2758 4754 2590
f 4755 300 1442
f 3696 300 4755
f 453 4755 4074
f 4755 1442 4074
f 4757 1377 199
f 4758 2676 2179
f 1866 1046 4761
f 1866 4761 2902
f 2902 4761 3181
f 4761 3664 3181
f 170 2465 4763
f 2465 646 4763
f 4763 646 2970
f 4763 3128 170
f 4764 3858 2326
f 1730 4765 2822
f 932 4767 266
f 932 3670 4767
f 4702 4768 2334
f 396 88 4770
f 396 4770 4166
f 939 4771 3558
f 3558 4771 2448
f 2448 4771 3672
f 1057 632 4772
f 4772 632 4390
f 4773 4246 322
f 4695 2162 4774
f 2029 4775 1113
f 2688 4777 1204
f 4777 182 3294
f 1204 4777 3294
f 182 4777 3945
f 3945 4777 2688
f 294 1022 4778
f 1022 1632 4778
f 38 4779 3765
f 2222 3034 4781
f 4782 732 965
f 764 2688 4782
f 4782 965 3258
f 3335 1774 4783
f 4783 2244 3335
f 375 3686 4783
f 3686 2244 4783
f 4787 1452 9
f 4787 2574 1452
f 695 4788 2606
f 4788 4501 2999
f 4790 2730 3345
f 3345 3739 4790
f 3739 3473 4790
f 4790 3473 4547
f 3304 4793 3115
f 1232 4795 1579
f 1579 4795 2643
f 3701 4796 1525
f 4797 3077 3320
f 4799 2491 3549
f 2197 4800 3282
f 3671 4800 2197
f 4800 4385 3282
f 4801 3518 3331
f 4801 1226 4587
f 3518 4801 4587
f 1653 4802 2729
f 1109 4493 4803
f 4805 1760 2202
f 4806 665 3333
f 3623 4806 3333
f 32 4808 2684
f 1631 4809 2205
f 4809 3351 1645
f 3312 3351 4809
f 3514 3312 4809
f 4212 4809 1631
f 4810 258 1146
f 3565 4810 1146
f 1585 4811 398
f 398 4811 3726
f 4811 1590 3726
f 4267 4812 357
f 4813 2207 513
f 4813 513 3155
f 3155 4294 4813
f 4294 4264 4813
f 3367 4817 1845
f 1120 154 4818
f 1152 1120 4818
f 4818 154 3909
f 4819 2262 3239
f 3520 2262 4819
f 3841 3520 4819
f 2588 1122 4820
f 4822 3325 1855
f 3711 1215 4822
f 1855 3711 4822
f 4823 727 1
f 4430 727 4823
f 519 4824 1147
f 1147 4824 749
f 519 2174 4824
f 2174 693 4824
f 4824 693 3371
f 4824 3371 749
f 1106 4825 370
f 4825 3337 370
f 4826 2998 1922
f 4826 1411 4590
f 1037 1124 4828
f 3703 3487 4828
f 1071 953 4829
f 4829 2221 1071
f 1125 2467 4830
f 2473 1125 4830
f 3315 3209 4834
f 3906 1370 4834
f 4836 121 1255
f 3741 121 4836
f 4701 2325 4837
f 772 3743 4838
f 1 201 4839
f 634 2483 4840
f 4840 2483 1180
f 4840 2567 634
f 4841 2578 631
f 631 2847 4841
f 4841 2847 2232
f 4845 1220 3340
f 1220 4845 3554
f 4846 2812 617
f 2941 4846 1831
f 4846 617 3710
f 1831 4846 3710
f 1897 2277 4847
f 4847 1334 3503
f 1897 4847 3837
f 3837 4847 3503
f 2237 3158 4849
f 4162 2237 4849
f 3754 3262 4850
f 4850 3262 4382
f 575 1098 4851
f 4852 1992 2240
f 636 4854 338
f 4854 3645 338
f 104 4858 2500
f 4858 104 3340
f 4859 2158 387
f 3153 1151 4860
f 1151 4107 4860
f 2363 4861 392
f 1150 4179 4861
f 3667 4862 3948
f 1537 3030 4863
f 1537 4863 3343
f 4863 3030 4587
f 1356 4864 3670
f 4865 2248 1755
f 3303 4868 2173
f 4868 1355 3731
f 2173 4868 3731
f 4870 731 435
f 731 4870 1335
f 4870 3207 1335
f 4701 4873 47
f 4874 3810 2117
f 1175 1697 4876
f 1175 4876 4738
f 3023 4877 2707
f 2177 3378 4877
f 4877 3378 2707
f 1496 4879 313
f 313 4879 3742
f 4879 3259 3742
f 53 4880 3777
f 4880 53 4701
f 4701 4762 4880
f 2214 4881 2710
f 4335 4881 2214
f 4881 4335 3033
f 4881 4475 2710
f 1974 4882 2942
f 4882 2851 2942
f 2851 4882 3918
f 1838 4883 1991
f 1838 2563 4883
f 4883 2563 3212
f 3340 2576 4885
f 4885 4845 3340
f 773 4886 1899
f 4887 1510 2275
f 4251 4887 2275
f 4890 4347 3056
f 4891 4733 3759
f 746 1194 4892
f 1871 4892 502
f 746 4892 1871
f 4736 4894 2279
f 3761 4895 4568
f 4611 4895 3761
f 1145 4896 631
f 2280 4896 1145
f 3433 4896 2280
f 4213 2322 4897
f 631 4899 1145
f 4397 4899 631
f 4899 4397 2283
f 4900 3728 267
f 1693 4901 1898
f 904 4902 631
f 2317 4902 904
f 3506 4902 2317
f 2062 4903 899
f 4903 344 3766
f 899 4903 3766
f 4904 3389 3056
f 4905 3732 3616
f 3801 3289 4906
f 4906 3289 4368
f 3340 1604 4907
f 4907 3575 3340
f 599 4912 1719
f 1282 4913 155
f 155 4913 3842
f 2476 1403 4915
f 275 4917 1121
f 275 2371 4917
f 2371 579 4917
f 4917 579 3169
f 1121 4917 3621
f 1085 4918 3706
f 2224 2298 4919
f 1245 4920 2715
f 3404 4920 1245
f 4701 4920 3404
f 367 2344 4923
f 2344 1115 4923
f 4923 1115 3674
f 4923 3674 2017
f 4924 971 1335
f 971 4924 3587
f 1335 3828 4924
f 4925 2410 3784
f 2410 4925 4702
f 4799 4925 3784
f 2050 4926 2721
f 4245 4926 2050
f 4926 4245 2670
f 4269 329 4927
f 4930 2019 471
f 364 1196 4931
f 4931 3019 4063
f 1062 4228 4932
f 4933 1813 1
f 3377 2178 4935
f 4182 1240 4935
f 4935 2178 4182
f 1951 3454 4936
f 3454 2338 4936
f 631 2134 4938
f 4938 2134 2286
f 3630 4938 2286
f 4715 4939 1571
f 134 4941 3353
f 3369 4942 3807
f 4942 3471 3807
f 4410 3471 4942
f 3369 4470 4942
f 4942 4470 4410
f 4943 3031 2731
f 4701 4943 2169
f 3031 4943 4701
f 4033 2334 4944
f 2334 4768 4944
f 4947 4945 3158
f 244 4949 1697
f 1697 4949 688
f 1223 4607 4951
f 4953 4414 1819
f 1580 4954 3056
f 1656 4955 3177
f 1494 2572 4956
f 361 3553 4956
f 4956 3553 3800
f 1494 4956 3824
f 4956 3800 3824
f 830 1238 4961
f 1526 2984 4963
f 1526 4963 3476
f 4587 4963 2984
f 631 1357 4966
f 4966 1357 3398
f 4967 4032 2921
f 2922 4968 1439
f 3730 4968 2922
f 3507 1277 4969
f 4969 4373 3507
f 1481 4970 1188
f 4970 3291 1188
f 4971 2708 507
f 3430 4973 2758
f 4973 4754 2758
f 4804 4974 3489
f 4975 4516 3435
f 4593 4975 3435
f 4976 1965 2103
f 4976 3698 3937
f 4977 2367 1257
f 1042 1260 4978
f 1260 4416 4978
f 1042 4978 4830
f 4979 576 3855
f 2645 4980 389
f 389 4980 2785
f 4980 3306 2785
f 4980 2645 4702
f 4980 4702 3306
f 4981 96 3893
f 4982 3781 3858
f 3781 4982 4701
f 4314 4983 2379
f 1 1835 4985
f 4985 3959 1
f 2687 3481 4986
f 4986 3794 2687
f 4356 4987 2892
f 99 781 4989
f 1378 1972 4989
f 4989 1972 1427
f 2273 2091 4989
f 2796 2030 4989
f 2653 2917 4989
f 2651 3495 4989
f 3897 4989 1427
f 1261 4237 4989
f 4989 4237 1383
f 4293 1529 4989
f 1383 4308 4989
f 4989 4418 2796
f 4011 4418 4989
f 4532 509 4989
f 1227 4568 4989
f 4729 4989 3897
f 4568 4895 4989
f 2390 4990 3505
f 3900 4990 2390
f 4991 2871 625
f 1272 4358 4993
f 4820 2507 4993
f 2867 4994 2689
f 2689 4994 3522
f 3389 4995 3056
f 3241 1276 4996
f 2923 3566 4996
f 4996 3566 3241
f 1276 3702 4996
f 1467 1231 4997
f 2628 3903 4997
f 3903 3279 4997
f 4361 1467 4997
f 4997 3279 4361
f 991 4998 1824
f 4998 2988 1912
f 5000 1257 1922
f 4977 1257 5000
f 4187 4977 5000
f 1572 5001 408
f 408 5001 3879
f 5001 754 3879
f 1565 2399 5002
f 1565 5002 3091
f 2399 3854 5002
f 5003 2036 282
f 5003 3103 2036
f 5004 3984 1335
f 379 5006 525
f 5006 379 1324
f 525 5006 2632
f 2444 64 5007
f 5007 64 2673
f 4039 2444 5007
f 1 2957 5008
f 5008 2957 2440
f 5009 3400 3056
f 1576 5011 448
f 5011 489 1646
f 448 5011 2504
f 5011 1646 2504
f 3914 489 5011
f 1576 3914 5011
f 5013 2971 2809
f 598 3654 5013
f 5013 3654 2971
f 5014 3055 1545
f 2721 5015 2849
f 2670 4057 5015
f 5015 4057 2849
f 5015 4926 2670
f 4926 5015 2721
f 1617 5016 440
f 5016 1617 3894
f 3548 5016 3894
f 440 5016 4636
f 3548 4636 5016
f 2892 5018 4080
f 4987 5018 2892
f 846 5019 604
f 5019 4527 604
f 4527 5019 2900
f 64 5020 2673
f 5020 64 4702
f 3421 2205 5022
f 2205 3905 5022
f 5022 3905 4959
f 581 5024 809
f 2804 5024 581
f 1190 5025 2274
f 676 5025 2355
f 2355 5025 1190
f 939 5026 80
f 1271 5026 939
f 5026 1271 3925
f 1018 5027 4734
f 3389 4904 5027
f 3966 223 5028
f 4901 5030 3928
f 2395 1926 5034
f 3584 1325 5034
f 5034 1926 4538
f 4538 3584 5034
f 5035 1660 1520
f 5035 1599 1663
f 5035 2162 2099
f 3538 1211 5035
f 5035 1211 3847
f 5035 690 4751
f 5035 526 4752
f 2138 5035 4752
f 1279 650 5036
f 5036 650 4373
f 5036 4373 4969
f 4569 5038 627
f 5039 2506 3936
f 4972 5039 3936
f 4989 2506 5039
f 2481 1331 5040
f 5040 1331 3883
f 3883 4213 5040
f 4213 4897 5040
f 5041 3538 5035
f 1632 1022 5042
f 5042 1270 2198
f 2198 1353 5042
f 2626 2000 5042
f 2905 2414 5042
f 2963 882 5042
f 274 3108 5042
f 5042 1740 3119
f 5042 3601 2905
f 1201 3769 5042
f 3811 272 5042
f 5042 3834 1740
f 3090 3834 5042
f 5042 4358 1272
f 3423 4358 5042
f 5042 3452 4381
f 4483 1971 5042
f 4853 4726 5042
f 5043 2837 2436
f 3814 5045 939
f 5045 3814 3983
f 5046 1302 128
f 1011 5047 213
f 1494 5047 2572
f 849 5047 3399
f 5047 3409 3266
f 5047 4815 4780
f 54 5048 630
f 5048 54 3555
f 4610 5048 3555
f 280 5049 1416
f 5049 280 2942
f 5051 926 215
f 5051 4599 926
f 1340 1468 5052
f 5053 4344 3356
f 3866 5056 2794
f 2794 5056 3958
f 4209 5057 3922
f 1110 5059 5042
f 5059 1659 5042
f 2750 3868 5060
f 2750 5060 3960
f 1353 2198 5061
f 3566 1353 5061
f 1240 5062 4935
f 751 5063 1883
f 5063 751 3801
f 3801 4499 5063
f 5064 2312 3539
f 3945 2312 5064
f 4663 5064 3539
f 2472 996 5067
f 5067 996 3621
f 4578 2472 5067
f 4578 5067 3169
f 3169 5067 4917
f 4917 5067 3621
f 4117 5068 1399
f 3662 5069 4138
f 5069 2702 4353
f 4138 5069 4353
f 5069 4875 2702
f 5071 2843 5042
f 2870 5072 2866
f 3397 5073 125
f 5073 3397 3547
f 3638 5073 3547
f 1 5075 917
f 5072 5075 1
f 5075 5072 2870
f 885 2206 5076
f 5077 1924 2477
f 4160 2768 5078
f 324 1072 5079
f 5079 2577 324
f 1395 5080 682
f 5080 2361 682
f 2361 5080 1335
f 3348 5081 2220
f 2220 5081 3943
f 2540 368 5082
f 5082 368 2972
f 2853 1414 5083
f 2853 5083 2459
f 1414 2973 5083
f 5084 1144 1225
f 5084 2545 254
f 5084 1225 2545
f 2848 5084 254
f 4646 1144 5084
f 2848 4646 5084
f 5086 2332 3418
f 15 4005 5086
f 4005 2332 5086
f 3008 5087 3006
f 1734 5089 290
f 3610 5089 1734
f 5091 739 4009
f 4347 5092 3056
f 2265 3505 5093
f 5093 3749 2265
f 5094 1907 204
f 5094 4482 1907
f 4595 5094 204
f 5095 1905 3955
f 3632 5096 1564
f 3615 5096 3632
f 5097 2341 491
f 5097 3463 2341
f 4231 5097 491
f 5098 320 1739
f 5098 2018 470
f 103 5099 2679
f 5099 103 4250
f 2196 5100 687
f 687 5100 3623
f 5100 4806 3623
f 5102 1950 4250
f 4476 1950 5102
f 5104 3426 652
f 5104 2339 3426
f 4022 2339 5104
f 4392 5105 2040
f 5106 2300 793
f 5106 793 4594
f 1859 5106 4594
f 3888 3993 5107
f 2759 2083 5108
f 5108 4242 2759
f 1637 5109 439
f 439 5109 4023
f 1398 3096 5110
f 2514 3130 5112
f 3809 2514 5112
f 5113 1820 664
f 5115 3531 3973
f 1335 5116 1926
f 2100 5116 1335
f 1926 5116 4538
f 1166 2527 5118
f 2780 5118 2318
f 5119 3255 1335
f 5121 308 3640
f 3278 5121 3640
f 4760 5121 3278
f 3002 5122 1928
f 5122 804 3987
f 1928 5122 3987
f 1346 1947 5123
f 5123 3403 3990
f 2678 5125 3918
f 2678 4041 5125
f 5127 3452 5042
f 2789 1131 5129
f 3295 3198 5129
f 5129 1131 3492
f 3492 3295 5129
f 5130 3427 330
f 5052 1468 5130
f 5131 1986 1108
f 5132 2580 2553
f 686 5133 2266
f 686 2453 5133
f 2453 1472 5133
f 1198 5134 3534
f 5135 1692 4021
f 334 4272 5137
f 5137 4272 2659
f 688 5137 4403
f 4949 5137 688
f 3795 5137 4949
f 2732 5138 4569
f 752 762 5139
f 5139 1915 752
f 5142 257 1052
f 1877 257 5142
f 2209 1205 5142
f 1459 2292 5142
f 5142 3329 2865
f 5142 3342 3063
f 1052 3419 5142
f 5142 2503 4027
f 5142 2292 4045
f 4045 2503 5142
f 1171 4447 5142
f 4650 3531 5142
f 4704 5142 4027
f 5142 5115 304
f 3531 5115 5142
f 1692 5135 5142
f 1401 2219 5143
f 2356 1401 5143
f 2356 5143 2076
f 3451 5144 2519
f 5144 3573 2519
f 2366 5145 3638
f 5145 3846 125
f 3846 5145 2366
f 125 5073 5145
f 5145 5073 3638
f 1435 5146 718
f 5146 2559 718
f 4153 2569 5146
f 5147 2928 2989
f 265 4116 5148
f 5148 4116 3818
f 5148 3818 4921
f 5148 4921 3911
f 57 2876 5151
f 5152 3219 2113
f 5153 1373 2993
f 5154 3911 1849
f 5154 2840 3911
f 4080 2840 5154
f 4017 4080 5154
f 4796 1090 5155
f 2332 5156 3418
f 121 3741 5156
f 2332 4005 5156
f 4508 121 5156
f 2355 5156 4753
f 5156 3741 4753
f 946 5157 441
f 4049 5157 946
f 1513 69 5158
f 1037 5158 2111
f 5158 69 3830
f 5158 3830 2111
f 5159 1186 4055
f 1100 5160 3717
f 5035 5160 1100
f 1463 5160 5035
f 4203 5161 4091
f 5161 4308 4091
f 4308 5161 4989
f 159 5162 733
f 4608 5162 159
f 5162 4608 2900
f 3328 5166 1767
f 1912 5166 3328
f 4962 5167 1335
f 438 5169 1
f 5169 438 2976
f 1970 5169 2976
f 1 5169 4171
f 4171 5169 1970
f 2130 2627 5170
f 2627 4031 5170
f 3340 748 5171
f 1475 3159 5172
f 1087 5172 3779
f 1194 5173 4892
f 4118 637 5174
f 1277 5174 4969
f 5176 1568 936
f 1964 5177 2562
f 2562 5177 2842
f 4585 5177 1964
f 909 5178 4617
f 4701 5178 909
f 3334 5180 3333
f 3333 5180 3623
f 5180 4225 3623
f 120 1486 5181
f 405 5182 5070
f 1522 5185 3023
f 3665 5185 1522
f 5185 3665 2177
f 4877 5185 2177
f 5185 4877 3023
f 3946 1533 5186
f 88 5187 4770
f 2155 3153 5189
f 3542 2155 5189
f 1751 5191 3178
f 4749 5192 4439
f 2529 5194 1017
f 2529 1199 5194
f 1017 5194 3727
f 35 2160 5195
f 1453 5195 3853
f 2178 1544 5196
f 2178 5196 4182
f 5197 2122 1534
f 5198 4572 3459
f 5199 4173 4092
f 4106 5200 2620
f 5201 1874 4129
f 4410 1874 5201
f 4491 5201 4129
f 5202 4311 1208
f 5203 540 771
f 4159 5203 771
f 540 5203 4702
f 5207 3797 776
f 4539 3805 5209
f 5210 4878 2585
f 5210 4909 3771
f 4462 5211 3177
f 5212 1694 440
f 5212 1029 1694
f 5212 440 4105
f 1348 5213 3046
f 3532 5213 1348
f 4937 5214 3460
f 4144 4814 5215
f 5216 1504 550
f 5217 2761 3711
f 3381 5217 3711
f 4910 5217 3381
f 5218 683 1822
f 4145 683 5218
f 5220 1607 414
f 414 1932 5220
f 1932 3545 5220
f 5221 991 1824
f 2674 991 5221
f 2326 2674 5221
f 5221 3408 2326
f 1575 360 5222
f 2284 1575 5222
f 2289 5222 1294
f 2284 5222 2289
f 5222 360 4087
f 5222 4087 1294
f 5223 164 1335
f 5224 3510 2403
f 3352 5225 1
f 5225 3352 3055
f 939 5227 3219
f 3219 5227 2113
f 2113 5227 4119
f 5228 4000 113
f 1152 4818 5230
f 2408 5232 161
f 5232 2408 2401
f 161 5232 3032
f 3032 5232 2401
f 1539 2536 5233
f 2686 5235 3393
f 1190 5236 2355
f 5236 5156 2355
f 5237 285 1446
f 285 5237 2940
f 5239 1733 3158
f 1733 5239 4265
f 1550 2947 5240
f 4102 1550 5240
f 5240 4390 4102
f 4772 4390 5240
f 4529 3821 5241
f 5242 252 4727
f 1137 1587 5243
f 861 2787 5244
f 2787 4481 5244
f 547 2894 5245
f 2904 5247 1753
f 4135 5248 74
f 2106 318 5249
f 4221 5251 3177
f 3050 403 5253
f 1202 3498 5253
f 4108 3050 5253
f 5253 3498 4108
f 4344 5253 817
f 5254 3246 4142
f 3246 5254 5142
f 5256 3734 1556
f 1072 5256 5079
f 1602 3660 5257
f 5259 4273 2804
f 4375 4070 5260
f 5262 270 4187
f 5000 5262 4187
f 5263 4835 3704
f 2350 5264 3474
f 2350 3482 5264
f 3482 4268 5264
f 1977 5265 506
f 3537 5265 1977
f 5265 4158 506
f 4158 5265 3027
f 3027 5265 4188
f 5265 3537 4188
f 4045 5268 317
f 5269 3033 3101
f 4598 4475 5269
f 3033 5269 4881
f 5269 4475 4881
f 4832 5271 4155
f 1191 5272 399
f 1086 5272 1191
f 5273 3261 2151
f 107 1552 5275
f 3592 107 5275
f 1184 4230 5276
f 5277 59 1185
f 4198 59 5277
f 2821 5278 3177
f 1616 1513 5279
f 3487 1616 5279
f 4828 5279 1037
f 3487 5279 4828
f 5279 5158 1037
f 5279 1513 5158
f 5281 1384 843
f 3440 5281 843
f 4702 1384 5281
f 844 1570 5282
f 844 5282 4274
f 733 5283 846
f 5283 5019 846
f 2900 5019 5283
f 5162 5283 733
f 5283 5162 2900
f 5284 1047 1542
f 1542 2766 5284
f 2766 4150 5284
f 137 5285 2521
f 5285 137 3805
f 3149 5286 1705
f 1705 5286 3806
f 5286 4351 3806
f 5246 5289 4208
f 5290 3961 4172
f 5142 3961 5290
f 2825 5292 1941
f 1941 5292 4489
f 5293 5057 4209
f 4410 5057 5293
f 5294 3016 3080
f 4778 1632 5295
f 2459 5083 5295
f 5296 2694 112
f 1624 2694 5296
f 4177 1624 5296
f 3865 5297 3083
f 5297 4742 3083
f 2539 5299 3084
f 4742 5299 2539
f 1394 2712 5300
f 2712 2599 5300
f 5300 2599 5176
f 5301 953 1071
f 5301 2107 953
f 2549 5302 4172
f 5302 4950 3884
f 2323 5303 813
f 813 5303 3778
f 5303 1775 3778
f 4282 5304 4184
f 5306 551 1711
f 5306 4221 551
f 3343 5307 1537
f 3281 5307 3343
f 1571 3577 5308
f 339 5309 680
f 836 5309 339
f 680 5309 2989
f 2801 5310 1345
f 1603 5261 5310
f 953 5311 4829
f 1023 5312 1175
f 5313 4513 3399
f 5047 5313 3399
f 4701 5314 2213
f 2677 5315 1320
f 3942 5315 2677
f 5316 1598 2664
f 2664 2854 5316
f 4256 1598 5316
f 3540 4256 5316
f 2854 4725 5316
f 5316 4725 3540
f 4258 3576 5317
f 5317 4661 2384
f 5317 3576 4661
f 651 5318 1799
f 5320 2749 232
f 5320 232 2832
f 5320 4206 2749
f 4206 5320 2832
f 3441 5321 1982
f 1982 5321 3860
f 382 5322 4112
f 5323 1168 1446
f 1446 2746 5323
f 1168 5323 3808
f 5324 3850 3827
f 5326 1529 4194
f 1529 5326 4989
f 5327 1296 1684
f 4561 5327 1684
f 5328 3310 1254
f 3516 3001 5329
f 4084 5329 1724
f 3516 5329 4084
f 3001 4664 5329
f 5330 393 1541
f 2748 5330 911
f 4232 393 5330
f 2748 4232 5330
f 3068 4164 5331
f 3068 5331 4200
f 4486 144 5332
f 5333 1267 188
f 5334 1384 4702
f 4685 5337 4203
f 5337 5161 4203
f 4989 5161 5337
f 5338 4312 628
f 5339 4384 4205
f 5340 2129 2457
f 5340 3193 2129
f 3529 1946 5340
f 3529 5340 2457
f 3343 5341 3840
f 4863 5341 3343
f 4863 4587 5341
f 5342 1451 1388
f 3819 1451 5342
f 1388 4240 5342
f 3009 2328 5345
f 4067 5345 4140
f 5345 2328 4638
f 5345 4638 4140
f 4250 1950 5346
f 2773 986 5347
f 5347 986 3606
f 2011 5349 1706
f 5349 2267 1706
f 4249 4277 5350
f 5351 464 1917
f 1917 2738 5351
f 2738 3435 5351
f 3700 5352 3124
f 3863 5352 3700
f 2117 5353 875
f 2595 5353 2117
f 875 5353 4574
f 3398 4916 5354
f 5354 4966 3398
f 2081 2150 5355
f 5356 2354 809
f 5357 3560 2071
f 2295 5360 3269
f 5361 983 2101
f 5361 2101 3970
f 4222 983 5361
f 727 5362 1
f 3257 5363 2745
f 5364 5301 1071
f 5365 2424 1073
f 5365 3302 2172
f 2119 3632 5366
f 5366 2044 3861
f 2119 5366 3861
f 4333 2044 5366
f 198 5367 4386
f 5367 5010 3887
f 1363 5368 203
f 1363 2790 5368
f 2790 3010 5368
f 5369 3060 1335
f 5370 1376 198
f 5370 2372 1406
f 198 4386 5370
f 4386 2372 5370
f 1868 5371 2187
f 1868 3025 5371
f 3025 2133 5371
f 5371 2133 4439
f 2187 5371 5192
f 5192 5371 4439
f 3006 5087 5372
f 5373 1350 2233
f 1682 5375 491
f 491 5375 4231
f 5375 1001 4231
f 1001 5375 4702
f 5375 1682 4702
f 5376 23 742
f 23 5376 3758
f 4202 5376 742
f 3482 5377 4268
f 4559 5377 3482
f 5379 4342 660
f 5379 4937 3460
f 3526 1875 5380
f 4416 1260 5380
f 3319 194 5381
f 5381 2693 3319
f 3728 1659 5382
f 1659 5059 5382
f 5384 2509 173
f 2509 5384 1440
f 5384 173 4275
f 5384 4275 1440
f 2651 5386 1547
f 1547 5386 4244
f 5386 2091 4244
f 4989 2091 5386
f 5386 2651 4989
f 5387 637 4118
f 637 5387 4395
f 1697 688 5388
f 688 4403 5388
f 1697 5388 4876
f 5388 4738 4876
f 1914 1700 5390
f 1700 2983 5390
f 3383 133 5391
f 5391 133 5350
f 5350 4277 5391
f 5392 167 2764
f 2779 167 5392
f 5393 2912 3971
f 4279 2912 5393
f 5393 1822 4459
f 4459 4279 5393
f 5218 1822 5393
f 5394 832 4100
f 1429 5394 4100
f 164 5223 5394
f 5394 5223 832
f 1708 909 5395
f 947 1708 5395
f 5395 909 4617
f 947 5395 4712
f 5395 4617 4712
f 2066 3013 5396
f 2066 5396 3851
f 4474 5397 3852
f 5398 2541 1030
f 1884 172 5399
f 3980 5399 3755
f 5399 4040 1884
f 5399 172 5231
f 3755 5399 5231
f 2004 4287 5400
f 2669 5401 1287
f 2746 4006 5401
f 5402 1669 1753
f 2075 6 5402
f 6 2566 5402
f 5402 2566 854
f 5402 332 2726
f 1925 5403 1
f 5403 3713 1
f 5406 2072 460
f 460 3989 5406
f 1139 5408 935
f 1834 5408 1139
f 3756 2795 5409
f 203 5368 5409
f 5410 5003 282
f 4869 5003 5410
f 5141 2661 5411
f 5274 5141 5411
f 2267 5412 610
f 4487 3968 5413
f 5414 395 4298
f 5415 862 2871
f 1049 2189 5416
f 1049 5416 4270
f 5416 1802 4270
f 5416 2189 5142
f 5417 65 4303
f 65 5417 4701
f 215 926 5418
f 5418 3896 215
f 21 1741 5419
f 1741 4500 5419
f 262 5420 2803
f 2903 5420 262
f 5421 713 3179
f 3755 5421 3179
f 1845 4817 5422
f 4817 4181 5422
f 1621 1744 5424
f 1744 2212 5424
f 5425 1143 4278
f 1143 5425 4701
f 1711 5426 5306
f 4503 1122 5427
f 5428 5304 4282
f 5304 5428 4702
f 2933 5404 5429
f 2765 5431 1252
f 2741 5431 2765
f 1252 5431 3889
f 413 5433 3177
f 2743 5434 1265
f 1265 5434 3895
f 5435 2146 992
f 5436 795 1783
f 5436 513 2207
f 1085 2974 5436
f 2974 3789 5436
f 4151 3 5436
f 446 4151 5436
f 5436 2207 4186
f 4186 3737 5436
f 5436 3 4918
f 5436 4918 1085
f 4295 5035 5436
f 4970 5437 3291
f 3390 5439 3873
f 5441 1299 127
f 5441 127 1932
f 2147 5441 1932
f 5443 1222 55
f 3951 5443 1809
f 297 5447 2834
f 2949 5447 297
f 5447 3519 2834
f 5085 5448 4305
f 1740 3834 5451
f 5452 2865 1809
f 5452 55 3459
f 5443 55 5452
f 1809 5443 5452
f 3553 5454 3800
f 5454 3553 4309
f 5455 3900 3938
f 5456 3037 1586
f 5456 3320 4177
f 772 5457 2522
f 5458 4563 3095
f 5459 5141 5274
f 645 1749 5460
f 5460 3525 645
f 3370 3525 5460
f 1914 5461 150
f 1789 3135 5461
f 1751 1603 5462
f 2662 5462 1118
f 2662 1751 5462
f 5462 1603 5310
f 1232 4708 5463
f 1229 5464 1015
f 2665 5465 2930
f 5465 3628 2930
f 631 888 5466
f 3850 5466 2337
f 5466 888 3956
f 2337 5466 3956
f 2451 1250 5467
f 3676 5469 3957
f 3676 5149 5469
f 4563 5469 5149
f 5470 1894 1026
f 4300 2855 5470
f 5471 16 2675
f 2856 16 5471
f 4480 2856 5471
f 5471 3330 4480
f 1204 3294 5472
f 5472 3655 2148
f 1959 479 5473
f 2333 1959 5473
f 5473 3419 2333
f 5474 4051 2900
f 5474 4412 1065
f 2900 4412 5474
f 3036 2687 5475
f 5475 4167 3036
f 2120 3104 5477
f 3104 2359 5477
f 4627 95 5477
f 5477 2359 4627
f 1543 5478 359
f 1543 939 5478
f 359 5478 4336
f 5335 5480 2862
f 5087 299 5481
f 5481 4486 5372
f 5087 5481 5372
f 3079 5482 1969
f 1969 5482 4337
f 5482 3079 4732
f 5483 4531 1175
f 5312 5483 1175
f 4701 5484 741
f 1768 1987 5487
f 3679 1768 5487
f 5487 1827 3679
f 2513 5488 3974
f 5488 3950 3974
f 2513 4066 5488
f 1429 305 5490
f 305 2073 5490
f 1350 5491 3695
f 5491 1350 5373
f 1780 4458 5493
f 5494 440 105
f 5494 427 1292
f 5494 1609 424
f 1292 2475 5494
f 2475 1609 5494
f 424 3380 5494
f 5494 589 4354
f 1350 5495 2233
f 2233 5495 1441
f 1441 5495 3748
f 466 5496 1597
f 466 2460 5496
f 1597 5496 2660
f 1784 382 5498
f 3017 1784 5498
f 5498 382 4112
f 5498 4112 4297
f 2213 5499 4701
f 5499 5178 4701
f 192 5500 2436
f 5500 3604 4250
f 4449 496 5500
f 1335 4449 5500
f 4702 1714 5500
f 5500 3474 4702
f 5501 2663 2913
f 5501 3747 2663
f 5503 3418 4163
f 4163 4406 5503
f 5086 3418 5503
f 5504 4676 3242
f 3715 5506 2239
f 5506 1096 3965
f 2239 5506 3965
f 1096 5506 4563
f 4563 5506 3715
f 2908 1142 5507
f 1761 2908 5507
f 5507 1142 3756
f 3756 3307 5507
f 3245 5508 2314
f 3762 1846 5509
f 1846 3871 5509
f 1419 4126 5509
f 5509 4126 3762
f 1951 2919 5510
f 2919 2617 5510
f 858 3718 5510
f 5510 3718 1951
f 5164 858 5510
f 5510 2617 5164
f 5511 3494 4386
f 3494 5511 4950
f 3324 1813 5513
f 1813 4933 5513
f 748 5514 3128
f 5514 748 3340
f 3476 5515 3981
f 4963 5515 3476
f 5515 4963 4587
f 2999 5516 3989
f 4501 5516 2999
f 3524 5516 4501
f 2964 1893 5517
f 5517 1893 4432
f 2209 5519 1116
f 5519 724 4396
f 1116 5519 4396
f 724 5519 5142
f 5142 5519 2209
f 1917 893 5520
f 3889 5522 4004
f 4260 5522 2741
f 5522 4260 4004
f 5522 5431 2741
f 5431 5522 3889
f 1107 5523 1106
f 5523 4825 1106
f 2709 5524 3740
f 546 5525 1107
f 5004 5525 546
f 5525 5004 1335
f 5525 5523 1107
f 630 5526 383
f 4156 5526 630
f 5526 4156 4014
f 5528 1682 491
f 491 2341 5528
f 3082 1304 5528
f 2341 3082 5528
f 5529 3064 4701
f 5530 4157 2953
f 5530 5229 4157
f 1972 1329 5531
f 5531 1329 4407
f 371 937 5532
f 3107 371 5532
f 5532 2895 3107
f 1835 2813 5533
f 3709 5533 1673
f 5534 1918 429
f 5534 1076 2176
f 2311 1918 5534
f 2176 2311 5534
f 429 4441 5534
f 4441 1076 5534
f 3039 1870 5535
f 1725 3527 5535
f 5536 2293 3383
f 4442 2293 5536
f 2182 2982 5538
f 2982 2493 5538
f 5538 3274 2182
f 5538 2493 4485
f 2650 1394 5539
f 4889 5541 5042
f 1694 5542 2492
f 4484 5542 1694
f 4414 5542 4484
f 4953 5542 4414
f 5380 1260 5543
f 568 5544 391
f 5544 1102 391
f 1731 5544 568
f 1731 1875 5544
f 5545 1013 315
f 4544 5545 315
f 2823 5546 3597
f 5547 4447 4417
f 5547 724 5142
f 5142 4447 5547
f 5548 2546 2077
f 2419 5549 1304
f 1515 5549 2492
f 2492 5549 2419
f 1304 5549 4419
f 5549 1515 4419
f 1347 5550 179
f 179 5550 4421
f 5550 3866 4421
f 2670 5552 598
f 3355 5552 2380
f 4702 2380 5552
f 4702 5552 2670
f 3264 1412 5553
f 1412 3271 5553
f 4078 3836 5553
f 5553 5324 169
f 3850 5324 5553
f 3836 5336 5553
f 5553 631 5466
f 5466 3850 5553
f 3466 5555 1823
f 1823 5555 4124
f 1272 5558 5042
f 2242 1479 5559
f 1667 2932 5559
f 1479 3808 5559
f 5559 3808 1667
f 5560 4354 4184
f 538 5561 1140
f 4999 5561 538
f 290 5562 3191
f 3191 5562 1748
f 1748 5562 4048
f 2810 5564 4049
f 4363 5564 2810
f 3208 5565 4701
f 5565 5314 4701
f 4530 5566 3049
f 1862 2672 5567
f 3813 1862 5567
f 5567 3022 3813
f 4615 3022 5567
f 5568 3380 2252
f 5569 3820 2717
f 2112 5570 125
f 5570 2112 4093
f 2974 1085 5571
f 5571 1085 3706
f 3035 5572 4701
f 4701 5572 5529
f 652 4472 5575
f 4472 4442 5575
f 5575 5104 652
f 5575 4442 5536
f 5576 891 612
f 5576 612 1207
f 2524 891 5576
f 3127 5576 1207
f 5577 854 1941
f 4489 5577 1941
f 854 5577 5402
f 5578 2999 460
f 5578 4079 2606
f 2606 4788 5578
f 4788 2999 5578
f 3212 1823 5579
f 5579 1823 4124
f 1991 4883 5579
f 4883 3212 5579
f 1381 403 5580
f 403 3050 5580
f 5581 469 4352
f 823 5582 1972
f 5582 823 4487
f 5413 5582 4487
f 1878 620 5583
f 4348 269 5583
f 5583 620 4348
f 5584 1967 3084
f 5584 3195 975
f 3922 5585 4491
f 5057 5585 3922
f 5585 5057 4410
f 5201 5585 4410
f 5585 5201 4491
f 143 5586 1
f 5586 143 3384
f 1327 5586 3384
f 5586 3521 1
f 3521 5586 1327
f 34 5587 440
f 5587 34 4453
f 1751 5588 1603
f 225 3053 5588
f 3189 5588 1751
f 3658 2877 5588
f 5588 5261 1603
f 2877 5261 5588
f 1335 5589 1593
f 2382 5589 1335
f 1593 5589 4131
f 1776 2873 5590
f 1776 5590 4454
f 5590 2030 4454
f 2030 5590 4989
f 4989 5590 2873
f 4781 3034 5591
f 5592 1379 1436
f 2534 1379 5592
f 1436 3003 5592
f 445 3947 5593
f 3947 2396 5593
f 5594 2926 3822
f 5594 4393 2926
f 4626 5594 3822
f 1885 3844 5595
f 4961 626 5595
f 4545 5596 3000
f 5597 3391 3707
f 5598 2035 3100
f 5598 4462 2035
f 649 1858 5599
f 649 5599 3736
f 2365 1332 5600
f 2358 2365 5600
f 5600 1332 3738
f 5600 4515 2358
f 4036 2959 5601
f 2590 5605 3434
f 4754 5605 2590
f 163 5606 1293
f 5606 163 3177
f 4373 1936 5607
f 4373 5607 3507
f 3010 659 5608
f 5608 659 3307
f 5608 3307 3756
f 5368 3010 5608
f 5409 5608 3756
f 5368 5608 5409
f 5609 2866 386
f 2870 2866 5609
f 3350 2870 5609
f 5609 5546 3350
f 1255 4508 5610
f 1255 5610 5215
f 5611 1580 3056
f 1580 5611 5230
f 5612 4088 1244
f 5612 3309 4702
f 4702 4088 5612
f 5614 1983 3443
f 5614 3443 3643
f 3870 5614 3643
f 4175 1983 5614
f 927 4045 5615
f 4045 934 5615
f 5615 934 4477
f 1448 5616 1249
f 100 5617 3829
f 5618 621 4148
f 5620 2283 4645
f 2270 4528 5621
f 4992 5622 660
f 660 5622 5379
f 5622 4937 5379
f 5623 4940 1438
f 420 164 5624
f 2164 420 5624
f 5624 164 5394
f 5624 5394 1429
f 5490 5624 1429
f 2164 5624 5490
f 4138 5626 3430
f 5626 4973 3430
f 5628 3698 4976
f 2900 5629 4089
f 5629 3296 4089
f 5629 5464 1229
f 5464 5629 2900
f 2126 1910 5630
f 1910 4312 5630
f 2011 5630 5349
f 5630 4312 5349
f 5631 919 1
f 919 5631 4624
f 4227 5632 1755
f 4227 1965 5632
f 1965 4976 5632
f 5634 1219 4170
f 3232 5634 4170
f 4719 5634 3232
f 3709 1971 5635
f 1971 4483 5635
f 601 5636 4370
f 5445 5637 493
f 1979 5638 355
f 1979 4272 5638
f 5639 4350 2151
f 5296 5641 4177
f 2230 5642 1972
f 5642 2230 4556
f 4078 5643 3836
f 4208 5644 351
f 5645 2521 1009
f 5646 4775 2029
f 1192 2752 5647
f 5647 2752 1948
f 5647 3014 1254
f 2900 3041 5647
f 5647 3461 2900
f 3041 3825 5647
f 5647 4693 1387
f 3552 4693 5647
f 3981 5648 4149
f 5648 4247 4149
f 4587 4247 5648
f 5515 5648 3981
f 5648 5515 4587
f 2653 5649 1549
f 1549 5649 4526
f 5649 3118 4526
f 5649 2653 4989
f 4989 3118 5649
f 29 5650 742
f 4701 5651 735
f 5241 5652 4529
f 4132 3387 5653
f 3220 5654 3315
f 1940 5655 3488
f 4098 5655 1940
f 5655 4098 4701
f 5656 474 1
f 474 5656 4216
f 264 1994 5657
f 5657 1994 981
f 981 2000 5657
f 2000 2626 5657
f 2070 2001 5658
f 2001 2592 5658
f 5660 2558 1049
f 5660 3629 2558
f 4270 5660 1049
f 525 5661 2108
f 4744 2108 5661
f 555 5663 4285
f 958 4581 5664
f 5665 3300 4584
f 5032 5665 4584
f 960 5667 687
f 687 5667 4659
f 1321 844 5669
f 1369 504 5669
f 2172 5670 4745
f 5673 4046 4549
f 4046 5673 4701
f 742 5674 4202
f 5675 968 2673
f 3674 3162 5675
f 5676 818 3479
f 5677 2977 1280
f 2977 5677 2900
f 3628 5677 1280
f 5678 2450 939
f 2450 5678 1382
f 1382 5678 4557
f 3039 1064 5679
f 5487 1987 5679
f 5682 4453 1088
f 5475 5682 1088
f 2687 5682 5475
f 5682 5587 4453
f 3073 5683 461
f 3233 2031 5684
f 3233 5684 5308
f 5687 2551 4225
f 5180 5687 4225
f 3565 2946 5689
f 5691 49 525
f 838 5692 1335
f 5693 3535 2424
f 4745 5693 2172
f 2172 5693 5365
f 5693 2424 5365
f 5696 1162 268
f 1965 488 5696
f 2103 1965 5696
f 595 4330 5696
f 5696 4330 989
f 5696 1160 4541
f 5696 4948 2634
f 5696 5663 555
f 1960 768 5698
f 1066 1960 5698
f 5698 768 4505
f 5698 5493 1066
f 3867 5700 1349
f 5701 495 3061
f 3061 2009 5701
f 5607 495 5701
f 3507 5607 5701
f 5704 1860 4217
f 5704 4465 1860
f 1151 5705 4107
f 456 5705 4190
f 5405 5705 1151
f 3004 5706 1930
f 1930 5706 4590
f 5707 2644 386
f 5707 4696 1530
f 3217 5708 630
f 5708 3749 630
f 3749 5708 2265
f 2265 5708 4207
f 5708 3217 4207
f 5709 71 2641
f 2641 1166 5709
f 3150 71 5709
f 2780 3150 5709
f 1166 5118 5709
f 5709 5118 2780
f 5710 2640 1531
f 5713 2597 2882
f 2942 5713 4015
f 5714 2785 324
f 389 2785 5714
f 4687 389 5714
f 1179 5715 1972
f 5715 1179 4597
f 1779 4316 5716
f 5716 4934 4234
f 4316 4934 5716
f 4056 5717 504
f 504 5717 5669
f 5669 5717 1321
f 5718 1392 213
f 5047 5718 213
f 5719 1508 2900
f 5689 5720 114
f 2946 5720 5689
f 2832 2302 5721
f 5721 3165 1701
f 4206 5721 1701
f 4206 2832 5721
f 5723 2194 4604
f 4200 5723 4604
f 2194 5723 5271
f 5331 5723 4200
f 5723 5331 5271
f 827 5724 3198
f 2273 5725 1139
f 1139 5725 4611
f 5725 4895 4611
f 5725 2273 4989
f 4989 4895 5725
f 2541 5727 1030
f 1030 5727 4259
f 369 1970 5730
f 5730 2591 369
f 1970 2976 5730
f 374 5731 1550
f 1550 5731 2947
f 3126 1853 5732
f 5732 1853 4428
f 3801 1019 5733
f 5733 5291 3801
f 4701 2096 5734
f 3280 4701 5734
f 1433 5735 2675
f 3129 689 5735
f 1433 3129 5735
f 5735 689 3330
f 2675 5735 5471
f 5735 3330 5471
f 5736 871 1995
f 5736 4644 871
f 1995 5598 5736
f 5598 3100 5736
f 5737 403 1381
f 5737 144 5253
f 5253 403 5737
f 144 5737 5332
f 5332 5737 1381
f 2338 863 5738
f 3130 2353 5738
f 4936 2338 5738
f 5738 2353 4936
f 5738 863 5112
f 5112 3130 5738
f 3466 5739 3467
f 2104 5740 2126
f 5740 3859 2126
f 3349 5500 5740
f 5500 3859 5740
f 5047 5741 5313
f 5742 3470 3056
f 911 5330 5743
f 5330 1541 5743
f 3073 5744 4234
f 5744 4587 630
f 4587 5744 3073
f 5745 3536 4233
f 3895 5745 4233
f 5434 5745 3895
f 5746 3125 4224
f 769 4706 5746
f 4706 3125 5746
f 4708 4258 5747
f 5747 5317 2384
f 5747 4258 5317
f 4228 3467 5748
f 4228 5748 4932
f 3467 5739 5748
f 5749 696 1004
f 5749 1004 2995
f 2995 2043 5749
f 5750 1527 3146
f 2575 5750 3146
f 5150 5750 2575
f 2078 1083 5751
f 2039 2078 5751
f 5751 1083 4791
f 4791 1557 5751
f 771 5752 159
f 771 540 5752
f 540 4097 5752
f 111 5753 1395
f 4511 5753 111
f 1335 5753 4511
f 5080 5753 1335
f 5753 5080 1395
f 3488 4349 5754
f 3785 5755 4927
f 2637 3710 5756
f 5756 3753 2637
f 5758 925 735
f 4443 5759 3277
f 4443 4667 5759
f 1503 5760 4702
f 5760 5050 4702
f 860 915 5761
f 5761 3089 860
f 5761 3101 2259
f 2019 5763 471
f 471 5763 4280
f 5764 25 3151
f 25 5764 4523
f 5764 2225 4523
f 5765 3265 4631
f 5766 1900 3379
f 3379 2481 5766
f 1900 5766 4440
f 2123 5768 3190
f 4849 3158 5769
f 4764 5770 4633
f 5771 1742 583
f 583 3517 5771
f 5772 4240 3670
f 4240 5772 5342
f 5773 504 1369
f 5773 4056 504
f 5774 4683 3318
f 5774 3593 4683
f 4684 3593 5774
f 5775 5337 4685
f 5337 5775 4989
f 2951 5778 5436
f 5779 2161 3777
f 5780 2082 541
f 541 2239 5780
f 2239 3965 5780
f 3056 5781 2592
f 5782 3372 4405
f 4697 3372 5782
f 3653 5783 4519
f 5783 3653 4648
f 5784 3632 1564
f 4262 5784 1564
f 2859 5784 4262
f 4333 5784 2859
f 5366 3632 5784
f 4333 5366 5784
f 5785 1634 2337
f 5785 3116 1634
f 2337 3956 5785
f 5785 3956 2497
f 5786 2745 950
f 3257 2745 5786
f 3568 3257 5786
f 644 2103 5788
f 2103 5696 5788
f 4855 3760 5789
f 5790 3986 2106
f 1067 3220 5792
f 3220 3315 5792
f 5793 305 1429
f 4100 5793 1429
f 5794 3466 4466
f 5795 1282 155
f 5795 4392 2040
f 3056 4437 5796
f 5797 2769 3845
f 5797 3845 3074
f 1487 4750 5797
f 4750 2769 5797
f 1 5798 4821
f 2654 5799 1473
f 1721 2420 5800
f 3066 2115 5800
f 2420 4574 5800
f 5800 4574 3066
f 3401 5801 3190
f 3401 4753 5801
f 4753 3741 5801
f 5801 3741 4836
f 3174 3780 5802
f 1245 2715 5803
f 2715 4121 5803
f 5803 4121 5574
f 3670 1082 5804
f 5804 4192 3670
f 4192 5804 5270
f 631 4199 5805
f 5805 4199 4310
f 281 5806 1495
f 2812 5806 1750
f 1495 5806 2941
f 5806 281 4665
f 1750 5806 4665
f 5806 2812 4846
f 2941 5806 4846
f 2116 1092 5807
f 1248 2116 5807
f 5807 1092 4843
f 3115 4793 5808
f 5809 1328 2670
f 3200 5810 1439
f 5811 1837 655
f 1678 5811 5729
f 2435 290 5812
f 933 2435 5812
f 290 3191 5812
f 933 5812 4313
f 5812 3191 4313
f 2897 5813 982
f 5813 2897 4671
f 265 5148 5814
f 5814 5148 3911
f 3158 1733 5815
f 5816 1706 1500
f 2011 1706 5816
f 3504 2104 5816
f 3228 5817 1779
f 1779 5817 4316
f 5818 1242 2725
f 2725 2122 5818
f 2122 5197 5818
f 4242 5819 2759
f 2759 5819 4319
f 5819 4094 4319
f 4094 5819 4587
f 5819 4242 4587
f 4413 5820 3589
f 5821 4125 2613
f 2305 226 5822
f 5822 4922 2305
f 226 5557 5822
f 5823 3915 2451
f 5823 4789 470
f 2451 5467 5823
f 5467 4789 5823
f 3596 5824 938
f 5824 3798 938
f 3052 3798 5824
f 4133 5824 3596
f 671 4033 5825
f 4033 4944 5825
f 3016 5828 780
f 780 5828 3600
f 401 608 5829
f 4502 5830 1024
f 5831 3055 5014
f 5831 5225 3055
f 4700 5833 2805
f 5142 2805 5833
f 5686 5833 4700
f 3368 2137 5836
f 2137 3693 5836
f 5838 3875 189
f 4032 5839 2921
f 2921 5839 4704
f 5839 5142 4704
f 5839 4032 5416
f 5839 5416 5142
f 1789 5840 4197
f 4197 5840 4715
f 5840 4939 4715
f 3436 2109 5841
f 5842 227 3170
f 4376 5842 3170
f 1207 612 5843
f 5843 612 4327
f 5792 5844 2272
f 5792 3315 5844
f 440 1377 5850
f 1492 5850 307
f 5850 1492 440
f 307 5850 4757
f 5850 1377 4757
f 5851 2117 4730
f 1130 5852 1932
f 5853 3669 5042
f 5042 5541 5853
f 3511 5854 1787
f 5854 4128 1787
f 3408 5855 2326
f 2326 5855 4764
f 467 5855 5091
f 5855 3408 5091
f 467 5770 5855
f 5855 5770 4764
f 681 2203 5856
f 2298 681 5856
f 2298 5856 4919
f 4171 5857 1
f 5857 4171 3635
f 2822 4765 5858
f 1732 5859 2077
f 5859 1732 2191
f 3235 5859 2191
f 3182 5860 2084
f 5860 781 4722
f 2084 5860 4722
f 4989 781 5860
f 3182 4989 5860
f 5861 4097 4702
f 5861 5616 1448
f 5616 5861 4702
f 5862 1608 868
f 5862 5625 3420
f 5863 5518 4392
f 155 5863 5795
f 5863 4392 5795
f 5864 3461 1453
f 3461 5864 2900
f 3853 5864 1453
f 3497 5865 2415
f 2415 5865 4729
f 5865 4989 4729
f 2589 1640 5866
f 5866 3692 2589
f 3733 5867 3533
f 5867 3359 4425
f 5867 4425 3533
f 4776 3359 5867
f 5869 954 3252
f 5216 5869 3252
f 799 1417 5870
f 1417 2050 5870
f 5870 2968 799
f 5870 2050 3434
f 3392 5871 598
f 5871 3392 3647
f 482 270 5873
f 3535 5873 2424
f 2424 5873 4743
f 270 5262 5873
f 51 171 5874
f 805 51 5874
f 5874 1447 805
f 5874 171 1934
f 2183 703 5874
f 703 2184 5874
f 5874 3262 3754
f 4038 2991 5874
f 5874 2184 5713
f 5713 5219 5874
f 5875 3472 631
f 3472 5875 1968
f 1968 5875 4299
f 4192 5876 3670
f 2285 5877 631
f 5877 2285 4338
f 4446 5877 4338
f 5873 5878 482
f 350 2143 5879
f 2779 5880 4702
f 5881 1253 525
f 525 1781 5881
f 5881 1781 2171
f 3270 3174 5883
f 5883 3174 5802
f 1939 5884 3273
f 4507 5884 1939
f 5885 2574 4787
f 5886 321 831
f 5886 1457 321
f 5887 2041 770
f 3276 5887 770
f 4337 5888 2374
f 5889 4404 1865
f 4791 1083 5890
f 5891 4634 3666
f 4634 5891 4701
f 5892 2428 2643
f 2643 4795 5892
f 719 142 5893
f 2895 719 5893
f 2895 5893 3107
f 5893 142 5328
f 2121 1237 5894
f 2530 2152 5894
f 4686 5895 3549
f 5895 4686 4702
f 3549 5895 4799
f 4702 4925 5895
f 5895 4925 4799
f 2272 3332 5896
f 5694 1067 5896
f 1067 5792 5896
f 5896 5792 2272
f 5898 4082 1504
f 5898 1504 5216
f 3252 5898 5216
f 5512 5898 3252
f 5899 509 4769
f 5899 99 4989
f 4989 509 5899
f 5900 180 1311
f 4802 180 5900
f 2729 4802 5900
f 5901 1016 1
f 3930 5901 1
f 5901 3930 3722
f 5902 903 4371
f 2208 374 5903
f 5903 374 4102
f 4102 1060 5903
f 1060 4364 5903
f 4653 2208 5903
f 5903 4364 4653
f 4836 1255 5904
f 5904 1255 5215
f 5215 4814 5904
f 2213 5314 5905
f 5906 677 2159
f 2159 1392 5906
f 4383 4488 5906
f 195 5906 4519
f 5906 195 4780
f 4815 5906 4780
f 2215 594 5907
f 3253 2215 5907
f 3832 5907 2121
f 3253 5907 3832
f 5907 594 4323
f 5907 4323 2121
f 5908 756 631
f 631 5363 5908
f 5908 5363 3257
f 5909 599 1719
f 4866 599 5909
f 412 4867 5910
f 5911 2998 4826
f 4590 5911 4826
f 5706 5911 4590
f 2998 5911 5873
f 5873 5911 5706
f 3575 4907 5912
f 5913 2221 4829
f 857 2228 5914
f 2228 1534 5914
f 5914 4860 857
f 3153 4860 5914
f 5914 1534 5189
f 5189 3153 5914
f 5915 1326 3205
f 4589 5915 3205
f 5916 2260 2261
f 1253 5917 525
f 5917 1253 2262
f 3520 5917 2262
f 5918 1330 2900
f 1972 5919 4380
f 4380 5919 3304
f 3304 5919 4793
f 393 5920 1541
f 3177 5920 393
f 4955 5920 3177
f 5921 2743 1265
f 1321 5922 1570
f 4377 5922 4056
f 1570 5922 5282
f 5282 5922 4377
f 5717 5922 1321
f 5922 5717 4056
f 24 755 5923
f 5923 1229 24
f 5924 864 20
f 2652 5925 3326
f 5925 2949 3326
f 5238 5925 2652
f 495 5926 21
f 1741 5926 1
f 5926 1741 21
f 3040 3020 5927
f 5927 4134 3040
f 5231 5928 3755
f 5928 5421 3755
f 539 1651 5929
f 5929 3175 539
f 2198 1270 5930
f 5930 1270 4957
f 5930 1804 5061
f 5061 2198 5930
f 2199 3092 5931
f 5932 2106 5249
f 435 731 5933
f 731 1284 5933
f 435 5933 3185
f 3185 5933 4613
f 623 5934 1814
f 5935 3122 3338
f 3206 5935 3338
f 3122 5935 4502
f 3206 5830 5935
f 5935 5830 4502
f 2212 1279 5937
f 5937 1279 5036
f 5424 2212 5937
f 5424 5937 4395
f 5938 1181 3979
f 2227 1897 5939
f 3379 2222 5939
f 5939 1897 3837
f 3837 3379 5939
f 5939 2222 4781
f 4781 2227 5939
f 5940 5906 4815
f 1 5941 4500
f 5942 1356 2428
f 4864 1356 5942
f 5942 2428 5892
f 2771 3567 5943
f 3567 3575 5943
f 5943 3575 5912
f 5944 4044 2933
f 5944 2933 5429
f 296 4908 5946
f 5947 1972 851
f 1405 5948 233
f 4701 5948 1405
f 233 5948 4869
f 1719 5949 4382
f 5949 356 4850
f 4382 5949 4850
f 1719 4912 5949
f 1407 5950 1335
f 5950 1407 1596
f 4181 5950 1596
f 6 2075 5951
f 4517 5952 619
f 792 5953 224
f 1291 5953 123
f 5953 1291 224
f 123 5953 4832
f 5953 5271 4832
f 5954 4630 4423
f 4856 5954 4423
f 640 5521 5955
f 5955 5521 3672
f 1004 5957 58
f 5958 2607 1932
f 5958 3725 2607
f 2720 2678 5959
f 5959 1974 3042
f 3042 2720 5959
f 5959 2678 3918
f 4882 1974 5959
f 3918 4882 5959
f 5960 3798 1619
f 5960 4436 1538
f 5961 1382 743
f 5961 2450 1382
f 797 2960 5962
f 4130 797 5962
f 5962 4984 4130
f 5963 896 2059
f 4886 896 5963
f 1899 4886 5963
f 3422 5964 66
f 5964 5385 66
f 636 2281 5965
f 2281 2316 5965
f 2915 5967 77
f 5967 5430 77
f 5430 5967 456
f 78 436 5968
f 5927 5969 400
f 3020 5969 5927
f 1710 2250 5970
f 1714 5971 5500
f 5971 5114 5500
f 1485 2217 5972
f 5972 3619 1485
f 2070 4426 5972
f 4426 3619 5972
f 5973 5269 3101
f 915 5973 5761
f 5761 5973 3101
f 2219 1214 5974
f 5974 1214 4914
f 2076 5974 4914
f 5143 5974 2076
f 5143 2219 5974
f 2391 2255 5975
f 3707 3391 5975
f 2476 5980 720
f 2476 4915 5980
f 3152 5981 4494
f 4630 5981 3152
f 3262 5982 4382
f 1934 5982 5874
f 5982 3262 5874
f 5983 3821 4529
f 5983 4952 3821
f 2942 2851 5984
f 5984 5049 2942
f 2883 46 5985
f 739 2883 5985
f 5985 46 4429
f 964 5985 4429
f 5985 964 4878
f 390 5986 1662
f 1662 5986 2005
f 390 2264 5986
f 2264 3724 5986
f 2607 5987 1932
f 5988 2441 4941
f 5190 5988 4941
f 5722 60 5988
f 5190 5722 5988
f 5989 1224 959
f 2431 5989 959
f 2055 5989 2431
f 5989 3425 1224
f 1335 5990 4521
f 5167 5990 1335
f 796 2315 5991
f 4062 796 5991
f 5991 2377 4062
f 5992 3240 1005
f 5992 3635 369
f 5993 2377 5991
f 5994 2310 3251
f 4188 2425 5995
f 4648 4188 5995
f 5995 5783 4648
f 4302 1942 5996
f 3180 4302 5996
f 5449 5997 4893
f 5998 3895 1233
f 1265 3895 5998
f 2313 3284 5999
f 3876 2313 5999
f 3402 5666 6000
f 2132 6002 563
f 563 6002 4471
f 6002 2733 4471
f 2805 6003 1693
f 1693 6003 4901
f 6003 5030 4901
f 6003 2805 5142
f 5030 6003 5142
f 2621 6005 5204
f 6006 4111 125
f 4111 6006 2602
f 2602 6006 4474
f 5397 6006 125
f 6006 5397 4474
f 1751 6007 1483
f 5179 6007 150
f 1483 6007 5179
f 631 6008 2845
f 2845 6008 1295
f 1295 6008 4446
f 5877 6008 631
f 6008 5877 4446
f 6009 3835 2360
f 2360 4423 6009
f 4423 3152 6009
f 6009 3152 4658
f 6010 4423 2360
f 4856 4423 6010
f 6011 156 3954
f 244 6011 3954
f 4531 6011 244
f 6012 2325 1251
f 6012 1251 4946
f 1323 6013 3402
f 1486 6014 1
f 6014 1486 120
f 1 6014 3815
f 6015 5039 4972
f 5039 6015 4989
f 5604 6015 4972
f 3745 619 6016
f 6017 2967 1696
f 2900 2967 6017
f 6017 3633 2900
f 1927 3699 6018
f 3699 4196 6018
f 1285 6019 2362
f 3177 6019 1285
f 5278 6019 3177
f 6020 1084 1755
f 1644 6020 1755
f 1644 2329 6020
f 6021 3346 2
f 4417 3346 6021
f 1380 6024 2253
f 1380 2335 6024
f 6025 1942 3421
f 5022 6025 3421
f 5996 1942 6025
f 4344 817 6026
f 3356 4344 6026
f 3069 1723 6027
f 2978 3069 6027
f 6027 4101 2978
f 6027 1723 4307
f 6028 4205 307
f 4757 6028 307
f 6028 5339 4205
f 2343 2413 6029
f 6030 1656 2730
f 6030 2730 4790
f 6030 4790 4547
f 4955 1656 6030
f 631 6031 1431
f 4896 6031 631
f 6031 4896 3433
f 6032 2861 221
f 6033 5264 3222
f 2136 1785 6034
f 4251 2136 6034
f 6035 4104 4543
f 3435 4186 6038
f 5351 3435 6038
f 2161 6039 141
f 267 3728 6040
f 3728 5382 6040
f 5965 2316 6040
f 6040 5382 5965
f 1188 3291 6041
f 3880 1188 6041
f 291 2556 6042
f 291 6042 3833
f 6042 1665 3833
f 1140 6043 1690
f 5561 6043 1140
f 3410 6044 5175
f 6045 2893 1802
f 4967 6045 4032
f 4743 6045 4967
f 5416 6045 1802
f 4032 6045 5416
f 5706 3004 6045
f 5873 6045 4743
f 5873 5706 6045
f 4701 6047 2250
f 5970 6047 152
f 2250 6047 5970
f 6049 2560 631
f 2736 6050 230
f 6050 5267 230
f 6041 6051 3880
f 631 3139 6052
f 6052 3139 3449
f 3447 6052 3449
f 6052 6049 631
f 6049 6052 3447
f 6054 5845 157
f 1464 6055 3451
f 4050 6055 1464
f 6055 5144 3451
f 6057 1456 273
f 692 6058 2938
f 6059 3137 1749
f 630 6060 2523
f 2523 6060 1012
f 3668 6060 630
f 1012 6060 4565
f 6060 3668 4565
f 1867 6061 4333
f 4567 6061 1867
f 1335 1536 6062
f 6062 4675 1335
f 972 6063 3362
f 6063 972 4647
f 128 6064 2023
f 2023 6064 4526
f 6065 3188 970
f 1332 6065 3738
f 2024 6066 207
f 2021 6068 208
f 6069 3887 22
f 5367 3887 6069
f 4386 5367 6069
f 6069 5511 4386
f 6070 177 2057
f 6070 134 4372
f 4372 177 6070
f 1515 6071 365
f 6071 1515 2492
f 365 6071 4953
f 5542 6071 2492
f 6071 5542 4953
f 6072 584 358
f 3921 136 6072
f 136 4306 6072
f 6072 4306 584
f 4844 6072 358
f 3921 6072 4844
f 5209 6074 4539
f 1 2906 6075
f 6075 2906 178
f 6075 4355 1
f 4838 6076 772
f 4987 4356 6076
f 6076 5457 772
f 6076 4356 5457
f 6077 2917 1812
f 1812 5685 6077
f 1062 3723 6078
f 6078 1239 3817
f 3817 3062 6078
f 6078 4263 1062
f 3062 4263 6078
f 3600 6079 3865
f 6079 5297 3865
f 5828 6079 3600
f 2206 2351 6080
f 2351 2925 6080
f 2206 6080 5076
f 6081 3904 188
f 6082 891 2524
f 3687 891 6082
f 3687 6082 4320
f 3243 866 6083
f 1661 852 6084
f 6084 2714 1661
f 6085 4492 3021
f 6087 2700 3585
f 6087 5288 2700
f 6058 6088 4552
f 3444 6089 151
f 3444 3622 6089
f 2998 6090 1922
f 1922 6090 5000
f 6090 5262 5000
f 6090 2998 5873
f 5873 5262 6090
f 567 6091 634
f 6091 567 2398
f 2561 6091 2398
f 3103 6092 4701
f 6092 3103 5003
f 4869 6092 5003
f 4701 6092 5948
f 5948 6092 4869
f 552 1245 6093
f 6093 1245 5803
f 2402 4833 6094
f 2128 6094 5243
f 3585 2700 6095
f 2700 4024 6095
f 2745 6096 950
f 6096 4003 950
f 5532 937 6098
f 4919 5856 6098
f 1755 1084 6099
f 6099 2296 1755
f 1084 2407 6099
f 6100 60 177
f 2441 6100 611
f 60 6100 5988
f 5988 6100 2441
f 6101 1423 1681
f 1681 3745 6101
f 5245 1423 6101
f 3745 6016 6101
f 6102 2367 4977
f 174 1091 6103
f 287 6104 440
f 6104 3550 440
f 3550 6104 2437
f 6104 287 5012
f 2437 6104 5012
f 2413 3317 6105
f 6029 2413 6105
f 6106 2414 2905
f 1657 3645 6106
f 3645 2414 6106
f 951 1027 6107
f 3610 187 6108
f 6108 187 3727
f 5018 4987 6110
f 6110 4987 6076
f 3794 6111 440
f 440 6111 4101
f 4101 6111 2978
f 2978 6111 4986
f 6111 3794 4986
f 1658 6112 2422
f 6112 3569 2422
f 1658 5343 6112
f 6114 676 1817
f 6114 1817 1200
f 5025 676 6114
f 2274 5025 6114
f 1785 6115 3506
f 631 6115 4360
f 4360 6115 1785
f 4902 6115 631
f 6115 4902 3506
f 6116 1968 76
f 6117 3630 2620
f 3993 3630 6117
f 5107 3993 6117
f 4405 3372 6118
f 6119 2878 1819
f 1819 4414 6119
f 4414 3407 6119
f 6119 5530 2953
f 6119 3407 5530
f 6120 3149 1705
f 3655 6121 2148
f 2148 6121 4594
f 6121 3366 4594
f 6122 2954 1482
f 443 6122 3216
f 3692 6123 2589
f 2589 6123 5032
f 3692 5289 6123
f 6123 5665 5032
f 2145 6124 991
f 991 6124 4998
f 6124 2988 4998
f 6125 1556 4540
f 5256 1556 6125
f 5079 5256 6125
f 4751 6126 5035
f 1482 6128 14
f 6128 3287 1752
f 987 6129 269
f 269 6129 3849
f 2642 3474 6130
f 5037 6130 939
f 6130 5500 939
f 3474 5500 6130
f 3477 6132 2022
f 2022 6132 4606
f 6132 3106 4606
f 630 6133 3217
f 3217 6133 1764
f 1764 6133 4610
f 5048 6133 630
f 6133 5048 4610
f 747 261 6134
f 377 1601 6134
f 261 1773 6134
f 6134 2025 747
f 6134 1773 2033
f 501 2447 6134
f 2447 2025 6134
f 2033 4322 6134
f 4494 6134 4639
f 6134 4748 377
f 4322 4748 6134
f 4494 5981 6134
f 3061 21 6135
f 21 5419 6135
f 4694 6136 4641
f 6137 52 3403
f 3403 1302 6137
f 6137 1302 5046
f 6138 2227 4781
f 5591 6138 4781
f 1082 6139 2186
f 6139 1082 3670
f 2710 6140 2214
f 2319 6140 2710
f 1080 458 6141
f 458 3478 6141
f 6141 3478 1416
f 1416 5049 6141
f 5049 5984 6141
f 6143 2951 5436
f 5436 3789 6143
f 2951 6143 5539
f 2153 6144 247
f 6145 5454 4309
f 4250 3678 6146
f 6147 5097 4231
f 3460 5214 6148
f 5932 216 6148
f 6149 2455 721
f 821 2455 6149
f 6149 721 4426
f 6149 4426 2070
f 821 6149 5658
f 5658 6149 2070
f 3719 1105 6150
f 1105 4964 6150
f 4259 6151 4658
f 5727 6151 4259
f 6152 2196 4659
f 2737 6153 49
f 6153 3574 49
f 2871 6155 625
f 2871 862 6155
f 625 6155 3962
f 2765 6156 2741
f 6156 2765 4625
f 3746 6156 4625
f 6156 5250 2741
f 5250 6156 3746
f 1883 5063 6157
f 5063 4499 6157
f 5593 2396 6157
f 6157 4499 5593
f 3838 3538 6158
f 3538 5041 6158
f 1118 6159 263
f 6159 5872 263
f 6160 1858 1
f 5599 6160 264
f 1858 6160 5599
f 2117 6161 2316
f 6161 3810 267
f 2117 3810 6161
f 6040 6161 267
f 2316 6161 6040
f 526 6162 3197
f 6162 526 5035
f 3847 6162 5035
f 6163 2143 350
f 4152 6163 350
f 384 6163 4152
f 4701 6163 384
f 2143 6163 4701
f 6164 3673 1530
f 1530 4495 6164
f 6164 5897 86
f 4495 5897 6164
f 2791 6165 417
f 6165 3839 417
f 1115 2344 6166
f 3034 2371 6166
f 6166 3162 1115
f 6166 4031 2627
f 2735 4031 6166
f 3034 6166 5591
f 6166 5205 5619
f 6166 5666 3402
f 6167 845 315
f 1721 6167 315
f 5042 845 6167
f 944 6168 1816
f 1335 4043 6168
f 1816 6168 4043
f 5369 6168 944
f 1335 6168 5369
f 3581 6170 3980
f 735 6170 5758
f 5758 6170 3581
f 2044 6171 505
f 6171 2044 4333
f 505 6171 4694
f 6136 6171 4333
f 6171 6136 4694
f 3585 6172 6087
f 6173 3786 278
f 3998 292 6173
f 2482 2439 6174
f 4013 2482 6174
f 6174 2439 6135
f 6135 5419 6174
f 6175 361 4956
f 4956 2572 6175
f 5047 6175 2572
f 6176 1505 326
f 2446 3178 6177
f 6177 4843 283
f 5807 4843 6177
f 2538 6178 1129
f 3192 6178 2538
f 3226 6179 1777
f 6179 3226 4587
f 3416 6179 4587
f 1777 6179 4649
f 6179 3416 4649
f 408 6180 1246
f 6180 5486 1246
f 6181 4984 5962
f 6107 1027 6181
f 1761 6182 2824
f 3561 2621 6182
f 6182 2621 5204
f 6182 5204 2824
f 6183 620 1878
f 4843 6183 283
f 1092 6183 4843
f 1317 5357 6184
f 5786 6186 3568
f 1146 258 6187
f 258 1808 6187
f 6187 6103 1146
f 6188 4219 1335
f 6189 829 3945
f 5064 6189 3945
f 6189 5064 4663
f 6190 1022 294
f 1112 6190 294
f 1022 6190 5042
f 6192 3365 90
f 6192 730 3365
f 3582 730 6192
f 908 3582 6192
f 404 6193 125
f 4668 6193 404
f 3852 6193 4668
f 125 6193 5397
f 5397 6193 3852
f 6194 2098 2557
f 5074 6194 2557
f 2990 2464 6195
f 3530 157 6195
f 4587 4071 6196
f 3822 6196 4626
f 6196 4071 4626
f 5359 6196 3822
f 6196 5359 4587
f 2810 2859 6197
f 2859 4262 6197
f 6197 4363 2810
f 867 6198 4454
f 4888 866 6199
f 866 5491 6199
f 6199 5491 5373
f 2845 6200 631
f 6200 2845 4676
f 5504 6200 4676
f 2467 1483 6201
f 6201 1042 4830
f 4830 2467 6201
f 5120 1042 6201
f 6201 1483 5179
f 5179 5120 6201
f 897 6032 6202
f 6203 1563 3851
f 3882 1563 6203
f 5396 1956 6203
f 3851 5396 6203
f 1372 6204 2942
f 1055 140 6205
f 1800 3592 6205
f 6205 3592 5275
f 6205 140 5325
f 5325 1800 6205
f 6206 2526 1406
f 6206 745 6097
f 1967 6207 3084
f 3084 6207 2539
f 6208 103 2679
f 3678 103 6208
f 3822 2926 6209
f 6209 4756 930
f 2926 4756 6209
f 6209 5359 3822
f 3215 6210 3995
f 5415 6210 3215
f 5233 6212 1119
f 5233 2536 6212
f 1049 1524 6213
f 6213 2189 1049
f 440 6214 287
f 5448 6214 440
f 6214 5448 5085
f 364 6215 1196
f 6217 3423 5042
f 6217 5640 330
f 5042 5640 6217
f 4343 6218 3340
f 6219 4356 2892
f 6219 599 4866
f 4912 599 6219
f 3372 6220 6118
f 6221 5344 1534
f 6222 3206 2379
f 972 6223 4647
f 4647 6223 3466
f 6223 5555 3466
f 2192 6224 1690
f 1035 2666 6224
f 4456 1035 6224
f 4456 6224 2192
f 2494 2199 6225
f 6225 2199 5931
f 6226 3463 5097
f 6147 6226 5097
f 260 6227 598
f 6227 591 598
f 6227 260 4016
f 3622 6228 6089
f 1657 6231 338
f 2768 6232 5078
f 3403 348 6233
f 6233 348 5105
f 4392 6233 5105
f 6233 5518 3403
f 5518 6233 4392
f 3094 6234 343
f 1018 6234 5027
f 6234 5358 343
f 5358 6234 1018
f 6235 5627 2092
f 5695 6236 3466
f 3396 6237 2561
f 6091 6237 634
f 6237 6091 2561
f 1720 6238 559
f 1099 6238 1720
f 1915 6238 1099
f 559 6238 5139
f 6238 1915 5139
f 1510 4887 6239
f 6239 5238 1510
f 6239 5447 2949
f 3519 5447 6239
f 2949 5925 6239
f 5925 5238 6239
f 6095 6239 3585
f 6240 1400 1845
f 231 6240 5422
f 5422 6240 1845
f 302 2872 6241
f 2508 2706 6242
f 6242 3964 2508
f 3132 6244 381
f 6244 4831 381
f 353 302 6245
f 4411 353 6245
f 6245 3927 4411
f 6245 302 6241
f 6246 1604 3340
f 2257 6246 3340
f 1604 6246 3892
f 6247 3003 3402
f 3109 6247 3402
f 3003 6247 5592
f 5662 6248 4077
f 4264 3641 6249
f 6249 3641 4928
f 355 156 6250
f 1979 355 6250
f 1979 6250 2659
f 2659 6250 4531
f 6250 156 6011
f 6250 6011 4531
f 1111 1308 6251
f 4794 1111 6251
f 1381 5580 6251
f 6251 5580 4794
f 6252 6131 3511
f 1257 6253 1922
f 6253 2535 1411
f 6253 1411 4826
f 1922 6253 4826
f 5472 3294 6254
f 939 3219 6255
f 6255 3219 5152
f 4557 6255 5152
f 6255 5678 939
f 5678 6255 4557
f 6256 2858 1757
f 6256 4700 1898
f 1757 5686 6256
f 5686 4700 6256
f 2975 6257 391
f 6258 2118 1932
f 6258 3231 2118
f 3177 1136 6259
f 3177 6259 3639
f 3639 6259 4725
f 6260 2403 63
f 5224 2403 6260
f 4685 5224 6260
f 6260 5775 4685
f 2303 2579 6261
f 3225 558 6261
f 2581 2614 6262
f 3183 2581 6262
f 3183 6262 3843
f 3418 6263 4163
f 3418 5156 6263
f 5156 5236 6263
f 5247 6265 2618
f 6267 5728 3124
f 6267 5165 6109
f 6268 1743 4096
f 6270 821 5658
f 5658 2592 6270
f 2592 5781 6270
f 881 6271 631
f 6271 4393 631
f 4393 6271 2926
f 6271 881 4756
f 2926 6271 4756
f 2702 6272 586
f 4262 1963 6273
f 6197 4262 6273
f 6274 5832 1362
f 2595 2994 6275
f 3993 6276 3630
f 4938 6276 631
f 6276 4938 3630
f 6277 290 2435
f 176 6278 1005
f 3688 6278 176
f 6278 3812 1005
f 6278 6023 3812
f 1324 379 6279
f 379 2463 6279
f 5696 6280 2713
f 6281 714 2826
f 5814 4720 6282
f 4191 6283 5183
f 6283 5268 4045
f 5268 6283 4191
f 6284 4974 4804
f 5683 6284 4804
f 1940 2993 6285
f 6285 4098 1940
f 1150 1312 6286
f 6287 3793 2681
f 4121 6288 741
f 2715 6288 4121
f 741 6288 4701
f 4920 6288 2715
f 6288 4920 4701
f 6289 2264 390
f 2264 6289 2117
f 2117 6289 5613
f 6290 128 2023
f 5046 128 6290
f 6176 5046 6290
f 6292 4853 5042
f 6293 5389 4276
f 1349 6294 3867
f 1156 4329 6294
f 6295 3602 3375
f 6262 2614 6295
f 1335 1465 6296
f 3325 6298 4563
f 6298 3325 4822
f 6299 4248 4090
f 4378 6299 4090
f 2988 6300 1912
f 6300 1097 5166
f 1912 6300 5166
f 2737 2340 6301
f 6301 3690 3574
f 6153 2737 6301
f 6153 6301 3574
f 6302 786 4827
f 4189 6302 4827
f 5688 6302 4189
f 1555 6303 3801
f 6304 753 955
f 6304 1360 1527
f 1650 1512 6304
f 6304 590 1695
f 385 2047 6304
f 2047 1297 6304
f 2381 753 6304
f 2412 2580 6304
f 1916 2842 6304
f 3161 590 6304
f 3124 6304 3700
f 6304 4050 1650
f 4585 1360 6304
f 4691 2412 6304
f 5132 543 6304
f 6304 2580 5132
f 6304 3573 5144
f 6304 5150 385
f 2842 5177 6304
f 5177 4585 6304
f 5728 6304 3124
f 1527 5750 6304
f 5750 5150 6304
f 6055 4050 6304
f 5144 6055 6304
f 2247 6305 695
f 6305 2247 3524
f 4501 6305 3524
f 695 6305 4788
f 6305 4501 4788
f 6306 1316 4789
f 5467 6306 4789
f 5900 1311 6307
f 5599 264 6308
f 3736 5599 6308
f 6308 264 5657
f 5657 2626 6308
f 6309 2466 2661
f 5141 6309 2661
f 5211 4462 6310
f 6310 5598 1995
f 6310 4462 5598
f 6044 6312 5175
f 2828 6313 1908
f 6313 3297 1908
f 4667 6314 5759
f 5220 6315 1607
f 6316 2883 739
f 2883 6316 1824
f 5091 6316 739
f 5091 3408 6316
f 1824 6316 5221
f 6316 3408 5221
f 5055 6318 4856
f 6318 5954 4856
f 1899 769 6319
f 6319 773 1899
f 5226 773 6319
f 769 5746 6319
f 6320 5956 4457
f 6321 2369 3457
f 133 5234 6321
f 5234 2369 6321
f 133 6321 5350
f 6322 1188 1522
f 1424 6322 3023
f 3023 6322 1522
f 6322 3388 1188
f 6323 5772 3670
f 6326 4792 2510
f 6327 1190 2274
f 5236 1190 6327
f 6263 5236 6327
f 2829 6328 468
f 1877 6329 744
f 6329 1877 5142
f 5142 4572 6329
f 744 6329 5198
f 6329 4572 5198
f 1876 6330 437
f 4821 6330 1
f 6330 4821 437
f 1998 561 6331
f 561 4034 6331
f 4034 3052 6331
f 6331 3052 5824
f 6331 5824 4133
f 3737 2773 6333
f 6333 2773 5347
f 2659 4531 6334
f 2035 6335 3100
f 878 6335 3177
f 3177 6335 2035
f 6337 3449 517
f 3447 3449 6337
f 5556 3447 6337
f 4353 6338 4138
f 6338 5626 4138
f 5251 4221 6339
f 6339 4221 5306
f 3653 6340 2585
f 6340 3653 4519
f 6340 4519 4909
f 2585 6340 5210
f 6340 4909 5210
f 1183 1801 6341
f 4620 1183 6341
f 4786 6342 3697
f 6342 798 5255
f 3697 6342 5255
f 1755 3626 6343
f 3626 2634 6343
f 2634 4948 6343
f 3659 3750 6344
f 3659 6344 4699
f 1033 6345 253
f 1033 5305 6345
f 2568 5407 6346
f 6346 5407 4872
f 4428 4461 6347
f 3780 4516 6347
f 5802 3780 6347
f 6347 4461 5802
f 885 6348 452
f 6348 2885 452
f 247 1380 6349
f 1675 247 6349
f 6349 1380 2253
f 2253 2638 6349
f 1041 6350 780
f 780 6350 3080
f 6350 2469 3080
f 6350 4680 2469
f 1493 6351 354
f 354 6351 5263
f 6351 4835 5263
f 3789 2974 6353
f 5571 820 6353
f 6353 2974 5571
f 3510 6354 4732
f 6354 3510 5224
f 17 6355 583
f 583 6355 4092
f 6355 5199 4092
f 6356 2298 2224
f 6357 372 3763
f 6358 5570 4093
f 4728 976 6359
f 6359 976 4929
f 6360 5008 2440
f 6361 67 117
f 6361 1197 67
f 5319 6361 117
f 2697 6361 5319
f 5652 6362 4989
f 6362 5652 5241
f 2028 6363 508
f 6363 5344 508
f 5344 6363 1534
f 1212 2931 6364
f 6365 5289 5246
f 6365 3300 5665
f 5289 6365 6123
f 6123 6365 5665
f 436 782 6367
f 5968 436 6367
f 3802 6368 2288
f 2288 6368 4872
f 6369 5310 2801
f 1118 5462 6369
f 5462 5310 6369
f 833 5291 6370
f 5291 5733 6370
f 6371 1252 2992
f 4625 1252 6371
f 2423 183 6372
f 6372 476 2423
f 3649 6372 2549
f 4072 476 6372
f 3620 4072 6372
f 6372 3494 4950
f 2549 6372 5302
f 6372 4950 5302
f 4654 6373 3289
f 2990 6374 1562
f 2671 4193 6374
f 2672 3885 6375
f 2586 4615 6375
f 5567 2672 6375
f 6375 4615 5567
f 6376 3344 558
f 3344 6376 3250
f 6376 154 3904
f 154 6376 3909
f 3909 6376 558
f 3250 6376 6081
f 6081 6376 3904
f 1075 6377 744
f 6377 5045 3983
f 2107 6378 953
f 953 6378 5311
f 6378 1040 5311
f 4513 6379 4519
f 6379 4513 5313
f 5741 6379 5313
f 2719 3218 6380
f 3474 6381 4702
f 5264 6381 3474
f 5264 6033 6381
f 2814 6382 453
f 2814 1799 6382
f 6382 4755 453
f 6382 3696 4755
f 1799 5318 6382
f 5318 3696 6382
f 1608 6383 868
f 6383 3919 1754
f 1269 2271 6384
f 3588 1269 6384
f 6384 2680 3588
f 6384 4235 2680
f 3486 4235 6384
f 2230 6385 1086
f 1972 6385 2230
f 1086 6385 5272
f 4934 6386 1048
f 4316 6386 4934
f 5817 6386 4316
f 6387 1936 1
f 5607 6387 495
f 1936 6387 5607
f 1 5926 6387
f 6387 5926 495
f 3899 1114 6388
f 6388 2821 3899
f 1114 4534 6388
f 5278 2821 6388
f 6389 3601 5042
f 6390 3230 4282
f 6390 4352 3230
f 6391 1192 5647
f 1192 6391 6317
f 6317 6391 2013
f 592 6393 4545
f 6394 1064 3039
f 3527 2703 6394
f 5535 6394 3039
f 3527 6394 5535
f 791 6395 3357
f 5500 6395 791
f 5659 6395 5500
f 630 6396 2521
f 6396 630 4916
f 6397 1637 439
f 6397 439 2437
f 5012 6397 2437
f 5033 6397 5012
f 1923 6398 3775
f 6398 4114 3775
f 4502 1024 6398
f 4502 6398 1923
f 1924 5077 6398
f 2166 6399 3249
f 6219 6399 2166
f 80 6400 939
f 6400 80 5298
f 4580 6400 5298
f 6400 5697 939
f 5697 6400 4580
f 3056 6401 5742
f 6402 2107 5301
f 6403 449 1755
f 1755 2426 6403
f 2426 2713 6403
f 6403 6280 449
f 2713 6280 6403
f 4315 2505 6404
f 6405 6152 4659
f 6405 2568 6346
f 3177 6406 1735
f 6406 3340 648
f 3177 3340 6406
f 6406 5497 3299
f 6048 6406 648
f 1735 6406 6334
f 5002 3854 6407
f 317 6408 4045
f 6408 1069 4045
f 6408 317 5360
f 2289 6409 600
f 2221 6410 1071
f 1071 6410 5364
f 1335 6411 1039
f 1039 6411 3657
f 4675 6411 1335
f 2811 6412 1232
f 6412 4795 1232
f 4795 6412 5892
f 1213 6413 117
f 6413 1213 4409
f 3171 6413 4409
f 117 6413 5319
f 2175 6414 1073
f 1073 6414 5365
f 5365 6414 3302
f 604 6415 846
f 6415 4159 846
f 1376 6416 198
f 198 6416 5367
f 6416 5010 5367
f 5494 6416 1376
f 5010 6416 5494
f 1308 181 6417
f 5332 1381 6417
f 4486 5332 6417
f 6417 181 5372
f 5372 4486 6417
f 6251 1308 6417
f 6417 1381 6251
f 6418 2019 4930
f 2048 6419 70
f 70 6419 3117
f 969 6420 3978
f 3978 6420 3750
f 3750 6420 6344
f 1312 3237 6421
f 3450 6421 3483
f 6286 1312 6421
f 6286 6421 3450
f 6422 498 874
f 4065 6422 874
f 6423 1651 539
f 6423 4230 1651
f 3642 367 6424
f 6424 1063 3642
f 3872 1063 6424
f 2017 3872 6424
f 367 4923 6424
f 6424 4923 2017
f 6425 2895 5532
f 6098 6425 5532
f 1985 859 6426
f 6426 859 4697
f 6427 2609 1243
f 6427 4081 2609
f 68 6428 1200
f 6429 4374 2899
f 6430 5205 6166
f 6432 1993 822
f 6434 2495 3687
f 6434 4320 1318
f 6434 3687 4320
f 6435 2346 1234
f 1234 4580 6435
f 4580 5298 6435
f 6435 5298 4893
f 6436 3280 587
f 1859 1444 6437
f 6437 1444 2378
f 3045 6438 1946
f 1946 6438 5340
f 6438 3193 5340
f 6439 3030 1537
f 6439 1537 6320
f 4457 6439 6320
f 6440 2693 5381
f 4613 6440 5381
f 5933 1284 6440
f 5933 6440 4613
f 6442 5425 4278
f 4276 6442 6293
f 6442 4278 6293
f 2922 1286 6443
f 6443 3730 2922
f 4026 3730 6443
f 6444 4070 4375
f 6445 2831 190
f 6445 5228 113
f 6446 3805 4539
f 6446 5285 3805
f 1399 6447 2807
f 5068 6447 1399
f 6447 5068 5402
f 3838 629 6448
f 6448 1211 3838
f 3847 1211 6448
f 629 4136 6448
f 81 6449 1017
f 6449 3236 1786
f 4702 6450 2167
f 2167 6450 4727
f 5880 6450 4702
f 6451 2243 692
f 2706 6451 6242
f 5042 6452 5071
f 6453 2109 1
f 3131 6453 1
f 6453 3131 596
f 5841 6453 596
f 2109 6453 5841
f 6454 1338 1508
f 2383 980 6456
f 3479 2383 6456
f 6456 5676 3479
f 6457 413 1574
f 5433 413 6457
f 6458 2544 1756
f 6458 1756 3453
f 2544 6458 4746
f 2526 6459 1406
f 6459 2526 4352
f 5370 6459 1376
f 1406 6459 5370
f 589 5494 6459
f 6459 5494 1376
f 684 372 6460
f 954 684 6460
f 3863 4137 6460
f 6460 372 6357
f 1727 6460 6357
f 391 6461 568
f 6257 6461 391
f 6461 6257 1751
f 3766 6462 899
f 6462 4556 899
f 6462 5642 4556
f 1932 1413 6463
f 6463 5537 1932
f 926 529 6464
f 6464 2261 4497
f 926 6464 5418
f 5418 6464 4497
f 529 5916 6464
f 6464 5916 2261
f 2118 6465 1932
f 1932 6465 5958
f 3235 6466 1880
f 533 3314 6466
f 2896 6467 1834
f 132 6467 4732
f 6467 2896 4732
f 6467 132 5408
f 1834 6467 5408
f 6468 1098 575
f 1098 6468 1018
f 1018 6468 3311
f 3232 2512 6469
f 6469 4719 3232
f 2512 5005 6469
f 6470 2483 634
f 3873 6471 2487
f 3873 4632 6471
f 2861 6473 221
f 221 6473 3878
f 6473 1909 3878
f 1909 6473 4212
f 6473 2861 4809
f 4212 6473 4809
f 2156 1359 6474
f 2156 6474 2654
f 6474 4643 2654
f 2452 1390 6475
f 712 6476 3670
f 2757 474 6477
f 6477 474 4216
f 338 6479 636
f 6479 2281 636
f 6231 6479 338
f 516 6480 593
f 6401 6480 516
f 6480 6401 3056
f 45 1330 6481
f 6481 1566 1244
f 1330 5918 6481
f 6481 5918 1566
f 6482 1749 645
f 1749 6482 6059
f 6482 3885 6059
f 886 1280 6484
f 843 1384 6484
f 6484 5334 886
f 1384 5334 6484
f 6485 4332 4324
f 4332 6485 4701
f 6001 6485 4324
f 5463 4708 6486
f 6486 4708 5747
f 2786 2719 6487
f 4504 6487 3248
f 6487 2719 6380
f 6487 6380 3248
f 85 6489 1218
f 6489 85 3670
f 4198 6489 3670
f 1 1858 6490
f 6490 1858 649
f 6490 2813 1
f 2601 1387 6491
f 6491 4693 236
f 1387 4693 6491
f 5533 6492 1673
f 5533 2813 6492
f 6492 6490 649
f 2813 6490 6492
f 6493 3512 3751
f 3595 130 6494
f 4674 3595 6494
f 463 6495 2887
f 2933 4044 6495
f 2887 6495 4045
f 6495 4044 4045
f 6495 463 5404
f 2933 6495 5404
f 567 1647 6496
f 2398 567 6496
f 4309 2484 6497
f 2069 6498 376
f 1326 6498 2069
f 6498 1326 4296
f 3995 6498 4296
f 6498 6210 376
f 6210 6498 3995
f 2441 611 6499
f 4941 2441 6499
f 3353 4941 6499
f 241 39 6500
f 39 1116 6500
f 6500 1421 241
f 6500 1116 4396
f 1222 6501 544
f 6501 5090 544
f 5090 6501 3951
f 6501 1222 5443
f 3951 6501 5443
f 1462 6502 282
f 1462 571 6502
f 282 6502 5410
f 1943 6505 775
f 1972 6505 1943
f 775 6505 5413
f 5582 6505 1972
f 6505 5582 5413
f 584 580 6506
f 584 6506 3112
f 3112 6506 3485
f 6506 4564 3485
f 1549 6507 1812
f 6507 5685 1812
f 1751 6508 3154
f 6508 5485 661
f 5485 6508 1751
f 6509 631 1431
f 6509 1431 3905
f 2205 6509 3905
f 631 6509 4809
f 4809 6509 2205
f 5438 4701 6510
f 1845 1400 6511
f 6511 3367 1845
f 6511 4784 337
f 1400 4784 6511
f 6512 5290 4172
f 4172 5302 6512
f 6514 5997 5449
f 6515 2804 581
f 5259 2804 6515
f 4572 6516 3459
f 2865 6516 5142
f 6516 4572 5142
f 6516 2865 5452
f 3459 6516 5452
f 3912 2964 6517
f 6517 2964 5517
f 3393 6518 3910
f 3393 5996 6518
f 6519 1238 742
f 4961 6519 626
f 1238 6519 4961
f 626 6519 5650
f 742 5650 6519
f 6520 2762 2098
f 2512 4025 6522
f 6522 1199 5005
f 2512 6522 5005
f 1199 6522 5194
f 2201 6523 3290
f 6523 2201 3801
f 3801 6303 6523
f 5832 6524 1362
f 6525 5871 3647
f 3877 3944 6526
f 3613 6527 973
f 6527 3613 4311
f 5202 6527 4311
f 3021 1020 6528
f 3021 6528 6085
f 6529 634 3349
f 6529 3504 634
f 6530 6037 6142
f 2459 2843 6532
f 931 2853 6532
f 6532 2853 2459
f 2843 5071 6532
f 1630 1606 6533
f 3247 2806 6533
f 1606 3480 6533
f 6533 3480 3247
f 4115 6534 2282
f 835 2844 6535
f 2844 1885 6535
f 5595 626 6535
f 6535 1885 5595
f 4000 6537 3888
f 6538 2103 644
f 6538 4976 2103
f 6538 5628 4976
f 939 6539 235
f 995 6540 3978
f 3978 6540 1446
f 4029 1446 6540
f 3586 6541 4679
f 6542 4549 2913
f 6542 5673 4549
f 420 6543 1335
f 6543 420 2164
f 5066 6543 2164
f 4835 6544 3704
f 6544 2146 5435
f 3704 6544 5435
f 4765 6546 5858
f 2527 6547 5118
f 3105 6548 653
f 5776 6550 5055
f 6550 6318 5055
f 6551 2723 1610
f 4273 6552 2804
f 2804 6552 5024
f 1759 1324 6553
f 610 5412 6553
f 6553 5412 1759
f 1324 6279 6553
f 3263 6555 2147
f 6555 1299 5441
f 2147 6555 5441
f 6556 1991 5579
f 4124 6556 5579
f 6018 6556 4124
f 6018 4196 6556
f 2509 1440 6557
f 6557 1440 2610
f 5633 6557 2610
f 5500 6557 5633
f 5977 6557 5500
f 774 2860 6558
f 2860 4533 6558
f 6559 2229 3177
f 3318 2229 6559
f 4718 279 6560
f 2056 6561 3120
f 671 4030 6562
f 6562 4432 671
f 662 5517 6562
f 5517 4432 6562
f 6563 5293 4209
f 6564 101 3932
f 3568 6564 3932
f 6186 6564 3568
f 631 1 6566
f 457 3102 6566
f 3102 631 6566
f 3935 457 6566
f 2027 6567 673
f 3488 6568 4349
f 5655 6568 3488
f 6568 5655 4701
f 6569 1314 5044
f 440 6570 3648
f 3648 6570 2583
f 2583 6570 5492
f 1596 1407 6571
f 6571 4511 111
f 1407 4511 6571
f 2839 6572 586
f 586 6572 4353
f 6572 6338 4353
f 6573 2681 3842
f 6287 2681 6573
f 6574 2550 2660
f 6574 2460 3533
f 4425 2550 6574
f 3533 4425 6574
f 5496 2460 6574
f 2660 5496 6574
f 2877 3658 6575
f 1600 2879 6576
f 6577 1359 2156
f 3605 6577 2156
f 4702 1359 6577
f 6578 4362 2846
f 631 6580 3177
f 6580 2386 3177
f 3578 6580 631
f 1418 6580 3578
f 1825 6581 640
f 640 6581 5521
f 452 2885 6582
f 6582 3394 452
f 2885 5672 6582
f 652 3426 6584
f 3426 2799 6584
f 6584 2799 3740
f 3740 5524 6584
f 3747 6585 4701
f 6585 3747 5501
f 922 3953 6586
f 630 3749 6587
f 6587 4156 630
f 4156 6587 2683
f 2683 6587 5093
f 6587 3749 5093
f 5952 6588 619
f 619 6588 6016
f 6589 606 694
f 2781 6589 694
f 4701 606 6589
f 6590 4266 696
f 5749 6590 696
f 2043 6590 5749
f 3173 6591 1739
f 1739 6591 5098
f 6591 2018 5098
f 700 6592 698
f 4839 6592 1
f 6592 4839 698
f 3854 6593 6407
f 1755 6594 700
f 6592 6594 1
f 6594 6592 700
f 2891 6596 1187
f 2891 2901 6596
f 1187 6596 4957
f 6596 1804 5930
f 4957 6596 5930
f 6597 4303 1932
f 6597 5417 4303
f 1932 5987 6597
f 3419 6598 5142
f 6598 3419 5473
f 2231 6599 1088
f 1088 6599 5475
f 6599 4167 5475
f 417 6600 1344
f 1344 6600 3651
f 4059 6601 2904
f 6602 362 4782
f 2300 6602 4782
f 6602 2300 5106
f 3227 6603 740
f 2406 6604 4378
f 4609 6604 2406
f 6604 6299 4378
f 6605 2375 3969
f 6606 945 952
f 4481 2911 6606
f 2190 6607 3982
f 4031 2735 6608
f 5170 4031 6608
f 6608 2735 5242
f 6609 2029 1684
f 4452 663 6609
f 663 5646 6609
f 6609 5646 2029
f 6611 1044 1494
f 6611 2185 1044
f 3824 6611 1494
f 1638 6611 3824
f 3604 6612 4250
f 4250 6612 5099
f 6613 2452 2224
f 4919 6613 2224
f 6614 3671 2197
f 6180 6615 5486
f 6616 1194 746
f 2646 6616 746
f 1195 3978 6617
f 5730 2976 6618
f 3431 6619 2368
f 3431 4035 6619
f 2368 6619 4635
f 6304 6620 1916
f 2282 6621 3942
f 4898 6621 2282
f 6621 5315 3942
f 3880 6622 1188
f 6622 5031 1188
f 6623 5680 2692
f 6478 5680 6623
f 6624 3438 2314
f 1690 6625 2192
f 6043 6625 1690
f 6626 4541 725
f 4541 6626 5696
f 6626 5663 5696
f 1461 243 6628
f 6628 243 5465
f 6628 5465 2665
f 6096 6629 4003
f 3440 843 6630
f 1322 3440 6630
f 6630 5719 1322
f 1508 5719 6630
f 6630 843 6454
f 6454 1508 6630
f 6631 327 2965
f 6631 2965 1287
f 4006 327 6631
f 5401 6631 1287
f 5401 4006 6631
f 6632 1561 2628
f 565 5563 6632
f 5563 1561 6632
f 1304 4419 6633
f 5528 1304 6633
f 306 6634 2440
f 4707 6634 306
f 6634 5374 2440
f 1707 2697 6636
f 6636 2697 5319
f 6637 5188 766
f 6638 3543 4628
f 279 5527 6638
f 5527 3543 6638
f 279 6638 6560
f 1 6639 1648
f 3999 6639 1
f 6639 3999 4436
f 6640 3951 2195
f 6640 5090 3951
f 6641 3759 1930
f 1411 6641 4590
f 4590 6641 1930
f 6641 4891 3759
f 1532 6642 774
f 6642 2860 774
f 6643 5508 3245
f 6643 6610 5508
f 2947 2117 6644
f 5240 2947 6644
f 6644 2117 5851
f 2168 303 6645
f 1093 2168 6645
f 6645 3323 1093
f 6645 303 6067
f 6646 4387 3269
f 2905 3601 6647
f 6647 1657 6106
f 6106 2905 6647
f 6433 1657 6647
f 3518 6648 2065
f 4587 6648 3518
f 4242 6648 4587
f 2065 6648 5108
f 6648 4242 5108
f 178 2906 6649
f 2906 3864 6649
f 2700 6651 4024
f 6651 5288 631
f 5288 6651 2700
f 6652 4760 3278
f 6652 3610 6108
f 2418 6653 176
f 176 6653 4413
f 6653 5820 4413
f 707 3523 6654
f 1488 3255 6656
f 3522 6656 4496
f 4994 1488 6656
f 4994 6656 3522
f 6657 2656 466
f 2656 6657 3733
f 466 5208 6657
f 2925 984 6658
f 6658 4703 230
f 6658 984 4703
f 6080 2925 6658
f 148 6659 1
f 6659 148 790
f 6659 906 1
f 4616 6659 790
f 4616 906 6659
f 4581 6660 5664
f 4461 3992 6661
f 4461 6661 5802
f 6661 2140 5883
f 5802 6661 5883
f 3888 6662 3993
f 6276 6662 631
f 6662 6276 3993
f 631 6662 6537
f 6537 6662 3888
f 4618 2963 6663
f 2963 5042 6663
f 6664 3978 1446
f 3978 6664 6617
f 5228 6665 4000
f 6537 6665 631
f 6665 6537 4000
f 6666 6569 5044
f 3994 1511 6667
f 6667 4773 322
f 1511 4773 6667
f 4036 5601 6668
f 5601 6455 6668
f 691 4114 6669
f 5235 6669 4054
f 6669 4114 6398
f 6670 2575 800
f 6670 4758 2179
f 6671 2658 1126
f 6671 1126 4606
f 1655 6671 4606
f 6672 532 4438
f 4077 6672 4438
f 6248 6672 4077
f 4702 1682 6673
f 6673 1682 5528
f 6633 6673 5528
f 1552 2548 6674
f 5275 1552 6674
f 6675 4484 1694
f 4484 6675 3407
f 1694 5229 6675
f 3407 6675 5530
f 6675 5229 5530
f 1932 6676 4012
f 6676 5128 4012
f 5852 6676 1932
f 4507 1826 6677
f 6677 5884 4507
f 6677 535 6304
f 6304 5728 6677
f 6518 5996 6677
f 6463 6678 5537
f 2302 4109 6679
f 1506 5721 6679
f 5721 2302 6679
f 2826 1762 6680
f 4352 3274 6681
f 6681 3274 5538
f 4485 6681 5538
f 6681 5581 4352
f 5581 6681 4485
f 1249 6682 2254
f 5616 6682 1249
f 4702 6682 5616
f 6683 3495 2374
f 2374 5888 6683
f 6683 5983 4529
f 5888 5983 6683
f 6684 967 3358
f 4301 967 6684
f 3608 6685 6216
f 6686 1512 4070
f 1512 6686 6304
f 6444 6686 4070
f 4807 6687 3334
f 3334 6687 5180
f 6687 5687 5180
f 6688 289 2771
f 5943 6688 2771
f 154 1120 6689
f 6689 69 1513
f 1513 1616 6689
f 2719 2786 6689
f 2786 3140 6689
f 3218 2719 6689
f 3140 3544 6689
f 3904 154 6689
f 783 6689 4060
f 1090 4842 6689
f 6689 4842 3218
f 5155 1090 6689
f 4217 1860 6690
f 1860 5945 6690
f 6690 5945 6222
f 6691 1685 3963
f 4343 1685 6691
f 3744 6691 4662
f 6691 3963 4662
f 3340 902 6692
f 6693 145 1335
f 145 6693 2800
f 1335 6521 6693
f 6694 1695 4076
f 3982 6694 4076
f 1695 6694 6304
f 6620 6694 3982
f 6694 6620 6304
f 6695 984 742
f 1238 6695 742
f 6695 1238 830
f 4703 6695 830
f 984 6695 4703
f 4702 916 6696
f 5304 6696 4184
f 6696 5304 4702
f 6696 916 5560
f 4184 6696 5560
f 6697 1623 83
f 3989 6697 5406
f 1999 6698 884
f 4049 6699 5157
f 5564 6699 4049
f 320 6700 1739
f 1739 6700 784
f 5603 5226 6701
f 5746 4224 6701
f 6701 5226 6319
f 6319 5746 6701
f 802 610 6702
f 5968 6367 6702
f 6702 610 6553
f 2395 6703 1335
f 1335 6703 5126
f 2973 3070 6704
f 5083 2973 6704
f 5295 6704 4778
f 5083 6704 5295
f 3380 6705 5494
f 6705 3380 5568
f 6706 3820 5569
f 5668 6706 5569
f 1754 6707 975
f 6707 4169 1967
f 975 6707 5584
f 6707 1967 5584
f 1588 2952 6708
f 6145 4309 6710
f 6710 4309 6497
f 6711 3011 1898
f 1898 4901 6711
f 4901 3928 6711
f 631 6074 6712
f 6712 6074 5209
f 3519 6713 941
f 941 6713 4106
f 6713 5200 4106
f 6713 3519 6239
f 6713 6239 5200
f 1008 6714 1586
f 6714 4797 3320
f 1586 6714 5456
f 6714 3320 5456
f 180 6715 1311
f 6716 2455 821
f 4607 3286 6716
f 6716 6409 2455
f 613 1975 6717
f 4150 3912 6717
f 6717 1975 5284
f 5284 4150 6717
f 6517 613 6717
f 6717 3912 6517
f 6718 4103 2981
f 2983 1109 6719
f 6719 1109 4803
f 6719 1771 5390
f 5390 2983 6719
f 6720 3520 3841
f 6367 782 6720
f 1703 514 6721
f 6721 514 3618
f 3618 1598 6721
f 1598 4256 6721
f 6721 4256 4315
f 36 6230 6721
f 534 577 6722
f 1844 534 6722
f 6722 2916 1844
f 6722 577 3529
f 6723 4815 5047
f 6723 5940 4815
f 5413 6724 775
f 3968 6724 5413
f 6724 6513 775
f 6725 3688 3589
f 6725 5882 3688
f 3801 2863 6726
f 3289 3801 6726
f 6726 4656 3289
f 4656 6726 5703
f 914 3573 6727
f 914 6727 4115
f 6727 3573 6304
f 6728 5588 828
f 6728 3501 5588
f 6729 446 3091
f 4151 446 6729
f 2704 4151 6729
f 3091 5002 6729
f 6729 6407 2704
f 5002 6407 6729
f 6730 681 2298
f 6730 5253 681
f 6730 1202 5253
f 1202 6730 6356
f 6356 6730 2298
f 4696 6731 4495
f 6732 1782 2683
f 6732 3234 1782
f 5093 6732 2683
f 3505 6732 5093
f 2506 6733 1438
f 6733 2506 4989
f 1438 6733 5623
f 6734 2844 835
f 6735 4253 1668
f 6275 2994 6736
f 4406 6738 5503
f 2193 6739 4565
f 6739 4543 4565
f 6739 6035 4543
f 1670 4402 6740
f 4402 4185 6740
f 6740 5078 1670
f 4160 5078 6740
f 6488 4160 6740
f 6740 4185 6488
f 3887 6741 22
f 6741 6705 5568
f 3812 6742 1005
f 6742 5857 3635
f 1005 6742 5992
f 6742 3635 5992
f 3744 4434 6743
f 4434 3882 6743
f 6203 1956 6743
f 6743 3882 6203
f 2597 6744 3667
f 6744 2597 5713
f 2942 6744 5713
f 6204 6744 2942
f 6745 2499 848
f 5076 6746 885
f 5076 1366 6746
f 6746 6348 885
f 6747 561 1998
f 6748 3005 742
f 6748 3650 3005
f 4448 6748 742
f 6748 4448 3650
f 3000 6749 592
f 6015 6750 4989
f 6750 6015 5604
f 2913 2327 6751
f 6751 2718 2913
f 6751 3782 2718
f 6752 1645 4128
f 1645 6752 4809
f 5854 6752 4128
f 1418 6753 6580
f 6753 2386 6580
f 3681 6754 2610
f 6754 5633 2610
f 2427 1335 6755
f 3870 2427 6755
f 1932 127 6756
f 2899 6757 6429
f 6172 6758 6087
f 1293 6759 1664
f 6759 574 4710
f 1664 6759 4710
f 1293 5606 6759
f 6760 997 4506
f 3996 6760 4506
f 6211 6760 3996
f 1333 6761 857
f 6761 2228 857
f 2228 6761 1534
f 4137 3700 6762
f 3700 6304 6762
f 6460 6762 954
f 4137 6762 6460
f 6763 3916 2216
f 6763 5017 3916
f 861 6764 3512
f 3512 6764 1223
f 1223 6764 4607
f 6764 1589 4607
f 5244 6764 861
f 1589 6764 5244
f 6765 657 5252
f 657 6765 5553
f 659 6766 3307
f 3682 6767 2823
f 3350 6767 4558
f 6767 3682 4558
f 2823 6767 5546
f 5546 6767 3350
f 5289 6768 4208
f 6768 467 5644
f 4208 6768 5644
f 2529 6769 1554
f 6770 5686 1757
f 2761 6771 1215
f 1215 6771 5259
f 6771 4273 5259
f 6772 1393 6185
f 6772 6712 5209
f 674 6773 4391
f 4391 6773 900
f 6773 674 5042
f 1703 6774 2775
f 6774 1703 6721
f 6721 6230 6774
f 566 6775 237
f 2385 6775 566
f 6775 104 2500
f 6775 2500 237
f 4424 104 6775
f 2385 4424 6775
f 6776 4290 2095
f 6776 2095 5662
f 4077 6776 5662
f 793 6777 2148
f 6777 2688 1204
f 6777 1204 5472
f 2148 6777 5472
f 6779 520 4535
f 4701 520 6779
f 6779 638 4701
f 3177 6780 4287
f 4287 6780 5400
f 3340 6782 2876
f 2876 6782 5151
f 859 6783 4697
f 6783 6655 4697
f 337 6785 2342
f 4784 6785 337
f 1890 6787 141
f 1890 3064 6787
f 3064 5529 6787
f 2393 6788 582
f 6788 5891 3666
f 6789 1528 141
f 4466 2929 6790
f 3651 6790 4749
f 6790 2929 5192
f 6790 5192 4749
f 5794 6790 3651
f 5794 4466 6790
f 3070 919 6791
f 6791 4624 294
f 6791 919 4624
f 4778 6791 294
f 6704 3070 6791
f 6704 6791 4778
f 3996 5101 6792
f 6792 6211 3996
f 6792 6725 3589
f 5101 6725 6792
f 6793 3069 2978
f 6793 4201 3069
f 4986 6793 2978
f 3481 6793 4986
f 3221 6794 890
f 6794 5573 890
f 1941 854 6795
f 854 2566 6795
f 6795 2825 1941
f 3078 816 6796
f 6796 816 4522
f 4522 3664 6796
f 2404 6797 2848
f 6797 4250 2105
f 6797 2404 4250
f 4646 6797 2105
f 6797 4646 2848
f 6798 1758 1747
f 2214 6798 1747
f 6798 3924 1758
f 6140 6798 2214
f 468 6799 931
f 6799 6328 1
f 6328 6799 468
f 2486 6800 1850
f 2486 3088 6800
f 1569 6801 3735
f 3963 6801 1569
f 3963 4415 6801
f 6801 4415 4301
f 6801 6684 3735
f 6801 4301 6684
f 6802 1766 1840
f 619 6802 2987
f 6802 619 3745
f 4185 4402 6802
f 6804 3497 2415
f 6804 1402 3609
f 6806 5831 5014
f 6807 3794 440
f 3794 6807 2687
f 440 5587 6807
f 2687 6807 5682
f 6807 5587 5682
f 1312 1150 6808
f 3901 1312 6808
f 6808 1150 4861
f 6808 4861 2363
f 4420 4304 6809
f 4579 4420 6809
f 4579 6809 5912
f 5912 6809 5943
f 6809 4304 6688
f 6809 6688 5943
f 4186 2207 6810
f 6810 2207 4813
f 4813 4264 6810
f 6038 4186 6810
f 4264 6249 6810
f 6810 6249 6038
f 6507 6811 5685
f 1345 1274 6813
f 3053 225 6813
f 1274 3053 6813
f 6813 225 3933
f 3933 1345 6813
f 6814 4257 2377
f 839 6814 5993
f 5993 6814 2377
f 6815 3629 5660
f 3029 1398 6816
f 6816 1398 5110
f 6817 3068 1776
f 6817 4164 3068
f 4454 6817 1776
f 6198 6817 4454
f 5184 6819 3720
f 6819 166 5378
f 3720 6819 5378
f 3108 274 6820
f 3111 3108 6820
f 6820 274 3991
f 3991 278 6820
f 4972 6821 5604
f 3259 6822 2144
f 2144 6822 5668
f 6822 6706 5668
f 3302 6823 2172
f 2172 6823 5670
f 3731 6825 1494
f 3405 6825 3731
f 6825 4488 3409
f 1494 6825 5047
f 6825 3409 5047
f 3485 6826 3112
f 6826 4086 3112
f 6828 2830 616
f 3261 6828 2151
f 6828 616 5639
f 2151 6828 5639
f 6830 3067 4163
f 5712 3067 6830
f 4163 6263 6830
f 6327 2274 6830
f 6263 6327 6830
f 616 4728 6831
f 5639 616 6831
f 6831 4728 6359
f 1654 6832 112
f 112 6832 5296
f 6832 5641 5296
f 6833 3825 2394
f 6833 3552 5647
f 5647 3825 6833
f 1108 1986 6834
f 6834 1986 4217
f 6690 6834 4217
f 319 3373 6835
f 6835 3373 1901
f 6836 3119 1740
f 2301 3119 6836
f 6836 1740 5451
f 5451 4430 6836
f 4966 6837 631
f 4457 6837 5354
f 6837 4966 5354
f 6837 5956 631
f 5956 6837 4457
f 2529 870 6838
f 6838 870 5355
f 4563 6839 531
f 2354 6839 4563
f 5356 6839 2354
f 2798 6840 1317
f 1317 6840 5357
f 6840 3560 5357
f 4569 5138 6841
f 5138 5066 6841
f 6478 6842 5680
f 6296 6843 1335
f 6843 6521 1335
f 1157 6844 631
f 631 6844 4766
f 4766 6844 3281
f 6844 1157 5307
f 3281 6844 5307
f 3092 4176 6845
f 5931 3092 6845
f 4645 1821 6846
f 1821 6235 6846
f 6846 6235 2092
f 631 6849 1
f 2578 6849 631
f 6849 2957 1
f 306 2957 6849
f 306 6849 4223
f 6849 2578 4223
f 4734 6850 2449
f 3096 5058 6850
f 5110 3096 6850
f 5110 6850 4734
f 3098 1475 6852
f 2699 3098 6852
f 6852 5172 1087
f 6852 1475 5172
f 5142 5833 6853
f 6853 5833 5686
f 6770 6853 5686
f 6854 1019 2135
f 2997 958 6854
f 2135 2997 6854
f 958 5664 6854
f 5733 1019 6854
f 6854 5664 6370
f 6370 5733 6854
f 3617 6855 4709
f 6856 3228 1779
f 1782 6856 4014
f 6857 2911 1
f 6606 6857 945
f 2911 6857 6606
f 700 698 6858
f 1755 700 6858
f 2007 3211 6858
f 3167 3436 6858
f 3616 3099 6858
f 6858 3689 1755
f 120 5181 6858
f 6858 5181 3167
f 6858 5186 2007
f 3946 5186 6858
f 6858 5257 3616
f 6858 5841 596
f 3436 5841 6858
f 141 6859 947
f 6859 1708 947
f 1708 6859 4701
f 6039 6859 141
f 4701 6859 6039
f 596 3131 6860
f 3131 1602 6860
f 6860 1602 5257
f 596 6860 6858
f 6860 5257 6858
f 600 6861 952
f 6861 3286 952
f 6409 6861 600
f 3286 6861 6716
f 6861 6409 6716
f 6862 3535 5693
f 4745 6862 5693
f 3535 6862 5873
f 5878 6862 4745
f 6862 5878 5873
f 6863 519 1149
f 2559 4229 6863
f 6866 108 4855
f 6866 4855 5789
f 6867 195 4519
f 4519 6379 6867
f 6867 6379 5741
f 417 3839 6868
f 2507 3137 6869
f 4993 2507 6869
f 6869 6059 162
f 3137 6059 6869
f 6870 841 990
f 274 6870 3991
f 3991 6870 990
f 5042 6870 274
f 841 6870 5042
f 3140 2786 6871
f 2502 6871 4504
f 6871 2786 6487
f 6871 6487 4504
f 729 6872 1
f 4238 6872 729
f 4238 4341 6872
f 1 6872 6566
f 6872 6089 6566
f 3273 6873 405
f 6873 5182 405
f 6650 6873 3273
f 6874 4596 963
f 4596 6874 3056
f 3056 6874 5611
f 2105 4250 6875
f 6875 4250 6545
f 6876 2477 2552
f 5065 6876 2552
f 4054 6876 5065
f 6876 5077 2477
f 2893 6877 1796
f 1796 6877 5710
f 6877 2640 5710
f 2640 6877 6045
f 6045 6877 2893
f 6878 2961 1455
f 6878 3676 3757
f 428 6879 3065
f 6880 4269 4927
f 4927 5755 6880
f 6881 1465 1335
f 1465 6881 4007
f 5126 6881 1335
f 6882 1368 3716
f 6882 3716 2987
f 246 4509 6882
f 4509 1368 6882
f 3451 2519 6883
f 6884 2184 3277
f 6884 5713 2184
f 4015 5713 6884
f 6885 1592 433
f 6885 6865 1872
f 6886 4887 4251
f 6034 6886 4251
f 4887 6886 6239
f 1345 6887 661
f 6887 6508 661
f 3154 6508 6887
f 6888 1392 5718
f 1392 6888 5906
f 6889 2541 5398
f 314 3401 6890
f 6890 3401 3190
f 3190 5768 6890
f 1409 319 6891
f 2454 1409 6891
f 6891 3570 2454
f 6891 319 6835
f 6892 1781 525
f 6892 6178 3192
f 898 6893 3466
f 6893 5423 3466
f 1504 6894 550
f 6894 3186 550
f 6022 6894 1504
f 2862 6894 6022
f 3158 5035 6896
f 3158 6896 5769
f 1807 1548 6897
f 6897 1548 4352
f 4490 1807 6897
f 900 6898 981
f 6898 2000 981
f 5042 2000 6898
f 6773 6898 900
f 6898 6773 5042
f 6731 6899 1
f 6899 6731 4696
f 41 6902 987
f 5941 6902 41
f 6902 6129 987
f 6903 87 503
f 6903 1256 87
f 6213 6903 503
f 1524 6903 6213
f 6456 980 6904
f 6905 3253 2306
f 6906 4948 5696
f 6907 4908 5791
f 5946 4908 6907
f 3141 6908 2040
f 6908 1282 5795
f 2040 6908 5795
f 6909 4327 612
f 4327 6909 1318
f 6434 1318 6909
f 2495 6434 6909
f 6910 1124 1037
f 2111 6910 1037
f 1124 6910 3056
f 6911 1363 203
f 2140 1363 6911
f 203 4271 6911
f 4271 3270 6911
f 5883 2140 6911
f 6911 3270 5883
f 6912 1260 1042
f 6912 1449 4058
f 5120 6912 1042
f 1449 6912 5120
f 1260 6912 5543
f 5543 6912 4058
f 3178 5191 6913
f 1248 5807 6913
f 6177 3178 6913
f 6913 5807 6177
f 2186 477 6914
f 6914 1082 2186
f 5804 1082 6914
f 5270 5804 6914
f 2183 6915 3275
f 6915 2183 5874
f 5874 5476 6915
f 6916 431 5142
f 5142 3753 6916
f 6916 3753 5756
f 4517 2789 6917
f 6917 2789 5129
f 5129 3198 6917
f 742 6918 3424
f 5957 6918 742
f 6918 5957 1004
f 4259 6919 1030
f 4639 6919 4259
f 6304 6920 434
f 1880 6921 3235
f 5548 6921 1880
f 2077 6921 5548
f 5859 6921 2077
f 6921 5859 3235
f 4770 5187 6922
f 5187 5188 6922
f 6923 3189 3154
f 6923 6887 1345
f 6923 3154 6887
f 6924 1336 3223
f 5172 3159 6925
f 5172 6925 3779
f 3677 3160 6926
f 3677 6926 4803
f 6926 1771 6719
f 4803 6926 6719
f 4612 6928 3517
f 6928 1742 5771
f 3517 6928 5771
f 6930 1306 4284
f 6930 511 4502
f 6930 4502 1306
f 855 3819 6931
f 6931 3819 5342
f 5342 5772 6931
f 5772 6323 6931
f 2117 6932 1843
f 5545 6932 1013
f 1843 6932 5545
f 2971 6933 1674
f 2971 1778 6933
f 6933 1778 4687
f 5714 6933 4687
f 6934 643 1060
f 632 6934 4390
f 4390 6934 1060
f 986 6935 3606
f 185 6935 4186
f 4186 6935 986
f 6936 918 512
f 512 4291 6936
f 4291 4542 6936
f 6937 883 5438
f 6937 5438 6510
f 2210 6938 425
f 2210 4571 6938
f 425 6938 4673
f 6938 2352 4673
f 6939 2072 5406
f 4110 6940 2568
f 6940 522 5407
f 2568 6940 5407
f 6941 378 1869
f 757 6941 2049
f 2049 6941 1869
f 757 5835 6941
f 3177 6942 4867
f 5433 6942 3177
f 4867 6942 5910
f 1018 1960 6943
f 6943 1960 1066
f 6943 5358 1018
f 3135 1449 6944
f 6944 1449 5120
f 150 6944 5179
f 6944 5120 5179
f 5461 6944 150
f 5461 3135 6944
f 6945 5688 4189
f 6945 4189 6073
f 1039 6946 1335
f 6946 4035 1335
f 4035 6946 6619
f 6947 4192 5270
f 5876 4192 6947
f 3402 3256 6948
f 3439 6949 1036
f 6949 3848 1036
f 3848 6949 4701
f 3218 4842 6950
f 6380 3218 6950
f 1489 6951 2570
f 6951 1489 4080
f 6952 2407 1084
f 6020 6952 1084
f 2329 6952 6020
f 6953 6053 4560
f 4793 6954 5808
f 6954 5919 1972
f 4793 5919 6954
f 1678 2792 6955
f 2792 3908 6955
f 3908 3193 6955
f 1678 6955 5811
f 6955 1837 5811
f 1815 4179 6956
f 2305 6957 4314
f 6957 4922 1108
f 4922 6957 2305
f 4983 6957 1108
f 6957 4983 4314
f 6958 4587 4563
f 4689 6958 3164
f 6958 4689 4587
f 3164 6958 5458
f 5458 6958 4563
f 664 1820 6959
f 1820 951 6959
f 664 6959 3087
f 6959 951 6107
f 3087 6959 6325
f 6959 6107 6325
f 6960 3644 5042
f 615 6961 1
f 6961 1626 1
f 6961 615 4317
f 1054 6962 674
f 5042 674 6962
f 6962 4889 5042
f 6963 1875 3526
f 5544 6963 1102
f 1875 6963 5544
f 750 6964 562
f 750 4321 6964
f 6965 5089 3610
f 3278 6965 6652
f 6965 3610 6652
f 3403 6966 218
f 5518 6966 3403
f 6966 5518 5863
f 2366 3638 6967
f 6967 3638 4280
f 5436 5778 6968
f 2830 6969 616
f 4701 6969 2830
f 3196 6969 4701
f 616 6969 4728
f 6969 3196 4728
f 6970 1745 548
f 479 6970 5473
f 6971 1957 2670
f 2670 4427 6971
f 6971 4427 4731
f 6972 3624 2499
f 6972 2499 6745
f 3202 1780 6973
f 4075 3202 6973
f 4075 6973 4505
f 6973 1780 5493
f 4505 6973 5698
f 6973 5493 5698
f 597 4295 6974
f 6974 4295 5436
f 188 1267 6975
f 1267 1876 6975
f 6975 1876 2392
f 2392 3250 6975
f 6975 6081 188
f 3250 6081 6975
f 4866 6976 6219
f 6976 6399 6219
f 6977 2778 3298
f 3940 6977 3298
f 6978 4871 1064
f 6394 6978 1064
f 2703 6978 6394
f 5479 6979 3860
f 1801 1461 6980
f 6341 1801 6980
f 6341 6980 2875
f 6980 1461 6628
f 4407 220 6981
f 6981 5531 4407
f 6982 4915 4315
f 4915 6982 5980
f 6404 6982 4315
f 5321 6983 3860
f 3860 6983 5479
f 4038 6984 2822
f 4038 5874 6984
f 5874 5219 6984
f 6984 5219 6281
f 6985 3004 1930
f 6985 3599 1531
f 1930 3759 6985
f 3759 3599 6985
f 693 6986 3371
f 417 2133 6988
f 2768 1854 6988
f 2791 417 6988
f 3001 1174 6988
f 6988 2328 3009
f 2133 3025 6988
f 6988 827 3340
f 1854 4664 6988
f 6988 4664 3001
f 4669 2328 6988
f 5134 1198 6988
f 5724 827 6988
f 5163 5724 6988
f 1198 6232 6988
f 6988 6232 2768
f 3009 6472 6988
f 6472 5134 6988
f 2225 151 6989
f 1949 6989 4341
f 4523 6989 1949
f 4523 2225 6989
f 6989 151 6089
f 4341 6989 6872
f 6089 6872 6989
f 6990 1728 1932
f 6990 2818 1728
f 6756 6990 1932
f 1089 6991 440
f 199 1377 6991
f 6991 1377 440
f 199 6991 5848
f 6991 1089 5848
f 11 1045 6992
f 1045 533 6992
f 11 6992 2191
f 2191 6992 3235
f 6992 533 6466
f 6992 6466 3235
f 6993 3224 396
f 2850 3224 6993
f 6993 396 4166
f 3955 4557 6994
f 6994 5095 3955
f 4557 5152 6994
f 6995 1654 665
f 6995 3802 3037
f 665 4806 6995
f 6995 5100 2196
f 4806 5100 6995
f 6995 3037 5456
f 4177 6995 5456
f 5641 6995 4177
f 2196 6152 6995
f 6368 3802 6995
f 6832 1654 6995
f 5641 6832 6995
f 6996 61 3056
f 61 6996 3779
f 3779 6996 1087
f 6996 5092 1087
f 3056 5092 6996
f 3165 6997 4702
f 1146 6998 3565
f 6998 2946 3565
f 6103 1091 6998
f 6103 6998 1146
f 1091 6595 6998
f 6998 6595 2946
f 2263 6999 1130
f 1130 6999 5852
f 7000 3406 1906
f 5157 7000 441
f 2378 1032 7001
f 7001 3857 2378
f 4250 2540 7003
f 7003 5102 4250
f 587 7004 1755
f 587 3280 7004
f 3280 5734 7004
f 2617 7005 5164
f 3284 2757 7007
f 5999 3284 7007
f 7007 2757 6477
f 7008 3090 5042
f 7008 6190 1112
f 5042 6190 7008
f 6803 7008 1112
f 3090 7008 6803
f 7010 5289 3692
f 5389 7010 4276
f 7010 3692 5866
f 4276 7010 5866
f 6768 5289 7010
f 5389 6768 7010
f 2763 7011 1250
f 1250 7011 5467
f 7011 6306 5467
f 175 5886 7012
f 7012 5886 831
f 7013 5699 3499
f 7014 6159 1118
f 6369 7014 1118
f 2657 7014 6369
f 7015 4588 742
f 742 5690 7015
f 7015 5690 1119
f 4652 7016 3801
f 7017 3655 5472
f 6254 7017 5472
f 2076 7018 2356
f 3555 7019 4610
f 716 7020 2616
f 5119 7020 716
f 1335 7020 5119
f 1873 3551 7021
f 7021 1448 4546
f 4546 1873 7021
f 58 7022 1173
f 7022 4716 1173
f 5957 7022 58
f 7023 3953 5035
f 7023 5849 5
f 5849 7023 5035
f 6586 7023 5
f 3953 7023 6586
f 611 7024 6499
f 6499 7024 3353
f 575 3221 7025
f 3221 890 7025
f 7025 890 3260
f 3260 3311 7025
f 7025 6468 575
f 3311 6468 7025
f 7026 736 997
f 422 1079 7026
f 7026 1079 736
f 2515 1283 7026
f 2177 2515 7026
f 7026 1283 3210
f 3210 1931 7026
f 2418 3240 7026
f 4550 422 7026
f 7026 3634 4550
f 7026 6653 2418
f 5820 6653 7026
f 997 6760 7026
f 6760 6211 7026
f 7027 2645 389
f 7027 389 4687
f 7028 115 2538
f 2538 1129 7028
f 1341 7029 175
f 175 7029 5886
f 7029 1457 5886
f 3317 4236 7030
f 6105 3317 7030
f 6663 7030 4618
f 6105 7030 6663
f 5482 7031 4337
f 7031 5482 4732
f 4337 7031 5888
f 2930 7032 2665
f 7032 3917 2665
f 3917 7032 4702
f 3266 7033 5047
f 7033 5718 5047
f 7033 6888 5718
f 7034 4668 2793
f 3852 4668 7034
f 1541 5920 7035
f 5920 4955 7035
f 7035 4955 6030
f 7036 2239 541
f 7036 3715 2239
f 7037 1387 2601
f 4123 7037 2601
f 1387 7037 5647
f 709 2434 7038
f 7038 2918 709
f 5995 2425 7039
f 2425 6530 7039
f 7039 6530 6142
f 7040 3316 3670
f 3316 7040 4389
f 7041 1587 1137
f 1587 7041 3056
f 3056 7041 4890
f 3670 7042 6323
f 7043 6086 3869
f 2866 7044 386
f 386 7044 5707
f 7044 4696 5707
f 7044 6899 4696
f 3151 25 7045
f 7045 25 4523
f 7045 4523 1949
f 952 3286 7046
f 3286 1589 7046
f 7046 1589 5244
f 5244 4481 7046
f 7046 6606 952
f 4481 6606 7046
f 673 7047 1152
f 7047 1120 1152
f 6567 7047 673
f 1120 7047 6689
f 6689 7047 6567
f 146 1864 7048
f 7048 3730 4026
f 146 7048 4965
f 4965 7048 4026
f 551 7049 1711
f 3177 7049 551
f 3395 7049 3177
f 553 7050 197
f 33 787 7051
f 4647 3466 7052
f 4577 4647 7052
f 7052 3466 5794
f 5260 7053 4375
f 4299 7054 5504
f 631 7054 5875
f 5875 7054 4299
f 6200 7054 631
f 7054 6200 5504
f 2068 6446 7055
f 7055 6446 4539
f 1865 7057 4376
f 4404 7057 1865
f 7057 5842 4376
f 7058 3437 3056
f 1158 7058 4037
f 3056 4037 7058
f 7059 6033 3222
f 558 3344 7060
f 3344 3751 7060
f 558 7060 6261
f 6261 7060 2303
f 3902 7061 2654
f 7061 5799 2654
f 5799 7061 2900
f 7062 5440 82
f 1335 5440 7062
f 7062 6784 1335
f 125 1281 7063
f 7063 2112 125
f 2112 7063 578
f 578 7063 5540
f 7063 1281 5540
f 4045 4044 7064
f 7064 4044 5944
f 6901 7064 5944
f 1827 7066 1172
f 7066 4053 1172
f 4519 7067 490
f 1972 7067 4519
f 7067 1972 5947
f 7068 4521 4
f 4521 7068 1335
f 7068 5440 1335
f 7069 1947 814
f 6821 7069 5604
f 7070 1854 4160
f 4664 1854 7070
f 5329 7070 1724
f 5329 4664 7070
f 1724 7070 6488
f 7070 4160 6488
f 1127 1336 7071
f 1128 1375 7072
f 4844 1128 7072
f 7072 3921 4844
f 1103 7073 2685
f 7073 1868 2685
f 4638 7073 1103
f 4638 4669 7073
f 3725 7074 4701
f 7074 3725 5958
f 6465 7074 5958
f 4957 7075 1187
f 1270 7075 4957
f 7075 1270 5042
f 2803 7076 4463
f 5420 7076 2803
f 1594 7077 400
f 7077 1594 939
f 4134 7077 939
f 400 7077 5927
f 7077 4134 5927
f 2987 57 7078
f 7078 619 2987
f 4692 619 7078
f 3683 4692 7078
f 57 5151 7078
f 7078 5151 3683
f 266 4767 7079
f 1814 5934 7079
f 7080 2094 634
f 634 6237 7080
f 7080 6237 3396
f 5969 7081 400
f 4147 7082 3020
f 7082 4147 4045
f 3020 7082 5969
f 7083 552 6093
f 7084 1284 1335
f 1284 7084 6440
f 6440 7084 2693
f 7086 3583 3138
f 7086 3138 4449
f 7086 4449 4591
f 7087 2116 1248
f 2116 7087 2009
f 5174 1277 7087
f 4118 5174 7087
f 7088 769 1899
f 5963 7088 1899
f 2363 392 7089
f 1948 2752 7089
f 7089 392 4083
f 4083 1948 7089
f 296 5946 7090
f 3726 7091 398
f 7091 4597 398
f 7091 5715 4597
f 7092 1953 35
f 3310 1953 7092
f 7092 35 5195
f 7092 5195 1453
f 7093 4678 3158
f 7093 5815 90
f 5815 7093 3158
f 7096 1934 3038
f 7096 1719 4382
f 5909 1719 7096
f 5982 1934 7096
f 4382 5982 7096
f 7097 4771 939
f 4771 7097 3672
f 3672 7097 5955
f 1955 2204 7098
f 7099 2851 3918
f 5125 1080 7099
f 3918 5125 7099
f 5984 2851 7099
f 7099 1080 6141
f 6141 5984 7099
f 2220 3943 7100
f 4307 2220 7100
f 7100 5453 4307
f 3943 6243 7100
f 7100 6243 4305
f 3225 7101 1264
f 7101 4954 1264
f 3056 4954 7101
f 1 7102 1652
f 5333 7102 1267
f 1652 7102 5333
f 1271 7103 138
f 7103 1271 939
f 939 2450 7103
f 138 7103 5961
f 7103 2450 5961
f 2442 2478 7104
f 3094 2442 7104
f 3609 1450 7105
f 7105 4705 3609
f 7106 3465 2680
f 4235 7106 2680
f 3932 101 7107
f 7107 6483 3932
f 101 6605 7107
f 7107 6605 3969
f 7108 594 1
f 3685 7108 1
f 1237 7108 3685
f 594 7108 4323
f 4323 7108 1237
f 2003 7109 1241
f 6173 7109 3786
f 7110 5117 1242
f 7111 1342 4622
f 4622 4478 7111
f 3522 7112 2689
f 79 2461 7113
f 3969 7113 7107
f 2072 7114 460
f 460 7114 5578
f 7114 4079 5578
f 7115 1074 1694
f 6312 7115 1694
f 7115 6312 6044
f 151 2225 7116
f 3444 151 7116
f 3622 3444 7116
f 3634 7117 1481
f 1481 7117 4970
f 7117 5437 4970
f 7117 3634 7026
f 5437 7117 7026
f 7118 5013 2809
f 7118 2809 5846
f 1335 7119 2361
f 7120 4346 3222
f 3222 5264 7120
f 5264 4268 7120
f 7121 2827 3268
f 1221 7122 1455
f 7122 5149 3676
f 1455 7122 6878
f 7122 3676 6878
f 4952 7123 4732
f 7123 4952 5983
f 5888 7123 5983
f 4732 7123 7031
f 7031 7123 5888
f 242 7124 1
f 208 7124 1263
f 7124 242 1263
f 1 7124 6068
f 6068 7124 208
f 4281 7125 4498
f 6920 7125 4281
f 7125 6920 6304
f 216 7126 6148
f 6148 7126 3460
f 3725 7127 2607
f 4701 7127 3725
f 2607 7127 5987
f 330 3427 7128
f 3427 2588 7128
f 7128 6217 330
f 3423 6217 7128
f 4062 7129 1615
f 7129 4243 1615
f 1004 696 7130
f 2649 3424 7130
f 7130 6918 1004
f 3424 6918 7130
f 631 4393 7131
f 7131 4393 5594
f 2600 3464 7132
f 3464 3387 7132
f 3387 4132 7132
f 5783 7135 4519
f 5995 7135 5783
f 7039 7135 5995
f 939 1973 7136
f 3348 2815 7136
f 1973 3513 7136
f 7136 2815 4201
f 7136 3513 4384
f 7136 4602 4167
f 7136 2231 4702
f 5081 3348 7136
f 7136 5109 1637
f 4384 5339 7136
f 4702 6381 7136
f 6033 7136 6381
f 6599 2231 7136
f 4167 6599 7136
f 3046 7137 4929
f 5213 7137 3046
f 1188 407 7138
f 1522 1188 7138
f 7138 3665 1522
f 1158 1961 7139
f 3530 3437 7139
f 7139 7058 1158
f 3437 7058 7139
f 5355 2150 7140
f 7140 6838 5355
f 7141 3053 1274
f 3053 7141 5588
f 5588 7141 3658
f 7142 1167 1232
f 1167 7142 2256
f 7142 1232 5463
f 4516 4975 7143
f 5732 4428 7143
f 7143 4428 6347
f 6347 4516 7143
f 2026 1055 7146
f 7146 1055 6205
f 6205 5275 7146
f 5275 6674 7146
f 4 4521 7147
f 4521 5990 7147
f 7148 4609 2406
f 2406 5442 7148
f 5442 7118 7148
f 2262 1253 7149
f 2262 7149 3239
f 1253 5881 7149
f 7149 5881 2171
f 7150 3442 4518
f 7150 4518 4015
f 93 6056 7150
f 6056 3442 7150
f 6884 93 7150
f 6884 7150 4015
f 1582 7151 3485
f 5193 7151 1582
f 7151 6826 3485
f 7152 1649 494
f 1932 7152 494
f 5537 7152 1932
f 207 7153 1294
f 6066 7153 207
f 721 7153 6066
f 7154 1466 2362
f 4534 1466 7154
f 2362 6019 7154
f 6019 5278 7154
f 6388 4534 7154
f 7154 5278 6388
f 7155 669 545
f 4950 7155 3884
f 7155 545 6021
f 3884 7155 6021
f 7156 812 1932
f 7156 1984 812
f 660 1301 7157
f 4561 1113 7157
f 7157 4992 660
f 1113 4992 7157
f 1302 7158 128
f 824 7158 3403
f 7158 1302 3403
f 128 7158 6064
f 6064 7158 824
f 2409 4029 7159
f 4642 4573 7159
f 7160 524 3554
f 3554 4845 7160
f 4845 4885 7160
f 7161 2071 1811
f 5357 2071 7161
f 6184 5357 7161
f 4101 7162 440
f 7162 5453 440
f 5453 7162 4307
f 7162 4101 6027
f 4307 7162 6027
f 7163 1086 1191
f 7163 2062 899
f 899 4556 7163
f 4556 1086 7163
f 7164 5339 6028
f 7136 7164 1061
f 5339 7164 7136
f 1102 7165 1345
f 6963 7165 1102
f 7165 6963 3526
f 683 7166 1822
f 7166 683 3177
f 3177 5251 7166
f 3121 7167 2564
f 2564 7167 4626
f 7167 5594 4626
f 7167 7131 5594
f 1026 1894 7168
f 1894 3065 7168
f 7168 3065 6936
f 6936 4542 7168
f 4989 2917 7169
f 7169 2917 6077
f 5623 7169 6077
f 7169 6733 4989
f 6733 7169 5623
f 7170 2188 634
f 3504 7170 634
f 3057 3569 7170
f 5124 3057 7170
f 5343 2188 7170
f 3504 5816 7170
f 7170 3569 6112
f 6112 5343 7170
f 7171 1021 6037
f 6530 7171 6037
f 2502 3470 7172
f 3470 5742 7172
f 1639 4553 7173
f 4553 2046 7173
f 7173 2046 4619
f 4619 3357 7173
f 3773 7174 2913
f 1068 3790 7175
f 3790 2684 7175
f 2714 7176 440
f 7176 3694 440
f 3694 7176 2624
f 2624 7176 6084
f 7176 2714 6084
f 1895 2079 7177
f 3400 5009 7177
f 2882 7178 5713
f 7178 5219 5713
f 5219 7178 6281
f 1 5362 7179
f 7179 5362 1358
f 7179 5631 1
f 7180 221 3170
f 3170 227 7180
f 6032 221 7180
f 6202 6032 7180
f 5754 7181 3488
f 2090 1775 7182
f 44 3287 7182
f 2323 3950 7182
f 2517 4120 7182
f 1989 4385 7182
f 4800 3671 7182
f 7182 4385 4800
f 7182 1775 5303
f 5303 2323 7182
f 7182 3950 5488
f 5488 4066 7182
f 4078 5553 7182
f 5553 5266 7182
f 7182 5564 4363
f 5643 7182 639
f 5643 4078 7182
f 7182 6699 5564
f 4804 3489 7183
f 7183 3489 5847
f 2521 7184 630
f 5645 7184 2521
f 7185 3579 2081
f 7185 2081 5355
f 7186 2153 1675
f 3484 61 7186
f 1675 3484 7186
f 7186 61 3779
f 6925 2153 7186
f 3779 6925 7186
f 6987 6781 7187
f 3452 5127 7188
f 6275 6736 7188
f 238 224 7189
f 224 1456 7189
f 7189 1456 6057
f 7190 4066 2513
f 5024 7190 809
f 809 7190 5356
f 7190 2513 5356
f 1684 1296 7191
f 1582 4452 7191
f 1296 5193 7191
f 7191 5193 1582
f 7191 6609 1684
f 4452 6609 7191
f 1534 7192 5197
f 7192 6761 1333
f 6761 7192 1534
f 2795 4186 7193
f 4186 3435 7193
f 7193 4271 203
f 7193 3435 4271
f 5409 7193 203
f 2795 7193 5409
f 2532 7194 1337
f 7194 3644 1337
f 5042 3644 7194
f 1193 7195 22
f 5511 7195 4950
f 22 7195 6069
f 7195 5511 6069
f 7195 1193 7155
f 4950 7195 7155
f 2073 1715 7196
f 5066 2164 7196
f 5490 2073 7196
f 7196 2164 5490
f 7196 1715 6841
f 6841 5066 7196
f 7197 1795 256
f 1393 7197 6185
f 214 7198 3308
f 3308 7198 1686
f 7199 1594 400
f 400 7081 7199
f 7081 6901 7199
f 7200 828 1345
f 1354 7200 1345
f 1354 3501 7200
f 7200 6728 828
f 3501 6728 7200
f 2551 7201 960
f 960 7201 5667
f 7201 1203 5667
f 7202 1691 149
f 3457 1691 7202
f 149 6113 7202
f 7203 5596 4545
f 7203 2555 6677
f 5596 7203 6677
f 7204 3501 1354
f 225 7204 3933
f 3933 7204 1354
f 5588 7204 225
f 3501 7204 5588
f 2500 7205 3143
f 2500 4858 7205
f 7206 2871 4991
f 7206 5415 2871
f 376 6210 7206
f 6210 5415 7206
f 4334 7207 3681
f 7207 4405 6118
f 7207 6118 6220
f 7208 923 3583
f 7208 4591 923
f 7086 7208 3583
f 7208 7086 4591
f 2192 7209 2797
f 6625 7209 2192
f 1031 4592 7210
f 4592 4510 7210
f 7175 2684 7210
f 7210 4510 7175
f 1480 7211 631
f 2847 7211 204
f 7211 2847 631
f 204 7211 4595
f 7211 1480 4595
f 383 7212 630
f 7212 383 5716
f 4234 7212 5716
f 7212 5744 630
f 5744 7212 4234
f 7213 1931 5031
f 6622 7213 5031
f 1931 7213 7026
f 4875 7214 2670
f 3662 7214 5069
f 7214 4875 5069
f 7214 5809 2670
f 5809 7214 3662
f 55 7215 3459
f 3459 7215 5198
f 7216 1604 3892
f 3892 3288 7216
f 3288 4579 7216
f 4907 1604 7216
f 7216 4579 5912
f 5912 4907 7216
f 7217 2896 1834
f 3446 7217 3761
f 7217 1834 4611
f 3761 7217 4611
f 861 3512 7218
f 7218 6493 605
f 3512 6493 7218
f 4552 6953 7219
f 7220 6284 5683
f 7221 3920 3289
f 3920 7221 5023
f 2020 7222 853
f 7222 2020 4352
f 853 7222 6097
f 1224 7223 2429
f 2429 7223 2319
f 7223 6140 2319
f 894 758 7224
f 758 2186 7224
f 2186 6139 7224
f 7225 782 525
f 525 5917 7225
f 7225 5917 3520
f 782 7225 6720
f 6720 7225 3520
f 247 7226 1380
f 7226 2335 1380
f 6144 7226 247
f 1336 6924 7227
f 7227 6924 3239
f 7071 1336 7227
f 7227 2171 7071
f 7149 2171 7227
f 3239 7149 7227
f 2801 3526 7228
f 3526 5380 7228
f 774 6558 7228
f 4885 2576 7229
f 7229 2576 4932
f 4932 5748 7229
f 7160 4885 7229
f 973 7230 3613
f 1545 3729 7230
f 3729 3388 7230
f 7230 973 5014
f 1545 7230 5014
f 7231 4810 3565
f 5689 7231 3565
f 7232 4888 6199
f 359 7233 3040
f 7233 3020 3040
f 7233 4147 3020
f 7234 834 2204
f 2204 1955 7234
f 2315 796 7234
f 7234 1588 2490
f 7234 2619 2817
f 2952 1588 7234
f 1955 3244 7234
f 7234 3468 2315
f 2490 4246 7234
f 4328 3468 7234
f 7234 4773 1511
f 4246 4773 7234
f 4999 4328 7234
f 5207 3528 7234
f 7234 3797 5207
f 7234 5561 4999
f 6004 2924 7234
f 6043 5561 7234
f 6625 6043 7234
f 7234 7209 6625
f 5249 318 7235
f 983 7236 2101
f 7236 983 3177
f 3177 5211 7236
f 149 1343 7237
f 1343 2729 7237
f 4069 7238 2953
f 2878 7238 4702
f 4702 7238 4069
f 7238 2878 6119
f 2953 7238 6119
f 1996 7239 3054
f 3177 7239 1996
f 2739 7239 3177
f 4593 2884 7240
f 7240 2884 5520
f 840 7241 3466
f 1361 7242 2396
f 2342 7243 2828
f 7243 6313 2828
f 6785 7243 2342
f 124 7244 3541
f 3816 7244 124
f 3816 2098 7244
f 7246 5902 4371
f 3544 3140 7247
f 7247 6871 2502
f 7247 3140 6871
f 7172 7247 2502
f 7248 5123 3990
f 4141 7249 2867
f 4632 3935 7250
f 6089 6228 7250
f 4632 7250 6471
f 3935 6566 7250
f 6566 6089 7250
f 7251 1286 2922
f 1439 7251 2922
f 1286 7251 4702
f 5810 7251 1439
f 4702 7251 5810
f 7253 6550 5776
f 7254 5051 215
f 7072 1375 7254
f 5108 7255 2065
f 2083 7255 5108
f 7256 3309 2875
f 3309 7256 4702
f 4702 7256 3917
f 7257 2082 5780
f 2082 7257 7182
f 1988 2857 7258
f 6846 7259 4645
f 363 7260 1162
f 7260 363 1419
f 2266 7260 1419
f 4019 7261 2497
f 2497 7261 5785
f 7261 3116 5785
f 1095 7262 1420
f 7262 4451 1420
f 5042 4451 7262
f 6960 7262 1095
f 7262 6960 5042
f 7263 1010 4519
f 7264 1021 3800
f 5454 7264 3800
f 7264 5454 6145
f 6226 7265 3463
f 7265 6226 6147
f 6927 7265 6147
f 1154 7266 631
f 7266 2134 631
f 7266 1154 4657
f 5242 7267 252
f 2735 7267 5242
f 7267 2735 6166
f 3577 444 7268
f 7268 444 4182
f 5196 3233 7268
f 4182 5196 7268
f 7268 3233 5308
f 5308 3577 7268
f 631 7269 881
f 7270 2876 57
f 7270 1368 3340
f 2876 7270 3340
f 3716 7270 57
f 1368 7270 3716
f 1189 7271 4774
f 4675 6062 7271
f 3703 7272 1525
f 346 1976 7273
f 693 2174 7273
f 7273 2569 1577
f 7273 3854 2399
f 346 7273 6504
f 6593 3854 7273
f 7273 6879 428
f 6986 693 7273
f 7273 7085 6986
f 7274 750 562
f 90 3365 7274
f 3365 750 7274
f 562 4678 7274
f 7274 7093 90
f 4678 7093 7274
f 7275 1372 2438
f 6204 1372 7275
f 387 2158 7276
f 357 4002 7276
f 7276 4002 387
f 4165 357 7276
f 2018 7277 470
f 470 7277 5823
f 7277 3915 5823
f 4352 2526 7278
f 7278 2526 6206
f 6097 7278 6206
f 7278 7222 4352
f 7222 7278 6097
f 2160 4219 7279
f 3853 7279 4512
f 5195 2160 7279
f 5195 7279 3853
f 7280 2577 5079
f 6125 7280 5079
f 492 7281 4587
f 5341 7281 3840
f 4587 7281 5341
f 7281 492 5826
f 3840 7281 5826
f 7282 6389 502
f 3601 6389 7282
f 6647 3601 7282
f 7282 6433 6647
f 1505 7283 3497
f 7283 1505 6176
f 6290 7283 6176
f 3757 3957 7284
f 7284 5266 3757
f 7284 7036 541
f 3957 7036 7284
f 1966 7285 275
f 275 7285 2371
f 2371 7285 6166
f 7288 934 4045
f 6615 7288 4045
f 7288 6615 6180
f 336 7289 4371
f 4371 7289 7246
f 7289 5776 7246
f 7289 7253 5776
f 7290 2726 3607
f 2869 7290 3607
f 1669 5402 7290
f 7290 5402 2726
f 2098 6194 7290
f 6520 2098 7290
f 6520 7290 2869
f 7291 2892 4017
f 477 6219 7291
f 6219 2892 7291
f 477 7291 6914
f 6914 7291 5270
f 7291 4017 6947
f 5270 7291 6947
f 3681 7292 6754
f 7207 7292 3681
f 7292 7207 6220
f 5427 1122 7293
f 7294 5254 4142
f 7295 1945 3758
f 3614 3881 7295
f 2279 7296 4707
f 7296 4894 2235
f 4894 7296 2279
f 1335 719 7297
f 7297 719 2895
f 839 3337 7297
f 2002 4257 7297
f 3337 4825 7297
f 4825 5523 7297
f 7297 5525 1335
f 5523 5525 7297
f 1315 7297 6425
f 6425 7297 2895
f 7297 6814 839
f 4257 6814 7297
f 1686 7298 867
f 7298 6198 867
f 7198 7298 1686
f 7298 7245 6198
f 2165 7299 1516
f 7300 526 3197
f 3197 2800 7300
f 4752 526 7300
f 4740 4752 7300
f 1032 7301 7001
f 1 7302 143
f 7303 36 1155
f 6230 36 7303
f 3289 7304 4368
f 7305 4580 1234
f 7305 5697 4580
f 648 525 7306
f 7306 525 1335
f 6048 648 7306
f 6048 7306 6406
f 7307 4786 3697
f 7307 3697 7286
f 6929 7307 7286
f 4944 4768 7308
f 4944 7308 5825
f 7309 1857 2624
f 7309 2966 1857
f 852 7309 6084
f 6084 7309 2624
f 7310 2217 1485
f 2536 1539 7310
f 2614 2581 7310
f 1885 2844 7310
f 2217 7310 3056
f 3844 1885 7310
f 3881 3614 7310
f 7310 5191 1751
f 7310 1366 5267
f 5348 5136 7310
f 7310 1539 5505
f 5505 4266 7310
f 7310 3614 5554
f 5554 5348 7310
f 5672 2885 7310
f 4759 5672 7310
f 5267 6050 7310
f 7310 2885 6348
f 7310 6590 2043
f 4266 6590 7310
f 7310 2844 6734
f 6734 3881 7310
f 6746 1366 7310
f 6348 6746 7310
f 5081 7311 3943
f 3943 7311 6243
f 7136 7311 5081
f 7312 3035 4701
f 6789 7312 1528
f 3035 7312 6789
f 2852 7313 95
f 487 7313 2852
f 7313 5444 95
f 399 7314 3726
f 5272 7314 399
f 7314 7091 3726
f 7315 6642 1532
f 4125 7316 4333
f 7316 4125 5821
f 4641 7316 5821
f 4333 7316 6136
f 6136 7316 4641
f 2203 1315 7317
f 5856 2203 7317
f 5856 7317 6098
f 7317 1315 6425
f 7317 6425 6098
f 2367 7318 1257
f 1257 7318 6253
f 7318 2535 6253
f 2204 834 7319
f 817 3787 7319
f 6026 817 7319
f 7319 834 6026
f 7098 2204 7319
f 7319 3787 7098
f 886 7320 2930
f 5334 7320 886
f 7320 5334 4702
f 7320 7032 2930
f 7032 7320 4702
f 4482 7321 1907
f 2235 7321 4482
f 1907 7321 4736
f 4894 7321 2235
f 7321 4894 4736
f 7322 1136 2270
f 4725 7322 3540
f 6259 1136 7322
f 4725 6259 7322
f 7323 4739 3608
f 6216 1195 7323
f 7323 3608 6216
f 1195 6617 7323
f 1692 7324 503
f 7324 1692 5142
f 5142 2189 7324
f 503 7324 6213
f 7324 2189 6213
f 1976 346 7325
f 7325 346 2944
f 2944 4741 7325
f 7325 4741 5497
f 686 2266 7326
f 3611 4816 7326
f 6632 7327 565
f 7328 690 3285
f 3285 3490 7328
f 3490 4131 7328
f 7328 4751 690
f 3767 7329 1
f 7329 3767 1557
f 1 7329 4289
f 4563 7330 1117
f 372 684 7331
f 3763 372 7331
f 406 7332 1567
f 7332 406 3177
f 3177 4145 7332
f 7334 3660 4369
f 5257 7334 3616
f 5257 3660 7334
f 593 7335 1562
f 6480 7335 593
f 7335 6480 3056
f 4656 7336 3289
f 3289 7336 7221
f 7337 1640 2589
f 7337 2716 1640
f 5032 7337 2589
f 3707 3669 7338
f 7338 5597 3707
f 3669 5853 7338
f 3637 7339 4723
f 7339 3637 6314
f 1185 4389 7340
f 7340 4389 5814
f 5814 6282 7340
f 6282 6737 7340
f 510 1430 7342
f 7342 1430 1300
f 3268 510 7342
f 7342 4345 3268
f 4165 2241 7343
f 7343 4267 4165
f 1095 3324 7344
f 1337 3644 7344
f 7344 5513 1337
f 3324 5513 7344
f 7344 6960 1095
f 3644 6960 7344
f 3403 7345 777
f 3793 7345 3403
f 7345 3793 6287
f 544 2858 7346
f 7346 3011 544
f 3011 7346 1898
f 1898 7346 6256
f 7346 2858 6256
f 1030 7347 5398
f 7347 6358 5398
f 6919 7347 1030
f 7348 3231 6258
f 1227 7349 63
f 4989 7349 1227
f 5775 7349 4989
f 63 7349 6260
f 7349 5775 6260
f 1469 7350 2550
f 6848 2397 7351
f 7352 920 3906
f 4834 3209 7352
f 3906 4834 7352
f 7352 3209 5825
f 7308 920 7352
f 5825 7308 7352
f 252 7353 367
f 7353 2344 367
f 2344 7353 6166
f 7267 7353 252
f 6166 7353 7267
f 3693 4254 7354
f 5836 3693 7354
f 7355 1769 3370
f 3370 3656 7355
f 6800 1769 7355
f 1850 6800 7355
f 3698 5628 7356
f 7357 1274 1345
f 6575 7357 1345
f 6575 3658 7357
f 7357 7141 1274
f 3658 7141 7357
f 3702 3998 7358
f 990 4582 7358
f 4582 2923 7358
f 7358 2923 4996
f 4996 3702 7358
f 6624 5383 7359
f 7360 4148 505
f 4694 7360 505
f 1886 7360 4694
f 7360 5618 4148
f 2927 7361 1772
f 7361 7134 5602
f 7362 2879 1600
f 7362 2143 4701
f 4701 2879 7362
f 5879 7362 1600
f 2143 7362 5879
f 7363 3256 3402
f 5829 7363 401
f 3256 7363 5829
f 7364 563 1141
f 767 7364 1141
f 7364 2132 563
f 7365 122 1158
f 2079 3712 7365
f 7365 5979 122
f 3712 5979 7365
f 3277 5759 7366
f 5759 6314 7366
f 7366 93 6884
f 3277 7366 6884
f 7367 1409 2454
f 7367 2479 1409
f 7368 6462 3766
f 385 5150 7369
f 7369 5150 2575
f 2179 7369 6670
f 7369 2575 6670
f 2684 4808 7370
f 4808 5489 7370
f 7210 7370 1031
f 2684 7370 7210
f 7371 4211 3115
f 3115 5808 7371
f 7371 7252 3958
f 5808 7252 7371
f 2023 3118 7372
f 7372 3118 4989
f 7372 5865 3497
f 5865 7372 4989
f 2023 7372 6290
f 3497 7283 7372
f 7372 7283 6290
f 7373 5389 6293
f 5389 7373 6768
f 5848 7374 199
f 4023 7374 5848
f 7375 181 1390
f 3646 7375 1390
f 7375 3646 3006
f 181 7375 5372
f 5372 7375 3006
f 7376 855 6931
f 6931 6323 7376
f 6323 7042 7376
f 7377 3680 2530
f 1237 3685 7377
f 1237 7377 5894
f 5894 7377 2530
f 36 7378 1155
f 7378 36 6721
f 6534 434 7380
f 6534 7380 2282
f 434 6920 7380
f 7380 6920 4281
f 973 7381 862
f 3962 7381 5202
f 862 7381 6155
f 6155 7381 3962
f 6527 7381 973
f 7381 6527 5202
f 311 271 7382
f 2623 311 7382
f 7382 1555 2623
f 6303 1555 7382
f 675 7383 1849
f 7383 675 3670
f 3670 5876 7383
f 3746 4625 7384
f 5252 3746 7384
f 7384 4625 6371
f 7384 6765 5252
f 7385 2004 789
f 7385 878 2004
f 6335 878 7385
f 3100 6335 7385
f 7386 4222 5361
f 6336 4222 7386
f 7387 2465 170
f 3466 2465 7387
f 7387 5695 3466
f 7388 5250 3746
f 7388 3746 5252
f 7389 2743 5921
f 7390 4654 5702
f 6373 4654 7390
f 3306 7391 1072
f 4702 7391 3306
f 3734 7391 4702
f 1072 7391 5256
f 7391 3734 5256
f 2303 7392 2690
f 3751 1223 7392
f 7392 1223 4951
f 7392 4951 2690
f 7060 7392 2303
f 7060 3751 7392
f 4052 3713 7393
f 3713 5403 7393
f 3374 7394 1606
f 3546 2304 7395
f 4002 7395 387
f 7395 4859 387
f 2304 4859 7395
f 2271 1390 7396
f 130 3486 7396
f 6384 2271 7396
f 7396 3486 6384
f 6494 130 7396
f 7396 1390 6494
f 1091 174 7397
f 1336 1127 7397
f 1375 1128 7397
f 7397 1351 2098
f 174 2260 7397
f 2268 1737 7397
f 7397 1737 2299
f 7397 1127 2778
f 3223 1336 7397
f 3804 3018 7397
f 3816 7397 2098
f 3783 7397 3816
f 1301 4342 7397
f 529 4599 7397
f 5193 1296 7397
f 1296 5327 7397
f 5916 529 7397
f 7397 2260 5916
f 7397 6595 1091
f 4086 6826 7397
f 6977 7397 2778
f 7126 216 7397
f 7397 7151 5193
f 6826 7151 7397
f 2290 7398 1644
f 7398 2329 1644
f 7399 1601 14
f 7399 1752 2899
f 14 6128 7399
f 6128 1752 7399
f 3721 3826 7400
f 7401 535 4857
f 5620 7401 4857
f 535 7401 6304
f 3724 1843 7402
f 2005 7402 4544
f 7402 1843 5545
f 7402 5545 4544
f 5986 7402 2005
f 5986 3724 7402
f 3925 138 7403
f 5449 3925 7403
f 138 5961 7403
f 7403 5961 743
f 7403 6514 5449
f 2315 3468 7404
f 5991 2315 7404
f 7404 5993 5991
f 2370 7405 172
f 172 7405 5231
f 5231 7405 5928
f 1081 966 7407
f 7407 966 1844
f 4021 1081 7407
f 7407 5135 4021
f 2613 7408 1165
f 7408 6061 4567
f 1395 682 7409
f 2320 3663 7409
f 7409 682 4735
f 4735 2320 7409
f 1 1744 7410
f 7410 1744 1621
f 1981 7410 1621
f 1557 3767 7411
f 3767 2343 7411
f 1557 7411 5751
f 5751 7411 2039
f 7411 6029 2039
f 7411 2343 6029
f 5780 3965 7412
f 7412 7257 5780
f 480 7413 2349
f 3534 7413 480
f 3534 5134 7413
f 5134 6472 7413
f 7414 3769 1630
f 7414 2806 5042
f 5042 3769 7414
f 6533 7414 1630
f 2806 7414 6533
f 7415 1889 760
f 7415 3545 515
f 7415 760 3545
f 473 4502 7416
f 7416 4502 1923
f 1865 7416 5889
f 7416 1923 5889
f 3801 7417 3473
f 4547 3473 7417
f 7016 7417 3801
f 1546 1983 7419
f 1546 7419 2969
f 1983 4175 7419
f 7419 4175 6755
f 7420 2505 3540
f 6404 2505 7420
f 7322 2270 7420
f 3540 7322 7420
f 4829 5311 7421
f 7421 5913 4829
f 7422 2174 519
f 6863 7422 519
f 4229 7422 6863
f 7273 2174 7422
f 7422 4229 7273
f 7423 4977 4187
f 7423 6102 4977
f 3031 7424 836
f 4701 462 7424
f 7424 3031 4701
f 7424 462 5309
f 836 7424 5309
f 3587 7425 4215
f 4215 7425 4065
f 3587 4924 7425
f 4924 3828 7425
f 7425 3828 6422
f 7425 6422 4065
f 1647 2188 7426
f 4586 7426 3541
f 6496 1647 7426
f 6496 7426 4586
f 2722 7427 1233
f 1233 7427 5998
f 1186 7428 17
f 17 7428 6355
f 7428 5199 6355
f 4350 7429 2151
f 2151 7429 5273
f 7430 3828 1335
f 7430 6297 498
f 6297 7430 1335
f 6422 7430 498
f 3828 7430 6422
f 1651 500 7431
f 7431 1432 2202
f 500 4018 7431
f 7431 4018 1432
f 1651 7431 5929
f 1841 1856 7432
f 1856 3058 7432
f 7432 3305 1841
f 355 7433 156
f 1990 7433 355
f 3795 7433 1990
f 3795 4949 7433
f 1881 7434 2956
f 3801 7434 1881
f 1657 7435 6231
f 6433 7435 1657
f 2756 7435 6433
f 7436 3374 1630
f 3769 1201 7436
f 1630 3769 7436
f 7436 1201 4900
f 3772 7437 2697
f 1197 7437 4701
f 7437 3772 4701
f 6361 7437 1197
f 2697 7437 6361
f 949 6392 7438
f 1713 7439 3223
f 7439 1713 3841
f 4819 7439 3841
f 7440 4284 542
f 5168 7440 542
f 511 6930 7440
f 7440 6930 4284
f 7441 4655 2807
f 5838 7441 2807
f 7442 6021 2
f 3884 6021 7442
f 1438 7443 3936
f 4940 7443 1438
f 7444 4291 512
f 4291 7444 3158
f 7444 5035 3158
f 3143 7445 237
f 840 7445 3143
f 3466 7445 840
f 7446 2291 1259
f 7446 3 2704
f 7446 1259 3706
f 4918 3 7446
f 3706 4918 7446
f 7447 1209 1335
f 4469 7447 1335
f 7447 4469 3087
f 1209 7447 6325
f 6325 7447 3087
f 1787 4128 7448
f 478 4318 7448
f 7448 4318 1787
f 6786 478 7448
f 1298 7449 3038
f 3249 7449 1298
f 3249 6399 7449
f 7449 6399 6976
f 2005 7450 1662
f 7451 6014 120
f 3815 6014 7451
f 7451 120 6858
f 1753 1669 7452
f 7452 2904 1753
f 4059 2904 7452
f 5074 4059 7452
f 2117 7453 2994
f 6736 7453 1671
f 2994 7453 6736
f 3028 7454 1716
f 4040 7455 735
f 3980 7455 5399
f 5399 7455 4040
f 7455 6170 735
f 6170 7455 3980
f 7456 3546 1369
f 7457 4548 5042
f 939 7458 2223
f 2223 7458 1075
f 5045 7458 939
f 1075 7458 6377
f 7458 5045 6377
f 7460 967 3340
f 3358 7460 246
f 967 7460 3358
f 7460 4509 246
f 4509 7460 3340
f 7461 2638 3056
f 7461 3484 1675
f 3056 3484 7461
f 6349 7461 1675
f 2638 7461 6349
f 7462 4636 3548
f 7463 2524 5576
f 3127 7463 5576
f 7464 464 5351
f 6038 7464 5351
f 6249 4928 7464
f 6249 7464 6038
f 7464 7406 464
f 4928 7406 7464
f 3466 7465 4304
f 6688 7465 289
f 4304 7465 6688
f 139 1507 7466
f 1847 7466 826
f 278 3786 7467
f 7467 3786 1340
f 7467 1340 5052
f 7467 5052 3111
f 278 7467 6820
f 6820 7467 3111
f 2557 7468 5074
f 7468 4059 5074
f 7469 20 1755
f 7469 5924 20
f 3826 5924 7469
f 7400 7469 1755
f 7400 3826 7469
f 7470 1875 1731
f 1875 7470 5380
f 7470 4416 5380
f 24 1015 7471
f 7471 4464 24
f 2388 4464 7471
f 3384 143 7472
f 3384 7472 4506
f 4506 7472 3996
f 7472 5101 3996
f 143 7302 7472
f 7472 7302 5101
f 3138 1551 7473
f 7473 1105 3719
f 3719 3138 7473
f 4964 1105 7473
f 1551 4964 7473
f 7474 4697 5782
f 7474 1985 6426
f 7474 6426 4697
f 1985 7474 6805
f 7474 5782 6805
f 7475 6114 1200
f 2274 6114 7475
f 1200 6428 7475
f 6428 5712 7475
f 6830 2274 7475
f 7475 5712 6830
f 3834 3090 7476
f 5451 3834 7476
f 6803 1358 7476
f 7476 3090 6803
f 7477 3874 2753
f 3556 1750 7478
f 1750 4665 7478
f 7478 4698 3556
f 7479 371 3107
f 3433 2280 7480
f 4099 3433 7480
f 4857 535 7480
f 7480 2280 4857
f 7480 535 6677
f 7480 6677 4099
f 6390 7481 4352
f 7481 589 6459
f 7481 6459 4352
f 7482 3835 6009
f 4658 7482 6009
f 4658 6151 7482
f 183 7483 6372
f 6431 7483 183
f 7485 2453 686
f 2962 7485 686
f 682 2361 7486
f 7486 2732 627
f 4735 7486 627
f 682 7486 4735
f 2361 7119 7486
f 7486 7119 2732
f 543 5132 7487
f 7487 5132 2553
f 5556 543 7487
f 7487 1832 5556
f 7488 4807 3334
f 2352 7489 2970
f 7489 748 3128
f 2970 7489 4763
f 7489 3128 4763
f 5171 748 7489
f 2352 5171 7489
f 2736 830 7490
f 830 4961 7490
f 5595 3844 7490
f 7490 4961 5595
f 3292 2850 7491
f 3985 3811 7491
f 7491 4166 3985
f 2850 6993 7491
f 6993 4166 7491
f 6127 7492 5033
f 7492 1637 6397
f 5033 7492 6397
f 1637 7492 7136
f 7492 6127 7136
f 7493 2250 1710
f 2250 7493 4701
f 7493 2879 4701
f 6576 7493 1710
f 2879 7493 6576
f 1713 802 7494
f 3841 1713 7494
f 7494 802 6702
f 6702 6367 7494
f 7494 6720 3841
f 6367 6720 7494
f 269 3849 7495
f 269 7495 5583
f 3060 7496 1335
f 7496 3060 3163
f 4614 7496 3163
f 7497 4295 597
f 4295 7497 5035
f 7497 5849 5035
f 7498 814 2889
f 7498 6750 5604
f 7069 814 7498
f 5604 7069 7498
f 7499 2115 5042
f 5800 7499 1721
f 5800 2115 7499
f 7499 6167 1721
f 6167 7499 5042
f 7500 3172 4269
f 6455 3172 7500
f 6668 6455 7500
f 7500 4269 6880
f 699 7501 630
f 7501 924 630
f 7501 699 6073
f 7502 4678 562
f 3158 4678 7502
f 7502 5757 3158
f 1468 7503 1870
f 4514 7503 1468
f 7503 4514 1725
f 5535 7503 1725
f 1870 7503 5535
f 7504 2811 3891
f 7504 5942 5892
f 6412 2811 7504
f 5892 6412 7504
f 7505 293 2944
f 2944 346 7505
f 7505 4958 293
f 1938 4958 7505
f 4099 7506 4959
f 6677 7506 4099
f 5996 7506 6677
f 3862 4008 7507
f 4063 3862 7507
f 364 4931 7507
f 7507 4931 4063
f 6649 3864 7508
f 7509 668 4047
f 922 7509 4047
f 582 184 7510
f 184 2093 7510
f 7510 2393 582
f 2118 3231 7511
f 4701 7511 3231
f 2118 7511 6465
f 7074 7511 4701
f 7511 7074 6465
f 7512 3945 2485
f 7512 2485 4048
f 7512 4048 3015
f 7513 4531 5483
f 3964 7514 2508
f 2508 7514 6085
f 7514 4492 6085
f 1419 7515 2060
f 7515 1419 5509
f 5509 3871 7515
f 3835 7516 2360
f 2360 7516 6010
f 6432 7517 1993
f 6513 7517 6432
f 5997 7518 4893
f 7518 2346 6435
f 4893 7518 6435
f 5921 1265 7519
f 7519 1265 5998
f 6120 5921 7519
f 7520 712 1848
f 1848 6339 7520
f 6339 5306 7520
f 6476 712 7520
f 2694 7521 112
f 112 7521 7488
f 835 3791 7522
f 3791 1945 7522
f 7522 6734 835
f 3881 6734 7522
f 7522 1945 7295
f 7295 3881 7522
f 7523 2243 290
f 2243 7523 692
f 692 7523 6058
f 290 6088 7523
f 7523 6088 6058
f 1026 4945 7524
f 4945 4947 7524
f 7524 5470 1026
f 4300 5470 7524
f 5425 7525 4701
f 7525 5425 6442
f 7526 4300 7524
f 7524 4947 7526
f 517 497 7527
f 7527 3161 517
f 590 3161 7527
f 497 5088 7527
f 267 3810 7528
f 3810 4874 7528
f 7528 4900 267
f 3848 384 7529
f 1036 3848 7529
f 7529 384 4152
f 3936 7530 4972
f 7530 6821 4972
f 7443 7530 3936
f 5183 7531 4135
f 2017 3674 7532
f 2673 5020 7532
f 7532 5675 2673
f 3674 5675 7532
f 2224 2452 7533
f 7533 6356 2224
f 7533 6475 2080
f 2452 6475 7533
f 7534 4088 4702
f 7534 5810 3200
f 5810 7534 4702
f 1218 7535 2838
f 2838 7535 2776
f 7535 5277 2776
f 7535 4198 5277
f 1218 6489 7535
f 6489 4198 7535
f 5194 7536 3727
f 3727 7536 6108
f 5194 6522 7536
f 217 1101 7537
f 6269 6001 7537
f 7538 242 1
f 3952 242 7538
f 3952 7538 1755
f 1 6594 7538
f 7538 6594 1755
f 7539 136 3921
f 5642 7540 1972
f 7540 5642 6462
f 7368 7540 6462
f 2537 7541 1413
f 7541 2537 4701
f 1413 7541 6463
f 4701 6678 7541
f 7541 6678 6463
f 1054 7542 2528
f 4391 7542 1054
f 7543 11 2191
f 2191 1732 7543
f 1732 3076 7543
f 3997 11 7543
f 7544 1056 598
f 7545 3149 6120
f 7519 7545 6120
f 7546 2901 2117
f 2947 7546 2117
f 7546 5731 1804
f 5731 7546 2947
f 6596 7546 1804
f 2901 7546 6596
f 7547 669 7155
f 4022 7548 1736
f 1736 7548 4277
f 4277 7548 5391
f 1737 2268 7549
f 4317 615 7550
f 5029 3126 7551
f 7551 3126 5732
f 7552 3018 3927
f 7552 2268 7397
f 7397 3018 7552
f 6800 7553 1769
f 3088 7553 6800
f 188 3904 7554
f 7554 6689 783
f 3904 6689 7554
f 831 321 7555
f 7555 1997 831
f 321 7307 7555
f 7555 7307 6929
f 1313 7556 2384
f 7556 1313 3670
f 3670 1627 7556
f 5302 3884 7557
f 6512 5302 7557
f 7557 3884 7442
f 3160 444 7558
f 444 3577 7558
f 7558 3577 1571
f 4939 7558 1571
f 7558 4939 1771
f 6926 7558 1771
f 3160 7558 6926
f 7559 1560 629
f 1560 7559 1335
f 7559 5834 1335
f 271 7 7560
f 7560 7 3290
f 3290 6523 7560
f 6523 6303 7560
f 7382 271 7560
f 7560 6303 7382
f 3136 7561 2102
f 2102 7561 6478
f 7561 6842 6478
f 7562 635 6228
f 3622 7562 6228
f 7045 7562 3151
f 3622 7116 7562
f 3804 7563 115
f 115 7563 3940
f 3940 7563 6977
f 7563 3804 7397
f 6977 7563 7397
f 1029 7564 1694
f 1694 7564 6312
f 6312 7564 5175
f 7564 1029 6531
f 5175 7564 6531
f 7565 275 1121
f 1966 275 7565
f 1121 5050 7565
f 5050 5760 7565
f 2073 305 7566
f 7566 1715 2073
f 7566 3204 3185
f 3663 2320 7566
f 3663 7566 3774
f 4613 7566 3185
f 305 5793 7566
f 7567 2586 6375
f 6375 3885 7567
f 7567 6482 645
f 3885 6482 7567
f 4975 4593 7568
f 7143 4975 7568
f 7568 5732 7143
f 7568 4593 7240
f 7551 5732 7568
f 7240 7551 7568
f 3886 349 7569
f 7569 349 4075
f 7570 684 1626
f 7331 684 7570
f 1167 7571 1232
f 1232 7571 2811
f 2811 7571 3891
f 7572 1075 744
f 7572 2223 1075
f 5198 7572 744
f 7215 7572 5198
f 1671 7573 1829
f 7573 4444 1829
f 4444 7573 2117
f 7453 7573 1671
f 7573 7453 2117
f 1047 7574 1542
f 1542 7574 4127
f 1047 5054 7574
f 5054 5446 7574
f 933 7575 2435
f 4792 7575 2510
f 4679 7576 2059
f 2059 7576 5963
f 4679 6541 7576
f 6541 5976 7576
f 7576 7088 5963
f 7576 5976 7088
f 2679 7577 2458
f 2679 5099 7577
f 5099 6612 7577
f 3754 7578 5874
f 7578 5476 5874
f 5476 7578 6560
f 4906 4368 7579
f 7579 4368 5858
f 6546 5468 7579
f 5858 6546 7579
f 6549 4906 7579
f 7579 5468 6549
f 1259 7580 3706
f 1259 5021 7580
f 7580 820 5571
f 3706 7580 5571
f 4959 7581 5022
f 7581 6025 5022
f 6025 7581 5996
f 7506 7581 4959
f 7581 7506 5996
f 260 1056 7582
f 4016 260 7582
f 4016 7582 4090
f 4090 7582 4378
f 4410 2723 7584
f 7584 2723 6551
f 1613 7585 76
f 465 7585 4587
f 4587 7585 1613
f 76 7585 6116
f 7585 465 6116
f 7586 3752 4848
f 6554 3752 7586
f 6500 7587 1421
f 7588 373 402
f 1991 7588 402
f 3599 7589 1531
f 1531 7589 5710
f 2509 7590 173
f 7590 2509 6557
f 7590 6557 5977
f 173 7590 6818
f 7090 7590 5977
f 7591 5774 3318
f 3318 6559 7591
f 4497 2261 7593
f 6187 1808 7593
f 1989 7594 443
f 443 7594 6122
f 7594 2954 6122
f 7594 1989 7182
f 7182 2954 7594
f 3120 7595 2067
f 7595 3114 4210
f 2067 7595 4365
f 7595 4210 4365
f 6561 3114 7595
f 3120 6561 7595
f 3403 7596 824
f 6811 7596 3403
f 7596 6811 6507
f 7597 1275 109
f 109 2625 7597
f 7598 6332 3315
f 6565 6266 7599
f 2628 7599 6632
f 7599 6266 7327
f 7599 7327 6632
f 512 4153 7600
f 1435 5035 7600
f 7600 5146 1435
f 4153 5146 7600
f 7600 7444 512
f 5035 7444 7600
f 2954 7601 1482
f 1482 7601 6128
f 7601 3287 6128
f 7601 2954 7182
f 3287 7601 7182
f 5290 7602 5142
f 7602 5290 6512
f 7557 7602 6512
f 1335 7603 4962
f 7603 5692 668
f 5692 7603 1335
f 7509 7603 668
f 4962 7603 7509
f 6724 7604 6513
f 7604 7517 6513
f 3022 7605 3813
f 3022 3937 7605
f 3937 3698 7605
f 7605 3698 7356
f 2171 1781 7606
f 1781 6892 7606
f 7606 6892 3192
f 2171 7606 7071
f 7607 3537 528
f 3537 7607 2425
f 2425 7607 6530
f 7171 7607 528
f 7607 7171 6530
f 7608 2426 1755
f 3293 7608 1755
f 3293 3939 7608
f 2992 3889 7609
f 7609 4004 2433
f 3889 4004 7609
f 7609 4455 2992
f 2913 7610 5501
f 7610 6585 5501
f 7611 3708 3997
f 2432 1396 7612
f 7612 3509 2432
f 1396 6972 7612
f 7612 6972 6745
f 7613 729 1502
f 7613 4238 729
f 4238 7613 4341
f 7614 7066 1827
f 318 1793 7615
f 1793 3636 7615
f 318 7615 7235
f 559 7616 3059
f 7616 7462 3059
f 2490 1588 7617
f 7617 1588 6708
f 1491 691 7618
f 1491 7618 705
f 108 7619 4855
f 4855 7619 4334
f 5782 4405 7619
f 7619 108 6583
f 7619 6583 5681
f 6805 7619 5681
f 6805 5782 7619
f 7619 7207 4334
f 7619 4405 7207
f 169 7620 5553
f 7620 169 6184
f 7161 7620 6184
f 4701 7621 570
f 5673 7621 4701
f 7621 5673 6542
f 2548 3156 7622
f 6674 2548 7622
f 7623 985 202
f 7623 3182 2084
f 4476 7624 2554
f 4476 5102 7624
f 2554 7624 6526
f 5102 7003 7624
f 7625 363 1162
f 1046 7625 1162
f 7625 1046 1866
f 363 7625 4126
f 4126 7625 1866
f 4012 7626 1932
f 1620 466 7627
f 3680 3959 7628
f 3959 4985 7628
f 1498 7629 608
f 7629 6146 608
f 6146 7629 4250
f 1342 7630 4622
f 1342 5114 7630
f 5114 5971 7630
f 7631 4363 6197
f 6273 7631 6197
f 7182 4363 7631
f 7632 1108 5065
f 2552 7632 5065
f 7632 5131 1108
f 5131 7632 2552
f 1267 7633 1876
f 6330 7633 1
f 7633 6330 1876
f 1 7633 7102
f 7102 7633 1267
f 7634 2788 1305
f 7634 1305 4049
f 3768 7636 2648
f 7636 3768 4410
f 5293 7636 4410
f 2648 7636 6563
f 7636 5293 6563
f 7637 2157 5070
f 5182 7637 5070
f 1519 4988 7638
f 4988 2582 7638
f 7638 2582 6158
f 6158 5041 7638
f 3127 4320 7639
f 6082 2524 7639
f 4320 6082 7639
f 2524 7463 7639
f 7639 7463 3127
f 7640 5140 1850
f 7355 7640 1850
f 7355 3656 7640
f 7641 5432 5436
f 7642 3209 3315
f 7642 4030 671
f 4030 7642 3315
f 5825 7642 671
f 3209 7642 5825
f 634 3913 7643
f 7643 3913 3988
f 4655 7643 3988
f 4913 7644 3842
f 3842 7644 6573
f 7645 3438 6624
f 7359 7645 6624
f 5755 7646 6880
f 7647 3257 3568
f 3932 7647 3568
f 756 5908 7647
f 7647 5908 3257
f 6483 756 7647
f 6483 7647 3932
f 4162 4849 7648
f 5126 6703 7648
f 7649 1221 1455
f 2747 1221 7649
f 2433 2747 7649
f 7649 3931 2433
f 1499 7650 631
f 3139 7650 497
f 7650 3139 631
f 497 7650 5088
f 7650 1499 5088
f 515 1288 7651
f 341 1913 7651
f 7651 2835 341
f 3855 2750 7651
f 2750 3960 7651
f 7651 4979 3855
f 7477 2753 7651
f 7651 3960 7477
f 3916 7652 4584
f 4584 7652 5032
f 7652 7337 5032
f 7653 4008 994
f 7653 994 4714
f 7653 364 7507
f 7507 4008 7653
f 7654 2038 461
f 461 5683 7654
f 5683 4804 7654
f 7654 4804 7183
f 94 7655 3071
f 3071 7655 3171
f 7655 6413 3171
f 5319 6413 7655
f 7655 94 6636
f 5319 7655 6636
f 7656 1374 2235
f 4482 7656 2235
f 7656 4482 5094
f 631 7657 1497
f 5711 734 7658
f 3414 1988 7659
f 7659 1988 7258
f 7660 6601 4059
f 1680 7660 7468
f 7468 7660 4059
f 7661 4910 3381
f 3489 7661 5847
f 7662 500 1184
f 4018 500 7662
f 7662 1184 5103
f 6393 7662 5103
f 502 7663 1871
f 7663 4726 1871
f 5042 4726 7663
f 6389 7663 502
f 7663 6389 5042
f 7664 2233 4577
f 5373 2233 7664
f 5417 7665 4701
f 7665 5417 6597
f 5987 7665 6597
f 7665 7127 4701
f 7127 7665 5987
f 2602 4474 7666
f 4930 2602 7666
f 7666 6418 4930
f 7667 342 2839
f 7667 2839 586
f 586 6272 7667
f 6272 6525 7667
f 7668 4387 6646
f 7669 2416 5107
f 6117 7669 5107
f 2349 7670 480
f 7670 7133 480
f 7133 7670 6802
f 4356 7671 5457
f 7671 4356 6219
f 2668 7672 1638
f 1638 7672 6611
f 7672 2185 6611
f 1335 7673 142
f 1953 7673 1335
f 7673 1953 3310
f 142 7673 5328
f 5328 7673 3310
f 7674 2100 4699
f 5116 2100 7674
f 4538 5116 7674
f 4699 6344 7674
f 622 6655 7675
f 6655 6783 7675
f 3315 7676 4030
f 7676 6332 662
f 6332 7676 3315
f 6562 7676 662
f 4030 7676 6562
f 3428 7677 749
f 795 7677 3428
f 7677 795 5436
f 1700 7678 1751
f 150 7678 1914
f 7678 1700 1914
f 150 6007 7678
f 7678 6007 1751
f 730 7679 3365
f 3365 7679 750
f 7679 4321 750
f 6307 1311 7680
f 7680 5208 6307
f 3733 6657 7680
f 6657 5208 7680
f 956 7681 4605
f 956 5423 7681
f 5423 6893 7681
f 6370 7683 833
f 5664 7683 6370
f 5664 6660 7683
f 6660 6336 7683
f 7683 7386 833
f 7683 6336 7386
f 7684 194 3319
f 3466 7685 2357
f 4673 7685 425
f 2357 7685 4673
f 7685 7241 425
f 7241 7685 3466
f 3800 1021 7686
f 3800 7686 2692
f 7686 528 6623
f 2692 7686 6623
f 7686 7171 528
f 1021 7171 7686
f 2471 7687 930
f 4587 7687 2471
f 5359 7687 4587
f 930 7687 6209
f 7687 5359 6209
f 4042 3544 7688
f 7688 3544 7247
f 7688 7247 7172
f 7689 278 3991
f 990 7689 3991
f 7689 6173 278
f 3998 6173 7689
f 7358 7689 990
f 7358 3998 7689
f 7690 3064 1890
f 419 7690 4154
f 4154 7690 1890
f 4701 7690 419
f 3064 7690 4701
f 7691 4043 1335
f 7692 1077 4702
f 6673 7692 4702
f 7692 6673 6633
f 273 123 7693
f 7693 992 313
f 7693 1610 92
f 7693 234 1928
f 1932 494 7693
f 2287 234 7693
f 7693 2717 1932
f 2913 2648 7693
f 313 3742 7693
f 3742 2144 7693
f 1928 3987 7693
f 3990 2287 7693
f 4129 704 7693
f 4209 3922 7693
f 3922 4491 7693
f 7693 4491 4129
f 7693 123 4832
f 4832 4155 7693
f 354 5263 7693
f 7693 5263 3704
f 5435 992 7693
f 3704 5435 7693
f 5569 2717 7693
f 7693 2144 5668
f 5668 5569 7693
f 6057 273 7693
f 6551 1610 7693
f 2648 6563 7693
f 7693 6563 4209
f 7693 7248 3990
f 4155 7248 7693
f 6024 7694 1895
f 2335 7694 6024
f 7695 3251 564
f 770 3251 7695
f 3276 770 7695
f 564 4632 7695
f 7695 4632 3276
f 544 5090 7696
f 7696 5090 6640
f 7697 3714 2238
f 4048 7697 3015
f 2535 7698 1411
f 1411 7698 6641
f 7698 4891 6641
f 3279 7699 4361
f 3502 639 7700
f 1963 3502 7700
f 6273 1963 7700
f 639 7182 7700
f 6273 7700 7631
f 7700 7182 7631
f 1837 7701 655
f 655 7701 6643
f 7701 6610 6643
f 7702 5645 6311
f 7702 7184 5645
f 7703 785 2120
f 95 5444 7703
f 95 7703 5477
f 5477 7703 2120
f 251 7704 614
f 614 7704 366
f 366 7704 5287
f 7704 6366 5287
f 7705 1730 2822
f 7705 6281 2826
f 6680 1730 7705
f 2826 6680 7705
f 2822 6984 7705
f 6984 6281 7705
f 1053 7706 409
f 409 7706 4194
f 4989 3495 7707
f 5652 7707 4529
f 7707 5652 4989
f 7707 3495 6683
f 4529 7707 6683
f 1797 7708 4671
f 7708 7592 4671
f 6242 7709 3964
f 7301 7710 7001
f 7711 3271 1772
f 1772 7361 7711
f 7361 5602 7711
f 7713 5739 3466
f 7714 2241 1335
f 2241 7714 7343
f 7343 7714 3354
f 5299 7715 3084
f 3084 7715 5584
f 7715 3195 5584
f 7716 3907 3356
f 834 7716 6026
f 6026 7716 3356
f 7716 834 7234
f 3907 7716 7234
f 3177 191 7717
f 7717 3395 3177
f 3395 7717 4468
f 7718 2136 4251
f 2275 7718 4251
f 787 4737 7718
f 7718 4737 2136
f 7051 787 7718
f 7051 7718 2275
f 1158 4037 7719
f 4037 3400 7719
f 7177 2079 7719
f 7719 3400 7177
f 7719 7365 1158
f 2079 7365 7719
f 5479 7720 6254
f 6983 7720 5479
f 7720 7017 6254
f 753 2381 7721
f 7658 5335 7721
f 7722 1350 3695
f 5495 1350 7722
f 3748 5495 7722
f 7723 1704 2776
f 5277 1185 7723
f 2776 5277 7723
f 6737 1704 7723
f 7723 1185 7340
f 7340 6737 7723
f 15 5086 7724
f 7724 5086 5503
f 5503 6738 7724
f 6738 7333 7724
f 2647 1268 7725
f 7725 6415 604
f 7725 1268 6415
f 4515 7726 484
f 484 7726 4589
f 3738 7726 5600
f 7726 4515 5600
f 5915 7726 3738
f 7726 5915 4589
f 1172 7727 1471
f 1172 4053 7727
f 5007 7728 4039
f 5205 6430 7728
f 50 7729 765
f 7729 5502 765
f 7094 7729 50
f 7730 4916 3398
f 7730 6396 4916
f 4047 668 7731
f 7731 1463 4047
f 5160 1463 7731
f 3717 5160 7731
f 4058 530 7732
f 7732 530 4297
f 4297 4112 7732
f 2817 2619 7733
f 3354 2817 7733
f 3354 7733 7343
f 7733 4267 7343
f 7734 2400 5165
f 1506 5206 7735
f 5167 4962 7736
f 6586 7736 922
f 7736 7509 922
f 7736 4962 7509
f 3180 7737 542
f 542 7737 5168
f 5996 1108 7737
f 3180 5996 7737
f 7738 783 4060
f 7738 4060 1652
f 7738 5333 188
f 7738 1652 5333
f 7554 7738 188
f 7554 783 7738
f 7739 2894 547
f 2894 7739 6988
f 7739 5163 6988
f 7484 7739 547
f 5163 7739 7484
f 7740 5128 6676
f 5852 7740 6676
f 6999 7740 5852
f 5273 7741 5574
f 7429 7741 5273
f 3011 7742 544
f 544 7742 4388
f 7742 1099 4388
f 7742 3011 6711
f 215 1902 7743
f 1902 3515 7743
f 215 7743 7254
f 742 23 7744
f 7744 29 742
f 7744 23 1945
f 29 7744 3791
f 3791 7744 1945
f 3920 7746 3289
f 4814 7747 5904
f 2630 231 7748
f 4181 1596 7748
f 7748 231 5422
f 5422 4181 7748
f 3801 4644 7749
f 376 7206 7751
f 7751 7206 4991
f 1796 7752 654
f 857 7753 2915
f 4860 7753 857
f 4860 4107 7753
f 7754 5867 3733
f 7754 4776 5867
f 1311 6715 7754
f 6715 4776 7754
f 1311 7754 7680
f 7680 7754 3733
f 2131 7755 3201
f 628 1910 7756
f 7756 1910 2632
f 7757 5426 1711
f 7757 4315 5426
f 6721 4315 7757
f 1516 7758 1952
f 7758 7299 1
f 7299 7758 1516
f 2493 7759 4485
f 4650 7760 3529
f 2916 7760 5142
f 5142 7760 4650
f 7760 2916 6722
f 3529 7760 6722
f 7761 2863 3926
f 3926 5814 7761
f 5814 5703 7761
f 6726 2863 7761
f 5703 6726 7761
f 6873 7762 5182
f 7762 7637 5182
f 2241 7763 1335
f 2373 4274 7763
f 3462 7763 4377
f 1335 7763 4701
f 7763 4327 4701
f 7763 2158 4859
f 4859 2304 7763
f 4274 5282 7763
f 7763 5282 4377
f 845 7764 4544
f 4544 7764 2005
f 7764 845 5042
f 7764 7450 2005
f 7450 7764 5042
f 7765 859 1985
f 6783 859 7765
f 7675 6783 7765
f 7766 6248 5662
f 122 7767 1961
f 7767 5671 1961
f 122 5979 7767
f 2245 640 7768
f 7768 640 5955
f 3667 6744 7769
f 6744 6204 7769
f 7275 3201 7769
f 7769 6204 7275
f 3177 7770 631
f 7770 3967 631
f 2510 3967 7770
f 6326 2510 7770
f 1923 3775 7771
f 5889 1923 7771
f 7772 1791 240
f 7772 240 5258
f 2150 7772 7140
f 7140 7772 5258
f 3382 4095 7773
f 394 7774 1978
f 6292 7774 394
f 5042 7774 6292
f 4519 1010 7775
f 7775 1010 6710
f 6497 7775 6710
f 7775 7583 4519
f 7583 7775 6497
f 438 638 7776
f 2976 438 7776
f 2976 7776 6618
f 6618 7776 3499
f 288 7777 1092
f 1980 7777 288
f 620 7777 4348
f 4348 7777 1980
f 7777 620 6183
f 1092 7777 6183
f 2644 7778 386
f 3597 7778 2644
f 5546 7778 3597
f 386 7778 5609
f 7778 5546 5609
f 19 856 7779
f 7779 2682 31
f 856 2682 7779
f 31 4498 7779
f 4498 6324 7779
f 7780 360 1
f 360 7780 4087
f 4087 7780 1981
f 7410 7780 1
f 7780 7410 1981
f 7781 1426 249
f 249 4467 7781
f 7782 1104 858
f 1104 7782 1446
f 1446 7782 5237
f 7783 664 72
f 507 2708 7783
f 7783 5113 664
f 2708 5113 7783
f 7784 6066 2024
f 5017 7785 4701
f 7785 5017 6763
f 7592 7785 6763
f 3764 7786 4862
f 3795 1990 7788
f 7788 4061 334
f 1990 4061 7788
f 7788 334 5137
f 3795 7788 5137
f 7789 4350 5639
f 6831 7789 5639
f 1690 7790 1140
f 2666 3984 7790
f 6224 7790 1690
f 6224 2666 7790
f 69 7791 3830
f 3830 7791 2027
f 7791 6567 2027
f 7791 69 6689
f 6567 7791 6689
f 7792 6229 820
f 7580 7792 820
f 5021 7792 7580
f 2338 7793 863
f 7793 6524 863
f 1362 6524 7793
f 3186 7794 550
f 550 7794 5216
f 7794 5869 5216
f 4103 7795 939
f 7795 4401 939
f 4401 7795 3327
f 3327 7795 6718
f 6718 7795 4103
f 7796 791 815
f 1334 7796 815
f 791 7796 5500
f 202 7797 851
f 985 7797 202
f 4822 1215 7798
f 1215 5259 7798
f 7798 6298 4822
f 7798 5259 6515
f 7799 677 5906
f 5940 7799 5906
f 7799 5940 6723
f 264 7800 1994
f 1 4536 7800
f 7800 4536 1994
f 7800 6160 1
f 6160 7800 264
f 7801 6287 6573
f 5111 7802 3968
f 3968 7802 6724
f 7802 7604 6724
f 7803 866 3243
f 5491 866 7803
f 3695 5491 7803
f 7804 1783 873
f 446 7804 3091
f 3091 7804 873
f 7804 446 5436
f 7804 5436 1783
f 3128 7805 170
f 3128 5514 7805
f 418 5147 7806
f 7806 5147 2989
f 7807 1520 874
f 4178 7807 874
f 1599 7807 4178
f 1520 7807 5035
f 7807 1599 5035
f 1545 7808 1188
f 1327 7808 1545
f 7808 2389 1188
f 422 4550 7808
f 7808 4550 2389
f 7809 6698 1999
f 6778 7809 1999
f 6778 3056 7809
f 3056 7310 7809
f 7310 6698 7809
f 7810 1663 876
f 690 7810 3285
f 3285 7810 876
f 7810 690 5035
f 1663 7810 5035
f 7811 5068 4117
f 5402 7811 2075
f 5068 7811 5402
f 3619 7812 1485
f 3619 4118 7812
f 7812 7087 1248
f 4118 7087 7812
f 2193 2611 7813
f 7813 6739 2193
f 2611 7702 7813
f 7813 7702 6311
f 3133 7814 2003
f 3786 7814 1340
f 7814 7109 2003
f 7109 7814 3786
f 5400 6780 7815
f 631 7816 2635
f 6665 7816 631
f 7816 6665 5228
f 7817 2297 48
f 462 2297 7817
f 5309 462 7817
f 5309 7817 2989
f 7817 48 7806
f 2989 7817 7806
f 7818 3582 908
f 7819 5978 4911
f 7819 2245 7768
f 7820 2078 2039
f 5670 7821 4745
f 7822 1157 631
f 631 5956 7822
f 7822 5956 6320
f 7823 1533 1
f 1533 7823 5186
f 5186 7823 2007
f 1369 3546 7824
f 4002 2728 7824
f 7824 5773 1369
f 2728 5773 7824
f 3546 7395 7824
f 7824 7395 4002
f 5010 7825 3887
f 7825 5010 5494
f 5494 6705 7825
f 3887 7825 6741
f 7825 6705 6741
f 2686 7826 5235
f 5276 7826 2686
f 7826 691 6669
f 7826 6669 5235
f 3821 7827 5241
f 2015 7828 848
f 848 7828 6745
f 7829 858 5164
f 2940 5237 7829
f 7829 7782 858
f 5237 7782 7829
f 1132 765 7830
f 4265 5239 7830
f 3411 7831 2327
f 4701 7831 3411
f 3782 7831 4701
f 2327 7831 6751
f 7831 3782 6751
f 4602 7832 3481
f 3481 7832 6793
f 7832 4201 6793
f 4201 7832 7136
f 7832 4602 7136
f 1299 7833 127
f 127 7833 6756
f 2820 2600 7834
f 7834 4132 5653
f 7834 2600 7132
f 7132 4132 7834
f 7835 4310 2772
f 7835 5805 4310
f 2254 7836 3440
f 7836 5281 3440
f 5281 7836 4702
f 2254 6682 7836
f 7836 6682 4702
f 7837 3864 1
f 6068 7837 1
f 7837 6068 2021
f 7508 7837 2021
f 3864 7837 7508
f 7838 3281 3840
f 7838 4766 3281
f 5826 7838 3840
f 5762 7838 5826
f 709 475 7839
f 475 2836 7839
f 7839 2836 582
f 7839 3666 709
f 582 6788 7839
f 6788 3666 7839
f 4176 4139 7840
f 6845 4176 7840
f 7840 4139 7787
f 464 7841 893
f 7841 6851 893
f 7406 7841 464
f 2028 7842 6363
f 7787 7842 2028
f 4139 7842 7787
f 3483 7843 3450
f 7843 3528 3450
f 3528 7843 7234
f 2306 4183 7844
f 7844 6905 2306
f 4872 7845 6346
f 6368 7845 4872
f 7845 6368 6995
f 7846 38 2061
f 3562 7846 2061
f 3329 7847 2195
f 7847 3329 5142
f 2195 7847 6770
f 6853 7847 5142
f 7847 6853 6770
f 5837 7848 5260
f 7848 7053 5260
f 3358 246 7849
f 5551 6847 7849
f 7850 1574 2775
f 6457 1574 7850
f 2775 6774 7850
f 6774 6230 7850
f 7850 6230 7303
f 7303 6457 7850
f 237 7851 566
f 7851 1523 566
f 1523 7851 3466
f 7445 7851 237
f 7851 7445 3466
f 2317 904 7852
f 904 2622 7852
f 7853 2001 2070
f 2001 7853 3056
f 7853 2217 3056
f 5972 7853 2070
f 5972 2217 7853
f 7854 348 3403
f 1038 7854 3403
f 7854 1038 6781
f 4124 5555 7855
f 1927 6018 7855
f 7855 6018 4124
f 5555 6223 7855
f 4195 3445 7856
f 7856 4075 4505
f 4505 4195 7856
f 7856 3445 7145
f 7569 4075 7856
f 7145 7569 7856
f 4297 4197 7857
f 4197 4715 7857
f 3017 5498 7857
f 7857 5498 4297
f 955 753 7858
f 5335 2862 7858
f 6022 955 7858
f 7858 2862 6022
f 7858 753 7721
f 7721 5335 7858
f 125 5570 7859
f 7859 5570 6358
f 7347 7859 6358
f 2752 1192 7860
f 7860 1192 6317
f 7860 2363 7089
f 7089 2752 7860
f 4202 5674 7861
f 918 7862 1577
f 1577 7862 7273
f 7862 6879 7273
f 1379 7863 1436
f 1436 7863 4476
f 7863 1950 4476
f 1379 5346 7863
f 5346 1950 7863
f 5037 7864 6130
f 7864 6033 7059
f 7865 3953 922
f 4047 7865 922
f 1463 7865 4047
f 7865 1463 5035
f 5035 3953 7865
f 1103 7866 672
f 7866 1840 672
f 7866 6802 1840
f 5551 6802 7866
f 7866 1434 6847
f 6847 5551 7866
f 4180 7867 340
f 7867 4723 340
f 7867 3637 4723
f 6827 3637 7867
f 259 7868 631
f 2734 7868 259
f 631 7868 4570
f 5508 7869 2314
f 7869 6441 5383
f 2314 7869 6624
f 7869 5383 6624
f 7870 2981 1805
f 2583 3327 7870
f 7870 3648 2583
f 6718 2981 7870
f 3327 6718 7870
f 4455 7871 2992
f 7871 4455 5553
f 2992 7871 6371
f 7872 2057 2629
f 7872 6070 2057
f 4249 7873 1736
f 1736 7873 6113
f 6113 7873 7202
f 7874 2952 7234
f 7874 7843 3483
f 7234 7843 7874
f 5811 655 7875
f 5729 5811 7875
f 7875 6897 5729
f 7876 6152 6405
f 6346 7876 6405
f 6152 7876 6995
f 7845 7876 6346
f 6995 7876 7845
f 2060 7877 5827
f 7515 7877 2060
f 3871 7877 7515
f 130 7878 3486
f 4576 7878 130
f 3141 126 7879
f 7879 1505 3497
f 4705 7879 3609
f 4913 1282 7879
f 7879 3497 6804
f 3609 7879 6804
f 7879 1282 6908
f 6908 3141 7879
f 7644 4913 7879
f 7880 2383 3479
f 7880 484 4589
f 7880 4589 2383
f 485 484 7881
f 837 485 7881
f 7881 484 7880
f 7881 7880 3479
f 1633 2565 7882
f 7882 3081 1633
f 2565 7459 7882
f 7883 882 2064
f 882 7883 5042
f 5042 7883 4183
f 7844 7883 2064
f 4183 7883 7844
f 1315 7884 7297
f 7884 4326 7297
f 940 33 7885
f 7885 33 7051
f 7886 7712 3177
f 7887 2131 3201
f 4709 7887 2438
f 6855 2131 7887
f 4709 6855 7887
f 2438 7887 7275
f 7887 3201 7275
f 1667 7888 2669
f 3808 7888 1667
f 5323 2746 7888
f 3808 5323 7888
f 7888 5401 2669
f 7888 2746 5401
f 1562 7889 593
f 7889 3132 593
f 6374 7889 1562
f 6374 4193 7889
f 2809 763 7890
f 4438 532 7890
f 7890 763 4438
f 5846 2809 7890
f 3252 954 7891
f 7891 5512 3252
f 7892 961 2076
f 961 7892 4701
f 4701 7892 1214
f 1214 7892 4914
f 4914 7892 2076
f 1830 7893 1932
f 1932 7893 2147
f 7893 3263 2147
f 7894 4164 6817
f 6198 7894 6817
f 7245 7894 6198
f 7895 4596 3056
f 7895 6910 2111
f 3056 6910 7895
f 1753 5247 7896
f 5247 2618 7896
f 5274 2077 7896
f 7896 5402 1753
f 2077 5402 7896
f 7896 2618 5459
f 7896 5459 5274
f 7897 5480 5335
f 734 7897 7658
f 7658 7897 5335
f 7530 7898 6821
f 1895 7899 2079
f 7899 3712 2079
f 7694 7899 1895
f 4236 4445 7900
f 4618 7900 2064
f 7030 4236 7900
f 7030 7900 4618
f 7901 6907 5791
f 3857 7902 2378
f 4782 362 7902
f 7902 3857 4782
f 7902 362 6437
f 2378 7902 6437
f 4519 7903 3405
f 5906 4488 7903
f 4519 5906 7903
f 3405 7903 6825
f 7903 4488 6825
f 2644 7904 1134
f 1134 7904 3673
f 3673 7904 1530
f 1530 7904 5707
f 7904 2644 5707
f 7905 1879 745
f 2372 7905 1406
f 7905 745 6206
f 1406 7905 6206
f 920 7906 1370
f 7906 4768 4702
f 6997 7906 4702
f 7308 7906 920
f 4768 7906 7308
f 486 1170 7907
f 7907 850 2939
f 2939 2521 7907
f 3524 7907 2068
f 2521 5285 7907
f 5434 2743 7907
f 7907 3536 5745
f 5745 5434 7907
f 6169 850 7907
f 2068 7907 6446
f 6446 7907 5285
f 7389 486 7907
f 7907 2743 7389
f 2610 1440 7908
f 7908 3254 2610
f 4334 3254 7908
f 7909 73 2121
f 73 7909 5042
f 7909 2152 5042
f 5894 7909 2121
f 5894 2152 7909
f 2577 7910 324
f 324 7910 5714
f 6933 7910 1674
f 7910 6933 5714
f 1618 7911 81
f 7911 1618 3177
f 3177 3236 7911
f 81 7911 6449
f 7911 3236 6449
f 1415 7912 2880
f 3012 7913 1901
f 2139 7913 3012
f 1901 7913 6835
f 1273 1992 7914
f 3134 1273 7914
f 3134 7914 1727
f 7914 1992 4852
f 4852 2571 7914
f 5352 7914 2612
f 5352 3863 7914
f 7914 6460 1727
f 3863 6460 7914
f 2243 7915 290
f 290 7915 4174
f 4174 7915 2706
f 7915 2243 6451
f 2706 7915 6451
f 520 2141 7916
f 4535 520 7916
f 7917 4940 5623
f 7917 6046 4940
f 6077 7917 5623
f 5685 7917 6077
f 513 7918 3155
f 3155 7918 936
f 7918 513 5436
f 7918 6968 936
f 6968 7918 5436
f 7919 1712 515
f 7651 7919 515
f 1913 7919 7651
f 4254 906 7920
f 7920 906 4616
f 7354 4254 7920
f 978 7921 2138
f 2138 7921 5035
f 5035 7921 6896
f 7922 2591 5730
f 6618 7922 5730
f 7026 2591 7922
f 7923 907 2249
f 4496 7924 3522
f 7924 7112 3522
f 7112 7924 7234
f 7925 5305 3670
f 5305 7925 6345
f 229 7926 3524
f 3536 7926 2048
f 7926 229 6419
f 2048 7926 6419
f 3524 7926 7907
f 7926 3536 7907
f 912 7927 4045
f 7927 912 6900
f 7928 2993 1940
f 3488 7928 1940
f 573 5153 7928
f 7928 5153 2993
f 7181 573 7928
f 7181 7928 3488
f 1236 1474 7929
f 847 1794 7929
f 2235 1904 7929
f 1904 2375 7929
f 2525 3175 7929
f 1794 3347 7929
f 3347 2525 7929
f 7929 3563 1236
f 7929 4318 478
f 1474 4318 7929
f 1760 4805 7929
f 7929 4805 2157
f 7929 2571 5374
f 227 5842 7929
f 101 6564 7929
f 7929 6564 6186
f 6605 101 7929
f 7929 2375 6605
f 6634 7929 5374
f 7057 4404 7929
f 7929 5842 7057
f 2157 7637 7929
f 2400 7734 7929
f 7929 7734 2612
f 7637 7762 7929
f 2571 7929 7914
f 7914 7929 2612
f 7064 7930 4045
f 7930 7064 6901
f 7081 7930 6901
f 1473 7931 3564
f 3633 7931 2900
f 7931 3633 3564
f 1473 5799 7931
f 2900 7931 5799
f 7932 887 631
f 631 4081 7932
f 7932 4081 6427
f 5910 7933 1155
f 7933 5433 6457
f 6942 5433 7933
f 5910 6942 7933
f 1155 7933 7303
f 7933 6457 7303
f 7934 4592 1031
f 4592 7934 3158
f 3158 7934 4947
f 7526 7934 1031
f 4947 7934 7526
f 4117 200 7935
f 5951 2075 7935
f 2075 7811 7935
f 7935 7811 4117
f 7936 5500 5633
f 7936 5681 5500
f 6805 5681 7936
f 1694 1074 7937
f 7937 1074 6865
f 7938 125 6134
f 7938 6134 4374
f 7938 4374 6429
f 7939 4719 6469
f 696 4266 7940
f 4266 5505 7940
f 696 7940 7130
f 7130 7940 2649
f 5946 6907 7941
f 7090 5946 7941
f 6907 7901 7941
f 3643 7942 2200
f 2969 7942 4621
f 7942 3643 4621
f 7942 6510 2200
f 7942 6937 6510
f 7943 1418 3578
f 7943 3578 4570
f 1418 7943 6753
f 4061 7944 334
f 7944 4061 355
f 334 7944 4272
f 5638 7944 355
f 4272 7944 5638
f 630 4587 7945
f 4587 3030 7945
f 7945 3030 6439
f 7947 4628 3275
f 7947 5476 6560
f 6638 4628 7947
f 6560 6638 7947
f 3275 6915 7947
f 6915 5476 7947
f 3806 7948 1705
f 4690 7948 3806
f 999 4672 7949
f 7949 4672 2087
f 618 7950 290
f 290 7950 2531
f 2531 7950 1020
f 6528 7950 618
f 1020 7950 6528
f 4560 7951 3640
f 1228 591 7952
f 7952 4016 2054
f 591 6227 7952
f 7952 6227 4016
f 4450 7953 2259
f 2259 7953 5761
f 7953 3089 5761
f 7954 2304 3546
f 2373 7954 7456
f 7456 7954 3546
f 2304 7954 7763
f 7763 7954 2373
f 7955 6144 2153
f 6925 7955 2153
f 3159 7955 6925
f 2979 7956 1872
f 1592 7956 4702
f 4702 7956 2979
f 7956 1592 6885
f 1872 7956 6885
f 7957 5619 968
f 5675 7957 968
f 3162 7957 5675
f 7957 3162 6166
f 5619 7957 6166
f 2097 7958 3199
f 7959 1587 3056
f 7959 4995 2128
f 3056 4995 7959
f 1587 7959 5243
f 5243 7959 2128
f 1470 598 7960
f 1470 7960 3355
f 7960 598 5552
f 3355 7960 5552
f 7286 7961 6929
f 647 7962 2139
f 3570 7962 647
f 7962 3570 6891
f 6835 7962 6891
f 7962 7913 2139
f 7913 7962 6835
f 7963 5301 5364
f 7963 6402 5301
f 7359 7963 5364
f 499 7964 1797
f 7964 7708 1797
f 5292 2094 7965
f 5292 7965 4489
f 7965 3396 6264
f 4489 7965 6264
f 2094 7080 7965
f 7965 7080 3396
f 7966 2096 4701
f 2096 7966 5779
f 5779 7966 2161
f 7966 6039 2161
f 6039 7966 4701
f 1847 561 7967
f 4540 102 7967
f 561 6747 7967
f 7967 6747 4540
f 3976 7968 2962
f 4288 3803 7968
f 3976 4288 7968
f 7968 7485 2962
f 7968 3803 7485
f 2958 4289 7969
f 7969 1557 4791
f 7969 7329 1557
f 4289 7329 7969
f 977 511 7970
f 5557 977 7970
f 5822 7970 5168
f 5557 7970 5822
f 7970 511 7440
f 7970 7440 5168
f 7971 2098 1351
f 2557 2098 7971
f 7971 1351 7235
f 7235 7615 7971
f 2797 7972 3557
f 7209 7972 2797
f 7972 7209 7234
f 1027 951 7973
f 7973 951 1820
f 2689 7973 3559
f 7973 2708 4971
f 4971 3204 7973
f 1820 5113 7973
f 5113 2708 7973
f 2689 7112 7973
f 7234 4068 7973
f 7973 7112 7234
f 3204 7566 7973
f 3545 557 7974
f 5220 3545 7974
f 7974 6315 5220
f 1024 5830 7975
f 7975 5830 3206
f 5945 1024 7975
f 7975 3206 6222
f 5945 7975 6222
f 1 5225 7976
f 7976 5225 5831
f 6806 7976 5831
f 3158 7977 4542
f 7977 4945 1026
f 4945 7977 3158
f 7168 7977 1026
f 4542 7977 7168
f 5055 4856 7978
f 7978 4856 6010
f 1028 3977 7979
f 7979 3977 1365
f 4157 7980 433
f 433 7980 6885
f 7980 6865 6885
f 7980 7937 6865
f 7981 692 2938
f 6451 692 7981
f 6242 6451 7981
f 7981 7709 6242
f 5531 7982 1972
f 7982 5531 6981
f 7983 1166 2641
f 4127 7983 2641
f 7574 7983 4127
f 7574 5446 7983
f 2598 7984 1524
f 7984 1256 6903
f 1524 7984 6903
f 7985 7387 170
f 5695 7387 7985
f 170 7805 7985
f 7805 1919 7985
f 3158 7986 4510
f 7986 5757 1068
f 5757 7986 3158
f 7175 7986 1068
f 4510 7986 7175
f 7987 4524 3410
f 3410 5175 7987
f 5175 6531 7987
f 471 1896 7988
f 7988 4111 2602
f 471 7988 4930
f 7988 2602 4930
f 6432 822 7989
f 7990 4120 2608
f 6757 7990 6429
f 119 4146 7991
f 7991 4146 2570
f 5702 119 7991
f 2570 6951 7991
f 5574 7992 5803
f 5574 7741 7992
f 2308 3123 7993
f 6500 2308 7993
f 7993 7587 6500
f 638 6779 7994
f 7994 6779 4535
f 3499 7994 7013
f 7994 4535 7013
f 7776 638 7994
f 7776 7994 3499
f 2874 1156 7995
f 3902 7995 1349
f 4643 2874 7995
f 4643 7995 3902
f 7995 1156 6294
f 7995 6294 1349
f 1007 7996 2155
f 5188 6637 7996
f 6922 7996 1007
f 6922 5188 7996
f 1269 7997 1390
f 7997 1269 3588
f 1390 7997 3646
f 1430 7998 1300
f 1300 7998 3784
f 7999 2104 2126
f 2011 7999 5630
f 7999 2126 5630
f 7999 2011 5816
f 2104 7999 5816
f 107 8000 1335
f 8000 107 3592
f 1800 8000 3592
f 8000 6188 1335
f 6188 8000 1800
f 718 2559 8001
f 1149 5432 8001
f 8001 6863 1149
f 2559 6863 8001
f 8001 7641 718
f 5432 7641 8001
f 3823 8002 3595
f 1815 4400 8002
f 8002 4576 3595
f 8002 4400 4576
f 3463 8003 75
f 7265 8003 3463
f 8003 7265 6927
f 1 8004 4823
f 7299 8004 1
f 8004 7299 2165
f 110 602 8005
f 5662 2095 8005
f 602 7766 8005
f 8005 7766 5662
f 8006 595 4325
f 3616 8006 4325
f 4330 595 8006
f 4747 8006 3616
f 4747 4330 8006
f 607 803 8007
f 7083 607 8007
f 8008 1790 2448
f 8008 2887 1790
f 3672 8008 2448
f 5521 8008 3672
f 799 609 8009
f 609 1258 8009
f 8009 1303 799
f 8009 2234 1303
f 2234 8009 4731
f 4305 8010 5085
f 6243 8010 4305
f 8011 2931 4702
f 8011 6577 3605
f 6577 8011 4702
f 8012 4866 5909
f 6976 4866 8012
f 3038 8012 7096
f 8012 5909 7096
f 7449 8012 3038
f 7449 6976 8012
f 8013 2900 4089
f 5743 1541 8014
f 8014 4652 5743
f 7016 4652 8014
f 1541 7035 8014
f 801 8015 4203
f 4203 8015 4685
f 8015 5224 4685
f 8015 6354 5224
f 5605 8016 3434
f 8016 2968 5870
f 3434 8016 5870
f 8017 2270 5621
f 5980 6982 8017
f 6982 6404 8017
f 7420 2270 8017
f 8017 6404 7420
f 6497 2484 8018
f 8018 7583 6497
f 1 8019 615
f 615 8019 7550
f 7550 8019 5445
f 8020 3220 1067
f 3109 3402 8020
f 5446 5054 8020
f 5654 3220 8020
f 5694 8020 1067
f 5694 3109 8020
f 3402 6352 8020
f 6547 2527 8020
f 8020 6352 6547
f 8021 126 6987
f 7187 8021 6987
f 7879 126 8021
f 2003 8022 3133
f 8022 2445 3133
f 3508 8022 2003
f 3508 4340 8022
f 2114 8023 581
f 8023 2114 4563
f 581 8023 6515
f 4670 2940 8024
f 5450 6291 8024
f 8025 1544 2178
f 3377 8025 2178
f 8026 1135 5846
f 532 8026 7890
f 7890 8026 5846
f 670 217 8027
f 1093 670 8027
f 8027 4324 1093
f 6001 4324 8027
f 8027 217 7537
f 7537 6001 8027
f 7368 3766 8028
f 8029 585 785
f 7703 8029 785
f 5444 8029 7703
f 8030 243 2900
f 243 8030 5465
f 5465 8030 3628
f 2900 5677 8030
f 8030 5677 3628
f 2767 2699 8031
f 4347 4890 8031
f 4239 2924 8032
f 1615 4243 8032
f 8032 6004 1615
f 2924 6004 8032
f 2269 4355 8033
f 8033 6075 178
f 4355 6075 8033
f 8034 5054 1047
f 5054 8034 8020
f 8020 8034 5654
f 4358 3423 8035
f 2588 4820 8035
f 4993 4358 8035
f 8035 4820 4993
f 7128 2588 8035
f 8035 3423 7128
f 8036 2127 3158
f 4682 8036 1051
f 2127 8036 4682
f 3236 8037 1786
f 8037 3236 3177
f 4362 8037 3177
f 1786 8037 6578
f 8037 4362 6578
f 1786 6578 8038
f 3097 8039 868
f 868 8039 5862
f 8039 5625 5862
f 5065 1108 8040
f 8040 4054 5065
f 3393 5235 8040
f 5235 4054 8040
f 1108 5996 8040
f 8040 5996 3393
f 8041 4093 578
f 6358 4093 8041
f 5398 6358 8041
f 8041 6889 5398
f 4651 4367 8042
f 8042 3394 6582
f 5436 3737 8043
f 6333 82 8043
f 8043 3737 6333
f 6974 5436 8043
f 4369 1162 8044
f 8044 1162 4905
f 8044 4905 3616
f 3616 7334 8044
f 7334 4369 8044
f 8045 2351 2206
f 3394 8045 2206
f 1666 8046 479
f 8046 1666 939
f 939 1745 8046
f 479 8046 6970
f 8046 1745 6970
f 2503 8047 1396
f 8047 2503 4045
f 3624 8047 4045
f 1396 8047 6972
f 8047 3624 6972
f 1160 8048 4865
f 4865 8048 2248
f 8048 1160 5696
f 2041 8049 770
f 770 8049 3251
f 5439 8049 2041
f 3390 8049 5439
f 8049 5994 3251
f 5994 8049 3390
f 8050 4 597
f 82 5440 8050
f 6974 8050 597
f 8050 7068 4
f 8050 5440 7068
f 82 8050 8043
f 8043 8050 6974
f 8051 1493 354
f 8051 354 7693
f 5748 5739 8052
f 8052 524 7160
f 5748 8052 7229
f 7229 8052 7160
f 8052 7713 524
f 5739 7713 8052
f 8053 353 4411
f 1129 8053 7028
f 7028 8053 4411
f 2950 2026 8054
f 8054 2026 7146
f 7146 6674 8054
f 6674 7622 8054
f 8055 2638 2253
f 2638 8055 3056
f 3056 8055 5009
f 697 706 8056
f 706 3272 8056
f 8056 3272 1041
f 8056 1041 3600
f 697 8056 3865
f 3865 8056 3600
f 2640 8057 1531
f 8057 2640 6045
f 6045 3004 8057
f 1531 8057 6985
f 8057 3004 6985
f 891 8058 612
f 8058 891 3687
f 2495 8058 3687
f 612 8058 6909
f 2495 6909 8058
f 4631 2331 8059
f 8059 5765 4631
f 3406 8060 1906
f 1906 8060 6614
f 6614 8060 3671
f 7182 8060 3406
f 3671 8060 7182
f 8061 1763 4300
f 5489 1763 8061
f 7370 8061 1031
f 7370 5489 8061
f 1031 8061 7526
f 8061 4300 7526
f 26 8062 4633
f 8062 3858 4764
f 4633 8062 4764
f 8062 4982 3858
f 8063 2818 6990
f 6756 8063 6990
f 7833 8063 6756
f 3179 713 8064
f 8064 3581 3179
f 713 5294 8064
f 8064 5294 3080
f 8065 656 2887
f 8065 5095 6994
f 1658 3541 8066
f 8066 5343 1658
f 2188 5343 8066
f 7426 2188 8066
f 3541 7426 8066
f 2960 1209 8067
f 5962 2960 8067
f 8067 6181 5962
f 6107 6181 8067
f 8067 1209 6325
f 6325 6107 8067
f 98 8068 1231
f 1162 8069 1472
f 1472 8069 5133
f 5133 8069 2266
f 7260 8069 1162
f 8069 7260 2266
f 8070 3929 2827
f 8070 2827 7121
f 8071 1976 7325
f 8071 7325 5497
f 871 8072 1995
f 8072 871 3801
f 3801 2615 8072
f 2542 8073 2269
f 4355 8073 1
f 8073 4355 2269
f 585 8074 2985
f 2985 8074 880
f 8075 1696 6364
f 6364 2931 8075
f 2931 8011 8075
f 8075 8011 3605
f 8076 265 5814
f 4389 8076 5814
f 4389 7040 8076
f 1698 1517 8077
f 3807 2348 8077
f 8077 3369 3807
f 8077 3972 2913
f 8077 1517 7009
f 340 4723 8078
f 7376 7042 8078
f 1 979 8079
f 8079 979 5897
f 4495 8079 5897
f 8079 6731 1
f 6731 8079 4495
f 3198 5724 8080
f 5724 5163 8080
f 3198 8080 6917
f 8080 5163 7484
f 2593 8081 1517
f 8081 2593 4410
f 1517 8081 7009
f 2280 1145 8082
f 2280 8082 4857
f 1145 4899 8082
f 8082 4899 2283
f 8082 2283 5620
f 4857 8082 5620
f 749 8083 1147
f 7677 8083 749
f 8083 7677 5436
f 5977 5500 8084
f 7090 5977 8084
f 3911 2840 8086
f 1489 8086 4080
f 4080 8086 2840
f 1997 8087 831
f 8087 1997 1972
f 831 8087 7012
f 8088 228 2834
f 941 8088 2834
f 8088 2868 228
f 1154 2868 8088
f 4657 8088 941
f 4657 1154 8088
f 1 1575 8089
f 945 8089 2284
f 8089 1575 2284
f 8089 6857 1
f 6857 8089 945
f 8090 177 4372
f 3353 8090 4372
f 8090 6100 177
f 611 6100 8090
f 7024 611 8090
f 3353 7024 8090
f 1280 2977 8091
f 2977 1338 8091
f 843 8091 6454
f 8091 1338 6454
f 6484 8091 843
f 1280 8091 6484
f 5787 6627 8092
f 7722 8092 3748
f 4121 741 8093
f 8093 3261 5273
f 741 5484 8093
f 8093 5484 3261
f 4121 8093 5574
f 5574 8093 5273
f 1752 44 8094
f 1752 8094 2899
f 8094 6757 2899
f 1294 8095 2289
f 2455 8095 721
f 8095 6409 2289
f 6409 8095 2455
f 8095 7153 721
f 7153 8095 1294
f 702 8096 3894
f 3894 8096 3548
f 8096 4161 3059
f 3059 7462 8096
f 8096 7462 3548
f 3621 996 8097
f 3621 8097 1121
f 8097 996 4702
f 8097 5050 1121
f 4702 5050 8097
f 722 1476 8098
f 1882 1316 8098
f 8098 2763 2733
f 8098 4025 1314
f 6002 2132 8098
f 2733 6002 8098
f 6191 722 8098
f 8098 1316 6306
f 6522 4025 8098
f 1314 6569 8098
f 6652 8098 4760
f 6108 8098 6652
f 7011 2763 8098
f 6306 7011 8098
f 7536 8098 6108
f 7536 6522 8098
f 2900 8099 1864
f 1864 8099 7048
f 7048 8099 3730
f 6708 2952 8100
f 2952 7874 8100
f 8100 7874 3483
f 8101 1671 2605
f 2605 4381 8101
f 4381 3452 8101
f 6736 1671 8101
f 8101 3452 7188
f 7188 6736 8101
f 8102 1731 2473
f 4830 8102 2473
f 4978 4416 8102
f 4830 4978 8102
f 8102 7470 1731
f 4416 7470 8102
f 5018 8103 4080
f 4080 8103 6951
f 6951 8103 7991
f 8104 5280 2296
f 6099 8104 2296
f 2407 8104 6099
f 6762 8105 954
f 7891 954 8105
f 5512 7891 8105
f 860 715 8106
f 255 1408 8106
f 8106 2496 255
f 715 2496 8106
f 8107 663 4452
f 4564 8107 4452
f 10 1643 8108
f 8108 1643 97
f 2411 10 8108
f 8108 3539 2411
f 97 4663 8108
f 4663 3539 8108
f 4383 8109 3266
f 8109 4383 5906
f 5906 6888 8109
f 3266 8109 7033
f 8109 6888 7033
f 54 924 8110
f 3555 54 8110
f 1181 8111 1404
f 4741 1404 8111
f 5497 8111 3299
f 8111 5497 4741
f 1181 5938 8111
f 5938 3299 8111
f 8112 2127 1132
f 3158 2127 8112
f 8112 5239 3158
f 7830 8112 1132
f 5239 8112 7830
f 8113 2686 3910
f 5103 1184 8113
f 1184 5276 8113
f 8113 5276 2686
f 6536 8113 3910
f 5103 8113 6536
f 8114 4528 3177
f 5621 4528 8114
f 8115 3119 2301
f 3119 8115 5042
f 8115 4451 5042
f 1706 8116 1500
f 1706 2267 8116
f 2267 3223 8116
f 6142 8117 7039
f 4519 7135 8117
f 8117 7135 7039
f 8117 7263 4519
f 7263 8117 6142
f 2546 8118 2077
f 3875 8118 189
f 2077 8118 3875
f 189 8118 4460
f 8118 2546 4460
f 8119 633 1189
f 4774 8119 1189
f 2162 8119 4774
f 633 8119 5035
f 8119 2162 5035
f 1696 2967 8120
f 8120 4551 146
f 2967 4551 8120
f 1696 8120 6364
f 250 8121 3897
f 8121 4226 3166
f 8121 3166 4729
f 3897 8121 4729
f 1147 8122 1149
f 8122 5432 1149
f 5432 8122 5436
f 8083 8122 1147
f 5436 8122 8083
f 8123 442 735
f 1391 8123 193
f 442 8123 1391
f 193 8123 3032
f 8123 3453 3032
f 8123 735 5651
f 3453 8123 5651
f 1153 40 8124
f 1206 1153 8124
f 8124 2087 1206
f 8124 40 7056
f 7949 2087 8124
f 7056 7949 8124
f 3248 6380 8125
f 6380 6950 8125
f 8126 3395 4468
f 1711 7049 8126
f 7049 3395 8126
f 8126 7757 1711
f 8127 6127 5033
f 8010 8127 5085
f 8128 736 1079
f 8129 908 4265
f 765 5502 8129
f 8129 7818 908
f 5502 7818 8129
f 765 8129 7830
f 7830 8129 4265
f 5969 8130 7081
f 4045 8130 7082
f 7082 8130 5969
f 7930 8130 4045
f 8130 7930 7081
f 8131 1401 2356
f 1401 8131 4701
f 4701 8131 3208
f 7018 8131 2356
f 3208 8131 7018
f 310 1831 8132
f 2006 310 8132
f 8132 1831 2637
f 8132 3063 2006
f 3222 4346 8133
f 3222 8133 7059
f 1829 8134 740
f 740 8134 3227
f 8134 2891 3227
f 1829 4444 8134
f 4445 3142 8135
f 8135 3142 6905
f 2064 8135 7844
f 8135 6905 7844
f 7900 8135 2064
f 7900 4445 8135
f 1254 3014 8136
f 8136 5328 1254
f 3107 5893 8136
f 5893 5328 8136
f 3014 7479 8136
f 8136 7479 3107
f 3147 8137 915
f 8137 3147 4339
f 3144 4598 8137
f 4600 3144 8137
f 4600 8137 4339
f 8137 4598 5269
f 915 8137 5973
f 8137 5269 5973
f 3214 8138 2290
f 2290 8138 7398
f 2673 968 8139
f 2673 8139 5007
f 968 5619 8139
f 5619 5205 8139
f 8139 7728 5007
f 8139 5205 7728
f 571 8140 6502
f 8140 571 7065
f 7827 8140 7065
f 2260 174 8141
f 2261 2260 8141
f 8141 174 6103
f 8141 6103 6187
f 2261 8141 7593
f 7593 8141 6187
f 5402 8142 332
f 8142 5577 4489
f 5577 8142 5402
f 332 8142 6264
f 6264 8142 4489
f 8143 2527 1166
f 7983 8143 1166
f 5446 8143 7983
f 2527 8143 8020
f 8020 8143 5446
f 1947 8144 5123
f 8144 1947 7069
f 6821 8144 7069
f 5123 8144 7898
f 7898 8144 6821
f 8145 1516 1420
f 2165 1516 8145
f 2301 2165 8145
f 1420 4451 8145
f 8145 8115 2301
f 4451 8115 8145
f 8146 286 1467
f 8146 1467 4361
f 7095 286 8146
f 329 7095 8146
f 1808 8147 7593
f 7593 8147 4497
f 2451 56 8148
f 8148 1216 2451
f 56 3590 8148
f 8148 3590 2125
f 4471 1216 8148
f 2125 4471 8148
f 8149 2579 2303
f 2690 8149 2303
f 3056 2579 8149
f 8150 543 5556
f 543 8150 6304
f 6337 8150 5556
f 8151 711 4422
f 4458 711 8151
f 5493 8151 1066
f 5493 4458 8151
f 8152 3927 6245
f 6241 8152 6245
f 7549 2268 8152
f 7549 8152 6241
f 2268 7552 8152
f 8152 7552 3927
f 1 3425 8153
f 8153 4218 1
f 4218 8153 2055
f 2055 8153 5989
f 8153 3425 5989
f 2864 8154 226
f 4502 977 8154
f 8154 2864 4502
f 226 8154 5557
f 8154 977 5557
f 938 8155 3682
f 3682 8155 1538
f 3798 8155 938
f 1538 8155 5960
f 8155 3798 5960
f 73 8156 3832
f 3832 8156 2306
f 8156 4183 2306
f 8156 73 5042
f 8156 5042 4183
f 6191 8157 4666
f 4666 8157 6666
f 8157 6569 6666
f 8098 8157 6191
f 6569 8157 8098
f 8158 2770 1698
f 8158 1698 8077
f 2348 8158 8077
f 8159 4705 7105
f 7801 8159 7105
f 4705 8159 7879
f 1195 8160 3978
f 3978 8160 3158
f 8160 5936 3158
f 8161 3563 950
f 1236 3563 8161
f 950 4003 8161
f 4003 6252 8161
f 1144 4646 8162
f 4646 2105 8162
f 1144 8162 6875
f 8162 2105 6875
f 6269 8163 6001
f 6485 8163 4701
f 8163 6485 6001
f 3041 2900 8164
f 3994 6667 8164
f 8164 2900 8013
f 8013 3994 8164
f 8165 3134 493
f 8165 1273 3134
f 493 5637 8165
f 8165 5637 6635
f 556 8166 2391
f 8166 2255 2391
f 2255 8166 5042
f 6452 8166 556
f 8166 6452 5042
f 8167 84 3843
f 4473 84 8167
f 3375 4473 8167
f 3843 6262 8167
f 8167 6295 3375
f 6262 6295 8167
f 2259 837 8168
f 3479 818 8168
f 818 4450 8168
f 8168 4450 2259
f 837 7881 8168
f 8168 7881 3479
f 3958 8169 2794
f 8169 4421 2794
f 7252 8169 3958
f 822 179 8170
f 7989 822 8170
f 1972 5715 8171
f 8171 5715 7091
f 7314 8171 7091
f 3050 4108 8172
f 4794 8172 2080
f 5580 3050 8172
f 5580 8172 4794
f 5768 8173 6890
f 2291 8174 1259
f 8174 5021 1259
f 8175 1342 7111
f 1639 8175 7111
f 8176 125 7938
f 8176 7938 6429
f 7990 2608 8176
f 6429 7990 8176
f 2300 8177 793
f 4782 8177 2300
f 2688 8177 4782
f 793 8177 6777
f 6777 8177 2688
f 2299 1737 8178
f 5720 8178 114
f 5720 2299 8178
f 8178 1737 7549
f 8179 5448 440
f 5448 8179 4305
f 440 5453 8179
f 4305 8179 7100
f 8179 5453 7100
f 8180 4988 1519
f 8180 2382 4988
f 5589 2382 8180
f 4131 5589 8180
f 4990 8181 3505
f 8181 3234 6732
f 3505 8181 6732
f 8182 41 4013
f 5419 4500 8182
f 8182 5941 41
f 4500 5941 8182
f 6174 8182 4013
f 5419 8182 6174
f 1623 8183 3524
f 8183 5516 3524
f 5516 8183 3989
f 8183 1623 6697
f 3989 8183 6697
f 4503 5427 8184
f 3382 7773 8184
f 524 8185 956
f 8185 5423 956
f 3466 5423 8185
f 7713 8185 524
f 8185 7713 3466
f 1736 8186 466
f 8186 5208 466
f 1736 6154 8186
f 5208 8186 6307
f 2591 8187 369
f 369 8187 5992
f 5992 8187 3240
f 7026 8187 2591
f 3240 8187 7026
f 817 8188 3787
f 8188 3194 3787
f 4576 3194 8188
f 5253 299 8188
f 5253 8188 817
f 8188 3465 7106
f 7379 3465 8188
f 8188 7878 4576
f 1882 8189 320
f 320 8189 6700
f 8189 1476 6700
f 8098 1476 8189
f 8189 1882 8098
f 1640 8190 5866
f 5866 8190 4276
f 8190 6442 4276
f 8190 7525 6442
f 8191 229 3524
f 2658 8191 3524
f 8191 2658 6671
f 3870 8192 5614
f 8192 4175 5614
f 8192 3870 6755
f 8192 6755 4175
f 808 2177 8193
f 4991 625 8193
f 605 8194 2392
f 8194 3250 2392
f 8194 3344 3250
f 3751 3344 8194
f 6493 8194 605
f 8194 6493 3751
f 5437 8195 3291
f 3291 8195 6041
f 8195 6051 6041
f 7026 8195 5437
f 6051 8195 7026
f 3133 2445 8196
f 1725 4514 8196
f 8197 2882 3948
f 8197 714 6281
f 7178 2882 8197
f 6281 7178 8197
f 8198 5326 4194
f 2256 8199 3652
f 3652 8199 2701
f 8199 6486 2701
f 8199 5463 6486
f 2256 7142 8199
f 7142 5463 8199
f 8200 916 4702
f 998 8200 4702
f 8200 998 7144
f 3215 1806 8201
f 862 5415 8201
f 8201 5415 3215
f 2517 8202 1008
f 1008 8202 6714
f 8202 4797 6714
f 2530 3680 8203
f 5635 4483 8203
f 3680 7628 8203
f 8203 7628 5635
f 8204 1047 5284
f 1975 8204 5284
f 1975 5654 8204
f 8204 8034 1047
f 5654 8034 8204
f 8205 13 1287
f 331 8206 1466
f 8207 3184 2088
f 3341 233 8207
f 2088 3341 8207
f 233 4869 8207
f 8207 4869 5410
f 2054 872 8208
f 4096 1228 8208
f 872 6268 8208
f 8208 6268 4096
f 1228 7952 8208
f 8208 7952 2054
f 4645 8209 5620
f 7259 8209 4645
f 8209 7259 6304
f 8209 7401 5620
f 6304 7401 8209
f 4268 5377 8210
f 4268 8210 7120
f 8210 4346 7120
f 4346 8210 8133
f 8210 5377 8133
f 283 3677 8211
f 4493 2446 8211
f 8211 3677 4803
f 4803 4493 8211
f 6177 283 8211
f 8211 2446 6177
f 4345 8212 3268
f 819 8212 4702
f 8212 4345 4702
f 7121 8212 819
f 3268 8212 7121
f 580 8213 6506
f 6506 8213 4564
f 8213 8107 4564
f 1297 2047 8214
f 6324 1297 8214
f 7779 8214 19
f 7779 6324 8214
f 6334 8215 1735
f 4531 8215 6334
f 7513 1735 8215
f 4531 7513 8215
f 8216 6895 5726
f 1994 8217 900
f 900 8217 4391
f 1994 4536 8217
f 4536 3898 8217
f 8217 3898 7542
f 8217 7542 4391
f 8218 6035 6739
f 7813 8218 6739
f 3525 8219 645
f 3525 4537 8219
f 645 8219 7567
f 8219 2586 7567
f 392 8220 3823
f 4179 1815 8220
f 4861 8220 392
f 4861 4179 8220
f 8220 1815 8002
f 8220 8002 3823
f 2276 8221 1191
f 1191 8221 7163
f 8221 2062 7163
f 875 8222 2117
f 2420 8222 875
f 1013 8222 2420
f 6932 8222 1013
f 8222 6932 2117
f 8223 2130 5392
f 2764 8223 5392
f 6000 8223 2764
f 6000 5666 8223
f 6266 8224 7327
f 8225 944 2828
f 1908 8225 2828
f 3163 8225 1908
f 3163 3060 8225
f 8225 5369 944
f 3060 5369 8225
f 135 4689 8226
f 8226 4689 3164
f 1225 8227 2545
f 8227 1370 2545
f 4834 1370 8227
f 3315 4834 8227
f 5844 8227 1225
f 3315 8227 5844
f 137 2898 8228
f 8228 2898 1393
f 3805 137 8228
f 3805 8228 5209
f 8228 1393 6772
f 5209 8228 6772
f 2498 8229 631
f 8229 2498 5627
f 6235 8229 5627
f 8230 3360 723
f 1306 3360 8230
f 4284 1306 8230
f 4284 8230 1738
f 8231 2099 1307
f 4215 8231 1307
f 1660 8231 4215
f 8231 1660 5035
f 2099 8231 5035
f 2762 8232 2098
f 8232 2762 4586
f 3541 8232 4586
f 2098 8232 7244
f 7244 8232 3541
f 8233 762 752
f 8233 1861 762
f 7993 8233 752
f 7993 3123 8233
f 8234 6780 3177
f 6780 8234 7815
f 7013 4535 8235
f 4535 7916 8235
f 8007 803 8235
f 8235 7916 8007
f 1822 8236 4459
f 4459 8236 1848
f 8236 6339 1848
f 8236 5251 6339
f 1822 7166 8236
f 7166 5251 8236
f 8237 2713 2426
f 2713 8237 5696
f 8237 3939 5696
f 7608 8237 2426
f 3939 8237 7608
f 8238 649 3736
f 3736 4548 8238
f 6492 649 8238
f 1673 6492 8238
f 8238 7457 1673
f 4548 7457 8238
f 1015 8239 3867
f 5464 8239 1015
f 8239 5464 2900
f 5700 8239 2900
f 8239 5700 3867
f 451 8240 4701
f 4873 8240 3773
f 8240 4873 4701
f 8240 451 7174
f 3773 8240 7174
f 5445 8241 5637
f 1 8241 8019
f 8019 8241 5445
f 8242 1964 4463
f 1360 4585 8242
f 8242 4585 1964
f 6735 8242 4463
f 2519 914 8243
f 8243 914 2677
f 2677 1320 8243
f 6883 2519 8243
f 8244 5327 4561
f 1301 8244 7157
f 7157 8244 4561
f 8244 1301 7397
f 7397 5327 8244
f 6712 8245 631
f 6185 8245 6772
f 8245 6712 6772
f 8245 7657 631
f 7657 8245 6185
f 1290 5043 8246
f 5043 2436 8246
f 1290 8246 6812
f 8246 5691 6812
f 8247 1584 1325
f 969 8247 3584
f 3584 8247 1325
f 8247 969 3978
f 3978 1584 8247
f 1649 8248 4701
f 8248 6678 4701
f 6678 8248 5537
f 8248 1649 7152
f 5537 8248 7152
f 5378 166 8249
f 5005 5378 8249
f 6469 5005 8249
f 8249 166 7939
f 8249 7939 6469
f 8250 1138 4701
f 1984 8250 4701
f 8250 1984 7156
f 169 5324 8251
f 8251 5324 3827
f 6184 169 8251
f 8251 1317 6184
f 8252 5777 2445
f 8022 8252 2445
f 4340 8252 8022
f 8253 223 3966
f 8253 3966 2801
f 4533 223 8253
f 6558 4533 8253
f 7228 8253 2801
f 6558 8253 7228
f 4512 8254 3853
f 2900 5864 8254
f 8254 5864 3853
f 5710 8255 1796
f 7589 8255 5710
f 8255 7752 1796
f 3188 8256 1
f 8256 3493 1
f 3493 8256 1332
f 1332 8256 6065
f 8256 3188 6065
f 901 8257 1335
f 1339 8257 901
f 2443 8257 1339
f 5383 8259 7359
f 7359 8259 7963
f 2837 8260 192
f 8260 5661 192
f 8260 4744 5661
f 1346 8261 214
f 8261 1346 5123
f 214 8261 7198
f 725 8262 1755
f 725 4541 8262
f 4541 1160 8262
f 8262 1160 4865
f 1755 8262 4865
f 8263 4467 249
f 8263 5566 4467
f 8264 3183 3843
f 3843 4588 8264
f 1119 6212 8264
f 6212 3183 8264
f 8264 7015 1119
f 4588 7015 8264
f 3294 182 8265
f 3294 8265 6254
f 6254 8265 5479
f 8265 6979 5479
f 8266 44 7182
f 44 8266 8094
f 8094 8266 6757
f 2469 925 8267
f 2469 8267 3080
f 925 5758 8267
f 8267 5758 3581
f 3080 8267 8064
f 8267 3581 8064
f 1349 8268 3902
f 5700 8268 1349
f 2900 8268 5700
f 7061 8268 2900
f 8268 7061 3902
f 290 8269 3177
f 6829 8269 290
f 6829 6326 8269
f 8269 7770 3177
f 6326 7770 8269
f 8270 1161 2218
f 8270 2218 1883
f 6157 8270 1883
f 2396 8270 6157
f 7242 1161 8270
f 2396 7242 8270
f 8271 5813 4671
f 8271 6763 2216
f 4671 7592 8271
f 7592 6763 8271
f 8272 2324 1246
f 1246 5486 8272
f 8272 5726 4336
f 5486 8216 8272
f 8272 8216 5726
f 8273 2027 963
f 3830 2027 8273
f 2111 3830 8273
f 963 4596 8273
f 8273 7895 2111
f 4596 7895 8273
f 8274 929 1050
f 2434 929 8274
f 2434 8274 7038
f 7038 8274 3420
f 8275 4762 4701
f 8275 4837 2470
f 4837 8275 4701
f 2140 8276 1363
f 8276 2790 1363
f 3117 8277 1655
f 6419 229 8277
f 6419 8277 3117
f 8277 6671 1655
f 229 8191 8277
f 8277 8191 6671
f 4290 8278 1998
f 4540 8278 6125
f 8278 6747 1998
f 6747 8278 4540
f 7280 8278 4290
f 6125 8278 7280
f 3156 3187 8279
f 7622 3156 8279
f 8280 3157 3901
f 2013 4123 8280
f 4123 2601 8280
f 2013 8280 6317
f 8280 2601 6491
f 323 8281 2685
f 2685 8281 1103
f 8281 7866 1103
f 5803 8282 6093
f 7992 8282 5803
f 8283 7584 6551
f 704 8283 7693
f 8283 6551 7693
f 1505 8284 326
f 326 8284 7187
f 8284 1505 7879
f 8284 8021 7187
f 8021 8284 7879
f 2442 8285 2478
f 8285 4721 2478
f 8286 5094 4595
f 6758 1374 8286
f 1374 7656 8286
f 8286 7656 5094
f 8287 572 291
f 8287 2823 572
f 938 2823 8287
f 3596 938 8287
f 3833 8287 291
f 3596 8287 3833
f 4951 4607 8288
f 8288 821 6270
f 8288 6716 821
f 4607 6716 8288
f 5023 8289 3911
f 5023 7221 8289
f 7221 7336 8289
f 5952 4517 8290
f 8290 4517 6917
f 6917 8080 8290
f 8080 7484 8290
f 2819 8291 2442
f 8291 8285 2442
f 8292 2576 3340
f 8292 3723 1062
f 3723 8292 3340
f 4932 8292 1062
f 2576 8292 4932
f 8293 6362 5241
f 8293 7065 3456
f 5241 7827 8293
f 7827 7065 8293
f 8294 3088 2486
f 7773 8294 2486
f 4095 8294 7773
f 8295 100 2488
f 864 8295 4562
f 4562 8295 2488
f 8296 1098 1018
f 8296 1018 2449
f 1098 8296 4851
f 4851 8296 2449
f 678 300 8297
f 8297 1403 421
f 8297 1553 678
f 2097 3125 8297
f 8297 331 3458
f 651 3593 8297
f 300 3696 8297
f 3593 4684 8297
f 8297 3125 4706
f 4915 1403 8297
f 4315 4915 8297
f 651 8297 5318
f 8297 3696 5318
f 4315 8297 5426
f 3670 6476 8297
f 6541 3586 8297
f 8297 5976 6541
f 8297 3752 6554
f 4684 7287 8297
f 7958 2097 8297
f 8297 7287 7958
f 8206 331 8297
f 6554 8206 8297
f 3230 366 8298
f 4282 3230 8298
f 8298 366 5287
f 8298 5428 4282
f 8300 838 3431
f 8300 3431 3717
f 668 5692 8300
f 5692 838 8300
f 668 8300 7731
f 7731 8300 3717
f 1472 8301 1162
f 2453 8301 1472
f 8301 3803 1162
f 7485 8301 2453
f 3803 8301 7485
f 4847 8302 1334
f 2277 8302 4847
f 8302 2277 5500
f 8302 7796 1334
f 7796 8302 5500
f 8303 39 241
f 8303 1205 39
f 2943 8303 241
f 2163 8303 2943
f 6360 2240 8304
f 1633 212 8305
f 8305 1247 1633
f 8305 2846 1247
f 6578 2846 8305
f 8038 6578 8305
f 939 1594 8306
f 8306 1594 7199
f 1852 917 8307
f 8307 2870 3350
f 1852 8307 4558
f 4558 8307 3350
f 917 5075 8307
f 8307 5075 2870
f 8308 2843 2459
f 5042 8308 1632
f 2843 8308 5042
f 1632 8308 5295
f 5295 8308 2459
f 8309 1629 634
f 1629 8309 7441
f 7441 8309 4655
f 7643 8309 634
f 4655 8309 7643
f 4147 8310 4045
f 8310 4147 7233
f 8311 5114 1342
f 5500 5114 8311
f 8311 5659 5500
f 8175 8311 1342
f 5659 8311 8175
f 2650 8312 1394
f 8312 2712 1394
f 2101 8313 3684
f 8313 5211 6310
f 2101 7236 8313
f 7236 5211 8313
f 8314 1563 3466
f 3851 8314 1043
f 1563 8314 3851
f 8314 6236 1043
f 3466 6236 8314
f 8315 2739 3776
f 8315 4848 3054
f 7239 2739 8315
f 3054 7239 8315
f 3776 7586 8315
f 7586 4848 8315
f 8316 3137 2507
f 8316 3656 3137
f 8316 1122 4503
f 1122 8316 4820
f 4820 8316 2507
f 5140 8316 4503
f 7640 3656 8316
f 5140 7640 8316
f 2661 2466 8317
f 8317 3997 7543
f 2466 7611 8317
f 8317 7611 3997
f 8318 1628 4440
f 4897 1628 8318
f 8318 2481 5040
f 5040 4897 8318
f 5766 2481 8318
f 4440 5766 8318
f 5711 8319 734
f 4375 8319 5711
f 7053 8319 4375
f 5271 8320 4155
f 5331 4164 8320
f 5271 5331 8320
f 5123 8320 7245
f 4155 8320 7248
f 8320 5123 7248
f 8320 4164 7894
f 7245 8320 7894
f 1410 8321 2942
f 8321 2014 2942
f 2014 8321 3074
f 89 8322 604
f 3187 2647 8322
f 8322 7725 604
f 8322 2647 7725
f 8279 8322 89
f 8279 3187 8322
f 1751 1125 8323
f 568 8323 2473
f 8323 1125 2473
f 6461 8323 568
f 8323 6461 1751
f 973 862 8324
f 5014 973 8324
f 8324 6806 5014
f 8324 862 8201
f 939 8325 544
f 1222 8325 55
f 8325 1222 544
f 55 8325 7215
f 8326 6640 2195
f 8326 6770 1757
f 2195 6770 8326
f 8326 7696 6640
f 8327 6954 1972
f 6954 8327 5808
f 5808 8327 7252
f 547 5245 8328
f 8328 5245 6101
f 6101 6016 8328
f 6016 6588 8328
f 3446 4520 8330
f 4732 2896 8330
f 8330 4520 4732
f 8330 2896 7217
f 3446 8330 7217
f 8331 1428 251
f 8331 251 3412
f 2331 8331 8059
f 8059 8331 3412
f 3787 3194 8332
f 3194 4400 8332
f 3787 8332 7098
f 8333 2152 2530
f 5042 2152 8333
f 8333 4483 5042
f 8203 8333 2530
f 4483 8333 8203
f 1180 2483 8334
f 2483 6470 8334
f 8334 6470 2825
f 8334 2825 6795
f 8335 3221 575
f 4851 8335 575
f 4278 26 8336
f 8336 26 4633
f 6293 4278 8336
f 8336 7373 6293
f 86 8337 2142
f 8337 2055 2142
f 979 4218 8337
f 8337 4218 2055
f 5897 8337 86
f 5897 979 8337
f 3234 8338 1782
f 1782 8338 6856
f 8338 3228 6856
f 8339 507 435
f 3185 8339 435
f 3185 3204 8339
f 8339 4971 507
f 3204 4971 8339
f 624 8340 1774
f 7223 8341 6140
f 8342 5656 1
f 1 8073 8342
f 8342 8073 2542
f 4336 8343 359
f 5726 8343 4336
f 8343 7233 359
f 8343 8310 7233
f 3168 1212 8344
f 8344 146 4965
f 4965 3168 8344
f 8344 1212 6364
f 8120 146 8344
f 6364 8120 8344
f 1518 8345 2594
f 3670 8345 1518
f 4864 8345 3670
f 3905 1431 8346
f 8346 3433 4099
f 3905 8346 4959
f 4959 8346 4099
f 1431 6031 8346
f 8346 6031 3433
f 848 8347 1078
f 2499 8347 848
f 8347 6900 1078
f 8347 7927 6900
f 3129 8348 1362
f 8348 3129 1433
f 1362 8348 6274
f 718 8349 1435
f 1435 8349 5035
f 5035 8349 5436
f 7641 8349 718
f 5436 8349 7641
f 8350 4465 5704
f 6398 8350 1924
f 4465 8350 6398
f 8351 1490 351
f 8351 4009 3771
f 351 5644 8351
f 2463 78 8352
f 8352 78 5968
f 6279 2463 8352
f 6279 8352 6553
f 8352 5968 6702
f 6553 8352 6702
f 3056 8353 761
f 8353 3470 2502
f 3470 8353 3056
f 761 8353 4504
f 4504 8353 2502
f 196 261 8354
f 261 747 8354
f 8354 2197 196
f 6614 2197 8354
f 8355 1503 4039
f 5760 1503 8355
f 8355 1966 7565
f 7565 5760 8355
f 3670 85 8356
f 8356 7925 3670
f 1168 8357 1446
f 8357 1168 1479
f 1446 8357 6664
f 3289 8358 3743
f 3743 8358 4838
f 6373 8358 3289
f 4595 1480 8359
f 6087 6758 8359
f 8359 8286 4595
f 6758 8286 8359
f 5776 5055 8360
f 7246 5776 8360
f 7978 298 8360
f 8360 5055 7978
f 8361 1842 1068
f 1068 5757 8361
f 562 6964 8361
f 6964 1842 8361
f 8361 7502 562
f 5757 7502 8361
f 2921 4704 8362
f 2554 8363 1436
f 8363 3003 1436
f 3402 3003 8363
f 3752 8364 4848
f 421 8364 8297
f 8364 3752 8297
f 8365 548 276
f 8365 6598 5473
f 6970 548 8365
f 5473 6970 8365
f 8366 50 4682
f 1051 8366 4682
f 8366 7094 50
f 5767 7094 8366
f 8367 3237 3157
f 6421 3237 8367
f 6421 8367 3483
f 6491 236 8367
f 236 7617 8367
f 7617 6708 8367
f 3483 8367 8100
f 8367 6708 8100
f 8280 8367 3157
f 8280 6491 8367
f 2330 8369 86
f 3147 1134 8369
f 2330 3147 8369
f 8369 1134 3673
f 86 8369 6164
f 8369 3673 6164
f 309 1164 8370
f 1558 8370 3095
f 1932 8371 6258
f 8371 7348 6258
f 7626 8371 1932
f 3244 1955 8372
f 4884 3244 8372
f 8372 1955 7098
f 7098 8332 8372
f 328 8373 1
f 2528 8373 328
f 8373 3898 1
f 7542 8373 2528
f 3898 8373 7542
f 970 1016 8374
f 8374 3722 3995
f 970 8374 4296
f 4296 8374 3995
f 1016 5901 8374
f 8374 5901 3722
f 1944 8375 735
f 735 8375 4169
f 4169 8375 1967
f 8375 1944 6207
f 1967 8375 6207
f 1394 5300 8376
f 5539 1394 8376
f 8376 2951 5539
f 5778 2951 8376
f 1978 8377 2532
f 8377 7194 2532
f 7194 8377 5042
f 7774 8377 1978
f 8377 7774 5042
f 675 8378 3670
f 3670 8378 3818
f 3818 8378 4921
f 3961 8379 2857
f 8379 3961 5142
f 2857 8379 7258
f 435 507 8380
f 72 3207 8380
f 8380 4870 435
f 3207 4870 8380
f 8380 7783 72
f 507 7783 8380
f 3563 8381 950
f 950 8381 5786
f 8381 6186 5786
f 8381 3563 7929
f 6186 8381 7929
f 8382 1014 1972
f 7961 8382 1972
f 8382 7961 7286
f 8383 4684 5774
f 7287 4684 8383
f 942 8383 7591
f 8383 5774 7591
f 2534 8384 1379
f 8384 5346 1379
f 5346 8384 4250
f 8385 2074 907
f 8385 907 7923
f 8386 290 6277
f 4792 8386 6277
f 8386 4792 6326
f 8386 6829 290
f 6829 8386 6326
f 1243 2609 8387
f 335 2751 8387
f 8387 2751 1243
f 2772 335 8387
f 2609 7835 8387
f 8387 7835 2772
f 8388 5123 7245
f 7198 8388 7298
f 8388 7245 7298
f 8261 5123 8388
f 8261 8388 7198
f 8389 175 7012
f 8389 7982 6981
f 1474 1236 8390
f 1787 1474 8390
f 8390 3511 1787
f 6252 3511 8390
f 8390 1236 8161
f 8161 6252 8390
f 1636 8391 239
f 239 8391 1887
f 8391 2937 1887
f 8392 2812 1750
f 8392 1750 3556
f 7781 8392 3556
f 4467 8392 7781
f 8393 4038 2822
f 8393 2991 4038
f 5858 8393 2822
f 4368 8393 5858
f 7304 2991 8393
f 4368 7304 8393
f 5266 8394 3757
f 2961 8394 5553
f 8394 5266 5553
f 8394 2961 6878
f 3757 8394 6878
f 5035 8395 5041
f 8395 6126 1519
f 6126 8395 5035
f 7638 8395 1519
f 5041 8395 7638
f 939 5697 8396
f 8396 5978 939
f 5978 8396 4911
f 4911 8396 7305
f 8396 5697 7305
f 3211 4717 8397
f 4717 3815 8397
f 3211 8397 6858
f 8397 3815 7451
f 6858 8397 7451
f 5139 8398 559
f 762 8398 5139
f 8399 3243 6083
f 8399 6083 5787
f 3695 8399 7722
f 7803 3243 8399
f 7803 8399 3695
f 8399 5787 8092
f 8399 8092 7722
f 8400 1286 4702
f 6443 1286 8400
f 6443 8400 4026
f 1050 3788 8401
f 8401 3788 1608
f 8401 1608 5862
f 3420 8401 5862
f 8274 1050 8401
f 8274 8401 3420
f 8402 4721 2402
f 2478 4721 8402
f 8402 6094 2128
f 8402 2402 6094
f 125 8403 6134
f 6134 8403 4639
f 4639 8403 6919
f 4265 908 8404
f 8404 1733 4265
f 90 5815 8404
f 5815 1733 8404
f 8404 6192 90
f 908 6192 8404
f 8405 2668 1638
f 8405 1638 3824
f 2692 8405 3824
f 5680 8405 2692
f 179 4421 8406
f 8406 4421 8169
f 8170 179 8406
f 4378 8407 2406
f 8407 5442 2406
f 1056 7544 8407
f 8407 7544 5442
f 7582 1056 8407
f 7582 8407 4378
f 8408 388 290
f 290 5089 8408
f 8408 5089 6965
f 3640 308 8409
f 8409 4560 3640
f 6953 4560 8409
f 7219 6953 8409
f 8410 6385 1972
f 6385 8410 5272
f 5272 8410 7314
f 8171 8410 1972
f 8410 8171 7314
f 5763 8411 4280
f 8411 536 6967
f 4280 8411 6967
f 8412 2646 1871
f 2980 2646 8412
f 1871 4726 8412
f 4726 4853 8412
f 240 316 8413
f 8413 3720 1278
f 316 5184 8413
f 8413 5184 3720
f 1108 4922 8414
f 8414 4922 5822
f 5168 8414 5822
f 7737 1108 8414
f 7737 8414 5168
f 740 8415 2605
f 8415 4381 2605
f 4381 8415 5042
f 6603 8415 740
f 8415 6603 5042
f 8416 2190 4076
f 1499 4798 8416
f 8416 4798 2190
f 5088 1499 8416
f 8417 4730 1057
f 8417 1057 4772
f 8417 4772 5240
f 8417 5851 4730
f 6644 8417 5240
f 6644 5851 8417
f 3994 8418 1511
f 2728 8418 5773
f 8418 4056 5773
f 8418 7234 1511
f 2619 7234 8418
f 2120 785 8419
f 785 2985 8419
f 8419 2985 3362
f 3362 6063 8419
f 8420 1502 635
f 4341 8420 1949
f 1949 8420 7045
f 7562 8420 635
f 8420 7562 7045
f 8420 7613 1502
f 7613 8420 4341
f 8421 4241 3296
f 8421 5629 1229
f 8421 3296 5629
f 8421 1229 5923
f 4241 8421 5923
f 3809 8422 2511
f 5832 6274 8422
f 357 8423 4002
f 4002 8423 2728
f 4812 8423 357
f 2728 8423 8418
f 8423 4812 8418
f 8424 3163 1908
f 1908 3297 8424
f 4614 3163 8424
f 3319 4614 8424
f 3297 7684 8424
f 8424 7684 3319
f 8425 629 3838
f 2582 5834 8425
f 2582 8425 6158
f 6158 8425 3838
f 8425 7559 629
f 5834 7559 8425
f 8426 2910 3801
f 2910 8426 3970
f 2130 5170 8427
f 5392 2130 8427
f 8427 2779 5392
f 5880 2779 8427
f 8428 6392 6721
f 6392 8428 7438
f 8429 182 3945
f 3945 829 8429
f 8429 829 6979
f 182 8429 8265
f 8265 8429 6979
f 4359 8430 5837
f 7002 8430 4359
f 8430 7848 5837
f 2275 1510 8431
f 1510 5238 8431
f 8431 5238 2652
f 8431 7051 2275
f 2652 7885 8431
f 7885 7051 8431
f 1512 1650 8432
f 4070 1512 8432
f 4070 8432 5260
f 5260 8432 5837
f 8433 716 3557
f 4496 8433 3557
f 8433 5119 716
f 3255 5119 8433
f 6656 3255 8433
f 6656 8433 4496
f 4460 2546 8434
f 8434 5548 1880
f 2546 5548 8434
f 8434 6654 4460
f 4575 8435 3058
f 3058 8435 6945
f 8435 5688 6945
f 8436 879 2586
f 8219 8436 2586
f 4537 8436 8219
f 1987 1768 8437
f 8437 1122 2588
f 3427 8437 2588
f 1122 8437 7293
f 5030 8438 3928
f 5142 8438 5030
f 5254 8438 5142
f 3928 8438 7294
f 8438 5254 7294
f 3760 8439 5789
f 1567 8440 3971
f 8440 4145 5218
f 3971 8440 5393
f 8440 5218 5393
f 1567 7332 8440
f 7332 4145 8440
f 3664 4713 8441
f 3664 8441 6796
f 8442 4144 5215
f 5610 15 8442
f 5215 5610 8442
f 7333 4144 8442
f 8442 15 7724
f 7724 7333 8442
f 997 736 8443
f 4506 997 8443
f 8443 3384 4506
f 8443 736 8128
f 8443 8128 3384
f 6053 8444 290
f 8444 6088 290
f 6088 8444 4552
f 4552 8444 6953
f 8444 6053 6953
f 1335 6406 8445
f 1335 8445 7306
f 6406 7306 8445
f 2670 8446 4875
f 4875 8446 2702
f 2702 8446 6272
f 4715 1571 8447
f 8447 1571 5308
f 5684 3017 8447
f 5308 5684 8447
f 8447 3017 7857
f 7857 4715 8447
f 1704 8448 1770
f 8448 6282 4720
f 1704 6737 8448
f 6737 6282 8448
f 1173 8449 1999
f 1173 4716 8449
f 8449 4716 3029
f 1999 8449 6778
f 8449 3029 6816
f 6410 8451 5364
f 5364 8451 7359
f 8451 7645 7359
f 8452 4404 5889
f 847 8452 7771
f 7771 8452 5889
f 7929 8452 847
f 4404 8452 7929
f 8453 2470 5779
f 8453 8275 2470
f 4762 8275 8453
f 116 8454 1565
f 8454 2399 1565
f 7085 8454 116
f 2399 8454 7273
f 8454 7085 7273
f 1457 8456 321
f 321 8456 7307
f 8456 4786 7307
f 8457 1726 1568
f 5176 8457 1568
f 2599 8457 5176
f 4809 8458 631
f 3511 8458 5854
f 8458 6131 631
f 6131 8458 3511
f 6752 8458 4809
f 8458 6752 5854
f 1 8459 5882
f 5882 8459 3688
f 8459 1 6023
f 3688 8459 6278
f 8459 6023 6278
f 6699 8460 5157
f 8460 3406 7000
f 5157 8460 7000
f 3406 8460 7182
f 8460 6699 7182
f 4782 8461 732
f 3857 8461 4782
f 8461 3857 7001
f 8462 4656 5703
f 3911 8462 5814
f 8462 5703 5814
f 8462 7336 4656
f 8289 8462 3911
f 8289 7336 8462
f 1973 8463 852
f 8463 1973 939
f 2966 8463 939
f 852 8463 7309
f 8463 2966 7309
f 2716 8464 4701
f 8464 2716 7337
f 7652 8464 7337
f 14 377 8465
f 8465 1482 14
f 377 4748 8465
f 8465 4748 3216
f 6122 1482 8465
f 3216 6122 8465
f 2600 2820 8466
f 1527 1360 8467
f 3146 1527 8467
f 3146 8467 1668
f 1668 8467 6735
f 8467 1360 8242
f 8467 8242 6735
f 2566 6 8468
f 8468 6 5951
f 5951 1180 8468
f 6795 2566 8468
f 1180 8334 8468
f 8468 8334 6795
f 200 2567 8469
f 8469 4840 1180
f 2567 4840 8469
f 8469 1180 5951
f 200 8469 7935
f 7935 8469 5951
f 8470 1943 775
f 775 6513 8470
f 6513 6432 8470
f 8470 6432 7989
f 1101 2089 8471
f 3869 6269 8471
f 7537 1101 8471
f 8471 6269 7537
f 8472 2603 1735
f 8472 5483 2603
f 7513 8472 1735
f 8472 7513 5483
f 4723 7339 8473
f 8473 855 7376
f 4723 8473 8078
f 8078 8473 7376
f 8474 1007 3213
f 3985 8474 3213
f 4166 8474 3985
f 4166 4770 8474
f 8474 6922 1007
f 4770 6922 8474
f 8475 1193 22
f 5568 2252 8475
f 8475 2252 6503
f 22 6741 8475
f 6741 5568 8475
f 3340 8476 3723
f 6078 8476 1239
f 3723 8476 6078
f 745 8477 6097
f 6097 8477 853
f 8477 6431 853
f 8477 7483 6431
f 2045 8478 1498
f 8478 7629 1498
f 7629 8478 4250
f 2448 1790 8479
f 8479 2935 1169
f 1790 2935 8479
f 8479 3558 2448
f 370 3337 8480
f 3337 839 8480
f 8480 839 5993
f 8480 5993 7404
f 3670 1625 8481
f 8481 2912 3670
f 2912 8481 3971
f 4779 2494 8482
f 3765 4779 8482
f 8482 2494 6225
f 8483 472 7019
f 3424 8484 742
f 8484 3424 2649
f 8484 5690 742
f 8485 5106 1859
f 6437 362 8485
f 8485 1859 6437
f 362 6602 8485
f 8485 6602 5106
f 1051 8486 1514
f 8486 5936 1514
f 3158 5936 8486
f 8036 8486 1051
f 8486 8036 3158
f 8487 219 1352
f 8487 1352 347
f 2660 8487 347
f 2550 8487 2660
f 7350 219 8487
f 2550 7350 8487
f 8488 5944 5429
f 6901 5944 8488
f 7199 6901 8488
f 8488 8306 7199
f 8489 796 4062
f 1615 8489 4062
f 6004 8489 1615
f 796 8489 7234
f 7234 8489 6004
f 2875 3309 8490
f 1244 4620 8490
f 8490 5612 1244
f 3309 5612 8490
f 8490 6341 2875
f 4620 6341 8490
f 1079 422 8491
f 3384 8491 1327
f 8491 422 7808
f 8491 7808 1327
f 8128 1079 8491
f 8128 8491 3384
f 6086 8492 3869
f 8492 6086 4701
f 3869 8492 6269
f 4701 8163 8492
f 8492 8163 6269
f 597 4 8493
f 5 5849 8493
f 4 7147 8493
f 8493 7147 5
f 8493 7497 597
f 5849 7497 8493
f 134 8494 3859
f 8494 2629 3859
f 8494 134 6070
f 8494 7872 2629
f 7872 8494 6070
f 2662 8495 1751
f 3026 8495 2662
f 8495 7310 1751
f 2288 3075 8496
f 404 3802 8496
f 8496 3802 2288
f 4668 404 8496
f 4668 8496 2793
f 8497 915 860
f 1408 1134 8497
f 8497 3147 915
f 1134 3147 8497
f 8106 8497 860
f 1408 8497 8106
f 3715 8498 4563
f 5469 8498 3957
f 8498 5469 4563
f 8498 3715 7036
f 3957 8498 7036
f 4086 8499 358
f 358 8499 4844
f 8499 1128 4844
f 1128 8499 7397
f 7397 8499 4086
f 3670 8500 4767
f 3586 8500 8297
f 8297 8500 3670
f 3164 8501 8226
f 8501 7341 8226
f 8502 4082 5898
f 5512 8502 5898
f 6304 4082 8502
f 6304 8502 6762
f 5512 8105 8502
f 8502 8105 6762
f 383 5526 8503
f 8503 5526 4014
f 5716 383 8503
f 8503 1779 5716
f 6856 1779 8503
f 4014 6856 8503
f 1002 27 8504
f 27 1099 8504
f 8504 4142 1002
f 7294 4142 8504
f 2410 8505 1300
f 8505 2410 4702
f 4702 4345 8505
f 1300 8505 7342
f 8505 4345 7342
f 4701 4098 8506
f 8506 4098 6285
f 6824 8506 6285
f 3640 8507 3278
f 8507 6965 3278
f 7951 388 8507
f 7951 8507 3640
f 388 8408 8507
f 8507 8408 6965
f 4563 1059 8508
f 8508 1096 4563
f 8508 1059 7050
f 4453 34 8509
f 8510 1948 4083
f 4674 8510 4083
f 8510 5647 1948
f 5056 8511 3958
f 3958 8511 7371
f 8511 4211 7371
f 8512 1714 4213
f 8512 4213 3883
f 4622 8512 3883
f 5971 1714 8512
f 7630 8512 4622
f 7630 5971 8512
f 37 3612 8513
f 8513 3612 2491
f 8513 2491 4799
f 3784 8513 4799
f 7998 37 8513
f 7998 8513 3784
f 2980 8514 2646
f 8514 6616 2646
f 8515 5781 3056
f 8515 8149 2690
f 8149 8515 3056
f 7326 4816 8516
f 8517 6074 631
f 6074 8517 4539
f 8517 679 7055
f 4539 8517 7055
f 1506 8518 5206
f 8518 4109 5206
f 6679 8518 1506
f 4109 8518 6679
f 3245 43 8519
f 655 6643 8519
f 8519 6643 3245
f 7875 655 8519
f 8520 2696 3670
f 2696 8520 3770
f 3613 8521 1424
f 1424 8521 6322
f 8521 3388 6322
f 3388 8521 7230
f 7230 8521 3613
f 3239 8522 4819
f 8522 6924 3223
f 6924 8522 3239
f 3223 7439 8522
f 4819 8522 7439
f 437 8523 605
f 437 4821 8523
f 4821 5798 8523
f 605 8523 7218
f 923 8524 3583
f 3583 8524 1551
f 8524 923 3690
f 1551 8524 4964
f 6150 8524 3690
f 4964 8524 6150
f 8525 2165 2301
f 4430 4823 8525
f 6836 8525 2301
f 4430 8525 6836
f 8525 8004 2165
f 4823 8004 8525
f 412 8526 1319
f 8526 949 1319
f 8526 412 5910
f 8526 5910 1155
f 1155 7378 8526
f 46 2883 8527
f 8527 2883 1824
f 3328 46 8527
f 8527 1912 3328
f 1824 4998 8527
f 4998 1912 8527
f 8528 2873 1776
f 1776 4200 8528
f 8528 4604 3203
f 4200 4604 8528
f 2767 8529 2699
f 8529 3098 2699
f 8530 5154 1849
f 4017 5154 8530
f 6947 4017 8530
f 8530 5876 6947
f 1849 7383 8530
f 7383 5876 8530
f 3559 8531 4100
f 8531 5793 4100
f 7566 5793 8531
f 7973 8531 3559
f 7973 7566 8531
f 8 2474 8532
f 8532 2474 1402
f 3166 8 8532
f 3166 8532 2415
f 8532 1402 6804
f 2415 8532 6804
f 211 537 8533
f 8533 623 896
f 8533 32 1235
f 1605 1642 8533
f 1653 211 8533
f 1718 1889 8533
f 8533 537 2369
f 8533 1335 2427
f 2200 8533 2427
f 2514 1217 8533
f 2709 905 8533
f 2263 2818 8533
f 2855 1763 8533
f 16 2856 8533
f 8533 2856 1903
f 2890 1607 8533
f 2617 2919 8533
f 8533 3024 1521
f 8533 1006 3114
f 2353 3130 8533
f 8533 3130 2514
f 624 3322 8533
f 1469 3359 8533
f 8533 1642 3442
f 730 3582 8533
f 3617 2769 8533
f 3820 8533 3007
f 3868 1742 8533
f 549 3874 8533
f 3934 147 8533
f 3934 8533 1521
f 4041 1605 8533
f 2293 4442 8533
f 4442 4472 8533
f 4612 4173 8533
f 2364 4677 8533
f 8533 4677 3007
f 8533 4701 3231
f 3177 4738 8533
f 3608 4739 8533
f 8533 4750 380
f 2769 4750 8533
f 3359 4776 8533
f 180 4802 8533
f 8533 4802 1653
f 4808 32 8533
f 4886 773 8533
f 896 4886 8533
f 576 4979 8533
f 96 4981 8533
f 4981 395 8533
f 5060 3868 8533
f 8533 5159 96
f 1186 5159 8533
f 4173 5199 8533
f 8533 773 5226
f 2369 5234 8533
f 4403 8533 5388
f 8533 4738 5388
f 8533 395 5414
f 5414 576 8533
f 8533 1763 5489
f 5489 4808 8533
f 5524 2709 8533
f 5226 5603 8533
f 5934 623 8533
f 4739 5966 8533
f 3442 6056 8533
f 6291 5450 8533
f 1607 6315 8533
f 6406 3299 8533
f 6406 8533 4403
f 3299 6504 8533
f 6510 8533 2200
f 4701 8533 6510
f 8533 1299 6555
f 6555 3263 8533
f 6561 2056 8533
f 3114 6561 8533
f 8533 6685 3608
f 5767 6685 8533
f 6715 180 8533
f 8533 4776 6715
f 2131 6855 8533
f 8533 6855 3617
f 8533 1742 6928
f 8533 6928 4612
f 6999 2263 8533
f 7005 2617 8533
f 8533 5450 7005
f 7094 5767 8533
f 7273 2855 8533
f 8533 6504 7273
f 3231 7348 8533
f 219 7350 8533
f 7350 1469 8533
f 7428 1186 8533
f 8533 5199 7428
f 7679 730 8533
f 8533 4321 7679
f 5502 7729 8533
f 8533 7729 7094
f 5128 7740 8533
f 8533 7740 6999
f 7755 2131 8533
f 7755 8533 3764
f 8533 3582 7818
f 7818 5502 8533
f 7833 1299 8533
f 8533 7886 3177
f 5603 7886 8533
f 8533 2818 8063
f 8063 7833 8533
f 8533 13 8205
f 8205 6291 8533
f 8533 6827 8329
f 8533 8340 624
f 7745 8340 8533
f 8534 1198 3534
f 5078 8534 1670
f 6232 1198 8534
f 5078 6232 8534
f 381 4831 8535
f 4831 4042 8535
f 8535 4042 7688
f 8536 6050 2736
f 7310 8536 3844
f 6050 8536 7310
f 7490 8536 2736
f 3844 8536 7490
f 52 6137 8537
f 8537 6137 5046
f 326 8537 6176
f 8537 5046 6176
f 8538 6030 4547
f 7035 6030 8538
f 4547 7417 8538
f 7417 7016 8538
f 8538 7016 8014
f 8014 7035 8538
f 832 8539 4141
f 5223 8539 832
f 1335 8539 5223
f 7249 8539 1335
f 8539 7249 4141
f 4261 8540 2793
f 8540 423 7034
f 2793 8540 7034
f 8541 1324 1759
f 8541 5006 1324
f 8541 2632 5006
f 628 8541 5338
f 5338 8541 1759
f 628 7756 8541
f 8541 7756 2632
f 8542 6199 5373
f 7232 8542 6165
f 8542 7232 6199
f 8542 5373 7664
f 8542 7664 6165
f 5846 1135 8543
f 8543 7118 5846
f 7148 7118 8543
f 8544 201 3946
f 4839 201 8544
f 698 4839 8544
f 6858 698 8544
f 8544 3946 6858
f 8545 3572 1043
f 1919 3572 8545
f 1043 6236 8545
f 6236 5695 8545
f 7985 1919 8545
f 8545 5695 7985
f 8546 4005 15
f 4005 8546 5156
f 5156 8546 4508
f 5610 8546 15
f 4508 8546 5610
f 8547 6292 394
f 4853 6292 8547
f 8547 2980 8412
f 8412 4853 8547
f 8548 3175 5929
f 8548 1760 7929
f 7929 3175 8548
f 1425 8549 248
f 8549 1425 4701
f 2479 8549 4701
f 248 8549 7367
f 8549 2479 7367
f 1972 7540 8550
f 8550 7540 7368
f 8028 8550 7368
f 4474 3852 8551
f 7034 423 8551
f 8551 3852 7034
f 7666 4474 8551
f 4135 74 8552
f 8552 5183 4135
f 4191 5183 8552
f 6646 4191 8552
f 74 7668 8552
f 8552 7668 6646
f 2122 8553 1534
f 333 8553 2725
f 8553 2122 2725
f 6221 8553 333
f 1534 8553 6221
f 2013 8554 4123
f 6391 8554 2013
f 5647 8554 6391
f 8554 7037 4123
f 7037 8554 5647
f 1905 8555 743
f 743 8555 7403
f 8555 6514 7403
f 1514 5936 8556
f 8556 1195 6216
f 8556 8160 1195
f 5936 8160 8556
f 2491 75 8557
f 2491 8557 3549
f 75 8003 8557
f 8557 8003 6927
f 80 5026 8558
f 8558 5026 3925
f 5298 80 8558
f 5298 8558 4893
f 8558 3925 5449
f 4893 8558 5449
f 8559 2241 4165
f 7276 2158 8559
f 7276 8559 4165
f 8559 2158 7763
f 2241 8559 7763
f 5109 8560 4023
f 1061 8560 7136
f 8560 5109 7136
f 7374 8560 1061
f 4023 8560 7374
f 1956 6218 8561
f 6218 4343 8561
f 8561 6691 3744
f 8561 4343 6691
f 1956 8561 6743
f 6743 8561 3744
f 465 135 8562
f 6116 465 8562
f 8562 135 8226
f 8226 7341 8562
f 8563 2766 1542
f 4127 8563 1542
f 1591 8563 4127
f 8563 1591 4702
f 2766 8563 4702
f 797 8564 1335
f 4130 8564 797
f 3354 8564 4130
f 1335 8564 7714
f 7714 8564 3354
f 8565 4317 3763
f 8565 1626 6961
f 8565 6961 4317
f 7331 8565 3763
f 8565 7570 1626
f 7331 7570 8565
f 2663 47 8566
f 2663 8566 2913
f 2913 8566 3773
f 47 4873 8566
f 8566 4873 3773
f 271 8567 7
f 4833 3941 8568
f 5243 8568 1137
f 6094 4833 8568
f 6094 8568 5243
f 8568 7682 1137
f 8568 3941 7682
f 8569 2008 1628
f 4702 2008 8569
f 8569 2322 4702
f 4897 8569 1628
f 2322 8569 4897
f 4837 2325 8570
f 2470 4837 8570
f 5779 2470 8570
f 8570 2325 6012
f 6012 5779 8570
f 235 8571 939
f 8571 5227 939
f 5227 8571 4119
f 7418 8571 235
f 4119 8571 7418
f 3777 4880 8572
f 4880 4762 8572
f 8572 5779 3777
f 8572 4762 8453
f 8572 8453 5779
f 13 8573 2669
f 2669 8573 1667
f 8573 2932 1667
f 8573 13 8533
f 2932 8573 8533
f 4817 8574 4181
f 5950 8574 1335
f 8574 5950 4181
f 8575 1090 4796
f 8575 4796 3701
f 4842 1090 8575
f 6950 4842 8575
f 8576 4478 3379
f 8576 4553 1639
f 4553 8576 3379
f 7111 8576 1639
f 4478 8576 7111
f 8577 6102 7423
f 8455 8577 7423
f 8578 3272 735
f 3272 8578 1041
f 735 4680 8578
f 1041 8578 6350
f 8578 4680 6350
f 3075 454 8579
f 8579 454 4261
f 8579 4261 2793
f 2793 8496 8579
f 8496 3075 8579
f 65 1138 8580
f 4303 65 8580
f 4303 8580 1932
f 8581 5921 6120
f 486 7389 8581
f 8581 7389 5921
f 8582 1054 4052
f 8582 6962 1054
f 4889 6962 8582
f 7393 8582 4052
f 1962 2110 8583
f 4769 1962 8583
f 99 5899 8583
f 8583 5899 4769
f 8584 3351 708
f 1645 3351 8584
f 4128 1645 8584
f 8584 708 6786
f 4128 8584 7448
f 7448 8584 6786
f 8585 7041 1137
f 4890 7041 8585
f 1137 7682 8585
f 7682 2767 8585
f 8585 2767 8031
f 8031 4890 8585
f 105 3432 8586
f 8586 3432 2308
f 6500 8586 2308
f 8368 105 8586
f 8368 8586 6500
f 220 106 8587
f 106 1341 8587
f 8587 1341 175
f 220 8587 6981
f 8587 175 8389
f 6981 8587 8389
f 8588 1268 1335
f 4702 8588 1335
f 8588 5203 4159
f 5203 8588 4702
f 1268 8588 6415
f 6415 8588 4159
f 8589 4050 1464
f 1650 4050 8589
f 8589 1464 4359
f 5837 8589 4359
f 8432 1650 8589
f 8432 8589 5837
f 2726 332 8590
f 3396 2561 8590
f 8590 2561 3607
f 3607 2726 8590
f 8590 332 6264
f 6264 3396 8590
f 2242 5966 8591
f 5966 4739 8591
f 8591 4739 7323
f 7323 6617 8591
f 8592 2058 1614
f 633 8592 3229
f 3229 8592 1614
f 8592 633 5035
f 5035 2058 8592
f 2916 8593 1844
f 8593 2916 5142
f 5142 5135 8593
f 1844 8593 7407
f 8593 5135 7407
f 946 501 8594
f 8594 4049 946
f 8594 7634 4049
f 5622 8595 4937
f 4929 8596 6359
f 7137 8596 4929
f 8597 2972 2032
f 8597 1323 3877
f 5082 2972 8597
f 3877 5082 8597
f 6013 1323 8597
f 2032 6013 8597
f 789 2004 8598
f 2004 5400 8598
f 2956 7434 8598
f 8598 7815 2956
f 8598 5400 7815
f 4465 8599 1860
f 8599 1024 5945
f 1860 8599 5945
f 1024 8599 6398
f 8599 4465 6398
f 118 685 8600
f 2625 118 8600
f 2625 8600 7597
f 7597 8600 5492
f 134 3859 8601
f 4941 134 8601
f 8601 3859 5500
f 880 1927 8602
f 3362 880 8602
f 8602 972 3362
f 6223 972 8602
f 8602 1927 7855
f 7855 6223 8602
f 8603 3938 1764
f 4610 8603 1764
f 472 5455 8603
f 8603 5455 3938
f 7019 472 8603
f 7019 8603 4610
f 1171 8604 2
f 8604 1171 5142
f 2 8604 7442
f 1712 8605 515
f 515 8605 7415
f 8605 1889 7415
f 8605 1712 8533
f 8533 1889 8605
f 8606 3374 7436
f 4900 8606 7436
f 7528 4874 8606
f 4900 7528 8606
f 1258 1501 8607
f 8009 1258 8607
f 8009 8607 4731
f 869 974 8608
f 2741 8608 1221
f 8608 2741 2691
f 8608 2798 869
f 974 3116 8608
f 3560 8608 2691
f 4019 3044 8608
f 8608 3044 4563
f 4563 5149 8608
f 6840 2798 8608
f 3560 6840 8608
f 1221 8608 7122
f 8608 5149 7122
f 8608 3116 7261
f 7261 4019 8608
f 5123 8609 3403
f 8609 6046 3403
f 6046 8609 4940
f 4940 8609 7443
f 126 3141 8610
f 8610 3141 2040
f 2040 5105 8610
f 6987 126 8610
f 8611 488 2742
f 1034 8611 2742
f 5696 488 8611
f 6906 8611 1034
f 8611 6906 5696
f 93 8612 6056
f 3637 8612 6314
f 8612 3637 6827
f 7366 8612 93
f 6314 8612 7366
f 6056 8612 8533
f 8533 8612 6827
f 8613 4220 2386
f 8613 4711 4220
f 6753 8613 2386
f 1254 3310 8614
f 1453 3461 8614
f 8614 5647 1254
f 8614 3461 5647
f 8614 7092 1453
f 3310 7092 8614
f 94 1462 8615
f 8615 1462 282
f 282 2036 8615
f 2036 1707 8615
f 6636 94 8615
f 8615 1707 6636
f 1177 8616 9
f 9 8616 7421
f 8616 5913 7421
f 8617 3075 2288
f 522 4623 8617
f 8617 4623 3075
f 4872 8617 2288
f 5407 522 8617
f 5407 8617 4872
f 132 3079 8618
f 8618 3079 1969
f 935 8618 4244
f 8618 1969 4244
f 5408 132 8618
f 5408 8618 935
f 8619 1174 1423
f 5245 8619 1423
f 2894 8619 5245
f 1174 8619 6988
f 6988 8619 2894
f 5990 5167 8620
f 5 8620 6586
f 7147 8620 5
f 7147 5990 8620
f 8620 5167 7736
f 8620 7736 6586
f 779 8621 1
f 2787 8621 779
f 8621 5798 1
f 3893 96 8622
f 3893 8622 583
f 583 8622 4055
f 96 5159 8622
f 8622 5159 4055
f 2680 3465 8623
f 2680 8623 3588
f 8623 7379 3008
f 3465 7379 8623
f 8624 2257 4605
f 6246 2257 8624
f 3892 6246 8624
f 4605 7681 8624
f 8625 3788 735
f 3788 8625 1608
f 735 3919 8625
f 1608 8625 6383
f 8625 3919 6383
f 1106 370 8626
f 3468 4328 8626
f 7404 3468 8626
f 370 8480 8626
f 8626 8480 7404
f 492 2471 8627
f 8627 2471 930
f 5826 492 8627
f 8627 5762 5826
f 1464 3451 8628
f 4359 1464 8628
f 6883 1683 8628
f 8628 3451 6883
f 1683 7002 8628
f 8628 7002 4359
f 1182 531 8629
f 1182 8629 2489
f 2489 8629 3974
f 8629 2513 3974
f 5356 2513 8629
f 531 6839 8629
f 8629 6839 5356
f 108 8630 6583
f 8630 5681 6583
f 108 6866 8630
f 6866 5789 8630
f 1337 8631 2532
f 8631 3422 2532
f 5513 8631 1337
f 5513 4933 8631
f 8632 6769 2529
f 6769 8632 5258
f 6838 8632 2529
f 5258 8632 7140
f 8632 6838 7140
f 8633 2903 262
f 8633 1687 2903
f 6607 1687 8633
f 6607 8633 3982
f 5204 8634 3606
f 3606 8634 5347
f 5204 6005 8634
f 6005 6784 8634
f 147 3934 8635
f 8635 3934 2835
f 7635 147 8635
f 8635 2835 7651
f 7635 8635 7651
f 4698 8636 4352
f 4352 8636 6897
f 5729 6897 8636
f 8636 4698 7478
f 5729 8636 7478
f 4904 3056 8637
f 8637 3056 6778
f 6778 8449 8637
f 8449 6816 8637
f 8638 2924 4239
f 2924 8638 7234
f 7234 8638 3907
f 8639 3051 119
f 3051 8639 3289
f 3289 8639 4654
f 5702 8639 119
f 4654 8639 5702
f 1695 590 8640
f 4076 1695 8640
f 8640 590 7527
f 7527 5088 8640
f 8640 8416 4076
f 5088 8416 8640
f 7682 8641 2767
f 3941 8641 7682
f 8641 8529 2767
f 8642 1699 1389
f 6635 1699 8642
f 8642 8165 6635
f 8642 1389 8304
f 1064 4871 8643
f 8643 1827 5487
f 1064 8643 5679
f 5679 8643 5487
f 8643 7614 1827
f 4871 7614 8643
f 4082 8644 1504
f 8644 955 6022
f 1504 8644 6022
f 955 8644 6304
f 8644 4082 6304
f 156 8645 3954
f 244 3954 8645
f 4949 244 8645
f 7433 8645 156
f 4949 8645 7433
f 1528 8646 2781
f 8646 6589 2781
f 4701 6589 8646
f 7312 8646 1528
f 7312 4701 8646
f 4011 8647 2889
f 8647 4011 4989
f 4989 6750 8647
f 2889 8647 7498
f 8647 6750 7498
f 3264 8648 1811
f 5553 8648 3264
f 1811 8648 7161
f 7620 8648 5553
f 8648 7620 7161
f 3383 8649 133
f 2293 8649 3383
f 8649 5234 133
f 8533 8649 2293
f 5234 8649 8533
f 8650 3909 1264
f 4818 3909 8650
f 1264 4954 8650
f 4954 1580 8650
f 8650 1580 5230
f 5230 4818 8650
f 4636 8651 440
f 8651 4636 7462
f 7616 8651 7462
f 3498 1202 8652
f 8652 1202 6356
f 2080 8652 7533
f 8652 6356 7533
f 493 1727 8653
f 3763 4317 8653
f 8653 5445 493
f 1727 6357 8653
f 8653 6357 3763
f 4317 7550 8653
f 7550 5445 8653
f 3514 8654 897
f 2861 8654 4809
f 4809 8654 3514
f 897 8654 6032
f 8654 2861 6032
f 2235 6239 8655
f 8655 6886 6034
f 6239 6886 8655
f 382 1784 8656
f 742 2925 8656
f 2925 2351 8656
f 4367 910 8656
f 4448 742 8656
f 2820 4448 8656
f 223 4533 8656
f 8656 4533 2860
f 5028 223 8656
f 8656 2657 5028
f 5322 382 8656
f 910 5872 8656
f 8656 5941 1
f 3849 6129 8656
f 8656 5872 6159
f 2860 6642 8656
f 8656 6902 5941
f 6129 6902 8656
f 7014 2657 8656
f 6159 7014 8656
f 8656 7315 5322
f 6642 7315 8656
f 1544 8025 8656
f 8656 2351 8045
f 8466 8656 1
f 2820 8656 8466
f 4775 8657 1113
f 1113 8657 4992
f 548 186 8658
f 548 8658 276
f 276 8658 1169
f 8658 8479 1169
f 8659 4812 4267
f 2619 8659 7733
f 7733 8659 4267
f 8659 2619 8418
f 8418 4812 8659
f 5060 8660 3960
f 8660 3874 7477
f 3960 8660 7477
f 3874 8660 8533
f 8533 8660 5060
f 8661 6113 149
f 6113 8661 1736
f 8661 6154 1736
f 7237 8661 149
f 6154 8661 7237
f 536 1509 8662
f 6967 536 8662
f 8662 2366 6967
f 3486 8663 4235
f 8663 7106 4235
f 7878 8663 3486
f 7106 8663 8188
f 8663 7878 8188
f 2801 1345 8664
f 2801 8664 3526
f 1345 7165 8664
f 3526 8664 7165
f 1771 4939 8665
f 1771 8665 5390
f 4939 5840 8665
f 153 2711 8666
f 8666 2711 1636
f 91 8666 3110
f 8666 1636 3110
f 8667 301 1188
f 1025 8667 1188
f 1025 1283 8667
f 8667 2515 301
f 8667 1283 2515
f 4241 8668 3296
f 3296 8668 4377
f 8668 755 4702
f 4377 8668 4702
f 755 8668 5923
f 5923 8668 4241
f 2869 2398 8669
f 4586 2762 8669
f 2398 6496 8669
f 8669 6496 4586
f 2762 6520 8669
f 8669 6520 2869
f 4780 195 8670
f 4780 8670 5047
f 8670 5741 5047
f 8670 195 6867
f 8670 6867 5741
f 8671 4326 4243
f 2002 8671 7129
f 7129 8671 4243
f 7297 8671 2002
f 4326 8671 7297
f 8672 1034 1755
f 6343 8672 1755
f 6343 4948 8672
f 8672 6906 1034
f 4948 6906 8672
f 8673 970 4296
f 4296 1326 8673
f 1326 5915 8673
f 8673 5915 3738
f 6065 970 8673
f 3738 6065 8673
f 7 8674 165
f 8674 415 165
f 3177 415 8674
f 8567 8674 7
f 8674 8567 3177
f 1863 1328 8675
f 1863 8675 2758
f 2758 8675 3430
f 8675 3662 3430
f 1328 5809 8675
f 8675 5809 3662
f 8676 639 3502
f 1963 8676 3502
f 8676 5643 639
f 5643 8676 3836
f 8677 1536 4122
f 8677 4122 4695
f 4774 8677 4695
f 6062 1536 8677
f 7271 8677 4774
f 7271 6062 8677
f 8678 3214 1755
f 1755 5632 8678
f 5632 4976 8678
f 2778 1127 8679
f 3298 2778 8679
f 8679 3192 3298
f 8679 1127 7071
f 7606 3192 8679
f 7071 7606 8679
f 173 8680 4275
f 4960 4275 8680
f 5791 4908 8680
f 6818 8680 173
f 5791 8680 6818
f 8681 2327 2913
f 205 3411 8681
f 8681 3411 2327
f 7693 205 8681
f 7693 8681 2913
f 1795 8682 2521
f 2898 8682 1393
f 2521 8682 2898
f 1393 8682 7197
f 8682 1795 7197
f 3450 3528 8683
f 8683 5207 776
f 3528 5207 8683
f 776 6286 8683
f 8683 6286 3450
f 8684 5676 6456
f 6904 8684 6456
f 4985 1835 8685
f 8685 1835 5533
f 8685 5533 3709
f 5635 8685 3709
f 7628 4985 8685
f 7628 8685 5635
f 8686 4702 2309
f 4702 8686 4701
f 4746 8686 2309
f 3453 5651 8686
f 8686 5651 4701
f 6458 3453 8686
f 6458 8686 4746
f 2681 218 8687
f 3842 8687 155
f 2681 8687 3842
f 8687 5863 155
f 218 6966 8687
f 8687 6966 5863
f 8688 4637 631
f 4637 8688 3121
f 7131 8688 631
f 3121 8688 7167
f 8688 7131 7167
f 711 8689 4422
f 4422 8689 2819
f 8689 8291 2819
f 5200 8690 2620
f 2620 8690 6117
f 8690 7669 6117
f 183 2423 8691
f 8691 2423 1310
f 8691 1310 3591
f 6431 183 8691
f 2128 4995 8692
f 8692 4995 3389
f 7104 2478 8692
f 8692 3389 7104
f 8692 8402 2128
f 2478 8402 8692
f 2202 1760 8693
f 8693 7431 2202
f 5929 7431 8693
f 1760 8548 8693
f 8693 8548 5929
f 8694 5868 1
f 1 6328 8694
f 8694 6328 2829
f 8695 4022 5104
f 8695 3383 5391
f 5536 3383 8695
f 8695 5104 5575
f 5575 5536 8695
f 7548 4022 8695
f 5391 7548 8695
f 631 8696 1480
f 5288 8696 631
f 8696 5288 6087
f 1480 8696 8359
f 8359 8696 6087
f 1997 8697 1972
f 8697 1997 7555
f 6929 8697 7555
f 1972 8697 7961
f 7961 8697 6929
f 8698 1627 2701
f 8698 5747 2384
f 2701 6486 8698
f 6486 5747 8698
f 7556 1627 8698
f 2384 7556 8698
f 7442 8699 7557
f 7602 8699 5142
f 8699 7602 7557
f 5142 8699 8604
f 8604 8699 7442
f 5847 8700 7183
f 8700 7330 4563
f 7330 8700 5847
f 505 8701 3861
f 8701 3615 3861
f 4148 8701 505
f 4148 621 8701
f 621 5096 8701
f 8701 5096 3615
f 3579 8702 3177
f 8702 3579 7185
f 7459 8702 7185
f 8703 728 7219
f 308 8703 8409
f 8409 8703 7219
f 6024 1895 8704
f 2253 6024 8704
f 8704 1895 7177
f 7177 5009 8704
f 8704 8055 2253
f 5009 8055 8704
f 6552 8705 5024
f 4066 8705 7182
f 7182 8705 6552
f 8705 4066 7190
f 5024 8705 7190
f 8706 4608 159
f 3551 4608 8706
f 159 5752 8706
f 7021 3551 8706
f 236 3552 8707
f 8707 6833 2394
f 3552 6833 8707
f 8707 7617 236
f 7443 8708 7530
f 7898 8708 5123
f 8708 7898 7530
f 8708 8609 5123
f 8609 8708 7443
f 4320 8709 1318
f 1318 8709 4702
f 4702 8709 4377
f 608 8710 5829
f 608 6146 8710
f 6146 3678 8710
f 8710 3678 6208
f 1746 2336 8711
f 254 2545 8711
f 2545 1370 8711
f 5500 254 8711
f 1335 5500 8711
f 1746 8711 6997
f 1370 7906 8711
f 8711 7906 6997
f 8712 1167 2256
f 8712 2256 2594
f 7571 1167 8712
f 3891 7571 8712
f 5051 8713 4599
f 1375 8713 7254
f 7254 8713 5051
f 7397 8713 1375
f 4599 8713 7397
f 206 811 8714
f 2295 206 8714
f 927 8715 4045
f 8715 6283 4045
f 6283 8715 5183
f 7531 8715 927
f 5183 8715 7531
f 162 8716 2850
f 8716 2672 3224
f 8716 3224 2850
f 3885 2672 8716
f 6059 8716 162
f 6059 3885 8716
f 8717 1491 705
f 705 1794 8717
f 1794 847 8717
f 3775 1491 8717
f 8717 847 7771
f 7771 3775 8717
f 6650 8718 6109
f 356 4718 8719
f 4850 356 8719
f 8719 3754 4850
f 8719 4718 6560
f 7578 3754 8719
f 6560 7578 8719
f 1 1414 8720
f 931 8720 2853
f 8720 1414 2853
f 8720 6799 1
f 6799 8720 931
f 219 8721 1352
f 1352 8721 222
f 222 8721 3322
f 8533 8721 219
f 3322 8721 8533
f 185 8722 2824
f 2824 8722 1761
f 8722 2908 1761
f 8722 185 4186
f 4186 2908 8722
f 4734 5027 8723
f 5027 4904 8723
f 8723 5110 4734
f 6816 5110 8723
f 8723 4904 8637
f 8637 6816 8723
f 224 153 8724
f 8198 8724 91
f 8724 8666 91
f 8724 153 8666
f 1569 8725 2345
f 3466 2345 8725
f 1434 8725 3735
f 3735 8725 1569
f 4466 8725 2929
f 4466 3466 8725
f 8725 1434 7866
f 8281 323 8725
f 8281 8725 7866
f 5252 657 8726
f 8726 7388 5252
f 5602 7388 8726
f 7711 5602 8726
f 5591 6166 8727
f 2458 7577 8727
f 8728 2706 2508
f 618 4174 8728
f 8728 4174 2706
f 6085 8728 2508
f 6528 618 8728
f 6528 8728 6085
f 1519 6126 8729
f 6126 4751 8729
f 7328 4131 8729
f 8729 4751 7328
f 8729 8180 1519
f 4131 8180 8729
f 270 482 8730
f 4187 270 8730
f 8730 7423 4187
f 8455 7423 8730
f 841 8731 4582
f 4582 8731 2923
f 8731 841 5042
f 8732 40 1153
f 2754 2416 8732
f 1153 3796 8732
f 3796 2831 8732
f 6239 8732 5200
f 8732 6239 6095
f 2416 7669 8732
f 5200 8732 8690
f 8732 7669 8690
f 8733 6194 5074
f 8733 1669 7290
f 7290 6194 8733
f 1669 8733 7452
f 7452 8733 5074
f 4916 630 8734
f 5354 8734 4457
f 4916 8734 5354
f 8734 6439 4457
f 630 7945 8734
f 8734 7945 6439
f 8735 1373 418
f 2993 1373 8735
f 2993 8735 6285
f 8735 48 6824
f 6285 8735 6824
f 7806 48 8735
f 8735 418 7806
f 5429 5404 8736
f 235 6539 8736
f 8736 6539 5429
f 7418 235 8736
f 598 8737 2670
f 5871 8737 598
f 8737 5871 6525
f 6272 8737 6525
f 8737 8446 2670
f 6272 8446 8737
f 8738 5363 631
f 5363 8738 2745
f 2745 8738 6096
f 6629 8738 631
f 8738 6629 6096
f 8739 679 1397
f 83 2068 8739
f 7055 679 8739
f 8739 2068 7055
f 281 2792 8740
f 8740 2792 1678
f 4665 281 8740
f 8740 1678 5729
f 7478 4665 8740
f 8740 5729 7478
f 238 7189 8741
f 8741 7189 6057
f 7693 8741 6057
f 592 8742 1939
f 1826 4507 8742
f 8742 4507 1939
f 6749 8742 592
f 6749 1826 8742
f 2223 8743 939
f 8743 2223 7572
f 7215 8743 7572
f 8743 8325 939
f 8325 8743 7215
f 284 4686 8744
f 8744 4686 3549
f 3549 8557 8744
f 8557 6927 8744
f 440 8745 569
f 8651 8745 440
f 8745 8651 7616
f 8746 2650 5539
f 6143 3789 8746
f 5539 6143 8746
f 8746 3789 6353
f 5012 287 8747
f 8747 5033 5012
f 287 6214 8747
f 8747 6214 5085
f 8127 5033 8747
f 5085 8127 8747
f 2901 8748 2117
f 8748 2901 2891
f 2117 8748 4444
f 8134 8748 2891
f 4444 8748 8134
f 8749 658 1232
f 8749 1579 253
f 1579 8749 1232
f 1810 8749 253
f 658 8749 1810
f 257 1877 8750
f 8750 1877 744
f 744 6377 8750
f 6377 3983 8750
f 8751 2340 3719
f 6150 3690 8751
f 3719 6150 8751
f 6301 2340 8751
f 8751 3690 6301
f 8752 932 2037
f 1620 8752 3740
f 3740 8752 2037
f 1620 7627 8752
f 8753 30 2902
f 3181 8753 2902
f 8754 4854 636
f 8754 1110 4854
f 5059 1110 8754
f 5382 5059 8754
f 5965 8754 636
f 5382 8754 5965
f 4733 8755 3599
f 3599 8755 7589
f 7708 8756 7592
f 4701 7785 8756
f 8756 7785 7592
f 2801 3966 8757
f 5028 2657 8757
f 3966 5028 8757
f 8757 2657 6369
f 8757 6369 2801
f 8758 4116 265
f 4116 8758 3670
f 3670 8758 7040
f 8076 8758 265
f 7040 8758 8076
f 8759 5902 7246
f 298 8759 8360
f 8360 8759 7246
f 8760 905 266
f 7079 8760 266
f 5934 8760 7079
f 8533 905 8760
f 8760 5934 8533
f 456 8761 5705
f 5705 8761 4107
f 5967 8761 456
f 8761 5967 2915
f 7753 8761 2915
f 4107 8761 7753
f 1275 8762 440
f 8762 6570 440
f 6570 8762 5492
f 8762 1275 7597
f 5492 8762 7597
f 8763 1654 112
f 665 1654 8763
f 3333 665 8763
f 8763 3334 3333
f 112 7488 8763
f 7488 3334 8763
f 681 8764 2203
f 5053 8764 4344
f 5253 8764 681
f 8764 5253 4344
f 556 468 8765
f 468 931 8765
f 8765 6452 556
f 5071 6452 8765
f 8765 931 6532
f 6532 5071 8765
f 8766 3799 114
f 2872 3799 8766
f 6241 2872 8766
f 8766 7549 6241
f 114 8178 8766
f 8178 7549 8766
f 8767 217 670
f 8767 803 607
f 1101 217 8767
f 1258 609 8767
f 8767 418 1373
f 8767 1501 1258
f 8767 342 1743
f 2089 1101 8767
f 8767 1803 2089
f 2093 184 8767
f 8767 602 2321
f 2321 1665 8767
f 8767 2370 1612
f 2496 715 8767
f 8767 2556 2496
f 8767 184 2836
f 2836 475 8767
f 2839 342 8767
f 475 2918 8767
f 8767 2596 2928
f 609 2968 8767
f 715 3089 8767
f 8767 3097 1559
f 1559 3195 8767
f 670 3323 8767
f 3532 2596 8767
f 8767 872 4248
f 4450 818 8767
f 4603 1501 8767
f 1612 4603 8767
f 8767 4754 4973
f 5147 418 8767
f 2928 5147 8767
f 5153 573 8767
f 1373 5153 8767
f 5213 3532 8767
f 5294 713 8767
f 8767 3016 5294
f 4742 5297 8767
f 5299 4742 8767
f 713 5421 8767
f 5605 4754 8767
f 4973 5626 8767
f 8767 818 5676
f 5699 8767 3499
f 5828 3016 8767
f 8767 5421 5928
f 1665 6042 8767
f 6042 2556 8767
f 8767 5297 6079
f 6079 5828 8767
f 6268 872 8767
f 1743 6268 8767
f 4248 6299 8767
f 5626 6338 8767
f 6572 2839 8767
f 8767 6338 6572
f 8767 6604 4609
f 6299 6604 8767
f 3499 8767 6618
f 532 6672 8767
f 8767 6672 6248
f 8767 7137 5213
f 7405 2370 8767
f 5928 7405 8767
f 7429 4350 8767
f 3195 7715 8767
f 8767 7715 5299
f 8767 7741 7429
f 7766 602 8767
f 6248 7766 8767
f 4350 7789 8767
f 8767 7922 6618
f 8767 7026 7922
f 7946 1803 8767
f 8767 3089 7953
f 7953 4450 8767
f 7992 7741 8767
f 8767 2968 8016
f 8016 5605 8767
f 8026 532 8767
f 8767 1135 8026
f 8039 3097 8767
f 5625 8039 8767
f 8258 2093 8767
f 8282 7992 8767
f 8596 7137 8767
f 5676 8684 8767
f 4289 8768 1
f 2958 8768 4289
f 8768 4713 1
f 8441 8768 2958
f 4713 8768 8441
f 2039 6029 8769
f 6029 6105 8769
f 6663 5042 8769
f 8769 6105 6663
f 8769 7820 2039
f 5042 7820 8769
f 631 1364 8770
f 8770 3627 631
f 3627 8770 2083
f 8770 1364 7255
f 2083 8770 7255
f 3585 8771 6172
f 8771 6239 2235
f 6239 8771 3585
f 8772 456 2962
f 686 8772 2962
f 456 8772 5430
f 686 6579 8772
f 6579 5117 8772
f 5117 7110 8772
f 8772 7110 5430
f 6051 8773 3880
f 3880 8773 6622
f 8773 6051 7026
f 8773 7213 6622
f 7026 7213 8773
f 4718 8774 279
f 3631 8774 4718
f 8774 5527 279
f 3085 8775 4666
f 722 6191 8775
f 8775 6191 4666
f 1365 1851 8776
f 1365 8776 2553
f 8776 4435 1832
f 1851 4435 8776
f 8776 1832 7487
f 2553 8776 7487
f 8777 962 4701
f 4701 6585 8777
f 8777 6585 7610
f 2082 8778 541
f 8778 2082 7182
f 5266 8778 7182
f 541 8778 7284
f 8778 5266 7284
f 8779 2501 3580
f 3580 4036 8779
f 4036 6668 8779
f 8779 6668 7500
f 8779 7500 6880
f 7646 2501 8779
f 6880 7646 8779
f 8780 3509 7612
f 6745 8780 7612
f 7828 8780 6745
f 728 4433 8781
f 8781 4433 2938
f 2938 6058 8781
f 6058 4552 8781
f 7219 728 8781
f 8781 4552 7219
f 8782 6600 417
f 6868 8782 417
f 8782 6868 1583
f 1867 8783 336
f 336 8783 7289
f 8783 7253 7289
f 2364 8784 1288
f 1288 8784 7651
f 8784 4979 7651
f 8784 2364 8533
f 8533 4979 8784
f 202 1378 8785
f 8785 1378 4989
f 3182 8785 4989
f 202 8785 7623
f 8785 3182 7623
f 5128 8786 4012
f 4012 8786 7626
f 8786 5128 8533
f 2543 8787 1032
f 1032 8787 7301
f 6073 699 8788
f 3058 6945 8788
f 8788 6945 6073
f 7432 3058 8788
f 2948 2600 8789
f 1 4702 8789
f 4702 3005 8789
f 8789 8466 1
f 2600 8466 8789
f 8790 2056 295
f 8533 2056 8790
f 8790 7745 8533
f 8791 4908 296
f 6036 8791 296
f 6036 4960 8791
f 4908 8791 8680
f 8680 8791 4960
f 2449 8792 4851
f 5058 4640 8792
f 6850 8792 2449
f 6850 5058 8792
f 8792 4640 8335
f 8792 8335 4851
f 111 1395 8793
f 3663 3774 8793
f 6571 111 8793
f 8793 1395 7409
f 7409 3663 8793
f 8794 3377 4935
f 5062 1878 8794
f 4935 5062 8794
f 8794 1878 5583
f 7495 3377 8794
f 5583 7495 8794
f 3564 8795 3605
f 3564 3633 8795
f 8795 6017 1696
f 3633 6017 8795
f 8795 1696 8075
f 3605 8795 8075
f 344 988 8796
f 3766 344 8796
f 3766 8796 8028
f 8797 4397 631
f 4397 8797 1821
f 1821 8797 6235
f 631 8229 8797
f 8797 8229 6235
f 8798 1235 1842
f 6964 8798 1842
f 4321 8798 6964
f 1235 8798 8533
f 8798 4321 8533
f 8799 147 7635
f 147 8799 8533
f 8533 8799 549
f 5459 8800 5141
f 8800 6309 5141
f 5105 348 8801
f 8801 6781 6987
f 348 7854 8801
f 8801 7854 6781
f 5105 8801 8610
f 8610 8801 6987
f 8802 726 1935
f 2522 8802 1935
f 5457 8802 2522
f 5457 7671 8802
f 8803 2534 5592
f 8803 3109 5694
f 5896 2534 8803
f 5694 5896 8803
f 6247 3109 8803
f 5592 6247 8803
f 8804 4064 3197
f 4136 4064 8804
f 3197 6162 8804
f 6162 3847 8804
f 8804 3847 6448
f 6448 4136 8804
f 3973 2802 8805
f 304 5115 8805
f 8805 5115 3973
f 7923 304 8805
f 2802 8385 8805
f 8805 8385 7923
f 2028 508 8806
f 2725 8806 333
f 1242 8806 2725
f 8806 3562 2061
f 2061 3765 8806
f 1242 5117 8806
f 6225 5931 8806
f 686 8806 6579
f 8806 5117 6579
f 5931 6845 8806
f 8806 686 7326
f 7787 2028 8806
f 6845 7840 8806
f 8806 7840 7787
f 3765 8482 8806
f 8806 8482 6225
f 8516 3562 8806
f 7326 8516 8806
f 98 286 8807
f 352 8807 314
f 314 8807 2355
f 8807 2959 2355
f 5601 2959 8807
f 8807 3172 6455
f 6455 5601 8807
f 6266 6565 8807
f 8807 286 7095
f 8068 98 8807
f 8807 6565 8068
f 8224 8807 3801
f 8224 6266 8807
f 311 8808 271
f 8808 8567 271
f 8567 8808 3177
f 1165 717 8809
f 8809 2613 1165
f 717 3361 8809
f 8809 3361 1886
f 8809 1886 4641
f 5821 2613 8809
f 5821 8809 4641
f 8810 262 158
f 158 1916 8810
f 1916 6620 8810
f 8810 6620 3982
f 8633 262 8810
f 3982 8633 8810
f 8811 2738 1917
f 2738 8811 3435
f 8811 2884 3435
f 5520 8811 1917
f 2884 8811 5520
f 1716 8812 3026
f 7454 8812 1716
f 8812 7454 7310
f 8812 8495 3026
f 7310 8495 8812
f 1501 4603 8813
f 8813 4603 2397
f 8813 2397 6848
f 8607 1501 8813
f 884 8814 2995
f 8814 2043 2995
f 6698 8814 884
f 2043 8814 7310
f 8814 6698 7310
f 7188 5127 8815
f 8815 6275 7188
f 8816 3008 3006
f 3006 3646 8816
f 8816 7997 3588
f 3646 7997 8816
f 8623 3008 8816
f 3588 8623 8816
f 4269 8817 329
f 3172 8817 4269
f 8817 7095 329
f 8817 3172 8807
f 7095 8817 8807
f 2485 764 8818
f 8818 3258 1748
f 4048 8818 1748
f 2485 8818 4048
f 764 4782 8818
f 8818 4782 3258
f 5017 8819 3916
f 8819 5017 4701
f 3916 8819 7652
f 4701 8464 8819
f 8819 8464 7652
f 1087 5092 8820
f 5092 4347 8820
f 8820 6852 1087
f 2699 6852 8820
f 8031 2699 8820
f 8820 4347 8031
f 1415 732 8821
f 7001 7710 8821
f 8821 7912 1415
f 7710 7912 8821
f 732 8461 8821
f 8821 8461 7001
f 8822 428 1894
f 5470 8822 1894
f 2855 8822 5470
f 428 8822 7273
f 8822 2855 7273
f 431 8823 5142
f 7659 8823 431
f 7258 8823 7659
f 8823 8379 5142
f 8379 8823 7258
f 8824 5485 1751
f 1751 6257 8824
f 8824 6257 2975
f 1108 8825 4983
f 4983 8825 2379
f 2379 8825 6222
f 820 6229 8826
f 820 8826 6353
f 8826 2650 8746
f 6353 8826 8746
f 232 2749 8827
f 7735 8827 1833
f 5206 8827 7735
f 8828 3047 340
f 3047 8828 3670
f 8828 7042 3670
f 8078 8828 340
f 7042 8828 8078
f 4927 329 8829
f 8829 3785 4927
f 7699 3785 8829
f 4361 7699 8829
f 329 8146 8829
f 8829 8146 4361
f 8830 8514 2980
f 3602 5136 8831
f 8831 5136 5348
f 8832 3323 6645
f 6067 8832 6645
f 8258 8832 6067
f 3323 8832 8767
f 8767 8832 8258
f 5137 2659 8833
f 5137 8833 4403
f 2659 6334 8833
f 8833 6406 4403
f 6406 8833 6334
f 2194 8834 1053
f 2194 5271 8834
f 8834 5953 792
f 5271 5953 8834
f 8834 792 7706
f 1053 8834 7706
f 8835 1904 2235
f 2317 7852 8835
f 2349 8836 4067
f 8836 3009 5345
f 8836 5345 4067
f 6472 3009 8836
f 7413 8836 2349
f 7413 6472 8836
f 7964 8837 7708
f 8756 8837 4701
f 8837 8756 7708
f 8838 1597 347
f 8838 466 1597
f 8838 3500 3670
f 4583 8838 347
f 4583 3500 8838
f 7627 466 8838
f 1909 473 8839
f 3878 1909 8839
f 4376 8839 1865
f 3878 8839 4376
f 8839 473 7416
f 8839 7416 1865
f 1196 8840 4931
f 4931 8840 3019
f 8841 2462 6202
f 227 8841 7180
f 7180 8841 6202
f 8841 227 7929
f 7929 2462 8841
f 942 7712 8842
f 7712 7886 8842
f 8843 2025 441
f 747 2025 8843
f 8843 1906 6614
f 441 7000 8843
f 7000 1906 8843
f 8354 747 8843
f 8843 6614 8354
f 1562 8844 2990
f 8844 2464 2990
f 2464 8844 3056
f 7335 8844 1562
f 3056 8844 7335
f 8845 8234 3177
f 8845 8808 311
f 3177 8808 8845
f 317 5268 8846
f 8846 5268 4191
f 5360 317 8846
f 5360 8846 3269
f 3269 8846 6646
f 8846 4191 6646
f 8847 191 1319
f 1319 949 8847
f 949 7438 8847
f 8847 7438 4468
f 7717 191 8847
f 4468 7717 8847
f 8848 3745 1681
f 4084 8848 1681
f 1788 8848 4084
f 8848 1788 6802
f 8848 6802 3745
f 8849 3631 356
f 5949 8849 356
f 4912 8849 5949
f 3631 8849 6219
f 8849 4912 6219
f 1035 8850 1335
f 8850 1035 4456
f 2616 8850 4456
f 8850 7020 1335
f 7020 8850 2616
f 631 6131 8851
f 4003 8851 6252
f 8851 6131 6252
f 8851 6629 631
f 6629 8851 4003
f 5190 4941 8852
f 5500 192 8852
f 8852 192 5661
f 8852 5661 525
f 4941 8601 8852
f 8601 5500 8852
f 2477 1924 8853
f 2552 2477 8853
f 1924 8350 8853
f 8853 8350 5704
f 6919 8854 7347
f 7859 8854 125
f 8854 7859 7347
f 8854 8403 125
f 8403 8854 6919
f 826 8855 1619
f 1507 1648 8855
f 7466 8855 826
f 7466 1507 8855
f 2484 361 8856
f 8856 5047 849
f 361 6175 8856
f 8856 6175 5047
f 8018 8856 849
f 2484 8856 8018
f 16 8857 2675
f 2675 8857 1891
f 8857 16 8533
f 1525 8858 3703
f 8858 3487 3703
f 4796 8858 1525
f 4796 5155 8858
f 397 2231 8859
f 8859 2231 1088
f 1088 4453 8859
f 4453 8509 8859
f 8860 1465 4007
f 6296 1465 8860
f 494 1649 8861
f 205 8861 4701
f 4701 8861 1649
f 8861 205 7693
f 494 8861 7693
f 2258 8862 1938
f 4958 8862 293
f 8862 4958 1938
f 8863 5728 6267
f 6109 8863 6267
f 5728 8863 6677
f 8718 8863 6109
f 6677 8863 8718
f 975 1559 8864
f 8864 1754 975
f 8864 3097 868
f 1559 3097 8864
f 868 6383 8864
f 6383 1754 8864
f 723 1631 8865
f 8865 1631 3421
f 3421 1942 8865
f 8865 4302 1738
f 1942 4302 8865
f 8230 723 8865
f 1738 8230 8865
f 8866 1433 1891
f 2511 8866 1891
f 8866 8348 1433
f 6274 8348 8866
f 8422 8866 2511
f 8422 6274 8866
f 1428 8867 251
f 4702 8867 1428
f 6366 8867 4702
f 251 8867 7704
f 8867 6366 7704
f 2227 8868 1897
f 8868 2277 1897
f 5500 2277 8868
f 8869 8790 295
f 7745 8790 8869
f 2741 8870 4394
f 4394 8870 2927
f 7134 8870 2741
f 2927 8870 7361
f 8870 7134 7361
f 8871 5023 3911
f 8871 3920 5023
f 794 7746 8871
f 7746 3920 8871
f 8872 1613 76
f 778 1613 8872
f 3242 778 8872
f 76 4299 8872
f 8872 5504 3242
f 4299 5504 8872
f 8873 2123 3190
f 3190 5801 8873
f 5801 4836 8873
f 8873 4836 5904
f 7747 2123 8873
f 5904 7747 8873
f 5736 3100 8874
f 8874 4644 5736
f 8874 7385 789
f 3100 7385 8874
f 789 7749 8874
f 7749 4644 8874
f 8875 3686 375
f 3686 8875 3670
f 3670 8875 8520
f 8876 3691 5214
f 4937 8876 5214
f 8595 8876 4937
f 8877 4402 1670
f 4402 8877 6802
f 6802 8877 7133
f 8878 637 4395
f 8878 5036 4969
f 5174 637 8878
f 4969 5174 8878
f 4395 5937 8878
f 5937 5036 8878
f 8879 2486 1850
f 1850 5140 8879
f 5140 4503 8879
f 7773 2486 8879
f 8879 4503 8184
f 8184 7773 8879
f 8880 642 7752
f 8255 8880 7752
f 8881 1784 3017
f 2031 8881 5684
f 5684 8881 3017
f 8656 1784 8881
f 8881 2031 8656
f 8882 4862 3667
f 8882 3764 4862
f 3201 7755 8882
f 7755 3764 8882
f 3201 8882 7769
f 7769 8882 3667
f 8883 42 378
f 42 8883 3801
f 8883 5835 3801
f 6941 8883 378
f 5835 8883 6941
f 8884 2919 1951
f 4936 8884 1951
f 2353 8884 4936
f 8884 2353 8533
f 8533 2919 8884
f 8885 3937 3022
f 879 8885 4615
f 4615 8885 3022
f 8885 879 4976
f 3937 8885 4976
f 42 8886 1163
f 1163 8886 352
f 3801 8886 42
f 8886 8807 352
f 8807 8886 3801
f 8887 410 631
f 631 842 8887
f 8887 842 7341
f 410 8887 8501
f 8501 8887 7341
f 4827 786 8888
f 8888 7019 3555
f 8110 8888 3555
f 4827 8888 8110
f 786 8483 8888
f 8888 8483 7019
f 8889 88 3813
f 5187 88 8889
f 3813 7605 8889
f 7605 7356 8889
f 8890 1609 416
f 424 1609 8890
f 2252 424 8890
f 2252 8890 6503
f 7310 8891 4759
f 8891 7454 3028
f 7454 8891 7310
f 8450 8891 3028
f 4759 8891 8450
f 160 427 8892
f 8892 6500 6021
f 8892 8368 6500
f 8893 1070 3448
f 8893 3448 3748
f 6627 1070 8893
f 8092 8893 3748
f 8092 6627 8893
f 4756 881 8894
f 4756 8894 930
f 881 7269 8894
f 8894 7269 5762
f 930 8894 8627
f 8894 5762 8627
f 8895 2115 3066
f 5042 2115 8895
f 8895 5127 5042
f 8815 8895 3066
f 5127 8895 8815
f 1287 2965 8896
f 2965 4670 8896
f 8896 4670 8024
f 8024 6291 8896
f 8896 8205 1287
f 6291 8205 8896
f 8897 3893 2750
f 4298 395 8897
f 4298 8897 2750
f 395 4981 8897
f 8897 4981 3893
f 842 3472 8898
f 8898 3472 1968
f 8898 1968 6116
f 7341 842 8898
f 8562 8898 6116
f 7341 8898 8562
f 431 6916 8899
f 8899 6916 5756
f 7659 431 8899
f 8899 3414 7659
f 498 8900 4178
f 8900 2443 4252
f 4178 8900 4252
f 498 6297 8900
f 1333 77 8901
f 5818 5197 8901
f 8901 7192 1333
f 5197 7192 8901
f 662 8902 5517
f 662 6332 8902
f 8902 613 6517
f 5517 8902 6517
f 8902 7598 613
f 6332 7598 8902
f 8903 1870 3039
f 1987 8903 5679
f 5679 8903 3039
f 8904 3919 735
f 3919 8904 1754
f 4169 8904 735
f 1754 8904 6707
f 8904 4169 6707
f 1729 1726 8905
f 1888 1853 8905
f 8905 2599 2712
f 659 3010 8905
f 8905 3010 2790
f 8905 1853 3126
f 2621 3561 8905
f 3641 1729 8905
f 3992 1888 8905
f 8905 4928 3641
f 3126 5029 8905
f 6005 2621 8905
f 1335 8905 6406
f 8905 5497 6406
f 6766 659 8905
f 8905 3561 6766
f 6784 8905 1335
f 6784 6005 8905
f 5029 6851 8905
f 1976 8905 7273
f 8905 6593 7273
f 7406 4928 8905
f 7792 5021 8905
f 6229 7792 8905
f 8905 6851 7841
f 7841 7406 8905
f 1976 8071 8905
f 8071 5497 8905
f 8905 5021 8174
f 2790 8276 8905
f 2712 8312 8905
f 1726 8457 8905
f 8457 2599 8905
f 5553 6765 8906
f 6371 8906 7384
f 8906 6765 7384
f 8906 7871 5553
f 7871 8906 6371
f 4892 8907 502
f 5173 2756 8907
f 4892 5173 8907
f 8907 2756 6433
f 502 8907 7282
f 8907 6433 7282
f 3774 2630 8908
f 1596 6571 8908
f 7748 1596 8908
f 8908 2630 7748
f 8793 3774 8908
f 8908 6571 8793
f 3361 8909 1886
f 1886 8909 7360
f 8909 5618 7360
f 4577 8910 1583
f 8910 5794 3651
f 3651 6600 8910
f 4577 7052 8910
f 7052 5794 8910
f 8910 8782 1583
f 6600 8782 8910
f 4105 440 8911
f 440 5494 8911
f 8911 5494 4354
f 8911 4354 5560
f 4217 1986 8912
f 1986 5131 8912
f 8912 5131 2552
f 8912 5704 4217
f 2552 8853 8912
f 8853 5704 8912
f 4862 8913 3948
f 4862 7786 8913
f 8913 714 8197
f 3948 8913 8197
f 4486 8914 144
f 144 8914 5253
f 5253 8914 299
f 299 8914 5481
f 5481 8914 4486
f 767 2312 8915
f 8915 2312 3945
f 8915 4433 728
f 4479 1540 8915
f 8915 1540 4492
f 8915 308 5121
f 4760 8915 5121
f 767 8915 7364
f 8915 2132 7364
f 7514 3964 8915
f 4492 7514 8915
f 8915 3964 7709
f 8098 2132 8915
f 4760 8098 8915
f 8703 308 8915
f 728 8703 8915
f 8916 3804 115
f 3018 3804 8916
f 3927 3018 8916
f 3927 8916 4411
f 8916 115 7028
f 4411 8916 7028
f 5027 8917 3389
f 8917 6234 3094
f 6234 8917 5027
f 7104 8917 3094
f 3389 8917 7104
f 1992 1273 8918
f 2240 1992 8918
f 8918 1273 8165
f 2240 8918 8304
f 8918 8165 8642
f 8304 8918 8642
f 4617 8919 4712
f 4617 5178 8919
f 5178 5499 8919
f 869 2798 8920
f 8920 2798 1317
f 8920 1317 8251
f 3827 8920 8251
f 2139 8921 985
f 8921 2897 982
f 8921 1689 2897
f 3012 1689 8921
f 2139 3012 8921
f 8921 982 7797
f 985 8921 7797
f 3620 8922 2493
f 1159 8922 3649
f 8922 3620 6372
f 3649 8922 6372
f 8922 1159 7759
f 2493 8922 7759
f 3557 8923 4496
f 8923 7924 4496
f 7234 7924 8923
f 7972 8923 3557
f 8923 7972 7234
f 5882 8924 1
f 5101 8924 6725
f 8924 5882 6725
f 8924 7302 1
f 7302 8924 5101
f 3860 8925 1982
f 8925 4663 1982
f 829 6189 8925
f 8925 6189 4663
f 6979 829 8925
f 6979 8925 3860
f 903 2695 8926
f 8926 2695 1165
f 4371 903 8926
f 8926 4567 4371
f 1165 7408 8926
f 7408 4567 8926
f 8927 4290 6776
f 8927 2577 7280
f 8927 7280 4290
f 1674 7910 8927
f 7910 2577 8927
f 459 2175 8928
f 8928 2175 1073
f 1073 4743 8928
f 4967 2921 8928
f 4743 4967 8928
f 8362 459 8928
f 8928 2921 8362
f 8929 6244 3132
f 7889 8929 3132
f 4193 8929 7889
f 766 5188 8930
f 5188 5187 8930
f 8930 5187 8889
f 8889 7356 8930
f 8931 5124 1500
f 3057 5124 8931
f 1500 8116 8931
f 89 3792 8932
f 3792 2950 8932
f 8932 2950 8054
f 8054 7622 8932
f 8932 8279 89
f 7622 8279 8932
f 8933 1248 6913
f 6913 5191 8933
f 8933 7310 1485
f 5191 7310 8933
f 7812 1248 8933
f 1485 7812 8933
f 8934 172 1884
f 8934 2370 172
f 1612 2370 8934
f 2397 1612 8934
f 7351 8934 1884
f 2397 8934 7351
f 8935 2077 5274
f 5411 8935 5274
f 8936 2116 2009
f 2439 2116 8936
f 8936 2009 3061
f 2439 8936 6135
f 6135 8936 3061
f 3801 8937 3594
f 8937 4441 429
f 4441 8937 3801
f 4688 8937 429
f 3594 8937 4688
f 6823 8938 5670
f 5670 8938 7821
f 3105 2948 8939
f 3105 8939 6548
f 2948 8789 8939
f 8789 3005 8939
f 4125 8940 2613
f 8940 4125 4333
f 4333 6061 8940
f 2613 8940 7408
f 8940 6061 7408
f 8941 7097 939
f 7097 8941 5955
f 5955 8941 7768
f 5857 8942 1
f 1 8942 6023
f 3812 6023 8942
f 3812 8942 6742
f 8942 5857 6742
f 3184 8943 4732
f 4952 8943 3821
f 8943 4952 4732
f 3821 8943 7827
f 8140 8943 3184
f 8943 8140 7827
f 776 3797 8944
f 4884 6956 8944
f 6304 1297 8945
f 8945 1297 6324
f 4498 8945 6324
f 7125 8945 4498
f 8945 7125 6304
f 6588 5952 8946
f 7484 547 8946
f 8946 5952 8290
f 8290 7484 8946
f 8946 547 8328
f 8328 6588 8946
f 249 469 8947
f 469 5581 8947
f 8947 5581 4485
f 4485 7759 8947
f 8947 8263 249
f 3357 6395 8948
f 6395 5659 8948
f 7173 8948 1639
f 3357 8948 7173
f 8948 8175 1639
f 8948 5659 8175
f 1422 850 8949
f 8949 4690 2841
f 850 6169 8949
f 8949 6169 4690
f 1422 8949 8085
f 8085 8949 2841
f 8950 6430 6166
f 8950 7285 1966
f 6166 7285 8950
f 2904 8951 5247
f 8951 6265 5247
f 6601 8951 2904
f 8952 140 2900
f 140 8952 5325
f 5325 8952 4512
f 8254 8952 2900
f 8952 8254 4512
f 2094 8953 634
f 8953 2094 5292
f 2825 8953 5292
f 8953 6470 634
f 6470 8953 2825
f 1426 8954 4352
f 4698 8954 3556
f 8954 4698 4352
f 8954 1426 7781
f 3556 8954 7781
f 3161 8955 517
f 8955 3161 6304
f 517 8955 6337
f 6304 8150 8955
f 8955 8150 6337
f 1351 8956 7235
f 7235 8956 5249
f 8956 1351 7397
f 1310 476 8957
f 8957 2982 2182
f 1310 8957 3591
f 3591 8957 2182
f 476 4072 8957
f 8957 4072 2982
f 883 6937 8958
f 2969 7419 8958
f 8958 7942 2969
f 6937 7942 8958
f 2741 5250 8959
f 8959 7134 2741
f 7134 8959 5602
f 8959 5250 7388
f 5602 8959 7388
f 8960 4499 3801
f 5593 8960 445
f 4499 8960 5593
f 2504 8961 448
f 1437 8961 2504
f 8961 2955 448
f 8961 1437 3801
f 3801 2955 8961
f 4113 8962 2764
f 8962 6000 2764
f 8962 3402 6000
f 8962 6352 3402
f 482 5878 8963
f 8963 5878 4745
f 4745 7821 8963
f 7821 8455 8963
f 8730 482 8963
f 8963 8455 8730
f 5355 870 8964
f 8964 7185 5355
f 7459 7185 8964
f 7882 7459 8964
f 7644 8965 6573
f 6573 8965 7801
f 7879 8965 7644
f 8965 8159 7801
f 8159 8965 7879
f 191 8966 1319
f 1319 8966 412
f 8966 191 3177
f 8966 4867 412
f 4867 8966 3177
f 8967 1788 1724
f 6488 8967 1724
f 4185 8967 6488
f 1788 8967 6802
f 6802 8967 4185
f 5261 2877 8968
f 5310 8968 1345
f 5310 5261 8968
f 1345 8968 6575
f 8968 2877 6575
f 8969 5038 4569
f 1715 8969 6841
f 6841 8969 4569
f 8969 1715 7566
f 5038 8969 7566
f 8970 2734 4711
f 2734 8970 7868
f 8970 4570 7868
f 8970 7943 4570
f 7943 8970 6753
f 8970 4711 8613
f 6753 8970 8613
f 4374 8971 2899
f 1601 8971 6134
f 6134 8971 4374
f 8971 1601 7399
f 2899 8971 7399
f 4224 3199 8972
f 6701 4224 8972
f 8972 5603 6701
f 7886 5603 8972
f 8972 3199 8842
f 8842 7886 8972
f 1080 8973 458
f 8973 2430 458
f 2430 8973 8533
f 351 490 8974
f 8974 4208 351
f 5246 4208 8974
f 5947 5246 8974
f 490 7067 8974
f 8974 7067 5947
f 8975 322 2394
f 2394 3825 8975
f 3825 3041 8975
f 6667 322 8975
f 8975 3041 8164
f 8164 6667 8975
f 1619 8976 5960
f 8976 4436 5960
f 1648 6639 8976
f 8976 6639 4436
f 8855 8976 1619
f 8855 1648 8976
f 8977 1581 426
f 463 1581 8977
f 426 4119 8977
f 5404 463 8977
f 8977 4119 7418
f 5404 8977 8736
f 8736 8977 7418
f 5978 8978 939
f 8978 5978 7819
f 7768 8978 7819
f 939 8978 8941
f 8941 8978 7768
f 630 8979 699
f 3305 8979 630
f 8979 3305 7432
f 699 8979 8788
f 8788 8979 7432
f 1335 4701 8980
f 883 8980 5438
f 4701 5438 8980
f 1335 8980 6755
f 6755 8980 7419
f 883 8958 8980
f 8958 7419 8980
f 3276 3873 8981
f 5439 2041 8981
f 3873 5439 8981
f 2041 5887 8981
f 8981 5887 3276
f 4601 8982 2393
f 8982 4601 4701
f 5891 8982 4701
f 2393 8982 6788
f 8982 5891 6788
f 2296 8983 1755
f 2296 5280 8983
f 5280 3721 8983
f 1755 8983 7400
f 8983 3721 7400
f 1206 8984 190
f 2087 8984 1206
f 2087 2042 8984
f 2042 2635 8984
f 8985 3108 3111
f 3108 8985 5042
f 8985 5640 5042
f 1183 8986 2900
f 8986 1183 4620
f 1566 8986 4620
f 5918 8986 1566
f 2900 8986 5918
f 8987 1389 1
f 5008 8987 1
f 8987 5008 6360
f 1389 8987 8304
f 8304 8987 6360
f 887 7932 8988
f 8988 7932 6427
f 888 309 8989
f 2497 8989 1558
f 3956 888 8989
f 3956 8989 2497
f 8989 309 8370
f 8989 8370 1558
f 467 5091 8990
f 8990 5091 4009
f 5644 467 8990
f 8351 8990 4009
f 5644 8990 8351
f 5411 2661 8991
f 7543 3076 8991
f 2661 8317 8991
f 8991 8317 7543
f 5820 8992 3589
f 3589 8992 6792
f 8992 6211 6792
f 8992 5820 7026
f 7026 6211 8992
f 2047 385 8993
f 19 8993 2179
f 8993 385 7369
f 8993 7369 2179
f 8214 8993 19
f 8214 2047 8993
f 1759 8994 5338
f 8994 4312 5338
f 5349 8994 2267
f 4312 8994 5349
f 5412 8994 1759
f 8994 5412 2267
f 1873 8995 2900
f 1322 8995 4546
f 8995 1873 4546
f 5719 8995 1322
f 2900 8995 5719
f 8996 4559 2642
f 5377 4559 8996
f 2642 6130 8996
f 7864 8996 6130
f 7059 8996 7864
f 8133 5377 8996
f 8133 8996 7059
f 2090 8997 553
f 8997 2090 7182
f 7182 7257 8997
f 553 8997 7412
f 8997 7257 7412
f 509 4532 8998
f 8998 4532 3456
f 4769 509 8998
f 3456 7065 8998
f 2052 999 8999
f 7006 2052 8999
f 7006 8999 6864
f 6864 8999 7056
f 8999 999 7949
f 8999 7949 7056
f 892 4554 9000
f 9000 4554 3085
f 3085 4666 9000
f 4666 6666 9000
f 592 3238 9001
f 3238 3048 9001
f 3048 4018 9001
f 592 9001 6393
f 9001 4018 7662
f 9001 7662 6393
f 3924 9002 1
f 9002 3924 6798
f 6140 9002 6798
f 1 9002 8341
f 8341 9002 6140
f 9003 3872 2017
f 3872 9003 4702
f 4702 9003 5020
f 7532 9003 2017
f 5020 9003 7532
f 758 9004 477
f 9004 6219 477
f 9004 3631 6219
f 8774 3631 9004
f 5527 8774 9004
f 613 9005 1975
f 1975 9005 5654
f 5654 9005 3315
f 7598 9005 613
f 3315 9005 7598
f 9006 2321 110
f 1665 2321 9006
f 3833 1665 9006
f 9006 3596 3833
f 110 4133 9006
f 4133 3596 9006
f 9007 4249 5350
f 6321 3457 9007
f 5350 6321 9007
f 9007 3457 7202
f 7873 4249 9007
f 7202 7873 9007
f 9008 2034 1
f 7976 9008 1
f 9008 7976 6806
f 451 4470 9009
f 9009 4470 3369
f 7174 451 9009
f 7174 9009 2913
f 2913 9009 8077
f 9009 3369 8077
f 2603 9010 3177
f 1023 4738 9010
f 9010 4738 3177
f 5312 1023 9010
f 5314 5565 9011
f 2076 5905 9011
f 5905 5314 9011
f 9012 1722 453
f 3177 1722 9012
f 9012 2986 3177
f 4074 9012 453
f 2986 9012 4074
f 1929 9013 2417
f 9013 902 3295
f 2417 9013 3492
f 9013 3295 3492
f 6692 902 9013
f 1929 6692 9013
f 4112 5322 9014
f 9014 7315 1532
f 5322 7315 9014
f 4112 9014 7732
f 9015 1486 1
f 1486 9015 5181
f 5181 9015 3167
f 2456 9016 2032
f 9016 6013 2032
f 6013 9016 3402
f 1340 9017 4514
f 7814 9017 1340
f 9017 7814 3133
f 8196 9017 3133
f 4514 9017 8196
f 2693 9018 4614
f 9018 7084 1335
f 7084 9018 2693
f 1335 7496 9018
f 9018 7496 4614
f 289 9019 1838
f 9019 2563 1838
f 2563 9019 3466
f 7465 9019 289
f 9019 7465 3466
f 7728 9020 4039
f 7728 6430 9020
f 9020 1966 8355
f 4039 9020 8355
f 9020 8950 1966
f 6430 8950 9020
f 9021 5791 6818
f 6818 7590 9021
f 7590 7090 9021
f 9021 7901 5791
f 9021 7090 7941
f 7941 7901 9021
f 810 506 9022
f 9022 806 810
f 506 2833 9022
f 9022 2833 1767
f 3460 9023 5379
f 9023 4342 5379
f 7126 9023 3460
f 7397 4342 9023
f 9023 7126 7397
f 2297 9024 48
f 9024 2297 4701
f 48 9024 6824
f 8506 9024 4701
f 6824 9024 8506
f 1805 9025 2724
f 2981 544 9025
f 2981 9025 1805
f 9025 3313 2724
f 544 4388 9025
f 9025 4388 3313
f 9026 545 669
f 1367 160 9026
f 416 1367 9026
f 6021 545 9026
f 160 8892 9026
f 9026 8892 6021
f 816 9027 4522
f 4522 9027 3181
f 9027 8753 3181
f 9028 4807 7488
f 7521 9028 7488
f 4189 4827 9029
f 6073 4189 9029
f 924 7501 9029
f 9029 7501 6073
f 8110 924 9029
f 9029 4827 8110
f 508 5344 9030
f 9030 6221 333
f 5344 6221 9030
f 8806 9030 333
f 8806 508 9030
f 368 9031 2972
f 2972 9031 2045
f 9031 368 4250
f 9031 8478 2045
f 4250 8478 9031
f 9032 5242 4727
f 4727 6450 9032
f 6450 5880 9032
f 5170 6608 9032
f 9032 6608 5242
f 8427 5170 9032
f 9032 5880 8427
f 2830 9033 4701
f 5484 9033 3261
f 9033 5484 4701
f 9033 2830 6828
f 3261 9033 6828
f 2753 549 9034
f 2753 9034 7651
f 7651 9034 7635
f 549 8799 9034
f 9034 8799 7635
f 9035 1151 3153
f 2155 9035 3153
f 9035 5405 1151
f 6637 5405 9035
f 7996 9035 2155
f 7996 6637 9035
f 6610 9036 5508
f 5508 9036 7869
f 9036 6441 7869
f 9037 2907 440
f 2907 9037 1805
f 3648 9037 440
f 1805 9037 7870
f 9037 3648 7870
f 6359 9038 6831
f 9038 7789 6831
f 8596 9038 6359
f 8767 7789 9038
f 9038 8596 8767
f 1526 9039 2633
f 2909 928 9039
f 2909 9039 1526
f 9039 3121 2633
f 928 4637 9039
f 9039 4637 3121
f 9040 4334 7908
f 9040 7908 8439
f 4574 9041 3066
f 5353 2595 9041
f 4574 5353 9041
f 9041 2595 6275
f 3066 9041 8815
f 9041 6275 8815
f 1635 248 9042
f 2454 554 9042
f 554 2740 9042
f 9042 2740 1635
f 248 7367 9042
f 9042 7367 2454
f 1177 3265 9043
f 43 4366 9043
f 4366 3438 9043
f 3265 5765 9043
f 2221 5913 9043
f 9043 6410 2221
f 9043 5765 6897
f 9043 3438 7645
f 9043 6897 7875
f 8451 6410 9043
f 7645 8451 9043
f 43 9043 8519
f 8519 9043 7875
f 9043 8616 1177
f 5913 8616 9043
f 974 869 9044
f 1634 974 9044
f 1634 9044 2337
f 2337 9044 3827
f 9044 869 8920
f 9044 8920 3827
f 3403 6046 9045
f 9045 6811 3403
f 6811 9045 5685
f 5685 9045 7917
f 9045 6046 7917
f 4073 9046 2565
f 9046 4073 3177
f 2565 9046 7459
f 3177 8702 9046
f 9046 8702 7459
f 9047 6782 3340
f 9048 788 28
f 1770 9048 28
f 1918 9048 523
f 788 9048 1918
f 9048 8448 523
f 8448 9048 1770
f 9049 727 4430
f 5362 727 9049
f 1358 5362 9049
f 9049 4430 5451
f 1358 9049 7476
f 7476 9049 5451
f 763 1674 9050
f 763 9050 4438
f 4438 9050 4077
f 9050 6776 4077
f 1674 8927 9050
f 9050 8927 6776
f 2670 9051 735
f 1957 9051 2670
f 9051 1957 6848
f 7351 9051 6848
f 1676 808 9052
f 1208 1676 9052
f 625 3962 9052
f 9052 5202 1208
f 9052 3962 5202
f 8193 625 9052
f 9052 808 8193
f 9053 231 2630
f 3774 9053 2630
f 9053 4784 1400
f 194 9053 5381
f 5381 9053 4613
f 6240 231 9053
f 1400 6240 9053
f 9053 3297 6313
f 6785 4784 9053
f 6313 7243 9053
f 7243 6785 9053
f 7566 9053 3774
f 9053 7566 4613
f 194 7684 9053
f 7684 3297 9053
f 9054 1492 307
f 527 1492 9054
f 1661 527 9054
f 9054 2405 1661
f 9054 3267 2405
f 307 4205 9054
f 4205 3267 9054
f 303 1679 9055
f 1679 2226 9055
f 303 9055 6067
f 3229 9056 1189
f 3657 9056 3229
f 3657 6411 9056
f 6411 4675 9056
f 9056 7271 1189
f 9056 4675 7271
f 9057 1366 5076
f 230 5267 9057
f 5267 1366 9057
f 5076 6080 9057
f 9057 6658 230
f 6080 6658 9057
f 3342 9058 2249
f 304 9058 5142
f 9058 3342 5142
f 9058 304 7923
f 2249 9058 7923
f 253 9059 1810
f 6345 9059 253
f 6345 7925 9059
f 7925 8356 9059
f 528 1977 9060
f 9060 1977 810
f 810 2102 9060
f 2102 6478 9060
f 6623 528 9060
f 9060 6478 6623
f 9061 969 3584
f 9061 3584 4538
f 6420 969 9061
f 6344 6420 9061
f 7674 9061 4538
f 6344 9061 7674
f 4230 9062 5276
f 9062 4230 6423
f 691 9062 7618
f 7618 9062 6423
f 9062 691 7826
f 5276 9062 7826
f 6661 9063 2140
f 3992 9063 6661
f 9063 8276 2140
f 8905 9063 3992
f 8276 9063 8905
f 2718 570 9064
f 2718 9064 2913
f 2913 9064 6542
f 570 7621 9064
f 9064 7621 6542
f 9065 272 3213
f 3542 9065 3213
f 272 9065 5042
f 4479 9066 3015
f 3015 9066 7512
f 7512 9066 3945
f 9066 8915 3945
f 9066 4479 8915
f 6754 9067 5633
f 9067 1985 6805
f 622 9067 7292
f 7292 9067 6754
f 622 7675 9067
f 7765 1985 9067
f 7675 7765 9067
f 9067 7936 5633
f 9067 6805 7936
f 3855 576 9068
f 3855 9068 2750
f 9068 4298 2750
f 576 5414 9068
f 9068 5414 4298
f 2890 9069 1830
f 1830 9069 7893
f 9069 3263 7893
f 8533 9069 2890
f 3263 9069 8533
f 9070 3076 2077
f 8935 9070 2077
f 9070 8935 5411
f 3076 9070 8991
f 8991 9070 5411
f 9071 6808 2363
f 3901 6808 9071
f 9071 2363 7860
f 6317 9071 7860
f 8280 3901 9071
f 8280 9071 6317
f 3758 5376 9072
f 5376 4202 9072
f 9072 7295 3758
f 9072 4202 7861
f 9073 6794 3221
f 8335 9073 3221
f 4640 9073 8335
f 3356 3907 9074
f 4239 3491 9074
f 9074 5053 3356
f 3491 5053 9074
f 3907 8638 9074
f 9074 8638 4239
f 4204 9075 2694
f 2694 9075 7521
f 9075 9028 7521
f 9076 3896 5418
f 4497 9076 5418
f 8147 9076 4497
f 9077 2579 3056
f 2579 9077 6261
f 6261 9077 3225
f 7101 9077 3056
f 9077 7101 3225
f 9078 12 432
f 432 588 9078
f 9078 1585 398
f 588 1585 9078
f 4597 12 9078
f 398 4597 9078
f 1892 9079 2791
f 2791 9079 6165
f 9079 1892 6709
f 9079 6709 4888
f 7232 9079 4888
f 9079 7232 6165
f 9080 2581 3183
f 2536 9080 6212
f 6212 9080 3183
f 9080 2536 7310
f 7310 2581 9080
f 1743 342 9081
f 4096 1743 9081
f 9081 3647 4096
f 6525 3647 9081
f 9081 342 7667
f 7667 6525 9081
f 3258 965 9082
f 9082 965 3967
f 2510 9082 3967
f 4313 9082 933
f 3258 9082 4313
f 9082 7575 933
f 2510 7575 9082
f 4184 9083 4282
f 4354 589 9083
f 4354 9083 4184
f 9083 6390 4282
f 589 7481 9083
f 9083 7481 6390
f 2024 1621 9084
f 4395 5387 9084
f 1621 5424 9084
f 9084 5424 4395
f 9084 7784 2024
f 5387 7784 9084
f 9085 937 371
f 9085 1390 2452
f 9085 3014 5647
f 1390 9085 6494
f 6494 9085 4674
f 6613 9085 2452
f 371 7479 9085
f 7479 3014 9085
f 4674 9085 8510
f 8510 9085 5647
f 3494 9086 2372
f 1879 9086 6372
f 9086 3494 6372
f 9086 1879 7905
f 2372 9086 7905
f 9087 2381 6304
f 6304 6686 9087
f 6444 9087 6686
f 5348 5554 9088
f 8831 5348 9088
f 2754 9089 113
f 113 9089 6445
f 9089 2831 6445
f 8732 9089 2754
f 2831 9089 8732
f 9090 4422 343
f 343 5358 9090
f 9090 6943 1066
f 5358 6943 9090
f 1066 8151 9090
f 8151 4422 9090
f 3024 9091 1913
f 9091 1712 7919
f 1913 9091 7919
f 1712 9091 8533
f 8533 9091 3024
f 9092 2874 4643
f 9092 1359 4702
f 2874 9092 4702
f 6474 1359 9092
f 6474 9092 4643
f 9093 3025 1868
f 6988 3025 9093
f 9093 4669 6988
f 7073 9093 1868
f 4669 9093 7073
f 9094 5563 565
f 6549 9094 565
f 5468 9094 6549
f 1 2215 9095
f 9095 3142 1
f 9095 2215 3253
f 3142 9095 6905
f 6905 9095 3253
f 1718 9096 557
f 557 9096 7974
f 9096 6315 7974
f 9096 1718 8533
f 8533 6315 9096
f 559 9097 7616
f 8398 9097 559
f 8398 569 9097
f 569 8745 9097
f 9097 8745 7616
f 2007 9098 3211
f 4717 9098 1
f 9098 4717 3211
f 1 9098 7823
f 7823 9098 2007
f 571 3071 9099
f 9099 3071 1962
f 9099 1962 4769
f 7065 571 9099
f 8998 9099 4769
f 7065 9099 8998
f 9100 1792 2307
f 3683 9100 2307
f 5151 9100 3683
f 5151 6782 9100
f 9100 9047 1792
f 6782 9047 9100
f 4976 879 9101
f 6978 2703 9101
f 4871 6978 9101
f 4053 7066 9101
f 7553 3088 9101
f 9101 7614 4871
f 7066 7614 9101
f 9101 8138 3214
f 9101 8252 4340
f 5777 8252 9101
f 9101 3088 8294
f 8294 4095 9101
f 879 8436 9101
f 8436 4537 9101
f 8678 9101 3214
f 4976 9101 8678
f 9102 1798 574
f 1798 9102 3177
f 3177 9102 5606
f 6759 9102 574
f 5606 9102 6759
f 4785 9103 6904
f 4785 7026 9103
f 9103 8684 6904
f 9103 7026 8767
f 8684 9103 8767
f 7427 9104 5998
f 5998 9104 7519
f 9104 7545 7519
f 1532 774 9105
f 5380 5543 9105
f 9105 774 7228
f 7228 5380 9105
f 4740 9106 978
f 6521 6843 9106
f 1187 9107 3227
f 9107 6603 3227
f 5042 6603 9107
f 7075 9107 1187
f 9107 7075 5042
f 3355 131 9108
f 1470 3355 9108
f 9108 3654 1470
f 1778 3654 9108
f 4687 1778 9108
f 131 7027 9108
f 9108 7027 4687
f 66 9109 394
f 66 5385 9109
f 394 9109 8547
f 9109 2980 8547
f 9109 8830 2980
f 5385 8830 9109
f 9110 2031 3233
f 1544 9110 5196
f 5196 9110 3233
f 8656 9110 1544
f 2031 9110 8656
f 9111 7293 1471
f 5427 7293 9111
f 1471 7727 9111
f 7727 3382 9111
f 9111 3382 8184
f 8184 5427 9111
f 2618 9112 5459
f 6265 9112 2618
f 9112 8800 5459
f 1234 641 9113
f 641 3336 9113
f 9113 3336 2245
f 9113 7305 1234
f 9113 4911 7305
f 9113 2245 7819
f 4911 9113 7819
f 3199 7958 9114
f 7958 7287 9114
f 9114 8383 942
f 9114 7287 8383
f 8842 9114 942
f 3199 9114 8842
f 2208 9115 374
f 1276 9115 2208
f 9115 1276 3241
f 9115 5731 374
f 77 5430 9116
f 9116 1242 5818
f 9116 7110 1242
f 5430 7110 9116
f 77 9116 8901
f 8901 9116 5818
f 1432 405 9117
f 2202 1432 9117
f 2157 4805 9117
f 9117 4805 2202
f 9117 405 5070
f 5070 2157 9117
f 5844 1225 9118
f 2272 5844 9118
f 518 647 9119
f 518 9119 2084
f 9119 647 2139
f 9119 2139 985
f 9119 985 7623
f 2084 9119 7623
f 9120 6402 7963
f 8259 9120 7963
f 3340 3177 9121
f 1892 9121 6709
f 9121 3177 6709
f 6988 3340 9121
f 4701 9122 913
f 8837 9122 4701
f 9122 8837 7964
f 1662 9123 3247
f 9123 2806 3247
f 2806 9123 5042
f 7450 9123 1662
f 5042 9123 7450
f 2665 3917 9124
f 9124 6628 2665
f 2875 6980 9124
f 6980 6628 9124
f 9124 7256 2875
f 3917 7256 9124
f 2286 2134 9125
f 2286 9125 4106
f 9125 4657 4106
f 2134 7266 9125
f 9125 7266 4657
f 761 9126 3056
f 9126 761 3248
f 9126 4437 3056
f 8125 9126 3248
f 4437 9126 8125
f 197 9127 3778
f 9127 2784 3778
f 1059 4286 9127
f 9127 4286 2784
f 7050 9127 197
f 7050 1059 9127
f 9128 2627 2130
f 2627 9128 6166
f 9128 5666 6166
f 8223 9128 2130
f 5666 9128 8223
f 5403 1925 9129
f 9129 1925 5597
f 9129 5597 7338
f 7393 5403 9129
f 6095 4024 9130
f 6864 2211 9130
f 4024 7006 9130
f 9130 7006 6864
f 2211 8732 9130
f 9130 8732 6095
f 766 644 9131
f 644 5788 9131
f 9131 6637 766
f 5405 6637 9131
f 641 2346 9132
f 9132 3336 641
f 1825 3336 9132
f 1905 5095 9132
f 5997 6514 9132
f 6581 1825 9132
f 6581 9132 5521
f 2346 7518 9132
f 9132 7518 5997
f 9132 2887 8008
f 5521 9132 8008
f 9132 8065 2887
f 5095 8065 9132
f 9132 8555 1905
f 6514 8555 9132
f 7311 9133 6243
f 9133 7311 7136
f 6243 9133 8010
f 9134 5229 1694
f 5229 9134 4157
f 7937 9134 1694
f 4157 9134 7980
f 9134 7937 7980
f 5754 4349 9135
f 4349 7043 9135
f 1803 7946 9135
f 9135 7946 5754
f 9136 2258 1938
f 3979 2258 9136
f 5938 9136 3299
f 5938 3979 9136
f 9136 346 6504
f 9136 6504 3299
f 346 9136 7505
f 7505 9136 1938
f 3311 9137 1018
f 9137 3311 3260
f 9137 3445 1018
f 7145 9137 3260
f 3445 9137 7145
f 3710 617 9138
f 617 4530 9138
f 9138 4530 3414
f 3710 9138 5756
f 9138 3414 8899
f 5756 9138 8899
f 2016 9139 849
f 4519 9139 2016
f 7583 9139 4519
f 849 9139 8018
f 9139 7583 8018
f 4702 9140 998
f 4524 9140 4702
f 9140 4524 7987
f 8170 9141 7989
f 3223 7397 9142
f 9142 7397 3783
f 8116 3223 9142
f 4697 9143 3372
f 9143 6220 3372
f 622 9143 6655
f 6655 9143 4697
f 622 7292 9143
f 7292 6220 9143
f 669 7547 9144
f 9144 7547 6503
f 8890 416 9144
f 6503 8890 9144
f 9144 416 9026
f 9026 669 9144
f 9145 710 1972
f 8550 9145 1972
f 9145 8550 8028
f 3340 9146 3013
f 5396 9146 1956
f 3013 9146 5396
f 9146 6218 1956
f 6218 9146 3340
f 863 9147 5112
f 5112 9147 3809
f 863 6524 9147
f 6524 5832 9147
f 9147 8422 3809
f 9147 5832 8422
f 1011 677 9148
f 1011 9148 5047
f 9148 6723 5047
f 677 7799 9148
f 9148 7799 6723
f 9149 1230 1919
f 3340 1230 9149
f 9149 5514 3340
f 7805 9149 1919
f 5514 9149 7805
f 9150 546 1140
f 9150 5004 546
f 3984 5004 9150
f 7790 9150 1140
f 7790 3984 9150
f 9151 1915 27
f 1915 9151 752
f 2154 9151 27
f 4020 1421 9151
f 2154 4020 9151
f 9151 1421 7587
f 752 9151 7993
f 9151 7587 7993
f 4234 9152 3073
f 4934 1048 9152
f 4934 9152 4234
f 9152 5683 3073
f 1048 7220 9152
f 9152 7220 5683
f 434 9153 6304
f 9153 434 6534
f 4115 9153 6534
f 6727 9153 4115
f 9153 6727 6304
f 6518 9154 3910
f 9154 2555 6536
f 3910 9154 6536
f 6677 2555 9154
f 6518 6677 9154
f 2492 9155 1430
f 3463 37 9155
f 2492 3463 9155
f 9155 37 7998
f 1430 9155 7998
f 654 9156 4270
f 9156 5660 4270
f 642 6815 9156
f 9156 6815 5660
f 7752 642 9156
f 7752 9156 654
f 3965 1096 9157
f 9157 7050 553
f 7412 9157 553
f 3965 9157 7412
f 1096 8508 9157
f 9157 8508 7050
f 880 9158 1927
f 9158 3699 1927
f 8074 9158 880
f 2987 6802 9159
f 6802 5551 9159
f 246 6882 9159
f 9159 6882 2987
f 7849 246 9159
f 9159 5551 7849
f 756 9160 631
f 631 9160 2461
f 9160 756 6483
f 2318 9161 4113
f 5118 9161 2318
f 5118 6547 9161
f 6547 6352 9161
f 9161 8962 4113
f 9161 6352 8962
f 9162 1434 3735
f 6684 3358 9162
f 3735 6684 9162
f 6847 1434 9162
f 9162 3358 7849
f 7849 6847 9162
f 9163 6277 2435
f 4792 6277 9163
f 7575 9163 2435
f 7575 4792 9163
f 5042 9164 3811
f 9164 5558 3292
f 5558 9164 5042
f 7491 9164 3292
f 3811 9164 7491
f 5645 1009 9165
f 6311 5645 9165
f 9165 1058 7750
f 9165 7750 6311
f 2248 9166 3293
f 9166 3939 3293
f 5696 3939 9166
f 2248 8048 9166
f 9166 8048 5696
f 9167 380 603
f 3478 9167 603
f 2430 9167 3478
f 8533 380 9167
f 2430 8533 9167
f 627 9168 4735
f 9168 2320 4735
f 5038 9168 627
f 2320 9168 7566
f 7566 9168 5038
f 2570 794 9169
f 9169 1489 2570
f 8086 1489 9169
f 3911 8086 9169
f 794 8871 9169
f 9169 8871 3911
f 1855 1117 9170
f 9170 3381 1855
f 1117 7330 9170
f 9170 7330 5847
f 7661 3381 9170
f 5847 7661 9170
f 652 9171 4472
f 6584 9171 652
f 5524 9171 6584
f 8533 4472 9171
f 8533 9171 5524
f 9172 5699 7013
f 803 9172 8235
f 8235 9172 7013
f 9172 803 8767
f 5699 9172 8767
f 1933 9173 801
f 4732 9173 1933
f 6354 9173 4732
f 801 9173 8015
f 9173 6354 8015
f 9174 3604 6138
f 9174 6138 5591
f 9174 6612 3604
f 7577 6612 9174
f 8727 9174 5591
f 7577 9174 8727
f 426 656 9175
f 9175 2113 426
f 5152 2113 9175
f 6994 5152 9175
f 656 8065 9175
f 9175 8065 6994
f 1867 2788 9176
f 4630 5954 9176
f 9176 5981 4630
f 501 6134 9176
f 6134 5981 9176
f 5954 6318 9176
f 9176 6318 6550
f 6550 7253 9176
f 9176 2788 7634
f 8594 501 9176
f 8594 9176 7634
f 9176 8783 1867
f 7253 8783 9176
f 5483 9177 2603
f 5483 5312 9177
f 2603 9177 9010
f 5312 9010 9177
f 1345 661 9178
f 2975 1345 9178
f 661 5485 9178
f 9178 8824 2975
f 5485 8824 9178
f 9179 2225 5764
f 9179 5764 3151
f 7116 2225 9179
f 7562 9179 3151
f 7116 9179 7562
f 9180 3594 666
f 9180 2863 3801
f 3594 9180 3801
f 3926 9180 666
f 2863 9180 3926
f 4396 724 9181
f 9181 724 5547
f 9181 5547 4417
f 9181 4417 6021
f 6500 4396 9181
f 6021 6500 9181
f 4997 1231 9182
f 4997 9182 2628
f 9182 7599 2628
f 9182 6565 7599
f 1231 8068 9182
f 8068 6565 9182
f 1785 3506 9183
f 3506 2317 9183
f 6034 1785 9183
f 2235 8655 9183
f 9183 8655 6034
f 8835 2235 9183
f 9183 2317 8835
f 9184 34 440
f 440 3929 9184
f 9184 3929 8070
f 34 9184 8509
f 8509 9184 8070
f 9185 2529 1017
f 1094 2529 9185
f 1017 6449 9185
f 6449 1786 9185
f 8038 1094 9185
f 9185 1786 8038
f 3931 9186 2433
f 9186 3931 5553
f 5553 4455 9186
f 2433 9186 7609
f 9186 4455 7609
f 1813 9187 1
f 9187 1813 3324
f 1952 9187 3324
f 1 9187 7758
f 7758 9187 1952
f 9188 2615 3684
f 9188 6310 1995
f 1995 8072 9188
f 8072 2615 9188
f 3684 8313 9188
f 8313 6310 9188
f 9189 3327 2583
f 685 4401 9189
f 9189 4401 3327
f 5492 9189 2583
f 8600 685 9189
f 8600 9189 5492
f 1792 9190 1929
f 9190 6692 1929
f 6692 9190 3340
f 9047 9190 1792
f 9190 9047 3340
f 4712 9191 2076
f 5499 2213 9191
f 9191 5905 2076
f 9191 2213 5905
f 8919 9191 4712
f 8919 5499 9191
f 9192 995 3659
f 9192 3659 4642
f 6540 995 9192
f 4029 6540 9192
f 4029 9192 7159
f 7159 9192 4642
f 5559 9193 2242
f 2932 9193 5559
f 9193 5966 2242
f 8533 9193 2932
f 8533 5966 9193
f 3137 9194 1749
f 3656 9194 3137
f 9194 3656 3370
f 1749 9194 5460
f 5460 9194 3370
f 9195 525 2108
f 2246 9195 2108
f 9195 5691 525
f 2246 8299 9195
f 8299 5691 9195
f 9196 6036 296
f 6036 9196 4960
f 9196 296 7090
f 9196 8084 4960
f 9196 7090 8084
f 7136 6127 9197
f 9197 6127 8127
f 8010 9197 8127
f 9197 9133 7136
f 9133 9197 8010
f 6407 9198 2704
f 6407 6593 9198
f 9198 2291 7446
f 2704 9198 7446
f 1203 4110 9199
f 9199 4110 2568
f 5667 1203 9199
f 5667 9199 4659
f 9199 2568 6405
f 4659 9199 6405
f 9200 1493 8051
f 3367 9201 4817
f 9201 7691 1335
f 7691 9201 3367
f 1335 8574 9201
f 9201 8574 4817
f 9202 6418 7666
f 423 9202 8551
f 8551 9202 7666
f 5307 1157 9203
f 5307 9203 1537
f 1537 9203 6320
f 9203 1157 7822
f 9203 7822 6320
f 7495 9204 3377
f 3849 9204 7495
f 9204 8025 3377
f 8656 9204 3849
f 8025 9204 8656
f 9205 1539 5233
f 5505 1539 9205
f 7940 9205 2649
f 7940 5505 9205
f 9206 4577 1583
f 9206 3839 6165
f 1583 6868 9206
f 6868 3839 9206
f 7664 4577 9206
f 6165 7664 9206
f 9207 1164 410
f 3095 9207 5458
f 5458 9207 3164
f 8370 1164 9207
f 8370 9207 3095
f 9207 410 8501
f 9207 8501 3164
f 4798 9208 2190
f 9208 1687 6607
f 2190 9208 6607
f 6556 9209 1991
f 4196 9209 6556
f 1991 9209 7588
f 9210 2817 3354
f 4130 9210 3354
f 4984 4068 9210
f 4984 9210 4130
f 9210 7234 2817
f 9210 4068 7234
f 1404 9211 3979
f 3979 9211 2258
f 293 9211 4741
f 9211 1404 4741
f 8862 9211 293
f 2258 9211 8862
f 250 710 9212
f 8028 8796 9212
f 710 9145 9212
f 9212 9145 8028
f 4490 9213 3412
f 6897 9213 4490
f 5765 9213 6897
f 3412 9213 8059
f 9213 5765 8059
f 3314 707 9214
f 6466 9214 1880
f 6466 3314 9214
f 9214 707 6654
f 1880 9214 8434
f 9214 6654 8434
f 1143 9215 26
f 4701 9215 1143
f 4982 9215 4701
f 26 9215 8062
f 8062 9215 4982
f 9216 5018 6110
f 7390 5702 9216
f 6110 7390 9216
f 9216 5702 7991
f 8103 5018 9216
f 7991 8103 9216
f 9217 1762 714
f 8913 9217 714
f 7786 9217 8913
f 2380 9218 131
f 9218 2380 4702
f 2645 9218 4702
f 131 9218 7027
f 9218 2645 7027
f 1111 9219 1390
f 9219 1111 4794
f 2080 9219 4794
f 1390 9219 6475
f 6475 9219 2080
f 9220 3364 720
f 3364 9220 3177
f 3177 9220 8114
f 9221 3604 5500
f 6138 9221 2227
f 3604 9221 6138
f 9221 8868 2227
f 8868 9221 5500
f 720 5980 9222
f 9222 8017 5621
f 5980 8017 9222
f 5621 8114 9222
f 9222 9220 720
f 8114 9220 9222
f 3879 754 9223
f 9223 4477 3879
f 754 5248 9223
f 9223 5248 4135
f 4135 7531 9223
f 9224 292 3386
f 1241 9224 3386
f 292 9224 6173
f 7109 9224 1241
f 9224 7109 6173
f 1816 9225 337
f 1816 4043 9225
f 337 9225 6511
f 9225 3367 6511
f 9225 7691 3367
f 4043 7691 9225
f 9226 2166 726
f 6219 2166 9226
f 9226 7671 6219
f 8802 9226 726
f 7671 9226 8802
f 3420 5625 9227
f 9227 2918 7038
f 3420 9227 7038
f 8767 2918 9227
f 8767 9227 5625
f 445 9228 757
f 9228 5835 757
f 3801 5835 9228
f 8960 9228 445
f 9228 8960 3801
f 3972 9229 4410
f 9229 3972 8077
f 7009 9229 8077
f 9229 8081 4410
f 8081 9229 7009
f 6086 9230 4701
f 6568 9230 4349
f 4701 9230 6568
f 4349 9230 7043
f 9230 6086 7043
f 1455 2961 9231
f 5553 9231 2961
f 3931 9231 5553
f 1455 9231 7649
f 9231 3931 7649
f 9232 898 3288
f 9232 3288 3892
f 6893 898 9232
f 7681 6893 9232
f 8624 9232 3892
f 7681 9232 8624
f 9233 1065 1439
f 4968 9233 1439
f 4968 4051 9233
f 9233 5474 1065
f 4051 5474 9233
f 9234 5072 1
f 5072 9234 2866
f 1 6899 9234
f 2866 9234 7044
f 9234 6899 7044
f 447 2278 9235
f 2278 940 9235
f 447 9235 3326
f 3326 9235 2652
f 9235 940 7885
f 9235 7885 2652
f 8042 9236 3394
f 4367 9236 8042
f 9236 8045 3394
f 9236 4367 8656
f 8045 9236 8656
f 152 9237 3368
f 9237 2137 3368
f 2137 9237 4701
f 6047 9237 152
f 9237 6047 4701
f 8121 9238 4226
f 4974 9239 3489
f 3489 9239 7661
f 9239 4910 7661
f 9240 4874 2117
f 2117 7394 9240
f 9240 7394 3374
f 8606 9240 3374
f 4874 9240 8606
f 3714 9241 290
f 290 9241 5562
f 5562 9241 4048
f 9241 3714 7697
f 4048 9241 7697
f 5752 4097 9242
f 9242 5861 1448
f 4097 5861 9242
f 9242 1448 7021
f 5752 9242 8706
f 8706 9242 7021
f 4473 9243 742
f 9243 4473 3375
f 9243 5674 742
f 2403 9244 63
f 2403 738 9244
f 63 9244 3455
f 9244 3446 3455
f 738 4520 9244
f 9244 4520 3446
f 3753 9245 2637
f 3063 9245 5142
f 9245 3753 5142
f 2637 9245 8132
f 9245 3063 8132
f 4009 739 9246
f 4009 9246 3771
f 3771 9246 5210
f 9246 4878 5210
f 739 5985 9246
f 9246 5985 4878
f 1450 777 9247
f 1450 9247 7105
f 777 7345 9247
f 9247 7345 6287
f 9247 6287 7801
f 7105 9247 7801
f 5884 9248 3273
f 3273 9248 6650
f 9248 5884 6677
f 9248 8718 6650
f 8718 9248 6677
f 1836 9249 702
f 1099 9249 1836
f 4161 9249 1099
f 702 9249 8096
f 9249 4161 8096
f 5541 4889 9250
f 9250 4889 8582
f 9250 8582 7393
f 9129 9250 7393
f 9251 2104 3504
f 2104 9251 5740
f 9251 3349 5740
f 9251 6529 3349
f 6529 9251 3504
f 9252 8174 2291
f 9252 6593 8905
f 8174 9252 8905
f 9198 9252 2291
f 9198 6593 9252
f 4108 3498 9253
f 8172 9253 2080
f 8172 4108 9253
f 9253 8652 2080
f 9253 3498 8652
f 9254 4095 3382
f 7727 9254 3382
f 4053 9254 7727
f 9101 9254 4053
f 4095 9254 9101
f 781 99 9255
f 2110 3339 9255
f 4722 781 9255
f 9255 3339 4722
f 9255 99 8583
f 8583 2110 9255
f 7301 9256 7710
f 8787 9256 7301
f 9257 657 5553
f 5553 3271 9257
f 9257 3271 7711
f 657 9257 8726
f 8726 9257 7711
f 1170 486 9258
f 1705 9258 6120
f 7948 1170 9258
f 7948 9258 1705
f 9258 486 8581
f 9258 8581 6120
f 102 1911 9259
f 1911 139 9259
f 9259 139 7466
f 9259 7466 1847
f 102 9259 7967
f 7967 9259 1847
f 1176 125 9260
f 9260 1008 1586
f 1586 1176 9260
f 2608 1008 9260
f 9260 125 8176
f 8176 2608 9260
f 792 224 9261
f 7706 792 9261
f 7706 9261 4194
f 4194 9261 8198
f 9261 224 8724
f 9261 8724 8198
f 5554 3614 9262
f 9262 3614 7295
f 9262 7295 9072
f 7861 9262 9072
f 9088 5554 9262
f 9088 9262 7861
f 9263 1479 2242
f 6617 6664 9263
f 9263 8357 1479
f 6664 8357 9263
f 8591 9263 2242
f 6617 9263 8591
f 345 9264 1484
f 1484 9264 758
f 345 3543 9264
f 3543 5527 9264
f 9264 9004 758
f 9264 5527 9004
f 9265 162 3292
f 9265 1272 4993
f 5558 1272 9265
f 3292 5558 9265
f 6869 162 9265
f 4993 6869 9265
f 9266 3968 4487
f 798 5111 9266
f 9266 5111 3968
f 5255 798 9266
f 1243 1226 9267
f 1226 4801 9267
f 9267 4801 3331
f 9267 6427 1243
f 3331 8988 9267
f 8988 6427 9267
f 1 9268 1925
f 1925 9268 5597
f 5597 9268 3391
f 5868 9268 1
f 9268 5868 3391
f 3200 45 9269
f 1244 4088 9269
f 45 6481 9269
f 9269 6481 1244
f 9269 7534 3200
f 4088 7534 9269
f 9270 4089 4056
f 9270 8013 4089
f 3471 9271 2348
f 2770 9271 4410
f 9271 3471 4410
f 2348 9271 8158
f 9271 2770 8158
f 4563 2038 9272
f 9272 2038 7654
f 7183 9272 7654
f 9272 8700 4563
f 8700 9272 7183
f 4707 9273 6634
f 9273 7296 2235
f 7296 9273 4707
f 7929 9273 2235
f 6634 9273 7929
f 1699 9274 1
f 9274 1699 6635
f 5637 9274 6635
f 9274 8241 1
f 8241 9274 5637
f 5565 3208 9275
f 9275 7018 2076
f 9275 3208 7018
f 9011 9275 2076
f 9011 5565 9275
f 9276 3994 8013
f 3994 9276 8418
f 9276 4056 8418
f 9276 9270 4056
f 9270 9276 8013
f 1199 2755 9277
f 9277 2755 1278
f 1278 3720 9277
f 5005 1199 9277
f 3720 5378 9277
f 9277 5378 5005
f 3987 804 9278
f 3987 9278 7693
f 7693 9278 8051
f 804 9200 9278
f 9278 9200 8051
f 1 2109 9279
f 9279 2109 3436
f 3167 9279 3436
f 1 9279 9015
f 9015 9279 3167
f 2432 807 9280
f 9280 4027 2432
f 4704 4027 9280
f 8362 4704 9280
f 2522 9281 772
f 1447 9281 2522
f 772 9281 3743
f 9281 3289 3743
f 9281 1447 5874
f 2991 9281 5874
f 2991 7304 9281
f 7304 3289 9281
f 5529 5572 9282
f 6787 9282 141
f 6787 5529 9282
f 5572 3035 9283
f 9283 6789 141
f 9283 3035 6789
f 141 9282 9283
f 9282 5572 9283
f 890 9284 3260
f 890 5573 9284
f 5573 3886 9284
f 3260 9284 7145
f 9284 3886 7569
f 9284 7569 7145
f 811 2180 9285
f 9285 2180 1078
f 1078 6900 9285
f 8714 811 9285
f 9286 2945 697
f 1944 2945 9286
f 9286 697 3083
f 2539 9286 3083
f 6207 1944 9286
f 6207 9286 2539
f 630 9287 4085
f 4085 9287 2611
f 7184 9287 630
f 2611 9287 7702
f 9287 7184 7702
f 9288 607 7083
f 6093 9288 7083
f 8282 9288 6093
f 9288 8767 607
f 9288 8282 8767
f 9289 210 2318
f 4113 1535 9289
f 4113 9289 2318
f 4702 210 9289
f 9289 1535 4702
f 819 397 9290
f 7121 819 9290
f 9290 8070 7121
f 8509 8070 9290
f 9290 397 8859
f 8859 8509 9290
f 1051 1514 9291
f 6685 5767 9291
f 6216 6685 9291
f 9291 8366 1051
f 9291 5767 8366
f 1514 8556 9291
f 9291 8556 6216
f 5543 4058 9292
f 9292 4058 7732
f 9014 1532 9292
f 7732 9014 9292
f 9292 1532 9105
f 9105 5543 9292
f 823 1014 9293
f 4487 823 9293
f 9293 9266 4487
f 5255 9266 9293
f 6222 9294 6690
f 6834 9294 1108
f 9294 6834 6690
f 9294 8825 1108
f 8825 9294 6222
f 352 314 9295
f 9295 129 1266
f 1266 352 9295
f 9295 314 6890
f 8173 129 9295
f 6890 8173 9295
f 1219 892 9296
f 4170 1219 9296
f 9296 5044 4170
f 6666 5044 9296
f 9296 892 9000
f 9000 6666 9296
f 2800 6693 9297
f 6693 6521 9297
f 2800 9297 7300
f 7300 9297 4740
f 9297 9106 4740
f 9297 6521 9106
f 9298 3013 2066
f 9298 1230 3340
f 3013 9298 3340
f 1230 9298 3572
f 3572 9298 2066
f 6848 1957 9299
f 1957 6971 9299
f 9299 6971 4731
f 4731 8607 9299
f 9299 8813 6848
f 8607 8813 9299
f 9300 7434 3801
f 9300 7749 789
f 7749 9300 3801
f 8598 9300 789
f 7434 9300 8598
f 1 9301 4933
f 5964 9301 1
f 9301 5964 3422
f 8631 9301 3422
f 4933 9301 8631
f 4992 9302 5622
f 9302 8595 5622
f 8657 9302 4992
f 2340 9303 496
f 2737 49 9303
f 2340 2737 9303
f 5500 496 9303
f 5500 9303 2436
f 5691 9303 49
f 2436 9303 8246
f 9303 5691 8246
f 9304 3051 3289
f 4146 9304 794
f 3051 9304 4146
f 9304 7746 794
f 3289 7746 9304
f 1468 1870 9305
f 1468 9305 5130
f 5130 9305 3427
f 9305 1987 8437
f 9305 8437 3427
f 1870 8903 9305
f 9305 8903 1987
f 9306 3244 4884
f 3244 9306 7234
f 9306 3797 7234
f 3797 9306 8944
f 8944 9306 4884
f 1188 9307 1025
f 9307 3210 1025
f 1931 3210 9307
f 5031 9307 1188
f 5031 1931 9307
f 2729 5900 9308
f 9308 5900 6307
f 7237 2729 9308
f 9308 6154 7237
f 8186 6154 9308
f 6307 8186 9308
f 9309 2310 5994
f 9309 5994 3390
f 9310 3332 2272
f 4250 3332 9310
f 4250 9310 6545
f 9118 9310 2272
f 6545 9310 9118
f 2516 9311 1003
f 2521 9311 2516
f 6396 9311 2521
f 1003 9311 7730
f 9311 6396 7730
f 3469 9312 800
f 800 9312 6670
f 9312 4758 6670
f 2716 9313 1640
f 9313 2716 4701
f 4701 7525 9313
f 1640 9313 8190
f 9313 7525 8190
f 9314 4706 769
f 7088 9314 769
f 5976 9314 7088
f 4706 9314 8297
f 9314 5976 8297
f 1325 4162 9315
f 5034 1325 9315
f 9315 2395 5034
f 6703 2395 9315
f 9315 4162 7648
f 7648 6703 9315
f 2636 9316 407
f 9316 2636 2177
f 2177 3665 9316
f 407 9316 7138
f 9316 3665 7138
f 9317 1251 4701
f 1251 9317 4946
f 4946 9317 3439
f 9317 6949 3439
f 4701 6949 9317
f 963 673 9318
f 673 1152 9318
f 9318 1152 5230
f 5230 5611 9318
f 9318 6874 963
f 5611 6874 9318
f 9319 390 1662
f 3247 9319 1662
f 3480 9319 3247
f 3480 5613 9319
f 9319 6289 390
f 5613 6289 9319
f 1606 9320 3480
f 5613 9320 2117
f 9320 5613 3480
f 7394 9320 1606
f 9320 7394 2117
f 9321 3104 2120
f 3104 9321 4647
f 4647 9321 6063
f 8419 9321 2120
f 8419 6063 9321
f 4179 1150 9322
f 9322 6286 776
f 9322 1150 6286
f 6956 4179 9322
f 8944 9322 776
f 6956 9322 8944
f 7252 9323 8169
f 1972 9323 8327
f 8327 9323 7252
f 8406 9324 8170
f 1972 9141 9324
f 9324 9141 8170
f 1281 3846 9325
f 9325 3846 2366
f 5540 1281 9325
f 9325 2366 8662
f 9326 598 5013
f 9326 5013 7118
f 5442 9326 7118
f 9326 7544 598
f 7544 9326 5442
f 9327 1892 2791
f 9327 2791 6988
f 1892 9327 9121
f 9327 6988 9121
f 4526 9328 1549
f 6064 824 9328
f 6064 9328 4526
f 9328 6507 1549
f 824 7596 9328
f 9328 7596 6507
f 1466 9329 2362
f 2362 9329 3776
f 9329 7586 3776
f 9329 6554 7586
f 1466 8206 9329
f 8206 6554 9329
f 9330 587 1755
f 1755 3829 9330
f 3829 5617 9330
f 9330 6436 587
f 5617 6436 9330
f 937 9331 6098
f 6098 9331 4919
f 9331 6613 4919
f 9331 937 9085
f 6613 9331 9085
f 1345 828 9332
f 828 5588 9332
f 5588 3189 9332
f 9332 6923 1345
f 9332 3189 6923
f 9333 825 1362
f 825 9333 3454
f 3454 9333 2338
f 7793 9333 1362
f 9333 7793 2338
f 9334 5291 833
f 5291 9334 3801
f 3801 9334 8426
f 7750 9335 6311
f 6311 9335 7813
f 9335 8218 7813
f 9336 4253 6735
f 4463 9336 6735
f 7076 9336 4463
f 3429 1629 9337
f 189 9337 5838
f 9337 1629 7441
f 9337 7441 5838
f 653 9338 3464
f 3464 9338 3387
f 3387 9338 5653
f 6548 9338 653
f 232 9339 2832
f 2832 9339 2302
f 2302 9339 4109
f 4109 9339 5206
f 9339 232 8827
f 5206 9339 8827
f 9340 3801 4906
f 565 9340 6549
f 9340 4906 6549
f 7327 9340 565
f 8224 3801 9340
f 7327 8224 9340
f 9341 644 766
f 9341 6538 644
f 5628 6538 9341
f 7356 5628 9341
f 8930 9341 766
f 7356 9341 8930
f 4375 5711 9342
f 9342 6444 4375
f 5711 7658 9342
f 7721 2381 9342
f 9342 7658 7721
f 2381 9087 9342
f 9342 9087 6444
f 1791 9343 3177
f 3661 9343 2150
f 3177 9343 3661
f 9343 1791 7772
f 2150 9343 7772
f 9344 311 2623
f 2956 9344 2623
f 7815 9344 2956
f 7815 8234 9344
f 9344 8845 311
f 8234 8845 9344
f 9345 1277 3507
f 2009 9345 5701
f 5701 9345 3507
f 7087 1277 9345
f 2009 7087 9345
f 9346 2512 3232
f 1314 4025 9346
f 9346 4025 2512
f 4170 9346 3232
f 5044 1314 9346
f 5044 9346 4170
f 2235 1374 9347
f 9347 1374 6758
f 6172 9347 6758
f 9347 8771 2235
f 8771 9347 6172
f 3168 9348 4702
f 9348 3168 4965
f 4026 9348 4965
f 8400 9348 4026
f 4702 9348 8400
f 9349 1882 320
f 1316 1882 9349
f 4789 9349 470
f 4789 1316 9349
f 9349 320 5098
f 470 9349 5098
f 4370 9350 4714
f 4370 5636 9350
f 9350 6215 364
f 5636 6215 9350
f 9350 364 7653
f 4714 9350 7653
f 855 9351 2744
f 9351 4667 2744
f 6314 4667 9351
f 7339 6314 9351
f 8473 9351 855
f 7339 9351 8473
f 2816 1003 9352
f 3398 1357 9352
f 1357 4292 9352
f 9352 4292 2816
f 1003 7730 9352
f 9352 7730 3398
f 4051 9353 2900
f 3730 9353 4968
f 9353 4051 4968
f 9353 8099 2900
f 3730 8099 9353
f 1261 9354 91
f 9354 1261 4989
f 4989 5326 9354
f 91 9354 8198
f 9354 5326 8198
f 9355 1800 5325
f 4512 9355 5325
f 9355 6188 1800
f 4219 6188 9355
f 7279 4219 9355
f 7279 9355 4512
f 3111 5052 9356
f 9356 5130 330
f 5052 5130 9356
f 330 5640 9356
f 9356 8985 3111
f 9356 5640 8985
f 5165 2400 9357
f 5165 9357 6109
f 6109 9357 6650
f 9357 6873 6650
f 5507 9358 1761
f 3307 9358 5507
f 9358 6182 1761
f 9358 3561 6182
f 3307 6766 9358
f 6766 3561 9358
f 2124 9359 865
f 1006 9359 2124
f 9359 8329 865
f 9359 1006 8533
f 8329 9359 8533
f 9360 1616 3487
f 1616 9360 6689
f 6689 9360 5155
f 8858 9360 3487
f 5155 9360 8858
f 9361 4609 7148
f 1135 9361 8543
f 8543 9361 7148
f 9361 1135 8767
f 4609 9361 8767
f 4563 6298 9362
f 9362 6298 7798
f 6515 9362 7798
f 8023 4563 9362
f 8023 9362 6515
f 6502 9363 5410
f 9363 8140 3184
f 6502 8140 9363
f 9363 3184 8207
f 5410 9363 8207
f 9364 29 3791
f 9364 3791 835
f 5650 29 9364
f 626 5650 9364
f 626 9364 6535
f 6535 9364 835
f 9365 1100 2368
f 2058 9365 4635
f 4635 9365 2368
f 1100 9365 5035
f 9365 2058 5035
f 3650 2820 9366
f 9366 2820 7834
f 7834 5653 9366
f 1806 2034 9367
f 1806 9367 8201
f 9367 6806 8324
f 8201 9367 8324
f 2034 9008 9367
f 9367 9008 6806
f 9368 1903 2409
f 9368 4573 1335
f 7159 9368 2409
f 4573 9368 7159
f 8533 9368 1335
f 8533 1903 9368
f 2095 1998 9369
f 9369 4133 110
f 1998 6331 9369
f 9369 6331 4133
f 8005 9369 110
f 2095 9369 8005
f 4045 9370 6615
f 6615 9370 5486
f 6895 9370 4045
f 5486 9370 8216
f 9370 6895 8216
f 948 9371 877
f 9371 3283 877
f 3283 9371 3670
f 3799 9372 114
f 114 9372 5689
f 9372 7231 5689
f 7589 9373 8255
f 8755 9373 7589
f 9373 8880 8255
f 9374 4691 2092
f 2412 4691 9374
f 2375 1904 9375
f 3969 2375 9375
f 9375 1904 8835
f 8835 7852 9375
f 31 2376 9376
f 9376 4281 31
f 9376 4898 2282
f 2376 4898 9376
f 2282 7380 9376
f 7380 4281 9376
f 9377 1701 1335
f 2336 1833 9377
f 2749 1701 9377
f 9377 1335 8711
f 2336 9377 8711
f 1833 8827 9377
f 8827 2749 9377
f 9378 82 6333
f 5347 9378 6333
f 9378 7062 82
f 6784 7062 9378
f 8634 9378 5347
f 8634 6784 9378
f 9379 478 6786
f 478 9379 7929
f 9379 2462 7929
f 912 1069 9380
f 6900 912 9380
f 6900 9380 9285
f 9285 9380 8714
f 1309 1058 9381
f 1009 1422 9381
f 8085 1309 9381
f 9381 1422 8085
f 9165 1009 9381
f 9381 1058 9165
f 9382 2464 3056
f 3437 9382 3056
f 9382 3437 3530
f 2464 9382 6195
f 6195 9382 3530
f 5596 9383 3000
f 1826 9383 6677
f 6677 9383 5596
f 9383 1826 6749
f 3000 9383 6749
f 4624 9384 1112
f 4624 5631 9384
f 1112 9384 6803
f 9384 1358 6803
f 9384 7179 1358
f 5631 7179 9384
f 440 1861 9385
f 9385 4255 440
f 4255 9385 3123
f 9385 1861 8233
f 3123 9385 8233
f 7107 9386 6483
f 7113 2461 9386
f 7113 9386 7107
f 2461 9160 9386
f 9386 9160 6483
f 708 667 9387
f 667 897 9387
f 9387 897 6202
f 6202 2462 9387
f 6786 708 9387
f 2462 9379 9387
f 9387 9379 6786
f 5672 4759 9388
f 6582 5672 9388
f 4651 8042 9388
f 9388 8042 6582
f 8450 4651 9388
f 9388 4759 8450
f 1335 1488 9389
f 9389 1488 4994
f 2867 9389 4994
f 9389 7249 1335
f 2867 7249 9389
f 6697 83 9390
f 5406 6697 9390
f 1397 6939 9390
f 9390 6939 5406
f 9390 83 8739
f 8739 1397 9390
f 9391 4081 631
f 4081 9391 2609
f 5805 9391 631
f 2609 9391 7835
f 9391 5805 7835
f 322 9392 2394
f 322 4246 9392
f 4246 2490 9392
f 9392 2490 7617
f 2394 9392 8707
f 9392 7617 8707
f 4766 9393 631
f 9393 7269 631
f 7269 9393 5762
f 9393 4766 7838
f 5762 9393 7838
f 3375 3602 9394
f 7861 5674 9394
f 3602 8831 9394
f 9394 9088 7861
f 9394 8831 9088
f 9394 9243 3375
f 5674 9243 9394
f 3625 9395 3508
f 9395 4340 3508
f 4340 9395 9101
f 3300 9396 2216
f 982 5813 9396
f 982 9396 6365
f 9396 3300 6365
f 2216 9396 8271
f 9396 5813 8271
f 927 5615 9397
f 9397 5615 4477
f 7531 927 9397
f 9223 9397 4477
f 7531 9397 9223
f 894 9398 2053
f 2053 9398 3670
f 9398 6139 3670
f 7224 9398 894
f 6139 9398 7224
f 9399 573 7181
f 5754 9399 7181
f 7946 9399 5754
f 8767 573 9399
f 9399 7946 8767
f 812 895 9400
f 1932 812 9400
f 9400 3413 1932
f 895 4525 9400
f 9400 4525 3413
f 9401 2299 5720
f 2946 9401 5720
f 6595 9401 2946
f 2299 9401 7397
f 9401 6595 7397
f 60 9402 177
f 177 9402 2057
f 9402 525 2057
f 5722 9402 60
f 5722 5190 9402
f 8852 525 9402
f 5190 8852 9402
f 2377 9403 4062
f 9403 4257 2002
f 2377 4257 9403
f 9403 2002 7129
f 9403 7129 4062
f 9404 870 2529
f 3081 9404 2529
f 9404 3081 7882
f 870 9404 8964
f 8964 9404 7882
f 2848 254 9405
f 2404 2848 9405
f 2404 9405 4250
f 9405 254 5500
f 4250 9405 5500
f 9406 3425 1
f 3425 9406 1224
f 1224 9406 7223
f 8341 9406 1
f 9406 8341 7223
f 1335 9407 6297
f 8257 9407 1335
f 9407 8257 2443
f 8900 9407 2443
f 6297 9407 8900
f 4532 9408 3456
f 9408 4532 4989
f 4989 6362 9408
f 3456 9408 8293
f 9408 6362 8293
f 4216 5656 9409
f 9409 8342 2542
f 5656 8342 9409
f 9410 4571 2210
f 3340 4571 9410
f 9410 4858 3340
f 7205 9410 2210
f 4858 9410 7205
f 2246 4744 9411
f 9411 5043 1290
f 2837 5043 9411
f 9411 1290 6812
f 9411 6812 5691
f 8260 2837 9411
f 9411 4744 8260
f 8299 2246 9411
f 8299 9411 5691
f 1769 9412 3525
f 9412 4537 3525
f 7553 9412 1769
f 9101 4537 9412
f 9412 7553 9101
f 9413 7846 3562
f 8516 9413 3562
f 4816 9413 8516
f 9414 2703 3527
f 9101 2703 9414
f 9414 5777 9101
f 4702 5428 9415
f 9415 6366 4702
f 5287 6366 9415
f 5287 9415 8298
f 9415 5428 8298
f 9416 2754 113
f 2416 2754 9416
f 113 4000 9416
f 4000 3888 9416
f 5107 2416 9416
f 9416 3888 5107
f 6441 9417 5383
f 5383 9417 8259
f 9417 9120 8259
f 9418 4068 4984
f 1027 9418 6181
f 6181 9418 4984
f 9418 1027 7973
f 4068 9418 7973
f 9419 725 1755
f 1755 4285 9419
f 4285 5663 9419
f 9419 6626 725
f 5663 6626 9419
f 9420 1437 911
f 1437 9420 3801
f 3801 9420 4652
f 5743 9420 911
f 4652 9420 5743
f 1901 9421 499
f 3373 913 9421
f 3373 9421 1901
f 9421 7964 499
f 913 9122 9421
f 9421 9122 7964
f 9422 268 3976
f 9422 3976 4190
f 5696 268 9422
f 5788 5696 9422
f 5560 916 9423
f 7144 4105 9423
f 916 8200 9423
f 9423 8200 7144
f 4105 8911 9423
f 9423 8911 5560
f 9424 1159 3649
f 3049 9424 3649
f 5566 9424 3049
f 9424 5566 8263
f 4190 5705 9425
f 5705 5405 9425
f 9425 5405 9131
f 9131 5788 9425
f 9425 9422 4190
f 5788 9422 9425
f 9426 157 3530
f 1961 5671 9426
f 9426 6054 157
f 5671 6054 9426
f 1961 9426 7139
f 7139 9426 3530
f 1490 9427 4519
f 4909 9427 3771
f 4519 9427 4909
f 9427 1490 8351
f 3771 9427 8351
f 1445 962 9428
f 1445 9428 2913
f 9428 7610 2913
f 962 8777 9428
f 9428 8777 7610
f 401 9429 2456
f 7363 9429 401
f 9429 7363 3402
f 9429 9016 2456
f 3402 9016 9429
f 9430 3027 2585
f 964 4158 9430
f 9430 4158 3027
f 4878 964 9430
f 4878 9430 2585
f 844 4274 9431
f 4274 2373 9431
f 844 9431 5669
f 5669 9431 1369
f 9431 7456 1369
f 9431 2373 7456
f 9432 323 2187
f 5192 9432 2187
f 2929 9432 5192
f 323 9432 8725
f 8725 9432 2929
f 9433 85 1218
f 9433 1218 1148
f 1810 9433 1148
f 8356 85 9433
f 9059 9433 1810
f 9059 8356 9433
f 1846 30 9434
f 9434 1083 2078
f 2199 2494 9434
f 9434 816 3078
f 9434 3092 2199
f 3871 1846 9434
f 4176 3092 9434
f 4139 4176 9434
f 9434 4779 38
f 2494 4779 9434
f 4816 3611 9434
f 1534 9434 5189
f 5189 9434 3542
f 3611 5827 9434
f 5890 1083 9434
f 3078 5890 9434
f 1534 6363 9434
f 9434 2078 7820
f 5042 9434 7820
f 9434 7842 4139
f 6363 7842 9434
f 38 7846 9434
f 9434 7877 3871
f 9434 5827 7877
f 9434 30 8753
f 9027 816 9434
f 8753 9027 9434
f 3542 9434 9065
f 9065 9434 5042
f 9434 9413 4816
f 7846 9413 9434
f 2324 9435 939
f 939 9435 5478
f 5478 9435 4336
f 9435 2324 8272
f 4336 9435 8272
f 2089 1803 9436
f 7043 3869 9436
f 8471 2089 9436
f 9436 3869 8471
f 9436 1803 9135
f 9135 7043 9436
f 3967 9437 631
f 2880 9437 3967
f 7912 9437 2880
f 7710 9437 7912
f 9256 9437 7710
f 9438 1410 2480
f 2480 1487 9438
f 1487 5797 9438
f 9438 5797 3074
f 8321 1410 9438
f 3074 8321 9438
f 302 353 9439
f 9439 411 450
f 411 9439 525
f 9439 259 631
f 9439 487 1070
f 9439 1808 258
f 9439 2872 302
f 3177 2386 9439
f 3340 9439 450
f 634 9439 3349
f 3515 1902 9439
f 3567 373 9439
f 3340 3567 9439
f 1680 3636 9439
f 3636 1793 9439
f 634 3708 9439
f 3799 2872 9439
f 9439 1902 3896
f 9439 1793 3986
f 4196 3699 9439
f 9439 4220 259
f 2386 4220 9439
f 1440 4275 9439
f 4306 136 9439
f 580 4306 9439
f 258 4810 9439
f 9439 866 4888
f 9439 4275 4960
f 1564 5096 9439
f 5336 1564 9439
f 9439 5500 3349
f 9439 631 5553
f 5336 9439 5553
f 9439 5646 663
f 4775 5646 9439
f 5790 3691 9439
f 3986 5790 9439
f 9439 6083 866
f 5787 6083 9439
f 1129 6178 9439
f 2466 6309 9439
f 9439 1070 6627
f 6627 5787 9439
f 3177 9439 6709
f 6709 9439 4888
f 9439 6892 525
f 6178 6892 9439
f 4810 7231 9439
f 7313 487 9439
f 5444 7313 9439
f 9439 136 7539
f 7539 3515 9439
f 373 7588 9439
f 7611 2466 9439
f 3708 7611 9439
f 9439 7660 1680
f 6601 7660 9439
f 1440 9439 7908
f 585 8029 9439
f 9439 8029 5444
f 353 8053 9439
f 9439 8053 1129
f 8074 585 9439
f 8084 9439 4960
f 5500 9439 8084
f 663 8107 9439
f 8147 1808 9439
f 9439 8213 580
f 8107 8213 9439
f 8657 4775 9439
f 9439 6309 8800
f 9439 3691 8876
f 8876 8595 9439
f 9439 6265 8951
f 8951 6601 9439
f 9439 3896 9076
f 9076 8147 9439
f 9112 6265 9439
f 8800 9112 9439
f 3699 9158 9439
f 9439 9158 8074
f 9439 9209 4196
f 7588 9209 9439
f 8595 9302 9439
f 9439 9302 8657
f 9372 3799 9439
f 9439 7231 9372
f 9440 3670 932
f 8752 9440 932
f 7627 9440 8752
f 9440 8838 3670
f 9440 7627 8838
f 1364 887 9441
f 2065 9441 3331
f 7255 1364 9441
f 7255 9441 2065
f 9441 887 8988
f 9441 8988 3331
f 3879 9442 408
f 4477 934 9442
f 4477 9442 3879
f 9442 6180 408
f 934 7288 9442
f 9442 7288 6180
f 9443 6843 6296
f 978 9443 8860
f 9443 6296 8860
f 9106 9443 978
f 9106 6843 9443
f 704 1874 9444
f 9444 1874 4410
f 7584 9444 4410
f 704 9444 8283
f 9444 7584 8283
f 4691 9445 2092
f 6304 9445 4691
f 2092 9445 6846
f 7259 9445 6304
f 9445 7259 6846
f 865 9446 948
f 948 9446 4180
f 9446 7867 4180
f 9446 6827 7867
f 865 8329 9446
f 8329 6827 9446
f 3417 9447 2331
f 1428 9447 4702
f 9447 3417 4702
f 9447 1428 8331
f 2331 9447 8331
f 9448 3921 7072
f 7254 9448 7072
f 9448 3515 7539
f 9448 7539 3921
f 7743 3515 9448
f 7743 9448 7254
f 893 9449 5520
f 893 6851 9449
f 6851 5029 9449
f 5520 9449 7240
f 9449 5029 7551
f 9449 7551 7240
f 9450 5037 939
f 9450 939 7136
f 6033 9450 7136
f 5037 9450 7864
f 9450 6033 7864
f 9451 5770 467
f 5770 9451 4633
f 6768 9451 467
f 7373 9451 6768
f 4633 9451 8336
f 8336 9451 7373
f 3566 9452 3241
f 1804 9452 5061
f 5061 9452 3566
f 1804 5731 9452
f 9452 9115 3241
f 5731 9115 9452
f 3177 9453 6559
f 7591 9453 942
f 6559 9453 7591
f 9453 7712 942
f 7712 9453 3177
f 208 1263 9454
f 2021 208 9454
f 2542 2269 9454
f 9454 152 3368
f 3439 1036 9454
f 9454 790 3876
f 9454 1263 3952
f 9454 3952 1755
f 4152 350 9454
f 4616 790 9454
f 4946 3439 9454
f 9454 5734 2096
f 9454 2096 5779
f 3368 5836 9454
f 9454 350 5879
f 5879 1600 9454
f 5970 152 9454
f 1710 5970 9454
f 3876 5999 9454
f 4946 9454 6012
f 9454 5779 6012
f 6477 4216 9454
f 1600 6576 9454
f 9454 6576 1710
f 178 6649 9454
f 1755 7004 9454
f 7004 5734 9454
f 5999 7007 9454
f 9454 7007 6477
f 5836 7354 9454
f 9454 7508 2021
f 6649 7508 9454
f 9454 1036 7529
f 7529 4152 9454
f 7920 4616 9454
f 9454 7354 7920
f 9454 8033 178
f 2269 8033 9454
f 9454 9409 2542
f 4216 9409 9454
f 1772 1412 9455
f 1811 1210 9455
f 1210 2927 9455
f 9455 2927 1772
f 1412 3264 9455
f 9455 3264 1811
f 3523 3429 9456
f 4460 9456 189
f 6654 3523 9456
f 6654 9456 4460
f 9456 9337 189
f 9456 3429 9337
f 9457 2487 2310
f 9457 3873 2487
f 9457 3390 3873
f 9309 9457 2310
f 9457 9309 3390
f 3670 9458 3047
f 4180 9458 948
f 3047 9458 4180
f 9458 9371 948
f 9371 9458 3670
f 851 9459 5947
f 9459 5246 5947
f 982 6365 9459
f 9459 6365 5246
f 7797 9459 851
f 7797 982 9459
f 9460 6392 949
f 6392 9460 6721
f 6721 9460 7378
f 8526 9460 949
f 7378 9460 8526
f 2069 376 9461
f 980 2069 9461
f 980 9461 6904
f 6904 9461 4785
f 9461 376 7751
f 9461 7751 4785
f 4783 9462 375
f 1774 9462 4783
f 1774 8340 9462
f 8340 7745 9462
f 9462 8869 375
f 9462 7745 8869
f 9463 5233 1119
f 1119 5690 9463
f 9463 8484 2649
f 5690 8484 9463
f 2649 9205 9463
f 9205 5233 9463
f 5426 9464 5306
f 5306 9464 7520
f 9464 6476 7520
f 5426 8297 9464
f 9464 8297 6476
f 578 5540 9465
f 8041 578 9465
f 9466 2211 6864
f 40 9466 7056
f 7056 9466 6864
f 9466 40 8732
f 2211 9466 8732
f 9467 1353 3566
f 2923 9467 3566
f 1353 9467 5042
f 8731 9467 2923
f 5042 9467 8731
f 516 381 9468
f 9468 6401 516
f 5742 6401 9468
f 7172 5742 9468
f 9468 7688 7172
f 381 8535 9468
f 9468 8535 7688
f 3246 9469 2163
f 1205 9469 5142
f 5142 9469 3246
f 9469 1205 8303
f 2163 9469 8303
f 2997 9470 958
f 1921 9470 2997
f 9470 4581 958
f 9471 4864 5942
f 7504 3891 9471
f 9471 5942 7504
f 2594 8345 9471
f 8345 4864 9471
f 9471 8712 2594
f 3891 8712 9471
f 9472 3099 3616
f 595 9472 4325
f 4325 9472 3616
f 9472 595 5696
f 5696 3099 9472
f 1225 1144 9473
f 9473 1144 6875
f 9473 6875 6545
f 9118 1225 9473
f 9473 6545 9118
f 3624 9474 2499
f 4045 9474 3624
f 7927 9474 4045
f 2499 9474 8347
f 9474 7927 8347
f 9475 3534 480
f 480 7133 9475
f 1670 8534 9475
f 8534 3534 9475
f 9475 8877 1670
f 7133 8877 9475
f 2498 1028 9476
f 2092 5627 9476
f 5627 2498 9476
f 9476 1028 7979
f 2092 9476 9374
f 9476 7979 9374
f 811 206 9477
f 1058 1309 9477
f 9477 1397 679
f 1 9477 1502
f 9477 635 1502
f 1509 536 9477
f 1386 1509 9477
f 939 9477 1572
f 1765 1688 9477
f 1688 2086 9477
f 2175 459 9477
f 2180 811 9477
f 9477 2015 2180
f 2181 1256 9477
f 9477 2086 2181
f 2487 9477 631
f 717 2695 9477
f 2695 903 9477
f 9477 1398 3029
f 9477 3045 1765
f 3096 1398 9477
f 1475 3098 9477
f 9477 3159 1475
f 9477 3202 349
f 1780 3202 9477
f 9477 3361 717
f 9477 206 3415
f 9477 807 3509
f 2598 3629 9477
f 349 3886 9477
f 4010 1611 9477
f 2722 4010 9477
f 3544 4042 9477
f 9477 1 4060
f 3477 4079 9477
f 3363 4104 9477
f 9477 4110 1203
f 4193 2671 9477
f 9477 4204 3077
f 4261 454 9477
f 3415 4387 9477
f 9477 711 4458
f 4458 1780 9477
f 4575 3363 9477
f 454 4623 9477
f 9477 4623 522
f 9477 1611 4629
f 4629 3106 9477
f 4702 9477 742
f 4702 2574 9477
f 3029 4716 9477
f 2402 4721 9477
f 3077 4797 9477
f 4042 4831 9477
f 9477 4833 2402
f 3941 4833 9477
f 4733 4891 9477
f 4990 3900 9477
f 9477 754 5001
f 9477 5001 1572
f 5058 3096 9477
f 9477 4640 5058
f 5096 621 9477
f 9477 2761 5217
f 5217 4910 9477
f 74 5248 9477
f 5248 754 9477
f 5286 3149 9477
f 4351 5286 9477
f 9477 5455 472
f 3900 5455 9477
f 5500 9477 939
f 3886 5573 9477
f 9477 621 5618
f 5500 5681 9477
f 9477 2551 5687
f 9477 5727 2541
f 5763 2019 9477
f 9477 5817 3228
f 9477 2671 5845
f 5885 1040 9477
f 2574 5885 9477
f 9477 903 5902
f 9477 5957 742
f 5979 3712 9477
f 9477 4104 6035
f 6054 5671 9477
f 5845 6054 9477
f 9477 2367 6102
f 3106 6132 9477
f 9477 6132 3477
f 6151 5727 9477
f 6228 635 9477
f 4831 6244 9477
f 4974 6284 9477
f 9477 786 6302
f 6302 5688 9477
f 1040 6378 9477
f 9477 6378 2107
f 1048 6386 9477
f 6386 5817 9477
f 2107 6402 9477
f 6414 2175 9477
f 9477 3302 6414
f 2019 6418 9477
f 9477 6438 3045
f 3193 6438 9477
f 6471 9477 2487
f 9477 6552 4273
f 6687 4807 9477
f 5687 6687 9477
f 6689 3544 9477
f 6689 9477 4060
f 6771 2761 9477
f 4273 6771 9477
f 9477 5573 6794
f 9477 6815 642
f 3629 6815 9477
f 6823 3302 9477
f 2541 6889 9477
f 6939 1397 9477
f 2072 6939 9477
f 522 6940 9477
f 6940 4110 9477
f 9477 1837 6955
f 6955 3193 9477
f 4716 7022 9477
f 9477 7022 5957
f 9477 7114 2072
f 4079 7114 9477
f 2517 7182 9477
f 7182 6552 9477
f 1203 7201 9477
f 7201 2551 9477
f 9477 7220 1048
f 6284 7220 9477
f 9477 2335 7226
f 9477 7226 6144
f 7250 6228 9477
f 6471 7250 9477
f 7318 2367 9477
f 2535 7318 9477
f 9477 7427 2722
f 9477 3835 7482
f 7482 6151 9477
f 7516 3835 9477
f 9477 3149 7545
f 9477 7668 74
f 4387 7668 9477
f 7694 2335 9477
f 9477 7698 2535
f 4891 7698 9477
f 7701 1837 9477
f 6610 7701 9477
f 7750 1058 9477
f 9477 5671 7767
f 7767 5979 9477
f 7828 2015 9477
f 9477 3712 7899
f 7899 7694 9477
f 7955 3159 9477
f 6144 7955 9477
f 1256 7984 9477
f 9477 7984 2598
f 3234 8181 9477
f 9477 8181 4990
f 9477 8202 2517
f 4797 8202 9477
f 6035 8218 9477
f 4721 8285 9477
f 9477 8285 8291
f 9477 3228 8338
f 8338 3234 9477
f 536 8411 9477
f 9477 8411 5763
f 9477 8435 4575
f 5688 8435 9477
f 8439 9477 5789
f 9477 8439 7908
f 472 8483 9477
f 8483 786 9477
f 9477 8517 631
f 9477 679 8517
f 3098 8529 9477
f 423 8540 9477
f 9477 8540 4261
f 6102 8577 9477
f 9477 5681 8630
f 5789 9477 8630
f 8641 3941 9477
f 9477 8529 8641
f 8689 711 9477
f 8291 8689 9477
f 9477 8755 4733
f 8759 298 9477
f 5902 8759 9477
f 9477 3509 8780
f 8780 7828 9477
f 9477 642 8880
f 8909 3361 9477
f 5618 8909 9477
f 8929 4193 9477
f 9477 6244 8929
f 8938 6823 9477
f 9477 4807 9028
f 6441 9036 9477
f 9477 9036 6610
f 9073 4640 9477
f 6794 9073 9477
f 9075 4204 9477
f 9028 9075 9477
f 9104 7427 9477
f 7545 9104 9477
f 6402 9120 9477
f 9202 423 9477
f 9477 6418 9202
f 4910 9239 9477
f 9477 9239 4974
f 9477 9335 7750
f 8218 9335 9477
f 9373 8755 9477
f 8880 9373 9477
f 9417 6441 9477
f 9477 9120 9417
f 9439 5096 9477
f 7908 9439 9477
f 643 9478 601
f 9478 921 737
f 9478 1 954
f 9478 988 344
f 632 1057 9478
f 9478 892 1219
f 9478 1341 106
f 106 1355 9478
f 631 9478 1499
f 9478 1585 588
f 9478 68 1595
f 588 1622 9478
f 9478 1643 10
f 1921 1161 9478
f 9478 1937 1097
f 1347 1993 9478
f 2010 921 9478
f 9478 1496 2146
f 9478 2276 1590
f 2474 8 9478
f 1595 2501 9478
f 2604 129 9478
f 737 2604 9478
f 856 2676 9478
f 9478 2682 856
f 2376 2682 9478
f 1361 2881 9478
f 2903 1687 9478
f 2543 2914 9478
f 2934 2010 9478
f 9478 2881 2934
f 1371 9478 3002
f 3136 1937 9478
f 9478 3173 2294
f 3177 9478 316
f 3303 2185 9478
f 9478 2914 3366
f 1371 3403 9478
f 3403 2474 9478
f 3441 1643 9478
f 3590 56 9478
f 9478 2639 3590
f 9478 3826 3721
f 10 3890 9478
f 3890 2639 9478
f 3903 1561 9478
f 3279 3903 9478
f 56 3915 9478
f 1622 4211 9478
f 3177 4222 9478
f 9478 8 4226
f 3469 4253 9478
f 4406 3067 9478
f 4554 892 9478
f 2294 4554 9478
f 4701 9478 2145
f 9478 4701 3280
f 9478 1057 4730
f 9478 4730 2281
f 2676 4758 9478
f 4765 1730 9478
f 9478 4798 1499
f 4811 1585 9478
f 1590 4811 9478
f 4814 4144 9478
f 1355 4868 9478
f 9478 4868 3303
f 4879 1496 9478
f 3259 4879 9478
f 4898 2376 9478
f 9478 344 4903
f 2062 9478 4903
f 5056 3866 9478
f 5111 798 9478
f 804 5122 9478
f 9478 5122 3002
f 5173 1194 9478
f 9478 2756 5173
f 9478 5184 316
f 3721 5280 9478
f 1320 5315 9478
f 5321 3441 9478
f 9478 5420 2903
f 5550 1347 9478
f 9478 3866 5550
f 9478 1561 5563
f 5617 100 9478
f 1219 5634 9478
f 5634 4719 9478
f 9478 5636 601
f 9478 3067 5712
f 5755 3785 9478
f 5768 2123 9478
f 954 5869 9478
f 864 5924 9478
f 5924 3826 9478
f 9478 5964 1
f 5385 5964 9478
f 3366 6121 9478
f 6121 3655 9478
f 2145 9478 6124
f 9478 2988 6124
f 1196 6215 9478
f 6215 5636 9478
f 1097 6300 9478
f 6300 2988 9478
f 4222 6336 9478
f 9478 798 6342
f 6342 4786 9478
f 6351 1493 9478
f 9478 4835 6351
f 6428 68 9478
f 5712 6428 9478
f 6436 9478 3280
f 9478 6436 5617
f 2281 6479 9478
f 6479 6231 9478
f 2146 6544 9478
f 6544 4835 9478
f 6546 4765 9478
f 9478 5468 6546
f 2018 6591 9478
f 6591 3173 9478
f 1194 6616 9478
f 9478 6621 4898
f 5315 6621 9478
f 6660 4581 9478
f 6336 6660 9478
f 9478 1730 6680
f 6680 1762 9478
f 6706 9478 3820
f 6738 4406 9478
f 166 6819 9478
f 9478 6819 5184
f 6822 3259 9478
f 6706 6822 9478
f 6934 632 9478
f 643 6934 9478
f 6952 2329 9478
f 9478 2407 6952
f 9478 6983 5321
f 7002 1683 9478
f 9478 3655 7017
f 7029 1341 9478
f 1457 7029 9478
f 7076 5420 9478
f 9478 1161 7242
f 7242 1361 9478
f 7277 2018 9478
f 9478 3915 7277
f 4144 7333 9478
f 9478 7333 6738
f 2329 7398 9478
f 7435 2756 9478
f 6231 7435 9478
f 9478 1993 7517
f 7561 3136 9478
f 9478 6842 7561
f 7517 7604 9478
f 2501 7646 9478
f 9478 7646 5755
f 2185 7672 9478
f 9478 7672 2668
f 9478 7699 3279
f 3785 7699 9478
f 7720 6983 9478
f 7017 7720 9478
f 2123 7747 9478
f 9478 7747 4814
f 3764 9478 7786
f 9478 7794 3186
f 5869 7794 9478
f 7802 5111 9478
f 7604 7802 9478
f 7053 7848 9478
f 7897 734 9478
f 9478 5480 7897
f 7939 166 9478
f 9478 4719 7939
f 9478 8104 2407
f 5280 8104 9478
f 9478 7398 8138
f 9478 129 8173
f 9478 8173 5768
f 2062 8221 9478
f 8221 2276 9478
f 100 8295 9478
f 9478 8295 864
f 734 8319 9478
f 9478 8319 7053
f 9478 8430 7002
f 7848 8430 9478
f 9478 8456 1457
f 4786 8456 9478
f 9478 4211 8511
f 8511 5056 9478
f 6616 8514 9478
f 8533 9478 3764
f 9478 8533 3820
f 8787 2543 9478
f 8830 5385 9478
f 9478 8514 8830
f 9478 8840 1196
f 9094 5468 9478
f 5563 9094 9478
f 8138 9101 9478
f 9200 804 9478
f 1493 9200 9478
f 1687 9208 9478
f 9478 9208 4798
f 1762 9217 9478
f 9478 9217 7786
f 9238 988 9478
f 4226 9238 9478
f 9478 9256 8787
f 9312 3469 9478
f 9478 4758 9312
f 9478 4253 9336
f 9336 7076 9478
f 631 9437 9478
f 9437 9256 9478
f 9470 1921 9478
f 9478 4581 9470
f 3019 9479 3625
f 8840 9479 3019
f 9479 9395 3625
f 9395 9479 9101
f 9479 8840 9478
f 9101 9479 9478
f 449 9480 3626
f 9480 2634 3626
f 2634 9480 5696
f 6280 9480 449
f 9480 6280 5696
f 2812 9481 617
f 617 9481 4530
f 5566 9481 4467
f 9481 5566 4530
f 9481 2812 8392
f 4467 9481 8392
f 5077 9482 6398
f 6669 9482 4054
f 6398 9482 6669
f 4054 9482 6876
f 9482 5077 6876
f 1476 722 9483
f 784 9483 3085
f 6700 9483 784
f 6700 1476 9483
f 9483 722 8775
f 9483 8775 3085
f 9484 6166 3402
f 9484 6948 2458
f 9484 3402 6948
f 8727 9484 2458
f 8727 6166 9484
f 3065 6879 9485
f 9485 918 6936
f 3065 9485 6936
f 9485 7862 918
f 6879 7862 9485
f 7144 998 9486
f 7987 6531 9486
f 998 9140 9486
f 9486 9140 7987
f 6169 9487 4690
f 7907 1170 9487
f 9487 6169 7907
f 9487 1170 7948
f 4690 9487 7948
f 4838 9488 6076
f 6076 9488 6110
f 9488 7390 6110
f 9488 6373 7390
f 4838 8358 9488
f 8358 6373 9488
f 5138 9489 5066
f 1335 6543 9489
f 9489 6543 5066
f 388 9490 290
f 290 9490 6053
f 6053 9490 4560
f 9490 388 7951
f 4560 9490 7951
f 9491 5769 4007
f 4849 5769 9491
f 4007 6881 9491
f 6881 5126 9491
f 7648 4849 9491
f 9491 5126 7648
f 92 1000 9492
f 1000 238 9492
f 92 9492 7693
f 9492 238 8741
f 9492 8741 7693
f 9493 4229 2559
f 5146 9493 2559
f 2569 9493 5146
f 7273 9493 2569
f 4229 9493 7273
f 1832 2560 9494
f 1832 9494 5556
f 9494 3447 5556
f 2560 6049 9494
f 9494 6049 3447
f 9495 1683 6883
f 1320 9495 8243
f 8243 9495 6883
f 9478 9495 1320
f 1683 9495 9478
f 9496 1217 2511
f 1891 9496 2511
f 1217 9496 8533
f 8857 9496 1891
f 8533 9496 8857
f 9497 421 1578
f 9497 1578 4431
f 3054 9497 4431
f 4848 9497 3054
f 8364 421 9497
f 4848 8364 9497
f 5124 9498 1500
f 1500 9498 5816
f 7170 9498 5124
f 5816 9498 7170
f 6142 6037 9499
f 6710 1010 9499
f 9499 6145 6710
f 1010 7263 9499
f 9499 7263 6142
f 9500 2858 544
f 2858 9500 1757
f 7696 9500 544
f 1757 9500 8326
f 9500 7696 8326
f 539 2525 9501
f 9501 3347 705
f 2525 3347 9501
f 9501 6423 539
f 705 7618 9501
f 7618 6423 9501
f 7510 2093 9502
f 2093 8258 9502
f 9502 8258 6067
f 6067 9055 9502
f 9503 7348 8371
f 7626 9503 8371
f 7348 9503 8533
f 8786 9503 7626
f 8533 9503 8786
f 5480 9504 2862
f 2862 9504 6894
f 9504 3186 6894
f 3186 9504 9478
f 9504 5480 9478
f 3697 5255 9505
f 7286 3697 9505
f 9505 1014 8382
f 9505 8382 7286
f 9293 1014 9505
f 9505 5255 9293
f 9506 3491 4239
f 4243 4326 9506
f 9506 7884 3491
f 4326 7884 9506
f 8032 9506 4239
f 4243 9506 8032
f 9507 3462 5843
f 9507 5843 4327
f 3462 9507 7763
f 9507 4327 7763
f 538 1107 9508
f 1107 1106 9508
f 9508 4999 538
f 4328 4999 9508
f 9508 1106 8626
f 8626 4328 9508
f 3867 9509 1015
f 4329 2388 9509
f 6294 9509 3867
f 6294 4329 9509
f 1015 9509 7471
f 9509 2388 7471
f 9510 3527 1725
f 2445 5777 9510
f 8196 9510 1725
f 2445 9510 8196
f 9510 9414 3527
f 5777 9414 9510
f 5769 9511 4007
f 5769 6896 9511
f 9511 7921 978
f 6896 7921 9511
f 9511 978 8860
f 4007 9511 8860
f 9512 675 1849
f 1849 3911 9512
f 3911 4921 9512
f 8378 675 9512
f 4921 8378 9512
f 6037 1021 9513
f 1021 7264 9513
f 9513 7264 6145
f 6037 9513 9499
f 9499 9513 6145
f 9514 5136 3602
f 2614 9514 6295
f 6295 9514 3602
f 9514 2614 7310
f 7310 5136 9514
f 9515 2077 3875
f 5402 2077 9515
f 2807 9515 5838
f 9515 3875 5838
f 6447 9515 2807
f 6447 5402 9515
f 9516 6895 4045
f 6895 9516 5726
f 4045 8310 9516
f 5726 9516 8343
f 9516 8310 8343
f 9517 8121 250
f 8796 988 9517
f 9212 9517 250
f 8796 9517 9212
f 988 9238 9517
f 9517 9238 8121
f 2203 9518 1315
f 3491 9518 5053
f 9518 7884 1315
f 7884 9518 3491
f 8764 9518 2203
f 9518 8764 5053
f 2422 3569 9519
f 3569 3057 9519
f 9519 3783 2422
f 9519 3057 8931
f 8116 9519 8931
f 9142 3783 9519
f 8116 9142 9519
f 2074 9520 2792
f 9520 3908 2792
f 3908 9520 2802
f 9520 2074 8385
f 2802 9520 8385
f 9521 4118 3619
f 721 9521 4426
f 4426 9521 3619
f 9521 5387 4118
f 721 6066 9521
f 9521 7784 5387
f 6066 7784 9521
f 4545 6393 9522
f 6393 5103 9522
f 6536 2555 9522
f 9522 5103 6536
f 2555 7203 9522
f 9522 7203 4545
f 9523 7762 6873
f 9523 2400 7929
f 7929 7762 9523
f 2400 9523 9357
f 9357 9523 6873
f 7982 9524 1972
f 1972 9524 8087
f 8087 9524 7012
f 7012 9524 8389
f 9524 7982 8389
f 4120 9525 7182
f 9525 4120 7990
f 6757 9525 7990
f 8266 9525 6757
f 7182 9525 8266
f 9526 4787 9
f 5311 1040 9526
f 1040 5885 9526
f 9526 5885 4787
f 7421 9526 9
f 5311 9526 7421
f 4855 9527 3760
f 9527 4855 4334
f 9527 8439 3760
f 9040 9527 4334
f 9527 9040 8439
f 2711 9528 1636
f 9528 2711 4732
f 4732 2937 9528
f 1636 9528 8391
f 9528 2937 8391
f 1746 9529 1833
f 9529 5721 1506
f 5721 9529 3165
f 9529 1746 6997
f 9529 6997 3165
f 7735 9529 1506
f 1833 9529 7735
f 1046 1162 9530
f 1162 4369 9530
f 9530 4713 3664
f 9530 4369 4713
f 1046 9530 4761
f 4761 9530 3664
f 9531 459 8362
f 807 9531 9280
f 9280 9531 8362
f 459 9531 9477
f 9531 807 9477
f 1001 284 9532
f 4231 1001 9532
f 9532 6147 4231
f 6927 6147 9532
f 9532 284 8744
f 8744 6927 9532
f 1459 9533 276
f 9533 1459 5142
f 5142 6598 9533
f 276 9533 8365
f 9533 6598 8365
f 1052 257 9534
f 2333 1052 9534
f 9534 2777 2333
f 3983 2777 9534
f 9534 257 8750
f 8750 3983 9534
f 105 9535 5494
f 9535 427 5494
f 9535 105 8368
f 8892 427 9535
f 8892 9535 8368
f 9536 4852 2240
f 2571 4852 9536
f 2440 5374 9536
f 5374 2571 9536
f 9536 2240 6360
f 2440 9536 6360
f 9537 5176 936
f 5300 5176 9537
f 936 6968 9537
f 6968 5778 9537
f 8376 5300 9537
f 9537 5778 8376
f 9538 2414 3645
f 1110 9538 4854
f 4854 9538 3645
f 5042 9538 1110
f 2414 9538 5042
f 9539 185 2824
f 2824 5204 9539
f 9539 5204 3606
f 6935 185 9539
f 3606 6935 9539
f 9540 1419 2060
f 2266 1419 9540
f 2060 5827 9540
f 5827 3611 9540
f 7326 2266 9540
f 9540 3611 7326
f 2690 4951 9541
f 6270 5781 9541
f 4951 8288 9541
f 9541 8288 6270
f 9541 8515 2690
f 5781 8515 9541
f 9542 2279 4223
f 4223 2578 9542
f 2232 4736 9542
f 4736 2279 9542
f 9542 4841 2232
f 2578 4841 9542
f 976 2169 9543
f 9543 2731 3046
f 976 9543 4929
f 4929 9543 3046
f 2169 4943 9543
f 9543 4943 2731
f 7516 9544 6010
f 9544 298 7978
f 6010 9544 7978
f 9477 298 9544
f 9544 7516 9477
f 9545 1365 2553
f 2580 2412 9545
f 2553 2580 9545
f 7979 1365 9545
f 9545 2412 9374
f 9374 7979 9545
f 4250 9546 3332
f 5896 9546 2534
f 3332 9546 5896
f 9546 8384 2534
f 8384 9546 4250
f 9547 299 5087
f 3008 9547 5087
f 7379 9547 3008
f 299 9547 8188
f 9547 7379 8188
f 1029 5212 9548
f 9548 5212 4105
f 6531 1029 9548
f 9548 4105 7144
f 6531 9548 9486
f 9486 9548 7144
f 9549 2679 2458
f 9549 3256 5829
f 6208 2679 9549
f 2458 6948 9549
f 6948 3256 9549
f 5829 8710 9549
f 8710 6208 9549
f 7438 9550 4468
f 9550 6721 7757
f 4468 9550 8126
f 9550 7757 8126
f 8428 6721 9550
f 7438 8428 9550
f 9551 2382 1335
f 2382 9551 4988
f 4988 9551 2582
f 1335 5834 9551
f 9551 5834 2582
f 4433 9552 2938
f 2938 9552 7981
f 9552 7709 7981
f 9552 4433 8915
f 7709 9552 8915
f 9553 2782 552
f 2141 2782 9553
f 9553 552 7083
f 7916 2141 9553
f 8007 9553 7083
f 7916 9553 8007
f 9554 1039 3657
f 9554 3657 1614
f 4635 9554 1614
f 6619 9554 4635
f 6946 1039 9554
f 6619 6946 9554
f 3650 9555 3005
f 3005 9555 8939
f 8939 9555 6548
f 5653 9338 9555
f 9555 9338 6548
f 9366 9555 3650
f 5653 9555 9366
f 993 1077 9556
f 1819 993 9556
f 365 4953 9556
f 9556 4953 1819
f 9557 3397 125
f 3397 9557 1896
f 125 4111 9557
f 1896 9557 7988
f 9557 4111 7988
f 3701 5796 9558
f 5796 4437 9558
f 9558 4437 8125
f 8125 6950 9558
f 9558 8575 3701
f 6950 8575 9558
f 1038 52 9559
f 6781 1038 9559
f 7187 9559 326
f 6781 9559 7187
f 9559 52 8537
f 9559 8537 326
f 4419 365 9560
f 6633 4419 9560
f 1077 7692 9560
f 9560 7692 6633
f 9560 365 9556
f 9556 1077 9560
f 2177 7026 9561
f 9561 7026 4785
f 4785 7751 9561
f 7751 4991 9561
f 8193 2177 9561
f 9561 4991 8193
f 9562 4548 3736
f 9562 2626 5042
f 5042 4548 9562
f 2626 9562 6308
f 6308 9562 3736
f 1525 9563 3701
f 5796 9563 3056
f 9563 5796 3701
f 1525 7272 9563
f 9563 7272 3056
f 9564 1124 3056
f 1124 9564 4828
f 4828 9564 3703
f 3056 7272 9564
f 9564 7272 3703
f 9565 3944 3402
f 6526 9565 2554
f 3944 9565 6526
f 9565 8363 2554
f 8363 9565 3402
f 666 9566 3926
f 523 9566 4688
f 4688 9566 666
f 9566 5814 3926
f 9566 4720 5814
f 523 8448 9566
f 8448 4720 9566
f 2732 9567 5138
f 9567 7119 1335
f 7119 9567 2732
f 9489 9567 1335
f 9567 9489 5138
f 569 9568 440
f 9568 1861 440
f 1861 9568 762
f 9568 569 8398
f 762 9568 8398
f 9569 2210 425
f 9569 840 3143
f 7205 2210 9569
f 3143 7205 9569
f 425 7241 9569
f 7241 840 9569
f 2437 439 9570
f 1089 3550 9570
f 9570 3550 2437
f 439 4023 9570
f 5848 1089 9570
f 9570 4023 5848
f 5853 5541 9571
f 7338 5853 9571
f 7338 9571 9129
f 9571 5541 9250
f 9571 9250 9129
f 9572 2540 5082
f 9572 5082 3877
f 6526 9572 3877
f 7003 2540 9572
f 7624 9572 6526
f 7624 7003 9572
f 9573 3636 1680
f 9573 1680 7468
f 9573 7468 2557
f 7615 3636 9573
f 7971 9573 2557
f 7615 9573 7971
f 6842 9574 5680
f 9574 2668 8405
f 5680 9574 8405
f 2668 9574 9478
f 9574 6842 9478
f 8169 9575 8406
f 9575 9323 1972
f 9323 9575 8169
f 9324 9575 1972
f 9575 9324 8406
f 6711 3928 9576
f 3928 7294 9576
f 1099 7742 9576
f 9576 7742 6711
f 8504 1099 9576
f 9576 7294 8504
f 619 9577 18
f 1385 9577 619
f 9577 1385 2307
f 18 9577 2417
f 2417 9577 2307
f 1943 9578 1972
f 9578 1943 8470
f 7989 9578 8470
f 9578 9141 1972
f 9141 9578 7989
f 9579 212 2529
f 1094 9579 2529
f 9579 1094 8038
f 212 9579 8305
f 8305 9579 8038
f 9580 256 2816
f 2816 1497 9580
f 7197 256 9580
f 6185 7197 9580
f 1497 7657 9580
f 9580 7657 6185
f 9581 1240 3160
f 283 9581 3677
f 9581 3160 3677
f 9581 5062 1240
f 1878 5062 9581
f 6183 9581 283
f 6183 1878 9581
f 199 9582 4757
f 9582 6028 4757
f 1061 7164 9582
f 9582 7164 6028
f 7374 9582 199
f 7374 1061 9582
f 1766 9583 4067
f 4067 9583 2349
f 6802 9583 1766
f 9583 7670 2349
f 7670 9583 6802
f 1471 9584 3679
f 9584 1768 3679
f 7293 9584 1471
f 8437 1768 9584
f 7293 8437 9584
f 9585 4571 3340
f 9585 5171 2352
f 5171 9585 3340
f 6938 9585 2352
f 4571 9585 6938
f 1 9586 3685
f 3959 9586 1
f 9586 3959 3680
f 7377 9586 3680
f 3685 9586 7377
f 1879 9587 745
f 6372 9587 1879
f 6372 7483 9587
f 745 9587 8477
f 9587 7483 8477
f 9588 186 939
f 3558 9588 939
f 8479 9588 3558
f 186 9588 8658
f 8658 9588 8479
f 5352 2612 9589
f 5352 9589 3124
f 3124 9589 6267
f 9589 5165 6267
f 2612 7734 9589
f 9589 7734 5165
f 9590 5361 3970
f 833 7386 9590
f 7386 5361 9590
f 3970 8426 9590
f 9590 9334 833
f 8426 9334 9590
f 1509 1386 9591
f 8662 1509 9591
f 5540 9325 9591
f 9591 9325 8662
f 9591 1386 9465
f 9465 5540 9591
f 9592 1625 2698
f 3475 1567 9592
f 2698 3475 9592
f 9592 1567 3971
f 8481 1625 9592
f 3971 8481 9592
f 263 9593 3028
f 9593 910 4651
f 263 5872 9593
f 5872 910 9593
f 3028 9593 8450
f 9593 4651 8450
f 5390 9594 1914
f 9594 1789 5461
f 9594 5461 1914
f 5840 1789 9594
f 5390 8665 9594
f 8665 5840 9594
f 2428 9595 1033
f 1356 9595 2428
f 3670 9595 1356
f 1033 9595 5305
f 3670 5305 9595
f 9596 555 3689
f 555 9596 5696
f 9596 3099 5696
f 3099 9596 6858
f 6858 9596 3689
f 1207 9597 3127
f 9597 4320 3127
f 9597 3462 4377
f 5843 9597 1207
f 3462 9597 5843
f 4320 9597 8709
f 9597 4377 8709
f 2622 79 9598
f 9598 79 7113
f 9598 7113 3969
f 7852 2622 9598
f 9375 9598 3969
f 7852 9598 9375
f 9599 2787 861
f 7218 9599 861
f 8523 5798 9599
f 8523 9599 7218
f 9599 8621 2787
f 5798 8621 9599
f 2226 4601 9600
f 9600 4601 2393
f 9600 2393 7510
f 9055 2226 9600
f 9502 9600 7510
f 9055 9600 9502
f 5125 9601 1080
f 4041 9601 5125
f 8533 9601 4041
f 9601 8973 1080
f 8973 9601 8533
f 9602 3669 3707
f 5042 9602 2255
f 3669 9602 5042
f 2255 9602 5975
f 5975 9602 3707
f 1673 9603 3709
f 9603 1971 3709
f 5042 1971 9603
f 7457 9603 1673
f 9603 7457 5042
f 9604 4262 1564
f 9604 1963 4262
f 9604 1564 5336
f 3836 9604 5336
f 8676 1963 9604
f 3836 8676 9604
f 5890 3078 9605
f 4791 5890 9605
f 9605 3078 6796
f 2958 7969 9605
f 9605 7969 4791
f 8441 2958 9605
f 6796 8441 9605
f 9606 2020 853
f 1133 2020 9606
f 3591 1133 9606
f 853 6431 9606
f 9606 8691 3591
f 6431 8691 9606
f 7821 9607 8455
f 9607 8577 8455
f 8938 9607 7821
f 8577 9607 9477
f 9477 9607 8938
f 190 9608 6445
f 9608 5228 6445
f 9608 2635 7816
f 9608 7816 5228
f 8984 9608 190
f 8984 2635 9608
f 9609 1937 806
f 1097 1937 9609
f 5166 1097 9609
f 5166 9609 1767
f 9609 806 9022
f 1767 9609 9022
f 9610 4679 1814
f 9610 3586 4679
f 7079 9610 1814
f 4767 9610 7079
f 8500 3586 9610
f 4767 8500 9610
f 9611 7156 1932
f 1138 8250 9611
f 9611 8250 7156
f 8580 1138 9611
f 1932 8580 9611
f 4400 1815 9612
f 9612 1815 6956
f 9612 6956 4884
f 8332 4400 9612
f 8372 9612 4884
f 8332 9612 8372
f 5164 7005 9613
f 7005 5450 9613
f 2940 7829 9613
f 9613 7829 5164
f 8024 2940 9613
f 9613 5450 8024
f 2052 9614 631
f 631 9614 6651
f 6651 9614 4024
f 9614 2052 7006
f 4024 9614 7006
f 9615 6889 8041
f 1386 9615 9465
f 9465 9615 8041
f 9477 9615 1386
f 6889 9615 9477
f 1239 9616 2385
f 2385 9616 4424
f 4424 9616 3340
f 8476 9616 1239
f 9616 8476 3340
f 7155 1193 9617
f 7547 9617 6503
f 9617 7547 7155
f 9617 1193 8475
f 6503 9617 8475
f 2655 9618 1114
f 1553 9618 2655
f 9618 3458 1114
f 9618 1553 8297
f 3458 9618 8297
f 9619 216 5932
f 5249 9619 5932
f 7397 216 9619
f 8956 9619 5249
f 9619 8956 7397
f 4351 9620 2841
f 9620 1309 8085
f 2841 9620 8085
f 9477 1309 9620
f 9477 9620 4351
f 9621 2829 2391
f 3391 5868 9621
f 5975 9621 2391
f 3391 9621 5975
f 9621 8694 2829
f 5868 8694 9621
f 3021 1540 9622
f 9622 2238 3021
f 1540 4479 9622
f 9622 4479 3015
f 7697 2238 9622
f 3015 7697 9622
f 9623 1659 3728
f 1201 9623 4900
f 4900 9623 3728
f 9623 1201 5042
f 5042 1659 9623
f 7759 1159 9624
f 7759 9624 8947
f 9624 8263 8947
f 1159 9424 9624
f 9624 9424 8263
f 9625 8312 2650
f 8826 9625 2650
f 6229 9625 8826
f 8905 9625 6229
f 8312 9625 8905
f 9626 295 3770
f 3770 8520 9626
f 8869 295 9626
f 375 8869 9626
f 9626 8875 375
f 8520 8875 9626
f 9627 5360 2295
f 1069 6408 9627
f 9627 6408 5360
f 8714 9627 2295
f 9380 1069 9627
f 9380 9627 8714
f 9628 6539 939
f 6539 9628 5429
f 8306 9628 939
f 5429 9628 8488
f 9628 8306 8488
f 3371 9629 3428
f 9629 116 4357
f 3428 9629 4357
f 3371 6986 9629
f 9629 7085 116
f 6986 7085 9629
f 5214 3691 9630
f 9630 5790 2106
f 3691 5790 9630
f 9630 2106 5932
f 5214 9630 6148
f 6148 9630 5932
f 9631 989 3732
f 1162 9631 4905
f 4905 9631 3732
f 989 9631 5696
f 9631 1162 5696
f 4293 9632 3203
f 2873 9632 4989
f 9632 4293 4989
f 9632 2873 8528
f 3203 9632 8528
f 1872 9633 3410
f 9633 6044 3410
f 6865 1074 9633
f 6865 9633 1872
f 1074 7115 9633
f 9633 7115 6044
f 1278 1554 9634
f 5258 240 9634
f 1554 6769 9634
f 9634 6769 5258
f 240 8413 9634
f 9634 8413 1278
f 735 9635 4040
f 4040 9635 1884
f 1884 9635 7351
f 9051 9635 735
f 9635 9051 7351
f 157 5845 9636
f 5845 2671 9636
f 157 9636 6195
f 6195 9636 2990
f 9636 2671 6374
f 9636 6374 2990
