1536 3084
v -0.5098663443 0.6982582551 -0.420225552
v -0.5367843877 0.6430103428 -0.4756848418
v 0.6633181715 0.1933096963 -0.4866256969
v 0.6364000841 0.138061784 -0.5420850307
v 0.09868926846 -0.1173984007 0.09694989589
v 0.07177121407 -0.172646313 0.04149060336
v -0.2670058878 -0.212379095 0.3690646456
v -0.2939239532 -0.2676270073 0.3136053558
v -0.2463948094 -0.2212502783 0.367898084
v -0.2733128748 -0.2764981906 0.3124387943
v -0.2467227088 -0.1566600532 0.3037131973
v -0.2736407852 -0.2119079654 0.2482539075
v -0.2261116304 -0.1655312364 0.3025466577
v -0.2530297068 -0.2207791487 0.247087368
v -0.4858927455 -0.2794146716 0.5420849867
v -0.5128107888 -0.3346625838 0.4866256969
v 0.3588760521 -0.6430103428 0.4942725861
v 0.3319580088 -0.6982582551 0.4388132963
v -0.6452215716 0.3548089289 -0.0123884332
v -0.672139659 0.2995610167 -0.06784772848
v -0.5385164502 -0.2402965356 0.5286577597
v -0.5654345376 -0.2955444479 0.4731984699
v 0.4218655771 -0.6536531117 0.4743018164
v 0.3949475338 -0.7089010239 0.4188425267
v 0.710094338 0.1609497062 -0.4770926159
v 0.6831762065 0.105701794 -0.5325519057
v -0.5643386333 0.7094764551 -0.404961983
v -0.5912566767 0.6542285429 -0.4604212728
v 0.3909086383 -0.6525563267 0.488234676
v 0.3639905508 -0.707804239 0.4327753862
v -0.5152557659 -0.2625354959 0.5395219905
v -0.5421738533 -0.3177834082 0.4840627007
v -0.3063882015 0.4002454465 -0.2221100342
v -0.3333062669 0.3449975122 -0.277569324
v -0.3598191921 0.4232425694 -0.2190859268
v -0.3867372575 0.3679946792 -0.2745452166
v -0.4398768554 0.07954970225 0.1621542607
v -0.4667949208 0.02430179273 0.1066949599
v 0.3373940214 -0.492112176 0.3543762436
v 0.3104759781 -0.5473600883 0.2989169538
v 0.2720894505 -0.4640045177 0.3580723553
v 0.2451713851 -0.5192524299 0.3026130655
v 0.4701535771 -0.6254648217 0.422783616
v 0.4432355337 -0.6807127339 0.3673243263
v -0.5559799745 -0.1838082558 0.4808609482
v -0.5828980178 -0.2390561681 0.4254016584
v -0.5226597911 -0.2566241041 0.5372267832
v -0.5495778786 -0.3118720163 0.4817674934
v 0.4000275955 -0.6537565545 0.4850042994
v 0.3731095522 -0.7090044668 0.4295450096
v 0.5689774886 0.1154803921 -0.3633032657
v 0.5420594452 0.06023247987 -0.4187625995
v 0.4856833496 0.1513308852 -0.3585889751
v 0.4587653062 0.09608298393 -0.4140482649
v 0.2877516202 -0.5247312466 0.4109657204
v 0.2608335328 -0.5799791588 0.3555064527
v 0.2816438674 -0.5217310513 0.410941456
v 0.2547258241 -0.5769789635 0.3554821442
v 0.2940930772 -0.5270892946 0.4102368203
v 0.2671750118 -0.5823372069 0.3547775526
v 0.3402285496 -0.5132359659 0.3740437306
v 0.3133105063 -0.5684838781 0.3185844408
v 0.2567268203 -0.4772961108 0.3787697571
v 0.2298087549 -0.532544023 0.3233104894
v -0.3012640587 0.4025911202 -0.2269338448
v -0.3281821241 0.3473432079 -0.2823931346
v -0.3620786854 0.4287662597 -0.2234918485
v -0.3889967508 0.3735183474 -0.2789511383
v -0.5032308525 -0.2705581747 0.5416776006
v -0.5301488958 -0.3258060869 0.4862183108
v 0.37709164 -0.6494564317 0.4918528862
v 0.3501735966 -0.7047043439 0.4363935965
v -0.2035132843 -0.2000828478 0.3259981102
v -0.2304313497 -0.25533076 0.2705388204
v -0.2849467729 -0.1650331892 0.3306070864
v -0.3118648383 -0.2202810904 0.2751477966
v -0.3172536874 0.3986698915 -0.2152667318
v -0.3441717528 0.3434219792 -0.2707260216
v -0.3528890048 0.4140076187 -0.2132498382
v -0.3798070702 0.3587597064 -0.268709128
v 0.5096733303 0.1650273323 -0.3838771218
v 0.4827552429 0.10977942 -0.4393364556
v 0.5601077366 0.1433199313 -0.3867316428
v 0.5331896492 0.08807202454 -0.4421909326
v -0.3583393295 0.4469375463 -0.2434088491
v -0.3852573948 0.3916896341 -0.2988681388
v -0.2925527517 0.4186224739 -0.2471322637
v -0.3194708171 0.3633745396 -0.3025915534
v 0.1121748004 -0.1184033246 0.09140557976
v 0.085256724 -0.1736512368 0.03594628449
v 0.3364552411 -0.4904380222 0.3531641038
v 0.3095371537 -0.5456859344 0.297704814
v 0.2738277221 -0.4634825914 0.3567087062
v 0.2469096567 -0.5187305037 0.3012494164
v 0.1808543214 -0.04262226838 -0.01742135891
v 0.153936256 -0.09787018066 -0.07288064868
v -0.350511096 0.4520813296 -0.2523325904
v -0.3774291614 0.3968334174 -0.3077918802
v -0.2950225657 0.428198579 -0.2554731536
v -0.3219406311 0.3729507108 -0.3109324434
v -0.289596043 -0.1794377398 0.3472133428
v -0.3165141084 -0.2346856521 0.2917540531
v -0.2091902563 -0.21404508 0.3426625175
v -0.2361083217 -0.2692929923 0.2872032277
v -0.209354217 -0.1817499895 0.3105701071
v -0.2362722824 -0.2369979017 0.2551108173
v -0.2691489253 -0.1560138325 0.3139543929
v -0.2960669907 -0.2112617448 0.2584950811
v 0.1332007181 -0.1165252025 0.07932934122
v 0.1062826527 -0.1717731148 0.02387005144
v 0.338977371 -0.4954852764 0.3569679739
v 0.3120592836 -0.5507331887 0.3015086841
v 0.2688119323 -0.4652854653 0.3609392066
v 0.2418938669 -0.5205333776 0.3054799168
v 0.2644529981 -0.467774083 0.3655340249
v 0.2375349327 -0.5230219953 0.3100747131
v 0.3405889923 -0.500543628 0.3612248525
v 0.3136709049 -0.5557915402 0.3057655627
v -0.2743594246 -0.1575784113 0.3180419933
v -0.30127749 -0.2128263126 0.2625827036
v -0.206540111 -0.1867684215 0.3142035321
v -0.2334581764 -0.2420163338 0.2587442424
v -0.2046199556 -0.1918356905 0.3183195364
v -0.231538021 -0.2470836028 0.2628602246
v -0.2789488924 -0.1598438937 0.322526411
v -0.3058669578 -0.2150917949 0.2670671212
v 0.6887860772 0.1792240504 -0.484955022
v 0.6618680338 0.1239761381 -0.5404143118
v -0.5373006332 0.7069421711 -0.4155606708
v -0.5642186766 0.6516942588 -0.4710200046
v -0.2485411057 -0.2206954344 0.3683871147
v -0.2754591821 -0.2759433466 0.3129278249
v -0.2650918095 -0.2135718806 0.3693238473
v -0.2920098639 -0.2688197929 0.3138645575
v -0.2981010147 0.4049767354 -0.2308456276
v -0.3250191021 0.3497288451 -0.2863049174
v -0.362883197 0.4328595409 -0.2271790647
v -0.3898012624 0.3776116286 -0.2826383545
v -0.4652050978 0.06138637531 0.1925418345
v -0.4921231852 0.006138466475 0.1370825447
v -0.602297716 0.6996904697 -0.3767892821
v -0.6292157594 0.6444425575 -0.4322485719
v 0.7316101891 0.1255652345 -0.4522861016
v 0.7046921457 0.07031732222 -0.5077453914
v 0.1771692189 -0.03174847054 -0.02646509278
v 0.1502511535 -0.08699638281 -0.0819243853
v -0.6495231917 0.3570962977 -0.0125792124
v -0.6764412791 0.3018483854 -0.06803850768
v 0.2895249453 -0.4622819672 0.3478937582
v 0.2626068799 -0.5175298795 0.2924344464
v 0.3257662775 -0.4778805255 0.3458425598
v 0.2988481901 -0.5331284378 0.29038327
v -0.3142054478 0.4474762067 -0.2653665672
v -0.3411235131 0.3922282944 -0.320825857
v -0.3243911128 0.45186022 -0.2647900791
v -0.3513091782 0.3966123077 -0.3202493689
v -0.3621383555 0.4405256742 -0.2351775231
v -0.3890564209 0.385277806 -0.2906368129
v -0.2938187488 0.4111203783 -0.2390442781
v -0.3207368142 0.355872444 -0.2945035899
v -0.3363275339 0.4028879294 -0.2102109124
v -0.3632455993 0.3476400171 -0.2656702022
v -0.34749813 0.4093366164 -0.211213194
v -0.3744161954 0.3540887042 -0.2666724838
v -0.3241241826 0.3992762807 -0.2125361089
v -0.351042248 0.3440283684 -0.2679953987
v -0.2277302756 -0.2225322388 0.3601160234
v -0.254648341 -0.277780129 0.3046567336
v -0.2814208422 -0.19942335 0.3631548171
v -0.3083389076 -0.2546712622 0.3076955273
v 0.1698295537 -0.09514295958 0.04025019728
v 0.1429114883 -0.1503908719 -0.01520909524
v -0.2928285553 0.4213122085 -0.2496779093
v -0.3197466207 0.3660643182 -0.305137199
v -0.356445233 0.4486933887 -0.2460773138
v -0.3833632984 0.3934454765 -0.3015366036
v -0.3223821899 0.3990221433 -0.2131284283
v -0.3493002552 0.343774209 -0.2685877401
v -0.3489281648 0.4104477575 -0.2116259746
v -0.3758462302 0.3551998232 -0.2670852644
v -0.2051576031 -0.1901481495 0.3168993659
v -0.2320756685 -0.2453960618 0.2614400761
v -0.2774947033 -0.1590136535 0.3209935278
v -0.3044127687 -0.2142615658 0.265534238
v -0.5886518894 0.70564286 -0.3893421549
v -0.6155699768 0.6503949478 -0.4448014446
v 0.7254078449 0.1400604243 -0.4637156351
v 0.6984898015 0.08481251199 -0.5191749249
v -0.7073925813 0.4327094629 -0.05981635245
v -0.7343106247 0.3774615506 -0.1152756422
v 0.3240827879 -0.4764740285 0.3452584973
v 0.2971647004 -0.5317219407 0.2897992076
v 0.2916377074 -0.4625093742 0.3470948393
v 0.264719642 -0.5177572865 0.2916355496
v -0.259092707 -0.2167719378 0.3695999371
v -0.2860107724 -0.272019828 0.3141406473
v -0.2549291868 -0.2185639345 0.3693642952
v -0.2818472522 -0.2738118468 0.3139050055
v -0.2528136064 -0.2193505891 0.369121101
v -0.2797316717 -0.2745985014 0.3136618113
v -0.261130287 -0.2157710213 0.3695918123
v -0.2880483413 -0.2710189336 0.3141325225
v -0.3189426817 0.3987185523 -0.2144954462
v -0.3458607471 0.3434706401 -0.2699547359
v -0.351626949 0.4127861651 -0.2126455848
v -0.3785450144 0.3575382308 -0.2681048746
v -0.2036366319 -0.1968386436 0.3228261266
v -0.2305547083 -0.2520865558 0.2673668369
v -0.2828148327 -0.1627596701 0.3273074617
v -0.3097328981 -0.2180075713 0.2718481719
v -0.4285762622 0.08276861821 0.1534626823
v -0.4554943276 0.02752071144 0.09800339252
v 0.3344728725 -0.5221782468 0.3857455227
v 0.3075548292 -0.5774261591 0.330286255
v 0.2552946717 -0.4880993063 0.3902269018
v 0.2283766063 -0.5433471746 0.33476759
v -0.6695325818 0.3704458875 -0.01616606007
v -0.6964506252 0.3151979752 -0.07162535259
v 0.4958414034 0.116099497 -0.3284222357
v 0.468923316 0.06085158474 -0.3838815255
v 0.5393956484 0.09735337369 -0.3308873377
v 0.512477605 0.04210546142 -0.3863466275
v 0.3127883598 -0.4691669286 0.3434611941
v 0.2858702724 -0.5244148409 0.2880019043
v 0.3044716242 -0.4655873388 0.3439319054
v 0.2775535588 -0.5208352511 0.2884726156
v 0.3065872487 -0.4663740154 0.3436887332
v 0.2796691613 -0.5216219276 0.2882294434
v 0.3107507248 -0.4681660121 0.3434530913
v 0.2838326814 -0.5234139244 0.2879938015
v -0.2399796565 -0.2224285537 0.3659581671
v -0.2668977219 -0.2776764439 0.3104988773
v -0.272424726 -0.2084639214 0.3677945091
v -0.2993427914 -0.2637118117 0.3123352193
v -0.3206535843 0.398836043 -0.2137820912
v -0.3475716497 0.3435881527 -0.2692413809
v -0.3503055754 0.4115985318 -0.2121038419
v -0.3772236408 0.3563506195 -0.2675631317
v 0.3291527652 -0.5259242523 0.3920594566
v 0.3022347218 -0.5811721646 0.3366001668
v 0.2568156429 -0.4947897564 0.3961536185
v 0.2298975555 -0.5500376246 0.3406943288
v -0.346019038 0.4082679711 -0.2108665129
v -0.3729371034 0.3530200588 -0.2663258027
v -0.325875203 0.3995978827 -0.2120066303
v -0.3527932904 0.3443499925 -0.2674659201
v 0.1755102138 -0.02812299694 -0.02927152537
v 0.1485921485 -0.08337090646 -0.0847308234
v -0.4075503225 0.08464673479 0.1413864548
v -0.4344683879 0.02939882527 0.08592715948
v -0.5411710432 -0.2368280511 0.5264909202
v -0.5680890866 -0.2920759634 0.4710316304
v 0.4259842236 -0.6530998311 0.471751635
v 0.3990661362 -0.7083477433 0.4162923452
v 0.7339702188 0.1009943621 -0.4289543857
v 0.7070521754 0.04574645805 -0.4844136755
v -0.6194841156 0.6835325978 -0.3523512472
v -0.646402159 0.6282846855 -0.407810559
v 0.333078882 -0.4855145559 0.3498981893
v 0.3061607946 -0.5407624682 0.2944388996
v 0.2793883154 -0.4624057111 0.352936983
v 0.25247025 -0.5176536234 0.2974776933
v 0.5157654059 0.1651016997 -0.386908099
v 0.4888473625 0.1098537874 -0.4423673887
v 0.5557128902 0.1479079679 -0.3891690895
v 0.5287948028 0.09266005566 -0.4446283793
v -0.3037065697 0.4012934825 -0.2244556419
v -0.3306246351 0.3460455482 -0.2799149316
v -0.3611146719 0.4260024109 -0.2212064395
v -0.3880327373 0.3707544986 -0.2766657292
v -0.5565463781 -0.2008950878 0.4981575724
v -0.5834644655 -0.2561430001 0.4426982826
v 0.4598115368 -0.6383441406 0.4406335208
v 0.4328934494 -0.6935920528 0.385174231
v 0.7334078666 0.1183551811 -0.445976087
v 0.7064898232 0.06310727437 -0.5014353768
v -0.6081466194 0.695771619 -0.3700464721
v -0.6350646627 0.6405237068 -0.4255057618
v -0.2741082377 -0.2070573803 0.3672104686
v -0.3010263031 -0.2623052926 0.3117511569
v -0.2378669165 -0.2226559606 0.3651592702
v -0.2647849818 -0.2779038729 0.3096999805
v 0.3167498383 -0.4713660472 0.3437291812
v 0.2898317509 -0.5266139595 0.2882698914
v 0.3001991565 -0.4642424935 0.3446659137
v 0.2732810691 -0.5194904058 0.289206624
v -0.6799972211 0.3797493157 -0.02035484368
v -0.7069153085 0.3245014254 -0.07581413896
v 0.1445013113 -0.1133062865 0.07063776831
v 0.1175832459 -0.1685541988 0.01517847785
v -0.5143649859 0.7001071036 -0.4198838691
v -0.5412830733 0.6448591913 -0.4753431588
v 0.6677618549 0.1913097129 -0.486790175
v 0.6408437675 0.1360618006 -0.5422494648
v 0.5666868612 0.1098465544 -0.3565791274
v 0.5397687737 0.05459863657 -0.4120384172
v 0.4838073743 0.1455185875 -0.3518882864
v 0.4568892869 0.09027067527 -0.4073475982
v 0.3306069102 -0.5250940232 0.3905266175
v 0.3036888669 -0.5803419355 0.3350673057
v 0.2562779954 -0.4931022153 0.39473347
v 0.22935993 -0.5483501276 0.3392742023
v 0.7303808528 0.1291927476 -0.455303119
v 0.7034627213 0.07394484079 -0.5107624088
v -0.599118114 0.7014203744 -0.380055813
v -0.6260362014 0.6461724621 -0.4355151028
v 0.3260174644 -0.5273595496 0.3950110351
v 0.2990994211 -0.5826074619 0.3395517453
v 0.2581981398 -0.4981695064 0.3988495183
v 0.2312800744 -0.5534174187 0.3433902065
v 0.5506665167 0.1521240242 -0.3909197356
v 0.5237484293 0.09687611193 -0.4463790253
v 0.5220983637 0.1644199963 -0.3893028298
v 0.4951802763 0.109172084 -0.4447621196
v -0.2171538925 -0.2196524406 0.3521137998
v -0.2440719579 -0.2749003528 0.29665451
v -0.2873193312 -0.1894526515 0.3560850325
v -0.3142373966 -0.2447005637 0.3006257427
v -0.3380201392 0.4036502535 -0.2101487982
v -0.3649382046 0.3484023633 -0.26560811
v -0.3346136367 0.4021840864 -0.2103416142
v -0.3615317021 0.3469361741 -0.2658009039
v 0.4943751923 0.1176301123 -0.3292354006
v 0.4674571489 0.06238220552 -0.3846946683
v 0.541427999 0.09737818853 -0.3318984928
v 0.5145099556 0.04213028176 -0.3873578046
v -0.3399393588 0.4541286968 -0.2595033078
v -0.3668574242 0.3988807846 -0.3149625975
v -0.3014416158 0.437558947 -0.2616822134
v -0.3283596812 0.3823110348 -0.3171415032
v -0.2889309525 -0.1843942559 0.3518281539
v -0.3158490179 -0.2396421681 0.2963688642
v -0.2127949583 -0.2171638449 0.3475190035
v -0.2397130347 -0.2724117351 0.2920597137
v -0.3940648346 0.08364181645 0.1358421331
v -0.4209828999 0.02839390417 0.08038283785
v -0.694144805 0.3967664371 -0.03044032182
v -0.7210628924 0.3415185248 -0.08589960884
v 0.3208069651 -0.5289240953 0.3990986355
v 0.2938888777 -0.5841720076 0.3436393457
v 0.2610122568 -0.5031879164 0.4024829213
v 0.2340941915 -0.5584358287 0.3470236095
v 0.2608482852 -0.4708928259 0.3703904889
v 0.2339302198 -0.5261407381 0.3149311992
v 0.3412540828 -0.505500166 0.3658396636
v 0.3143360394 -0.5607480783 0.3103803738
v -0.4608587361 0.06642216342 0.1854156606
v -0.4877768235 0.01117425527 0.1299563598
v -0.2221696823 -0.2214553585 0.3563443222
v -0.2490877477 -0.2767032708 0.3008850325
v -0.2847971793 -0.1944999497 0.3598889467
v -0.3117152447 -0.249747862 0.3044296349
v 0.5692486243 0.1250273338 -0.3729454264
v 0.5423305809 0.06977942154 -0.4284047161
v 0.4914948656 0.1584932025 -0.368544723
v 0.4645768222 0.1032452902 -0.4240040128
v 0.5058132689 0.164557876 -0.3815359399
v 0.4788951815 0.1093099638 -0.4369952297
v 0.5626265637 0.1401049567 -0.384751476
v 0.5357084763 0.08485704989 -0.4402107658
v 0.1825441303 -0.06021527242 -0.0007155960814
v 0.1556260649 -0.1154631847 -0.05617489067
v 0.7233352005 0.1436489646 -0.4662844882
v 0.696417069 0.08840105233 -0.521743778
v -0.5848820158 0.7067167017 -0.3922417257
v -0.6118001032 0.6514687895 -0.4477010154
v 0.5658605073 0.1085627003 -0.3548990947
v 0.5389424198 0.05331479352 -0.4103583624
v 0.4836017657 0.1439675611 -0.3502433952
v 0.4566836783 0.08871965436 -0.405702685
v 0.3366047907 -0.5199047057 0.38244592
v 0.3096867473 -0.5751526179 0.3269866302
v 0.2551713242 -0.4848550581 0.3870549182
v 0.2282532588 -0.5401029704 0.3315956065
v -0.2050687915 -0.2076417951 0.3342832273
v -0.2319868569 -0.2628897074 0.2788239375
v -0.2885705318 -0.17170194 0.3390092758
v -0.3154885972 -0.2269498523 0.283549986
v -0.2424350263 -0.1578486442 0.3028161861
v -0.2693530917 -0.2130965675 0.2473568743
v -0.2299858717 -0.1632068656 0.3021115724
v -0.256903937 -0.2184547889 0.2466522826
v -0.2360935583 -0.1602066593 0.302087264
v -0.2630116237 -0.2154545716 0.2466279742
v -0.3710735685 0.07848358903 0.1298215185
v -0.3979916559 0.02323568226 0.07436222878
v 0.1479928492 -0.1118976537 0.06753982743
v 0.1210747838 -0.167145566 0.0120805325
v -0.7073917446 0.439615606 -0.06669657434
v -0.734309832 0.3843676938 -0.1221558696
v 0.4176502695 -0.6540296278 0.4767228814
v 0.3907321821 -0.7092775401 0.4212635916
v -0.5356801165 -0.2437081904 0.5306797176
v -0.5625982039 -0.2989560807 0.4752204278
v -0.2204314107 -0.2209333882 0.3549806511
v -0.2473494761 -0.2761813005 0.2995213614
v -0.2857360036 -0.1928257299 0.3586767628
v -0.312654069 -0.2480736422 0.303217473
v 0.3817009905 -0.6506600944 0.4908147585
v 0.3547829031 -0.7059080067 0.4353554687
v -0.5073490586 -0.2680054171 0.5411333916
v -0.534267146 -0.3232533294 0.4856741019
v 0.5242385168 0.1640269332 -0.3899499973
v 0.4973204294 0.1087790209 -0.445409287
v 0.5488587547 0.153430161 -0.3913434594
v 0.5219407113 0.09818224871 -0.4468027492
v 0.2777696482 -0.5194066915 0.4105063707
v 0.2508515828 -0.5746546038 0.3550470589
v 0.2983807816 -0.5282778527 0.4093397871
v 0.2714626942 -0.583525765 0.3538805193
v 0.2980528382 -0.4636876276 0.3451549224
v 0.2711347508 -0.5189355398 0.2896956326
v 0.3186639496 -0.4725588328 0.3439883608
v 0.2917458622 -0.5278067451 0.288529071
v 0.1692971907 -0.01736607323 -0.03697186168
v 0.1423791253 -0.07261398276 -0.09243115145
v -0.623820613 0.6747535619 -0.34150091
v -0.6507387004 0.6195056497 -0.3969601998
v 0.7316061377 0.09136640337 -0.4182156603
v 0.7046880943 0.03611849384 -0.47367495
v -0.622590484 0.6777840547 -0.3451168964
v -0.6495085715 0.6225361424 -0.4005762082
v 0.7326167863 0.09449136643 -0.4218192502
v 0.705698743 0.03924345416 -0.47727854
v 0.5042379781 0.1090843623 -0.3255092557
v 0.4773198907 0.05383645006 -0.3809685675
v 0.5288582601 0.0984875791 -0.3269027178
v 0.5019401727 0.04323967508 -0.3823620296
v -0.5555166614 0.7093397203 -0.4091076682
v -0.5824347488 0.654091808 -0.464566958
v 0.7035762487 0.1674154576 -0.480370112
v 0.6766582053 0.1121675453 -0.5358294018
v 0.1575239266 -0.1067122004 0.0577480842
v 0.1306058612 -0.1619601127 0.002288788921
v 0.464551589 -0.6335709725 0.4335778721
v 0.4376335016 -0.6888188848 0.3781185823
v -0.5569979333 -0.1938874174 0.4913957824
v -0.5839159766 -0.2491353076 0.4359364926
v 0.1551496288 -0.0003489822161 -0.04705733706
v 0.1282315634 -0.05559689432 -0.1025166323
v -0.3444945438 0.4072444196 -0.21058679
v -0.3714126092 0.3519964853 -0.2660460798
v -0.3276309353 0.3999861568 -0.2115412255
v -0.3545490007 0.3447382445 -0.2670005153
v -0.2874237649 -0.1688815367 0.3356430231
v -0.3143418303 -0.2241294379 0.2801837333
v -0.2041296259 -0.2047320517 0.3309287325
v -0.2310476913 -0.259979942 0.2754694427
v -0.2992415724 0.4349743287 -0.26017529
v -0.3261596378 0.3797264164 -0.3156345798
v -0.3431702198 0.4538816053 -0.2576890063
v -0.3700882852 0.3986336931 -0.313148296
v 0.3679174603 -0.6465525012 0.4934128522
v 0.3409993729 -0.7018004135 0.4379535624
v -0.494714233 -0.275268502 0.5422362977
v -0.5216322763 -0.3305164142 0.486777008
v -0.3606056485 0.4439272666 -0.2393100633
v -0.3875237139 0.3886793543 -0.294769353
v -0.2927951973 0.4147410986 -0.243148018
v -0.3197132627 0.3594931864 -0.2986073078
v -0.3447301857 0.4536553874 -0.2567064973
v -0.3716482511 0.3984074751 -0.312165787
v -0.2982466009 0.4336484634 -0.2593373764
v -0.3251646663 0.3784005511 -0.3147966882
v 0.3412622296 -0.5071104662 0.3674398352
v 0.3143441863 -0.5623583785 0.3119805455
v 0.2598287631 -0.4720607746 0.3720488335
v 0.2329106977 -0.5273086869 0.3165895437
v 0.5694950112 0.1185469622 -0.3666093419
v 0.5425769678 0.0632990499 -0.4220686757
v 0.4872362696 0.153951823 -0.3619536645
v 0.4603182262 0.09870391075 -0.4174129542
v 0.5616019113 0.1040213208 -0.3483080361
v 0.5346838239 0.04877341407 -0.4037673038
v 0.4838481526 0.1374872005 -0.3439073107
v 0.4569300652 0.08223928823 -0.3993666005
v 0.4904702132 0.1224095777 -0.3321012831
v 0.4635521258 0.06716167089 -0.3875605508
v 0.5472835079 0.09795665828 -0.3353168192
v 0.5203654205 0.04270874875 -0.390776087
v -0.7003578501 0.4075233498 -0.03814065262
v -0.7272758935 0.3522754375 -0.0935999479
v -0.2634337952 -0.1551850896 0.3103548764
v -0.2903518716 -0.2104330129 0.2548955866
v -0.2129994109 -0.1768924795 0.3075003774
v -0.2399174763 -0.2321404028 0.2520410877
v 0.255179493 -0.4864653583 0.3886550899
v 0.2282614276 -0.5417132706 0.3331958002
v 0.3355852906 -0.5210726984 0.3841042646
v 0.3086672473 -0.5763206107 0.3286449748
v 0.335421341 -0.4887775639 0.3520118102
v 0.3085032536 -0.5440254761 0.2965525204
v 0.2756266327 -0.463041429 0.355396096
v 0.2487085673 -0.5182893412 0.2999368062
v -0.366497598 0.07694995172 0.1291282884
v -0.3934156634 0.02170204357 0.07366899316
v 0.5116686898 0.1651363568 -0.3849542663
v 0.4847506464 0.1098884445 -0.4404135561
v 0.5587214966 0.144884433 -0.3876173585
v 0.5318034532 0.08963652077 -0.4430766483
v 0.1446849896 0.008954445458 -0.05124611793
v 0.1177669022 -0.04629346613 -0.1067054077
v -0.3092822237 0.3994574048 -0.2199203615
v -0.3362002891 0.3442095145 -0.2753796513
v -0.3582051928 0.4205143025 -0.2171514044
v -0.3851232582 0.3652663682 -0.2726106942
v 0.5309983691 0.09809453806 -0.3275499072
v 0.5040802817 0.04284662578 -0.383009197
v 0.5024302161 0.1103904991 -0.3259330015
v 0.4755121728 0.05514259234 -0.3813922913
v 0.3401555804 -0.4988632649 0.3597612394
v 0.313237537 -0.5541111772 0.3043019497
v 0.2658266656 -0.4668715011 0.363968114
v 0.2389086002 -0.5221194134 0.3085088242
v -0.2943301062 0.4099855453 -0.2376656124
v -0.3212481716 0.3547376551 -0.2931249022
v -0.3624798403 0.4393177839 -0.2338084575
v -0.3893979057 0.3840698717 -0.2892677473
v 0.33823548 -0.4937960179 0.3556452572
v 0.3113173926 -0.5490439302 0.3001859674
v 0.2704161334 -0.4646060188 0.3594836964
v 0.243498068 -0.519853931 0.3040244066
v 0.5692894025 0.1169959468 -0.3649644727
v 0.5423713592 0.0617480345 -0.4204237624
v 0.4864099157 0.15266798 -0.3602736097
v 0.4594918724 0.0974200677 -0.4157328995
v 0.182544945 -0.05330911825 -0.007595820043
v 0.1556268796 -0.1085570305 -0.06305511257
v 0.2962344193 -0.5277230308 0.4098288618
v 0.2693163759 -0.5829709431 0.35436955
v 0.2796837375 -0.5205994771 0.4107655723
v 0.2527656721 -0.5758473894 0.3553063046
v -0.4631317048 0.06396846702 0.1889632245
v -0.4900497922 0.008720555433 0.1335039347
v -0.6053096251 0.6978060394 -0.3734501342
v -0.6322276685 0.6425581271 -0.4289094239
v 0.732619957 0.1219498206 -0.4491745808
v 0.7057019136 0.06670190832 -0.5046338706
v 0.1748048295 -0.0866901882 0.02941481206
v 0.1478867641 -0.141938095 -0.02604447908
v 0.1077309629 -0.1182458814 0.09340561822
v 0.08081290848 -0.1734937936 0.03794632294
v 0.1760349585 -0.08365970647 0.02579882018
v 0.1491168931 -0.1389076132 -0.02966047372
v 0.4973838867 0.1146065664 -0.3276836696
v 0.4704657993 0.05935865962 -0.3831429814
v 0.537331327 0.09741283462 -0.3299446381
v 0.5104132836 0.0421649306 -0.3854039279
v 0.3170452384 -0.5295598132 0.4015577484
v 0.290127195 -0.5848077254 0.3460984807
v 0.2633547158 -0.5064509684 0.4045965642
v 0.2364366504 -0.5616988807 0.3491372524
v 0.1246756215 0.02230404145 -0.05483296284
v 0.09775755609 -0.03294386808 -0.1102922526
v -0.7020168112 0.4111488262 -0.04094708522
v -0.7289348986 0.3559009139 -0.09640638049
v -0.3802811062 0.08105757243 0.1317263821
v -0.4071991716 0.02580966015 0.07626708681
v 0.3396179769 -0.4971757679 0.358341113
v 0.3126998895 -0.5524236802 0.3028818232
v 0.2672808326 -0.466041272 0.3624352528
v 0.2403627452 -0.5212891842 0.3069759631
v -0.4162303852 0.08442712238 0.1458182372
v -0.4431484506 0.0291792101 0.09035894189
v 0.285682851 -0.5237995562 0.4110416842
v 0.2587647856 -0.5790474685 0.3555823944
v 0.2898463271 -0.525591553 0.4108060423
v 0.2629282838 -0.5808394653 0.3553467305
v -0.499015809 -0.2729811553 0.5420454855
v -0.5259338964 -0.3282290675 0.4865861957
v 0.3724934308 -0.648086133 0.4927196221
v 0.3455753874 -0.7033340453 0.4372603323
v -0.5957785257 0.7029915257 -0.3832418884
v -0.6226966132 0.6477436134 -0.4387011782
v 0.7289349426 0.1328236184 -0.4582183229
v 0.7020168112 0.07757570066 -0.5136776127
v 0.2919619516 -0.5263781855 0.4105628261
v 0.2650438862 -0.5816260978 0.3551035583
v 0.28364526 -0.5227985957 0.4110335374
v 0.2567271726 -0.578046508 0.3555742696
v 0.5137010844 0.1651611716 -0.3859653994
v 0.486783041 0.1099132594 -0.4414246891
v 0.5572553734 0.1464150373 -0.3884305013
v 0.530337286 0.09116713054 -0.4438897911
v 0.3411389261 -0.503866218 0.3642678297
v 0.3142208827 -0.5591141302 0.3088085399
v 0.2619607253 -0.4697872775 0.3687491867
v 0.2350426599 -0.5250351898 0.313289897
v -0.3629032338 0.4368087771 -0.2311035081
v -0.3898212992 0.3815608648 -0.2865627979
v -0.2956006391 0.4078411647 -0.2349127288
v -0.3225187045 0.3525932524 -0.2903720186
v 0.1370963173 -0.1156228518 0.07653963717
v 0.1101782519 -0.170870764 0.0210803474
v -0.2772657551 -0.2041129359 0.3658097845
v -0.3041838205 -0.2593608261 0.3103504727
v -0.2337114771 -0.2228590592 0.3633446825
v -0.2606295425 -0.2781069715 0.3078853927
v 0.3047959125 -0.5294561501 0.4073998701
v 0.2778778471 -0.5847040624 0.3519405804
v 0.272350832 -0.5154914958 0.4092362121
v 0.2454327666 -0.5707394081 0.3537769224
v -0.7057019136 0.422022613 -0.04999082184
v -0.732619957 0.3667747007 -0.1054501116
v -0.5568851546 -0.1973679901 0.49480834
v -0.583803242 -0.2526159023 0.4393490502
v 0.4622786204 -0.6360247129 0.4371254911
v 0.435360577 -0.6912726252 0.3816662013
v -0.3552227444 0.4165399652 -0.2146398214
v -0.3821408318 0.3612920749 -0.2700991112
v -0.3139582462 0.3987793674 -0.2169753226
v -0.3408763116 0.3435314771 -0.2724346123
v -0.2573417197 -0.1551107442 0.3073239213
v -0.2842597961 -0.2103586565 0.2518646315
v -0.2173942683 -0.172304476 0.3050629527
v -0.2443123337 -0.2275523882 0.2496036629
v -0.5190251991 -0.2596315434 0.5384586736
v -0.5459432865 -0.3148794557 0.4829993839
v 0.3954846968 -0.6532443604 0.4866990185
v 0.3685666094 -0.7084922727 0.4312397287
v 0.2706672983 -0.5140849988 0.4086521937
v 0.2437492329 -0.5693329111 0.3531929039
v 0.3069086305 -0.5296835571 0.4066009953
v 0.2799905651 -0.5849314694 0.3511417055
v 0.1513324375 -0.1103265024 0.06435374654
v 0.1244143721 -0.1655744146 0.008894452472
v 0.7272758935 0.1364490618 -0.4610247555
v 0.7003578501 0.081201155 -0.5164840453
v -0.5922870099 0.7044001365 -0.3863398018
v -0.6192050973 0.6491522242 -0.4417990915
v 0.06657926534 -0.1090132426 0.1041818136
v 0.03966119994 -0.1642611549 0.04872252384
v -0.3629841297 0.4355139138 -0.22977434
v -0.3899021951 0.3802660015 -0.2852336298
v -0.29635671 0.4068369014 -0.2335453366
v -0.3232747754 0.3515890111 -0.2890046263
v 0.1603608988 -0.1046777581 0.0543444111
v 0.1334428334 -0.1599256703 -0.001114881428
v -0.4583916525 0.06874160208 0.1819076308
v -0.4853097399 0.0134936898 0.1264483411
v -0.2064203084 -0.2103658565 0.3376528928
v -0.2333383738 -0.2656137688 0.2821936031
v -0.2892997842 -0.1746938343 0.3423437338
v -0.3162178496 -0.2299417466 0.286884422
v 0.1203739793 0.02459140742 -0.05502374204
v 0.09345591395 -0.0306565021 -0.1104830318
v -0.2224406088 -0.1680883867 0.3033122626
v -0.2493586742 -0.2233362879 0.2478529729
v -0.2510087618 -0.1557924146 0.3049291904
v -0.2779268382 -0.2110403269 0.2494698786
v 0.2558445835 -0.4914218523 0.393269901
v 0.2289265181 -0.5466697646 0.3378106113
v 0.3319805557 -0.5241914413 0.3889607506
v 0.3050625123 -0.5794393536 0.3335014388
v -0.2787319222 -0.2025823206 0.3649966417
v -0.3056499876 -0.2578302329 0.3095373519
v -0.2316790935 -0.2228342664 0.3623335274
v -0.2585971589 -0.2780821786 0.3068742377
v 0.3276216435 -0.526680059 0.3935555249
v 0.3007036001 -0.5819279713 0.3380962351
v 0.2574562268 -0.4964802479 0.3975267796
v 0.2305381614 -0.5517281602 0.3420674898
v -0.3078103978 0.3998183759 -0.2209943133
v -0.3347284632 0.3445704636 -0.2764536031
v -0.3590510991 0.4218727992 -0.2180941701
v -0.3859691645 0.3666248869 -0.2735534598
v 0.171698373 -0.09243873682 0.0366492165
v 0.1447803076 -0.1476866491 -0.01881007603
v -0.4245643173 0.0834973091 0.1507895056
v -0.4514823827 0.02824940233 0.09533021582
v -0.5294898384 -0.2503281153 0.5342698763
v -0.5564078818 -0.3055760275 0.4788105424
v 0.4089702288 -0.6542492843 0.4811546748
v 0.3820521414 -0.7094971966 0.4256953851
v -0.2938914318 0.425433365 -0.2532674514
v -0.3208094972 0.3701854528 -0.3087267412
v -0.3530763381 0.4509070396 -0.2499176906
v -0.3799944035 0.3956591273 -0.3053769804
v 0.1826577017 -0.0567896634 -0.004183265234
v 0.1557396363 -0.1120375702 -0.05964256051
v 0.3226058757 -0.5284829769 0.3977860693
v 0.2956878323 -0.5837308892 0.3423267795
v 0.2599783787 -0.5015275462 0.4013306497
v 0.2330602913 -0.5567754584 0.345871382
v 0.4929890403 0.119194603 -0.3301211163
v 0.4660709529 0.06394669074 -0.3855803841
v 0.5434234466 0.09748720207 -0.3329756153
v 0.5165053592 0.0422392953 -0.388434905
v -0.2672938566 -0.1556545678 0.3126961023
v -0.294211933 -0.2109024691 0.2572368126
v -0.2104805949 -0.1801074762 0.3094805662
v -0.2373986603 -0.2353553885 0.2540212764
v -0.2038585122 -0.195185077 0.3212865718
v -0.2307765776 -0.2504329893 0.2658272821
v -0.2816122709 -0.1617192194 0.3256872972
v -0.3085303363 -0.2169671317 0.2702280074
v -0.3396872471 0.4044691652 -0.2101554478
v -0.3666053125 0.3492212749 -0.2656147376
v -0.3328826972 0.4015404419 -0.2105405732
v -0.3598007626 0.3462925296 -0.265999863
v -0.7056986989 0.4494810782 -0.07734619645
v -0.7326167423 0.3942331659 -0.1328054972
v -0.6766582053 0.376556987 -0.01879530162
v -0.7035762487 0.3213090527 -0.0742545969
v -0.2072466513 -0.2116497106 0.3393329256
v -0.2341647167 -0.2668976229 0.2838736358
v -0.2895053928 -0.1762448607 0.343988625
v -0.3164234582 -0.231492773 0.2885293352
v 0.3397067555 -0.5146694135 0.3757249744
v 0.3127886681 -0.5699173258 0.3202656846
v 0.2562050262 -0.4787295584 0.3804510009
v 0.2292869608 -0.5339774707 0.3249917331
v 0.3086819997 -0.4672342337 0.343528989
v 0.2817639122 -0.522482146 0.2880696993
v -0.7046880503 0.4526060302 -0.0809497644
v -0.7316061377 0.397358118 -0.1364090542
v -0.5436374223 -0.2333110378 0.5241843954
v -0.5705555097 -0.2885589501 0.4687251056
v 0.4299961685 -0.6523711512 0.4690784583
v 0.4030780811 -0.7076190635 0.4136191685
v 0.3023404986 -0.4648762297 0.3442578891
v 0.2754224332 -0.5201241419 0.2887985993
v 0.3147897084 -0.470234473 0.3435532754
v 0.2878716209 -0.5254823853 0.2880939857
v 0.5674133832 0.1111836381 -0.35826374
v 0.5404952958 0.05593573135 -0.4137230077
v 0.4841192442 0.1470341422 -0.3535494273
v 0.4572011568 0.0917862299 -0.4090087171
v 0.133008849 0.01732832666 -0.05392088546
v 0.1060907836 -0.03791958424 -0.1093801807
v -0.3126017091 0.4465503732 -0.2652226764
v -0.3395197745 0.391302461 -0.3206819662
v -0.326143168 0.4523787554 -0.2644562348
v -0.3530612334 0.3971308431 -0.3199155246
v -0.2930969387 0.4226777952 -0.2509080162
v -0.3200150041 0.3674298829 -0.306367306
v -0.3553900409 0.4494892691 -0.2473823276
v -0.3823081063 0.3942413568 -0.3028416174
v 0.3243441473 -0.5279609626 0.3964223762
v 0.2974260599 -0.5832088749 0.3409630644
v 0.2590395543 -0.4998533043 0.4001184879
v 0.232121489 -0.5551012166 0.3446591981
v 0.1408662129 -0.1145490211 0.07364012142
v 0.1139481475 -0.1697969333 0.01818082683
v 0.1613399069 -0.006968919253 -0.04346717837
v 0.1344218415 -0.06221683015 -0.09892647364
v -0.6176152743 0.6862368206 -0.355952239
v -0.6445333177 0.6309889083 -0.4114115508
v 0.734309832 0.1043567835 -0.4324688008
v 0.7073917886 0.04910887676 -0.4879280906
v -0.2488686087 -0.1561854997 0.3042820229
v -0.2757866851 -0.211433423 0.2488227112
v -0.2242483928 -0.1667822499 0.3028885608
v -0.2511664582 -0.2220301732 0.247429249
v -0.696417069 0.40032348 -0.03288093373
v -0.7233351564 0.3450755677 -0.08834022625
v -0.2688691253 -0.2111280705 0.3687227425
v -0.2957872017 -0.2663759828 0.3132634527
v -0.2442489095 -0.2217248208 0.3673292804
v -0.2711669749 -0.276972733 0.3118699906
v 0.1545120174 -0.1085966308 0.06108720459
v 0.127593952 -0.1638445431 0.005627913445
v 0.4666249821 -0.6309889083 0.4299992951
v 0.4397069387 -0.6862368206 0.3745399833
v -0.5568843619 -0.1904618029 0.4879280906
v -0.5838024053 -0.2457097151 0.4324688008
v -0.300140169 0.4033296203 -0.2282150347
v -0.3270582344 0.348081708 -0.2836743244
v -0.3624332712 0.4301410942 -0.2246893461
v -0.3893513366 0.3748931819 -0.2801486359
v 0.565725622 0.1351278313 -0.3812974797
v 0.5388075346 0.07987991904 -0.4367567694
v 0.500421029 0.1632354786 -0.377601368
v 0.4735029416 0.1079875663 -0.4330606578
v 0.08951492366 -0.1158482881 0.09985861537
v 0.06259685827 -0.1710962004 0.0443993256
v -0.3293870199 0.400440134 -0.2111411055
v -0.3563050853 0.3451921997 -0.2666004173
v -0.3429285008 0.4062684721 -0.2103746859
v -0.3698465662 0.3510205818 -0.2658339757
v 0.3406459321 -0.5117596262 0.3723704355
v 0.3137278447 -0.5670075384 0.3169111458
v 0.2573517711 -0.4759091221 0.3770847482
v 0.2304337057 -0.5311570344 0.3216254364
v 0.509975468 0.105508978 -0.3247322893
v 0.4830573806 0.05026106577 -0.380191579
v 0.5224246777 0.1001507347 -0.3254368809
v 0.4955065903 0.04490282239 -0.3808961707
v 0.7210628924 0.1472060185 -0.4687251056
v 0.694144849 0.09195811173 -0.5241843954
v -0.5809864166 0.7076190635 -0.3950314242
v -0.6079045041 0.6523711512 -0.450490714
v 0.5160831767 0.1025087607 -0.3247079808
v 0.4891650893 0.04726084845 -0.3801672706
v 0.5685601502 0.1140040635 -0.3616300367
v 0.5416420628 0.05875615118 -0.4170893265
v 0.4850584209 0.1499439185 -0.3569039662
v 0.4581403334 0.09469600627 -0.412363278
v -0.2036121363 -0.2016654707 0.3276226783
v -0.2305302017 -0.256913383 0.2721633886
v -0.2858708669 -0.1662606209 0.3322783778
v -0.3127889323 -0.2215085331 0.276819088
v -0.3226474686 0.4512784034 -0.2650567891
v -0.349565534 0.3960304911 -0.3205160789
v -0.3158429188 0.4483496801 -0.2654419145
v -0.3427609841 0.3931017679 -0.3209012043
v -0.7034627213 0.414779675 -0.04386232217
v -0.7303808088 0.3595317848 -0.09932161745
v -0.2826369233 -0.1978028552 0.3621307371
v -0.3095549887 -0.2530507675 0.3066714474
v -0.2258236506 -0.2222557526 0.358915201
v -0.252741727 -0.2775036649 0.3034559112
v -0.6408437235 0.3526626987 -0.0123752455
v -0.6677618109 0.2974148085 -0.0678345394
v 0.2813417297 -0.4622126971 0.3517966015
v 0.2544236643 -0.5174606093 0.2963373117
v 0.331776136 -0.483920109 0.3489421025
v 0.3048580927 -0.5391680213 0.2934828127
v -0.2115052473 -0.216191112 0.3459240062
v -0.2384233237 -0.2714390243 0.2904647164
v -0.289259006 -0.1827252434 0.3503247315
v -0.3161770713 -0.2379731447 0.2948654417
v 0.5647868417 0.1368020512 -0.3825096856
v 0.5378687543 0.0815541389 -0.4379689753
v 0.5021593007 0.1637574599 -0.3789650611
v 0.4752412573 0.1085095477 -0.4344243509
v -0.3024538718 0.4019118498 -0.2256796717
v -0.3293719372 0.3466639375 -0.2811389615
v -0.361638778 0.4273855243 -0.2223299109
v -0.3885568434 0.372137612 -0.2777892006
v -0.5599604769 0.7094971966 -0.4071076407
v -0.5868785643 0.6542492843 -0.4625669305
v 0.7069153085 0.1642230959 -0.4788105865
v 0.6799972651 0.1089751837 -0.5342698763
v 0.1822061685 -0.04978202051 -0.01094503592
v 0.1552881031 -0.1050299328 -0.06640432844
v -0.7064897792 0.4256172194 -0.05318932666
v -0.7334078666 0.3703693072 -0.1086486164
v -0.3756717777 0.07985389869 0.1306882544
v -0.4025898431 0.02460598642 0.07522895908
v -0.2964791108 0.4309460901 -0.2575031922
v -0.3233971761 0.3756981779 -0.312962482
v -0.3477198121 0.4530005135 -0.254603049
v -0.3746378775 0.3977526012 -0.3100623387
v 0.5673089275 0.1317547639 -0.3787057714
v 0.5403908841 0.07650685164 -0.4341650611
v 0.4971435329 0.161954553 -0.3747345167
v 0.4702254454 0.1067066517 -0.4301938064
v 0.4927845766 0.1594659573 -0.3701397424
v 0.4658664892 0.104218045 -0.4255990322
v 0.5689205488 0.1266963793 -0.3744488928
v 0.5420025054 0.07144847256 -0.4299081826
v -0.2614384247 -0.1550760651 0.3092777759
v -0.2883564901 -0.2103239773 0.2538184641
v -0.2143855849 -0.1753279998 0.3066146617
v -0.2413036613 -0.2305759231 0.2511553719
v -0.2421087454 -0.2221178948 0.366682091
v -0.2690268108 -0.2773658071 0.3112228012
v -0.2706768984 -0.2098219118 0.3682989967
v -0.2975949637 -0.265069824 0.3128397069
v -0.7070521754 0.4429780495 -0.07021100595
v -0.7339702188 0.3877301372 -0.1256702957
v -0.4687336928 0.05586229968 0.1997575026
v -0.4956517362 0.0006143882679 0.1442982238
v -0.3986077553 0.08415406008 0.1375368192
v -0.4255258207 0.02890615056 0.08207752389
v -0.3591734779 0.4459819439 -0.2420520257
v -0.3860915433 0.3907340316 -0.2975113155
v -0.2925460801 0.4173049756 -0.2458230223
v -0.3194641455 0.3620570413 -0.3012823121
v -0.203817745 -0.2032164751 0.3292675476
v -0.2307358104 -0.2584643874 0.2738082578
v -0.2866971988 -0.1675444419 0.3339583885
v -0.3136152862 -0.2227923652 0.2784990987
v 0.1668308117 -0.01384905996 -0.03927836998
v 0.1399127463 -0.06909696948 -0.09473766525
v 0.4412967617 -0.6491522242 0.4603868359
v 0.4143786743 -0.7044001365 0.4049275461
v -0.5498504234 -0.2225540811 0.5164840453
v -0.5767685108 -0.2778019934 0.4610247555
v 0.1165529348 -0.1183825831 0.08925991102
v 0.08963486938 -0.1736304954 0.0338006185
v -0.4204457149 0.0840505897 0.1482393132
v -0.4473638023 0.02880267742 0.0927800234
v -0.3894887319 0.08295382123 0.1343064316
v -0.4164067973 0.02770590895 0.0788471363
v 0.5178565458 0.1649580731 -0.3877799871
v 0.4909384584 0.1097101608 -0.4432392769
v 0.554097878 0.1493594928 -0.3898311855
v 0.5271797906 0.09411159153 -0.4452904753
v -0.546474945 0.7084922727 -0.4126519844
v -0.5733930324 0.6532443604 -0.4681112742
v 0.6964506252 0.1735265461 -0.4829993839
v 0.6695325818 0.1182786449 -0.5384586736
v -0.3574562339 0.07340782635 0.1282685435
v -0.3843742993 0.01815991545 0.07280924822
v 0.06208066782 -0.1071644051 0.1045234855
v 0.03516259141 -0.1624123174 0.04906419849
v -0.2757232498 -0.2056058555 0.3665483286
v -0.3026413152 -0.2608537678 0.3110890389
v -0.2357757875 -0.2227995872 0.3642873821
v -0.2626938639 -0.2780474995 0.3088280923
v 0.1250701708 -0.117807174 0.08455271034
v 0.0981521054 -0.1730550862 0.02909342056
v -0.4119284568 0.08462599337 0.1435321125
v -0.4388465222 0.02937808385 0.08807281721
v 0.09411317686 -0.1167104 0.09848560294
v 0.06719511147 -0.1719583123 0.04302630766
v -0.3415719637 0.4540394779 -0.2586220398
v -0.3684900291 0.3987915656 -0.3140813295
v -0.3003074434 0.4362788801 -0.2609575409
v -0.3272255088 0.3810309679 -0.3164168307
v -0.6132689126 0.6912726252 -0.363078457
v -0.640186956 0.6360247129 -0.4185377467
v 0.7343106247 0.1112629707 -0.4393490942
v 0.7073925813 0.05601506396 -0.494808384
v -0.6984897575 0.4039120093 -0.03544977581
v -0.7254078009 0.3486640971 -0.09090906834
v 0.1032321892 -0.1179106389 0.09525520434
v 0.07631413481 -0.1731585511 0.03979591181
v 0.5524143444 0.1507660009 -0.3904152039
v 0.525496301 0.09551808858 -0.4458744937
v 0.5199692639 0.1647306331 -0.3885788619
v 0.4930512205 0.1094827208 -0.4440381957
v 0.1733581487 -0.08961888396 0.0330345182
v 0.1464400833 -0.1448667962 -0.02242477433
v -0.3599295268 0.4449776806 -0.2406846335
v -0.3868475922 0.3897298124 -0.2961439453
v -0.292626932 0.4160101122 -0.2444938542
v -0.3195449974 0.3607621779 -0.2999531439
v -0.2594060301 -0.1550512502 0.3082665988
v -0.2863240955 -0.2102991625 0.2528073091
v -0.2158517521 -0.1737973846 0.3058014969
v -0.2427698175 -0.2290452858 0.2503422071
v 0.5628044731 0.1050617495 -0.3499281785
v 0.5358863857 0.04981384273 -0.4053874683
v 0.4836262503 0.139140723 -0.3454468435
v 0.4567082069 0.08389281622 -0.4009061333
v 0.08029624463 -0.113610483 0.1021037747
v 0.05337817924 -0.1688583952 0.04664448213
v 0.2675098029 -0.5111405543 0.4072515095
v 0.2405917375 -0.5663884666 0.3517922198
v 0.3110640479 -0.5298866556 0.4047864076
v 0.2841460045 -0.5851345679 0.3493271178
v 0.5411199163 0.1580731227 -0.3922125732
v 0.5142018729 0.1028252105 -0.447671863
v 0.5328032247 0.1616527015 -0.3917418619
v 0.5058851373 0.1064047893 -0.4472011517
v -0.5515094725 -0.2189286047 0.5136776127
v -0.5784275159 -0.274176517 0.4582183229
v 0.4447882776 -0.6477436134 0.4572889225
v 0.4178701902 -0.7029915257 0.4018296327
v -0.7046921017 0.4184071771 -0.04687931758
v -0.731610145 0.3631592868 -0.1023386129
v -0.523483723 0.7033340453 -0.418672588
v -0.5504017664 0.648086133 -0.4741318777
v 0.6764412791 0.186876158 -0.4865861957
v 0.6495232358 0.1316282347 -0.5420454855
v 0.5349188052 0.160866047 -0.3919850341
v 0.5080007618 0.1056181457 -0.4474443239
v 0.5390823253 0.1590740502 -0.392220676
v 0.5121642379 0.1038261379 -0.4476799658
v 0.5574843657 0.1013157549 -0.3436142667
v 0.5305662783 0.04606785093 -0.3990735344
v 0.4851471994 0.1324502729 -0.3395201047
v 0.458229156 0.07720236617 -0.3949794165
v -0.6618679898 0.3647483832 -0.01421038887
v -0.6887860772 0.3095004709 -0.06966968139
v 0.5614104825 0.1417254734 -0.385775556
v 0.5344923951 0.08647756115 -0.4412348457
v 0.5077198939 0.1648343402 -0.3827367843
v 0.4808018506 0.1095864279 -0.438196074
v 0.2874338053 -0.4621383186 0.3487656243
v 0.2605157619 -0.5173862309 0.2933063345
v 0.3273812896 -0.4793320724 0.3465046778
v 0.3004632463 -0.5345799847 0.291045388
v 0.4543193329 -0.6425581271 0.4474971683
v 0.4274012895 -0.6978060394 0.3920378785
v -0.5551945309 -0.2080548179 0.5046338706
v -0.5821126183 -0.2633027302 0.4491745808
v -0.3848904787 0.08209171481 0.1329334026
v -0.4118085441 0.02684380253 0.07747411286
v 0.5450814388 0.1558739931 -0.3919446082
v 0.5181633514 0.1006260808 -0.4474038979
v 0.528530713 0.1629975468 -0.3910078536
v 0.5016126696 0.1077496456 -0.4464671433
v 0.3383552606 -0.517393497 0.3790946179
v 0.3114372172 -0.5726414093 0.3236353281
v 0.2554757738 -0.4817214308 0.3837854809
v 0.2285577084 -0.536969343 0.3283261691
v 0.554349065 0.09988049074 -0.3406627102
v 0.5274309776 0.04463258397 -0.396122
v 0.4865297403 0.1290705119 -0.336824249
v 0.4596116529 0.07382259964 -0.3922835608
v -0.4498875615 0.07484005201 0.1717048244
v -0.4768056269 0.01959214111 0.1162455236
v 0.5589385108 0.1021459841 -0.3451471278
v 0.5320204234 0.04689807733 -0.4006064176
v 0.484609596 0.134137792 -0.3409402312
v 0.4576915086 0.07888987969 -0.396399521
v -0.2930503696 0.4135011054 -0.2417889048
v -0.319968435 0.3582531711 -0.2972481946
v -0.3612001037 0.4428333 -0.2379317499
v -0.3881181691 0.3875853877 -0.2933910397
v -0.2973250171 0.4323045869 -0.2584459579
v -0.3242430825 0.3770566746 -0.3139052477
v -0.3462479642 0.4533614406 -0.2556770008
v -0.3731660516 0.3981135283 -0.3111362905
v 0.1288906209 0.01988107048 -0.0544650504
v 0.1019725555 -0.03536684042 -0.1099243457
v 0.3223349162 -0.4751159721 0.3447540097
v 0.2954168287 -0.5303638844 0.2892947199
v 0.2937667632 -0.462820011 0.3463709154
v 0.2668487198 -0.5180679233 0.2909116257
v 0.2660436358 -0.509609917 0.4064383667
v 0.2391255483 -0.5648578293 0.350979055
v 0.3130964425 -0.5298618188 0.4037752305
v 0.2861783551 -0.585109731 0.3483159627
v 0.5491385216 0.09831593396 -0.3365750878
v 0.5222204782 0.04306802169 -0.3920343996
v 0.4893438354 0.1240520799 -0.333190824
v 0.462425792 0.06880416761 -0.3886501138
v 0.4891798857 0.1563471924 -0.3652832563
v 0.4622617983 0.1010992912 -0.4207425461
v 0.5695856833 0.1217398523 -0.3698340817
v 0.5426675959 0.06649194551 -0.4252933715
v 0.1816397429 -0.06686883049 0.006351561069
v 0.1547216775 -0.1221167428 -0.0491077318
v 0.1483195816 0.005947010207 -0.05001426052
v 0.1214015162 -0.0493009 -0.1054735503
v -0.436241735 0.08079243129 0.1591519076
v -0.4631598003 0.02554451901 0.1036926178
v -0.2801180962 -0.2010178189 0.3641109039
v -0.3070361616 -0.2562657311 0.3086516141
v -0.2296837119 -0.2227252088 0.361256405
v -0.2566017773 -0.2779731211 0.3057971152
v 0.2774816904 -0.4626821312 0.3541378054
v 0.250563625 -0.5179300435 0.2986785156
v 0.3342949631 -0.4871350726 0.3509222693
v 0.3073769198 -0.5423829849 0.2954629795
v 0.3409170678 -0.5022127175 0.3627282969
v 0.3139989804 -0.5574606298 0.3072690071
v 0.2631632871 -0.4687468158 0.3671290223
v 0.2362452217 -0.5239947281 0.3116697325
v 0.1641762406 -0.01038054929 -0.0414452205
v 0.1372581752 -0.06562845743 -0.09690451578
v 0.1409155563 0.01185843028 -0.05230947884
v 0.1139974909 -0.04338948062 -0.1077687686
v -0.6831762065 0.3830227164 -0.02207278676
v -0.7100942939 0.3277748041 -0.07753208204
v -0.357283609 0.419170426 -0.2162599639
v -0.3842016743 0.3639225137 -0.2717192536
v -0.3108000022 0.399163502 -0.2188908651
v -0.3377180676 0.3439155897 -0.2743501548
v -0.3627350126 0.4380777907 -0.2324493443
v -0.389653078 0.3828298784 -0.287908634
v -0.2949245614 0.4088915787 -0.236287299
v -0.3218426268 0.3536436885 -0.2917465888
v 0.3375289067 -0.518677307 0.3807746727
v 0.3106108633 -0.5739252193 0.3253153609
v 0.2552701651 -0.4832724572 0.3854303501
v 0.2283520998 -0.5385203694 0.3299710603
v 0.5649363913 0.1073353126 -0.3532278253
v 0.5380183039 0.05208740036 -0.408687115
v 0.4835029027 0.1423849712 -0.3486188491
v 0.4565848153 0.08713705894 -0.4040781168
v -0.5189077085 0.7018004135 -0.4193658181
v -0.5458257959 0.6465525012 -0.4748251078
v 0.672139659 0.1891635047 -0.486777008
v 0.6452216156 0.1339155924 -0.5422362977
v -0.6364000841 0.3506627373 -0.01253969334
v -0.6633181275 0.2954148251 -0.06799898449
v 0.1115525139 0.02873760453 -0.05487249153
v 0.08463443746 -0.02651030499 -0.1103317868
v -0.3123599901 0.398937284 -0.217908356
v -0.3392780555 0.3436893717 -0.2733676458
v -0.3562886375 0.4178445606 -0.2154220723
v -0.3832067029 0.3625966484 -0.270881362
v -0.2889878923 -0.1731782907 0.3406825709
v -0.3159059577 -0.228426192 0.2852232811
v -0.2056937533 -0.2090287838 0.3359682802
v -0.2326118187 -0.264276696 0.2805089905
v -0.6890238328 0.3897808953 -0.02596695749
v -0.7159419203 0.334532983 -0.08142625001
v 0.1583286143 -0.003622378282 -0.04533938848
v 0.1314105489 -0.05887028953 -0.1007986838
v -0.6657631926 0.367541935 -0.01510269915
v -0.692681236 0.3122940227 -0.07056199168
v -0.3278992306 0.4528326886 -0.2640561368
v -0.354817296 0.3975847763 -0.3195154266
v -0.311035622 0.4455744698 -0.2650105723
v -0.3379536874 0.3903265575 -0.320469862
v 0.7344233593 0.1077824091 -0.4359364926
v 0.707505316 0.05253449679 -0.4913957824
v -0.6155418372 0.6888188848 -0.359530838
v -0.6424599246 0.6335709725 -0.4149901277
v 0.1291887952 -0.1172538934 0.08200251241
v 0.1022707078 -0.1725018057 0.02654321988
v -0.6731671738 0.3734533489 -0.01739791747
v -0.7000852613 0.3182054146 -0.07285721
v -0.7064873572 0.4462691971 -0.07376374422
v -0.7334054446 0.3910212848 -0.129223034
v -0.4670739391 0.05868215805 0.1961428153
v -0.4939919825 0.00343425059 0.1406835145
v -0.5261508226 -0.2535204659 0.5358294018
v -0.55306891 -0.3087683782 0.480370112
v 0.4045264133 -0.654091808 0.4831547023
v 0.3776083258 -0.7093397203 0.4276954125
v 0.2959069163 -0.4632130851 0.345723726
v 0.2689888509 -0.5184609974 0.2902644362
v 0.3205271982 -0.4738098353 0.3443302639
v 0.2936091108 -0.5290577476 0.2888709741
v -0.5551913162 -0.1805963637 0.47727854
v -0.5821094036 -0.235844265 0.4218192502
v 0.4716002359 -0.6225361424 0.4191639526
v 0.4446821485 -0.6777840547 0.3637046408
v -0.5541807116 -0.1774714007 0.47367495
v -0.581098755 -0.232719313 0.4182156603
v 0.4728303648 -0.6195056497 0.4155479442
v 0.4459122774 -0.6747535619 0.3600886544
v 0.5061012267 0.1078333378 -0.3251673746
v 0.4791831834 0.05258542556 -0.3806266644
v 0.5267123381 0.09896213258 -0.3263339142
v 0.4997942947 0.04371422857 -0.3817932039
v 0.5263843947 0.1635523797 -0.3905188229
v 0.4994663514 0.1083044674 -0.4459781127
v 0.5469955061 0.1546811855 -0.3916853625
v 0.5200774627 0.09943327321 -0.4471446523
v -0.6537381911 0.3595192563 -0.01294712622
v -0.6806562785 0.304271344 -0.06840642012
v 0.2759063996 -0.518155645 0.4101644676
v 0.2489883342 -0.5734035572 0.3547051778
v 0.3005266595 -0.5287524392 0.4087710055
v 0.2736086161 -0.5840003515 0.3533117157
v 0.1630161084 -0.1024981808 0.05088439543
v 0.136098043 -0.1577460931 -0.004574897091
v -0.4557364429 0.07092117379 0.1784476124
v -0.4826545303 0.01567326289 0.1229883226
v 0.6847744846 0.1819004198 -0.4856741019
v 0.6578564412 0.1266525075 -0.5411333916
v -0.5326912387 0.7059080067 -0.4167677244
v -0.5596093261 0.6506600944 -0.4722270142
v -0.2073815255 -0.1850846016 0.3129345185
v -0.2342995909 -0.2403325138 0.2574752288
v -0.2726861185 -0.1569769433 0.3166306522
v -0.2996041729 -0.2122248555 0.2611713624
v 0.7131055866 0.1576031821 -0.4752204278
v 0.6861875432 0.1023552698 -0.5306797176
v -0.5686405177 0.7092775401 -0.4026758473
v -0.5955586051 0.6540296278 -0.4581351371
v -0.3619548314 0.07525667485 0.1286102044
v -0.3888728968 0.02000876258 0.07315091462
v -0.4467079816 0.0765699181 0.1684382825
v -0.473626069 0.02132200995 0.1129789927
v -0.2631316465 -0.2147034548 0.369499731
v -0.2900497119 -0.2699513671 0.3140404412
v -0.2506824918 -0.2200616762 0.3687951173
v -0.2776005462 -0.2753095885 0.3133358275
v -0.2570239598 -0.2177036722 0.3695240394
v -0.2839420252 -0.2729515844 0.3140647276
v -0.2045469753 -0.2062083694 0.3326019835
v -0.2314650407 -0.2614562817 0.2771426938
v -0.2880487157 -0.1702685033 0.3373280541
v -0.3149667811 -0.2255164266 0.2818687423
v 0.5695938302 0.1201295851 -0.36823391
v 0.5426757428 0.06488167285 -0.4236931998
v 0.4881603416 0.1551792437 -0.3636249118
v 0.4612422982 0.09993133143 -0.4190842016
v 0.3411634547 -0.5086930671 0.3690643814
v 0.3142453673 -0.5639409794 0.3136050916
v 0.2589046911 -0.4732882173 0.3737200808
v 0.2319866257 -0.5285361296 0.3182607911
v 0.4338917677 -0.6514687895 0.4662887598
v 0.4069736802 -0.7067167017 0.41082947
v -0.5459096863 -0.2297539729 0.521743778
v -0.5728277297 -0.2850018852 0.4662844882
v 0.2621386127 -0.5048304517 0.4035724842
v 0.2352205473 -0.5600783639 0.3481131724
v 0.3189519074 -0.5292833931 0.4003569481
v 0.29203382 -0.5845312613 0.3448976363
v 0.3332703107 -0.5232187085 0.3873657312
v 0.3063522673 -0.5784666207 0.3319064195
v 0.2555165741 -0.4897528508 0.3917664346
v 0.2285985087 -0.5450007631 0.3363071448
v -0.2083203389 -0.1834103817 0.3117223567
v -0.2352384043 -0.238658294 0.2562630669
v -0.2709478359 -0.156454984 0.3152669811
v -0.2978659013 -0.2117028852 0.2598076693
v 0.1370203975 0.01465196279 -0.05320178362
v 0.1101023321 -0.04059594811 -0.1086610789
v 0.1798444874 -0.03900685448 -0.02053286317
v 0.152926422 -0.09425476676 -0.07599215294
v -0.4324718614 0.0818662675 0.1562523918
v -0.4593899267 0.02661835798 0.1007930966
v 0.4835110936 0.140774682 -0.3470186554
v 0.4565930061 0.08552677527 -0.4024779451
v 0.5639168912 0.1061673419 -0.3515694807
v 0.5369988038 0.0509194296 -0.4070287705
v 0.5637528975 0.1384624434 -0.3836619131
v 0.5368348541 0.08321453115 -0.4391212029
v 0.5039582112 0.1641985894 -0.3802776273
v 0.4770401238 0.1089506771 -0.4357369171
v -0.3209165511 0.450634803 -0.2652557482
v -0.3478346165 0.3953868907 -0.3207150379
v -0.3175100707 0.4491685918 -0.265448542
v -0.3444281361 0.3939206795 -0.3209078538
v -0.2803225599 -0.1607464976 0.3240922998
v -0.3072406253 -0.2159943989 0.2686330101
v -0.2041865657 -0.1935160756 0.3197831494
v -0.2311046311 -0.2487639878 0.2643238376
v -0.205798187 -0.188457658 0.3155262488
v -0.2327162524 -0.2437055702 0.2600669371
v -0.2759636257 -0.1582578689 0.3194974815
v -0.3028816911 -0.2135057811 0.2640381918
v 0.2833371333 -0.4621036615 0.350719501
v 0.2564190679 -0.5173515738 0.2952602112
v 0.33038994 -0.4823556073 0.3480563868
v 0.3034718526 -0.5376035196 0.292597097
v -0.3540885941 0.4152599423 -0.2139151489
v -0.3810066595 0.36001203 -0.2693744387
v -0.3155908511 0.3986901925 -0.2160940545
v -0.3425089165 0.3434422802 -0.2715533443
v 0.3026667686 -0.5291454692 0.408123794
v 0.2757487252 -0.5843933815 0.3526645263
v 0.2740986376 -0.5168495082 0.4097406997
v 0.2471805722 -0.5720974205 0.354281432
v 0.5665670365 0.1334440114 -0.3800285101
v 0.5396489932 0.07819610462 -0.4354877999
v 0.4987477119 0.1626340326 -0.3761900269
v 0.4718296685 0.1073861203 -0.4316493167
v -0.5529553827 -0.2152977559 0.5107624088
v -0.5798734261 -0.2705456682 0.455303119
v 0.4481278659 -0.6461724621 0.4541028471
v 0.4212097785 -0.7014203744 0.3986435574
v 0.5684871809 0.1283767313 -0.3759125058
v 0.5415690935 0.07312881907 -0.4313717956
v 0.4941582221 0.1603685282 -0.3717056093
v 0.4672401787 0.1051206159 -0.427164899
v 0.1208548411 -0.1181837011 0.08697378634
v 0.09393677574 -0.1734316134 0.03151449382
v 0.340957846 -0.5102440935 0.3707092946
v 0.3140397586 -0.5654920058 0.3152500049
v 0.2580783372 -0.4745720714 0.3754001136
v 0.2311602718 -0.5298199836 0.3199408238
v -0.4903363408 -0.2774147322 0.5422494648
v -0.5172543842 -0.3326626445 0.486790175
v 0.3633747377 -0.6448591913 0.4939309032
v 0.3364566503 -0.7001071036 0.4384716134
v 0.1736421432 -0.0245116482 -0.03196240493
v 0.1467240778 -0.07975956048 -0.08742170296
v 0.5245660198 0.09951700952 -0.3258449275
v 0.4976479764 0.04426909449 -0.3813042173
v 0.508015338 0.1066405632 -0.3249081729
v 0.4810972506 0.05139265097 -0.3803674627
v 0.08490557314 -0.1148141567 0.1010656469
v 0.05798750774 -0.170062069 0.04560635165
v -0.2552505907 -0.1552543708 0.3064520331
v -0.2821686561 -0.2105022831 0.2509927434
v -0.2190092805 -0.1708529401 0.3044008347
v -0.2459273459 -0.2261008634 0.2489415449
v -0.5559823965 -0.2044601895 0.5014353768
v -0.5829004399 -0.2597081017 0.445976087
v 0.4571563272 -0.6405237068 0.4440935062
v 0.4302382838 -0.695771619 0.3886342164
v -0.6108017849 0.6935920528 -0.3665864867
v -0.6377198724 0.6383441406 -0.4220457765
v 0.7339718042 0.1147900795 -0.4426982826
v 0.7070537608 0.05954217271 -0.4981575724
v -0.4714104805 0.0499031277 0.2069931965
v -0.4983285679 -0.00534478251 0.1515339067
v -0.403106529 0.08448930259 0.1393864163
v -0.4300245944 0.02924139582 0.08392712102
v -0.2944155379 0.4268164785 -0.2543909228
v -0.3213336033 0.3715685662 -0.3098502126
v -0.3518236402 0.4515254068 -0.2511417204
v -0.3787417056 0.3962774945 -0.3066010102
v 0.2690522861 -0.5126334519 0.4079900537
v 0.2421342208 -0.5678813642 0.352530786
v 0.3089997705 -0.5298272057 0.4057291072
v 0.2820816831 -0.585075118 0.3502698174
v -0.4701803956 0.05293360943 0.2033772101
v -0.497098439 -0.002314302329 0.1479179203
v 0.5453768389 0.09768019413 -0.3341159748
v 0.5184587955 0.04243229011 -0.3895752866
v 0.4916862944 0.1207890719 -0.3310772031
v 0.4647682069 0.06554115412 -0.3865364709
v 0.4684938234 -0.6282846855 0.4263983033
v 0.44157578 -0.6835325978 0.3709389915
v -0.5565447487 -0.1870993814 0.4844136755
v -0.5834628361 -0.2423472937 0.4289543857
v -0.5769744718 0.7083477433 -0.3977046009
v -0.6038925592 0.6530998311 -0.4531638907
v 0.7185965574 0.1507230318 -0.4710316304
v 0.6916784259 0.0954751195 -0.5264909202
v 0.1677561607 -0.09772504579 0.04382879076
v 0.1408380953 -0.1529729581 -0.01163050038
v 0.5679495334 0.1300642394 -0.3773326103
v 0.5410314901 0.07481633259 -0.4327919001
v 0.4956124112 0.1611987574 -0.3732384484
v 0.4686943237 0.1059508451 -0.4286977382
v -0.3296549849 0.4532209626 -0.263590732
v -0.3565730503 0.3979730503 -0.3190500218
v -0.3095111499 0.4445509183 -0.2647308494
v -0.3364292153 0.389303006 -0.3201901392
v -0.6916784259 0.3932494238 -0.02813380802
v -0.7185964693 0.3380014895 -0.08359309504
v -0.2206927922 -0.169446421 0.3038167943
v -0.2476108575 -0.2246943223 0.2483575045
v -0.2531378616 -0.1554817888 0.3056531363
v -0.280055916 -0.21072969 0.2501938465
v 0.1822045391 -0.06357769388 0.002798835525
v 0.1552864738 -0.1188256062 -0.05266045906
v 0.5140144516 0.1034405061 -0.3246320831
v 0.4870963641 0.04819259935 -0.3800913949
v 0.5181779277 0.1016485094 -0.324867747
v 0.4912598843 0.04640059709 -0.3803270368
v -0.3052246124 0.4412203576 -0.2634935204
v -0.3321426778 0.3859724453 -0.3189528102
v -0.3348765815 0.4539828023 -0.2618152711
v -0.3617946469 0.39873489 -0.3172745609
v 0.5202935522 0.1008618328 -0.3251108972
v 0.4933754648 0.04561392601 -0.380570209
v 0.5119768165 0.1044414116 -0.3246401859
v 0.4850587732 0.04919350482 -0.3800994977
v 0.2853695279 -0.4620788687 0.3497083239
v 0.2584514405 -0.517326781 0.2942490341
v 0.3289237729 -0.48082497 0.3472432439
v 0.3020057295 -0.5360728823 0.2917839542
v -0.2103026855 -0.2151506504 0.3443038197
v -0.2372207509 -0.2703985626 0.2888445299
v -0.2894808863 -0.1810716989 0.3487851767
v -0.3163989517 -0.2363196002 0.293325887
v 0.5694705266 0.1233737783 -0.3714058936
v 0.5425524392 0.06812586603 -0.4268651834
v 0.4902923038 0.1574527518 -0.3669245586
v 0.4633742604 0.1022048395 -0.4223838483
v -0.3039032389 0.4400327243 -0.2629517775
v -0.3308213043 0.384784812 -0.3184110673
v -0.3365875282 0.454100337 -0.2611019161
v -0.3635055936 0.3988524247 -0.3165612059
v 0.07112203195 -0.1107065305 0.1036637406
v 0.04420396655 -0.1659544428 0.0482044453
v -0.7070537608 0.4291823651 -0.05646714208
v -0.7339718042 0.3739344528 -0.1119264318
v -0.2319872202 -0.1621392991 0.3020194691
v -0.2589052856 -0.2173872004 0.2465601573
v -0.2403039008 -0.1585597313 0.3024901583
v -0.2672219662 -0.2138076326 0.2470308685
v -0.2381883203 -0.1593463859 0.3022470081
v -0.2651063857 -0.2145943092 0.2467877183
v -0.2340248112 -0.1611384047 0.3020113662
v -0.2609428766 -0.2163863059 0.2465520545
v 0.1816421649 -0.04621688032 -0.01422284858
v 0.1547240995 -0.1014647871 -0.06968213835
v 0.533127513 0.09778386818 -0.3282738311
v 0.5062094256 0.04253596141 -0.3837331209
v 0.5006824325 0.1117485114 -0.3264375111
v 0.4737643451 0.05650059917 -0.3818967789
v -0.2156227928 -0.2188966559 0.3506177536
v -0.2425408692 -0.2741445682 0.2951584638
v -0.2879599151 -0.1877621599 0.3547119155
v -0.3148779805 -0.2430100722 0.2992526037
v 0.4376616413 -0.6503949478 0.463389189
v 0.4107435539 -0.70564286 0.4079298992
v -0.5479823308 -0.2261654436 0.5191749249
v -0.5749004182 -0.2814133339 0.4637156351
v -0.3066020451 0.4423711319 -0.2639713656
v -0.3335201105 0.3871232196 -0.3194306774
v -0.333147998 0.4537967461 -0.262468912
v -0.3600660634 0.3985488338 -0.3179282238
v 0.1159961092 0.02673764865 -0.05503692561
v 0.0890780328 -0.02851026088 -0.1104962209
v -0.2990849769 0.4041255006 -0.2295200265
v -0.3260030423 0.3488775883 -0.2849793383
v -0.3627016545 0.4315066368 -0.225919453
v -0.3896197199 0.3762587246 -0.2813787428
v -0.211696665 -0.1784869815 0.3084564863
v -0.2386147304 -0.2337348937 0.2529971965
v -0.2653872426 -0.1553781037 0.31149528
v -0.292305308 -0.210626005 0.2560359902
v 0.1786151511 -0.03537934417 -0.02354986133
v 0.1516970857 -0.0906272537 -0.07900915385
v -0.3314060052 0.4535426087 -0.2630612534
v -0.3583240927 0.3982946964 -0.3185205432
v -0.3080320579 0.4434822729 -0.2643841683
v -0.3349501453 0.3882343606 -0.319843458
v -0.319202654 0.4499309159 -0.2653864279
v -0.3461207194 0.3946830036 -0.3208457177
v -0.3311390531 0.4009586253 -0.2108072832
v -0.3580571185 0.3457107351 -0.266266573
v -0.3413247181 0.4053426386 -0.2102307951
v -0.3682427835 0.3500947264 -0.2656900849
v -0.361711417 0.4416985111 -0.2365530622
v -0.3886294824 0.3864505988 -0.292012374
v -0.2933918103 0.4122931711 -0.2404198392
v -0.3203098977 0.3570452588 -0.2958791289
v 0.4989988988 0.1131550415 -0.3270215516
v 0.4720808114 0.05790712925 -0.3824808413
v 0.5352402311 0.09755647224 -0.32907275
v 0.5083221437 0.04230855721 -0.3845320398
v -0.554184719 -0.2116702318 0.5077453914
v -0.5811027623 -0.2669181441 0.4522861016
v 0.4513074238 -0.6444425575 0.4508363162
v 0.4243893804 -0.6996904697 0.3953770264
v -0.2280257087 -0.1643384508 0.3022874561
v -0.2549437741 -0.2195863631 0.2468281443
v -0.2445764015 -0.1572148861 0.3032241887
v -0.2714944669 -0.2124628093 0.2477648989
v -0.5113606071 -0.2653290697 0.5404143118
v -0.5382786945 -0.320576982 0.484955022
v 0.386310341 -0.6516942588 0.489607749
v 0.3593922976 -0.7069421711 0.4341484152
v -0.2926469909 0.4199593044 -0.2484182976
v -0.3195650563 0.3647114142 -0.3038775873
v -0.3574291512 0.4478421099 -0.2447517347
v -0.3843472166 0.3925941976 -0.3002110245
v -0.4528994706 0.07295561613 0.1750439503
v -0.479817536 0.01770770523 0.1195846605
v -0.2141686147 -0.2180664488 0.3490848924
v -0.2410866801 -0.273314339 0.2936256026
v -0.2884975626 -0.1860746409 0.353291767
v -0.315415628 -0.2413225312 0.2978324772
v 0.1715694547 -0.02092312162 -0.03453124702
v 0.1446513894 -0.07617103115 -0.08999053404
v -0.2865774182 -0.19114191 0.3574077712
v -0.3134954836 -0.2463898222 0.3019484594
v -0.2187580936 -0.2203319091 0.35356931
v -0.245676159 -0.2755798214 0.2981100202
v 0.484176184 0.135818166 -0.3424038443
v 0.4572580966 0.08057025923 -0.397863134
v 0.5603121562 0.103048599 -0.3467130167
v 0.5333940688 0.04780068676 -0.4021722845
v 0.555953244 0.1005599813 -0.3421182204
v 0.5290351566 0.04531207179 -0.3975775102
v 0.4857878053 0.1307597814 -0.3381469657
v 0.458869762 0.07551186914 -0.3936062555
v -0.2239685819 -0.2218964989 0.3576569104
v -0.2508866473 -0.2771444112 0.3021976206
v -0.2837633011 -0.196160342 0.3610411962
v -0.3106813665 -0.2514082543 0.3055819065
v -0.2839272508 -0.1638652294 0.3289487419
v -0.3108453162 -0.2191131417 0.2734894521
v -0.2035214642 -0.1984725696 0.3243979165
v -0.2304395296 -0.2537204819 0.2689386267
v -0.3605076442 0.4246202663 -0.2201242087
v -0.3874257096 0.369372354 -0.2755834985
v -0.3050190919 0.4007375157 -0.2232647719
v -0.3319371573 0.3454896254 -0.2787240616
v -0.6861874991 0.3863692625 -0.02394499688
v -0.7131055425 0.3311213502 -0.07940429215
v 0.5509374762 0.0987570854 -0.337887698
v 0.5240194328 0.04350917313 -0.3933470098
v 0.4883099792 0.1257124942 -0.3343430956
v 0.4613918918 0.07046458738 -0.3898023853
v -0.6578564412 0.3620720138 -0.01349129254
v -0.6847744846 0.3068241016 -0.06895058506
v -0.3629774361 0.4341964155 -0.2284650986
v -0.3898955015 0.3789485032 -0.2839243884
v -0.2971908584 0.405881299 -0.2321885132
v -0.3241089238 0.3506334087 -0.287647803
v 0.2646574397 -0.5080454153 0.405552651
v 0.2377393744 -0.5632933276 0.3500933392
v 0.3150918461 -0.5297528272 0.40269813
v 0.2881737587 -0.5850007395 0.3472388403
v -0.4433684153 0.07814107492 0.1652521961
v -0.4702864807 0.02289316677 0.1097929063
v -0.3026412051 0.4388112706 -0.2623475241
v -0.3295592705 0.3835633583 -0.3178068139
v -0.3382765005 0.4541489979 -0.2603306305
v -0.3651945879 0.3989010856 -0.3157899202
v 0.07569804648 -0.1122401733 0.1029704995
v 0.04877998108 -0.1674880856 0.04751120693
v -0.2934515245 0.4240526296 -0.2521055138
v -0.3203695898 0.3688047174 -0.3075648035
v -0.3542661291 0.4502277692 -0.2486635175
v -0.3811841945 0.3949798569 -0.3041228072
v -0.2081707453 -0.2128771533 0.341004195
v -0.2350888106 -0.2681250435 0.2855449052
v -0.2896042338 -0.1778274837 0.3456131932
v -0.3165222992 -0.233075396 0.2901539034
v 0.6806563226 0.1844531774 -0.4862183108
v 0.6537381911 0.1292052651 -0.5416776006
v -0.5280819322 0.7047043439 -0.4178058521
v -0.5549999755 0.6494564317 -0.4732651419
v 0.17984048 -0.07320570763 0.01353759123
v 0.1529224146 -0.1284536199 -0.04192170061
v 0.568038356 0.1125706268 -0.3599487709
v 0.5411202686 0.05732271451 -0.4154080827
v 0.4845366267 0.1485104819 -0.3552227224
v 0.4576185393 0.0932625696 -0.4106820342
v 0.5306720992 0.1623637886 -0.3914158562
v 0.5037540118 0.1071158764 -0.4468751459
v 0.5431212649 0.1570055453 -0.3921204478
v 0.5162032215 0.101757633 -0.4475797376
v 0.5370135562 0.1600057626 -0.3921447562
v 0.5100955128 0.1047578503 -0.447604046
v 0.151810591 0.002843381853 -0.04861687913
v 0.1248925256 -0.05240452715 -0.1040761689
v 0.1808510846 -0.07008074457 0.009934022668
v 0.1539330192 -0.1253286568 -0.04552526857
v 0.3390817827 -0.5160563582 0.3774099833
v 0.3121636953 -0.5713042704 0.3219506935
v 0.2557876437 -0.4802058541 0.3821242739
v 0.2288695783 -0.5354537664 0.3266650062
v -0.5510178877 0.7090044668 -0.4109572653
v -0.5779359311 0.6537565545 -0.4664165551
v 0.7000852613 0.1705190957 -0.4817674934
v 0.6731672179 0.1152711835 -0.5372267832
v 0.7334054886 0.09770324749 -0.4254016584
v 0.7064873572 0.04245533521 -0.4808609482
v -0.6211438693 0.6807127339 -0.3487365819
v -0.6480619127 0.6254648217 -0.4041958717
v 0.5526757038 0.0992790447 -0.3392513691
v 0.5257576605 0.04403113242 -0.3947106589
v 0.4873711549 0.127386692 -0.3355552354
v 0.4604530675 0.07213877972 -0.3910145472
v -0.7075052719 0.4361900135 -0.06322891001
v -0.7344233593 0.3809421012 -0.1186881998
v -0.2957110178 0.4295762759 -0.2565114134
v -0.3226290832 0.3743283636 -0.3119707032
v -0.3491420084 0.4525734429 -0.2534873061
v -0.3760600738 0.3973255306 -0.3089465958
v 0.165483192 -0.1001787532 0.04737637396
v 0.1385651267 -0.1554266655 -0.008082919941
v 0.692681236 0.1764304876 -0.4840627007
v 0.6657631926 0.1211825753 -0.5395219905
v -0.5418988864 0.707804239 -0.4141876419
v -0.5688169738 0.6525563267 -0.4696469317
v 0.4133483411 -0.6542285429 0.4790090171
v 0.3864302977 -0.7094764551 0.4235497273
v -0.5326688238 -0.2470547145 0.5325519057
v -0.5595868672 -0.3023026268 0.4770926159
v -0.5728558693 0.7089010239 -0.4002547823
v -0.5997739127 0.6536531117 -0.4557140721
v 0.7159419203 0.1541915383 -0.4731984699
v 0.6890238769 0.09894362604 -0.5286577597
f 1 3 2
f 3 4 2
f 16 18 15
f 18 17 15
f 92 40 39
f 91 92 39
f 41 42 93
f 42 94 93
f 9 10 131
f 15 9 131
f 10 132 131
f 133 7 15
f 134 8 7
f 8 134 16
f 133 134 7
f 19 147 20
f 68 20 148
f 20 147 148
f 178 166 165
f 177 178 165
f 163 164 179
f 164 180 179
f 17 181 123
f 182 124 123
f 181 182 123
f 125 126 183
f 126 184 183
f 192 152 151
f 191 192 151
f 149 150 193
f 150 194 193
f 94 42 198
f 199 197 15
f 200 198 197
f 199 200 197
f 195 201 15
f 195 196 201
f 196 16 202
f 196 202 201
f 77 78 203
f 78 204 203
f 206 80 79
f 205 206 79
f 225 226 227
f 226 228 227
f 230 224 223
f 229 230 223
f 203 204 235
f 236 178 177
f 235 236 177
f 204 236 235
f 179 180 237
f 238 206 205
f 180 238 237
f 237 238 205
f 244 164 163
f 243 244 163
f 165 166 245
f 166 246 245
f 247 145 219
f 146 145 248
f 145 247 248
f 21 251 22
f 22 251 252
f 24 254 23
f 23 254 253
f 1 263 3
f 233 279 15
f 233 234 279
f 280 234 16
f 234 280 279
f 17 281 15
f 281 231 15
f 282 232 231
f 281 282 231
f 1 2 292
f 1 292 291
f 4 3 293
f 4 293 294
f 300 240 239
f 299 300 239
f 241 242 301
f 302 242 16
f 242 302 301
f 304 143 144
f 303 143 304
f 305 142 141
f 306 142 305
f 161 162 319
f 162 320 319
f 322 162 161
f 321 322 161
f 219 220 323
f 220 324 323
f 39 325 221
f 326 222 221
f 230 222 326
f 325 326 221
f 251 21 351
f 22 252 352
f 236 204 356
f 364 187 188
f 363 187 364
f 365 186 185
f 366 186 365
f 295 296 367
f 296 368 367
f 370 298 297
f 369 370 297
f 290 289 388
f 289 387 388
f 391 24 23
f 392 24 391
f 394 21 22
f 393 21 394
f 395 349 17
f 396 350 349
f 395 396 349
f 351 352 397
f 352 398 397
f 72 400 71
f 71 400 399
f 69 401 70
f 169 401 69
f 70 402 170
f 70 401 402
f 313 403 3
f 313 314 403
f 4 404 2
f 404 314 2
f 314 404 403
f 405 311 3
f 312 406 4
f 406 312 311
f 405 406 311
f 412 286 285
f 411 412 285
f 283 284 413
f 284 414 413
f 419 295 367
f 420 368 296
f 421 418 417
f 422 418 421
f 424 419 420
f 423 419 424
f 442 244 243
f 441 442 243
f 245 246 443
f 246 444 443
f 1 461 451
f 2 462 292
f 452 462 2
f 462 452 451
f 461 462 451
f 449 450 463
f 450 464 463
f 345 346 465
f 346 466 465
f 344 468 16
f 468 344 343
f 467 468 343
f 475 177 165
f 475 77 203
f 235 177 475
f 203 235 475
f 165 245 475
f 475 449 463
f 215 216 487
f 488 216 16
f 16 374 488
f 488 374 373
f 216 488 487
f 487 488 373
f 371 372 489
f 490 214 213
f 489 490 213
f 372 490 489
f 492 92 91
f 491 492 91
f 93 94 493
f 132 10 494
f 94 198 494
f 198 200 494
f 232 282 494
f 350 396 494
f 94 494 493
f 495 386 385
f 483 495 385
f 496 484 386
f 496 386 495
f 1 81 497
f 81 82 497
f 498 82 2
f 82 498 497
f 500 84 83
f 4 294 500
f 499 500 83
f 166 178 502
f 246 166 502
f 246 502 444
f 507 427 39
f 428 508 230
f 508 428 427
f 507 508 427
f 425 426 509
f 425 509 433
f 426 510 509
f 512 118 117
f 511 512 117
f 115 116 513
f 196 514 116
f 116 514 513
f 159 160 515
f 159 515 475
f 160 516 515
f 518 158 157
f 517 518 157
f 39 40 519
f 520 112 111
f 40 520 519
f 519 520 111
f 113 114 521
f 522 42 41
f 42 522 198
f 522 114 198
f 521 522 41
f 114 522 521
f 523 51 419
f 419 469 523
f 469 470 523
f 524 52 51
f 52 524 420
f 420 524 470
f 523 524 51
f 470 524 523
f 53 54 525
f 526 472 471
f 54 526 525
f 525 526 471
f 529 59 17
f 409 529 17
f 409 410 529
f 60 530 18
f 530 60 59
f 18 530 410
f 529 530 59
f 410 530 529
f 57 531 17
f 57 58 531
f 531 407 17
f 532 58 18
f 18 408 532
f 532 408 407
f 58 532 531
f 531 532 407
f 533 140 139
f 348 534 347
f 534 140 533
f 347 534 533
f 535 278 277
f 142 536 141
f 141 536 535
f 536 278 535
f 143 537 144
f 538 275 276
f 144 537 538
f 537 275 538
f 541 89 90
f 542 90 228
f 542 541 90
f 540 539 544
f 539 543 544
f 546 220 219
f 545 546 219
f 221 547 39
f 221 222 547
f 230 548 222
f 222 548 547
f 71 399 549
f 400 72 550
f 481 555 482
f 482 556 68
f 482 555 556
f 111 112 559
f 560 512 511
f 112 560 559
f 559 560 511
f 513 514 561
f 562 114 113
f 562 514 196
f 561 562 113
f 514 562 561
f 55 565 17
f 55 56 565
f 566 56 18
f 56 566 565
f 17 567 55
f 56 568 18
f 568 56 55
f 567 568 55
f 169 69 569
f 455 169 569
f 455 569 456
f 570 69 70
f 570 70 170
f 170 456 570
f 569 69 570
f 456 569 570
f 571 72 71
f 454 572 453
f 572 72 571
f 453 572 571
f 573 306 305
f 574 306 573
f 576 303 304
f 575 303 576
f 59 577 17
f 59 60 577
f 577 567 17
f 578 60 18
f 18 568 578
f 578 568 567
f 60 578 577
f 577 578 567
f 17 579 57
f 565 579 17
f 565 566 579
f 58 580 18
f 580 58 57
f 18 580 566
f 579 580 57
f 566 580 579
f 581 263 1
f 497 581 1
f 497 498 581
f 264 582 2
f 582 264 263
f 2 582 498
f 581 582 263
f 498 582 581
f 265 583 3
f 265 266 583
f 3 583 293
f 583 499 293
f 584 266 4
f 500 584 4
f 584 500 499
f 266 584 583
f 583 584 499
f 586 346 345
f 585 586 345
f 343 344 587
f 588 16 196
f 588 344 16
f 344 588 587
f 110 109 594
f 109 593 594
f 16 602 18
f 271 605 272
f 438 318 606
f 606 437 438
f 272 605 606
f 605 437 606
f 273 607 299
f 607 436 435
f 274 608 273
f 300 608 274
f 436 608 300
f 273 608 607
f 608 436 607
f 31 617 32
f 618 47 48
f 32 617 618
f 617 47 618
f 619 50 49
f 30 620 29
f 29 620 619
f 620 50 619
f 17 601 621
f 601 602 621
f 16 622 602
f 602 622 621
f 623 599 17
f 18 600 624
f 624 600 599
f 623 624 599
f 388 387 626
f 387 625 626
f 187 627 188
f 628 575 576
f 188 627 628
f 627 575 628
f 629 574 573
f 186 630 185
f 185 630 629
f 630 574 629
f 634 590 589
f 633 634 589
f 591 635 475
f 591 592 635
f 592 636 635
f 434 433 638
f 526 54 638
f 472 526 638
f 433 637 638
f 639 348 347
f 640 348 639
f 645 553 477
f 444 554 646
f 554 553 646
f 553 645 646
f 301 302 651
f 652 302 16
f 302 652 651
f 299 607 653
f 607 435 653
f 654 300 299
f 654 436 300
f 653 654 299
f 595 655 15
f 595 596 655
f 656 596 16
f 596 656 655
f 17 657 597
f 598 658 494
f 658 598 597
f 657 658 597
f 239 240 659
f 660 308 307
f 240 660 659
f 659 660 307
f 309 310 661
f 16 242 662
f 662 242 241
f 662 310 16
f 661 662 241
f 310 662 661
f 33 34 663
f 33 663 475
f 663 503 475
f 664 504 503
f 34 664 663
f 663 664 503
f 505 506 665
f 666 36 35
f 665 666 35
f 506 666 665
f 172 171 668
f 171 667 668
f 107 669 211
f 669 212 211
f 212 670 108
f 670 212 669
f 535 277 677
f 278 536 678
f 679 527 528
f 545 679 361
f 527 679 545
f 362 361 680
f 361 679 680
f 680 679 528
f 23 681 391
f 339 673 681
f 682 340 339
f 392 682 24
f 682 674 340
f 681 682 339
f 341 342 683
f 684 342 16
f 342 684 683
f 323 324 685
f 324 686 685
f 687 325 39
f 326 688 230
f 688 326 325
f 687 688 325
f 107 108 689
f 108 690 689
f 17 691 105
f 692 106 105
f 691 692 105
f 17 693 207
f 694 208 207
f 693 694 207
f 209 210 695
f 210 696 695
f 319 320 697
f 320 698 697
f 700 322 321
f 699 700 321
f 704 288 68
f 704 287 288
f 703 287 704
f 641 705 17
f 641 642 705
f 494 706 642
f 642 706 705
f 708 644 643
f 707 708 643
f 61 62 709
f 62 710 709
f 64 712 16
f 712 64 63
f 711 712 63
f 227 228 713
f 714 230 229
f 324 220 714
f 714 298 370
f 290 388 714
f 510 426 714
f 714 220 546
f 714 110 594
f 714 388 626
f 714 434 638
f 686 324 714
f 228 714 713
f 713 714 229
f 715 163 179
f 715 205 79
f 179 237 715
f 237 205 715
f 243 163 715
f 715 161 319
f 715 321 161
f 715 157 417
f 441 243 715
f 517 157 715
f 715 633 589
f 665 35 715
f 715 505 665
f 697 715 319
f 699 321 715
f 701 699 715
f 701 715 702
f 417 418 716
f 716 158 518
f 590 634 716
f 715 417 716
f 702 715 716
f 251 717 252
f 717 251 351
f 252 718 352
f 252 717 718
f 254 720 253
f 253 720 719
f 285 286 721
f 722 226 225
f 721 722 225
f 286 722 721
f 223 224 723
f 724 284 283
f 224 724 723
f 723 724 283
f 725 295 419
f 726 296 295
f 296 726 420
f 725 726 295
f 297 298 727
f 728 298 714
f 638 728 714
f 298 728 727
f 153 731 1
f 153 154 731
f 2 732 154
f 154 732 731
f 733 155 1
f 156 734 2
f 734 156 155
f 733 734 155
f 735 173 475
f 736 174 173
f 735 736 173
f 175 176 737
f 175 737 417
f 417 737 421
f 738 176 418
f 422 738 418
f 176 738 737
f 253 739 23
f 307 308 739
f 739 681 23
f 253 719 739
f 719 307 739
f 24 740 254
f 682 740 24
f 740 682 681
f 740 720 254
f 740 308 720
f 308 740 739
f 739 740 681
f 309 647 741
f 683 684 741
f 310 742 16
f 742 310 309
f 16 742 684
f 741 742 309
f 684 742 741
f 743 289 290
f 594 593 744
f 744 290 714
f 594 744 714
f 744 743 290
f 593 743 744
f 747 258 257
f 748 258 747
f 353 255 749
f 750 255 256
f 750 256 354
f 749 255 750
f 649 650 751
f 752 12 11
f 751 752 11
f 650 752 751
f 13 14 753
f 241 301 753
f 753 215 487
f 487 373 753
f 753 647 309
f 753 301 651
f 661 241 753
f 661 753 309
f 753 711 63
f 754 648 647
f 14 754 753
f 753 754 647
f 337 755 338
f 338 756 68
f 338 755 756
f 7 8 757
f 7 757 15
f 758 8 16
f 8 758 757
f 759 9 15
f 760 10 9
f 10 760 494
f 759 760 9
f 761 433 434
f 626 625 762
f 762 434 714
f 626 762 714
f 762 761 434
f 625 761 762
f 435 763 653
f 436 764 435
f 764 436 654
f 435 764 763
f 437 317 765
f 437 765 438
f 318 438 766
f 438 765 766
f 767 65 475
f 768 66 65
f 767 768 65
f 67 68 769
f 715 67 769
f 770 68 702
f 716 770 702
f 68 770 769
f 443 444 777
f 444 778 777
f 715 779 441
f 780 442 441
f 779 780 441
f 782 62 61
f 781 782 61
f 63 64 783
f 387 289 783
f 593 109 783
f 783 625 387
f 289 743 783
f 783 743 593
f 63 783 753
f 433 761 783
f 761 625 783
f 16 784 64
f 64 784 783
f 790 363 364
f 789 363 790
f 791 366 365
f 792 366 791
f 41 93 793
f 193 793 149
f 225 227 793
f 411 285 793
f 467 343 793
f 793 93 493
f 513 793 115
f 521 41 793
f 793 113 521
f 561 113 793
f 513 561 793
f 343 587 793
f 793 721 225
f 285 721 793
f 51 52 795
f 51 795 419
f 796 52 420
f 52 796 795
f 798 54 53
f 638 54 798
f 797 798 53
f 17 73 799
f 73 74 799
f 800 74 494
f 74 800 799
f 802 76 75
f 801 802 75
f 1 155 803
f 155 156 803
f 804 156 2
f 156 804 803
f 805 153 1
f 154 806 2
f 806 154 153
f 805 806 153
f 555 807 556
f 68 556 808
f 556 807 808
f 169 170 809
f 617 31 809
f 809 47 617
f 32 618 810
f 618 48 810
f 170 810 809
f 17 811 167
f 812 168 167
f 168 812 494
f 811 812 167
f 814 19 20
f 814 20 68
f 813 19 814
f 261 262 815
f 793 261 815
f 262 816 815
f 818 260 259
f 817 818 259
f 17 819 333
f 820 334 333
f 334 820 494
f 819 820 333
f 331 332 821
f 332 822 821
f 824 772 771
f 823 824 771
f 773 825 1
f 773 774 825
f 826 774 2
f 774 826 825
f 65 66 827
f 65 827 475
f 827 267 475
f 828 268 267
f 66 828 827
f 827 828 267
f 269 270 829
f 829 67 715
f 269 829 715
f 830 68 67
f 829 830 67
f 270 830 829
f 831 28 27
f 430 832 429
f 832 28 831
f 429 832 831
f 431 833 432
f 25 833 823
f 834 25 26
f 834 26 824
f 833 25 834
f 432 833 834
f 835 527 545
f 528 527 836
f 527 835 836
f 603 837 604
f 68 604 838
f 604 837 838
f 385 839 483
f 839 557 483
f 839 558 557
f 386 840 385
f 484 840 386
f 484 558 840
f 385 840 839
f 840 558 839
f 575 845 303
f 627 187 845
f 575 627 845
f 364 188 846
f 576 304 846
f 846 188 628
f 628 576 846
f 1 731 847
f 204 78 848
f 464 450 848
f 516 160 848
f 636 592 848
f 664 34 848
f 504 664 848
f 174 736 848
f 66 768 848
f 848 828 66
f 268 828 848
f 355 356 849
f 356 204 850
f 356 850 849
f 353 749 851
f 852 354 353
f 852 750 354
f 851 852 353
f 483 484 853
f 854 484 496
f 484 854 853
f 17 855 485
f 856 486 485
f 855 856 485
f 15 231 857
f 231 232 857
f 857 759 15
f 858 232 494
f 494 760 858
f 858 760 759
f 232 858 857
f 857 858 759
f 859 233 15
f 15 757 859
f 757 758 859
f 234 860 16
f 860 234 233
f 16 860 758
f 859 860 233
f 758 860 859
f 389 861 390
f 862 68 390
f 390 861 862
f 336 866 335
f 335 866 865
f 417 867 85
f 868 86 85
f 86 868 418
f 867 868 85
f 87 88 869
f 87 869 475
f 870 88 848
f 88 870 869
f 871 447 17
f 799 871 17
f 799 800 871
f 872 448 447
f 448 872 494
f 494 872 800
f 871 872 447
f 800 872 871
f 445 446 873
f 874 802 801
f 446 874 873
f 873 874 801
f 875 415 323
f 416 415 876
f 415 875 876
f 397 879 351
f 352 880 398
f 90 89 882
f 90 882 228
f 89 881 882
f 883 669 107
f 883 670 669
f 689 883 107
f 563 883 689
f 564 884 563
f 670 884 108
f 108 884 690
f 884 564 690
f 563 884 883
f 884 670 883
f 885 336 335
f 886 336 885
f 263 887 3
f 263 264 887
f 888 264 2
f 264 888 887
f 889 265 3
f 266 890 4
f 890 266 265
f 889 890 265
f 751 11 895
f 649 751 895
f 12 752 896
f 752 650 896
f 897 631 632
f 896 895 897
f 898 124 182
f 194 150 898
f 228 226 898
f 286 412 898
f 494 208 898
f 632 228 898
f 898 106 692
f 208 694 898
f 898 226 722
f 722 286 898
f 754 14 898
f 648 754 898
f 816 262 898
f 898 486 856
f 898 384 896
f 898 897 632
f 898 896 897
f 15 279 899
f 279 280 899
f 899 595 15
f 16 900 280
f 596 900 16
f 900 596 595
f 280 900 899
f 899 900 595
f 901 281 17
f 597 901 17
f 597 598 901
f 902 282 281
f 494 282 902
f 902 598 494
f 901 902 281
f 598 902 901
f 753 903 13
f 783 903 753
f 905 564 563
f 689 249 905
f 905 563 689
f 250 906 249
f 906 250 690
f 690 564 906
f 249 906 905
f 906 564 905
f 907 5 6
f 908 6 228
f 228 776 908
f 776 775 908
f 908 907 6
f 775 907 908
f 909 327 1
f 451 909 1
f 451 452 909
f 328 910 2
f 910 328 327
f 910 452 2
f 909 910 327
f 452 910 909
f 329 330 911
f 329 911 475
f 911 449 475
f 912 450 449
f 912 330 848
f 848 450 912
f 330 912 911
f 911 912 449
f 755 917 756
f 918 482 68
f 918 481 482
f 68 756 918
f 917 481 918
f 756 917 918
f 919 541 542
f 6 5 920
f 6 920 228
f 228 920 542
f 5 919 920
f 920 919 542
f 3 311 921
f 311 312 921
f 921 889 3
f 922 312 4
f 4 890 922
f 922 890 889
f 312 922 921
f 921 922 889
f 923 313 3
f 3 887 923
f 887 888 923
f 2 314 924
f 924 314 313
f 2 924 888
f 923 924 313
f 888 924 923
f 925 539 540
f 668 667 926
f 926 925 540
f 667 925 926
f 457 927 417
f 457 458 927
f 927 867 417
f 418 928 458
f 868 928 418
f 928 868 867
f 458 928 927
f 927 928 867
f 929 459 475
f 475 869 929
f 869 870 929
f 930 460 459
f 460 930 848
f 848 930 870
f 929 930 459
f 870 930 929
f 853 854 931
f 931 613 895
f 931 895 853
f 932 614 613
f 614 932 896
f 931 932 613
f 854 932 931
f 615 933 17
f 615 616 933
f 933 855 17
f 934 856 855
f 934 616 898
f 856 934 898
f 616 934 933
f 933 934 855
f 935 473 419
f 474 936 420
f 936 474 473
f 935 936 473
f 475 476 937
f 714 938 476
f 476 938 937
f 949 879 397
f 879 949 880
f 880 950 398
f 880 949 950
f 659 877 951
f 952 878 660
f 878 952 877
f 877 952 951
f 807 953 808
f 954 604 68
f 954 603 604
f 808 954 68
f 953 603 954
f 808 953 954
f 3 947 959
f 947 948 959
f 960 948 4
f 948 960 959
f 3 961 945
f 946 962 4
f 962 946 945
f 961 962 945
f 83 84 969
f 970 360 359
f 84 970 969
f 969 970 359
f 971 81 1
f 357 971 1
f 357 358 971
f 82 972 2
f 972 82 81
f 2 972 358
f 971 972 81
f 358 972 971
f 793 973 149
f 974 150 149
f 898 150 974
f 973 974 149
f 151 152 975
f 152 976 975
f 299 239 977
f 300 978 240
f 981 886 885
f 982 558 484
f 558 982 557
f 557 982 981
f 982 886 981
f 997 963 39
f 40 92 998
f 998 152 192
f 998 224 230
f 998 414 284
f 92 492 998
f 520 40 998
f 998 112 520
f 560 112 998
f 724 224 998
f 284 724 998
f 260 818 998
f 230 964 998
f 998 964 963
f 976 152 998
f 997 998 963
f 965 999 245
f 965 966 999
f 1000 966 714
f 966 1000 999
f 459 460 1001
f 459 1001 475
f 1002 460 848
f 460 1002 1001
f 1003 457 417
f 458 1004 418
f 1004 458 457
f 1003 1004 457
f 463 464 1005
f 463 1005 475
f 1005 841 475
f 1006 842 841
f 1006 464 848
f 1006 848 842
f 464 1006 1005
f 1005 1006 841
f 1 291 1007
f 461 1 1007
f 1007 291 843
f 843 844 1007
f 462 1008 292
f 1008 462 461
f 1007 1008 461
f 844 1008 1007
f 553 1009 477
f 1009 553 554
f 1009 729 477
f 1010 554 444
f 444 730 1010
f 730 729 1010
f 1010 1009 554
f 729 1009 1010
f 1012 192 191
f 998 192 1012
f 1011 1012 191
f 193 194 1013
f 193 1013 793
f 1014 194 898
f 194 1014 1013
f 941 942 1015
f 16 1016 942
f 942 1016 1015
f 1017 943 17
f 1018 944 943
f 1017 1018 943
f 1019 479 39
f 480 1020 230
f 1020 480 479
f 1019 1020 479
f 477 478 1021
f 1022 478 714
f 478 1022 1021
f 420 1026 424
f 1029 501 502
f 178 236 1030
f 1030 236 356
f 502 178 1030
f 1030 1029 502
f 1031 38 37
f 1031 37 107
f 38 1032 108
f 1032 38 1031
f 1033 169 455
f 655 656 1033
f 1034 170 169
f 656 16 1034
f 1033 1034 169
f 656 1034 1033
f 167 1035 17
f 167 168 1035
f 1035 657 17
f 1036 168 494
f 494 658 1036
f 1036 658 657
f 168 1036 1035
f 1035 1036 657
f 493 494 1037
f 1037 261 793
f 493 1037 793
f 1038 262 261
f 262 1038 898
f 898 1038 494
f 1037 1038 261
f 494 1038 1037
f 259 260 1039
f 1040 492 491
f 1040 260 998
f 998 492 1040
f 260 1040 1039
f 1039 1040 491
f 117 118 1041
f 1042 586 585
f 118 1042 1041
f 1041 1042 585
f 587 588 1043
f 793 1043 115
f 793 587 1043
f 1044 116 115
f 116 1044 196
f 1044 588 196
f 1043 1044 115
f 588 1044 1043
f 323 745 1045
f 1045 745 746
f 1045 875 323
f 876 875 1046
f 1046 1045 746
f 875 1045 1046
f 502 1048 444
f 502 501 1048
f 501 1047 1048
f 287 1049 288
f 68 288 1050
f 288 1049 1050
f 1051 505 715
f 1052 506 505
f 1051 1052 505
f 503 1053 475
f 503 504 1053
f 848 1054 504
f 504 1054 1053
f 589 590 1055
f 1055 517 715
f 589 1055 715
f 1056 518 517
f 518 1056 716
f 1056 590 716
f 1055 1056 517
f 590 1056 1055
f 475 515 1057
f 515 516 1057
f 1057 591 475
f 1058 592 591
f 848 1058 516
f 592 1058 848
f 516 1058 1057
f 1057 1058 591
f 987 988 1059
f 1060 372 371
f 1059 1060 371
f 988 1060 1059
f 373 374 1061
f 373 1061 753
f 753 1061 989
f 1062 374 16
f 990 1062 16
f 1062 990 989
f 374 1062 1061
f 1061 1062 989
f 367 368 1063
f 367 1063 419
f 1064 368 420
f 368 1064 1063
f 1066 370 369
f 370 1066 714
f 1065 1066 369
f 291 1067 843
f 843 1067 955
f 1067 956 955
f 292 1068 291
f 844 956 1068
f 292 1008 1068
f 1008 844 1068
f 291 1068 1067
f 1068 956 1067
f 293 1069 294
f 499 83 1069
f 293 499 1069
f 83 957 1069
f 500 1070 84
f 294 1070 500
f 1070 958 84
f 1070 957 958
f 294 1069 1070
f 1069 957 1070
f 245 443 1071
f 1071 443 777
f 180 164 1072
f 1072 80 206
f 238 180 1072
f 1072 206 238
f 1072 164 244
f 320 162 1072
f 1072 162 322
f 244 442 1072
f 36 666 1072
f 666 506 1072
f 698 320 1072
f 322 700 1072
f 442 780 1072
f 1072 814 68
f 1072 813 814
f 68 830 1072
f 830 270 1072
f 1072 506 1052
f 1072 1071 813
f 1073 993 245
f 1021 1073 477
f 1073 245 1071
f 1071 1072 1074
f 1073 1071 1074
f 475 1075 611
f 1053 1075 475
f 1053 1054 1075
f 1076 612 611
f 612 1076 848
f 1076 1054 848
f 1075 1076 611
f 1054 1076 1075
f 609 610 1077
f 715 609 1077
f 1077 1051 715
f 1078 1052 1051
f 610 1072 1078
f 1072 1052 1078
f 610 1078 1077
f 1077 1078 1051
f 643 644 1079
f 1080 378 377
f 1079 1080 377
f 644 1080 1079
f 375 1081 17
f 375 376 1081
f 17 1081 641
f 1082 376 494
f 642 1082 494
f 1082 642 641
f 376 1082 1081
f 1081 1082 641
f 1085 439 440
f 685 1085 323
f 685 439 1085
f 1085 745 323
f 746 745 1086
f 1086 1085 440
f 745 1085 1086
f 967 1087 968
f 1088 218 68
f 1088 217 218
f 968 1088 68
f 1087 217 1088
f 968 1087 1088
f 1089 733 1
f 2 734 1090
f 1090 734 733
f 1089 1090 733
f 731 732 1091
f 731 1091 847
f 1092 732 2
f 732 1092 1091
f 749 1093 851
f 915 1093 916
f 1094 749 750
f 1094 750 852
f 916 1094 852
f 1093 749 1094
f 916 1093 1094
f 1095 748 747
f 913 1095 677
f 748 1096 678
f 678 1096 914
f 914 1096 913
f 1096 748 1095
f 913 1096 1095
f 1097 109 110
f 109 1097 783
f 783 1097 903
f 1098 110 714
f 904 1098 714
f 904 903 1098
f 1098 1097 110
f 903 1097 1098
f 217 1099 218
f 68 218 1100
f 1100 704 68
f 1100 703 704
f 218 1099 1100
f 1099 703 1100
f 861 1101 862
f 702 68 1102
f 1102 701 702
f 68 862 1102
f 1101 701 1102
f 862 1101 1102
f 139 1103 119
f 119 1103 863
f 1103 864 863
f 140 1104 139
f 864 1104 120
f 139 1104 1103
f 1104 864 1103
f 47 1105 48
f 1105 47 809
f 1106 671 672
f 810 48 1106
f 48 1105 1106
f 1105 671 1106
f 49 1107 339
f 1107 673 339
f 1107 674 673
f 50 1108 49
f 340 1108 50
f 674 1108 340
f 49 1108 1107
f 1108 674 1107
f 793 1109 411
f 1013 1109 793
f 1013 1014 1109
f 1110 412 411
f 898 412 1110
f 898 1110 1014
f 1109 1110 411
f 1014 1110 1109
f 413 414 1111
f 1112 414 998
f 1012 1112 998
f 1112 1012 1011
f 414 1112 1111
f 1111 1112 1011
f 45 1113 46
f 46 1113 1114
f 1115 213 43
f 489 213 1115
f 44 1116 43
f 214 1116 44
f 43 1116 1115
f 707 643 1117
f 331 821 1117
f 1079 377 1117
f 643 1079 1117
f 1113 1117 1114
f 644 708 1118
f 822 332 1118
f 378 1080 1118
f 1080 644 1118
f 1114 1117 1118
f 419 1119 420
f 345 465 1119
f 371 489 1119
f 511 117 1119
f 39 519 1119
f 519 111 1119
f 1119 111 559
f 559 511 1119
f 1119 585 345
f 1119 61 709
f 781 61 1119
f 1119 997 39
f 117 1041 1119
f 1041 585 1119
f 1059 371 1119
f 1119 987 1059
f 1119 489 1115
f 466 346 1120
f 490 1120 214
f 490 372 1120
f 118 512 1120
f 512 560 1120
f 346 586 1120
f 1120 710 62
f 62 782 1120
f 1120 998 420
f 1120 560 998
f 1120 1042 118
f 586 1042 1120
f 372 1060 1120
f 1120 1060 988
f 1120 1116 214
f 1116 1120 1115
f 1119 1120 420
f 1115 1120 1119
f 433 1121 425
f 1122 426 425
f 426 1122 714
f 1121 1122 425
f 39 427 1123
f 427 428 1123
f 1124 428 230
f 428 1124 1123
f 3 403 1125
f 403 404 1125
f 1125 985 3
f 1126 404 4
f 986 1126 4
f 1126 986 985
f 404 1126 1125
f 1125 1126 985
f 1127 405 3
f 3 983 1127
f 983 984 1127
f 4 406 1128
f 1128 406 405
f 1128 984 4
f 1127 1128 405
f 984 1128 1127
f 147 1129 148
f 148 1130 68
f 148 1129 1130
f 17 407 1131
f 407 408 1131
f 1132 408 18
f 408 1132 1131
f 17 1133 409
f 410 1134 18
f 1134 410 409
f 1133 1134 409
f 638 637 1136
f 637 1135 1136
f 1137 640 639
f 1138 640 1137
f 127 1139 969
f 1140 127 128
f 970 1140 128
f 1139 127 1140
f 1141 130 129
f 843 1141 129
f 844 130 1142
f 1142 130 1141
f 17 1143 121
f 1144 122 121
f 898 122 1144
f 1143 1144 121
f 119 120 1145
f 1145 139 119
f 533 139 1145
f 347 533 1145
f 1145 639 347
f 1137 639 1145
f 1146 140 534
f 534 348 1146
f 348 640 1146
f 120 1104 1146
f 1104 140 1146
f 120 1146 1145
f 25 1147 26
f 1147 25 823
f 824 26 1148
f 26 1147 1148
f 1149 97 27
f 28 1150 27
f 1150 28 98
f 27 1150 1149
f 1151 495 483
f 1151 496 495
f 853 1151 483
f 895 1151 853
f 1152 854 496
f 895 896 1152
f 932 854 1152
f 896 932 1152
f 1152 496 1151
f 895 1152 1151
f 1153 996 995
f 1154 996 1153
f 15 1155 133
f 201 1155 15
f 201 202 1155
f 16 134 1156
f 1156 134 133
f 16 1156 202
f 1155 1156 133
f 202 1156 1155
f 15 131 1157
f 131 132 1157
f 199 15 1157
f 1158 200 199
f 1158 132 494
f 494 200 1158
f 132 1158 1157
f 1157 1158 199
f 15 1159 195
f 197 1159 15
f 197 198 1159
f 1160 196 195
f 198 114 1160
f 114 562 1160
f 1160 562 196
f 1159 1160 195
f 198 1160 1159
f 1161 375 17
f 17 447 1161
f 447 448 1161
f 1162 376 375
f 494 376 1162
f 1162 448 494
f 1161 1162 375
f 448 1162 1161
f 377 378 1163
f 377 1163 1117
f 1164 446 445
f 1118 1164 378
f 446 1164 1118
f 378 1164 1163
f 1163 1164 445
f 1165 469 419
f 1025 1165 419
f 1025 1026 1165
f 470 1166 420
f 1166 470 469
f 1166 1026 420
f 1165 1166 469
f 1026 1166 1165
f 471 472 1167
f 1168 472 638
f 1024 1168 638
f 1168 1024 1023
f 472 1168 1167
f 1167 1168 1023
f 465 466 1169
f 465 1169 1119
f 1170 466 1120
f 466 1170 1169
f 1171 467 793
f 16 468 1172
f 1172 468 467
f 1171 1172 467
f 719 1173 307
f 308 1174 720
f 720 1174 719
f 719 1174 1173
f 1175 717 351
f 717 1175 718
f 352 718 1176
f 718 1175 1176
f 551 552 1177
f 342 1178 16
f 1178 342 341
f 16 1178 552
f 1177 1178 341
f 552 1178 1177
f 1179 49 339
f 339 340 1179
f 29 1179 549
f 29 619 1179
f 619 49 1179
f 340 50 1180
f 550 1180 30
f 1180 550 549
f 1180 620 30
f 50 620 1180
f 340 1180 1179
f 1179 1180 549
f 213 1181 43
f 213 214 1181
f 653 763 1181
f 214 44 1182
f 1182 654 653
f 1182 764 654
f 214 1182 1181
f 1181 1182 653
f 651 652 1183
f 1183 215 753
f 651 1183 753
f 216 1184 16
f 1184 216 215
f 16 1184 652
f 1183 1184 215
f 652 1184 1183
f 105 1185 17
f 105 106 1185
f 1185 1143 17
f 1186 106 898
f 1144 1186 898
f 1186 1144 1143
f 106 1186 1185
f 1185 1186 1143
f 1187 1137 1145
f 1145 1146 1187
f 1187 1153 995
f 1188 108 107
f 640 1138 1188
f 1146 640 1188
f 996 1154 1188
f 1187 1188 107
f 1146 1188 1187
f 1189 729 730
f 1190 730 444
f 1048 1190 444
f 1048 1047 1190
f 1190 1189 730
f 1047 1189 1190
f 1191 95 545
f 219 1191 545
f 96 95 1192
f 95 1191 1192
f 211 1193 107
f 1193 1031 107
f 1193 1032 1031
f 108 1194 212
f 212 1194 211
f 1032 1194 108
f 211 1194 1193
f 1194 1032 1193
f 937 938 1195
f 1196 938 714
f 1066 1196 714
f 1196 1066 1065
f 938 1196 1195
f 1195 1196 1065
f 419 1197 935
f 1063 1197 419
f 1063 1064 1197
f 420 936 1198
f 1198 936 935
f 1198 1064 420
f 1197 1198 935
f 1064 1198 1197
f 359 360 1199
f 833 431 1199
f 823 833 1199
f 1200 824 823
f 432 834 1200
f 1200 834 824
f 360 1200 1199
f 1199 1200 823
f 1 1201 357
f 825 1201 1
f 825 826 1201
f 1202 2 358
f 1202 358 357
f 2 1202 826
f 1201 1202 357
f 826 1202 1201
f 803 1203 1
f 803 804 1203
f 804 2 1204
f 804 1204 1203
f 1 1205 805
f 806 1206 2
f 1206 806 805
f 1205 1206 805
f 695 696 1207
f 1208 126 125
f 1207 1208 125
f 696 1208 1207
f 123 1209 17
f 123 124 1209
f 1209 693 17
f 1210 694 693
f 1210 124 898
f 694 1210 898
f 124 1210 1209
f 1209 1210 693
f 121 1211 17
f 121 122 1211
f 1211 181 17
f 1212 182 181
f 1212 122 898
f 182 1212 898
f 122 1212 1211
f 1211 1212 181
f 183 184 1213
f 1214 120 119
f 1213 1214 119
f 184 1214 1213
f 815 1215 793
f 815 816 1215
f 898 1216 816
f 816 1216 1215
f 1218 818 817
f 818 1218 998
f 1217 1218 817
f 79 80 1219
f 79 1219 715
f 1219 609 715
f 1220 610 609
f 1220 80 1072
f 610 1220 1072
f 80 1220 1219
f 1219 1220 609
f 1221 77 475
f 611 1221 475
f 611 612 1221
f 1222 78 77
f 848 78 1222
f 1222 612 848
f 1221 1222 77
f 612 1222 1221
f 599 1223 17
f 599 600 1223
f 1223 1133 17
f 1224 600 18
f 1134 1224 18
f 1224 1134 1133
f 600 1224 1223
f 1223 1224 1133
f 1225 601 17
f 1131 1225 17
f 1131 1132 1225
f 602 1226 18
f 1226 602 601
f 1226 1132 18
f 1225 1226 601
f 1132 1226 1225
f 187 363 1227
f 771 772 1227
f 1227 363 789
f 771 1227 789
f 845 187 1227
f 790 364 1228
f 772 790 1228
f 1228 364 846
f 1228 846 845
f 772 1228 1227
f 1227 1228 845
f 773 1 1229
f 1 847 1229
f 847 848 1229
f 774 1230 2
f 1230 774 773
f 2 1230 848
f 1229 1230 773
f 848 1230 1229
f 1231 949 397
f 949 1231 950
f 398 950 1232
f 950 1231 1232
f 239 659 1233
f 1233 659 951
f 660 240 1234
f 952 660 1234
f 952 1234 951
f 951 1234 1233
f 275 537 1235
f 851 1093 1235
f 1093 915 1235
f 538 276 1236
f 1236 852 851
f 1236 916 852
f 1235 1236 851
f 849 850 1237
f 204 1238 850
f 850 1238 1237
f 903 1239 13
f 1239 903 904
f 228 1240 714
f 228 882 1240
f 882 881 1240
f 1240 904 714
f 881 1239 1240
f 1240 1239 904
f 1241 781 1119
f 1119 1169 1241
f 1169 1170 1241
f 1242 782 781
f 782 1242 1120
f 1120 1242 1170
f 1241 1242 781
f 1170 1242 1241
f 783 784 1243
f 783 1243 793
f 793 1243 1171
f 1244 784 16
f 1172 1244 16
f 1244 1172 1171
f 784 1244 1243
f 1243 1244 1171
f 16 15 1245
f 15 655 1245
f 1245 1033 455
f 655 1033 1245
f 1246 456 170
f 1246 455 456
f 16 1246 1034
f 1034 1246 170
f 16 1245 1246
f 1245 455 1246
f 1247 454 453
f 1247 1017 17
f 1247 453 1017
f 17 18 1248
f 18 944 1248
f 1248 1018 454
f 944 1018 1248
f 17 1248 1247
f 1248 454 1247
f 1249 247 219
f 248 247 1250
f 247 1249 1250
f 1251 787 39
f 1123 1251 39
f 1123 1124 1251
f 788 1252 230
f 1252 788 787
f 230 1252 1124
f 1251 1252 787
f 1124 1252 1251
f 785 1253 433
f 785 786 1253
f 1253 1121 433
f 1254 786 714
f 714 1122 1254
f 1254 1122 1121
f 786 1254 1253
f 1253 1254 1121
f 1255 775 776
f 1256 776 228
f 940 1256 228
f 940 939 1256
f 1256 1255 776
f 939 1255 1256
f 613 614 1257
f 613 1257 895
f 1258 614 896
f 614 1258 1257
f 17 1259 615
f 1260 616 615
f 898 616 1260
f 1259 1260 615
f 1261 979 397
f 979 1261 980
f 1262 271 272
f 1261 271 1262
f 980 1261 1262
f 1263 274 273
f 1263 273 299
f 1263 299 977
f 274 1264 300
f 1264 978 300
f 978 1264 977
f 1264 274 1263
f 977 1264 1263
f 677 277 1265
f 1265 913 677
f 1265 914 913
f 278 1266 277
f 1266 278 678
f 914 1266 678
f 277 1266 1265
f 1266 914 1265
f 275 1267 276
f 1267 275 1235
f 1235 915 1267
f 1268 915 916
f 1236 276 1268
f 1268 916 1236
f 276 1267 1268
f 1267 915 1268
f 125 183 1269
f 1269 209 695
f 801 75 1269
f 1269 445 873
f 801 1269 873
f 1118 1117 1269
f 1163 445 1269
f 1117 1163 1269
f 1207 125 1269
f 695 1207 1269
f 183 1213 1269
f 1270 184 126
f 1270 696 210
f 1270 76 802
f 874 446 1270
f 802 874 1270
f 1270 446 1118
f 126 1208 1270
f 1208 696 1270
f 120 1214 1270
f 1270 1214 184
f 1270 1118 1269
f 1271 250 249
f 1271 249 689
f 250 1272 690
f 866 1272 865
f 1272 250 1271
f 865 1272 1271
f 99 100 1273
f 99 1273 475
f 1273 675 475
f 1274 676 675
f 1274 100 848
f 676 1274 848
f 100 1274 1273
f 1273 1274 675
f 305 141 1275
f 365 185 1275
f 141 535 1275
f 1275 573 305
f 185 629 1275
f 629 573 1275
f 1275 535 677
f 677 678 1275
f 1275 791 365
f 1276 98 97
f 1276 142 306
f 186 366 1276
f 536 142 1276
f 306 574 1276
f 1276 630 186
f 574 630 1276
f 678 536 1276
f 1276 792 98
f 366 792 1276
f 1275 1276 97
f 678 1276 1275
f 621 622 1277
f 1278 622 16
f 942 1278 16
f 1278 942 941
f 622 1278 1277
f 1277 1278 941
f 623 17 1279
f 17 943 1279
f 943 944 1279
f 624 1280 18
f 1280 624 623
f 1280 944 18
f 1279 1280 623
f 944 1280 1279
f 1281 119 863
f 1213 119 1281
f 1269 1213 1281
f 1281 1270 1269
f 1282 864 120
f 864 1282 863
f 1282 120 1270
f 863 1282 1281
f 1282 1270 1281
f 39 479 1283
f 479 480 1283
f 1283 687 39
f 230 1284 480
f 688 1284 230
f 1284 688 687
f 480 1284 1283
f 1283 1284 687
f 685 686 1285
f 477 729 1285
f 501 1029 1285
f 1285 1047 501
f 729 1189 1285
f 1285 1189 1047
f 1286 478 477
f 714 478 1286
f 714 1286 686
f 1285 1286 477
f 686 1286 1285
f 1287 44 43
f 1181 1287 43
f 763 1287 1181
f 764 1288 763
f 44 1288 1182
f 1182 1288 764
f 1288 44 1287
f 763 1288 1287
f 45 1289 317
f 317 1289 765
f 765 1289 766
f 1290 45 46
f 46 318 1290
f 318 766 1290
f 1289 45 1290
f 766 1289 1290
f 1291 792 791
f 97 1291 1275
f 1291 791 1275
f 792 1292 98
f 1292 792 1291
f 771 789 1293
f 772 1294 790
f 1294 789 790
f 1293 789 1294
f 1295 171 172
f 1296 1295 172
f 1297 143 303
f 537 143 1297
f 845 1297 303
f 845 846 1297
f 1235 537 1297
f 304 144 1298
f 1298 144 538
f 846 304 1298
f 1298 538 1236
f 1298 1236 1235
f 846 1298 1297
f 1297 1298 1235
f 1237 1238 1299
f 1300 204 848
f 1300 848 847
f 1300 1238 204
f 1299 1300 847
f 1238 1300 1299
f 1 1301 1089
f 1090 1302 2
f 1302 1090 1089
f 1301 1302 1089
f 847 1091 1303
f 1091 1092 1303
f 1304 1092 2
f 1092 1304 1303
f 1083 1305 1084
f 1306 338 68
f 1306 337 338
f 68 1084 1306
f 1305 337 1306
f 1084 1305 1306
f 621 1307 17
f 647 648 1307
f 341 683 1307
f 647 1307 741
f 1307 683 741
f 1307 941 1015
f 1177 341 1307
f 1307 551 1177
f 1307 1259 17
f 621 1277 1307
f 1277 941 1307
f 1308 648 898
f 1260 1308 898
f 1308 1260 1259
f 648 1308 1307
f 1307 1308 1259
f 895 1309 649
f 895 1257 1309
f 1257 1258 1309
f 1310 650 649
f 896 650 1310
f 896 1310 1258
f 1309 1310 649
f 1258 1310 1309
f 1311 361 362
f 361 1311 545
f 1311 1027 545
f 1028 1027 1312
f 1312 1311 362
f 1027 1311 1312
f 433 783 1313
f 1313 783 793
f 793 794 1313
f 230 714 1314
f 1314 794 230
f 794 1314 1313
f 1315 91 39
f 191 151 1315
f 229 223 1315
f 283 413 1315
f 491 91 1315
f 227 713 1315
f 1315 713 229
f 223 723 1315
f 1315 723 283
f 793 227 1315
f 817 259 1315
f 151 975 1315
f 1315 1011 191
f 1315 259 1039
f 1039 491 1315
f 413 1111 1315
f 1111 1011 1315
f 1217 817 1315
f 794 1316 230
f 1316 794 793
f 1315 1316 793
f 787 1321 39
f 787 788 1321
f 39 1321 1315
f 1322 788 230
f 230 1316 1322
f 1322 1316 1315
f 788 1322 1321
f 1321 1322 1315
f 1323 785 433
f 1323 433 1313
f 1313 1314 1323
f 786 1324 714
f 1324 786 785
f 714 1324 1314
f 1323 1324 785
f 1314 1324 1323
f 793 1325 973
f 1215 1325 793
f 1215 1216 1325
f 974 1326 898
f 1326 974 973
f 1326 1216 898
f 1325 1326 973
f 1216 1326 1325
f 975 976 1327
f 975 1327 1315
f 1315 1327 1217
f 1328 976 998
f 998 1218 1328
f 1328 1218 1217
f 976 1328 1327
f 1327 1328 1217
f 103 1329 17
f 103 104 1329
f 1329 819 17
f 494 1330 104
f 820 1330 494
f 1330 820 819
f 104 1330 1329
f 1329 1330 819
f 821 822 1331
f 1331 101 1117
f 1117 821 1331
f 1332 102 101
f 102 1332 1118
f 1118 1332 822
f 1331 1332 101
f 822 1332 1331
f 353 354 1333
f 419 423 1333
f 1025 419 1333
f 1026 1334 424
f 1334 1026 1025
f 354 1334 1333
f 1333 1334 1025
f 1023 1024 1335
f 1336 146 248
f 1336 356 355
f 1336 440 356
f 1336 540 544
f 1336 172 668
f 1336 362 680
f 680 528 1336
f 528 836 1336
f 416 876 1336
f 926 540 1336
f 668 926 1336
f 1024 638 1336
f 1336 1046 746
f 876 1046 1336
f 1086 440 1336
f 746 1086 1336
f 638 1136 1336
f 96 1192 1336
f 248 1250 1336
f 1296 172 1336
f 1312 362 1336
f 1028 1312 1336
f 1335 1336 355
f 1024 1336 1335
f 369 297 1337
f 1337 297 727
f 937 1337 475
f 1065 369 1337
f 1195 1337 937
f 1195 1065 1337
f 727 1317 1337
f 1317 1318 1337
f 1338 1318 848
f 1318 1338 1337
f 1339 1319 1
f 1320 1340 2
f 1340 1320 1319
f 1339 1340 1319
f 632 1342 228
f 632 631 1342
f 631 1341 1342
f 837 1343 838
f 1344 190 68
f 1344 189 190
f 838 1344 68
f 1343 189 1344
f 838 1343 1344
f 1345 381 897
f 1346 382 381
f 382 1346 898
f 1345 1346 381
f 379 380 1347
f 379 1347 895
f 1348 380 896
f 380 1348 1347
f 895 1349 383
f 1347 1349 895
f 1347 1348 1349
f 1350 384 383
f 384 1350 896
f 896 1350 1348
f 1349 1350 383
f 1348 1350 1349
f 383 384 1351
f 1351 895 383
f 897 895 1351
f 1345 897 1351
f 1352 384 898
f 1346 1352 898
f 1352 1346 1345
f 384 1352 1351
f 1351 1352 1345
f 1353 95 96
f 95 1353 545
f 545 1353 835
f 836 835 1354
f 1354 96 1336
f 1336 836 1354
f 1354 1353 96
f 835 1353 1354
f 1355 507 39
f 230 508 1356
f 1356 508 507
f 1355 1356 507
f 509 1357 433
f 509 510 1357
f 543 539 1357
f 433 1357 637
f 1357 667 171
f 539 925 1357
f 925 667 1357
f 1357 1135 637
f 171 1295 1357
f 714 1358 510
f 510 1358 1357
f 1359 315 17
f 1360 316 315
f 316 1360 494
f 1359 1360 315
f 1361 45 317
f 317 318 1361
f 1113 45 1361
f 1117 1113 1361
f 1362 318 46
f 1114 1362 46
f 318 1362 1361
f 307 1363 659
f 1363 877 659
f 1363 878 877
f 1173 1363 307
f 660 1364 308
f 878 1364 660
f 1364 1174 308
f 1174 1364 1173
f 1364 878 1363
f 1173 1364 1363
f 879 1365 351
f 351 1365 1175
f 1175 1365 1176
f 1366 880 352
f 1366 879 880
f 1176 1366 352
f 1365 879 1366
f 1176 1365 1366
f 53 525 1367
f 525 471 1367
f 797 53 1367
f 355 849 1367
f 1367 471 1167
f 1167 1023 1367
f 849 1237 1367
f 847 1367 1299
f 1367 1237 1299
f 1367 1317 727
f 1367 1335 355
f 1023 1335 1367
f 848 1368 2
f 1318 1368 848
f 1368 1318 1317
f 1367 1368 1317
f 1 1319 1369
f 1319 1320 1369
f 2 1370 1320
f 1320 1370 1369
f 477 1371 645
f 1073 1371 477
f 1371 1073 1074
f 1372 444 646
f 646 645 1372
f 778 444 1372
f 1074 778 1372
f 645 1371 1372
f 1372 1371 1074
f 135 136 1373
f 135 1373 475
f 475 1373 767
f 1374 768 767
f 848 1374 136
f 768 1374 848
f 136 1374 1373
f 1373 1374 767
f 137 715 1375
f 715 769 1375
f 769 770 1375
f 1376 138 137
f 138 1376 716
f 1376 770 716
f 1375 1376 137
f 770 1376 1375
f 485 1377 17
f 485 486 1377
f 1377 691 17
f 1378 692 691
f 1378 486 898
f 692 1378 898
f 486 1378 1377
f 1377 1378 691
f 483 557 1379
f 689 690 1379
f 335 865 1379
f 885 335 1379
f 557 981 1379
f 1379 981 885
f 1379 1271 689
f 865 1271 1379
f 1380 484 483
f 1380 866 336
f 336 886 1380
f 1380 982 484
f 886 982 1380
f 690 1272 1380
f 1272 866 1380
f 1379 1380 483
f 690 1380 1379
f 1381 145 146
f 219 145 1381
f 1381 1191 219
f 1192 1191 1382
f 1382 146 1336
f 1192 1382 1336
f 1382 1381 146
f 1191 1381 1382
f 1383 1301 1
f 1369 1383 1
f 1369 1370 1383
f 1302 1384 2
f 1384 1302 1301
f 2 1384 1370
f 1383 1384 1301
f 1370 1384 1383
f 1303 1385 847
f 1303 1304 1385
f 1385 1367 847
f 2 1386 1304
f 1368 1386 2
f 1386 1368 1367
f 1304 1386 1385
f 1385 1386 1367
f 1203 1387 1
f 1203 1204 1387
f 1387 1205 1
f 2 1388 1204
f 2 1206 1388
f 1388 1206 1205
f 1204 1388 1387
f 1387 1388 1205
f 147 19 1389
f 555 481 1389
f 1389 699 701
f 287 703 1389
f 755 337 1389
f 777 778 1389
f 1389 807 555
f 1389 19 813
f 1389 837 603
f 861 389 1389
f 481 917 1389
f 1389 917 755
f 603 953 1389
f 953 807 1389
f 1389 1049 287
f 777 1389 1071
f 1071 1389 813
f 217 1087 1389
f 1087 967 1389
f 1389 1099 217
f 703 1099 1389
f 1101 1389 701
f 1389 1101 861
f 1129 147 1389
f 337 1305 1389
f 1389 1305 1083
f 189 1343 1389
f 1343 837 1389
f 1390 700 699
f 700 1390 1072
f 1390 778 1074
f 1072 1390 1074
f 1389 1390 699
f 778 1390 1389
f 697 698 1391
f 697 1391 715
f 1391 779 715
f 1392 780 779
f 1072 1392 698
f 1072 780 1392
f 698 1392 1391
f 1391 1392 779
f 157 158 1393
f 157 1393 417
f 417 1393 1003
f 1394 158 716
f 418 1394 716
f 1004 1394 418
f 1394 1004 1003
f 158 1394 1393
f 1393 1394 1003
f 1395 159 475
f 475 1001 1395
f 1001 1002 1395
f 1396 160 159
f 160 1396 848
f 848 1396 1002
f 1395 1396 159
f 1002 1396 1395
f 545 1027 1397
f 1397 1027 1357
f 1357 1358 1397
f 1398 546 545
f 546 1398 714
f 1398 1358 714
f 1397 1398 545
f 1358 1398 1397
f 547 1399 39
f 547 548 1399
f 39 1399 1355
f 1400 548 230
f 1356 1400 230
f 1400 1356 1355
f 548 1400 1399
f 1399 1400 1355
f 397 979 1401
f 1401 1231 397
f 1231 1401 1232
f 1402 980 398
f 1402 979 980
f 1232 1402 398
f 1401 979 1402
f 1232 1401 1402
f 977 239 1403
f 1403 978 977
f 1403 239 1233
f 240 978 1404
f 1234 240 1404
f 1234 1404 1233
f 1404 978 1403
f 1233 1404 1403
f 381 382 1405
f 89 541 1405
f 1405 881 89
f 381 1405 897
f 897 1405 631
f 1405 5 907
f 907 775 1405
f 1405 919 5
f 541 919 1405
f 13 1239 1405
f 1239 881 1405
f 775 1255 1405
f 1405 1255 939
f 1405 1341 631
f 1406 14 13
f 898 14 1406
f 1406 382 898
f 1405 1406 13
f 382 1406 1405
f 11 12 1407
f 895 11 1407
f 1407 379 895
f 1408 380 379
f 896 1408 12
f 380 1408 896
f 12 1408 1407
f 1407 1408 379
f 1409 401 169
f 401 1409 402
f 31 1409 809
f 809 1409 169
f 1410 31 32
f 170 402 1410
f 32 810 1410
f 810 170 1410
f 1409 31 1410
f 402 1409 1410
f 1411 30 29
f 1411 29 549
f 549 399 1411
f 400 1412 399
f 1412 550 30
f 1412 400 550
f 1412 30 1411
f 399 1412 1411
f 173 174 1413
f 1413 87 475
f 475 173 1413
f 1414 88 87
f 88 1414 848
f 848 1414 174
f 1413 1414 87
f 174 1414 1413
f 85 86 1415
f 417 85 1415
f 1415 175 417
f 1416 176 175
f 1416 86 418
f 418 176 1416
f 86 1416 1415
f 1415 1416 175
f 1417 1138 1137
f 995 1417 1187
f 1417 1137 1187
f 996 1418 995
f 1418 996 1188
f 1188 1138 1418
f 995 1418 1417
f 1418 1138 1417
f 333 1419 17
f 333 334 1419
f 1419 1359 17
f 494 1420 334
f 1360 1420 494
f 1420 1360 1359
f 334 1420 1419
f 1419 1420 1359
f 1421 331 1117
f 1361 1421 1117
f 1361 1362 1421
f 1422 332 331
f 332 1422 1118
f 1118 1422 1114
f 1422 1362 1114
f 1421 1422 331
f 1362 1422 1421
f 323 1423 219
f 323 415 1423
f 1423 415 416
f 1423 1249 219
f 1250 1249 1424
f 1336 1424 416
f 1250 1424 1336
f 1424 1423 416
f 1249 1423 1424
f 397 398 1425
f 1425 317 437
f 605 271 1425
f 605 1425 437
f 271 1261 1425
f 1425 1261 397
f 1426 318 317
f 606 1426 272
f 318 1426 606
f 398 980 1426
f 1426 1262 272
f 980 1262 1426
f 1425 1426 317
f 398 1426 1425
f 17 315 1427
f 315 316 1427
f 1427 395 17
f 1428 396 395
f 494 1428 316
f 396 1428 494
f 316 1428 1427
f 1427 1428 395
f 245 1429 475
f 999 1429 245
f 999 1000 1429
f 1430 476 475
f 714 476 1430
f 1430 1000 714
f 1429 1430 475
f 1000 1430 1429
f 473 1431 419
f 473 474 1431
f 419 1431 1119
f 1431 997 1119
f 1432 474 420
f 998 1432 420
f 1432 998 997
f 474 1432 1431
f 1431 1432 997
f 39 963 1433
f 963 964 1433
f 1433 991 39
f 1434 964 230
f 992 1434 230
f 1434 992 991
f 964 1434 1433
f 1433 1434 991
f 245 1435 965
f 993 1435 245
f 993 994 1435
f 714 966 1436
f 1436 966 965
f 1436 994 714
f 1435 1436 965
f 994 1436 1435
f 349 1437 17
f 349 350 1437
f 1437 811 17
f 494 1438 350
f 494 812 1438
f 1438 812 811
f 350 1438 1437
f 1437 1438 811
f 351 21 1439
f 21 393 1439
f 809 810 1439
f 671 1105 1439
f 1439 1105 809
f 22 352 1440
f 1440 352 351
f 1440 394 22
f 672 1440 1106
f 1440 810 1106
f 1439 1440 351
f 810 1440 1439
f 75 76 1441
f 75 1441 1269
f 1441 209 1269
f 1442 210 209
f 1442 76 1270
f 210 1442 1270
f 76 1442 1441
f 1441 1442 209
f 1443 73 17
f 207 1443 17
f 207 208 1443
f 1444 74 73
f 74 1444 494
f 1444 208 494
f 1443 1444 73
f 208 1444 1443
f 35 36 1445
f 35 1445 715
f 715 1445 269
f 1446 270 269
f 1446 36 1072
f 1072 270 1446
f 36 1446 1445
f 1445 1446 269
f 267 268 1447
f 475 1447 33
f 267 1447 475
f 1448 34 33
f 848 34 1448
f 1448 268 848
f 1447 1448 33
f 268 1448 1447
f 1049 1449 1050
f 1449 1049 1389
f 1083 1449 1389
f 1050 1450 68
f 1450 1084 68
f 1450 1083 1084
f 1050 1449 1450
f 1449 1083 1450
f 1451 1019 39
f 1020 1452 230
f 1452 1020 1019
f 1451 1452 1019
f 1021 1022 1453
f 1021 1453 1073
f 1454 1022 714
f 1022 1454 1453
f 1129 1455 1130
f 1389 967 1455
f 1455 1129 1389
f 68 1456 968
f 1456 967 968
f 1130 1456 68
f 1455 967 1456
f 1130 1455 1456
f 137 138 1457
f 137 1457 715
f 1457 633 715
f 1458 634 633
f 716 1458 138
f 634 1458 716
f 138 1458 1457
f 1457 1458 633
f 1459 135 475
f 475 635 1459
f 635 636 1459
f 1460 136 135
f 1460 848 136
f 1460 636 848
f 1459 1460 135
f 636 1460 1459
f 1015 1016 1461
f 1461 551 1307
f 1015 1461 1307
f 552 1462 16
f 1462 552 551
f 1462 1016 16
f 1461 1462 551
f 1016 1462 1461
f 1463 71 549
f 549 550 1463
f 571 71 1463
f 453 571 1463
f 453 1463 1017
f 550 72 1464
f 72 572 1464
f 1464 572 454
f 1018 1464 454
f 1464 1018 1017
f 550 1464 1463
f 1463 1464 1017
f 37 1465 107
f 1465 1154 1153
f 107 1465 1187
f 1465 1153 1187
f 38 1466 37
f 38 108 1466
f 108 1188 1466
f 1188 1154 1466
f 37 1466 1465
f 1466 1154 1465
f 475 1467 329
f 1337 1467 475
f 1337 1338 1467
f 1468 330 329
f 330 1468 848
f 848 1468 1338
f 1467 1468 329
f 1338 1468 1467
f 1 327 1469
f 327 328 1469
f 1469 1339 1
f 2 1470 328
f 1340 1470 2
f 1470 1340 1339
f 328 1470 1469
f 1469 1470 1339
f 1471 939 940
f 939 1471 1405
f 1471 1341 1405
f 228 1472 940
f 1342 1472 228
f 1342 1341 1472
f 1472 1471 940
f 1341 1471 1472
f 475 675 1473
f 675 676 1473
f 1473 735 475
f 1474 736 735
f 848 1474 676
f 736 1474 848
f 676 1474 1473
f 1473 1474 735
f 737 1475 421
f 737 738 1475
f 1475 747 257
f 677 1095 1475
f 1095 747 1475
f 1476 678 677
f 1476 738 422
f 258 748 1476
f 1476 748 678
f 1475 1476 677
f 738 1476 1475
f 17 1477 103
f 705 1477 17
f 705 706 1477
f 1478 104 103
f 104 1478 494
f 1478 706 494
f 1477 1478 103
f 706 1478 1477
f 101 102 1479
f 101 1479 1117
f 1117 1479 707
f 1480 708 707
f 1480 102 1118
f 1118 708 1480
f 102 1480 1479
f 1479 1480 707
f 1481 957 83
f 957 1481 958
f 969 1481 83
f 1139 1481 969
f 958 1482 84
f 84 1482 970
f 1482 1140 970
f 1482 1139 1140
f 958 1481 1482
f 1481 1139 1482
f 955 1483 843
f 1483 1141 843
f 1483 1142 1141
f 1484 956 844
f 956 1484 955
f 1142 1484 844
f 955 1484 1483
f 1484 1142 1483
f 544 543 1485
f 543 1357 1485
f 544 1486 1336
f 1486 544 1485
f 1487 725 419
f 419 795 1487
f 795 796 1487
f 726 1488 420
f 1488 726 725
f 420 1488 796
f 1487 1488 725
f 796 1488 1487
f 727 728 1489
f 1489 1367 727
f 797 1367 1489
f 1490 728 638
f 798 1490 638
f 1490 798 797
f 728 1490 1489
f 1489 1490 797
f 1491 947 3
f 985 1491 3
f 985 986 1491
f 948 1492 4
f 1492 948 947
f 4 1492 986
f 1491 1492 947
f 986 1492 1491
f 945 1493 3
f 945 946 1493
f 1493 983 3
f 4 1494 946
f 984 1494 4
f 1494 984 983
f 946 1494 1493
f 1493 1494 983
f 959 1495 3
f 959 960 1495
f 1495 961 3
f 4 1496 960
f 962 1496 4
f 1496 962 961
f 960 1496 1495
f 1495 1496 961
f 1497 439 685
f 1497 1029 1030
f 1285 1497 685
f 1029 1497 1285
f 440 1498 356
f 440 439 1498
f 356 1498 1030
f 439 1497 1498
f 1498 1497 1030
f 1499 1027 1028
f 1027 1499 1357
f 1357 1499 1485
f 1336 1500 1028
f 1486 1500 1336
f 1486 1485 1500
f 1500 1499 1028
f 1485 1499 1500
f 709 710 1501
f 709 1501 1119
f 1501 987 1119
f 1502 988 987
f 1502 710 1120
f 988 1502 1120
f 710 1502 1501
f 1501 1502 987
f 1503 711 753
f 989 1503 753
f 989 990 1503
f 712 1504 16
f 1504 712 711
f 16 1504 990
f 1503 1504 711
f 990 1504 1503
f 1505 430 429
f 892 1506 891
f 1506 430 1505
f 891 1506 1505
f 1507 893 359
f 893 1507 894
f 1199 1507 359
f 1199 431 1507
f 1508 431 432
f 894 1508 360
f 360 1508 1200
f 1508 432 1200
f 1507 431 1508
f 894 1507 1508
f 255 1509 256
f 1509 255 353
f 1333 1509 353
f 1333 423 1509
f 354 256 1510
f 1510 423 424
f 1334 354 1510
f 424 1334 1510
f 256 1509 1510
f 1509 423 1510
f 1511 422 421
f 1475 257 1511
f 421 1475 1511
f 258 1512 257
f 1512 258 1476
f 1512 1476 422
f 257 1512 1511
f 1512 422 1511
f 991 1513 39
f 991 992 1513
f 39 1513 1451
f 1514 992 230
f 230 1452 1514
f 1514 1452 1451
f 992 1514 1513
f 1513 1514 1451
f 1515 993 1073
f 1453 1515 1073
f 1453 1454 1515
f 994 1516 714
f 1516 994 993
f 714 1516 1454
f 1515 1516 993
f 1454 1516 1515
f 189 1517 190
f 1389 1517 189
f 389 1517 1389
f 68 190 1518
f 68 1518 390
f 1518 389 390
f 190 1517 1518
f 1517 389 1518
f 475 1519 99
f 841 1519 475
f 841 842 1519
f 1520 100 99
f 848 100 1520
f 848 1520 842
f 1519 1520 99
f 842 1520 1519
f 97 1521 27
f 97 98 1521
f 27 1521 831
f 1521 429 831
f 843 129 1521
f 1521 1505 429
f 891 1505 1521
f 98 28 1522
f 28 832 1522
f 1522 832 430
f 1522 844 843
f 430 1506 1522
f 1506 892 1522
f 98 1522 1521
f 1521 1522 843
f 1523 1295 1296
f 1357 1523 1135
f 1295 1523 1357
f 1136 1135 1524
f 1336 1136 1524
f 1524 1296 1336
f 1135 1523 1524
f 1524 1523 1296
f 127 1525 128
f 359 893 1525
f 127 969 1525
f 969 359 1525
f 1526 894 360
f 1526 893 894
f 128 1526 970
f 1526 360 970
f 128 1525 1526
f 1525 893 1526
f 1527 892 891
f 129 1527 1521
f 1527 891 1521
f 130 1528 129
f 1528 130 844
f 1522 1528 844
f 892 1528 1522
f 129 1528 1527
f 1528 892 1527
f 1529 392 391
f 681 1529 391
f 673 1529 681
f 674 1530 673
f 392 1530 682
f 1530 674 682
f 1530 392 1529
f 673 1530 1529
f 671 1531 672
f 1439 393 1531
f 1531 671 1439
f 1532 393 394
f 1532 394 1440
f 672 1532 1440
f 1531 393 1532
f 672 1531 1532
f 1149 1533 97
f 1533 1291 97
f 1533 1292 1291
f 1534 1150 98
f 1150 1534 1149
f 98 1292 1534
f 1149 1534 1533
f 1534 1292 1533
f 823 771 1535
f 1147 823 1535
f 1147 1535 1148
f 1535 771 1293
f 772 824 1536
f 1536 824 1148
f 1294 772 1536
f 1536 1293 1294
f 1148 1535 1536
f 1535 1293 1536
