2744 5504
v -0.3758159965 -0.2480525141 -0.7148434153
v -0.4834457148 -0.2470777688 -0.6486631859
v -0.3601398642 -0.1920443507 -0.6901740834
v -0.4677695824 -0.1910695858 -0.6239938149
v -0.5209298399 -0.2046364592 -0.7212007019
v -0.4230724438 -0.2055227142 -0.7813720449
v -0.5052537076 -0.1486282958 -0.696531331
v -0.4073963114 -0.1495145508 -0.7567026739
v -0.4007797219 -0.6868015798 0.29713585
v -0.1029332466 0.37735372 0.7658535073
v -0.08334508164 -0.2799250685 -0.8283319838
v -0.04979206181 -0.2802289397 -0.8489633424
v 0.2145014035 0.78423029 -0.3596143461
v 0.2480544135 0.7839263797 -0.3802456851
v -0.5648693568 -0.4838782387 -0.05930148904
v -0.5696953037 -0.483834532 -0.05633409102
v -0.5491932636 -0.4278700361 -0.03463214007
v -0.5540191713 -0.4278263295 -0.03166474205
v -0.3437021937 -0.2599136713 -0.7083210927
v -0.4922713328 -0.2585681437 -0.6169676905
v -0.3280260418 -0.2039055079 -0.6836517609
v -0.4765952396 -0.2025599803 -0.5922983195
v -0.4406898424 -0.2012532247 -0.779870352
v -0.5115847154 -0.200611175 -0.736277943
v -0.4250137492 -0.1452450613 -0.755200981
v -0.4959085831 -0.1446029921 -0.711608572
v -0.4684845158 -0.2125952671 -0.7364577827
v -0.460454665 -0.2126679941 -0.7413952286
v -0.4528083834 -0.1565870841 -0.7117884117
v -0.4447785326 -0.1566598111 -0.7167258576
v -0.06382287329 -0.3146845163 -0.7618210561
v 0.234023607 0.7494708618 -0.293103438
v -0.4878272712 -0.5209799694 -0.02402373293
v -0.4721511388 -0.4649718061 0.0006456184824
v -0.5134333987 -0.2008162166 -0.7346376889
v -0.4383948104 -0.2014958047 -0.7807780099
v -0.4977572663 -0.1448080336 -0.7099683179
v -0.4227186781 -0.1454876217 -0.7561086389
v 0.02828978087 -0.7603083191 0.1913700106
v 0.1361268219 -0.7612849051 0.1250623033
v 0.04396590832 -0.7043000774 0.216039362
v 0.1518029543 -0.7052767417 0.1497316352
v 0.09769468073 -0.8084094098 0.2564733557
v 0.1622725176 -0.8089942805 0.2167652024
v 0.1133708033 -0.7524012465 0.2811427071
v 0.1779486499 -0.7529861171 0.2414345538
v 0.0897613097 -0.8076604432 0.2598140584
v 0.1688428939 -0.8083765906 0.2111877237
v 0.105437442 -0.7516522015 0.2844834098
v 0.1845190263 -0.7523684273 0.2358570751
v 0.01883553407 -0.316448841 -0.8103407285
v 0.3166820217 0.7477065371 -0.3416230712
v 0.5761465832 -0.754598565 -0.1697285418
v -0.3847755544 -0.745895921 0.42113106
v 0.8739930194 0.3095567936 0.2989891154
v -0.08692906927 0.3182593984 0.8898487565
v -0.4873661186 -0.5274756998 -0.009569155541
v -0.4716899862 -0.4714675364 0.01510019587
v -0.425614207 -0.2226857355 -0.7407907761
v -0.4837968173 -0.2221588075 -0.7050149715
v -0.4099380747 -0.1666775721 -0.7161214051
v -0.468120685 -0.1661506246 -0.6803456005
v 0.1344966623 -0.7585029508 0.1197821946
v 0.02435029699 -0.7575054514 0.1875098797
v 0.1501727947 -0.7024947875 0.144451546
v 0.04002642933 -0.7014972881 0.2121792311
v -0.5142990339 -0.2009600257 -0.7337610487
v -0.4372238941 -0.2016580599 -0.7811536681
v -0.4986229016 -0.1449518623 -0.709091756
v -0.4215477618 -0.1456498965 -0.7564842971
v -0.05183690137 -0.3177117528 -0.7625646181
v 0.2460095789 0.7464435862 -0.2938469609
v -0.4833191377 -0.2567108639 -0.6268730909
v -0.3565558374 -0.2578589086 -0.7048182914
v -0.4676430054 -0.200702681 -0.6022037199
v -0.3408797051 -0.2018507257 -0.6801489596
v -0.4823038971 -0.2560428683 -0.6290348096
v -0.3589340922 -0.2571601695 -0.7048934074
v -0.4666277648 -0.2000346854 -0.6043654386
v -0.3432579599 -0.2011519865 -0.6802240756
v -0.3581847731 -0.7316589763 0.3719111015
v -0.3675296235 -0.7315743827 0.3776571604
v -0.06033827823 0.3324963235 0.8406287588
v -0.06968314326 0.3325809563 0.8463747785
v -0.3950138462 -0.7026971072 0.3295604168
v -0.3883222974 -0.7027577326 0.3254458394
v -0.09716735131 0.3614581926 0.7982780741
v -0.09047581223 0.3613976064 0.7941635358
v 0.01502977709 -0.3197300149 -0.8004728861
v 0.31287625 0.7444253241 -0.3317552288
v -0.872071335 -0.2551982052 -0.3832748406
v -0.04986560145 -0.2626445365 -0.8888394296
v -0.5742248988 0.8089571533 0.08544279709
v 0.2479808837 0.8015108025 -0.4201217723
v -0.4874440935 -0.5215436526 -0.02298745777
v -0.4717679612 -0.4655354892 0.001681889972
v 0.01566702311 -0.3194555557 -0.8015010116
v 0.3135135021 0.7446997833 -0.3327833347
v -0.4740934625 -0.2340737952 -0.6841297147
v -0.4115125338 -0.2346405527 -0.7226099685
v -0.4584173301 -0.1780656123 -0.6594603829
v -0.3958364014 -0.1786323698 -0.6979406367
v -0.3689432764 -0.6939313313 0.293092433
v -0.07109681084 0.3702239685 0.7618100903
v 0.1737084157 -0.80609695 0.2029202863
v 0.08021868756 -0.8052502308 0.2604059982
v 0.1893845481 -0.7500887867 0.2275896377
v 0.09589481501 -0.7492420675 0.2850753496
v 0.01858420226 -0.3129085209 -0.8182187417
v 0.3164306886 0.7512467789 -0.3495010844
v -0.085733754 -0.2836740528 -0.818302552
v -0.03981401522 -0.2840899322 -0.8465380911
v 0.2121127311 0.7804813057 -0.3495849143
v 0.2580324626 0.7800653872 -0.3778204338
v -0.4838382525 -0.2213874589 -0.7067398975
v -0.4271245943 -0.2219010908 -0.7416124305
v -0.4681621202 -0.1653792759 -0.6820705265
v -0.4114484619 -0.1658929078 -0.7169430595
v -0.4044801432 -0.7403113341 0.4209732695
v 0.5849698514 -0.7492723018 -0.1874278024
v -0.1066336581 0.323844044 0.8896909268
v 0.8828162876 0.3148830567 0.2812898451
v -0.08889661438 -0.3048479657 -0.768220483
v 0.2089498708 0.7593073732 -0.2995028061
v -0.4100583073 -0.7371200409 0.417272574
v 0.5842264852 -0.7461247936 -0.1941013359
v -0.1122118319 0.3270353177 0.8859902705
v 0.8820729606 0.3180305453 0.2746163116
v -0.4534111128 -0.2135017696 -0.7439780746
v -0.473978282 -0.2133155071 -0.7313315677
v -0.4377349804 -0.1574935867 -0.7193087036
v -0.4583021497 -0.1573073241 -0.7066621967
v 0.01612692488 -0.3095235632 -0.8243423777
v 0.3139734014 0.7546317758 -0.3556247204
v -0.8823950428 -0.2592842323 -0.3674379217
v -0.03112955541 -0.2669937436 -0.8908710074
v -0.5845485675 0.8048711262 0.1012797258
v 0.266716915 0.7971615953 -0.4221533501
v -0.5331672036 -0.5188641897 -1.608648959e-05
v -0.5315572231 -0.5188787586 -0.001006034666
v -0.5174910713 -0.4628560264 0.02465326492
v -0.5158810907 -0.4628705953 0.0236633143
v 0.07161850069 -0.7633738968 0.1707967317
v 0.09817852866 -0.7636144403 0.1544652928
v 0.08729463304 -0.7073656551 0.1954660832
v 0.113854661 -0.7076061986 0.1791346442
v -0.5791659478 -0.5036664028 -0.005290567873
v -0.5153093791 -0.5042447332 -0.0445552094
v -0.5634898155 -0.4476582394 0.01937878109
v -0.4996332467 -0.4482365306 -0.01988586044
v -0.3577491162 -0.2575207301 -0.7048278474
v -0.482784749 -0.2563883313 -0.6279448839
v -0.3420729838 -0.2015125471 -0.6801584764
v -0.4671086167 -0.2003801679 -0.603275552
v -0.518466874 -0.500760143 -0.05045996995
v -0.582964435 -0.5001760556 -0.0108011721
v -0.5027907417 -0.4447519796 -0.02579062037
v -0.5672883027 -0.4441678531 0.01386817442
v -0.5194566973 -0.4998872233 -0.05181290381
v -0.5837136366 -0.4993052507 -0.01230206948
v -0.503780565 -0.4438790208 -0.02714355485
v -0.5680375043 -0.4432970874 0.01236727949
v -0.3779008369 -0.7043344631 0.3224032115
v -0.4024517769 -0.7041120916 0.3374992903
v -0.08005437137 0.359820915 0.7911208296
v -0.1046052918 0.3600432473 0.8062169476
v 0.007301281774 -0.3210139185 -0.7926468824
v 0.3051477638 0.7431413813 -0.3239292251
v -0.4076495439 -0.7087935636 0.3514308757
v -0.3631855859 -0.7091962448 0.3240905404
v -0.109803049 0.3553617558 0.8201484938
v -0.0653391155 0.354959055 0.7928081585
v -0.04874693443 -0.2627242934 -0.8893692361
v -0.8730498792 -0.2552589677 -0.382515104
v 0.249099536 0.8014310652 -0.4206515397
v -0.575203443 0.8088963713 0.08620256307
v 0.1072979723 -0.7659502416 0.1539735925
v 0.0670343456 -0.7655856276 0.1787312189
v 0.1229741047 -0.7099420783 0.178642944
v 0.08271048284 -0.7095774642 0.2034005508
v 0.09081143535 -0.7918256196 0.2231961168
v 0.1359020615 -0.7922339403 0.1954704303
v 0.1064875677 -0.7358174562 0.2478654683
v 0.1515781938 -0.7362257769 0.2201397817
v -0.3529547352 -0.2587316129 -0.7051252565
v -0.485229308 -0.2575336541 -0.6237912211
v -0.3372786029 -0.20272343 -0.6804559247
v -0.4695531756 -0.2015254712 -0.5991218501
v -0.6072659806 -0.4713625777 -0.06077554827
v -0.5915898482 -0.4153544144 -0.0361061987
v -0.3824526771 -0.7034525749 0.3232934808
v -0.3995920044 -0.70329733 0.3338322365
v -0.08460620172 0.3607028032 0.7920110989
v -0.1017455192 0.360858009 0.8025498938
v -0.3718253722 -0.7059538821 0.322219338
v -0.4053783627 -0.7056500501 0.3428506966
v -0.07397888218 0.3582014177 0.7909369952
v -0.1075318971 0.3585052889 0.8115683538
v -0.5470154878 -0.4867711045 -0.06407886436
v -0.5820519208 -0.4864538002 -0.04253536829
v -0.5313393554 -0.4307629411 -0.0394095154
v -0.5663757885 -0.4304456368 -0.01786601956
v -0.8748986408 -0.2554639897 -0.3808748891
v -0.04645188289 -0.2629668341 -0.8902769724
v -0.5770521263 0.8086913885 0.08784277797
v 0.2513945876 0.8011884852 -0.4215592759
v 0.1662480051 -0.8088077047 0.213815373
v 0.09327116045 -0.8081467781 0.258687965
v 0.1819241375 -0.7527995413 0.2384847244
v 0.1089472928 -0.7521386147 0.2833573164
v 0.1349130018 -0.7546298176 0.1107242575
v 0.01613072498 -0.7535540691 0.1837620703
v 0.1505891244 -0.6986216543 0.135393609
v 0.03180685488 -0.6975459058 0.2084314217
v -0.7951415317 -0.2859120624 -0.362428532
v -0.4972950955 0.7782432569 0.1062891252
v 0.1289130937 -0.7959067121 0.208250035
v 0.1053201566 -0.7956930349 0.2227570526
v 0.1445892162 -0.7398985487 0.2329193864
v 0.1209962889 -0.7396848715 0.2474263844
v -0.6060950643 -0.4715248329 -0.06115122117
v -0.5904189319 -0.4155166696 -0.03648187189
v -0.4149101413 -0.244918674 -0.6971159667
v -0.4499466136 -0.2446013697 -0.6755724855
v -0.399234009 -0.1889105106 -0.6724466348
v -0.4342704812 -0.1885932064 -0.6509031145
v -0.08443661311 -0.2883671369 -0.8084718368
v -0.03168876164 -0.2888448557 -0.8409058812
v 0.2134098524 0.7757881629 -0.3397541991
v 0.2661577162 0.7753104441 -0.3721882239
v 0.01625353256 -0.3191566583 -0.8025522436
v 0.3141000177 0.7449986806 -0.3338345863
v -0.6037999931 -0.4717674129 -0.0620588962
v -0.5881239 -0.4157592104 -0.03738954693
v 0.01726875968 -0.3184886431 -0.8047140015
v 0.3151152387 0.7456666567 -0.3359963442
v -0.7975861298 -0.2870574048 -0.3582747713
v -0.4997396545 0.7770979537 0.1104428664
v -0.3201833151 -0.7154466146 0.3109551922
v -0.02233683001 0.3487087244 0.7796728886
v -0.8757642369 -0.2556077988 -0.379998288
v -0.04528100577 -0.2631290894 -0.8906526306
v -0.5779177615 0.808547501 0.08871934968
v 0.2525654843 0.8010262692 -0.4219349341
v -0.5471405766 -0.4735181477 -0.09408831594
v -0.5314644443 -0.4175099844 -0.06941896452
v -0.3237128848 -0.7142937919 0.3105807872
v -0.02586640458 0.3498615471 0.7792984053
v -0.0360411533 -0.286049997 -0.8444855216
v -0.08563028351 -0.2856008873 -0.8139937617
v 0.2618053171 0.7781053224 -0.3757678252
v 0.2122162016 0.7785544517 -0.3452760849
v -0.4023552384 -0.7412757793 0.4218127434
v 0.5847475191 -0.7502155204 -0.185145058
v -0.1045087728 0.3228795596 0.8905303615
v 0.8825939944 0.3139398186 0.2835725797
v 0.1338852093 -0.7938850819 0.2005006159
v 0.09618829798 -0.7935436528 0.2236800039
v 0.1495613318 -0.7378769185 0.2251699673
v 0.1118644303 -0.7375354894 0.2483493358
v -0.4784951882 -0.2306123312 -0.6891913879
v -0.4139976271 -0.2311964578 -0.7288501557
v -0.4628190558 -0.1746041483 -0.6645220169
v -0.3983214948 -0.1751882749 -0.7041807847
v -0.4654048391 -0.2124937352 -0.7386453103
v -0.4637948586 -0.2125083041 -0.739635212
v -0.4497287067 -0.1564855522 -0.7139759393
v -0.4481187262 -0.1565001407 -0.7149659193
v -0.5423461957 -0.4747290502 -0.09438572997
v -0.5266700633 -0.4187208868 -0.06971637855
v -0.4177961535 -0.2277060518 -0.7343608016
v -0.4816527223 -0.2271277411 -0.6950961772
v -0.4021200212 -0.1716978885 -0.7096914306
v -0.4659765899 -0.1711195581 -0.6704268062
v -0.4132484647 -0.2320672039 -0.7273492461
v -0.477505404 -0.2314852705 -0.6878384387
v -0.3975723324 -0.1760590406 -0.7026799535
v -0.4618292717 -0.1754770876 -0.6631691069
v -0.6214173917 -0.467497943 -0.0605571262
v -0.6057412594 -0.4114897796 -0.03588777601
v -0.5229837801 -0.5180569867 -0.008319789466
v -0.5435509886 -0.5178707242 0.004326736989
v -0.5073076478 -0.4620488234 0.01634956195
v -0.5278748562 -0.4618625216 0.02899608351
v 0.137367479 -0.7895965001 0.1885512816
v 0.08401076662 -0.7891132984 0.2213596918
v 0.1530436113 -0.7335883368 0.213220633
v 0.09968689896 -0.733105135 0.2460290432
v 0.1311301507 -0.7952142978 0.2052692075
v 0.1016690521 -0.7949475147 0.2233844942
v 0.1468062831 -0.7392061345 0.2299385589
v 0.1173451747 -0.7389393514 0.2480538261
v -0.569837507 -0.509471403 0.001961097777
v -0.5131238488 -0.5099850349 -0.03291145173
v -0.5541613747 -0.4534632396 0.02663044919
v -0.4974477165 -0.4539768716 -0.008242100925
v -0.09374017513 -0.3022348854 -0.7710752033
v 0.2041063002 0.7619204536 -0.3023575657
v 0.5809417866 -0.7534967335 -0.1752772058
v -0.3918758548 -0.7446863893 0.4228968338
v 0.8787882228 0.3106586251 0.2934404417
v -0.09402939905 0.3194689888 0.891614491
v -0.06769631493 -0.2769481182 -0.845034675
v -0.07171789816 -0.276911696 -0.842561879
v 0.2301501604 0.7872072012 -0.3763170569
v 0.2261285772 0.7872436234 -0.3738442218
v -0.3930772013 -0.7443952463 0.4229992468
v 0.5815790192 -0.7532221959 -0.1763053117
v -0.09523071616 0.3197601122 0.8917168649
v 0.8794254945 0.3109331039 0.2924123162
v -0.4041753321 -0.6855786541 0.2965169852
v -0.106328847 0.3785766849 0.7652346425
v 0.07356658144 -0.8025621128 0.2585300961
v 0.1750712537 -0.8034814415 0.1961160831
v 0.08924271378 -0.7465539495 0.2831994475
v 0.1907473861 -0.7474731998 0.2207854345
v 0.06454080754 -0.7686565316 0.1872877236
v 0.1160178973 -0.7691227363 0.1556350733
v 0.08021693499 -0.7126483682 0.211957075
v 0.1316940297 -0.7131145729 0.1803044247
v 0.1743279071 -0.8003339333 0.1894425495
v 0.06798838801 -0.7993708979 0.2548294398
v 0.1900040395 -0.7443257699 0.2141118813
v 0.08366452035 -0.7433626562 0.2794987912
v -0.3618473232 -0.7098148746 0.3246446284
v -0.407767035 -0.7093990344 0.3528801284
v -0.06400083803 0.3543404252 0.7933622465
v -0.1099205793 0.3547563046 0.8215977856
v -0.3339641398 -0.7093435003 0.3058560394
v -0.03611765224 0.3548118191 0.7745736966
v -0.4092250212 -0.7376755388 0.4180043478
v 0.5844962056 -0.7466752003 -0.1930230614
v -0.1113785557 0.3264797806 0.886722005
v 0.8823426418 0.3174801191 0.2756945861
v -0.5202809366 -0.2097313432 -0.7100458621
v -0.413478434 -0.2106986083 -0.7757174333
v -0.5046048042 -0.1537231799 -0.6853764911
v -0.3978023016 -0.1546904449 -0.7510480623
v -0.6026813604 -0.4718471502 -0.06258871986
v -0.5870052281 -0.4158389476 -0.0379193712
v -0.0863500144 -0.3061078228 -0.7669783671
v 0.2114964707 0.7580475553 -0.2982607098
v 0.01678786004 -0.3188341061 -0.8036240757
v 0.3146343476 0.7453212329 -0.3349064576
v -0.7980669817 -0.2874028678 -0.3571849043
v -0.5002205064 0.7767524516 0.1115327432
v -0.7970517803 -0.2867348526 -0.3593466426
v -0.499205305 0.7774205059 0.1093710049
v -0.5228686388 -0.4972986986 -0.05552165231
v -0.5854495284 -0.4967319215 -0.01704139849
v -0.5071925065 -0.441290496 -0.03085230334
v -0.5697733961 -0.4407237582 0.007627952923
v 0.06486290939 -0.7679820544 0.1855517926
v 0.1143323994 -0.7684300871 0.1551335822
v 0.08053904173 -0.711973891 0.210221144
v 0.1300085317 -0.7124219237 0.1798029336
v -0.06642032244 -0.3007073248 -0.791903712
v -0.02519574825 -0.3010806724 -0.8172521815
v 0.2314261529 0.7634479945 -0.3231860743
v 0.2726507246 0.7630746861 -0.3485345634
v -0.5411612196 -0.4750895912 -0.09432016504
v -0.5254850873 -0.4190814278 -0.06965081852
v -0.5435395136 -0.4743908325 -0.09439529081
v -0.5278633813 -0.4183826691 -0.06972594429
v 0.01434333535 -0.3199794485 -0.7994703737
v 0.3121898082 0.7441758513 -0.3307527165
v -0.4934259961 -0.5303149897 0.0007277251785
v -0.4777498638 -0.4743067872 0.02539707659
v -0.5131652448 -0.5092136667 -0.0346364236
v -0.5713478943 -0.5086867191 0.00113937972
v -0.4974891125 -0.4532055033 -0.009967073415
v -0.5556717619 -0.4526785558 0.02580872624
v -0.4135361613 -0.7342737798 0.4130205712
v 0.5820389185 -0.7432902034 -0.1991467268
v -0.1156896664 0.3298815787 0.8817381893
v 0.8798853547 0.320865116 0.2695709305
v 0.07525944704 -0.7625185616 0.1665413021
v 0.09274973496 -0.7626770179 0.1557867348
v 0.09093557448 -0.7065103982 0.1912106535
v 0.1084258673 -0.7066687762 0.1804560666
v -0.4253388079 -0.2046598595 -0.7818908856
v -0.5203589115 -0.203799296 -0.7234641288
v -0.4096626756 -0.1486516766 -0.7572215929
v -0.5046827791 -0.1477911326 -0.6987948361
v -0.3750311168 -0.6922870825 0.2932279394
v -0.07718462681 0.3718682173 0.7619455967
v 0.5732132613 -0.7547805979 -0.1674512021
v -0.3814223193 -0.7461348979 0.4195428937
v 0.8710597366 0.3093747215 0.3012664454
v -0.08357582437 0.3180204019 0.8882605118
v -0.7880995069 -0.2848775925 -0.3692520038
v -0.4902530707 0.7792777269 0.09946563385
v -0.4942916706 -0.5304587988 0.001604316474
v -0.4786155382 -0.4744505963 0.02627366789
v -0.4127340495 -0.211265542 -0.7749032983
v -0.5198977981 -0.2102950263 -0.7090095906
v -0.3970579172 -0.1552573786 -0.7502340057
v -0.5042216657 -0.1542868434 -0.6843402587
v -0.5503087633 -0.5314108292 0.03936187276
v -0.5346326309 -0.4754026658 0.06403121927
v -0.5365073972 -0.5187044802 0.001743861631
v -0.5284775464 -0.5187772072 -0.00319359164
v -0.5208312649 -0.4626963168 0.02641320815
v -0.5128014141 -0.4627690438 0.02147575733
v -0.4961403147 -0.5306638208 0.003244555852
v -0.4804642215 -0.4746556574 0.02791390237
v 0.07800974721 -0.7621580206 0.1639750223
v 0.08922357252 -0.7622596112 0.1570797635
v 0.09368587466 -0.7061498572 0.1886443737
v 0.1048997049 -0.7062513695 0.1817491149
v -0.5563931573 -0.4723360698 -0.09089246015
v -0.5407170249 -0.4163279064 -0.06622311118
v 0.07569147649 -0.8035266364 0.25936957
v 0.1748489214 -0.8044246601 0.1983988372
v 0.09136760883 -0.7475184731 0.2840389214
v 0.1905250537 -0.7484164967 0.2230681886
v -0.7969251249 -0.2963679869 -0.3375565085
v -0.4990786496 0.7677873324 0.1311611488
v 0.5533485713 -0.726766177 -0.2184308737
v 0.8511950466 0.3373891424 0.250286764
v -0.02490632362 -0.2967280776 -0.8273180356
v -0.07547574815 -0.2962700973 -0.7962235464
v 0.2729401444 0.7674272614 -0.3586004175
v 0.2223707223 0.7678852417 -0.3275058891
v -0.4320927054 -0.2474942551 -0.6803498302
v -0.4272667977 -0.2475379618 -0.6833172246
v -0.416416573 -0.1914860918 -0.6556804984
v -0.4115906653 -0.1915297985 -0.6586478927
v -0.5527533222 -0.5325561716 0.043515609
v -0.537077229 -0.4765480082 0.06818496041
v 0.06482936078 -0.7740293212 0.1993025004
v 0.1265381874 -0.7745881872 0.161358476
v 0.08050548823 -0.7180210795 0.2239718518
v 0.1422143099 -0.7185800238 0.1860278274
v -0.4867951902 -0.5266385366 -0.01183261666
v -0.4711190578 -0.4706303732 0.01283673475
v -0.5673312261 -0.4838073524 -0.05789803706
v -0.5242793153 -0.4841972662 -0.08437013273
v -0.5516550938 -0.427799189 -0.0332286881
v -0.508603183 -0.4281890636 -0.05970078376
v -0.02902756867 -0.2910164045 -0.8376667299
v -0.08277554354 -0.2905296388 -0.8046177371
v 0.2688189091 0.7731388953 -0.3689490922
v 0.215070922 0.7736257001 -0.3359000994
v -0.4064699333 -0.7140920988 0.3627108436
v -0.3537220696 -0.7145698176 0.3302767992
v -0.1086234384 0.350063201 0.8314285009
v -0.05587557956 0.3495855017 0.7989944565
v 0.5821655347 -0.7529233769 -0.1773565731
v -0.394275963 -0.7440802135 0.4230457341
v 0.8800120101 0.3112319816 0.2913610842
v -0.09642948763 0.3200751646 0.8917633914
v -0.4388645398 -0.217076593 -0.7451055975
v -0.4815947992 -0.2166895969 -0.7188312981
v -0.4231884075 -0.16106841 -0.7204362265
v -0.4659186668 -0.1606814139 -0.6941619271
v -0.396654257 -0.7433814548 0.422970579
v 0.5831807361 -0.7522553225 -0.1795183212
v -0.09880776203 0.3207739037 0.8916882754
v 0.8810272115 0.3118999969 0.2891993263
v 0.5581429522 -0.7279771186 -0.2187282828
v 0.8559894667 0.33617824 0.2499893744
v 0.1710432085 -0.8077058731 0.2082666992
v 0.08617084047 -0.8069372464 0.2604536995
v 0.1867193212 -0.7516977098 0.2329360506
v 0.1018469728 -0.7509290047 0.285123051
v -0.05281809891 -0.2793588593 -0.8490158217
v -0.08201513625 -0.279094426 -0.8310629469
v 0.2450283715 0.7847965188 -0.3802982036
v 0.215831344 0.7850608738 -0.36234527
v -0.5380688539 -0.4896298196 -0.06327372479
v -0.5854077799 -0.4892010946 -0.03416558415
v -0.5223927216 -0.4336216562 -0.03860437429
v -0.5697316476 -0.4331929312 -0.00949623518
v -0.7993824121 -0.2929829901 -0.3436801641
v -0.5015359367 0.7711723293 0.1250374736
v -0.4784069132 -0.2146985536 -0.7253773538
v -0.4461180095 -0.2149909693 -0.7452314697
v -0.46273082 -0.1586903706 -0.7007080612
v -0.4304418771 -0.158982806 -0.7205620987
v -0.358074449 -0.7117749394 0.3266971979
v -0.4076635645 -0.7113258884 0.3571889578
v -0.06022797367 0.3523803604 0.795414816
v -0.1098170892 0.3528294701 0.8259065759
v -0.001481902376 -0.7496456102 0.1860803851
v 0.1449798937 -0.7509720847 0.09602277261
v 0.01419422813 -0.6936374469 0.2107497365
v 0.1606560261 -0.6949639214 0.1206921142
v 0.08496949399 -0.8066460251 0.260556093
v 0.1716804215 -0.8074313356 0.2072385737
v 0.1006456263 -0.7506378617 0.2852254445
v 0.1873565538 -0.7514231722 0.2319079056
v -0.4700789091 -0.2365720085 -0.6810089161
v -0.4105719783 -0.2371109401 -0.7175990515
v -0.4544027768 -0.1805638255 -0.6563395451
v -0.394895846 -0.1811027572 -0.6929296805
v -0.5285904162 -0.4807954681 -0.089353924
v -0.5129142838 -0.4247873047 -0.06468457503
v -0.4189344073 -0.2268425118 -0.7355980612
v -0.4822318359 -0.2262692532 -0.6966772549
v -0.4032582749 -0.1708343289 -0.7109286902
v -0.4665557036 -0.1702610898 -0.6720078839
v -0.7964652647 -0.2864359748 -0.3603978942
v -0.4986187894 0.777719325 0.1083197533
v -0.3312243649 -0.7109672273 0.3078013786
v -0.03337787242 0.3531881313 0.7765190359
v 0.1745975884 -0.8008843399 0.1905208241
v 0.06882165446 -0.7999263959 0.255561194
v 0.1902737207 -0.7448761766 0.2151901755
v 0.08449778681 -0.7439182325 0.2802305454
v -0.3937512086 -0.7026367167 0.3286208013
v -0.3897296057 -0.702673139 0.3261480053
v -0.09590471364 0.3615186614 0.7973384586
v -0.09188314019 0.3614822392 0.7948656626
v -0.04681950764 -0.2812110478 -0.8486224615
v -0.08439504084 -0.2808707544 -0.8255177587
v 0.2510269775 0.7829443108 -0.3799048434
v 0.2134514443 0.783284565 -0.3568000818
v -0.7958280713 -0.286161496 -0.3614260001
v -0.4979815568 0.7779938625 0.1072916474
v 0.5700034045 -0.3874376677 0.01727274336
v 0.3009291089 -0.3850007848 0.1827233511
v 0.7693411131 0.3247623153 0.3309681951
v 0.5002667979 0.3271991982 0.4964188077
v -0.5447382361 -0.4740757997 -0.09434882308
v -0.5290621038 -0.4180675971 -0.06967947411
v -0.8817461787 -0.2643791163 -0.3562830818
v -0.02153552847 -0.2721696378 -0.8852163958
v -0.5838996642 0.7997762422 0.1124345559
v 0.2763109444 0.7919857208 -0.4164987385
v -0.497118898 -0.5307245637 0.004004277773
v -0.4814427657 -0.4747164003 0.02867362429
v -0.03074022907 -0.2895644886 -0.8398747793
v -0.08395402821 -0.2890825597 -0.8071542916
v 0.2671062414 0.7745908503 -0.3711571612
v 0.2138924471 0.7750727988 -0.3384366343
v -0.06907249796 -0.2768996727 -0.8442701996
v -0.0704141435 -0.2768875124 -0.8434452554
v 0.2287739872 0.7872556858 -0.3755525423
v 0.2274323367 0.7872678266 -0.3747275982
v 0.1364020057 -0.791618287 0.1937548645
v 0.08906309926 -0.7911895228 0.2228629904
v 0.152078138 -0.7356100453 0.2184242159
v 0.1047392316 -0.7351813594 0.2475323418
v -0.5459395826 -0.4737846567 -0.09424639531
v -0.5302634503 -0.4177764934 -0.0695770439
v -0.07183641241 -0.2982757682 -0.7939825212
v -0.02457503299 -0.2987037883 -0.8230430045
v 0.2260100678 0.7658795903 -0.3252649031
v 0.2732714497 0.7654515311 -0.3543253668
v -0.5522190119 -0.5322336193 0.04244375729
v -0.5365428795 -0.476225456 0.06711309891
v -0.5532342133 -0.5329016346 0.0446054858
v -0.5375580809 -0.4768934712 0.06927482742
v -0.08542300963 -0.2824841421 -0.8212015273
v -0.04252542339 -0.282872646 -0.8475787489
v 0.2124234755 0.7816711772 -0.3524838896
v 0.2553210617 0.7812826733 -0.3788610917
v -0.3486739079 -0.7013868464 0.2971388656
v -0.05082743254 0.3627684925 0.7658564837
v -0.03498039715 -0.3058015626 -0.8003164663
v -0.04695531756 -0.3056931184 -0.7929532208
v 0.2628660855 0.7583537372 -0.3315987894
v 0.2508911578 0.7584622206 -0.3242355635
v 0.1721403208 -0.7974993431 0.184397188
v 0.06451058296 -0.7965246369 0.250577437
v 0.1878164531 -0.7414911797 0.2090665394
v 0.0801867153 -0.7405164735 0.2752467884
v -0.7996337647 -0.2894426895 -0.3515581773
v -0.5017872893 0.7747126494 0.1171594702
v 0.1346561859 -0.7550580335 0.1118596621
v 0.01725411857 -0.7539948174 0.1840488073
v 0.1503323084 -0.6990498701 0.1365290038
v 0.03293024847 -0.697986654 0.2087181391
v -0.5138351399 -0.5067900603 -0.0397132279
v -0.5755439714 -0.5062311552 -0.001769207888
v -0.4981590076 -0.4507818578 -0.01504387847
v -0.559867839 -0.4502229918 0.02290014108
v 0.5569496735 -0.7276389008 -0.2187378388
v 0.8547961488 0.3365164381 0.2499797989
v -0.03339587303 -0.266130889 -0.891389848
v -0.8818241928 -0.2584470691 -0.3697013681
v 0.2644506097 0.7980244499 -0.4226721908
v -0.5839776783 0.8057082895 0.09901627935
v -0.3954692809 -0.7437419958 0.423036139
v 0.5826998451 -0.7526008247 -0.1784284346
v -0.09762278597 0.3204133627 0.8917538355
v 0.8805463596 0.3115545535 0.2902892129
v 0.5593279283 -0.7283376596 -0.2186627228
v 0.8571744036 0.335817699 0.2500549345
v -0.3913745595 -0.6891143529 0.2964101075
v -0.09352807432 0.3750409861 0.7651277256
v -0.881363001 -0.2649427799 -0.3552468103
v -0.02079114159 -0.2727365715 -0.8844022608
v -0.5835165649 0.7992125199 0.1134708274
v 0.2770553289 0.7914187871 -0.4156846035
v -0.535460199 -0.4771952275 -0.09316228537
v -0.5197840667 -0.4211870641 -0.0684929364
v 0.163314693 -0.8089897375 0.2160926834
v 0.09662438578 -0.808385755 0.2570997595
v 0.1789908155 -0.7529815742 0.2407620348
v 0.1123005181 -0.7523775916 0.2817690913
v -0.5270155263 -0.5186613218 -0.004385764027
v -0.5382293468 -0.5185597703 0.002509492375
v -0.511339394 -0.4626531584 0.02028358494
v -0.5225532144 -0.4625515678 0.02717884379
v -0.03997920526 -0.3197317773 -0.7655134097
v 0.2578672701 0.7444235225 -0.2967957916
v 0.07947179175 -0.762042096 0.1627828597
v 0.08750164256 -0.7621148622 0.1578454138
v 0.0951479241 -0.7060339327 0.1874522111
v 0.1031777651 -0.7061066988 0.1825147652
v -0.1058741662 -0.293880857 -0.7823312422
v 0.1919723091 0.7702744623 -0.3136136241
v 0.5802553253 -0.7537461279 -0.174274713
v -0.3906748608 -0.7449528591 0.4227387691
v 0.8781018398 0.3104091915 0.294442954
v -0.09282839525 0.3192024603 0.8914564263
v -0.3884536524 -0.7264322673 0.3792790075
v -0.3472290415 -0.726805654 0.3539304596
v -0.09060715749 0.3377230325 0.8479966256
v -0.04938257107 0.337349685 0.8226481561
v -0.0003632672169 -0.7497253475 0.185550559
v 0.1440013299 -0.7510327885 0.09678247005
v 0.01531286333 -0.6937171842 0.2102198908
v 0.1596774525 -0.6950246251 0.1214518215
v -0.5432667776 -0.5303763592 0.03253838138
v -0.5275906453 -0.4743681958 0.0572077279
v 0.1421526662 -0.7512378496 0.09842273391
v 0.001931799811 -0.7499679275 0.1846428815
v 0.1578287888 -0.6952296862 0.1230920755
v 0.01760792955 -0.6939597641 0.2093122329
v -0.06191557664 -0.2775012076 -0.8474524068
v -0.07649081739 -0.2773692063 -0.8384902642
v 0.2359308987 0.7866541314 -0.3787347104
v 0.221355658 0.7867861131 -0.3697725873
v -0.4348494774 -0.2020625621 -0.7817441
v -0.5159025916 -0.2013284973 -0.7319055509
v -0.419173345 -0.1460543792 -0.7570748074
v -0.5002264593 -0.1453203144 -0.7072361799
v -0.02460955824 -0.2980609749 -0.8244804689
v -0.07309508966 -0.2976218715 -0.7946673376
v 0.2732369269 0.766094364 -0.3557628312
v 0.2247513857 0.7665334674 -0.3259496412
v -0.6202940202 -0.4679386521 -0.06027041488
v -0.6046178878 -0.4119304888 -0.03560106591
v 0.5440959906 -0.7255841382 -0.2152350179
v 0.841942466 0.3385712008 0.2534826394
v -0.5417554896 -0.5181423636 0.003802525975
v -0.5242652164 -0.5183007416 -0.006952041319
v -0.5260793964 -0.4621341611 0.02847187739
v -0.508589084 -0.4622925782 0.0177173052
v -0.5520923565 -0.5418667537 0.06423388163
v -0.5364162241 -0.4858585903 0.08890323304
v 0.1223421103 -0.7721326232 0.1584498859
v 0.06415949018 -0.7716056365 0.1942256905
v 0.1380182426 -0.7161244599 0.1831192373
v 0.07983562252 -0.7155974731 0.2188950419
v 0.0837707421 -0.8063309923 0.2606025804
v 0.172266937 -0.8071325166 0.2061873221
v 0.09944686465 -0.7503228289 0.2852719122
v 0.1879430498 -0.7511242749 0.2308566736
v 0.1732821384 -0.8064644622 0.2040255642
v 0.0813924677 -0.8056322336 0.2605274448
v 0.1889582708 -0.7504562988 0.2286949157
v 0.09706860004 -0.7496240702 0.2851967962
v 0.1412870114 -0.7513816587 0.0992993252
v 0.003102696365 -0.7501301435 0.1842672233
v 0.1569631438 -0.6953734953 0.1239686766
v 0.01877882626 -0.6941219802 0.2089365747
v -0.5633381736 -0.5123892553 0.004455703051
v -0.5138687032 -0.512837288 -0.02596249883
v -0.5476620413 -0.4563810919 0.02912505446
v -0.4981925709 -0.4568291246 -0.001293148643
v -0.3071825922 -0.7178043476 0.3080468175
v -0.009336110111 0.3463509718 0.7767644357
v 0.5762098326 -0.7374452562 -0.208712715
v 0.8740563079 0.3267100436 0.2600049423
v -0.3469396218 -0.7224530787 0.3438646056
v -0.3975090439 -0.7219950984 0.3749591731
v -0.04909314643 0.3417022798 0.812582302
v -0.09966256852 0.3421602601 0.8436767912
v -0.7991127308 -0.2935334163 -0.34260187
v -0.5012662947 0.7706219227 0.1261157677
v -0.4104477903 -0.2394231258 -0.7124284249
v -0.465551468 -0.2389240628 -0.6785458719
v -0.3947716579 -0.1834149428 -0.6877590931
v -0.4498753356 -0.1829158994 -0.6538765009
v 0.07386285972 -0.7835206438 0.2151109277
v 0.1364437738 -0.7840874208 0.1766306543
v 0.08953898717 -0.7275124804 0.2397802791
v 0.1521199061 -0.7280792575 0.2013000057
v -0.4093923286 -0.6832065088 0.2944466354
v -0.1115458336 0.380948791 0.7631642927
v -0.7998561362 -0.2903859277 -0.3492754231
v -0.5020096217 0.7737694309 0.1194422341
v -0.3083056309 -0.717724062 0.3085781515
v -0.01045914449 0.346431277 0.7772958087
v -0.4048088441 -0.71625464 0.3665649432
v -0.351060857 -0.7167413665 0.3335159504
v -0.1069623492 0.3479007185 0.8352826005
v -0.05321439149 0.3474139529 0.8022336077
v -0.5545496436 -0.5384817568 0.05811022599
v -0.5388735113 -0.4824735934 0.0827795774
v -0.4713518077 -0.2128701179 -0.7340116964
v -0.4569819022 -0.2130002589 -0.7428476536
v -0.4556756754 -0.1568619545 -0.7093424037
v -0.4413057699 -0.1569920955 -0.7181782826
v -0.5277571301 -0.4813510051 -0.08862215027
v -0.5120809978 -0.4253428418 -0.06395280131
v -0.5189662895 -0.2114348271 -0.7070138084
v -0.4113883848 -0.2124091024 -0.7731621586
v -0.5032901572 -0.1554266441 -0.6823444374
v -0.3957122916 -0.1564009391 -0.7484927876
v -0.5333353334 -0.4781597119 -0.09232283594
v -0.517659201 -0.4221515486 -0.06765348453
v -0.08390576874 -0.2803840867 -0.8269335264
v -0.04829723725 -0.2807065801 -0.8488287759
v 0.2139407164 0.7837712131 -0.3582159083
v 0.2495492332 0.7834487392 -0.3801111578
v -0.3748513946 -0.7050838213 0.3221668586
v -0.4040484418 -0.704819388 0.3401197726
v -0.07700491927 0.3590714785 0.7908845159
v -0.1062019566 0.3593359118 0.8088373907
v 0.5718987709 -0.7340434973 -0.213696472
v 0.8697452462 0.3301118221 0.2550211853
v -0.5516324963 -0.5319347611 0.04139249589
v -0.535956364 -0.4759265586 0.06606183751
v -0.4168903755 -0.2084945732 -0.7785532768
v -0.5212429928 -0.2075494944 -0.7143880981
v -0.4012142431 -0.1524864098 -0.7538839058
v -0.5055668605 -0.151541331 -0.6897187271
v -0.5135465818 -0.5121628108 -0.02769846531
v -0.5650237009 -0.5116966061 0.003954187401
v -0.4978704494 -0.4561546474 -0.003029116341
v -0.5493475686 -0.4556884427 0.02862353881
v -0.5509952637 -0.5316602628 0.04036438514
v -0.5353191314 -0.4756520994 0.06503373165
v -0.4714787373 -0.2357528018 -0.6819792359
v -0.4107954464 -0.236302386 -0.7192927248
v -0.4558026441 -0.1797446384 -0.6573099041
v -0.3951193141 -0.1802942226 -0.6946233538
v -0.321372188 -0.7150836454 0.3108865774
v -0.02352571754 0.3490717132 0.7796041955
v 0.06411806478 -0.7708342683 0.1925007449
v 0.120831723 -0.7713479393 0.1576281923
v 0.07979419712 -0.7148261049 0.2171700963
v 0.1365078456 -0.715339776 0.1822975437
v 0.5557509118 -0.727323868 -0.2186913515
v 0.853597348 0.3368314905 0.2500263058
v -0.5506748264 -0.4858718276 -0.06379521882
v -0.5801359543 -0.4856050054 -0.04567993853
v -0.534998694 -0.4298636643 -0.03912587016
v -0.564459822 -0.429596842 -0.02101058926
v -0.5863732434 -0.4912228422 -0.02896201231
v -0.5330165409 -0.491706044 -0.06177041517
v -0.5706971111 -0.4352146397 -0.004292662122
v -0.5173404085 -0.4356978806 -0.0371010662
v -0.3688528082 -0.7069360293 0.3225601796
v -0.4064283414 -0.7065956968 0.3456649217
v -0.0710063427 0.3572193096 0.7912777978
v -0.1085818563 0.357559603 0.814382579
v 0.5545495653 -0.7270327251 -0.2185889776
v 0.8523960406 0.3371226334 0.2501286797
v 0.09454518497 -0.762948579 0.1552625286
v 0.07397800589 -0.7627623165 0.1679090355
v 0.1102213173 -0.7069404157 0.1799318801
v 0.08965413823 -0.7067541531 0.1925783869
v 0.08257745355 -0.8059928529 0.260593044
v 0.172801267 -0.8068099643 0.2051154704
v 0.09825358589 -0.7499846112 0.2852623758
v 0.1884773993 -0.750801801 0.2297848218
v -0.3527735248 -0.7152894898 0.3313078619
v -0.4059873582 -0.7148075413 0.3640284279
v -0.05492704944 0.3488658688 0.8000255583
v -0.1081408633 0.3493477977 0.832746046
v -0.3911058181 -0.7026246543 0.3269124807
v -0.392447449 -0.7026125136 0.3277374641
v -0.09325932322 0.3615306847 0.795630138
v -0.09460096387 0.3615428254 0.7964550822
v -0.08372830823 -0.3073324717 -0.7658639248
v 0.2141181671 0.7568228281 -0.297146248
v -0.05600856969 -0.3040341832 -0.7909666813
v -0.02910114013 -0.3042778598 -0.8075117778
v 0.2418379008 0.7601211166 -0.3222490632
v 0.2687453401 0.75987744 -0.3387941206
v -0.5828910031 -0.4869342605 -0.04091134689
v -0.5451941016 -0.4872756896 -0.06409072851
v -0.5672148707 -0.4309260971 -0.0162419964
v -0.5295179692 -0.4312674871 -0.03942137848
v -0.5548009571 -0.5349414758 0.05023223242
v -0.5391248247 -0.4789333125 0.07490157405
v -0.3938697179 -0.7240007498 0.3772001592
v -0.346608336 -0.724428809 0.3481396759
v -0.09602323278 0.3401545892 0.8459178164
v -0.0487618558 0.3397265691 0.8168573331
v 0.1703567276 -0.8079552676 0.2092691724
v 0.08737183448 -0.8072037162 0.2602956153
v 0.1860328599 -0.7519471042 0.2339385238
v 0.1030479668 -0.7511955528 0.2849649471
v -0.791032868 -0.2850596645 -0.3669746739
v -0.4931863535 0.779095694 0.1017429736
v -0.5213740346 -0.2065206248 -0.7166407158
v -0.4188278429 -0.2074493332 -0.7796952119
v -0.5056979022 -0.1505124419 -0.6919713839
v -0.4031517105 -0.1514411502 -0.7550258409
v 0.5650289489 -0.7304432567 -0.217504848
v 0.862875385 0.3337120431 0.2512128092
v -0.4052697226 -0.6851347727 0.2962047722
v -0.1074232472 0.3790205271 0.7649224295
v -0.4794069974 -0.2297379037 -0.690597208
v -0.41482919 -0.2303227548 -0.7303053222
v -0.4637308651 -0.1737297404 -0.665927837
v -0.3991530576 -0.1743145915 -0.7056360295
v -0.4074563102 -0.7082090846 0.3499811138
v -0.3645587436 -0.7085975885 0.3236039314
v -0.1096098349 0.3559462152 0.818698732
v -0.06671226334 0.3555577113 0.7923215887
v -0.62851358 -0.463987309 -0.06401822182
v -0.6128374476 -0.4079791456 -0.03934887224
v -0.553039883 -0.4725750859 -0.09248066565
v -0.5373637507 -0.4165669225 -0.06781131913
v -0.378086982 -0.6915573061 0.2935128162
v -0.08024049685 0.372598072 0.7622304734
v -0.3225497034 -0.7146990579 0.3107616452
v -0.02470321577 0.3494563203 0.7794792633
v -0.5779188581 -0.4849126303 -0.04866074308
v -0.5543259406 -0.4851263075 -0.06316775516
v -0.5622427258 -0.4289044669 -0.02399139351
v -0.5386498082 -0.4291181049 -0.03849840681
v -0.3677786263 -0.2535860903 -0.7073875868
v -0.4804918711 -0.252565308 -0.6380815459
v -0.352102494 -0.1975779269 -0.6827182158
v -0.4648157387 -0.1965571251 -0.6134122141
v -0.3570137002 -0.7315265246 0.370866214
v -0.368988628 -0.7314181195 0.3782294595
v -0.05916723465 0.3326287947 0.8395838713
v -0.07114215751 0.332737239 0.8469471168
v 0.133046176 -0.7943655422 0.202124617
v 0.09800970374 -0.7940482379 0.2236681373
v 0.1487223083 -0.7383573788 0.2267939684
v 0.1136858361 -0.7380400745 0.2483374887
v -0.04290659878 -0.2635335916 -0.8912430625
v -0.8773678337 -0.2559762704 -0.3781427903
v 0.2549398815 0.8006217865 -0.4225254052
v -0.5795213192 0.8081790489 0.09057487681
v -0.6324530565 -0.4611844805 -0.06787834291
v -0.6167769241 -0.405176278 -0.04320899379
v -0.3872109882 -0.6897582824 0.2952263455
v -0.08936450309 0.3743970565 0.7639439636
v -0.4870520257 -0.5270667525 -0.01069722429
v -0.4713758934 -0.4710585891 0.01397212467
v -0.5398171998 -0.4889937619 -0.06360684387
v -0.5849078161 -0.4885853629 -0.03588115796
v -0.5241410674 -0.4329855594 -0.03893749552
v -0.5692316838 -0.4325771995 -0.01121180838
v 0.1347078624 -0.7815140525 0.1718913571
v 0.07045092311 -0.7809321582 0.2114021841
v 0.1503839947 -0.7255058891 0.1965607086
v 0.08612705545 -0.7249239949 0.2360715355
v -0.5160401345 -0.5152337148 -0.01914194107
v -0.5563037466 -0.5148690616 0.005615687773
v -0.5003640022 -0.4592255514 0.005527407898
v -0.5406276142 -0.4588608982 0.03028503919
v 0.06946109977 -0.7800591994 0.210049235
v 0.1339586706 -0.7806432868 0.1703904475
v 0.08513723211 -0.724051036 0.2347185864
v 0.1496348029 -0.7246351234 0.1950597989
v 0.130160154 -0.7771529396 0.1648798213
v 0.06630360482 -0.77657457 0.2041444652
v 0.1458362863 -0.7211447762 0.1895491727
v 0.08197973227 -0.7205664067 0.2288138167
v -0.09821233672 -0.2995184716 -0.7744005931
v 0.1996341386 0.7646368478 -0.305682975
v -0.383948887 -0.7032262087 0.3237303127
v -0.3985241278 -0.7030941487 0.3326924162
v -0.08610242149 0.3609291694 0.7924479308
v -0.1006776524 0.3610611511 0.8014100734
v -0.5471843225 -0.5172049413 0.005123987525
v -0.5206242847 -0.5174454847 -0.01120746611
v -0.5315081901 -0.4611967387 0.02979333404
v -0.5049481524 -0.4614372822 0.01346188041
v 0.08255143906 -0.7619405837 0.160595293
v 0.08416140979 -0.7619551526 0.1596053521
v 0.0982275714 -0.7059324204 0.1852646444
v 0.09983754213 -0.7059469893 0.184274684
v -0.483440741 -0.2237582922 -0.7016098445
v -0.422757411 -0.2243078568 -0.7389232942
v -0.4677646086 -0.1677501092 -0.6769404735
v -0.4070812786 -0.1682996934 -0.7142539232
v -0.3466428393 -0.7237859761 0.3467022114
v -0.3951283609 -0.7233468727 0.3765153819
v -0.0487963786 0.3403693629 0.8154198687
v -0.09728189534 0.3408084859 0.845233
v -0.0255038809 -0.2953432296 -0.8300824445
v -0.07765463526 -0.2948709349 -0.7980155206
v 0.2723426042 0.7688120898 -0.3613647872
v 0.2201918499 0.769284404 -0.3292979025
v -0.8804314533 -0.2660826002 -0.3532510086
v -0.01944548299 -0.2738801319 -0.882661121
v -0.5825850171 0.798072778 0.1154666487
v 0.2784009936 0.790275207 -0.4139434246
v -0.3697160545 -0.2525408503 -0.7085295219
v -0.4806229128 -0.2515364189 -0.6403342027
v -0.3540399222 -0.1965326673 -0.6838601509
v -0.4649468196 -0.1955282359 -0.6156648317
v -0.5542799624 -0.5390322026 0.05918852992
v -0.53860383 -0.4830240001 0.08385788133
v -0.6235946976 -0.4665651029 -0.06129139417
v -0.6079186044 -0.4105569395 -0.03662204428
v -0.437254246 -0.2470604388 -0.6780548766
v -0.4228843405 -0.2471905798 -0.6868907555
v -0.4215781137 -0.1910522755 -0.6533855056
v -0.4072082082 -0.1911824164 -0.6622213845
v -0.5550233286 -0.5358846944 0.05251497677
v -0.5393471962 -0.479876531 0.07718432818
v -0.7984932394 -0.2877703996 -0.3560796068
v -0.5006468033 0.7763849394 0.1126380407
v -0.3752180452 -0.248626321 -0.7139206402
v -0.4828996162 -0.2476511058 -0.6477085315
v -0.3595419128 -0.1926181381 -0.6892513083
v -0.467223523 -0.1916429228 -0.6230391605
v 0.5727320178 -0.7345990735 -0.2129647178
v 0.8705784931 0.329556285 0.2557529394
v -0.4137965607 -0.6805387559 0.2911884506
v -0.1159500854 0.383616583 0.7599061079
v -0.02494747487 -0.2699656027 -0.8880522392
v -0.8827081958 -0.2621972675 -0.3606253374
v 0.2728990029 0.7941896971 -0.419334582
v -0.5848617204 0.8019580519 0.1080923199
v 0.5671538145 -0.7314077803 -0.2166653545
v 0.8650002507 0.3327475587 0.2520522831
v -0.6266482129 -0.4650545198 -0.06278069542
v -0.6109720806 -0.4090463173 -0.03811134615
v -0.4059390693 -0.7061090487 0.3442491539
v -0.370330533 -0.7064315226 0.3223538653
v -0.1080926038 0.3580462511 0.8129668112
v -0.07248405762 0.3577237772 0.7910715617
v -0.4286847194 -0.2211366154 -0.7423566975
v -0.4837883971 -0.2206375524 -0.7084740661
v -0.4130085871 -0.1651284324 -0.7176873265
v -0.4681122648 -0.164629389 -0.6838047343
v -0.5399874444 -0.4754715939 -0.0941987233
v -0.524311312 -0.4194634305 -0.06952937189
v 0.02684812348 -0.7591706919 0.1897033993
v 0.1353050892 -0.7601529175 0.1230145118
v 0.04252425338 -0.7031625286 0.2143727507
v 0.1509812215 -0.7041447541 0.1476838437
v -0.05130025588 -0.2797793208 -0.849025691
v -0.08271434047 -0.2794948161 -0.8297096061
v 0.2465462195 0.784375979 -0.3803080729
v 0.2151321349 0.7846605424 -0.3609919292
v -0.3517569526 -0.2589728613 -0.7053386204
v -0.4859633532 -0.2577574355 -0.6228167499
v -0.3360808203 -0.202964698 -0.6806692885
v -0.4702872209 -0.2017492525 -0.5981473789
v -0.8828392375 -0.2611683979 -0.3628779747
v -0.02688490799 -0.2689203627 -0.8891941744
v -0.5849927622 0.8029869606 0.1058396728
v 0.2709615747 0.7952349763 -0.4204765171
v -0.0820826202 -0.2912576724 -0.8034051506
v -0.02826776108 -0.2917450647 -0.8364952653
v -0.5771793691 -0.2867738205 -0.4989760407
v -0.1089900498 -0.2910139959 -0.7868600541
v -0.7870573608 -0.2848730495 -0.3699245621
v 0.2157638649 0.7728976469 -0.3346874934
v 0.2695787241 0.7724102939 -0.3677776276
v 0.1888564256 0.7731413235 -0.318142436
v -0.4892108855 0.7792822699 0.09879310501
v -0.4866356764 -0.5231936192 -0.01975514914
v -0.4709595441 -0.4671854559 0.004914202273
v -0.7936277764 -0.2854907198 -0.3643470638
v -0.4957812619 0.77866458 0.1043705935
v -0.3270887761 -0.7129642626 0.3097074367
v -0.02924229345 0.3511910959 0.7784250548
v 0.01908077716 -0.3150111024 -0.8137607377
v 0.3169272452 0.7491442366 -0.3450431
v -0.3780419046 -0.7297591452 0.380215999
v -0.3511344456 -0.7300028217 0.3636709417
v -0.08019540964 0.3343961742 0.8489336563
v -0.0532879605 0.3341524781 0.8323885598
v -0.5462000604 -0.5305584312 0.03481571135
v -0.530523928 -0.4745502679 0.05948505787
v 0.02759254219 -0.7597376256 0.1905175539
v 0.1356882473 -0.7607166398 0.1240507833
v 0.04326867208 -0.7037294623 0.2151869053
v 0.1513643796 -0.7047084764 0.1487201347
v 0.0149877777 -0.7531319628 0.183529947
v 0.1352271143 -0.7542208703 0.1095962059
v 0.03066390637 -0.6971237994 0.2081992985
v 0.1509032466 -0.6982127069 0.1342655573
v -0.5574634229 -0.4723124541 -0.09026604656
v -0.6005152945 -0.4719225403 -0.06379395334
v -0.5417872905 -0.4163042516 -0.06559670004
v -0.5848391622 -0.4159143769 -0.03912460331
v -0.02763602613 -0.3035079406 -0.8101908099
v -0.05905011072 -0.3032234163 -0.7908746466
v 0.2702104541 0.7606473984 -0.3414731526
v 0.2387963695 0.7609318835 -0.3221570089
v -0.4882658263 -0.5204117042 -0.02503524807
v -0.4725896939 -0.4644035408 -0.0003658991016
v -0.6084486851 -0.4711735345 -0.06045323103
v -0.5927725528 -0.415165332 -0.03578388206
v -0.5495300714 -0.4730614598 -0.09360676398
v -0.5338539391 -0.4170532965 -0.06893741502
v -0.3996192623 -0.6871699535 0.29723466
v -0.1017727772 0.3769854246 0.7659522781
v 0.5474492257 -0.7258231151 -0.2168232234
v 0.8452957402 0.3383322043 0.2518944339
v 0.1158635923 -0.7969411037 0.2188907534
v 0.1206895001 -0.7969848104 0.2159233591
v 0.1315397247 -0.7409329403 0.2435601049
v 0.1363656324 -0.740976647 0.2405927105
v 0.01894972808 -0.3139822329 -0.8160133554
v 0.3167962034 0.7501731453 -0.3472957177
v -0.4864557192 -0.5257285288 -0.01411442597
v -0.4707795869 -0.4697203263 0.01055492544
v 0.1090917481 -0.7665234415 0.1541350253
v 0.06636150346 -0.7661364259 0.1804093443
v 0.1247678804 -0.7105152782 0.1788043571
v 0.0820376309 -0.7101282625 0.2050786761
v -0.7998429772 -0.2913886359 -0.3470072966
v -0.5019964627 0.7727666835 0.1217103606
v -0.6179913121 -0.4687633613 -0.05986127416
v -0.6023151798 -0.4127551979 -0.03519192458
v 0.06954938454 -0.7641454217 0.1738632494
v 0.1018383078 -0.7644378179 0.1540091728
v 0.08522551688 -0.7081372583 0.1985326008
v 0.1175144402 -0.7084296545 0.1786785242
v 0.01667303208 -0.3100969197 -0.823387645
v 0.3145195197 0.7540584192 -0.3546700269
v -0.3106097879 -0.7174797589 0.30948765
v -0.01276330404 0.3466755801 0.7782052682
v -0.5313305436 -0.4791804746 -0.09127929959
v -0.5156544504 -0.4231723112 -0.06660995062
v 0.07787738859 -0.7860188179 0.2182316871
v 0.137384339 -0.7865577887 0.1816415714
v 0.09355352093 -0.7300106545 0.2429010385
v 0.1530604713 -0.7305496253 0.2063109228
v -0.03269573134 -0.2881318218 -0.841884817
v -0.08484648081 -0.2876595271 -0.8098179714
v 0.2651507391 0.7760235368 -0.3731671989
v 0.2129999847 0.776495851 -0.3411003142
v -0.4120043515 -0.233791425 -0.7242253145
v -0.4753017801 -0.2332181663 -0.685304469
v -0.3963282192 -0.177783242 -0.6995559435
v -0.4596256478 -0.1772099834 -0.660635098
v 0.12902191 -0.77628938 0.1636425617
v 0.0657244814 -0.7757161017 0.2025633875
v 0.1446980424 -0.7202812166 0.1883119131
v 0.08140061375 -0.7197079384 0.2272327389
v -0.1041310585 -0.2953074144 -0.7802001104
v 0.193715407 0.7688478854 -0.3114824727
v -0.4836642091 -0.222949738 -0.7033035179
v -0.4241572783 -0.2234886697 -0.7398936141
v -0.4679880767 -0.1669415746 -0.6786341469
v -0.4084811459 -0.1674804867 -0.7152242431
v -0.3153714672 -0.7166659372 0.3106658899
v -0.01752499797 0.3474893626 0.7793835472
v -0.0726191479 -0.311821689 -0.7627310638
v 0.2252273225 0.7523336499 -0.2940134457
v -0.799774284 -0.2899062898 -0.35041634
v -0.5019278087 0.7742490296 0.1183013074
v -0.3475371815 -0.721068172 0.3411002358
v -0.3996879554 -0.7205959361 0.3731671206
v -0.04969072084 0.3430871278 0.8098178931
v -0.1018414703 0.343559442 0.8418847387
v -0.4863871044 -0.5242461828 -0.01752346202
v -0.4707109721 -0.4682379803 0.007145886946
v -0.4481181779 -0.2450697088 -0.6756710605
v -0.415829235 -0.2453621246 -0.6955251372
v -0.4324420456 -0.1890615259 -0.6510017287
v -0.4001531419 -0.1893539416 -0.6708558054
v -0.5536605102 -0.5332691467 0.04571078331
v -0.5379843778 -0.4772609833 0.07038012493
v -0.5343840197 -0.4776698524 -0.09276862165
v -0.5187078874 -0.421661689 -0.06809927268
v 0.5605017035 -0.7287196623 -0.2185412762
v 0.858348218 0.3354356767 0.2501763811
v -0.4019277274 -0.6864129975 0.2969830724
v -0.1040812325 0.3777423414 0.7657007689
v -0.4126413882 -0.2433710813 -0.7020712712
v -0.4553716476 -0.2429840852 -0.6757969327
v -0.3969652559 -0.1873628983 -0.6774019002
v -0.4396955152 -0.1869759218 -0.6511276008
v 0.01360930849 -0.3202032299 -0.7984959026
v 0.3114557826 0.7439520699 -0.3297782453
v -0.4669693897 -0.2125227163 -0.7375853056
v -0.462143482 -0.212566423 -0.7405526608
v -0.4512932574 -0.1565145334 -0.7129159346
v -0.4464673497 -0.1565582401 -0.7158833681
v -0.7979642162 -0.2952231145 -0.3394955033
v -0.5001177017 0.768932244 0.1292221344
v -0.3659265358 -0.6948416523 0.293242195
v -0.06808004575 0.3693136867 0.7619598523
v -0.3281670703 -0.7124867005 0.309308437
v -0.03032059983 0.3516686385 0.7780261334
v -0.4819681076 -0.2487909065 -0.6457126711
v -0.3738724196 -0.2497698815 -0.7121794221
v -0.4662919752 -0.1927827235 -0.6210433393
v -0.3581962873 -0.1937616985 -0.6875100903
v -0.5487949688 -0.5309895061 0.03744334592
v -0.5331188364 -0.4749813427 0.06211269733
v -0.799594366 -0.2924411799 -0.3447755924
v -0.5017478907 0.7717141983 0.1239420453
v -0.5255256609 -0.4830505139 -0.08618167413
v -0.5098495285 -0.4270423114 -0.06151232271
v -0.3733335663 -0.7055042828 0.3221569502
v -0.4047476313 -0.7052197977 0.3414731134
v -0.07548707625 0.358651017 0.7908746466
v -0.1069011657 0.3589355413 0.8101907315
v -0.4991726816 -0.53076173 0.005393766669
v -0.5422245532 -0.5303718554 0.03186586234
v -0.4834965493 -0.4747535666 0.03006311808
v -0.5265484209 -0.4743636529 0.05653520885
v -0.4926023052 -0.5301440793 -0.0001836924372
v -0.4769261729 -0.4741359159 0.02448565408
v -0.6049388344 -0.4716598694 -0.06157934771
v -0.589262702 -0.415651706 -0.03690999844
v -0.08124920688 -0.2787248774 -0.8323886381
v -0.05434177732 -0.2789685735 -0.8489336563
v 0.2165972685 0.7854304224 -0.3636709808
v 0.2435047078 0.7851867459 -0.3802160382
v -0.3514121946 -0.7001802912 0.2961396822
v -0.05356571435 0.3639750086 0.7648573394
v -0.481506955 -0.2552866564 -0.6312580937
v -0.3612676221 -0.2563756031 -0.7051918348
v -0.4658308227 -0.1992784735 -0.6065887227
v -0.3455914897 -0.2003674201 -0.6805224638
v 0.5509590765 -0.7263095282 -0.2179493169
v 0.848805591 0.3378458303 0.2507683208
v -0.5294651766 -0.4802476462 -0.09004177564
v -0.5137890442 -0.4242394829 -0.06537242422
v -0.3503010421 -0.7174700463 0.334687415
v -0.4041159208 -0.7169826932 0.3677775297
v -0.3050082627 -0.7178802468 0.3068374033
v -0.1458045539 -0.7193220976 0.2089449557
v 0.543025725 -0.7255604833 -0.2146086337
v 0.5285232896 -0.3725816232 0.009902825366
v 0.3132638335 -0.3706321326 0.1422633135
v -0.05245458145 0.3466852927 0.8034050723
v -0.1062694455 0.3471726654 0.836495187
v -0.007161781288 0.3462750921 0.7755550606
v 0.8408722004 0.3385948557 0.2541090236
v 0.727860959 0.3396183402 0.3235982918
v 0.5126015225 0.3415678504 0.4559587897
v -0.4054987519 -0.7398073756 0.4204763996
v 0.5849927622 -0.7487777426 -0.188565077
v -0.1076522667 0.3243479829 0.8891940177
v 0.8828392375 0.3153775571 0.2801525705
v -0.1022700093 -0.296724827 -0.7781646946
v 0.195576466 0.7674305511 -0.3094470765
v 0.1396834537 -0.7517501108 0.1011548132
v 0.005477078261 -0.7505346262 0.183676713
v 0.1553595861 -0.6957419474 0.1258241548
v 0.02115320754 -0.6945264628 0.2083460644
v -0.3496693316 -0.7292329417 0.3609918705
v -0.3810833966 -0.7289483783 0.3803080337
v -0.0518228465 0.3349224168 0.8297095277
v -0.08323693108 0.3352069215 0.849025691
v -0.3302373613 -0.7114869295 0.3083542526
v -0.03239088844 0.3526683703 0.7770718707
v -0.4815849691 -0.24935457 -0.6446764388
v -0.373127996 -0.2503368152 -0.7113653654
v -0.4659088367 -0.1933464067 -0.6200070678
v -0.3574518637 -0.1943286518 -0.6866959944
v -0.3165770434 -0.7163975875 0.3108226231
v -0.01873056067 0.347757771 0.7795402803
v -0.06205311466 -0.3022961766 -0.7910715617
v -0.02644458317 -0.3026186896 -0.8129668112
v 0.2357933558 0.7618591232 -0.322353924
v 0.2714018922 0.7615366493 -0.3442491931
v -0.4877367638 -0.5278643995 -0.008451124933
v -0.4720606315 -0.4718562362 0.01621822648
v -0.06971974174 -0.3128281178 -0.7622885924
v 0.2281267287 0.7513272212 -0.2935709547
v 0.1375085173 -0.7888700135 0.1868121784
v 0.08240483954 -0.7883709113 0.2206947901
v 0.1531846496 -0.7328617718 0.2114815298
v 0.09808097188 -0.732362748 0.2453641219
v -0.5550101696 -0.5368874026 0.05478311305
v -0.5393340372 -0.4808792392 0.07945246447
v 0.5848617204 -0.7477489123 -0.1908176947
v -0.4074361409 -0.7387620965 0.4193345036
v 0.8827081958 0.3164064267 0.2778999528
v -0.1095896852 0.3253932033 0.8880521609
v 0.1366197559 -0.7618564601 0.126046585
v 0.02893816774 -0.7608812057 0.1922587132
v 0.1522958882 -0.7058482184 0.1507159364
v 0.04461429763 -0.7048730423 0.2169280646
v 0.5691586043 -0.732428543 -0.2156218574
v 0.8670050405 0.3317268156 0.2530957803
v 0.07660448024 -0.7623169469 0.1652288873
v 0.09097440529 -0.762447127 0.1563929888
v 0.09228061258 -0.7063087835 0.1898982387
v 0.1066505278 -0.7064389637 0.1810623402
v -0.624643384 -0.4660752433 -0.0617371811
v -0.6089672517 -0.4100670799 -0.03706783152
v -0.5549415156 -0.5354050566 0.05137405987
v -0.5392653833 -0.4793968932 0.07604341129
v -0.6302216264 -0.4628839892 -0.06543784474
v -0.614545494 -0.4068757867 -0.04076849516
v -0.4129381316 -0.7348476064 0.4139433854
v 0.5825849779 -0.74386356 -0.1981919941
v -0.1150916758 0.3293077326 0.8826610427
v 0.8804314533 0.3202917398 0.2705256436
v -0.4030604591 -0.6860049901 0.2967766406
v -0.105213974 0.3781503097 0.7654942978
v -0.0372552598 -0.2853808852 -0.8452330783
v -0.08574079368 -0.2849417818 -0.815419947
v 0.2605912229 0.7787744734 -0.3765154602
v 0.2121056817 0.7792135768 -0.3467022702
v 0.07647754579 -0.7851996699 0.2172613673
v 0.1371608611 -0.7857492149 0.179947898
v 0.09215367324 -0.7291915065 0.2419307187
v 0.1528369934 -0.7297410516 0.2046172494
v 0.1343430427 -0.7579711078 0.118672266
v 0.02343618442 -0.7569666372 0.1868675754
v 0.1500191751 -0.7019629444 0.1433416272
v 0.03911231432 -0.7009584739 0.2115369268
v -0.4304412897 -0.2475523936 -0.6812672399
v -0.4288313091 -0.2475669821 -0.6822571807
v -0.4147651573 -0.1915442303 -0.6565979081
v -0.4131551768 -0.1915587992 -0.6575878489
v -0.5790637305 -0.4852387856 -0.04719270588
v -0.5525036928 -0.485479329 -0.06352415951
v -0.5633875982 -0.4292306222 -0.02252335692
v -0.5368275605 -0.4294711657 -0.03885480917
v -0.311785306 -0.7173163679 0.3098636607
v -0.01393883308 0.3468389906 0.778581318
v -0.3547290466 -0.7138568033 0.3292978634
v -0.4068797814 -0.7133844891 0.3613647481
v -0.05688255171 0.3502985356 0.7980155206
v -0.1090333061 0.3507708303 0.8300823662
v -0.4167307834 -0.2285754076 -0.7330640915
v -0.4809877227 -0.2279934546 -0.6935532449
v -0.4010546511 -0.1725672247 -0.7083947205
v -0.4653115903 -0.1719852913 -0.6688839131
v -0.03385954921 -0.3056335504 -0.8014101518
v -0.04843478506 -0.3055015687 -0.7924480091
v 0.263986931 0.7585217494 -0.3326925141
v 0.2494116903 0.7586538094 -0.3237303714
v -0.4125834651 -0.2329329371 -0.725806353
v -0.4764400339 -0.2323546067 -0.6865417286
v -0.3969073328 -0.1769247541 -0.701136982
v -0.4607639015 -0.1763464434 -0.6618723576
v 0.5661051282 -0.7309179207 -0.2171111549
v 0.8639516035 0.3332374378 0.2516064828
v -0.4802385603 -0.2288642203 -0.6920523745
v -0.4157409992 -0.2294483469 -0.7317111423
v -0.4645624279 -0.172856057 -0.6673830035
v -0.4000648669 -0.1734401835 -0.7070417713
v -0.7991779776 -0.2885680466 -0.3538335491
v -0.5013315414 0.7755873315 0.1148841082
v -0.5433842687 -0.4878152087 -0.06401585976
v -0.5836478807 -0.4874505555 -0.03925823061
v -0.5277081364 -0.4318070454 -0.03934651049
v -0.5679717484 -0.4314423922 -0.01458888195
v -0.51478016 -0.5140989074 -0.02251902688
v -0.5598707763 -0.5136905475 0.005206662095
v -0.4991040276 -0.4580907049 0.002150322087
v -0.544194644 -0.457682345 0.02987600861
v -0.5531314086 -0.5407218812 0.06229488686
v -0.5374552762 -0.4847137179 0.08696423828
v 0.5795213192 -0.7539699093 -0.1733002321
v -0.3894770782 -0.7451941858 0.4225253661
v 0.8773677554 0.3101854297 0.2954174252
v -0.09163059308 0.3189611923 0.8912429842
v -0.4442895738 -0.2154593084 -0.7453300839
v -0.4793260461 -0.2151419845 -0.7237865244
v -0.4286134415 -0.1594511255 -0.7206607129
v -0.4636499137 -0.1591338212 -0.6991172317
v -0.5376847363 -0.4762963031 -0.09378959971
v -0.522008604 -0.4202881397 -0.06912025075
v -0.5453620747 -0.5175579629 0.004767583173
v -0.5217691571 -0.51777164 -0.009739429516
v -0.5296859424 -0.4615497995 0.02943693459
v -0.5060930248 -0.4617634766 0.0149299219
v 0.01806566998 -0.3177324312 -0.8069373247
v 0.3159121416 0.7464229077 -0.3382196478
v 0.01760452476 -0.3112367009 -0.8213918629
v 0.3154510087 0.7529186773 -0.3526742252
v -0.4951971745 -0.5305751541 0.002443922551
v -0.4795210421 -0.4745669908 0.02711327396
v 0.1342120108 -0.7569422774 0.1164196483
v 0.0214987611 -0.7559214364 0.1857256794
v 0.1498881333 -0.7009340357 0.14108899
v 0.037174891 -0.6999132731 0.2103950309
v -0.5547615584 -0.5379399662 0.05701480752
v -0.5390854261 -0.4819317636 0.08168414914
v -0.06782492362 -0.3001301107 -0.792321667
v -0.02492733739 -0.3005186146 -0.8186988886
v 0.2300215468 0.7640252675 -0.3236039901
v 0.2729191331 0.7636367636 -0.3499812118
v 0.574963487 -0.7362985431 -0.2105242123
v 0.8728099624 0.3278567763 0.2581934254
v 0.0685493052 -0.7791847523 0.2086434344
v 0.1331271469 -0.779769623 0.1689353007
v 0.08422543265 -0.7231765889 0.2333127858
v 0.1488032793 -0.7237614596 0.1936046521
v -0.06339504903 -0.2773096383 -0.8469471951
v -0.075369967 -0.2772011745 -0.8395839496
v 0.2344514312 0.7868457202 -0.3782295378
v 0.2224765035 0.7869541253 -0.3708662924
v 0.07254793851 -0.8020581543 0.2580332654
v 0.1750941645 -0.8029868823 0.1949788084
v 0.08822406595 -0.746049991 0.2827026168
v 0.1907702968 -0.7469787189 0.2196481598
v -0.4336516948 -0.2023038301 -0.7819575422
v -0.5166365977 -0.2015522591 -0.7309310798
v -0.4179755624 -0.1462956472 -0.7572881712
v -0.5009604653 -0.1455440958 -0.7062617088
v 0.5710240105 -0.7334956755 -0.2143843432
v 0.8688704858 0.3306596243 0.2543333141
v -0.5190811175 -0.2026976211 -0.7267773778
v -0.4288573138 -0.2035147325 -0.782254873
v -0.5034049851 -0.1466894382 -0.7021080068
v -0.4131811815 -0.1475065692 -0.7575855803
v -0.0857752969 -0.2842989684 -0.8168574115
v -0.03851392236 -0.2847269885 -0.8459178164
v 0.2120711784 0.7798564097 -0.3481397542
v 0.2593325603 0.7794283505 -0.3772001983
v -0.6225185183 -0.4670397277 -0.06089772923
v -0.606842386 -0.4110315644 -0.03622837965
v -0.5544939137 -0.5154086199 0.005690563871
v -0.5167970122 -0.5157500098 -0.01748881928
v -0.5388177813 -0.4594004173 0.03035991039
v -0.5011208798 -0.4597418465 0.007180532133
v -0.03993619128 -0.3061152247 -0.7964551605
v -0.04127783437 -0.306103084 -0.7956302163
v 0.2579102914 0.7580401142 -0.3277375228
v 0.256568641 0.758052255 -0.3269125591
v -0.0263963237 -0.293920197 -0.8327461244
v -0.07961012284 -0.2934382681 -0.8000255583
v 0.2714501614 0.770235142 -0.3640284671
v 0.2182363672 0.7707170905 -0.3313079402
v 0.01798769383 -0.311800384 -0.8203555914
v 0.3158341667 0.752354955 -0.3516379537
v -0.4032825173 -0.7044498394 0.3387940814
v -0.3763750583 -0.7046935942 0.3222489849
v -0.1054360419 0.3597054604 0.8075116995
v -0.07852859769 0.3594617839 0.7909666813
v -0.02595531107 -0.3021320023 -0.8143826573
v -0.06353084427 -0.3017917089 -0.7912778761
v 0.2718911643 0.7620232975 -0.345665
v 0.2343156311 0.76236363 -0.322560258
v -0.4202579054 -0.2467451711 -0.6895709624
v -0.4408250746 -0.2465589085 -0.6769244556
v -0.404581773 -0.1907370077 -0.6649016306
v -0.4251489423 -0.1905507255 -0.6522550846
v -0.3141690437 -0.7169089871 0.3104535052
v -0.0163225647 0.3472463714 0.7791711233
v -0.5666714744 -0.5109782264 0.003370241955
v -0.5133147718 -0.5114614672 -0.0294381609
v -0.5509953421 -0.454970063 0.02803959337
v -0.4976386395 -0.4554532647 -0.004768811934
v -0.5195520609 -0.517079265 -0.01272023499
v -0.5490131889 -0.5168124427 0.00539504928
v -0.5038759286 -0.4610711016 0.01194911398
v -0.5333370566 -0.4608042793 0.0300643958
v -0.467111554 -0.2381596265 -0.6792900605
v -0.4103978957 -0.2386732584 -0.7141625935
v -0.4514354216 -0.1821514436 -0.6546206895
v -0.3947218025 -0.1826650755 -0.6894932617
v 0.1749631227 -0.8019580519 0.1927261907
v 0.07061051519 -0.8010129535 0.2568913694
v 0.1906392551 -0.7459498886 0.2173955421
v 0.08628664753 -0.7450047902 0.2815607209
v 0.06451557633 -0.7732051603 0.1976307979
v 0.1251988965 -0.7737547053 0.1603173482
v 0.08019170377 -0.7171969969 0.2223001493
v 0.1408750289 -0.717746542 0.1849866996
v -0.6120391739 -0.4704502985 -0.05981360214
v -0.5963630416 -0.4144421351 -0.03514425256
v -0.6132404812 -0.4701591947 -0.05971119274
v -0.5975643489 -0.4141509922 -0.03504184316
v -0.5346643143 -0.4909876642 -0.06235435939
v -0.5861414335 -0.4905214595 -0.0307017079
v -0.518988182 -0.4349794617 -0.03768501042
v -0.5704653012 -0.434513257 -0.006032357715
v -0.0283352279 -0.3039083111 -0.8088374691
v -0.05753226769 -0.3036439169 -0.7908845159
v 0.269511245 0.7602469887 -0.3401198118
v 0.2403142174 0.760511422 -0.3221668978
v -0.38408643 -0.7280211385 0.3801111186
v -0.3484778936 -0.7283436908 0.35821583
v -0.08623995461 0.3361341808 0.8488287759
v -0.05063140353 0.3358116873 0.8269335264
v -0.4863739063 -0.525248891 -0.01525534287
v -0.4706977739 -0.4692407276 0.00941400365
v 0.06510853922 -0.7970984634 0.2515002316
v 0.1726864194 -0.7980726996 0.1853518815
v 0.08078467156 -0.7410903001 0.276169583
v 0.1883625517 -0.7420645363 0.2100212329
v -0.4871173116 -0.5221013828 -0.02192887643
v -0.4714411793 -0.4660932194 0.00274047498
v 0.1107020321 -0.7965072482 0.2211857267
v 0.1250719474 -0.7966374284 0.2123498282
v 0.1263781645 -0.7404990849 0.2458550781
v 0.1407480797 -0.740629265 0.2370191796
v -0.6293883403 -0.4634394872 -0.06470609304
v -0.613712208 -0.4074313238 -0.0400367427
v -0.02757480103 -0.2924731179 -0.8352826788
v -0.08132278079 -0.2919863522 -0.8022336077
v 0.270271667 0.7716822407 -0.3665649824
v 0.2165236994 0.7721689671 -0.3335159896
v -0.4827236536 -0.2254201254 -0.6982925617
v -0.4201427249 -0.2259868829 -0.7367728155
v -0.4670475213 -0.1694119425 -0.6736231907
v -0.4044665926 -0.1699787195 -0.7121034445
v -0.3570746781 -0.6978977524 0.294555628
v -0.05922818316 0.3662576257 0.7632732461
v 0.1192715979 -0.7705834639 0.1568839254
v 0.06416792017 -0.7700844401 0.1907665175
v 0.1349477302 -0.7145753006 0.1815532768
v 0.07984405251 -0.7140761984 0.2154358689
v -0.3984489335 -0.6875171006 0.29727915
v -0.1006024483 0.3766382384 0.7659968464
v -0.03487461845 -0.2867326594 -0.8436768696
v -0.08544404053 -0.2862746791 -0.812582302
v 0.2629718667 0.7774226991 -0.3749592123
v 0.2124024446 0.7778806794 -0.3438646643
v -0.5858193121 -0.4898469823 -0.03243766642
v -0.5363498416 -0.490295015 -0.0628558677
v -0.5701431797 -0.4338388189 -0.00776831807
v -0.5206737093 -0.4342868125 -0.03818651904
v -0.4276723378 -0.203875254 -0.7821893913
v -0.5195620477 -0.2030430645 -0.7256875303
v -0.4119962054 -0.1478670906 -0.7575200203
v -0.5038859153 -0.1470348816 -0.7010181594
v -0.5185468071 -0.2023750689 -0.7278492099
v -0.4300505926 -0.2031765344 -0.7822645073
v -0.5028706748 -0.1463668859 -0.7031798389
v -0.4143744603 -0.1471683515 -0.7575951363
v -0.037088584 -0.3200694075 -0.7665837536
v 0.2607579036 0.7440859314 -0.2978661159
v -0.3493825359 -0.2593773636 -0.7059291306
v -0.4875668717 -0.2581258876 -0.620961213
v -0.3337064427 -0.2033692002 -0.6812597596
v -0.4718907394 -0.2021177242 -0.5962918811
v -0.5754227597 -0.4843835287 -0.05144815025
v -0.5579324865 -0.4845419067 -0.06220271754
v -0.5597466274 -0.4283753654 -0.02677880006
v -0.5422563542 -0.4285337434 -0.03753336858
v -0.5543452483 -0.5340668329 0.04795686064
v -0.5386691159 -0.4780586304 0.07262621206
v -0.3592885629 -0.7111058668 0.325949602
v -0.4077740845 -0.7106667634 0.3557627725
v -0.06144208262 0.3530494722 0.7946672593
v -0.1099275994 0.3534885756 0.8244803906
v -0.4104393701 -0.2379018706 -0.7158875978
v -0.4686219804 -0.2373749426 -0.6801117933
v -0.3947632377 -0.1818936877 -0.6912182268
v -0.452945848 -0.1813667597 -0.6554424223
v -0.6336994021 -0.4600377282 -0.06968988186
v -0.6180232697 -0.4040295257 -0.04502053259
v -0.3558928351 -0.7313585124 0.3697725286
v -0.3704680759 -0.7312265307 0.3787346712
v -0.05804636957 0.332796807 0.8384901858
v -0.07262160543 0.3329288083 0.8474523285
v 0.1696227215 -0.8081790489 0.2102436436
v 0.08856962686 -0.8074449646 0.2600822319
v 0.1852988343 -0.7521708856 0.234912995
v 0.1042457592 -0.7514368012 0.2847515833
v -0.6015855992 -0.4718988854 -0.06316753486
v -0.5859094669 -0.4158907221 -0.03849818498
v 0.5628044116 -0.7295443715 -0.218132133
v 0.8606508869 0.3346109675 0.2505855047
v -0.3482116587 -0.2595396188 -0.7063047888
v -0.488432507 -0.2582697163 -0.620084651
v -0.3325355264 -0.2035314554 -0.6816354178
v -0.4727563746 -0.2022615333 -0.5954152801
v -0.08515460121 -0.2819220843 -0.8226481561
v -0.04393002458 -0.2822954319 -0.8479967039
v 0.2126918839 0.7822332547 -0.353930538
v 0.2539164557 0.7818598679 -0.3792790467
v -0.8781018398 -0.2562000322 -0.3771682799
v -0.04170879172 -0.2637748596 -0.8914564263
v -0.5802553644 0.8079552676 0.09154935777
v 0.2561376836 0.8003804598 -0.4227388082
v -0.4337814833 -0.2473926841 -0.6795073016
v -0.4257516716 -0.2474654111 -0.6844447475
v -0.4181053901 -0.1913845207 -0.6548379697
v -0.4100755393 -0.1914572281 -0.6597754157
v -0.4902811902 -0.2584747578 -0.6184443578
v -0.3459165876 -0.2597821988 -0.7072124467
v -0.4746050579 -0.2024665749 -0.593775026
v -0.3302404553 -0.2037740158 -0.6825431149
v -0.5614586293 -0.4841245 -0.06090968517
v -0.5726724498 -0.4840229485 -0.05401442877
v -0.545782497 -0.4281163366 -0.03624033559
v -0.5569963174 -0.4280147852 -0.0293450798
v -0.4429042755 -0.2011217522 -0.778761706
v -0.5095945728 -0.2005177696 -0.7377545711
v -0.4272281431 -0.1451135888 -0.754092335
v -0.4939184405 -0.1445096062 -0.7130852785
v -0.4865962777 -0.5261921096 -0.01297259607
v -0.4709201454 -0.4701839462 0.01169675289
v -0.4115925452 -0.7359911081 0.4156845643
v 0.5835165257 -0.7450033803 -0.196196212
v -0.1137460601 0.3281641917 0.8844021824
v 0.881363001 0.3191519587 0.2725214453
v -0.3460067816 -0.7026328004 0.2982728897
v -0.04816031117 0.3615224994 0.7669905078
v -0.8805463596 -0.2573453942 -0.3730145779
v -0.03691439855 -0.264985762 -0.8917538355
v -0.5826998842 0.8068099643 0.09570307933
v 0.2609320841 0.7991695965 -0.4230362174
v 0.5839776783 -0.7514990715 -0.1817416346
v -0.3989877868 -0.7425968493 0.4226721516
v 0.8818241144 0.3126562283 0.2869760031
v -0.1011413115 0.3215584897 0.891389848
v -0.5241440439 -0.4964531151 -0.0566309641
v -0.5858528754 -0.4958942491 -0.01868694455
v -0.5084679115 -0.4404449126 -0.03196161452
v -0.570176743 -0.4398860466 0.005982406864
v -0.3635339862 -0.2555127485 -0.7057106755
v -0.4809360266 -0.2544494932 -0.6335215205
v -0.3478578539 -0.1995045655 -0.6810413045
v -0.4652598942 -0.1984413102 -0.6088521887
v -0.4646053122 -0.2124955563 -0.7391491905
v -0.4107904335 -0.2129829485 -0.7722393052
v -0.5184201517 -0.2120081836 -0.7060590758
v -0.4489291798 -0.1564873929 -0.7144798195
v -0.3951143011 -0.1569747656 -0.7475699342
v -0.5027440194 -0.1560000203 -0.6813897048
v -0.385428335 -0.7030346199 0.3242355244
v -0.3974032627 -0.7029261365 0.3315987307
v -0.0875818694 0.361120719 0.7929531425
v -0.09955678736 0.3612291633 0.800316388
v -0.07547652653 -0.3107663448 -0.7633114699
v 0.2223699586 0.7533890333 -0.294593793
v -0.3898582193 -0.7258550727 0.3788610525
v -0.3469606527 -0.7262435766 0.3524838309
v -0.09201172441 0.3383002467 0.8475786706
v -0.04911415776 0.3379117428 0.821201449
v -0.7891111052 -0.284910255 -0.368535034
v -0.4912646299 0.7792450644 0.1001826135
v -0.6144392429 -0.4698441228 -0.05966470298
v -0.5987631106 -0.4138359594 -0.03499535402
v -0.6168174977 -0.4691454032 -0.05973984833
v -0.6011413654 -0.4131372007 -0.03507049936
v -0.4078085877 -0.7100239304 0.3543253081
v -0.3605472058 -0.7104519896 0.3252648247
v -0.1099621222 0.354131389 0.8230429262
v -0.06270074028 0.3537033689 0.7939825212
v -0.4904020103 -0.5294733226 -0.003104729206
v -0.4747258779 -0.4734651593 0.02156461976
v -0.4353429791 -0.2183180039 -0.7445248782
v -0.4826819051 -0.2178892789 -0.7154167718
v -0.4196668468 -0.162309821 -0.7198555855
v -0.4670057728 -0.161881096 -0.69074744
v -0.555297357 -0.4723878442 -0.09147129473
v -0.5396212246 -0.4163796417 -0.06680194576
v -0.4108481216 -0.7365581201 0.4164986993
v 0.5838997033 -0.7455670242 -0.1951599307
v -0.1130016267 0.3275972384 0.8852163174
v 0.8817461787 0.3185882756 0.2735577168
v -0.4897647385 -0.5291988243 -0.004132857094
v -0.4740886062 -0.4731906609 0.02053649432
v -0.3619694747 -0.7318402259 0.3747275198
v -0.3633111448 -0.7318280851 0.3755525032
v -0.06412301409 0.3323151131 0.8434451771
v -0.06546465474 0.3323272734 0.8442701213
v -0.3484296439 -0.7196451981 0.338436556
v -0.4016434381 -0.7191632496 0.3711570828
v -0.05058316365 0.3445101604 0.8071542133
v -0.1037969726 0.3449920893 0.8398747793
v -0.4103471787 -0.6826918978 0.2938849105
v -0.1125006838 0.3814634803 0.7626025286
v -0.3479886215 -0.7278569643 0.3568000231
v -0.3855641155 -0.7275167101 0.3799047651
v -0.05014213144 0.3362983551 0.8255176803
v -0.08771764995 0.3366386484 0.8486224615
v -0.03863243661 -0.3060910607 -0.7973385369
v -0.0426540174 -0.3060546385 -0.7948657409
v 0.2592140314 0.7580643174 -0.3286208796
v 0.2551924677 0.7581006613 -0.3261480641
v -0.4151015343 -0.2095811504 -0.7772231209
v -0.5208774389 -0.2086231868 -0.7121827118
v -0.399425402 -0.1535729871 -0.7525537499
v -0.5052013065 -0.1526150234 -0.68751338
v -0.06974785148 -0.2768890594 -0.8438651686
v 0.1359519462 -0.7832382735 0.1750153084
v 0.07265452252 -0.7826649953 0.2139361538
v 0.1516280786 -0.7272301101 0.1996846598
v 0.08833064996 -0.7266568319 0.2386055052
v -0.4868475912 -0.5226518286 -0.02085059209
v -0.4711714589 -0.4666436652 0.003818759328
v -0.397271516 -0.6878423159 0.2972693199
v -0.09942504068 0.376313023 0.7659869772
v 0.06429209847 -0.7723965866 0.1959371245
v 0.1237990488 -0.7729355574 0.1593470088
v 0.07996822591 -0.7163884232 0.220606476
v 0.1394751714 -0.716927394 0.1840163602
v -0.5179602915 -0.2020761715 -0.7289004419
v -0.4312493543 -0.202861482 -0.7822179808
v -0.5022841592 -0.1460680082 -0.7042311493
v -0.4155732219 -0.1468532991 -0.7575486098
v -0.4912597344 -0.2585354811 -0.6176846604
v -0.3447979549 -0.2598619165 -0.7077422533
v -0.4755836021 -0.2025273178 -0.5930153285
v -0.3291218225 -0.2038537531 -0.6830729214
v -0.0247200684 -0.2974018694 -0.8259066542
v -0.07430919372 -0.2969527597 -0.7954148943
v 0.2731264069 0.7667534891 -0.3571890165
v 0.2235372914 0.7672025401 -0.3266972566
v 0.09983813938 -0.7945165574 0.2235695623
v 0.1321270627 -0.7948089536 0.2037154857
v 0.1155142717 -0.738508394 0.2482389137
v 0.147803195 -0.7388007902 0.2283848371
v -0.3960897514 -0.6881448163 0.2972051698
v -0.09824325646 0.3760105226 0.765922827
v -0.5142801962 -0.5134831757 -0.02423460008
v -0.5616191222 -0.5130544507 0.004873540562
v -0.4986040638 -0.4574750124 0.0004347513331
v -0.5459429898 -0.4570462874 0.02954288708
v -0.3503685212 -0.7296332731 0.3623452113
v -0.3795655683 -0.7293689181 0.3802981253
v -0.05252205071 0.3345220267 0.8310628686
v -0.08171908806 0.33478646 0.8490158217
v -0.7994348131 -0.2889962625 -0.3526981347
v -0.5015883378 0.7751590373 0.1160195128
v -0.4324507008 -0.2025703391 -0.7821156069
v -0.517323059 -0.2018016927 -0.7299285674
v -0.4167745684 -0.1465621561 -0.7574462359
v -0.5016469266 -0.1457935098 -0.7052592747
v -0.3248589713 -0.7138688658 0.310344356
v -0.02701248374 0.3502864536 0.7790620132
v -0.8800120101 -0.2570228224 -0.3740864492
v -0.03810769934 -0.2646475639 -0.8917633914
v -0.5821655347 0.8071325166 0.09463121783
v 0.2597387858 0.7995078142 -0.4230457733
v -0.07866157314 -0.294157901 -0.7989945348
v -0.02591371677 -0.2946356199 -0.8314285792
v 0.219184912 0.7699974183 -0.3302768775
v 0.2719327561 0.7695196995 -0.3627109219
v 0.01200574959 -0.320571682 -0.7966404048
v 0.3098522249 0.7435836962 -0.3279227475
v -0.8810272898 -0.257690818 -0.3719246913
v -0.03572943718 -0.2653462835 -0.8916882754
v -0.5831807753 0.8064645405 0.09679294634
v 0.2621170406 0.7988090555 -0.4229706573
v 0.1353149291 -0.7928179494 0.1971693712
v 0.09258467954 -0.7924309337 0.2234436902
v 0.1509910614 -0.736809786 0.2218387226
v 0.1082608119 -0.7364227704 0.2481130416
v -0.4033560667 -0.717711373 0.3689490335
v -0.3496081188 -0.7181980994 0.3359000407
v -0.1055095816 0.3464440052 0.8376666516
v -0.05176162384 0.3459572395 0.8046177371
v -0.4893048784 -0.5192668317 -0.02697424283
v -0.473628746 -0.4632586684 -0.002304893866
v -0.5365613256 -0.4767370122 -0.09350289206
v -0.5208851933 -0.4207288488 -0.06883354065
v -0.4728180575 -0.2349193787 -0.6830203637
v -0.411109226 -0.2354782447 -0.7209643882
v -0.4571419251 -0.1789112153 -0.6583510319
v -0.3954330936 -0.1794700813 -0.6962950564
v -0.7900897278 -0.2849709783 -0.367775317
v -0.4922432133 0.7791843606 0.1009423207
v 0.08098693738 -0.7619695649 0.1616553368
v 0.08581284509 -0.7620132716 0.1586879425
v 0.09666306972 -0.7059614015 0.1863246882
v 0.1014889774 -0.7060051082 0.1833572939
v -0.6156325608 -0.4695059442 -0.05967426871
v -0.5999564285 -0.4134977417 -0.03500491852
v -0.7919383327 -0.2851760199 -0.3661350825
v -0.4940918574 0.7789792995 0.1025825748
v -0.394906381 -0.6884238969 0.2970868171
v -0.09705992528 0.3757314421 0.7658044743
v -0.3569079191 -0.712457641 0.3275058108
v -0.4074773411 -0.7119996607 0.3586003392
v -0.0590614584 0.351697698 0.7962234681
v -0.1096308756 0.3521556978 0.8273180356
v 0.01114011066 -0.3207154911 -0.7957638429
v 0.3089865897 0.7434398087 -0.327046166
v -0.5211287915 -0.2050829058 -0.720060725
v -0.4219713564 -0.2059809294 -0.7810314774
v -0.5054526591 -0.1490747229 -0.6953913931
v -0.406295224 -0.1499727465 -0.7563621064
v -0.4981304964 -0.5307572262 0.004721272098
v -0.4824543641 -0.4747490628 0.02939062351
v -0.4355034328 -0.2472479742 -0.6787416512
v -0.4242896124 -0.2473495257 -0.6856369297
v -0.4198273005 -0.1912397913 -0.6540723194
v -0.4086134801 -0.1913413427 -0.6609675587
v -0.5541787242 -0.4724675815 -0.09200112084
v -0.5385025919 -0.416459379 -0.06733176942
v -0.5712104297 -0.4839070632 -0.05520659993
v -0.5631805789 -0.4839797901 -0.06014405198
v -0.5555342974 -0.4278988998 -0.03053725096
v -0.5475044465 -0.4279716268 -0.0354747024
v -0.3177828153 -0.7161044081 0.3109231955
v -0.01993633265 0.3480509505 0.7796408527
v 0.009291432897 -0.3209205522 -0.7941235888
v 0.3071379064 0.7432348259 -0.325405912
v -0.6108381408 -0.4707168466 -0.0599717011
v -0.5951620084 -0.4147086441 -0.03530235152
v -0.05096138218 -0.2625927817 -0.8882605901
v -0.871059815 -0.2551655427 -0.3839918105
v 0.246885103 0.8015625769 -0.419542972
v -0.5732133005 0.8089898159 0.08472581745
v -0.5518836531 -0.4727101223 -0.09290879343
v -0.5362075208 -0.4167019589 -0.06823944446
v -0.3384978863 -0.7065762716 0.3024544371
v -0.04065141834 0.3575790674 0.7711720943
v 0.174079061 -0.8057082895 0.2018022802
v 0.07905894762 -0.8048477063 0.260229037
v 0.1897551933 -0.7497000478 0.2264716316
v 0.09473507996 -0.748839543 0.2848983884
v 0.173617928 -0.7992125199 0.1873476832
v 0.06645416477 -0.7982419651 0.253241391
v 0.1892940603 -0.7432043566 0.2120170151
v 0.08213029711 -0.7422338018 0.2779107424
v -0.7928040071 -0.2853198486 -0.3652584814
v -0.4949575318 0.7788354904 0.1034591661
v -0.3060825818 -0.7178564353 0.3074660982
v -0.008236108267 0.3462988841 0.7761837946
v 0.01863657758 -0.316895268 -0.8092007515
v 0.3164830505 0.747260071 -0.3404830943
v -0.4390296148 -0.2468305675 -0.6774486225
v -0.4215393024 -0.2469889651 -0.6882032094
v -0.4233534825 -0.1908223846 -0.6527792907
v -0.4058631701 -0.1909807821 -0.6635338384
v -0.879885433 -0.2666559567 -0.3522962759
v -0.01884751817 -0.274453978 -0.8817382676
v -0.5820389185 0.7974993431 0.1164213715
v 0.2789989645 0.7897013805 -0.4130206103
v -0.528340121 -0.4939975512 -0.05953957007
v -0.5865227313 -0.4934706036 -0.02376376797
v -0.5126639886 -0.4379893486 -0.03487022049
v -0.5708465989 -0.4374624402 0.0009055822245
v -0.5374098072 -0.6100631695 0.2097338693
v -0.4835948893 -0.6105505225 0.176643735
v -0.4891782621 -0.5288999661 -0.005184098908
v -0.4735021298 -0.4728917635 0.01948525251
v -0.4881630215 -0.5282319508 -0.0073458519
v -0.4724868892 -0.4722237483 0.01732349951
v -0.3094489563 -0.7176157352 0.3090588075
v -0.01160247852 0.3465395646 0.777776504
v -0.4071879214 -0.7076470855 0.3485345243
v -0.3659633105 -0.7080203938 0.3231860156
v -0.1093414363 0.3565082535 0.8172521815
v -0.06811684984 0.356134906 0.7919036337
v -0.550712776 -0.4728723775 -0.09328446632
v -0.5350366436 -0.4168642141 -0.06861511735
v -0.1074951126 -0.2924485818 -0.7845529989
v 0.1903513627 0.7717067572 -0.3158353808
v -0.4606122597 -0.2410774788 -0.6767954895
v -0.4111427893 -0.2415254919 -0.7072137
v -0.4449361273 -0.1850692958 -0.6521261185
v -0.3954666569 -0.1855173286 -0.682544329
v -0.5442783368 -0.5304090217 0.03325535613
v -0.5286022045 -0.4744008584 0.05792470754
v 0.06719857858 -0.7988088988 0.2540555455
v 0.1740010861 -0.7997761639 0.1883839547
v 0.08287470603 -0.7428007355 0.278724897
v 0.1896772184 -0.7437680005 0.2130533061
v -0.5142384477 -0.5059523488 -0.0413587944
v -0.5768193373 -0.5053856109 -0.002878539259
v -0.4985623153 -0.4499441854 -0.01668944411
v -0.5611432049 -0.4493774084 0.02179080971
v -0.8823426418 -0.2632709599 -0.3584199512
v -0.02315859946 -0.2710521799 -0.886722005
v -0.5844961665 0.8008843399 0.1102976963
v 0.2746878832 0.7931031395 -0.4180043869
v -0.333090006 -0.7098941419 0.3065507642
v -0.03524353316 0.3542611579 0.7752683823
v -0.07053631956 -0.2989128246 -0.7933623248
v -0.02461658078 -0.2993287039 -0.821597864
v 0.2273101656 0.7652424752 -0.3246446871
v 0.273229897 0.7648266351 -0.3528801871
v -0.1002955224 -0.2981296289 -0.7762300078
v 0.1975509627 0.7660257492 -0.3075123897
v -0.4142682483 -0.2101366679 -0.7764913863
v -0.5206077968 -0.2091735934 -0.7111044569
v -0.398592116 -0.154128485 -0.7518220153
v -0.5049316645 -0.15316543 -0.686435125
v 0.5451917518 -0.7256359126 -0.2158138574
v 0.8430382663 0.3385194655 0.2529037999
v -0.521351163 -0.2060261048 -0.7177780296
v -0.4198464515 -0.2069453943 -0.7801920426
v -0.5056750306 -0.1500179414 -0.6931086586
v -0.4041703192 -0.1509372113 -0.7555226716
v -0.8794254945 -0.2567239446 -0.3751376813
v -0.03930646836 -0.2643325115 -0.8917169433
v -0.5815790192 0.8074314139 0.09357995643
v 0.2585400045 0.799822847 -0.422999286
v 0.008312868506 -0.3209812559 -0.793363813
v 0.3061593426 0.7431740439 -0.3246461949
v -0.462297787 -0.24038481 -0.6772970199
v -0.410820707 -0.2408510147 -0.7089496701
v -0.4466216546 -0.1843766466 -0.6526276489
v -0.3951445747 -0.1848428513 -0.6842802991
v -0.0405078075 -0.2640413686 -0.8916145694
v -0.8787883011 -0.2564494463 -0.3761658067
v 0.2573386776 0.80011399 -0.4228969121
v -0.5809417866 0.8077058731 0.09255183099
v -0.391781157 -0.7026140018 0.3273175509
v -0.364687318 -0.7317796005 0.3763169786
v -0.3606657544 -0.7318160227 0.3738441826
v -0.06684083776 0.3323757189 0.845034675
v -0.06281925943 0.3323392967 0.8425618007
v -0.5865641665 -0.4926992354 -0.02548872087
v -0.5298505082 -0.4932128673 -0.06036127099
v -0.5708880341 -0.436691072 -0.0008193706831
v -0.5141743759 -0.4372047039 -0.03569192202
v -0.4479489124 -0.2145600316 -0.745046382
v -0.4774100012 -0.2142932288 -0.7269311345
v -0.4322727801 -0.1585518682 -0.720377011
v -0.461733908 -0.1582850459 -0.7022617635
v -0.4302906661 -0.2203942479 -0.7430216187
v -0.4836473687 -0.219911007 -0.7102131694
v -0.4146145337 -0.1643860649 -0.7183522478
v -0.4679712363 -0.1639028436 -0.6855438767
v -0.5546020447 -0.5344950488 0.04909225546
v -0.5389259123 -0.4784868463 0.07376159708
v 0.1175150276 -0.7969992226 0.2179733634
v 0.1191249984 -0.7970138698 0.2169834225
v 0.13319116 -0.7409910593 0.2426427148
v 0.1348011209 -0.7410056281 0.2416527739
v -0.5561370267 -0.4848135461 -0.06272692856
v -0.576704196 -0.4846272836 -0.05008040333
v -0.5404608944 -0.4288053828 -0.03805757867
v -0.5610280636 -0.4286191202 -0.02541105436
v 0.1353728326 -0.7823798052 0.1734342502
v 0.07151627854 -0.7818014357 0.2126988746
v 0.151048965 -0.7263716419 0.1981036017
v 0.08719240599 -0.7257932723 0.2373682261
v -0.4886439126 -0.5285774138 -0.006255957962
v -0.4729677803 -0.4725692113 0.018413391
v 0.06771776195 -0.7783110885 0.207188268
v 0.1322153279 -0.7788952542 0.1675294805
v 0.0833938894 -0.7223029251 0.2318576194
v 0.1478914602 -0.7228870125 0.1921988319
v 0.1312255241 -0.7780222954 0.1661765509
v 0.06696859465 -0.7774403228 0.2056873779
v 0.1469016565 -0.722014132 0.1908459024
v 0.08264472699 -0.7214321594 0.2303567293
v -0.4424681877 -0.2159638935 -0.7453419113
v -0.4801650892 -0.215622484 -0.7221624841
v -0.4267920553 -0.1599557106 -0.7206725403
v -0.4644889568 -0.159614301 -0.6974931522
v -0.03002841904 -0.2674519589 -0.8905304398
v -0.8825939944 -0.2597306593 -0.3662979447
v 0.2678180612 0.79670338 -0.4218127826
v -0.5847475583 0.8044246601 0.1024197028
v 0.5639277831 -0.7299850414 -0.2178454547
v 0.8617742585 0.3341702584 0.2508722025
v -0.3467533592 -0.723126851 0.3452760261
v -0.3963424747 -0.7226777217 0.375767786
v -0.04890688877 0.3410284879 0.8139936834
v -0.0984959994 0.3414775781 0.8444854433
v -0.4910884716 -0.5297227562 -0.002102238855
v -0.4754123392 -0.4737145537 0.02256711256
v -0.3871026614 -0.7455985902 0.4219348558
v 0.5779177615 -0.7543383614 -0.1714447343
v -0.08925619588 0.3185567096 0.8906525522
v 0.8757642369 0.3098169776 0.297272923
v -0.5452569202 -0.5304697646 0.03401507805
v -0.5295807878 -0.4744616013 0.05868442457
v -0.4006948542 -0.7198828435 0.3721881456
v -0.3479470296 -0.7203605623 0.3397541403
v -0.1028483984 0.3442724563 0.8409058028
v -0.05010053959 0.3437947375 0.8084717584
v -0.3719806954 -0.6930791292 0.2930876942
v -0.07413420052 0.3710762098 0.7618053906
v 0.1036667239 -0.7649061374 0.1539105782
v 0.06863026147 -0.7645888331 0.1754540789
v 0.1193428562 -0.708897974 0.1785799296
v 0.08430639381 -0.7085806697 0.2001234303
v -0.5471055643 -0.5306747866 0.03565531743
v -0.5314294319 -0.4746666232 0.06032466884
v 0.5463104237 -0.7257156499 -0.2163436639
v 0.8441568599 0.3384397282 0.2523739934
v -0.04290642255 -0.3193261588 -0.7645742642
v 0.2549400577 0.7448291801 -0.2958566069
v -0.4515999875 -0.2138145114 -0.7444189012
v -0.4751929442 -0.2136008342 -0.7299118836
v -0.4359238943 -0.1578063284 -0.7197495302
v -0.4595168118 -0.1575926709 -0.7052425126
v -0.3624105755 -0.255953438 -0.7054239972
v -0.4811928621 -0.2548776895 -0.6323861649
v -0.3467344432 -0.1999452746 -0.6807546262
v -0.4655167298 -0.1988695261 -0.6077167939
v -0.4395510403 -0.2013607682 -0.7803498723
v -0.5125278948 -0.2006998416 -0.7354772803
v -0.423874908 -0.1453525853 -0.7556805013
v -0.4968517624 -0.1446916783 -0.7108079093
v -0.3859317843 -0.7457608845 0.4215592368
v 0.5770520871 -0.7544821705 -0.1705681528
v -0.08808531876 0.3183944544 0.890276894
v 0.8748985625 0.3096731489 0.2981494849
v -0.3937242639 -0.6886789309 0.2969145751
v -0.09587776901 0.3754764473 0.7656322324
v -0.06055830478 -0.302773817 -0.7909370736
v -0.02700528496 -0.3030776882 -0.8115684322
v 0.2372881755 0.7613814828 -0.3222193967
v 0.2708411855 0.7610776508 -0.3428507553
v -0.5176360553 -0.5162304701 -0.01586482305
v -0.5526724883 -0.5159131658 0.005678672792
v -0.5019599229 -0.4602223067 0.008804523471
v -0.536996356 -0.4599050024 0.03034802421
v 0.5486054948 -0.7259582298 -0.2172513414
v 0.8464520093 0.3381971483 0.2514663159
v 0.575203443 -0.7546872316 -0.168927889
v -0.3836367132 -0.7460034645 0.4206515397
v 0.8730498792 0.3094681074 0.2997897781
v -0.08579023785 0.3181518745 0.8893691578
v -0.04884242532 -0.3183149129 -0.763098106
v 0.2490040549 0.7458403869 -0.2943804488
v -0.03279168975 -0.3054304083 -0.8025499721
v -0.04993099504 -0.3052752025 -0.7920111772
v 0.265054788 0.7587249307 -0.3338322952
v 0.2479154803 0.7588801756 -0.3232935395
v -0.5479712387 -0.5308185957 0.03653190872
v -0.5322951063 -0.4748104323 0.06120126014
v 0.1389494379 -0.7519738922 0.1021292843
v 0.006674866967 -0.7507759529 0.1834633492
v 0.1546255702 -0.6959657288 0.126798626
v 0.02235099747 -0.6947677112 0.2081327006
v -0.4821819022 -0.217273606 -0.7171322985
v -0.4370912859 -0.2176819659 -0.7448580046
v -0.4665057699 -0.161265423 -0.6924629667
v -0.4214151535 -0.1616737829 -0.7201886336
v -0.02473411838 -0.2999341355 -0.8201485721
v -0.06919805189 -0.2995314348 -0.7928082368
v 0.2731123668 0.7642211643 -0.351430954
v 0.2286484284 0.7646239238 -0.3240906187
v -0.02993189521 -0.3046156467 -0.8062169476
v -0.05448280091 -0.3043933143 -0.791120908
v 0.2679145801 0.7595396923 -0.3374993295
v 0.2433636793 0.7597620638 -0.3224032703
v -0.4133142206 -0.2439219187 -0.7003931067
v -0.4535778326 -0.2435572655 -0.6756354999
v -0.3976380882 -0.1879137553 -0.6757237749
v -0.4379017003 -0.1875491021 -0.6509661289
v -0.5167235411 -0.5025082539 -0.04759901886
v -0.5812211021 -0.5019241273 -0.007940222234
v -0.5010474087 -0.4465000514 -0.02292966928
v -0.5655449698 -0.4459159248 0.01672912673
v 0.1365049083 -0.7531191954 0.1062830157
v 0.01146926932 -0.7519868162 0.18316594
v 0.1521810406 -0.697111032 0.1309523671
v 0.02714540044 -0.6959786528 0.2078352915
v -0.5843785971 -0.4984395371 -0.01384498217
v -0.5205220283 -0.4990178675 -0.05310962492
v -0.5687024647 -0.4424313738 0.0108243668
v -0.5048459351 -0.4430097041 -0.02844027595
v 0.5497763719 -0.7261204459 -0.2176269996
v 0.8476228473 0.3380348931 0.2510906577
v -0.5159743395 -0.5033790196 -0.04609812148
v -0.5802313179 -0.502797047 -0.006587287756
v -0.5002982072 -0.4473708171 -0.0214287719
v -0.5645551856 -0.4467888836 0.01808206121
v -0.09602546511 -0.300887987 -0.7726809934
v 0.20182102 0.7632673716 -0.3039633361
v -0.5681307922 -0.4838055117 -0.05739414466
v -0.5665208117 -0.4838200806 -0.05838409284
v -0.5524546598 -0.4277973092 -0.03272479509
v -0.5508446793 -0.4278119172 -0.03371474326
v -0.4012541118 -0.7417339946 0.4221533109
v 0.5845485675 -0.7506619082 -0.184005081
v -0.1034076267 0.3224213443 0.890870929
v 0.8823950428 0.3134933916 0.2847125762
v 0.1276984315 -0.7961920588 0.2096696604
v 0.1071312427 -0.7960057962 0.2223161868
v 0.1433745541 -0.7401838954 0.2343390118
v 0.122807375 -0.7399976328 0.2469855383
v -0.4444584085 -0.2458931256 -0.6761272001
v -0.4178983708 -0.246133669 -0.6924586587
v -0.4287822762 -0.1898849427 -0.6514578683
v -0.4022222384 -0.1901254861 -0.6677893268
v 0.08084473399 -0.7876064359 0.2199505427
v 0.1375583824 -0.788120107 0.1850779902
v 0.09652086633 -0.7315982725 0.2446198942
v 0.1532345148 -0.7321119436 0.2097473416
v -0.8820729606 -0.2638214057 -0.3573416374
v -0.02232533546 -0.2716077366 -0.8859902705
v -0.5842264852 0.8003339333 0.11137601
v 0.2755211497 0.7925476415 -0.4172726132
v -0.3259851822 -0.713425376 0.3100530172
v -0.0281387069 0.3507300021 0.7787706353
v -0.8828163659 -0.2606738779 -0.3640152102
v -0.02790354357 -0.2684164238 -0.8896910051
v -0.5849699297 0.8034814415 0.1047024373
v 0.2699429269 0.7957389348 -0.4209733478
v -0.3466498887 -0.725053705 0.3495848164
v -0.3925696397 -0.7246377865 0.3778203164
v -0.04880341828 0.3391016731 0.8183024736
v -0.09472315461 0.3395175328 0.8465379345
v -0.4264985625 -0.2042572959 -0.7820679055
v -0.5199882662 -0.2034105963 -0.7245821741
v -0.4108224302 -0.1482491129 -0.7573985345
v -0.5043121339 -0.1474024329 -0.6999128031
v -0.03424154704 -0.320338188 -0.7677826328
v 0.2636049283 0.7438171118 -0.2990649951
v -0.7987859489 -0.2940911465 -0.3415432948
v -0.5009394344 0.7700641533 0.1271743429
v -0.3434174736 -0.7039152549 0.2995390129
v -0.04557101296 0.3602401233 0.7682566702
v 0.5742248597 -0.7547479353 -0.1681681817
v -0.3825180804 -0.7460832018 0.420121694
v 0.872071335 0.309407384 0.3005494756
v -0.0846716051 0.3180721568 0.8888393513
v -0.08103780613 -0.3085190143 -0.7648797411
v 0.2168086741 0.7556363247 -0.2961620642
v 0.06523265388 -0.7748669544 0.2009480612
v 0.1278135728 -0.7754337315 0.1624677878
v 0.08090878132 -0.718858791 0.2256174126
v 0.1434897052 -0.7194255681 0.1871371392
v -0.5269673158 -0.4819129259 -0.08784828047
v -0.5112911835 -0.4259047625 -0.06317892905
v -0.04406134046 -0.3059700057 -0.7941635358
v -0.03736980139 -0.306030592 -0.7982780741
v 0.2537851398 0.7581853332 -0.3254459177
v 0.2604766691 0.7581247078 -0.329560456
v -0.06485404371 -0.2771533556 -0.8463748568
v -0.07419889405 -0.2770687228 -0.8406288371
v 0.2329924267 0.7870019834 -0.3776571995
v 0.2236475764 0.787086577 -0.3719111799
v 0.01265423191 -0.7523473572 0.1832315197
v 0.136024027 -0.7534646976 0.1073728925
v 0.02833036181 -0.6963391938 0.2079008711
v 0.1517001594 -0.6974565342 0.1320422537
v 0.01027596853 -0.7516485985 0.1831563841
v 0.1370392382 -0.7527966432 0.1052111542
v 0.02595209965 -0.6956404351 0.2078257355
v 0.1527153706 -0.6967884798 0.1298804958
v 0.09094402405 -0.8078494473 0.2594917608
v 0.1680191834 -0.808547501 0.2120991805
v 0.1066201564 -0.7518412839 0.2841611122
v 0.1836952962 -0.7525393377 0.2367685123
v -0.7984027713 -0.2946548296 -0.3405070037
v -0.5005562959 0.7695005093 0.1282106536
v -0.7988638847 -0.2881590993 -0.3549616007
v -0.5010174093 0.7759962005 0.1137560468
v -0.3706301744 -0.2520021144 -0.7091718066
v -0.4807765128 -0.2510045563 -0.641444102
v -0.3549540421 -0.1959939315 -0.6845024356
v -0.4651003805 -0.1949963929 -0.616774731
v 0.1375169473 -0.7873487388 0.183353025
v 0.07933432227 -0.786821752 0.2191288296
v 0.1531930698 -0.7313405754 0.2080223569
v 0.09501044972 -0.7308135887 0.2437981614
v -0.3902124942 -0.6892938009 0.2960790567
v -0.09236602861 0.374861538 0.764796714
v -0.5388276898 -0.4758741576 -0.09402173765
v -0.5231515574 -0.4198659942 -0.06935238623
v -0.5085523485 -0.2005132853 -0.7384270902
v -0.443974541 -0.2010981365 -0.7781352435
v -0.4928762161 -0.1445051024 -0.7137577192
v -0.4282984087 -0.1450899535 -0.7534658725
v -0.4824067018 -0.2482226216 -0.6467241911
v -0.374569651 -0.2491992468 -0.7130319375
v -0.4667305695 -0.1922144583 -0.6220548593
v -0.3588935186 -0.1931910834 -0.6883625665
v 0.01837978855 -0.3173234839 -0.8080653176
v 0.3162262737 0.7468318551 -0.3393476995
v -0.04760813727 -0.2628317977 -0.8898488348
v -0.8739930977 -0.2553476147 -0.3817144805
v 0.2502383381 0.8013235217 -0.4211311384
v -0.5761466224 0.8088077047 0.0870031572
v 0.09211491097 -0.8080117416 0.2591160634
v 0.167153509 -0.8086913101 0.2129757228
v 0.1077910335 -0.7520035783 0.2837854148
v 0.1828296413 -0.7526831468 0.2376450742
v -0.5262229314 -0.4824798596 -0.087034121
v -0.510546799 -0.4264716963 -0.06236476959
v -0.515122764 -0.2011309361 -0.7328496311
v -0.4360411896 -0.2018471422 -0.7814759854
v -0.4994466317 -0.1451227531 -0.7081802601
v -0.4203650572 -0.1458389593 -0.7568066144
v -0.07828500438 -0.3096645525 -0.7640282439
v 0.219561471 0.7544907865 -0.2953105671
v 0.1141747949 -0.7968395131 0.2197333017
v 0.1222046457 -0.7969122792 0.2147958362
v 0.1298509272 -0.7408313497 0.2444026531
v 0.137880778 -0.7409041158 0.2394651876
v 0.1653048453 -0.8088963713 0.2146159965
v 0.0944099723 -0.8082543216 0.2582084055
v 0.1809809777 -0.7528882079 0.2392853479
v 0.1100861046 -0.7522461582 0.2828777569
v 0.1459914823 -0.7509394222 0.09530578318
v -0.002577697182 -0.7495938358 0.186659205
v 0.1616676048 -0.6949311805 0.1199751346
v 0.01309843271 -0.6935856725 0.2113285564
v -0.5299927116 -0.5188497383 -0.002066080969
v -0.5348186193 -0.5188060316 0.0009013182767
v -0.5143165793 -0.462841575 0.02260327044
v -0.5191425261 -0.4627978683 0.02557066479
v 0.07679259817 -0.8039848517 0.2597101963
v 0.174650009 -0.8048711262 0.1995388338
v 0.09246872562 -0.7479766883 0.2843795281
v 0.1903261413 -0.7488628845 0.2242081852
v 0.08335100515 -0.7619423853 0.1600914324
v 0.1371658741 -0.7624298167 0.1270012981
v 0.02953614113 -0.7614550322 0.1931815471
v 0.09902713749 -0.7059342219 0.1847607642
v 0.1528419966 -0.7064216533 0.1516706495
v 0.04521226858 -0.7054468688 0.2178508985
v -0.05483939129 -0.3170454608 -0.7621693781
v 0.2430070938 0.747109839 -0.29345176
v -0.3490386002 -0.7288026893 0.3596142873
v -0.3825915907 -0.728498779 0.3802456459
v -0.05119210533 0.3353526496 0.8283319055
v -0.08474512515 0.3356565404 0.848963264
v -0.3548249977 -0.7311554094 0.3686327474
v -0.3719642859 -0.7310001645 0.3791715031
v -0.05697850766 0.3329999491 0.8373503655
v -0.0741178203 0.3331551744 0.8478891604
v -0.3657112921 -0.2545799083 -0.7064449165
v -0.4805965948 -0.2535394463 -0.6358033543
v -0.3500351597 -0.1985717449 -0.6817755847
v -0.4649204625 -0.1975312829 -0.6111339833
v -0.5843207131 -0.488001393 -0.03758011994
v -0.5415904538 -0.4883883695 -0.06385443923
v -0.5686445808 -0.4319931904 -0.01291077128
v -0.5259143214 -0.4323802061 -0.03918509042
v -0.06498776816 -0.3012616479 -0.7915554684
v -0.02553868763 -0.3016189187 -0.815812289
v 0.2328587023 0.7628936715 -0.3228378503
v 0.2723077877 0.7625364203 -0.3470946317
v 0.1126133382 -0.7677648525 0.1547157251
v 0.06527442686 -0.7673361666 0.183823851
v 0.1282894607 -0.7117566891 0.1793850765
v 0.0809505592 -0.7113280033 0.2084932024
v -0.351965186 -0.7303406478 0.3649657327
v -0.376516126 -0.7301182763 0.3800617724
v -0.05411871558 0.3338146911 0.83368339
v -0.07866963596 0.334037043 0.8487794296
v -0.5811328271 -0.4860103496 -0.04412620442
v -0.5488439234 -0.486302785 -0.06398027709
v -0.5654567339 -0.4300021863 -0.01945685393
v -0.5331677911 -0.4302945825 -0.0393109269
v -0.05784272813 -0.3163176426 -0.7619134041
v 0.2400037472 0.7478376572 -0.2931957273
v -0.3912313378 -0.7252564163 0.3783744435
v -0.346767419 -0.7256590975 0.3510340691
v -0.09338487225 0.338898903 0.8470921008
v -0.04892093875 0.3384962219 0.8197517655
v -0.07659182057 -0.2955755682 -0.7970911007
v -0.02516778537 -0.2960413029 -0.8287111667
v 0.2212546548 0.7685797707 -0.3283734826
v 0.2726786875 0.768114036 -0.3599935094
v -0.5213379648 -0.207028813 -0.7155099031
v -0.4178417009 -0.2079661374 -0.7791484867
v -0.5056618325 -0.1510206496 -0.6908405321
v -0.4021655686 -0.1519579544 -0.754479194
v -0.5132978531 -0.5084227166 -0.03634787819
v -0.5728048231 -0.507883785 0.0002422470635
v -0.4976217208 -0.4524145533 -0.01167852953
v -0.5571286907 -0.4518756216 0.02491159358
v 0.02522505249 -0.7580532732 0.1881977509
v 0.1347085869 -0.7590448198 0.1208776327
v 0.04090118238 -0.7020451099 0.2128671023
v 0.1503847094 -0.7030365781 0.1455469939
v -0.5849577498 -0.4975810689 -0.01542606233
v -0.5216602821 -0.4981543079 -0.05434690777
v -0.5692816175 -0.4415728663 0.009243284188
v -0.5059841497 -0.4421461446 -0.0296775588
v -0.3687647683 -0.2530692861 -0.7079342337
v -0.4805279408 -0.2520571003 -0.6392123977
v -0.3530886359 -0.1970611227 -0.6832649019
v -0.4648518085 -0.1960489369 -0.6145430659
v -0.4073869513 -0.6841990736 0.2954256887
v -0.1095404662 0.3799562654 0.7641433069
v -0.8814534692 -0.2580583694 -0.3708194134
v -0.03455565459 -0.2657283253 -0.891566868
v -0.583607033 0.80609695 0.09789824385
v 0.2632908159 0.7984269745 -0.4228492107
v -0.52126935 -0.2055464669 -0.7189189465
v -0.4208951379 -0.2064555152 -0.7806378039
v -0.5055932177 -0.1495383036 -0.6942495755
v -0.4052190447 -0.1504473518 -0.7559685112
v 0.1376257342 -0.7524977458 0.1041599026
v 0.009077206849 -0.7513335657 0.1832028714
v 0.1533018666 -0.6964895824 0.1288292442
v 0.02475333797 -0.6953254023 0.2078722228
v -0.5539531413 -0.5395899328 0.06024709534
v -0.538277009 -0.4835817303 0.08491643696
v 0.09552862463 -0.8083340589 0.257678599
v 0.1643263011 -0.808957075 0.2153757135
v 0.111204757 -0.7523258955 0.2823479504
v 0.1800024139 -0.7529489116 0.2400450649
v 0.1382629864 -0.7522232866 0.1031317967
v 0.007875883619 -0.7510424227 0.1833052845
v 0.1539391187 -0.6962151232 0.1278011383
v 0.02355201351 -0.6950342594 0.2079746163
v 0.5735218321 -0.7351609943 -0.2121908235
v 0.8713683466 0.3289943643 0.2565268141
v 0.07513825497 -0.7843662664 0.2162202395
v 0.1368470815 -0.7849251324 0.1782762151
v 0.09081438241 -0.7283580247 0.2408895714
v 0.1525232041 -0.7289168907 0.2029455469
v 0.01879610602 -0.3134503507 -0.8171232546
v 0.3166425838 0.7507049883 -0.3484056365
v -0.5540311162 -0.5336578856 0.04682878944
v -0.5383549839 -0.4776496831 0.07149814085
v -0.3292174603 -0.7119938645 0.3088570362
v -0.03137098249 0.3521614549 0.7775746543
v -0.09136198884 -0.3035559553 -0.7695871394
v 0.2064844963 0.7605993837 -0.3008695017
v -0.4867431416 -0.2579549968 -0.6218726698
v -0.3505652796 -0.2591883008 -0.7056068134
v -0.4710670093 -0.2019468138 -0.5972032988
v -0.3348891472 -0.2031801179 -0.6809374815
v -0.5535700028 -0.540153616 0.06128338641
v -0.5378938705 -0.4841454134 0.08595273783
v 0.1344572539 -0.7555044997 0.1129996293
v 0.01835523291 -0.7544530327 0.1843893748
v 0.1501333862 -0.6994963363 0.1376689807
v 0.0340313628 -0.6984448693 0.2090587263
v -0.3868873394 -0.7028783568 0.3248078235
v -0.3962321898 -0.7027936848 0.3305538824
v -0.08904086407 0.3612769822 0.7935254808
v -0.098385734 0.361361615 0.7992715005
v -0.8765880061 -0.2557786896 -0.3790868312
v -0.04409827183 -0.2633181717 -0.8909748695
v -0.5787414916 0.808376669 0.08963080646
v 0.2537482084 0.8008371868 -0.4222572514
v 0.1124528551 -0.7966948423 0.220498952
v 0.1236666853 -0.7967963547 0.2136036932
v 0.1281289875 -0.740686679 0.2451682839
v 0.1393428177 -0.7407881913 0.2382730446
v -0.342631889 -0.2599373262 -0.7089474769
v -0.8700175906 -0.2551610389 -0.3846642903
v -0.0520316086 -0.2625691659 -0.8876342059
v -0.493313518 -0.2585726866 -0.6162951715
v -0.6063247202 -0.2575491825 -0.5468058836
v -0.3269557566 -0.2039291628 -0.6842781451
v -0.4776373857 -0.2025645037 -0.5916258005
v -0.5721710761 0.8089942805 0.08405334735
v 0.2458148765 0.8015861534 -0.4189165095
v -0.3660946655 -0.7316950069 0.3770191054
v -0.3594031167 -0.731755554 0.3729045671
v -0.06824818041 0.3324603713 0.8457367235
v -0.06155663644 0.3323997654 0.8416221852
v 0.01716596476 -0.3106683964 -0.8224033829
v 0.315012434 0.7534869425 -0.3536857453
v 0.5742662557 -0.735727928 -0.211376669
v 0.8721126919 0.3284273914 0.2573409883
v 0.5616614973 -0.7291222651 -0.2183642758
v 0.8595079335 0.335033113 0.2503533619
v -0.4120368182 -0.2118361767 -0.7740508612
v -0.519459243 -0.2108632916 -0.7079980705
v -0.3963606859 -0.1558279937 -0.7493814902
v -0.5037831106 -0.1548551283 -0.6833287387
v -0.03144492355 -0.3205375312 -0.7691071491
v 0.2664015493 0.7436177686 -0.300389531
v -0.4159762947 -0.2090333286 -0.7779109921
v -0.5210893928 -0.208081357 -0.7132781988
v -0.4003001624 -0.1530251457 -0.7532416211
v -0.5054132605 -0.1520731936 -0.688608867
v -0.794407604 -0.2856883006 -0.3634029836
v -0.4965610895 0.7784670383 0.1053146638
v -0.6256620318 -0.465571324 -0.06223401668
v -0.6099858995 -0.4095631214 -0.03756466802
v -0.07952494179 -0.2780819269 -0.8349440695
v -0.0573915672 -0.2782823863 -0.8485536117
v 0.2183215287 0.786073412 -0.3662263926
v 0.240454913 0.7858729722 -0.3798359545
v -0.5483383984 -0.4732768602 -0.09387493252
v -0.532662266 -0.4172686968 -0.06920558355
v -0.4001307402 -0.7421747429 0.4224400284
v 0.584291732 -0.7510901241 -0.1828696666
v -0.1022842551 0.3219806352 0.8911576856
v 0.8821382073 0.3130651757 0.285847971
v 0.1089267025 -0.7962774356 0.2217919807
v 0.1264169953 -0.7964358136 0.2110374134
v 0.124602825 -0.7402692723 0.2464613321
v 0.1420931178 -0.7404276503 0.2357067648
v 0.01897604608 -0.3159852211 -0.811482507
v 0.3168225214 0.7481700787 -0.3427648889
v -0.08339986186 -0.2898039942 -0.805868469
v -0.02985241983 -0.2902889388 -0.8387941745
v 0.2144466135 0.7743513251 -0.3371508509
v 0.2679940629 0.7738664002 -0.3700765564
v 0.08734404783 -0.7905243665 0.2224451529
v 0.1368135378 -0.7909723992 0.1920269425
v 0.1030201802 -0.7345162031 0.2471145043
v 0.1524896702 -0.7349641575 0.2166962939
v -0.4129938615 -0.6810886926 0.2919269605
v -0.1151473666 0.3830666464 0.7606445786
v -0.4818776002 -0.2556753562 -0.6301400484
v -0.3601078675 -0.2567781668 -0.7050148149
v -0.4662014679 -0.1996671928 -0.6054707166
v -0.3444317351 -0.2007700034 -0.6803454831
v -0.5131737042 -0.5107349023 -0.03117727822
v -0.5682773819 -0.5102358784 0.00270532556
v -0.4974975718 -0.4547267389 -0.006507929862
v -0.5526012496 -0.4542276759 0.02737467208
v -0.7974712235 -0.2957946108 -0.3385112216
v -0.4996247873 0.768360689 0.1302064357
v -0.0258987489 -0.269437206 -0.8886473708
v -0.8828031286 -0.2616766252 -0.3617470641
v 0.2719477362 0.7947181721 -0.4199297527
v -0.5849566533 0.8024786941 0.1069705834
v -0.62759946 -0.464526084 -0.06337593225
v -0.6119233277 -0.4085178815 -0.03870658359
v -0.05144023184 -0.3050145681 -0.7916438217
v -0.03177944029 -0.3051926454 -0.8037330291
v 0.2464062484 0.7591407709 -0.3229261448
v 0.2660670326 0.7589627327 -0.3350153327
v -0.07857089449 -0.2778101113 -0.8361673868
v -0.05891010049 -0.277988169 -0.8482565943
v 0.219275576 0.7863452081 -0.3674497687
v 0.2389363797 0.7861671699 -0.379538937
v 0.02605832139 -0.7586087712 0.188929505
v 0.1349782681 -0.7595952264 0.1219559268
v 0.04173445373 -0.7026006078 0.2135988565
v 0.1506543907 -0.7035870631 0.1466252684
v -0.3870210834 -0.7269866686 0.379627212
v -0.347571998 -0.7273439199 0.3553704305
v -0.08917460811 0.3371687095 0.8483448692
v -0.049725508 0.3368114387 0.8240880486
v -0.5248772667 -0.4836234005 -0.08529296656
v -0.5092011735 -0.4276152371 -0.0606236176
v 0.01904468781 -0.3145028751 -0.8148915504
v 0.3168911754 0.7496524247 -0.3461739323
v -0.5597078162 -0.484312055 -0.06159647571
v -0.5740777216 -0.484181914 -0.052760576
v -0.5440316838 -0.4283038916 -0.03692712614
v -0.5584015893 -0.4281737506 -0.02809122703
v 0.1342349019 -0.7564477182 0.1152823835
v 0.02048011695 -0.7554174779 0.1852288487
v 0.1499110343 -0.7004395549 0.1399517349
v 0.03615624807 -0.6994093146 0.2098982002
v -0.3189858654 -0.7157871821 0.3109674504
v -0.02113938765 0.348368196 0.7796851077
v -0.799747966 -0.2919092977 -0.3458855308
v -0.5019014907 0.7722460413 0.1228321069
v -0.3129727102 -0.717125954 0.3101858605
v -0.01512622749 0.3470294241 0.7789034786
v -0.8827345138 -0.2601942792 -0.3651560879
v -0.02895222995 -0.2679265838 -0.890136688
v -0.5848880776 0.8039610402 0.1035615596
v 0.2688942405 0.796228716 -0.4214190699
v -0.3986250918 -0.7213005694 0.3740915405
v -0.3472010786 -0.7217663041 0.3424715136
v -0.1007786263 0.3428547892 0.842809237
v -0.04935460818 0.3423890545 0.8111891709
v -0.08049792964 -0.292713818 -0.8011062415
v -0.0269504925 -0.2931987625 -0.8340318686
v 0.2173485457 0.7714415406 -0.3323885646
v 0.2708959951 0.7709565373 -0.3653142505
v -0.6331014507 -0.4606115547 -0.06876704803
v -0.6174253184 -0.4046033914 -0.04409769876
v 0.08565853032 -0.7898317173 0.2219436422
v 0.1371356299 -0.790297922 0.1902909723
v 0.1013346627 -0.7338234756 0.246612974
v 0.1528117622 -0.7342896803 0.2149603237
v -0.5742046903 -0.5070645979 -0.0007280800995
v -0.5135213603 -0.5076141821 -0.038041539
v -0.558528558 -0.4510564345 0.02394126887
v -0.497845228 -0.4516060187 -0.01337219064
v -0.5303792573 -0.4797089104 -0.09068408479
v -0.514703125 -0.4237007079 -0.06601473337
v -0.4763378166 -0.2139270091 -0.7284438715
v -0.4497777789 -0.2141675525 -0.7447752909
v -0.4606616843 -0.1579188457 -0.7037745005
v -0.4341016465 -0.1581593892 -0.7201059982
v -0.4112670949 -0.6821664776 0.2932767374
v -0.1134206391 0.3819888222 0.7619943947
v -0.02870547907 -0.3206668889 -0.7705542478
v 0.2691409914 0.74348845 -0.3018366101
v 0.1000073853 -0.7640068605 0.1541942212
v 0.07054628182 -0.7637400774 0.172309508
v 0.1156835079 -0.7079986972 0.1788635727
v 0.08622240927 -0.707731914 0.1969788594
v 0.1176656708 -0.7698410768 0.1562190237
v 0.06430895844 -0.7693578751 0.1890274339
v 0.1333418032 -0.7138329135 0.1808883751
v 0.07998509078 -0.7133497118 0.2136967853
v -0.05295876513 -0.3047203704 -0.7913468042
v -0.03082539299 -0.3049208102 -0.8049563464
v 0.2448877151 0.7594349686 -0.3226291665
v 0.2670210799 0.7592345288 -0.3362387087
v -0.4406583548 -0.2165034127 -0.7452670303
v -0.4809219668 -0.2161387594 -0.7205094626
v -0.4249822224 -0.1604952297 -0.7205977376
v -0.4652458345 -0.1601305765 -0.6958400917
v -0.4571448624 -0.2423787514 -0.6760444864
v -0.412054246 -0.2427871113 -0.7037701925
v -0.44146873 -0.1863705685 -0.6513751154
v -0.3963781137 -0.186778948 -0.6791008215
v -0.4063411239 -0.6846745992 0.2958407456
v -0.108494629 0.3794807397 0.7645583637
v -0.7998790078 -0.2908804281 -0.3481381485
v -0.5020325324 0.7732748717 0.1205794892
v -0.3925460632 -0.6889092134 0.2966888355
v -0.09469956827 0.3752460864 0.7654064928
v -0.04586320353 -0.3188534921 -0.7637685103
v 0.2519832767 0.7453018077 -0.2950508334
v 0.1054881297 -0.7654107225 0.1538987116
v 0.06779122326 -0.7650693717 0.1770780996
v 0.121164262 -0.7094025591 0.178568063
v 0.08346735071 -0.70906113 0.201747451
v -0.02602978819 -0.3207260261 -0.7721202475
v 0.006259127774 -0.3210184614 -0.7919743633
v 0.2718166945 0.7434293129 -0.3034026294
v 0.3041055982 0.7431368384 -0.323256706
v 0.01282950048 -0.3204008107 -0.7975518224
v 0.3106759746 0.7437545282 -0.3288341651
v -0.4241958545 -0.2050819855 -0.7816588015
v -0.5206730435 -0.2042082237 -0.7223361359
v -0.4085197222 -0.1490738025 -0.7569894305
v -0.5049969112 -0.1482000604 -0.6976667649
v -0.5323166855 -0.4786636704 -0.09182600036
v -0.5166405532 -0.4226554679 -0.06715664894
v -0.419043204 -0.2464598635 -0.6909905682
v -0.4426361608 -0.2462462059 -0.6764835506
v -0.4033670717 -0.1904517001 -0.6663212364
v -0.4269600284 -0.190238023 -0.6518142188
v -0.02009388822 -0.2733072062 -0.8835498237
v -0.8809244459 -0.2655110647 -0.3542353295
v 0.2777525994 0.7908480936 -0.4148321664
v -0.5830779706 0.7986442547 0.1144823278
v -0.6096403582 -0.470958095 -0.06018506371
v -0.5939642258 -0.4149499317 -0.03551571414
v -0.48933805 -0.2583860716 -0.6192450205
v -0.3470554288 -0.2596746748 -0.7067329264
v -0.4736619177 -0.2023779082 -0.5945756887
v -0.3313792965 -0.2036664919 -0.6820635554
v -0.8825545174 -0.2627291692 -0.3595153794
v -0.02403335251 -0.2705043777 -0.8874098762
v -0.5847080813 0.8014262089 0.1092022681
v 0.2738131228 0.7936509613 -0.418692219
v -0.5175550647 -0.5016345509 -0.04905416448
v -0.5821329114 -0.5010497194 -0.009346020363
v -0.5018789324 -0.4456263876 -0.0243848149
v -0.566456779 -0.445041556 0.01532333105
v -0.4083502608 -0.7382233606 0.4186921798
v 0.5847080813 -0.7472170692 -0.1919276135
v -0.1105037855 0.3259319588 0.8874098762
v 0.8825545958 0.3169383089 0.276790034
v -0.5495747572 -0.531187087 0.03838742606
v -0.533898664 -0.4751788844 0.06305677747
v 0.09635630046 -0.7632613403 0.154821702
v 0.07276335844 -0.7630476632 0.1693287196
v 0.112032423 -0.707253177 0.1794910535
v 0.08843949567 -0.7070394998 0.1939980515
v -0.4863510347 -0.524754371 -0.01639260285
v -0.4706749023 -0.4687462076 0.008276743665
v 0.0007755612662 -0.749832891 0.185071019
v 0.1430581701 -0.7511214551 0.09758312293
v 0.01645169108 -0.6938247277 0.2097403705
v 0.1587343025 -0.6951132917 0.1222524743
v -0.4122897765 -0.735420493 0.4148320881
v 0.5830779706 -0.744435115 -0.1972077222
v -0.1144432816 0.3287348264 0.8835497454
v 0.8809244459 0.3197202436 0.2715099252
v -0.4140710982 -0.2444381942 -0.698740007
v -0.4517679997 -0.2440967846 -0.6755606581
v -0.3983949659 -0.1884300112 -0.6740706751
v -0.4360919066 -0.1880886213 -0.6508912871
v 0.1743931734 -0.8052992638 0.200674209
v 0.07791598442 -0.8044255217 0.2599968746
v 0.1900693058 -0.7492911004 0.2253435604
v 0.09359211676 -0.7484173583 0.284666226
v 0.5521507495 -0.7265249286 -0.2182174903
v 0.849997264 0.3376304104 0.2505001474
v 0.06577439064 -0.7667204349 0.1821083047
v 0.1108650119 -0.767128834 0.1543826182
v 0.08145052299 -0.7107122716 0.2067776562
v 0.1265411442 -0.7111206706 0.1790519696
v 0.1346420869 -0.7933687477 0.1988474966
v 0.0943784651 -0.7930041336 0.2236051229
v 0.1503182193 -0.7373605843 0.223516848
v 0.1100545974 -0.7369959703 0.2482744744
v -0.4015582571 -0.7038069281 0.33623865
v -0.3794248531 -0.7040073679 0.3226291078
v -0.1037117622 0.3603484109 0.8049562681
v -0.08157839247 0.3601479711 0.7913467259
v -0.4105888187 -0.2401496516 -0.7106893216
v -0.4639455213 -0.2396664303 -0.6778809114
v -0.3949126864 -0.1841414882 -0.6860199898
v -0.448269389 -0.1836582669 -0.6532115796
v -0.4168261862 -0.2457674493 -0.6939714349
v -0.446287275 -0.245500627 -0.6758561482
v -0.4011500538 -0.1897592663 -0.6693020639
v -0.4306111426 -0.1894924636 -0.6511868163
v 0.01769501493 -0.318121131 -0.8058192794
v 0.3155414964 0.7460342472 -0.3371016221
v 0.1034979088 -0.7953400133 0.2231134227
v 0.1300579367 -0.7955805568 0.2067819642
v 0.1191740411 -0.73933185 0.2477827741
v 0.1457340691 -0.7395723151 0.2314513156
v -0.4864820764 -0.5237255014 -0.01864522297
v -0.4708059441 -0.4677173381 0.006024125995
v -0.5861666549 -0.4950700883 -0.02035863238
v -0.5254833249 -0.4956196725 -0.05767209189
v -0.5704905226 -0.4390619249 0.00431071414
v -0.5098071926 -0.4396115091 -0.03300274231
v -0.3361798653 -0.7079483326 0.3040964535
v -0.03833338016 0.3562070063 0.7728140716
v -0.4834154804 -0.2192096635 -0.7119528992
v -0.4319384004 -0.2196758681 -0.7436055495
v -0.4677393481 -0.1632014805 -0.6872835283
v -0.4162622681 -0.1636676852 -0.7189361785
v -0.5526384942 -0.5412933971 0.06327917833
v -0.5369623619 -0.4852852337 0.08794852975
v -0.06083961764 -0.3155300214 -0.7617971663
v 0.2370068626 0.7486253175 -0.2930795286
v -0.4054331918 -0.7155289367 0.3653141722
v -0.3518857229 -0.7160139399 0.3323884667
v -0.1075867165 0.3486263827 0.8340317903
v -0.05403925733 0.3481414186 0.8011061631
v -0.08518256409 -0.2869614538 -0.8111892492
v -0.03375852889 -0.2874271885 -0.842809237
v 0.212663921 0.7771939048 -0.3424715919
v 0.2640879538 0.7767281701 -0.3740916188
v -0.4034314568 -0.7408011936 0.4214190699
v 0.5848880385 -0.7497519005 -0.1862868659
v -0.1055849717 0.3233541649 0.890136688
v 0.8827345138 0.3144034189 0.2824307816
v -0.06678529385 -0.3137831638 -0.7619849954
v 0.2310611864 0.7503721752 -0.2932673773
v -0.3667599785 -0.2540900292 -0.7068907561
v -0.4805147818 -0.2530598085 -0.6369442712
v -0.3510838461 -0.1980818658 -0.6822213851
v -0.4648386495 -0.1970516451 -0.6122749394
v -0.5256102545 -0.5185023563 -0.005639616793
v -0.5399801599 -0.5183722153 0.003196281697
v -0.5099341221 -0.4624941929 0.01902973462
v -0.5243040276 -0.462364052 0.02786563311
v 0.5756118421 -0.736871508 -0.2096354901
v 0.8734583566 0.3272838701 0.2590821476
v -0.4887587797 -0.5198401883 -0.0260195481
v -0.4730826474 -0.4638320249 -0.001350197914
v -0.08481166428 -0.281383838 -0.824088127
v -0.04536257886 -0.2817411089 -0.8483448692
v 0.2130348209 0.7827715205 -0.3553704697
v 0.2524839063 0.7824142693 -0.3796272511
v -0.4812581088 -0.2499123199 -0.6436178048
v -0.3723381817 -0.2508987555 -0.7105914124
v -0.4655820157 -0.1939041565 -0.618948473
v -0.3566620493 -0.1948905922 -0.6859220414
v -0.3734735373 -0.7307395693 0.3795388978
v -0.3538127727 -0.7309176074 0.3674497295
v -0.07562705221 0.3334157697 0.8482565159
v -0.05596629248 0.3332377119 0.8361673868
v -0.4006041902 -0.703535132 0.3350152935
v -0.3809434256 -0.7037131702 0.3229261253
v -0.1027577149 0.3606202461 0.8037329508
v -0.08309695023 0.3604421688 0.7916437434
v -0.5549151584 -0.537408084 0.05590485932
v -0.5392390261 -0.4813998814 0.08057421073
v 0.01382801205 -0.7527293599 0.1833529467
v 0.1355977497 -0.7538322097 0.1084781802
v 0.02950414194 -0.6967211966 0.2080222981
v 0.1512738821 -0.6978240463 0.1331475316
v -0.4064848547 -0.7392905714 0.4199297136
v 0.5849566924 -0.7482695545 -0.1896959289
v -0.1086383891 0.3248647871 0.8886473708
v 0.8828031286 0.3158857649 0.2790217186
v -0.5314105942 -0.4924483919 -0.0611055159
v -0.5865142719 -0.491949368 -0.02722291397
v -0.5157344618 -0.4364402285 -0.03643616663
v -0.5708381396 -0.4359411655 -0.002553563776
v -0.4830933981 -0.2185351862 -0.7136888694
v -0.4336239277 -0.2189831994 -0.7441070798
v -0.4674172658 -0.1625270033 -0.6890194984
v -0.4179477954 -0.162975036 -0.7194377088
v 0.5701098906 -0.7329569396 -0.2150266475
v 0.8679563268 0.3311983994 0.2536910098
v -0.40253124 -0.7184387995 0.370076478
v -0.3489838102 -0.7189237245 0.3371508117
v -0.1046847647 0.3457165394 0.8387941745
v -0.05113731531 0.3452315949 0.805868469
v -0.472696885 -0.2130717131 -0.7326993208
v -0.4552065726 -0.2132301106 -0.7434539077
v -0.4570207526 -0.1570635301 -0.7080299498
v -0.4395304402 -0.1572219473 -0.7187845367
v 0.01023460432 -0.3208318856 -0.7949241732
v 0.3080810858 0.7433234925 -0.3262065355
v -0.8821382856 -0.258856036 -0.3685732773
v -0.03225290984 -0.2665530541 -0.8911576856
v -0.5842917711 0.8052992638 0.1001443603
v 0.2655935631 0.7976022653 -0.4224400675
v -0.3542147489 -0.699016346 0.2952778849
v -0.05636827848 0.3651390321 0.7639955814
v -0.4918224776 -0.5299464984 -0.001127770131
v -0.4761463453 -0.4739383351 0.02354157884
v -0.3749920706 -0.7304453715 0.3798358761
v -0.3528587058 -0.7306458114 0.3662263339
v -0.07714558549 0.333709987 0.8485535334
v -0.0550122158 0.3335095276 0.8349439912
v -0.3811406148 -0.6908914449 0.2939416195
v -0.08329415904 0.3732638941 0.7626592376
v -0.5550462393 -0.5363792144 0.05365224165
v -0.539370107 -0.4803710511 0.07832159306
v -0.4084048159 -0.6837092924 0.2949606198
v -0.1105583209 0.3804460074 0.7636782771
v 0.1748095031 -0.8014261306 0.1916162719
v 0.06969640996 -0.8004742177 0.2562490652
v 0.1904856355 -0.7454179672 0.2162856233
v 0.08537253741 -0.7444660543 0.2809184166
v -0.3599848151 -0.6968273302 0.2939746737
v -0.06213832508 0.3673280088 0.7626922918
v 0.5681724624 -0.7319117388 -0.2161685434
v 0.8660189769 0.3322436198 0.2525490943
v 0.1470336479 -0.7509348792 0.09463326413
v -0.3803520145 -0.7461585528 0.4189164703
v -0.003647976532 -0.7495701809 0.1872856088
v -0.1166591833 -0.7485467552 0.2567748574
v 0.5721711152 -0.7547851408 -0.1667787124
v 0.5576686798 -0.4018062808 0.05773273688
v 0.3424092042 -0.3998567902 0.1900932348
v 0.1627097803 -0.6949267159 0.1193026058
v 0.01202815367 -0.6935620176 0.2119549602
v -0.0825055392 0.3179967666 0.8876341276
v 0.8700175906 0.3093701981 0.3019389253
v 0.7570063492 0.3103937022 0.3714282131
v 0.5417468736 0.3123431929 0.5037886719
v 0.1731793533 -0.7986442547 0.1863361632
v 0.06575691874 -0.79767135 0.2523889539
v 0.1888554857 -0.7426360913 0.2110055146
v 0.08143305108 -0.7416631867 0.2770583053
v -0.469946575 -0.2127111525 -0.7352656397
v -0.4587327546 -0.2128127039 -0.742160879
v -0.4542704427 -0.1567029695 -0.7105962687
v -0.4430566222 -0.1568045406 -0.717491508
v 0.5787414916 -0.754167451 -0.1723561519
v -0.3882854052 -0.7454095862 0.4222572122
v 0.8765880061 0.3099878488 0.2963615053
v -0.09043891024 0.3187457724 0.8909748695
v -0.03615145541 -0.3059340143 -0.7992715788
v -0.04549630331 -0.3058493815 -0.7935255591
v 0.2616950322 0.7582212855 -0.3305539411
v 0.2523501818 0.7583059574 -0.3248079019
v -0.6317558251 -0.4617550956 -0.06702587645
v -0.6160796928 -0.4057469322 -0.0423565268
v 0.004285395114 -0.7503192259 0.1839448864
v 0.1404632715 -0.7515525691 0.100210733
v 0.0199615247 -0.6943110625 0.2086142379
v 0.1561394039 -0.6955443274 0.1248800746
v -0.07298053094 -0.2769721452 -0.8416222635
v -0.06628899187 -0.277032751 -0.8457368801
v 0.2248659395 0.7871831546 -0.3729046454
v 0.2315574884 0.7871226076 -0.3770191837
v -0.3321760036 -0.7104358542 0.3071997067
v -0.03432953318 0.3537195044 0.7759174032
v -0.6191510668 -0.4683607976 -0.06003827939
v -0.6034749344 -0.4123526343 -0.03536893043
v -0.3646351128 -0.2550545136 -0.7060513214
v -0.4807371142 -0.254003027 -0.6346615367
v -0.3489589804 -0.1990463307 -0.6813819504
v -0.465061021 -0.1979948441 -0.6099922048
v -0.4831269614 -0.2245824335 -0.6999381028
v -0.42141813 -0.2251412995 -0.7378821665
v -0.4674508291 -0.1685742505 -0.675268771
v -0.4057419976 -0.1691331165 -0.7132127955
v -0.3541557292 -0.258465104 -0.7049671918
v -0.4845428467 -0.2572842401 -0.6247936943
v -0.3384796361 -0.202456921 -0.6802978208
v -0.4688667143 -0.2012760571 -0.6001243233
v -0.5106061712 -0.2005504321 -0.7370376404
v -0.4418085143 -0.201173507 -0.7793404672
v -0.4949300389 -0.1445422687 -0.7123682694
v -0.426132382 -0.145165324 -0.7546711745
v -0.6310114015 -0.4623220685 -0.06621173657
v -0.6153352692 -0.406313866 -0.04154238722
v -0.3553570757 -0.2581739806 -0.7048647396
v -0.4839055749 -0.2570097809 -0.6258217806
v -0.3396809434 -0.2021657976 -0.6801953686
v -0.4682294426 -0.2010015979 -0.6011524096
v 0.07461527272 -0.8030519724 0.2589758965
v 0.1749894603 -0.8039610402 0.1972570195
v 0.09029140016 -0.747043809 0.2836452479
v 0.1906655927 -0.7479528768 0.2219263514
v 0.5836069938 -0.7518878104 -0.1806235991
v -0.397827993 -0.7429994521 0.4228491324
v 0.8814534692 0.3122675286 0.2880940484
v -0.09998152748 0.321155926 0.8915667896
v 0.01905788475 -0.3155055833 -0.8126235022
v 0.316904354 0.7486497557 -0.3439058254
v 0.01831449777 -0.3123581142 -0.8192969966
v 0.3161609682 0.7517972639 -0.3505793589
v 0.1342480805 -0.7574504656 0.11755051
v 0.02248490061 -0.7564382406 0.1862723655
v 0.1499242031 -0.7014422239 0.1422198614
v 0.0381610305 -0.7004300772 0.2109417169
v -0.3629378364 -0.6958078208 0.293536471
v -0.06509137572 0.3683475574 0.7622541283
v -0.578027694 -0.5045299624 -0.0040532838
v -0.5147302263 -0.5051032015 -0.04297412863
v -0.5623515617 -0.448521799 0.02061606517
v -0.4990541331 -0.4490950381 -0.01830478027
v -0.4121500405 -0.6816316581 0.2926235652
v -0.1143035455 0.3825236417 0.7613412225
v -0.4809884668 -0.2504627265 -0.6425395498
v -0.3715049348 -0.251454273 -0.7098596778
v -0.4653123344 -0.1944545631 -0.617870218
v -0.3558288025 -0.1954461097 -0.685190346
v -0.526883153 -0.4948004853 -0.05864243741
v -0.586390123 -0.4942615537 -0.02205231307
v -0.5112070207 -0.438792322 -0.03397308722
v -0.5707139906 -0.4382533903 0.002617035894
v -0.3841844959 -0.6902913004 0.2945132529
v -0.08633802051 0.3738640386 0.7632309493
v -0.4072158451 -0.7126864353 0.3599934311
v -0.3557918319 -0.7131521701 0.3283734434
v -0.1093693698 0.351468884 0.8287110884
v -0.05794535171 0.3510031689 0.7970911007
v -0.3409124067 -0.7052308419 0.3009340239
v -0.04306594609 0.3589245363 0.7696516812
v 0.07156180145 -0.8015414285 0.2574865989
v 0.1750580947 -0.8024786941 0.1938479566
v 0.08723793379 -0.7455331868 0.2821559503
v 0.1907342271 -0.7464705308 0.218517308
v -0.5508440919 -0.5163814853 0.005580102656
v -0.518555149 -0.5166739207 -0.01427396909
v -0.5351679595 -0.460373322 0.03024945407
v -0.5028790558 -0.4606657573 0.01039538232
v -0.0558675461 -0.2786094424 -0.848779508
v -0.0804184567 -0.27838711 -0.83368339
v 0.2419789292 0.785545877 -0.3800618507
v 0.2174280284 0.7857682485 -0.3649657719
v -0.4115542823 -0.2421713992 -0.7054857192
v -0.4588932083 -0.2417426742 -0.6763776128
v -0.3958781499 -0.1861632359 -0.6808163874
v -0.4432170759 -0.1857344913 -0.651708281
v -0.04115228044 -0.2834713219 -0.8470921008
v -0.08561621395 -0.2830686212 -0.8197517655
v 0.2566941998 0.780684017 -0.3783744827
v 0.2122302614 0.7810866982 -0.3510341474
v -0.4068449649 -0.7071088196 0.3470945925
v -0.3673958795 -0.7074660708 0.3228378111
v -0.1089984993 0.3570465194 0.8158122106
v -0.06954939923 0.356689229 0.7915554684
v -0.5580975223 -0.5142959008 0.005454250108
v -0.515367263 -0.5146828773 -0.02082007132
v -0.54242139 -0.4582877375 0.03012359663
v -0.4996911307 -0.458674714 0.003849277641
v 0.1343167149 -0.7559681196 0.1141414568
v 0.01943142934 -0.7549276184 0.1847830484
v 0.1499928473 -0.6999599562 0.1388107984
v 0.03510755924 -0.698919455 0.2094523998
v -0.06041936667 -0.2777275738 -0.8478891604
v -0.0775586744 -0.2775723484 -0.8373504439
v 0.2374271087 0.7864277652 -0.3791715423
v 0.2202878009 0.7865830101 -0.3686327866
f 45 43 44
f 46 45 44
f 35 67 37
f 37 67 69
f 70 36 38
f 68 36 70
f 96 33 34
f 95 33 96
f 89 97 90
f 90 97 98
f 116 59 61
f 62 60 117
f 60 115 117
f 118 116 61
f 140 139 141
f 142 140 141
f 151 78 80
f 152 73 75
f 76 74 153
f 74 151 153
f 153 151 80
f 79 77 154
f 154 152 75
f 77 152 154
f 159 155 157
f 161 159 157
f 158 156 162
f 156 160 162
f 91 174 93
f 175 92 94
f 173 92 175
f 93 174 176
f 221 189 190
f 222 221 190
f 97 231 98
f 98 231 232
f 174 91 237
f 203 241 205
f 205 241 243
f 244 204 206
f 242 204 244
f 275 262 1
f 276 261 263
f 264 262 277
f 262 275 277
f 278 263 4
f 278 276 263
f 299 308 301
f 309 300 302
f 307 300 309
f 301 308 310
f 326 169 171
f 172 170 327
f 170 325 327
f 328 326 171
f 125 331 127
f 127 331 333
f 334 126 128
f 332 126 334
f 339 233 234
f 340 339 234
f 123 341 124
f 124 341 342
f 231 343 232
f 344 235 236
f 232 343 344
f 343 235 344
f 345 174 237
f 345 237 238
f 345 241 203
f 93 176 346
f 238 93 346
f 205 243 346
f 346 345 238
f 238 237 348
f 237 347 348
f 354 318 320
f 319 317 355
f 317 353 355
f 356 354 320
f 362 269 270
f 361 269 362
f 269 199 363
f 269 363 270
f 270 364 201
f 270 363 364
f 366 89 90
f 365 89 366
f 369 294 296
f 371 369 296
f 295 293 372
f 293 370 372
f 394 367 368
f 393 367 394
f 335 396 337
f 397 336 338
f 395 336 397
f 337 396 398
f 438 155 159
f 161 157 440
f 308 449 310
f 310 449 451
f 452 307 309
f 450 307 452
f 469 175 94
f 463 490 465
f 491 464 466
f 489 464 491
f 465 490 492
f 499 271 273
f 501 499 273
f 274 272 502
f 272 500 502
f 348 347 504
f 347 503 504
f 322 508 324
f 509 321 323
f 507 321 509
f 324 508 510
f 512 86 88
f 87 85 513
f 85 511 513
f 88 10 514
f 514 512 88
f 519 215 216
f 504 503 520
f 520 519 216
f 503 519 520
f 199 525 363
f 363 525 364
f 201 364 526
f 364 525 526
f 532 405 406
f 531 405 532
f 534 227 229
f 230 228 535
f 228 533 535
f 536 534 229
f 537 303 305
f 539 537 305
f 306 304 540
f 304 538 540
f 540 538 539
f 541 182 184
f 542 181 43
f 543 184 46
f 543 541 184
f 183 181 544
f 181 542 544
f 245 545 199
f 199 545 525
f 525 545 526
f 546 246 201
f 546 245 246
f 526 546 201
f 545 245 546
f 526 545 546
f 123 547 341
f 430 429 552
f 429 551 552
f 553 429 430
f 554 553 430
f 170 559 325
f 464 489 566
f 465 492 567
f 571 211 213
f 211 571 318
f 572 212 353
f 356 573 213
f 573 571 213
f 214 212 574
f 214 574 319
f 212 572 574
f 461 579 462
f 462 579 580
f 457 585 459
f 449 586 451
f 587 450 452
f 585 450 587
f 459 585 587
f 588 458 460
f 451 586 588
f 586 458 588
f 590 461 462
f 589 461 590
f 527 593 529
f 529 593 595
f 596 528 530
f 594 528 596
f 46 44 599
f 43 600 566
f 46 601 567
f 46 599 601
f 602 43 45
f 600 43 602
f 603 402 404
f 605 603 404
f 403 401 606
f 401 604 606
f 610 408 410
f 409 407 611
f 407 609 611
f 612 610 410
f 300 616 302
f 617 299 301
f 615 299 617
f 302 616 618
f 624 486 488
f 487 485 625
f 485 623 625
f 626 624 488
f 548 641 133
f 641 548 550
f 642 547 123
f 643 550 134
f 643 641 550
f 549 547 644
f 547 642 644
f 279 645 200
f 645 279 280
f 202 646 280
f 646 645 280
f 649 282 284
f 651 649 284
f 283 281 652
f 281 650 652
f 566 489 659
f 490 660 492
f 661 489 491
f 659 489 661
f 492 662 567
f 492 660 662
f 105 663 182
f 106 664 108
f 664 106 566
f 665 105 107
f 665 107 567
f 663 105 665
f 183 108 666
f 108 664 666
f 667 629 631
f 669 487 625
f 669 667 631
f 632 630 670
f 630 668 670
f 669 632 670
f 33 95 672
f 96 34 674
f 376 374 677
f 678 523 376
f 678 376 677
f 683 475 476
f 684 683 476
f 676 675 698
f 675 697 698
f 471 497 709
f 473 710 498
f 710 497 498
f 709 497 710
f 717 11 13
f 718 515 517
f 518 516 719
f 719 717 13
f 516 717 719
f 14 12 720
f 12 718 720
f 720 718 517
f 552 551 728
f 551 727 728
f 733 672 674
f 735 733 674
f 673 671 736
f 671 734 736
f 737 399 400
f 728 727 738
f 738 737 400
f 727 737 738
f 1 494 740
f 740 494 496
f 4 495 741
f 495 493 741
f 493 739 741
f 742 740 496
f 700 743 239
f 240 239 744
f 240 744 702
f 239 743 744
f 746 655 657
f 658 656 747
f 656 745 747
f 748 746 657
f 579 749 580
f 580 749 750
f 189 221 752
f 222 190 754
f 749 763 750
f 764 419 420
f 763 419 764
f 750 763 764
f 766 377 379
f 380 378 767
f 378 765 767
f 768 766 379
f 566 659 769
f 769 664 566
f 664 769 666
f 660 770 662
f 663 770 182
f 771 659 661
f 771 183 666
f 769 659 771
f 666 769 771
f 567 662 772
f 772 665 567
f 772 663 665
f 662 770 772
f 770 663 772
f 445 774 373
f 774 445 447
f 448 446 775
f 446 773 775
f 375 776 447
f 776 774 447
f 777 512 514
f 514 312 779
f 779 777 514
f 513 511 780
f 511 778 780
f 779 694 780
f 780 778 779
f 341 781 342
f 342 781 782
f 787 200 202
f 788 199 269
f 361 788 269
f 789 787 202
f 201 199 790
f 790 270 201
f 362 270 790
f 199 788 790
f 464 798 466
f 798 464 566
f 799 463 465
f 567 799 465
f 797 463 799
f 466 798 800
f 312 311 810
f 312 810 779
f 311 809 810
f 812 262 264
f 263 261 813
f 261 811 813
f 814 812 264
f 816 170 172
f 171 169 817
f 169 815 817
f 172 560 818
f 818 816 172
f 385 823 386
f 386 824 165
f 386 823 824
f 825 247 248
f 825 743 700
f 744 743 826
f 826 825 248
f 743 825 826
f 261 276 832
f 739 493 832
f 261 832 811
f 277 833 264
f 742 496 833
f 264 833 814
f 835 81 83
f 837 83 524
f 837 835 83
f 84 82 838
f 82 836 838
f 258 840 43
f 840 258 260
f 46 259 841
f 259 257 841
f 257 839 841
f 842 840 260
f 57 851 58
f 852 435 436
f 58 851 852
f 851 435 852
f 853 471 473
f 855 853 473
f 474 472 856
f 472 854 856
f 57 861 851
f 861 435 851
f 58 852 863
f 863 852 436
f 865 858 43
f 857 866 565
f 866 857 859
f 860 867 568
f 860 858 867
f 858 865 867
f 868 859 46
f 868 866 859
f 875 191 193
f 193 850 877
f 877 875 193
f 194 192 878
f 192 876 878
f 880 405 531
f 532 406 882
f 891 794 796
f 892 793 373
f 524 893 796
f 893 891 796
f 795 894 375
f 795 793 894
f 793 892 894
f 907 703 704
f 372 908 295
f 908 704 295
f 908 907 704
f 917 345 346
f 917 844 345
f 346 846 918
f 918 917 346
f 919 1 3
f 1 919 685
f 2 811 920
f 3 814 921
f 921 919 3
f 4 2 922
f 4 922 688
f 2 920 922
f 924 725 726
f 923 725 924
f 925 169 326
f 925 511 85
f 86 512 925
f 512 777 925
f 778 511 925
f 815 169 925
f 925 191 875
f 876 192 925
f 328 171 926
f 926 87 513
f 418 926 654
f 780 926 513
f 171 817 926
f 194 878 926
f 935 196 198
f 925 196 935
f 935 760 925
f 936 759 761
f 762 760 937
f 937 198 926
f 937 926 762
f 937 935 198
f 760 935 937
f 197 195 938
f 195 936 938
f 938 936 761
f 939 116 118
f 116 939 712
f 941 939 118
f 117 115 942
f 117 942 713
f 115 940 942
f 361 943 788
f 944 361 362
f 944 362 790
f 943 361 944
f 949 12 14
f 92 173 949
f 949 242 12
f 204 242 949
f 467 92 949
f 950 468 470
f 244 206 951
f 469 951 175
f 469 467 951
f 951 949 14
f 467 949 951
f 13 11 952
f 11 950 952
f 952 950 470
f 953 185 187
f 955 953 187
f 188 186 956
f 186 954 956
f 961 442 444
f 966 961 444
f 967 134 443
f 443 441 967
f 441 962 967
f 968 536 229
f 719 13 968
f 968 518 719
f 13 952 968
f 968 952 470
f 964 968 963
f 968 966 444
f 392 391 969
f 391 965 969
f 963 969 965
f 968 969 963
f 984 39 41
f 985 946 948
f 947 945 986
f 986 984 41
f 945 984 986
f 42 40 987
f 40 985 987
f 987 985 948
f 988 212 214
f 353 212 988
f 318 989 211
f 990 214 319
f 990 988 214
f 213 211 991
f 213 991 356
f 211 989 991
f 411 992 412
f 994 830 412
f 412 992 994
f 994 992 993
f 995 439 994
f 995 994 993
f 33 1000 34
f 1000 33 672
f 674 34 1001
f 34 1000 1001
f 189 752 1002
f 190 189 1003
f 189 1002 1003
f 1006 9 10
f 1007 10 88
f 1007 1006 10
f 1019 178 180
f 179 177 1020
f 177 1018 1020
f 1021 1019 180
f 1031 133 134
f 134 550 1031
f 1030 133 1031
f 1040 228 230
f 1042 1040 230
f 229 227 1043
f 229 1043 968
f 227 1041 1043
f 100 1044 1
f 1044 100 102
f 1045 99 832
f 1046 102 833
f 1046 1044 102
f 4 101 1047
f 101 99 1047
f 99 1045 1047
f 1048 869 871
f 1050 1048 871
f 872 870 1051
f 870 1049 1051
f 613 1052 614
f 614 1052 1053
f 1054 60 62
f 1055 888 890
f 889 887 1056
f 1056 1054 62
f 887 1054 1056
f 61 59 1057
f 59 1055 1057
f 1057 1055 890
f 1062 569 570
f 696 695 1063
f 1063 570 901
f 1063 1062 570
f 695 1062 1063
f 1070 224 226
f 1072 1070 226
f 225 223 1073
f 223 1071 1073
f 1074 553 554
f 1075 1074 554
f 715 1076 716
f 1077 597 598
f 1076 597 1077
f 716 1076 1077
f 1079 589 590
f 1078 589 1079
f 10 9 1081
f 10 1081 514
f 9 1080 1081
f 1087 365 366
f 1086 365 1087
f 1088 265 267
f 1089 28 30
f 29 27 1090
f 27 1088 1090
f 1090 1088 267
f 268 266 1091
f 1091 1089 30
f 266 1089 1091
f 103 1094 195
f 195 1094 936
f 1095 103 104
f 1094 103 1095
f 773 1096 974
f 775 1097 448
f 975 1097 775
f 975 974 1097
f 974 1096 1097
f 476 475 1105
f 475 1104 1105
f 1108 103 195
f 1108 195 197
f 1109 722 724
f 1109 196 925
f 722 1109 925
f 1110 104 723
f 723 721 1110
f 1095 104 1110
f 197 1095 1110
f 1110 1108 197
f 721 1108 1110
f 198 196 1111
f 198 1111 926
f 926 1111 724
f 196 1109 1111
f 1111 1109 724
f 139 140 1112
f 402 603 1112
f 650 281 1112
f 604 401 1113
f 282 649 1113
f 627 879 1113
f 1113 139 1112
f 605 404 1114
f 283 652 1114
f 142 141 1115
f 403 606 1115
f 628 627 1115
f 651 284 1115
f 627 1113 1115
f 1115 1113 1112
f 1114 142 1115
f 1114 1115 1112
f 367 1116 368
f 368 1116 1117
f 1118 221 222
f 221 1118 752
f 234 233 1119
f 1119 222 754
f 1119 754 234
f 1119 1118 222
f 233 1118 1119
f 1121 467 469
f 470 468 1122
f 468 1120 1122
f 1123 1121 469
f 1124 559 170
f 559 1124 560
f 816 1124 170
f 560 1125 818
f 560 1124 1125
f 497 471 1132
f 497 1132 498
f 471 853 1132
f 498 1133 473
f 1133 855 473
f 498 1132 1133
f 699 1135 373
f 1135 699 701
f 609 407 1137
f 623 485 1137
f 486 624 1137
f 629 667 1137
f 668 630 1137
f 374 1137 677
f 377 766 1137
f 647 1138 648
f 725 923 1138
f 1137 1138 677
f 1138 1137 1140
f 1139 1138 1140
f 676 698 1141
f 702 700 1141
f 700 1134 1141
f 1142 701 375
f 1142 1135 701
f 1137 1136 1143
f 1140 1137 1143
f 1144 523 678
f 924 726 1144
f 648 1138 1144
f 1144 1138 1139
f 523 1145 521
f 1145 1139 521
f 1144 1145 523
f 1145 1144 1139
f 1146 524 522
f 1140 1146 522
f 524 1146 1143
f 1143 1146 1140
f 119 1147 619
f 120 1148 122
f 1149 119 121
f 1149 121 621
f 1147 119 1149
f 122 1148 1150
f 1052 1151 1053
f 1053 1151 1152
f 505 1161 446
f 1161 505 506
f 1162 506 448
f 1162 1161 506
f 1163 1098 811
f 1164 1099 1101
f 1100 1098 1165
f 1098 1163 1165
f 1166 1101 814
f 1166 1164 1101
f 1059 1058 1168
f 1141 1168 702
f 1059 1168 1141
f 1058 1167 1168
f 89 1170 97
f 1170 231 97
f 343 231 1170
f 90 98 1172
f 98 232 1172
f 1174 57 58
f 1173 57 1174
f 1060 1175 1061
f 1176 1171 1061
f 1061 1175 1176
f 1177 285 287
f 43 1178 286
f 46 1179 287
f 1179 1177 287
f 288 286 1180
f 286 1178 1180
f 1187 40 42
f 1189 1187 42
f 41 39 1190
f 39 1188 1190
f 579 461 1191
f 461 589 1191
f 1191 749 579
f 419 763 1191
f 763 749 1191
f 1191 589 1078
f 1138 647 1191
f 462 580 1192
f 1192 590 462
f 580 750 1192
f 764 420 1192
f 1192 750 764
f 1079 590 1192
f 1144 1192 648
f 1193 407 409
f 1193 377 1137
f 1137 407 1193
f 1194 378 380
f 379 377 1195
f 377 1193 1195
f 1195 1193 409
f 410 408 1196
f 1196 1194 380
f 408 1194 1196
f 787 1197 200
f 1197 909 200
f 789 202 1198
f 202 910 1198
f 910 909 1198
f 909 1197 1198
f 1199 791 792
f 916 915 1200
f 1200 1199 792
f 915 1199 1200
f 375 373 1203
f 373 793 1203
f 375 1203 1205
f 1206 374 376
f 1204 374 1206
f 1207 311 312
f 1208 312 514
f 514 1081 1208
f 1081 1080 1208
f 1208 1207 312
f 1080 1207 1208
f 1209 249 251
f 1211 1209 251
f 252 250 1212
f 252 1212 968
f 250 1210 1212
f 43 1213 1036
f 1037 1214 565
f 1214 1037 1039
f 1038 1215 568
f 1038 1036 1215
f 1036 1213 1215
f 1216 1039 46
f 1216 1214 1039
f 1217 63 318
f 1218 64 66
f 64 1218 317
f 65 63 1219
f 65 1219 320
f 63 1217 1219
f 1220 66 319
f 1220 1218 66
f 1221 425 427
f 1223 1221 427
f 1222 1221 1223
f 428 426 1224
f 426 1222 1224
f 1224 1222 1223
f 1225 233 339
f 1225 827 829
f 1118 233 1225
f 752 1118 1225
f 1226 751 753
f 1226 821 751
f 992 411 1226
f 828 992 1226
f 234 1227 340
f 754 1227 234
f 754 752 1227
f 829 995 1227
f 752 1225 1227
f 1227 1225 829
f 1228 753 822
f 830 1228 412
f 830 828 1228
f 1228 1226 753
f 828 1226 1228
f 1033 1032 1230
f 1033 1230 1141
f 1032 1229 1230
f 1231 446 448
f 1232 445 373
f 448 506 1233
f 1233 1231 448
f 447 1234 375
f 447 445 1234
f 445 1232 1234
f 1236 272 274
f 273 271 1237
f 271 1235 1237
f 1238 1236 274
f 1239 561 563
f 1240 562 607
f 1241 1239 563
f 564 562 1242
f 562 1240 1242
f 1243 275 1
f 1 1044 1243
f 1243 1044 1046
f 1244 276 278
f 276 1244 832
f 832 1244 1045
f 277 275 1245
f 277 1245 833
f 1245 1046 833
f 275 1243 1245
f 1245 1243 1046
f 1246 278 4
f 1047 1246 4
f 1047 1045 1246
f 1246 1244 278
f 1045 1244 1246
f 931 1247 932
f 1248 807 808
f 1247 807 1248
f 932 1247 1248
f 1249 811 2
f 1249 1236 1238
f 1250 812 814
f 813 811 1251
f 811 1249 1251
f 1251 1249 1238
f 1252 814 3
f 1237 1235 1252
f 1252 1250 814
f 1235 1250 1252
f 1256 787 789
f 790 788 1257
f 788 1255 1257
f 1258 1256 789
f 616 1266 618
f 1267 615 617
f 1265 615 1267
f 618 1266 1268
f 1270 477 479
f 480 478 1271
f 478 1269 1271
f 1272 1270 479
f 1275 879 881
f 1113 1275 282
f 879 1275 1113
f 1276 281 283
f 281 1276 1112
f 284 282 1277
f 1277 881 628
f 284 1277 1115
f 1115 1277 628
f 282 1275 1277
f 1277 1275 881
f 882 880 1278
f 1278 283 1114
f 1278 1114 882
f 1278 1276 283
f 880 1276 1278
f 405 1283 406
f 405 880 1283
f 1284 393 394
f 406 1284 882
f 1283 393 1284
f 406 1283 1284
f 317 1286 353
f 320 1287 356
f 704 703 1290
f 673 736 1290
f 703 1289 1290
f 1292 358 360
f 359 357 1293
f 357 1291 1293
f 1294 360 1015
f 1294 1292 360
f 1297 43 566
f 1297 865 43
f 866 1298 565
f 1298 866 868
f 867 1299 568
f 867 865 1299
f 865 1297 1299
f 1300 46 567
f 46 1300 868
f 1300 1298 868
f 1301 633 635
f 634 19 1302
f 1303 1301 635
f 636 634 1304
f 634 1302 1304
f 314 1306 316
f 1307 313 315
f 1305 313 1307
f 316 1308 567
f 316 1306 1308
f 638 1310 640
f 1311 637 639
f 1309 637 1311
f 640 1310 1312
f 725 1313 726
f 1313 725 1138
f 1144 726 1314
f 726 1313 1314
f 1319 111 113
f 1320 112 900
f 1320 1209 1211
f 1321 113 968
f 968 1212 1321
f 1212 1210 1321
f 1321 1319 113
f 1210 1319 1321
f 114 112 1322
f 112 1320 1322
f 1322 1320 1211
f 1323 279 200
f 200 909 1323
f 1323 909 910
f 280 1324 202
f 280 279 1324
f 1324 910 202
f 279 1323 1324
f 1324 1323 910
f 1325 862 864
f 1326 861 57
f 1173 1326 57
f 1327 1325 864
f 1328 58 863
f 863 861 1328
f 1174 58 1328
f 861 1326 1328
f 1329 1330 1332
f 1331 1329 1332
f 1052 1334 1151
f 1053 1336 614
f 1338 1281 1282
f 1337 1281 1338
f 1339 164 166
f 164 1339 925
f 925 1339 722
f 1340 385 721
f 1340 721 723
f 163 823 1340
f 823 385 1340
f 724 722 1341
f 1341 166 926
f 724 1341 926
f 1341 1339 166
f 722 1339 1341
f 165 163 1342
f 1342 386 165
f 163 1340 1342
f 1342 1340 723
f 235 343 1343
f 1343 343 1170
f 1343 1170 1172
f 1060 1344 1175
f 1344 1169 1175
f 232 344 1345
f 1345 344 236
f 1172 232 1345
f 1345 1343 1172
f 1171 1346 1061
f 1171 1169 1346
f 1169 1344 1346
f 1351 1058 1059
f 1352 1059 1141
f 1352 1351 1059
f 1354 733 735
f 736 734 1355
f 1290 1355 704
f 736 1355 1290
f 734 1353 1355
f 1356 1354 735
f 393 1357 367
f 1357 880 882
f 1283 1357 393
f 880 1357 1283
f 394 368 1359
f 1284 394 1359
f 882 1284 1359
f 1359 1357 882
f 881 879 1360
f 881 1360 983
f 879 1358 1360
f 832 1361 686
f 1362 1 685
f 1362 685 687
f 1363 4 688
f 688 686 1363
f 686 1361 1363
f 1364 687 833
f 1364 1362 687
f 1370 432 434
f 433 431 1371
f 431 1369 1371
f 1372 1370 434
f 1374 1373 1376
f 1373 1375 1376
f 756 1377 438
f 1377 756 758
f 1378 755 819
f 440 1379 758
f 1379 1377 758
f 757 755 1380
f 757 1380 820
f 755 1378 1380
f 784 1381 167
f 1381 784 786
f 1382 997 999
f 998 996 1383
f 1383 1381 786
f 996 1381 1383
f 785 783 1384
f 1384 999 32
f 783 1382 1384
f 1384 1382 999
f 300 307 1385
f 307 450 1385
f 616 300 1385
f 302 1387 309
f 1387 452 309
f 587 452 1387
f 1016 1389 1017
f 1017 1389 1390
f 566 106 1391
f 568 566 1391
f 1391 313 1305
f 565 1392 1177
f 1180 1393 288
f 568 1393 1180
f 568 1391 1393
f 1394 565 567
f 567 1308 1394
f 1392 565 1394
f 1396 95 96
f 1395 95 1396
f 819 755 1401
f 1401 1201 1202
f 1402 757 820
f 820 819 1402
f 819 1401 1402
f 1402 1401 1202
f 1403 962 133
f 1404 961 966
f 967 1405 134
f 967 962 1405
f 962 1403 1405
f 1406 966 968
f 1406 1404 966
f 1408 499 501
f 502 500 1409
f 500 1407 1409
f 1410 1408 501
f 1413 746 748
f 1187 1413 40
f 746 1413 1187
f 1415 1413 748
f 747 745 1416
f 1190 1416 41
f 747 1416 1190
f 745 1414 1416
f 1417 1006 1007
f 88 1418 1007
f 1418 1417 1007
f 1420 250 252
f 251 249 1421
f 249 1419 1421
f 1422 252 968
f 1422 1420 252
f 1423 472 474
f 1423 1378 819
f 1424 1377 1379
f 820 1380 1425
f 1380 1378 1425
f 1425 1423 474
f 1378 1423 1425
f 473 471 1426
f 1379 440 1426
f 471 1424 1426
f 1426 1424 1379
f 1315 1428 1317
f 1429 1316 1318
f 1427 1316 1429
f 1317 1428 1430
f 1315 1431 454
f 1432 1316 453
f 1316 1432 1318
f 1433 1315 1317
f 1431 1315 1433
f 1434 455 1318
f 1318 1432 1434
f 607 562 1435
f 607 1435 608
f 608 1435 1436
f 1222 426 1437
f 1438 425 1221
f 1438 1221 1222
f 1437 1438 1222
f 1439 428 1224
f 1224 1223 1439
f 1223 427 1440
f 1223 1440 1439
f 1447 481 483
f 1448 482 373
f 1449 1447 483
f 484 1450 375
f 484 482 1450
f 375 1450 926
f 482 1448 1450
f 1451 494 1
f 1362 1451 1
f 1451 1362 1364
f 1452 493 495
f 493 1452 832
f 1452 1361 832
f 496 494 1453
f 833 496 1453
f 1453 1364 833
f 494 1451 1453
f 1453 1451 1364
f 1454 495 4
f 1363 1454 4
f 1363 1361 1454
f 1454 1452 495
f 1361 1452 1454
f 417 418 1456
f 1456 418 654
f 1455 417 1456
f 1457 835 837
f 524 1459 837
f 1459 1457 837
f 838 836 1460
f 836 1458 1460
f 48 1461 50
f 47 1462 566
f 566 1462 798
f 798 1462 800
f 50 1463 567
f 1463 799 567
f 1463 797 799
f 50 1461 1463
f 1461 797 1463
f 1464 47 49
f 1462 47 1464
f 800 1462 1464
f 1465 339 340
f 993 827 1465
f 1465 1225 339
f 827 1225 1465
f 995 993 1466
f 1227 1466 340
f 995 1466 1227
f 1466 1465 340
f 993 1465 1466
f 931 1467 1247
f 1248 1468 932
f 1469 1437 1439
f 1470 1438 1437
f 1439 1440 1471
f 1471 1469 1439
f 1472 21 1440
f 1440 1438 1472
f 1438 1470 1472
f 1474 556 558
f 1474 927 556
f 557 555 1475
f 968 557 1475
f 555 1473 1475
f 558 929 1476
f 1476 1474 558
f 844 1477 846
f 1477 844 917
f 843 1478 12
f 846 1479 918
f 846 1477 1479
f 14 1480 845
f 1480 843 845
f 1478 843 1480
f 1481 425 1438
f 1482 426 428
f 426 1482 1437
f 427 425 1483
f 427 1483 1440
f 425 1481 1483
f 1484 428 1439
f 1484 1482 428
f 477 1270 1494
f 1271 1495 480
f 435 1497 436
f 1497 435 861
f 1498 863 436
f 1498 1016 1017
f 436 1497 1498
f 1497 1016 1498
f 559 1503 325
f 327 1504 172
f 1504 560 172
f 1504 559 560
f 1503 559 1504
f 720 517 1508
f 1513 349 351
f 349 1513 438
f 440 1515 351
f 1515 1513 351
f 352 350 1516
f 350 1514 1516
f 1521 266 268
f 3 1 1522
f 59 116 1522
f 1 262 1522
f 1522 271 499
f 1522 116 712
f 262 812 1522
f 1055 59 1522
f 888 1055 1522
f 1235 271 1522
f 1522 812 1250
f 1250 1235 1522
f 499 1408 1522
f 1523 115 60
f 1523 500 272
f 711 1523 713
f 940 115 1523
f 711 940 1523
f 60 1054 1523
f 1054 887 1523
f 272 1236 1523
f 1523 1249 2
f 1236 1249 1523
f 1407 500 1523
f 267 265 1524
f 265 1521 1524
f 1524 1521 268
f 1525 118 61
f 1525 501 273
f 1525 712 714
f 941 118 1525
f 714 941 1525
f 61 1057 1525
f 1057 890 1525
f 273 1237 1525
f 1525 1252 3
f 1237 1252 1525
f 1410 501 1525
f 1525 3 1522
f 1525 1522 712
f 4 1526 2
f 62 117 1526
f 4 263 1526
f 274 502 1526
f 1526 117 713
f 263 813 1526
f 1056 62 1526
f 1526 889 1056
f 1238 274 1526
f 1526 813 1251
f 1251 1238 1526
f 1526 502 1409
f 1526 1523 2
f 713 1523 1526
f 1527 875 877
f 875 1527 925
f 925 1528 876
f 1529 1527 877
f 878 876 1530
f 926 878 1530
f 876 1528 1530
f 1532 1060 1061
f 1061 1346 1532
f 1531 1060 1532
f 331 125 1533
f 1533 619 1184
f 1534 620 622
f 127 333 1535
f 621 619 1535
f 619 1533 1535
f 1536 622 524
f 1536 1534 622
f 1537 391 392
f 1538 1537 392
f 1376 1540 202
f 1376 1375 1540
f 1375 1539 1540
f 1024 1541 200
f 1541 1024 1025
f 202 1542 1025
f 1542 1541 1025
f 1543 326 328
f 326 1543 925
f 1543 373 925
f 1448 373 1543
f 1544 1447 1449
f 325 1503 1544
f 926 1545 328
f 1450 1545 926
f 1450 1448 1545
f 1545 1543 328
f 1448 1543 1545
f 327 325 1546
f 325 1544 1546
f 1546 1544 1449
f 1226 411 1553
f 1554 411 412
f 412 1228 1554
f 1553 411 1554
f 1499 1555 1501
f 126 1556 128
f 1557 125 127
f 1555 125 1557
f 1501 1555 1557
f 1558 1500 1502
f 128 1556 1558
f 1556 1500 1558
f 1547 1559 1548
f 1548 1559 1560
f 1561 1562 1564
f 1563 1561 1564
f 694 693 1570
f 694 1570 780
f 693 1569 1570
f 1571 1386 1388
f 450 585 1572
f 1572 585 457
f 1385 450 1572
f 524 1573 1388
f 1573 1571 1388
f 459 587 1574
f 1574 587 1387
f 1387 1385 1574
f 1385 1572 1574
f 1575 1329 1331
f 1577 1575 1331
f 1332 1330 1578
f 1330 1576 1578
f 1583 537 539
f 538 1583 539
f 690 1584 565
f 1584 690 692
f 43 1585 689
f 1586 692 46
f 1586 1584 692
f 691 1587 568
f 691 689 1587
f 689 1585 1587
f 970 1588 971
f 1588 970 1259
f 1589 1395 1396
f 971 1588 1589
f 1588 1395 1589
f 1590 1417 1418
f 1591 1418 88
f 1591 1590 1418
f 1592 656 658
f 1593 1370 1372
f 1371 1369 1594
f 1594 1592 658
f 1369 1592 1594
f 657 655 1595
f 655 1593 1595
f 1595 1593 1372
f 454 1431 1596
f 1597 1432 453
f 1432 1597 1434
f 1598 1433 456
f 1598 1431 1433
f 1596 1431 1598
f 1434 1599 455
f 1434 1597 1599
f 1600 20 22
f 20 1600 1469
f 1469 1600 1437
f 1600 1485 1437
f 1601 19 634
f 20 1601 634
f 1486 1601 20
f 1601 1486 1488
f 1487 1485 1602
f 1602 1600 22
f 1485 1600 1602
f 21 19 1603
f 21 1603 1440
f 1440 1603 1488
f 19 1601 1603
f 1603 1601 1488
f 133 1604 421
f 641 1604 133
f 1604 641 643
f 422 1605 297
f 1605 422 424
f 134 423 1606
f 423 421 1606
f 1606 643 134
f 421 1604 1606
f 1606 1604 643
f 644 1607 298
f 644 642 1607
f 1607 1605 424
f 642 1605 1607
f 1608 290 43
f 43 840 1608
f 1608 840 842
f 289 1609 44
f 1609 289 291
f 44 1609 599
f 1609 839 599
f 292 1610 45
f 292 290 1610
f 45 1610 602
f 1610 842 602
f 290 1608 1610
f 1610 1608 842
f 1611 291 46
f 841 1611 46
f 841 839 1611
f 1611 1609 291
f 839 1609 1611
f 1612 1590 1591
f 1613 1612 1591
f 672 95 1614
f 1614 1259 1261
f 95 1395 1614
f 1614 1588 1259
f 1614 1395 1588
f 1615 671 673
f 1616 96 674
f 674 672 1616
f 1616 1261 971
f 1396 96 1616
f 1589 1616 971
f 1589 1396 1616
f 672 1614 1616
f 1616 1614 1261
f 1262 1260 1617
f 1617 1615 673
f 1260 1615 1617
f 1618 979 981
f 1619 1158 1160
f 524 1620 981
f 524 1159 1620
f 1159 1157 1620
f 1620 1618 981
f 1157 1618 1620
f 980 1621 390
f 980 978 1621
f 978 1619 1621
f 1621 1619 1160
f 1622 593 527
f 1622 1253 1254
f 570 569 1623
f 529 595 1623
f 1623 595 570
f 1254 930 1623
f 569 1622 1623
f 1623 1622 1254
f 1597 453 1624
f 1597 1624 1599
f 1310 1625 1312
f 1625 454 1596
f 1626 1309 1311
f 1599 1626 455
f 1624 1309 1626
f 1599 1624 1626
f 1312 1627 456
f 1627 1598 456
f 1627 1596 1598
f 1312 1625 1627
f 1625 1596 1627
f 248 247 1629
f 247 1628 1629
f 515 718 1631
f 1631 1506 515
f 1506 1631 1508
f 1632 1505 1507
f 1630 1505 1632
f 1633 720 1508
f 1508 1631 1633
f 1334 1634 1151
f 1634 1334 1336
f 895 1635 133
f 1635 895 897
f 1635 1333 133
f 898 896 1636
f 898 1636 1152
f 1152 1636 1053
f 1636 1336 1053
f 896 1634 1636
f 1636 1634 1336
f 134 1637 897
f 1335 1637 134
f 1335 1333 1637
f 1637 1635 897
f 1333 1635 1637
f 1505 1640 1507
f 1506 1641 515
f 1507 1640 1642
f 1508 517 1643
f 1643 1506 1508
f 1641 1506 1643
f 463 1644 490
f 1644 660 490
f 182 770 1644
f 770 660 1644
f 181 1645 43
f 1645 181 183
f 46 184 1646
f 184 182 1646
f 182 1644 1646
f 466 1647 491
f 1647 661 491
f 1647 183 771
f 661 1647 771
f 1647 1645 183
f 1135 1648 373
f 1648 1135 1142
f 697 675 1649
f 1137 1649 1136
f 1167 1058 1649
f 1229 1032 1649
f 1058 1351 1649
f 375 1650 1142
f 1650 1648 1142
f 1141 1134 1651
f 524 1143 1651
f 1651 1143 1141
f 1134 1649 1651
f 294 369 1652
f 733 1652 672
f 733 1354 1652
f 371 296 1653
f 440 1653 438
f 1356 735 1653
f 1653 1652 438
f 597 1654 598
f 597 1255 1654
f 1255 1273 1654
f 598 1655 1257
f 1257 1655 1274
f 1655 1273 1274
f 598 1654 1655
f 1654 1273 1655
f 1656 99 101
f 99 1656 832
f 832 1656 739
f 1657 100 1
f 740 1657 1
f 1657 740 742
f 1658 101 4
f 741 1658 4
f 741 739 1658
f 1658 1656 101
f 739 1656 1658
f 102 100 1659
f 833 102 1659
f 1659 742 833
f 100 1657 1659
f 1659 1657 742
f 1660 1537 1538
f 802 801 1661
f 801 1660 1661
f 1661 1660 1538
f 667 883 1662
f 1662 883 885
f 1662 609 1137
f 1137 667 1662
f 1663 610 612
f 610 1663 667
f 1663 884 667
f 611 609 1664
f 1664 670 611
f 1664 885 670
f 609 1662 1664
f 1664 1662 885
f 669 1665 612
f 669 886 1665
f 886 884 1665
f 1665 1663 612
f 884 1663 1665
f 1539 200 1666
f 200 1541 1666
f 1666 1541 1542
f 1540 1667 202
f 1540 1539 1667
f 1667 1542 202
f 1539 1666 1667
f 1667 1666 1542
f 1668 801 802
f 1669 1668 802
f 1670 1612 1613
f 1671 1670 1613
f 482 1673 373
f 1673 482 484
f 483 481 1674
f 481 1672 1674
f 1675 484 375
f 1675 1673 484
f 996 1638 1676
f 1677 1639 998
f 1677 1638 1639
f 1676 1638 1677
f 5 1678 7
f 1678 5 1550
f 1549 6 1679
f 1552 7 1680
f 7 1678 1680
f 1681 6 8
f 1681 8 1551
f 1679 6 1681
f 1682 880 531
f 1114 1112 1682
f 1276 880 1682
f 1112 1276 1682
f 1683 531 532
f 882 1683 532
f 1114 1683 882
f 1682 531 1683
f 1114 1682 1683
f 1684 911 913
f 1685 1482 1484
f 1483 1481 1686
f 1686 1684 913
f 1481 1684 1686
f 914 912 1687
f 912 1685 1687
f 1687 1685 1484
f 821 1688 822
f 1688 821 1226
f 1553 1688 1226
f 1689 1228 822
f 1228 1689 1554
f 1689 1553 1554
f 822 1688 1689
f 1688 1553 1689
f 1690 16 18
f 16 1690 993
f 1690 1490 993
f 1691 15 992
f 992 1489 1691
f 1691 1489 1491
f 995 1692 18
f 1492 1692 995
f 1492 1490 1692
f 1692 1690 18
f 1490 1690 1692
f 17 15 1693
f 17 1693 994
f 1693 1491 994
f 15 1691 1693
f 1693 1691 1491
f 1134 700 1694
f 1649 1134 1694
f 1694 1167 1649
f 1168 1695 702
f 1168 1167 1695
f 1167 1694 1695
f 996 1696 1381
f 1698 1373 1374
f 1699 1698 1374
f 92 1700 94
f 1700 92 467
f 237 91 1701
f 347 237 1701
f 1702 469 94
f 1123 469 1702
f 94 1700 1702
f 1703 91 93
f 1703 93 238
f 1701 91 1703
f 821 1704 751
f 822 753 1705
f 1705 821 822
f 1704 821 1705
f 481 1706 1672
f 483 1707 1449
f 105 1708 107
f 1708 105 182
f 106 1709 1391
f 567 107 1710
f 107 1708 1710
f 1711 106 108
f 183 1711 108
f 1709 106 1711
f 1716 1668 1669
f 973 972 1717
f 972 1716 1717
f 1717 1716 1669
f 1718 675 676
f 1649 675 1718
f 1649 1718 1136
f 1141 1719 676
f 1143 1136 1719
f 1143 1719 1141
f 1719 1718 676
f 1136 1718 1719
f 1721 51 52
f 1720 51 1721
f 1722 1348 1350
f 1723 912 914
f 913 911 1724
f 911 1722 1724
f 1724 1722 1350
f 1349 1347 1725
f 1725 1723 914
f 1347 1723 1725
f 1726 475 683
f 1726 899 569
f 899 1726 901
f 569 1062 1726
f 1062 695 1726
f 1104 475 1726
f 417 1455 1726
f 134 133 1727
f 533 228 1727
f 133 962 1727
f 962 441 1727
f 1727 228 1040
f 249 1209 1727
f 1727 1320 900
f 1209 1320 1727
f 1727 1419 249
f 684 476 1728
f 375 926 1728
f 926 418 1728
f 696 1063 1728
f 1728 1063 901
f 476 1105 1728
f 901 1726 1728
f 134 1729 443
f 230 535 1729
f 1729 902 114
f 1729 900 902
f 1042 230 1729
f 1729 1211 251
f 114 1322 1729
f 1322 1211 1729
f 251 1421 1729
f 1729 134 1727
f 1729 1727 900
f 1734 370 293
f 373 375 1734
f 734 671 1734
f 703 907 1734
f 1289 703 1734
f 1734 1353 734
f 671 1615 1734
f 1726 1455 1734
f 375 1728 1734
f 1734 1728 1726
f 1735 653 654
f 925 373 1735
f 654 926 1735
f 926 925 1735
f 373 1734 1735
f 1735 1734 653
f 1559 1736 1560
f 1560 1736 1737
f 1173 1738 1326
f 1739 1173 1174
f 1739 1174 1328
f 1738 1173 1739
f 1740 1032 1033
f 1740 697 1649
f 1649 1032 1740
f 698 697 1741
f 698 1741 1141
f 1141 1741 1033
f 697 1740 1741
f 1741 1740 1033
f 1742 815 925
f 1743 816 818
f 817 815 1744
f 817 1744 926
f 815 1742 1744
f 818 1125 1745
f 1745 1743 818
f 1004 1746 1005
f 1705 753 1747
f 1747 1704 1705
f 1005 1746 1747
f 1746 1704 1747
f 964 961 1748
f 968 964 1748
f 1748 1404 613
f 961 1404 1748
f 1749 613 614
f 1749 1406 968
f 1748 613 1749
f 968 1748 1749
f 152 77 1750
f 151 1751 78
f 154 1752 79
f 153 80 1753
f 1754 627 628
f 627 1754 879
f 628 881 1755
f 1755 1754 628
f 1713 1756 1715
f 321 285 1757
f 321 1757 323
f 285 1712 1757
f 1758 322 324
f 1758 288 1715
f 1756 322 1758
f 1715 1756 1758
f 1759 1714 1308
f 1759 1712 1714
f 323 1757 1759
f 1757 1712 1759
f 1760 575 577
f 1652 575 1760
f 1761 576 1734
f 1762 577 1653
f 1762 1760 577
f 578 576 1763
f 576 1761 1763
f 1768 329 330
f 329 1768 1231
f 1769 1768 330
f 547 1770 341
f 1770 547 549
f 341 1770 781
f 548 133 1771
f 133 1030 1771
f 342 1772 124
f 1772 549 124
f 1772 1770 549
f 550 548 1773
f 550 1773 1031
f 548 1771 1773
f 1774 896 873
f 1151 1774 1152
f 1634 896 1774
f 1151 1634 1774
f 1775 873 874
f 1775 898 1152
f 1774 873 1775
f 1152 1774 1775
f 336 1776 338
f 1580 1777 1582
f 1778 1579 1581
f 338 1776 1778
f 1776 1579 1778
f 1779 335 337
f 1777 335 1779
f 1582 1777 1779
f 647 1780 1191
f 1781 647 648
f 1192 1781 648
f 1780 647 1781
f 804 1783 806
f 1784 803 805
f 1782 803 1784
f 806 1785 1551
f 806 1783 1785
f 1630 1786 917
f 718 1787 1631
f 1631 1787 1633
f 1788 1632 918
f 1788 1630 1632
f 1786 1630 1788
f 1633 1789 720
f 1633 1787 1789
f 167 1790 168
f 1381 1790 167
f 1696 1790 1381
f 168 1791 1383
f 1383 1791 998
f 1791 1697 998
f 1791 1696 1697
f 168 1790 1791
f 1790 1696 1791
f 1750 77 1792
f 1793 831 1751
f 1793 1751 1753
f 1794 834 1752
f 1752 1750 1794
f 1750 1792 1794
f 1795 1793 1753
f 12 1796 718
f 1478 1796 12
f 1796 1787 718
f 1787 1796 1789
f 1797 1477 917
f 1477 1797 1479
f 917 1786 1797
f 720 1798 14
f 1798 1480 14
f 1798 1478 1480
f 1789 1798 720
f 1796 1478 1798
f 1789 1796 1798
f 918 1479 1799
f 1799 1788 918
f 1799 1786 1788
f 1479 1797 1799
f 1797 1786 1799
f 1800 777 779
f 778 1800 779
f 925 777 1800
f 1800 778 925
f 1802 1561 1563
f 1564 1562 1803
f 1562 1801 1803
f 1804 1563 524
f 1804 1802 1563
f 1201 1401 1805
f 1731 1201 1805
f 438 1730 1806
f 1806 1730 1732
f 1402 1202 1807
f 1202 1733 1807
f 1733 1731 1807
f 1731 1805 1807
f 440 1808 1732
f 1808 1806 1732
f 1809 478 480
f 1811 1809 480
f 479 477 1812
f 477 1810 1812
f 1813 336 395
f 1813 939 941
f 1776 336 1813
f 396 335 1814
f 335 1777 1814
f 397 338 1815
f 1815 941 714
f 1815 338 1778
f 1815 1813 941
f 1816 337 398
f 942 940 1816
f 337 1816 1779
f 940 1814 1816
f 1817 1445 1446
f 792 791 1818
f 791 1817 1818
f 1818 1817 1446
f 43 1819 44
f 1010 1819 43
f 1819 1010 1012
f 44 1820 1011
f 1819 1820 44
f 45 1821 1012
f 1821 1819 1012
f 1820 1819 1821
f 46 1822 45
f 1013 1822 46
f 1013 1011 1822
f 1011 1820 1822
f 1822 1821 45
f 1822 1820 1821
f 1823 828 830
f 828 1823 992
f 1823 1442 992
f 1824 827 993
f 1441 1824 993
f 1824 1441 1443
f 1825 830 994
f 1444 1825 994
f 1444 1442 1825
f 1825 1823 830
f 1442 1823 1825
f 829 827 1826
f 829 1826 995
f 1826 1443 995
f 827 1824 1826
f 1826 1824 1443
f 565 1827 857
f 565 1584 1827
f 1827 1584 1586
f 858 1828 43
f 1828 858 860
f 1828 1585 43
f 859 1829 46
f 859 857 1829
f 46 1829 1586
f 857 1827 1829
f 1829 1827 1586
f 568 1830 860
f 1587 1830 568
f 1587 1585 1830
f 1830 1828 860
f 1585 1828 1830
f 1736 1831 1737
f 1739 1328 1832
f 1832 1738 1739
f 1737 1831 1832
f 1831 1738 1832
f 1834 1298 1300
f 1299 1297 1835
f 1297 1833 1835
f 1836 1834 1300
f 1837 1834 1836
f 1838 870 872
f 871 869 1839
f 869 1837 1839
f 1839 1837 1836
f 1835 1833 1840
f 1840 1838 872
f 1833 1838 1840
f 36 68 1841
f 1842 67 35
f 1842 24 1270
f 1842 1270 1272
f 1843 70 38
f 1843 25 1271
f 1271 1269 1843
f 1269 1841 1843
f 37 69 1844
f 1272 26 1844
f 1844 1842 1272
f 135 1846 137
f 1847 136 138
f 1845 136 1847
f 137 1846 1848
f 807 1849 808
f 1247 1849 807
f 1467 1849 1247
f 808 1850 1248
f 1850 1468 1248
f 1850 1467 1468
f 808 1849 1850
f 1849 1467 1850
f 1851 891 893
f 373 680 1852
f 1852 680 682
f 1852 892 373
f 681 1853 524
f 681 679 1853
f 1853 893 524
f 679 1851 1853
f 1853 1851 893
f 375 1854 682
f 894 1854 375
f 894 892 1854
f 1854 1852 682
f 892 1852 1854
f 1856 1547 1548
f 1855 1547 1856
f 879 1861 1358
f 1861 982 1358
f 1754 1861 879
f 1861 1754 1755
f 1862 881 983
f 983 982 1862
f 881 1862 1755
f 982 1861 1862
f 1862 1861 1755
f 373 1863 1065
f 1566 1863 373
f 1863 1566 1568
f 1864 1064 1066
f 375 1067 1865
f 1067 1065 1865
f 1865 1568 375
f 1065 1863 1865
f 1865 1863 1568
f 1866 1066 524
f 1567 1866 524
f 1567 1565 1866
f 1866 1864 1066
f 1565 1864 1866
f 103 1867 104
f 385 1867 721
f 1867 103 1108
f 721 1867 1108
f 1868 385 386
f 104 1868 723
f 1868 386 1342
f 723 1868 1342
f 104 1867 1868
f 1867 385 1868
f 1870 1026 1028
f 1029 1027 1871
f 1027 1869 1871
f 1872 1870 1028
f 1873 982 983
f 1358 982 1873
f 983 1360 1874
f 1874 1873 983
f 1008 1875 1009
f 1875 1008 1191
f 1191 1780 1875
f 1009 1876 1192
f 1876 1781 1192
f 1876 1780 1781
f 1009 1875 1876
f 1875 1780 1876
f 1877 1240 607
f 608 564 1878
f 1878 607 608
f 564 1242 1878
f 1877 607 1878
f 1880 130 132
f 131 129 1881
f 129 1879 1881
f 1882 1880 132
f 1883 1517 1519
f 1883 1127 1751
f 1517 1883 1751
f 1884 1126 1128
f 1792 1126 1884
f 1884 1518 1792
f 1129 1127 1885
f 1129 1885 1753
f 1753 1885 1519
f 1127 1883 1885
f 1885 1883 1519
f 1520 1518 1886
f 1886 1128 1752
f 1520 1886 1752
f 1886 1884 1128
f 1518 1884 1886
f 36 1887 38
f 1841 23 1887
f 1887 36 1841
f 24 1888 26
f 1888 24 1842
f 35 1888 1842
f 1889 23 25
f 1889 25 1843
f 38 1889 1843
f 1887 23 1889
f 38 1887 1889
f 1890 35 37
f 26 1890 1844
f 1844 1890 37
f 26 1888 1890
f 1888 35 1890
f 54 1891 1158
f 1891 1857 1158
f 1857 1891 1859
f 53 1892 55
f 1893 54 56
f 1893 56 1160
f 1160 1859 1893
f 1891 54 1893
f 1859 1891 1893
f 1894 1858 1860
f 55 1892 1894
f 1892 1858 1894
f 1895 1670 1671
f 1896 1895 1671
f 1897 997 31
f 1897 1169 1171
f 365 1898 89
f 1898 996 998
f 365 1086 1898
f 1898 1170 89
f 999 997 1899
f 1899 1171 1176
f 997 1897 1899
f 1899 1897 1171
f 366 90 1900
f 1087 366 1900
f 1900 90 1172
f 1172 1170 1900
f 998 1639 1900
f 1900 1898 998
f 1170 1898 1900
f 1559 1547 1901
f 1736 1559 1901
f 1326 1738 1901
f 1901 1831 1736
f 1738 1831 1901
f 1901 1547 1855
f 1902 551 429
f 429 553 1902
f 727 551 1902
f 553 1074 1902
f 1902 791 1199
f 915 1902 1199
f 1325 1902 915
f 1902 1325 1327
f 1902 1817 791
f 1445 1817 1902
f 1328 1326 1903
f 1548 1560 1903
f 1903 1560 1737
f 1328 1903 1832
f 1832 1903 1737
f 1856 1548 1903
f 1326 1901 1903
f 430 552 1904
f 554 430 1904
f 1904 1075 554
f 1200 792 1904
f 1200 1904 916
f 1904 1327 916
f 792 1818 1904
f 1904 1818 1446
f 1904 1902 1327
f 1008 1905 1191
f 1906 1008 1009
f 1192 1906 1009
f 1905 1008 1906
f 54 1908 56
f 1158 1908 54
f 1909 53 55
f 1907 53 1909
f 56 1910 1160
f 1160 1910 1621
f 56 1908 1910
f 71 1911 72
f 72 1911 1912
f 1913 1239 1241
f 1914 1240 1877
f 1915 1913 1241
f 1242 1240 1916
f 1240 1914 1916
f 1917 1358 1873
f 1917 1873 1874
f 1103 1102 1918
f 1103 1918 1360
f 1360 1918 1874
f 1102 1917 1918
f 1918 1917 1874
f 144 1153 1919
f 1919 1153 1155
f 1920 1154 1137
f 1921 1155 146
f 1921 1919 1155
f 145 1156 1922
f 1156 1154 1922
f 1154 1920 1922
f 1923 454 456
f 1923 1315 454
f 1428 1315 1923
f 453 1316 1924
f 1316 1427 1924
f 1924 1549 1551
f 1925 1317 1430
f 456 1433 1925
f 1433 1317 1925
f 1552 1550 1925
f 1925 1923 456
f 1550 1923 1925
f 455 453 1926
f 455 1926 1318
f 1318 1926 1429
f 1551 8 1926
f 453 1924 1926
f 1926 1924 1551
f 1927 1292 1294
f 1337 1927 1281
f 1292 1927 1337
f 1771 1030 1927
f 1770 1928 781
f 1928 1770 1772
f 1929 1338 1282
f 1773 1771 1929
f 1929 1927 1294
f 1771 1927 1929
f 782 1930 342
f 1293 1930 782
f 1293 1291 1930
f 1930 1772 342
f 1291 1928 1930
f 1930 1928 1772
f 1932 783 785
f 786 784 1933
f 784 1931 1933
f 1934 1932 785
f 1936 1083 1085
f 1084 1082 1937
f 1082 1935 1937
f 1938 1936 1085
f 1948 159 161
f 438 159 1948
f 162 160 1949
f 160 1947 1949
f 440 1950 161
f 1950 1948 161
f 1130 1951 1131
f 1951 1130 1191
f 1191 1905 1951
f 1131 1952 1192
f 1952 1906 1192
f 1952 1905 1906
f 1131 1951 1952
f 1951 1905 1952
f 1953 148 150
f 1652 148 1953
f 1953 1939 1652
f 1954 147 1734
f 1940 1954 1734
f 1954 1940 1942
f 1955 150 1653
f 1653 1941 1955
f 1941 1939 1955
f 1955 1953 150
f 1939 1953 1955
f 149 147 1956
f 147 1954 1956
f 1956 1954 1942
f 1957 422 297
f 873 1957 874
f 1958 297 298
f 1958 424 874
f 298 1607 1958
f 1607 424 1958
f 1957 297 1958
f 874 1957 1958
f 1959 437 439
f 16 993 1959
f 993 437 1959
f 1960 15 17
f 15 1960 992
f 1960 437 993
f 992 1960 993
f 18 16 1961
f 18 1961 995
f 1961 439 995
f 16 1959 1961
f 1961 1959 439
f 439 437 1962
f 994 1962 17
f 439 1962 994
f 1962 1960 17
f 437 1960 1962
f 253 1963 255
f 255 1963 1965
f 1966 254 256
f 1964 254 1966
f 44 1967 217
f 43 218 1968
f 1968 218 220
f 219 1969 46
f 219 217 1969
f 217 1967 1969
f 45 1970 220
f 1970 1968 220
f 186 1971 954
f 185 953 1972
f 188 956 1973
f 187 1974 955
f 1975 1178 43
f 1177 1976 565
f 1976 1177 1179
f 1977 568 1180
f 1180 1178 1977
f 1178 1975 1977
f 1978 1179 46
f 1978 1976 1179
f 527 1979 1622
f 1979 1764 1622
f 1764 1979 1766
f 528 1980 530
f 1980 556 1765
f 1981 527 529
f 1981 529 1623
f 1766 1981 1623
f 1979 527 1981
f 1766 1979 1981
f 530 1982 558
f 558 1982 1767
f 1982 1765 1767
f 530 1980 1982
f 1980 1765 1982
f 1983 773 974
f 1983 974 975
f 1984 975 775
f 1984 775 1629
f 1629 1628 1984
f 1984 1983 975
f 1628 1983 1984
f 957 1985 1253
f 958 1986 960
f 958 1474 1986
f 1987 957 959
f 1254 1987 959
f 1985 957 1987
f 960 1986 1988
f 1990 793 795
f 793 1990 1203
f 796 1991 524
f 796 794 1991
f 794 1989 1991
f 795 375 1992
f 375 1205 1992
f 1992 1990 795
f 381 1993 383
f 1993 381 1924
f 1924 1427 1993
f 1428 1994 1430
f 1923 382 1994
f 1994 1428 1923
f 1995 1427 1429
f 383 1995 1926
f 1926 1995 1429
f 383 1993 1995
f 1993 1427 1995
f 1996 382 384
f 1996 384 1925
f 1430 1996 1925
f 1994 382 1996
f 1430 1994 1996
f 1435 1997 1436
f 1436 1997 1998
f 1999 683 684
f 683 1999 1726
f 1728 2000 684
f 2000 1999 684
f 1544 2001 1447
f 1503 2001 1544
f 2002 1504 327
f 2002 1503 1504
f 1546 2002 327
f 2001 1503 2002
f 387 2003 389
f 388 2004 1619
f 1619 2004 1158
f 2004 1908 1158
f 1908 2004 1910
f 2005 1907 1909
f 389 2003 2005
f 2003 1907 2005
f 2006 388 390
f 1621 2006 390
f 1910 2006 1621
f 2004 388 2006
f 1910 2004 2006
f 781 2007 782
f 781 1928 2007
f 1928 1291 2007
f 359 1293 2008
f 2008 1293 782
f 782 2007 2008
f 2009 431 433
f 2010 1048 1050
f 1051 1049 2011
f 2011 2009 433
f 1049 2009 2011
f 434 432 2012
f 432 2010 2012
f 2012 2010 1050
f 2013 471 709
f 1424 471 2013
f 2014 710 473
f 2014 709 710
f 1426 2014 473
f 2013 709 2014
f 2016 1575 1577
f 1578 1576 2017
f 1998 2017 1436
f 1578 2017 1998
f 1576 2015 2017
f 2018 2016 1577
f 2019 1301 1303
f 2021 2019 1303
f 1304 1302 2022
f 1302 2020 2022
f 1944 353 2023
f 354 2024 318
f 1943 2024 354
f 2024 1943 1945
f 355 2025 319
f 1946 2025 355
f 1946 1944 2025
f 1944 2023 2025
f 2026 1945 356
f 2026 2024 1945
f 2027 1944 1946
f 2029 2027 1946
f 1945 1943 2030
f 1943 2028 2030
f 47 2031 49
f 2031 47 566
f 48 2032 257
f 49 2033 260
f 49 2031 2033
f 2034 48 50
f 2034 50 567
f 2032 48 2034
f 1726 2035 1092
f 1999 2035 1726
f 2035 1999 2000
f 1093 1092 2036
f 1093 2036 1728
f 2036 2000 1728
f 1092 2035 2036
f 2036 2035 2000
f 2037 917 918
f 2037 1630 917
f 1505 1630 2037
f 1640 1505 2037
f 2037 1846 135
f 1253 1985 2037
f 1254 1253 2038
f 918 1632 2038
f 1632 1507 2038
f 2038 1507 1642
f 2038 137 1848
f 2038 2037 918
f 1253 2037 2038
f 2039 903 1793
f 904 2040 811
f 2040 904 906
f 905 2041 814
f 905 903 2041
f 903 2039 2041
f 2042 906 1794
f 2042 2040 906
f 2043 1037 565
f 1976 2043 565
f 2043 1976 1978
f 43 1036 2044
f 2044 1036 1038
f 2044 1975 43
f 1039 2045 46
f 1039 1037 2045
f 2045 1978 46
f 1037 2043 2045
f 2045 2043 1978
f 1038 568 2046
f 568 1977 2046
f 1977 1975 2046
f 2046 2044 1038
f 1975 2044 2046
f 2047 591 592
f 849 2047 850
f 850 2048 877
f 2048 592 1529
f 877 2048 1529
f 2048 2047 592
f 850 2047 2048
f 943 2049 788
f 788 2049 1255
f 2049 1273 1255
f 1273 2049 1274
f 944 790 2050
f 2050 943 944
f 790 1257 2050
f 2050 1257 1274
f 2049 943 2050
f 1274 2049 2050
f 1088 27 2051
f 2051 265 1088
f 2051 477 1494
f 1521 265 2051
f 1810 477 2051
f 130 1880 2051
f 2052 28 1089
f 1089 266 2052
f 1269 478 2052
f 2052 1493 1269
f 1493 2052 1495
f 266 1521 2052
f 478 1809 2052
f 1879 129 2052
f 2052 1521 2051
f 2053 29 1090
f 1090 267 2053
f 479 2053 1272
f 2053 1496 1272
f 2053 1494 1496
f 267 1524 2053
f 479 1812 2053
f 1882 132 2053
f 2053 2051 1494
f 1091 30 2054
f 2054 268 1091
f 1495 2054 480
f 1524 268 2054
f 480 2054 1811
f 131 1881 2054
f 1495 2052 2054
f 2054 2052 2051
f 2053 1524 2054
f 2053 2054 2051
f 811 2055 920
f 811 1098 2055
f 2055 1098 1100
f 2056 919 921
f 922 920 2057
f 920 2055 2057
f 2057 2055 1100
f 814 2058 921
f 814 1101 2058
f 1101 1099 2058
f 2058 2056 921
f 1099 2056 2058
f 1279 2059 1280
f 2059 1279 1343
f 1280 2060 1345
f 2060 1720 1721
f 1280 2059 2060
f 2059 1720 2060
f 204 2061 206
f 949 173 2061
f 2061 204 949
f 174 2062 176
f 2062 174 345
f 203 2062 345
f 2063 173 175
f 951 2063 175
f 206 2063 951
f 2061 173 2063
f 206 2061 2063
f 2064 203 205
f 346 176 2064
f 2064 205 346
f 176 2062 2064
f 2062 203 2064
f 208 2065 566
f 566 2065 2031
f 2031 2065 2033
f 207 2066 209
f 2066 207 257
f 257 2032 2066
f 2067 208 210
f 2067 210 260
f 260 2033 2067
f 2065 208 2067
f 2033 2065 2067
f 209 2068 567
f 567 2068 2034
f 2068 2032 2034
f 209 2066 2068
f 2066 2032 2068
f 1106 2069 1107
f 1424 2069 1106
f 2069 1424 2013
f 1107 2070 1426
f 2070 2014 1426
f 2070 2013 2014
f 1107 2069 2070
f 2069 2013 2070
f 67 2071 69
f 2071 67 1842
f 637 2072 639
f 68 2072 1841
f 2073 638 640
f 69 2073 1844
f 69 2071 2073
f 2071 638 2073
f 2074 68 70
f 70 1843 2074
f 2072 68 2074
f 639 2072 2074
f 1291 357 2075
f 2075 357 1531
f 2007 1291 2075
f 2007 2075 2008
f 2076 1531 1532
f 2076 359 2008
f 2075 1531 2076
f 2008 2075 2076
f 2077 1010 43
f 1011 2078 44
f 2078 1011 1013
f 1012 2079 45
f 1012 1010 2079
f 1010 2077 2079
f 2080 1013 46
f 2080 2078 1013
f 207 2081 257
f 257 2081 839
f 208 2082 210
f 2082 208 566
f 2083 207 209
f 2083 209 567
f 2081 207 2083
f 210 2084 260
f 260 2084 842
f 210 2082 2084
f 1137 2085 486
f 2086 485 487
f 485 2086 1137
f 488 486 2087
f 486 2085 2087
f 2088 487 669
f 631 2088 669
f 2088 2086 487
f 2089 140 142
f 1112 140 2089
f 2089 402 1112
f 2090 401 403
f 2090 139 1113
f 401 2090 1113
f 404 402 2091
f 2091 142 1114
f 404 2091 1114
f 2091 2089 142
f 402 2089 2091
f 141 139 2092
f 1115 141 2092
f 2092 403 1115
f 139 2090 2092
f 2092 2090 403
f 413 2093 415
f 2093 413 1391
f 541 2094 182
f 414 2094 541
f 415 2095 544
f 415 2093 2095
f 2096 414 416
f 2096 416 567
f 2094 414 2096
f 667 2097 883
f 884 2097 667
f 2097 884 886
f 567 565 2098
f 655 746 2098
f 869 1048 2098
f 2098 746 1187
f 2098 1187 1189
f 565 1298 2098
f 2098 432 1370
f 1593 655 2098
f 1370 1593 2098
f 1298 1834 2098
f 869 2098 1837
f 2098 1834 1837
f 2010 432 2098
f 1048 2010 2098
f 745 656 2099
f 1049 870 2099
f 2099 1297 566
f 1369 431 2099
f 745 2099 1414
f 2099 1188 1414
f 656 1592 2099
f 1592 1369 2099
f 1833 1297 2099
f 2099 870 1838
f 1838 1833 2099
f 2099 431 2009
f 2009 1049 2099
f 670 2100 669
f 885 2100 670
f 885 883 2100
f 2100 886 669
f 883 2097 2100
f 2100 2097 886
f 2101 748 657
f 1050 871 2101
f 2101 1300 567
f 1372 434 2101
f 1415 748 2101
f 1189 1415 2101
f 657 1595 2101
f 1595 1372 2101
f 1836 1300 2101
f 2101 871 1839
f 1839 1836 2101
f 2101 434 2012
f 2012 1050 2101
f 2101 567 2098
f 2101 2098 1189
f 568 2102 566
f 658 747 2102
f 2102 872 1051
f 2102 747 1190
f 1190 1188 2102
f 568 1299 2102
f 2102 433 1371
f 1594 658 2102
f 1371 1594 2102
f 1299 1835 2102
f 1840 872 2102
f 1835 1840 2102
f 2011 433 2102
f 1051 2011 2102
f 2102 2099 566
f 1188 2099 2102
f 2103 1932 71
f 783 1932 2103
f 2104 71 72
f 2103 71 2104
f 2105 1157 1159
f 2106 1266 616
f 2106 616 1385
f 2106 1385 1387
f 2107 1159 524
f 1388 2107 524
f 1388 1386 2107
f 2107 2105 1159
f 1386 2105 2107
f 618 2108 302
f 1160 1158 2108
f 618 1268 2108
f 2108 1387 302
f 1158 2106 2108
f 2108 2106 1387
f 2109 1457 1459
f 2111 1459 524
f 2111 2109 1459
f 1460 1458 2112
f 1458 2110 2112
f 2117 854 933
f 2117 1256 1258
f 2118 853 855
f 1076 2118 597
f 1076 715 2118
f 2118 1255 597
f 856 854 2119
f 856 2119 934
f 854 2117 2119
f 2119 2117 1258
f 855 1035 2120
f 1077 598 2120
f 716 1077 2120
f 2120 598 1257
f 1257 1255 2120
f 2120 2118 855
f 1255 2118 2120
f 2121 357 359
f 2121 1344 1060
f 357 2121 1531
f 1531 2121 1060
f 2122 1343 1345
f 51 1720 2122
f 2122 2059 1343
f 1720 2059 2122
f 1346 1344 2123
f 1346 2123 1532
f 2123 359 2076
f 1532 2123 2076
f 2123 2121 359
f 1344 2121 2123
f 360 358 2124
f 2124 1721 52
f 1345 2060 2124
f 2060 1721 2124
f 358 2122 2124
f 2124 2122 1345
f 2125 354 356
f 2125 1943 354
f 2126 353 1944
f 1945 2127 356
f 2127 2125 356
f 355 353 2128
f 2128 1946 355
f 353 2126 2128
f 2130 978 980
f 981 2131 524
f 981 979 2131
f 979 2129 2131
f 2132 2130 980
f 2133 752 754
f 752 2133 1002
f 2133 1375 1373
f 2133 200 1539
f 1375 2133 1539
f 1698 2133 1373
f 2134 199 201
f 2134 245 199
f 751 1704 2134
f 2134 1746 1004
f 1704 1746 2134
f 202 200 2135
f 754 190 2135
f 190 1003 2135
f 2135 1376 202
f 1374 1376 2135
f 1699 1374 2135
f 200 2133 2135
f 2135 2133 754
f 201 246 2136
f 753 751 2136
f 753 2136 1747
f 1747 2136 1005
f 2136 2134 201
f 751 2134 2136
f 1382 783 2137
f 2137 783 2103
f 1934 785 2138
f 2104 1934 2138
f 2138 2103 2104
f 2137 2103 2138
f 1533 125 2139
f 125 1555 2139
f 2139 1555 1499
f 2139 1990 1992
f 2140 1534 1536
f 2141 127 1535
f 1535 1533 2141
f 1557 127 2141
f 1501 1557 2141
f 1992 1205 2141
f 1533 2139 2141
f 2141 2139 1992
f 524 2142 1536
f 1991 2142 524
f 1991 1989 2142
f 2142 2140 1536
f 1989 2140 2142
f 896 2143 873
f 2143 896 898
f 2143 422 1957
f 873 2143 1957
f 421 2144 133
f 2144 421 423
f 2144 895 133
f 424 422 2145
f 424 2145 874
f 874 2145 1775
f 2145 898 1775
f 422 2143 2145
f 2145 2143 898
f 2146 423 134
f 897 2146 134
f 897 895 2146
f 2146 2144 423
f 895 2144 2146
f 803 2147 805
f 729 2148 731
f 2149 730 732
f 2147 730 2149
f 805 2147 2149
f 2150 804 806
f 731 2148 2150
f 2148 804 2150
f 2151 369 371
f 1652 369 2151
f 2152 370 1734
f 2153 371 1653
f 2153 2151 371
f 372 370 2154
f 372 2154 908
f 370 2152 2154
f 317 2155 64
f 2156 63 65
f 63 2156 318
f 66 64 2157
f 66 2157 319
f 64 2155 2157
f 320 2158 65
f 2158 2156 65
f 2159 350 352
f 2160 349 438
f 2160 438 1948
f 2160 1948 1950
f 1949 1947 2161
f 2161 2159 352
f 1947 2159 2161
f 351 349 2162
f 351 2162 440
f 2162 1950 440
f 349 2160 2162
f 2162 2160 1950
f 2163 903 905
f 1793 2163 831
f 903 2163 1793
f 832 2164 811
f 2164 832 834
f 811 2164 904
f 833 2165 814
f 833 831 2165
f 814 2165 905
f 831 2163 2165
f 2165 2163 905
f 906 904 2166
f 1794 2166 834
f 906 2166 1794
f 2166 2164 834
f 904 2164 2166
f 1640 2169 1642
f 2037 582 2169
f 2037 2169 1640
f 2170 581 515
f 581 2170 583
f 515 1641 2170
f 2171 582 584
f 2171 584 2038
f 2171 2038 1642
f 2169 582 2171
f 1642 2169 2171
f 583 2172 517
f 517 2172 1643
f 2172 1641 1643
f 583 2170 2172
f 2170 1641 2172
f 1550 2173 1678
f 1678 2173 1680
f 1782 2173 1550
f 1549 1679 2174
f 1783 1549 2174
f 1783 2174 1785
f 1552 1680 2175
f 1784 1552 2175
f 2175 1782 1784
f 1680 2173 2175
f 2173 1782 2175
f 2176 1681 1551
f 2176 1679 1681
f 1551 1785 2176
f 2174 1679 2176
f 1785 2174 2176
f 177 2177 1018
f 2177 2028 1018
f 178 1019 2178
f 2178 1019 2027
f 2178 2027 2029
f 179 1020 2179
f 2179 1020 2030
f 2030 2028 2179
f 2028 2177 2179
f 180 2180 1021
f 2180 2029 1021
f 2180 2178 2029
f 2181 907 908
f 1734 907 2181
f 2182 578 1763
f 2182 2181 908
f 600 2183 566
f 566 2183 2082
f 2082 2183 2084
f 599 2184 601
f 839 2184 599
f 2081 2184 839
f 2185 600 602
f 602 842 2185
f 842 2084 2185
f 2183 600 2185
f 2084 2183 2185
f 567 601 2186
f 2186 2083 567
f 2186 2081 2083
f 601 2184 2186
f 2184 2081 2186
f 1869 1027 2187
f 2187 1027 1919
f 2187 1919 1921
f 1026 1870 2188
f 1920 1026 2188
f 2188 2178 2180
f 1029 1871 2189
f 1921 1029 2189
f 2179 2177 2189
f 2189 2187 1921
f 2177 2187 2189
f 1872 1028 2190
f 2190 1028 1922
f 1922 1920 2190
f 1920 2188 2190
f 2190 2188 2180
f 1138 923 2191
f 2192 923 924
f 2192 924 1144
f 2191 923 2192
f 689 2193 43
f 2193 689 691
f 2193 1213 43
f 2194 690 565
f 565 1214 2194
f 2194 1214 1216
f 568 2195 691
f 1215 2195 568
f 1215 1213 2195
f 2195 2193 691
f 1213 2193 2195
f 692 2196 46
f 692 690 2196
f 46 2196 1216
f 690 2194 2196
f 2196 2194 1216
f 2197 1014 358
f 1014 2197 1015
f 109 2197 1292
f 1292 2197 358
f 2198 109 110
f 1294 2198 110
f 2198 1294 1015
f 2197 109 2198
f 1015 2197 2198
f 2199 1074 1075
f 1902 1074 2199
f 2199 1445 1902
f 1446 1445 2200
f 2200 1075 1904
f 1446 2200 1904
f 2200 2199 1075
f 1445 2199 2200
f 446 2201 773
f 2201 1096 773
f 1161 2201 446
f 2201 1161 1162
f 1097 2202 448
f 1097 1096 2202
f 448 2202 1162
f 1096 2201 2202
f 2202 2201 1162
f 297 2203 298
f 2203 642 123
f 297 1605 2203
f 1605 642 2203
f 2204 123 124
f 124 549 2204
f 2204 644 298
f 549 644 2204
f 2203 123 2204
f 298 2203 2204
f 954 1348 2205
f 2205 1438 1440
f 2205 1481 1438
f 911 1684 2205
f 1684 1481 2205
f 2205 1722 911
f 1348 1722 2205
f 2206 953 955
f 2206 1347 953
f 1437 1482 2206
f 2206 1685 912
f 1482 1685 2206
f 912 1723 2206
f 1723 1347 2206
f 956 954 2207
f 2207 1350 956
f 1440 1483 2207
f 2207 1686 913
f 1483 1686 2207
f 913 1724 2207
f 1724 1350 2207
f 954 2205 2207
f 2207 2205 1440
f 955 1349 2208
f 1439 1437 2208
f 2208 1484 1439
f 914 1687 2208
f 1687 1484 2208
f 2208 1725 914
f 1349 1725 2208
f 2208 2206 955
f 1437 2206 2208
f 2209 1263 1734
f 2181 2209 1734
f 2209 2181 2182
f 1264 1263 2210
f 149 1956 2210
f 1956 1942 2210
f 2182 149 2210
f 1263 2209 2210
f 2210 2209 2182
f 571 2211 318
f 2211 571 573
f 2212 572 353
f 2213 573 356
f 2213 2211 573
f 319 574 2214
f 574 572 2214
f 572 2212 2214
f 925 2215 86
f 1527 2215 925
f 2215 1527 1529
f 2216 85 87
f 85 2216 925
f 2216 1528 925
f 88 86 2217
f 2217 1591 88
f 1613 1591 2217
f 2217 1671 1613
f 1529 1896 2217
f 1896 1671 2217
f 86 2215 2217
f 2217 2215 1529
f 2218 87 926
f 1530 2218 926
f 1530 1528 2218
f 2218 2216 87
f 1528 2216 2218
f 241 2219 243
f 345 2219 241
f 844 2219 345
f 242 2220 12
f 12 2220 843
f 843 2220 845
f 346 243 2221
f 346 2221 846
f 2221 844 846
f 243 2219 2221
f 2219 844 2221
f 2222 242 244
f 2222 14 845
f 951 14 2222
f 244 951 2222
f 2220 242 2222
f 845 2220 2222
f 43 1397 2223
f 2223 1397 1399
f 43 2223 2077
f 44 2224 1398
f 2078 2224 44
f 2224 2078 2080
f 45 2225 1399
f 2079 2225 45
f 2079 2077 2225
f 2225 2223 1399
f 2077 2223 2225
f 1400 2226 46
f 1400 1398 2226
f 46 2226 2080
f 1398 2224 2226
f 2226 2224 2080
f 2227 19 21
f 19 2227 1302
f 503 347 2228
f 2228 215 519
f 519 503 2228
f 965 391 2228
f 965 2228 963
f 391 1537 2228
f 2228 1660 801
f 1537 1660 2228
f 801 1668 2228
f 2228 347 1701
f 2228 1716 972
f 1668 1716 2228
f 2229 303 537
f 2229 538 304
f 467 1121 2229
f 633 1301 2229
f 537 1583 2229
f 1583 538 2229
f 2229 1700 467
f 1700 2229 1702
f 2229 1301 2019
f 2229 2020 1302
f 1302 2227 2229
f 534 2231 227
f 11 717 2231
f 2231 717 516
f 950 11 2231
f 2231 468 950
f 2231 442 961
f 2231 961 964
f 963 2231 964
f 2231 1041 227
f 1120 468 2231
f 1210 250 2231
f 111 1319 2231
f 2231 1319 1210
f 250 1420 2231
f 2231 1473 555
f 2228 2231 963
f 2232 21 1472
f 1602 22 2232
f 1487 1602 2232
f 2232 2227 21
f 2229 2227 2232
f 22 20 2233
f 20 2230 2233
f 2232 22 2233
f 238 348 2234
f 348 504 2234
f 520 216 2234
f 2234 504 520
f 392 969 2234
f 1538 392 2234
f 802 1661 2234
f 2234 1661 1538
f 1669 802 2234
f 2234 1703 238
f 2234 1701 1703
f 973 1717 2234
f 2234 1717 1669
f 2234 2228 1701
f 2234 2231 2228
f 2230 2231 2234
f 2233 2230 2234
f 2233 2234 2232
f 539 305 2235
f 2235 306 540
f 540 539 2235
f 2235 968 470
f 969 968 2235
f 470 1122 2235
f 2235 1303 635
f 2235 636 1304
f 2235 1123 1702
f 2021 1303 2235
f 1304 2022 2235
f 1702 2229 2235
f 2232 2235 2229
f 2234 969 2235
f 2234 2235 2232
f 2236 82 84
f 2237 1802 1804
f 1803 1801 2238
f 2238 2236 84
f 1801 2236 2238
f 83 81 2239
f 83 2239 524
f 524 2239 1804
f 81 2237 2239
f 2239 2237 1804
f 1281 2240 1282
f 1030 2240 1927
f 1927 2240 1281
f 2241 1030 1031
f 1031 1773 2241
f 2241 1929 1282
f 1773 1929 2241
f 2240 1030 2241
f 1282 2240 2241
f 2242 1295 1138
f 1295 2242 1296
f 2191 2242 1138
f 1296 2243 1144
f 1144 2243 2192
f 2243 2191 2192
f 1296 2242 2243
f 2242 2191 2243
f 1078 2244 1191
f 2244 1467 1191
f 1467 2244 1468
f 2245 1078 1079
f 2245 1079 1192
f 2245 1192 1468
f 2244 1078 2245
f 1468 2244 2245
f 712 2246 714
f 712 939 2246
f 2246 1813 395
f 939 1813 2246
f 396 2247 398
f 2247 940 711
f 396 1814 2247
f 1814 940 2247
f 2248 395 397
f 2248 397 1815
f 2248 1815 714
f 2246 395 2248
f 714 2246 2248
f 2249 711 713
f 713 942 2249
f 2249 1816 398
f 942 1816 2249
f 398 2247 2249
f 2247 711 2249
f 1997 2250 1998
f 2015 1576 2250
f 1997 2015 2250
f 1332 1578 2251
f 2251 1578 1998
f 1998 2250 2251
f 1579 2252 1581
f 730 2253 732
f 2254 729 731
f 2252 729 2254
f 1581 2252 2254
f 2255 1580 1582
f 732 2253 2255
f 2253 1580 2255
f 2256 972 973
f 2256 215 2228
f 972 2256 2228
f 216 215 2257
f 216 2257 2234
f 2257 973 2234
f 215 2256 2257
f 2257 2256 973
f 2258 933 934
f 2258 1197 787
f 1256 2258 787
f 2258 2117 933
f 2258 1256 2117
f 2259 789 1198
f 1198 1197 2259
f 2259 1258 789
f 934 2119 2259
f 2119 1258 2259
f 2259 2258 934
f 1197 2258 2259
f 245 2264 246
f 2264 245 2134
f 1004 2264 2134
f 2265 1004 1005
f 246 2265 2136
f 2136 2265 1005
f 246 2264 2265
f 2264 1004 2265
f 1510 2266 1572
f 1963 2266 1965
f 2267 1148 120
f 1509 2267 1511
f 2268 1510 1512
f 2268 1512 1574
f 2266 1510 2268
f 1965 2266 2268
f 2269 122 1150
f 2269 1964 1966
f 1511 2267 2269
f 2267 1964 2269
f 2270 1397 43
f 1968 2270 43
f 2270 1968 1970
f 1398 2271 44
f 2271 1398 1400
f 2271 1967 44
f 1399 2272 45
f 1399 1397 2272
f 2272 1970 45
f 1397 2270 2272
f 2272 2270 1970
f 2273 1400 46
f 46 1969 2273
f 1969 1967 2273
f 2273 2271 1400
f 1967 2271 2273
f 51 2274 52
f 2122 2274 51
f 52 2275 2124
f 52 2274 2275
f 2276 534 536
f 2276 442 2231
f 534 2276 2231
f 2277 441 443
f 1727 441 2277
f 2277 533 1727
f 444 442 2278
f 444 2278 968
f 2278 536 968
f 442 2276 2278
f 2278 2276 536
f 535 533 2279
f 443 1729 2279
f 1729 535 2279
f 2279 2277 443
f 533 2277 2279
f 43 2280 542
f 541 2281 314
f 2281 541 543
f 314 2281 1306
f 2282 315 544
f 544 542 2282
f 1307 315 2282
f 542 2280 2282
f 2283 543 46
f 2283 2281 543
f 2284 925 926
f 2285 926 780
f 2285 2284 926
f 2286 77 79
f 77 2286 1792
f 2286 1126 1792
f 2287 1127 1129
f 1751 2287 78
f 1751 1127 2287
f 1128 1126 2288
f 1752 2288 79
f 1752 1128 2288
f 2288 2286 79
f 1126 2286 2288
f 80 78 2289
f 1753 80 2289
f 2289 1129 1753
f 78 2287 2289
f 2289 2287 1129
f 2290 1354 1356
f 2290 294 1652
f 1354 2290 1652
f 2291 293 295
f 293 2291 1734
f 2291 1353 1734
f 296 294 2292
f 1653 296 2292
f 2292 1356 1653
f 294 2290 2292
f 2292 2290 1356
f 704 2293 295
f 1355 2293 704
f 1355 1353 2293
f 2293 2291 295
f 1353 2291 2293
f 2294 1092 1093
f 2294 417 1726
f 1092 2294 1726
f 418 417 2295
f 1728 418 2295
f 1728 2295 1093
f 417 2294 2295
f 2295 2294 1093
f 927 2296 929
f 2296 927 1474
f 958 2296 1474
f 957 2297 959
f 1253 928 2297
f 2297 957 1253
f 2298 958 960
f 929 2298 1476
f 1476 2298 960
f 929 2296 2298
f 2296 958 2298
f 2299 928 930
f 2299 930 1254
f 959 2299 1254
f 2297 928 2299
f 959 2297 2299
f 2300 819 820
f 854 472 2300
f 933 854 2300
f 472 1423 2300
f 2300 1423 819
f 474 856 2301
f 2301 856 934
f 934 933 2301
f 1425 474 2301
f 2301 820 1425
f 2301 2300 820
f 933 2300 2301
f 2303 1913 1915
f 1912 2304 72
f 1916 2304 1912
f 1916 1914 2304
f 1914 2302 2304
f 2305 2303 1915
f 2306 2260 2231
f 2261 2307 2229
f 2307 2261 2263
f 2235 2262 2308
f 2262 2260 2308
f 2260 2306 2308
f 2235 2309 2263
f 2309 2307 2263
f 2310 945 947
f 2310 2155 317
f 2311 2156 2158
f 2157 2155 2312
f 2312 2310 947
f 2155 2310 2312
f 948 946 2313
f 2313 2158 320
f 946 2311 2313
f 2313 2311 2158
f 2314 119 619
f 2314 619 621
f 2314 1963 253
f 1572 2266 2314
f 2266 1963 2314
f 2315 1571 1573
f 621 121 2316
f 1574 1572 2316
f 255 1965 2316
f 2316 2268 1574
f 1965 2268 2316
f 2316 2314 621
f 1572 2314 2316
f 622 2317 524
f 622 620 2317
f 2317 1573 524
f 620 2315 2317
f 2317 2315 1573
f 440 438 2318
f 438 1377 2318
f 2318 1424 1106
f 1377 1424 2318
f 2319 1106 1107
f 440 2319 1426
f 1426 2319 1107
f 440 2318 2319
f 2318 1106 2319
f 2320 976 358
f 976 2320 977
f 358 1014 2320
f 360 977 2321
f 1015 360 2321
f 2321 1014 1015
f 977 2320 2321
f 2320 1014 2321
f 1442 2322 992
f 2322 1442 1444
f 2322 1489 992
f 993 2323 1441
f 1490 2323 993
f 2323 1490 1492
f 994 2324 1444
f 1491 2324 994
f 1491 1489 2324
f 2324 2322 1444
f 1489 2322 2324
f 995 1443 2325
f 1443 1441 2325
f 2325 1492 995
f 1441 2323 2325
f 2325 2323 1492
f 2326 1285 318
f 1286 2327 353
f 2327 1286 1288
f 1287 2328 356
f 1287 1285 2328
f 1285 2326 2328
f 2329 1288 319
f 2329 2327 1288
f 2330 239 240
f 700 239 2330
f 1694 700 2330
f 2331 240 702
f 702 1695 2331
f 1695 1694 2331
f 2331 2330 240
f 1694 2330 2331
f 2332 1022 1023
f 1022 2332 1726
f 2332 1104 1726
f 1105 1104 2333
f 1728 2333 1023
f 1728 1105 2333
f 2333 2332 1023
f 1104 2332 2333
f 2334 1351 1352
f 2334 1229 1649
f 1649 1351 2334
f 1230 2335 1141
f 1230 1229 2335
f 1141 2335 1352
f 1229 2334 2335
f 2335 2334 1352
f 1846 2336 1848
f 2336 1846 2037
f 1985 2336 2037
f 1986 2337 1988
f 1987 1254 2338
f 2338 1985 1987
f 1254 2038 2338
f 2338 2038 1848
f 1848 2336 2338
f 2336 1985 2338
f 2339 1845 1847
f 2337 1845 2339
f 1988 2337 2339
f 2340 680 373
f 1065 2340 373
f 2340 1065 1067
f 2341 679 681
f 682 2342 375
f 682 680 2342
f 2342 1067 375
f 680 2340 2342
f 2342 2340 1067
f 524 2343 681
f 1066 2343 524
f 1066 1064 2343
f 2343 2341 681
f 1064 2341 2343
f 613 2344 1052
f 2344 1334 1052
f 1404 2344 613
f 2344 1404 1406
f 133 1333 2345
f 2345 1333 1335
f 2345 1403 133
f 1336 2346 614
f 1336 1334 2346
f 614 2346 1749
f 2346 1406 1749
f 1334 2344 2346
f 2346 2344 1406
f 2347 1335 134
f 1405 2347 134
f 1405 1403 2347
f 2347 2345 1335
f 1403 2345 2347
f 2348 1455 1456
f 1734 2348 847
f 1455 2348 1734
f 2349 654 848
f 848 847 2349
f 2349 1456 654
f 847 2348 2349
f 2349 2348 1456
f 286 2350 43
f 2350 286 288
f 2350 2280 43
f 2351 285 321
f 507 2351 321
f 2351 1365 2281
f 2351 2281 2283
f 324 510 2352
f 2352 288 1758
f 324 2352 1758
f 2282 2280 2352
f 2352 2350 288
f 2280 2350 2352
f 287 2353 46
f 287 285 2353
f 2353 2283 46
f 285 2351 2353
f 2353 2351 2283
f 2354 576 578
f 1734 576 2354
f 2354 2152 1734
f 2355 575 1652
f 2151 2355 1652
f 2355 2151 2153
f 2154 2356 908
f 2154 2152 2356
f 2356 578 2182
f 908 2356 2182
f 2356 2354 578
f 2152 2354 2356
f 577 575 2357
f 577 2357 1653
f 1653 2357 2153
f 575 2355 2357
f 2357 2355 2153
f 853 1034 2358
f 1132 853 2358
f 1132 2358 1133
f 2359 1035 855
f 2359 1034 1035
f 1133 2359 855
f 2358 1034 2359
f 1133 2358 2359
f 2360 1880 1882
f 2360 1810 2051
f 2051 1880 2360
f 2361 1809 1811
f 1809 2361 2052
f 2052 2361 1879
f 1812 1810 2362
f 1812 2362 2053
f 2053 2362 1882
f 1810 2360 2362
f 2362 2360 1882
f 1881 1879 2363
f 2054 2363 1811
f 2054 1881 2363
f 2363 2361 1811
f 1879 2361 2363
f 780 1570 2365
f 1570 1569 2365
f 1569 2364 2365
f 1576 1330 2366
f 2250 1576 2366
f 2250 2366 2251
f 1331 1332 2367
f 2367 1332 2251
f 2251 2366 2367
f 2368 1027 1029
f 1919 2368 144
f 1027 2368 1919
f 2369 143 145
f 143 2369 1137
f 2369 1026 1920
f 1137 2369 1920
f 146 144 2370
f 146 2370 1921
f 2370 1029 1921
f 144 2368 2370
f 2370 2368 1029
f 1028 1026 2371
f 1922 2371 145
f 1028 2371 1922
f 2371 2369 145
f 1026 2369 2371
f 40 2372 985
f 2372 946 985
f 1413 2372 40
f 2372 1413 1415
f 318 2156 2372
f 2372 2311 946
f 2156 2311 2372
f 2373 317 319
f 2373 39 984
f 984 945 2373
f 1188 39 2373
f 1414 1188 2373
f 2373 2310 317
f 945 2310 2373
f 320 318 2374
f 42 987 2374
f 987 948 2374
f 42 2374 1189
f 2374 1415 1189
f 2374 2313 320
f 948 2313 2374
f 318 2372 2374
f 2374 2372 1415
f 41 2375 986
f 2375 947 986
f 1416 2375 41
f 1416 1414 2375
f 319 2157 2375
f 2375 2312 947
f 2157 2312 2375
f 2375 2373 319
f 1414 2373 2375
f 71 2376 1911
f 1932 2376 71
f 2376 1932 1934
f 2376 2302 1911
f 2377 2303 2305
f 72 2378 2104
f 2378 1934 2104
f 2304 2378 72
f 2304 2302 2378
f 2378 2376 1934
f 2302 2376 2378
f 1933 1931 2379
f 1931 2377 2379
f 2379 2377 2305
f 2380 453 455
f 2380 637 1309
f 453 2380 1624
f 1624 2380 1309
f 2072 637 2380
f 1841 2072 2380
f 1310 638 2381
f 2381 454 1625
f 1310 2381 1625
f 2381 1842 1844
f 638 2071 2381
f 2381 2071 1842
f 2382 1311 639
f 455 1626 2382
f 1626 1311 2382
f 1843 1841 2382
f 2074 2382 639
f 1843 2382 2074
f 2382 2380 455
f 1841 2380 2382
f 456 454 2383
f 2383 1312 456
f 640 1312 2383
f 2073 640 2383
f 1844 2073 2383
f 454 2381 2383
f 2383 2381 1844
f 73 152 2384
f 1083 73 2384
f 74 2385 151
f 1082 2385 74
f 2385 1082 1084
f 75 2386 154
f 1085 2386 75
f 1085 1083 2386
f 1083 2384 2386
f 76 153 2387
f 1084 76 2387
f 2387 2385 1084
f 2388 2167 2168
f 779 810 2389
f 810 809 2389
f 2389 2168 779
f 809 2388 2389
f 2389 2388 2168
f 2390 695 696
f 695 2390 1726
f 1726 2390 1022
f 1023 1022 2391
f 2391 696 1728
f 2391 1728 1023
f 2391 2390 696
f 1022 2390 2391
f 2392 1895 1896
f 592 591 2393
f 592 2393 1529
f 2393 1896 1529
f 591 2392 2393
f 2393 2392 1896
f 1911 2394 1912
f 2394 1914 1877
f 1911 2302 2394
f 2302 1914 2394
f 1878 1242 2395
f 2395 1877 1878
f 1242 1916 2395
f 2395 1916 1912
f 2394 1877 2395
f 1912 2394 2395
f 2396 177 179
f 177 2396 2177
f 2396 1869 2187
f 2396 2187 2177
f 2397 1870 1872
f 2397 178 2178
f 2188 1870 2397
f 2178 2188 2397
f 1871 1869 2398
f 2398 179 2179
f 2189 1871 2398
f 2179 2189 2398
f 2398 2396 179
f 1869 2396 2398
f 180 178 2399
f 180 2399 2180
f 2399 1872 2190
f 2399 2190 2180
f 178 2397 2399
f 2399 2397 1872
f 1330 1329 2400
f 2400 1329 1575
f 1575 2016 2400
f 2366 1330 2400
f 2366 2400 2367
f 2401 784 167
f 1239 2401 561
f 1239 1913 2401
f 1931 784 2401
f 1913 2303 2401
f 2377 1931 2401
f 2401 2303 2377
f 2401 2400 561
f 1241 563 2402
f 1577 1331 2402
f 2018 1577 2402
f 2402 1331 2367
f 2367 2400 2402
f 2402 2400 2401
f 2403 167 168
f 2403 168 1383
f 1383 786 2403
f 1915 1241 2403
f 786 1933 2403
f 2305 1915 2403
f 2403 1933 2379
f 2403 2379 2305
f 2403 2401 167
f 2403 1241 2402
f 2403 2402 2401
f 2404 1638 996
f 1638 2404 1639
f 1898 2404 996
f 1086 2404 1898
f 2405 1086 1087
f 1900 2405 1087
f 1639 2405 1900
f 2404 1086 2405
f 1639 2404 2405
f 6 2406 8
f 2406 6 1549
f 381 2406 1924
f 1924 2406 1549
f 382 2407 384
f 5 2407 1550
f 2407 382 1923
f 1550 2407 1923
f 2408 381 383
f 8 2408 1926
f 1926 2408 383
f 8 2406 2408
f 2406 381 2408
f 2409 5 7
f 2409 7 1552
f 384 2409 1925
f 1925 2409 1552
f 2407 5 2409
f 384 2407 2409
f 2410 1034 853
f 1034 2410 1035
f 715 2410 2118
f 2118 2410 853
f 2411 715 716
f 2120 2411 716
f 1035 2411 2120
f 2410 715 2411
f 1035 2410 2411
f 1347 2412 953
f 2412 1347 1349
f 953 2412 1972
f 2413 1348 954
f 1971 2413 954
f 2413 1971 1973
f 2414 1349 955
f 1974 2414 955
f 1974 1972 2414
f 2414 2412 1349
f 1972 2412 2414
f 1350 2415 956
f 1350 1348 2415
f 956 2415 1973
f 1348 2413 2415
f 2415 2413 1973
f 900 112 2416
f 900 2416 902
f 593 2417 595
f 899 2417 569
f 569 2417 1622
f 2417 593 1622
f 2418 594 596
f 902 2418 114
f 2416 594 2418
f 902 2416 2418
f 595 2419 570
f 570 2419 901
f 2419 899 901
f 595 2417 2419
f 2417 899 2419
f 2420 1698 1699
f 1002 2133 2420
f 2133 1698 2420
f 1003 1002 2421
f 1003 2421 2135
f 2135 2421 1699
f 1002 2420 2421
f 2421 2420 1699
f 2422 1470 1437
f 1437 1485 2422
f 2422 1485 1487
f 2423 20 1469
f 2423 1469 1471
f 2423 1486 20
f 1472 1470 2424
f 2424 2232 1472
f 2232 2424 1487
f 1470 2422 2424
f 2424 2422 1487
f 1440 2425 1471
f 1488 2425 1440
f 1488 1486 2425
f 2425 2423 1471
f 1486 2423 2425
f 928 2426 930
f 2426 928 1253
f 1622 2426 1253
f 1764 2426 1622
f 927 2427 556
f 556 2427 1765
f 1765 2427 1767
f 930 2428 1623
f 1623 2428 1766
f 2428 1764 1766
f 930 2426 2428
f 2426 1764 2428
f 2429 929 558
f 2429 927 929
f 1767 2429 558
f 2427 927 2429
f 1767 2427 2429
f 2430 155 438
f 1652 2430 438
f 1939 2430 1652
f 2430 1939 1941
f 2431 156 158
f 1734 156 2431
f 1734 2431 1940
f 157 155 2432
f 157 2432 440
f 440 2432 1653
f 2432 1941 1653
f 155 2430 2432
f 2432 2430 1941
f 1942 1940 2433
f 2433 2431 158
f 1940 2431 2433
f 331 2434 333
f 2434 331 1533
f 2434 1533 1184
f 1183 2435 1185
f 2436 1186 621
f 2436 1184 1186
f 333 2436 1535
f 1535 2436 621
f 333 2434 2436
f 2434 1184 2436
f 2437 332 334
f 2435 332 2437
f 1185 2435 2437
f 2438 1102 1103
f 400 399 2439
f 399 2438 2439
f 2439 2438 1103
f 2440 144 146
f 144 2440 1153
f 2440 765 1153
f 2441 766 768
f 2441 143 1137
f 1137 766 2441
f 767 765 2442
f 1155 2442 146
f 767 2442 1155
f 2442 2440 146
f 765 2440 2442
f 145 143 2443
f 145 2443 1156
f 2443 768 1156
f 143 2441 2443
f 2443 2441 768
f 1389 2444 1390
f 2445 1068 1069
f 2445 1069 1261
f 2444 1068 2445
f 1390 2444 2445
f 2446 630 632
f 1137 2446 623
f 630 2446 1137
f 2447 624 626
f 624 2447 1137
f 2447 629 1137
f 625 623 2448
f 625 2448 669
f 2448 632 669
f 623 2446 2448
f 2448 2446 632
f 631 629 2449
f 2449 2447 626
f 629 2447 2449
f 1203 2450 1205
f 1203 1990 2450
f 2450 2139 1499
f 1990 2139 2450
f 1500 2451 1502
f 2452 1499 1501
f 1205 2452 2141
f 2141 2452 1501
f 1205 2450 2452
f 2450 1499 2452
f 2453 1204 1206
f 2451 1204 2453
f 1502 2451 2453
f 2454 223 225
f 2455 1936 1938
f 1937 1935 2456
f 2456 2454 225
f 1935 2454 2456
f 226 224 2457
f 224 2455 2457
f 2457 2455 1938
f 182 2458 1708
f 1708 2458 1710
f 2094 2458 182
f 1709 2459 1391
f 1391 2459 2093
f 2093 2459 2095
f 567 1710 2460
f 2460 2096 567
f 2460 2094 2096
f 1710 2458 2460
f 2458 2094 2460
f 544 2461 183
f 2461 1711 183
f 2461 1709 1711
f 2095 2461 544
f 2459 1709 2461
f 2095 2459 2461
f 419 2462 420
f 1191 2462 419
f 1130 2462 1191
f 2463 1130 1131
f 420 2463 1192
f 1192 2463 1131
f 420 2462 2463
f 2462 1130 2463
f 2464 1019 1021
f 1019 2464 2027
f 2027 2464 1944
f 2464 2126 1944
f 1018 2028 2465
f 2028 1943 2465
f 2465 1943 2125
f 2465 2125 2127
f 1021 2029 2466
f 2029 1946 2466
f 2466 1946 2128
f 2128 2126 2466
f 2466 2464 1021
f 2126 2464 2466
f 1020 1018 2467
f 1020 2467 2030
f 2030 2467 1945
f 2467 2127 1945
f 1018 2465 2467
f 2467 2465 2127
f 2468 48 257
f 2468 257 259
f 797 2468 463
f 1461 48 2468
f 797 1461 2468
f 2468 1644 463
f 2469 258 43
f 43 1645 2469
f 2469 1645 1647
f 2470 259 46
f 1646 2470 46
f 1646 1644 2470
f 2470 2468 259
f 1644 2468 2470
f 2471 49 260
f 260 258 2471
f 800 2471 466
f 1464 49 2471
f 800 1464 2471
f 2471 1647 466
f 258 2469 2471
f 2471 2469 1647
f 2472 164 925
f 2473 163 165
f 166 164 2474
f 166 2474 926
f 164 2472 2474
f 165 824 2475
f 2475 2473 165
f 685 919 2476
f 1099 1164 2476
f 2476 1793 1795
f 919 2056 2476
f 2476 2056 1099
f 2477 686 688
f 686 2477 832
f 2477 1792 832
f 687 685 2478
f 687 2478 833
f 2478 1795 833
f 685 2476 2478
f 2478 2476 1795
f 688 922 2479
f 1100 1165 2479
f 1794 1792 2479
f 922 2057 2479
f 2479 2057 1100
f 2479 2477 688
f 1792 2477 2479
f 2480 1071 185
f 1972 2480 185
f 2480 1972 1974
f 1070 2481 186
f 2481 1070 1072
f 2481 1971 186
f 1073 2482 187
f 1073 1071 2482
f 2482 1974 187
f 1071 2480 2482
f 2482 2480 1974
f 2483 1072 188
f 1973 2483 188
f 1973 1971 2483
f 2483 2481 1072
f 1971 2481 2483
f 235 2484 236
f 2484 235 1343
f 1343 1279 2484
f 2485 1279 1280
f 236 2485 1345
f 2485 1280 1345
f 236 2484 2485
f 2484 1279 2485
f 43 2486 218
f 290 2486 43
f 2486 290 292
f 44 217 2487
f 2487 217 219
f 2487 289 44
f 220 2488 45
f 220 218 2488
f 2488 292 45
f 218 2486 2488
f 2488 2486 292
f 2489 219 46
f 46 291 2489
f 291 289 2489
f 2489 2487 219
f 289 2487 2489
f 1068 2490 1069
f 970 2490 1259
f 2490 1068 1259
f 2491 970 971
f 971 1261 2491
f 1261 1069 2491
f 2490 970 2491
f 1069 2490 2491
f 438 1513 2493
f 2493 1513 1515
f 1516 1514 2494
f 1514 2492 2494
f 2495 1515 440
f 2495 2493 1515
f 330 329 2496
f 1706 2496 1672
f 330 2497 1674
f 1674 2497 483
f 2497 1707 483
f 2497 1706 1707
f 330 2496 2497
f 2496 1706 2497
f 1777 1580 2498
f 1814 1777 2498
f 730 2498 2253
f 2498 1580 2253
f 1579 1776 2499
f 2499 1776 1813
f 2499 1813 1815
f 2252 2499 729
f 2252 1579 2499
f 1779 2500 1582
f 1816 2500 1779
f 1816 1814 2500
f 732 2255 2500
f 2500 2255 1582
f 1814 2498 2500
f 1778 1581 2501
f 1815 1778 2501
f 2501 1581 2254
f 2501 2499 1815
f 2502 1263 1264
f 1734 2502 653
f 1734 1263 2502
f 654 653 2503
f 654 2503 848
f 653 2502 2503
f 2503 2502 1264
f 31 2504 32
f 31 997 2504
f 997 1382 2504
f 2504 1382 2137
f 2505 1384 32
f 785 1384 2505
f 2138 785 2505
f 2505 2137 2138
f 32 2504 2505
f 2504 2137 2505
f 2506 699 373
f 373 774 2506
f 2506 774 776
f 2507 700 702
f 247 825 2507
f 2507 825 700
f 1628 247 2507
f 2507 773 1983
f 1628 2507 1983
f 701 2508 375
f 701 699 2508
f 2508 776 375
f 699 2506 2508
f 2508 2506 776
f 702 744 2509
f 775 773 2509
f 2509 826 248
f 744 826 2509
f 1629 2509 248
f 775 2509 1629
f 2509 2507 702
f 773 2507 2509
f 2510 1420 1422
f 2231 2510 1041
f 1420 2510 2231
f 2511 1040 1042
f 1040 2511 1727
f 2511 1419 1727
f 1043 2512 968
f 1043 1041 2512
f 968 2512 1422
f 1041 2510 2512
f 2512 2510 1422
f 1421 1419 2513
f 1729 2513 1042
f 1421 2513 1729
f 2513 2511 1042
f 1419 2511 2513
f 119 2514 121
f 2514 119 2314
f 253 2514 2314
f 254 2515 256
f 254 1964 2515
f 2515 2267 120
f 1964 2267 2515
f 2516 253 255
f 121 2516 2316
f 2316 2516 255
f 121 2514 2516
f 2514 253 2516
f 2517 120 122
f 2517 1966 256
f 122 2269 2517
f 2269 1966 2517
f 2515 120 2517
f 256 2515 2517
f 1175 1169 2518
f 1175 2518 1176
f 2518 1897 31
f 1169 1897 2518
f 2519 31 32
f 32 999 2519
f 999 1899 2519
f 2519 1899 1176
f 2518 31 2519
f 1176 2518 2519
f 2520 831 833
f 831 2520 1751
f 2520 2113 1751
f 832 1792 2521
f 1792 2114 2521
f 2521 2114 2116
f 833 1795 2522
f 1795 1753 2522
f 2522 1753 2115
f 2115 2113 2522
f 2522 2520 833
f 2113 2520 2522
f 834 832 2523
f 834 2523 1752
f 1752 2523 2116
f 832 2521 2523
f 2523 2521 2116
f 2524 603 605
f 603 2524 1112
f 1112 2524 650
f 2525 649 651
f 1113 2525 604
f 649 2525 1113
f 652 650 2526
f 1114 2526 605
f 652 2526 1114
f 2526 2524 605
f 650 2524 2526
f 606 604 2527
f 606 2527 1115
f 1115 2527 651
f 604 2525 2527
f 2527 2525 651
f 678 677 2528
f 677 1138 2528
f 1138 1295 2528
f 2529 1144 678
f 2529 1296 1144
f 2529 1295 1296
f 678 2528 2529
f 2528 1295 2529
f 672 2530 1000
f 1000 2530 1001
f 1652 2530 672
f 735 674 2531
f 2531 674 1001
f 1653 735 2531
f 2531 1652 1653
f 1001 2530 2531
f 2530 1652 2531
f 2532 516 518
f 516 2532 2231
f 2532 1473 2231
f 2533 1474 1476
f 2533 136 1845
f 1474 2533 1986
f 2533 1845 2337
f 1986 2533 2337
f 2534 518 968
f 1475 2534 968
f 1475 1473 2534
f 2534 2532 518
f 1473 2532 2534
f 517 515 2535
f 1476 960 2535
f 2535 1847 138
f 960 1988 2535
f 2339 1847 2535
f 1988 2339 2535
f 515 2533 2535
f 2535 2533 1476
f 2536 1163 811
f 2537 1164 1166
f 1164 2537 2476
f 2476 2537 1793
f 1165 1163 2538
f 1165 2538 2479
f 2479 2538 1794
f 1163 2536 2538
f 2539 1166 814
f 2539 2537 1166
f 2541 2109 2111
f 2112 2110 2542
f 2110 2540 2542
f 2543 2111 524
f 2543 2541 2111
f 2544 192 194
f 192 2544 925
f 925 2544 2472
f 2545 809 311
f 2545 191 925
f 2545 9 1006
f 1080 9 2545
f 311 1207 2545
f 1207 1080 2545
f 2545 1006 1417
f 1569 693 2545
f 1417 1590 2545
f 1590 1612 2545
f 2545 1612 1670
f 1670 1895 2545
f 2545 591 2047
f 2047 849 2545
f 2284 2545 925
f 2545 2364 1569
f 2388 809 2545
f 2167 2388 2545
f 2392 591 2545
f 1895 2392 2545
f 2545 2473 2475
f 2546 194 926
f 926 2474 2546
f 2474 2472 2546
f 2546 2544 194
f 2472 2544 2546
f 193 191 2547
f 191 2545 2547
f 2547 2545 2475
f 2548 1181 1182
f 2548 1260 1181
f 1615 1260 2548
f 2548 1289 1734
f 1734 1615 2548
f 1182 1262 2549
f 2549 673 1290
f 1290 1289 2549
f 1617 673 2549
f 1262 1617 2549
f 2549 2548 1182
f 1289 2548 2549
f 988 2550 353
f 2550 988 990
f 353 2550 2023
f 318 2551 989
f 2024 2551 318
f 2551 2024 2026
f 319 2552 990
f 2025 2552 319
f 2025 2023 2552
f 2552 2550 990
f 2023 2550 2552
f 991 2553 356
f 991 989 2553
f 356 2553 2026
f 989 2551 2553
f 2553 2551 2026
f 619 1147 2554
f 1184 619 2554
f 1184 2554 1186
f 2555 308 299
f 449 308 2555
f 586 449 2555
f 2555 458 586
f 299 615 2555
f 1148 2555 1150
f 615 1265 2555
f 2555 1892 53
f 1858 1892 2555
f 53 1907 2555
f 2555 2003 387
f 1907 2003 2555
f 2555 1148 2267
f 1509 2555 2267
f 2556 1149 621
f 2556 1147 1149
f 621 1186 2556
f 2554 1147 2556
f 1186 2554 2556
f 301 310 2557
f 2557 310 451
f 451 588 2557
f 588 460 2557
f 617 301 2557
f 2557 1183 1185
f 2557 1267 617
f 2557 55 1894
f 2557 1894 1860
f 1909 55 2557
f 389 2005 2557
f 2005 1909 2557
f 2557 2269 1150
f 1511 2269 2557
f 1150 2555 2557
f 2555 1183 2557
f 2558 756 438
f 438 1806 2558
f 2558 1806 1808
f 2559 755 757
f 755 2559 1401
f 1401 2559 1805
f 758 2560 440
f 758 756 2560
f 2560 1808 440
f 756 2558 2560
f 2560 2558 1808
f 2561 757 1402
f 1807 2561 1402
f 1807 1805 2561
f 2561 2559 757
f 1805 2559 2561
f 2562 1550 1552
f 803 1782 2562
f 2562 1782 1550
f 2147 2562 730
f 2147 803 2562
f 2562 2498 730
f 804 2563 1783
f 2563 1549 1783
f 729 2563 2148
f 2563 804 2148
f 2499 2563 729
f 2563 2499 2501
f 805 2564 1784
f 2564 1552 1784
f 2149 732 2564
f 805 2149 2564
f 2564 732 2500
f 2500 2498 2564
f 2564 2562 1552
f 2498 2562 2564
f 2565 806 1551
f 1551 1549 2565
f 731 2150 2565
f 2150 806 2565
f 2254 731 2565
f 2501 2254 2565
f 1549 2563 2565
f 2565 2563 2501
f 1138 1191 2566
f 1313 1138 2566
f 1313 2566 1314
f 2567 1192 1144
f 2567 1191 1192
f 1314 2567 1144
f 2566 1191 2567
f 1314 2566 2567
f 2568 1566 373
f 373 1648 2568
f 2568 1648 1650
f 1565 2569 1137
f 2569 1565 1567
f 2569 1649 1137
f 1568 2570 375
f 1568 1566 2570
f 2570 1650 375
f 1566 2568 2570
f 2570 2568 1650
f 1567 524 2571
f 2571 524 1651
f 1651 1649 2571
f 2571 2569 1567
f 1649 2569 2571
f 2572 705 707
f 2572 130 2051
f 2051 705 2572
f 2573 129 131
f 129 2573 2052
f 2052 2573 706
f 132 130 2574
f 132 2574 2053
f 2053 2574 707
f 130 2572 2574
f 2574 2572 707
f 708 706 2575
f 2575 131 2054
f 2054 708 2575
f 2575 2573 131
f 706 2573 2575
f 1676 2576 996
f 2576 1696 996
f 1696 2576 1697
f 2577 1677 998
f 2577 1676 1677
f 998 1697 2577
f 2576 1676 2577
f 1697 2576 2577
f 582 2578 584
f 135 2578 2037
f 2578 582 2037
f 136 2579 138
f 581 2579 515
f 2579 136 2533
f 515 2579 2533
f 2580 135 137
f 2580 137 2038
f 584 2580 2038
f 2578 135 2580
f 584 2578 2580
f 583 517 2581
f 2581 581 583
f 2581 2535 138
f 517 2535 2581
f 138 2579 2581
f 2579 581 2581
f 2582 1124 816
f 1124 2582 1125
f 1743 2582 816
f 1411 2582 1743
f 2583 1411 1412
f 1125 2583 1745
f 1125 2582 2583
f 2582 1411 2583
f 1116 2584 1117
f 2585 1855 1856
f 2585 1856 1903
f 1117 2584 2585
f 2584 1855 2585
f 2586 2130 2132
f 2587 2541 2543
f 2542 2540 2588
f 2588 2586 2132
f 2540 2586 2588
f 2131 2589 524
f 2131 2129 2589
f 524 2589 2543
f 2129 2587 2589
f 2589 2587 2543
f 2590 823 163
f 823 2590 824
f 2473 2590 163
f 824 2591 2475
f 2475 2591 2547
f 824 2590 2591
f 2592 915 916
f 2592 862 1325
f 2592 1325 915
f 1182 1181 2593
f 1327 864 2593
f 916 1327 2593
f 2593 2592 916
f 1181 2592 2593
f 2594 693 694
f 693 2594 2545
f 2545 2594 2167
f 2595 694 779
f 2168 2595 779
f 2168 2167 2595
f 2595 2594 694
f 2167 2594 2595
f 1365 2596 1367
f 507 2596 2351
f 2596 1365 2351
f 2597 508 322
f 508 2597 510
f 2597 322 1366
f 2598 509 323
f 2598 507 509
f 1759 2598 323
f 1367 2598 1759
f 2596 507 2598
f 1367 2596 2598
f 2599 1366 1368
f 2599 1368 2282
f 510 2599 2352
f 2352 2599 2282
f 510 2597 2599
f 2597 1366 2599
f 1411 2600 1412
f 761 2601 938
f 1412 2601 761
f 1412 2600 2601
f 1191 2602 1192
f 1467 931 2602
f 1191 1467 2602
f 2603 931 932
f 1468 2603 932
f 1192 2603 1468
f 2602 931 2603
f 1192 2602 2603
f 374 2604 1137
f 2604 2085 1137
f 388 2605 390
f 81 835 2605
f 836 82 2605
f 2605 1458 836
f 1562 1561 2605
f 2605 388 1619
f 1619 978 2605
f 2605 1801 1562
f 1561 1802 2605
f 2110 1458 2605
f 978 2130 2605
f 82 2236 2605
f 2605 2236 1801
f 2237 81 2605
f 2605 1802 2237
f 2540 2110 2605
f 2605 2130 2586
f 2605 2586 2540
f 2086 2606 1137
f 2606 2086 2088
f 2607 794 891
f 835 1457 2607
f 620 1534 2607
f 2607 1565 1137
f 1386 1571 2607
f 2607 979 1618
f 1618 1157 2607
f 1851 679 2607
f 891 1851 2607
f 1064 1864 2607
f 1864 1565 2607
f 1989 794 2607
f 1157 2105 2607
f 2105 1386 2607
f 2607 1457 2109
f 2129 979 2607
f 2607 1534 2140
f 2140 1989 2607
f 2315 620 2607
f 2607 1571 2315
f 2607 679 2341
f 2607 2341 1064
f 2607 2109 2541
f 2587 2129 2607
f 2587 2607 2541
f 2605 835 2607
f 1137 2606 2607
f 126 332 2608
f 1204 2608 374
f 1556 126 2608
f 2608 1500 1556
f 2608 332 2435
f 2435 1183 2608
f 1204 2451 2608
f 2451 1500 2608
f 2608 2555 387
f 1183 2555 2608
f 2608 2604 374
f 523 521 2609
f 2609 521 1139
f 1140 2609 1139
f 2604 2608 2609
f 522 524 2610
f 522 2610 1140
f 2610 2609 1140
f 2087 2085 2611
f 2085 2604 2611
f 2611 2604 2609
f 626 488 2612
f 488 2087 2612
f 2612 2088 631
f 2449 626 2612
f 2449 2612 631
f 2612 2606 2088
f 2607 2606 2612
f 2612 2610 2607
f 2609 2610 2612
f 2612 2087 2611
f 2611 2609 2612
f 84 838 2613
f 2613 980 390
f 2613 838 1460
f 1563 2613 524
f 1563 1564 2613
f 1564 1803 2613
f 1460 2112 2613
f 2132 980 2613
f 2238 84 2613
f 2613 1803 2238
f 2112 2542 2613
f 2588 2132 2613
f 2613 2542 2588
f 390 2605 2613
f 2613 2605 2607
f 334 128 2614
f 2614 387 389
f 1206 376 2614
f 2614 128 1558
f 1558 1502 2614
f 2437 334 2614
f 2614 1185 2437
f 2614 2453 1206
f 1502 2453 2614
f 389 2557 2614
f 2557 1185 2614
f 2614 2608 387
f 523 2615 376
f 2615 523 2609
f 2609 2608 2615
f 376 2615 2614
f 2608 2614 2615
f 524 2616 2610
f 2610 2616 2607
f 524 2613 2616
f 2607 2616 2613
f 1177 2617 285
f 1392 2617 1177
f 2617 1712 285
f 1712 2617 1714
f 1391 2618 1393
f 1308 2619 1394
f 2619 1392 1394
f 1308 1714 2619
f 2617 1392 2619
f 1714 2617 2619
f 1393 2620 288
f 288 2620 1715
f 2620 1713 1715
f 1393 2618 2620
f 2618 1713 2620
f 2621 27 29
f 27 2621 2051
f 2621 705 2051
f 2622 706 708
f 2622 28 2052
f 706 2622 2052
f 707 705 2623
f 2623 29 2053
f 707 2623 2053
f 2623 2621 29
f 705 2621 2623
f 30 28 2624
f 30 2624 2054
f 2624 708 2054
f 28 2622 2624
f 2624 2622 708
f 1858 2625 1860
f 2555 1265 2625
f 2625 1858 2555
f 1266 2626 1268
f 1158 1857 2626
f 1158 2626 2106
f 2626 1266 2106
f 2627 1265 1267
f 2627 1267 2557
f 1860 2627 2557
f 2625 1265 2627
f 1860 2625 2627
f 2628 1859 1160
f 2628 1857 1859
f 2108 2628 1160
f 1268 2628 2108
f 1268 2626 2628
f 2626 1857 2628
f 2629 2016 2018
f 561 2400 2629
f 2400 2016 2629
f 2630 562 564
f 562 2630 1435
f 1435 2630 1997
f 2630 2015 1997
f 563 561 2631
f 2402 563 2631
f 2631 2018 2402
f 561 2629 2631
f 2631 2629 2018
f 2632 564 608
f 1436 2632 608
f 2017 2632 1436
f 2017 2015 2632
f 2632 2630 564
f 2015 2630 2632
f 2633 160 156
f 2633 847 848
f 2633 156 1734
f 847 2633 1734
f 1947 160 2633
f 158 162 2634
f 162 1949 2634
f 1949 2161 2634
f 2634 1264 2210
f 2210 1942 2634
f 2634 2433 158
f 1942 2433 2634
f 848 2503 2634
f 2503 1264 2634
f 2634 2633 848
f 1137 2635 668
f 1154 2635 1137
f 2635 1154 1156
f 408 610 2636
f 2636 610 667
f 2636 667 669
f 765 378 2636
f 1153 765 2636
f 2636 378 1194
f 1194 408 2636
f 611 2637 409
f 670 2637 611
f 670 668 2637
f 768 379 2637
f 1156 768 2637
f 2637 379 1195
f 2637 1195 409
f 668 2635 2637
f 2637 2635 1156
f 612 410 2638
f 669 612 2638
f 380 767 2638
f 2638 767 1155
f 1155 1153 2638
f 1196 380 2638
f 2638 410 1196
f 2638 2636 669
f 1153 2636 2638
f 2639 304 306
f 304 2639 2229
f 2639 2020 2229
f 2640 2019 2021
f 2640 303 2229
f 2019 2640 2229
f 2022 2020 2641
f 2641 306 2235
f 2022 2641 2235
f 2641 2639 306
f 2020 2639 2641
f 305 303 2642
f 2235 305 2642
f 2642 2021 2235
f 303 2640 2642
f 2642 2640 2021
f 2643 505 446
f 1231 2643 446
f 1231 1768 2643
f 2643 1768 1769
f 506 505 2644
f 506 2644 1233
f 2644 1769 1233
f 505 2643 2644
f 2644 2643 1769
f 200 645 2645
f 2645 645 646
f 2645 1024 200
f 2646 646 202
f 1025 2646 202
f 1025 1024 2646
f 2646 2645 646
f 1024 2645 2646
f 1751 2647 1517
f 2113 2647 1751
f 2647 2113 2115
f 2648 1518 1520
f 1518 2648 1792
f 1792 2648 2114
f 1519 1517 2649
f 1753 1519 2649
f 1753 2649 2115
f 1517 2647 2649
f 2649 2647 2115
f 1520 1752 2650
f 1752 2116 2650
f 2116 2114 2650
f 2650 2648 1520
f 2114 2648 2650
f 2651 887 889
f 1523 887 2651
f 2651 1407 1523
f 2652 1408 1410
f 1522 2652 888
f 1408 2652 1522
f 1409 1407 2653
f 2653 889 1526
f 1409 2653 1526
f 2653 2651 889
f 1407 2651 2653
f 890 888 2654
f 1525 890 2654
f 2654 1410 1525
f 888 2652 2654
f 2654 2652 1410
f 185 1071 2655
f 1071 223 2655
f 2655 223 2454
f 2656 186 188
f 2656 1070 186
f 224 1070 2656
f 2455 224 2656
f 187 185 2657
f 2657 1073 187
f 225 1073 2657
f 2456 225 2657
f 185 2655 2657
f 188 1072 2658
f 1072 226 2658
f 2658 226 2457
f 2658 2656 188
f 24 2659 1270
f 1270 2659 1494
f 1494 2659 1496
f 23 2660 25
f 1493 2660 1269
f 2660 23 1841
f 1269 2660 1841
f 2661 24 26
f 1272 2661 26
f 1272 1496 2661
f 2659 24 2661
f 1496 2659 2661
f 25 2662 1271
f 2662 1495 1271
f 2662 1493 1495
f 25 2660 2662
f 2660 1493 2662
f 2663 1514 350
f 350 2159 2663
f 2159 1947 2663
f 1201 2492 2663
f 2492 1514 2663
f 2663 1947 2633
f 2663 2633 2634
f 1202 1201 2664
f 2664 352 1516
f 2161 352 2664
f 1516 2494 2664
f 2634 2161 2664
f 1201 2663 2664
f 2664 2663 2634
f 2665 74 76
f 2665 1082 74
f 1935 1082 2665
f 2454 1935 2665
f 2665 2655 2454
f 2666 73 1083
f 1936 2666 1083
f 1936 2455 2666
f 2455 2656 2666
f 2666 2656 2658
f 2667 76 1084
f 1937 2667 1084
f 1937 2456 2667
f 2456 2657 2667
f 2657 2655 2667
f 2667 2665 76
f 2655 2665 2667
f 75 73 2668
f 2668 1085 75
f 1938 1085 2668
f 2457 1938 2668
f 2668 2658 2457
f 73 2666 2668
f 2668 2666 2658
f 313 2669 315
f 1391 2669 313
f 413 2669 1391
f 414 2670 416
f 2670 541 314
f 2670 414 541
f 2671 413 415
f 315 2671 544
f 544 2671 415
f 315 2669 2671
f 2669 413 2671
f 2672 314 316
f 2672 316 567
f 567 416 2672
f 2670 314 2672
f 416 2670 2672
f 458 2673 460
f 2673 458 2555
f 1509 2673 2555
f 1510 2674 1512
f 457 2674 1572
f 2674 1510 1572
f 2675 1509 1511
f 2557 460 2675
f 2675 1511 2557
f 460 2673 2675
f 2673 1509 2675
f 2676 457 459
f 2676 459 1574
f 1574 1512 2676
f 2674 457 2676
f 1512 2674 2676
f 976 2677 358
f 358 2677 2122
f 2677 2274 2122
f 2274 2677 2275
f 2678 977 360
f 2678 976 977
f 2124 2678 360
f 2275 2678 2124
f 2677 976 2678
f 2275 2677 2678
f 109 2679 110
f 2679 109 1292
f 2679 1292 1337
f 2680 1294 110
f 2680 1337 1338
f 1929 1294 2680
f 1338 1929 2680
f 110 2679 2680
f 2679 1337 2680
f 2681 1217 318
f 318 1285 2681
f 2681 1285 1287
f 1218 2682 317
f 2682 1218 1220
f 2682 1286 317
f 1219 2683 320
f 1219 1217 2683
f 2683 1287 320
f 1217 2681 2683
f 2683 2681 1287
f 319 2684 1220
f 1288 2684 319
f 1288 1286 2684
f 2684 2682 1220
f 1286 2682 2684
f 936 2685 759
f 1094 2685 936
f 2685 2600 759
f 2600 2685 2601
f 938 2686 197
f 2686 1095 197
f 2686 1094 1095
f 2601 2686 938
f 2685 1094 2686
f 2601 2685 2686
f 2687 147 149
f 1734 147 2687
f 2687 1761 1734
f 2688 148 1652
f 1760 2688 1652
f 2688 1760 1762
f 1763 1761 2689
f 2689 149 2182
f 1763 2689 2182
f 2689 2687 149
f 1761 2687 2689
f 150 148 2690
f 150 2690 1653
f 1653 2690 1762
f 148 2688 2690
f 2690 2688 1762
f 2691 2284 2285
f 2284 2691 2545
f 2691 2364 2545
f 2692 2285 780
f 780 2365 2692
f 2365 2364 2692
f 2692 2691 2285
f 2364 2691 2692
f 2040 2693 811
f 2693 2040 2042
f 811 2693 2536
f 1793 2694 2039
f 2537 2694 1793
f 2694 2537 2539
f 1794 2695 2042
f 2538 2695 1794
f 2538 2536 2695
f 2695 2693 2042
f 2536 2693 2695
f 2041 2696 814
f 2041 2039 2696
f 814 2696 2539
f 2039 2694 2696
f 2696 2694 2539
f 2697 1730 438
f 2493 2697 438
f 2697 2493 2495
f 1731 2698 1201
f 2698 1731 1733
f 2698 2492 1201
f 1732 2699 440
f 1732 1730 2699
f 2699 2495 440
f 1730 2697 2699
f 2699 2697 2495
f 2700 1733 1202
f 2494 2492 2700
f 2664 2700 1202
f 2494 2700 2664
f 2700 2698 1733
f 2492 2698 2700
f 849 2701 2545
f 2545 2701 2473
f 2701 2590 2473
f 2590 2701 2591
f 2702 850 193
f 2702 849 850
f 2547 2702 193
f 2591 2702 2547
f 2701 849 2702
f 2591 2701 2702
f 373 2703 1232
f 1673 2703 373
f 2703 1673 1675
f 2704 329 1231
f 2704 1231 1233
f 2496 329 2704
f 1672 2496 2704
f 1234 2705 375
f 1234 1232 2705
f 375 2705 1675
f 1232 2703 2705
f 2705 2703 1675
f 2706 330 1674
f 1674 1672 2706
f 1769 330 2706
f 1233 1769 2706
f 2706 2704 1233
f 1672 2704 2706
f 1447 2707 481
f 2707 1706 481
f 1706 2707 1707
f 2001 2707 1447
f 1449 2708 1546
f 1707 2708 1449
f 2708 2002 1546
f 2708 2001 2002
f 1707 2707 2708
f 2707 2001 2708
f 1366 322 2709
f 1366 2709 1368
f 2709 1391 1305
f 322 1756 2709
f 2709 1756 1713
f 2618 1391 2709
f 1713 2618 2709
f 1306 2710 1308
f 2281 2710 1306
f 1365 2710 2281
f 2711 1305 1307
f 2711 1307 2282
f 2282 1368 2711
f 2709 1305 2711
f 1368 2709 2711
f 2712 1365 1367
f 2712 1759 1308
f 2712 1367 1759
f 1308 2710 2712
f 2710 1365 2712
f 399 737 2713
f 737 727 2713
f 2713 727 1902
f 2713 1902 1904
f 1102 2713 1917
f 2713 1358 1917
f 399 2713 2438
f 2713 1102 2438
f 367 2714 1116
f 1357 2714 367
f 2714 1357 1359
f 1901 1855 2714
f 2714 2584 1116
f 1855 2584 2714
f 552 728 2715
f 738 400 2715
f 2715 728 738
f 2715 1103 1360
f 1360 1358 2715
f 1904 552 2715
f 400 2439 2715
f 2439 1103 2715
f 1358 2713 2715
f 2715 2713 1904
f 368 1117 2716
f 1359 368 2716
f 1903 1901 2716
f 2716 1117 2585
f 2716 2585 1903
f 2716 2714 1359
f 1901 2714 2716
f 2717 1121 1123
f 1121 2717 2229
f 2229 2717 2261
f 2718 1120 2231
f 2231 2260 2718
f 2718 2260 2262
f 2719 1123 2235
f 2263 2719 2235
f 2263 2261 2719
f 2719 2717 1123
f 2261 2717 2719
f 1122 1120 2720
f 1122 2720 2235
f 2720 2262 2235
f 1120 2718 2720
f 2720 2718 2262
f 2721 1751 151
f 2385 2721 151
f 2721 2385 2387
f 2722 152 1750
f 2722 1750 1752
f 2384 152 2722
f 2723 153 1753
f 1753 1751 2723
f 2387 153 2723
f 1751 2721 2723
f 2723 2721 2387
f 2724 1752 154
f 2386 2724 154
f 2386 2384 2724
f 2724 2722 1752
f 2384 2722 2724
f 2725 112 114
f 2725 528 594
f 528 2725 1980
f 2725 556 1980
f 112 2725 2416
f 2416 2725 594
f 2726 555 557
f 2726 111 2231
f 2231 555 2726
f 2727 530 558
f 558 556 2727
f 596 530 2727
f 114 2418 2727
f 2418 596 2727
f 2727 2725 114
f 556 2725 2727
f 113 111 2728
f 113 2728 968
f 968 2728 557
f 111 2726 2728
f 2728 2726 557
f 2729 760 762
f 760 2729 925
f 925 2729 1742
f 2730 1411 1743
f 2730 1743 1745
f 759 2600 2730
f 2600 1411 2730
f 926 2731 762
f 926 1744 2731
f 1744 1742 2731
f 2731 2729 762
f 1742 2729 2731
f 761 759 2732
f 2732 1412 761
f 2583 1412 2732
f 1745 2583 2732
f 759 2730 2732
f 2732 2730 1745
f 1260 2733 1181
f 2733 1260 1262
f 2733 862 2592
f 1181 2733 2592
f 2734 861 863
f 1259 1068 2734
f 1389 1016 2734
f 2734 1497 861
f 1016 1497 2734
f 1068 2444 2734
f 2734 2444 1389
f 864 862 2735
f 2735 1262 1182
f 2593 864 2735
f 2593 2735 1182
f 862 2733 2735
f 2735 2733 1262
f 1261 1259 2736
f 1017 1390 2736
f 2736 863 1498
f 1017 2736 1498
f 2736 2445 1261
f 1390 2445 2736
f 2736 2734 863
f 1259 2734 2736
f 318 2211 2737
f 2737 2211 2213
f 2737 2326 318
f 353 2738 2212
f 2327 2738 353
f 2738 2327 2329
f 2739 2213 356
f 356 2328 2739
f 2328 2326 2739
f 2739 2737 2213
f 2326 2737 2739
f 2214 2740 319
f 2214 2212 2740
f 2740 2329 319
f 2212 2738 2740
f 2740 2738 2329
f 2741 633 2229
f 2307 2741 2229
f 2741 2307 2309
f 2742 20 634
f 2742 634 636
f 2230 20 2742
f 2231 2230 2742
f 2742 2306 2231
f 635 633 2743
f 635 2743 2235
f 2743 2309 2235
f 633 2741 2743
f 2743 2741 2309
f 2744 636 2235
f 2308 2744 2235
f 2308 2306 2744
f 2744 2742 636
f 2306 2742 2744
