3803 7638
v 0.1156220463 0.1788029419 0.321681008
v 0.1108445668 0.2354944797 0.2803581391
v 0.1090186282 0.1660246096 0.3049136283
v 0.1042411487 0.2227161348 0.2635907594
v 0.2478325644 0.3252404827 0.5072957922
v 0.2430550848 0.381932033 0.4659729233
v 0.2710739623 0.3702151155 0.5663102413
v 0.2662964701 0.4269066407 0.5249873724
v 0.1712236903 -0.07514261856 -0.03313946643
v 0.1664462108 -0.0184510871 -0.07446233396
v -0.4229152169 -0.2952930105 -0.2664770504
v -0.4358834967 -0.1414057627 -0.3786465845
v 0.7282133169 0.007967900806 0.01648577474
v 0.7234358499 0.06465943226 -0.0248370922
v 0.703771341 -0.03933002377 -0.04557721498
v 0.6989938237 0.01736150925 -0.08690007916
v -0.5770153965 0.1794140253 0.4025975412
v -0.5817928635 0.2361055504 0.3612746723
v 0.3005990412 0.3117033036 0.48262342
v 0.2958215742 0.3683948539 0.4413005511
v -0.1318906363 -0.120532767 -0.06036687383
v -0.1448589412 0.03335448893 -0.1725363986
v -0.1419183077 -0.1399373948 -0.08582908333
v -0.1548866126 0.01394985303 -0.1979986112
v -0.4269899274 0.2362075842 0.4631685862
v -0.4317673943 0.2928991219 0.4218457173
v 0.8424812882 -0.1741961724 -0.2466390778
v 0.8295129582 -0.02030891828 -0.3588085868
v 0.7614135212 -0.3310711289 -0.4524859375
v 0.7484451912 -0.1771838936 -0.5646554717
v 0.1709350537 -0.07436340273 -0.03203706452
v 0.1661575741 -0.01767186499 -0.07335993274
v 0.2870199924 0.3106737122 0.4827807895
v 0.2822425254 0.3673652373 0.4414579206
v -0.4325593722 0.2335117436 0.4601140371
v -0.4373368392 0.2902032688 0.4187911682
v -0.118912323 -0.04408787613 0.04300867611
v -0.1236898025 0.01260365689 0.001685810355
v -0.3708887016 -0.3862819264 -0.3973212091
v -0.3838570316 -0.232394666 -0.5094907182
v -0.3763140545 -0.3967805247 -0.4110971836
v -0.3892823342 -0.2428932894 -0.5232667178
v -0.8206637984 -0.1277706614 0.009334737876
v -0.8336320781 0.0261165841 -0.1028347869
v -0.736733957 0.03464260324 0.2224487976
v -0.749702287 0.1885298559 0.110279276
v 0.1098914032 -0.267283186 -0.2896495079
v 0.09692309836 -0.1133959381 -0.4018190169
v -0.5044476995 -0.4562992706 -0.4779379908
v -0.5174160295 -0.3024120353 -0.5901074998
v 0.1100681297 -0.2653249682 -0.2869834036
v 0.09709983109 -0.1114377204 -0.3991529378
v 0.0923916691 0.3188286151 0.5164703032
v 0.08761418954 0.3755201403 0.4751474343
v 0.7690361136 -0.225140753 -0.3080395445
v 0.7560677836 -0.07125349257 -0.4202090535
v 0.74656938 -0.2686162507 -0.3650868487
v 0.7336011002 -0.1147289903 -0.4772563577
v -0.5638670144 0.1618878868 0.3770330056
v -0.5686444814 0.2185794246 0.3357101367
v -0.5742404311 0.1418141239 0.3506927874
v -0.5790179484 0.1985056617 0.3093699185
v 0.1504158126 0.3343590668 0.5310684067
v 0.1456383394 0.391050592 0.4897455378
v -0.5795322034 0.1778881589 0.4007951591
v -0.5843096704 0.2345796967 0.3594722902
v 0.07209907747 -0.4247392506 -0.5012967872
v 0.05913077572 -0.2708519902 -0.6134662962
v 0.04799021134 -0.4713925175 -0.5625138572
v 0.03502190881 -0.3175052571 -0.6746834166
v 0.771408577 -0.3257737488 -0.4463739221
v 0.7584402973 -0.1718864884 -0.5585434563
v 0.8460851473 -0.181266475 -0.2567555933
v 0.8331168675 -0.02737922088 -0.3689251275
v 0.7319637826 -0.04123142832 -0.05144521225
v 0.7271863156 0.0154601047 -0.09276808115
v 0.7546879707 0.002742321546 0.006255890477
v 0.7499105037 0.05943385457 -0.03506697449
v -0.7453485964 0.03396836692 0.2225197875
v -0.7583168761 0.187855616 0.1103502533
v -0.827538068 -0.1250771343 0.01382479413
v -0.8405063477 0.02881011468 -0.09834473063
v 0.1758082425 -0.08076064733 -0.04137697334
v 0.1710307629 -0.02406912217 -0.08269984145
v -0.2729128075 -0.2178097646 -0.1775187754
v -0.2858811124 -0.06392252303 -0.2896883096
v -0.2991931006 0.4595442324 0.7547928838
v -0.3039705927 0.5162357576 0.7134700149
v -0.5717089384 0.1359567151 0.3423642197
v -0.5764864557 0.1926482465 0.3010413759
v -0.5559833464 0.1663874801 0.3822946268
v -0.5607608134 0.2230790178 0.3409717579
v 0.1099749917 0.1601298262 0.2967159001
v 0.1051975153 0.2168213513 0.2553930312
v 0.1221655959 0.1837199619 0.3276702057
v 0.1173881163 0.2404114871 0.2863473368
v 0.05403477504 -0.4264781619 -0.5015939235
v 0.04106647222 -0.2725909015 -0.6137634828
v 0.03389009038 -0.4654603028 -0.5527452245
v 0.02092178706 -0.3115730424 -0.6649147336
v -0.426412805 -0.2977126245 -0.2693921849
v -0.439381135 -0.1438253766 -0.3815616939
v -0.4948953808 0.160370407 0.3669770942
v -0.4996728478 0.2170619447 0.3256542505
v -0.5125062393 0.1262914426 0.3222596392
v -0.5172837566 0.1829829678 0.2809367703
v -0.2701098787 -0.2148936242 -0.1738421411
v -0.2830781836 -0.06100638265 -0.2860116753
v 0.7673167164 -0.01913338031 -0.02521580323
v 0.7625392494 0.03755815075 -0.06653866977
v 0.7641805402 -0.02520223724 -0.03317918407
v 0.7594030733 0.03148929421 -0.07450205042
v -0.74944096 0.03290514955 0.2215342535
v -0.7624092397 0.1867924031 0.1093647319
v -0.8300842465 -0.1231484391 0.01676517616
v -0.8430525262 0.03073880524 -0.09540435488
v 0.1693302133 0.1896615438 0.3303686992
v 0.1645527338 0.2463530816 0.2890458303
v 0.1454324487 0.1434167639 0.2696876112
v 0.1406549692 0.2001082891 0.2283647423
v -0.3989148214 -0.009251055128 0.1231739381
v -0.4036922883 0.04744047711 0.08185106918
v -0.1677138306 0.4381480042 0.71023823
v -0.1724913227 0.4948395294 0.6689153611
v 0.7830707244 -0.2458003266 -0.3380053487
v 0.7701024447 -0.09191307872 -0.4501748829
v 0.7788369847 -0.2539931008 -0.3487556679
v 0.7658686547 -0.1001058529 -0.4609252272
v 0.07981032383 0.308807155 0.5041762633
v 0.07503284585 0.3654987053 0.4628533944
v 0.06269987304 0.2756965744 0.4607294834
v -0.01044370245 0.1341557977 0.2750037257
v -0.09598650667 -0.03137884254 0.05779387295
v -0.1007639862 0.02531268734 0.01647100719
v 0.5386869756 -0.09862229632 -0.1078353073
v 0.5339094583 -0.04193076487 -0.1491581762
v 0.7380654374 0.2871968006 0.3984255121
v 0.7332879705 0.3438883257 0.3571026683
v -0.1003838524 -0.03665569014 0.0510628718
v -0.105161332 0.02003583817 0.009740002904
v -0.499673753 0.1332896238 0.3303769726
v -0.50445122 0.1899811615 0.2890541037
v -0.4904591578 0.1511208827 0.3537746461
v -0.4952366248 0.2078124204 0.3124517772
v 0.3449700719 0.2871048633 0.4437464938
v 0.3401926049 0.3437963885 0.4024236249
v 0.8261326555 0.3211818411 0.4348684151
v 0.8213551885 0.3778733663 0.3935455462
v 0.08420765859 0.3140840152 0.5109072959
v 0.0794301806 0.3707755403 0.469584427
v 0.1287919794 -0.2530558741 -0.2723159448
v 0.1158236745 -0.09916861371 -0.3844854789
v 0.8451963033 -0.1775232516 -0.2515174595
v 0.8322280236 -0.02363600375 -0.3636869685
v 0.767007409 -0.3288272921 -0.4500543033
v 0.7540391292 -0.1749400442 -0.5622238124
v 0.7610859571 -0.1543045111 -0.2099389844
v 0.7563084902 -0.09761298595 -0.2512618408
v 0.154369013 -0.5426977374 -0.6726375114
v 0.1414007081 -0.3888104518 -0.7848070204
v 0.6857432443 -0.01173746878 -0.005638237491
v 0.6809657774 0.04495406345 -0.04696110482
v -0.2442610569 0.4873722446 0.7866197128
v -0.2490385239 0.5440637697 0.7452968439
v 0.4645122378 -0.1216074091 -0.1307933808
v 0.4597347708 -0.06491588395 -0.172116256
v 0.6955107706 0.3253999394 0.4557569264
v 0.6907333036 0.3820914646 0.4144340575
v 0.1727806886 0.1885923083 0.3285028713
v 0.168003209 0.2452838335 0.2871800276
v 0.1494826786 0.1435081228 0.2693447074
v 0.1447052054 0.2001996605 0.2280218385
v 0.8258619235 0.3252284373 0.4404513387
v 0.8210844062 0.3819199624 0.3991284698
v -0.6713121165 0.04381334536 0.2274666694
v -0.6760895835 0.1005048784 0.1861438005
v 0.1515110941 0.1436435391 0.2692959726
v 0.1467336146 0.2003350642 0.2279731037
v 0.1744219165 0.1879784839 0.3274710167
v 0.169644437 0.2446700091 0.2861481478
v 0.8460691035 -0.1806271391 -0.255876607
v 0.8331008238 -0.02673988494 -0.3680461412
v 0.7707755278 -0.3263284401 -0.4470617414
v 0.7578071978 -0.1724412048 -0.5592312756
v -0.6931952901 -0.04735519989 0.1049210026
v -0.7061636202 0.1065320542 -0.007248528426
v -0.7032229867 -0.06675983401 0.07945878997
v -0.7161912664 0.08712741698 -0.0327107395
v 0.7806750755 -0.2341612641 -0.3217605478
v 0.7677067455 -0.08027400365 -0.4339300568
v 0.7654736465 -0.2635776579 -0.360359927
v 0.7525053164 -0.1096904226 -0.4725294361
v 0.1575490454 0.1444041713 0.2696414162
v 0.1527715659 0.2010956965 0.2283185473
v 0.1789611414 0.1858389064 0.3240108976
v 0.1741836618 0.2425304315 0.2826880287
v 0.1011710273 -0.4349697321 -0.5186932428
v 0.08820272551 -0.2810824717 -0.6308627519
v 0.08329835133 -0.4695552817 -0.5640754323
v 0.07033004801 -0.3156680464 -0.6762449916
v -0.5072043076 0.1285825117 0.3247898242
v -0.5119817746 0.1852740431 0.2834669553
v -0.4924811734 0.1570733784 0.3621747318
v -0.4972586404 0.2137649161 0.3208518629
v 0.7486356542 -0.3324431462 -0.4528909291
v 0.7356673241 -0.1785558858 -0.5650604381
v 0.8326449599 -0.1698759398 -0.2395748733
v 0.8196766802 -0.01598869507 -0.3517444075
v 0.6893425266 -0.03130101903 -0.03289392852
v 0.6845650596 0.02539051321 -0.07421679604
v 0.7078315165 0.004477177875 0.01405320383
v 0.7030540495 0.0611687109 -0.02726966192
v -0.2687482219 -0.2123690972 -0.1705361225
v -0.2817165268 -0.05848185566 -0.2827056567
v -0.2953563557 -0.391376094 -0.4130425513
v -0.3083246606 -0.2374888588 -0.5252120855
v -0.3053840271 -0.4107807345 -0.438504764
v -0.318352332 -0.256893474 -0.550674273
v -0.2787387261 -0.1989861443 -0.1510207853
v -0.291707031 -0.04509890279 -0.2631903195
v 0.768491632 -0.1581417967 -0.2160596126
v 0.763714165 -0.1014502715 -0.2573824815
v 0.1838488148 -0.08470582586 -0.04771901489
v 0.1790713479 -0.02801428812 -0.08904188222
v -0.3735551328 -0.3896555903 -0.4016413286
v -0.3865234125 -0.2357683299 -0.5138108628
v -0.3753771296 -0.3931813933 -0.4062677882
v -0.3883454596 -0.2392941328 -0.5184372972
v 0.2540335245 0.3262080868 0.50790636
v 0.249256045 0.3828996371 0.4665834911
v 0.2755551731 0.3678548232 0.5625539918
v 0.270777681 0.4245463484 0.5212311229
v 0.7983204859 0.3530807162 0.4818464799
v 0.7935429687 0.4097722665 0.4405236613
v -0.5935348273 0.1656190146 0.3855817852
v -0.5983123446 0.2223105397 0.3442589414
v -0.6610325481 0.04977280679 0.2344541002
v -0.6658100654 0.1064643398 0.1931312313
v 0.1775344043 -0.08193245727 -0.04318415543
v 0.1727569247 -0.02524092582 -0.0845070204
v -0.5202465194 0.1239663875 0.3199647541
v -0.5250239863 0.1806579189 0.2786418852
v -0.4994071954 0.1642927521 0.3728798619
v -0.5041846624 0.2209842898 0.331556993
v -0.502466271 0.1312867387 0.3279520275
v -0.5072437883 0.1879782702 0.2866291586
v -0.4909597832 0.1535530952 0.3571693077
v -0.4957372502 0.2102446204 0.3158464388
v 0.1915259761 -0.1481545239 -0.1356529337
v 0.1785576712 0.005732727138 -0.2478224679
v 0.1674171092 -0.1948078285 -0.1968700666
v 0.154448798 -0.04092057435 -0.3090395882
v -0.1085678629 -0.04140030892 0.0454998394
v -0.1133453425 0.01529122568 0.004176970497
v 0.1027361134 0.3215161697 0.5189614602
v 0.09795863386 0.3782076949 0.4776385913
v -0.5466442235 0.1696929203 0.3857496662
v -0.5514216905 0.226384458 0.3444267973
v -0.5667494075 0.1307871444 0.334698626
v -0.5715269248 0.1874786758 0.2933757571
v 0.2075088339 0.3602959784 0.5600509654
v 0.2027313544 0.4169875035 0.5187280965
v 0.2018964255 0.3494353647 0.5457999903
v 0.1971189459 0.4061268899 0.5044771214
v -0.4981357659 -0.461080409 -0.4852270341
v -0.5111040456 -0.3071931486 -0.5973965431
v 0.1734616679 -0.1498934477 -0.1359501077
v 0.160493363 0.003993806434 -0.2481196293
v 0.153316978 -0.1888756138 -0.1871013962
v 0.1403486731 -0.03498835964 -0.2992709304
v 0.1620352982 -0.5378370843 -0.6668554239
v 0.1490669996 -0.3839498239 -0.779024933
v -0.2812477123 0.4752681145 0.7742900146
v -0.2860251792 0.5319596396 0.7329671457
v 0.1122873853 -0.2727867207 -0.2974768719
v 0.0993190836 -0.1188994603 -0.409646406
v 0.1050541368 -0.4402727702 -0.5264175295
v 0.09208583509 -0.286385535 -0.6385870888
v 0.09182621488 -0.4658702483 -0.5600058015
v 0.07885791157 -0.3119829879 -0.6721753608
v -0.4174387655 -0.004966735464 0.1311932864
v -0.4222162324 0.05172479599 0.08987041749
v -0.1880478769 0.4389296216 0.7136614334
v -0.1928253691 0.4956211468 0.6723385645
v -0.2837645191 0.4737422984 0.7724876325
v -0.2885420113 0.5304338236 0.7311647636
v 0.09869915167 0.3207831363 0.5184225108
v 0.09392167212 0.3774746866 0.4770996419
v 0.7178956258 0.09250578593 0.1336575739
v 0.7131181588 0.1491973174 0.09233470498
v 0.825272982 0.3150618039 0.4265716331
v 0.8204954647 0.3717533542 0.3852487893
v -0.3875429703 -0.2375170988 -0.5160921434
v 0.2694397629 0.3709026833 0.5674424574
v 0.2646622708 0.4275942085 0.5261195885
v 0.24573888 0.3250389047 0.5072613409
v 0.2409614005 0.381730455 0.465938472
v 0.1418956315 -0.5451526828 -0.6745633651
v 0.1289273266 -0.3912653972 -0.7867329244
v 0.239285608 -0.3846147342 -0.4655782671
v 0.2263173031 -0.2307274738 -0.5777478265
v 0.812735218 0.3451958663 0.4693626309
v 0.807957751 0.4018874166 0.428039762
v -0.3689119002 -0.4122139092 -0.4331263101
v -0.3818802303 -0.2583266739 -0.5452958443
v -0.3494768823 -0.3746050178 -0.3837769638
v -0.3624451872 -0.2207177574 -0.4959464728
v 0.1134697696 -0.2596856903 -0.279640068
v 0.1005014678 -0.1057984424 -0.3918096022
v 0.7583382007 -0.2662368719 -0.3631831494
v 0.7453698707 -0.1123496115 -0.4753526836
v 0.7770152394 -0.2300946761 -0.3157584245
v 0.7640469597 -0.07620742824 -0.4279279587
v 0.749789396 0.004803245742 0.009649649929
v 0.7450119291 0.06149477719 -0.03167321809
v 0.7256880103 -0.04183555225 -0.05154845618
v 0.7209105434 0.0148559792 -0.09287132193
v 0.1028332655 -0.4567751514 -0.5488006747
v 0.08986496375 -0.302887891 -0.6609701837
v 0.1058649089 -0.4509085702 -0.5411027421
v 0.09289660719 -0.2970213349 -0.6532722511
v -0.5486017623 0.1691383547 0.385215193
v -0.5533792796 0.2258298925 0.3438923241
v -0.5679229149 0.1317499015 0.3361551119
v -0.5727003819 0.1884414392 0.294832243
v 0.7756396009 -0.2572232008 -0.3528174528
v 0.7626713212 -0.1033359529 -0.4649869619
v 0.7834046759 -0.2421969202 -0.3331003868
v 0.7704363961 -0.08830967233 -0.4452699209
v 0.4985776983 -0.1189412168 -0.1310739956
v 0.493800181 -0.06224967906 -0.1723968582
v 0.7226942162 0.3147487244 0.4380015736
v 0.7179167492 0.3714402496 0.3966787047
v 0.721106941 0.08478753457 0.1226975041
v 0.716329474 0.141479066 0.08137463515
v -0.6995363439 0.03506725323 0.2187308469
v -0.7043138109 0.09175878335 0.177407978
v 0.7632603129 -0.02636654081 -0.03467012151
v 0.7584827956 0.03032498907 -0.07599298766
v 0.7676400558 -0.01789125323 -0.02354909119
v 0.7628625385 0.03880027626 -0.06487195852
v 0.3376966197 0.2915363838 0.4506670841
v 0.3329191527 0.3482279341 0.4093442152
v -0.5056646104 -0.4539119202 -0.47452208
v -0.5186328902 -0.3000246849 -0.5866915891
v -0.3729275656 -0.408279921 -0.4272649344
v -0.3858958454 -0.2543926858 -0.5394344434
v -0.3567948697 -0.3770614468 -0.3863009124
v -0.3697631746 -0.2231741864 -0.4984704214
v -0.49057247 -0.4631072528 -0.4888821426
v -0.5035407497 -0.3092199924 -0.6010516516
v 0.2372214964 -0.3811399042 -0.4605725162
v 0.2242531916 -0.2272526689 -0.5727420252
v -0.5676909595 0.1587281229 0.3731401579
v -0.5724684265 0.215419648 0.331817289
v -0.5745220769 0.1455091658 0.3557946248
v -0.5792995439 0.2022007035 0.3144717811
v -0.2608578648 0.4838498113 0.7837060369
v -0.2656353318 0.5405413365 0.742383168
v -0.5842051597 0.1746460764 0.3968875249
v -0.588982677 0.2313376016 0.3555646812
v -0.5883599883 0.1711764769 0.3926078669
v -0.5931375056 0.2278680021 0.3512850231
v 0.1706112113 -0.06952308096 -0.02535911528
v 0.1658337318 -0.01283154951 -0.06668198222
v 0.147454785 0.1434324682 0.269475371
v 0.1426773117 0.2001240059 0.2281525021
v 0.1710820501 0.1891537893 0.3294695702
v 0.1663045706 0.245845327 0.2881467013
v 0.7980884299 -0.009575488444 -0.01566079619
v 0.793310963 0.04711604379 -0.05698366194
v 0.2564652593 0.3741650217 0.573418126
v 0.2516877797 0.4308565468 0.5320952571
v 0.1618799153 0.1911320995 0.3332475467
v 0.157102442 0.2478236246 0.2919246778
v 0.2312433257 0.3253578686 0.5093747908
v 0.2264658587 0.3820493938 0.4680519219
v 0.1374987195 0.143951828 0.2713389356
v 0.1327212399 0.2006433532 0.2300160667
v 0.3317524099 0.2932428304 0.4536954301
v 0.3269749429 0.3499343555 0.4123725612
v 0.1282965909 0.1459301382 0.275116887
v 0.1235191113 0.2026216634 0.2337940181
v 0.1519238498 0.1916514593 0.3351111114
v 0.1471463702 0.2483429845 0.2937882425
v -0.0981411221 -0.03448570992 0.05378061535
v -0.1029185891 0.02220582231 0.0124577496
v 0.02579599748 -0.4467317632 -0.5261154141
v 0.01282769574 -0.2928445027 -0.6382849734
v 0.02882764407 -0.440865182 -0.5184174814
v 0.01585934232 -0.2869779467 -0.6305869905
v 0.1123253321 0.3218496434 0.5183103052
v 0.1075478525 0.3785411686 0.4769874363
v -0.4297249594 0.2348220504 0.4615839766
v -0.4345024264 0.2915135755 0.4202611077
v 0.7679748622 -0.01540328361 -0.02017450865
v 0.7631973953 0.04128824981 -0.06149737676
v 0.7611437448 -0.02862223439 -0.03752004016
v 0.7563662778 0.02806929942 -0.0788429067
v -0.2684061731 -0.2078582633 -0.1643871663
v -0.2813744529 -0.05397101545 -0.2765567005
v -0.4325574108 0.002451324237 0.1431181565
v -0.4373348778 0.05914285569 0.1017952876
v -0.2084408677 0.4361412529 0.7121937571
v -0.2132183347 0.4928328032 0.6708708882
v 0.1054791736 0.3218106908 0.519048368
v 0.1007016972 0.3785022159 0.4777254991
v 0.7978176476 -0.005528911145 -0.01007792284
v 0.7930401806 0.05116261873 -0.0514007886
v 0.7634358386 -0.1556611385 -0.2120718478
v 0.7586583716 -0.09896961336 -0.2533947041
v 0.8146903427 0.3436300666 0.4669884072
v 0.8099128757 0.4003215918 0.4256655383
v -0.5741872705 0.1479971417 0.3591692192
v -0.5789647374 0.2046886794 0.3178463503
v -0.5698075276 0.1564724293 0.3702902546
v -0.5745849946 0.213163967 0.3289673857
v -0.6565559392 -0.03758967283 0.1140824875
v -0.669524219 0.116297575 0.001912956426
v -0.6806648187 -0.08424297118 0.05286535456
v -0.6936330985 0.06964427667 -0.05930417649
v 0.1128116111 -0.2733305486 -0.2982835607
v 0.0998433094 -0.1194432881 -0.4104530949
v 0.7613757002 -0.001644041279 -0.0005350264102
v 0.7565982333 0.05504749017 -0.04185789295
v 0.742054598 -0.03903249769 -0.04959509804
v 0.737277131 0.01765903219 -0.0909179638
v -0.2576333726 0.4847403653 0.7845549977
v -0.2624108396 0.5414318904 0.7432321288
v 0.16307608 -0.536656737 -0.6653564145
v 0.1501077688 -0.3827694765 -0.7775259236
v -0.2760826806 -0.1999736397 -0.152682596
v -0.2890509854 -0.04608638561 -0.2648521302
v 0.1118775593 -0.2614832442 -0.2819220779
v 0.09890926069 -0.1075959964 -0.3940916121
v 0.3426257731 0.2889823091 0.4465932287
v 0.3378483061 0.3456738343 0.4052703598
v -0.1562938231 -0.1026529745 -0.0330159633
v -0.169262128 0.05123427496 -0.1451854869
v -0.1805538609 -0.1495987884 -0.09461692858
v -0.1935221658 0.004288456336 -0.2067864628
v 0.7661460255 -0.3292636922 -0.4505534199
v 0.7531776955 -0.1753764317 -0.5627229289
v 0.8448662245 -0.1769315188 -0.2506674927
v 0.8318979448 -0.02304427727 -0.3628370017
v -0.3498652266 -0.4197738354 -0.4456999337
v -0.3628335315 -0.2658866001 -0.5578694679
v -0.3255143329 -0.3726522317 -0.3838682975
v -0.3384826378 -0.2187649713 -0.4960378065
v 0.8249182089 0.3292027611 0.4460128874
v 0.8201407419 0.3858942863 0.4046900185
v -0.5322351747 0.1719414093 0.3871685323
v -0.537012692 0.228632947 0.3458456634
v -0.5563365604 0.1253026144 0.3259704482
v -0.5611140777 0.1819941522 0.2846475793
v 0.03983468367 -0.4317700851 -0.5072123043
v 0.02686638036 -0.2778828498 -0.6193818637
v 0.02660676329 -0.4573675631 -0.5408005764
v 0.01363845841 -0.3034803027 -0.6529701357
v -0.297767143 0.4614731037 0.7572742334
v -0.30254461 0.5181646289 0.7159513645
v -0.6746201972 -0.03932859668 0.1137853009
v -0.6875885272 0.1145586512 0.001615772969
v -0.6947649122 -0.07831075647 0.0626340124
v -0.7077331919 0.07557648823 -0.0495355155
v -0.4194454917 0.2407814992 0.4685714075
v -0.4242229587 0.2974730244 0.4272485386
v -0.4989499737 -0.4607022996 -0.4846141527
v -0.5119183037 -0.3068150391 -0.5967837121
v 0.1429794837 -0.5451149623 -0.6746369953
v 0.1300111788 -0.3912277271 -0.7868065044
v 0.2419697049 0.3744839604 0.5755315759
v 0.2371922254 0.4311755107 0.534208707
v 0.2182688347 0.328620207 0.5153504594
v 0.2134913551 0.3853117321 0.4740275905
v 0.1601375903 -0.5394999009 -0.6689172723
v 0.1471692854 -0.3856126153 -0.7810867813
v 0.4781847326 -0.1217296107 -0.1325417473
v 0.4734072405 -0.06503807296 -0.1738646099
v 0.7075756211 0.3221667464 0.449926406
v 0.7027981542 0.3788582715 0.4086035371
v 0.7602022432 -0.000681284188 0.0009214658068
v 0.7554247762 0.05601024884 -0.04040139916
v 0.7400970089 -0.03958706327 -0.05012959008
v 0.7353195419 0.01710446818 -0.09145245583
v 0.8241965922 0.3311507944 0.4487688418
v 0.8194191252 0.3878423447 0.4074459729
v -0.1433057779 -0.1408876602 -0.08697235777
v -0.1562740827 0.01299958926 -0.1991418794
v -0.1321828187 -0.119363522 -0.05872899355
v -0.1451511236 0.0345237296 -0.1708985152
v -0.5011685378 -0.4594214651 -0.4826004859
v -0.5141368678 -0.3055342046 -0.594769995
v 0.2858121595 0.3500875256 0.5369929265
v 0.2810346925 0.4067790759 0.4956700576
v 0.2801997636 0.3392269119 0.5227419513
v 0.2754222715 0.3959184371 0.4814190824
v 0.7568341619 -0.2216040866 -0.3017768486
v 0.7438658822 -0.06771684503 -0.4139463577
v 0.7324832682 -0.2687257154 -0.3636084849
v 0.7195149885 -0.1148384549 -0.4757780191
v 0.237687331 -0.3816852911 -0.4613745529
v 0.2247190387 -0.2277980307 -0.5735441122
v 0.3398082087 0.2906089645 0.4491506227
v 0.3350307166 0.3473004896 0.4078277538
v -0.1162063105 -0.04363733717 0.0433139286
v -0.1209837774 0.01305419585 0.001991059695
v 0.7972287565 -0.01569551312 -0.02395756717
v 0.7924512895 0.04099601912 -0.06528043293
v -0.1331772924 -0.1300932584 -0.07333432057
v -0.1461455847 0.02379399651 -0.1855038485
v -0.1337851318 -0.1312694942 -0.07487774578
v -0.1467534241 0.02261775993 -0.1870472674
v 0.1730263239 -0.07811188185 -0.03742144606
v 0.1682488444 -0.02142034412 -0.07874431181
v 0.7734875756 -0.3234158454 -0.443379449
v 0.7605192959 -0.1695285976 -0.5555489581
v 0.8456185708 -0.1838345817 -0.2602248659
v 0.8326502408 -0.02994732753 -0.3723944001
v 0.7440320532 -0.1334061547 -0.1792965136
v 0.7392545862 -0.07671461698 -0.2206193699
v -0.1244090554 -0.04451809008 0.04305395319
v -0.129186535 0.01217344138 0.001731084287
v -0.7063558937 0.03413479353 0.2182400288
v -0.711133411 0.09082632833 0.1769171599
v -0.1316988783 -0.1217146608 -0.06201050647
v -0.1446671832 0.0321725931 -0.1741800281
v -0.1406063287 -0.1389515465 -0.08462826011
v -0.1535746336 0.01493570602 -0.1967977817
v 0.04836254723 -0.4280850517 -0.5031426736
v 0.03539424549 -0.2741977913 -0.6153122329
v 0.03048986973 -0.4626706013 -0.5485249133
v 0.01752156799 -0.308783366 -0.6606944223
v 0.2121533867 0.3316680167 0.5202388244
v 0.2073759072 0.3883595671 0.4789159555
v 0.2336750353 0.3733147532 0.5748865064
v 0.2288975558 0.4300062783 0.5335636375
v 0.6844125183 -0.02344723192 -0.02154920885
v 0.6796350513 0.03324430267 -0.06287207539
v 0.6959190564 -0.001180875409 0.007668067489
v 0.6911415894 0.05551065604 -0.03365480043
v -0.2769359667 -0.1996169806 -0.1520946604
v -0.2899042716 -0.04572973906 -0.2642641946
v 0.6928599808 -0.03418689506 -0.03725976809
v 0.6880824635 0.02250463954 -0.07858263581
v 0.7136993047 0.006139475836 0.01565534402
v 0.7089217874 0.06283100729 -0.02566752135
v 0.1482545395 -0.164280493 -0.1527736657
v 0.1352862409 -0.0103932451 -0.2649431873
v 0.145222893 -0.1701470616 -0.1604716109
v 0.1322545881 -0.01625981372 -0.2726411451
v -0.2374034094 0.4881085471 0.7868370327
v -0.2421808764 0.5448000723 0.7455141638
v -0.1664290731 -0.1490718216 -0.09552698396
v -0.179397378 0.004815426294 -0.2076965056
v -0.1444623739 -0.1065638777 -0.03974926186
v -0.1574306662 0.04732337722 -0.1519187827
v 0.1204174934 0.1492450211 0.2805755847
v 0.1156400138 0.2059365589 0.2392527158
v 0.1418295893 0.1906797562 0.3349450661
v 0.1370521097 0.2473712814 0.2936221972
v -0.5143786808 0.1256287074 0.3215669163
v -0.5191561981 0.1823202326 0.2802440474
v -0.4958897413 0.1614069012 0.3685140504
v -0.5006672083 0.2180984389 0.3271911815
v 0.6859339588 -0.02696750251 -0.02655462425
v 0.6811564415 0.02972403012 -0.06787749
v 0.7006570929 0.001523364232 0.01083028016
v 0.6958795757 0.05821489726 -0.03049258567
v -0.2884374251 0.4705002033 0.7685799983
v -0.2932148921 0.5271917285 0.7272571294
v 0.1249567119 0.1471054436 0.2771154656
v 0.1201792386 0.2037969813 0.2357925967
v 0.1478675406 0.1914403885 0.3352905097
v 0.1430900611 0.2481319262 0.2939676408
v -0.7571316503 0.02900908085 0.2170783405
v -0.77009993 0.1828963366 0.1049088063
v -0.8330315691 -0.1178654933 0.02435369129
v -0.8459998488 0.03602175617 -0.08781583661
v 0.7472433181 -0.1411244187 -0.190256596
v 0.7424658511 -0.08443288092 -0.2315794649
v 0.7798965261 -0.2330980009 -0.3202118228
v 0.7669281961 -0.07921075307 -0.432381357
v 0.7637638051 -0.2643165254 -0.36117587
v 0.7507955253 -0.110429265 -0.4733454042
v 0.1498959498 0.1915758048 0.3352417749
v 0.1451184766 0.2482673425 0.293918906
v 0.1265979462 0.1464916192 0.2760835859
v 0.1218204666 0.203183157 0.234760717
v 0.6839119432 -0.02101501936 -0.01815454175
v 0.6791344259 0.03567651302 -0.05947740751
v 0.6931265384 -0.003183760455 0.005243128684
v 0.6883490714 0.05350777257 -0.03607973629
v -0.8234765345 -0.1269631804 0.01076773656
v -0.8364448143 0.02692406824 -0.1014017882
v -0.7399735877 0.03462417446 0.2227980636
v -0.7529418674 0.1885114231 0.1106285419
v 0.1704696466 -0.07196699942 -0.02869559255
v 0.165692167 -0.01527546169 -0.07001846007
v -0.6961695702 0.03567859496 0.2191803234
v -0.7009470372 0.09237012445 0.1778574419
v 0.347533803 0.2739039241 0.4253395333
v 0.342756336 0.3305954492 0.3840166393
v 0.3304233435 0.2407933308 0.3818927534
v 0.2572797814 0.09925255422 0.1961669454
v 0.1717369772 -0.06628208606 -0.02104289082
v 0.1669594976 -0.009590554608 -0.06236575736
v -0.3197595299 -0.3734963141 -0.385691627
v -0.3327278348 -0.2196090537 -0.4978611612
v -0.3440195677 -0.4204421406 -0.4472925903
v -0.3569878725 -0.2665548802 -0.5594621245
v 0.3488011336 0.2795888186 0.4329922015
v 0.3440236666 0.3362803437 0.3916693326
v -0.4053739652 -0.008199922241 0.1253627659
v -0.4101514824 0.04849160921 0.0840399096
v -0.1743754324 0.4388074326 0.7119131172
v -0.1791529245 0.4954989829 0.6705902483
v -0.2925922537 0.4670305284 0.7643003403
v -0.2973697459 0.5237221038 0.7229774714
v 0.09777082704 -0.4321800306 -0.5144729316
v 0.0848025253 -0.2782927953 -0.6266424406
v 0.07762614346 -0.4711621715 -0.5656242326
v 0.06465784093 -0.3172749362 -0.6777937417
v 0.1592615839 -0.1551853835 -0.1415684886
v 0.146293279 -0.001298135615 -0.2537380102
v 0.1460336556 -0.1807828741 -0.1751567732
v 0.1330653507 -0.02689561368 -0.2873263073
v 0.09483286226 0.3197153718 0.5174046128
v 0.09005538585 0.376406897 0.4760817439
v 0.8035994333 0.3507621678 0.4780553264
v 0.7988219663 0.407453693 0.4367324575
v -0.447928632 0.03000325708 0.1826942431
v -0.452706099 0.08669478893 0.1413713742
v -0.2485501199 0.4158223449 0.6889550625
v -0.253327612 0.4725138701 0.6476321936
v -0.3686706907 -0.3841547463 -0.3946593295
v -0.3816389705 -0.2302674859 -0.5068288637
v -0.3764357657 -0.3991810018 -0.4143763704
v -0.3894040454 -0.2452937665 -0.5265459298
v 0.153946186 0.1916671636 0.334898846
v 0.1491687064 0.2483587014 0.2935759771
v 0.1300484214 0.1454223837 0.2742177579
v 0.1252709419 0.2021139214 0.232894889
v 0.7758808607 -0.2291640128 -0.3143504722
v 0.762912581 -0.07527675236 -0.4265199813
v 0.7564458428 -0.2667729293 -0.3636998186
v 0.7434775127 -0.1128856815 -0.4758693528
v -0.8328460852 -0.1146634196 0.02872522999
v -0.845814365 0.03922383372 -0.08344429791
v -0.7600701211 0.02616591219 0.2135174576
v -0.7730384512 0.18005316 0.101347936
v -0.5707277046 0.1553081257 0.3687992922
v -0.5755051716 0.2119996509 0.3274764233
v -0.5738638807 0.1492392625 0.3608359084
v -0.5786413477 0.2059308002 0.3195130395
v -0.3513691899 -0.3751411004 -0.3842936329
v -0.3643374948 -0.2212538399 -0.4964631419
v -0.3700462789 -0.411283271 -0.431718383
v -0.3830145587 -0.2573960106 -0.5438879171
v 0.457850636 -0.1209479808 -0.1291185314
v 0.453073169 -0.06425644931 -0.170441394
v 0.6890516268 0.3264510566 0.4579457669
v 0.6842741598 0.3831426069 0.416622898
v -0.3067715098 -0.4117309872 -0.4396480447
v -0.3197398147 -0.2578437519 -0.5518175537
v -0.295648538 -0.3902068617 -0.4114046553
v -0.3086168429 -0.2363196012 -0.5235741644
v 0.08367068643 -0.4262478159 -0.5047042486
v 0.07070238469 -0.2723605806 -0.6168738079
v 0.0595618203 -0.4729011331 -0.5659213689
v 0.04659351856 -0.3190138475 -0.6780909283
v -0.4275500001 -0.2987904728 -0.2707394073
v -0.4405183302 -0.1449032124 -0.3829089415
v 0.8246512489 0.3130281201 0.4238534495
v 0.819873782 0.3697196453 0.3825305806
v 0.7059590246 0.003814436416 0.01336046207
v 0.7011815576 0.06050596944 -0.02796240349
v 0.6883481661 -0.03026453738 -0.03135699441
v 0.6835706991 0.02642699721 -0.07267986189
v 0.2394537782 -0.3852314379 -0.466443825
v 0.2264854859 -0.2313442027 -0.578613334
v 0.1772130389 0.1513639656 0.2769162515
v 0.1724355593 0.2080555034 0.2355933826
v 0.1894036368 0.1749541014 0.307870557
v 0.1846261572 0.2316456391 0.2665477133
v 0.7494361317 -0.03628161046 -0.04667451766
v 0.7446586648 0.02040991942 -0.08799738498
v 0.765161774 -0.005850845484 -0.006744130995
v 0.7603843071 0.05084068597 -0.04806699675
v -0.2685728219 -0.2072294639 -0.1635052252
v -0.2815411268 -0.05334220351 -0.2756747468
v -0.5612351854 0.1273635512 0.3293642045
v -0.5660126523 0.1840550827 0.2880413356
v -0.5385109973 0.1713373042 0.3870653041
v -0.5432884643 0.2280288294 0.3457424352
v -0.2972508511 -0.4021128338 -0.4275534201
v -0.310219156 -0.2482255734 -0.5397229292
v -0.2966429991 -0.4009365603 -0.4260099761
v -0.309611304 -0.2470493251 -0.5381795102
v -0.1135633916 -0.0430351307 0.04383454581
v -0.1183408712 0.01365640075 0.002511676906
v 0.7968739834 -0.001554581021 -0.004516369389
v 0.7920965164 0.05513695043 -0.04583923672
v 0.3105832335 0.3134779738 0.4839038018
v 0.3058057665 0.370169499 0.4425809329
v 0.7676932164 -0.01170826061 -0.01507268615
v 0.7629157495 0.04498327084 -0.0563955519
v 0.7573197494 -0.03178202352 -0.04141290911
v 0.7525422824 0.02490950558 -0.08273577644
v -0.2951646102 -0.3925580005 -0.4146861557
v -0.3081329151 -0.2386707401 -0.5268556898
v -0.3040720606 -0.4097948736 -0.437303947
v -0.3170403655 -0.2559076383 -0.5494734561
v 0.1677894474 -0.1515003501 -0.1374988578
v 0.1548211425 0.00238690405 -0.2496683794
v 0.1499167652 -0.1860859374 -0.1828810849
v 0.1369484603 -0.03219867697 -0.2950506191
v 0.1794625589 -0.0829871453 -0.04485403126
v 0.1746850793 -0.02629562014 -0.08617689702
v 0.7223147991 0.08295023902 0.1200372464
v 0.7175373321 0.1396417736 0.07871437752
v 0.3462444688 0.285733701 0.4417180406
v 0.3414669767 0.3424252262 0.4003951717
v -0.1416448598 -0.1081317017 -0.0422259295
v -0.1546131647 0.0457555524 -0.154395455
v -0.1624491164 -0.1483901885 -0.09505197702
v -0.1754174212 0.005497062539 -0.2072215049
v 0.1682891298 0.3261527132 0.5177435936
v 0.1635116502 0.3828442384 0.4764207247
v 0.7961523163 0.0003934805413 -0.001760358475
v 0.7913748493 0.05708501356 -0.04308322659
v -0.5103185556 0.1694359059 0.3811973147
v -0.5150960226 0.2261274311 0.3398744709
v -0.5347605315 0.1221379782 0.3191343265
v -0.5395379985 0.1788295097 0.2778114828
v -0.6998273443 -0.05371564822 0.09696174293
v -0.7127956241 0.1001716059 -0.01520778183
v -0.7028590098 -0.05958221683 0.08926379773
v -0.7158272895 0.09430503102 -0.02290572703
v -0.1031109255 -0.03863589264 0.04866149569
v -0.107888405 0.01805564196 0.007338626788
v -0.3079280932 -0.3774071922 -0.3924249228
v -0.3208963981 -0.2235199569 -0.504594457
v -0.3298947799 -0.4199151612 -0.4482026583
v -0.3428630848 -0.2660279008 -0.5603721925
v -0.505437282 -0.4545255057 -0.4753901023
v -0.5184055618 -0.3006382452 -0.5875596113
v 0.1574212298 0.3303694788 0.5247850904
v 0.1526437503 0.3870610039 0.4834622215
v 0.03069650847 -0.4386368106 -0.5155763795
v 0.01772820672 -0.284749525 -0.6277458886
v 0.02527117759 -0.4491354088 -0.5293523289
v 0.01230287585 -0.2952481484 -0.6415218379
v -0.1041176709 -0.03924623415 0.04794054534
v -0.1088951504 0.0174452973 0.006617676437
v 0.7200588163 0.08666628172 0.1253961736
v 0.7152813493 0.1433578069 0.08407330474
v 0.7823460901 -0.2481965538 -0.3412090193
v 0.7693778103 -0.09430931857 -0.4533785283
v 0.7805240933 -0.2517223568 -0.3458354537
v 0.7675558135 -0.09783509634 -0.4580049628
v 0.2166346353 0.3293077747 0.5164826755
v 0.2118571557 0.3859993251 0.4751598066
v 0.2398760206 0.3742823825 0.5754971246
v 0.235098541 0.4309739328 0.5341742557
v 0.1903600128 0.1690593179 0.299672854
v 0.1855825333 0.225750843 0.2583499851
v 0.1837565884 0.1562809856 0.2829054743
v 0.1789791089 0.2129725107 0.2415826054
v -0.2816495605 -0.1982571093 -0.1496840742
v -0.2946178653 -0.04436986769 -0.2618536084
v 0.7633826277 -0.3304267384 -0.4518295268
v 0.7504143479 -0.176539478 -0.5639990358
v 0.8435778459 -0.1752402484 -0.2481982387
v 0.8306095662 -0.0213530006 -0.3603677729
v 0.2394506223 0.324804334 0.5076665085
v 0.2346731427 0.3814958592 0.4663436396
v 0.2641724711 0.3726437824 0.5704400738
v 0.2593949916 0.4293353075 0.5291172049
v 0.176644982 -0.08136051514 -0.04229666864
v 0.1718675024 -0.0246689774 -0.0836195344
v 0.1859911208 0.1803904686 0.3157233446
v 0.1812136413 0.2370820063 0.2744004757
v 0.16896728 0.1474474923 0.2724964998
v 0.1641898005 0.2041390175 0.2311736309
v -0.2305192068 0.4884477794 0.786506451
v -0.2352966989 0.5451393046 0.7451835821
v -0.7388897543 0.03466187135 0.2227244836
v -0.7518580341 0.1885491184 0.1105549494
v -0.8225660139 -0.1272608825 0.01025404105
v -0.8355342937 0.02662636298 -0.10191549
v 0.467898953 -0.1217881025 -0.1314328236
v 0.463121486 -0.06509657104 -0.1727556925
v 0.698644935 0.3247305277 0.4544762428
v 0.693867468 0.3814220781 0.4131533739
v 0.174263868 0.3245623953 0.514871058
v 0.1694863884 0.3812539456 0.4735481891
v -0.3737061151 -0.4072167082 -0.4257162346
v -0.3866743948 -0.2533294478 -0.5378857939
v -0.358504686 -0.3778002641 -0.3871168553
v -0.3714729657 -0.2239130288 -0.4992863895
v 0.2972169782 0.3113007764 0.4824621777
v 0.292439486 0.3679923016 0.4411393088
v -0.1230325494 -0.04447022287 0.04296048199
v -0.1278100289 0.01222131016 0.001637613091
v 0.07475892489 0.3969091261 0.6256288678
v 0.06998144691 0.4536006765 0.5843059989
v -0.7590293896 0.02734627995 0.2150165173
v -0.7719977197 0.1812335325 0.1028469831
v -0.83307965 -0.1159490069 0.0269885065
v -0.8460479298 0.03793823798 -0.0851810214
v 0.8345960108 -0.1703271891 -0.2404195089
v 0.8216277311 -0.01643993814 -0.3525890431
v 0.7507773189 -0.3325254773 -0.453251486
v 0.7378090392 -0.1786382169 -0.565420995
v 0.1252861495 0.1854217563 0.3296441403
v 0.1205086699 0.2421132814 0.2883212714
v 0.1110537768 0.1578805576 0.2935053896
v 0.1062762972 0.2145720954 0.2521825207
v -0.6888203755 -0.04462053244 0.1081669326
v -0.7017886552 0.1092667154 -0.004002598435
v -0.7020482723 -0.07021801051 0.07457864801
v -0.7150166023 0.08366924048 -0.03759088067
v 0.2849380768 0.3574291511 0.5471660729
v 0.2801605847 0.4141207014 0.505843204
v 0.27232711 0.3330255997 0.5151444556
v 0.267549643 0.3897171249 0.4738215867
v 0.7302228093 0.3083682905 0.428377737
v 0.7254453423 0.3650598157 0.3870548932
v 0.5113340396 -0.1152053237 -0.1274234827
v 0.5065565726 -0.05851379228 -0.1687463516
v -0.2169358831 0.4879256282 0.7842197387
v -0.2217133752 0.5446171534 0.7428968698
v -0.2682340926 -0.2091354264 -0.1661592338
v -0.2812023723 -0.0552481848 -0.2783287554
v 0.8238640993 0.311005677 0.421169868
v 0.8190866323 0.3676972273 0.3798469991
v 0.2656198916 0.3296884492 0.5113415837
v 0.260842412 0.3863799744 0.4700187148
v 0.2823088882 0.3619834641 0.5537181599
v 0.2775313961 0.4186749893 0.512395291
v 0.1255664059 -0.2536586967 -0.2727700734
v 0.1125981073 -0.09977144886 -0.3849396076
v -0.5405797359 0.1710144803 0.3868616138
v -0.5453572029 0.2277060055 0.3455387449
v -0.5627301713 0.1281509649 0.3306173271
v -0.5675076382 0.1848424964 0.2892944582
v -0.2693262999 -0.2136456316 -0.1722205655
v -0.2822946047 -0.05975837747 -0.2843900997
v -0.5745326889 0.1442694717 0.3540950937
v -0.5793102062 0.2009610094 0.3127722248
v -0.5664998493 0.1598139177 0.3744920828
v -0.5712773162 0.2165054554 0.3331692139
v 0.2047504781 0.3568059595 0.5555819006
v 0.1999729985 0.4134974847 0.5142590317
v 0.2028656516 0.3531586214 0.5507959339
v 0.1980881721 0.4098501466 0.509473065
v 0.1654269422 0.327080711 0.5193476167
v 0.1606494626 0.3837722361 0.4780247478
v -0.1311661528 -0.04415757718 0.04432975831
v -0.1359436324 0.01253395584 0.003006892558
v 0.1154761563 -0.2580247094 -0.2775932827
v 0.1025078514 -0.1041374489 -0.3897628169
v -0.3761018143 -0.3955775954 -0.4094714084
v -0.389070094 -0.2416903601 -0.5216409678
v -0.3718680242 -0.3873848212 -0.3987210893
v -0.3848363543 -0.2334975859 -0.5108906486
v 0.1309865408 -0.2528116721 -0.2722346447
v 0.1180182359 -0.0989244243 -0.3844041789
v 0.7204560375 0.1107333607 0.1583682701
v 0.7156785705 0.1674248922 0.1170454137
v 0.7588060848 0.1849448696 0.2557464967
v 0.8229133938 0.3089994537 0.4185273767
v 0.8181359269 0.3656909789 0.3772045078
v 0.8208115618 0.3049321868 0.4131904405
v 0.3486595563 0.2771448875 0.4296557048
v 0.3438820642 0.3338364127 0.3883328107
v 0.1875183577 -0.08562101122 -0.0493988277
v 0.1827408781 -0.02892947977 -0.09072169189
v 0.8260817581 0.3232117528 0.4376591728
v 0.8213042408 0.379903278 0.3963363039
v -0.3051105792 -0.3789750288 -0.3949015952
v -0.3180788841 -0.2250877935 -0.5070711294
v -0.3259148231 -0.4192335281 -0.4477276325
v -0.338883128 -0.2653462677 -0.5598971667
v -0.09643128069 -0.03217292021 0.05675588877
v -0.1012087602 0.02451861046 0.01543302302
v -0.6802924427 -0.04093549907 0.1122365382
v -0.6932607225 0.1129517488 6.701660947e-05
v -0.6981651312 -0.07552108008 0.06685432366
v -0.711133411 0.07836616777 -0.04531520109
v 0.1099543209 -0.2659787385 -0.2878671427
v 0.09698601602 -0.1120914781 -0.4000366769
v 0.7172877235 0.09652108043 0.1392365117
v 0.7125102565 0.1532126056 0.09791364283
v 0.1815741353 -0.0839145898 -0.04637052409
v 0.1767966683 -0.02722305835 -0.08769338985
v 0.7966070234 -0.01772924404 -0.0266757948
v 0.7918295564 0.03896229056 -0.06799866056
v -0.3396004195 -0.3727617215 -0.3823899588
v -0.3525687244 -0.2188744611 -0.4945594679
v -0.3620671029 -0.416237169 -0.4394372378
v -0.3750354329 -0.2623499337 -0.551606772
v 0.1062288544 -0.4437309782 -0.5312976966
v 0.09326055264 -0.2898437178 -0.6434672056
v 0.09620118614 -0.4631355683 -0.5567598841
v 0.0832328844 -0.309248333 -0.6689294434
v 0.7603978864 -0.331351643 -0.452753325
v 0.7474296067 -0.1774643826 -0.5649228843
v 0.8418654898 -0.1737029905 -0.2458912831
v 0.8288971598 -0.01981573639 -0.3580607921
v -0.2730377124 -0.2016540089 -0.1553399617
v -0.2860060173 -0.0477667548 -0.2675094834
v 0.3072900398 0.312793147 0.4833450367
v 0.3025125477 0.3694846722 0.4420221678
v 0.1446980762 -0.1725506946 -0.1637085131
v 0.1317297713 -0.01866344048 -0.2758780347
v 0.1501234039 -0.1620520964 -0.1499325512
v 0.1371550991 -0.008164842252 -0.2621020854
v -0.5919567559 0.1675127304 0.3879973505
v -0.5967342229 0.2242042556 0.3466744816
v 0.719505332 0.1087271437 0.1557258165
v 0.7147278651 0.1654186688 0.1144029601
v -0.8310877102 -0.1220688053 0.01836236239
v -0.8440559899 0.0318184473 -0.09380716551
v -0.7513630919 0.03220691986 0.2207985796
v -0.7643314219 0.186094173 0.1086290455
v 0.02803010241 -0.4420104745 -0.5198964739
v 0.01506180066 -0.288123214 -0.6320659829
v 0.02620808677 -0.4455362271 -0.5245229083
v 0.01323978502 -0.2916489918 -0.6366924676
v -0.6527328994 0.05670369157 0.2430031312
v -0.6575103664 0.1133952215 0.2016802623
v 0.7778576621 -0.2550960207 -0.3501555481
v 0.764889332 -0.1012087602 -0.4623251074
v 0.7832829647 -0.2445974224 -0.3363795987
v 0.7703146849 -0.09071016201 -0.4485491329
v -0.5055567803 0.1294408146 0.325776867
v -0.5103342473 0.1861323461 0.2844539981
v -0.4918727179 0.1559209693 0.3605233822
v -0.4966501849 0.2126124945 0.3192005133
v -0.7269075869 0.03371856797 0.2200450514
v -0.7316850539 0.09041010237 0.1787221825
v -0.4303338676 0.001021465779 0.1408994415
v -0.4351113346 0.0577129988 0.09957658518
v -0.2051134994 0.4368474294 0.7127778703
v -0.2098909663 0.4935389797 0.6714550014
v -0.1336535001 -0.1159605745 -0.05389041006
v -0.146621805 0.03792667157 -0.1660599411
v -0.1478858665 -0.1435017606 -0.09002916387
v -0.1608541714 0.01038549042 -0.2021986918
v 0.1524468245 -0.5433959172 -0.6733731601
v 0.1394785259 -0.3895086819 -0.7855426692
v 0.7484511762 -0.1429617048 -0.1929168411
v 0.7436737092 -0.08627017961 -0.23423971
v -0.1051693161 -0.03982922207 0.04726231965
v -0.1099467957 0.01686230938 0.005939450746
v 0.4713120976 -0.121868799 -0.1319381326
v 0.4665346306 -0.0651772613 -0.1732609952
v 0.7017053685 0.3239672425 0.4530752562
v 0.6969279015 0.3806587677 0.4117523873
v -0.1073970966 -0.04090755452 0.04604049244
v -0.1121745636 0.01578397693 0.004717629823
v -0.5409987846 0.1222752365 0.3200438664
v -0.5457762516 0.1789667617 0.2787209975
v -0.5159021834 0.1708398725 0.3837690173
v -0.5206796504 0.2275314102 0.3424461484
v -0.5178519266 0.1711910999 0.3844762752
v -0.5226293936 0.2278826376 0.3431534063
v -0.5430424768 0.1224446138 0.32051253
v -0.5478199941 0.1791361515 0.2791896611
v -0.5509043675 0.1237281327 0.3231823309
v -0.5556818848 0.1804196642 0.281859462
v -0.5259641803 0.1719901692 0.3865104116
v -0.5307416473 0.2286817069 0.3451875427
v 0.08076328462 0.310384975 0.5062307688
v 0.07598580664 0.3670765253 0.4649078999
v 0.7461951934 -0.1392456526 -0.1875579138
v 0.7414176761 -0.08255412748 -0.2288807827
v -0.5722806291 0.1529210896 0.3657040301
v -0.577058096 0.2096126148 0.3243811612
v -0.5729094033 0.1517042918 0.3641073751
v -0.5776868703 0.2083958296 0.3227845062
v 0.1483544798 -0.5444591803 -0.6743586689
v 0.1353861749 -0.3905718947 -0.7865282283
v 0.3417363507 0.2895542513 0.4474807146
v 0.3369588838 0.3462457764 0.4061578457
v 0.05570733949 0.4071955344 0.6419435522
v 0.05092986175 0.4638870596 0.6006206833
v 0.5143464424 -0.1140548133 -0.1261933507
v 0.5095689755 -0.05736328809 -0.1675162133
v 0.7317408801 0.306627116 0.4258135533
v 0.7269634131 0.3633186663 0.3844906592
v 0.3039593772 0.3122011376 0.4829178907
v 0.299181885 0.368892688 0.4415950218
v 0.823310615 0.3330665138 0.4514994983
v 0.818533148 0.3897580641 0.4101766294
v 0.3354219528 0.2923276324 0.4520156142
v 0.3306444858 0.3490191827 0.4106927453
v -0.422928243 -0.00281581035 0.1347788259
v -0.42770571 0.0538757211 0.09345595698
v -0.1949271005 0.4383912004 0.7137181146
v -0.1997045674 0.4950827507 0.6723952457
v 0.01404225234 -0.2898719578 -0.6343472635
v 0.0326733067 -0.4645687933 -0.5513814554
v 0.01970500496 -0.3106815329 -0.6635509644
v 0.0521083425 -0.4269598768 -0.5020321342
v 0.03914004017 -0.2730726415 -0.6142016432
v 0.8210546322 0.3367826037 0.4568584632
v 0.8162771652 0.3934741288 0.4155355943
v 0.1760016602 0.1873138376 0.3263765462
v 0.1712241807 0.2440053753 0.2850536773
v 0.1535349769 0.143838365 0.2693292672
v 0.1487575036 0.2005299028 0.2280063983
v 0.1320889074 -0.2527379162 -0.2722608981
v 0.1191206025 -0.09885065573 -0.3844304323
v -0.2711913985 -0.2031511323 -0.1576073612
v -0.2841596782 -0.04926388448 -0.2697768828
v 0.1463753586 0.3373671193 0.5356623513
v 0.1415978791 0.3940586444 0.4943394824
v 0.1397398844 -0.5451333699 -0.6742877042
v 0.1267715795 -0.3912461346 -0.7864572133
v 0.04687042415 0.4097139004 0.6464202114
v 0.04209294538 0.4664054256 0.6050973425
v 0.1398493742 0.1903101716 0.334666966
v 0.135071901 0.2470016967 0.2933440971
v 0.1190451303 0.1500516849 0.2818409287
v 0.1142676507 0.2067432226 0.2405180598
v 0.7958198737 -0.01975163683 -0.02935934165
v 0.7910423564 0.03693989698 -0.07068220741
v 0.02865768215 -0.4606348052 -0.5455201048
v 0.01568938041 -0.3067475447 -0.6576896138
v 0.04479036706 -0.4294162807 -0.5045560828
v 0.03182206531 -0.2755290454 -0.6167255918
v 0.2623097111 0.3731121191 0.5712979367
v 0.2575322316 0.4298036694 0.5299751181
v 0.2373694862 0.3248501015 0.5079698812
v 0.2325920067 0.3815416266 0.4666470123
v 0.2843147343 0.3451359663 0.5303729428
v 0.2795372422 0.4018274915 0.4890500739
v 0.2836859349 0.3439192062 0.5287763129
v 0.278908468 0.4006107314 0.487453444
v -0.2640192131 0.4828701366 0.7827275189
v -0.26879668 0.5395617121 0.74140465
v 0.2292572828 0.3256491708 0.5100040679
v 0.2244798033 0.3823407211 0.468681199
v 0.254447833 0.3743956443 0.5739677879
v 0.2496703534 0.4310871695 0.532644919
v 0.1743007083 -0.07948303162 -0.0394498859
v 0.1695232413 -0.02279149389 -0.08077275244
v 0.1900363339 0.166654264 0.296410742
v 0.1852588544 0.2233458018 0.2550878731
v 0.1858025816 0.1584614898 0.2856604228
v 0.1810251021 0.2151530275 0.2443375539
v 0.7187181824 0.1067047195 0.153042235
v 0.7139407154 0.1633962509 0.1117193661
v 0.2273075018 0.3260003982 0.5107113006
v 0.2225300223 0.3826919485 0.469388482
v 0.2524040905 0.3745650593 0.5744364767
v 0.2476266109 0.4312565844 0.5331136078
v 0.1514511061 -0.5437044702 -0.6736813611
v 0.1384828012 -0.3898172349 -0.7858508701
v 0.09609739527 0.3201072115 0.5177959998
v 0.09131991886 0.3767987367 0.4764731309
v 0.1474569979 -0.1654257603 -0.1542526707
v 0.134488693 -0.01153851244 -0.2664222049
v 0.1456349885 -0.1689515506 -0.1588791051
v 0.1326666836 -0.0150642965 -0.2710486393
v -0.7033838265 -0.06198583731 0.08602690806
v -0.7163521566 0.09190141054 -0.02614261669
v -0.6979585239 -0.05148723908 0.09980286997
v -0.7109268037 0.1024000088 -0.01236665636
v -0.4972873079 -0.4614325669 -0.4858082303
v -0.510255638 -0.3075453064 -0.5979777896
v 0.7980375325 -0.007545601865 -0.01287006992
v 0.7932600152 0.04914593116 -0.05419293724
v -0.8315175218 -0.1215045958 0.01918610088
v -0.8444858015 0.03238265575 -0.09298342702
v -0.7522849789 0.03181893098 0.220372867
v -0.7652533089 0.1857061808 0.1082033454
v 0.8316369698 -0.1696951584 -0.2392103055
v 0.8186686397 -0.01580791053 -0.3513798271
v 0.7475798345 -0.3323548553 -0.4526477581
v 0.7346115548 -0.17846762 -0.5648172671
v 0.4604617187 0.3537748725 0.5218597965
v 0.4556842518 0.4104663976 0.4805369276
v 0.06371307412 0.4039068421 0.6365061791
v 0.05893559614 0.4605983421 0.5951833102
v 0.7948691683 -0.02175786013 -0.03200180625
v 0.7900917013 0.03493367145 -0.07332467358
v 0.7465924649 -0.1151785925 -0.15458583
v 0.7418149979 -0.05848705479 -0.1959086989
v 0.7434241006 -0.1293908665 -0.1737175883
v 0.7386466336 -0.07269934134 -0.2150404572
v -0.3113515984 -0.4143451128 -0.4427048319
v -0.3243199033 -0.2604578524 -0.5548743661
v -0.297119232 -0.3868039267 -0.4065660813
v -0.3100875117 -0.2329166663 -0.5187355903
v 0.2032780615 0.3409193265 0.5339569358
v 0.198500582 0.3976108517 0.4926340669
v 0.2169621239 0.3673994623 0.5687034258
v 0.2121846444 0.4240909875 0.5273805569
v 0.0528451706 0.4081236076 0.6435476758
v 0.04806769301 0.4648151328 0.6022248069
v -0.106263334 -0.04038344189 0.04662845945
v -0.111040801 0.01630809271 0.005305593697
v -0.27057643 -0.2155031107 -0.174624362
v -0.2835447348 -0.06161586917 -0.2867938962
v 0.08133369435 0.3111565335 0.5072233187
v 0.07655621637 0.3678480587 0.4659004498
v -0.1021515318 -0.03799964977 0.04942344185
v -0.1069290114 0.01869188325 0.00810057609
v 0.7780643197 -0.2310621797 -0.3172070395
v 0.7650960399 -0.07717493182 -0.4293765737
v 0.7601916312 -0.2656477544 -0.362589254
v 0.7472233514 -0.1117605065 -0.4747587631
v 0.1614461807 -0.5384070649 -0.6675693457
v 0.1484778821 -0.3845198297 -0.7797388548
v -0.1765459156 -0.1497471931 -0.09528388844
v -0.1895142205 0.004140061068 -0.2074534101
v -0.1526481321 -0.103502388 -0.03460277603
v -0.1656164244 0.05038486143 -0.1467722969
v 0.08265545395 0.3126556184 0.5091270933
v 0.07787797754 0.3693471436 0.4678042244
v 0.1724392308 0.1488769202 0.2740561637
v 0.1676617512 0.2055684579 0.2327332948
v 0.1876406599 0.1782933517 0.3126555681
v 0.1828631803 0.2349848768 0.2713326992
v -0.6928421767 0.0363847764 0.2197644367
v -0.6976196437 0.09307630726 0.1784415803
v -0.3550327227 -0.3763708363 -0.3855571915
v -0.3680010276 -0.2224835759 -0.4977267257
v -0.372056576 -0.4093138125 -0.4287840362
v -0.3850248558 -0.2554265773 -0.5409535704
v 0.05172000196 -0.4721287195 -0.563955079
v 0.03875169904 -0.3182414591 -0.6761246383
v 0.0760708929 -0.4250070656 -0.5021234176
v 0.06310259037 -0.2711198303 -0.6142929769
v -0.4111457927 0.2477123746 0.4771204133
v -0.4159232596 0.3044039249 0.4357975947
v 0.3434625377 0.2883825042 0.4456736049
v 0.3386850707 0.3450740294 0.404350736
v 0.7456417092 -0.1171848033 -0.157228271
v 0.7408642422 -0.0604932718 -0.1985511399
v -0.149197682 -0.1045716361 -0.03646860904
v -0.1621659869 0.04931561803 -0.1486381373
v -0.1724956731 -0.1496558091 -0.0956267859
v -0.185463978 0.004231438781 -0.2077963138
v -0.3698220688 -0.3852043295 -0.395966166
v -0.3827903485 -0.2313170691 -0.5081357002
v -0.3764254554 -0.3979826492 -0.4127335205
v -0.3893937855 -0.244095414 -0.5249030295
v -0.1475564415 -0.1051854605 -0.03750047269
v -0.1605247464 0.04870179367 -0.1496700045
v -0.1704672702 -0.1495204053 -0.09567552697
v -0.1834355751 0.004366848795 -0.2078450486
v -0.2961890465 0.4633668196 0.759689849
v -0.3009665386 0.5200583951 0.7183669801
v -0.1644293126 -0.1487597731 -0.09533007081
v -0.1773976175 0.005127481026 -0.2074995924
v -0.1430172292 -0.107325038 -0.04096059886
v -0.1559855215 0.04656220983 -0.1531301236
v 0.4839487143 0.3531904323 0.5183425938
v 0.4791712473 0.4098819575 0.4770197249
v 0.1715352484 -0.1503751752 -0.1363882807
v 0.1585669372 0.003512075831 -0.2485578149
v 0.152100199 -0.1879841043 -0.1857376396
v 0.1391318941 -0.03409685013 -0.2979071612
v 0.08340361644 0.3133794984 0.510033691
v 0.07862613846 0.3700710235 0.4687108221
v -0.491460308 0.1436816618 0.343684384
v -0.496237775 0.2003731996 0.3023615151
v -0.4933451219 0.1400342986 0.3388984174
v -0.4981226392 0.1967258237 0.2975755485
v 0.1218626443 0.1484838608 0.2793642312
v 0.1170851648 0.205175386 0.2380413623
v 0.1438293435 0.1909918172 0.3351419667
v 0.139051864 0.247683355 0.2938190978
v 0.2779052306 0.337026353 0.5199882602
v 0.2731277385 0.3937179033 0.4786653913
v 0.2859380702 0.3525708116 0.5403851991
v 0.2811606032 0.4092623367 0.4990623302
v -0.4279840364 -0.0003351553448 0.1387665908
v -0.4327615034 0.05635637454 0.09744373443
v -0.2017466503 0.4374587768 0.7132273468
v -0.2065241424 0.4941503019 0.6719044779
v 0.7738878144 -0.3227987143 -0.4425790721
v 0.7609195346 -0.1689114664 -0.5547485811
v 0.8453706722 -0.1844715538 -0.261070105
v 0.8324023925 -0.03058431223 -0.3732396392
v 0.3483357391 0.2819852219 0.4363336773
v 0.3435582469 0.338676747 0.3950108084
v 0.1570450441 -0.5414606585 -0.6712497018
v 0.1440767392 -0.387573373 -0.7834192611
v 0.3480470773 0.2827644503 0.4374360691
v 0.3432696103 0.3394559754 0.3961132002
v 0.2741354771 0.3686892995 0.5638629909
v 0.2693580102 0.4253808246 0.522540122
v 0.2519850543 0.325825803 0.5076187293
v 0.2472075748 0.3825173281 0.4662958604
v 0.1180066117 0.1808715422 0.3242432554
v 0.1132291385 0.2375630674 0.2829203865
v 0.109099155 0.1636346314 0.301625464
v 0.1043216755 0.2203261691 0.2603026203
v -0.5709035823 0.1348568066 0.3407621329
v -0.5756810493 0.1915483443 0.299439264
v -0.5542146109 0.1671518215 0.3831387343
v -0.5589920778 0.2238433592 0.3418158654
v -0.2759291333 -0.2198400284 -0.1799554013
v -0.2888974131 -0.06595278681 -0.2921249229
v 0.164217261 -0.1528315917 -0.1389122293
v 0.1512489561 0.001055656194 -0.2510817635
v 0.1480845651 -0.1840501161 -0.1798762764
v 0.1351162602 -0.030162862 -0.2920458106
v 0.1105775565 0.172013229 0.3129492844
v 0.105800077 0.2287047667 0.2716264155
v 0.1111854022 0.1731894899 0.3144927285
v 0.1064079258 0.2298810151 0.2731698596
v 0.7952663894 0.002309203132 0.0009702791712
v 0.7904889224 0.05900073458 -0.04035258737
v 0.7819474104 -0.236365243 -0.3249313261
v 0.7689791306 -0.0824779951 -0.4371008603
v 0.7687194633 -0.261962721 -0.3585196233
v 0.7557511836 -0.1080754732 -0.4706891323
v 0.1608130938 -0.5389618066 -0.668257165
v 0.1478447889 -0.3850745461 -0.780426674
v 0.1234914434 -0.2542124576 -0.273289886
v 0.1105231385 -0.1003252097 -0.3854594201
v -0.5609217538 0.1638146835 0.3793358875
v -0.5656992208 0.2205062087 0.3380130186
v -0.5735327458 0.1394111007 0.3473141947
v -0.5783102128 0.1961026321 0.3059913258
v -0.2685380689 -0.2117240529 -0.1696754558
v -0.2815063737 -0.05783679879 -0.2818449774
v 0.7462679687 -0.1893721905 -0.2563357399
v 0.7313450169 -0.2182497607 -0.2942280877
v 0.7069638463 -0.2654300321 -0.3561366987
v 0.6771178924 -0.3231851725 -0.4319213439
v 0.7191728391 0.08858200117 0.128126805
v 0.7143953722 0.1452735389 0.0868039361
v -0.2722609484 -0.2172556516 -0.1768339487
v -0.2852292281 -0.06336841008 -0.2890034829
v 0.336578335 0.2919495481 0.4513632018
v 0.3318008681 0.3486410984 0.4100403329
v 0.7930103564 0.00602524898 0.006329212683
v 0.7882328894 0.06271678358 -0.03499365307
v 0.1386732076 -0.5450764875 -0.6740863275
v 0.125704909 -0.3911892522 -0.7862558365
v -0.5059195502 -0.4501006492 -0.4692638537
v -0.5188878802 -0.2962134139 -0.5814333628
v -0.7132351424 0.03359637985 0.2182966849
v -0.7180126094 0.09028791337 0.1769738286
v 0.114763932 -0.2585608171 -0.2782464495
v 0.1017956271 -0.1046735692 -0.3904159837
v 0.1095830954 0.1612835051 0.2983439637
v 0.1048056159 0.2179750303 0.2570210948
v 0.1207060609 0.1828076559 0.326587353
v 0.1159285813 0.2394991936 0.2852644841
v 0.3138312129 0.3142539331 0.4845928281
v 0.309053746 0.3709454834 0.4432699592
v -0.3754691171 -0.4038774453 -0.4209312487
v -0.3884373969 -0.24999021 -0.5331007829
v -0.3632784815 -0.3802873221 -0.3899769431
v -0.3762468115 -0.2264000617 -0.5021464522
v -0.5058395326 -0.4532896339 -0.4736481231
v -0.5188078123 -0.2994023986 -0.5858176321
v 0.7184512224 0.09053006588 0.1308828222
v 0.7136737554 0.1472215973 0.0895599533
v -0.7006248546 -0.05486091555 0.09548273791
v -0.7135931846 0.09902633858 -0.01668678685
v -0.7024469016 -0.05838669961 0.09085630349
v -0.7154151814 0.09550054824 -0.02131322284
v -0.5052293168 0.1675324959 0.3779976425
v -0.5100067838 0.2242240337 0.3366747736
v -0.528470677 0.1225578631 0.3189831934
v -0.533248144 0.1792494008 0.2776603245
v 0.7827581982 -0.2470010429 -0.3396165135
v 0.7697899185 -0.09311379507 -0.4517860477
v 0.7797265328 -0.2528676241 -0.3473144462
v 0.766758253 -0.09898036368 -0.4594840055
v 0.694483719 -0.002163904081 0.006485375213
v 0.689706252 0.05452762737 -0.03483749251
v 0.684110252 -0.02223767013 -0.01985484932
v 0.679332785 0.03445386161 -0.06117771508
v -0.5527671024 0.1241965009 0.3240402692
v -0.5575446197 0.1808880261 0.2827174003
v -0.5280452912 0.1720359366 0.3868138095
v -0.5328227582 0.2287274744 0.3454909406
v 0.1839808112 0.1823599271 0.3186576913
v 0.1792033316 0.2390514522 0.2773348224
v 0.1653037347 0.1462177438 0.2712329413
v 0.1605262552 0.2029092816 0.2299100975
v 0.1162294897 -0.2575079145 -0.2769713736
v 0.1032611879 -0.1036206541 -0.3891409078
v -0.3161138766 -0.3743457276 -0.3872784496
v -0.3290821564 -0.2204584923 -0.4994479838
v -0.3400116223 -0.4205905076 -0.4479595376
v -0.3529799272 -0.2667032723 -0.5601290718
v -0.5658899352 0.1847992311 0.4086993469
v -0.5706674022 0.2414907562 0.3673764529
v 0.2461658751 0.3747022862 0.5753459914
v 0.2413883956 0.4313938365 0.5340231225
v 0.2217238866 0.3274043773 0.5132829781
v 0.2169464071 0.3840959025 0.4719601595
v 0.6866417447 -0.02809507268 -0.02818338876
v 0.6818642777 0.02859645877 -0.06950625451
v 0.7023673367 0.002335692295 0.01174699948
v 0.6975898697 0.05902722532 -0.02957586864
v 0.157954125 0.1915187841 0.3342319239
v 0.1531766455 0.2482103092 0.292909055
v 0.1336940872 0.1445729576 0.2726309354
v 0.1289166077 0.2012644953 0.2313080916
v 0.1826052229 0.1552313898 0.2815986379
v 0.1778277434 0.2119229275 0.240275769
v 0.1903703105 0.1702576704 0.301315704
v 0.1855928309 0.2269492081 0.2599928351
v -0.4296520836 -0.3016781469 -0.274458037
v -0.4426203633 -0.147790899 -0.3866275712
v -0.5050331203 -0.4475486868 -0.4658651938
v -0.5180014504 -0.2936614264 -0.5780347531
v 0.2391768349 -0.3896593121 -0.4724864348
v 0.2262085426 -0.2357720517 -0.5846559941
v 0.7448546098 -0.1192072212 -0.1599118524
v 0.7400771428 -0.06251568345 -0.2012347213
v 0.1353834465 -0.2527119645 -0.2726061908
v 0.1224151416 -0.09882471666 -0.384775725
v 0.3291687624 0.2936633124 0.4545709965
v 0.3243912955 0.3503548376 0.4132481276
v 0.1110135857 -0.2710562588 -0.2949555888
v 0.09804528394 -0.117169011 -0.4071250979
v 0.8397662228 -0.1723530271 -0.2437965425
v 0.8267978928 -0.01846577921 -0.3559660516
v 0.7572564797 -0.332018364 -0.4533048478
v 0.7442881497 -0.1781311036 -0.5654743568
v 0.08182569277 -0.4258511479 -0.5039467723
v 0.06885738945 -0.2719639127 -0.6161163316
v 0.05756565263 -0.4727969744 -0.5655477356
v 0.0445973501 -0.3189097391 -0.6777172949
v -0.8252055379 -0.1262857343 0.01189703558
v -0.8381738177 0.02760152066 -0.1002724955
v -0.7421402485 0.03445459667 0.2228159179
v -0.7551085785 0.1883418447 0.1106463963
v 0.1954977852 -0.1484224017 -0.136479627
v 0.1825294803 0.005464852445 -0.2486491486
v 0.1711469041 -0.1955440053 -0.1983112758
v 0.1581785992 -0.04165676375 -0.31048081
v 0.7634553526 -0.003681383928 -0.003570523619
v 0.7586778856 0.05301014752 -0.04489339252
v 0.7458444438 -0.03776035773 -0.04828798339
v 0.7410669768 0.0189311753 -0.08961085072
v -0.4473878218 0.02191983632 0.1715419375
v -0.4521652888 0.07861136934 0.1302190686
v -0.2402504209 0.4227532203 0.6975041186
v -0.245027913 0.4794447706 0.6561812497
v 0.1123598777 -0.2608713184 -0.2811383231
v 0.09939157282 -0.1069840706 -0.3933078572
v 0.2736034684 0.3112038098 0.4850591531
v 0.2688260014 0.367895335 0.4437363345
v -0.3339330021 -0.4203637324 -0.4483512013
v -0.346901307 -0.2664764971 -0.5605207103
v -0.3110221734 -0.3760287875 -0.3901761321
v -0.3239904783 -0.2221415271 -0.5023456663
v 0.03291455078 -0.4365095802 -0.5129144748
v 0.01994624904 -0.2826223449 -0.6250839838
v 0.02514946952 -0.4515358859 -0.5326315409
v 0.01218116778 -0.2976486255 -0.6448010499
v -0.26906535 -0.2059990993 -0.161760329
v -0.2820336549 -0.0521118452 -0.2739298506
v -0.3126634139 -0.3754149757 -0.3891442775
v -0.3256316937 -0.2215277153 -0.5013137865
v -0.335961405 -0.4204991236 -0.4483024665
v -0.3489297099 -0.2666118883 -0.5604719756
v -0.3278950445 -0.4196030876 -0.4480057577
v -0.3408633494 -0.2657158523 -0.5601752919
v -0.3064829486 -0.3781683651 -0.3936362512
v -0.3194512535 -0.2242811298 -0.5058057854
v 0.3479140751 0.2747063631 0.4263964595
v 0.343136583 0.3313979134 0.3850735654
v 0.0502160441 -0.4274959594 -0.5025488033
v 0.03724774196 -0.2736086989 -0.6147183124
v 0.03153896886 -0.4636381049 -0.5499735282
v 0.01857066712 -0.3097508696 -0.6621430373
v 0.2499163283 0.3255029665 0.5074149887
v 0.2451388487 0.3821944916 0.4660921198
v 0.2726404912 0.3694767006 0.5651160631
v 0.2678630243 0.4261682258 0.5237931942
v 0.7377786617 0.2851551452 0.3956576884
v 0.7330011947 0.3418466704 0.3543348447
v 0.5404133134 -0.0967683252 -0.1054913982
v 0.5356357961 -0.04007679375 -0.1468142671
v 0.7586769804 -0.03076217029 -0.04017066572
v 0.7538994631 0.02592935959 -0.08149353305
v 0.7678915756 -0.01293091138 -0.01677299372
v 0.7631141086 0.04376061929 -0.05809585947
v 0.7659063248 -0.1569412564 -0.2141136791
v 0.7611288578 -0.1002497312 -0.2554365355
v -0.2744826559 -0.2007650393 -0.1539533214
v -0.2874509608 -0.04687778513 -0.2661228556
v -0.1745235731 -0.1497314762 -0.09549613495
v -0.187491878 0.004155777909 -0.2076656628
v -0.1508963079 -0.1040101425 -0.03550191292
v -0.1638646128 0.04987710374 -0.1476714385
v 0.09481370343 -0.4640858714 -0.5579031648
v 0.08184539854 -0.3101986109 -0.6700727241
v 0.105936672 -0.4425616955 -0.5296597754
v 0.09296837028 -0.2886744602 -0.6418293348
v -0.6765467046 -0.03981031785 0.1133471405
v -0.6895149844 0.11407693 0.001177612593
v -0.6959817226 -0.07741924696 0.06399778155
v -0.7089500526 0.07646800403 -0.04817174792
v 0.110692126 -0.2704512736 -0.2940884216
v 0.09772382111 -0.1165640258 -0.4062579306
v -0.2693900222 -0.2054005517 -0.1609016488
v -0.2823583271 -0.05151330389 -0.2730711578
v -0.4441765066 0.01420156453 0.1605818425
v -0.4489539736 0.07089309598 0.1192589736
v -0.229970928 0.4287126692 0.7044915495
v -0.2347483949 0.4854041943 0.6631686806
v 0.2395156523 -0.388389341 -0.4707833328
v 0.2265473474 -0.2345020555 -0.5829528418
v -0.1600984553 -0.1020318449 -0.03172395175
v -0.1730667602 0.05185540922 -0.1438934745
v -0.1844796511 -0.1492121038 -0.09363255769
v -0.197447956 0.004675140916 -0.2058020856
v 0.8222624903 0.3349453176 0.4541982182
v 0.817484973 0.3916368679 0.4128753493
v 0.1043343747 -0.454467718 -0.5458085905
v 0.09136607293 -0.3005804324 -0.6579780996
v 0.1049422235 -0.4532914445 -0.5442651213
v 0.09197392175 -0.299404184 -0.6564346807
v 0.2367092406 -0.3806111142 -0.4597878309
v 0.2237409357 -0.2267238538 -0.5719573399
v 0.7511464258 -0.0354692824 -0.04575779991
v 0.7463689588 0.02122224748 -0.08708066566
v 0.76586956 -0.006978418798 -0.008372895505
v 0.761092093 0.04971311423 -0.04969576126
v 0.2852692369 0.3476010208 0.5336444095
v 0.2804917699 0.4042925459 0.4923215406
v 0.2821330608 0.3415321575 0.5256810257
v 0.2773555938 0.3982236827 0.4843581568
v 0.5567101434 -0.1646594448 -0.2005164994
v 0.5417871916 -0.1935370025 -0.238408822
v 0.7387268021 0.1875626163 0.2616592728
v 0.66558324 0.0460218334 0.07593347742
v 0.517406021 -0.2407172739 -0.3003174205
v 0.4875600671 -0.2984724394 -0.3761020909
v 0.8007322792 0.3075499335 0.4191031915
v 0.1064206093 -0.4449128343 -0.5329413009
v 0.09345230753 -0.291025599 -0.64511081
v 0.09751314943 -0.4621497577 -0.5555590671
v 0.08454484769 -0.3082624973 -0.6677286265
v -0.4997281207 -0.4602990934 -0.4839710448
v -0.5126964005 -0.3064118582 -0.5961405538
v 0.3476926814 0.2835307531 0.4385283518
v 0.3429152144 0.3402222783 0.3972054829
v -0.6838646166 -0.04226674692 0.1108231667
v -0.6968328964 0.1116205009 -0.001346354883
v -0.6999972874 -0.07348525883 0.06985912588
v -0.7129656174 0.08040198588 -0.04231040045
v -0.7335691133 0.03437799274 0.2217198883
v -0.7383466306 0.09106952444 0.1803970194
v -0.7465374433 0.1882652471 0.1095503541
v -0.817642242 -0.1283125781 0.008241949073
v -0.8306105218 0.02557467293 -0.1039275788
v 0.836768204 -0.2011707349 -0.2829854165
v 0.8450712224 -0.1851034462 -0.2619023683
v 0.8321029427 -0.0312161921 -0.3740719025
v 0.7742380108 -0.3221734606 -0.441761746
v 0.7612696807 -0.1682862002 -0.5539312551
v -0.7556599001 0.03003020872 0.2183090823
v -0.7686281799 0.1839174534 0.1061395482
v -0.8327343322 -0.1191172454 0.02260202423
v -0.8457026119 0.03477000351 -0.08956749739
v 0.3467903084 0.2850171639 0.4406719277
v 0.3420128163 0.3417087143 0.3993490588
v 0.8254737552 0.3272270159 0.4432380729
v 0.8206962883 0.3839185662 0.401915204
v 0.09365712626 -0.4297620512 -0.5106800681
v 0.08068882451 -0.2758748159 -0.6228495771
v 0.07169042703 -0.4722700453 -0.5664578036
v 0.0587221245 -0.3183827598 -0.6786273126
v 0.7558844624 -0.03276505533 -0.04259560139
v 0.7511069451 0.02392647612 -0.08391846871
v 0.7673909502 -0.01049870196 -0.01337832583
v 0.7626134832 0.04619282949 -0.05470119316
v 0.2036957523 0.3549969134 0.5532219603
v 0.1989182853 0.4116884386 0.5118990914
v 0.8458776347 -0.179362474 -0.2541194642
v 0.8329093046 -0.02547522619 -0.3662889984
v 0.7693836444 -0.3273866739 -0.4483526347
v 0.7564153144 -0.1734994386 -0.5605221689
v 0.7180964493 0.104670998 0.1503240137
v 0.7133189823 0.1613625294 0.1090011448
v 0.1710418402 -0.06789353375 -0.02317329917
v 0.1662643606 -0.0112020023 -0.06449616571
v 0.7381041637 -0.04008540029 -0.05058286848
v 0.7333266968 0.01660612959 -0.09190573581
v 0.7589434877 0.0002409674609 0.00233224402
v 0.7541660207 0.05693249891 -0.03899062252
v 0.728554913 0.3100549967 0.430884636
v 0.723777446 0.366746547 0.3895617671
v 0.5082434297 -0.1162716799 -0.1285291058
v 0.5034659627 -0.05958014221 -0.1698519747
v 0.139448884 0.1437288752 0.2708076058
v 0.1346714044 0.200420413 0.2294847369
v 0.1637997714 0.190850504 0.3326392672
v 0.1590222981 0.2475420292 0.2913163983
v 0.2769145667 0.3109251565 0.4842940824
v 0.2721370745 0.3676166817 0.4429712135
v 0.2072950723 0.3354333695 0.5259662927
v 0.2025175928 0.3921249198 0.4846434238
v 0.2257840496 0.3712115884 0.5729134268
v 0.22100657 0.4279031135 0.5315905579
v 0.7725414469 -0.3246198057 -0.4449217866
v 0.7595731672 -0.1707325579 -0.5570913208
v 0.8459576522 -0.1825514839 -0.2585037587
v 0.8329893725 -0.0286642235 -0.3706732929
v 0.7117064596 0.005641132533 0.01520205461
v 0.7069289926 0.06233266398 -0.02612081193
v 0.6916012756 -0.0332646497 -0.03584900245
v 0.6868237583 0.02342688411 -0.07717187017
v 0.7453092162 -0.1373299332 -0.1848272699
v 0.7405317493 -0.08063839546 -0.2261501262
v 0.027879117 -0.459571542 -0.543971405
v 0.01491081526 -0.3056843067 -0.656140914
v 0.04308054844 -0.4301551482 -0.5053720006
v 0.03011224591 -0.2762678878 -0.6175415096
v 0.1445763524 -0.1749511843 -0.1669877125
v 0.1316080538 -0.02106393017 -0.2791572467
v 0.15234144 -0.1599249037 -0.1472706464
v 0.1393731351 -0.006037646424 -0.2594401806
v -0.5628775324 0.1859497164 0.4099294349
v -0.5676549993 0.2426412416 0.368606566
v -0.5222696917 0.1235255112 0.3195938115
v -0.5270471587 0.1802170427 0.2782709426
v -0.5007480306 0.1651722288 0.3742414432
v -0.5055255478 0.2218637665 0.3329185743
v -0.2717618821 -0.2026318479 -0.1568289878
v -0.284730187 -0.04874459377 -0.2689985094
v 0.2384754489 -0.3828206254 -0.4630232369
v 0.225507144 -0.228933365 -0.5751927962
v 0.1561836166 -0.5418970083 -0.6717488183
v 0.1432153117 -0.388009773 -0.7839183274
v -0.6525841301 -0.03785754438 0.1132557942
v -0.6655524601 0.1160297098 0.001086269457
v -0.6769350238 -0.08497916058 0.05142415168
v -0.6899033538 0.06890809041 -0.06074537622
v 0.1509658518 -0.187053441 -0.1843296999
v 0.1379975532 -0.03316618055 -0.2964992341
v 0.1696429282 -0.1509112577 -0.1369049624
v 0.1566746296 0.002975996392 -0.249074484
v -0.2837002436 -0.1979228561 -0.1489884091
v -0.2966685484 -0.04403560192 -0.2611579433
v -0.5053325702 -0.4481805793 -0.4666974571
v -0.5183008499 -0.2942933189 -0.5788670164
v -0.7432178454 0.03432311557 0.2227601168
v -0.7561861251 0.1882103639 0.1105905952
v -0.826019796 -0.1259076122 0.01250991694
v -0.8389880757 0.02797963956 -0.09965960782
v -0.3143620398 -0.3748534696 -0.3881775786
v -0.3273303447 -0.2209662343 -0.5003470877
v -0.337989305 -0.4205748159 -0.448171803
v -0.3509576099 -0.2666875554 -0.560341312
v 0.7445875995 -0.1353818622 -0.1820712527
v 0.7398101325 -0.07869033704 -0.2233941216
v -0.3235641621 -0.3728751594 -0.3843996021
v -0.336532467 -0.2189879241 -0.4965691615
v -0.347945383 -0.4200554309 -0.4463082383
v -0.3609136628 -0.2661681956 -0.5584777725
v -0.5687944577 0.1576133713 0.3717384169
v -0.5735719247 0.2143049091 0.330415548
v -0.5744068536 0.1467527577 0.3574873915
v -0.5791843206 0.2034442828 0.3161645477
v -0.2701222258 0.4806532825 0.7803917198
v -0.2748996928 0.5373448077 0.7390689012
v 0.7746641006 -0.2282725033 -0.3129867282
v 0.7616958209 -0.07438525543 -0.4251562373
v 0.7545194359 -0.2672546694 -0.3641380041
v 0.7415511561 -0.1133674215 -0.4763075131
v 0.7097489208 0.005086570089 0.01466756257
v 0.7049714035 0.06177810154 -0.02665530436
v 0.6904277682 -0.03230188632 -0.03439250866
v 0.6856503012 0.02438964278 -0.07571537481
v -0.3335202402 -0.3723558247 -0.3825360626
v -0.346488545 -0.2184685643 -0.4947055716
v -0.3571475053 -0.4180771207 -0.4425302618
v -0.3701157851 -0.2641898854 -0.554699796
v 0.02548343981 -0.4479324795 -0.5277265789
v 0.01251513807 -0.2940452191 -0.6398960879
v 0.02971719211 -0.4397397053 -0.5169762597
v 0.01674889037 -0.2858524449 -0.6291457687
v 0.1707294145 0.1481380903 0.2732402207
v 0.165951935 0.2048296281 0.2319173518
v 0.1868620979 0.1793565897 0.3142042427
v 0.1820846183 0.2360481274 0.272881399
v 0.2396347859 -0.3864841833 -0.4681833901
v 0.226666481 -0.2325969229 -0.5803528991
v 0.1750261976 -0.08013432494 -0.0404272793
v 0.1702487181 -0.0234427872 -0.08175014506
v 0.1096053945 0.3219542044 0.5187681807
v 0.1048279149 0.3786457296 0.4774453118
v -0.2270878307 0.4884672934 0.7861365394
v -0.2318653228 0.5451588186 0.7448136705
v 0.7548154657 -0.1498091803 -0.2030468102
v 0.7500379987 -0.09311764255 -0.2443696666
v 0.8060699698 0.3494820374 0.4760134951
v 0.8012925028 0.4061735877 0.4346906262
v 0.7175075078 0.09450440229 0.1364443835
v 0.7127300408 0.1511959337 0.09512151461
v -0.7235208969 0.03353788265 0.2194056149
v -0.7282983639 0.09022941528 0.178082746
v -0.5068635162 0.1682200637 0.3791298334
v -0.5116409832 0.2249115889 0.3378069645
v -0.5305643614 0.1223563229 0.3189487672
v -0.5353418283 0.1790478606 0.2776258983
v -0.8282383601 -0.1246267903 0.01452359631
v -0.8412066399 0.02926046229 -0.09764592845
v -0.7463965702 0.03374594141 0.2223357873
v -0.7593648499 0.1876331912 0.1101662656
v 0.09647463717 -0.4313299129 -0.5131567405
v 0.08350633543 -0.2774426525 -0.6253262998
v 0.07567039007 -0.4715883619 -0.5659827778
v 0.06270208833 -0.3177011267 -0.6781523371
v 0.3472734315 0.2842822193 0.4396077593
v 0.3424959394 0.3409737445 0.3982848904
v 0.6906597236 -0.005323671207 0.002592546339
v 0.6858822566 0.05136786182 -0.03873031942
v 0.6838286062 -0.01854262199 -0.0147529836
v 0.6790511392 0.03814891143 -0.05607585093
v -0.6800858354 0.04012066063 0.2234149684
v -0.6848633024 0.09681219405 0.1820920995
v 0.1635252296 -0.5360491868 -0.6645748475
v 0.1505569247 -0.3821619515 -0.7767443565
v 0.1100483831 -0.2685727716 -0.2914368522
v 0.09708007817 -0.1146855364 -0.4036063864
v 0.2677419166 0.3715376437 0.5685098446
v 0.262964437 0.4282291688 0.5271869757
v 0.2436405434 0.3248988614 0.5073117857
v 0.2388630639 0.3815904117 0.4659889168
v 0.1707931369 -0.06870702486 -0.02426058708
v 0.1660156573 -0.01201549341 -0.06558345362
v 0.1178518574 -0.2565374184 -0.2758275145
v 0.1048835557 -0.102650158 -0.3879970487
v 0.1828464702 0.1832905778 0.3200656185
v 0.1780689906 0.2399821155 0.2787427496
v 0.1634114271 0.1456816738 0.2707162721
v 0.1586339538 0.202373199 0.2293934032
v 0.7605639568 -0.2223402886 -0.3032180452
v 0.7475956268 -0.06845302814 -0.4153875543
v 0.7364550774 -0.2689935806 -0.3644351656
v 0.7234867473 -0.1151063328 -0.4766046997
v 0.3485579626 0.281194954 0.4352237917
v 0.3437804956 0.3378864791 0.3939009228
v 0.7172368261 0.09855099216 0.1420272694
v 0.7124593088 0.1552425173 0.1007044005
v 0.06198478507 -0.4251165554 -0.5006451293
v 0.04901648294 -0.2712293201 -0.6128146383
v 0.03951810563 -0.4685920531 -0.5576923831
v 0.02654980232 -0.3147047927 -0.6698618921
v 0.1704965035 -0.07033974059 -0.02646623902
v 0.165719024 -0.01364820599 -0.06778910478
v 0.09359661956 0.3192888293 0.5169623786
v 0.08881914315 0.3759803545 0.4756395097
v 0.2812128335 0.340367854 0.5241900633
v 0.2764353665 0.3970593791 0.4828671944
v 0.2855926015 0.348843129 0.5353110988
v 0.2808151094 0.4055346793 0.4939882299
v 0.6841634629 -0.01605465236 -0.01137841284
v 0.6793859959 0.04063687988 -0.0527012786
v 0.6885432058 -0.007579364783 -0.0002573821295
v 0.6837657388 0.04911216667 -0.04158024867
v -0.4915988677 -0.4629569747 -0.4885572944
v -0.5045671977 -0.3090697394 -0.6007268034
v 0.7540263043 -0.3324124921 -0.453472075
v 0.7410580245 -0.1785252316 -0.5656416343
v 0.8373254603 -0.1712195914 -0.241959357
v 0.8243571303 -0.01733233408 -0.3541288912
v 0.7942182647 0.004187975429 0.003668977053
v 0.7894407475 0.06087950531 -0.03765389106
v 0.2836307123 0.3106597808 0.4831535679
v 0.2788532453 0.3673513059 0.441830699
v 0.1109706536 0.3219219409 0.5185660999
v 0.1061931772 0.378613466 0.477243231
v 0.1215009935 -0.2548814418 -0.2739775543
v 0.1085326949 -0.1009941939 -0.3861470885
v -0.1447653191 -0.1417999662 -0.08805522925
v -0.1577336115 0.01208727851 -0.2002247571
v -0.1325747213 -0.118209843 -0.05710092844
v -0.1455430261 0.03567741257 -0.1692704516
v 0.7567705904 -0.1513750051 -0.2054210339
v 0.7519931234 -0.09468347997 -0.2467438903
v -0.425120252 -0.2966932427 -0.2681431109
v -0.438088582 -0.1428059949 -0.38031262
v 0.1704492776 -0.0711550297 -0.02757929253
v 0.165671798 -0.0144635014 -0.06890215887
v 0.7261155084 0.007889621508 0.01662092071
v 0.7213379911 0.06458115296 -0.02470194623
v 0.7020141227 -0.03874917334 -0.04457718383
v 0.6972366054 0.01794235497 -0.08590004801
v 0.1625074447 -0.1535704341 -0.1397281848
v 0.1495391398 0.0003168106482 -0.2518977064
v 0.1473060156 -0.182986853 -0.1783275641
v 0.134337717 -0.02909960514 -0.2904970857
v -0.2706677385 -0.2036889752 -0.1584057893
v -0.2836360434 -0.04980173363 -0.2705753235
v -0.5198380324 0.1714824272 0.3851055775
v -0.5246154994 0.2281739524 0.3437827086
v -0.545059966 0.122675249 0.3210621668
v -0.5498374329 0.1793667742 0.2797392979
v 0.2859274079 0.3513311175 0.5386857183
v 0.2811499409 0.4080226426 0.4973628494
v 0.2790962905 0.338112173 0.52134016
v 0.2743188235 0.3948036981 0.4800172911
v -0.2710913137 -0.2161009291 -0.1753849691
v -0.2840596186 -0.06221366864 -0.2875544907
v -0.7035055377 -0.06438633329 0.08274770866
v -0.7164738678 0.08950092085 -0.02942182032
v -0.6957404628 -0.0493600464 0.1024647747
v -0.7087087928 0.1045272015 -0.009704756317
v 0.7442328264 -0.1212409427 -0.1626300612
v 0.7394553594 -0.06454940494 -0.2039529301
v 0.7974295297 -0.003530297936 -0.007291116349
v 0.7926520124 0.05316123352 -0.04861398368
v 0.2793282459 0.3650903441 0.5583251808
v 0.2745507538 0.4217818944 0.5170023119
v 0.2600071437 0.327701916 0.5092651501
v 0.2552296641 0.3843934411 0.4679422812
v 0.189311687 0.1642580493 0.2932070966
v 0.1845342074 0.2209495745 0.2518842277
v 0.187489665 0.1607322464 0.288580637
v 0.1827121855 0.2174237716 0.2472577681
v 0.1102089149 -0.2692079835 -0.2923268529
v 0.09724061627 -0.1153207356 -0.4044963871
v -0.697116051 -0.07648858366 0.06540570873
v -0.7100843307 0.07739866733 -0.04676381446
v -0.678438962 -0.04034640044 0.1128304462
v -0.691407292 0.1135408474 0.0006609245923
v 0.46116015 -0.1213271464 -0.1300213381
v 0.4563826579 -0.06463562124 -0.171344207
v 0.6923104697 0.3259739436 0.4569144403
v 0.6875330027 0.3826654688 0.4155915714
v 0.1491440876 -0.1631550037 -0.1513324314
v 0.1361757827 -0.009267755843 -0.2635019655
v 0.1449103353 -0.1713477779 -0.1620827505
v 0.1319420367 -0.01746052378 -0.2742522847
v -0.2671098229 0.4818038056 0.781621858
v -0.2718873151 0.5384953307 0.7402989891
v -0.720107702 0.03345718611 0.218900287
v -0.7248852192 0.09014871874 0.1775774307
v -0.3650265966 -0.4147622503 -0.4370715892
v -0.3779948763 -0.2608749899 -0.5492410983
v -0.3436145007 -0.3733275027 -0.3827021079
v -0.3565827804 -0.2194402674 -0.4948716421
v 0.1193185844 0.1818573779 0.3254440723
v 0.1145411049 0.2385489157 0.2841212034
v 0.1092909131 0.1624527501 0.2999818597
v 0.1045134366 0.2191442878 0.2586589908
v -0.4429686485 0.01236428154 0.1579215974
v -0.4477461658 0.069055813 0.1165987285
v -0.2271365403 0.4300229507 0.7059614387
v -0.2319140073 0.4867145011 0.6646385698
v 0.7046846277 0.3231119949 0.4515574871
v 0.6999071607 0.3798035201 0.4102346182
v 0.4747434234 -0.1218492724 -0.1323080631
v 0.4699659565 -0.06515774098 -0.173630932
v -0.1316183452 -0.1241046265 -0.06529865504
v -0.1445866501 0.02978262486 -0.1774681798
v -0.1382217696 -0.1368829462 -0.08206600955
v -0.1511900619 0.01700429846 -0.1942355343
v -0.3355481401 -0.3724314667 -0.3824053991
v -0.348516445 -0.2185442314 -0.4945749081
v -0.3588461312 -0.4175156397 -0.441563563
v -0.3718144612 -0.2636284044 -0.5537330971
v -0.5343335364 0.1718013408 0.3872189771
v -0.5391110537 0.2284928785 0.3458961082
v -0.5580344319 0.1259376125 0.3270378857
v -0.5628118988 0.1826291377 0.2857150168
v -0.2236747364 0.4883865718 0.7856312367
v -0.2284522033 0.5450780969 0.7443083678
v -0.3604873718 -0.4169018027 -0.4405317083
v -0.3734557018 -0.2630145674 -0.5527012174
v -0.337576543 -0.372566883 -0.3823566391
v -0.3505448479 -0.2186796226 -0.4945261733
v 0.8010141764 0.351962683 0.4800011971
v 0.7962367095 0.4086542082 0.4386783282
v 0.7711853728 -0.1592598424 -0.2179049081
v 0.7664078555 -0.1025683173 -0.2592277644
v -0.23270596 0.4273271479 0.7029068896
v -0.237483427 0.4840186982 0.6615840207
v -0.4452246313 0.01608032425 0.1632805121
v -0.4500020983 0.0727718557 0.1219576558
v -0.1359872372 -0.1127734507 -0.04924813149
v -0.1489555421 0.04111379405 -0.1614176641
v -0.1530110906 -0.1457164521 -0.09247499979
v -0.1659793954 0.008170792648 -0.2046445214
v -0.2716532725 -0.2166855704 -0.1761221015
v -0.2846215773 -0.06279832883 -0.2882916231
v -0.2682291135 -0.2097806718 -0.1670450224
v -0.2811974184 -0.05589342399 -0.2792145566
v -0.6770734326 0.04127116874 0.2246450816
v -0.6818508995 0.09796269823 0.1833222127
v 0.2580495671 0.3271473252 0.5087306266
v 0.2532720876 0.3838388755 0.4674077577
v 0.2781547889 0.3660531452 0.5597816919
v 0.2733773219 0.4227446703 0.518458823
v 0.1814116986 -0.1485318663 -0.1350012758
v 0.1684433937 0.005355381505 -0.2471708099
v 0.1589450027 -0.1920073641 -0.1920485799
v 0.1459767041 -0.03812010993 -0.3042181141
v 0.0707184803 0.3999172289 0.6302228627
v 0.06594100154 0.4566087792 0.5888999938
v -0.4904910945 0.1474049311 0.3486803528
v -0.4952685614 0.2040964689 0.3073574839
v -0.4961034903 0.1365443112 0.3344293525
v -0.5008810076 0.1932358426 0.2931064836
v -0.3314978977 -0.3723401078 -0.3827483028
v -0.3444662025 -0.2184528474 -0.4949178119
v -0.3553956685 -0.4185848878 -0.4434293909
v -0.3683639483 -0.2646976274 -0.5555988999
v 0.7439720023 -0.03842308661 -0.04898070944
v 0.739194485 0.01826844484 -0.09030357363
v 0.7624609418 -0.002644889706 -0.002033576893
v 0.7576834748 0.05404664332 -0.04335644186
v 0.231651863 0.3728739021 0.574515589
v 0.2268743834 0.4295654272 0.5331927201
v 0.2108125264 0.332547506 0.5216004309
v 0.2060350469 0.3892390312 0.480277562
v 0.7436439352 -0.1314075509 -0.1765097165
v 0.7388664179 -0.0747160132 -0.2178325854
v 0.4706521663 0.3541096789 0.5211409962
v 0.4658746742 0.4108012041 0.4798181273
v 0.1266291598 -0.2534268167 -0.2725748074
v 0.1136608549 -0.0995395563 -0.3847443165
v -0.8325071044 -0.1197308183 0.02173398939
v -0.8454753841 0.03415643759 -0.09043553851
v -0.7548671678 0.03051080103 0.2188767495
v -0.7678354979 0.1843980493 0.1067072404
v 0.2023650891 0.3432871629 0.537310985
v 0.1975876096 0.399978688 0.4959881161
v 0.2138716146 0.3655535508 0.5665283156
v 0.2090941351 0.422245076 0.5252054467
v 0.8084198513 0.3481254352 0.4738806317
v 0.803642334 0.4048169603 0.4325577628
v -0.3082310636 -0.4126433184 -0.4407308973
v -0.3211993434 -0.258756058 -0.5529004315
v -0.2960404532 -0.3890531701 -0.4097765918
v -0.3090087581 -0.2351659097 -0.5219461008
v 0.09023362111 -0.4666999466 -0.5609599772
v 0.07726531937 -0.3128127114 -0.6731295365
v 0.1044659938 -0.4391587606 -0.5248212014
v 0.0914976889 -0.2852715253 -0.6369907607
v 0.1534202376 -0.5430600545 -0.6730249252
v 0.1404519328 -0.3891728193 -0.7851944343
v 0.7433732032 -0.1273609548 -0.1709268306
v 0.7385957362 -0.07066942962 -0.2122496995
v -0.5641498169 0.1289854475 0.3319262759
v -0.5689272839 0.1856769726 0.2906034321
v -0.5426281558 0.1706321587 0.3865739328
v -0.547405673 0.2273236965 0.3452510639
v -0.4384986784 0.2311293597 0.4575322505
v -0.4432761454 0.2878208975 0.4162093816
v -0.5018273877 -0.4589491551 -0.4818763042
v -0.5147957178 -0.3050618947 -0.5940458132
v 0.1187168495 -0.2560861313 -0.2753084061
v 0.1057485477 -0.1021988835 -0.3874779403
v -0.6855745083 -0.04300558304 0.1100072364
v -0.6985427881 0.1108816648 -0.002162291533
v -0.7007759374 -0.07242199568 0.07140785081
v -0.7137442171 0.08146524903 -0.04076167316
v 0.7831221248 -0.2398234257 -0.3298114681
v 0.7701537948 -0.08593616531 -0.4419810022
v 0.7730944283 -0.2592280661 -0.3552736807
v 0.7601261485 -0.1053408057 -0.4674432149
v 0.1408148849 -0.5451588186 -0.6744468341
v 0.1278465863 -0.391271533 -0.7866163934
v -0.4293202948 -0.3010835222 -0.2736806192
v -0.4422885745 -0.1471962618 -0.3858501534
v 0.6876229785 -0.008743671498 -0.001748319375
v 0.6828455115 0.04794786153 -0.0430711867
v 0.6844868024 -0.01481252528 -0.009711700017
v 0.6797093354 0.04187900538 -0.05103456735
v 0.2038865045 0.3397669174 0.5323055861
v 0.1991090249 0.3964584426 0.4909827172
v 0.2186096261 0.3682577527 0.5696904937
v 0.2138321465 0.424949303 0.5283676248
v 0.0465525031 -0.4287256953 -0.5038123367
v 0.03358419979 -0.27483846 -0.6159818458
v 0.02952866232 -0.4616686967 -0.5470391815
v 0.01656036058 -0.3077814363 -0.6592087408
v 0.1902485867 0.1678571807 0.298036492
v 0.1854711071 0.2245487185 0.2567136231
v 0.184823259 0.1573585825 0.2842605175
v 0.1800457794 0.2140501077 0.2429376486
v 0.03176317902 -0.4375592137 -0.5142213112
v 0.01879487728 -0.2836719281 -0.6263908203
v 0.02515976091 -0.4503375334 -0.5309886909
v 0.01219145916 -0.296450273 -0.6431582
v 0.06114768766 0.4050846999 0.6384187049
v 0.05637020987 0.461776225 0.597095836
v -0.2683812777 -0.2110765694 -0.168805296
v -0.2813495825 -0.05718932152 -0.2809748176
v 0.2018644763 0.3457193754 0.5407056718
v 0.1970869967 0.4024109006 0.4993828029
v 0.2110790841 0.3635506721 0.5641033454
v 0.2063016045 0.4202421972 0.5227805268
v 0.697115548 -0.03668824286 -0.0411834118
v 0.6923380308 0.02000329017 -0.08250627913
v 0.7198396858 0.007285507009 0.0165176925
v 0.7150622188 0.0639770416 -0.02480517404
v -0.2556629586 0.4062011991 0.6765779874
v -0.2604404507 0.4628926991 0.6352551185
v -0.2136264193 0.4875464626 0.7833169633
v -0.2184039115 0.5442379878 0.7419940944
v -0.298751998 0.3228192342 0.5671665451
v -0.3718955853 0.181278445 0.3814407622
v -0.4448274101 0.04014740008 0.1962526211
v -0.4496048771 0.09683893154 0.1549297522
v -0.4479957241 0.02593511667 0.1771208502
v -0.4527732414 0.08262664813 0.1357979813
v -0.2446696193 0.4193932866 0.6934054683
v -0.2494470863 0.4760848369 0.6520825994
v -0.6989378466 -0.05259015267 0.09840298981
v -0.7119061263 0.1012970952 -0.01376653494
v -0.7031715863 -0.06078292061 0.08765267066
v -0.7161399163 0.09310432724 -0.02451685135
v 0.7381835275 0.2892349856 0.4012081222
v 0.7334060102 0.3459265108 0.3598852281
v 0.5368165458 -0.1004320591 -0.1101019146
v 0.5320390285 -0.04374053395 -0.1514247835
v -0.2950840646 -0.3949479662 -0.4179743199
v -0.3080523694 -0.2410607057 -0.5301438541
v -0.3016875015 -0.4077262859 -0.4347416745
v -0.3146558064 -0.2538390506 -0.5469112338
v -0.2994529691 -0.3836168029 -0.4019238043
v -0.312421274 -0.2297295424 -0.5140933133
v -0.3164768225 -0.4165598043 -0.445150649
v -0.3294451274 -0.2626725187 -0.557320158
v -0.273607341 -0.2183465513 -0.1781749095
v -0.2865756459 -0.06445930972 -0.2903444186
v -0.1175530426 -0.04388187236 0.0431341468
v -0.1223305221 0.01280966067 0.001811277896
v 0.1298866322 -0.252917742 -0.272253002
v 0.1169183336 -0.09903049411 -0.3844225361
v -0.4945578585 -0.4623249314 -0.4873480783
v -0.5075261885 -0.3084376961 -0.5995175874
v 0.2673886774 0.3304527906 0.5121857163
v 0.2626112104 0.3871443409 0.4708628474
v 0.2831142946 0.3608835619 0.5521160983
v 0.2783368025 0.417575087 0.5107932294
v -0.4457781156 0.03814117973 0.1936101549
v -0.4505555825 0.09483271452 0.1522872986
v -0.2545510361 0.4081863744 0.679172951
v -0.2593285282 0.4648778996 0.6378500821
v 0.7379127452 0.2932815818 0.4067909955
v 0.7331352782 0.349973107 0.3654681266
v 0.5326616166 -0.1039016838 -0.1143815852
v 0.5278841496 -0.04721015859 -0.1557044541
v 0.0850655592 0.3147673331 0.5117455442
v 0.08028808122 0.3714588583 0.4704226753
v 0.2239115577 0.3705488155 0.5722206285
v 0.2191340782 0.4272403407 0.5308977596
v 0.2063006867 0.3364698511 0.5275031734
v 0.2015232071 0.3931613763 0.4861803548
v -0.6666701915 -0.03796702161 0.1147341328
v -0.6796384713 0.1159202262 0.002564608083
v -0.6891368749 -0.08144251933 0.05768682869
v -0.7021052049 0.07244473481 -0.05448269607
v 0.7480321275 0.005384108747 0.01064970623
v 0.7432546605 0.0620756402 -0.03067316033
v 0.7235901516 -0.04191381583 -0.05141328191
v 0.7188126846 0.01477771877 -0.09273615081
v 0.1504355153 -0.5439849592 -0.6739487234
v 0.1374672167 -0.3900977239 -0.7861182828
v -0.5035397438 -0.4574118721 -0.4795693234
v -0.5165080739 -0.3035246116 -0.5917388828
v -0.3743903132 -0.4061266887 -0.4241417843
v -0.3873585929 -0.2522394534 -0.5363112934
v -0.3601579468 -0.3785855278 -0.3880030085
v -0.3731262265 -0.2246982673 -0.5001725176
v 0.0261161401 -0.4562323294 -0.5391863939
v 0.01314783522 -0.302345069 -0.6513559533
v 0.03830673798 -0.4326421811 -0.5082321136
v 0.02533843624 -0.2787549207 -0.6204016226
v 0.06850411416 0.4013200764 0.6324034549
v 0.06372663618 0.4580116267 0.591080586
v 0.7678354979 -0.3283682597 -0.4495202577
v 0.7548671678 -0.1744809993 -0.5616897918
v 0.8454753841 -0.1781266274 -0.2523775101
v 0.8325070541 -0.02423938585 -0.3645470192
v -0.4257852881 -0.29719505 -0.2687546595
v -0.4387536181 -0.1433078022 -0.3809241937
v 0.4773683119 0.3538443283 0.5200004817
v 0.4725908449 0.4105358535 0.4786776128
v 0.285645737 0.3550261342 0.5437875305
v 0.28086827 0.4117176593 0.5024646616
v 0.2752722951 0.334952409 0.5174473123
v 0.2704948281 0.3916439342 0.4761244434
v 0.4816276512 -0.1215100653 -0.1326385945
v 0.4768501591 -0.06481853384 -0.1739614634
v 0.7103713077 0.3211338607 0.4481861871
v 0.7055938407 0.377825411 0.4068633182
v 0.1559579416 0.191622905 0.334605532
v 0.1511804684 0.2483144427 0.2932826883
v 0.1318490747 0.1449696255 0.2733884368
v 0.1270716015 0.2016611507 0.2320655679
v 0.7768720024 -0.1612379263 -0.2212761201
v 0.7720945354 -0.1045463886 -0.262598989
v 0.08547134603 -0.4267006118 -0.5055335948
v 0.07250304429 -0.2728133513 -0.6177031039
v 0.06157358026 -0.4729453917 -0.5662146829
v 0.04860527812 -0.3190581313 -0.6783841919
v 0.1136661798 0.3217375383 0.5180015007
v 0.1088887002 0.3784290635 0.4766786318
v -0.1202808575 -0.04425485814 0.04293781202
v -0.125058337 0.01243667646 0.001614946263
v -0.4354862755 0.2322798702 0.4587623888
v -0.4402637425 0.2889713954 0.4174395199
v -0.1459766978 -0.1058500817 -0.03859492826
v -0.1589449901 0.04803716462 -0.1507644499
v -0.1684433937 -0.1493255794 -0.09564223241
v -0.1814116986 0.004561671611 -0.2078117666
v 0.7892462107 -0.1640999002 -0.2266331362
v 0.7844687437 -0.1074083624 -0.2679559925
v 0.1378936271 0.1898839937 0.3343083706
v 0.1331161476 0.2465755315 0.2929855017
v 0.1177489435 0.1509018276 0.2831570947
v 0.112971464 0.2075933654 0.2418342258
v 0.1659793954 -0.1521409937 -0.1381685084
v 0.1530110906 0.001746257325 -0.2503380426
v 0.1489555421 -0.1850839825 -0.1813953783
v 0.1359872435 -0.03119674094 -0.2935649124
v 0.1415498484 0.3181232684 0.5098192882
v -0.06598456626 -0.0834784286 -0.01715103561
v -0.1638212846 -0.2728031417 -0.2655775441
v 0.2011576585 0.4334708736 0.6611751313
v 0.1160320861 0.26874362 0.4450247131
v 0.04288851536 0.1272028496 0.2592989302
v -0.2765809924 -0.4910054249 -0.5518963642
v 0.1780375569 0.3887309623 0.602468682
v 0.7177709975 0.006962679954 0.01631397081
v 0.7129935305 0.06365421141 -0.02500889613
v 0.6956205621 -0.03590082913 -0.03993030729
v 0.6908430952 0.02079070389 -0.0812531754
v 0.06765223624 -0.4727186165 -0.5666063717
v 0.0546839342 -0.3188313561 -0.6787758808
v 0.09056306496 -0.4283836465 -0.5084312774
v 0.07759476164 -0.2744964112 -0.6206008367
v -0.5364272208 0.171599788 0.3871845257
v -0.5412046878 0.2282913258 0.3458616568
v -0.5596686313 0.1266251552 0.3281700766
v -0.5644460982 0.1833166929 0.2868472077
v 0.1850405286 -0.08504792491 -0.04832613288
v 0.180263049 -0.02835639345 -0.08964899864
v 0.08892182756 -0.4277698096 -0.5073994479
v 0.07595352582 -0.2738825743 -0.6195689569
v 0.06562382154 -0.4728540077 -0.5665575866
v 0.05265551882 -0.3189667473 -0.678727146
v 0.1511900745 -0.1609744995 -0.1485774955
v 0.1382217696 -0.007087248491 -0.2607470171
v 0.1445866564 -0.1737528192 -0.16534485
v 0.1316183578 -0.01986557135 -0.2775143716
v -0.5368526568 0.1221217207 0.3193539096
v -0.5416301238 0.1788132522 0.2780310407
v -0.5121307954 0.1699611628 0.3821274499
v -0.5169082624 0.2266526879 0.340804581
v -0.1298423799 -0.04430924469 0.04396864189
v -0.1346198595 0.0123822899 0.002645772992
v 0.12248439 -0.2545329303 -0.2736131248
v 0.1095160914 -0.1006456824 -0.385782659
v 0.6838179942 -0.0197823161 -0.01645251633
v 0.6790404769 0.03690921457 -0.05777538366
v 0.6918508338 -0.004237873256 0.00394446184
v 0.6870733669 0.05245365977 -0.0373784047
v 0.07369017657 -0.4719579717 -0.566260903
v 0.06072187404 -0.3180707113 -0.678430412
v 0.09510227091 -0.4305232492 -0.5118913965
v 0.08213396917 -0.2766359888 -0.6240609558
v -0.2339604657 0.48832808 0.7867401667
v -0.2387379327 0.5450196051 0.7454172978
v 0.1041046636 0.3216831455 0.5190323243
v 0.09932718406 0.3783746706 0.4777094554
v 0.737323854 0.2831149987 0.3929113905
v 0.7325463367 0.339806549 0.3515885216
v 0.5419913345 -0.0948746219 -0.1030758392
v 0.5372138675 -0.03818308417 -0.1443987018
v -0.1319420241 -0.1265096678 -0.0685607608
v -0.144910329 0.02737757611 -0.1807302918
v -0.1361757764 -0.134702442 -0.07931107681
v -0.1491440813 0.01918480896 -0.1914805984
v 0.06616714016 0.4026509785 0.6344995031
v 0.06138966218 0.4593425036 0.5931766342
v 0.2381056379 -0.3822459674 -0.4621921303
v 0.225137333 -0.228358707 -0.5743616394
v -0.5106833372 0.1270058611 0.3230290351
v -0.5154608042 0.1836973925 0.2817061662
v -0.4939943657 0.1593008823 0.3654056365
v -0.4987718327 0.2159924074 0.3240827676
v -0.4913652023 0.1547465567 0.3588534993
v -0.4961426693 0.2114380944 0.3175306555
v -0.5039761439 0.1303429739 0.3268318316
v -0.5087536612 0.1870345053 0.2855089627
v -0.2682782255 -0.210428256 -0.1679277682
v -0.2812465052 -0.05654100184 -0.2800972898
v 0.72478609 0.3132490612 0.4357023381
v 0.720008623 0.3699406115 0.3943794692
v 0.5018575641 -0.1181418834 -0.1303565784
v 0.4970800971 -0.06145034568 -0.1716794536
v 0.1736335472 -0.07880833908 -0.03844713416
v 0.1688560803 -0.02211680763 -0.07977000228
v -0.2532805369 0.4101457741 0.6817142007
v -0.2580580039 0.4668372992 0.6403913318
v -0.4465652652 0.03611876896 0.1909265986
v -0.4513427322 0.09281030287 0.1496037172
v 0.1098953576 -0.2666320058 -0.2887565902
v 0.09692705901 -0.112744758 -0.4009260992
v 0.1850298914 0.1813924235 0.3172090512
v 0.1802524244 0.2380839487 0.2758862075
v 0.1671572155 0.1468068362 0.2718268618
v 0.1623797359 0.2034983739 0.2305039929
v 0.1862646945 -0.08535324654 -0.04888652784
v 0.1814872149 -0.0286617088 -0.09020939203
v -0.5715527759 0.1541233651 0.3672693017
v -0.5763302429 0.2108148903 0.3259464328
v -0.57343764 0.1504759893 0.36248331
v -0.578215107 0.207167527 0.3211604662
v 0.4806793599 0.3535656247 0.5192353104
v 0.4759018929 0.4102571499 0.4779124415
v 0.1013768487 0.321310166 0.5188359769
v 0.09659936916 0.3780016911 0.477513108
v 0.32166167 0.2946420064 0.4567816142
v 0.114127249 -0.1069596906 -0.07018871746
v 0.01629052442 -0.2962844037 -0.3186152181
v 0.3812694612 0.4099896116 0.6081374573
v 0.2961439077 0.245262358 0.3919870391
v 0.223000333 0.1037215813 0.2062612562
v -0.09646916456 -0.514486687 -0.6049340382
v 0.3581493597 0.3652496751 0.549431008
v -0.1012417656 -0.03733905838 0.0502245418
v -0.1060192452 0.01935247465 0.008901672899
v -0.1343377107 -0.1148705927 -0.05231593781
v -0.1473060156 0.03901665668 -0.1644854657
v -0.1495391398 -0.1442870117 -0.09091531708
v -0.1625074321 0.009600242468 -0.203084845
v 0.1455430261 -0.1796476153 -0.1735425782
v 0.1325747213 -0.02576036112 -0.2857120998
v 0.157733624 -0.1560574795 -0.1425882726
v 0.1447653191 -0.002170228538 -0.2547577943
v 0.7176416919 0.102630864 0.1475777032
v 0.7128641746 0.1593223955 0.1062548343
v 0.8260145654 0.3191436057 0.432085805
v 0.8212370985 0.3758351309 0.3907629109
v -0.6510065113 0.05855765955 0.2453470277
v -0.6557840286 0.1152491926 0.2040241588
v 0.7527939028 -0.03461097315 -0.04477074301
v 0.7480164358 0.02208055595 -0.08609361034
v 0.7664779652 -0.008130827865 -0.01002424669
v 0.7617004982 0.04856070359 -0.05134711401
v 0.7834599489 0.3573467949 0.4894172696
v 0.7786824819 0.4140383201 0.4480944007
v -0.5902304684 0.169366689 0.3903412721
v -0.5950079354 0.2260582267 0.3490184032
v -0.8243571806 -0.1266378669 0.0113158551
v -0.8373254603 0.0272493872 -0.1008536728
v -0.7410580245 0.03455503499 0.222828592
v -0.7540263043 0.1884422816 0.1106590578
v 0.1376174194 -0.5449882217 -0.6738431565
v 0.1246491145 -0.3911009865 -0.7860127159
v -0.1983484681 0.4379737611 0.7135409795
v -0.2031259351 0.4946653114 0.6722181106
v -0.4255134999 -0.00161527946 0.1367247468
v -0.4302909669 0.05507625356 0.09540187791
v 0.7173519488 -0.0417765638 -0.05050376562
v 0.7125744818 0.01491496922 -0.09182662981
v 0.74244855 0.006788081569 0.01322137746
v 0.737671083 0.06347961302 -0.0281014883
v 0.1626572828 0.3280945101 0.5210586651
v 0.1578797969 0.3847860352 0.4797357962
v 0.7404987565 0.007139312098 0.01392866044
v 0.7357212895 0.06383084355 -0.02739420571
v 0.7153082063 -0.04160717398 -0.05003509414
v 0.710530689 0.0150843559 -0.0913579599
v -0.2767761579 -0.220294836 -0.1804814125
v -0.2897444628 -0.06640758189 -0.2926509467
v 0.7074463156 -0.0403236676 -0.04736529167
v 0.7026688486 0.01636786543 -0.088688159
v 0.7323865531 0.007938372005 0.01596278114
v 0.7276090861 0.06462990346 -0.02536008383
v 0.5050821066 -0.1172513169 -0.1295075986
v 0.5003045893 -0.06055978547 -0.1708304675
v 0.7267412147 0.3116832112 0.4333281144
v 0.7219637477 0.3683747363 0.3920052455
v -0.2543534314 0.4855397364 0.7852724401
v -0.2591309235 0.5422312615 0.7439495712
v -0.3094424171 -0.3766934213 -0.3912706026
v -0.322410722 -0.222806186 -0.5034401619
v -0.3319091005 -0.4201688939 -0.4483178816
v -0.3448774054 -0.2662816586 -0.5604874158
v 0.1889130073 0.1760893476 0.3094847646
v 0.1841355277 0.2327808854 0.2681618957
v 0.1756850853 0.1504918821 0.2758964926
v 0.1709076058 0.2071834199 0.2345736237
v 0.4404516405 0.3505154763 0.5197016354
v 0.4356741735 0.4072070015 0.4783787665
v 0.6860701043 -0.01113071071 -0.004843609733
v 0.6812926373 0.04556081995 -0.04616647706
v 0.6854413301 -0.01234750539 -0.006440250592
v 0.6806638128 0.04434402763 -0.04776311635
v 0.2389306337 -0.390289746 -0.4733229228
v 0.2259623414 -0.2364024856 -0.5854924318
v -0.505580519 -0.4488175514 -0.4675426962
v -0.5185487988 -0.294930291 -0.5797122555
v -0.3455946969 -0.3736970873 -0.3829802079
v -0.3585630018 -0.219809852 -0.495149717
v -0.3663989408 -0.4139555866 -0.4358062452
v -0.3793672457 -0.2600683262 -0.5479757543
v 0.7593648499 -0.3316033891 -0.4529792954
v 0.7463965702 -0.1777161287 -0.5651488045
v 0.8412066399 -0.1732306555 -0.2451671013
v 0.8282383098 -0.0193434076 -0.3573366355
v 0.7369690809 0.2972559056 0.4123525443
v 0.7321916139 0.3539474308 0.3710296754
v 0.5279887609 -0.1071437788 -0.1182892068
v 0.5232112939 -0.0504522411 -0.1596120757
v -0.6821025199 -0.04157613636 0.1115669128
v -0.6950708499 0.1123111115 -0.0006026151127
v -0.6991263984 -0.07451913777 0.06834004292
v -0.7120946781 0.07936811008 -0.04382948184
v -0.6968918408 -0.05040964218 0.1011579257
v -0.7098601205 0.1034776057 -0.01101160535
v -0.7034952778 -0.06318796818 0.08439057118
v -0.7164635575 0.09069927967 -0.02777896183
v -0.2996414958 -0.4055457942 -0.4319867512
v -0.3126098007 -0.2516585338 -0.5441562853
v -0.295407756 -0.39735302 -0.421236432
v -0.3083760609 -0.2434657596 -0.5334059662
v 0.08722317969 -0.4272083286 -0.506432749
v 0.07425487952 -0.2733210933 -0.6186022581
v 0.06359592236 -0.4729296497 -0.5664269231
v 0.05062762022 -0.3190424144 -0.6785964825
v 0.1866921297 0.1595869916 0.2871016445
v 0.1819146501 0.2162785168 0.2457787756
v 0.18972377 0.1654535477 0.2947996023
v 0.1849462904 0.2221450854 0.2534767334
v -0.6831763447 0.03905430048 0.2223093075
v -0.6879538117 0.09574583154 0.1809864386
v 0.07802105895 -0.4252300184 -0.5026547725
v 0.06505275642 -0.2713427831 -0.6148242816
v 0.05363985926 -0.472410315 -0.5645633836
v 0.04067155673 -0.3185230546 -0.6767328926
v 0.1837452094 0.3228676169 0.5114498161
v 0.1789677299 0.3795591672 0.4701269472
v 0.06806499584 -0.4247106837 -0.5007911827
v 0.05509669336 -0.2708234233 -0.612960742
v 0.04443773694 -0.4704320048 -0.5607854071
v 0.03146943441 -0.3165447444 -0.6729549664
v 0.7362474642 0.2992039892 0.4151085992
v 0.7314699972 0.3558955395 0.3737857303
v 0.5254719037 -0.1086696326 -0.1200915827
v 0.5206944368 -0.05197810117 -0.1614144453
v 0.8389880757 -0.1719498335 -0.2431534345
v 0.8260197457 -0.01806258566 -0.3553229436
v 0.7561861251 -0.3321805618 -0.453403625
v 0.7432178454 -0.1782933014 -0.565573134
v 0.270334114 0.3115789771 0.4859518696
v 0.2655566344 0.3682705274 0.4446290007
v 0.1639253678 -0.5354320304 -0.6637744202
v 0.1509570692 -0.3815447952 -0.7759439795
v 0.2396074512 -0.3877527713 -0.469920692
v 0.2266391463 -0.233865536 -0.582090201
v 0.7587189758 -0.2219436458 -0.3024605689
v 0.7457506457 -0.06805638537 -0.4146301031
v 0.7344589128 -0.2688894471 -0.3640615322
v 0.7214906331 -0.1150021993 -0.4762310664
v -0.235335048 0.4258696812 0.7012113316
v -0.2401125402 0.4825612316 0.6598884627
v -0.4461106085 0.01799605156 0.1660111686
v -0.4508880755 0.07468758458 0.1246882997
v -0.1566746233 -0.1469462006 -0.09373854578
v -0.1696429282 0.006941056724 -0.2059080674
v -0.1379975469 -0.1108040173 -0.04631380516
v -0.1509658518 0.04308323523 -0.1584833299
v -0.5048281224 -0.4557205891 -0.4771000946
v -0.5177964525 -0.3018333538 -0.5892696539
v 0.1096548648 0.1696303799 0.30978688
v 0.1048773852 0.226321905 0.2684640111
v 0.1126865114 0.1754969359 0.3174848126
v 0.1079090318 0.2321884736 0.2761619437
v -0.1393731351 -0.1379325546 -0.08337285858
v -0.1523414274 0.01595469954 -0.1955423833
v -0.1316080475 -0.1229062614 -0.06365579566
v -0.1445763524 0.03098098447 -0.1758253173
v -0.3130048592 -0.4151303513 -0.4435909851
v -0.3259731641 -0.2612430909 -0.5557605445
v -0.2978034301 -0.3857139324 -0.4049916059
v -0.310771735 -0.231826672 -0.51716114
v 0.7530017674 -0.1481809407 -0.2006033067
v 0.7482242501 -0.09148940298 -0.241926163
v -0.2378519052 0.4243437897 0.6994089495
v -0.2426293722 0.4810353149 0.6580860806
v -0.4468322252 0.01994411469 0.1687671732
v -0.4516096922 0.07663564614 0.1274443043
v 0.7717069707 -0.2601783189 -0.3564169614
v 0.758738691 -0.1062910711 -0.4685864956
v 0.7828299173 -0.2386541682 -0.3281735972
v 0.7698616375 -0.08476693294 -0.4403431314
v -0.8329893222 -0.1153059744 0.02786025679
v -0.845957602 0.03858127387 -0.08430927111
v -0.7595731672 0.02676235923 0.2142782785
v -0.7725414469 0.1806496079 0.1021087568
v -0.7025388892 -0.06908275795 0.07619284301
v -0.7155072192 0.08480449304 -0.03597668568
v -0.6903483039 -0.04549262222 0.1071471485
v -0.7033165836 0.1083946256 -0.005022384083
v 0.2390661003 -0.3840063793 -0.4647183422
v 0.226097808 -0.2301191441 -0.5768878512
v -0.4919884945 0.1424533593 0.342060344
v -0.4967660117 0.199144897 0.3007374751
v -0.492617319 0.141236574 0.340463689
v -0.497394786 0.1979280992 0.2991408201
v 0.1099424515 -0.2679306444 -0.2905436578
v 0.09697414666 -0.1140434091 -0.402713192
v 0.7818355065 -0.2493839172 -0.3427789431
v 0.7688672267 -0.09549666932 -0.4549484521
v 0.7812277048 -0.2505601655 -0.344322362
v 0.7682593748 -0.09667290512 -0.4564918711
v -0.7564153144 0.02952923677 0.2177091265
v -0.7693836444 0.1834164885 0.1055395923
v -0.8329093549 -0.1184949717 0.02347596859
v -0.8458776347 0.03539227691 -0.08869355931
v 0.2615685804 0.3024763612 0.4744772682
v 0.05403416778 -0.09912532325 -0.05249305717
v -0.04380255889 -0.2884500489 -0.3009195641
v 0.3211763842 0.4178239664 0.6258331113
v 0.2360508307 0.2530967379 0.4096826931
v 0.162907256 0.1115559487 0.2239569102
v 0.2665288782 0.312075076 0.4870724175
v -0.1565622416 -0.506652307 -0.5872383842
v 0.2980562826 0.3730840551 0.567126662
v -0.5218554209 0.1717130373 0.3856551891
v -0.5266328879 0.228404575 0.3443323202
v -0.5470459711 0.1229665512 0.321691444
v -0.5518234884 0.179658089 0.2803685751
v 0.2938211347 0.3109946124 0.4824347676
v 0.2890436677 0.3676861375 0.4411118987
v 0.07280503552 0.3984457554 0.6279628564
v 0.06802755754 0.4551372806 0.5866399875
v -0.5489957144 0.1233178038 0.3223987269
v -0.5537732317 0.1800093289 0.281075858
v -0.5238991132 0.1718824523 0.3861238779
v -0.5286766305 0.2285739774 0.344801009
v 0.1236935494 0.1845920454 0.3286899897
v 0.1189160699 0.2412835705 0.2873671208
v 0.1104656275 0.1589945799 0.2951017177
v 0.1056881511 0.2156861051 0.2537788488
v -0.3416147401 -0.3730154542 -0.3825051821
v -0.354583045 -0.2191282189 -0.4946747415
v -0.3635814519 -0.4155233981 -0.4382829176
v -0.3765497317 -0.2616361628 -0.5504524266
v 0.2396471959 -0.3871172577 -0.4690533738
v 0.2266788911 -0.2332299972 -0.5812228828
v -0.5389337174 0.1221675133 0.3196573327
v -0.5437112347 0.1788590448 0.2783344638
v -0.5139935302 0.1704295498 0.3829854134
v -0.5187709972 0.2271210875 0.3416625445
v 0.8457026119 -0.1787402129 -0.2532455324
v 0.8327343322 -0.02485295246 -0.3654150666
v 0.7686281799 -0.3278876513 -0.4489525905
v 0.7556599001 -0.1740004034 -0.5611221247
v 0.7833138451 -0.241005307 -0.3314550976
v 0.7703455654 -0.08711805917 -0.4436246317
v 0.7744063947 -0.2582422053 -0.3540728638
v 0.761438115 -0.1043549449 -0.466242398
v -0.7695727494 0.008248707315 0.1900351897
v -0.7612696807 0.0243160078 0.2111182379
v -0.7742380108 0.1782032627 0.09894871625
v -0.8321029427 -0.1127540121 0.03125886018
v -0.8450712224 0.04113324286 -0.08091066458
v 0.7979703399 -0.01161372381 -0.018443433
v 0.7931928729 0.04507780764 -0.05976629876
v 0.8106433945 0.3466955547 0.4716619167
v 0.8058658772 0.403387105 0.4303390478
v 0.8306105218 -0.1695448677 -0.2388854572
v 0.817642242 -0.01565761981 -0.3510549789
v 0.7465374433 -0.3322354324 -0.4523633964
v 0.7335691636 -0.1783481971 -0.5645329055
v -0.4366044093 0.005516809178 0.1477916409
v -0.4413818763 0.06220834063 0.106468772
v -0.214945276 0.4344513278 0.7106273036
v -0.219722743 0.4911428781 0.669304485
v 0.1472940645 -0.5446517053 -0.6745002462
v 0.1343257597 -0.39076447 -0.7866697553
v -0.3674374845 -0.3831357418 -0.3934039186
v -0.3804057643 -0.2292484814 -0.5055734276
v -0.3763449349 -0.4003726149 -0.4160216848
v -0.3893132147 -0.2464853797 -0.5281911938
v -0.4094194046 0.2495663583 0.4794643601
v -0.4141969218 0.3062579086 0.4381414912
v -0.2202880212 0.4882059161 0.7849918002
v -0.2250654882 0.5448974413 0.7436689313
v 0.7156503053 0.3188153124 0.4443949833
v 0.7108728383 0.3755068375 0.4030721144
v 0.4884852735 -0.1207737376 -0.132421262
v 0.4837078065 -0.06408221242 -0.1737441309
v 0.1140945832 -0.2591149552 -0.2789292896
v 0.1011262783 -0.1052277073 -0.3910988238
v 0.7437780187 -0.1232810766 -0.1653763843
v 0.7390005518 -0.06658955147 -0.2066992532
v 0.7485837006 -0.2683624929 -0.3649715751
v 0.7356153706 -0.1144752325 -0.4771411344
v 0.7705503621 -0.2258545239 -0.3091938647
v 0.7575820824 -0.07196727604 -0.4213633989
v 0.3407964334 0.2900969223 0.4483339002
v 0.3360189412 0.3467884475 0.4070110313
v -0.374866546 -0.3919940551 -0.4046978644
v -0.3878348257 -0.2381067947 -0.5168673734
v -0.374258694 -0.3908177816 -0.4031544203
v -0.3872269738 -0.2369305463 -0.5153239545
v -0.5730251798 0.1382367069 0.3456443621
v -0.5778026468 0.1949282321 0.3043214932
v -0.5593411174 0.1647168553 0.3803908521
v -0.5641186347 0.2214083805 0.3390679832
v -0.2944627338 0.465220753 0.7620336952
v -0.2992402008 0.5219123285 0.7207108263
v 0.1705575603 -0.07277366314 -0.02981244697
v 0.1657800933 -0.01608213797 -0.0711353145
v 0.197447956 -0.1486453419 -0.1370109568
v 0.1844796511 0.005241909058 -0.2491804784
v 0.1730667602 -0.1958256008 -0.1989195552
v 0.1600984553 -0.04193835925 -0.3110890894
v 0.04060899427 0.4109378023 0.6488232032
v 0.03583151629 0.4676293274 0.6075003343
v -0.4236837076 -0.2957411794 -0.267003049
v -0.4366519873 -0.1418539315 -0.3791725832
v -0.3758610071 -0.4027237537 -0.4193032103
v -0.3888292869 -0.2488365185 -0.5314727193
v -0.3647380102 -0.3811996282 -0.3910598209
v -0.3777063403 -0.2273123678 -0.5032293299
v 0.111812215 -0.2722254409 -0.2966519263
v 0.09884391007 -0.1183381931 -0.4088214354
v 0.7367021209 0.2810812646 0.3901931314
v 0.731924654 0.3377727898 0.3488702625
v 0.5434173675 -0.0929457506 -0.1005944581
v 0.5386399005 -0.03625421915 -0.141917327
v -0.109772804 -0.04186051059 0.04500778283
v -0.1145502835 0.01483102086 0.003684917073
v -0.1271468537 -0.0444936221 0.04340404267
v -0.1319243207 0.01219790778 0.002081176918
v 0.1638646128 -0.1938472906 -0.1951415913
v 0.1508963079 -0.03996004905 -0.3073111129
v 0.187491878 -0.1481259821 -0.1351473732
v 0.1745235731 0.005761272064 -0.2473168886
v 0.7668903751 -0.02037012595 -0.0268632252
v 0.7621129081 0.036321406 -0.06818609332
v 0.7650055612 -0.02401749549 -0.0316492001
v 0.7602280439 0.03267403616 -0.07297206625
v 0.6874471511 -0.0291949875 -0.02978549809
v 0.6826696338 0.02749654159 -0.07110836326
v 0.7041361225 0.00310002427 0.01259110385
v 0.6993586556 0.05979155729 -0.02873176407
v -0.3014632914 -0.3816473444 -0.3989894826
v -0.3144315963 -0.2277601091 -0.5111590168
v -0.3201403552 -0.4177895402 -0.4464142075
v -0.3331086601 -0.2639022798 -0.5585837417
v -0.2117207084 0.435341932 0.7114763147
v -0.2164982005 0.4920334321 0.6701534458
v -0.4346492343 0.003950971756 0.145417392
v -0.4394267013 0.06064250321 0.1040945231
v 0.132221413 0.1882770913 0.3327596205
v 0.1274439334 0.2449686165 0.2914367516
v 0.114348737 0.153691504 0.2873774059
v 0.1095712575 0.2103830418 0.246054537
v 0.03655862764 -0.4671170842 -0.5553267094
v 0.02359032433 -0.3132298489 -0.6674962687
v 0.05797072218 -0.4256823616 -0.5009572531
v 0.04500242024 -0.2717951264 -0.6131267622
v 0.06603709666 -0.4247863257 -0.5006605192
v 0.05306879452 -0.2708990904 -0.6128300785
v 0.04273908907 -0.4698705238 -0.5598187082
v 0.02977078654 -0.3159832634 -0.6719882676
v 0.6974289293 -0.0002371105481 0.008788272749
v 0.6926514623 0.05645442248 -0.03253459399
v 0.6848179876 -0.02464069338 -0.0232334153
v 0.6800404704 0.03205083827 -0.06455628263
v -0.2950737795 -0.3937496136 -0.41633147
v -0.3080420843 -0.2398623532 -0.5285010042
v -0.3028388544 -0.4087758691 -0.4360485109
v -0.3158071593 -0.2548886338 -0.5482180703
v 0.04109785403 -0.4692566869 -0.5587868788
v 0.02812955229 -0.3153694516 -0.6709563878
v 0.06400868118 -0.4249217671 -0.5006117844
v 0.05104037943 -0.2710344816 -0.6127813437
v -0.2518545291 0.4120746705 0.6841956007
v -0.2566319961 0.4687662208 0.6428727318
v -0.4471869983 0.03408504561 0.1882083647
v -0.4519644653 0.09077657509 0.1468855084
v -0.1581785867 -0.1023134404 -0.03233223603
v -0.1711468915 0.0515738153 -0.1445017666
v -0.1825294803 -0.1494350566 -0.09416388121
v -0.1954977852 0.004452197528 -0.2063334028
v 0.7551085785 -0.3323120552 -0.4534594009
v 0.7421402485 -0.1784247947 -0.5656289602
v 0.8381738177 -0.171571724 -0.2425405532
v 0.8252055379 -0.0176844699 -0.3547100622
v -0.3274899775 -0.3724885 -0.3834152501
v -0.3404582572 -0.2186012395 -0.4955847591
v -0.3517500153 -0.4194343013 -0.4450162134
v -0.3647183202 -0.265547066 -0.5571857225
v -0.7442881497 0.03416090933 0.2226613396
v -0.7572564797 0.1880481535 0.1104918054
v -0.8267979431 -0.1255044187 0.01315302806
v -0.8397662228 0.02838283154 -0.09901649984
v 0.4503235014 0.352568322 0.5213766734
v 0.4455460344 0.4092598472 0.4800538045
v 0.7955247491 0.3541136018 0.4835867491
v 0.7907472822 0.410805127 0.4422638802
v -0.1257815883 -0.0445258982 0.04320193039
v -0.1305590679 0.01216563639 0.001879061487
v -0.4983979982 0.1343437586 0.3316756614
v -0.5031755155 0.1910352837 0.2903527925
v -0.4903651586 0.1498882046 0.3520726254
v -0.4951426255 0.2065797297 0.3107497565
v 0.2386340004 -0.3909152008 -0.4741466864
v 0.2256656955 -0.2370279404 -0.5863161955
v 0.1642756019 -0.5348067768 -0.6629571445
v 0.151307297 -0.3809195415 -0.7751266535
v 0.1887984881 -0.08585060283 -0.0498618144
v 0.1840210085 -0.02915907766 -0.09118467859
v 0.338774116 0.2910891705 0.449928971
v 0.333996649 0.3477807208 0.4086061021
v 0.7055835807 -0.03985529317 -0.04650735962
v 0.7008060634 0.01683623986 -0.08783022695
v 0.7303053919 0.007984145732 0.01626618847
v 0.7255279249 0.06467567718 -0.02505667808
v 0.07008731869 -0.4246949417 -0.5010034732
v 0.05711901577 -0.2708077064 -0.6131729823
v 0.04618955096 -0.4709397719 -0.5616845613
v 0.03322124921 -0.3170524863 -0.6738540703
v -0.5021677768 0.1660066924 0.375550392
v -0.5069452438 0.2226982302 0.3342275483
v -0.5243182122 0.1231431834 0.3193061304
v -0.5290957294 0.1798347211 0.2779832615
v 0.7531214166 0.00348070816 0.007450015182
v 0.7483438993 0.06017224118 -0.03387285156
v 0.7298800061 -0.04149392471 -0.05156442292
v 0.7251025391 0.01519760517 -0.09288729024
v 0.3304722795 0.293472422 0.4541583854
v 0.3256948125 0.3501639471 0.4128355165
v 0.1364683171 -0.2527684948 -0.2728091769
v 0.1235000122 -0.09888123442 -0.384978686
v 0.1816296849 0.1841820999 0.3214293876
v 0.1768522179 0.240873625 0.2801065187
v 0.1614850076 0.1451999338 0.2702780866
v 0.1567075281 0.2018914715 0.2289552428
v -0.730259725 0.03399883549 0.2208171129
v -0.735037192 0.09069036508 0.1794942315
v 0.1128910503 -0.2602716392 -0.2803770244
v 0.0999227486 -0.1063843914 -0.3925465586
v 0.1594212292 -0.5400200403 -0.669548008
v 0.1464529244 -0.3861327799 -0.7817175673
v 0.093354181 -0.4649981522 -0.5589860426
v 0.08038587769 -0.311110917 -0.6711556019
v 0.1055447789 -0.4414080542 -0.5280317622
v 0.09257647714 -0.2875207687 -0.6402012712
v 0.1625790381 -0.5372531722 -0.6661172102
v 0.1496107395 -0.3833659118 -0.7782867193
v -0.4926068579 -0.4627761682 -0.4881927139
v -0.5055751376 -0.3088889329 -0.6003622733
v 0.7236793729 0.0811588775 0.1174218887
v 0.7189019059 0.1378504121 0.07609901976
v -0.2696928417 -0.2142739783 -0.1730402176
v -0.2826611466 -0.06038671791 -0.2852097392
v 0.1804966516 -0.08346736395 -0.04563239995
v 0.175719172 -0.02677583249 -0.08695526413
v 0.4469928388 0.3519763126 0.5209495274
v 0.4422153466 0.4086678378 0.4796266585
v 0.7733679264 -0.2274223605 -0.3116705371
v 0.7603995964 -0.07353511265 -0.4238400713
v 0.7525636573 -0.2676808598 -0.3644965744
v 0.7395953776 -0.1137935994 -0.4766661086
v -0.7166764516 0.03347671153 0.2185303755
v -0.7214539185 0.09016824534 0.1772075191
v -0.4202345023 -0.003933859259 0.1329335305
v -0.4250119692 0.05275767376 0.09161066155
v -0.1914908207 0.4387100888 0.7137582994
v -0.1962683128 0.4954016139 0.6724354305
v 0.2124362899 0.3645704813 0.5653455542
v 0.2076588103 0.4212620316 0.5240227356
v 0.2020628354 0.3444967561 0.5390053862
v 0.1972853684 0.4011882813 0.4976825173
v 0.04377193777 0.4103724989 0.6476819845
v 0.03899445979 0.4670640241 0.6063591156
v -0.5060310014 -0.452024994 -0.4718910054
v -0.5189993315 -0.2981377587 -0.5840605145
v -0.1351162602 -0.1138073422 -0.05076723017
v -0.1480845651 0.04007991079 -0.1629367534
v -0.1512489435 -0.1450258541 -0.09173127888
v -0.1642172484 0.008861396922 -0.2039008005
v -0.2690111835 -0.2130101432 -0.1713851714
v -0.2819794884 -0.05912290159 -0.283554693
v 0.1675295537 0.190114302 0.3311980455
v 0.1627520742 0.2468058272 0.2898751766
v 0.1434206931 0.1434610225 0.2699809251
v 0.1386432136 0.2001525603 0.2286580562
v -0.5051582515 -0.4551288815 -0.4762501278
v -0.5181265816 -0.301241621 -0.5884196369
v -0.8324023925 -0.1133858794 0.03042660316
v -0.8453706722 0.04050136534 -0.08174292474
v -0.7609194844 0.02494127088 0.2119355639
v -0.7738878144 0.1788285164 0.09976602969
v -0.5301373662 0.1720196917 0.3870333926
v -0.5349148332 0.2287112169 0.3457105237
v -0.5545793924 0.1247217703 0.3249704045
v -0.5593568594 0.1814132955 0.2836475356
v 0.2045942904 0.3386393284 0.5306768185
v 0.1998168108 0.3953308536 0.4893539496
v 0.220319895 0.3690700997 0.5706072004
v 0.2155424154 0.4257616248 0.5292843315
v 0.5446878415 -0.09098635091 -0.09805320838
v 0.5399103745 -0.03429481946 -0.1393760773
v 0.735914921 0.2790588467 0.38750955
v 0.731137454 0.3357503719 0.3461866811
v 0.1784743468 -0.0824751032 -0.04403729777
v 0.1736968672 -0.02578357175 -0.08536016195
v -0.1391318879 -0.109873354 -0.04490586226
v -0.1521001927 0.04401390089 -0.1570753902
v -0.1585669309 -0.1474822706 -0.09425522121
v -0.1715352358 0.006404977286 -0.2064247491
v 0.2814078732 0.3630529889 0.5552896428
v 0.2766304062 0.419744514 0.5139667739
v 0.2637970021 0.3289740245 0.5105721877
v 0.2590195225 0.3856655497 0.4692493188
v 0.3487131947 0.2803954571 0.4341090276
v 0.3439357277 0.3370870075 0.3927861587
v -0.2425248363 0.4211016947 0.6955013153
v -0.2473023033 0.4777932198 0.6541784464
v -0.4477759398 0.02391843853 0.174328722
v -0.4525534068 0.08060996998 0.1330058531
v 0.1559855341 -0.1905324203 -0.1896829062
v 0.1430172355 -0.03664515985 -0.3018524404
v 0.17739763 -0.1490976852 -0.1353134374
v 0.1644293252 0.004789568947 -0.247482959
v -0.6506339845 -0.03808048463 0.112724477
v -0.6636022642 0.1158067632 0.0005549459343
v -0.6750151551 -0.08526075608 0.05081586593
v -0.6879834851 0.06862649806 -0.06135365882
v 0.1834355751 -0.1483370404 -0.1349679812
v 0.1704672702 0.005550204321 -0.2471375154
v 0.1605247527 -0.1926719978 -0.1931430378
v 0.1475564478 -0.03878474369 -0.3053125595
v -0.246679665 0.41763207 0.691221607
v -0.2514571571 0.4743235952 0.6498987381
v -0.4480466718 0.0279650284 0.1799116079
v -0.4528241388 0.08465655985 0.138588739
v -0.6842172774 -0.08328244588 0.05459382356
v -0.6971856074 0.07060479882 -0.05757570434
v -0.6605900625 -0.03756112477 0.1145880417
v -0.6735583422 0.1163261231 0.002418516903
v 0.1065011581 -0.4473028 -0.5362294652
v 0.0935328532 -0.2934155647 -0.6483989743
v 0.09989773996 -0.46008117 -0.5529968449
v 0.08692943508 -0.3061939096 -0.6651663539
v 0.1854639906 -0.1482016367 -0.1350167223
v 0.1724956857 0.005685614336 -0.2471862502
v 0.1621659869 -0.1932858096 -0.1941748924
v 0.149197682 -0.03939856806 -0.3063444141
v 0.7349642658 0.2770526485 0.3848671341
v 0.7301867989 0.3337441737 0.3435442652
v 0.7770008051 0.3583979121 0.49160611
v 0.7722233381 0.4150894372 0.4502832411
v 0.6918752264 0.1936706836 0.2754556918
v 0.6187316642 0.05212989756 0.08972990893
v 0.5457998394 -0.08900115046 -0.09545824479
v 0.5410223221 -0.032309619 -0.1367811137
v -0.5263869508 0.1228203657 0.319102415
v -0.5311644178 0.1795118972 0.2777795461
v -0.5036627627 0.1667941187 0.3768035146
v -0.5084402297 0.2234856565 0.3354806457
v 0.2766295009 0.3359722182 0.5186895211
v 0.2718520088 0.3926637685 0.4773666522
v 0.2858441212 0.3538035148 0.542087245
v 0.2810666291 0.41049504 0.5007643761
v 0.5348064499 -0.1021932883 -0.1122857697
v 0.5300289829 -0.04550175057 -0.1536086323
v 0.7381325798 0.2912648974 0.4039988799
v 0.7333551128 0.3479564225 0.3626759859
v -0.3459952123 -0.4202783837 -0.446839543
v -0.3589635172 -0.2663911484 -0.5590090772
v -0.3216443186 -0.3731567549 -0.3850079067
v -0.3346126235 -0.2192695196 -0.4971774158
v 0.1021322567 -0.4359716367 -0.5201789747
v 0.08916395492 -0.2820844014 -0.6323484837
v 0.08510841588 -0.4689146381 -0.5634058194
v 0.07214011257 -0.3150274028 -0.6755753284
v 0.1145553758 0.177725345 0.3203259397
v 0.1097778962 0.2344168828 0.2790030708
v 0.1091300418 0.1672267468 0.3065499652
v 0.1043525653 0.223918272 0.2652270963
v -0.2751173396 -0.2193629405 -0.1793947124
v -0.2880856445 -0.0654756801 -0.2915642466
v -0.4285219799 -0.2999173578 -0.2721730347
v -0.4414902596 -0.1460301099 -0.3843425689
v 0.4570658752 0.3534686581 0.521832336
v 0.4522884083 0.4101601833 0.4805094671
v 0.165616437 -0.1943550577 -0.1960407329
v 0.1526481384 -0.04046780989 -0.3082102671
v 0.1895142205 -0.1481102652 -0.1353596197
v 0.1765459156 0.005776988905 -0.2475291539
v -0.5060470452 -0.4513856581 -0.4710120191
v -0.5190153752 -0.2974984228 -0.5831815281
v 0.2690989715 0.3312651375 0.5131024231
v 0.2643214793 0.3879566627 0.4717795542
v 0.2838220805 0.3597559728 0.5504873306
v 0.2790446135 0.4164475232 0.5091644617
v -0.491034017 0.1449184137 0.3453318358
v -0.495811484 0.2016099515 0.3040089669
v -0.4941701932 0.1388495568 0.3373684521
v -0.4989476601 0.1955410883 0.2960455832
v 0.02719490634 -0.4584815728 -0.5423969045
v 0.0142266046 -0.3045943124 -0.6545664638
v 0.04142727587 -0.4309403868 -0.5062581789
v 0.02845897413 -0.2770531263 -0.618427688
v -0.7346115045 0.03449741774 0.2220042499
v -0.7475798345 0.18838467 0.1098347157
v -0.8186686397 -0.1281622873 0.008566803601
v -0.8316369195 0.02572496208 -0.1036027243
v 0.7652533089 -0.3296763787 -0.4510163752
v 0.7522849789 -0.1757891182 -0.5631858842
v 0.8444858015 -0.1763528625 -0.2498296216
v 0.8315175218 -0.02246560205 -0.3619991307
v 0.1440638702 -0.5450458082 -0.6746674734
v 0.1310955716 -0.391158573 -0.7868370327
v -0.1326666836 -0.1289058951 -0.0717644062
v -0.145634976 0.02498134883 -0.1839339372
v -0.134488693 -0.1324316854 -0.07639084063
v -0.1474569853 0.02145556241 -0.1885603717
v -0.5024431861 -0.4584559732 -0.4811285346
v -0.5154114659 -0.3045687128 -0.5932980437
v -0.251026063 0.4862459129 0.7858565533
v -0.2558035551 0.542937438 0.7445336844
v 0.725197494 0.07941772501 0.1148576546
v 0.7204199767 0.1361092565 0.07353478573
v -0.1173652829 -0.07677989845 -0.002020912263
v -0.2152020012 -0.266104599 -0.2504474066
v 0.1497769419 0.4401693912 0.6763052437
v 0.06465137659 0.2754421627 0.4601548254
v -0.0084921989 0.1339013798 0.2744290677
v -0.3279617091 -0.4843068822 -0.5367662519
v 0.1266568403 0.3954294799 0.6175987944
v -0.6546033292 0.05489392249 0.2407365365
v -0.6593807962 0.1115854524 0.1994136676
v 0.2768960585 0.3669753843 0.5611924858
v 0.2721185915 0.4236669094 0.5198696169
v 0.256056722 0.3266489882 0.5082773278
v 0.2512792424 0.3833405134 0.4669544589
v 0.2738369578 0.3339693395 0.5162646011
v 0.2690594908 0.3906608646 0.4749417322
v 0.2853434958 0.3562357274 0.5454819317
v 0.2805660037 0.4129272526 0.5041590628
v 0.7360809914 -0.04052627654 -0.0509538095
v 0.7313035244 0.01616525334 -0.0922766784
v 0.7576026526 0.001120437869 0.003693828522
v 0.7528251353 0.05781197089 -0.03762903802
v -0.5726074891 0.1523143316 0.3649093867
v -0.577384956 0.2090058567 0.3235865178
v -0.3147146754 -0.4158691686 -0.4444069281
v -0.3276829803 -0.2619819333 -0.5565764623
v -0.2985820047 -0.3846506692 -0.4034429061
v -0.3115503095 -0.230763434 -0.5156124403
v 0.04989721776 0.4089637168 0.6450410523
v 0.04511974017 0.4656552419 0.6037181834
v 0.1277052479 -0.2532256915 -0.2724232971
v 0.114736943 -0.09933844361 -0.3845928313
v -0.6587581578 0.05142429471 0.2364568533
v -0.6635356751 0.1081158277 0.1951339844
v 0.1170220397 -0.2570117401 -0.2763823064
v 0.1040537411 -0.1031244797 -0.3885518406
v 0.6895562757 -0.00643841958 0.001190773875
v 0.6847788087 0.05025311187 -0.0401320911
v 0.6839438798 -0.01729904267 -0.0130602264
v 0.6791664128 0.039392488 -0.05438309373
v 0.4436996451 0.351291511 0.5203907622
v 0.438922153 0.4079830362 0.4790678933
v -0.5690082068 0.132750775 0.3376536939
v -0.5737856737 0.1894423128 0.296330825
v -0.5505192169 0.1685289814 0.384600828
v -0.5552966839 0.2252205065 0.3432779591
v -0.4935939761 -0.4625653362 -0.4877893569
v -0.5065622558 -0.3086781009 -0.599958866
v 0.2095537835 0.3334697451 0.5230112248
v 0.204776304 0.3901612954 0.4816883559
v 0.2296590178 0.372375565 0.5740622901
v 0.2248815383 0.4290670902 0.5327394212
v 0.74981575 -0.1447530726 -0.1955322114
v 0.745038283 -0.08806153484 -0.2368550677
v -0.3220326629 -0.4183256228 -0.4469308767
v -0.3350009677 -0.2644383372 -0.5591004109
v -0.3025976198 -0.3807166811 -0.3975815303
v -0.3155659247 -0.2268294458 -0.5097510896
v 0.735361487 0.3011197087 0.4178392557
v 0.73058402 0.357811259 0.3765163617
v 0.5228427906 -0.1101270993 -0.1217871469
v 0.5180653236 -0.05343556783 -0.1631100158
v 0.7813593239 -0.2352512333 -0.3233350232
v 0.7683909939 -0.08136399799 -0.4355045573
v 0.7671269575 -0.2627924193 -0.3594737738
v 0.7541586275 -0.1089051715 -0.471643308
v -0.7097921735 0.03381591799 0.218199844
v -0.7145696908 0.09050745249 0.1768769625
v -0.2408396892 0.4877896839 0.7867968479
v -0.2456171562 0.544481209 0.745473979
v 0.2387958461 -0.3834079072 -0.4638660116
v 0.2258275412 -0.2295206468 -0.5760355207
v -0.1846065929 0.4390493211 0.7134278183
v -0.189384085 0.4957408462 0.6721049494
v -0.4145478223 -0.005911943131 0.1295623058
v -0.4193252893 0.05077958832 0.08823943691
v 0.7798513119 -0.1620931991 -0.2227939395
v 0.7750738449 -0.1054016739 -0.2641168084
v 0.5172733457 -0.1128229398 -0.1248417024
v 0.5124958787 -0.0561314021 -0.166164565
v 0.7331054539 0.3048357482 0.4231981201
v 0.728327987 0.3615272734 0.3818752763
v 0.1342900887 -0.2526879995 -0.2724469101
v 0.1213217901 -0.09880073905 -0.3846164442
v -0.6920963686 -0.07996756297 0.06005250872
v -0.7050646484 0.07391969431 -0.05211702075
v -0.6706842978 -0.03853282788 0.1144219712
v -0.6836525776 0.11535442 0.002252449619
v 0.786594063 0.3566773329 0.4881364854
v 0.781816596 0.4133688832 0.4468136165
v 0.7514871669 0.004168266511 0.008582221821
v 0.7467096999 0.06085979953 -0.03274064354
v 0.7277863217 -0.0416954649 -0.05159886323
v 0.7230088548 0.01499606655 -0.09292172899
v -0.5004682456 -0.4598718468 -0.4832993196
v -0.5134365254 -0.3059845864 -0.5954688286
v -0.2723778062 -0.2021324044 -0.1560725677
v -0.2853461111 -0.048245144 -0.2682420893
v 0.8181719373 0.3403150957 0.4620380299
v 0.8133944703 0.3970066208 0.420715161
v -0.402173614 -0.008773907556 0.1242053023
v -0.4069511313 0.04791762468 0.082882446
v -0.1710232943 0.438527195 0.7111410557
v -0.1758007613 0.4952187453 0.669818237
v -0.6626179122 -0.03763678564 0.1147186926
v -0.6755861919 0.1162504622 0.002549164715
v -0.6859159033 -0.08272096489 0.05556051615
v -0.6988842333 0.07116628296 -0.05660901332
v 0.1900877217 0.1726311774 0.3046046226
v 0.1853102421 0.2293227026 0.2632817537
v 0.1800600503 0.1532265496 0.27914241
v 0.1752825708 0.2099180747 0.2378195411
v -0.6646463151 -0.03777220194 0.1147674274
v -0.6776145948 0.1161150522 0.002597899495
v -0.6875571438 -0.08210714052 0.05659237076
v -0.7005254235 0.07178010418 -0.05557715557
v -0.2743427634 -0.2188647041 -0.178800729
v -0.2873110683 -0.06497744996 -0.2909702506
v 0.1118889697 0.1743516811 0.3160058202
v 0.1071114902 0.2310432063 0.2746829513
v 0.1100669541 0.1708258782 0.3113793858
v 0.1052894745 0.2275174159 0.2700565169
v 0.1104236761 -0.2698346705 -0.293211447
v 0.09745537747 -0.1159474101 -0.405380956
v 0.2277014413 0.3718209743 0.5735277667
v 0.2229239617 0.4285124995 0.5322048978
v 0.208380339 0.334432521 0.5244677359
v 0.2036028595 0.3911240714 0.483144867
v 0.1331910037 -0.25269665 -0.2723317119
v 0.1202227051 -0.09880940217 -0.3845012461
v 0.1113872567 -0.2716481425 -0.2958107861
v 0.09841895498 -0.1177608946 -0.4079803203
v -0.5030144242 -0.4579431264 -0.4803588872
v -0.5159827542 -0.304055866 -0.5925284466
v 0.1608541839 -0.1543556851 -0.140614338
v 0.147885879 -0.0004684372988 -0.2527838596
v 0.1466218112 -0.1818968586 -0.1767531013
v 0.1336535126 -0.02800961708 -0.2889226354
v -0.6824654406 -0.08379021301 0.05369468196
v -0.6954337706 0.07009703799 -0.05847484594
v -0.6585676949 -0.03754541421 0.1143757889
v -0.6715359746 0.1163418399 0.002206264111
v -0.2796837483 -0.1987135012 -0.1505374861
v -0.2926520532 -0.0448262596 -0.2627070203
v 0.2086122819 0.3614107173 0.5614527567
v 0.2038348023 0.4181022676 0.5201298878
v 0.2017811645 0.3481917728 0.5441071985
v 0.1970036849 0.404883298 0.5027843296
v -0.6494284902 0.06045136756 0.247762593
v -0.6542060075 0.1171429022 0.2064397241
v -0.2826655473 -0.1980744921 -0.1493160613
v -0.2956338271 -0.044187238 -0.2614855829
v -0.5085613374 0.1688550367 0.3801972709
v -0.5133388043 0.2255465744 0.338874402
v -0.5326627231 0.1222162418 0.3189991868
v -0.53744019 0.1789077795 0.2776763179
v -0.09957982914 -0.03595120475 0.05193641382
v -0.1043573087 0.02074032513 0.01061354492
v -0.2961323904 -0.3997492222 -0.4244400774
v -0.3091006953 -0.2458619869 -0.5366095864
v -0.2979544123 -0.4032750251 -0.4290665118
v -0.3109227172 -0.2493877647 -0.5412360209
v 0.7643314219 -0.3300643709 -0.4514420878
v 0.7513631422 -0.1761771105 -0.563611622
v 0.8440559899 -0.1757886405 -0.2490058831
v 0.8310877102 -0.02190139261 -0.3611753922
v -0.5819307694 0.1762975769 0.3988903282
v -0.5867082866 0.2329891021 0.3575674342
v 0.738512701 0.007430630031 0.01455793761
v 0.733735234 0.06412216148 -0.02676493051
v 0.7132907674 -0.04137655134 -0.04948545579
v 0.7085133004 0.01531498325 -0.09080832311
v -0.1371550991 -0.1358053493 -0.08071096011
v -0.1501233914 0.01808189537 -0.1928804912
v -0.1317297713 -0.1253067637 -0.06693500135
v -0.1446980636 0.02858049203 -0.1791045292
v -0.6895622606 0.0371841029 0.2204818539
v -0.6943397276 0.09387563435 0.179158985
v 0.1712370685 0.3253126041 0.5162502171
v 0.1664595889 0.3820041293 0.4749273482
v -0.8288972101 -0.1241544552 0.01524776547
v -0.8418654898 0.02973279069 -0.09692175929
v -0.7474296067 0.03349418394 0.222109842
v -0.7603978864 0.1873814326 0.1099403078
v -0.4950904205 0.137685247 0.3358774897
v -0.4998678875 0.1943767847 0.2945546208
v -0.4907106273 0.1461605345 0.3469985251
v -0.4954881446 0.2028520723 0.3056756562
v -0.3661254929 -0.382149881 -0.3922031016
v -0.3790937978 -0.2282626457 -0.5043726107
v -0.3761531643 -0.4015545214 -0.4176653143
v -0.3891214944 -0.2476672609 -0.5298348485
v 0.3456372204 0.2864301708 0.4427437845
v 0.3408597534 0.3431217211 0.4014209156
v 0.3330060857 0.2929750657 0.4531831366
v 0.3282285936 0.3496665909 0.4118602677
v 0.09214279292 -0.4290482803 -0.509525773
v 0.07917449118 -0.275161045 -0.6216952821
v 0.0696761127 -0.472523778 -0.5665730269
v 0.05670781076 -0.3186365176 -0.6787425862
v -0.09883164464 -0.03522729963 0.0528430555
v -0.1036091242 0.02146423496 0.01152018975
v 0.110869412 0.1726029374 0.3137245647
v -0.428057214 -0.299348383 -0.2714461874
v -0.4410254938 -0.1454611351 -0.3836157215
v 0.202115996 0.3506797361 0.547481818
v 0.1973385165 0.4073712865 0.5061589491
v 0.2064957389 0.3591550363 0.5586028534
v 0.2017182594 0.4158465615 0.5172799845
v -0.5716512513 0.1822570383 0.4058777591
v -0.5764287183 0.2389485761 0.3645548902
v 0.05599050794 -0.4260519715 -0.5012353784
v 0.04302220595 -0.272164711 -0.6134048874
v 0.03518626139 -0.4663104204 -0.5540614157
v 0.02221795807 -0.3124231852 -0.6662309247
v -0.2682931628 -0.2084941038 -0.1652725651
v -0.2812614425 -0.05460686225 -0.2774420993
v 0.1359672014 0.1894022537 0.333870185
v 0.1311897281 0.2460937914 0.2925473413
v 0.1165321646 0.1517933497 0.2845208638
v 0.1117546913 0.2084848749 0.2431979949
v -0.09750988347 -0.03372822735 0.05474683644
v -0.102287363 0.02296330175 0.01342397068
v 0.7384668833 -0.2690378393 -0.3647285047
v 0.7254986035 -0.115150604 -0.4768980137
v 0.7623646793 -0.2227930593 -0.3040473915
v 0.7493963493 -0.06890580518 -0.4162169257
v 0.1019437269 -0.4579006281 -0.5502418964
v 0.08897542513 -0.3040133928 -0.6624114055
v 0.1061774792 -0.4497078539 -0.5394915773
v 0.09320917743 -0.2958206186 -0.6516610863
v 0.2440680415 0.3746240289 0.5754811311
v 0.239290562 0.431315554 0.5341582622
v 0.219966681 0.3279852466 0.5142830721
v 0.2151892014 0.3846767718 0.4729602032
v -0.4130161722 0.2459026243 0.4748538688
v -0.4177936894 0.3025941495 0.4335309999
v 0.08597533797 0.3154279685 0.5125467259
v 0.08119785841 0.3721194937 0.471223857
v -0.6863377181 0.03807466625 0.2213308399
v -0.6911152354 0.09476620085 0.180007971
v 0.7513338208 -0.1464942094 -0.1980964328
v 0.7465563538 -0.08980268419 -0.2394192892
v 0.7896544965 0.355914098 0.4867355491
v 0.7848770295 0.4126056231 0.4454126802
v -0.4903758209 0.1486485105 0.3503731194
v -0.4951532878 0.2053400356 0.3090502505
v -0.4972069383 0.1354295597 0.3330275863
v -0.5019844053 0.1921210911 0.2917047174
v 0.09008713072 0.3178117229 0.515341658
v 0.08530965431 0.3745032481 0.4740187891
v 0.334230239 0.2926697566 0.4526227117
v 0.3294527469 0.3493612818 0.4112998428
v 0.7240171467 0.007749546735 0.01667134348
v 0.7192396797 0.06444107819 -0.02465152346
v 0.7003163015 -0.03811418782 -0.04350974236
v 0.6955388346 0.0185773452 -0.08483261047
v -0.2476592391 0.4868572351 0.7863060298
v -0.252436706 0.5435487603 0.7449831609
v -0.1122735922 -0.04267890536 0.04417413644
v -0.1170510718 0.0140126261 0.002851270687
v 0.7829116952 -0.1628564717 -0.2241949009
v 0.7781342282 -0.106164934 -0.2655177698
v -0.4171711014 0.2424329997 0.4705741605
v -0.4219485683 0.2991245249 0.4292512916
v -0.4969750332 0.1624077496 0.3700126072
v -0.5017525001 0.2190992874 0.3286897383
v -0.5162961354 0.1250192964 0.3209525261
v -0.5210736024 0.1817108341 0.2796296572
v 0.7674563322 -0.2244761192 -0.306945074
v 0.7544880525 -0.07058887138 -0.4191146082
v 0.7445455035 -0.2688110641 -0.3651201432
v 0.7315772238 -0.1149238162 -0.4772896522
v 0.765815142 -0.2238623074 -0.3059132194
v 0.7528468119 -0.06997504701 -0.4180827536
v 0.7425171006 -0.2689464804 -0.3650714084
v 0.7295488209 -0.11505922 -0.4772409175
v -0.7378090392 0.03466802125 0.2226079778
v -0.7507773189 0.1885552668 0.1104384436
v -0.8216277311 -0.1275302566 0.009775997613
v -0.8345960108 0.02635698969 -0.1023935271
v 0.8460479801 -0.1819084262 -0.2576320147
v 0.83307965 -0.02802118467 -0.3698015489
v 0.7719977197 -0.3252037178 -0.4456600255
v 0.7590293896 -0.1713164825 -0.5578295345
v 0.1375420225 -0.2528574396 -0.2730553404
v 0.1245737176 -0.09897019174 -0.3852248746
v 0.1125165369 0.1557273379 0.2903822144
v 0.1077390605 0.212418863 0.2490593455
v 0.1286492202 0.1869458372 0.3313462616
v 0.123871747 0.2436373624 0.2900233927
v 0.7678596389 -0.01664686293 -0.02186727685
v 0.763082172 0.04004466813 -0.06319014339
v 0.7622471928 -0.02750748916 -0.03611827909
v 0.7574697258 0.02918404387 -0.07744114681
v 0.08858036976 -0.4674851851 -0.5618461555
v 0.07561206645 -0.3135979499 -0.6740156646
v 0.1037817988 -0.4380687914 -0.5232467511
v 0.0908134971 -0.2841815309 -0.6354162602
v 0.7505834863 -0.2680504444 -0.3647746745
v 0.7376152065 -0.114163184 -0.4769442338
v 0.7719956073 -0.2266156968 -0.3104052182
v 0.7590272773 -0.0727284615 -0.4225747524
v 0.8196900081 0.3385739463 0.4594737958
v 0.8149125411 0.3952654715 0.4181509269
v 0.835534344 -0.1705965632 -0.2408975524
v 0.8225660642 -0.01670931222 -0.3530670614
v 0.7518580341 -0.3325193163 -0.4533679666
v 0.7388897543 -0.178632081 -0.565537526
v -0.4244192557 -0.2962082588 -0.2675587965
v -0.4373875355 -0.1423210109 -0.3797283307
v -0.6634310638 0.04818220905 0.2325492191
v -0.6682085308 0.1048737389 0.1912263502
v 0.1107351587 -0.2633771361 -0.2843882388
v 0.09776685696 -0.1094898757 -0.396557773
v -0.8306095159 -0.1226171973 0.01755473367
v -0.8435778962 0.03127005214 -0.09461479109
v -0.7504143479 0.03256928754 0.2211860186
v -0.7633826277 0.1864565405 0.109016497
v -0.6872277188 -0.04379084041 0.1091210706
v -0.7001960488 0.1100964137 -0.003048454172
v -0.7014600852 -0.07133201391 0.07298231992
v -0.7144284152 0.0825552308 -0.03918720955
v 0.6942008662 -0.03506634661 -0.03862133256
v 0.6894233992 0.02162518485 -0.07994419831
v 0.7157225273 0.006580370943 0.01602630547
v 0.7109450101 0.06327190239 -0.02529656186
v -0.4981484399 0.163370513 0.3714690931
v -0.5029259572 0.2200620382 0.3301462242
v -0.5182536742 0.1244647308 0.3204180278
v -0.5230311412 0.181156256 0.2790951589
v -0.2737398905 -0.2011978433 -0.1546329805
v -0.2867081954 -0.04731059549 -0.2668025021
v -0.2951954907 -0.3961500907 -0.4196106568
v -0.3081637956 -0.2422628303 -0.5317801659
v -0.3006208184 -0.406648689 -0.4333866313
v -0.3135891233 -0.2527614537 -0.5455561655
v 0.7901277117 0.009557766134 0.01150880447
v 0.7853501945 0.06624929759 -0.029814061
v 0.110459039 -0.2640225576 -0.2852417765
v 0.09749073407 -0.1101352972 -0.3974113106
v -0.665947921 0.0466563482 0.230746837
v -0.670725388 0.1033478789 0.1894239681
v 0.1578730827 -0.5410015759 -0.6707156812
v 0.1449047841 -0.3871143406 -0.7828851903
v 0.1355788571 0.1442334235 0.2719472151
v 0.1308013838 0.2009249487 0.2306243462
v 0.1599297508 0.1913550397 0.3337788765
v 0.1551522712 0.2480465775 0.2924560076
v 0.406457371 -0.1142478161 -0.1139847036
v 0.3915343941 -0.1431253988 -0.1518770388
v 0.3766114171 -0.172002969 -0.1897693739
v 0.6586766314 0.3738239034 0.526449114
v 0.3522302214 -0.2191832405 -0.2516779724
v 0.6376583115 0.3331512339 0.4730796009
v 0.3223842674 -0.2769383808 -0.3274626428
v 0.05997047152 -0.4253703384 -0.5007603526
v 0.04700216899 -0.2714830779 -0.6129298616
v 0.03800377073 -0.4678782822 -0.556538088
v 0.02503546898 -0.3139910218 -0.6687075971
v 0.2619245354 0.3283113019 0.50987949
v 0.2571470558 0.3850028522 0.4685566211
v 0.2804135126 0.3640894957 0.5568266241
v 0.2756360457 0.420781046 0.5155037552
v 0.1773623489 0.3239038219 0.5136092849
v 0.1725848693 0.3805953471 0.472286416
v 0.1754174212 -0.1494672573 -0.1355915311
v 0.1624491164 0.004419990578 -0.247761059
v 0.1546131647 -0.1897257566 -0.1884175747
v 0.1416448598 -0.03583850242 -0.3005870964
v -0.09693948788 -0.03295668134 0.05573939266
v -0.1017169549 0.02373485168 0.0144165269
v -0.2181065991 0.4334717286 0.7096488862
v -0.2228840913 0.4901632537 0.6683260173
v -0.4384180573 0.007145045602 0.1502351318
v -0.4431955746 0.06383657705 0.1089122629
v -0.5739381648 0.1406045684 0.3489984114
v -0.5787156821 0.1972960936 0.3076755676
v -0.562431677 0.1628709187 0.3782156916
v -0.567209144 0.2195624564 0.3368928227
v -0.2778220445 -0.1992875556 -0.1515402709
v -0.2907903494 -0.04540030779 -0.263709805
v -0.136948454 -0.1117715209 -0.04776242795
v -0.1499167589 0.04211573166 -0.1599319574
v -0.1548211425 -0.1463570956 -0.09314464408
v -0.1677894474 0.007530149067 -0.205314172
v -0.5654907526 0.129864899 0.3332878572
v -0.5702682196 0.1865564367 0.2919649883
v -0.5446513784 0.1701912699 0.386202965
v -0.5494288957 0.2268827951 0.3448800961
v 0.03414775855 -0.4354905756 -0.5116590387
v 0.02117945838 -0.2816033404 -0.623828598
v 0.02524030029 -0.4527274991 -0.5342768552
v 0.0122719954 -0.2988402386 -0.6464463642
v -0.2861630348 0.4721516535 0.7705827514
v -0.2909405018 0.5288431787 0.7292598825
v -0.4078413834 0.251460049 0.4818799254
v -0.4126188504 0.3081515993 0.4405570565
v 0.1386018783 -0.2529785976 -0.2733440776
v 0.1256335734 -0.09909133715 -0.3855136118
v 0.09122090276 0.3183358859 0.5159296438
v 0.08644342635 0.375027411 0.4746067749
v 0.02671869549 -0.4443488889 -0.5229530348
v 0.01375039375 -0.2904616536 -0.6351225438
v 0.02732654431 -0.4431726657 -0.5214095656
v 0.01435824257 -0.2892854053 -0.6335791249
v 0.7925050034 -0.1645770383 -0.2276644879
v 0.7877275364 -0.1078855006 -0.2689873693
v 0.08899311915 0.3172575345 0.5147078041
v 0.0842156396 0.3739490597 0.4733849854
v -0.2752642481 -0.2003566277 -0.1533026694
v -0.288232553 -0.04646937988 -0.2654722036
v -0.5276202576 -0.02329475342 0.1187872295
v -0.5425432597 -0.05217232989 0.0808948943
v -0.345603624 0.3289273015 0.5809630143
v -0.4187472113 0.1873865248 0.3952371812
v -0.5669244303 -0.09935258876 0.01898629583
v -0.5967703842 -0.1571077417 -0.05679837139
v -0.283598147 0.4489146186 0.738406933
v 0.2055755242 0.3579907327 0.557111891
v 0.2007980446 0.4146822579 0.5157890221
v 0.2024393355 0.3519218695 0.5491485072
v 0.1976618559 0.4086133947 0.5078256383
v -0.329486142 -0.3723843665 -0.3830416168
v -0.3424544469 -0.2184971312 -0.4952111258
v -0.3535949964 -0.4190376334 -0.4442587371
v -0.3665633264 -0.2651503981 -0.5564282462
v 0.0257242281 -0.4550786379 -0.5375583304
v 0.01275592322 -0.3011913775 -0.6497278897
v 0.0368471967 -0.433554462 -0.509314941
v 0.02387889496 -0.2796672267 -0.6214845004
v -0.2758835168 0.4781111275 0.7775702325
v -0.2806609837 0.534802703 0.7362473636
v 0.1001219501 -0.4340022285 -0.5172446279
v 0.08715364524 -0.2801149681 -0.6294141369
v 0.08144487371 -0.470144374 -0.5646693528
v 0.06847657197 -0.3162571388 -0.6768388619
v -0.5724167746 0.1370842978 0.3439930125
v -0.5771942416 0.193775823 0.3026701436
v -0.5576936405 0.1655751583 0.38137792
v -0.5624711074 0.222266696 0.3400550511
v 0.1133835658 -0.2738556168 -0.2990700314
v 0.1004152641 -0.1199683564 -0.4112395656
v 0.7730384512 -0.3240233705 -0.4441609658
v 0.7600701211 -0.1701361101 -0.5563305251
v 0.845814365 -0.1831940387 -0.2593687382
v 0.8328460852 -0.02930678453 -0.3715382723
v -0.2806548227 -0.1984703051 -0.1500915553
v -0.2936231276 -0.04458305092 -0.2622610895
v 0.10651144 -0.4461044475 -0.5345866153
v 0.0935431383 -0.2922172122 -0.6467561243
v 0.09874635878 -0.4611307532 -0.5543036813
v 0.08577805389 -0.3072434928 -0.6664731904
v 0.5201077585 -0.1115126457 -0.1233717817
v 0.5153302915 -0.05482110794 -0.1646946506
v 0.734313312 0.3029984621 0.4205379253
v 0.729535845 0.3596900124 0.3792150312
v -0.7029346015 0.03455224491 0.2184171891
v -0.7077120685 0.09124377391 0.1770943202
v 0.08025507743 0.309601195 0.5052142286
v 0.07547759944 0.3662927453 0.4638913597
v -0.1330653507 -0.1170745842 -0.0554867303
v -0.1460336556 0.03681266709 -0.1676562566
v -0.1462932727 -0.1426720623 -0.08907501332
v -0.159261565 0.01121518873 -0.2012445412
v -0.3475504503 -0.3741232777 -0.3833387782
v -0.3605187551 -0.2202360425 -0.4955083124
v -0.3676951401 -0.4131054187 -0.4344900541
v -0.3806634199 -0.2592181834 -0.5466596135
v -0.5744387902 0.143036781 0.3523930981
v -0.5792162572 0.1997283061 0.3110702292
v -0.565224195 0.1608680399 0.3757907717
v -0.570001662 0.2175595651 0.3344679028
v -0.2502764828 0.4139683613 0.686611166
v -0.2550539498 0.4706598864 0.6452882971
v -0.4476418563 0.03204490477 0.1854620417
v -0.4524193233 0.08873643485 0.1441391853
v 0.2150680686 0.3300461394 0.5176768033
v 0.210290589 0.3867376645 0.4763539344
v 0.2377922315 0.3740198735 0.5753778777
v 0.233014752 0.4307114238 0.5340550088
v 0.07409526557 -0.424843359 -0.5016704205
v 0.06112696304 -0.2709560985 -0.6138399295
v 0.04983522622 -0.4717891854 -0.5632713838
v 0.03686692448 -0.317901925 -0.6754408929
v 0.7529418674 -0.332481621 -0.4534415969
v 0.7399735877 -0.1785943606 -0.5656111059
v 0.8364448646 -0.1708942653 -0.2414112416
v 0.8234765848 -0.01700701748 -0.3535807632
v 0.7404891503 -0.2690221224 -0.3649407198
v 0.7275208706 -0.1151348746 -0.4771102539
v 0.7641164155 -0.2233008013 -0.3049465205
v 0.7511481358 -0.06941355344 -0.4171160296
v 0.7549142932 -0.2213224911 -0.301168544
v 0.7419460135 -0.06743524953 -0.4133380782
v 0.7305331226 -0.2685027625 -0.3630771551
v 0.7175647926 -0.1146155147 -0.4752466641
v 0.1805252814 0.3233384431 0.5124680159
v 0.1757478018 0.3800299935 0.471145147
v 0.8459998488 -0.1799919524 -0.2549971932
v 0.8330315691 -0.02610470453 -0.3671667274
v 0.7700999803 -0.3268665344 -0.4477218487
v 0.7571316503 -0.172979274 -0.5598913829
v -0.5523917088 0.1678662336 0.3839081051
v -0.5571691758 0.2245577714 0.3425852362
v -0.5700025673 0.133787263 0.3391906249
v -0.5747800343 0.1904787944 0.2978677811
v 0.1149899779 0.3215859022 0.5176403905
v 0.1102124983 0.3782774274 0.4763175216
v 0.1110641876 -0.2627376996 -0.2835490601
v 0.09809588589 -0.1088504643 -0.3957185943
v 0.5303872766 -0.1055531717 -0.1163843383
v 0.5256097593 -0.04886164023 -0.1577072072
v 0.7375246272 0.2952802107 0.4095778303
v 0.7327471603 0.351971761 0.3682549614
v 0.1656845475 0.1905109574 0.3319555218
v 0.160907068 0.2472024951 0.2906326529
v 0.1414245097 0.1435651435 0.2703545585
v 0.1366470365 0.2002566812 0.2290316896
v -0.5089145514 0.1277701836 0.3238731175
v -0.5136920686 0.1844617213 0.2825502486
v -0.4931889594 0.1582009549 0.3638034994
v -0.4979664263 0.21489248 0.3224806305
v 0.7916458328 0.007816629356 0.008944598735
v 0.7868683155 0.06450816081 -0.03237826928
v 0.1574306788 -0.191293568 -0.1908942471
v 0.1444623739 -0.03740632646 -0.3030637687
v 0.179397378 -0.1487856242 -0.1351165242
v 0.1664290731 0.005101623679 -0.2472860584
v -0.6480024572 0.06238023886 0.250243993
v -0.6527799745 0.1190717672 0.2089211241
v 0.1090083243 0.1648262571 0.3032707784
v 0.1042308478 0.2215177823 0.2619479095
v 0.1167734055 0.1798525377 0.3229878444
v 0.111995926 0.2365440629 0.2816649755
v -0.1322545881 -0.1277103842 -0.0701718973
v -0.1452228804 0.02617686605 -0.1823414189
v -0.1352862284 -0.1335769528 -0.0778698425
v -0.1482545333 0.02031029665 -0.1900393641
v 0.2659846983 0.372118513 0.5695098883
v 0.2612072188 0.4288100381 0.5281870194
v 0.2415427098 0.3248206041 0.5074469253
v 0.2367652303 0.3815121293 0.4661240564
v -0.300414186 -0.382614848 -0.4004380976
v -0.3133824908 -0.2287276127 -0.5126076318
v -0.3182868493 -0.4172004478 -0.4458203121
v -0.3312551542 -0.2633131874 -0.5579898212
v -0.4218439571 0.2391909046 0.4666665263
v -0.426621424 0.2958824298 0.4253436574
v 0.1535746399 -0.1589058992 -0.1460152481
v 0.1406063413 -0.005018654476 -0.2581847697
v 0.1446671895 -0.1761427849 -0.1686330017
v 0.1316988909 -0.02225554333 -0.2808025359
v 0.1340749 0.1888661837 0.3333535159
v 0.1292974205 0.2455577088 0.292030647
v 0.1153978236 0.1527240004 0.285928791
v 0.110620344 0.2094155382 0.2446059221
v -0.4906575169 0.1523435397 0.3554749569
v -0.4954349839 0.2090350649 0.314152088
v -0.501030984 0.1322697705 0.3291347135
v -0.505808451 0.188961302 0.2878118446
v 0.1245196391 -0.2539208033 -0.2730086425
v 0.1115513343 -0.1000335555 -0.3851781516
v 0.7219234623 0.007548000255 0.01663689845
v 0.7171459953 0.06423953171 -0.02468596731
v 0.6986820519 -0.0374266389 -0.04237753886
v 0.6939045849 0.01926489569 -0.08370040698
v 0.7739811096 -0.1602927281 -0.2196451521
v 0.7692035923 -0.1036011903 -0.2609680336
v -0.8326502408 -0.1140228766 0.02958136403
v -0.8456185205 0.03986437907 -0.08258816073
v -0.7605192959 0.02555839579 0.2127359409
v -0.7734875756 0.1794456476 0.1005664067
v 0.7214980766 -0.04193007333 -0.05119372393
v 0.7167206096 0.01476145498 -0.09251659283
v 0.746219938 0.005909359282 0.01157982258
v 0.741442471 0.06260089073 -0.02974304288
v 0.1483292323 0.3358305152 0.5333283627
v 0.143551759 0.3925220403 0.4920054938
v 0.1467534366 -0.1665879641 -0.1557657624
v 0.1337851318 -0.01270070681 -0.2679352966
v 0.1461455973 -0.1677641999 -0.1573091813
v 0.1331772924 -0.01387694575 -0.2694787155
v 0.1786725676 0.1522762717 0.2779991293
v 0.173895088 0.2089677968 0.2366762604
v 0.1897955393 0.1738004224 0.3062425186
v 0.1850180598 0.2304919601 0.2649196497
v -0.6726645192 -0.03890240625 0.1141438963
v -0.6856328492 0.1149848479 0.00197436841
v -0.6934687883 -0.07916089925 0.06131784643
v -0.706437068 0.07472635488 -0.05085167833
v -0.5688168888 0.1835673325 0.4073476483
v -0.5735943558 0.2402588577 0.3660248046
v 0.1068563461 0.321898529 0.5190096417
v 0.1020788666 0.3785900542 0.4776867728
v -0.4243608142 0.2376650383 0.4648641442
v -0.4291382812 0.2943565634 0.4235412753
v 0.149402485 -0.5442367304 -0.6741746939
v 0.1364341801 -0.3903494951 -0.7863442029
v 0.1451511299 -0.1784939237 -0.1719145146
v 0.132182825 -0.02460667585 -0.2840840362
v 0.156274089 -0.1569697856 -0.1436711504
v 0.1433057841 -0.003082537713 -0.255840672
v 0.7669855311 -0.009305237365 -0.01169412017
v 0.7622080641 0.04738629409 -0.05301698592
v 0.7543745895 -0.03370882019 -0.04371580743
v 0.7495970722 0.02298271047 -0.08503867712
v 0.1102365136 -0.2646723798 -0.2861075606
v 0.09726821504 -0.1107851194 -0.3982770948
v -0.5743862834 0.1808714794 0.4042930992
v -0.5791637504 0.2375630171 0.3629702051
v 0.1881932263 0.1618944376 0.2900937287
v 0.1834157593 0.2185859754 0.2487708598
v 0.1888010782 0.163070686 0.2916371728
v 0.1840235987 0.2197622237 0.2503143039
v -0.505961797 -0.4526601555 -0.4727703941
v -0.5189301271 -0.2987729203 -0.5849399031
v 0.7476673459 -0.03704592672 -0.04751859531
v 0.7428898789 0.01964560473 -0.08884146107
v 0.7643563174 -0.004750911805 -0.005141993957
v 0.7595788504 0.05194061965 -0.04646486129
v 0.1902794797 0.1714492961 0.3029609931
v 0.1855020002 0.2281408213 0.2616381242
v 0.1813720167 0.1542123853 0.2803432269
v 0.1765945372 0.210903923 0.239020358
v 0.2357235306 0.3736970873 0.5751741875
v 0.2309460511 0.4303886125 0.5338513186
v 0.2135731078 0.3308335908 0.5189299259
v 0.2087956283 0.387525116 0.477607057
v 0.08794147075 0.3166745278 0.5140295909
v 0.08316399434 0.3733660781 0.472706722
v -0.4964067625 -0.4617578677 -0.4863563331
v -0.5093750925 -0.3078706325 -0.5985258924
v 0.146223754 -0.5448139031 -0.6745990234
v 0.1332554554 -0.3909266678 -0.7867685828
v 0.6867979575 -0.009928435253 -0.003278334974
v 0.6820204905 0.0467630962 -0.0446012023
v 0.6849130934 -0.01357580479 -0.008064309479
v 0.6801356264 0.04311572666 -0.04938717681
v 0.08693473165 0.3160641862 0.513308628
v 0.08215725524 0.3727557366 0.4719857591
v 0.03738906465 0.4114086285 0.649841403
v 0.03261158667 0.4681001788 0.6085185341
v 0.4918834808 -0.1202587281 -0.132107579
v 0.4871060139 -0.06356719669 -0.1734304479
v 0.7181208418 0.317535182 0.4423531519
v 0.7133433748 0.3742267323 0.401030283
v 0.2017705022 0.3469520787 0.5424077176
v 0.1969930226 0.4036436039 0.5010848487
v 0.2098033544 0.3624965372 0.5628046565
v 0.2050258748 0.4191880624 0.5214817876
v 0.1555492912 0.1440921103 0.2694444905
v 0.1507718116 0.200783648 0.2281216468
v 0.1775159967 0.1866000667 0.325222226
v 0.1727385172 0.2432916044 0.2838993571
v -0.2965310701 -0.3879179364 -0.4081624094
v -0.309499375 -0.234030676 -0.5203319184
v -0.309758992 -0.4135154145 -0.4417506814
v -0.3227272969 -0.2596281289 -0.5539201904
v 0.3488214775 0.2787768237 0.4318758783
v 0.3440440105 0.335468374 0.3905529842
v 0.05559002516 -0.4726332678 -0.5650946882
v 0.04262172277 -0.3187460074 -0.6772642476
v 0.07994091664 -0.4255116139 -0.5032630269
v 0.06697261411 -0.2716243786 -0.6154325862
v -0.8318979448 -0.1209259269 0.0200239751
v -0.8448662245 0.03296132881 -0.09214554966
v -0.7531776955 0.03140623896 0.2199099117
v -0.7661460255 0.1852934943 0.1077403775
v 0.1935221658 -0.1482586574 -0.1360265796
v 0.1805538609 0.00562859678 -0.2481961012
v 0.169262128 -0.1952044713 -0.1976275429
v 0.1562938231 -0.04131722341 -0.3097970645
v -0.5057763132 -0.4494580944 -0.4683988491
v -0.5187445929 -0.2955708591 -0.5805683582
v 0.8257277897 0.3171020007 0.4293180316
v 0.8209503227 0.3737935258 0.3879951627
v 0.2361517705 -0.3801001534 -0.4590223579
v 0.2231834656 -0.2262129182 -0.5711919172
v 0.7173548156 0.1005892087 0.1448098795
v 0.7125773486 0.1572807401 0.1034870106
v 0.3487742766 0.2779615849 0.4307628745
v 0.3439968097 0.33465311 0.3894399804
v -0.6467319329 0.06433962598 0.2527852176
v -0.6515093999 0.1210311606 0.2114623487
v 0.09738721667 0.3204634432 0.5181356345
v 0.09260974026 0.3771549935 0.4768127656
v 0.1117379812 0.1567905759 0.2919309142
v 0.1069605016 0.2134821136 0.2506080453
v 0.1269394102 0.1862069948 0.3305303186
v 0.1221619307 0.2428985325 0.2892074497
v 0.3484776433 0.276328844 0.4285571856
v 0.3437001512 0.3330203692 0.3872343167
v -0.2987519477 -0.4044202673 -0.4305455043
v -0.3117202526 -0.250533032 -0.5427150133
v -0.2957203074 -0.3985537364 -0.4228475716
v -0.3086886123 -0.2446664759 -0.5350170807
v 0.7588624139 -0.1528746558 -0.2077202694
v 0.7540849469 -0.09618313063 -0.2490431258
v 0.1707128175 -0.07357310968 -0.03092715884
v 0.165935338 -0.01688157508 -0.07225002515
v 0.2707464736 0.3321234279 0.514089491
v 0.2659689815 0.3888149531 0.4727666221
v 0.2844305108 0.3586035638 0.548835981
v 0.2796530439 0.4152950889 0.5075131121
v -0.6566133748 0.05313270116 0.2385526751
v -0.6613908921 0.1098242358 0.1972298062
v -0.690651224 -0.08072872329 0.05884117407
v -0.703619554 0.07315852771 -0.05332835226
v -0.6686845625 -0.03822077315 0.114618897
v -0.6816528422 0.115666481 0.002449372205
v -0.5973433322 0.1597455557 0.3779642222
v -0.6021207992 0.2164370934 0.3366413533
v -0.6456200356 0.06632483272 0.2553802063
v -0.6503975026 0.1230163673 0.2140573374
v 0.1365750785 -0.5448687737 -0.6735587949
v 0.1236067736 -0.3909815385 -0.7857283039
v 0.1719973487 -0.07666042531 -0.03531120359
v 0.1672198691 -0.01996888757 -0.07663407131
v 0.08687055036 -0.4682240527 -0.5626620733
v 0.07390224862 -0.3143367923 -0.6748316327
v 0.1030032368 -0.4370055282 -0.5216980513
v 0.09003493509 -0.2831182929 -0.6338675604
v 0.467262861 0.3540957475 0.5215137242
v 0.462485394 0.4107872978 0.4801908553
v 0.05847700858 0.4061818108 0.6402326043
v 0.0536995308 0.462873336 0.5989097354
v 0.1586658087 -0.5405210178 -0.6701480141
v 0.1456975101 -0.3866337573 -0.7823175231
v -0.6945072566 -0.04834105445 0.1037201731
v -0.7074755866 0.1055461997 -0.008449357935
v -0.703414707 -0.06557794015 0.08110241947
v -0.716383037 0.08830930769 -0.03106710986
v -0.111009053 -0.04228705308 0.04456552979
v -0.1157865325 0.01440447837 0.003242660888
v 0.4536838123 0.3530661561 0.5216711441
v 0.4489063453 0.4097576813 0.4803482752
v 0.3442445825 0.2877561441 0.4447239053
v 0.3394670904 0.3444476692 0.4034010364
v -0.5863499427 0.1729376684 0.3947917282
v -0.5911274599 0.2296292061 0.3534688341
v 0.2353044945 0.324957831 0.5083564401
v 0.2305270149 0.3816493561 0.4670335712
v 0.2604010831 0.3735224669 0.5720815658
v 0.2556236036 0.4302140172 0.5307586969
v -0.4064153505 0.2533889203 0.4843612751
v -0.4111928174 0.3100804706 0.4430384062
v 0.1135760468 0.1766224377 0.3189260595
v 0.1087985673 0.2333139629 0.2776031906
v 0.1093422945 0.1684296635 0.3081757404
v 0.1045648181 0.2251211887 0.2668528715
v -0.4270014447 -0.2982448093 -0.2700542285
v -0.4399697747 -0.1443575614 -0.3822237627
v 0.233260752 0.325127246 0.5088251288
v 0.2284832724 0.3818187711 0.4675022599
v 0.2584513022 0.3738737195 0.5727888488
v 0.2536738226 0.4305652446 0.5314659799
v -0.7013284661 -0.05602310678 0.09396965878
v -0.7142967961 0.09786414107 -0.01819987226
v -0.7019363181 -0.05719934258 0.09242622729
v -0.7149045978 0.09668790527 -0.01974329668
v 0.816504041 0.3420018019 0.4645448786
v 0.811726574 0.3986933522 0.4232220097
v 0.2503390736 0.3746727385 0.5748229852
v 0.245561594 0.4313642888 0.5335001163
v 0.2253988487 0.3264107209 0.5114948794
v 0.2206213691 0.3831022461 0.4701720105
v -0.3757892377 -0.394376879 -0.4078602688
v -0.3887575175 -0.2404896438 -0.520029803
v -0.3727575723 -0.3885103481 -0.4001623362
v -0.3857259023 -0.2346230877 -0.5123318704
v -0.5962313343 0.1617307561 0.3805591858
v -0.6010088012 0.2184222939 0.3392363169
v 0.0795525755 -0.4706804566 -0.565186022
v 0.06658427297 -0.3167932213 -0.6773555813
v 0.09898761229 -0.4330715401 -0.5158367007
v 0.0860193074 -0.2791843048 -0.6280062098
v 0.770247442 -0.261090625 -0.3574998392
v 0.757279112 -0.1072033771 -0.4696693734
v 0.7824380273 -0.2375005018 -0.3265455337
v 0.7694697476 -0.08361324138 -0.4387150427
v 0.20402265 0.3556036841 0.5540166038
v 0.1992451705 0.4122952092 0.5126937349
v 0.2033938632 0.354386924 0.5524199739
v 0.1986163837 0.4110784491 0.511097105
v -0.4221154938 -0.2948647329 -0.2659819322
v -0.4350838238 -0.1409774725 -0.3781514412
v -0.4954962419 -0.4620555573 -0.4868700349
v -0.5084645719 -0.308168322 -0.5990395942
v 0.3170263335 0.3151192646 0.4854106068
v 0.3122488665 0.3718108149 0.4440877379
v -0.2697659439 -0.2048150806 -0.1600549511
v -0.2827342488 -0.05092782642 -0.2722244853
v 0.4740232652 0.3540257887 0.5206361461
v 0.4692457731 0.4107173139 0.4793132772
v -0.7029308295 -0.06792907267 0.07782090655
v -0.7158991092 0.08595817517 -0.03434861703
v -0.6918078326 -0.04640493454 0.1060642708
v -0.7047761626 0.1074823196 -0.006105252415
v -0.361750528 -0.3794152261 -0.3889571842
v -0.3747188329 -0.2255279908 -0.5011266933
v -0.3749784499 -0.405012679 -0.4225454562
v -0.3879467297 -0.2511254437 -0.5347149653
v 0.1803335108 0.1850322427 0.3227455536
v 0.1755560312 0.2417237678 0.2814226847
v 0.1595292605 0.1447737559 0.2699195163
v 0.154751781 0.2014652811 0.2285966474
v 0.1205436933 -0.255257112 -0.2743822693
v 0.1075753884 -0.1013698642 -0.3865518034
v 0.1082328616 0.3219464088 0.5189161957
v 0.1034553852 0.378637934 0.4775933268
v -0.506009878 -0.4507437068 -0.4701355978
v -0.5189781577 -0.2968564464 -0.5823051068
v -0.6545597244 -0.03769380634 0.113708829
v -0.6675280041 0.1161934415 0.001539301108
v -0.678819737 -0.08463962653 0.05210785941
v -0.6917880671 0.06924762447 -0.06006166535
v -0.1403486605 -0.1089818445 -0.04354210962
v -0.1533169654 0.04490541119 -0.1557116336
v -0.160493363 -0.147963998 -0.09469339416
v -0.1734616679 0.005923246683 -0.2068629221
v 0.1458436579 0.1912455499 0.3352572151
v 0.1410661783 0.2479370877 0.2939343462
v 0.1233769745 0.1477700774 0.2782099361
v 0.118599495 0.2044616151 0.2368870672
v -0.273049104 0.4794214342 0.7790401217
v -0.2778265961 0.5361129594 0.7377172528
v 0.485063931 -0.1211911894 -0.1325984034
v 0.4802864137 -0.064499658 -0.173921266
v 0.7130650484 0.3200158275 0.4463409042
v 0.7082875815 0.3767073527 0.4050180353
v 0.4638633963 0.3539840448 0.5217535255
v 0.4590859042 0.4106755699 0.4804306566
v 0.1000300946 0.3210656119 0.5186561762
v 0.09525261821 0.3777571622 0.4773333073
v 0.1451461822 -0.5449453713 -0.6746547993
v 0.1321778773 -0.3910581361 -0.7868243587
v -0.2786185488 0.4767255811 0.7759855223
v -0.283396041 0.5334171063 0.7346626534
v 0.34822894 0.2755153655 0.427469882
v 0.3434514479 0.3322068906 0.3861470382
v 0.1549671646 0.3316253172 0.5267917663
v 0.150189685 0.3883168675 0.4854688974
v 0.239570284 -0.3858550822 -0.4673128531
v 0.2266019791 -0.2319678218 -0.5794823622
v -0.4416040747 0.01057291374 0.1553062271
v -0.4463815417 0.06726444519 0.1139833582
v -0.2242096119 0.4312548493 0.707313087
v -0.228987104 0.4879463996 0.6659902181
v -0.1544487917 -0.1030496298 -0.03377344136
v -0.1674170966 0.0508376259 -0.1459429632
v -0.1785576712 -0.1497029219 -0.09499057447
v -0.1915259761 0.004184325979 -0.2071600961
v -0.6685770341 0.04519888075 0.229051279
v -0.6733545011 0.1018904122 0.1877284101
v -0.268792732 -0.2066092145 -0.1626288919
v -0.2817610369 -0.05272197296 -0.2747984261
v 0.2393719752 -0.3890253073 -0.4716392342
v 0.2264036829 -0.235138072 -0.5838087935
v 0.7663621886 -0.0215984285 -0.02848728468
v 0.7615847216 0.0350931044 -0.0698101522
v 0.7657333641 -0.02281522003 -0.0300839247
v 0.7609558971 0.03387631231 -0.07140679149
v 0.7833943656 -0.2433952727 -0.3347432618
v 0.7704260859 -0.08950803743 -0.4469127709
v 0.7767909789 -0.2561736176 -0.3515106164
v 0.7638226489 -0.1022863571 -0.4636801254
v 0.7093549687 -0.04073399031 -0.04814888149
v 0.7045774514 0.01595754272 -0.08947175039
v 0.7344515699 0.007830655064 0.01557626316
v 0.7296740526 0.06452218652 -0.02574660456
v 0.1054528291 -0.4521041063 -0.5426951975
v 0.09248452734 -0.2982168459 -0.6548647569
v 0.1036308166 -0.4556299092 -0.5473216822
v 0.09066251169 -0.3017426488 -0.6594911913
v -0.4289433421 -0.3004961399 -0.2729183901
v -0.4419116218 -0.1466089046 -0.3850878992
v 0.1724804718 -0.07739533222 -0.03637529502
v 0.1677029922 -0.02070379448 -0.07769816116
v -0.4115685128 -0.006767222177 0.1280444865
v -0.4163459798 0.04992431085 0.08672161758
v -0.1811752419 0.4390688099 0.7130578564
v -0.185952734 0.4957603603 0.6717349875
v -0.674146479 0.0425030457 0.2259967299
v -0.678923946 0.09919457793 0.184673861
v 0.7194169657 -0.04188428074 -0.05089028675
v 0.7146394484 0.01480725228 -0.09221315093
v 0.7443571529 0.006377758861 0.01243778921
v 0.7395796859 0.06306929031 -0.0288850789
v 0.7364953125 0.007661243237 0.01510755867
v 0.7317178455 0.06435277783 -0.02621530708
v 0.7113047623 -0.04108524284 -0.04885619591
v 0.706527245 0.01560628704 -0.09017906481
v 0.7860458595 -0.1635259086 -0.2254756726
v 0.7812683926 -0.1068343834 -0.2667985289
v 0.7790255365 -0.2320641094 -0.318692721
v 0.7660572065 -0.07817686156 -0.4308622552
v 0.762001658 -0.2650071108 -0.3619195909
v 0.7490333783 -0.111119863 -0.4740891502
v 0.1715780862 -0.07590890885 -0.0342317297
v 0.1668006067 -0.01921738368 -0.07555459782
v 0.4952503048 -0.1196473933 -0.1316581277
v 0.4904728378 -0.06295586187 -0.1729809966
v 0.720470673 0.3161785797 0.4402202886
v 0.715693206 0.3728701049 0.3988974197
v 0.1114452959 -0.2621058826 -0.2827263275
v 0.09847699727 -0.1082186473 -0.3948958617
v 0.03545971241 -0.4345047651 -0.5104582218
v 0.0224914091 -0.2806175047 -0.6226277811
v 0.0254320426 -0.4539094055 -0.5359204595
v 0.01246374086 -0.3000221199 -0.6480899686
v 0.7976835138 -0.01365535401 -0.02121122055
v 0.7929060468 0.04303617665 -0.06253408787
v -0.8196766299 -0.127981506 0.008931362011
v -0.8326449096 0.02590574661 -0.1032381627
v -0.7356673241 0.03458569266 0.2222474209
v -0.7486356542 0.1884729483 0.1100778867
v 0.6853255536 -0.02581509345 -0.02490327267
v 0.6805480363 0.03087644076 -0.06622614039
v 0.699009616 0.0006650549781 0.009843224828
v 0.6942320987 0.057356588 -0.03147964309
v -0.3532226707 -0.3757301927 -0.3848875283
v -0.3661909756 -0.2218429323 -0.4970570625
v -0.3710953592 -0.4103157674 -0.4302697429
v -0.3840636389 -0.256428507 -0.5424393022
v -0.7578071978 0.02847100144 0.2164182332
v -0.7707754775 0.1823582548 0.104248699
v -0.8331007735 -0.1172303192 0.02523310512
v -0.8460690532 0.03665693442 -0.0869364165
v -0.4051448765 0.2553483451 0.4869025248
v -0.4099223435 0.3120398703 0.4455797062
v 0.7434911927 -0.1253227194 -0.1681441954
v 0.7387137257 -0.06863119425 -0.2094670643
v 0.1526301898 0.3329562193 0.5288878145
v 0.1478527102 0.3896477696 0.4875649456
v -0.5949608603 0.1636901433 0.3831004103
v -0.5997383273 0.220381681 0.3417775414
v -0.5040178879 -0.4568635178 -0.4787617544
v -0.5169862179 -0.3029762573 -0.5909312635
v -0.7540390789 0.03096984398 0.2194107952
v -0.767007409 0.1848570942 0.107241261
v -0.8322279733 -0.1203341941 0.02087394186
v -0.8451963536 0.03355305716 -0.09129558919
v 0.1713566925 -0.06708456909 -0.02209986959
v 0.1665792255 -0.01039304079 -0.06342273692
v -0.1216553769 -0.04438240973 0.04292173684
v -0.1264328565 0.01230912486 0.001598867935
v -0.4150262681 0.2441414077 0.4726700075
v -0.4198037351 0.3008329329 0.4313471386
v -0.4040328786 0.2573335456 0.4894975387
v -0.4088103958 0.3140250707 0.4481746698
v -0.3656828564 0.3315450482 0.5868757653
v -0.3015755725 0.4555996071 0.7496566202
v -0.3063530395 0.5122911575 0.7083337513
v -0.3036773793 0.4515323653 0.7443196839
v 0.1196148783 -0.2556590105 -0.2748262386
v 0.1066465734 -0.1017717626 -0.3869957728
v -0.2905822081 0.4687917701 0.7664842016
v -0.2953596751 0.5254832953 0.7251613327
v -0.2701921846 -0.204244094 -0.1592223232
v -0.2831604895 -0.05035683359 -0.2713918448
v 0.8430525765 -0.1747090066 -0.2474086749
v 0.8300842465 -0.02082175251 -0.3595782091
v 0.7624092397 -0.330762601 -0.4521777617
v 0.74944096 -0.1768753406 -0.564347321
v 0.08196490626 0.3119139847 0.5081894643
v 0.07718742828 0.368605535 0.4668666457
v 0.1901020177 -0.08604146814 -0.05027435947
v 0.1853245382 -0.02934993041 -0.0915972268
v -0.1285015322 -0.04442134349 0.04365982483
v -0.1332790118 0.01227018639 0.002336955929
v -0.303814405 -0.3798251716 -0.3962177863
v -0.3167827099 -0.2259379363 -0.5083873205
v -0.3239590949 -0.4188073377 -0.4473690622
v -0.3369273998 -0.2649200772 -0.5595385712
v 0.7599526849 -0.02970803548 -0.03887196587
v 0.7551752179 0.02698349676 -0.08019483163
v 0.7679855245 -0.01416358949 -0.0184749877
v 0.7632080576 0.04252794196 -0.05979785503
v 0.2904194571 0.3107853646 0.4825409883
v 0.2856419901 0.3674769149 0.4412181194
v -0.3004636249 0.4575848327 0.752251634
v -0.305241117 0.5142763579 0.7109287651
v 0.8405063477 -0.1727803114 -0.2444682929
v 0.8275380177 -0.01889306353 -0.3566378271
v 0.7583169264 -0.3318258138 -0.4531632705
v 0.7453485964 -0.1779385534 -0.5653328298
v 0.2848429459 0.3463642688 0.5319969828
v 0.2800654538 0.403055794 0.4906741139
v 0.2829581069 0.3427169307 0.5272110162
v 0.2781806399 0.3994084559 0.4858881473
v 0.2053996716 0.3375393759 0.5290746563
v 0.2006222046 0.394230901 0.4877517874
v 0.2220886682 0.3698343908 0.5714512828
v 0.2173111887 0.4265259159 0.5301284139
v -0.8331168675 -0.1165909707 0.02611208516
v -0.8460851473 0.03729627498 -0.08605744274
v -0.7584402973 0.02791628969 0.215730414
v -0.771408577 0.1818035383 0.1035608798
v 0.188324858 0.1772033573 0.3110810927
v 0.1835473784 0.233894895 0.2697582238
v 0.1740924916 0.1496621712 0.2749423169
v 0.169315012 0.206353709 0.233619448
v -0.3179145236 -0.3738929569 -0.3864491285
v -0.3308828285 -0.2200057216 -0.4986186375
v -0.3420234031 -0.4205462489 -0.4476662237
v -0.3549916829 -0.2666589885 -0.5598357578
v 0.7802595977 0.3579207488 0.4905746829
v 0.7754821307 0.4146122739 0.449251814
v 0.7561829566 0.001954898388 0.005002771037
v 0.7514054393 0.05864642827 -0.03632009472
v 0.7340325212 -0.0409086107 -0.05124150627
v 0.7292550039 0.01578291919 -0.09256437203
v 0.2802596133 0.3107436961 0.4836584179
v 0.2754821212 0.3674352213 0.442335549
v 0.4372565199 0.3496501448 0.5188838567
v 0.4324790278 0.4063416699 0.4775609878
v -0.221197209 0.4324053724 0.7085432253
v -0.2259747011 0.4890969227 0.6672203564
v -0.4400860039 0.008831765962 0.1527420057
v -0.4448634709 0.06552329899 0.1114191368
v 0.1599865829 0.3291915707 0.5228725143
v 0.1552091033 0.3858830959 0.4815496454
v 0.2153814624 0.3664972905 0.5676484611
v 0.2106039828 0.4231888157 0.5263255922
v 0.2027705207 0.3420937391 0.5356268438
v 0.1979930412 0.3987852643 0.4943039749
v -0.4085081296 -0.007530488551 0.126643525
v -0.4132855965 0.04916104447 0.0853206561
v -0.1777621224 0.4389881637 0.712552604
v -0.1825396146 0.4956796889 0.6712297351
v 0.1552908812 -0.54230972 -0.6722117736
v 0.1423225826 -0.3884224847 -0.7843813329
v 0.749702287 -0.3325000537 -0.4530923058
v 0.7367340073 -0.1786127933 -0.5652618651
v 0.8336320781 -0.1700867843 -0.2399782429
v 0.8206637481 -0.01619953334 -0.3521477645
v 0.1063897414 -0.4485049246 -0.5378658272
v 0.09342143965 -0.2946176893 -0.6500353363
v 0.1009644105 -0.4590035731 -0.5516417766
v 0.08799610878 -0.3051163127 -0.6638113359
v 0.1826924326 -0.08432774154 -0.04706661983
v 0.177914953 -0.0276362038 -0.08838948873
v 0.7926337557 0.3550588001 0.4852177297
v 0.7878562887 0.4117503252 0.4438948608
v -0.1148753581 -0.04335486154 0.04354758144
v -0.1196528376 0.01333666834 0.002224712539
v -0.7484451912 0.03321369295 0.2218424293
v -0.7614135212 0.1871009435 0.1096729077
v -0.8295130085 -0.1236612859 0.01599556018
v -0.8424812882 0.03022596904 -0.09617396457
v 0.1548866189 -0.1579200509 -0.1448144186
v 0.1419183203 -0.004032803059 -0.2569839527
v 0.1448589475 -0.1773246913 -0.1702766312
v 0.1318906489 -0.02343743719 -0.2824461654
v 0.1304113547 0.1876364352 0.3320899825
v 0.1256338751 0.2443279729 0.2907671136
v 0.1133875139 0.1546934463 0.2888631126
v 0.1086100344 0.2113849841 0.2475402689
v 0.2235361138 0.3268791079 0.5123528429
v 0.2187586343 0.3835706331 0.471029974
v 0.2482579627 0.3747185562 0.5751264083
v 0.2434804831 0.4314101065 0.5338035394
f 31 9 10
f 32 31 10
f 66 17 18
f 65 17 66
f 131 129 130
f 131 130 132
f 130 134 132
f 132 134 133
f 172 171 178
f 171 177 178
f 179 169 170
f 180 179 170
f 182 73 74
f 181 73 182
f 71 183 72
f 72 183 184
f 286 273 274
f 285 273 286
f 8 7 295
f 7 294 295
f 296 5 6
f 297 296 6
f 258 257 323
f 257 322 323
f 324 259 260
f 325 324 260
f 338 111 112
f 339 338 112
f 110 109 341
f 109 340 341
f 366 171 172
f 120 119 367
f 119 366 367
f 367 366 172
f 368 117 118
f 170 169 369
f 369 368 118
f 169 368 369
f 394 25 26
f 36 35 395
f 395 394 26
f 35 394 395
f 158 157 411
f 157 410 411
f 302 412 303
f 303 412 413
f 276 275 423
f 275 422 423
f 358 428 359
f 359 428 429
f 155 442 156
f 156 442 443
f 445 153 154
f 444 153 445
f 87 460 88
f 88 460 461
f 468 266 265
f 469 266 468
f 298 470 199
f 471 299 200
f 299 471 298
f 298 471 470
f 425 424 483
f 424 482 483
f 484 426 427
f 485 484 427
f 487 450 451
f 486 450 487
f 488 23 24
f 489 488 24
f 22 21 491
f 21 490 491
f 352 197 502
f 502 353 352
f 503 198 353
f 503 353 502
f 512 510 511
f 513 512 511
f 526 21 22
f 527 526 22
f 24 23 529
f 23 528 529
f 543 433 432
f 542 543 432
f 562 105 106
f 563 562 106
f 104 103 565
f 103 564 565
f 190 189 583
f 189 582 583
f 584 191 192
f 585 584 192
f 586 574 575
f 385 384 587
f 384 586 587
f 587 586 575
f 588 382 383
f 140 589 383
f 573 589 140
f 573 572 589
f 589 588 383
f 572 588 589
f 178 599 172
f 120 367 599
f 599 367 172
f 337 336 601
f 336 600 601
f 602 604 603
f 604 605 603
f 603 605 607
f 605 606 607
f 640 384 385
f 641 640 385
f 383 643 140
f 383 382 643
f 382 642 643
f 313 312 645
f 312 644 645
f 646 310 311
f 647 646 311
f 417 416 653
f 416 652 653
f 654 414 415
f 655 654 415
f 657 307 306
f 656 657 306
f 304 305 658
f 304 658 350
f 351 659 305
f 305 659 658
f 217 218 664
f 218 665 664
f 667 216 215
f 666 667 215
f 291 674 292
f 292 674 675
f 212 211 677
f 211 676 677
f 678 209 210
f 679 678 210
f 680 300 197
f 680 301 300
f 198 301 681
f 681 301 680
f 691 401 400
f 690 691 400
f 699 697 696
f 698 699 696
f 215 216 710
f 216 711 710
f 713 218 217
f 712 713 217
f 335 334 721
f 334 720 721
f 731 702 703
f 730 702 731
f 345 747 344
f 344 747 746
f 754 740 741
f 755 754 741
f 756 334 335
f 757 756 335
f 762 474 475
f 763 762 475
f 473 472 765
f 472 764 765
f 780 239 240
f 84 83 781
f 83 780 781
f 781 780 240
f 596 788 597
f 597 788 789
f 791 594 595
f 790 594 791
f 166 165 793
f 165 792 793
f 794 167 168
f 795 794 168
f 346 347 798
f 347 799 798
f 801 349 348
f 800 801 348
f 19 802 20
f 20 802 803
f 523 522 805
f 522 804 805
f 674 836 675
f 675 836 837
f 695 694 845
f 694 844 845
f 846 692 693
f 847 846 693
f 357 356 851
f 356 850 851
f 852 354 355
f 853 852 355
f 728 858 729
f 729 858 859
f 122 121 860
f 861 122 860
f 24 529 863
f 41 42 864
f 42 865 864
f 867 40 39
f 866 867 39
f 872 870 871
f 836 873 837
f 837 873 874
f 872 871 875
f 871 874 875
f 875 874 873
f 173 880 174
f 881 147 148
f 880 147 881
f 174 880 881
f 886 133 134
f 887 886 134
f 597 789 889
f 594 790 890
f 891 791 595
f 52 51 893
f 699 52 893
f 51 892 893
f 755 741 897
f 508 898 509
f 110 341 899
f 899 341 509
f 509 898 899
f 29 908 30
f 57 908 29
f 30 909 58
f 30 908 909
f 911 27 28
f 911 28 56
f 910 27 911
f 704 914 705
f 915 827 705
f 705 914 915
f 235 920 236
f 921 355 236
f 853 355 921
f 236 920 921
f 871 870 923
f 870 922 923
f 929 391 390
f 928 929 390
f 388 389 930
f 389 931 930
f 934 127 128
f 935 934 128
f 126 125 937
f 125 936 937
f 202 201 939
f 201 938 939
f 940 203 204
f 941 940 204
f 403 402 945
f 402 944 945
f 946 404 405
f 947 946 405
f 166 581 955
f 581 580 955
f 580 954 955
f 956 754 755
f 957 755 897
f 957 956 755
f 793 792 959
f 792 958 959
f 960 794 795
f 961 960 795
f 254 253 963
f 254 963 897
f 253 962 963
f 967 966 969
f 966 968 969
f 970 964 965
f 971 970 965
f 978 580 581
f 581 166 979
f 166 793 979
f 979 978 581
f 602 436 986
f 987 437 196
f 987 436 437
f 986 436 987
f 831 830 991
f 830 990 991
f 992 828 829
f 993 992 829
f 914 994 915
f 995 19 20
f 995 827 915
f 994 19 995
f 915 994 995
f 997 486 487
f 996 486 997
f 99 100 1005
f 1006 100 351
f 100 1006 1005
f 1008 98 97
f 1007 1008 97
f 1011 179 180
f 1012 1011 180
f 178 177 1014
f 1014 607 178
f 177 1013 1014
f 1015 868 869
f 1016 869 917
f 1016 1015 869
f 807 1020 806
f 1020 1019 806
f 561 560 1026
f 560 1025 1026
f 1027 558 559
f 1028 559 134
f 1028 1027 559
f 340 109 1029
f 898 340 1029
f 898 1029 899
f 1030 110 899
f 899 1029 1030
f 779 778 1036
f 778 1035 1036
f 1037 776 777
f 1038 1037 777
f 1041 1039 1040
f 1042 1041 1040
f 1044 358 359
f 1043 358 1044
f 1045 376 377
f 1046 1045 377
f 373 372 1048
f 372 1047 1048
f 607 1054 603
f 923 922 1056
f 922 1055 1056
f 1057 1045 1046
f 1058 1057 1046
f 1048 1047 1060
f 1047 1059 1060
f 1061 953 952
f 1062 953 1061
f 628 1063 629
f 629 1064 561
f 629 1063 1064
f 549 548 1066
f 548 1065 1066
f 1067 550 551
f 1068 1067 551
f 266 1074 265
f 265 1074 1073
f 408 1075 409
f 1075 706 370
f 1076 370 371
f 1076 707 409
f 1075 370 1076
f 409 1075 1076
f 924 1077 925
f 925 1077 1078
f 1080 926 927
f 1079 926 1080
f 1082 207 208
f 1081 207 1082
f 205 1083 206
f 206 1083 1084
f 1042 1040 1086
f 1089 111 338
f 1029 109 1089
f 1029 1089 1030
f 339 112 1090
f 1030 1089 1090
f 426 484 1091
f 1090 1089 1091
f 485 427 1092
f 1092 1090 1091
f 989 988 1104
f 988 1103 1104
f 1105 956 957
f 897 1106 957
f 963 1106 897
f 963 962 1106
f 1106 1105 957
f 962 1105 1106
f 107 108 1107
f 1108 108 449
f 108 1108 1107
f 976 149 1109
f 976 1109 977
f 977 1110 1026
f 977 1109 1110
f 32 10 1112
f 741 740 1112
f 1112 84 781
f 781 240 1112
f 897 741 1112
f 740 1111 1112
f 1113 312 313
f 1114 1113 313
f 311 310 1116
f 310 1115 1116
f 1117 272 271
f 1118 272 1117
f 601 600 1130
f 600 1129 1130
f 348 349 1131
f 349 1132 1131
f 344 746 1133
f 1134 347 346
f 747 345 1134
f 1133 1134 346
f 1140 635 104
f 436 1141 437
f 1141 436 602
f 196 437 1142
f 437 1141 1142
f 1091 484 1143
f 1092 1091 1144
f 1091 1143 1144
f 39 40 1149
f 1150 637 636
f 40 1150 1149
f 1149 1150 636
f 638 639 1151
f 1152 42 41
f 1151 1152 41
f 639 1152 1151
f 1153 1145 1146
f 1154 1146 919
f 1154 1153 1146
f 1148 1147 1156
f 1147 1155 1156
f 460 1157 461
f 88 461 1158
f 461 1157 1158
f 1159 726 727
f 555 554 1160
f 554 1159 1160
f 1160 1159 727
f 1161 556 557
f 557 549 1162
f 725 724 1162
f 549 1066 1162
f 1068 551 1162
f 1162 1161 557
f 724 1161 1162
f 268 267 1166
f 267 1165 1166
f 1167 269 270
f 1168 1167 270
f 149 1169 1109
f 1109 1169 1123
f 1123 1169 1124
f 1170 149 150
f 1170 150 1026
f 1124 1170 1026
f 1169 149 1170
f 1124 1169 1170
f 559 1176 134
f 559 558 1176
f 558 1175 1176
f 1177 560 561
f 1178 561 288
f 1178 1177 561
f 945 944 1184
f 944 1183 1184
f 1185 946 947
f 1186 1185 947
f 1188 516 517
f 1187 516 1188
f 518 1189 519
f 519 1189 1190
f 196 1196 1192
f 1196 1191 1192
f 1195 1191 1196
f 232 231 1198
f 231 1197 1198
f 1199 229 230
f 1200 1199 230
f 90 89 1206
f 933 90 1206
f 89 1205 1206
f 1207 91 92
f 1208 1207 92
f 1218 1216 130
f 1219 688 730
f 1220 730 731
f 1219 730 1220
f 1225 1118 1117
f 477 1226 476
f 476 1226 1225
f 1226 1118 1225
f 1234 214 213
f 1233 1234 213
f 410 157 1235
f 954 580 1235
f 580 978 1235
f 1239 756 757
f 1240 757 315
f 1240 1239 757
f 1242 86 85
f 86 1242 449
f 1241 1242 85
f 602 342 1243
f 602 1243 998
f 998 1243 999
f 196 1244 343
f 1244 342 343
f 196 999 1244
f 1243 342 1244
f 999 1243 1244
f 1247 1021 199
f 1247 1022 1021
f 200 1022 1248
f 1248 1022 1247
f 489 24 1254
f 1254 24 863
f 863 862 1254
f 862 1253 1254
f 1255 93 94
f 1256 94 134
f 1256 1255 94
f 96 95 1258
f 96 1258 130
f 95 1257 1258
f 1260 704 705
f 1259 704 1260
f 1265 345 344
f 1133 1265 344
f 345 1266 1134
f 1266 345 1265
f 1267 1239 1240
f 290 289 1268
f 289 1267 1268
f 1268 1267 1240
f 737 736 1270
f 736 1269 1270
f 1271 738 739
f 1272 1271 739
f 1277 125 126
f 759 758 1278
f 1278 1277 126
f 758 1277 1278
f 1279 760 761
f 128 127 1280
f 127 1279 1280
f 1280 1279 761
f 1281 592 593
f 541 540 1282
f 540 1281 1282
f 1282 1281 593
f 1283 538 539
f 591 590 1284
f 1284 1283 539
f 590 1283 1284
f 237 972 1285
f 1285 972 973
f 238 1286 973
f 1286 1285 973
f 975 974 1288
f 974 1287 1288
f 1293 862 863
f 1294 513 511
f 1294 1293 863
f 567 566 1306
f 566 1305 1306
f 1307 568 569
f 1308 1307 569
f 1313 768 769
f 607 1314 769
f 1314 1313 769
f 767 1316 603
f 767 766 1316
f 766 1315 1316
f 800 348 1317
f 866 39 1317
f 39 1149 1317
f 1317 1149 636
f 1318 349 801
f 40 867 1318
f 1132 349 1318
f 1150 40 1318
f 1318 637 1150
f 798 1319 346
f 41 864 1319
f 1151 41 1319
f 1319 638 1151
f 865 42 1320
f 1320 42 1152
f 1152 639 1320
f 1318 1320 1317
f 1320 1319 1317
f 1144 1143 1324
f 1143 1323 1324
f 1326 1168 270
f 180 170 1328
f 369 118 1328
f 170 369 1328
f 1012 180 1328
f 1336 669 668
f 1335 1336 668
f 670 671 1337
f 671 1338 1337
f 1355 434 435
f 1356 1355 435
f 1370 1362 1361
f 1369 1370 1361
f 1359 1360 1371
f 1360 1372 1371
f 884 885 1373
f 1374 745 744
f 1373 1374 744
f 885 1374 1373
f 742 743 1375
f 1376 883 882
f 743 1376 1375
f 1375 1376 882
f 1378 602 603
f 1377 602 1378
f 530 531 1379
f 1380 1008 1007
f 531 1380 1379
f 1379 1380 1007
f 1005 1006 1381
f 1382 533 532
f 1382 1006 351
f 351 1372 1382
f 1372 1360 1382
f 745 1374 1382
f 1374 885 1382
f 1381 1382 532
f 1006 1382 1381
f 1383 1199 1200
f 6 5 1384
f 5 1383 1384
f 1384 1383 1200
f 1385 7 8
f 1198 1197 1386
f 1386 1385 8
f 1197 1385 1386
f 1387 137 138
f 1388 138 874
f 1388 1387 138
f 136 135 1390
f 1284 136 1390
f 135 1389 1390
f 1091 1391 708
f 709 708 1392
f 1092 709 1392
f 1092 1392 1090
f 708 1391 1392
f 706 1393 370
f 1393 706 707
f 371 1394 1076
f 1394 707 1076
f 1394 1393 707
f 1395 221 222
f 1235 221 1395
f 1395 410 1235
f 411 410 1396
f 1396 1395 222
f 410 1395 1396
f 1399 1147 1148
f 1120 1119 1400
f 1119 1399 1400
f 1400 1399 1148
f 1401 1121 1122
f 1402 1122 919
f 919 1146 1402
f 1146 1145 1402
f 1402 1401 1122
f 1145 1401 1402
f 906 907 1403
f 907 1404 1403
f 1406 905 904
f 1405 1406 904
f 463 462 1408
f 462 1407 1408
f 1409 464 465
f 1410 1409 465
f 1411 1329 1330
f 1412 1330 699
f 1412 1411 1330
f 1414 1368 1367
f 1413 1414 1367
f 542 432 1423
f 449 214 1424
f 1424 433 543
f 667 1424 216
f 401 691 1424
f 1424 52 699
f 1424 711 216
f 214 1234 1424
f 1424 1356 435
f 1362 1370 1424
f 1376 743 1424
f 883 1376 1424
f 1368 1414 1424
f 1009 1425 1010
f 1426 997 993
f 1426 996 997
f 993 1010 1426
f 1425 996 1426
f 1010 1425 1426
f 1430 1428 1427
f 1429 1430 1427
f 353 1432 352
f 352 1432 1431
f 686 1091 1433
f 687 686 1434
f 687 1434 1092
f 686 1433 1434
f 1435 688 689
f 688 1435 730
f 730 1435 702
f 1436 689 1220
f 731 1436 1220
f 1436 1435 689
f 1439 802 19
f 1439 914 704
f 19 994 1439
f 994 914 1439
f 1439 704 1259
f 1441 209 678
f 958 792 1441
f 990 830 1441
f 1441 1236 1235
f 1441 538 1283
f 1283 590 1441
f 1305 566 1441
f 1441 1389 135
f 1442 1236 1441
f 870 872 1443
f 676 211 1444
f 720 334 1444
f 1444 334 756
f 922 870 1444
f 1055 922 1444
f 756 1239 1444
f 1267 289 1444
f 1239 1267 1444
f 1281 540 1444
f 1281 1444 592
f 1444 568 1307
f 1444 870 1443
f 1445 1238 1237
f 1446 1238 1445
f 450 486 1447
f 674 291 1447
f 836 674 1447
f 1447 873 836
f 872 875 1447
f 1447 875 873
f 1447 147 880
f 1447 880 173
f 828 992 1447
f 1447 486 996
f 137 1387 1447
f 1447 996 1425
f 1425 1009 1447
f 1443 872 1447
f 904 905 1448
f 905 1449 1448
f 1451 907 906
f 1450 1451 906
f 1452 469 468
f 1453 469 1452
f 1455 1196 196
f 1455 1195 1196
f 1454 1195 1455
f 926 1079 1460
f 268 1166 1462
f 463 1408 1462
f 1462 1461 122
f 464 1409 1463
f 1410 465 1464
f 582 189 1465
f 644 312 1465
f 936 125 1465
f 312 1113 1465
f 125 1277 1465
f 1465 1277 758
f 1189 1466 1190
f 1466 1235 1465
f 190 583 1467
f 1467 313 645
f 126 937 1467
f 1114 313 1467
f 1467 1278 126
f 759 1278 1467
f 1190 1466 1467
f 1465 1467 1466
f 191 584 1468
f 1468 310 646
f 127 934 1468
f 1115 310 1468
f 1279 127 1468
f 1468 760 1279
f 585 192 1469
f 1469 647 311
f 1469 935 128
f 1469 311 1116
f 1469 1187 1188
f 128 1280 1469
f 1280 761 1469
f 1469 1467 1465
f 1469 1468 1187
f 1468 1469 1465
f 722 602 1474
f 722 1474 723
f 602 1377 1474
f 723 1475 196
f 723 1474 1475
f 450 1476 451
f 1476 1447 173
f 1476 450 1447
f 1477 173 174
f 1476 173 1477
f 451 1476 1477
f 1482 708 709
f 708 1482 1091
f 1483 709 1092
f 1483 1482 709
f 408 1484 1075
f 1484 706 1075
f 707 1485 409
f 707 706 1485
f 706 1484 1485
f 1444 1492 1055
f 1056 1055 1493
f 1055 1492 1493
f 1496 484 485
f 484 1496 1143
f 1143 1496 1323
f 1092 1497 485
f 1497 1496 485
f 483 482 1499
f 482 1498 1499
f 1500 828 1447
f 303 413 1501
f 829 828 1501
f 828 1500 1501
f 1502 830 831
f 1441 830 1502
f 1503 1502 831
f 379 378 1505
f 378 1504 1505
f 1506 374 375
f 1507 1506 375
f 1439 1357 1508
f 1509 1357 1358
f 1508 1357 1509
f 1518 546 1444
f 547 546 1519
f 546 1518 1519
f 1520 544 545
f 544 1520 1441
f 1521 1520 545
f 1522 978 979
f 1235 978 1522
f 793 959 1523
f 979 793 1523
f 831 991 1523
f 1523 1503 831
f 1523 1522 979
f 1031 1032 1524
f 1032 1525 1524
f 1527 1034 1033
f 1526 1527 1033
f 1532 322 257
f 1532 844 694
f 1299 1532 1300
f 258 323 1533
f 695 845 1533
f 1533 323 1300
f 1300 1532 1533
f 1534 241 242
f 1535 1534 242
f 244 243 1537
f 467 244 1537
f 243 1536 1537
f 1539 1018 1017
f 1018 1539 1424
f 1538 1539 1017
f 1542 1194 1193
f 1543 1194 1542
f 1548 1167 1168
f 717 716 1549
f 1549 1168 1326
f 716 1548 1549
f 1549 1548 1168
f 1550 714 715
f 1166 1165 1551
f 1462 1551 715
f 1166 1551 1462
f 1551 1550 715
f 1165 1550 1551
f 1553 1552 1464
f 1319 1554 346
f 799 347 1555
f 1320 799 1555
f 1319 1320 1555
f 1319 1555 1554
f 1557 1342 889
f 1557 1341 1342
f 1556 1341 1557
f 890 1558 1339
f 1339 1558 1340
f 1340 1559 891
f 1340 1558 1559
f 1295 1296 1560
f 1561 1370 1369
f 1561 1296 1424
f 1424 1370 1561
f 1296 1561 1560
f 1560 1561 1369
f 1371 1372 1562
f 1298 1563 351
f 1563 1298 1297
f 1563 1372 351
f 1562 1563 1297
f 1372 1563 1562
f 1564 520 1235
f 1522 1564 1235
f 1564 1522 1523
f 521 520 1565
f 520 1564 1565
f 1565 1564 1523
f 448 449 1566
f 1424 1567 449
f 449 1567 1566
f 351 447 1569
f 1569 447 446
f 1568 1569 446
f 416 1570 235
f 1570 416 417
f 235 1570 920
f 1570 354 920
f 355 1571 236
f 355 354 1571
f 354 1570 1571
f 1571 1570 417
f 1572 356 357
f 415 414 1573
f 1573 1572 357
f 414 1572 1573
f 1465 1576 644
f 645 644 1577
f 645 1577 1467
f 644 1576 1577
f 1578 646 647
f 646 1578 1468
f 1579 647 1469
f 1579 1578 647
f 1580 211 212
f 1444 211 1580
f 1580 1518 1444
f 1519 1518 1581
f 1581 1580 212
f 1518 1580 1581
f 1441 1582 209
f 1520 1582 1441
f 1582 1520 1521
f 210 209 1583
f 209 1582 1583
f 1583 1582 1521
f 752 753 1588
f 1589 389 388
f 1588 1589 388
f 753 1589 1588
f 390 391 1590
f 1591 751 750
f 391 1591 1590
f 1590 1591 750
f 1592 1125 1126
f 785 1593 607
f 785 784 1593
f 1593 1126 607
f 784 1592 1593
f 1593 1592 1126
f 1594 782 783
f 1595 783 603
f 1128 1595 603
f 1128 1127 1595
f 1595 1594 783
f 1127 1594 1595
f 1598 83 84
f 1050 1049 1599
f 1599 84 1112
f 1050 1599 1112
f 1599 1598 84
f 1049 1598 1599
f 786 1602 787
f 787 1602 1603
f 630 1606 631
f 631 1606 1607
f 1608 289 290
f 289 1608 1444
f 1444 1608 894
f 895 894 1609
f 1609 1608 290
f 894 1608 1609
f 943 942 1611
f 942 1610 1611
f 1613 395 26
f 36 395 1613
f 467 1274 1613
f 1274 1273 1613
f 1273 1612 1613
f 1614 1275 1276
f 1615 1614 1276
f 81 1616 82
f 82 1616 1617
f 1619 79 80
f 1618 79 1619
f 1621 621 620
f 1620 1621 620
f 622 623 1622
f 623 1623 1622
f 1191 1195 1624
f 1624 1195 1454
f 1474 1191 1624
f 1474 1624 1475
f 1625 1455 196
f 1625 1454 1455
f 196 1475 1625
f 1624 1454 1625
f 1475 1624 1625
f 431 1633 430
f 430 1633 1632
f 295 294 1637
f 294 1636 1637
f 1638 296 297
f 1639 1638 297
f 1640 364 365
f 1641 365 178
f 1495 1641 178
f 1495 1494 1641
f 1641 1640 365
f 1494 1640 1641
f 1290 1645 603
f 1290 1289 1645
f 1289 1644 1645
f 1646 1291 1292
f 1647 1292 607
f 1647 1646 1292
f 1235 1648 1465
f 1191 1652 1192
f 1652 1191 1474
f 1192 1652 1653
f 1654 894 895
f 894 1654 1444
f 547 1519 1655
f 1519 1581 1655
f 1655 1654 895
f 178 365 1661
f 365 364 1661
f 364 1660 1661
f 53 1662 54
f 54 1663 561
f 1663 629 561
f 1663 628 629
f 54 1662 1663
f 1662 628 1663
f 1664 1439 1440
f 497 496 1665
f 496 1664 1665
f 1665 1664 1440
f 1666 494 495
f 1438 1437 1667
f 1667 1666 495
f 1437 1666 1667
f 1441 1668 1444
f 1672 351 350
f 350 658 1672
f 1673 351 1672
f 1245 1678 1246
f 1245 1347 1678
f 1220 689 1679
f 1679 1219 1220
f 1678 1219 1679
f 1246 1678 1679
f 33 1680 34
f 1680 33 1439
f 1681 839 34
f 34 1680 1681
f 1600 1682 1601
f 1683 392 393
f 1178 1683 393
f 1601 1683 1178
f 1682 392 1683
f 1601 1682 1683
f 1686 488 489
f 1687 489 1254
f 1687 1686 489
f 491 490 1689
f 490 1688 1689
f 1690 1604 1235
f 1605 1604 1691
f 1604 1690 1691
f 1694 598 599
f 1695 599 178
f 1661 1695 178
f 1661 1660 1695
f 1695 1694 599
f 1660 1694 1695
f 14 13 1697
f 1697 290 14
f 1609 290 1697
f 13 1696 1697
f 1698 15 16
f 1698 1441 15
f 991 1699 16
f 1699 1698 16
f 1212 1211 1701
f 1462 1212 1701
f 1211 1700 1701
f 1702 1213 1214
f 1703 1702 1214
f 1017 1018 1704
f 1424 1705 1018
f 1018 1705 1704
f 969 968 1707
f 968 1706 1707
f 1708 970 971
f 1709 1708 971
f 1710 1181 1182
f 495 494 1711
f 494 1710 1711
f 1711 1710 1182
f 1712 496 497
f 1180 1179 1713
f 1713 1712 497
f 1179 1712 1713
f 1107 1108 1714
f 1715 1108 449
f 1108 1715 1714
f 1496 1720 1323
f 1324 1323 1721
f 1323 1720 1721
f 702 1722 703
f 1723 408 409
f 409 1485 1723
f 1722 408 1723
f 703 1722 1723
f 1358 1727 1509
f 1635 1733 699
f 1635 1634 1733
f 1634 1732 1733
f 1734 1409 1410
f 1409 1734 1463
f 891 890 1735
f 1735 1464 891
f 1735 1410 1464
f 890 1734 1735
f 1735 1734 1410
f 1736 888 889
f 1408 1407 1737
f 1408 1737 1462
f 1737 1736 889
f 1407 1736 1737
f 1738 165 166
f 1739 158 411
f 1739 222 661
f 661 660 1739
f 1396 222 1739
f 411 1396 1739
f 1605 1691 1739
f 1739 1738 166
f 660 1738 1739
f 1740 662 663
f 168 167 1741
f 167 1740 1741
f 1741 1740 663
f 1742 548 549
f 919 918 1743
f 549 1154 1743
f 1743 1154 919
f 1743 1742 549
f 918 1742 1743
f 1744 916 917
f 551 550 1745
f 917 152 1745
f 1162 551 1745
f 550 1744 1745
f 1745 1744 917
f 1574 1746 1575
f 1747 1043 1044
f 1746 1043 1747
f 1575 1746 1747
f 1611 1610 1749
f 1610 1748 1749
f 1754 1201 1202
f 130 1755 1202
f 1258 1755 130
f 1258 1257 1755
f 1755 1754 1202
f 1257 1754 1755
f 1756 1255 1256
f 134 1204 1757
f 1204 1203 1757
f 1757 1256 134
f 1203 1756 1757
f 1757 1756 1256
f 1416 1415 1759
f 1535 242 1759
f 1415 1758 1759
f 1760 1417 1418
f 1761 1760 1418
f 1762 960 961
f 481 480 1763
f 480 1762 1763
f 1763 1762 961
f 1764 478 479
f 1441 478 1764
f 1764 958 1441
f 959 958 1765
f 1765 479 1523
f 1523 959 1765
f 1765 1764 479
f 958 1764 1765
f 1771 1585 1584
f 1770 1771 1584
f 1586 1772 350
f 1586 1587 1772
f 1773 1587 351
f 1587 1773 1772
f 453 452 1775
f 453 1775 1533
f 452 1774 1775
f 1776 454 455
f 1777 1776 455
f 1602 1778 1603
f 1603 1778 1779
f 350 1780 902
f 1772 1780 350
f 1772 1773 1780
f 351 903 1781
f 1781 903 902
f 1781 1773 351
f 1780 1781 902
f 1773 1781 1780
f 900 901 1782
f 1783 1771 1770
f 901 1783 1782
f 1782 1783 1770
f 233 1784 234
f 1785 630 631
f 234 1784 1785
f 1784 630 1785
f 1786 221 1235
f 222 221 1787
f 222 1787 661
f 221 1786 1787
f 1418 1417 1789
f 1417 1788 1789
f 1790 1415 1416
f 1791 1790 1416
f 1714 1715 1796
f 1242 1797 449
f 1797 1242 1241
f 449 1797 1715
f 1796 1797 1241
f 1715 1797 1796
f 834 835 1798
f 1424 1799 835
f 835 1799 1798
f 403 1631 1801
f 1631 1630 1801
f 1630 1800 1801
f 1802 1726 1727
f 1803 1727 1358
f 1803 1802 1727
f 1725 1724 1805
f 1724 1804 1805
f 1584 1585 1816
f 1585 1817 1816
f 350 1818 1586
f 351 1587 1819
f 1819 1587 1586
f 1818 1819 1586
f 1820 426 1091
f 1091 1349 1820
f 1820 1349 1350
f 427 426 1821
f 427 1821 1092
f 1821 1350 1092
f 426 1820 1821
f 1821 1820 1350
f 1822 424 425
f 1822 1347 1245
f 1348 1347 1823
f 1823 1822 425
f 1347 1822 1823
f 537 536 1825
f 536 1824 1825
f 1826 534 535
f 1827 1826 535
f 1828 520 521
f 1093 75 1828
f 520 1828 1235
f 521 317 1829
f 1094 1093 1829
f 1829 1828 521
f 1093 1828 1829
f 1832 842 843
f 1833 843 1745
f 1833 1832 843
f 1835 1472 1473
f 1834 1472 1835
f 1460 1836 1470
f 1470 1836 1471
f 1471 1836 1837
f 1606 1842 1607
f 1607 1842 1843
f 664 665 1844
f 665 1845 1844
f 1847 667 666
f 667 1847 1424
f 1846 1847 666
f 279 280 1848
f 280 1849 1848
f 1851 278 277
f 1850 1851 277
f 1852 160 159
f 953 1853 952
f 1853 160 1852
f 952 1853 1852
f 1854 1093 1094
f 1093 1854 1496
f 1855 1854 1094
f 1856 846 847
f 1857 1856 847
f 1532 1858 844
f 845 844 1859
f 845 1859 1533
f 844 1858 1859
f 968 966 1860
f 1287 974 1860
f 1533 1532 1860
f 1612 1273 1860
f 1706 968 1860
f 1774 452 1860
f 1532 1774 1860
f 1861 967 969
f 1288 1861 975
f 1861 453 1533
f 969 1707 1861
f 1861 1533 1860
f 1862 493 492
f 1862 492 1133
f 493 1863 1134
f 1863 493 1862
f 1864 1642 1643
f 1865 1643 1162
f 1865 1864 1643
f 1457 1456 1867
f 1456 1866 1867
f 1868 1458 1459
f 1869 1868 1459
f 1874 298 199
f 1874 299 298
f 199 1021 1874
f 299 1875 200
f 200 1875 1022
f 1022 1875 1021
f 1875 299 1874
f 1021 1875 1874
f 348 1131 1876
f 1317 348 1876
f 1876 1318 1317
f 1877 1132 1318
f 1877 1318 1876
f 1878 1670 1444
f 1671 1670 1879
f 1670 1878 1879
f 1668 1880 1444
f 1880 1668 1669
f 1881 1880 1669
f 1882 1099 748
f 1100 1099 1883
f 1099 1882 1883
f 1884 1101 1102
f 1885 1884 1102
f 1033 1034 1886
f 1887 531 530
f 1886 1887 530
f 1034 1887 1886
f 532 533 1888
f 1889 1032 1031
f 533 1889 1888
f 1888 1889 1031
f 1890 766 767
f 1891 767 603
f 1052 1891 603
f 1052 1051 1891
f 1891 1890 767
f 1051 1890 1891
f 1892 1053 1054
f 769 1893 607
f 769 768 1893
f 1893 1054 607
f 768 1892 1893
f 1893 1892 1054
f 750 751 1894
f 1895 1364 1363
f 751 1895 1894
f 1894 1895 1363
f 1365 1366 1896
f 1897 753 752
f 1896 1897 752
f 1366 1897 1896
f 1088 1087 1899
f 1087 1898 1899
f 1901 1234 1233
f 1424 1234 1901
f 1900 1901 1233
f 832 1912 833
f 1913 473 765
f 1913 947 405
f 373 1048 1913
f 1913 1048 1060
f 1913 1186 947
f 1761 1418 1913
f 1913 1418 1789
f 1913 537 1825
f 1885 1102 1913
f 1905 1104 1913
f 833 1912 1913
f 1910 1914 1911
f 1914 1915 1911
f 563 106 1917
f 202 939 1917
f 1911 1915 1917
f 1915 1916 1917
f 1922 736 737
f 1072 1071 1923
f 1923 1922 737
f 1071 1922 1923
f 1924 1069 1070
f 739 738 1925
f 738 1924 1925
f 1925 1924 1070
f 1447 1926 137
f 138 137 1927
f 874 138 1927
f 137 1926 1927
f 1928 135 136
f 135 1928 1441
f 1929 136 1284
f 1929 1928 136
f 85 86 1938
f 449 1939 86
f 86 1939 1938
f 1940 506 507
f 38 37 1941
f 37 1940 1941
f 1941 1940 507
f 1942 151 152
f 269 1167 1942
f 868 1345 1942
f 1548 716 1942
f 1942 1167 1548
f 1213 1702 1942
f 869 868 1943
f 1943 152 917
f 869 1943 917
f 1943 1942 152
f 868 1942 1943
f 839 838 1947
f 838 1946 1947
f 1948 840 841
f 1949 1948 841
f 1917 1916 1951
f 1916 1950 1951
f 1952 1910 1911
f 1953 1952 1911
f 149 1958 150
f 1026 150 1959
f 150 1958 1959
f 1513 1512 1961
f 1513 1961 1913
f 1512 1960 1961
f 1510 1962 796
f 1962 1510 1511
f 1963 1962 1511
f 315 314 1969
f 1969 1240 315
f 314 1968 1969
f 1970 316 317
f 316 1970 1235
f 1971 317 521
f 1971 1970 317
f 1972 1062 1061
f 1973 1062 1972
f 798 799 1976
f 798 1976 1319
f 1977 799 1320
f 799 1977 1976
f 1978 800 1317
f 1979 801 800
f 1318 801 1979
f 1978 1979 800
f 458 459 1980
f 459 1981 1980
f 1983 457 456
f 1982 1983 456
f 1811 1810 1985
f 1810 1984 1985
f 1987 155 156
f 1986 155 1987
f 153 1988 154
f 154 1988 1989
f 1990 102 101
f 1693 1991 1692
f 1991 102 1990
f 1692 1991 1990
f 1998 478 1441
f 479 478 1999
f 479 1999 1523
f 478 1998 1999
f 2000 480 481
f 2001 2000 481
f 2002 640 641
f 1310 1309 2003
f 2003 2002 641
f 1309 2002 2003
f 2004 1311 1312
f 643 2005 140
f 643 642 2005
f 642 2004 2005
f 2005 2004 1312
f 668 669 2008
f 669 2009 2008
f 2011 671 670
f 2010 2011 670
f 392 2012 393
f 2013 1178 393
f 393 2012 2013
f 2014 37 38
f 2015 2014 38
f 2016 35 36
f 2017 36 1613
f 2017 1613 1861
f 1861 1860 2017
f 2017 2016 36
f 1860 2016 2017
f 2018 1153 1154
f 557 2019 549
f 557 556 2019
f 2019 1154 549
f 556 2018 2019
f 2019 2018 1154
f 2020 554 555
f 1156 1155 2021
f 2021 2020 555
f 1155 2020 2021
f 2025 130 1026
f 1026 1025 2025
f 1025 2024 2025
f 2026 1027 1028
f 2027 1028 134
f 2027 2026 1028
f 2028 1211 1212
f 715 714 2029
f 715 2029 1462
f 2029 1212 1462
f 714 2028 2029
f 2029 2028 1212
f 2030 716 717
f 716 2030 1942
f 1942 2030 1213
f 1214 1213 2031
f 2031 2030 717
f 1213 2030 2031
f 2033 490 21
f 510 512 2033
f 21 526 2033
f 1688 490 2033
f 23 488 2034
f 528 23 2034
f 2034 488 1686
f 2036 586 384
f 574 586 2036
f 384 640 2036
f 1025 560 2036
f 1063 628 2036
f 560 1177 2036
f 1257 95 2036
f 2036 1662 53
f 2036 628 1662
f 2036 392 1682
f 1682 1600 2036
f 2036 1201 1754
f 1754 1257 2036
f 640 2002 2036
f 2012 392 2036
f 2036 2024 1025
f 382 588 2037
f 2037 588 572
f 642 382 2037
f 558 1027 2037
f 2037 1175 558
f 2037 93 1255
f 1756 1203 2037
f 1255 1756 2037
f 2004 642 2037
f 2037 1311 2004
f 1027 2026 2037
f 764 472 2039
f 1059 1047 2039
f 63 1486 2039
f 2039 1824 536
f 1101 1884 2039
f 2039 1960 1512
f 895 2041 1655
f 1909 2041 895
f 1909 1908 2041
f 1908 2040 2041
f 1906 2042 1441
f 2042 1906 1907
f 2043 2042 1907
f 2048 694 695
f 694 2048 1532
f 2048 1774 1532
f 1533 2049 695
f 1533 1775 2049
f 1775 1774 2049
f 2049 2048 695
f 1774 2048 2049
f 2050 932 1776
f 2050 1776 1777
f 693 692 2051
f 692 2050 2051
f 2051 2050 1777
f 224 223 2053
f 223 2052 2053
f 2055 2047 2046
f 2054 2055 2046
f 2044 2045 2056
f 2045 2057 2056
f 2058 918 919
f 1462 2059 919
f 1531 2059 1462
f 1531 1530 2059
f 2059 2058 919
f 1530 2058 2059
f 2060 1528 1529
f 917 916 2061
f 916 2060 2061
f 2061 2060 1529
f 2062 734 735
f 2063 2062 735
f 2064 732 1860
f 733 732 2065
f 733 2065 1861
f 732 2064 2065
f 861 860 2067
f 860 2066 2067
f 2068 1684 1685
f 1162 1228 2069
f 1228 1227 2069
f 1162 2069 1685
f 1227 2068 2069
f 2069 2068 1685
f 2070 590 591
f 590 2070 1441
f 1441 2070 1628
f 1629 1628 2071
f 2071 2070 591
f 1628 2070 2071
f 1444 2072 592
f 1626 2072 1444
f 2072 1626 1627
f 593 592 2073
f 592 2072 2073
f 2073 2072 1627
f 1622 1623 2074
f 2075 1481 1480
f 2074 2075 1480
f 1623 2075 2074
f 1478 1479 2076
f 2077 1621 1620
f 1479 2077 2076
f 2076 2077 1620
f 552 2078 553
f 2079 786 787
f 553 2078 2079
f 2078 786 2079
f 255 2080 256
f 2036 2080 255
f 406 2080 2036
f 2081 406 407
f 1178 256 2081
f 2081 407 1178
f 256 2080 2081
f 2080 406 2081
f 2082 1387 1388
f 1387 2082 1447
f 2083 1388 874
f 2083 2082 1388
f 2084 1389 1441
f 1390 2085 1284
f 1390 1389 2085
f 1389 2084 2085
f 2090 1087 1088
f 1985 1984 2091
f 2091 2090 1088
f 1984 2090 2091
f 197 2092 502
f 2092 503 502
f 1540 2092 197
f 503 2093 198
f 2093 1541 198
f 1541 2093 1540
f 2093 503 2092
f 1540 2093 2092
f 106 105 2095
f 106 2095 1917
f 105 2094 2095
f 2096 103 104
f 104 635 2097
f 2097 2096 104
f 2098 940 941
f 248 247 2099
f 247 2098 2099
f 2099 2098 941
f 2100 245 246
f 939 938 2101
f 2101 246 1917
f 1917 939 2101
f 2101 2100 246
f 938 2100 2101
f 1798 1799 2102
f 2103 1799 1424
f 1901 2103 1424
f 2103 1901 1900
f 1799 2103 2102
f 2102 2103 1900
f 2104 332 333
f 332 2104 1447
f 333 234 2105
f 1607 2105 631
f 234 1785 2105
f 2105 1785 631
f 2105 2104 333
f 2106 330 1441
f 331 330 2107
f 331 2107 1523
f 330 2106 2107
f 2108 1049 1050
f 515 514 2109
f 1112 515 2109
f 1112 2109 1050
f 514 2108 2109
f 2109 2108 1050
f 2110 1952 1953
f 2111 2110 1953
f 1951 1950 2113
f 1950 2112 2113
f 2114 47 48
f 2115 48 699
f 893 2115 699
f 893 892 2115
f 2115 2114 48
f 892 2114 2115
f 2116 1289 1290
f 783 2117 603
f 783 782 2117
f 603 2117 1290
f 782 2116 2117
f 2117 2116 1290
f 2118 784 785
f 2119 785 607
f 607 1292 2119
f 1292 1291 2119
f 2119 2118 785
f 1291 2118 2119
f 2120 878 879
f 2053 2052 2121
f 2121 2120 879
f 2052 2120 2121
f 2122 980 981
f 653 652 2123
f 652 2122 2123
f 2123 2122 981
f 2124 654 655
f 983 982 2125
f 2125 2124 655
f 982 2124 2125
f 2126 1992 1993
f 1164 1163 2127
f 1163 2126 2127
f 2127 2126 1993
f 255 2128 2036
f 2129 255 256
f 2129 256 1178
f 2128 255 2129
f 602 2130 604
f 1327 2130 602
f 2130 1327 1328
f 9 31 2131
f 780 83 2131
f 2131 239 780
f 1065 548 2131
f 2131 550 1067
f 1165 267 2131
f 1253 862 2131
f 862 1293 2131
f 714 1550 2131
f 1550 1165 2131
f 83 1598 2131
f 2131 1598 1049
f 364 1640 2131
f 2131 1640 1494
f 1660 364 2131
f 2131 598 1694
f 1694 1660 2131
f 1700 1211 2131
f 548 1742 2131
f 2131 1742 918
f 1744 550 2131
f 916 1744 2131
f 842 1832 2131
f 1864 2131 1642
f 1942 2131 151
f 2131 2028 714
f 1211 2028 2131
f 2131 2052 223
f 918 2058 2131
f 2058 1530 2131
f 2060 916 2131
f 2131 1528 2060
f 2068 1227 2131
f 1684 2068 2131
f 2108 514 2131
f 1049 2108 2131
f 878 2120 2131
f 2120 2052 2131
f 422 275 2132
f 892 51 2132
f 928 390 2132
f 97 2132 1007
f 2132 434 1355
f 2132 530 1379
f 2132 1379 1007
f 2132 1329 1411
f 2132 1526 1033
f 390 1590 2132
f 1590 750 2132
f 2132 1732 1634
f 1886 530 2132
f 1033 1886 2132
f 2132 750 1894
f 1894 1363 2132
f 1982 456 2132
f 2132 47 2114
f 2114 892 2132
f 2126 1163 2133
f 1992 2126 2133
f 604 2134 605
f 2130 2134 604
f 605 2135 606
f 2135 2131 606
f 2134 2135 605
f 388 930 2136
f 99 1005 2136
f 2136 1381 532
f 1005 1381 2136
f 2136 1031 1524
f 1588 388 2136
f 2136 752 1588
f 532 1888 2136
f 1888 1031 2136
f 1896 752 2136
f 1365 1896 2136
f 458 1980 2136
f 928 2132 2136
f 1666 1437 2137
f 2138 139 140
f 1112 1111 2139
f 140 2005 2139
f 2005 1312 2139
f 2139 2138 140
f 1111 2138 2139
f 2140 948 2033
f 949 948 2141
f 948 2140 2141
f 2142 950 951
f 2034 950 2142
f 2143 951 1254
f 2143 2142 951
f 2144 626 627
f 2144 1942 626
f 2145 2144 627
f 2146 624 2131
f 625 624 2147
f 1462 625 2147
f 624 2146 2147
f 2148 1492 1444
f 1493 1492 2149
f 1492 2148 2149
f 147 2150 148
f 2150 147 1447
f 148 2150 2151
f 2050 2152 932
f 933 932 2153
f 932 2152 2153
f 1091 2154 1433
f 1434 2155 1092
f 1434 1433 2155
f 1433 2154 2155
f 1435 2156 702
f 2156 1435 1436
f 702 2156 1722
f 703 2157 731
f 2157 1436 731
f 2157 2156 1436
f 354 852 2160
f 2160 852 362
f 920 354 2160
f 920 2160 921
f 2161 362 363
f 2161 853 921
f 2160 362 2161
f 921 2160 2161
f 594 2162 595
f 2162 594 890
f 1339 2162 890
f 2163 891 595
f 2163 1340 891
f 2163 1339 1340
f 595 2162 2163
f 2162 1339 2163
f 1341 2164 1342
f 2165 596 597
f 889 2165 597
f 1342 2165 889
f 2164 596 2165
f 1342 2164 2165
f 2166 1247 199
f 2166 1248 1247
f 2167 200 1248
f 2167 1248 2166
f 2168 428 358
f 358 1043 2168
f 2168 1185 1186
f 2168 1602 786
f 1778 1602 2168
f 1912 832 2168
f 1002 1912 2168
f 2078 552 2168
f 786 2078 2168
f 1003 1002 2169
f 1003 2169 1913
f 2169 1186 1913
f 1002 2168 2169
f 2169 2168 1186
f 2170 1000 1001
f 1184 1183 2171
f 2171 2170 1001
f 1183 2170 2171
f 1565 2173 521
f 1240 2175 1268
f 858 2176 859
f 859 2177 1883
f 859 2176 2177
f 2175 2179 1268
f 2175 2174 2179
f 2174 2178 2179
f 1235 2180 1441
f 2172 2180 1235
f 2180 2172 2173
f 2181 2173 1565
f 2181 2180 2173
f 1209 1210 2182
f 2182 448 1566
f 1770 1584 2182
f 2182 900 1782
f 1782 1770 2182
f 2182 1584 1816
f 1585 1771 2183
f 2183 1783 901
f 1771 1783 2183
f 2183 1817 1585
f 1210 2183 2182
f 1502 2188 1441
f 2188 1502 1503
f 2188 2106 1441
f 1523 2189 1503
f 2107 2189 1523
f 2107 2106 2189
f 2189 2188 1503
f 2106 2188 2189
f 1447 2190 1500
f 2104 2190 1447
f 2190 2104 2105
f 1501 1500 2191
f 1843 2191 1607
f 2191 2105 1607
f 1500 2190 2191
f 2191 2190 2105
f 428 2192 429
f 2168 2192 428
f 429 2192 2193
f 1361 1362 2194
f 2195 743 742
f 1424 743 2195
f 2195 1362 1424
f 2194 2195 742
f 1362 2195 2194
f 744 745 2196
f 2197 1360 1359
f 2197 745 1382
f 1382 1360 2197
f 745 2197 2196
f 2196 2197 1359
f 685 2199 603
f 685 684 2199
f 684 2198 2199
f 2200 682 683
f 2201 683 607
f 2201 2200 683
f 2204 161 162
f 161 2204 1444
f 2205 2204 162
f 2206 161 1444
f 162 161 2207
f 161 2206 2207
f 2208 1322 1321
f 2209 1322 2208
f 346 1554 2210
f 1555 347 2211
f 1555 2211 1554
f 1554 2211 2210
f 2213 1753 1752
f 2212 2213 1752
f 1750 2214 350
f 1750 1751 2214
f 351 2215 1751
f 1751 2215 2214
f 57 2216 908
f 908 2216 909
f 58 909 2217
f 909 2216 2217
f 2218 207 1081
f 2219 911 56
f 2219 910 911
f 2218 910 2219
f 837 2221 675
f 2224 1456 1457
f 889 888 2225
f 1080 927 2225
f 2225 1619 80
f 1471 1837 2225
f 888 2224 2225
f 2225 2224 1457
f 2226 890 891
f 1077 924 2226
f 1616 81 2226
f 1472 1834 2226
f 1078 2227 925
f 1459 1458 2227
f 891 1559 2227
f 1617 2227 82
f 1835 1473 2227
f 2227 2226 891
f 1458 2226 2227
f 2228 1071 1072
f 1719 1718 2229
f 2229 2228 1072
f 1718 2228 2229
f 2230 1716 1717
f 1070 1069 2231
f 1069 2230 2231
f 2231 2230 1717
f 2008 2009 2236
f 2237 2055 2054
f 2009 2237 2236
f 2236 2237 2054
f 2056 2057 2238
f 2239 2011 2010
f 2238 2239 2010
f 2057 2239 2238
f 2240 1730 1731
f 1054 2241 603
f 1054 1053 2241
f 603 2241 1731
f 1053 2240 2241
f 2241 2240 1731
f 2242 1051 1052
f 2243 1052 603
f 603 1729 2243
f 1729 1728 2243
f 2243 2242 1052
f 1728 2242 2243
f 2244 1630 1631
f 945 2245 403
f 945 1184 2245
f 2245 1631 403
f 2245 2171 1001
f 1184 2171 2245
f 2245 2244 1631
f 1137 1138 2246
f 1138 2247 2246
f 2248 1135 2136
f 2249 1136 1135
f 2248 2249 1135
f 474 762 2250
f 376 1045 2250
f 2250 1045 1057
f 534 1826 2250
f 763 475 2251
f 1046 377 2251
f 1058 1046 2251
f 1827 535 2251
f 1447 2256 2220
f 675 2257 292
f 2221 2257 675
f 2221 2220 2257
f 2220 2256 2257
f 1441 2222 2258
f 2258 2222 2223
f 1284 539 2259
f 2223 1284 2259
f 2259 2258 2223
f 56 2261 1332
f 2261 1331 1332
f 2260 1331 2261
f 57 2262 1333
f 1333 2262 1334
f 58 1334 2263
f 1334 2262 2263
f 1357 2264 1358
f 2264 1357 1439
f 1664 2264 1439
f 297 6 2265
f 1038 777 2265
f 230 2265 1200
f 2265 6 1384
f 2265 1384 1200
f 1639 297 2265
f 2265 1803 1358
f 2251 377 2265
f 1358 2264 2265
f 1633 2267 1632
f 1632 2267 2266
f 1420 2269 1419
f 1419 2269 2268
f 2270 498 499
f 498 2270 1235
f 2270 1648 1235
f 1649 1648 2271
f 2271 2270 499
f 1648 2270 2271
f 2272 500 1238
f 2272 1650 1651
f 501 500 2273
f 500 2272 2273
f 2273 2272 1651
f 1789 1788 2275
f 1789 2275 1913
f 1788 2274 2275
f 2276 1790 1791
f 2277 2276 1791
f 2282 50 49
f 1133 2282 49
f 50 2283 1134
f 2283 50 2282
f 2288 1768 1769
f 2034 2288 528
f 1768 2288 2034
f 529 528 2289
f 863 529 2289
f 863 2289 1294
f 2289 1769 1294
f 528 2288 2289
f 2289 2288 1769
f 2290 526 527
f 526 2290 2033
f 2033 2290 1766
f 1767 1766 2291
f 2291 2290 527
f 1766 2290 2291
f 1095 1096 2292
f 1096 2293 2292
f 2295 1098 1097
f 1424 1098 2295
f 2294 2295 1097
f 1235 1604 2296
f 2296 1604 1605
f 1739 2297 1605
f 2297 2296 1605
f 2298 1353 1354
f 1913 2299 1354
f 2275 2299 1913
f 2275 2274 2299
f 2299 2298 1354
f 2274 2298 2299
f 2300 2276 2277
f 1352 1351 2301
f 1351 2300 2301
f 2301 2300 2277
f 1468 1872 2302
f 2302 1872 1873
f 2303 1873 1469
f 2303 2302 1873
f 2304 1870 1465
f 1467 1871 2305
f 1871 1870 2305
f 1870 2304 2305
f 810 2306 811
f 648 2306 1458
f 2306 810 1458
f 2307 648 649
f 2307 649 1459
f 1459 811 2307
f 2306 648 2307
f 811 2306 2307
f 650 2308 651
f 2308 650 1460
f 1460 808 2308
f 2309 808 809
f 651 2309 1457
f 2309 809 1457
f 651 2308 2309
f 2308 808 2309
f 2310 822 823
f 2311 2310 823
f 821 820 2313
f 820 2312 2313
f 300 2314 197
f 2315 301 198
f 301 2315 300
f 300 2315 2314
f 2316 1171 1172
f 2317 1172 1917
f 2317 2316 1172
f 2318 2316 2317
f 1174 1173 2319
f 1174 2319 1917
f 1917 2319 2317
f 1173 2318 2319
f 2319 2318 2317
f 2320 1634 1635
f 2320 47 2132
f 1634 2320 2132
f 48 47 2321
f 48 2321 699
f 699 2321 1635
f 47 2320 2321
f 2321 2320 1635
f 2322 758 759
f 758 2322 1465
f 2323 759 1467
f 2323 2322 759
f 2324 760 1468
f 1465 2324 1468
f 2322 2324 1465
f 2324 2322 2323
f 761 760 2325
f 1469 761 2325
f 1467 1469 2325
f 2323 1467 2325
f 760 2324 2325
f 2325 2324 2323
f 576 2326 577
f 2326 576 1460
f 1470 2326 1460
f 2327 1470 1471
f 577 2327 2225
f 2327 1471 2225
f 577 2326 2327
f 2326 1470 2327
f 1472 2328 1473
f 578 2328 2226
f 2328 1472 2226
f 2329 578 579
f 2227 2329 579
f 1473 2329 2227
f 2328 578 2329
f 1473 2328 2329
f 2032 2330 1328
f 1328 2330 2130
f 2130 2330 2134
f 2331 2037 2033
f 2132 2131 2331
f 2332 2033 2034
f 2136 2132 2332
f 2332 2331 2033
f 2132 2331 2332
f 2035 2333 1913
f 2333 2137 2133
f 2334 169 179
f 117 368 2334
f 368 169 2334
f 179 1011 2334
f 1315 766 2334
f 374 1506 2334
f 782 1594 2334
f 1594 1127 2334
f 1644 1289 2334
f 766 1890 2334
f 2334 1890 1051
f 2002 1309 2334
f 2036 2002 2334
f 2036 2334 2032
f 2334 2116 782
f 1289 2116 2334
f 2134 2334 2135
f 2198 684 2334
f 2334 1051 2242
f 2242 1728 2334
f 2032 2334 2330
f 2330 2334 2134
f 177 171 2335
f 366 119 2335
f 171 366 2335
f 1013 177 2335
f 768 1313 2335
f 1504 378 2335
f 1592 784 2335
f 1125 1592 2335
f 1291 1646 2335
f 2335 1892 768
f 2335 1053 1892
f 2335 1311 2037
f 784 2118 2335
f 2335 2118 1291
f 2135 2335 2131
f 682 2200 2335
f 2240 1053 2335
f 1730 2240 2335
f 2331 2335 2037
f 2131 2335 2331
f 2334 2335 2135
f 5 296 2336
f 776 1037 2336
f 229 1199 2336
f 2336 1383 5
f 1199 1383 2336
f 296 1638 2336
f 496 2336 1664
f 496 1712 2336
f 1712 1179 2336
f 1726 1802 2336
f 1946 838 2336
f 2336 376 2250
f 2250 2251 2336
f 2336 2264 1664
f 2251 2265 2336
f 2336 2265 2264
f 2337 2038 351
f 2337 2034 2038
f 2332 2034 2337
f 2136 2332 2337
f 294 7 2338
f 2338 1035 778
f 1047 372 2338
f 1197 231 2338
f 2338 7 1385
f 1385 1197 2338
f 1636 294 2338
f 494 1666 2338
f 1710 494 2338
f 2338 1181 1710
f 1804 1724 2338
f 840 1948 2338
f 2039 1047 2338
f 2039 2338 2035
f 2338 1666 2137
f 2035 2338 2333
f 2338 2137 2333
f 2339 1706 1860
f 1707 1706 2340
f 1707 2340 1861
f 1706 2339 2340
f 2341 1708 1709
f 2342 2341 1709
f 802 2343 803
f 2343 802 1439
f 803 2343 2344
f 2345 1810 1811
f 807 2346 262
f 807 806 2346
f 2346 1811 262
f 806 2345 2346
f 2346 2345 1811
f 2347 972 237
f 2347 2341 2342
f 2348 238 973
f 973 972 2348
f 972 2347 2348
f 2348 2347 2342
f 2349 974 975
f 974 2349 1860
f 1860 2349 2339
f 1861 2350 975
f 1861 2340 2350
f 2340 2339 2350
f 2350 2349 975
f 2339 2349 2350
f 2351 95 96
f 2036 95 2351
f 2351 816 2036
f 130 2352 96
f 817 2352 130
f 817 816 2352
f 2352 2351 96
f 816 2351 2352
f 2353 818 819
f 2353 93 2037
f 818 2353 2037
f 94 93 2354
f 94 2354 134
f 134 2354 819
f 93 2353 2354
f 2354 2353 819
f 1752 1753 2355
f 2355 900 2182
f 2356 901 900
f 2355 2356 900
f 1753 2356 2355
f 350 902 2357
f 902 903 2357
f 2357 1750 350
f 2358 903 351
f 1751 2358 351
f 2358 1751 1750
f 903 2358 2357
f 2357 2358 1750
f 2359 1597 1596
f 2269 2360 2268
f 2360 1597 2359
f 2268 2360 2359
f 2361 2062 2063
f 965 964 2362
f 964 2361 2362
f 2362 2361 2063
f 2363 966 967
f 966 2363 1860
f 1860 2363 2064
f 2364 967 1861
f 2065 2364 1861
f 2065 2064 2364
f 2364 2363 967
f 2064 2363 2364
f 1988 2365 1989
f 2366 1488 1489
f 2365 1488 2366
f 1989 2365 2366
f 1490 2367 1491
f 2368 1986 1987
f 1491 2367 2368
f 2367 1986 2368
f 2369 328 1465
f 1465 1870 2369
f 2369 1870 1871
f 329 328 2370
f 329 2370 1467
f 2370 1871 1467
f 328 2369 2370
f 2370 2369 1871
f 2371 326 327
f 326 2371 1468
f 2371 1872 1468
f 1469 2372 327
f 1873 2372 1469
f 1873 1872 2372
f 2372 2371 327
f 1872 2371 2372
f 1269 736 2373
f 2373 1407 462
f 1610 942 2373
f 888 1736 2373
f 1736 1407 2373
f 1748 1610 2373
f 1866 1456 2373
f 736 1922 2373
f 2373 1922 1071
f 2373 2224 888
f 1456 2224 2373
f 1071 2228 2373
f 2228 1718 2373
f 2312 820 2373
f 1460 2374 2373
f 737 1270 2375
f 1867 2375 1457
f 2375 1923 737
f 1072 1923 2375
f 2229 1072 2375
f 2229 2375 1719
f 2375 821 2313
f 2374 2375 2373
f 738 1271 2376
f 1868 2376 1458
f 1924 738 2376
f 2376 1069 1924
f 2230 1069 2376
f 1716 2230 2376
f 2376 822 2310
f 2376 1271 2373
f 1272 739 2377
f 739 1925 2377
f 2377 1925 1070
f 1070 2231 2377
f 2231 1717 2377
f 2377 2311 823
f 2375 2377 2373
f 2373 2377 2376
f 370 2378 371
f 370 1393 2378
f 371 2378 2379
f 1842 2380 1843
f 2381 302 303
f 303 1501 2381
f 1501 2191 2381
f 2381 2191 1843
f 2380 302 2381
f 1843 2380 2381
f 2382 73 181
f 2382 153 444
f 27 910 2382
f 1189 518 2382
f 1189 2382 1466
f 2382 1235 1466
f 1988 153 2382
f 2382 910 2218
f 1081 2382 2218
f 2382 1488 2365
f 2365 1988 2382
f 2383 122 861
f 2383 1081 1082
f 2383 1462 122
f 2383 1344 1462
f 2271 499 2383
f 1649 2271 2383
f 2383 2382 1081
f 1083 2384 1084
f 2384 2272 1238
f 1650 2272 2384
f 1238 1446 2385
f 501 2273 2385
f 2273 1651 2385
f 1084 2384 2385
f 2384 1238 2385
f 2390 985 984
f 2391 985 2390
f 636 637 2392
f 636 2392 1317
f 2393 637 1318
f 637 2393 2392
f 2394 638 1319
f 2395 639 638
f 639 2395 1320
f 2394 2395 638
f 635 1140 2397
f 1140 1139 2397
f 1139 2396 2397
f 1778 2398 1779
f 2168 832 2398
f 2398 1778 2168
f 2399 832 833
f 2398 832 2399
f 1779 2398 2399
f 412 302 2400
f 2400 1606 630
f 1784 233 2400
f 630 1784 2400
f 1842 1606 2400
f 2400 302 2380
f 2380 1842 2400
f 2404 308 309
f 308 2404 2131
f 2131 2404 1253
f 1148 1156 2405
f 555 1160 2405
f 1160 727 2405
f 1254 1253 2405
f 2405 1120 1400
f 1400 1148 2405
f 309 1424 2405
f 2021 555 2405
f 2405 1156 2021
f 2405 2404 309
f 1253 2404 2405
f 1496 2406 1720
f 1721 1720 2407
f 1720 2406 2407
f 442 155 2408
f 57 772 2408
f 155 1986 2408
f 2367 1490 2408
f 2408 1986 2367
f 58 57 2409
f 2409 156 443
f 1987 156 2409
f 2409 1491 2368
f 2368 1987 2409
f 57 2408 2409
f 2410 55 56
f 55 2410 1465
f 445 154 2411
f 56 775 2411
f 154 1989 2411
f 2366 1489 2411
f 2411 1989 2366
f 2411 2410 56
f 504 2412 505
f 504 602 2412
f 602 986 2412
f 196 505 2413
f 2413 987 196
f 2413 986 987
f 505 2412 2413
f 2412 986 2413
f 227 228 2414
f 227 2414 1319
f 2415 228 1320
f 293 2415 1320
f 228 2415 2414
f 2415 293 2414
f 2416 225 1317
f 1319 2416 1317
f 2414 293 2416
f 2414 2416 1319
f 2417 226 225
f 226 2417 1318
f 2417 293 1320
f 1318 2417 1320
f 2416 2417 225
f 293 2417 2416
f 1232 1231 2419
f 2419 933 2153
f 1232 2419 2153
f 1231 2418 2419
f 65 2420 17
f 1229 2420 65
f 2420 1229 1230
f 2421 2420 1230
f 1157 2422 1158
f 2423 618 619
f 2423 88 1158
f 2422 618 2423
f 1158 2422 2423
f 2424 598 2131
f 2425 120 599
f 599 598 2425
f 379 1505 2425
f 379 2425 2139
f 2139 2425 1112
f 598 2424 2425
f 2426 1343 1344
f 1343 2426 2131
f 2427 1344 2383
f 2427 2426 1344
f 1015 2428 868
f 2428 1345 868
f 1346 1345 2429
f 1345 2428 2429
f 12 2433 11
f 11 2433 2432
f 1261 1262 2434
f 1261 2434 1319
f 2435 1262 1320
f 1262 2435 2434
f 2436 1263 1317
f 2437 1264 1263
f 1264 2437 1318
f 2436 2437 1263
f 2438 275 276
f 2132 275 2438
f 665 218 2439
f 218 713 2439
f 665 2439 1845
f 2439 276 1937
f 2293 1096 2439
f 2439 2438 276
f 1447 2082 2440
f 2440 2082 2083
f 2441 2083 874
f 2441 2440 2083
f 2442 2084 1441
f 2085 2443 1284
f 2085 2084 2443
f 2084 2442 2443
f 2444 253 254
f 897 2445 254
f 2445 2444 254
f 2452 109 110
f 109 2452 1089
f 2453 110 1030
f 1090 2453 1030
f 2453 2452 110
f 2454 111 1089
f 112 111 2455
f 112 2455 1090
f 111 2454 2455
f 2456 678 679
f 2456 1441 678
f 2456 1305 1441
f 1306 1305 2457
f 2457 2456 679
f 1305 2456 2457
f 2458 1307 1308
f 2458 676 1444
f 2458 1444 1307
f 677 676 2459
f 676 2458 2459
f 2459 2458 1308
f 391 929 2463
f 98 1008 2463
f 1380 531 2463
f 2463 1008 1380
f 1034 1527 2463
f 1591 391 2463
f 751 1591 2463
f 531 1887 2463
f 2463 1887 1034
f 1895 751 2463
f 2463 1364 1895
f 457 1983 2463
f 2464 2388 2389
f 405 404 2465
f 405 2465 1913
f 2465 2389 1913
f 404 2464 2465
f 2465 2464 2389
f 2466 402 403
f 2387 2386 2467
f 2467 2466 403
f 2386 2466 2467
f 2477 2253 2252
f 2463 2253 2477
f 2476 2477 2252
f 2254 2478 2136
f 2254 2255 2478
f 2255 2479 2478
f 2480 540 541
f 540 2480 1444
f 2481 2480 541
f 2482 538 1441
f 539 538 2483
f 538 2482 2483
f 710 711 2484
f 1424 2485 711
f 1931 2485 1424
f 2485 1931 1930
f 711 2485 2484
f 2484 2485 1930
f 1932 1933 2486
f 2487 713 712
f 713 2487 2439
f 2439 2487 1933
f 2486 2487 712
f 1933 2487 2486
f 2136 2488 1658
f 2478 2488 2136
f 2478 2479 2488
f 1659 2489 351
f 2489 1659 1658
f 2488 2489 1658
f 2479 2489 2488
f 1656 1657 2490
f 1656 2490 2132
f 2491 1657 2463
f 2477 2491 2463
f 2491 2477 2476
f 1657 2491 2490
f 2490 2491 2476
f 2492 2110 2111
f 2493 2492 2111
f 2113 2112 2495
f 2112 2494 2495
f 2496 1421 1422
f 439 438 2497
f 1462 439 2497
f 2497 1422 1462
f 438 2496 2497
f 2497 2496 1422
f 2498 440 441
f 690 400 2498
f 1413 1367 2498
f 1538 1017 2498
f 2498 1017 1704
f 834 1798 2498
f 1798 2102 2498
f 1424 1423 2499
f 2405 2499 441
f 1424 2499 2405
f 2499 2498 441
f 1423 2498 2499
f 1674 2500 57
f 2500 2262 57
f 2262 2500 2263
f 2501 1675 58
f 2501 1674 1675
f 2263 2501 58
f 2500 1674 2501
f 2263 2500 2501
f 1676 2502 1677
f 2218 2502 1676
f 2502 2218 2260
f 1677 2503 56
f 2503 2261 56
f 2503 2260 2261
f 1677 2502 2503
f 2502 2260 2503
f 2504 448 2182
f 2505 449 448
f 1210 2505 2183
f 2504 2505 448
f 446 447 2506
f 2507 447 351
f 447 2507 2506
f 79 2508 80
f 1557 889 2509
f 2509 1556 1557
f 2509 2225 80
f 889 2225 2509
f 80 2508 2509
f 2508 1556 2509
f 2510 1558 890
f 1558 2510 1559
f 81 2510 2226
f 2226 2510 890
f 2511 81 82
f 2227 2511 82
f 1559 2511 2227
f 2510 81 2511
f 1559 2510 2511
f 233 2514 2400
f 2515 233 234
f 2515 234 333
f 2514 233 2515
f 2516 522 523
f 2447 2446 2517
f 2517 2516 523
f 2446 2516 2517
f 142 141 2519
f 142 2519 1917
f 141 2518 2519
f 2520 143 144
f 1911 2521 1953
f 2521 2111 1953
f 2521 144 2493
f 2111 2521 2493
f 2521 2520 144
f 2522 1405 904
f 904 1448 2522
f 2522 1850 277
f 2522 2209 2208
f 2523 905 1406
f 1428 1430 2523
f 1449 905 2523
f 2523 278 1851
f 2522 2523 2209
f 906 1403 2524
f 1429 1427 2524
f 2524 1450 906
f 2524 279 1848
f 2522 1429 2524
f 2523 2522 2524
f 1404 907 2525
f 2525 907 1451
f 1849 280 2525
f 2267 2525 2266
f 2525 1428 2523
f 2266 2525 2524
f 2525 2523 2524
f 2526 878 2131
f 879 878 2527
f 878 2526 2527
f 342 2528 343
f 2528 342 602
f 504 2528 602
f 343 2529 196
f 2529 505 196
f 2529 504 505
f 343 2528 2529
f 2528 504 2529
f 1441 2530 15
f 1441 2184 2530
f 2530 2184 2185
f 16 15 2531
f 16 2531 991
f 2531 2185 991
f 15 2530 2531
f 2531 2530 2185
f 2532 13 14
f 290 2533 14
f 290 2187 2533
f 2187 2186 2533
f 2533 2532 14
f 2186 2532 2533
f 2252 2253 2534
f 2535 68 67
f 423 68 2535
f 2535 2253 2463
f 2534 2535 67
f 2253 2535 2534
f 69 70 2536
f 69 2536 2136
f 2136 2536 2254
f 2537 2255 2254
f 70 2537 2536
f 2536 2537 2254
f 2538 1536 1860
f 2539 467 1537
f 1537 1536 2539
f 1536 2538 2539
f 2540 1534 1535
f 2541 1535 1759
f 2541 2540 1535
f 78 77 2543
f 77 2542 2543
f 2544 75 76
f 75 2544 1828
f 76 1092 2545
f 1092 1144 2545
f 2545 1144 1324
f 1324 1721 2545
f 1721 2407 2545
f 2545 2544 76
f 380 2546 602
f 2546 1327 602
f 1328 1327 2546
f 2547 380 381
f 2546 380 2547
f 1328 2546 2547
f 2548 1325 1326
f 1325 2548 2428
f 2549 2548 1326
f 2334 2550 1644
f 603 2551 1378
f 1645 2551 603
f 1645 1644 2551
f 1644 2550 2551
f 2552 1646 1647
f 1646 2552 2335
f 2553 1647 607
f 2553 2552 1647
f 2554 942 943
f 2373 942 2554
f 2373 2554 1460
f 1461 1460 2555
f 2555 2554 943
f 1460 2554 2555
f 2556 1355 1356
f 2556 308 2131
f 1355 2556 2132
f 2556 2131 2132
f 309 308 2557
f 309 2557 1424
f 2557 1356 1424
f 308 2556 2557
f 2557 2556 1356
f 2558 477 476
f 2559 477 2558
f 1403 1404 2560
f 2524 2560 279
f 1403 2560 2524
f 2561 280 279
f 2525 280 2561
f 2561 1404 2525
f 2560 2561 279
f 1404 2561 2560
f 277 278 2562
f 277 2562 2522
f 2562 1405 2522
f 2563 1406 1405
f 2563 278 2523
f 1406 2563 2523
f 278 2563 2562
f 2562 2563 1405
f 2564 431 430
f 272 2565 271
f 271 2565 2564
f 2565 431 2564
f 2566 1673 1672
f 2567 1673 2566
f 2568 720 1444
f 721 720 2569
f 720 2568 2569
f 848 849 2570
f 2571 108 107
f 108 2571 449
f 449 2571 849
f 2570 2571 107
f 849 2571 2570
f 2572 896 897
f 2131 2572 718
f 896 2572 2131
f 719 718 2573
f 1112 719 2573
f 897 1112 2573
f 718 2572 2573
f 2573 2572 897
f 2574 2512 2137
f 2513 2512 2575
f 2512 2574 2575
f 2576 1576 1465
f 1467 2577 1190
f 1577 2577 1467
f 1577 1576 2577
f 1576 2576 2577
f 1468 2578 1187
f 1578 2578 1468
f 2578 1578 1579
f 2579 1579 1469
f 2579 2578 1579
f 2580 1251 1252
f 2373 1251 2580
f 2580 1748 2373
f 1749 1748 2581
f 2581 2580 1252
f 1748 2580 2581
f 2582 281 282
f 1001 1000 2583
f 2583 282 2245
f 1001 2583 2245
f 2583 2582 282
f 1000 2582 2583
f 2584 1002 1003
f 2584 283 1912
f 2584 1912 1002
f 284 283 2585
f 284 2585 1913
f 1913 2585 1003
f 283 2584 2585
f 2585 2584 1003
f 2586 1904 1905
f 2586 1840 2039
f 1904 2586 2039
f 1841 1840 2587
f 1841 2587 1913
f 1913 2587 1905
f 1840 2586 2587
f 2587 2586 1905
f 63 1838 2588
f 2588 1838 1839
f 63 2588 1902
f 1903 2589 1020
f 1903 1902 2589
f 2589 2588 1839
f 1902 2588 2589
f 2590 2430 2431
f 1024 1023 2591
f 1024 2591 1913
f 2591 2431 1913
f 1023 2590 2591
f 2591 2590 2431
f 2594 1792 1793
f 2033 1792 2594
f 2594 2140 2033
f 2141 2140 2595
f 2595 2594 1793
f 2140 2594 2595
f 2596 2034 2142
f 2596 2142 2143
f 1254 1795 2597
f 1795 1794 2597
f 1254 2597 2143
f 1794 2596 2597
f 2597 2596 2143
f 213 214 2598
f 2599 214 449
f 849 2599 449
f 2599 849 848
f 214 2599 2598
f 2598 2599 848
f 2334 2600 117
f 118 117 2601
f 1328 118 2601
f 117 2600 2601
f 2602 119 120
f 2335 119 2602
f 2603 120 2425
f 2603 2602 120
f 746 2604 1133
f 2604 2282 1133
f 2604 2283 2282
f 747 2605 746
f 1134 2605 747
f 2283 2605 1134
f 746 2605 2604
f 2605 2283 2604
f 2376 2606 1458
f 1869 1459 2607
f 2377 1869 2607
f 2607 2376 2377
f 2606 2376 2607
f 2608 2374 1460
f 2375 2374 2608
f 2375 2609 1457
f 2375 2608 2609
f 2610 452 453
f 1860 452 2610
f 2610 1287 1860
f 1288 1287 2611
f 2611 453 1861
f 1288 2611 1861
f 2611 2610 453
f 1287 2610 2611
f 2612 454 237
f 1285 2612 237
f 2612 1285 1286
f 455 454 2613
f 1286 238 2613
f 454 2612 2613
f 2613 2612 1286
f 858 2614 2176
f 2614 1882 2176
f 729 859 2615
f 2615 859 1883
f 1883 1882 2615
f 1882 2614 2615
f 2616 1884 1885
f 2039 1884 2616
f 2617 1885 1913
f 2617 2616 1885
f 1441 2618 2442
f 1284 2443 2619
f 2443 2442 2619
f 2442 2618 2619
f 2440 2620 1447
f 2620 2440 2441
f 874 2621 2441
f 2621 2620 2441
f 2622 718 719
f 2622 239 2131
f 718 2622 2131
f 240 239 2623
f 240 2623 1112
f 1112 2623 719
f 239 2622 2623
f 2623 2622 719
f 2281 2280 2625
f 2280 2624 2625
f 2626 2278 2279
f 2627 2279 2405
f 2627 2626 2279
f 2628 840 2338
f 841 840 2629
f 840 2628 2629
f 2630 838 839
f 838 2630 2336
f 2631 839 1681
f 2631 2630 839
f 1474 612 2632
f 2632 1652 1474
f 1652 2632 1653
f 2633 612 613
f 2632 612 2633
f 1653 2632 2633
f 2634 1920 1921
f 1354 1353 2635
f 1354 2635 1913
f 2635 1921 1913
f 1353 2634 2635
f 2635 2634 1921
f 2636 1351 1352
f 1919 1918 2637
f 2637 2636 1352
f 1918 2636 2637
f 1326 2639 2549
f 2642 1544 1545
f 1422 1421 2643
f 1422 2643 1462
f 1462 2643 1545
f 2643 2642 1545
f 2644 1546 1463
f 1547 2645 1464
f 1547 1546 2645
f 2645 1424 1553
f 1464 2645 1553
f 1546 2644 2645
f 2646 1806 1807
f 2131 1806 2646
f 1462 2647 1807
f 2647 2646 1807
f 1942 2648 1808
f 1809 1808 2649
f 1809 2649 2549
f 1808 2648 2649
f 2650 634 635
f 1913 2651 635
f 1921 2651 1913
f 1921 1920 2651
f 2651 2650 635
f 1920 2650 2651
f 2652 1918 1919
f 633 632 2653
f 632 2652 2653
f 2653 2652 1919
f 2662 2450 2131
f 2646 2662 2131
f 2662 2646 2647
f 2451 2663 1462
f 2451 2450 2663
f 2663 2647 1462
f 2450 2662 2663
f 2663 2662 2647
f 2448 2664 1942
f 2664 2448 2449
f 2664 2648 1942
f 2649 2665 2549
f 2649 2648 2665
f 2665 2664 2449
f 2648 2664 2665
f 1447 2666 1443
f 2620 2666 1447
f 2666 2620 2621
f 871 2667 874
f 871 923 2667
f 923 1056 2667
f 2667 541 1282
f 1282 593 2667
f 1308 569 2667
f 1056 1493 2667
f 593 2073 2667
f 2667 2073 1627
f 1493 2149 2667
f 677 2459 2667
f 2667 2459 1308
f 2481 541 2667
f 2667 2621 874
f 2667 2666 2621
f 167 794 2668
f 794 960 2668
f 2668 1740 167
f 662 1740 2668
f 2668 1762 480
f 960 1762 2668
f 480 2000 2668
f 8 295 2669
f 795 168 2669
f 2669 961 795
f 779 1036 2669
f 663 1164 2669
f 232 1198 2669
f 2669 1386 8
f 1198 1386 2669
f 295 1637 2669
f 168 1741 2669
f 2669 1741 663
f 481 1763 2669
f 1763 961 2669
f 1725 1805 2669
f 2669 1036 1913
f 1949 841 2669
f 2669 2001 481
f 1164 2127 2669
f 2669 2127 1993
f 1913 2333 2669
f 2333 2133 2669
f 2669 841 2629
f 1443 2670 1444
f 2666 2670 1443
f 2670 2666 2667
f 1444 2671 1441
f 2670 2671 1444
f 2670 2667 2671
f 1441 2672 2618
f 2671 2672 1441
f 2673 591 1284
f 1671 1879 2673
f 1881 1669 2673
f 2673 2071 591
f 1629 2071 2673
f 2205 162 2673
f 162 2207 2673
f 2673 1284 2619
f 2619 2618 2673
f 2667 1671 2673
f 2667 2673 2671
f 2618 2672 2673
f 2671 2673 2672
f 2674 2540 2541
f 1276 1275 2675
f 1276 2675 1759
f 1759 2675 2541
f 1275 2674 2675
f 2675 2674 2541
f 2676 1273 1274
f 1273 2676 1860
f 1860 2676 2538
f 2677 1274 467
f 2539 2677 467
f 2539 2538 2677
f 2677 2676 1274
f 2538 2676 2677
f 2678 1179 1180
f 1179 2678 2336
f 2678 1996 2336
f 1997 1996 2679
f 2679 2678 1180
f 1996 2678 2679
f 2680 1994 1995
f 2680 1181 2338
f 1994 2680 2338
f 1182 1181 2681
f 1182 2681 2669
f 2669 2681 1995
f 1181 2680 2681
f 2681 2680 1995
f 1928 2682 1441
f 2682 1928 1929
f 1441 2682 1956
f 2683 1929 1284
f 1284 1957 2683
f 1957 1956 2683
f 2683 2682 1929
f 1956 2682 2683
f 2684 1926 1447
f 1954 2684 1447
f 2684 1954 1955
f 1927 2685 874
f 1927 1926 2685
f 2685 1955 874
f 1926 2684 2685
f 2685 2684 1955
f 610 611 2686
f 2687 611 351
f 351 1569 2687
f 2687 1569 1568
f 611 2687 2686
f 2686 2687 1568
f 1566 1567 2688
f 2182 1566 2688
f 2689 609 608
f 609 2689 1424
f 2689 1567 1424
f 2688 2689 608
f 1567 2689 2688
f 197 198 2690
f 2690 1596 197
f 2690 2208 1321
f 2690 1419 2268
f 2359 1596 2690
f 2268 2359 2690
f 2522 2208 2690
f 198 1597 2691
f 2691 1322 2209
f 2269 1420 2691
f 1597 2360 2691
f 2691 2360 2269
f 198 2691 2690
f 1061 952 2692
f 476 1225 2692
f 1225 1117 2692
f 1542 1193 2692
f 1852 159 2692
f 2692 952 1852
f 1972 1061 2692
f 2390 2692 199
f 2390 984 2692
f 2692 2558 476
f 2693 200 199
f 953 1062 2693
f 272 1118 2693
f 1226 477 2693
f 2693 1118 1226
f 1194 1543 2693
f 160 1853 2693
f 2693 1853 953
f 1062 1973 2693
f 2693 2391 200
f 985 2391 2693
f 477 2559 2693
f 2692 2693 199
f 2036 2694 1
f 2 1 2695
f 130 2 2695
f 1 2694 2695
f 2696 3 4
f 3 2696 2037
f 4 134 2697
f 2697 2696 4
f 2699 1210 1209
f 1210 2699 2505
f 2698 2699 1209
f 2702 1085 2133
f 1086 1085 2703
f 1085 2702 2703
f 2704 251 252
f 251 2704 1942
f 2704 2448 1942
f 2449 2448 2705
f 2705 2704 252
f 2448 2704 2705
f 2706 249 2131
f 2450 2706 2131
f 2706 2450 2451
f 250 249 2707
f 1462 250 2707
f 2451 1462 2707
f 249 2706 2707
f 2707 2706 2451
f 1133 2708 2592
f 2708 2593 2592
f 1134 2709 347
f 2593 2709 1134
f 2709 2593 2708
f 2710 1946 2336
f 803 2711 20
f 1947 1946 2711
f 2344 2711 803
f 1947 2711 2344
f 1946 2710 2711
f 2712 1948 1949
f 2338 1948 2712
f 2713 1949 2669
f 2713 2712 1949
f 1172 1171 2715
f 1172 2715 1917
f 1917 2715 1911
f 1171 2714 2715
f 2716 1173 1174
f 2717 1174 1917
f 2717 2716 1174
f 1524 1525 2718
f 2718 458 2136
f 2136 1524 2718
f 2719 459 458
f 2718 2719 458
f 1525 2719 2718
f 456 457 2720
f 456 2720 2132
f 2720 1526 2132
f 2721 1527 1526
f 2463 2721 457
f 1527 2721 2463
f 457 2721 2720
f 2720 2721 1526
f 788 596 2722
f 2722 113 1460
f 2722 1460 1461
f 1341 1556 2722
f 79 1618 2722
f 2722 596 2164
f 2164 1341 2722
f 2508 79 2722
f 2722 1556 2508
f 2723 1461 1462
f 1737 889 2723
f 1462 1737 2723
f 2722 1461 2723
f 1464 1463 2724
f 1734 890 2724
f 1463 1734 2724
f 1464 2725 891
f 1464 2724 2725
f 442 2726 443
f 2408 2726 442
f 443 2727 2409
f 443 2726 2727
f 444 2728 2382
f 2729 444 445
f 2411 2729 445
f 2728 444 2729
f 199 470 2730
f 2731 471 200
f 471 2731 470
f 470 2731 2730
f 2033 2732 510
f 511 510 2733
f 1294 511 2733
f 510 2732 2733
f 2734 512 513
f 512 2734 2033
f 2735 513 1294
f 2735 2734 513
f 2736 1862 1133
f 2736 1863 1862
f 1863 2737 1134
f 2737 1863 2736
f 2738 2192 2168
f 2192 2738 2193
f 2193 2738 2739
f 1444 546 2740
f 1696 13 2740
f 1968 314 2740
f 2040 1908 2740
f 2178 2174 2740
f 2740 13 2532
f 2532 2186 2740
f 1444 2740 2568
f 2569 2568 2741
f 2568 2740 2741
f 740 754 2742
f 2742 804 522
f 886 2742 133
f 754 956 2742
f 962 253 2742
f 2742 956 1105
f 1105 962 2742
f 2742 1111 740
f 2742 1145 1153
f 2742 556 1161
f 1161 724 2742
f 1121 1401 2742
f 1401 1145 2742
f 1940 37 2742
f 506 1940 2742
f 2742 37 2014
f 2018 556 2742
f 1153 2018 2742
f 2742 1792 2033
f 2066 860 2742
f 139 2138 2742
f 2138 1111 2742
f 253 2444 2742
f 2496 438 2742
f 2742 1421 2496
f 522 2516 2742
f 2516 2446 2742
f 2624 2280 2742
f 666 215 2743
f 2743 215 710
f 107 1107 2743
f 1155 1147 2743
f 1159 554 2743
f 726 1159 2743
f 1233 213 2743
f 2743 1241 85
f 2743 1369 1361
f 742 1375 2743
f 1375 882 2743
f 2743 1399 1119
f 2743 1147 1399
f 1295 1560 2743
f 1560 1369 2743
f 2743 1107 1714
f 1796 1241 2743
f 1714 1796 2743
f 1846 666 2743
f 2743 1900 1233
f 85 1938 2743
f 2743 554 2020
f 2020 1155 2743
f 2034 2743 2038
f 2102 1900 2743
f 1209 2182 2743
f 2194 742 2743
f 1361 2194 2743
f 2294 1097 2743
f 710 2484 2743
f 2484 1930 2743
f 2743 440 2498
f 2498 2102 2743
f 2570 107 2743
f 2743 848 2570
f 1794 2743 2596
f 2743 2034 2596
f 213 2598 2743
f 2598 848 2743
f 2278 2626 2743
f 2688 608 2743
f 2182 2688 2743
f 2743 2698 1209
f 1103 988 2744
f 1912 123 2744
f 1913 1912 2744
f 2744 2035 1913
f 2744 2039 2035
f 2590 1023 2744
f 2744 2430 2590
f 2745 129 131
f 129 2745 1958
f 2745 2037 2036
f 131 132 2746
f 132 133 2746
f 2033 2037 2746
f 133 2742 2746
f 2746 2742 2033
f 2746 2745 131
f 2037 2745 2746
f 2747 350 351
f 2747 217 664
f 2747 698 696
f 712 217 2747
f 1359 1371 2747
f 1373 744 2747
f 884 1373 2747
f 2747 1562 1297
f 1371 1562 2747
f 1568 446 2747
f 664 1844 2747
f 351 2038 2747
f 2747 744 2196
f 2747 2196 1359
f 1095 2292 2747
f 2486 712 2747
f 2747 1932 2486
f 446 2506 2747
f 610 2686 2747
f 2747 2686 1568
f 2038 2743 2747
f 806 1019 2748
f 1898 1087 2748
f 1984 1810 2748
f 2748 1019 2039
f 1087 2090 2748
f 2090 1984 2748
f 2345 806 2748
f 2748 1810 2345
f 1898 2748 2744
f 2748 2039 2744
f 2749 932 933
f 932 2749 1776
f 325 260 2750
f 2750 2749 933
f 2751 231 232
f 2338 231 2751
f 2751 1804 2338
f 1805 1804 2752
f 2669 2752 232
f 1805 2752 2669
f 2752 2751 232
f 1804 2751 2752
f 2753 1802 1803
f 2336 2753 229
f 1802 2753 2336
f 230 229 2754
f 230 2754 2265
f 2754 1803 2265
f 229 2753 2754
f 2754 2753 1803
f 2755 1996 1997
f 2755 826 2336
f 2336 1996 2755
f 827 2756 705
f 827 826 2756
f 705 2756 1260
f 2756 1997 1260
f 826 2755 2756
f 2756 2755 1997
f 2757 824 825
f 824 2757 2338
f 2338 2757 1994
f 1995 1994 2758
f 2758 825 2669
f 1995 2758 2669
f 2758 2757 825
f 1994 2757 2758
f 1093 1496 2759
f 2759 1496 1497
f 2760 1497 1092
f 2760 2759 1497
f 1499 1498 2762
f 1498 2761 2762
f 2763 982 983
f 981 980 2764
f 980 2763 2764
f 2764 2763 983
f 2292 2293 2765
f 2765 1936 2747
f 2747 2292 2765
f 2766 1937 1936
f 2766 2439 1937
f 2766 2293 2439
f 2765 2766 1936
f 2293 2766 2765
f 1934 1935 2767
f 1934 2767 2743
f 2743 2767 2294
f 2768 1935 1424
f 2768 1424 2295
f 2768 2295 2294
f 1935 2768 2767
f 2767 2768 2294
f 2769 1023 1024
f 1023 2769 2744
f 2744 2769 1103
f 1104 1103 2770
f 1913 2770 1024
f 1104 2770 1913
f 2770 2769 1024
f 1103 2769 2770
f 2771 1832 1833
f 2131 2771 151
f 2131 1832 2771
f 152 151 2772
f 152 2772 1745
f 1745 2772 1833
f 151 2771 2772
f 2772 2771 1833
f 237 454 2773
f 454 1776 2773
f 238 237 2774
f 1777 455 2774
f 238 2774 2613
f 2774 455 2613
f 237 2773 2774
f 2775 1293 1294
f 2131 1293 2775
f 2131 2775 1642
f 2776 22 491
f 527 22 2776
f 1162 2776 725
f 1643 2776 1162
f 1643 1642 2776
f 2776 491 1689
f 1294 2087 2776
f 2776 949 2141
f 2291 527 2776
f 1767 2291 2776
f 2595 1793 2776
f 2141 2595 2776
f 2281 2625 2776
f 2776 2775 1294
f 1642 2775 2776
f 2777 1626 1444
f 1444 1670 2777
f 2777 1670 1671
f 1627 1626 2778
f 1627 2778 2667
f 2778 1671 2667
f 1626 2777 2778
f 2778 2777 1671
f 1628 2779 1441
f 2779 1628 1629
f 2779 1668 1441
f 1669 1668 2780
f 2780 1629 2673
f 2673 1669 2780
f 2780 2779 1629
f 1668 2779 2780
f 2202 2781 2137
f 2781 2202 2203
f 2781 2574 2137
f 2575 2574 2782
f 2782 2781 2203
f 2574 2781 2782
f 2783 324 325
f 2784 325 2750
f 933 2784 2750
f 2784 2783 325
f 2785 322 1532
f 1299 2785 1532
f 323 322 2786
f 323 2786 1300
f 322 2785 2786
f 2787 2567 2566
f 1945 2788 1944
f 1944 2788 2787
f 2788 2567 2787
f 2789 1826 1827
f 1826 2789 2250
f 2790 2789 1827
f 2791 1824 2039
f 1825 1824 2792
f 1825 2792 1913
f 1824 2791 2792
f 1235 2793 954
f 955 2794 166
f 955 954 2794
f 954 2793 2794
f 2462 2463 2795
f 2462 2795 2747
f 931 2796 2463
f 2463 2796 2795
f 2797 2460 2743
f 2461 2798 1424
f 2798 2461 2460
f 2797 2798 2460
f 2799 2256 1447
f 881 148 2800
f 2800 148 2151
f 2800 2151 2257
f 2257 2256 2800
f 2256 2799 2800
f 2258 2801 1441
f 2801 2258 2259
f 567 1306 2802
f 2259 539 2802
f 1306 2457 2802
f 539 2483 2802
f 2802 2801 2259
f 2803 189 190
f 1465 189 2803
f 1221 1465 2803
f 1222 1221 2804
f 2804 190 1467
f 1467 1222 2804
f 2804 2803 190
f 1221 2803 2804
f 2805 1223 1224
f 2805 191 1468
f 1468 1223 2805
f 192 191 2806
f 1469 192 2806
f 2806 1224 1469
f 191 2805 2806
f 2806 2805 1224
f 2807 524 525
f 2807 1251 2373
f 1252 1251 2808
f 2808 2807 525
f 1251 2807 2808
f 163 2809 164
f 2809 163 2168
f 2168 552 2809
f 2810 552 553
f 164 2809 2810
f 2809 552 2810
f 2811 1540 197
f 2811 1541 1540
f 197 2314 2811
f 198 1541 2812
f 2812 2315 198
f 2315 2812 2314
f 2812 1541 2811
f 2314 2812 2811
f 2813 283 284
f 283 2813 1912
f 2814 284 1913
f 2814 2813 284
f 282 281 2816
f 2245 282 2816
f 281 2815 2816
f 2817 2006 1235
f 2007 2818 661
f 2007 2006 2818
f 2006 2817 2818
f 2819 990 1441
f 991 990 2820
f 1521 545 2820
f 2043 1907 2820
f 990 2819 2820
f 2821 992 993
f 992 2821 1447
f 451 2822 487
f 2822 997 487
f 993 997 2822
f 2822 2821 993
f 2428 2823 1325
f 1326 1325 2824
f 717 1549 2824
f 2824 1549 1326
f 1703 1214 2824
f 2031 717 2824
f 2824 1214 2031
f 2145 627 2824
f 1325 2823 2824
f 2158 2829 2159
f 2829 2158 2400
f 2159 2829 2830
f 2831 314 315
f 2832 335 721
f 315 757 2832
f 757 335 2832
f 2543 2542 2832
f 721 2569 2832
f 2832 2569 2741
f 2832 2831 315
f 2542 2831 2832
f 1235 2833 316
f 1235 1828 2833
f 1828 2544 2833
f 2833 2544 2545
f 317 316 2834
f 317 2834 1829
f 1829 2834 1094
f 2834 1855 1094
f 316 2833 2834
f 2834 2833 2545
f 1133 492 2835
f 1452 1133 2835
f 2835 1453 1452
f 493 2836 492
f 1134 2836 493
f 1453 2836 1134
f 492 2836 2835
f 2836 1453 2835
f 912 913 2837
f 2498 912 2837
f 2837 1538 2498
f 1424 2838 913
f 1539 2838 1424
f 2838 1539 1538
f 913 2838 2837
f 2837 2838 1538
f 1447 2839 2400
f 2841 121 122
f 615 614 2842
f 1461 2842 122
f 615 2842 1461
f 2842 2841 122
f 614 2841 2842
f 2843 616 617
f 2843 123 1912
f 616 2843 1912
f 124 123 2844
f 124 2844 1913
f 2844 617 1913
f 123 2843 2844
f 2844 2843 617
f 2845 2656 2373
f 2657 2846 1462
f 2657 2656 2846
f 2656 2845 2846
f 2654 2847 1463
f 2847 2654 2655
f 1464 2848 2655
f 2848 2847 2655
f 2853 1964 1965
f 1964 2853 2373
f 2373 2853 2845
f 2854 1965 1462
f 1462 2846 2854
f 2846 2845 2854
f 2854 2853 1965
f 2845 2853 2854
f 2855 1966 1463
f 1463 2847 2855
f 2855 2847 2848
f 1967 2856 1464
f 1967 1966 2856
f 2856 2848 1464
f 1966 2855 2856
f 2856 2855 2848
f 1938 1939 2857
f 1938 2857 2743
f 2857 2698 2743
f 2858 1939 449
f 2505 2858 449
f 2699 2858 2505
f 2858 2699 2698
f 1939 2858 2857
f 2857 2858 2698
f 2859 1217 1218
f 2037 1217 2859
f 2037 2859 2036
f 2036 2859 2286
f 2860 1218 130
f 130 2287 2860
f 2287 2286 2860
f 2860 2859 1218
f 2286 2859 2860
f 2037 2861 1215
f 2284 2861 2037
f 2861 2284 2285
f 130 2862 134
f 130 1216 2862
f 1216 1215 2862
f 2862 2285 134
f 1215 2861 2862
f 2862 2861 2285
f 2863 1411 1412
f 1411 2863 2132
f 2863 1732 2132
f 2864 1412 699
f 1733 2864 699
f 1733 1732 2864
f 2864 2863 1412
f 1732 2863 2864
f 2865 1512 1513
f 1512 2865 2039
f 2865 2791 2039
f 1913 2866 1513
f 2792 2866 1913
f 2792 2791 2866
f 2866 2865 1513
f 2791 2865 2866
f 2867 2789 2790
f 1511 1510 2868
f 1510 2867 2868
f 2868 2867 2790
f 2869 1015 1016
f 1015 2869 2428
f 2869 2823 2428
f 1016 917 2870
f 917 2061 2870
f 2870 2061 1529
f 2870 2145 2824
f 2824 2823 2870
f 2870 2869 1016
f 2823 2869 2870
f 2871 1329 2132
f 2438 2871 2132
f 2871 2438 2439
f 2872 697 699
f 699 1330 2872
f 1330 1329 2872
f 1329 2871 2872
f 2872 2871 2439
f 1974 2873 1133
f 1133 2873 2736
f 2873 2737 2736
f 2874 1975 1134
f 1975 2874 1974
f 1134 2737 2874
f 1974 2874 2873
f 2874 2737 2873
f 2875 624 625
f 624 2875 2131
f 2131 2875 1700
f 2876 625 1462
f 1701 2876 1462
f 1701 1700 2876
f 2876 2875 625
f 1700 2875 2876
f 2877 1702 1703
f 1942 2877 626
f 1702 2877 1942
f 627 626 2878
f 2824 627 2878
f 2878 1703 2824
f 626 2877 2878
f 2878 2877 1703
f 2879 420 421
f 1463 420 2879
f 2879 2654 1463
f 2880 421 1464
f 2655 2880 1464
f 2655 2654 2880
f 2880 2879 421
f 2654 2879 2880
f 2373 2881 418
f 2656 2881 2373
f 2881 2656 2657
f 419 418 2882
f 1462 419 2882
f 2882 2657 1462
f 418 2881 2882
f 2882 2881 2657
f 2883 219 1423
f 2884 220 219
f 1424 220 2884
f 2883 2884 219
f 2885 261 262
f 261 2885 2039
f 989 1104 2886
f 262 1811 2886
f 1088 1899 2886
f 1811 1985 2886
f 2091 1088 2886
f 2886 1985 2091
f 2886 2885 262
f 63 2887 263
f 264 263 2888
f 264 2888 1020
f 263 2887 2888
f 2889 2152 2050
f 2153 2152 2890
f 2152 2889 2890
f 2891 770 1423
f 1423 1552 2891
f 1552 1553 2891
f 2892 771 770
f 1424 771 2892
f 1553 1424 2892
f 2891 2892 770
f 1553 2892 2891
f 2893 732 733
f 732 2893 1860
f 1860 2893 1612
f 1613 1612 2894
f 1861 2894 733
f 1613 2894 1861
f 2894 2893 733
f 1612 2893 2894
f 2895 1614 1615
f 735 734 2896
f 734 2895 2896
f 2896 2895 1615
f 139 2742 2897
f 140 139 2898
f 2898 573 140
f 139 2897 2898
f 2747 2899 698
f 2743 2899 2747
f 2900 699 698
f 2900 1424 699
f 2899 2900 698
f 696 697 2901
f 696 2901 2747
f 2902 697 2872
f 2439 2902 2872
f 697 2902 2901
f 772 2903 2408
f 2408 2903 2726
f 2726 2903 2727
f 2904 773 58
f 2904 772 773
f 2409 2904 58
f 2727 2904 2409
f 2903 772 2904
f 2727 2903 2904
f 774 2905 775
f 2905 774 2382
f 2728 2905 2382
f 775 2906 2411
f 2906 2729 2411
f 2906 2728 2729
f 775 2905 2906
f 2905 2728 2906
f 360 2907 361
f 2907 1229 65
f 2908 65 66
f 2908 1230 361
f 66 2421 2908
f 2421 1230 2908
f 2907 65 2908
f 361 2907 2908
f 2909 2178 2740
f 1268 2179 2910
f 2179 2178 2910
f 2178 2909 2910
f 2180 2911 1441
f 2911 2180 2181
f 2912 2181 1565
f 2912 2911 2181
f 2913 1768 2034
f 2088 2913 2034
f 2913 2088 2089
f 1769 2914 1294
f 1769 1768 2914
f 2914 2089 1294
f 1768 2913 2914
f 2914 2913 2089
f 2915 1766 1767
f 2915 2033 1766
f 2915 2086 2033
f 2087 2086 2916
f 2776 2916 1767
f 2087 2916 2776
f 2916 2915 1767
f 2086 2915 2916
f 1130 1129 2918
f 1129 2917 2918
f 796 2919 797
f 796 1962 2919
f 2920 728 729
f 2919 728 2920
f 797 2919 2920
f 1616 2921 1617
f 2226 2921 1616
f 1617 2922 2227
f 1617 2921 2922
f 2722 1618 2923
f 2924 1618 1619
f 2924 1619 2225
f 2923 1618 2924
f 2925 2716 2717
f 1815 1814 2926
f 1917 1815 2926
f 2926 2717 1917
f 1814 2925 2926
f 2926 2925 2717
f 2927 1812 1813
f 1911 2928 1813
f 2715 2928 1911
f 2715 2714 2928
f 2928 2927 1813
f 2714 2927 2928
f 2392 2929 1317
f 2392 2393 2929
f 1317 2929 2436
f 2930 2393 1318
f 1318 2437 2930
f 2930 2437 2436
f 2393 2930 2929
f 2929 2930 2436
f 2931 2394 1319
f 1319 2434 2931
f 2434 2435 2931
f 1320 2395 2932
f 2932 2395 2394
f 2932 2435 1320
f 2931 2932 2394
f 2435 2932 2931
f 145 2933 146
f 2933 145 602
f 722 2933 602
f 196 146 2934
f 2934 723 196
f 2934 722 723
f 146 2933 2934
f 2933 722 2934
f 380 2935 381
f 602 2935 380
f 381 2935 2936
f 2046 2047 2937
f 2938 1479 1478
f 2937 2938 1478
f 2047 2938 2937
f 1480 1481 2939
f 2940 2045 2044
f 1481 2940 2939
f 2939 2940 2044
f 2941 386 387
f 2742 386 2941
f 2742 2941 2897
f 2898 2897 2942
f 2942 2941 387
f 2897 2941 2942
f 2943 1215 1216
f 1218 2943 1216
f 1217 2943 1218
f 1215 2943 2037
f 2943 1217 2037
f 2944 2700 1131
f 2944 2701 2700
f 673 2945 672
f 672 2945 2944
f 2945 2701 2944
f 263 2946 63
f 2946 263 264
f 2947 264 1020
f 2947 2946 264
f 2039 2948 261
f 262 261 2949
f 262 2949 807
f 261 2948 2949
f 91 1207 2950
f 97 98 2952
f 97 2952 2132
f 2952 2474 2132
f 2953 98 2463
f 2475 2953 2463
f 2953 2475 2474
f 98 2953 2952
f 2952 2953 2474
f 2136 2954 99
f 2472 2954 2136
f 2472 2473 2954
f 2955 100 99
f 351 100 2955
f 351 2955 2473
f 2954 2955 99
f 2473 2955 2954
f 400 401 2956
f 400 2956 2498
f 2498 2956 834
f 2957 835 834
f 2957 401 1424
f 835 2957 1424
f 401 2957 2956
f 2956 2957 834
f 2958 2024 2036
f 2025 2959 130
f 2025 2024 2959
f 2024 2958 2959
f 2960 2026 2027
f 2037 2026 2960
f 134 2961 2027
f 2961 2960 2027
f 2962 386 2742
f 387 386 2963
f 386 2962 2963
f 2964 1650 2384
f 1651 1650 2965
f 2385 1651 2965
f 1650 2964 2965
f 1465 1648 2966
f 2966 1648 1649
f 2967 1649 2383
f 2967 2966 1649
f 318 319 2968
f 318 2968 2524
f 2969 319 2525
f 319 2969 2968
f 2522 2970 320
f 2971 321 320
f 2971 2523 321
f 2970 2971 320
f 2972 472 473
f 472 2972 2039
f 2972 1301 2039
f 1302 1301 2973
f 2973 473 1913
f 1302 2973 1913
f 2973 2972 473
f 1301 2972 2973
f 2974 1303 1304
f 2974 474 2250
f 2250 1303 2974
f 475 474 2975
f 475 2975 2251
f 2251 2975 1304
f 474 2974 2975
f 2975 2974 1304
f 2976 1139 1140
f 2977 1140 104
f 2977 2976 1140
f 1958 2978 1959
f 1958 2745 2978
f 2745 2036 2978
f 1026 2979 561
f 1959 2979 1026
f 1959 2978 2979
f 2980 2244 2245
f 2918 2917 2981
f 2981 2980 2245
f 2917 2980 2981
f 2296 2982 1235
f 2982 2296 2297
f 2982 2793 1235
f 166 2983 1739
f 2983 2297 1739
f 2794 2983 166
f 2794 2793 2983
f 2983 2982 2297
f 2793 2982 2983
f 2984 2829 2400
f 2829 2984 2830
f 2830 2984 2985
f 2986 2520 2521
f 1813 1812 2987
f 1813 2987 1911
f 2987 2521 1911
f 1812 2986 2987
f 2987 2986 2521
f 2988 1814 1815
f 2989 1815 1917
f 2519 2989 1917
f 2519 2518 2989
f 2989 2988 1815
f 2518 2988 2989
f 998 2992 602
f 2992 2935 602
f 2935 2992 2936
f 2993 999 196
f 2993 998 999
f 2992 998 2993
f 2936 2992 2993
f 2994 1696 2740
f 895 1609 2995
f 2995 1609 1697
f 1697 1696 2995
f 1696 2994 2995
f 1698 2996 1441
f 2996 1698 1699
f 991 2997 1699
f 2997 2996 1699
f 163 2998 2168
f 2998 2738 2168
f 2738 2998 2739
f 2999 163 164
f 2998 163 2999
f 2739 2998 2999
f 3000 700 2742
f 701 700 3001
f 897 701 3001
f 700 3000 3001
f 3002 2817 1235
f 2818 3003 661
f 2818 2817 3003
f 2817 3002 3003
f 467 466 3005
f 467 3005 565
f 466 3004 3005
f 565 3007 467
f 565 564 3007
f 564 3006 3007
f 3008 562 563
f 563 1917 3009
f 1917 1951 3009
f 3009 1951 2113
f 2113 2495 3009
f 3009 3008 563
f 3010 55 1465
f 56 55 3011
f 3011 813 56
f 208 3011 1082
f 55 3010 3011
f 3012 57 58
f 3012 814 57
f 3012 1083 205
f 2384 1083 3012
f 58 815 3013
f 1084 3013 206
f 3013 3012 58
f 1465 3014 3010
f 1082 3015 2383
f 3011 3015 1082
f 3011 3010 3015
f 3010 3014 3015
f 3016 2384 3012
f 3016 3012 3013
f 2385 3017 1084
f 3017 3013 1084
f 3017 3016 3013
f 788 3018 789
f 3019 45 46
f 889 3019 46
f 789 3019 889
f 3018 45 3019
f 789 3018 3019
f 43 3020 44
f 3020 43 890
f 890 790 3020
f 3021 790 791
f 44 3021 891
f 891 3021 791
f 44 3020 3021
f 3020 790 3021
f 73 3022 74
f 3022 73 2382
f 1516 3022 2382
f 3023 1516 1517
f 74 3022 3023
f 3022 1516 3023
f 1514 3024 1515
f 3025 71 72
f 3024 71 3025
f 1515 3024 3025
f 2548 3026 2428
f 3026 2548 2549
f 2665 2449 3027
f 2549 2665 3027
f 2705 252 3027
f 3027 2449 2705
f 3027 3026 2549
f 3032 396 397
f 396 3032 508
f 3032 340 898
f 508 3032 898
f 341 340 3033
f 341 3033 509
f 340 3032 3033
f 3033 3032 397
f 3034 338 339
f 338 3034 1089
f 3034 398 1089
f 399 398 3035
f 3035 339 1090
f 399 3035 1090
f 3035 3034 339
f 398 3034 3035
f 1848 1849 3036
f 3036 2524 1848
f 2266 2524 3036
f 3037 1849 2525
f 1849 3037 3036
f 3038 1850 2522
f 3039 1851 1850
f 1851 3039 2523
f 3038 3039 1850
f 3040 183 71
f 1187 3040 516
f 2578 3040 1187
f 3040 2578 2579
f 71 3024 3040
f 3024 1514 3040
f 72 184 3041
f 3041 1188 517
f 1469 1188 3041
f 3041 184 2409
f 2409 2408 3041
f 2579 1469 3041
f 3025 72 3041
f 3041 1515 3025
f 2408 3040 3041
f 3041 3040 2579
f 1465 2410 3042
f 3042 2410 2411
f 3042 2576 1465
f 3043 182 74
f 1190 3043 519
f 2577 3043 1190
f 2577 2576 3043
f 74 3023 3043
f 3023 1517 3043
f 3043 3042 2411
f 2576 3042 3043
f 1009 3044 1447
f 1447 3044 2839
f 2839 3044 2840
f 829 3045 993
f 3045 1010 993
f 3045 1009 1010
f 2840 3045 829
f 3044 1009 3045
f 2840 3044 3045
f 812 3046 813
f 2218 3046 812
f 813 3047 56
f 813 3046 3047
f 814 3048 57
f 3049 815 58
f 3049 814 815
f 3048 814 3049
f 3050 1693 1692
f 2433 3051 2432
f 3051 1693 3050
f 2432 3051 3050
f 3052 237 238
f 3052 2347 237
f 3053 971 965
f 1709 971 3053
f 2342 1709 3053
f 3053 238 2348
f 2342 3053 2348
f 965 2362 3053
f 3053 3052 238
f 115 3056 116
f 2226 3056 115
f 924 3056 2226
f 3057 924 925
f 2227 116 3057
f 2227 3057 925
f 116 3056 3057
f 3056 924 3057
f 926 3058 927
f 113 3058 1460
f 1460 3058 926
f 3059 113 114
f 3059 114 2225
f 927 3059 2225
f 3058 113 3059
f 927 3058 3059
f 3060 820 821
f 820 3060 2373
f 2373 3060 1866
f 1867 1866 3061
f 3061 821 2375
f 1867 3061 2375
f 3061 3060 821
f 1866 3060 3061
f 3062 1868 1869
f 3062 822 2376
f 1868 3062 2376
f 823 822 3063
f 823 3063 2377
f 3063 1869 2377
f 822 3062 3063
f 3063 3062 1869
f 1441 3064 544
f 2042 3064 1441
f 3064 2042 2043
f 545 544 3065
f 2820 545 3065
f 3065 2043 2820
f 544 3064 3065
f 3065 3064 2043
f 3066 546 547
f 546 3066 2740
f 2740 3066 2040
f 1655 3067 547
f 2041 3067 1655
f 2041 2040 3067
f 3067 3066 547
f 2040 3066 3067
f 3068 243 244
f 467 3069 244
f 3007 3069 467
f 3007 3006 3069
f 3069 3068 244
f 3006 3068 3069
f 3070 3008 3009
f 242 241 3071
f 1759 242 3071
f 1416 1759 3071
f 3071 1791 1416
f 2277 1791 3071
f 3071 1352 2301
f 2301 2277 3071
f 2637 1352 3071
f 1919 2637 3071
f 3071 633 2653
f 2653 1919 3071
f 241 3070 3071
f 3071 3070 3009
f 1397 1398 3072
f 1397 3072 1423
f 3072 912 2498
f 1423 3072 2498
f 3073 913 912
f 913 3073 1424
f 3073 1398 1424
f 3072 3073 912
f 1398 3073 3072
f 1930 1931 3074
f 2743 1930 3074
f 3074 2234 2743
f 3075 1931 1424
f 1424 2235 3075
f 3075 2235 2234
f 1931 3075 3074
f 3074 3075 2234
f 2232 2233 3076
f 3076 1932 2747
f 2232 3076 2747
f 3077 1933 1932
f 1933 3077 2439
f 3077 2233 2439
f 3076 3077 1932
f 2233 3077 3076
f 482 424 3078
f 1498 482 3078
f 3078 2542 77
f 2740 314 3078
f 2741 2740 3078
f 3078 2761 1498
f 314 2831 3078
f 3078 2831 2542
f 3079 425 483
f 483 1499 3079
f 1823 425 3079
f 78 2543 3079
f 1499 2762 3079
f 2543 2832 3079
f 3079 2832 2741
f 3079 2741 3078
f 3080 3054 2132
f 3055 3081 1424
f 3055 3054 3081
f 3054 3080 3081
f 3082 3052 3053
f 3083 3082 3053
f 1193 3084 2692
f 1194 3085 1193
f 3085 1194 2693
f 1193 3085 3084
f 3086 378 379
f 378 3086 2335
f 2335 3086 1311
f 1312 1311 3087
f 3087 379 2139
f 2139 1312 3087
f 3087 3086 379
f 1311 3086 3087
f 3088 1309 1310
f 3088 374 2334
f 2334 1309 3088
f 375 374 3089
f 374 3088 3089
f 3089 3088 1310
f 3090 660 661
f 792 165 3091
f 1441 792 3091
f 3091 1442 1441
f 3091 165 1738
f 1738 660 3091
f 2131 2426 3091
f 660 3090 3091
f 3091 3090 2131
f 1442 3092 2427
f 2427 3092 2426
f 3091 3092 1442
f 2426 3092 3091
f 2133 1163 3093
f 3093 662 2668
f 2669 2133 3093
f 3093 2668 2669
f 3094 1446 1445
f 2429 2428 3094
f 3095 663 662
f 1164 663 3095
f 1163 1164 3095
f 3093 3095 662
f 1163 3095 3093
f 3096 1446 3094
f 3097 1656 2132
f 2132 2474 3097
f 2474 2475 3097
f 3098 1657 1656
f 2463 1657 3098
f 2475 2463 3098
f 3097 3098 1656
f 2475 3098 3097
f 1658 1659 3099
f 2136 1658 3099
f 3099 2472 2136
f 3100 1659 351
f 3100 351 2473
f 3100 2473 2472
f 1659 3100 3099
f 3099 3100 2472
f 3101 1726 2336
f 2336 2630 3101
f 3101 2630 2631
f 1727 3102 1509
f 1727 1726 3102
f 1726 3101 3102
f 3102 3101 2631
f 3103 1724 1725
f 2338 1724 3103
f 3103 2628 2338
f 2629 2628 3104
f 1725 2669 3104
f 2669 2629 3104
f 3104 3103 1725
f 2628 3103 3104
f 3105 1510 796
f 2867 1510 3105
f 3106 796 797
f 3106 797 1963
f 1511 3106 1963
f 3105 796 3106
f 3107 267 268
f 267 3107 2131
f 2131 3107 2640
f 3108 268 1462
f 1462 2641 3108
f 2641 2640 3108
f 3108 3107 268
f 2640 3107 3108
f 3109 269 1942
f 1942 2638 3109
f 3109 2638 2639
f 270 269 3110
f 270 3110 1326
f 3110 2639 1326
f 269 3109 3110
f 3110 3109 2639
f 3111 886 887
f 886 3111 2742
f 3111 2962 2742
f 2963 2962 3112
f 3112 3111 887
f 2962 3111 3112
f 1913 2389 3114
f 2389 2388 3114
f 2388 3113 3114
f 3115 2386 2387
f 3116 3115 2387
f 3117 1231 1232
f 62 61 3118
f 1232 2153 3118
f 3118 2890 62
f 2153 2890 3118
f 61 3117 3118
f 3118 3117 1232
f 3119 59 60
f 59 3119 360
f 360 3119 2907
f 3119 1229 2907
f 1230 3120 361
f 1230 1229 3120
f 3120 3119 60
f 1229 3119 3120
f 219 220 3121
f 1423 219 3121
f 3121 542 1423
f 3122 543 542
f 3122 220 1424
f 543 3122 1424
f 220 3122 3121
f 3121 3122 542
f 3123 2280 2281
f 2742 3123 1792
f 2280 3123 2742
f 1793 1792 3124
f 2776 1793 3124
f 3124 2281 2776
f 1792 3123 3124
f 3124 3123 2281
f 3125 1794 1795
f 2743 1794 3125
f 2278 2743 3125
f 3126 1795 1254
f 2279 2278 3126
f 2405 3126 1254
f 2279 3126 2405
f 3126 3125 1795
f 2278 3125 3126
f 3127 1856 1857
f 260 259 3128
f 259 3127 3128
f 3128 3127 1857
f 3129 257 258
f 257 3129 1532
f 3129 1858 1532
f 3130 258 1533
f 1533 1859 3130
f 1859 1858 3130
f 3130 3129 258
f 1858 3129 3130
f 1363 1364 3131
f 1363 3131 2132
f 3132 1364 2463
f 1364 3132 3131
f 2136 3133 1365
f 3134 1366 1365
f 3133 3134 1365
f 570 3135 571
f 3136 285 286
f 3135 285 3136
f 571 3135 3136
f 1603 1779 3138
f 1913 635 3138
f 833 1913 3138
f 3138 635 2397
f 2397 2396 3138
f 3138 2399 833
f 3138 1779 2399
f 2396 3137 3138
f 3026 3139 2428
f 3139 3026 3027
f 2428 3139 3094
f 3139 3096 3094
f 2385 1446 3140
f 1346 2429 3140
f 3140 2429 2385
f 3027 1346 3140
f 1446 3096 3140
f 3140 3139 3027
f 3140 3096 3139
f 3141 2036 53
f 3141 2990 2036
f 2990 3141 2991
f 3142 53 54
f 561 3142 54
f 2991 3142 561
f 3141 53 3142
f 2991 3141 3142
f 930 931 3143
f 2136 930 3143
f 2463 3144 931
f 1004 3144 2463
f 931 3144 3143
f 3144 1004 3143
f 3145 928 2136
f 3143 1004 3145
f 2136 3143 3145
f 3146 929 928
f 2463 929 3146
f 3146 1004 2463
f 3145 3146 928
f 1004 3146 3145
f 3147 2022 1235
f 2382 3147 1235
f 2023 3148 661
f 2023 2022 3148
f 3148 2383 661
f 2382 2383 3148
f 2022 3147 3148
f 3147 2382 3148
f 2990 3149 2036
f 3150 2991 561
f 3150 2990 2991
f 3149 2990 3150
f 432 433 3151
f 1423 432 3151
f 3151 1397 1423
f 3152 1398 1397
f 1424 3152 433
f 1398 3152 1424
f 433 3152 3151
f 3151 3152 1397
f 105 562 3153
f 600 336 3153
f 860 121 3153
f 938 201 3153
f 944 402 3153
f 3153 964 970
f 1129 600 3153
f 1183 944 3153
f 241 1534 3153
f 3153 1275 1614
f 970 1708 3153
f 1758 1415 3153
f 3153 1415 1790
f 1800 1630 3153
f 1950 1916 3153
f 3153 734 2062
f 3153 2094 105
f 245 2100 3153
f 3153 2100 938
f 2112 1950 3153
f 3153 1000 2170
f 2170 1183 3153
f 3153 1630 2244
f 3153 1790 2276
f 2300 1351 3153
f 2300 3153 2276
f 1708 2341 3153
f 3153 2341 2347
f 2361 964 3153
f 2062 2361 3153
f 2373 1544 3153
f 402 2466 3153
f 3153 2466 2386
f 2494 2112 3153
f 2518 141 3153
f 3153 1534 2540
f 281 2582 3153
f 2582 1000 3153
f 1351 2636 3153
f 3153 2636 1918
f 1544 2642 3153
f 2652 632 3153
f 1918 2652 3153
f 2674 1275 3153
f 2540 2674 3153
f 2742 860 3153
f 524 2807 3153
f 3153 2807 2373
f 3153 2815 281
f 3153 121 2841
f 2841 614 3153
f 2895 734 3153
f 1614 2895 3153
f 3153 2917 1129
f 3153 2925 1814
f 2716 2925 3153
f 2244 2980 3153
f 2980 2917 3153
f 3153 1814 2988
f 2988 2518 3153
f 562 3008 3153
f 3153 2347 3052
f 3070 241 3153
f 3153 3008 3070
f 3082 3153 3052
f 2386 3115 3153
f 1421 3154 2643
f 2643 3154 2642
f 3154 1421 2742
f 2642 3154 3153
f 3153 3154 2742
f 1915 1914 3155
f 25 394 3156
f 3156 394 35
f 564 103 3156
f 203 940 3156
f 1536 243 3156
f 1536 3156 1860
f 1916 1915 3156
f 3156 35 2016
f 1860 3156 2016
f 103 2096 3156
f 2098 247 3156
f 3156 940 2098
f 1171 2316 3156
f 2318 1173 3156
f 3156 2316 2318
f 3156 2396 1139
f 143 2520 3156
f 2714 1171 3156
f 1173 2716 3156
f 3156 1812 2927
f 3156 2927 2714
f 1139 2976 3156
f 2986 1812 3156
f 2520 2986 3156
f 3004 466 3156
f 3156 3006 564
f 243 3068 3156
f 3068 3006 3156
f 3137 2396 3156
f 3153 1916 3156
f 3156 2716 3153
f 3156 1915 3155
f 1423 1424 3157
f 2644 1463 3157
f 1424 2645 3157
f 3157 2645 2644
f 1464 3158 1463
f 3158 1552 1423
f 1552 3158 1464
f 3157 3158 1423
f 1463 3158 3157
f 273 285 3159
f 460 87 3159
f 3159 404 946
f 1157 460 3159
f 3159 946 1185
f 1043 1746 3159
f 1746 1574 3159
f 1417 1760 3159
f 3159 1788 1417
f 1914 1910 3159
f 3159 1910 1952
f 1952 2110 3159
f 1043 3159 2168
f 2168 3159 1185
f 2274 1788 3159
f 3159 1353 2298
f 2298 2274 3159
f 3159 618 2422
f 1157 3159 2422
f 2464 404 3159
f 2388 2464 3159
f 2110 2492 3159
f 2634 1353 3159
f 1920 2634 3159
f 634 2650 3159
f 3159 2650 1920
f 2388 3159 3113
f 3159 285 3135
f 3135 570 3159
f 3155 1914 3159
f 3160 854 855
f 854 3160 2039
f 3160 2948 2039
f 3161 855 807
f 2949 3161 807
f 2949 2948 3161
f 3161 3160 855
f 2948 3160 3161
f 63 3162 856
f 2946 3162 63
f 3162 2946 2947
f 3163 807 857
f 857 856 3163
f 1020 807 3163
f 2947 1020 3163
f 856 3162 3163
f 3163 3162 2947
f 1816 1817 3164
f 2182 1816 3164
f 3164 2504 2182
f 2183 3165 1817
f 2505 3165 2183
f 3165 2505 2504
f 1817 3165 3164
f 3164 3165 2504
f 3166 1818 350
f 2506 2507 3166
f 2747 3166 350
f 2506 3166 2747
f 351 1819 3167
f 3167 1819 1818
f 3167 2507 351
f 3166 3167 1818
f 2507 3167 3166
f 1980 1981 3168
f 2136 1980 3168
f 1981 3169 3168
f 1982 2132 3170
f 3171 1983 1982
f 1983 3171 2463
f 3170 3171 1982
f 3174 197 352
f 1431 3174 352
f 3175 198 197
f 198 3175 353
f 353 3175 1432
f 3174 3175 197
f 199 200 3176
f 3177 200 2167
f 200 3177 3176
f 3178 89 90
f 3179 90 933
f 2419 3179 933
f 2419 2418 3179
f 3179 3178 90
f 2418 3178 3179
f 2420 3180 17
f 3180 2420 2421
f 18 3181 66
f 92 3181 18
f 92 91 3181
f 3181 2421 66
f 91 3180 3181
f 3181 3180 2421
f 1335 668 3182
f 3182 668 2008
f 3182 422 2132
f 2008 2236 3182
f 2236 2054 3182
f 3182 1137 2246
f 3182 2476 2252
f 2132 2490 3182
f 2490 2476 3182
f 2534 67 3182
f 2252 2534 3182
f 423 422 3183
f 669 1336 3183
f 2009 669 3183
f 2047 2055 3183
f 2237 2009 3183
f 3183 2055 2237
f 2247 1138 3183
f 422 3182 3183
f 516 3184 517
f 3040 3184 516
f 3040 1514 3184
f 3185 1514 1515
f 517 3185 3041
f 3185 1515 3041
f 517 3184 3185
f 3184 1514 3185
f 1516 3186 1517
f 518 3186 2382
f 2382 3186 1516
f 3187 518 519
f 3043 3187 519
f 3043 1517 3187
f 3186 518 3187
f 1517 3186 3187
f 770 771 3188
f 770 3188 1423
f 3188 2883 1423
f 3189 771 1424
f 3189 1424 2884
f 3189 2884 2883
f 771 3189 3188
f 3188 3189 2883
f 1448 1449 3190
f 1448 3190 2522
f 2522 3190 2658
f 3191 1449 2523
f 2523 2659 3191
f 3191 2659 2658
f 1449 3191 3190
f 3190 3191 2658
f 3192 1450 2524
f 2660 3192 2524
f 2660 2661 3192
f 3193 1451 1450
f 1451 3193 2525
f 3193 2661 2525
f 3192 3193 1450
f 2661 3193 3192
f 2801 3194 1441
f 3194 2801 2802
f 1441 3194 2819
f 3195 679 210
f 210 1583 3195
f 1583 1521 3195
f 2457 679 3195
f 2802 2457 3195
f 3195 1521 2820
f 2820 2819 3195
f 3195 3194 2802
f 2819 3194 3195
f 3196 2799 1447
f 1447 2821 3196
f 3196 2821 2822
f 174 881 3197
f 1477 174 3197
f 1477 3197 451
f 3197 881 2800
f 2800 2799 3197
f 3197 2822 451
f 2799 3196 3197
f 3197 3196 2822
f 3198 336 337
f 3153 336 3198
f 3198 524 3153
f 525 524 3199
f 3199 3198 337
f 524 3198 3199
f 130 129 3200
f 976 3200 149
f 3200 129 1958
f 3200 1958 149
f 3201 976 977
f 130 3201 1026
f 1026 3201 977
f 130 3200 3201
f 3200 976 3201
f 3202 948 949
f 2033 948 3202
f 3202 1688 2033
f 1689 1688 3203
f 3203 949 2776
f 1689 3203 2776
f 3203 3202 949
f 1688 3202 3203
f 3204 1686 1687
f 3204 950 2034
f 1686 3204 2034
f 951 950 3205
f 951 3205 1254
f 1254 3205 1687
f 950 3204 3205
f 3205 3204 1687
f 306 307 3206
f 3207 2213 2212
f 307 3207 3206
f 3206 3207 2212
f 3208 304 350
f 350 2214 3208
f 2214 2215 3208
f 3209 305 304
f 305 3209 351
f 3209 2215 351
f 3208 3209 304
f 2215 3209 3208
f 3210 61 62
f 851 850 3211
f 3211 3210 62
f 850 3210 3211
f 852 3212 362
f 3212 852 853
f 60 59 3213
f 60 3213 363
f 363 3213 2161
f 3213 853 2161
f 59 3212 3213
f 3213 3212 853
f 3214 2492 2493
f 3214 634 3159
f 3159 2492 3214
f 635 634 3215
f 3215 941 204
f 635 3215 2097
f 248 2099 3215
f 2099 941 3215
f 2493 144 3215
f 634 3214 3215
f 3215 3214 2493
f 3216 632 633
f 3153 632 3216
f 3216 2494 3153
f 2495 2494 3217
f 2495 3217 3009
f 3217 633 3071
f 3009 3217 3071
f 3217 3216 633
f 2494 3216 3217
f 3218 762 763
f 2250 762 3218
f 3219 763 2251
f 3219 3218 763
f 2039 3220 764
f 765 764 3221
f 765 3221 1913
f 764 3220 3221
f 67 68 3222
f 67 3222 3182
f 3222 1137 3182
f 3223 68 423
f 3223 1138 1137
f 3183 3223 423
f 1138 3223 3183
f 68 3223 3222
f 3222 3223 1137
f 1135 1136 3224
f 3224 69 2136
f 2136 1135 3224
f 3225 70 69
f 3224 3225 69
f 1136 3225 3224
f 3226 1674 57
f 1674 3226 1675
f 57 3048 3226
f 58 1675 3227
f 3227 3049 58
f 3227 3048 3049
f 1675 3226 3227
f 3226 3048 3227
f 1676 3228 2218
f 3228 3046 2218
f 3046 3228 3047
f 3229 1677 56
f 3229 1676 1677
f 56 3047 3229
f 3228 1676 3229
f 3047 3228 3229
f 2964 2384 3230
f 2384 3016 3230
f 3230 3016 3017
f 2965 3231 2385
f 2965 2964 3231
f 3231 3017 2385
f 2964 3230 3231
f 3231 3230 3017
f 2966 3232 1465
f 3232 2966 2967
f 3232 3014 1465
f 2383 3233 2967
f 3015 3233 2383
f 3015 3014 3233
f 3233 3232 2967
f 3014 3232 3233
f 1235 3234 498
f 1236 3234 1235
f 499 498 3235
f 1236 1442 3235
f 2383 499 3235
f 3235 1442 2427
f 3235 2427 2383
f 498 3234 3235
f 3234 1236 3235
f 3236 500 501
f 1238 500 3236
f 1238 3236 1237
f 3237 1445 1237
f 2385 3237 501
f 2429 3237 2385
f 3094 1445 3237
f 2429 3094 3237
f 3237 3236 501
f 1237 3236 3237
f 2251 2250 3238
f 2250 2789 3238
f 2789 2867 3238
f 3238 2867 3105
f 3239 1827 2251
f 2790 1827 3239
f 2868 3239 1511
f 2868 2790 3239
f 3239 3106 1511
f 3239 3105 3106
f 2251 3238 3239
f 3238 3105 3239
f 1488 3240 1489
f 181 3240 2382
f 3240 1488 2382
f 3241 181 182
f 1489 3241 2411
f 3241 182 3043
f 2411 3241 3043
f 3240 181 3241
f 1489 3240 3241
f 183 3242 184
f 1490 3242 2408
f 3242 183 3040
f 2408 3242 3040
f 3243 1490 1491
f 184 3243 2409
f 2409 3243 1491
f 184 3242 3243
f 3242 1490 3243
f 3244 1207 1208
f 3244 2785 1299
f 2786 2785 3245
f 3245 1208 2951
f 3245 3244 1208
f 2785 3244 3245
f 3246 2783 2784
f 1206 3247 933
f 1206 1205 3247
f 3247 2784 933
f 1205 3246 3247
f 3247 3246 2784
f 2012 3248 2013
f 3248 2012 2036
f 3248 2036 2032
f 3249 385 587
f 587 575 3249
f 641 385 3249
f 375 3249 1507
f 3249 1328 1507
f 2003 641 3249
f 3249 1310 2003
f 3249 2032 1328
f 375 3089 3249
f 3089 1310 3249
f 2013 3248 3249
f 3249 3248 2032
f 2132 3054 3250
f 3250 3054 3055
f 1424 3251 3055
f 3251 3250 3055
f 1956 3252 1441
f 3252 1956 1957
f 3252 2222 1441
f 3253 1957 1284
f 2223 3253 1284
f 2223 2222 3253
f 3253 3252 1957
f 2222 3252 3253
f 1954 1447 3254
f 1447 2220 3254
f 3254 2220 2221
f 874 3255 837
f 874 1955 3255
f 1955 1954 3255
f 3255 2221 837
f 1954 3254 3255
f 3255 3254 2221
f 3256 1506 1507
f 1506 3256 2334
f 3256 2600 2334
f 1507 1328 3257
f 1328 2601 3257
f 2601 2600 3257
f 3257 3256 1507
f 2600 3256 3257
f 1504 2335 3258
f 2335 2602 3258
f 3258 2602 2603
f 1505 1504 3259
f 1505 3259 2425
f 2425 3259 2603
f 1504 3258 3259
f 3259 3258 2603
f 3260 201 202
f 201 3260 3153
f 3153 3260 2094
f 3261 202 1917
f 1917 2095 3261
f 2095 2094 3261
f 3261 3260 202
f 2094 3260 3261
f 3262 2096 2097
f 3262 203 3156
f 3156 2096 3262
f 204 203 3263
f 3215 204 3263
f 2097 3215 3263
f 203 3262 3263
f 3263 3262 2097
f 424 1822 3264
f 3264 1822 1245
f 3078 424 3264
f 3079 3078 3264
f 3265 1245 1246
f 1246 1348 3265
f 1348 1823 3265
f 3265 1823 3079
f 3264 1245 3265
f 3079 3264 3265
f 3266 1808 1809
f 1808 3266 1942
f 3266 2638 1942
f 2549 3267 1809
f 2639 3267 2549
f 2639 2638 3267
f 3267 3266 1809
f 2638 3266 3267
f 3268 1806 2131
f 2640 3268 2131
f 3268 2640 2641
f 1807 3269 1462
f 1807 1806 3269
f 3269 2641 1462
f 1806 3268 3269
f 3269 3268 2641
f 3270 2889 2050
f 2890 3271 62
f 2890 2889 3271
f 2889 3270 3271
f 3272 1203 1204
f 3272 3 2037
f 2037 1203 3272
f 4 3 3273
f 4 3273 134
f 3273 1204 134
f 3 3272 3273
f 3273 3272 1204
f 3274 1 2
f 1 3274 2036
f 3274 1201 2036
f 3275 2 130
f 1202 3275 130
f 1202 1201 3275
f 3275 3274 2
f 1201 3274 3275
f 2086 3276 2033
f 3276 2086 2087
f 3276 2732 2033
f 3277 2087 1294
f 2733 3277 1294
f 2733 2732 3277
f 3277 3276 2087
f 2732 3276 3277
f 2033 3278 2034
f 2034 3278 2088
f 2033 2734 3278
f 3278 2734 2735
f 1294 2089 3279
f 2089 2088 3279
f 3279 2735 1294
f 2088 3278 3279
f 3279 3278 2735
f 3280 778 779
f 778 3280 2338
f 3280 1636 2338
f 1637 1636 3281
f 3281 779 2669
f 2669 1637 3281
f 3281 3280 779
f 1636 3280 3281
f 3282 1638 1639
f 3282 776 2336
f 2336 1638 3282
f 777 776 3283
f 777 3283 2265
f 2265 3283 1639
f 776 3282 3283
f 3283 3282 1639
f 2460 2461 3284
f 3284 1934 2743
f 2743 2460 3284
f 1935 3285 1424
f 3285 1935 1934
f 1424 3285 2461
f 3284 3285 1934
f 2461 3285 3284
f 1936 1937 3286
f 1936 3286 2747
f 2747 3286 2462
f 276 423 3287
f 1937 276 3287
f 3287 2463 2462
f 423 2535 3287
f 3287 2535 2463
f 1937 3287 3286
f 3286 3287 2462
f 3288 466 467
f 466 3288 3156
f 1613 3289 467
f 3289 3288 467
f 3290 1530 1531
f 2131 1530 3290
f 3291 1531 1462
f 3291 3290 1531
f 3292 1528 2131
f 1942 3292 2131
f 1529 1528 3293
f 1529 3293 2870
f 1528 3292 3293
f 2036 2468 3294
f 3294 2468 2469
f 3294 2958 2036
f 130 3295 2469
f 2959 3295 130
f 2959 2958 3295
f 3295 3294 2469
f 2958 3294 3295
f 3296 2470 2037
f 2960 3296 2037
f 3296 2960 2961
f 2471 3297 134
f 2471 2470 3297
f 3297 2961 134
f 2470 3296 3297
f 3297 3296 2961
f 3298 247 248
f 3156 3298 143
f 247 3298 3156
f 144 143 3299
f 144 3299 3215
f 3215 3299 248
f 143 3298 3299
f 3299 3298 248
f 3300 141 142
f 3153 141 3300
f 3300 245 3153
f 246 245 3301
f 1917 3301 142
f 246 3301 1917
f 3301 3300 142
f 245 3300 3301
f 3302 1227 1228
f 3302 842 2131
f 2131 1227 3302
f 843 842 3303
f 3303 1228 1162
f 843 3303 1745
f 1745 3303 1162
f 842 3302 3303
f 3303 3302 1228
f 3304 1908 1909
f 1908 3304 2740
f 2740 3304 2994
f 3305 1909 895
f 3305 895 2995
f 2995 2994 3305
f 3305 3304 1909
f 2994 3304 3305
f 1441 3306 1906
f 2996 3306 1441
f 3306 2996 2997
f 1907 1906 3307
f 2820 3307 991
f 1907 3307 2820
f 3307 2997 991
f 1906 3306 3307
f 3307 3306 2997
f 3308 1786 1235
f 1235 2006 3308
f 3308 2006 2007
f 661 1787 3309
f 1787 1786 3309
f 2007 661 3309
f 1786 3308 3309
f 3309 3308 2007
f 648 3310 649
f 3310 648 1458
f 1458 2606 3310
f 1459 649 3311
f 2607 1459 3311
f 3311 2606 2607
f 649 3310 3311
f 3310 2606 3311
f 650 3312 1460
f 3312 2608 1460
f 2608 3312 2609
f 3313 650 651
f 3313 651 1457
f 1457 2609 3313
f 3312 650 3313
f 2609 3312 3313
f 1970 3314 1235
f 3314 1970 1971
f 3315 1971 521
f 3315 3314 1971
f 3316 1968 2740
f 1969 3317 1240
f 1969 1968 3317
f 1968 3316 3317
f 63 3318 64
f 2039 3318 63
f 1019 3318 2039
f 3319 1019 1020
f 1839 64 3319
f 1020 2589 3319
f 2589 1839 3319
f 64 3318 3319
f 3318 1019 3319
f 2131 3320 1065
f 1066 1065 3321
f 1162 1066 3321
f 1065 3320 3321
f 3322 1067 1068
f 1067 3322 2131
f 3322 3320 2131
f 3323 1068 1162
f 1162 3321 3323
f 3321 3320 3323
f 3323 3322 1068
f 3320 3322 3323
f 3324 682 2335
f 2335 2851 3324
f 3324 2851 2852
f 683 3325 607
f 683 682 3325
f 607 3325 2852
f 682 3324 3325
f 3325 3324 2852
f 3326 684 685
f 2334 684 3326
f 3326 2849 2334
f 603 3327 685
f 2850 3327 603
f 2850 2849 3327
f 3327 3326 685
f 2849 3326 3327
f 3328 462 463
f 462 3328 2373
f 3328 2827 2373
f 1462 3329 463
f 2828 3329 1462
f 2828 2827 3329
f 3329 3328 463
f 2827 3328 3329
f 3330 464 1463
f 1463 2825 3330
f 3330 2825 2826
f 465 464 3331
f 1464 465 3331
f 3331 2826 1464
f 464 3330 3331
f 3331 3330 2826
f 2950 1207 3332
f 2950 3332 2951
f 1207 3244 3332
f 3332 3244 1299
f 3333 1299 1300
f 1300 2786 3333
f 2786 3245 3333
f 3333 3245 2951
f 3332 1299 3333
f 2951 3332 3333
f 406 3334 407
f 3334 406 2036
f 407 3335 1178
f 407 3334 3335
f 3336 25 3156
f 3156 3288 3336
f 3336 3288 3289
f 26 25 3337
f 26 3337 1613
f 3337 3289 1613
f 25 3336 3337
f 3337 3336 3289
f 3338 1973 1972
f 984 3338 2692
f 2692 3338 1972
f 985 3339 984
f 3339 985 2693
f 2693 1973 3339
f 984 3339 3338
f 3339 1973 3338
f 2144 3340 1942
f 3340 2144 2145
f 2870 3341 2145
f 3341 3340 2145
f 2131 3342 2146
f 2147 3343 1462
f 2147 2146 3343
f 2146 3342 3343
f 3344 1484 408
f 1722 3344 408
f 2156 3344 1722
f 3344 2156 2157
f 1485 1484 3345
f 1723 3345 703
f 1485 3345 1723
f 3345 2157 703
f 1484 3344 3345
f 3345 3344 2157
f 1482 3346 1091
f 3346 1482 1483
f 1091 3346 2154
f 3347 1483 1092
f 1092 2155 3347
f 2155 2154 3347
f 3347 3346 1483
f 2154 3346 3347
f 3348 51 52
f 2132 51 3348
f 3348 3080 2132
f 1424 3349 52
f 3081 3349 1424
f 3081 3080 3349
f 3349 3348 52
f 3080 3348 3349
f 17 3350 18
f 3350 91 2950
f 17 3180 3350
f 3180 91 3350
f 3351 92 18
f 1208 92 3351
f 2951 1208 3351
f 3351 2950 2951
f 18 3350 3351
f 3350 2950 3351
f 2335 3352 1730
f 1731 3353 603
f 1731 1730 3353
f 1730 3352 3353
f 3354 1728 1729
f 1728 3354 2334
f 2334 3354 2335
f 3354 3352 2335
f 3355 1729 603
f 3353 3355 603
f 3353 3352 3355
f 3355 3354 1729
f 3352 3354 3355
f 3356 1265 1133
f 3356 1266 1265
f 2592 3356 1133
f 1134 1266 3357
f 3357 2593 1134
f 2593 3357 2592
f 3357 1266 3356
f 2592 3357 3356
f 3358 686 687
f 686 3358 1091
f 3358 1349 1091
f 1092 3359 687
f 1092 1350 3359
f 1350 1349 3359
f 3359 3358 687
f 1349 3358 3359
f 3360 688 1219
f 3360 1347 1348
f 1678 3360 1219
f 1347 3360 1678
f 689 688 3361
f 3361 1348 1246
f 689 3361 1679
f 1679 3361 1246
f 688 3360 3361
f 3361 3360 1348
f 2334 3362 1315
f 2849 3362 2334
f 3362 2849 2850
f 603 1316 3363
f 1316 1315 3363
f 3363 2850 603
f 1315 3362 3363
f 3363 3362 2850
f 3364 1313 1314
f 1313 3364 2335
f 2335 3364 2851
f 3365 1314 607
f 2852 3365 607
f 2852 2851 3365
f 3365 3364 1314
f 2851 3364 3365
f 3366 536 537
f 536 3366 2039
f 3366 3220 2039
f 3367 537 1913
f 3221 3367 1913
f 3221 3220 3367
f 3367 3366 537
f 3220 3366 3367
f 534 2250 3368
f 2250 3218 3368
f 3368 3218 3219
f 535 534 3369
f 2251 535 3369
f 3369 3219 2251
f 534 3368 3369
f 3369 3368 3219
f 2036 3149 3370
f 3371 3150 561
f 3371 3149 3150
f 3370 3149 3371
f 1074 3373 1073
f 1073 3373 3372
f 199 3374 2390
f 3374 2391 2390
f 2391 3375 200
f 3375 2391 3374
f 3376 1878 1444
f 1444 2204 3376
f 3376 2204 2205
f 1879 1878 3377
f 2673 1879 3377
f 3377 2205 2673
f 1878 3376 3377
f 3377 3376 2205
f 1880 3378 1444
f 3378 1880 1881
f 1444 3378 2206
f 2207 2206 3379
f 3379 1881 2673
f 2673 2207 3379
f 3379 3378 1881
f 2206 3378 3379
f 2978 2036 3380
f 2978 3380 2979
f 2036 3370 3380
f 2979 3381 561
f 561 3381 3371
f 3381 3370 3371
f 2979 3380 3381
f 3380 3370 3381
f 123 3382 2744
f 2744 3382 2430
f 124 3383 123
f 1913 3383 124
f 2431 3383 1913
f 2431 2430 3383
f 3383 3382 123
f 2430 3382 3383
f 3384 2402 1441
f 2403 3385 1523
f 2403 2402 3385
f 2402 3384 3385
f 2400 3386 1447
f 3386 2400 2401
f 2401 2669 3387
f 3387 3386 2401
f 1902 3388 63
f 3388 1902 1903
f 3388 2887 63
f 3389 1903 1020
f 1020 2888 3389
f 2888 2887 3389
f 3389 3388 1903
f 2887 3388 3389
f 2039 3390 1904
f 2885 3390 2039
f 3390 2885 2886
f 1104 1905 3391
f 1905 1904 3391
f 2886 1104 3391
f 1904 3390 3391
f 3391 3390 2886
f 3392 193 194
f 193 3392 2335
f 2335 3392 1013
f 3393 194 607
f 607 1014 3393
f 1014 1013 3393
f 3393 3392 194
f 1013 3392 3393
f 3394 1011 1012
f 2334 3394 195
f 1011 3394 2334
f 196 195 3395
f 1012 1328 3395
f 3395 2547 381
f 1328 2547 3395
f 381 2936 3395
f 3395 2993 196
f 2936 2993 3395
f 195 3394 3395
f 3395 3394 1012
f 1097 1098 3396
f 1097 3396 2743
f 2743 3396 1846
f 1424 3397 1098
f 1847 3397 1424
f 3397 1847 1846
f 1098 3397 3396
f 3396 3397 1846
f 1844 1845 3398
f 3398 1095 2747
f 1844 3398 2747
f 3399 1096 1095
f 1096 3399 2439
f 2439 3399 1845
f 3398 3399 1095
f 1845 3399 3398
f 612 3400 613
f 3400 612 1474
f 613 3400 3401
f 1337 1338 3402
f 3403 2249 2248
f 1338 3403 3402
f 3402 3403 2248
f 2246 2247 3404
f 3404 1335 3182
f 3182 2246 3404
f 3405 1336 1335
f 1336 3405 3183
f 3183 3405 2247
f 3404 3405 1335
f 2247 3405 3404
f 1077 3406 1078
f 3406 1077 2226
f 1078 3407 2227
f 1078 3406 3407
f 1079 3408 1460
f 3409 1079 1080
f 3409 1080 2225
f 3408 1079 3409
f 3410 249 250
f 2131 249 3410
f 3410 1343 2131
f 1344 1343 3411
f 1462 3411 250
f 1344 3411 1462
f 3411 3410 250
f 1343 3410 3411
f 3412 1345 1346
f 1942 3412 251
f 1345 3412 1942
f 252 251 3413
f 252 3413 3027
f 3413 1346 3027
f 251 3412 3413
f 3413 3412 1346
f 3414 1249 346
f 3414 1250 1249
f 2210 3414 346
f 1250 3415 347
f 347 3415 2211
f 2211 3415 2210
f 3415 1250 3414
f 2210 3415 3414
f 1447 291 3416
f 3416 2150 1447
f 2150 3416 2151
f 3417 291 292
f 2257 3417 292
f 2151 3417 2257
f 3416 291 3417
f 2151 3416 3417
f 3418 1620 620
f 2054 2046 3418
f 1478 2076 3418
f 2076 1620 3418
f 3418 2937 1478
f 3418 2046 2937
f 3418 3174 1431
f 3182 2054 3418
f 3183 3182 3418
f 1432 3419 1431
f 3419 621 1621
f 1479 3419 2077
f 3419 1621 2077
f 1479 2938 3419
f 2938 2047 3419
f 3175 3419 1432
f 3419 2047 3183
f 1431 3419 3418
f 3419 3183 3418
f 1654 3420 1444
f 3420 1654 1655
f 3420 2148 1444
f 212 677 3421
f 1581 212 3421
f 1655 1581 3421
f 2149 2148 3421
f 3421 677 2667
f 2667 2149 3421
f 3421 3420 1655
f 2148 3420 3421
f 1474 876 3422
f 3422 3400 1474
f 3400 3422 3401
f 3423 876 877
f 3422 876 3423
f 3401 3422 3423
f 2050 3424 3270
f 62 3271 3425
f 3271 3270 3425
f 3270 3424 3425
f 1063 3426 1064
f 287 3426 2036
f 3426 1063 2036
f 3427 287 288
f 561 3427 288
f 1064 3427 561
f 3426 287 3427
f 1064 3426 3427
f 2037 3428 818
f 3028 3428 2037
f 3428 3028 3029
f 134 819 3429
f 819 818 3429
f 3429 3029 134
f 818 3428 3429
f 3429 3428 3029
f 3430 816 817
f 816 3430 2036
f 2036 3430 3030
f 3431 817 130
f 130 3031 3431
f 3031 3030 3431
f 3431 3430 817
f 3030 3430 3431
f 876 3432 877
f 3432 876 1474
f 877 3432 3433
f 2747 3434 2232
f 2901 3434 2747
f 2901 2902 3434
f 3435 2233 2232
f 2233 3435 2439
f 2439 3435 2902
f 3434 3435 2232
f 2902 3435 3434
f 2234 2235 3436
f 2234 3436 2743
f 2743 3436 2899
f 3437 2235 1424
f 2900 3437 1424
f 3437 2900 2899
f 2235 3437 3436
f 3436 3437 2899
f 3438 157 158
f 1235 157 3438
f 3438 1690 1235
f 1691 1690 3439
f 3439 158 1739
f 1691 3439 1739
f 3439 3438 158
f 1690 3438 3439
f 3440 31 32
f 2131 31 3440
f 3440 2424 2131
f 1112 3441 32
f 2425 3441 1112
f 2425 2424 3441
f 3441 3440 32
f 2424 3440 3441
f 3442 826 827
f 826 3442 2336
f 2336 3442 2710
f 20 3443 995
f 3443 827 995
f 2711 3443 20
f 2711 2710 3443
f 3443 3442 827
f 2710 3442 3443
f 3444 824 2338
f 2338 2712 3444
f 3444 2712 2713
f 825 824 3445
f 2669 825 3445
f 3445 2713 2669
f 824 3444 3445
f 3445 3444 2713
f 1776 2749 3446
f 3446 2749 2750
f 2773 1776 3446
f 3447 847 693
f 1857 847 3447
f 693 2051 3447
f 2051 1777 3447
f 2750 260 3447
f 3447 1777 2774
f 2774 2773 3447
f 260 3128 3447
f 3128 1857 3447
f 3447 3446 2750
f 2773 3446 3447
f 1966 3448 1463
f 3448 1966 1967
f 3448 2825 1463
f 1464 3449 1967
f 2826 3449 1464
f 2826 2825 3449
f 3449 3448 1967
f 2825 3448 3449
f 3450 1964 2373
f 2373 2827 3450
f 3450 2827 2828
f 1965 3451 1462
f 1965 1964 3451
f 3451 2828 1462
f 1964 3450 3451
f 3451 3450 2828
f 414 654 3452
f 356 1572 3452
f 3452 1572 414
f 980 2122 3452
f 654 2124 3452
f 2124 982 3452
f 2763 980 3452
f 3452 982 2763
f 655 415 3453
f 357 851 3453
f 1573 357 3453
f 3453 415 1573
f 653 2123 3453
f 3453 2123 981
f 2125 655 3453
f 3453 983 2125
f 981 2764 3453
f 2764 983 3453
f 3454 259 324
f 692 846 3454
f 850 356 3454
f 3454 1205 89
f 846 1856 3454
f 692 3454 2050
f 3454 2418 1231
f 324 2783 3454
f 3117 61 3454
f 1231 3117 3454
f 3127 259 3454
f 1856 3127 3454
f 89 3178 3454
f 3178 2418 3454
f 3454 61 3210
f 3210 850 3454
f 3246 1205 3454
f 2783 3246 3454
f 3454 3424 2050
f 3454 356 3452
f 3455 3211 62
f 851 3211 3455
f 3425 3455 62
f 3425 3424 3455
f 3453 851 3455
f 3453 3455 3452
f 3424 3454 3455
f 3455 3454 3452
f 670 1337 3456
f 622 1622 3456
f 3456 2010 670
f 2044 2056 3456
f 2074 1480 3456
f 1622 2074 3456
f 2166 199 3456
f 3456 2167 2166
f 3456 2238 2010
f 2056 2238 3456
f 3456 2248 2136
f 3456 1480 2939
f 3456 2939 2044
f 199 3176 3456
f 1337 3402 3456
f 3456 3402 2248
f 3457 1338 671
f 3457 1623 623
f 671 2011 3457
f 2057 2045 3457
f 1481 2075 3457
f 2075 1623 3457
f 2011 2239 3457
f 3457 2239 2057
f 3457 1136 2249
f 3457 2337 351
f 2136 2337 3457
f 3457 2479 2255
f 351 2489 3457
f 2489 2479 3457
f 3457 2537 70
f 2537 3457 2255
f 3457 2940 1481
f 2045 2940 3457
f 3457 3177 2167
f 70 3225 3457
f 3225 1136 3457
f 3403 1338 3457
f 2249 3403 3457
f 3456 2136 3457
f 3456 3457 2167
f 1117 271 3460
f 430 1632 3460
f 1632 2266 3460
f 3460 271 2564
f 2564 430 3460
f 2692 1117 3460
f 3460 2266 3036
f 3036 3037 3460
f 3461 1633 431
f 3461 2267 1633
f 2525 2267 3461
f 2565 272 3461
f 431 2565 3461
f 3461 272 2693
f 3461 2693 2692
f 3037 2525 3461
f 3460 3461 2692
f 3037 3461 3460
f 3462 2522 2690
f 2690 2691 3462
f 3462 3038 2522
f 2523 3463 2209
f 3463 2691 2209
f 3039 3463 2523
f 3463 3039 3038
f 2691 3463 3462
f 3462 3463 3038
f 3464 1830 2133
f 495 1711 3465
f 1711 1182 3465
f 1831 1830 3465
f 3465 1182 2669
f 2669 1831 3465
f 1830 3464 3465
f 3466 988 989
f 988 3466 2744
f 2744 3466 1898
f 1899 1898 3467
f 3467 989 2886
f 2886 1899 3467
f 3467 3466 989
f 1898 3466 3467
f 3468 2559 2558
f 3468 2558 2692
f 3084 3468 2692
f 2559 3469 2693
f 2693 3469 3085
f 3085 3469 3084
f 3469 2559 3468
f 3084 3469 3468
f 3470 1718 1719
f 3470 185 2373
f 2373 1718 3470
f 186 185 3471
f 2375 186 3471
f 2375 3471 1719
f 185 3470 3471
f 3471 3470 1719
f 3472 187 188
f 187 3472 2376
f 2376 3472 1716
f 1717 1716 3473
f 2377 3473 188
f 1717 3473 2377
f 3473 3472 188
f 1716 3472 3473
f 3474 2444 2445
f 2444 3474 2742
f 2742 3474 3000
f 3475 2445 897
f 3001 3475 897
f 3001 3000 3475
f 3475 3474 2445
f 3000 3474 3475
f 2137 3476 2133
f 2137 2512 3476
f 3476 2512 2513
f 2133 3476 2702
f 2703 2702 3477
f 3477 3476 2513
f 2702 3476 3477
f 602 145 3478
f 3478 1141 602
f 1141 3478 1142
f 3479 145 146
f 3479 146 196
f 1142 3479 196
f 3478 145 3479
f 1142 3478 3479
f 3480 59 360
f 362 3480 363
f 3212 59 3480
f 362 3212 3480
f 3481 360 361
f 3481 60 363
f 3120 60 3481
f 361 3120 3481
f 3480 360 3481
f 363 3480 3481
f 3482 1037 1038
f 2336 1037 3482
f 3483 1038 2265
f 3483 3482 1038
f 3484 1035 2338
f 1036 1035 3485
f 1036 3485 1913
f 1035 3484 3485
f 3486 3137 3156
f 787 1603 3487
f 3487 553 2079
f 2079 787 3487
f 164 2810 3487
f 2810 553 3487
f 3487 2999 164
f 2739 2999 3487
f 3487 1603 3138
f 3138 3137 3487
f 3137 3486 3487
f 2286 3488 2036
f 3488 2286 2287
f 3488 2694 2036
f 3489 2287 130
f 2695 3489 130
f 2695 2694 3489
f 3489 3488 2287
f 2694 3488 3489
f 3490 2284 2037
f 2037 2696 3490
f 3490 2696 2697
f 134 2285 3491
f 2285 2284 3491
f 134 3491 2697
f 2284 3490 3491
f 3491 3490 2697
f 3492 673 672
f 102 3493 101
f 101 3493 3492
f 3493 673 3492
f 3494 376 2336
f 3482 3494 2336
f 3494 3482 3483
f 377 376 3495
f 377 3495 2265
f 2265 3495 3483
f 376 3494 3495
f 3495 3494 3483
f 3496 372 373
f 2338 372 3496
f 3496 3484 2338
f 3497 373 1913
f 1913 3485 3497
f 3485 3484 3497
f 3497 3496 373
f 3484 3496 3497
f 2373 3498 1269
f 1270 1269 3499
f 1270 3499 2375
f 2375 3499 2377
f 1269 3498 3499
f 3500 1271 1272
f 1271 3500 2373
f 3500 3498 2373
f 2377 3501 1272
f 3499 3501 2377
f 3499 3498 3501
f 3501 3500 1272
f 3498 3500 3501
f 412 3502 413
f 3502 412 2400
f 2839 3502 2400
f 413 3503 1501
f 1501 3503 829
f 3503 2840 829
f 3503 2839 2840
f 413 3502 3503
f 3502 2839 3503
f 3504 1059 2039
f 1060 1059 3505
f 1060 3505 1913
f 1059 3504 3505
f 3506 1057 1058
f 1057 3506 2250
f 2251 3507 1058
f 3507 3506 1058
f 864 865 3508
f 1319 3508 227
f 864 3508 1319
f 3509 228 227
f 1320 228 3509
f 3509 865 1320
f 3508 3509 227
f 865 3509 3508
f 225 226 3510
f 1317 225 3510
f 3510 866 1317
f 3511 867 866
f 3511 226 1318
f 1318 867 3511
f 226 3511 3510
f 3510 3511 866
f 2122 652 3512
f 3452 2122 3512
f 3453 3452 3512
f 417 653 3513
f 3513 653 3453
f 3453 3512 3513
f 3176 3177 3514
f 3514 622 3456
f 3456 3176 3514
f 3515 623 622
f 623 3515 3457
f 3515 3177 3457
f 3514 3515 622
f 3177 3515 3514
f 620 621 3516
f 620 3516 3418
f 3516 3174 3418
f 3517 3175 3174
f 3517 621 3419
f 3175 3517 3419
f 621 3517 3516
f 3516 3517 3174
f 3518 1223 1468
f 2302 3518 1468
f 3518 2302 2303
f 1224 1223 3519
f 1224 3519 1469
f 1469 3519 2303
f 1223 3518 3519
f 3519 3518 2303
f 3520 1221 1222
f 1221 3520 1465
f 3520 2304 1465
f 3521 1222 1467
f 2305 3521 1467
f 2305 2304 3521
f 3521 3520 1222
f 2304 3520 3521
f 3522 1486 1487
f 2039 3522 854
f 1486 3522 2039
f 807 855 3523
f 855 854 3523
f 3523 1487 807
f 854 3522 3523
f 3523 3522 1487
f 856 3524 63
f 3524 856 857
f 3524 1486 63
f 807 3525 857
f 1487 3525 807
f 1487 1486 3525
f 3525 3524 857
f 1486 3524 3525
f 3526 12 11
f 656 306 3526
f 2212 1752 3526
f 1752 2355 3526
f 3526 2355 2182
f 306 3206 3526
f 3526 3206 2212
f 307 657 3527
f 2183 901 3527
f 2183 3527 2182
f 1753 2213 3527
f 901 2356 3527
f 3527 2356 1753
f 3527 3207 307
f 2213 3207 3527
f 3526 3527 12
f 3527 3526 2182
f 3528 1945 1944
f 3373 3529 3372
f 3529 1945 3528
f 3372 3529 3528
f 1039 1041 3530
f 3530 1439 1259
f 1039 3530 2137
f 3531 1259 1260
f 497 1665 3531
f 1713 497 3531
f 1180 1713 3531
f 1260 1997 3531
f 3531 2679 1180
f 1997 2679 3531
f 3531 3530 1259
f 2498 3532 1413
f 3533 1414 1413
f 1424 1414 3533
f 3532 3533 1413
f 3534 1830 1831
f 1830 3534 2133
f 2133 3534 1992
f 1993 1992 3535
f 3535 1831 2669
f 1993 3535 2669
f 3535 3534 1831
f 1992 3534 3535
f 3536 2310 2311
f 3536 187 2376
f 2376 2310 3536
f 188 187 3537
f 188 3537 2377
f 3537 2311 2377
f 187 3536 3537
f 3537 3536 2311
f 3538 185 186
f 185 3538 2373
f 2373 3538 2312
f 2313 2312 3539
f 3539 186 2375
f 2313 3539 2375
f 3539 3538 186
f 2312 3538 3539
f 1263 1264 3540
f 1263 3540 1317
f 1317 3540 1978
f 3541 1264 1318
f 3541 1318 1979
f 3541 1979 1978
f 1264 3541 3540
f 3540 3541 1978
f 3542 1261 1319
f 1976 3542 1319
f 1976 1977 3542
f 3543 1262 1261
f 1320 1262 3543
f 3543 1977 1320
f 3542 3543 1261
f 1977 3543 3542
f 3544 195 196
f 195 3544 2334
f 3544 2550 2334
f 196 1192 3545
f 1192 1653 3545
f 2551 3545 1378
f 2551 2550 3545
f 2633 613 3545
f 3545 1653 2633
f 613 3401 3545
f 3545 3423 877
f 3401 3423 3545
f 877 3433 3545
f 3545 3544 196
f 2550 3544 3545
f 3546 193 2335
f 2335 2552 3546
f 3546 2552 2553
f 194 193 3547
f 194 3547 607
f 607 3547 2553
f 193 3546 3547
f 3547 3546 2553
f 2131 3548 1684
f 1685 3549 1162
f 1685 1684 3549
f 1684 3548 3549
f 1600 3550 2036
f 2036 3550 3334
f 3334 3550 3335
f 3551 1601 1178
f 3551 1600 1601
f 1178 3335 3551
f 3550 1600 3551
f 3335 3550 3551
f 346 3552 1133
f 1249 3552 346
f 3552 2708 1133
f 3552 2709 2708
f 347 3553 1250
f 1250 3553 1249
f 2709 3553 347
f 1249 3553 3552
f 3553 2709 3552
f 3554 418 419
f 418 3554 2373
f 3554 1544 2373
f 3555 419 1462
f 1545 3555 1462
f 1545 1544 3555
f 3555 3554 419
f 1544 3554 3555
f 3556 420 1463
f 1546 3556 1463
f 3556 1546 1547
f 421 420 3557
f 1464 421 3557
f 3557 1547 1464
f 420 3556 3557
f 3557 3556 1547
f 3558 724 725
f 724 3558 2742
f 2742 3558 2624
f 2625 2624 3559
f 2776 3559 725
f 2776 2625 3559
f 3559 3558 725
f 2624 3558 3559
f 3560 2626 2627
f 2743 3560 726
f 2626 3560 2743
f 727 726 3561
f 727 3561 2405
f 2405 3561 2627
f 726 3560 3561
f 3561 3560 2627
f 3562 1177 1178
f 3562 574 2036
f 2036 1177 3562
f 575 574 3563
f 3563 1178 2013
f 575 3563 3249
f 3249 3563 2013
f 574 3562 3563
f 3563 3562 1178
f 3564 572 573
f 572 3564 2037
f 3564 1175 2037
f 134 3565 887
f 1176 3565 134
f 1176 1175 3565
f 3565 573 2898
f 2942 387 3565
f 2942 3565 2898
f 387 2963 3565
f 3565 3112 887
f 3565 2963 3112
f 3565 3564 573
f 1175 3564 3565
f 3159 1574 3566
f 3566 3172 3159
f 3172 3566 3173
f 3567 1574 1575
f 3566 1574 3567
f 3173 3566 3567
f 3568 1998 1441
f 1441 2402 3568
f 3568 2402 2403
f 1523 1999 3569
f 1999 1998 3569
f 3569 2403 1523
f 1998 3568 3569
f 3569 3568 2403
f 3570 2000 2001
f 2000 3570 2668
f 2401 2400 3571
f 3571 2001 2669
f 2401 3571 2669
f 3571 3570 2001
f 2400 3570 3571
f 3572 1085 1086
f 1085 3572 2133
f 2133 3572 3464
f 1086 1040 3573
f 1667 495 3573
f 1438 1667 3573
f 3573 495 3465
f 3465 3464 3573
f 3573 3572 1086
f 3464 3572 3573
f 287 3574 288
f 2036 3574 287
f 2128 3574 2036
f 3575 1178 288
f 3575 2129 1178
f 3575 2128 2129
f 288 3574 3575
f 3574 2128 3575
f 2730 3576 199
f 3576 3374 199
f 3576 3375 3374
f 3577 2731 200
f 2731 3577 2730
f 200 3375 3577
f 2730 3577 3576
f 3577 3375 3576
f 273 3578 274
f 3578 273 3159
f 3172 3578 3159
f 3579 3172 3173
f 274 3578 3579
f 3578 3172 3579
f 1474 1377 3580
f 3580 3432 1474
f 3432 3580 3433
f 3581 1377 1378
f 3545 3581 1378
f 3433 3581 3545
f 3580 1377 3581
f 3433 3580 3581
f 748 3582 749
f 748 1099 3582
f 749 3583 1100
f 749 3582 3583
f 197 3584 680
f 3584 681 680
f 1596 3584 197
f 681 3585 198
f 3585 1597 198
f 1597 3585 1596
f 3585 681 3584
f 1596 3585 3584
f 3586 1758 3153
f 1615 1276 3587
f 3587 1276 1759
f 1759 1758 3587
f 3587 2063 735
f 2362 2063 3587
f 735 2896 3587
f 2896 1615 3587
f 1758 3586 3587
f 3588 1760 1761
f 1760 3588 3159
f 3589 1761 1913
f 3589 3588 1761
f 3590 438 439
f 438 3590 2742
f 2742 3590 1121
f 1122 3591 919
f 1122 1121 3591
f 3591 439 1462
f 919 3591 1462
f 3591 3590 439
f 1121 3590 3591
f 3592 1119 1120
f 3592 440 2743
f 1119 3592 2743
f 441 440 3593
f 441 3593 2405
f 3593 1120 2405
f 440 3592 3593
f 3593 3592 1120
f 3594 3082 3083
f 3594 175 3153
f 3082 3594 3153
f 176 175 3595
f 403 176 3595
f 2467 403 3595
f 3595 2387 2467
f 3116 2387 3595
f 3083 3116 3595
f 175 3594 3595
f 3595 3594 3083
f 1367 1368 3596
f 2498 3596 690
f 1367 3596 2498
f 3597 691 690
f 1424 691 3597
f 3597 1368 1424
f 3596 3597 690
f 1368 3597 3596
f 3598 1420 1419
f 1321 3598 2690
f 3598 1419 2690
f 1322 3599 1321
f 3599 1322 2691
f 1420 3599 2691
f 1321 3599 3598
f 3599 1420 3598
f 1089 2452 3600
f 3600 2452 2453
f 3601 2453 1090
f 3601 3600 2453
f 3602 2454 1089
f 1089 3600 3602
f 3602 3600 3601
f 1090 2455 3603
f 2455 2454 3603
f 3603 3601 1090
f 2454 3602 3603
f 3603 3602 3601
f 3604 328 329
f 328 3604 1465
f 1465 3604 936
f 937 936 3605
f 1467 3605 329
f 937 3605 1467
f 3605 3604 329
f 936 3604 3605
f 3606 934 935
f 1468 3606 326
f 934 3606 1468
f 327 326 3607
f 327 3607 1469
f 3607 935 1469
f 326 3606 3607
f 3607 3606 935
f 3608 2184 1441
f 991 3609 1523
f 1523 3609 1565
f 991 2185 3609
f 2185 2184 3609
f 2184 3608 3609
f 3610 2186 2187
f 2186 3610 2740
f 1268 3611 290
f 3611 2187 290
f 3611 3610 2187
f 320 321 3612
f 320 3612 2522
f 3612 1429 2522
f 3613 1430 1429
f 2523 3613 321
f 2523 1430 3613
f 321 3613 3612
f 3612 3613 1429
f 1427 1428 3614
f 2524 3614 318
f 1427 3614 2524
f 3615 319 318
f 319 3615 2525
f 3615 1428 2525
f 3614 3615 318
f 1428 3615 3614
f 1876 1131 3616
f 3616 1877 1876
f 1131 2700 3616
f 1877 3617 1132
f 3617 2701 1132
f 2701 3617 2700
f 3617 1877 3616
f 2700 3617 3616
f 3618 514 515
f 514 3618 2131
f 3618 3458 2131
f 3619 515 1112
f 3459 3619 1112
f 3459 3458 3619
f 3619 3618 515
f 3458 3618 3619
f 3620 2815 3153
f 2816 3621 2245
f 2816 2815 3621
f 2815 3620 3621
f 2813 3622 1912
f 3622 2813 2814
f 3623 2814 1913
f 3623 3622 2814
f 3624 175 176
f 3153 175 3624
f 3624 1800 3153
f 3625 176 403
f 1801 3625 403
f 1801 1800 3625
f 3625 3624 176
f 1800 3624 3625
f 3626 2172 1235
f 1235 3314 3626
f 3626 3314 3315
f 2173 3627 521
f 2173 2172 3627
f 521 3627 3315
f 2172 3626 3627
f 3627 3626 3315
f 3628 2174 2175
f 2174 3628 2740
f 2740 3628 3316
f 3629 2175 1240
f 3317 3629 1240
f 3317 3316 3629
f 3629 3628 2175
f 3316 3628 3629
f 3630 2909 2740
f 2740 3610 3630
f 3630 3610 3611
f 2910 3631 1268
f 2910 2909 3631
f 3631 3611 1268
f 2909 3630 3631
f 3631 3630 3611
f 1441 2911 3632
f 3632 2911 2912
f 3632 3608 1441
f 1565 3633 2912
f 3609 3633 1565
f 3609 3608 3633
f 3633 3632 2912
f 3608 3632 3633
f 2022 3634 1235
f 3634 2022 2023
f 1235 3634 3002
f 661 3635 2023
f 3003 3635 661
f 3003 3002 3635
f 3635 3634 2023
f 3002 3634 3635
f 3636 1113 1114
f 3636 582 1465
f 1465 1113 3636
f 583 582 3637
f 1467 583 3637
f 3637 1114 1467
f 582 3636 3637
f 3637 3636 1114
f 3638 584 585
f 1468 584 3638
f 3638 1115 1468
f 1116 1115 3639
f 3639 585 1469
f 3639 1469 1116
f 3639 3638 585
f 1115 3638 3639
f 3640 9 2131
f 2131 3458 3640
f 3640 3458 3459
f 10 9 3641
f 10 3641 1112
f 1112 3641 3459
f 9 3640 3641
f 3641 3640 3459
f 3642 330 331
f 1441 330 3642
f 3642 3384 1441
f 1523 3643 331
f 3385 3643 1523
f 3385 3384 3643
f 3643 3642 331
f 3384 3642 3643
f 1447 3644 332
f 3386 3644 1447
f 3644 3386 3387
f 333 332 3645
f 3645 2159 2830
f 2830 2985 3645
f 332 3644 3645
f 3645 3644 3387
f 3646 434 2132
f 3250 3646 2132
f 3646 3250 3251
f 435 434 3647
f 435 3647 1424
f 3647 3251 1424
f 434 3646 3647
f 3647 3646 3251
f 3131 3648 2132
f 3131 3132 3648
f 2132 3648 3170
f 3649 3132 2463
f 2463 3171 3649
f 3649 3171 3170
f 3132 3649 3648
f 3648 3649 3170
f 3650 3133 2136
f 3168 3650 2136
f 3168 3169 3650
f 3651 3134 3133
f 3650 3651 3133
f 3169 3651 3650
f 3652 396 508
f 2378 3652 2379
f 3653 508 509
f 3653 397 2379
f 3033 397 3653
f 509 3033 3653
f 3652 508 3653
f 2379 3652 3653
f 43 3654 890
f 890 3654 2724
f 2724 3654 2725
f 3655 43 44
f 3655 44 891
f 891 2725 3655
f 3654 43 3655
f 2725 3654 3655
f 45 3656 46
f 3656 788 2722
f 45 3018 3656
f 3018 788 3656
f 889 46 3657
f 2723 889 3657
f 3657 2722 2723
f 46 3656 3657
f 3656 2722 3657
f 3658 566 567
f 1441 566 3658
f 3658 2482 1441
f 2483 2482 3659
f 3659 567 2802
f 2802 2483 3659
f 3659 3658 567
f 2482 3658 3659
f 1444 3660 568
f 2480 3660 1444
f 3660 2480 2481
f 569 568 3661
f 569 3661 2667
f 3661 2481 2667
f 568 3660 3661
f 3661 3660 2481
f 1131 1132 3662
f 1990 101 3662
f 3662 1692 1990
f 3662 11 2432
f 3662 672 2944
f 3662 2944 1131
f 3050 1692 3662
f 2432 3050 3662
f 101 3492 3662
f 3492 672 3662
f 3526 11 3662
f 656 3526 3662
f 3663 657 656
f 3663 102 1991
f 1991 1693 3663
f 3663 2433 12
f 1132 2701 3663
f 3663 2945 673
f 2701 2945 3663
f 1693 3051 3663
f 3663 3051 2433
f 3493 102 3663
f 673 3493 3663
f 3527 3663 12
f 657 3663 3527
f 3662 3663 656
f 1132 3663 3662
f 468 265 3664
f 658 659 3664
f 265 1073 3664
f 468 3664 1452
f 3664 1133 1452
f 658 3664 1672
f 1672 3664 2566
f 3664 1944 2787
f 3664 2787 2566
f 3664 1073 3372
f 3528 1944 3664
f 3372 3528 3664
f 266 469 3665
f 3665 659 351
f 1074 266 3665
f 3665 1134 1133
f 3665 469 1453
f 3665 1453 1134
f 1673 3665 351
f 1673 2567 3665
f 3665 2788 1945
f 2567 2788 3665
f 3665 3373 1074
f 1945 3529 3665
f 3529 3373 3665
f 659 3665 3664
f 3664 3665 1133
f 1460 576 3666
f 3667 576 577
f 2225 3667 577
f 3666 576 3667
f 578 3668 579
f 2226 3668 578
f 579 3669 2227
f 579 3668 3669
f 3156 3670 3486
f 3671 359 429
f 1044 359 3671
f 1747 1044 3671
f 1575 1747 3671
f 429 2193 3671
f 2193 2739 3671
f 3671 2739 3487
f 3487 3486 3671
f 3567 1575 3671
f 3671 3173 3567
f 3579 3173 3671
f 3486 3670 3671
f 1854 3672 1496
f 3672 1854 1855
f 1496 3672 2406
f 2407 2406 3673
f 2545 2407 3673
f 1855 2834 3673
f 2834 2545 3673
f 3673 3672 1855
f 2406 3672 3673
f 3582 3674 3583
f 3675 63 64
f 3675 64 1839
f 3674 63 3675
f 3583 3674 3675
f 3676 416 235
f 652 416 3676
f 3512 652 3676
f 3512 3676 3513
f 3677 235 236
f 236 1571 3677
f 1571 417 3677
f 3677 417 3513
f 3676 235 3677
f 3513 3676 3677
f 1133 49 3678
f 3678 1974 1133
f 3678 1975 1974
f 50 3679 49
f 1134 3679 50
f 1975 3679 1134
f 49 3679 3678
f 3679 1975 3678
f 3680 1836 1460
f 1836 3680 1837
f 3408 3680 1460
f 1837 3681 2225
f 2225 3681 3409
f 3681 3408 3409
f 1837 3680 3681
f 3680 3408 3681
f 1834 3682 2226
f 2226 3682 3406
f 3406 3682 3407
f 3683 1834 1835
f 2227 3683 1835
f 3407 3683 2227
f 3682 1834 3683
f 3407 3682 3683
f 3684 1494 1495
f 606 2131 3684
f 2131 1494 3684
f 607 3685 178
f 607 606 3685
f 178 3685 1495
f 606 3684 3685
f 3685 3684 1495
f 3686 2014 2015
f 3686 804 2742
f 2014 3686 2742
f 805 804 3687
f 804 3686 3687
f 3687 3686 2015
f 3688 2976 2977
f 2976 3688 3156
f 3156 3688 3004
f 565 3689 104
f 3689 2977 104
f 3005 3689 565
f 3005 3004 3689
f 3689 3688 2977
f 3004 3688 3689
f 3155 3690 3156
f 3690 3670 3156
f 286 274 3691
f 2423 619 3691
f 3136 286 3691
f 3691 571 3136
f 3691 274 3579
f 3691 3579 3671
f 3671 3670 3691
f 3670 3690 3691
f 3155 3692 3690
f 3691 3690 3692
f 3694 2423 3691
f 3691 3692 3694
f 3159 3695 3155
f 3695 3692 3155
f 3693 3695 3159
f 3692 3695 3694
f 3694 3695 3693
f 3696 1864 1865
f 1864 3696 2131
f 3696 3548 2131
f 1162 3697 1865
f 3549 3697 1162
f 3549 3548 3697
f 3697 3696 1865
f 3548 3696 3697
f 618 3698 619
f 570 3698 3159
f 3159 3698 618
f 3699 570 571
f 3699 571 3691
f 619 3699 3691
f 3698 570 3699
f 619 3698 3699
f 1704 1705 3700
f 1704 3700 2498
f 3700 3532 2498
f 3701 1705 1424
f 3533 3701 1424
f 3701 3533 3532
f 1705 3701 3700
f 3700 3701 3532
f 27 3702 28
f 3702 27 2382
f 2382 774 3702
f 56 28 3703
f 3703 775 56
f 3703 774 775
f 28 3702 3703
f 3702 774 3703
f 29 3704 57
f 3704 772 57
f 772 3704 773
f 3705 29 30
f 3705 30 58
f 58 773 3705
f 3704 29 3705
f 773 3704 3705
f 1109 3706 1110
f 1123 3706 1109
f 1110 3707 1026
f 1026 3707 1124
f 3707 1123 1124
f 1110 3706 3707
f 3706 1123 3707
f 2131 3708 2526
f 3090 661 3708
f 3090 3708 2131
f 523 805 3709
f 38 1941 3709
f 3709 1941 507
f 2015 38 3709
f 861 2067 3709
f 2383 3709 661
f 3709 2383 861
f 3709 2517 523
f 2447 2517 3709
f 2527 2526 3709
f 805 3687 3709
f 3709 3687 2015
f 661 3709 3708
f 2526 3708 3709
f 3710 2446 2447
f 3710 2066 2742
f 2742 2446 3710
f 2067 2066 3711
f 2067 3711 3709
f 3711 2447 3709
f 2066 3710 3711
f 3711 3710 2447
f 882 883 3712
f 2743 882 3712
f 3712 2797 2743
f 1424 3713 883
f 2798 3713 1424
f 3713 2798 2797
f 883 3713 3712
f 3712 3713 2797
f 2747 3714 884
f 2795 3714 2747
f 2795 2796 3714
f 3715 885 884
f 389 3715 931
f 1382 3715 533
f 885 3715 1382
f 1525 1032 3715
f 389 1589 3715
f 1589 753 3715
f 3715 1889 533
f 3715 1032 1889
f 753 1897 3715
f 3715 1897 1366
f 1981 459 3715
f 3715 459 2719
f 2719 1525 3715
f 3715 2796 931
f 1366 3134 3715
f 3169 1981 3715
f 3134 3651 3715
f 3715 3651 3169
f 3714 3715 884
f 2796 3715 3714
f 3716 398 399
f 398 3716 1089
f 1089 3716 1091
f 3716 1391 1091
f 1090 3717 399
f 1392 3717 1090
f 1392 1391 3717
f 3717 3716 399
f 1391 3716 3717
f 3718 1393 1394
f 1393 3718 2378
f 3718 396 3652
f 2378 3718 3652
f 397 396 3719
f 3719 1394 371
f 2379 3719 371
f 397 3719 2379
f 396 3718 3719
f 3719 3718 1394
f 1439 33 3720
f 3720 2343 1439
f 2343 3720 2344
f 3721 33 34
f 34 839 3721
f 839 1947 3721
f 3721 1947 2344
f 3720 33 3721
f 2344 3720 3721
f 3159 87 3722
f 3722 3693 3159
f 3694 3693 3722
f 3723 87 88
f 3723 88 2423
f 3694 3723 2423
f 3722 87 3723
f 3694 3722 3723
f 1331 3724 1332
f 2260 3724 1331
f 2218 3724 2260
f 56 1332 3725
f 2219 56 3725
f 3725 2218 2219
f 1332 3724 3725
f 3724 2218 3725
f 1333 3726 57
f 3726 2216 57
f 2216 3726 2217
f 3727 1334 58
f 3727 1333 1334
f 2217 3727 58
f 3726 1333 3727
f 2217 3726 3727
f 3728 1437 1438
f 3728 1039 2137
f 2137 1437 3728
f 1040 1039 3729
f 1040 3729 3573
f 3573 3729 1438
f 1039 3728 3729
f 3729 3728 1438
f 3730 1041 1042
f 1041 3730 3530
f 3730 1439 3530
f 3731 1042 1086
f 1440 1439 3731
f 1440 3731 2203
f 3731 2513 2575
f 3731 1086 2703
f 2203 3731 2782
f 3731 2575 2782
f 3477 2513 3731
f 2703 3477 3731
f 3731 3730 1042
f 1439 3730 3731
f 728 3732 858
f 3732 1962 1963
f 3732 2614 858
f 2919 3732 728
f 1962 3732 2919
f 1963 797 3733
f 3733 729 2615
f 2615 2614 3733
f 3733 2920 729
f 797 2920 3733
f 3733 3732 1963
f 2614 3732 3733
f 3734 1960 2039
f 2616 3734 2039
f 3734 2616 2617
f 1961 3735 1913
f 1961 1960 3735
f 1913 3735 2617
f 1960 3734 3735
f 3735 3734 2617
f 810 3736 1458
f 1458 3736 2226
f 3736 3668 2226
f 3668 3736 3669
f 3737 810 811
f 3737 811 1459
f 2227 3737 1459
f 3669 3737 2227
f 3736 810 3737
f 3669 3736 3737
f 808 3738 809
f 3738 808 1460
f 3666 3738 1460
f 809 3739 1457
f 1457 3739 2225
f 3739 3667 2225
f 3739 3666 3667
f 809 3738 3739
f 3738 3666 3739
f 3740 1127 1128
f 2334 1127 3740
f 3740 2198 2334
f 603 3741 1128
f 2199 3741 603
f 2199 2198 3741
f 3741 3740 1128
f 2198 3740 3741
f 3742 2200 2201
f 3742 1125 2335
f 2335 2200 3742
f 1126 3743 607
f 1126 1125 3743
f 607 3743 2201
f 1125 3742 3743
f 3743 3742 2201
f 608 609 3744
f 2743 608 3744
f 3744 1295 2743
f 3745 1296 1295
f 1424 3745 609
f 1296 3745 1424
f 609 3745 3744
f 3744 3745 1295
f 1297 1298 3746
f 3746 610 2747
f 2747 1297 3746
f 611 3747 351
f 3747 611 610
f 351 3747 1298
f 3746 3747 610
f 1298 3747 3746
f 2400 2158 3748
f 2669 2668 3748
f 3570 2400 3748
f 2668 3570 3748
f 3749 2158 2159
f 2669 3749 3387
f 3749 2159 3645
f 3387 3749 3645
f 3748 2158 3749
f 2669 3748 3749
f 3750 77 78
f 77 3750 3078
f 3750 2761 3078
f 2762 2761 3751
f 3079 3751 78
f 2762 3751 3079
f 3751 3750 78
f 2761 3750 3751
f 3752 75 1093
f 2759 3752 1093
f 3752 2759 2760
f 76 75 3753
f 76 3753 1092
f 3753 2760 1092
f 75 3752 3753
f 3753 3752 2760
f 1508 3754 1439
f 3754 1680 1439
f 1680 3754 1681
f 3755 1508 1509
f 3755 2631 1681
f 1509 3102 3755
f 3102 2631 3755
f 3754 1508 3755
f 1681 3754 3755
f 2137 3756 2202
f 3530 3756 2137
f 1665 1440 3757
f 3757 1440 2203
f 2203 2202 3757
f 3531 1665 3757
f 3531 3757 3530
f 2202 3756 3757
f 3757 3756 3530
f 3159 3758 3113
f 3159 3588 3758
f 3758 3588 3589
f 3114 3759 1913
f 3114 3113 3759
f 3759 3589 1913
f 3113 3758 3759
f 3759 3758 3589
f 3760 3115 3116
f 3115 3760 3153
f 3153 3760 3586
f 2362 3761 3053
f 3053 3761 3083
f 3761 3116 3083
f 3761 2362 3587
f 3587 3586 3761
f 3761 3760 3116
f 3586 3760 3761
f 3762 1882 748
f 2176 1882 3762
f 2176 3762 2177
f 3763 748 749
f 3763 749 1100
f 1100 1883 3763
f 1883 2177 3763
f 3762 748 3763
f 2177 3762 3763
f 3764 1840 1841
f 3764 1101 2039
f 2039 1840 3764
f 1102 1101 3765
f 1913 1102 3765
f 3765 1841 1913
f 1101 3764 3765
f 3765 3764 1841
f 3766 1099 1100
f 3766 1838 63
f 1099 3766 3582
f 3674 3766 63
f 3582 3766 3674
f 1839 1838 3767
f 1100 3583 3767
f 3767 3675 1839
f 3583 3675 3767
f 3767 3766 1100
f 1838 3766 3767
f 3768 614 615
f 614 3768 3153
f 3768 3620 3153
f 337 601 3769
f 3769 601 1130
f 3769 615 1461
f 3769 943 1611
f 1611 1749 3769
f 2555 943 3769
f 1461 2555 3769
f 3769 2581 1252
f 1749 2581 3769
f 2808 525 3769
f 1252 2808 3769
f 1130 2918 3769
f 2245 3769 2981
f 3769 2918 2981
f 3199 337 3769
f 3769 525 3199
f 3621 3769 2245
f 3621 3620 3769
f 3769 3768 615
f 3620 3768 3769
f 1912 3770 616
f 1912 3622 3770
f 3770 3622 3623
f 617 616 3771
f 1913 617 3771
f 3771 3623 1913
f 616 3770 3771
f 3771 3770 3623
f 3772 1543 1542
f 159 3772 2692
f 2692 3772 1542
f 160 3773 159
f 3773 160 2693
f 2693 1543 3773
f 159 3773 3772
f 3773 1543 3772
f 814 3774 815
f 205 3774 3012
f 3774 814 3012
f 3775 205 206
f 3013 3775 206
f 815 3775 3013
f 3774 205 3775
f 815 3774 3775
f 207 3776 208
f 3776 207 2218
f 812 3776 2218
f 3777 812 813
f 208 3777 3011
f 3777 813 3011
f 208 3776 3777
f 3776 812 3777
f 2658 3778 2522
f 2658 2659 3778
f 3778 2970 2522
f 3779 2659 2523
f 2971 3779 2523
f 3779 2971 2970
f 2659 3779 3778
f 3778 3779 2970
f 2524 3780 2660
f 2968 3780 2524
f 2968 2969 3780
f 2525 2661 3781
f 3781 2661 2660
f 3781 2969 2525
f 3780 3781 2660
f 2969 3781 3780
f 3782 223 224
f 2131 223 3782
f 3782 896 2131
f 897 896 3783
f 3783 3782 224
f 896 3782 3783
f 2514 3784 2400
f 2400 3784 2984
f 2984 3784 2985
f 3785 2515 333
f 3785 2514 2515
f 3645 3785 333
f 2985 3785 3645
f 3784 2514 3785
f 2985 3784 3785
f 3786 700 701
f 2742 3786 506
f 700 3786 2742
f 507 506 3787
f 3787 701 897
f 224 2053 3787
f 2121 879 3787
f 2053 2121 3787
f 3787 879 2527
f 507 3787 3709
f 3709 3787 2527
f 3783 224 3787
f 3783 3787 897
f 506 3786 3787
f 3787 3786 701
f 113 3788 114
f 3788 113 2722
f 2923 3788 2722
f 2225 114 3789
f 3789 2924 2225
f 3789 2923 2924
f 114 3788 3789
f 3788 2923 3789
f 115 3790 2226
f 3790 2921 2226
f 2921 3790 2922
f 3791 115 116
f 3791 116 2227
f 2922 3791 2227
f 3790 115 3791
f 2922 3790 3791
f 3290 3792 2131
f 3792 3290 3291
f 3792 3342 2131
f 1462 3793 3291
f 3343 3793 1462
f 3343 3342 3793
f 3793 3792 3291
f 3342 3792 3793
f 3794 3292 1942
f 3340 3794 1942
f 3794 3340 3341
f 3293 3795 2870
f 3293 3292 3795
f 2870 3795 3341
f 3292 3794 3795
f 3795 3794 3341
f 3796 2468 2036
f 3030 3796 2036
f 3796 3030 3031
f 2469 3797 130
f 2469 2468 3797
f 3797 3031 130
f 2468 3796 3797
f 3797 3796 3031
f 2037 2470 3798
f 3798 2470 2471
f 3798 3028 2037
f 134 3799 2471
f 3029 3799 134
f 3029 3028 3799
f 3799 3798 2471
f 3028 3798 3799
f 3800 1303 2250
f 3506 3800 2250
f 3800 3506 3507
f 1304 1303 3801
f 1304 3801 2251
f 3801 3507 2251
f 1303 3800 3801
f 3801 3800 3507
f 3802 1301 1302
f 1301 3802 2039
f 2039 3802 3504
f 1913 3803 1302
f 3505 3803 1913
f 3505 3504 3803
f 3803 3802 1302
f 3504 3802 3803
