2646 5304
v -0.03050872046 0.7477071772 -0.632335191
v 0.200263091 -0.6314967206 -0.7273863529
v -0.2918717542 -0.4802345015 0.4666335539
v -0.407257671 0.2093674265 0.5141591557
v -0.4225156346 0.3011187586 0.5076664719
v 0.1719546387 -0.2602045957 0.6082579376
v 0.05656872704 0.4293973323 0.6557835394
v -0.3098506216 -0.3753563649 0.4380275245
v -0.4634383188 0.5863455944 0.657944732
v -0.232666506 -0.7928583452 0.5628935701
v -0.4611295073 0.5866758363 0.6587584739
v -0.2303576946 -0.7925281033 0.5637073538
v -0.30260821 -0.4172714876 0.4790591894
v -0.2984589032 -0.4431065923 0.4821255189
v -0.4138447156 0.2464954819 0.5296511208
v 0.2489515364 -0.2288633769 0.4223133792
v 0.1335656404 0.460738572 0.4698389393
v -0.4179921218 0.2723178464 0.5265889266
v -0.2986066266 -0.4422238864 0.4821921855
v -0.2986044127 -0.4422374202 0.4821912666
v -0.3021799732 -0.4722086947 0.3530324515
v -0.41756589 0.2173932542 0.4005580116
v 0.2614627608 -0.4947890406 0.4585695683
v 0.1460768544 0.1948128874 0.5060951701
v 0.2135408978 -0.2083849713 0.4783078534
v 0.09815499143 0.4812169567 0.5258334135
v 0.221091726 -0.2106702448 0.4647295874
v 0.1057058196 0.4789317041 0.5122551893
v 0.2675604575 -0.4883897151 0.4455898397
v 0.1521745616 0.201212192 0.4931154416
v 0.2847643884 -0.2774497546 0.3802575716
v 0.1693784924 0.4121521943 0.4277831317
v -0.05732835455 0.7434890526 -0.6362442516
v 0.1734434635 -0.6357148452 -0.7312953717
v -0.4139914156 0.2473711912 0.5297178292
v -0.6009740264 0.5983584901 0.1497175568
v -0.3702021928 -0.7808454077 0.05466640013
v 0.2755880187 -0.2611502089 0.38984595
v 0.1602021019 0.4284517609 0.4373715519
v 0.1996785678 -0.454708252 0.61607656
v 0.08429267182 0.2348937178 0.6636021618
v -0.2927815695 -0.4752403543 0.4704998409
v -0.4081674863 0.2143615737 0.5180254427
v 0.03069532873 0.7459025841 -0.4575544899
v 0.2614671467 -0.6333013137 -0.5526056518
v -0.08889495437 0.6732920021 0.3056840425
v 0.1418768584 -0.7059118957 0.2106328806
v -0.2753848234 0.6155476131 0.6907889778
v -0.04461302371 -0.7636562847 0.5957378159
v -0.09128745417 -0.3557229251 0.4979957209
v -0.2066733606 0.333878982 0.545521281
v -0.07414123002 -0.458197054 0.490933447
v -0.189527126 0.2314048531 0.5384590488
v -0.08431999531 -0.3369023291 0.4402977813
v -0.1997059069 0.3526996198 0.4878233831
v -0.0627414942 -0.4658658854 0.4314099452
v -0.178127398 0.2237360844 0.4789355471
v -0.1962128443 0.2528960814 0.5579581529
v -0.2055972547 0.3089818046 0.5618234374
v -0.08082695355 -0.4367058466 0.5104325929
v -0.09021135349 -0.3806201026 0.5142978774
v -0.2009292767 0.3533752666 0.494344889
v -0.1789198993 0.2218365039 0.4852795677
v -0.08554337551 -0.3362267032 0.4468192872
v -0.06353398769 -0.4677654659 0.4377540076
v -0.07726152778 -0.3495799277 0.4106325633
v -0.1926474237 0.3400220003 0.4581581234
v -0.06083617021 -0.4477457691 0.4038672398
v -0.176222074 0.241856138 0.4513927999
v -0.0874460157 -0.4032665721 0.5187081488
v -0.2028319273 0.2863353768 0.5662337507
v -0.08545127556 -0.4151881145 0.517886554
v -0.2008371715 0.2744138344 0.565412114
v -0.07789359693 -0.4473555857 0.5029841038
v -0.09105424637 -0.3687011917 0.5084047753
v -0.1932795033 0.2422463841 0.5505097056
v -0.2064401528 0.3209007781 0.5559303353
v -0.08793295133 -0.3999698751 0.5185581907
v -0.2033188525 0.2896320529 0.5660837926
v -0.0848469215 -0.4184135082 0.5172871393
v -0.2002328279 0.2711884407 0.5648126994
v -0.06991984205 -0.3749978022 0.3908690067
v -0.1853057537 0.3146041467 0.4383946085
v -0.06257014672 -0.4189231569 0.3878417748
v -0.1779560531 0.270678792 0.4353673767
v -0.1783210068 0.2738986929 0.4345757317
v -0.1846252405 0.3115758288 0.4371723457
v -0.06293510564 -0.4157032351 0.3870501716
v -0.06923933936 -0.3780261201 0.3896467856
v -0.1763141165 0.2371918359 0.4561592531
v -0.1941394336 0.3437245448 0.463501226
v -0.06092821273 -0.4524100922 0.4086336931
v -0.0787535324 -0.3458773832 0.415975666
v -0.1925305692 0.2398389302 0.5483254136
v -0.2065606831 0.3236897061 0.5541041884
v -0.07714467325 -0.4497629769 0.5007998536
v -0.09117479241 -0.3659121802 0.5065786283
v -0.0816450031 -0.3401701832 0.4276619121
v -0.1970309095 0.3494317449 0.4751874721
v -0.06155261689 -0.460251981 0.4193861472
v -0.1769385207 0.2293499261 0.4669117491
v -0.08649057071 -0.4092527819 0.5185649159
v -0.2018764771 0.2803491462 0.566090476
v -0.08301630504 -0.3382210831 0.4338911876
v -0.1984022114 0.351380824 0.4814167477
v -0.06207888518 -0.4633532312 0.4252673864
v -0.1774647837 0.2262487177 0.4727929882
v -0.061675865 -0.4283181353 0.3911463665
v -0.1770617662 0.2612838136 0.4386719683
v -0.07204454239 -0.3663498573 0.3954170808
v -0.1874304488 0.3232520499 0.4429426409
v -0.09125853815 -0.3632134359 0.5046196912
v -0.2066444341 0.3263884712 0.5521452512
v -0.07639313888 -0.4520562495 0.49849689
v -0.1917790348 0.2375456367 0.5460224501
v -0.07651028581 -0.3516285055 0.4081093828
v -0.1918961818 0.3379734225 0.4556349846
v -0.06084581932 -0.4452469411 0.4016574675
v -0.1762317231 0.2443550078 0.4491830276
v -0.1860012522 0.3175643987 0.439765994
v -0.1776239941 0.2674978636 0.4363155378
v -0.07061535099 -0.3720375293 0.3922403922
v -0.06223809295 -0.4221040644 0.388789936
v -0.188046363 0.2279760135 0.5329332814
v -0.2065073415 0.3383076954 0.5405370752
v -0.07266046181 -0.4616259146 0.4854077213
v -0.09112142989 -0.3512942326 0.4930114734
v -0.08902914388 -0.3389648167 0.4696296245
v -0.06720862389 -0.4693748211 0.4606421227
v -0.2044150503 0.3506370904 0.5171551846
v -0.1825945198 0.2202270861 0.5081676828
v -0.1765537153 0.2330095299 0.4613491395
v -0.195605347 0.3468713463 0.4691961663
v -0.0611678115 -0.456592419 0.4138235377
v -0.08021944578 -0.3427306026 0.4216706062
v -0.08881902504 -0.3934061805 0.5177732291
v -0.204204921 0.2961957475 0.5652987892
v -0.08357561946 -0.424743285 0.5156135403
v -0.1989615259 0.2648586431 0.5631391003
v -0.06857549288 -0.3811150896 0.3885767365
v -0.1839613941 0.3084868385 0.4361022966
v -0.0633320873 -0.412452194 0.3864170477
v -0.1787179885 0.2771497131 0.4339426078
v -0.1873175625 0.2264741352 0.5300452307
v -0.2063692046 0.3403359307 0.5378922992
v -0.07193166134 -0.4631277928 0.4825196706
v -0.09098330345 -0.3492659973 0.4903666973
v -0.08494249367 -0.3364835534 0.4435481541
v -0.06312196845 -0.4668935787 0.4345606523
v -0.2003284001 0.3531183328 0.4910737142
v -0.1785078696 0.2227083493 0.4820862124
v -0.1764155784 0.2350377861 0.4587043635
v -0.1948765465 0.3453694263 0.4663081156
v -0.06102968245 -0.4545641419 0.4111787616
v -0.07949065053 -0.3442324808 0.4187825555
v -0.2052989258 0.305847597 0.5629259009
v -0.1969216573 0.255781062 0.5594754447
v -0.08991301939 -0.3837543101 0.515400299
v -0.08153576135 -0.4338208452 0.5119498429
v -0.09130529563 -0.3606114752 0.5025328093
v -0.2066911968 0.3289904738 0.5500583694
v -0.07564082653 -0.4542298899 0.4960808522
v -0.1910267277 0.2353720381 0.5436064541
v -0.07575797345 -0.3538021041 0.405693345
v -0.1911438642 0.3357998031 0.4532189051
v -0.06089256896 -0.4426449386 0.3995705021
v -0.1762784649 0.2469569894 0.4470961039
v -0.08010656473 -0.4395085172 0.508773196
v -0.1954924607 0.2500934108 0.556298756
v -0.09047524734 -0.377540281 0.5130438685
v -0.2058611433 0.3120616471 0.5605694704
v -0.09007222455 -0.3425051642 0.4789228487
v -0.2054581362 0.3470967429 0.5264484505
v -0.0691348073 -0.4676373123 0.4702990892
v -0.1845207085 0.2219646366 0.5178246493
v -0.06566054162 -0.3966056344 0.3856253609
v -0.1810464428 0.2929963354 0.433150921
v -0.09059849806 -0.3456063935 0.4848040878
v -0.2059843888 0.3439955345 0.5323296896
v -0.07050610924 -0.4656882331 0.4765283647
v -0.1858920104 0.2239137158 0.5240539248
v -0.1763622263 0.2496557337 0.4451372086
v -0.1903923403 0.3335065095 0.4509159833
v -0.06097632515 -0.4399461943 0.3976116485
v -0.07500644431 -0.3560953976 0.4033904232
v -0.1887834863 0.2296209158 0.5357401709
v -0.2066088034 0.3361536248 0.5430821438
v -0.07339757994 -0.4599810122 0.4882146108
v -0.091222897 -0.3534483032 0.4955565837
v -0.1982976794 0.2617696318 0.5620690512
v -0.2046019131 0.2994467678 0.5646656653
v -0.08291177298 -0.4278322962 0.5145434912
v -0.0892160067 -0.3901551394 0.5171401052
v -0.2130069176 0.6534210939 0.2926861435
v 0.01776489262 -0.7257828039 0.1976349816
v -0.0895809604 -0.3869352594 0.5163484602
v -0.2049668668 0.3026666895 0.563874062
v -0.08223126507 -0.4308606141 0.5133212283
v -0.1976171662 0.2587413348 0.5608468302
v -0.06730419084 -0.387444908 0.3869031375
v -0.182690092 0.30215702 0.4344286975
v -0.06421816101 -0.4058884994 0.3856320443
v -0.179604057 0.2837134286 0.4331576461
v -0.06109686336 -0.4371572664 0.3957855015
v -0.07425751019 -0.3585028306 0.4012061313
v -0.1764827671 0.2524447034 0.4433110616
v -0.1896434166 0.3310990975 0.4487317331
v -0.06669983678 -0.3906703018 0.3863037228
v -0.182085738 0.2989316471 0.4338292829
v -0.06470509663 -0.4025918442 0.385482128
v -0.1800909926 0.2870101047 0.433007688
v -0.09131493952 -0.3581126054 0.500323037
v -0.2067008459 0.3314893226 0.5478485971
v -0.07488958456 -0.4562784677 0.4935577135
v -0.1902754857 0.2333234603 0.5410832736
v -0.2040030206 0.3515089776 0.5139618292
v -0.1819936328 0.2199702359 0.5048965497
v -0.08861711943 -0.3380929713 0.4664362692
v -0.06660773161 -0.469631713 0.4573709479
v -0.1773256652 0.2643636561 0.4374179595
v -0.1867100652 0.3204493792 0.441283244
v -0.06193975885 -0.4252382719 0.3898923994
v -0.07132415879 -0.3691525697 0.3937576839
v -0.08940961553 -0.3399925517 0.4727802898
v -0.2047955219 0.3496093972 0.5203058917
v -0.06783111703 -0.468956108 0.4638924537
v -0.1832170234 0.2206458618 0.5114180556
v -0.07800988754 -0.3476612996 0.413256788
v -0.1933957835 0.3419406075 0.4607823899
v -0.06086366078 -0.4501354494 0.4061945559
v -0.1762495593 0.2394664577 0.453720116
v -0.1865988602 0.2251189151 0.5270830364
v -0.09080885187 -0.3473684845 0.4876286883
v -0.2061947478 0.3422334226 0.5351542901
v -0.07121296424 -0.4644829711 0.4795574763
v -0.1888989206 0.3285834148 0.4466714594
v -0.1766398054 0.2553170482 0.4416221326
v -0.07351301425 -0.3610184923 0.3991458576
v -0.06125390425 -0.4342848798 0.3940965307
v -0.06981282461 -0.4667405295 0.4734397294
v -0.1851987258 0.2228614403 0.5209652895
v -0.09035275373 -0.343983964 0.4818997882
v -0.2057386497 0.3456179641 0.5294253482
v -0.1947622609 0.2473798587 0.5545012222
v -0.2060899442 0.3150796475 0.5591669237
v -0.07937635448 -0.4422220902 0.5069756622
v -0.09070404829 -0.3745222805 0.5116413219
v -0.08693137543 -0.4065623918 0.5186957846
v -0.202317287 0.2830395153 0.5662213447
v -0.08603278085 -0.4119328545 0.5183256513
v -0.2014186872 0.2776690735 0.5658512531
v -0.1838596084 0.2212254978 0.5146396899
v -0.2051434957 0.3484283206 0.5234061811
v -0.06847370204 -0.4683764093 0.4671140881
v -0.08975759452 -0.3411736283 0.4758805792
v -0.06444865891 -0.469033468 0.4442377525
v -0.1798345601 0.2205684809 0.4917633543
v -0.08667454088 -0.3362008469 0.453392255
v -0.2020604368 0.3534010811 0.500917815
v -0.06602991261 -0.4697259903 0.4540869076
v -0.1814158138 0.2198759168 0.5016124677
v -0.088174529 -0.3373790831 0.4632079097
v -0.2035604354 0.3522228449 0.5107335115
v -0.06376012052 -0.4091779699 0.3859439488
v -0.1791460165 0.2804239581 0.4334695088
v -0.06792991079 -0.3842572753 0.3876614074
v -0.183315812 0.3053446736 0.4351870093
v -0.08720205186 -0.3364318826 0.4566779661
v -0.2025879635 0.3531700454 0.5042035262
v -0.06494906048 -0.4694265336 0.4475123107
v -0.1803349564 0.2201754153 0.4950378708
v -0.08422119633 -0.4216011409 0.5165288276
v -0.1996070975 0.2680007871 0.5640544295
v -0.08839099182 -0.3966804464 0.5182463281
v -0.203776893 0.2929215025 0.5657718881
v -0.06397658856 -0.4684792914 0.4409823253
v -0.1793624845 0.2211226157 0.4885079272
v -0.08612119972 -0.3361323842 0.4501033692
v -0.2015070957 0.3534695438 0.4976289293
v -0.06547657146 -0.4696575693 0.4507980219
v -0.1808624726 0.2199443796 0.4983235819
v -0.08770245343 -0.3368249483 0.4599524826
v -0.2030883598 0.3527769797 0.5074780844
v -0.1777794242 0.2249171609 0.4758352576
v -0.199063301 0.3521199628 0.4846017488
v -0.06239351782 -0.4646847671 0.4283096558
v -0.08367740508 -0.3374819652 0.437076147
v -0.06611833149 -0.39392552 0.3858645837
v -0.1815042327 0.2956763871 0.4333901856
v -0.06521973691 -0.3992959827 0.3854944922
v -0.1806056329 0.2903059453 0.4330200523
v -0.1768329652 0.2582658131 0.440074515
v -0.188160659 0.3259656229 0.4447401747
v -0.06144706405 -0.431336094 0.3925489132
v -0.07277475785 -0.363636326 0.3972146146
v -0.06179835339 -0.4618744523 0.4222904886
v -0.1771842598 0.2277275175 0.4698160487
v -0.08233828251 -0.3391179076 0.4307505474
v -0.1977241837 0.3504840413 0.4782761074
v -0.2062831145 0.3180284124 0.5576193061
v -0.1940239993 0.2447620458 0.5525699793
v -0.09089720809 -0.3715734947 0.5100937461
v -0.07863809809 -0.4448398822 0.5050443775
v -0.1767281616 0.2311120171 0.4640871486
v -0.08093815332 -0.3413753825 0.4246328005
v -0.1963240388 0.3482265246 0.4721583606
v -0.06134226308 -0.4584898691 0.4165615468
v -0.4252351809 0.3142408638 0.4855660754
v 0.2642977413 0.7524637307 0.01439849025
v 0.4950695332 -0.6267401671 -0.08065266905
v 0.2765113052 0.759879346 -0.06354986069
v 0.5072830971 -0.6193245936 -0.1586010174
v -0.31164567 -0.4287602819 0.344299962
v -0.4270315451 0.2608416252 0.3918255221
v -0.3096508933 -0.4406819915 0.3434783671
v -0.4250368101 0.2489199366 0.3910039272
v -0.416064513 0.2123807903 0.4040327367
v -0.4300947 0.2962323181 0.4098119292
v -0.3006785962 -0.4772211377 0.3565071767
v -0.3147087832 -0.3933696308 0.3622863273
v -0.3095291516 -0.3765378174 0.4410775633
v -0.3119646129 -0.3712444641 0.415201523
v -0.477082959 0.5849946767 0.6444191811
v -0.2463111462 -0.7942092211 0.5493680192
v -0.2920760564 -0.5002887847 0.3886328351
v -0.4074619732 0.1893131642 0.4361584369
v -0.5690347505 0.5998180961 0.206083052
v -0.3382629377 -0.7793858435 0.1110318901
v 0.0662454878 0.7506828636 -0.4406054251
v 0.2970173006 -0.628521076 -0.5356565453
v -0.0500327449 0.6800832237 0.3014953038
v 0.1807390705 -0.6991207159 0.2064441419
v 0.1979803029 -0.4492476892 0.6202846595
v 0.08259439651 0.2403542388 0.6678102196
v -0.639515677 0.5989764928 0.04717626007
v -0.4087438433 -0.7802274467 -0.04787489923
v -0.5372104703 0.6013218958 0.2615274433
v -0.3064386366 -0.777882002 0.1664762813
v -0.4249136691 0.3130588474 0.4886158636
v -0.3096339552 -0.4407728435 0.3434808316
v -0.4250198511 0.2488290845 0.3910064335
v -0.3090692314 -0.4437262659 0.3436343402
v -0.4244551482 0.2458757039 0.3911599421
v -0.3011764862 -0.4264260319 0.481357391
v -0.3014045353 -0.4748372636 0.3547674123
v -0.4167904521 0.2147646435 0.4022929723
v -0.406430813 0.187355877 0.4426745543
v -0.2910448961 -0.502246051 0.3951489942
v 0.1816022902 0.3813097844 0.4167242868
v 0.1901898551 0.3299864837 0.4131871975
v 0.2969881862 -0.3082921436 0.3691987267
v 0.305575751 -0.3596154444 0.3656615956
v -0.4912914249 0.6257052893 0.01920721841
v -0.2605196121 -0.7534986503 -0.07584393828
v -0.4380687525 0.6580200034 -0.3204658996
v -0.2072969397 -0.7211838944 -0.4155170616
v -0.2959326525 -0.4577658097 0.4791981617
v -0.4113185693 0.2318361393 0.5267237218
v -0.4165603354 0.2631629053 0.5288852485
v -0.4273492975 0.3183573177 0.4627412852
v -0.02523737266 0.7378218901 -0.476099752
v 0.205534431 -0.6413820495 -0.5711509139
v 0.2521633127 -0.5017705711 0.4792903922
v 0.1367774063 0.1878313151 0.5268159522
v -0.2998389771 -0.4798901827 0.3586622289
v -0.415224873 0.209711787 0.406187789
v 0.1045343086 0.694253845 0.4711462897
v 0.335306111 -0.6849500528 0.3760951278
v 0.4148617155 0.7926786461 -0.2035755565
v 0.6456335074 -0.5865252517 -0.2986267184
v -0.6192255127 0.6264066253 -0.3015763188
v -0.388453679 -0.7527973143 -0.3966274807
v -0.4517935096 0.6260604268 0.1099494663
v -0.2210217177 -0.7531434293 0.01489830703
v -0.3729455068 0.6739338979 -0.3932675006
v -0.1421736731 -0.7052699999 -0.4883186625
v -0.3088221765 -0.3795409891 0.4473824445
v -0.4242081142 0.3100609598 0.4949080464
v -0.2887297563 -0.499623163 0.4391064291
v -0.4041156523 0.1899787859 0.4866320309
v 0.3914415625 0.7941905912 -0.282374729
v 0.6222133544 -0.5850133066 -0.3774259118
v 0.1787423306 0.250759868 0.4405796524
v -0.3021854869 -0.4199961717 0.4798906422
v -0.4175714038 0.2696057772 0.5274162441
v -0.2948357446 -0.4639216099 0.4768634521
v -0.4102216615 0.225680339 0.5243890122
v -0.06940671075 0.6766633439 0.3040804517
v 0.1613650916 -0.7025405539 0.2090293107
v 0.04867433194 0.7483575525 -0.4495259679
v 0.2794461395 -0.6308463453 -0.5445771298
v 0.008803777057 0.6614472767 0.7147526975
v 0.2395755846 -0.7177566629 0.6197015356
v 0.2364897689 -0.2189378016 0.4400195861
v 0.1211038625 0.4706641264 0.4875451879
v 0.2519733589 0.7294711045 0.3181017833
v 0.4827451925 -0.6497327516 0.2230506214
v -0.2915401338 -0.5013433368 0.3918682121
v -0.4069260088 0.1882585913 0.4393937721
v 0.2320733571 -0.5045188976 0.5283851237
v 0.1166874507 0.1850830722 0.5759106837
v 0.1841511391 -0.2181133663 0.5481238265
v 0.06876523267 0.4714885617 0.5956493866
v -0.005739459039 0.6577477815 0.7331231895
v 0.2250323446 -0.7214560746 0.6380720276
v 0.2323725005 -0.2162868225 0.4462884606
v 0.1169865941 0.4733150846 0.4938140207
v 0.3057543641 -0.3676455954 0.3665583784
v 0.1903684472 0.3219563117 0.4140839802
v -0.4775368851 0.5849979348 0.6432701011
v -0.2467650514 -0.794205963 0.5482189392
v -0.2891905328 -0.5044460907 0.4124348172
v -0.4045764288 0.1851558582 0.4599603773
v -0.4268023055 0.3179885002 0.4691149633
v -0.3114164305 -0.3716134278 0.421589445
v -0.5075404486 0.6297087524 -0.07833410924
v -0.2767686358 -0.7494951454 -0.1733852659
v -0.4832347075 0.644466257 -0.2334561252
v -0.2524628947 -0.7347376825 -0.3285072662
v -0.2923180152 -0.4777816217 0.4686276622
v -0.4077039112 0.2118202854 0.5161532641
v -0.4121322695 0.2006425184 0.4155828927
v -0.2967463735 -0.4889593887 0.3680573327
v 0.172388076 -0.2550836107 0.6034693457
v 0.05700218005 0.4345183382 0.6509949475
v -0.004632285916 0.6579676643 0.7326209344
v 0.2261395282 -0.7212362753 0.6375698142
v 0.1107808461 0.1881287459 0.5915046537
v 0.226166742 -0.5014731612 0.5439790937
v -0.6518161247 0.6127621939 -0.1827197703
v -0.4210443328 -0.7664417457 -0.2777709323
v 0.23674499 -0.4210397797 0.3671678181
v 0.2120194498 -0.2732678873 0.3773518517
v 0.1213590941 0.2685621901 0.4146933781
v 0.09663353299 0.4163340616 0.4248774536
v 0.09125777583 0.3917700083 0.4785016711
v 0.1095127291 0.2826695909 0.4709827143
v 0.2066436822 -0.2978318988 0.4309760693
v 0.2248986355 -0.4069323162 0.4234571542
v 0.2168498337 -0.2922554213 0.3664016952
v 0.1014639377 0.3973465276 0.413927297
v 0.2349163577 -0.4002296911 0.3589603907
v 0.1195304513 0.2893722787 0.4064859925
v 0.1886325675 -0.3589642754 0.591444754
v 0.07324666112 0.3306376735 0.6389703141
v 0.1916386006 -0.376929797 0.5902066182
v 0.0762527046 0.3126721101 0.6377321783
v 0.1984796759 -0.2764764473 0.4592189829
v 0.2247278545 -0.4333483728 0.4484077568
v 0.08309375902 0.4131255016 0.5067445429
v 0.1093419586 0.2562535761 0.4959333169
v 0.1708715361 -0.2451447731 0.5918039016
v 0.05548564537 0.4444571758 0.6393294616
v 0.2117299555 -0.4893344093 0.5749749704
v 0.09634405959 0.2002675188 0.6225005722
v 0.2184030485 -0.2989395419 0.3634054992
v 0.1030171422 0.390662407 0.410931101
v 0.2341525531 -0.3930662477 0.356918538
v 0.1187666571 0.2965356803 0.4044441399
v 0.2225884038 -0.5059934576 0.5267606056
v 0.1072024974 0.1836084913 0.5742861657
v 0.1746664573 -0.2195887826 0.5464988907
v 0.05928056654 0.4700131245 0.5940244508
v 0.1934114685 -0.4329091084 0.6306316421
v 0.1730728707 -0.3113558207 0.6390087853
v 0.07802557257 0.2566928405 0.6781572022
v 0.05768697471 0.3782461282 0.6865343453
v 0.09826817011 0.4101983114 0.4209091199
v 0.1208282884 0.2753681359 0.4116169818
v 0.2136540765 -0.2794036375 0.373383518
v 0.2362141843 -0.414233813 0.3640913799
v 0.2250546712 -0.4107324379 0.4259932002
v 0.1096687753 0.2788694901 0.4735187603
v 0.205616532 -0.2945606822 0.4339994582
v 0.09023063605 0.3950412249 0.4815250183
v 0.1885271791 -0.26862186 0.5101343475
v 0.2189971583 -0.4507251731 0.4975842343
v 0.07314128319 0.4209800889 0.5576599076
v 0.1036112519 0.2388767758 0.5451098361
v 0.195138263 -0.394211067 0.5854693212
v 0.1862369767 -0.3410126635 0.5891356084
v 0.07975236707 0.2953908819 0.6329948813
v 0.07085108071 0.3485892645 0.6366612102
v 0.218132393 -0.5009502711 0.5481726569
v 0.1027464866 0.1886516569 0.595698217
v 0.1725643707 -0.2286137948 0.5669413941
v 0.05717848001 0.4609881123 0.6144669542
v 0.1890199732 -0.2156572492 0.4592308876
v 0.07363406676 0.4739446997 0.5067564895
v 0.2354888091 -0.4933775132 0.4400911399
v 0.1201029027 0.1962244566 0.4876167
v 0.2239878176 -0.5069498894 0.5194672124
v 0.1086019217 0.1826520177 0.5669927725
v 0.1755172083 -0.2172661031 0.539431479
v 0.06013131761 0.472335804 0.5869570391
v 0.20165956 -0.4624444601 0.609316249
v 0.08627365363 0.2271574888 0.6568418091
v 0.1708273006 -0.2781759653 0.6220155267
v 0.05544139416 0.4114259627 0.6695411286
v 0.2174593151 -0.4507707871 0.5065936241
v 0.1020734087 0.2388311618 0.554119226
v 0.1872591144 -0.2702798785 0.5190325846
v 0.07187321841 0.4193220704 0.5665581864
v 0.2303778282 -0.3637547052 0.3523504137
v 0.1149919323 0.3258472228 0.3998759738
v 0.2242288993 -0.3270057012 0.3548830345
v 0.1088430033 0.3625962268 0.4024086364
v 0.2193459674 -0.3551653442 0.4088938432
v 0.1039600715 0.3344365838 0.456419445
v 0.2178411234 -0.3461715976 0.4095136839
v 0.102455217 0.3434303304 0.4570392857
v 0.2208039234 -0.449305918 0.4857610627
v 0.105418017 0.24029601 0.5332866227
v 0.1904318348 -0.2677876712 0.4982708251
v 0.07504593884 0.4218142569 0.5457963852
v 0.1965321213 -0.273042616 0.4674622498
v 0.08114621494 0.4165593329 0.5149878516
v 0.2241826587 -0.4382956947 0.4560734554
v 0.1087967628 0.2513062542 0.5035990155
v 0.09906687444 0.3609471056 0.4609138016
v 0.1065179951 0.3164155902 0.4578447987
v 0.2144527808 -0.3286548224 0.4133881998
v 0.2219039015 -0.3731863169 0.4103191969
v 0.2252190403 -0.4213457109 0.4346591067
v 0.1098331444 0.268256238 0.4821846668
v 0.2025264556 -0.2857238277 0.4440057978
v 0.08714054921 0.4038781003 0.4915313579
v 0.2207046545 -0.3641996087 0.4091632665
v 0.1053187481 0.3254023402 0.4566888266
v 0.2162047424 -0.3373059628 0.4110166899
v 0.100818836 0.3522959443 0.4585422918
v 0.2084023898 -0.4815561377 0.5873262116
v 0.09301648342 0.2080458321 0.6348518135
v 0.1705206384 -0.2551565221 0.6029290789
v 0.05513474241 0.4344454477 0.6504546807
v 0.1937591081 -0.269475911 0.4803987871
v 0.2230046314 -0.4442613113 0.4683530175
v 0.07837319129 0.4201260379 0.5279243472
v 0.107618725 0.2453406167 0.5158786194
v 0.1861574237 -0.272805252 0.5277471961
v 0.07077152774 0.4167967178 0.575272798
v 0.2157936526 -0.4499256334 0.5155405245
v 0.1004077462 0.2396763155 0.5630660845
v 0.1090939116 0.2536865986 0.4997076658
v 0.08211165888 0.41494555 0.5108212307
v 0.224479818 -0.4359153294 0.4521821057
v 0.1974975548 -0.2746563571 0.4632956289
v 0.2035554229 -0.2884992637 0.4405222589
v 0.08816951647 0.4011026644 0.488047819
v 0.2252150721 -0.4179479281 0.431601006
v 0.1098291761 0.2716540208 0.4791265661
v 0.1090508352 0.2906083051 0.4664772466
v 0.09329272584 0.3847863893 0.4729677583
v 0.2244367311 -0.3989936021 0.4189516447
v 0.2086786218 -0.3048155178 0.4254421565
v 0.194660611 -0.2704492183 0.4760242299
v 0.2234441882 -0.4424738026 0.4641687275
v 0.07927470462 0.4191527306 0.52354979
v 0.1080582818 0.2471281672 0.5116943293
v 0.1820402806 -0.2108868903 0.495607252
v 0.2312456427 -0.5049619214 0.4753403542
v 0.06665437421 0.4787150377 0.5431328121
v 0.1158597363 0.1846400066 0.5228659143
v 0.232237392 -0.5033505195 0.4680955825
v 0.116851496 0.1862513877 0.5156211844
v 0.1833386294 -0.2111078175 0.4882362065
v 0.06795272301 0.4784941106 0.5357617665
v 0.2186109431 -0.3506579342 0.4090927987
v 0.1032250367 0.3389440356 0.4566184006
v 0.1226664445 0.2430360658 0.4302172981
v 0.08994536063 0.4385931463 0.4436946034
v 0.2380523405 -0.4465658622 0.382691738
v 0.2053312566 -0.2510088026 0.3961690016
v 0.08360964198 0.2794656675 0.6249425916
v 0.06915909194 0.3658291393 0.6308945073
v 0.1989955484 -0.4101362814 0.5774169897
v 0.1845449983 -0.3237727887 0.5833689473
v 0.2251721314 -0.4245923244 0.4378768145
v 0.2015019161 -0.2831277149 0.4476262204
v 0.1097862251 0.2650095828 0.4854024164
v 0.08611600967 0.4064742131 0.4951517805
v 0.2213249756 -0.3687043663 0.4096308934
v 0.1059390692 0.3208975617 0.4571564953
v 0.2153421701 -0.3329482811 0.412095135
v 0.09995626372 0.3566536678 0.4596206951
v 0.20819272 -0.4379298638 0.5489874013
v 0.09280682405 0.2516720642 0.5965130031
v 0.1836025598 -0.290967202 0.5591157124
v 0.06821666908 0.3986347052 0.6066412725
v 0.1101846269 0.3553344961 0.4011700411
v 0.1138801121 0.3332484897 0.3996479039
v 0.2255705229 -0.3342674528 0.3536444392
v 0.229266008 -0.3563534174 0.3521223438
v 0.1983112967 -0.4513010707 0.6187365407
v 0.08292539034 0.2383008991 0.6662621008
v 0.1714817903 -0.2909549213 0.6297871567
v 0.05609587871 0.3986470276 0.6773127585
v 0.06813086611 0.3853620362 0.6191776431
v 0.08870484386 0.2624020456 0.6107035493
v 0.1835167621 -0.3042398501 0.5716520412
v 0.2040907398 -0.4271998407 0.5631779892
v 0.1124937621 0.1819897376 0.5448980151
v 0.06310413221 0.4771660417 0.5652408109
v 0.2278796685 -0.5076121695 0.4973724132
v 0.1784900334 -0.2124358864 0.5177152091
v 0.2166414796 -0.4504592168 0.5110803366
v 0.1012555733 0.2391426903 0.5586058967
v 0.1866867674 -0.2714354956 0.5234181694
v 0.07130087142 0.4181664324 0.5709437712
v 0.198603715 -0.23304491 0.4191107089
v 0.08321780861 0.4565569971 0.4666363107
v 0.2380227874 -0.4686323823 0.4028746343
v 0.1226368915 0.2209695248 0.4504002361
v 0.2211436057 -0.5046723645 0.5339879587
v 0.1057577097 0.1849295844 0.5815135188
v 0.1738894948 -0.2222588719 0.5534511397
v 0.05850358316 0.467343077 0.6009767416
v 0.1715550568 -0.2362677975 0.5797681153
v 0.05616915558 0.4533341096 0.6272937171
v 0.2149840669 -0.4958206186 0.5618804132
v 0.09959817092 0.1937812886 0.609406015
v 0.2165734555 -0.4985585441 0.5550947889
v 0.1011875386 0.1910434048 0.602620349
v 0.1720195509 -0.2322828807 0.5734458156
v 0.05663363926 0.4573190682 0.6209713757
v 0.2268593688 -0.3415914642 0.3527701711
v 0.1114734728 0.348010443 0.4002957729
v 0.2280922205 -0.3489595649 0.3522624021
v 0.1127063141 0.3406423632 0.3997879622
v 0.09227930785 0.388348959 0.475646912
v 0.1093065785 0.2865857317 0.4686336355
v 0.2076652142 -0.301252969 0.4281213101
v 0.2246924744 -0.4030161964 0.4211080754
v 0.1711132443 -0.2844724087 0.626057837
v 0.1999800086 -0.456994173 0.6141680823
v 0.05572733792 0.4051295611 0.673583397
v 0.08459410219 0.2326077759 0.6616936424
v 0.06951203647 0.3616232954 0.6326503118
v 0.1980057206 -0.4063170704 0.579725843
v 0.0826198142 0.2832848367 0.6272514031
v 0.1848979429 -0.3279786535 0.58512471
v 0.0952853931 0.3772718602 0.4681618314
v 0.2237790877 -0.3906685056 0.4152373626
v 0.1083931813 0.2989334224 0.4627629226
v 0.2106712891 -0.3123300679 0.4206362296
v 0.2324046642 -0.3785058189 0.3539075969
v 0.1170187682 0.31109613 0.4014331569
v 0.2214007691 -0.3127411368 0.3584399234
v 0.1060148628 0.3768607912 0.4059654834
v 0.2086970011 -0.261653007 0.3861940321
v 0.2375637653 -0.4341747713 0.3743042774
v 0.09331110511 0.4279489627 0.4337195921
v 0.1221778694 0.2554271776 0.4218298375
v 0.06859862882 0.3739709861 0.626779599
v 0.08562590989 0.2722077379 0.6197663643
v 0.1839845352 -0.3156309419 0.5792540389
v 0.2010118163 -0.417394211 0.5722407624
v 0.2366574797 -0.4863643202 0.4269162987
v 0.1212715628 0.2032376496 0.4744418588
v 0.192103575 -0.2200886359 0.4452673254
v 0.07671766865 0.4695133339 0.4927928855
v 0.1936929428 -0.2228265197 0.4384816594
v 0.07830703638 0.4667753666 0.4860072612
v 0.2371219529 -0.4823793616 0.4205939573
v 0.1217360569 0.2072225664 0.4681195591
v 0.2347875358 -0.4963882872 0.4469109328
v 0.1194016189 0.1932136408 0.4944365347
v 0.187533404 -0.2139748155 0.4663741556
v 0.0721474976 0.4756271125 0.5138997157
v 0.1706542222 -0.2500147559 0.5974874383
v 0.05526832624 0.4395871721 0.6450130401
v 0.2100732946 -0.4856022073 0.5812513637
v 0.09468740913 0.2039996789 0.6287769237
v 0.2219902423 -0.4472116844 0.4769439032
v 0.1066043359 0.2423902645 0.5244694633
v 0.1920355509 -0.2681879214 0.489281736
v 0.07664964449 0.4214140066 0.5368073378
v 0.1148010803 0.1833906552 0.5301724653
v 0.06541145038 0.4785669593 0.5505152194
v 0.2301869763 -0.5062112937 0.4826468635
v 0.1807973411 -0.2110349687 0.5029896593
v 0.08920037388 0.3981546304 0.4847096852
v 0.1097743412 0.2751946398 0.4762355914
v 0.2045862698 -0.2914472767 0.4371841251
v 0.2251602476 -0.4144072882 0.4287100314
v 0.2371952402 -0.4276922378 0.3705749159
v 0.1218093234 0.2619097111 0.418100476
v 0.2103657129 -0.2673461094 0.3816255736
v 0.09497981695 0.4222558187 0.4291511337
v 0.2250744498 -0.4276799572 0.4412464019
v 0.1096885434 0.2619219709 0.488771962
v 0.2004842896 -0.2807172953 0.4513746713
v 0.08509838325 0.4088846536 0.4989002731
v 0.1933348395 -0.385698878 0.5882669793
v 0.07794894357 0.30390305 0.6357925394
v 0.187352055 -0.3499427928 0.5907311791
v 0.07196614856 0.3396591561 0.638256781
v 0.2071750936 -0.4355194233 0.5527358939
v 0.1835048782 -0.2940548139 0.562485258
v 0.09178919763 0.2540825047 0.600261454
v 0.06811898747 0.3955471141 0.6100108181
v 0.1087461258 0.2947275576 0.4645187271
v 0.09429557576 0.3810910294 0.4704706847
v 0.2241320322 -0.3948743913 0.4169931253
v 0.2096814821 -0.3085108986 0.4229450828
v 0.08795985711 0.2219635714 0.6517186728
v 0.05523876278 0.4175206519 0.6651959364
v 0.2033457531 -0.4676383566 0.604193071
v 0.1706246692 -0.272081297 0.6176703763
v 0.1900660874 -0.3679892458 0.5912692738
v 0.0746801706 0.3216127031 0.6387948757
v 0.1886043094 -0.4121745836 0.6398620844
v 0.008948879257 0.6615331162 0.7138592147
v 0.073218403 0.2774273653 0.6873876444
v 0.1754511683 -0.3335643624 0.6452795395
v 0.2397206973 -0.7176707816 0.6188080945
v 0.06006527235 0.3560375865 0.6928050995
v 0.2253383802 -0.5075393626 0.5121259079
v 0.1099524843 0.1820625863 0.5596514679
v 0.1764396176 -0.2152966188 0.53226649
v 0.06105370603 0.4743053092 0.5797920919
v 0.1852328423 -0.2761733983 0.5361933451
v 0.2140163986 -0.4481979826 0.5243378427
v 0.06984692545 0.4134285506 0.5837189052
v 0.09863050267 0.2414039872 0.5718634445
v 0.1774313878 -0.2136852168 0.5250217184
v 0.2266367499 -0.5077602897 0.5047548205
v 0.06204548139 0.4759167112 0.5725472784
v 0.1112508435 0.1818416592 0.5522803806
v 0.1834619376 -0.3006992519 0.5687611083
v 0.06807603116 0.3889026761 0.6162866684
v 0.2051216077 -0.4301478746 0.5598398554
v 0.08973570127 0.2594540534 0.6073654155
v 0.0846124919 0.2757703076 0.6224455179
v 0.0688543721 0.3699483918 0.6289360297
v 0.1999983878 -0.4138316413 0.5749199161
v 0.1842402785 -0.3196535362 0.5814104278
v 0.09579355886 0.2456111469 0.5845920037
v 0.06881130614 0.4068701191 0.5957055269
v 0.2111794548 -0.443990802 0.5370664019
v 0.1841972125 -0.2827318298 0.5481799668
v 0.1928833571 -0.2687215257 0.4848215481
v 0.07749746113 0.4208804232 0.5323471499
v 0.222519586 -0.445841928 0.4726148764
v 0.1071336796 0.2437600209 0.5201404783
v 0.1856723782 -0.2743858478 0.532009055
v 0.2149179224 -0.4491712481 0.5199633272
v 0.07028648226 0.4152161011 0.5795346569
v 0.09953201601 0.2404306799 0.5674888873
v 0.2381563713 -0.463490658 0.3974329937
v 0.1227704649 0.2261112909 0.4449585955
v 0.2002746198 -0.2370910632 0.4130358609
v 0.08488872388 0.4525108857 0.4605614628
v 0.1924722673 -0.3813411963 0.5893453826
v 0.0770863713 0.3082607317 0.6368709845
v 0.187972376 -0.3544475713 0.5911988478
v 0.07258646961 0.3351543567 0.6387244079
v 0.206150554 -0.4329233523 0.5563562748
v 0.09076465809 0.2566785966 0.6038818766
v 0.1834579693 -0.2973014691 0.5657030077
v 0.06807206813 0.3923004589 0.6132285677
v 0.1844943509 -0.2803514853 0.5442886589
v 0.06910844454 0.4092504427 0.591814219
v 0.2121449092 -0.4456045431 0.5328998228
v 0.0967590028 0.2439973849 0.5804254246
v 0.07138721219 0.3441411067 0.6375684358
v 0.07883834331 0.2996095913 0.6344994746
v 0.1867731081 -0.3454608214 0.5900428757
v 0.1942242497 -0.3899923576 0.5869738728
v 0.1908358862 -0.3724755406 0.5908483887
v 0.07544999025 0.3171263665 0.6383739905
v 0.1893310422 -0.3634818149 0.5914682294
v 0.0739451358 0.3261201131 0.6389937894
v 0.2182451749 -0.4508594671 0.5020912893
v 0.1028592685 0.2387424401 0.5496168493
v 0.1878730862 -0.2693412411 0.5146010517
v 0.07248719025 0.420260666 0.5621266118
v 0.2214178953 -0.4483672807 0.481329488
v 0.1060319889 0.2412346474 0.5288550898
v 0.1912177154 -0.267876372 0.4937684484
v 0.07583180901 0.4217255351 0.5412940503
v 0.23784973 -0.4404711729 0.3783465041
v 0.1224638236 0.2491307551 0.4258720642
v 0.2070174705 -0.256202699 0.3910458236
v 0.09163156411 0.4333992081 0.4385713836
v 0.2331598013 -0.5013810142 0.4609306354
v 0.1177738949 0.1882208929 0.5084561954
v 0.184689192 -0.2116972488 0.4808949019
v 0.06930328562 0.4779046792 0.528420462
v 0.2361126389 -0.4900333643 0.4334207202
v 0.1207267325 0.1995685637 0.4809462803
v 0.1905446166 -0.217696888 0.4521894574
v 0.07515872069 0.4719050191 0.4997150175
v 0.1731882005 -0.2252696877 0.5602709744
v 0.0578023046 0.4643322612 0.6077965345
v 0.2196570574 -0.5029899099 0.541131185
v 0.1042711405 0.186612039 0.5886567868
v 0.008886650828 0.6614953134 0.7142563739
v 0.2396584584 -0.7177085426 0.6192052537
v 0.1896798514 -0.2679220069 0.5027778383
v 0.2201498305 -0.4500252991 0.4902277668
v 0.07429395544 0.4216799211 0.5503033984
v 0.1047639241 0.2395766289 0.5377533269
v 0.2030604776 -0.4240864769 0.5663626561
v 0.08767458169 0.265515472 0.6138882162
v 0.1836223384 -0.3079147212 0.5743689141
v 0.06823643201 0.3816872277 0.6218944742
v 0.222440033 -0.3776344747 0.4112264642
v 0.2135387466 -0.324436113 0.4148927514
v 0.1070541266 0.3119674324 0.458752066
v 0.09815284022 0.365165815 0.4624183532
v 0.05707691891 0.385188561 0.6837962945
v 0.07963703719 0.2503584064 0.6745041564
v 0.1724628253 -0.304413367 0.6362706926
v 0.1950229331 -0.4392435217 0.6269785545
v 0.235604139 -0.4072913385 0.3613533291
v 0.2152655411 -0.2857380716 0.3697304722
v 0.1202182326 0.2823105896 0.4088788891
v 0.09987964517 0.4038638564 0.4172560323
v 0.2340105524 -0.4990583765 0.4538632236
v 0.118624646 0.1905435724 0.5013887837
v 0.1860886059 -0.2126537224 0.473601467
v 0.07070270993 0.4769482056 0.5211270688
v 0.190273982 -0.4197076173 0.6369565734
v 0.07488806514 0.2698943107 0.6844821334
v 0.1969470541 -0.2293127499 0.4253871022
v 0.08156114771 0.460289199 0.4729127041
v 0.2378054735 -0.473502386 0.408558171
v 0.1224195671 0.216099542 0.4560837728
v 0.2170384091 -0.3417173412 0.4101554961
v 0.1016525027 0.3478845868 0.4576810562
v 0.2200444421 -0.3596829046 0.4089173603
v 0.1046585462 0.3299190443 0.4564429204
v 0.1839491551 -0.2852988072 0.5519543158
v 0.2101973547 -0.4421707118 0.5411431315
v 0.06856324874 0.4043031208 0.5994799176
v 0.09481144828 0.2474312162 0.5886686915
v 0.173760652 -0.3184175098 0.6414016819
v 0.05837475079 0.3711844391 0.6889272419
v 0.191827176 -0.4263917378 0.6339603774
v 0.07644126958 0.2632102111 0.6814859792
v 0.06839248867 0.377887106 0.6244305202
v 0.08664743147 0.2687866677 0.6169116051
v 0.1837783742 -0.311714822 0.5769049184
v 0.2020333274 -0.4208152185 0.5693860033
v 0.1966575807 -0.4453792718 0.6230102208
v 0.1719320196 -0.2976074212 0.6331942963
v 0.0812716743 0.2442226771 0.6705357809
v 0.05654611324 0.3919945277 0.6807198563
v 0.1994760617 -0.2784983961 0.4552420443
v 0.2249262461 -0.430601007 0.4447595565
v 0.08409015531 0.411103532 0.5027676462
v 0.1095403293 0.2590009628 0.4922851165
v 0.1705058514 -0.2662035039 0.613033121
v 0.05511994501 0.4233984241 0.6605587228
v 0.2050344315 -0.4725629968 0.5988113719
v 0.08964852508 0.2170389312 0.6463369319
v 0.2019556541 -0.2414410799 0.4071776794
v 0.23820587 -0.4580899113 0.3922468249
v 0.08656974775 0.4481608481 0.4547032813
v 0.1228199636 0.2315120168 0.439772385
v 0.1179287298 0.3037829583 0.402758469
v 0.1045353633 0.3838281613 0.4082749632
v 0.2333146257 -0.3858189698 0.3552329089
v 0.2199212802 -0.3057737667 0.3607494032
v 0.1160390177 0.3184569834 0.4004715455
v 0.1074519332 0.36977759 0.404008426
v 0.2314249241 -0.3711449237 0.3529459854
v 0.2228378396 -0.319824338 0.3564828659
v 0.1960747283 -0.3983447723 0.5837569168
v 0.0806888219 0.2912571557 0.6312825187
v 0.1857449554 -0.3366091172 0.5880115911
v 0.07035905946 0.3529928108 0.6355371512
v 0.2375049308 -0.4780885136 0.4144695688
v 0.1953087725 -0.2259037932 0.4318494603
v 0.1221190349 0.2115134144 0.4619951289
v 0.07992286607 0.4636981348 0.4793750621
v 0.1084512744 0.2491183282 0.5075978003
v 0.08019978728 0.4179628821 0.5192341299
v 0.2238371912 -0.4404836207 0.4600722402
v 0.1955856937 -0.2716390877 0.4717085699
v 0.2116457033 -0.3162637733 0.418521194
v 0.2233787539 -0.3863862624 0.4136885337
v 0.09625979693 0.3733381547 0.4660467959
v 0.1079928579 0.3032156865 0.4612141355
v 0.2195859213 -0.4504495259 0.4939008627
v 0.229064045 -0.5070954198 0.4899969817
v 0.1042000253 0.2391523812 0.5414264645
v 0.1796129646 -0.2115517393 0.5103650908
v 0.1136781491 0.1825065291 0.5375225836
v 0.1890910884 -0.2681976123 0.5064612099
v 0.06422705825 0.4780501678 0.5578906927
v 0.07370518198 0.4214043157 0.5539867699
v 0.1852982558 -0.3322609176 0.5866735389
v 0.1970313063 -0.4023833649 0.5818408785
v 0.06991234936 0.3573410105 0.634199099
v 0.08164541037 0.2872185422 0.6293664386
v 0.09770542002 0.2425938566 0.5761791045
v 0.06945392249 0.4114384105 0.5878154342
v 0.213091316 -0.4470080923 0.5286535445
v 0.1848398393 -0.2781635384 0.5402898741
v 0.2133682372 -0.4927433868 0.5685126123
v 0.1711720788 -0.2405586455 0.5858925455
v 0.09798234122 0.1968585621 0.6160382142
v 0.05578617245 0.4490433034 0.6334181056
v 0.2229320542 -0.3820380628 0.4123505232
v 0.1075461478 0.3075638861 0.4598760833
v 0.2126022814 -0.3203023869 0.4166051558
v 0.0972163854 0.3692995203 0.4641307576
v 0.07336984396 0.2767285356 0.6871382712
v 0.1887557504 -0.4128733715 0.6396127112
v 0.1704711397 -0.2605572479 0.6081152894
v 0.2067213764 -0.4772061001 0.5931843931
v 0.05508524371 0.429044701 0.6556408495
v 0.09133546999 0.2123958488 0.640709995
v 0.2036425991 -0.2460841623 0.4015507007
v 0.08825668222 0.4435177448 0.4490763025
v 0.2381711582 -0.4524436343 0.3873289516
v 0.1227852623 0.2371582728 0.4348545534
v 0.1837507844 -0.288046173 0.5556025579
v 0.2092009688 -0.440148784 0.5451200282
v 0.06836486756 0.401555755 0.6031281179
v 0.09381505199 0.2494531858 0.5926455883
v -0.2892290457 -0.5044399086 0.4119064134
v -0.4046149417 0.1851620195 0.4594319735
v -0.4760106543 0.5850207418 0.6466444087
v -0.2452388415 -0.794183156 0.5515932468
v 0.1790977187 0.251810034 0.4398951919
v 0.1463762589 0.4473695373 0.4533726226
v 0.2944836355 -0.437791894 0.3923696318
v 0.2617621548 -0.2422323908 0.4058470207
v -0.4781763164 0.62531945 0.05664760123
v -0.2474045036 -0.7538844478 -0.03840355285
v -0.4142140553 0.6641548346 -0.3515666217
v -0.1834422634 -0.7150490632 -0.4466177836
v -0.4724370153 0.5852731643 0.6516583972
v -0.2416652234 -0.7939307753 0.5566072353
v -0.3035149761 -0.411383774 0.4768043461
v 0.2895162844 -0.4510428838 0.4019059217
v 0.1741303884 0.2385590234 0.4494314818
v 0.1803062179 -0.2241621282 0.5614901044
v 0.06492031155 0.4654397789 0.6090157063
v 0.2267751165 -0.5018833529 0.5423505656
v 0.1113892206 0.1877185542 0.5898761256
v -0.5743695825 0.599505941 0.1976600651
v -0.3435977488 -0.7796979568 0.1026089032
v -0.2741973768 0.6947534268 -0.4556140991
v -0.04342557445 -0.684450471 -0.550665261
v -0.3772398218 0.6321900784 0.2020141545
v -0.1464679985 -0.7470137777 0.106963003
v 0.05946091829 0.3611852006 0.6916739394
v 0.1748468247 -0.3284167483 0.6441484211
v -0.4702570675 0.6253906697 0.07484126067
v -0.2394852547 -0.7538132699 -0.0202098921
v -0.4011569667 0.6673455166 -0.3661632242
v -0.1703851539 -0.7118583394 -0.4612143861
v -0.4188990132 0.2782059778 0.5243352529
v -0.1280203032 0.6667283075 0.3059330189
v 0.1027515096 -0.712475632 0.2108818569
v -0.006306523292 0.7406281531 -0.4708579023
v 0.2244652817 -0.6385757447 -0.5659090643
v 0.1339024926 0.1863588437 0.5334661965
v 0.249288399 -0.5032430843 0.4859405946
v 0.2965299159 -0.4313478317 0.3884102371
v 0.18114402 0.2582540755 0.435935839
v 0.2656971552 -0.2470762666 0.4011097237
v 0.1503112384 0.4425256823 0.4486353255
v 0.2069255742 -0.4741620763 0.5969212317
v 0.09153966779 0.2154398308 0.6444467917
v -0.6085038438 0.6299235809 -0.326577172
v -0.3777320519 -0.7492803586 -0.4216283339
v -0.30600451 -0.3953171645 0.4667937041
v -0.2982765099 -0.4846183737 0.3631037451
v -0.4136624267 0.2049835334 0.4106293052
v 0.1723625121 -0.3015723296 0.6350659319
v 0.05697661616 0.3880296193 0.6825915337
v 0.1714797227 -0.2710931191 0.6171771437
v 0.05609382148 0.4185088298 0.6647027038
v 0.17163273 -0.2660281908 0.6132262703
v 0.05624682363 0.4235736954 0.6607518722
v 0.2061613727 -0.4723879343 0.5990043541
v 0.09077546635 0.2172139937 0.646529956
v -0.3121100388 -0.4255131673 0.344923395
v -0.4274959139 0.2640887608 0.392448955
v -0.3090239724 -0.4439569674 0.3436523018
v -0.4244098684 0.2456449606 0.3911778619
v -0.5655238098 0.6000264918 0.2115827961
v -0.3347520179 -0.779177406 0.1165316342
v -0.4178955889 0.6283678598 0.1587685089
v -0.187123797 -0.7508360798 0.06371735218
v -0.3259231208 0.6842099532 -0.4282101989
v -0.09515130802 -0.6949939446 -0.5232613608
v 0.3567213786 0.7935172418 -0.3569009106
v 0.5874931705 -0.5856866142 -0.4519520725
v -0.4213887769 0.2942745714 0.5143279108
v -0.2886672251 -0.5038126744 0.4226655509
v -0.404053121 0.1857892745 0.470191111
v -0.3104877346 -0.3734026074 0.4316534705
v -0.4258736515 0.3161993624 0.4791790305
v 0.2406416237 -0.2219259984 0.4339181299
v 0.1252557277 0.4676759505 0.48144369
v -0.4714522627 0.5932558634 0.5382190324
v -0.240680429 -0.7859480762 0.4431678704
v -0.4107673585 0.2287296259 0.5256343744
v -0.4170716131 0.2664068245 0.5282309885
v -0.2953814626 -0.460872323 0.4781087726
v -0.3016857172 -0.4231950826 0.4807054284
v 0.2721792918 -0.2559585263 0.3936232229
v 0.1567933959 0.4336434017 0.4411488248
v 0.1730314964 -0.2496448941 0.5978948732
v 0.05764560049 0.4399570548 0.645420475
v 0.2124506524 -0.4852327424 0.581658715
v 0.09706475647 0.2043691648 0.6291843168
v 0.07859084981 0.47957431 0.5678964057
v 0.1939767562 -0.210027618 0.5203708039
v 0.1279813935 0.1843981731 0.5475516466
v 0.2433672894 -0.5052037341 0.5000260448
v 0.264007704 -0.4922956011 0.4530972678
v 0.1486218081 0.1973063269 0.5006228278
v -0.2897761421 -0.5040728663 0.4055979399
v -0.405162059 0.1855290826 0.4531235418
v -0.3120020189 -0.3712402452 0.4147524424
v -0.4273879357 0.3183617037 0.4622780025
v 0.2454272081 -0.2257634216 0.4271405258
v 0.1300413121 0.4638385273 0.4746660858
v 0.2848463641 -0.4613514787 0.4109043676
v 0.1694604681 0.2282504702 0.4584299694
v 0.2442162652 -0.5050142188 0.4979739164
v 0.1288303693 0.1845877301 0.5454994765
v 0.0561628847 0.4212451262 0.6626089297
v 0.1715487911 -0.2683568227 0.6150833279
v 0.2705767245 -0.4846736368 0.4393298207
v 0.1551908076 0.2049283121 0.4868553807
v 0.2250087857 -0.2123378497 0.4580985996
v 0.1096228793 0.4772640783 0.5056241597
v -0.4697513871 0.585547809 0.6541936078
v -0.2389795534 -0.7936560888 0.5591424459
v 0.08452005256 0.4815384268 0.5537918244
v 0.1999059485 -0.2080634804 0.5062662644
v -0.3146037499 -0.3974925592 0.358623173
v -0.6584177056 0.605141984 -0.08817757829
v -0.427645872 -0.7740619556 -0.1832287402
v -0.1113328192 0.7347113668 -0.6399948745
v 0.1194389831 -0.644492531 -0.7350460782
v -0.2888240963 -0.5042359823 0.4186098322
v -0.4042100131 0.1853659458 0.4661353923
v -0.4582635535 0.5871091692 0.6594286069
v -0.2274917616 -0.7920946868 0.564377445
v 0.2279726718 0.7400987467 0.1056232904
v 0.4587445055 -0.6391051511 0.01057213637
v 0.2699268504 0.7655716546 -0.1621328645
v 0.5006986423 -0.6136322014 -0.2571840264
v 0.1294180149 0.4643623781 0.475533963
v 0.2448039213 -0.2252395708 0.4280083612
v 0.2899450225 0.7384800348 0.2795714109
v 0.5207168353 -0.6407238212 0.1845202699
v -0.3021402698 -0.4202866059 0.4799717198
v -0.3948761457 0.6820953772 -0.5649365088
v -0.164104312 -0.6971085206 -0.6599876707
v -0.406744263 0.2065276422 0.511591489
v -0.42077445 0.2903787731 0.5173702637
v -0.291358367 -0.4830743067 0.4640659289
v -0.3053885749 -0.399223134 0.4698447037
v -0.4175242025 0.2693025611 0.5275008722
v -0.3051660814 -0.4611777529 0.3475396414
v -0.4205519774 0.228424196 0.3950652015
v -0.5248445673 0.6016045605 0.2874489723
v -0.2940727754 -0.7775993791 0.1923978103
v 0.0153863548 0.6649866634 0.6793772929
v 0.2461581598 -0.7142172344 0.584326131
v 0.1016979705 0.197251586 0.6163134854
v 0.217083856 -0.4923503212 0.5687879253
v -0.4740143321 0.5967734874 0.4809577256
v -0.2432425193 -0.7824304521 0.3859065637
v -0.3120442076 -0.3712388668 0.4142437545
v 0.2293927205 -0.5033899931 0.5354008646
v 0.1140068141 0.1862119767 0.5829264247
v 0.1821384217 -0.2209755189 0.5548641292
v 0.06675252575 0.4686264509 0.602389731
v -0.403940924 0.1870017838 0.4768992082
v -0.288555028 -0.5026001442 0.4293736063
v -0.2896737195 -0.4928231277 0.4523468508
v -0.4050596363 0.1967788212 0.4998724108
v -0.2968711228 -0.4524059986 0.4806779013
v -0.4122570396 0.2371959294 0.5282035031
v 0.2108360341 -0.4823042155 0.5861425453
v 0.0954501277 0.2072977334 0.6336681053
v -0.4252248217 0.314204711 0.485666117
v -0.3098389048 -0.375397217 0.438140557
v -0.636894418 0.6199004076 -0.2500682855
v -0.4061225844 -0.7593034902 -0.3451194474
v 0.005893937535 0.6604068015 0.7227850206
v 0.2366657503 -0.7187970963 0.6277339005
v 0.007004559381 0.6607429332 0.720604321
v 0.23777638 -0.7184610064 0.6255532008
v -0.3914894739 0.6307522769 0.1882806673
v -0.1607176507 -0.7484516209 0.09322950535
v -0.2918924517 0.691223731 -0.4473585515
v -0.06112064936 -0.6879802086 -0.5424097134
v 0.1853512841 0.367023875 0.4140598366
v 0.1890469781 0.3449364902 0.4125376576
v 0.3007371801 -0.322578053 0.3665342765
v 0.3044328741 -0.3446654378 0.3650120557
v -0.4064254245 0.204747339 0.5098215241
v -0.2910395077 -0.484854589 0.462295964
v -0.4299900218 0.2921199369 0.4061574214
v -0.3016628684 -0.4233406547 0.4807384275
v -0.4896032478 0.6421156745 -0.2148108632
v -0.2588314559 -0.7370882233 -0.3098620251
v -0.5078856446 0.6310153092 -0.09813064935
v -0.2771138318 -0.7481886304 -0.1931818113
v -0.4170467593 0.2662483869 0.5282669116
v -0.4176927487 0.2178318294 0.4002861656
v -0.3023068527 -0.4717700986 0.3527605637
v 0.3054163527 -0.3805436615 0.3688072066
v 0.1900304567 0.3090582665 0.4163328085
v -0.4299520101 0.2910993029 0.405335743
v -0.3145661142 -0.3985026251 0.3578101829
v 0.1740997912 -0.3215608443 0.6423470861
v 0.05871388476 0.3680410837 0.689872688
v 0.2310433246 -0.5041329748 0.5310684544
v 0.1156574287 0.1854689741 0.5785940145
v 0.2155109043 0.781305307 -0.5225442354
v 0.4462826962 -0.5978985908 -0.6175953973
v -0.3069962802 -0.3892663349 0.4610052802
v -0.4223821761 0.300335614 0.5085308403
v -0.2898499725 -0.491740965 0.4539429645
v -0.4052358684 0.1978609421 0.5014685664
v 0.2580333572 -0.4977530311 0.4660747825
v 0.1426474613 0.1918488969 0.5136003843
v -0.3117446674 -0.4280876426 0.3444147906
v 0.2095052083 -0.2077219393 0.4860618978
v 0.09411930191 0.4818800305 0.5335874579
v -0.3146031233 -0.3840313357 0.3732914964
v 0.1743089806 0.76288611 -0.3553121068
v 0.4050807725 -0.6163178296 -0.4503632687
v 0.07840502083 0.7046569261 0.2567576692
v 0.3091768336 -0.6745469717 0.1617065282
v 0.08914626992 0.6900332559 0.4950275116
v 0.3199180723 -0.6891706419 0.3999763497
v -0.4271323386 0.2615266496 0.3919425645
v 0.1764938365 0.2445090176 0.4448982364
v 0.2918797324 -0.4450928895 0.3973726763
v -0.3107063852 -0.4347113205 0.3436044322
v -0.4260922811 0.2548906284 0.3911299922
v -0.3078617137 -0.4496121416 0.3443648742
v -0.4232476306 0.2399897864 0.3918904343
v 0.1869844488 0.2828590853 0.4241234443
v 0.3023703447 -0.4067428845 0.3765978424
v 0.09999066219 0.754921456 -0.4201790454
v 0.3307624854 -0.6242824836 -0.5152302073
v -0.01181989715 0.6870343866 0.2934084695
v 0.2189519202 -0.6921695112 0.1983573076
v -0.4587551988 0.5870331041 0.6593391333
v -0.2279833861 -0.7921707937 0.5642879714
v -0.4753948236 0.5850500233 0.6477150008
v -0.2446230109 -0.7941539162 0.5526638389
v -0.657311441 0.6034419021 -0.06082339088
v -0.4265396074 -0.7757620375 -0.1558745476
v -0.3052118416 -0.4003574688 0.470646499
v -0.4262157146 0.2556331089 0.3911855895
v -0.4106114272 0.196612468 0.421212503
v -0.2952255521 -0.4929894601 0.373686943
v 0.3056817868 -0.3740710696 0.3675530307
v 0.1902958909 0.3155308793 0.4150786326
v -0.3108537535 -0.4338235603 0.3436718924
v 0.2553495461 -0.4997562873 0.4720580683
v 0.1399636397 0.1898456407 0.5195836284
v 0.206450867 -0.2075138359 0.4921986087
v 0.09106496064 0.4820880921 0.5397242105
v -0.4296630797 0.3104744514 0.4290597386
v -0.3142771838 -0.3791274975 0.3815341368
v 0.2895801523 -0.2878697321 0.3756117532
v 0.1741942564 0.4017322377 0.423137355
v 0.3053301372 -0.3819998423 0.3691246666
v 0.1899442204 0.3076020858 0.4166502685
v -0.2890034403 -0.5044143029 0.4152662681
v -0.4043893362 0.1851876042 0.46279187
v 0.07860769399 0.4795823301 0.5678540916
v 0.1939935899 -0.2100196188 0.5203285316
v -0.3067634274 -0.3906525491 0.4624641343
v -0.4205960458 0.2892335361 0.5181796614
v -0.4790754383 0.5854083772 0.6335793001
v -0.2483036047 -0.7937955206 0.5385281382
v -0.4299886851 0.3055787168 0.4208288359
v -0.3468244374 0.6355390309 0.2272654461
v -0.1160526246 -0.7436649087 0.1322142946
v -0.2376676291 0.7018148236 -0.4693855145
v -0.006895818884 -0.677389116 -0.5644366764
v -0.1084490187 0.6699775943 0.306302087
v 0.1223227941 -0.7092263453 0.211250946
v 0.01235318102 0.7433239734 -0.4646710662
v 0.2431249964 -0.6358799244 -0.5597222281
v 0.1916139765 -0.4254173445 0.6344244538
v 0.07622808056 0.2641845418 0.6819500139
v 0.2102921958 -0.4812624872 0.5876499791
v 0.0949062999 0.2083394617 0.6351755391
v 0.1724103609 -0.2548625791 0.6032530552
v 0.05702444924 0.4347393489 0.6507786152
v -0.3623391468 0.6337869858 0.2150198647
v -0.1315673236 -0.7454169538 0.1199687132
v -0.256107461 0.6982867568 -0.4629625047
v -0.02533565995 -0.6809171828 -0.5580136667
v -0.4221477569 0.2989399805 0.5099993017
v -0.5507805491 0.600795497 0.2362194475
v -0.3200087363 -0.7784084009 0.1411682856
v 0.2645187102 -0.4917645657 0.4520081711
v 0.1491328038 0.1978374041 0.4995337311
v 0.217264662 -0.2093517206 0.4714713521
v 0.1018787661 0.4802502075 0.5189969539
v -0.4398123181 0.6725130555 -0.5349946411
v -0.2090405053 -0.7066908423 -0.630045803
v 0.2412856289 -0.2224177899 0.4329905201
v 0.1258997434 0.4671841381 0.4805160802
v 0.2821440693 -0.4666076976 0.4161616307
v 0.1667581524 0.2229942722 0.4636871908
v -0.4099087963 0.1948513794 0.4241009297
v -0.4295046839 0.3119659913 0.432172267
v -0.2945229003 -0.4947505277 0.3765753696
v -0.3141187879 -0.3776359367 0.3846467069
v 0.2463115848 -0.5044135092 0.4929569204
v 0.1309256784 0.1851884188 0.5404825222
v -0.6459514269 0.5997364754 0.02052351571
v -0.4151795932 -0.7794674642 -0.07452763838
v 0.2014212353 -0.4599420816 0.6116228884
v 0.08603532888 0.2296598673 0.6591484485
v -0.0004943434583 0.6588353744 0.730076743
v 0.2302774732 -0.7203685234 0.6350255393
v -0.3146855167 -0.3865000886 0.3699191103
v -0.4300714336 0.3031018812 0.4174447122
v -0.2982601565 -0.4846663269 0.3631533691
v -0.4136460525 0.204935622 0.4106789292
v 0.1918472052 -0.4263886468 0.6339638026
v 0.0764612988 0.263213323 0.6814894045
v -0.5691182926 0.6414240712 -0.3978275213
v -0.3383464589 -0.7377798684 -0.4928786832
v 0.07491277272 0.6859555238 0.5196385155
v 0.3056845855 -0.693248374 0.4245873536
v 0.2361464943 -0.505488738 0.5179310819
v 0.120760588 0.1841132109 0.565456642
v 0.1968629481 -0.2088689934 0.5133186803
v 0.08147704169 0.4807329555 0.5608442404
v -0.4185012274 0.2206848133 0.3986330761
v -0.3031153315 -0.4689171356 0.3511074742
v -0.4298291197 0.2883858552 0.4032989864
v -0.3144432028 -0.4012160728 0.3557734263
v 0.1957845448 0.7313194736 0.1548629153
v 0.4265563576 -0.6478844242 0.05981175338
v 0.2544499229 0.7669388212 -0.2195461761
v 0.4852217566 -0.6122650766 -0.3145973171
v 0.1476917651 0.7731109122 -0.5682991622
v 0.3784635883 -0.6060929856 -0.6633503241
v 0.1899472279 0.3346538768 0.4128417926
v 0.3053331447 -0.3549480929 0.3653161908
v 0.3810905282 0.7942092211 -0.3077759578
v 0.6118623619 -0.5849946767 -0.4028270988
v 0.3784323018 0.7626535288 0.1436475021
v 0.6092041355 -0.6165504108 0.04859635061
v -0.3029464929 -0.4695213957 0.3514413085
v -0.4183323888 0.2200805323 0.3989668686
v -0.2714471079 0.7064514941 -0.6186768499
v -0.04067530036 -0.6727524037 -0.7137280118
v 0.2825599836 -0.465828375 0.4153493925
v 0.1671740668 0.2237735739 0.4628749944
v 0.2419128213 -0.2229040676 0.4320918995
v 0.1265269149 0.4666978395 0.4796174595
v 0.2149489792 -0.4892990292 0.5747127734
v 0.09956308323 0.2003029197 0.6222383753
v 0.09912136478 0.7666822634 -0.5929402831
v 0.3298931671 -0.6125216762 -0.687991445
v -0.6536569333 0.6115780263 -0.1700067395
v -0.4228851414 -0.7676258715 -0.265057891
v -0.3135838052 -0.4128880749 0.349085254
v -0.4289696802 0.2767138531 0.3966108558
v -0.3062338958 -0.4568145992 0.3460580221
v -0.4216197708 0.2327873288 0.3935835822
v 0.3039173984 -0.3966715491 0.3730688985
v 0.2835778398 -0.2751123091 0.3814464176
v 0.1885315024 0.2929303998 0.4205945003
v 0.1681919439 0.4144896189 0.4289719776
v -0.3063879892 -0.3929352537 0.4646865632
v -0.3121589736 -0.4251562336 0.3450026347
v -0.008022363333 0.6573082664 0.7339581929
v 0.2227494521 -0.7218956731 0.6389069892
v -0.3001795783 -0.4326580226 0.4821469057
v -0.4113396637 0.1985059707 0.4184192309
v -0.4298006318 0.3088378824 0.4260231501
v -0.2959537887 -0.4910959364 0.3708936708
v -0.3144147567 -0.3807640874 0.37849759
v 0.1532262941 0.4386796124 0.4452197899
v 0.26861219 -0.2509223156 0.3976942299
v 0.2285766395 -0.5029643043 0.5375573789
v 0.1131907331 0.186637582 0.5850829389
v -0.3104797146 -0.3734237436 0.4317363442
v -0.4155633439 0.256930664 0.5296735101
v -0.4722023455 0.5911569097 0.566853842
v -0.2414305327 -0.7880469881 0.4718026801
v 0.2283126255 -0.213981478 0.4526995656
v 0.1129267191 0.4756204291 0.5002251674
v -0.2889684988 -0.5043939604 0.4158566185
v -0.4043544156 0.1852079885 0.4633821785
v -0.3111130891 -0.3720470114 0.4249778294
v -0.4264990059 0.3175549584 0.4725033895
v -0.4275465822 0.2644579751 0.3925309934
v 0.1098559514 0.4771551394 0.5052376521
v 0.2252418473 -0.2124468304 0.4577120503
v 0.1809622532 0.3833883539 0.4172304684
v 0.2963481701 -0.3062135741 0.3697048666
v -0.4217723187 0.2966568999 0.5122212294
v 0.2584030519 -0.4974553288 0.4652582837
v 0.1430171351 0.192146641 0.5127838437
v 0.2099325053 -0.2077719602 0.4852225084
v 0.09454659891 0.4818299887 0.5327480685
v 0.1553675096 0.2051577396 0.4864917637
v 0.270753416 -0.4844441884 0.4389661619
v 0.2793525515 -0.4715809593 0.4216455853
v 0.2371563931 -0.2193963433 0.4390254768
v 0.1639666555 0.2180209687 0.4691711454
v 0.1217704972 0.4702056056 0.4865510368
v -0.002500030234 0.6584049237 0.7314529321
v 0.2282717734 -0.7207990159 0.636401812
v -0.2937523079 -0.4699138765 0.4738633297
v -0.4091382039 0.2196880515 0.5213889316
v 0.1714295974 -0.2768404403 0.6212824865
v 0.05604370144 0.4127614669 0.6688080883
v -0.3146764524 -0.3950179167 0.3607518259
v 0.1963254382 -0.443573718 0.6242346975
v 0.08093952132 0.2460282309 0.6717602994
v -0.4667297526 0.5859079173 0.6563044245
v -0.2359579398 -0.7932960223 0.5612533043
v -0.4258643365 0.3161747592 0.4792753964
v 0.1827756391 -0.2200051773 0.5526755765
v 0.06738973796 0.4695967089 0.6002011366
v -0.4041799797 0.1854192456 0.4667951661
v -0.2887940629 -0.5041826824 0.419269606
v -0.4261893153 0.31695805 0.4758607798
v -0.3108034402 -0.372643878 0.4283352197
v -0.2886863771 -0.5000675234 0.4379233475
v -0.4040722939 0.1895343837 0.4854489076
v -0.4223550249 0.2359497527 0.3927284452
v -0.4286594466 0.2736277867 0.3953250592
v -0.306969129 -0.4536521962 0.3452028433
v -0.3132735298 -0.4159741622 0.3477994574
v -0.4052051249 0.1855738194 0.4526947619
v -0.2898192081 -0.5040281295 0.40516916
v -0.288627104 -0.5007672721 0.4359165407
v -0.404012979 0.1888346768 0.4834421008
v -0.3091670383 -0.3780104559 0.4443768918
v -0.4245529343 0.3115914512 0.4919024937
v -0.4789991226 0.5855058291 0.6323500197
v -0.2482273098 -0.7936980269 0.5372988578
v -0.01278364414 0.6564450258 0.7349243574
v 0.2179881576 -0.7227589137 0.6398731537
v 0.1114304591 0.7116198267 0.2359063943
v 0.3422022614 -0.6675840711 0.1408552429
v 0.1992428121 0.7649360662 -0.324521869
v 0.4300146249 -0.6142678316 -0.4195730309
v 0.1012834554 0.4804263142 0.5200708042
v 0.2166693618 -0.2091755929 0.4725452441
v 0.4134235381 0.7756066492 0.04065049357
v 0.64419533 -0.6035972904 -0.05440066312
v -0.3001295574 -0.432967379 0.4821703393
v -0.4155154743 0.2566345699 0.5296959411
v -0.2970435119 -0.4514110538 0.4808992461
v -0.4124294288 0.2381908951 0.5284248479
v -0.3224201375 0.6967007934 -0.6009491309
v -0.09164831952 -0.6825031044 -0.6960002928
v -0.4300625781 0.2945942244 0.4082866174
v -0.3145002621 -0.4000408024 0.3566301089
v -0.3139411565 -0.3762932061 0.3878274056
v -0.4293270734 0.3133087219 0.4353530074
v -0.2938487573 -0.4963750876 0.379551599
v -0.4092346532 0.1932268405 0.4270771591
v 0.3011048071 -0.413303864 0.3792823846
v 0.1857188903 0.276298064 0.4268079446
v -0.5536914904 0.6455423629 -0.4201304239
v -0.3229196567 -0.7336615766 -0.5151815858
v 0.1716532187 -0.2655442523 0.6128313668
v 0.056267328 0.4240576549 0.6603569686
v 0.007895990229 0.6610494492 0.7183210316
v 0.2386677952 -0.7181544904 0.6232699115
v 0.1237031916 0.7699881917 -0.581228306
v 0.3544750149 -0.6092157479 -0.676279468
v 0.2996821477 -0.3181025978 0.367220199
v 0.1842962517 0.3714993511 0.4147458008
v 0.2610120302 -0.4952044955 0.4595473033
v 0.1456261238 0.1943974325 0.5070729052
v 0.1985923533 -0.4512574199 0.6187847027
v 0.08320645733 0.238344529 0.6663102628
v 0.171762826 -0.2909111661 0.6298353187
v 0.05637693002 0.3986907619 0.6773609205
v 0.4065976466 0.7726449979 0.06705129321
v 0.6373694802 -0.6065588999 -0.02799986087
v 0.2759525756 0.7876017087 -0.4671614147
v 0.5067243675 -0.5916021891 -0.5622125766
v -0.4091554135 0.2197825585 0.5214423567
v -0.4185398239 0.2758684069 0.5253075995
v -0.2937694967 -0.4698193486 0.4739167967
v -0.3031539071 -0.4137335211 0.4777820394
v -0.4298866802 0.2895719861 0.4041638143
v 0.4231250325 0.7809317067 -0.01306283974
v 0.6538968662 -0.5982722329 -0.108113994
v -0.1383836391 0.73017361 -0.6398272473
v 0.09238817366 -0.6490302878 -0.7348784092
v -0.4964546614 0.6261613874 5.357137716e-05
v -0.2656828695 -0.7530425104 -0.09499758532
v -0.4488070463 0.6550911842 -0.3040390775
v -0.2180352126 -0.7241127136 -0.3990902185
v -0.01765038723 0.6556306991 0.7349245245
v 0.2131214329 -0.7235731987 0.6398734043
v -0.3095058851 -0.3766280011 0.4412938539
v -0.424891781 0.3129739269 0.4888194139
v -0.2885684574 -0.5017603372 0.4326696767
v -0.4039543325 0.1878415908 0.4801952367
v -0.503835732 0.6014365155 0.3408942008
v -0.2730639401 -0.7777673823 0.2458430598
v -0.6286968486 0.6230627688 -0.2760522413
v -0.3979250567 -0.7561410872 -0.3711034033
v 0.1734329789 -0.3147910095 0.6402285
v 0.05804708297 0.3748109185 0.6877540601
v -0.4995356108 0.637823281 -0.1766420193
v -0.268763798 -0.7413806168 -0.2716931812
v -0.5056499742 0.6341108367 -0.1376193333
v -0.2748781823 -0.7450930611 -0.2326704952
v -0.3111440205 -0.4320280315 0.3438471638
v -0.4265299165 0.2575738965 0.3913727238
v 0.3114752441 0.7906737191 -0.4254924488
v 0.5422470569 -0.5885301787 -0.5205436107
v -0.4765738117 0.5850023208 0.6455448692
v -0.2458019989 -0.7942016188 0.5504937073
v 0.1842523503 0.2697679742 0.4298022191
v 0.2996382463 -0.4198339747 0.382276659
v -0.5137112029 0.601642781 0.3139247405
v -0.282939411 -0.7775611168 0.2188735786
v 0.2874561569 -0.2830715955 0.3776234471
v 0.1720702609 0.4065303534 0.425149049
v 0.00998955025 0.6621493646 0.7074440997
v 0.2407613604 -0.717054575 0.6123929378
v 0.4259766171 0.7832819133 -0.04024207709
v 0.656748409 -0.5959219845 -0.1352932286
v 0.1779578493 -0.2293739653 0.5709087671
v 0.06257195332 0.4602279627 0.6184343271
v -0.3072210502 -0.4525356142 0.3449431944
v -0.4226069461 0.2370663347 0.3924687545
v 0.2536770957 -0.2333975621 0.4160477628
v 0.2899274787 -0.4500477719 0.4011168665
v 0.1382911893 0.4562043659 0.4635733229
v 0.1745415827 0.2395541561 0.4486424266
v -0.3088718214 -0.379313504 0.4469582177
v 0.2979753197 -0.4263052718 0.3855830051
v 0.1825894029 0.2632966354 0.4331086069
v -0.4677703531 0.5857788447 0.6556510834
v -0.2369985403 -0.7934250949 0.5605999215
v -0.4656591605 0.5860456364 0.6569055099
v -0.2348873268 -0.7931582614 0.561854348
v -0.04439230807 0.7349120349 -0.4803834571
v 0.1863794995 -0.6442918629 -0.575434619
v 0.061866388 0.6820300472 0.5449229106
v 0.2926381903 -0.6971738506 0.4498717487
v 0.2330563762 -0.2167055147 0.4452314441
v 0.1176704698 0.4728964551 0.4927570041
v 0.2764853445 -0.4762579389 0.4273437002
v 0.1610994277 0.2133439682 0.474869302
v -0.300623166 -0.4774002937 0.3566447705
v -0.4160090828 0.2122016552 0.4041703306
v 0.2414725544 -0.5055119627 0.5046462993
v 0.1260866584 0.1840899862 0.5521719012
v 0.004574951228 0.660044354 0.7248419109
v 0.2353467666 -0.7191595855 0.6297907908
v 0.006476011956 0.6605783552 0.7217089147
v 0.23724783 -0.7186255844 0.6266577528
v 0.02243276617 0.7557496924 -0.6204981932
v 0.2532045816 -0.6234542054 -0.7155493551
v -0.4720567316 0.5951295041 0.5095651334
v -0.2412848979 -0.7840743937 0.4145139715
v -0.424256318 0.3102820748 0.4944958078
v -0.2453477386 0.7112946808 -0.6255857405
v -0.01457593076 -0.6679092588 -0.7206369024
v -0.6510705114 0.6007358061 -0.006405315751
v -0.4202987195 -0.7784681335 -0.1014564711
v -0.3039536766 -0.4085240023 0.4754666281
v 0.307445131 0.7428325787 0.2589034065
v 0.5382169438 -0.6363712773 0.1638522446
v 0.2452079309 0.7454177892 0.07028789203
v 0.4759797437 -0.6337860668 -0.02476326401
v 0.2754766153 0.7637958 -0.1228902434
v 0.5062484281 -0.6154080978 -0.2179413949
v 0.2866766672 -0.2813946339 0.3783769134
v 0.1712907713 0.4082072941 0.4259024735
v 0.3047439431 -0.3893739789 0.3709354001
v 0.1893580472 0.3002279491 0.4184609602
v -0.2886027306 -0.5034279212 0.4252174282
v -0.4039886265 0.1861739859 0.4727429883
v 0.1887141255 -0.2133876607 0.5343702892
v 0.07332822955 0.4762142464 0.5818958493
v 0.259124814 -0.4968588799 0.4636693963
v 0.1437389076 0.192743069 0.5111949564
v 0.2107729598 -0.2078846585 0.4835847072
v 0.09538705341 0.4817172904 0.5311102673
v 0.3427637061 0.792808387 -0.3805027677
v 0.573535498 -0.586395469 -0.4755539296
v 0.3238960342 0.7470694167 0.2373677755
v 0.554667847 -0.6321345228 0.1423166136
v -0.4247539783 0.3124268723 0.4900887945
v -0.3093680615 -0.3771750766 0.4425632344
v 0.2376134102 -0.5056307178 0.5142284956
v 0.1222275143 0.1839712311 0.5617540557
v -0.4193377764 0.2810660419 0.5229981196
v -0.5010514824 0.65860885 -0.4819236394
v -0.2702796905 -0.7205950896 -0.5769748013
v 0.2695359986 -0.2521903595 0.3966283997
v 0.2984034104 -0.4247160085 0.3847383944
v 0.1541500923 0.4374115685 0.4441539597
v 0.1830175144 0.2648859196 0.4322639544
v -0.1999224481 0.7088201635 -0.4793936502
v 0.03084935949 -0.670383776 -0.5744448121
v -0.3141087838 0.6394906561 0.2493563396
v -0.08333697621 -0.7397132834 0.1543051882
v -0.4255572775 0.2517837809 0.3909931503
v -0.3101713606 -0.437818168 0.3434675902
v 0.3015804541 -0.4109604661 0.3782872727
v 0.2768539532 -0.2631831016 0.3884717241
v 0.1861945582 0.2786414828 0.4258128328
v 0.1614680572 0.4264188055 0.4359973259
v -0.423864046 0.2429277744 0.3914543862
v -0.3084781501 -0.4466741327 0.3439288262
v 0.2130196577 -0.2082760115 0.4792882618
v 0.09763376178 0.4813259374 0.5268138637
v -0.3116790869 -0.3713668951 0.41857228
v -0.4782746037 0.585036949 0.6409129605
v -0.2475027909 -0.7941669488 0.5458617986
v -0.3122431005 -0.3712825175 0.4118147677
v 0.2387819555 -0.505668813 0.5113028092
v 0.1233960595 0.1839331359 0.5588283693
v 0.2723311296 0.7564711621 -0.02424530685
v 0.5031029424 -0.6227327775 -0.1192964603
v -0.001480109012 0.658621256 0.730790109
v 0.2292916972 -0.7205826418 0.6357389471
v 0.07775694292 0.2579581484 0.6788402842
v 0.1931428389 -0.4316437796 0.6313146824
v 0.1566457143 0.7217553224 0.1986164134
v 0.387417548 -0.6574486172 0.1035652619
v 0.2307118504 0.7667253711 -0.2740819216
v 0.4614836423 -0.6124785267 -0.3691330626
v 0.2217352718 -0.4977560386 0.5559794999
v 0.1063493758 0.1918459103 0.6035050599
v 0.1271175576 0.7150480607 0.2242491791
v 0.3578893809 -0.6641558789 0.1291980276
v 0.2105514688 0.7657059068 -0.3082353767
v 0.4413233025 -0.6134980328 -0.4032865386
v -0.4622934995 0.586507123 0.6583803206
v -0.2315217076 -0.7926967748 0.5633291586
v -0.301493445 -0.4745402714 0.3545619822
v -0.416879341 0.2150616566 0.4020875841
v 0.1771814507 -0.2314795606 0.5743299
v 0.06179555473 0.4581223674 0.6218555018
v -0.3146542093 -0.3958849584 0.3599830296
v -0.4300401053 0.2937169905 0.4075085897
v -0.2932059216 -0.4978593384 0.3826082794
v -0.4085918385 0.1917426105 0.4301338395
v -0.3137458351 -0.3751027729 0.3910683382
v -0.4291317519 0.314499176 0.43859394
v 0.2818868849 -0.2719130223 0.3831681786
v 0.166500968 0.4176889058 0.4306937387
v -0.4790476188 0.5852431727 0.6360438341
v -0.2482758269 -0.7939607669 0.5409926721
v -0.4120903313 0.2005275227 0.4157280054
v -0.4299156693 0.307060524 0.4230702289
v -0.2967044354 -0.4890743844 0.3682024453
v -0.3145297733 -0.3825414458 0.3755446688
v -0.5965584918 0.6336049475 -0.3509927918
v -0.365786679 -0.7455989921 -0.4460439746
v 0.2961215203 -0.4326930267 0.3892036783
v 0.1807356244 0.2569089222 0.4367292384
v -0.3471673151 0.6918174647 -0.590174371
v -0.1163955128 -0.6873864331 -0.6852255329
v -0.4270637506 0.3182341975 0.4661119587
v 0.257101257 -0.2369660633 0.4116495214
v 0.1417153506 0.4526358229 0.4591750815
v -0.2901384434 -0.5036484306 0.4021995305
v -0.4055243393 0.1859534974 0.4497250905
v -0.3122830336 -0.3713015651 0.411320449
v -0.4276689296 0.3183003838 0.4588460509
v -0.4276278269 0.31831987 0.4593546135
v -0.3048019422 -0.4030046675 0.4723845508
v 0.2530590303 -0.2327792461 0.4168541948
v 0.1376731239 0.4568227028 0.4643797548
v -0.5039283802 0.6275942181 -0.03888263551
v -0.2731565883 -0.7516096797 -0.1339337896
v -0.4677720239 0.6495469539 -0.2696366251
v -0.2370002112 -0.7296569021 -0.3646877661
v 0.2370283648 0.742816288 0.08817798555
v 0.4678001776 -0.6363876516 -0.006873173098
v 0.2731847211 0.764768982 -0.1425760014
v 0.5039565339 -0.6144349158 -0.2376271529
v -0.4201861047 0.2865860032 0.5199171702
v -0.4200899895 0.2266120423 0.3957885508
v -0.4294746505 0.2826991439 0.3996539607
v -0.3047040935 -0.4629899066 0.3482629908
v -0.3140887337 -0.4069027841 0.3521283588
v 0.2567119926 0.7857233479 -0.4866200426
v 0.4874837845 -0.5934805499 -0.5816712045
v 0.2648980749 -0.2460613762 0.4020598898
v 0.149512179 0.4435405936 0.4495854917
v 0.1715361345 -0.2844065775 0.6261303097
v 0.2004029196 -0.4569285089 0.6142405551
v 0.05615022807 0.4051953505 0.6736558698
v 0.08501701323 0.2326734609 0.6617661151
v 0.4200594966 0.7916935176 -0.1766612862
v 0.6508312885 -0.5875103802 -0.2717124377
v -0.3074919773 -0.3864052265 0.4576909142
v -0.2899727794 -0.4910007402 0.4549816853
v -0.4053586753 0.1986011879 0.5025072872
v -0.2906576785 -0.4870123564 0.4599609621
v -0.4060435953 0.2025895925 0.5074865639
v 0.007478269244 0.6609000759 0.7194741633
v 0.2382500846 -0.7183038637 0.6244230014
v 0.2577493976 -0.237669467 0.4108300151
v 0.1423634912 0.4519324401 0.4583556169
v 0.2922782492 -0.4440308187 0.3966082242
v 0.1768923323 0.2455711094 0.4441338261
v 0.2700081786 -0.4854028759 0.4405020835
v 0.1546222722 0.2041990522 0.4880276854
v -0.4228763694 0.3031882429 0.5052269588
v -0.3147319244 -0.3903216388 0.3654024062
v 0.19346174 -0.4329012972 0.6306402469
v 0.1731231421 -0.3113479677 0.6390173901
v 0.07807585448 0.2567006308 0.6781658488
v 0.05773724096 0.3782539812 0.6865429502
v -0.01521564532 0.6560296962 0.7350460782
v 0.2155561632 -0.7231742016 0.6399949163
v -0.4412951488 0.6266573769 0.1267767371
v -0.2105233151 -0.7525465209 0.03172558568
v -0.3578612272 0.6773151812 -0.4057078396
v -0.1270894144 -0.7018887166 -0.5007590015
v -0.4614554886 0.6256378708 0.09262329248
v -0.2306836967 -0.7535660688 -0.002427866822
v -0.3873893943 0.6706079195 -0.3800750738
v -0.1566175606 -0.7085960201 -0.475126194
v -0.3147162184 -0.3881162524 0.3679158541
v -0.4740114081 0.585140583 0.6497595686
v -0.2432396162 -0.7940633566 0.5547084067
v 0.1968330818 -0.4453519953 0.6230403378
v 0.1721075207 -0.2975801029 0.6332243714
v 0.08144716495 0.2442499327 0.6705658978
v 0.0567216091 0.392021846 0.6807499315
v -0.5030747887 0.6358921216 -0.1572133307
v -0.2723029759 -0.7433117762 -0.2522644822
v -0.3058045102 -0.3965760187 0.4678287908
v -0.4211904062 0.2930259302 0.5153543926
v -0.2909390065 -0.4854193337 0.4617059897
v -0.4063249233 0.2041826361 0.5092315915
v -0.2975054998 -0.4868411786 0.3655191981
v -0.4128914166 0.2027607077 0.4130447999
v 0.005259735449 0.6602286479 0.7238302995
v 0.2360315404 -0.7189752916 0.6287791376
v -0.3113007455 -0.4310307894 0.3439669631
v -0.4266886047 0.2585835238 0.3914941105
v -0.3135120843 -0.4136314744 0.3487586879
v -0.3066079347 -0.3915913118 0.4634038995
v -0.4219938306 0.2980106163 0.5109295013
v -0.2901824909 -0.4897577171 0.456638576
v -0.4055684078 0.1998442318 0.5041641361
v -0.4301177994 0.2992897921 0.4129382837
v -0.4288991707 0.2759823584 0.3962894275
v -0.43010201 0.3014947399 0.4154522329
v 0.08336512468 0.7528725858 -0.4308149583
v 0.3141369375 -0.626331312 -0.5258661202
v -0.03082120972 0.6835431201 0.2979350107
v 0.1999506018 -0.6956608194 0.2028838487
v 0.3695075401 0.7939845764 -0.3326385906
v 0.6002793738 -0.5852193214 -0.4276897316
v 0.07273903838 0.475714957 0.5835739596
v 0.1881249448 -0.2138869919 0.5360483995
v -0.6317792183 0.5984576964 0.0734868238
v -0.4010074264 -0.7807462432 -0.02156432833
v -0.3043826444 -0.4057288504 0.4739923187
v -0.4611002258 0.6678040375 -0.5183507975
v -0.2303283922 -0.7113998603 -0.6134019594
v 0.1215459673 0.184023988 0.5634701777
v 0.2369318737 -0.5055779609 0.5159446176
v -0.5062202744 0.6285674419 -0.05856838834
v -0.2754484616 -0.7506364977 -0.1536195476
v -0.47595159 0.6469454109 -0.2517465211
v -0.2451797772 -0.7322584869 -0.3467976831
v -0.6227613907 0.5981814226 0.09938987956
v -0.3919895988 -0.781022517 0.004338726778
v 0.3665589214 0.758981686 0.1680996507
v 0.5973307551 -0.6202222536 0.07304848879
v -0.4197667651 0.2838614861 0.5215243951
v 0.171027551 0.7760428225 -0.5541849318
v 0.4017993638 -0.6031610753 -0.6492360937
v 0.0394514659 0.6746712406 0.597279502
v 0.2702232787 -0.7045326572 0.5022283401
v -0.3137727774 -0.4108220786 0.3500508754
v -0.08429202959 0.7391535513 -0.638799554
v 0.146479778 -0.6400503465 -0.7338506742
v -0.4787798246 0.5851189456 0.638496338
v -0.2480080118 -0.794084994 0.543445176
v -0.4779343784 0.5850120535 0.6421003863
v -0.2471625656 -0.7941918444 0.5470492244
v -0.4042609738 0.1912712868 0.4897574665
v -0.2888750778 -0.4983306412 0.4422318647
v -0.4238569032 0.308386212 0.4978288873
v -0.3084710072 -0.381215716 0.4503033273
v -0.3142486959 -0.3788331786 0.3821192239
v 0.05913218009 0.4484877484 0.6354633417
v 0.1745180865 -0.2411141796 0.5879377816
v 0.294405273 -0.3003434879 0.3713064524
v 0.1790193771 0.3892584401 0.4188320542
v -0.4773206363 0.5981840959 0.4524621389
v -0.2465488235 -0.7810198436 0.357410977
v -0.06372371182 0.7319059392 -0.4836984498
v 0.1670481062 -0.6472980004 -0.5787496117
v 0.1889090292 0.2959992147 0.4196550275
v 0.3042949252 -0.3936027133 0.3721294674
v 0.2870113369 -0.4567845658 0.406721999
v 0.171625441 0.2328173831 0.4542475591
v -0.4291596968 0.2787915871 0.3975821999
v -0.01157606972 0.656657557 0.7347724778
v 0.2191957378 -0.7225463826 0.6397213577
v -0.009192527858 0.6570896785 0.7342888525
v 0.2215792777 -0.7221142193 0.6392376906
v -0.314087209 -0.3773753271 0.38523217
v 0.2670107713 -0.4890269325 0.4467417183
v 0.1516248754 0.2005749955 0.4942672784
v -0.6437978366 0.616927311 -0.2236889457
v -0.413026003 -0.7622765868 -0.3187401076
v -0.4777561831 0.5863027373 0.6238045392
v -0.2469843912 -0.7929012023 0.5287533773
v 0.1386308716 0.7030848307 0.4257895663
v 0.3694026948 -0.6761190671 0.3307383835
v -0.3135344318 -0.3740676861 0.3943614428
v -0.4289203486 0.3155342628 0.4418870446
v -0.292597025 -0.4991998133 0.3857376833
v -0.4079829418 0.1904021565 0.4332632434
v 0.1634370403 0.2171255017 0.4702183875
v 0.2788229571 -0.4724764472 0.4226928274
v 0.002234413321 0.6594590998 0.7276517662
v 0.23300623 -0.719744798 0.6326006043
v -0.4296339653 0.310775203 0.429657733
v -0.4177193569 0.6772807619 -0.5505361049
v -0.1869475545 -0.7019231359 -0.6455872251
v 0.274906336 0.7582523634 -0.04383929847
v 0.5056781279 -0.6209515344 -0.1388904578
v 0.2687919517 0.7545400027 -0.00481661701
v 0.4995637645 -0.6246639369 -0.09986777175
v 0.4276459137 0.787328693 -0.09490865474
v 0.6584177056 -0.5918752048 -0.1899598114
v 0.1210417698 0.6986077256 0.4480493612
v 0.3518135721 -0.680596214 0.3529981992
v -0.4599490991 0.5868513165 0.6590783566
v -0.2291772863 -0.7923525813 0.5640271947
v -0.4294723949 0.3122324071 0.4327710133
v 0.2180633663 0.7372720995 0.1225804379
v 0.4488352 -0.6419318401 0.027529276
v 0.2657110232 0.7662018963 -0.1815122109
v 0.4964828151 -0.6130020433 -0.2765633729
v 0.07400727025 0.7632013144 -0.6034060625
v 0.3047790935 -0.6160025417 -0.6984572244
v 0.2899601645 -0.2887667028 0.3752586624
v 0.1745742686 0.4008352043 0.4227842225
v -0.290301434 -0.4890624379 0.4575214072
v -0.40568733 0.200539511 0.5050469673
v -0.4117265472 0.2341548296 0.5274244312
v -0.2963406513 -0.4554470984 0.4798988293
v -0.4127878662 0.2402708221 0.5288352068
v -0.2974019702 -0.449331106 0.4813096049
v -0.6493899365 0.6141508726 -0.1969796773
v -0.4186181446 -0.7650530252 -0.2920308183
v -0.3713393262 0.6869449966 -0.5781602221
v -0.1405675029 -0.692258943 -0.6732113422
v -0.6581763943 0.6070679638 -0.1155381097
v -0.4274046024 -0.7721359758 -0.2105892716
v 0.3057517325 -0.3671006502 0.3664853626
v 0.1903658365 0.3225012987 0.4140109227
v 0.2947474615 -0.3013343182 0.3710179397
v 0.1793615447 0.3882676307 0.4185434998
v -0.1922469855 0.7208564928 -0.6354079951
v 0.03852482727 -0.658347405 -0.7304591987
v -0.4790916037 0.5853207415 0.6348115462
v -0.2483197909 -0.7938831563 0.5397603843
v 0.1605444783 0.2124856566 0.4759806627
v 0.2759303743 -0.4771162506 0.4284551026
v 0.400534954 0.7939287703 -0.2564979577
v 0.6313067459 -0.5852751693 -0.3515490987
v 0.2238129849 -0.4996627202 0.5503242004
v 0.1084270889 0.1899392496 0.5978498022
v 0.1810130886 -0.222856741 0.5588704745
v 0.06562718222 0.4667452079 0.6063960346
v -0.2918019129 -0.48061938 0.4663026018
v -0.3049626355 -0.4019646101 0.4717232733
v -0.4071878298 0.2089825689 0.5138282036
v -0.4203485523 0.2876373179 0.5192488334
v 0.2365480813 0.7836228486 -0.5050962571
v 0.467319894 -0.5955810909 -0.600147419
v -0.310787254 -0.3726792163 0.4285079848
v -0.312897089 -0.4193458799 0.3465988737
v -0.6565881752 0.6092150795 -0.1428370705
v -0.4258163416 -0.7699887765 -0.237888222
v -0.4299864712 0.6274271339 0.1430632295
v -0.1992146584 -0.7517767639 0.04801207798
v -0.3421741286 0.6807433734 -0.4173650548
v -0.1114023054 -0.6984605244 -0.5124161749
v -0.464561083 0.5861916263 0.6574527107
v -0.2337892911 -0.7930122298 0.5624015488
v 0.304844674 -0.3486790305 0.3650557482
v 0.1894587572 0.3409228976 0.4125813083
v 0.008559552145 0.661323342 0.7159574583
v 0.2393313702 -0.7178805558 0.6209062964
v -0.3062108381 -0.3940299477 0.4656802131
v -0.421596755 0.2955720221 0.5132057732
v -0.2905462751 -0.4876488637 0.459228256
v -0.4059321919 0.2019530852 0.5067538579
v -0.4282844261 0.2702681826 0.3941283603
v -0.313906779 -0.3760644261 0.3884147902
v -0.4049367877 0.1960078737 0.4986734145
v -0.4227622092 0.3025410839 0.5060154709
v -0.2895509126 -0.4935940543 0.4511478544
v -0.3073763132 -0.387060865 0.4584898691
v -0.3030664594 -0.4143017745 0.4780027159
v -0.3143895688 -0.3804325923 0.3790854758
v -0.4184504756 0.2752877684 0.5255330378
v -0.4047920092 0.1950761912 0.4971473926
v -0.2894061132 -0.4945257159 0.4496217907
v -0.01037806478 0.6568725943 0.7345604479
v 0.2203937526 -0.7223313452 0.6395093278
v 0.2160075204 -0.4908591781 0.5717728013
v 0.100621614 0.1987427708 0.6192983614
v -0.426171855 0.316919934 0.4760472457
v 0.2816462001 -0.4675270367 0.4171354393
v 0.1662603041 0.2220749122 0.4646609994
v 0.1794078688 -0.2259810697 0.5649510869
v 0.06402196759 0.4636208583 0.612476647
v 0.1902823362 0.3150335114 0.4151659758
v 0.305668253 -0.3745684375 0.367640374
v -0.4732471649 0.585201694 0.6507284064
v -0.2424753521 -0.7940022038 0.5556772445
v 0.1743529237 -0.2418969274 0.5889222836
v 0.2735558361 -0.4806260634 0.4332430679
v 0.1581699401 0.2089758646 0.480768628
v 0.2290019941 -0.2143509848 0.4515941364
v 0.1136160877 0.4752509224 0.4991196964
v 0.2922762442 -0.2945259914 0.3731555316
v 0.1768903482 0.3950759366 0.4206810917
v -0.427941068 0.3180738802 0.4554163132
v -0.4059316906 0.1865352011 0.4463510336
v -0.3125551929 -0.3715280478 0.4078907113
v -0.2905457947 -0.5030667269 0.3988254736
v -0.4297749008 0.3091763741 0.426623609
v -0.4292919021 0.3135427233 0.4359539258
v 0.0221063306 0.6680240874 0.6516187982
v 0.2528781408 -0.7111798104 0.5565676363
v 0.3010758807 -0.3241191334 0.3663284705
v 0.1856899847 0.3654828155 0.4138540306
v 0.0574661677 0.3814790825 0.6853244885
v 0.1728520689 -0.3081228455 0.6377988867
v -0.4687783722 0.5856587111 0.6549468652
v -0.2380065385 -0.7935452284 0.5598957451
v -0.2886023128 -0.5011194021 0.4348267339
v -0.4039882088 0.1884825259 0.4823523358
v -0.2996704726 -0.4357908934 0.4823162456
v 0.1716798895 -0.2888840586 0.628724334
v 0.05629399882 0.4007178694 0.6762499358
v 0.4189372337 0.7783711411 0.01392367607
v 0.6497090674 -0.6008327985 -0.08112748062
v -0.165377358 0.7255514758 -0.6382970483
v 0.06539445479 -0.6536523802 -0.7333481684
v -0.4068308126 0.2070081556 0.5120471694
v -0.2914448957 -0.4825937307 0.4645215676
v -0.4150541965 0.2537976888 0.5298422234
v -0.4292412756 0.2797401451 0.39805509
v -0.4208637983 0.2296722733 0.3946045503
v -0.3138553797 -0.4098618038 0.3505294882
v -0.3054779023 -0.4599296338 0.3470789485
v 0.1738147037 -0.2446867953 0.5923082035
v 0.05842879731 0.4449151536 0.6398337636
v 0.214673144 -0.4888768909 0.5754793976
v 0.09928724808 0.2007250162 0.6230049577
v 0.2192723042 -0.4950976034 0.5627399361
v 0.1038863978 0.1945043246 0.610265538
v 0.1936526546 0.7787765709 -0.5389207025
v 0.4244244465 -0.6004273686 -0.6339718644
v 0.09074965184 0.4820940236 0.540371996
v 0.2061355582 -0.2075079253 0.4928463942
v -0.4099643518 0.1949881796 0.4238650068
v -0.2945784767 -0.4946137275 0.3763394467
v -0.4074103442 0.1892085695 0.4364576847
v -0.4286942419 0.3164113087 0.4452241341
v -0.2920244482 -0.5003933377 0.3889320829
v -0.3133083459 -0.3731906193 0.3976985741
v -0.6548603156 0.6019719787 -0.03354340453
v -0.4240885237 -0.7772319609 -0.1285945612
v -0.5196157921 0.6541454458 -0.4622307176
v -0.2888440002 -0.7250584938 -0.5572818796
v 0.07604211583 0.4781737266 0.5744711279
v 0.1914280118 -0.2114282223 0.5269455678
v -0.2189258551 0.7161002735 -0.6311673976
v 0.01184596555 -0.6631036243 -0.7262186013
v -0.3039155187 -0.4659881075 0.3496069744
v -0.4193014355 0.2236138205 0.3971325345
v -0.3142843893 -0.4040184928 0.3538778559
v -0.4296703061 0.2855834352 0.401403416
v -0.4851936029 0.6254244207 0.03808753655
v -0.2544217692 -0.7537795189 -0.05696362015
v -0.4265282039 0.6610437265 -0.3363215444
v -0.1957563911 -0.7181601713 -0.4313726854
v -0.3113873369 -0.3716482231 0.421918768
v 0.2843818699 -0.4622883617 0.411804868
v 0.168995974 0.2273135663 0.459330428
v -0.4819680838 0.5993581132 0.4241435362
v -0.251196271 -0.7798458264 0.3290923951
v 0.4083481044 0.793424343 -0.230209825
v 0.639119938 -0.5857795548 -0.3252609661
v -0.474727907 0.5850899982 0.6487542646
v -0.2439560733 -0.7941138996 0.5537031027
v -0.4055690343 0.1860125826 0.4493344894
v -0.2901831384 -0.5035893663 0.4018088876
v -0.4096413362 0.2224619001 0.522873266
v -0.2942554194 -0.4671400279 0.4753476641
v 0.1729575199 -0.2501898393 0.5984781642
v 0.05757162917 0.4394120679 0.646003766
v -0.2894599144 -0.5043389061 0.409012473
v -0.4048458103 0.185263001 0.4565380748
v -0.3117128796 -0.3713442969 0.4181781701
v -0.4270987965 0.318257652 0.465703772
v 0.1787001209 0.2506363718 0.4406608553
v 0.2940860377 -0.4389655771 0.3931352952
v 0.3534896775 0.7551539537 0.1919095067
v 0.5842615111 -0.6240499441 0.09685834481
v -0.4106649777 0.1967493517 0.4210005567
v -0.2952790817 -0.4928525763 0.3734749549
v 0.3276691509 0.7918597664 -0.403385536
v 0.5584409428 -0.5873441314 -0.4984366979
v 0.1974740795 0.7171524028 0.3645315215
v 0.4282458714 -0.6620515367 0.2694803596
v 0.02536381233 0.6940765269 0.2815038861
v 0.2561356147 -0.6851274127 0.1864527242
v 0.1315954773 0.7585762561 -0.3964785251
v 0.3623672796 -0.6206276834 -0.4915296453
v -0.4267720215 0.3179521803 0.4694583214
v -0.2932534362 -0.4726538071 0.4722223121
v -0.4086393322 0.216948121 0.5197479139
v -0.3036221606 -0.4106854037 0.4764929847
v -0.4190080774 0.2789165243 0.5240185447
v -0.2995943449 -0.4362565153 0.482328568
v -0.41498022 0.2533453918 0.5298541699
v -0.2975995682 -0.4481781413 0.4815069732
v -0.412985485 0.2414238076 0.5290325332
v -0.3141995732 -0.4053277647 0.3530593938
v -0.2430968427 0.6490392685 0.2832124475
v -0.01232502929 -0.730164671 0.1881612856
v -0.1222946404 0.7223856476 -0.4877607266
v 0.1084771724 -0.6568182502 -0.5828118885
v -0.4039452264 0.1867996745 0.4759930687
v -0.2885593304 -0.5028022744 0.4284675086
v 0.006923969963 0.6905484601 0.2879268749
v 0.2376957828 -0.6886554795 0.192875713
v 0.1160807783 0.756824211 -0.4087240856
v 0.3468525911 -0.6223796868 -0.5037752475
v 0.00825670939 0.6611906353 0.7171479333
v 0.23902853 -0.7180132207 0.6220967296
v -0.3125137352 -0.3714822667 0.4084202847
v -0.3083665796 -0.4472156109 0.3439984167
v -0.4237524755 0.2423862962 0.3915239768
v -0.3125364377 -0.422294624 0.3457158336
v -0.4279223546 0.2673073249 0.3932414355
v -0.2888103118 -0.4988791369 0.4409569285
v -0.4041962286 0.1907228328 0.4884825304
v -0.429586221 0.2842855041 0.4005918879
v 0.3890803284 0.7661604594 0.1186137855
v 0.619852162 -0.6130434802 0.02356262359
v 0.0004548463158 0.659046736 0.7293145883
v 0.2312266578 -0.7201571619 0.6342634264
v -0.2939046261 -0.4962430075 0.3792965867
v -0.4092905429 0.1933588997 0.4268221468
v -0.3137089304 -0.3749049451 0.3916574353
v -0.01886139014 0.6554385105 0.7347728955
v 0.2119104274 -0.7237654291 0.6397217336
v -0.2189237665 0.7053288553 -0.4748670881
v 0.01184804888 -0.6738750843 -0.5699182501
v -0.3307343317 0.6374418277 0.2387204267
v -0.09996251372 -0.7417620701 0.1436692752
v -0.4086462661 0.2169860073 0.5197718487
v -0.2932603493 -0.4726159207 0.4722462469
v -0.3006818125 -0.4295341743 0.4818271483
v -0.3101674551 -0.3743171846 0.4349116545
v -0.4160656408 0.2600546585 0.5293543792
v -0.3130689143 -0.372473828 0.4010713778
v -0.4284548102 0.3171281209 0.4485969379
v -0.2914904471 -0.5014372799 0.3921835835
v -0.406876343 0.1881646482 0.4397091436
v -0.3128175152 -0.3719191502 0.4044715417
v -0.2909969847 -0.5023291336 0.3954840816
v -0.428203432 0.3176827987 0.4519971017
v -0.4063829016 0.1872728362 0.4430096417
v -0.487946023 0.6002928659 0.3960666625
v -0.2571742102 -0.7789110737 0.3010155006
v -0.3085354808 -0.3808999686 0.4497776385
v -0.3146729227 -0.3860168392 0.3705476812
v -0.3091486799 0.6877063158 -0.4382163297
v -0.07837687236 -0.6914976238 -0.5332674498
v -0.4050526606 0.6294771319 0.1738534672
v -0.1742808269 -0.7497267241 0.07880231577
v -0.4278985033 0.3181208518 0.4559601305
v -0.3110899061 -0.3720864433 0.425232967
v 0.1846970241 -0.2174316 0.5463767104
v 0.06931112814 0.4721703489 0.5939022705
v 0.1396950623 0.1896605323 0.5201878049
v 0.2550809791 -0.4999414166 0.472662203
v 0.3056371962 -0.3612707059 0.3658151042
v 0.1902513003 0.3283312221 0.4133406643
v -0.297159176 0.7015828271 -0.6104578519
v -0.06638736319 -0.6776210707 -0.7055089721
v -0.3125432464 -0.4222412406 0.3457304953
v -0.3147189544 -0.3926250618 0.3630126842
v 0.2771419855 0.7613479327 -0.08332798499
v 0.5079137983 -0.6178560069 -0.1783791417
v 0.2588596096 0.7502476092 0.03335222885
v 0.4896314015 -0.6289563304 -0.06169892784
v -0.4239199775 0.3086950045 0.4973148527
v -0.4279307088 0.2673729473 0.3932594388
v -0.4290939909 0.3147015359 0.4391967381
v -0.2885876721 -0.5032847718 0.4260362662
v -0.4039735889 0.1863171562 0.4735618262
v -0.4255520561 0.3152806707 0.482450456
v 0.06114880305 0.7011395527 0.2658999119
v 0.2919206054 -0.6780643869 0.17084875
v 0.1607457939 0.7616109232 -0.3697392859
v 0.3915176276 -0.6175929746 -0.4647904479
v -0.3056125722 -0.3977930602 0.4687816721
v -0.2964873095 -0.4546095052 0.4801290714
v -0.4118732054 0.2349924437 0.5276546315
v -0.3006570841 -0.4296887272 0.4818465301
v -0.4160430009 0.2599132217 0.5293721319
v -0.4789436089 0.5851758378 0.6372730726
v -0.248171817 -0.7940281018 0.5422219107
v -0.4785566001 0.5850726215 0.6397105807
v -0.2477848082 -0.7941312763 0.5446594188
v -0.4300586098 0.3035937145 0.4180845612
v 0.4274848028 0.7854159965 -0.06754660915
v 0.6582565947 -0.5937878596 -0.1625977658
v -0.4264745281 0.3175133336 0.4727723951
v 0.08301235768 0.481188636 0.5572397743
v 0.1983982641 -0.2084132921 0.5097142143
v -0.3146205836 -0.3844550613 0.3726827251
v -0.4300064796 0.3051468667 0.4202082851
v -0.2974743386 -0.4869295244 0.3656202005
v -0.4128602554 0.2026724037 0.4131457606
v 0.08965776692 0.219921865 0.6495570207
v 0.2050436629 -0.4696800839 0.6020314189
v 0.2788258602 -0.2664737 0.3863628289
v 0.1634399643 0.4231282489 0.4338884307
v 0.05003692462 0.6782657651 0.5708229693
v 0.2808087322 -0.7009381744 0.4757718074
v 0.132447659 0.1857410707 0.5368783486
v 0.247833555 -0.5038608364 0.4893527885
v -0.4743052675 0.5888374466 0.5954040652
v -0.2435334547 -0.7903664512 0.5003529033
v 0.171969906 -0.2951544995 0.6320379482
v 0.0565840048 0.3944474076 0.6795635082
v 0.1572613779 0.7076750519 0.4044177405
v 0.3880331698 -0.6715288877 0.3093665786
v -0.4209967973 0.2917982998 0.5163153358
v -0.4301049757 0.2969867451 0.4105480605
v 0.2942220861 0.7892531691 -0.4467686606
v 0.5249938989 -0.5899507287 -0.5418198226
v -0.6124844999 0.5981482982 0.1248211521
v -0.381712708 -0.7810555996 0.02977000067
v -0.5006704886 0.6267915455 -0.01932577315
v -0.2698986967 -0.7524123523 -0.1143769266
v -0.4587163518 0.6522644952 -0.28708193
v -0.2279445181 -0.7269394444 -0.3821330919
v 0.1758858588 -0.2355938006 0.5805099274
v 0.06049994194 0.4540081691 0.6280355293
v 0.2193147436 -0.4951472274 0.5626229354
v 0.1039288476 0.1944547006 0.6101485373
v -0.01935460706 0.6553614429 0.7346935305
v 0.2114171948 -0.7238424549 0.6396423686
v -0.3129244073 -0.4191122544 0.3466753565
v -0.4283103241 0.2704896736 0.3942009166
v -0.3076809077 -0.4504499437 0.3445157095
v -0.4230668037 0.2391519844 0.3920413113
v 0.04842324091 0.7595542001 -0.612599621
v 0.2791950537 -0.6196497395 -0.7076507829
v 0.3984765599 0.769493706 0.09306057276
v 0.6292483519 -0.6097102336 -0.001990580013
v 0.1947131799 -0.4377008331 0.6279149363
v 0.0793272735 0.251901074 0.6754405381
v 0.176661234 -0.2330301857 0.5767324039
v 0.06127532758 0.4565717423 0.624257964
v 0.1800400946 -0.2246812589 0.5624992096
v 0.06465419338 0.46492069 0.6100247696
v -0.3078459869 -0.3844501323 0.4551488949
v -0.006870385533 0.6575278151 0.7335693044
v 0.2239014142 -0.7216761245 0.6385181425
v -0.2895010171 -0.5043115043 0.4085380373
v -0.404886913 0.1852904446 0.4560635974
v -0.418060877 0.2727622696 0.5264410153
v -0.4096836085 0.2226956092 0.5229906009
v -0.3026749602 -0.4168396584 0.4789154552
v -0.2942976917 -0.4669063188 0.4754650408
v 0.03013413984 0.6712547443 0.6242319824
v 0.2609059526 -0.7079491535 0.5291808205
v -0.2885595393 -0.5020319326 0.4316726016
v -0.4039454352 0.1875700163 0.4791981617
v -0.3092029405 -0.3778581587 0.4440564243
v -0.4044474398 0.1927092344 0.4928108888
v -0.2890615438 -0.4968926727 0.4452853287
v -0.4232304209 0.3051438383 0.5026853572
v -0.4815301979 0.6631654872 -0.5006458019
v -0.2507583642 -0.7160384524 -0.5956969638
v -0.4234991341 0.3065714894 0.5006581244
v -0.308113259 -0.3830304177 0.4531325643
v 0.1061292006 0.1920656052 0.6041070644
v 0.2215150965 -0.4975363646 0.5565814625
v 0.09517946171 0.7081532469 0.2467515594
v 0.3259512745 -0.6710506509 0.1517004079
v 0.1871519507 0.7639953821 -0.340227138
v 0.4179237426 -0.6152085157 -0.4352783208
v 0.2189643053 0.7220178952 0.3461082727
v 0.4497361181 -0.6571860443 0.2510570899
v 0.1050583056 0.4791769002 0.5133768256
v 0.220444212 -0.2104250487 0.4658512656
v 0.2348145825 -0.5052665995 0.5213215966
v 0.1194286657 0.1843353494 0.5688471567
v 0.1863435973 -0.2155822075 0.5412866568
v 0.07095769088 0.4740197205 0.5888122169
v 0.3022308712 -0.3298707778 0.3656950125
v 0.1868449752 0.3597311502 0.4132206143
v 0.3034637647 -0.3372391709 0.3651872018
v 0.1880778688 0.352362778 0.4127128036
v 0.4239286658 0.7904713801 -0.1495337642
v 0.6547004578 -0.5887325595 -0.2445849157
v -0.41138887 0.1986363382 0.4182372344
v -0.2960029532 -0.4909656107 0.3707116325
v -0.2932609132 -0.497734986 0.3823374359
v -0.4086468092 0.1918669629 0.4298630378
v 0.08879958061 0.2220940016 0.6518624905
v 0.05607842885 0.4176513118 0.6653398795
v 0.2041854766 -0.4675079473 0.6043369305
v 0.17146433 -0.2719506371 0.6178143194
v -0.4245874371 0.3117379632 0.4915943904
v 0.2031056322 -0.2076111416 0.4992189445
v 0.08771972576 0.4819908073 0.5467445045
v 0.2523109316 -0.50168611 0.4789521302
v 0.1369250357 0.1879158389 0.526477732
v -0.224437128 0.6517350471 0.2893992837
v 0.006334674372 -0.7274688507 0.1943481218
v -0.1027233559 0.7256349344 -0.4873916375
v 0.1280484569 -0.6535689634 -0.5824427994
v 0.1714980184 -0.2827749793 0.6251355321
v 0.05611211198 0.4068269696 0.6726611339
v 0.1704133076 0.7250177253 0.1847045846
v 0.4011851204 -0.6541862143 0.08965343318
v 0.2395134084 0.7669725722 -0.2562999002
v 0.4702852212 -0.6122313256 -0.3513510621
v 0.1464961522 0.7601731635 -0.3834728149
v 0.3772679755 -0.619030776 -0.4785239769
v 0.04345372814 0.6976098151 0.2741554595
v 0.2742255305 -0.6815941245 0.1791042976
v 0.2315960392 0.7248371072 0.3358685164
v 0.462367852 -0.6543667906 0.2408173545
v -0.3134953967 -0.3739006437 0.3949499134
v 0.2032092453 -0.4649365212 0.6069365938
v 0.0878233493 0.2246653859 0.6544621957
v 0.3041736429 -0.3424624533 0.3650291819
v 0.188787747 0.3471394747 0.4125547419
v 0.2243302776 -0.2120267807 0.4592287573
v 0.1089443817 0.4775751474 0.5067543591
v 0.05828050485 0.4440707518 0.6408226097
v 0.1736663956 -0.2455311762 0.5932970079
v -0.4046733376 0.194289329 0.4957852385
v -0.4231343893 0.3046214913 0.5033891577
v -0.2892874208 -0.495312599 0.4482596784
v -0.3077484933 -0.3849804576 0.4558635558
v -0.003551589115 0.6581868788 0.7320637085
v 0.2272202289 -0.7210169772 0.6370125466
v 0.1834704171 0.728208449 0.170108003
v 0.414242209 -0.6509954905 0.07505684109
v 0.2474326573 0.7670438336 -0.238106246
v 0.4782044701 -0.6121601059 -0.333157387
v -0.3145081986 -0.382167553 0.3761400317
v -0.3044418966 -0.4639997636 0.3486947781
v -0.4198277926 0.2256021644 0.3962203382
v 0.2610552006 -0.241401836 0.4067137283
v 0.1456692942 0.4482001129 0.4542392884
v 0.001365169429 0.6592547976 0.7285056501
v 0.2321369744 -0.719949142 0.6334545299
v -0.3143656131 -0.4026547514 0.3547751399
v -0.4787277361 0.5856972658 0.6302315589
v -0.2479559442 -0.793506632 0.535180397
v -0.4787899749 0.585659463 0.6306287181
v -0.2480181622 -0.7935444766 0.5355775562
v -0.3147311934 -0.3909630333 0.3647143116
v -0.4301170893 0.2986389156 0.4122398717
v -0.2998657732 -0.4798064318 0.358591051
v -0.41525169 0.2097955171 0.4061166111
v 0.2335665261 -0.5049755388 0.5245233479
v 0.1181806301 0.1846263683 0.5720489498
v -0.4199122954 0.2848083315 0.5209856738
v -0.4076531593 0.2115417143 0.5159363887
v -0.3045263995 -0.4047935965 0.4734600719
v -0.2922672425 -0.4780602346 0.4684108287
v 0.1755154122 -0.236945512 0.5824126825
v 0.06012950057 0.4526564578 0.6299382426
v 0.3022888494 -0.3301839354 0.3656665664
v 0.1869029535 0.3594179926 0.4131921264
v -0.4715829225 0.585354785 0.6525474105
v -0.2408111306 -0.7938491546 0.5574962486
v 0.191259758 -0.2115347385 0.5273924346
v 0.07587385158 0.4780672104 0.5749179946
v -0.295812143 -0.458447555 0.4789741017
v -0.4111980181 0.2311543939 0.5264997036
v -0.3058717825 -0.4583230355 0.3465298262
v -0.4212576993 0.2312788716 0.3940553862
v 0.2404657884 -0.505609874 0.5071239076
v 0.1250798925 0.1839920749 0.5546495095
v -0.2979317316 -0.4462290622 0.4817924783
v -0.4133176067 0.2433729076 0.5293180802
v -0.4288803737 0.3157051482 0.442489425
v -0.4297521774 0.2869583086 0.4023082188
v -0.4298936559 0.3074419564 0.4236777889
v 0.2524910484 0.7478969849 0.05199748038
v 0.4832628612 -0.6313069129 -0.04305367631
v 0.2767967895 0.7626544477 -0.1031245251
v 0.5075686023 -0.6165494083 -0.198175687
v 0.003841271376 0.6598543375 0.7258176827
v 0.2346130789 -0.7193495603 0.6307665626
v -0.3132201672 -0.4164741617 0.3476082295
v -0.4706869752 0.5854464306 0.6533931491
v -0.2399151624 -0.7937575089 0.5583419871
v -0.3127755144 -0.3718442965 0.405027222
v 0.1747647863 -0.2399995191 0.586508042
v 0.05937889038 0.4496023672 0.6340336438
v 0.2169609238 -0.4921847825 0.5691285683
v 0.1015750278 0.1974171455 0.6166541283
v 0.1786542145 -0.2276661349 0.5679843756
v 0.06326831334 0.461935814 0.6155099356
v 0.2242222368 -0.500003572 0.5492160978
v 0.1088363199 0.1895983769 0.5967416997
v -0.3081936683 -0.3826136261 0.4525095908
v -0.3037012332 -0.4667831778 0.3499954452
v -0.41908715 0.2228187711 0.3975210053
v 0.2729867263 -0.4814291955 0.4343987895
v 0.1576008095 0.2081727117 0.4819243495
v -0.5882585416 0.5988114136 0.1740172724
v -0.3574867079 -0.7803925259 0.07896612096
v -0.4081377871 0.2141989799 0.5179111571
v -0.4194655122 0.2818989776 0.5225768168
v -0.2927518912 -0.475402969 0.4703855553
v -0.3040796372 -0.4077029504 0.475051215
v -0.4286073581 0.2731397964 0.3951383426
v -0.4788629072 0.5856129301 0.6311267544
v -0.2480910944 -0.793590926 0.5360755925
v 0.3000911698 -0.4179141771 0.3813617476
v 0.184705253 0.2716877719 0.4288873077
v 0.273260828 -0.2575632867 0.3924127395
v 0.157874932 0.4320386414 0.4399383414
v -0.2794179858 0.6440056894 0.2680673493
v -0.04864618347 -0.7351982502 0.1730161873
v -0.1613369483 0.7156998562 -0.4855390913
v 0.06943486444 -0.6635040416 -0.5805902532
v -0.2886907631 -0.5039065757 0.4219291272
v -0.4040766799 0.1856953523 0.4694547291
v 0.2981066897 -0.3121340154 0.3683444251
v 0.1827207937 0.3774679335 0.4158699852
v 0.08446570841 0.481527441 0.5539145896
v 0.1998516044 -0.2080745079 0.5063890295
v -0.4045577571 0.1934969948 0.4943370778
v -0.2891718403 -0.4961049541 0.4468115177
v -0.5371769699 0.6497863438 -0.4416159505
v -0.3064051571 -0.729417554 -0.5366671124
v -0.4235781232 0.3069808249 0.5000464708
v 0.2874455262 -0.4558265467 0.4058857425
v 0.1720596302 0.2337754022 0.4534113443
v 0.2495636494 -0.2294259703 0.4214886515
v 0.1341777534 0.4601759577 0.4690142116
v 0.08753008517 0.4819742242 0.5471526913
v 0.2029159916 -0.2076277038 0.4996270894
v 0.1422018268 0.718429344 0.2118088611
v 0.3729736604 -0.6607745956 0.1167577096
v 0.2210498714 0.7663028151 -0.2914080954
v 0.4518216633 -0.6129011244 -0.3864592365
v 0.4264595323 0.7890152411 -0.1222603359
v 0.6572313659 -0.5901886984 -0.2173114874
v -0.5834191143 0.6374416188 -0.3747625894
v -0.3526473224 -0.7417623207 -0.4698137513
v -0.4952407946 0.6009861818 0.3682957618
v -0.2644690027 -0.7782177578 0.2732445999
v -0.08318352502 0.7288109547 -0.4860364592
v 0.1475882878 -0.6503929431 -0.5810876211
v -0.2991552476 -0.4389260199 0.4823350843
v 0.05717736263 0.3852042252 0.6838134624
v 0.1725632638 -0.3043977029 0.6362879023
v 0.07973748613 0.2503740078 0.674521366
v 0.1951233925 -0.4392279411 0.6269957642
v 0.2073250934 0.7343431967 0.1390072601
v 0.4380969062 -0.6448607011 0.04395609817
v 0.2605477658 0.7666579526 -0.2006658475
v 0.4913195786 -0.6125459452 -0.2957170094
v -0.414538867 0.2506625205 0.5298603938
v 0.09347006485 0.2112290579 0.6391458779
v 0.2088559608 -0.4783728492 0.5916203178
v -0.4281603243 0.3177595113 0.452567026
v -0.2947676787 -0.4643003063 0.4766960755
v -0.4101535746 0.2253016217 0.5242216356
v 0.2081963541 -0.4769769441 0.5934370245
v 0.09281044769 0.2126250048 0.6409626263
v 0.1719460129 -0.2603278621 0.6083681296
v 0.05656011698 0.4292741077 0.6558937315
v -0.3132676609 -0.3730545292 0.3982822828
v 0.3051367999 -0.3521305936 0.3651702427
v 0.1897508831 0.3374713345 0.4126958028
v 0.2989874533 -0.3153791877 0.3677030306
v 0.1836015573 0.3742227403 0.4152286324
v 0.3033214717 -0.3362979646 0.3652333588
v 0.1879355757 0.3533039634 0.4127589606
v 0.176890745 0.7123677792 0.3839827978
v 0.4076625578 -0.6668361186 0.2889316567
v 0.3392569426 0.7511799391 0.215017985
v 0.5700287763 -0.6280240005 0.119966823
v 0.3028595882 -0.4038733802 0.3755211517
v 0.1874736923 0.2857285896 0.4230467536
v 0.280298457 -0.2690371896 0.3848137076
v 0.164912561 0.4205647593 0.4323393094
v -0.4043585927 0.1920447823 0.4914471474
v -0.2889726968 -0.4975571666 0.4439215456
v -0.1807109168 0.71228006 -0.4829539225
v 0.05006089598 -0.6669238796 -0.5780050844
v -0.2969891469 0.6416804201 0.2591467647
v -0.06621733934 -0.7375234777 0.1640956028
v 0.2239698978 0.7231337672 0.3420689282
v 0.4547417106 -0.6560701306 0.2470177663
v -0.2905920979 -0.5029950896 0.3984656995
v -0.405977973 0.1866067967 0.4459913013
v 0.1890230016 -0.2131371388 0.5335005741
v 0.07363709516 0.4764647892 0.5810261341
v 0.003060439837 0.6596590996 0.7267550252
v 0.2338322526 -0.7195447982 0.631703905
v -0.4219432459 0.2341614712 0.3931900571
v -0.306557329 -0.4554404568 0.345664497
v -0.2926504919 -0.4990849012 0.3854527212
v -0.408036367 0.1905170477 0.432978323
v -0.298153703 -0.4449185789 0.4819507906
v -0.4135395781 0.2446833491 0.5294763507
v -0.3130272267 -0.372368565 0.4016446856
v -0.5072549434 0.6324838959 -0.1179087736
v -0.2764831515 -0.7467200436 -0.2129599251
v -0.4950413796 0.6398995112 -0.195857122
v -0.2642695877 -0.7393044284 -0.2909082839
v -0.2022333272 0.626922999 0.7033331596
v 0.02853847512 -0.7522809405 0.6082819559
v -0.1160047863 0.3595397552 0.4429598924
v -0.09774983831 0.2504393587 0.4354409773
v -0.0006188903835 -0.330062131 0.3954343323
v 0.01763606286 -0.4391625694 0.3879153754
v -0.01863000093 -0.3911944867 0.5559029753
v -0.134015901 0.2984074204 0.6034285771
v -0.01562396129 -0.4091600501 0.5546648395
v -0.1310098576 0.2804418779 0.6021904413
v -0.008782900014 -0.3087066795 0.4236772041
v 0.01746529496 -0.4655785841 0.4128659781
v -0.1241688031 0.3808952485 0.4712027642
v -0.09792060361 0.2240233439 0.4603915799
v 0.0177921143 -0.442962691 0.3904514215
v -0.09759378688 0.246639237 0.4379770233
v -0.001646032777 -0.3267909353 0.3984576794
v -0.1170319366 0.3628110136 0.4459832813
v -0.01873538343 -0.3008520922 0.4745925688
v 0.01173459087 -0.4829553845 0.4620424973
v -0.1341212894 0.3887498358 0.5221181706
v -0.1036513103 0.2066465435 0.5095680573
v -0.01212429392 -0.4264412783 0.5499275424
v -0.02102557914 -0.3732429167 0.5535938714
v -0.1275101951 0.2631606497 0.5974531443
v -0.1364114815 0.3163590322 0.6011194315
v 0.0101967399 -0.4830010402 0.4710518871
v -0.1051891639 0.2066009087 0.5185774472
v -0.02000344479 -0.3025101107 0.4834908476
v -0.1353893438 0.3870918173 0.5310164077
v 0.0120834105 -0.3873955764 0.3733521062
v -0.1033024907 0.3022063516 0.4208776663
v 0.01057855344 -0.3784018507 0.3739719051
v -0.1048073451 0.3112000982 0.4214975069
v 0.01354135344 -0.4815361294 0.4502192839
v -0.1018445451 0.2080657778 0.4977448857
v -0.01683072721 -0.3000179034 0.4627290463
v -0.1322166233 0.3895840037 0.5102546482
v -0.01073045258 -0.3052728482 0.4319205128
v -0.1261163577 0.3843290798 0.4794460729
v 0.01692009915 -0.470525906 0.4205316766
v -0.09846579941 0.2190760011 0.4680572785
v -0.1081956982 0.3287168733 0.4253720229
v -0.1007445723 0.284185358 0.42230302
v 0.007190208221 -0.3608850756 0.3778464628
v 0.01464132889 -0.40541657 0.3747774599
v 0.01795647556 -0.4535759223 0.3991173279
v -0.097429423 0.2360260057 0.446642888
v -0.004736110482 -0.3179540599 0.408464019
v -0.120122013 0.3716478472 0.4559896209
v 0.01344207931 -0.3964298201 0.3736214877
v -0.1019438245 0.293172108 0.4211470896
v 0.008942169781 -0.3695361951 0.375474953
v -0.1064437314 0.3200657329 0.423000513
v -0.01350346775 -0.3017061432 0.4448570083
v 0.01574205883 -0.4764915644 0.4328112388
v -0.1288893709 0.3878957848 0.4923826102
v -0.09964384234 0.2131103845 0.4803368406
v -0.02110513374 -0.3050355051 0.4922054591
v -0.1364910344 0.3845664647 0.5397310192
v 0.008531087782 -0.4821558865 0.4799987457
v -0.106854816 0.2074460624 0.5275243476
v -0.09816865579 0.2214563664 0.4641658871
v -0.1251509033 0.3827153387 0.475279452
v 0.01721724277 -0.4681455825 0.416640327
v -0.009765005379 -0.3068866103 0.4277538919
v -0.003707152353 -0.3207295168 0.4049804802
v -0.1190930561 0.3688724112 0.452506082
v 0.01795251514 -0.4501781394 0.3960592273
v -0.09743338603 0.2394237886 0.4435847873
v -0.09821173219 0.2583780728 0.4309354678
v -0.1139698468 0.352556178 0.4374259795
v 0.01717416898 -0.4312238552 0.3834099077
v 0.001416058321 -0.3370457709 0.3899004195
v -0.01260195833 -0.3026794505 0.4404824511
v 0.01618161824 -0.4747040139 0.4286269905
v -0.127987868 0.3869225192 0.488008053
v -0.09920428554 0.214897935 0.4761525506
v 0.01134837309 -0.3828881873 0.3735510617
v -0.1040375359 0.3067137825 0.4210766218
v -0.1236529306 0.2472354352 0.5894008128
v -0.1381034807 0.3335989071 0.5953527703
v -0.008267026841 -0.4423664928 0.5418752527
v -0.02271757688 -0.3560030418 0.5478271685
v 0.01790955884 -0.4568225775 0.4023350775
v -0.005760650017 -0.315357968 0.4120844416
v -0.09747634234 0.2327793505 0.4498606376
v -0.1211465525 0.37424396 0.4596100017
v 0.01406240035 -0.4009346194 0.3740891565
v -0.1013235034 0.2886673086 0.4216147165
v 0.00807960012 -0.3651785134 0.3765533563
v -0.1073062984 0.3244234146 0.4240789163
v 0.0009301604482 -0.4701601169 0.5134456643
v -0.1144557381 0.2194418111 0.5609712244
v -0.02365999648 -0.3231974551 0.5235739336
v -0.1390458983 0.3664044938 0.5710994937
v -0.1391316961 0.3531318249 0.5836358643
v -0.1185577287 0.2301718134 0.5751617705
v -0.02374579978 -0.3364701032 0.5361103042
v -0.003171827574 -0.4594300938 0.5276362104
v 0.009378904429 -0.4826894699 0.4755385578
v -0.1060069994 0.2069124581 0.5230641597
v -0.02057579136 -0.3036657278 0.4878764324
v -0.1359616907 0.3859362211 0.5354019925
v -0.1149832648 0.3561187476 0.4401051332
v -0.09795598369 0.2543554785 0.4330918567
v 0.0004026390246 -0.3334832013 0.3925795731
v 0.01742991748 -0.4352464495 0.3855662966
v -0.1377505361 0.3293930423 0.5971085331
v -0.009256850061 -0.4385473235 0.5441840642
v -0.124642748 0.2510546045 0.5917096661
v -0.02236463105 -0.3602088857 0.549582973
v -0.1119771691 0.3450416279 0.4326200527
v 0.01651651245 -0.4228987587 0.3796955838
v -0.09886939133 0.2667031902 0.4272211857
v 0.003408732109 -0.3445603001 0.3850944926
v -0.1386639333 0.341740733 0.591237862
v -0.1216366627 0.2399775057 0.5842245855
v -0.02327803609 -0.347861195 0.5437122602
v -0.006250758934 -0.4496244223 0.5366990255
v 0.01472767227 -0.4794418958 0.4414021244
v -0.1006582315 0.2101600322 0.4889277263
v -0.01522702336 -0.3004181745 0.453739999
v -0.1306129281 0.3891837535 0.501265559
v -0.1180621883 0.3659243773 0.4491679482
v -0.09748822098 0.2429643867 0.4406938544
v -0.002676294946 -0.3236775089 0.4016423464
v 0.01789767758 -0.4466374995 0.3931682526
v 0.01781187723 -0.4599102103 0.4057046232
v -0.09757402395 0.2296917386 0.453230225
v -0.006778279053 -0.3129475276 0.4158329343
v -0.1221641789 0.3766544004 0.4633584943
v -0.01392771938 -0.4179291311 0.5527252006
v -0.1293136186 0.2716727969 0.6002508024
v -0.01991051916 -0.3821730251 0.5551894421
v -0.135296424 0.307428903 0.6027150022
v -8.746989308e-05 -0.4677496764 0.5171941152
v -0.02375767907 -0.326285067 0.5269434793
v -0.115473375 0.2218522516 0.564719717
v -0.1391435799 0.363316861 0.5744690811
v -0.09851644159 0.2624973254 0.4289769484
v -0.1129669969 0.3488608181 0.4349289059
v 0.01686945697 -0.4271046027 0.3814513883
v 0.002418906931 -0.3407411308 0.3874033458
v -0.0171964868 -0.400219499 0.5557275369
v -0.1325823916 0.2893824708 0.6032530969
v -0.02202973342 -0.3084036305 0.5006515663
v 0.006753844291 -0.4804281939 0.4887961057
v -0.1374156367 0.3811983393 0.5481771682
v -0.1086320595 0.209173755 0.5363216658
v -0.02380063342 -0.3329294842 0.5332193296
v -0.139186531 0.356672423 0.5807449314
v -0.002140966252 -0.4623781277 0.5242980766
v -0.1175268713 0.2272238003 0.5718236367
v -0.1226500807 0.2435400545 0.5869037392
v -0.1384081901 0.3377181596 0.5933942509
v -0.007264176926 -0.4460618526 0.5393781791
v -0.02302228889 -0.3518837893 0.5458686908
v -0.1114690033 0.2133808938 0.549050225
v -0.138451256 0.374639866 0.5601637899
v 0.003916895259 -0.4762210133 0.5015246649
v -0.0230653555 -0.314962062 0.5126381881
v -0.01437920378 -0.3009517789 0.4492798111
v -0.1297651115 0.38865017 0.4968053712
v 0.01525701857 -0.4780721811 0.4370731395
v -0.1001288878 0.2115297886 0.4845986995
v -0.02159017808 -0.30661608 0.496467318
v 0.007655349796 -0.4814015013 0.4844215485
v -0.1369760799 0.382985848 0.5439928781
v -0.1077305566 0.2082004476 0.5319471086
v -0.1398554213 0.664796438 0.3052303044
v 0.09091639145 -0.7144074598 0.2101791425
v -0.01479029002 -0.4135714494 0.5538036456
v -0.1301761909 0.2760304995 0.6013292057
v -0.01929019783 -0.3866778244 0.5556570691
v -0.134676103 0.3029241245 0.6031826292
v -0.001112008122 -0.4651535636 0.5208145378
v -0.1164979145 0.2244483644 0.5683400979
v -0.02380459482 -0.3295317013 0.5301612289
v -0.1391904993 0.3600702058 0.5776868307
v -0.02276821939 -0.3125817176 0.5087468802
v -0.1381541176 0.3770202313 0.5562724403
v 0.004882333974 -0.4778347962 0.497358044
v -0.1105035698 0.2117671527 0.5448836458
v -0.13587535 0.3119108744 0.6020266988
v -0.1284242293 0.2673793591 0.5989576959
v -0.02048944896 -0.3776910745 0.5545010969
v -0.01303832617 -0.4222225689 0.5514321358
v -0.01642667303 -0.4047057937 0.5553066517
v -0.1318125719 0.2848961343 0.6028322118
v -0.01793152927 -0.395712068 0.5559264506
v -0.1333174264 0.2938898809 0.6034520525
v 0.01098260485 -0.4830897202 0.4665495105
v -0.1044032937 0.2065122078 0.5140750706
v -0.01938947583 -0.3015714733 0.4790592729
v -0.1347753719 0.3880304129 0.526584833
v 0.01415532528 -0.4805975338 0.4457877092
v -0.1012305733 0.2090044151 0.493313311
v -0.01604485818 -0.3001066251 0.4582267115
v -0.1314307636 0.3894953238 0.5057522715
v -0.01758270931 -0.3001522391 0.4672360595
v 0.01288726572 -0.4822555522 0.454685988
v -0.1329686067 0.3894497098 0.5147616614
v -0.1024986381 0.2073463967 0.5022115481
v -0.004202085827 -0.4563166882 0.5308208774
v -0.1195879909 0.2332852189 0.5783464375
v -0.02364023192 -0.3401449534 0.5388271354
v -0.1390261302 0.3494569746 0.5863526954
v 0.01517746037 -0.4098647278 0.3756847272
v 0.00627617401 -0.3566663662 0.3793510144
v -0.1002084408 0.2797372002 0.4232102873
v -0.1091097219 0.3329355827 0.4268765745
v 0.009775841704 -0.3739475943 0.3746137174
v -0.1056100595 0.3156543546 0.4221392774
v 0.01278188257 -0.391913116 0.3733755815
v -0.1026040212 0.2976887912 0.4209011416
v -0.02331341421 -0.3175290395 0.5164125788
v 0.002934782062 -0.4744009649 0.5056013527
v -0.1386993134 0.3720728677 0.5639381388
v -0.1124511243 0.215200984 0.5531269546
v -0.1388700839 0.3456568529 0.5888887415
v -0.1206151307 0.2365564355 0.5813698264
v -0.0234841844 -0.3439450542 0.5413631814
v -0.005229232137 -0.4530454717 0.5338442663
v -0.007786509601 -0.3107286492 0.4197003073
v 0.01766367352 -0.4628312601 0.4092177777
v -0.1231724173 0.3788733206 0.4672258674
v -0.09772223287 0.2267707097 0.4567433796
v -0.01118783779 -0.4305750254 0.5482151798
v -0.1265737403 0.2590269235 0.5957407399
v -0.02151760055 -0.3688393286 0.5524698123
v -0.1369035027 0.3207625786 0.5999954142
v -0.0988112878 0.2168880751 0.4720560633
v -0.1270627749 0.385732629 0.483692393
v 0.0165746186 -0.4727138738 0.4245304614
v -0.0116768711 -0.3038693199 0.4361667911
v 0.004383130714 -0.3484940056 0.382979457
v 0.01611619433 -0.4186164738 0.3781467967
v -0.1110027757 0.3411079224 0.4305050171
v -0.09926970945 0.2709854542 0.4256723567
v 0.01232336171 -0.4826797791 0.4583591257
v -0.1030625368 0.206922149 0.5058846858
v -0.01817148121 -0.3004278654 0.4709194311
v -0.1335573802 0.3891740626 0.518445033
v -0.02196431326 -0.3644911707 0.5511317601
v -0.01023124867 -0.434613618 0.5462990998
v -0.1373502128 0.3251107782 0.598657362
v -0.1256171518 0.25498831 0.5938247016
v -0.1095571526 0.2103636035 0.5406373258
v -0.1378086397 0.3792081574 0.5522736555
v 0.005828756415 -0.4792383454 0.4931117657
v -0.02242273296 -0.3103937915 0.5047480954
v 0.01566948162 -0.4142682741 0.3768087445
v -0.09971641955 0.275333633 0.4243343046
v 0.005339719186 -0.35253264 0.3810634188
v -0.1100461872 0.3370693089 0.4285889788
v -0.02351178789 -0.3202764261 0.5200607791
v 0.001938394913 -0.4723790371 0.5095782495
v -0.1388976946 0.3693255436 0.567586381
v -0.1134475102 0.2172229327 0.5571038513
v -0.3140019334 -0.4080521982 0.3514845416
v -0.1418487047 0.719071198 -0.487142682
v 0.08892310806 -0.6601326998 -0.582193844
v -0.261438993 0.6464606578 0.2760958712
v -0.03066717634 -0.7327432818 0.1810447093
v -0.3147229227 -0.3886712227 0.3672607169
v -0.4301088186 0.3009307054 0.4147863187
v -0.4286525962 0.316550657 0.4458219197
v 0.1867791858 -0.2151403324 0.5399816038
v 0.07139327944 0.4744616165 0.5875071638
v 0.2128666295 -0.4859483223 0.5805023251
v 0.09748073352 0.2036536266 0.6280278852
v 0.2714391088 0.7340225621 0.2993205565
v 0.5022109216 -0.6451813357 0.2042693946
v -0.003899663394 0.7517974824 -0.6270821885
v 0.2268721507 -0.6274064572 -0.7221333087
v -0.4293887274 0.2815613213 0.3990164926
v -0.2990556236 -0.48229866 0.3608164039
v -0.4144415405 0.2073032681 0.408341964
v 0.2022666605 -0.4623501829 0.6094202172
v 0.08688074369 0.2272517869 0.656945819
v 0.1714343593 -0.2780815001 0.6221196202
v 0.05604844767 0.4115204489 0.6696451803
v -0.4284120784 0.317235932 0.4491844478
v -0.01643414809 0.6558279003 0.7350156689
v 0.2143376598 -0.7233759558 0.639964507
v -0.01399782067 0.6562355858 0.7350155854
v 0.2167739983 -0.7229683538 0.6399644234
v -0.3071312842 -0.3884742721 0.460130845
v -0.2952872062 -0.4614007268 0.4779057653
v -0.410673123 0.2282012221 0.5254313253
v 0.303433982 -0.40016858 0.374215681
v 0.1880480651 0.2894333689 0.4217412828
v 0.3049551376 -0.3870563119 0.3703294274
v 0.1895692416 0.3025456161 0.4178550292
f 34 1 2
f 33 1 34
f 70 78 76
f 71 79 48
f 80 72 49
f 48 81 73
f 82 89 86
f 77 95 48
f 96 74 49
f 76 75 97
f 20 102 14
f 35 103 15
f 112 76 97
f 95 113 48
f 114 96 49
f 66 116 86
f 122 82 86
f 86 85 135
f 119 69 135
f 135 85 121
f 139 48 49
f 48 125 145
f 49 146 126
f 76 127 147
f 57 151 54
f 54 151 63
f 135 90 152
f 152 132 135
f 155 93 86
f 155 86 135
f 156 59 48
f 49 58 157
f 158 61 76
f 49 60 159
f 112 160 76
f 113 161 48
f 162 114 49
f 116 164 86
f 135 167 119
f 168 60 49
f 169 58 49
f 76 61 170
f 48 59 171
f 182 167 135
f 86 164 185
f 51 187 48
f 187 125 48
f 188 52 49
f 126 188 49
f 76 50 189
f 127 76 189
f 49 190 139
f 137 191 48
f 192 138 49
f 136 193 76
f 83 87 194
f 194 67 117
f 194 120 83
f 87 141 194
f 194 150 55
f 62 150 194
f 91 194 153
f 194 133 153
f 117 165 194
f 165 183 194
f 88 84 195
f 86 89 195
f 118 68 195
f 84 123 195
f 89 140 195
f 142 88 195
f 86 195 143
f 56 149 195
f 195 149 65
f 92 154 195
f 154 134 195
f 195 166 118
f 184 166 195
f 196 158 76
f 76 193 196
f 197 156 48
f 48 191 197
f 49 159 198
f 192 49 198
f 157 199 49
f 199 190 49
f 195 194 203
f 204 184 195
f 185 205 86
f 206 182 135
f 194 183 207
f 200 208 195
f 201 209 194
f 210 202 195
f 203 194 211
f 76 212 50
f 160 212 76
f 48 213 51
f 161 213 48
f 49 52 214
f 162 49 214
f 130 216 48
f 219 129 49
f 220 109 135
f 121 220 135
f 111 221 194
f 221 120 194
f 222 108 195
f 195 123 222
f 110 223 86
f 86 223 122
f 225 130 48
f 129 226 49
f 227 128 218
f 224 128 227
f 86 228 66
f 93 228 86
f 229 67 194
f 91 229 194
f 68 230 195
f 195 230 92
f 69 231 135
f 231 90 135
f 94 76 233
f 115 94 233
f 233 76 147
f 233 163 115
f 215 163 233
f 178 215 233
f 145 234 48
f 234 179 48
f 235 146 49
f 180 235 49
f 207 236 194
f 237 22 206
f 237 206 135
f 205 238 86
f 239 21 204
f 239 204 195
f 174 240 49
f 49 240 180
f 242 144 124
f 186 53 242
f 124 186 242
f 242 53 215
f 178 242 215
f 242 172 227
f 232 144 242
f 181 232 242
f 175 241 242
f 242 241 181
f 243 173 48
f 48 179 243
f 244 169 49
f 171 245 48
f 246 168 49
f 170 247 76
f 20 19 248
f 248 76 49
f 248 70 76
f 102 20 248
f 102 248 49
f 249 71 48
f 249 103 35
f 48 103 249
f 72 250 49
f 102 250 14
f 49 250 102
f 73 251 48
f 103 251 15
f 251 103 48
f 252 175 242
f 252 242 227
f 173 253 48
f 48 253 225
f 254 174 49
f 49 226 254
f 227 172 255
f 255 224 227
f 54 257 148
f 257 64 148
f 48 259 194
f 49 260 219
f 217 131 262
f 262 131 227
f 218 262 227
f 261 217 262
f 48 216 263
f 195 264 142
f 202 264 195
f 195 265 143
f 265 195 203
f 195 140 266
f 266 200 195
f 194 141 267
f 267 201 194
f 268 258 257
f 269 259 48
f 49 256 270
f 271 268 257
f 49 272 80
f 138 272 49
f 273 81 48
f 139 273 48
f 76 78 274
f 274 136 76
f 48 79 275
f 275 137 48
f 49 195 276
f 276 195 65
f 256 49 276
f 63 277 54
f 277 257 54
f 278 64 257
f 257 258 278
f 279 62 194
f 259 279 194
f 280 260 49
f 270 280 49
f 261 262 281
f 282 268 271
f 262 282 281
f 281 282 271
f 48 263 283
f 283 269 48
f 284 57 54
f 54 107 284
f 55 285 194
f 285 105 194
f 286 56 195
f 106 286 195
f 288 176 195
f 195 208 288
f 289 177 194
f 194 209 289
f 176 290 195
f 195 290 210
f 177 291 194
f 194 291 211
f 109 292 135
f 135 292 237
f 194 293 111
f 236 293 194
f 108 294 195
f 195 294 239
f 295 110 86
f 86 238 295
f 100 296 195
f 195 296 106
f 101 297 54
f 297 107 54
f 299 99 194
f 194 105 299
f 48 300 77
f 245 300 48
f 49 76 301
f 301 244 49
f 76 302 75
f 247 302 76
f 49 74 303
f 303 246 49
f 101 54 304
f 132 304 135
f 54 287 304
f 304 287 104
f 298 98 304
f 104 298 304
f 304 98 305
f 135 304 305
f 99 306 194
f 194 306 133
f 307 100 195
f 195 134 307
f 290 315 210
f 291 316 211
f 106 325 286
f 107 326 284
f 315 340 210
f 316 341 211
f 210 342 202
f 210 340 342
f 211 343 203
f 211 341 343
f 136 344 193
f 204 345 184
f 345 319 184
f 206 346 182
f 346 317 182
f 57 347 151
f 56 348 149
f 137 359 191
f 166 365 118
f 167 366 119
f 178 377 242
f 179 378 243
f 13 384 15
f 384 13 158
f 196 384 158
f 385 18 156
f 197 385 156
f 331 332 388
f 389 47 46
f 388 389 46
f 332 389 388
f 44 45 390
f 391 330 329
f 45 391 390
f 390 391 329
f 286 398 56
f 284 399 57
f 410 324 323
f 411 324 410
f 269 283 414
f 268 282 415
f 231 422 90
f 230 423 92
f 404 426 392
f 393 427 405
f 405 427 404
f 404 427 426
f 492 460 400
f 493 461 401
f 463 541 495
f 435 553 468
f 433 555 470
f 536 556 488
f 538 558 489
f 560 514 566
f 562 515 567
f 584 530 506
f 585 531 507
f 507 531 590
f 506 530 592
f 492 606 460
f 500 606 492
f 606 542 460
f 493 607 461
f 501 607 493
f 607 543 461
f 605 608 502
f 540 608 605
f 541 609 495
f 460 542 614
f 461 543 615
f 626 510 568
f 511 569 627
f 568 508 628
f 628 508 593
f 626 568 628
f 569 509 629
f 629 509 591
f 627 569 629
f 630 553 435
f 632 555 433
f 594 40 635
f 595 41 637
f 576 639 464
f 574 640 466
f 582 523 646
f 583 521 647
f 474 438 650
f 633 439 651
f 475 436 652
f 631 437 653
f 597 654 636
f 546 518 658
f 544 519 659
f 516 547 662
f 662 406 660
f 660 516 662
f 517 545 663
f 663 407 661
f 661 517 663
f 449 546 664
f 664 546 658
f 451 544 665
f 665 544 659
f 490 557 666
f 557 537 666
f 491 559 667
f 559 539 667
f 668 536 488
f 669 538 489
f 671 589 453
f 672 586 532
f 673 587 533
f 563 513 678
f 561 512 680
f 549 682 571
f 473 683 570
f 548 684 573
f 472 685 572
f 432 554 686
f 554 633 686
f 686 633 651
f 434 552 687
f 552 631 687
f 687 631 653
f 688 433 38
f 688 632 433
f 438 632 688
f 650 438 688
f 689 435 39
f 689 630 435
f 436 630 689
f 652 436 689
f 578 690 612
f 580 691 613
f 586 698 532
f 605 699 588
f 587 700 533
f 535 701 671
f 701 589 671
f 469 702 434
f 702 552 434
f 644 702 469
f 553 703 468
f 471 704 432
f 704 554 432
f 643 704 471
f 555 705 470
f 706 599 497
f 708 601 496
f 494 462 712
f 462 616 712
f 486 624 712
f 712 624 618
f 712 498 634
f 634 596 712
f 641 577 712
f 712 452 670
f 670 534 712
f 709 498 712
f 714 711 717
f 718 500 492
f 719 501 493
f 712 720 494
f 495 609 721
f 609 503 721
f 605 726 712
f 726 720 712
f 604 477 727
f 721 503 728
f 602 479 729
f 600 730 605
f 732 601 708
f 733 599 706
f 735 654 597
f 712 577 737
f 737 656 712
f 619 739 625
f 742 536 668
f 743 538 669
f 746 540 605
f 605 722 746
f 542 747 614
f 748 541 463
f 617 748 463
f 724 748 617
f 543 749 615
f 524 578 750
f 750 578 612
f 525 580 751
f 751 580 613
f 610 752 16
f 692 579 752
f 610 692 752
f 611 753 17
f 693 581 753
f 611 693 753
f 754 446 712
f 694 754 712
f 755 447 714
f 695 755 714
f 444 756 712
f 756 696 712
f 717 445 757
f 757 697 717
f 760 699 605
f 730 760 605
f 761 701 535
f 605 741 762
f 625 763 487
f 739 763 625
f 622 764 620
f 764 740 620
f 623 765 621
f 765 738 621
f 697 766 717
f 482 767 714
f 714 767 695
f 768 481 712
f 712 696 768
f 480 769 712
f 712 769 694
f 446 770 712
f 770 710 712
f 447 771 714
f 771 711 714
f 712 772 444
f 712 710 772
f 717 773 445
f 711 773 717
f 774 500 718
f 477 774 727
f 727 774 718
f 775 501 719
f 479 775 729
f 729 775 719
f 776 476 605
f 502 776 605
f 777 478 603
f 503 777 728
f 728 777 603
f 778 512 561
f 564 778 561
f 674 778 564
f 779 513 563
f 565 779 563
f 675 779 565
f 514 780 566
f 515 781 567
f 439 472 782
f 782 472 572
f 651 439 782
f 437 473 783
f 783 473 570
f 653 437 783
f 784 474 650
f 684 474 784
f 573 684 784
f 785 475 652
f 682 475 785
f 571 682 785
f 786 674 564
f 744 674 786
f 787 675 565
f 745 675 787
f 566 780 788
f 780 676 788
f 567 781 789
f 781 677 789
f 790 490 29
f 658 518 790
f 791 491 30
f 659 519 791
f 488 556 792
f 489 558 793
f 794 486 712
f 712 616 794
f 795 724 617
f 796 723 484
f 614 747 796
f 747 723 796
f 797 725 485
f 615 749 797
f 749 725 797
f 798 717 713
f 714 717 798
f 393 799 392
f 712 715 799
f 715 714 799
f 799 716 712
f 392 799 798
f 799 714 798
f 800 514 560
f 681 800 560
f 512 801 680
f 802 515 562
f 679 802 562
f 513 803 678
f 601 804 496
f 496 804 635
f 599 805 497
f 497 805 637
f 605 806 600
f 499 807 707
f 807 598 707
f 809 522 648
f 811 520 649
f 467 638 812
f 638 575 812
f 813 574 466
f 734 574 813
f 814 465 712
f 815 576 464
f 736 576 815
f 816 643 471
f 817 440 31
f 817 645 440
f 470 705 817
f 705 645 817
f 818 644 469
f 819 441 32
f 819 642 441
f 468 703 819
f 703 642 819
f 820 23 666
f 666 537 820
f 537 744 820
f 820 744 786
f 821 24 667
f 667 539 821
f 539 745 821
f 821 745 787
f 822 742 668
f 676 742 822
f 788 676 822
f 823 743 669
f 677 743 823
f 789 677 823
f 612 690 828
f 613 691 829
f 530 830 592
f 830 510 626
f 592 830 626
f 531 831 590
f 831 511 627
f 590 831 627
f 832 528 504
f 593 832 504
f 508 832 593
f 833 529 505
f 591 833 505
f 509 833 591
f 834 741 605
f 836 739 619
f 465 838 712
f 464 639 840
f 466 640 841
f 636 842 499
f 654 842 636
f 842 807 499
f 637 843 595
f 843 655 595
f 805 843 637
f 712 844 605
f 656 844 712
f 844 806 605
f 635 845 594
f 845 657 594
f 804 845 635
f 846 333 594
f 594 657 846
f 657 736 846
f 846 736 815
f 596 847 712
f 712 847 814
f 848 334 595
f 595 655 848
f 655 734 848
f 848 734 813
f 575 735 849
f 849 735 597
f 812 575 849
f 850 692 610
f 448 850 826
f 826 850 610
f 690 851 828
f 852 693 611
f 450 852 827
f 827 852 611
f 691 853 829
f 854 709 712
f 707 598 855
f 598 731 855
f 856 732 708
f 758 732 856
f 857 733 706
f 759 733 857
f 579 526 858
f 752 579 858
f 550 524 859
f 859 524 750
f 581 527 860
f 753 581 860
f 551 525 861
f 861 525 751
f 647 521 862
f 862 810 459
f 521 810 862
f 863 811 649
f 646 523 864
f 864 808 458
f 523 808 864
f 865 809 648
f 505 529 866
f 529 583 866
f 866 583 647
f 867 585 507
f 520 585 867
f 649 520 867
f 504 528 868
f 528 582 868
f 868 582 646
f 869 584 506
f 522 584 869
f 648 522 869
f 481 872 712
f 874 449 664
f 851 449 874
f 828 851 874
f 547 448 875
f 875 394 662
f 662 547 875
f 875 448 826
f 876 451 665
f 853 451 876
f 829 853 876
f 545 450 877
f 877 395 663
f 663 545 877
f 877 450 827
f 878 559 491
f 791 878 491
f 519 878 791
f 879 517 661
f 558 879 793
f 793 879 661
f 880 557 490
f 790 880 490
f 518 880 790
f 881 516 660
f 556 881 792
f 792 881 660
f 440 882 456
f 645 882 440
f 442 883 816
f 883 643 816
f 441 884 457
f 642 884 441
f 443 885 818
f 885 644 818
f 886 477 604
f 680 801 887
f 887 886 604
f 801 886 887
f 888 479 602
f 605 476 889
f 678 803 890
f 890 888 602
f 803 888 890
f 891 800 681
f 476 891 889
f 889 891 681
f 603 478 892
f 893 802 679
f 478 893 892
f 892 893 679
f 894 641 712
f 712 872 894
f 639 895 840
f 840 895 824
f 895 870 824
f 896 638 467
f 839 896 467
f 873 896 839
f 640 897 841
f 841 897 825
f 897 871 825
f 485 898 623
f 725 898 485
f 898 765 623
f 763 899 487
f 487 899 795
f 899 724 795
f 484 900 622
f 723 900 484
f 900 764 622
f 901 722 605
f 762 901 605
f 620 740 902
f 902 835 454
f 740 835 902
f 903 452 712
f 618 903 712
f 621 738 904
f 904 837 455
f 738 837 904
f 905 836 619
f 458 906 442
f 808 906 458
f 906 883 442
f 459 907 443
f 810 907 459
f 907 885 443
f 456 908 865
f 908 809 865
f 882 908 456
f 457 909 863
f 909 811 863
f 884 909 457
f 910 482 714
f 871 482 910
f 825 871 910
f 911 480 712
f 716 911 712
f 824 911 716
f 870 480 911
f 824 870 911
f 424 6 912
f 912 534 424
f 534 912 712
f 712 912 854
f 532 698 913
f 698 758 913
f 913 758 856
f 425 7 914
f 535 425 914
f 914 761 535
f 731 761 914
f 855 731 914
f 533 700 915
f 700 759 915
f 915 759 857
f 526 548 916
f 916 548 573
f 858 526 916
f 527 549 917
f 917 549 571
f 860 527 917
f 685 550 918
f 572 685 918
f 918 550 859
f 683 551 919
f 570 683 919
f 919 551 861
f 605 588 920
f 920 834 605
f 454 921 672
f 921 586 672
f 835 921 454
f 589 922 453
f 453 922 905
f 922 836 905
f 455 923 673
f 923 587 673
f 837 923 455
f 270 924 280
f 924 412 280
f 271 925 281
f 925 413 281
f 410 323 926
f 324 411 927
f 570 383 928
f 750 939 859
f 751 940 861
f 796 429 943
f 614 796 943
f 797 428 944
f 615 797 944
f 328 327 945
f 373 945 327
f 328 946 374
f 328 945 946
f 717 951 713
f 766 483 951
f 717 766 951
f 952 715 712
f 715 952 714
f 954 37 933
f 954 933 932
f 953 954 932
f 934 935 955
f 935 956 955
f 361 362 960
f 362 961 960
f 962 364 563
f 563 678 962
f 963 363 561
f 561 680 963
f 856 968 913
f 857 969 915
f 371 970 372
f 372 970 971
f 118 973 68
f 119 974 69
f 814 847 975
f 812 849 976
f 856 981 968
f 857 982 969
f 342 985 202
f 343 986 203
f 987 327 328
f 988 987 328
f 128 998 218
f 130 999 216
f 826 1000 875
f 827 1001 877
f 197 191 1005
f 196 193 1007
f 650 688 1008
f 652 689 1009
f 890 602 1016
f 887 604 1017
f 23 1018 666
f 24 25 1019
f 24 1019 667
f 258 1022 278
f 258 322 1022
f 279 259 1023
f 259 360 1023
f 1024 610 16
f 17 367 1025
f 1025 611 17
f 1017 1028 887
f 1016 1029 890
f 855 1030 707
f 1030 978 707
f 855 980 1030
f 854 1031 709
f 1031 977 709
f 854 979 1031
f 790 1032 658
f 791 1033 659
f 238 205 1040
f 260 1045 219
f 261 1046 217
f 48 1047 49
f 1047 1048 49
f 367 1053 1025
f 1025 1053 611
f 1024 1054 610
f 384 1057 15
f 1057 384 196
f 15 1057 1007
f 1007 1057 196
f 94 1060 76
f 113 95 1061
f 96 1062 74
f 112 97 1063
f 1064 385 197
f 1005 1064 197
f 123 1065 222
f 121 1066 220
f 1067 337 338
f 1068 338 990
f 1068 1067 338
f 388 1069 331
f 1069 7 425
f 1069 978 1030
f 1069 1030 980
f 968 981 1070
f 904 1071 621
f 902 1072 620
f 1023 360 1073
f 1022 1075 278
f 614 1076 460
f 615 1077 461
f 188 1082 52
f 186 1083 53
f 272 1084 80
f 273 1085 81
f 532 1086 672
f 1086 1012 672
f 1012 1086 1070
f 6 424 1087
f 533 1087 673
f 1087 1013 673
f 253 1088 225
f 1088 308 225
f 339 1088 253
f 1089 8 224
f 255 1089 224
f 321 1089 255
f 949 950 1096
f 950 1097 1096
f 1099 948 947
f 1098 1099 947
f 1104 1060 94
f 1105 1062 96
f 1062 1105 1003
f 236 207 1106
f 344 1107 193
f 193 1107 1007
f 1109 419 418
f 1109 1091 419
f 1108 1109 418
f 416 417 1110
f 1110 1041 416
f 417 1111 1110
f 359 1112 191
f 191 1112 1005
f 237 1113 22
f 239 1114 21
f 458 1115 864
f 862 459 1116
f 1117 236 1106
f 1118 238 1040
f 712 838 1119
f 714 1119 910
f 1119 825 910
f 1119 952 712
f 952 1119 714
f 483 873 1120
f 1120 873 839
f 951 483 1120
f 951 1120 713
f 460 1121 400
f 1076 1121 460
f 461 1122 401
f 1077 1122 461
f 189 50 1125
f 1126 5 187
f 187 51 1126
f 5 1126 1002
f 1082 1127 52
f 1003 1127 1082
f 1083 1128 53
f 200 1131 208
f 1131 313 208
f 200 983 1131
f 788 1132 566
f 962 1132 364
f 789 1133 567
f 228 93 1134
f 201 1141 209
f 1141 314 209
f 201 984 1141
f 861 1142 919
f 859 1143 918
f 290 176 1144
f 291 177 1145
f 264 1146 142
f 265 1147 143
f 469 434 1148
f 432 1149 471
f 1154 1048 1047
f 1155 1048 1154
f 927 1157 926
f 926 1157 1156
f 1041 1158 416
f 1159 1041 1042
f 417 1159 1111
f 1159 1042 1111
f 1158 1041 1159
f 97 1160 1063
f 177 289 1161
f 1145 177 1161
f 646 1164 408
f 409 1165 31
f 1165 409 647
f 176 288 1166
f 1144 176 1166
f 786 564 1167
f 1167 1129 786
f 787 565 1168
f 1168 1130 787
f 1132 1169 566
f 1169 1132 962
f 1133 1170 567
f 458 1175 1115
f 1116 1176 31
f 1116 459 1176
f 280 1177 260
f 280 412 1177
f 281 1178 261
f 281 413 1178
f 603 892 1179
f 1014 603 1179
f 605 889 1180
f 1015 605 1180
f 1180 1029 1016
f 50 1181 1125
f 95 1182 1061
f 1061 1182 1002
f 229 91 1185
f 46 47 1190
f 1191 959 958
f 47 1191 1190
f 1190 1191 958
f 960 961 1192
f 1193 45 44
f 1192 1193 44
f 961 1193 1192
f 1194 824 716
f 824 1194 840
f 825 1195 841
f 1195 825 1119
f 532 1196 1086
f 1070 1086 1196
f 533 1197 1087
f 534 1198 424
f 424 1198 1087
f 535 1199 425
f 425 1199 1069
f 1186 1187 1200
f 1201 950 949
f 1200 1201 949
f 1187 1201 1200
f 947 948 1202
f 1203 1189 1188
f 948 1203 1202
f 1202 1203 1188
f 51 1204 1126
f 1002 1126 1204
f 1205 987 988
f 1205 337 989
f 338 337 1206
f 337 1205 1206
f 1206 1205 988
f 666 1207 490
f 1018 1207 666
f 667 1208 491
f 1019 1208 667
f 826 1213 1000
f 827 1214 1001
f 1001 1214 1139
f 612 828 1215
f 613 829 1216
f 887 1221 680
f 1028 1221 887
f 890 1222 678
f 1029 1222 890
f 1222 1029 1180
f 335 1223 336
f 336 1223 1224
f 635 1225 496
f 637 1226 497
f 973 1231 68
f 974 1232 69
f 716 1233 1194
f 1194 1233 840
f 1195 1234 841
f 1119 1234 1195
f 1018 23 1238
f 1238 1207 1018
f 1180 889 1241
f 1241 1222 1180
f 1179 892 1242
f 329 1251 390
f 31 1253 350
f 866 350 1253
f 866 1253 505
f 868 352 1254
f 868 1254 504
f 1256 381 382
f 1255 381 1256
f 294 1259 239
f 1259 1114 239
f 294 1244 1259
f 292 1260 237
f 1260 1113 237
f 292 1243 1260
f 1263 612 1215
f 1140 1263 1215
f 1264 1000 1213
f 1264 613 1216
f 610 1265 826
f 1054 1265 610
f 1265 1213 826
f 1265 1264 1213
f 611 1266 827
f 1266 1053 367
f 1053 1266 611
f 1139 1266 367
f 1266 1214 827
f 1214 1266 1139
f 454 1267 902
f 455 1268 904
f 44 1269 1192
f 45 1270 391
f 1271 430 431
f 1272 1271 431
f 1278 817 31
f 1280 819 32
f 266 1282 200
f 1282 983 200
f 785 652 1290
f 967 785 1290
f 784 650 1291
f 966 784 1291
f 943 1292 614
f 1292 1076 614
f 944 1293 615
f 1293 1077 615
f 1294 998 128
f 1296 35 15
f 18 385 1296
f 15 1007 1296
f 1296 385 1064
f 1064 1005 1296
f 1296 1107 344
f 1007 1107 1296
f 1296 1112 359
f 1005 1112 1296
f 1002 1182 1296
f 20 14 1297
f 19 20 1297
f 260 1300 1045
f 1177 1300 260
f 261 1301 1046
f 1178 1301 261
f 262 1302 282
f 263 1303 283
f 267 1304 201
f 1304 984 201
f 793 661 1305
f 1035 793 1305
f 1035 1305 1237
f 1237 1305 1139
f 1305 661 1299
f 1305 1299 1139
f 792 660 1306
f 1034 792 1306
f 1306 1019 1034
f 1208 1019 1306
f 1306 660 1298
f 1307 867 349
f 649 867 1307
f 1308 869 351
f 648 869 1308
f 786 1310 820
f 1129 1310 786
f 787 1311 821
f 1130 1311 787
f 1132 1312 364
f 788 1312 1132
f 789 1313 1133
f 1033 1314 659
f 1314 1033 1306
f 1032 1315 658
f 1238 1315 1032
f 875 1317 394
f 1000 1317 875
f 1000 1264 1317
f 1264 1216 1317
f 1318 394 1317
f 877 1319 395
f 1001 1319 877
f 395 1319 1139
f 1139 1319 1001
f 168 1322 60
f 169 1323 58
f 205 185 1326
f 1326 185 320
f 815 1327 846
f 813 1328 848
f 1331 999 130
f 462 402 1332
f 462 1332 616
f 1332 1078 616
f 1122 1332 402
f 1332 1122 1077
f 1293 1332 1077
f 1078 1332 1293
f 463 403 1333
f 463 1333 617
f 1333 1079 617
f 1046 1334 217
f 1045 1335 219
f 263 216 1336
f 262 218 1337
f 240 1338 180
f 1338 379 180
f 379 1338 1003
f 241 1339 181
f 1339 380 181
f 277 1344 257
f 1344 1021 257
f 1021 1344 1075
f 276 1345 256
f 1345 1020 256
f 1020 1345 1074
f 240 1346 1338
f 1338 1346 1003
f 241 1347 1339
f 242 1348 172
f 243 1349 173
f 1350 1183 926
f 1350 1184 1183
f 1184 1351 927
f 1351 1184 1350
f 26 823 1358
f 823 669 1358
f 1358 669 1210
f 26 1358 1237
f 1358 1210 1237
f 25 822 1359
f 822 668 1359
f 25 1359 1019
f 1359 668 1209
f 1019 1359 1209
f 78 1362 274
f 1362 1285 274
f 1285 1362 1296
f 79 1363 275
f 1363 1295 275
f 1295 1363 1296
f 1084 1364 80
f 1364 1084 1003
f 1085 1365 81
f 1365 1085 1160
f 1202 1366 947
f 1203 1367 1189
f 207 183 1368
f 1368 183 318
f 295 238 1369
f 1369 238 1118
f 1246 295 1369
f 686 1374 432
f 434 687 1375
f 1376 1235 355
f 1235 1376 1236
f 1236 1376 1377
f 854 1378 979
f 1378 969 982
f 1197 1378 1087
f 855 1379 980
f 1379 1069 980
f 390 1382 44
f 1251 1382 390
f 1382 1269 44
f 1269 1382 1270
f 391 1383 330
f 1383 1252 330
f 1383 1251 1252
f 1270 1383 391
f 1382 1251 1383
f 1270 1382 1383
f 506 592 1384
f 1384 592 1102
f 507 590 1385
f 1385 590 1100
f 1386 23 820
f 23 1386 1238
f 1387 24 821
f 594 1388 40
f 333 1388 594
f 595 1389 41
f 334 1389 595
f 1360 1392 1361
f 1361 1393 310
f 1361 1392 1393
f 1323 1396 58
f 1396 1323 1160
f 59 1397 171
f 1397 957 171
f 957 1397 1296
f 1322 1398 60
f 1398 1322 1003
f 61 1399 170
f 15 938 1399
f 1399 938 170
f 293 236 1400
f 1400 236 1117
f 1245 293 1400
f 1404 1043 1044
f 1403 1043 1404
f 1405 335 353
f 353 354 1405
f 1223 335 1405
f 354 1406 1405
f 355 1235 1407
f 1408 356 355
f 1407 1408 355
f 172 1411 255
f 1411 321 255
f 173 1412 253
f 1412 339 253
f 949 1415 1200
f 950 1416 1097
f 371 1417 418
f 1090 1417 1091
f 418 1417 1108
f 1417 1090 1108
f 1418 371 372
f 1091 1418 419
f 1417 371 1418
f 1091 1417 1418
f 838 465 1419
f 1119 838 1419
f 41 1389 1419
f 1389 334 1419
f 839 467 1420
f 1120 839 1420
f 288 1425 1166
f 289 1426 1161
f 926 323 1429
f 1429 927 926
f 324 1430 323
f 1430 324 927
f 323 1430 1429
f 1430 927 1429
f 687 653 1431
f 651 1432 686
f 1433 1067 1068
f 1096 1433 949
f 1067 1433 1096
f 1433 1415 949
f 1416 1434 1097
f 1416 1415 1434
f 1434 1433 1068
f 1415 1433 1434
f 440 456 1435
f 1435 456 1173
f 441 457 1436
f 1436 457 1174
f 713 1120 1437
f 1120 1420 1437
f 40 1388 1438
f 1388 333 1438
f 1401 1439 311
f 1440 1401 1402
f 1439 1401 1440
f 624 486 1441
f 625 487 1442
f 142 1443 88
f 1443 1342 88
f 143 1444 86
f 1444 1340 86
f 1340 1444 1166
f 939 1446 859
f 368 1446 1140
f 1446 939 1140
f 1143 1446 368
f 859 1446 1143
f 940 1448 861
f 1024 16 1448
f 1448 1054 1024
f 861 1448 1142
f 940 1265 1448
f 1265 1054 1448
f 377 1449 242
f 242 1449 1348
f 782 1450 651
f 782 964 1450
f 653 783 1451
f 1451 783 965
f 1291 1451 966
f 1452 1330 1329
f 1453 1330 1452
f 1330 1455 1329
f 1329 1455 1454
f 1457 362 361
f 1456 1457 361
f 1458 1170 1133
f 1133 1313 1458
f 363 963 1459
f 1129 1167 1459
f 1238 1459 1153
f 1310 1129 1459
f 1238 1386 1459
f 394 1460 662
f 662 1460 406
f 1460 394 1318
f 395 1461 663
f 663 1461 407
f 1461 395 1139
f 1461 1139 407
f 664 1462 874
f 665 1463 876
f 1463 406 1460
f 184 1464 166
f 184 319 1464
f 182 1465 167
f 182 317 1465
f 604 1466 1017
f 602 1467 1016
f 1015 1180 1467
f 1467 1180 1016
f 1470 1095 1094
f 1093 1471 1092
f 1092 1471 1470
f 1471 1095 1470
f 361 1472 1456
f 362 1473 961
f 308 1088 1474
f 1474 1088 339
f 999 1331 1474
f 339 1412 1474
f 412 924 1475
f 1475 924 1074
f 1177 412 1475
f 1045 1300 1475
f 1475 1300 1177
f 1335 1045 1475
f 1003 1346 1475
f 378 1476 243
f 1476 378 1002
f 243 1476 1349
f 1349 1476 1002
f 1261 1477 1262
f 1262 1477 1478
f 1223 1479 1224
f 1224 1479 1480
f 1055 1482 1247
f 1483 1055 1056
f 1482 1055 1483
f 31 440 1488
f 31 1488 1101
f 1488 440 1435
f 32 441 1489
f 1489 441 1436
f 129 1492 226
f 129 996 1492
f 1492 996 1475
f 131 1493 227
f 131 997 1493
f 1310 1496 820
f 820 1496 1386
f 1459 1496 1310
f 1386 1496 1459
f 1311 1497 821
f 821 1497 1387
f 822 1498 788
f 1498 1130 1168
f 1311 1130 1498
f 364 1312 1498
f 1498 1312 788
f 1387 1498 24
f 1497 1311 1498
f 1387 1497 1498
f 823 1499 789
f 1499 1313 789
f 1458 1499 1237
f 1313 1499 1458
f 1501 993 994
f 1500 993 1501
f 1503 1483 1248
f 1503 1482 1483
f 1502 1482 1503
f 1504 1412 173
f 1474 1504 1002
f 1412 1504 1474
f 1060 1104 1505
f 1128 1083 1505
f 1505 380 1339
f 1339 1347 1505
f 1505 1411 172
f 718 1506 727
f 719 1507 729
f 1511 650 1008
f 1291 650 1511
f 1008 1451 1511
f 1451 1291 1511
f 651 1512 1432
f 1450 1512 651
f 1513 652 1009
f 1290 652 1513
f 1431 653 1514
f 1431 1514 1008
f 1514 653 1451
f 1514 1451 1008
f 1262 1478 1516
f 1073 1474 1517
f 1003 1475 1518
f 1518 1475 1074
f 1519 316 291
f 1145 1519 291
f 1520 315 290
f 1144 1520 290
f 432 1521 1149
f 1374 1521 432
f 38 433 1522
f 1375 38 1522
f 1148 434 1523
f 1523 434 1375
f 39 435 1524
f 203 1525 265
f 203 986 1525
f 202 1526 264
f 202 985 1526
f 1527 25 24
f 25 1527 822
f 1498 1527 24
f 1527 1498 822
f 26 1528 823
f 1237 1528 26
f 1528 1499 823
f 1499 1528 1237
f 415 1529 268
f 1529 415 925
f 1075 1532 278
f 1344 1532 1075
f 1506 1533 727
f 1507 1534 729
f 392 1537 1227
f 1537 1228 1227
f 1320 1537 392
f 1228 1538 393
f 1538 1321 393
f 1321 1538 1320
f 1538 1228 1537
f 1320 1538 1537
f 841 1539 466
f 841 1234 1539
f 1539 1234 1119
f 1419 1539 1119
f 840 1540 464
f 1540 1233 716
f 840 1233 1540
f 1438 1540 716
f 484 622 1545
f 485 623 1546
f 1548 1355 1354
f 1547 1548 1354
f 1356 1357 1549
f 993 1500 1549
f 1549 1500 1356
f 1357 1550 1549
f 1551 12 11
f 10 1552 9
f 9 1552 1551
f 1552 12 1551
f 21 1553 204
f 204 1553 345
f 22 1554 206
f 206 1554 346
f 1555 624 1441
f 1556 625 1442
f 1040 205 1557
f 1557 205 1326
f 1106 207 1558
f 1558 207 1368
f 470 817 1563
f 1563 817 1278
f 468 819 1564
f 1564 819 1280
f 422 1567 90
f 1185 91 1568
f 423 1569 92
f 1134 93 1570
f 970 1571 971
f 971 1571 1572
f 572 1573 782
f 572 930 1573
f 1573 964 782
f 783 570 1574
f 1574 570 928
f 1574 928 931
f 965 783 1574
f 947 1575 1098
f 1366 1575 947
f 948 1576 1203
f 1576 1367 1203
f 1576 1366 1367
f 1575 1366 1576
f 414 1577 269
f 1577 414 1474
f 1073 1577 1474
f 858 916 1578
f 1445 858 1578
f 1142 1448 1578
f 1578 1448 1445
f 860 917 1579
f 367 1447 1579
f 1447 860 1579
f 276 1580 1345
f 277 1581 1344
f 278 1582 64
f 1532 1582 278
f 1582 1532 1344
f 1581 1582 1344
f 279 1583 62
f 1023 1584 279
f 1584 1583 279
f 752 858 1586
f 1586 858 1445
f 1448 1586 1445
f 753 860 1587
f 1587 1447 367
f 1587 860 1447
f 1224 1480 1589
f 1571 970 1590
f 372 971 1591
f 1484 1485 1592
f 1593 1050 1049
f 1485 1258 1593
f 1592 1593 1049
f 1485 1593 1592
f 1051 1052 1594
f 1595 1487 1486
f 1052 1595 1594
f 1594 1595 1486
f 1066 1597 220
f 1597 1066 1166
f 1065 1599 222
f 1602 1394 1395
f 1601 1394 1602
f 573 784 1603
f 931 573 1603
f 1603 784 966
f 1451 965 1603
f 1451 1603 966
f 1603 1574 931
f 965 1574 1603
f 571 785 1604
f 929 571 1604
f 1604 785 967
f 40 1606 635
f 635 1606 1225
f 1438 1606 40
f 1225 1606 1438
f 41 1608 637
f 637 1608 1226
f 1419 1608 41
f 1226 1608 1419
f 369 1609 370
f 370 1610 1052
f 1052 1610 1595
f 370 1609 1610
f 52 1612 214
f 52 1127 1612
f 1612 1127 1003
f 53 1613 215
f 53 1128 1613
f 1613 1128 1505
f 1616 1381 1380
f 1095 1617 1094
f 1094 1617 1616
f 1617 1381 1616
f 383 1578 1618
f 1578 916 1618
f 1579 1619 367
f 1579 917 1619
f 1620 1143 368
f 1143 1620 918
f 1142 1621 919
f 1621 1142 1578
f 29 1622 790
f 1622 1032 790
f 1622 29 1238
f 1032 1622 1238
f 30 1623 791
f 1623 1033 791
f 1306 1623 30
f 1033 1623 1306
f 164 116 1625
f 1540 1626 464
f 1626 1540 1438
f 1419 465 1627
f 1539 1628 466
f 1628 1539 1419
f 1420 467 1629
f 1437 1420 1629
f 373 327 1632
f 327 987 1632
f 1633 328 374
f 1633 374 373
f 988 328 1633
f 1206 988 1633
f 1632 1633 373
f 375 376 1634
f 376 1635 1634
f 373 374 1636
f 953 36 1636
f 374 946 1637
f 1637 954 953
f 374 1637 1636
f 1636 1637 953
f 955 956 1638
f 1638 1509 955
f 1639 376 375
f 1639 1510 376
f 1638 1639 375
f 956 1639 1638
f 116 66 1640
f 1640 66 1229
f 846 1643 333
f 1327 1643 846
f 1438 333 1643
f 1643 1327 1438
f 975 847 1644
f 848 1645 334
f 1328 1645 848
f 1419 334 1645
f 1645 1328 1419
f 976 849 1646
f 1437 976 1646
f 1647 430 1271
f 1647 1271 1423
f 1423 1424 1647
f 1272 431 1648
f 1648 431 1422
f 1648 1422 1421
f 1424 1272 1648
f 1647 1648 1421
f 1424 1648 1647
f 112 1649 160
f 1649 972 160
f 113 1650 161
f 1650 995 161
f 995 1650 1002
f 96 114 1651
f 1651 1105 96
f 1105 1651 1003
f 114 1614 1651
f 1003 1651 1614
f 94 115 1652
f 1652 1104 94
f 1104 1652 1505
f 115 1615 1652
f 1652 1615 1505
f 68 1653 230
f 68 1231 1653
f 69 1654 231
f 69 1232 1654
f 1655 1093 1092
f 1469 1656 1468
f 1656 1093 1655
f 1468 1656 1655
f 208 1657 288
f 208 313 1657
f 1657 1425 288
f 209 1658 289
f 209 314 1658
f 1658 1426 289
f 89 82 1659
f 1659 82 1273
f 1343 89 1659
f 212 1660 50
f 1660 1181 50
f 1281 1660 212
f 213 1661 51
f 1661 1204 51
f 1204 1661 1002
f 1309 1661 213
f 1661 1309 1002
f 1612 1662 214
f 1662 1612 1003
f 1613 1663 215
f 1505 1663 1613
f 165 117 1664
f 87 83 1665
f 1665 83 1274
f 1341 87 1665
f 117 67 1666
f 1666 67 1230
f 329 330 1667
f 1668 1151 1150
f 330 1252 1668
f 330 1668 1667
f 1667 1668 1150
f 1152 1153 1669
f 1670 332 331
f 1153 1459 1670
f 1669 1670 331
f 1153 1670 1669
f 993 1671 994
f 1255 1671 1543
f 1672 1255 1256
f 994 1672 1544
f 994 1671 1672
f 1671 1255 1672
f 1495 1673 721
f 1494 1674 720
f 335 1675 353
f 1676 335 336
f 1676 336 1406
f 354 1676 1406
f 1675 335 1676
f 1634 1678 375
f 1211 1678 1634
f 1679 1211 1212
f 1678 1211 1679
f 719 1240 1680
f 1680 1507 719
f 1674 1494 1680
f 718 1239 1681
f 1681 1506 718
f 416 1158 1682
f 1588 1589 1682
f 1683 417 416
f 1589 1480 1683
f 1682 1683 416
f 1589 1683 1682
f 1684 371 418
f 418 419 1684
f 970 371 1684
f 1590 970 1684
f 1418 372 1685
f 419 1418 1685
f 1685 372 1591
f 1685 1591 1590
f 419 1685 1684
f 1684 1685 1590
f 1687 1676 354
f 1687 1675 1676
f 1686 1675 1687
f 1257 1688 1258
f 1688 1257 1484
f 1592 1688 1484
f 1593 1689 1050
f 1258 1689 1593
f 1258 1688 1689
f 1691 1251 329
f 1251 1691 1252
f 1667 1691 329
f 1668 1692 1151
f 1252 1692 1668
f 1252 1691 1692
f 1179 1693 1014
f 1693 1673 1495
f 1694 1028 1017
f 1221 1028 1694
f 1017 1466 1694
f 1533 1506 1694
f 1670 1694 332
f 1506 1681 1694
f 82 122 1695
f 1273 82 1695
f 1043 1696 1044
f 1697 33 34
f 1696 33 1697
f 1044 1696 1697
f 1700 411 410
f 1700 410 926
f 926 1530 1700
f 927 411 1701
f 1701 1531 927
f 1531 1701 1530
f 1701 411 1700
f 1530 1701 1700
f 179 234 1704
f 178 233 1705
f 135 305 1706
f 1172 135 1706
f 1706 305 1220
f 453 905 1707
f 865 648 1709
f 863 649 1710
f 1711 1023 1073
f 1711 1073 1517
f 1584 1023 1711
f 1583 1584 1711
f 1074 1345 1712
f 1345 1580 1712
f 1 33 1713
f 1456 1 1713
f 34 2 1714
f 1714 2 1457
f 1714 1457 1456
f 1697 34 1714
f 1713 1714 1456
f 443 818 1715
f 1715 1279 31
f 1715 818 1279
f 1491 1715 31
f 1491 443 1715
f 816 1716 442
f 816 1277 1716
f 1716 1490 442
f 612 1717 750
f 612 1026 1717
f 1140 1717 1026
f 613 1718 751
f 613 1027 1718
f 1265 1718 1027
f 83 120 1719
f 1274 83 1719
f 1352 1720 392
f 1721 1353 393
f 1353 1721 1352
f 1352 1721 1720
f 1722 1283 392
f 1722 1284 1283
f 393 1284 1723
f 1723 1284 1722
f 305 98 1724
f 1220 305 1724
f 1724 98 1370
f 490 1725 29
f 1207 1725 490
f 29 1725 1238
f 1725 1207 1238
f 491 1726 30
f 1208 1726 491
f 30 1726 1306
f 1726 1208 1306
f 1728 1090 1091
f 1728 1091 1109
f 1727 1090 1728
f 1307 349 1731
f 1308 351 1731
f 1384 1102 1731
f 1385 1100 1731
f 1436 1174 1731
f 32 1489 1731
f 1731 1489 1436
f 104 1733 298
f 105 1734 299
f 106 1735 325
f 325 1735 1712
f 107 1736 326
f 326 1736 1724
f 876 1737 1318
f 1737 1460 1318
f 1463 1737 876
f 1737 1463 1460
f 874 1738 1316
f 1316 1738 1140
f 1462 1738 874
f 1738 1462 1140
f 133 306 1741
f 1171 133 1741
f 1741 306 1218
f 1058 1742 991
f 1211 1742 1212
f 1743 1058 1059
f 1212 1743 992
f 1742 1058 1743
f 1212 1742 1743
f 311 312 1744
f 1744 1401 311
f 312 1440 1745
f 1440 1402 1745
f 1745 1402 1536
f 1745 1536 1535
f 312 1745 1744
f 1744 1745 1535
f 309 1392 1746
f 1392 1360 1746
f 1746 1360 1535
f 1535 1536 1746
f 1747 310 309
f 1747 1361 310
f 1746 1747 309
f 1536 1747 1746
f 1280 32 1750
f 967 1290 1750
f 1750 1513 1009
f 1290 1513 1750
f 1750 39 1524
f 1564 1280 1750
f 1750 929 1604
f 1750 1604 967
f 1750 32 1731
f 1751 930 368
f 408 1164 1751
f 1115 1175 1751
f 1254 352 1751
f 1751 1450 964
f 1432 1512 1751
f 1512 1450 1751
f 1751 1149 1521
f 1521 1374 1751
f 1573 930 1751
f 964 1573 1751
f 1751 1716 1277
f 1490 1716 1751
f 1732 1103 1751
f 1752 1155 1154
f 12 1753 11
f 11 1753 1752
f 1753 1155 1752
f 306 99 1754
f 1218 306 1754
f 1754 99 1371
f 1218 1754 1711
f 1711 1754 1371
f 1049 1050 1755
f 1050 1756 1755
f 1609 369 1757
f 1051 1609 1757
f 1758 370 1052
f 1758 1052 1051
f 1757 1758 1051
f 1192 1759 960
f 1269 1759 1192
f 1193 1760 45
f 1760 1270 45
f 1760 1269 1270
f 1759 1269 1760
f 456 865 1761
f 1173 456 1761
f 457 863 1762
f 1174 457 1762
f 1174 1762 1731
f 214 1763 162
f 214 1662 1763
f 1003 1763 1662
f 215 1764 163
f 215 1663 1764
f 1764 1663 1505
f 139 1765 273
f 139 358 1765
f 1765 358 1160
f 138 1766 272
f 138 357 1766
f 1766 357 1003
f 81 1767 73
f 81 1365 1767
f 1767 1365 1160
f 80 1768 72
f 80 1364 1768
f 1768 1364 1003
f 1769 430 1647
f 1421 1769 1647
f 1727 1769 1421
f 431 430 1770
f 431 1770 1422
f 1770 1727 1728
f 430 1769 1770
f 1769 1727 1770
f 1058 1771 1059
f 1575 1771 1098
f 1099 1772 948
f 1059 1772 1099
f 1772 1576 948
f 1772 1575 1576
f 1059 1771 1772
f 1771 1575 1772
f 1041 1773 1042
f 1773 1041 1110
f 1042 1773 1774
f 408 1775 646
f 1775 408 1751
f 31 1776 409
f 409 1776 647
f 1777 648 1308
f 1709 648 1777
f 1777 1308 1731
f 1731 1709 1777
f 1778 649 1307
f 1710 649 1778
f 1731 1778 1307
f 1710 1778 1731
f 1183 1781 926
f 1781 1565 926
f 1781 1566 1565
f 1782 1184 927
f 1184 1782 1183
f 927 1566 1782
f 1183 1782 1781
f 1782 1566 1781
f 1783 1463 665
f 1784 1462 664
f 1140 1462 1784
f 381 1785 382
f 382 1786 1250
f 382 1785 1786
f 1545 1787 484
f 1546 1788 485
f 1788 1546 1441
f 616 1789 794
f 941 1789 428
f 1789 941 794
f 428 1789 944
f 616 1078 1789
f 1789 1293 944
f 1789 1078 1293
f 617 1790 795
f 1790 942 795
f 617 1079 1790
f 1791 3 303
f 303 74 1791
f 3 1791 1003
f 75 1792 97
f 1160 1792 15
f 1792 1160 97
f 15 1792 1585
f 1585 1792 75
f 1793 4 301
f 301 76 1793
f 4 1793 1160
f 77 1794 95
f 1794 1182 95
f 1182 1794 1296
f 1596 1794 77
f 1296 1794 1596
f 1123 1795 1124
f 1796 1601 1602
f 1124 1795 1796
f 1795 1601 1796
f 998 1797 218
f 1334 1046 1797
f 218 1797 1337
f 1046 1337 1797
f 266 140 1798
f 1271 1799 1423
f 1773 1799 1774
f 1800 1271 1272
f 1800 1272 1424
f 1774 1800 1424
f 1799 1271 1800
f 1774 1799 1800
f 989 990 1801
f 987 1205 1801
f 1801 1205 989
f 1632 987 1801
f 990 338 1802
f 338 1206 1802
f 1802 1206 1633
f 1802 1633 1632
f 990 1802 1801
f 1801 1802 1632
f 1803 1211 1634
f 1634 1635 1803
f 991 1742 1803
f 1742 1211 1803
f 1804 992 991
f 1804 1212 992
f 1679 1212 1804
f 1635 1679 1804
f 1803 1804 991
f 1635 1804 1803
f 1805 10 9
f 1455 1806 1454
f 1806 10 1805
f 1454 1806 1805
f 504 1807 593
f 1807 1103 593
f 1103 1807 1751
f 505 1808 591
f 1808 31 1101
f 1808 1101 591
f 1809 393 392
f 1810 393 1809
f 212 160 1811
f 160 972 1811
f 1811 1281 212
f 213 161 1812
f 161 995 1812
f 1812 995 1002
f 1812 1309 213
f 1002 1309 1812
f 162 1813 114
f 1813 1614 114
f 1614 1813 1003
f 1763 1813 162
f 1813 1763 1003
f 163 1814 115
f 1814 1615 115
f 1505 1615 1814
f 1764 1814 163
f 1814 1764 1505
f 267 141 1815
f 98 298 1816
f 1370 98 1816
f 1816 298 1561
f 186 1817 1083
f 1505 1083 1817
f 5 1818 187
f 187 1818 125
f 1818 5 1002
f 1818 1624 125
f 1002 1624 1818
f 188 1819 1082
f 1082 1819 1003
f 189 1820 127
f 1820 1611 127
f 1399 1821 15
f 1821 1399 61
f 155 135 1822
f 1822 135 1172
f 1289 155 1822
f 1823 1397 59
f 1397 1823 1296
f 124 1824 186
f 1824 1817 186
f 1817 1824 1505
f 126 1825 188
f 1825 1819 188
f 1819 1825 1003
f 392 1720 1826
f 1826 1722 392
f 1826 1723 1722
f 1827 1721 393
f 1721 1827 1720
f 1723 1827 393
f 1720 1827 1826
f 1827 1723 1826
f 1267 1828 902
f 1828 1267 1070
f 1268 1829 904
f 999 1830 216
f 216 1830 1336
f 1830 999 1474
f 1474 1336 1830
f 828 874 1831
f 1215 828 1831
f 1831 1140 1215
f 1831 874 1316
f 1831 1316 1140
f 829 876 1832
f 1216 829 1832
f 1317 1216 1832
f 1832 876 1318
f 1832 1318 1317
f 486 794 1833
f 487 795 1834
f 647 862 1835
f 31 1835 1116
f 1835 862 1116
f 1165 1835 31
f 1165 647 1835
f 864 1836 646
f 1115 1836 864
f 1836 1164 646
f 1836 1115 1751
f 1751 1164 1836
f 1837 937 936
f 1642 1838 1641
f 1838 937 1837
f 1641 1838 1837
f 903 1839 452
f 1708 1839 903
f 1839 1708 1829
f 658 1840 664
f 1840 1784 664
f 1784 1840 1140
f 659 1841 665
f 1298 1841 1306
f 1841 1783 665
f 406 1842 660
f 660 1842 1298
f 1842 406 1463
f 1783 1842 1463
f 1298 1842 1841
f 1841 1842 1783
f 407 1843 661
f 1139 1843 407
f 661 1843 1299
f 1139 1299 1843
f 1844 865 1709
f 1844 1709 1731
f 1761 865 1844
f 1845 863 1710
f 1845 1710 1731
f 1762 863 1845
f 1731 1762 1845
f 150 62 1846
f 148 64 1848
f 153 133 1850
f 1850 133 1171
f 1287 153 1850
f 99 299 1851
f 1371 99 1851
f 1851 299 1562
f 1371 1851 1711
f 1851 1562 1711
f 1069 1852 331
f 1852 1556 1442
f 1853 1070 332
f 1853 1787 1545
f 1853 1828 1070
f 592 626 1854
f 1102 592 1854
f 1731 1102 1854
f 590 627 1855
f 1100 590 1855
f 1731 1100 1855
f 467 812 1856
f 1629 467 1856
f 1629 1856 1437
f 465 814 1857
f 1627 465 1857
f 1858 1453 1452
f 1037 1859 1036
f 1036 1859 1858
f 1859 1453 1858
f 174 1860 240
f 1860 1346 240
f 174 1413 1860
f 1346 1860 1475
f 1475 1860 1413
f 175 1861 241
f 1861 8 1089
f 1089 321 1861
f 1861 1347 241
f 1861 321 1411
f 175 1414 1861
f 1347 1861 1505
f 1505 1861 1411
f 1862 1362 78
f 1362 1862 1296
f 596 634 1863
f 1390 596 1863
f 1863 634 1605
f 597 636 1864
f 1391 597 1864
f 1437 1391 1864
f 1864 636 1607
f 1864 1607 1437
f 1401 1865 1402
f 1360 1865 1535
f 1865 1401 1744
f 1535 1865 1744
f 1866 1360 1361
f 1402 1866 1536
f 1866 1361 1747
f 1536 1866 1747
f 1865 1360 1866
f 1402 1865 1866
f 1779 1867 1780
f 1868 1403 1404
f 1867 1403 1868
f 1780 1867 1868
f 1060 1869 76
f 1160 1869 1063
f 1869 1125 1181
f 1449 377 1869
f 1348 1449 1869
f 1060 1505 1869
f 972 1649 1869
f 1181 1660 1869
f 1660 1281 1869
f 76 1869 1793
f 1793 1869 1160
f 1811 972 1869
f 1869 1281 1811
f 1869 1611 1820
f 1062 1870 74
f 1003 1870 1062
f 74 1870 1791
f 1791 1870 1003
f 1871 1363 79
f 1363 1871 1296
f 1719 120 1872
f 121 1873 1066
f 1166 1066 1873
f 1695 122 1874
f 123 1875 1065
f 1839 1876 452
f 1876 1839 1829
f 1877 453 1707
f 1069 1877 1852
f 1877 1707 1852
f 454 1878 1267
f 1070 1267 1878
f 455 1879 1268
f 1072 1880 620
f 1853 1880 1072
f 1071 1881 621
f 1123 1882 1150
f 1150 1882 1667
f 1882 1691 1667
f 1691 1882 1692
f 1883 1123 1124
f 1692 1883 1151
f 1882 1123 1883
f 1692 1882 1883
f 567 1884 562
f 567 1170 1884
f 1884 1170 1458
f 566 1885 560
f 566 1169 1885
f 1885 1169 962
f 132 1886 304
f 1118 1040 1886
f 132 1162 1886
f 1886 1217 304
f 1326 320 1886
f 1886 1369 1118
f 1246 1369 1886
f 1040 1557 1886
f 1886 1557 1326
f 1134 1570 1886
f 1640 1229 1886
f 1172 1706 1886
f 1706 1220 1886
f 1724 1217 1886
f 1886 1220 1724
f 1886 1822 1172
f 1289 1822 1886
f 134 1887 307
f 134 1163 1887
f 1887 1219 307
f 1219 1887 1712
f 326 1888 284
f 284 1888 399
f 1888 326 1724
f 1724 399 1888
f 285 1889 105
f 325 1890 286
f 286 1890 398
f 1712 1890 325
f 398 1890 1712
f 287 1891 104
f 1479 1892 1480
f 1892 1479 1588
f 1158 1892 1682
f 1682 1892 1588
f 1893 1159 417
f 1893 1158 1159
f 1683 1893 417
f 1480 1893 1683
f 1892 1158 1893
f 1480 1892 1893
f 955 1894 934
f 1509 1894 955
f 1895 1509 1510
f 956 1895 1639
f 1895 1510 1639
f 1894 1509 1895
f 728 603 1896
f 1896 603 1014
f 1693 1896 1014
f 726 605 1897
f 1897 605 1015
f 1897 1015 1467
f 1477 1898 1478
f 1898 1477 1515
f 1899 1779 1780
f 1478 1898 1899
f 1898 1779 1899
f 1166 1425 1901
f 932 933 1904
f 353 1675 1904
f 1904 1686 932
f 1675 1686 1904
f 1905 354 353
f 1905 1687 354
f 1904 1905 353
f 933 1905 1904
f 355 356 1906
f 1906 1376 355
f 1907 935 934
f 356 1236 1907
f 1907 1377 935
f 1236 1377 1907
f 356 1907 1906
f 1906 1907 934
f 282 1908 415
f 925 1908 413
f 415 1908 925
f 413 1908 1178
f 1302 1908 282
f 1908 1302 1178
f 1909 1026 612
f 1026 1909 1140
f 1263 1909 612
f 1909 1263 1140
f 1910 1027 613
f 1264 1910 613
f 1027 1910 1265
f 1910 1264 1265
f 1117 1106 1911
f 314 1141 1911
f 1141 984 1911
f 1911 984 1304
f 1368 318 1911
f 1911 1400 1117
f 1245 1400 1911
f 1106 1558 1911
f 1911 1558 1368
f 1185 1568 1911
f 1911 1658 314
f 1426 1658 1911
f 1665 1274 1911
f 1341 1665 1911
f 1666 1230 1911
f 1911 1218 1711
f 1911 1274 1719
f 1171 1741 1911
f 1741 1218 1911
f 1911 1850 1171
f 1287 1850 1911
f 1719 1872 1911
f 319 345 1912
f 21 1114 1912
f 1231 973 1912
f 1912 1114 1259
f 1259 1244 1912
f 1464 319 1912
f 1553 21 1912
f 1912 345 1553
f 1569 423 1912
f 1653 1231 1912
f 1712 1912 1187
f 1887 1163 1912
f 1712 1887 1912
f 1913 1785 1249
f 1785 1913 1786
f 1914 369 370
f 1914 370 1758
f 1913 369 1914
f 1786 1913 1914
f 1915 1642 1641
f 1157 1916 1156
f 1156 1916 1915
f 1916 1642 1915
f 63 1917 277
f 1917 1581 277
f 1724 1370 1917
f 1917 1370 1816
f 1917 1816 1561
f 63 1847 1917
f 1847 1724 1917
f 65 1918 276
f 1918 1580 276
f 1712 1580 1918
f 65 1849 1918
f 1712 1918 1849
f 58 1919 157
f 58 1396 1919
f 1919 1396 1160
f 60 1920 159
f 60 1398 1920
f 1920 1398 1003
f 670 1921 534
f 670 1010 1921
f 1087 1921 1013
f 1921 1198 534
f 1198 1921 1087
f 535 671 1922
f 1922 671 1011
f 1069 1922 1011
f 1199 535 1922
f 1199 1922 1069
f 270 1923 924
f 924 1923 1074
f 271 1924 925
f 1924 322 925
f 1022 322 1924
f 1022 1924 1075
f 268 1925 258
f 1925 322 258
f 322 1925 925
f 1529 1925 268
f 925 1925 1529
f 269 1926 259
f 1926 360 259
f 1073 360 1926
f 1577 1926 269
f 1926 1577 1073
f 1927 383 570
f 919 1927 570
f 1578 383 1927
f 919 1621 1927
f 1621 1578 1927
f 918 1928 572
f 930 1928 368
f 1928 930 572
f 368 1928 1620
f 918 1620 1928
f 1049 1929 1592
f 1929 1688 1592
f 1688 1929 1689
f 1689 1930 1050
f 1050 1930 1756
f 1689 1929 1930
f 152 1931 132
f 1931 1162 132
f 152 1286 1931
f 154 1932 134
f 1932 1163 134
f 154 1288 1932
f 1912 1163 1932
f 1932 1288 1912
f 1427 1933 1428
f 1500 1933 1356
f 1428 1934 1357
f 1934 1500 1501
f 1357 1934 1550
f 1934 1501 1550
f 1428 1933 1934
f 1933 1500 1934
f 1354 1935 1547
f 1139 367 1937
f 1751 368 1938
f 1601 1795 1939
f 1124 1796 1940
f 283 1941 414
f 1303 1941 283
f 414 1941 1474
f 1474 1941 1303
f 168 42 1942
f 1942 42 1003
f 169 43 1943
f 1943 43 1160
f 247 170 1944
f 1944 938 15
f 170 938 1944
f 1481 1944 15
f 1944 1481 247
f 245 171 1945
f 171 957 1945
f 1296 1945 957
f 1945 1508 245
f 1508 1945 1296
f 1946 78 70
f 248 1946 70
f 1946 1862 78
f 1296 1862 1946
f 1947 79 71
f 249 1947 71
f 1947 1871 79
f 1296 1871 1947
f 1768 1948 72
f 1948 1768 1003
f 1767 1949 73
f 1160 1949 1767
f 223 110 1950
f 1600 223 1950
f 1950 110 1902
f 1048 1952 49
f 1043 1403 1953
f 1868 1404 1954
f 227 1955 252
f 1955 1080 252
f 226 1956 254
f 1956 1081 254
f 1081 1956 1475
f 1957 1237 1139
f 1152 1458 1957
f 1458 1237 1957
f 1957 1139 1937
f 1937 1938 1957
f 368 1140 1958
f 1958 1153 1152
f 1958 1140 1238
f 1958 1238 1153
f 1938 368 1958
f 1957 1958 1152
f 1938 1958 1957
f 1959 1123 1150
f 1150 1151 1959
f 1795 1123 1959
f 1939 1795 1959
f 1883 1124 1960
f 1151 1883 1960
f 1960 1124 1940
f 1960 1940 1939
f 1151 1960 1959
f 1959 1960 1939
f 1961 1810 1809
f 1381 1962 1380
f 1380 1962 1961
f 1962 1810 1961
f 1582 1963 64
f 1963 1582 1581
f 64 1963 1848
f 1917 1963 1581
f 1848 1963 1917
f 264 1964 1146
f 1526 1964 264
f 265 1965 1147
f 1144 1166 1965
f 1965 1166 1147
f 1525 1965 265
f 1966 1282 266
f 1967 1304 267
f 1304 1967 1911
f 180 1968 235
f 180 379 1968
f 1003 1968 379
f 1968 1703 235
f 1703 1968 1003
f 181 1969 232
f 181 380 1969
f 1969 380 1505
f 1969 1702 232
f 1702 1969 1505
f 221 111 1970
f 1598 221 1970
f 1970 111 1903
f 1598 1970 1911
f 1970 1903 1911
f 1972 1257 1258
f 1972 1258 1485
f 1971 1257 1972
f 1227 1973 392
f 393 1974 1228
f 1228 1974 1227
f 1227 1974 1973
f 307 1975 100
f 307 1219 1975
f 1975 1372 100
f 1975 1219 1712
f 1712 1372 1975
f 304 1976 101
f 304 1217 1976
f 1976 1373 101
f 1976 1217 1724
f 1373 1976 1724
f 298 1977 1561
f 1733 1977 298
f 1561 1977 1917
f 1977 1733 1917
f 392 798 1978
f 1409 392 1978
f 1978 1410 1409
f 799 393 1979
f 393 1410 1979
f 1979 1410 1978
f 1188 1189 1980
f 1980 1261 1188
f 1477 1261 1980
f 1515 1477 1980
f 1981 1262 1516
f 1981 1516 1515
f 1189 1981 1980
f 1980 1981 1515
f 1517 1518 1982
f 1982 1711 1517
f 1186 1911 1982
f 1911 1711 1982
f 1983 1187 1186
f 1518 1074 1983
f 1074 1712 1983
f 1983 1712 1187
f 1982 1983 1186
f 1518 1983 1982
f 1984 1323 169
f 1160 1323 1984
f 1943 1984 169
f 1984 1943 1160
f 1985 1322 168
f 1003 1322 1985
f 1942 1985 168
f 1985 1942 1003
f 1986 344 136
f 344 1986 1296
f 224 8 1987
f 128 224 1987
f 1987 1294 128
f 1493 997 1987
f 1987 8 1861
f 1414 1987 1861
f 1080 1955 1987
f 1988 359 137
f 359 1988 1296
f 287 54 1989
f 285 55 1990
f 56 1991 348
f 398 1991 56
f 1712 348 1991
f 1991 398 1712
f 57 1992 347
f 399 1992 57
f 347 1992 1724
f 1992 399 1724
f 148 1993 54
f 348 1994 149
f 1994 348 1712
f 150 1995 55
f 347 1996 151
f 1724 1996 347
f 1145 1161 1997
f 1161 1426 1997
f 1186 1997 1911
f 1997 1426 1911
f 1998 340 315
f 341 316 1998
f 342 340 1998
f 343 341 1998
f 985 342 1998
f 1998 986 343
f 1187 1998 1201
f 1342 1443 1998
f 1998 316 1519
f 1519 1145 1998
f 315 1520 1998
f 1520 1144 1998
f 1525 986 1998
f 1998 1526 985
f 1599 1065 1998
f 1065 1875 1998
f 1912 1998 1187
f 1146 1964 1998
f 1964 1526 1998
f 1998 1144 1965
f 1965 1525 1998
f 1145 1997 1998
f 1999 377 178
f 1705 1999 178
f 377 1999 1869
f 1869 1999 1705
f 66 228 2000
f 1229 66 2000
f 1229 2000 1886
f 991 992 2001
f 2001 1058 991
f 1771 1058 2001
f 1098 1771 2001
f 2002 1059 1099
f 2002 1099 1098
f 992 1743 2002
f 1743 1059 2002
f 992 2002 2001
f 2001 2002 1098
f 989 337 2003
f 337 1067 2003
f 2003 1067 1096
f 1096 1097 2003
f 2004 990 989
f 2004 1068 990
f 1434 1068 2004
f 1097 1434 2004
f 2003 2004 989
f 1097 2004 2003
f 1583 2005 62
f 1711 2005 1583
f 62 2005 1846
f 1846 2005 1711
f 1301 2006 1046
f 1301 1178 2006
f 2006 1302 262
f 1178 1302 2006
f 1337 2006 262
f 2006 1337 1046
f 2007 402 462
f 494 2007 462
f 2007 401 1122
f 2007 1122 402
f 2008 403 463
f 495 2008 463
f 565 2009 1168
f 1168 2009 1498
f 564 2010 1167
f 1167 2010 1459
f 2011 352 868
f 646 2011 868
f 352 2011 1751
f 1775 2011 646
f 1751 2011 1775
f 350 2012 31
f 2012 350 866
f 647 2012 866
f 2012 1776 31
f 647 1776 2012
f 1188 2013 1202
f 1261 2013 1188
f 2013 1366 1202
f 1366 2013 1367
f 2014 1261 1262
f 1367 2014 1189
f 1189 2014 1981
f 2014 1262 1981
f 2013 1261 2014
f 1367 2013 2014
f 2015 266 1798
f 2015 1966 266
f 185 164 2016
f 320 185 2016
f 320 2016 1886
f 311 1439 2017
f 2018 312 311
f 2017 2018 311
f 309 310 2019
f 310 1393 2020
f 310 2020 2019
f 2021 378 179
f 378 2021 1002
f 1704 2021 179
f 1002 2021 1704
f 2022 267 1815
f 1911 2022 1815
f 2022 1967 267
f 1967 2022 1911
f 299 2023 1562
f 1562 2023 1711
f 1734 2023 299
f 2023 1734 1711
f 1492 2024 226
f 1475 2024 1492
f 226 2024 1956
f 1956 2024 1475
f 1493 2025 227
f 227 2025 1955
f 1987 2025 1493
f 1955 2025 1987
f 130 225 2026
f 225 308 2026
f 2026 1331 130
f 2026 308 1474
f 1474 1331 2026
f 1137 1138 2027
f 2027 1731 1137
f 1750 1731 2027
f 1138 2028 2027
f 2030 1136 1135
f 2030 1395 1136
f 1602 1395 2030
f 2029 2030 1135
f 1063 2031 112
f 2031 1649 112
f 1869 2031 1063
f 1869 1649 2031
f 272 2032 1084
f 1003 1084 2032
f 1766 2032 272
f 2032 1766 1003
f 273 2033 1085
f 1160 1085 2033
f 1765 2033 273
f 2033 1765 1160
f 136 274 2034
f 274 1285 2034
f 1296 2034 1285
f 2034 1986 136
f 1986 2034 1296
f 137 275 2035
f 275 1295 2035
f 1296 2035 1295
f 2035 1988 137
f 1988 2035 1296
f 1565 2036 926
f 926 2036 1698
f 2036 1699 1698
f 2037 1566 927
f 1566 2037 1565
f 1699 2037 927
f 1565 2037 2036
f 2037 1699 2036
f 2038 1530 926
f 2038 1531 1530
f 1698 2038 926
f 1531 2039 927
f 927 2039 1699
f 1699 2039 1698
f 2039 1531 2038
f 1698 2039 2038
f 67 229 2040
f 1230 67 2040
f 1230 2040 1911
f 1748 2041 1749
f 1439 2041 2017
f 2042 1440 312
f 2042 1439 1440
f 2018 2042 312
f 1749 2042 2018
f 2041 1439 2042
f 1749 2041 2042
f 2043 1303 263
f 1336 2043 263
f 1303 2043 1474
f 2043 1336 1474
f 892 679 2044
f 1242 892 2044
f 889 681 2045
f 1241 889 2045
f 2046 228 1134
f 2046 1134 1886
f 2000 228 2046
f 1886 2000 2046
f 2047 229 1185
f 2047 1185 1911
f 2040 229 2047
f 1911 2040 2047
f 230 2048 423
f 1653 2048 230
f 423 2048 1912
f 1912 2048 1653
f 231 2049 422
f 1654 2049 231
f 706 2050 857
f 2050 982 857
f 2050 977 1031
f 1031 979 2050
f 979 1378 2050
f 2050 1378 982
f 708 2051 856
f 2051 981 856
f 981 2051 1070
f 1070 2051 1438
f 433 470 2052
f 1522 433 2052
f 2052 1375 1522
f 1148 1523 2052
f 1523 1375 2052
f 435 468 2053
f 1524 435 2053
f 1524 2053 1750
f 1242 2054 1179
f 2054 1458 1152
f 1669 2054 1152
f 2054 1693 1179
f 1693 2054 1669
f 1242 2044 2054
f 1459 963 2055
f 1459 2055 1670
f 2055 1221 1694
f 1670 2055 1694
f 678 2056 962
f 1222 2056 678
f 2056 1222 1241
f 962 2056 2045
f 2045 2056 1241
f 680 2057 963
f 1221 2057 680
f 963 2057 2055
f 2055 2057 1221
f 2058 1296 1297
f 2058 1729 1047
f 1730 2059 1048
f 1730 1729 2059
f 2059 2058 1297
f 1729 2058 2059
f 847 596 2060
f 2060 596 1390
f 1644 847 2060
f 849 597 2061
f 2061 597 1391
f 2061 1391 1437
f 1646 849 2061
f 1646 2061 1437
f 1731 2062 1137
f 2062 1731 1732
f 1138 2063 2028
f 2063 1732 2028
f 2063 2062 1732
f 1061 2064 113
f 2064 1061 1002
f 2064 1650 113
f 1002 1650 2064
f 183 165 2065
f 318 183 2065
f 318 2065 1911
f 1394 2066 1395
f 1427 2066 1135
f 1135 2066 2029
f 2066 1394 2029
f 1395 2067 1136
f 2067 1427 1428
f 1395 2066 2067
f 2066 1427 2067
f 36 2068 37
f 2068 36 953
f 932 2068 953
f 1686 2068 932
f 37 2069 933
f 2069 1686 1687
f 933 2069 1905
f 2069 1687 1905
f 37 2068 2069
f 2068 1686 2069
f 2070 1223 1405
f 1405 1406 2070
f 1479 1223 2070
f 1588 1479 2070
f 336 1224 2071
f 1406 336 2071
f 2071 1224 1589
f 2071 1589 1588
f 1406 2071 2070
f 2070 2071 1588
f 2072 1571 1590
f 1590 1591 2072
f 2073 1408 1407
f 971 1572 2073
f 2073 1572 1408
f 1591 971 2073
f 2072 2073 1407
f 1591 2073 2072
f 620 2076 622
f 1880 2076 620
f 2076 1880 1853
f 621 2077 623
f 1881 2077 621
f 46 2078 388
f 798 713 2078
f 2078 1069 388
f 46 1190 2078
f 2078 713 1437
f 2078 1437 1069
f 1978 798 2078
f 2078 1979 1978
f 2079 47 389
f 332 2079 389
f 716 799 2079
f 1070 2079 332
f 2079 1191 47
f 959 1191 2079
f 1438 716 2079
f 1070 1438 2079
f 2079 799 1979
f 2078 2079 1979
f 1798 140 2080
f 1815 141 2081
f 1815 2081 1911
f 1146 2082 142
f 142 2082 1443
f 1998 2082 1146
f 1443 2082 1998
f 1147 2083 143
f 1166 2083 1147
f 143 2083 1444
f 1166 1444 2083
f 960 2084 361
f 2084 1472 361
f 1472 2084 1473
f 1759 2084 960
f 961 2085 1193
f 1473 2085 961
f 2085 1760 1193
f 2085 1759 1760
f 1473 2084 2085
f 2084 1759 2085
f 2086 1392 309
f 1392 2086 1393
f 2019 2086 309
f 1971 2086 2019
f 2087 1971 1972
f 1393 2087 2020
f 1393 2086 2087
f 2086 1971 2087
f 464 2088 815
f 464 1626 2088
f 2088 1626 1438
f 466 2089 813
f 466 1628 2089
f 2089 1628 1419
f 618 624 2090
f 2090 624 1555
f 1881 1071 2090
f 2074 618 2090
f 2074 2090 1829
f 2090 2077 1881
f 619 625 2091
f 2091 625 1556
f 2091 1556 1852
f 2075 619 2091
f 2075 2091 1852
f 2092 941 428
f 794 941 2092
f 2092 428 1833
f 1833 794 2092
f 795 942 2093
f 1834 795 2093
f 2095 404 392
f 2095 405 404
f 392 1283 2095
f 405 2096 393
f 2096 1284 393
f 1284 2096 1283
f 2096 405 2095
f 1283 2096 2095
f 256 2097 270
f 256 1020 2097
f 2097 1020 1074
f 2097 1923 270
f 1074 1923 2097
f 257 2098 271
f 257 1021 2098
f 1075 2098 1021
f 2098 1924 271
f 1924 2098 1075
f 156 18 2099
f 59 156 2099
f 2099 18 1296
f 2099 1823 59
f 1296 1823 2099
f 1919 2100 157
f 1160 2100 1919
f 15 2101 13
f 158 13 2101
f 61 158 2101
f 1821 2101 15
f 2101 1821 61
f 1920 2102 159
f 1003 2102 1920
f 1333 403 2103
f 1079 1333 2103
f 1669 331 2103
f 2103 1693 1669
f 942 1790 2103
f 1790 1079 2103
f 331 1852 2103
f 1852 1834 2103
f 2103 403 2008
f 2103 2093 942
f 1834 2093 2103
f 943 429 2104
f 400 1121 2104
f 1121 1076 2104
f 1292 943 2104
f 2104 1076 1292
f 1681 1239 2104
f 1694 2104 332
f 1694 1681 2104
f 332 2104 1853
f 2104 429 1853
f 254 2105 174
f 254 1081 2105
f 2105 1413 174
f 2105 1081 1475
f 1413 2105 1475
f 252 2106 175
f 252 1080 2106
f 2106 1414 175
f 2106 1080 1987
f 1414 2106 1987
f 1348 2107 172
f 172 2107 1505
f 1869 2107 1348
f 1505 2107 1869
f 1509 2111 1510
f 375 2111 1638
f 2111 1509 1638
f 1678 2111 375
f 1510 2112 376
f 376 2112 1635
f 2112 1679 1635
f 2112 1678 1679
f 1510 2111 2112
f 2111 1678 2112
f 145 2113 234
f 2110 2113 145
f 1002 2113 2110
f 147 2114 233
f 2094 2114 147
f 1869 2114 2094
f 623 2115 1546
f 1441 1546 2115
f 1555 1441 2115
f 2077 2115 623
f 1555 2115 2090
f 2115 2077 2090
f 622 2116 1545
f 2116 1853 1545
f 2076 2116 622
f 2116 2076 1853
f 1354 1355 2117
f 1137 2062 2117
f 2118 1138 1137
f 1355 1936 2118
f 2117 2118 1137
f 1355 2118 2117
f 1135 1136 2119
f 2119 1427 1135
f 1356 1933 2119
f 1933 1427 2119
f 2120 1357 1356
f 2120 1428 1357
f 1136 2067 2120
f 2067 1428 2120
f 1136 2120 2119
f 2119 2120 1356
f 1935 2121 1547
f 2121 1935 1936
f 1548 2122 1355
f 2122 1936 1355
f 2122 2121 1936
f 2123 489 28
f 669 489 2123
f 1210 669 2123
f 2123 28 1237
f 1210 2123 1237
f 2124 488 27
f 668 488 2124
f 2124 27 1019
f 1209 668 2124
f 1209 2124 1019
f 492 2125 718
f 2125 1239 718
f 2104 1239 2125
f 493 2126 719
f 2126 1240 719
f 1240 2127 1680
f 494 2127 2007
f 1240 2126 2127
f 495 2128 2008
f 2008 2128 2103
f 1732 1731 2129
f 1854 626 2129
f 1731 1854 2129
f 1855 627 2130
f 1855 2130 1731
f 1594 2133 1051
f 2133 1609 1051
f 1609 2133 1610
f 1595 2134 1487
f 1610 2134 1595
f 1610 2133 2134
f 90 2135 152
f 2135 1286 152
f 90 1567 2135
f 92 2136 154
f 2136 1288 154
f 92 1569 2136
f 1288 2136 1912
f 1912 2136 1569
f 100 2137 296
f 100 1372 2137
f 2137 1559 296
f 2137 1372 1712
f 1559 2137 1712
f 101 2138 297
f 101 1373 2138
f 2138 1560 297
f 1724 2138 1373
f 1560 2138 1724
f 706 2139 2050
f 707 2140 499
f 978 2140 707
f 2140 978 1069
f 2140 1325 499
f 1437 2140 1069
f 1325 2140 1437
f 708 2141 2051
f 2051 2141 1438
f 709 2142 498
f 977 2142 709
f 2142 1324 498
f 2142 977 2050
f 1324 2142 2139
f 2139 2142 2050
f 1349 2143 173
f 1002 2143 1349
f 173 2143 1504
f 1504 2143 1002
f 1885 2144 560
f 962 2144 1885
f 1884 2145 562
f 2145 1884 1458
f 363 2146 561
f 561 2146 564
f 2146 363 1459
f 2146 2010 564
f 1459 2010 2146
f 364 2147 563
f 563 2147 565
f 1498 2147 364
f 2147 2009 565
f 2009 2147 1498
f 2148 48 194
f 194 195 2148
f 1047 48 2148
f 1951 1047 2148
f 49 2149 195
f 1952 2149 49
f 2149 1952 1951
f 195 2149 2148
f 2148 2149 1951
f 1696 1043 2150
f 2150 1043 1953
f 1953 1954 2150
f 1404 1044 2151
f 1954 1404 2151
f 1954 2151 2150
f 634 498 2152
f 1605 634 2152
f 636 499 2153
f 1607 636 2153
f 1607 2153 1437
f 1541 396 2154
f 2155 1542 1541
f 2154 2155 1541
f 381 1255 2156
f 2156 1255 1543
f 1543 1544 2156
f 1672 1256 2157
f 1544 1672 2157
f 1544 2157 2156
f 1394 1601 2158
f 2158 1601 1939
f 1939 1940 2158
f 2029 1394 2158
f 1796 1602 2159
f 1940 1796 2159
f 2159 1602 2030
f 2159 2030 2029
f 1940 2159 2158
f 2158 2159 2029
f 367 1750 2160
f 1937 367 2160
f 2160 1750 2027
f 2027 2028 2160
f 1732 1751 2161
f 2161 1751 1938
f 2161 1938 1937
f 2028 1732 2161
f 2160 2161 1937
f 2028 2161 2160
f 396 2162 397
f 2162 396 1541
f 397 2162 2163
f 104 2164 1733
f 1891 2164 104
f 1917 1733 2164
f 2164 1891 1917
f 496 2165 708
f 2165 2141 708
f 1438 2141 2165
f 497 2166 706
f 1419 1627 2166
f 975 1644 2166
f 2166 1627 1857
f 1390 1863 2166
f 1863 1605 2166
f 2166 2060 1390
f 1644 2060 2166
f 2166 2139 706
f 2166 1324 2139
f 2166 1605 2152
f 593 2167 628
f 593 1103 2167
f 2167 1103 1732
f 2167 2131 628
f 2131 2167 1732
f 591 2168 629
f 591 1101 2168
f 2168 1435 1173
f 1101 1488 2168
f 1488 1435 2168
f 2168 1173 1761
f 1844 2168 1761
f 2168 2132 629
f 2132 2168 1844
f 27 488 2169
f 488 792 2169
f 1019 27 2169
f 2169 792 1034
f 1019 2169 1034
f 28 489 2170
f 489 793 2170
f 2170 793 1035
f 1237 28 2170
f 2170 1035 1237
f 671 453 2171
f 1011 671 2171
f 1011 2171 1069
f 2171 453 1877
f 2171 1877 1069
f 452 2172 670
f 2172 1010 670
f 1829 1268 2172
f 452 1876 2172
f 1876 1829 2172
f 2172 1268 1879
f 124 2173 1824
f 1824 2173 1505
f 145 125 2174
f 125 1624 2174
f 2174 1624 1002
f 2174 2110 145
f 2110 2174 1002
f 126 2175 1825
f 1003 1825 2175
f 147 127 2176
f 127 1611 2176
f 2176 1611 1869
f 2176 2094 147
f 2094 2176 1869
f 392 426 2177
f 2177 1320 392
f 2177 1321 1320
f 2178 427 393
f 427 2178 426
f 1321 2178 393
f 426 2178 2177
f 2178 1321 2177
f 2179 1055 1247
f 1247 1248 2179
f 1483 1056 2180
f 1248 1483 2180
f 2180 1056 2155
f 2180 2155 2154
f 1248 2180 2179
f 2179 2180 2154
f 1785 381 2181
f 1249 1785 2181
f 2181 381 2156
f 2156 2157 2181
f 2182 382 1250
f 2182 1250 1249
f 1256 382 2182
f 2157 1256 2182
f 2181 2182 1249
f 2157 2182 2181
f 93 155 2183
f 2183 155 1289
f 1570 93 2183
f 2183 1289 1886
f 1886 1570 2183
f 222 2184 108
f 222 1599 2184
f 2184 1900 108
f 1998 2184 1599
f 1998 1900 2184
f 220 2185 109
f 220 1597 2185
f 2185 1597 1166
f 2185 1901 109
f 2185 1166 1901
f 916 573 2186
f 928 383 2186
f 2186 573 931
f 931 928 2186
f 2186 383 1618
f 1618 916 2186
f 917 571 2187
f 2187 571 929
f 1619 2187 367
f 1619 917 2187
f 367 2187 1750
f 2187 929 1750
f 2188 1092 1470
f 1470 1094 2188
f 1094 1616 2188
f 2188 1616 1380
f 1655 1092 2188
f 1468 1655 2188
f 2188 1740 1739
f 392 2188 1809
f 1380 1961 2188
f 2188 1961 1809
f 1973 2188 392
f 1471 1093 2189
f 2189 1095 1471
f 1617 1095 2189
f 1381 1617 2189
f 1093 1656 2189
f 2189 1656 1469
f 1810 2189 393
f 1962 1381 2189
f 1810 1962 2189
f 2189 1974 393
f 1974 2189 1973
f 2189 1740 2188
f 1973 2189 2188
f 110 295 2190
f 317 346 2190
f 22 1113 2190
f 1232 974 2190
f 2190 295 1246
f 2190 1113 1260
f 2190 1260 1243
f 1465 317 2190
f 1554 22 2190
f 2190 346 1554
f 1567 422 2190
f 1654 1232 2190
f 1162 2190 1886
f 2190 1246 1886
f 1902 110 2190
f 1162 1931 2190
f 1931 1286 2190
f 422 2049 2190
f 2190 2049 1654
f 1286 2135 2190
f 2190 2135 1567
f 1729 2191 1047
f 2191 1729 1730
f 2192 1730 1048
f 2192 2191 1730
f 1047 2193 1154
f 2191 2193 1047
f 1048 1155 2194
f 2192 1048 2194
f 2192 2194 2191
f 2194 2193 2191
f 2195 164 1625
f 2195 1625 1886
f 2016 164 2195
f 1886 2016 2195
f 2196 165 1664
f 2196 1664 1911
f 2065 165 2196
f 1911 2065 2196
f 166 2197 365
f 1464 2197 166
f 365 2197 1912
f 1912 2197 1464
f 167 2198 366
f 1465 2198 167
f 366 2198 2190
f 2190 2198 1465
f 400 2199 492
f 2199 400 2104
f 2199 2125 492
f 2125 2199 2104
f 401 2200 493
f 2200 401 2007
f 2200 2126 493
f 2127 2200 2007
f 2126 2200 2127
f 77 300 2201
f 2201 1596 77
f 1596 2201 1296
f 300 1690 2201
f 2201 1690 1296
f 4 2202 301
f 301 2202 244
f 2202 421 244
f 1160 2202 4
f 421 2202 1160
f 75 302 2203
f 1585 2203 15
f 2203 1585 75
f 2203 1677 15
f 302 1677 2203
f 3 2204 303
f 303 2204 246
f 2204 420 246
f 1003 2204 3
f 420 2204 1003
f 903 618 2205
f 2205 618 2074
f 2205 2074 1829
f 905 619 2206
f 2206 619 2075
f 2206 2075 1852
f 626 2207 2129
f 2129 2207 1732
f 627 2208 2130
f 2130 2208 1731
f 937 2210 936
f 936 2210 2209
f 2211 726 1897
f 2211 1897 1534
f 2212 728 1896
f 1693 2212 1896
f 192 2213 138
f 2213 357 138
f 1003 357 2213
f 192 1006 2213
f 2213 1006 1003
f 190 2214 139
f 2214 358 139
f 190 1004 2214
f 1160 358 2214
f 2214 1004 1160
f 84 2215 123
f 84 1275 2215
f 2215 1875 123
f 2215 1275 1998
f 1998 1875 2215
f 85 2216 121
f 85 1276 2216
f 2216 1276 1166
f 2216 1873 121
f 1873 2216 1166
f 727 2217 604
f 2217 1466 604
f 1533 2217 727
f 1466 2217 1694
f 1694 2217 1533
f 729 2218 602
f 2218 1467 602
f 1534 2218 729
f 1897 1467 2218
f 1534 1897 2218
f 72 2219 250
f 72 1948 2219
f 1003 2219 1948
f 73 2220 251
f 73 1949 2220
f 2220 1949 1160
f 105 2221 1734
f 1711 1734 2221
f 1889 2221 105
f 2221 1889 1711
f 111 293 2222
f 2222 293 1245
f 1903 111 2222
f 2222 1245 1911
f 1911 1903 2222
f 91 153 2223
f 2223 153 1287
f 1568 91 2223
f 2223 1287 1911
f 1911 1568 2223
f 1484 1257 2224
f 1257 1971 2224
f 2224 1971 2019
f 2019 2020 2224
f 2225 1485 1484
f 2225 1972 1485
f 2087 1972 2225
f 2020 2087 2225
f 2224 2225 1484
f 2020 2225 2224
f 1486 1487 2226
f 2226 1748 1486
f 2041 1748 2226
f 2017 2041 2226
f 2227 1749 2018
f 2227 2018 2017
f 1487 2227 2226
f 2226 2227 2017
f 2228 1469 1468
f 2188 2228 1468
f 1469 2229 2189
f 2229 1469 2228
f 140 89 2230
f 2230 89 1343
f 2080 140 2230
f 2231 1037 1036
f 2210 2232 2209
f 2232 1037 2231
f 2209 2232 2231
f 1848 2233 148
f 2233 1848 1917
f 2233 1993 148
f 1917 1993 2233
f 2234 1708 903
f 1829 1708 2234
f 2234 903 2205
f 2234 2205 1829
f 1707 905 2235
f 1852 1707 2235
f 2235 905 2206
f 2235 2206 1852
f 902 2236 1072
f 902 1828 2236
f 1072 2236 1853
f 2236 1828 1853
f 904 2237 1071
f 904 1829 2237
f 2090 1071 2237
f 1829 2090 2237
f 1441 486 2238
f 2238 1788 1441
f 2238 486 1833
f 1442 487 2239
f 2239 487 1834
f 1442 2239 1852
f 2239 1834 1852
f 2240 429 796
f 484 2240 796
f 1787 2240 484
f 429 2240 1853
f 1853 2240 1787
f 2241 428 797
f 485 2241 797
f 1788 2241 485
f 428 2241 1833
f 2241 1788 2238
f 1833 2241 2238
f 233 2242 1705
f 1705 2242 1869
f 2114 2242 233
f 2242 2114 1869
f 108 2243 294
f 2243 1244 294
f 108 1900 2243
f 1244 2243 1912
f 2243 1900 1998
f 1912 2243 1998
f 109 2244 292
f 313 1131 2244
f 1131 983 2244
f 2244 1243 292
f 983 1282 2244
f 2244 1657 313
f 1425 1657 2244
f 1659 1273 2244
f 2244 1343 1659
f 1273 1695 2244
f 2244 1695 1874
f 109 1901 2244
f 1901 1425 2244
f 2244 1600 1950
f 1950 1902 2244
f 2244 1282 1966
f 2015 1798 2244
f 1966 2015 2244
f 2244 1798 2080
f 2244 2190 1243
f 1902 2190 2244
f 2230 1343 2244
f 2080 2230 2244
f 1140 2245 1238
f 658 1315 2245
f 2245 1315 1238
f 2245 1840 658
f 1840 2245 1140
f 659 1314 2246
f 1306 2246 1314
f 2246 1841 659
f 1841 2246 1306
f 2247 945 373
f 945 2247 946
f 36 2247 1636
f 1636 2247 373
f 2248 36 37
f 2248 37 954
f 946 2248 1637
f 1637 2248 954
f 2247 36 2248
f 946 2247 2248
f 2249 43 169
f 244 2249 169
f 244 421 2249
f 1160 43 2249
f 2249 421 1160
f 245 2250 300
f 1508 2250 245
f 2250 1508 1296
f 2250 1690 300
f 1296 1690 2250
f 2251 42 168
f 246 2251 168
f 246 420 2251
f 1003 42 2251
f 2251 420 1003
f 247 2252 302
f 2252 1481 15
f 1481 2252 247
f 15 1677 2252
f 2252 1677 302
f 141 87 2253
f 2253 87 1341
f 1911 2253 1341
f 2081 141 2253
f 2081 2253 1911
f 926 1156 2254
f 1350 926 2254
f 2254 1351 1350
f 1452 1329 2254
f 2254 1329 1454
f 2254 9 1551
f 1551 11 2254
f 11 1752 2254
f 2254 1752 1154
f 1805 9 2254
f 1454 1805 2254
f 2254 1837 936
f 1641 1837 2254
f 1036 1858 2254
f 1858 1452 2254
f 2254 1156 1915
f 1915 1641 2254
f 2193 2254 1154
f 936 2209 2254
f 2254 2231 1036
f 2209 2231 2254
f 2255 1157 927
f 927 1351 2255
f 2255 1330 1453
f 1455 1330 2255
f 1552 10 2255
f 12 1552 2255
f 2255 1753 12
f 1155 1753 2255
f 2255 10 1806
f 1806 1455 2255
f 2255 937 1838
f 1838 1642 2255
f 1859 1037 2255
f 1453 1859 2255
f 1916 1157 2255
f 1642 1916 2255
f 2194 1155 2255
f 2193 2194 2255
f 2210 937 2255
f 2255 1037 2232
f 2232 2210 2255
f 2255 1351 2254
f 2193 2255 2254
f 686 2256 1374
f 1432 2256 686
f 1374 2256 1751
f 1751 2256 1432
f 1375 2257 38
f 1375 687 2257
f 2257 1431 38
f 2257 687 1431
f 2258 688 38
f 1008 688 2258
f 38 1431 2258
f 1431 1008 2258
f 2259 689 39
f 1009 689 2259
f 2259 39 1750
f 1009 2259 1750
f 1048 2059 2261
f 1867 1779 2262
f 1899 1780 2263
f 219 2264 129
f 2264 996 129
f 219 1335 2264
f 996 2264 1475
f 1475 2264 1335
f 217 2265 131
f 2265 997 131
f 2265 998 1294
f 217 1334 2265
f 1797 998 2265
f 1334 1797 2265
f 997 2265 1987
f 1987 2265 1294
f 351 869 2266
f 869 506 2266
f 351 2266 1731
f 349 867 2267
f 867 507 2267
f 349 2267 1731
f 679 1038 2268
f 2268 1038 1458
f 2044 679 2268
f 2054 2268 1458
f 2044 2268 2054
f 681 1039 2269
f 2269 1039 962
f 2045 681 2269
f 2269 962 2045
f 144 2270 124
f 144 2108 2270
f 2270 2108 1505
f 2270 2173 124
f 1505 2173 2270
f 146 2271 126
f 146 2109 2271
f 2271 2109 1003
f 2271 2175 126
f 2175 2271 1003
f 1376 2272 1377
f 1894 2272 934
f 934 2272 1906
f 2272 1376 1906
f 935 2273 956
f 1377 2273 935
f 2273 1895 956
f 2273 1894 1895
f 1377 2272 2273
f 2272 1894 2273
f 234 2274 1704
f 1704 2274 1002
f 2113 2274 234
f 2274 2113 1002
f 750 2275 939
f 939 2275 1140
f 1717 2275 750
f 2275 1717 1140
f 751 2276 940
f 940 2276 1265
f 1718 2276 751
f 2276 1718 1265
f 16 752 2277
f 16 2277 1448
f 2277 752 1586
f 1448 2277 1586
f 17 2278 367
f 17 753 2278
f 2278 1587 367
f 2278 753 1587
f 562 2279 679
f 2279 1038 679
f 1038 2279 1458
f 562 2145 2279
f 1458 2279 2145
f 560 2280 681
f 2280 1039 681
f 1039 2280 962
f 560 2144 2280
f 2280 2144 962
f 1541 1542 2281
f 2281 2162 1541
f 1542 397 2282
f 2282 1548 1547
f 397 2163 2282
f 1542 2282 2281
f 2281 2282 1547
f 2283 993 1549
f 1549 1550 2283
f 1671 993 2283
f 1543 1671 2283
f 1501 994 2284
f 2284 994 1544
f 2284 1544 1543
f 1550 1501 2284
f 2283 2284 1543
f 1550 2284 2283
f 1486 2285 1594
f 1748 2285 1486
f 2285 2133 1594
f 2133 2285 2134
f 2286 1748 1749
f 2134 2286 1487
f 1487 2286 2227
f 2286 1749 2227
f 2285 1748 2286
f 2134 2285 2286
f 1235 2287 1407
f 1571 2287 1572
f 1407 2287 2072
f 2287 1571 2072
f 2288 1236 356
f 2288 1235 1236
f 1408 2288 356
f 1572 2288 1408
f 2287 1235 2288
f 1572 2287 2288
f 1200 2289 1186
f 1415 2289 1200
f 2289 1415 1416
f 2289 1997 1186
f 1201 2290 950
f 2290 1416 950
f 1998 2290 1201
f 1998 1997 2290
f 2290 2289 1416
f 1997 2289 2290
f 33 1696 2291
f 1713 33 2291
f 2291 1696 2150
f 2150 2151 2291
f 1044 1697 2292
f 2292 1697 1714
f 2292 1714 1713
f 2151 1044 2292
f 2291 2292 1713
f 2151 2292 2291
f 19 2293 248
f 2293 19 1297
f 1297 1296 2293
f 2293 1946 248
f 1296 1946 2293
f 2294 812 976
f 2294 976 1437
f 1856 812 2294
f 1856 2294 1437
f 2295 814 975
f 1857 814 2295
f 2295 975 2166
f 2295 2166 1857
f 813 2296 1328
f 1328 2296 1419
f 2089 2296 813
f 1419 2296 2089
f 815 2297 1327
f 1327 2297 1438
f 2088 2297 815
f 1438 2297 2088
f 1247 1482 2298
f 1482 1502 2298
f 2298 1502 1755
f 1755 1756 2298
f 2299 1248 1247
f 2299 1503 1248
f 2298 2299 1247
f 1756 2299 2298
f 1249 1250 2300
f 1757 369 2300
f 369 1913 2300
f 2300 1913 1249
f 2301 1758 1757
f 1250 1786 2301
f 2301 1914 1758
f 1786 1914 2301
f 1250 2301 2300
f 2300 2301 1757
f 35 2302 249
f 2302 35 1296
f 2302 1947 249
f 1947 2302 1296
f 915 2303 533
f 2303 1197 533
f 1197 2303 1378
f 913 2304 532
f 2304 1196 532
f 1196 2304 1070
f 1846 2305 150
f 2305 1846 1711
f 2305 1995 150
f 1711 1995 2305
f 159 2306 198
f 2306 386 198
f 386 2306 1003
f 159 2102 2306
f 2306 2102 1003
f 157 2307 199
f 2307 387 199
f 387 2307 1160
f 157 2100 2307
f 2307 2100 1160
f 968 2308 913
f 1070 2308 968
f 913 2308 2304
f 2304 2308 1070
f 969 2309 915
f 1378 2309 969
f 915 2309 2303
f 2303 2309 1378
f 6 2310 912
f 912 2310 854
f 1087 2310 6
f 2310 1378 854
f 1378 2310 1087
f 7 2311 914
f 914 2311 855
f 2311 7 1069
f 2311 1379 855
f 1379 2311 1069
f 2312 1891 287
f 1891 2312 1917
f 1989 2312 287
f 1917 2312 1989
f 1254 2313 504
f 2313 1254 1751
f 504 2313 1807
f 1751 1807 2313
f 2314 1253 31
f 1253 2314 505
f 1808 2314 31
f 505 2314 1808
f 2315 506 1384
f 2315 1384 1731
f 2266 506 2315
f 1731 2266 2315
f 2316 507 1385
f 2316 1385 1731
f 2267 507 2316
f 1731 2267 2316
f 628 2317 626
f 628 2131 2317
f 1732 2317 2131
f 2317 2207 626
f 2207 2317 1732
f 629 2318 627
f 2318 1844 1731
f 629 2132 2318
f 2318 2132 1844
f 2318 2208 627
f 1731 2208 2318
f 2319 1935 1354
f 2319 2062 2063
f 2117 2319 1354
f 2062 2319 2117
f 1936 1935 2320
f 2320 2063 1138
f 2118 2320 1138
f 1936 2320 2118
f 1935 2319 2320
f 2320 2319 2063
f 1755 2321 1049
f 1502 2321 1755
f 2321 1929 1049
f 1929 2321 1930
f 2322 1502 1503
f 1930 2322 1756
f 2322 1503 2299
f 1756 2322 2299
f 2321 1502 2322
f 1930 2321 2322
f 1149 2323 471
f 2323 1149 1751
f 2324 469 1148
f 2324 1148 1563
f 2325 470 1563
f 1563 1148 2325
f 2052 470 2325
f 1148 2052 2325
f 2326 468 1564
f 1750 2326 1564
f 2053 468 2326
f 2053 2326 1750
f 232 2327 144
f 232 1702 2327
f 1505 2327 1702
f 2327 2108 144
f 2108 2327 1505
f 235 2328 146
f 235 1703 2328
f 2328 1703 1003
f 2328 2109 146
f 1003 2109 2328
f 1515 1516 2329
f 2329 1898 1515
f 1779 1898 2329
f 2262 1779 2329
f 1516 1478 2330
f 1478 1899 2330
f 2330 1899 2263
f 2330 2263 2262
f 1516 2330 2329
f 2329 2330 2262
f 2331 1002 1296
f 1474 1002 2331
f 1517 1474 2331
f 2058 1047 2331
f 1296 2058 2331
f 2331 1047 2260
f 2260 2261 2331
f 2332 1297 1003
f 2332 1003 1518
f 2332 1518 1517
f 2059 1297 2332
f 2261 2059 2332
f 2331 2332 1517
f 2261 2332 2331
f 1547 2121 2333
f 2333 2121 2122
f 2162 2333 2163
f 1547 2333 2281
f 2333 2162 2281
f 2334 2122 1548
f 2282 2334 1548
f 2282 2163 2334
f 2334 2333 2122
f 2163 2333 2334
f 149 2335 65
f 2335 1849 65
f 2335 1712 1849
f 149 1994 2335
f 2335 1994 1712
f 151 2336 63
f 2336 1847 63
f 1847 2336 1724
f 151 1996 2336
f 2336 1996 1724
f 720 726 2337
f 1494 720 2337
f 2337 1534 1507
f 1494 2337 1680
f 1680 2337 1507
f 2337 726 2211
f 2337 2211 1534
f 721 728 2338
f 1495 721 2338
f 1495 2338 1693
f 2338 728 2212
f 2338 2212 1693
f 1739 2339 2188
f 2339 2228 2188
f 2339 2229 2228
f 1740 2340 1739
f 2189 2340 1740
f 2229 2340 2189
f 1739 2340 2339
f 2340 2229 2339
f 86 2341 85
f 2341 1276 85
f 1166 1276 2341
f 86 1340 2341
f 2341 1340 1166
f 88 2342 84
f 2342 1275 84
f 88 1342 2342
f 1275 2342 1998
f 1998 2342 1342
f 296 2343 106
f 296 1559 2343
f 1712 2343 1559
f 2343 1735 106
f 1735 2343 1712
f 297 2344 107
f 297 1560 2344
f 2344 1560 1724
f 2344 1736 107
f 1724 1736 2344
f 250 2345 14
f 14 2345 1297
f 1297 2345 1003
f 2219 2345 250
f 2345 2219 1003
f 251 2346 15
f 2346 1160 15
f 2220 2346 251
f 2346 2220 1160
f 54 2347 1989
f 1989 2347 1917
f 1993 2347 54
f 2347 1993 1917
f 1110 1111 2348
f 2348 1773 1110
f 1423 1799 2348
f 1799 1773 2348
f 1111 1042 2349
f 2349 1424 1423
f 1042 1774 2349
f 2349 1774 1424
f 1111 2349 2348
f 2348 2349 1423
f 1108 1090 2350
f 1421 1422 2350
f 1090 1727 2350
f 2350 1727 1421
f 2351 1109 1108
f 2351 1728 1109
f 1422 1770 2351
f 1770 1728 2351
f 2350 2351 1108
f 1422 2351 2350
f 1190 958 2352
f 2078 1190 2352
f 2079 2078 2352
f 2353 959 2079
f 2353 2079 2352
f 630 436 2354
f 473 437 2355
f 632 438 2356
f 472 439 2357
f 756 444 2358
f 757 445 2359
f 770 446 2360
f 771 447 2361
f 850 448 2362
f 546 449 2363
f 852 450 2364
f 544 451 2365
f 685 472 2366
f 2366 472 2357
f 683 473 2367
f 2367 473 2355
f 438 474 2368
f 2356 438 2368
f 436 475 2369
f 2354 436 2369
f 891 476 2370
f 774 477 2371
f 893 478 2372
f 775 479 2373
f 769 480 2374
f 872 481 2375
f 767 482 2376
f 873 483 2377
f 606 500 2378
f 607 501 2379
f 776 502 2380
f 777 503 2381
f 832 508 2382
f 833 509 2383
f 568 510 2384
f 569 511 2385
f 801 512 2386
f 803 513 2387
f 780 514 2388
f 781 515 2389
f 547 516 2390
f 545 517 2391
f 880 518 2392
f 878 519 2393
f 585 520 2394
f 810 521 2395
f 584 522 2396
f 808 523 2397
f 578 524 2398
f 580 525 2399
f 548 526 2400
f 549 527 2401
f 582 528 2402
f 583 529 2403
f 830 530 2404
f 831 531 2405
f 556 536 2406
f 744 537 2407
f 558 538 2408
f 745 539 2409
f 608 540 2410
f 609 541 2411
f 747 542 2412
f 749 543 2413
f 519 544 2414
f 2414 544 2365
f 2393 519 2414
f 450 545 2415
f 2364 450 2415
f 2415 545 2391
f 518 546 2416
f 2416 546 2363
f 2392 518 2416
f 448 547 2417
f 2362 448 2417
f 2417 547 2390
f 684 548 2418
f 2418 548 2400
f 682 549 2419
f 2419 549 2401
f 524 550 2420
f 2398 524 2420
f 525 551 2421
f 2399 525 2421
f 631 552 2422
f 703 553 2423
f 633 554 2424
f 705 555 2425
f 881 556 2426
f 2367 2355 2426
f 2426 556 2406
f 2414 2365 2426
f 2393 2414 2426
f 2399 2421 2426
f 537 557 2427
f 2407 537 2427
f 879 558 2428
f 2428 558 2408
f 539 559 2429
f 2409 539 2429
f 2409 2429 2426
f 508 568 2430
f 2382 508 2430
f 2430 568 2384
f 509 569 2431
f 2383 509 2431
f 2431 569 2385
f 640 574 2432
f 735 575 2433
f 639 576 2434
f 737 577 2435
f 690 578 2436
f 2436 578 2398
f 526 579 2437
f 2400 526 2437
f 691 580 2438
f 2438 580 2399
f 2426 2438 2399
f 527 581 2439
f 2401 527 2439
f 523 582 2440
f 2397 523 2440
f 2440 582 2402
f 521 583 2441
f 2395 521 2441
f 2441 583 2403
f 530 584 2442
f 2442 584 2396
f 2404 530 2442
f 531 585 2443
f 2443 585 2394
f 2405 531 2443
f 698 586 2444
f 700 587 2445
f 920 588 2446
f 922 589 2447
f 731 598 2448
f 805 599 2449
f 730 600 2450
f 804 601 2451
f 542 606 2452
f 2452 606 2378
f 2452 2378 2353
f 2412 542 2452
f 2353 2412 2452
f 543 607 2453
f 2453 607 2379
f 2413 543 2453
f 502 608 2454
f 2380 502 2454
f 2454 608 2410
f 503 609 2455
f 2381 503 2455
f 2352 2381 2455
f 2455 609 2411
f 2455 2411 2352
f 553 630 2456
f 2456 630 2354
f 2423 553 2456
f 437 631 2457
f 2355 437 2457
f 2457 631 2422
f 2355 2457 2426
f 2426 2457 2422
f 555 632 2458
f 2458 632 2356
f 2425 555 2458
f 439 633 2459
f 2357 439 2459
f 2459 633 2424
f 575 638 2460
f 2433 575 2460
f 2433 2460 2352
f 895 639 2461
f 2461 639 2434
f 2461 2434 2353
f 897 640 2462
f 2462 640 2432
f 577 641 2463
f 2435 577 2463
f 2449 2435 2463
f 884 642 2464
f 704 643 2465
f 702 644 2466
f 882 645 2467
f 842 654 2468
f 734 655 2469
f 844 656 2470
f 736 657 2471
f 778 674 2472
f 779 675 2473
f 2426 2406 2473
f 742 676 2474
f 743 677 2475
f 475 682 2476
f 2369 475 2476
f 2476 682 2419
f 551 683 2477
f 2477 683 2367
f 2421 551 2477
f 2426 2477 2367
f 2421 2477 2426
f 474 684 2478
f 2368 474 2478
f 2478 684 2418
f 550 685 2479
f 2479 685 2366
f 2420 550 2479
f 851 690 2480
f 2480 690 2436
f 853 691 2481
f 2481 691 2438
f 2481 2438 2426
f 579 692 2482
f 2437 579 2482
f 581 693 2483
f 2439 581 2483
f 754 694 2484
f 755 695 2485
f 768 696 2486
f 2352 2361 2486
f 2462 2432 2486
f 766 697 2487
f 758 698 2488
f 2488 698 2444
f 2488 2444 2353
f 588 699 2489
f 2446 588 2489
f 2413 2446 2489
f 759 700 2490
f 2490 700 2445
f 589 701 2491
f 2447 589 2491
f 2447 2491 2352
f 552 702 2492
f 2422 552 2492
f 2426 2422 2492
f 2492 702 2466
f 2492 2466 2426
f 642 703 2493
f 2493 703 2423
f 2464 642 2493
f 554 704 2494
f 2424 554 2494
f 2494 704 2465
f 645 705 2495
f 2495 705 2425
f 2467 645 2495
f 772 710 2496
f 773 711 2497
f 746 722 2498
f 2453 2379 2498
f 2413 2453 2498
f 900 723 2499
f 748 724 2500
f 898 725 2501
f 760 730 2502
f 2502 730 2450
f 2502 2450 2449
f 2502 2490 2445
f 761 731 2503
f 2503 731 2448
f 2503 2448 2352
f 601 732 2504
f 2451 601 2504
f 2451 2504 2353
f 599 733 2505
f 2449 599 2505
f 2505 2502 2449
f 574 734 2506
f 2432 574 2506
f 2506 734 2469
f 2486 2432 2506
f 2506 2469 2486
f 654 735 2507
f 2507 735 2433
f 2507 2433 2352
f 2468 654 2507
f 2352 2468 2507
f 576 736 2508
f 2434 576 2508
f 2434 2508 2353
f 2508 736 2471
f 2353 2508 2471
f 656 737 2509
f 2509 737 2435
f 2509 2435 2449
f 2470 656 2509
f 2470 2509 2449
f 837 738 2510
f 763 739 2511
f 835 740 2512
f 762 741 2513
f 536 742 2514
f 2406 536 2514
f 2473 2406 2514
f 2514 742 2474
f 2514 2474 2473
f 538 743 2515
f 2408 538 2515
f 2515 743 2475
f 674 744 2516
f 2516 744 2407
f 2472 674 2516
f 675 745 2517
f 2517 745 2409
f 2517 2409 2426
f 2473 675 2517
f 2517 2426 2473
f 540 746 2518
f 2410 540 2518
f 2518 746 2498
f 723 747 2519
f 2519 747 2412
f 2519 2412 2353
f 2499 723 2519
f 2499 2519 2353
f 541 748 2520
f 2411 541 2520
f 2411 2520 2352
f 2520 748 2500
f 2352 2520 2500
f 725 749 2521
f 2521 749 2413
f 2501 725 2521
f 2521 2413 2502
f 2501 2521 2502
f 958 959 2522
f 2352 958 2522
f 2356 2368 2522
f 2354 2369 2522
f 2522 2389 2352
f 2522 2364 2415
f 2415 2391 2522
f 2362 2417 2522
f 2522 2417 2390
f 2418 2400 2522
f 2419 2401 2522
f 2426 2395 2522
f 2428 2408 2522
f 2383 2431 2522
f 2522 2431 2385
f 2400 2437 2522
f 2401 2439 2522
f 2395 2441 2522
f 2522 2441 2403
f 2442 2396 2522
f 2522 2404 2442
f 2443 2394 2522
f 2522 2405 2443
f 2456 2354 2522
f 2522 2423 2456
f 2356 2522 2458
f 2522 2425 2458
f 2522 2369 2476
f 2476 2419 2522
f 2368 2478 2522
f 2522 2478 2418
f 2522 2437 2482
f 2522 2439 2483
f 2493 2423 2522
f 2464 2493 2522
f 2522 2495 2425
f 2467 2495 2522
f 2408 2515 2522
f 2522 2515 2475
f 2353 2523 959
f 2366 2357 2523
f 2416 2363 2523
f 2523 2392 2416
f 2523 2398 2420
f 2523 2407 2427
f 2523 2382 2430
f 2430 2384 2523
f 2436 2398 2523
f 2397 2440 2523
f 2440 2402 2523
f 2357 2459 2523
f 2523 2459 2424
f 2366 2523 2479
f 2523 2420 2479
f 2480 2436 2523
f 2424 2494 2523
f 2494 2465 2523
f 2516 2407 2523
f 2472 2516 2523
f 959 2523 2522
f 446 754 2524
f 2360 446 2524
f 2360 2524 2353
f 2524 754 2484
f 2353 2524 2484
f 447 755 2525
f 2361 447 2525
f 2525 755 2485
f 2361 2525 2486
f 2486 2525 2485
f 696 756 2526
f 2526 756 2358
f 2526 2358 2352
f 2486 696 2526
f 2352 2486 2526
f 697 757 2527
f 2527 757 2359
f 2527 2359 2352
f 2487 697 2527
f 2487 2527 2352
f 732 758 2528
f 2528 758 2488
f 2353 2528 2488
f 2504 732 2528
f 2504 2528 2353
f 733 759 2529
f 2529 759 2490
f 2529 2490 2502
f 2505 733 2529
f 2505 2529 2502
f 699 760 2530
f 2489 699 2530
f 2413 2489 2530
f 2530 760 2502
f 2502 2413 2530
f 701 761 2531
f 2491 701 2531
f 2491 2531 2352
f 2531 761 2503
f 2531 2503 2352
f 901 762 2532
f 2532 762 2513
f 2413 2532 2513
f 899 763 2533
f 2533 763 2511
f 2352 2533 2511
f 740 764 2534
f 2512 740 2534
f 2512 2534 2353
f 738 765 2535
f 2510 738 2535
f 2510 2535 2502
f 483 766 2536
f 2377 483 2536
f 2352 2377 2536
f 2536 766 2487
f 2536 2487 2352
f 695 767 2537
f 2537 767 2376
f 2485 695 2537
f 2537 2376 2486
f 2485 2537 2486
f 481 768 2538
f 2375 481 2538
f 2449 2375 2538
f 2538 768 2486
f 2486 2449 2538
f 694 769 2539
f 2539 769 2374
f 2539 2374 2353
f 2484 694 2539
f 2484 2539 2353
f 710 770 2540
f 2540 770 2360
f 2540 2360 2353
f 2496 710 2540
f 2353 2496 2540
f 711 771 2541
f 2541 771 2361
f 2541 2361 2352
f 2497 711 2541
f 2497 2541 2352
f 444 772 2542
f 2352 2542 2353
f 2358 444 2542
f 2358 2542 2352
f 2542 772 2496
f 2542 2496 2353
f 445 773 2543
f 2359 445 2543
f 2359 2543 2352
f 2543 773 2497
f 2352 2543 2497
f 500 774 2544
f 2544 774 2371
f 2353 2544 2371
f 2378 500 2544
f 2378 2544 2353
f 501 775 2545
f 2545 775 2373
f 2373 2370 2545
f 2379 501 2545
f 2380 2454 2545
f 2454 2410 2545
f 2498 2379 2545
f 2545 2410 2518
f 2518 2498 2545
f 476 776 2546
f 2370 476 2546
f 2546 776 2380
f 2370 2546 2545
f 2545 2546 2380
f 478 777 2547
f 2372 478 2547
f 2372 2547 2352
f 2547 777 2381
f 2547 2381 2352
f 512 778 2548
f 2386 512 2548
f 2548 778 2472
f 2523 2386 2548
f 2548 2472 2523
f 513 779 2549
f 2387 513 2549
f 2549 779 2473
f 2387 2549 2474
f 2474 2549 2473
f 676 780 2550
f 2550 780 2388
f 2550 2388 2387
f 2474 676 2550
f 2550 2387 2474
f 677 781 2551
f 2551 781 2389
f 2475 677 2551
f 2551 2389 2522
f 2475 2551 2522
f 514 800 2552
f 2388 514 2552
f 2388 2552 2387
f 886 801 2553
f 2553 801 2386
f 2353 2553 2523
f 2553 2386 2523
f 515 802 2554
f 2389 515 2554
f 2389 2554 2352
f 888 803 2555
f 2555 803 2387
f 2387 2552 2555
f 845 804 2556
f 2556 804 2451
f 2353 2556 2451
f 843 805 2557
f 2557 805 2449
f 2557 2449 2486
f 600 806 2558
f 2450 600 2558
f 2449 2450 2558
f 598 807 2559
f 2448 598 2559
f 2352 2448 2559
f 906 808 2560
f 2560 808 2397
f 2523 2560 2397
f 522 809 2561
f 2396 522 2561
f 2396 2561 2522
f 907 810 2562
f 2562 810 2395
f 2562 2395 2426
f 520 811 2563
f 2394 520 2563
f 2394 2563 2522
f 510 830 2564
f 2384 510 2564
f 2564 830 2404
f 2564 2404 2522
f 2384 2564 2523
f 2523 2564 2522
f 511 831 2565
f 2385 511 2565
f 2565 831 2405
f 2385 2565 2522
f 2565 2405 2522
f 528 832 2566
f 2566 832 2382
f 2402 528 2566
f 2566 2382 2523
f 2402 2566 2523
f 529 833 2567
f 2567 833 2383
f 2403 529 2567
f 2567 2383 2522
f 2403 2567 2522
f 741 834 2568
f 2513 741 2568
f 2513 2568 2413
f 921 835 2569
f 2569 835 2512
f 2569 2512 2353
f 739 836 2570
f 2511 739 2570
f 2511 2570 2352
f 923 837 2571
f 2571 837 2510
f 2502 2571 2510
f 807 842 2572
f 2572 842 2468
f 2572 2468 2352
f 2559 807 2572
f 2559 2572 2352
f 655 843 2573
f 2469 655 2573
f 2469 2573 2486
f 2573 843 2557
f 2573 2557 2486
f 806 844 2574
f 2574 844 2470
f 2470 2449 2574
f 2558 806 2574
f 2449 2558 2574
f 657 845 2575
f 2471 657 2575
f 2471 2575 2353
f 2575 845 2556
f 2575 2556 2353
f 692 850 2576
f 2576 850 2362
f 2482 692 2576
f 2576 2362 2522
f 2482 2576 2522
f 449 851 2577
f 2363 449 2577
f 2577 851 2480
f 2363 2577 2523
f 2523 2577 2480
f 693 852 2578
f 2578 852 2364
f 2483 693 2578
f 2578 2364 2522
f 2483 2578 2522
f 451 853 2579
f 2365 451 2579
f 2426 2365 2579
f 2579 853 2481
f 2579 2481 2426
f 480 870 2580
f 2374 480 2580
f 2374 2580 2353
f 482 871 2581
f 2376 482 2581
f 2376 2581 2486
f 894 872 2582
f 2582 872 2375
f 2449 2582 2375
f 896 873 2583
f 2583 873 2377
f 2583 2377 2352
f 559 878 2584
f 2584 878 2393
f 2426 2584 2393
f 2429 559 2584
f 2429 2584 2426
f 517 879 2585
f 2391 517 2585
f 2585 879 2428
f 2391 2585 2522
f 2522 2585 2428
f 557 880 2586
f 2586 880 2392
f 2427 557 2586
f 2586 2392 2523
f 2427 2586 2523
f 516 881 2587
f 2390 516 2587
f 2587 881 2426
f 2522 2390 2587
f 2426 2522 2587
f 908 882 2588
f 2588 882 2467
f 2588 2467 2522
f 643 883 2589
f 2465 643 2589
f 2523 2465 2589
f 909 884 2590
f 2590 884 2464
f 2590 2464 2522
f 644 885 2591
f 2466 644 2591
f 2466 2591 2426
f 477 886 2592
f 2371 477 2592
f 2371 2592 2353
f 2592 886 2553
f 2592 2553 2353
f 479 888 2593
f 2373 479 2593
f 2593 888 2555
f 2555 2552 2593
f 800 891 2594
f 2594 891 2370
f 2594 2370 2373
f 2552 800 2594
f 2593 2594 2373
f 2552 2594 2593
f 802 893 2595
f 2595 893 2372
f 2595 2372 2352
f 2554 802 2595
f 2352 2554 2595
f 641 894 2596
f 2463 641 2596
f 2463 2596 2449
f 2596 894 2582
f 2596 2582 2449
f 870 895 2597
f 2597 895 2461
f 2353 2597 2461
f 2580 870 2597
f 2580 2597 2353
f 638 896 2598
f 2460 638 2598
f 2352 2460 2598
f 2598 896 2583
f 2598 2583 2352
f 871 897 2599
f 2599 897 2462
f 2599 2462 2486
f 2581 871 2599
f 2486 2581 2599
f 765 898 2600
f 2600 898 2501
f 2502 2600 2501
f 2535 765 2600
f 2535 2600 2502
f 724 899 2601
f 2500 724 2601
f 2500 2601 2352
f 2601 899 2533
f 2601 2533 2352
f 764 900 2602
f 2602 900 2499
f 2353 2602 2499
f 2534 764 2602
f 2534 2602 2353
f 722 901 2603
f 2498 722 2603
f 2498 2603 2413
f 2603 901 2532
f 2603 2532 2413
f 883 906 2604
f 2604 906 2560
f 2604 2560 2523
f 2589 883 2604
f 2589 2604 2523
f 885 907 2605
f 2605 907 2562
f 2605 2562 2426
f 2591 885 2605
f 2426 2591 2605
f 809 908 2606
f 2561 809 2606
f 2522 2561 2606
f 2606 908 2588
f 2606 2588 2522
f 811 909 2607
f 2563 811 2607
f 2522 2563 2607
f 2607 909 2590
f 2607 2590 2522
f 834 920 2608
f 2608 920 2446
f 2413 2608 2446
f 2568 834 2608
f 2568 2608 2413
f 586 921 2609
f 2444 586 2609
f 2444 2609 2353
f 2609 921 2569
f 2353 2609 2569
f 836 922 2610
f 2610 922 2447
f 2352 2610 2447
f 2570 836 2610
f 2570 2610 2352
f 587 923 2611
f 2445 587 2611
f 2445 2611 2502
f 2611 923 2571
f 2611 2571 2502
f 122 223 2612
f 2612 223 1600
f 1874 122 2612
f 2612 1600 2244
f 1874 2612 2244
f 1403 1867 2613
f 1953 1403 2613
f 2613 1867 2262
f 2262 2263 2613
f 1780 1868 2614
f 2614 1868 1954
f 2614 1954 1953
f 2263 1780 2614
f 2613 2614 1953
f 2263 2614 2613
f 1951 2615 1047
f 1951 1952 2615
f 1047 2615 2260
f 1048 2616 1952
f 2616 1048 2261
f 2616 2261 2260
f 1952 2616 2615
f 2615 2616 2260
f 1625 116 2617
f 2617 116 1640
f 1625 2617 1886
f 1886 2617 1640
f 1664 117 2618
f 2618 117 1666
f 1664 2618 1911
f 1911 2618 1666
f 2619 1889 285
f 1889 2619 1711
f 1990 2619 285
f 1711 2619 1990
f 720 2620 494
f 1674 2620 720
f 1680 2620 1674
f 2620 2127 494
f 2127 2620 1680
f 721 2621 495
f 1673 2621 721
f 2621 1673 1693
f 2103 2621 1693
f 2621 2128 495
f 2128 2621 2103
f 672 2622 454
f 672 1012 2622
f 2622 1012 1070
f 2622 1878 454
f 1878 2622 1070
f 673 2623 455
f 673 1013 2623
f 2623 1879 455
f 1921 1010 2623
f 1921 2623 1013
f 1010 2172 2623
f 2623 2172 1879
f 1055 2624 1056
f 396 2624 2154
f 2624 1055 2179
f 2154 2624 2179
f 2625 396 397
f 2625 397 1542
f 1056 2625 2155
f 2155 2625 1542
f 2624 396 2625
f 1056 2624 2625
f 1 2626 2
f 1456 2626 1
f 1472 2626 1456
f 2 2627 1457
f 1457 2627 362
f 2627 1473 362
f 2627 1472 1473
f 2 2626 2627
f 2626 1472 2627
f 120 221 2628
f 2628 221 1598
f 1872 120 2628
f 1911 2628 1598
f 1872 2628 1911
f 365 2629 118
f 118 2629 973
f 2629 365 1912
f 1912 973 2629
f 366 2630 119
f 119 2630 974
f 2630 366 2190
f 2190 974 2630
f 1225 2631 496
f 2631 1225 1438
f 496 2631 2165
f 1438 2165 2631
f 1226 2632 497
f 2632 1226 1419
f 497 2632 2166
f 2632 1419 2166
f 498 1324 2633
f 2152 498 2633
f 2633 1324 2166
f 2152 2633 2166
f 499 1325 2634
f 2634 1325 1437
f 2153 499 2634
f 1437 2153 2634
f 55 2635 1990
f 1990 2635 1711
f 1995 2635 55
f 2635 1995 1711
f 1409 2636 392
f 2636 1630 392
f 2636 1631 1630
f 2637 1410 393
f 1410 2637 1409
f 1631 2637 393
f 1409 2637 2636
f 2637 1631 2636
f 2638 1352 392
f 2638 1353 1352
f 392 1630 2638
f 1353 2639 393
f 393 2639 1631
f 1631 2639 1630
f 2639 1353 2638
f 1630 2639 2638
f 1125 2640 189
f 2640 1820 189
f 2640 1125 1869
f 1820 2640 1869
f 198 2641 192
f 198 386 2641
f 1003 2641 386
f 2641 1006 192
f 1006 2641 1003
f 199 2642 190
f 199 387 2642
f 2642 1004 190
f 1160 2642 387
f 1004 2642 1160
f 471 2643 816
f 2643 1277 816
f 1277 2643 1751
f 471 2323 2643
f 2643 2323 1751
f 818 469 2644
f 31 2644 1278
f 1279 2644 31
f 1279 818 2644
f 2644 1563 1278
f 2644 469 2324
f 2644 2324 1563
f 442 2645 458
f 2645 1175 458
f 442 1490 2645
f 1751 1175 2645
f 2645 1490 1751
f 459 443 2646
f 1176 2646 31
f 1176 459 2646
f 31 2646 1491
f 2646 443 1491
