3150 6300
v -0.9619439962 0.1776827831 -0.2075871943
v -0.5130536791 0.4345064016 0.7402567085
v -0.9682301264 0.1536050408 -0.197321672
v -0.5067675489 0.4585841187 0.7299911987
v -0.9739425918 0.1299064347 -0.1859033764
v -0.5010550835 0.4822827374 0.7185728905
v -0.979067244 0.1066458538 -0.17336078
v -0.4959304815 0.5055433058 0.7060303318
v -0.9835912388 0.08388112742 -0.159725027
v -0.4914064365 0.528308076 0.6923945788
v -0.9875034383 0.06166885577 -0.1450300211
v -0.4874941868 0.5505203038 0.6776995477
v -0.9907942093 0.04006426231 -0.1293122997
v -0.4842035162 0.5721249004 0.6619818139
v -0.993455123 0.01912107795 -0.1126109344
v -0.4815425523 0.5930680816 0.6452804611
v -0.9954796571 -0.001108649218 -0.09496744851
v -0.479517968 0.6132978193 0.6276369815
v -0.9968628948 -0.02057463613 -0.07642571735
v -0.4781347303 0.632763791 0.6090952252
v -0.9976013239 -0.03922846216 -0.05703184256
v -0.4773963514 0.6514176311 0.5897013504
v -0.9976930381 -0.05702375863 -0.03683398598
v -0.4773045871 0.6692129307 0.5695035221
v -0.9971379368 -0.07391627867 -0.01588241665
v -0.4778597385 0.6861054382 0.5485519621
v -0.9959372243 -0.08986405042 0.005770772546
v -0.4790604008 0.70205321 0.526898749
v -0.9940941116 -0.1048274005 0.02807176566
v -0.4809035637 0.71701656 0.5045977673
v -0.9916130137 -0.1187691139 0.05096512319
v -0.4833846616 0.7309583111 0.4817044066
v -0.9885001521 -0.1316545596 0.07439393968
v -0.4864975232 0.7438437442 0.4582756121
v -0.984763253 -0.1434517153 0.0982999186
v -0.4902344223 0.7556408999 0.4343696332
v -0.875062022 0.2273905717 -0.02413353017
v -0.5999356533 0.3847986004 0.5568030725
v -0.878914818 0.2126332523 -0.01784173991
v -0.5960829075 0.3995559198 0.5505112729
v -0.8824160097 0.1981082912 -0.01084346743
v -0.5925817158 0.4140808934 0.5435130035
v -0.9804116486 -0.1541311929 0.1226236784
v -0.4945860768 0.7663203776 0.4100458482
v -0.8855568672 0.1838518122 -0.003156062961
v -0.5894408081 0.4283373724 0.5358255738
v -0.8883296642 0.1698992366 0.005201342146
v -0.5866680111 0.4422899606 0.5274681994
v -0.8907274768 0.1562852707 0.0142079597
v -0.5842701985 0.4559038888 0.5184615513
v -0.8927443848 0.1430437555 0.02384140933
v -0.5822532905 0.4691454417 0.5088281064
v -0.8943752706 0.1302076037 0.0340777238
v -0.5806224047 0.4819815559 0.4985917966
v -0.9754560756 -0.1636665017 0.1473047245
v -0.4995415997 0.7758556864 0.3853648147
v -0.8956161206 0.1178087245 0.04489148009
v -0.5793815045 0.4943804726 0.4877780591
v -0.8964639244 0.1058779737 0.05625577199
v -0.5785337509 0.5063111858 0.476413786
v -0.8969164744 0.09444497778 0.06814233394
v -0.5780812009 0.5177441943 0.4645271739
v -0.9699088762 -0.1720338854 0.1722817092
v -0.5050887991 0.7842230449 0.3603878175
v -0.8969726668 0.08353819035 0.08052165861
v -0.5780249583 0.5286510006 0.4521478743
v -0.8966325017 0.07318470425 0.09336294678
v -0.5783652237 0.5390044616 0.4393065924
v -0.8958965812 0.06341027018 0.1066342515
v -0.5791010941 0.5487788894 0.4260352877
v -0.9637838979 -0.1792125852 0.1974925071
v -0.5112137272 0.7914017824 0.3351770195
v -0.894766912 0.05423919639 0.1203026162
v -0.5802307633 0.5579500008 0.412366923
v -0.8932462035 0.04569426403 0.1343340243
v -0.5817514216 0.5664949175 0.3983355149
v -0.957096393 -0.18518474 0.2228744538
v -0.5179012823 0.7973739372 0.3097950854
v -0.8913383691 0.03779673029 0.1486936065
v -0.5836593062 0.5743924669 0.3839759327
v -0.8890480246 0.03056622177 0.1633456654
v -0.5859497009 0.5816229817 0.3693238739
v -0.949862918 -0.189935474 0.2483644581
v -0.5251348075 0.8021246586 0.284305056
v -0.8863808896 0.0240207329 0.1782537762
v -0.5886168359 0.5881684502 0.354415763
v -0.8833435867 0.01817651152 0.1933808746
v -0.5916540886 0.5940126668 0.339288652
v -0.9421014346 -0.1934530468 0.2738991655
v -0.5328962407 0.8056422064 0.2587703738
v -0.8799437421 0.01304809414 0.2086893442
v -0.5950539834 0.5991410819 0.323980195
v -0.9338313091 -0.1957286157 0.2994150333
v -0.5411664164 0.8079178004 0.2332545059
v -0.8761896843 0.008648247935 0.2241411172
v -0.598807991 0.6035409516 0.308528422
v -0.8720908456 0.004987896634 0.2396977994
v -0.6029067795 0.6072012884 0.2929717147
v -0.9250730116 -0.1967565866 0.3248486695
v -0.5499246637 0.8089457712 0.2078208697
v -0.8676574611 0.00207615623 0.2553207085
v -0.6073402142 0.6101130112 0.2773488056
v -0.8629003678 -7.976081823e-05 0.2709710114
v -0.6120972573 0.6122689453 0.2616985278
v -0.915848417 -0.1965343755 0.3501368074
v -0.5591492583 0.8087235601 0.1825327067
v -0.8578316071 -0.001474477683 0.2866097748
v -0.6171660682 0.6136636723 0.2460597644
v -0.8524636216 -0.002104508219 0.3021981155
v -0.6225340036 0.6142936801 0.2304713986
v -0.9061804037 -0.1950625971 0.3752166318
v -0.5688172215 0.8072517692 0.1574528949
v -0.8468098572 -0.001968337728 0.3176973259
v -0.6281878181 0.6141575137 0.2149722133
v -0.8960930541 -0.1923448136 0.400025754
v -0.5789046212 0.8045340108 0.1326437852
v -0.840884312 -0.001066268124 0.3330688239
v -0.6341133633 0.6132554241 0.1996007153
v -0.8347017364 0.0005994685844 0.3482744036
v -0.6402959389 0.6115897189 0.1843951356
v -0.8856113539 -0.1883878734 0.4245024878
v -0.5893862713 0.800577058 0.1081670389
v -0.8282774831 0.00302469074 0.3632762856
v -0.646720142 0.6091645125 0.1693932536
v -0.8747614927 -0.1832015475 0.4485860249
v -0.8216275568 0.006203407462 0.3780371421
v 0.8216275568 -0.006203407462 -0.3780371421
v 0.8747614927 0.1832015475 -0.4485860249
v 0.6602292111 -0.6020614844 -0.1401492417
v 0.8147684642 -0.01012769557 -0.3925202975
v 0.6114273127 -0.7889879148 -0.06045311681
v 0.8635703626 0.1767987552 -0.4722164099
v 0.6672804118 -0.5974013733 -0.1259798108
v 0.8077172635 -0.01478782075 -0.4066897284
v 0.6745061602 -0.5920170317 -0.1121593126
v 0.8004915151 -0.02017215449 -0.4205102141
v 0.6229319164 -0.781384573 -0.03733457552
v 0.8520657589 0.1691954009 -0.4953349417
v 0.6818885452 -0.5859218053 -0.09872213346
v 0.7931091301 -0.02626735579 -0.4339473869
v 0.6347212955 -0.7725996343 -0.01478534665
v 0.8402763798 0.1604104371 -0.5178841738
v 0.6894091536 -0.5791309464 -0.08570166283
v 0.7855885217 -0.03305825395 -0.4469678827
v 0.6970493716 -0.5716612624 -0.07313026153
v 0.7779483037 -0.04052793791 -0.4595392902
v 0.64676625 -0.7626547727 0.007138468286
v 0.8282314253 0.1504656132 -0.5398080138
v 0.704790134 -0.563531317 -0.06103921171
v 0.7702075413 -0.04865788016 -0.4716303024
v 0.7126121748 -0.5547613295 -0.04945855689
v 0.7623854503 -0.05742785517 -0.4832109666
v 0.6590367268 -0.7515749238 0.02838240774
v 0.8159608983 0.1393857642 -0.561051925
v 0.7204961277 -0.5453731245 -0.03841708002
v 0.7545015476 -0.06681604133 -0.4942524341
v 0.7284223754 -0.5353900822 -0.02794225019
v 0.7465752999 -0.07679912127 -0.5047272608
v 0.671502322 -0.7393875315 0.04889363137
v 0.8034953533 0.1271983594 -0.5815631769
v 0.7363711503 -0.5248369372 -0.01806010344
v 0.738626525 -0.08735225994 -0.5146094075
v 0.6841319791 -0.7261228996 0.0686211489
v 0.7908656962 0.1139337401 -0.6012906944
v 0.7443227348 -0.5137399296 -0.008795211447
v 0.7306749405 -0.09844924254 -0.5238743403
v 0.7522573612 -0.5021267038 -0.0001705997038
v 0.7227403141 -0.1100624558 -0.5324989299
v 0.6968943406 -0.711813991 0.08751588913
v 0.7781033347 0.09962481267 -0.6201854095
v 0.760155312 -0.490026159 0.007792292817
v 0.7148423633 -0.1221630257 -0.540461803
v 0.7679968696 -0.4774682978 0.01507365599
v 0.7070007555 -0.1347208869 -0.5477431921
v 0.7097575978 -0.6964964278 0.1055309351
v 0.7652400775 0.08430724314 -0.6382004618
v 0.7757626678 -0.4644843773 0.02165538775
v 0.6992350075 -0.1477048073 -0.5543249348
v 0.7834333401 -0.4511066581 0.02752113911
v 0.6915643352 -0.161082514 -0.5601906752
v 0.7226898413 -0.6802082401 0.1226214333
v 0.752307834 0.06801906172 -0.6552909474
v 0.7909897712 -0.4373684542 0.03265633047
v 0.6840079041 -0.1748207304 -0.5653258634
v 0.7984132469 -0.4233038825 0.03704815703
v 0.6765844284 -0.1888853147 -0.5697177056
v 0.8056852538 -0.4089478626 0.0406857503
v 0.6693124215 -0.2032413221 -0.5733552644
v 0.7356589108 -0.6629899668 0.1387449319
v 0.7393387645 0.05080077278 -0.6714144711
v 0.8127877803 -0.3943361669 0.0435600386
v 0.662209895 -0.2178530302 -0.576229559
v 0.8197030654 -0.3795050699 0.04566385363
v 0.6552946099 -0.2326841022 -0.5783333646
v 0.8264140006 -0.3644914727 0.04699201513
v 0.6485836747 -0.2476976994 -0.5796615638
v 0.748632546 -0.6448844046 0.1538613688
v 0.7263650791 0.03269520738 -0.6865308954
v 0.8329039289 -0.3493327033 0.04754119296
v 0.6420937464 -0.2628564939 -0.5802107447
v 0.8391565945 -0.3340664157 0.04731001994
v 0.6358410808 -0.2781227564 -0.5799795529
v 0.8451565947 -0.3187306149 0.04629908871
v 0.6298410806 -0.2934585822 -0.5789686405
v 0.8508888278 -0.3033633816 0.04451089219
v 0.6241087973 -0.3088258156 -0.5771804157
v 0.8563392959 -0.2880029214 0.0419498894
v 0.6186583794 -0.3241862507 -0.5746194443
v 0.7615785366 -0.6259365073 0.16793309
v 0.7134191387 0.01374733046 -0.7006026417
v 0.8614942518 -0.2726874653 0.03862243963
v 0.6135034736 -0.3395017318 -0.5712919977
v 0.8663408516 -0.2574550437 0.03453679614
v 0.6086567735 -0.3547341284 -0.567206304
v 0.8708672547 -0.2423435613 0.02970316577
v 0.6041304206 -0.3698456108 -0.5623726987
v 0.7744646219 -0.6061934866 0.1809251884
v 0.7005330534 -0.00599570741 -0.7135947402
v 0.7872588426 -0.5857043104 0.1928052782
v 0.6877388327 -0.02648485543 -0.7254748299
v 0.7999292894 -0.5645200535 0.2035439335
v 0.6750683357 -0.04766914684 -0.7362134602
v 0.8124445547 -0.5426932458 0.2131143752
v 0.6625530704 -0.06949591375 -0.7457838893
v 0.8247735319 -0.5202782736 0.2214928217
v 0.6502241434 -0.09191091727 -0.7541623358
v 0.8368854658 -0.4973307776 0.2286584392
v 0.6381121594 -0.1148584196 -0.7613279784
v 0.8487504037 -0.4739078029 0.2345934418
v 0.6262473218 -0.1382813566 -0.7672629559
v 0.860338694 -0.4500676495 0.239283079
v 0.6146589813 -0.1621215101 -0.7719526182
v 0.8716215382 -0.4258695701 0.2427156356
v 0.6033761371 -0.1863195895 -0.7753851749
v 0.8825709403 -0.4013737208 0.2448826076
v 0.5924266848 -0.2108154512 -0.7775521468
v 0.8931597073 -0.3766409853 0.2457786516
v 0.5818379179 -0.2355482119 -0.7784481657
v 0.903361549 -0.3517328489 0.2454014848
v 0.5716361765 -0.2604563483 -0.778071024
v 0.9131508778 -0.3267112489 0.2437520353
v 0.5618467473 -0.2854779232 -0.7764215746
v 0.9225036113 -0.3016383733 0.2408344676
v 0.552494064 -0.3105507988 -0.7735039817
v 0.9313963694 -0.2765766108 0.236655956
v 0.5436013059 -0.3356125613 -0.7693255203
v 0.9398070764 -0.2515882246 0.2312269615
v 0.5351905989 -0.3606009475 -0.7638964756
v 0.9477148608 -0.2267353275 0.2245609802
v 0.5272828646 -0.3854538446 -0.7572304944
v 0.9550998547 -0.2020797687 0.2166744937
v 0.5198977704 -0.4101094159 -0.7493440329
v -0.8149857584 0.08270348771 -0.345784049
v -0.2972420407 0.3789201916 0.7474455806
v -0.8222360911 0.05493257123 -0.3339439211
v -0.2899917331 0.4066911081 0.7356054778
v -0.8288247575 0.02759893055 -0.3207742394
v -0.2834030667 0.4340247519 0.7224358212
v -0.8347354519 0.0007704990483 -0.3063078164
v -0.2774923974 0.4608531904 0.7079693731
v -0.8399534237 -0.02548601247 -0.2905805248
v -0.2722744006 0.4871096699 0.6922421066
v -0.8444657285 -0.05110531899 -0.2736315238
v -0.2677620958 0.512728967 0.6752931056
v -0.8482611279 -0.07602373429 -0.2555028825
v -0.2639666964 0.5376474136 0.6571644642
v -0.8513302397 -0.1001793119 -0.2362397806
v -0.2608975845 0.5618029975 0.6379013373
v -0.8536653375 -0.123511996 -0.215890057
v -0.2585624366 0.5851356628 0.6175516388
v -0.8552607017 -0.1459637692 -0.1945042723
v -0.2569670724 0.6075874611 0.5961658416
v -0.8561124189 -0.1674788341 -0.1721355962
v -0.2561154305 0.6291025009 0.573797178
v -0.8562181811 -0.18800367 -0.148839732
v -0.2560096181 0.6496273493 0.5505012887
v -0.8555778881 -0.2074872771 -0.1246744901
v -0.256649886 0.6691109314 0.5263360718
v -0.8541931453 -0.225881202 -0.09970002026
v -0.2580347041 0.6875048814 0.5013615832
v -0.852067264 -0.243139688 -0.07397833497
v -0.2601606104 0.7047633423 0.4756398854
v -0.8492055626 -0.2592198884 -0.04757347854
v -0.2630222616 0.7208435677 0.4492350478
v -0.8456152657 -0.274081791 -0.02055103341
v -0.2666125836 0.7357054703 0.4222125948
v -0.8413051534 -0.2876884443 0.007021803078
v -0.2709226708 0.7493121236 0.3946397568
v -0.8362860126 -0.3000060074 0.03507646954
v -0.2759417865 0.7616296617 0.3665850934
v -0.8305703362 -0.3110039006 0.06354323183
v -0.2816574629 0.77262758 0.3381183437
v -0.8241723228 -0.3206547301 0.09235131942
v -0.2880554764 0.7822783844 0.3093102498
v -0.8171079269 -0.3289345639 0.1214291245
v -0.2951199224 0.7905582432 0.2802324572
v -0.8093946085 -0.3358227311 0.1507042806
v -0.3028332408 0.7974463854 0.2509572886
v -0.8010515833 -0.3413021734 0.1801041137
v -0.3111762409 0.8029258528 0.221557443
v -0.7920996225 -0.3453592441 0.2095554356
v -0.3201282268 0.8069829485 0.1921061336
v -0.7825609522 -0.3479839086 0.2389850834
v -0.3296668721 0.809607588 0.1626764733
v -0.7724593036 -0.3491695194 0.2683198561
v -0.3397685206 0.8107931987 0.1333417006
v -0.7618197628 -0.3489132667 0.2974868793
v -0.3504080364 0.810536921 0.1041746774
v -0.7506688204 -0.3472156774 0.3264135794
v -0.3615589788 0.8088393567 0.07524798984
v -0.7390342214 -0.3440810662 0.3550280601
v -0.3731936028 0.8057047205 0.04663350284
v -0.7269448147 -0.3395171848 0.3832591778
v -0.3852830095 0.801140839 0.01840237731
v -0.7144307034 -0.3335353467 0.4110367672
v 0.7144307034 0.3335353467 -0.4110367672
v 0.4107048052 -0.7877741074 0.03663016915
v 0.701522994 0.3261504532 -0.4382917164
v 0.4239740278 -0.7790045213 0.0632947746
v 0.6882537964 0.317380867 -0.4649563438
v 0.4375718007 -0.7688720672 0.08930271533
v 0.6746560235 0.3072483879 -0.490964272
v 0.4514642328 -0.7574018814 0.114589348
v 0.6607635914 0.295778202 -0.5162509298
v 0.4656168561 -0.7446225115 0.1390917949
v 0.6466109681 0.2829988322 -0.5407533516
v 0.4799945001 -0.7305657666 0.1627491473
v 0.6322333241 0.2689420873 -0.564410729
v 0.4945613421 -0.7152664659 0.1855025787
v 0.6176664821 0.2536428116 -0.5871641604
v 0.5092812083 -0.6987628403 0.2072955078
v 0.6029465658 0.2371391359 -0.608957052
v 0.5241175734 -0.6810957298 0.2280737867
v 0.5881102508 0.2194720504 -0.6297353685
v 0.5390334107 -0.6623091851 0.247785751
v 0.5731943633 0.2006855309 -0.6494473328
v 0.5539917938 -0.6424498662 0.2663823701
v 0.5582360305 0.1808261994 -0.6680439268
v 0.5689553947 -0.621567142 0.2838174359
v 0.5432724295 0.1599434752 -0.6854789926
v 0.5838870863 -0.5997129405 0.3000475748
v 0.5283407379 0.1380892612 -0.7017091315
v 0.5987497415 -0.5769415978 0.3150324486
v 0.5134780827 0.1153179184 -0.7166940053
v 0.6135063836 -0.5533097076 0.3287348047
v 0.4987214406 0.09168605335 -0.7303963865
v 0.628120337 -0.5288760714 0.3411205764
v 0.4841074873 0.06725237956 -0.7427821582
v 0.642555227 -0.503701347 0.3521589834
v 0.469672547 0.04207769276 -0.753820515
v 0.6567752813 -0.477848199 0.3618225816
v 0.455452543 0.01622454314 -0.7634841634
v 0.6707450784 -0.4513808974 0.3700873137
v 0.4414827458 -0.01024275763 -0.7717488704
v 0.6844298493 -0.4243652176 0.3769326592
v 0.427797975 -0.0372584523 -0.7785942159
v 0.6977955774 -0.3968683397 0.382341585
v 0.4144322217 -0.06475532705 -0.7840031417
v 0.7108091494 -0.3689585978 0.3863006701
v 0.4014186999 -0.09266506902 -0.7879622518
v 0.7234380539 -0.3407054045 0.3888000806
v 0.3887897703 -0.1209182623 -0.7904616624
v 0.7356509837 -0.3121790255 0.3898335202
v 0.3765768406 -0.1494446538 -0.791495102
v 0.7474175346 -0.2834503537 0.3893984802
v 0.3648102646 -0.1781733257 -0.791060062
v 0.7587085066 -0.2545907835 0.3874960894
v 0.3535192925 -0.2070328958 -0.7891576461
v 0.7694958035 -0.2256721109 0.3841309888
v 0.3427320207 -0.2359515684 -0.7857925204
v 0.7797525834 -0.196766207 0.3793115822
v 0.3324752408 -0.2648574723 -0.7809731639
v 0.7894533589 -0.1679449681 0.3730498103
v 0.3227744653 -0.2936787112 -0.774711367
v 0.7985739975 -0.139280002 0.3653613521
v 0.3136538017 -0.3223436648 -0.7670229338
v 0.8070918715 -0.1108426153 0.3562651974
v 0.3051359527 -0.350781064 -0.7579267792
v -0.7739373159 0.05696177132 -0.3824115998
v -0.23855782 0.3632684337 0.748056473
v -0.7814345442 0.02824491495 -0.3701681405
v -0.2310605666 0.3919852901 0.7358129886
v -0.7882476794 -1.979375417e-05 -0.3565498724
v -0.2242474564 0.4202499978 0.7221947455
v -0.7943596632 -0.02776207056 -0.3415906615
v -0.2181354475 0.4479922411 0.7072355096
v -0.7997553938 -0.05491294149 -0.3253276601
v -0.2127397169 0.475143134 0.6909725081
v -0.8044214252 -0.08140491505 -0.3078013317
v -0.2080737107 0.5016351201 0.6734461798
v -0.8083461174 -0.1071721313 -0.2890552256
v -0.2041490059 0.5274023238 0.6547000736
v -0.8115197372 -0.1321505082 -0.2691359513
v -0.2009753736 0.5523807258 0.6347807993
v -0.8139344075 -0.1562779707 -0.2480930284
v -0.1985607033 0.5765081632 0.6137378765
v -0.815584158 -0.1794945008 -0.2259787863
v -0.1969109779 0.5997246807 0.5916236343
v -0.8164648243 -0.2017424258 -0.2028482508
v -0.196030299 0.6219726308 0.5684931114
v -0.8165742491 -0.2229663937 -0.178758806
v -0.1959208868 0.6431965737 0.544403654
v -0.8159121313 -0.2431136739 -0.1537704574
v -0.196582992 0.663343879 0.519415318
v -0.8144801266 -0.2621341448 -0.1279452425
v -0.1980149716 0.6823643248 0.4935901156
v -0.8122818474 -0.2799805193 -0.1013474565
v -0.2002132633 0.7002106993 0.4669923171
v -0.8093227123 -0.2966084456 -0.07404316326
v -0.203172411 0.7168386507 0.4396879988
v -0.8056100462 -0.311976557 -0.04610026398
v -0.206885052 0.732206737 0.4117451183
v -0.8011531813 -0.3260466978 -0.01758822631
v -0.2113419295 0.7462768778 0.3832330885
v -0.7959631051 -0.338783823 0.01142206321
v -0.2165320308 0.7590140029 0.354222777
v -0.7900527117 -0.3501563493 0.04085850136
v -0.2224423739 0.7703865544 0.3247863561
v -0.783436802 -0.3601359047 0.07064786548
v -0.2290583338 0.7803660847 0.2949969763
v -0.7761316817 -0.3686977293 0.1007161066
v -0.236363404 0.7889279093 0.2649287414
v -0.7681556635 -0.3758205753 0.1309884908
v -0.2443394723 0.7960507553 0.2346563573
v -0.759528465 -0.3814866569 0.1613897412
v -0.2529666708 0.8017168619 0.2042551194
v -0.7502715597 -0.3856819509 0.1918442742
v -0.262223551 0.8059121309 0.1738005738
v -0.7404079766 -0.3883959966 0.2222763804
v -0.2720871342 0.8086261766 0.1433684677
v -0.7299622495 -0.3896219957 0.2526103755
v -0.2825328612 0.8098521757 0.11303446
v -0.7189603175 -0.3893570131 0.2827709015
v -0.2935347933 0.8095872182 0.08287395281
v -0.7074295742 -0.3876016259 0.3126829264
v -0.3050655616 0.8078318058 0.05296193422
v -0.6953986177 -0.3843602239 0.3422720704
v -0.317096493 0.8045904039 0.02337276985
v -0.6828974507 -0.379640885 0.3714648317
v -0.3295976851 0.7998710901 -0.005819989553
v -0.6699570293 -0.373455249 0.4001885867
v 0.6699570293 0.373455249 -0.4001885867
v 0.3558854216 -0.786049049 0.06272709277
v 0.656609664 0.365818844 -0.4283719408
v 0.3696066423 -0.7769807397 0.09029996219
v 0.6428884684 0.3567505347 -0.455944829
v 0.3836675515 -0.7665031034 0.1171938185
v 0.6288275592 0.3462729234 -0.4828386414
v 0.3980332295 -0.7546422294 0.1433417762
v 0.6144619063 0.3344120495 -0.5089865992
v 0.412667929 -0.7414275687 0.1686788317
v 0.5998271818 0.3211973637 -0.5343236797
v 0.4275352752 -0.7268919838 0.193142019
v 0.5849598105 0.3066618038 -0.5587868671
v 0.4425983669 -0.7110715983 0.21667048
v 0.5698967689 0.2908413933 -0.5823153531
v 0.4578196504 -0.6940057471 0.2392057642
v 0.5546754854 0.273775542 -0.6048505872
v 0.4731613463 -0.6757368755 0.2606918047
v 0.5393337895 0.2555066955 -0.6263366277
v 0.4885852739 -0.656310389 0.2810751936
v 0.5239098118 0.236080209 -0.6467200417
v 0.504053152 -0.6357746031 0.3003052574
v 0.5084419839 0.2155444232 -0.6659501054
v 0.5195264486 -0.6141805928 0.3183342072
v 0.4929686371 0.1939503877 -0.6839790553
v 0.5349667824 -0.5915819415 0.3351171896
v 0.4775283535 0.1713517616 -0.7007620377
v 0.5503356714 -0.5680349923 0.3506125117
v 0.4621594644 0.1478047872 -0.7162573597
v 0.5655949852 -0.5435980949 0.3647816164
v 0.4469001507 0.1233679275 -0.7304264394
v 0.5807066934 -0.5183322083 0.3775892832
v 0.4317883923 0.09810199696 -0.7432341062
v 0.5956333176 -0.4922999969 0.389003678
v 0.4168617931 0.07206979188 -0.7546485511
v 0.6103377308 -0.4655662327 0.3989964285
v 0.4021573799 0.04533602141 -0.7646412766
v 0.6247833577 -0.4381973432 0.4075426998
v 0.3877117531 0.01796714286 -0.7731875479
v 0.6389342751 -0.4102614366 0.4146212191
v 0.3735608356 -0.009968753531 -0.780266042
v 0.6527553127 -0.3818279257 0.4202144009
v 0.359739798 -0.03840227619 -0.785859249
v 0.6662121028 -0.3529675277 0.4243083228
v 0.346283008 -0.06726267106 -0.7899531708
v 0.6792711806 -0.3237519633 0.4268928248
v 0.333223905 -0.09647822297 -0.7925376728
v 0.6919001353 -0.2942538812 0.427961485
v 0.3205949755 -0.1259763113 -0.793606333
v 0.704067509 -0.2645466076 0.4275116443
v 0.3084276017 -0.1556835849 -0.7931564923
v 0.7157430984 -0.2347040205 0.4255444566
v 0.2967520375 -0.185526172 -0.7911893046
v 0.7268978037 -0.2048002991 0.4220646882
v 0.2855973071 -0.2154299059 -0.7877095363
v 0.7375039803 -0.174909798 0.4170811444
v 0.2749911556 -0.2453204071 -0.7827259674
v 0.7475351875 -0.1451068091 0.4106061172
v 0.2649599483 -0.2751233835 -0.7762509401
v 0.7569664901 -0.1154654487 0.4026557117
v 0.2555286206 -0.3047647312 -0.7683005598
v 0.7657745079 -0.08605939432 0.393249771
v 0.2467206028 -0.3341707982 -0.7588946441
v -0.7309266527 0.03152608747 -0.4169413406
v -0.1801813533 0.3466239758 0.7459720337
v -0.738639068 0.001985031036 -0.4043465027
v -0.1724689128 0.3761650301 0.7333771959
v -0.7456477229 -0.0270908999 -0.390337396
v -0.1654602579 0.4052409663 0.719368064
v -0.7519351576 -0.05562940792 -0.3749488396
v -0.1591728232 0.4337794618 0.7039795076
v -0.7574857687 -0.08355952593 -0.3582190895
v -0.1536222498 0.4617095735 0.6872497576
v -0.7622856585 -0.1108118475 -0.3401897132
v -0.1488223223 0.4889619139 0.6692204063
v -0.7663230367 -0.1373185841 -0.3209055642
v -0.1447849943 0.5154686505 0.6499362574
v -0.7695877183 -0.1630138664 -0.3004146069
v -0.1415202625 0.5411639579 0.6294452749
v -0.7720717262 -0.1878338258 -0.2787677405
v -0.1390362672 0.5659838671 0.6077984336
v -0.7737687887 -0.211716688 -0.2560188246
v -0.1373392047 0.589866767 0.5850494675
v -0.7746747416 -0.234603125 -0.2322243777
v -0.1364332643 0.6127532039 0.5612550708
v -0.774787277 -0.2564362543 -0.2074435524
v -0.1363207163 0.6345863333 0.5364742455
v -0.7741061943 -0.277161765 -0.1817380224
v -0.1370018116 0.6553118189 0.510768703
v -0.7726330989 -0.2967281306 -0.1551716189
v -0.138474907 0.6748781844 0.484202312
v -0.7703717537 -0.3150867094 -0.1278104684
v -0.1407362773 0.6932367633 0.456841149
v -0.7673276776 -0.3321918954 -0.09972249097
v -0.1437803534 0.7103419492 0.4287531465
v -0.7635084466 -0.3480010674 -0.07097761363
v -0.1475995468 0.7261511464 0.4000082942
v -0.7589236435 -0.3624750664 -0.04164725286
v -0.1521843499 0.7406251203 0.3706779366
v -0.753584607 -0.3755777687 -0.01180432481
v -0.1575233989 0.7537278477 0.3408349983
v -0.7475046329 -0.3872766127 0.01847692169
v -0.1636033981 0.7654266666 0.3105537589
v -0.7406987726 -0.3975426242 0.04912126101
v -0.1704092208 0.7756926781 0.2799094008
v -0.7331840343 -0.4063502155 0.08005252054
v -0.1779239591 0.7845002945 0.24897816
v -0.724979082 -0.4136774616 0.1111937304
v -0.1861289365 0.7918275406 0.2178369502
v -0.7161042855 -0.4195061752 0.1424675194
v -0.195003733 0.7976562542 0.1865631487
v -0.7065816701 -0.4238218566 0.1737961085
v -0.2045263107 0.8019718854 0.155234572
v -0.6964350174 -0.426613769 0.2051016312
v -0.2146729885 0.804763848 0.1239290368
v -0.6856895137 -0.4278750389 0.2363062583
v -0.2254185173 0.8060250677 0.09272440977
v -0.6743718001 -0.4276024051 0.267332399
v -0.2367362059 0.8057524841 0.06169826901
v -0.6625100732 -0.4257966704 0.2981029393
v -0.2485979077 0.8039466992 0.03092774437
v -0.6501338341 -0.4224621997 0.328541317
v -0.2609741468 0.8006122787 0.0004893458041
v -0.6372738882 -0.4176073717 0.358571923
v -0.2738341428 0.7957574507 -0.02954125183
v -0.6239620948 -0.4112442528 0.3881200766
v 0.6239620948 0.4112442528 -0.3881200766
v 0.3008763885 -0.7815387009 0.08808163934
v 0.6102316174 0.4033886471 -0.4171123011
v 0.3149913829 -0.7722101503 0.1164458817
v 0.596116623 0.3940600964 -0.4454765749
v 0.3294558493 -0.7614318341 0.144111613
v 0.5816521315 0.3832817802 -0.473142281
v 0.3442338395 -0.7492305442 0.1710100286
v 0.5668741664 0.3710804653 -0.5000407092
v 0.3592885776 -0.7356365844 0.1970742998
v 0.5518194534 0.3574865305 -0.5261049803
v 0.3745826353 -0.7206838206 0.2222395793
v 0.5365253706 0.3425337416 -0.5512702725
v 0.3900780076 -0.70440938 0.2464433532
v 0.5210299983 0.326259301 -0.5754740213
v 0.4057361624 -0.6868537512 0.2696254027
v 0.5053718686 0.3087036723 -0.5986560707
v 0.4215181664 -0.6680605337 0.2917281053
v 0.4895898145 0.2899104798 -0.6207587733
v 0.4373848103 -0.6480765377 0.3126965229
v 0.4737232207 0.2699264588 -0.641727191
v 0.4532966088 -0.6269513331 0.332478502
v 0.457811372 0.2488012541 -0.6615091951
v 0.4692140266 -0.6047374998 0.3510248741
v 0.4418940044 0.226587446 -0.6800555672
v 0.485097478 -0.5814903273 0.3682895563
v 0.426010553 0.2033402609 -0.6973202494
v 0.5009074779 -0.5572675132 0.3842296016
v 0.410200528 0.1791174468 -0.7132602947
v 0.5166047416 -0.5321292637 0.3988053491
v 0.3945032893 0.1539792099 -0.7278360171
v 0.5321501854 -0.5061381933 0.4119806249
v 0.3789578205 0.127988152 -0.7410112929
v 0.547505227 -0.4793588229 0.4237226669
v 0.3636027789 0.101208769 -0.7527533098
v 0.5626316356 -0.4518577807 0.4340021746
v 0.3484763703 0.07370773315 -0.7630328677
v 0.5774918825 -0.4237034511 0.442793736
v 0.3336161234 0.04555336896 -0.7718244292
v 0.592048941 -0.3949657483 0.4500753759
v 0.31905909 0.01681567247 -0.7791060691
v 0.6062666372 -0.3657161673 0.4558291328
v 0.3048413436 -0.01243390302 -0.7848597757
v 0.62010965 -0.3360274322 0.4600405571
v 0.2909983308 -0.04212262164 -0.7890712502
v 0.6335435617 -0.3059733709 0.4626992633
v 0.2775644442 -0.07217668926 -0.7917299062
v 0.6465349578 -0.2756286641 0.4637985785
v 0.2645730231 -0.1025214086 -0.7928292716
v 0.6590515777 -0.2450687702 0.4633358436
v 0.2520564533 -0.1330812962 -0.7923664865
v 0.6710622146 -0.2143696746 0.4613121624
v 0.2400457913 -0.1637803793 -0.7903428053
v 0.6825371166 -0.1836076886 0.4577325521
v 0.2285709144 -0.1945423778 -0.7867632452
v 0.6934476355 -0.1528593117 0.4526059432
v 0.2176603453 -0.2252907547 -0.7816366364
v 0.703766779 -0.1222009556 0.4459450795
v 0.2073412394 -0.2559491108 -0.7749757726
v 0.7134688089 -0.09170886273 0.4377665176
v 0.1976392221 -0.2864411974 -0.7667971606
v 0.7225295924 -0.06145884271 0.4280905771
v 0.1885784135 -0.31669123 -0.7571212703
v -0.6860511523 0.00645396681 -0.4492952038
v -0.122244718 0.329024522 0.7411970793
v -0.6939464942 -0.02378767059 -0.4364016429
v -0.1143493761 0.3592661508 0.7283035183
v -0.7011213684 -0.05355315291 -0.4220603735
v -0.1071745019 0.3890316237 0.7139621987
v -0.7075578636 -0.08276845397 -0.4063068169
v -0.100737969 0.4182469373 0.6982086924
v -0.7132401256 -0.1113609657 -0.389180333
v -0.09505574468 0.4468394427 0.6810821834
v -0.7181538553 -0.139259557 -0.3707233923
v -0.09014199615 0.4747380466 0.6626252677
v -0.7222869614 -0.1663949342 -0.350981927
v -0.08600890264 0.5018734363 0.6428838024
v -0.7256291084 -0.1926995912 -0.3300050052
v -0.08266675565 0.5281780808 0.6219068555
v -0.7281719678 -0.218108129 -0.3078447554
v -0.08012387117 0.553586606 0.5997466058
v -0.7299093182 -0.2425573937 -0.2845563668
v -0.07838653949 0.5780358958 0.5764582422
v -0.7308367447 -0.2659866147 -0.2601976121
v -0.07745911929 0.6014650917 0.5520994625
v -0.7309519393 -0.2883374923 -0.234829124
v -0.07734389966 0.6238159944 0.5267309744
v -0.7302547012 -0.3095545365 -0.208513956
v -0.07804115027 0.6450330136 0.500415844
v -0.7287466862 -0.3295849164 -0.1813175448
v -0.07954916528 0.6650634185 0.4732193951
v -0.7264316571 -0.3483788864 -0.1533074716
v -0.08186418181 0.6838573886 0.4452093596
v -0.7233153838 -0.3658897368 -0.1245533752
v -0.08498044889 0.7013682138 0.4164552507
v -0.7194056427 -0.382073843 -0.09512681936
v -0.08889020873 0.7175523451 0.3870286885
v -0.7147121172 -0.3968910425 -0.0651008856
v -0.09358375932 0.7323695446 0.3570027485
v -0.7092464471 -0.4103045092 -0.03455022338
v -0.09904941692 0.7457829862 0.3264520863
v -0.7030222791 -0.4222808787 -0.003550816374
v -0.1052735912 0.7577593557 0.2954526871
v -0.6960550159 -0.432790324 0.02782025422
v -0.1122408167 0.768268801 0.264081615
v -0.6883620673 -0.4418067054 0.05948503234
v -0.1199337905 0.7772851825 0.2324168368
v -0.6799624984 -0.4493077468 0.09136479679
v -0.1283333342 0.7847862238 0.2005370724
v -0.670877231 -0.4552746838 0.1233802322
v -0.1374186142 0.7907531608 0.1685216307
v -0.6611288424 -0.4596927659 0.1554518287
v -0.1471670153 0.7951712429 0.1364500468
v -0.6507415154 -0.4625509051 0.1874997691
v -0.1575543173 0.7980293822 0.1044021001
v -0.6397411387 -0.4638420273 0.2194444058
v -0.168554694 0.7993205043 0.07245745715
v -0.6281550559 -0.4635629213 0.2512063416
v -0.1801407893 0.7990413984 0.04069551813
v -0.6160120657 -0.4617143399 0.2827066063
v -0.1922838046 0.7971928169 0.00919526916
v -0.6033423213 -0.4583008485 0.3138668564
v -0.2049535365 0.7937793255 -0.02196499661
v -0.5901773307 -0.4533308762 0.3446096517
v -0.2181185145 0.7888093532 -0.05270778876
v -0.5765499062 -0.4468168654 0.3748585554
v 0.5765499062 0.4468168654 -0.3748585554
v 0.2458020568 -0.7742534486 0.1126364844
v 0.5624938135 0.4387749716 -0.4045383599
v 0.2602518228 -0.7647036402 0.1416733869
v 0.5480440224 0.4292251631 -0.4335752624
v 0.275059314 -0.7536696985 0.1699952153
v 0.5332365563 0.4181911964 -0.4618970657
v 0.2901877545 -0.7411790174 0.1975315534
v 0.5181080907 0.4057005655 -0.4894334288
v 0.3055995154 -0.7272627035 0.2242139416
v 0.5026963549 0.3917842265 -0.5161158171
v 0.3212562905 -0.7119553753 0.2499760278
v 0.4870395798 0.3764768732 -0.5418779032
v 0.3371191213 -0.6952949627 0.2747537926
v 0.4711766988 0.3598164857 -0.566655668
v 0.3531486481 -0.6773229579 0.2984856
v 0.4551471971 0.3418444558 -0.5903874503
v 0.3693049089 -0.6580840639 0.321112498
v 0.4389909112 0.322605612 -0.6130143484
v 0.3855478416 -0.6376260946 0.3425781688
v 0.4227480287 0.3021476175 -0.6344800191
v 0.4018369825 -0.6159999742 0.3628293298
v 0.4064588627 0.2805214721 -0.6547311802
v 0.4181318933 -0.5932593367 0.3818155333
v 0.390163977 0.2577808596 -0.6737174087
v 0.4343920098 -0.5694608258 0.3994896428
v 0.3739038354 0.2339823237 -0.6913914932
v 0.450576994 -0.544663494 0.4158077078
v 0.3577188763 0.209185042 -0.7077095833
v 0.4666464826 -0.5189291528 0.4307291644
v 0.3416493626 0.1834506884 -0.7226309897
v 0.4825605891 -0.4923217213 0.4442168603
v 0.3257352561 0.1568432318 -0.7361187357
v 0.4982798281 -0.4649072256 0.4562373309
v 0.3100160422 0.1294287486 -0.7481392063
v 0.5137649653 -0.4367539997 0.4667606737
v 0.2945308799 0.1012755101 -0.7586625492
v 0.5289776192 -0.407931933 0.4757606992
v 0.279318251 0.07245345595 -0.7676625746
v 0.54387986 -0.3785126959 0.4832150306
v 0.2644159601 0.04303422831 -0.775116906
v 0.5584347611 -0.3485694893 0.4891052046
v 0.2498610841 0.01309100988 -0.7810070801
v 0.5726060985 -0.3181766677 0.4934165712
v 0.2356897467 -0.01730181408 -0.7853183965
v 0.5863585512 -0.2874098651 0.4961382431
v 0.2219372689 -0.04806861189 -0.7880401185
v 0.5996581027 -0.2563455185 0.4972636978
v 0.2086377676 -0.07913295851 -0.7891655733
v 0.612471489 -0.2250608924 0.4967899753
v 0.1958243436 -0.1104175846 -0.7886918507
v 0.6247670017 -0.1936337533 0.4947182796
v 0.1835288435 -0.1418447238 -0.7866201551
v 0.6365140357 -0.1621422436 0.4910538288
v 0.1717818346 -0.1733362334 -0.7829557042
v 0.6476832909 -0.1306646566 0.4858056034
v 0.1606125418 -0.204813833 -0.7777074788
v 0.6582471726 -0.09927921649 0.4789867987
v 0.1500486977 -0.2361992668 -0.7708886742
v 0.6681792403 -0.06806400315 0.4706142223
v 0.1401166049 -0.2674144802 -0.7625160978
v 0.6774549098 -0.0370965854 0.460708846
v 0.1308409228 -0.2983818948 -0.7526107214
v -0.6394123124 -0.01819786748 -0.479400014
v -0.06487899437 0.3105098836 0.7337424469
v -0.6474579189 -0.04901488103 -0.4662611629
v -0.05683342548 0.3413268831 0.720603646
v -0.6547692606 -0.07934665919 -0.4516469085
v -0.0495220713 0.3716586706 0.7059893916
v -0.6613282253 -0.1091178078 -0.4355936755
v -0.04296307837 0.401429813 0.6899361586
v -0.6671185574 -0.1382543014 -0.4181413506
v -0.03717275566 0.4305663066 0.6724837835
v -0.6721258576 -0.1666837233 -0.3993332823
v -0.03216549308 0.4589957285 0.6536757151
v -0.6763375829 -0.1943353688 -0.3792162055
v -0.02795376462 0.4866473865 0.6335586634
v -0.6797432976 -0.2211404899 -0.3578401667
v -0.02454803737 0.5134524951 0.6121825996
v -0.6823345729 -0.2470324459 -0.335258323
v -0.02195676529 0.5393444761 0.5896008061
v -0.6841049364 -0.2719468788 -0.3115268417
v -0.02018638761 0.5642589091 0.5658692746
v -0.6850500234 -0.2958218515 -0.2867046498
v -0.0192413179 0.5881338818 0.5410471077
v -0.6851674255 -0.3185980108 -0.2608535086
v -0.01912389855 0.6109099908 0.5151959665
v -0.6844568919 -0.3402186874 -0.2340376632
v -0.01983442902 0.6325306926 0.4883801212
v -0.6829201786 -0.3606301726 -0.2063238172
v -0.02137112821 0.6529422028 0.4606662501
v -0.6805611488 -0.3797817174 -0.1777808314
v -0.02373019247 0.6720936975 0.4321232893
v -0.6773855723 -0.3976257088 -0.1484796988
v -0.02690573445 0.6899377139 0.4028221568
v -0.6734014265 -0.4141177697 -0.1184932566
v -0.03088988345 0.7064297498 0.372835702
v -0.6686185951 -0.4292168848 -0.08789602862
v -0.03567273992 0.7215288649 0.3422384803
v -0.6630489187 -0.4428855003 -0.05676413817
v -0.04124238492 0.7351975306 0.3111066024
v -0.6567063452 -0.4550897002 -0.02517493138
v -0.04758499612 0.7474017304 0.2795173831
v -0.6496065782 -0.4657991304 0.006793023405
v -0.05468477251 0.7581111607 0.2475494416
v -0.6417672281 -0.4749871497 0.03906023911
v -0.06252408496 0.7672991298 0.2152822251
v -0.6332078619 -0.4826308297 0.07154652467
v -0.07108346367 0.7749428599 0.1827959333
v -0.6239497525 -0.4887113055 0.1041711026
v -0.08034159188 0.7810233358 0.1501713553
v -0.6140158285 -0.4932133753 0.1368528514
v -0.09027547206 0.7855254055 0.117489594
v -0.6034309248 -0.496125951 0.1695105553
v -0.1008603946 0.7884379311 0.08483189635
v -0.5922212813 -0.4974416573 0.2020629988
v -0.1120700569 0.7897536374 0.05227946235
v -0.5804147434 -0.4971572332 0.2344292043
v -0.1238765947 0.7894692634 0.01991324271
v -0.5680407119 -0.4952734812 0.2665287967
v -0.1362506263 0.7875855115 -0.01218634496
v -0.5551298918 -0.4917950174 0.2982819023
v -0.1491614213 0.7841070476 -0.04393944747
v -0.5417144434 -0.4867305213 0.3296096009
v -0.1625768697 0.7790425515 -0.07526714921
v -0.5278277308 -0.4800925359 0.3604340007
v 0.5278277308 0.4800925359 -0.3604340007
v 0.1907871285 -0.7642096482 0.1363360438
v 0.5135042222 0.4718976682 -0.3906784893
v 0.2055117985 -0.7544781675 0.1659254011
v 0.4987795396 0.4621661874 -0.420267859
v 0.2206010172 -0.7432343069 0.194786075
v 0.4836903084 0.4509223268 -0.449128533
v 0.2360172936 -0.7305059618 0.2228463074
v 0.468274007 0.4381939817 -0.4771887905
v 0.2517222838 -0.716324891 0.2500363594
v 0.4525690669 0.424012911 -0.5043788174
v 0.2676769291 -0.7007263153 0.2762885994
v 0.4366143715 0.4084142851 -0.5306310322
v 0.2838415937 -0.6837488669 0.3015377537
v 0.4204497319 0.3914368868 -0.5558802117
v 0.3001760649 -0.6654349911 0.3257211077
v 0.4041152607 0.373122986 -0.5800635405
v 0.3166397537 -0.6458300936 0.3487784801
v 0.3876515719 0.3535180633 -0.6031209631
v 0.3331916947 -0.6249828911 0.3706525998
v 0.3710996309 0.3326708859 -0.6249950327
v 0.3497907471 -0.6029452613 0.3912890053
v 0.3545005785 0.3106332562 -0.6456314633
v 0.3663956947 -0.579771992 0.410636446
v 0.3378956309 0.2874599617 -0.6649788789
v 0.3829651959 -0.5555206301 0.4286468323
v 0.3213261297 0.26320865 -0.6829892652
v 0.3994580596 -0.5302515826 0.4452753356
v 0.304833266 0.2379396025 -0.6996178187
v 0.4158333205 -0.5040276145 0.4604807146
v 0.2884580051 0.2117156093 -0.7148231475
v 0.4320502391 -0.4769138989 0.4742250395
v 0.2722410865 0.1846019063 -0.7285674724
v 0.4480685023 -0.4489778669 0.4864741933
v 0.2562228233 0.1566658618 -0.7408166262
v 0.4638482486 -0.4202889814 0.4971977218
v 0.240443052 0.1279769762 -0.7515402049
v 0.4793503439 -0.3909185615 0.5063689838
v 0.2249410068 0.09860655635 -0.7607114668
v 0.4945361559 -0.3609396325 0.5139652011
v 0.2097551823 0.06862761479 -0.768307634
v 0.5093679554 -0.3304266995 0.5199674089
v 0.1949233577 0.03811468179 -0.774309892
v 0.5238089162 -0.2994556223 0.5243607563
v 0.1804824345 0.007143625794 -0.7787032394
v 0.5378230151 -0.268103465 0.5271342556
v 0.1664682855 -0.02420854805 -0.7814767387
v 0.5513755832 -0.2364481191 0.5282810836
v 0.1529157675 -0.05586389856 -0.7826235666
v 0.5644328047 -0.2045682544 0.5277983803
v 0.139858546 -0.08774375708 -0.7821408132
v 0.5769622184 -0.1725431797 0.5256872998
v 0.1273291072 -0.1197688255 -0.7800297326
v 0.5889327178 -0.1404525179 0.5219530598
v 0.1153586203 -0.1518594872 -0.7762954927
v 0.6003145009 -0.1083760422 0.5166049925
v 0.1039768122 -0.1839359755 -0.7709474756
v 0.6110793208 -0.07639347567 0.5096564435
v 0.09321198598 -0.2159185295 -0.7639989265
v 0.621200436 -0.0445843469 0.5011246718
v 0.08309090212 -0.247727652 -0.7554671047
v 0.6306525599 -0.0130277526 0.4910307999
v 0.0736387406 -0.2792842596 -0.7453732328
v -0.5911156444 -0.04237367213 -0.5071876377
v -0.008213878954 0.291121904 0.723624944
v -0.5992784022 -0.07363954962 -0.493857381
v -5.113353587e-05 0.3223877658 0.7102947375
v -0.6066962587 -0.1044131316 -0.4790302977
v 0.007366719587 0.3531613415 0.6954676542
v -0.6133508007 -0.1346179092 -0.462743264
v 0.01402125774 0.3833661442 0.6791806205
v -0.6192254717 -0.1641788064 -0.4450367183
v 0.01989592715 0.4129270414 0.6614740748
v -0.6243056214 -0.1930223216 -0.4259546615
v 0.02497611292 0.4417705315 0.642392018
v -0.6285787069 -0.2210767215 -0.4055446063
v 0.02924918587 0.4698249189 0.6219819628
v -0.6320340416 -0.2482722673 -0.3838572011
v 0.03270450798 0.4970204647 0.6002945325
v -0.634663046 -0.274541365 -0.3609464559
v 0.03533353751 0.5232895875 0.5773838124
v -0.6364591979 -0.2998187159 -0.3368692655
v 0.03712969567 0.5485669133 0.553306597
v -0.6374180319 -0.3240414297 -0.3116855353
v 0.03808853285 0.5727896271 0.5281228918
v -0.6375371901 -0.3471493252 -0.2854578544
v 0.03820766275 0.5958975226 0.5018952109
v -0.6368163211 -0.3690849305 -0.2582514213
v 0.03748678434 0.617833153 0.4746887778
v -0.6352572311 -0.3897937088 -0.2301338927
v 0.03592769126 0.6385419313 0.4465712241
v -0.6328637835 -0.4092242342 -0.2011751829
v 0.03353428124 0.6579724316 0.4176125144
v -0.6296419987 -0.4273280655 -0.1714472637
v 0.03031245887 0.676076288 0.3878845951
v -0.625599804 -0.4440603743 -0.1410240254
v 0.02627028301 0.6928085968 0.3574613693
v -0.620747284 -0.4593794427 -0.1099811523
v 0.02141777548 0.7081276652 0.3264184962
v -0.6150965299 -0.4732471401 -0.07839582128
v 0.01576700417 0.7219953626 0.2948331652
v -0.6086615398 -0.485629149 -0.0463465105
v 0.009332029758 0.7343773715 0.262783845
v -0.6014583687 -0.4964945133 -0.0139129336
v 0.002128823531 0.7452427358 0.2303502838
v -0.5935048275 -0.5058163409 0.01882429113
v -0.005824685716 0.7545645634 0.1976130575
v -0.5848207843 -0.5135714023 0.0517837677
v -0.01450873047 0.7623196248 0.16465357
v -0.575427813 -0.5197404315 0.08488353571
v -0.02390170177 0.768488654 0.131553802
v -0.5653492435 -0.5243080759 0.1180413086
v -0.03398027441 0.7730562984 0.09839602904
v -0.5546101617 -0.5272630468 0.1511746918
v -0.04471937814 0.7760112692 0.06526264589
v -0.5432372089 -0.5285979188 0.1842012716
v -0.05609231213 0.7773461412 0.03223607859
v -0.531258682 -0.5283093805 0.2170389419
v -0.06807081398 0.777057603 -0.0006016010836
v -0.5187044332 -0.5263981846 0.2496060606
v -0.08062509413 0.7751464071 -0.03316871353
v -0.505605569 -0.5228690471 0.2818216754
v -0.09372394572 0.7716172696 -0.06538432515
v -0.4919947515 -0.5177307483 0.3136056869
v -0.1073347884 0.7664789708 -0.09716833664
v -0.4779057461 -0.5109961319 0.3448790745
v 0.4779057461 0.5109961319 -0.3448790745
v 0.135955942 -0.7514300777 0.1591267278
v 0.4633735728 0.5026818552 -0.3755640718
v 0.1508950967 -0.7415568114 0.1891470737
v 0.4484344056 0.4928085889 -0.4055844177
v 0.1662041056 -0.7301491898 0.218428125
v 0.4331254217 0.4814009673 -0.4348654815
v 0.1818449135 -0.71723551 0.2468970823
v 0.4174846013 0.4684872875 -0.4633344388
v 0.1977786622 -0.7028478316 0.2744831657
v 0.4015508525 0.4540996091 -0.4909205222
v 0.2139656909 -0.6870220276 0.3011177903
v 0.3853638113 0.4382738051 -0.5175551468
v 0.230365812 -0.6697973323 0.3267347294
v 0.3689637153 0.4210491098 -0.5431720858
v 0.2469381981 -0.6512166929 0.3512703147
v 0.3523913292 0.4024684704 -0.5677076712
v 0.2636416832 -0.6313262172 0.3746635123
v 0.3356878441 0.3825779947 -0.5911008437
v 0.280434725 -0.6101753748 0.3968562232
v 0.3188948023 0.3614271523 -0.6132935546
v 0.2972755555 -0.5878167456 0.4177932333
v 0.3020539467 0.3390685482 -0.6342305647
v 0.3141223565 -0.5643059702 0.4374224893
v 0.2852071708 0.3155577478 -0.6538598458
v 0.3309331842 -0.5397013986 0.4556952241
v 0.268396318 0.2909531761 -0.6721325305
v 0.3476662958 -0.5140642905 0.4725659069
v 0.2516632315 0.2653160931 -0.6890032634
v 0.3642800486 -0.4874583642 0.4879927444
v 0.2350494787 0.2387101417 -0.7044300507
v 0.3807331762 -0.4599496959 0.5019372549
v 0.2185963261 0.2112014483 -0.7183746114
v 0.3969847384 -0.4316067702 0.51436487
v 0.2023447764 0.1828585728 -0.7308021763
v 0.412994372 -0.4025000285 0.5252445834
v 0.1863351553 0.1537517935 -0.7416819399
v 0.4287222406 -0.3727017934 0.534549453
v 0.1706072992 0.1239535834 -0.7509868095
v 0.4441292603 -0.3422861937 0.5422562992
v 0.1552002796 0.09353796497 -0.7586936557
v 0.4591770997 -0.3113288135 0.5483459566
v 0.1401524276 0.062580591 -0.7647832629
v 0.4738283809 -0.2799066664 0.552803273
v 0.1255011715 0.0311584439 -0.7692405794
v 0.488046629 -0.2480977947 0.5556172109
v 0.1112828732 -0.0006504282797 -0.7720545172
v 0.5017965731 -0.2159813697 0.5567806959
v 0.09753296676 -0.03276685904 -0.7732180524
v 0.5150439459 -0.1836371771 0.5562909685
v 0.08428555009 -0.06511105167 -0.772728325
v 0.5277558848 -0.1511456423 0.5541491327
v 0.07157362374 -0.09760258019 -0.770586439
v 0.5399007815 -0.118587542 0.5503605065
v 0.05942876462 -0.1301606805 -0.766797863
v 0.5514483323 -0.08604384733 0.5449345724
v 0.04788117617 -0.1627043689 -0.7613719289
v 0.5623699393 -0.05359545405 0.5378847766
v 0.0369595661 -0.1951527684 -0.7543221331
v 0.5726384593 -0.02132300871 0.5292287293
v 0.02669106169 -0.2274252153 -0.7456660356
v 0.5822283049 0.01069323177 0.5189878539
v 0.01710122079 -0.2594414472 -0.7354251602
v -0.5412703222 -0.06601874807 -0.5325952096
v 0.04762242117 0.2709044334 0.7108674993
v -0.5495169673 -0.09760597933 -0.5191279839
v 0.05586906626 0.3024916709 0.6974002735
v -0.557011085 -0.1286958509 -0.5041485286
v 0.06336317764 0.3335815299 0.6824208183
v -0.5637340113 -0.1592110792 -0.4876940715
v 0.07008609765 0.3640967708 0.6659663611
v -0.569669039 -0.1890757921 -0.4698055526
v 0.0760211379 0.3939614586 0.648077792
v -0.5748014176 -0.2182157225 -0.4505273741
v 0.08115352904 0.4231014391 0.6287996637
v -0.5791184536 -0.2465584976 -0.4299075503
v 0.0854705337 0.4514441641 0.60817984
v -0.5826093099 -0.2740335507 -0.4079972567
v 0.08896139002 0.4789192172 0.5862695464
v -0.5852653068 -0.3005726482 -0.38485103
v 0.09161742455 0.5054583147 0.5631233196
v -0.5870799219 -0.3261097889 -0.360526367
v 0.09343204595 0.5309954805 0.5387986567
v -0.5880486398 -0.3505814553 -0.3350838253
v 0.09440073876 0.5554671469 0.513356115
v -0.5881690021 -0.3739268392 -0.3085865712
v 0.09452109473 0.5788125559 0.4868588608
v -0.5874407076 -0.3960879168 -0.2811005304
v 0.09379281284 0.6009736083 0.4593728201
v -0.5858655627 -0.4170095241 -0.2526939869
v 0.09221768045 0.6218952157 0.4309662765
v -0.5834475308 -0.4366397082 -0.2234376076
v 0.08979965487 0.6415253998 0.4017098973
v -0.5801926327 -0.4549297022 -0.193404192
v 0.08654474417 0.6598153436 0.3716764565
v -0.5761088957 -0.4718338997 -0.1626682828
v 0.08246101348 0.6767195913 0.3409405599
v -0.571206555 -0.4873104576 -0.1313063043
v 0.07755863514 0.6921961492 0.3095785939
v -0.565497702 -0.5013206932 -0.09939634265
v 0.07184978209 0.7062063848 0.277668626
v -0.5589965854 -0.5138299378 -0.06701763806
v 0.06534866551 0.7187156294 0.2452899277
v -0.5517193606 -0.5248070348 -0.03425070376
v 0.05807144073 0.7296926762 0.2125229746
v -0.5436840895 -0.5342245903 -0.00117701472
v 0.05003617274 0.7391102819 0.1794492959
v -0.5349107906 -0.5420593748 0.03212120703
v 0.04126288953 0.7469450664 0.1461510732
v -0.5254212887 -0.5482918211 0.06556118716
v 0.03177336566 0.7531775127 0.1127110899
v -0.5152391143 -0.5529064765 0.09905974604
v 0.02159121796 0.7577921179 0.07921253105
v -0.5043896545 -0.5558917512 0.1325336706
v 0.0107417307 0.7607774428 0.04573860967
v -0.4928998013 -0.5572403201 0.1658996629
v -0.0007481041319 0.7621260117 0.01237261419
v -0.4807982028 -0.5569488217 0.1990748517
v -0.01284971469 0.7618345133 -0.02080256837
v -0.4681148619 -0.5550180086 0.2319766793
v -0.02553302349 0.75990365 -0.05370440847
v -0.4548813867 -0.5514525969 0.2645234031
v -0.03876649239 0.7563382885 -0.08625113229
v -0.4411306399 -0.5462615173 0.2966340835
v -0.05251723611 0.7511472089 -0.1183618064
v -0.4268968385 -0.5394576638 0.3282288969
v 0.4268968385 0.5394576638 -0.3282288969
v 0.08143255346 -0.7359435859 0.1809569974
v 0.4122153539 0.5310578943 -0.3592292745
v 0.09652524026 -0.7259689222 0.2112859126
v 0.3971226608 0.5210832306 -0.3895581771
v 0.1119916007 -0.7144439989 0.240867882
v 0.3816562879 0.5095583073 -0.4191401716
v 0.1277931717 -0.7013975644 0.2696294415
v 0.3658547169 0.4965119229 -0.4479017311
v 0.1438906813 -0.6868620296 0.297499046
v 0.3497572073 0.481976338 -0.4757713356
v 0.1602440798 -0.6708736186 0.3244074333
v 0.3334038213 0.4659879271 -0.5026796978
v 0.1768127532 -0.6534719171 0.3502876741
v 0.3168351479 0.4485862255 -0.5285599387
v 0.1935554601 -0.6347002735 0.3750753981
v 0.3000924284 0.4298145819 -0.5533476877
v 0.2104306207 -0.6146053476 0.3987090693
v 0.2832172804 0.4097196811 -0.5769813339
v 0.2273962662 -0.5932371105 0.4211298363
v 0.2662516474 0.388351444 -0.599402126
v 0.2444101896 -0.5706487445 0.4422820836
v 0.249237699 0.3657630529 -0.6205543231
v 0.2614301335 -0.5468962412 0.4621130555
v 0.2322177801 0.3420105747 -0.6403853451
v 0.2784137531 -0.5220388035 0.4805735835
v 0.2152341354 0.317153137 -0.658845823
v 0.2953188287 -0.4961382431 0.4976177103
v 0.1983290724 0.2912525515 -0.6758899498
v 0.3121033664 -0.4692587799 0.5132030407
v 0.1815445347 0.2643730883 -0.6914753303
v 0.3287255982 -0.4414673933 0.5272908921
v 0.1649223029 0.2365817268 -0.7055631818
v 0.3451441825 -0.412833195 0.5398461945
v 0.1485037186 0.2079475034 -0.7181184842
v 0.3613183546 -0.3834272786 0.5508377912
v 0.132329559 0.1785415995 -0.7291100307
v 0.3772078769 -0.3533227945 0.5602382883
v 0.1164400242 0.1484371155 -0.7385105779
v 0.3927732389 -0.3225945742 0.5680243559
v 0.1008746685 0.1177088951 -0.7462966455
v 0.407975733 -0.2913190543 0.5741765775
v 0.08567216179 0.08643336268 -0.7524488671
v 0.4227775799 -0.2595739259 0.5786797008
v 0.07087031488 0.05468825318 -0.7569519905
v 0.4371419785 -0.2274381346 0.5815225377
v 0.05650589743 0.02255246496 -0.7597948273
v 0.4510332567 -0.1949916165 0.5826980639
v 0.04261464748 -0.009894070394 -0.7609703033
v 0.4644167959 -0.1623149978 0.5822032692
v 0.02923109578 -0.04257068754 -0.7604755087
v 0.4772593822 -0.1294895318 0.5800393577
v 0.0163885298 -0.07539615355 -0.7583116473
v 0.4895290564 -0.09659681039 0.5762118483
v 0.004118842746 -0.1082888687 -0.7544840878
v 0.5011953137 -0.06371863258 0.5707301232
v -0.007547431501 -0.1411670527 -0.7490024128
v 0.5122292053 -0.03093671886 0.5636079294
v -0.01858131047 -0.173948957 -0.7418801689
v 0.5226032367 0.001667407225 0.5548628271
v -0.0289553388 -0.20655309 -0.7331351167
v 0.5322916198 0.03401270423 0.5445166912
v -0.03864373758 -0.2388983864 -0.7227889808
v -0.4899891321 -0.08907964505 -0.5555653332
v 0.1025036541 0.2499032284 0.6954989614
v -0.4982861999 -0.1208599752 -0.5420158256
v 0.1108007093 0.2816835523 0.6819494036
v -0.5058261245 -0.1521398977 -0.5269447566
v 0.1183406213 0.3129634873 0.6668783346
v -0.5125901415 -0.1828416775 -0.5103897049
v 0.1251046509 0.3436652671 0.6503232829
v -0.5185614434 -0.2128889531 -0.4923918114
v 0.1310759779 0.3737125553 0.6323254396
v -0.5237252296 -0.2422070437 -0.4729957792
v 0.1362397264 0.4030306208 0.6129293573
v -0.5280686058 -0.2707230371 -0.4522499239
v 0.1405831278 0.4315466142 0.5921835019
v -0.5315807852 -0.2983660906 -0.4302056714
v 0.1440953197 0.4591896928 0.5701392494
v -0.5342530879 -0.3250674187 -0.406917935
v 0.1467675973 0.4858909959 0.5468514879
v -0.536078791 -0.3507606441 -0.3824446129
v 0.148593313 0.5115842463 0.522378216
v -0.5370534292 -0.3753819229 -0.3568465134
v 0.1495679261 0.5362055251 0.4967800914
v -0.5371744939 -0.3988700457 -0.3301872795
v 0.1496890158 0.5596936228 0.4701208826
v -0.5364417341 -0.4211666123 -0.3025331881
v 0.1489562686 0.5819901894 0.4424667662
v -0.5348570064 -0.4422161076 -0.2739530249
v 0.1473715408 0.6030396847 0.413886603
v -0.532424224 -0.4619663028 -0.2445178082
v 0.1449387208 0.6227898799 0.3844513862
v -0.5291494076 -0.4803680796 -0.2143007636
v 0.141663917 0.6411916568 0.3542343667
v -0.5250406851 -0.4973756814 -0.1833769232
v 0.1375552196 0.6581992585 0.3233105012
v -0.5201083416 -0.5129467629 -0.1518233133
v 0.1326228761 0.67377034 0.2917569039
v -0.5143646191 -0.527042692 -0.1197182397
v 0.126879116 0.6878662691 0.2596518177
v -0.5078237163 -0.5396283986 -0.08714157584
v 0.1203382508 0.7004519757 0.2270751664
v -0.5005020393 -0.5506725753 -0.05417435556
v 0.1130165361 0.7114961524 0.1941079399
v -0.4924176499 -0.5601477281 -0.02089847811
v 0.1049321593 0.7209713554 0.1608320561
v -0.4835907173 -0.5680304266 0.01260331529
v 0.09610523924 0.7288540539 0.1273302737
v -0.4740432167 -0.5743009535 0.04624770334
v 0.08655770732 0.7351245807 0.0936858841
v -0.4637987791 -0.5789438054 0.07995106681
v 0.07631330734 0.7397673825 0.05998251749
v -0.4528829921 -0.5819473426 0.1136295984
v 0.06539748898 0.7427709197 0.02630398281
v -0.4413228984 -0.5833041899 0.1471996145
v 0.05383742656 0.744127767 -0.007266030974
v -0.4291472964 -0.5830108853 0.1805775854
v 0.04166183719 0.7438345126 -0.04064399792
v -0.4163864651 -0.5810682316 0.2136805393
v 0.02890098389 0.7418918087 -0.07374696753
v -0.4030721129 -0.5774810956 0.2464262446
v 0.01558661916 0.7383046727 -0.1064926666
v -0.3892373031 -0.572258207 0.2787332223
v 0.001751811743 0.7330818342 -0.1387996317
v -0.3749164537 -0.565412761 0.3105211723
v 0.3749164537 0.565412761 -0.3105211723
v 0.02734026963 -0.717785293 0.2017774834
v 0.3601452116 0.5569617159 -0.3417110739
v 0.04252521931 -0.7077496204 0.2322918086
v 0.3449602525 0.5469260433 -0.3722253867
v 0.05808614108 -0.6961542558 0.2620546224
v 0.3293993558 0.5353306787 -0.4019882005
v 0.07398429915 -0.6830280982 0.2909920091
v 0.3135011789 0.5222045211 -0.4309255872
v 0.09018020828 -0.6684037091 0.3190319972
v 0.2973052823 0.507580132 -0.4589655752
v 0.1066335993 -0.6523174631 0.3461048478
v 0.2808518788 0.491493886 -0.4860384509
v 0.1233035445 -0.6348094474 0.3721433055
v 0.2641819336 0.4739858202 -0.5120768836
v 0.1401486145 -0.6159230106 0.3970825986
v 0.2473368635 0.4550994335 -0.5370162017
v 0.1571269284 -0.5957052641 0.4208607397
v 0.2303585622 0.434881687 -0.5607942926
v 0.1741962917 -0.5742063795 0.4434185761
v 0.2132891989 0.4133828024 -0.5833521542
v 0.1913142338 -0.5514798904 0.4647000661
v 0.1961712443 0.3906563133 -0.6046336943
v 0.2084382091 -0.52758224 0.4846523033
v 0.1790472815 0.3667586629 -0.6245858813
v 0.2255256593 -0.5025728318 0.5032256678
v 0.1619598188 0.3417492547 -0.6431592458
v 0.2425340888 -0.476513929 0.5203740015
v 0.1449513892 0.3156903268 -0.6603075795
v 0.2594212029 -0.4494702032 0.5360546082
v 0.1280642752 0.2886466261 -0.6759882364
v 0.2761450577 -0.4215088846 0.5502286047
v 0.1113404078 0.2606853075 -0.6901621827
v 0.2926640359 -0.3926996368 0.56286067
v 0.09482145473 0.2318760597 -0.7027942481
v 0.3089370717 -0.3631139546 0.5739194468
v 0.07854840639 0.202290365 -0.7138530248
v 0.3249237015 -0.3328254654 0.5833773906
v 0.06256177028 0.1720018632 -0.7233109686
v 0.3405842395 -0.3019093765 0.5912110713
v 0.04690123859 0.1410857744 -0.7311446493
v 0.355879677 -0.2704426267 0.5974008716
v 0.03160580112 0.109619037 -0.7373344496
v 0.3707720339 -0.2385034588 0.6019315393
v 0.01671345832 0.07767985658 -0.7418651173
v 0.3852242332 -0.2061712447 0.6047917858
v 0.002261250145 0.04534765187 -0.7447253638
v 0.3992004021 -0.1735263596 0.6059744364
v -0.01171492016 0.01270276999 -0.7459080144
v 0.4126657716 -0.1406499567 0.6054766314
v -0.02518029977 -0.02017363142 -0.7454102094
v 0.4255868518 -0.1076238284 0.6032995247
v -0.03810137371 -0.05319975501 -0.7432331027
v 0.437931583 -0.07453001826 0.5994485851
v -0.05044608295 -0.08629357139 -0.7393822133
v 0.4496691345 -0.04145085519 0.5939333953
v -0.06218366902 -0.1193727313 -0.7338669734
v 0.460770457 -0.008468541025 0.5867676022
v -0.07328499776 -0.1523550471 -0.7267012304
v 0.4712079559 0.02433490896 0.5779691171
v -0.08372245271 -0.1851585002 -0.7179026951
v 0.4809555417 0.05687794044 0.5675597144
v -0.09347008247 -0.2177015364 -0.7074932925
v -0.4373880212 -0.1115041687 -0.5760460304
v 0.1563056405 0.2281657768 0.6775539992
v -0.4457018966 -0.1433489132 -0.5624690286
v 0.1646195284 0.2600105213 0.6639769974
v -0.4532571236 -0.1746922403 -0.547367405
v 0.1721747177 0.2913538484 0.6488753738
v -0.4600348375 -0.2054562458 -0.5307788385
v 0.1789524567 0.3221178413 0.6322868073
v -0.466018281 -0.2355644425 -0.5127444701
v 0.1849358877 0.3522260381 0.6142524389
v -0.4711925029 -0.2649419366 -0.4933091032
v 0.1901101222 0.3816035573 0.5948171221
v -0.4755447094 -0.293515753 -0.4725212038
v 0.1944623161 0.4101773737 0.5740291726
v -0.4790640132 -0.3212148235 -0.4504322482
v 0.1979816199 0.4378764441 0.551940217
v -0.4817416843 -0.3479702619 -0.4270973252
v 0.2006593161 0.4646318826 0.528605294
v -0.4835711503 -0.3737155907 -0.4025744083
v 0.2024887444 0.4903772113 0.504082352
v -0.484547695 -0.3983867654 -0.3769244311
v 0.2034653268 0.515048361 0.4784323999
v -0.4846690607 -0.4219225012 -0.350211137
v 0.2035866674 0.5385841219 0.4517191058
v -0.4839347958 -0.4442642225 -0.3225010037
v 0.2028524276 0.5609258432 0.4240089976
v -0.482346857 -0.4653564141 -0.293862892
v 0.2012644763 0.5820180348 0.3953708608
v -0.4799091578 -0.4851466464 -0.2643680711
v 0.198826752 0.6018082671 0.3658760399
v -0.4766276686 -0.5035857009 -0.2340897165
v 0.1955453004 0.6202473216 0.3355977104
v -0.4725106677 -0.5206277707 -0.2031032492
v 0.1914282744 0.6372893412 0.3046112305
v -0.4675682899 -0.5362304605 -0.1714856577
v 0.1864859342 0.652892031 0.2729936139
v -0.4618129275 -0.5503549374 -0.1393154986
v 0.1807305342 0.6670165581 0.2408234799
v -0.4552587793 -0.5629661312 -0.1066728462
v 0.1741764111 0.6796277519 0.208180815
v -0.4479222514 -0.5740326846 -0.07363876568
v 0.1668398581 0.6906943053 0.1751467345
v -0.4398214559 -0.5835271034 -0.04029544788
v 0.1587390876 0.7001886739 0.1418034198
v -0.4309766621 -0.5914257566 -0.006725757077
v 0.1498942688 0.7080873271 0.1082337298
v -0.4214097952 -0.5977089769 0.02698681842
v 0.1403273894 0.7143705975 0.07452115666
v -0.4111446115 -0.6023612109 0.06075848772
v 0.1300622182 0.7190227814 0.04074948422
v -0.4002066737 -0.605370819 0.09450529687
v 0.1191242804 0.7220324396 0.007002672712
v -0.3886231747 -0.6067304257 0.1281433335
v 0.1075407814 0.7233919962 -0.0266353584
v -0.3764229133 -0.6064365692 0.1615889611
v 0.09534052005 0.7230981899 -0.06008099227
v -0.3636361933 -0.6044900021 0.1947590449
v 0.08255381257 0.7211515726 -0.09325107612
v -0.3502948487 -0.600895541 0.2275711151
v 0.06921245539 0.7175571616 -0.1260631337
v -0.3364319929 -0.5956621163 0.259943567
v 0.05534961211 0.7123237369 -0.1584355982
v -0.3220821441 -0.5888027728 0.2917959376
v 0.3220821441 0.5888027728 -0.2917959376
v -0.02619856079 -0.6969961895 0.221541087
v 0.3072809494 0.5803345688 -0.3230490558
v -0.01098282756 -0.6869401471 0.2521172365
v 0.2920652099 0.5702785767 -0.3536252053
v 0.004609622122 -0.6753213021 0.281940407
v 0.2764727551 0.5586597316 -0.3834483758
v 0.02054001913 -0.6621685033 0.3109364446
v 0.2605423679 0.5455069328 -0.4124444134
v 0.03676876259 -0.6475144626 0.3390332272
v 0.2443136338 0.5308528921 -0.4405412211
v 0.05325549593 -0.6313956551 0.3661609658
v 0.2278268911 0.5147340344 -0.4676689346
v 0.06995923188 -0.6138521178 0.3922522043
v 0.2111231551 0.4971904971 -0.4937601982
v 0.08683844385 -0.59492745 0.4172420706
v 0.1942439432 0.4782658294 -0.5187500394
v 0.1038511694 -0.574668713 0.4410683766
v 0.1772312114 0.4580070924 -0.5425763454
v 0.1209551135 -0.5531262794 0.4636719447
v 0.1601272672 0.4364647089 -0.5651799135
v 0.1381077495 -0.5303537325 0.4849965825
v 0.1429746313 0.4136921369 -0.5865045513
v 0.1552664562 -0.5064076161 0.5049893083
v 0.1258159371 0.3897460205 -0.6064972771
v 0.172388525 -0.4813475845 0.5236003017
v 0.1086938557 0.3646859638 -0.6251082705
v 0.1894314351 -0.4552358006 0.5407833543
v 0.09165094561 0.3385741799 -0.6422913232
v 0.2063527915 -0.4281372369 0.55649577
v 0.07472959557 0.3114756163 -0.6580037388
v 0.2231105123 -0.4001192994 0.5706984648
v 0.05797186217 0.2834577038 -0.6722064336
v 0.2396629802 -0.3712516014 0.5833561679
v 0.04141939118 0.2545900058 -0.6848641367
v 0.2559690039 -0.3416059639 0.5944373213
v 0.02511338621 0.2249443683 -0.6959452901
v 0.2719880699 -0.3112560643 0.6039144308
v 0.009094326553 0.1945944562 -0.7054223996
v 0.2876803164 -0.2802773359 0.6117639657
v -0.006597930203 0.1636157404 -0.7132719346
v 0.3030067601 -0.2487467926 0.6179663592
v -0.02192438564 0.132085197 -0.719474328
v 0.3179292954 -0.216742903 0.6225062585
v -0.03684690837 0.1000813012 -0.7240142273
v 0.3324107951 -0.1843451519 0.6253722246
v -0.05132841435 0.06768354381 -0.7268801934
v 0.346415286 -0.1516341028 0.6265572834
v -0.06533290528 0.03497249468 -0.7280652522
v 0.359907974 -0.1186910716 0.626058475
v -0.07882558073 0.002029461729 -0.7275664438
v 0.3728552439 -0.08559798899 0.6238769532
v -0.09177285691 -0.03106361599 -0.725384922
v 0.3852249607 -0.05243711481 0.620018237
v -0.1041425674 -0.06422449017 -0.7215262058
v 0.3969863439 -0.01929089395 0.6144918087
v -0.1159039506 -0.09737071103 -0.7159998277
v 0.4081101434 0.01375826322 0.6073115159
v -0.1270277626 -0.1304198682 -0.7088194847
v 0.4185687646 0.04662820657 0.5984952198
v -0.1374863838 -0.1632898116 -0.7000031886
v 0.4283361683 0.07923719051 0.5880646948
v -0.1472537625 -0.1958987986 -0.6895726636
v -0.4155248139 -0.1205783732 -0.5839415228
v 0.1781688604 0.2190915723 0.6696584567
v -0.4238387143 -0.1524231177 -0.570364521
v 0.1864827483 0.2509363168 0.6560814549
v -0.4313938911 -0.1837664448 -0.5552629475
v 0.1940379376 0.2822796439 0.6409798814
v -0.4381716051 -0.2145304503 -0.5386743309
v 0.2008156766 0.3130436368 0.6243913149
v -0.4441550486 -0.244638647 -0.5206399624
v 0.2067991076 0.3431518336 0.6063568963
v -0.4493292705 -0.2740161411 -0.5012046457
v 0.2119733421 0.3725293527 0.5869215796
v -0.453681477 -0.3025899576 -0.4804166962
v 0.2163255485 0.4011031692 0.56613363
v -0.4572007807 -0.330289028 -0.4583277406
v 0.2198448272 0.4288022145 0.5440447247
v -0.459878502 -0.3570444664 -0.4349928678
v 0.2225225485 0.455557653 0.5207098016
v -0.4617079179 -0.3827897952 -0.4104699257
v 0.2243519643 0.4813029817 0.4961868596
v -0.4626845127 -0.4074609699 -0.3848199485
v 0.2253285341 0.5059741816 0.4705368573
v -0.4628058282 -0.4309966807 -0.3581066544
v 0.2254498747 0.5295098923 0.4438236134
v -0.4620716135 -0.4533384019 -0.3303965211
v 0.22471566 0.5518516136 0.416113455
v -0.4604836246 -0.4744305935 -0.3017584095
v 0.2231276962 0.5729438052 0.3874753434
v -0.4580459254 -0.494220876 -0.2722635885
v 0.2206899719 0.5927340375 0.3579805224
v -0.4547644362 -0.5126599305 -0.241985234
v 0.2174085077 0.6111731422 0.3277021679
v -0.4506474353 -0.5297019501 -0.2109987792
v 0.2132914818 0.6282151617 0.296715713
v -0.4457051076 -0.5453046399 -0.1793811751
v 0.2083491541 0.6438178516 0.2650980965
v -0.4399496951 -0.5594291168 -0.147211016
v 0.2025937541 0.6579423285 0.2329279625
v -0.433395597 -0.5720403608 -0.1145683637
v 0.196039631 0.6705535223 0.2002852976
v -0.426059019 -0.5831069142 -0.08153428314
v 0.188703078 0.6816201259 0.167251217
v -0.4179582485 -0.5926012828 -0.04819096847
v 0.1806023075 0.6911144944 0.1339079024
v -0.4091134297 -0.600499936 -0.01462127532
v 0.1717574887 0.6990131476 0.1003382123
v -0.3995465628 -0.6067832065 0.01909129939
v 0.1621906092 0.7052963679 0.0666256392
v -0.3892813791 -0.6114353904 0.05286297026
v 0.1519254381 0.709948602 0.03285396676
v -0.3783434412 -0.6144450486 0.08660977942
v 0.1409875003 0.7129582602 -0.0008928458252
v -0.3667599423 -0.6158046051 0.120247816
v 0.1294040013 0.7143178167 -0.03453087586
v -0.3545596809 -0.6155107486 0.1536934436
v 0.1172037399 0.7140239603 -0.06797650973
v -0.341772986 -0.6135641816 0.1868635275
v 0.1044170325 0.7120773932 -0.1011465936
v -0.3284316163 -0.6099697204 0.2196755976
v 0.09107567529 0.708482932 -0.1339586512
v -0.3145687855 -0.6047362957 0.2520480495
v 0.07721282573 0.7032495073 -0.1663311156
v -0.3002189116 -0.5978769522 0.2839004202
v 0.3002189116 0.5978769522 -0.2839004202
v -0.04806177912 -0.6879219599 0.2294366044
v 0.285417717 0.5894087984 -0.3151535383
v -0.03284604588 -0.6778659677 0.260012754
v 0.2702020025 0.5793527561 -0.3457296878
v -0.01725359738 -0.6662471227 0.2898359245
v 0.2546095478 0.5677339111 -0.3755528584
v -0.001323199687 -0.6530943239 0.3188319621
v 0.2386791355 0.5545811122 -0.4045488959
v 0.0149055427 -0.6384402832 0.3469287697
v 0.2224504014 0.5399270715 -0.4326456785
v 0.0313922729 -0.6223214255 0.3740564832
v 0.2059636712 0.523808264 -0.4597734422
v 0.04809601513 -0.6047778882 0.4001477218
v 0.1892599353 0.5062646765 -0.4858646556
v 0.06497522396 -0.5858532706 0.4251375629
v 0.1723807233 0.487340059 -0.5108544968
v 0.08198794947 -0.5655945336 0.448963869
v 0.1553679915 0.467081322 -0.5346808029
v 0.09909189365 -0.5440520999 0.4715674873
v 0.1382640473 0.4455388883 -0.5572844212
v 0.1162445296 -0.5212795531 0.492892125
v 0.1211114114 0.4227663414 -0.5786090589
v 0.1334032364 -0.4973334367 0.5128848007
v 0.1039527109 0.398820225 -0.5986017346
v 0.1505253051 -0.4722733549 0.5314957941
v 0.08683064213 0.3737601683 -0.617212728
v 0.1675682153 -0.446161571 0.5486788969
v 0.06978772572 0.3476483844 -0.6343958308
v 0.1844895716 -0.4190630324 0.5643913125
v 0.05286637567 0.3205498208 -0.6501082464
v 0.201247305 -0.3910450949 0.5785940073
v 0.03610863914 0.2925319083 -0.6643109412
v 0.2177997728 -0.362177422 0.5912516603
v 0.01955617285 0.2636642103 -0.6769685942
v 0.2341057715 -0.3325317845 0.6023328137
v 0.003250166911 0.2340185729 -0.6880497476
v 0.2501248374 -0.3021818598 0.6118099733
v -0.01276889334 0.2036686607 -0.6975269072
v 0.265817084 -0.2712031565 0.6196595083
v -0.02846114931 0.1726899449 -0.7053764422
v 0.2811435528 -0.2396726132 0.6258619017
v -0.04378760553 0.1411594015 -0.7115788356
v 0.296066063 -0.2076686985 0.6304017509
v -0.05871012826 0.1091554994 -0.7161186848
v 0.3105475878 -0.1752709474 0.6332677671
v -0.07319163424 0.07675774205 -0.718984701
v 0.3245520787 -0.1425598983 0.634452826
v -0.08719612517 0.04404669605 -0.7201697599
v 0.3380447416 -0.1096168671 0.6339540176
v -0.1006888006 0.0111036633 -0.7196709514
v 0.3509920115 -0.07652378448 0.6317724958
v -0.1136360705 -0.02198941305 -0.7174894296
v 0.3633617283 -0.04336291344 0.6279137293
v -0.1260057873 -0.05515028566 -0.7136306632
v 0.3751231115 -0.01021669179 0.6223873513
v -0.1377671705 -0.08829650652 -0.7081042851
v 0.386246936 0.02283246459 0.6152070585
v -0.1488909825 -0.1213456637 -0.7009239924
v 0.3967055572 0.05570240795 0.6063907121
v -0.1593496037 -0.154215607 -0.692107646
v 0.4064729359 0.08831139502 0.5959602374
v -0.1691169823 -0.1868245941 -0.6816771712
v -0.2485790681 -0.1422195325 -0.5248812891
v 0.2485790681 0.1422195325 0.5248812891
v -0.2555410883 -0.1688862671 -0.5135119487
v 0.2555410883 0.1688862671 0.5135119487
v -0.2618678076 -0.1951331262 -0.5008659356
v 0.2618678076 0.1951331262 0.5008659356
v -0.267543472 -0.2208948486 -0.4869746574
v 0.267543472 0.2208948486 0.4869746574
v -0.2725539832 -0.2461073775 -0.4718726826
v 0.2725539832 0.2461073775 0.4718726826
v -0.2768868735 -0.2707080608 -0.4555975396
v 0.2768868735 0.2707080608 0.4555975396
v -0.2805313811 -0.294635714 -0.4381897673
v 0.2805313811 0.294635714 0.4381897673
v -0.2834784499 -0.3178308833 -0.4196925385
v 0.2834784499 0.3178308833 0.4196925385
v -0.2857207549 -0.3402358462 -0.4001519111
v 0.2857207549 0.3402358462 0.4001519111
v -0.2872527019 -0.361794962 -0.3796164764
v 0.2872527019 0.361794962 0.3796164764
v -0.2880705029 -0.3824545469 -0.358137184
v 0.2880705029 0.3824545469 0.358137184
v -0.2881721008 -0.4021633253 -0.3357675421
v 0.2881721008 0.4021633253 0.3357675421
v -0.2875572449 -0.4208722541 -0.3125630909
v 0.2875572449 0.4208722541 0.3125630909
v -0.2862275155 -0.4385348492 -0.2885816285
v 0.2862275155 0.4385348492 0.2885816285
v -0.2841861739 -0.45510716 -0.2638826836
v 0.2841861739 0.45510716 0.2638826836
v -0.2814382622 -0.4705479453 -0.2385276667
v 0.2814382622 0.4705479453 0.2385276667
v -0.2779906791 -0.4848189741 -0.2125796437
v 0.2779906791 0.4848189741 0.2125796437
v -0.2738519788 -0.4978846245 -0.1861031105
v 0.2738519788 0.4978846245 0.1861031105
v -0.2690324217 -0.5097123851 -0.1591638926
v 0.2690324217 0.5097123851 0.1591638926
v -0.2635439986 -0.5202730056 -0.1318289694
v 0.2635439986 0.5202730056 0.1318289694
v -0.2574003815 -0.5295401459 -0.104166305
v 0.2574003815 0.5295401459 0.104166305
v -0.2506168225 -0.537490727 -0.07624465972
v 0.2506168225 0.537490727 0.07624465972
v -0.2432101795 -0.5441050814 -0.04813345586
v 0.2432101795 0.5441050814 0.04813345586
v -0.2351988905 -0.5493666525 -0.01990258119
v 0.2351988905 0.5493666525 0.01990258119
v -0.2266028487 -0.5532624457 0.008377764487
v 0.2266028487 0.5532624457 -0.008377764487
v -0.2174434524 -0.5557826776 0.03663728101
v 0.2174434524 0.5557826776 -0.03663728101
v -0.2077434545 -0.5569212272 0.0648057184
v 0.2077434545 0.5569212272 -0.0648057184
v -0.1975269626 -0.5566751343 0.09281304459
v 0.1975269626 0.5566751343 -0.09281304459
v -0.1868193888 -0.5550450512 0.1205896117
v 0.1868193888 0.5550450512 -0.1205896117
v -0.1756473491 -0.5520350418 0.1480663581
v 0.1756473491 0.5520350418 -0.1480663581
v -0.1640386388 -0.5476526319 0.1751750189
v 0.1640386388 0.5476526319 -0.1751750189
v -0.1520220942 -0.5419086084 0.2018481504
v 0.1520220942 0.5419086084 -0.2018481504
v -0.1396275925 -0.5348173706 0.2280194506
v 0.1396275925 0.5348173706 -0.2280194506
v -0.1268859644 -0.5263964286 0.2536238718
v 0.1268859644 0.5263964286 -0.2536238718
v -0.1138288809 -0.5166668544 0.2785977332
v 0.1138288809 0.5166668544 -0.2785977332
v -0.1004887968 -0.5056527306 0.3028789724
v 0.1004887968 0.5056527306 -0.3028789724
v -0.08689886956 -0.4933815011 0.3264072076
v 0.08689886956 0.4933815011 -0.3264072076
v -0.07309290233 -0.4798835702 0.3491239132
v 0.07309290233 0.4798835702 -0.3491239132
v -0.05910522523 -0.4651926532 0.3709726711
v 0.05910522523 0.4651926532 -0.3709726711
v -0.04497059795 -0.449345175 0.39189912
v 0.04497059795 0.449345175 -0.39189912
v -0.03072416272 -0.4323805204 0.4118512568
v 0.03072416272 0.4323805204 -0.4118512568
v -0.0164013393 -0.414340909 0.4307794366
v 0.0164013393 0.414340909 -0.4307794366
v -0.002037745962 -0.3952711945 0.4486366482
v 0.002037745962 0.3952711945 -0.4486366482
v 0.01233090963 -0.3752187892 0.4653784897
v -0.01233090963 0.3752187892 -0.4653784897
v 0.02666891709 -0.3542334887 0.4809633184
v -0.02666891709 0.3542334887 -0.4809633184
v 0.04094061071 -0.3323675721 0.4953524015
v -0.04094061071 0.3323675721 -0.4953524015
v 0.05511052447 -0.3096753001 0.5085099667
v -0.05511052447 0.3096753001 -0.5085099667
v 0.06914342521 -0.2862131162 0.5204032517
v -0.06914342521 0.2862131162 -0.5204032517
v 0.08300443095 -0.2620393702 0.5310028056
v -0.08300443095 0.2620393702 -0.5310028056
v 0.0966590611 -0.2372141679 0.5402821377
v -0.0966590611 0.2372141679 -0.5402821377
v 0.1100733807 -0.2117992207 0.5482182692
v -0.1100733807 0.2117992207 -0.5482182692
v 0.123214063 -0.1858576699 0.5547914827
v -0.123214063 0.1858576699 -0.5547914827
v 0.1360483961 -0.159454074 0.5599853218
v -0.1360483961 0.159454074 -0.5599853218
v 0.1485445083 -0.1326540328 0.5637870429
v -0.1485445083 0.1326540328 -0.5637870429
v 0.160671293 -0.1055241996 0.5661870129
v -0.160671293 0.1055241996 -0.5661870129
v 0.1723986346 -0.07813202402 0.5671793617
v -0.1723986346 0.07813202402 -0.5671793617
v 0.1836973708 -0.05054558625 0.566761631
v -0.1836973708 0.05054558625 -0.566761631
v 0.1945394051 -0.02283349939 0.5649348743
v -0.1945394051 0.02283349939 -0.5649348743
v 0.204897783 0.004935370636 0.5617035569
v -0.204897783 -0.004935370636 -0.5617035569
v 0.2147467662 0.03269196189 0.5570758066
v -0.2147467662 -0.03269196189 -0.5570758066
v 0.2240618206 0.06036727279 0.5510630126
v -0.2240618206 -0.06036727279 -0.5510630126
v 0.2328198422 0.08789250405 0.5436802263
v -0.2328198422 -0.08789250405 -0.5436802263
v 0.2409990312 0.1151992119 0.5349457102
v -0.2409990312 -0.1151992119 -0.5349457102
v -0.1781688604 -0.2190915723 -0.6696584567
v 0.4155248139 0.1205783732 0.5839415228
v -0.1864827483 -0.2509363168 -0.6560814549
v 0.4238387143 0.1524231177 0.570364521
v -0.1940379376 -0.2822796439 -0.6409798814
v 0.4313938911 0.1837664448 0.5552629475
v -0.2008156766 -0.3130436368 -0.6243913149
v 0.4381716051 0.2145304503 0.5386743309
v -0.2067991076 -0.3431518336 -0.6063568963
v 0.4441550486 0.244638647 0.5206399624
v -0.2119733421 -0.3725293527 -0.5869215796
v 0.4493292705 0.2740161411 0.5012046457
v -0.2163255485 -0.4011031692 -0.56613363
v 0.453681477 0.3025899576 0.4804166962
v -0.2198448272 -0.4288022145 -0.5440447247
v 0.4572007807 0.330289028 0.4583277406
v -0.2225225485 -0.455557653 -0.5207098016
v 0.459878502 0.3570444664 0.4349928678
v -0.2243519643 -0.4813029817 -0.4961868596
v 0.4617079179 0.3827897952 0.4104699257
v -0.2253285341 -0.5059741816 -0.4705368573
v 0.4626845127 0.4074609699 0.3848199485
v -0.2254498747 -0.5295098923 -0.4438236134
v 0.4628058282 0.4309966807 0.3581066544
v -0.22471566 -0.5518516136 -0.416113455
v 0.4620716135 0.4533384019 0.3303965211
v -0.2231276962 -0.5729438052 -0.3874753434
v 0.4604836246 0.4744305935 0.3017584095
v -0.2206899719 -0.5927340375 -0.3579805224
v 0.4580459254 0.494220876 0.2722635885
v -0.2174085077 -0.6111731422 -0.3277021679
v 0.4547644362 0.5126599305 0.241985234
v -0.2132914818 -0.6282151617 -0.296715713
v 0.4506474353 0.5297019501 0.2109987792
v -0.2083491541 -0.6438178516 -0.2650980965
v 0.4457051076 0.5453046399 0.1793811751
v -0.2025937541 -0.6579423285 -0.2329279625
v 0.4399496951 0.5594291168 0.147211016
v -0.196039631 -0.6705535223 -0.2002852976
v 0.433395597 0.5720403608 0.1145683637
v -0.188703078 -0.6816201259 -0.167251217
v 0.426059019 0.5831069142 0.08153428314
v -0.1806023075 -0.6911144944 -0.1339079024
v 0.4179582485 0.5926012828 0.04819096847
v -0.1717574887 -0.6990131476 -0.1003382123
v 0.4091134297 0.600499936 0.01462127532
v -0.1621906092 -0.7052963679 -0.0666256392
v 0.3995465628 0.6067832065 -0.01909129939
v -0.1519254381 -0.709948602 -0.03285396676
v 0.3892813791 0.6114353904 -0.05286297026
v -0.1409875003 -0.7129582602 0.0008928458252
v 0.3783434412 0.6144450486 -0.08660977942
v -0.1294040013 -0.7143178167 0.03453087586
v 0.3667599423 0.6158046051 -0.120247816
v -0.1172037399 -0.7140239603 0.06797650973
v 0.3545596809 0.6155107486 -0.1536934436
v -0.1044170325 -0.7120773932 0.1011465936
v 0.341772986 0.6135641816 -0.1868635275
v -0.09107567529 -0.708482932 0.1339586512
v 0.3284316163 0.6099697204 -0.2196755976
v -0.07721282573 -0.7032495073 0.1663311156
v 0.3145687855 0.6047362957 -0.2520480495
v -0.06286297066 -0.6963901638 0.1981834863
v 0.06286297066 0.6963901638 -0.1981834863
v -0.285417717 -0.5894087984 0.3151535383
v 0.04806177912 0.6879219599 -0.2294366044
v -0.2702020025 -0.5793527561 0.3457296878
v 0.03284604588 0.6778659677 -0.260012754
v -0.2546095478 -0.5677339111 0.3755528584
v 0.01725359738 0.6662471227 -0.2898359245
v -0.2386791355 -0.5545811122 0.4045488959
v 0.001323199687 0.6530943239 -0.3188319621
v -0.2224504014 -0.5399270715 0.4326456785
v -0.0149055427 0.6384402832 -0.3469287697
v -0.2059636712 -0.523808264 0.4597734422
v -0.0313922729 0.6223214255 -0.3740564832
v -0.1892599353 -0.5062646765 0.4858646556
v -0.04809601513 0.6047778882 -0.4001477218
v -0.1723807233 -0.487340059 0.5108544968
v -0.06497522396 0.5858532706 -0.4251375629
v -0.1553679915 -0.467081322 0.5346808029
v -0.08198794947 0.5655945336 -0.448963869
v -0.1382640473 -0.4455388883 0.5572844212
v -0.09909189365 0.5440520999 -0.4715674873
v -0.1211114114 -0.4227663414 0.5786090589
v -0.1162445296 0.5212795531 -0.492892125
v -0.1039527109 -0.398820225 0.5986017346
v -0.1334032364 0.4973334367 -0.5128848007
v -0.08683064213 -0.3737601683 0.617212728
v -0.1505253051 0.4722733549 -0.5314957941
v -0.06978772572 -0.3476483844 0.6343958308
v -0.1675682153 0.446161571 -0.5486788969
v -0.05286637567 -0.3205498208 0.6501082464
v -0.1844895716 0.4190630324 -0.5643913125
v -0.03610863914 -0.2925319083 0.6643109412
v -0.201247305 0.3910450949 -0.5785940073
v -0.01955617285 -0.2636642103 0.6769685942
v -0.2177997728 0.362177422 -0.5912516603
v -0.003250166911 -0.2340185729 0.6880497476
v -0.2341057715 0.3325317845 -0.6023328137
v 0.01276889334 -0.2036686607 0.6975269072
v -0.2501248374 0.3021818598 -0.6118099733
v 0.02846114931 -0.1726899449 0.7053764422
v -0.265817084 0.2712031565 -0.6196595083
v 0.04378760553 -0.1411594015 0.7115788356
v -0.2811435528 0.2396726132 -0.6258619017
v 0.05871012826 -0.1091554994 0.7161186848
v -0.296066063 0.2076686985 -0.6304017509
v 0.07319163424 -0.07675774205 0.718984701
v -0.3105475878 0.1752709474 -0.6332677671
v 0.08719612517 -0.04404669605 0.7201697599
v -0.3245520787 0.1425598983 -0.634452826
v 0.1006888006 -0.0111036633 0.7196709514
v -0.3380447416 0.1096168671 -0.6339540176
v 0.1136360705 0.02198941305 0.7174894296
v -0.3509920115 0.07652378448 -0.6317724958
v 0.1260057873 0.05515028566 0.7136306632
v -0.3633617283 0.04336291344 -0.6279137293
v 0.1377671705 0.08829650652 0.7081042851
v -0.3751231115 0.01021669179 -0.6223873513
v 0.1488909825 0.1213456637 0.7009239924
v -0.386246936 -0.02283246459 -0.6152070585
v 0.1593496037 0.154215607 0.692107646
v -0.3967055572 -0.05570240795 -0.6063907121
v 0.1691169823 0.1868245941 0.6816771712
v -0.4064729359 -0.08831139502 -0.5959602374
v -0.1563056405 -0.2281657768 -0.6775539992
v 0.4373880212 0.1115041687 0.5760460304
v -0.1646195284 -0.2600105213 -0.6639769974
v 0.4457018966 0.1433489132 0.5624690286
v -0.1721747177 -0.2913538484 -0.6488753738
v 0.4532571236 0.1746922403 0.547367405
v -0.1789524567 -0.3221178413 -0.6322868073
v 0.4600348375 0.2054562458 0.5307788385
v -0.1849358877 -0.3522260381 -0.6142524389
v 0.466018281 0.2355644425 0.5127444701
v -0.1901101222 -0.3816035573 -0.5948171221
v 0.4711925029 0.2649419366 0.4933091032
v -0.1944623161 -0.4101773737 -0.5740291726
v 0.4755447094 0.293515753 0.4725212038
v -0.1979816199 -0.4378764441 -0.551940217
v 0.4790640132 0.3212148235 0.4504322482
v -0.2006593161 -0.4646318826 -0.528605294
v 0.4817416843 0.3479702619 0.4270973252
v -0.2024887444 -0.4903772113 -0.504082352
v 0.4835711503 0.3737155907 0.4025744083
v -0.2034653268 -0.515048361 -0.4784323999
v 0.484547695 0.3983867654 0.3769244311
v -0.2035866674 -0.5385841219 -0.4517191058
v 0.4846690607 0.4219225012 0.350211137
v -0.2028524276 -0.5609258432 -0.4240089976
v 0.4839347958 0.4442642225 0.3225010037
v -0.2012644763 -0.5820180348 -0.3953708608
v 0.482346857 0.4653564141 0.293862892
v -0.198826752 -0.6018082671 -0.3658760399
v 0.4799091578 0.4851466464 0.2643680711
v -0.1955453004 -0.6202473216 -0.3355977104
v 0.4766276686 0.5035857009 0.2340897165
v -0.1914282744 -0.6372893412 -0.3046112305
v 0.4725106677 0.5206277707 0.2031032492
v -0.1864859342 -0.652892031 -0.2729936139
v 0.4675682899 0.5362304605 0.1714856577
v -0.1807305342 -0.6670165581 -0.2408234799
v 0.4618129275 0.5503549374 0.1393154986
v -0.1741764111 -0.6796277519 -0.208180815
v 0.4552587793 0.5629661312 0.1066728462
v -0.1668398581 -0.6906943053 -0.1751467345
v 0.4479222514 0.5740326846 0.07363876568
v -0.1587390876 -0.7001886739 -0.1418034198
v 0.4398214559 0.5835271034 0.04029544788
v -0.1498942688 -0.7080873271 -0.1082337298
v 0.4309766621 0.5914257566 0.006725757077
v -0.1403273894 -0.7143705975 -0.07452115666
v 0.4214097952 0.5977089769 -0.02698681842
v -0.1300622182 -0.7190227814 -0.04074948422
v 0.4111446115 0.6023612109 -0.06075848772
v -0.1191242804 -0.7220324396 -0.007002672712
v 0.4002066737 0.605370819 -0.09450529687
v -0.1075407814 -0.7233919962 0.0266353584
v 0.3886231747 0.6067304257 -0.1281433335
v -0.09534052005 -0.7230981899 0.06008099227
v 0.3764229133 0.6064365692 -0.1615889611
v -0.08255381257 -0.7211515726 0.09325107612
v 0.3636361933 0.6044900021 -0.1947590449
v -0.06921245539 -0.7175571616 0.1260631337
v 0.3502948487 0.600895541 -0.2275711151
v -0.05534961211 -0.7123237369 0.1584355982
v 0.3364319929 0.5956621163 -0.259943567
v -0.04099975077 -0.7054643934 0.1902879688
v 0.04099975077 0.7054643934 -0.1902879688
v -0.3072809494 -0.5803345688 0.3230490558
v 0.02619856079 0.6969961895 -0.221541087
v -0.2920652099 -0.5702785767 0.3536252053
v 0.01098282756 0.6869401471 -0.2521172365
v -0.2764727551 -0.5586597316 0.3834483758
v -0.004609622122 0.6753213021 -0.281940407
v -0.2605423679 -0.5455069328 0.4124444134
v -0.02054001913 0.6621685033 -0.3109364446
v -0.2443136338 -0.5308528921 0.4405412211
v -0.03676876259 0.6475144626 -0.3390332272
v -0.2278268911 -0.5147340344 0.4676689346
v -0.05325549593 0.6313956551 -0.3661609658
v -0.2111231551 -0.4971904971 0.4937601982
v -0.06995923188 0.6138521178 -0.3922522043
v -0.1942439432 -0.4782658294 0.5187500394
v -0.08683844385 0.59492745 -0.4172420706
v -0.1772312114 -0.4580070924 0.5425763454
v -0.1038511694 0.574668713 -0.4410683766
v -0.1601272672 -0.4364647089 0.5651799135
v -0.1209551135 0.5531262794 -0.4636719447
v -0.1429746313 -0.4136921369 0.5865045513
v -0.1381077495 0.5303537325 -0.4849965825
v -0.1258159371 -0.3897460205 0.6064972771
v -0.1552664562 0.5064076161 -0.5049893083
v -0.1086938557 -0.3646859638 0.6251082705
v -0.172388525 0.4813475845 -0.5236003017
v -0.09165094561 -0.3385741799 0.6422913232
v -0.1894314351 0.4552358006 -0.5407833543
v -0.07472959557 -0.3114756163 0.6580037388
v -0.2063527915 0.4281372369 -0.55649577
v -0.05797186217 -0.2834577038 0.6722064336
v -0.2231105123 0.4001192994 -0.5706984648
v -0.04141939118 -0.2545900058 0.6848641367
v -0.2396629802 0.3712516014 -0.5833561679
v -0.02511338621 -0.2249443683 0.6959452901
v -0.2559690039 0.3416059639 -0.5944373213
v -0.009094326553 -0.1945944562 0.7054223996
v -0.2719880699 0.3112560643 -0.6039144308
v 0.006597930203 -0.1636157404 0.7132719346
v -0.2876803164 0.2802773359 -0.6117639657
v 0.02192438564 -0.132085197 0.719474328
v -0.3030067601 0.2487467926 -0.6179663592
v 0.03684690837 -0.1000813012 0.7240142273
v -0.3179292954 0.216742903 -0.6225062585
v 0.05132841435 -0.06768354381 0.7268801934
v -0.3324107951 0.1843451519 -0.6253722246
v 0.06533290528 -0.03497249468 0.7280652522
v -0.346415286 0.1516341028 -0.6265572834
v 0.07882558073 -0.002029461729 0.7275664438
v -0.359907974 0.1186910716 -0.626058475
v 0.09177285691 0.03106361599 0.725384922
v -0.3728552439 0.08559798899 -0.6238769532
v 0.1041425674 0.06422449017 0.7215262058
v -0.3852249607 0.05243711481 -0.620018237
v 0.1159039506 0.09737071103 0.7159998277
v -0.3969863439 0.01929089395 -0.6144918087
v 0.1270277626 0.1304198682 0.7088194847
v -0.4081101434 -0.01375826322 -0.6073115159
v 0.1374863838 0.1632898116 0.7000031886
v -0.4185687646 -0.04662820657 -0.5984952198
v 0.1472537625 0.1958987986 0.6895726636
v -0.4283361683 -0.07923719051 -0.5880646948
v -0.1025036541 -0.2499032284 -0.6954989614
v 0.4899891321 0.08907964505 0.5555653332
v -0.1108007093 -0.2816835523 -0.6819494036
v 0.4982861999 0.1208599752 0.5420158256
v -0.1183406213 -0.3129634873 -0.6668783346
v 0.5058261245 0.1521398977 0.5269447566
v -0.1251046509 -0.3436652671 -0.6503232829
v 0.5125901415 0.1828416775 0.5103897049
v -0.1310759779 -0.3737125553 -0.6323254396
v 0.5185614434 0.2128889531 0.4923918114
v -0.1362397264 -0.4030306208 -0.6129293573
v 0.5237252296 0.2422070437 0.4729957792
v -0.1405831278 -0.4315466142 -0.5921835019
v 0.5280686058 0.2707230371 0.4522499239
v -0.1440953197 -0.4591896928 -0.5701392494
v 0.5315807852 0.2983660906 0.4302056714
v -0.1467675973 -0.4858909959 -0.5468514879
v 0.5342530879 0.3250674187 0.406917935
v -0.148593313 -0.5115842463 -0.522378216
v 0.536078791 0.3507606441 0.3824446129
v -0.1495679261 -0.5362055251 -0.4967800914
v 0.5370534292 0.3753819229 0.3568465134
v -0.1496890158 -0.5596936228 -0.4701208826
v 0.5371744939 0.3988700457 0.3301872795
v -0.1489562686 -0.5819901894 -0.4424667662
v 0.5364417341 0.4211666123 0.3025331881
v -0.1473715408 -0.6030396847 -0.413886603
v 0.5348570064 0.4422161076 0.2739530249
v -0.1449387208 -0.6227898799 -0.3844513862
v 0.532424224 0.4619663028 0.2445178082
v -0.141663917 -0.6411916568 -0.3542343667
v 0.5291494076 0.4803680796 0.2143007636
v -0.1375552196 -0.6581992585 -0.3233105012
v 0.5250406851 0.4973756814 0.1833769232
v -0.1326228761 -0.67377034 -0.2917569039
v 0.5201083416 0.5129467629 0.1518233133
v -0.126879116 -0.6878662691 -0.2596518177
v 0.5143646191 0.527042692 0.1197182397
v -0.1203382508 -0.7004519757 -0.2270751664
v 0.5078237163 0.5396283986 0.08714157584
v -0.1130165361 -0.7114961524 -0.1941079399
v 0.5005020393 0.5506725753 0.05417435556
v -0.1049321593 -0.7209713554 -0.1608320561
v 0.4924176499 0.5601477281 0.02089847811
v -0.09610523924 -0.7288540539 -0.1273302737
v 0.4835907173 0.5680304266 -0.01260331529
v -0.08655770732 -0.7351245807 -0.0936858841
v 0.4740432167 0.5743009535 -0.04624770334
v -0.07631330734 -0.7397673825 -0.05998251749
v 0.4637987791 0.5789438054 -0.07995106681
v -0.06539748898 -0.7427709197 -0.02630398281
v 0.4528829921 0.5819473426 -0.1136295984
v -0.05383742656 -0.744127767 0.007266030974
v 0.4413228984 0.5833041899 -0.1471996145
v -0.04166183719 -0.7438345126 0.04064399792
v 0.4291472964 0.5830108853 -0.1805775854
v -0.02890098389 -0.7418918087 0.07374696753
v 0.4163864651 0.5810682316 -0.2136805393
v -0.01558661916 -0.7383046727 0.1064926666
v 0.4030721129 0.5774810956 -0.2464262446
v -0.001751811743 -0.7330818342 0.1387996317
v 0.3892373031 0.572258207 -0.2787332223
v 0.01256901892 -0.7262363381 0.1705875817
v -0.01256901892 0.7262363381 -0.1705875817
v -0.3601452116 -0.5569617159 0.3417110739
v -0.02734026963 0.717785293 -0.2017774834
v -0.3449602525 -0.5469260433 0.3722253867
v -0.04252521931 0.7077496204 -0.2322918086
v -0.3293993558 -0.5353306787 0.4019882005
v -0.05808614108 0.6961542558 -0.2620546224
v -0.3135011789 -0.5222045211 0.4309255872
v -0.07398429915 0.6830280982 -0.2909920091
v -0.2973052823 -0.507580132 0.4589655752
v -0.09018020828 0.6684037091 -0.3190319972
v -0.2808518788 -0.491493886 0.4860384509
v -0.1066335993 0.6523174631 -0.3461048478
v -0.2641819336 -0.4739858202 0.5120768836
v -0.1233035445 0.6348094474 -0.3721433055
v -0.2473368635 -0.4550994335 0.5370162017
v -0.1401486145 0.6159230106 -0.3970825986
v -0.2303585622 -0.434881687 0.5607942926
v -0.1571269284 0.5957052641 -0.4208607397
v -0.2132891989 -0.4133828024 0.5833521542
v -0.1741962917 0.5742063795 -0.4434185761
v -0.1961712443 -0.3906563133 0.6046336943
v -0.1913142338 0.5514798904 -0.4647000661
v -0.1790472815 -0.3667586629 0.6245858813
v -0.2084382091 0.52758224 -0.4846523033
v -0.1619598188 -0.3417492547 0.6431592458
v -0.2255256593 0.5025728318 -0.5032256678
v -0.1449513892 -0.3156903268 0.6603075795
v -0.2425340888 0.476513929 -0.5203740015
v -0.1280642752 -0.2886466261 0.6759882364
v -0.2594212029 0.4494702032 -0.5360546082
v -0.1113404078 -0.2606853075 0.6901621827
v -0.2761450577 0.4215088846 -0.5502286047
v -0.09482145473 -0.2318760597 0.7027942481
v -0.2926640359 0.3926996368 -0.56286067
v -0.07854840639 -0.202290365 0.7138530248
v -0.3089370717 0.3631139546 -0.5739194468
v -0.06256177028 -0.1720018632 0.7233109686
v -0.3249237015 0.3328254654 -0.5833773906
v -0.04690123859 -0.1410857744 0.7311446493
v -0.3405842395 0.3019093765 -0.5912110713
v -0.03160580112 -0.109619037 0.7373344496
v -0.355879677 0.2704426267 -0.5974008716
v -0.01671345832 -0.07767985658 0.7418651173
v -0.3707720339 0.2385034588 -0.6019315393
v -0.002261250145 -0.04534765187 0.7447253638
v -0.3852242332 0.2061712447 -0.6047917858
v 0.01171492016 -0.01270276999 0.7459080144
v -0.3992004021 0.1735263596 -0.6059744364
v 0.02518029977 0.02017363142 0.7454102094
v -0.4126657716 0.1406499567 -0.6054766314
v 0.03810137371 0.05319975501 0.7432331027
v -0.4255868518 0.1076238284 -0.6032995247
v 0.05044608295 0.08629357139 0.7393822133
v -0.437931583 0.07453001826 -0.5994485851
v 0.06218366902 0.1193727313 0.7338669734
v -0.4496691345 0.04145085519 -0.5939333953
v 0.07328499776 0.1523550471 0.7267012304
v -0.460770457 0.008468541025 -0.5867676022
v 0.08372245271 0.1851585002 0.7179026951
v -0.4712079559 -0.02433490896 -0.5779691171
v 0.09347008247 0.2177015364 0.7074932925
v -0.4809555417 -0.05687794044 -0.5675597144
v -0.04762242117 -0.2709044334 -0.7108674993
v 0.5412703222 0.06601874807 0.5325952096
v -0.05586906626 -0.3024916709 -0.6974002735
v 0.5495169673 0.09760597933 0.5191279839
v -0.06336317764 -0.3335815299 -0.6824208183
v 0.557011085 0.1286958509 0.5041485286
v -0.07008609765 -0.3640967708 -0.6659663611
v 0.5637340113 0.1592110792 0.4876940715
v -0.0760211379 -0.3939614586 -0.648077792
v 0.569669039 0.1890757921 0.4698055526
v -0.08115352904 -0.4231014391 -0.6287996637
v 0.5748014176 0.2182157225 0.4505273741
v -0.0854705337 -0.4514441641 -0.60817984
v 0.5791184536 0.2465584976 0.4299075503
v -0.08896139002 -0.4789192172 -0.5862695464
v 0.5826093099 0.2740335507 0.4079972567
v -0.09161742455 -0.5054583147 -0.5631233196
v 0.5852653068 0.3005726482 0.38485103
v -0.09343204595 -0.5309954805 -0.5387986567
v 0.5870799219 0.3261097889 0.360526367
v -0.09440073876 -0.5554671469 -0.513356115
v 0.5880486398 0.3505814553 0.3350838253
v -0.09452109473 -0.5788125559 -0.4868588608
v 0.5881690021 0.3739268392 0.3085865712
v -0.09379281284 -0.6009736083 -0.4593728201
v 0.5874407076 0.3960879168 0.2811005304
v -0.09221768045 -0.6218952157 -0.4309662765
v 0.5858655627 0.4170095241 0.2526939869
v -0.08979965487 -0.6415253998 -0.4017098973
v 0.5834475308 0.4366397082 0.2234376076
v -0.08654474417 -0.6598153436 -0.3716764565
v 0.5801926327 0.4549297022 0.193404192
v -0.08246101348 -0.6767195913 -0.3409405599
v 0.5761088957 0.4718338997 0.1626682828
v -0.07755863514 -0.6921961492 -0.3095785939
v 0.571206555 0.4873104576 0.1313063043
v -0.07184978209 -0.7062063848 -0.277668626
v 0.565497702 0.5013206932 0.09939634265
v -0.06534866551 -0.7187156294 -0.2452899277
v 0.5589965854 0.5138299378 0.06701763806
v -0.05807144073 -0.7296926762 -0.2125229746
v 0.5517193606 0.5248070348 0.03425070376
v -0.05003617274 -0.7391102819 -0.1794492959
v 0.5436840895 0.5342245903 0.00117701472
v -0.04126288953 -0.7469450664 -0.1461510732
v 0.5349107906 0.5420593748 -0.03212120703
v -0.03177336566 -0.7531775127 -0.1127110899
v 0.5254212887 0.5482918211 -0.06556118716
v -0.02159121796 -0.7577921179 -0.07921253105
v 0.5152391143 0.5529064765 -0.09905974604
v -0.0107417307 -0.7607774428 -0.04573860967
v 0.5043896545 0.5558917512 -0.1325336706
v 0.0007481041319 -0.7621260117 -0.01237261419
v 0.4928998013 0.5572403201 -0.1658996629
v 0.01284971469 -0.7618345133 0.02080256837
v 0.4807982028 0.5569488217 -0.1990748517
v 0.02553302349 -0.75990365 0.05370440847
v 0.4681148619 0.5550180086 -0.2319766793
v 0.03876649239 -0.7563382885 0.08625113229
v 0.4548813867 0.5514525969 -0.2645234031
v 0.05251723611 -0.7511472089 0.1183618064
v 0.4411306399 0.5462615173 -0.2966340835
v 0.06675104371 -0.7443433554 0.1499566198
v -0.06675104371 0.7443433554 -0.1499566198
v -0.4122153539 -0.5310578943 0.3592292745
v -0.08143255346 0.7359435859 -0.1809569974
v -0.3971226608 -0.5210832306 0.3895581771
v -0.09652524026 0.7259689222 -0.2112859126
v -0.3816562879 -0.5095583073 0.4191401716
v -0.1119916007 0.7144439989 -0.240867882
v -0.3658547169 -0.4965119229 0.4479017311
v -0.1277931717 0.7013975644 -0.2696294415
v -0.3497572073 -0.481976338 0.4757713356
v -0.1438906813 0.6868620296 -0.297499046
v -0.3334038213 -0.4659879271 0.5026796978
v -0.1602440798 0.6708736186 -0.3244074333
v -0.3168351479 -0.4485862255 0.5285599387
v -0.1768127532 0.6534719171 -0.3502876741
v -0.3000924284 -0.4298145819 0.5533476877
v -0.1935554601 0.6347002735 -0.3750753981
v -0.2832172804 -0.4097196811 0.5769813339
v -0.2104306207 0.6146053476 -0.3987090693
v -0.2662516474 -0.388351444 0.599402126
v -0.2273962662 0.5932371105 -0.4211298363
v -0.249237699 -0.3657630529 0.6205543231
v -0.2444101896 0.5706487445 -0.4422820836
v -0.2322177801 -0.3420105747 0.6403853451
v -0.2614301335 0.5468962412 -0.4621130555
v -0.2152341354 -0.317153137 0.658845823
v -0.2784137531 0.5220388035 -0.4805735835
v -0.1983290724 -0.2912525515 0.6758899498
v -0.2953188287 0.4961382431 -0.4976177103
v -0.1815445347 -0.2643730883 0.6914753303
v -0.3121033664 0.4692587799 -0.5132030407
v -0.1649223029 -0.2365817268 0.7055631818
v -0.3287255982 0.4414673933 -0.5272908921
v -0.1485037186 -0.2079475034 0.7181184842
v -0.3451441825 0.412833195 -0.5398461945
v -0.132329559 -0.1785415995 0.7291100307
v -0.3613183546 0.3834272786 -0.5508377912
v -0.1164400242 -0.1484371155 0.7385105779
v -0.3772078769 0.3533227945 -0.5602382883
v -0.1008746685 -0.1177088951 0.7462966455
v -0.3927732389 0.3225945742 -0.5680243559
v -0.08567216179 -0.08643336268 0.7524488671
v -0.407975733 0.2913190543 -0.5741765775
v -0.07087031488 -0.05468825318 0.7569519905
v -0.4227775799 0.2595739259 -0.5786797008
v -0.05650589743 -0.02255246496 0.7597948273
v -0.4371419785 0.2274381346 -0.5815225377
v -0.04261464748 0.009894070394 0.7609703033
v -0.4510332567 0.1949916165 -0.5826980639
v -0.02923109578 0.04257068754 0.7604755087
v -0.4644167959 0.1623149978 -0.5822032692
v -0.0163885298 0.07539615355 0.7583116473
v -0.4772593822 0.1294895318 -0.5800393577
v -0.004118842746 0.1082888687 0.7544840878
v -0.4895290564 0.09659681039 -0.5762118483
v 0.007547431501 0.1411670527 0.7490024128
v -0.5011953137 0.06371863258 -0.5707301232
v 0.01858131047 0.173948957 0.7418801689
v -0.5122292053 0.03093671886 -0.5636079294
v 0.0289553388 0.20655309 0.7331351167
v -0.5226032367 -0.001667407225 -0.5548628271
v 0.03864373758 0.2388983864 0.7227889808
v -0.5322916198 -0.03401270423 -0.5445166912
v 0.008213878954 -0.291121904 -0.723624944
v 0.5911156444 0.04237367213 0.5071876377
v 5.113353587e-05 -0.3223877658 -0.7102947375
v 0.5992784022 0.07363954962 0.493857381
v -0.007366719587 -0.3531613415 -0.6954676542
v 0.6066962587 0.1044131316 0.4790302977
v -0.01402125774 -0.3833661442 -0.6791806205
v 0.6133508007 0.1346179092 0.462743264
v -0.01989592715 -0.4129270414 -0.6614740748
v 0.6192254717 0.1641788064 0.4450367183
v -0.02497611292 -0.4417705315 -0.642392018
v 0.6243056214 0.1930223216 0.4259546615
v -0.02924918587 -0.4698249189 -0.6219819628
v 0.6285787069 0.2210767215 0.4055446063
v -0.03270450798 -0.4970204647 -0.6002945325
v 0.6320340416 0.2482722673 0.3838572011
v -0.03533353751 -0.5232895875 -0.5773838124
v 0.634663046 0.274541365 0.3609464559
v -0.03712969567 -0.5485669133 -0.553306597
v 0.6364591979 0.2998187159 0.3368692655
v -0.03808853285 -0.5727896271 -0.5281228918
v 0.6374180319 0.3240414297 0.3116855353
v -0.03820766275 -0.5958975226 -0.5018952109
v 0.6375371901 0.3471493252 0.2854578544
v -0.03748678434 -0.617833153 -0.4746887778
v 0.6368163211 0.3690849305 0.2582514213
v -0.03592769126 -0.6385419313 -0.4465712241
v 0.6352572311 0.3897937088 0.2301338927
v -0.03353428124 -0.6579724316 -0.4176125144
v 0.6328637835 0.4092242342 0.2011751829
v -0.03031245887 -0.676076288 -0.3878845951
v 0.6296419987 0.4273280655 0.1714472637
v -0.02627028301 -0.6928085968 -0.3574613693
v 0.625599804 0.4440603743 0.1410240254
v -0.02141777548 -0.7081276652 -0.3264184962
v 0.620747284 0.4593794427 0.1099811523
v -0.01576700417 -0.7219953626 -0.2948331652
v 0.6150965299 0.4732471401 0.07839582128
v -0.009332029758 -0.7343773715 -0.262783845
v 0.6086615398 0.485629149 0.0463465105
v -0.002128823531 -0.7452427358 -0.2303502838
v 0.6014583687 0.4964945133 0.0139129336
v 0.005824685716 -0.7545645634 -0.1976130575
v 0.5935048275 0.5058163409 -0.01882429113
v 0.01450873047 -0.7623196248 -0.16465357
v 0.5848207843 0.5135714023 -0.0517837677
v 0.02390170177 -0.768488654 -0.131553802
v 0.575427813 0.5197404315 -0.08488353571
v 0.03398027441 -0.7730562984 -0.09839602904
v 0.5653492435 0.5243080759 -0.1180413086
v 0.04471937814 -0.7760112692 -0.06526264589
v 0.5546101617 0.5272630468 -0.1511746918
v 0.05609231213 -0.7773461412 -0.03223607859
v 0.5432372089 0.5285979188 -0.1842012716
v 0.06807081398 -0.777057603 0.0006016010836
v 0.531258682 0.5283093805 -0.2170389419
v 0.08062509413 -0.7751464071 0.03316871353
v 0.5187044332 0.5263981846 -0.2496060606
v 0.09372394572 -0.7716172696 0.06538432515
v 0.505605569 0.5228690471 -0.2818216754
v 0.1073347884 -0.7664789708 0.09716833664
v 0.4919947515 0.5177307483 -0.3136056869
v 0.1214237938 -0.7597443544 0.128441718
v -0.1214237938 0.7597443544 -0.128441718
v -0.4633735728 -0.5026818552 0.3755640718
v -0.135955942 0.7514300777 -0.1591267278
v -0.4484344056 -0.4928085889 0.4055844177
v -0.1508950967 0.7415568114 -0.1891470737
v -0.4331254217 -0.4814009673 0.4348654815
v -0.1662041056 0.7301491898 -0.218428125
v -0.4174846013 -0.4684872875 0.4633344388
v -0.1818449135 0.71723551 -0.2468970823
v -0.4015508525 -0.4540996091 0.4909205222
v -0.1977786622 0.7028478316 -0.2744831657
v -0.3853638113 -0.4382738051 0.5175551468
v -0.2139656909 0.6870220276 -0.3011177903
v -0.3689637153 -0.4210491098 0.5431720858
v -0.230365812 0.6697973323 -0.3267347294
v -0.3523913292 -0.4024684704 0.5677076712
v -0.2469381981 0.6512166929 -0.3512703147
v -0.3356878441 -0.3825779947 0.5911008437
v -0.2636416832 0.6313262172 -0.3746635123
v -0.3188948023 -0.3614271523 0.6132935546
v -0.280434725 0.6101753748 -0.3968562232
v -0.3020539467 -0.3390685482 0.6342305647
v -0.2972755555 0.5878167456 -0.4177932333
v -0.2852071708 -0.3155577478 0.6538598458
v -0.3141223565 0.5643059702 -0.4374224893
v -0.268396318 -0.2909531761 0.6721325305
v -0.3309331842 0.5397013986 -0.4556952241
v -0.2516632315 -0.2653160931 0.6890032634
v -0.3476662958 0.5140642905 -0.4725659069
v -0.2350494787 -0.2387101417 0.7044300507
v -0.3642800486 0.4874583642 -0.4879927444
v -0.2185963261 -0.2112014483 0.7183746114
v -0.3807331762 0.4599496959 -0.5019372549
v -0.2023447764 -0.1828585728 0.7308021763
v -0.3969847384 0.4316067702 -0.51436487
v -0.1863351553 -0.1537517935 0.7416819399
v -0.412994372 0.4025000285 -0.5252445834
v -0.1706072992 -0.1239535834 0.7509868095
v -0.4287222406 0.3727017934 -0.534549453
v -0.1552002796 -0.09353796497 0.7586936557
v -0.4441292603 0.3422861937 -0.5422562992
v -0.1401524276 -0.062580591 0.7647832629
v -0.4591770997 0.3113288135 -0.5483459566
v -0.1255011715 -0.0311584439 0.7692405794
v -0.4738283809 0.2799066664 -0.552803273
v -0.1112828732 0.0006504282797 0.7720545172
v -0.488046629 0.2480977947 -0.5556172109
v -0.09753296676 0.03276685904 0.7732180524
v -0.5017965731 0.2159813697 -0.5567806959
v -0.08428555009 0.06511105167 0.772728325
v -0.5150439459 0.1836371771 -0.5562909685
v -0.07157362374 0.09760258019 0.770586439
v -0.5277558848 0.1511456423 -0.5541491327
v -0.05942876462 0.1301606805 0.766797863
v -0.5399007815 0.118587542 -0.5503605065
v -0.04788117617 0.1627043689 0.7613719289
v -0.5514483323 0.08604384733 -0.5449345724
v -0.0369595661 0.1951527684 0.7543221331
v -0.5623699393 0.05359545405 -0.5378847766
v -0.02669106169 0.2274252153 0.7456660356
v -0.5726384593 0.02132300871 -0.5292287293
v -0.01710122079 0.2594414472 0.7354251602
v -0.5822283049 -0.01069323177 -0.5189878539
v 0.06487899437 -0.3105098836 -0.7337424469
v 0.6394123124 0.01819786748 0.479400014
v 0.05683342548 -0.3413268831 -0.720603646
v 0.6474579189 0.04901488103 0.4662611629
v 0.0495220713 -0.3716586706 -0.7059893916
v 0.6547692606 0.07934665919 0.4516469085
v 0.04296307837 -0.401429813 -0.6899361586
v 0.6613282253 0.1091178078 0.4355936755
v 0.03717275566 -0.4305663066 -0.6724837835
v 0.6671185574 0.1382543014 0.4181413506
v 0.03216549308 -0.4589957285 -0.6536757151
v 0.6721258576 0.1666837233 0.3993332823
v 0.02795376462 -0.4866473865 -0.6335586634
v 0.6763375829 0.1943353688 0.3792162055
v 0.02454803737 -0.5134524951 -0.6121825996
v 0.6797432976 0.2211404899 0.3578401667
v 0.02195676529 -0.5393444761 -0.5896008061
v 0.6823345729 0.2470324459 0.335258323
v 0.02018638761 -0.5642589091 -0.5658692746
v 0.6841049364 0.2719468788 0.3115268417
v 0.0192413179 -0.5881338818 -0.5410471077
v 0.6850500234 0.2958218515 0.2867046498
v 0.01912389855 -0.6109099908 -0.5151959665
v 0.6851674255 0.3185980108 0.2608535086
v 0.01983442902 -0.6325306926 -0.4883801212
v 0.6844568919 0.3402186874 0.2340376632
v 0.02137112821 -0.6529422028 -0.4606662501
v 0.6829201786 0.3606301726 0.2063238172
v 0.02373019247 -0.6720936975 -0.4321232893
v 0.6805611488 0.3797817174 0.1777808314
v 0.02690573445 -0.6899377139 -0.4028221568
v 0.6773855723 0.3976257088 0.1484796988
v 0.03088988345 -0.7064297498 -0.372835702
v 0.6734014265 0.4141177697 0.1184932566
v 0.03567273992 -0.7215288649 -0.3422384803
v 0.6686185951 0.4292168848 0.08789602862
v 0.04124238492 -0.7351975306 -0.3111066024
v 0.6630489187 0.4428855003 0.05676413817
v 0.04758499612 -0.7474017304 -0.2795173831
v 0.6567063452 0.4550897002 0.02517493138
v 0.05468477251 -0.7581111607 -0.2475494416
v 0.6496065782 0.4657991304 -0.006793023405
v 0.06252408496 -0.7672991298 -0.2152822251
v 0.6417672281 0.4749871497 -0.03906023911
v 0.07108346367 -0.7749428599 -0.1827959333
v 0.6332078619 0.4826308297 -0.07154652467
v 0.08034159188 -0.7810233358 -0.1501713553
v 0.6239497525 0.4887113055 -0.1041711026
v 0.09027547206 -0.7855254055 -0.117489594
v 0.6140158285 0.4932133753 -0.1368528514
v 0.1008603946 -0.7884379311 -0.08483189635
v 0.6034309248 0.496125951 -0.1695105553
v 0.1120700569 -0.7897536374 -0.05227946235
v 0.5922212813 0.4974416573 -0.2020629988
v 0.1238765947 -0.7894692634 -0.01991324271
v 0.5804147434 0.4971572332 -0.2344292043
v 0.1362506263 -0.7875855115 0.01218634496
v 0.5680407119 0.4952734812 -0.2665287967
v 0.1491614213 -0.7841070476 0.04393944747
v 0.5551298918 0.4917950174 -0.2982819023
v 0.1625768697 -0.7790425515 0.07526714921
v 0.5417144434 0.4867305213 -0.3296096009
v 0.1764636199 -0.7724045661 0.1060915427
v -0.1764636199 0.7724045661 -0.1060915427
v -0.5135042222 -0.4718976682 0.3906784893
v -0.1907871285 0.7642096482 -0.1363360438
v -0.4987795396 -0.4621661874 0.420267859
v -0.2055117985 0.7544781675 -0.1659254011
v -0.4836903084 -0.4509223268 0.449128533
v -0.2206010172 0.7432343069 -0.194786075
v -0.468274007 -0.4381939817 0.4771887905
v -0.2360172936 0.7305059618 -0.2228463074
v -0.4525690669 -0.424012911 0.5043788174
v -0.2517222838 0.716324891 -0.2500363594
v -0.4366143715 -0.4084142851 0.5306310322
v -0.2676769291 0.7007263153 -0.2762885994
v -0.4204497319 -0.3914368868 0.5558802117
v -0.2838415937 0.6837488669 -0.3015377537
v -0.4041152607 -0.373122986 0.5800635405
v -0.3001760649 0.6654349911 -0.3257211077
v -0.3876515719 -0.3535180633 0.6031209631
v -0.3166397537 0.6458300936 -0.3487784801
v -0.3710996309 -0.3326708859 0.6249950327
v -0.3331916947 0.6249828911 -0.3706525998
v -0.3545005785 -0.3106332562 0.6456314633
v -0.3497907471 0.6029452613 -0.3912890053
v -0.3378956309 -0.2874599617 0.6649788789
v -0.3663956947 0.579771992 -0.410636446
v -0.3213261297 -0.26320865 0.6829892652
v -0.3829651959 0.5555206301 -0.4286468323
v -0.304833266 -0.2379396025 0.6996178187
v -0.3994580596 0.5302515826 -0.4452753356
v -0.2884580051 -0.2117156093 0.7148231475
v -0.4158333205 0.5040276145 -0.4604807146
v -0.2722410865 -0.1846019063 0.7285674724
v -0.4320502391 0.4769138989 -0.4742250395
v -0.2562228233 -0.1566658618 0.7408166262
v -0.4480685023 0.4489778669 -0.4864741933
v -0.240443052 -0.1279769762 0.7515402049
v -0.4638482486 0.4202889814 -0.4971977218
v -0.2249410068 -0.09860655635 0.7607114668
v -0.4793503439 0.3909185615 -0.5063689838
v -0.2097551823 -0.06862761479 0.768307634
v -0.4945361559 0.3609396325 -0.5139652011
v -0.1949233577 -0.03811468179 0.774309892
v -0.5093679554 0.3304266995 -0.5199674089
v -0.1804824345 -0.007143625794 0.7787032394
v -0.5238089162 0.2994556223 -0.5243607563
v -0.1664682855 0.02420854805 0.7814767387
v -0.5378230151 0.268103465 -0.5271342556
v -0.1529157675 0.05586389856 0.7826235666
v -0.5513755832 0.2364481191 -0.5282810836
v -0.139858546 0.08774375708 0.7821408132
v -0.5644328047 0.2045682544 -0.5277983803
v -0.1273291072 0.1197688255 0.7800297326
v -0.5769622184 0.1725431797 -0.5256872998
v -0.1153586203 0.1518594872 0.7762954927
v -0.5889327178 0.1404525179 -0.5219530598
v -0.1039768122 0.1839359755 0.7709474756
v -0.6003145009 0.1083760422 -0.5166049925
v -0.09321198598 0.2159185295 0.7639989265
v -0.6110793208 0.07639347567 -0.5096564435
v -0.08309090212 0.247727652 0.7554671047
v -0.621200436 0.0445843469 -0.5011246718
v -0.0736387406 0.2792842596 0.7453732328
v -0.6306525599 0.0130277526 -0.4910307999
v 0.122244718 -0.329024522 -0.7411970793
v 0.6860511523 -0.00645396681 0.4492952038
v 0.1143493761 -0.3592661508 -0.7283035183
v 0.6939464942 0.02378767059 0.4364016429
v 0.1071745019 -0.3890316237 -0.7139621987
v 0.7011213684 0.05355315291 0.4220603735
v 0.100737969 -0.4182469373 -0.6982086924
v 0.7075578636 0.08276845397 0.4063068169
v 0.09505574468 -0.4468394427 -0.6810821834
v 0.7132401256 0.1113609657 0.389180333
v 0.09014199615 -0.4747380466 -0.6626252677
v 0.7181538553 0.139259557 0.3707233923
v 0.08600890264 -0.5018734363 -0.6428838024
v 0.7222869614 0.1663949342 0.350981927
v 0.08266675565 -0.5281780808 -0.6219068555
v 0.7256291084 0.1926995912 0.3300050052
v 0.08012387117 -0.553586606 -0.5997466058
v 0.7281719678 0.218108129 0.3078447554
v 0.07838653949 -0.5780358958 -0.5764582422
v 0.7299093182 0.2425573937 0.2845563668
v 0.07745911929 -0.6014650917 -0.5520994625
v 0.7308367447 0.2659866147 0.2601976121
v 0.07734389966 -0.6238159944 -0.5267309744
v 0.7309519393 0.2883374923 0.234829124
v 0.07804115027 -0.6450330136 -0.500415844
v 0.7302547012 0.3095545365 0.208513956
v 0.07954916528 -0.6650634185 -0.4732193951
v 0.7287466862 0.3295849164 0.1813175448
v 0.08186418181 -0.6838573886 -0.4452093596
v 0.7264316571 0.3483788864 0.1533074716
v 0.08498044889 -0.7013682138 -0.4164552507
v 0.7233153838 0.3658897368 0.1245533752
v 0.08889020873 -0.7175523451 -0.3870286885
v 0.7194056427 0.382073843 0.09512681936
v 0.09358375932 -0.7323695446 -0.3570027485
v 0.7147121172 0.3968910425 0.0651008856
v 0.09904941692 -0.7457829862 -0.3264520863
v 0.7092464471 0.4103045092 0.03455022338
v 0.1052735912 -0.7577593557 -0.2954526871
v 0.7030222791 0.4222808787 0.003550816374
v 0.1122408167 -0.768268801 -0.264081615
v 0.6960550159 0.432790324 -0.02782025422
v 0.1199337905 -0.7772851825 -0.2324168368
v 0.6883620673 0.4418067054 -0.05948503234
v 0.1283333342 -0.7847862238 -0.2005370724
v 0.6799624984 0.4493077468 -0.09136479679
v 0.1374186142 -0.7907531608 -0.1685216307
v 0.670877231 0.4552746838 -0.1233802322
v 0.1471670153 -0.7951712429 -0.1364500468
v 0.6611288424 0.4596927659 -0.1554518287
v 0.1575543173 -0.7980293822 -0.1044021001
v 0.6507415154 0.4625509051 -0.1874997691
v 0.168554694 -0.7993205043 -0.07245745715
v 0.6397411387 0.4638420273 -0.2194444058
v 0.1801407893 -0.7990413984 -0.04069551813
v 0.6281550559 0.4635629213 -0.2512063416
v 0.1922838046 -0.7971928169 -0.00919526916
v 0.6160120657 0.4617143399 -0.2827066063
v 0.2049535365 -0.7937793255 0.02196499661
v 0.6033423213 0.4583008485 -0.3138668564
v 0.2181185145 -0.7888093532 0.05270778876
v 0.5901773307 0.4533308762 -0.3446096517
v 0.2317459641 -0.7822953424 0.08295668618
v -0.2317459641 0.7822953424 -0.08295668618
v -0.5624938135 -0.4387749716 0.4045383599
v -0.2458020568 0.7742534486 -0.1126364844
v -0.5480440224 -0.4292251631 0.4335752624
v -0.2602518228 0.7647036402 -0.1416733869
v -0.5332365563 -0.4181911964 0.4618970657
v -0.275059314 0.7536696985 -0.1699952153
v -0.5181080907 -0.4057005655 0.4894334288
v -0.2901877545 0.7411790174 -0.1975315534
v -0.5026963549 -0.3917842265 0.5161158171
v -0.3055995154 0.7272627035 -0.2242139416
v -0.4870395798 -0.3764768732 0.5418779032
v -0.3212562905 0.7119553753 -0.2499760278
v -0.4711766988 -0.3598164857 0.566655668
v -0.3371191213 0.6952949627 -0.2747537926
v -0.4551471971 -0.3418444558 0.5903874503
v -0.3531486481 0.6773229579 -0.2984856
v -0.4389909112 -0.322605612 0.6130143484
v -0.3693049089 0.6580840639 -0.321112498
v -0.4227480287 -0.3021476175 0.6344800191
v -0.3855478416 0.6376260946 -0.3425781688
v -0.4064588627 -0.2805214721 0.6547311802
v -0.4018369825 0.6159999742 -0.3628293298
v -0.390163977 -0.2577808596 0.6737174087
v -0.4181318933 0.5932593367 -0.3818155333
v -0.3739038354 -0.2339823237 0.6913914932
v -0.4343920098 0.5694608258 -0.3994896428
v -0.3577188763 -0.209185042 0.7077095833
v -0.450576994 0.544663494 -0.4158077078
v -0.3416493626 -0.1834506884 0.7226309897
v -0.4666464826 0.5189291528 -0.4307291644
v -0.3257352561 -0.1568432318 0.7361187357
v -0.4825605891 0.4923217213 -0.4442168603
v -0.3100160422 -0.1294287486 0.7481392063
v -0.4982798281 0.4649072256 -0.4562373309
v -0.2945308799 -0.1012755101 0.7586625492
v -0.5137649653 0.4367539997 -0.4667606737
v -0.279318251 -0.07245345595 0.7676625746
v -0.5289776192 0.407931933 -0.4757606992
v -0.2644159601 -0.04303422831 0.775116906
v -0.54387986 0.3785126959 -0.4832150306
v -0.2498610841 -0.01309100988 0.7810070801
v -0.5584347611 0.3485694893 -0.4891052046
v -0.2356897467 0.01730181408 0.7853183965
v -0.5726060985 0.3181766677 -0.4934165712
v -0.2219372689 0.04806861189 0.7880401185
v -0.5863585512 0.2874098651 -0.4961382431
v -0.2086377676 0.07913295851 0.7891655733
v -0.5996581027 0.2563455185 -0.4972636978
v -0.1958243436 0.1104175846 0.7886918507
v -0.612471489 0.2250608924 -0.4967899753
v -0.1835288435 0.1418447238 0.7866201551
v -0.6247670017 0.1936337533 -0.4947182796
v -0.1717818346 0.1733362334 0.7829557042
v -0.6365140357 0.1621422436 -0.4910538288
v -0.1606125418 0.204813833 0.7777074788
v -0.6476832909 0.1306646566 -0.4858056034
v -0.1500486977 0.2361992668 0.7708886742
v -0.6582471726 0.09927921649 -0.4789867987
v -0.1401166049 0.2674144802 0.7625160978
v -0.6681792403 0.06806400315 -0.4706142223
v -0.1308409228 0.2983818948 0.7526107214
v -0.6774549098 0.0370965854 -0.460708846
v 0.1801813533 -0.3466239758 -0.7459720337
v 0.7309266527 -0.03152608747 0.4169413406
v 0.1724689128 -0.3761650301 -0.7333771959
v 0.738639068 -0.001985031036 0.4043465027
v 0.1654602579 -0.4052409663 -0.719368064
v 0.7456477229 0.0270908999 0.390337396
v 0.1591728232 -0.4337794618 -0.7039795076
v 0.7519351576 0.05562940792 0.3749488396
v 0.1536222498 -0.4617095735 -0.6872497576
v 0.7574857687 0.08355952593 0.3582190895
v 0.1488223223 -0.4889619139 -0.6692204063
v 0.7622856585 0.1108118475 0.3401897132
v 0.1447849943 -0.5154686505 -0.6499362574
v 0.7663230367 0.1373185841 0.3209055642
v 0.1415202625 -0.5411639579 -0.6294452749
v 0.7695877183 0.1630138664 0.3004146069
v 0.1390362672 -0.5659838671 -0.6077984336
v 0.7720717262 0.1878338258 0.2787677405
v 0.1373392047 -0.589866767 -0.5850494675
v 0.7737687887 0.211716688 0.2560188246
v 0.1364332643 -0.6127532039 -0.5612550708
v 0.7746747416 0.234603125 0.2322243777
v 0.1363207163 -0.6345863333 -0.5364742455
v 0.774787277 0.2564362543 0.2074435524
v 0.1370018116 -0.6553118189 -0.510768703
v 0.7741061943 0.277161765 0.1817380224
v 0.138474907 -0.6748781844 -0.484202312
v 0.7726330989 0.2967281306 0.1551716189
v 0.1407362773 -0.6932367633 -0.456841149
v 0.7703717537 0.3150867094 0.1278104684
v 0.1437803534 -0.7103419492 -0.4287531465
v 0.7673276776 0.3321918954 0.09972249097
v 0.1475995468 -0.7261511464 -0.4000082942
v 0.7635084466 0.3480010674 0.07097761363
v 0.1521843499 -0.7406251203 -0.3706779366
v 0.7589236435 0.3624750664 0.04164725286
v 0.1575233989 -0.7537278477 -0.3408349983
v 0.753584607 0.3755777687 0.01180432481
v 0.1636033981 -0.7654266666 -0.3105537589
v 0.7475046329 0.3872766127 -0.01847692169
v 0.1704092208 -0.7756926781 -0.2799094008
v 0.7406987726 0.3975426242 -0.04912126101
v 0.1779239591 -0.7845002945 -0.24897816
v 0.7331840343 0.4063502155 -0.08005252054
v 0.1861289365 -0.7918275406 -0.2178369502
v 0.724979082 0.4136774616 -0.1111937304
v 0.195003733 -0.7976562542 -0.1865631487
v 0.7161042855 0.4195061752 -0.1424675194
v 0.2045263107 -0.8019718854 -0.155234572
v 0.7065816701 0.4238218566 -0.1737961085
v 0.2146729885 -0.804763848 -0.1239290368
v 0.6964350174 0.426613769 -0.2051016312
v 0.2254185173 -0.8060250677 -0.09272440977
v 0.6856895137 0.4278750389 -0.2363062583
v 0.2367362059 -0.8057524841 -0.06169826901
v 0.6743718001 0.4276024051 -0.267332399
v 0.2485979077 -0.8039466992 -0.03092774437
v 0.6625100732 0.4257966704 -0.2981029393
v 0.2609741468 -0.8006122787 -0.0004893458041
v 0.6501338341 0.4224621997 -0.328541317
v 0.2738341428 -0.7957574507 0.02954125183
v 0.6372738882 0.4176073717 -0.358571923
v 0.2871459111 -0.7893943067 0.05908940856
v -0.2871459111 0.7893943067 -0.05908940856
v -0.6102316174 -0.4033886471 0.4171123011
v -0.3008763885 0.7815387009 -0.08808163934
v -0.596116623 -0.3940600964 0.4454765749
v -0.3149913829 0.7722101503 -0.1164458817
v -0.5816521315 -0.3832817802 0.473142281
v -0.3294558493 0.7614318341 -0.144111613
v -0.5668741664 -0.3710804653 0.5000407092
v -0.3442338395 0.7492305442 -0.1710100286
v -0.5518194534 -0.3574865305 0.5261049803
v -0.3592885776 0.7356365844 -0.1970742998
v -0.5365253706 -0.3425337416 0.5512702725
v -0.3745826353 0.7206838206 -0.2222395793
v -0.5210299983 -0.326259301 0.5754740213
v -0.3900780076 0.70440938 -0.2464433532
v -0.5053718686 -0.3087036723 0.5986560707
v -0.4057361624 0.6868537512 -0.2696254027
v -0.4895898145 -0.2899104798 0.6207587733
v -0.4215181664 0.6680605337 -0.2917281053
v -0.4737232207 -0.2699264588 0.641727191
v -0.4373848103 0.6480765377 -0.3126965229
v -0.457811372 -0.2488012541 0.6615091951
v -0.4532966088 0.6269513331 -0.332478502
v -0.4418940044 -0.226587446 0.6800555672
v -0.4692140266 0.6047374998 -0.3510248741
v -0.426010553 -0.2033402609 0.6973202494
v -0.485097478 0.5814903273 -0.3682895563
v -0.410200528 -0.1791174468 0.7132602947
v -0.5009074779 0.5572675132 -0.3842296016
v -0.3945032893 -0.1539792099 0.7278360171
v -0.5166047416 0.5321292637 -0.3988053491
v -0.3789578205 -0.127988152 0.7410112929
v -0.5321501854 0.5061381933 -0.4119806249
v -0.3636027789 -0.101208769 0.7527533098
v -0.547505227 0.4793588229 -0.4237226669
v -0.3484763703 -0.07370773315 0.7630328677
v -0.5626316356 0.4518577807 -0.4340021746
v -0.3336161234 -0.04555336896 0.7718244292
v -0.5774918825 0.4237034511 -0.442793736
v -0.31905909 -0.01681567247 0.7791060691
v -0.592048941 0.3949657483 -0.4500753759
v -0.3048413436 0.01243390302 0.7848597757
v -0.6062666372 0.3657161673 -0.4558291328
v -0.2909983308 0.04212262164 0.7890712502
v -0.62010965 0.3360274322 -0.4600405571
v -0.2775644442 0.07217668926 0.7917299062
v -0.6335435617 0.3059733709 -0.4626992633
v -0.2645730231 0.1025214086 0.7928292716
v -0.6465349578 0.2756286641 -0.4637985785
v -0.2520564533 0.1330812962 0.7923664865
v -0.6590515777 0.2450687702 -0.4633358436
v -0.2400457913 0.1637803793 0.7903428053
v -0.6710622146 0.2143696746 -0.4613121624
v -0.2285709144 0.1945423778 0.7867632452
v -0.6825371166 0.1836076886 -0.4577325521
v -0.2176603453 0.2252907547 0.7816366364
v -0.6934476355 0.1528593117 -0.4526059432
v -0.2073412394 0.2559491108 0.7749757726
v -0.703766779 0.1222009556 -0.4459450795
v -0.1976392221 0.2864411974 0.7667971606
v -0.7134688089 0.09170886273 -0.4377665176
v -0.1885784135 0.31669123 0.7571212703
v -0.7225295924 0.06145884271 -0.4280905771
v 0.23855782 -0.3632684337 -0.748056473
v 0.7739373159 -0.05696177132 0.3824115998
v 0.2310605666 -0.3919852901 -0.7358129886
v 0.7814345442 -0.02824491495 0.3701681405
v 0.2242474564 -0.4202499978 -0.7221947455
v 0.7882476794 1.979375417e-05 0.3565498724
v 0.2181354475 -0.4479922411 -0.7072355096
v 0.7943596632 0.02776207056 0.3415906615
v 0.2127397169 -0.475143134 -0.6909725081
v 0.7997553938 0.05491294149 0.3253276601
v 0.2080737107 -0.5016351201 -0.6734461798
v 0.8044214252 0.08140491505 0.3078013317
v 0.2041490059 -0.5274023238 -0.6547000736
v 0.8083461174 0.1071721313 0.2890552256
v 0.2009753736 -0.5523807258 -0.6347807993
v 0.8115197372 0.1321505082 0.2691359513
v 0.1985607033 -0.5765081632 -0.6137378765
v 0.8139344075 0.1562779707 0.2480930284
v 0.1969109779 -0.5997246807 -0.5916236343
v 0.815584158 0.1794945008 0.2259787863
v 0.196030299 -0.6219726308 -0.5684931114
v 0.8164648243 0.2017424258 0.2028482508
v 0.1959208868 -0.6431965737 -0.544403654
v 0.8165742491 0.2229663937 0.178758806
v 0.196582992 -0.663343879 -0.519415318
v 0.8159121313 0.2431136739 0.1537704574
v 0.1980149716 -0.6823643248 -0.4935901156
v 0.8144801266 0.2621341448 0.1279452425
v 0.2002132633 -0.7002106993 -0.4669923171
v 0.8122818474 0.2799805193 0.1013474565
v 0.203172411 -0.7168386507 -0.4396879988
v 0.8093227123 0.2966084456 0.07404316326
v 0.206885052 -0.732206737 -0.4117451183
v 0.8056100462 0.311976557 0.04610026398
v 0.2113419295 -0.7462768778 -0.3832330885
v 0.8011531813 0.3260466978 0.01758822631
v 0.2165320308 -0.7590140029 -0.354222777
v 0.7959631051 0.338783823 -0.01142206321
v 0.2224423739 -0.7703865544 -0.3247863561
v 0.7900527117 0.3501563493 -0.04085850136
v 0.2290583338 -0.7803660847 -0.2949969763
v 0.783436802 0.3601359047 -0.07064786548
v 0.236363404 -0.7889279093 -0.2649287414
v 0.7761316817 0.3686977293 -0.1007161066
v 0.2443394723 -0.7960507553 -0.2346563573
v 0.7681556635 0.3758205753 -0.1309884908
v 0.2529666708 -0.8017168619 -0.2042551194
v 0.759528465 0.3814866569 -0.1613897412
v 0.262223551 -0.8059121309 -0.1738005738
v 0.7502715597 0.3856819509 -0.1918442742
v 0.2720871342 -0.8086261766 -0.1433684677
v 0.7404079766 0.3883959966 -0.2222763804
v 0.2825328612 -0.8098521757 -0.11303446
v 0.7299622495 0.3896219957 -0.2526103755
v 0.2935347933 -0.8095872182 -0.08287395281
v 0.7189603175 0.3893570131 -0.2827709015
v 0.3050655616 -0.8078318058 -0.05296193422
v 0.7074295742 0.3876016259 -0.3126829264
v 0.317096493 -0.8045904039 -0.02337276985
v 0.6953986177 0.3843602239 -0.3422720704
v 0.3295976851 -0.7998710901 0.005819989553
v 0.6828974507 0.379640885 -0.3714648317
v 0.3425380564 -0.793685454 0.03454372926
v -0.3425380564 0.793685454 -0.03454372926
v -0.656609664 -0.365818844 0.4283719408
v -0.3558854216 0.786049049 -0.06272709277
v -0.6428884684 -0.3567505347 0.455944829
v -0.3696066423 0.7769807397 -0.09029996219
v -0.6288275592 -0.3462729234 0.4828386414
v -0.3836675515 0.7665031034 -0.1171938185
v -0.6144619063 -0.3344120495 0.5089865992
v -0.3980332295 0.7546422294 -0.1433417762
v -0.5998271818 -0.3211973637 0.5343236797
v -0.412667929 0.7414275687 -0.1686788317
v -0.5849598105 -0.3066618038 0.5587868671
v -0.4275352752 0.7268919838 -0.193142019
v -0.5698967689 -0.2908413933 0.5823153531
v -0.4425983669 0.7110715983 -0.21667048
v -0.5546754854 -0.273775542 0.6048505872
v -0.4578196504 0.6940057471 -0.2392057642
v -0.5393337895 -0.2555066955 0.6263366277
v -0.4731613463 0.6757368755 -0.2606918047
v -0.5239098118 -0.236080209 0.6467200417
v -0.4885852739 0.656310389 -0.2810751936
v -0.5084419839 -0.2155444232 0.6659501054
v -0.504053152 0.6357746031 -0.3003052574
v -0.4929686371 -0.1939503877 0.6839790553
v -0.5195264486 0.6141805928 -0.3183342072
v -0.4775283535 -0.1713517616 0.7007620377
v -0.5349667824 0.5915819415 -0.3351171896
v -0.4621594644 -0.1478047872 0.7162573597
v -0.5503356714 0.5680349923 -0.3506125117
v -0.4469001507 -0.1233679275 0.7304264394
v -0.5655949852 0.5435980949 -0.3647816164
v -0.4317883923 -0.09810199696 0.7432341062
v -0.5807066934 0.5183322083 -0.3775892832
v -0.4168617931 -0.07206979188 0.7546485511
v -0.5956333176 0.4922999969 -0.389003678
v -0.4021573799 -0.04533602141 0.7646412766
v -0.6103377308 0.4655662327 -0.3989964285
v -0.3877117531 -0.01796714286 0.7731875479
v -0.6247833577 0.4381973432 -0.4075426998
v -0.3735608356 0.009968753531 0.780266042
v -0.6389342751 0.4102614366 -0.4146212191
v -0.359739798 0.03840227619 0.785859249
v -0.6527553127 0.3818279257 -0.4202144009
v -0.346283008 0.06726267106 0.7899531708
v -0.6662121028 0.3529675277 -0.4243083228
v -0.333223905 0.09647822297 0.7925376728
v -0.6792711806 0.3237519633 -0.4268928248
v -0.3205949755 0.1259763113 0.793606333
v -0.6919001353 0.2942538812 -0.427961485
v -0.3084276017 0.1556835849 0.7931564923
v -0.704067509 0.2645466076 -0.4275116443
v -0.2967520375 0.185526172 0.7911893046
v -0.7157430984 0.2347040205 -0.4255444566
v -0.2855973071 0.2154299059 0.7877095363
v -0.7268978037 0.2048002991 -0.4220646882
v -0.2749911556 0.2453204071 0.7827259674
v -0.7375039803 0.174909798 -0.4170811444
v -0.2649599483 0.2751233835 0.7762509401
v -0.7475351875 0.1451068091 -0.4106061172
v -0.2555286206 0.3047647312 0.7683005598
v -0.7569664901 0.1154654487 -0.4026557117
v -0.2467206028 0.3341707982 0.7588946441
v -0.7657745079 0.08605939432 -0.393249771
v 0.2972420407 -0.3789201916 -0.7474455806
v 0.8149857584 -0.08270348771 0.345784049
v 0.2899917331 -0.4066911081 -0.7356054778
v 0.8222360911 -0.05493257123 0.3339439211
v 0.2834030667 -0.4340247519 -0.7224358212
v 0.8288247575 -0.02759893055 0.3207742394
v 0.2774923974 -0.4608531904 -0.7079693731
v 0.8347354519 -0.0007704990483 0.3063078164
v 0.2722744006 -0.4871096699 -0.6922421066
v 0.8399534237 0.02548601247 0.2905805248
v 0.2677620958 -0.512728967 -0.6752931056
v 0.8444657285 0.05110531899 0.2736315238
v 0.2639666964 -0.5376474136 -0.6571644642
v 0.8482611279 0.07602373429 0.2555028825
v 0.2608975845 -0.5618029975 -0.6379013373
v 0.8513302397 0.1001793119 0.2362397806
v 0.2585624366 -0.5851356628 -0.6175516388
v 0.8536653375 0.123511996 0.215890057
v 0.2569670724 -0.6075874611 -0.5961658416
v 0.8552607017 0.1459637692 0.1945042723
v 0.2561154305 -0.6291025009 -0.573797178
v 0.8561124189 0.1674788341 0.1721355962
v 0.2560096181 -0.6496273493 -0.5505012887
v 0.8562181811 0.18800367 0.148839732
v 0.256649886 -0.6691109314 -0.5263360718
v 0.8555778881 0.2074872771 0.1246744901
v 0.2580347041 -0.6875048814 -0.5013615832
v 0.8541931453 0.225881202 0.09970002026
v 0.2601606104 -0.7047633423 -0.4756398854
v 0.852067264 0.243139688 0.07397833497
v 0.2630222616 -0.7208435677 -0.4492350478
v 0.8492055626 0.2592198884 0.04757347854
v 0.2666125836 -0.7357054703 -0.4222125948
v 0.8456152657 0.274081791 0.02055103341
v 0.2709226708 -0.7493121236 -0.3946397568
v 0.8413051534 0.2876884443 -0.007021803078
v 0.2759417865 -0.7616296617 -0.3665850934
v 0.8362860126 0.3000060074 -0.03507646954
v 0.2816574629 -0.77262758 -0.3381183437
v 0.8305703362 0.3110039006 -0.06354323183
v 0.2880554764 -0.7822783844 -0.3093102498
v 0.8241723228 0.3206547301 -0.09235131942
v 0.2951199224 -0.7905582432 -0.2802324572
v 0.8171079269 0.3289345639 -0.1214291245
v 0.3028332408 -0.7974463854 -0.2509572886
v 0.8093946085 0.3358227311 -0.1507042806
v 0.3111762409 -0.8029258528 -0.221557443
v 0.8010515833 0.3413021734 -0.1801041137
v 0.3201282268 -0.8069829485 -0.1921061336
v 0.7920996225 0.3453592441 -0.2095554356
v 0.3296668721 -0.809607588 -0.1626764733
v 0.7825609522 0.3479839086 -0.2389850834
v 0.3397685206 -0.8107931987 -0.1333417006
v 0.7724593036 0.3491695194 -0.2683198561
v 0.3504080364 -0.810536921 -0.1041746774
v 0.7618197628 0.3489132667 -0.2974868793
v 0.3615589788 -0.8088393567 -0.07524798984
v 0.7506688204 0.3472156774 -0.3264135794
v 0.3731936028 -0.8057047205 -0.04663350284
v 0.7390342214 0.3440810662 -0.3550280601
v 0.3852830095 -0.801140839 -0.01840237731
v 0.7269448147 0.3395171848 -0.3832591778
v 0.3977970958 -0.795159001 0.009375197139
v -0.3977970958 0.795159001 -0.009375197139
v -0.701522994 -0.3261504532 0.4382917164
v -0.4107048052 0.7877741074 -0.03663016915
v -0.6882537964 -0.317380867 0.4649563438
v -0.4239740278 0.7790045213 -0.0632947746
v -0.6746560235 -0.3072483879 0.490964272
v -0.4375718007 0.7688720672 -0.08930271533
v -0.6607635914 -0.295778202 0.5162509298
v -0.4514642328 0.7574018814 -0.114589348
v -0.6466109681 -0.2829988322 0.5407533516
v -0.4656168561 0.7446225115 -0.1390917949
v -0.6322333241 -0.2689420873 0.564410729
v -0.4799945001 0.7305657666 -0.1627491473
v -0.6176664821 -0.2536428116 0.5871641604
v -0.4945613421 0.7152664659 -0.1855025787
v -0.6029465658 -0.2371391359 0.608957052
v -0.5092812083 0.6987628403 -0.2072955078
v -0.5881102508 -0.2194720504 0.6297353685
v -0.5241175734 0.6810957298 -0.2280737867
v -0.5731943633 -0.2006855309 0.6494473328
v -0.5390334107 0.6623091851 -0.247785751
v -0.5582360305 -0.1808261994 0.6680439268
v -0.5539917938 0.6424498662 -0.2663823701
v -0.5432724295 -0.1599434752 0.6854789926
v -0.5689553947 0.621567142 -0.2838174359
v -0.5283407379 -0.1380892612 0.7017091315
v -0.5838870863 0.5997129405 -0.3000475748
v -0.5134780827 -0.1153179184 0.7166940053
v -0.5987497415 0.5769415978 -0.3150324486
v -0.4987214406 -0.09168605335 0.7303963865
v -0.6135063836 0.5533097076 -0.3287348047
v -0.4841074873 -0.06725237956 0.7427821582
v -0.628120337 0.5288760714 -0.3411205764
v -0.469672547 -0.04207769276 0.753820515
v -0.642555227 0.503701347 -0.3521589834
v -0.455452543 -0.01622454314 0.7634841634
v -0.6567752813 0.477848199 -0.3618225816
v -0.4414827458 0.01024275763 0.7717488704
v -0.6707450784 0.4513808974 -0.3700873137
v -0.427797975 0.0372584523 0.7785942159
v -0.6844298493 0.4243652176 -0.3769326592
v -0.4144322217 0.06475532705 0.7840031417
v -0.6977955774 0.3968683397 -0.382341585
v -0.4014186999 0.09266506902 0.7879622518
v -0.7108091494 0.3689585978 -0.3863006701
v -0.3887897703 0.1209182623 0.7904616624
v -0.7234380539 0.3407054045 -0.3888000806
v -0.3765768406 0.1494446538 0.791495102
v -0.7356509837 0.3121790255 -0.3898335202
v -0.3648102646 0.1781733257 0.791060062
v -0.7474175346 0.2834503537 -0.3893984802
v -0.3535192925 0.2070328958 0.7891576461
v -0.7587085066 0.2545907835 -0.3874960894
v -0.3427320207 0.2359515684 0.7857925204
v -0.7694958035 0.2256721109 -0.3841309888
v -0.3324752408 0.2648574723 0.7809731639
v -0.7797525834 0.196766207 -0.3793115822
v -0.3227744653 0.2936787112 0.774711367
v -0.7894533589 0.1679449681 -0.3730498103
v -0.3136538017 0.3223436648 0.7670229338
v -0.7985739975 0.139280002 -0.3653613521
v -0.3051359527 0.350781064 0.7579267792
v -0.8070918715 0.1108426153 -0.3562651974
v 0.5130536791 -0.4345064016 -0.7402567085
v 0.9619439962 -0.1776827831 0.2075871943
v 0.5067675489 -0.4585841187 -0.7299911987
v 0.9682301264 -0.1536050408 0.197321672
v 0.5010550835 -0.4822827374 -0.7185728905
v 0.9739425918 -0.1299064347 0.1859033764
v 0.4959304815 -0.5055433058 -0.7060303318
v 0.979067244 -0.1066458538 0.17336078
v 0.4914064365 -0.528308076 -0.6923945788
v 0.9835912388 -0.08388112742 0.159725027
v 0.4874941868 -0.5505203038 -0.6776995477
v 0.9875034383 -0.06166885577 0.1450300211
v 0.4842035162 -0.5721249004 -0.6619818139
v 0.9907942093 -0.04006426231 0.1293122997
v 0.4815425523 -0.5930680816 -0.6452804611
v 0.993455123 -0.01912107795 0.1126109344
v 0.479517968 -0.6132978193 -0.6276369815
v 0.9954796571 0.001108649218 0.09496744851
v 0.4781347303 -0.632763791 -0.6090952252
v 0.9968628948 0.02057463613 0.07642571735
v 0.4773963514 -0.6514176311 -0.5897013504
v 0.9976013239 0.03922846216 0.05703184256
v 0.4773045871 -0.6692129307 -0.5695035221
v 0.9976930381 0.05702375863 0.03683398598
v 0.4778597385 -0.6861054382 -0.5485519621
v 0.9971379368 0.07391627867 0.01588241665
v 0.4790604008 -0.70205321 -0.526898749
v 0.9959372243 0.08986405042 -0.005770772546
v 0.4809035637 -0.71701656 -0.5045977673
v 0.9940941116 0.1048274005 -0.02807176566
v 0.4833846616 -0.7309583111 -0.4817044066
v 0.9916130137 0.1187691139 -0.05096512319
v 0.4864975232 -0.7438437442 -0.4582756121
v 0.9885001521 0.1316545596 -0.07439393968
v 0.4902344223 -0.7556408999 -0.4343696332
v 0.984763253 0.1434517153 -0.0982999186
v 0.5999356533 -0.3847986004 -0.5568030725
v 0.875062022 -0.2273905717 0.02413353017
v 0.5960829075 -0.3995559198 -0.5505112729
v 0.878914818 -0.2126332523 0.01784173991
v 0.5925817158 -0.4140808934 -0.5435130035
v 0.8824160097 -0.1981082912 0.01084346743
v 0.4945860768 -0.7663203776 -0.4100458482
v 0.9804116486 0.1541311929 -0.1226236784
v 0.5894408081 -0.4283373724 -0.5358255738
v 0.8855568672 -0.1838518122 0.003156062961
v 0.5866680111 -0.4422899606 -0.5274681994
v 0.8883296642 -0.1698992366 -0.005201342146
v 0.5842701985 -0.4559038888 -0.5184615513
v 0.8907274768 -0.1562852707 -0.0142079597
v 0.5822532905 -0.4691454417 -0.5088281064
v 0.8927443848 -0.1430437555 -0.02384140933
v 0.5806224047 -0.4819815559 -0.4985917966
v 0.8943752706 -0.1302076037 -0.0340777238
v 0.4995415997 -0.7758556864 -0.3853648147
v 0.9754560756 0.1636665017 -0.1473047245
v 0.5793815045 -0.4943804726 -0.4877780591
v 0.8956161206 -0.1178087245 -0.04489148009
v 0.5785337509 -0.5063111858 -0.476413786
v 0.8964639244 -0.1058779737 -0.05625577199
v 0.5780812009 -0.5177441943 -0.4645271739
v 0.8969164744 -0.09444497778 -0.06814233394
v 0.5050887991 -0.7842230449 -0.3603878175
v 0.9699088762 0.1720338854 -0.1722817092
v 0.5780249583 -0.5286510006 -0.4521478743
v 0.8969726668 -0.08353819035 -0.08052165861
v 0.5783652237 -0.5390044616 -0.4393065924
v 0.8966325017 -0.07318470425 -0.09336294678
v 0.5791010941 -0.5487788894 -0.4260352877
v 0.8958965812 -0.06341027018 -0.1066342515
v 0.5112137272 -0.7914017824 -0.3351770195
v 0.9637838979 0.1792125852 -0.1974925071
v 0.5802307633 -0.5579500008 -0.412366923
v 0.894766912 -0.05423919639 -0.1203026162
v 0.5817514216 -0.5664949175 -0.3983355149
v 0.8932462035 -0.04569426403 -0.1343340243
v 0.5179012823 -0.7973739372 -0.3097950854
v 0.957096393 0.18518474 -0.2228744538
v 0.5836593062 -0.5743924669 -0.3839759327
v 0.8913383691 -0.03779673029 -0.1486936065
v 0.5859497009 -0.5816229817 -0.3693238739
v 0.8890480246 -0.03056622177 -0.1633456654
v 0.5251348075 -0.8021246586 -0.284305056
v 0.949862918 0.189935474 -0.2483644581
v 0.5886168359 -0.5881684502 -0.354415763
v 0.8863808896 -0.0240207329 -0.1782537762
v 0.5916540886 -0.5940126668 -0.339288652
v 0.8833435867 -0.01817651152 -0.1933808746
v 0.5328962407 -0.8056422064 -0.2587703738
v 0.9421014346 0.1934530468 -0.2738991655
v 0.5950539834 -0.5991410819 -0.323980195
v 0.8799437421 -0.01304809414 -0.2086893442
v 0.5411664164 -0.8079178004 -0.2332545059
v 0.9338313091 0.1957286157 -0.2994150333
v 0.598807991 -0.6035409516 -0.308528422
v 0.8761896843 -0.008648247935 -0.2241411172
v 0.6029067795 -0.6072012884 -0.2929717147
v 0.8720908456 -0.004987896634 -0.2396977994
v 0.5499246637 -0.8089457712 -0.2078208697
v 0.9250730116 0.1967565866 -0.3248486695
v 0.6073402142 -0.6101130112 -0.2773488056
v 0.8676574611 -0.00207615623 -0.2553207085
v 0.6120972573 -0.6122689453 -0.2616985278
v 0.8629003678 7.976081823e-05 -0.2709710114
v 0.5591492583 -0.8087235601 -0.1825327067
v 0.915848417 0.1965343755 -0.3501368074
v 0.6171660682 -0.6136636723 -0.2460597644
v 0.8578316071 0.001474477683 -0.2866097748
v 0.6225340036 -0.6142936801 -0.2304713986
v 0.8524636216 0.002104508219 -0.3021981155
v 0.5688172215 -0.8072517692 -0.1574528949
v 0.9061804037 0.1950625971 -0.3752166318
v 0.6281878181 -0.6141575137 -0.2149722133
v 0.8468098572 0.001968337728 -0.3176973259
v 0.5789046212 -0.8045340108 -0.1326437852
v 0.8960930541 0.1923448136 -0.400025754
v 0.6341133633 -0.6132554241 -0.1996007153
v 0.840884312 0.001066268124 -0.3330688239
v 0.6402959389 -0.6115897189 -0.1843951356
v 0.8347017364 -0.0005994685844 -0.3482744036
v 0.5893862713 -0.800577058 -0.1081670389
v 0.8856113539 0.1883878734 -0.4245024878
v 0.646720142 -0.6091645125 -0.1693932536
v 0.8282774831 -0.00302469074 -0.3632762856
v 0.6002361826 -0.7953907447 -0.0840835269
v 0.6533701185 -0.6059857752 -0.1546323971
v -0.6533701185 0.6059857752 0.1546323971
v -0.6002361826 0.7953907447 0.0840835269
v -0.8147684642 0.01012769557 0.3925202975
v -0.6602292111 0.6020614844 0.1401492417
v -0.8635703626 -0.1767987552 0.4722164099
v -0.6114273127 0.7889879148 0.06045311681
v -0.8077172635 0.01478782075 0.4066897284
v -0.6672804118 0.5974013733 0.1259798108
v -0.8004915151 0.02017215449 0.4205102141
v -0.6745061602 0.5920170317 0.1121593126
v -0.8520657589 -0.1691954009 0.4953349417
v -0.6229319164 0.781384573 0.03733457552
v -0.7931091301 0.02626735579 0.4339473869
v -0.6818885452 0.5859218053 0.09872213346
v -0.8402763798 -0.1604104371 0.5178841738
v -0.6347212955 0.7725996343 0.01478534665
v -0.7855885217 0.03305825395 0.4469678827
v -0.6894091536 0.5791309464 0.08570166283
v -0.7779483037 0.04052793791 0.4595392902
v -0.6970493716 0.5716612624 0.07313026153
v -0.8282314253 -0.1504656132 0.5398080138
v -0.64676625 0.7626547727 -0.007138468286
v -0.7702075413 0.04865788016 0.4716303024
v -0.704790134 0.563531317 0.06103921171
v -0.7623854503 0.05742785517 0.4832109666
v -0.7126121748 0.5547613295 0.04945855689
v -0.8159608983 -0.1393857642 0.561051925
v -0.6590367268 0.7515749238 -0.02838240774
v -0.7545015476 0.06681604133 0.4942524341
v -0.7204961277 0.5453731245 0.03841708002
v -0.7465752999 0.07679912127 0.5047272608
v -0.7284223754 0.5353900822 0.02794225019
v -0.8034953533 -0.1271983594 0.5815631769
v -0.671502322 0.7393875315 -0.04889363137
v -0.738626525 0.08735225994 0.5146094075
v -0.7363711503 0.5248369372 0.01806010344
v -0.7908656962 -0.1139337401 0.6012906944
v -0.6841319791 0.7261228996 -0.0686211489
v -0.7306749405 0.09844924254 0.5238743403
v -0.7443227348 0.5137399296 0.008795211447
v -0.7227403141 0.1100624558 0.5324989299
v -0.7522573612 0.5021267038 0.0001705997038
v -0.7781033347 -0.09962481267 0.6201854095
v -0.6968943406 0.711813991 -0.08751588913
v -0.7148423633 0.1221630257 0.540461803
v -0.760155312 0.490026159 -0.007792292817
v -0.7070007555 0.1347208869 0.5477431921
v -0.7679968696 0.4774682978 -0.01507365599
v -0.7652400775 -0.08430724314 0.6382004618
v -0.7097575978 0.6964964278 -0.1055309351
v -0.6992350075 0.1477048073 0.5543249348
v -0.7757626678 0.4644843773 -0.02165538775
v -0.6915643352 0.161082514 0.5601906752
v -0.7834333401 0.4511066581 -0.02752113911
v -0.752307834 -0.06801906172 0.6552909474
v -0.7226898413 0.6802082401 -0.1226214333
v -0.6840079041 0.1748207304 0.5653258634
v -0.7909897712 0.4373684542 -0.03265633047
v -0.6765844284 0.1888853147 0.5697177056
v -0.7984132469 0.4233038825 -0.03704815703
v -0.6693124215 0.2032413221 0.5733552644
v -0.8056852538 0.4089478626 -0.0406857503
v -0.7393387645 -0.05080077278 0.6714144711
v -0.7356589108 0.6629899668 -0.1387449319
v -0.662209895 0.2178530302 0.576229559
v -0.8127877803 0.3943361669 -0.0435600386
v -0.6552946099 0.2326841022 0.5783333646
v -0.8197030654 0.3795050699 -0.04566385363
v -0.6485836747 0.2476976994 0.5796615638
v -0.8264140006 0.3644914727 -0.04699201513
v -0.7263650791 -0.03269520738 0.6865308954
v -0.748632546 0.6448844046 -0.1538613688
v -0.6420937464 0.2628564939 0.5802107447
v -0.8329039289 0.3493327033 -0.04754119296
v -0.6358410808 0.2781227564 0.5799795529
v -0.8391565945 0.3340664157 -0.04731001994
v -0.6298410806 0.2934585822 0.5789686405
v -0.8451565947 0.3187306149 -0.04629908871
v -0.6241087973 0.3088258156 0.5771804157
v -0.8508888278 0.3033633816 -0.04451089219
v -0.6186583794 0.3241862507 0.5746194443
v -0.8563392959 0.2880029214 -0.0419498894
v -0.7134191387 -0.01374733046 0.7006026417
v -0.7615785366 0.6259365073 -0.16793309
v -0.6135034736 0.3395017318 0.5712919977
v -0.8614942518 0.2726874653 -0.03862243963
v -0.6086567735 0.3547341284 0.567206304
v -0.8663408516 0.2574550437 -0.03453679614
v -0.6041304206 0.3698456108 0.5623726987
v -0.8708672547 0.2423435613 -0.02970316577
v -0.7005330534 0.00599570741 0.7135947402
v -0.7744646219 0.6061934866 -0.1809251884
v -0.6877388327 0.02648485543 0.7254748299
v -0.7872588426 0.5857043104 -0.1928052782
v -0.6750683357 0.04766914684 0.7362134602
v -0.7999292894 0.5645200535 -0.2035439335
v -0.6625530704 0.06949591375 0.7457838893
v -0.8124445547 0.5426932458 -0.2131143752
v -0.6502241434 0.09191091727 0.7541623358
v -0.8247735319 0.5202782736 -0.2214928217
v -0.6381121594 0.1148584196 0.7613279784
v -0.8368854658 0.4973307776 -0.2286584392
v -0.6262473218 0.1382813566 0.7672629559
v -0.8487504037 0.4739078029 -0.2345934418
v -0.6146589813 0.1621215101 0.7719526182
v -0.860338694 0.4500676495 -0.239283079
v -0.6033761371 0.1863195895 0.7753851749
v -0.8716215382 0.4258695701 -0.2427156356
v -0.5924266848 0.2108154512 0.7775521468
v -0.8825709403 0.4013737208 -0.2448826076
v -0.5818379179 0.2355482119 0.7784481657
v -0.8931597073 0.3766409853 -0.2457786516
v -0.5716361765 0.2604563483 0.778071024
v -0.903361549 0.3517328489 -0.2454014848
v -0.5618467473 0.2854779232 0.7764215746
v -0.9131508778 0.3267112489 -0.2437520353
v -0.552494064 0.3105507988 0.7735039817
v -0.9225036113 0.3016383733 -0.2408344676
v -0.5436013059 0.3356125613 0.7693255203
v -0.9313963694 0.2765766108 -0.236655956
v -0.5351905989 0.3606009475 0.7638964756
v -0.9398070764 0.2515882246 -0.2312269615
v -0.5272828646 0.3854538446 0.7572304944
v -0.9477148608 0.2267353275 -0.2245609802
v -0.5198977704 0.4101094159 0.7493440329
v -0.9550998547 0.2020797687 -0.2166744937
f 1 3 39
f 37 1 39
f 2 4 40
f 38 2 40
f 3 5 41
f 39 3 41
f 4 6 42
f 40 4 42
f 5 7 45
f 41 5 45
f 6 8 46
f 42 6 46
f 7 9 47
f 45 7 47
f 8 10 48
f 46 8 48
f 9 11 49
f 47 9 49
f 10 12 50
f 48 10 50
f 11 13 51
f 49 11 51
f 12 14 52
f 50 12 52
f 13 15 53
f 51 13 53
f 14 16 54
f 52 14 54
f 15 17 57
f 53 15 57
f 16 18 58
f 54 16 58
f 17 19 59
f 57 17 59
f 18 20 60
f 58 18 60
f 19 21 61
f 59 19 61
f 20 22 62
f 60 20 62
f 21 23 65
f 61 21 65
f 22 24 66
f 62 22 66
f 23 25 67
f 65 23 67
f 24 26 68
f 66 24 68
f 25 27 69
f 67 25 69
f 26 28 70
f 68 26 70
f 27 29 73
f 69 27 73
f 28 30 74
f 70 28 74
f 29 31 75
f 73 29 75
f 30 32 76
f 74 30 76
f 31 33 79
f 75 31 79
f 32 34 80
f 76 32 80
f 33 35 81
f 79 33 81
f 34 36 82
f 80 34 82
f 35 43 85
f 81 35 85
f 36 44 86
f 82 36 86
f 43 55 87
f 85 43 87
f 44 56 88
f 86 44 88
f 55 63 91
f 87 55 91
f 56 64 92
f 88 56 92
f 63 71 95
f 91 63 95
f 64 72 96
f 92 64 96
f 71 77 97
f 95 71 97
f 72 78 98
f 96 72 98
f 77 83 101
f 97 77 101
f 78 84 102
f 98 78 102
f 83 89 103
f 101 83 103
f 84 90 104
f 102 84 104
f 89 93 107
f 103 89 107
f 90 94 108
f 104 90 108
f 93 99 109
f 107 93 109
f 94 100 110
f 108 94 110
f 99 105 113
f 109 99 113
f 100 106 114
f 110 100 114
f 105 111 117
f 113 105 117
f 106 112 118
f 114 106 118
f 111 115 119
f 117 111 119
f 112 116 120
f 118 112 120
f 119 115 123
f 115 121 123
f 120 116 124
f 116 122 124
f 123 121 126
f 121 125 126
f 132 128 127
f 130 132 127
f 137 131 129
f 133 137 129
f 138 132 130
f 134 138 130
f 135 141 133
f 141 137 133
f 136 142 134
f 142 138 134
f 139 147 135
f 147 141 135
f 140 148 136
f 148 142 136
f 143 153 139
f 153 147 139
f 144 154 140
f 154 148 140
f 145 159 143
f 159 153 143
f 146 160 144
f 160 154 144
f 149 163 145
f 163 159 145
f 150 164 146
f 164 160 146
f 151 169 149
f 169 163 149
f 152 170 150
f 170 164 150
f 155 175 151
f 175 169 151
f 156 176 152
f 176 170 152
f 157 181 155
f 181 175 155
f 158 182 156
f 182 176 156
f 161 189 157
f 189 181 157
f 162 190 158
f 190 182 158
f 165 197 161
f 197 189 161
f 166 198 162
f 198 190 162
f 167 209 165
f 209 197 165
f 168 210 166
f 210 198 166
f 171 217 167
f 217 209 167
f 172 218 168
f 218 210 168
f 173 219 171
f 219 217 171
f 174 220 172
f 220 218 172
f 177 221 173
f 221 219 173
f 178 222 174
f 222 220 174
f 179 223 177
f 223 221 177
f 180 224 178
f 224 222 178
f 183 225 179
f 225 223 179
f 184 226 180
f 226 224 180
f 185 227 183
f 227 225 183
f 186 228 184
f 228 226 184
f 187 229 185
f 229 227 185
f 188 230 186
f 230 228 186
f 191 231 187
f 231 229 187
f 192 232 188
f 232 230 188
f 193 233 191
f 233 231 191
f 194 234 192
f 234 232 192
f 195 235 193
f 235 233 193
f 196 236 194
f 236 234 194
f 199 237 195
f 237 235 195
f 200 238 196
f 238 236 196
f 201 239 199
f 239 237 199
f 202 240 200
f 240 238 200
f 203 241 201
f 241 239 201
f 204 242 202
f 242 240 202
f 205 243 203
f 243 241 203
f 206 244 204
f 244 242 204
f 207 245 205
f 245 243 205
f 208 246 206
f 246 244 206
f 211 247 207
f 247 245 207
f 212 248 208
f 248 246 208
f 213 249 211
f 249 247 211
f 214 250 212
f 250 248 212
f 215 251 213
f 251 249 213
f 216 252 214
f 252 250 214
f 3 1 255
f 255 1 253
f 4 2 256
f 256 2 254
f 5 3 257
f 257 3 255
f 6 4 258
f 258 4 256
f 7 5 259
f 259 5 257
f 8 6 260
f 260 6 258
f 9 7 261
f 261 7 259
f 10 8 262
f 262 8 260
f 11 9 263
f 263 9 261
f 12 10 264
f 264 10 262
f 13 11 265
f 265 11 263
f 14 12 266
f 266 12 264
f 15 13 267
f 267 13 265
f 16 14 268
f 268 14 266
f 17 15 269
f 269 15 267
f 18 16 270
f 270 16 268
f 19 17 271
f 271 17 269
f 20 18 272
f 272 18 270
f 21 19 273
f 273 19 271
f 22 20 274
f 274 20 272
f 23 21 275
f 275 21 273
f 24 22 276
f 276 22 274
f 25 23 277
f 277 23 275
f 26 24 278
f 278 24 276
f 27 25 279
f 279 25 277
f 28 26 280
f 280 26 278
f 29 27 281
f 281 27 279
f 30 28 282
f 282 28 280
f 31 29 283
f 283 29 281
f 32 30 284
f 284 30 282
f 33 31 285
f 285 31 283
f 34 32 286
f 286 32 284
f 35 33 287
f 287 33 285
f 36 34 288
f 288 34 286
f 43 35 289
f 289 35 287
f 44 36 290
f 290 36 288
f 55 43 291
f 291 43 289
f 56 44 292
f 292 44 290
f 63 55 293
f 293 55 291
f 64 56 294
f 294 56 292
f 71 63 295
f 295 63 293
f 72 64 296
f 296 64 294
f 77 71 297
f 297 71 295
f 78 72 298
f 298 72 296
f 83 77 299
f 299 77 297
f 84 78 300
f 300 78 298
f 89 83 301
f 301 83 299
f 90 84 302
f 302 84 300
f 93 89 303
f 303 89 301
f 94 90 304
f 304 90 302
f 99 93 305
f 305 93 303
f 100 94 306
f 306 94 304
f 105 99 307
f 307 99 305
f 106 100 308
f 308 100 306
f 111 105 309
f 309 105 307
f 112 106 310
f 310 106 308
f 115 111 311
f 311 111 309
f 116 112 312
f 312 112 310
f 121 115 313
f 313 115 311
f 122 116 314
f 314 116 312
f 125 121 315
f 315 121 313
f 128 132 316
f 131 137 317
f 132 138 318
f 316 132 318
f 137 141 319
f 317 137 319
f 138 142 320
f 318 138 320
f 141 147 321
f 319 141 321
f 142 148 322
f 320 142 322
f 147 153 323
f 321 147 323
f 148 154 324
f 322 148 324
f 153 159 325
f 323 153 325
f 154 160 326
f 324 154 326
f 159 163 327
f 325 159 327
f 160 164 328
f 326 160 328
f 163 169 329
f 327 163 329
f 164 170 330
f 328 164 330
f 169 175 331
f 329 169 331
f 170 176 332
f 330 170 332
f 175 181 333
f 331 175 333
f 176 182 334
f 332 176 334
f 181 189 335
f 333 181 335
f 182 190 336
f 334 182 336
f 189 197 337
f 335 189 337
f 190 198 338
f 336 190 338
f 197 209 339
f 337 197 339
f 198 210 340
f 338 198 340
f 209 217 341
f 339 209 341
f 210 218 342
f 340 210 342
f 217 219 343
f 341 217 343
f 218 220 344
f 342 218 344
f 219 221 345
f 343 219 345
f 220 222 346
f 344 220 346
f 221 223 347
f 345 221 347
f 222 224 348
f 346 222 348
f 223 225 349
f 347 223 349
f 224 226 350
f 348 224 350
f 225 227 351
f 349 225 351
f 226 228 352
f 350 226 352
f 227 229 353
f 351 227 353
f 228 230 354
f 352 228 354
f 229 231 355
f 353 229 355
f 230 232 356
f 354 230 356
f 231 233 357
f 355 231 357
f 232 234 358
f 356 232 358
f 233 235 359
f 357 233 359
f 234 236 360
f 358 234 360
f 235 237 361
f 359 235 361
f 236 238 362
f 360 236 362
f 237 239 363
f 361 237 363
f 238 240 364
f 362 238 364
f 239 241 365
f 363 239 365
f 240 242 366
f 364 240 366
f 241 243 367
f 365 241 367
f 242 244 368
f 366 242 368
f 243 245 369
f 367 243 369
f 244 246 370
f 368 244 370
f 245 247 371
f 369 245 371
f 246 248 372
f 370 246 372
f 247 249 373
f 371 247 373
f 248 250 374
f 372 248 374
f 249 251 375
f 373 249 375
f 250 252 376
f 374 250 376
f 375 251 377
f 376 252 378
f 255 253 381
f 381 253 379
f 256 254 382
f 382 254 380
f 257 255 383
f 383 255 381
f 258 256 384
f 384 256 382
f 259 257 385
f 385 257 383
f 260 258 386
f 386 258 384
f 261 259 387
f 387 259 385
f 262 260 388
f 388 260 386
f 263 261 389
f 389 261 387
f 264 262 390
f 390 262 388
f 265 263 391
f 391 263 389
f 266 264 392
f 392 264 390
f 267 265 393
f 393 265 391
f 268 266 394
f 394 266 392
f 269 267 395
f 395 267 393
f 270 268 396
f 396 268 394
f 271 269 397
f 397 269 395
f 272 270 398
f 398 270 396
f 273 271 399
f 399 271 397
f 274 272 400
f 400 272 398
f 275 273 401
f 401 273 399
f 276 274 402
f 402 274 400
f 277 275 403
f 403 275 401
f 278 276 404
f 404 276 402
f 279 277 405
f 405 277 403
f 280 278 406
f 406 278 404
f 281 279 407
f 407 279 405
f 282 280 408
f 408 280 406
f 283 281 409
f 409 281 407
f 284 282 410
f 410 282 408
f 285 283 411
f 411 283 409
f 286 284 412
f 412 284 410
f 287 285 413
f 413 285 411
f 288 286 414
f 414 286 412
f 289 287 415
f 415 287 413
f 290 288 416
f 416 288 414
f 291 289 417
f 417 289 415
f 292 290 418
f 418 290 416
f 293 291 419
f 419 291 417
f 294 292 420
f 420 292 418
f 295 293 421
f 421 293 419
f 296 294 422
f 422 294 420
f 297 295 423
f 423 295 421
f 298 296 424
f 424 296 422
f 299 297 425
f 425 297 423
f 300 298 426
f 426 298 424
f 301 299 427
f 427 299 425
f 302 300 428
f 428 300 426
f 303 301 429
f 429 301 427
f 304 302 430
f 430 302 428
f 305 303 431
f 431 303 429
f 306 304 432
f 432 304 430
f 307 305 433
f 433 305 431
f 308 306 434
f 434 306 432
f 309 307 435
f 435 307 433
f 310 308 436
f 436 308 434
f 311 309 437
f 437 309 435
f 312 310 438
f 438 310 436
f 313 311 439
f 439 311 437
f 314 312 440
f 440 312 438
f 315 313 441
f 441 313 439
f 316 318 442
f 317 319 443
f 318 320 444
f 442 318 444
f 319 321 445
f 443 319 445
f 320 322 446
f 444 320 446
f 321 323 447
f 445 321 447
f 322 324 448
f 446 322 448
f 323 325 449
f 447 323 449
f 324 326 450
f 448 324 450
f 325 327 451
f 449 325 451
f 326 328 452
f 450 326 452
f 327 329 453
f 451 327 453
f 328 330 454
f 452 328 454
f 329 331 455
f 453 329 455
f 330 332 456
f 454 330 456
f 331 333 457
f 455 331 457
f 332 334 458
f 456 332 458
f 333 335 459
f 457 333 459
f 334 336 460
f 458 334 460
f 335 337 461
f 459 335 461
f 336 338 462
f 460 336 462
f 337 339 463
f 461 337 463
f 338 340 464
f 462 338 464
f 339 341 465
f 463 339 465
f 340 342 466
f 464 340 466
f 341 343 467
f 465 341 467
f 342 344 468
f 466 342 468
f 343 345 469
f 467 343 469
f 344 346 470
f 468 344 470
f 345 347 471
f 469 345 471
f 346 348 472
f 470 346 472
f 347 349 473
f 471 347 473
f 348 350 474
f 472 348 474
f 349 351 475
f 473 349 475
f 350 352 476
f 474 350 476
f 351 353 477
f 475 351 477
f 352 354 478
f 476 352 478
f 353 355 479
f 477 353 479
f 354 356 480
f 478 354 480
f 355 357 481
f 479 355 481
f 356 358 482
f 480 356 482
f 357 359 483
f 481 357 483
f 358 360 484
f 482 358 484
f 359 361 485
f 483 359 485
f 360 362 486
f 484 360 486
f 361 363 487
f 485 361 487
f 362 364 488
f 486 362 488
f 363 365 489
f 487 363 489
f 364 366 490
f 488 364 490
f 365 367 491
f 489 365 491
f 366 368 492
f 490 366 492
f 367 369 493
f 491 367 493
f 368 370 494
f 492 368 494
f 369 371 495
f 493 369 495
f 370 372 496
f 494 370 496
f 371 373 497
f 495 371 497
f 372 374 498
f 496 372 498
f 373 375 499
f 497 373 499
f 374 376 500
f 498 374 500
f 375 377 501
f 499 375 501
f 376 378 502
f 500 376 502
f 501 377 503
f 502 378 504
f 381 379 507
f 507 379 505
f 382 380 508
f 508 380 506
f 383 381 509
f 509 381 507
f 384 382 510
f 510 382 508
f 385 383 511
f 511 383 509
f 386 384 512
f 512 384 510
f 387 385 513
f 513 385 511
f 388 386 514
f 514 386 512
f 389 387 515
f 515 387 513
f 390 388 516
f 516 388 514
f 391 389 517
f 517 389 515
f 392 390 518
f 518 390 516
f 393 391 519
f 519 391 517
f 394 392 520
f 520 392 518
f 395 393 521
f 521 393 519
f 396 394 522
f 522 394 520
f 397 395 523
f 523 395 521
f 398 396 524
f 524 396 522
f 399 397 525
f 525 397 523
f 400 398 526
f 526 398 524
f 401 399 527
f 527 399 525
f 402 400 528
f 528 400 526
f 403 401 529
f 529 401 527
f 404 402 530
f 530 402 528
f 405 403 531
f 531 403 529
f 406 404 532
f 532 404 530
f 407 405 533
f 533 405 531
f 408 406 534
f 534 406 532
f 409 407 535
f 535 407 533
f 410 408 536
f 536 408 534
f 411 409 537
f 537 409 535
f 412 410 538
f 538 410 536
f 413 411 539
f 539 411 537
f 414 412 540
f 540 412 538
f 415 413 541
f 541 413 539
f 416 414 542
f 542 414 540
f 417 415 543
f 543 415 541
f 418 416 544
f 544 416 542
f 419 417 545
f 545 417 543
f 420 418 546
f 546 418 544
f 421 419 547
f 547 419 545
f 422 420 548
f 548 420 546
f 423 421 549
f 549 421 547
f 424 422 550
f 550 422 548
f 425 423 551
f 551 423 549
f 426 424 552
f 552 424 550
f 427 425 553
f 553 425 551
f 428 426 554
f 554 426 552
f 429 427 555
f 555 427 553
f 430 428 556
f 556 428 554
f 431 429 557
f 557 429 555
f 432 430 558
f 558 430 556
f 433 431 559
f 559 431 557
f 434 432 560
f 560 432 558
f 435 433 561
f 561 433 559
f 436 434 562
f 562 434 560
f 437 435 563
f 563 435 561
f 438 436 564
f 564 436 562
f 439 437 565
f 565 437 563
f 440 438 566
f 566 438 564
f 441 439 567
f 567 439 565
f 442 444 568
f 443 445 569
f 444 446 570
f 568 444 570
f 445 447 571
f 569 445 571
f 446 448 572
f 570 446 572
f 447 449 573
f 571 447 573
f 448 450 574
f 572 448 574
f 449 451 575
f 573 449 575
f 450 452 576
f 574 450 576
f 451 453 577
f 575 451 577
f 452 454 578
f 576 452 578
f 453 455 579
f 577 453 579
f 454 456 580
f 578 454 580
f 455 457 581
f 579 455 581
f 456 458 582
f 580 456 582
f 457 459 583
f 581 457 583
f 458 460 584
f 582 458 584
f 459 461 585
f 583 459 585
f 460 462 586
f 584 460 586
f 461 463 587
f 585 461 587
f 462 464 588
f 586 462 588
f 463 465 589
f 587 463 589
f 464 466 590
f 588 464 590
f 465 467 591
f 589 465 591
f 466 468 592
f 590 466 592
f 467 469 593
f 591 467 593
f 468 470 594
f 592 468 594
f 469 471 595
f 593 469 595
f 470 472 596
f 594 470 596
f 471 473 597
f 595 471 597
f 472 474 598
f 596 472 598
f 473 475 599
f 597 473 599
f 474 476 600
f 598 474 600
f 475 477 601
f 599 475 601
f 476 478 602
f 600 476 602
f 477 479 603
f 601 477 603
f 478 480 604
f 602 478 604
f 479 481 605
f 603 479 605
f 480 482 606
f 604 480 606
f 481 483 607
f 605 481 607
f 482 484 608
f 606 482 608
f 483 485 609
f 607 483 609
f 484 486 610
f 608 484 610
f 485 487 611
f 609 485 611
f 486 488 612
f 610 486 612
f 487 489 613
f 611 487 613
f 488 490 614
f 612 488 614
f 489 491 615
f 613 489 615
f 490 492 616
f 614 490 616
f 491 493 617
f 615 491 617
f 492 494 618
f 616 492 618
f 493 495 619
f 617 493 619
f 494 496 620
f 618 494 620
f 495 497 621
f 619 495 621
f 496 498 622
f 620 496 622
f 497 499 623
f 621 497 623
f 498 500 624
f 622 498 624
f 499 501 625
f 623 499 625
f 500 502 626
f 624 500 626
f 501 503 627
f 625 501 627
f 502 504 628
f 626 502 628
f 627 503 629
f 628 504 630
f 507 505 633
f 633 505 631
f 508 506 634
f 634 506 632
f 509 507 635
f 635 507 633
f 510 508 636
f 636 508 634
f 511 509 637
f 637 509 635
f 512 510 638
f 638 510 636
f 513 511 639
f 639 511 637
f 514 512 640
f 640 512 638
f 515 513 641
f 641 513 639
f 516 514 642
f 642 514 640
f 517 515 643
f 643 515 641
f 518 516 644
f 644 516 642
f 519 517 645
f 645 517 643
f 520 518 646
f 646 518 644
f 521 519 647
f 647 519 645
f 522 520 648
f 648 520 646
f 523 521 649
f 649 521 647
f 524 522 650
f 650 522 648
f 525 523 651
f 651 523 649
f 526 524 652
f 652 524 650
f 527 525 653
f 653 525 651
f 528 526 654
f 654 526 652
f 529 527 655
f 655 527 653
f 530 528 656
f 656 528 654
f 531 529 657
f 657 529 655
f 532 530 658
f 658 530 656
f 533 531 659
f 659 531 657
f 534 532 660
f 660 532 658
f 535 533 661
f 661 533 659
f 536 534 662
f 662 534 660
f 537 535 663
f 663 535 661
f 538 536 664
f 664 536 662
f 539 537 665
f 665 537 663
f 540 538 666
f 666 538 664
f 541 539 667
f 667 539 665
f 542 540 668
f 668 540 666
f 543 541 669
f 669 541 667
f 544 542 670
f 670 542 668
f 545 543 671
f 671 543 669
f 546 544 672
f 672 544 670
f 547 545 673
f 673 545 671
f 548 546 674
f 674 546 672
f 549 547 675
f 675 547 673
f 550 548 676
f 676 548 674
f 551 549 677
f 677 549 675
f 552 550 678
f 678 550 676
f 553 551 679
f 679 551 677
f 554 552 680
f 680 552 678
f 555 553 681
f 681 553 679
f 556 554 682
f 682 554 680
f 557 555 683
f 683 555 681
f 558 556 684
f 684 556 682
f 559 557 685
f 685 557 683
f 560 558 686
f 686 558 684
f 561 559 687
f 687 559 685
f 562 560 688
f 688 560 686
f 563 561 689
f 689 561 687
f 564 562 690
f 690 562 688
f 565 563 691
f 691 563 689
f 566 564 692
f 692 564 690
f 567 565 693
f 693 565 691
f 568 570 694
f 569 571 695
f 570 572 696
f 694 570 696
f 571 573 697
f 695 571 697
f 572 574 698
f 696 572 698
f 573 575 699
f 697 573 699
f 574 576 700
f 698 574 700
f 575 577 701
f 699 575 701
f 576 578 702
f 700 576 702
f 577 579 703
f 701 577 703
f 578 580 704
f 702 578 704
f 579 581 705
f 703 579 705
f 580 582 706
f 704 580 706
f 581 583 707
f 705 581 707
f 582 584 708
f 706 582 708
f 583 585 709
f 707 583 709
f 584 586 710
f 708 584 710
f 585 587 711
f 709 585 711
f 586 588 712
f 710 586 712
f 587 589 713
f 711 587 713
f 588 590 714
f 712 588 714
f 589 591 715
f 713 589 715
f 590 592 716
f 714 590 716
f 591 593 717
f 715 591 717
f 592 594 718
f 716 592 718
f 593 595 719
f 717 593 719
f 594 596 720
f 718 594 720
f 595 597 721
f 719 595 721
f 596 598 722
f 720 596 722
f 597 599 723
f 721 597 723
f 598 600 724
f 722 598 724
f 599 601 725
f 723 599 725
f 600 602 726
f 724 600 726
f 601 603 727
f 725 601 727
f 602 604 728
f 726 602 728
f 603 605 729
f 727 603 729
f 604 606 730
f 728 604 730
f 605 607 731
f 729 605 731
f 606 608 732
f 730 606 732
f 607 609 733
f 731 607 733
f 608 610 734
f 732 608 734
f 609 611 735
f 733 609 735
f 610 612 736
f 734 610 736
f 611 613 737
f 735 611 737
f 612 614 738
f 736 612 738
f 613 615 739
f 737 613 739
f 614 616 740
f 738 614 740
f 615 617 741
f 739 615 741
f 616 618 742
f 740 616 742
f 617 619 743
f 741 617 743
f 618 620 744
f 742 618 744
f 619 621 745
f 743 619 745
f 620 622 746
f 744 620 746
f 621 623 747
f 745 621 747
f 622 624 748
f 746 622 748
f 623 625 749
f 747 623 749
f 624 626 750
f 748 624 750
f 625 627 751
f 749 625 751
f 626 628 752
f 750 626 752
f 627 629 753
f 751 627 753
f 628 630 754
f 752 628 754
f 753 629 755
f 754 630 756
f 633 631 759
f 759 631 757
f 634 632 760
f 760 632 758
f 635 633 761
f 761 633 759
f 636 634 762
f 762 634 760
f 637 635 763
f 763 635 761
f 638 636 764
f 764 636 762
f 639 637 765
f 765 637 763
f 640 638 766
f 766 638 764
f 641 639 767
f 767 639 765
f 642 640 768
f 768 640 766
f 643 641 769
f 769 641 767
f 644 642 770
f 770 642 768
f 645 643 771
f 771 643 769
f 646 644 772
f 772 644 770
f 647 645 773
f 773 645 771
f 648 646 774
f 774 646 772
f 649 647 775
f 775 647 773
f 650 648 776
f 776 648 774
f 651 649 777
f 777 649 775
f 652 650 778
f 778 650 776
f 653 651 779
f 779 651 777
f 654 652 780
f 780 652 778
f 655 653 781
f 781 653 779
f 656 654 782
f 782 654 780
f 657 655 783
f 783 655 781
f 658 656 784
f 784 656 782
f 659 657 785
f 785 657 783
f 660 658 786
f 786 658 784
f 661 659 787
f 787 659 785
f 662 660 788
f 788 660 786
f 663 661 789
f 789 661 787
f 664 662 790
f 790 662 788
f 665 663 791
f 791 663 789
f 666 664 792
f 792 664 790
f 667 665 793
f 793 665 791
f 668 666 794
f 794 666 792
f 669 667 795
f 795 667 793
f 670 668 796
f 796 668 794
f 671 669 797
f 797 669 795
f 672 670 798
f 798 670 796
f 673 671 799
f 799 671 797
f 674 672 800
f 800 672 798
f 675 673 801
f 801 673 799
f 676 674 802
f 802 674 800
f 677 675 803
f 803 675 801
f 678 676 804
f 804 676 802
f 679 677 805
f 805 677 803
f 680 678 806
f 806 678 804
f 681 679 807
f 807 679 805
f 682 680 808
f 808 680 806
f 683 681 809
f 809 681 807
f 684 682 810
f 810 682 808
f 685 683 811
f 811 683 809
f 686 684 812
f 812 684 810
f 687 685 813
f 813 685 811
f 688 686 814
f 814 686 812
f 689 687 815
f 815 687 813
f 690 688 816
f 816 688 814
f 691 689 817
f 817 689 815
f 692 690 818
f 818 690 816
f 693 691 819
f 819 691 817
f 694 696 820
f 695 697 821
f 696 698 822
f 820 696 822
f 697 699 823
f 821 697 823
f 698 700 824
f 822 698 824
f 699 701 825
f 823 699 825
f 700 702 826
f 824 700 826
f 701 703 827
f 825 701 827
f 702 704 828
f 826 702 828
f 703 705 829
f 827 703 829
f 704 706 830
f 828 704 830
f 705 707 831
f 829 705 831
f 706 708 832
f 830 706 832
f 707 709 833
f 831 707 833
f 708 710 834
f 832 708 834
f 709 711 835
f 833 709 835
f 710 712 836
f 834 710 836
f 711 713 837
f 835 711 837
f 712 714 838
f 836 712 838
f 713 715 839
f 837 713 839
f 714 716 840
f 838 714 840
f 715 717 841
f 839 715 841
f 716 718 842
f 840 716 842
f 717 719 843
f 841 717 843
f 718 720 844
f 842 718 844
f 719 721 845
f 843 719 845
f 720 722 846
f 844 720 846
f 721 723 847
f 845 721 847
f 722 724 848
f 846 722 848
f 723 725 849
f 847 723 849
f 724 726 850
f 848 724 850
f 725 727 851
f 849 725 851
f 726 728 852
f 850 726 852
f 727 729 853
f 851 727 853
f 728 730 854
f 852 728 854
f 729 731 855
f 853 729 855
f 730 732 856
f 854 730 856
f 731 733 857
f 855 731 857
f 732 734 858
f 856 732 858
f 733 735 859
f 857 733 859
f 734 736 860
f 858 734 860
f 735 737 861
f 859 735 861
f 736 738 862
f 860 736 862
f 737 739 863
f 861 737 863
f 738 740 864
f 862 738 864
f 739 741 865
f 863 739 865
f 740 742 866
f 864 740 866
f 741 743 867
f 865 741 867
f 742 744 868
f 866 742 868
f 743 745 869
f 867 743 869
f 744 746 870
f 868 744 870
f 745 747 871
f 869 745 871
f 746 748 872
f 870 746 872
f 747 749 873
f 871 747 873
f 748 750 874
f 872 748 874
f 749 751 875
f 873 749 875
f 750 752 876
f 874 750 876
f 751 753 877
f 875 751 877
f 752 754 878
f 876 752 878
f 753 755 879
f 877 753 879
f 754 756 880
f 878 754 880
f 879 755 881
f 880 756 882
f 759 757 885
f 885 757 883
f 760 758 886
f 886 758 884
f 761 759 887
f 887 759 885
f 762 760 888
f 888 760 886
f 763 761 889
f 889 761 887
f 764 762 890
f 890 762 888
f 765 763 891
f 891 763 889
f 766 764 892
f 892 764 890
f 767 765 893
f 893 765 891
f 768 766 894
f 894 766 892
f 769 767 895
f 895 767 893
f 770 768 896
f 896 768 894
f 771 769 897
f 897 769 895
f 772 770 898
f 898 770 896
f 773 771 899
f 899 771 897
f 774 772 900
f 900 772 898
f 775 773 901
f 901 773 899
f 776 774 902
f 902 774 900
f 777 775 903
f 903 775 901
f 778 776 904
f 904 776 902
f 779 777 905
f 905 777 903
f 780 778 906
f 906 778 904
f 781 779 907
f 907 779 905
f 782 780 908
f 908 780 906
f 783 781 909
f 909 781 907
f 784 782 910
f 910 782 908
f 785 783 911
f 911 783 909
f 786 784 912
f 912 784 910
f 787 785 913
f 913 785 911
f 788 786 914
f 914 786 912
f 789 787 915
f 915 787 913
f 790 788 916
f 916 788 914
f 791 789 917
f 917 789 915
f 792 790 918
f 918 790 916
f 793 791 919
f 919 791 917
f 794 792 920
f 920 792 918
f 795 793 921
f 921 793 919
f 796 794 922
f 922 794 920
f 797 795 923
f 923 795 921
f 798 796 924
f 924 796 922
f 799 797 925
f 925 797 923
f 800 798 926
f 926 798 924
f 801 799 927
f 927 799 925
f 802 800 928
f 928 800 926
f 803 801 929
f 929 801 927
f 804 802 930
f 930 802 928
f 805 803 931
f 931 803 929
f 806 804 932
f 932 804 930
f 807 805 933
f 933 805 931
f 808 806 934
f 934 806 932
f 809 807 935
f 935 807 933
f 810 808 936
f 936 808 934
f 811 809 937
f 937 809 935
f 812 810 938
f 938 810 936
f 813 811 939
f 939 811 937
f 814 812 940
f 940 812 938
f 815 813 941
f 941 813 939
f 816 814 942
f 942 814 940
f 817 815 943
f 943 815 941
f 818 816 944
f 944 816 942
f 819 817 945
f 945 817 943
f 820 822 946
f 821 823 947
f 822 824 948
f 946 822 948
f 823 825 949
f 947 823 949
f 824 826 950
f 948 824 950
f 825 827 951
f 949 825 951
f 826 828 952
f 950 826 952
f 827 829 953
f 951 827 953
f 828 830 954
f 952 828 954
f 829 831 955
f 953 829 955
f 830 832 956
f 954 830 956
f 831 833 957
f 955 831 957
f 832 834 958
f 956 832 958
f 833 835 959
f 957 833 959
f 834 836 960
f 958 834 960
f 835 837 961
f 959 835 961
f 836 838 962
f 960 836 962
f 837 839 963
f 961 837 963
f 838 840 964
f 962 838 964
f 839 841 965
f 963 839 965
f 840 842 966
f 964 840 966
f 841 843 967
f 965 841 967
f 842 844 968
f 966 842 968
f 843 845 969
f 967 843 969
f 844 846 970
f 968 844 970
f 845 847 971
f 969 845 971
f 846 848 972
f 970 846 972
f 847 849 973
f 971 847 973
f 848 850 974
f 972 848 974
f 849 851 975
f 973 849 975
f 850 852 976
f 974 850 976
f 851 853 977
f 975 851 977
f 852 854 978
f 976 852 978
f 853 855 979
f 977 853 979
f 854 856 980
f 978 854 980
f 855 857 981
f 979 855 981
f 856 858 982
f 980 856 982
f 857 859 983
f 981 857 983
f 858 860 984
f 982 858 984
f 859 861 985
f 983 859 985
f 860 862 986
f 984 860 986
f 861 863 987
f 985 861 987
f 862 864 988
f 986 862 988
f 863 865 989
f 987 863 989
f 864 866 990
f 988 864 990
f 865 867 991
f 989 865 991
f 866 868 992
f 990 866 992
f 867 869 993
f 991 867 993
f 868 870 994
f 992 868 994
f 869 871 995
f 993 869 995
f 870 872 996
f 994 870 996
f 871 873 997
f 995 871 997
f 872 874 998
f 996 872 998
f 873 875 999
f 997 873 999
f 874 876 1000
f 998 874 1000
f 875 877 1001
f 999 875 1001
f 876 878 1002
f 1000 876 1002
f 877 879 1003
f 1001 877 1003
f 878 880 1004
f 1002 878 1004
f 879 881 1005
f 1003 879 1005
f 880 882 1006
f 1004 880 1006
f 1005 881 1007
f 1006 882 1008
f 885 883 1011
f 1011 883 1009
f 886 884 1012
f 1012 884 1010
f 887 885 1013
f 1013 885 1011
f 888 886 1014
f 1014 886 1012
f 889 887 1015
f 1015 887 1013
f 890 888 1016
f 1016 888 1014
f 891 889 1017
f 1017 889 1015
f 892 890 1018
f 1018 890 1016
f 893 891 1019
f 1019 891 1017
f 894 892 1020
f 1020 892 1018
f 895 893 1021
f 1021 893 1019
f 896 894 1022
f 1022 894 1020
f 897 895 1023
f 1023 895 1021
f 898 896 1024
f 1024 896 1022
f 899 897 1025
f 1025 897 1023
f 900 898 1026
f 1026 898 1024
f 901 899 1027
f 1027 899 1025
f 902 900 1028
f 1028 900 1026
f 903 901 1029
f 1029 901 1027
f 904 902 1030
f 1030 902 1028
f 905 903 1031
f 1031 903 1029
f 906 904 1032
f 1032 904 1030
f 907 905 1033
f 1033 905 1031
f 908 906 1034
f 1034 906 1032
f 909 907 1035
f 1035 907 1033
f 910 908 1036
f 1036 908 1034
f 911 909 1037
f 1037 909 1035
f 912 910 1038
f 1038 910 1036
f 913 911 1039
f 1039 911 1037
f 914 912 1040
f 1040 912 1038
f 915 913 1041
f 1041 913 1039
f 916 914 1042
f 1042 914 1040
f 917 915 1043
f 1043 915 1041
f 918 916 1044
f 1044 916 1042
f 919 917 1045
f 1045 917 1043
f 920 918 1046
f 1046 918 1044
f 921 919 1047
f 1047 919 1045
f 922 920 1048
f 1048 920 1046
f 923 921 1049
f 1049 921 1047
f 924 922 1050
f 1050 922 1048
f 925 923 1051
f 1051 923 1049
f 926 924 1052
f 1052 924 1050
f 927 925 1053
f 1053 925 1051
f 928 926 1054
f 1054 926 1052
f 929 927 1055
f 1055 927 1053
f 930 928 1056
f 1056 928 1054
f 931 929 1057
f 1057 929 1055
f 932 930 1058
f 1058 930 1056
f 933 931 1059
f 1059 931 1057
f 934 932 1060
f 1060 932 1058
f 935 933 1061
f 1061 933 1059
f 936 934 1062
f 1062 934 1060
f 937 935 1063
f 1063 935 1061
f 938 936 1064
f 1064 936 1062
f 939 937 1065
f 1065 937 1063
f 940 938 1066
f 1066 938 1064
f 941 939 1067
f 1067 939 1065
f 942 940 1068
f 1068 940 1066
f 943 941 1069
f 1069 941 1067
f 944 942 1070
f 1070 942 1068
f 945 943 1071
f 1071 943 1069
f 946 948 1072
f 947 949 1073
f 948 950 1074
f 1072 948 1074
f 949 951 1075
f 1073 949 1075
f 950 952 1076
f 1074 950 1076
f 951 953 1077
f 1075 951 1077
f 952 954 1078
f 1076 952 1078
f 953 955 1079
f 1077 953 1079
f 954 956 1080
f 1078 954 1080
f 955 957 1081
f 1079 955 1081
f 956 958 1082
f 1080 956 1082
f 957 959 1083
f 1081 957 1083
f 958 960 1084
f 1082 958 1084
f 959 961 1085
f 1083 959 1085
f 960 962 1086
f 1084 960 1086
f 961 963 1087
f 1085 961 1087
f 962 964 1088
f 1086 962 1088
f 963 965 1089
f 1087 963 1089
f 964 966 1090
f 1088 964 1090
f 965 967 1091
f 1089 965 1091
f 966 968 1092
f 1090 966 1092
f 967 969 1093
f 1091 967 1093
f 968 970 1094
f 1092 968 1094
f 969 971 1095
f 1093 969 1095
f 970 972 1096
f 1094 970 1096
f 971 973 1097
f 1095 971 1097
f 972 974 1098
f 1096 972 1098
f 973 975 1099
f 1097 973 1099
f 974 976 1100
f 1098 974 1100
f 975 977 1101
f 1099 975 1101
f 976 978 1102
f 1100 976 1102
f 977 979 1103
f 1101 977 1103
f 978 980 1104
f 1102 978 1104
f 979 981 1105
f 1103 979 1105
f 980 982 1106
f 1104 980 1106
f 981 983 1107
f 1105 981 1107
f 982 984 1108
f 1106 982 1108
f 983 985 1109
f 1107 983 1109
f 984 986 1110
f 1108 984 1110
f 985 987 1111
f 1109 985 1111
f 986 988 1112
f 1110 986 1112
f 987 989 1113
f 1111 987 1113
f 988 990 1114
f 1112 988 1114
f 989 991 1115
f 1113 989 1115
f 990 992 1116
f 1114 990 1116
f 991 993 1117
f 1115 991 1117
f 992 994 1118
f 1116 992 1118
f 993 995 1119
f 1117 993 1119
f 994 996 1120
f 1118 994 1120
f 995 997 1121
f 1119 995 1121
f 996 998 1122
f 1120 996 1122
f 997 999 1123
f 1121 997 1123
f 998 1000 1124
f 1122 998 1124
f 999 1001 1125
f 1123 999 1125
f 1000 1002 1126
f 1124 1000 1126
f 1001 1003 1127
f 1125 1001 1127
f 1002 1004 1128
f 1126 1002 1128
f 1003 1005 1129
f 1127 1003 1129
f 1004 1006 1130
f 1128 1004 1130
f 1005 1007 1131
f 1129 1005 1131
f 1006 1008 1132
f 1130 1006 1132
f 1131 1007 1133
f 1132 1008 1134
f 1011 1009 1137
f 1137 1009 1135
f 1012 1010 1138
f 1138 1010 1136
f 1013 1011 1139
f 1139 1011 1137
f 1014 1012 1140
f 1140 1012 1138
f 1015 1013 1141
f 1141 1013 1139
f 1016 1014 1142
f 1142 1014 1140
f 1017 1015 1143
f 1143 1015 1141
f 1018 1016 1144
f 1144 1016 1142
f 1019 1017 1145
f 1145 1017 1143
f 1020 1018 1146
f 1146 1018 1144
f 1021 1019 1147
f 1147 1019 1145
f 1022 1020 1148
f 1148 1020 1146
f 1023 1021 1149
f 1149 1021 1147
f 1024 1022 1150
f 1150 1022 1148
f 1025 1023 1151
f 1151 1023 1149
f 1026 1024 1152
f 1152 1024 1150
f 1027 1025 1153
f 1153 1025 1151
f 1028 1026 1154
f 1154 1026 1152
f 1029 1027 1155
f 1155 1027 1153
f 1030 1028 1156
f 1156 1028 1154
f 1031 1029 1157
f 1157 1029 1155
f 1032 1030 1158
f 1158 1030 1156
f 1033 1031 1159
f 1159 1031 1157
f 1034 1032 1160
f 1160 1032 1158
f 1035 1033 1161
f 1161 1033 1159
f 1036 1034 1162
f 1162 1034 1160
f 1037 1035 1163
f 1163 1035 1161
f 1038 1036 1164
f 1164 1036 1162
f 1039 1037 1165
f 1165 1037 1163
f 1040 1038 1166
f 1166 1038 1164
f 1041 1039 1167
f 1167 1039 1165
f 1042 1040 1168
f 1168 1040 1166
f 1043 1041 1169
f 1169 1041 1167
f 1044 1042 1170
f 1170 1042 1168
f 1045 1043 1171
f 1171 1043 1169
f 1046 1044 1172
f 1172 1044 1170
f 1047 1045 1173
f 1173 1045 1171
f 1048 1046 1174
f 1174 1046 1172
f 1049 1047 1175
f 1175 1047 1173
f 1050 1048 1176
f 1176 1048 1174
f 1051 1049 1177
f 1177 1049 1175
f 1052 1050 1178
f 1178 1050 1176
f 1053 1051 1179
f 1179 1051 1177
f 1054 1052 1180
f 1180 1052 1178
f 1055 1053 1181
f 1181 1053 1179
f 1056 1054 1182
f 1182 1054 1180
f 1057 1055 1183
f 1183 1055 1181
f 1058 1056 1184
f 1184 1056 1182
f 1059 1057 1185
f 1185 1057 1183
f 1060 1058 1186
f 1186 1058 1184
f 1061 1059 1187
f 1187 1059 1185
f 1062 1060 1188
f 1188 1060 1186
f 1063 1061 1189
f 1189 1061 1187
f 1064 1062 1190
f 1190 1062 1188
f 1065 1063 1191
f 1191 1063 1189
f 1066 1064 1192
f 1192 1064 1190
f 1067 1065 1193
f 1193 1065 1191
f 1068 1066 1194
f 1194 1066 1192
f 1069 1067 1195
f 1195 1067 1193
f 1070 1068 1196
f 1196 1068 1194
f 1071 1069 1197
f 1197 1069 1195
f 1072 1074 1198
f 1073 1075 1199
f 1074 1076 1200
f 1198 1074 1200
f 1075 1077 1201
f 1199 1075 1201
f 1076 1078 1202
f 1200 1076 1202
f 1077 1079 1203
f 1201 1077 1203
f 1078 1080 1204
f 1202 1078 1204
f 1079 1081 1205
f 1203 1079 1205
f 1080 1082 1206
f 1204 1080 1206
f 1081 1083 1207
f 1205 1081 1207
f 1082 1084 1208
f 1206 1082 1208
f 1083 1085 1209
f 1207 1083 1209
f 1084 1086 1210
f 1208 1084 1210
f 1085 1087 1211
f 1209 1085 1211
f 1086 1088 1212
f 1210 1086 1212
f 1087 1089 1213
f 1211 1087 1213
f 1088 1090 1214
f 1212 1088 1214
f 1089 1091 1215
f 1213 1089 1215
f 1090 1092 1216
f 1214 1090 1216
f 1091 1093 1217
f 1215 1091 1217
f 1092 1094 1218
f 1216 1092 1218
f 1093 1095 1219
f 1217 1093 1219
f 1094 1096 1220
f 1218 1094 1220
f 1095 1097 1221
f 1219 1095 1221
f 1096 1098 1222
f 1220 1096 1222
f 1097 1099 1223
f 1221 1097 1223
f 1098 1100 1224
f 1222 1098 1224
f 1099 1101 1225
f 1223 1099 1225
f 1100 1102 1226
f 1224 1100 1226
f 1101 1103 1227
f 1225 1101 1227
f 1102 1104 1228
f 1226 1102 1228
f 1103 1105 1229
f 1227 1103 1229
f 1104 1106 1230
f 1228 1104 1230
f 1105 1107 1231
f 1229 1105 1231
f 1106 1108 1232
f 1230 1106 1232
f 1107 1109 1233
f 1231 1107 1233
f 1108 1110 1234
f 1232 1108 1234
f 1109 1111 1235
f 1233 1109 1235
f 1110 1112 1236
f 1234 1110 1236
f 1111 1113 1237
f 1235 1111 1237
f 1112 1114 1238
f 1236 1112 1238
f 1113 1115 1239
f 1237 1113 1239
f 1114 1116 1240
f 1238 1114 1240
f 1115 1117 1241
f 1239 1115 1241
f 1116 1118 1242
f 1240 1116 1242
f 1117 1119 1243
f 1241 1117 1243
f 1118 1120 1244
f 1242 1118 1244
f 1119 1121 1245
f 1243 1119 1245
f 1120 1122 1246
f 1244 1120 1246
f 1121 1123 1247
f 1245 1121 1247
f 1122 1124 1248
f 1246 1122 1248
f 1123 1125 1249
f 1247 1123 1249
f 1124 1126 1250
f 1248 1124 1250
f 1125 1127 1251
f 1249 1125 1251
f 1126 1128 1252
f 1250 1126 1252
f 1127 1129 1253
f 1251 1127 1253
f 1128 1130 1254
f 1252 1128 1254
f 1129 1131 1255
f 1253 1129 1255
f 1130 1132 1256
f 1254 1130 1256
f 1131 1133 1257
f 1255 1131 1257
f 1132 1134 1258
f 1256 1132 1258
f 1257 1133 1259
f 1258 1134 1260
f 1137 1135 1263
f 1263 1135 1261
f 1138 1136 1264
f 1264 1136 1262
f 1139 1137 1265
f 1265 1137 1263
f 1140 1138 1266
f 1266 1138 1264
f 1141 1139 1267
f 1267 1139 1265
f 1142 1140 1268
f 1268 1140 1266
f 1143 1141 1269
f 1269 1141 1267
f 1144 1142 1270
f 1270 1142 1268
f 1145 1143 1271
f 1271 1143 1269
f 1146 1144 1272
f 1272 1144 1270
f 1147 1145 1273
f 1273 1145 1271
f 1148 1146 1274
f 1274 1146 1272
f 1149 1147 1275
f 1275 1147 1273
f 1150 1148 1276
f 1276 1148 1274
f 1151 1149 1277
f 1277 1149 1275
f 1152 1150 1278
f 1278 1150 1276
f 1153 1151 1279
f 1279 1151 1277
f 1154 1152 1280
f 1280 1152 1278
f 1155 1153 1281
f 1281 1153 1279
f 1156 1154 1282
f 1282 1154 1280
f 1157 1155 1283
f 1283 1155 1281
f 1158 1156 1284
f 1284 1156 1282
f 1159 1157 1285
f 1285 1157 1283
f 1160 1158 1286
f 1286 1158 1284
f 1161 1159 1287
f 1287 1159 1285
f 1162 1160 1288
f 1288 1160 1286
f 1163 1161 1289
f 1289 1161 1287
f 1164 1162 1290
f 1290 1162 1288
f 1165 1163 1291
f 1291 1163 1289
f 1166 1164 1292
f 1292 1164 1290
f 1167 1165 1293
f 1293 1165 1291
f 1168 1166 1294
f 1294 1166 1292
f 1169 1167 1295
f 1295 1167 1293
f 1170 1168 1296
f 1296 1168 1294
f 1171 1169 1297
f 1297 1169 1295
f 1172 1170 1298
f 1298 1170 1296
f 1173 1171 1299
f 1299 1171 1297
f 1174 1172 1300
f 1300 1172 1298
f 1175 1173 1301
f 1301 1173 1299
f 1176 1174 1302
f 1302 1174 1300
f 1177 1175 1303
f 1303 1175 1301
f 1178 1176 1304
f 1304 1176 1302
f 1179 1177 1305
f 1305 1177 1303
f 1180 1178 1306
f 1306 1178 1304
f 1181 1179 1307
f 1307 1179 1305
f 1182 1180 1308
f 1308 1180 1306
f 1183 1181 1309
f 1309 1181 1307
f 1184 1182 1310
f 1310 1182 1308
f 1185 1183 1311
f 1311 1183 1309
f 1186 1184 1312
f 1312 1184 1310
f 1187 1185 1313
f 1313 1185 1311
f 1188 1186 1314
f 1314 1186 1312
f 1189 1187 1315
f 1315 1187 1313
f 1190 1188 1316
f 1316 1188 1314
f 1191 1189 1317
f 1317 1189 1315
f 1192 1190 1318
f 1318 1190 1316
f 1193 1191 1319
f 1319 1191 1317
f 1194 1192 1320
f 1320 1192 1318
f 1195 1193 1321
f 1321 1193 1319
f 1196 1194 1322
f 1322 1194 1320
f 1197 1195 1323
f 1323 1195 1321
f 1198 1200 1324
f 1199 1201 1325
f 1200 1202 1326
f 1324 1200 1326
f 1201 1203 1327
f 1325 1201 1327
f 1202 1204 1328
f 1326 1202 1328
f 1203 1205 1329
f 1327 1203 1329
f 1204 1206 1330
f 1328 1204 1330
f 1205 1207 1331
f 1329 1205 1331
f 1206 1208 1332
f 1330 1206 1332
f 1207 1209 1333
f 1331 1207 1333
f 1208 1210 1334
f 1332 1208 1334
f 1209 1211 1335
f 1333 1209 1335
f 1210 1212 1336
f 1334 1210 1336
f 1211 1213 1337
f 1335 1211 1337
f 1212 1214 1338
f 1336 1212 1338
f 1213 1215 1339
f 1337 1213 1339
f 1214 1216 1340
f 1338 1214 1340
f 1215 1217 1341
f 1339 1215 1341
f 1216 1218 1342
f 1340 1216 1342
f 1217 1219 1343
f 1341 1217 1343
f 1218 1220 1344
f 1342 1218 1344
f 1219 1221 1345
f 1343 1219 1345
f 1220 1222 1346
f 1344 1220 1346
f 1221 1223 1347
f 1345 1221 1347
f 1222 1224 1348
f 1346 1222 1348
f 1223 1225 1349
f 1347 1223 1349
f 1224 1226 1350
f 1348 1224 1350
f 1225 1227 1351
f 1349 1225 1351
f 1226 1228 1352
f 1350 1226 1352
f 1227 1229 1353
f 1351 1227 1353
f 1228 1230 1354
f 1352 1228 1354
f 1229 1231 1355
f 1353 1229 1355
f 1230 1232 1356
f 1354 1230 1356
f 1231 1233 1357
f 1355 1231 1357
f 1232 1234 1358
f 1356 1232 1358
f 1233 1235 1359
f 1357 1233 1359
f 1234 1236 1360
f 1358 1234 1360
f 1235 1237 1361
f 1359 1235 1361
f 1236 1238 1362
f 1360 1236 1362
f 1237 1239 1363
f 1361 1237 1363
f 1238 1240 1364
f 1362 1238 1364
f 1239 1241 1365
f 1363 1239 1365
f 1240 1242 1366
f 1364 1240 1366
f 1241 1243 1367
f 1365 1241 1367
f 1242 1244 1368
f 1366 1242 1368
f 1243 1245 1369
f 1367 1243 1369
f 1244 1246 1370
f 1368 1244 1370
f 1245 1247 1371
f 1369 1245 1371
f 1246 1248 1372
f 1370 1246 1372
f 1247 1249 1373
f 1371 1247 1373
f 1248 1250 1374
f 1372 1248 1374
f 1249 1251 1375
f 1373 1249 1375
f 1250 1252 1376
f 1374 1250 1376
f 1251 1253 1377
f 1375 1251 1377
f 1252 1254 1378
f 1376 1252 1378
f 1253 1255 1379
f 1377 1253 1379
f 1254 1256 1380
f 1378 1254 1380
f 1255 1257 1381
f 1379 1255 1381
f 1256 1258 1382
f 1380 1256 1382
f 1257 1259 1383
f 1381 1257 1383
f 1258 1260 1384
f 1382 1258 1384
f 1383 1259 1385
f 1384 1260 1386
f 1261 1389 1263
f 1387 1389 1261
f 1262 1390 1264
f 1388 1390 1262
f 1263 1391 1265
f 1389 1391 1263
f 1264 1392 1266
f 1390 1392 1264
f 1265 1393 1267
f 1391 1393 1265
f 1266 1394 1268
f 1392 1394 1266
f 1267 1395 1269
f 1393 1395 1267
f 1268 1396 1270
f 1394 1396 1268
f 1269 1397 1271
f 1395 1397 1269
f 1270 1398 1272
f 1396 1398 1270
f 1271 1399 1273
f 1397 1399 1271
f 1272 1400 1274
f 1398 1400 1272
f 1273 1401 1275
f 1399 1401 1273
f 1274 1402 1276
f 1400 1402 1274
f 1275 1403 1277
f 1401 1403 1275
f 1276 1404 1278
f 1402 1404 1276
f 1277 1405 1279
f 1403 1405 1277
f 1278 1406 1280
f 1404 1406 1278
f 1279 1407 1281
f 1405 1407 1279
f 1280 1408 1282
f 1406 1408 1280
f 1281 1409 1283
f 1407 1409 1281
f 1282 1410 1284
f 1408 1410 1282
f 1283 1411 1285
f 1409 1411 1283
f 1284 1412 1286
f 1410 1412 1284
f 1285 1413 1287
f 1411 1413 1285
f 1286 1414 1288
f 1412 1414 1286
f 1287 1415 1289
f 1413 1415 1287
f 1288 1416 1290
f 1414 1416 1288
f 1289 1417 1291
f 1415 1417 1289
f 1290 1418 1292
f 1416 1418 1290
f 1291 1419 1293
f 1417 1419 1291
f 1292 1420 1294
f 1418 1420 1292
f 1293 1421 1295
f 1419 1421 1293
f 1294 1422 1296
f 1420 1422 1294
f 1295 1423 1297
f 1421 1423 1295
f 1296 1424 1298
f 1422 1424 1296
f 1297 1425 1299
f 1423 1425 1297
f 1298 1426 1300
f 1424 1426 1298
f 1299 1427 1301
f 1425 1427 1299
f 1300 1428 1302
f 1426 1428 1300
f 1301 1429 1303
f 1427 1429 1301
f 1302 1430 1304
f 1428 1430 1302
f 1303 1431 1305
f 1429 1431 1303
f 1304 1432 1306
f 1430 1432 1304
f 1305 1433 1307
f 1431 1433 1305
f 1306 1434 1308
f 1432 1434 1306
f 1307 1435 1309
f 1433 1435 1307
f 1308 1436 1310
f 1434 1436 1308
f 1309 1437 1311
f 1435 1437 1309
f 1310 1438 1312
f 1436 1438 1310
f 1311 1439 1313
f 1437 1439 1311
f 1312 1440 1314
f 1438 1440 1312
f 1313 1441 1315
f 1439 1441 1313
f 1314 1442 1316
f 1440 1442 1314
f 1315 1443 1317
f 1441 1443 1315
f 1316 1444 1318
f 1442 1444 1316
f 1317 1445 1319
f 1443 1445 1317
f 1318 1446 1320
f 1444 1446 1318
f 1319 1447 1321
f 1445 1447 1319
f 1320 1448 1322
f 1446 1448 1320
f 1321 1449 1323
f 1447 1449 1321
f 1324 1326 1450
f 1325 1327 1451
f 1326 1328 1452
f 1450 1326 1452
f 1327 1329 1453
f 1451 1327 1453
f 1328 1330 1454
f 1452 1328 1454
f 1329 1331 1455
f 1453 1329 1455
f 1330 1332 1456
f 1454 1330 1456
f 1331 1333 1457
f 1455 1331 1457
f 1332 1334 1458
f 1456 1332 1458
f 1333 1335 1459
f 1457 1333 1459
f 1334 1336 1460
f 1458 1334 1460
f 1335 1337 1461
f 1459 1335 1461
f 1336 1338 1462
f 1460 1336 1462
f 1337 1339 1463
f 1461 1337 1463
f 1338 1340 1464
f 1462 1338 1464
f 1339 1341 1465
f 1463 1339 1465
f 1340 1342 1466
f 1464 1340 1466
f 1341 1343 1467
f 1465 1341 1467
f 1342 1344 1468
f 1466 1342 1468
f 1343 1345 1469
f 1467 1343 1469
f 1344 1346 1470
f 1468 1344 1470
f 1345 1347 1471
f 1469 1345 1471
f 1346 1348 1472
f 1470 1346 1472
f 1347 1349 1473
f 1471 1347 1473
f 1348 1350 1474
f 1472 1348 1474
f 1349 1351 1475
f 1473 1349 1475
f 1350 1352 1476
f 1474 1350 1476
f 1351 1353 1477
f 1475 1351 1477
f 1352 1354 1478
f 1476 1352 1478
f 1353 1355 1479
f 1477 1353 1479
f 1354 1356 1480
f 1478 1354 1480
f 1355 1357 1481
f 1479 1355 1481
f 1356 1358 1482
f 1480 1356 1482
f 1357 1359 1483
f 1481 1357 1483
f 1358 1360 1484
f 1482 1358 1484
f 1359 1361 1485
f 1483 1359 1485
f 1360 1362 1486
f 1484 1360 1486
f 1361 1363 1487
f 1485 1361 1487
f 1362 1364 1488
f 1486 1362 1488
f 1363 1365 1489
f 1487 1363 1489
f 1364 1366 1490
f 1488 1364 1490
f 1365 1367 1491
f 1489 1365 1491
f 1366 1368 1492
f 1490 1366 1492
f 1367 1369 1493
f 1491 1367 1493
f 1368 1370 1494
f 1492 1368 1494
f 1369 1371 1495
f 1493 1369 1495
f 1370 1372 1496
f 1494 1370 1496
f 1371 1373 1497
f 1495 1371 1497
f 1372 1374 1498
f 1496 1372 1498
f 1373 1375 1499
f 1497 1373 1499
f 1374 1376 1500
f 1498 1374 1500
f 1375 1377 1501
f 1499 1375 1501
f 1376 1378 1502
f 1500 1376 1502
f 1377 1379 1503
f 1501 1377 1503
f 1378 1380 1504
f 1502 1378 1504
f 1379 1381 1505
f 1503 1379 1505
f 1380 1382 1506
f 1504 1380 1506
f 1381 1383 1507
f 1505 1381 1507
f 1382 1384 1508
f 1506 1382 1508
f 1383 1385 1509
f 1507 1383 1509
f 1384 1386 1510
f 1508 1384 1510
f 1509 1385 1511
f 1510 1386 1512
f 1387 1515 1389
f 1513 1515 1387
f 1388 1516 1390
f 1514 1516 1388
f 1389 1517 1391
f 1515 1517 1389
f 1390 1518 1392
f 1516 1518 1390
f 1391 1519 1393
f 1517 1519 1391
f 1392 1520 1394
f 1518 1520 1392
f 1393 1521 1395
f 1519 1521 1393
f 1394 1522 1396
f 1520 1522 1394
f 1395 1523 1397
f 1521 1523 1395
f 1396 1524 1398
f 1522 1524 1396
f 1397 1525 1399
f 1523 1525 1397
f 1398 1526 1400
f 1524 1526 1398
f 1399 1527 1401
f 1525 1527 1399
f 1400 1528 1402
f 1526 1528 1400
f 1401 1529 1403
f 1527 1529 1401
f 1402 1530 1404
f 1528 1530 1402
f 1403 1531 1405
f 1529 1531 1403
f 1404 1532 1406
f 1530 1532 1404
f 1405 1533 1407
f 1531 1533 1405
f 1406 1534 1408
f 1532 1534 1406
f 1407 1535 1409
f 1533 1535 1407
f 1408 1536 1410
f 1534 1536 1408
f 1409 1537 1411
f 1535 1537 1409
f 1410 1538 1412
f 1536 1538 1410
f 1411 1539 1413
f 1537 1539 1411
f 1412 1540 1414
f 1538 1540 1412
f 1413 1541 1415
f 1539 1541 1413
f 1414 1542 1416
f 1540 1542 1414
f 1415 1543 1417
f 1541 1543 1415
f 1416 1544 1418
f 1542 1544 1416
f 1417 1545 1419
f 1543 1545 1417
f 1418 1546 1420
f 1544 1546 1418
f 1419 1547 1421
f 1545 1547 1419
f 1420 1548 1422
f 1546 1548 1420
f 1421 1549 1423
f 1547 1549 1421
f 1422 1550 1424
f 1548 1550 1422
f 1423 1551 1425
f 1549 1551 1423
f 1424 1552 1426
f 1550 1552 1424
f 1425 1553 1427
f 1551 1553 1425
f 1426 1554 1428
f 1552 1554 1426
f 1427 1555 1429
f 1553 1555 1427
f 1428 1556 1430
f 1554 1556 1428
f 1429 1557 1431
f 1555 1557 1429
f 1430 1558 1432
f 1556 1558 1430
f 1431 1559 1433
f 1557 1559 1431
f 1432 1560 1434
f 1558 1560 1432
f 1433 1561 1435
f 1559 1561 1433
f 1434 1562 1436
f 1560 1562 1434
f 1435 1563 1437
f 1561 1563 1435
f 1436 1564 1438
f 1562 1564 1436
f 1437 1565 1439
f 1563 1565 1437
f 1438 1566 1440
f 1564 1566 1438
f 1439 1567 1441
f 1565 1567 1439
f 1440 1568 1442
f 1566 1568 1440
f 1441 1569 1443
f 1567 1569 1441
f 1442 1570 1444
f 1568 1570 1442
f 1443 1571 1445
f 1569 1571 1443
f 1444 1572 1446
f 1570 1572 1444
f 1445 1573 1447
f 1571 1573 1445
f 1446 1574 1448
f 1572 1574 1446
f 1447 1575 1449
f 1573 1575 1447
f 1452 1576 1450
f 1574 1576 1448
f 1576 1574 1450
f 1453 1577 1451
f 1575 1577 1449
f 1577 1575 1451
f 1454 1578 1452
f 1578 1576 1452
f 1455 1579 1453
f 1579 1577 1453
f 1456 1580 1454
f 1580 1578 1454
f 1457 1581 1455
f 1581 1579 1455
f 1458 1582 1456
f 1582 1580 1456
f 1459 1583 1457
f 1583 1581 1457
f 1460 1584 1458
f 1584 1582 1458
f 1461 1585 1459
f 1585 1583 1459
f 1462 1586 1460
f 1586 1584 1460
f 1463 1587 1461
f 1587 1585 1461
f 1464 1588 1462
f 1588 1586 1462
f 1465 1589 1463
f 1589 1587 1463
f 1466 1590 1464
f 1590 1588 1464
f 1467 1591 1465
f 1591 1589 1465
f 1468 1592 1466
f 1592 1590 1466
f 1469 1593 1467
f 1593 1591 1467
f 1470 1594 1468
f 1594 1592 1468
f 1471 1595 1469
f 1595 1593 1469
f 1472 1596 1470
f 1596 1594 1470
f 1473 1597 1471
f 1597 1595 1471
f 1474 1598 1472
f 1598 1596 1472
f 1475 1599 1473
f 1599 1597 1473
f 1476 1600 1474
f 1600 1598 1474
f 1477 1601 1475
f 1601 1599 1475
f 1478 1602 1476
f 1602 1600 1476
f 1479 1603 1477
f 1603 1601 1477
f 1480 1604 1478
f 1604 1602 1478
f 1481 1605 1479
f 1605 1603 1479
f 1482 1606 1480
f 1606 1604 1480
f 1483 1607 1481
f 1607 1605 1481
f 1484 1608 1482
f 1608 1606 1482
f 1485 1609 1483
f 1609 1607 1483
f 1486 1610 1484
f 1610 1608 1484
f 1487 1611 1485
f 1611 1609 1485
f 1488 1612 1486
f 1612 1610 1486
f 1489 1613 1487
f 1613 1611 1487
f 1490 1614 1488
f 1614 1612 1488
f 1491 1615 1489
f 1615 1613 1489
f 1492 1616 1490
f 1616 1614 1490
f 1493 1617 1491
f 1617 1615 1491
f 1494 1618 1492
f 1618 1616 1492
f 1495 1619 1493
f 1619 1617 1493
f 1496 1620 1494
f 1620 1618 1494
f 1497 1621 1495
f 1621 1619 1495
f 1498 1622 1496
f 1622 1620 1496
f 1499 1623 1497
f 1623 1621 1497
f 1500 1624 1498
f 1624 1622 1498
f 1501 1625 1499
f 1625 1623 1499
f 1502 1626 1500
f 1626 1624 1500
f 1503 1627 1501
f 1627 1625 1501
f 1504 1628 1502
f 1628 1626 1502
f 1505 1629 1503
f 1629 1627 1503
f 1506 1630 1504
f 1630 1628 1504
f 1507 1631 1505
f 1631 1629 1505
f 1508 1632 1506
f 1632 1630 1506
f 1509 1633 1507
f 1633 1631 1507
f 1510 1634 1508
f 1634 1632 1508
f 1511 1635 1509
f 1635 1633 1509
f 1512 1636 1510
f 1636 1634 1510
f 1637 1635 1511
f 1638 1636 1512
f 1639 1638 1512
f 1513 1638 1639
f 1640 1637 1511
f 1514 1637 1640
f 1515 1513 1641
f 1641 1513 1639
f 1516 1514 1642
f 1642 1514 1640
f 1517 1515 1643
f 1643 1515 1641
f 1518 1516 1644
f 1644 1516 1642
f 1519 1517 1645
f 1645 1517 1643
f 1520 1518 1646
f 1646 1518 1644
f 1521 1519 1647
f 1647 1519 1645
f 1522 1520 1648
f 1648 1520 1646
f 1523 1521 1649
f 1649 1521 1647
f 1524 1522 1650
f 1650 1522 1648
f 1525 1523 1651
f 1651 1523 1649
f 1526 1524 1652
f 1652 1524 1650
f 1527 1525 1653
f 1653 1525 1651
f 1528 1526 1654
f 1654 1526 1652
f 1529 1527 1655
f 1655 1527 1653
f 1530 1528 1656
f 1656 1528 1654
f 1531 1529 1657
f 1657 1529 1655
f 1532 1530 1658
f 1658 1530 1656
f 1533 1531 1659
f 1659 1531 1657
f 1534 1532 1660
f 1660 1532 1658
f 1535 1533 1661
f 1661 1533 1659
f 1536 1534 1662
f 1662 1534 1660
f 1537 1535 1663
f 1663 1535 1661
f 1538 1536 1664
f 1664 1536 1662
f 1539 1537 1665
f 1665 1537 1663
f 1540 1538 1666
f 1666 1538 1664
f 1541 1539 1667
f 1667 1539 1665
f 1542 1540 1668
f 1668 1540 1666
f 1543 1541 1669
f 1669 1541 1667
f 1544 1542 1670
f 1670 1542 1668
f 1545 1543 1671
f 1671 1543 1669
f 1546 1544 1672
f 1672 1544 1670
f 1547 1545 1673
f 1673 1545 1671
f 1548 1546 1674
f 1674 1546 1672
f 1549 1547 1675
f 1675 1547 1673
f 1550 1548 1676
f 1676 1548 1674
f 1551 1549 1677
f 1677 1549 1675
f 1552 1550 1678
f 1678 1550 1676
f 1553 1551 1679
f 1679 1551 1677
f 1554 1552 1680
f 1680 1552 1678
f 1555 1553 1681
f 1681 1553 1679
f 1556 1554 1682
f 1682 1554 1680
f 1557 1555 1683
f 1683 1555 1681
f 1558 1556 1684
f 1684 1556 1682
f 1559 1557 1685
f 1685 1557 1683
f 1560 1558 1686
f 1686 1558 1684
f 1561 1559 1687
f 1687 1559 1685
f 1562 1560 1688
f 1688 1560 1686
f 1563 1561 1689
f 1689 1561 1687
f 1564 1562 1690
f 1690 1562 1688
f 1565 1563 1691
f 1691 1563 1689
f 1566 1564 1692
f 1692 1564 1690
f 1567 1565 1693
f 1693 1565 1691
f 1568 1566 1694
f 1694 1566 1692
f 1569 1567 1695
f 1695 1567 1693
f 1570 1568 1696
f 1696 1568 1694
f 1571 1569 1697
f 1697 1569 1695
f 1572 1570 1698
f 1698 1570 1696
f 1573 1571 1699
f 1699 1571 1697
f 1700 1324 1450
f 1450 1574 1700
f 1574 1572 1700
f 1700 1572 1698
f 1701 1325 1451
f 1451 1575 1701
f 1575 1573 1701
f 1701 1573 1699
f 1448 1702 1322
f 1448 1576 1702
f 1576 1578 1702
f 1449 1703 1323
f 1449 1577 1703
f 1577 1579 1703
f 1578 1580 1704
f 1702 1578 1704
f 1579 1581 1705
f 1703 1579 1705
f 1580 1582 1706
f 1704 1580 1706
f 1581 1583 1707
f 1705 1581 1707
f 1582 1584 1708
f 1706 1582 1708
f 1583 1585 1709
f 1707 1583 1709
f 1584 1586 1710
f 1708 1584 1710
f 1585 1587 1711
f 1709 1585 1711
f 1586 1588 1712
f 1710 1586 1712
f 1587 1589 1713
f 1711 1587 1713
f 1588 1590 1714
f 1712 1588 1714
f 1589 1591 1715
f 1713 1589 1715
f 1590 1592 1716
f 1714 1590 1716
f 1591 1593 1717
f 1715 1591 1717
f 1592 1594 1718
f 1716 1592 1718
f 1593 1595 1719
f 1717 1593 1719
f 1594 1596 1720
f 1718 1594 1720
f 1595 1597 1721
f 1719 1595 1721
f 1596 1598 1722
f 1720 1596 1722
f 1597 1599 1723
f 1721 1597 1723
f 1598 1600 1724
f 1722 1598 1724
f 1599 1601 1725
f 1723 1599 1725
f 1600 1602 1726
f 1724 1600 1726
f 1601 1603 1727
f 1725 1601 1727
f 1602 1604 1728
f 1726 1602 1728
f 1603 1605 1729
f 1727 1603 1729
f 1604 1606 1730
f 1728 1604 1730
f 1605 1607 1731
f 1729 1605 1731
f 1606 1608 1732
f 1730 1606 1732
f 1607 1609 1733
f 1731 1607 1733
f 1608 1610 1734
f 1732 1608 1734
f 1609 1611 1735
f 1733 1609 1735
f 1610 1612 1736
f 1734 1610 1736
f 1611 1613 1737
f 1735 1611 1737
f 1612 1614 1738
f 1736 1612 1738
f 1613 1615 1739
f 1737 1613 1739
f 1614 1616 1740
f 1738 1614 1740
f 1615 1617 1741
f 1739 1615 1741
f 1616 1618 1742
f 1740 1616 1742
f 1617 1619 1743
f 1741 1617 1743
f 1618 1620 1744
f 1742 1618 1744
f 1619 1621 1745
f 1743 1619 1745
f 1620 1622 1746
f 1744 1620 1746
f 1621 1623 1747
f 1745 1621 1747
f 1622 1624 1748
f 1746 1622 1748
f 1623 1625 1749
f 1747 1623 1749
f 1624 1626 1750
f 1748 1624 1750
f 1625 1627 1751
f 1749 1625 1751
f 1626 1628 1752
f 1750 1626 1752
f 1627 1629 1753
f 1751 1627 1753
f 1628 1630 1754
f 1752 1628 1754
f 1629 1631 1755
f 1753 1629 1755
f 1630 1632 1756
f 1754 1630 1756
f 1631 1633 1757
f 1755 1631 1757
f 1632 1634 1758
f 1756 1632 1758
f 1633 1635 1759
f 1757 1633 1759
f 1634 1636 1760
f 1758 1634 1760
f 1635 1637 1761
f 1759 1635 1761
f 1636 1638 1762
f 1760 1636 1762
f 1763 1514 1388
f 1637 1514 1763
f 1761 1637 1763
f 1764 1513 1387
f 1638 1513 1764
f 1762 1638 1764
f 1386 1765 1512
f 1512 1765 1639
f 1385 1766 1511
f 1511 1766 1640
f 1639 1767 1641
f 1765 1767 1639
f 1640 1768 1642
f 1766 1768 1640
f 1641 1769 1643
f 1767 1769 1641
f 1642 1770 1644
f 1768 1770 1642
f 1643 1771 1645
f 1769 1771 1643
f 1644 1772 1646
f 1770 1772 1644
f 1645 1773 1647
f 1771 1773 1645
f 1646 1774 1648
f 1772 1774 1646
f 1647 1775 1649
f 1773 1775 1647
f 1648 1776 1650
f 1774 1776 1648
f 1649 1777 1651
f 1775 1777 1649
f 1650 1778 1652
f 1776 1778 1650
f 1651 1779 1653
f 1777 1779 1651
f 1652 1780 1654
f 1778 1780 1652
f 1653 1781 1655
f 1779 1781 1653
f 1654 1782 1656
f 1780 1782 1654
f 1655 1783 1657
f 1781 1783 1655
f 1656 1784 1658
f 1782 1784 1656
f 1657 1785 1659
f 1783 1785 1657
f 1658 1786 1660
f 1784 1786 1658
f 1659 1787 1661
f 1785 1787 1659
f 1660 1788 1662
f 1786 1788 1660
f 1661 1789 1663
f 1787 1789 1661
f 1662 1790 1664
f 1788 1790 1662
f 1663 1791 1665
f 1789 1791 1663
f 1664 1792 1666
f 1790 1792 1664
f 1665 1793 1667
f 1791 1793 1665
f 1666 1794 1668
f 1792 1794 1666
f 1667 1795 1669
f 1793 1795 1667
f 1668 1796 1670
f 1794 1796 1668
f 1669 1797 1671
f 1795 1797 1669
f 1670 1798 1672
f 1796 1798 1670
f 1671 1799 1673
f 1797 1799 1671
f 1672 1800 1674
f 1798 1800 1672
f 1673 1801 1675
f 1799 1801 1673
f 1674 1802 1676
f 1800 1802 1674
f 1675 1803 1677
f 1801 1803 1675
f 1676 1804 1678
f 1802 1804 1676
f 1677 1805 1679
f 1803 1805 1677
f 1678 1806 1680
f 1804 1806 1678
f 1679 1807 1681
f 1805 1807 1679
f 1680 1808 1682
f 1806 1808 1680
f 1681 1809 1683
f 1807 1809 1681
f 1682 1810 1684
f 1808 1810 1682
f 1683 1811 1685
f 1809 1811 1683
f 1684 1812 1686
f 1810 1812 1684
f 1685 1813 1687
f 1811 1813 1685
f 1686 1814 1688
f 1812 1814 1686
f 1687 1815 1689
f 1813 1815 1687
f 1688 1816 1690
f 1814 1816 1688
f 1689 1817 1691
f 1815 1817 1689
f 1690 1818 1692
f 1816 1818 1690
f 1691 1819 1693
f 1817 1819 1691
f 1692 1820 1694
f 1818 1820 1692
f 1693 1821 1695
f 1819 1821 1693
f 1694 1822 1696
f 1820 1822 1694
f 1695 1823 1697
f 1821 1823 1695
f 1696 1824 1698
f 1822 1824 1696
f 1697 1825 1699
f 1823 1825 1697
f 1826 1198 1324
f 1826 1324 1700
f 1698 1826 1700
f 1824 1826 1698
f 1827 1199 1325
f 1827 1325 1701
f 1699 1827 1701
f 1825 1827 1699
f 1828 1196 1322
f 1322 1702 1828
f 1702 1704 1828
f 1829 1197 1323
f 1323 1703 1829
f 1703 1705 1829
f 1704 1706 1830
f 1828 1704 1830
f 1705 1707 1831
f 1829 1705 1831
f 1706 1708 1832
f 1830 1706 1832
f 1707 1709 1833
f 1831 1707 1833
f 1708 1710 1834
f 1832 1708 1834
f 1709 1711 1835
f 1833 1709 1835
f 1710 1712 1836
f 1834 1710 1836
f 1711 1713 1837
f 1835 1711 1837
f 1712 1714 1838
f 1836 1712 1838
f 1713 1715 1839
f 1837 1713 1839
f 1714 1716 1840
f 1838 1714 1840
f 1715 1717 1841
f 1839 1715 1841
f 1716 1718 1842
f 1840 1716 1842
f 1717 1719 1843
f 1841 1717 1843
f 1718 1720 1844
f 1842 1718 1844
f 1719 1721 1845
f 1843 1719 1845
f 1720 1722 1846
f 1844 1720 1846
f 1721 1723 1847
f 1845 1721 1847
f 1722 1724 1848
f 1846 1722 1848
f 1723 1725 1849
f 1847 1723 1849
f 1724 1726 1850
f 1848 1724 1850
f 1725 1727 1851
f 1849 1725 1851
f 1726 1728 1852
f 1850 1726 1852
f 1727 1729 1853
f 1851 1727 1853
f 1728 1730 1854
f 1852 1728 1854
f 1729 1731 1855
f 1853 1729 1855
f 1730 1732 1856
f 1854 1730 1856
f 1731 1733 1857
f 1855 1731 1857
f 1732 1734 1858
f 1856 1732 1858
f 1733 1735 1859
f 1857 1733 1859
f 1734 1736 1860
f 1858 1734 1860
f 1735 1737 1861
f 1859 1735 1861
f 1736 1738 1862
f 1860 1736 1862
f 1737 1739 1863
f 1861 1737 1863
f 1738 1740 1864
f 1862 1738 1864
f 1739 1741 1865
f 1863 1739 1865
f 1740 1742 1866
f 1864 1740 1866
f 1741 1743 1867
f 1865 1741 1867
f 1742 1744 1868
f 1866 1742 1868
f 1743 1745 1869
f 1867 1743 1869
f 1744 1746 1870
f 1868 1744 1870
f 1745 1747 1871
f 1869 1745 1871
f 1746 1748 1872
f 1870 1746 1872
f 1747 1749 1873
f 1871 1747 1873
f 1748 1750 1874
f 1872 1748 1874
f 1749 1751 1875
f 1873 1749 1875
f 1750 1752 1876
f 1874 1750 1876
f 1751 1753 1877
f 1875 1751 1877
f 1752 1754 1878
f 1876 1752 1878
f 1753 1755 1879
f 1877 1753 1879
f 1754 1756 1880
f 1878 1754 1880
f 1755 1757 1881
f 1879 1755 1881
f 1756 1758 1882
f 1880 1756 1882
f 1757 1759 1883
f 1881 1757 1883
f 1758 1760 1884
f 1882 1758 1884
f 1759 1761 1885
f 1883 1759 1885
f 1760 1762 1886
f 1884 1760 1886
f 1761 1763 1887
f 1885 1761 1887
f 1762 1764 1888
f 1886 1762 1888
f 1889 1388 1262
f 1763 1388 1889
f 1887 1763 1889
f 1890 1387 1261
f 1764 1387 1890
f 1888 1764 1890
f 1260 1891 1386
f 1386 1891 1765
f 1259 1892 1385
f 1385 1892 1766
f 1765 1893 1767
f 1891 1893 1765
f 1766 1894 1768
f 1892 1894 1766
f 1767 1895 1769
f 1893 1895 1767
f 1768 1896 1770
f 1894 1896 1768
f 1769 1897 1771
f 1895 1897 1769
f 1770 1898 1772
f 1896 1898 1770
f 1771 1899 1773
f 1897 1899 1771
f 1772 1900 1774
f 1898 1900 1772
f 1773 1901 1775
f 1899 1901 1773
f 1774 1902 1776
f 1900 1902 1774
f 1775 1903 1777
f 1901 1903 1775
f 1776 1904 1778
f 1902 1904 1776
f 1777 1905 1779
f 1903 1905 1777
f 1778 1906 1780
f 1904 1906 1778
f 1779 1907 1781
f 1905 1907 1779
f 1780 1908 1782
f 1906 1908 1780
f 1781 1909 1783
f 1907 1909 1781
f 1782 1910 1784
f 1908 1910 1782
f 1783 1911 1785
f 1909 1911 1783
f 1784 1912 1786
f 1910 1912 1784
f 1785 1913 1787
f 1911 1913 1785
f 1786 1914 1788
f 1912 1914 1786
f 1787 1915 1789
f 1913 1915 1787
f 1788 1916 1790
f 1914 1916 1788
f 1789 1917 1791
f 1915 1917 1789
f 1790 1918 1792
f 1916 1918 1790
f 1791 1919 1793
f 1917 1919 1791
f 1792 1920 1794
f 1918 1920 1792
f 1793 1921 1795
f 1919 1921 1793
f 1794 1922 1796
f 1920 1922 1794
f 1795 1923 1797
f 1921 1923 1795
f 1796 1924 1798
f 1922 1924 1796
f 1797 1925 1799
f 1923 1925 1797
f 1798 1926 1800
f 1924 1926 1798
f 1799 1927 1801
f 1925 1927 1799
f 1800 1928 1802
f 1926 1928 1800
f 1801 1929 1803
f 1927 1929 1801
f 1802 1930 1804
f 1928 1930 1802
f 1803 1931 1805
f 1929 1931 1803
f 1804 1932 1806
f 1930 1932 1804
f 1805 1933 1807
f 1931 1933 1805
f 1806 1934 1808
f 1932 1934 1806
f 1807 1935 1809
f 1933 1935 1807
f 1808 1936 1810
f 1934 1936 1808
f 1809 1937 1811
f 1935 1937 1809
f 1810 1938 1812
f 1936 1938 1810
f 1811 1939 1813
f 1937 1939 1811
f 1812 1940 1814
f 1938 1940 1812
f 1813 1941 1815
f 1939 1941 1813
f 1814 1942 1816
f 1940 1942 1814
f 1815 1943 1817
f 1941 1943 1815
f 1816 1944 1818
f 1942 1944 1816
f 1817 1945 1819
f 1943 1945 1817
f 1818 1946 1820
f 1944 1946 1818
f 1819 1947 1821
f 1945 1947 1819
f 1820 1948 1822
f 1946 1948 1820
f 1821 1949 1823
f 1947 1949 1821
f 1822 1950 1824
f 1948 1950 1822
f 1823 1951 1825
f 1949 1951 1823
f 1952 1072 1198
f 1952 1198 1826
f 1824 1952 1826
f 1950 1952 1824
f 1953 1073 1199
f 1953 1199 1827
f 1825 1953 1827
f 1951 1953 1825
f 1954 1070 1196
f 1954 1196 1828
f 1830 1954 1828
f 1955 1071 1197
f 1955 1197 1829
f 1831 1955 1829
f 1832 1956 1830
f 1956 1954 1830
f 1833 1957 1831
f 1957 1955 1831
f 1834 1958 1832
f 1958 1956 1832
f 1835 1959 1833
f 1959 1957 1833
f 1836 1960 1834
f 1960 1958 1834
f 1837 1961 1835
f 1961 1959 1835
f 1838 1962 1836
f 1962 1960 1836
f 1839 1963 1837
f 1963 1961 1837
f 1840 1964 1838
f 1964 1962 1838
f 1841 1965 1839
f 1965 1963 1839
f 1842 1966 1840
f 1966 1964 1840
f 1843 1967 1841
f 1967 1965 1841
f 1844 1968 1842
f 1968 1966 1842
f 1845 1969 1843
f 1969 1967 1843
f 1846 1970 1844
f 1970 1968 1844
f 1847 1971 1845
f 1971 1969 1845
f 1848 1972 1846
f 1972 1970 1846
f 1849 1973 1847
f 1973 1971 1847
f 1850 1974 1848
f 1974 1972 1848
f 1851 1975 1849
f 1975 1973 1849
f 1852 1976 1850
f 1976 1974 1850
f 1853 1977 1851
f 1977 1975 1851
f 1854 1978 1852
f 1978 1976 1852
f 1855 1979 1853
f 1979 1977 1853
f 1856 1980 1854
f 1980 1978 1854
f 1857 1981 1855
f 1981 1979 1855
f 1858 1982 1856
f 1982 1980 1856
f 1859 1983 1857
f 1983 1981 1857
f 1860 1984 1858
f 1984 1982 1858
f 1861 1985 1859
f 1985 1983 1859
f 1862 1986 1860
f 1986 1984 1860
f 1863 1987 1861
f 1987 1985 1861
f 1864 1988 1862
f 1988 1986 1862
f 1865 1989 1863
f 1989 1987 1863
f 1866 1990 1864
f 1990 1988 1864
f 1867 1991 1865
f 1991 1989 1865
f 1868 1992 1866
f 1992 1990 1866
f 1869 1993 1867
f 1993 1991 1867
f 1870 1994 1868
f 1994 1992 1868
f 1871 1995 1869
f 1995 1993 1869
f 1872 1996 1870
f 1996 1994 1870
f 1873 1997 1871
f 1997 1995 1871
f 1874 1998 1872
f 1998 1996 1872
f 1875 1999 1873
f 1999 1997 1873
f 1876 2000 1874
f 2000 1998 1874
f 1877 2001 1875
f 2001 1999 1875
f 1878 2002 1876
f 2002 2000 1876
f 1879 2003 1877
f 2003 2001 1877
f 1880 2004 1878
f 2004 2002 1878
f 1881 2005 1879
f 2005 2003 1879
f 1882 2006 1880
f 2006 2004 1880
f 1883 2007 1881
f 2007 2005 1881
f 1884 2008 1882
f 2008 2006 1882
f 1885 2009 1883
f 2009 2007 1883
f 1886 2010 1884
f 2010 2008 1884
f 1887 2011 1885
f 2011 2009 1885
f 1888 2012 1886
f 2012 2010 1886
f 1889 2013 1887
f 2013 2011 1887
f 1890 2014 1888
f 2014 2012 1888
f 1136 2015 1262
f 1262 2015 1889
f 2015 2013 1889
f 1135 2016 1261
f 1261 2016 1890
f 2016 2014 1890
f 1134 2017 1260
f 1260 2017 1891
f 1133 2018 1259
f 1259 2018 1892
f 1891 2019 1893
f 2017 2019 1891
f 1892 2020 1894
f 2018 2020 1892
f 1893 2021 1895
f 2019 2021 1893
f 1894 2022 1896
f 2020 2022 1894
f 1895 2023 1897
f 2021 2023 1895
f 1896 2024 1898
f 2022 2024 1896
f 1897 2025 1899
f 2023 2025 1897
f 1898 2026 1900
f 2024 2026 1898
f 1899 2027 1901
f 2025 2027 1899
f 1900 2028 1902
f 2026 2028 1900
f 1901 2029 1903
f 2027 2029 1901
f 1902 2030 1904
f 2028 2030 1902
f 1903 2031 1905
f 2029 2031 1903
f 1904 2032 1906
f 2030 2032 1904
f 1905 2033 1907
f 2031 2033 1905
f 1906 2034 1908
f 2032 2034 1906
f 1907 2035 1909
f 2033 2035 1907
f 1908 2036 1910
f 2034 2036 1908
f 1909 2037 1911
f 2035 2037 1909
f 1910 2038 1912
f 2036 2038 1910
f 1911 2039 1913
f 2037 2039 1911
f 1912 2040 1914
f 2038 2040 1912
f 1913 2041 1915
f 2039 2041 1913
f 1914 2042 1916
f 2040 2042 1914
f 1915 2043 1917
f 2041 2043 1915
f 1916 2044 1918
f 2042 2044 1916
f 1917 2045 1919
f 2043 2045 1917
f 1918 2046 1920
f 2044 2046 1918
f 1919 2047 1921
f 2045 2047 1919
f 1920 2048 1922
f 2046 2048 1920
f 1921 2049 1923
f 2047 2049 1921
f 1922 2050 1924
f 2048 2050 1922
f 1923 2051 1925
f 2049 2051 1923
f 1924 2052 1926
f 2050 2052 1924
f 1925 2053 1927
f 2051 2053 1925
f 1926 2054 1928
f 2052 2054 1926
f 1927 2055 1929
f 2053 2055 1927
f 1928 2056 1930
f 2054 2056 1928
f 1929 2057 1931
f 2055 2057 1929
f 1930 2058 1932
f 2056 2058 1930
f 1931 2059 1933
f 2057 2059 1931
f 1932 2060 1934
f 2058 2060 1932
f 1933 2061 1935
f 2059 2061 1933
f 1934 2062 1936
f 2060 2062 1934
f 1935 2063 1937
f 2061 2063 1935
f 1936 2064 1938
f 2062 2064 1936
f 1937 2065 1939
f 2063 2065 1937
f 1938 2066 1940
f 2064 2066 1938
f 1939 2067 1941
f 2065 2067 1939
f 1940 2068 1942
f 2066 2068 1940
f 1941 2069 1943
f 2067 2069 1941
f 1942 2070 1944
f 2068 2070 1942
f 1943 2071 1945
f 2069 2071 1943
f 1944 2072 1946
f 2070 2072 1944
f 1945 2073 1947
f 2071 2073 1945
f 1946 2074 1948
f 2072 2074 1946
f 1947 2075 1949
f 2073 2075 1947
f 1948 2076 1950
f 2074 2076 1948
f 1949 2077 1951
f 2075 2077 1949
f 2078 946 1072
f 2078 1072 1952
f 1950 2078 1952
f 2076 2078 1950
f 2079 947 1073
f 2079 1073 1953
f 1951 2079 1953
f 2077 2079 1951
f 2080 944 1070
f 2080 1070 1954
f 1956 2080 1954
f 2081 945 1071
f 2081 1071 1955
f 1957 2081 1955
f 1958 2082 1956
f 2082 2080 1956
f 1959 2083 1957
f 2083 2081 1957
f 1960 2084 1958
f 2084 2082 1958
f 1961 2085 1959
f 2085 2083 1959
f 1962 2086 1960
f 2086 2084 1960
f 1963 2087 1961
f 2087 2085 1961
f 1964 2088 1962
f 2088 2086 1962
f 1965 2089 1963
f 2089 2087 1963
f 1966 2090 1964
f 2090 2088 1964
f 1967 2091 1965
f 2091 2089 1965
f 1968 2092 1966
f 2092 2090 1966
f 1969 2093 1967
f 2093 2091 1967
f 1970 2094 1968
f 2094 2092 1968
f 1971 2095 1969
f 2095 2093 1969
f 1972 2096 1970
f 2096 2094 1970
f 1973 2097 1971
f 2097 2095 1971
f 1974 2098 1972
f 2098 2096 1972
f 1975 2099 1973
f 2099 2097 1973
f 1976 2100 1974
f 2100 2098 1974
f 1977 2101 1975
f 2101 2099 1975
f 1978 2102 1976
f 2102 2100 1976
f 1979 2103 1977
f 2103 2101 1977
f 1980 2104 1978
f 2104 2102 1978
f 1981 2105 1979
f 2105 2103 1979
f 1982 2106 1980
f 2106 2104 1980
f 1983 2107 1981
f 2107 2105 1981
f 1984 2108 1982
f 2108 2106 1982
f 1985 2109 1983
f 2109 2107 1983
f 1986 2110 1984
f 2110 2108 1984
f 1987 2111 1985
f 2111 2109 1985
f 1988 2112 1986
f 2112 2110 1986
f 1989 2113 1987
f 2113 2111 1987
f 1990 2114 1988
f 2114 2112 1988
f 1991 2115 1989
f 2115 2113 1989
f 1992 2116 1990
f 2116 2114 1990
f 1993 2117 1991
f 2117 2115 1991
f 1994 2118 1992
f 2118 2116 1992
f 1995 2119 1993
f 2119 2117 1993
f 1996 2120 1994
f 2120 2118 1994
f 1997 2121 1995
f 2121 2119 1995
f 1998 2122 1996
f 2122 2120 1996
f 1999 2123 1997
f 2123 2121 1997
f 2000 2124 1998
f 2124 2122 1998
f 2001 2125 1999
f 2125 2123 1999
f 2002 2126 2000
f 2126 2124 2000
f 2003 2127 2001
f 2127 2125 2001
f 2004 2128 2002
f 2128 2126 2002
f 2005 2129 2003
f 2129 2127 2003
f 2006 2130 2004
f 2130 2128 2004
f 2007 2131 2005
f 2131 2129 2005
f 2008 2132 2006
f 2132 2130 2006
f 2009 2133 2007
f 2133 2131 2007
f 2010 2134 2008
f 2134 2132 2008
f 2011 2135 2009
f 2135 2133 2009
f 2012 2136 2010
f 2136 2134 2010
f 2013 2137 2011
f 2137 2135 2011
f 2014 2138 2012
f 2138 2136 2012
f 2015 2139 2013
f 2139 2137 2013
f 2016 2140 2014
f 2140 2138 2014
f 1010 2141 1136
f 1136 2141 2015
f 2141 2139 2015
f 1009 2142 1135
f 1135 2142 2016
f 2142 2140 2016
f 1008 2143 1134
f 1134 2143 2017
f 1007 2144 1133
f 1133 2144 2018
f 2017 2145 2019
f 2143 2145 2017
f 2018 2146 2020
f 2144 2146 2018
f 2019 2147 2021
f 2145 2147 2019
f 2020 2148 2022
f 2146 2148 2020
f 2021 2149 2023
f 2147 2149 2021
f 2022 2150 2024
f 2148 2150 2022
f 2023 2151 2025
f 2149 2151 2023
f 2024 2152 2026
f 2150 2152 2024
f 2025 2153 2027
f 2151 2153 2025
f 2026 2154 2028
f 2152 2154 2026
f 2027 2155 2029
f 2153 2155 2027
f 2028 2156 2030
f 2154 2156 2028
f 2029 2157 2031
f 2155 2157 2029
f 2030 2158 2032
f 2156 2158 2030
f 2031 2159 2033
f 2157 2159 2031
f 2032 2160 2034
f 2158 2160 2032
f 2033 2161 2035
f 2159 2161 2033
f 2034 2162 2036
f 2160 2162 2034
f 2035 2163 2037
f 2161 2163 2035
f 2036 2164 2038
f 2162 2164 2036
f 2037 2165 2039
f 2163 2165 2037
f 2038 2166 2040
f 2164 2166 2038
f 2039 2167 2041
f 2165 2167 2039
f 2040 2168 2042
f 2166 2168 2040
f 2041 2169 2043
f 2167 2169 2041
f 2042 2170 2044
f 2168 2170 2042
f 2043 2171 2045
f 2169 2171 2043
f 2044 2172 2046
f 2170 2172 2044
f 2045 2173 2047
f 2171 2173 2045
f 2046 2174 2048
f 2172 2174 2046
f 2047 2175 2049
f 2173 2175 2047
f 2048 2176 2050
f 2174 2176 2048
f 2049 2177 2051
f 2175 2177 2049
f 2050 2178 2052
f 2176 2178 2050
f 2051 2179 2053
f 2177 2179 2051
f 2052 2180 2054
f 2178 2180 2052
f 2053 2181 2055
f 2179 2181 2053
f 2054 2182 2056
f 2180 2182 2054
f 2055 2183 2057
f 2181 2183 2055
f 2056 2184 2058
f 2182 2184 2056
f 2057 2185 2059
f 2183 2185 2057
f 2058 2186 2060
f 2184 2186 2058
f 2059 2187 2061
f 2185 2187 2059
f 2060 2188 2062
f 2186 2188 2060
f 2061 2189 2063
f 2187 2189 2061
f 2062 2190 2064
f 2188 2190 2062
f 2063 2191 2065
f 2189 2191 2063
f 2064 2192 2066
f 2190 2192 2064
f 2065 2193 2067
f 2191 2193 2065
f 2066 2194 2068
f 2192 2194 2066
f 2067 2195 2069
f 2193 2195 2067
f 2068 2196 2070
f 2194 2196 2068
f 2069 2197 2071
f 2195 2197 2069
f 2070 2198 2072
f 2196 2198 2070
f 2071 2199 2073
f 2197 2199 2071
f 2072 2200 2074
f 2198 2200 2072
f 2073 2201 2075
f 2199 2201 2073
f 2074 2202 2076
f 2200 2202 2074
f 2075 2203 2077
f 2201 2203 2075
f 2204 820 946
f 2204 946 2078
f 2076 2204 2078
f 2202 2204 2076
f 2205 821 947
f 2205 947 2079
f 2077 2205 2079
f 2203 2205 2077
f 2206 818 944
f 2206 944 2080
f 2082 2206 2080
f 2207 819 945
f 2207 945 2081
f 2083 2207 2081
f 2084 2208 2082
f 2208 2206 2082
f 2085 2209 2083
f 2209 2207 2083
f 2086 2210 2084
f 2210 2208 2084
f 2087 2211 2085
f 2211 2209 2085
f 2088 2212 2086
f 2212 2210 2086
f 2089 2213 2087
f 2213 2211 2087
f 2090 2214 2088
f 2214 2212 2088
f 2091 2215 2089
f 2215 2213 2089
f 2092 2216 2090
f 2216 2214 2090
f 2093 2217 2091
f 2217 2215 2091
f 2094 2218 2092
f 2218 2216 2092
f 2095 2219 2093
f 2219 2217 2093
f 2096 2220 2094
f 2220 2218 2094
f 2097 2221 2095
f 2221 2219 2095
f 2098 2222 2096
f 2222 2220 2096
f 2099 2223 2097
f 2223 2221 2097
f 2100 2224 2098
f 2224 2222 2098
f 2101 2225 2099
f 2225 2223 2099
f 2102 2226 2100
f 2226 2224 2100
f 2103 2227 2101
f 2227 2225 2101
f 2104 2228 2102
f 2228 2226 2102
f 2105 2229 2103
f 2229 2227 2103
f 2106 2230 2104
f 2230 2228 2104
f 2107 2231 2105
f 2231 2229 2105
f 2108 2232 2106
f 2232 2230 2106
f 2109 2233 2107
f 2233 2231 2107
f 2110 2234 2108
f 2234 2232 2108
f 2111 2235 2109
f 2235 2233 2109
f 2112 2236 2110
f 2236 2234 2110
f 2113 2237 2111
f 2237 2235 2111
f 2114 2238 2112
f 2238 2236 2112
f 2115 2239 2113
f 2239 2237 2113
f 2116 2240 2114
f 2240 2238 2114
f 2117 2241 2115
f 2241 2239 2115
f 2118 2242 2116
f 2242 2240 2116
f 2119 2243 2117
f 2243 2241 2117
f 2120 2244 2118
f 2244 2242 2118
f 2121 2245 2119
f 2245 2243 2119
f 2122 2246 2120
f 2246 2244 2120
f 2123 2247 2121
f 2247 2245 2121
f 2124 2248 2122
f 2248 2246 2122
f 2125 2249 2123
f 2249 2247 2123
f 2126 2250 2124
f 2250 2248 2124
f 2127 2251 2125
f 2251 2249 2125
f 2128 2252 2126
f 2252 2250 2126
f 2129 2253 2127
f 2253 2251 2127
f 2130 2254 2128
f 2254 2252 2128
f 2131 2255 2129
f 2255 2253 2129
f 2132 2256 2130
f 2256 2254 2130
f 2133 2257 2131
f 2257 2255 2131
f 2134 2258 2132
f 2258 2256 2132
f 2135 2259 2133
f 2259 2257 2133
f 2136 2260 2134
f 2260 2258 2134
f 2137 2261 2135
f 2261 2259 2135
f 2138 2262 2136
f 2262 2260 2136
f 2139 2263 2137
f 2263 2261 2137
f 2140 2264 2138
f 2264 2262 2138
f 2141 2265 2139
f 2265 2263 2139
f 2142 2266 2140
f 2266 2264 2140
f 884 2267 1010
f 1010 2267 2141
f 2267 2265 2141
f 883 2268 1009
f 1009 2268 2142
f 2268 2266 2142
f 882 2269 1008
f 1008 2269 2143
f 881 2270 1007
f 1007 2270 2144
f 2143 2271 2145
f 2269 2271 2143
f 2144 2272 2146
f 2270 2272 2144
f 2145 2273 2147
f 2271 2273 2145
f 2146 2274 2148
f 2272 2274 2146
f 2147 2275 2149
f 2273 2275 2147
f 2148 2276 2150
f 2274 2276 2148
f 2149 2277 2151
f 2275 2277 2149
f 2150 2278 2152
f 2276 2278 2150
f 2151 2279 2153
f 2277 2279 2151
f 2152 2280 2154
f 2278 2280 2152
f 2153 2281 2155
f 2279 2281 2153
f 2154 2282 2156
f 2280 2282 2154
f 2155 2283 2157
f 2281 2283 2155
f 2156 2284 2158
f 2282 2284 2156
f 2157 2285 2159
f 2283 2285 2157
f 2158 2286 2160
f 2284 2286 2158
f 2159 2287 2161
f 2285 2287 2159
f 2160 2288 2162
f 2286 2288 2160
f 2161 2289 2163
f 2287 2289 2161
f 2162 2290 2164
f 2288 2290 2162
f 2163 2291 2165
f 2289 2291 2163
f 2164 2292 2166
f 2290 2292 2164
f 2165 2293 2167
f 2291 2293 2165
f 2166 2294 2168
f 2292 2294 2166
f 2167 2295 2169
f 2293 2295 2167
f 2168 2296 2170
f 2294 2296 2168
f 2169 2297 2171
f 2295 2297 2169
f 2170 2298 2172
f 2296 2298 2170
f 2171 2299 2173
f 2297 2299 2171
f 2172 2300 2174
f 2298 2300 2172
f 2173 2301 2175
f 2299 2301 2173
f 2174 2302 2176
f 2300 2302 2174
f 2175 2303 2177
f 2301 2303 2175
f 2176 2304 2178
f 2302 2304 2176
f 2177 2305 2179
f 2303 2305 2177
f 2178 2306 2180
f 2304 2306 2178
f 2179 2307 2181
f 2305 2307 2179
f 2180 2308 2182
f 2306 2308 2180
f 2181 2309 2183
f 2307 2309 2181
f 2182 2310 2184
f 2308 2310 2182
f 2183 2311 2185
f 2309 2311 2183
f 2184 2312 2186
f 2310 2312 2184
f 2185 2313 2187
f 2311 2313 2185
f 2186 2314 2188
f 2312 2314 2186
f 2187 2315 2189
f 2313 2315 2187
f 2188 2316 2190
f 2314 2316 2188
f 2189 2317 2191
f 2315 2317 2189
f 2190 2318 2192
f 2316 2318 2190
f 2191 2319 2193
f 2317 2319 2191
f 2192 2320 2194
f 2318 2320 2192
f 2193 2321 2195
f 2319 2321 2193
f 2194 2322 2196
f 2320 2322 2194
f 2195 2323 2197
f 2321 2323 2195
f 2196 2324 2198
f 2322 2324 2196
f 2197 2325 2199
f 2323 2325 2197
f 2198 2326 2200
f 2324 2326 2198
f 2199 2327 2201
f 2325 2327 2199
f 2200 2328 2202
f 2326 2328 2200
f 2201 2329 2203
f 2327 2329 2201
f 2330 694 820
f 2330 820 2204
f 2202 2330 2204
f 2328 2330 2202
f 2331 695 821
f 2331 821 2205
f 2203 2331 2205
f 2329 2331 2203
f 2332 692 818
f 2332 818 2206
f 2208 2332 2206
f 2333 693 819
f 2333 819 2207
f 2209 2333 2207
f 2210 2334 2208
f 2334 2332 2208
f 2211 2335 2209
f 2335 2333 2209
f 2212 2336 2210
f 2336 2334 2210
f 2213 2337 2211
f 2337 2335 2211
f 2214 2338 2212
f 2338 2336 2212
f 2215 2339 2213
f 2339 2337 2213
f 2216 2340 2214
f 2340 2338 2214
f 2217 2341 2215
f 2341 2339 2215
f 2218 2342 2216
f 2342 2340 2216
f 2219 2343 2217
f 2343 2341 2217
f 2220 2344 2218
f 2344 2342 2218
f 2221 2345 2219
f 2345 2343 2219
f 2222 2346 2220
f 2346 2344 2220
f 2223 2347 2221
f 2347 2345 2221
f 2224 2348 2222
f 2348 2346 2222
f 2225 2349 2223
f 2349 2347 2223
f 2226 2350 2224
f 2350 2348 2224
f 2227 2351 2225
f 2351 2349 2225
f 2228 2352 2226
f 2352 2350 2226
f 2229 2353 2227
f 2353 2351 2227
f 2230 2354 2228
f 2354 2352 2228
f 2231 2355 2229
f 2355 2353 2229
f 2232 2356 2230
f 2356 2354 2230
f 2233 2357 2231
f 2357 2355 2231
f 2234 2358 2232
f 2358 2356 2232
f 2235 2359 2233
f 2359 2357 2233
f 2236 2360 2234
f 2360 2358 2234
f 2237 2361 2235
f 2361 2359 2235
f 2238 2362 2236
f 2362 2360 2236
f 2239 2363 2237
f 2363 2361 2237
f 2240 2364 2238
f 2364 2362 2238
f 2241 2365 2239
f 2365 2363 2239
f 2242 2366 2240
f 2366 2364 2240
f 2243 2367 2241
f 2367 2365 2241
f 2244 2368 2242
f 2368 2366 2242
f 2245 2369 2243
f 2369 2367 2243
f 2246 2370 2244
f 2370 2368 2244
f 2247 2371 2245
f 2371 2369 2245
f 2248 2372 2246
f 2372 2370 2246
f 2249 2373 2247
f 2373 2371 2247
f 2250 2374 2248
f 2374 2372 2248
f 2251 2375 2249
f 2375 2373 2249
f 2252 2376 2250
f 2376 2374 2250
f 2253 2377 2251
f 2377 2375 2251
f 2254 2378 2252
f 2378 2376 2252
f 2255 2379 2253
f 2379 2377 2253
f 2256 2380 2254
f 2380 2378 2254
f 2257 2381 2255
f 2381 2379 2255
f 2258 2382 2256
f 2382 2380 2256
f 2259 2383 2257
f 2383 2381 2257
f 2260 2384 2258
f 2384 2382 2258
f 2261 2385 2259
f 2385 2383 2259
f 2262 2386 2260
f 2386 2384 2260
f 2263 2387 2261
f 2387 2385 2261
f 2264 2388 2262
f 2388 2386 2262
f 2265 2389 2263
f 2389 2387 2263
f 2266 2390 2264
f 2390 2388 2264
f 2267 2391 2265
f 2391 2389 2265
f 2268 2392 2266
f 2392 2390 2266
f 758 2393 884
f 884 2393 2267
f 2393 2391 2267
f 757 2394 883
f 883 2394 2268
f 2394 2392 2268
f 756 2395 882
f 882 2395 2269
f 755 2396 881
f 881 2396 2270
f 2269 2397 2271
f 2395 2397 2269
f 2270 2398 2272
f 2396 2398 2270
f 2271 2399 2273
f 2397 2399 2271
f 2272 2400 2274
f 2398 2400 2272
f 2273 2401 2275
f 2399 2401 2273
f 2274 2402 2276
f 2400 2402 2274
f 2275 2403 2277
f 2401 2403 2275
f 2276 2404 2278
f 2402 2404 2276
f 2277 2405 2279
f 2403 2405 2277
f 2278 2406 2280
f 2404 2406 2278
f 2279 2407 2281
f 2405 2407 2279
f 2280 2408 2282
f 2406 2408 2280
f 2281 2409 2283
f 2407 2409 2281
f 2282 2410 2284
f 2408 2410 2282
f 2283 2411 2285
f 2409 2411 2283
f 2284 2412 2286
f 2410 2412 2284
f 2285 2413 2287
f 2411 2413 2285
f 2286 2414 2288
f 2412 2414 2286
f 2287 2415 2289
f 2413 2415 2287
f 2288 2416 2290
f 2414 2416 2288
f 2289 2417 2291
f 2415 2417 2289
f 2290 2418 2292
f 2416 2418 2290
f 2291 2419 2293
f 2417 2419 2291
f 2292 2420 2294
f 2418 2420 2292
f 2293 2421 2295
f 2419 2421 2293
f 2294 2422 2296
f 2420 2422 2294
f 2295 2423 2297
f 2421 2423 2295
f 2296 2424 2298
f 2422 2424 2296
f 2297 2425 2299
f 2423 2425 2297
f 2298 2426 2300
f 2424 2426 2298
f 2299 2427 2301
f 2425 2427 2299
f 2300 2428 2302
f 2426 2428 2300
f 2301 2429 2303
f 2427 2429 2301
f 2302 2430 2304
f 2428 2430 2302
f 2303 2431 2305
f 2429 2431 2303
f 2304 2432 2306
f 2430 2432 2304
f 2305 2433 2307
f 2431 2433 2305
f 2306 2434 2308
f 2432 2434 2306
f 2307 2435 2309
f 2433 2435 2307
f 2308 2436 2310
f 2434 2436 2308
f 2309 2437 2311
f 2435 2437 2309
f 2310 2438 2312
f 2436 2438 2310
f 2311 2439 2313
f 2437 2439 2311
f 2312 2440 2314
f 2438 2440 2312
f 2313 2441 2315
f 2439 2441 2313
f 2314 2442 2316
f 2440 2442 2314
f 2315 2443 2317
f 2441 2443 2315
f 2316 2444 2318
f 2442 2444 2316
f 2317 2445 2319
f 2443 2445 2317
f 2318 2446 2320
f 2444 2446 2318
f 2319 2447 2321
f 2445 2447 2319
f 2320 2448 2322
f 2446 2448 2320
f 2321 2449 2323
f 2447 2449 2321
f 2322 2450 2324
f 2448 2450 2322
f 2323 2451 2325
f 2449 2451 2323
f 2324 2452 2326
f 2450 2452 2324
f 2325 2453 2327
f 2451 2453 2325
f 2326 2454 2328
f 2452 2454 2326
f 2327 2455 2329
f 2453 2455 2327
f 2456 568 694
f 2456 694 2330
f 2328 2456 2330
f 2454 2456 2328
f 2457 569 695
f 2457 695 2331
f 2329 2457 2331
f 2455 2457 2329
f 2458 566 692
f 2458 692 2332
f 2334 2458 2332
f 2459 567 693
f 2459 693 2333
f 2335 2459 2333
f 2336 2460 2334
f 2460 2458 2334
f 2337 2461 2335
f 2461 2459 2335
f 2338 2462 2336
f 2462 2460 2336
f 2339 2463 2337
f 2463 2461 2337
f 2340 2464 2338
f 2464 2462 2338
f 2341 2465 2339
f 2465 2463 2339
f 2342 2466 2340
f 2466 2464 2340
f 2343 2467 2341
f 2467 2465 2341
f 2344 2468 2342
f 2468 2466 2342
f 2345 2469 2343
f 2469 2467 2343
f 2346 2470 2344
f 2470 2468 2344
f 2347 2471 2345
f 2471 2469 2345
f 2348 2472 2346
f 2472 2470 2346
f 2349 2473 2347
f 2473 2471 2347
f 2350 2474 2348
f 2474 2472 2348
f 2351 2475 2349
f 2475 2473 2349
f 2352 2476 2350
f 2476 2474 2350
f 2353 2477 2351
f 2477 2475 2351
f 2354 2478 2352
f 2478 2476 2352
f 2355 2479 2353
f 2479 2477 2353
f 2356 2480 2354
f 2480 2478 2354
f 2357 2481 2355
f 2481 2479 2355
f 2358 2482 2356
f 2482 2480 2356
f 2359 2483 2357
f 2483 2481 2357
f 2360 2484 2358
f 2484 2482 2358
f 2361 2485 2359
f 2485 2483 2359
f 2362 2486 2360
f 2486 2484 2360
f 2363 2487 2361
f 2487 2485 2361
f 2364 2488 2362
f 2488 2486 2362
f 2365 2489 2363
f 2489 2487 2363
f 2366 2490 2364
f 2490 2488 2364
f 2367 2491 2365
f 2491 2489 2365
f 2368 2492 2366
f 2492 2490 2366
f 2369 2493 2367
f 2493 2491 2367
f 2370 2494 2368
f 2494 2492 2368
f 2371 2495 2369
f 2495 2493 2369
f 2372 2496 2370
f 2496 2494 2370
f 2373 2497 2371
f 2497 2495 2371
f 2374 2498 2372
f 2498 2496 2372
f 2375 2499 2373
f 2499 2497 2373
f 2376 2500 2374
f 2500 2498 2374
f 2377 2501 2375
f 2501 2499 2375
f 2378 2502 2376
f 2502 2500 2376
f 2379 2503 2377
f 2503 2501 2377
f 2380 2504 2378
f 2504 2502 2378
f 2381 2505 2379
f 2505 2503 2379
f 2382 2506 2380
f 2506 2504 2380
f 2383 2507 2381
f 2507 2505 2381
f 2384 2508 2382
f 2508 2506 2382
f 2385 2509 2383
f 2509 2507 2383
f 2386 2510 2384
f 2510 2508 2384
f 2387 2511 2385
f 2511 2509 2385
f 2388 2512 2386
f 2512 2510 2386
f 2389 2513 2387
f 2513 2511 2387
f 2390 2514 2388
f 2514 2512 2388
f 2391 2515 2389
f 2515 2513 2389
f 2392 2516 2390
f 2516 2514 2390
f 2393 2517 2391
f 2517 2515 2391
f 2394 2518 2392
f 2518 2516 2392
f 632 2519 758
f 758 2519 2393
f 2519 2517 2393
f 631 2520 757
f 757 2520 2394
f 2520 2518 2394
f 630 2521 756
f 756 2521 2395
f 629 2522 755
f 755 2522 2396
f 2395 2523 2397
f 2521 2523 2395
f 2396 2524 2398
f 2522 2524 2396
f 2397 2525 2399
f 2523 2525 2397
f 2398 2526 2400
f 2524 2526 2398
f 2399 2527 2401
f 2525 2527 2399
f 2400 2528 2402
f 2526 2528 2400
f 2401 2529 2403
f 2527 2529 2401
f 2402 2530 2404
f 2528 2530 2402
f 2403 2531 2405
f 2529 2531 2403
f 2404 2532 2406
f 2530 2532 2404
f 2405 2533 2407
f 2531 2533 2405
f 2406 2534 2408
f 2532 2534 2406
f 2407 2535 2409
f 2533 2535 2407
f 2408 2536 2410
f 2534 2536 2408
f 2409 2537 2411
f 2535 2537 2409
f 2410 2538 2412
f 2536 2538 2410
f 2411 2539 2413
f 2537 2539 2411
f 2412 2540 2414
f 2538 2540 2412
f 2413 2541 2415
f 2539 2541 2413
f 2414 2542 2416
f 2540 2542 2414
f 2415 2543 2417
f 2541 2543 2415
f 2416 2544 2418
f 2542 2544 2416
f 2417 2545 2419
f 2543 2545 2417
f 2418 2546 2420
f 2544 2546 2418
f 2419 2547 2421
f 2545 2547 2419
f 2420 2548 2422
f 2546 2548 2420
f 2421 2549 2423
f 2547 2549 2421
f 2422 2550 2424
f 2548 2550 2422
f 2423 2551 2425
f 2549 2551 2423
f 2424 2552 2426
f 2550 2552 2424
f 2425 2553 2427
f 2551 2553 2425
f 2426 2554 2428
f 2552 2554 2426
f 2427 2555 2429
f 2553 2555 2427
f 2428 2556 2430
f 2554 2556 2428
f 2429 2557 2431
f 2555 2557 2429
f 2430 2558 2432
f 2556 2558 2430
f 2431 2559 2433
f 2557 2559 2431
f 2432 2560 2434
f 2558 2560 2432
f 2433 2561 2435
f 2559 2561 2433
f 2434 2562 2436
f 2560 2562 2434
f 2435 2563 2437
f 2561 2563 2435
f 2436 2564 2438
f 2562 2564 2436
f 2437 2565 2439
f 2563 2565 2437
f 2438 2566 2440
f 2564 2566 2438
f 2439 2567 2441
f 2565 2567 2439
f 2440 2568 2442
f 2566 2568 2440
f 2441 2569 2443
f 2567 2569 2441
f 2442 2570 2444
f 2568 2570 2442
f 2443 2571 2445
f 2569 2571 2443
f 2444 2572 2446
f 2570 2572 2444
f 2445 2573 2447
f 2571 2573 2445
f 2446 2574 2448
f 2572 2574 2446
f 2447 2575 2449
f 2573 2575 2447
f 2448 2576 2450
f 2574 2576 2448
f 2449 2577 2451
f 2575 2577 2449
f 2450 2578 2452
f 2576 2578 2450
f 2451 2579 2453
f 2577 2579 2451
f 2452 2580 2454
f 2578 2580 2452
f 2453 2581 2455
f 2579 2581 2453
f 2582 442 568
f 2582 568 2456
f 2454 2582 2456
f 2580 2582 2454
f 2583 443 569
f 2583 569 2457
f 2455 2583 2457
f 2581 2583 2455
f 2584 440 566
f 2584 566 2458
f 2460 2584 2458
f 2585 441 567
f 2585 567 2459
f 2461 2585 2459
f 2462 2586 2460
f 2586 2584 2460
f 2463 2587 2461
f 2587 2585 2461
f 2464 2588 2462
f 2588 2586 2462
f 2465 2589 2463
f 2589 2587 2463
f 2466 2590 2464
f 2590 2588 2464
f 2467 2591 2465
f 2591 2589 2465
f 2468 2592 2466
f 2592 2590 2466
f 2469 2593 2467
f 2593 2591 2467
f 2470 2594 2468
f 2594 2592 2468
f 2471 2595 2469
f 2595 2593 2469
f 2472 2596 2470
f 2596 2594 2470
f 2473 2597 2471
f 2597 2595 2471
f 2474 2598 2472
f 2598 2596 2472
f 2475 2599 2473
f 2599 2597 2473
f 2476 2600 2474
f 2600 2598 2474
f 2477 2601 2475
f 2601 2599 2475
f 2478 2602 2476
f 2602 2600 2476
f 2479 2603 2477
f 2603 2601 2477
f 2480 2604 2478
f 2604 2602 2478
f 2481 2605 2479
f 2605 2603 2479
f 2482 2606 2480
f 2606 2604 2480
f 2483 2607 2481
f 2607 2605 2481
f 2484 2608 2482
f 2608 2606 2482
f 2485 2609 2483
f 2609 2607 2483
f 2486 2610 2484
f 2610 2608 2484
f 2487 2611 2485
f 2611 2609 2485
f 2488 2612 2486
f 2612 2610 2486
f 2489 2613 2487
f 2613 2611 2487
f 2490 2614 2488
f 2614 2612 2488
f 2491 2615 2489
f 2615 2613 2489
f 2492 2616 2490
f 2616 2614 2490
f 2493 2617 2491
f 2617 2615 2491
f 2494 2618 2492
f 2618 2616 2492
f 2495 2619 2493
f 2619 2617 2493
f 2496 2620 2494
f 2620 2618 2494
f 2497 2621 2495
f 2621 2619 2495
f 2498 2622 2496
f 2622 2620 2496
f 2499 2623 2497
f 2623 2621 2497
f 2500 2624 2498
f 2624 2622 2498
f 2501 2625 2499
f 2625 2623 2499
f 2502 2626 2500
f 2626 2624 2500
f 2503 2627 2501
f 2627 2625 2501
f 2504 2628 2502
f 2628 2626 2502
f 2505 2629 2503
f 2629 2627 2503
f 2506 2630 2504
f 2630 2628 2504
f 2507 2631 2505
f 2631 2629 2505
f 2508 2632 2506
f 2632 2630 2506
f 2509 2633 2507
f 2633 2631 2507
f 2510 2634 2508
f 2634 2632 2508
f 2511 2635 2509
f 2635 2633 2509
f 2512 2636 2510
f 2636 2634 2510
f 2513 2637 2511
f 2637 2635 2511
f 2514 2638 2512
f 2638 2636 2512
f 2515 2639 2513
f 2639 2637 2513
f 2516 2640 2514
f 2640 2638 2514
f 2517 2641 2515
f 2641 2639 2515
f 2518 2642 2516
f 2642 2640 2516
f 2519 2643 2517
f 2643 2641 2517
f 2520 2644 2518
f 2644 2642 2518
f 506 2645 632
f 632 2645 2519
f 2645 2643 2519
f 505 2646 631
f 631 2646 2520
f 2646 2644 2520
f 504 2647 630
f 630 2647 2521
f 503 2648 629
f 629 2648 2522
f 2521 2649 2523
f 2647 2649 2521
f 2522 2650 2524
f 2648 2650 2522
f 2523 2651 2525
f 2649 2651 2523
f 2524 2652 2526
f 2650 2652 2524
f 2525 2653 2527
f 2651 2653 2525
f 2526 2654 2528
f 2652 2654 2526
f 2527 2655 2529
f 2653 2655 2527
f 2528 2656 2530
f 2654 2656 2528
f 2529 2657 2531
f 2655 2657 2529
f 2530 2658 2532
f 2656 2658 2530
f 2531 2659 2533
f 2657 2659 2531
f 2532 2660 2534
f 2658 2660 2532
f 2533 2661 2535
f 2659 2661 2533
f 2534 2662 2536
f 2660 2662 2534
f 2535 2663 2537
f 2661 2663 2535
f 2536 2664 2538
f 2662 2664 2536
f 2537 2665 2539
f 2663 2665 2537
f 2538 2666 2540
f 2664 2666 2538
f 2539 2667 2541
f 2665 2667 2539
f 2540 2668 2542
f 2666 2668 2540
f 2541 2669 2543
f 2667 2669 2541
f 2542 2670 2544
f 2668 2670 2542
f 2543 2671 2545
f 2669 2671 2543
f 2544 2672 2546
f 2670 2672 2544
f 2545 2673 2547
f 2671 2673 2545
f 2546 2674 2548
f 2672 2674 2546
f 2547 2675 2549
f 2673 2675 2547
f 2548 2676 2550
f 2674 2676 2548
f 2549 2677 2551
f 2675 2677 2549
f 2550 2678 2552
f 2676 2678 2550
f 2551 2679 2553
f 2677 2679 2551
f 2552 2680 2554
f 2678 2680 2552
f 2553 2681 2555
f 2679 2681 2553
f 2554 2682 2556
f 2680 2682 2554
f 2555 2683 2557
f 2681 2683 2555
f 2556 2684 2558
f 2682 2684 2556
f 2557 2685 2559
f 2683 2685 2557
f 2558 2686 2560
f 2684 2686 2558
f 2559 2687 2561
f 2685 2687 2559
f 2560 2688 2562
f 2686 2688 2560
f 2561 2689 2563
f 2687 2689 2561
f 2562 2690 2564
f 2688 2690 2562
f 2563 2691 2565
f 2689 2691 2563
f 2564 2692 2566
f 2690 2692 2564
f 2565 2693 2567
f 2691 2693 2565
f 2566 2694 2568
f 2692 2694 2566
f 2567 2695 2569
f 2693 2695 2567
f 2568 2696 2570
f 2694 2696 2568
f 2569 2697 2571
f 2695 2697 2569
f 2570 2698 2572
f 2696 2698 2570
f 2571 2699 2573
f 2697 2699 2571
f 2572 2700 2574
f 2698 2700 2572
f 2573 2701 2575
f 2699 2701 2573
f 2574 2702 2576
f 2700 2702 2574
f 2575 2703 2577
f 2701 2703 2575
f 2576 2704 2578
f 2702 2704 2576
f 2577 2705 2579
f 2703 2705 2577
f 2578 2706 2580
f 2704 2706 2578
f 2579 2707 2581
f 2705 2707 2579
f 2708 316 442
f 2708 442 2582
f 2580 2708 2582
f 2706 2708 2580
f 2709 317 443
f 2709 443 2583
f 2581 2709 2583
f 2707 2709 2581
f 2710 314 440
f 2710 440 2584
f 2586 2710 2584
f 2711 315 441
f 2711 441 2585
f 2587 2711 2585
f 2588 2712 2586
f 2712 2710 2586
f 2589 2713 2587
f 2713 2711 2587
f 2590 2714 2588
f 2714 2712 2588
f 2591 2715 2589
f 2715 2713 2589
f 2592 2716 2590
f 2716 2714 2590
f 2593 2717 2591
f 2717 2715 2591
f 2594 2718 2592
f 2718 2716 2592
f 2595 2719 2593
f 2719 2717 2593
f 2596 2720 2594
f 2720 2718 2594
f 2597 2721 2595
f 2721 2719 2595
f 2598 2722 2596
f 2722 2720 2596
f 2599 2723 2597
f 2723 2721 2597
f 2600 2724 2598
f 2724 2722 2598
f 2601 2725 2599
f 2725 2723 2599
f 2602 2726 2600
f 2726 2724 2600
f 2603 2727 2601
f 2727 2725 2601
f 2604 2728 2602
f 2728 2726 2602
f 2605 2729 2603
f 2729 2727 2603
f 2606 2730 2604
f 2730 2728 2604
f 2607 2731 2605
f 2731 2729 2605
f 2608 2732 2606
f 2732 2730 2606
f 2609 2733 2607
f 2733 2731 2607
f 2610 2734 2608
f 2734 2732 2608
f 2611 2735 2609
f 2735 2733 2609
f 2612 2736 2610
f 2736 2734 2610
f 2613 2737 2611
f 2737 2735 2611
f 2614 2738 2612
f 2738 2736 2612
f 2615 2739 2613
f 2739 2737 2613
f 2616 2740 2614
f 2740 2738 2614
f 2617 2741 2615
f 2741 2739 2615
f 2618 2742 2616
f 2742 2740 2616
f 2619 2743 2617
f 2743 2741 2617
f 2620 2744 2618
f 2744 2742 2618
f 2621 2745 2619
f 2745 2743 2619
f 2622 2746 2620
f 2746 2744 2620
f 2623 2747 2621
f 2747 2745 2621
f 2624 2748 2622
f 2748 2746 2622
f 2625 2749 2623
f 2749 2747 2623
f 2626 2750 2624
f 2750 2748 2624
f 2627 2751 2625
f 2751 2749 2625
f 2628 2752 2626
f 2752 2750 2626
f 2629 2753 2627
f 2753 2751 2627
f 2630 2754 2628
f 2754 2752 2628
f 2631 2755 2629
f 2755 2753 2629
f 2632 2756 2630
f 2756 2754 2630
f 2633 2757 2631
f 2757 2755 2631
f 2634 2758 2632
f 2758 2756 2632
f 2635 2759 2633
f 2759 2757 2633
f 2636 2760 2634
f 2760 2758 2634
f 2637 2761 2635
f 2761 2759 2635
f 2638 2762 2636
f 2762 2760 2636
f 2639 2763 2637
f 2763 2761 2637
f 2640 2764 2638
f 2764 2762 2638
f 2641 2765 2639
f 2765 2763 2639
f 2642 2766 2640
f 2766 2764 2640
f 2643 2767 2641
f 2767 2765 2641
f 2644 2768 2642
f 2768 2766 2642
f 2645 2769 2643
f 2769 2767 2643
f 2646 2770 2644
f 2770 2768 2644
f 380 2771 506
f 506 2771 2645
f 2771 2769 2645
f 379 2772 505
f 505 2772 2646
f 2772 2770 2646
f 378 2773 504
f 504 2773 2647
f 377 2774 503
f 503 2774 2648
f 2647 2775 2649
f 2773 2775 2647
f 2648 2776 2650
f 2774 2776 2648
f 2649 2777 2651
f 2775 2777 2649
f 2650 2778 2652
f 2776 2778 2650
f 2651 2779 2653
f 2777 2779 2651
f 2652 2780 2654
f 2778 2780 2652
f 2653 2781 2655
f 2779 2781 2653
f 2654 2782 2656
f 2780 2782 2654
f 2655 2783 2657
f 2781 2783 2655
f 2656 2784 2658
f 2782 2784 2656
f 2657 2785 2659
f 2783 2785 2657
f 2658 2786 2660
f 2784 2786 2658
f 2659 2787 2661
f 2785 2787 2659
f 2660 2788 2662
f 2786 2788 2660
f 2661 2789 2663
f 2787 2789 2661
f 2662 2790 2664
f 2788 2790 2662
f 2663 2791 2665
f 2789 2791 2663
f 2664 2792 2666
f 2790 2792 2664
f 2665 2793 2667
f 2791 2793 2665
f 2666 2794 2668
f 2792 2794 2666
f 2667 2795 2669
f 2793 2795 2667
f 2668 2796 2670
f 2794 2796 2668
f 2669 2797 2671
f 2795 2797 2669
f 2670 2798 2672
f 2796 2798 2670
f 2671 2799 2673
f 2797 2799 2671
f 2672 2800 2674
f 2798 2800 2672
f 2673 2801 2675
f 2799 2801 2673
f 2674 2802 2676
f 2800 2802 2674
f 2675 2803 2677
f 2801 2803 2675
f 2676 2804 2678
f 2802 2804 2676
f 2677 2805 2679
f 2803 2805 2677
f 2678 2806 2680
f 2804 2806 2678
f 2679 2807 2681
f 2805 2807 2679
f 2680 2808 2682
f 2806 2808 2680
f 2681 2809 2683
f 2807 2809 2681
f 2682 2810 2684
f 2808 2810 2682
f 2683 2811 2685
f 2809 2811 2683
f 2684 2812 2686
f 2810 2812 2684
f 2685 2813 2687
f 2811 2813 2685
f 2686 2814 2688
f 2812 2814 2686
f 2687 2815 2689
f 2813 2815 2687
f 2688 2816 2690
f 2814 2816 2688
f 2689 2817 2691
f 2815 2817 2689
f 2690 2818 2692
f 2816 2818 2690
f 2691 2819 2693
f 2817 2819 2691
f 2692 2820 2694
f 2818 2820 2692
f 2693 2821 2695
f 2819 2821 2693
f 2694 2822 2696
f 2820 2822 2694
f 2695 2823 2697
f 2821 2823 2695
f 2696 2824 2698
f 2822 2824 2696
f 2697 2825 2699
f 2823 2825 2697
f 2698 2826 2700
f 2824 2826 2698
f 2699 2827 2701
f 2825 2827 2699
f 2700 2828 2702
f 2826 2828 2700
f 2701 2829 2703
f 2827 2829 2701
f 2702 2830 2704
f 2828 2830 2702
f 2703 2831 2705
f 2829 2831 2703
f 2704 2832 2706
f 2830 2832 2704
f 2705 2833 2707
f 2831 2833 2705
f 2834 128 316
f 2834 316 2708
f 2706 2834 2708
f 2832 2834 2706
f 2835 131 317
f 2835 317 2709
f 2707 2835 2709
f 2833 2835 2707
f 2836 122 314
f 2836 314 2710
f 2712 2836 2710
f 2837 125 315
f 2837 315 2711
f 2713 2837 2711
f 2714 2838 2712
f 2838 2836 2712
f 2715 2839 2713
f 2839 2837 2713
f 2716 2840 2714
f 2840 2838 2714
f 2717 2841 2715
f 2841 2839 2715
f 2718 2842 2716
f 2842 2840 2716
f 2719 2843 2717
f 2843 2841 2717
f 2720 2844 2718
f 2844 2842 2718
f 2721 2845 2719
f 2845 2843 2719
f 2722 2846 2720
f 2846 2844 2720
f 2723 2847 2721
f 2847 2845 2721
f 2724 2848 2722
f 2848 2846 2722
f 2725 2849 2723
f 2849 2847 2723
f 2726 2850 2724
f 2850 2848 2724
f 2727 2851 2725
f 2851 2849 2725
f 2728 2852 2726
f 2852 2850 2726
f 2729 2853 2727
f 2853 2851 2727
f 2730 2854 2728
f 2854 2852 2728
f 2731 2855 2729
f 2855 2853 2729
f 2732 2856 2730
f 2856 2854 2730
f 2733 2857 2731
f 2857 2855 2731
f 2734 2858 2732
f 2858 2856 2732
f 2735 2859 2733
f 2859 2857 2733
f 2736 2860 2734
f 2860 2858 2734
f 2737 2861 2735
f 2861 2859 2735
f 2738 2862 2736
f 2862 2860 2736
f 2739 2863 2737
f 2863 2861 2737
f 2740 2864 2738
f 2864 2862 2738
f 2741 2865 2739
f 2865 2863 2739
f 2742 2866 2740
f 2866 2864 2740
f 2743 2867 2741
f 2867 2865 2741
f 2744 2868 2742
f 2868 2866 2742
f 2745 2869 2743
f 2869 2867 2743
f 2746 2870 2744
f 2870 2868 2744
f 2747 2871 2745
f 2871 2869 2745
f 2748 2872 2746
f 2872 2870 2746
f 2749 2873 2747
f 2873 2871 2747
f 2750 2874 2748
f 2874 2872 2748
f 2751 2875 2749
f 2875 2873 2749
f 2752 2876 2750
f 2876 2874 2750
f 2753 2877 2751
f 2877 2875 2751
f 2754 2878 2752
f 2878 2876 2752
f 2755 2879 2753
f 2879 2877 2753
f 2756 2880 2754
f 2880 2878 2754
f 2757 2881 2755
f 2881 2879 2755
f 2758 2882 2756
f 2882 2880 2756
f 2759 2883 2757
f 2883 2881 2757
f 2760 2884 2758
f 2884 2882 2758
f 2761 2885 2759
f 2885 2883 2759
f 2762 2886 2760
f 2886 2884 2760
f 2763 2887 2761
f 2887 2885 2761
f 2764 2888 2762
f 2888 2886 2762
f 2765 2889 2763
f 2889 2887 2763
f 2766 2890 2764
f 2890 2888 2764
f 2767 2891 2765
f 2891 2889 2765
f 2768 2892 2766
f 2892 2890 2766
f 2769 2893 2767
f 2893 2891 2767
f 2770 2894 2768
f 2894 2892 2768
f 2771 2895 2769
f 2895 2893 2769
f 2772 2896 2770
f 2896 2894 2770
f 254 2897 380
f 380 2897 2771
f 2897 2895 2771
f 253 2898 379
f 379 2898 2772
f 2898 2896 2772
f 2899 252 216
f 252 2899 378
f 378 2899 2773
f 2900 251 215
f 251 2900 377
f 377 2900 2774
f 2773 2901 2775
f 2899 2901 2773
f 2774 2902 2776
f 2900 2902 2774
f 2775 2903 2777
f 2901 2903 2775
f 2776 2904 2778
f 2902 2904 2776
f 2777 2905 2779
f 2903 2905 2777
f 2778 2906 2780
f 2904 2906 2778
f 2779 2907 2781
f 2905 2907 2779
f 2780 2908 2782
f 2906 2908 2780
f 2781 2909 2783
f 2907 2909 2781
f 2782 2910 2784
f 2908 2910 2782
f 2783 2911 2785
f 2909 2911 2783
f 2784 2912 2786
f 2910 2912 2784
f 2785 2913 2787
f 2911 2913 2785
f 2786 2914 2788
f 2912 2914 2786
f 2787 2915 2789
f 2913 2915 2787
f 2788 2916 2790
f 2914 2916 2788
f 2789 2917 2791
f 2915 2917 2789
f 2790 2918 2792
f 2916 2918 2790
f 2791 2919 2793
f 2917 2919 2791
f 2792 2920 2794
f 2918 2920 2792
f 2793 2921 2795
f 2919 2921 2793
f 2794 2922 2796
f 2920 2922 2794
f 2795 2923 2797
f 2921 2923 2795
f 2796 2924 2798
f 2922 2924 2796
f 2797 2925 2799
f 2923 2925 2797
f 2798 2926 2800
f 2924 2926 2798
f 2799 2927 2801
f 2925 2927 2799
f 2800 2928 2802
f 2926 2928 2800
f 2801 2929 2803
f 2927 2929 2801
f 2802 2930 2804
f 2928 2930 2802
f 2803 2931 2805
f 2929 2931 2803
f 2804 2932 2806
f 2930 2932 2804
f 2805 2933 2807
f 2931 2933 2805
f 2806 2934 2808
f 2932 2934 2806
f 2935 2899 216
f 2901 2899 2935
f 2936 2900 215
f 2902 2900 2936
f 39 2937 37
f 2903 2901 2937
f 2937 2935 37
f 2937 2901 2935
f 40 2938 38
f 2904 2902 2938
f 2938 2936 38
f 2938 2902 2936
f 41 2939 39
f 2905 2903 2939
f 2939 2937 39
f 2939 2903 2937
f 42 2940 40
f 2906 2904 2940
f 2940 2938 40
f 2940 2904 2938
f 2807 2941 2809
f 2933 2941 2807
f 2808 2942 2810
f 2934 2942 2808
f 45 2943 41
f 2907 2905 2943
f 2943 2939 41
f 2943 2905 2939
f 46 2944 42
f 2908 2906 2944
f 2944 2940 42
f 2944 2906 2940
f 47 2945 45
f 2909 2907 2945
f 2945 2943 45
f 2945 2907 2943
f 48 2946 46
f 2910 2908 2946
f 2946 2944 46
f 2946 2908 2944
f 49 2947 47
f 2911 2909 2947
f 2947 2945 47
f 2947 2909 2945
f 50 2948 48
f 2912 2910 2948
f 2948 2946 48
f 2948 2910 2946
f 51 2949 49
f 2913 2911 2949
f 2949 2947 49
f 2949 2911 2947
f 52 2950 50
f 2914 2912 2950
f 2950 2948 50
f 2950 2912 2948
f 53 2951 51
f 2915 2913 2951
f 2951 2949 51
f 2951 2913 2949
f 54 2952 52
f 2916 2914 2952
f 2952 2950 52
f 2952 2914 2950
f 2809 2953 2811
f 2941 2953 2809
f 2810 2954 2812
f 2942 2954 2810
f 57 2955 53
f 2917 2915 2955
f 2955 2951 53
f 2955 2915 2951
f 58 2956 54
f 2918 2916 2956
f 2956 2952 54
f 2956 2916 2952
f 59 2957 57
f 2919 2917 2957
f 2957 2955 57
f 2957 2917 2955
f 60 2958 58
f 2920 2918 2958
f 2958 2956 58
f 2958 2918 2956
f 61 2959 59
f 2921 2919 2959
f 2959 2957 59
f 2959 2919 2957
f 62 2960 60
f 2922 2920 2960
f 2960 2958 60
f 2960 2920 2958
f 2811 2961 2813
f 2953 2961 2811
f 2812 2962 2814
f 2954 2962 2812
f 65 2963 61
f 2923 2921 2963
f 2963 2959 61
f 2963 2921 2959
f 66 2964 62
f 2924 2922 2964
f 2964 2960 62
f 2964 2922 2960
f 67 2965 65
f 2925 2923 2965
f 2965 2963 65
f 2965 2923 2963
f 68 2966 66
f 2926 2924 2966
f 2966 2964 66
f 2966 2924 2964
f 69 2967 67
f 2927 2925 2967
f 2967 2965 67
f 2967 2925 2965
f 70 2968 68
f 2928 2926 2968
f 2968 2966 68
f 2968 2926 2966
f 2813 2969 2815
f 2961 2969 2813
f 2814 2970 2816
f 2962 2970 2814
f 73 2971 69
f 2929 2927 2971
f 2971 2967 69
f 2971 2927 2967
f 74 2972 70
f 2930 2928 2972
f 2972 2968 70
f 2972 2928 2968
f 75 2973 73
f 2931 2929 2973
f 2973 2971 73
f 2973 2929 2971
f 76 2974 74
f 2932 2930 2974
f 2974 2972 74
f 2974 2930 2972
f 2815 2975 2817
f 2969 2975 2815
f 2816 2976 2818
f 2970 2976 2816
f 79 2977 75
f 2933 2931 2977
f 2977 2973 75
f 2977 2931 2973
f 80 2978 76
f 2934 2932 2978
f 2978 2974 76
f 2978 2932 2974
f 81 2979 79
f 2941 2933 2979
f 2979 2977 79
f 2979 2933 2977
f 82 2980 80
f 2942 2934 2980
f 2980 2978 80
f 2980 2934 2978
f 2817 2981 2819
f 2975 2981 2817
f 2818 2982 2820
f 2976 2982 2818
f 85 2983 81
f 2953 2941 2983
f 2983 2979 81
f 2983 2941 2979
f 86 2984 82
f 2954 2942 2984
f 2984 2980 82
f 2984 2942 2980
f 87 2985 85
f 2961 2953 2985
f 2985 2983 85
f 2985 2953 2983
f 88 2986 86
f 2962 2954 2986
f 2986 2984 86
f 2986 2954 2984
f 2819 2987 2821
f 2981 2987 2819
f 2820 2988 2822
f 2982 2988 2820
f 91 2989 87
f 2969 2961 2989
f 2989 2985 87
f 2989 2961 2985
f 92 2990 88
f 2970 2962 2990
f 2990 2986 88
f 2990 2962 2986
f 2821 2991 2823
f 2987 2991 2821
f 2822 2992 2824
f 2988 2992 2822
f 95 2993 91
f 2975 2969 2993
f 2993 2989 91
f 2993 2969 2989
f 96 2994 92
f 2976 2970 2994
f 2994 2990 92
f 2994 2970 2990
f 97 2995 95
f 2981 2975 2995
f 2995 2993 95
f 2995 2975 2993
f 98 2996 96
f 2982 2976 2996
f 2996 2994 96
f 2996 2976 2994
f 2823 2997 2825
f 2991 2997 2823
f 2824 2998 2826
f 2992 2998 2824
f 101 2999 97
f 2987 2981 2999
f 2999 2995 97
f 2999 2981 2995
f 102 3000 98
f 2988 2982 3000
f 3000 2996 98
f 3000 2982 2996
f 103 3001 101
f 2991 2987 3001
f 3001 2999 101
f 3001 2987 2999
f 104 3002 102
f 2992 2988 3002
f 3002 3000 102
f 3002 2988 3000
f 2825 3003 2827
f 2997 3003 2825
f 2826 3004 2828
f 2998 3004 2826
f 107 3005 103
f 2997 2991 3005
f 3005 3001 103
f 3005 2991 3001
f 108 3006 104
f 2998 2992 3006
f 3006 3002 104
f 3006 2992 3002
f 109 3007 107
f 3003 2997 3007
f 3007 3005 107
f 3007 2997 3005
f 110 3008 108
f 3004 2998 3008
f 3008 3006 108
f 3008 2998 3006
f 2827 3009 2829
f 3003 3009 2827
f 2828 3010 2830
f 3004 3010 2828
f 113 3011 109
f 3011 3007 109
f 3011 3003 3007
f 3009 3003 3011
f 114 3012 110
f 3012 3008 110
f 3012 3004 3008
f 3010 3004 3012
f 2829 3013 2831
f 3009 3013 2829
f 2830 3014 2832
f 3010 3014 2830
f 117 3015 113
f 3015 3011 113
f 3015 3009 3011
f 3013 3009 3015
f 118 3016 114
f 3016 3012 114
f 3016 3010 3012
f 3014 3010 3016
f 119 3017 117
f 3017 3015 117
f 3017 3013 3015
f 120 3018 118
f 3018 3016 118
f 3018 3014 3016
f 2831 3019 2833
f 3013 3019 2831
f 3019 3013 3017
f 3020 128 2834
f 2832 3020 2834
f 3014 3020 2832
f 3020 3014 3018
f 123 3021 119
f 3021 3017 119
f 3021 3019 3017
f 124 3022 120
f 127 3022 124
f 127 128 3022
f 3022 3018 120
f 128 3020 3022
f 3022 3020 3018
f 3023 131 2835
f 2833 3023 2835
f 3019 3023 2833
f 3023 3019 3021
f 126 3024 123
f 129 3024 126
f 129 131 3024
f 3024 3021 123
f 131 3023 3024
f 3024 3023 3021
f 124 122 3025
f 3025 127 124
f 130 127 3025
f 3026 122 2836
f 2838 3026 2836
f 122 3026 3025
f 126 125 3027
f 3027 129 126
f 133 129 3027
f 134 130 3028
f 3028 130 3025
f 3025 3026 3028
f 3029 125 2837
f 2839 3029 2837
f 125 3029 3027
f 2840 3030 2838
f 3030 3026 2838
f 3026 3030 3028
f 135 133 3031
f 3031 133 3027
f 3027 3029 3031
f 136 134 3032
f 3032 134 3028
f 3028 3030 3032
f 139 135 3033
f 3033 135 3031
f 140 136 3034
f 3034 136 3032
f 2841 3035 2839
f 3035 3029 2839
f 3029 3035 3031
f 3031 3035 3033
f 2842 3036 2840
f 3036 3030 2840
f 3030 3036 3032
f 3032 3036 3034
f 143 139 3037
f 3037 139 3033
f 144 140 3038
f 3038 140 3034
f 2843 3039 2841
f 3039 3035 2841
f 3035 3039 3033
f 3033 3039 3037
f 2844 3040 2842
f 3040 3036 2842
f 3036 3040 3034
f 3034 3040 3038
f 145 143 3041
f 3041 143 3037
f 146 144 3042
f 3042 144 3038
f 149 145 3043
f 3043 145 3041
f 150 146 3044
f 3044 146 3042
f 2845 3045 2843
f 3045 3039 2843
f 3039 3045 3037
f 3037 3045 3041
f 2846 3046 2844
f 3046 3040 2844
f 3040 3046 3038
f 3038 3046 3042
f 151 149 3047
f 3047 149 3043
f 152 150 3048
f 3048 150 3044
f 155 151 3049
f 3049 151 3047
f 156 152 3050
f 3050 152 3048
f 2847 3051 2845
f 3041 3051 3043
f 3051 3045 2845
f 3045 3051 3041
f 2848 3052 2846
f 3042 3052 3044
f 3052 3046 2846
f 3046 3052 3042
f 157 155 3053
f 3053 155 3049
f 158 156 3054
f 3054 156 3050
f 161 157 3055
f 3055 157 3053
f 162 158 3056
f 3056 158 3054
f 2849 3057 2847
f 3043 3057 3047
f 3057 3051 2847
f 3051 3057 3043
f 2850 3058 2848
f 3044 3058 3048
f 3058 3052 2848
f 3052 3058 3044
f 165 161 3059
f 3059 161 3055
f 166 162 3060
f 3060 162 3056
f 2851 3061 2849
f 3047 3061 3049
f 3061 3057 2849
f 3057 3061 3047
f 2852 3062 2850
f 3048 3062 3050
f 3062 3058 2850
f 3058 3062 3048
f 167 165 3063
f 3063 165 3059
f 168 166 3064
f 3064 166 3060
f 171 167 3065
f 3065 167 3063
f 172 168 3066
f 3066 168 3064
f 2853 3067 2851
f 3049 3067 3053
f 3067 3061 2851
f 3061 3067 3049
f 2854 3068 2852
f 3050 3068 3054
f 3068 3062 2852
f 3062 3068 3050
f 173 171 3069
f 3069 171 3065
f 174 172 3070
f 3070 172 3066
f 177 173 3071
f 3071 173 3069
f 178 174 3072
f 3072 174 3070
f 2855 3073 2853
f 3053 3073 3055
f 3073 3067 2853
f 3067 3073 3053
f 2856 3074 2854
f 3054 3074 3056
f 3074 3068 2854
f 3068 3074 3054
f 179 177 3075
f 3075 177 3071
f 180 178 3076
f 3076 178 3072
f 183 179 3077
f 3077 179 3075
f 184 180 3078
f 3078 180 3076
f 2857 3079 2855
f 3055 3079 3059
f 3079 3073 2855
f 3073 3079 3055
f 2858 3080 2856
f 3056 3080 3060
f 3080 3074 2856
f 3074 3080 3056
f 185 183 3081
f 3081 183 3077
f 186 184 3082
f 3082 184 3078
f 187 185 3083
f 3083 185 3081
f 188 186 3084
f 3084 186 3082
f 191 187 3085
f 3085 187 3083
f 192 188 3086
f 3086 188 3084
f 2859 3087 2857
f 3059 3087 3063
f 3087 3079 2857
f 3079 3087 3059
f 2860 3088 2858
f 3060 3088 3064
f 3088 3080 2858
f 3080 3088 3060
f 193 191 3089
f 3089 191 3085
f 194 192 3090
f 3090 192 3086
f 195 193 3091
f 3091 193 3089
f 196 194 3092
f 3092 194 3090
f 199 195 3093
f 3093 195 3091
f 200 196 3094
f 3094 196 3092
f 2861 3095 2859
f 3063 3095 3065
f 3095 3087 2859
f 3087 3095 3063
f 2862 3096 2860
f 3064 3096 3066
f 3096 3088 2860
f 3088 3096 3064
f 201 199 3097
f 3097 199 3093
f 202 200 3098
f 3098 200 3094
f 203 201 3099
f 3099 201 3097
f 204 202 3100
f 3100 202 3098
f 205 203 3101
f 3101 203 3099
f 206 204 3102
f 3102 204 3100
f 207 205 3103
f 3103 205 3101
f 208 206 3104
f 3104 206 3102
f 211 207 3105
f 3105 207 3103
f 212 208 3106
f 3106 208 3104
f 2863 3107 2861
f 3065 3107 3069
f 3107 3095 2861
f 3095 3107 3065
f 2864 3108 2862
f 3066 3108 3070
f 3108 3096 2862
f 3096 3108 3066
f 213 211 3109
f 3109 211 3105
f 214 212 3110
f 3110 212 3106
f 215 213 3111
f 3111 213 3109
f 216 214 3112
f 3112 214 3110
f 38 2936 3113
f 2936 215 3113
f 3113 215 3111
f 37 2935 3114
f 2935 216 3114
f 3114 216 3112
f 2865 3115 2863
f 3069 3115 3071
f 3115 3107 2863
f 3107 3115 3069
f 2866 3116 2864
f 3070 3116 3072
f 3116 3108 2864
f 3108 3116 3070
f 2867 3117 2865
f 3071 3117 3075
f 3117 3115 2865
f 3115 3117 3071
f 2868 3118 2866
f 3072 3118 3076
f 3118 3116 2866
f 3116 3118 3072
f 2869 3119 2867
f 3075 3119 3077
f 3119 3117 2867
f 3117 3119 3075
f 2870 3120 2868
f 3076 3120 3078
f 3120 3118 2868
f 3118 3120 3076
f 2871 3121 2869
f 3077 3121 3081
f 3121 3119 2869
f 3119 3121 3077
f 2872 3122 2870
f 3078 3122 3082
f 3122 3120 2870
f 3120 3122 3078
f 2873 3123 2871
f 3081 3123 3083
f 3123 3121 2871
f 3121 3123 3081
f 2874 3124 2872
f 3082 3124 3084
f 3124 3122 2872
f 3122 3124 3082
f 2875 3125 2873
f 3083 3125 3085
f 3125 3123 2873
f 3123 3125 3083
f 2876 3126 2874
f 3084 3126 3086
f 3126 3124 2874
f 3124 3126 3084
f 2877 3127 2875
f 3085 3127 3089
f 3127 3125 2875
f 3125 3127 3085
f 2878 3128 2876
f 3086 3128 3090
f 3128 3126 2876
f 3126 3128 3086
f 2879 3129 2877
f 3089 3129 3091
f 3129 3127 2877
f 3127 3129 3089
f 2880 3130 2878
f 3090 3130 3092
f 3130 3128 2878
f 3128 3130 3090
f 2881 3131 2879
f 3091 3131 3093
f 3131 3129 2879
f 3129 3131 3091
f 2882 3132 2880
f 3092 3132 3094
f 3132 3130 2880
f 3130 3132 3092
f 2883 3133 2881
f 3093 3133 3097
f 3133 3131 2881
f 3131 3133 3093
f 2884 3134 2882
f 3094 3134 3098
f 3134 3132 2882
f 3132 3134 3094
f 2885 3135 2883
f 3097 3135 3099
f 3135 3133 2883
f 3133 3135 3097
f 2886 3136 2884
f 3098 3136 3100
f 3136 3134 2884
f 3134 3136 3098
f 2887 3137 2885
f 3099 3137 3101
f 3137 3135 2885
f 3135 3137 3099
f 2888 3138 2886
f 3100 3138 3102
f 3138 3136 2886
f 3136 3138 3100
f 2889 3139 2887
f 3101 3139 3103
f 3139 3137 2887
f 3137 3139 3101
f 2890 3140 2888
f 3102 3140 3104
f 3140 3138 2888
f 3138 3140 3102
f 2891 3141 2889
f 3103 3141 3105
f 3141 3139 2889
f 3139 3141 3103
f 2892 3142 2890
f 3104 3142 3106
f 3142 3140 2890
f 3140 3142 3104
f 2893 3143 2891
f 3105 3143 3109
f 3143 3141 2891
f 3141 3143 3105
f 2894 3144 2892
f 3106 3144 3110
f 3144 3142 2892
f 3142 3144 3106
f 2895 3145 2893
f 3109 3145 3111
f 3145 3143 2893
f 3143 3145 3109
f 2896 3146 2894
f 3110 3146 3112
f 3146 3144 2894
f 3144 3146 3110
f 2897 3147 2895
f 3111 3147 3113
f 3147 3145 2895
f 3145 3147 3111
f 2898 3148 2896
f 3112 3148 3114
f 3148 3146 2896
f 3146 3148 3112
f 3149 2 38
f 2 3149 254
f 254 3149 2897
f 3113 3149 38
f 3149 3147 2897
f 3147 3149 3113
f 3150 1 37
f 1 3150 253
f 253 3150 2898
f 3114 3150 37
f 3150 3148 2898
f 3148 3150 3114
