4632 9260
v -0.5000839124 -0.8417046687 -0.003343067871
v -0.2849550123 -0.926128732 -0.1564428994
v -0.5118801776 -0.8469113983 -0.0459849998
v -0.3215560574 -0.9216012166 -0.1814321615
v 0.4140272163 0.7407353998 0.4200792288
v 0.6390669977 0.6524219813 0.2599261437
v -0.4706202039 -0.8480434219 0.01045813229
v -0.2821456539 -0.9220073554 -0.1236727264
v -0.2964713404 -0.9053418832 -0.1969146836
v -0.4133230744 -0.7777724332 -0.4314551976
v -0.5225953747 -0.8166029859 -0.03598995865
v -0.6394471376 -0.689033536 -0.2705304546
v 0.626924177 0.6992351244 0.2157844171
v 0.5100724141 0.8268045743 -0.01875609693
v 0.4008001138 0.7879740217 0.3767091167
v 0.2839483798 0.9155434716 0.1421686171
v 0.4441953852 0.7416243423 0.4193225391
v 0.6326699352 0.6676604089 0.285191695
v -0.4859164197 -0.8230895681 0.01786160329
v -0.2608766672 -0.9114029866 -0.1422914895
v 0.4335182021 0.7958998662 0.3765479698
v 0.6238423513 0.7212100479 0.2411008226
v 0.4264004661 0.76823981 0.4107365307
v 0.6415293083 0.6838158046 0.2576367056
v 0.4211679113 0.7331425613 0.4269637853
v 0.639919287 0.6472969542 0.2712859284
v -0.5156886988 -0.8442024745 -0.04853553442
v -0.3216831567 -0.9203369981 -0.1866026143
v 0.4127300793 0.704753146 0.4307621154
v 0.6314814551 0.618907481 0.2750842874
v -0.4742832123 -0.8461839501 0.01286482168
v -0.2784547647 -0.92303382 -0.1264995573
v -0.2325345595 -0.8781456382 -0.1220705076
v -0.4586585938 -0.7894067409 0.0388542046
v -0.2760782389 -0.9130934366 -0.1639848258
v -0.5022022732 -0.8243544814 -0.003060101775
v 0.6304299181 0.6241520799 0.2853060843
v 0.4241860715 0.7050893367 0.4320827325
v 0.4275831268 0.7683883917 0.4107532361
v 0.641372041 0.6844901548 0.2586070033
v 0.630900562 0.6192612167 0.2679895972
v 0.4069345816 0.7071532098 0.4273784939
v 0.6398382793 0.6723754754 0.2738623968
v 0.4352470714 0.7526641494 0.4194629274
v 0.4139572972 0.7840850139 0.3931723881
v 0.63650764 0.696748552 0.2347909634
v -0.2802947808 -0.9226279707 -0.1250400864
v -0.4724640706 -0.8472140626 0.01172020623
v 0.4046127172 0.6994011352 0.4276138448
v 0.6279128303 0.6117704051 0.2686988346
v 0.4387122797 0.7562466712 0.4163200708
v 0.6381290684 0.6779885755 0.2744019754
v 0.6203417637 0.6032983519 0.2845581091
v 0.4157505847 0.6835870837 0.4301586397
v -0.2906715868 -0.9222178944 -0.1732557229
v -0.51147815 -0.8355657422 -0.01611529717
v 0.6311789066 0.6987230791 0.2228373007
v 0.4057337391 0.78719556 0.383278878
v -0.2586595801 -0.9127879929 -0.1164848396
v -0.4649033688 -0.8318507939 0.03029180304
v 0.6356076957 0.6306537171 0.2709435998
v 0.4138892021 0.7176637161 0.4287330138
v -0.467491389 -0.8180724162 0.03489172746
v -0.2476746661 -0.9043360903 -0.1215442759
v -0.4669137964 -0.8065029611 0.03541686265
v -0.241874015 -0.8948163796 -0.1247362206
v -0.2920738774 -0.9283448347 -0.1567365307
v -0.4999274558 -0.8467759029 -0.008814265958
v 0.4170952319 0.785769326 0.393463848
v 0.6369119259 0.699505594 0.2370278537
v 0.6275391756 0.6167328376 0.2623016852
v 0.4015512158 0.7054183474 0.4231295548
v -0.2993115327 -0.9124899609 -0.1944463075
v -0.5232774841 -0.8245979678 -0.03505741439
v -0.2626313907 -0.9087838719 -0.1474663429
v -0.4887554539 -0.8200449167 0.01345837001
v -0.5211287816 -0.8357762813 -0.03618349561
v -0.3059999104 -0.9202003446 -0.1892833244
v -0.4396778871 -0.8187041491 0.03991604492
v -0.249353709 -0.8933939674 -0.09553111863
v 0.6289689417 0.62013522 0.2624345459
v 0.4029809819 0.7088207298 0.4232623866
v 0.413019889 0.7988564455 0.3765401238
v 0.296168155 0.9264258955 0.1419996098
v 0.6294245306 0.7139317441 0.2225323781
v 0.5125727676 0.841501194 -0.01200813236
v 0.4146646527 0.7131126338 0.4301136194
v 0.6344813467 0.6268489597 0.273677625
v 0.4129616086 0.7834537442 0.3929960704
v 0.6362617216 0.6958230141 0.2340810601
v -0.5199760284 -0.8404962118 -0.05029080798
v -0.6368277334 -0.7129267619 -0.2848313293
v -0.3205592107 -0.9187543075 -0.1922088961
v -0.4374109447 -0.7911848576 -0.4267493957
v -0.3133626673 -0.9240544942 -0.181223461
v -0.5145362351 -0.8451069932 -0.03805513091
v -0.2558786816 -0.9072761091 -0.1380172317
v -0.481323878 -0.8188035703 0.02242435921
v 0.639273194 0.6639295949 0.2777257241
v 0.4346819861 0.7442182688 0.4233262547
v 0.4084526514 0.6875467344 0.4300137928
v 0.6235815516 0.603122729 0.2769139677
v -0.5000426848 -0.8526590094 -0.02618202711
v -0.3097185067 -0.9273488277 -0.1616291889
v -0.4614149989 -0.8387707298 0.02473209956
v -0.2674094858 -0.9149052534 -0.1133349767
v -0.4641289314 -0.8046232229 0.03771781103
v -0.2395826081 -0.8927430104 -0.1220841006
v -0.4861099928 -0.8508043436 -0.001205790629
v -0.2902815163 -0.9276542135 -0.1405701766
v -0.2645796004 -0.9182639762 -0.13504732
v -0.4821927279 -0.8328650408 0.01982045879
v -0.4719129691 -0.8177073314 0.03166650603
v -0.2493626262 -0.9050437932 -0.1267149313
v -0.2643529351 -0.9183962869 -0.1285601153
v -0.4767408906 -0.8350478487 0.02258909253
v 0.4199100043 0.6815872525 0.428989297
v 0.6175436676 0.6040289269 0.2883401972
v -0.2902952396 -0.9284214417 -0.1523170931
v -0.4965390862 -0.8474841849 -0.005540455821
v -0.25215968 -0.907999504 -0.1280448853
v -0.4738781736 -0.820989505 0.02974454127
v -0.2482075279 -0.9014708256 -0.1061107696
v -0.4527987358 -0.8211821517 0.03948975914
v -0.5176515293 -0.8422203619 -0.05238667299
v -0.6345032923 -0.714650912 -0.2869271653
v -0.3236460162 -0.9183548855 -0.1904537528
v -0.4404977502 -0.7907854356 -0.4249942669
v -0.5155237882 -0.8271798502 -0.02148580107
v -0.2904840067 -0.9154932688 -0.1816388934
v 0.4264293312 0.7451202397 0.4235259657
v 0.6415582025 0.6606961764 0.2704261405
v 0.6367916013 0.6835898631 0.2386999192
v 0.4110301041 0.7721864902 0.3993666129
v -0.5128481012 -0.8393816752 -0.0210714218
v -0.2964434596 -0.9243063767 -0.1750791639
v 0.4386564602 0.7388595411 0.4237492146
v 0.6362901525 0.6613012155 0.2831001438
v -0.4636485018 -0.8225333999 0.03571942202
v -0.2498595875 -0.9064315789 -0.1164267909
v -0.2565540741 -0.9122070418 -0.1193128286
v -0.4674834272 -0.8294310428 0.03079835466
v 0.6303923963 0.7094727291 0.2546243647
v 0.4382230776 0.7848866371 0.3913846593
v 0.6386673442 0.6587224599 0.255048309
v 0.412905876 0.747319087 0.4157150027
v 0.6228902934 0.6030271873 0.2791928962
v 0.4105023379 0.6863756256 0.4303421086
v 0.4375583683 0.7902490707 0.3831833075
v 0.6260329183 0.7162851372 0.2490524489
v -0.2604064286 -0.9085083646 -0.1443330839
v -0.4863943595 -0.8198228548 0.0164947757
v -0.525372162 -0.8292804923 -0.04150199445
v -0.6422238671 -0.7017110424 -0.2760425121
v -0.3066207863 -0.9151261573 -0.1971798406
v -0.4234725203 -0.7875567074 -0.4317203401
v 0.4158797686 0.7516184027 0.4161054206
v 0.6404261209 0.6634986731 0.2563034944
v -0.49060873 -0.8268020265 0.01273966711
v -0.2660624356 -0.914921814 -0.1470622452
v -0.4832966102 -0.8307575081 0.01967791809
v -0.2634799162 -0.9170212401 -0.1367580798
v 0.4289352725 0.6982065752 0.4304007943
v 0.6247637201 0.6213567053 0.2910364111
v 0.4267222677 0.7992244256 0.3757729824
v 0.6261390564 0.7209663299 0.233854887
v -0.5130693525 -0.8434940188 -0.02726681915
v -0.3036526551 -0.9256763858 -0.1763015033
v -0.303874109 -0.923856115 -0.1810827397
v -0.5162620644 -0.8405077347 -0.02993352371
v -0.3026390741 -0.9253369524 -0.1768291103
v -0.5135684273 -0.8425609534 -0.02671792883
v 0.6395264082 0.6892250825 0.2441519592
v 0.4178079436 0.7762350815 0.4019414021
v 0.4100264537 0.7185734462 0.4261026078
v 0.6345727771 0.6304536587 0.2663007106
v 0.4435943704 0.7629986854 0.4088493229
v 0.6339185196 0.6883088671 0.2734021467
v -0.2855154942 -0.9191884718 -0.171366995
v -0.5094814456 -0.8312964787 -0.01197810369
v 0.6379482341 0.6418327254 0.2654460473
v 0.4139822828 0.7297247764 0.424834944
v -0.2318226296 -0.8792099141 -0.1200602972
v -0.4575840978 -0.790613287 0.04060638753
v -0.4662342059 -0.839956141 0.02284666591
v -0.2686005425 -0.9175144665 -0.1178024312
v 0.4412347815 0.7675242321 0.4073329324
v 0.6352402947 0.6913897085 0.2692658597
v -0.2353271547 -0.8892006739 -0.1136950094
v -0.4561336889 -0.8025485218 0.04344542713
v 0.6377327154 0.6742801703 0.2448917409
v 0.4117447556 0.762965738 0.4057196105
v -0.3076474246 -0.9156978437 -0.19697929
v -0.4244991586 -0.7881283938 -0.4315198185
v -0.5252605231 -0.8302989083 -0.0421115139
v -0.642112286 -0.7027294583 -0.2766520099
v 0.4395218648 0.7475719539 0.4201609314
v 0.6371555281 0.6700136862 0.2795118316
v 0.6351983722 0.6369895752 0.2830495357
v 0.4273447649 0.7185585649 0.4309718149
v -0.2465305116 -0.8982726128 -0.1302153597
v -0.4722919798 -0.8096759857 0.03045131595
v -0.5081585703 -0.8230987748 -0.01206907453
v -0.2819891393 -0.9118555065 -0.1730261189
v 0.6387764354 0.6596179456 0.2794052303
v 0.4341851985 0.7399066195 0.4250057609
v -0.5133775756 -0.8371955667 -0.02028315988
v -0.2946261998 -0.9230411738 -0.1759610132
v -0.2516866331 -0.9045749444 -0.1073145508
v -0.4545864066 -0.8249500243 0.03708225107
v -0.4850429375 -0.8263998831 0.01888492795
v -0.2617427956 -0.9140306132 -0.1400300913
v 0.6288709681 0.6985748448 0.2190428791
v 0.4028830373 0.7872603546 0.3798707342
v 0.4121333205 0.7260381432 0.4249467856
v 0.6366796149 0.6379184136 0.2651448884
v 0.4336360947 0.7014736938 0.4287832166
v 0.6239602439 0.6267838756 0.2933360403
v -0.5061422365 -0.8233038708 -0.009122698967
v -0.2799727765 -0.9120606026 -0.1700797307
v 0.4104492399 0.7588686811 0.4063701912
v 0.6366186999 0.6701119493 0.2454131667
v 0.640393521 0.6759634402 0.2707360718
v 0.4341496744 0.7569006971 0.4175127199
v 0.4102325341 0.7224384239 0.4248365943
v 0.6352723156 0.6341250053 0.2646835092
v -0.4952551224 -0.8397057061 0.003828068336
v -0.2788505098 -0.9246304076 -0.1501796819
v -0.4700061896 -0.8143315269 0.03335899172
v -0.2467060766 -0.901962257 -0.1255560257
v -0.4600204385 -0.8096113069 0.04072386393
v -0.2402037155 -0.8958750389 -0.1157121394
v 0.6259985233 0.6084304432 0.267073903
v 0.402032543 0.6963224363 0.4264627997
v 0.4140649118 0.7258222191 0.4263262042
v 0.6373650248 0.6381914889 0.2674111939
v -0.5139569632 -0.8451272596 -0.049887036
v -0.323632843 -0.9198170779 -0.1853341977
v 0.4257793296 0.7325429651 0.4279849228
v 0.6395682149 0.6486447282 0.2758387189
v 0.4151481802 0.7997688392 0.3759760518
v 0.2982964462 0.9273382891 0.1414355377
v 0.6289370945 0.7158706602 0.223829819
v 0.5120853316 0.8434401101 -0.01071068238
v -0.4710117509 -0.8047419261 0.03000539708
v -0.2448422909 -0.8934986578 -0.1309516383
v 0.6409148888 0.6620891734 0.2736532185
v 0.4299855067 0.7448652304 0.4237644144
v 0.4094714437 0.6869586033 0.4302064684
v 0.623260358 0.6030604243 0.2780602357
v -0.4834244043 -0.8522956616 -0.003031158812
v -0.2931002552 -0.9269854799 -0.1384783215
v 0.4403550168 0.7240795975 0.4257586868
v 0.630679137 0.6493898372 0.2903115396
v 0.6354567399 0.6854514774 0.2355334956
v 0.4094687801 0.7741369872 0.3963613652
v 0.6411571592 0.6851548351 0.2595729582
v 0.4287692038 0.7685032154 0.4107221705
v 0.4163152068 0.794667437 0.3834804709
v 0.6327198484 0.7097427355 0.2294727396
v 0.6387034763 0.6921749449 0.2413689906
v 0.4169850116 0.7791849439 0.399158419
v 0.6172424509 0.6090306763 0.2915336329
v 0.4250731611 0.6844445843 0.4282939276
v -0.4644698124 -0.8216720197 0.03565353629
v -0.2493409412 -0.9060960251 -0.1174462925
v -0.3112682499 -0.923903191 -0.1823509246
v -0.5158594578 -0.843614517 -0.03675040131
v -0.3112661074 -0.9220094978 -0.1871981137
v -0.5191197437 -0.8404405081 -0.03927584178
v 0.4158712278 0.7584804925 0.4123094356
v 0.6404175511 0.670360705 0.2525075384
v -0.2614110924 -0.9131880518 -0.1408053828
v -0.4853770437 -0.8252960587 0.01858350585
v 0.4321424315 0.7940775108 0.3820411217
v 0.627970908 0.717227641 0.2426767384
v 0.633282965 0.6580358919 0.2870499508
v 0.4411136463 0.7334498 0.4238102455
v -0.5159245419 -0.8431402831 -0.05374744644
v -0.6327763048 -0.7155708332 -0.2882879677
v -0.3256003927 -0.9178301014 -0.1891946154
v -0.4424521557 -0.7902606515 -0.423735115
v 0.414078056 0.7993364699 0.3762739969
v 0.297226322 0.9269059198 0.1417334974
v 0.6292069272 0.7149124066 0.2231741718
v 0.5123551643 0.8424818565 -0.01136633142
v -0.2767610721 -0.9152771131 -0.1633171345
v -0.5025225403 -0.826680486 -0.002650450728
v -0.2489945883 -0.9036538651 -0.1286157321
v -0.4729605686 -0.8157618141 0.03077315374
v -0.233234677 -0.8839318712 -0.1021373378
v -0.4441640591 -0.8011558721 0.04797385094
v -0.2355271841 -0.8857944699 -0.1212658589
v -0.4609723806 -0.797321989 0.03917572211
v 0.4237433663 0.7285254683 0.4289026146
v 0.6388722086 0.6441014629 0.2758027895
v 0.6348068252 0.6712622706 0.2818978536
v 0.4426375643 0.7466761787 0.4186581483
v 0.6251338426 0.6161879029 0.2881710595
v 0.4239602748 0.6951354038 0.4313393896
v -0.4481057306 -0.7985510018 0.04738626626
v -0.231701089 -0.8834756454 -0.1066214831
v -0.4769644001 -0.822116491 0.02699983456
v -0.2544140283 -0.9094529529 -0.1313816046
v 0.4300069601 0.7757977324 0.4049726776
v 0.6394236865 0.6936153654 0.2559379753
v 0.6409884269 0.6836973909 0.2503183466
v 0.4201819216 0.770349543 0.4074587868
v -0.5187844794 -0.8382420082 -0.03309291912
v -0.3049955941 -0.9221401872 -0.1852391338
v 0.6368331185 0.6985920423 0.2362661263
v 0.4160266132 0.7852441945 0.393406552
v 0.6368063668 0.6512524937 0.2832232477
v 0.4339065933 0.7308774138 0.4276200406
v 0.6331606138 0.6935443171 0.2281086367
v 0.4073991456 0.7821409442 0.3887753304
v 0.4315551689 0.7964355942 0.3777889399
v 0.625560711 0.7203011285 0.2397218672
v 0.6388372925 0.662099712 0.253424796
v 0.4130758243 0.7506963391 0.4140914898
v 0.6355420904 0.6820622392 0.2373636246
v 0.4094180562 0.7708011365 0.3982883242
v -0.2499101956 -0.9062936516 -0.1247608009
v -0.4707167299 -0.8196414994 0.03237963025
v 0.4416070754 0.7636135103 0.4100125568
v 0.6356126175 0.6874789867 0.2719454841
v -0.4311368413 -0.8078498086 0.04377433283
v -0.2426622913 -0.8818137421 -0.09035652575
v 0.4245559045 0.7784573799 0.402510367
v 0.6396847757 0.6940333166 0.2494105273
v 0.4281041471 0.6883092146 0.4282692315
v 0.6184282674 0.6136193963 0.2928220842
v 0.4380716875 0.743516472 0.4224397731
v 0.6374884762 0.6652584343 0.2805216777
v 0.4438996983 0.7548449885 0.4137745521
v 0.6342238475 0.6801551702 0.2783274048
v 0.4226695363 0.7846168044 0.3964632184
v 0.6377983785 0.700192799 0.2433633788
v 0.6384528098 0.6447344117 0.2780619728
v 0.4260648544 0.72808285 0.4292111852
v 0.4227587953 0.7198195987 0.4307566435
v 0.6365477096 0.6359214197 0.2786104397
v -0.4701121829 -0.8414146854 0.02028200632
v -0.2706953942 -0.919672781 -0.1216360827
v 0.4261993075 0.7188869965 0.4310047333
v 0.6356160339 0.6367045716 0.28197006
v -0.3118989405 -0.9175205465 -0.1958525067
v -0.4287506745 -0.7899510387 -0.4303930063
v -0.524286867 -0.8341721083 -0.0447032979
v -0.6411386299 -0.7066026583 -0.2792437939
v 0.417907799 0.7591756303 0.4133339604
v 0.6412078831 0.6715449002 0.2544189502
v 0.6352542495 0.6376355524 0.2618804334
v 0.4094928103 0.7262321795 0.4225471272
v 0.416802556 0.7334549535 0.4250894032
v 0.6393529278 0.6461184916 0.2667079785
v 0.6396273929 0.6681854825 0.2758766171
v 0.4350362139 0.7484741565 0.4214771477
v -0.4445274069 -0.8163158977 0.04239231945
v -0.2451106181 -0.8945739934 -0.09952577231
v -0.2436085878 -0.8947801317 -0.101364804
v -0.4465083613 -0.8151552116 0.04303199603
v 0.6374081633 0.6457465161 0.2813258488
v 0.429554585 0.727315448 0.429248099
v -0.455638349 -0.8190650649 0.03996171129
v -0.2462216226 -0.9012474319 -0.1090729729
v -0.4700664098 -0.8205984792 0.03266639267
v -0.2502496869 -0.9068622111 -0.1237696143
v -0.4875853873 -0.8278299966 0.01610099352
v -0.2642852453 -0.9154607267 -0.1428140298
v -0.2955237701 -0.9236980949 -0.1755321181
v -0.5131368686 -0.8382991595 -0.02066433119
v -0.510513469 -0.8400392911 -0.01742827448
v -0.2941088274 -0.9249639926 -0.1714360166
v -0.441428152 -0.822562931 0.03742671847
v -0.252953602 -0.8965268644 -0.0967041383
v -0.2416108991 -0.8947973292 -0.1043274271
v -0.4494645064 -0.8132283395 0.04359484484
v -0.4859690545 -0.8322607544 0.01675168544
v -0.2661523316 -0.9185244864 -0.1396843175
v -0.4612637536 -0.8346202854 0.02896876853
v -0.2618469649 -0.9128783232 -0.1129493214
v 0.629750646 0.6237566533 0.2613772475
v 0.4036266118 0.7124956085 0.4223019905
v -0.4912888127 -0.8347070256 0.01062556301
v -0.2714720898 -0.9209707576 -0.1458104471
v 0.6281304336 0.6114153955 0.2710455398
v 0.4064119689 0.6984253945 0.4288349827
v 0.6342279008 0.691247033 0.230875175
v 0.4084664615 0.7798436601 0.3915418688
v -0.2772919362 -0.9209389104 -0.1217520645
v -0.4694612549 -0.8455250023 0.01500822634
v 0.4130383604 0.7219816769 0.4270015388
v 0.6363384444 0.6343509468 0.2680865285
v 0.6403400177 0.6775809891 0.2490941542
v 0.4163740663 0.7654729821 0.408483051
v 0.6335889299 0.6996249342 0.2274521354
v 0.4096229785 0.7875169273 0.3868410176
v -0.2579276154 -0.9126427117 -0.1174144019
v -0.4657811937 -0.8310737799 0.03050787189
v -0.2547303001 -0.9101526072 -0.1304697176
v -0.4764487648 -0.8231425502 0.02731970542
v 0.4279322301 0.7647209247 0.4132660969
v 0.6417210865 0.6808227457 0.2611198641
v -0.5094262052 -0.8336640584 -0.01224632417
v -0.2868758334 -0.9210005203 -0.1706277633
v -0.2373275939 -0.8904406306 -0.1195079941
v -0.4612935452 -0.8025485797 0.03988088995
v 0.6393379307 0.6490022276 0.2769523291
v 0.4269499752 0.732350608 0.4281015415
v 0.6349127316 0.6304762413 0.2674430411
v 0.4109467802 0.7183682344 0.4268319089
v -0.2359738557 -0.8902016028 -0.1103263127
v -0.4535869832 -0.8048026674 0.04454147064
v -0.2862722708 -0.9253767325 -0.1319236586
v -0.4784415896 -0.8499628244 0.004836630178
v 0.409942435 0.7971428918 0.3771413123
v 0.293090701 0.9247123417 0.1426008127
v 0.6297591579 0.7108791599 0.220705318
v 0.5129073949 0.8384486098 -0.01383519242
v 0.412090211 0.7297998779 0.4233875751
v 0.6371299924 0.6414864594 0.26323449
v -0.2378073287 -0.8880480365 -0.1235961049
v -0.4635687969 -0.7994514094 0.03707057798
v 0.4351351719 0.7855419369 0.3930591278
v 0.6327688352 0.7079836114 0.2524100425
v 0.4054976644 0.6989174629 0.4282493704
v 0.6280480362 0.6115809431 0.2698679168
v 0.6270268408 0.6170203311 0.2612644794
v 0.4009027776 0.7057592284 0.4221891934
v -0.3043230099 -0.9272754633 -0.1707322077
v -0.5089142178 -0.8469867893 -0.02513168435
v 0.6304734619 0.6444895356 0.2905721077
v 0.4383042011 0.7199034437 0.4273324023
v -0.462898471 -0.8062818836 0.03890754868
v -0.2395983869 -0.8939125558 -0.1200074742
v 0.4252241169 0.7680579914 0.4106721994
v 0.6416287875 0.6831332899 0.2566644392
v -0.2716900695 -0.912322792 -0.1582436855
v -0.4978141327 -0.8235838947 0.002681033098
v -0.280703091 -0.9142910076 -0.1696642838
v -0.5066910508 -0.8256054978 -0.008836423294
v -0.480277784 -0.8358799295 0.01971238456
v -0.2664888987 -0.9197781085 -0.1324338365
v -0.2383489339 -0.8934884667 -0.1118511572
v -0.4559620324 -0.8080895313 0.04301662252
v 0.4189780101 0.7523364705 0.4177344344
v 0.6415283819 0.6650000086 0.2593529808
v -0.5040787109 -0.8233418559 -0.006202181169
v -0.2779092509 -0.9120985876 -0.1671592256
v 0.6278153199 0.7154730912 0.2476944114
v 0.4356460012 0.7908869993 0.3844547061
v 0.428153713 0.7531508906 0.4199574277
v 0.6419426273 0.6692527116 0.2678112239
v 0.6370576124 0.7026097128 0.2458889206
v 0.4261282882 0.7853857119 0.396000102
v -0.467592779 -0.8117840974 0.03534546156
v -0.2442926659 -0.8994148275 -0.1235695559
v 0.4216198232 0.7201104506 0.4305590171
v 0.6367486944 0.6356864452 0.2774591919
v 0.6415776582 0.6762540605 0.2541869143
v 0.4198591935 0.7632640595 0.4119763427
v 0.6302153837 0.69673286 0.2219476922
v 0.4042274528 0.7854183698 0.3827755473
v 0.4351309739 0.7933354129 0.3802282915
v 0.6254550941 0.7186456525 0.2447811298
v 0.4259343387 0.8013054961 0.3714380268
v 0.3090825757 0.928874946 0.1368974982
v 0.623568002 0.7237471705 0.230788927
v 0.5067162391 0.8513166205 -0.003751585266
v -0.2683139176 -0.9146631567 -0.1125971781
v -0.4604832074 -0.8392492487 0.02416311655
v 0.4386341093 0.7603292521 0.4139589474
v 0.638050898 0.6820712143 0.272040881
v -0.4535958136 -0.8302988504 0.03317424894
v -0.257767366 -0.9071487202 -0.1061901343
v 0.4146732225 0.6892312203 0.4311619138
v 0.6240899489 0.6070487953 0.2821272404
v -0.4320726572 -0.8074729114 0.04440928661
v -0.241748508 -0.8821626717 -0.09103787513
v -0.456342983 -0.7918738575 0.04220357405
v -0.2313032016 -0.880187276 -0.1179495074
v -0.293387517 -0.908217339 -0.1909958358
v -0.5195115802 -0.8194784417 -0.03007111815
v -0.2418581782 -0.896121131 -0.1227417455
v -0.4658241296 -0.8082291379 0.03664714577
v -0.5019730311 -0.8232127299 -0.003314592664
v -0.2758035712 -0.9119694616 -0.1642716244
v -0.2422532284 -0.8926631607 -0.1275625593
v -0.4682411592 -0.8039776509 0.03326530663
v -0.4881617639 -0.8346719937 0.01375737756
v -0.2694103882 -0.9205176007 -0.1419204694
v 0.6329328194 0.6228435648 0.2714917482
v 0.4112143258 0.7098535638 0.4292811911
v 0.6324675027 0.6966740295 0.225777913
v 0.4070223352 0.7851465104 0.3862195048
v -0.5063201177 -0.8385309493 -0.009629938195
v -0.2875687129 -0.9243766142 -0.1653077879
v -0.257710649 -0.912827136 -0.1321188965
v -0.4785172122 -0.8261749838 0.02502152919
v 0.6260209322 0.6133783418 0.2620180713
v 0.4000329724 0.7020638516 0.4228459409
v 0.6303647182 0.7147428057 0.228092163
v 0.4179767627 0.798091186 0.3792413754
v -0.3036675364 -0.9131544674 -0.1975787703
v -0.4205192994 -0.7855850175 -0.4321192699
v -0.5253860011 -0.8261444684 -0.0397893455
v -0.6422377641 -0.6985750185 -0.2743298559
v -0.4557880309 -0.8136312357 0.04185563422
v -0.2419991455 -0.8975294147 -0.1102905859
v 0.1811161069 0.323623781 0.3241294569
v 0.03505142313 0.4830856079 0.03095380886
v 0.1906258436 0.3158354585 0.3331328084
v 0.2038107775 0.3082014213 0.333313411
v 0.2097011943 0.3055965799 0.3302614059
v 0.206830313 0.3067969303 0.3320179533
v 0.2058371432 0.3072438335 0.33250261
v 0.1862772082 0.3189925305 0.3305880135
v 0.20278246 0.3087097897 0.3336376157
v 0.1879318735 0.3177391111 0.3317591223
v 0.1888037054 0.3171061623 0.3322693147
v 0.2285486493 0.2982002098 0.3168483157
v 0.07274633131 0.4682928096 0.004127636148
v 0.1854983556 0.319610019 0.3299299054
v 0.198626283 0.3109115611 0.3343764131
v 0.2078069367 0.3063727544 0.3314819937
v 0.2048298159 0.3077123639 0.3329347766
v 0.1897024192 0.3164710999 0.3327275671
v 0.187089037 0.3183683831 0.331198235
v 0.1840469913 0.320819055 0.3284765434
v 0.1975890338 0.311497434 0.3344193779
v 0.1935219567 0.3139403178 0.3340212877
v 0.1925379212 0.3145685475 0.3337804359
v 0.1945214959 0.313317618 0.3342059436
v 0.2087646692 0.3059723191 0.330896005
v 0.1847543613 0.3202193431 0.3292255029
v 0.1827489135 0.3219838523 0.3268521329
v 0.1965574881 0.312094685 0.3344052493
v 0.1955341648 0.3127018956 0.3343340563
v 0.1816166148 0.3230932354 0.325072308
v 0.1915717782 0.3152007726 0.3334840542
v 0.1996667604 0.310338514 0.3342764418
v 0.2017473532 0.309236282 0.3339065798
v 0.1833779683 0.3214077073 0.3276847638
v 0.1821613179 0.3225461583 0.3259806195
v 0.2007079615 0.3097796244 0.3341196956
v -0.516993508 -0.8385052399 -0.02886794134
v -0.3018646078 -0.9229292453 -0.1819677737
v 0.6408852419 0.6858081082 0.2605322541
v 0.4299558888 0.7685841073 0.41064345
v 0.6401732541 0.6870744692 0.2624216623
v 0.4323196468 0.768643401 0.4103439415
v 0.6417908608 0.6622703551 0.2632614154
v 0.4209843266 0.7489225073 0.4204018411
v -0.318415488 -0.9234614412 -0.178145978
v -0.5105848067 -0.848047591 -0.04138568699
v -0.4593977097 -0.8357788869 0.02804354007
v -0.2635692621 -0.9126287568 -0.1113208432
v -0.4698728656 -0.8267752748 0.03087555338
v -0.2547439944 -0.9111993382 -0.1222242718
v -0.4935108216 -0.8505558195 -0.007555955477
v -0.294094004 -0.9288139152 -0.149474049
v -0.4555358878 -0.8336391017 0.03016343163
v -0.2615303457 -0.9097735674 -0.1079036446
v -0.4526467956 -0.8308048736 0.03266015713
v -0.2586412825 -0.9069393972 -0.1054069245
v 0.6361911945 0.6828189869 0.2380171584
v 0.4102032347 0.7715044966 0.3988450135
v 0.6324253486 0.70283467 0.2611414333
v 0.4402560299 0.778248578 0.397901728
v -0.4599289791 -0.8041351499 0.04102170412
v -0.2373786362 -0.8914716118 -0.1173597405
v -0.5144376245 -0.845444342 -0.04396617247
v -0.318609177 -0.9222942119 -0.1833305594
v -0.2736274512 -0.9235573302 -0.1370446613
v -0.4845568333 -0.8407813312 0.01306653079
v -0.3010743338 -0.9171669845 -0.1906583857
v -0.5218808391 -0.8305148324 -0.03351795998
v 0.6269528974 0.6205166917 0.2883400524
v 0.4257793296 0.6994641927 0.4315084114
v 0.6328512906 0.708784424 0.2287760529
v 0.4152381631 0.7941833594 0.3836438471
v -0.256412354 -0.9125549871 -0.1267192017
v -0.4740254815 -0.8271560517 0.02814858521
v 0.6417725631 0.6769103447 0.2551627852
v 0.4209660578 0.7635624969 0.4123032109
v 0.4276122525 0.7450577034 0.4236594055
v 0.6414011667 0.6611595244 0.2715131727
v -0.4625354996 -0.8419729959 0.02062870031
v -0.2722113505 -0.9166628142 -0.1148184632
v -0.5016707722 -0.8523330676 -0.03080729178
v -0.3131962511 -0.9262970011 -0.1649381576
v -0.5251279229 -0.824011458 -0.03875776726
v -0.6419796858 -0.6964420081 -0.2732982668
v -0.3018278388 -0.9116421881 -0.197672792
v -0.4186795728 -0.7840727382 -0.432213306
v -0.3087676068 -0.9276280987 -0.1622915819
v -0.5009368966 -0.8522141907 -0.02553129086
v -0.4632725889 -0.8376820184 0.02575417249
v -0.2656389255 -0.9152402861 -0.114894911
v -0.2534445123 -0.903641879 -0.1372340509
v -0.4794324432 -0.8149563692 0.02359381778
v -0.2589032692 -0.9116064613 -0.1381536391
v -0.4828692206 -0.8237144683 0.0212352567
v 0.6260499421 0.607128645 0.2752752838
v 0.4084368146 0.6925275804 0.4301430635
v 0.4059662816 0.7908227258 0.3805569547
v 0.630512605 0.7027029383 0.2207550286
v 0.4270974857 0.7719461885 0.4081089331
v 0.6408864 0.6880480095 0.2559627293
v -0.4937706949 -0.8525335893 -0.01314336603
v -0.2997651528 -0.928668055 -0.1512104459
v 0.6331907818 0.7109326053 0.2358658358
v 0.4222613998 0.7937086622 0.3859770317
v 0.4447743675 0.7502779825 0.4153642491
v 0.6332489175 0.6763139912 0.281233376
v -0.3123325837 -0.9222134937 -0.1867061901
v -0.5185763724 -0.8412762947 -0.03992954199
v -0.5208247276 -0.8367664979 -0.0367734652
v -0.3070358712 -0.9206647348 -0.1889196727
v -0.4965082233 -0.8535451725 -0.02288472242
v -0.3080337023 -0.927509106 -0.1570155846
v 0.6389928806 0.6962905891 0.2520928298
v 0.4280635275 0.7790665881 0.4022040258
v -0.4730859887 -0.8432901387 0.01713752617
v -0.2736692 -0.9215482344 -0.1247805606
v 0.4169635003 0.7888814356 0.3903197754
v 0.635714876 0.7030357706 0.2346419185
v -0.2789834284 -0.9256055113 -0.1379750052
v -0.485227246 -0.8446682544 0.00880163112
v -0.5107114428 -0.8443902572 -0.0234593185
v -0.3012947165 -0.9265726821 -0.1724940099
v -0.4489312103 -0.8236130783 0.03814794563
v -0.251297547 -0.901171346 -0.1025011415
v -0.2992843467 -0.9284584424 -0.162999806
v -0.5038755257 -0.8481697106 -0.0173992718
v 0.4310028804 0.692268402 0.4280014833
v 0.6194774303 0.6183044107 0.2938706103
v -0.2976359061 -0.928853232 -0.158492528
v -0.5005356796 -0.8492283698 -0.01409573519
v 0.6287535388 0.6198390409 0.2853289564
v 0.4225097501 0.7007762399 0.4321055756
v -0.2708850588 -0.9202376348 -0.1465445833
v -0.4916915931 -0.8335854826 0.01059584355
v -0.4526734894 -0.8261931657 0.0363924477
v -0.2532567006 -0.9044512614 -0.1055256423
v 0.6379814131 0.6518168263 0.2578924966
v 0.4122199449 0.7404134534 0.4185591614
v -0.2651404009 -0.91707318 -0.1412813104
v -0.4868588656 -0.830063181 0.01650812031
v -0.446979121 -0.8290692585 0.03321457547
v -0.2585045711 -0.9030332498 -0.1009162867
v 0.4092923755 0.7105372945 0.4280486461
v 0.6325924596 0.6229066223 0.2691336359
v 0.4265247571 0.7367511978 0.4267117581
v 0.6403136134 0.6528530188 0.2745655543
v -0.5179935105 -0.8308359681 -0.02584421143
v -0.2954431677 -0.9181724878 -0.1842256542
v 0.6398092694 0.6536445089 0.2767563819
v 0.4288799163 0.7364205079 0.4268675778
v 0.6422243882 0.6676408952 0.2646345803
v 0.4246112897 0.7530398306 0.41950236
v 0.4427020984 0.7707219238 0.4033366863
v 0.6330262765 0.6960321055 0.2678895391
v -0.2719286051 -0.9215290103 -0.1264085901
v -0.4748283786 -0.841904148 0.01798820863
v 0.4164234295 0.7079684984 0.431441098
v 0.632828071 0.6230437969 0.2774333667
v 0.4277746733 0.7991363536 0.3752201148
v 0.6254083655 0.721578028 0.2345710295
v -0.5000468539 -0.8516592385 -0.02031785524
v -0.3042184063 -0.9285091084 -0.1596822385
v 0.4144146521 0.7645420013 0.4074958743
v 0.6394544335 0.6762285827 0.2473427892
v -0.4947366498 -0.8534277432 -0.0183023574
v -0.3044125006 -0.9281175614 -0.1537495228
v 0.4234538173 0.7328774767 0.4275842559
v 0.6398584299 0.6479527752 0.2735765246
v 0.6324736984 0.6282633812 0.2840328907
v 0.4246200911 0.709832313 0.4319551699
v -0.2417679637 -0.891131773 -0.09877645808
v -0.4429415315 -0.8121842721 0.04439187198
v -0.2625312746 -0.9156056026 -0.1384243694
v -0.4842497683 -0.8285955457 0.01936506628
v -0.2566821578 -0.9036766793 -0.1023110498
v -0.4488514476 -0.8282628291 0.03444924483
v -0.2700365912 -0.921147307 -0.141125259
v -0.4876497187 -0.8357483715 0.01374252834
v -0.4895406324 -0.8439273725 0.006033678657
v -0.280123906 -0.9261097974 -0.1430010019
v -0.4646866051 -0.8038024334 0.03705727815
v -0.2396468236 -0.8921158519 -0.1230958142
v 0.6399068377 0.6807544769 0.2467354918
v 0.4159408573 0.7686465278 0.4061243596
v 0.6357291204 0.6307489692 0.2721255946
v 0.4149225862 0.7174011214 0.4292660492
v 0.4086509147 0.7931763506 0.3807028729
v 0.6312012576 0.7058398887 0.2223214193
v 0.6420092169 0.6788813976 0.2581338406
v 0.4243960894 0.764280333 0.4130016203
v 0.4010235075 0.6922677072 0.4265040274
v 0.6243235916 0.6046370349 0.2675890172
v 0.6244312352 0.6038633793 0.2710758815
v 0.4036247009 0.6905155315 0.4282163362
v 0.4052899048 0.7194605937 0.4208514079
v 0.6314593937 0.630703862 0.2598943834
v 0.6396071265 0.6844497957 0.2668794613
v 0.4350159475 0.7647384696 0.4124799919
v 0.4311403156 0.7686308938 0.4105172772
v 0.6405570419 0.6864485267 0.2614825749
v 0.6392968767 0.6728681808 0.2748032213
v 0.4363971032 0.7524931009 0.4192000141
v -0.2639191182 -0.9145988254 -0.1435516257
v -0.4878850985 -0.8267067744 0.01583726196
v 0.4181826984 0.783024907 0.3965052278
v 0.6379994213 0.696761233 0.2400692335
v 0.6374365363 0.6404535674 0.278994546
v 0.4250485809 0.7238019478 0.4301437584
v 0.443221179 0.7669188456 0.4061632422
v 0.6335453282 0.6922290273 0.270716066
v 0.6307597394 0.7147724525 0.2396998782
v 0.4278599659 0.7943973727 0.3840966855
v 0.6379488132 0.6779095365 0.2434583558
v 0.4121873739 0.7665061636 0.4041250206
v -0.2858904517 -0.9250938713 -0.1612261479
v -0.5035035502 -0.8396949359 -0.006358373648
v -0.4718710755 -0.8300035398 0.02828469766
v -0.2580821902 -0.9139017188 -0.1238615225
v 0.4418432659 0.7512757267 0.4171478956
v 0.635848808 0.6751412031 0.279080823
v 0.6362023121 0.6516366869 0.2841764058
v 0.4350287443 0.7305841879 0.4273447359
v -0.4926864421 -0.8512078767 -0.008118237906
v -0.2950527788 -0.9287662023 -0.1487673305
v -0.4507556792 -0.8273009854 0.03551195372
v -0.2549272317 -0.9041508553 -0.1038524332
v 0.4181831037 0.7862563568 0.3934810455
v 0.6369345084 0.7004107497 0.237803203
v 0.6262659241 0.7210251604 0.2279642241
v 0.509414219 0.8485946682 -0.006576279147
v 0.4216747452 0.8013138922 0.3735647546
v 0.3048230112 0.9288833421 0.1390242551
v 0.6190200465 0.6036080805 0.2865170601
v 0.4178464208 0.6825555815 0.4296853902
v 0.4392779151 0.7195425858 0.4267470795
v 0.6296020643 0.6448527676 0.2912999323
v 0.6404051597 0.6869285511 0.247716965
v 0.4195985965 0.7735807032 0.4048573907
v -0.2422405185 -0.8948306819 -0.1033157859
v -0.4484843361 -0.8138934251 0.04346085493
v 0.6350122107 0.6838822784 0.2752273683
v 0.442842921 0.7592961865 0.4119876629
v -0.4935095478 -0.8367612287 0.007394978226
v -0.274758172 -0.9226068357 -0.148282862
v -0.2308747986 -0.8821912184 -0.1123678637
v -0.4525932633 -0.7951811615 0.04542155748
v -0.4479323949 -0.8090774897 0.04528228383
v -0.2385156975 -0.8912598567 -0.103752404
v 0.4255858723 0.7491626353 0.4215999911
v 0.6419905139 0.6642379917 0.2675922309
v 0.6393641612 0.677003049 0.272617663
v 0.4364643877 0.7566279691 0.4170144558
v -0.2351469574 -0.8874227889 -0.1181079762
v -0.4591129087 -0.7995307958 0.04128090966
v 0.4002982596 0.7060830277 0.4212141476
v 0.6264677196 0.6173262959 0.2602571231
v 0.6383853516 0.6987600798 0.2481757241
v 0.4259973962 0.782108518 0.399324922
v -0.2694534398 -0.9210952512 -0.1289489987
v -0.4773070182 -0.8395262615 0.01897326867
v 0.4238181204 0.7849148943 0.3963495818
v 0.6376070057 0.7010167153 0.2442033635
v 0.6385500306 0.6521117894 0.2588977973
v 0.4131048631 0.7405843282 0.4193393891
v -0.5197744645 -0.8340897108 -0.03098440571
v -0.3010230598 -0.9199353758 -0.1866622554
v -0.5087868869 -0.8488779347 -0.0427117687
v -0.3203123369 -0.9228418681 -0.1768426309
v -0.2564016997 -0.9098578757 -0.1356027788
v -0.480367651 -0.8219658247 0.02378610708
v -0.5067993892 -0.8500684414 -0.03281008331
v -0.3127938761 -0.9262029071 -0.1708771559
v -0.2784651006 -0.9253700735 -0.1445443178
v -0.4908530271 -0.8420216932 0.006604894138
v 0.4418328722 0.7595953186 0.4125455971
v 0.6358383853 0.6834608529 0.2744785245
v -0.4673814872 -0.8431462472 0.01876109296
v -0.2733759451 -0.9192807708 -0.1193059815
v -0.3034664068 -0.9283961956 -0.154419038
v -0.4956356676 -0.8529822875 -0.0176587361
v 0.4187929199 0.7486578859 0.4195028522
v 0.6413432627 0.661321424 0.2611213985
v 0.4150752501 0.7256889819 0.426944677
v 0.6376255929 0.63835252 0.2685632234
v -0.2456316675 -0.9010881958 -0.1100964627
v -0.4565610206 -0.8183121968 0.04001472062
v -0.2511504129 -0.9017203919 -0.1350700184
v -0.4771383438 -0.8130348822 0.02575784578
v 0.4134553272 0.7706080845 0.4028028981
v 0.6384951376 0.6822946659 0.242649813
v -0.5115599684 -0.8471406982 -0.03480102262
v -0.3121431797 -0.925398736 -0.1767191216
v 0.4391966758 0.784584436 0.3907668234
v 0.6295208249 0.7098946178 0.2553196472
v 0.6381889991 0.6925824734 0.2623753391
v 0.4352891966 0.7722073936 0.4067721319
v -0.240787417 -0.896648984 -0.1135348179
v -0.4584005445 -0.8112500486 0.041332969
v 0.6338946052 0.6956226662 0.2671828784
v 0.4417252865 0.7710365742 0.403943173
v 0.6307218702 0.6977226134 0.2223777888
v 0.404960373 0.7863192405 0.3830444826
v 0.4215356887 0.7874781316 0.3932921915
v 0.6366645599 0.7030540683 0.2401923519
v 0.6297923369 0.7006227363 0.2198414624
v 0.4043471694 0.7890952172 0.3802830398
v -0.4646075661 -0.8444564415 0.01692882741
v -0.2761330161 -0.918420375 -0.1172020244
v 0.6358858666 0.6468140347 0.2843772459
v 0.4329860931 0.7264389548 0.4287740677
v 0.4128010118 0.7734802977 0.4002996204
v 0.6378407643 0.6851668791 0.2401465209
v 0.4284394404 0.7968718431 0.3794831536
v 0.627856258 0.7186137474 0.2375650582
v 0.4367173703 0.7104704154 0.4281518022
v 0.6270414906 0.6357805971 0.2927046259
v -0.2756694655 -0.9243756299 -0.1411643877
v -0.4880574209 -0.8410271916 0.009984820746
v 0.6230508612 0.6072392417 0.2842636962
v 0.4168070436 0.6881764406 0.4310403443
v 0.6347860376 0.6879064342 0.2726905062
v 0.4426167479 0.7633203422 0.4094508009
v 0.6403915522 0.6894251409 0.257843973
v 0.4294621991 0.7722011399 0.40795514
v -0.294443281 -0.926969151 -0.166114333
v -0.5068312365 -0.8436207707 -0.01496512245
v -0.2959031283 -0.9289728617 -0.1539779686
v -0.497076725 -0.8500253608 -0.01080963311
v -0.2731753945 -0.9229347462 -0.1312865986
v -0.4794192411 -0.8419974893 0.01549004005
v 0.6347388458 0.6921480196 0.2314652894
v 0.4092936783 0.7806205004 0.3919068668
v 0.4247475089 0.7715498355 0.4080769701
v 0.6411521216 0.686625134 0.2540692099
v 0.4445583276 0.7459849205 0.4174279774
v 0.6330328776 0.672020987 0.2832971333
v 0.4234407599 0.7604494029 0.4150996567
v 0.6421921357 0.674603738 0.2594217997
v 0.4130195705 0.7297713312 0.4241335236
v 0.6375658939 0.6416515437 0.2643316265
v 0.4105569125 0.7882455336 0.3869747759
v 0.6338570255 0.7006148035 0.2280597657
v -0.515657199 -0.8206234937 -0.02397075577
v -0.289487768 -0.9093802833 -0.1849277984
v -0.2534952073 -0.9054458788 -0.1356772723
v -0.4789403748 -0.8169733979 0.02476432043
v -0.4415882566 -0.8178430005 0.04105152288
v -0.2475827435 -0.8939775241 -0.09701555336
v -0.2623103418 -0.9153057756 -0.1182983791
v -0.4669015208 -0.8350170437 0.02730215146
v -0.5227502679 -0.8224111645 -0.03426971703
v -0.2977104865 -0.9107245831 -0.1944227985
v -0.4562721085 -0.7971115658 0.04316182047
v -0.2329720244 -0.8847422959 -0.1157531934
v -0.2510561162 -0.9078797585 -0.1217709122
v -0.4686692147 -0.8224808231 0.03309687469
v 0.4189004187 0.7927295052 0.3866934203
v 0.63402929 0.7083054998 0.2335935951
v 0.4230873427 0.6852859298 0.429308406
v 0.6189158192 0.6084360599 0.2899440228
v 0.441231452 0.777940297 0.3972897694
v 0.6315556302 0.7032504787 0.2618426221
v 0.4184045287 0.8007707525 0.3748986027
v 0.3015527947 0.9283402024 0.1403581031
v 0.6278212261 0.7185883276 0.2258639294
v 0.5109695211 0.8461578354 -0.008676581052
v 0.4290426266 0.6879372391 0.4276352983
v 0.6175171476 0.6139733057 0.2935044542
v 0.6395799116 0.6463945779 0.2678451556
v 0.4178614179 0.7334046349 0.4256345985
v 0.6373598714 0.701822913 0.2450458525
v 0.424971916 0.7851712933 0.3961950649
v -0.5101229064 -0.8227271468 -0.01503422366
v -0.2839534754 -0.9114838785 -0.1759912681
v 0.4200467446 0.733248294 0.4265729042
v 0.6398634676 0.646984562 0.2701369099
v 0.4150056205 0.7814394949 0.3961043003
v 0.6375559923 0.6941029751 0.2377228612
v -0.4809690422 -0.8402813878 0.01606748519
v -0.2715523448 -0.9224637549 -0.1329672049
v 0.4072108996 0.7262667482 0.4197975547
v 0.6333803596 0.6375100165 0.2588405302
v -0.2727912303 -0.9215657793 -0.1255867004
v -0.4739647981 -0.8426182783 0.01758163916
v -0.5138767662 -0.8214879428 -0.02099223443
v -0.2877072773 -0.9102446746 -0.1819492734
v 0.6298316537 0.6151741193 0.2713633461
v 0.4081131601 0.7021841183 0.42915276
v 0.6412401936 0.6820796683 0.2630869506
v 0.4303108115 0.7648556674 0.4131981465
v -0.2694526002 -0.9116853266 -0.1554512061
v -0.4955766634 -0.8229464293 0.005473519676
v 0.4222942313 0.7602503289 0.4148412021
v 0.6421109542 0.6739866548 0.2584051788
v 0.3988280476 0.7028347279 0.4209395089
v 0.6249974786 0.6140779382 0.2599824844
v 0.6329304453 0.7098591226 0.2474731891
v 0.4317568486 0.7888066236 0.3906415191
v -0.3111139357 -0.9197444662 -0.1918214748
v -0.5220432598 -0.8369684672 -0.04171027884
v -0.4676137402 -0.846352335 0.01375012191
v -0.2791392192 -0.9203162684 -0.120380738
v -0.457421706 -0.8325750574 0.03115942242
v -0.2597880426 -0.9101333251 -0.1094896647
v -0.3154720819 -0.5392935627 0.1021861002
v -0.4615367421 -0.3798317358 -0.1909895388
v -0.3059623307 -0.5470818852 0.1111894662
v -0.2927774113 -0.5547158935 0.1113700616
v -0.2868869799 -0.5573207059 0.1083180492
v -0.2897578613 -0.5561204134 0.1100746184
v -0.2907510311 -0.5556735102 0.1105592606
v -0.3103109517 -0.5439247842 0.1086446496
v -0.2938056999 -0.5542075541 0.111694259
v -0.3086562863 -0.5451782326 0.1098157584
v -0.3077844544 -0.5458111814 0.1103259653
v -0.2680395105 -0.564717134 0.09490496625
v -0.4238418321 -0.3946245052 -0.2178157192
v -0.3110898186 -0.5433072957 0.1079865559
v -0.2979619058 -0.5520057537 0.1124330564
v -0.2887812521 -0.5565445604 0.1095386515
v -0.2917583584 -0.5552049508 0.11099142
v -0.3068857551 -0.5464462148 0.1107842322
v -0.3094991373 -0.5445489317 0.1092548856
v -0.3125411829 -0.5420982598 0.1065331867
v -0.2989991405 -0.5514198808 0.1124760284
v -0.3030662321 -0.5489770259 0.112077931
v -0.304050253 -0.5483487673 0.111837101
v -0.3020666929 -0.5495997258 0.1122626087
v -0.2878234906 -0.5569450246 0.1089526628
v -0.3118338274 -0.5426979717 0.1072821607
v -0.3138392753 -0.5409334625 0.1049087762
v -0.3000306717 -0.5508226587 0.1124619071
v -0.3010540095 -0.5502154192 0.1123907069
v -0.3149715595 -0.5398240793 0.1031289731
v -0.3050164106 -0.5477165712 0.111540712
v -0.2969213994 -0.5525788298 0.1123330851
v -0.2948408211 -0.5536810328 0.1119632449
v -0.313210206 -0.5415096075 0.1057414144
v -0.3144268564 -0.5403711565 0.1040372628
v -0.2958802272 -0.5531377194 0.1121763606
v 0.4134971918 0.7371162247 0.4213301294
v 0.6385369443 0.6488028062 0.2611770443
v -0.3016349026 -0.9249433788 -0.1773367549
v -0.514022858 -0.8415949406 -0.02618754609
v -0.2330975603 -0.8859080197 -0.1123777364
v -0.4539040946 -0.7992558675 0.04476269295
v 0.4362142133 0.7823192307 0.396352448
v 0.6338478767 0.7047609051 0.2557033772
v 0.6341360071 0.7068169032 0.2508447521
v 0.4329623814 0.7857643463 0.3940130966
v 0.4169615315 0.7691161874 0.4065227682
v 0.6402616156 0.6814854572 0.247607758
v 0.4232372273 0.7640711837 0.4128164721
v 0.641988603 0.6782255766 0.2571386152
v -0.2832727267 -0.9194165558 -0.1680897432
v -0.5072387071 -0.8315245627 -0.008700848266
v -0.3033093711 -0.9270976979 -0.1713338739
v -0.5095531887 -0.846160499 -0.02455722941
v -0.2702245477 -0.914856035 -0.1539955569
v -0.4956697152 -0.8263835541 0.006446033098
v -0.4425604941 -0.8173641921 0.04154798472
v -0.2467320465 -0.894214062 -0.09781640217
v -0.2314367572 -0.8832806826 -0.1077673964
v -0.4490498846 -0.7978817472 0.04710038687
v 0.6319869572 0.6285044936 0.285093953
v 0.4257431686 0.7094417504 0.4318706011
v -0.250944043 -0.9045700225 -0.1082470227
v -0.4555352509 -0.8242813486 0.03735350788
v 0.4261540845 0.6891037156 0.4293857658
v 0.6201595976 0.612969192 0.2913186932
v 0.6375243188 0.6612390845 0.2516315085
v 0.4114002845 0.7499779818 0.4125562225
v -0.4715007214 -0.8115196497 0.03173788359
v -0.2464609399 -0.8998330683 -0.1284152105
v 0.6377599882 0.694992902 0.2384893078
v 0.4160415235 0.7820029011 0.3962787362
v -0.4431492622 -0.8017812356 0.04797997791
v -0.2337325358 -0.8839636026 -0.1010547063
v -0.5107953458 -0.847781522 -0.0354534598
v -0.3131617114 -0.9253398476 -0.1761025451
v 0.6231115446 0.6219981082 0.2926299297
v 0.4309422259 0.6974120162 0.4293902244
v -0.2630767015 -0.9118156107 -0.1456282956
v -0.4885218691 -0.8233431298 0.01481328747
v -0.4479653423 -0.8241408156 0.03769023062
v -0.2521368948 -0.9009907434 -0.101674149
v 0.4360719721 0.7791002304 0.400007871
v 0.6354887608 0.7008421926 0.2580897756
v -0.2778202235 -0.9246420463 -0.1329706357
v -0.480719997 -0.8450171261 0.01142616177
v -0.5165050297 -0.8436681941 -0.0478506348
v -0.3206766111 -0.9205181219 -0.1872150217
v 0.439501222 0.764111427 0.4110115748
v 0.6371349143 0.6865531014 0.2703624751
v -0.4910683721 -0.8538692034 -0.01506219673
v -0.3025938511 -0.9278331369 -0.1491930553
v 0.4191490876 0.7801386232 0.3994547428
v 0.6389657815 0.6938749491 0.243018734
v 0.6373596398 0.6579666387 0.2532046304
v 0.4112356345 0.746705536 0.414129359
v 0.6309736948 0.6271753068 0.2612106576
v 0.4048496605 0.7159142619 0.4221353717
v 0.4331640611 0.7938773366 0.3814604022
v 0.6271695743 0.717742813 0.2433933151
v 0.4157175215 0.7752224559 0.4014075559
v 0.6390176056 0.6875917258 0.2424925312
v -0.263933739 -0.915374276 -0.1165547298
v -0.4651073067 -0.836426775 0.02661361112
v -0.4532780363 -0.8103780719 0.04358865272
v -0.239489151 -0.8942762509 -0.108557562
v 0.4258471352 0.7569722086 0.4176606647
v 0.6422517768 0.6720475071 0.2636529045
v -0.2752457528 -0.9241557683 -0.1354004187
v -0.4830993312 -0.8425867786 0.01252184886
v -0.2423948037 -0.8983609164 -0.1185748563
v -0.463201338 -0.8117087643 0.03856557115
v -0.507634481 -0.8495217695 -0.03215825412
v -0.3118060045 -0.9263716394 -0.171522641
v -0.4566804766 -0.812850342 0.04173422577
v -0.2415516054 -0.8972744054 -0.111365603
v -0.239267147 -0.8874386546 -0.09729896459
v -0.4404407437 -0.8084911536 0.04586936547
v -0.4825006615 -0.8247965786 0.02157307962
v -0.2592005484 -0.9124272508 -0.1373419406
v 0.637426461 0.6808028846 0.2411289205
v 0.4116650217 0.7693995117 0.4017955997
v -0.2978801742 -0.9269078306 -0.1692759216
v -0.5088095273 -0.8441318316 -0.01916472923
v -0.2991577396 -0.9185529752 -0.1872010234
v -0.5199642739 -0.831900823 -0.03006059047
v 0.6333239611 0.7106640464 0.2416673555
v 0.4270801724 0.7916012454 0.3884440036
v 0.6402268732 0.6861505526 0.2468315836
v 0.4185083796 0.7731606096 0.4046210265
v 0.6293563196 0.6995934924 0.2194272894
v 0.4035948224 0.7881901195 0.3800939831
v 0.6357809445 0.6377125069 0.2629470255
v 0.410335806 0.7261850457 0.4233886173
v 0.4112166709 0.726120309 0.4241891694
v 0.6362564523 0.6378068904 0.2640360554
v -0.2615341963 -0.9151957 -0.1191964415
v -0.467777985 -0.8342584431 0.02758019933
v -0.2467859552 -0.8966166736 -0.1319104131
v -0.4729100184 -0.8078777763 0.02901431004
v 0.4012367391 0.6968355817 0.4257386521
v 0.6257830625 0.6087157942 0.2659367549
v -0.2408589575 -0.8824827652 -0.09176400604
v -0.4330282472 -0.8070688571 0.04499628501
v -0.48072903 -0.8209080341 0.02337206347
v -0.2561827067 -0.9090277636 -0.1364298509
v 0.6373603925 0.6508693428 0.2822397479
v 0.4327691846 0.7311580746 0.4278402785
v -0.4882607798 -0.8536969969 -0.01121205882
v -0.2997862588 -0.9276609303 -0.1453429156
v 0.4102393958 0.7102013354 0.4286899332
v 0.6327897386 0.6228648735 0.2703085085
v 0.4257841646 0.7531031776 0.41970569
v 0.6421887772 0.6681784762 0.2656979297
v 0.6386365971 0.6548551661 0.2799071423
v 0.4323927795 0.7357923651 0.4266837904
v -0.5049322162 -0.8291839084 -0.005497852937
v -0.2798924058 -0.917497327 -0.1656509416
v 0.626334135 0.6077193239 0.2705596093
v 0.4046156414 0.6947293229 0.4283490232
v -0.515107632 -0.8385227848 -0.02472002295
v -0.2987029904 -0.9234474863 -0.1787277687
v 0.3939395874 0.693445475 0.4192480166
v 0.4034493386 0.6856571525 0.4282513971
v 0.6127997649 0.6007805692 0.2898402877
v 0.6193033708 0.5991642943 0.2815726936
v 0.416634287 0.6780231442 0.4284319997
v 0.4225246893 0.6754182739 0.4253799656
v 0.419653808 0.6766186242 0.427136542
v 0.4186606382 0.6770655275 0.4276211697
v 0.622287802 0.6015396909 0.2656595973
v 0.6224337201 0.6002757041 0.2702474487
v 0.6224738476 0.6005508061 0.2690882681
v 0.6167795662 0.5995839826 0.2855878453
v 0.3991007176 0.6888142534 0.4257065732
v 0.6224008307 0.6011835233 0.266791563
v 0.4156059694 0.6785314836 0.4287561754
v 0.4007553829 0.6875608051 0.4268776821
v 0.4016272148 0.6869278562 0.4273878744
v 0.3983218506 0.689431684 0.4250484651
v 0.6144891147 0.6002156576 0.2882567864
v 0.6136593501 0.6004841006 0.2890694694
v 0.6109992393 0.6014543404 0.2912491215
v 0.6160510757 0.5997650485 0.2865139043
v 0.4114497925 0.680733284 0.4294949728
v 0.4206304461 0.6761944773 0.4266005824
v 0.6222007144 0.5998115454 0.2725735401
v 0.6201090474 0.6046887432 0.2582909921
v 0.6209727438 0.6036823713 0.2602713386
v 0.6181226499 0.5993126444 0.2836377537
v 0.4176533109 0.6775340868 0.4280533364
v 0.6216466308 0.6027568914 0.2623617606
v 0.4025259142 0.6862928228 0.4278461558
v 0.399912532 0.688190106 0.4263168237
v 0.3968704863 0.69064072 0.4235951031
v 0.4104125288 0.681319099 0.4295379665
v 0.6174706507 0.5994330847 0.2846283757
v 0.6187340585 0.599222951 0.2826183534
v 0.4063454372 0.6837620117 0.4291398474
v 0.4053614162 0.6843902704 0.4288990246
v 0.6220084151 0.5996235311 0.2737348632
v 0.620564173 0.6041760031 0.2592661827
v 0.4073450054 0.6831393119 0.4293245323
v 0.6207455863 0.5991751802 0.2783034326
v 0.6203103797 0.5991403799 0.279412642
v 0.4215881787 0.6757940131 0.4260145937
v 0.6213338912 0.6032089481 0.2613040278
v 0.3975778419 0.6900410659 0.4243440916
v 0.6221241652 0.6019212784 0.2645421655
v 0.395572394 0.6918055752 0.4219706926
v 0.4093809976 0.681916379 0.4295238379
v 0.6119123278 0.6011041948 0.2905674175
v 0.4083576598 0.6825236184 0.4294526449
v 0.6211338907 0.5992411329 0.2771783285
v 0.3944401098 0.6929149583 0.4201908967
v 0.4043952876 0.6850224665 0.4286026429
v 0.6217660289 0.5994655689 0.2748912933
v 0.6214743084 0.5993380063 0.2760400223
v 0.4124902698 0.6801602079 0.4293950015
v 0.4145708482 0.6790580048 0.4290251685
v 0.6198292552 0.5991367319 0.2805032642
v 0.6219102678 0.6023273014 0.263442018
v 0.6224629038 0.6008535862 0.2679353701
v 0.6223426371 0.6000290908 0.2714101615
v 0.3962014633 0.6912293723 0.4228033524
v 0.6152869742 0.5999757612 0.2874042655
v 0.3949848129 0.6923678811 0.4210991792
v 0.413531471 0.6796013183 0.4292382843
v -0.2947273582 -0.9282959637 -0.1604920407
v -0.5025809655 -0.846726974 -0.01256977241
v 0.639230924 0.6913763906 0.2606033023
v 0.4329870775 0.7723135895 0.4073799504
v 0.6397602826 0.6929221384 0.2550285637
v 0.4288309295 0.7756981954 0.4051397596
v -0.2713842205 -0.9177741661 -0.1522902401
v -0.4953502008 -0.829882173 0.007098654396
v 0.4252527215 0.7451600777 0.4233389646
v 0.6416573341 0.6602353762 0.2693312334
v 0.6390000607 0.695549765 0.244714019
v 0.4213869332 0.7809487004 0.3995818132
v -0.2886903138 -0.9124157858 -0.1819216387
v -0.5146782736 -0.8237302761 -0.02109377637
v -0.4691008602 -0.8276833257 0.03089781748
v -0.2553119749 -0.9115815047 -0.1212484008
v -0.2618482098 -0.9165413895 -0.1321591687
v -0.4794613373 -0.831142454 0.02270861729
v -0.5217067217 -0.8272015063 -0.03219130646
v -0.2984066086 -0.9148322365 -0.1911063312
v 0.4145676345 0.7908059915 0.3871347937
v 0.6343843574 0.7045422596 0.2306987994
v 0.411070637 0.7008042075 0.430607946
v 0.6298219838 0.6149585426 0.274930089
v -0.5184638069 -0.8416902506 -0.05169367042
v -0.635315512 -0.7141208007 -0.28623417
v -0.3226353304 -0.9185401784 -0.1910580537
v -0.4394870934 -0.7909706706 -0.4255985533
v -0.3205944743 -0.9218857569 -0.1820766767
v -0.512763793 -0.8464718489 -0.04531637844
v 0.6344131936 0.6918230622 0.2700068575
v 0.4422439039 0.7672369703 0.4067671522
v -0.4819840997 -0.8147102192 0.0200843998
v -0.2558146397 -0.9034669509 -0.1408726383
v 0.6378033004 0.6983838773 0.2547331374
v 0.4315594828 0.7793210763 0.4015097855
v -0.4521803498 -0.8006867338 0.04557625169
v -0.233428974 -0.8865323408 -0.1101015872
v -0.3144582693 -0.9224589488 -0.185656535
v -0.5173580138 -0.8428340866 -0.0412597385
v 0.4292929167 0.7319181228 0.4281659307
v 0.6387096141 0.6497357558 0.2791312284
v 0.6392465002 0.659123619 0.2560099211
v 0.4138013617 0.7475960999 0.4164515129
v -0.3046732135 -0.9259608104 -0.1757551934
v -0.5125268497 -0.8443918206 -0.02783292505
v 0.4147341665 0.7478522673 0.4171480693
v 0.6397739479 0.6595388487 0.2569949843
v -0.2875225055 -0.9280383487 -0.148632197
v -0.4937662942 -0.8471011498 -0.001855553368
v -0.2986142525 -0.9289228906 -0.1578150654
v -0.4997878492 -0.8499753896 -0.01464672452
v 0.6255894893 0.6112379776 0.2837478292
v 0.417735882 0.6928069673 0.4316701084
v 0.635716092 0.6896818873 0.2341983302
v 0.4102709245 0.7781543682 0.3946399076
v 0.6280756564 0.71889215 0.2316834138
v 0.4234844775 0.7991808239 0.3772839589
v -0.495608916 -0.8275466722 0.006699963041
v -0.2705691345 -0.9158600908 -0.1534531265
v 0.4316051111 0.7123365462 0.4305468283
v 0.6310219288 0.6340784505 0.2886287329
v -0.4692104436 -0.8420365745 0.01981181028
v -0.2715767803 -0.9195948422 -0.1208372823
v -0.4973712828 -0.8519313295 -0.01640821552
v -0.3015428352 -0.9287811994 -0.1557726024
v -0.4827629088 -0.83181941 0.01977059529
v -0.2640115041 -0.917665017 -0.1359072526
v 0.4273620492 0.7232370361 0.4302397922
v 0.6367787466 0.6410546691 0.2812051189
v 0.4141767824 0.7936558538 0.3837712649
v 0.6329281871 0.7078101888 0.2280934079
v 0.6369877222 0.6560706295 0.2828349723
v 0.4358141545 0.7350181304 0.4260033313
v -0.4951297602 -0.8453186903 -0.001052692396
v -0.2857130338 -0.9275011152 -0.1500873829
v -0.2376151452 -0.8886839963 -0.1226063804
v -0.4630603127 -0.8002115155 0.0378352042
v 0.6417832175 0.6655176706 0.2603960928
v 0.4200647238 0.7525276696 0.4181855357
v 0.4190368117 0.7559484076 0.4158253099
v 0.6415871545 0.6686118878 0.2574438562
v -0.45272983 -0.8349234708 0.02836210448
v -0.26425528 -0.9088874043 -0.1057687523
v -0.5213308088 -0.8249714488 -0.03143896313
v -0.2967844564 -0.9130912363 -0.1912408712
v 0.4036349789 0.7917453106 0.3773480007
v 0.2867832449 0.9193148184 0.1428075012
v 0.6286747314 0.703431892 0.2171949301
v 0.5118230263 0.8310013998 -0.01734558211
v 0.4270295064 0.757046731 0.4177926569
v 0.6421583776 0.6726226677 0.2646928317
v 0.6358157448 0.7030000438 0.2532959885
v 0.4329159713 0.782624964 0.3976927813
v 0.4211125261 0.7775067117 0.4024222081
v 0.6398639308 0.6916610467 0.2467443512
v -0.25101098 -0.906971476 -0.1144109926
v -0.4619403331 -0.824195477 0.03570019788
v -0.2309812262 -0.8810684015 -0.1157585206
v -0.4549472066 -0.7931764085 0.04363037257
v -0.2781248276 -0.9253804383 -0.1387706499
v -0.4859784349 -0.8438114486 0.009151617954
v 0.4016827738 0.7093778244 0.4213427814
v 0.6278522627 0.6206210927 0.2603857569
v 0.4178961314 0.7120850111 0.4312404895
v 0.634300744 0.6271603096 0.2772327293
v -0.3028993238 -0.9155990015 -0.1940874329
v -0.523705858 -0.8289468494 -0.03694700718
v 0.4029782604 0.7127110115 0.4213251207
v 0.6291477493 0.6239542797 0.2603680962
v 0.4397206782 0.7385571084 0.4233054093
v 0.6355490968 0.6617072385 0.283941026
v -0.4753064921 -0.8251723178 0.02782542467
v -0.2554897982 -0.9114360498 -0.1286105787
v -0.2723529547 -0.9227262338 -0.1321239052
v -0.480206562 -0.8411572441 0.0157983681
v 0.437527216 0.7719574219 0.4059914699
v 0.6369440047 0.6936993262 0.2640733745
v -0.2482975686 -0.9041073694 -0.1121775766
v -0.4592269217 -0.8213313704 0.03793361208
v 0.4294975495 0.7967759541 0.3789425906
v 0.6271311839 0.7192176864 0.2382934908
v -0.4772682804 -0.8476591129 0.009483788671
v -0.2814398328 -0.9245089828 -0.1298806021
v -0.2762518931 -0.9189859235 -0.1584618678
v -0.5002178444 -0.8310938726 0.0009270162414
v 0.4199919674 0.7771173071 0.402305213
v 0.6398086903 0.6908535752 0.2458692042
v 0.4168823478 0.7977248852 0.3795399285
v 0.630671262 0.7138267062 0.2273936957
v -0.4865147999 -0.8378387646 0.01359179049
v -0.2713859576 -0.9222628279 -0.1395080432
v 0.6238644706 0.6117137749 0.2868407725
v 0.4209647261 0.6913386951 0.4312375654
v 0.6348289445 0.6423620261 0.2853471383
v 0.4319291999 0.7219869462 0.4297439311
v -0.4609795028 -0.8197161956 0.0379162825
v -0.2471905885 -0.9036143746 -0.1142299268
v -0.4889956977 -0.8514176051 -0.004922533055
v -0.2931672791 -0.928267475 -0.1442869199
v -0.3008409806 -0.9277930094 -0.1674819826
v -0.5070847982 -0.8468558104 -0.02070534172
v -0.4504362806 -0.8125425822 0.04367475239
v -0.2410195543 -0.8947250071 -0.1053599282
v 0.6312741008 0.7109452283 0.2253683144
v 0.4136609734 0.7963442217 0.3802360796
v -0.5109684788 -0.8473002817 -0.04664718657
v -0.3224939288 -0.9212642152 -0.1807780488
v -0.5041453005 -0.8374392848 -0.005933157275
v -0.2843285776 -0.9237030167 -0.1623691588
v -0.4603327438 -0.8352197078 0.02852731189
v -0.2626990805 -0.9127779755 -0.1121217716
v 0.6330198492 0.6382310953 0.2870967662
v 0.4318462814 0.7171785963 0.4302650963
v -0.5013230585 -0.8384217423 -0.002668531258
v -0.2825716538 -0.9242673493 -0.1583463783
v -0.2458464914 -0.8900907746 -0.09457696169
v -0.4380157812 -0.8146768665 0.04218332936
v -0.442360841 -0.8221815751 0.03806358671
v -0.2520366919 -0.8968713355 -0.09738357685
v -0.4883538895 -0.8244606774 0.01519263255
v -0.263314137 -0.9127740959 -0.1449604595
v -0.4553113071 -0.8033038218 0.04386277036
v -0.2354945841 -0.8895674959 -0.1125732348
v 0.4132384477 0.7091261156 0.4303079163
v 0.6330551706 0.6228624415 0.273871893
v 0.6418427428 0.6691757571 0.2584625617
v 0.4201242492 0.756185814 0.4162520046
v -0.2673112516 -0.9198005173 -0.1380384246
v -0.4849243501 -0.8344015819 0.01682935328
v 0.4149155798 0.7780968695 0.398695679
v 0.6382156928 0.6904661394 0.2397806543
v 0.4345762533 0.7011056559 0.428149457
v 0.6230508033 0.6271417224 0.294018584
v -0.2496952559 -0.9014062626 -0.1042498719
v -0.4508688526 -0.8224587617 0.03891845816
v -0.284708428 -0.927440316 -0.1450077526
v -0.4909522745 -0.8465031171 0.001768885524
v -0.2782183715 -0.913224705 -0.1669196477
v -0.5043424058 -0.8244857498 -0.005994933628
v -0.5196173709 -0.8395695737 -0.03863185135
v -0.3102006445 -0.9217519407 -0.1876665283
v 0.4230820445 0.6904073089 0.4306630417
v 0.6224988622 0.6121492711 0.2887449463
v 0.6417741845 0.6727574683 0.2563911901
v 0.4200557198 0.7597674673 0.414180604
v 0.636745915 0.6996656987 0.2564417113
v 0.4338461415 0.7792906188 0.4008385331
v -0.4682994686 -0.8426142251 0.01930443625
v -0.272471021 -0.919464095 -0.1200599497
v -0.4982037689 -0.8513285487 -0.01580436343
v -0.3005700766 -0.9288868743 -0.1564534524
v 0.6387040553 0.6733496527 0.2757184812
v 0.4375304586 0.7522971537 0.4188868113
v 0.4137407361 0.7740889847 0.4007087702
v 0.6382870885 0.6859691972 0.240906873
v 0.6408403084 0.6709485466 0.2534544718
v 0.416874357 0.7588405976 0.4128433686
v -0.2734888869 -0.9211638675 -0.1496925788
v -0.4942954211 -0.8345117732 0.007447847312
v 0.6301266747 0.6193383449 0.2820682652
v 0.4191972927 0.7021144018 0.4321794322
v -0.4951529218 -0.831048939 0.007242467628
v -0.2718528088 -0.9186796692 -0.1516725489
v -0.3100811016 -0.9253473752 -0.1779131749
v -0.5129808752 -0.8457225129 -0.03351638209
v -0.5047648735 -0.833941824 -0.005543300356
v -0.2822145307 -0.9212782858 -0.1639247359
v -0.285847429 -0.9158144045 -0.1754196251
v -0.5112925676 -0.8273418657 -0.01497804409
v -0.2837553567 -0.9162102364 -0.1722616556
v -0.5092005532 -0.8277377555 -0.01182007276
v -0.4394309844 -0.8090297189 0.04553575145
v -0.2400141957 -0.8872878146 -0.09638234393
v 0.4191606684 0.7897922658 0.3901671404
v 0.6355653099 0.7048675643 0.2361593947
v 0.411614211 0.7140443095 0.4285026426
v 0.6341645538 0.6267078476 0.270121189
v 0.6348738201 0.6409936382 0.2590710461
v 0.4087497569 0.7297325355 0.4199957602
v 0.6382583681 0.6649260652 0.2507885128
v 0.4122703793 0.7536116329 0.4116163824
v 0.4147218329 0.7968503028 0.3800378741
v 0.6311265035 0.7119256592 0.2260301284
v 0.426034918 0.6840516477 0.4277094444
v 0.6163590672 0.6093618294 0.2922622971
v -0.2856163051 -0.9276199922 -0.144256419
v -0.490207513 -0.8473312604 0.00134410886
v -0.4733367131 -0.8281246122 0.02824066165
v -0.2569321005 -0.9130493137 -0.1257670859
v 0.6314337422 0.6189865779 0.2715121883
v 0.4097152486 0.7059966349 0.4293016313
v 0.6265076155 0.6110434201 0.2815570016
v 0.4155782334 0.6938194191 0.4316681976
v 0.4045518022 0.7039014936 0.4265004663
v 0.6290981256 0.6157817062 0.2666985402
v -0.5136827877 -0.8291112968 -0.01840950698
v -0.2891364643 -0.9172310843 -0.1782114241
v -0.5178679746 -0.8342174471 -0.02699227447
v -0.2980512806 -0.9204811791 -0.1834282869
v 0.6383131453 0.6501101053 0.2801912774
v 0.4304595669 0.7316790371 0.4281135565
v -0.2949710472 -0.9068569419 -0.1939711326
v -0.5210950815 -0.8181179867 -0.03304640772
v -0.2424888688 -0.8977451071 -0.1092254269
v -0.4548768242 -0.8143967268 0.04192378725
v 0.4315178208 0.7489126057 0.421921011
v 0.6409345182 0.6667302387 0.2728863087
v 0.6390818791 0.6544497801 0.2788783905
v 0.4312282718 0.7360187698 0.4268006408
v -0.2938561922 -0.9164351935 -0.1846051861
v -0.5178221725 -0.8285432004 -0.02521629299
v -0.500301979 -0.8299086352 0.0008322327868
v -0.2757556846 -0.9180283647 -0.1589696861
v 0.4398043785 0.7560163869 0.4159013668
v 0.6374380418 0.6784581192 0.275252267
v -0.2912348771 -0.9286066188 -0.1516073056
v -0.495826056 -0.8483179449 -0.006006782239
v -0.2385547827 -0.8875548679 -0.09824763513
v -0.4414545562 -0.8079299478 0.04614916494
v -0.2603396943 -0.9074948126 -0.1449569853
v -0.4864637285 -0.8187558574 0.01596773827
v -0.3226693201 -0.9201030658 -0.1859751518
v -0.5148386099 -0.8446891578 -0.0492148644
v -0.4691870214 -0.8090774897 0.03364231067
v -0.24414724 -0.8973909083 -0.1265107762
v -0.296660426 -0.9287253221 -0.1591656044
v -0.5012516049 -0.8484366481 -0.01356507016
v 0.4126163848 0.7957936702 0.3803997743
v 0.6313677316 0.7099480053 0.2247219318
v -0.2689796112 -0.9196692489 -0.1232903717
v -0.4718793847 -0.8400443288 0.02110642659
v 0.4157965026 0.7973109293 0.3798056211
v 0.6309253449 0.712886866 0.226705796
v 0.6381971635 0.6681225409 0.2489399124
v 0.4122092037 0.7568080507 0.4097677675
v 0.6400410592 0.692212293 0.2541129564
v 0.4276531327 0.7755607312 0.4052621687
v 0.6387360184 0.6919899416 0.2614975431
v 0.4341448105 0.7722786155 0.4070980737
v 0.4396795085 0.7715658749 0.4050454629
v 0.6355079271 0.694716005 0.2656810797
v -0.2399813641 -0.8954346209 -0.1167973042
v -0.4607878984 -0.8087824687 0.04034312689
v 0.4106782793 0.7527515265 0.4100652494
v 0.6368477682 0.6639947948 0.249108196
v 0.6394190542 0.662552753 0.2543614659
v 0.4139739156 0.7510252339 0.4148030433
v 0.4283255721 0.7824470249 0.3989434793
v 0.6377422695 0.7002646579 0.2499087914
v 0.4149092972 0.751332878 0.4154749037
v 0.6399491076 0.6630194016 0.2553218186
v -0.4694791762 -0.8326429209 0.0280005011
v -0.2600624498 -0.9148253459 -0.1210341849
v -0.2441928683 -0.8966596384 -0.1274510796
v -0.4696380359 -0.8081870996 0.03299050862
v -0.2828863621 -0.9221291275 -0.1634291064
v -0.5046048268 -0.8351190706 -0.005639676171
v -0.5252836268 -0.8250805399 -0.03926168063
v -0.6421353318 -0.6975110321 -0.2738021766
v -0.302733255 -0.9124170018 -0.1976431162
v -0.419584989 -0.7848475519 -0.4321836302
v 0.4113441466 0.6958812655 0.4309691802
v 0.6277487882 0.610956564 0.27696142
v 0.4299500984 0.6978042581 0.4299220149
v 0.6239556694 0.6216697924 0.2918549423
v 0.4422355657 0.7282429546 0.4239475938
v 0.6307101156 0.6542790211 0.2898167208
v -0.3053375173 -0.9273959615 -0.1701180632
v -0.5082372619 -0.8477710414 -0.02572126672
v 0.4366173411 0.7905902991 0.3838306455
v 0.6269414903 0.7159004808 0.2483834692
v -0.4641939287 -0.8370744894 0.02620477163
v -0.264777111 -0.9153325272 -0.1157133265
v 0.4384307214 0.74783009 0.4205655936
v 0.637847539 0.6695720522 0.2786474983
v 0.4153779144 0.7650202885 0.408010033
v 0.6399242668 0.676900501 0.2482081069
v -0.3246351616 -0.9181180002 -0.1898321097
v -0.4414868956 -0.7905485503 -0.4243726093
v -0.5168044514 -0.8427040921 -0.05307180784
v -0.6336562144 -0.7151346422 -0.2876123147
v 0.4221114573 0.7490189754 0.4207776671
v 0.6419281512 0.6627552434 0.2643416728
v 0.4408034255 0.7515655943 0.4176535425
v 0.636631902 0.6747157244 0.2782891592
v 0.4021548652 0.7007904264 0.4254235963
v 0.6271946467 0.6124770078 0.2652705112
v 0.6316569043 0.7133716385 0.2323655377
v 0.4207275222 0.7961476954 0.3824767336
v -0.5081094098 -0.8404941851 -0.01379936793
v -0.2917047682 -0.9254188287 -0.1678071137
v 0.6313240141 0.7068799028 0.2228908764
v 0.4096055204 0.7938899018 0.3806803193
v -0.5008720441 -0.8510571525 -0.01970343567
v -0.3032384097 -0.9286154202 -0.160352521
v -0.2764658484 -0.924764687 -0.140367252
v -0.4873952305 -0.8419886879 0.009743931309
v 0.6405332434 0.6832925838 0.2650129831
v 0.432679665 0.7648615157 0.4129352623
v -0.4541931804 -0.8096265935 0.04345157943
v -0.2390643092 -0.894050599 -0.1096482494
v -0.5130457856 -0.8455155061 -0.05055037723
v -0.3245712645 -0.9194794395 -0.1846812286
v 0.6342082134 0.6375915454 0.2851322854
v 0.4296170345 0.7178802193 0.430732816
v 0.6386983807 0.688850733 0.2651489417
v 0.4357986072 0.7684756531 0.4095457345
v -0.2745134406 -0.9149665738 -0.1603301121
v -0.5002749378 -0.8263699467 0.0003365626011
v -0.5199475975 -0.8296647434 -0.0292359033
v -0.2973972836 -0.9170012632 -0.1876173388
v 0.6387288962 0.6643792196 0.2786862071
v 0.4358291516 0.7440041397 0.4230829999
v -0.2366422419 -0.8876938376 -0.1012628061
v -0.4444958492 -0.8061248478 0.04665946222
v -0.2593704099 -0.9145659359 -0.1219694651
v -0.470299792 -0.8317899368 0.0281417272
v 0.425566764 0.7644586195 0.4131384764
v 0.6419714056 0.679533918 0.2591307162
v -0.293136532 -0.9288031451 -0.1501840826
v -0.4943101288 -0.8498556441 -0.007015748956
v 0.4373429364 0.7251336244 0.4273664499
v 0.633171384 0.6482837546 0.2880020666
v -0.252305048 -0.9073321023 -0.1124422849
v -0.4601586554 -0.8257631125 0.03547997984
v 0.4184552237 0.7662974196 0.4093012927
v 0.6410055665 0.6789609577 0.2509198391
v -0.5114659322 -0.828519344 -0.01504523085
v -0.2864261508 -0.9168327625 -0.1751983159
v -0.2484239731 -0.9052976445 -0.1194962396
v -0.4660371006 -0.8198986511 0.03537154732
v -0.499127338 -0.853049572 -0.02683825701
v -0.310652788 -0.9270135055 -0.160969112
v 0.41296074 0.7768848804 0.3980709815
v 0.6375070634 0.6887651508 0.2382690843
v -0.4364503459 -0.8104975279 0.04422056655
v -0.2424448038 -0.8866319936 -0.09384651693
v 0.6279152622 0.6354256454 0.2919755564
v 0.4357459725 0.7108395535 0.4287358511
v 0.431672772 0.7022365214 0.4298985349
v 0.6256783141 0.6261020557 0.2918314333
v -0.5150140012 -0.8435280084 -0.05441196747
v -0.6318657641 -0.7159585585 -0.2889524743
v -0.3265394801 -0.9174919419 -0.1885428333
v -0.4433912141 -0.789922492 -0.4230833473
v -0.5038468632 -0.8385765197 -0.006129520669
v -0.2850954874 -0.9244221847 -0.1618073595
v -0.2838141293 -0.9272037202 -0.145759564
v -0.4916677366 -0.8456347883 0.002162712488
v 0.6415305822 0.6743248143 0.267771299
v 0.4306012291 0.7571008134 0.417882466
v -0.4867016561 -0.8429174684 0.009465984541
v -0.2772849298 -0.9250998934 -0.1395686976
v -0.26737014 -0.9119496006 -0.1522205381
v -0.4933580708 -0.8232640908 0.008607324676
v 0.4193558628 0.7249956392 0.4289100553
v 0.6381072386 0.6391500321 0.2732321984
v 0.426476523 0.7753858611 0.4053396154
v 0.6402653794 0.6914876821 0.2531933971
v 0.4201806187 0.7986772326 0.3785486985
v 0.6295973162 0.7164948656 0.2295140107
v -0.5072247522 -0.8303332453 -0.008661162297
v -0.2826784288 -0.9184529749 -0.1684630794
v -0.4909921704 -0.8200841756 0.01039005345
v -0.2648227105 -0.9088409074 -0.1505669875
v 0.6379865666 0.6815433034 0.2418765917
v 0.412541428 0.7700158421 0.4023181835
v -0.5101547536 -0.8411046093 -0.01782505093
v -0.2950258823 -0.9255286726 -0.1709248833
v -0.2557623524 -0.9044517825 -0.140203123
v -0.4818864156 -0.8157128852 0.02072159917
v 0.4292338836 0.7791911976 0.4020151139
v 0.6386506099 0.6970088305 0.2529804406
v 0.6346406406 0.707829992 0.2450802475
v 0.428396852 0.7887672488 0.3918568956
v 0.636840067 0.6447651588 0.2601771866
v 0.4110785988 0.7333617859 0.4208438514
v 0.4339209535 0.7886062178 0.3896632017
v 0.6315545879 0.7110478922 0.2490141164
v 0.6416700151 0.6824442899 0.2556925202
v 0.4240569166 0.7678432833 0.4105602999
v -0.4618249594 -0.8188802352 0.03783051578
v -0.2466960882 -0.9033042985 -0.1152693184
v -0.4679256981 -0.8234015549 0.03323955925
v -0.2515210565 -0.9083262564 -0.1207681883
v 0.6283714301 0.6151614962 0.2819051785
v 0.417442077 0.6979374952 0.4320163744
v -0.2399573629 -0.8944640916 -0.1074775579
v -0.4523453183 -0.8111157113 0.04367165814
v 0.4340584756 0.7856748267 0.3935531649
v 0.6334752643 0.707416731 0.251635084
v -0.4653151822 -0.8405281748 0.02234750157
v -0.2694867346 -0.9173780447 -0.1170168763
v 0.401587927 0.7853356828 0.3793239755
v 0.6277574159 0.6965789511 0.218366951
v 0.4147172585 0.761362781 0.4096742525
v 0.63975704 0.6730493045 0.2495211675
v -0.4622286952 -0.8071157594 0.03943386366
v -0.2396783524 -0.8944522213 -0.1189475845
v -0.4991957806 -0.852210369 -0.02094471332
v -0.3051902674 -0.9283448926 -0.1590117968
v 0.4064797745 0.6936351106 0.4293531658
v 0.6262964974 0.6073713787 0.2729171426
v -0.2537293712 -0.9075100413 -0.1105396311
v -0.458320579 -0.8272213674 0.03506090129
v -0.3155122962 -0.9224997712 -0.1851013367
v -0.5166859219 -0.8435522702 -0.04193301028
v -0.2899862637 -0.9104618725 -0.1849788408
v -0.516110298 -0.8217229173 -0.0240541267
v 0.6336800129 0.6267100479 0.267787599
v 0.4097140326 0.714602041 0.4271764958
v 0.6399176078 0.6476199428 0.2724333834
v 0.4223045093 0.7330188783 0.4273011631
v -0.2771675294 -0.9163315453 -0.1629378632
v -0.5026126969 -0.8278590644 -0.002496275842
v -0.2999173825 -0.921800638 -0.1827521416
v -0.5175305099 -0.8364016447 -0.02788435468
v 0.6346043927 0.7083217129 0.2392919588
v 0.4236750106 0.791097712 0.3894031548
v 0.4427434998 0.7375638228 0.4216792617
v 0.63306762 0.6628740046 0.2862321144
v 0.6330580658 0.689481771 0.2297817444
v 0.4069340026 0.7782207262 0.3907064585
v -0.2650580324 -0.9109661587 -0.1495140173
v -0.4910459633 -0.8222806489 0.01131384383
v -0.4947486359 -0.8407677237 0.003637110825
v -0.2796197936 -0.925191787 -0.1494627143
v -0.2420797479 -0.8934048533 -0.1266455768
v -0.4678411872 -0.8048082262 0.0340211043
v 0.3994481128 0.693400194 0.4251197449
v 0.6239944651 0.6052804065 0.2653178477
v 0.6209406649 0.6031861339 0.2835335264
v 0.4146968473 0.6841233907 0.4303101746
v 0.4004767488 0.6973375517 0.4249696287
v 0.6255165302 0.6090241331 0.2648165437
v -0.2514413517 -0.9058767426 -0.1308280856
v -0.475407303 -0.8179846916 0.02856080936
v -0.4831956834 -0.8226322421 0.02085683764
v -0.2586493311 -0.9107519717 -0.1389450713
v 0.6404504406 0.6506366845 0.2677931289
v 0.4196439353 0.7372888366 0.4249335545
v 0.4329380328 0.7168211547 0.4299467979
v 0.6323548215 0.6385631169 0.2880287025
v 0.4386444162 0.7520769447 0.4185240715
v 0.6380612049 0.673818849 0.2766059762
v -0.2629861107 -0.9163342089 -0.137597804
v -0.4837926739 -0.8296820567 0.01954262354
v 0.4336221109 0.7913447306 0.3856272335
v 0.6294505295 0.7144948607 0.2462628503
v -0.4564787969 -0.8331270565 0.03068278728
v -0.2606503204 -0.9099769264 -0.1086815996
v -0.2628835048 -0.9108295052 -0.1462695681
v -0.488644973 -0.8222328781 0.01439711295
v 0.6350911339 0.679760149 0.2776113058
v 0.4429218441 0.7551740571 0.4143716005
v -0.3080829497 -0.9210787486 -0.1885283573
v -0.520470934 -0.8377303104 -0.03737914851
v 0.4373010139 0.7202619275 0.4278672907
v 0.6313065271 0.6441274618 0.2898002181
v 0.4326736719 0.7119609807 0.4301752003
v 0.6303073353 0.634402713 0.2895261005
v 0.637343832 0.6706692755 0.2461777313
v 0.4112197688 0.7594081728 0.4071024454
v -0.2757537158 -0.9232321412 -0.1288305705
v -0.4769272836 -0.8442846403 0.01433776744
v 0.6414446527 0.6803553444 0.2528022988
v 0.4206381184 0.7670074966 0.4099427245
v -0.4806244554 -0.8290722695 0.02250343891
v -0.2608077325 -0.9153360015 -0.1339325663
v -0.4583240533 -0.8221066473 0.03786513696
v -0.2489073269 -0.9042890722 -0.1111695545
v 0.4209234405 0.6811296949 0.4285596491
v 0.616751888 0.604279825 0.2891952659
v 0.6385865102 0.6949457103 0.2577296126
v 0.4323427215 0.7758829092 0.4045062607
v -0.2893121741 -0.9272749421 -0.1587357539
v -0.5017001295 -0.8439265618 -0.007586536038
v -0.5049615735 -0.8303749362 -0.005458065636
v -0.2804152501 -0.9184947237 -0.1652599737
v -0.2656273447 -0.9178199103 -0.1404899072
v -0.4864339079 -0.8311677581 0.01665052078
v 0.4269727894 0.6836783983 0.4270753664
v 0.6154473104 0.609714407 0.2929444933
v -0.5135280103 -0.8279384508 -0.01826310209
v -0.2884882288 -0.9162518694 -0.1784161872
v 0.4253039087 0.7751741061 0.4053719258
v 0.6404327799 0.6907500428 0.2522721007
v 0.6348113417 0.6340849936 0.2635849251
v 0.4093661742 0.7225574745 0.424026488
v -0.2524581463 -0.9045352801 -0.1064066954
v -0.453631743 -0.8255877792 0.03676163831
v -0.3129852778 -0.9178547106 -0.1954930675
v -0.4298370118 -0.7902852607 -0.430033567
v -0.5239146599 -0.8350787115 -0.04538187151
v -0.640766365 -0.7075092616 -0.2799223711
v -0.2363409383 -0.883951906 -0.1242173282
v -0.4624650015 -0.7952130087 0.03670739672
v -0.4854037375 -0.8533023231 -0.007415078612
v -0.2969291586 -0.9272662565 -0.1415459318
v -0.2468486073 -0.9013644559 -0.1080659062
v -0.4547022146 -0.8197954662 0.03985636216
v -0.4795687493 -0.8518498007 -1.700749681e-05
v -0.2910941993 -0.9258137341 -0.1341478679
v -0.4932310873 -0.821036581 0.007769165774
v -0.2670616563 -0.9097933127 -0.1531878682
v 0.4389151175 0.787328913 0.3867000503
v 0.6273896674 0.7133649216 0.2525691917
v 0.6274348326 0.7002674952 0.2160914966
v 0.5105831275 0.8278369451 -0.01844901019
v 0.4014469017 0.7889530049 0.3769193662
v 0.2845951677 0.9165224549 0.1423788522
v 0.6298820881 0.615078983 0.2725505233
v 0.4090755249 0.7017311351 0.4296909489
v -0.4745426802 -0.8491361866 0.007706786858
v -0.284218531 -0.9238260049 -0.1277403826
v 0.6294557408 0.6199205119 0.2635012538
v 0.4036943016 0.708517139 0.4241679186
v 0.6344309123 0.6267827754 0.2724884791
v 0.413624378 0.7134349276 0.4296289337
v 0.4397362834 0.7518328792 0.4181126345
v 0.6373699467 0.6742745536 0.2774635637
v -0.2728536219 -0.9231778852 -0.1378681868
v -0.4852415483 -0.839829447 0.01328103024
v 0.407724711 0.7924260882 0.3806897866
v 0.631024824 0.7047954159 0.2217747763
v -0.2403792805 -0.8893609523 -0.126909098
v -0.4665033148 -0.8006219971 0.03401562333
v 0.4177163394 0.7625828766 0.4111860397
v 0.6410164524 0.6749522044 0.2522710294
v 0.6392710515 0.6591873713 0.2784097733
v 0.4330272629 0.7401246282 0.4251863925
v 0.4234501404 0.7529503689 0.4192479876
v 0.6422015161 0.6671047619 0.2635701596
v -0.2397588969 -0.8914624629 -0.124086523
v -0.4652040644 -0.802989982 0.03635505979
v -0.2865355315 -0.9277422855 -0.1435074015
v -0.489435305 -0.8481173654 0.0008893921987
v -0.5071224937 -0.8338983959 -0.008880039498
v -0.2845721219 -0.9212348578 -0.1672614841
v -0.2580781079 -0.9070399765 -0.1418711642
v -0.4840660388 -0.8183544088 0.01895669229
v -0.2748853871 -0.9160163158 -0.1599049374
v -0.5003305836 -0.827543777 0.0005366499474
v -0.478162608 -0.8331407218 0.02273726169
v -0.2630337368 -0.9175647272 -0.1303625662
v -0.2725691973 -0.9155240158 -0.1569217656
v -0.4980143648 -0.8270515349 0.00351982623
v 0.6382537358 0.697707153 0.2538612476
v 0.4304001284 0.7792760849 0.4017835268
v -0.4797461093 -0.8129917437 0.02228148104
v -0.2535766493 -0.9017484754 -0.138675557
v 0.417485505 0.7373107243 0.4239229267
v 0.6400358478 0.6499742046 0.2655414731
v -0.25815347 -0.9080076685 -0.1411791822
v -0.4839149093 -0.8194110414 0.01948750343
v 0.4383041721 0.7819090386 0.3952827581
v 0.6323097142 0.705774515 0.2572156565
v -0.4974360194 -0.841338889 0.0001759006555
v -0.2823071193 -0.9257628944 -0.1529239272
v -0.2712942955 -0.9169516974 -0.1155231118
v -0.4634635853 -0.8415377893 0.02123718201
v 0.6312731164 0.6232752393 0.2645739258
v 0.40582792 0.7117477781 0.4250155177
v -0.3090425062 -0.9252371838 -0.1784877855
v -0.5136336851 -0.8449485099 -0.03288725852
v -0.4774412976 -0.8210862626 0.02663627421
v -0.2541411846 -0.9087169928 -0.1322787405
v -0.5110912353 -0.8378396911 -0.0167153095
v -0.2923398595 -0.923685356 -0.1723931556
v -0.248994154 -0.8987829209 -0.1338187414
v -0.4751181883 -0.8100440236 0.02710597263
v 0.638138333 0.6552610733 0.2809111112
v 0.4335471252 0.7355497472 0.4265116418
v 0.4100621226 0.7012707402 0.4301763873
v 0.6298788455 0.6150070083 0.273740393
v -0.3018406066 -0.9279747701 -0.1668584431
v -0.5064318145 -0.8476860962 -0.02125791255
v 0.4177959574 0.79231277 0.3868596048
v 0.6342005701 0.7073880685 0.2328518591
v -0.4583572612 -0.816746472 0.03996331632
v -0.2445683759 -0.900644651 -0.1121829038
v -0.4499729037 -0.797208555 0.04676009941
v -0.2312215279 -0.88305422 -0.1089177467
v -0.2804497899 -0.9219796773 -0.1600877693
v -0.5021682835 -0.8349696203 -0.002298344516
v -0.5005557144 -0.8458617142 -0.008377604494
v -0.291139017 -0.9280440812 -0.1574122851
v -0.2867837371 -0.9131404547 -0.1788429832
v -0.5127716679 -0.8244549449 -0.01801512631
v -0.253721033 -0.9103007836 -0.1241804868
v -0.4713341315 -0.8249018481 0.03068728931
v -0.4854654632 -0.8333395642 0.01681134241
v -0.2667140874 -0.9191852292 -0.13886651
v 0.4099441142 0.7844975221 0.3896343366
v 0.6344904376 0.6963777925 0.2298324105
v 0.6377568034 0.6549592197 0.2555798389
v 0.4117688726 0.7436447294 0.4164076796
v -0.5050462871 -0.8510072972 -0.03412366499
v -0.314722109 -0.9256971154 -0.1695708267
v -0.2845715139 -0.9269828742 -0.1391526283
v -0.4857450817 -0.8480353733 0.004015701794
v -0.2827514747 -0.9268037771 -0.1406809615
v -0.4873426537 -0.8465151032 0.004919563212
v 0.6297637323 0.7098328921 0.2201339646
v 0.5129120273 0.8374023999 -0.01440654588
v 0.4089571981 0.7964850443 0.3772744047
v 0.2921054641 0.9240545521 0.1427338907
v -0.2699231862 -0.9138238958 -0.1545101789
v -0.4956846544 -0.8252272687 0.00615650711
v -0.4869728207 -0.8502045737 -0.0006430060636
v -0.2893391573 -0.9277628414 -0.141292095
v -0.4370017659 -0.8052021473 0.04683852679
v -0.2375849772 -0.883460243 -0.09507956859
v 0.63669826 0.6976722948 0.2355199172
v 0.4149797953 0.7846822938 0.3933093311
v -0.4753247898 -0.8091325564 0.026366047
v -0.2491553298 -0.8978892882 -0.1345909929
v 0.6369817002 0.6923224844 0.2362462652
v 0.4130157199 0.7802144774 0.3956351619
v -0.2998461605 -0.9275542711 -0.1680937386
v -0.5076997389 -0.8459853393 -0.02017146664
v 0.6361416287 0.7002678426 0.2572743133
v 0.4349680319 0.7792153436 0.4004426433
v 0.4094442577 0.6919721071 0.4304551952
v 0.6258488993 0.6070474057 0.276447435
v -0.2839689647 -0.9267401985 -0.1515225775
v -0.4963569201 -0.8433918182 -0.0003733660353
v -0.4799647549 -0.8230239628 0.02415893479
v -0.2566646418 -0.910654635 -0.1347560917
v -0.5026858876 -0.8418643101 -0.006911284673
v -0.2875570453 -0.9262883734 -0.1600111189
v 0.6245396315 0.606994076 0.2810246031
v 0.4136102494 0.6897700751 0.431135799
v 0.6415957243 0.6617919521 0.2621871221
v 0.4198772306 0.748802009 0.419976565
v 0.4246129979 0.7327187038 0.4278123398
v 0.6397418691 0.6482946405 0.2747125147
v -0.2361458596 -0.8837592593 -0.09695575298
v -0.4390456331 -0.8041343971 0.04744104346
v -0.4846668509 -0.8275006385 0.01914565256
v -0.2621165081 -0.9148371004 -0.1392357929
v -0.4479101598 -0.8286859917 0.03385270493
v -0.2575860106 -0.9033757521 -0.1015944586
v -0.5190037619 -0.8184151501 -0.02989092083
v -0.292834302 -0.9071718818 -0.1908479634
v -0.2644300922 -0.9174193881 -0.1220394132
v -0.4706739098 -0.8364821313 0.02473722406
v 0.4420899081 0.7331011599 0.423221738
v 0.6324140573 0.6584113416 0.2877745617
v 0.6422866929 0.6714707251 0.2626102268
v 0.4246735944 0.7568697184 0.4174780064
v -0.4872430587 -0.8289497446 0.01632478578
v -0.264692687 -0.9162862064 -0.1420566597
v -0.4508333575 -0.8069947979 0.04515819551
v -0.2370444721 -0.8908929769 -0.1069880228
v 0.4093084728 0.696910799 0.4302787616
v 0.6280598486 0.6110651341 0.2746009336
v -0.2488787802 -0.8996566926 -0.1330160469
v -0.4748667111 -0.8109711249 0.02781180999
v -0.4856684747 -0.8241917132 0.01824211776
v -0.2611221513 -0.9123115007 -0.1415597998
v 0.6323163732 0.6334598039 0.2867255435
v 0.4294165997 0.713084724 0.4311223364
v 0.6248367949 0.6264370305 0.2926064207
v 0.4326675052 0.7018509385 0.4293667154
v 0.640430927 0.6578889315 0.2752893835
v 0.4295015738 0.7406649306 0.4254005505
v -0.5174484599 -0.8262453372 -0.0247055578
v -0.2924086785 -0.9145587558 -0.1848586465
v -0.4939233299 -0.8356442022 0.007440413883
v -0.2741066359 -0.9219079342 -0.1489955881
v -0.4815875151 -0.8338920265 0.01982736023
v -0.2651828735 -0.918816728 -0.134180381
v -0.2496142482 -0.905687049 -0.1257433597
v -0.4713327418 -0.8186769921 0.03204606689
v -0.2442854569 -0.8959028907 -0.1283674687
v -0.4700469251 -0.8073062636 0.03229921423
v -0.4923522201 -0.8447284167 0.002524648812
v -0.2829354937 -0.9269108416 -0.146510029
v -0.4694306237 -0.8152721198 0.03381172155
v -0.2468802808 -0.9026086396 -0.1245697176
v -0.3060251855 -0.9225668819 -0.1848162752
v -0.5184131409 -0.8392185016 -0.03366706283
v -0.4340013243 -0.8066386881 0.04553395642
v -0.2399957822 -0.8827732117 -0.09253312344
v -0.2342739384 -0.8839622129 -0.09999268139
v -0.4421275168 -0.8023932232 0.04792958693
v -0.4498007261 -0.8278007551 0.03500277289
v -0.255795184 -0.9039352787 -0.1030643088
v -0.4517140776 -0.8267647363 0.03597554236
v -0.2540804143 -0.9043230619 -0.1046735484
v 0.421761138 0.767317341 0.4101951281
v 0.6415778319 0.6810536669 0.2537591194
v -0.4597711616 -0.7987863238 0.04062252465
v -0.2352248383 -0.8869061113 -0.1191793888
v 0.6401173188 0.6677065005 0.2749011081
v 0.4338734722 0.7486437573 0.4216777562
v 0.6321132459 0.6234048864 0.2809157146
v 0.4197253194 0.7067532667 0.432064927
v 0.4368704107 0.7755957053 0.4030622792
v 0.6362871994 0.6973376675 0.2611441838
v -0.4484598427 -0.8034896937 0.04656048615
v -0.2346709573 -0.8873878727 -0.1055857249
v 0.4131434562 0.6998567819 0.4313052841
v 0.6295480977 0.6149320804 0.2772975239
v 0.4207093983 0.7739681969 0.4050498057
v 0.6405261212 0.687704465 0.248613797
v 0.415725107 0.7127797436 0.4305444832
v 0.6344764827 0.6269341365 0.2748666262
v -0.3067255636 -0.926362201 -0.1746117771
v -0.5113167715 -0.8460735271 -0.02901125017
v -0.2794101811 -0.9164691252 -0.1660132471
v -0.5048553196 -0.8279966444 -0.00557165885
v 0.6326939074 0.6305474053 0.2619271041
v 0.4067059476 0.7192329151 0.4227549447
v 0.6390645658 0.6850039951 0.2677847038
v 0.4361647633 0.7646288573 0.4121814967
v -0.468694982 -0.8099751758 0.03425302981
v -0.2441486586 -0.8980949632 -0.1255488891
v 0.4045469672 0.6899228259 0.4286843744
v 0.6243637191 0.6036590939 0.2722483511
v 0.4386153773 0.7717791354 0.4055386025
v 0.6362490406 0.6942208098 0.2648895027
v -0.48094866 -0.8348978194 0.01979131497
v -0.2658198177 -0.9193218248 -0.1333085201
v 0.6361018486 0.6412057986 0.2611026376
v 0.4103403804 0.7298024257 0.4217693314
v -0.2982633251 -0.9177973856 -0.1874247645
v -0.5199818188 -0.8307873866 -0.02963532886
v 0.6318810508 0.7133289632 0.2381703
v 0.4256372332 0.7942661622 0.3849469481
v 0.4279002092 0.6986180412 0.4308254624
v 0.6255339015 0.6210597156 0.2901763626
v 0.6406687967 0.6604079881 0.259025852
v 0.4167028164 0.7482999812 0.4184147488
v -0.2504166821 -0.9067236468 -0.1154142232
v -0.4628046375 -0.8233752665 0.03573499639
v 0.6398616725 0.6924615119 0.2476276915
v 0.4222485451 0.7778604474 0.4024954856
v -0.4858947636 -0.8388478001 0.01345626828
v -0.2721058493 -0.9227459791 -0.1386899462
v -0.4734253642 -0.8147906479 0.03026153009
v -0.2488790408 -0.9029104354 -0.129540387
v 0.6342160304 0.6427061497 0.2863098506
v 0.4330424337 0.7216536507 0.4294781806
v -0.4726735384 -0.8229670432 0.03030906929
v -0.2528568444 -0.9092307751 -0.1261269304
v 0.4098108771 0.7397868161 0.4159955766
v 0.635980366 0.6510300844 0.2550385232
v -0.2552702261 -0.9075035561 -0.1087213363
v -0.4564438229 -0.8285560551 0.03444699924
v 0.4241380691 0.7749257557 0.4053590132
v 0.6405426817 0.6900010543 0.2513512675
v -0.3132696155 -0.9202882429 -0.1909624831
v -0.5211232228 -0.8387192532 -0.04304021479
v -0.2741848643 -0.9138911803 -0.16072564
v -0.5001727951 -0.8252056705 0.0001022214072
v -0.2863002385 -0.912053712 -0.1789216169
v -0.5124243017 -0.8233147568 -0.01799689378
v -0.5246585529 -0.8218684881 -0.03782603727
v -0.6415102579 -0.6942990382 -0.2723665332
v -0.3001122005 -0.9099882755 -0.1976279453
v -0.4169639635 -0.7824188256 -0.4321684594
v -0.2883903421 -0.9250477797 -0.1647642429
v -0.5060034406 -0.8396488443 -0.009896466787
v -0.4752097924 -0.8368455369 0.02226554748
v -0.2657930661 -0.919027904 -0.1267691439
v -0.2537653296 -0.9096735093 -0.1167913112
v -0.4646947116 -0.8268975102 0.03331987575
v 0.6251996794 0.609354823 0.2637159909
v 0.399754483 0.6978273618 0.4241575827
v -0.3019894489 -0.9205587126 -0.1863485025
v -0.5196025474 -0.8351597771 -0.03148072641
v -0.2573279324 -0.9103176915 -0.1120746812
v -0.4602277059 -0.8306927714 0.03232211346
v 0.6369006925 0.701305251 0.2385903213
v 0.419287565 0.7867041865 0.3934581155
v -0.5179332324 -0.829691553 -0.02551595354
v -0.2946331483 -0.9173222831 -0.1844309674
v 0.4189690929 0.7594847799 0.413780053
v 0.6415194068 0.672148318 0.2553986283
v -0.2531492308 -0.9094043135 -0.1177756506
v -0.4655371862 -0.8260558753 0.0333735582
v 0.4416278051 0.7469943034 0.4192060651
v 0.6356333472 0.6708597798 0.2811389635
v -0.4918390746 -0.8518104839 -0.008701287974
v -0.296010656 -0.9286603537 -0.1480656785
v -0.5220379327 -0.8155859017 -0.03571450922
v -0.6388896377 -0.6880164518 -0.2702550052
v -0.2958684727 -0.9043426914 -0.1966715446
v -0.4127202067 -0.7767732415 -0.4312120586
v 0.4093205458 0.7364388056 0.4171527596
v 0.6354899768 0.647682016 0.2561957061
v -0.3091621359 -0.9235309839 -0.1834026643
v -0.5170157432 -0.8419620521 -0.03548039241
v 0.4251472493 0.6895243883 0.4298657033
v 0.6209756969 0.6126744606 0.29050132
v -0.4775269956 -0.8504056165 0.004213331386
v -0.2872028753 -0.9250953768 -0.1312338335
v 0.4300353621 0.7943342573 0.3831249692
v 0.6294521508 0.7160762195 0.2412068738
v 0.6315494344 0.627050871 0.2622469948
v 0.4055614746 0.7157363808 0.4230748644
v 0.6343252374 0.6267356994 0.2713020547
v 0.4126067438 0.7137457563 0.4290914976
v -0.4609718015 -0.7917292712 0.0369374892
v -0.2348023416 -0.8804860029 -0.1240195425
v 0.4412972021 0.7237184502 0.4251240009
v 0.6297717231 0.6497545167 0.2909931568
v 0.4040997745 0.7816280883 0.3848979613
v 0.6302692344 0.6928713566 0.2239409224
v 0.4268473693 0.6990375558 0.431194948
v 0.626264187 0.6207794602 0.2892768526
v 0.6250596096 0.6113723728 0.2848071254
v 0.4188157631 0.6923096297 0.4315837735
v -0.259922351 -0.9139602598 -0.1356657205
v -0.4816408447 -0.8269502029 0.02212370253
v 0.6334210661 0.6328858593 0.2846931124
v 0.4271772485 0.7138230582 0.4314697605
v 0.411590644 0.795200154 0.3805285818
v 0.631407338 0.708936422 0.224092573
v 0.6386938063 0.6815699392 0.2711711337
v 0.4375202096 0.7605174402 0.4143394637
v 0.4110601274 0.7820954317 0.3925270767
v 0.6356064797 0.6939756442 0.2327251651
v -0.469383374 -0.821545731 0.03290566838
v -0.2506319982 -0.9073913381 -0.1227721741
v 0.4380643626 0.7150025052 0.4275454312
v 0.6283885118 0.640312687 0.292098255
v 0.4148379305 0.7038891022 0.4314627251
v 0.6312425431 0.6189644007 0.2774549649
v 0.4159361961 0.7550856376 0.4142727583
v 0.6404825194 0.6669658501 0.2544708466
v -0.3143485991 -0.9204814107 -0.1904941554
v -0.5205924167 -0.8395441538 -0.04371750727
v -0.4643908892 -0.8410557962 0.02181058834
v -0.2703853471 -0.9171902619 -0.1162564951
v 0.6326164318 0.6926193004 0.2275898311
v 0.406628472 0.7813048102 0.3884176862
v -0.3077523467 -0.9264781249 -0.1740174068
v -0.5106520912 -0.8468532048 -0.02962060314
v 0.6234627904 0.6060188565 0.2631150051
v 0.3980176519 0.6944913953 0.4235565969
v 0.4408716654 0.7557604511 0.4154362817
v 0.636700113 0.6789105812 0.2760718984
v 0.6353929876 0.6420239824 0.2843528683
v 0.4308017797 0.7223126563 0.4299533989
v 0.6250011266 0.7224672601 0.2293787614
v 0.5081493636 0.8500367679 -0.005161752663
v 0.4238275298 0.801414761 0.3725470915
v 0.3069757958 0.9289842688 0.1380065774
v -0.5210660716 -0.8238581281 -0.03110522968
v -0.2960262901 -0.9121716046 -0.1912583148
v -0.2489361631 -0.9014599396 -0.1051674046
v -0.4518359366 -0.8218350195 0.03922939913
v 0.6337350796 0.6304637919 0.2640694081
v 0.4082899121 0.7189362728 0.4245109999
v -0.297807331 -0.9072772672 -0.197301743
v -0.4146590939 -0.7797078173 -0.4318422571
v -0.5235687992 -0.8186806401 -0.03663506374
v -0.6404205621 -0.6911111902 -0.2711755633
v 0.640848994 0.6639892939 0.2573042207
v 0.4168830426 0.7518813449 0.4166931174
v 0.4174006467 0.7658990399 0.408913828
v 0.6407007597 0.6782683677 0.2499988033
v 0.6336266833 0.6276352384 0.2807095763
v 0.4212387568 0.7109836187 0.4318587887
v -0.2922951866 -0.9104644203 -0.188063055
v -0.5182831464 -0.8217789105 -0.02723519993
v 0.415403537 0.7445002614 0.4193614216
v 0.6399498604 0.6563804739 0.2595594955
v 0.4248348861 0.7818781179 0.3994528609
v 0.6386237425 0.6979799389 0.2473066426
v 0.6319909526 0.6957045425 0.2252738874
v 0.4062295133 0.7843012275 0.3859405811
v -0.3038442884 -0.9281651585 -0.16558192
v -0.5050178562 -0.8492176576 -0.02241358273
v -0.3164961145 -0.9207082208 -0.1894854673
v -0.519395888 -0.8410833006 -0.04508866364
v -0.2580481426 -0.9060495861 -0.1425339481
v -0.4841721769 -0.8173106888 0.01839077548
v 0.6244841594 0.6115311457 0.2858389461
v 0.4198929516 0.6918198196 0.4314394767
v -0.4703795258 -0.8450370451 0.01559099345
v -0.2763739837 -0.9211715108 -0.1224760819
v 0.4346468383 0.791138766 0.3850540706
v 0.6286523804 0.7150042423 0.246986998
v -0.4887425413 -0.8189724763 0.0129380654
v -0.2625731103 -0.907729266 -0.1480189789
v -0.5138439346 -0.8314576256 -0.01879597832
v -0.2905438505 -0.9190883558 -0.177711003
v -0.4825040199 -0.8526861085 -0.003680392272
v -0.2940294989 -0.9266500419 -0.1378112527
v -0.2985372691 -0.9082088271 -0.1974447515
v -0.4153890031 -0.7806393772 -0.431985251
v -0.5239824076 -0.8197362883 -0.03700316684
v -0.6408341706 -0.6921668384 -0.2715436881
v 0.4384101365 0.7643149596 0.4114463761
v 0.6378269252 0.6860569218 0.2695282808
v 0.6347287126 0.6372854647 0.2841044601
v 0.428484924 0.7182227216 0.4308811082
v -0.4625107457 -0.8009823338 0.03855960522
v -0.2374709642 -0.8892957523 -0.1215934798
v 0.6422149499 0.6752205895 0.2604415764
v 0.4246018224 0.760619525 0.4153093561
v 0.6408278011 0.6754265541 0.2697644713
v 0.4329742228 0.756995486 0.4176867504
v 0.4328482526 0.7887289743 0.3901684433
v 0.6322650702 0.7104708786 0.2482503479
v -0.2722323117 -0.9144818013 -0.1573921055
v -0.4979938089 -0.8258851742 0.003274579175
v 0.632958413 0.6229630787 0.2762511982
v 0.4153453145 0.7083620141 0.4311189779
v -0.2350978837 -0.8875167092 -0.1044802503
v -0.4474858391 -0.804168271 0.0466689621
v -0.2484572969 -0.8937039276 -0.09625317454
v -0.4406266156 -0.8182900195 0.04050711832
v -0.4555144054 -0.7978237273 0.04374458464
v -0.2329640626 -0.8851602471 -0.1146368618
v -0.2344064228 -0.8810949795 -0.1230743897
v -0.4605304571 -0.7923560822 0.03785033343
v -0.489281454 -0.8390156059 0.01035314642
v -0.2741526117 -0.9234396693 -0.1427466875
v 0.6362907315 0.7041168387 0.2475683978
v 0.4284371242 0.7856858284 0.3954906625
v 0.6275984114 0.6202719314 0.2873682492
v 0.4246986379 0.6998968515 0.431765042
v 0.4241224061 0.6899592475 0.43029179
v 0.6217560694 0.612400922 0.2896426902
v -0.5042603558 -0.8499152852 -0.02301391353
v -0.3048435381 -0.928173323 -0.1649320053
v 0.4062704804 0.7030638541 0.4279235155
v 0.6295705645 0.6154331819 0.2690084764
v 0.4376584554 0.7101050989 0.42751784
v 0.6261329765 0.6361411654 0.2933869669
v 0.4159372094 0.7786570909 0.3989475904
v 0.6384875522 0.6913205711 0.2405661658
v -0.2787093687 -0.9246927702 -0.1321782915
v -0.4798829944 -0.8457452692 0.01099004864
v -0.4746825763 -0.8261711622 0.02801005707
v -0.2559312295 -0.9120168271 -0.1276677854
v 0.4372199772 0.7851473789 0.3919735722
v 0.6312255193 0.7090128553 0.2539064996
v 0.6281991078 0.6200458741 0.2863637592
v 0.4236078999 0.7003346059 0.4319642898
v 0.6291704477 0.7125564656 0.2512069128
v 0.437001129 0.7879703737 0.3879672219
v -0.2557556066 -0.9054165214 -0.1395029186
v -0.4817435664 -0.8167310117 0.0213249446
v -0.292906074 -0.9215884777 -0.1767426306
v -0.5137126083 -0.8349363255 -0.01960220135
v 0.4310987405 0.79423003 0.3825964212
v 0.6287324038 0.7166717045 0.2419473359
v -0.4494185885 -0.8028005201 0.0463965273
v -0.2342897173 -0.8872245255 -0.1067033015
v -0.4592264585 -0.8159373791 0.0398590348
v -0.2440975873 -0.9003613846 -0.1132407958
v 0.436132945 0.7302791495 0.4270150304
v 0.6355497338 0.6520210538 0.285096935
v 0.4257216862 0.7786991292 0.4024519129
v 0.6395106004 0.6948009502 0.250305709
v 0.4419116795 0.7554794429 0.4149259736
v 0.6359172506 0.6793449772 0.276858872
v -0.2357509832 -0.8852022275 -0.1222758643
v -0.4615124224 -0.7966056004 0.03839081319
v 0.4249086558 0.7145445423 0.4315857422
v 0.6343253532 0.6323621174 0.28255104
v -0.4938197396 -0.8538185374 -0.01895619151
v -0.3053451607 -0.9277824709 -0.1530870573
v 0.4071499846 0.7750628725 0.3928042343
v 0.6333194446 0.6863061407 0.2318472098
v 0.6379793286 0.6387214844 0.2708911677
v 0.4171727654 0.7253736366 0.4280315934
v 0.4233886752 0.7939421312 0.3856675637
v 0.6328053727 0.7117597642 0.2366328759
v -0.2917246004 -0.9094200055 -0.1879960167
v -0.5178486346 -0.8206810503 -0.02707129174
v -0.287310461 -0.9142040936 -0.1787323576
v -0.5130719003 -0.8256074665 -0.0180656729
v 0.6273501769 0.7194345369 0.2265588935
v 0.5104984139 0.8470040447 -0.007981613367
v 0.4194965696 0.8010035267 0.3744811726
v 0.3026448356 0.9285729766 0.1399406586
v 0.6268313569 0.7202475094 0.2272595611
v 0.5099795939 0.8478169593 -0.007280954803
v 0.4205875393 0.8011847663 0.3740362092
v 0.3037357763 0.9287542162 0.1394956806
v 0.6361573207 0.6793617693 0.2397172349
v 0.4100332864 0.7681006666 0.400641949
v 0.4106190435 0.7558468439 0.4082751176
v 0.6367884745 0.6670901122 0.2473180931
v 0.6359610839 0.6948980553 0.2333919154
v 0.4119951326 0.7827900483 0.3927808122
v 0.6348192745 0.6846531546 0.2349192064
v 0.4086952403 0.7733921098 0.3958439349
v 0.4282178706 0.7570929963 0.4178737515
v 0.6420067849 0.6731948173 0.2657275477
v 0.4372717724 0.782134459 0.3958344097
v 0.6331002199 0.7052845891 0.2564700264
v -0.2820747504 -0.9265622594 -0.1472573962
v -0.4930041035 -0.8437862604 0.00285379427
v 0.4101383533 0.7911384764 0.3839166619
v 0.6326886961 0.7038020145 0.2255352372
v -0.4530069586 -0.8158744954 0.04189980956
v -0.2435902612 -0.8980568624 -0.1071348746
v -0.2962842236 -0.9189836074 -0.1839896953
v -0.5180027172 -0.8319736084 -0.02620026688
v 0.4400547844 0.7749861496 0.401560162
v 0.6340603265 0.698851626 0.2634930604
v -0.2760676135 -0.9218986116 -0.1529109567
v -0.4968741188 -0.8352464595 0.004229473941
v 0.4214050572 0.7905333794 0.3898606255
v 0.6351939715 0.7066352004 0.2377144072
v -0.2512299151 -0.9008140782 -0.1358402721
v -0.4773539204 -0.8120751809 0.02508445186
v 0.6411865744 0.6616242621 0.2725897243
v 0.4287985901 0.7449726424 0.4237389367
v -0.2550891603 -0.9108141606 -0.1295452944
v -0.4758956656 -0.8241620084 0.02759513133
v -0.2374917518 -0.8910519234 -0.1058945633
v -0.4498797072 -0.8077034852 0.04525464552
v -0.4517706209 -0.8062739507 0.04500691764
v -0.2366417497 -0.890698014 -0.1080929184
v 0.6315934994 0.7127366051 0.244007836
v 0.4304199027 0.791684106 0.3871761661
v 0.4131336414 0.793086194 0.3838624348
v 0.6329503643 0.7068225199 0.227426426
v -0.4384277393 -0.8095444856 0.04514910096
v -0.240794076 -0.8871028112 -0.09549998798
v -0.5144314288 -0.8405982387 -0.02567693395
v -0.3006425435 -0.9244964177 -0.1778231486
v -0.2340568273 -0.8816847898 -0.1220991991
v -0.4600447871 -0.7929992801 0.03872865782
v 0.6292610675 0.6399536241 0.2913697356
v 0.4370917488 0.7153675322 0.4281300302
v -0.300156584 -0.9164281871 -0.190840103
v -0.5218750487 -0.8294181881 -0.03305067452
v 0.4361898647 0.7853659666 0.3925322012
v 0.6320182833 0.7085160967 0.2531678035
v -0.4942037591 -0.8418035688 0.003410695244
v -0.2804148737 -0.9257017478 -0.1487355267
v -0.2488094691 -0.9005082871 -0.1321848202
v -0.4745709373 -0.811911602 0.02848186085
v -0.5153432434 -0.8423899049 -0.03107084555
v -0.305926546 -0.9245722719 -0.1801055225
v 0.6336551142 0.6944805673 0.2286562205
v 0.4082099467 0.782953106 0.3890977979
v -0.2877004156 -0.9187750371 -0.1746651067
v -0.511666396 -0.8308829861 -0.01527621542
v 0.4179166005 0.7521208359 0.4172365467
v 0.6412166845 0.6644901637 0.2583215364
v 0.6292482128 0.7055720826 0.2180732762
v 0.5123964499 0.8331415325 -0.01646722696
v 0.4052822325 0.7934640756 0.3774621585
v 0.2884304985 0.9210335256 0.1429216589
v -0.4751780031 -0.8455966875 0.01338959361
v -0.2775443687 -0.9231550131 -0.1272594897
v 0.4218844156 0.7371874467 0.4257400707
v 0.6406357914 0.6513418396 0.2700622427
v 0.4164000362 0.772226444 0.4040186799
v 0.6397001203 0.6845957718 0.2451036552
v -0.2975785522 -0.913978847 -0.1911901762
v -0.5215445325 -0.8260868539 -0.03180128307
v -0.2429069937 -0.8948249494 -0.1023274584
v -0.4474981727 -0.8145362755 0.04327307219
v 0.4078535474 0.7859655628 0.3864629044
v 0.6328933289 0.6976521442 0.2263098338
v 0.6344162625 0.6270380163 0.2760526164
v 0.4168031351 0.7124369517 0.4309203961
v 0.412850954 0.7334680977 0.422433809
v 0.6378907354 0.6451546212 0.262280695
v 0.6227337788 0.6068452048 0.261001682
v 0.396745819 0.6955307146 0.4218295516
v 0.6256553841 0.7217656949 0.2286712032
v 0.508803679 0.8493352027 -0.005869310854
v 0.4227556395 0.801390615 0.373067996
v 0.3059039055 0.9289601229 0.1385274965
v 0.4142828046 0.708748234 0.4307409515
v 0.6330342094 0.6229026269 0.2750630946
v 0.6248330891 0.6097069953 0.2626377312
v 0.3990716498 0.6983036803 0.4233044249
v -0.4498998578 -0.8230519304 0.03855768172
v -0.2504830401 -0.9013100261 -0.1033604082
v -0.4534102022 -0.7945082589 0.04487306163
v -0.2308598305 -0.8818447787 -0.1135083848
v -0.4652666586 -0.8207930367 0.03553748396
v -0.248862046 -0.9057177382 -0.1184702672
v 0.6292604306 0.6196518951 0.2842663887
v 0.4214068233 0.701220827 0.4321886679
v -0.2903212096 -0.9284142037 -0.1464425853
v -0.4914947773 -0.8494667028 -0.003274257989
v -0.2378787822 -0.8876363389 -0.09922609005
v -0.4424699901 -0.8073476071 0.04637444053
v -0.4780893015 -0.8386615228 0.01922077308
v -0.2686725751 -0.9208438899 -0.1298139111
v 0.4177339133 0.7484903696 0.4189818028
v 0.6410339973 0.6608596395 0.2600667637
v -0.267188524 -0.9201845368 -0.1315584435
v -0.4795764505 -0.8368361565 0.01959077435
v -0.2785721651 -0.9143302665 -0.1666483673
v -0.5045601249 -0.8256447567 -0.005820505001
v 0.6360455659 0.6862638129 0.2361772147
v 0.4102841266 0.77486044 0.3968438794
v 0.4216035232 0.7245586954 0.4295715798
v 0.6380081648 0.6396339939 0.2755638485
v -0.4667792564 -0.8189910635 0.03515612084
v -0.2480278806 -0.9048366706 -0.1205217198
v 0.4149008432 0.7580962414 0.4117334643
v 0.6399406536 0.6697828229 0.2515803792
v 0.6417228236 0.6776555694 0.2645031382
v 0.4293348971 0.7610039498 0.4156523506
v 0.6297698122 0.7165709515 0.2353439468
v 0.4251786333 0.7968596254 0.3809444774
v 0.441265876 0.7426455377 0.4210955023
v 0.6352713891 0.666511072 0.2830284297
v -0.4435410118 -0.8168547525 0.04199526977
v -0.2459073485 -0.8944130202 -0.0986538246
v 0.6396961249 0.6900409501 0.2450043932
v 0.4188895617 0.7766930444 0.4021448189
v 0.4087211523 0.786756358 0.3866702587
v 0.6332675047 0.6986365705 0.2268683615
v 0.4187750855 0.7629373071 0.4116036724
v 0.6413254283 0.6756007873 0.2532222188
v -0.4556628424 -0.8375880981 0.02571012653
v -0.2671882924 -0.9115520316 -0.1084207348
v 0.6390514795 0.6493661544 0.2780507105
v 0.4281220974 0.7321421535 0.4281619064
v 0.6338023641 0.7099108309 0.2408768932
v 0.4259487568 0.7914797627 0.3887991579
v -0.4591300773 -0.7888273532 0.03792520152
v -0.2329606173 -0.877584085 -0.1230318302
v -0.4663886359 -0.8073631832 0.0360534667
v -0.2418423125 -0.8954829707 -0.1237484504
v -0.4788281568 -0.832151779 0.02274506787
v -0.2624235152 -0.9170764805 -0.1312626842
v -0.4991100247 -0.8369353461 0.0008643152337
v -0.2792933018 -0.923199078 -0.1555716899
v 0.6268282879 0.7203137516 0.2331337359
v 0.4256547202 0.7992612526 0.3763020804
v 0.6380277943 0.6485460598 0.2601302265
v 0.4125826268 0.7370185407 0.4205718183
v -0.4715441204 -0.8476544227 0.01110310641
v -0.2812199713 -0.922344241 -0.1243440511
v -0.2971542605 -0.9197537888 -0.1837236842
v -0.5179607947 -0.8331016366 -0.02658325132
v 0.6356412221 0.70115748 0.2331765993
v 0.4148346589 0.7878096321 0.390317025
v 0.4432523313 0.7419801625 0.4199589911
v 0.6335764805 0.6672903443 0.2845118149
v -0.2582739972 -0.9089504618 -0.1404596957
v -0.4837191358 -0.820477923 0.0199818934
v -0.3175593771 -0.9207411681 -0.1889475245
v -0.5187329448 -0.8417936672 -0.04577918357
v 0.4220929859 0.7638317506 0.4125834953
v 0.6419096799 0.6775680186 0.256147501
v 0.4241854056 0.7370077126 0.4263347161
v 0.6405900472 0.6520830111 0.2723269848
v 0.4074911262 0.7111707645 0.4266221806
v 0.6320374495 0.623050977 0.2668202544
v 0.3956448898 0.6965083082 0.4199552852
v 0.6218143208 0.6077515765 0.2589982318
v -0.3069627674 -0.9248492269 -0.1795853128
v -0.5148163747 -0.8432802371 -0.0316630336
v -0.2622075622 -0.9167445168 -0.1247547788
v -0.4731369443 -0.8339684598 0.02535640986
v 0.4402197819 0.7191799909 0.426112712
v 0.6286943029 0.6452160574 0.291981839
v -0.4999108952 -0.8334560092 0.001009432664
v -0.2773605235 -0.9207924711 -0.1573720128
v -0.5195363052 -0.8262692516 -0.02820180624
v -0.2949899819 -0.9143890391 -0.1880037179
v -0.2883706257 -0.9226532747 -0.1697824515
v -0.50917716 -0.8360011226 -0.01264201673
v 0.4260680101 0.6942579263 0.4306552246
v 0.6237016445 0.6166996586 0.2900061248
v -0.473377825 -0.8467235577 0.01230790074
v -0.2793723118 -0.9228580813 -0.125759182
v -0.3133974676 -0.9223634072 -0.1861918866
v -0.5179886465 -0.8420747333 -0.04059136324
v -0.2812338393 -0.9261589 -0.1479998271
v -0.4936217657 -0.8428105197 0.00314939249
v -0.4979886554 -0.8282246704 0.003729883925
v -0.2729489029 -0.9165380889 -0.156423212
v 0.4170534542 0.7168380048 0.4301731736
v 0.635804801 0.6309923978 0.2744953167
v -0.4706178877 -0.8258474208 0.03080532666
v -0.2542132461 -0.9107720644 -0.1232024155
v -0.2853095586 -0.9147677314 -0.1756099701
v -0.5110710268 -0.8261711043 -0.01494329263
v 0.637330514 0.6772265586 0.2427019122
v 0.4113425832 0.7659120683 0.4035297673
v 0.6407064343 0.6574572571 0.2742128898
v 0.4283184789 0.7408056953 0.4253621022
v -0.4901219309 -0.8290835028 0.01322795442
v -0.2668218178 -0.9167141751 -0.1456870681
v 0.4306826132 0.7405042469 0.4253840478
v 0.6400993106 0.658321822 0.2763493745
v 0.6224640039 0.6073745055 0.2852924479
v 0.4178727961 0.6876631794 0.4308929785
v 0.6384707021 0.6855401284 0.2686683481
v 0.4372971054 0.7644876294 0.4118366782
v -0.2441992378 -0.8981519987 -0.1061145406
v -0.4520528161 -0.8165830669 0.0418077295
v 0.4192525331 0.7162289124 0.430861334
v 0.6356571457 0.6313042688 0.2768536027
v 0.4018608576 0.6916894197 0.4271248454
v 0.6244112004 0.6043529578 0.2687434207
v 0.428556117 0.7034339766 0.4311716416
v 0.6279729346 0.6251759388 0.2892535752
v -0.2337544814 -0.8822538127 -0.1210963304
v -0.4595159497 -0.7936571856 0.03957035068
v -0.4616934593 -0.8134288032 0.03923523296
v -0.2429420836 -0.8992744103 -0.1164426131
v -0.3184268372 -0.9187584765 -0.1932735629
v -0.4352786002 -0.7911890266 -0.4278140769
v -0.5213266397 -0.8391336143 -0.04887675558
v -0.6381783447 -0.7115641065 -0.2834172552
v -0.2321549118 -0.8786880251 -0.1210792053
v -0.4581428427 -0.7900025153 0.03974865526
v -0.4810480233 -0.8198530807 0.02291778109
v -0.2560082418 -0.9081664992 -0.1372353103
v -0.245831031 -0.9025606951 -0.1173619553
v -0.4634441295 -0.8171617597 0.03750581898
v -0.5192973353 -0.825137228 -0.02791460229
v -0.2942575828 -0.9134506465 -0.1880676874
v 0.6263973662 0.6157583129 0.2861963297
v 0.4218061873 0.6960470448 0.4317968603
v 0.6322431246 0.7017648932 0.2243810219
v 0.4082771732 0.7896569441 0.3837699041
v -0.5072045437 -0.8327139113 -0.008773865237
v -0.2839044596 -0.9203445835 -0.1676888881
v -0.4800605281 -0.8301151209 0.02262801399
v -0.2613091813 -0.9159607279 -0.1330498339
v 0.4391616438 0.7432440915 0.4220413066
v 0.6367953072 0.6656857659 0.2813922068
v -0.3009534591 -0.9108319371 -0.1976677254
v -0.4178051931 -0.7832624872 -0.4322082394
v -0.5249194105 -0.8229399441 -0.03827883586
v -0.6417711734 -0.6953704942 -0.2728193427
v -0.4926464883 -0.8301573329 0.01027273662
v -0.2693463463 -0.9177880631 -0.1486422867
v 0.637888593 0.6896136184 0.239014338
v 0.4139226127 0.7775056694 0.3984032347
v -0.2917415952 -0.9135739821 -0.1849372946
v -0.5171867917 -0.8251014433 -0.02449571001
v 0.4248127668 0.7913117832 0.3891191356
v 0.6342294642 0.7091293582 0.2400844622
v 0.6342992964 0.6340628164 0.2625086631
v 0.4085378571 0.7226595014 0.4231753568
v 0.4281439851 0.7609528205 0.4156415225
v 0.6419328994 0.6770546415 0.2634952897
v -0.5051846198 -0.8504530399 -0.0282023708
v -0.3093562012 -0.9273029098 -0.1675667541
v 0.6328304451 0.704815914 0.2261457917
v 0.4111119515 0.7918259709 0.3839352201
v -0.2624259182 -0.9095237695 -0.1071576743
v -0.454595237 -0.8341098614 0.02960262395
v 0.6244178014 0.6100798393 0.2615843991
v 0.3984298706 0.698765349 0.4224122687
v 0.422673908 0.7878022783 0.3931496029
v 0.6364628223 0.7039040993 0.2410033701
v 0.4220680872 0.685732254 0.4297360272
v 0.6197017505 0.6081739284 0.2890869274
v -0.5218342842 -0.8316001853 -0.03400881237
v -0.3020175903 -0.9178638594 -0.1904448212
v -0.3111154701 -0.9254012259 -0.1773231329
v -0.5122890379 -0.8464537249 -0.03415480288
v 0.4123861005 0.6953642984 0.4312300378
v 0.6275149717 0.610940293 0.2781302127
v 0.6268936616 0.610983721 0.2804307684
v 0.4145057062 0.6943321593 0.4315799808
v 0.6389258277 0.6427086396 0.2700225784
v 0.4181193224 0.7293607917 0.4271630041
v -0.2700243735 -0.9217797347 -0.134663619
v -0.4824122999 -0.8384313544 0.01648559158
v 0.6340525095 0.6375341046 0.2598246959
v 0.4079284752 0.7262730598 0.4207494099
v -0.5166516427 -0.8395202974 -0.02939109332
v -0.3028627574 -0.9234184764 -0.1815373152
v 0.6419715214 0.6733706719 0.2573941746
v 0.4211649582 0.760022824 0.4145346003
v -0.4965146507 -0.852483097 -0.0170268458
v -0.3025090796 -0.9286176206 -0.1550939239
v 0.6355208397 0.700206638 0.2324679409
v 0.413802375 0.7872166371 0.3902573549
v 0.4203017829 0.701667267 0.432213306
v 0.6297185093 0.619484842 0.2831786327
v -0.5218169709 -0.8283129161 -0.0326081177
v -0.2992666571 -0.915649378 -0.1909895532
v 0.6414554807 0.6782488541 0.2655019246
v 0.4305261276 0.7610248531 0.4156130916
v -0.5026534034 -0.85116607 -0.02425240455
v -0.3068249559 -0.9280159399 -0.1636167878
v -0.4914585294 -0.8410214012 0.006836848148
v -0.277669673 -0.9249195802 -0.1453093602
v -0.2843614381 -0.9125998627 -0.1758961462
v -0.5104855013 -0.8238609654 -0.01497142313
v -0.2918758167 -0.9173967477 -0.181292193
v -0.515841797 -0.8295047546 -0.02190330354
v -0.4976554757 -0.8224545347 0.002334159962
v -0.2714860157 -0.9112112664 -0.1586228844
v -0.2803156552 -0.913186083 -0.1698879381
v -0.5064396895 -0.8244471278 -0.008963215006
v -0.3162587369 -0.9185526277 -0.1942417616
v -0.4331104709 -0.7909831778 -0.4287822611
v -0.5225025545 -0.8376153709 -0.04746511706
v -0.6393542596 -0.710045921 -0.282005613
v -0.3151677962 -0.9183713882 -0.194686725
v -0.4320195302 -0.7908019383 -0.4292272246
v -0.5230213746 -0.8368024563 -0.04676444583
v -0.6398731375 -0.7092329485 -0.2813049454
v 0.6351903814 0.6888182488 0.2335668724
v 0.4094288842 0.7774148759 0.3942335372
v 0.6308904867 0.6938009478 0.2243542992
v 0.4047664524 0.782539903 0.3852790277
v -0.5175277305 -0.8410807529 -0.03486224164
v -0.3081110042 -0.9232631199 -0.1838969186
v -0.2524869246 -0.9086345953 -0.1270906416
v -0.4732934588 -0.8219824432 0.03004979499
v -0.5120304964 -0.8221897396 -0.01801100607
v -0.2858610654 -0.9109464713 -0.1789680414
v 0.4429809931 0.774052621 0.3997341876
v 0.6314555141 0.7000886875 0.2656033146
v -0.4610576442 -0.8249920626 0.03561511878
v -0.2516409179 -0.9071744875 -0.11341956
v 0.6264614081 0.6130573798 0.263078265
v 0.4006999398 0.701654007 0.4237449297
v -0.4823021665 -0.8505196295 0.001861106726
v -0.2882966533 -0.9266541531 -0.136205965
v -0.5073009539 -0.8426068713 -0.0145498909
v -0.2935120686 -0.9265051082 -0.1666961092
v -0.4671457889 -0.8393411423 0.02330684907
v -0.2677289712 -0.917599238 -0.118611249
v 0.4175145728 0.7075684974 0.43170653
v 0.6326434151 0.623144492 0.2786067049
v 0.4104678271 0.6914172708 0.430711102
v 0.6255967273 0.6069932075 0.2776112479
v -0.5130587561 -0.8464249466 -0.03938195813
v -0.3154251217 -0.9239832722 -0.1800310435
v 0.6379079329 0.6958797021 0.2392720688
v 0.4171014276 0.7825318543 0.3964124945
v 0.6362389074 0.6445952684 0.2591619265
v 0.4102509476 0.7332807782 0.419989796
v -0.3137666926 -0.925977892 -0.1702260542
v -0.5059359824 -0.850563984 -0.03346575226
v -0.2455263401 -0.8982198622 -0.1041359892
v -0.4501175479 -0.8179311883 0.0414645396
v -0.5043444324 -0.8510015647 -0.02884585096
v -0.3103388614 -0.9271360883 -0.1669129308
v 0.4203244234 0.7290753828 0.4280212865
v 0.6390757991 0.6432297757 0.2723434585
v 0.6384912001 0.6691194165 0.2777520705
v 0.4373176034 0.7480669175 0.4209204005
v -0.5116704492 -0.8332393903 -0.01563405323
v -0.2891201064 -0.9205758522 -0.174015496
v -0.4498329207 -0.8320815415 0.03086560475
v -0.2613583708 -0.9060455328 -0.1032652502
v -0.4606288939 -0.8033403014 0.04047459435
v -0.2373287809 -0.8909709736 -0.1184404322
v 0.435133927 0.782462659 0.3968355992
v 0.6345507157 0.7042045633 0.2549175038
v -0.4409465932 -0.8132642979 0.0436609278
v -0.2433129588 -0.8908226235 -0.09698815752
v -0.24624131 -0.8981923578 -0.103182556
v -0.4491410835 -0.8185674377 0.04121424223
v -0.3022991196 -0.9268632445 -0.1719215997
v -0.5101527269 -0.8452943127 -0.02399932779
v 0.4269659278 0.7531402362 0.4198574854
v 0.642094799 0.6687161729 0.2667576602
v 0.623954743 0.6104723706 0.2605585136
v 0.3978307377 0.6992113258 0.4214832276
v 0.4037240353 0.6952680619 0.4277695488
v 0.6262743781 0.6079316001 0.2693880951
v 0.6212677648 0.6176103731 0.2924586207
v 0.429098446 0.6930242811 0.4292189154
v 0.6249413117 0.6069665716 0.2799025969
v 0.4125533273 0.690314952 0.4310518093
v -0.2432834567 -0.8996754535 -0.1153732272
v -0.4608965553 -0.8142765181 0.03949455431
v 0.638829128 0.6686623801 0.2497944455
v 0.4130676308 0.7572590072 0.4104611103
v -0.509211555 -0.8482808863 -0.03087241571
v -0.3097947663 -0.926538982 -0.1727905075
v -0.2809832307 -0.9263971751 -0.1422264632
v -0.488836809 -0.8448282432 0.005695804167
v -0.278108904 -0.9240188253 -0.1508846634
v -0.4957220025 -0.8386198899 0.003983115401
v 0.4037441569 0.7043019 0.4257204702
v 0.6287839384 0.6159884814 0.2655673851
v -0.2558131342 -0.9102020572 -0.1139111362
v -0.4620569518 -0.8292648003 0.0328655047
v -0.4906844684 -0.8501653148 -0.00379984284
v -0.2912676797 -0.9284234105 -0.145717931
v 0.6283112099 0.7023684268 0.2167976072
v 0.5114595049 0.8299378767 -0.01774290503
v 0.4028660424 0.7908409656 0.3772391991
v 0.2860143084 0.9184104155 0.142698685
v 0.4447639448 0.758620157 0.4107494723
v 0.6332384947 0.6846561656 0.2766185992
v 0.4139962087 0.7808428519 0.3958895922
v 0.6372963507 0.6932121218 0.236974582
v 0.4101926093 0.7431000263 0.4147049539
v 0.6363620693 0.6543432367 0.2537479149
v -0.5091669689 -0.8489189307 -0.03677069305
v -0.3151614268 -0.9250534543 -0.1748377765
v 0.4407582604 0.7382398523 0.4228116617
v 0.6347638025 0.6621053287 0.2847445891
v -0.2403557426 -0.8912942517 -0.1006894984
v -0.4449469504 -0.8110055778 0.0449110322
v 0.6361966375 0.6478724623 0.2571366465
v 0.4100726032 0.7366114175 0.4180613605
v 0.627474381 0.7196217985 0.2324093421
v 0.4245746075 0.7992467187 0.3768061349
v 0.6352072315 0.7036172428 0.2541144329
v 0.4340336637 0.7825647438 0.397282763
v -0.2929085639 -0.9114859631 -0.1880974066
v -0.5186700032 -0.822889336 -0.0274307201
v -0.5097505256 -0.8421435233 -0.01824740829
v -0.2959616113 -0.9260417023 -0.1703936284
v -0.4881414975 -0.8255827994 0.01553421855
v -0.2635951742 -0.9137025869 -0.1442676958
v 0.6314648946 0.6947461151 0.2247989731
v 0.4054769348 0.7834316249 0.3856268282
v -0.2477248399 -0.9038823544 -0.1131985403
v -0.4601127954 -0.8205339162 0.03795067206
v -0.5025034899 -0.8326110737 -0.002224868836
v -0.2792034058 -0.9202418039 -0.1611398854
v -0.2689117187 -0.9168946619 -0.1493009739
v -0.4928776991 -0.8290026109 0.01008790834
v 0.6278976015 0.7013127786 0.2164295114
v 0.5110458386 0.8288822285 -0.01811099546
v 0.4021361333 0.7899094057 0.3770962051
v 0.2852843703 0.9174789135 0.142555691
v -0.2464724049 -0.8990657821 -0.1293273726
v -0.4719175724 -0.8105932433 0.03111421024
v 0.6292928568 0.624631641 0.2873451455
v 0.4263930833 0.7042565611 0.4317419383
v 0.4065456403 0.7880453594 0.3834782416
v 0.6315853928 0.6997319409 0.223325142
v -0.3194987565 -0.9187826225 -0.1927526438
v -0.4363504905 -0.7912131726 -0.4272931724
v -0.5206723242 -0.8398351795 -0.04958431377
v -0.6375240872 -0.7122656716 -0.2841248134
v -0.2594193677 -0.9128843452 -0.1155713603
v -0.4640105756 -0.8325956713 0.03002916306
v -0.4831887929 -0.8499720312 0.00244000399
v -0.2873603164 -0.926821959 -0.1369243802
v -0.2315384945 -0.879710089 -0.1190162298
v -0.456983662 -0.7912376081 0.04142535124
v 0.6335491498 0.7092140139 0.2466845218
v 0.4306493763 0.788838934 0.3910813291
v -0.2905289402 -0.9115230216 -0.1849974569
v -0.5165169 -0.8228375119 -0.02416959818
v 0.4393113257 0.7293003399 0.4257080208
v 0.6333168389 0.6531658163 0.2876409482
v 0.6286308401 0.7181264272 0.2309577027
v 0.4223869936 0.799063684 0.3777343364
v -0.4955023147 -0.8287137857 0.006917683972
v -0.2709559623 -0.9168335153 -0.152884234
v -0.457552019 -0.8120559568 0.0415598641
v -0.2411473774 -0.8969806583 -0.1124478871
v -0.4536591316 -0.8345383512 0.02900169963
v -0.2633349824 -0.9092281695 -0.1064454621
v 0.4182646905 0.7209132898 0.4296279204
v 0.6370160952 0.6350676249 0.2739500924
v -0.5157076913 -0.8283416365 -0.02167921498
v -0.291161339 -0.9164613661 -0.1814811339
v -0.2874639356 -0.9278069643 -0.1427624952
v -0.4886375034 -0.8488594633 0.0004058438581
v -0.5236808435 -0.830013673 -0.03747832362
v -0.3038641206 -0.916277405 -0.1939143288
v -0.2530017492 -0.9074440307 -0.1114815413
v -0.4592455668 -0.8265068318 0.03529509411
v 0.640271633 0.6502996831 0.2666637688
v 0.4185531683 0.73730974 0.4244531828
v -0.2397037143 -0.8913199611 -0.1016871051
v -0.4459475319 -0.8103827043 0.04508953582
v -0.4471822773 -0.8197568442 0.04055924822
v -0.2477654886 -0.8980149399 -0.1013588472
v -0.517367568 -0.8195983609 -0.02693936105
v -0.2911981081 -0.9083551505 -0.1878964073
v -0.4586248936 -0.8400689959 0.02291604397
v -0.2701503437 -0.9140329873 -0.1112148209
v 0.3972756697 0.6996405683 0.4205195599
v 0.6234451297 0.6108838366 0.2595625065
v -0.2446235006 -0.9006064923 -0.121532145
v -0.4663419652 -0.8135964933 0.03625728523
v -0.2444248319 -0.8951225761 -0.1292577864
v -0.4704127627 -0.8064370663 0.03157007231
v -0.5138159669 -0.8457886393 -0.03871657217
v -0.3143991493 -0.9240466771 -0.1806346639
v 0.4438311399 0.7506311392 0.4160018592
v 0.6341552891 0.6759413209 0.280554683
v -0.439959098 -0.8137640675 0.04321815022
v -0.2441306505 -0.8906139374 -0.09614623305
v 0.6323684289 0.7125591292 0.2374016386
v 0.4245148216 0.794128119 0.3853239033
v -0.4842330919 -0.8162823134 0.01779107484
v -0.2580636609 -0.9050390451 -0.143165956
v 0.4001972461 0.7869748299 0.3764659777
v 0.2833455121 0.9145442798 0.1419254781
v 0.626366735 0.6982180402 0.2155089532
v 0.509514972 0.825787548 -0.01903155721
v 0.4401962439 0.7677799363 0.4078592799
v 0.6360247204 0.6909300664 0.2684948966
v -0.4763691467 -0.8482017894 0.00891975555
v -0.2823636336 -0.9243362551 -0.12914732
v 0.6362915422 0.6361698279 0.2797478194
v 0.4239035868 0.7195182661 0.4308970318
v -0.4974261758 -0.8329279245 0.004209644076
v -0.274875804 -0.9202643864 -0.1541718023
v 0.4118142404 0.7859232928 0.3900220909
v 0.6351143534 0.6982925627 0.2311070662
v -0.2977603998 -0.9228478902 -0.1791437657
v -0.5153735272 -0.8374489547 -0.02427598596
v 0.6336381483 0.6379070065 0.2861305218
v 0.4307384037 0.7175319266 0.4305273146
v 0.634317073 0.7064536134 0.23212098
v 0.4167039455 0.7918525488 0.3869887597
v -0.2335000222 -0.8828007741 -0.1200681866
v -0.4589451897 -0.7943282353 0.04037339803
v 0.6359806555 0.6364310909 0.2808686097
v 0.4250513024 0.7192070899 0.4309797767
v 0.4300563812 0.7362282666 0.4268619611
v 0.6394730786 0.6540458995 0.2778272878
v 0.6405949691 0.6892425695 0.2504331268
v 0.4229818416 0.7746415049 0.4053009065
v 0.4044410029 0.7926204141 0.3774224074
v 0.2875892689 0.920189864 0.1428818933
v 0.6289873552 0.7045006266 0.2176204813
v 0.5121355922 0.8320700765 -0.01692002555
v 0.6339906101 0.6871283199 0.2323898863
v 0.4078665469 0.7758672751 0.3933146004
v 0.6380217722 0.6712431044 0.2469727536
v 0.4120338414 0.7599286142 0.4078006231
v 0.6291384847 0.7173267726 0.2302340183
v 0.4212848774 0.7988957624 0.378156283
v -0.5056417141 -0.8407451991 -0.0101934547
v -0.2892371015 -0.9256699006 -0.1642011986
v 0.6316921099 0.6337639158 0.2876944515
v 0.4305185422 0.7127114168 0.4308627816
v -0.4864877587 -0.8177042045 0.01540705748
v -0.2603182698 -0.9064609363 -0.1455499804
v 0.4182549337 0.7251922812 0.4284974602
v 0.6380716276 0.6389285492 0.2720614659
v -0.261014971 -0.9129295682 -0.1138014804
v -0.4621885387 -0.8339820673 0.02936685325
v 0.4111347946 0.7223024652 0.4256036778
v 0.635681118 0.6341827356 0.2658017806
v 0.4279516859 0.7491358836 0.4218875135
v 0.6417405422 0.6652377046 0.2697413097
v -0.2908330811 -0.9247993715 -0.1683336928
v -0.5084461796 -0.8394004361 -0.01346590952
v 0.6350205489 0.6318936159 0.2803199401
v 0.4226325935 0.7152419963 0.4314691525
v -0.2664213536 -0.9158353657 -0.1463857815
v -0.490387305 -0.8279433727 0.0130031105
v -0.4462046837 -0.8203071061 0.04015613309
v -0.2485710204 -0.8978654317 -0.1004929577
v -0.3102153811 -0.9237445918 -0.1828869277
v -0.5164592276 -0.842807335 -0.03611028683
v 0.6342305064 0.702589678 0.229340704
v 0.4125120128 0.789599735 0.3871301324
v -0.2534470022 -0.9045561835 -0.1364691532
v -0.4792084704 -0.8159595564 0.02419753144
v 0.4259576161 0.741026078 0.4251207872
v 0.6410865163 0.6566020726 0.272020962
v -0.4954730152 -0.8513788673 -0.0119395378
v -0.2978393808 -0.9289371929 -0.152588634
v -0.4508725585 -0.7965329309 0.04636621092
v -0.2310558645 -0.8827966629 -0.1100697979
v 0.4088109036 0.7148598297 0.4264423886
v 0.633357198 0.6267400422 0.2666404625
v -0.2893800376 -0.9283468035 -0.1471710179
v -0.4922797821 -0.8487218833 -0.002774217859
v -0.2466350863 -0.897455587 -0.1310770729
v -0.4726230461 -0.8087700773 0.02975078948
v 0.6385169674 0.6786055428 0.2442418262
v 0.413071771 0.7670780237 0.4046834181
v 0.6341196781 0.708537058 0.245886228
v 0.4295284703 0.7888257898 0.3914867731
v -0.4642139056 -0.8162832399 0.03726767241
v -0.2454625298 -0.9021289048 -0.1184101773
v -0.5065909348 -0.8373942354 -0.00939451311
v -0.2867742408 -0.9236579674 -0.1658305165
v -0.4550885792 -0.808863129 0.04326073863
v -0.2386839666 -0.8937878305 -0.1107470143
v 0.4115050329 0.6908644611 0.4309101181
v 0.6252939472 0.6069662821 0.2787639143
v -0.4990099087 -0.8506760862 -0.01521674076
v -0.2995931199 -0.9289341819 -0.1571348379
v -0.2450801027 -0.9008870373 -0.111133958
v -0.4574680581 -0.8175386569 0.04001525985
v -0.2760863165 -0.9243732558 -0.134583668
v -0.4823301341 -0.8434359989 0.01219297534
v 0.40293932 0.700338775 0.4261992496
v 0.6274856144 0.6122189875 0.2663973524
v -0.5016496372 -0.8372861865 -0.002510782609
v -0.2818329143 -0.9235498606 -0.1589467851
v 0.4312070499 0.7074802517 0.4305851608
v 0.6288406843 0.6299219261 0.289936061
v 0.4332728628 0.7067092017 0.4296805262
v 0.6272784338 0.630574736 0.2916134536
v 0.6214961961 0.6031027521 0.2824821631
v 0.4136426178 0.6846717418 0.4304044423
v 0.4219213584 0.6806913036 0.4280769902
v 0.6159268715 0.6045568379 0.2900099175
v 0.6335237879 0.7100798527 0.2351023857
v 0.4211358035 0.793428291 0.3862516126
v 0.4128804561 0.7179128192 0.4281487043
v 0.6354307989 0.6305763574 0.2697672507
v 0.4317147814 0.7610154148 0.4155238615
v 0.6411315077 0.6788330477 0.2664891592
v 0.6320768243 0.6269449066 0.2633107786
v 0.406315356 0.7155415338 0.4239774433
v 0.6367770095 0.6345880638 0.2704171944
v 0.4150585448 0.7215981207 0.4282066373
v 0.4247855229 0.7411052328 0.4249184995
v 0.6411901645 0.6561805313 0.2709107393
v 0.4223644689 0.7565818196 0.4169628054
v 0.6421811918 0.6703180877 0.2605268111
v 0.4090589644 0.7837392689 0.3893843649
v 0.6340987748 0.6954258504 0.2292312799
v -0.2679170145 -0.9205401254 -0.1306844257
v -0.4788463966 -0.8377641263 0.01942676302
v -0.2538816877 -0.9005051023 -0.1001248763
v -0.4460509775 -0.8250911943 0.03663541659
v -0.2544861478 -0.9075299024 -0.1096188341
v -0.4573859213 -0.8279049823 0.03477796596
v 0.4149848619 0.7408664366 0.4207769144
v 0.6395312143 0.6527466491 0.2609749882
v 0.6337375116 0.6340586473 0.2614573287
v 0.4077495808 0.7227441571 0.4222851983
v -0.4544617103 -0.8040558214 0.04422840893
v -0.2357103345 -0.8899014284 -0.1114494336
v 0.4134407933 0.694847505 0.4314338021
v 0.6272296786 0.610949326 0.2792875983
v 0.4184819174 0.7449213394 0.4211262783
v 0.6410322602 0.6575848775 0.2627448246
v -0.2754419027 -0.9232590087 -0.1475561231
v -0.4930550012 -0.8378600733 0.007311657958
v -0.4655333066 -0.8440684846 0.01757186243
v -0.2752091575 -0.9187583028 -0.1178753034
v 0.6378630573 0.6504882765 0.2812282805
v 0.4316192687 0.7314255333 0.4280048996
v 0.402889812 0.7835520073 0.3821368949
v 0.629059272 0.6947952756 0.2211798704
v 0.435240065 0.7059571443 0.4285647157
v 0.6255642432 0.6312673839 0.2931175685
v 0.4180457843 0.7411359219 0.4226008042
v 0.6405961271 0.65379946 0.2642193795
v 0.6197010557 0.6034391166 0.2855534214
v 0.4168013111 0.6830640367 0.4299502142
v -0.4753835045 -0.8311980998 0.02557112069
v -0.2602546333 -0.9156221052 -0.1275287144
v -0.2677434762 -0.9183595757 -0.1442296963
v -0.4894619408 -0.8313495188 0.01355973066
v -0.2355695409 -0.8876107453 -0.1033895122
v -0.446498923 -0.8048347462 0.04672168009
v 0.4259192547 0.7717654701 0.4081162001
v 0.6410481259 0.6873414646 0.2550163749
v 0.4157696062 0.7334865112 0.4244952501
v 0.6390697192 0.645855781 0.2655802109
v 0.6415092736 0.6814559841 0.2621073593
v 0.4291213181 0.7648044223 0.4132565717
v -0.4503597315 -0.8021024871 0.04617745829
v -0.2339551189 -0.8870271886 -0.1078302875
v -0.3012633904 -0.9286534053 -0.1616861375
v -0.5024369582 -0.8497059043 -0.01851780197
v 0.6373391996 0.7009852734 0.2507685504
v 0.4294856213 0.7825542631 0.3986908151
v -0.2898222216 -0.9181773518 -0.1779761745
v -0.513788173 -0.8302853008 -0.01858728861
v 0.4063004747 0.7228607179 0.4203965139
v 0.6324699347 0.6341039282 0.2594394604
v -0.2942239985 -0.9199838994 -0.1805431611
v -0.5159424921 -0.8329739003 -0.02275373267
v 0.4188835108 0.6820628761 0.4293648335
v 0.6183002995 0.6038048384 0.2874467381
v 0.4397259475 0.7601125174 0.4135324264
v 0.6373595819 0.6825542497 0.2728833556
v 0.638891259 0.6654157016 0.2516720992
v 0.4131297908 0.7540123287 0.4123387929
v -0.3046284247 -0.9138529058 -0.1974799426
v -0.4214801587 -0.7862834558 -0.4320204567
v -0.5254349879 -0.8272007536 -0.0403395097
v -0.6422866929 -0.6996313037 -0.274880031
v 0.6399052164 0.6764894404 0.2716879271
v 0.4353140085 0.7567781143 0.4172884576
v 0.6387716293 0.6775031661 0.2735230792
v 0.4375980616 0.756450667 0.4166914093
v 0.437973656 0.7876708941 0.3873462881
v 0.6282977762 0.7129811337 0.2518991409
v -0.262734952 -0.9098181535 -0.1468827428
v -0.4887229118 -0.8211326438 0.01394511258
v -0.5176604466 -0.8273935161 -0.02494593911
v -0.2931140942 -0.9155133036 -0.1847478471
v 0.4229296701 0.7451714269 0.4228062187
v 0.6416810748 0.6593258198 0.2671283907
v 0.6380861036 0.639385354 0.2744006147
v 0.4204729762 0.7247842895 0.4292683943
v 0.6346147575 0.6879663648 0.2329635559
v 0.4086267977 0.7766518746 0.393791411
v 0.430642949 0.7722747938 0.4078089903
v 0.6400596464 0.6900924268 0.2587743169
v 0.6412537431 0.6796571957 0.2518551048
v 0.4195352495 0.7666672526 0.4096445478
v 0.4054932637 0.6893281516 0.429099083
v 0.6242446105 0.6034825446 0.273421255
v 0.418616081 0.7071631693 0.431914666
v 0.6324049664 0.6232649903 0.2797684333
v -0.5193798486 -0.836210214 -0.03199841731
v -0.3029752359 -0.9211349155 -0.1860061594
v 0.6363747503 0.7023547035 0.2524641973
v 0.4317835713 0.7826433774 0.3980647278
v -0.4576348217 -0.8065193479 0.04237100715
v -0.2378181278 -0.8927830799 -0.1140650016
v -0.2681493833 -0.9195878358 -0.1241418793
v -0.4727405912 -0.8392991619 0.02145865404
v 0.6331272032 0.6340723706 0.2604334409
v 0.407003169 0.7228112678 0.4213581549
v 0.420260121 0.7805621911 0.3995395433
v 0.6390115257 0.6947165261 0.2438617008
v 0.4149760605 0.7296602713 0.425490099
v 0.6382761446 0.6420295412 0.2665750888
v 0.6327954711 0.7113871518 0.2424539093
v 0.4282042632 0.7916758257 0.3880544543
v -0.2419532277 -0.8941231527 -0.1257027256
v -0.4673983952 -0.8056506139 0.03473886627
v 0.6324868426 0.6535416134 0.2884096241
v 0.4403175529 0.7289555215 0.4251699188
v 0.4267464136 0.7646055799 0.4132266932
v 0.6418752849 0.6801815166 0.260126868
v -0.501807831 -0.8517161003 -0.0248875429
v -0.3078022889 -0.927850566 -0.1629546264
v 0.6374670517 0.6483050053 0.2591062807
v 0.4117056124 0.7369016324 0.4197729455
v -0.4820908747 -0.8258760254 0.02186945593
v -0.259540503 -0.9132124873 -0.1365119877
v 0.4080189792 0.7296706361 0.4190560358
v 0.6341884102 0.6409138465 0.2580990113
v -0.2973201844 -0.9280322109 -0.1642808167
v -0.5051737917 -0.8464632212 -0.01635854473
v 0.639410716 0.669216232 0.2506752959
v 0.4139655485 0.7576887129 0.4111168733
v 0.4253516795 0.7368888936 0.426550727
v 0.6404805507 0.6524648881 0.2734509018
v 0.6392298818 0.6724345375 0.2486464838
v 0.4137847142 0.7609070763 0.4090880612
v 0.6368562222 0.6480803377 0.2581075811
v 0.4108682624 0.7367658475 0.4189354507
v 0.4174413242 0.7727087845 0.4043412053
v 0.6399916671 0.6853723226 0.2459597661
v 0.6392866277 0.6810515824 0.270276256
v 0.4363868831 0.7606765025 0.4146730488
v 0.6298933215 0.6197253174 0.2645927446
v 0.404448183 0.7081977983 0.4250343365
v -0.4908452679 -0.8358134556 0.01061607014
v -0.2720938921 -0.9216591206 -0.1450617771
v -0.2702576977 -0.9212935146 -0.1280917731
v -0.4765015153 -0.8403562577 0.01868486096
v -0.5000873867 -0.832277315 0.0009861290094
v -0.2767872737 -0.9199080451 -0.1579288903
v 0.6284339665 0.6203689785 0.2613951977
v 0.4023099322 0.7091078758 0.4223199407
v -0.5234635297 -0.8256922959 -0.03549214692
v -0.3001634167 -0.9133229681 -0.1944071644
v 0.641528903 0.6657373584 0.2708026904
v 0.4291409476 0.7490857966 0.4219519028
v -0.4811179134 -0.848328136 0.006549367348
v -0.2834842212 -0.9258864037 -0.1340997207
v -0.2448580408 -0.9011506164 -0.1204977765
v -0.465664575 -0.8144984642 0.03664266002
v -0.2399186251 -0.8907844647 -0.1250538531
v -0.4656800933 -0.8021877797 0.03561283338
v 0.4436151869 0.7463394089 0.4180649795
v 0.6339393071 0.6716495906 0.2826178322
v -0.2376235992 -0.8923787362 -0.1151693761
v -0.4584301335 -0.805726584 0.04197105322
v -0.2971181284 -0.9063208664 -0.1971249186
v -0.4139698624 -0.7787514165 -0.4316654182
v -0.5231060882 -0.8176353567 -0.03629705263
v -0.6399577932 -0.6900659068 -0.2708375486
v -0.5041324458 -0.8513973966 -0.03478226533
v -0.3156578959 -0.92536133 -0.1689131239
v 0.4106268605 0.7495902565 0.4117362147
v 0.6367962915 0.6608334668 0.2507791757
v 0.4448429548 0.7544930479 0.4131362761
v 0.6333174758 0.6805291144 0.279005403
v 0.6309262714 0.6239380087 0.2842436903
v 0.423072693 0.7055069985 0.4321659405
v 0.4445375111 0.7626491767 0.4082095413
v 0.6330120321 0.6886852433 0.2740786683
v 0.6255325697 0.6137188175 0.2609853531
v 0.3994085065 0.7024577148 0.4219100671
v 0.6282434043 0.71771085 0.2251763191
v 0.5113916414 0.8452802999 -0.009364184069
v 0.4173140512 0.8004868491 0.3752875151
v 0.3004622883 0.928056299 0.140747001
v 0.6302359975 0.6293153236 0.2881014878
v 0.4290624297 0.7082628245 0.4312698179
v -0.2487863654 -0.9013357355 -0.131327088
v -0.474231504 -0.8128632546 0.02911449304
v -0.505235807 -0.8418173499 -0.01052016729
v -0.2901069357 -0.9262414132 -0.1636200015
v 0.4111508051 0.7788686143 0.3950095669
v 0.6361906155 0.6905551957 0.2348564674
v -0.433592493 -0.8117190712 0.042457371
v -0.2451179719 -0.8856830046 -0.09167348758
v 0.6414719834 0.658439483 0.2649258375
v 0.4206654781 0.7450915772 0.4220662632
v 0.4149507854 0.7681494797 0.4056842891
v 0.6394971088 0.6800297501 0.2458823774
v 0.640667407 0.6887431473 0.2569060147
v 0.4282794226 0.7720915855 0.4080552271
v -0.2956900994 -0.9285393922 -0.1598326442
v -0.501933888 -0.8476021354 -0.01305600153
v -0.4349895433 -0.8061835046 0.04602097267
v -0.2391610957 -0.8830333745 -0.0933434106
v 0.4234931631 0.7102200963 0.4319813715
v 0.6329098894 0.6280377292 0.2829466981
v 0.4207552293 0.7372480143 0.425362855
v 0.6405719233 0.6509842823 0.2689268606
v -0.2811250955 -0.9227867435 -0.1595277361
v -0.5019316298 -0.8361345913 -0.002387299569
v 0.638133527 0.6648224749 0.279618954
v 0.4369599592 0.7437699758 0.4227872841
v -0.2739004108 -0.9127925673 -0.1610905077
v -0.500024445 -0.8240536121 -0.0001657936895
v -0.4545464818 -0.8297544367 0.03364416903
v -0.2569128185 -0.9073127623 -0.1070049235
v -0.4584609673 -0.836296491 0.02751862564
v -0.2644554253 -0.9124310146 -0.110548447
v 0.6320020702 0.7124994881 0.2316298816
v 0.4196140858 0.7958479263 0.3827790795
v -0.289232556 -0.926429775 -0.1355026338
v -0.4814018748 -0.851015867 0.001257667204
v 0.6383818195 0.655292052 0.2565387295
v 0.4126203512 0.7438886791 0.4172054233
v 0.4350626471 0.7160974124 0.4291451456
v 0.6308911236 0.6392475425 0.2897807624
v -0.509997023 -0.8483747487 -0.03611053654
v -0.3141685755 -0.9252246186 -0.1754749234
v 0.6410248485 0.654558408 0.2664376247
v 0.4202183143 0.7412105602 0.4235780504
v -0.4819803938 -0.8476855172 0.007063284086
v -0.2825636051 -0.9259436129 -0.1348548036
v -0.4583622989 -0.8319843206 0.03159221155
v -0.2589455102 -0.9102423584 -0.1103258784
v -0.2603451083 -0.9146686576 -0.1348052378
v -0.4811516136 -0.8280165054 0.02233519335
v 0.4144470783 0.7371943952 0.4220460837
v 0.6389934017 0.6490746656 0.2622441575
v 0.6370494479 0.638046671 0.2662708321
v 0.4130834676 0.725938722 0.4256597289
v -0.458333897 -0.7950108658 0.04113585104
v -0.2332941155 -0.8833242843 -0.1190172431
v -0.2348575531 -0.8839275863 -0.098953876
v -0.4411013707 -0.8029903874 0.04782276849
v -0.4556635951 -0.7925206454 0.04293917227
v -0.2311172717 -0.8806404329 -0.1168627358
v 0.6308146324 0.6234167567 0.2634827245
v 0.4050531642 0.7120133838 0.4241493893
v 0.4269562578 0.7608715233 0.4155806075
v 0.6420851291 0.6764475178 0.2624807823
v 0.6380379275 0.6583365296 0.2541124642
v 0.4120499677 0.7470220394 0.4149403338
v -0.2881766762 -0.9113405082 -0.1819516185
v -0.5143007394 -0.822601553 -0.0210268936
v -0.4685385832 -0.845963799 0.01439411597
v -0.2782144341 -0.9206535594 -0.1210530471
v -0.3048961729 -0.924241003 -0.180605075
v -0.515825526 -0.8414650039 -0.03049387903
v 0.6356679738 0.703958587 0.2353950327
v 0.4180548463 0.7893575224 0.3902628268
v 0.6389317339 0.6755667977 0.2465002712
v 0.4134865375 0.7640393365 0.4069418486
v -0.259123594 -0.9146368683 -0.1293808904
v -0.4767367215 -0.8292379329 0.02548689657
v -0.2441972112 -0.898770182 -0.124567691
v -0.4681631625 -0.8108781311 0.03482120217
v 0.6320238421 0.6917077753 0.2271010633
v 0.4058998078 0.7804466726 0.3880257918
v 0.6285387727 0.71797026 0.2368294745
v 0.427365176 0.796917761 0.3799978046
v 0.6328931552 0.6331668675 0.2857242961
v 0.4283019473 0.7134555993 0.4313248267
v -0.4530553664 -0.7999723139 0.04519558341
v -0.2332386724 -0.886235988 -0.1112404145
v 0.4392498896 0.7785192214 0.3984808551
v 0.6332554027 0.7023847557 0.2604137825
v 0.4087592821 0.7063931037 0.4287101127
v 0.631309596 0.6190566418 0.2703286881
v -0.5003395587 -0.8287242663 0.0007020129757
v -0.2752997773 -0.9170376848 -0.1594510712
v -0.5205617855 -0.8170765829 -0.03281832378
v -0.2943923255 -0.9058333146 -0.1937753591
v 0.4382768125 0.7296364728 0.4261956885
v 0.63410526 0.652786545 0.2868313052
v -0.5067764013 -0.84920654 -0.02694022599
v -0.3073596126 -0.9274645778 -0.1688583178
v 0.6287427107 0.6150690814 0.2807761659
v 0.4163547263 0.6984175196 0.4319253783
v -0.2404679606 -0.8946138314 -0.1064108138
v -0.4513973137 -0.8118378323 0.04370037853
v 0.4204893051 0.720390127 0.4303045868
v 0.6368939177 0.6354654255 0.2762968555
v 0.4190015192 0.711724906 0.4315039528
v 0.6341303904 0.6273009006 0.2784041276
v -0.2833394901 -0.9249373568 -0.1577279344
v -0.5009525886 -0.8395384213 -0.002860148332
v -0.5084391732 -0.8489255318 -0.03151186791
v -0.3108055389 -0.9264837995 -0.1721609605
v -0.2557944602 -0.9063586778 -0.1387736899
v -0.4815558995 -0.8177620507 0.02189298486
v -0.3056983752 -0.926189647 -0.1751915267
v -0.5119421928 -0.8452524481 -0.02841488218
v -0.5057663815 -0.8455512907 -0.01587054773
v -0.2963496551 -0.9277336578 -0.1649052392
v 0.6355890506 0.6444425176 0.2581743155
v 0.4094650163 0.7331814149 0.4190990295
v 0.4236770952 0.7816074745 0.3995384141
v 0.6388059664 0.6971834691 0.2464385745
v -0.2816078703 -0.9164286503 -0.1691236774
v -0.5070530668 -0.8279561694 -0.008682085553
v 0.4104648161 0.7463704455 0.4132840182
v 0.6366342761 0.6576137137 0.2523269792
v 0.4144046347 0.7711747911 0.4032485854
v 0.6389509581 0.6830550615 0.2434466737
v -0.5216071847 -0.8378599575 -0.04237058011
v -0.3121904583 -0.9200423245 -0.1914052607
v -0.5047866455 -0.8428626912 -0.01087581198
v -0.2909977312 -0.9267608702 -0.1630220267
v -0.4720199178 -0.8239409888 0.03052173086
v -0.253268542 -0.9097865958 -0.1251561116
v 0.6382052122 0.6616614943 0.2525140816
v 0.4122172813 0.7503470041 0.4133419511
v 0.4317247408 0.7530247177 0.4199441966
v 0.6411414672 0.6708423507 0.2709095233
v -0.2792838345 -0.9257671214 -0.1437742233
v -0.4902131876 -0.8429911223 0.006336960469
v 0.6407515994 0.6794068187 0.2674625548
v 0.4328980211 0.7609758084 0.415384834
v 0.4224349092 0.7710159025 0.4078595405
v 0.6411862849 0.6851702955 0.252181698
v 0.4308682535 0.8001240804 0.3683372664
v 0.3140165195 0.9276935303 0.1337967668
v 0.6193428035 0.7261601469 0.2342064223
v 0.5024910405 0.8537295968 -0.0003340881089
v -0.447004483 -0.8246339262 0.03718564412
v -0.2529989409 -0.9007684498 -0.1008814357
v -0.2595325122 -0.9066853723 -0.1046571905
v -0.4517018309 -0.8312714642 0.03210310235
v 0.424089864 0.6848563978 0.4288273394
v 0.6180953771 0.6087218741 0.2907602668
v -0.5115906575 -0.8297007018 -0.01514469911
v -0.2870443052 -0.9178204314 -0.1749466071
v 0.4412256906 0.7809943867 0.3934397599
v 0.6297002116 0.7070304533 0.2593089158
v 0.6357588831 0.6311399372 0.2756773115
v 0.4181457846 0.7165388726 0.4305450912
v 0.4120322201 0.7762360658 0.3976997298
v 0.6370720305 0.6879226473 0.2375466448
v -0.5023590773 -0.8337941687 -0.002244160828
v -0.2798087055 -0.9211306885 -0.1606255964
v 0.6338988322 0.6326173583 0.2836345111
v 0.4260452538 0.714186348 0.4315567902
v -0.4623455165 -0.8382478565 0.02526289034
v -0.266517069 -0.9150977264 -0.1141014956
v 0.6381028379 0.6894041796 0.2660207157
v 0.4369292701 0.7683516806 0.4091890458
v -0.4979167386 -0.8402713705 0.0004000398847
v -0.2815120971 -0.925196014 -0.1536077013
v 0.6381592943 0.645064291 0.2791692714
v 0.4272299122 0.72784029 0.4292804384
v 0.6235932482 0.6071305558 0.2832077874
v 0.4157396409 0.6886995456 0.4311300665
v -0.2748778306 -0.9231879605 -0.1296379408
v -0.4777776042 -0.8435630404 0.01475886154
v 0.4115207249 0.7889403819 0.387071244
v 0.6340710388 0.7016038621 0.2286897904
v 0.6386509573 0.6718319883 0.2477963369
v 0.4128895181 0.7604286154 0.4084630162
v -0.2921827659 -0.9287340077 -0.150895752
v -0.4950825105 -0.8491090875 -0.006498955564
v -0.2565567666 -0.9102837019 -0.112983036
v -0.4611479456 -0.829995028 0.03261748911
v 0.432722485 0.797938551 0.3721479301
v 0.6211970061 0.7239746175 0.2380170715
v 0.4142028392 0.699378321 0.4315694133
v 0.6293317104 0.6149542577 0.2784695592
v -0.286610662 -0.9277980471 -0.1493614113
v -0.4944642693 -0.8462290573 -0.001439141121
v 0.6414653823 0.6703171033 0.2698896598
v 0.4305360292 0.7530931023 0.4200008268
v 0.4371553274 0.7789456266 0.3995351715
v 0.6347889907 0.701387301 0.2588861007
v -0.3019594546 -0.9148793703 -0.1942275027
v -0.5236779483 -0.8278693134 -0.03643807425
v 0.4233972161 0.7781775298 0.4025248719
v 0.6398018577 0.6932528283 0.2485171407
v -0.3091387426 -0.9214414015 -0.1881102902
v -0.5200680958 -0.8386654024 -0.03799910877
v -0.4603914585 -0.7980494372 0.03992023211
v -0.235351677 -0.8863629136 -0.1202328511
v -0.480239162 -0.8489228103 0.006006054367
v -0.2844107434 -0.9257727381 -0.1333583321
v -0.4886352451 -0.8335783025 0.01373180457
v -0.2688185222 -0.9198420345 -0.1427042004
v 0.6211332537 0.7253362306 0.2328662482
v 0.5042814908 0.8529056805 -0.001674257686
v 0.428963935 0.8007501387 0.3696265574
v 0.312112201 0.9283195886 0.1350860433
v -0.5026521295 -0.8302332451 -0.002291055847
v -0.2781058061 -0.9183530326 -0.1620929711
v -0.4790272887 -0.8464293473 0.01052019533
v -0.2796104711 -0.924687443 -0.1313978901
v 0.4352046567 0.7258032844 0.4281787565
v 0.6346214744 0.6475452467 0.2862606611
v -0.5074195413 -0.849855065 -0.03809382889
v -0.3170953632 -0.9245448833 -0.173540987
v 0.6347492686 0.7061853441 0.2500409574
v 0.4318494951 0.7858102642 0.3944377647
v -0.4616088616 -0.8423603159 0.01998658995
v -0.2731343406 -0.9163242494 -0.1141442722
v -0.4442647832 -0.8213119725 0.03920352689
v -0.2502592411 -0.8974464961 -0.09886355297
v -0.4526892392 -0.8055426808 0.04480117379
v -0.2362845977 -0.8904673244 -0.109206572
v 0.4070620574 0.7950491403 0.3774375493
v 0.2902103234 0.9226185902 0.1428970497
v 0.6296123712 0.7077126205 0.2190561246
v 0.5127606662 0.8352821283 -0.01548438762
v 0.6408030761 0.6829586514 0.2494013496
v 0.4190846114 0.7699687083 0.407190778
v 0.6325547062 0.6268576453 0.2643993452
v 0.4071095386 0.7153301262 0.4248409371
v 0.4283940726 0.7275842384 0.4292927719
v 0.63781077 0.6454018714 0.2802580697
v -0.4932060149 -0.826691893 0.009605082667
v -0.2681662045 -0.9150053116 -0.1505480094
v -0.5082751311 -0.8450765936 -0.01965750692
v -0.2988584048 -0.9272589606 -0.1686921911
v -0.2678571418 -0.9140139368 -0.1511333322
v -0.4933023093 -0.825541398 0.009308253082
v -0.4954539648 -0.8218272604 0.005081716639
v -0.2692845048 -0.91058405 -0.1558753241
v 0.631503864 0.6189383439 0.2727011895
v 0.4106973008 0.7055904961 0.4298416152
v -0.4946332332 -0.8519818798 -0.01253293098
v -0.2988047567 -0.9288317496 -0.1518973179
v -0.2939750981 -0.9287747721 -0.155365045
v -0.4985663059 -0.8484860982 -0.009764519807
v -0.2919073744 -0.9272271134 -0.1624087652
v -0.5042953298 -0.8438787331 -0.01125955279
v -0.2719390278 -0.9134138775 -0.1578331025
v -0.4979269876 -0.8247283677 0.00299476523
v -0.5230540324 -0.834122195 -0.03980089011
v -0.3079251902 -0.9185462583 -0.1929007189
v 0.6375882448 0.6556665752 0.2818878362
v 0.4346884713 0.7352914374 0.4262846291
v -0.5236029047 -0.8310671209 -0.03803072075
v -0.3048515289 -0.9169127859 -0.1937085668
v 0.6380880144 0.6955795856 0.2586075244
v 0.4334968066 0.7758682595 0.404208055
v 0.4079420537 0.7151027371 0.4256632321
v 0.6329818062 0.6267893185 0.265510147
v 0.6229852559 0.7231533069 0.2366723085
v 0.4308159372 0.798567215 0.3734325887
v 0.6366950174 0.6512753079 0.2559605289
v 0.4105709831 0.7400142052 0.416885243
v 0.6218340661 0.6075359419 0.286291466
v 0.4189342926 0.687160862 0.4306882878
v 0.6392427943 0.6882770199 0.2642570461
v 0.4346515865 0.7685656938 0.4098575767
v -0.4840595535 -0.8493745196 0.002992935824
v -0.2864258613 -0.9269328452 -0.1376561567
v 0.4156849795 0.7617946871 0.4102202006
v 0.6402313318 0.6736748996 0.2504182745
v 0.6348292919 0.6973341353 0.2304581937
v 0.4108633116 0.7852261863 0.389847076
v -0.2665541855 -0.919266816 -0.1258833717
v -0.4744078217 -0.8376978262 0.0220389039
v -0.4838421818 -0.8417011945 0.01281327262
v -0.2744254555 -0.9238835615 -0.1362214109
v 0.6304839425 0.6192128089 0.2809379497
v 0.4180960161 0.7025611893 0.4320871621
v 0.6283376142 0.6975691678 0.2186891434
v 0.402213551 0.786308123 0.379613872
v -0.2636621402 -0.9172452128 -0.1229343488
v -0.4715157475 -0.835676281 0.02498791772
v 0.4158892359 0.7883650475 0.3903378415
v 0.6357059588 0.7021013734 0.2339018472
v 0.4120664703 0.7795558192 0.3953415596
v 0.6366127937 0.6914360896 0.235539648
v -0.4619213406 -0.8017620114 0.03924204573
v -0.2373750172 -0.8898817989 -0.1205598641
v -0.2379825752 -0.8911742746 -0.1048151454
v -0.4489119283 -0.8083982755 0.04529604689
v -0.2398060886 -0.8949599237 -0.1178766352
v -0.4615245823 -0.8079499247 0.03991279144
v 0.422592495 0.7287244844 0.428664079
v 0.6389971076 0.6437997829 0.2746563188
v 0.6398280882 0.6805174178 0.2693583904
v 0.4352369093 0.7608060917 0.4149589209
v -0.434527585 -0.8113410158 0.04309271564
v -0.2442034358 -0.8860308341 -0.09235444611
v -0.5232891228 -0.8331238718 -0.03919340455
v -0.3068844812 -0.9180485732 -0.1932011539
v -0.2696656291 -0.9127661631 -0.154995791
v -0.49565356 -0.8240806533 0.005832076758
v -0.2534877666 -0.9027052235 -0.1379700979
v -0.4796118298 -0.8139663262 0.02295462343
v -0.466985221 -0.8126909323 0.03582453229
v -0.2444348782 -0.9000274521 -0.1225569159
v -0.5172866761 -0.8374648204 -0.02836528739
v -0.3008820345 -0.9223895219 -0.1823730295
v 0.4210344714 0.6861942702 0.4301091028
v 0.6204512602 0.6079361745 0.2881910364
v 0.6373419211 0.6843731887 0.2394102712
v 0.4118967536 0.7728456696 0.3998518486
v 0.6365844786 0.6870881925 0.2368487855
v 0.4111392822 0.7755606733 0.3972903773
v 0.4180102892 0.7695572423 0.4068785306
v 0.640560632 0.6822207804 0.2484970914
v 0.6322182259 0.7120786417 0.243234716
v 0.4293184524 0.7917035618 0.3876315233
v 0.4179746203 0.7556854654 0.4153524367
v 0.6412747044 0.6680547932 0.2564373975
v -0.243019675 -0.8979210775 -0.1081726595
v -0.453949057 -0.8151450784 0.04193852925
v 0.6420408904 0.6697449536 0.259491024
v 0.4212343851 0.7563971058 0.4166314786
v -0.2738329236 -0.9184718516 -0.155346313
v -0.497798904 -0.8305798586 0.004042571974
v -0.5094362226 -0.8301082882 -0.01189264098
v -0.2848898992 -0.9182280757 -0.1716945581
v -0.2816509798 -0.9259439603 -0.1356217279
v -0.4828245766 -0.8469964593 0.00754661212
v 0.4379563716 0.7754294628 0.4025997129
v 0.635590035 0.6978711372 0.2619506131
v 0.4390700397 0.7341145382 0.4248409081
v 0.6348984872 0.6572646683 0.2854765248
v -0.3002732027 -0.9285849627 -0.1623462578
v -0.5031729762 -0.8489600426 -0.01794945953
v -0.2754538019 -0.9211023155 -0.1535514186
v -0.4971722666 -0.8340923165 0.004238005737
v -0.441941587 -0.8127373134 0.04405247841
v -0.2425247693 -0.8909954091 -0.09786561335
v 0.4218433617 0.7963992884 0.3821412667
v 0.631260088 0.7142169214 0.2331065644
v 0.6366634597 0.6765581724 0.2419743626
v 0.4105393965 0.7652971276 0.4028990767
v 0.640316856 0.6799687193 0.2684197372
v 0.4340730095 0.7609059762 0.4151963853
v 0.6286549861 0.6248959728 0.2883168618
v 0.4274813894 0.7038434738 0.4314851919
v -0.4441752635 -0.8258938019 0.03540338187
v -0.2557007136 -0.8998577933 -0.09872747852
v -0.5116930318 -0.8320635333 -0.01543946857
v -0.2883929188 -0.9196942634 -0.1743544951
v 0.6416983302 0.659778224 0.2682310859
v 0.4240852027 0.7451771594 0.4230988656
v -0.2729064014 -0.9203765465 -0.1503721549
v -0.494624895 -0.8333665475 0.007417271274
v -0.4624623089 -0.8125721132 0.03892533426
v -0.242645615 -0.8988358452 -0.1175106673
v 0.4083196458 0.6974208177 0.4298509088
v 0.6281363398 0.6111571436 0.2734149145
v 0.4144398982 0.7443169951 0.4186840893
v 0.6394796797 0.6560035766 0.2585309753
v 0.4319093099 0.6970307183 0.4288067835
v 0.6222334301 0.6223409579 0.2933596073
v 0.6193097982 0.6132844215 0.2920928989
v 0.4271405084 0.6886983296 0.4288531936
v 0.4229016735 0.7675962068 0.4104011507
v 0.6416530492 0.6817505418 0.2547233226
v -0.2581248075 -0.9103039104 -0.111188243
v -0.4592984043 -0.8313564094 0.03198008707
v 0.4352158322 0.7209678933 0.4287805819
v 0.6328494955 0.6434096256 0.2881315111
v 0.421299585 0.7706989359 0.4076818909
v 0.641116279 0.6844352618 0.2512458822
v 0.4344583318 0.7955603749 0.3758984894
v 0.6229329107 0.7215963836 0.2417676308
v -0.3058591168 -0.9175036964 -0.1934706682
v -0.5234722153 -0.832104761 -0.03860288124
v 0.4185335389 0.6974593238 0.4320490323
v 0.6279502363 0.6152769568 0.28301433
v 0.6368829739 0.7016824378 0.2516210134
v 0.4306391852 0.7826196947 0.398397676
v 0.4405677272 0.7638773789 0.4105332297
v 0.6363961747 0.687027509 0.2711688465
v 0.4201166348 0.711357505 0.4317102359
v 0.6339054912 0.627459326 0.2795640321
v -0.2602051253 -0.9129315949 -0.1146762075
v -0.4631048988 -0.8333066747 0.02972059796
v -0.2410443661 -0.8912314838 -0.09971850585
v -0.4439441396 -0.8116065637 0.04467829784
v 0.4267656957 0.7491615351 0.421770142
v 0.6418945669 0.6647374718 0.2686702879
v -0.5227675812 -0.8350973566 -0.0404238831
v -0.3089786959 -0.9189955356 -0.1925701014
v -0.5089806916 -0.8371511543 -0.01288653093
v -0.2891639977 -0.9234148863 -0.1693225343
v 0.6406514255 0.6743097014 0.2513356189
v 0.4166854741 0.7622016944 0.4107245157
v 0.4405884279 0.7472932039 0.4197073981
v 0.6364169044 0.6704433341 0.2803430149
v -0.5152239611 -0.8448591061 -0.04328787752
v -0.3175902978 -0.9224173738 -0.1839369592
v 0.6332945458 0.6278281746 0.2818380388
v 0.4223651638 0.7106041737 0.4319492347
v -0.496288188 -0.8507261731 -0.01136464135
v -0.2968713704 -0.9289842688 -0.1532827295
v 0.6402033063 0.663015522 0.2757307279
v 0.4323496989 0.7445845117 0.4236530071
v 0.4192126372 0.7292264544 0.4276186219
v 0.6390293601 0.6429627224 0.2711826276
v -0.4712911957 -0.8445009697 0.01614100203
v -0.2754627481 -0.9213508396 -0.1232233767
v -0.4689088795 -0.8023603337 0.03164699599
v -0.2427394195 -0.8911170654 -0.1293100448
v 0.6313927462 0.7079129105 0.223481729
v 0.4105862119 0.7945650048 0.3806221547
v -0.4626471675 -0.8180280617 0.03769358906
v -0.2462425549 -0.9029527632 -0.1163141531
v -0.4668485386 -0.7998621226 0.03316450478
v -0.2406790786 -0.8886189122 -0.1277925396
v 0.6407616747 0.6713614023 0.2719132026
v 0.4329080964 0.7529303341 0.4198354818
v 0.6241846219 0.604946474 0.2664462524
v 0.4002186416 0.6928384671 0.4258351491
v 0.6346995869 0.6321206576 0.2814453048
v 0.4237702048 0.7148966567 0.4315565007
v -0.5087368578 -0.8382852046 -0.01316137418
v -0.289985482 -0.9241308117 -0.1688392239
v -0.302842491 -0.9280988584 -0.1662245678
v -0.5057422355 -0.8484739383 -0.02182776774
v -0.492028305 -0.8399927363 0.007032252054
v -0.2768994337 -0.9244167996 -0.1460675844
v -0.524345987 -0.8207997535 -0.0374004789
v -0.641197692 -0.6932303036 -0.2719409966
v -0.2993061766 -0.90911323 -0.1975535676
v -0.4161579395 -0.7815437222 -0.4320940816
v 0.407394108 0.7888664384 0.3836420521
v 0.6319404603 0.7007466509 0.2238401259
v 0.439005882 0.7146385784 0.4269112664
v 0.627480403 0.640674645 0.2927804223
v -0.4949109409 -0.8322113623 0.007348765388
v -0.2723605981 -0.9195478242 -0.1510326805
v -0.2703342179 -0.9194615472 -0.1472624049
v -0.4920526826 -0.8324515482 0.01052702134
v 0.6284187956 0.6162162758 0.2644557437
v 0.4029736281 0.7046888146 0.4248973356
v 0.4314979018 0.7648747757 0.4130909662
v 0.6409145993 0.6826923508 0.2640562639
v -0.2698289474 -0.919697564 -0.1224544258
v -0.4710025441 -0.840750063 0.02071390065
v -0.5217355 -0.8326715255 -0.03452204466
v -0.3029841242 -0.9185171326 -0.1901998871
v -0.4666419081 -0.8302665399 0.03067685935
v -0.2572252107 -0.9124489069 -0.1183578176
v 0.4224721414 0.7412003112 0.4243530957
v 0.6412235172 0.6553547041 0.2686752677
v 0.4390186788 0.775226046 0.4020985825
v 0.6348471264 0.6983761761 0.2627341993
v 0.4380075588 0.734428957 0.4252806023
v 0.6356412221 0.6568706314 0.2846315025
v -0.4554965999 -0.8291730225 0.03406875388
v -0.2560797823 -0.9074311182 -0.1078493379
v 0.414964914 0.7547502575 0.4136685877
v 0.6400046955 0.666436839 0.2535154882
v -0.3154250348 -0.9206215384 -0.1900014211
v -0.5200162138 -0.8403328645 -0.04440089053
v -0.2878790785 -0.9152420811 -0.1785899861
v -0.513324246 -0.8267695423 -0.01814840508
v -0.2390898738 -0.8913084382 -0.1027088722
v -0.4469434811 -0.8097395064 0.04521339614
v 0.6369369404 0.6967769249 0.2603168511
v 0.4357633147 0.7757244259 0.4034851812
v 0.6400971103 0.6838788621 0.265954792
v 0.4338532637 0.764816061 0.4127314401
v -0.4907856847 -0.8256623595 0.01243825129
v -0.2657459322 -0.9139757781 -0.147714838
v 0.6351108213 0.7070944372 0.24426852
v 0.427257185 0.788663369 0.3921907991
v -0.2654725962 -0.9129996321 -0.148342011
v -0.4909177638 -0.8245271512 0.01209957785
v -0.4723374055 -0.834837715 0.02519447765
v -0.2629207081 -0.917020082 -0.1238402138
v 0.6291771646 0.7172888455 0.2360885202
v 0.4262773911 0.7969137656 0.3804853275
v 0.4074478429 0.6930823589 0.4297754309
v 0.6261992187 0.6072367518 0.274097574
v -0.2982992256 -0.9282740181 -0.1636451897
v -0.5045430432 -0.8473368192 -0.01686854163
v 0.4087227447 0.7330639855 0.4181737522
v 0.6348922336 0.6443072538 0.2572166988
v -0.2979141349 -0.9282747709 -0.1466842043
v -0.4900834247 -0.8528608628 -0.009923909674
v 0.6247190182 0.720778026 0.2404183658
v 0.4325497284 0.7961918762 0.3771786604
v 0.4269641328 0.8011723169 0.3708525013
v 0.3101123698 0.9287417668 0.1363120017
v 0.6227925514 0.7243223891 0.231488118
v 0.5059408463 0.8518918969 -0.003052386064
v -0.4568114844 -0.8073077112 0.04271979564
v -0.2380601087 -0.8931533182 -0.1129580505
v -0.5198951365 -0.8330025049 -0.03051064224
v -0.3000784135 -0.9192662369 -0.186946651
v 0.4091926358 0.7904148499 0.3838615083
v 0.6324927489 0.7027841197 0.2249464981
v 0.6406418713 0.6517083721 0.2711965246
v 0.4230287439 0.7371073075 0.4260643043
v 0.4238940905 0.7240669166 0.4300097974
v 0.6376829758 0.6401687376 0.2778635936
v 0.6336672161 0.6903575693 0.2303135494
v 0.4076792563 0.7790430791 0.3911414045
v -0.2932127916 -0.9243490519 -0.1719258557
v -0.5108258612 -0.8389501165 -0.01705806873
v -0.4843471049 -0.8354442596 0.01680568637
v -0.2679424633 -0.9203689032 -0.1372020589
v 0.6409062032 0.6675056893 0.2554456174
v 0.4169402518 0.7553976824 0.4148344852
v -0.2928337519 -0.9276391005 -0.1617816791
v -0.503763134 -0.8448630435 -0.01167048858
v -0.2930199712 -0.9285885528 -0.1560535817
v -0.4992637599 -0.8476513538 -0.009276937185
v 0.6390321395 0.6942904684 0.2568390777
v 0.4311785033 0.7758594002 0.4047613569
v -0.4573543925 -0.7858413586 0.03877371801
v -0.4478446414 -0.7936296232 0.04777708945
v -0.238494273 -0.8785062644 -0.09063402353
v -0.2319906091 -0.8801225393 -0.09890159591
v -0.434659722 -0.8012636894 0.04795768124
v -0.4287692906 -0.8038685018 0.04490567246
v -0.431640201 -0.8026682094 0.04666223799
v -0.4326333708 -0.8022213061 0.04714688018
v -0.229006178 -0.8777471427 -0.114814714
v -0.2288602598 -0.8790111296 -0.110226848
v -0.2288201468 -0.8787360276 -0.1113860431
v -0.2345144428 -0.8797027931 -0.09488645144
v -0.4521932913 -0.7904725802 0.04523227285
v -0.2288931783 -0.8781033103 -0.1136827482
v -0.4356880395 -0.8007552921 0.04828187862
v -0.450538626 -0.7917260285 0.04640338168
v -0.4496667941 -0.7923589774 0.04691358488
v -0.4529721293 -0.7898550917 0.04457417193
v -0.2368049232 -0.879071176 -0.0922175031
v -0.2376346589 -0.8788026751 -0.09140484187
v -0.2402947696 -0.8778324932 -0.08922518974
v -0.2352429333 -0.8795217851 -0.0939604069
v -0.4398442164 -0.7985535496 0.04902067603
v -0.4306635628 -0.8030923563 0.04612627113
v -0.2290932801 -0.8794752882 -0.1079007566
v -0.2311849326 -0.8745980904 -0.1221833192
v -0.2303212362 -0.8756044623 -0.1202029727
v -0.233171359 -0.8799741892 -0.09683655032
v -0.4336406691 -0.8017527468 0.04757904322
v -0.2296473637 -0.8765299422 -0.1181125506
v -0.4487680947 -0.7929940108 0.04737185178
v -0.451381448 -0.7910967276 0.04584250524
v -0.4544234936 -0.7886460557 0.04312080633
v -0.4408814801 -0.7979676767 0.04906365167
v -0.2338233583 -0.8798537489 -0.09584593556
v -0.2325599215 -0.8800638247 -0.09785593614
v -0.4449485428 -0.7955248219 0.04866555428
v -0.4459325927 -0.7948965632 0.0484247206
v -0.2292856083 -0.8796633026 -0.1067394481
v -0.2307298359 -0.8751107726 -0.1212081286
v -0.4439490036 -0.7961475217 0.04885022468
v -0.2305483937 -0.8801116534 -0.1021708859
v -0.2309836293 -0.8801464537 -0.101061662
v -0.4297058303 -0.8034928205 0.04554028244
v -0.2299601178 -0.8760778855 -0.1191702834
v -0.4537161381 -0.7892457677 0.04386978037
v -0.2291698147 -0.8773655552 -0.1159321313
v -0.455721586 -0.7874812584 0.04149639948
v -0.4419130113 -0.7973704546 0.04904952671
v -0.2393816811 -0.8781825809 -0.08990688655
v -0.4429363491 -0.7967632152 0.04897833009
v -0.2301601183 -0.8800457007 -0.10329599
v -0.4568538991 -0.7863718753 0.0397165909
v -0.4468987213 -0.7942643671 0.04812833525
v -0.2295279511 -0.8798212647 -0.1055830251
v -0.2298196716 -0.8799488273 -0.1044342745
v -0.4388037391 -0.7991266257 0.04892070111
v -0.4367231318 -0.8002288288 0.04855086451
v -0.2314647538 -0.8801501017 -0.09997103252
v -0.2293837267 -0.8769594743 -0.1170322787
v -0.2288311052 -0.8784331895 -0.1125389411
v -0.2289513718 -0.8792576849 -0.1090641498
v -0.4550925167 -0.7880574034 0.04232903397
v -0.2360070347 -0.8793110724 -0.09307004572
v -0.456309196 -0.7869189525 0.04062488424
v -0.4377625379 -0.7996855153 0.04876397664
v 0.4204060101 0.7871118308 0.3933951159
v 0.6368106517 0.7021871293 0.2393873702
v -0.2330059562 -0.8855491884 -0.1135108022
v -0.4547244498 -0.7985391315 0.04427862619
v 0.4139936609 0.767626259 0.4052035988
v 0.6390334713 0.6793128404 0.2450504993
v -0.2673402326 -0.9194536143 -0.1250069074
v -0.4735840791 -0.8385163575 0.02176973072
v -0.4898404015 -0.8379703804 0.01047970029
v -0.2734357889 -0.922895024 -0.1435280443
v -0.4645826674 -0.8099700223 0.03770008697
v -0.2420323245 -0.8973064842 -0.1206813612
v 0.4441642328 0.7665705529 0.40552265
v 0.6326387828 0.6926065615 0.2713917769
v -0.2652226535 -0.9175420289 -0.121157506
v -0.4698138614 -0.8372533549 0.02444302368
v 0.4137914311 0.7334931122 0.4231658606
v 0.6383377545 0.6453733247 0.2633639344
v 0.6150707027 0.6048593864 0.2907821545
v 0.4229014129 0.6802732945 0.4275424492
v -0.4576835769 -0.7957034558 0.04185588212
v -0.2331372535 -0.8838231854 -0.1179460332
v 0.6321001017 0.6306166586 0.2608958045
v 0.4059760674 0.7193555558 0.4218205185
v 0.6369524008 0.6460972987 0.2823699451
v 0.4307085832 0.7270345556 0.4291465932
v -0.4762272819 -0.8159839919 0.02755811437
v -0.2511875004 -0.9042974104 -0.1325949689
v -0.2511291621 -0.9034641715 -0.1334454342
v -0.4765743586 -0.8149916328 0.02699615947
v -0.2962590064 -0.9088408495 -0.1942639098
v -0.5220204457 -0.8202442223 -0.03359723058
v -0.2852741213 -0.9220851784 -0.1668085299
v -0.506992615 -0.8350751215 -0.009019101434
v -0.3080022315 -0.9250710572 -0.1790456328
v -0.514246078 -0.8441338582 -0.03226899557
v 0.6343350232 0.7035699931 0.2300108996
v 0.413528489 0.7902220874 0.3871513253
v 0.6380912571 0.6995223283 0.2490438212
v 0.427161904 0.7822983274 0.3991550026
v -0.2811341865 -0.9153727126 -0.1694093179
v -0.5068956257 -0.8267760855 -0.008742631446
v 0.416443638 0.7372917897 0.4233440312
v 0.639743722 0.6496610596 0.264429021
v 0.6211626111 0.6077233772 0.2872584632
v 0.4199890433 0.6866708782 0.4304267933
v 0.4159137293 0.7034496686 0.4317283598
v 0.6310426005 0.6190256632 0.2786285347
v 0.4349722879 0.7884384698 0.3891270394
v 0.6308007354 0.7115885999 0.2497626562
v 0.6330213547 0.6228427542 0.2726805178
v 0.4122148204 0.7094949063 0.4298209435
v 0.6405533361 0.6672210332 0.2739035665
v 0.4326997288 0.7487900229 0.4218258168
v -0.4925609062 -0.8389381304 0.007190654386
v -0.2761562646 -0.9238627739 -0.1468170941
v 0.4152741215 0.6988981809 0.4317762754
v 0.6290630358 0.6150000019 0.2796300426
v 0.6352777007 0.647178251 0.2853356154
v 0.4341041039 0.7261257519 0.4285039455
v -0.5094781451 -0.8324826426 -0.01209608676
v -0.2861780031 -0.9201133727 -0.1710111024
v -0.5114412651 -0.8475558122 -0.040718126
v -0.317435723 -0.9236903358 -0.1787852095
v -0.244610588 -0.8943205475 -0.1301198615
v -0.4707346512 -0.8055815923 0.03080485076
v -0.2649177889 -0.9099137531 -0.1500560424
v -0.4910418521 -0.8211747979 0.01086868243
v -0.5113088386 -0.8367106785 -0.01640079657
v -0.2914921157 -0.9229743525 -0.1728368017
v 0.4436449785 0.7703747313 0.4026952545
v 0.6321194995 0.6964107978 0.2685643815
v -0.4898507663 -0.8508162139 -0.004349710285
v -0.292217132 -0.9283744816 -0.1449988065
v 0.4288094471 0.7989972681 0.3746448383
v 0.6246378946 0.7221473982 0.2352804696
v 0.639084948 0.6686568213 0.2768276907
v 0.4361852034 0.7482817414 0.4212245124
v -0.5016694404 -0.8504055007 -0.01910293478
v -0.3022526227 -0.9286635964 -0.1610210229
v 0.4306543271 0.7026295739 0.4303773722
v 0.6264827747 0.6257796461 0.2910129889
v 0.6389565748 0.6556404605 0.2575232427
v 0.4135114362 0.7441129993 0.4179648345
v -0.2511378477 -0.897178111 -0.09810396802
v -0.4433071665 -0.8217642029 0.03865632303
v 0.4325743955 0.7915045457 0.3861728342
v 0.6302080299 0.713946278 0.2455237633
v 0.4125904149 0.6852308052 0.4304412114
v 0.6220071412 0.6030483802 0.281406538
v -0.2920876296 -0.9207959454 -0.1770934711
v -0.5138061233 -0.8337858884 -0.01930404268
v 0.4091400879 0.7187629082 0.4253283442
v 0.6341798983 0.6304494896 0.2651752591
v -0.267193359 -0.9108816767 -0.1527197866
v -0.4933173643 -0.8221427215 0.008204927012
v -0.4389813307 -0.8142352325 0.04272522415
v -0.2449758176 -0.8903697561 -0.0953418521
v 0.6314508818 0.628760661 0.2861274239
v 0.4268597029 0.7090493349 0.4317279545
v -0.2502321709 -0.9045206883 -0.1092019107
v -0.4564759885 -0.8235834315 0.0375747302
v 0.6240742569 0.6033340208 0.274591669
v 0.4064611584 0.6887329562 0.4294594487
v 0.4270981227 0.6938347058 0.4302300933
v 0.6229265413 0.6169848359 0.29086571
v 0.6394738314 0.6659196403 0.2525818003
v 0.4140286639 0.7543921212 0.4130233922
v 0.6358279626 0.7048337484 0.2484008115
v 0.429584145 0.7857710053 0.3951774596
v 0.6393529278 0.6838226952 0.2442652918
v 0.4153869764 0.7717147461 0.4036541741
v -0.4987547256 -0.8380669064 0.0007446656208
v -0.2800033499 -0.9239125135 -0.1549331823
v -0.5048778443 -0.8327567603 -0.005480818297
v -0.2815777313 -0.9203874325 -0.164395843
v -0.3063505482 -0.9274591348 -0.1694929458
v -0.507524116 -0.8485116338 -0.02632460853
v -0.5034715872 -0.8505653158 -0.02362736321
v -0.3058379239 -0.9281236414 -0.1642764594
v 0.6263414888 0.6075324097 0.2717368849
v 0.4055349546 0.6941845619 0.4288773106
v 0.63620596 0.7047351957 0.2418184705
v 0.4238179757 0.7880835761 0.3929676974
v -0.4834792394 -0.8215525058 0.02043870636
v -0.258439429 -0.9098659823 -0.1397143841
v 0.2520572767 0.446897708 0.3558356434
v 0.105992602 0.6063595059 0.06266000448
v 0.2615670279 0.4391093855 0.3648390239
v 0.2747519473 0.4314753193 0.3650195976
v 0.2806423786 0.4288705069 0.3619675925
v 0.2777714973 0.4300708572 0.3637241688
v 0.2767783275 0.4305177315 0.3642087966
v 0.257218378 0.4422664575 0.3622942001
v 0.2737236298 0.4319837166 0.3653438022
v 0.2588730433 0.4410130091 0.3634653089
v 0.2597448752 0.4403800892 0.3639755013
v 0.2994898192 0.4214741077 0.3485545023
v 0.143687512 0.5915667076 0.03583383131
v 0.2564395399 0.442883917 0.3616360919
v 0.2695674528 0.434185488 0.3660825996
v 0.2787481065 0.4296466813 0.3631881803
v 0.2757710002 0.4309862909 0.3646409632
v 0.2606436035 0.4397450269 0.3644337826
v 0.2580302213 0.44164231 0.3629044216
v 0.2549881756 0.444092953 0.3601827299
v 0.2685301891 0.434771332 0.3661255644
v 0.2644631265 0.4372142447 0.3657274743
v 0.2634791055 0.4378424744 0.3654866515
v 0.2654626657 0.4365915159 0.3659121592
v 0.279705839 0.4292462461 0.3626021916
v 0.2556955312 0.443493241 0.3609316895
v 0.2536900833 0.4452577792 0.3585583195
v 0.267498658 0.435368583 0.3661114648
v 0.2664753491 0.4359758225 0.3660402429
v 0.2525577846 0.4463671624 0.3567785236
v 0.262512948 0.4384746995 0.3651902697
v 0.2706079302 0.4336124119 0.3659826284
v 0.2726885375 0.4325102089 0.3656127954
v 0.2543191526 0.4446816053 0.3593909504
v 0.2531024878 0.4458200852 0.357686806
v 0.2716491314 0.4330535513 0.3658259111
v 0.4340110232 0.7164605285 0.4295731722
v 0.6316446866 0.6389022029 0.2889241013
v 0.4436864088 0.7372067287 0.4210433597
v 0.6321609588 0.6632427374 0.2869125156
v 0.6300064081 0.7156329063 0.228799504
v 0.419077055 0.7984089054 0.3789106855
v -0.3087762345 -0.9265370712 -0.1734098344
v -0.5099498312 -0.8475895702 -0.03024150073
v -0.4628751936 -0.794540164 0.03581294606
v -0.2367057626 -0.8832969536 -0.1251440965
v -0.4965324851 -0.836387574 0.004184046879
v -0.2767157911 -0.922651306 -0.1522519655
v 0.6375766061 0.6644521208 0.2499332125
v 0.4114526008 0.753191018 0.4108579265
v -0.2848317636 -0.9271481902 -0.1508083314
v -0.4957611456 -0.8443721912 -0.0006971427046
v -0.2374769862 -0.8919412134 -0.1162684957
v -0.4591954509 -0.8049311564 0.04152093812
v 0.4062324085 0.7773783964 0.3902380729
v 0.6324018395 0.6886216647 0.2292810194
v 0.6376320203 0.6604694243 0.2813146154
v 0.4364583946 0.7394169252 0.4244829454
v -0.4775245636 -0.8111309979 0.02437705291
v -0.2513551036 -0.8998877297 -0.1365799815
v 0.4311701651 0.7447356991 0.423735752
v 0.6405868625 0.6625533321 0.2747010497
v -0.5138498987 -0.8326254339 -0.01903508574
v -0.2912995559 -0.9199618958 -0.1774165321
v -0.4779589596 -0.8272090918 0.02522145187
v -0.2581422366 -0.9134727658 -0.1312145515
v 0.4079653311 0.7726275451 0.3952928623
v 0.6341347911 0.6838708134 0.2343358378
v -0.2993128645 -0.925825894 -0.1735873102
v -0.5117008489 -0.8424774558 -0.02243810508
v -0.2573199127 -0.9121410892 -0.1330120371
v -0.4790384063 -0.8251310322 0.02477738865
v -0.4361303683 -0.8154669669 0.04095798074
v -0.2476558473 -0.8894309582 -0.09317287602
v -0.5234924817 -0.8359561891 -0.04606947815
v -0.6403441867 -0.7083867392 -0.2806099813
v -0.3140757553 -0.918138614 -0.1951041696
v -0.4309274893 -0.7905691641 -0.4296446836
v -0.4974243228 -0.8531543783 -0.02222968318
v -0.3071001737 -0.9278441966 -0.1576768485
v -0.4374333825 -0.810034122 0.04471034771
v -0.241604935 -0.8868839919 -0.09465403194
v -0.5191070048 -0.8372384736 -0.03253626605
v -0.3039781336 -0.9216625369 -0.1856360948
v 0.6369831478 0.6352590556 0.2751262099
v 0.4193700493 0.720657991 0.4299939896
v 0.4028623366 0.695799563 0.4271403058
v 0.6261624496 0.6081688328 0.2682252955
v 0.4051382831 0.7899734475 0.3804374988
v 0.6301780935 0.701660029 0.2202843992
v 0.6364445825 0.6464534663 0.2833879268
v 0.4318533746 0.7267421403 0.4289884574
v 0.4281090979 0.6934231819 0.4297509665
v 0.6221146111 0.6172886583 0.2916838649
v 0.636641572 0.6413377039 0.2621573015
v 0.4111964334 0.7298102427 0.4225988933
v 0.4052148612 0.779568616 0.3876005447
v 0.6313843501 0.6908118843 0.2266434912
v -0.5198617837 -0.8285357308 -0.02886324388
v -0.2965616997 -0.916166403 -0.1877782686
v -0.4782744786 -0.8190232582 0.02578174114
v -0.2537281552 -0.9071430456 -0.134020175
v -0.4961481761 -0.8375129387 0.004101861168
v -0.2773967714 -0.9233586036 -0.1515759795
v -0.4736196322 -0.8495256491 0.00706078607
v -0.2851451112 -0.9234896404 -0.1270700711
v -0.5031162881 -0.840791696 -0.006619180598
v -0.2867116466 -0.9257163975 -0.1606269281
v -0.2898453833 -0.914494656 -0.1817650952
v -0.5152905508 -0.8260221751 -0.02132350334
v 0.6397650886 0.663474643 0.2767397634
v 0.4335212421 0.7444118998 0.4235163826
v 0.6375911979 0.693152828 0.2632346637
v 0.4364176012 0.772100329 0.4064029938
v 0.639279795 0.695553992 0.2512005144
v 0.4268918396 0.7789023723 0.4023497412
v -0.2902177351 -0.9276872188 -0.1580792381
v -0.5011470882 -0.8449112197 -0.007968043922
v -0.2950605089 -0.9278805603 -0.1428917949
v -0.4872297987 -0.8524666522 -0.006131496644
v -0.2372407378 -0.8876826621 -0.1002319553
v -0.4434845554 -0.8067454631 0.04654468559
v 0.6417326673 0.6697867604 0.268856044
v 0.4293447119 0.7531351986 0.4200052564
v -0.4507631199 -0.8316973483 0.03150443267
v -0.2604389707 -0.9063871665 -0.1039427345
v -0.5159739919 -0.8442278943 -0.04260961153
v -0.3165572032 -0.9224859321 -0.1845277105
v -0.509342476 -0.82892114 -0.01183992117
v -0.2843027235 -0.9172345585 -0.1719930099
v -0.263110807 -0.9153653009 -0.1174171089
v -0.4660105805 -0.8357403808 0.02697969482
v 0.4430326145 0.7327426761 0.4225862992
v 0.6315071645 0.6587787426 0.2884554262
v -0.296965117 -0.9097963816 -0.1943602332
v -0.5224103134 -0.8213239007 -0.03391864133
v -0.5147933289 -0.8395733954 -0.02518737355
v -0.2996644577 -0.9239974587 -0.1782872059
v -0.2946247812 -0.9102448483 -0.191193332
v -0.5203862205 -0.8216482212 -0.03052664908
v -0.3007183398 -0.9284467458 -0.1505296973
v -0.4928876586 -0.8530328377 -0.0137694026
v 0.6313889824 0.618925026 0.2762725938
v 0.4137758839 0.7043239614 0.4311403735
v -0.2949368839 -0.9289029137 -0.1546725997
v -0.4978366574 -0.8492779936 -0.01027580146
v -0.5025853662 -0.8519427366 -0.03014987847
v -0.3122611881 -0.926632497 -0.1655970475
v 0.4315061242 0.7916178059 0.3866895697
v 0.6309229129 0.7133597102 0.2447714888
v -0.5071627949 -0.8291427966 -0.008654899615
v -0.2821230424 -0.9174562151 -0.1688079847
v 0.6346776413 0.6375759692 0.2608388269
v 0.4086897104 0.726261479 0.4216666676
v 0.6317690065 0.6235640066 0.2820458563
v 0.4208396534 0.7063400057 0.4321570523
v -0.4744262352 -0.8199906027 0.02939405547
v -0.2518758634 -0.9073271225 -0.1289873891
v -0.4898132445 -0.8302198693 0.01341363984
v -0.2672629017 -0.9175563312 -0.1449677989
v 0.6332314305 0.6992962131 0.2642253436
v 0.4410621407 0.7747101212 0.4009856383
v 0.4401062032 0.7337879016 0.4243504031
v 0.6341117453 0.657653378 0.2862833305
v -0.4852295043 -0.8513536211 -0.001792366509
v -0.2912239912 -0.9274881447 -0.1398594482
v 0.6417973461 0.6737626821 0.2667545044
v 0.4294094196 0.7571110624 0.4179037168
v 0.4359998816 0.7882264253 0.3885612593
v 0.6300054237 0.7120919017 0.2504942011
v 0.6387310965 0.645607257 0.2644646609
v 0.4147651162 0.73349925 0.4238535577
v 0.4360715957 0.792995111 0.3795799112
v 0.6245461168 0.7190311775 0.2454490382
v 0.4156269886 0.7913499419 0.3870805666
v 0.6343783933 0.705504277 0.2314027386
v -0.2606752481 -0.9104648256 -0.1429987437
v -0.4861204156 -0.8219923448 0.01744283915
v -0.5121292228 -0.8414734 -0.02195940168
v -0.2983403375 -0.925371579 -0.1741056091
v 0.639712396 0.658755002 0.277390344
v 0.4318588176 0.7403239917 0.4253126232
v -0.2969137851 -0.9265017497 -0.1698435257
v -0.5093017115 -0.8431533115 -0.01869431695
v -0.464835679 -0.7972533148 0.0345542791
v -0.238666219 -0.8860100465 -0.1264027563
v 0.6277252212 0.6119832603 0.2675410437
v 0.4037592409 0.6998753112 0.4269299115
v -0.2836561093 -0.9269219013 -0.1399137332
v -0.4865558538 -0.8472969812 0.004483065056
v -0.4871002674 -0.8368048304 0.01368728452
v -0.2706956548 -0.9217295319 -0.1403204655
v 0.4166558272 0.6933106165 0.4316982498
v 0.6260725247 0.6111282495 0.2826635764
v 0.6244471009 0.6040948217 0.2699066256
v 0.4027286072 0.6911048786 0.4276960686
v 0.4235118081 0.7567394923 0.4172452323
v 0.6422631839 0.6708938273 0.2615673753
v -0.2921643235 -0.9272650405 -0.1391616034
v -0.4843336133 -0.8518511904 -0.002401315056
v 0.6269619883 0.6155756836 0.2851624824
v 0.4207181997 0.6965129405 0.4319391305
v -0.2860087496 -0.9228935185 -0.1663311546
v -0.5068152549 -0.8362413664 -0.009190723525
v -0.4565912754 -0.8372021678 0.02635051063
v -0.2662671263 -0.9118919861 -0.1090966556
v -0.2368473958 -0.8836259064 -0.09600126309
v -0.4380209636 -0.8046784054 0.04716707059
v -0.3173459718 -0.9186817537 -0.193770307
v -0.4341977058 -0.7911122459 -0.4283108066
v -0.5219371797 -0.8383930219 -0.04816978367
v -0.6387888847 -0.710823572 -0.282710305
v -0.5155904357 -0.8363545108 -0.02385637723
v -0.2968390599 -0.9222001179 -0.179534227
v 0.4322510594 0.7070928159 0.4301598268
v 0.628079478 0.630242946 0.2907954435
v 0.4391307231 0.7680033879 0.4083448051
v 0.6367643864 0.6904450623 0.2676957053
v -0.2668740762 -0.9176320696 -0.1194413611
v -0.468047673 -0.8386845686 0.02372697441
v -0.4793463399 -0.8494681504 0.005434695935
v -0.2853408268 -0.925602674 -0.1326323894
v 0.4249017363 0.7283113971 0.4290851281
v 0.6386906216 0.6444132181 0.2769389243
v 0.6411982711 0.6859008126 0.2531235648
v 0.4235851436 0.771299748 0.407991359
v -0.2789697341 -0.9154126085 -0.1663459636
v -0.5047312313 -0.8268159235 -0.005679284331
v -0.3123182235 -0.9240066654 -0.1817960159
v -0.515217997 -0.8443817453 -0.03739921949
v -0.4891794271 -0.8533062605 -0.01056056258
v -0.298855249 -0.9279960788 -0.1460077261
v -0.2559157981 -0.9119176954 -0.1202771477
v -0.4683037535 -0.8285692572 0.03087207009
v -0.5135696432 -0.8360737342 -0.01992883069
v -0.2937529493 -0.9223374662 -0.1763648359
v 0.6403660166 0.6567702837 0.2606063423
v 0.4164000362 0.7446622768 0.419995239
v -0.2807486615 -0.9258876776 -0.1363986551
v -0.483648435 -0.8462627575 0.007998144061
v -0.49786642 -0.8456967456 -0.004689699175
v -0.2884497226 -0.9278791706 -0.1537243779
v -0.2884463931 -0.9282214413 -0.1479014772
v -0.4930375721 -0.8479327673 -0.002300942959
v -0.4731521151 -0.8070011094 0.0282436618
v -0.2469826552 -0.895757899 -0.1327133826
v -0.2309402012 -0.8825087641 -0.1112207706
v -0.4517467355 -0.7958566119 0.04591966597
v -0.4541954387 -0.7938394095 0.04427552832
v -0.2308953256 -0.8814701396 -0.1146394964
v -0.280743537 -0.9245787572 -0.1542779983
v -0.4983566355 -0.8391797638 0.0005897895536
v -0.5235970564 -0.8267835551 -0.03595272637
v -0.3010467135 -0.9141200749 -0.1943341764
v -0.2473651691 -0.9037970039 -0.1225614035
v -0.4681717034 -0.8171448517 0.03457902403
v -0.2809774692 -0.9194588257 -0.1648412552
v -0.5049434495 -0.8315668326 -0.005452371137
v 0.4052408022 0.7078635184 0.4258595267
v 0.6302805836 0.6195500999 0.2657064416
v 0.4317904619 0.7570622493 0.417810086
v 0.6412071883 0.6748798823 0.2687754127
v 0.6420281515 0.6637403066 0.2665096862
v 0.424415024 0.749139242 0.4213774659
v 0.6264393466 0.6309164856 0.2923881226
v 0.4342700279 0.7063303936 0.4291484172
v 0.6408390345 0.6541738095 0.2653247383
v 0.4191205409 0.7411838664 0.4231141812
v 0.6232022223 0.6119200291 0.2878102306
v 0.4220286256 0.69086753 0.4309785607
v -0.2495527251 -0.9044269417 -0.1101768624
v -0.4574063325 -0.8228580099 0.03774541497
v -0.4760756892 -0.8302278021 0.02555175722
v -0.2596710476 -0.9151524457 -0.1284559894
v 0.4420383156 0.7743986554 0.400376488
v 0.6323624648 0.6997088372 0.2649293407
v -0.5026559512 -0.8290443018 -0.002376385565
v -0.2776161697 -0.9173577204 -0.1625294806
v 0.4382154632 0.778751764 0.3990257609
v 0.6340439397 0.7019018941 0.2596613776
v -0.5172857496 -0.8430876483 -0.04716182665
v -0.3196521153 -0.9206459739 -0.187810912
v -0.4600735654 -0.8151134049 0.03970265594
v -0.2436689528 -0.9000381064 -0.1143050862
v 0.6382295898 0.6600456247 0.2803742541
v 0.4353298452 0.7396705448 0.4247710759
v -0.4919861509 -0.8534784671 -0.01440954241
v -0.3016620306 -0.9281682854 -0.1498567078
v -0.2727489893 -0.9223010446 -0.1443003682
v -0.4903621168 -0.8369021092 0.01056741278
v -0.2650587273 -0.9187374574 -0.1276620963
v -0.4759880804 -0.8359614583 0.02244908785
v 0.4127947292 0.7865873361 0.390158976
v 0.6353451009 0.6992508743 0.2317775223
v -0.4774662542 -0.8341068504 0.02268523583
v -0.2636773979 -0.9180050294 -0.1294609861
v -0.4652216672 -0.8090987405 0.03719645951
v -0.2419215542 -0.8967294706 -0.121718567
v 0.4361807159 0.705590554 0.4279308694
v 0.6246552658 0.6316265626 0.2938000253
v 0.6412807264 0.6580076348 0.2638313357
v 0.4195622617 0.7450176917 0.4216207497
v -0.2605183861 -0.9094991603 -0.1436798108
v -0.4862798253 -0.8209025332 0.01698687167
v 0.4301432952 0.7078705248 0.430955428
v 0.6295600839 0.6296124291 0.2890373326
v 0.6419806702 0.6660418757 0.2614483536
v 0.421174107 0.7526940278 0.4185887793
v -0.2448450992 -0.8982064285 -0.1051141184
v -0.4510889169 -0.8172691716 0.04166252069
v 0.6375376946 0.696190473 0.2594706128
v 0.4346379211 0.7758153931 0.4038674056
v -0.4387443296 -0.8190844627 0.0392797503
v -0.2502698085 -0.8930483962 -0.09485110828
v 0.6373002881 0.6990372663 0.2555939965
v 0.4327090803 0.7793259402 0.401194527
v 0.4296145735 0.7030289959 0.4308020692
v 0.6272482658 0.6254706703 0.2901529694
v 0.4272842262 0.7855572815 0.3957650986
v 0.6367009236 0.7033749145 0.2467304252
v 0.6403269313 0.6718727527 0.2728982659
v 0.4340831137 0.7528100096 0.419674914
v -0.5177244305 -0.8353183763 -0.02742632301
v -0.2989730547 -0.9211639833 -0.1831041691
v 0.4375681541 0.7391463976 0.4241420645
v 0.6369849428 0.6608883019 0.2822239691
v -0.2953899539 -0.9273790536 -0.1655169083
v -0.506319307 -0.8446030545 -0.01540571777
v 0.4421739558 0.7775954207 0.3966465425
v 0.6306485058 0.7036314872 0.2625156984
v 0.4185058028 0.7955006759 0.3830475804
v 0.6322946592 0.7116024969 0.2309013621
v 0.6303154418 0.7158184887 0.234597564
v 0.4240716242 0.7967556877 0.3813742121
v -0.4766049319 -0.8507954843 0.003566269779
v -0.288130353 -0.9247594177 -0.1305645933
v -0.3070645048 -0.9229414631 -0.1843684889
v -0.5179938579 -0.840165464 -0.03425730024
v 0.4407169169 0.7713181615 0.4045132092
v 0.634722459 0.6951836379 0.2664461076
v -0.5022134486 -0.8429100567 -0.007233987403
v -0.2884245633 -0.9268082357 -0.1593801967
v -0.5230396143 -0.8235034081 -0.0346496217
v -0.298493262 -0.9116231956 -0.1944515333
v -0.2336679728 -0.8867963252 -0.1089639686
v -0.4512810713 -0.8013973319 0.04590381474
v 0.6393960084 0.649361001 0.2633290183
v 0.4154300281 0.737252994 0.4227179151
v 0.6355121541 0.6410910328 0.2600730752
v 0.4095241942 0.7297765426 0.4209009448
v 0.4362851458 0.7254723051 0.4277992825
v 0.6339188091 0.6479140374 0.2871502116
v 0.6314782125 0.7062295827 0.2579385303
v 0.4393089227 0.7816434908 0.394698825
v 0.4061566122 0.7942743266 0.3774672251
v 0.2893048782 0.9218437765 0.1429267255
v 0.6294567252 0.7066435965 0.2185522149
v 0.5126049622 0.8342130464 -0.01598829918
v 0.4401385426 0.7842415284 0.3901215989
v 0.6286130636 0.710277595 0.2559907548
v 0.4412930909 0.7286027702 0.4245826272
v 0.63161724 0.6539130098 0.28913548
v -0.4830895454 -0.8374615778 0.01663359019
v -0.2693006601 -0.9213597568 -0.1355126222
v -0.278615072 -0.9224399563 -0.1561919868
v -0.4994216062 -0.8357878042 0.0009484488721
v 0.639065029 0.6435089889 0.2735022917
v 0.4214519305 0.7289079244 0.4283700714
v -0.3039716194 -0.9191252985 -0.189924235
v -0.5215847179 -0.8337263631 -0.03505644811
v -0.2469883008 -0.8981240311 -0.1022560989
v -0.4481618686 -0.8191765301 0.04091223476
v 0.6329177644 0.7058236176 0.2267766994
v 0.4121112301 0.7924757698 0.3839171251
v 0.6412599967 0.6662352751 0.2718518533
v 0.4303306147 0.7490112742 0.4219630493
v 0.4305369267 0.7966304413 0.3783773895
v 0.6263653453 0.7197805135 0.2390129917
v 0.4071774311 0.7026287633 0.4285631523
v 0.6297277739 0.6152923014 0.2701816987
v -0.3061516479 -0.9281230623 -0.1583428027
v -0.4983209666 -0.8527091543 -0.02158251526
v -0.2827853196 -0.9140792526 -0.172706923
v -0.5087732794 -0.8253936849 -0.0118790661
v 0.434746607 0.7112115868 0.429268597
v 0.6287521491 0.6350770632 0.2912015244
v 0.4360903856 0.7157327907 0.4286637027
v 0.6300959277 0.639598325 0.29059663
v 0.4380408826 0.7681941237 0.4087884368
v 0.6374576713 0.6899360859 0.2668703414
v 0.4227448115 0.7243193781 0.4298189168
v 0.6378737117 0.6398953148 0.2767190917
v 0.4362706987 0.7206170529 0.428350384
v 0.6320991752 0.6437671251 0.2889860007
v 0.6263303134 0.718215831 0.2440953435
v 0.4341610236 0.7936297391 0.3808556237
v -0.2682624699 -0.9191221138 -0.14347457
v -0.4890690042 -0.8324699616 0.01366586636
v -0.2893661117 -0.9281787081 -0.1530233339
v -0.49721969 -0.8466097184 -0.00510106382
v -0.2875482728 -0.9275234662 -0.1544185169
v -0.4984776549 -0.8447474671 -0.004307320922
v 0.4202783318 0.7901845656 0.3900329768
v 0.635407232 0.7057605602 0.2369331517
v -0.244530912 -0.4160196358 0.133892294
v -0.3905955723 -0.2565578089 -0.1592833377
v -0.2350211609 -0.4238079293 0.14289566
v -0.221836227 -0.4314419955 0.1430762627
v -0.2159457956 -0.4340468079 0.140024243
v -0.2188166915 -0.4328464865 0.1417808194
v -0.2198098613 -0.4323995833 0.1422654616
v -0.2393697818 -0.4206508863 0.1403508507
v -0.2228645445 -0.4309335982 0.1434004528
v -0.2377151165 -0.4219043057 0.1415219595
v -0.2368432846 -0.4225372545 0.1420321663
v -0.1970983406 -0.4414432071 0.1266111601
v -0.3529006623 -0.2713506072 -0.1861095181
v -0.2401486488 -0.4200333978 0.1396927425
v -0.2270207215 -0.4287318557 0.1441392502
v -0.2178400678 -0.4332706624 0.1412448453
v -0.2208171886 -0.4319310529 0.1426976138
v -0.2359445852 -0.4231722879 0.1424904332
v -0.2385579675 -0.4212750048 0.1409610867
v -0.2416000131 -0.4188243618 0.1382393805
v -0.2280579707 -0.4281459828 0.1441822295
v -0.2321250623 -0.425703099 0.1437841249
v -0.2331090832 -0.4250748693 0.143543302
v -0.2311254941 -0.4263257988 0.1439687953
v -0.2168823208 -0.4336710977 0.1406588566
v -0.2408926576 -0.4194240738 0.1389883546
v -0.2428981055 -0.4176595645 0.13661497
v -0.2290895019 -0.4275487318 0.1441681009
v -0.2301128396 -0.4269415212 0.1440969079
v -0.2440303897 -0.4165501814 0.1348351597
v -0.2340752118 -0.4244426442 0.1432469058
v -0.2259802441 -0.4293049028 0.1440392789
v -0.2238996368 -0.4304071059 0.1436694459
v -0.2422690362 -0.4182357095 0.1374476154
v -0.2434856865 -0.4170972586 0.1357434566
v -0.2249390429 -0.4298637925 0.1438825472
v 0.4170006167 0.7030067028 0.4319366696
v 0.6307895021 0.6191085238 0.2797904657
v 0.6297148034 0.7087766069 0.219583804
v 0.5128630405 0.8363460568 -0.01495671008
v 0.4079963098 0.7957866059 0.3773732179
v 0.2911445758 0.9233560559 0.1428327184
v -0.3100424507 -0.919395305 -0.1922100687
v -0.5224304061 -0.8360468668 -0.0410608599
v -0.2360224372 -0.8845875184 -0.1232604932
v -0.4620103681 -0.7959020087 0.03756736734
v 0.6397502073 0.646683519 0.2689890785
v 0.418943702 0.7333356712 0.4261295042
v 0.4218380345 0.7743220484 0.4051977505
v 0.6405894103 0.6884763835 0.2495198936
v -0.2935631978 -0.9124822018 -0.1880989555
v -0.5190083943 -0.824009663 -0.0276573673
v -0.2421901999 -0.8978507241 -0.1196326036
v -0.4639086645 -0.8108406672 0.03815682666
v 0.4232559303 0.7490912975 0.4211031456
v 0.642007306 0.6632456326 0.2654252887
v 0.6303067562 0.6235773246 0.2624162772
v 0.4043187964 0.7122628923 0.4232441468
v 0.410169245 0.7618096842 0.4043550154
v 0.636338734 0.6730529525 0.2433979909
v 0.6323415035 0.6229686954 0.2679699388
v 0.4083755522 0.7108606885 0.4273588355
v 0.629660779 0.6957563087 0.2215480676
v 0.4035367158 0.7844952639 0.3824727962
v 0.3987138898 0.693951614 0.4243596388
v 0.6237536423 0.6056381955 0.2642065538
v 0.423861201 0.6798765361 0.4269573001
v 0.6141853502 0.6051867178 0.2915101239
v -0.4455014683 -0.8054874983 0.04671850623
v -0.2360847709 -0.8876699232 -0.1023161743
v 0.4337217058 0.7115857626 0.4297487661
v 0.6295501244 0.6347358348 0.2903843828
v -0.487816019 -0.8495557013 -0.0001053491291
v -0.2883992014 -0.9278137969 -0.1420234373
v 0.6315496081 0.649022552 0.2895846125
v 0.4393803184 0.72443646 0.4263449072
v -0.5192391997 -0.841115032 -0.05099447936
v -0.6360909627 -0.7135455821 -0.2855349789
v -0.3216055364 -0.9186733576 -0.1916435647
v -0.4384572993 -0.7911039077 -0.4261840787
v -0.5096992805 -0.8484886459 -0.04205077258
v -0.3193751603 -0.9231784063 -0.1774979307
v -0.2939848259 -0.9092425297 -0.1911110648
v -0.5199727857 -0.8205570199 -0.03028319524
v -0.2779702818 -0.9216371171 -0.1567925673
v -0.4996887754 -0.8346271181 0.0009968602531
v -0.4671546192 -0.8243057841 0.0333333511
v -0.252025748 -0.9087297895 -0.1197664777
v 0.4106492115 0.7143300079 0.4278637875
v 0.6339493245 0.6266992778 0.2689487773
v -0.3002985357 -0.9262266477 -0.1730497003
v -0.5112278888 -0.8434506487 -0.02293851526
v -0.4886866639 -0.8400353537 0.01018805538
v -0.2748977786 -0.9239335327 -0.141958165
v -0.3161377465 -0.9248266443 -0.1741925954
v -0.5083070362 -0.8494127362 -0.0374323044
v 0.4097798116 0.764662847 0.4022344833
v 0.6359492715 0.6759060573 0.2412774443
v -0.4923712705 -0.8313078858 0.01041923447
v -0.2698208987 -0.9186443477 -0.147962204
v 0.6297116766 0.614933528 0.2761167451
v 0.4120985491 0.7003324635 0.4309845248
v 0.4271361946 0.7409261356 0.4252687609
v 0.6409250799 0.6570279566 0.2731225571
v 0.6368162684 0.680075089 0.240408551
v 0.4108283376 0.7687605988 0.4012364206
v 0.6375163859 0.6675980462 0.2481138102
v 0.4113923517 0.7563369435 0.4090385243
v -0.5005392118 -0.840633618 -0.003085177835
v -0.2841345991 -0.9255583195 -0.1570929299
v 0.4078316018 0.7067789182 0.4280685651
v 0.6311317148 0.6191481881 0.2691535259
v -0.2653553985 -0.912185212 -0.1098064504
v -0.4575247172 -0.836771304 0.02695383705
v 0.635313717 0.7055238485 0.2492256832
v 0.430722538 0.7858125224 0.3948262138
v -0.2383335025 -0.8867094692 -0.1254965873
v -0.4644575657 -0.797970514 0.03542813041
v -0.4576890778 -0.801035316 0.04245976316
v -0.235138735 -0.8883717779 -0.1159216796
v -0.5059959709 -0.8498541386 -0.02756665341
v -0.3083623076 -0.9274124642 -0.1682157423
v 0.628003508 0.6164646262 0.2633663085
v 0.4022420687 0.7050612533 0.4240330022
v -0.4786287933 -0.8179954618 0.02529281677
v -0.2535890118 -0.9063088803 -0.1348602755
v -0.5254303556 -0.8282470213 -0.04091086678
v -0.6422821185 -0.7006775714 -0.27545137
v -0.3056136616 -0.9145107533 -0.1973468647
v -0.4224653956 -0.7869412455 -0.4318873643
v 0.6350226335 0.6755500634 0.2798365863
v 0.4428533147 0.7509639715 0.416596881
v 0.6279305489 0.610998197 0.2757840575
v 0.4103174214 0.6963971325 0.4306518372
v -0.246577906 -0.9012831008 -0.1265272644
v -0.4705438864 -0.8133910498 0.03286163056
v -0.2615244105 -0.9164190962 -0.1256758871
v -0.473912337 -0.8330707159 0.02547333256
v 0.6293605466 0.6155964133 0.2678464874
v 0.4053945663 0.7034884643 0.4272353842
v 0.4167497476 0.7757445186 0.4016954547
v 0.6393001193 0.6884080567 0.2433140011
v -0.496915636 -0.8423798296 -8.211785472e-05
v -0.2831267507 -0.9262780086 -0.1522283262
v 0.6387655494 0.6424679904 0.2688661193
v 0.4170470558 0.7294780474 0.4266555333
v 0.6363690757 0.6413694932 0.2822793543
v 0.4285154684 0.722938483 0.4302016335
v -0.2957586288 -0.9152950054 -0.1879071629
v -0.5197246091 -0.8274029544 -0.02851826981
v -0.2786353384 -0.9193151658 -0.161629406
v -0.5026012898 -0.8314231727 -0.002240515588
v -0.472455993 -0.8167348333 0.03124186689
v -0.2491558799 -0.9043655055 -0.127673156
v 0.6339359487 0.6624945595 0.2855088932
v 0.4417666589 0.7379084676 0.4222691878
v -0.2892470031 -0.9134679598 -0.1818593919
v -0.5150084424 -0.8248713327 -0.02119271625
v -0.2352084514 -0.8888017731 -0.1148120648
v -0.4569269451 -0.8017917741 0.04297737083
v 0.422303467 0.7528350241 0.4189432388
v 0.642120161 0.6665712921 0.2625072155
v -0.2424732926 -0.8918999857 -0.128451415
v -0.4685973558 -0.8031610884 0.0324733081
v 0.4341388464 0.721313754 0.4291568133
v 0.6335556351 0.6430556584 0.2872387179
v 0.421788845 0.7451428802 0.4224617477
v 0.6416055679 0.6588792061 0.2660257534
v 0.6274800556 0.6154151158 0.2841009859
v 0.4196264483 0.6969840476 0.432023265
v 0.4328489474 0.6966614064 0.428172995
v 0.6213234684 0.622697473 0.2940421509
v 0.4225268318 0.7812973985 0.3995814368
v 0.6389314444 0.6963727549 0.2455736766
v 0.638012276 0.6985000907 0.2416991593
v 0.4203991775 0.7838990261 0.3965669535
v 0.417426993 0.744802752 0.4205839782
v 0.640727106 0.6571720218 0.2616689679
v 0.4171758922 0.7211554444 0.4292073056
v 0.6369925862 0.6348917125 0.2727713113
v 0.4219563324 0.7059242548 0.4321907524
v 0.6313730588 0.6237418878 0.2831560501
v -0.2607843103 -0.9150354217 -0.1201091103
v -0.4686379176 -0.8334664898 0.02781316711
v 0.6257874632 0.6159625404 0.2871999801
v 0.4228877186 0.6955874605 0.431596773
v 0.4250212212 0.694691859 0.4310252892
v 0.6244380099 0.6164337633 0.2891071938
v -0.2769451779 -0.9245353871 -0.1337730696
v -0.4815363858 -0.8442467131 0.01182746459
v -0.4795213259 -0.8240799005 0.0244896129
v -0.2569709831 -0.9114163624 -0.1338918308
v -0.2511168286 -0.9026044705 -0.1342711021
v -0.4768782968 -0.8140078434 0.02639558257
v -0.4976352093 -0.8317561788 0.004144441886
v -0.2743350963 -0.9193869089 -0.1547705733
v 0.6286156693 0.7168042468 0.2244977419
v 0.5117639642 0.8443736967 -0.01004277034
v 0.4162277428 0.8001526271 0.3756469543
v 0.2993759799 0.9277221349 0.1411064402
v -0.4638324918 -0.8277141885 0.03321710335
v -0.2544157654 -0.9098966135 -0.1158175827
v 0.4369214241 0.7347304053 0.4256683855
v 0.6363382128 0.6564723097 0.2837502901
v -0.466357773 -0.8251912524 0.03337806205
v -0.2525688877 -0.9090894314 -0.1187681544
v -0.258709754 -0.9142578286 -0.1229126637
v -0.4710977094 -0.8309094483 0.02823655046
v -0.5125119684 -0.840440566 -0.02150345818
v -0.2973830682 -0.9248646293 -0.1746032942
v -0.4804899443 -0.8514595855 0.0006311348344
v -0.2901658241 -0.9261494038 -0.1348160224
v -0.476060113 -0.8449631017 0.01388096171
v -0.2766433243 -0.9232211395 -0.1280371262
v -0.4370647076 -0.8150877534 0.04159377052
v -0.2467405584 -0.8897775717 -0.09385339303
v -0.507727417 -0.841563904 -0.01416100207
v -0.2925985168 -0.9259879094 -0.1672608327
v 0.4247984066 0.6795020129 0.4263229615
v 0.6132729565 0.6055380794 0.2921921174
v -0.4881213469 -0.8519682144 -0.005516943169
v -0.2941158338 -0.9281026801 -0.143584023
v 0.6369129102 0.6347317237 0.2715927328
v 0.416106347 0.7213838758 0.4287331585
v -0.2823649943 -0.9129776286 -0.1728825025
v -0.5084890286 -0.8242386734 -0.011957783
v -0.267591565 -0.9129945365 -0.1516912809
v -0.4933530332 -0.8243978515 0.0089753986
v -0.5136169508 -0.8459824441 -0.04464289677
v -0.3196114087 -0.9221169098 -0.182709973
v -0.2911145525 -0.9125612407 -0.1849835889
v -0.5168760208 -0.8239646136 -0.02431691325
v -0.2660380001 -0.9176130192 -0.1202907986
v -0.4689377446 -0.8379880991 0.02410599695
v -0.2950687024 -0.9207664143 -0.1802347498
v -0.5158752656 -0.8341142621 -0.0230943205
v 0.420014579 0.7931015965 0.3864905825
v 0.6338034643 0.7092034175 0.2343443642
v -0.2835916042 -0.9229379888 -0.1629101706
v -0.5043981674 -0.8362858367 -0.005769737651
v -0.503191158 -0.8458131906 -0.01210756442
v -0.2937744606 -0.9279955577 -0.161142245
v 0.4159984718 0.7295779318 0.4260974543
v 0.6385488147 0.6422414699 0.2677160297
v 0.4074484219 0.6881386872 0.4297646029
v 0.6238530635 0.6032139857 0.2757568426
v -0.2443437373 -0.8946964604 -0.1004301607
v -0.445517334 -0.8157489594 0.04273816931
v -0.2832906191 -0.9241084607 -0.128433349
v -0.4754599378 -0.8486945526 0.008326941416
v -0.4726180084 -0.8290745856 0.02828606564
v -0.2574891661 -0.913498591 -0.1248137686
v 0.6268529551 0.6127566843 0.2641632705
v 0.4014078165 0.7012292231 0.4246048334
v 0.6224721684 0.603023192 0.2803092279
v 0.4115428153 0.685799191 0.4304204238
v 0.6360368224 0.6342581267 0.2669370179
v 0.4120708421 0.7221501776 0.4263259146
v 0.6383573261 0.674916825 0.2456826085
v 0.4125958578 0.7635134521 0.4063492878
v -0.5248781249 -0.8322802681 -0.04337972778
v -0.6417298879 -0.7047108182 -0.2779202237
v -0.3097492826 -0.9167043314 -0.1964795638
v -0.4266010166 -0.7891348815 -0.4310200779
v 0.429929195 0.8004622399 0.368989063
v 0.313077461 0.9280316898 0.134448549
v 0.6202533442 0.7257724216 0.2335418868
v 0.5034015813 0.8533418715 -0.000998618183
v -0.274289381 -0.9190452752 -0.118577187
v -0.4664586708 -0.8436313671 0.01818310813
v -0.5122665711 -0.8470144675 -0.04004966388
v -0.3164380946 -0.9238643374 -0.1794140472
v 0.6399414064 0.6530849823 0.2620418698
v 0.415975426 0.7409769754 0.4214307666
v -0.4979167965 -0.8294017433 0.003904277266
v -0.2733704732 -0.9175214729 -0.1558976317
v 0.6308125479 0.7150331365 0.2338511812
v 0.4229589695 0.7966021262 0.3817734603
v 0.6313443384 0.7140672974 0.2389369927
v 0.4267531595 0.7943559713 0.3845375088
v 0.4203710651 0.7159089348 0.4311211493
v 0.6354999363 0.6314849294 0.2780213242
v -0.243311656 -0.8863473954 -0.0930793755
v -0.4354809747 -0.8109334873 0.04368092278
v -0.2898802994 -0.9214177766 -0.1736489491
v -0.5115987641 -0.8344077197 -0.01585951701
v -0.5213823433 -0.8347621502 -0.03561071988
v -0.3049777307 -0.9196868517 -0.1896184584
v -0.2866639047 -0.9271125213 -0.1551041005
v -0.4990518891 -0.8437640831 -0.003954882667
v -0.2848138423 -0.9136953489 -0.1757689601
v -0.5108017731 -0.8250098391 -0.01494109409
v -0.4595524292 -0.8396823707 0.02355727401
v -0.26922828 -0.914372189 -0.111889895
v 0.4438207462 0.7589708238 0.4113884721
v 0.6341448664 0.6842810055 0.2759413249
v -0.4461632244 -0.7998709819 0.04779214812
v -0.2323743391 -0.8837691609 -0.1043540702
v -0.2707755334 -0.9221480043 -0.1338144421
v -0.4817048865 -0.8393720052 0.01629674576
v 0.4041816218 0.7160746561 0.4211611944
v 0.6303510528 0.6273179244 0.2602041699
v -0.5246082922 -0.8332385217 -0.04403537501
v -0.6414600551 -0.7056690718 -0.278575871
v -0.3108194069 -0.9171367007 -0.1961815897
v -0.4276711409 -0.7895672508 -0.4307221038
v -0.4746617888 -0.8321465098 0.02554496436
v -0.2608729034 -0.9160446888 -0.1266012512
v 0.4317829054 0.7982774053 0.3727985686
v 0.6221070257 0.723587645 0.2373514069
v -0.4749363696 -0.8189882262 0.02899915185
v -0.2516362566 -0.9066188984 -0.1299158656
v -0.2330297837 -0.8842962033 -0.1168571336
v -0.456995764 -0.7964042102 0.04253175233
v 0.4117030647 0.7051756716 0.4303288486
v 0.6315197876 0.6189119976 0.2738928543
v 0.4118988961 0.7181478517 0.4275144815
v 0.6351990091 0.6305171794 0.2685994713
v 0.4257745815 0.7607603475 0.4154698081
v 0.6421792231 0.6758356461 0.2614620769
v -0.4738493953 -0.8138237086 0.02970818479
v -0.2488096139 -0.9021371272 -0.1304449057
v -0.2818597817 -0.9266287332 -0.1414525036
v -0.4881035704 -0.8456914764 0.005324134991
v -0.4998302349 -0.8229166667 -0.0004668457447
v -0.273660746 -0.9116734563 -0.1614238901
v 0.409281837 0.7674212788 0.4000136903
v 0.6354512969 0.678664547 0.2390566369
v -0.4451071419 -0.8255114617 0.03604084543
v -0.2547829927 -0.9002012799 -0.09940631631
v -0.4758379931 -0.8169824888 0.02808007389
v -0.2512916698 -0.9051022763 -0.1317218341
v -0.295593776 -0.9078602449 -0.1941341035
v -0.5215817069 -0.8191747351 -0.03330624116
v 0.4169965635 0.7410669003 0.422039222
v 0.6402966475 0.6534361702 0.2631242118
v 0.6308668039 0.6290311306 0.2871307269
v 0.4279670015 0.7086560508 0.4315275197
v 0.4192828169 0.783481017 0.3965567623
v 0.6380342216 0.6976353521 0.2408789054
v -0.2710834091 -0.9214382168 -0.1272442899
v -0.475674588 -0.8411495428 0.01835624478
v 0.4086765373 0.7700783206 0.3976979348
v 0.6348459683 0.681321531 0.2367408958
v 0.6332393054 0.6304964498 0.2629858212
v 0.4074778661 0.7190930769 0.4236525149
v -0.2550989171 -0.9100728733 -0.1148567378
v -0.4629524954 -0.8285039415 0.03306553233
v -0.4781550226 -0.8470677971 0.01001770344
v -0.2805213303 -0.9246261227 -0.1306313856
v 0.6295893254 0.7129310468 0.2219059579
v 0.5127375625 0.8405004967 -0.01263455254
v 0.4119762269 0.7983299822 0.3767737376
v 0.2951244639 0.9258994321 0.1422332235
v -0.2763976664 -0.9141968556 -0.1636664116
v -0.5023855973 -0.8255113459 -0.00283855556
v 0.6281599067 0.611273936 0.2722288375
v 0.4073533725 0.6979260882 0.4293692632
v -0.490970688 -0.8523618459 -0.009303652653
v -0.2969651749 -0.9284963116 -0.1473707289
v 0.437216503 0.7299629935 0.4266317058
v 0.6348501374 0.652404668 0.285982606
v 0.6231225464 0.606421579 0.2620458652
v 0.3973611071 0.6950182061 0.4227125589
v -0.2539123768 -0.9079463481 -0.1331589541
v -0.4778783572 -0.8200543551 0.02622993364
v 0.6386796777 0.6867781164 0.2416895038
v 0.4147136974 0.7746701674 0.4010784005
v -0.4863231955 -0.8529117025 -0.006764729594
v -0.2959990463 -0.9276015208 -0.1422119004
v -0.4710424689 -0.8124530625 0.03232081785
v -0.2464961456 -0.9005727921 -0.1274810884
v -0.287607306 -0.9218478298 -0.1702178752
v -0.5093257996 -0.8348377729 -0.01242844498
v 0.6358943785 0.7055452151 0.2426356845
v 0.4249650254 0.7883212142 0.3927468804
v 0.6349261654 0.7074896901 0.2385013084
v 0.4225382099 0.7908380704 0.3896505208
v 0.4261123646 0.7885146136 0.392487702
v 0.635529062 0.7063321887 0.2434530287
v -0.5180290056 -0.8424623428 -0.04647078197
v -0.318612188 -0.9207203806 -0.188388881
v -0.445231375 -0.8208258682 0.03970386288
v -0.2494029274 -0.8976757381 -0.09966052221
v 0.421336383 0.7412160611 0.4239913693
v 0.6411531059 0.6549523291 0.2675553749
v 0.4157020901 0.748087126 0.4178029928
v 0.6402484135 0.6599673385 0.2580010956
v -0.4930643237 -0.8278465571 0.009865178937
v -0.2685180004 -0.9159662867 -0.1499367311
v 0.4109495596 0.7977582958 0.3769742882
v 0.2940978256 0.9253277457 0.1424337741
v 0.6297009065 0.7119126308 0.2212964457
v 0.5128492014 0.8394820807 -0.01324406655
v 0.6373625929 0.6515377289 0.2569126158
v 0.411374662 0.7402232387 0.4177404564
v -0.506506337 -0.8502447012 -0.03875360903
v -0.318031816 -0.9242086347 -0.1728844712
v -0.2327815781 -0.8838670187 -0.1032380281
v -0.4451695335 -0.8005185805 0.04791118793
v -0.2652431226 -0.9119955764 -0.1489422006
v -0.4910045619 -0.8233989492 0.01172448391
v -0.311307972 -0.9269124629 -0.166255836
v -0.5034772618 -0.8514985549 -0.0294955377
v 0.6371348563 0.6407491096 0.2801093142
v 0.4262055032 0.7235251086 0.4302205102
v 0.4214986301 0.7155797504 0.4313239292
v 0.6352875444 0.6316815135 0.2791776964
v -0.4721940931 -0.8439182236 0.0166569237
v -0.2745604298 -0.9214765492 -0.1239921684
v 0.4215289718 0.7842779501 0.3965357432
v 0.6379335844 0.6993532486 0.242527983
v -0.2832491598 -0.9151575992 -0.1724998003
v -0.509010628 -0.8265609721 -0.01183311926
v -0.4837350015 -0.8364650496 0.01674036973
v -0.2686061013 -0.920889055 -0.1363594541
v 0.4101589381 0.7813716893 0.39223553
v 0.6351987196 0.6930582708 0.2320824449
v 0.4279747896 0.800987024 0.370248186
v 0.3111230556 0.9285564739 0.1357076864
v 0.6219803317 0.7248525004 0.2321811134
v 0.5051285687 0.8524219503 -0.002359390735
v 0.6298849833 0.6243834644 0.2863407424
v 0.4252937755 0.7046721962 0.4319412729
v 0.6378305153 0.6385293589 0.2697241411
v 0.4161120216 0.7255393579 0.427513584
v 0.6397348048 0.6876844302 0.2633472291
v 0.4334910162 0.768621687 0.4101238772
v -0.4359905012 -0.805704233 0.0464561793
v -0.2383568378 -0.8832625586 -0.09419291326
v 0.6400897565 0.6532465924 0.2756682495
v 0.427701801 0.7365949727 0.4268174619
v 0.4140350623 0.7217975421 0.4276289578
v 0.6365854051 0.6344610223 0.2692475042
v 0.6412358508 0.6557643751 0.2697946103
v 0.4236227523 0.7411633105 0.42466239
v 0.4407930607 0.7598676991 0.4130609429
v 0.6366214793 0.6830178293 0.2736965597
v 0.4060702773 0.7075149941 0.4266415495
v 0.6306166007 0.6193952645 0.2668396233
v 0.4383755099 0.7247881111 0.4268812721
v 0.632381052 0.6486535875 0.2888141995
v 0.4402835053 0.7813383366 0.3940840001
v 0.6306076834 0.7066485183 0.2586368238
v -0.4471427288 -0.7992145819 0.04761704636
v -0.2320138576 -0.8836385873 -0.105482786
v -0.2740176954 -0.9230887709 -0.1304572682
v -0.4786089322 -0.842800097 0.01514326779
v 0.6373911395 0.6449517834 0.2612176061
v 0.4119459431 0.7334242643 0.421659169
v 0.6301284698 0.7154425758 0.2404571035
v 0.428954902 0.7943900768 0.3836254336
v 0.4248879841 0.801386446 0.3720033437
v 0.3080362501 0.9289558959 0.1374628297
v 0.6243047728 0.7231283503 0.2300852484
v 0.5074530677 0.8506978581 -0.004455258459
v -0.5159257 -0.8306663093 -0.02215749134
v -0.2926255869 -0.9182970394 -0.1810725052
v -0.4649546428 -0.8153947605 0.03697973019
v -0.2451379199 -0.9016584925 -0.1194562714
v -0.5250957282 -0.8312996056 -0.04273793046
v -0.6419474912 -0.7037301556 -0.2772784445
v -0.3086911156 -0.916224307 -0.1967456762
v -0.4255428496 -0.7886548571 -0.4312861758
v -0.2401255741 -0.8900833628 -0.1259954594
v -0.4661135049 -0.8013978531 0.0348324066
v 0.4300638219 0.6926390457 0.4286353007
v 0.6203879711 0.6179492274 0.2931881245
v 0.41740525 0.7951068127 0.3832815416
v 0.6325340923 0.7106828073 0.2301817165
v 0.6370829743 0.6546427163 0.2546488002
v 0.4109589401 0.7433816136 0.4155735142
v 0.6307950608 0.7037488586 0.2212522215
v 0.4068290805 0.7916408517 0.3806411182
v -0.2380469645 -0.8873893203 -0.1245602937
v -0.4640348953 -0.7987038105 0.03626757405
v -0.5157578362 -0.8352420588 -0.02346217027
v -0.2959411133 -0.9215057328 -0.1798981827
v 0.6396725001 0.6907433838 0.2596948461
v 0.4318188928 0.7723123735 0.4076171253
v 0.4066412399 0.7114666541 0.4258404473
v 0.6316809924 0.6231532355 0.2656873333
v 0.4159782054 0.717125672 0.4297464789
v 0.6357948994 0.6308619979 0.2733104556
v -0.2471001714 -0.903220743 -0.1235706995
v -0.468818665 -0.8162106861 0.0342187253
v 0.63590677 0.6416928293 0.2833294727
v 0.4296629813 0.7226300862 0.4301060918
v -0.2953057904 -0.9112220365 -0.1912424635
v -0.5207509579 -0.8227494977 -0.03080087529
v 0.6388630598 0.6930270605 0.2421871744
v 0.4180564966 0.7796792127 0.3993276145
v -0.2354820769 -0.8838598965 -0.09794074382
v -0.4400732558 -0.8035712226 0.04765978676
v -0.4849123061 -0.8487284844 0.003518589436
v -0.2854955174 -0.9269865801 -0.1383994996
v -0.458418321 -0.8002810582 0.04189382916
v -0.235118208 -0.8879117304 -0.1170211901
v 0.634444346 0.6669069038 0.2837901571
v 0.4422750273 0.7423208119 0.4205504517
v -0.5159592843 -0.8318236369 -0.02244120295
v -0.2934089415 -0.9191601567 -0.1808226493
v -0.2798587635 -0.9257747647 -0.1371836889
v -0.4844499425 -0.8454860329 0.008416834016
v -0.2395664818 -0.8933424328 -0.1210538288
v -0.4635324332 -0.8054503818 0.03833505886
v -0.4995877329 -0.8427490256 -0.003633202304
v -0.2857988186 -0.9266472046 -0.1557794206
v -0.2475111162 -0.9014389784 -0.1070777306
v -0.4537549338 -0.8205017794 0.03969891208
v 0.6370592916 0.6736583969 0.2441296082
v 0.4109352284 0.7623972942 0.4050543223
v 0.6222973562 0.6072889233 0.2599850032
v 0.396173293 0.6960278785 0.4209097172
v 0.4402272226 0.7429535291 0.4215928399
v 0.6360556412 0.6661036593 0.2822284567
v -0.4592239976 -0.8104345284 0.04105407971
v -0.2404726218 -0.8962801354 -0.114623761
v 0.4298240124 0.7988074008 0.3740485427
v 0.6238295545 0.7226728772 0.2359814556
v -0.4773649222 -0.8282308661 0.02537671065
v -0.2586135754 -0.9140764732 -0.13030113
f 193 156 155
f 194 156 193
f 196 153 154
f 195 153 196
f 283 84 83
f 242 284 241
f 284 84 283
f 241 284 283
f 243 285 244
f 286 85 86
f 285 85 286
f 244 285 286
f 324 367 63
f 212 370 273
f 372 135 373
f 303 402 122
f 39 403 258
f 40 404 24
f 409 339 240
f 430 72 82
f 487 449 36
f 71 501 429
f 520 521 516
f 512 511 522
f 522 511 515
f 523 512 522
f 518 515 524
f 526 518 516
f 516 528 517
f 519 514 528
f 521 528 516
f 514 527 528
f 528 527 517
f 518 529 516
f 516 529 520
f 531 525 528
f 513 534 528
f 535 515 518
f 526 535 518
f 515 536 524
f 515 530 536
f 538 531 528
f 534 539 528
f 528 539 538
f 511 540 515
f 533 532 541
f 541 534 513
f 532 534 541
f 528 525 542
f 528 543 519
f 544 530 515
f 537 544 515
f 515 545 537
f 540 545 515
f 542 546 528
f 546 543 528
f 566 564 476
f 133 567 255
f 322 568 256
f 212 273 603
f 23 39 609
f 257 40 610
f 77 619 309
f 172 167 631
f 409 240 656
f 165 669 467
f 691 65 107
f 44 358 712
f 370 713 273
f 274 714 211
f 714 369 211
f 70 716 311
f 566 476 736
f 69 737 627
f 69 715 737
f 434 745 253
f 44 712 762
f 751 786 326
f 235 393 793
f 664 720 809
f 811 463 213
f 57 495 811
f 772 338 814
f 812 58 816
f 314 820 732
f 165 823 669
f 831 326 188
f 831 751 326
f 832 177 719
f 832 752 177
f 325 785 832
f 785 752 832
f 710 549 833
f 258 550 834
f 841 389 315
f 24 438 844
f 615 845 616
f 846 17 18
f 845 17 846
f 616 845 846
f 849 215 182
f 850 216 422
f 331 877 637
f 637 877 638
f 638 877 878
f 881 767 772
f 882 768 456
f 46 888 90
f 894 625 343
f 427 388 898
f 549 899 257
f 550 900 709
f 765 905 430
f 911 818 817
f 8 912 7
f 7 912 911
f 912 818 911
f 924 925 920
f 916 915 926
f 926 915 919
f 927 916 926
f 922 919 928
f 930 922 920
f 920 932 921
f 923 918 932
f 925 932 920
f 918 931 932
f 932 931 921
f 922 933 920
f 920 933 924
f 935 929 932
f 917 938 932
f 939 919 922
f 930 939 922
f 919 940 928
f 919 934 940
f 942 935 932
f 938 943 932
f 932 943 942
f 915 944 919
f 937 936 945
f 945 938 917
f 936 938 945
f 932 929 946
f 932 947 923
f 948 934 919
f 941 948 919
f 919 949 941
f 944 949 919
f 946 950 932
f 950 947 932
f 6 952 773
f 954 170 172
f 694 396 961
f 963 847 700
f 903 847 963
f 975 37 679
f 209 977 123
f 985 888 46
f 985 261 888
f 996 736 634
f 28 127 1002
f 28 1002 574
f 275 1013 317
f 1029 509 1019
f 274 211 1033
f 604 274 1033
f 1034 212 603
f 1034 603 779
f 133 1035 567
f 747 1043 173
f 747 307 1043
f 57 811 1045
f 1045 811 213
f 815 57 1045
f 214 464 1046
f 464 812 1046
f 1046 812 816
f 1049 225 215
f 1049 215 849
f 421 1049 849
f 1048 1049 421
f 216 1050 422
f 1050 226 1047
f 59 1051 399
f 859 1051 59
f 779 603 1060
f 313 819 1061
f 1006 1064 1005
f 1005 1064 1063
f 662 1067 1021
f 1068 760 661
f 387 1073 428
f 136 1076 371
f 1092 1093 704
f 1094 1089 701
f 1098 1088 743
f 1081 1105 117
f 1111 1104 53
f 101 1113 249
f 1114 1113 101
f 249 1117 148
f 1113 1117 249
f 147 1118 250
f 1119 1118 147
f 1117 1127 148
f 250 1128 102
f 1118 1128 250
f 1128 1132 102
f 1134 1091 744
f 1137 1090 702
f 1138 1086 703
f 1095 1140 118
f 1133 1142 54
f 306 1147 623
f 1148 834 305
f 132 1152 760
f 1158 728 560
f 1167 125 27
f 125 1167 126
f 1001 1167 27
f 126 1167 1168
f 127 1169 1002
f 128 1170 127
f 127 1170 1169
f 4 238 1171
f 4 1171 555
f 720 178 1173
f 720 1173 809
f 178 831 1173
f 1173 831 188
f 187 325 1174
f 1174 719 663
f 187 1174 810
f 810 1174 663
f 325 832 1174
f 1174 832 719
f 1185 145 319
f 1187 168 632
f 640 1194 838
f 841 1197 389
f 343 1205 185
f 343 625 1205
f 161 379 1209
f 1209 112 1160
f 199 346 1212
f 314 732 1216
f 424 1220 294
f 447 791 1222
f 1221 448 1224
f 1230 84 284
f 284 242 1230
f 286 86 1232
f 1232 244 286
f 1021 1067 1233
f 629 1243 1023
f 429 766 1246
f 1251 384 1012
f 1251 1245 384
f 839 1257 769
f 1257 1023 890
f 889 1258 770
f 1258 1024 840
f 796 1262 365
f 823 1263 669
f 670 1264 166
f 1264 824 166
f 1238 1270 1008
f 243 1272 285
f 503 1272 243
f 265 139 1279
f 431 967 1283
f 377 1286 758
f 260 581 1287
f 1213 582 1288
f 3 237 1289
f 3 1289 777
f 1289 778 777
f 1290 778 1289
f 1293 599 557
f 381 1293 913
f 1294 600 382
f 558 1294 914
f 376 1302 80
f 994 1303 19
f 1306 189 955
f 1309 1221 1224
f 447 1222 1310
f 1223 447 1310
f 111 1311 1210
f 491 688 1312
f 35 1321 488
f 1321 450 488
f 449 1322 36
f 449 219 1322
f 462 1328 586
f 1223 1310 1328
f 1332 1206 186
f 1208 672 1334
f 1335 711 761
f 821 799 1337
f 644 1342 385
f 1032 682 1355
f 653 1065 1359
f 493 1066 1360
f 83 1365 283
f 582 259 1365
f 1288 1365 83
f 1288 582 1365
f 1366 260 1287
f 264 1367 331
f 331 1367 877
f 1320 1192 1370
f 493 1373 1066
f 1383 363 1184
f 1387 510 1020
f 1392 1384 1070
f 1183 1384 1392
f 1398 52 474
f 1399 119 1191
f 1031 681 1401
f 1404 76 152
f 238 281 1405
f 238 1405 1171
f 27 125 1406
f 1406 237 3
f 1172 1406 3
f 27 1406 1172
f 1410 636 640
f 1411 1213 1288
f 581 1214 1412
f 1287 581 1412
f 893 665 1413
f 283 1415 241
f 1415 1271 241
f 1365 259 1415
f 1365 1415 283
f 285 1416 85
f 1272 1416 285
f 1416 1366 85
f 1147 833 1419
f 1420 1148 624
f 1426 1026 231
f 1429 1185 319
f 1190 1185 1429
f 320 146 1430
f 146 1186 1430
f 1433 1189 157
f 1186 1189 1433
f 1430 1186 1433
f 1434 1190 1429
f 1408 984 1437
f 1438 1407 65
f 507 1441 508
f 1442 593 594
f 508 1441 1442
f 1441 593 1442
f 1443 596 595
f 506 1444 505
f 505 1444 1443
f 1444 596 1443
f 452 1453 465
f 150 1454 466
f 1018 1455 381
f 381 1455 1293
f 1455 599 1293
f 600 186 1456
f 600 1456 382
f 1457 333 197
f 1459 396 694
f 1461 127 28
f 1461 128 127
f 1405 1461 28
f 281 1461 1405
f 282 1462 281
f 1462 128 1461
f 281 1462 1461
f 1463 279 237
f 279 1463 280
f 125 1463 1406
f 1406 1463 237
f 1464 125 126
f 1463 125 1464
f 280 1463 1464
f 1477 671 1207
f 1333 1477 1207
f 672 1478 1334
f 828 1480 576
f 828 784 1480
f 551 1481 710
f 1483 1029 1019
f 1020 510 1484
f 510 1030 1484
f 237 279 1485
f 237 1485 1289
f 1485 1290 1289
f 1486 238 4
f 1290 1486 4
f 1486 1290 1485
f 805 1489 1421
f 1495 99 357
f 100 206 1496
f 1436 1499 141
f 437 1501 23
f 700 1501 437
f 1504 838 561
f 1512 1351 1353
f 103 1515 621
f 1515 622 621
f 1516 592 104
f 592 1516 591
f 591 1516 1515
f 1516 622 1515
f 821 1337 1517
f 163 1447 1523
f 991 1448 1524
f 279 1525 1485
f 1525 1486 1485
f 1526 279 280
f 1526 1525 279
f 1527 281 238
f 1527 282 281
f 1486 1527 238
f 1525 1527 1486
f 1526 1528 1525
f 1527 1528 282
f 1528 1527 1525
f 1529 497 726
f 1291 1529 1297
f 1530 498 1292
f 725 1530 1298
f 1319 1191 1531
f 1535 689 1244
f 1535 1244 1024
f 1536 1479 575
f 1536 690 1479
f 1541 609 1420
f 965 179 1546
f 1549 1035 133
f 1550 799 821
f 1036 724 1550
f 373 135 1551
f 1552 374 1474
f 1148 305 1555
f 624 1148 1555
f 624 1555 1431
f 1556 306 623
f 438 1502 1563
f 1502 699 1563
f 1564 700 437
f 1564 437 843
f 963 700 1564
f 1565 265 1279
f 140 266 1566
f 1280 140 1566
f 1568 865 1513
f 1571 1387 1020
f 1019 509 1572
f 509 1388 1572
f 1573 425 1561
f 426 958 1574
f 1574 959 907
f 185 1205 1575
f 1205 1331 1575
f 1576 186 600
f 1576 1332 186
f 788 1332 1576
f 673 1579 1459
f 435 1581 571
f 1584 672 1208
f 978 1588 210
f 1182 1590 96
f 1591 854 896
f 411 1593 176
f 1597 287 1491
f 1055 1613 234
f 1109 1122 1613
f 1085 1123 1614
f 53 1615 829
f 53 1104 1615
f 1104 1112 1615
f 1616 1133 54
f 1099 1133 1616
f 1056 1618 1470
f 1056 1614 1618
f 1621 604 780
f 1059 1621 780
f 603 273 1622
f 603 1622 1060
f 1626 1204 1295
f 1336 1627 51
f 51 1627 1397
f 198 1458 1628
f 1628 1458 1335
f 162 380 1629
f 684 650 1630
f 275 1631 1013
f 1633 557 563
f 475 1633 565
f 1633 563 565
f 913 1633 475
f 1293 557 1633
f 913 1293 1633
f 564 1634 476
f 1634 558 914
f 336 1637 751
f 751 1637 786
f 1639 620 310
f 1644 1204 1626
f 893 1647 665
f 894 1648 625
f 462 586 1650
f 1630 161 1651
f 1210 162 1652
f 1262 1653 365
f 1262 1240 1653
f 366 1654 795
f 1654 1261 795
f 117 1655 869
f 117 1105 1655
f 1105 1084 1655
f 1656 1095 118
f 1096 1095 1656
f 1421 1145 1657
f 965 1546 1662
f 1662 1546 1072
f 1663 649 683
f 380 1663 1629
f 1629 1663 683
f 1664 379 161
f 1630 1664 161
f 650 1664 1630
f 877 1665 878
f 1367 1665 877
f 878 1666 332
f 1666 1368 332
f 878 1665 1666
f 1667 129 1379
f 1512 1668 1351
f 1380 1668 1512
f 1542 1670 330
f 1542 610 1670
f 226 1671 1047
f 1047 1671 353
f 1672 225 1049
f 1048 1672 1049
f 646 1673 1317
f 210 1674 1318
f 1675 348 347
f 1676 348 1675
f 349 1677 910
f 1678 349 350
f 1677 349 1678
f 1064 1682 1063
f 1063 1682 1681
f 365 1653 1684
f 149 1689 150
f 150 1690 1454
f 150 1689 1690
f 1691 213 13
f 1045 213 1691
f 1692 13 14
f 1691 13 1692
f 1693 16 15
f 16 1694 242
f 1694 16 1693
f 1695 897 1373
f 898 388 1696
f 82 72 1700
f 695 1701 61
f 88 1701 695
f 88 1308 1701
f 1457 197 1703
f 1703 197 1467
f 1627 1703 1397
f 1627 1457 1703
f 1398 1704 52
f 1468 1704 1398
f 1704 1628 52
f 1704 198 1628
f 575 1479 1705
f 1479 827 1705
f 1706 828 576
f 1340 351 1711
f 1714 206 100
f 1714 1070 206
f 1392 1070 1714
f 692 66 1717
f 1219 1717 423
f 692 1717 1219
f 1349 1721 1440
f 1404 152 1724
f 1725 1597 1491
f 1492 288 1726
f 288 1598 1726
f 970 1730 1201
f 1492 1726 1730
f 1731 1556 1432
f 1177 1657 1731
f 1555 305 1732
f 1553 1176 1734
f 879 356 1736
f 1724 152 1738
f 1610 1742 228
f 471 1743 106
f 590 1743 471
f 1748 268 1348
f 371 208 1752
f 313 1061 1755
f 1755 1061 1069
f 205 1755 1713
f 1755 1069 1713
f 1070 1756 206
f 1757 1165 29
f 1759 431 1283
f 1451 431 1759
f 968 432 1760
f 1284 1760 636
f 1284 968 1760
f 1761 1357 867
f 260 1762 581
f 868 1762 260
f 509 1763 1388
f 1565 1279 1763
f 510 1764 1030
f 1765 1179 974
f 1349 1440 1768
f 67 1143 1770
f 1372 583 1773
f 866 1774 1567
f 1209 1775 112
f 379 1775 1209
f 1775 1312 112
f 1775 491 1312
f 1776 380 162
f 1776 492 380
f 687 492 1776
f 1210 1776 162
f 1311 687 1776
f 1311 1776 1210
f 1719 1369 1785
f 1320 1370 1786
f 419 1787 420
f 420 1787 1788
f 418 1790 417
f 417 1790 1789
f 969 1729 1791
f 110 1282 1794
f 1032 1355 1795
f 1797 985 46
f 45 887 1798
f 1798 986 312
f 887 986 1798
f 1175 1733 1799
f 1799 1754 1054
f 1734 1176 1800
f 1283 967 1803
f 1805 1329 1235
f 606 1807 1445
f 780 604 1811
f 604 1033 1811
f 1749 1811 303
f 780 1811 1749
f 1812 1034 779
f 478 1815 1375
f 1817 792 448
f 1221 1817 448
f 553 1817 1221
f 791 1818 1222
f 1819 295 239
f 1819 239 655
f 1820 296 678
f 1031 1401 1821
f 211 369 1823
f 683 649 1824
f 1824 212 1034
f 483 1385 1828
f 1052 1830 860
f 278 1831 1603
f 1068 661 1833
f 1022 1068 1833
f 1834 662 1021
f 1715 662 1834
f 1835 650 684
f 369 1835 1823
f 1823 1835 684
f 1836 370 212
f 1824 1836 212
f 649 1836 1824
f 1483 1019 1837
f 1571 1020 1838
f 1166 1840 1758
f 1841 797 1753
f 1841 1753 1053
f 1843 274 604
f 19 1303 1843
f 19 1843 1621
f 1621 1843 604
f 273 713 1844
f 273 1844 1622
f 1847 991 1524
f 1848 992 217
f 1447 992 1848
f 1523 1447 1848
f 1342 1853 385
f 386 1854 643
f 754 1854 386
f 1854 1341 643
f 112 1312 1855
f 1856 111 1159
f 1857 121 114
f 1858 122 324
f 1611 1859 489
f 1437 1859 1611
f 1860 202 1438
f 1861 1217 1532
f 1531 1862 690
f 1864 114 230
f 1864 230 458
f 1857 114 1864
f 1865 1639 310
f 309 1866 170
f 309 619 1866
f 619 1640 1866
f 1867 1519 1058
f 1869 1497 988
f 475 565 1871
f 1871 565 686
f 735 475 1871
f 1872 566 736
f 1872 736 996
f 645 1873 633
f 633 1873 995
f 1873 735 995
f 736 476 1874
f 736 1874 634
f 1650 586 1875
f 1876 1649 307
f 763 407 1878
f 357 99 1879
f 1880 358 44
f 998 1884 1805
f 748 308 1889
f 748 1889 1269
f 1269 1889 1237
f 87 1307 1891
f 431 1893 967
f 1347 1747 1893
f 432 1894 1452
f 1597 1895 287
f 1072 1895 1597
f 708 1900 1490
f 1407 983 1901
f 1902 1408 66
f 704 1093 1903
f 1093 1107 1903
f 704 1903 1585
f 1904 1138 703
f 1101 1138 1904
f 1906 1260 1884
f 1855 1907 1727
f 444 1908 1728
f 1047 353 1909
f 1039 577 1911
f 1911 1494 658
f 1919 140 1280
f 1920 1240 1262
f 1237 1922 1154
f 1705 827 1924
f 289 1619 1926
f 1927 1277 819
f 1927 1295 1277
f 1626 1295 1927
f 368 1930 323
f 1673 1933 209
f 1674 1934 645
f 1935 1669 329
f 1935 843 1669
f 269 1937 1324
f 270 1938 618
f 1491 287 1939
f 1771 1155 1941
f 596 1444 1946
f 1947 498 1530
f 725 1947 1530
f 497 1948 726
f 1239 1951 1919
f 1954 1617 1469
f 775 1956 1600
f 1959 738 628
f 658 1494 1962
f 1963 1328 462
f 1963 1223 1328
f 1964 1224 352
f 1309 1224 1964
f 1327 1309 1964
f 1964 352 1712
f 1919 1965 140
f 1951 141 1965
f 1951 1965 1919
f 1920 1966 1240
f 1966 1952 1240
f 297 1968 730
f 730 1968 1468
f 733 1969 1281
f 11 1971 12
f 1971 11 1386
f 1972 196 12
f 916 1972 915
f 927 1972 916
f 1972 126 1168
f 1464 126 1972
f 280 1464 1972
f 1972 1526 280
f 1528 1526 1972
f 1678 350 1972
f 12 1971 1972
f 1972 1971 915
f 10 1974 9
f 156 194 1974
f 1170 128 1974
f 128 1462 1974
f 1462 282 1974
f 1974 282 1528
f 1974 348 1676
f 1974 1972 927
f 1974 1528 1972
f 9 1974 1973
f 617 269 1977
f 1323 270 1978
f 1979 869 979
f 416 1981 1697
f 823 1983 1263
f 1012 384 1986
f 1012 1986 1898
f 1987 493 1360
f 1701 1987 61
f 62 1988 696
f 1065 494 1988
f 1359 1988 62
f 1359 1065 1988
f 1988 494 1702
f 1988 1702 696
f 253 745 1991
f 253 1991 1449
f 1449 1991 1450
f 1450 1991 1992
f 580 300 1995
f 1997 829 1195
f 1629 683 1999
f 1823 684 2000
f 680 976 2002
f 1412 2004 419
f 1412 1214 2004
f 419 2004 1787
f 474 52 2005
f 2009 866 1514
f 367 1929 2009
f 2010 368 64
f 865 1773 2010
f 1522 825 2011
f 746 2012 433
f 271 2015 1340
f 1433 157 2015
f 617 2017 269
f 2017 1937 269
f 1938 2018 618
f 105 2019 472
f 1331 787 2019
f 1575 2019 105
f 1575 1331 2019
f 2019 1744 472
f 2019 787 1744
f 2020 788 1576
f 1743 2020 106
f 315 389 2021
f 1451 2023 431
f 2023 1893 431
f 2023 1347 1893
f 1748 1348 2024
f 1894 2024 1452
f 1894 1748 2024
f 1136 1106 2025
f 1124 1139 2026
f 1954 2026 1617
f 1397 1703 2027
f 1703 1467 2027
f 730 1468 2028
f 2028 1468 1398
f 2030 1278 820
f 2030 1488 1278
f 2035 861 1227
f 2037 209 123
f 1673 209 2037
f 1317 1673 2037
f 124 978 2038
f 978 210 2038
f 2038 210 1318
f 1672 2040 225
f 2045 1917 158
f 2045 158 2016
f 396 2047 961
f 2047 1711 1509
f 2048 395 693
f 962 2048 693
f 1510 2048 962
f 2048 1712 395
f 2055 768 882
f 771 2055 882
f 772 2056 338
f 767 2056 772
f 811 2057 463
f 495 2057 811
f 2058 496 58
f 2058 316 496
f 812 2058 58
f 2022 316 2058
f 1182 2062 1590
f 151 1403 2063
f 1553 2063 1176
f 1723 151 2063
f 1723 2063 1553
f 2064 1404 1724
f 1998 830 2066
f 391 47 2068
f 391 2068 788
f 788 2068 1332
f 1631 2069 1013
f 1014 2070 276
f 451 2070 1014
f 2070 1632 276
f 2071 76 1404
f 2071 1547 76
f 251 2075 1685
f 2075 1686 1685
f 2076 1682 252
f 1682 2076 1681
f 1681 2076 2075
f 2076 1686 2075
f 2077 2042 2041
f 2078 2042 2077
f 154 2080 196
f 2080 508 1442
f 2080 1442 594
f 2080 2044 196
f 2080 2043 2044
f 2079 2043 2080
f 2081 473 1003
f 2006 473 2081
f 2083 2001 199
f 2084 2002 1488
f 2084 1488 2030
f 1718 691 2085
f 1220 1718 2085
f 108 692 2086
f 2086 1219 293
f 2086 692 1219
f 699 2087 964
f 2087 848 964
f 2087 1833 848
f 1022 1833 2087
f 847 2088 700
f 700 2088 1501
f 908 960 2091
f 960 1573 2091
f 2091 1573 1561
f 1562 426 2092
f 426 1574 2092
f 2092 1574 907
f 1725 1491 2093
f 1729 1725 2093
f 1729 2093 1791
f 2094 1730 970
f 2094 1492 1730
f 1792 2094 970
f 1940 1492 2094
f 668 2014 2095
f 2096 667 1247
f 1885 1837 2098
f 80 2099 1299
f 80 1302 2099
f 857 2100 1300
f 2103 1679 1990
f 1989 2104 34
f 1273 2105 1923
f 579 299 2109
f 1980 870 2112
f 428 50 2116
f 2118 826 2012
f 2119 262 986
f 887 2119 986
f 1313 2119 887
f 1313 1015 2119
f 261 173 2120
f 261 2120 888
f 1000 2122 1648
f 2123 584 1774
f 2124 1256 1930
f 2125 1739 144
f 2127 641 37
f 804 143 2129
f 451 2129 2070
f 452 2130 1453
f 2125 144 2130
f 2131 1723 1553
f 1737 1723 2131
f 1554 2132 602
f 1554 2064 2132
f 2064 1724 2132
f 1983 2135 1263
f 276 2136 1264
f 1264 2136 824
f 276 1632 2136
f 2136 1984 824
f 1886 1838 2138
f 1029 2139 509
f 2139 1763 509
f 2139 1565 1763
f 1280 1566 2140
f 1764 2140 1030
f 1764 1280 2140
f 2142 731 1215
f 329 1669 2143
f 1669 1541 2143
f 329 2143 2055
f 2055 2143 768
f 2144 1542 330
f 1419 1542 2144
f 785 2145 752
f 1467 729 2145
f 2145 729 1638
f 2145 1638 752
f 2027 2145 785
f 2027 1467 2145
f 1637 2146 786
f 2146 730 2028
f 293 1219 2147
f 1219 423 2147
f 2148 424 294
f 345 2149 200
f 675 2151 1005
f 2151 1006 1005
f 622 2152 621
f 2152 622 676
f 621 2152 2151
f 2152 1006 2151
f 614 1602 2157
f 2158 613 1471
f 1591 2159 854
f 2051 2159 1591
f 1827 484 2160
f 2160 484 2052
f 1772 1156 2162
f 2164 875 876
f 2164 876 1232
f 2163 875 2164
f 2165 874 873
f 873 1543 2165
f 2166 874 2165
f 739 2167 740
f 739 1199 2167
f 740 2168 1232
f 2168 2164 1232
f 2168 2163 2164
f 740 2167 2168
f 2167 2163 2168
f 2169 2166 2165
f 742 2170 741
f 741 2170 2169
f 2170 2166 2169
f 322 2172 568
f 2173 905 765
f 2173 221 1077
f 765 1245 2173
f 1245 1251 2173
f 221 2173 1646
f 766 906 2174
f 222 2174 1102
f 2174 1246 766
f 1252 1246 2174
f 2175 2008 1778
f 2175 1801 2008
f 2176 1802 89
f 255 567 2177
f 567 321 2177
f 2178 322 256
f 2180 454 1234
f 2181 1739 2125
f 2182 958 426
f 1862 1218 2183
f 2184 1861 689
f 697 2185 1476
f 698 2186 1708
f 796 365 2187
f 1285 2187 378
f 1683 366 2188
f 2189 1911 658
f 1039 1911 2189
f 657 1493 2190
f 1493 1912 2190
f 1342 2194 1853
f 797 601 2197
f 797 2197 1753
f 1753 2197 1800
f 2198 798 1842
f 1754 2198 1842
f 247 1849 2199
f 2201 401 121
f 2201 499 401
f 2202 500 1255
f 2202 1255 1929
f 2203 1571 1838
f 2203 1838 1886
f 2097 2203 1886
f 1019 1572 2204
f 1837 1019 2204
f 1837 2204 2098
f 2205 1483 1837
f 2205 1837 1885
f 2137 2205 1885
f 1020 1484 2206
f 1838 1020 2206
f 1838 2206 2138
f 2092 907 2207
f 2209 1163 1213
f 2209 1213 1411
f 2003 2209 1411
f 1214 2210 2004
f 2212 1356 1796
f 953 169 2214
f 2215 2103 33
f 2104 1680 2216
f 826 1521 2217
f 433 2217 1642
f 2012 2217 433
f 2012 826 2217
f 434 2218 745
f 2218 2011 745
f 2218 1522 2011
f 577 1249 2219
f 577 2219 1911
f 1911 2219 1494
f 2220 578 1040
f 1912 2220 1040
f 425 957 2221
f 957 2181 2221
f 2221 2181 2125
f 2222 426 1562
f 2126 1740 2222
f 2222 2182 426
f 1740 2182 2222
f 1609 1741 2223
f 1842 2226 202
f 1842 798 2226
f 167 2227 1188
f 168 2228 171
f 2229 841 315
f 2229 315 2057
f 495 2229 2057
f 316 390 2230
f 316 2230 496
f 390 842 2230
f 2233 447 1223
f 2046 1918 2233
f 448 792 2234
f 32 1266 2240
f 885 25 2241
f 1595 26 2242
f 694 961 2243
f 2245 73 1228
f 2246 74 1161
f 496 2230 2249
f 2250 495 57
f 1248 668 2251
f 668 2095 2251
f 2251 2095 1892
f 2252 2096 1247
f 850 422 2254
f 1121 1103 2255
f 1129 1141 2256
f 2031 2257 2032
f 2258 739 740
f 1232 2258 740
f 2032 2258 1232
f 2257 739 2258
f 2032 2257 2258
f 2259 742 741
f 741 1200 2259
f 2034 2260 2033
f 2260 742 2259
f 2033 2260 2259
f 1307 2261 1891
f 2261 29 2096
f 1891 2261 2252
f 2261 2096 2252
f 2262 30 1308
f 2262 1308 88
f 1892 2262 88
f 2095 2262 1892
f 1953 2025 2263
f 2265 645 633
f 1674 645 2265
f 1318 1674 2265
f 2266 646 1317
f 634 1874 2266
f 1874 646 2266
f 2267 2101 756
f 863 2101 2267
f 1514 866 2269
f 2269 265 1565
f 2269 1567 265
f 866 1567 2269
f 2270 1568 1513
f 2272 642 38
f 562 1503 2273
f 2276 1402 1822
f 2277 889 770
f 769 1257 2278
f 1257 890 2278
f 769 2278 1950
f 2279 791 447
f 2233 2279 447
f 1918 2279 2233
f 2280 1917 2045
f 792 2280 2234
f 2234 2280 2045
f 443 2282 116
f 2283 1321 35
f 2283 441 1321
f 2285 133 255
f 568 134 2286
f 256 568 2286
f 63 367 2289
f 367 2009 2289
f 2289 2009 1514
f 1513 865 2290
f 2290 2010 64
f 865 2010 2290
f 272 2292 1580
f 272 2016 2292
f 1967 2297 298
f 2301 173 261
f 2301 747 173
f 1890 747 2301
f 1270 1890 2301
f 174 1044 2302
f 1044 748 2302
f 2302 748 1269
f 2302 1269 1007
f 2303 1777 398
f 2304 1778 2250
f 1711 351 2305
f 1711 2305 1509
f 351 1963 2305
f 2305 1963 462
f 461 1327 2306
f 461 2306 1510
f 1327 1964 2306
f 2306 1964 1712
f 1510 2306 2048
f 2306 1712 2048
f 2307 1226 1225
f 2308 1226 2307
f 1184 2309 659
f 410 340 2310
f 410 2310 660
f 1041 1557 2311
f 2312 1042 1914
f 2313 1989 34
f 33 2103 2314
f 2103 1990 2314
f 65 2315 107
f 65 1407 2315
f 2315 1901 486
f 1407 1901 2315
f 485 2316 108
f 2316 66 692
f 108 2316 692
f 2316 1902 66
f 1160 112 2317
f 112 1855 2317
f 2317 1855 1727
f 2318 1856 1159
f 1728 1908 2318
f 1908 1856 2318
f 166 824 2321
f 166 2321 2031
f 2031 2321 2257
f 773 2323 647
f 952 2323 773
f 952 2254 2323
f 774 2324 5
f 2324 951 5
f 2325 7 911
f 2325 1697 7
f 2326 47 391
f 2326 1698 47
f 2327 1039 2189
f 2328 1040 1381
f 1912 1040 2328
f 2190 1912 2328
f 70 311 2329
f 1798 312 2330
f 2331 17 845
f 2331 1603 17
f 1738 2334 98
f 1589 2335 1181
f 2335 2061 1181
f 2062 2336 1590
f 2337 903 963
f 586 2337 1875
f 2338 904 585
f 848 904 2338
f 964 848 2338
f 2338 585 1649
f 964 2338 1876
f 1876 2338 1649
f 1596 677 2339
f 1820 678 2340
f 2343 2173 1077
f 1116 1102 2344
f 1102 2174 2344
f 1187 2345 168
f 2345 2228 168
f 2345 1977 2228
f 2227 2346 1188
f 1500 2348 1435
f 745 2349 1991
f 1991 2349 1992
f 745 2011 2349
f 2350 746 254
f 1992 2350 254
f 1992 2349 2350
f 2035 1227 2353
f 2245 1228 2354
f 1915 2357 163
f 1325 2111 2357
f 1916 2358 1996
f 1980 2112 2358
f 2359 48 392
f 31 1265 2359
f 31 2359 2067
f 2067 2359 392
f 47 2360 2068
f 1181 2361 267
f 1181 2061 2361
f 618 2362 268
f 618 2018 2362
f 2183 2363 783
f 2363 1809 2224
f 2364 1810 2184
f 2223 2364 784
f 1730 2365 1201
f 1730 1726 2365
f 1202 2366 969
f 2366 1729 969
f 87 1891 2367
f 2251 1892 2368
f 2369 1371 559
f 584 1371 2369
f 1774 584 2369
f 1774 2369 1567
f 560 2370 1568
f 1568 2370 865
f 2370 1773 865
f 2370 1372 1773
f 2372 1352 1354
f 2372 2162 1352
f 1772 2162 2372
f 2374 192 724
f 2374 724 1036
f 1849 659 2375
f 2199 2375 588
f 1849 2375 2199
f 2376 1850 248
f 2200 2376 248
f 369 2377 1835
f 370 2378 713
f 1850 660 2379
f 2380 1849 247
f 2381 53 829
f 2381 829 1997
f 2065 2381 1997
f 1616 54 2382
f 830 1616 2382
f 830 2382 2066
f 2066 2382 1276
f 2383 1899 1489
f 474 2005 2383
f 2383 2005 1899
f 2082 474 2383
f 2384 2006 2081
f 377 2385 1286
f 2385 2188 1286
f 2385 1683 2188
f 378 2386 750
f 365 1684 2386
f 2187 365 2386
f 2187 2386 378
f 2252 1247 2387
f 701 1089 2389
f 1089 1108 2389
f 2390 1137 702
f 1087 1137 2390
f 580 1995 2391
f 1916 1996 2392
f 293 2147 2393
f 2393 2147 2215
f 2216 2394 184
f 2062 2399 2336
f 2401 2215 33
f 183 2393 2401
f 2393 2215 2401
f 34 2104 2402
f 2402 2216 184
f 2104 2216 2402
f 98 2334 2403
f 2404 97 855
f 1060 1622 2404
f 2270 1513 2405
f 2289 1514 2406
f 2407 2035 2353
f 1228 2036 2408
f 2354 1228 2408
f 2354 2408 1852
f 1275 2065 2409
f 2127 2409 641
f 1998 2066 2410
f 2128 2410 2110
f 852 397 2411
f 2303 398 2412
f 966 180 2413
f 2413 1721 1349
f 1722 406 2414
f 161 1209 2415
f 2415 1209 1160
f 1651 161 2415
f 1159 111 2416
f 111 1210 2416
f 2416 1210 1652
f 333 2417 197
f 2418 138 334
f 1254 138 2418
f 198 2418 1458
f 2418 334 1458
f 595 2419 73
f 2419 1946 1945
f 596 2420 595
f 2420 596 1946
f 595 2420 2419
f 2420 1946 2419
f 593 2421 594
f 1943 2421 74
f 2422 1943 1944
f 594 2422 2080
f 2422 1944 2080
f 594 2421 2422
f 2421 1943 2422
f 1150 1345 2423
f 1314 1016 2425
f 1314 2425 1801
f 1517 1337 2426
f 1517 2426 1802
f 1852 2408 2427
f 2428 1851 129
f 1602 2429 2157
f 2430 1601 613
f 2158 2430 613
f 2311 2430 2158
f 1671 2431 353
f 1671 2039 2431
f 354 2432 1048
f 2432 1672 1048
f 1233 2179 2433
f 2433 2179 2294
f 2293 2434 404
f 782 1028 2436
f 1475 2437 698
f 2437 2186 698
f 2185 2438 1476
f 2439 564 566
f 2263 2441 501
f 2442 2256 2264
f 337 771 2443
f 813 337 2443
f 813 2443 2195
f 2444 772 814
f 881 772 2444
f 2445 117 869
f 2445 869 1979
f 2111 2445 1979
f 1656 118 2446
f 870 1656 2446
f 870 2446 2112
f 2112 2446 1326
f 578 1250 2447
f 2448 577 1039
f 2449 95 1347
f 2449 1347 2023
f 2450 96 801
f 1445 1807 2451
f 2452 1446 1888
f 1375 1815 2453
f 2454 1376 1570
f 575 1705 2457
f 2281 2457 444
f 1923 1706 2458
f 891 2460 1362
f 2461 309 170
f 2461 170 954
f 547 2461 2213
f 2213 2461 954
f 2462 310 548
f 169 1865 2462
f 1865 310 2462
f 169 2462 2214
f 585 2463 461
f 904 2463 585
f 2463 1327 461
f 1328 2464 586
f 1328 1310 2464
f 586 2464 2337
f 2464 903 2337
f 1207 2465 611
f 1207 671 2465
f 671 1583 2465
f 2465 1583 790
f 789 2466 612
f 2466 1584 1208
f 311 1797 2467
f 2329 311 2467
f 45 1798 2468
f 2468 1798 2330
f 1344 1570 2469
f 1161 2471 1493
f 1493 2471 1912
f 2471 2220 1912
f 2219 2472 1494
f 2473 1533 2293
f 2294 2474 900
f 671 2475 1583
f 672 2476 1478
f 2477 784 828
f 2477 2223 784
f 1609 2223 2477
f 783 2363 2478
f 2363 2224 2478
f 2479 884 204
f 2479 1941 884
f 1771 1941 2479
f 1962 1393 2481
f 2483 440 902
f 2485 220 450
f 441 2485 1321
f 1321 2485 450
f 219 203 2486
f 219 2486 1322
f 2486 442 2284
f 1322 2486 2284
f 2017 2487 1937
f 2487 2491 1937
f 1974 2492 2488
f 2488 2492 2487
f 2487 2492 2491
f 1938 2493 2018
f 2493 2489 2018
f 2489 2493 2490
f 2490 2494 1972
f 2490 2493 2494
f 1197 2495 389
f 390 2496 842
f 2496 1198 842
f 256 2286 2496
f 2496 2286 1198
f 2499 1323 1978
f 2499 1978 2346
f 2227 2499 2346
f 269 1324 2500
f 1977 269 2500
f 1977 2500 2228
f 2501 121 1857
f 323 2501 1857
f 1930 2501 323
f 1930 1256 2501
f 2501 2201 121
f 1256 2201 2501
f 122 2502 324
f 324 2502 367
f 122 402 2502
f 2502 1929 367
f 402 2202 2502
f 2502 2202 1929
f 2503 895 1942
f 883 2503 2480
f 2503 1942 2480
f 1941 2504 884
f 1240 2507 1653
f 1240 1952 2507
f 2508 1239 1261
f 1654 2508 1261
f 1507 2508 1654
f 2509 501 71
f 2509 2263 501
f 1953 2263 2509
f 502 2442 2510
f 2442 2264 2510
f 2515 343 185
f 2515 185 599
f 1455 2515 599
f 186 1206 2516
f 1206 344 2516
f 186 2516 1456
f 1456 2516 1017
f 667 2013 2517
f 2518 668 1248
f 1807 2519 2451
f 250 102 2520
f 2520 102 1808
f 2520 1808 1446
f 2452 2520 1446
f 990 2522 802
f 716 2523 311
f 716 1008 2523
f 311 2523 1797
f 2523 985 1797
f 312 2524 69
f 2524 715 69
f 986 262 2524
f 986 2524 312
f 1559 1909 2525
f 2037 123 2529
f 2247 2529 749
f 2248 2530 362
f 1027 781 2531
f 2435 1027 2531
f 2532 782 2436
f 2532 2436 2476
f 2527 782 2532
f 25 2533 1596
f 26 2534 886
f 1335 2535 711
f 1458 334 2535
f 1458 2535 1335
f 1336 2536 1627
f 2536 1457 1627
f 2539 652 651
f 1226 2540 1225
f 652 2540 1826
f 2540 652 2539
f 1225 2540 2539
f 2541 435 571
f 2542 436 407
f 2542 407 763
f 1582 436 2542
f 572 1582 2542
f 2543 957 425
f 2543 997 957
f 1573 2543 425
f 1806 997 2543
f 958 2544 1574
f 1574 2544 959
f 359 2299 2545
f 2212 2546 1356
f 972 2300 2546
f 1317 2037 2547
f 361 2547 2247
f 2547 2037 2529
f 2547 2529 2247
f 124 2038 2548
f 2530 124 2548
f 2530 2548 362
f 2549 1187 632
f 967 2549 1803
f 631 167 2550
f 167 1188 2550
f 2550 1188 968
f 2550 968 1284
f 631 2550 1804
f 1804 2550 1284
f 1067 759 2551
f 1067 2551 1233
f 2551 453 2179
f 1233 2551 2179
f 2552 1068 1022
f 454 2552 1234
f 1234 2552 1022
f 2441 2255 2553
f 2554 2442 502
f 427 2555 388
f 2555 1074 388
f 701 2389 2555
f 2555 2389 1074
f 428 2556 50
f 1073 2556 428
f 991 2557 1448
f 1815 2559 2453
f 249 148 2560
f 2560 148 1816
f 2560 1816 1376
f 2454 2560 1376
f 2561 2405 2396
f 2395 2562 808
f 1418 1364 2564
f 2450 801 2565
f 990 802 2566
f 2567 1531 690
f 1319 1531 2567
f 2567 690 1536
f 1243 2567 1536
f 1244 2568 630
f 689 2568 1244
f 689 1861 2568
f 1861 1532 2568
f 2571 1469 1377
f 400 60 2574
f 1504 561 2575
f 2274 1504 2575
f 734 562 2576
f 2576 562 2273
f 1231 2577 1232
f 1232 2577 2578
f 1046 816 2579
f 2579 816 1229
f 1230 242 2580
f 1230 2580 1229
f 1229 2580 2579
f 89 2583 45
f 2583 887 45
f 2583 1313 887
f 1802 2583 89
f 2426 1313 2583
f 1802 2426 2583
f 888 2584 90
f 2584 1314 1801
f 888 2120 2584
f 2120 1314 2584
f 90 2584 2175
f 2584 1801 2175
f 781 2587 2528
f 782 2588 1028
f 1253 2589 2297
f 361 2247 2591
f 750 2248 2592
f 2276 2592 1402
f 2593 1976 1932
f 2595 1199 739
f 2257 2595 739
f 2321 2595 2257
f 1200 2596 2259
f 2259 2596 2033
f 1200 2296 2596
f 2596 2322 2033
f 998 1805 2597
f 2597 1805 1235
f 2544 2597 959
f 2544 998 2597
f 1236 2598 960
f 1236 1330 2598
f 960 2598 1573
f 1330 1806 2598
f 2598 2543 1573
f 2598 1806 2543
f 2513 2601 836
f 1551 2601 2513
f 2603 159 714
f 2603 714 274
f 1843 2603 274
f 1303 2603 1843
f 2604 1304 20
f 2604 160 1304
f 1844 2604 20
f 713 2604 1844
f 315 2021 2605
f 2057 315 2605
f 2057 2605 463
f 2605 2021 2497
f 464 2606 812
f 2606 2058 812
f 2606 2022 2058
f 2498 2606 464
f 1261 1239 2607
f 2607 1280 1764
f 1239 1919 2607
f 2607 1919 1280
f 2608 1262 796
f 1279 139 2608
f 139 1920 2608
f 2608 1920 1262
f 1346 1149 2611
f 2424 1346 2611
f 2612 1150 2423
f 2612 2423 2377
f 815 1045 2613
f 2613 1045 1691
f 2577 815 2613
f 2577 2613 2578
f 2614 1691 1692
f 2613 1691 2614
f 2578 2613 2614
f 214 1046 2615
f 1693 214 2615
f 2615 1694 1693
f 2615 1046 2579
f 1694 2616 242
f 242 2616 2580
f 2580 2616 2579
f 2616 1694 2615
f 2579 2616 2615
f 984 2617 1437
f 2617 201 1859
f 1437 2617 1859
f 2618 983 1407
f 202 2618 1438
f 1438 2618 1407
f 202 2226 2618
f 579 2109 2619
f 2128 2110 2620
f 58 496 2621
f 496 2249 2621
f 2622 57 815
f 2622 2250 57
f 2304 2250 2622
f 93 2623 2335
f 2335 2623 2061
f 2623 2397 2061
f 2623 2398 2397
f 94 2624 93
f 2624 94 1974
f 1974 2398 2624
f 93 2624 2623
f 2624 2398 2623
f 91 2625 92
f 2399 2625 2336
f 1972 92 2626
f 2626 2400 1972
f 2626 2399 2400
f 92 2625 2626
f 2625 2399 2626
f 2627 859 59
f 2627 59 2573
f 60 1052 2628
f 1052 860 2628
f 1793 109 2629
f 2629 109 2511
f 184 2394 2632
f 907 959 2633
f 2634 908 2208
f 2635 2051 1591
f 2599 2051 2635
f 1592 2636 1156
f 1592 2160 2636
f 2160 2052 2636
f 1199 2639 2167
f 2167 2639 2163
f 1199 2295 2639
f 2640 1200 741
f 2169 2640 741
f 1201 2365 2641
f 2641 1150 2612
f 2643 1029 1483
f 808 2562 2643
f 2644 807 445
f 1030 2140 2644
f 2645 1225 2539
f 1226 2308 2646
f 129 2649 1379
f 129 1851 2649
f 2650 130 1668
f 1380 2650 1668
f 2481 2650 1380
f 2481 1393 2650
f 2651 2273 1719
f 2576 2273 2651
f 1720 2652 1784
f 1250 2653 2447
f 2654 1249 577
f 2448 2654 577
f 2655 2573 1507
f 2656 1588 978
f 2656 2574 1588
f 2657 879 1736
f 355 880 2658
f 2658 880 1624
f 1735 355 2658
f 2247 749 2659
f 2591 2247 2659
f 378 750 2660
f 2660 750 2592
f 2660 2592 2276
f 1318 2265 2661
f 359 2661 2299
f 634 2266 2662
f 853 2663 1592
f 2663 2160 1592
f 2663 1827 2160
f 483 1828 2664
f 2159 483 2664
f 2159 2664 854
f 2665 2308 2307
f 2666 2308 2665
f 2667 905 2173
f 2343 2667 2173
f 2667 2343 2554
f 906 2668 2174
f 2174 2668 2344
f 2553 2668 906
f 1859 201 2671
f 1859 2671 489
f 490 2672 1612
f 2672 1860 1612
f 96 2673 801
f 801 2673 989
f 96 1590 2673
f 2673 2521 989
f 2674 95 2449
f 802 2674 2449
f 2522 2674 802
f 616 2676 336
f 616 846 2676
f 336 2676 1637
f 2299 971 2677
f 2545 2299 2677
f 858 972 2678
f 2678 972 2546
f 2678 2546 2212
f 1913 1041 2679
f 1041 2311 2679
f 2679 2311 2158
f 2680 2312 1914
f 2157 2429 2680
f 2429 2312 2680
f 1175 2681 1554
f 2681 2064 1554
f 2063 2682 1176
f 2063 1403 2682
f 2683 1577 15
f 1577 2683 1077
f 16 2684 15
f 16 242 2684
f 874 2166 2684
f 2170 742 2684
f 2684 2166 2170
f 742 2260 2684
f 2684 2260 2034
f 15 2684 2683
f 1077 2683 2684
f 13 2685 14
f 2685 1578 1102
f 2686 1102 1974
f 14 2685 2686
f 2686 2685 1102
f 188 326 2688
f 188 2688 1424
f 1424 2688 1906
f 2359 2689 48
f 1265 2689 2359
f 2690 1266 32
f 2360 2690 32
f 341 2692 718
f 2176 89 2695
f 46 90 2696
f 852 2696 397
f 371 2697 208
f 1076 2697 371
f 372 2698 135
f 2698 1075 135
f 2698 1600 1075
f 1295 2699 1277
f 2699 1845 1487
f 1277 2699 2029
f 2699 1487 2029
f 1488 2700 1278
f 2700 1846 1296
f 1278 2700 1928
f 2700 1296 1928
f 581 2701 1214
f 1762 2701 581
f 1762 1358 2701
f 582 2702 259
f 2702 1761 259
f 2703 2393 183
f 2703 293 2393
f 2631 2703 183
f 2148 294 2704
f 2394 2148 2704
f 2632 2704 481
f 2394 2704 2632
f 346 2150 2705
f 2705 2691 717
f 2706 345 1211
f 2707 1183 1392
f 660 2310 2707
f 2310 1183 2707
f 660 2707 2379
f 2708 1184 659
f 1383 1184 2708
f 1391 1383 2708
f 2708 659 1849
f 1391 2708 2380
f 2380 2708 1849
f 1921 2709 1238
f 1936 844 2709
f 1936 2709 1921
f 2711 1230 1229
f 2711 607 2237
f 2238 2712 2237
f 2712 1230 2711
f 2237 2712 2711
f 2713 608 1231
f 2235 2713 2236
f 2714 1232 420
f 2714 1231 1232
f 420 2236 2714
f 2713 1231 2714
f 2236 2713 2714
f 255 2177 2715
f 2715 2177 2154
f 2153 2716 1606
f 2717 1417 1645
f 2563 1417 2717
f 1646 2718 192
f 2719 1544 875
f 2163 2719 875
f 2639 2719 2163
f 1543 2720 2165
f 2165 2720 2169
f 2720 2640 2169
f 2722 1947 725
f 2722 1474 1947
f 1204 2723 1295
f 1295 2723 2699
f 2723 1845 2699
f 2724 1203 1625
f 1296 2724 1625
f 1846 2724 1296
f 2725 1404 2064
f 2725 2071 1404
f 2681 2725 2064
f 1403 75 2726
f 75 2072 2726
f 1403 2726 2682
f 2727 1539 2533
f 2728 2155 2455
f 1540 2648 2728
f 382 1456 2729
f 1456 1017 2729
f 2730 1018 381
f 225 2731 215
f 2732 176 226
f 411 176 2732
f 216 2732 1050
f 2732 226 1050
f 131 587 2733
f 2199 588 2734
f 454 2734 2552
f 1474 374 2735
f 1947 2735 498
f 1474 2735 1947
f 2736 1473 2721
f 1948 2736 2721
f 2691 2737 342
f 2692 2738 2706
f 2378 2739 713
f 2378 2424 2739
f 2739 160 2604
f 713 2739 2604
f 2739 2611 160
f 2424 2611 2739
f 159 2740 714
f 714 2740 369
f 2740 2377 369
f 2740 2612 2377
f 2265 633 2741
f 2299 2741 971
f 2661 2265 2741
f 2661 2741 2299
f 996 634 2742
f 2300 2742 360
f 2742 2662 360
f 2742 634 2662
f 2743 617 1977
f 2743 1977 2345
f 267 2361 2743
f 2361 617 2743
f 2744 618 268
f 270 618 2744
f 2744 268 1748
f 1978 270 2744
f 2437 2745 2186
f 2329 2467 2745
f 2747 601 797
f 855 97 2747
f 602 2132 2748
f 131 2749 587
f 132 2750 1152
f 733 2751 1969
f 734 2752 562
f 1208 1334 2752
f 1766 1180 2754
f 175 2755 412
f 2755 1594 412
f 2755 2341 1594
f 1593 2756 176
f 1719 2757 1369
f 2273 1503 2757
f 2273 2757 1719
f 1720 2758 2652
f 2758 2274 2652
f 2759 1841 1053
f 201 2225 2759
f 2225 1841 2759
f 201 2759 2671
f 1054 1754 2760
f 2760 1842 202
f 1754 1842 2760
f 2760 202 1860
f 1054 2760 2672
f 2672 2760 1860
f 2761 723 1035
f 1549 2761 1035
f 724 2762 1550
f 1550 2762 799
f 2763 1557 1041
f 63 2289 2765
f 2765 2289 2406
f 2395 2765 2562
f 2765 2406 2562
f 1513 2290 2766
f 2405 1513 2766
f 2405 2766 2396
f 2767 497 1529
f 1291 2767 1529
f 498 2768 1292
f 446 808 2769
f 2769 1483 2205
f 808 2643 2769
f 2769 2643 1483
f 2770 445 413
f 1484 1030 2770
f 2770 2644 445
f 1030 2644 2770
f 101 249 2771
f 2519 101 2771
f 2771 249 2560
f 2771 2560 2454
f 147 250 2772
f 2772 250 2520
f 2772 2520 2452
f 2559 147 2772
f 2773 1333 2751
f 2774 1193 837
f 1334 1478 2774
f 795 1261 2775
f 1387 2775 510
f 795 2775 1387
f 2775 1764 510
f 1261 2607 2775
f 2775 2607 1764
f 1763 1279 2776
f 1763 2776 1388
f 2776 2608 796
f 1279 2608 2776
f 2777 629 1023
f 839 2777 1257
f 2777 1023 1257
f 1024 2778 840
f 1244 630 2778
f 1024 1244 2778
f 1469 2779 1377
f 1617 1055 2779
f 1469 1617 2779
f 233 1056 2780
f 2780 1056 1470
f 1378 2780 2572
f 2780 1470 2572
f 2781 1291 1297
f 1530 1292 2782
f 1298 1530 2782
f 1298 2782 2320
f 1644 2784 1204
f 1847 1524 2786
f 1112 1080 2787
f 1615 1112 2787
f 1110 1099 2788
f 2788 1616 830
f 2788 1099 1616
f 1084 1083 2789
f 1655 1084 2789
f 1079 1096 2790
f 2790 1656 870
f 2790 1096 1656
f 613 1601 2791
f 2792 614 1472
f 2793 1359 62
f 61 1987 2794
f 1987 1360 2794
f 2474 1534 2795
f 2796 2473 899
f 2797 1985 1897
f 695 61 2799
f 2793 62 2800
f 1151 2801 131
f 2801 2749 131
f 2801 2339 2749
f 2750 2802 1152
f 903 2803 847
f 904 2804 2463
f 2230 842 2805
f 2230 2805 2249
f 2805 1777 2303
f 2249 2805 2303
f 1778 2008 2806
f 2806 2229 495
f 2250 2806 495
f 1778 2806 2250
f 2278 890 2807
f 2807 2281 115
f 2808 2277 1949
f 2282 2458 2808
f 1826 685 2809
f 1871 686 2810
f 209 2811 977
f 2811 1587 977
f 1933 2811 209
f 2811 1957 1587
f 1588 2812 210
f 210 2812 1674
f 2812 1934 1674
f 2812 1958 1934
f 5 951 2813
f 5 2813 2053
f 2816 2432 354
f 2816 1898 2432
f 1305 2817 1179
f 413 445 2818
f 413 2818 1180
f 2451 2519 2819
f 2819 2771 2454
f 2519 2771 2819
f 2453 2559 2820
f 2820 2772 2452
f 2559 2772 2820
f 791 2821 1818
f 792 2822 2280
f 228 2569 2823
f 2823 2569 754
f 818 2826 590
f 818 912 2826
f 590 2826 1743
f 1061 2827 1069
f 1069 2827 1391
f 2827 1383 1391
f 1384 364 2828
f 1384 2828 1070
f 2828 1062 1756
f 1070 2828 1756
f 2829 1577 1077
f 1077 1993 2829
f 1102 1578 2830
f 2830 1994 1102
f 2497 1994 2830
f 1848 217 2831
f 825 2831 2117
f 1316 218 2832
f 826 2832 1521
f 2657 1736 2834
f 743 1088 2835
f 2835 1111 53
f 1088 1111 2835
f 2835 53 2381
f 2836 1134 744
f 54 1142 2836
f 1142 1134 2836
f 2317 1727 2837
f 649 2839 1836
f 650 2840 1664
f 292 2842 987
f 2098 2842 292
f 2098 2204 2842
f 437 23 2843
f 2843 23 609
f 843 437 2843
f 2843 609 1541
f 843 2843 1669
f 1669 2843 1541
f 40 24 2844
f 610 40 2844
f 2844 24 844
f 610 2844 1670
f 2844 844 1936
f 1670 2844 1936
f 2845 355 1735
f 257 2847 40
f 2847 404 40
f 899 2847 257
f 2847 2293 404
f 899 2473 2847
f 2473 2293 2847
f 403 2848 258
f 258 2848 550
f 2848 900 550
f 2848 2294 900
f 403 2433 2848
f 2433 2294 2848
f 302 2850 973
f 2138 2850 302
f 2138 2206 2850
f 1193 2851 639
f 2114 2059 2851
f 1194 2852 2773
f 1177 1731 2853
f 2853 1731 1432
f 1431 1555 2854
f 1555 1732 2854
f 1431 2854 2108
f 2074 2855 2231
f 2855 2481 1380
f 1379 2856 2232
f 2856 2482 2073
f 1379 2649 2856
f 2649 2482 2856
f 1975 1931 2857
f 2857 2173 705
f 2857 1427 2173
f 891 2857 2460
f 1931 2585 2857
f 2858 1932 1976
f 706 2174 2858
f 2174 1428 2858
f 2586 1932 2858
f 2327 2189 2859
f 657 2190 2860
f 2861 1081 117
f 744 1091 2861
f 1091 1081 2861
f 2861 117 2445
f 2862 1098 743
f 118 1140 2862
f 1140 1098 2862
f 473 51 2863
f 473 2863 1003
f 51 1397 2863
f 2864 1398 474
f 2028 1398 2864
f 2864 474 2082
f 1004 2864 2082
f 2865 319 1363
f 2865 1363 1417
f 1429 319 2865
f 2563 2865 1417
f 1364 2866 2564
f 2867 506 505
f 2868 506 2867
f 507 2869 1250
f 1250 2869 2653
f 2870 507 508
f 2870 508 2080
f 2869 507 2870
f 2871 43 223
f 711 43 2871
f 761 711 2871
f 2872 44 762
f 2873 1335 761
f 52 1628 2873
f 1628 1335 2873
f 52 2873 2005
f 2874 51 473
f 762 712 2874
f 2874 1336 51
f 712 1336 2874
f 2006 2874 473
f 762 2874 2006
f 144 803 2875
f 1453 2875 149
f 2875 1689 149
f 2875 803 1689
f 2130 144 2875
f 2130 2875 1453
f 1454 2876 451
f 1690 2876 1454
f 2876 2129 451
f 2876 804 2129
f 2877 75 1403
f 151 2877 1403
f 2877 1607 75
f 1635 2877 151
f 76 2878 152
f 2878 1608 1636
f 2879 2353 1394
f 1851 2407 2879
f 2407 2353 2879
f 2879 1394 2482
f 1851 2879 2649
f 2649 2879 2482
f 2880 1852 130
f 2880 2354 1852
f 2650 2880 130
f 1393 2880 2650
f 2883 1540 2534
f 1539 2647 2884
f 2285 255 2885
f 2495 2285 2885
f 2885 255 2715
f 2885 2715 1605
f 2178 256 2886
f 2886 256 2496
f 2886 2496 390
f 2716 2178 2886
f 550 709 2887
f 834 2887 305
f 834 550 2887
f 551 710 2888
f 2888 710 833
f 306 2888 1147
f 2888 833 1147
f 585 461 2889
f 2889 461 1510
f 1649 585 2889
f 2890 1650 308
f 2890 462 1650
f 2305 462 2890
f 1509 2305 2890
f 1107 1078 2891
f 1903 1107 2891
f 1115 1101 2892
f 2892 1101 1904
f 2892 1904 1586
f 2893 1882 2050
f 2896 1955 1599
f 1235 1329 2897
f 1426 231 2899
f 1305 2899 2817
f 1306 2900 189
f 1413 665 2901
f 2459 2903 892
f 2815 1897 2903
f 2815 2903 2459
f 2903 2858 892
f 2857 705 2904
f 2857 2904 2460
f 2905 1237 1154
f 1007 1269 2905
f 1269 1237 2905
f 2906 1008 716
f 2906 1238 1008
f 1153 1921 2906
f 1921 1238 2906
f 182 2907 2845
f 2845 2907 355
f 2908 236 181
f 794 236 2908
f 2909 1041 1913
f 2909 2763 1041
f 2633 2763 2909
f 1042 1558 2910
f 1558 2764 2910
f 66 1408 2911
f 1408 1437 2911
f 2911 1437 1611
f 66 2911 1717
f 2912 65 691
f 2912 1438 65
f 1718 2912 691
f 1612 2912 1718
f 1860 1438 2912
f 1612 1860 2912
f 278 2914 1831
f 2637 2914 278
f 23 2915 39
f 2915 403 39
f 1501 2915 23
f 404 2916 24
f 24 2916 438
f 2916 1502 438
f 404 2434 2916
f 2475 2917 1583
f 2475 2435 2917
f 2917 2531 598
f 2435 2531 2917
f 597 2918 1584
f 1584 2918 672
f 2918 2476 672
f 2918 2532 2476
f 2323 2919 647
f 648 2920 774
f 2920 2324 774
f 2920 1560 2324
f 2526 1560 2920
f 1033 211 2921
f 211 1823 2921
f 2921 1823 2000
f 2922 1034 1812
f 683 1824 2922
f 2922 1824 1034
f 1999 683 2922
f 2923 891 1362
f 891 2923 2857
f 2459 892 2924
f 1361 2459 2924
f 2858 2924 892
f 1283 1803 2925
f 2928 2291 1579
f 2564 2866 2928
f 2929 1819 655
f 677 1819 2929
f 2339 677 2929
f 2339 2929 2749
f 656 240 2930
f 240 1820 2930
f 2930 1820 2340
f 656 2930 2750
f 2930 2340 2802
f 2750 2930 2802
f 1580 2292 2931
f 2292 2927 2931
f 2932 1579 673
f 2932 2928 1579
f 2564 2928 2932
f 1559 2525 2933
f 2933 2525 2593
f 2919 1559 2933
f 2934 2920 648
f 2934 2526 2920
f 2935 1044 174
f 2243 961 2935
f 2936 2244 1016
f 1899 2937 707
f 2005 2937 1899
f 2873 761 2937
f 2005 2873 2937
f 2938 762 2006
f 1900 2938 2384
f 2938 2006 2384
f 2872 762 2938
f 1700 2940 1746
f 385 2941 491
f 491 2941 688
f 385 1853 2941
f 1853 753 2941
f 2942 754 386
f 2823 754 2942
f 2943 839 769
f 770 1258 2944
f 1258 840 2944
f 2945 2609 2351
f 2945 2351 2693
f 2946 2610 1267
f 81 71 2947
f 81 2947 383
f 71 429 2947
f 2947 429 1246
f 383 2947 1252
f 2947 1246 1252
f 2948 430 82
f 765 430 2948
f 1245 2948 384
f 1245 765 2948
f 74 2949 1161
f 74 2421 2949
f 2421 593 2949
f 1161 2949 2471
f 2950 595 73
f 1443 595 2950
f 2950 73 2245
f 1162 2950 2245
f 247 2199 2951
f 2951 2734 454
f 2951 2199 2734
f 587 2200 2952
f 2733 587 2952
f 2670 2956 1026
f 1717 2957 423
f 2911 1611 2957
f 1717 2911 2957
f 424 2958 1220
f 490 1612 2958
f 2958 1718 1220
f 2958 1612 1718
f 2959 845 615
f 2959 2331 845
f 298 2959 2675
f 2675 2959 615
f 846 18 2960
f 18 2332 2960
f 2960 2332 297
f 846 2960 2676
f 232 1425 2961
f 2900 2961 189
f 2900 232 2961
f 190 2962 1305
f 2962 2899 1305
f 2962 1426 2899
f 2963 10 9
f 2963 9 1385
f 2042 2964 2041
f 2964 10 2963
f 2041 2964 2963
f 2043 2965 2044
f 2966 11 12
f 196 2966 12
f 196 2044 2966
f 2965 11 2966
f 2044 2965 2966
f 2967 592 591
f 1781 2967 591
f 2968 592 2967
f 2969 1427 2857
f 981 1009 2970
f 981 2970 1428
f 2858 1428 2970
f 335 2971 2581
f 2581 2971 2582
f 335 2675 2971
f 2675 615 2971
f 2972 616 336
f 2972 615 616
f 2971 615 2972
f 2582 2971 2972
f 37 641 2973
f 37 2973 679
f 641 2271 2973
f 2974 38 976
f 680 2974 976
f 2974 2272 38
f 2469 2272 2974
f 2976 178 720
f 2976 2582 178
f 2976 2581 2582
f 2975 2581 2976
f 501 2977 429
f 429 2977 766
f 2977 906 766
f 501 2441 2977
f 2977 2553 906
f 2441 2553 2977
f 430 2978 72
f 2978 502 72
f 905 2978 430
f 2978 2554 502
f 905 2667 2978
f 2667 2554 2978
f 875 2979 876
f 875 1544 2979
f 1232 876 2980
f 876 2979 2980
f 874 2982 873
f 2982 874 2684
f 873 2982 2981
f 2723 2983 1845
f 2724 2984 1203
f 2985 2225 201
f 2617 2985 201
f 2618 2986 983
f 2226 2986 2618
f 2721 1473 2987
f 2721 2987 1813
f 2990 1197 841
f 2991 328 327
f 328 2992 480
f 2992 328 2991
f 553 2993 1817
f 554 2994 1465
f 673 1459 2995
f 2995 1459 694
f 693 395 2996
f 395 1460 2996
f 549 257 2997
f 2997 257 610
f 833 549 2997
f 833 2997 1419
f 2997 610 1542
f 1419 2997 1542
f 39 258 2998
f 609 39 2998
f 2998 258 834
f 2998 834 1148
f 609 2998 1420
f 1420 2998 1148
f 2999 1143 67
f 1409 635 2999
f 1144 2926 3000
f 1868 1520 3002
f 679 3004 2150
f 679 2973 3004
f 3005 885 2241
f 26 886 3006
f 3006 886 1623
f 2242 26 3006
f 2782 1292 3007
f 1768 1440 3008
f 3008 2781 2319
f 334 3009 2535
f 3010 333 1457
f 2536 3010 1457
f 1496 3010 2536
f 1939 3011 439
f 439 3011 2484
f 487 36 3012
f 3012 36 1940
f 3013 475 735
f 3013 913 475
f 1873 3013 735
f 476 1634 3014
f 1634 914 3014
f 476 3014 1874
f 1874 3014 646
f 557 3015 563
f 563 3015 2440
f 471 106 3016
f 3016 106 558
f 3016 558 1634
f 564 3016 1634
f 503 3017 1272
f 1471 3017 503
f 1471 613 3017
f 613 2791 3017
f 3018 2792 1472
f 416 3020 1981
f 2511 3020 416
f 773 647 3021
f 3021 647 1779
f 146 3022 1186
f 1780 3022 146
f 1027 3025 781
f 989 3025 1027
f 989 2521 3025
f 3025 2587 781
f 2588 3026 1028
f 3006 1623 3027
f 2658 1624 3028
f 3031 381 913
f 2730 381 3031
f 3031 913 3013
f 1294 382 3032
f 914 1294 3032
f 162 1629 3033
f 1652 162 3033
f 1652 3033 499
f 3033 1629 1999
f 684 1630 3034
f 3034 1630 1651
f 2000 3034 500
f 2000 684 3034
f 951 2253 3035
f 951 3035 2813
f 3036 952 6
f 2814 3036 6
f 236 3037 181
f 236 394 3037
f 181 3037 850
f 3037 216 850
f 215 3038 182
f 215 2731 3038
f 182 3038 2907
f 3038 235 2907
f 2704 294 3039
f 2704 3039 481
f 482 3040 2631
f 3040 2703 2631
f 1870 1498 3042
f 481 3039 3043
f 1745 3045 2797
f 2797 3045 1985
f 2939 1699 3045
f 1745 2939 3045
f 82 1700 3046
f 3046 1700 1746
f 1021 1233 3047
f 3047 2433 403
f 3047 1233 2433
f 2915 3047 403
f 2180 1234 3048
f 2434 2180 3048
f 2916 3048 1502
f 2434 3048 2916
f 3049 1009 981
f 3049 1779 1009
f 145 3021 3049
f 3021 1779 3049
f 3050 146 320
f 3050 1780 146
f 3051 1591 896
f 1155 3051 1941
f 3051 896 2504
f 1941 3051 2504
f 1155 2635 3051
f 2635 1591 3051
f 895 853 3052
f 853 1592 3052
f 3052 1592 1156
f 3052 1156 1772
f 895 3052 1942
f 1942 3052 1772
f 392 48 3053
f 3053 911 817
f 48 2325 3053
f 3053 2325 911
f 392 3053 2825
f 2825 3053 817
f 912 8 3054
f 8 2326 3054
f 3054 2326 391
f 912 3054 2826
f 3055 169 953
f 171 3055 953
f 2228 3055 171
f 2228 2500 3055
f 172 3056 167
f 170 3056 172
f 170 1866 3056
f 3056 2227 167
f 3057 1959 628
f 1358 3057 2701
f 627 737 3058
f 3058 1357 1761
f 737 1960 3058
f 3058 1960 1357
f 627 3058 2702
f 2702 3058 1761
f 674 1580 3059
f 674 3059 2761
f 2761 3059 723
f 1580 2931 3059
f 3060 2932 673
f 583 3061 2124
f 2318 1159 3061
f 584 3062 1371
f 2415 1160 3062
f 458 230 3063
f 458 3063 485
f 485 3063 2316
f 3063 1902 2316
f 1901 3064 486
f 2497 3065 1994
f 2021 3065 2497
f 3066 1606 2022
f 3066 2022 2606
f 2498 3066 2606
f 824 1984 3067
f 824 3067 2321
f 2321 3067 2595
f 3068 823 165
f 2322 3068 165
f 1845 3069 1487
f 1487 3069 2083
f 3069 2001 2083
f 2002 976 3070
f 2002 3070 1488
f 1488 3070 2700
f 3070 1846 2700
f 956 190 3071
f 190 1305 3071
f 3071 1305 1179
f 3071 1179 1765
f 956 3071 2753
f 2753 3071 1765
f 3072 1306 955
f 1180 3072 2754
f 1180 2818 3072
f 2818 1306 3072
f 3073 2191 570
f 569 3074 1740
f 1740 3074 2182
f 1065 3075 494
f 3075 1374 494
f 1066 3076 654
f 1373 897 3076
f 1373 3076 1066
f 1726 1598 3077
f 1726 3077 2365
f 3078 1725 1729
f 1396 3078 2366
f 2366 3078 1729
f 3079 1386 484
f 1827 3079 484
f 3079 1971 1386
f 1385 9 3080
f 1385 3080 1828
f 9 1973 3080
f 3081 1505 2637
f 2114 3084 2059
f 1569 1375 3085
f 1375 2453 3085
f 3086 1570 1344
f 3086 2454 1570
f 2819 2454 3086
f 1286 2188 3087
f 3087 1571 2203
f 3088 1285 757
f 1572 1388 3088
f 3089 2387 459
f 460 3090 2288
f 2288 3090 2883
f 1247 667 3091
f 667 2517 3091
f 3092 1248 2388
f 3092 2518 1248
f 2894 2518 3092
f 3093 725 1298
f 1529 726 3094
f 1297 1529 3094
f 801 989 3095
f 3095 989 1027
f 3095 1027 2435
f 2565 801 3095
f 3096 990 2566
f 3026 990 3096
f 1028 3026 3096
f 3096 2566 3084
f 3097 2131 601
f 3097 1737 2131
f 97 2333 3097
f 2333 1737 3097
f 97 3097 2747
f 2747 3097 601
f 3098 98 856
f 3098 1738 98
f 1724 1738 3098
f 2132 1724 3098
f 2748 3098 856
f 2132 3098 2748
f 1893 3099 967
f 1893 1747 3099
f 967 3099 2549
f 3099 1187 2549
f 968 3100 432
f 1188 3100 968
f 3100 1894 432
f 1188 2346 3100
f 3101 2926 1144
f 2925 1803 3102
f 2593 3103 1976
f 2525 3103 2593
f 3104 1362 2526
f 2923 1362 3104
f 3104 2526 2934
f 2594 3104 2934
f 337 3105 771
f 3105 329 2055
f 3105 2055 771
f 2056 3106 338
f 2144 330 3106
f 2056 2144 3106
f 1896 3108 1071
f 3109 1010 982
f 3109 2585 1010
f 2857 2585 3109
f 2969 3109 982
f 3109 2969 2857
f 3110 2586 2858
f 1009 3110 2970
f 2970 3110 2858
f 799 3111 1337
f 3112 800 822
f 1338 3112 822
f 693 2996 3112
f 3112 2996 800
f 1323 3113 270
f 910 3113 1323
f 910 1677 3113
f 3113 1938 270
f 1937 3114 1324
f 1937 2491 3114
f 835 2514 3116
f 3116 2988 1814
f 3116 2514 2988
f 3117 1774 866
f 1929 1255 3117
f 2009 3117 866
f 1929 3117 2009
f 1255 2123 3117
f 3117 2123 1774
f 1773 583 3118
f 3118 1930 368
f 2010 3118 368
f 1773 3118 2010
f 583 2124 3118
f 3118 2124 1930
f 319 145 3119
f 319 3119 1363
f 145 3049 3119
f 3119 3049 981
f 982 1010 3120
f 982 3120 1364
f 3120 320 2866
f 1364 3120 2866
f 3120 3050 320
f 1010 3050 3120
f 3123 783 827
f 690 3123 1479
f 1479 3123 827
f 690 1862 3123
f 3123 2183 783
f 1862 2183 3123
f 784 3124 1480
f 3124 689 1535
f 1480 3124 1535
f 3124 2184 689
f 784 2364 3124
f 2364 2184 3124
f 223 2089 3125
f 3125 2089 2796
f 2795 3126 1482
f 2684 3130 2686
f 3129 3131 3130
f 3130 3132 2686
f 3131 3132 3130
f 995 735 3133
f 735 1871 3133
f 3133 1871 2810
f 685 1872 3134
f 3134 1872 996
f 2809 685 3134
f 3135 566 1872
f 685 3135 1872
f 3135 2439 566
f 2646 2439 3135
f 565 563 3136
f 565 3136 686
f 686 3136 1825
f 563 2440 3136
f 869 3137 979
f 869 1655 3137
f 3137 2789 264
f 1655 2789 3137
f 263 3138 980
f 3138 870 1980
f 980 3138 1980
f 3138 2790 870
f 1667 1379 3139
f 1511 1667 3139
f 3139 2232 180
f 3139 1379 2232
f 3140 1380 1512
f 2855 1380 3140
f 2231 2855 3140
f 1248 2251 3143
f 3143 2251 2368
f 2388 1248 3143
f 3143 2368 2648
f 1891 2252 3144
f 2367 1891 3144
f 3144 2252 2387
f 3144 2387 3089
f 3145 821 1517
f 1338 822 3146
f 1518 1338 3146
f 2990 3146 1197
f 1518 3146 2990
f 3147 1349 1768
f 2609 3147 2351
f 1439 1350 3148
f 1767 1439 3148
f 1767 3148 2352
f 3148 1350 2610
f 2352 3148 2946
f 3148 2610 2946
f 199 3149 346
f 975 679 3149
f 2001 3149 199
f 2001 975 3149
f 3149 2150 346
f 3149 679 2150
f 3150 680 2002
f 200 3150 2084
f 3150 2002 2084
f 2149 3150 200
f 3003 680 3150
f 2149 3003 3150
f 599 185 3151
f 599 3151 557
f 3151 1575 105
f 185 1575 3151
f 3151 105 3015
f 557 3151 3015
f 106 3152 558
f 558 3152 1294
f 3152 600 1294
f 3152 1576 600
f 106 2020 3152
f 2020 1576 3152
f 3153 1489 805
f 3153 2383 1489
f 2082 2383 3153
f 1490 1900 3154
f 1900 2384 3154
f 227 3155 1609
f 3155 1741 1609
f 1742 2 3156
f 1742 3156 228
f 228 3156 2569
f 3157 339 409
f 2309 3157 409
f 340 718 3158
f 340 3158 2310
f 2310 3158 1183
f 829 3159 1195
f 829 1615 3159
f 3159 2787 478
f 1615 2787 3159
f 477 3160 1196
f 3160 830 1998
f 1196 3160 1998
f 3160 2788 830
f 1647 3161 665
f 2121 999 3161
f 1647 2121 3161
f 666 3162 894
f 3162 1648 894
f 3162 1000 1648
f 851 3163 2185
f 2185 3163 2438
f 851 2695 3163
f 3163 2746 2438
f 2745 3164 2186
f 2745 2467 3164
f 3165 2717 191
f 3165 2563 2717
f 2927 2563 3165
f 2931 2927 3165
f 1418 2564 3166
f 2718 1418 3166
f 3166 2564 2932
f 3166 2932 3060
f 1503 837 3167
f 1503 3167 2757
f 3168 1504 2274
f 1400 3168 2758
f 2758 3168 2274
f 1957 3169 1587
f 3169 2627 2573
f 1587 3169 2655
f 3169 2573 2655
f 2574 60 3170
f 2574 3170 1588
f 60 2628 3170
f 3170 2628 1958
f 1588 3170 2812
f 3170 1958 2812
f 3131 3129 3171
f 3131 3171 3172
f 1887 1445 3173
f 1445 2451 3173
f 3174 1888 2014
f 3174 2452 1888
f 2820 2452 3174
f 1191 119 3175
f 1191 3175 1531
f 3175 1218 1862
f 1531 3175 1862
f 3176 1192 1320
f 1217 3176 1532
f 1532 3176 1320
f 3122 1390 3177
f 3122 3177 1533
f 997 3179 957
f 997 1883 3179
f 957 3179 2181
f 958 3180 2544
f 3180 998 2544
f 1249 3181 2219
f 2219 3181 2472
f 2867 505 3181
f 1249 2867 3181
f 3182 507 1250
f 3182 1250 578
f 1441 507 3182
f 2220 3182 578
f 3183 1935 329
f 1922 2710 3183
f 2710 1935 3183
f 3183 329 3105
f 330 1670 3184
f 3184 1921 1153
f 1670 1936 3184
f 3184 1936 1921
f 3185 909 1639
f 3185 1639 1865
f 3114 909 3185
f 1324 3114 3185
f 3186 910 1323
f 3186 1323 2499
f 294 1220 3187
f 1220 2085 3187
f 3187 2085 1877
f 294 3187 3039
f 3188 2086 293
f 3188 293 2703
f 1878 3188 3040
f 3040 3188 2703
f 1265 3189 2689
f 2953 3189 1265
f 2512 2630 3190
f 3190 2630 2954
f 3191 385 491
f 644 385 3191
f 379 3191 1775
f 3191 491 1775
f 492 3192 380
f 380 3192 1663
f 2942 386 3192
f 492 2942 3192
f 1395 3197 1268
f 1071 1661 3197
f 1396 3198 3078
f 3200 2121 1647
f 3200 3030 2121
f 2954 3030 3200
f 2142 3202 731
f 1781 3203 2967
f 1782 3204 2527
f 959 2597 3205
f 2597 1235 3205
f 959 3205 2633
f 2633 3205 2763
f 3206 960 908
f 3206 1236 960
f 2634 3206 908
f 2898 1236 3206
f 589 3207 2665
f 3207 2666 2665
f 589 2825 3207
f 2825 817 3207
f 3208 818 590
f 818 3208 817
f 817 3208 3207
f 3208 2666 3207
f 857 3209 2100
f 995 3133 3209
f 858 3210 972
f 2809 3134 3210
f 414 446 3211
f 3211 2205 2137
f 446 2769 3211
f 3211 2769 2205
f 414 3211 2849
f 2849 3211 2137
f 2206 1484 3212
f 3212 2770 413
f 1484 2770 3212
f 2206 3212 2850
f 1707 697 3213
f 1475 698 3215
f 307 3217 1043
f 307 1649 3217
f 1649 2889 3217
f 1043 3217 2936
f 3218 308 748
f 1044 3218 748
f 3218 2890 308
f 1509 2890 3218
f 3219 1745 2797
f 2798 3220 2040
f 3046 1746 3220
f 2798 3046 3220
f 3221 1211 364
f 3221 364 1384
f 1183 3221 1384
f 3158 3221 1183
f 363 3222 1184
f 1184 3222 2309
f 3222 1212 3157
f 3222 3157 2309
f 970 1201 3223
f 2642 1202 3224
f 3225 631 1804
f 3225 1804 2926
f 1038 3225 3101
f 3101 3225 2926
f 3226 632 1037
f 2549 632 3226
f 1803 2549 3226
f 1803 3226 3102
f 1202 969 3227
f 3224 1202 3227
f 1792 970 3228
f 3228 970 3223
f 3229 2483 902
f 901 439 3230
f 901 3230 1688
f 439 2484 3230
f 3231 1373 493
f 3231 1695 1373
f 1758 1695 3231
f 1374 898 3232
f 898 1696 3232
f 3233 1207 611
f 1333 1207 3233
f 2751 1333 3233
f 2751 3233 1969
f 612 3234 1970
f 1970 3234 734
f 612 2466 3234
f 2466 1208 3234
f 3234 2752 734
f 3234 1208 2752
f 1399 3235 119
f 639 1409 3235
f 3000 1410 3236
f 1400 3236 3168
f 3237 835 3116
f 2513 836 3238
f 3115 3238 1660
f 3115 2513 3238
f 3239 439 901
f 3239 1939 439
f 1491 1939 3239
f 2093 1491 3239
f 3240 2094 1792
f 3240 1940 2094
f 440 3012 3240
f 3012 1940 3240
f 77 3241 619
f 731 313 3243
f 1215 731 3243
f 3243 1755 205
f 3243 313 1755
f 1062 314 3244
f 3244 314 1216
f 1756 1062 3244
f 193 155 3246
f 3246 155 2654
f 3246 2654 2448
f 805 1421 3247
f 3247 1657 1177
f 3247 1421 1657
f 1146 1422 3248
f 1658 1146 3248
f 3249 2755 175
f 3220 1746 3249
f 2756 2342 3250
f 3250 3219 2039
f 3253 1932 2586
f 3253 2593 1932
f 2933 2593 3253
f 1931 1975 3254
f 1975 2594 3254
f 1275 3255 2065
f 3255 2381 2065
f 743 2835 3255
f 3255 2835 2381
f 2382 54 3256
f 2382 3256 1276
f 54 2836 3256
f 1421 3257 1145
f 1489 3257 1421
f 1899 707 3257
f 1489 1899 3257
f 1422 3258 806
f 3258 708 1490
f 3258 1490 806
f 3259 1793 2629
f 3259 2629 3189
f 2953 3259 3189
f 110 1794 3260
f 2630 110 3260
f 2630 3260 2954
f 2954 3260 3030
f 1459 3261 396
f 1579 3261 1459
f 2291 271 3261
f 1579 2291 3261
f 1339 272 3262
f 1460 3262 674
f 3262 272 1580
f 3262 1580 674
f 90 2175 3263
f 3263 2175 1778
f 397 3263 2304
f 3263 1778 2304
f 2696 90 3263
f 2696 3263 397
f 398 3264 851
f 1777 3264 398
f 1777 2007 3264
f 2007 2176 3264
f 3264 2695 851
f 3264 2176 2695
f 3265 769 1950
f 2943 769 3265
f 2277 770 3266
f 1949 2277 3266
f 576 3267 889
f 889 3267 1258
f 3267 1024 1258
f 576 1480 3267
f 3267 1535 1024
f 1480 1535 3267
f 1023 3268 890
f 1023 1243 3268
f 3268 1536 575
f 1243 1536 3268
f 1343 1569 3269
f 1343 3269 1881
f 1881 3269 2894
f 1569 3085 3269
f 3270 3086 1344
f 213 3271 13
f 213 463 3271
f 13 3271 2685
f 3271 1578 2685
f 1577 3272 15
f 15 3272 1693
f 3272 214 1693
f 1577 2829 3272
f 3274 1830 1052
f 3274 3266 1830
f 1949 3266 3274
f 312 69 3275
f 3275 69 627
f 2330 312 3275
f 2330 3275 1163
f 738 70 3276
f 628 738 3276
f 628 3276 1164
f 3276 70 2329
f 3277 1517 1802
f 3277 1802 2176
f 2007 3277 2176
f 2989 3277 2007
f 3145 1517 3277
f 2989 3145 3277
f 1801 3278 2008
f 2425 1518 3278
f 1801 2425 3278
f 3278 1518 2990
f 3279 107 408
f 691 107 3279
f 3279 408 764
f 1877 3279 764
f 2085 691 3279
f 2085 3279 1877
f 407 3280 1878
f 3280 108 2086
f 1878 3280 3188
f 3280 2086 3188
f 758 1286 3281
f 3281 2203 2097
f 758 3281 2841
f 2841 3281 2097
f 1286 3087 3281
f 3281 3087 2203
f 2204 1572 3282
f 2204 3282 2842
f 3282 3088 757
f 1572 3088 3282
f 1425 1025 3283
f 3283 1582 572
f 3284 1426 2962
f 3285 295 1819
f 677 3285 1819
f 3285 2287 295
f 2884 2287 3285
f 296 3286 678
f 678 3286 1595
f 761 2871 3287
f 2937 3287 707
f 2937 761 3287
f 708 3288 1900
f 224 2872 3288
f 3288 2938 1900
f 3288 2872 2938
f 479 3289 327
f 3289 2991 327
f 480 3290 1057
f 2992 3290 480
f 3291 3241 77
f 1791 3293 1537
f 1791 2093 3293
f 3293 3239 901
f 2093 3239 3293
f 902 440 3294
f 902 3294 1538
f 440 3240 3294
f 3294 3240 1792
f 3295 1553 1734
f 601 2131 3295
f 2131 1553 3295
f 601 3295 2197
f 3296 602 798
f 3296 1554 602
f 1175 1554 3296
f 1733 1175 3296
f 2198 3296 798
f 1733 3296 2198
f 457 229 3297
f 229 1863 3297
f 3297 1863 2670
f 3298 1864 458
f 1600 3299 1075
f 1600 1956 3299
f 3299 2895 547
f 1956 2895 3299
f 548 3300 1076
f 1076 3300 2697
f 3300 1599 2697
f 3300 2896 1599
f 1325 3301 2111
f 3301 2445 2111
f 744 2861 3301
f 3301 2861 2445
f 2446 118 3302
f 2446 3302 1326
f 118 2862 3302
f 822 800 3303
f 3303 1549 133
f 800 1549 3303
f 3303 133 2285
f 134 1036 3304
f 3304 1550 821
f 1036 1550 3304
f 3304 821 3145
f 1197 3305 2495
f 3305 2285 2495
f 3146 822 3305
f 3146 3305 1197
f 822 3303 3305
f 3305 3303 2285
f 2286 134 3306
f 2286 3306 1198
f 1198 3306 2989
f 3306 3145 2989
f 134 3304 3306
f 3306 3304 3145
f 961 2047 3307
f 2047 1509 3307
f 961 3307 2935
f 2935 3307 1044
f 3307 3218 1044
f 3307 1509 3218
f 3308 1510 962
f 3308 962 2244
f 2889 1510 3308
f 2936 3308 2244
f 3217 2889 3308
f 3217 3308 2936
f 2207 3309 721
f 2207 907 3309
f 907 2633 3309
f 3309 2633 2909
f 3310 2634 2208
f 2764 2634 3310
f 2910 3310 722
f 2910 2764 3310
f 351 3311 1963
f 3311 1223 1963
f 3311 2233 1223
f 2046 2233 3311
f 1224 3312 352
f 1224 448 3312
f 352 3312 1339
f 448 2234 3312
f 366 795 3313
f 3313 795 1387
f 3313 1387 1571
f 2188 366 3313
f 3087 3313 1571
f 2188 3313 3087
f 3314 796 2187
f 3314 2187 1285
f 2776 796 3314
f 1388 2776 3314
f 3088 3314 1285
f 1388 3314 3088
f 3315 1309 1327
f 2463 3315 1327
f 2804 3315 2463
f 1310 1222 3316
f 2464 3316 903
f 1310 3316 2464
f 3316 2803 903
f 1149 3317 2642
f 2946 1267 3317
f 1150 3318 1345
f 1395 1268 3318
f 3319 180 966
f 1545 3319 966
f 3319 3139 180
f 1511 3139 3319
f 179 3320 1546
f 179 2231 3320
f 2231 3140 3320
f 2121 3321 999
f 3030 3321 2121
f 3322 1784 3029
f 2122 3322 3199
f 3322 3029 3199
f 1883 1259 3323
f 1259 1905 3323
f 1883 3323 3179
f 3324 1884 998
f 1424 1906 3324
f 3324 1906 1884
f 3180 3324 998
f 1253 3325 2589
f 1254 3326 138
f 2638 3082 3326
f 3327 635 1409
f 639 3327 1409
f 2851 3327 639
f 2851 2059 3327
f 636 3328 640
f 640 3328 1194
f 636 1760 3328
f 3328 2852 1194
f 3330 2194 1342
f 2693 2351 3330
f 682 3331 1355
f 1355 3331 2211
f 3331 359 2545
f 3331 2545 2211
f 3332 360 681
f 3332 681 1031
f 1356 3332 1031
f 2300 360 3332
f 2546 3332 1356
f 2546 2300 3332
f 1472 614 3333
f 1472 3333 1543
f 614 2157 3333
f 1543 3333 2720
f 3334 2158 1471
f 2679 2158 3334
f 2373 191 3335
f 2373 3335 2171
f 2871 223 3337
f 3337 223 3125
f 3337 3125 1481
f 3287 2871 3337
f 2090 224 3338
f 3126 2090 3338
f 3338 224 3288
f 3338 3288 708
f 1996 579 3339
f 2392 1996 3339
f 3339 579 2619
f 2392 3339 2983
f 2110 580 3340
f 3340 580 2391
f 2620 2110 3340
f 2620 3340 2984
f 3341 376 375
f 1825 651 3341
f 652 3342 651
f 376 3342 1302
f 3342 376 3341
f 651 3342 3341
f 3343 2537 405
f 3343 2073 2537
f 2856 2073 3343
f 2232 2856 3343
f 3344 2231 179
f 3344 2074 2231
f 1152 2802 3345
f 3346 1151 759
f 1341 2193 3347
f 2193 3329 3347
f 3348 1342 644
f 3348 3330 1342
f 2693 3330 3348
f 1026 3349 231
f 1026 2956 3349
f 232 3350 1425
f 3350 1025 1425
f 2396 3350 232
f 2396 2766 3350
f 1757 3351 1165
f 3351 1839 1165
f 3351 1585 1839
f 1758 3352 1695
f 1840 3352 1758
f 774 5 3353
f 3353 5 2053
f 1190 3354 1185
f 2054 3354 1190
f 2814 6 3354
f 2054 2814 3354
f 992 3355 217
f 217 3355 1315
f 992 2558 3355
f 218 3356 1847
f 3356 991 1847
f 3357 263 980
f 1368 263 3357
f 332 1368 3357
f 332 3357 2557
f 3358 264 331
f 979 3358 2558
f 3137 264 3358
f 979 3137 3358
f 3359 963 1564
f 2337 963 3359
f 1875 2337 3359
f 1875 3359 3127
f 699 964 3360
f 1563 699 3360
f 3360 964 1876
f 1563 3360 3128
f 382 2729 3361
f 3361 2729 1957
f 1933 3361 2811
f 3361 1957 2811
f 3032 382 3361
f 3032 3361 1933
f 1958 3362 1934
f 3362 2730 3031
f 308 1650 3365
f 1650 1875 3365
f 308 3365 1889
f 3365 1875 3127
f 3366 307 747
f 3366 1876 307
f 1890 3366 747
f 3128 3366 1890
f 3360 1876 3366
f 3128 3360 3366
f 21 465 3367
f 21 3367 3171
f 3171 3367 3172
f 3172 3367 3368
f 3369 193 3246
f 153 195 3370
f 3245 153 3370
f 3370 195 3291
f 1570 1376 3371
f 1570 3371 2469
f 2469 3371 2272
f 3372 1569 1343
f 2470 3372 1343
f 3373 1177 2853
f 3373 2853 2107
f 1732 1178 3374
f 2854 1732 3374
f 3374 1178 2898
f 3375 325 187
f 2687 3375 187
f 1003 3375 2687
f 1003 2863 3375
f 326 786 3376
f 326 3376 2688
f 3377 2050 2738
f 3377 2893 2050
f 2517 2893 3377
f 3091 2517 3377
f 2049 1881 3378
f 1881 2894 3378
f 3378 2894 3092
f 2729 1017 3379
f 2729 3379 1957
f 1957 3379 3169
f 3379 2627 3169
f 2628 860 3380
f 2628 3380 1958
f 1958 3380 3362
f 3380 2730 3362
f 681 3381 1401
f 1401 3381 2275
f 3381 361 2591
f 3381 2591 2275
f 3382 362 682
f 3382 682 1032
f 1402 3382 1032
f 2248 362 3382
f 2592 3382 1402
f 2592 2248 3382
f 1151 131 3383
f 759 1151 3383
f 2551 3383 453
f 759 3383 2551
f 3383 131 2733
f 3383 2733 453
f 588 132 3384
f 3384 132 760
f 3384 760 1068
f 2552 3384 1068
f 2734 588 3384
f 2734 3384 2552
f 619 3385 1640
f 3241 3385 619
f 620 3386 78
f 3386 3242 78
f 2356 56 3387
f 2767 3387 497
f 2356 3387 2767
f 352 1339 3389
f 395 3389 1460
f 1712 352 3389
f 1712 3389 395
f 3389 1339 3262
f 3389 3262 1460
f 271 1340 3390
f 3390 1340 1711
f 396 3390 2047
f 3390 1711 2047
f 3261 271 3390
f 3261 3390 396
f 197 3391 1467
f 1467 3391 729
f 3391 1967 729
f 197 2417 3391
f 3392 198 1704
f 1468 3392 1704
f 1968 3392 1468
f 1968 2298 3392
f 574 1002 3394
f 574 3394 2522
f 2522 3394 2674
f 3395 2049 2737
f 2050 1882 3396
f 3396 3003 2149
f 561 3397 733
f 838 3397 561
f 838 1194 3397
f 3397 2751 733
f 1194 2773 3397
f 3397 2773 2751
f 562 3398 1503
f 3398 837 1503
f 2752 3398 562
f 2752 1334 3398
f 3398 2774 837
f 1334 2774 3398
f 885 3401 25
f 2456 3401 885
f 2456 2156 3401
f 3401 2533 25
f 2156 2727 3401
f 3401 2727 2533
f 2534 3402 886
f 2534 1540 3402
f 1540 2728 3402
f 3402 2728 2455
f 1331 3403 787
f 3403 31 2067
f 3403 2067 787
f 2239 31 3403
f 1332 3404 1206
f 2068 3404 1332
f 2360 32 3404
f 2068 2360 3404
f 245 3405 2725
f 3406 246 2726
f 2004 3407 1787
f 2004 2210 3407
f 1789 3408 417
f 1476 3408 1789
f 3408 2003 417
f 1476 2438 3408
f 3409 1565 2139
f 1514 2269 3409
f 3409 2269 1565
f 2406 1514 3409
f 1566 266 3410
f 266 2270 3410
f 3410 2270 2405
f 3410 2405 2561
f 3411 3405 1710
f 2725 3405 3411
f 3412 3406 2726
f 2090 3414 224
f 3121 1389 3414
f 3121 3414 2090
f 702 3415 233
f 233 3415 1056
f 702 1090 3415
f 1090 1085 3415
f 3415 1614 1056
f 3415 1085 1614
f 3416 1094 701
f 1122 1094 3416
f 1613 3416 234
f 1613 1122 3416
f 2150 3417 2705
f 2705 3417 2691
f 3417 2737 2691
f 2150 3004 3417
f 3417 3395 2737
f 3004 3395 3417
f 3418 2149 345
f 2706 3418 345
f 2738 2050 3418
f 2738 3418 2706
f 2050 3396 3418
f 3418 3396 2149
f 497 3419 1948
f 3419 1751 2736
f 3419 2736 1948
f 3387 3419 497
f 2735 3420 498
f 498 3420 2768
f 3420 1752 3388
f 3420 3388 2768
f 3421 1759 635
f 3421 1451 1759
f 3327 3421 635
f 2059 3421 3327
f 432 1452 3422
f 1760 432 3422
f 3422 1452 2060
f 3422 2060 2852
f 1760 3422 3328
f 3328 3422 2852
f 227 1609 3423
f 3423 1609 2477
f 2224 1610 3424
f 2478 3424 2106
f 2478 2224 3424
f 1943 3425 1944
f 2079 3425 861
f 2080 1944 3426
f 3426 2079 2080
f 1944 3425 3426
f 3425 2079 3426
f 1945 3427 862
f 3427 2078 2077
f 1444 506 3428
f 1946 1444 3428
f 1946 3428 1945
f 3428 506 2868
f 1945 3428 3427
f 3428 2078 3427
f 2249 2303 3429
f 3429 2303 2412
f 2621 3429 607
f 2621 2249 3429
f 397 2304 3430
f 2411 397 3430
f 2411 3430 608
f 3430 2304 2622
f 2011 825 3431
f 825 2117 3431
f 2011 3431 2349
f 2349 3431 2350
f 3432 2012 746
f 3432 2118 2012
f 3432 2117 2118
f 2350 3432 746
f 3431 2117 3432
f 2350 3431 3432
f 3433 2693 3348
f 3434 1346 2424
f 3434 2694 1346
f 3329 2694 3434
f 3347 3329 3434
f 643 1341 3435
f 643 3435 2839
f 1341 3347 3435
f 3436 3348 644
f 3433 3348 3436
f 2572 1470 3437
f 2939 3437 1699
f 2572 3437 2939
f 709 3439 552
f 900 3439 709
f 3439 1482 552
f 900 2474 3439
f 3439 2795 1482
f 2474 2795 3439
f 710 3440 549
f 3440 899 549
f 1481 3440 710
f 3440 2796 899
f 1481 3125 3440
f 3125 2796 3440
f 344 626 3441
f 626 893 3441
f 3441 893 1413
f 3442 894 343
f 666 894 3442
f 1414 666 3442
f 3442 343 2515
f 775 3443 1956
f 2447 3443 775
f 2447 2653 3443
f 2653 3245 3443
f 3444 3246 2448
f 3369 3246 3444
f 3445 1435 400
f 142 1500 3445
f 1500 1435 3445
f 3446 1436 141
f 3446 141 1951
f 3005 2241 3447
f 2881 3447 3346
f 1905 1423 3449
f 3449 1423 2191
f 3449 2191 3073
f 3323 1905 3449
f 3450 1424 3324
f 3450 3324 3180
f 137 3451 1253
f 3451 3325 1253
f 3326 3452 138
f 3326 3082 3452
f 645 3453 1873
f 1934 3453 645
f 3453 3013 1873
f 3453 3031 3013
f 1934 3362 3453
f 3362 3031 3453
f 646 3454 1673
f 3454 1933 1673
f 3014 3454 646
f 3014 914 3454
f 914 3032 3454
f 3454 3032 1933
f 1430 1433 3455
f 3455 2015 271
f 3455 1433 2015
f 2291 3455 271
f 158 1434 3456
f 2016 158 3456
f 2016 3456 2292
f 2292 3456 2927
f 3457 2017 617
f 2361 3457 617
f 2061 3457 2361
f 2061 2397 3457
f 3458 2062 1182
f 2362 3458 1182
f 2018 3458 2362
f 2018 2489 3458
f 1668 130 3459
f 1668 3459 1351
f 1351 3459 2371
f 3459 2161 2371
f 1352 3460 1511
f 3460 1667 1511
f 2162 3460 1352
f 749 377 3461
f 3461 377 758
f 2659 749 3461
f 2659 3461 1497
f 1285 378 3462
f 757 1285 3462
f 757 3462 1498
f 3462 378 2660
f 1805 3463 1329
f 1884 1260 3463
f 1884 3463 1805
f 1806 3464 997
f 3464 1883 997
f 3465 1481 551
f 707 3287 3465
f 3465 3337 1481
f 3287 3337 3465
f 1482 3126 3466
f 3466 708 3258
f 3466 3338 708
f 3126 3338 3466
f 3467 159 2603
f 1303 3467 2603
f 3467 3223 159
f 3228 3223 3467
f 160 3468 1304
f 1304 3468 993
f 1557 3469 2311
f 2311 3469 2430
f 3470 1558 1042
f 3470 2108 1558
f 2312 3470 1042
f 993 3471 1635
f 3224 3227 3471
f 3468 3471 993
f 3468 3224 3471
f 994 3472 1303
f 3472 3467 1303
f 3472 3228 3467
f 2348 3473 1435
f 3473 1949 3274
f 1436 3474 1499
f 3474 2347 1499
f 3474 1950 2347
f 3265 1950 3474
f 3273 3474 1436
f 3273 3265 3474
f 3475 721 2295
f 3475 2295 1199
f 2595 3475 1199
f 3067 3475 2595
f 2296 3476 2596
f 2596 3476 2322
f 3476 722 3068
f 3476 3068 2322
f 1585 3477 1839
f 1585 1903 3477
f 3477 2891 606
f 1903 2891 3477
f 605 3478 1840
f 3478 2892 1586
f 3478 1586 3352
f 1840 3478 3352
f 635 1759 3479
f 1759 1283 3479
f 3479 2925 1143
f 3479 1283 2925
f 635 3479 2999
f 2999 3479 1143
f 3480 1284 636
f 3480 636 1410
f 1804 1284 3480
f 2926 1804 3480
f 3000 3480 1410
f 2926 3480 3000
f 1975 3481 2594
f 2857 3481 1975
f 2923 3481 2857
f 3481 3104 2594
f 3481 2923 3104
f 1976 3482 2858
f 1361 2924 3482
f 3482 2924 2858
f 3103 1361 3482
f 3103 3482 1976
f 22 466 3485
f 22 3485 3251
f 317 1013 3486
f 317 3486 3252
f 3487 468 467
f 467 669 3487
f 2684 468 3488
f 3488 468 3487
f 3490 469 470
f 3490 470 1232
f 3489 469 3490
f 3491 446 414
f 2817 3491 414
f 2899 231 3491
f 2899 3491 2817
f 445 807 3492
f 445 3492 2818
f 2818 3492 1306
f 3492 2900 1306
f 1040 578 3493
f 1040 3493 1381
f 578 2447 3493
f 3493 2447 775
f 776 3494 1382
f 3494 1039 2327
f 1382 3494 2327
f 3494 2448 1039
f 776 3444 3494
f 3444 2448 3494
f 398 851 3495
f 1707 3495 697
f 3495 2185 697
f 3495 851 2185
f 2412 398 3495
f 2412 3495 1707
f 2186 3496 1708
f 3496 852 2411
f 3164 852 3496
f 2186 3164 3496
f 678 1595 3497
f 3497 1595 2242
f 2340 678 3497
f 3497 2242 3448
f 25 1596 3498
f 2241 25 3498
f 3498 1596 2339
f 3498 2339 2801
f 459 341 3499
f 3499 718 340
f 3499 341 718
f 2691 342 3500
f 717 2691 3500
f 389 3501 2021
f 389 2495 3501
f 3501 2885 1605
f 2495 2885 3501
f 3501 1605 3065
f 2021 3501 3065
f 3502 390 316
f 2022 3502 316
f 1606 3502 2022
f 1606 2716 3502
f 3502 2886 390
f 2716 2886 3502
f 136 371 3503
f 374 136 3503
f 3503 371 1752
f 374 3503 2735
f 3503 1752 3420
f 2735 3503 3420
f 207 372 3504
f 3504 372 373
f 3504 373 1473
f 1751 207 3504
f 2736 3504 1473
f 1751 3504 2736
f 1312 688 3505
f 1312 3505 1855
f 1855 3505 1907
f 3506 1311 111
f 1856 3506 111
f 1339 3507 272
f 3507 2016 272
f 3507 2045 2016
f 2234 2045 3507
f 3312 3507 1339
f 3312 2234 3507
f 1340 3508 351
f 2015 157 3508
f 2015 3508 1340
f 157 2046 3508
f 3508 3311 351
f 3508 2046 3311
f 3509 3237 1659
f 3238 836 3510
f 3511 2999 67
f 1409 2999 3511
f 3235 3511 119
f 3235 1409 3511
f 68 3512 120
f 68 1144 3512
f 120 3512 1400
f 1144 3000 3512
f 3512 3236 1400
f 3512 3000 3236
f 3513 306 1556
f 1657 1145 3513
f 1731 3513 1556
f 1657 3513 1731
f 3514 1658 1178
f 305 3514 1732
f 1732 3514 1178
f 305 2887 3514
f 203 219 3515
f 3515 219 449
f 449 487 3515
f 883 203 3515
f 853 895 3515
f 915 1971 3515
f 3515 2503 883
f 895 2503 3515
f 3515 2663 853
f 1827 2663 3515
f 3079 1827 3515
f 1971 3079 3515
f 917 932 3516
f 2753 1765 3516
f 480 1057 3517
f 1126 3517 1079
f 1112 3518 1080
f 3041 1869 3518
f 918 923 3519
f 479 327 3520
f 919 3520 926
f 3520 919 939
f 920 921 3521
f 3001 1867 3521
f 921 931 3522
f 3521 921 3522
f 3522 3001 3521
f 1090 3523 1085
f 1138 3524 1086
f 1086 3525 1087
f 3524 3525 1086
f 1098 3526 1088
f 922 928 3527
f 1137 3528 1090
f 3528 3523 1090
f 923 947 3529
f 3519 923 3529
f 924 933 3530
f 2267 756 3530
f 925 924 3531
f 3530 756 3531
f 3531 924 3530
f 928 940 3532
f 3043 1242 3532
f 3527 928 3532
f 3532 1242 3527
f 1096 3533 1095
f 1868 3002 3533
f 1079 3534 1096
f 1057 1868 3534
f 3517 1057 3534
f 3517 3534 1079
f 3534 3533 1096
f 3534 1868 3533
f 328 3535 327
f 1097 522 3535
f 327 3535 3520
f 3520 3535 926
f 1140 3536 1098
f 3536 3526 1098
f 3536 1796 3526
f 929 935 3537
f 987 1870 3537
f 930 920 3538
f 1867 1058 3538
f 3538 920 3521
f 3521 1867 3538
f 1115 3539 1101
f 973 1766 3539
f 3540 220 204
f 450 220 3540
f 488 450 3540
f 204 884 3540
f 896 854 3540
f 1116 3540 1102
f 1102 3540 1974
f 3540 1973 1974
f 33 2314 3540
f 884 2504 3540
f 3540 2504 896
f 854 2664 3540
f 3540 2664 1828
f 1828 3080 3540
f 3080 1973 3540
f 1121 3541 1103
f 183 2401 3541
f 1111 3542 1104
f 931 918 3543
f 3543 918 3519
f 3519 1795 3543
f 3522 931 3543
f 1136 3544 1106
f 482 2631 3544
f 932 925 3545
f 3516 932 3545
f 3545 2753 3516
f 3545 925 3531
f 933 922 3546
f 3546 922 3527
f 3530 933 3546
f 3546 2267 3530
f 934 948 3547
f 2632 481 3547
f 935 942 3548
f 292 987 3548
f 3537 935 3548
f 3548 987 3537
f 1088 3549 1111
f 3526 3549 1088
f 3549 3542 1111
f 3549 1821 3542
f 1104 3550 1112
f 3550 3518 1112
f 3550 3041 3518
f 3542 3550 1104
f 936 937 3551
f 937 945 3552
f 974 301 3552
f 3552 301 3551
f 3551 937 3552
f 302 973 3553
f 1131 3553 1115
f 3553 973 3539
f 3553 3539 1115
f 1103 3554 1116
f 2401 33 3554
f 3554 33 3540
f 3554 3540 1116
f 3541 3554 1103
f 3541 2401 3554
f 938 936 3555
f 3555 936 3551
f 1119 3556 1118
f 988 291 3557
f 1135 3557 1119
f 3557 291 3556
f 3557 3556 1119
f 939 930 3558
f 1058 479 3558
f 3558 479 3520
f 3520 939 3558
f 3558 930 3538
f 3538 1058 3558
f 1106 3559 1121
f 2631 183 3559
f 3559 183 3541
f 3559 3541 1121
f 3544 3559 1106
f 3544 2631 3559
f 940 934 3560
f 481 3043 3560
f 3532 940 3560
f 3560 3043 3532
f 3547 481 3560
f 3560 934 3547
f 1085 3561 1123
f 1241 3044 3561
f 3523 3561 1085
f 3523 1241 3561
f 941 949 3562
f 2402 184 3562
f 942 943 3563
f 3563 292 3548
f 3548 942 3563
f 328 480 3564
f 1097 3564 1126
f 3564 480 3517
f 3564 3517 1126
f 3535 328 3564
f 1097 3535 3564
f 943 938 3565
f 3565 938 3555
f 3563 943 3565
f 1118 3566 1128
f 3556 3566 1118
f 944 915 3567
f 2313 34 3567
f 3567 915 3515
f 3515 2313 3567
f 945 917 3568
f 1765 974 3568
f 3568 917 3516
f 3516 1765 3568
f 3552 945 3568
f 3568 974 3552
f 1132 3569 1131
f 3569 302 3553
f 3569 3553 1131
f 1128 3570 1132
f 3566 3570 1128
f 3570 3569 1132
f 946 929 3571
f 1870 3042 3571
f 3571 929 3537
f 3537 1870 3571
f 947 950 3572
f 3529 947 3572
f 3572 1822 3529
f 1080 3573 1135
f 1869 988 3573
f 3518 3573 1080
f 3518 1869 3573
f 3573 988 3557
f 3573 3557 1135
f 1123 3574 1136
f 3044 482 3574
f 3574 482 3544
f 3574 3544 1136
f 3561 3574 1123
f 3561 3044 3574
f 1087 3575 1137
f 755 2268 3575
f 3525 755 3575
f 3525 3575 1087
f 3575 3528 1137
f 3575 2268 3528
f 1101 3576 1138
f 1766 2754 3576
f 3576 3524 1138
f 3576 2754 3524
f 3539 3576 1101
f 3539 1766 3576
f 948 941 3577
f 184 2632 3577
f 3547 948 3577
f 3577 2632 3547
f 3562 184 3577
f 3577 941 3562
f 1095 3578 1140
f 3533 3578 1095
f 3533 3002 3578
f 3578 3536 1140
f 949 944 3579
f 34 2402 3579
f 3562 949 3579
f 3579 2402 3562
f 3567 34 3579
f 3579 944 3567
f 950 946 3580
f 3580 946 3571
f 3571 3042 3580
f 3572 950 3580
f 1960 3581 1357
f 814 338 3582
f 814 3582 1358
f 1358 3582 3057
f 3582 1959 3057
f 955 189 3583
f 955 3583 755
f 755 3583 2268
f 3583 2102 2268
f 2101 3584 756
f 2762 3585 799
f 3585 673 2995
f 3060 673 3585
f 2762 3060 3585
f 799 3585 3111
f 3585 2995 3111
f 1460 674 3586
f 800 3586 1549
f 3586 674 2761
f 3586 2761 1549
f 2996 3586 800
f 2996 1460 3586
f 2901 3587 1829
f 3587 2943 3265
f 1829 3587 3273
f 3587 3265 3273
f 770 2944 3588
f 3588 2944 2902
f 3266 770 3588
f 3266 3588 1830
f 3589 2105 1273
f 2106 3424 3590
f 1581 3591 3284
f 457 3297 3591
f 1582 3592 436
f 2669 3298 3592
f 719 177 3593
f 177 2975 3593
f 3594 720 664
f 3594 2976 720
f 3594 2975 2976
f 3593 2975 3594
f 859 3595 1051
f 3595 1829 1051
f 1413 2901 3595
f 3595 2901 1829
f 1830 3596 860
f 1830 3588 3596
f 3588 2902 3596
f 421 849 3597
f 2253 421 3597
f 2253 3597 3035
f 181 850 3598
f 3598 850 2254
f 3598 2254 952
f 3036 3598 952
f 1126 1079 3599
f 3599 1079 2790
f 263 3599 3138
f 3599 2790 3138
f 1083 1100 3600
f 264 3600 1367
f 2789 3600 264
f 2789 1083 3600
f 3043 3601 1242
f 3039 3601 3043
f 3187 1877 3601
f 3039 3187 3601
f 763 1878 3602
f 3602 3040 482
f 3602 1878 3040
f 3044 3602 482
f 3603 1011 706
f 1985 1011 3603
f 1897 1985 3603
f 3603 706 2858
f 1897 3603 2903
f 2903 3603 2858
f 3604 1012 1898
f 3604 1898 2816
f 705 3604 2904
f 2904 3604 2816
f 3605 363 1383
f 2827 3605 1383
f 364 3606 2828
f 2828 3606 1062
f 2985 3609 2225
f 3608 3609 2985
f 2748 856 3610
f 3610 856 3607
f 2077 2041 3611
f 2965 2043 3612
f 1439 3613 1350
f 3613 1722 1350
f 1721 405 3614
f 1721 3614 1440
f 1747 267 3615
f 3615 2345 1187
f 267 2743 3615
f 3615 2743 2345
f 3099 3615 1187
f 1747 3615 3099
f 3616 1748 1894
f 2346 1978 3616
f 3616 2744 1748
f 1978 2744 3616
f 3100 3616 1894
f 2346 3616 3100
f 3617 2329 2745
f 3617 2745 2437
f 1164 3276 3617
f 3276 2329 3617
f 3618 1163 2209
f 3618 2330 1163
f 2468 2330 3618
f 2746 2468 3618
f 3619 623 767
f 455 3619 881
f 3619 767 881
f 1432 3619 455
f 1556 623 3619
f 1432 1556 3619
f 768 3620 456
f 3620 624 1431
f 3621 441 2283
f 3107 1353 3621
f 3622 3108 1896
f 3623 1735 2833
f 3623 2845 1735
f 1736 356 3624
f 356 2846 3624
f 2862 743 3625
f 3625 743 3255
f 3625 3255 1275
f 3302 2862 3625
f 2836 744 3626
f 3256 2836 3626
f 3626 744 3301
f 3626 3301 1325
f 2013 1887 3627
f 2013 3627 2517
f 2517 3627 2893
f 1887 3173 3627
f 3628 2014 668
f 2518 3628 668
f 3628 3174 2014
f 1561 425 3629
f 1561 3629 1631
f 1631 3629 2069
f 425 2221 3629
f 3630 2222 1562
f 2126 2222 3630
f 1308 3631 1701
f 3631 493 1987
f 1701 3631 1987
f 3631 3231 493
f 3632 1307 87
f 494 1374 3632
f 1702 3632 87
f 494 3632 1702
f 3632 3232 1307
f 1374 3232 3632
f 3633 1390 3122
f 3633 3399 1390
f 1879 3633 3413
f 3413 3633 3122
f 3634 3400 1880
f 1389 3634 3414
f 2570 227 3635
f 2824 2570 3635
f 3635 227 3423
f 3635 3423 2105
f 3589 3635 2105
f 2824 3635 3589
f 1610 228 3636
f 3636 228 2823
f 3424 1610 3636
f 3424 3636 3590
f 2451 2819 3637
f 3637 2819 3086
f 3173 2451 3637
f 3637 3086 3270
f 2453 2820 3638
f 3085 2453 3638
f 3638 2820 3174
f 3638 3174 3628
f 731 3639 313
f 3639 819 313
f 3639 1927 819
f 3202 3639 731
f 820 3640 732
f 820 1278 3640
f 1278 1928 3640
f 732 3640 2141
f 3640 1928 3201
f 3640 3201 2141
f 3641 405 1721
f 180 2232 3641
f 180 3641 2413
f 2413 3641 1721
f 3641 3343 405
f 2232 3343 3641
f 3642 179 965
f 406 3642 2414
f 2414 3642 965
f 406 2538 3642
f 3642 3344 179
f 2538 3344 3642
f 555 1171 3644
f 555 3644 2588
f 2588 3644 3026
f 3645 1053 246
f 2759 1053 3645
f 2671 2759 3645
f 3645 246 3406
f 3646 2672 490
f 3646 1054 2672
f 1607 3647 75
f 1607 1537 3647
f 75 3647 2072
f 3647 1548 2072
f 1547 3648 76
f 1547 1687 3648
f 76 3648 2878
f 3648 1608 2878
f 56 2134 3649
f 56 3649 3387
f 3649 1751 3419
f 3387 3649 3419
f 1752 208 3650
f 3650 55 2355
f 1752 3650 3388
f 3388 3650 2355
f 663 719 3651
f 663 3651 2505
f 2505 3651 2506
f 719 3593 3651
f 3652 3594 664
f 3652 3593 3594
f 2506 3651 3652
f 3651 3593 3652
f 561 733 3653
f 3653 1281 109
f 3653 733 1281
f 1793 3653 109
f 2575 561 3653
f 2575 3653 1793
f 1282 3654 1794
f 1970 734 3654
f 1282 1970 3654
f 3654 734 2576
f 669 1263 3655
f 669 3655 3487
f 3656 670 469
f 3489 3656 469
f 3657 357 43
f 711 3657 43
f 3657 1495 357
f 2535 3657 711
f 3009 1495 3657
f 2535 3009 3657
f 358 100 3658
f 358 3658 712
f 712 3658 1336
f 100 1496 3658
f 3658 2536 1336
f 3658 1496 2536
f 3659 1477 1333
f 3659 2113 1477
f 2060 2113 3659
f 2773 3659 1333
f 2852 2060 3659
f 2852 3659 2773
f 2774 3660 1193
f 1478 3660 2774
f 3660 2851 1193
f 3660 2114 2851
f 3661 163 1523
f 1915 163 3661
f 3661 1523 2785
f 1448 164 3662
f 1524 1448 3662
f 6 773 3663
f 1185 3663 145
f 3663 3021 145
f 3663 773 3021
f 3354 6 3663
f 3354 3663 1185
f 648 774 3664
f 1186 3664 1189
f 3022 648 3664
f 3022 3664 1186
f 3664 774 3353
f 3664 3353 1189
f 2099 3665 858
f 1302 3665 2099
f 3665 3210 858
f 3665 2809 3210
f 3666 1301 79
f 2100 3666 79
f 3666 2810 1301
f 3133 2810 3666
f 3209 3666 2100
f 3209 3133 3666
f 3667 1631 275
f 3667 1561 1631
f 2091 1561 3667
f 2135 3667 275
f 1632 3668 2136
f 2136 3668 1984
f 3630 1562 3668
f 1632 3630 3668
f 1125 1110 3669
f 3669 1110 2788
f 477 3669 3160
f 3669 2788 3160
f 1080 1135 3670
f 478 3670 1815
f 2787 3670 478
f 2787 1080 3670
f 3672 2134 56
f 3672 2860 2134
f 2040 3673 225
f 3673 175 2731
f 225 3673 2731
f 2040 3220 3673
f 3673 3249 175
f 3220 3249 3673
f 176 3674 226
f 226 3674 1671
f 3674 2039 1671
f 176 2756 3674
f 3674 3250 2039
f 2756 3250 3674
f 3675 901 1688
f 3675 1688 1548
f 3293 901 3675
f 1537 3293 3675
f 1537 3675 3647
f 3647 3675 1548
f 3676 902 1538
f 3676 1538 1608
f 3229 902 3676
f 1687 3229 3676
f 3648 3676 1608
f 1687 3676 3648
f 971 857 3677
f 3677 857 1300
f 2677 971 3677
f 2677 3677 1519
f 1299 3678 1520
f 2099 858 3678
f 1299 2099 3678
f 3678 858 2678
f 3679 975 2001
f 3069 3679 2001
f 976 38 3680
f 976 3680 3070
f 3070 3680 1846
f 977 1587 3681
f 1587 2655 3681
f 3682 978 124
f 3682 2656 978
f 1508 2656 3682
f 1131 1115 3683
f 3683 1115 2892
f 605 3683 3478
f 3683 2892 3478
f 1078 1130 3684
f 606 3684 1807
f 2891 3684 606
f 2891 1078 3684
f 163 3685 1447
f 2111 1979 3685
f 2357 3685 163
f 2357 2111 3685
f 164 3686 1916
f 980 1980 3686
f 3686 2358 1916
f 3686 1980 2358
f 1434 1429 3687
f 3687 1429 2865
f 3687 2865 2563
f 2927 3687 2563
f 3456 1434 3687
f 3456 3687 2927
f 320 1430 3688
f 2866 320 3688
f 2928 3688 2291
f 2866 3688 2928
f 3688 1430 3455
f 3688 3455 2291
f 3689 3373 2107
f 2897 3373 3689
f 1557 3689 3469
f 3689 2107 3469
f 2108 3690 1558
f 1558 3690 2764
f 2108 2854 3690
f 2854 3374 3690
f 962 693 3691
f 2244 962 3691
f 3691 693 3112
f 3691 3112 1338
f 3692 694 2243
f 3692 2243 1015
f 2995 694 3692
f 3111 2995 3692
f 2781 1297 3693
f 2319 2781 3693
f 3694 1298 2320
f 3093 1298 3694
f 966 2413 3695
f 3695 2413 1349
f 3695 1349 3147
f 2609 3695 3147
f 1350 1722 3696
f 1722 2414 3696
f 1350 3696 2610
f 3084 3697 2059
f 3084 2566 3697
f 3697 1451 3421
f 2059 3697 3421
f 1452 2024 3698
f 1452 3698 2060
f 2060 3698 2113
f 3698 3083 2113
f 1477 3699 671
f 2113 3699 1477
f 3699 2475 671
f 2113 3083 3699
f 2476 3700 1478
f 2476 2436 3700
f 1478 3700 3660
f 3700 2114 3660
f 3701 1073 387
f 3701 703 1073
f 1904 703 3701
f 1586 1904 3701
f 3702 704 1585
f 3702 1585 3351
f 455 881 3703
f 3703 881 2444
f 3703 2444 2196
f 771 882 3704
f 2443 771 3704
f 3705 19 1621
f 3705 1621 1059
f 2403 3705 1059
f 2334 3705 2403
f 1844 20 3706
f 1622 1844 3706
f 3706 20 2333
f 3706 2333 97
f 2404 3706 97
f 1622 3706 2404
f 3707 1077 2684
f 2686 3708 2684
f 3708 3707 2684
f 1078 1107 3709
f 1081 1091 3710
f 1097 1082 3711
f 3711 1082 1120
f 1083 1084 3712
f 1084 1105 3713
f 3712 1084 3713
f 1089 1094 3714
f 1091 1134 3715
f 3710 1091 3715
f 1092 1108 3716
f 1093 1092 3717
f 3717 1092 3716
f 3712 3717 3716
f 3718 522 1097
f 3711 3718 1097
f 523 522 3719
f 523 3719 2686
f 3719 3708 2686
f 3707 3708 3719
f 3719 3711 3707
f 522 3718 3719
f 3719 3718 3711
f 1094 1122 3720
f 3714 1094 3720
f 3714 3720 3712
f 1099 1110 3721
f 1100 1083 3722
f 3722 1083 3712
f 3712 3707 3722
f 1105 1081 3723
f 3723 1081 3710
f 3713 1105 3723
f 1107 1093 3724
f 3709 1107 3724
f 3713 3724 3712
f 3724 3710 3715
f 3724 1093 3717
f 3724 3717 3712
f 3723 3710 3724
f 3713 3723 3724
f 1108 1089 3725
f 3725 1089 3714
f 3714 3712 3725
f 3716 1108 3725
f 3712 3716 3725
f 1109 1139 3726
f 1110 1125 3727
f 3721 1110 3727
f 3721 3727 3724
f 1113 1114 3728
f 1114 1130 3729
f 3728 1114 3729
f 1117 1113 3730
f 3724 3730 3709
f 3730 1113 3728
f 1120 1100 3731
f 3711 1120 3731
f 3711 3731 3707
f 3731 1100 3722
f 3707 3731 3722
f 1122 1109 3732
f 3720 1122 3732
f 3720 3732 3712
f 3732 1109 3726
f 3712 3732 3726
f 1124 1141 3733
f 1125 1127 3734
f 3727 1125 3734
f 3724 3727 3734
f 1127 1117 3735
f 3735 1117 3730
f 3735 3730 3724
f 3734 1127 3735
f 3734 3735 3724
f 1129 1077 3736
f 3736 1077 3707
f 3736 3707 3712
f 1130 1078 3737
f 3737 1078 3709
f 3729 1130 3737
f 3729 3737 3728
f 3730 3737 3709
f 3737 3730 3728
f 1133 1099 3738
f 3738 1099 3721
f 3738 3721 3724
f 1134 1142 3739
f 3715 1134 3739
f 3715 3739 3724
f 1139 1124 3740
f 3726 1139 3740
f 3726 3740 3712
f 3740 1124 3733
f 3740 3733 3712
f 1141 1129 3741
f 3733 1141 3741
f 3733 3741 3712
f 3741 1129 3736
f 3712 3741 3736
f 1142 1133 3742
f 3742 1133 3738
f 3724 3742 3738
f 3739 1142 3742
f 3739 3742 3724
f 1625 1203 3743
f 1203 1643 3743
f 3743 1643 3023
f 1625 3743 3363
f 3744 1644 1626
f 3024 3744 3364
f 17 3745 18
f 1603 3745 17
f 1603 1831 3745
f 18 3746 2332
f 3746 1604 2332
f 18 3745 3746
f 3747 1471 503
f 1544 3747 2979
f 3334 1471 3747
f 1544 3334 3747
f 3748 1543 873
f 3748 1472 1543
f 504 3748 2981
f 2981 3748 873
f 504 3018 3748
f 3018 1472 3748
f 3749 2023 1451
f 802 2449 3749
f 3749 2449 2023
f 2566 802 3749
f 3697 3749 1451
f 2566 3749 3697
f 2024 1348 3750
f 1348 2450 3750
f 3750 2450 2565
f 3750 2565 3083
f 2024 3750 3698
f 3698 3750 3083
f 3751 1687 1547
f 1547 2071 3751
f 3751 1680 2104
f 1989 3751 2104
f 2071 2725 3751
f 3229 1687 3751
f 2483 3229 3751
f 1548 1688 3752
f 1679 3752 1990
f 3752 2072 1548
f 2072 3752 2726
f 1688 3230 3752
f 3752 3230 2484
f 1853 3753 753
f 2194 3753 1853
f 1854 3754 1341
f 3754 2193 1341
f 3754 2320 2193
f 3694 2320 3754
f 3755 981 1428
f 3755 1428 2174
f 3119 981 3755
f 1363 3119 3755
f 3756 982 1364
f 3756 1364 1418
f 2969 982 3756
f 1427 2969 3756
f 1218 3757 2183
f 3757 1809 2363
f 2183 3757 2363
f 3758 1217 1861
f 1810 3758 2184
f 2184 3758 1861
f 2961 1425 3759
f 3759 3283 572
f 1425 3283 3759
f 571 1581 3760
f 3760 2962 190
f 1581 3284 3760
f 3760 3284 2962
f 1077 2153 3761
f 3761 2153 1606
f 3761 1606 3066
f 3762 2154 1102
f 1605 2715 3762
f 2715 2154 3762
f 3009 3763 1495
f 3010 3764 333
f 3244 1216 3764
f 1799 1733 3765
f 1799 3765 1754
f 3765 1733 2198
f 3765 2198 1754
f 3766 1734 1800
f 2197 3766 1800
f 3295 1734 3766
f 2197 3295 3766
f 248 3767 1389
f 248 1850 3767
f 1850 2379 3767
f 3767 2379 3400
f 1389 3767 3634
f 3767 3400 3634
f 3768 2380 247
f 3399 3768 1390
f 2073 3769 2537
f 3770 2074 3344
f 2538 3770 3344
f 3671 3770 2538
f 3671 2859 3770
f 500 3771 1255
f 1255 3771 2123
f 500 3034 3771
f 3034 1651 3771
f 3772 1652 499
f 3772 499 2201
f 1256 3772 2201
f 2416 1652 3772
f 3773 2153 1077
f 2153 3773 2716
f 3773 2178 2716
f 2154 3774 1102
f 2177 321 3774
f 2177 3774 2154
f 171 953 3775
f 2213 954 3776
f 401 3777 304
f 499 3777 401
f 499 3033 3777
f 3033 1999 3777
f 3778 2000 500
f 402 3778 2202
f 3778 500 2202
f 2921 2000 3778
f 3779 2992 2991
f 2992 3780 3290
f 3780 2992 3779
f 3781 2493 1938
f 2493 3781 2494
f 1677 3781 3113
f 3113 3781 1938
f 3782 1677 1678
f 1972 3782 1678
f 2494 3782 1972
f 3781 1677 3782
f 2494 3781 3782
f 3783 1675 909
f 3783 1676 1675
f 3114 3783 909
f 2491 3783 3114
f 1676 3784 1974
f 3784 2492 1974
f 2492 3784 2491
f 3784 1676 3783
f 2491 3784 3783
f 598 103 3785
f 3785 103 621
f 3785 621 2151
f 675 3785 2151
f 622 3786 676
f 676 3786 789
f 1516 104 3786
f 622 1516 3786
f 3787 1519 1867
f 2211 2545 3787
f 3787 2677 1519
f 2545 2677 3787
f 3001 3787 1867
f 2211 3787 3001
f 3788 2678 2212
f 1520 3788 3002
f 1520 3678 3788
f 3678 2678 3788
f 3789 77 309
f 3789 309 2461
f 547 3789 2461
f 2895 3789 547
f 310 3790 548
f 620 78 3790
f 310 620 3790
f 3790 78 2896
f 548 3790 3300
f 3790 2896 3300
f 3791 2648 1540
f 2883 3791 1540
f 3090 2388 3791
f 3090 3791 2883
f 2388 3143 3791
f 3791 3143 2648
f 2647 2367 3792
f 2884 3792 2287
f 2647 3792 2884
f 3792 3089 2287
f 2367 3144 3792
f 3792 3144 3089
f 234 3793 49
f 49 3793 427
f 3793 2555 427
f 3793 701 2555
f 234 3416 3793
f 3416 701 3793
f 3794 702 233
f 2390 702 3794
f 2556 3794 50
f 2556 2390 3794
f 816 58 3795
f 816 3795 1229
f 58 2621 3795
f 3795 2621 607
f 3795 607 2711
f 1229 3795 2711
f 608 3796 1231
f 3796 815 2577
f 1231 3796 2577
f 3796 2622 815
f 608 3430 3796
f 3430 2622 3796
f 819 3797 1061
f 819 1277 3797
f 1277 2029 3797
f 1061 3797 2827
f 3797 2029 3605
f 3797 3605 2827
f 3798 820 314
f 1062 3798 314
f 3798 2030 820
f 3606 3798 1062
f 1447 3799 992
f 1979 979 3799
f 3799 979 2558
f 3799 2558 992
f 3685 3799 1447
f 3685 1979 3799
f 1448 3800 164
f 2557 3800 1448
f 3357 980 3800
f 2557 3357 3800
f 3800 3686 164
f 3800 980 3686
f 422 1050 3801
f 1050 1047 3801
f 3801 1047 1909
f 3801 1909 1559
f 354 1048 3802
f 3802 1048 421
f 1910 354 3802
f 3802 421 2253
f 3803 1993 1077
f 1993 3803 2498
f 3803 3066 2498
f 3761 3803 1077
f 3803 3761 3066
f 1994 3804 1102
f 3065 1605 3804
f 3065 3804 1994
f 1102 3804 3762
f 1605 3762 3804
f 3805 1493 657
f 3805 1161 1493
f 1961 3805 657
f 2246 1161 3805
f 1962 3806 1393
f 1494 3806 1962
f 2472 1162 3806
f 1494 2472 3806
f 2403 1059 3807
f 779 1060 3808
f 753 3809 2824
f 3809 2570 2824
f 2319 3693 3809
f 3809 3693 2570
f 3753 3809 753
f 3753 2319 3809
f 754 3810 1854
f 2569 3810 754
f 3810 3754 1854
f 3810 3694 3754
f 3811 8 7
f 1697 3811 7
f 1697 1981 3811
f 8 3812 2326
f 3812 1698 2326
f 3812 8 3811
f 3813 1813 1
f 726 1948 3813
f 3813 2721 1813
f 1948 2721 3813
f 3814 2722 725
f 1814 2988 3814
f 2988 2722 3814
f 3814 725 3093
f 130 1852 3815
f 1852 2427 3815
f 130 3815 3459
f 3459 3815 2161
f 3816 129 1667
f 3816 2428 129
f 3460 3816 1667
f 99 205 3817
f 205 1713 3817
f 99 3817 1879
f 3817 1713 3399
f 1879 3817 3633
f 3817 3399 3633
f 3818 100 358
f 3818 1714 100
f 1880 3818 358
f 3400 3818 1880
f 3819 3153 805
f 1260 3819 3463
f 806 1490 3820
f 3820 1259 1883
f 3820 3154 1259
f 1490 3154 3820
f 806 3820 3464
f 3464 3820 1883
f 623 3821 767
f 623 1147 3821
f 1147 1419 3821
f 767 3821 2056
f 3821 1419 2144
f 3821 2144 2056
f 3822 1420 624
f 1541 1420 3822
f 2143 3822 768
f 2143 1541 3822
f 3822 624 3620
f 768 3822 3620
f 3823 3509 1659
f 1660 3238 3824
f 3824 3510 1769
f 3238 3510 3824
f 3827 1497 1869
f 2275 2591 3827
f 3827 2659 1497
f 2591 2659 3827
f 3041 3827 1869
f 2275 3827 3041
f 3828 2660 2276
f 1498 3828 3042
f 1498 3462 3828
f 3462 2660 3828
f 3829 454 2180
f 3829 2951 454
f 453 2733 3830
f 2733 2952 3830
f 3830 3178 1534
f 3830 2952 3178
f 1825 3831 651
f 3831 2539 651
f 2440 2645 3831
f 3831 2645 2539
f 3136 3831 1825
f 3136 2440 3831
f 1826 3832 685
f 2540 1226 3832
f 2540 3832 1826
f 1226 2646 3832
f 3832 3135 685
f 3832 2646 3135
f 1590 2336 3833
f 1590 3833 2673
f 2673 3833 2521
f 3833 3393 2521
f 3834 1589 95
f 2674 3834 95
f 3394 3834 2674
f 1354 1352 3835
f 1352 1511 3835
f 3835 1511 3319
f 3835 3319 1545
f 3836 1512 1353
f 3836 1353 3107
f 3140 1512 3836
f 3320 3140 3836
f 3837 859 2627
f 1017 3837 3379
f 3379 3837 2627
f 3838 1018 2730
f 860 3838 3380
f 3380 3838 2730
f 860 3596 3838
f 1831 3839 3745
f 3745 3839 3746
f 3840 1449 1450
f 3840 1450 1832
f 3840 1832 1604
f 3746 3840 1604
f 3839 1449 3840
f 3746 3839 3840
f 862 3427 3841
f 3427 2077 3841
f 3841 2077 3611
f 3842 861 2035
f 3842 2079 861
f 2043 2079 3842
f 3612 2043 3842
f 3843 547 2213
f 3299 547 3843
f 1075 3299 3843
f 3844 1076 136
f 3844 548 1076
f 2462 548 3844
f 2214 2462 3844
f 2599 3845 2051
f 3841 3611 3845
f 3847 789 612
f 676 789 3847
f 611 2465 3848
f 2465 790 3848
f 611 3848 3484
f 2014 1888 3849
f 2014 3849 2095
f 3849 30 2262
f 2095 3849 2262
f 29 1165 3850
f 3850 2013 667
f 29 3850 2096
f 2096 3850 667
f 1193 639 3851
f 837 1193 3851
f 837 3851 3167
f 3167 3851 1399
f 3851 639 3235
f 3851 3235 1399
f 3852 640 838
f 1410 640 3852
f 3852 838 1504
f 3168 3852 1504
f 3236 1410 3852
f 3236 3852 3168
f 103 3853 1515
f 3853 591 1515
f 3853 1781 591
f 2528 1781 3853
f 592 3854 104
f 104 3854 597
f 592 2968 3854
f 2968 1782 3854
f 908 2091 3855
f 1983 3855 2135
f 2208 908 3855
f 2208 3855 1983
f 3855 2091 3667
f 3855 3667 2135
f 1562 2092 3856
f 3856 2092 2207
f 3668 1562 3856
f 3668 3856 1984
f 1071 3857 1661
f 3857 1545 1661
f 3108 3857 1071
f 3108 1354 3857
f 1354 3835 3857
f 3857 3835 1545
f 1546 3858 1072
f 1072 3858 1895
f 3858 3107 1895
f 1546 3320 3858
f 3858 3836 3107
f 3320 3836 3858
f 353 2431 3859
f 3859 2459 1361
f 2431 2815 3859
f 3859 2815 2459
f 3860 354 1910
f 3860 2816 354
f 2460 2904 3860
f 2904 2816 3860
f 3861 1343 1881
f 3861 1881 2049
f 2470 1343 3861
f 3395 3861 2049
f 3270 1344 3862
f 1882 3270 3862
f 1882 3862 3396
f 3396 3862 3003
f 3863 303 122
f 1749 303 3863
f 113 3863 1858
f 3863 122 1858
f 121 3864 114
f 121 401 3864
f 401 304 3864
f 1835 3865 650
f 2377 3865 1835
f 2377 2423 3865
f 3865 2840 650
f 1836 3866 370
f 3866 2378 370
f 2839 3866 1836
f 2839 3435 3866
f 664 809 3867
f 3867 809 2192
f 569 3867 3074
f 3867 2192 3074
f 570 3868 871
f 2191 3868 570
f 3869 2637 278
f 3081 2637 3869
f 3325 3869 2589
f 3325 3081 3869
f 277 3870 2590
f 2590 3870 1254
f 277 2913 3870
f 2913 2638 3870
f 3870 3326 1254
f 3870 2638 3326
f 109 1281 3871
f 109 3871 2511
f 2511 3871 3020
f 3872 110 2630
f 2512 3872 2630
f 1533 3873 2293
f 3873 2180 2434
f 2293 3873 2434
f 1533 3177 3873
f 3873 3829 2180
f 3177 3829 3873
f 2179 453 3874
f 2179 3874 2294
f 3874 1534 2474
f 2294 3874 2474
f 453 3830 3874
f 3874 3830 1534
f 2069 3875 452
f 3875 2130 452
f 3875 2125 2130
f 2221 2125 3875
f 3629 3875 2069
f 3629 2221 3875
f 2070 3876 1632
f 143 2126 3876
f 2129 143 3876
f 2129 3876 2070
f 3876 3630 1632
f 3876 2126 3630
f 2908 181 3877
f 2846 2908 3877
f 3877 181 3598
f 3877 3598 3036
f 849 182 3878
f 3878 182 2845
f 3597 849 3878
f 3878 2845 3623
f 1453 149 3879
f 465 1453 3879
f 465 3879 3367
f 3367 3879 3368
f 3880 149 150
f 3880 466 22
f 3880 150 466
f 3368 3880 22
f 3879 149 3880
f 3368 3879 3880
f 1213 3881 582
f 1163 3881 1213
f 3881 2702 582
f 3881 627 2702
f 3275 627 3881
f 1163 3275 3881
f 3882 628 1164
f 3882 1164 2210
f 1214 3882 2210
f 2701 3882 1214
f 3057 628 3882
f 2701 3057 3882
f 20 1304 3883
f 1304 993 3883
f 20 3883 2333
f 2333 3883 1737
f 3884 994 19
f 1636 994 3884
f 3884 19 3705
f 2334 3884 3705
f 3885 2213 3776
f 3843 2213 3885
f 953 2214 3886
f 2602 3886 1552
f 3775 953 3886
f 3775 3886 2602
f 1069 1391 3887
f 1713 1069 3887
f 3887 1391 2380
f 1713 3887 3399
f 3887 2380 3768
f 3399 3887 3768
f 3888 1392 1714
f 2707 1392 3888
f 2379 2707 3888
f 2379 3888 3400
f 3888 1714 3818
f 3400 3888 3818
f 1037 3889 835
f 835 3889 2514
f 3889 2602 2514
f 3889 3775 2602
f 2601 3890 836
f 3890 3776 1038
f 2601 3885 3890
f 3885 3776 3890
f 2725 3411 3891
f 3751 3891 1680
f 3751 2725 3891
f 1709 3412 3892
f 2726 3892 3412
f 3752 3892 2726
f 3893 233 2780
f 3893 2780 1378
f 50 3794 3893
f 3794 233 3893
f 3894 234 49
f 1055 234 3894
f 3894 49 2115
f 2779 1055 3894
f 3895 1719 1785
f 2651 1719 3895
f 1783 2651 3895
f 1370 1720 3896
f 3896 1720 1784
f 1786 1370 3896
f 3896 1784 3322
f 688 3897 3505
f 3897 3589 1273
f 3898 687 1311
f 1274 2106 3898
f 1274 3898 3506
f 3506 3898 1311
f 3898 3590 687
f 2106 3590 3898
f 3899 477 1196
f 1816 477 3899
f 1376 1816 3899
f 1376 3899 3371
f 3900 478 1375
f 3900 1375 1569
f 3159 478 3900
f 1195 3159 3900
f 1195 3900 3372
f 3372 3900 1569
f 703 3901 1073
f 703 1086 3901
f 1086 1087 3901
f 3901 1087 2390
f 1073 3901 2556
f 3901 2390 2556
f 3902 1092 704
f 1108 1092 3902
f 2389 3902 1074
f 2389 1108 3902
f 3902 704 3702
f 1074 3902 3702
f 3903 1715 1834
f 847 3903 2088
f 3903 1834 2088
f 2803 3903 847
f 848 3904 904
f 661 1716 3904
f 1833 661 3904
f 1833 3904 848
f 3904 2804 904
f 3904 1716 2804
f 252 3905 3019
f 3019 3905 2512
f 3905 3872 2512
f 3905 3825 3872
f 3906 3826 251
f 3871 3906 3020
f 2065 1997 3907
f 641 3907 2271
f 2409 3907 641
f 2409 2065 3907
f 1196 1998 3908
f 642 3908 2128
f 3908 1998 2410
f 3908 2410 2128
f 3388 2355 3909
f 2768 3388 3909
f 3909 3613 1439
f 3909 2355 3613
f 3910 2767 1291
f 3910 2356 2767
f 3911 2307 1225
f 2645 3911 1225
f 2308 3912 2646
f 2646 3912 2439
f 2308 2666 3912
f 1356 1031 3913
f 1796 1356 3913
f 3913 1031 1821
f 1796 3913 3526
f 3913 1821 3549
f 3526 3913 3549
f 1402 1032 3914
f 3914 1032 1795
f 1822 1402 3914
f 3914 1795 3519
f 1822 3914 3529
f 3529 3914 3519
f 3915 2487 2017
f 3915 2488 2487
f 3457 3915 2017
f 2397 3915 3457
f 3916 2398 1974
f 2398 3916 2397
f 2488 3916 1974
f 2397 3916 3915
f 3916 2488 3915
f 3917 2399 2062
f 2399 3917 2400
f 3458 3917 2062
f 2489 3917 3458
f 2400 3918 1972
f 1972 3918 2490
f 3918 2489 2490
f 2400 3917 3918
f 3917 2489 3918
f 207 3919 372
f 3919 2698 372
f 2697 3920 208
f 2697 1599 3920
f 3921 3661 2785
f 3922 2784 1644
f 2786 1524 3922
f 1524 3662 3922
f 3922 3662 2784
f 1905 3923 1423
f 2081 1003 3923
f 3923 1003 2687
f 3923 2687 1423
f 1906 3924 1260
f 2688 3924 1906
f 3376 1004 3924
f 2688 3376 3924
f 2516 344 3925
f 2516 3925 1017
f 344 3441 3925
f 1017 3925 3837
f 1018 3926 1455
f 3926 2515 1455
f 1414 3442 3926
f 3926 3442 2515
f 3927 2511 416
f 2629 2511 3927
f 3189 2629 3927
f 3189 3927 2689
f 415 3928 2690
f 2690 3928 1266
f 415 3019 3928
f 3019 2512 3928
f 3928 3190 1266
f 3928 2512 3190
f 295 3929 239
f 239 3929 410
f 3929 340 410
f 3929 3499 340
f 339 3930 240
f 339 717 3930
f 240 3930 1820
f 3930 296 1820
f 3930 3500 296
f 717 3500 3930
f 844 438 3931
f 438 1563 3931
f 844 3931 2709
f 3931 1563 3128
f 3932 1564 843
f 3932 843 1935
f 2710 3932 1935
f 3127 3932 2710
f 3359 1564 3932
f 3127 3359 3932
f 1895 3933 287
f 1895 3107 3933
f 3933 3621 2283
f 3107 3621 3933
f 288 3934 1598
f 3934 1896 1598
f 2284 3934 288
f 2284 442 3934
f 442 3622 3934
f 3934 3622 1896
f 3935 1181 267
f 95 3935 1347
f 95 1589 3935
f 1589 1181 3935
f 3935 267 1747
f 1347 3935 1747
f 3936 1182 96
f 268 3936 1348
f 268 2362 3936
f 2362 1182 3936
f 3936 96 2450
f 1348 3936 2450
f 3937 1063 1681
f 3484 3848 3937
f 1064 1006 3938
f 3938 3483 3825
f 141 1499 3939
f 141 3939 1965
f 1157 727 3940
f 3940 142 1952
f 1157 3940 1966
f 1966 3940 1952
f 3941 207 1751
f 3649 3941 1751
f 2134 3941 3649
f 3942 2133 55
f 3650 3942 55
f 208 3942 3650
f 208 3920 3942
f 2053 3944 1918
f 1918 3944 2279
f 2053 2813 3944
f 3321 3945 999
f 3321 1783 3945
f 1783 3895 3945
f 1000 3946 2122
f 3946 3322 2122
f 1786 3896 3946
f 3946 3896 3322
f 1217 3947 3176
f 3824 1769 3947
f 67 1770 3948
f 1218 3948 3757
f 3949 1191 1319
f 1369 3949 1319
f 3949 1399 1191
f 2757 3949 1369
f 3167 1399 3949
f 2757 3167 3949
f 1192 120 3950
f 1192 3950 1370
f 120 1400 3950
f 1370 3950 1720
f 3950 1400 2758
f 3950 2758 1720
f 3951 1799 1054
f 3951 1175 1799
f 2681 1175 3951
f 3951 245 2725
f 2725 2681 3951
f 245 3951 3646
f 3951 1054 3646
f 1053 3952 246
f 1053 1753 3952
f 1800 1176 3952
f 1753 1800 3952
f 1176 2682 3952
f 2726 246 3952
f 3952 2682 2726
f 3953 955 755
f 3072 955 3953
f 2754 3072 3953
f 2754 3953 3524
f 3953 755 3525
f 3524 3953 3525
f 3954 956 2753
f 756 3954 3531
f 3954 2753 3545
f 3531 3954 3545
f 756 3584 3954
f 3584 956 3954
f 3955 863 2267
f 1242 3955 3527
f 3955 2267 3546
f 3527 3955 3546
f 3956 864 1241
f 2102 864 3956
f 2268 2102 3956
f 3956 1241 3523
f 2268 3956 3528
f 3528 3956 3523
f 3156 3957 2569
f 3957 3093 3694
f 2569 3957 3810
f 3957 3694 3810
f 2570 3958 227
f 1297 3094 3958
f 3958 3155 227
f 3958 3094 3155
f 3693 1297 3958
f 3693 3958 2570
f 593 1441 3959
f 2471 3959 2220
f 2949 593 3959
f 2949 3959 2471
f 3959 1441 3182
f 3959 3182 2220
f 505 1443 3960
f 2472 3960 1162
f 3960 2950 1162
f 3960 1443 2950
f 3181 505 3960
f 3181 3960 2472
f 64 368 3961
f 368 323 3961
f 64 3961 2955
f 2955 3961 2669
f 3962 324 63
f 1858 324 3962
f 3963 965 1662
f 2414 965 3963
f 3963 1662 3198
f 3696 2414 3963
f 1545 966 3964
f 1661 1545 3964
f 3964 966 3695
f 3964 3695 2609
f 3438 2571 3965
f 2940 3438 3965
f 1378 2572 3966
f 3966 2939 1745
f 3966 2572 2939
f 1534 3967 2795
f 3967 3121 2090
f 3967 2090 3126
f 2795 3967 3126
f 1534 3178 3967
f 3178 3121 3967
f 3968 1533 2473
f 2089 3968 2796
f 2796 3968 2473
f 3968 3122 1533
f 2089 3413 3968
f 3413 3122 3968
f 760 3969 661
f 760 1152 3969
f 661 3969 1716
f 1152 3345 3969
f 662 3970 1067
f 3970 759 1067
f 3970 3346 759
f 2881 3346 3970
f 218 1847 3971
f 3971 1847 2786
f 2832 218 3971
f 2832 3971 1521
f 1522 3972 825
f 1523 1848 3972
f 2785 3972 1522
f 2785 1523 3972
f 3972 2831 825
f 3972 1848 2831
f 1623 2657 3973
f 3973 2657 2834
f 3973 2834 2822
f 3027 1623 3973
f 1735 2658 3974
f 2833 1735 3974
f 3974 2658 3028
f 3974 3028 2994
f 1326 3975 299
f 1326 3302 3975
f 3975 3625 1275
f 3302 3625 3975
f 1276 3976 300
f 1276 3256 3976
f 3976 3626 1325
f 3256 3626 3976
f 3977 1654 366
f 3977 1507 1654
f 1683 3977 366
f 2655 1507 3977
f 3681 3977 1683
f 3681 2655 3977
f 1653 3978 1684
f 2507 1508 3978
f 1653 2507 3978
f 3978 1508 3682
f 1160 2317 3979
f 3979 2317 2837
f 3062 1160 3979
f 3062 3979 1371
f 1372 3980 583
f 1728 2318 3980
f 2838 3980 1372
f 2838 1728 3980
f 3980 3061 583
f 3980 2318 3061
f 810 663 3981
f 3981 663 2505
f 3868 810 3981
f 3868 3981 871
f 872 3982 569
f 2506 3982 872
f 3652 664 3982
f 2506 3652 3982
f 3982 3867 569
f 3982 664 3867
f 1896 1071 3983
f 1598 1896 3983
f 3077 3983 1395
f 1598 3983 3077
f 3983 1071 3197
f 3983 3197 1395
f 3984 1072 1597
f 1662 1072 3984
f 3984 1597 1725
f 3078 3984 1725
f 3198 1662 3984
f 3198 3984 3078
f 2181 3985 1739
f 3985 3073 1739
f 3179 3985 2181
f 3179 3323 3985
f 3985 3449 3073
f 3323 3449 3985
f 2182 3986 958
f 3074 3986 2182
f 3074 2192 3986
f 3986 3180 958
f 2192 3450 3986
f 3986 3450 3180
f 3987 1001 573
f 3393 3987 573
f 1002 1169 3988
f 1002 3988 3394
f 3394 3988 3834
f 3989 2139 1029
f 2562 2406 3989
f 2643 3989 1029
f 2562 3989 2643
f 3989 3409 2139
f 2406 3409 3989
f 2140 1566 3990
f 3990 2561 807
f 2644 3990 807
f 2140 3990 2644
f 1566 3410 3990
f 3990 3410 2561
f 3991 205 99
f 1495 3991 99
f 3991 3243 205
f 1215 3243 3991
f 3763 1215 3991
f 3763 3991 1495
f 206 3992 1496
f 206 1756 3992
f 1496 3992 3010
f 1756 3244 3992
f 3992 3764 3010
f 3992 3244 3764
f 790 675 3993
f 3993 675 1005
f 3993 1005 1063
f 3848 790 3993
f 3937 3993 1063
f 3848 3993 3937
f 2152 676 3994
f 1006 2152 3994
f 3994 676 3847
f 3994 3847 3483
f 1006 3994 3938
f 3938 3994 3483
f 687 3995 492
f 3995 2942 492
f 3995 2823 2942
f 3590 3995 687
f 3636 2823 3995
f 3590 3636 3995
f 753 2824 3996
f 2941 3996 688
f 2941 753 3996
f 3996 2824 3589
f 688 3996 3897
f 3996 3589 3897
f 1950 2278 3997
f 1950 3997 2347
f 3997 2807 115
f 2278 2807 3997
f 116 2282 3998
f 116 3998 2348
f 3998 2808 1949
f 2282 2808 3998
f 3998 1949 3473
f 2348 3998 3473
f 89 45 3999
f 3999 45 2468
f 2695 89 3999
f 3999 2468 2746
f 2695 3999 3163
f 3163 3999 2746
f 1797 46 4000
f 2467 1797 4000
f 4000 46 2696
f 4000 2696 852
f 3164 4000 852
f 2467 4000 3164
f 4001 443 116
f 1907 443 4001
f 1727 1907 4001
f 4002 444 1728
f 115 2281 4002
f 2281 444 4002
f 4002 1728 2838
f 486 4003 435
f 435 4003 1581
f 3064 457 4003
f 486 3064 4003
f 4003 457 3591
f 4003 3591 1581
f 4004 458 485
f 3298 458 4004
f 3592 4004 436
f 3592 3298 4004
f 217 1315 4005
f 2117 4005 2118
f 2831 217 4005
f 2831 4005 2117
f 4006 1315 1316
f 2118 4006 826
f 4006 2832 826
f 4006 1316 2832
f 4005 1315 4006
f 2118 4005 4006
f 1817 4007 792
f 4007 2822 792
f 2993 4007 1817
f 2993 3027 4007
f 4007 3973 2822
f 3027 3973 4007
f 1818 4008 554
f 2821 4008 1818
f 2821 2833 4008
f 4008 2994 554
f 2833 3974 4008
f 4008 3974 2994
f 4009 1635 151
f 993 1635 4009
f 4009 151 1723
f 1737 4009 1723
f 3883 993 4009
f 3883 4009 1737
f 152 4010 1738
f 1738 4010 2334
f 152 2878 4010
f 2878 1636 4010
f 4010 1636 3884
f 4010 3884 2334
f 1203 4011 1643
f 4011 2783 1643
f 4011 2391 2783
f 2984 4011 1203
f 3340 2391 4011
f 2984 3340 4011
f 1204 4012 2723
f 2784 4012 1204
f 4012 2392 2983
f 4012 2983 2723
f 4013 553 1221
f 4013 1221 1309
f 1466 553 4013
f 3315 4013 1309
f 1818 554 4014
f 1222 1818 4014
f 1222 4014 3316
f 3316 4014 2803
f 749 4015 377
f 4015 2385 377
f 2529 123 4015
f 2529 4015 749
f 750 4016 2248
f 2386 4016 750
f 2386 1684 4016
f 4016 2530 2248
f 4017 805 3247
f 3463 4017 1329
f 3819 805 4017
f 3463 3819 4017
f 1422 806 4018
f 1330 4018 1806
f 3248 4018 1330
f 3248 1422 4018
f 4018 806 3464
f 4018 3464 1806
f 79 1301 4019
f 1301 375 4019
f 79 4019 3779
f 4019 3780 3779
f 4020 376 80
f 376 4020 375
f 375 4020 4019
f 4020 3780 4019
f 1329 4021 2897
f 4021 3247 1177
f 4021 1177 3373
f 2897 4021 3373
f 1329 4017 4021
f 4017 3247 4021
f 4022 1330 1236
f 1178 1658 4022
f 1178 4022 2898
f 2898 4022 1236
f 4022 3248 1330
f 1658 3248 4022
f 1995 1915 4023
f 2391 1995 4023
f 2391 4023 2783
f 4023 1915 3661
f 2783 4023 3921
f 4023 3661 3921
f 164 1916 4024
f 4024 1916 2392
f 3662 164 4024
f 3662 4024 2784
f 4024 2392 4012
f 2784 4024 4012
f 4025 1431 2108
f 4025 2108 3470
f 456 3620 4025
f 3620 1431 4025
f 4026 1432 455
f 2853 1432 4026
f 2107 2853 4026
f 43 4027 223
f 43 357 4027
f 357 1879 4027
f 223 4027 2089
f 4027 1879 3413
f 4027 3413 2089
f 4028 1880 44
f 4028 44 2872
f 224 4028 2872
f 3414 4028 224
f 3634 1880 4028
f 3414 3634 4028
f 4029 775 1600
f 4029 1600 2698
f 3493 775 4029
f 1381 3493 4029
f 1381 4029 3919
f 3919 4029 2698
f 4030 776 1382
f 1955 776 4030
f 1599 1955 4030
f 1599 4030 3920
f 4031 137 2417
f 333 4031 2417
f 3764 4031 333
f 3764 1216 4031
f 138 4032 334
f 334 4032 3009
f 138 3452 4032
f 4032 3763 3009
f 4033 1037 835
f 3226 1037 4033
f 3102 3226 4033
f 4033 835 3237
f 3102 4033 3509
f 3509 4033 3237
f 4034 1038 3101
f 836 4034 3510
f 836 3890 4034
f 3890 1038 4034
f 871 4035 3141
f 3141 4035 3142
f 871 3981 4035
f 3981 2505 4035
f 4036 2506 872
f 4036 2505 2506
f 4035 2505 4036
f 3142 4035 4036
f 1271 4037 504
f 4037 3018 504
f 1272 4038 1416
f 3017 4038 1272
f 3017 2791 4038
f 2295 4039 2639
f 2639 4039 2719
f 4040 2296 1200
f 4040 1914 2296
f 2640 4040 1200
f 2680 1914 4040
f 1981 4041 3811
f 4041 3812 3811
f 1686 4042 1685
f 4042 1686 1982
f 4042 1982 1698
f 3812 4042 1698
f 1685 4042 4041
f 4042 3812 4041
f 4043 1865 169
f 2500 1324 4043
f 3055 4043 169
f 2500 4043 3055
f 1324 3185 4043
f 4043 3185 1865
f 1866 1640 4044
f 4044 2499 2227
f 1866 4044 3056
f 3056 4044 2227
f 1640 3186 4044
f 4044 3186 2499
f 4045 187 810
f 1423 4045 2191
f 2687 187 4045
f 1423 2687 4045
f 4045 810 3868
f 2191 4045 3868
f 1173 188 4046
f 809 1173 4046
f 4046 188 1424
f 809 4046 2192
f 4046 1424 3450
f 2192 4046 3450
f 1813 2987 4047
f 4047 3115 1660
f 2987 3115 4047
f 4048 1814 2
f 4048 3116 1814
f 1659 3237 4048
f 3237 3116 4048
f 861 4049 1227
f 4049 1943 74
f 4049 74 2246
f 1227 4049 2246
f 861 3425 4049
f 3425 1943 4049
f 73 4050 1228
f 4050 1945 862
f 4050 862 2036
f 1228 4050 2036
f 73 2419 4050
f 2419 1945 4050
f 4051 413 1180
f 973 4051 1766
f 4051 1180 1766
f 2850 4051 973
f 3212 413 4051
f 2850 3212 4051
f 974 4052 301
f 1179 4052 974
f 2817 414 4052
f 1179 2817 4052
f 4052 2849 301
f 4052 414 2849
f 4053 3036 2814
f 3624 2846 4053
f 2846 3877 4053
f 4053 3877 3036
f 3035 3597 4054
f 3597 3878 4054
f 4054 3878 3623
f 1909 353 4055
f 1909 4055 2525
f 4055 1361 3103
f 2525 4055 3103
f 353 3859 4055
f 4055 3859 1361
f 4056 1910 1560
f 1362 2460 4056
f 1362 4056 2526
f 2526 4056 1560
f 4056 3860 1910
f 2460 3860 4056
f 4057 1505 3081
f 4057 3363 1505
f 4058 3202 2142
f 4058 3364 3202
f 872 569 4059
f 4059 569 1740
f 143 4059 2126
f 4059 1740 2126
f 144 4060 803
f 1739 4060 144
f 3073 570 4060
f 1739 3073 4060
f 4061 2238 2237
f 4061 1707 3213
f 3214 4062 3213
f 4062 2238 4061
f 3213 4062 4061
f 698 1708 4063
f 4063 1708 2235
f 3215 698 4063
f 3215 4063 3216
f 4064 2236 420
f 4064 2235 2236
f 3216 4064 420
f 4063 2235 4064
f 3216 4063 4064
f 803 4065 1689
f 1689 4065 1690
f 4066 804 2876
f 1690 4066 2876
f 4066 3142 804
f 4066 3141 3142
f 1690 4065 4066
f 4065 3141 4066
f 4067 253 1449
f 2914 4067 1831
f 4067 1449 3839
f 1831 4067 3839
f 1832 4068 277
f 1450 4068 1832
f 1992 254 4068
f 1450 1992 4068
f 4068 254 2913
f 4068 2913 277
f 1273 1923 4069
f 443 4069 2282
f 4069 1923 2458
f 4069 2458 2282
f 444 4070 1908
f 1705 1924 4070
f 2457 4070 444
f 2457 1705 4070
f 2320 4071 2193
f 2320 2782 4071
f 2782 3007 4071
f 2193 4071 3329
f 1768 3008 4072
f 4072 3008 2319
f 2194 4072 3753
f 4072 2319 3753
f 1595 4073 26
f 4073 2534 26
f 2288 2883 4073
f 4073 2883 2534
f 3286 4073 1595
f 3286 2288 4073
f 1596 4074 677
f 2533 1539 4074
f 2533 4074 1596
f 1539 2884 4074
f 4074 3285 677
f 4074 2884 3285
f 1955 4075 776
f 3292 3369 4075
f 4075 3444 776
f 4075 3369 3444
f 1956 4076 2895
f 3245 3370 4076
f 3443 4076 1956
f 3443 3245 4076
f 2266 1317 4077
f 4077 2547 361
f 4077 1317 2547
f 2662 2266 4077
f 2038 1318 4078
f 2548 2038 4078
f 4078 2661 359
f 4078 1318 2661
f 2210 1164 4079
f 4079 2437 1475
f 3407 4079 1475
f 2210 4079 3407
f 1164 3617 4079
f 4079 3617 2437
f 4080 2209 2003
f 2438 2746 4080
f 3408 4080 2003
f 2438 4080 3408
f 4080 3618 2209
f 2746 3618 4080
f 4081 247 2951
f 1390 4081 3177
f 3768 247 4081
f 1390 3768 4081
f 4081 2951 3829
f 3177 4081 3829
f 4082 248 1389
f 2200 248 4082
f 2952 2200 4082
f 4082 1389 3121
f 2952 4082 3178
f 3178 4082 3121
f 4083 275 317
f 2135 275 4083
f 1263 2135 4083
f 1263 4083 3655
f 1014 276 4084
f 318 1014 4084
f 4084 276 1264
f 4084 1264 670
f 318 4084 3656
f 3656 4084 670
f 49 427 4085
f 4085 427 898
f 4085 898 1374
f 2115 49 4085
f 3075 4085 1374
f 2115 4085 3075
f 387 428 4086
f 897 387 4086
f 4086 428 2116
f 897 4086 3076
f 104 597 4087
f 4087 597 1584
f 789 4087 2466
f 4087 1584 2466
f 3786 104 4087
f 3786 4087 789
f 790 4088 675
f 1583 4088 790
f 2917 598 4088
f 1583 2917 4088
f 4088 598 3785
f 4088 3785 675
f 441 4089 2485
f 442 4090 3622
f 4091 1522 2218
f 4091 2785 1522
f 3921 2785 4091
f 1521 3971 4092
f 3971 2786 4092
f 1641 4093 434
f 4093 2218 434
f 3023 4093 1641
f 4093 4091 2218
f 2217 1521 4094
f 2217 4094 1642
f 1521 4092 4094
f 4094 4092 3024
f 1259 4095 1905
f 2384 2081 4095
f 3154 4095 1259
f 3154 2384 4095
f 4095 3923 1905
f 4095 2081 3923
f 1004 2082 4096
f 4096 2082 3153
f 1260 4096 3819
f 4096 3153 3819
f 3924 1004 4096
f 3924 4096 1260
f 2287 4097 295
f 3089 459 4097
f 2287 3089 4097
f 4097 459 3499
f 295 4097 3929
f 4097 3499 3929
f 342 460 4098
f 4098 460 2288
f 296 4098 3286
f 4098 2288 3286
f 3500 4098 296
f 3500 342 4098
f 4099 3023 1641
f 3363 4099 1505
f 3743 3023 4099
f 3363 3743 4099
f 1642 4100 1506
f 4100 3024 3364
f 1506 4100 4058
f 4100 3364 4058
f 1642 4094 4100
f 4094 3024 4100
f 4101 1014 318
f 4101 451 1014
f 1454 451 4101
f 466 1454 4101
f 3485 4101 318
f 466 4101 3485
f 4102 465 21
f 4102 452 465
f 2069 452 4102
f 1013 2069 4102
f 3486 4102 21
f 1013 4102 3486
f 386 643 4103
f 1663 4103 649
f 4103 643 2839
f 4103 2839 649
f 3192 386 4103
f 3192 4103 1663
f 1664 4104 379
f 2840 4104 1664
f 4104 3191 379
f 4104 644 3191
f 3436 644 4104
f 2840 3436 4104
f 119 4105 3175
f 3175 4105 1218
f 3511 67 4105
f 119 3511 4105
f 4105 67 3948
f 4105 3948 1218
f 4106 68 120
f 4106 120 1192
f 1769 68 4106
f 3176 4106 1192
f 3947 1769 4106
f 3947 4106 3176
f 3757 4107 1809
f 1770 3823 4107
f 3948 1770 4107
f 3948 4107 3757
f 3758 4108 1217
f 1660 3824 4108
f 4108 3947 1217
f 4108 3824 3947
f 1357 4109 867
f 4109 813 2195
f 3581 813 4109
f 1357 3581 4109
f 4110 814 1358
f 868 4110 1762
f 4110 1358 1762
f 2196 4110 868
f 2444 814 4110
f 2196 2444 4110
f 511 512 4112
f 4111 511 4112
f 513 528 4113
f 514 519 4114
f 522 515 4115
f 4115 515 535
f 516 517 4116
f 517 527 4117
f 4116 517 4117
f 518 524 4118
f 519 543 4119
f 4114 519 4119
f 520 529 4120
f 521 520 4121
f 4121 520 4120
f 4116 4121 4120
f 926 4122 927
f 3535 522 4122
f 926 3535 4122
f 4122 522 4115
f 512 523 4123
f 4123 1974 927
f 523 2686 4123
f 2686 1974 4123
f 4112 512 4123
f 4111 4112 4123
f 4123 4115 4111
f 4122 4123 927
f 4123 4122 4115
f 524 536 4124
f 4118 524 4124
f 4118 4124 4116
f 525 531 4125
f 526 516 4126
f 4126 516 4116
f 4116 4111 4126
f 527 514 4127
f 4127 514 4114
f 4117 527 4127
f 528 521 4128
f 4113 528 4128
f 4117 4128 4116
f 4128 4114 4119
f 4128 521 4121
f 4128 4121 4116
f 4127 4114 4128
f 4117 4127 4128
f 529 518 4129
f 4129 518 4118
f 4118 4116 4129
f 4120 529 4129
f 4116 4120 4129
f 530 544 4130
f 531 538 4131
f 4125 531 4131
f 4125 4131 4128
f 532 533 4132
f 533 541 4133
f 4132 533 4133
f 534 532 4134
f 4128 4134 4113
f 4134 532 4132
f 535 526 4135
f 4115 535 4135
f 4115 4135 4111
f 4135 526 4126
f 4111 4135 4126
f 536 530 4136
f 4124 536 4136
f 4124 4136 4116
f 4136 530 4130
f 4116 4136 4130
f 537 545 4137
f 538 539 4138
f 4131 538 4138
f 4128 4131 4138
f 539 534 4139
f 4139 534 4134
f 4139 4134 4128
f 4138 539 4139
f 4138 4139 4128
f 540 511 4140
f 4140 511 4111
f 4140 4111 4116
f 541 513 4141
f 4141 513 4113
f 4133 541 4141
f 4133 4141 4132
f 4134 4141 4113
f 4141 4134 4132
f 542 525 4142
f 4142 525 4125
f 4142 4125 4128
f 543 546 4143
f 4119 543 4143
f 4119 4143 4128
f 544 537 4144
f 4130 544 4144
f 4130 4144 4116
f 4144 537 4137
f 4144 4137 4116
f 545 540 4145
f 4137 545 4145
f 4137 4145 4116
f 4145 540 4140
f 4116 4145 4140
f 546 542 4146
f 4146 542 4142
f 4128 4146 4142
f 4143 546 4146
f 4143 4146 4128
f 2893 4147 1882
f 4147 3270 1882
f 3627 4147 2893
f 3627 3173 4147
f 3173 3637 4147
f 4147 3637 3270
f 2894 4148 2518
f 3269 4148 2894
f 3269 3085 4148
f 4148 3628 2518
f 3085 3638 4148
f 4148 3638 3628
f 1787 4149 1788
f 4149 1475 3215
f 3407 1475 4149
f 1787 3407 4149
f 420 1788 4150
f 3216 420 4150
f 4150 3215 3216
f 1788 4149 4150
f 4149 3215 4150
f 697 1476 4151
f 4151 1476 1789
f 3213 697 4151
f 4151 3214 3213
f 1790 418 4152
f 1790 4152 1789
f 418 3214 4152
f 1789 4152 4151
f 4152 3214 4151
f 1639 4153 620
f 909 4153 1639
f 1675 347 4153
f 909 1675 4153
f 4153 347 3386
f 4153 3386 620
f 4154 349 910
f 4154 910 3186
f 1640 4154 3186
f 3385 4154 1640
f 4155 1679 2103
f 2147 423 4155
f 2215 4155 2103
f 2147 4155 2215
f 1680 4156 2216
f 4156 2148 2394
f 2216 4156 2394
f 886 4157 1623
f 4157 2455 879
f 4157 879 2657
f 1623 4157 2657
f 886 3402 4157
f 3402 2455 4157
f 880 4158 1624
f 4158 2456 885
f 4158 885 3005
f 1624 4158 3005
f 1889 4159 1237
f 1237 4159 1922
f 4159 2710 1922
f 4159 3127 2710
f 1889 3365 4159
f 3365 3127 4159
f 1238 4160 1270
f 4160 1890 1270
f 2709 4160 1238
f 4160 3128 1890
f 2709 3931 4160
f 3931 3128 4160
f 2408 2036 4161
f 2408 4161 2427
f 4162 2407 1851
f 2428 4162 1851
f 2600 4162 2428
f 2600 3846 4162
f 1025 2955 4163
f 2955 2669 4163
f 1025 4163 3283
f 3283 4163 1582
f 4163 3592 1582
f 4163 2669 3592
f 4164 1026 1426
f 4164 2670 1026
f 3284 4164 1426
f 3297 2670 4164
f 3591 4164 3284
f 3591 3297 4164
f 1715 4165 662
f 1465 4165 1715
f 4165 3970 662
f 4165 2881 3970
f 4166 2882 1466
f 3345 2882 4166
f 3969 4166 1716
f 3969 3345 4166
f 4167 81 383
f 4167 383 1011
f 1699 81 4167
f 1985 4167 1011
f 3045 1699 4167
f 3045 4167 1985
f 384 4168 1986
f 1986 4168 2798
f 2948 82 4168
f 384 2948 4168
f 4168 82 3046
f 4168 3046 2798
f 1077 221 4169
f 4170 222 1102
f 1645 222 4170
f 654 4171 1593
f 4171 41 2342
f 1593 4171 2756
f 4171 2342 2756
f 4172 42 653
f 2341 4172 1594
f 463 2605 4173
f 2605 2497 4173
f 4173 2830 1578
f 4173 2497 2830
f 463 4173 3271
f 3271 4173 1578
f 4174 464 214
f 4174 2498 464
f 1993 2498 4174
f 2829 1993 4174
f 3272 4174 214
f 2829 4174 3272
f 1139 1109 4175
f 4175 1613 1055
f 4175 1109 1613
f 1617 4175 1055
f 2026 1139 4175
f 2026 4175 1617
f 1123 1136 4176
f 1614 1123 4176
f 1614 4176 1618
f 1618 4176 1953
f 4176 1136 2025
f 4176 2025 1953
f 1100 1120 4177
f 1367 4177 1665
f 3600 1100 4177
f 3600 4177 1367
f 1097 1126 4178
f 1368 4178 263
f 4178 3599 263
f 4178 1126 3599
f 4179 757 1498
f 987 4179 1870
f 4179 1498 1870
f 2842 4179 987
f 3282 757 4179
f 2842 3282 4179
f 988 4180 291
f 1497 4180 988
f 4180 2841 291
f 4180 758 2841
f 3461 758 4180
f 1497 3461 4180
f 1643 2783 4181
f 1643 4181 3023
f 2783 3921 4181
f 4181 3921 4091
f 3023 4181 4093
f 4181 4091 4093
f 4182 1644 3744
f 3024 4182 3744
f 4182 3922 1644
f 2786 3922 4182
f 4092 2786 4182
f 4092 4182 3024
f 4183 2575 1793
f 2274 2575 4183
f 2652 2274 4183
f 4183 1793 3259
f 4184 2651 1783
f 4184 2576 2651
f 1794 3654 4184
f 3654 2576 4184
f 254 746 4185
f 746 433 4185
f 254 4185 2913
f 2913 4185 2638
f 4186 434 253
f 1641 434 4186
f 4186 253 4067
f 2914 4186 4067
f 4187 1167 1001
f 1167 4187 1168
f 91 4187 3987
f 3987 4187 1001
f 4188 91 92
f 4188 92 1972
f 1168 4188 1972
f 4187 91 4188
f 1168 4187 4188
f 4189 94 93
f 1169 4189 3988
f 1170 4190 1169
f 94 4190 1974
f 1974 4190 1170
f 4190 94 4189
f 1169 4190 4189
f 4191 3 777
f 1172 3 4191
f 556 1172 4191
f 556 4191 3203
f 4192 4 555
f 1290 4 4192
f 778 1290 4192
f 778 4192 3204
f 4193 483 2159
f 2051 4193 2159
f 3845 4193 2051
f 3845 3611 4193
f 484 1386 4194
f 484 4194 2052
f 2052 4194 2600
f 4194 3846 2600
f 4195 1767 2352
f 4195 2352 2694
f 3007 1767 4195
f 3329 4195 2694
f 4071 3007 4195
f 4071 4195 3329
f 3147 1768 4196
f 2351 3147 4196
f 3330 4196 2194
f 2351 4196 3330
f 4196 1768 4072
f 4196 4072 2194
f 265 4197 139
f 1567 4197 265
f 2369 559 4197
f 1567 2369 4197
f 1158 560 4198
f 4198 560 1568
f 266 4198 2270
f 4198 1568 2270
f 4199 653 1359
f 4199 1359 2793
f 4172 653 4199
f 1594 4172 4199
f 1066 654 4200
f 1360 1066 4200
f 4200 1593 411
f 4200 654 1593
f 168 171 4201
f 632 168 4201
f 632 4201 1037
f 4201 171 3775
f 1037 4201 3889
f 4201 3775 3889
f 4202 172 631
f 954 172 4202
f 4202 631 3225
f 1038 4202 3225
f 3776 954 4202
f 3776 4202 1038
f 4203 828 1706
f 1923 4203 1706
f 2105 4203 1923
f 4203 2477 828
f 2105 3423 4203
f 3423 2477 4203
f 827 783 4204
f 827 4204 1924
f 1924 4204 1274
f 4204 2106 1274
f 783 2478 4204
f 4204 2478 2106
f 2527 4205 782
f 4205 555 2588
f 4205 2588 782
f 3204 4205 2527
f 4192 555 4205
f 3204 4192 4205
f 2528 4206 1781
f 2587 4206 2528
f 4206 556 3203
f 4206 3203 1781
f 3643 556 4206
f 2587 3643 4206
f 4207 3336 2172
f 4169 4207 1077
f 4207 4169 3336
f 1102 4208 4170
f 2423 1345 4209
f 1345 3433 4209
f 4209 3436 2840
f 4209 3433 3436
f 2423 4209 3865
f 3865 4209 2840
f 4210 2424 2378
f 4210 3434 2424
f 3347 3434 4210
f 3435 3347 4210
f 3866 4210 2378
f 3435 4210 3866
f 4211 1166 30
f 1888 1446 4211
f 3849 4211 30
f 1888 4211 3849
f 1165 1839 4212
f 4212 1887 2013
f 1165 4212 3850
f 3850 4212 2013
f 587 4213 2200
f 4213 655 2376
f 4213 2376 2200
f 2749 4213 587
f 2929 655 4213
f 2749 2929 4213
f 588 4214 132
f 2375 4214 588
f 4214 2750 132
f 4214 656 2750
f 567 4215 321
f 1035 4215 567
f 1035 723 4215
f 4215 2171 321
f 723 2373 4215
f 4215 2373 2171
f 568 4216 134
f 4216 1036 134
f 2172 4216 568
f 4216 2374 1036
f 2172 3336 4216
f 3336 2374 4216
f 1417 1363 4217
f 1645 4217 222
f 1417 4217 1645
f 4217 2174 222
f 1363 3755 4217
f 4217 3755 2174
f 2173 1427 4218
f 2173 4218 1646
f 4218 1418 2718
f 1646 4218 2718
f 4218 3756 1418
f 1427 3756 4218
f 4219 1 1741
f 3094 726 4219
f 3155 4219 1741
f 3094 4219 3155
f 4219 3813 1
f 726 3813 4219
f 2 1814 4220
f 2 4220 3156
f 1814 3814 4220
f 4220 3814 3093
f 4220 3093 3957
f 3156 4220 3957
f 42 4221 653
f 653 4221 1065
f 4221 3075 1065
f 4221 2115 3075
f 4222 2116 41
f 3076 4222 654
f 4086 2116 4222
f 3076 4086 4222
f 4222 41 4171
f 654 4222 4171
f 2439 4223 564
f 4223 471 3016
f 4223 3016 564
f 3912 4223 2439
f 105 472 4224
f 2440 4224 2645
f 3015 105 4224
f 3015 4224 2440
f 4224 472 3911
f 4224 3911 2645
f 2763 4225 1557
f 1235 2897 4225
f 3205 1235 4225
f 3205 4225 2763
f 4225 3689 1557
f 4225 2897 3689
f 2764 4226 2634
f 4226 3206 2634
f 4226 2898 3206
f 3374 2898 4226
f 3690 4226 2764
f 3690 3374 4226
f 1679 4227 3752
f 4227 1709 3892
f 4227 3892 3752
f 3411 1710 4228
f 3891 4228 1680
f 3891 3411 4228
f 1680 4228 4156
f 2541 571 4229
f 2101 4229 3584
f 2102 4230 864
f 3759 572 4230
f 4231 2435 2475
f 3083 2565 4231
f 4231 3095 2435
f 2565 3095 4231
f 3699 4231 2475
f 3083 4231 3699
f 2436 1028 4232
f 4232 3084 2114
f 1028 3096 4232
f 4232 3096 3084
f 3700 4232 2114
f 2436 4232 3700
f 4233 71 81
f 1699 4233 81
f 4233 2509 71
f 3437 4233 1699
f 72 502 4234
f 72 4234 1700
f 502 2510 4234
f 1700 4234 2940
f 4234 2510 3438
f 4234 3438 2940
f 856 98 4235
f 98 2403 4235
f 856 4235 3607
f 4235 2403 3807
f 4236 2404 855
f 1060 2404 4236
f 4236 855 3609
f 3608 4236 3609
f 3808 1060 4236
f 3808 4236 3608
f 153 4237 154
f 2869 4237 2653
f 4237 153 3245
f 2653 4237 3245
f 154 4238 2080
f 4238 2870 2080
f 4238 2869 2870
f 154 4237 4238
f 4237 2869 4238
f 155 4239 2654
f 2654 4239 1249
f 4239 2867 1249
f 4239 2868 2867
f 156 4240 155
f 1974 10 4240
f 1974 4240 156
f 2042 2078 4240
f 10 2964 4240
f 4240 2964 2042
f 2078 3428 4240
f 4240 3428 2868
f 155 4240 4239
f 4240 2868 4239
f 4241 297 730
f 4241 730 2146
f 1637 4241 2146
f 2676 4241 1637
f 2960 297 4241
f 2676 2960 4241
f 1638 4242 335
f 729 4242 1638
f 1967 298 4242
f 729 1967 4242
f 4242 298 2675
f 4242 2675 335
f 1808 605 4243
f 1446 1808 4243
f 4243 605 1840
f 4243 1840 1166
f 4211 4243 1166
f 1446 4243 4211
f 4244 606 1445
f 4244 1445 1887
f 3477 606 4244
f 1839 3477 4244
f 1839 4244 4212
f 4212 4244 1887
f 230 4245 3063
f 3063 4245 1902
f 4246 290 229
f 4246 229 457
f 1925 290 4246
f 3064 4246 457
f 3997 115 4247
f 2347 3997 4247
f 4248 116 2348
f 4248 2348 1500
f 4001 116 4248
f 2116 4249 41
f 2116 50 4249
f 50 3893 4249
f 4249 3893 1378
f 1377 4250 42
f 1377 2779 4250
f 4250 3894 2115
f 2779 3894 4250
f 42 4250 4221
f 4250 2115 4221
f 4251 174 262
f 2119 4251 262
f 1015 4251 2119
f 1015 2243 4251
f 4251 2935 174
f 2243 2935 4251
f 173 1043 4252
f 4252 1016 1314
f 173 4252 2120
f 2120 4252 1314
f 4252 2936 1016
f 1043 2936 4252
f 1741 1 4253
f 1741 4253 2223
f 4253 1810 2364
f 2223 4253 2364
f 4254 1742 1610
f 2224 4254 1610
f 1809 4254 2224
f 879 4255 356
f 2455 4255 879
f 2455 2155 4255
f 880 4256 4158
f 4256 2456 4158
f 4257 199 1212
f 2083 199 4257
f 363 4257 3222
f 4257 1212 3222
f 345 200 4258
f 1211 345 4258
f 1211 4258 364
f 364 4258 3606
f 1162 2245 4259
f 4259 2245 2354
f 1393 4259 2880
f 4259 2354 2880
f 3806 1162 4259
f 3806 4259 1393
f 1394 4260 1961
f 1227 2246 4260
f 2353 1227 4260
f 2353 4260 1394
f 4260 3805 1961
f 4260 2246 3805
f 1267 4261 1396
f 2610 4261 1267
f 4261 3198 1396
f 2610 3696 4261
f 4261 3963 3198
f 3696 3963 4261
f 1268 4262 2945
f 4262 2609 2945
f 3197 4262 1268
f 3197 1661 4262
f 1661 3964 4262
f 4262 3964 2609
f 290 4263 229
f 290 1620 4263
f 4263 113 1863
f 229 4263 1863
f 114 4264 230
f 114 3864 4264
f 230 4264 4245
f 4264 289 4245
f 1832 277 4265
f 1604 1832 4265
f 4265 277 2590
f 4265 2590 2298
f 4266 278 1603
f 4266 1603 2331
f 3869 278 4266
f 2589 3869 4266
f 4267 1155 1771
f 2161 4267 1771
f 3815 4267 2161
f 3815 2427 4267
f 1156 4268 2162
f 1156 2636 4268
f 2162 4268 3460
f 4268 3816 3460
f 189 2961 4269
f 189 4269 3583
f 3583 4269 2102
f 2961 3759 4269
f 4269 4230 2102
f 4269 3759 4230
f 4270 190 956
f 3584 4270 956
f 4270 3760 190
f 571 3760 4270
f 4229 571 4270
f 4229 4270 3584
f 554 1465 4271
f 4271 1465 1715
f 4271 1715 3903
f 2803 4271 3903
f 4014 554 4271
f 4014 4271 2803
f 1716 4272 2804
f 2804 4272 3315
f 4272 1466 4013
f 4272 4013 3315
f 4166 1466 4272
f 1716 4166 4272
f 489 4273 1709
f 489 2671 4273
f 1709 4273 3412
f 4273 3406 3412
f 2671 3645 4273
f 4273 3645 3406
f 3405 245 4274
f 3405 4274 1710
f 245 3646 4274
f 4274 3646 490
f 1296 1625 4275
f 1928 1296 4275
f 1928 4275 3201
f 4275 1625 3363
f 3201 4275 4057
f 4275 3363 4057
f 4276 1626 1927
f 3364 4276 3202
f 4276 1927 3639
f 3202 4276 3639
f 3744 1626 4276
f 3364 3744 4276
f 2994 4277 1465
f 2994 3028 4277
f 1465 4277 4165
f 4277 2881 4165
f 1466 4278 553
f 2882 4278 1466
f 4278 2993 553
f 2882 3448 4278
f 1997 1195 4279
f 2271 4279 2470
f 4279 1195 3372
f 4279 3372 2470
f 3907 1997 4279
f 3907 4279 2271
f 2272 4280 642
f 3371 4280 2272
f 3899 1196 4280
f 3371 3899 4280
f 4280 3908 642
f 4280 1196 3908
f 1315 4281 1316
f 3355 4281 1315
f 4282 637 638
f 1316 4282 218
f 4282 3356 218
f 4282 638 3356
f 4281 637 4282
f 1316 4281 4282
f 1154 1922 4283
f 4283 3105 337
f 1922 3183 4283
f 4283 3183 3105
f 3106 330 4284
f 330 3184 4284
f 4284 3184 1153
f 1959 4285 738
f 4284 1153 4285
f 2905 1154 4286
f 1960 4286 3581
f 2279 4287 791
f 4287 2821 791
f 3944 4287 2279
f 2280 4288 1917
f 2822 4288 2280
f 2822 2834 4288
f 4288 3943 1917
f 4289 2647 1539
f 2727 4289 1539
f 2648 2368 4290
f 2728 4290 2155
f 2648 4290 2728
f 1344 2469 4291
f 4291 2974 680
f 4291 2469 2974
f 3003 4291 680
f 3862 1344 4291
f 3862 4291 3003
f 2271 2470 4292
f 2973 2271 4292
f 2973 4292 3004
f 3004 4292 3395
f 4292 2470 3861
f 4292 3861 3395
f 1051 4293 399
f 1051 1829 4293
f 4293 3273 1436
f 1829 3273 4293
f 399 4293 3446
f 4293 1436 3446
f 400 4294 60
f 4294 1052 60
f 1435 4294 400
f 4294 3274 1052
f 1435 3473 4294
f 3473 3274 4294
f 299 4295 2109
f 2109 4295 2127
f 4295 1275 2409
f 4295 2409 2127
f 299 3975 4295
f 3975 1275 4295
f 4296 300 580
f 4296 1276 300
f 2066 1276 4296
f 2110 4296 580
f 2410 2066 4296
f 2410 4296 2110
f 300 4297 1995
f 1995 4297 1915
f 4297 1325 2357
f 4297 2357 1915
f 300 3976 4297
f 3976 1325 4297
f 4298 299 579
f 4298 1326 299
f 1996 4298 579
f 2112 1326 4298
f 2358 4298 1996
f 2358 2112 4298
f 4299 2777 839
f 999 3945 4299
f 2778 630 4300
f 4300 1000 3162
f 303 4301 402
f 1811 4301 303
f 1811 1033 4301
f 1033 2921 4301
f 4301 3778 402
f 4301 2921 3778
f 304 4302 1750
f 4302 1812 1750
f 4302 2922 1812
f 1999 2922 4302
f 3777 4302 304
f 3777 1999 4302
f 4303 797 1841
f 2225 4303 1841
f 4303 2747 797
f 855 2747 4303
f 3609 855 4303
f 3609 4303 2225
f 798 602 4304
f 798 4304 2226
f 602 2748 4304
f 2226 4304 2986
f 4304 2748 3610
f 4304 3610 2986
f 1268 2945 4305
f 4305 2945 2693
f 3318 1268 4305
f 3318 4305 1345
f 1345 4305 3433
f 4305 2693 3433
f 1346 4306 1149
f 2694 4306 1346
f 2694 2352 4306
f 2352 2946 4306
f 4306 3317 1149
f 4306 2946 3317
f 4307 503 243
f 2979 4307 2980
f 3747 503 4307
f 2979 3747 4307
f 4308 243 244
f 4308 244 1232
f 2980 4308 1232
f 4307 243 4308
f 2980 4307 4308
f 4309 242 241
f 241 1271 4309
f 1271 504 4309
f 4309 504 2981
f 242 4310 2684
f 2684 4310 2982
f 2982 4310 2981
f 4310 242 4309
f 2981 4310 4309
f 1952 142 4311
f 2507 4311 1508
f 1952 4311 2507
f 142 3445 4311
f 4312 1951 1239
f 2508 4312 1239
f 399 3446 4312
f 4312 3446 1951
f 1216 732 4313
f 732 2141 4313
f 4313 3451 137
f 4313 2141 3451
f 4031 4313 137
f 1216 4313 4031
f 4314 2142 1215
f 4314 1215 3763
f 3452 4314 4032
f 4032 4314 3763
f 559 1157 4315
f 139 4315 1920
f 4315 1157 1966
f 4315 1966 1920
f 4197 4315 139
f 4197 559 4315
f 140 4316 266
f 1965 4316 140
f 3939 1158 4316
f 1965 3939 4316
f 4316 4198 266
f 4316 1158 4198
f 4317 728 1158
f 1499 2347 4317
f 3939 4317 1158
f 1499 4317 3939
f 4317 4247 728
f 2347 4247 4317
f 4318 1500 142
f 3940 4318 142
f 727 4318 3940
f 4318 4248 1500
f 135 1075 4319
f 135 4319 1551
f 1551 4319 2601
f 1075 3843 4319
f 4319 3885 2601
f 4319 3843 3885
f 4320 136 374
f 1552 4320 374
f 4320 3844 136
f 2214 3844 4320
f 3886 4320 1552
f 3886 2214 4320
f 4321 251 1685
f 3020 4321 1981
f 3906 251 4321
f 3020 3906 4321
f 4321 1685 4041
f 1981 4321 4041
f 1982 4322 415
f 1686 4322 1982
f 2076 252 4322
f 1686 2076 4322
f 4322 252 3019
f 4322 3019 415
f 1648 4323 625
f 1648 2122 4323
f 2122 3199 4323
f 4323 3199 2239
f 626 4324 893
f 4324 1647 893
f 2240 4324 626
f 4324 3200 1647
f 2100 79 4325
f 1300 2100 4325
f 1300 4325 3289
f 3289 4325 2991
f 4325 79 3779
f 4325 3779 2991
f 4326 80 1299
f 3780 4326 3290
f 4020 80 4326
f 3780 4020 4326
f 1473 373 4327
f 373 1551 4327
f 4327 1551 2513
f 1473 4327 2987
f 4327 2513 3115
f 2987 4327 3115
f 4328 1552 1474
f 2602 1552 4328
f 2514 2602 4328
f 4328 1474 2722
f 2514 4328 2988
f 2988 4328 2722
f 1120 1082 4329
f 1665 4329 1666
f 4177 1120 4329
f 4177 4329 1665
f 4330 1082 1097
f 1666 4330 1368
f 4330 1097 4178
f 4330 4178 1368
f 4329 1082 4330
f 1666 4329 4330
f 1281 1969 4331
f 1281 4331 3871
f 4331 3826 3906
f 3871 4331 3906
f 4332 1282 110
f 3825 3483 4332
f 3872 4332 110
f 3825 4332 3872
f 4333 695 2799
f 4290 4333 2155
f 62 696 4334
f 2156 4334 2727
f 2800 62 4334
f 2800 4334 2156
f 4334 696 4289
f 4334 4289 2727
f 4335 204 220
f 4335 2479 204
f 2485 4335 220
f 4089 4335 2485
f 203 883 4336
f 883 2480 4336
f 203 4336 2486
f 2486 4336 442
f 4336 4090 442
f 4336 2480 4090
f 4337 1537 1607
f 969 1791 4337
f 4337 1791 1537
f 3227 969 4337
f 4338 1792 3228
f 1538 3294 4338
f 3294 1792 4338
f 4338 3228 3472
f 1001 27 4339
f 573 1001 4339
f 4339 27 1172
f 4339 1172 556
f 3643 4339 556
f 573 4339 3643
f 4340 28 574
f 1405 28 4340
f 1171 1405 4340
f 1171 4340 3644
f 4341 2635 1155
f 4341 2599 2635
f 2427 4161 4341
f 4161 2599 4341
f 4267 4341 1155
f 2427 4341 4267
f 2052 2600 4342
f 4342 2600 2428
f 2636 2052 4342
f 4342 2428 3816
f 2636 4342 4268
f 4268 4342 3816
f 3441 1413 4343
f 4343 3595 859
f 4343 1413 3595
f 3837 4343 859
f 3925 3441 4343
f 3925 4343 3837
f 2902 1414 4344
f 3596 2902 4344
f 3838 4344 1018
f 3596 4344 3838
f 4344 3926 1018
f 4344 1414 3926
f 1382 2327 4345
f 4345 2327 2859
f 2133 4345 3671
f 4345 2859 3671
f 2190 2328 4346
f 2860 4346 2134
f 2860 2190 4346
f 2134 4346 3941
f 4347 2195 2792
f 4347 2792 3018
f 867 4347 4037
f 4037 4347 3018
f 867 4109 4347
f 4109 2195 4347
f 4348 2196 868
f 2791 4348 4038
f 4349 1439 1767
f 1292 2768 4349
f 1292 4349 3007
f 3007 4349 1767
f 4349 3909 1439
f 2768 3909 4349
f 4350 1291 2781
f 1440 4350 3008
f 3008 4350 2781
f 1440 3614 4350
f 4350 3910 1291
f 3614 3910 4350
f 4351 1144 68
f 1769 4351 68
f 4351 3101 1144
f 3510 4351 1769
f 4034 3101 4351
f 3510 4034 4351
f 1143 4352 1770
f 1143 2925 4352
f 2925 3102 4352
f 4352 3102 3509
f 1770 4352 3823
f 4352 3509 3823
f 235 793 4353
f 355 4353 880
f 2907 235 4353
f 2907 4353 355
f 4353 793 4256
f 4353 4256 880
f 356 4354 2846
f 4354 794 2908
f 4354 2908 2846
f 4255 4354 356
f 4355 1114 101
f 1130 1114 4355
f 4355 101 2519
f 1807 4355 2519
f 3684 1130 4355
f 3684 4355 1807
f 102 1132 4356
f 1132 1131 4356
f 102 4356 1808
f 1808 4356 605
f 4356 3683 605
f 4356 1131 3683
f 360 4357 681
f 360 2662 4357
f 4357 361 3381
f 681 4357 3381
f 4357 4077 361
f 2662 4077 4357
f 362 4358 682
f 362 2548 4358
f 4358 359 3331
f 682 4358 3331
f 4358 4078 359
f 2548 4078 4358
f 1698 4359 47
f 1982 415 4359
f 1698 1982 4359
f 47 4359 2360
f 4359 415 2690
f 4359 2690 2360
f 4360 416 1697
f 48 4360 2325
f 4360 1697 2325
f 2689 4360 48
f 3927 416 4360
f 2689 3927 4360
f 559 4361 1157
f 4361 727 1157
f 1371 4361 559
f 4361 2837 727
f 1371 3979 4361
f 3979 2837 4361
f 728 4362 560
f 560 4362 2370
f 4362 1372 2370
f 4362 2838 1372
f 1470 1618 4363
f 1618 1953 4363
f 4363 1953 2509
f 1470 4363 3437
f 4363 2509 4233
f 3437 4363 4233
f 4364 1954 1469
f 2264 1954 4364
f 2510 2264 4364
f 4364 1469 2571
f 2510 4364 3438
f 3438 4364 2571
f 4365 1119 147
f 1135 1119 4365
f 4365 147 2559
f 1815 4365 2559
f 3670 1135 4365
f 3670 4365 1815
f 148 1127 4366
f 1127 1125 4366
f 148 4366 1816
f 1816 4366 477
f 4366 3669 477
f 4366 1125 3669
f 4367 2732 216
f 4367 411 2732
f 3037 4367 216
f 394 4367 3037
f 4368 393 235
f 175 412 4368
f 4368 412 393
f 2731 175 4368
f 3038 4368 235
f 2731 4368 3038
f 4369 191 2373
f 723 4369 2373
f 3059 4369 723
f 3059 2931 4369
f 4369 3165 191
f 2931 3165 4369
f 192 4370 724
f 192 2718 4370
f 724 4370 2762
f 4370 3060 2762
f 2718 3166 4370
f 4370 3166 3060
f 3241 4371 3385
f 3242 4373 3292
f 4375 3196 3195
f 3195 3252 4375
f 2684 4376 3130
f 3129 3130 4376
f 3196 4376 2684
f 3129 4376 4375
f 4376 3196 4375
f 3132 3131 4377
f 3131 3172 4377
f 1692 14 4378
f 2578 4378 1232
f 2614 1692 4378
f 2578 2614 4378
f 4378 14 2686
f 2686 3132 4378
f 4378 3194 1232
f 4378 3193 3194
f 3132 4377 4378
f 4377 3193 4378
f 4379 391 788
f 4379 788 2020
f 1743 4379 2020
f 2826 4379 1743
f 3054 391 4379
f 2826 3054 4379
f 1744 4380 589
f 787 4380 1744
f 2067 392 4380
f 787 2067 4380
f 4380 392 2825
f 4380 2825 589
f 2521 4381 3025
f 3025 4381 2587
f 3393 573 4381
f 2521 3393 4381
f 4381 573 3643
f 4381 3643 2587
f 4382 574 2522
f 4382 2522 990
f 3026 4382 990
f 3644 4382 3026
f 4340 574 4382
f 3644 4340 4382
f 4383 2814 2054
f 3943 4383 2054
f 4383 4053 2814
f 3624 4053 4383
f 2813 3035 4384
f 2813 4384 3944
f 3035 4054 4384
f 3944 4384 4287
f 2641 4385 1150
f 2365 4385 2641
f 3077 1395 4385
f 2365 3077 4385
f 4385 3318 1150
f 4385 1395 3318
f 1267 1396 4386
f 4386 2366 1202
f 4386 1396 2366
f 2642 4386 1202
f 3317 1267 4386
f 3317 4386 2642
f 1913 2679 4387
f 2719 4387 1544
f 4387 3334 1544
f 4387 2679 3334
f 4039 1913 4387
f 4039 4387 2719
f 2157 2680 4388
f 2720 4388 2640
f 3333 2157 4388
f 3333 4388 2720
f 4388 4040 2640
f 4388 2680 4040
f 721 4389 2295
f 4389 2909 1913
f 721 3309 4389
f 3309 2909 4389
f 4389 1913 4039
f 2295 4389 4039
f 1914 1042 4390
f 1914 4390 2296
f 4390 2910 722
f 1042 2910 4390
f 4390 722 3476
f 2296 4390 3476
f 459 4391 341
f 2387 4391 459
f 2387 1247 4391
f 1247 3091 4391
f 460 4392 3090
f 4392 2388 3090
f 4392 3092 2388
f 3378 3092 4392
f 4393 1299 1520
f 1057 4393 1868
f 4393 1520 1868
f 3290 4393 1057
f 4326 1299 4393
f 3290 4326 4393
f 1058 4394 479
f 1519 4394 1058
f 4394 3289 479
f 4394 1300 3289
f 3677 1300 4394
f 1519 3677 4394
f 55 2133 4395
f 4395 2538 406
f 2133 3671 4395
f 4395 3671 2538
f 4396 56 2356
f 4396 3672 56
f 2537 3769 4396
f 3769 3672 4396
f 4397 3291 77
f 3370 3291 4397
f 4397 77 3789
f 2895 4397 3789
f 4076 4397 2895
f 4076 3370 4397
f 78 4398 2896
f 2896 4398 1955
f 78 3242 4398
f 3242 3292 4398
f 4398 4075 1955
f 4398 3292 4075
f 3823 1659 4399
f 4107 4399 1809
f 4107 3823 4399
f 1809 4399 4254
f 1810 4400 3758
f 4047 1660 4400
f 4400 1660 4108
f 4400 4108 3758
f 2161 1771 4401
f 2371 2161 4401
f 4401 1771 2479
f 2371 4401 4089
f 4401 2479 4335
f 4089 4401 4335
f 1942 1772 4402
f 4402 1772 2372
f 2480 1942 4402
f 2480 4402 4090
f 472 1744 4403
f 1744 589 4403
f 4403 589 2665
f 4403 2665 2307
f 472 4403 3911
f 3911 4403 2307
f 4404 590 471
f 3208 590 4404
f 2666 3208 4404
f 2666 4404 3912
f 4404 471 4223
f 3912 4404 4223
f 752 4405 177
f 1638 335 4405
f 752 1638 4405
f 4405 335 2581
f 177 4405 2975
f 4405 2581 2975
f 4406 336 751
f 178 4406 831
f 4406 751 831
f 2582 4406 178
f 2972 336 4406
f 2582 2972 4406
f 2137 1885 4407
f 3555 4407 3565
f 2097 1886 4408
f 3566 4408 3570
f 4409 575 2457
f 4409 2457 2281
f 890 4409 2807
f 2807 4409 2281
f 3268 575 4409
f 890 3268 4409
f 4410 576 889
f 1706 576 4410
f 4410 889 2277
f 2458 1706 4410
f 2808 4410 2277
f 2458 4410 2808
f 4411 1251 1012
f 2173 4411 705
f 2173 1251 4411
f 705 4411 3604
f 4411 1012 3604
f 1011 383 4412
f 1011 4412 706
f 383 1252 4412
f 706 4412 2174
f 4412 1252 2174
f 349 4413 350
f 4413 349 4154
f 3385 4413 4154
f 4371 4413 3385
f 350 4414 1972
f 1972 4414 4372
f 4414 4371 4372
f 350 4413 4414
f 4413 4371 4414
f 347 4415 3386
f 3386 4415 3242
f 4415 4373 3242
f 4415 4374 4373
f 348 4416 347
f 4416 348 1974
f 4374 4416 1974
f 347 4416 4415
f 4416 4374 4415
f 2837 4417 727
f 2837 1727 4417
f 1727 4001 4417
f 4417 4001 4248
f 727 4417 4318
f 4417 4248 4318
f 115 4002 4418
f 4418 4002 2838
f 4247 115 4418
f 4247 4418 728
f 728 4418 4362
f 4418 2838 4362
f 4419 21 3171
f 4419 3171 3129
f 3486 21 4419
f 3252 3486 4419
f 4375 4419 3129
f 3252 4419 4375
f 4420 22 3251
f 4420 3251 3193
f 3368 22 4420
f 3172 3368 4420
f 3172 4420 4377
f 4377 4420 3193
f 4421 3863 113
f 4421 1749 3863
f 4263 4421 113
f 1620 4421 4263
f 4422 1619 289
f 304 1750 4422
f 4422 1750 1619
f 3864 304 4422
f 4264 4422 289
f 3864 4422 4264
f 864 4423 1241
f 1241 4423 3044
f 4423 763 3602
f 4423 3602 3044
f 4424 764 863
f 1877 764 4424
f 3601 4424 1242
f 3601 1877 4424
f 4424 863 3955
f 1242 4424 3955
f 4425 1757 29
f 1696 1757 4425
f 4425 29 2261
f 1307 4425 2261
f 3232 4425 1307
f 3232 1696 4425
f 30 1166 4426
f 30 4426 1308
f 1166 1758 4426
f 4426 1758 3231
f 1308 4426 3631
f 4426 3231 3631
f 412 4427 393
f 412 1594 4427
f 1594 4199 4427
f 4427 4199 2793
f 2794 4428 394
f 2794 1360 4428
f 4428 4200 411
f 1360 4200 4428
f 394 4428 4367
f 4428 411 4367
f 1834 1021 4429
f 2088 4429 1501
f 2088 1834 4429
f 1501 4429 2915
f 4429 1021 3047
f 4429 3047 2915
f 1234 1022 4430
f 1502 4430 699
f 4430 2087 699
f 4430 1022 2087
f 3048 1234 4430
f 3048 4430 1502
f 2986 4431 983
f 4431 3607 1925
f 2986 3610 4431
f 3610 3607 4431
f 1926 4432 984
f 984 4432 2617
f 4432 2985 2617
f 4432 3608 2985
f 629 4433 1243
f 1369 1319 4433
f 1785 4433 629
f 1785 1369 4433
f 4433 2567 1243
f 4433 1319 2567
f 1532 1320 4434
f 4434 1320 1786
f 2568 4434 630
f 2568 1532 4434
f 4435 1989 2313
f 2483 4435 440
f 4435 3012 440
f 4435 487 3012
f 487 4435 3515
f 3515 4435 2313
f 3751 1989 4435
f 2483 3751 4435
f 35 488 4436
f 4436 2314 1990
f 3011 35 4436
f 3011 4436 2484
f 488 3540 4436
f 3540 2314 4436
f 3752 4436 1990
f 2484 4436 3752
f 4437 2172 322
f 4207 4437 1077
f 4437 4207 2172
f 2171 3335 4438
f 4438 4208 1102
f 3335 4208 4438
f 1301 4439 375
f 686 1825 4439
f 2810 686 4439
f 2810 4439 1301
f 4439 3341 375
f 4439 1825 3341
f 652 1826 4440
f 4440 1826 2809
f 3342 652 4440
f 3342 4440 1302
f 1302 4440 3665
f 4440 2809 3665
f 4441 1620 290
f 1925 4441 290
f 3607 4441 1925
f 4441 3807 1620
f 3607 4235 4441
f 4235 3807 4441
f 1619 4442 1926
f 4442 3808 3608
f 1926 4442 4432
f 4442 3608 4432
f 4443 1385 483
f 4443 2963 1385
f 2041 2963 4443
f 3611 2041 4443
f 4193 4443 483
f 3611 4443 4193
f 1386 11 4444
f 11 2965 4444
f 4444 2965 3612
f 4444 3612 3846
f 1386 4444 4194
f 4194 4444 3846
f 4445 2833 2821
f 4445 3623 2833
f 4054 3623 4445
f 4287 4445 2821
f 4384 4054 4445
f 4384 4445 4287
f 2834 1736 4446
f 1736 3624 4446
f 2834 4446 4288
f 4288 4446 3943
f 4446 3624 4383
f 4446 4383 3943
f 2983 4447 1845
f 1845 4447 3069
f 3339 2619 4447
f 2983 3339 4447
f 4447 2619 3679
f 4447 3679 3069
f 1846 4448 2724
f 4448 2620 2984
f 4448 2984 2724
f 3680 4448 1846
f 715 4449 737
f 715 1007 4449
f 737 4449 1960
f 1007 2905 4449
f 4449 4286 1960
f 4449 2905 4286
f 4450 716 70
f 738 4450 70
f 4450 2906 716
f 1153 2906 4450
f 4285 4450 738
f 4285 1153 4450
f 665 4451 2901
f 665 3161 4451
f 2901 4451 3587
f 4451 2943 3587
f 4452 666 1414
f 2902 4452 1414
f 2944 840 4452
f 2944 4452 2902
f 4453 322 2178
f 4453 3773 1077
f 3773 4453 2178
f 4453 4437 322
f 1077 4437 4453
f 321 2171 4454
f 321 4454 3774
f 1102 3774 4454
f 4454 4438 1102
f 2171 4438 4454
f 2039 4455 2431
f 4455 2797 1897
f 4455 1897 2815
f 2431 4455 2815
f 2039 3219 4455
f 3219 2797 4455
f 1898 1986 4456
f 4456 2040 1672
f 2432 4456 1672
f 1898 4456 2432
f 1986 2798 4456
f 4456 2798 2040
f 59 399 4457
f 1507 4457 2508
f 2573 59 4457
f 2573 4457 1507
f 4457 399 4312
f 4457 4312 2508
f 4458 400 2574
f 1508 4458 2656
f 4458 2574 2656
f 3445 400 4458
f 4311 4458 1508
f 4311 3445 4458
f 4459 1265 31
f 2239 4459 31
f 4459 2953 1265
f 3029 2953 4459
f 3199 4459 2239
f 3199 3029 4459
f 1266 4460 2240
f 1266 3190 4460
f 3190 2954 4460
f 4460 2954 3200
f 2240 4460 4324
f 4460 3200 4324
f 85 4461 86
f 85 1366 4461
f 1366 1287 4461
f 86 4462 1232
f 86 4461 4462
f 4463 1288 83
f 1411 1288 4463
f 84 4464 83
f 4464 84 1230
f 2712 4464 1230
f 2712 2238 4464
f 2238 4062 4464
f 4062 3214 4464
f 83 4464 4463
f 287 4465 1939
f 4465 2283 35
f 4465 35 3011
f 1939 4465 3011
f 287 3933 4465
f 3933 2283 4465
f 36 1322 4466
f 4466 288 1492
f 36 4466 1940
f 1940 4466 1492
f 4466 2284 288
f 1322 2284 4466
f 4467 387 897
f 1695 4467 897
f 3352 1586 4467
f 3352 4467 1695
f 4467 3701 387
f 1586 3701 4467
f 388 1074 4468
f 388 4468 1696
f 1696 4468 1757
f 4468 3351 1757
f 1074 3702 4468
f 4468 3702 3351
f 3233 611 4469
f 1969 3233 4469
f 4469 611 3484
f 4469 3484 3826
f 1969 4469 4331
f 4331 4469 3826
f 4470 612 1970
f 4470 1970 1282
f 3847 612 4470
f 3483 3847 4470
f 4332 4470 1282
f 3483 4470 4332
f 2141 3201 4471
f 4471 3081 3325
f 2141 4471 3451
f 3451 4471 3325
f 4471 4057 3081
f 3201 4057 4471
f 3082 1506 4472
f 3082 4472 3452
f 1506 4058 4472
f 4472 4058 2142
f 4472 2142 4314
f 3452 4472 4314
f 1106 1121 4473
f 2025 1106 4473
f 4473 1121 2255
f 2025 4473 2263
f 4473 2255 2441
f 2263 4473 2441
f 1141 1124 4474
f 4474 1124 2026
f 4474 2026 1954
f 2256 1141 4474
f 2264 4474 1954
f 2256 4474 2264
f 1750 4475 1619
f 1812 779 4475
f 1750 1812 4475
f 4475 779 3808
f 1619 4475 4442
f 4475 3808 4442
f 1059 780 4476
f 4476 780 1749
f 3807 1059 4476
f 3807 4476 1620
f 1620 4476 4421
f 4476 1749 4421
f 4477 1338 1518
f 1016 2244 4477
f 1016 4477 2425
f 2425 4477 1518
f 4477 3691 1338
f 2244 3691 4477
f 4478 1015 1313
f 2426 4478 1313
f 1337 4478 2426
f 1337 3111 4478
f 4478 3692 1015
f 3111 3692 4478
f 251 4479 2075
f 4479 1681 2075
f 3826 4479 251
f 3826 3484 4479
f 4479 3937 1681
f 3484 3937 4479
f 1682 4480 252
f 1682 1064 4480
f 252 4480 3905
f 4480 3825 3905
f 1064 3938 4480
f 4480 3938 3825
f 983 4481 1901
f 1901 4481 3064
f 4481 1925 4246
f 4481 4246 3064
f 983 4431 4481
f 4431 1925 4481
f 4482 984 1408
f 1902 4482 1408
f 289 1926 4482
f 4482 1926 984
f 4245 289 4482
f 4245 4482 1902
f 4483 406 1722
f 2355 55 4483
f 3613 4483 1722
f 2355 4483 3613
f 55 4395 4483
f 4483 4395 406
f 405 2537 4484
f 405 4484 3614
f 4484 2356 3910
f 3614 4484 3910
f 4484 4396 2356
f 2537 4396 4484
f 4485 455 3703
f 4026 455 4485
f 882 456 4486
f 1602 4486 2429
f 3704 882 4486
f 3704 4486 1602
f 1601 4487 2791
f 4487 3703 2196
f 4487 2196 4348
f 2791 4487 4348
f 1601 4485 4487
f 4485 3703 4487
f 4488 1602 614
f 2195 2443 4488
f 2792 4488 614
f 2195 4488 2792
f 4488 3704 1602
f 2443 3704 4488
f 2429 4489 2312
f 4489 3470 2312
f 456 4025 4489
f 4489 4025 3470
f 4486 456 4489
f 4486 4489 2429
f 2430 4490 1601
f 3469 2107 4490
f 3469 4490 2430
f 2107 4026 4490
f 4490 4485 1601
f 4490 4026 4485
f 2625 91 4491
f 2336 2625 4491
f 2336 4491 3833
f 3833 4491 3393
f 4491 91 3987
f 4491 3987 3393
f 4492 93 2335
f 4492 2335 1589
f 3834 4492 1589
f 3988 4492 3834
f 4189 93 4492
f 3988 4189 4492
f 971 4493 857
f 633 995 4493
f 2741 633 4493
f 2741 4493 971
f 4493 3209 857
f 4493 995 3209
f 972 4494 2300
f 4494 996 2742
f 4494 2742 2300
f 3134 996 4494
f 3210 4494 972
f 3210 3134 4494
f 1624 3005 4495
f 3028 1624 4495
f 4495 3447 2881
f 4495 3005 3447
f 4277 4495 2881
f 3028 4495 4277
f 2242 3006 4496
f 4496 3027 2993
f 4496 3006 3027
f 3448 2242 4496
f 4278 4496 2993
f 3448 4496 4278
f 1189 4497 157
f 157 4497 2046
f 4497 1918 2046
f 4497 2053 1918
f 1189 3353 4497
f 3353 2053 4497
f 158 4498 1434
f 4498 1190 1434
f 1917 4498 158
f 4498 2054 1190
f 1917 3943 4498
f 3943 2054 4498
f 1201 2641 4499
f 4499 2641 2612
f 159 4499 2740
f 4499 2612 2740
f 3223 4499 159
f 3223 1201 4499
f 2611 4500 160
f 2611 1149 4500
f 1149 2642 4500
f 4500 2642 3224
f 160 4500 3468
f 4500 3224 3468
f 4501 418 417
f 417 2003 4501
f 2003 1411 4501
f 4501 1411 4463
f 3214 418 4502
f 4464 3214 4502
f 4464 4502 4463
f 4502 418 4501
f 4463 4502 4501
f 4503 1412 419
f 1287 1412 4503
f 4461 1287 4503
f 4461 4503 4462
f 4504 419 420
f 420 1232 4504
f 1232 4462 4504
f 4503 419 4504
f 4462 4503 4504
f 647 4505 1779
f 647 2919 4505
f 2919 2933 4505
f 4505 2933 3253
f 4506 2934 648
f 2594 2934 4506
f 4506 648 3022
f 1780 4506 3022
f 3254 4506 1780
f 3254 2594 4506
f 4507 2968 2967
f 3203 4507 2967
f 4191 777 4507
f 3203 4191 4507
f 778 4508 777
f 2968 4508 1782
f 4508 778 3204
f 4508 3204 1782
f 777 4508 4507
f 4508 2968 4507
f 291 2841 4509
f 2841 2097 4509
f 291 4509 3556
f 3556 4509 3566
f 4509 2097 4408
f 4509 4408 3566
f 4510 2098 292
f 1885 2098 4510
f 4510 292 3563
f 3565 4510 3563
f 4407 1885 4510
f 4407 4510 3565
f 4511 1607 2877
f 1635 4511 2877
f 3471 4511 1635
f 3471 3227 4511
f 4511 4337 1607
f 3227 4337 4511
f 1608 1538 4512
f 1636 4512 994
f 1608 4512 1636
f 4512 3472 994
f 1538 4338 4512
f 4512 4338 3472
f 1782 2527 4513
f 4513 2527 2532
f 597 4513 2918
f 4513 2532 2918
f 3854 4513 597
f 3854 1782 4513
f 598 4514 103
f 781 2528 4514
f 2531 4514 598
f 2531 781 4514
f 4514 3853 103
f 4514 2528 3853
f 4515 717 339
f 1212 346 4515
f 346 2705 4515
f 4515 2705 717
f 3157 4515 339
f 1212 4515 3157
f 718 2692 4516
f 4516 2706 1211
f 2692 2706 4516
f 718 4516 3158
f 4516 1211 3221
f 3158 4516 3221
f 341 4517 2692
f 4517 2738 2692
f 4517 3377 2738
f 3091 3377 4517
f 4391 4517 341
f 4391 3091 4517
f 342 4518 460
f 2737 4518 342
f 2737 2049 4518
f 2049 3378 4518
f 4518 4392 460
f 4518 3378 4392
f 625 4519 1205
f 1205 4519 1331
f 4519 3403 1331
f 4519 2239 3403
f 625 4323 4519
f 4323 2239 4519
f 4520 626 344
f 1206 4520 344
f 32 2240 4520
f 4520 2240 626
f 3404 32 4520
f 3404 4520 1206
f 4521 337 813
f 3581 4521 813
f 4521 4283 337
f 1154 4283 4521
f 4286 1154 4521
f 4286 4521 3581
f 338 3106 4522
f 338 4522 3582
f 3582 4522 1959
f 3106 4284 4522
f 4522 4285 1959
f 4522 4284 4285
f 1353 1351 4523
f 1351 2371 4523
f 3621 4523 441
f 1353 4523 3621
f 4523 4089 441
f 4523 2371 4089
f 4524 2372 1354
f 4524 1354 3108
f 3622 4524 3108
f 4090 4524 3622
f 4402 2372 4524
f 4090 4402 4524
f 1907 4525 443
f 3505 4525 1907
f 3897 1273 4525
f 3505 3897 4525
f 4525 4069 443
f 4525 1273 4069
f 1908 4526 1856
f 1924 1274 4526
f 4526 1274 3506
f 4526 3506 1856
f 4070 4526 1908
f 4070 1924 4526
f 842 1198 4527
f 4527 2007 1777
f 842 4527 2805
f 2805 4527 1777
f 1198 2989 4527
f 4527 2989 2007
f 4528 841 2229
f 2008 4528 2806
f 2806 4528 2229
f 4528 2990 841
f 2008 3278 4528
f 3278 2990 4528
f 4529 3488 3487
f 3487 3655 4529
f 4530 3196 2684
f 3196 4530 3195
f 3488 4530 2684
f 3195 4530 4529
f 4530 3488 4529
f 3193 4531 3194
f 3193 3251 4531
f 1232 3194 4532
f 4532 3490 1232
f 4532 3489 3490
f 3194 4531 4532
f 4531 3489 4532
f 4533 37 975
f 4533 2127 37
f 2109 2127 4533
f 2619 2109 4533
f 3679 4533 975
f 2619 4533 3679
f 38 642 4534
f 642 2128 4534
f 4534 2128 2620
f 38 4534 3680
f 4534 2620 4448
f 3680 4534 4448
f 4535 2799 794
f 2155 4535 4255
f 2155 4333 4535
f 4333 2799 4535
f 4535 794 4354
f 4255 4535 4354
f 4536 2156 2456
f 4536 2800 2156
f 793 4536 4256
f 4256 4536 2456
f 3257 707 4537
f 3257 4537 1145
f 4537 3465 551
f 707 3465 4537
f 552 4538 1146
f 1146 4538 1422
f 552 1482 4538
f 4538 3258 1422
f 1482 3466 4538
f 4538 3466 3258
f 1795 1355 4539
f 1355 2211 4539
f 4539 2211 3001
f 4539 3001 3522
f 1795 4539 3543
f 3543 4539 3522
f 4540 2212 1796
f 4540 1796 3536
f 3002 4540 3578
f 3578 4540 3536
f 3788 2212 4540
f 3002 3788 4540
f 4541 409 656
f 2309 409 4541
f 659 2309 4541
f 659 4541 2375
f 4541 656 4214
f 2375 4541 4214
f 239 410 4542
f 655 239 4542
f 4542 410 660
f 4542 660 1850
f 655 4542 2376
f 2376 4542 1850
f 393 4543 793
f 4543 2793 2800
f 393 4427 4543
f 4427 2793 4543
f 793 4543 4536
f 4543 2800 4536
f 4544 394 236
f 794 4544 236
f 61 2794 4544
f 4544 2794 394
f 2799 61 4544
f 2799 4544 794
f 2802 2340 4545
f 2802 4545 3345
f 3345 4545 2882
f 4545 3448 2882
f 2340 3497 4545
f 4545 3497 3448
f 4546 2801 1151
f 3346 4546 1151
f 3447 2241 4546
f 3447 4546 3346
f 2241 3498 4546
f 4546 3498 2801
f 4547 785 325
f 4547 2027 785
f 1397 2027 4547
f 2863 1397 4547
f 3375 4547 325
f 2863 4547 3375
f 786 2146 4548
f 2146 2028 4548
f 4548 2864 1004
f 4548 2028 2864
f 786 4548 3376
f 3376 4548 1004
f 4549 1377 42
f 2571 1377 4549
f 3965 4549 2341
f 3965 2571 4549
f 4549 42 4172
f 2341 4549 4172
f 41 4550 2342
f 4550 1378 3966
f 41 4249 4550
f 4249 1378 4550
f 1505 4551 2637
f 2637 4551 2914
f 1505 4099 4551
f 4099 1641 4551
f 4551 1641 4186
f 4551 4186 2914
f 433 1642 4552
f 4552 1642 1506
f 4552 1506 3082
f 2638 4552 3082
f 4185 433 4552
f 4185 4552 2638
f 570 871 4553
f 4553 871 3141
f 4060 570 4553
f 4060 4553 803
f 803 4553 4065
f 4553 3141 4065
f 804 4554 143
f 3142 4554 804
f 4036 872 4554
f 3142 4036 4554
f 4554 4059 143
f 4554 872 4059
f 301 2849 4555
f 2849 2137 4555
f 301 4555 3551
f 3551 4555 3555
f 4555 2137 4407
f 4555 4407 3555
f 4556 2138 302
f 1886 2138 4556
f 4556 302 3569
f 3570 4556 3569
f 4408 1886 4556
f 4408 4556 3570
f 4557 839 2943
f 3161 999 4557
f 4557 4299 839
f 999 4299 4557
f 4451 4557 2943
f 3161 4557 4451
f 840 2778 4558
f 4558 3162 666
f 2778 4300 4558
f 4558 4300 3162
f 4452 4558 666
f 840 4558 4452
f 2254 422 4559
f 2254 4559 2323
f 4559 1559 2919
f 2323 4559 2919
f 422 3801 4559
f 4559 3801 1559
f 1560 1910 4560
f 4560 2253 951
f 2324 4560 951
f 1560 4560 2324
f 1910 3802 4560
f 4560 3802 2253
f 4561 2207 721
f 1984 4561 3067
f 4561 721 3475
f 3067 4561 3475
f 1984 3856 4561
f 3856 2207 4561
f 4562 1983 823
f 4562 2208 1983
f 722 4562 3068
f 3068 4562 823
f 722 3310 4562
f 3310 2208 4562
f 4563 165 467
f 4563 2034 2033
f 2322 165 4563
f 2033 2322 4563
f 468 4564 467
f 4564 468 2684
f 2034 4564 2684
f 467 4564 4563
f 4564 2034 4563
f 469 4565 470
f 670 166 4565
f 469 670 4565
f 4565 166 2031
f 1232 470 4566
f 4566 2032 1232
f 4566 2031 2032
f 470 4565 4566
f 4565 2031 4566
f 1394 1961 4567
f 2482 1394 4567
f 2482 4567 2073
f 2073 4567 3769
f 658 1962 4568
f 4568 1962 2481
f 2074 4568 2855
f 4568 2481 2855
f 4569 63 2765
f 4569 2765 2395
f 3349 4569 2395
f 2956 4569 3349
f 3962 63 4569
f 2956 3962 4569
f 2290 64 4570
f 2766 2290 4570
f 4570 64 2955
f 4570 2955 1025
f 3350 4570 1025
f 2766 4570 3350
f 195 4571 3291
f 3291 4571 3241
f 4571 4371 3241
f 4371 4571 4372
f 4572 195 196
f 4572 196 1972
f 4372 4572 1972
f 4571 195 4572
f 4372 4571 4572
f 4573 194 193
f 4573 193 3369
f 3292 4573 3369
f 4373 4573 3292
f 194 4574 1974
f 1974 4574 4374
f 4374 4574 4373
f 4574 194 4573
f 4373 4574 4573
f 1611 489 4575
f 4575 489 1709
f 2957 1611 4575
f 4575 1709 4227
f 4576 2958 424
f 4576 490 2958
f 4274 490 4576
f 1710 4274 4576
f 4577 331 637
f 2558 4577 3355
f 3358 331 4577
f 2558 3358 4577
f 4577 637 4281
f 3355 4577 4281
f 878 332 4578
f 638 878 4578
f 4578 332 2557
f 4578 2557 991
f 638 4578 3356
f 3356 4578 991
f 259 4579 1415
f 1415 4579 1271
f 259 1761 4579
f 1761 867 4579
f 4579 867 4037
f 4579 4037 1271
f 4580 868 260
f 4580 260 1366
f 1416 4580 1366
f 4038 4580 1416
f 4348 868 4580
f 4038 4348 4580
f 1779 4581 1009
f 1009 4581 3110
f 4581 2586 3110
f 4581 3253 2586
f 1779 4505 4581
f 4505 3253 4581
f 2585 4582 1010
f 2585 1931 4582
f 1010 4582 3050
f 4582 1780 3050
f 4582 3254 1780
f 1931 3254 4582
f 1708 4583 2235
f 4583 2411 608
f 4583 608 2713
f 2235 4583 2713
f 1708 3496 4583
f 3496 2411 4583
f 607 4584 2237
f 4584 2412 1707
f 607 3429 4584
f 3429 2412 4584
f 4584 1707 4061
f 2237 4584 4061
f 423 2957 4585
f 423 4585 4155
f 4155 4585 1679
f 4585 4227 1679
f 2957 4575 4585
f 4585 4575 4227
f 4586 424 2148
f 4156 4586 2148
f 4228 1710 4586
f 4228 4586 4156
f 4586 4576 424
f 1710 4576 4586
f 2328 1381 4587
f 4587 3919 207
f 4587 1381 3919
f 3941 4587 207
f 4346 2328 4587
f 4346 4587 3941
f 3942 4588 2133
f 3920 4588 3942
f 4030 1382 4588
f 3920 4030 4588
f 4588 1382 4345
f 4588 4345 2133
f 4589 2888 306
f 4589 551 2888
f 3513 4589 306
f 1145 4589 3513
f 4537 551 4589
f 1145 4537 4589
f 709 552 4590
f 4590 552 1146
f 4590 1146 1658
f 2887 709 4590
f 3514 4590 1658
f 2887 4590 3514
f 4591 2341 2755
f 1746 2940 4591
f 1746 4591 3249
f 3249 4591 2755
f 4591 3965 2341
f 2940 3965 4591
f 4592 1745 3219
f 2342 4592 3250
f 3250 4592 3219
f 4592 3966 1745
f 2342 4550 4592
f 4550 3966 4592
f 1702 87 4593
f 696 1702 4593
f 4593 87 2367
f 4593 2367 2647
f 696 4593 4289
f 4289 4593 2647
f 4594 88 695
f 1892 88 4594
f 2368 1892 4594
f 2368 4594 4290
f 4594 695 4333
f 4290 4594 4333
f 323 1857 4595
f 4595 1857 1864
f 4595 1864 3298
f 2669 4595 3298
f 3961 323 4595
f 3961 4595 2669
f 113 1858 4596
f 1863 113 4596
f 1863 4596 2670
f 2670 4596 2956
f 4596 1858 3962
f 4596 3962 2956
f 2029 1487 4597
f 1487 2083 4597
f 3605 4597 363
f 2029 4597 3605
f 4597 4257 363
f 4597 2083 4257
f 200 2084 4598
f 4598 2084 2030
f 4598 2030 3798
f 3606 4598 3798
f 4258 200 4598
f 4258 4598 3606
f 2036 862 4599
f 862 3841 4599
f 4599 3845 2599
f 4599 3841 3845
f 2036 4599 4161
f 4161 4599 2599
f 4600 2035 2407
f 4600 3842 2035
f 3612 3842 4600
f 3846 3612 4600
f 4162 4600 2407
f 3846 4600 4162
f 4601 261 985
f 1008 1270 4601
f 4601 2301 261
f 1270 2301 4601
f 2523 4601 985
f 1008 4601 2523
f 262 174 4602
f 4602 1007 715
f 174 2302 4602
f 4602 2302 1007
f 262 4602 2524
f 2524 4602 715
f 1821 1401 4603
f 1401 2275 4603
f 4603 2275 3041
f 1821 4603 3542
f 4603 3041 3550
f 3542 4603 3550
f 4604 2276 1822
f 4604 1822 3572
f 3042 4604 3580
f 3580 4604 3572
f 3828 2276 4604
f 3042 3828 4604
f 1784 2652 4605
f 1784 4605 3029
f 3029 4605 2953
f 4605 3259 2953
f 2652 4183 4605
f 4605 4183 3259
f 3260 1794 4606
f 3260 4606 3030
f 4606 1783 3321
f 3030 4606 3321
f 4606 4184 1783
f 1794 4184 4606
f 764 408 4607
f 764 4607 863
f 863 4607 2101
f 408 2541 4607
f 4607 4229 2101
f 4607 2541 4229
f 572 2542 4608
f 4608 2542 763
f 4230 572 4608
f 4230 4608 864
f 4608 763 4423
f 864 4608 4423
f 297 4609 1968
f 4609 2298 1968
f 2332 4609 297
f 2332 1604 4609
f 1604 4265 4609
f 4609 4265 2298
f 2297 4610 298
f 2297 2589 4610
f 298 4610 2959
f 4610 2331 2959
f 4610 4266 2331
f 2589 4266 4610
f 1961 657 4611
f 4611 657 2860
f 4611 2860 3672
f 3769 4611 3672
f 4567 1961 4611
f 4567 4611 3769
f 2189 658 4612
f 2859 2189 4612
f 3770 4612 2074
f 2859 4612 3770
f 4612 658 4568
f 4612 4568 2074
f 4613 1785 629
f 4613 629 2777
f 3895 1785 4613
f 3945 3895 4613
f 4299 4613 2777
f 3945 4613 4299
f 4614 3946 1000
f 4614 1786 3946
f 630 4614 4300
f 4300 4614 1000
f 630 4434 4614
f 4434 1786 4614
f 436 4615 407
f 4615 485 108
f 4615 108 3280
f 407 4615 3280
f 436 4004 4615
f 4004 485 4615
f 107 4616 408
f 4616 486 435
f 107 2315 4616
f 2315 486 4616
f 408 4616 2541
f 4616 435 2541
f 1 1813 4617
f 1813 4047 4617
f 1 4617 4253
f 4253 4617 1810
f 4617 4400 1810
f 4617 4047 4400
f 4618 2 1742
f 4618 4048 2
f 1659 4048 4618
f 4254 4618 1742
f 4399 1659 4618
f 4399 4618 4254
f 123 977 4619
f 4619 1683 2385
f 977 3681 4619
f 4619 3681 1683
f 123 4619 4015
f 4015 4619 2385
f 4620 124 2530
f 4620 3682 124
f 1684 3978 4620
f 3978 3682 4620
f 1684 4620 4016
f 4016 4620 2530
f 191 2717 4621
f 2717 1645 4621
f 191 4621 3335
f 4621 1645 4170
f 3335 4621 4208
f 4621 4170 4208
f 4622 1646 192
f 221 1646 4622
f 4622 192 2374
f 3336 4622 2374
f 4169 221 4622
f 4169 4622 3336
f 1103 1116 4623
f 2255 1103 4623
f 4623 1116 2344
f 2255 4623 2553
f 4623 2344 2668
f 2553 4623 2668
f 1077 1129 4624
f 4624 1129 2256
f 2343 1077 4624
f 4624 2256 2442
f 2343 4624 2554
f 2554 4624 2442
f 137 1253 4625
f 4625 1253 2297
f 4625 2297 1967
f 2417 137 4625
f 3391 4625 1967
f 2417 4625 3391
f 4626 2418 198
f 4626 1254 2418
f 2590 1254 4626
f 2298 2590 4626
f 3392 4626 198
f 2298 4626 3392
f 4627 808 446
f 4627 2395 808
f 231 3349 4627
f 3349 2395 4627
f 231 4627 3491
f 3491 4627 446
f 4628 2396 232
f 807 2561 4628
f 2561 2396 4628
f 4628 232 2900
f 807 4628 3492
f 3492 4628 2900
f 4629 317 3252
f 4629 3252 3195
f 4083 317 4629
f 3655 4083 4629
f 4529 4629 3195
f 3655 4629 4529
f 3485 318 4630
f 3251 3485 4630
f 4630 318 3656
f 4630 3656 3489
f 3251 4630 4531
f 4531 4630 3489
f 2123 4631 584
f 1651 2415 4631
f 4631 3062 584
f 4631 2415 3062
f 3771 1651 4631
f 3771 4631 2123
f 2124 4632 1256
f 1159 2416 4632
f 3061 1159 4632
f 3061 4632 2124
f 4632 3772 1256
f 4632 2416 3772
