8071 16158
v -0.308586683 -0.001885239523 0.4750529894
v 0.7393342973 -0.26309343 -0.1168927218
v 0.04455586904 -0.08912470719 0.516433878
v -0.6071683493 0.07028045113 -0.04876559559
v -0.2921454554 -0.005852436671 0.505909502
v 0.1794189801 -0.1233961247 0.2395339197
v 0.28421108 -0.1495169462 0.1803393543
v 0.7557755249 -0.2670606366 -0.08603622567
v 0.2581210102 -0.142804053 0.2593070572
v -0.4601901879 0.03266825776 -0.4308612489
v -0.7296555742 0.09983607413 -0.2786466466
v 0.08894720326 -0.09983613717 0.5997464621
v -0.1805181683 -0.03266831911 0.7519610266
v -0.3030054121 -0.003112700829 0.5220800074
v -0.4157988507 0.02195682829 -0.3475486836
v 0.1925719773 -0.1265698853 0.2642191676
v 0.2973640772 -0.1526907067 0.2050245833
v 0.2670506133 -0.1927712248 0.2124763703
v 0.330690972 -0.2120201896 0.3049317262
v 0.05535810944 0.2589120543 0.3544145352
v -0.2402763576 0.3302473252 -0.200425053
v 0.7670430183 0.1735907238 -0.2971406776
v 0.6855987984 0.1932428461 -0.4499931626
v 0.3082714131 -0.1631958431 0.2299637346
v 0.2042925933 -0.1372777448 0.2886989294
v -0.3806552557 -0.4468822928 -0.07990061564
v -0.204368334 -0.4894195739 0.2509503839
v -0.1656873997 0.4219557318 -0.08273585905
v 0.01059952204 0.3794184885 0.248115144
v 0.3119494366 -0.1483303565 0.2299152228
v 0.2079706074 -0.1224122582 0.2886504176
v 0.5599504553 -0.6634176267 -0.2944092945
v 0.4785062353 -0.6437655233 -0.4472617795
v -0.1084207905 -0.4030350426 0.3565746119
v -0.4040552623 -0.3316997717 -0.1982649385
v 0.2619175384 -0.09201480123 0.3570051775
v 0.2199788398 -0.0857880169 0.2513123158
v 0.02374447325 0.3889101487 0.6273767337
v 0.170453399 0.3523409869 0.5445043421
v -0.4680722008 0.5075832906 -0.2956527628
v -0.3213632514 0.4710141666 -0.3785251544
v -0.007664719762 0.5123189842 0.5173164149
v -0.1304211473 0.5429176482 0.5866586255
v -0.3825748499 0.6027831486 -0.1863057936
v -0.5053312869 0.6333818126 -0.1169635877
v 0.2977320683 -0.08850786432 0.2229109523
v -0.2927449629 0.1477434961 0.4370707946
v 0.755175942 -0.1134647015 -0.1548749355
v 0.2364608494 -0.07885506171 0.2415724338
v -0.4287245787 -0.03793616051 -0.3440020195
v 0.02805743009 -0.1481556103 0.5132752892
v 0.002571577399 0.375281132 0.2200527212
v -0.147649908 0.4115289079 -0.0618793144
v 0.22347535 -0.08369067636 0.2492603618
v 0.2867603458 -0.09946525306 0.2135121062
v -0.2821190331 0.2239434038 0.4222571089
v 0.1894453741 0.106399718 0.1558815266
v 0.2942374646 0.08027889899 0.09668694227
v 0.7658018718 -0.03726479144 -0.1696886306
v 0.3600640624 -0.1292867904 0.301278204
v 0.1671557305 -0.1298098234 0.245091501
v 0.2919358166 -0.1609128967 0.1746061867
v -0.3636989349 0.1414884211 -0.3188024901
v 0.06294443407 0.03854128834 0.4819113848
v -0.2709183613 0.3087775212 -0.2303533389
v 0.06035848246 0.2288418855 0.3913789642
v -0.4111778865 0.008502293586 -0.3378461199
v 0.03779077146 -0.0998318379 0.5047673044
v 0.2078169836 -0.09649120485 0.2581718815
v -0.07874324631 0.09068008902 -0.3119559111
v 0.02604885833 0.06455926997 -0.3711504955
v -0.3219782374 -0.4943137896 0.04310442535
v -0.2771067279 -0.5051410905 0.12731813
v -0.4032384523 0.4002015771 -0.1334933068
v -0.5259948893 0.4308002788 -0.06415109943
v -0.08392719253 0.323153204 0.4657822937
v -0.2066836295 0.353751868 0.5351245044
v -0.2111596624 -0.4055268492 0.562087805
v -0.06445074138 -0.442096011 0.4792154134
v -0.630607656 -0.3043159286 -0.2251219286
v -0.4838987067 -0.3408850904 -0.3079943296
v 0.3626756006 -0.1465520647 0.2988518221
v 0.2966354378 -0.1553882213 0.2050531052
v -0.4202428318 -0.3596788373 -0.1884627841
v -0.128520637 -0.4300701105 0.359034329
v -0.2239673576 -0.5494017668 0.6029021063
v -0.07725842717 -0.5859709285 0.5200297146
v -0.6864271607 -0.4378122886 -0.2650311076
v -0.5397182113 -0.4743814504 -0.3479035181
v 0.2950854958 -0.1600152919 0.2051999807
v 0.04936761476 0.4722402499 0.6359662258
v -0.07338881987 0.5028389139 0.7053084742
v -0.451896259 0.5931929925 -0.3047935714
v -0.574652696 0.6237916565 -0.2354513608
v 0.3577257002 -0.176788325 0.298064912
v 0.2765491256 -0.2055831671 0.2202823877
v -0.544999804 0.1861858732 -0.02645917456
v -0.07343538741 0.06864218753 -0.2928347569
v 0.03135671252 0.04252136848 -0.3520293223
v 0.5029211386 -0.07502231959 -0.6184048857
v -0.3973096709 0.3378229399 0.1680835796
v 0.6506112717 0.07661473059 -0.4238621504
v 0.06217367956 0.01121415875 0.4667412414
v 0.8406292358 -0.1828262248 0.02701012304
v -0.3545809098 0.111775182 -0.3154136496
v 0.4238746464 -0.08226520158 -0.7551447585
v 0.31271345 -0.2213787917 0.3113980634
v 0.005831167936 0.2078783029 -0.213950043
v 0.1106232631 0.181757465 -0.2731446179
v -0.04066742567 0.4063341457 0.1164577769
v -0.08384562856 0.4167528528 0.03542196198
v 0.01033005986 0.3659093355 0.2401989841
v -0.1607755158 0.407196334 -0.08092778653
v -0.3692890399 -0.4204295927 -0.09756446045
v -0.180703136 -0.465934549 0.2563689422
v 0.2400225862 -0.1211774729 0.3677042337
v 0.1910924529 -0.1340938006 0.2639431601
v 0.2329339014 -0.1456825996 0.3685567952
v -0.2005824142 0.3627077468 -0.1535193615
v 0.04270293845 0.3040040752 0.3030726491
v -0.4136444369 -0.01528290974 -0.3345519057
v 0.03119576005 -0.1226208588 0.5003133567
v -0.3399939271 0.1549574244 -0.3086453124
v 0.06939471827 0.05617378218 0.4596852878
v -0.5257439871 -0.2745526488 0.210939736
v 0.5221769555 -0.5357608581 -0.381005994
v 0.189065727 -0.1705875426 0.2734476561
v -0.2463632459 0.3364812966 -0.2012392015
v 0.05325292468 0.264185266 0.3610731074
v 0.4652764121 -0.2221049772 -0.6567488991
v -0.6125850577 0.04656629774 -0.04789044991
v 0.7685889019 -0.2952929262 -0.08749947759
v -0.3092726056 -0.02662164184 0.5213589374
v 0.202623722 -0.182751343 0.2471314875
v 0.2973036923 -0.08803143192 0.2231280661
v -0.2730476699 0.3113411328 -0.2314484971
v 0.06032642363 0.2308994646 0.3942199046
v 0.2643964527 -0.08164483949 0.2255270208
v -0.3810512402 0.04914670919 -0.3285070736
v 0.05139234924 -0.05519999313 0.4830925051
v -0.302987291 0.2894979203 -0.2659874125
v 0.06946138894 0.1996277326 0.433015172
v 0.02521707478 -0.1463670026 0.5051939061
v -0.4235139227 -0.03809022788 -0.3369734553
v -0.05317842512 0.3932925179 0.4892664125
v 0.0935305071 0.3567233562 0.4063940209
v -0.3977702497 0.4764409548 -0.1574551015
v -0.2510613003 0.4398718308 -0.240327512
v -0.4434690265 -0.2017310958 -0.297917187
v -0.03527087704 -0.3002274803 0.4681791154
v -0.29830547 -0.4991083014 0.0846317648
v -0.4120557421 0.3108938429 0.1538616433
v 0.6358652005 0.04968565242 -0.4380841056
v -0.2532544103 0.3175405609 -0.2149966705
v 0.05864883388 0.2422796865 0.3703757038
v -0.4140195443 -0.2370233313 -0.2636085043
v -0.05051293873 -0.3247358584 0.4186118167
v -0.7183534241 -0.4339091101 -0.3232725958
v -0.8411098989 -0.403310446 -0.2539303852
v -0.1938157381 -0.5604777047 0.6611669821
v -0.3165721751 -0.5298790407 0.7305092305
v -0.3954084999 -0.4006309346 -0.1338914196
v -0.1635635086 -0.4565740782 0.3012295789
v -0.3264609902 0.2229417582 -0.2888231535
v 0.06793788897 0.1277750845 0.4513750499
v -0.007368439253 -0.2351532965 0.4866865674
v -0.4360597864 -0.1317119972 -0.3178708751
v -0.6151849116 -0.2538306812 -0.2200967216
v -0.7379413108 -0.2232320078 -0.1507545204
v -0.2012699602 -0.3537065086 0.5567287445
v -0.3240264161 -0.3231078257 0.6260709551
v -0.09576112231 -0.3886808786 0.3697421815
v -0.4062011819 -0.3137730643 -0.2128841901
v -0.2948297991 0.2516615251 -0.2652331771
v 0.06945262921 0.1637618218 0.4184432146
v -0.06685176306 0.4347686935 0.4467582763
v -0.1896082 0.4653673575 0.5161004869
v -0.3662697573 0.5070169297 -0.1151821058
v -0.4890261943 0.537615556 -0.04583990225
v 0.06398852981 0.04053602858 0.4903675356
v -0.369830069 0.1452145222 -0.3238126056
v 0.06360774301 0.0401607607 0.4886964652
v -0.368714751 0.144478238 -0.3226758254
v -0.06910924084 0.4287343188 0.4454246742
v -0.1918656778 0.4593329828 0.5147668848
v -0.3670844909 0.5006344027 -0.1138079719
v -0.4898409279 0.5312330668 -0.04446576595
v -0.06195973695 0.4464683381 0.4502559568
v -0.1847161739 0.4770670022 0.5195981297
v -0.3651473042 0.5196261419 -0.1187590851
v -0.4879037412 0.5502248437 -0.04941687686
v -0.4504754112 -0.2435113289 0.3304899973
v 0.5974455314 -0.5047195099 -0.2614557516
v -0.6826001286 -0.3600655158 -0.2925635062
v -0.5358911792 -0.3966346587 -0.3754358978
v -0.1910584003 -0.4786723457 0.62995001
v -0.04434946981 -0.5152414697 0.5470775806
v -0.4134408384 0.333281218 0.1415307226
v 0.05812359475 0.2157375323 -0.1248448597
v 0.1629156923 0.1896167132 -0.1840394346
v 0.6344801042 0.07207302749 -0.4504150075
v -0.2691777511 -0.5346953733 0.5163767209
v -0.1224688206 -0.5712644973 0.4335043293
v -0.63944352 -0.4453518877 -0.1785290909
v -0.4927346085 -0.4819210494 -0.2614015014
v 0.2178703423 -0.01508649366 0.2598104849
v 0.3226624422 -0.04120731271 0.2006159195
v -0.1000657217 0.0616300456 -0.336884152
v 0.004726382919 0.03550923599 -0.3960787175
v 0.753647651 -0.3411711211 -0.09370515482
v -0.3242138188 -0.07249985093 0.5151532802
v 0.457110728 -0.2696180946 -0.6502384294
v -0.6207507418 -0.0009468197114 -0.04138001323
v -0.299037375 -0.5073823348 0.4514638435
v -0.421793812 -0.4767836707 0.5208060164
v -0.6001942051 -0.4347145189 -0.1137400459
v -0.7229506798 -0.4041158548 -0.04439784002
v 0.03874431581 0.3105732121 0.3102275893
v -0.2079836509 0.3701075488 -0.1528254543
v -0.1079149467 0.4165454413 -0.004186566665
v -0.02179147296 0.3957642404 0.1574478342
v 0.1409909299 0.2352163712 0.01325965703
v 0.2457830299 0.2090955711 -0.04593491786
v 0.2301990545 -0.0716768448 0.2610589177
v 0.05355229852 0.4217461685 0.6656559641
v -0.06920414083 0.4523448325 0.7349981369
v -0.4791882317 0.5502940815 -0.3341784971
v -0.6019447064 0.5808927456 -0.2648362865
v 0.05366328338 -0.03143541674 0.487556948
v -0.3809265064 0.07342914883 -0.3280705997
v -0.4038755233 -0.04050303302 -0.3264432843
v 0.02739742449 -0.1445672675 0.482959277
v -0.5858165214 -0.02126401589 -0.007175491668
v 0.4621043835 -0.2824722064 -0.5991212076
v 0.01237502961 0.3517129764 0.6236634117
v 0.1590839601 0.3151438524 0.5407910579
v -0.4753534604 0.4693996869 -0.2916934653
v -0.3286445111 0.4328305252 -0.3745658758
v -0.2722247817 -0.5084774552 0.4994133782
v -0.1255158512 -0.545046617 0.4165409866
v -0.6244970593 -0.4234757173 -0.1617226942
v -0.4777881477 -0.460044879 -0.2445950953
v 0.300126606 -0.224467095 0.3166983058
v 0.1767926523 -0.09990987637 0.2430679557
v -0.03870347248 0.4038922099 0.1148812761
v -0.08170459793 0.4142681813 0.03417780469
v 0.2220587777 -0.2093748725 0.2453004415
v 0.2778974322 -0.08245335579 0.3478541946
v 0.3434699377 -0.09879822375 0.3108138457
v -0.4741911408 0.4807947456 -0.2946641418
v -0.3274821914 0.4442255838 -0.3775365523
v 0.01666474044 0.3623534031 0.6265621888
v 0.1633736709 0.3257842791 0.5436897972
v -0.6455797884 -0.4510994577 -0.1868558172
v -0.498870839 -0.4876686195 -0.2697282182
v -0.2664168079 -0.5425898067 0.5247479666
v -0.1197078963 -0.5791589307 0.4418755372
v -0.3981559655 0.3143029564 0.1769640292
v 0.6497649771 0.05309475645 -0.4149817009
v -0.03489645859 0.4386401601 0.5016203811
v 0.1118124719 0.4020709983 0.4187479894
v -0.3928166495 0.5250046827 -0.1701155248
v -0.2461077379 0.4884355586 -0.2529879165
v 0.2197347236 -0.07760479562 0.2674254376
v -0.3173672398 0.2428989762 -0.2797058457
v 0.06769237005 0.1499857974 0.4429646173
v 0.05774209773 0.2442747854 0.3731148639
v -0.2557996744 0.3199310025 -0.2153326571
v -0.3955972994 -0.3824509089 -0.1504604012
v -0.1481768177 -0.4421523375 0.3138922862
v -0.4285227923 -0.2811616521 -0.2435665511
v -0.07975750117 -0.365317152 0.4109876146
v 0.2069996073 -0.1998609572 0.2558225523
v 0.1808207157 0.1375746341 0.1268567206
v 0.2856128062 0.111453815 0.06766213631
v -0.239734045 0.3581726692 -0.1886385118
v 0.0489471573 0.2885151509 0.3531513413
v 0.004953652117 0.3699429485 0.2161888994
v -0.1437040881 0.4058133896 -0.06280833918
v -0.2245185421 -0.3580129012 0.5174720678
v -0.3472749979 -0.3274142372 0.5868143162
v -0.5965668075 -0.2682393218 -0.1807789805
v -0.7193232067 -0.2376406484 -0.1114367793
v 0.2312947884 -0.07120861645 0.2603896816
v 0.2968656894 -0.08755309538 0.2233502198
v -0.2018046468 0.3907150512 -0.1371857376
v 0.03158038108 0.3344003111 0.3008255909
v 0.04902052193 0.2801162704 0.3442747047
v -0.2333035347 0.3482397972 -0.1855842139
v -0.420914484 -0.3185861124 -0.2152486203
v -0.102619631 -0.3953892273 0.3821193677
v -0.08248074867 0.3123304712 0.4731186718
v -0.2052371857 0.3429291352 0.5424608824
v -0.4095757519 0.391257024 -0.1407652039
v -0.5323321889 0.4218556881 -0.07142299558
v 0.06585606348 0.2032693629 0.394642731
v -0.2731899962 0.2850796485 -0.2416706466
v 0.239016769 -0.07838233848 0.2400636608
v -0.3960662592 0.005157566762 -0.3299709402
v 0.0394983767 -0.09994222742 0.4874861246
v -0.5804982712 -0.353012205 -0.1149251255
v -0.7032546704 -0.3224135221 -0.04558291959
v -0.2783622204 -0.4259162562 0.4521164307
v -0.4011186574 -0.3953176111 0.5214586414
v 0.01036695807 -0.1885173173 0.4826405339
v -0.4178392147 -0.08519308574 -0.3210063595
v -0.414491864 -0.06237133911 -0.3251511532
v 0.0180536733 -0.1667426442 0.4866397922
v 0.2082137043 -0.09603620251 0.257959751
v -0.01691756799 -0.2537160273 0.4729868028
v -0.4321687263 -0.1535177759 -0.3063464581
v 0.2540066072 -0.2039825143 0.2536336705
v 0.2332424609 -0.1988067698 0.2653628375
v -0.1487935779 -0.3019944228 -0.2626902914
v -0.04400148745 -0.3281152419 -0.3218848569
v 0.09130908224 -0.3599301359 0.187928541
v 0.196101181 -0.3860509549 0.1287339755
v 0.3101320569 -0.1573506549 0.2297238372
v 0.2053725373 -0.1312379526 0.2889000362
v 0.2969780027 -0.1541766678 0.2050353615
v 0.1922174165 -0.1280637178 0.2642121456
v -0.05737675164 0.4309306 0.1032450932
v -0.07984042422 0.4363509704 0.06108582648
v 0.07187090136 0.08942301099 0.4860017774
v -0.3566612158 0.1928258902 -0.3182568364
v 0.06277812314 0.01803900179 0.5005868725
v -0.3812565375 0.1251825923 -0.3327665589
v 0.2649363114 -0.08174935217 0.2635254302
v 0.2805547641 -0.08564245914 0.2547029306
v -0.5831541496 -0.3012214433 -0.1424805011
v -0.7059105488 -0.2706227604 -0.0731382964
v -0.2518213308 -0.3811705565 0.479356796
v -0.3745777678 -0.3505718925 0.5486990066
v 0.147585644 0.2303809359 0.02706801628
v 0.252377744 0.2042601169 -0.03212656333
v 0.1945598654 0.07606573579 0.1783211698
v -0.2844897302 0.1954751997 0.4489249596
v 0.7784015704 -0.0694645448 -0.1514771666
v 0.2993519654 0.04994491674 0.1191266044
v -0.03681716645 0.1318959809 -0.2559215767
v -0.5158667621 0.2513054448 0.01468218478
v 0.5470245008 -0.013634302 -0.5857199131
v 0.06797493347 0.1057751619 -0.3151161611
v 0.2962574989 -0.1179826501 0.2082258889
v 0.2920299521 -0.1883020345 0.2353897678
v 0.2069452628 -0.1670935476 0.2834521066
v -0.3373717238 0.1781754646 -0.3024117563
v 0.06821001505 0.08031040333 0.4587741347
v 0.06798657182 0.1040185447 0.4555569919
v -0.3323634581 0.2006212237 -0.2958101524
v -0.2993171954 -0.5435476596 0.466927134
v -0.4220736324 -0.5129489578 0.5362693446
v -0.6168337836 -0.4669323061 -0.1289802059
v -0.7395901828 -0.436333642 -0.05963799817
v 0.2986326697 -0.1461413332 0.2051172842
v -0.6658343817 -0.4585372009 -0.2194305246
v -0.5191254701 -0.4951063249 -0.3023029351
v -0.2519175238 -0.5584134812 0.5573985846
v -0.1052085934 -0.5949826053 0.4745261552
v -0.5795557458 -0.1471306856 0.05944923343
v 0.4683651968 -0.4083388903 -0.5324964872
v 0.2594860978 -0.1963703175 0.215175796
v 0.0686676574 0.1305823688 0.4577536129
v -0.3309811178 0.2270158039 -0.2922974087
v 0.01460432526 0.3569381671 0.2330861944
v -0.1534840631 0.3974971491 -0.08237798203
v 0.06238364638 0.01295020095 0.475387513
v -0.3613650464 0.1151988679 -0.3198936654
v 0.2433334681 -0.1990727541 0.351978149
v -0.2242324736 0.3646039722 -0.1703594711
v 0.04337886612 0.300030564 0.3318869856
v -0.05597740385 0.4412594565 0.1044170019
v -0.07892419336 0.4467964439 0.0613510368
v -0.003544134781 0.3795913943 0.1968876853
v -0.1316583487 0.4105047997 -0.0435539238
v 0.01921693672 -0.4104580812 0.08260038589
v 0.1240090319 -0.4365789191 0.023405811
v -0.1342455367 -0.3527641531 -0.2145327129
v -0.0294534368 -0.3788849721 -0.2737272878
v 0.05469273592 -0.3983541088 0.1400620237
v 0.1594848335 -0.4244749089 0.08086745826
v -0.2510529948 -0.4899294195 0.1395070829
v -0.3156861273 -0.4743337314 0.01820525374
v -0.486944869 0.2772549437 0.03612931848
v 0.5609760736 0.01604673433 -0.555816421
v -0.1907263683 -0.4357587114 0.6116012312
v -0.04401743782 -0.4723278354 0.5287288773
v -0.6628557206 -0.3218360053 -0.2744795602
v -0.5161467713 -0.3584051482 -0.3573519707
v 0.218239315 -0.2075881572 0.2477565533
v 0.2431575987 -0.2137992695 0.2336808129
v 0.1678707696 -0.1256284948 0.2453558808
v 0.01070829602 0.3645103841 0.2392099667
v -0.1598993591 0.4056772169 -0.08098231627
v -0.01523509638 0.4128944107 0.1886959898
v -0.1280231364 0.4401096707 -0.02298186145
v -0.3137162092 0.2703067354 -0.2767850967
v 0.07024340427 0.1776589746 0.443820954
v -0.05645940709 -0.3396886804 0.4481731214
v -0.4431693106 -0.246377318 -0.2775946205
v -0.4637726979 -0.2398415542 0.3053304288
v 0.5841482447 -0.5010497542 -0.2866153012
v 0.01837432768 0.3527455412 0.2579726246
v -0.17219534 0.3987291218 -0.09968389437
v 0.06828418546 0.1033823042 0.4539492322
v -0.3309452908 0.1997145819 -0.2953149358
v 0.001492860386 -0.2135720758 0.4928505837
v -0.4338450443 -0.1085269915 -0.3241809553
v -0.3453102142 0.2895031679 0.2814602166
v 0.7026107284 0.02829498681 -0.3104854945
v 0.2559298067 -0.09748757807 0.3602802701
v -0.05769386202 -0.3355042656 0.4426897801
v -0.4389305135 -0.2435135563 -0.2728059038
v 0.1976341061 0.1465815351 0.1526469612
v 0.3024261965 0.1204607161 0.09345239571
v -0.370527053 0.1192180028 -0.3230434957
v 0.06022667246 0.01527904956 0.4853846018
v 0.05032168292 0.2768106362 0.340396707
v -0.2297409013 0.3443884904 -0.1852179405
v -0.4076423026 -0.01629634349 -0.3310809728
v 0.03162611806 -0.1222898414 0.4933272827
v 0.219998254 -0.196188993 0.2344738579
v -0.007582967029 -0.2345514201 0.4850525698
v -0.4347782071 -0.1314711206 -0.3166970599
v -0.07659806292 -0.3605612421 0.4021889367
v -0.4190315851 -0.2779335612 -0.2404819947
v -0.2011005087 -0.4767060519 0.2159720121
v -0.3488113679 -0.441064088 -0.06124814097
v -0.09895621766 0.4221911555 0.01720276818
v -0.03367734055 0.4064396258 0.1397165519
v -0.1531644327 0.4347791132 -0.06477351372
v 0.00428613851 0.3967869895 0.2307258981
v 0.3580490114 -0.1229424145 0.3025955347
v -0.2901983775 -0.490549502 0.08141247018
v -0.4433418766 -0.2393975771 0.3413032166
v 0.604579066 -0.5006057864 -0.2506425134
v -0.2737782535 0.1447370493 0.471974209
v 0.1977861631 0.02719336355 0.2055986267
v 0.302578263 0.001072544503 0.1464040613
v 0.7741426513 -0.1164711471 -0.1199715163
v 0.05741374188 -0.0332324762 0.4779277182
v -0.3711121768 0.07016891178 -0.3263193055
v 0.3035667519 -0.09599813545 0.2199606621
v -0.2258043119 0.3409078362 -0.1854352714
v 0.0523508132 0.2737902587 0.3365994993
v 0.2356191512 -0.2000828939 0.2256499047
v 0.1382629775 -0.2726675036 0.2325445613
v 0.2430550822 -0.2987883227 0.173349977
v 0.05353389189 0.271097685 0.3689570834
v -0.2519372683 0.3448064845 -0.2043437761
v 0.2738123439 -0.1882520693 0.1779944231
v 0.1681787816 -0.1619214415 0.2376643285
v 0.2934439289 -0.07853647192 0.3388000087
v -0.5855915928 -0.2915535739 -0.1510617679
v -0.7083480676 -0.260954891 -0.08171956202
v -0.2451439579 -0.3737020641 0.4878821468
v -0.3679003949 -0.3431034001 0.5572243575
v -0.3186914793 -0.4758147187 0.01924444404
v -0.2537537608 -0.4914839106 0.1411179949
v 0.2622251069 -0.2173444614 0.3374080793
v -0.2121278783 0.3477905819 -0.1673757795
v 0.5663276969 0.1537501983 -0.6071068884
v 0.04598176382 0.2855098744 0.317038077
v 0.8244373248 0.09146949083 -0.1226930272
v -0.352138521 -0.4741610521 -0.01918111445
v -0.2409342302 -0.5009941449 0.1895243709
v -0.03617614084 0.565756617 0.6848545484
v 0.1853843057 0.5105297489 0.5597003459
v -0.5302982806 0.6849861154 -0.2425017836
v -0.3087378435 0.6297591718 -0.3676560428
v -0.4119347458 0.4413064959 -0.1670267118
v -0.2652257965 0.4047373342 -0.2498991129
v -0.05701636763 0.3556662901 0.4990754568
v 0.08969256813 0.3190971284 0.4162030652
v 0.2465105933 -0.07783993855 0.2356755909
v 0.2079236812 -0.1883493571 0.2428358542
v 0.04425218199 -0.07664770727 0.5081266603
v -0.4078479775 0.03244203619 -0.3403639002
v -0.4348158085 0.608433393 -0.281281195
v -0.5575722454 0.6390320571 -0.2119389843
v 0.0413284034 0.4935419426 0.6123346085
v -0.08142804303 0.5241406067 0.6816768569
v -0.1021100497 0.4302140225 0.01870712416
v -0.03584160775 0.414223709 0.1430781351
v -0.4298532609 -0.1081125956 -0.320782035
v 0.001000059975 -0.2120755724 0.4878329555
v -0.4110598349 0.617156755 -0.243075393
v -0.5338162719 0.647755419 -0.1737331918
v 0.0243226459 0.5121009265 0.5740398242
v -0.09843380052 0.5426995906 0.6433819971
v -0.04048357168 -0.3040038676 0.4241036523
v 0.7379719657 -0.4980442512 -0.01562748495
v -0.410685407 -0.2146758321 -0.2706821071
v 0.3677701682 -0.4087162062 -0.7104131971
v -0.1913601926 -0.4327342944 0.6091446097
v -0.04465126217 -0.4693034562 0.5262722181
v -0.6608810458 -0.3194410146 -0.2720406068
v -0.5141720964 -0.3560101575 -0.3549130173
v 0.3305132339 -0.08777675451 0.3178604744
v 0.2932599239 -0.2250805897 0.3198771298
v -0.6929972036 -0.3164175604 -0.3302300157
v -0.8157536783 -0.2858188963 -0.2608878051
v -0.1614508867 -0.4446773285 0.6673631257
v -0.2842073425 -0.4140786456 0.7367053741
v 0.7804156587 -0.01663781357 -0.189524824
v -0.2974458488 0.2520334613 0.419333604
v 0.5849034806 0.03053839239 -0.556457305
v -0.4929579892 0.2992096767 0.05240113237
v -0.01079903382 0.4622898985 0.5338440954
v 0.1359099014 0.4257207368 0.4509717037
v -0.4031553593 0.5569637152 -0.2025207147
v -0.2564464478 0.5203945912 -0.2853931063
v -0.06769947339 0.4273775368 0.08087579209
v 0.2698280543 -0.0864761657 0.3525223115
v -0.360086072 -0.4314674008 -0.07931159863
v -0.1916389183 -0.4721129489 0.2368259053
v -0.2951399347 -0.4950741976 0.08346374458
v -0.05655652503 0.3487904531 0.5029236302
v 0.09015241074 0.3122212913 0.4200512008
v -0.4155535359 0.4354148251 -0.1708332066
v -0.2688445865 0.3988456634 -0.2537056077
v -0.5638045558 -0.2448022613 0.1304331148
v -0.0922401486 -0.3623459471 -0.1359424533
v 0.01255194188 -0.3884667661 -0.1951370329
v 0.4841163491 -0.5060104518 -0.4615126152
v 0.06187527076 0.2170524658 -0.1187835156
v 0.166667366 0.1909316656 -0.1779780858
v -0.3081652157 0.2357127015 -0.2760970222
v 0.06916206818 0.1446653009 0.4320616606
v 0.2808870037 -0.07475917386 0.2316456022
v 0.2498560941 -0.06702430077 0.249174211
v -0.3922007575 -0.3443256893 -0.1807481557
v 0.3862547799 -0.5383660729 -0.6204792646
v -0.1174269177 -0.4106273816 0.3349406984
v 0.6610286575 -0.6046677841 -0.1047904129
v -0.5863637796 -0.3913529339 -0.1083902442
v -0.7091202543 -0.360754251 -0.03904803589
v -0.2910612454 -0.4626081132 0.445826397
v -0.4138176824 -0.4320094491 0.5151686077
v 0.1976074906 0.006200749368 0.2145457658
v -0.2814420955 0.1256102133 0.4851495179
v 0.7814491673 -0.1393295407 -0.1152525847
v 0.3023996 -0.01992007912 0.1553511815
v -0.07214567246 0.07129096851 -0.2917204016
v -0.5511952681 0.1907004513 -0.02111664012
v 0.5116959947 -0.07423930736 -0.621518738
v 0.03264642274 0.0451701589 -0.3509149859
v -0.3246563142 0.251539283 -0.2878708503
v 0.07118716014 0.1560240229 0.4550385388
v -0.4303564621 0.5627853554 -0.2532436887
v -0.2836475128 0.5262162313 -0.3361160803
v 0.01605563917 0.4550681366 0.5845716751
v 0.1627645696 0.4184989749 0.5016992457
v -0.04636729562 0.4214015272 0.1229424995
v -0.09078326621 0.432118931 0.03958367815
v 0.06954892486 0.1319498536 0.4608615003
v -0.3328873476 0.2290559036 -0.2944210543
v -0.3897131413 0.07669789903 -0.3327747323
v 0.05291242908 -0.03010567014 0.4979341275
v -0.416011623 -0.2573773549 -0.252227584
v -0.06310589855 -0.3425319237 0.4100973008
v -0.1886391348 0.3983718713 -0.1187588822
v 0.02470400135 0.3468931328 0.2816383323
v -0.07360979387 0.4171595967 0.0562727783
v -0.05194447041 0.4119318389 0.09693372944
v 0.053006902 0.267595361 0.3650693456
v -0.2494173361 0.340568971 -0.2025130699
v 0.20536359 -0.198341708 0.2571235363
v 0.2599248746 -0.2119417402 0.2263031715
v -0.1275423035 -0.4250437992 0.354251143
v -0.4152424942 -0.3556230259 -0.1856975371
v -0.261047743 -0.4894755606 0.1185970143
v -0.3041340189 -0.4790790141 0.03773377484
v 0.2547828146 -0.2129827898 0.228415869
v -0.09199749532 -0.3879211501 0.4057259929
v -0.433488209 -0.305520965 -0.2351754477
v 0.7862288424 -0.04074392138 -0.168596436
v -0.2916326651 0.2279273724 0.4402620014
v 0.5684886797 0.0117957999 -0.5772458677
v -0.5093728279 0.2804670654 0.03161256969
v 0.2193510936 -0.2081459766 0.247028348
v 0.06399103799 -0.389851466 0.1527708455
v 0.1687831308 -0.415972285 0.09357628007
v -0.1385257481 -0.3409850775 -0.2273077052
v -0.03373364819 -0.3671058965 -0.2865022895
v -0.2627838607 -0.5005546697 0.1466525473
v -0.3292697656 -0.4845119183 0.02187341446
v 0.03175407496 -0.1231188927 0.5055190294
v -0.4176482255 -0.01468012727 -0.3379082603
v -0.007073885914 -0.2357821186 0.488297838
v -0.4372804334 -0.1319752019 -0.3191033575
v -0.3436098102 -0.4654160958 -0.019541036
v -0.2349131443 -0.4916441316 0.1844582121
v 0.7227422868 0.07187203393 -0.3306807034
v -0.355119183 0.3405432994 0.2781777246
v 0.6774091415 0.08281070428 -0.4157608341
v -0.4004523282 0.3514819697 0.1930976128
v 0.7357830085 -0.3846796194 -0.1061319665
v -0.342078499 -0.1160083339 0.5027264497
v 0.4526457188 -0.3163598559 -0.6375171304
v -0.6252157887 -0.04768857154 -0.02865869303
v 0.2785518693 -0.2237375401 0.3274728666
v -0.3256334585 -0.4807743215 0.02119053092
v -0.2597819064 -0.4966640249 0.1447791054
v -0.413967446 -0.1526242578 -0.300759109
v -0.01114804493 -0.2498227776 0.4552425148
v -0.4009719517 0.006269628546 -0.3315060643
v 0.03810981664 -0.09967883039 0.4925518493
v 0.233459367 -0.07959843633 0.2433489843
v 0.2789296572 -0.09093239511 0.2176638652
v 0.06409649684 0.2154546161 0.4133722423
v -0.288245599 0.3004731727 -0.2478947835
v -0.2707483625 -0.4879800009 0.09764938202
v -0.2922756633 -0.4827855784 0.0572474215
v -0.4361412938 -0.2637436578 -0.25975346
v -0.06894985038 -0.3523453095 0.4293824513
v 0.4687914587 -0.2062792734 -0.6575096091
v -0.6090700111 0.06239200145 -0.04865117763
v 0.7728599017 -0.2796496135 -0.08684144101
v -0.3050016058 -0.01097833864 0.5220169988
v -0.3891758875 0.05160819127 -0.3306300775
v 0.04881424776 -0.0540768699 0.49137911
v -0.4111711666 -0.06272944147 -0.3240786653
v 0.01900786888 -0.1665297162 0.4832708472
v -0.1739593944 0.4017607495 -0.09973774339
v 0.01774404734 0.3555035775 0.2600465882
v 0.1353210637 0.2065569137 0.01586888297
v -0.3437285036 0.3259663965 0.286472635
v 0.7191627592 0.06102663078 -0.3139294723
v 0.2401131636 0.1804360947 -0.04332569428
v 0.07668123314 0.220706441 -0.09418492359
v -0.4023683359 0.3401159049 0.1764188473
v 0.6605229269 0.07517615809 -0.42398326
v 0.1814733313 0.194585622 -0.1533794985
v -0.5691687884 -0.2373934365 0.1176675323
v -0.09760438121 -0.3549371222 -0.1487080405
v 0.007187713994 -0.3810579413 -0.2079026154
v 0.4787521165 -0.498601627 -0.4742781977
v -0.004273585851 0.3808850921 0.197821773
v -0.1326984262 0.4118733982 -0.04320285518
v 0.2520328573 -0.2096037367 0.3447128209
v 0.306594963 -0.2232040427 0.3138919842
v -0.5683958466 0.1304810414 -0.04329628519
v -0.09683143942 0.01293734627 -0.3096718557
v 0.00796065578 -0.01318347277 -0.36886644
v 0.4795250582 -0.1307271632 -0.6352420223
v -0.05595607377 -0.328000739 0.4290547608
v -0.4259876082 -0.2387137969 -0.2654113682
v -0.0301554891 0.2596694044 0.588987795
v -0.1529119261 0.2902680684 0.6583300434
v -0.4805959039 0.3683586708 -0.2563877806
v -0.6033523409 0.3989573348 -0.18704557
v -0.4765105324 0.5558513042 -0.3318903833
v -0.5992669317 0.5864499682 -0.2625481727
v 0.05377132355 0.4278967072 0.6633296637
v -0.06898511108 0.4584953712 0.7326718366
v 0.2047662344 -0.134247212 0.2888361592
v 0.3092653194 -0.1602949944 0.2298071189
v -0.6895823518 -0.3906333739 -0.2914354091
v -0.5428734024 -0.4272025168 -0.3743078196
v -0.1991369331 -0.5089756731 0.6290205469
v -0.05242800261 -0.5455447971 0.5461481553
v -0.4755925838 0.4584253784 -0.2872741742
v -0.3288836345 0.4218562166 -0.3701465847
v 0.007462640825 0.3418663308 0.6193120749
v 0.1541715713 0.305297169 0.5364396833
v -0.4953505826 0.3918416948 -0.2928703196
v -0.6181070196 0.4224403588 -0.2235281184
v -0.006097638239 0.2737871631 0.6253476955
v -0.1288540658 0.3043858271 0.6946898683
v -0.2749439708 0.1726294921 0.4576024147
v 0.1966204458 0.05508581584 0.1912268513
v 0.3014125457 0.02896498735 0.1320322858
v 0.772976934 -0.08857869719 -0.1343433012
v -0.3004572034 0.03645417752 0.4725265638
v 0.7474637392 -0.2247540224 -0.1194191804
v -0.4157175321 -0.1525635851 -0.3008679679
v -0.01203838711 -0.2499695588 0.4567472105
v 0.2948033158 -0.116523118 0.1767777024
v 0.236047546 -0.07894523794 0.2418168237
v 0.2767527052 -0.08909155 0.2188234478
v 0.2513969377 -0.08264896138 0.2706239307
v 0.2921018326 -0.09279519675 0.2476307058
v 0.3432940872 -0.2006823259 0.3011823885
v 0.007800543309 -0.4289272711 0.07053986646
v 0.1125926409 -0.4550480901 0.01134529157
v -0.1069134521 -0.4012472985 -0.1447525655
v -0.002121352211 -0.4273680987 -0.2039471404
v 0.1416702081 0.2014103801 0.02937978195
v -0.3373793875 0.320819844 0.2999835623
v 0.7255118753 0.05588008771 -0.3004185639
v 0.246462308 0.175289561 -0.0298147953
v 0.0686442474 0.2190312179 -0.1076735628
v -0.4104053223 0.3384406818 0.1629302128
v 0.6524859406 0.07350093494 -0.4374719134
v 0.173436345 0.1929103988 -0.166868133
v -0.2975798697 0.1917129695 0.4091091328
v 0.7503410729 -0.06949522331 -0.1828366161
v -0.257006051 -0.5555216128 0.5471142759
v -0.1102971205 -0.5920907746 0.4642418465
v -0.6599688733 -0.4582885261 -0.2091564656
v -0.5132599239 -0.4948576501 -0.2920288573
v 0.2849480627 -0.09716542245 0.2144736777
v 0.2259038271 -0.08244798316 0.2478263574
v 0.2382734157 -0.08726889091 0.2770225402
v 0.3015473405 -0.1030407577 0.2412806081
v 0.002513646405 0.5156007589 0.5338870198
v -0.1202427906 0.5461993852 0.6032291927
v -0.3900739029 0.6103303736 -0.2029117348
v -0.5128303399 0.6409290376 -0.1335695336
v 0.1900561978 -0.1737206297 0.2721136388
v 0.2852595196 -0.2001447795 0.2175897573
v 0.04552629577 0.3102896542 0.3410843662
v -0.2294787489 0.3766471256 -0.1750383569
v 0.1915952105 -0.1310694922 0.2641260703
v 0.2961014684 -0.1571189923 0.2050929716
v -0.4131330812 -0.1743350776 -0.292816447
v -0.01947408219 -0.2693232298 0.4459931492
v 0.06511301448 0.01867874382 0.5052556689
v -0.3836996437 0.1269752253 -0.3370649858
v -0.471741881 0.433032538 -0.2692521421
v -0.3250329317 0.3964633763 -0.3521245526
v -0.007811670817 0.3210882255 0.6014407125
v 0.1388972549 0.2845191015 0.5185683208
v -0.4264729525 -0.3218641309 -0.2179794466
v -0.1038586634 -0.3997095128 0.3874951903
v -0.2232888722 0.3631613036 -0.1700328849
v 0.04349083489 0.2987885492 0.3306527855
v -0.3496507161 -0.1268111417 0.4574834948
v 0.6982702265 -0.388019344 -0.1344622211
v -0.1089356195 0.01993487804 -0.334187671
v -0.004143519538 -0.006185941005 -0.3933822553
v -0.2923293472 0.1360516473 0.4429658631
v 0.7555915954 -0.1251565503 -0.1489798764
v 0.005735281665 0.3687208292 0.2152021094
v -0.1425838624 0.4045095742 -0.06315966558
v -0.1738913458 -0.5145120187 0.676155801
v -0.2966477639 -0.4839133546 0.7454980494
v -0.7145685992 -0.3840490229 -0.3385741175
v -0.8373250739 -0.35345034 -0.2692319069
v -0.6848967556 -0.367579481 -0.2933135889
v -0.538187844 -0.4041486239 -0.3761859805
v -0.192529251 -0.4863855678 0.6307497559
v -0.04582032057 -0.5229547296 0.5478773643
v -0.1748132584 -0.3741815002 0.6126000076
v -0.2975697143 -0.3435828173 0.681942256
v -0.6482216229 -0.2599501686 -0.2758812297
v -0.7709780222 -0.2293515046 -0.2065390191
v 0.04798777077 -0.07821982637 0.4810925362
v -0.3837556682 0.0259579365 -0.3291930339
v -0.4029783763 -0.3495563918 -0.1830067471
v -0.1221989479 -0.4173072084 0.3439532812
v -0.330436238 0.2743274748 0.3144881694
v 0.7174846669 0.01311928433 -0.2774575417
v -0.2941438388 -0.4753952145 0.4460118744
v -0.4169002757 -0.4447965505 0.515354085
v -0.5895996097 -0.4041030568 -0.1084923785
v -0.7123560845 -0.3735043928 -0.03915017018
v -0.5605721989 -0.1983260974 0.1156467807
v 0.487348706 -0.4595342784 -0.4762989305
v 0.240429434 -0.06829577189 0.2548291367
v 0.2892765971 -0.08047152096 0.2272365042
v -0.4503657784 0.3602291912 -0.1992841012
v -0.5731222154 0.3908278552 -0.1299418953
v -0.06077556816 0.2662227985 0.531889316
v -0.1835320146 0.2968214625 0.6012314889
v -0.5030952524 -0.2443495917 0.2377070453
v 0.5448256901 -0.505557801 -0.3542386847
v -0.3298613451 -0.4549068963 -0.02159248028
v 0.448594249 -0.648947261 -0.4613235892
v -0.2243794057 -0.4803591966 0.1763734313
v 0.5540761505 -0.674399599 -0.2633576776
v -0.05749734211 -0.3309410436 0.4352256103
v -0.4322224479 -0.2405215592 -0.2680493331
v -0.3364720096 0.2340030482 -0.3006861715
v 0.07318467635 0.1351547268 0.4681475167
v 0.0581729654 -0.005971592552 0.501583346
v -0.3871972109 0.1014942332 -0.3342765211
v 0.01300566389 0.3592842874 0.2351467181
v -0.1558260306 0.4000225931 -0.08171248817
v -0.4090434059 -0.20162336 0.3853531215
v 0.6388775367 -0.4628315694 -0.2065926275
v -0.08994867482 0.4287528552 0.039056004
v -0.04581934845 0.4181046137 0.1218768448
v -0.4789728922 0.286168351 0.04630889272
v -0.007408466191 0.1686246842 -0.2200666896
v 0.09738363137 0.1425038651 -0.279261255
v 0.5689480504 0.02496016998 -0.5456368373
v -0.5879916613 -0.0704131955 0.0106619786
v 0.4599292813 -0.3316213978 -0.5812837467
v 0.7292457346 -0.3984859023 -0.1116126298
v -0.3486157729 -0.1298146156 0.4972457888
v 0.4519993984 -0.3315876094 -0.6319417111
v -0.6258621091 -0.06291632508 -0.02308328316
v 0.2599185133 -0.06749454651 0.2432861266
v -0.3349787905 -0.4933085953 0.02208083535
v -0.2670969166 -0.5096882111 0.1494798781
v 0.0652390236 0.1897558684 0.4172664736
v -0.2935006518 0.2763181567 -0.2560073878
v 0.2871299036 -0.07956464561 0.3424739928
v 0.3359759436 -0.0917402242 0.3148820776
v 0.2595428396 -0.07988604087 0.2282295611
v 0.3479129939 -0.1041801731 0.3083909748
v 0.2719826947 -0.08525360631 0.351282222
v 0.3013827402 -0.09295244417 0.2210649563
v 0.2254531866 -0.07402604193 0.2639558071
v 0.01859683536 0.451023651 0.5908550267
v 0.1653057705 0.414454527 0.507982635
v -0.4344999345 0.560353877 -0.2595059366
v -0.2877909851 0.5237847152 -0.3423783472
v -0.005510853332 0.3836083207 0.1996544424
v -0.1346103755 0.4147594528 -0.04263636689
v 0.248712292 -0.0832812249 0.2719730867
v 0.2941798923 -0.09461462389 0.2462895344
v -0.07498928392 -0.359395487 0.3992978234
v -0.4156333066 -0.2771996176 -0.2400145639
v 0.02021537807 -0.3841097664 0.07274119704
v 0.125007478 -0.4102305855 0.01354662215
v 0.06740624846 0.166878883 0.4243758468
v -0.3005157951 0.2556568194 -0.2661313057
v -0.4178598652 -0.357580901 -0.186970943
v -0.1281796199 -0.4274794304 0.3566938716
v -0.02389852647 0.3999055608 0.15991127
v -0.1106843465 0.4208466053 -0.002966240555
v -0.2914112098 -0.5105849428 0.107285898
v -0.3141947959 -0.5050873689 0.0645261989
v -0.4056822002 -0.3889711565 -0.1527238155
v -0.1526905274 -0.4500169088 0.3220848123
v 0.06777984226 0.08650167686 0.4767960158
v -0.3517300027 0.1877275097 -0.3105298158
v -0.4025961714 0.05610028778 -0.3406940068
v 0.04997396718 -0.05310286849 0.5086785997
v -0.4210716471 -0.1303883712 -0.3092008195
v -0.005889934201 -0.2305698582 0.4700021013
v -0.5879055859 -0.3977484854 -0.1082974725
v -0.7106619851 -0.3671498025 -0.03895526655
v -0.2926796513 -0.4689851661 0.4457753181
v -0.4154360883 -0.438386502 0.5151175287
v -0.3056545706 0.2464782018 0.3706482381
v 0.742266372 -0.01472999814 -0.2212974825
v -0.01493725859 0.4600416323 0.5275103067
v 0.1317716766 0.4234724706 0.4446378773
v -0.4005332693 0.5530842073 -0.1961669078
v -0.2538243577 0.5165150833 -0.2790393089
v 0.06128173762 -0.01072604907 0.4748438035
v -0.3640347044 0.09190090591 -0.3233797559
v 0.06376492259 0.01212886064 0.4722693192
v -0.3581181548 0.1139273684 -0.3195105544
v 0.425728325 -0.1537285851 -0.7569333143
v 0.8356099843 -0.2526312039 0.01232261518
v 0.3537270459 -0.1133316468 0.305152351
v 0.2045509138 -0.1006049975 0.2598673777
v -0.187173003 0.3952235888 -0.1182646614
v 0.02479328096 0.3440770711 0.2795485127
v -0.4299604776 -0.2818355695 -0.2443130096
v -0.08002675099 -0.366273004 0.4124340585
v 0.4700605797 -0.03293576154 -0.7317543033
v 0.8526785051 -0.1252597676 -0.01366623106
v 0.7839431636 -0.4180793197 -0.00613577284
v 0.3943156446 -0.3240639419 -0.7373791782
v -0.2831310228 -0.4377450894 0.4488939649
v -0.4058874598 -0.4071464254 0.5182361378
v -0.5817903834 -0.3656799333 -0.111622686
v -0.7045468581 -0.3350812693 -0.04228048248
v -0.2428433292 0.3326348976 -0.2005507117
v 0.05426648584 0.260943622 0.3570577666
v -0.04004941956 0.399391638 0.1144845177
v 0.7384061178 0.2053512355 -0.32524661
v -0.08261191924 0.4096617518 0.03460427421
v 0.6958436559 0.2156213871 -0.405126863
v 0.05759233649 0.2561094325 0.3505658333
v -0.2361590854 0.3269903537 -0.2007396811
v -0.06633266813 0.4224838496 0.07951834942
v -0.3403588791 0.1798337936 -0.3032070097
v 0.06735352611 0.08145462069 0.4619777243
v -0.3268510853 -0.1083144616 0.4896836139
v 0.7210698573 -0.3695226515 -0.1022620973
v 0.8435122324 -0.2097814276 0.007403553665
v 0.438725707 -0.112108251 -0.7522899252
v 0.2978095173 -0.1238511138 0.2071877745
v -0.1111941166 -0.4050371634 0.3605694909
v -0.4091022241 -0.3331532752 -0.1985372274
v 0.2116410144 -0.177739472 0.2795813195
v 0.2829177408 -0.1955061377 0.2393187879
v -0.01641623554 0.4714706681 0.7614410969
v 0.2051442016 0.4162437622 0.6362868943
v -0.5918596169 0.6103225966 -0.3185370155
v -0.3702992175 0.555095653 -0.4436912747
v -0.6089722325 -0.336326361 -0.1726954832
v -0.4622632831 -0.3728955038 -0.2555678938
v -0.245304934 -0.4240776409 0.5098263469
v -0.09859602241 -0.4606467649 0.4269539553
v -0.2568328054 -0.6111643609 0.5719744682
v -0.3795892424 -0.5805656969 0.6413166411
v -0.6861055861 -0.507582762 -0.2336742063
v -0.8088619853 -0.476984098 -0.1643320051
v 0.0609250557 0.2595009911 0.3914830097
v -0.2674542804 0.3387374531 -0.2248113116
v 0.06713226426 0.04218875133 0.4983651085
v -0.3744385749 0.1487378177 -0.3303642442
v -0.2888543558 -0.4895900635 0.08081968265
v 0.5385840172 0.08461420995 -0.6623186178
v 0.8467673163 0.01025094508 -0.08392769865
v -0.009858773577 0.3191707832 0.5986628939
v 0.1368501616 0.2826016215 0.5157904645
v -0.470820799 0.430398858 -0.2664594492
v -0.3241118874 0.393829734 -0.3493318408
v 0.04528737053 -0.07680460135 0.5114746904
v -0.4100248917 0.03306021219 -0.3430442799
v 0.03745965024 -0.0996782793 0.5012784202
v -0.4084892391 0.007927193034 -0.3356675823
v 0.3059123626 -0.1688383767 0.2304952501
v 0.2037476192 -0.1433724572 0.2882056948
v 0.279780501 -0.09170466443 0.2172118185
v 0.02125236929 0.377362646 0.6280605799
v 0.1679612997 0.340793522 0.5451881505
v -0.4712531012 0.4962020493 -0.2962617461
v -0.3245441897 0.4596328876 -0.3791341377
v -0.08882507026 0.4255016221 0.03836841086
v -0.04496542786 0.4149185034 0.1206831341
v -0.6182391529 -0.253009322 -0.2258661031
v -0.7409956276 -0.222410658 -0.1565238924
v -0.1981763054 -0.3543686094 0.5624976069
v -0.3209327613 -0.3237699454 0.6318398175
v -0.4194556196 -0.2579223196 -0.2526117708
v -0.06478871936 -0.3435018573 0.4130184272
v -0.4619679842 0.4163090738 -0.2445698956
v -0.3152590726 0.379739912 -0.3274423061
v -0.02429349164 0.3107001733 0.5768469386
v 0.1224154459 0.2741310115 0.4939745469
v 0.2822685135 -0.0755720364 0.2309102429
v -0.6873015808 -0.435109182 -0.2677719665
v -0.5405926692 -0.471678306 -0.350644377
v -0.2219291833 -0.5474014581 0.6056276
v -0.07522025285 -0.5839706198 0.5227552461
v -0.4210649272 0.6153035672 -0.25996963
v -0.5438213642 0.6459022313 -0.1906274288
v 0.03233502241 0.5059001772 0.5909603557
v -0.09042140986 0.5364988412 0.6603025286
v -0.3901414796 0.1031360267 -0.3383131921
v 0.05999511365 -0.005479915274 0.5064922097
v 0.3101591631 -0.1213440009 0.2343387422
v 0.2221310829 -0.09940183544 0.2840637325
v -0.05071499879 -0.3215555997 0.4137360241
v 0.7277405481 -0.5155959644 -0.02599511313
v -0.4098027946 -0.2349093313 -0.2601911797
v 0.3686527805 -0.428949696 -0.6999223075
v 0.6631453945 0.1875303669 -0.4872216316
v 0.7842989418 0.1582965638 -0.2598436692
v -0.5187678798 0.1965260177 0.01541636433
v 0.5291530628 -0.06468217277 -0.5765293657
v -0.2797062421 -0.5996223324 0.5263884576
v -0.4024626791 -0.5690236306 0.5957306682
v -0.6604197119 -0.5077578575 -0.1881253157
v -0.7831761867 -0.4771591934 -0.1187831098
v -0.1529497728 -0.4431104924 0.2863884473
v 0.6255058023 -0.6371508571 -0.1533426522
v -0.375848852 -0.3893259343 -0.1319430676
v 0.4026067043 -0.5833663178 -0.5716741859
v -0.5021545392 0.4213718916 -0.3179461722
v -0.6249109762 0.4519705556 -0.2486039616
v 0.01372915008 0.2968914554 0.6502517937
v -0.1090272822 0.3274901194 0.7195939666
v 0.2115697191 -0.06704168102 0.2715828028
v 0.316361819 -0.09316250183 0.2123882185
v -0.118736094 0.01265963049 -0.3483270995
v -0.01394399404 -0.01346118856 -0.4075216839
v 0.05767193733 0.2791887705 0.3771273356
v -0.2554488039 0.3547434337 -0.2105300191
v 0.2440417589 -0.07787968942 0.2371142012
v -0.3949163979 -0.4202892295 -0.1176941477
v -0.178630456 -0.472478052 0.2882260056
v -0.3893920953 0.3389601165 0.1815981878
v 0.6585288096 0.077751926 -0.4103475234
v -0.4104306541 -0.2764467412 -0.2398586844
v -0.07210668371 -0.3580827997 0.3950994591
v 0.2780042714 -0.1849251238 0.2090524956
v 0.1929051229 -0.1637127343 0.2571230455
v -0.4050678938 0.312904911 0.1653447782
v 0.6428530488 0.05169672999 -0.4266009708
v -0.2035374801 -0.5194998603 0.6258743409
v -0.05682854021 -0.556069022 0.5430019115
v -0.6905920008 -0.4019757869 -0.2882178133
v -0.5438830893 -0.4385449487 -0.3710902238
v -0.2279265607 -0.4958024029 0.209098327
v -0.3603035256 -0.4638604344 -0.0393435472
v 0.1971005048 -0.1742318532 0.2522944811
v 0.2683789678 -0.1919989814 0.2120309679
v -0.4036036686 -0.2924673509 -0.2238182453
v 0.3748518877 -0.4865077345 -0.6635493447
v -0.08309301642 -0.3698051524 0.3777083444
v 0.6953625399 -0.5638455171 -0.06202276982
v -0.4043828018 -0.387900896 -0.1522294012
v -0.1522508823 -0.448739218 0.3209656436
v 0.00569158331 0.3623146315 0.2118207439
v 0.7841471773 0.1682742668 -0.227910365
v -0.1405125415 0.3975930401 -0.06257158293
v 0.6379430148 0.2035526565 -0.5023027172
v 0.06829541914 -0.3461380668 0.1411014405
v -0.410754154 -0.2267285934 0.4117052115
v 0.6521371088 -0.4916683308 -0.1886968959
v 0.1730875132 -0.3722588858 0.08190687507
v -0.1219326428 -0.3002368806 -0.2159139301
v -0.6009822478 -0.1808274168 0.05468984079
v 0.4619090527 -0.4457671636 -0.5457122665
v -0.01714054285 -0.3263576997 -0.2751085145
v 0.2291643095 -0.08103735685 0.2458952487
v -0.280517729 -0.4813642399 0.07743528754
v 0.4979378273 -0.6754046046 -0.3622958308
v -0.04582492636 0.4333341416 0.1255233828
v -0.09133546996 0.4443156609 0.04011031411
v 0.02560495195 0.3169130789 0.6624405202
v -0.09715148504 0.347511743 0.7317827686
v -0.5033429079 0.444545837 -0.3302758848
v -0.6260993449 0.4751445011 -0.2609336931
v -0.1533321287 -0.1431012018 -0.3408397687
v -0.04854003823 -0.1692220256 -0.4000343341
v 0.1695332796 -0.2210071858 0.2651061592
v 0.2743253796 -0.2471280048 0.2059115938
v 0.06947254594 0.1822604396 0.4041847529
v -0.2811853417 0.2668726298 -0.2539214379
v 0.06873743201 0.1090638453 0.4685351957
v -0.3420440311 0.2081835685 -0.3024093967
v 0.1900311208 -0.136532525 0.264117274
v 0.2948232113 -0.1626533465 0.2049227085
v -0.6903576342 -0.3982340185 -0.2894539577
v -0.5436486849 -0.4348031614 -0.3723263493
v -0.2019982221 -0.5160729654 0.6270870221
v -0.05528928217 -0.5526420894 0.5442146305
v 0.1416824493 0.2507936361 0.007610068504
v 0.2464745398 0.2246728171 -0.05158450757
v 0.09169347911 0.2628557789 -0.08620801188
v 0.1964855755 0.2367349599 -0.1454025856
v -0.462762105 0.3020839525 0.06798374865
v 0.008802321016 0.1845402857 -0.1983918242
v 0.1135944186 0.1584194666 -0.2575863991
v 0.5851588376 0.04087577149 -0.5239619625
v 0.2245301792 -0.08313007862 0.2486381652
v 0.04591997736 0.2918491749 0.3231720047
v -0.2165212901 0.3551750942 -0.1693713692
v -0.3050550631 -0.05102779595 0.5029901876
v 0.1665093629 -0.1685714817 0.2366146053
v 0.2713014534 -0.1946923007 0.177420021
v 0.7428658795 -0.3122359959 -0.08895554949
v -0.2468759229 -0.4941375994 0.1643808283
v -0.3341593378 -0.4730765024 0.0005694801698
v -0.1804604261 -0.5327604517 0.6725790671
v -0.3032168631 -0.5021617876 0.7419213154
v -0.7172610219 -0.4032328838 -0.3348752358
v -0.8400174966 -0.3726342009 -0.2655330252
v 0.1123899461 0.247482792 -0.04278544387
v 0.2171820413 0.221361973 -0.1019800188
v -0.192155295 -0.4853327301 0.2718554881
v -0.3904751727 -0.4374790108 -0.1003464176
v 0.2822819534 -0.1785750827 0.1761496164
v -0.4262494208 0.5644759815 -0.2467190241
v -0.2795404715 0.5279068197 -0.3295914157
v 0.01320081055 0.4584385917 0.578030475
v 0.1599097457 0.4218694677 0.4951580456
v -0.467871547 0.5714613004 -0.3234850472
v -0.590627984 0.6020599644 -0.2541428555
v 0.0533950222 0.445682032 0.6548152988
v -0.06936141715 0.4762806961 0.7241575472
v -0.0503838351 0.1110687221 -0.2707481926
v 0.05440825774 0.08494788417 -0.3299427769
v 0.2962463242 -0.1438959928 0.1745232825
v -0.0655275047 0.08432885875 -0.2857574921
v -0.5445770909 0.2037383226 -0.01515372589
v 0.5183141719 -0.06120142892 -0.6155558285
v 0.03926459522 0.0582080397 -0.3449520764
v 0.1978232171 0.02078350387 0.2084927225
v -0.2812263785 0.1401929678 0.4790964935
v 0.7816648843 -0.1247467814 -0.121305628
v 0.302615317 -0.005337315178 0.1492981382
v -0.4557773524 -0.2688362055 0.3322790816
v 0.01578707361 -0.3863799101 0.06590351819
v 0.1205791712 -0.4125007292 0.006708938584
v 0.5921435902 -0.530044396 -0.2596666296
v -0.06351099079 0.4164868119 0.07724383589
v -0.2665476575 -0.5080652372 0.1491022035
v -0.3341888602 -0.4917437223 0.0221548111
v -0.4016286917 -0.3858895447 -0.1514079759
v -0.1511605187 -0.4463263893 0.3186645996
v -0.1249550966 -0.2887595408 -0.2263292018
v -0.6040047016 -0.1693500674 0.04427456913
v 0.4588865989 -0.4342898048 -0.5561275382
v -0.02016299667 -0.3148803598 -0.2855237673
v 0.07633679713 -0.337330366 0.1514505134
v -0.4027127884 -0.2179209021 0.4220542655
v 0.6601784744 -0.4828606679 -0.1783478324
v 0.1811288976 -0.3634511851 0.09225594796
v 0.2841501854 -0.08030991019 0.3442111675
v -0.06894946342 -0.3513344335 0.4279484279
v -0.4348594124 -0.2630419924 -0.2587824693
v -0.5879271047 -0.05838600432 0.005469094504
v 0.4599938756 -0.3195941948 -0.5864766214
v -0.3004047654 -0.036119215 0.5046438919
v 0.1711596607 -0.1536629054 0.2382682908
v 0.2759517512 -0.1797837245 0.1790737253
v 0.7475161395 -0.2973274196 -0.08730185226
v -0.4248779154 -0.342077895 -0.2044350235
v -0.116188848 -0.4165631661 0.374905043
v 0.02447987032 -0.1455628066 0.5000491279
v -0.4196285254 -0.03840143473 -0.3334427226
v -0.2780031954 0.07069146105 0.497168925
v 0.7699177094 -0.1905167389 -0.09477680979
v 0.1903127062 -0.1444026672 0.2626031401
v 0.311494011 -0.1271557877 0.2328802931
v 0.2182424767 -0.103911607 0.2855558568
v -0.2482535819 -0.5593988178 0.564319649
v -0.1015446515 -0.5959679418 0.4814472573
v -0.6695455895 -0.457742929 -0.2263509849
v -0.522836678 -0.494312053 -0.3092233765
v 0.2466927107 -0.06726307028 0.2510589597
v 0.2902756 -0.07896021383 0.340641833
v 0.3332861447 -0.0896813433 0.3163462273
v 0.3117404018 -0.1117758922 0.2157088971
v 0.2096380158 -0.08632551846 0.2733841189
v 0.2305907635 -0.07150637874 0.260819681
v 0.185948175 -0.08586841526 0.2382704427
v -0.1030403244 -0.3964036898 0.3834876642
v -0.4223796153 -0.3193485402 -0.2158405301
v 0.1539288331 0.2248566333 0.04073507789
v 0.258720933 0.1987357954 -0.01845950172
v 0.2926403888 -0.1656384254 0.205566122
v -0.5959173914 0.02962660687 -0.04751358228
v -0.1243530031 -0.08791708592 -0.3138891528
v -0.01956090318 -0.1140379062 -0.3730837371
v 0.4520035134 -0.231581593 -0.6394593005
v -0.4543334002 0.5381706667 -0.2848282744
v -0.3076244509 0.5016015049 -0.3677006849
v 0.02583682221 0.4223077348 0.6163434559
v 0.1725457574 0.385738573 0.5334710643
v 0.2837595995 -0.07650255889 0.2301208033
v -0.2790955599 0.3218982024 -0.2382620239
v 0.06361493011 0.2392036998 0.4049287009
v -0.3749425311 -0.4404167484 -0.07843888797
v -0.2016665865 -0.4822274476 0.2467611368
v -0.3984889413 -0.2234484987 0.4136684096
v 0.07307546822 -0.3409921938 0.1472928462
v 0.1778675658 -0.3671130129 0.08809827129
v 0.6494320013 -0.4846566986 -0.178277311
v 0.01744220779 0.3583630166 0.2620561085
v -0.1754748874 0.4049130336 -0.1000059928
v 0.04664148156 -0.07703945878 0.5147022151
v -0.4119316124 0.03361217054 -0.3459365636
v -0.3984349554 0.02985097858 -0.3330137991
v 0.04325906844 -0.07672782014 0.4959467679
v 0.05071494216 -0.05494561774 0.4846908645
v -0.382715855 0.04963929252 -0.3287614867
v -0.006015592926 0.3850310938 0.2005484937
v -0.1354774528 0.4162696604 -0.04242236764
v 0.1904576847 -0.1401682966 0.2632866843
v -0.2710776763 -0.525629673 0.5090128591
v -0.1243687458 -0.5621988347 0.4261404297
v -0.6335243278 -0.4381728992 -0.171218224
v -0.4868154162 -0.4747420609 -0.2540906251
v 0.5604735897 0.001491793882 -0.5868881221
v -0.5173879178 0.2701630877 0.02197031532
v 0.7885292446 -0.0535370159 -0.158878809
v -0.2893322252 0.2151342684 0.4499796095
v 0.2971031706 -0.120894368 0.2076804994
v 0.2063376858 -0.09826954119 0.2589517698
v -0.1248327223 -0.09048920483 -0.313603424
v -0.6038823085 0.02892026025 -0.04299965311
v 0.4590089543 -0.2360194866 -0.6434017793
v -0.02004063184 -0.1166100251 -0.3727979895
v -0.3102367254 -0.04193510267 0.5081072178
v 0.7526545375 -0.306874859 -0.09229489424
v 0.30455307 -0.1715660223 0.2308688285
v 0.2036776546 -0.1464214887 0.2878509736
v 0.2342998856 -0.1778842099 0.3617860229
v -0.06799643344 0.4411843293 0.082809147
v -0.05439426814 0.1485447144 -0.2943849253
v 0.05039782707 0.1224238953 -0.3535794908
v 0.2179307838 0.08283390311 0.2167080888
v 0.3227228838 0.05671308406 0.1575135233
v -0.3692107415 0.4877928247 -0.1119054984
v -0.4919671785 0.5183914888 -0.04256329484
v -0.07321907583 0.4163713275 0.4436044442
v -0.1959755128 0.4469700292 0.5129466549
v 0.3606842959 -0.1670471217 0.2978449667
v 0.1727364162 -0.192777586 0.2583197953
v 0.2775285162 -0.2188984051 0.199125211
v -0.3201013034 0.3089870845 0.3174898595
v 0.151463118 0.1914433799 0.05111429604
v 0.2562552132 0.1653225609 -0.008080274128
v 0.7278196015 0.04777887518 -0.2744558517
v 0.2581107982 -0.2146548229 0.3402344473
v -0.3086077488 -0.4812214605 0.03948150139
v -0.265226023 -0.4916892834 0.1208992475
v -0.2260221241 -0.5512351723 0.6000736241
v -0.07931319366 -0.5878043341 0.5172011947
v -0.6854600207 -0.440374881 -0.2621882417
v -0.5387511092 -0.476944005 -0.3450606522
v 0.01919297813 0.1932436767 -0.1838378087
v -0.459856608 0.3126531406 0.08676596225
v 0.6030346548 0.04771338427 -0.513636164
v 0.1239850781 0.1671228387 -0.2430323741
v 0.1735077252 0.1560082046 0.1057763322
v -0.3055418798 0.2754176874 0.3763801032
v 0.7573494208 0.01047792169 -0.2240220042
v 0.2782998157 0.1298873856 0.04658175733
v -0.2800574523 0.05543309978 0.5002653357
v 0.1915069644 -0.06211058593 0.2338897722
v 0.2962990643 -0.08823140734 0.1746951879
v 0.7678634526 -0.2057751001 -0.09168038258
v 0.8135593603 -0.3373835402 0.01068510192
v 0.4057182914 -0.2389733066 -0.7547410348
v 0.2667189777 -0.08269953066 0.2242481597
v 0.2725694796 -0.08494014494 0.3509435079
v 0.06511495873 0.06126324369 0.475727322
v -0.3550146089 0.1626386325 -0.3127616031
v -0.6296259437 -0.4843338404 -0.1439473879
v -0.752382343 -0.4537351764 -0.07460518376
v -0.296092238 -0.5648140538 0.4820204891
v -0.418848675 -0.5342153521 0.5513626998
v -0.4350177458 -0.1540359129 -0.3083264749
v -0.01695465024 -0.2549126638 0.4762841315
v 0.00931195426 -0.1902743687 0.4929272587
v -0.4270482607 -0.08498259746 -0.3260229495
v -0.2160380977 0.3850696012 -0.1564071999
v 0.0387181723 0.3235980778 0.3217131403
v 0.3399526071 -0.2042198917 0.3021052071
v -0.2992431631 -0.5005577654 0.08494502443
v -0.2177671368 0.3564095963 -0.1693253585
v 0.04531047497 0.2929301759 0.3244122829
v 0.2008099949 0.1350574201 0.1633544927
v 0.3056020948 0.108936601 0.1041599272
v -0.05324746474 -0.3258198607 0.4229714213
v -0.4192468113 -0.237505863 -0.2639272475
v -0.6917623995 -0.50436796 -0.2451071305
v -0.8145188742 -0.4737692582 -0.1757649199
v -0.2503121803 -0.6108879381 0.5833959912
v -0.3730686173 -0.5802892363 0.6527381641
v 0.2997974998 -0.1792937036 0.2324092002
v 0.2042788892 -0.1554844237 0.2863653806
v 0.7380979076 -0.5083951928 -0.04744185751
v 0.3928211986 -0.4250814761 -0.6954487285
v 0.00221038171 -0.2099111353 0.4776414043
v -0.4205917769 -0.1078908648 -0.3158633557
v 0.2175968737 -0.1950419064 0.2360091896
v -0.224760176 -0.4903813152 0.2059861358
v -0.3553982106 -0.4588589265 -0.0391921508
v 0.287824698 -0.169836634 0.1751617693
v -0.4335682818 0.2914237058 0.1243695953
v 0.6143526608 0.03021549647 -0.4675761348
v -0.3201523823 -0.4766673557 0.01971041196
v -0.2550484402 -0.4923766406 0.1418958823
v 0.2657398703 -0.2192508989 0.3351082811
v -0.2300210427 -0.5019601523 0.2117051085
v -0.3642684293 -0.4695668921 -0.04024709091
v 0.7904175421 -0.06678149176 -0.149691565
v -0.2874439277 0.2018897784 0.4591668724
v 0.5526133977 -0.009400412755 -0.5959965959
v -0.5252481099 0.2592708527 0.01286183212
v 0.07099131624 0.08897579655 0.4845510675
v -0.3560150464 0.1920105147 -0.3168440676
v -0.4694975033 0.3613191018 -0.2336339245
v -0.5922539025 0.3919177658 -0.1642917139
v -0.04329058223 0.2584772981 0.5662607997
v -0.1660470098 0.2890759622 0.6356030481
v -0.2880578566 0.2468604444 0.4016309946
v 0.1835065601 0.1293167587 0.1352554312
v 0.28829866 0.1031959396 0.07606084686
v 0.7598630483 -0.01434774607 -0.190314726
v 0.1916470445 -0.1585734632 0.2589769883
v 0.3463135775 -0.102116464 0.3092658479
v 0.3575922456 -0.1771397428 0.2980820893
v 0.2386937787 -0.124293923 0.3681336667
v 0.2383647292 -0.2002188402 0.2242778519
v -0.05896880635 -0.3900270144 -0.06482737984
v -0.5380183736 -0.2706175505 0.2057763837
v 0.5248728892 -0.5355572974 -0.3946257047
v 0.04582329121 -0.4161478335 -0.1240219527
v -0.02950246768 -0.3971371049 -0.00952567508
v -0.5085520538 -0.277727641 0.2610780959
v 0.554339209 -0.5426673878 -0.3393240115
v 0.07528963047 -0.4232579239 -0.06872024761
v -0.1442255237 -0.4389813659 0.3090516033
v -0.3890704074 -0.3799013978 -0.1504673287
v -0.6329656684 -0.4880692475 -0.1482113611
v -0.7557220676 -0.4574705835 -0.07886915986
v -0.2948731011 -0.5696494892 0.4863124415
v -0.4176295381 -0.5390507874 0.5556546521
v -0.2482262115 -0.4886955591 0.1378360314
v -0.3125942469 -0.4731638614 0.0170317028
v 0.01228956299 0.5160152043 0.5510104325
v -0.110466874 0.5466138306 0.6203526054
v -0.3985547814 0.6151500661 -0.2200522304
v -0.5213112184 0.6457487302 -0.1507100292
v 0.2435481091 -0.06768684759 0.2529460491
v 0.286558918 -0.07840788975 0.2286502357
v 0.1923571947 -0.1274595574 0.2642178462
v 0.2862099352 -0.1760156616 0.2069068781
v 0.1906899561 -0.1522060702 0.2608638512
v 0.1924171454 -0.1797027834 0.269264204
v -0.1168784137 -0.414474649 0.3376094504
v -0.3944840201 -0.3474896578 -0.1833940014
v -0.4062575084 -0.2738534939 -0.2367300521
v 0.3721980668 -0.4678938964 -0.6764611798
v -0.07204625163 -0.3544971751 0.3905094518
v 0.706409333 -0.5485375775 -0.04922164998
v -0.3765366622 -0.161102154 0.4250189204
v 0.6713842427 -0.4223103397 -0.1669268191
v -0.02596300475 0.4158372448 0.1665057009
v -0.1155727672 0.4374596816 -0.001671707465
v -0.3909968725 0.003987366345 -0.3292023965
v 0.04160123025 -0.1003966199 0.482687158
v -0.3959977387 -0.01852787596 -0.328120093
v 0.03552485131 -0.1226523443 0.4817509373
v -0.03569507198 -0.2993049448 0.4667483011
v -0.4424382739 -0.2011596195 -0.2966174488
v -0.4206969927 -0.2783675434 -0.2408233138
v -0.07730231429 -0.3612271559 0.4036514631
v -0.4392410644 -0.1096366754 -0.330980023
v 0.003907567298 -0.2165664513 0.5007105115
v -0.2544553129 -0.4384606477 0.499974265
v -0.1077464013 -0.4750298094 0.4171018733
v -0.6075692038 -0.3532558776 -0.1627412056
v -0.4608602545 -0.3898250205 -0.2456136161
v -0.6102395036 -0.3302794524 -0.1776072538
v -0.4635305543 -0.3668485953 -0.2604796455
v -0.2413567923 -0.4192892072 0.5147027813
v -0.09464786189 -0.4558583313 0.4318303519
v 0.2027330812 -0.1032197043 0.2607625616
v 0.2362490776 -0.1845005608 0.3592554069
v -0.4988415432 0.4886764187 -0.3417806518
v -0.6215979802 0.5192750827 -0.2724384412
v 0.04221807076 0.358121175 0.673666788
v -0.08053837095 0.388719839 0.7430090364
v -0.4146483853 -0.3159664008 -0.2135242247
v -0.1002266034 -0.3918349749 0.3765749431
v -0.6431927068 -0.4976486064 -0.1620892507
v -0.7659491815 -0.4670499047 -0.09274704244
v -0.2902715794 -0.5828068656 0.5002645429
v -0.4130280163 -0.5522082016 0.5696067157
v -0.4373622428 -0.264473543 -0.2607805318
v -0.06887295826 -0.3533883506 0.4307911428
v -0.3548708479 0.1370739434 -0.3152535796
v 0.0645445902 0.03587086583 0.4718951178
v -0.1141113168 0.004960659898 -0.336742543
v -0.009319226308 -0.02116016859 -0.3959371084
v 0.0359460355 -0.4130230519 0.1133477376
v 0.1407381307 -0.4391438898 0.05415317214
v -0.1244609748 -0.3743175597 -0.1877002242
v -0.01966887493 -0.4004383787 -0.2468947991
v -0.259275534 0.3237452742 -0.2163468931
v 0.05701689144 0.247425333 0.3772630176
v -0.232678922 -0.4895196931 0.1827847066
v -0.3407559207 -0.4634411945 -0.02005158946
v -0.5185670372 -0.2769467334 0.22470149
v -0.04700262062 -0.3944904192 -0.04167408994
v 0.05778947458 -0.4206112571 -0.1008686625
v 0.5293539054 -0.5381549239 -0.3672442401
v 0.2489614953 -0.206430868 0.3471419209
v -0.1923470959 0.3762112746 -0.135858459
v 0.03429271343 0.3215241142 0.2894936165
v -0.09347087549 -0.4153399897 -0.1147365006
v 0.01132121972 -0.4414607898 -0.1739310707
v -0.01070812614 -0.4353102511 0.04059061849
v 0.09408397261 -0.4614310701 -0.0186039564
v 0.2398542013 -0.2136368778 0.2353105634
v 0.2211108537 -0.2089649762 0.2458981745
v -0.007355877155 0.3926124092 0.2047081807
v -0.1388424904 0.424339529 -0.04206267733
v -0.2665749147 0.3360158101 -0.2227802913
v 0.05946937431 0.257342802 0.3891316795
v -0.4012023543 -0.3670258615 -0.167189651
v -0.1360004174 -0.4310178834 0.3305348471
v -0.3626852841 -0.447934753 -0.05889345264
v -0.2115700872 -0.4843981704 0.2247158925
v -0.05683782729 0.3521847676 0.5009277763
v 0.0898711014 0.3156156436 0.4180553847
v -0.4137188845 0.4382985768 -0.1688578711
v -0.2670099729 0.4017294528 -0.2517302721
v -0.530024123 -0.2454567928 0.1905234682
v 0.5178968196 -0.5066650022 -0.4014222618
v 0.2763829586 -0.1856522248 0.1773982001
v 0.1674778242 -0.1585061225 0.2389161401
v 0.02668651454 -0.1473778598 0.5101414281
v -0.4268468519 -0.03794228583 -0.341038969
v 0.1924490367 0.1885014897 0.1249698011
v 0.2972411366 0.1623806706 0.06577523568
v 0.01755900415 0.23070168 -0.2032595472
v 0.1223510994 0.204580842 -0.2624541316
v 0.2912174269 -0.1683504275 0.2058260281
v 0.1682724547 -0.1623262978 0.2375082414
v 0.06801303622 0.1469038836 0.4366798312
v -0.3123611261 0.2386864548 -0.277197126
v -0.2073839546 -0.4802500923 0.2209251593
v -0.3567835712 -0.4442006295 -0.0594643969
v -0.3530898427 -0.1601816524 0.4661206304
v 0.1184745857 -0.2777253381 0.1997450669
v 0.2232666833 -0.3038461571 0.1405504826
v 0.6948310999 -0.4213898617 -0.1258250903
v -0.3510842109 -0.472761308 -0.01909491638
v -0.2402634463 -0.4995018697 0.1888908297
v -0.1923519282 -0.4885311854 0.2732825273
v -0.3920923327 -0.4403347125 -0.1015854099
v 0.207329025 -0.04832452417 0.2558161721
v 0.3121211154 -0.07444534558 0.1966216067
v 0.1714153763 -0.1124123734 0.2450736442
v -0.4334389044 -0.1312531928 -0.3155848188
v -0.007716931273 -0.2339779995 0.4833998093
v -0.1315933203 -0.1365823983 -0.3052321028
v -0.6106429253 -0.01717293438 -0.03462834134
v 0.4522483752 -0.2821126907 -0.6350304581
v -0.02680122037 -0.1627032173 -0.3644266872
v 0.1532879349 -0.2053229685 0.2294260655
v -0.3257616655 -0.08591350337 0.5000298364
v 0.7371296351 -0.3508532608 -0.1003722803
v 0.2580800301 -0.2314437875 0.1702314812
v 0.1903288926 -0.1432028831 0.2628154971
v 0.166188147 -0.1407263095 0.2436337126
v 0.287236856 -0.1708992968 0.1752561502
v -0.1404525341 0.4329007823 -0.04289230664
v -0.006681082063 0.4006223271 0.2081666932
v -0.125421225 -0.2867972487 -0.2280202809
v -0.02062912504 -0.3129180677 -0.2872148464
v -0.2009233369 -0.4809322774 0.2458400548
v -0.3736325243 -0.4392583172 -0.07829635394
v -0.3023084281 -0.4883716817 0.06142845745
v -0.2804152314 -0.4936544447 0.1025171334
v 0.2801782221 -0.1813051634 0.1765742549
v -0.1613065971 -0.4532602139 0.2978261283
v -0.3909988734 -0.3978364862 -0.1332547402
v 0.04916552638 -0.05427062444 0.4896710801
v -0.3875987072 0.05111862813 -0.3300374221
v -0.7156320831 -0.390471775 -0.3376226259
v -0.8383885579 -0.3598731109 -0.2682804153
v -0.1759468674 -0.520695402 0.6752454406
v -0.2987033043 -0.4900967379 0.744587689
v 0.7758612897 0.1664427866 -0.2783755281
v 0.6744363321 0.1909161683 -0.4687273929
v 0.03309595895 0.3238681204 0.2918128571
v -0.1946748874 0.3788282303 -0.1356618967
v -0.2892925852 -0.4562799496 0.4461650357
v -0.4120490222 -0.4256812856 0.5155072463
v -0.5849781925 -0.3849323525 -0.1087704623
v -0.7077345918 -0.3543336696 -0.03942825641
v 0.06710617148 0.1676933335 0.4259006268
v -0.3018485666 0.2567204544 -0.2665446185
v -0.3647093768 0.5319233686 -0.1234102559
v -0.4874658138 0.5625220704 -0.05406805119
v -0.05660596174 0.4575793858 0.4548307121
v -0.1793623987 0.4881780498 0.5241729227
v 0.1982801622 -0.1763889569 0.2511109447
v 0.4767686075 -0.485556375 -0.5201509374
v -0.6010928622 -0.2168850907 0.08870749054
v 0.6353698896 -0.5238261295 -0.2224919483
v -0.442491618 -0.2551548735 0.3863664703
v -0.5742156747 -0.2293274375 0.1051737668
v -0.1026512675 -0.3468711232 -0.161201806
v 0.002140832428 -0.3729919422 -0.2203963809
v 0.4737052679 -0.4905356468 -0.4867719632
v -0.2273918174 0.3705637105 -0.1722568575
v 0.04378173097 0.3051307566 0.3366750417
v 0.0602990862 0.2298658427 0.3928024546
v -0.2720104238 0.310050644 -0.2308679602
v -0.339944849 0.2062742807 -0.3003469477
v 0.06802877895 0.1078320614 0.4653280196
v -0.2828231145 -0.495931969 0.1036662397
v -0.3048465946 -0.490617796 0.06233312665
v -0.04698585857 -0.3159555092 0.4522075272
v -0.4386378195 -0.2214516443 -0.2828353086
v -0.103981302 -0.4008898214 0.3887875668
v -0.4277254625 -0.3227718108 -0.218807554
v -0.4001807378 0.4050078676 -0.1302010983
v -0.5229371747 0.4356065694 -0.06085889115
v -0.08439603907 0.3288104327 0.4624559334
v -0.2071524761 0.3594091345 0.5317981441
v -0.4057558173 -0.3321307526 -0.1982889868
v -0.1094045415 -0.4036389859 0.3578959067
v -0.2045795207 0.4018608687 -0.1413586945
v 0.03461097525 0.3441452897 0.3075481911
v -0.4418028639 0.411993262 -0.2069671309
v -0.2950939146 0.3754241002 -0.2898395414
v -0.04420182034 0.3160539108 0.539240795
v 0.1025071125 0.279484749 0.4563684034
v 0.3552445397 -0.1163152193 0.3042783461
v 0.2609543625 -0.0928122791 0.3575406192
v 0.05350625952 0.2630823308 0.3597323702
v -0.2452380368 0.3351679676 -0.2009436382
v -0.2736679034 -0.4892109166 0.0991549272
v -0.2952838845 -0.4839950885 0.0585865826
v -0.277327164 0.3179399431 -0.2352847974
v 0.06175445378 0.2361210688 0.4010952886
v 0.2650231607 -0.2188891558 0.3355691997
v 0.1984510671 -0.1106007639 0.2626661866
v -0.03617442311 0.4208903603 0.1452100108
v -0.1033421734 0.4370976365 0.01915122402
v -0.3658474217 -0.4726145645 -0.04097084373
v -0.2306385958 -0.5052398507 0.2127857509
v -0.1604289114 -0.4522753682 0.296669396
v -0.3894527633 -0.3970129185 -0.1331569852
v -0.1207298526 0.4154624394 -0.02359863589
v -0.0132176481 0.3895202268 0.1781776542
v -0.4284249382 -0.08501991331 -0.3271099721
v 0.009423219898 -0.1906707119 0.4946327593
v 0.1903836052 -0.1415464134 0.2630844449
v -0.006699995994 -0.236436367 0.4898823045
v -0.4384371657 -0.132260119 -0.320391468
v 0.334605684 -0.09066440055 0.3156274601
v -0.3658977456 0.5550973896 -0.135740011
v -0.4886541825 0.5856960536 -0.06639780702
v -0.04473013628 0.477601047 0.467019514
v -0.1674865827 0.5081997111 0.5363617246
v 0.1976253286 0.03509658384 0.2018264488
v -0.2814242764 0.1545060383 0.4724302198
v 0.7814669864 -0.110433705 -0.127971897
v 0.3024174191 0.008975764789 0.1426318645
v -0.05866825039 0.0969390714 -0.279179087
v -0.5377178271 0.2163485353 -0.008575316085
v 0.5251734357 -0.04859121155 -0.6089774423
v 0.04612384718 0.07081825235 -0.3383736525
v 0.2899447572 -0.2251014385 0.3214914962
v 0.1341589611 0.2393524819 -0.0006600999872
v 0.2389510611 0.2132316628 -0.05985467311
v -0.07157514938 0.4087519955 0.05454407893
v 0.7068804069 0.2147116308 -0.3851870488
v -0.05026741626 0.4036105395 0.09453390639
v 0.72818814 0.2095701748 -0.3451972025
v -0.2011287664 0.389143345 -0.1367969732
v 0.03147697737 0.3330166117 0.2997518006
v 0.03946950558 0.2327335496 -0.1653680053
v 0.1442616055 0.2066127306 -0.2245625802
v -0.2997004951 -0.5378159832 0.4637193538
v -0.4224569321 -0.5072173192 0.5330615645
v -0.6138171436 -0.4620210262 -0.1258071484
v -0.7365736184 -0.4314223622 -0.05646494017
v -0.6719859775 -0.28220945 -0.308128879
v -0.7947423767 -0.2516107765 -0.2387866684
v -0.1641207901 -0.40475504 0.6450200719
v -0.2868772271 -0.374156376 0.7143623203
v -0.009800342364 0.3845795001 0.1745705863
v -0.116369342 0.4102941038 -0.0254355288
v 0.1335793728 -0.2969391744 0.2349635437
v 0.238371468 -0.3230599934 0.1757689782
v -0.1568866831 -0.2268510149 -0.3101760573
v -0.05209458322 -0.2529718339 -0.3693706416
v 0.2998566011 -0.1007721633 0.2424731485
v 0.240825107 -0.08605778227 0.2758186552
v -0.5405902531 0.1531366092 -0.004069274806
v 0.5073306895 -0.1080715972 -0.596015019
v -0.1656295819 -0.4617247457 0.3055076762
v -0.4006208548 -0.4050224022 -0.1355181829
v 0.2896443428 -0.1710241391 0.2061415245
v -0.5384683062 0.1992346362 -0.0206544899
v -0.06690388019 0.08169095045 -0.2870300675
v 0.03788821501 0.05557013141 -0.3462246329
v 0.5094526364 -0.06197355903 -0.6126002341
v 0.2145807528 -0.08162335604 0.2705057281
v -0.4017827968 -0.406221285 -0.1360574989
v -0.1659685604 -0.4631222248 0.3065129082
v 0.7284154847 0.1918825531 -0.3735945454
v -0.2168549266 -0.4049108818 0.5517336922
v -0.0701459961 -0.4414800058 0.4688612628
v -0.6252664524 -0.3063629936 -0.2147631344
v -0.4785575408 -0.3429321365 -0.2976355355
v -0.3392294041 -0.477857008 0.001305297231
v -0.2508388634 -0.4991852784 0.1671944738
v 0.05891588934 -0.01099727145 0.4707752319
v 0.8373714338 -0.205037655 0.03104411355
v -0.3620621059 0.09058282006 -0.3193059933
v 0.4163934503 -0.1034575499 -0.7590371022
v -0.2761370586 0.1860660284 0.4495611624
v 0.195427358 0.06852232379 0.1831855801
v 0.3002194579 0.04240151418 0.1239910146
v 0.771783884 -0.07514217861 -0.142384563
v 0.4317099219 -0.5863450167 -0.5554432389
v 0.6282871318 -0.6337782124 -0.1865119404
v -0.4285589213 -0.3021000917 -0.2315560725
v -0.09182600523 -0.3833522465 0.4004160482
v -0.1707282267 -0.4595369966 0.2766766908
v -0.3796368481 -0.4091282543 -0.1153979502
v 0.1978159969 0.01837080727 0.2095445787
v 0.3026080874 -0.007750021215 0.1503500133
v 0.3088688064 -0.1051259729 0.2172446253
v -0.1496991438 -0.2105166359 -0.3046598337
v -0.04490704383 -0.2366374644 -0.363854418
v -0.5589403909 0.1054866206 -0.01552796974
v 0.4889805517 -0.1557215699 -0.6074736903
v -0.06333602749 0.2685923253 0.5263109143
v -0.1860924739 0.2991909893 0.5956531249
v -0.4469873576 0.3611656762 -0.1937165155
v -0.5697437568 0.3917643402 -0.1243743096
v -0.4060842628 0.5601602074 -0.2091162499
v -0.2593753512 0.5235910456 -0.291988651
v -0.006707518152 0.4637923669 0.5404242937
v 0.1400014123 0.4272232051 0.4575519021
v -0.3215205278 0.2472406484 -0.2833114224
v 0.06876460073 0.1530665786 0.4491661972
v -0.4251623039 -0.3209896352 -0.2172076657
v -0.1036605957 -0.3985665602 0.3861789165
v -0.4256203155 -0.08496597463 -0.3250036547
v 0.009282908539 -0.18990617 0.4912120558
v 0.2486217429 -0.2035831982 0.2565542307
v 0.2381878216 -0.2009824099 0.2624480912
v 0.001818738744 -0.2141246288 0.4944835997
v -0.4350578766 -0.1087082547 -0.3254357494
v -0.09159320531 -0.3823011075 0.3990306877
v -0.4271817908 -0.3013250924 -0.230793758
v -0.6278318761 -0.2524628283 -0.2430891726
v -0.7505882754 -0.2218641549 -0.1737469619
v -0.1894093017 -0.3582522323 0.5797315963
v -0.3121657199 -0.3276535494 0.6490737691
v -0.2553353959 -0.5099390755 0.1708658907
v -0.345904172 -0.4880852168 0.0008886150128
v -0.4124166924 -0.3538246357 -0.1846552605
v -0.1266149734 -0.422787303 0.351730418
v -0.05702319137 0.436120983 0.1040154678
v -0.07972569481 0.4415990012 0.06140797679
v -0.2915920436 0.2575323188 0.3906652558
v 0.756328899 -0.003675890512 -0.2012804554
v 0.2695557088 -0.1912775433 0.2116432512
v -0.2800583206 -0.5132394999 0.128828111
v -0.3257316523 -0.5022187182 0.04310951248
v 0.01761088533 0.3627798538 0.2649059962
v -0.1772498711 0.4097988684 -0.1008039479
v 0.1911620211 -0.1558560862 0.2598357035
v 0.06867404816 0.1830126176 0.4055539932
v -0.2826779945 0.2677922773 -0.253854956
v -0.4259904774 -0.3431102899 -0.2053151537
v -0.116203175 -0.4178605825 0.3760860878
v 0.002692111242 -0.2096687368 0.475971844
v -0.4189266713 -0.1079340063 -0.315312058
v -0.1911145003 0.4064819084 -0.1209212571
v 0.02593590328 0.3541085901 0.2864336368
v -0.3967991835 0.4802671941 -0.1574244372
v -0.2500902342 0.4436980701 -0.2402968382
v -0.0522533602 0.3971298564 0.4892107278
v 0.09445556907 0.3605606946 0.4063383362
v 0.01711761773 -0.1675241935 0.4935400173
v -0.4207559996 -0.06186724367 -0.3282505652
v -0.4287549316 -0.06167344666 -0.3350327009
v 0.01818942606 -0.1695191131 0.5037815148
v -0.02114222678 0.4553216815 0.5186084138
v 0.1255667037 0.4187525197 0.4357360222
v -0.3972314858 0.5460703477 -0.1872267341
v -0.2505225364 0.5095011859 -0.2700991352
v -0.1911160859 0.3749748849 -0.1360433984
v 0.03500751659 0.3204122695 0.2883398667
v -0.3141490778 -0.4737091187 0.01763456078
v -0.2496536282 -0.4892715846 0.1386780411
v -0.1505124806 -0.4451972917 0.3174883871
v -0.4001808133 -0.3849534372 -0.1510830225
v -0.5988832922 -0.2652864456 -0.1861829474
v -0.7216397669 -0.2346877722 -0.1168407415
v -0.2210841534 -0.3564476885 0.5228612925
v -0.3438405904 -0.3258490244 0.5922035409
v -0.2300924324 0.3796597638 -0.176727454
v 0.04688211509 0.3128270279 0.3430916213
v 0.1861269418 -0.1507941132 0.2634989658
v 0.2909190323 -0.1769149369 0.2043043815
v -0.1393096758 0.4260291735 -0.04213406468
v -0.007382558635 0.3941957809 0.2054635488
v -0.4152024012 -0.1956119859 -0.2839761282
v -0.0301258535 -0.2885292325 0.4387261222
v -0.3114437815 -0.4830271935 0.04048236361
v -0.2499348077 -0.4978346123 0.1665336188
v -0.3380362408 -0.4765761083 0.001187004935
v -0.2678341824 -0.4935499839 0.1223278345
v 0.02893272796 -0.1446951158 0.4798077479
v -0.4004414933 -0.04108903929 -0.3260313306
v 0.2339667965 -0.07945812969 0.2430483623
v -0.3388804213 0.1789967294 -0.3027691012
v 0.06773940123 0.08088118124 0.4603650945
v 0.06194404612 0.2239541254 0.3842957912
v -0.2647356576 0.3027804836 -0.2288087578
v 0.3108921818 -0.1242268017 0.2335775414
v 0.2201395611 -0.101605507 0.2848415444
v 0.2469626212 -0.2040788017 0.3487960027
v -0.2581664452 0.3224475369 -0.2159417348
v 0.05717296913 0.2463575452 0.3758796201
v 0.2320346685 -0.1566175938 0.3672356514
v 0.1818765831 0.2086556617 0.09735997244
v 0.286668683 0.1825348238 0.03816538811
v 0.0363514156 0.2437702251 -0.1757581244
v 0.1411435155 0.2176494061 -0.2349526899
v 0.1198429719 0.2454923367 -0.02871302575
v 0.2246350647 0.2193715176 -0.08790760064
v -0.4169551299 -0.1956430561 -0.2840491413
v -0.0310567134 -0.2887586158 0.4401955573
v -0.7078975309 -0.4838002863 -0.2827470058
v -0.8306540057 -0.4532016223 -0.2134048046
v -0.2263907759 -0.5999857366 0.6209331612
v -0.3491472129 -0.5693870725 0.6902753341
v -0.5934273969 -0.4166263258 -0.1097425431
v -0.7161838716 -0.3860276617 -0.04040033481
v -0.2965952504 -0.4882506098 0.4473448724
v -0.4193516874 -0.4576519458 0.516687083
v 0.2734024476 -0.08659769055 0.2206183459
v -0.3843646892 0.05013296124 -0.3291019753
v 0.05011707222 -0.05470554577 0.4863227857
v 0.01708983672 -0.1677909517 0.4952738698
v -0.4222206401 -0.06178730541 -0.3292132692
v -0.4675190155 0.4233849984 -0.2575192754
v -0.3208101039 0.3868158366 -0.340391667
v -0.01606374177 0.3144508324 0.5897609633
v 0.1306451887 0.2778817083 0.5068886094
v 0.01881080157 0.3514131094 0.2569178615
v -0.1712254819 0.39726803 -0.09973762305
v -0.0621692531 -0.3421312768 0.4086688648
v -0.4142712015 -0.2571706513 -0.2521474734
v 0.3183411374 -0.0816942939 0.3245894547
v 0.3531007909 -0.1867950547 0.2988482734
v 0.2480312961 -0.0671393794 0.2502597045
v -0.1423833596 -0.3285762737 -0.2396124824
v -0.03759126912 -0.3546970927 -0.2988070667
v 0.07320843203 -0.3805976079 0.1650049314
v 0.1780005296 -0.4067184458 0.105810366
v -0.3052092438 0.2338558895 -0.2757508142
v 0.07034802313 0.1432356191 0.4290859443
v 0.2966478206 -0.1282233725 0.1754400231
v 0.1775255766 -0.09853064653 0.2427293548
v -0.2457492037 -0.4930337959 0.1636124546
v -0.3327786208 -0.4720340088 0.0002777865724
v 0.02977457724 0.508269704 0.5853819917
v -0.09298186919 0.5388684057 0.6547241646
v -0.4176865064 0.6162400522 -0.254402082
v -0.5404429434 0.6468387163 -0.1850598714
v 0.2248236849 -0.210451834 0.2435991314
v -0.3774040226 -0.4428776736 -0.07887559074
v -0.2029547347 -0.4849714777 0.2485265504
v 0.06092396324 0.01414736599 0.4802961879
v -0.3660836759 0.1171823956 -0.3211013633
v -0.2702723807 0.2831350245 -0.2417783918
v 0.06738315582 0.201660263 0.3919253163
v -0.3432105035 0.1815470711 -0.3043199115
v 0.0668395136 0.08260384023 0.4652519486
v -0.2673412499 0.3050934195 -0.2292173138
v 0.06105463123 0.2258529558 0.3871080398
v -0.5629080883 0.09309895813 -0.01708570755
v 0.4850128166 -0.1681092324 -0.6090314282
v -0.004714269131 0.4070060999 0.2102830715
v -0.140406212 0.4397479653 -0.04438024742
v -0.4335523503 0.4161153665 -0.1941802089
v -0.2868434009 0.3795462047 -0.2770526099
v -0.04959784044 0.3234688515 0.5264162433
v 0.09711108884 0.2868996897 0.443543814
v -0.1922385956 -0.3566443027 0.574013322
v -0.3149950326 -0.3260456198 0.6433555704
v -0.6245705254 -0.2523245414 -0.2373766367
v -0.7473269246 -0.221725868 -0.1680344355
v -0.6763253846 -0.4538898855 -0.2400534677
v -0.529616473 -0.4904590473 -0.3229258593
v -0.240438504 -0.5590674276 0.5780085031
v -0.09372955465 -0.5956365894 0.4951360737
v -0.2170255483 -0.4954660671 0.2312114689
v -0.3722476922 -0.4580116503 -0.06010564666
v -0.3740413823 0.3034638767 0.224436997
v 0.6738795225 0.04225568626 -0.3675087331
v -0.5870065512 -0.1434026591 0.04461404778
v 0.4609143914 -0.4046108638 -0.5473316917
v 0.6932710592 0.08230676693 -0.3874581552
v -0.3845904483 0.3509780513 0.2214002728
v 0.7084323308 0.07864841238 -0.359003844
v -0.3694291767 0.3473196967 0.249854584
v -0.3356991055 -0.4949041232 0.02196361428
v -0.2675747482 -0.5113422174 0.1498177239
v 0.1658062441 0.2117907119 0.06752724713
v 0.2705983346 0.185669874 0.008332672239
v 0.3627294355 -0.1500185995 0.2985419508
v -0.02368101626 -0.27049629 0.4535761257
v -0.4218406626 -0.1744221393 -0.293680202
v -0.3824849615 0.0739813337 -0.3286577621
v 0.05332463528 -0.03117756814 0.4892590508
v -0.1393736283 -0.4361994324 0.3367275175
v -0.4087232659 -0.3712065577 -0.1687813093
v 0.2898646467 -0.1902846846 0.2362885949
v 0.2079348937 -0.1698626076 0.2825687769
v -0.5871606564 -0.09379053591 0.02244890197
v 0.460760324 -0.3549987341 -0.5694968186
v -0.3043467156 0.2860905057 0.3554837575
v 0.7435741892 0.02488230574 -0.2364619726
v 0.2516193746 -0.2134155451 0.2297795786
v 0.2871066104 -0.0795698106 0.3424875836
v -0.4237009101 -0.3410746827 -0.2036064253
v -0.1160990917 -0.4152976315 0.3736931923
v -0.002247152507 -0.229651466 0.4620987584
v -0.412446177 -0.130672276 -0.3077527901
v -0.02535211496 -0.2717377574 0.4584057094
v -0.4268705604 -0.1748531579 -0.2951543373
v -0.6516779268 -0.2622786775 -0.2809724562
v -0.7744344016 -0.231680004 -0.2116302455
v -0.1728336946 -0.3778216392 0.6177107709
v -0.2955901316 -0.3472229752 0.6870529438
v 0.04960014333 -0.05448035295 0.4879842292
v -0.3859936657 0.05062648838 -0.3295276142
v -0.3705872303 0.09425123561 -0.3241798605
v 0.05849354899 -0.00928404111 0.4811084677
v 0.5035098866 -0.09967337982 -0.6430896806
v -0.5743515832 0.168997904 -0.03423123372
v 0.7918342371 -0.1692447572 -0.1019695496
v -0.2860272327 0.09942651767 0.5068888737
v -0.1534124846 -0.273282716 -0.2835367662
v -0.04862039412 -0.2994035351 -0.3427313317
v 0.1088148143 -0.3365569901 0.2086050547
v 0.2136069118 -0.3626778092 0.1494104703
v 0.07032188434 0.1008933667 0.4477240571
v -0.3249582575 0.1962726994 -0.294128096
v -0.4431346161 -0.1791275602 -0.3072994786
v -0.02501261744 -0.2800185296 0.4774217233
v 0.3072058339 -0.1019303415 0.2181062474
v -0.1330959585 -0.2381548072 -0.2630713449
v -0.6121455447 -0.1187453409 0.007532430779
v 0.4507457181 -0.3836850901 -0.5928696813
v -0.02830386805 -0.2642756262 -0.3222659103
v 0.1071908517 -0.2961349359 0.1878930915
v -0.3718587297 -0.176725472 0.4584968436
v 0.6910325331 -0.4416652188 -0.1419052543
v 0.2119829469 -0.3222557549 0.1286985072
v -0.2937902879 -0.4833498629 0.05792988976
v -0.2722203269 -0.4885545918 0.09841182865
v -0.291029609 0.2740284006 -0.2550293186
v 0.06558838746 0.1879780721 0.4142626317
v -0.176931581 -0.3708100069 0.6073622454
v -0.2996880369 -0.3402113429 0.6767044183
v -0.6447676596 -0.2579232728 -0.2706610413
v -0.7675240589 -0.2273245994 -0.2013188306
v 0.2991836465 -0.09018896505 0.2221762725
v 0.228344753 -0.07253140954 0.2621914884
v -0.3451636218 0.3298538324 0.263914204
v 0.126400809 0.2123101278 -0.002461368827
v 0.2311929042 0.1861893087 -0.06165594195
v 0.7027573208 0.068645623 -0.328031526
v -0.3549188312 -0.478593481 -0.0197123562
v -0.2425322498 -0.5057118684 0.1912120712
v -0.4198637981 0.2982106738 0.1456357064
v 0.6280571067 0.03700248334 -0.4463100425
v -0.2954914469 0.2676442503 0.3793000593
v 0.7524294579 0.006436059818 -0.2126456802
v 0.2594323573 -0.2037738004 0.2507695124
v 0.2285443497 -0.1960745467 0.2682174066
v 0.2335467638 -0.1744533227 0.3629316183
v -0.6639142968 -0.4586466072 -0.2159830453
v -0.5172053474 -0.495215769 -0.2988554463
v -0.2536724045 -0.5576361224 0.5539489251
v -0.1069634551 -0.5942052842 0.4710764957
v -0.3963104037 0.5434366676 -0.1844339939
v -0.2496014921 0.5068675436 -0.2673064044
v -0.02318933898 0.4534042392 0.5158305198
v 0.1235195915 0.4168350774 0.4329581282
v -0.2978239009 0.2810793331 -0.2587895479
v 0.06558493076 0.1933903823 0.4232473155
v -0.3131063576 0.2628136473 0.3502479962
v 0.734814585 0.001605437919 -0.2416977528
v -0.0008455206957 0.5148230981 0.5282834372
v -0.1236019577 0.5454217621 0.5976256101
v -0.3874563809 0.6081105349 -0.1972983743
v -0.5102128178 0.6387092744 -0.1279561684
v -0.03351463732 0.2588917435 0.5833842879
v -0.1562710743 0.2894904453 0.6527264608
v -0.4779783819 0.3661388699 -0.250774439
v -0.6007348189 0.3967375339 -0.1814322378
v 0.2950149556 -0.08562462233 0.2242910463
v -0.1917955151 0.4129497557 -0.1235294118
v 0.02837096343 0.3598245992 0.2896736575
v -0.5316949291 0.2118668962 -0.01423783008
v -0.06013050305 0.09432321048 -0.2806134124
v 0.04466159452 0.06820239143 -0.3398079778
v 0.5162260135 -0.04934130372 -0.6061835412
v -0.2034964244 -0.4864134668 0.2493664837
v -0.3785493914 -0.4441739763 -0.07916866112
v -0.0147377185 0.4145194233 0.1891322183
v -0.1279292085 0.4418320465 -0.02330279897
v 0.1908500922 -0.1359100358 0.2637871673
v 0.05120757976 -0.05313033805 0.5119623754
v -0.4045950078 0.05685278666 -0.3434768275
v -0.2321626585 0.3469199747 -0.1853975191
v 0.04937121775 0.2789871352 0.3429783643
v 0.05282302914 -0.03028923155 0.4961915164
v -0.3883548492 0.07616500562 -0.331800344
v -0.01543004956 -0.2513445469 0.4646958941
v -0.4242867889 -0.1526892438 -0.3026364583
v -0.2331810661 -0.4116312546 0.5257970292
v -0.08647213564 -0.4482004164 0.4429246375
v -0.6139180179 -0.3197611169 -0.1887608295
v -0.4672091064 -0.3563302786 -0.27163324
v -0.2715117529 -0.5223818376 0.5068112171
v -0.1248028225 -0.5589509616 0.4239388255
v -0.6316225905 -0.4354887065 -0.1690359584
v -0.4849136411 -0.4720578305 -0.2519083689
v -0.007632979466 -0.232442394 0.4783705156
v -0.4291085202 -0.1307422358 -0.3126444953
v -0.4231112183 -0.0140141096 -0.3447117638
v 0.03432178275 -0.1243906469 0.5137873244
v 0.3424654796 -0.2016030776 0.3014059579
v 0.2742825873 -0.1880005442 0.2101505796
v 0.3536186211 -0.1131303111 0.3052141516
v 0.2635977638 -0.0906914218 0.356064804
v -0.02447607149 -0.2808897785 0.4788469504
v -0.4440920915 -0.1796383118 -0.3086781381
v -0.3299049868 -0.4701508079 -0.0004301975624
v -0.2433517402 -0.4910357146 0.1620108485
v -0.02490338099 0.5007053394 0.4919235745
v -0.147659818 0.5313040034 0.5612657852
v -0.3727017021 0.5846275109 -0.1608158259
v -0.4954581391 0.6152261749 -0.09147362
v -0.3924597009 0.5180438273 -0.1664119996
v -0.2457507893 0.4814746655 -0.2492844101
v -0.03846364118 0.4326261717 0.4979591951
v 0.1082452916 0.3960570099 0.4150868035
v -0.1885350893 0.3726615714 -0.1365843472
v 0.03666112179 0.3183227142 0.2860584162
v -0.3915417901 0.4206178637 -0.1217957905
v -0.5142982271 0.4512165655 -0.05245358574
v -0.08477231683 0.3465957952 0.453941644
v -0.2075287538 0.3771944593 0.5232838547
v -0.4131591303 -0.2165036597 -0.2742547638
v -0.03914209825 -0.3067522959 0.4276912211
v -0.09862528049 -0.3903905508 0.373808186
v -0.4113268196 -0.3149370639 -0.2130624662
v -0.3419775115 -0.4511517825 -0.0415840081
v -0.2144273555 -0.4819290907 0.1977990272
v 0.7006216322 -0.4493210951 -0.1398537487
v -0.3772398754 -0.1806498108 0.469004684
v 0.4536601624 -0.3897303942 -0.6033449792
v -0.6242013073 -0.1210591193 0.005513462964
v -0.3724998403 -0.4217882624 -0.09717680272
v -0.1829728267 -0.467520299 0.258522903
v 0.345750973 -0.1014262973 0.3095727369
v 0.2749118436 -0.08376872465 0.3495880849
v -0.4421050716 -0.1786366474 -0.3059663107
v -0.0254733661 -0.2791680256 0.4759579512
v -0.07941297315 -0.3644043566 0.409529392
v -0.4270375768 -0.2805241092 -0.2428839507
v -0.3623741669 -0.4150126201 -0.09675405181
v 0.4160814271 -0.6090530225 -0.5364851749
v -0.1769009072 -0.4597664932 0.2513376099
v 0.6015546491 -0.6538068578 -0.1883934896
v 0.2352436945 -0.1813775819 0.3605042171
v 0.2931390031 -0.07856917726 0.338977105
v -0.1400280088 0.4294508963 -0.04241939465
v -0.0071929191 0.3973983889 0.2068822447
v 0.2645334182 -0.1941160676 0.2133435419
v -0.5844791818 -0.00863254866 -0.01038189385
v 0.463441723 -0.2698407391 -0.6023276286
v 0.3477121702 -0.1952042888 0.300053744
v -0.2415369466 -0.5025291558 0.1901234254
v -0.3531306907 -0.4756020974 -0.0193129976
v 0.05522791336 -0.02936140127 0.5081371554
v -0.3966912495 0.07968465799 -0.3400136904
v 0.02616626817 -0.1445492643 0.4862440342
v -0.4072589652 -0.03996569899 -0.3271978596
v -0.4092030984 -0.01602228968 -0.3318340757
v 0.03139282737 -0.1223361117 0.4950655901
v -0.1673426141 -0.4573272378 0.2733131067
v -0.374740405 -0.4072830701 -0.1159259877
v 0.0691358185 0.1021235084 0.4507876232
v -0.3280073268 0.1979523773 -0.2945609457
v -0.661957441 -0.4585636275 -0.2125555275
v -0.5152485294 -0.4951327515 -0.2954279286
v -0.255369977 -0.5566713609 0.5505179908
v -0.1086610277 -0.5932405227 0.4676455614
v -0.241746963 -0.3703682288 0.4924246616
v -0.3645034 -0.3397695459 0.5617668722
v -0.5870490604 -0.2870483774 -0.1556298599
v -0.7098054596 -0.2564497039 -0.08628765638
v -0.217398636 -0.4970441912 0.2318812713
v -0.3731730026 -0.4594565085 -0.06047228577
v -0.2556968369 -0.5116150537 0.1712383366
v -0.3465896039 -0.4896830476 0.0006530733295
v -0.4079232179 -0.3141090036 -0.2128746765
v -0.09677443336 -0.3891877984 0.3710817862
v 0.09206504785 -0.3178765002 0.1707098036
v -0.3869845519 -0.1984670363 0.4413135556
v 0.6759067109 -0.4634068021 -0.1590885423
v 0.1968571436 -0.3439973193 0.1115152381
v -0.1298269441 -0.2643349541 -0.2457316678
v -0.6088764925 -0.1449254902 0.02487209373
v 0.4540147326 -0.409865237 -0.575530023
v -0.02503484414 -0.2904557731 -0.3049262521
v -0.3401321007 0.2849935354 0.2926170201
v 0.7077888419 0.0237853449 -0.2993287099
v 0.201053205 -0.08768081043 0.2620728705
v 0.3058452955 -0.1138016307 0.2028782862
v 0.2597681645 -0.07995505218 0.2281032229
v 0.2545445406 -0.07865297098 0.2310539283
v 0.1668152703 -0.1323460716 0.2448509808
v -0.6703662503 -0.3328286993 -0.282924725
v -0.5236573387 -0.3693978422 -0.3657971355
v -0.1891952459 -0.4489331141 0.6201252607
v -0.04248631542 -0.4855022759 0.5372529068
v -0.04705663481 0.3194243658 0.5326996326
v 0.09965230154 0.282855204 0.449827241
v -0.4376958604 0.4136838503 -0.2004424946
v -0.290986911 0.3771147263 -0.2833148956
v 0.1600067551 0.2186554309 0.05423122514
v 0.264798855 0.192534593 -0.004963349754
v 0.7666544711 -0.4558961591 -0.02005448223
v 0.39199731 -0.365493078 -0.723201884
v 0.2950383243 -0.1506598516 0.1744192559
v -0.6890433991 -0.3867934117 -0.2921758083
v -0.5423344875 -0.4233625735 -0.3750482188
v -0.1978220184 -0.5053229436 0.6297364826
v -0.05111308797 -0.5418921054 0.546864091
v -0.6106510043 -0.3834697318 -0.1548645158
v -0.4639420928 -0.4200388936 -0.2377369263
v -0.2658294567 -0.4666736269 0.4922882246
v -0.1191205073 -0.5032427887 0.4094158329
v -0.4524987489 0.5410544183 -0.2828529389
v -0.3057897995 0.5044852565 -0.3657253494
v 0.02555551523 0.4257020494 0.6143476398
v 0.1722644457 0.3891329253 0.5314752481
v -0.6028484224 -0.01624702003 -0.03954083394
v -0.1312839963 -0.1337907128 -0.3059164021
v -0.02649189642 -0.1599115342 -0.3651109864
v 0.4450725202 -0.27745522 -0.6314865687
v -0.5327103543 -0.2714100292 0.1972204346
v 0.5152105883 -0.5326182385 -0.3947252955
v -0.1491487144 -0.1808159117 -0.3167914975
v -0.04435662389 -0.2069367308 -0.3759860629
v -0.2420868852 -0.4901463823 0.1611815991
v -0.3284191672 -0.4693147819 -0.0008447373342
v 0.1929713783 -0.05153814177 0.2318169224
v 0.2977634783 -0.07765896318 0.172622338
v 0.3087673658 -0.1049198023 0.2172976107
v -0.2041472562 0.3986903879 -0.1399210894
v 0.03334240163 0.341385177 0.3057937258
v -0.4048831715 -0.4100131508 -0.1379727799
v -0.1665452088 -0.4675230172 0.3093341042
v 0.2362744283 -0.06940752694 0.2573522778
v -0.2279681638 -0.3598870416 0.5121922495
v -0.3507245819 -0.3292883775 0.5815344224
v -0.5943810214 -0.2714732644 -0.175482485
v -0.7171374962 -0.2408745815 -0.1061402791
v -0.4097513004 -0.151536216 -0.296890153
v 0.3687042559 -0.3455765948 -0.7366212618
v -0.01182862557 -0.2475531813 0.4499214331
v 0.7666269118 -0.4415935649 0.01019031479
v -0.05532364626 0.2623915382 0.5432314836
v -0.1780800832 0.2929902022 0.6125736564
v -0.4569924499 0.3593124129 -0.2106107809
v -0.5797488868 0.389911077 -0.1412685702
v 0.06550924318 0.05974831705 0.4707065603
v -0.3508377635 0.1602109859 -0.3106833546
v 0.652648993 0.07764974925 -0.4573163273
v -0.4252124768 0.3463210336 0.1515421195
v 0.7423026143 0.05601674181 -0.289056633
v -0.3355588933 0.3246880261 0.3198018139
v -0.01942634434 0.1952328673 -0.2530833355
v 0.08536574983 0.1691120483 -0.3122779199
v 0.2087044661 0.140185927 0.1750670109
v 0.313496566 0.1140651079 0.1158724266
v 0.06831275691 0.1752280625 0.4395757391
v -0.3115812001 0.2668947905 -0.2733999749
v -0.4332364763 0.3680358504 -0.17240496
v -0.5559929133 0.3986345144 -0.103062754
v -0.07232941319 0.2809505598 0.5049366237
v -0.1950858407 0.3115492616 0.5742787966
v 0.217181173 -0.07949325826 0.2689591272
v -0.02020198542 0.3122025662 0.5834271746
v 0.126506945 0.2756334421 0.5005547452
v -0.4648969254 0.4195054905 -0.2511654402
v -0.3181879761 0.3829363287 -0.3340378319
v -0.4561175389 0.5351627097 -0.2866594337
v -0.3094085896 0.4985935857 -0.3695318442
v 0.02601535783 0.4188262123 0.6181958132
v 0.1727242883 0.3822570883 0.5353233838
v -0.1293419395 -0.02130256105 -0.352116115
v -0.02454984903 -0.04742338009 -0.4113106993
v 0.2447256996 -0.1121609191 0.3658331513
v 0.1903550266 -0.1473017982 0.2620291533
v -0.2763476035 0.08584941049 0.4934110552
v 0.7715733013 -0.1753587894 -0.09853468426
v 0.1905143133 -0.1502207445 0.261364976
v -0.1000464491 -0.390687794 -0.1372555181
v 0.004745641341 -0.416808613 -0.1964500883
v 0.2631244058 -0.2178645945 0.3368100442
v 0.2240672126 -0.2101742503 0.244058521
v 0.2365885562 -0.213295285 0.2369855223
v 0.4144736674 -0.5454963608 -0.6039818615
v 0.6626560106 -0.6053816434 -0.1381993082
v 0.0701883802 0.08851110277 0.4830618879
v -0.355296015 0.1911785849 -0.3154768848
v -0.1525176216 0.4245866559 -0.06238331487
v 0.001618009454 0.3873944292 0.2268946944
v 0.2436469448 -0.2000581567 0.2217709443
v -0.06730371542 0.4446224366 0.08288208455
v 0.1680072538 -0.1611532565 0.2379559466
v 0.06470196444 0.2204659208 0.3788804419
v -0.259111802 0.2986007312 -0.2288453399
v -0.6145292286 -0.3987508672 -0.1549869467
v -0.4678202793 -0.435320029 -0.2378593384
v -0.2695239402 -0.4819990835 0.4925105482
v -0.1228150098 -0.5185682453 0.4096381188
v 0.1958245506 -0.1716040248 0.2536409945
v -0.06553068534 -0.344068709 0.4145038315
v -0.4211505873 -0.2582592216 -0.2529149034
v 0.04737374046 0.2897999769 0.320723953
v -0.2139121113 0.352847095 -0.1696509537
v 0.2988024987 -0.1298663103 0.2063548631
v 0.2012537267 -0.1055510996 0.2614578468
v 0.3122984005 -0.1331230954 0.2316844682
v 0.2147502043 -0.1088079097 0.2867871499
v 0.2414658117 -0.1181248939 0.3671792871
v -0.3575709721 0.1642761599 -0.3145192208
v 0.06528761088 0.0622422756 0.4790914724
v 0.1669238461 -0.1550327828 0.240072023
v -0.4284159154 -0.1080187515 -0.3197802195
v 0.0009987669566 -0.2116345965 0.4861347789
v 0.01093759913 0.1864228448 -0.1954424684
v -0.4681119918 0.3058323087 0.07516130254
v 0.5947792711 0.04089255242 -0.5252408237
v 0.1157296967 0.1603020258 -0.2546370338
v 0.1776478565 0.1461964044 0.1174352609
v -0.3014017297 0.2656058495 0.3880390508
v 0.7614894954 0.0006661120503 -0.2123630754
v 0.282439947 0.1200755854 0.05824069549
v 0.2744044896 -0.1876748546 0.1778545129
v -0.05189480718 -0.3929478389 -0.05101542262
v -0.5309444122 -0.273538375 0.2195883483
v 0.5319468883 -0.5384781219 -0.380813759
v 0.05289728566 -0.419068658 -0.1102099975
v -0.03714329964 -0.39650732 -0.02333015527
v -0.5161929047 -0.2770978373 0.2472736062
v 0.5466983581 -0.542037603 -0.3531285011
v 0.06764879203 -0.4226281391 -0.08252472899
v -0.3451475393 -0.4865139636 0.001080850022
v -0.2549010927 -0.5082900525 0.1704531253
v 0.2363611077 -0.13077643 0.3687059925
v -0.3463000055 -0.4676428809 -0.01920950895
v -0.2369350096 -0.4940321948 0.1860440754
v -0.1208405992 -0.3581492628 -0.1884256546
v -0.01604849926 -0.3842700818 -0.2476202295
v -0.2249043712 -0.4067742815 0.5383060089
v -0.07819544071 -0.4433434244 0.4554336172
v -0.6189941245 -0.3116821688 -0.2013120352
v -0.472285213 -0.3482513305 -0.2841844457
v 0.06825831329 0.0870241695 0.4784011328
v -0.3527207001 0.1886045158 -0.3116820555
v 0.2755040837 -0.08375357297 0.2576369306
v 0.2702806296 -0.08245155666 0.2605875417
v -0.2608392367 -0.497901585 0.1454338823
v -0.3268960861 -0.4819623505 0.02146004501
v -0.4120692952 -0.1083325114 -0.313927377
v 0.005378668168 -0.2090608389 0.4695288
v 0.2788302175 -0.1829269387 0.1768587756
v 0.1905634668 -0.1387198141 0.263478051
v 0.04052659521 0.3005224017 0.3007562398
v 0.8189821845 0.1064820182 -0.1389748926
v -0.200277092 0.3586272454 -0.1511782623
v 0.5781784642 0.1645868807 -0.5909093901
v 0.2329035768 -0.1997960704 0.2270561046
v 0.2224686173 -0.1971949234 0.2329505879
v -0.4319301692 -0.06183498428 -0.3392220235
v 0.01981654799 -0.1708394499 0.5086052092
v 0.01119669356 -0.1930382944 0.5028683985
v -0.4344240522 -0.08551200468 -0.333461712
v -0.5734904519 0.1158486426 -0.04585837259
v -0.1019260258 -0.001695043141 -0.3122339572
v 0.00286607411 -0.02781586219 -0.3714285227
v 0.4744304907 -0.1453595526 -0.6378040861
v 0.7180400796 0.1938236284 -0.3928186881
v 0.7385282845 0.1888799193 -0.3543669295
v 0.1661527164 -0.1443470768 0.2429103208
v 0.2853540893 -0.1740595515 0.1755763091
v -0.6235990817 -0.3074205693 -0.2113447528
v -0.4768901701 -0.3439897122 -0.2942171538
v -0.2188282423 -0.4050899601 0.5483193312
v -0.07211931188 -0.441659103 0.4654469395
v 0.6167653008 -0.6412902899 -0.2035941275
v 0.4384256512 -0.5982577356 -0.5382976656
v 0.04857257368 0.282442231 0.3468621381
v -0.2354311444 0.3509710293 -0.1861491119
v -0.4194049937 -0.3178648914 -0.2147197759
v -0.102126623 -0.3944227481 0.3807405383
v 0.4813867403 -0.4950180221 -0.5078003289
v -0.5964747672 -0.2263467566 0.1010580991
v 0.6268538635 -0.5301186171 -0.2347911476
v -0.4510076062 -0.2614473328 0.3740672804
v 0.1904843568 0.1013996069 0.1599272392
v -0.2885652105 0.220809052 0.4305309913
v 0.7743260523 -0.04413068546 -0.1698711066
v 0.2952764661 0.07527878788 0.1007326549
v -0.02137093057 0.1525193393 -0.2376776174
v -0.5004204979 0.2719288032 0.03292615356
v 0.562470765 0.006989046926 -0.5674759726
v 0.08342116427 0.1263985203 -0.2968721828
v -0.3629620844 0.1158514929 -0.3202126351
v 0.06181406239 0.0133548968 0.4769968961
v -0.4056042793 0.007298701208 -0.3337734898
v 0.03746659668 -0.09961232069 0.4977711128
v -0.1453963753 -0.1348353371 -0.3304385975
v -0.04060427541 -0.1609561562 -0.3896331441
v -0.3827841112 -0.4106757613 -0.1153224266
v -0.1727262137 -0.4613617946 0.278909101
v -0.2469449719 0.3096555278 -0.2121845917
v 0.5315105843 0.1156151442 -0.6519156912
v 0.05906821775 0.2358159164 0.3621335334
v 0.8375238023 0.04177552345 -0.0775976038
v 0.6522868346 -0.5091051636 -0.1990398057
v -0.4255746351 -0.2404338699 0.4098186128
v 0.4686319172 -0.4647900485 -0.5437189043
v -0.6092295525 -0.1961187547 0.06513954259
v 0.1738706009 -0.1060713297 0.244286583
v -0.01906584707 0.3920899543 0.1548537186
v -0.1046407413 0.4127387955 -0.005751147093
v -0.5889102517 -0.1326625473 0.03650464299
v 0.4590106909 -0.3938707519 -0.5554410871
v 0.2947498585 -0.1608835442 0.2052423766
v 0.2908322208 -0.163632855 0.1747330724
v -0.4948017011 0.2677331194 0.02642206399
v 0.5531192038 0.006524909994 -0.5655236472
v -0.5100929541 0.2469594311 0.008518777209
v 0.5378279507 -0.01424876882 -0.5834269481
v -0.04659890634 -0.317812661 0.4551582515
v -0.4410335086 -0.2226373515 -0.2851069623
v -0.2973073731 -0.497708897 0.08427986562
v -0.04442628642 0.4133769236 0.1200419103
v -0.08815830698 0.4239292741 0.03796672576
v 0.2875384785 -0.07912634072 0.2281391442
v 0.2990885483 -0.1329093132 0.2060124303
v 0.2679100269 -0.2202669281 0.3337365869
v -0.02044864989 -0.2694649899 0.4474451804
v -0.4148869425 -0.1742887979 -0.2928269799
v -0.1959541072 -0.4195986633 0.5952156506
v -0.04924518622 -0.4561678251 0.5123432589
v -0.6506709204 -0.3098775494 -0.2581857178
v -0.5039619711 -0.3464466923 -0.3410581283
v 0.3448564875 -0.1988602177 0.3007707368
v 0.2329460765 -0.1709648632 0.3639863059
v 0.4199567067 -0.1748681834 -0.7578225333
v 0.830859907 -0.2740173014 0.01335062134
v -0.4192470379 -0.0619658835 -0.3273608554
v 0.01722825574 -0.1672854193 0.4918053342
v 0.1937735688 -0.1664507854 0.25600584
v 0.06316384134 0.2221524696 0.3815440973
v -0.2619833974 0.3006090812 -0.2286843261
v -0.2256460729 -0.491655193 0.2068051166
v -0.3567026301 -0.4600318167 -0.03915864558
v -0.2085090882 -0.4811843877 0.2218944134
v -0.3583101256 -0.4450380523 -0.05924853599
v 0.1997471999 -0.1081474015 0.2621279889
v 0.2866552432 -0.2249396036 0.3231477677
v 0.2815622235 -0.2243203044 0.3258242589
v 0.2932241724 -0.1572664388 0.1744892488
v -0.6465247299 -0.3072642934 -0.2519988802
v -0.4998157806 -0.3438334363 -0.3348712907
v -0.1984128428 -0.4153916915 0.5890065957
v -0.05170390294 -0.4519608533 0.5061341663
v -0.2607392684 -0.4519664029 0.4948094781
v -0.114030338 -0.4885355646 0.4119370864
v -0.6082999385 -0.3681015772 -0.157483916
v -0.4615910269 -0.4046707201 -0.2403563171
v 0.04569197199 -0.07756042245 0.4857779436
v -0.38881909 0.02728514897 -0.3297018225
v 0.2755668281 -0.08816392028 0.2194571966
v 0.2990685018 -0.1420938698 0.2052896614
v 0.1958500145 -0.1163655172 0.2635953099
v 0.003895448791 0.3358523423 0.6156508512
v 0.150604384 0.2992832183 0.5327784973
v -0.4752356353 0.451464523 -0.2835706301
v -0.3285266859 0.414895399 -0.3664430217
v 0.275713194 -0.1868754861 0.2097200895
v -0.3088489109 0.2634418088 -0.2705241323
v 0.06713161539 0.1727193805 0.4351069169
v 0.05147975067 0.4621619936 0.6441525982
v -0.07127668868 0.4927606576 0.7134947711
v -0.4584765706 0.5852121439 -0.3129209747
v -0.5812330076 0.6158108834 -0.243578764
v -0.410934346 -0.3529909126 -0.184224138
v -0.1260453281 -0.4217333704 0.3504486499
v 0.1662512312 -0.139079915 0.2439234997
v 0.2579364956 -0.2123940418 0.2271052204
v 0.2594514977 -0.09411664373 0.3583701518
v -0.09357120238 -0.3878622565 0.3671268868
v -0.4027380825 -0.3132616708 -0.2131100059
v -0.1447733859 0.4071706624 -0.06250394663
v 0.004244809116 0.3712132399 0.2171697623
v 0.2320393026 -0.1602466242 0.3665753249
v 0.3512488301 -0.189961194 0.2992367074
v 0.1907846013 -0.1530762479 0.2606314477
v 0.07025254388 0.06606977958 0.4934418989
v -0.3661302623 0.1713669966 -0.3255507242
v -0.3034808276 -0.5100969559 0.08597654156
v -0.554715298 0.1177104945 -0.01344238789
v 0.4932056069 -0.1434977101 -0.6053880991
v -0.4222287569 -0.1078706219 -0.3164943486
v 0.001807365846 -0.2101886434 0.4793262921
v -0.3350804199 0.2024742227 -0.297030856
v 0.06765147127 0.1052968206 0.4588065262
v -0.4359720122 -0.1765202643 -0.3000941579
v -0.02660722043 -0.2752981634 0.4681917247
v 0.219762113 0.01871969569 0.2482418032
v 0.3245542129 -0.007401123357 0.1890472378
v -0.08595813728 0.09248861575 -0.3255264871
v 0.01883396264 0.0663677967 -0.3847210715
v 0.7835220738 -0.02843398627 -0.1788202465
v -0.2943394337 0.2402372839 0.430038172
v 0.5766387343 0.02148603751 -0.5670938433
v -0.5012227732 0.290157303 0.04176459415
v -0.1957658551 0.3802022652 -0.1356507975
v 0.03261700422 0.325094468 0.2929726096
v -0.5875423327 -0.04616770834 0.0007586006094
v 0.4603786099 -0.3073759083 -0.5911871342
v 0.3050479846 -0.0785730516 0.3321083654
v -0.04766573136 0.4121390993 0.4907090812
v 0.09904319909 0.3755699375 0.4078366895
v -0.393861144 0.4956744979 -0.1590220415
v -0.2471522324 0.4591053361 -0.2418944426
v 0.5489441704 -0.6646794616 -0.3133369113
v 0.4876831541 -0.6498974501 -0.4283100578
v -0.294360273 0.01908658255 0.509286224
v 0.7685309898 -0.2458531737 -0.09111589988
v -0.1104254974 -0.02911300491 -0.3151818313
v -0.5894751025 0.09029646843 -0.04457806742
v 0.4734161604 -0.1746432879 -0.6449801677
v -0.005633406926 -0.05523382396 -0.3743764156
v -0.6269932453 -0.3054916503 -0.2182045073
v -0.4802842959 -0.3420607932 -0.3010769084
v -0.2149158522 -0.4049240762 0.5551722525
v -0.06820691228 -0.4414932191 0.4722998609
v 0.5446003841 -0.5510451647 -0.3711701833
v -0.5332611234 -0.2823738804 0.2376882635
v -0.6424047395 -0.3053866044 -0.2455338265
v -0.4956957902 -0.3419557473 -0.328406237
v -0.2011917939 -0.4118492933 0.5825238362
v -0.05448286348 -0.4484184362 0.4996514446
v -0.5847847494 -0.153767555 0.05312106041
v 0.4631362309 -0.4149757549 -0.5388246508
v -0.4130699592 0.3007357403 0.1565485919
v 0.6348509456 0.03952754039 -0.4353971193
v -0.04337604413 0.4227794883 0.4936078205
v 0.1033328875 0.3862103265 0.4107354289
v -0.3926988244 0.5070695187 -0.1619926802
v -0.2459899128 0.470500357 -0.2448650813
v -0.3951281886 0.05351628041 -0.3337969907
v 0.04825709846 -0.05347060478 0.4983377002
v 0.1922418895 -0.1612405588 0.2580533769
v 0.2130249875 -0.1923351662 0.2390973892
v 0.02805606629 0.3279924523 0.2665579262
v 0.806511599 0.1339520688 -0.1731731733
v -0.1763842284 0.3773229683 -0.1171306324
v 0.6020713279 0.1832826036 -0.5568617461
v 0.03095871771 0.3280241266 0.667015351
v -0.09179772871 0.3586227906 0.7363575239
v -0.5029049806 0.4568430638 -0.3349270698
v -0.6256614176 0.4874417278 -0.2655848591
v 0.2764914777 -0.1862342812 0.2094902153
v -0.2960980141 -0.02104841217 0.5056177895
v 0.1754664025 -0.1385921026 0.2392422261
v 0.2802585025 -0.1647129217 0.1800476607
v 0.7518229285 -0.2822566027 -0.08632792281
v -0.02585721321 -0.2783403429 0.4744592958
v -0.4410060627 -0.1781667863 -0.3046819
v -0.388864053 0.4261751242 -0.1195076861
v -0.51162049 0.4567738259 -0.05016548018
v -0.08455329652 0.352746334 0.4516153437
v -0.2073097335 0.383344998 0.5209575543
v 0.01898567993 0.3687532962 0.2683012923
v -0.1786283419 0.4164366768 -0.1025758831
v 0.0358507627 0.3397237712 0.6705130315
v -0.08690566485 0.370322473 0.7398552044
v -0.5017825274 0.469452276 -0.338504068
v -0.6245389644 0.5000509778 -0.2691618574
v 0.2131636991 -0.1113859398 0.287301035
v 0.3124989788 -0.136146578 0.2311888741
v -0.2834638476 0.294179175 -0.2441403115
v 0.06305061022 0.2105667805 0.4061895541
v -0.03272057309 -0.2893649753 0.443223674
v -0.420437785 -0.1958105445 -0.2844345173
v -0.6162927923 -0.3153942827 -0.1948917653
v -0.469583843 -0.3519634256 -0.2777641664
v -0.2290347812 -0.408837901 0.5319046057
v -0.08232583187 -0.4454070438 0.4490321763
v -0.4103269861 -0.1084873869 -0.3137906946
v 0.006231909221 -0.2090011807 0.4679968848
v 0.1838889631 -0.0885236802 0.2394328378
v 0.2326562139 -0.1477735706 0.368382417
v -0.3937489062 0.02859256977 -0.3309849685
v 0.04410391904 -0.07705935899 0.4907665025
v -0.3346718261 -0.4603228874 -0.0215877518
v -0.2276639742 -0.4861433864 0.1792420065
v 0.2439162701 -0.2000354109 0.2216475885
v 0.03104035719 0.2275306706 -0.1779942438
v 0.1358324524 0.2014098516 -0.2371888187
v -0.130565569 0.4091902626 -0.04394911549
v -0.00274315243 0.3783472653 0.1959448579
v 0.03810824992 0.3457581837 0.6718465958
v -0.08464818707 0.3763568477 0.7411888442
v -0.5009678315 0.4758348407 -0.3398781972
v -0.6237242685 0.5064335047 -0.2705360055
v -0.3802685961 0.3044961772 0.2129574675
v 0.6676523465 0.04328797731 -0.3789882626
v -0.2869213218 0.1150844593 0.4617918694
v 0.7609996208 -0.1461237311 -0.1301538653
v -0.6907234546 -0.4056660988 -0.286822052
v -0.544014543 -0.4422352417 -0.3696944436
v -0.2051440883 -0.5228342241 0.6245014386
v -0.05843515789 -0.5594033858 0.541629047
v 0.2200066067 0.03524681935 0.2413817089
v 0.3247986972 0.009126000299 0.1821871246
v -0.07845753646 0.1072648888 -0.3187685318
v 0.02633455403 0.08114406979 -0.3779630973
v -0.1677751617 -0.3902607393 0.6321548987
v -0.2905316176 -0.3596620753 0.7014970716
v -0.6619751091 -0.2710125157 -0.2953474972
v -0.7847315083 -0.2404138422 -0.2260052866
v 0.3515932071 -0.1893979288 0.2991621088
v -0.295899852 0.1811885747 0.4167273699
v 0.7520210529 -0.08001961815 -0.1752183507
v 0.3015712189 -0.09320265501 0.2209697449
v -0.509286375 0.2231333136 0.0204604475
v 0.5386345299 -0.03807490043 -0.5714852731
v -0.3431986115 0.1563741949 -0.3088129518
v 0.06787592555 0.05718375215 0.4626817303
v -0.4236371841 -0.06172627636 -0.3302466645
v 0.01714503538 -0.1680850567 0.4970026636
v -0.4297468748 -0.08507784076 -0.3282620797
v 0.009616488378 -0.1910942556 0.4963244047
v 0.06810833379 0.221149314 0.4212139735
v -0.2918114603 0.3079963494 -0.2542747245
v 0.462152933 -0.2379629686 -0.6552807099
v -0.6157085368 0.03070830632 -0.04642228429
v 0.7639553284 -0.3107865318 -0.08886533551
v -0.3139061413 -0.04211526165 0.5199930948
v 0.06439435351 0.240207384 0.4061383997
v -0.2795420571 0.323197714 -0.2393530293
v -0.06817783352 -0.3476618086 0.4220309723
v -0.4291886684 -0.2605515071 -0.2555053381
v -0.1818621523 -0.466690993 0.2574472628
v -0.3709052939 -0.4210757243 -0.09734434532
v 0.2929464661 -0.1096637964 0.2101631134
v -0.4702820728 0.5000282509 -0.2962310723
v -0.3235731235 0.4634590891 -0.3791034828
v 0.02217742476 0.3811999845 0.6280048574
v 0.1688863552 0.3446308227 0.5451324658
v 0.0667208131 0.08431213445 0.4702245382
v -0.347172236 0.1841826765 -0.3065598344
v 0.2190898095 0.0673438273 0.2255952393
v 0.3238819 0.04122300825 0.1664006739
v -0.06265597538 0.1353278213 -0.3031783745
v 0.04213611982 0.1092070023 -0.3623729589
v 0.2139382454 -0.1929354098 0.2384619981
v -0.07408879579 -0.3588985904 0.3978764093
v -0.4139088544 -0.276901525 -0.2398895658
v 0.2924282017 -0.1660638473 0.2056031004
v -0.6874322794 -0.305642622 -0.3251330509
v -0.8101886787 -0.2750439579 -0.2557908403
v -0.1613573174 -0.4325821524 0.6621915811
v -0.2841137544 -0.4019834884 0.731533754
v 0.2308910458 -0.1994834714 0.2281308198
v 0.05076470449 0.2934393042 0.3577935223
v -0.2419953735 0.3640809888 -0.1916514804
v 0.1792304354 -0.09552987791 0.2419024461
v 0.2962908154 -0.1247086893 0.1757778123
v -0.1879384887 0.396786914 -0.1184844792
v 0.02470687525 0.3454765511 0.2806031626
v 0.2884664692 -0.1018658349 0.2126026708
v 0.2211007267 -0.08507401598 0.250655991
v -0.1482862995 -0.1656468112 -0.3219584174
v -0.04349419957 -0.1917676349 -0.3811529828
v 0.2271009921 -0.2112133274 0.2422428591
v 0.2333692805 -0.2127757465 0.2387020654
v -0.3780242939 0.3147952849 0.2123858401
v 0.669896611 0.05358710384 -0.3795598899
v -0.06686199395 0.4240839455 0.08000610989
v 0.3122892456 -0.1452860865 0.2301255601
v 0.2090891909 -0.1195621014 0.2884208455
v 0.2160447798 -0.1942040683 0.2370322597
v -0.4541940563 0.2770204638 0.09421155788
v 0.5937268863 0.015812245 -0.4977341533
v 0.2043687115 -0.1008556656 0.2599588517
v -0.5909938798 -0.1909116191 0.05851961935
v -0.1194294349 -0.3084553048 -0.2078559629
v -0.01463733497 -0.3345761239 -0.2670505378
v 0.4569271005 -0.4521198285 -0.5334261013
v -0.1297386602 -0.121288781 -0.3086974296
v -0.6087882275 -0.001879312403 -0.03809366099
v 0.4541030353 -0.2668190592 -0.6384957848
v -0.02494655082 -0.1474096001 -0.367891995
v 0.1587837816 -0.1909079571 0.2327944253
v -0.3202657904 -0.07149848614 0.5033982151
v 0.7426254724 -0.3364382401 -0.09700390871
v 0.2635758863 -0.2170287762 0.1735998599
v -0.2911560039 0.06319363503 0.4771931328
v 0.7567649387 -0.1980145649 -0.1147526019
v -0.4648138325 0.5762676286 -0.3201928528
v -0.5875702695 0.6068662926 -0.2508506422
v 0.05292618274 0.4513392607 0.6514889385
v -0.06983025425 0.4819379247 0.7208311869
v -0.6043650101 -0.03136150235 -0.03555608431
v -0.1328005841 -0.1489051928 -0.3019316595
v -0.0280084936 -0.1750260118 -0.3611262439
v 0.4435559325 -0.2925696975 -0.6275018073
v -0.03520304549 -0.2911442251 0.4495301299
v -0.4271916819 -0.1965591171 -0.2861445859
v -0.08036861747 0.3022522903 0.4813050064
v -0.2031250545 0.3328509543 0.5506472171
v -0.4161560258 0.3832762887 -0.1488925835
v -0.5389124627 0.4138749528 -0.07955037403
v -0.2883817718 0.08939682972 0.470541658
v 0.7595392086 -0.1718113702 -0.1214040862
v -0.3999801217 0.4688859151 -0.1580334205
v -0.2532711724 0.4323167533 -0.2409058215
v -0.05474546889 0.385582316 0.4898945363
v 0.09196346039 0.349013192 0.4070221447
v 0.3589418735 -0.1733121067 0.2979310421
v 0.2931673551 -0.1574408878 0.1744935148
v 0.1677649497 -0.1261827065 0.2453303602
v 0.2728222128 -0.2006203459 0.2440404565
v 0.2181799305 -0.1870000312 0.274906596
v -0.1368068266 -0.4319407021 0.3317904151
v -0.4027827436 -0.3677619004 -0.1673867183
v -0.09410613442 -0.3972225007 -0.1238558045
v 0.01068596078 -0.4233433198 -0.1830503794
v -0.4242133229 -0.3642103284 -0.1920406034
v -0.1283030135 -0.4356121567 0.3633166546
v 0.3455489412 -0.1980143195 0.3005925834
v -0.3991161968 0.05486174615 -0.3369503886
v 0.04873623488 -0.05320304438 0.5035681385
v 0.3095842136 -0.2223909607 0.3126543109
v 0.2451622301 -0.1114397228 0.3656397837
v 0.3622207225 -0.1406180782 0.2995161881
v -0.02333629947 0.2621734805 0.5999548551
v -0.1460927365 0.2927721446 0.669297028
v -0.4854774348 0.3736860571 -0.2673803613
v -0.6082338718 0.4042847211 -0.1980381507
v 0.06966880393 0.119370428 0.4322836823
v 0.8481243626 -0.07466995324 -0.007447440782
v -0.3107267132 0.2111581523 -0.2816333301
v 0.4677288431 0.01711777818 -0.7213644767
v -0.04015560751 -0.306968145 0.4291070101
v -0.4149130294 -0.2165408552 -0.2742285448
v 0.2708782117 -0.221474928 0.3319156774
v -0.2106047594 -0.4832610316 0.2237921301
v -0.3612646629 -0.4469074358 -0.05896271288
v 0.233534296 -0.142052748 0.3687708133
v -0.3211505547 0.2190104163 -0.2864899822
v 0.06860347249 0.1249645158 0.4449908619
v 0.06677432825 0.1710313593 0.4320526378
v -0.306725152 0.2611551107 -0.2689220921
v 0.2853028782 -0.193891224 0.2382555494
v 0.2102856953 -0.1751921977 0.2806309861
v 0.7279732536 -0.5245923892 -0.05821815733
v 0.3942415745 -0.444064419 -0.6845576261
v 0.1917444644 -0.1302919068 0.264157518
v 0.2834002537 -0.2245963025 0.3248422823
v 0.2739194851 -0.2225120514 0.33011153
v 0.2801878489 -0.224074546 0.3265706608
v 0.2770252017 -0.2233789305 0.3283284861
v 0.2302041699 -0.2120812258 0.2404558889
v 0.06946406581 0.08803013772 0.4815379762
v -0.3545059714 0.1903322148 -0.314158648
v -0.3803025732 0.1245548272 -0.3314345991
v 0.06215793447 0.01779108205 0.4989644649
v -0.02003960308 0.3932575593 0.1557294035
v -0.1057839016 0.4139472485 -0.00519339375
v -0.3934714641 0.07824399024 -0.3361128714
v 0.05369347111 -0.0296549117 0.5031154122
v -0.3645362823 0.1165132162 -0.3206155282
v 0.06132707585 0.01375429787 0.4786344801
v 0.2955264056 -0.1198794513 0.1763297518
v 0.3615510523 -0.135997081 0.3001522776
v -0.6228582294 -0.4201907713 -0.1602710311
v -0.4761493179 -0.4567599331 -0.2431434416
v -0.272145011 -0.504816307 0.4979390353
v -0.1254360616 -0.5413854687 0.4150666437
v 0.2708925576 -0.1904142223 0.2112105148
v 0.1958751954 -0.1717151536 0.2535860648
v -0.08483177679 0.4180846427 0.03599833667
v -0.04155498361 0.4076421516 0.1172191476
v -0.4189185546 -0.381241984 -0.1751517083
v -0.1409543385 -0.4483135224 0.3465247453
v -0.05733660201 0.432659356 0.1035419589
v -0.07987893163 0.4380987158 0.06123505211
v 0.03785243994 0.3143053725 0.31382403
v -0.2110400252 0.3743620131 -0.153291309
v -0.5512734154 0.1727526781 -0.03163766085
v -0.07970898939 0.05520899235 -0.298013229
v 0.02508310581 0.0290881733 -0.3572078133
v 0.4966475272 -0.08845552068 -0.6235833767
v 0.003052221551 0.4642061705 0.5575193544
v 0.1497611567 0.4276370087 0.4746469628
v -0.4145510975 0.564971972 -0.2262283653
v -0.2678421859 0.5284028102 -0.3091007758
v -0.003035931408 -0.2276270618 0.4566943195
v 0.7754196626 -0.4216674548 0.01696321059
v -0.4082485678 -0.1298510725 -0.3037988345
v 0.3702070074 -0.3238914514 -0.7435299434
v -0.1197187312 0.4140850824 -0.02399713563
v -0.01246657436 0.3882056142 0.1772910967
v -0.04613197573 0.419741254 0.1224263681
v -0.09040268469 0.4304235858 0.03934019432
v -0.4013715982 0.0306487331 -0.3347589208
v 0.0431187618 -0.076604797 0.4994497715
v -0.01072794612 0.1915523332 -0.2360604573
v 0.09406415144 0.1654315142 -0.2952550228
v -0.3422016095 -0.4643958761 -0.01977419929
v -0.2338212706 -0.4905475766 0.1836313977
v -0.1411232425 -0.445401079 0.3445767991
v -0.4171105941 -0.3788065605 -0.1733895037
v -0.5028394047 0.2326947025 0.02765436704
v 0.5450815379 -0.02851350218 -0.5642913724
v -0.1909336665 -0.5552700689 0.6639711518
v -0.3136901223 -0.5246714048 0.7333133247
v -0.7184789885 -0.4279757229 -0.3261130644
v -0.8412354632 -0.3973770589 -0.2567708538
v 0.06882016041 0.08753409061 0.4799830699
v -0.3536468032 0.1894734808 -0.3128926415
v -0.2712885232 -0.4935335616 0.4944765023
v -0.1245796116 -0.5301027234 0.4116041106
v -0.6183496163 -0.4097892981 -0.1568792554
v -0.4716406669 -0.446358441 -0.2397516564
v -0.05276728306 0.3307097538 0.517610166
v 0.09394165329 0.2941406298 0.4347377743
v -0.4273588116 0.4210970167 -0.1854140452
v -0.2806498623 0.3845278549 -0.2682864557
v 0.03010389106 0.3317572308 0.2685219171
v -0.1764433109 0.38159612 -0.119120833
v -0.4063133441 0.05753793534 -0.3464573385
v 0.05275414052 -0.05323299615 0.5151092987
v 0.2952152318 -0.1149645401 0.2088599964
v -0.3767919436 0.0966982491 -0.3263278187
v 0.05701599011 -0.007977658499 0.4878323515
v -0.3299355662 0.225992715 -0.291328702
v 0.06835505843 0.1298869703 0.4561734502
v -0.1512053118 0.4195246687 -0.06182392815
v 0.001365606624 0.3827100033 0.2245174661
v 0.1959382796 -0.02362823374 0.2247533995
v -0.283111316 0.09578122544 0.4953571893
v 0.7797799845 -0.1691585214 -0.1050449393
v 0.3007303795 -0.04974905751 0.165558834
v -0.08459354053 0.04406283503 -0.3017418595
v -0.5636431267 0.1634722989 -0.03113809333
v 0.4992481361 -0.1014674509 -0.6315402148
v 0.02019856411 0.01794201598 -0.3609364439
v -0.2797290067 0.2117545641 0.4318667452
v 0.1918354099 0.09421087834 0.1654911818
v 0.2966275098 0.06809005929 0.1062965975
v 0.7681918981 -0.04945363586 -0.1600789754
v 0.2965149511 -0.1267159374 0.1755785742
v -0.2559845854 -0.5133138343 0.1715695569
v -0.3472020981 -0.4913034543 0.0003747629431
v -0.0069770228 0.3990096974 0.2075420804
v -0.1402773065 0.4311744425 -0.0426326648
v 0.5601312513 -0.5531289061 -0.3427563615
v -0.5177302185 -0.2844576218 0.2661020665
v 0.5298464226 -0.5458212953 -0.3995942171
v -0.5480150849 -0.277150011 0.209264192
v -0.03149566007 0.4022484344 0.137407259
v -0.09627630987 0.4178797229 0.01582850683
v -0.2965400942 0.06198852312 0.4681934236
v 0.7513808484 -0.1992196768 -0.1237523017
v 0.09877681373 0.2212829573 -0.0553235389
v 0.2035689089 0.1951621383 -0.1145181126
v -0.1917363382 0.4113506413 -0.1228099698
v 0.02764626444 0.3584146241 0.2889219325
v -0.07926588996 0.4311695724 0.060391806
v -0.0570302605 0.4258042072 0.1021230931
v 0.2620082007 -0.08070686445 0.2268517511
v -0.3869493289 0.07562558104 -0.3308993273
v 0.05281965502 -0.03048871501 0.4944484145
v -0.3840107231 0.07453236712 -0.3293260733
v 0.05307077899 -0.03093344251 0.4909778402
v -0.323224405 0.2494061237 -0.2854823718
v 0.06981185942 0.1545682164 0.4521584869
v 0.01103628379 0.3809530086 0.2488451048
v -0.1658778415 0.4236416011 -0.0831830204
v -0.4083255826 -0.2546515874 -0.2488644151
v 0.3701299926 -0.4486919521 -0.6885955429
v -0.06124463177 -0.3384006643 0.4025286324
v 0.7172109245 -0.532441029 -0.03720247882
v 0.1664724222 -0.1357040472 0.244440556
v -0.3840574228 -0.4526657653 -0.08191986424
v -0.2052396207 -0.4958136908 0.253681012
v 0.2090492867 -0.1725643976 0.2816276106
v 0.2876204389 -0.1921493019 0.2372446545
v -0.5813726158 -0.3116849247 -0.1347094802
v -0.704129015 -0.2810862607 -0.065367275
v -0.2582881588 -0.3896437714 0.4716475756
v -0.3810445958 -0.3590450885 0.5409897863
v -0.431103468 -0.3256705501 -0.2216084298
v -0.1038945659 -0.4046246056 0.392489261
v -0.6887641072 -0.4293084567 -0.2729207276
v -0.5420551578 -0.4658776184 -0.3557931192
v -0.217922752 -0.5429203664 0.6107428181
v -0.07121382156 -0.5794895281 0.5278704264
v -0.402350026 -0.194456575 0.3940398636
v 0.6455708788 -0.4556647749 -0.1979058758
v -0.2665500737 -0.4925825797 0.1216253952
v -0.3100428292 -0.4820879904 0.03999925611
v -0.03344952394 -0.2897404037 0.4447748051
v -0.4221591038 -0.195946519 -0.2847458422
v 0.1938480259 -0.1826758855 0.2676883451
v 0.2793795143 -0.203995756 0.2193736318
v 0.2081133302 0.09769555316 0.192770281
v 0.3129054207 0.07157473411 0.1335756966
v 0.0316713737 0.3289540426 0.2964176633
v -0.1987150505 0.3845452587 -0.135965973
v -0.5644336611 -0.190929627 0.1055470244
v 0.4834872438 -0.4521378363 -0.4863987056
v -0.4211250289 -0.01422741043 -0.341828182
v 0.03305528078 -0.1238190857 0.5105663309
v -0.3276726898 0.2239531816 -0.2895893754
v 0.0679897029 0.128481601 0.452980167
v -0.1134865719 0.4271833386 -0.001920542697
v -0.02566649773 0.4059927511 0.1628980478
v -0.1913074526 -0.4807432891 0.2694311449
v -0.3875273553 -0.4333963198 -0.09882956086
v 0.06971388143 0.143942985 0.4305609666
v -0.3067007262 0.2347701384 -0.2758847785
v -0.2472267555 -0.4266919162 0.5075777787
v -0.100517844 -0.463261078 0.4247053493
v -0.6084877187 -0.3395212675 -0.170427935
v -0.4617787694 -0.3760904293 -0.2533003361
v -0.3591591006 0.3359078383 0.2364665783
v 0.1124053349 0.2183641337 -0.02990898979
v 0.2171974348 0.1922433147 -0.08910356469
v 0.688761842 0.07469962895 -0.3554791328
v 0.2402998868 -0.193885042 0.3548696021
v 0.32583247 -0.2152051957 0.3065542471
v -0.6785400134 -0.3492126 -0.2901649856
v -0.5318311019 -0.3857817429 -0.3730373961
v -0.1895931369 -0.4671932881 0.6274785896
v -0.04288419696 -0.5037624499 0.5446061979
v -0.1383497844 -0.05592455055 -0.3527850301
v -0.03355769389 -0.08204537078 -0.4119795956
v -0.289605892 0.07634557515 0.4741337194
v 0.7583150506 -0.1848626248 -0.11781202
v -0.1731073803 0.4002279282 -0.09968394864
v 0.01801846451 0.3541101379 0.2590164018
v -0.10293139 0.4475591548 0.01851455881
v -0.03431907402 0.431003311 0.1472844652
v -0.3944498165 0.4918264755 -0.1583661509
v -0.2477409049 0.4552573515 -0.241238552
v -0.04894026042 0.4084565833 0.4900777485
v 0.09776866768 0.3718874215 0.4072053568
v 0.06537032158 0.1888617982 0.4157625329
v -0.2922884614 0.2751632743 -0.2554827433
v -0.04652655394 0.4281959324 0.1246485474
v -0.09155518868 0.4390611367 0.04013989309
v 0.2994865525 -0.09055342631 0.2220231112
v -0.4093515784 -0.08592216164 -0.3190052203
v 0.01343194464 -0.1879379319 0.4744645811
v -0.3972071355 0.4100210787 -0.1271491315
v -0.5199635725 0.4406197805 -0.05780692679
v -0.08469360316 0.3346129702 0.4593686588
v -0.2074500401 0.3652116342 0.5287108694
v 0.06620380163 0.05872207581 0.4674247856
v -0.3478652938 0.1586351081 -0.3096900334
v 0.1711478725 -0.1131965665 0.2451400883
v -0.1062875369 -0.4020249782 0.3539795148
v -0.4006204395 -0.3310037503 -0.1984173165
v -0.4395270008 -0.1325660027 -0.3217319598
v -0.006247732178 -0.2371143522 0.4914360028
v -0.05357158762 0.4147270612 0.09829202154
v -0.07534504327 0.4199808682 0.05742815148
v 0.296096957 -0.1232722805 0.1759310302
v -0.4290692577 -0.2294308412 0.3621719276
v 0.6188516849 -0.4906390505 -0.2297737836
v 0.01847493299 0.5146913801 0.5625445331
v -0.1042815087 0.5452900819 0.6318867815
v -0.4046613764 0.6167922937 -0.231587388
v -0.5274178134 0.6473909578 -0.1622451868
v -0.3043839772 0.258907222 -0.2675911894
v 0.06676582571 0.1693504544 0.4289736687
v 0.303130127 -0.1054082084 0.2401328798
v 0.2357710666 -0.08861806936 0.2781824059
v -0.05402896688 -0.3262886129 0.4244706807
v -0.4209650722 -0.2377485635 -0.2641860588
v 0.009162775816 0.345046363 0.6209185888
v 0.1558717063 0.3084772012 0.5380461594
v -0.475616179 0.462021366 -0.2889027732
v -0.3289072675 0.4254522042 -0.3717751649
v 0.2684445059 -0.2204995204 0.3334041019
v -0.4725691862 0.4358034479 -0.2719394494
v -0.3258602369 0.3992342861 -0.3548118599
v -0.00578367075 0.3231701926 0.6041122203
v 0.1409252597 0.2866010686 0.521239791
v -0.1747492115 0.4033237349 -0.09984518896
v 0.01755181233 0.3569223866 0.261060692
v 0.06046702757 -0.01035588719 0.4763529541
v -0.3656913912 0.0924742321 -0.3234507681
v -0.4186770527 0.01001755056 -0.3473754758
v 0.04153457374 -0.1010294567 0.5163384778
v -0.4150322891 -0.01506607907 -0.335603139
v 0.0312982058 -0.1227636265 0.502058988
v 0.009336205431 -0.1895670783 0.4894914544
v -0.4241445758 -0.08497011087 -0.3240546926
v -0.06573133913 0.4209202979 0.07899691384
v -0.03604253524 -0.2984055892 0.4652824147
v -0.4413380569 -0.2006095959 -0.2953663356
v -0.238322371 -0.3673125529 0.4971388363
v -0.361078808 -0.33671387 0.566481047
v -0.5886609351 -0.2827774153 -0.1603679697
v -0.7114173343 -0.2521787513 -0.09102575905
v 0.3619671399 -0.1602368227 0.2979604889
v 0.04821430852 0.288836801 0.3195222954
v -0.2125553105 0.3517593363 -0.169883782
v -0.2980396556 -0.554539976 0.4740393385
v -0.4207960926 -0.523941312 0.5433815492
v -0.6231003731 -0.4761042793 -0.1360266128
v -0.7458567723 -0.4455056153 -0.06668440523
v 0.219049424 0.001928003507 0.2543898125
v 0.3238415239 -0.02419281554 0.1951952471
v -0.09316681799 0.07726439205 -0.3315700168
v 0.01162527249 0.051143573 -0.3907645823
v -0.5024287723 0.4631164487 -0.3368523079
v -0.6251852093 0.4937151127 -0.2675101162
v 0.03346560645 0.3338075236 0.6689012323
v -0.08929083998 0.3644061876 0.7382434052
v -0.3979131046 -0.3481420186 -0.1830458208
v -0.1191643001 -0.4154028662 0.3401031446
v -0.1903353482 0.4032169334 -0.1199021652
v 0.02519574941 0.3512102283 0.2846013639
v 0.2961833533 -0.1443638625 0.1745104467
v -0.6752203731 -0.286447341 -0.3119846973
v -0.7979768478 -0.2558486675 -0.2426424867
v -0.1632297589 -0.4099883852 0.6489068282
v -0.2859861959 -0.3793897212 0.7182490011
v 0.4532142316 -0.6193471468 -0.502811317
v 0.5937951048 -0.6532686602 -0.238972561
v 0.2849390587 -0.07727942456 0.2294993806
v -0.301671055 -0.5051700466 0.08564568932
v -0.2860588692 -0.4878947184 0.0795481549
v 0.2010806038 -0.1807250607 0.2484871747
v -0.2229470624 -0.5972158083 0.6258072927
v -0.3457035183 -0.5666171442 0.6951494656
v -0.709659811 -0.4797742238 -0.2876433168
v -0.8324162103 -0.4491755598 -0.2183011062
v -0.2811576315 0.291750377 -0.2430972516
v 0.06323921392 0.2086489418 0.4032583855
v 0.03709306068 0.5002827773 0.6018622553
v -0.08566338574 0.5308814413 0.6712045037
v -0.4279099583 0.6124858822 -0.2708440647
v -0.550666433 0.6430846217 -0.2015018541
v 0.2200737398 -0.1890542503 0.2736333977
v 0.2701909678 -0.2015466378 0.2453233571
v -0.1216840812 0.4168910264 -0.02324233857
v -0.01389668089 0.3908824074 0.1790504132
v -0.4415785017 -0.2676382099 -0.2653965881
v -0.06779900748 -0.3578295192 0.4361036547
v -0.4698082807 0.4279089767 -0.2635682225
v -0.3230993314 0.3913398527 -0.3464406142
v -0.01191991078 0.3174225848 0.5957854847
v 0.1347890197 0.280853423 0.512913093
v -0.11753572 0.4114977245 -0.02491673117
v -0.01075576017 0.3857321929 0.175485307
v -0.4817536555 0.5445825272 -0.3361997018
v -0.6045100547 0.5751811912 -0.2668574912
v 0.05316157341 0.4155098564 0.6677161103
v -0.0695948683 0.4461085204 0.7370583586
v -0.4053324623 0.3359284133 0.1547167908
v 0.6425884425 0.07472022286 -0.4372289392
v 0.1047616125 0.248747345 -0.05684787649
v 0.2095537054 0.222626526 -0.116042449
v -0.04587892167 -0.3105273808 0.4413147259
v -0.4285160724 -0.2181987501 -0.2768093715
v -0.4255402427 -0.1963212678 -0.2856019335
v -0.03469230327 -0.2906311328 0.4479319593
v -0.1202310496 -0.4159707749 0.3413750971
v -0.3996162267 -0.3485563696 -0.1829681925
v -0.2977803347 0.003688584743 0.5100263967
v 0.7651109281 -0.2612511715 -0.09037572714
v -0.1145810883 -0.04433351472 -0.3158220924
v -0.5936306556 0.07507594446 -0.04521832147
v 0.4692606073 -0.1898638024 -0.6456204477
v -0.009788988342 -0.07045433377 -0.3750166579
v 0.1947648608 -0.1691201273 0.2548249462
v 0.2733399864 -0.1887059187 0.2104397815
v -0.2511603625 0.3433831073 -0.203673936
v 0.05327271635 0.2699247948 0.3676786376
v 0.2047651962 -0.197754319 0.2576091071
v 0.1661529712 -0.1424984146 0.243294451
v -0.05721866364 0.4343909057 0.1037989769
v -0.07984066962 0.4398495192 0.06134253308
v 0.003647189282 0.3952454097 0.2301840574
v -0.1532428066 0.4331022667 -0.06426325314
v -0.03217454186 0.3099848794 0.5632107867
v 0.114534391 0.2734157176 0.4803383573
v -0.4553089589 0.4120853022 -0.2309176046
v -0.3086000474 0.3755161782 -0.3137899962
v -0.5771122621 -0.1567376368 0.06801424312
v 0.4708086805 -0.4179458273 -0.5239314964
v 0.01170267427 0.3618167156 0.2371947647
v -0.1579715727 0.4027583555 -0.08124572391
v -0.386086159 0.1009212468 -0.3330454545
v 0.0577297008 -0.006169547044 0.4998973257
v 0.02642722191 0.3555530708 0.2872999025
v -0.1913953967 0.408112697 -0.1215042668
v 0.05290229257 -0.03070362975 0.4927090501
v -0.3855000914 0.07508090889 -0.330073872
v -0.6197806572 -0.4133390391 -0.157846282
v -0.4730717456 -0.449908182 -0.2407186831
v -0.2716763154 -0.4973350731 0.4954675394
v -0.1249673661 -0.5339042349 0.41259511
v 0.05050572803 0.4673006181 0.6401607393
v -0.07225070896 0.4978992821 0.7095029877
v -0.4552127659 0.589328208 -0.3089593366
v -0.5779691652 0.6199268721 -0.2396171448
v -0.6898330274 -0.4230303527 -0.2775833326
v -0.5431240781 -0.4595995145 -0.3604557431
v -0.214042659 -0.537836445 0.615368388
v -0.06733372854 -0.5744056068 0.5324959586
v 0.06866391048 0.1987686588 0.4317096954
v -0.3024572856 0.2883185366 -0.2648014977
v -0.2659283301 -0.5064774107 0.1486856251
v -0.3333312776 -0.4902133927 0.02218535276
v 0.0168260893 0.3015897364 0.6536610582
v -0.105930343 0.3321884004 0.7230032311
v -0.5027086305 0.4269511239 -0.3213889985
v -0.6254650298 0.4575498257 -0.2520468068
v -0.4175136006 -0.2373037746 -0.2637443939
v -0.05239957509 -0.3254041506 0.4214926991
v -0.04613632669 0.4316259229 0.1252720088
v -0.09148489379 0.4425683308 0.0401629409
v 0.4055483303 -0.5143487775 -0.6335268949
v 0.6851204005 -0.581808278 -0.1088328292
v -0.06887178794 -0.3503582708 0.4264926215
v -0.4335198455 -0.2623703213 -0.2578699759
v 0.7295332565 0.06733442696 -0.3166564195
v -0.348328251 0.3360056924 0.2922020085
v 0.6692645232 0.08187699408 -0.4297672611
v -0.4085969843 0.3505482784 0.1790911669
v -0.1530582731 -0.4513379771 0.3231792909
v -0.4069254609 -0.3900809437 -0.1532724517
v -0.1277603988 0.4435400387 -0.02366669867
v -0.01416445837 0.4161298634 0.1895273722
v 0.4018905421 -0.4977137293 -0.6473428613
v 0.6961340093 -0.5687133439 -0.09511389352
v 0.1313394876 -0.2855729208 0.2259826918
v 0.2361315828 -0.3116937399 0.1667881074
v -0.3252657505 0.2525870997 -0.2891392917
v 0.07199367439 0.1567301996 0.4564275236
v -0.3536646223 0.1618235779 -0.3119925498
v 0.06515940741 0.0607632137 0.4740462095
v -0.1537948405 -0.4569882971 0.3272574139
v -0.4112775905 -0.3948588822 -0.1559799092
v -0.02171010719 -0.3969976099 0.004207580571
v -0.5007597028 -0.277588146 0.2748113468
v 0.56213156 -0.5425278929 -0.3255907605
v 0.08308199258 -0.423118429 -0.05498699196
v -0.06581801854 -0.3863545783 -0.07857307519
v -0.5448675953 -0.2669451144 0.1920306934
v 0.5180236675 -0.5318848612 -0.4083714139
v 0.03897407666 -0.4124753973 -0.1377676477
v -0.4173423181 -0.2775439191 -0.2402121975
v -0.07582642359 -0.3599501824 0.4007365657
v -0.3620294879 0.2996251037 0.2473956407
v 0.6858914547 0.03841689432 -0.3445500704
v -0.1003560185 -0.4086926865 -0.1298585003
v 0.00443608144 -0.4348135056 -0.1890530799
v -0.001494748004 -0.432547458 0.05568191614
v 0.1032973519 -0.458668277 -0.003512663471
v 0.5301553124 -0.045328346 -0.6199001434
v -0.5477061573 0.2233429147 -0.01104171069
v 0.7935681274 -0.1088886815 -0.1255333731
v -0.2842933424 0.1597825911 0.4833250596
v -0.3009280131 -0.5035924133 0.08545261432
v 0.02521568266 0.3413433096 0.2773912297
v -0.1854552707 0.3921772755 -0.1179908624
v -0.3073407042 0.2300887704 0.3748954539
v 0.7405802007 -0.03111942007 -0.2170502761
v -0.3941177845 0.5347401098 -0.176714873
v -0.2474088729 0.4981709858 -0.2595872741
v -0.0291958619 0.4466860938 0.5081616945
v 0.1175130709 0.410116932 0.4252893028
v -0.09132055778 0.4355664763 0.03994616686
v -0.04660380471 0.4247765125 0.1238694709
v 0.06160461939 -0.00524126374 0.5095999461
v -0.391756299 0.1041526977 -0.3412567246
v -0.4385192393 -0.2652298548 -0.2618611175
v -0.06871894752 -0.3544610083 0.4321710292
v -0.4061550862 -0.1079358763 -0.3097633297
v 0.37230047 -0.3019762639 -0.7494944385
v 0.005340052224 -0.2072278109 0.4625207165
v 0.7837956274 -0.4012681944 0.02278960757
v 0.2381210849 -0.125748604 0.3682988711
v -0.2148269642 -0.4895381163 0.2281906196
v -0.3679090402 -0.4526000762 -0.05911008806
v -0.5833085567 -0.2113048485 0.08112378734
v -0.1117441495 -0.3288485437 -0.1852517855
v -0.006952059053 -0.3549693627 -0.2444463699
v 0.4646123481 -0.4725130484 -0.5108219521
v 0.3159180211 -0.2201668277 0.3101523488
v -0.250319693 0.3419694325 -0.2030632067
v 0.05309689654 0.2687563593 0.366381693
v -0.609556639 -0.3332431825 -0.1750905495
v -0.4628476896 -0.3698123254 -0.25796296
v -0.2433466814 -0.4216079948 0.5122033109
v -0.09663775095 -0.4581771566 0.4293308816
v -0.0946924663 -0.3882386852 0.3684227743
v -0.4044713688 -0.3134904124 -0.212962715
v -0.2029812935 -0.5748846465 0.6512985911
v -0.3257377305 -0.5442859447 0.720640764
v -0.7169481303 -0.4508667522 -0.3133018016
v -0.8397045296 -0.4202680881 -0.2439595909
v -0.1623415214 0.4103349519 -0.08097370637
v 0.009816132288 0.3687941065 0.2421275822
v 0.232075073 -0.1614711833 0.3663278204
v 0.2167234445 -0.2067749242 0.2487676936
v -0.01019184376 -0.2497198364 0.4537751184
v -0.4122153968 -0.1527133487 -0.3007329278
v -0.341449054 -0.4805714404 0.001408587684
v -0.2524599875 -0.5020441135 0.1684211046
v -0.1995820522 0.3860545603 -0.1361863524
v 0.03152254447 0.3302900609 0.2975450997
v -0.1028746104 0.4336236645 0.0190157025
v -0.03616596658 0.4175271537 0.1442128578
v -0.3977252111 0.005535977526 -0.3303988065
v 0.03895427555 -0.09983282278 0.4891505883
v 0.2263027185 -0.1945080031 0.2696132246
v 0.2621437128 -0.2034418439 0.249367503
v -0.1899808913 -0.4709947996 0.6284696645
v -0.04327195144 -0.5075639236 0.5455972729
v -0.6799711298 -0.352762341 -0.29113205
v -0.5332621805 -0.3893314839 -0.3740044605
v 0.06457311918 0.01171428312 0.4707682854
v -0.3564764558 0.1133116652 -0.3194473192
v -0.4270358779 -0.3441693379 -0.2062445979
v -0.1161420539 -0.4191866341 0.3772333065
v -0.4100946203 -0.3721821353 -0.1692772243
v -0.139842607 -0.4373927467 0.3379251356
v -0.127985686 0.4366392096 -0.02247192619
v -0.01599750526 0.4096169775 0.187704745
v -0.3071907141 -0.4931150767 0.06309092974
v -0.2850278145 -0.4984628871 0.1046857232
v -0.33210157 0.3208507254 0.2910107705
v 0.1394628655 0.2033070397 0.0246351788
v 0.2442549654 0.1771862207 -0.03455939137
v 0.7158193726 0.05964253494 -0.3009349595
v -0.3184925999 0.2439789579 -0.2805092914
v 0.06783056374 0.15076091 0.444532586
v -0.3712560511 -0.4566001273 -0.05978537866
v -0.2165806368 -0.4939225997 0.2305057075
v -0.2703357292 -0.4092583112 0.4589750527
v -0.3930921662 -0.3786596283 0.5283172256
v -0.5798417576 -0.3345758973 -0.1218982362
v -0.7025981569 -0.3039772333 -0.05255602912
v 0.6512610275 -0.6158015586 -0.1537738219
v 0.4197190178 -0.5599315036 -0.5883262227
v -0.3023615834 0.237597639 0.3803965011
v 0.7455593592 -0.02361057035 -0.2115492195
v -0.1128871399 0.4255461699 -0.00211740237
v -0.0253399587 0.4044214602 0.1621890019
v 0.1940983051 0.1575982962 0.1415261546
v 0.298890405 0.1314774772 0.0823315891
v 0.2570932589 -0.09632214772 0.3596550533
v -0.448535393 0.5967966816 -0.3004340235
v -0.57129183 0.6273954211 -0.2310918128
v 0.04806823285 0.4769684685 0.6315795528
v -0.07468820886 0.5075671703 0.7009217257
v -0.1888680462 -0.4665288089 0.2331361974
v 0.589587529 -0.6605691735 -0.2065949209
v -0.3549131306 -0.4264628726 -0.07849319002
v 0.4235424257 -0.6205032373 -0.5182243213
v -0.4168707912 0.009670370432 -0.3443884337
v 0.04006780024 -0.1005868659 0.5131827959
v 0.452609099 -0.3756830247 -0.6114043904
v -0.6252524085 -0.1070117392 -0.002545952986
v 0.708113852 -0.4373351743 -0.1318792897
v -0.3697476178 -0.1686638947 0.4769791524
v 0.2682578205 -0.06932030719 0.2385491683
v -0.1788778472 0.419734232 -0.1037460222
v 0.02015142557 0.3717093814 0.2697872629
v -0.6754624412 -0.3423608678 -0.2877402648
v -0.5287535296 -0.3789300107 -0.3706126754
v -0.1891244224 -0.4597120543 0.6250070937
v -0.04241548256 -0.496281216 0.542134702
v -0.3947516466 0.5377645268 -0.1791715417
v -0.2480426973 0.501195365 -0.2620439333
v -0.02722116816 0.4490810279 0.5106006856
v 0.1194877646 0.4125119039 0.4277282939
v -0.08627516271 -0.4211727102 -0.09942414399
v 0.01851692306 -0.4472935292 -0.1586187236
v -0.01981670372 -0.4372088172 0.02530348993
v 0.08497539554 -0.4633296362 -0.03389108261
v 0.0663430689 0.04189083803 0.4968266621
v -0.3736538543 0.1480601251 -0.3289488328
v 0.601329796 -0.5445415281 -0.273612011
v -0.4765317115 -0.2758702627 0.335246417
v 0.4972999257 -0.5194396075 -0.468852693
v -0.5805615441 -0.2507683232 0.1400057349
v 0.1075092528 0.2197269939 -0.03917791344
v -0.3715403263 0.3391364578 0.2314258646
v 0.6913509365 0.07419671091 -0.3689762616
v 0.2123013503 0.1936061748 -0.09837248834
v -0.3648423406 0.5258214927 -0.1209530304
v -0.4875987776 0.5564201567 -0.0516108245
v -0.05933734487 0.452104501 0.4524112767
v -0.1820937819 0.482703165 0.5217534873
v 0.04875410826 0.2812688877 0.3455703657
v -0.2343939361 0.3495912561 -0.1858349745
v -0.4376486322 -0.1991015497 -0.2919352125
v -0.03661681468 -0.295868744 0.4607115102
v -0.05475513349 -0.4360988224 -0.03703778415
v 0.05003696407 -0.4622196414 -0.09623235669
v -0.1419346162 -0.4378130059 0.3066657298
v -0.3857015757 -0.3789931326 -0.1508301383
v -0.4441198394 -0.2245874024 -0.2888925612
v -0.04544094712 -0.3207868296 0.4593382681
v -0.105701979 -0.383496838 -0.1504406473
v -0.0009098884668 -0.409617657 -0.2096352222
v 0.497550035 -0.1141882337 -0.6472353803
v -0.580311397 0.1544830471 -0.03837695941
v 0.79034468 -0.1848382651 -0.097725571
v -0.2875167898 0.0838330004 0.5111328428
v -0.2290628501 0.3751278952 -0.1742655755
v 0.04496727064 0.3090056587 0.3400274512
v -0.04543017826 0.4164957215 0.1212952886
v -0.0894223692 0.4271108164 0.03873180562
v 0.02562680584 -0.1466820177 0.5068705638
v -0.4246902484 -0.03802252847 -0.3382734577
v -0.1405790234 0.4363445525 -0.0435480887
v -0.005852125214 0.4038355436 0.2093040585
v -0.1073809396 -0.4024965996 0.3552680783
v -0.4023420603 -0.3313237959 -0.1983077403
v -0.4177411718 -0.257628106 -0.2523824819
v -0.06397976183 -0.3429891614 0.4115483504
v -0.4323490694 -0.304621836 -0.2341894505
v -0.09206897941 -0.3867298933 0.4044398833
v -0.5713410591 -0.1747192692 0.0861657375
v 0.4765798835 -0.4359274644 -0.5057799737
v 0.287992847 -0.1980671634 0.216809435
v -0.3643500121 -0.4189051147 -0.09853426899
v -0.1769653127 -0.4641202084 0.2531447397
v 0.03806625986 0.313036025 0.3126317727
v -0.2100763018 0.3729117185 -0.1530761488
v -0.2575102715 -0.4943821214 0.1433868362
v -0.3229723702 -0.4785864214 0.02052918511
v 0.2514209671 -0.07816589477 0.2328392562
v 0.04729603903 0.3771691274 0.6742510435
v -0.0754603956 0.4077677915 0.7435932164
v -0.4944526805 0.5078906703 -0.3424897355
v -0.6172091175 0.5384893721 -0.2731475248
v -0.4174612758 -0.1525314909 -0.301059278
v -0.01286059573 -0.2501598212 0.4582854304
v 0.02699781577 0.3569895858 0.2881300391
v -0.1916028459 0.4097369545 -0.1221343583
v -0.2816430891 -0.4947600602 0.1031072027
v -0.3036002383 -0.4894618943 0.06189861588
v 0.2108640048 -0.1907842143 0.2406404413
v -0.2051325739 -0.4941772393 0.2530574185
v -0.3833137013 -0.4511829282 -0.08134856016
v -0.3264948163 0.197101156 -0.2943040409
v 0.06968769781 0.1015040866 0.4492416642
v 0.2510566002 -0.06698193791 0.2484627866
v 0.7175871268 -0.540069799 -0.06977503332
v 0.3962301045 -0.4625278139 -0.6728899955
v -0.06846460044 0.4342227189 0.08216355335
v -0.4475468475 -0.2644519675 0.3449148715
v 0.6003740573 -0.5256601769 -0.2470308586
v 0.246706226 -0.1997184987 0.2203939648
v 0.362081152 -0.1394774473 0.2996634223
v -0.2890139728 0.3017450496 -0.2488276443
v 0.06456205774 0.2164287213 0.4147552245
v -0.06070656629 0.4125151506 0.07523892139
v -0.5155835816 0.2131532889 0.01371643226
v 0.532337361 -0.04805491098 -0.5782292789
v 0.2906576727 -0.2251123961 0.3211397575
v -0.1284698978 -0.4341900254 0.3623027017
v -0.4233266332 -0.3630424214 -0.1910772198
v 0.2324962289 -0.1674282553 0.3649468392
v 0.3471201755 -0.1959998537 0.3001984487
v 0.01420296106 0.2150895885 -0.202311595
v 0.1189950563 0.1889687695 -0.2615061698
v -0.1341186322 -0.2244870943 -0.270912925
v -0.6131681806 -0.105077626 -0.0003091540632
v 0.4497230445 -0.3700173773 -0.6007112614
v -0.02932653225 -0.2506079134 -0.3301074905
v 0.1144805868 -0.2844729681 0.1956520129
v -0.3645690136 -0.1650635042 0.4662557838
v 0.6983222493 -0.4300032511 -0.1341463235
v 0.219272682 -0.3105937872 0.1364574474
v 0.2762655488 -0.2057334027 0.2203752207
v 0.1954350784 -0.1855853937 0.266034452
v -0.1537219784 -0.4555277339 0.3262880088
v -0.4102882522 -0.3936194345 -0.1552293357
v -0.02633484661 -0.2733503871 0.46331412
v -0.4316163716 -0.1755577774 -0.2973083547
v -0.3118746869 -0.01456441629 0.4748271925
v 0.7360462179 -0.2757726162 -0.117118547
v 0.02464287556 -0.145806701 0.501778941
v -0.4209799466 -0.03827990989 -0.3345550769
v -0.4398402321 -0.1777191329 -0.303449512
v -0.02616317719 -0.2775375578 0.4729294947
v -0.4362066431 -0.1089103844 -0.3267463602
v 0.002224246264 -0.2147017963 0.4960900758
v -0.4028822965 -0.4074547489 -0.1366473465
v -0.1662345824 -0.4645567767 0.3074873343
v 0.05231306792 0.2133991512 -0.134099369
v -0.4267365017 0.3328086339 0.1365043925
v 0.6361547611 0.06786886822 -0.463897696
v 0.1571051655 0.1872783321 -0.1932939439
v 0.1535313054 0.1889756593 0.05586454317
v -0.325518276 0.3083851232 0.3264683141
v 0.7373729868 0.0434453669 -0.2739337932
v 0.2583234006 0.1628548402 -0.003330031718
v -0.4721026426 -0.2753922801 0.3062714064
v -0.0005382353742 -0.3929359847 0.03989584297
v 0.1042538645 -0.4190568037 -0.01929872721
v 0.5758183 -0.5366004706 -0.2856743048
v -0.002485133937 0.2000268883 -0.2252077774
v 0.102306966 0.1739060692 -0.2844023523
v -0.6108884667 -0.4569090549 -0.1228782214
v -0.7336448659 -0.4263103909 -0.0535360131
v -0.2999120971 -0.5319462466 0.4607545856
v -0.4226685719 -0.5013475825 0.5300967963
v 0.3626278062 -0.1534445977 0.2982919924
v -0.2133236842 -0.4868560755 0.2265017301
v -0.3653956014 -0.4501618024 -0.05890312845
v -0.2551629808 0.353351542 -0.2095008049
v 0.0568429097 0.2780659021 0.3760642292
v -0.3522711828 0.1610136766 -0.3112992277
v 0.06529095787 0.060257804 0.4723712128
v 0.05907116479 -0.009633977158 0.4794891935
v -0.3689717313 0.09365085985 -0.3238513017
v 0.3623852284 -0.1567257401 0.2981047407
v -0.1128662629 0.029287468 -0.3452731036
v -0.008074162965 0.003166648949 -0.4044676691
v 0.2141258274 -0.04961425799 0.2684176829
v 0.3189179179 -0.07573507704 0.2092230985
v 0.6052584197 -0.6477924919 -0.2210955074
v 0.4455996941 -0.6092675692 -0.5207391569
v 0.2704701842 -0.2084694576 0.2223458372
v -0.3740297546 -0.4609311534 -0.06088437694
v -0.217698956 -0.4986530457 0.2325134345
v -0.1260908763 0.4263322117 -0.02203317772
v -0.01637549131 0.3998583704 0.1838779772
v -0.2387243581 -0.4966601364 0.1875265161
v -0.3487997779 -0.4700994269 -0.01906030691
v -0.2738084931 0.1303497198 0.4782694148
v 0.7741124495 -0.1308584848 -0.1136763247
v 0.2577907149 -0.1970021599 0.215819889
v -0.4025283682 0.4615231481 -0.1592955951
v -0.2558194188 0.4249540241 -0.2421679961
v -0.05592248361 0.3778887252 0.4912058645
v 0.09078645216 0.3413195634 0.4083334351
v -0.4073027957 -0.3702745086 -0.1683432875
v -0.1388341283 -0.4350547809 0.3355121558
v 0.3227577669 -0.2169526297 0.3076287547
v 0.241925475 -0.1968041205 0.3532889864
v -0.3942811767 -0.01888188926 -0.3280398504
v 0.03638884235 -0.1228006403 0.4802311406
v 0.04575751009 -0.07780257315 0.476960163
v 0.8242130758 -0.2718429543 0.03722905412
v -0.3815818496 0.0253125033 -0.3250599435
v 0.3968737067 -0.1687278755 -0.7647910901
v -0.2154800045 -0.4909549245 0.2289933857
v -0.3690840824 -0.4538909804 -0.05928696081
v -0.4320452006 -0.1310587611 -0.3145369455
v -0.007769954461 -0.2334344788 0.4817324764
v -0.3449770874 -0.4664993243 -0.01935264229
v -0.2359519382 -0.4928066022 0.1852631112
v -0.1270147143 0.4297160689 -0.02199521772
v -0.01657054831 0.403066377 0.1852837051
v -0.0263089768 0.3102335919 0.5734848645
v 0.1203999584 0.2736644301 0.4906124351
v -0.4603974861 0.4149772084 -0.2412019133
v -0.3136885367 0.3784080466 -0.3240743049
v 0.1414019351 -0.2332405355 0.2207034964
v -0.3376476557 -0.1138310657 0.4913072673
v 0.7252436071 -0.378770809 -0.1090948495
v 0.2461940398 -0.2593613451 0.161508912
v -0.1340830128 -0.1667672446 -0.2963199413
v -0.6131326179 -0.04735778065 -0.02571616568
v 0.4497586827 -0.3122975322 -0.6261182966
v -0.0292909129 -0.1928880683 -0.3555145068
v 0.2119780675 0.05672531582 0.2176909525
v 0.3167701674 0.03060448734 0.1584963871
v -0.5174898114 0.2357586461 0.0003667594431
v 0.5304311312 -0.02544953964 -0.5915789659
v -0.1414155024 0.403262425 -0.06355706814
v 0.006587762952 0.367549902 0.2142118462
v 0.2031372768 -0.1833792402 0.2466922954
v 0.2811457018 -0.1800816755 0.1763759229
v -0.09108947559 0.4338346247 0.03978582315
v -0.0465246852 0.4230813561 0.1234239176
v 0.0292274559 0.3328053495 0.2696226249
v -0.1777286277 0.3827429234 -0.1187875032
v -0.01456177363 0.5085718738 0.5067600249
v -0.1373182201 0.5391705756 0.5761022355
v -0.3782046746 0.5963173021 -0.1757161061
v -0.5009611116 0.6269159662 -0.1063739001
v 0.2494497654 -0.1050926883 0.3636210896
v 0.2632644859 -0.2110401573 0.2249968833
v 0.2031244599 -0.1960494508 0.2589685696
v 0.3293888743 -0.08706409262 0.3184761776
v -0.2934942717 -0.5742676597 0.4907913058
v -0.4162507087 -0.5436689956 0.5601335164
v -0.636345637 -0.4915391423 -0.1526638081
v -0.7591021117 -0.4609404782 -0.08332160695
v -0.6075972916 -0.3568855592 -0.1611892534
v -0.4608883422 -0.3934547021 -0.2440616544
v -0.2561253262 -0.4416941749 0.4984446904
v -0.1094163957 -0.4782632989 0.4155722988
v -0.1513302344 -0.2878874235 -0.2734059209
v -0.04653814392 -0.3140082615 -0.3326005052
v 0.1001473423 -0.3485678463 0.1985610775
v 0.2049394422 -0.3746886654 0.1393664931
v 0.1665184801 -0.1515093363 0.2411261443
v 0.2729107421 -0.08302825697 0.2591119908
v 0.2571679897 -0.0792296005 0.229566391
v -0.08090877822 0.3844730762 0.4440671371
v -0.2036652152 0.4150717403 0.5134093478
v -0.377282762 0.4559868025 -0.1121603174
v -0.500039199 0.4865854666 -0.0428181091
v -0.05123692514 0.4009426181 0.4893276846
v 0.09547200531 0.3643734563 0.406455293
v -0.3959206861 0.4841132534 -0.1575663672
v -0.2492117368 0.4475440916 -0.2404387682
v 0.2036190818 0.1230508865 0.1736255503
v 0.3084111723 0.09693006746 0.114430966
v -0.3526524439 -0.4566858252 -0.03940156785
v -0.2228127206 -0.4880155637 0.2042784079
v -0.6820279538 -0.4471573942 -0.25311954
v -0.5353190423 -0.4837265182 -0.3359919506
v -0.2322346522 -0.5556904791 0.5910415988
v -0.08552572177 -0.5922596409 0.5081691694
v 0.01550965513 0.3558423671 0.232057688
v -0.152246654 0.3963212009 -0.08278326068
v 0.7479357947 -0.4915185295 -0.03747297211
v 0.3919725445 -0.4056261946 -0.7055361964
v -0.1537931228 -0.4584749095 0.3281892554
v -0.4121968227 -0.3961232275 -0.1567765501
v -0.2474348843 -0.484091206 0.1372051329
v 0.531020672 -0.6781315707 -0.3025259949
v -0.3111463307 -0.4687179171 0.01763306956
v 0.4673092256 -0.6627582818 -0.4220980582
v -0.02617297393 0.4108499695 0.1648498825
v -0.1148596252 0.4322496674 -0.001595060739
v -0.6713275009 -0.4570599888 -0.2298067603
v -0.5246185515 -0.4936291506 -0.3126791708
v -0.2463535812 -0.5596043039 0.5677739143
v -0.09964465079 -0.5961734279 0.4849014849
v -0.2799149371 0.3244818605 -0.2404889034
v 0.0652503611 0.2411950235 0.4073089493
v 0.0440602018 0.3644189857 0.6741488856
v -0.07869622575 0.3950176497 0.7434910585
v -0.4975352361 0.4951035689 -0.3423042581
v -0.6202916731 0.525702233 -0.2729620475
v -0.06848550581 -0.3485196743 0.4235301939
v -0.4306809436 -0.2611235497 -0.2562293528
v -0.3979543302 -0.3657171572 -0.166981409
v -0.1342033673 -0.4293590826 0.3280200115
v -0.4363157474 -0.2856886884 -0.2489324637
v -0.08022763129 -0.3716111497 0.4193650895
v 0.2334114876 -0.07037887389 0.2590974184
v 0.4880866513 0.003829570925 -0.7160661597
v 0.8538515464 -0.08442786431 -0.02960756081
v 0.1937981455 -0.18257839 0.2677418024
v 0.07011534827 0.1326185422 0.4623814858
v -0.3337433446 0.2300678556 -0.2955706514
v 0.0389132057 -0.1002228523 0.5098904127
v -0.4147849356 0.009252480138 -0.3415991762
v -0.6559160066 -0.4571650536 -0.2024774411
v -0.5092070573 -0.4937341777 -0.2853498421
v -0.2600776206 -0.552679049 0.5404222928
v -0.113368709 -0.5892482108 0.4575499012
v -0.07611538014 0.4214654797 0.05795809077
v -0.05428342721 0.4161975533 0.09893175413
v -0.3093175309 -0.4958386829 0.06369432568
v -0.2870073972 -0.5012220182 0.1055654287
v -0.05765775188 0.1287362596 -0.2914213841
v 0.04713434096 0.1026154405 -0.3506159495
v -0.4298813487 -0.3029092568 -0.232377526
v -0.09198313054 -0.3844425912 0.4017816265
v -0.431347084 -0.2825441435 -0.2451214198
v -0.08022011857 -0.3672694964 0.4138650994
v -0.3363480308 -0.4965263421 0.0218034499
v -0.267979982 -0.5130232167 0.1501148916
v 0.2049216137 -0.1854043145 0.245207665
v 0.255046024 -0.1978983159 0.2168936227
v -0.3719296286 0.1199002446 -0.3238470169
v 0.06016685857 0.01563730057 0.4871010883
v 0.05459132365 -0.03198967328 0.484219715
v -0.3777273716 0.07232689322 -0.3271454404
v -0.06170268114 0.4137820064 0.07593256435
v -0.3676550046 -0.4198515286 -0.097836629
v -0.179498647 -0.4652528169 0.2552906593
v 0.2548305713 -0.0986393133 0.3608649787
v 0.05186946355 0.4028421658 0.6710186111
v -0.07088697108 0.4334408298 0.740360784
v -0.4865224579 0.5327537317 -0.3394222242
v -0.6092789326 0.5633523958 -0.2700800136
v 0.2826178361 -0.1803445546 0.2077958329
v 0.05665322297 -0.02925648747 0.5113407451
v -0.3985024567 0.08057053596 -0.3428842854
v 0.06921925947 0.1096653537 0.4701113944
v -0.3430008269 0.2091322097 -0.3035331901
v -0.2005301461 -0.5125619583 0.6281366887
v -0.05382121565 -0.5491311201 0.5452642593
v -0.6900207322 -0.3944500619 -0.2905273893
v -0.5433118206 -0.4310192048 -0.373399781
v -0.2653153073 -0.5449297356 0.5277304784
v -0.1186063957 -0.5814988597 0.4448580868
v -0.6476498257 -0.4526741086 -0.1898255593
v -0.5009408764 -0.4892432704 -0.2726979509
v 0.4517776788 -0.3465754467 -0.6257205377
v -0.6260837909 -0.07790417419 -0.01686210977
v 0.7224436657 -0.4118859509 -0.1177411683
v -0.3554178041 -0.1432146713 0.4911172597
v 0.06812885692 0.1291861544 0.4545809425
v -0.328831876 0.224971023 -0.2904252315
v -0.6517960162 -0.4552873646 -0.1960123874
v -0.5050870669 -0.4918565264 -0.2788847885
v -0.2628566095 -0.5491367075 0.5339395711
v -0.116147679 -0.5857058692 0.4510671417
v 0.04575428226 0.3707735759 0.6743438388
v -0.07700216417 0.4013722399 0.7436860117
v -0.4960710864 0.5015136174 -0.3425408522
v -0.6188275611 0.5321122814 -0.2731986415
v -0.3107340372 0.2657445516 -0.2723813219
v 0.0678340924 0.1743977371 0.4381061153
v -0.138201965 -0.0879371513 -0.3383970967
v -0.03340985565 -0.1140579715 -0.397591681
v 0.06016242739 -0.3543032224 0.1303066633
v -0.4188871446 -0.234893749 0.4009104153
v 0.6440041182 -0.4998334864 -0.1994916825
v 0.1649545226 -0.3804240414 0.07111208839
v -0.1185288524 -0.3111858196 -0.2050567766
v -0.5975784197 -0.1917763463 0.06554699436
v 0.4653128431 -0.4567161026 -0.5348551035
v -0.01373675246 -0.3373066387 -0.2642513515
v -0.3233737155 -0.05191601457 0.4709525925
v 0.7245472271 -0.3131242145 -0.1209931281
v 0.06425750239 0.0184833848 0.5037364008
v -0.3829572058 0.126394292 -0.3355852633
v -0.4172377063 -0.1079999314 -0.3148417014
v 0.003251261423 -0.2094620332 0.4743217262
v 0.2330676863 -0.1717523208 0.3637577154
v 0.3497089114 -0.1066990406 0.3074028068
v -0.04628878015 -0.4376827603 -0.02135087935
v 0.05850331269 -0.4638035794 -0.08054545188
v -0.06300715726 -0.4336486943 -0.05272751567
v 0.04178493795 -0.4597695133 -0.1119220906
v -0.00492972184 0.3822251876 0.1987447993
v -0.133683272 0.4132928491 -0.04289673075
v 0.3099029379 -0.2222954756 0.312524556
v 0.2497604296 -0.2073041367 0.3464976014
v -0.4501009833 -0.2336307156 0.3267927956
v 0.5978199215 -0.4948389249 -0.2651529533
v -0.4253205995 0.4230973254 -0.1826885136
v -0.2786116879 0.3865281636 -0.2655609053
v -0.05364175038 0.3334128982 0.514869307
v 0.09306718126 0.2968437364 0.4319968776
v 0.02468764986 0.4321957193 0.6099457903
v 0.171396585 0.3956265575 0.5270733986
v -0.4486964068 0.5464211426 -0.2784898233
v -0.3019874575 0.5098520186 -0.361362215
v -0.4602242405 0.3593344603 -0.216341721
v -0.5829807152 0.3899331243 -0.1469995198
v -0.05244571791 0.2609393182 0.5489670861
v -0.1752021643 0.2915379822 0.6183092968
v 0.2400822633 -0.1210449102 0.3676835831
v 0.1339200123 0.2549557581 -0.007968390295
v 0.2387121075 0.2288349391 -0.06716296242
v 0.100524827 0.2630138858 -0.07064365536
v 0.2053169186 0.2368930667 -0.1298382273
v 0.009987726195 -0.1887323831 0.484339994
v -0.4194681534 -0.08510660334 -0.3216523212
v -0.320571811 0.2461525122 -0.2823143071
v 0.06836733267 0.1523032259 0.4476371889
v -0.524142079 -0.2486607317 0.2023502439
v 0.5237788636 -0.5098689316 -0.3895954672
v -0.04497340304 0.4367159979 0.1259022844
v -0.09080993825 0.4477761554 0.03987740094
v 0.07000454155 0.1229215847 0.4403516633
v -0.3167748298 0.2162496996 -0.2855464187
v 0.3614057434 -0.1636325152 0.2978759237
v 0.01542069641 0.5155127582 0.5567751799
v -0.10733575 0.5461114222 0.6261173905
v -0.4015677217 0.6161301929 -0.2258185351
v -0.5243241586 0.6467288569 -0.1564763339
v -0.4830976772 0.3708764511 -0.2619276749
v -0.6058541142 0.4014751529 -0.1925854737
v -0.02675989097 0.260764185 0.5945159484
v -0.149516328 0.2913628868 0.6638581212
v 0.199635066 -0.1786075875 0.2498122636
v 0.3627014233 -0.151609583 0.2984189158
v 0.2096344482 -0.09447760701 0.2571912263
v 0.01742151006 -0.1670752424 0.4900742375
v -0.4176974545 -0.06208298188 -0.3265464237
v -0.6793265461 -0.4508694703 -0.2466992607
v -0.5326176345 -0.4874385944 -0.3295716712
v -0.2363650623 -0.5577540986 0.5846401579
v -0.08965611292 -0.5943232603 0.5017677285
v -0.2913961844 0.3067709078 -0.2530897534
v 0.06724214604 0.220233102 0.4199939305
v -0.6747215889 -0.4551310698 -0.2366665526
v -0.5280126773 -0.4917002316 -0.3195389442
v -0.2424411533 -0.55943842 0.5746267979
v -0.09573224176 -0.596007544 0.4917544062
v -0.3121702879 0.2137188759 -0.2853188475
v 0.07214546954 0.1209851907 0.4359555522
v -0.05693217043 0.3665462933 0.4944234602
v 0.08977676415 0.3299771316 0.4115510686
v -0.4069288963 0.4509989232 -0.1624418672
v -0.2602199847 0.4144297992 -0.2453142588
v 0.2097887516 0.08440164529 0.2016024641
v 0.3145808515 0.05828082625 0.1424078986
v -0.2474366587 0.3378214299 -0.2015999158
v 0.05308499275 0.2653069263 0.3624117683
v -0.08484967141 -0.3709277943 -0.1190721796
v -0.5638992387 -0.2515183304 0.1515315866
v 0.4989920241 -0.5164580772 -0.4488705207
v 0.0199424238 -0.3970486133 -0.1782667498
v 0.002380861923 -0.391976131 0.04463995534
v -0.4766687148 -0.2725666671 0.3152437451
v 0.586222548 -0.5375064139 -0.2851583811
v 0.1071729571 -0.41809695 -0.01455461484
v -0.2764752065 -0.49076201 0.1005756428
v -0.2981930812 -0.4855216051 0.05981611085
v -0.1665584032 -0.4705939828 0.3110296004
v -0.4066035465 -0.4126721626 -0.1394812839
v 0.1590137737 0.1817183913 0.06877257474
v -0.320035803 0.3011278363 0.3393763362
v 0.7428554598 0.0361880989 -0.2610257711
v 0.2638058736 0.1555975722 0.00957799513
v 0.04405947507 0.2094563515 -0.1469708469
v -0.4349901111 0.3288658154 0.1236329146
v 0.6279011517 0.06392604966 -0.4767692116
v 0.1488515703 0.1833355136 -0.2061654218
v 0.02776492954 -0.1437034652 0.4741880451
v 0.8062205283 -0.3377438488 0.03445692675
v -0.3963897969 -0.0413568262 -0.3218552024
v 0.3820657593 -0.235397205 -0.7615862924
v 0.05584560565 -0.03259067667 0.4809992878
v -0.3744450305 0.0712365296 -0.3265597126
v 0.04082346088 -0.1002244677 0.4842504077
v -0.3926979183 0.004382303205 -0.3293719613
v 0.06671263264 0.0831767889 0.4669054264
v -0.3445765726 0.1824190184 -0.3049921111
v 0.4725134637 -0.4754720405 -0.5321337248
v -0.605348006 -0.2068007562 0.07672471265
v 0.6438545811 -0.5168158563 -0.2105649495
v -0.4340069264 -0.2481445909 0.3982934974
v 0.06744004272 0.1735608239 0.4366152746
v -0.3098225065 0.2645925762 -0.2714219212
v -0.1652184965 -0.4603678882 0.3044741299
v -0.3993993394 -0.403861083 -0.1350307763
v 0.06935717119 0.09830642407 0.441026902
v 0.8478127546 -0.0957339471 0.001295797794
v -0.3202862522 0.1923256526 -0.2902463797
v 0.4581693041 -0.001714730996 -0.7299775263
v -0.03799120817 -0.4244891793 -0.01248362427
v 0.06680088822 -0.4506099984 -0.07167819916
v -0.2484555193 0.3391851205 -0.2020248941
v 0.05300291912 0.2664445559 0.3637449551
v -0.1456701177 -0.09086225299 -0.3503272384
v -0.0408780272 -0.1169830738 -0.4095218038
v 0.1871281816 -0.1711649979 0.2742605399
v 0.2919202815 -0.1972858217 0.2150659555
v -0.6837915175 -0.3638007719 -0.2930243681
v -0.5370825682 -0.4003699148 -0.3758967597
v -0.1917454743 -0.4825292777 0.6304356563
v -0.04503654386 -0.5190984394 0.5475632269
v -0.4903850149 -0.2452242855 0.2605938841
v 0.5575358899 -0.5064324854 -0.3313518459
v 0.2876018458 -0.2250050473 0.3226654813
v -0.180177793 0.3852031313 -0.1182829996
v 0.02769345017 0.3350447061 0.271844691
v 0.2543549671 -0.1980999041 0.2171700455
v 0.06298026342 0.03896192512 0.483614356
v -0.3650299698 0.1422388813 -0.3196647917
v -0.3206903534 -0.462340751 -0.002076747799
v 0.4577652029 -0.6563811156 -0.441807885
v -0.2359883692 -0.4827789718 0.1568898543
v 0.5424671871 -0.6768193364 -0.2828412545
v 0.06299562863 0.03811186471 0.4802110186
v -0.3623219554 0.1407390934 -0.318014655
v -0.3267576859 -0.6040157631 0.08630406214
v -0.59622311 -0.5368479373 0.2385186644
v -0.568370628 -0.5457156642 -0.3671491607
v -0.8378360143 -0.4785478384 -0.2149345585
v -0.08514478159 -0.6623158996 0.539757285
v -0.3546101679 -0.5951480738 0.691971925
v -0.3673384511 0.09305803457 -0.3236080822
v 0.05972953997 -0.009991558059 0.4779026884
v 0.06145739227 0.2248925736 0.3856960639
v -0.2660584625 0.3039206803 -0.2289776808
v -0.4250022716 -0.06168428158 -0.3313481273
v 0.01728303913 -0.1684057441 0.4987221325
v -0.3633006853 -0.4327463752 -0.0787320138
v -0.1940596373 -0.4735834788 0.2388954896
v -0.4289166627 -0.3237103344 -0.2196898833
v -0.1040282281 -0.4021044469 0.3900527993
v -0.1908800581 -0.4792843492 0.268555328
v -0.3864151708 -0.4321025842 -0.09842017664
v -0.3812248256 -0.4098714662 -0.1153323885
v -0.1717548644 -0.460415645 0.2777957085
v -0.3885764556 -0.4347258446 -0.09928783438
v -0.1916630232 -0.4822401701 0.2702744949
v -0.5025240593 0.2576263222 0.01721100763
v 0.5453968456 -0.003581868264 -0.5747347319
v -0.04637040075 0.4299117771 0.1249801642
v -0.09155819 0.4408153755 0.04017281314
v 0.09379244418 -0.343146098 0.1849185455
v 0.1985845406 -0.369266917 0.1257239611
v -0.3796477963 -0.3933401614 -0.1337822256
v -0.1540058007 -0.447786575 0.2896971772
v -0.08360118204 0.3652891775 0.4477660755
v -0.206357619 0.3958878416 0.5171082861
v -0.3838518612 0.4377383318 -0.1157370749
v -0.5066082982 0.4683369958 -0.046394869
v -0.2586713075 -0.4954898511 0.1440961841
v -0.3243244332 -0.4796480554 0.02087998002
v -0.1813355257 0.38651042 -0.1181131234
v 0.02703975392 0.3362303945 0.2729605374
v -0.1777926934 -0.4696588946 0.2863138864
v -0.3925805085 -0.4178315887 -0.1167946223
v -0.10314588 0.4353547611 0.01910522278
v -0.03620976875 0.4192033584 0.1447292912
v 0.4594287983 -0.2538138059 -0.653108779
v -0.6184326715 0.01485746898 -0.04425034392
v 0.758970809 -0.3260919608 -0.09093560406
v -0.3188906607 -0.05742068595 0.517922831
v -0.4138047334 -0.1081994296 -0.3141484926
v 0.004596217506 -0.209157702 0.4710961647
v -0.4041240094 0.03140425217 -0.3367982466
v 0.04331889649 -0.07656171684 0.5029516802
v 0.1168589287 -0.3100709925 0.211158039
v 0.2216510239 -0.3361918115 0.1519634736
v -0.1431041088 -0.4383610192 0.3078533057
v -0.3873913335 -0.3794156193 -0.1506189988
v -0.4053896194 0.4544258558 -0.1612290915
v -0.2586807078 0.4178567317 -0.2441015021
v -0.0566977566 0.3702880806 0.493187297
v 0.09001117208 0.3337189188 0.4103149054
v 0.06869389765 0.1454007924 0.433584251
v -0.3095992013 0.2366812005 -0.276387017
v -0.03588576858 0.310779189 0.5562902886
v 0.1108231666 0.2742100272 0.473417897
v -0.4516449793 0.4111000034 -0.223996493
v -0.3049360677 0.3745308794 -0.3068688941
v 0.2942023927 -0.153998321 0.1744328468
v 0.2842573266 -0.1757532921 0.1757741503
v 0.01003242027 0.3673384133 0.2411723343
v -0.1615902684 0.4087501834 -0.08092491617
v -0.04541282162 -0.3099140937 0.4397383762
v -0.4268971003 -0.2178636413 -0.276222058
v 0.2439395256 -0.07788427397 0.2371739065
v -0.58438616 -0.4692960945 -0.4292232118
v -0.8538515464 -0.4021282687 -0.2770085907
v -0.03524878247 -0.6018004924 0.6013844614
v -0.3047141594 -0.5346326666 0.7535991015
v -0.4176626846 -0.1304254936 -0.3083742505
v -0.004650684721 -0.2300834379 0.4667565688
v -0.2333012696 -0.6046413574 0.6107539173
v -0.3560577066 -0.5740426934 0.6800960901
v -0.7039396492 -0.4910784125 -0.2725287826
v -0.8266961239 -0.4604797485 -0.2031865814
v -0.6876696663 -0.3790819073 -0.2931467612
v -0.5409607547 -0.4156510502 -0.3760191529
v -0.1954399956 -0.4978547343 0.6306579422
v -0.04873105572 -0.5344238583 0.5477855128
v -0.2394408979 -0.4885981958 0.1594765704
v -0.3253681726 -0.4678642985 -0.001789693023
v 0.1882485394 -0.1675446411 0.2746463312
v 0.2930406393 -0.1936654554 0.2154517469
v 0.1683726211 -0.1627486712 0.2373436978
v 0.273164721 -0.1888694902 0.1781491134
v -0.6092772715 -0.3757582463 -0.1558354593
v -0.4625683599 -0.4123274081 -0.2387078604
v -0.2634474339 -0.4592054554 0.4932096464
v -0.1167384845 -0.4957746171 0.4103372547
v 0.256964429 -0.06716147869 0.2449962518
v 0.7538840563 0.04180594242 -0.2622831889
v -0.3239774135 0.3104772079 0.346575258
v 0.6357365782 0.0703143905 -0.4840194765
v -0.4421248916 0.3389856748 0.1248389703
v -0.06779480753 -0.3468477922 0.4205246532
v -0.4276527515 -0.2600156879 -0.2548479374
v 0.2942260634 -0.1539119247 0.1744319218
v 0.3599921819 -0.1697810106 0.2978592371
v 0.2374091604 -0.1876026343 0.3579142166
v -0.2720741875 -0.5155952848 0.5028208306
v -0.1253652571 -0.5521644466 0.4199484389
v -0.6279544203 -0.4297229775 -0.165086552
v -0.4812455087 -0.4662921016 -0.2479589437
v 0.3591062284 -0.1260265416 0.3019219949
v -0.5520756531 -0.2116215153 0.1365551883
v 0.4958453273 -0.4728297152 -0.4553905418
v 0.2698022317 -0.08433108732 0.2225646876
v -0.4257533926 -0.30058609 -0.2300924701
v -0.09128531595 -0.3812917416 0.3976290559
v -0.3923799302 -0.3810577903 -0.1503436898
v -0.1463131536 -0.4404326043 0.3114684716
v 0.7074278161 0.1946984072 -0.4119916008
v 0.7483532603 0.1848232774 -0.3351836537
v -0.2195224516 -0.5941601324 0.6305215052
v -0.3422788886 -0.5635614683 0.6998636781
v -0.7112716857 -0.4755032617 -0.2923814077
v -0.834028085 -0.4449045977 -0.2230392065
v 0.1685140226 -0.1225765659 0.2454436739
v 0.234279471 -0.1384454819 0.3688713478
v -0.4351666034 -0.2848598543 -0.2478977282
v -0.08034083174 -0.3704777296 0.4180306569
v 0.7360587517 0.06204494402 -0.3027702149
v -0.3418027558 0.3307162095 0.3060882319
v 0.6610042695 0.08015524114 -0.4436305689
v -0.4168572003 0.3488265066 0.1652278402
v -0.4300727154 -0.1752933552 -0.2965174428
v -0.02608545453 -0.2727736632 0.4616759697
v -0.4179702153 -0.2974928694 -0.227556682
v -0.08865263636 -0.3769557322 0.3904985414
v 0.1666891396 -0.1334488959 0.2447277004
v 0.2905338827 -0.1643188389 0.1747707304
v 0.6739518183 -0.5940411369 -0.1232065536
v 0.4097462038 -0.5302895221 -0.6190612105
v -0.3443215554 -0.4849731766 0.001229273419
v -0.2543950601 -0.5066720241 0.1700010974
v 0.3409615578 -0.203199521 0.3018206676
v 0.6183277199 -0.5356775764 -0.2474319774
v -0.4595337499 -0.2670062921 0.3614264695
v 0.4863563853 -0.5038334621 -0.4951125918
v -0.5915051223 -0.2351621872 0.1137458362
v -0.4744691114 0.4448691482 -0.27930333
v -0.3277601998 0.4082999865 -0.3621757405
v 0.0001355215287 0.3303491811 0.6114230401
v 0.1468444473 0.2937800193 0.5285506484
v -0.2058994564 -0.4078570003 0.572428176
v -0.05919051651 -0.4444261621 0.4895557844
v -0.6363632296 -0.3039880116 -0.2354557778
v -0.489654318 -0.3405571545 -0.3183281883
v -0.2816499978 -0.4859404675 0.07745021859
v -0.4030305123 -0.3868728238 -0.1517904073
v -0.1517404704 -0.4475080003 0.3198246541
v 0.1742651886 -0.1051665641 0.2441366306
v 0.2968642548 -0.1357260167 0.1748833268
v -0.4159333246 -0.1304824217 -0.308083916
v -0.003920337033 -0.2298993102 0.4651719891
v -0.05180017145 0.3281471615 0.5204530318
v 0.09490876136 0.2915780375 0.4375806402
v -0.4294135592 0.4192636111 -0.1882425651
v -0.2827046476 0.3826944494 -0.2711149567
v -0.3458982449 0.1832982897 -0.3057393813
v 0.06667303985 0.08374667963 0.4685643405
v -0.488113531 -0.2789477028 0.2794963012
v -0.01654909553 -0.3964913885 0.01312072835
v 0.08824299879 -0.4226122076 -0.0460738489
v 0.5598074116 -0.5401559122 -0.3124494288
v -0.4107262173 -0.01576160965 -0.332665024
v 0.03124313455 -0.122406836 0.4968122784
v 0.2308595131 -0.1975086644 0.2667994658
v 0.2567177362 -0.2039541623 0.2521927385
v -0.2164811027 0.3866329642 -0.1570689798
v 0.03917561763 0.3249441381 0.322741288
v 0.1937801094 -0.1664697701 0.2559977987
v 0.001605494547 0.3796627462 0.2227962795
v -0.1499807763 0.416239836 -0.06169714688
v -0.4994836731 0.4056847674 -0.3062956623
v -0.6222400723 0.4362834691 -0.2369534516
v 0.004033943318 0.2841882398 0.6386939092
v -0.1187225031 0.3147869039 0.7080360821
v -0.4463286922 0.3153234781 0.09123359522
v 0.02523572916 0.1977797924 -0.1751419871
v 0.1300278244 0.1716589734 -0.2343365714
v 0.6015922504 0.05411527821 -0.5007121348
v -0.05810257849 0.264154158 0.5375341241
v -0.1808590155 0.2947528221 0.6068763725
v -0.4537035776 0.3596108831 -0.2049201791
v -0.5764600524 0.3902095848 -0.1355779685
v -0.4373980698 -0.2865426279 -0.2500177308
v -0.08003798232 -0.3727720159 0.4206669418
v 0.4254691928 -0.5735590102 -0.5721332546
v 0.6397952588 -0.6252749089 -0.1698913891
v 0.0440939005 0.3064229821 0.337820033
v -0.2280180724 0.3720823747 -0.1728730798
v -0.2280883484 -0.5528971066 0.5971490999
v -0.08137941799 -0.5894662684 0.514276746
v -0.6844026527 -0.4427905034 -0.2592504664
v -0.5376937411 -0.4793596652 -0.3421228769
v -0.2531729785 -0.5035451851 0.1689838224
v -0.3424700288 -0.4819982152 0.00139334045
v -0.263153343 0.3291237395 -0.2186128557
v 0.05725579309 0.2518104581 0.3827232167
v -0.4025516614 0.00662304725 -0.3321826998
v 0.03781155885 -0.09963462518 0.4942802655
v 0.3520355703 -0.110344856 0.3061084672
v 0.009891259481 -0.1915439428 0.4979978913
v -0.4310108238 -0.08515624061 -0.329476422
v 0.06672639337 0.170188972 0.4305143425
v -0.3055803495 0.2600249183 -0.2682218614
v -0.6344064494 -0.3039050697 -0.2320282223
v -0.4876975 -0.3404742126 -0.3149006328
v -0.2075970478 -0.4068922577 0.5689972417
v -0.06088811738 -0.4434614006 0.4861248123
v 0.3963285815 -0.3029916325 -0.74311429
v 0.7919970252 -0.3984646477 -0.0005334549818
v -0.1897576805 -0.4421465237 0.6161349119
v -0.04304874062 -0.4787156854 0.5332625203
v -0.6666981557 -0.3270629326 -0.2789753187
v -0.5199892063 -0.3636320944 -0.3618477103
v -0.4678169571 0.2647243696 0.07552079937
v 0.5801039855 0.00351617916 -0.5164249307
v -0.05750006972 -0.3365132918 0.4441119869
v -0.4400930974 -0.2441952978 -0.2739293007
v 0.06727967896 0.03403271294 0.4657112438
v -0.3484562315 0.1343479211 -0.3145317545
v -0.6535530865 -0.5046284135 -0.1773502358
v -0.7763095612 -0.4740297117 -0.1080080299
v -0.2843378524 -0.593718392 0.5155838836
v -0.4070942894 -0.563119728 0.5849260943
v 0.2961524719 -0.0783216728 0.3372295484
v -0.165598474 0.3906516272 -0.1008034004
v 0.02215715175 0.3453470605 0.2515717877
v -0.4982645362 0.400849332 -0.302003691
v -0.6210209732 0.4314479961 -0.2326614804
v 0.0006942092431 0.2804528327 0.6344299313
v -0.1220622277 0.3110514968 0.7037721042
v 0.02342036925 0.4382426278 0.6050339819
v 0.1701293044 0.4016735038 0.522161628
v -0.4447482274 0.5512096517 -0.2736133701
v -0.2980392781 0.5146404899 -0.3564857806
v -0.4190821733 -0.3586136545 -0.1876904274
v -0.1283874466 -0.4287569702 0.3578783518
v -0.3154404349 -0.02714739062 0.4740671998
v 0.7324805077 -0.2883555905 -0.1178785208
v 0.2421316123 -0.2137681616 0.2341802389
v -0.3520530874 0.3332538475 0.2502174596
v 0.1195113434 0.2157101618 -0.01615810851
v 0.2243034386 0.1895893427 -0.07535268399
v 0.6958678552 0.07204565703 -0.3417282515
v -0.1012834429 -0.3491740171 -0.1577641612
v -0.5803329913 -0.2297645437 0.1128396097
v 0.4825582337 -0.4947043 -0.4875624976
v 0.003508657002 -0.3752948361 -0.2169587361
v 0.02712111969 -0.3801574531 0.08322238431
v -0.4519284618 -0.2607479892 0.3538261647
v 0.6109628011 -0.5256877361 -0.2465759615
v 0.1319132149 -0.4062782722 0.02402780942
v -0.6466427438 -0.5002729616 -0.1670388492
v -0.7693992185 -0.4696742976 -0.0976966409
v -0.2884357199 -0.586706722 0.5052354336
v -0.4111921569 -0.556108058 0.5745776443
v 0.03808221967 -0.09994102664 0.5064940218
v -0.4124401744 0.008768004122 -0.3390354136
v 0.3563446811 -0.1802001802 0.298262017
v -0.1898141392 -0.4764945632 0.2667150893
v -0.3840126862 -0.4296353166 -0.09775205192
v 0.06764151408 0.1492106282 0.4413915142
v -0.3161884224 0.2418270735 -0.2789711848
v -0.0682289219 0.4394481361 0.0827098111
v 0.02609067851 0.4152661649 0.6199001056
v 0.1727996042 0.3786970409 0.5370276762
v -0.4578467857 0.5320381358 -0.2883419053
v -0.3111378364 0.495468974 -0.3712143158
v 0.3567236016 -0.1195879759 0.3034050208
v 0.2011940685 -0.1056493799 0.2614851795
v 0.2099739741 -0.08597615105 0.2731916951
v -0.4077441585 -0.2952896417 -0.2267879685
v -0.08328938531 -0.3735791236 0.382140811
v -0.2995686262 0.2018868149 0.4010990261
v 0.7483522787 -0.05932138034 -0.190846685
v -0.3892274195 0.10260302 -0.3369136744
v 0.05930706748 -0.005626337796 0.504884903
v 0.3249331522 -0.2157369565 0.3068646847
v -0.4936630145 0.3876919178 -0.2880516085
v -0.6164194137 0.4182905819 -0.2187094073
v -0.009532866904 0.2708734738 0.6205520134
v -0.1322893039 0.3014721378 0.6898941862
v -0.2354908686 0.3232742381 -0.1979168995
v 0.5429647254 0.1292338545 -0.6376480179
v 0.05526411079 0.25311635 0.347764948
v 0.8337196482 0.05907596642 -0.09196618917
v 0.06050449679 0.2278300846 0.3899530198
v -0.2697742006 0.3075248602 -0.2299059924
v 0.2324823171 -0.1493262401 0.3682288782
v -0.3827284265 -0.4284679004 -0.09749497252
v -0.1891782951 -0.4751707012 0.2657551978
v -0.2742476663 0.1157152446 0.4839496724
v 0.7736732385 -0.1454929506 -0.1079960482
v 0.4459191168 -0.09173099493 -0.7485473074
v 0.8466446966 -0.1884242861 0.003524739507
v 0.04433367517 0.2951913157 0.3269099789
v -0.2201259797 0.3590042404 -0.1694214383
v 0.06831058143 0.1461476095 0.435124887
v -0.3109989455 0.2376732947 -0.2767540265
v -0.1282329074 0.4067365858 -0.04486775307
v -0.0009347389567 0.3760201344 0.1940423656
v -0.4138539247 -0.3547027178 -0.1851468057
v -0.1271143805 -0.4238917105 0.3529990105
v 0.2533204581 -0.2107972492 0.343730429
v 0.2583960928 -0.09507876967 0.3589479139
v -0.2690308189 -0.6078840585 0.548932807
v -0.3917872559 -0.5772853944 0.6182750176
v -0.6737502207 -0.5102270882 -0.2106346592
v -0.79650662 -0.4796284242 -0.1412924533
v 0.2741800896 -0.2225920298 0.3299596522
v 0.06937873133 0.06570569584 0.4919646869
v -0.3654503801 0.1706280131 -0.3241120007
v -0.4224624817 -0.3401031446 -0.2028313505
v -0.1159341705 -0.4140670368 0.3724534804
v -0.349564603 0.1859580378 -0.3084118518
v 0.06707772154 0.08542411129 0.4735323244
v -0.4188697785 -0.01451197827 -0.3391563721
v 0.03210637525 -0.1233305135 0.5072247187
v 0.167610939 -0.1592181508 0.2386646528
v -0.1393651341 -0.3044955543 -0.2448954342
v -0.03457304357 -0.3306163734 -0.3040900185
v -0.3506936627 0.2934504789 0.2701881175
v 0.6972272799 0.03224228846 -0.3217576315
v -0.1863445842 0.3936857465 -0.1180999903
v 0.02496302028 0.3426981663 0.2784769875
v 0.288250186 -0.1978611487 0.2167375922
v 0.189932087 -0.1733540259 0.2722751811
v -0.002665948857 0.3718038378 0.1928381031
v 0.7757896357 0.1777634542 -0.2468930058
v -0.128665606 0.4022069823 -0.04363496868
v 0.6497899691 0.2081666177 -0.4833660964
v -0.2208309294 -0.4054609147 0.5449377014
v -0.07412199899 -0.4420300576 0.462065272
v -0.621995286 -0.3086617536 -0.2079578377
v -0.4752863744 -0.3452308965 -0.2908302388
v 0.3597990031 -0.1704782919 0.2978685242
v -0.1274832399 -0.1059116432 -0.3114901603
v -0.6065328261 0.01349782723 -0.04088638935
v 0.4563584367 -0.2514419291 -0.6412885155
v -0.02269114942 -0.1320324628 -0.3706847257
v 0.1639630324 -0.1762363241 0.2354891132
v -0.3150865443 -0.05682686023 0.5060928652
v 0.7478047185 -0.3217666165 -0.09430923739
v 0.2687551323 -0.2023571432 0.1762945288
v -0.1370230532 0.4194056733 -0.0421355441
v -0.00679096974 0.3879812519 0.2022808362
v -0.07850563296 0.4278095748 0.05972984671
v -0.05641350966 0.4224788662 0.1011918179
v -0.338807748 0.205318391 -0.2994134073
v 0.0678036758 0.1072048815 0.4637049702
v -0.7048932738 -0.3459253134 -0.3382687387
v -0.8276497485 -0.3153266304 -0.268926528
v -0.1646742019 -0.4762777514 0.6756012944
v -0.2874306389 -0.4456790873 0.7449434672
v -0.2348786386 -0.3645426247 0.5020130056
v -0.3576350756 -0.3339439606 0.5713551785
v -0.5904231397 -0.2787513339 -0.1652642901
v -0.7131796144 -0.2481526604 -0.09592208657
v 0.3609410497 -0.1328904512 0.3006419635
v 0.2735296165 -0.2071032281 0.2212879595
v 0.03365501947 0.3226769958 0.2906522364
v -0.1935343321 0.3774967802 -0.1357311958
v 0.02478471589 0.3483233054 0.2826513791
v -0.1892731667 0.3999745344 -0.119087205
v -0.4926840203 0.5142188716 -0.3421511346
v -0.6154404195 0.5448175734 -0.2728089428
v 0.04868169923 0.3835897466 0.6738708017
v -0.07407474247 0.4141884106 0.7432130501
v -0.05733898985 0.4292089792 0.1029090784
v -0.07972518515 0.4346106621 0.06089520538
v 0.2957469172 -0.158181523 0.2051262315
v 0.2563709242 -0.07903825503 0.2300171919
v 0.2416758375 -0.1963783777 0.353526713
v 0.269454004 -0.08670015163 0.3527369336
v -0.3824973821 -0.4497223272 -0.08082073264
v -0.2049513437 -0.4925634015 0.2523933546
v -0.09768398206 0.04915212665 -0.3271616362
v 0.007108103708 0.02303130761 -0.3863562016
v -0.05688209193 -0.3386080946 0.4468570364
v -0.4422151574 -0.245628953 -0.2763266132
v -0.3385232084 -0.103957479 0.4670978501
v 0.7093977342 -0.3651656707 -0.1248478752
v 0.06797355433 0.1270683792 0.4497695554
v -0.3251997216 0.2219393198 -0.2881284535
v 0.2817530617 -0.09362225772 0.2161657195
v -0.1408157873 -0.4412344644 0.3413824211
v -0.4138807289 -0.3753451222 -0.1710991814
v -0.2401852612 -0.6080806728 0.6000847988
v -0.3629416981 -0.5774820087 0.6694270471
v -0.6994373784 -0.4972651935 -0.2618283296
v -0.8221938532 -0.4666665295 -0.192486119
v -0.1034589981 -0.4072449968 0.3947804139
v -0.433011661 -0.327725411 -0.2237160024
v 0.1970106353 -0.1740575978 0.2523868989
v 0.07096495919 0.1623147172 0.41562821
v -0.2918234656 0.2498539422 -0.2652442762
v 0.3396321273 -0.09491442303 0.3128967188
v -0.2997465153 0.2771714732 0.3675632664
v 0.7481744651 0.01596327331 -0.2243824731
v 0.06310146501 0.2096027929 0.4047244984
v -0.2823361846 0.2929553568 -0.2435844646
v 0.3278387247 -0.2139550075 0.3058732323
v 0.03427691879 -0.1219286434 0.4761076393
v 0.8127325081 -0.3159690246 0.03637650205
v -0.3920000282 -0.01906992432 -0.3239185764
v 0.3864555281 -0.2131102984 -0.7636496853
v 0.2936443939 -0.1635067668 0.2054011819
v 0.2036290956 -0.07322158872 0.2602525273
v 0.3084211956 -0.09934240895 0.201057943
v -0.08197226215 0.3780502675 0.4450186853
v -0.2047286991 0.4086489315 0.5143608582
v -0.3793383025 0.4498033815 -0.1130706919
v -0.5020947394 0.4804020455 -0.04372848835
v -0.2633761952 0.3016756985 -0.228710866
v 0.06251331394 0.2230400276 0.3829106571
v -0.242383581 0.36554797 -0.1925321485
v 0.05142223731 0.2946539486 0.3588754294
v -0.67048887 -0.5100888013 -0.2049221045
v -0.7932452692 -0.4794901373 -0.1355798986
v -0.2718601317 -0.6062761478 0.5432145705
v -0.3946165687 -0.5756774837 0.6125567434
v -0.2777333793 0.1991184155 0.4409755588
v 0.1938310467 0.08157472982 0.1745999953
v 0.2986231372 0.05545390133 0.1154054299
v 0.7701875633 -0.06208978674 -0.1509701524
v -0.6058498104 -0.1039474638 -0.006154649019
v -0.1342854221 -0.2214911521 -0.2725302172
v -0.02949333161 -0.2476119712 -0.3317248015
v 0.4420710944 -0.3651556663 -0.5981003838
v -0.06490000388 0.1164839204 -0.2988357207
v 0.03989208661 0.09036310134 -0.3580303051
v 0.06805575066 0.1515340405 0.4460913809
v -0.3195616334 0.245064376 -0.2813795021
v -0.153716712 -0.4599837957 0.3290812681
v -0.4130437591 -0.3974093371 -0.15761738
v 0.1760225608 0.217639666 0.08303220681
v 0.2808146513 0.1915188658 0.02383763191
v 0.04574103118 0.2490760171 -0.1614769924
v 0.1505331264 0.222955198 -0.2206715673
v -0.3664240889 -0.4342974308 -0.07835216727
v -0.1962939162 -0.4753490811 0.2409439514
v -0.131081908 -0.4273676079 0.324285133
v -0.392925414 -0.3641859404 -0.1671364013
v -0.2934797748 0.1591800068 0.4307233773
v 0.7544411301 -0.1020281946 -0.1612223433
v -0.106118765 -0.3405968322 -0.1701089748
v -0.5851683134 -0.2211873683 0.1004947962
v 0.4777229117 -0.4861271152 -0.49990733
v -0.001326655628 -0.3667176513 -0.2293035591
v 0.03541682766 -0.3747487294 0.09552156472
v -0.4436327585 -0.2553392655 0.3661253168
v 0.6192585043 -0.5202790312 -0.2342767905
v 0.1402089276 -0.4008695484 0.03632698983
v 0.2155599168 -0.08900083344 0.253869887
v 0.2489664786 -0.07793566437 0.2342526479
v -0.3529205611 -0.1211486018 0.4491961726
v 0.6950003815 -0.3823567923 -0.1427495386
v 0.0102427245 0.3778805329 0.2473498471
v -0.1654233031 0.4202679749 -0.08233589051
v -0.05640178755 0.4395595811 0.1043248862
v -0.07926687152 0.445076824 0.06141224281
v -0.1641966346 0.415235057 -0.08142827898
v 0.009659785614 0.3732842965 0.2448612116
v 0.00839338747 0.4621590866 0.5678781108
v 0.1551023179 0.4255899626 0.4850057191
v -0.4202463428 0.5655879394 -0.2365824592
v -0.2735374312 0.5290187777 -0.3194548697
v 0.2330279614 -0.2127097459 0.238887958
v 0.03975031234 0.3082316221 0.3078170634
v -0.2056882697 0.3674548793 -0.1528161012
v -0.2971486245 -0.5597733589 0.4779260571
v -0.4199050615 -0.5291746949 0.5472682677
v -0.6263347686 -0.480342208 -0.1398824263
v -0.7490911679 -0.449743544 -0.07054022039
v -0.684503527 -0.300530594 -0.3222041286
v -0.8072600017 -0.26993193 -0.252861918
v -0.1615689383 -0.426712378 0.6592268129
v -0.2843253564 -0.3961137139 0.7285689858
v -0.373748877 0.09546867366 -0.3250894658
v 0.05758601533 -0.008610501283 0.4844293916
v -0.4128438603 -0.06254188539 -0.3245738253
v 0.01849105325 -0.1666210674 0.4849450133
v -0.5030919302 0.4326828002 -0.3245967976
v -0.6258483672 0.4632814642 -0.2552545869
v 0.01984267735 0.3065010162 0.6568341439
v -0.1029137596 0.3370996803 0.7261763168
v -0.0383260999 0.4863126303 0.4745124133
v -0.1610825369 0.5169112943 0.543854624
v -0.3675122252 0.5657437812 -0.1432960748
v -0.4902686622 0.5963424452 -0.07395387063
v -0.1452960673 -0.4396724984 0.3102576402
v -0.3907346447 -0.38044926 -0.1503754961
v 0.2628900392 -0.06799426268 0.2415825514
v -0.2444145069 -0.5596175172 0.5712124746
v -0.09770557641 -0.596186679 0.4883400452
v -0.6730542182 -0.4561886644 -0.233248152
v -0.5263453067 -0.4927578262 -0.3161205437
v -0.3762007039 -0.4416242198 -0.0786321246
v -0.2023442791 -0.4835749802 0.2476573778
v -0.2919017262 -0.5122632239 0.1074309237
v -0.3147668196 -0.506745981 0.06451828035
v -0.2039679891 -0.4878973988 0.2501751015
v -0.3796340167 -0.4455099945 -0.0795106326
v -0.2922337959 0.1241298112 0.4483957848
v 0.7556871844 -0.1370783911 -0.1435499452
v 0.2359128739 -0.200104762 0.2255008018
v 0.2719744081 -0.1896802315 0.2108663454
v 0.02747881857 0.1993660333 -0.1718710189
v -0.4515707582 0.318775516 0.09873276145
v 0.6113205047 0.05383575031 -0.5016693459
v 0.1322709185 0.1732452142 -0.2310655938
v 0.1690144018 0.1652141361 0.09375953002
v -0.3100351655 0.2846236 0.364363301
v 0.7528560595 0.01968385317 -0.2360388252
v 0.2738065111 0.1390933171 0.03456494569
v -0.3703932587 -0.1516820628 0.4317378209
v 0.6775276839 -0.412890258 -0.1602079186
v 0.04660830432 0.2908049447 0.3219415421
v -0.2152352182 0.3539866122 -0.1694799827
v -0.1589639123 0.4041966826 -0.08108839096
v 0.01116622741 0.3631450323 0.2382077171
v 0.01715461976 -0.4244587132 0.0851275382
v 0.121946715 -0.4505795322 0.02593296331
v -0.1131269052 -0.3930223809 -0.159381661
v -0.008334814686 -0.4191431811 -0.2185762359
v 0.0418007609 0.3302414736 0.3265025555
v -0.2175262767 0.3928159322 -0.1601960926
v -0.04697926135 -0.3134043181 0.4476086104
v -0.434596656 -0.2198739732 -0.2798622915
v -0.1493859691 -0.2249839343 -0.2977214221
v -0.04459386914 -0.2511047533 -0.3569160065
v -0.5246963591 0.2240515643 -0.007224994448
v -0.05313193309 0.1065078597 -0.273600572
v 0.05166016683 0.08038704062 -0.3327951375
v 0.5232245835 -0.03715664509 -0.5991707386
v -0.3750707759 -0.1942913329 0.4422593655
v 0.09649363368 -0.3118350281 0.175883802
v 0.2012857312 -0.3379558471 0.1166892177
v 0.6728501667 -0.4554995328 -0.1496863551
v -0.392800718 0.6122465323 -0.208584574
v -0.515557155 0.6428451963 -0.1392423681
v 0.005828006176 0.5160592236 0.539552101
v -0.1169284355 0.5466579254 0.6088943116
v -0.4223677233 -0.3618959956 -0.1901583085
v -0.1285619003 -0.4327900169 0.3612492599
v -0.4112104668 -0.295827745 -0.2267610699
v -0.08532095297 -0.3744634159 0.3848604532
v -0.2853225472 -0.4438329593 0.4477006884
v -0.4080789842 -0.4132342764 0.517042899
v -0.5826885875 -0.3720798453 -0.1103886747
v -0.7054450622 -0.3414811812 -0.04104647114
v 0.177471619 -0.1789425642 0.2605975083
v 0.282263719 -0.2050633832 0.2014029429
v 0.1961156873 -0.1157113644 0.2635122924
v 0.05069758787 -0.05556103309 0.475891054
v 0.8291531229 -0.2496014166 0.03615993564
v -0.3755793756 0.04729768362 -0.3241351429
v 0.4028761806 -0.1467426905 -0.7638662329
v 0.264499762 -0.09001483347 0.3555569216
v -0.07850181998 -0.3627168073 0.4065921075
v -0.4239394672 -0.2793642623 -0.2417168366
v -0.431051332 -0.2535248682 0.3692950425
v 0.6168695728 -0.5147330587 -0.2226506781
v 0.2510694171 -0.2086604279 0.3454612236
v -0.0494789677 -0.3244848996 0.4172167538
v -0.4122674196 -0.2369456841 -0.2636557325
v 0.2901705918 -0.1045382649 0.2116866476
v 0.06176866754 0.2605575286 0.3926011968
v -0.2677840095 0.3400771333 -0.2258952196
v 0.03477652406 0.5032356157 0.5964583072
v -0.08797990821 0.5338342798 0.6658005556
v -0.4244755885 0.614051095 -0.26545484
v -0.5472320255 0.644649759 -0.1961126388
v 0.04448941073 0.3077156984 0.3389384089
v -0.2285755238 0.3736050405 -0.173543203
v 0.2042731509 -0.1846949005 0.2457401054
v -0.03563828299 -0.2917007893 0.4511361153
v -0.4288115601 -0.1968298393 -0.2867618936
v -0.2874862481 0.1023191222 0.4664247256
v 0.7604346945 -0.1588890824 -0.1255210092
v 0.07104653968 0.1784425248 0.4451697703
v -0.3142864963 0.2714216758 -0.2780138794
v -0.14703462 -0.1503088821 -0.3265107478
v -0.04224252013 -0.1764297011 -0.3857053132
v -0.1659941376 0.4253213546 -0.08367622665
v 0.01155191022 0.3824802802 0.2495378417
v 0.3223875862 -0.2171497914 0.3077606237
v 0.3502395019 -0.1074893537 0.3071092445
v 0.228386828 -0.198972833 0.2295080259
v 0.1941448255 -0.1210683757 0.264034332
v -0.2879065451 -0.5026786929 0.1059500686
v -0.3102927499 -0.49727701 0.06393619561
v -0.7133425536 -0.3776193243 -0.339240843
v -0.8360990283 -0.3470206603 -0.2698986324
v -0.1719768482 -0.5082484494 0.6767811311
v -0.2947332663 -0.4776497853 0.7461233039
v -0.1772677469 -0.4683144577 0.2853162803
v -0.3913256201 -0.4166632476 -0.1164223038
v -0.157450005 -0.4497143992 0.2931727348
v -0.3846393754 -0.3948946148 -0.1332106785
v 0.2250595239 -0.07424530999 0.2641956479
v 0.2330234406 -0.1714717358 0.363839789
v -0.07423769109 0.2847217562 0.4998942677
v -0.1969941281 0.3153204202 0.5692365161
v -0.429782211 0.3705130469 -0.1673830091
v -0.552538648 0.4011117109 -0.09804080555
v -0.4999866478 0.4822481736 -0.340971279
v -0.6227430847 0.5128468376 -0.2716290684
v 0.04023242412 0.3518957356 0.672898754
v -0.08252401287 0.3824943996 0.7422409269
v -0.4331166126 -0.1758508961 -0.2981695426
v -0.02650520412 -0.2739644104 0.4649488349
v -0.3060444015 -0.4918365176 0.06273089493
v -0.2839522876 -0.4971672639 0.1041928662
v -0.354047016 -0.4577427025 -0.03927318152
v -0.2238149514 -0.4891671238 0.2051432012
v -0.1010673862 0.0008536280146 -0.3118385579
v -0.5801169723 0.1202631014 -0.0412347917
v 0.4827742905 -0.1446766549 -0.6416368943
v 0.00372471375 -0.02526719103 -0.3710331422
v 0.1903788956 -0.06947105236 0.2351406966
v -0.2886706906 0.0499384139 0.5057444865
v 0.7742205722 -0.2150013424 -0.09465763975
v 0.2951709861 -0.095591872 0.1759461312
v 0.2353542429 -0.1341707351 0.3688443171
v -0.04266554474 0.3146321569 0.5425878436
v 0.1040433834 0.2780630329 0.4597154142
v -0.4438299391 0.4114313558 -0.2103076955
v -0.2971209897 0.3748621941 -0.2931800966
v -0.2126368367 -0.4768379586 0.1956074462
v 0.5658187196 -0.6708783233 -0.2441236627
v -0.3386365033 -0.4464348141 -0.04086563027
v 0.439819053 -0.6404751787 -0.4805967344
v 0.3103819587 -0.108410726 0.2164457287
v 0.2120638503 -0.08390359967 0.2719832799
v -0.3858010154 -0.4124596357 -0.1154693258
v -0.1744934204 -0.4634471971 0.2811076474
v -0.4838596708 -0.2447681521 0.2719444327
v 0.5640612718 -0.5059763614 -0.3200012785
v -0.01887940704 0.1824730043 -0.2464845442
v 0.08591268536 0.1563521853 -0.3056791096
v 0.2939251205 -0.1131896508 0.1772786762
v -0.401497691 0.05570107546 -0.3393854912
v 0.04947848399 -0.05311745506 0.5069955619
v -0.4336186434 -0.153764044 -0.307303235
v -0.01697629178 -0.2542979799 0.4746409224
v -0.252648485 0.346236053 -0.2050710564
v 0.05387981439 0.2722721232 0.3702137839
v -0.005718198723 -0.2378144414 0.4929551577
v -0.4405473338 -0.1328921194 -0.3231215298
v 0.3153771809 -0.08070671344 0.3262507473
v 0.009089356917 0.5161975105 0.5452646368
v -0.1136670848 0.5467961745 0.6146068475
v -0.3956300307 0.6138544807 -0.2143028294
v -0.5183864677 0.6444531447 -0.1449606235
v 0.3345896392 -0.2090472481 0.3036969598
v 0.337170768 -0.09272684788 0.3142327747
v -0.2381985433 0.3552456534 -0.1874635546
v 0.04854099619 0.2860567173 0.3506822615
v -0.3403677132 -0.450651073 -0.04206987623
v -0.2130695353 -0.4813675621 0.1968402306
v -0.04425888303 -0.3088256932 0.436609574
v -0.4235684371 -0.2172999891 -0.2752693206
v -0.1351318677 -0.4301566389 0.3292769763
v -0.3995915367 -0.3663436953 -0.1670544409
v 0.3989045004 -0.2817504945 -0.7479271871
v 0.7996300991 -0.3784437981 0.004144821994
v -0.3330317504 -0.1218730861 0.4847249926
v 0.7148891922 -0.3830812789 -0.1072207375
v -0.1761346287 0.4065246818 -0.1002197702
v 0.01741550272 0.359821881 0.2630304213
v 0.3625093959 -0.1552838077 0.2981807362
v -0.0893208531 -0.3777207649 0.3919290915
v -0.4195995694 -0.2980259893 -0.2279299207
v -0.3965665535 -0.3277473074 -0.1957924516
v 0.3818890028 -0.5217876909 -0.6355235794
v -0.1058115929 -0.3979051766 0.3498893865
v 0.6726439634 -0.591945579 -0.08984173655
v -0.6551279639 -0.2649030516 -0.2859220169
v -0.7778844386 -0.2343043781 -0.2165798157
v -0.1709978541 -0.3817214767 0.6226816239
v -0.2937543099 -0.3511228127 0.6920237968
v 0.2671368775 -0.08816810489 0.3540616261
v -0.4298812732 -0.06170824253 -0.3363774776
v 0.01865318547 -0.1699376027 0.505421062
v -0.3957384555 -0.1868039737 0.4023674299
v 0.6521824494 -0.4480121831 -0.1895782907
v -0.2605607375 0.2995831986 -0.2287291947
v 0.06389401207 0.2212937167 0.3801995848
v 0.2906361539 -0.1958600472 0.2160848728
v 0.2880621603 -0.1734471704 0.2064826548
v 0.2362621021 -0.18453803 0.3592397774
v -0.2068140828 -0.5260677136 0.6229719395
v -0.06010515234 -0.5626368376 0.5400995101
v -0.6907515423 -0.4092957616 -0.2852700903
v -0.544042593 -0.4458649045 -0.3681425008
v -0.3023453121 -0.5067827141 0.08579760481
v -0.04626947926 -0.3111847437 0.4428939071
v -0.4300994441 -0.2185682985 -0.2774687919
v 0.01747178676 0.3612953555 0.263981139
v -0.1767267745 0.4081546021 -0.1004859786
v 0.2386470319 -0.1244098676 0.3681476351
v 0.04385749995 -0.07659900673 0.5064178375
v -0.4066648941 0.03211002308 -0.3391115789
v -0.3762251297 0.5926771442 -0.1706054277
v -0.4989815667 0.6232758083 -0.1012632195
v -0.01801808699 0.5062433839 0.5016688551
v -0.140774524 0.5368420857 0.571011028
v 0.03577453125 0.204774757 -0.1595718385
v -0.4432750549 0.3241842209 0.1110319324
v 0.6196162079 0.05924447407 -0.4893701938
v 0.1405666265 0.178653938 -0.2187664134
v 0.1641790891 0.1737913209 0.08141470701
v -0.3148704876 0.2932007848 0.3520184685
v 0.7480207375 0.02826102856 -0.2483836388
v 0.2689711891 0.1476705019 0.02222013212
v -0.5036525528 -0.2794675528 0.2522169378
v -0.03208814558 -0.3970112385 -0.01415863979
v 0.0727039508 -0.4231320576 -0.07335321527
v 0.5442683521 -0.5406757621 -0.3397287923
v 0.2540150637 -0.06699101971 0.2467194205
v -0.302871731 0.02365171099 0.4739014292
v 0.7450491738 -0.2375564889 -0.1180442914
v -0.2410038455 0.3611275463 -0.1900391338
v 0.04969086932 0.2909841929 0.3555296266
v -0.2199126411 -0.5452391917 0.6082433854
v -0.07320371062 -0.5818083535 0.525370956
v -0.6880812425 -0.4322722056 -0.2704040232
v -0.5413722932 -0.4688413673 -0.3532764148
v -0.6653550778 -0.2744824105 -0.299799916
v -0.788111477 -0.243883737 -0.2304577053
v -0.1663963323 -0.3948789287 0.6366336875
v -0.2891527505 -0.3642802458 0.7059758604
v -0.3660072652 -0.4193429666 -0.09816017851
v -0.1782516488 -0.4646475333 0.2542150191
v 0.2937560843 -0.2250618363 0.3196401583
v -0.3803229972 0.5996888143 -0.180953906
v -0.5030794342 0.6302874783 -0.1116117048
v -0.0111077726 0.5105988357 0.5119802323
v -0.133864219 0.5411974997 0.5813224051
v 0.007153765185 -0.208978888 0.4665042321
v -0.4085821099 -0.1086636727 -0.3137387474
v 0.06951889404 0.1768607198 0.442436726
v -0.3130741549 0.2691786949 -0.2756045805
v -0.5743720449 -0.1659404821 0.07692616867
v 0.4735488977 -0.427148682 -0.5150195614
v 0.002037277709 0.3330333737 0.6136052774
v 0.1487462129 0.296464212 0.5307328858
v -0.474903188 0.4481169459 -0.2815049154
v -0.3281942387 0.4115478219 -0.364377326
v 0.4535522284 -0.0717101471 -0.7438690351
v 0.8492206156 -0.1671831623 -0.001288185974
v -0.4570638018 0.4128626988 -0.2343672263
v -0.3103548902 0.376293537 -0.3172396368
v -0.03025441915 0.309875473 0.5666582566
v 0.1164545113 0.273306349 0.4837858272
v -0.05687757108 -0.3293825885 0.4321445648
v -0.4291843269 -0.2395466423 -0.266591639
v 0.06161952685 0.01752680611 0.4973156306
v -0.37928258 0.1239145095 -0.3301586638
v 0.2401447246 -0.1935868078 0.3550247643
v -0.3969066267 0.02943871338 -0.3322571475
v 0.04345660766 -0.07681896141 0.4942058179
v -0.4237966878 -0.3201503814 -0.2164941084
v -0.1033875706 -0.3974636628 0.3848419545
v -0.02611264566 0.4141671938 0.1659890788
v -0.115409677 0.4357142013 -0.001601393697
v 0.0197418172 0.4487609256 0.5938805007
v 0.1664507524 0.4121917639 0.5110080713
v -0.4365725012 0.5588675666 -0.2625191411
v -0.2898635896 0.5222984048 -0.3453915516
v -0.140564602 -0.4399133962 0.3402555132
v -0.4126765796 -0.3742539847 -0.1704375902
v 0.6057539949 0.1551001094 -0.5745110869
v 0.8200800231 0.1033841918 -0.172269193
v -0.2909074801 0.3055299878 -0.251949821
v 0.06645258732 0.219300581 0.4187348516
v -0.210957272 -0.3536404797 0.5395501756
v -0.333713709 -0.3230417968 0.6088923485
v -0.6065582712 -0.2581837264 -0.2029041465
v -0.7293147459 -0.2275850529 -0.1335619453
v -0.5789328319 -0.2206241126 0.09298252985
v -0.1073683869 -0.3381678077 -0.1733930524
v -0.002576287006 -0.3642886268 -0.2325876368
v 0.4689881107 -0.4818322936 -0.4989632191
v -0.6686948024 -0.2782178176 -0.3040639127
v -0.7914512016 -0.2476191441 -0.2347217021
v -0.1651771954 -0.399714364 0.6409256776
v -0.2879336136 -0.3691156811 0.7102678505
v -0.2124771253 -0.4855974873 0.2256198539
v -0.3640633962 -0.4490203976 -0.05887357839
v 0.2941501245 -0.1123068248 0.2094814568
v -0.4092313372 -0.3924079802 -0.1545267738
v -0.153574631 -0.4540968062 0.3252835318
v 0.2595242843 -0.08165393663 0.2664213759
v 0.2853825168 -0.08809944279 0.2518146864
v -0.3937010362 0.05304916104 -0.3328895561
v 0.04826829203 -0.05359606058 0.4965877274
v -0.3385076545 0.3257160606 0.2775231364
v 0.1330567669 0.208172356 0.01114754943
v 0.2378488621 0.182051537 -0.04804702428
v 0.7094132881 0.06450785126 -0.3144225936
v -0.4291309451 -0.1531043499 -0.3046416182
v -0.01655967563 -0.2526559505 0.4696621036
v -0.2352472904 -0.4132931889 0.5228725427
v -0.08853835997 -0.4498623129 0.4400001511
v -0.6128607254 -0.3221767581 -0.1858230542
v -0.4661517383 -0.358745901 -0.2686954458
v -0.3447768111 0.1571115739 -0.3090224019
v 0.06723615167 0.05769470201 0.4642335032
v 0.1663666024 -0.1370907314 0.2442407705
v 0.2889656686 -0.1676501826 0.1749874478
v -0.2135724722 0.378861981 -0.1542891982
v 0.03771758379 0.3182268233 0.3173258632
v -0.05965245437 0.411309529 0.07452225893
v -0.02829760116 0.3099584527 0.5700857932
v 0.1184113269 0.2733892909 0.4872133638
v -0.4587614121 0.4138274225 -0.2377981984
v -0.3120524628 0.3772582608 -0.3206706089
v -0.6647963429 -0.3243787588 -0.2767930813
v -0.5180874313 -0.3609479017 -0.359665473
v -0.1901917383 -0.438898726 0.6139333454
v -0.04348281724 -0.4754678878 0.531060916
v 0.7591928684 0.03365867201 -0.2492898653
v -0.3186686391 0.3023299469 0.3595685627
v 0.627221496 0.06550277691 -0.4969704986
v -0.4506399738 0.3341740612 0.1118879483
v 0.2526527133 -0.1010781602 0.3620038163
v -0.1156606547 0.4392082199 -0.001786569015
v -0.02573417827 0.4175093345 0.1669852503
v 0.8358030498 0.06011472256 -0.1253412324
v 0.5715973976 0.1238663563 -0.6211959176
v 0.1728531371 -0.1085355878 0.2446464196
v 0.2966978802 -0.1394055314 0.1746894684
v -0.2685808863 0.3062957944 -0.2295269964
v 0.06073672098 0.2268329315 0.3885282458
v -0.3363724566 0.203415993 -0.2977532851
v 0.06761479013 0.1059356849 0.4604401462
v 0.5845449465 -0.5503300218 -0.3007718693
v -0.4933165233 -0.2816587563 0.3080865398
v 0.509490502 -0.5322197246 -0.441632261
v -0.5683710056 -0.2635484592 0.1672261858
v -0.2897149208 0.3030139064 -0.2498161143
v 0.06511086378 0.21739605 0.4161122708
v 0.2951110353 -0.1503352993 0.1744202186
v 0.3608770594 -0.166204338 0.2978476094
v 0.04661078889 0.481473684 0.6270113664
v -0.07614565753 0.512072348 0.6963536148
v -0.4451383981 0.6001305924 -0.2958914898
v -0.5678948728 0.6307292564 -0.2265492792
v 0.4971959557 -0.654998058 -0.4092188034
v 0.5381214376 -0.6648732067 -0.3324108751
v -0.206859933 0.3687605824 -0.1527905428
v 0.03920685299 0.3093857494 0.3090216279
v -0.2740276078 0.3126457033 -0.2320936094
v 0.06044044755 0.2319400706 0.3956279166
v 0.2152706771 -0.1937560422 0.2375519964
v -0.4267015053 0.2951044098 0.1349016161
v 0.6212193996 0.03389621929 -0.4570440951
v 0.2343828841 -0.1782209373 0.3616675938
v -0.03670641047 0.4356933998 0.4997165296
v 0.11000252 0.399124238 0.416844138
v -0.3925866621 0.5215657071 -0.168190853
v -0.2458777505 0.4849965453 -0.2510632446
v 0.355314004 -0.116460022 0.3042378756
v 0.1693990039 -0.1189999405 0.2454319707
v 0.2351643485 -0.1348688093 0.3688597201
v 0.06519483682 0.1906579988 0.4187706408
v -0.2946631225 0.2774901031 -0.2566019686
v 0.6098126377 -0.54048919 -0.2603829994
v -0.4680488321 -0.2718179057 0.3484754474
v 0.4916651596 -0.511980723 -0.4821192871
v -0.5861963101 -0.2433094576 0.1267391598
v 0.2390759175 -0.2135720475 0.2357038674
v -0.4012134535 0.4651758776 -0.1585796499
v -0.2545045042 0.4286067158 -0.2414520415
v -0.05538354981 0.3817286685 0.4904654652
v 0.09132537828 0.3451595068 0.4075930358
v 0.2078693273 -0.08824308462 0.2743875388
v 0.3126614272 -0.1143639048 0.2151929734
v 0.187993409 -0.08344711466 0.2370849053
v 0.2927855089 -0.1095679355 0.1778903399
v -0.02094892527 0.3944833406 0.1565948385
v -0.1068762283 0.4152172001 -0.004671415485
v -0.469220854 0.5038251565 -0.296027908
v -0.3225119424 0.4672559948 -0.3789003185
v 0.02300881192 0.3850523107 0.6277767577
v 0.1697177471 0.3484831867 0.5449043661
v 0.03927882786 0.4970488347 0.6071587602
v -0.08347761857 0.5276474988 0.6765010086
v -0.43135958 0.6106117796 -0.276123883
v -0.554116017 0.6412104437 -0.2067816818
v -0.3463336429 0.1578658283 -0.3093150204
v 0.06667833462 0.05820786981 0.4658158178
v -0.3359942157 0.5346325911 -0.432499286
v -0.605459602 0.6018004547 -0.2802846837
v 0.2131431902 0.4021282309 0.5981083873
v -0.0563221867 0.469296019 0.7503230273
v 0.2411333361 -0.200202852 0.2229427209
v 0.06780204537 0.1476677271 0.4382451572
v -0.3136822321 0.239718189 -0.2777152582
v -0.1992477362 -0.4785116339 0.2439325791
v -0.3708704107 -0.4370998639 -0.07816468788
v 0.1784161076 -0.09692895377 0.2423037914
v 0.1694221839 -0.1189134286 0.2454301586
v -0.2130158704 -0.4051296 0.5586264801
v -0.06630693046 -0.4416987429 0.4757540884
v -0.6287750811 -0.3048087479 -0.2216602921
v -0.4820661695 -0.3413779097 -0.3045327026
v -0.0435738948 -0.3083532602 0.4350649363
v -0.421866976 -0.2170728237 -0.2749063128
v -0.6079631119 -0.3643176584 -0.1585573194
v -0.4612541626 -0.4008868012 -0.2414297299
v -0.2592712302 -0.4484554335 0.4958590691
v -0.1125622998 -0.4850245953 0.4129866775
v 0.04107421677 0.3060346236 0.3054241302
v -0.2032129986 0.3649800612 -0.1530481555
v 0.2110779285 0.07073504615 0.2099153824
v 0.315870019 0.04461421766 0.1507207981
v -0.4098598007 0.008221784124 -0.3367225908
v 0.03758309102 -0.09974418614 0.503027336
v -0.3532933657 0.1363699752 -0.3149465963
v 0.06510756163 0.03541170277 0.4702980798
v 0.4865784069 -0.1440828292 -0.6534668601
v -0.5912830629 0.1245884457 -0.04460842504
v 0.7861204176 -0.2163609841 -0.09129368518
v -0.2917410522 0.05231029076 0.5175647499
v -0.3314219898 -0.4872713892 0.02211599224
v -0.264485888 -0.5034227919 0.1477400606
v 0.02494875461 0.3497635579 0.2836398868
v -0.1898390557 0.4015908639 -0.1194686124
v -0.3780241051 -0.4084480324 -0.1155189701
v -0.1696488113 -0.458728039 0.2755546907
v -0.03477062054 0.4094521507 0.141143138
v -0.1004237462 0.4252939464 0.01792691504
v -0.2808089885 -0.4317679095 0.450367062
v -0.4035654255 -0.4011692266 0.5197092726
v -0.5810596487 -0.3593187553 -0.1131360696
v -0.7038161235 -0.3287200913 -0.04379386599
v -0.189844341 0.3737906689 -0.1362855704
v 0.03579766401 0.3193442553 0.2871938183
v 0.2060552887 0.1105879269 0.183437898
v 0.3108473886 0.08446710788 0.1242433136
v -0.2784975248 -0.5082791798 0.1280417105
v -0.3236853235 -0.4973755814 0.0432343784
v -0.6018539498 -0.1438364951 0.01852108053
v 0.4460669551 -0.405044695 -0.5734246495
v -0.1783927105 0.4147763281 -0.1020599806
v 0.01852073604 0.3672620025 0.2675023769
v -0.183502983 0.3892632465 -0.1179401704
v 0.02596698763 0.3387190677 0.2751879266
v 0.01783249639 0.3642716005 0.2658026148
v -0.1777026163 0.4114533277 -0.1011729182
v -0.2660275055 0.3346406426 -0.2218382473
v 0.05886091719 0.2562465113 0.3879044258
v -0.1569247186 0.4013658598 -0.08145393761
v 0.01231635773 0.3605287562 0.2361735634
v -0.3849147788 0.1003377086 -0.3318768491
v 0.05737050835 -0.006383744487 0.4981934107
v -0.08711464303 -0.3755927211 0.3876556
v -0.4146304907 -0.2965645955 -0.2270181446
v -0.4060466615 -0.06338942112 -0.3230975382
v 0.02102132485 -0.1664390114 0.4784132135
v -0.04448529336 0.5368478995 0.08258112275
v -0.3139506514 0.6040156876 0.2347957345
v -0.2860982071 0.5951480361 -0.3708721096
v -0.5555635935 0.6623158241 -0.2186574979
v 0.1971276204 0.4785478007 0.5360343739
v -0.07233774702 0.5457156265 0.6882489385
v 0.001483960267 -0.2105005534 0.4810223168
v -0.4238336474 -0.1078733253 -0.3172033757
v -0.1053140735 0.4081479955 -0.004917376819
v 0.6731415017 0.2141076308 -0.4446484857
v -0.02061209872 0.3877098124 0.1540492348
v 0.7578434481 0.19366941 -0.285681893
v 0.001079170042 -0.211224436 0.4844307885
v -0.4269310396 -0.1079474804 -0.3188483592
v 0.2315388385 -0.0801853109 0.2444873123
v -0.3763905983 -0.4078324424 -0.1156951226
v -0.1685193551 -0.4579908487 0.2744325774
v 0.30209273 -0.078326826 0.3338026158
v -0.3562707809 0.2968268989 0.2588250351
v 0.6916501617 0.03561869895 -0.3331206949
v -0.4729153753 0.4884996999 -0.2958056409
v -0.3262064637 0.4519305381 -0.3786780326
v 0.01913064427 0.3697711753 0.6276543646
v 0.1658395794 0.3332020513 0.5447819352
v -0.1242325353 -0.004217693484 -0.3506099846
v -0.0194404354 -0.03033851725 -0.409804569
v 0.2085657733 -0.08452044135 0.2739777747
v 0.3133578638 -0.1106412622 0.2147832093
v -0.4154608538 -0.3358022261 -0.1998222328
v -0.1140024012 -0.4085427908 0.3659475787
v 0.1271045507 0.2427802828 -0.01466110008
v 0.2318966459 0.2166594637 -0.07385567262
v -0.02101618109 -0.26695661 0.4422188572
v 0.7574393469 -0.4609969935 0.002487743569
v -0.4106596221 -0.1729373862 -0.2890544244
v 0.367795953 -0.366977765 -0.7287855333
v 0.03176759503 0.3357930711 0.3018760503
v -0.2024132526 0.3922998574 -0.1376288559
v -0.05780922378 -0.3326606069 0.4382672046
v -0.4350718072 -0.2416288453 -0.2697699912
v 0.6016946726 0.04664107572 -0.5338375265
v -0.4761668349 0.3153123412 0.07502092039
v 0.7730357522 0.00529724105 -0.2122687417
v -0.3048257176 0.2739685254 0.3965896957
v -0.01626144143 -0.2521804879 0.4679997917
v -0.4275506313 -0.1529382395 -0.3038977646
v 0.04638080624 -0.07776328474 0.4841770926
v -0.3871405824 0.02684348413 -0.3294452575
v 0.02812793262 -0.1446175159 0.4813648817
v -0.4021627366 -0.04079030487 -0.3261941376
v 0.05508734953 -0.03327413121 0.4738276988
v 0.8335428917 -0.22731451 0.03409657105
v -0.3690673958 0.06907250779 -0.3222155676
v 0.4093881982 -0.124967871 -0.7619466765
v 0.01883617587 -0.3848390287 0.07062139268
v -0.4602134056 -0.2654295648 0.3412251825
v 0.6026778572 -0.5303693305 -0.2591769437
v 0.1236282711 -0.4109598666 0.01142681778
v -0.09611812749 -0.3571010874 -0.1451220242
v -0.5751677137 -0.2376916141 0.125481742
v 0.4877235492 -0.5026313515 -0.4749203653
v 0.008673972436 -0.3832219064 -0.2043166038
v 0.0353605672 0.3455042613 0.3083664735
v -0.2046845855 0.4034260815 -0.1421444249
v -0.05279127468 0.4133039861 0.09762544703
v -0.07450913055 0.418544391 0.0568659056
v 0.06051478902 0.2165934348 -0.1209894143
v -0.4185348019 0.3360028987 0.149614352
v 0.644356461 0.0710631519 -0.4507877742
v 0.1653068842 0.1904726158 -0.1801839844
v 0.1477453224 0.1955450982 0.04272272069
v -0.331304278 0.3149545621 0.3133264916
v 0.7315869848 0.05001481523 -0.2870756157
v 0.2525374176 0.1694242791 -0.01647184948
v -0.4139230115 -0.3350683769 -0.1994041065
v -0.1134013648 -0.4075828993 0.3646075587
v 0.1093332249 -0.3216106049 0.2029273831
v 0.2141253178 -0.3477314239 0.1437328177
v -0.2577319533 -0.4450285387 0.4970718637
v -0.1110230229 -0.4815976627 0.414199472
v -0.6077286698 -0.3605758711 -0.1597934826
v -0.4610197582 -0.397145014 -0.2426658931
v -0.4134479358 -0.1956161576 -0.2839830746
v -0.02913217367 -0.2883498144 0.4372913439
v -0.4222196963 0.5654088423 -0.2399968391
v -0.275510747 0.5288396805 -0.3228692308
v 0.01006074398 0.4611014921 0.5712965113
v 0.1567696744 0.4245323303 0.4884241197
v -0.438410739 -0.2874195208 -0.2511507546
v -0.07977241335 -0.3739573456 0.4219329294
v -0.4282958251 0.563724483 -0.2500101426
v -0.2815868758 0.527155359 -0.3328825531
v 0.01466572475 0.4568398926 0.5813292761
v 0.1613746552 0.4202707308 0.4984568467
v 0.05685944523 -0.007678480496 0.4895540855
v -0.3782595288 0.09731378243 -0.3270665757
v 0.2786113671 -0.184375138 0.2088803071
v 0.2321821859 -0.1529743826 0.3677878551
v 0.2870616096 -0.09987135592 0.213351923
v -0.6379009587 -0.2547937816 -0.2598859519
v -0.7606574334 -0.2241951082 -0.1905437507
v -0.1815631725 -0.3649060477 0.5965576714
v -0.3043196095 -0.3343073837 0.6658998443
v -0.263093128 -0.6101597706 0.5604485221
v -0.385849565 -0.5795611066 0.6297907705
v -0.6800815177 -0.509542336 -0.222145174
v -0.8028379925 -0.4789436719 -0.1528029633
v 0.2337338739 -0.1410132274 0.3688113216
v -0.03192232779 -0.2890374359 0.441695987
v -0.418701705 -0.1957093021 -0.2842020949
v -0.2804330505 -0.5149440189 0.1290077934
v -0.3262695857 -0.5038838992 0.04298290994
v -0.3846195176 0.3152491815 0.2005100618
v 0.663301425 0.054040991 -0.3914356682
v -0.4359990806 -0.2203712567 -0.2807919055
v -0.04705993814 -0.3142205241 0.4491595905
v 0.06037308083 0.01491069036 0.4836754393
v -0.3690827988 0.1185364784 -0.322316876
v -0.03762917249 -0.4383965819 -0.005705801792
v 0.06716291918 -0.4645174009 -0.06490037373
v -0.07102436135 -0.4303384542 -0.06838106667
v 0.03376773385 -0.4564592733 -0.1275756388
v 0.3548013459 -0.1835390554 0.2985231501
v -0.61221516 -0.254968896 -0.2143370896
v -0.7349715593 -0.2243702225 -0.1449948837
v -0.2044366091 -0.3533640381 0.5509716986
v -0.3271930461 -0.3227653552 0.620313947
v -0.2159644617 -0.5404507203 0.6131197821
v -0.06925553122 -0.5770198821 0.5302473904
v -0.6893485137 -0.426225297 -0.2753158127
v -0.5426395643 -0.4627944211 -0.3581882232
v -0.6110190898 -0.3274424571 -0.1802393011
v -0.4643101783 -0.3640116189 -0.2631117021
v -0.2393402501 -0.4171269032 0.5173184912
v -0.09263131966 -0.4536960649 0.4344460996
v -0.3259395168 0.2681941889 0.3251552116
v 0.7219814258 0.006985970109 -0.2667905373
v 0.3410759474 -0.09630324854 0.3121133951
v 0.2809334391 -0.0813119156 0.3460864782
v -0.2194898335 -0.4849648711 0.2015746595
v -0.3482433837 -0.4538972095 -0.04006686587
v 0.1259028082 0.2582659982 -0.02362193853
v 0.2306949034 0.2321451791 -0.08281651343
v 0.1091844335 0.2623000642 -0.05499857722
v 0.2139765263 0.2361792451 -0.1141931497
v 0.2421320276 -0.1971507437 0.3530935424
v 0.3608784185 -0.1326054303 0.3006895692
v -0.3564243575 0.1377899924 -0.3156437691
v 0.06406459138 0.03632789588 0.4735196396
v 0.01178861751 -0.1935807203 0.5044284392
v -0.4354261131 -0.08566980836 -0.3348932437
v -0.2983451477 0.04924234535 0.4706224858
v 0.7495758326 -0.2119658546 -0.1213232348
v 0.1814244986 0.1358031235 0.1287073224
v -0.297625097 0.2552125874 0.3993110744
v 0.7652661658 -0.009727168855 -0.2010910235
v 0.2862165985 0.1096823045 0.06951274748
v 0.00273322356 0.1789205262 -0.2066561175
v -0.476316372 0.2983299713 0.06394765345
v 0.5865748908 0.03339023386 -0.5364544444
v 0.1075253188 0.1527997072 -0.2658506924
v -0.1189717631 -0.01021424035 -0.3386507359
v -0.01417966313 -0.03633505939 -0.3978453014
v -0.436416735 -0.2422287397 -0.2707236724
v -0.05784861837 -0.3335755354 0.4397637458
v -0.1685897632 -0.4955431952 0.6771708109
v -0.2913462002 -0.4649445311 0.7465130593
v -0.7104151602 -0.3648031537 -0.3397138234
v -0.8331715595 -0.3342044896 -0.2703716317
v -0.4018042402 0.5551071297 -0.1993095652
v -0.2550953286 0.5185379679 -0.2821819662
v -0.01286487118 0.4612577868 0.5306423934
v 0.133844064 0.4246886628 0.447769964
v -0.03648107608 -0.2936170235 0.4559606779
v -0.4334418114 -0.1978321832 -0.2890455149
v 0.5231055503 -0.0582888439 -0.6266612888
v -0.5547559195 0.2103824357 -0.01780286079
v 0.7937715371 -0.123599341 -0.1186819193
v -0.2840899327 0.1450719316 0.4901765087
v -0.01701105226 0.4586445308 0.5244555369
v 0.1296978782 0.4220754068 0.4415831452
v -0.3993455423 0.5509001579 -0.193100482
v -0.252636593 0.5143309961 -0.2759728736
v 0.02535991083 0.4004204652 0.6251573481
v 0.1720688413 0.3638513412 0.5422849942
v -0.4641307035 0.5185323806 -0.2935066922
v -0.317421792 0.4819632188 -0.3763790838
v -0.02639048414 -0.2767616525 0.4713723987
v -0.4386105623 -0.1772947917 -0.3022721858
v 0.0273338448 -0.1477569595 0.5117274425
v -0.4278218065 -0.03792993609 -0.342497588
v 0.2060640095 -0.09861339572 0.2590940207
v -0.1781383918 -0.5267833095 0.6740522396
v -0.3008948288 -0.4961846077 0.7433944125
v -0.7165302872 -0.3968717247 -0.3363886146
v -0.839286762 -0.3662730606 -0.267046404
v 0.3385444253 -0.2055806283 0.3025104409
v -0.1668184603 0.3918718589 -0.1004854926
v 0.02133789253 0.3464705707 0.2526417651
v -0.2846144262 -0.4871630021 0.07887258589
v 0.02674301567 -0.1445445075 0.4845870077
v -0.405575663 -0.04022794574 -0.3267781477
v -0.4226247791 -0.08499497434 -0.3231783848
v 0.009471698646 -0.1892579148 0.4877697203
v 0.2309017675 -0.08039992833 0.2448650624
v 0.2810261589 -0.09289392507 0.2165509634
v -0.1031885968 0.4458368167 0.01872827491
v -0.03482057634 0.4293399044 0.1470397166
v -0.2874116117 0.2992014845 -0.2470197971
v 0.06371533487 0.2144761127 0.4119666843
v -0.276599525 0.3166115886 -0.2343991837
v 0.06129868371 0.2350782731 0.39975995
v -0.1486811137 -0.2391538762 -0.2902208591
v -0.04388901374 -0.2652747046 -0.3494154245
v -0.07953349755 0.4328820949 0.06066367017
v -0.05722338269 0.4274987596 0.1025347637
v -0.3009744107 -0.4873499141 0.06092379336
v -0.2791424861 -0.4926178782 0.1018974662
v -0.404583229 0.558649509 -0.2057923058
v -0.2578742797 0.5220803472 -0.2886647068
v -0.008744880803 0.4631354759 0.537107447
v 0.1379640544 0.4265663141 0.4542350176
v 0.04472919719 -0.07671629387 0.5098136999
v -0.4089689583 0.03275903331 -0.341675889
v -0.0363123891 -0.2975316599 0.463785194
v -0.4401710938 -0.2000823654 -0.2941669621
v 0.3054608821 -0.09893178997 0.2189990718
v 0.3916976696 -0.3857469352 -0.7147948868
v 0.7574626023 -0.4740043421 -0.02833627137
v 0.264239233 -0.2107432256 0.2246249848
v -0.2903465933 0.3042765718 -0.2508576641
v 0.0657415417 0.2183540916 0.4174398702
v -0.2189697382 0.3576870229 -0.1693420639
v 0.04478124826 0.2940451163 0.3256593566
v 0.06536798801 0.1924775114 0.4217647804
v -0.2968274274 0.2798736738 -0.2579947664
v -0.1671256135 -0.4891331467 0.6769342546
v -0.2898820505 -0.4585344449 0.7462764275
v -0.7087210609 -0.3584485635 -0.3395188891
v -0.8314775356 -0.3278498994 -0.2701766974
v -0.4364933723 -0.308362887 -0.238423755
v -0.09132805162 -0.3916497429 0.4093740788
v -0.4183072684 0.5655747261 -0.23314388
v -0.2715983568 0.5290055643 -0.3160162905
v 0.006666622909 0.4630304111 0.5644367568
v 0.1533755534 0.4264612493 0.4815643651
v -0.2516812696 -0.5005895907 0.1678241454
v -0.3403679397 -0.4791898928 0.001379202192
v -0.03015612145 0.3940869786 0.134339408
v 0.7482994254 0.2000465761 -0.3053917009
v -0.09386753952 0.4094602297 0.01476734466
v 0.6845880168 0.215419865 -0.4249637642
v 0.04102823439 0.3289368276 0.3256197166
v -0.2173754938 0.3912884717 -0.1593460794
v 0.8535767092 -0.06454859313 -0.0388662866
v 0.4976134212 0.02134375831 -0.706929485
v -0.1890557887 -0.4709521394 0.2347557358
v -0.356812112 -0.4304733057 -0.08008521524
v -0.4324261974 0.5616609391 -0.2564115835
v -0.2857172858 0.5250917773 -0.3392839751
v 0.01736709947 0.4531278164 0.5877495177
v 0.1640760346 0.4165586547 0.504877126
v -0.1362823331 0.4178196589 -0.04225530638
v -0.006442638167 0.3864899205 0.2014246694
v 0.08581101649 -0.3530953357 0.1751793242
v 0.1906031163 -0.3792161547 0.1159847587
v -0.2687402013 -0.4781428311 0.4921963731
v -0.1220312519 -0.5147119929 0.4093239437
v -0.6134239151 -0.394972177 -0.1546976881
v -0.4667150035 -0.4315413199 -0.2375700798
v -0.2873780876 -0.4500163803 0.4467902903
v -0.4101345246 -0.4194177163 0.5161325009
v -0.5837520714 -0.378502654 -0.1094371595
v -0.7065085462 -0.34790399 -0.04009495362
v 0.2433312973 -0.2025798443 0.2595021237
v 0.2275885355 -0.1987811926 0.2299565239
v 0.2957455014 -0.1210741022 0.1761833104
v -0.03725169609 0.1731851502 -0.2749105222
v 0.06754040383 0.1470643312 -0.3341051066
v 0.2142258901 0.1125047463 0.1970564761
v 0.3190179806 0.08638390838 0.1378618918
v -0.4085355234 0.4476645971 -0.1638147128
v -0.2618266119 0.4110954354 -0.2466871045
v -0.05706358639 0.3628559625 0.4958192404
v 0.0896453417 0.3262868385 0.4129468488
v -0.02831521263 0.4975095645 0.4872938141
v -0.1510716496 0.5281082285 0.5566360247
v -0.371166578 0.5802380442 -0.1561612999
v -0.4939230149 0.6108367837 -0.08681909397
v 0.2605851822 -0.2163352182 0.3385164508
v 0.2944366838 -0.08505103423 0.2245857601
v 0.2342966577 -0.07006033364 0.2585574464
v 0.3445142435 -0.1992693778 0.3008597568
v -0.286456175 -0.5903468799 0.5103460837
v -0.409212612 -0.5597482159 0.5796883321
v -0.6500991232 -0.5026014516 -0.1721300473
v -0.7728555224 -0.4720027876 -0.1027878414
v -0.1661215141 -0.4567388295 0.2721991101
v -0.3730776023 -0.4068012556 -0.1162110133
v -0.3200162095 -0.4914212794 0.04280518128
v -0.275451438 -0.5021745479 0.1264432568
v 0.1811182609 -0.09250176419 0.2409335129
v 0.283034641 -0.0949730784 0.2154869887
v -0.3504378905 -0.4415458081 -0.06080023991
v -0.2024346205 -0.4772583311 0.2169686744
v -0.6049220839 -0.1176173476 0.001519919389
v 0.4429988587 -0.3788255499 -0.5904258201
v 0.1241996436 -0.2980497355 0.2188486852
v 0.2289917435 -0.3241705734 0.1596541009
v 0.1969786591 -0.008615446842 0.2199704777
v -0.2820709366 0.1107940171 0.4905742675
v 0.780820364 -0.1541457345 -0.1098278634
v 0.301770759 -0.03473627061 0.1607759122
v -0.07850629363 0.05785782995 -0.2970529411
v -0.5575558609 0.1772672938 -0.02644917962
v 0.5053354019 -0.08767244946 -0.6268512964
v 0.02628581101 0.03173702034 -0.3562475255
v -0.2042633636 -0.4090067673 0.5758319286
v -0.05755444256 -0.4455759101 0.4929594993
v -0.6383518728 -0.3042631508 -0.2388548303
v -0.4916429613 -0.3408323126 -0.3217272408
v -0.3499703653 -0.4714063003 -0.01905462046
v -0.2395261805 -0.4980559921 0.1882243118
v -0.1248860664 0.4230451516 -0.02225545417
v -0.01586090779 0.3967378737 0.1823602946
v -0.3587709686 0.1650945366 -0.3155033681
v 0.06550427639 0.06271882362 0.4807660538
v 0.001452314353 0.3858229496 0.2261322477
v -0.1521517446 0.4228868937 -0.06214811473
v 0.04027941165 -0.09994345938 0.477032421
v 0.8187349821 -0.2939838443 0.03730130269
v -0.3870599433 0.003171622822 -0.3249876855
v 0.3913956129 -0.1908687607 -0.7647188321
v -0.3776912803 0.04816968759 -0.3282586631
v 0.05297873874 -0.05574906343 0.4800123279
v 0.349948922 -0.1070537352 0.3072701073
v 0.2691166112 -0.0869052248 0.3529303767
v -0.2251166716 0.3660692545 -0.1707461685
v 0.04335199587 0.3012889634 0.3331092937
v -0.6087383944 -0.371918284 -0.1565758585
v -0.462029445 -0.4084874458 -0.2394482596
v -0.2621325192 -0.4555527259 0.4939255821
v -0.1154235699 -0.4921218877 0.4110531905
v 0.2283811935 -0.08135015638 0.2463593951
v -0.3394757759 -0.1350586093 0.4791354917
v 0.7084451289 -0.3962667998 -0.1128102289
v -0.01651317416 0.4014534075 0.1845957439
v -0.1265885656 0.428014117 -0.02199108384
v -0.3475752802 -0.4688439345 -0.01911198517
v -0.2378599046 -0.4953177758 0.1867991792
v -0.1532465064 0.4314109988 -0.06379632105
v 0.003084282741 0.3936891065 0.2296015007
v 0.2277939367 -0.07280065936 0.2625277864
v 0.7999495595 0.1390927697 -0.223663319
v 0.6402907962 0.1776177112 -0.5233069591
v -0.1512301718 -0.1257684381 -0.3447671276
v -0.04643808129 -0.1518892572 -0.403961712
v 0.1757619091 -0.2046701641 0.26892364
v 0.280554009 -0.2307909832 0.2097290745
v 0.2326418869 -0.1478928491 0.3683713556
v 0.02027457848 -0.166438582 0.480000889
v -0.40776832 -0.06315374494 -0.3233396063
v -0.4243860399 -0.1304537182 -0.3103480948
v -0.006823889796 -0.2312095907 0.4733223458
v -0.4280115121 -0.3452523398 -0.2072210815
v -0.1160056169 -0.4205379798 0.3783439808
v 0.001444811072 0.3811762383 0.223669114
v -0.1506270967 0.4178705114 -0.06173574336
v 0.2323129789 -0.1511531664 0.3680220708
v -0.3647487525 0.5379166688 -0.1261245939
v -0.4875051895 0.5685153328 -0.05678238795
v -0.05377240185 0.4628794771 0.4575082226
v -0.1765288388 0.4934781412 0.5268504332
v -0.133015093 -0.3275375553 -0.2234862038
v -0.02822299306 -0.3536583743 -0.2826807693
v -0.3259610734 0.315269832 0.304343922
v 0.1456033526 0.1977261463 0.03796835855
v 0.2503954431 0.1716053273 -0.02122621162
v 0.7219598314 0.05406164154 -0.2876017892
v -0.09063565449 -0.3643583554 -0.1322139974
v -0.5696852407 -0.2449488821 0.1383897641
v 0.4932060222 -0.5098886383 -0.4620123432
v 0.01415644071 -0.3904791744 -0.1914085723
v 0.01058258067 -0.3887818473 0.05774991483
v -0.4684670149 -0.2693723834 0.3283536669
v 0.5944242479 -0.5343121491 -0.2720484216
v 0.1153746782 -0.4149026663 -0.001444660062
v -0.2038211513 0.3970929724 -0.1392727965
v 0.03282656756 0.3399909446 0.3048618843
v -0.3727984614 0.1473672183 -0.3275826505
v 0.06563243621 0.04157580404 0.4952537856
v -0.3438925376 0.2100737347 -0.304714971
v 0.06978450547 0.1102553098 0.4716640357
v 0.05334818804 -0.02978811618 0.5014003603
v -0.3922746389 0.07773867493 -0.3349336764
v -0.3055835207 0.01086266542 0.4747442128
v 0.7423374219 -0.2503455251 -0.1172015219
v 0.06766558239 0.1065722274 0.4620743326
v -0.3376159438 0.2043648419 -0.2985481422
v 0.03971404176 0.3262848376 0.3237367422
v -0.2168522461 0.3881931559 -0.1577805929
v 0.3034563829 -0.09583609318 0.2200165733
v 0.2226259031 -0.07568808951 0.2656758046
v -0.05158493582 0.109090272 -0.2720014765
v -0.5306345031 0.2284997359 -0.001397705566
v 0.5322567597 -0.03644001095 -0.6017998129
v 0.05320715938 0.08296945295 -0.331196042
v 0.1970142784 0.04910439823 0.1945634614
v -0.2820352983 0.1685138621 0.4651672323
v 0.7808559267 -0.09642588914 -0.135234875
v 0.3018063783 0.02298357919 0.1353688959
v -0.1252410518 -0.3485028556 -0.2004724511
v -0.02044895191 -0.3746236747 -0.259667026
v 0.2470952641 -0.1084228929 0.3647543021
v 0.3617192201 -0.1369944865 0.3000059495
v 0.05215804022 0.2958559837 0.3599203769
v -0.2426986999 0.3670036254 -0.1934595541
v 0.2991322089 -0.07824247307 0.3355072103
v -0.5926747658 -0.09842715242 0.01473320709
v 0.455246139 -0.3596353466 -0.5772125324
v -0.2831435566 -0.4865110567 0.07817268548
v -0.4339533558 -0.2840581641 -0.2469160159
v -0.08037733827 -0.3693744735 0.4166668529
v 0.2322732446 -0.164978821 0.3655501218
v 0.2386603018 -0.07843948611 0.2402738093
v -0.3092808356 0.2943794512 0.3430912438
v 0.738640107 0.03317126075 -0.2488544674
v -0.300118074 -0.5020537404 0.0852188706
v 0.8493191492 -0.007646985591 -0.0715124672
v 0.5279621269 0.06989501842 -0.6746274345
v 0.2452259749 -0.2138100384 0.2326919465
v -0.4183848495 -0.1742918134 -0.2930920958
v -0.02220232244 -0.2698888734 0.4504536281
v 0.01214510359 0.3839964905 0.2501917125
v -0.1660360238 0.4269908016 -0.08421426854
v 0.2745025514 -0.08737377876 0.2200273894
v -0.05549484377 0.4192659895 0.1001245021
v -0.07745196464 0.4245641555 0.05891590586
v -0.1793426354 -0.4769789637 0.2908514933
v -0.3979432687 -0.4242316327 -0.1194128994
v -0.3358365619 0.1773720944 -0.3021358432
v 0.06876412883 0.07974375931 0.4572088464
v -0.170208188 -0.501920248 0.6771196942
v -0.2929646438 -0.471321584 0.7464619426
v -0.711956891 -0.3711987052 -0.3396210281
v -0.8347133658 -0.3406000412 -0.2702788175
v 0.2333961224 -0.1998595132 0.2267973499
v -0.03426113358 0.4079265024 0.1404423787
v -0.09972323233 0.4237222024 0.01758471823
v -0.1490187519 -0.443107661 0.3150992669
v -0.3971613041 -0.3832319486 -0.1506086547
v -0.16433713 0.3894892321 -0.1011722693
v 0.02304756 0.3442741385 0.250506756
v 0.2122894112 -0.08368992014 0.2718517884
v -0.4610281392 0.2711337008 0.08471079936
v 0.5868928034 0.009925491432 -0.5072349118
v -0.2779867732 0.3192660702 -0.2362253596
v 0.06229332387 0.2371580128 0.4024039741
v -0.2870045658 0.2707715424 -0.2541067831
v 0.06675684773 0.1854104964 0.4098240492
v 0.05602493171 0.2579428002 0.3531128716
v -0.2389361866 0.3291156227 -0.200462928
v -0.3650933561 -0.4710775905 -0.04058693528
v -0.230366439 -0.5035865994 0.2122652025
v 0.05463450055 -0.02944128526 0.5064879814
v -0.3956825443 0.07921820873 -0.3386560401
v -0.2714156354 -0.4968723047 0.1242758562
v -0.3154078169 -0.4862571721 0.04171236376
v -0.415023002 -0.376469463 -0.171812918
v -0.1409928836 -0.4425916995 0.3424801086
v 0.4552045359 -0.2853365156 -0.6466768719
v -0.6226569339 -0.0166652501 -0.03781845809
v 0.7479991431 -0.3559865623 -0.09716706969
v -0.3298622889 -0.08731528148 0.5116913512
v 0.04788129261 0.2372424648 -0.1524662878
v 0.1526733878 0.2111216458 -0.2116608627
v -0.3258020605 0.2536189471 -0.2904530738
v 0.0728768389 0.1574195199 0.4577777367
v 0.04185143873 0.3049972265 0.3042417263
v -0.2019155066 0.3638170998 -0.1532541135
v 0.1176507821 0.2607161262 -0.03931167241
v 0.2224428796 0.2345953072 -0.09850624494
v -0.3319658503 0.2280377225 -0.2933290862
v 0.06906596012 0.1312705565 0.4593176554
v -0.1247011365 -0.4197871608 0.3478580831
v -0.4078491856 -0.3514648113 -0.1835472477
v -0.6053235425 -0.4461340788 -0.1177812896
v -0.7280799418 -0.4155353959 -0.04843908134
v -0.299818509 -0.5198510705 0.4555830411
v -0.422574946 -0.4892523687 0.5249252139
v -0.04461360419 -0.39510969 -0.03717154076
v -0.5236631904 -0.2757002261 0.2334322325
v 0.5392280725 -0.5406399729 -0.3669698937
v 0.06017849337 -0.421230509 -0.09636611565
v 0.7482492903 0.04926480801 -0.275549764
v -0.3296121795 0.3179360923 0.3333086639
v 0.6442194576 0.07436674753 -0.4707904461
v -0.4336420499 0.343038013 0.1380679819
v 0.002708391946 -0.2153021626 0.4976659725
v -0.4372885502 -0.1091328761 -0.3281095601
v 0.08271235061 0.2618261211 -0.1016529465
v 0.1875044499 0.235705302 -0.160847519
v 0.1491708231 0.245790014 0.0230746945
v 0.2539629089 0.219669195 -0.03611988511
v -0.6374397004 -0.4431106056 -0.1759706891
v -0.490730751 -0.4796797674 -0.2588430996
v -0.2699092408 -0.5317940668 0.5138015193
v -0.1232002915 -0.5683632286 0.4309291276
v -0.4755364461 0.4656824765 -0.2903771161
v -0.3288274967 0.4291133147 -0.3732495266
v 0.0108016057 0.3483312712 0.6223702424
v 0.1575105409 0.3117621471 0.5394978508
v -0.3913200327 -0.4388957813 -0.1009440893
v -0.1922907505 -0.4869206698 0.2725891675
v 0.2276579055 -0.2113831564 0.2419170751
v 0.537435364 -0.03283962044 -0.6125231815
v -0.5404261058 0.2358316592 -0.003664739409
v 0.7929401547 -0.09449177594 -0.1329980761
v -0.2849213529 0.1741795096 0.4758603613
v -0.4110132862 0.03334482722 -0.344465675
v 0.04592533348 -0.07691241265 0.5131055546
v 0.01361069734 0.3518318964 0.2304656711
v 0.7920662631 0.1577915317 -0.2092654472
v -0.1524343965 0.3918978326 -0.08116371281
v 0.6260211598 0.1978574679 -0.5208948477
v -0.7127290778 -0.4709980463 -0.2969495374
v -0.8354855525 -0.4403993823 -0.2276073268
v -0.2161254755 -0.5908262971 0.6350640199
v -0.3388819314 -0.5602276331 0.7044061928
v 0.3360340822 -0.20783804 0.303255597
v 0.06123068464 -0.379414298 0.1432785813
v 0.1660227822 -0.405535117 0.08408399695
v -0.3354980365 -0.4741829108 0.0008186457355
v -0.2479508835 -0.4953076582 0.1651250594
v -0.4148923411 -0.2172191141 0.3818806973
v 0.6330286015 -0.4784272952 -0.2100650328
v 0.8258302358 0.08975670408 -0.1560762438
v 0.5942881884 0.1456267591 -0.5906286258
v -0.08481912975 0.3405463196 0.4565282469
v -0.2075755667 0.3711449836 0.5258704197
v -0.3943251205 0.4152287146 -0.1243450421
v -0.5170815574 0.4458273786 -0.05500283733
v -0.1528106743 0.4262931758 -0.06266648882
v 0.001864758869 0.3889707035 0.2276245985
v -0.4331434922 -0.2194069388 -0.2789971395
v -0.0468203428 -0.3126249962 0.4460447189
v -0.480157297 -0.2775479586 0.2929634735
v -0.008592889808 -0.3950916443 0.0265879101
v 0.09619920186 -0.4212124634 -0.03260666007
v 0.5677636079 -0.5387561302 -0.2989822376
v -0.07892296641 0.429477323 0.06008027354
v -0.05676007631 0.4241295126 0.101675067
v -0.3540582284 -0.4770807818 -0.01949021661
v -0.2420700476 -0.5041030517 0.190686464
v -0.2266983066 0.3690527857 -0.1716960651
v 0.04355369257 0.3038421931 0.3355063042
v -0.2548034274 0.3519445871 -0.2085161951
v 0.05609039666 0.276927291 0.3749617093
v 0.0151740225 -0.1879426226 0.4714198156
v -0.4058755678 -0.08634524053 -0.318795789
v 0.01531025189 0.3587327632 0.6257620653
v 0.1620191823 0.3221636014 0.542889636
v -0.4746799583 0.4769652218 -0.293839668
v -0.3279710467 0.4403960601 -0.3767120596
v 0.2540983077 -0.08216625619 0.2692466492
v 0.289939302 -0.09110010229 0.2490008899
v -0.3921273669 0.02816078661 -0.3304726501
v 0.04455210324 -0.07720801834 0.4890767447
v -0.3303749282 -0.4858670769 0.02201624107
v -0.263666322 -0.5019635878 0.1472133963
v -0.3939804792 -0.39964775 -0.133622401
v -0.1628758683 -0.4554122494 0.3001090512
v -0.1151717617 0.4339760827 -0.001575816474
v -0.02618269516 0.4125034096 0.1654366863
v 0.07091296476 0.07808239127 0.4527054053
v -0.3311106084 0.1750888884 -0.301802622
v 0.2795462476 -0.07401394702 0.2323628592
v 0.3624605255 -0.143028807 0.299225797
v -0.3722740434 -0.4381517579 -0.07820487408
v -0.2001163991 -0.479692641 0.2448964157
v 0.05228723823 0.4568371744 0.6479317603
v -0.07046920348 0.4874358384 0.7172740087
v -0.4616795562 0.5808550687 -0.3166685758
v -0.5844359932 0.6114537327 -0.2473263651
v 0.06062123652 0.2394945063 0.3663743313
v -0.2491576754 0.3142427791 -0.2150111674
v -0.4213141682 0.4275784171 -0.177573305
v -0.2746052567 0.3910092553 -0.2604457061
v -0.05510425787 0.3392135858 0.5097205271
v 0.0916046779 0.3026444618 0.4268481355
v -0.4184098416 -0.3374023975 -0.2008462372
v -0.1149932308 -0.4106154708 0.3685986248
v 0.2753765562 -0.08355112123 0.3493185708
v -0.4545631611 0.3090469975 0.07942574288
v 0.01700126496 0.1915033118 -0.18694983
v 0.1217933625 0.1653824928 -0.2461444143
v 0.5933577815 0.04783880705 -0.5125199777
v 0.001368136032 0.3842601529 0.225339184
v -0.1517139305 0.4211981552 -0.06196151839
v 0.3569059643 -0.1788699711 0.298177112
v -0.3466424949 0.1325968535 -0.3105482389
v 0.4318130614 -0.06144352064 -0.7502793856
v 0.06485264591 0.03330492297 0.4617358072
v 0.8433082187 -0.1607354559 0.02200468885
v -0.3018552865 0.2871264304 -0.2636636039
v 0.06794500411 0.1978952769 0.4303685429
v 0.02051328665 -0.1713205754 0.5101419189
v -0.432847627 -0.06192661633 -0.3407147706
v -0.321027935 -0.4928445433 0.0429758125
v -0.2763112102 -0.5036345071 0.1268991165
v -0.6354650255 -0.4407156715 -0.1735317074
v -0.4887560762 -0.4772848333 -0.2564041085
v -0.2705430651 -0.5287696876 0.5113448601
v -0.1238341347 -0.5653388494 0.4284724684
v -0.4158040605 -0.2082888315 0.376326004
v 0.6321168821 -0.4694970503 -0.2156197355
v -0.1736398019 -0.4623731802 0.2800139616
v -0.3843107411 -0.4115392143 -0.1153681258
v -0.06846328854 0.4359629894 0.08238660373
v 0.4519810885 -0.3612861062 -0.6188690887
v -0.6258803812 -0.09261483368 -0.01001065603
v 0.7153939035 -0.4248464299 -0.1245023184
v -0.3624675663 -0.1561751692 0.4843561143
v 0.06439039423 0.2571647619 -0.1320313656
v 0.1691824942 0.2310439428 -0.1912259452
v 0.1632516647 0.2333099904 0.05350905084
v 0.2680437646 0.2071891714 -0.005685528775
v -0.496801519 -0.2450846584 0.2491731916
v 0.5511194236 -0.5062928772 -0.3427725573
v -0.2773466819 0.2882781416 -0.2420586276
v 0.06416923856 0.2058718783 0.3988901356
v 0.1287136695 0.2109718822 0.002223618631
v -0.3503359214 0.3303813461 0.2728273848
v 0.7125553414 0.06544159921 -0.3275747225
v 0.2335057647 0.1848510631 -0.0569709539
v 0.08460575357 0.2216149138 -0.08055703713
v -0.3944438139 0.3410243777 0.1900467314
v 0.6684474489 0.07608463085 -0.4103553759
v 0.1893978533 0.1954940947 -0.1397516097
v 0.0403321045 0.3276168541 0.3246970112
v -0.2171506219 0.3897462502 -0.1585402742
v -0.4259974238 -0.1305246643 -0.3110385288
v -0.007173372817 -0.2315850285 0.4750002116
v -0.4431622886 -0.2239166185 -0.2875843476
v -0.04590284723 -0.3197735374 0.4579824677
v 0.2124872241 0.04240281664 0.2249124124
v 0.3172793146 0.01628199759 0.165717847
v 0.5494152444 0.09853856332 -0.6492885801
v 0.8436587116 0.02753892976 -0.0970596194
v -0.3570785304 -0.4832977269 -0.02064218735
v -0.2434825899 -0.51070794 0.1925518836
v 0.03834279588 0.3222499411 0.3206548662
v -0.2155243824 0.3835069556 -0.1557968669
v 0.5762847304 -0.5520517936 -0.314635196
v -0.5015767771 -0.2833805092 0.294223232
v 0.5160159971 -0.5375092076 -0.4277460375
v -0.5618455104 -0.2688379421 0.1811123904
v 0.06588809636 0.1943023094 0.4247152405
v -0.2987599706 0.28229024 -0.2596473381
v 0.5604288154 0.1116334785 -0.6355696373
v 0.8400008856 0.04417398741 -0.1108755716
v -0.2790893308 -0.5099029087 0.1283444656
v -0.324437879 -0.4989605009 0.04323539772
v -0.2962975731 0.2526164332 -0.2653431308
v 0.06881645124 0.1645160384 0.4198939623
v -0.161952238 -0.4209807394 0.656018995
v -0.2847086938 -0.3903820565 0.7253611679
v -0.6814869625 -0.2956193142 -0.3190310617
v -0.8042433618 -0.2650206502 -0.24968887
v -0.03606001459 0.4225839311 0.1456538653
v -0.1034629998 0.4388479868 0.01915358355
v -0.06848819566 -0.3555605835 0.4335185997
v -0.4396093764 -0.2660107058 -0.2629925746
v -0.4506181906 0.5438068673 -0.2807383727
v -0.3039092791 0.5072377055 -0.3636107832
v 0.02517214003 0.4290007749 0.6122133479
v 0.1718810705 0.3924316509 0.5293409185
v -0.2094481026 -0.5833578235 0.643589333
v -0.3322045585 -0.5527591218 0.7129315059
v -0.7151665965 -0.4613301958 -0.3055307617
v -0.8379229958 -0.4307315318 -0.23618857
v -0.392984572 0.5033054953 -0.1608375335
v -0.2462756226 0.4667363336 -0.2437099346
v -0.04488017359 0.4193094803 0.4924762691
v 0.1018287557 0.3827403185 0.4096038774
v 0.02466209623 -0.1448423642 0.4930815149
v -0.4137402901 -0.03905783027 -0.3297014072
v -0.1791788279 -0.475447275 0.2900116921
v -0.3970014229 -0.4228876488 -0.118792496
v -0.426312354 -0.06166145556 -0.3325149017
v 0.01750349875 -0.16875224 0.5004278973
v -0.1952015328 -0.4744303775 0.2399236562
v -0.3648757892 -0.4334887753 -0.07851683244
v -0.4745457864 0.2578063632 0.06666148173
v 0.5733751562 -0.003401827266 -0.5252842389
v -0.2093518907 -0.4061148988 0.5655475822
v -0.06264296025 -0.4426840417 0.4826751905
v -0.6324862889 -0.3040144571 -0.2285807713
v -0.4857773773 -0.3405836 -0.3114531818
v -0.2179257911 -0.5002886666 0.2331064108
v -0.3748157964 -0.4624318097 -0.06134089262
v -0.2902150641 -0.5073133235 0.106872
v -0.31283707 -0.5018547477 0.06441555618
v 0.2967788779 -0.1302461816 0.1752684575
v 0.2925779276 -0.08329356756 0.2255360625
v -0.4198136252 -0.338264718 -0.2014495482
v -0.1153805511 -0.4117230494 0.3699030443
v 0.2143384015 -0.09000990325 0.2545667956
v 0.2929134894 -0.1095956888 0.2101815743
v -0.3015728611 -0.01163971277 0.5100764186
v 0.7613184017 -0.2765794596 -0.09032570763
v -0.1183736147 -0.05966181696 -0.3157720705
v -0.597423182 0.05974765638 -0.04516830195
v 0.4654680808 -0.2051920999 -0.6455704258
v -0.01358151477 -0.08578263836 -0.374966636
v 0.05091907388 0.2757686333 0.3391177703
v -0.2284661174 0.3431830575 -0.1852255193
v -0.3225412005 0.2199712139 -0.2869603955
v 0.06830674839 0.1256613488 0.4465734785
v 0.06767808786 0.1484372901 0.4398170144
v -0.3149590924 0.2407659302 -0.278307083
v -0.06060303044 -0.4196088565 -0.05466685668
v 0.04418906476 -0.4457296755 -0.1138614292
v -0.5521775844 -0.2575771686 0.1566535623
v 0.4957433582 -0.5187853591 -0.4352921677
v -0.7178223995 -0.4095394342 -0.3330861515
v -0.8405788742 -0.3789407701 -0.2637439409
v -0.1829072131 -0.538612105 0.6708296983
v -0.3056636689 -0.5080134032 0.7401718712
v -0.3330943815 -0.459728099 -0.02207369544
v -0.2263144029 -0.4854936306 0.1783283428
v -0.6527409577 -0.3114521625 -0.2611554882
v -0.5060320084 -0.3480213054 -0.3440278987
v -0.1948525878 -0.4219385545 0.5981982379
v -0.04814366678 -0.4585077163 0.5153258085
v -0.3034439813 0.2906616367 -0.2672184603
v 0.0703355035 0.2004703275 0.4342817636
v -0.3392764057 -0.4625544671 -0.02037247979
v -0.2314890243 -0.4885630861 0.181920272
v 0.2460510527 -0.08406146823 0.273290795
v 0.2961682901 -0.0965538543 0.2449807356
v -0.2367508914 -0.6065154977 0.6054740234
v -0.3595073283 -0.5759168337 0.6748162718
v -0.7017539386 -0.494312355 -0.2672322966
v -0.8245103379 -0.463713691 -0.1978900859
v -0.4223342747 -0.2788448465 -0.2412352675
v -0.07793742222 -0.3619462817 0.4051203696
v 0.04499893779 0.485744646 0.6222732944
v -0.07775749448 0.5163433101 0.6916155428
v -0.4417138061 0.6031862683 -0.2911772962
v -0.5644702054 0.6337849323 -0.2218350855
v 0.2853844988 -0.09769800057 0.214242369
v -0.06263826952 0.415107001 0.07660142288
v -0.06838466926 0.4377062423 0.0825688438
v 0.2116828346 -0.2035944295 0.2522921782
v 0.6517541111 0.1830938796 -0.505429896
v 0.7923349843 0.1491723473 -0.2415911401
v -0.5014310907 0.4159588074 -0.3142768317
v -0.6241875655 0.4465574715 -0.2449346211
v 0.0105595187 0.2924177632 0.646614656
v -0.1121969136 0.3230164272 0.7159569044
v 0.1673547043 -0.12852701 0.2451901857
v -0.3937783908 -0.4190412497 -0.1172189211
v -0.1782473073 -0.4710479172 0.287284575
v -0.2271528073 0.3420218705 -0.1852980038
v 0.05159600198 0.2747610606 0.3378509522
v -0.6981264655 -0.3278371014 -0.3342712358
v -0.8208829403 -0.2972384373 -0.2649290252
v -0.1622320773 -0.4571460264 0.6714822855
v -0.2849885143 -0.4265473624 0.7408245339
v 0.1560624737 -0.2526470882 0.2552205532
v 0.2608545641 -0.2787679072 0.1960259877
v -0.1561537777 -0.1773106996 -0.3307392762
v -0.05136167781 -0.2034315187 -0.3899338416
v -0.04156052377 0.4820747015 0.470656614
v -0.1643169513 0.5126733656 0.5399988246
v -0.366621194 0.5605103982 -0.1394093562
v -0.489377631 0.5911090623 -0.07006714809
v -0.1287471322 -0.4263903126 0.3218562595
v -0.3895167536 -0.3634677584 -0.1675498085
v 0.2331291472 -0.1443984625 0.3686454
v -0.07599995231 0.2887478564 0.4949979756
v -0.1987563893 0.3193465205 0.5643401485
v -0.4263384786 0.3732829752 -0.1625088587
v -0.5490949156 0.4038816392 -0.09316665518
v 0.07076384648 0.133275018 0.4638737232
v -0.3345316893 0.2310710113 -0.2967750083
v -0.2915021552 -0.4915802546 0.08197464055
v 0.06019378072 0.0159845562 0.4888206704
v -0.3732870147 0.1205815236 -0.3247254576
v -0.39783911 0.0544236961 -0.3358299174
v 0.04849135892 -0.05327385364 0.5018322473
v -0.4127775672 0.0338615815 -0.3474532834
v 0.04743405929 -0.07718542591 0.5162606702
v 0.02184124945 -0.1664701429 0.4768623844
v -0.4043171504 -0.06364002364 -0.3229413378
v -0.3800097282 -0.426280038 -0.09713797678
v -0.187708709 -0.472681424 0.2637679136
v -0.6588771506 -0.3171997703 -0.269482205
v -0.512168239 -0.3537689321 -0.3523546155
v -0.1920916823 -0.4298330257 0.6065694459
v -0.04538274243 -0.4664021874 0.5236970542
v 0.3212105431 -0.08282282161 0.3229898118
v -0.1890446706 -0.4560509438 0.6235327886
v -0.0423357307 -0.4926201056 0.5406603592
v -0.6738236113 -0.3390759407 -0.2862885923
v -0.5271146997 -0.3756450836 -0.3691609839
v 0.06779198201 0.1660765321 0.4228639781
v -0.2991441386 0.2546165532 -0.2657927614
v 0.2804709538 -0.1969900319 0.2404317274
v 0.2131119029 -0.180199897 0.2784812536
v -0.4276038244 -0.2391119144 -0.2659660258
v -0.05645403681 -0.3286686914 0.4305988323
v -0.2599994732 -0.6108218715 0.5662173845
v -0.3827559102 -0.5802231697 0.6355595574
v -0.683135759 -0.5087209579 -0.2279145555
v -0.8058922338 -0.4781222939 -0.1585723448
v -0.3092387418 0.254889616 0.3605915006
v 0.7386821631 -0.006318593355 -0.2313542483
v 0.1663453478 -0.1493541863 0.2417130802
v -0.2778280622 -0.4916529279 0.1012497678
v -0.2996015085 -0.4863990832 0.06038590719
v -0.3646977491 0.1698723052 -0.322718882
v 0.06858153483 0.06532396286 0.4904490807
v 0.05677031899 0.2570078253 0.3518289139
v -0.2375626048 0.3280290721 -0.2005679079
v 0.2923901851 -0.1596943072 0.1745605253
v -0.005307792834 -0.2303071395 0.4683679527
v -0.419376906 -0.130394119 -0.3087468474
v -0.5799672465 -0.3286425479 -0.1247386812
v -0.7027237212 -0.2980438839 -0.05539647646
v -0.2674537141 -0.4040506754 0.4617791091
v -0.3902101511 -0.3734519925 0.5311213198
v -0.3597490567 0.1145569456 -0.3196594498
v 0.06303447345 0.01254118246 0.4738103705
v 0.1987592585 -0.1907122678 0.2628161767
v -0.2778361035 -0.5066905983 0.1276993155
v -0.3228647382 -0.495825394 0.04319067061
v -0.06680659236 -0.345359179 0.4175058613
v -0.4244653954 -0.2590577123 -0.2537394338
v -0.6157206175 -0.402486161 -0.1554477709
v -0.4690116682 -0.439055285 -0.2383201814
v -0.2702110331 -0.4858560532 0.4929961568
v -0.1235021027 -0.522425215 0.4101237274
v -0.3369239053 -0.4981711746 0.02160071973
v -0.2683115987 -0.5147270183 0.1503706261
v -0.3771135182 -0.4243060426 -0.09699327906
v -0.1859876734 -0.4704238329 0.2617070501
v -0.3282753685 -0.07994523893 0.474643716
v 0.7196456119 -0.3411534341 -0.1173020046
v -0.134051584 -0.03855247248 -0.3528417153
v -0.0292594935 -0.06467329153 -0.4120362996
v -0.4750677128 0.4731637103 -0.292848612
v -0.3283588012 0.4365945486 -0.3757210225
v 0.01387915908 0.3551830222 0.6247950009
v 0.1605880943 0.3186138604 0.5419225715
v 0.2663198409 -0.08871971286 0.3545264332
v 0.3518524148 -0.1100398683 0.3062111159
v -0.5111972106 -0.2785863939 0.2384718326
v -0.03963278453 -0.3961300796 -0.02790373552
v 0.06515931421 -0.4222509175 -0.08709831041
v 0.536723732 -0.5397945843 -0.3534738786
v -0.05617315927 0.3454916898 0.5050579221
v 0.09053577532 0.308922528 0.4221855304
v -0.4174340941 0.4326623384 -0.1729477728
v -0.2707251448 0.3960931767 -0.2558201739
v -0.04199643138 -0.3075578746 0.4320343657
v -0.4184110496 -0.2167307024 -0.2744114172
v 0.01813603479 0.3657668581 0.2666687671
v -0.1780838585 0.4131138652 -0.1015919434
v -0.3367914323 -0.4753504024 0.001024660355
v -0.2489713298 -0.49654099 0.1658432414
v -0.4319404756 -0.1974671557 -0.2882141702
v -0.03627809108 -0.2929387269 0.4543553721
v -0.4036294912 0.05648450297 -0.3420589433
v 0.0505508185 -0.05310717226 0.5103355885
v -0.4473294317 0.2823718984 0.1040025188
v 0.6005915109 0.02116369843 -0.4879431924
v -0.1621229541 -0.4543067093 0.2989736112
v -0.392509383 -0.3987155121 -0.1334099921
v 0.101638846 -0.3326436184 0.1941745743
v 0.2064309435 -0.3587644374 0.1349800089
v 0.2198677535 -0.07751159213 0.2673451761
v 0.3053992514 -0.09883146027 0.2190304628
v 0.06898600888 0.1242744782 0.4434237615
v -0.319723591 0.218068344 -0.2860968858
v -0.0431302574 0.4104159307 0.1186786726
v -0.08662301294 0.4209105578 0.03705253353
v -0.3018617422 0.2116880822 0.3927144916
v 0.7460592004 -0.04952011777 -0.1992312385
v -0.4467381165 0.5488907508 -0.2761128405
v -0.3000291672 0.5123216268 -0.358985251
v 0.02410323863 0.4352788789 0.6075507052
v 0.1708121691 0.3987097171 0.5246783135
v -0.2670508965 0.3373825587 -0.2237721402
v 0.0601579962 0.2584285221 0.3903255601
v -0.4063727286 0.3956141747 -0.1370175839
v -0.5291291656 0.4262128388 -0.06767537561
v -0.08328825274 0.3176553658 0.4693394719
v -0.2060446897 0.3482540298 0.5386816826
v 0.2286215911 -0.09345880476 0.2813694977
v 0.3071927338 -0.1130437037 0.2369865038
v -0.166003368 0.4286457895 -0.08479581295
v 0.01281441988 0.385497864 0.2508050373
v 0.2968222742 -0.1371280992 0.1748033107
v -0.2800578298 0.2637697258 -0.2505561549
v 0.4983977642 0.06972932332 -0.6902872638
v 0.06702313045 0.18002063 0.4008369115
v 0.8454786773 -0.01401974414 -0.03889422099
v -0.2046963831 -0.4909761791 0.2516904434
v -0.3816105037 -0.4482875866 -0.08033768885
v -0.4398676025 -0.2220320396 -0.2839439632
v -0.04683133817 -0.316869928 0.4536968955
v -0.412165828 -0.03926247165 -0.3289547411
v 0.02491566467 -0.1447282813 0.4913491724
v -0.4152775661 -0.03886895994 -0.3305256922
v 0.02449142254 -0.1449832466 0.4948220119
v 0.2227928251 -0.1973146645 0.2327546721
v -0.3082826633 -0.4944502266 0.06341234388
v -0.2860470527 -0.4998155918 0.1051436404
v -0.3988148574 -0.425601024 -0.1200787802
v -0.1794322595 -0.478537079 0.2916531269
v -0.05308867832 -0.3925135547 -0.05332056157
v 0.05170341688 -0.4186343926 -0.1125151376
v -0.3277240708 -0.06404802045 0.4686046978
v 0.7201968718 -0.325256218 -0.1233410134
v -0.2524208383 -0.4906674403 0.1403210615
v -0.3172015069 -0.4750361896 0.01874232823
v 0.715702831 0.07564649585 -0.3448082211
v -0.3621586765 0.3443177802 0.264050188
v 0.6854179646 0.08295410662 -0.4016460956
v -0.3924435052 0.3516253909 0.2072123324
v -0.2291139856 -0.4988039041 0.210471871
v -0.3624142977 -0.4666391212 -0.03970286707
v -0.02404090949 0.4241355907 0.1685104267
v -0.1152584222 0.4461459708 -0.002684376727
v 0.1661838432 -0.1459724244 0.2425469543
v -0.3827421684 -0.2045948859 0.4332254148
v 0.08882226242 -0.3221385716 0.1668498326
v 0.1936143576 -0.3482593907 0.1076552482
v 0.6651787742 -0.4658030953 -0.1587203152
v 0.147489182 -0.2194455311 0.2253924148
v -0.33156039 -0.1000360643 0.4959961857
v 0.7313308728 -0.3649758141 -0.1044059358
v 0.2522812867 -0.2455663502 0.1661978304
v -0.1330426333 -0.1517544577 -0.3011028631
v -0.6120922384 -0.03234499375 -0.03049908983
v 0.4507990622 -0.2972847406 -0.6309012184
v -0.02825053341 -0.1778752814 -0.3602974286
v -0.3666785398 -0.4513560227 -0.0589820185
v -0.2141076308 -0.4881706881 0.2273593693
v -0.4348959567 -0.1982269125 -0.2899443608
v -0.03660533797 -0.2943326572 0.4575577914
v -0.4161110627 -0.06221824858 -0.3258092334
v 0.01769688048 -0.1668941633 0.4883509179
v 0.1929508127 -0.1638689535 0.2570618112
v -0.4239971528 -0.01393487684 -0.3462241044
v 0.03507034123 -0.1247058083 0.5153425328
v -0.1648591318 -0.4562270963 0.2710933058
v -0.3714063432 -0.4063881693 -0.1165494349
v -0.2373020758 -0.4151265944 0.5200440228
v -0.09059312646 -0.4516957562 0.4371716311
v -0.6118935855 -0.3247393505 -0.1829801884
v -0.4651846361 -0.3613084934 -0.2658525989
v -0.04631125224 0.4157597015 0.4915092424
v 0.1003976806 0.3791905775 0.4086368508
v -0.3933723264 0.4995039838 -0.1598465152
v -0.2466633771 0.4629348598 -0.2427189163
v -0.01640893046 -0.2569372945 0.4811071841
v -0.4388758858 -0.1549979091 -0.3117685273
v 0.05381813647 0.4339461451 0.6607430231
v -0.06893829816 0.4645448092 0.7300852715
v -0.473727202 0.5612404533 -0.3293411365
v -0.5964836013 0.5918391174 -0.2599989258
v -0.590491698 -0.121570449 0.02881041976
v 0.4574292824 -0.3827786371 -0.5631353197
v 0.04616511758 0.3115645136 0.3421066246
v -0.2298222199 0.378159032 -0.1758596783
v -0.1234122521 0.4198876576 -0.02265984799
v -0.01503188487 0.3937359571 0.1807457584
v -0.1363718439 -0.3162640781 -0.2344033176
v -0.03157975345 -0.3423848972 -0.2935979019
v -0.4070695616 0.007619237608 -0.3346837558
v 0.03742080778 -0.09963429256 0.4995248987
v -0.2735481151 -0.4994091499 0.125425793
v -0.3178187958 -0.4887268181 0.04233961919
v -0.3362305832 -0.4609933315 -0.02114152364
v -0.2289784169 -0.4868727998 0.180146704
v 0.06694610266 0.05522011985 0.4557713121
v 0.8454016625 -0.1388202613 0.01604020318
v -0.3382665302 0.1529961138 -0.304721842
v 0.4401890261 -0.04104426971 -0.7444529886
v -0.2501097521 -0.5590015497 0.5608583617
v -0.1034008217 -0.5955707115 0.4779859701
v -0.6677130901 -0.4582357483 -0.2228893768
v -0.5210041407 -0.4948048723 -0.3057617873
v -0.6054777232 -0.04632545657 -0.03092275151
v -0.1339132971 -0.1638691423 -0.2972983314
v -0.02912119717 -0.1899899613 -0.3564928969
v 0.4424432194 -0.3075336565 -0.6228684603
v -0.1497979794 -0.4441234637 0.3162989613
v -0.3986904634 -0.384066842 -0.1508163587
v -0.2895123794 -0.5057281397 0.1066041659
v -0.3120546902 -0.5002887799 0.06429724972
v -0.2302886503 0.3811456211 -0.1776395793
v 0.04767556113 0.3140741016 0.3440369026
v -0.3071421645 -0.480429869 0.03893043022
v -0.2638653902 -0.4908723601 0.1201512411
v 0.2915461179 -0.1069386412 0.2109380938
v 0.2165287556 -0.08823957129 0.253313606
v -0.3925158764 0.5107867292 -0.1633090577
v -0.2458069271 0.4742175674 -0.2461814494
v -0.04180261077 0.4261611935 0.4949010275
v 0.1049063244 0.3895920318 0.4120286359
v 0.2326058145 -0.1684115249 0.3646905384
v 0.1666360409 -0.1526794895 0.2407891668
v -0.4145001696 -0.08542633514 -0.3199565419
v 0.01136320506 -0.1881852665 0.4792934475
v -0.4222761361 -0.03817609091 -0.3357329694
v 0.02488882274 -0.1460749929 0.5034953142
v -0.2380662213 -0.4879431924 0.1586050006
v -0.3238105103 -0.4672534654 -0.002317806046
v -0.4322136516 -0.08525489932 -0.3307499412
v 0.01024682535 -0.1920186409 0.4996491417
v -0.01606824374 -0.2576667927 0.4826660545
v -0.440038281 -0.1553647251 -0.3130305509
v 0.3125205354 -0.0799170332 0.3278603191
v 0.2656994942 -0.06861932612 0.2399877219
v 0.3093716489 -0.07922473281 0.3296439292
v 0.3156400317 -0.0807872345 0.32610306
v 0.3062005075 -0.07871293588 0.3314497378
v 0.2981719021 -0.1489639307 0.2050492733
v 0.8513076414 -0.02611036636 -0.05984483331
v 0.5175759623 0.05441758966 -0.6861842997
v 0.3059563252 -0.110415906 0.2379831472
v 0.2309391517 -0.09171687791 0.2803585651
v -0.05722562895 -0.3301406748 0.4336881078
v -0.4307251139 -0.2400169234 -0.2672866411
v -0.4238613199 -0.1961168954 -0.2851353144
v -0.03410729272 -0.2901627959 0.4463455297
v 0.3615945241 -0.162590385 0.2978961212
v 0.002169599725 0.3767115311 0.2209858274
v -0.1484903132 0.4130650892 -0.06176902678
v 0.3187225495 -0.0818343056 0.3243763427
v 0.07106288999 0.1425449397 0.4276401422
v -0.3036945059 0.23297222 -0.2756954126
v -0.03057573891 -0.2857891097 0.4336058076
v 0.7478798457 -0.4798294933 -0.00612530128
v -0.4109712679 -0.1940013759 -0.2803112047
v 0.3674843073 -0.38804175 -0.7200423136
v -0.1791834148 -0.3677156538 0.60201032
v -0.3019398518 -0.3371169708 0.6713525684
v -0.641324569 -0.2562030583 -0.2653248587
v -0.7640809683 -0.2256043848 -0.1959826575
v 0.2321941439 -0.1638527861 0.3658108396
v 0.3492526363 -0.1930311403 0.2996872818
v 0.2812294176 -0.08121093512 0.3459139877
v -0.4163679675 -0.0148649817 -0.3367228551
v 0.03148445234 -0.1229297722 0.503795672
v 0.2485156588 -0.1063720172 0.3640770626
v -0.2429399752 0.3684442931 -0.1944314508
v 0.0529703294 0.2970424271 0.3609257977
v 0.06457992877 0.2441408023 -0.1259487387
v 0.1693720299 0.2180199832 -0.1851433136
v 0.04368767569 0.2975659768 0.3294098269
v -0.222288246 0.3617447974 -0.1697672876
v 0.2980620994 -0.09860806792 0.2437075562
v 0.2434198077 -0.08498775302 0.2745736957
v 0.2361869372 -0.1313310263 0.3687358924
v 0.295820119 -0.1467195106 0.1744584806
v 0.1704177136 -0.1154613246 0.245295326
v -0.6099153619 -0.3796119127 -0.1552645492
v -0.4632064503 -0.4161810556 -0.2381369503
v -0.2646807279 -0.4629154929 0.4926634075
v -0.1179718163 -0.4994846169 0.4097910159
v -0.3332835964 -0.09208340671 0.4711338415
v 0.7146373462 -0.3532916102 -0.1208118649
v -0.2485048616 -0.3773058476 0.48352258
v -0.3712612986 -0.3467071836 0.5528647906
v -0.5842922322 -0.2962818492 -0.1466750052
v -0.7070487069 -0.2656831852 -0.07733279991
v 0.06809661522 0.1263632029 0.4481676851
v -0.3238920177 0.2209483204 -0.2875070119
v -0.5572736998 0.158968065 -0.03617717903
v -0.08570925486 0.04142438877 -0.3025527613
v 0.01908284035 0.01530356028 -0.3617473268
v 0.4906472428 -0.102240125 -0.6281229091
v -0.7175870513 -0.4453688385 -0.3168589798
v -0.8403434505 -0.4147701744 -0.2475167692
v -0.1998470361 -0.5702972064 0.6548228493
v -0.3226034919 -0.5396985046 0.7241650222
v -0.3235093598 -0.06756928202 0.4776198477
v 0.7244116206 -0.3287774749 -0.114325887
v -0.09588814012 0.01552526101 -0.309143889
v -0.5749377263 0.1349347249 -0.03854012038
v 0.4879535365 -0.130005029 -0.6389422442
v 0.008903964522 -0.01059555804 -0.3683384544
v 0.192634297 -0.05409391509 0.2323479659
v -0.2864152892 0.06531554409 0.5029517557
v 0.7764759736 -0.1996242028 -0.0974503681
v 0.2974264063 -0.08021473414 0.1731534005
v -0.4709053265 0.2944514827 0.05693574747
v 0.0006590712355 0.176907797 -0.2094398254
v 0.1054511712 0.150786978 -0.2686344003
v 0.5770155783 0.03324329225 -0.5350099637
v 0.2845178557 -0.1781516853 0.2073152076
v -0.5680258735 -0.1830550041 0.09571291255
v 0.4798950691 -0.4442631851 -0.4962328175
v 0.2689874226 -0.08387324205 0.2230080513
v 0.3071528296 -0.1660459999 0.2301933067
v 0.2039527655 -0.1403220148 0.2884885732
v -0.2939759918 -0.4938453961 0.08300155189
v -0.5180780309 -0.2512614633 0.2142330253
v 0.5298429117 -0.5124696538 -0.3777127048
v 0.2625523632 -0.06792913514 0.2417752772
v 0.2688206515 -0.06949155661 0.2382344835
v -0.09163241113 0.06333186529 -0.3227056309
v 0.01315969351 0.03721104624 -0.3819001964
v 0.2658055217 -0.1934554957 0.2129014807
v 0.1984397791 -0.1766636761 0.2509548009
v -0.3886576609 -0.4144620963 -0.1158371659
v -0.1760122922 -0.4657724781 0.2832504712
v 0.1662618962 -0.1479444283 0.2420735586
v 0.2833222951 -0.1771232356 0.1759489249
v -0.1285788322 -0.4314155668 0.3601588963
v -0.4213389338 -0.3607738822 -0.1892860969
v 0.2538853466 -0.07853211152 0.2314294133
v -0.5033035322 0.4385525746 -0.3275615469
v -0.626060007 0.4691512387 -0.2582193551
v 0.02277139677 0.3116130631 0.6597630474
v -0.09998504493 0.3422117271 0.7291052203
v 0.1972357243 -0.1131310792 0.2631298988
v 0.06521168617 0.2041138076 0.396039153
v -0.2746083524 0.2861108542 -0.2417268221
v 0.2712121313 -0.08517042252 0.2218000891
v 0.1255516263 -0.3107105174 0.2268289298
v 0.2303437215 -0.3368313365 0.1676343454
v -0.1561941539 -0.2427265234 -0.301944703
v -0.0514020634 -0.2688473425 -0.3611392684
v -0.01677855436 -0.2531682217 0.47132585
v -0.4306716188 -0.1532976797 -0.3054585604
v -0.6868382838 -0.3752295434 -0.2933748798
v -0.5401293345 -0.4117986863 -0.3762472904
v -0.1943787957 -0.4940578286 0.6308610499
v -0.04766986524 -0.5306269526 0.5479886582
v 0.1947383397 -0.1690535793 0.2548555256
v 0.01992096158 0.3488581053 0.2547859103
v -0.1691222036 0.394473374 -0.1000056955
v 0.06523786389 0.1915659618 0.4202713348
v -0.2957729663 0.2786762445 -0.2572649755
v -0.09162655952 -0.3903841329 0.4081962052
v -0.4355629654 -0.3073938218 -0.2372952426
v 0.4815938875 -0.1593882535 -0.6555371239
v -0.5962675823 0.1092830167 -0.04667869359
v 0.7833962829 -0.2322118215 -0.08912174481
v -0.2944651868 0.03645945341 0.5197366808
v -0.07943152843 -0.3751642318 0.4231599188
v -0.439351339 -0.2883171964 -0.252328798
v -0.3781991628 0.1232632624 -0.3289419619
v 0.06116422869 0.01724684406 0.4956445225
v -0.3836859396 0.0997451287 -0.3307735742
v 0.05709627993 -0.00661365635 0.4964757539
v -0.4141930541 -0.130564736 -0.3078765989
v -0.003118486378 -0.2297551811 0.463618102
v -0.5917474169 -0.1101504137 0.02154803632
v 0.4561735257 -0.3713586053 -0.5703977032
v 0.1970007442 -0.188141738 0.2644816597
v -0.3828178241 -0.1701086916 0.4178737581
v 0.6651031185 -0.4313168821 -0.1740719814
v 0.2430305054 -0.1151233218 0.366556864
v -0.002685778284 0.2769829379 0.6299774937
v -0.1254422153 0.307581602 0.6993196666
v -0.4968857068 0.3962311615 -0.2975248834
v -0.619642106 0.4268298256 -0.2281826727
v 0.1413531921 -0.282647585 0.2424190682
v 0.2461452826 -0.308768404 0.1832245027
v -0.157110951 -0.2106295155 -0.3177311537
v -0.05231886055 -0.2367503345 -0.376925738
v -0.4595167613 0.5288046463 -0.289871461
v -0.3128078497 0.4922355223 -0.3727438715
v 0.02606259547 0.4116365399 0.6214520296
v 0.1727715259 0.3750673781 0.538579638
v -0.3439828413 -0.1155417596 0.4625444627
v 0.7039381013 -0.376749963 -0.1294012721
v -0.5152601572 -0.2411007464 0.2147378876
v 0.5326607854 -0.5023089463 -0.3772078425
v -0.163693037 -0.4698644185 0.6745082126
v -0.2864494928 -0.4392657544 0.7438503855
v -0.7027690996 -0.3397877803 -0.3372166182
v -0.8255255743 -0.3091890974 -0.2678744076
v -0.3435739455 -0.451728261 -0.04113971475
v -0.2157515573 -0.4825712205 0.1987542563
v -0.116110323 -0.3672099232 -0.1760534517
v -0.01131822313 -0.3933307422 -0.2352480266
v 0.2412927643 -0.07808457147 0.2387245847
v -0.1186531332 0.4127624285 -0.02443685622
v -0.01164527181 0.3869418917 0.1763928926
v -0.3993617758 0.005906969953 -0.330910955
v 0.03849104939 -0.09974495394 0.4908405349
v 0.3623736573 -0.1568456888 0.2980988513
v 0.2779359207 -0.1839538122 0.1770525396
v -0.3500820368 0.1350052652 -0.3145852685
v 0.06647684675 0.0344914796 0.4672023109
v -0.4356260873 0.4148083421 -0.1972745998
v -0.288917138 0.3782391803 -0.2801470009
v -0.04836809511 0.3213647238 0.5295217523
v 0.09834083888 0.284795562 0.4466493607
v 0.06945343853 0.1235929349 0.4418760658
v -0.3182637828 0.2171473752 -0.2857821066
v -0.4255085308 -0.2799244507 -0.2422668696
v -0.07899407298 -0.3635368452 0.4080630149
v 0.2037430417 -0.1494615257 0.287425278
v 0.3030783308 -0.1742221603 0.2313131172
v -0.1628783222 -0.4634818915 0.6731340267
v -0.2856347592 -0.4328831897 0.7424762751
v -0.7005116595 -0.3337533678 -0.3358829973
v -0.8232680588 -0.3031546849 -0.2665408055
v -0.1919458827 -0.4837712548 0.2710833014
v -0.3895599045 -0.4360878742 -0.09979387407
v -0.5801075342 -0.3467758929 -0.1169853472
v -0.702864009 -0.3161772288 -0.04764314129
v -0.2757967966 -0.4202047397 0.454137692
v -0.3985532336 -0.3896060568 0.5234799027
v 0.07043182747 0.1108322036 0.4731893064
v -0.3447170114 0.2110057649 -0.3059518704
v -0.2885567162 0.009431331936 0.5055183498
v 0.1830077004 -0.1081123532 0.2391427675
v 0.2877998003 -0.1342331728 0.1799481832
v 0.7593641886 -0.2517768585 -0.08642738612
v 0.2115244068 -0.09256297905 0.2561497897
v -0.1617558691 -0.4508726415 0.6695570663
v -0.2845123061 -0.4202739775 0.7388992392
v -0.6956195579 -0.3220537232 -0.3323853168
v -0.8183760327 -0.2914550403 -0.263043125
v -0.1649182143 -0.4519539446 0.2691031147
v 0.6135373609 -0.6459943093 -0.1706280036
v -0.3693585043 -0.4026233909 -0.1145854628
v 0.409097052 -0.5966637933 -0.5543165953
v 0.2721840658 -0.08578482446 0.2212748217
v 0.2961502445 -0.1176474905 0.2082927672
v -0.4122078841 -0.01551495461 -0.3335717224
v 0.03117739825 -0.1225018351 0.4985629686
v -0.2719620253 -0.5010990965 0.4966226861
v -0.1252530948 -0.5376682583 0.4137502567
v -0.6212847866 -0.4168090661 -0.158977824
v -0.4745758751 -0.4533782278 -0.2418502345
v -0.5426096267 -0.2228261699 0.1582571126
v 0.5053113159 -0.4840343887 -0.4336885985
v -0.4827406909 0.2586650029 0.05177518883
v 0.5651802517 -0.002543187626 -0.5401705223
v -0.4634690557 0.4178197344 -0.2478938397
v -0.3167601441 0.3812505727 -0.3307662502
v -0.02225613843 0.3113570266 0.5801637853
v 0.1244527967 0.2747878648 0.4972914314
v 0.7009488696 0.08087036519 -0.3732322926
v -0.3769126379 0.3495416495 0.2356261542
v -0.4497450163 0.4108944796 -0.2205422655
v -0.303036067 0.3743253555 -0.3034146665
v -0.03766764214 0.3114620536 0.5528345132
v 0.109041293 0.2748929296 0.4699620838
v -0.3057284142 -0.0268602273 0.5094361386
v 0.7571628486 -0.2917999836 -0.09096596167
v -0.1217936575 -0.07505980768 -0.3150318978
v -0.6008432436 0.04434965858 -0.04442812921
v 0.4620480192 -0.2205900977 -0.6448302531
v -0.01700155754 -0.1011806291 -0.3742264821
v 0.7578660995 0.1797226506 -0.3160924182
v 0.6966050832 0.1945046621 -0.4310655647
v -0.2707997057 -0.4897040756 0.4936520285
v -0.1240907752 -0.5262732374 0.4107796369
v -0.6169951372 -0.4061686771 -0.1560790847
v -0.4702861878 -0.4427378389 -0.2389514952
v 0.2845745031 -0.224741432 0.3242244649
v -0.5354326014 0.1644448941 7.131892413e-05
v 0.5124883412 -0.0967633091 -0.5918744158
v -0.3878748657 -0.3962468665 -0.1331170432
v -0.1594919734 -0.4513546259 0.2955063591
v 0.6689105194 -0.4916608181 -0.1773086232
v -0.4089509881 -0.2229895527 0.4315498142
v 0.4620271799 -0.4417407991 -0.5655822011
v -0.6158343276 -0.1730695289 0.04327621745
v 0.1488537835 -0.2678713119 0.2491770424
v 0.2536458834 -0.2939921309 0.1899824581
v -0.1568664668 -0.1941023918 -0.3245912668
v -0.05207436683 -0.2202232109 -0.3837858323
v -0.3410245287 0.2072301327 -0.3013464413
v 0.0683402772 0.1084522383 0.4669394413
v -0.428489457 -0.1750582807 -0.2957988644
v -0.02575759417 -0.2722356921 0.4600384989
v -0.360902429 0.1399927293 -0.3173031929
v 0.06313369608 0.03767471127 0.4785174478
v -0.5828291773 0.004082266336 -0.01307158894
v 0.4650917276 -0.2571259241 -0.6050173331
v -0.0676877796 0.4429105181 0.08286662496
v -0.00511271696 -0.2385348791 0.4944359185
v -0.441495522 -0.1332376597 -0.3245567234
v 0.2982236984 -0.1259604796 0.20687107
v 0.2433449825 -0.1145528483 0.3664261653
v 0.36255451 -0.1442674146 0.2990875101
v -0.3552291556 -0.4434308589 -0.05972821274
v -0.2062109511 -0.4793882814 0.2199455045
v 0.06143565399 0.2386306945 0.3650824834
v -0.2477312403 0.3132313179 -0.2151544188
v 0.3334202599 -0.2099818738 0.3040607793
v 0.2391686279 -0.06859641044 0.2555932445
v 0.2968788461 -0.1337125135 0.1750114394
v -0.2364125925 0.3523756813 -0.1865259276
v 0.04847643258 0.2836332424 0.3481468509
v -0.2061842979 -0.5792417594 0.64755099
v -0.3289407161 -0.5486430954 0.7168931629
v -0.7161406074 -0.4561915713 -0.3095226017
v -0.8388970821 -0.4255929073 -0.2401803911
v -0.433672516 -0.2410593132 -0.2688778275
v -0.05769201215 -0.331781732 0.4367532217
v 0.2122187859 -0.09190152764 0.2557624505
v -0.1894252332 -0.4454941008 0.6182006455
v -0.04271630279 -0.4820632626 0.5353282161
v -0.6685563267 -0.329881939 -0.2810208925
v -0.5218473774 -0.3664510819 -0.3638932841
v 0.2939310098 -0.1628576669 0.2053574835
v 0.190712532 -0.1371293143 0.2636631508
v 0.2098804332 -0.1900135377 0.2413620588
v 0.04012194184 -0.1000728796 0.4858514097
v -0.3943891107 0.004772700344 -0.3296283753
v -0.05636091118 0.3740719995 0.4921139219
v 0.09034802281 0.3375028377 0.4092414925
v -0.4039215812 0.4579368251 -0.160179491
v -0.2572126696 0.4213677011 -0.2430518921
v -0.4662480068 0.4213621137 -0.2543765803
v -0.3195390952 0.384792952 -0.3372489908
v -0.01813613861 0.3132347156 0.5866288766
v 0.1285727918 0.2766655539 0.503756485
v 0.1703638315 -0.1156364849 0.2453051039
v 0.3080116202 -0.07898244053 0.3304172486
v 0.3030143405 -0.07838624349 0.333273441
v 0.2896672018 -0.1709873164 0.20613673
v 0.003052287617 0.3738856538 0.2191040799
v -0.1467487592 0.4100319892 -0.06203885114
v -0.007248141362 0.3910462904 0.2039246494
v -0.1383047081 0.4226696289 -0.0420391293
v -0.08433370993 -0.3739900391 0.3834894763
v -0.4094809558 -0.2955334653 -0.2267389659
v 0.2941584112 -0.1123262307 0.2094766811
v -0.3796861904 0.09792774904 -0.3278826307
v 0.05678912911 -0.007391789086 0.4912835588
v 0.4146893089 -0.1961574981 -0.757753069
v 0.825592547 -0.2953066114 0.01342009512
v 0.3610513054 -0.1334052589 0.3005571717
v 0.2491408945 -0.1055099003 0.3637727408
v -0.01398995753 0.3158479716 0.5928157331
v 0.1327189776 0.2792788099 0.5099433038
v -0.4687067424 0.4255690855 -0.260585673
v -0.3219978308 0.3889999615 -0.3434580646
v 0.07103681727 0.1002928777 0.4462385773
v -0.3234014635 0.1954690838 -0.294033583
v 0.3217595946 -0.08305892368 0.3226846972
v 0.1903258629 -0.146225403 0.2622522697
v 0.209298339 -0.201799371 0.2540557797
v -0.2690752157 -0.4945891931 0.1230048286
v -0.3128072079 -0.4840368426 0.04092965355
v -0.06800556007 0.4290628776 0.08125557138
v 0.07045928051 0.1553027829 0.4536143688
v -0.3239752994 0.2504780642 -0.286650845
v -0.6035890482 -0.1309245962 0.009751910807
v 0.4443319322 -0.3921328032 -0.5821938051
v -0.5997212435 -0.1563212661 0.02780585781
v 0.4481996991 -0.4175294566 -0.5641398722
v 0.1725819336 -0.1092281194 0.2447350055
v 0.1950863882 -0.1183529618 0.263814047
v -0.4962565637 0.2418168048 0.03528261802
v 0.5516643411 -0.01939140453 -0.5566630931
v -0.2366617203 -0.4873697718 0.1577236341
v -0.3222366145 -0.4667209306 -0.00288124112
v 0.2894061632 -0.1667564946 0.1749236652
v 0.7769172987 -0.005384760455 -0.2006835717
v -0.3009441711 0.2632865333 0.4081748752
v 0.5932623813 0.03893035471 -0.5453626419
v -0.4845990885 0.3076016485 0.06349577659
v -0.4003706699 -0.310446855 -0.210161037
v 0.3780849053 -0.5044872197 -0.6498921648
v -0.09435747075 -0.3842864663 0.3641570598
v 0.6840981044 -0.578326831 -0.07557404848
v -0.1845072901 0.3907018756 -0.1179375278
v 0.02555058855 0.3400158234 0.2762939952
v -0.1034558835 0.03467602256 -0.3309917451
v 0.001336206974 0.008555194078 -0.3901863294
v -0.3999245125 0.03025464567 -0.3338484094
v 0.04314635406 -0.07665637144 0.4976962122
v -0.4127984065 -0.08557251582 -0.3195553287
v 0.01197775211 -0.1880691025 0.4776542024
v 0.08426658188 -0.3279020354 0.1613281537
v -0.3947830188 -0.2084925621 0.4319319435
v 0.668108244 -0.4734323184 -0.1684701827
v 0.1890586767 -0.3540228545 0.1021335883
v -0.12758872 -0.276782303 -0.236276684
v -0.6066383062 -0.1573728297 0.03432707752
v 0.4562529567 -0.4223125671 -0.5660750204
v -0.02279661063 -0.3029031221 -0.2954712683
v 0.6186953524 0.05994381764 -0.5096113095
v -0.4591661174 0.328615102 0.09924711846
v 0.7641625134 0.02484324149 -0.2366021282
v -0.3136989941 0.2935145069 0.3722562998
v -0.2603313165 0.3250650589 -0.2168178254
v 0.05694706846 0.2485072023 0.3786424887
v -0.1254068602 -0.4207325177 0.3491567642
v -0.4094105854 -0.3522036816 -0.1838544669
v 0.8071235647 0.1280829361 -0.2061047915
v 0.6287839151 0.1711155093 -0.5408083484
v -0.4458326262 0.4110603634 -0.2136893441
v -0.2991236769 0.3744912394 -0.2965617452
v -0.04106173961 0.3133909727 0.5459747587
v 0.1056471885 0.2768218486 0.4631023293
v 0.1774576507 -0.09865606355 0.242761199
v 0.2966590141 -0.1283685374 0.1754271684
v 0.5070209692 -0.6590546999 -0.3900355465
v 0.5275091741 -0.6639984468 -0.351583769
v -0.5986194032 0.0142845675 -0.04552694228
v -0.127054996 -0.1032591194 -0.3119025104
v -0.02226290554 -0.1293799396 -0.3710970947
v 0.4493015016 -0.2469236324 -0.6374726582
v 0.0634785686 0.01826997072 0.5021788517
v -0.3821421701 0.1257962569 -0.3341512777
v -0.3909851315 0.1036530263 -0.3397620521
v 0.06076158327 -0.00535143456 0.5080651994
v 0.2623387792 -0.08082813918 0.2266678027
v 0.2519038197 -0.07822699696 0.2325622672
v -0.1410253506 -0.4332582216 0.3031507587
v 0.6374302245 -0.6272985863 -0.1365803738
v -0.3818290521 -0.3751533591 -0.1487837434
v 0.3966265231 -0.5691937427 -0.5885148712
v 0.2991683945 -0.140491504 0.2053824379
v 0.1831181732 -0.08958035102 0.2398584012
v -0.3516957991 0.1356798621 -0.3147236498
v 0.06575218905 0.03495152984 0.4687325273
v -0.03556185334 0.4126046991 0.1424626584
v -0.101618665 0.4285438959 0.01848883058
v 0.2459614097 -0.2031565494 0.2580265727
v 0.2407379462 -0.2018545272 0.2609771838
v -0.01667059206 -0.2562339586 0.479521283
v -0.4376496137 -0.1546536028 -0.3105619053
v -0.0456667251 0.3176526099 0.5359420317
v 0.1010422065 0.2810834481 0.45306964
v -0.4397564974 0.4127446849 -0.2036760313
v -0.293047548 0.3761755609 -0.2865484229
v 0.02261208654 0.2216450779 -0.1903176801
v 0.1274041817 0.1955242778 -0.2495122456
v -0.1255229109 0.4246745057 -0.02212137195
v -0.01615789615 0.3982852296 0.1831322171
v 0.3587608132 -0.1738650419 0.2979480307
v -0.115673113 0.4409554745 -0.00194572352
v -0.02542668531 0.4191793856 0.1674265565
v 0.1000389541 0.2211246239 -0.05301930011
v -0.379010612 0.3405340878 0.217584472
v 0.6838806508 0.07559432209 -0.3828176353
v 0.2048310458 0.1950038049 -0.1122138738
v 0.1147904605 0.2175651428 -0.02533403158
v -0.3642591422 0.3369746067 0.2452697299
v 0.6986321584 0.07203485985 -0.3551323774
v 0.2195825533 0.1914443238 -0.08452860648
v 0.1869276693 -0.08468374743 0.2377061582
v -0.1147522008 -0.3215791005 -0.1937847246
v -0.5938017492 -0.2021696272 0.07681904635
v 0.4690894758 -0.4671093646 -0.5235830798
v -0.009960110345 -0.3476999196 -0.25297929
v 0.05195804946 -0.3618055409 0.1190930048
v -0.4270915249 -0.2423960676 0.3896967946
v 0.6357997379 -0.5073358239 -0.2107053316
v 0.156750147 -0.38792636 0.0598984393
v -0.3663117002 0.1429885677 -0.3205993325
v 0.06310297746 0.03937272741 0.485315666
v 0.2950245447 -0.1174745104 0.176645135
v -0.4306005689 -0.1308883021 -0.313556026
v -0.007741961087 -0.2329221887 0.4800546483
v 0.3533009916 -0.1864308861 0.2988082559
v 0.2879957917 -0.1735438306 0.206497416
v 0.1904470103 -0.149228622 0.2616003997
v 0.3014918257 -0.1768001934 0.2318270023
v 0.20394362 -0.1524850083 0.2869296651
v -0.1299380115 -0.4268430011 0.3230625606
v -0.3912238775 -0.3637959019 -0.1673123556
v 0.06589273282 0.187106842 0.4127704698
v -0.2897271526 0.2729163294 -0.2546482841
v 0.2916079751 -0.1070524728 0.2109041733
v -0.3951369094 0.4879695058 -0.1578805423
v -0.2484279978 0.4514003818 -0.2407529434
v -0.05013164935 0.4047212894 0.4896169432
v 0.09657728583 0.3681521276 0.4067445516
v -0.08219065955 -0.3732316886 0.3808178174
v -0.4060044166 -0.2950968782 -0.2269079455
v 0.2933249712 -0.1112053585 0.1776048188
v -0.3039392922 -0.5117903001 0.08600310978
v 0.2415479703 -0.07805842089 0.2385747267
v -0.3702006839 -0.455225413 -0.05951225981
v -0.216065034 -0.4924176774 0.2297657424
v -0.01564944739 -0.2584206318 0.4841940057
v -0.4411338544 -0.1557531497 -0.3143447482
v 0.5828932053 0.1352068628 -0.6062031725
v 0.8310755485 0.07532158018 -0.1404206192
v 0.2593868279 -0.067422574 0.2435926946
v 0.2719081715 -0.07054359922 0.236519677
v 0.3267211605 -0.0855037086 0.3199414221
v 0.05625747916 0.2410476383 -0.1393170375
v 0.1610495744 0.2149268004 -0.1985116124
v 0.2986761982 -0.1288599504 0.2064795403
v -0.3209488816 -0.09441607892 0.4939993125
v 0.726972061 -0.3556242718 -0.09794642938
v 0.2990026805 -0.1318192398 0.2061291606
v 0.3497330162 -0.1923205277 0.2995761766
v -0.1422258568 -0.07337560419 -0.3519461727
v -0.03743375684 -0.09949642545 -0.4111407382
v -0.6906761886 -0.412855809 -0.2835658167
v -0.543967277 -0.4494249519 -0.3664382083
v -0.2085433296 -0.5291923253 0.6212894679
v -0.06183439912 -0.5657614493 0.5384170385
v -0.1997639431 -0.4135350683 0.5857954556
v -0.05305501266 -0.4501041923 0.5029230262
v -0.6444588453 -0.3062321628 -0.2487971593
v -0.4977499338 -0.3428013057 -0.3316695698
v 0.2824244119 -0.2021005498 0.2184321446
v -0.5923314459 -0.2749801565 -0.1703066273
v -0.7150879206 -0.244381483 -0.1009644261
v -0.2314243734 -0.3620654093 0.5070349376
v -0.3541808103 -0.3314667452 0.5763771482
v -0.0578101204 -0.3345242144 0.4412391835
v -0.4377040526 -0.2428575052 -0.2717365116
v -0.1458088198 -0.3155686231 -0.2514164557
v -0.04101671993 -0.3416894421 -0.31061104
v 0.08232199632 -0.3706155634 0.1767338908
v 0.1871140905 -0.3967363825 0.1175393064
v 0.5032466394 -0.5261915413 -0.455345843
v -0.5746148681 -0.257520257 0.1535126039
v 0.5929002229 -0.5478245487 -0.2870861486
v -0.4849612468 -0.2791532644 0.3217722982
v -0.006395749737 -0.2308709143 0.4716548996
v -0.4227427552 -0.1304082502 -0.3097349776
v -0.2076683998 -0.3533420096 0.5452407773
v -0.3304248368 -0.3227433267 0.614582988
v -0.6093372223 -0.2564211159 -0.2086014776
v -0.7320936215 -0.2258224425 -0.1392592717
v -0.3294738171 0.1729222239 -0.2979489556
v 0.4489817392 -0.02111815965 -0.7376800645
v 0.06844886124 0.07690525386 0.4488626305
v 0.8469044329 -0.1171351203 0.009131521582
v -0.07027983765 0.2774436677 0.5101124721
v -0.1930362652 0.3080423318 0.5794547205
v -0.4366927047 0.3658574638 -0.1775622625
v -0.5594491417 0.3964561278 -0.1082200518
v 0.2610939141 -0.2116464413 0.2258401955
v -0.2044002536 0.400281008 -0.1406169787
v 0.03393770913 0.3427711038 0.3066898913
v -0.4039166356 -0.4087197738 -0.1372863004
v -0.1664269684 -0.4660249659 0.3084285006
v 0.1911719971 -0.1767545413 0.270720086
v 0.157889433 -0.1933292613 0.2322796153
v 0.2626815329 -0.2194500803 0.1730850498
v -0.02256516036 0.3970971629 0.1582862952
v -0.1088974518 0.4179287632 -0.003740041207
v -0.08531427081 0.07718452693 -0.3176334128
v 0.0194778244 0.05106370788 -0.3768279971
v -0.3815992912 0.3393372248 0.1952274121
v 0.6663216514 0.07812901544 -0.396718318
v -0.5629858581 0.1448659736 -0.04006658744
v -0.09142143208 0.02732227842 -0.3064421603
v 0.01337067256 0.001201459369 -0.3656367446
v 0.4849350845 -0.1163422311 -0.632012308
v -0.6902163649 -0.4197316271 -0.2797176433
v -0.5435074533 -0.4563007889 -0.3625900538
v -0.2121621008 -0.5350839961 0.6174828976
v -0.06545317975 -0.5716531578 0.5346105437
v -0.3988314307 0.4726440491 -0.1576582375
v -0.2521224814 0.4360749251 -0.2405306386
v -0.05400982643 0.389440154 0.4894945123
v 0.09269910402 0.3528709923 0.4066221207
v -0.4668388312 0.5112933658 -0.295106505
v -0.3201299196 0.4747242041 -0.3779788967
v 0.02438254474 0.3927638339 0.6268058425
v 0.1710914799 0.3561946721 0.5439334132
v 0.1685883853 -0.1222524147 0.2454477512
v 0.8535519436 -0.1046817111 -0.02120058249
v 0.4788947826 -0.0142786215 -0.7243479701
v 0.002469098622 -0.4180663706 0.05630901113
v 0.1072611915 -0.4441871896 -0.002885563765
v -0.2269650081 -0.407713447 0.5350724816
v -0.08025607769 -0.4442825899 0.45220009
v -0.6176042337 -0.3134539436 -0.198069655
v -0.4708952844 -0.3500230865 -0.2809420655
v -0.4754656226 0.4549035364 -0.285495302
v -0.3287566733 0.4183343746 -0.3683676936
v 0.005705405392 0.3387991027 0.6175547026
v 0.1524143358 0.3022299787 0.534682311
v 0.2966116538 -0.1405179825 0.1746410699
v 0.2302247261 -0.1993608989 0.2284929027
v 0.2250011021 -0.1980588107 0.2314436082
v 0.1819378741 -0.1649394783 0.2623249807
v 0.286729974 -0.1910602973 0.2031303964
v -0.4705390909 -0.2420738606 0.2943369798
v 0.5773818517 -0.5032820511 -0.2976087502
v 0.1927225903 0.08895225795 0.169382223
v -0.2863269864 0.2083617219 0.4399859939
v 0.7765642386 -0.056578025 -0.1604161228
v 0.2975146902 0.0628314389 0.1101876387
v -0.0291693975 0.1424938041 -0.2470592672
v -0.5082189648 0.2619032869 0.02354451317
v 0.554672298 -0.003036478817 -0.5768575847
v 0.0756226983 0.1163729851 -0.3062538327
v -0.2519226959 0.3164000621 -0.2149321895
v 0.0592260698 0.2413212674 0.3690242449
v -0.02457901273 0.4224966099 0.1681900979
v -0.1154717419 0.444428616 -0.002395179505
v 0.00259879685 0.3921219306 0.2289797005
v -0.1531755886 0.4297096132 -0.06337386567
v -0.07761180813 0.2930187807 0.4902598659
v -0.2003682451 0.3236174825 0.5596020765
v -0.4229138867 0.3763386511 -0.1577946651
v -0.5456703237 0.4069373151 -0.08845246156
v -0.4092909104 0.5626418209 -0.2158879848
v -0.2625819611 0.5260726214 -0.2987603859
v -0.002703399197 0.4645340497 0.5471855146
v 0.144005536 0.427964888 0.4643131229
v -0.02297701028 -0.2701699963 0.4520024941
v -0.4201201744 -0.1743411227 -0.2933460559
v 0.0284232882 0.3339020933 0.2707311474
v -0.1789744932 0.3839462421 -0.1185079753
v -0.3922308461 0.05257465165 -0.3320579283
v 0.04836507964 -0.05373917034 0.4948417186
v 0.05408585732 -0.03170634183 0.4858757977
v -0.3793393595 0.07287722823 -0.3275660961
v 0.0261170155 -0.1470192454 0.5085210969
v -0.4258021309 -0.0379731767 -0.3396297301
v -0.01626062976 0.4079726735 0.1871522204
v -0.1278543833 0.4348997319 -0.02228420259
v 0.2465593505 -0.1092319873 0.3650042605
v -0.5502420965 0.1297440776 -0.01083345453
v 0.4976788461 -0.1314641294 -0.6027791846
v 0.2222492384 -0.0843836209 0.2499819604
v -0.3613897364 -0.4652294104 -0.03949982073
v -0.2285546656 -0.4972819178 0.2098018233
v 0.2969118983 -0.224848677 0.3181597373
v 0.3580005185 -0.1228108004 0.3026257366
v -0.1644015544 0.3851355546 -0.09936514413
v 0.6140540019 0.1910951522 -0.539096279
v 0.02107170537 0.3403816815 0.2487265246
v 0.7995272617 0.146341298 -0.1910045843
v 0.06308677462 0.2115385451 0.4076499286
v -0.2845378267 0.2954188114 -0.2447633953
v -0.3454720963 0.2119259786 -0.3072408114
v 0.07115961035 0.1113946193 0.4746834315
v 0.3164235819 -0.2199590859 0.3099595475
v 0.2455844713 -0.2023015056 0.3499748956
v -0.1702002789 0.3958482771 -0.09984496245
v 0.01932675361 0.3501162404 0.2558547173
v 0.7918890535 -0.08044439589 -0.1410574921
v -0.2859724163 0.188226879 0.4678009501
v 0.5449276215 -0.02085370438 -0.6045487131
v -0.532933886 0.24781758 0.004309719577
v -0.1294227862 0.4079331468 -0.04438742509
v -0.001872611359 0.3771558764 0.1949956126
v 0.05815373529 0.2432650231 0.3717404138
v -0.2545478061 0.31871851 -0.2151302478
v -0.3021603633 0.2321213574 -0.2757187436
v 0.07185666518 0.1418727023 0.4262272602
v -0.5798885706 -0.3406253541 -0.119311657
v -0.7026449698 -0.3100266901 -0.04996945224
v -0.2731190596 -0.4146474604 0.456425787
v -0.3958754966 -0.3840487775 0.5257679976
v -0.3779635881 -0.3929536905 -0.1340859433
v -0.1527673534 -0.4472925099 0.2885568295
v -0.626197199 -0.4266557494 -0.1633292081
v -0.4794882874 -0.4632248735 -0.2462016091
v -0.2722011487 -0.5120734051 0.5010419772
v -0.1254922183 -0.5486425668 0.4181695855
v -0.2919591475 -0.5786570886 0.4954458318
v -0.4147155845 -0.5480584246 0.5647880425
v -0.6397574686 -0.4947349172 -0.1572935875
v -0.7625139434 -0.4641362531 -0.08795137922
v -0.1098213653 0.4193636549 -0.003332915055
v -0.02326811871 0.3984787482 0.1591081263
v 0.0728490862 0.1124704294 0.4775633324
v -0.3467669267 0.2137218961 -0.3099617749
v 0.3288343488 -0.2133010045 0.3055410493
v 0.2388135009 -0.1908621163 0.3563917017
v 0.2134960615 -0.09073946876 0.2550441742
v 0.2512974036 -0.1027104633 0.3626974781
v -0.4054903805 0.05720422336 -0.3449441673
v 0.05194261818 -0.05317230924 0.5135549209
v 0.06515773333 0.06175668589 0.4774104731
v -0.3563178203 0.1634568393 -0.3136045377
v -0.03303829694 0.4414591287 0.5036659549
v 0.1136706359 0.404889967 0.4207935632
v -0.3931490967 0.5283522598 -0.1721812301
v -0.2464401852 0.491783098 -0.2550536311
v -0.05074282228 0.3257315391 0.5233908071
v 0.09596611408 0.2891624151 0.4405184155
v -0.4314797835 0.4176016768 -0.1911670327
v -0.284770872 0.381032515 -0.2740394432
v 0.06705329223 0.08202932484 0.4636080221
v -0.3418034731 0.1806846185 -0.3037243491
v 0.02440404471 -0.1451505697 0.4965663218
v -0.4167738053 -0.03869632312 -0.3314255197
v -0.4046290604 -0.3501395148 -0.1831228262
v -0.1230951889 -0.4180723732 0.3452530571
v 0.0336495501 -0.1240948289 0.5121939484
v -0.4221530634 -0.01411169945 -0.3432452546
v 0.298964192 -0.1433211754 0.2052280307
v -0.2432393892 -0.5090184465 0.1921459702
v -0.3564308887 -0.481705861 -0.02028905651
v 0.009966731165 0.3763429926 0.2465510827
v -0.16508625 0.4185824831 -0.08198405977
v -0.6063701134 -0.08994854859 -0.01325292768
v -0.1348056685 -0.2074922378 -0.27962851
v -0.03001355911 -0.2336130569 -0.3388230754
v 0.4415508669 -0.351156752 -0.6051986577
v -0.3996139616 -0.4269924627 -0.1207884632
v -0.1794474925 -0.480117657 0.292414592
v 0.2026176061 -0.1954930943 0.2593973231
v -0.1866824678 -0.3601684476 0.5854044166
v -0.3094389048 -0.3295697836 0.654746665
v -0.6311462312 -0.2529213402 -0.2487542915
v -0.7539026304 -0.2223226667 -0.1794120808
v -0.2772045065 -0.6021401504 0.5319283519
v -0.3999609435 -0.5715414864 0.6012706003
v -0.6638153101 -0.5088526759 -0.1936534313
v -0.7865717848 -0.4782540118 -0.1243112301
v -0.43620132 -0.2347006929 0.3518714986
v 0.6117196226 -0.4959089023 -0.2400742315
v -0.4321258397 -0.2617303245 -0.2570182261
v -0.06871699383 -0.3494192564 0.4250186562
v -0.6414715012 -0.447433817 -0.1812005327
v -0.4947625896 -0.4840029787 -0.2640729338
v -0.2683504459 -0.5374662454 0.5190640093
v -0.1216415155 -0.5740354072 0.4361915799
v -0.4109884829 0.5636065447 -0.2193189192
v -0.2642795336 0.5270374206 -0.3021913202
v -0.0007465906404 0.4646170294 0.5506130512
v 0.1459623445 0.4280478677 0.4677406218
v 0.3602161666 -0.1298602251 0.3011718178
v 0.2876976802 -0.08953355225 0.2503967078
v 0.2568096632 -0.0818343056 0.2678446398
v -0.4228269052 -0.2470089056 0.3809795107
v 0.6250940374 -0.5082171149 -0.2109662287
v -0.5474588794 -0.2174916956 0.1473185744
v 0.5004620632 -0.4786999049 -0.4446271556
v -0.1280419748 0.4383772904 -0.02270466948
v -0.01565538395 0.4112589031 0.1882197627
v -0.4959517134 -0.2795881149 0.2659029605
v -0.02438727794 -0.3971318007 -0.0004726028991
v 0.0804048208 -0.4232526386 -0.05966717484
v 0.5519692292 -0.5407963054 -0.3260427506
v 0.2698559156 -0.2087233989 0.2225630643
v 0.1990170127 -0.1910658375 0.2625782991
v -0.01989323719 0.2638937045 0.605291
v -0.1426496647 0.2944923685 0.6746332484
v -0.4877292875 0.3767804292 -0.2727322489
v -0.6104857245 0.4073790932 -0.2033900383
v -0.4228218842 -0.2586380005 -0.2532910868
v -0.06620389483 -0.3446883196 0.4160008636
v -0.07162979592 0.4145586857 0.05499977821
v -0.0500598538 0.4093539568 0.0954817171
v -0.0442952008 0.1207522398 -0.2642425363
v -0.523344787 0.2401617037 0.006361225206
v 0.5395464759 -0.02477804316 -0.5940408727
v 0.06049689441 0.09463142074 -0.3234371206
v 0.1959916142 0.06277211107 0.1867218812
v -0.283057972 0.182181575 0.4573256522
v 0.7798332908 -0.08275817423 -0.1430764599
v 0.3007837047 0.03665129202 0.1275273158
v 0.1923993924 -0.1796633747 0.269284326
v -0.3461559803 0.2128321107 -0.3085785474
v 0.07196602197 0.1119411413 0.4761426357
v -0.02135884037 -0.2696536951 0.4489332651
v -0.4166389917 -0.1742743577 -0.2929189069
v -0.04591916569 0.161174294 -0.2849544994
v 0.05887293188 0.1350534749 -0.3441490838
v 0.2163081403 0.09790001993 0.2071873026
v 0.3211002308 0.07177920088 0.1479927372
v 0.4537149789 -0.3009300328 -0.6424329028
v -0.6241464909 -0.03225875793 -0.03357447953
v 0.7420393293 -0.3705014192 -0.1013127954
v -0.3358221405 -0.1018301353 0.5075456515
v -0.4094778978 -0.06293357791 -0.3236669381
v 0.01960289324 -0.1664688499 0.481621409
v 0.03282057437 -0.1222985221 0.4882055335
v -0.40277323 -0.01719168786 -0.3293063099
v -0.491827155 0.3837920614 -0.2830807555
v -0.614583592 0.4143907255 -0.2137385449
v -0.01298291337 0.2682490808 0.6156024527
v -0.1357393598 0.2988477449 0.6849446255
v 0.06777551018 0.1046572579 0.4571774364
v -0.3337429293 0.2015418527 -0.2963826102
v 0.06859606123 0.05667636045 0.4611643875
v -0.3416029703 0.1556555599 -0.3086871609
v -0.2532922005 0.3476681887 -0.2058539743
v 0.05430961791 0.2734452399 0.3714456434
v 0.303292481 -0.2239320592 0.3153027521
v 0.2450266236 -0.06746412283 0.2520572453
v -0.4392981082 -0.259343979 0.3572636679
v 0.6086228344 -0.5205521695 -0.2346820621
v -0.5128558605 0.2065279388 0.0214688885
v 0.5350650821 -0.05468025641 -0.5704768321
v 0.3083071268 -0.1157454937 0.2360453564
v 0.2263773738 -0.09532341498 0.2823255385
v 0.04341031855 0.3025605383 0.3343167652
v -0.2259393143 0.367553413 -0.1711920711
v -0.4105581438 -0.03948236026 -0.3282875059
v 0.02525145302 -0.1446412668 0.489629326
v 0.06866757717 0.1027501032 0.4523581213
v -0.3294920893 0.1988242492 -0.2948982064
v 0.232099612 -0.1545522 0.3675623981
v 0.01082068007 -0.4146162392 0.06957137689
v 0.1156127753 -0.4407370771 0.010376802
v -0.1033707142 0.4441001705 0.01889939692
v -0.03524637576 0.4276620763 0.1467534971
v 0.5371169228 -0.5488232119 -0.3853986131
v -0.5407445847 -0.2801519275 0.2234598149
v 0.5522781945 -0.5524815664 -0.3569443019
v -0.5255833131 -0.2838102821 0.2519141261
v -0.4895521601 0.2504798008 0.04332870267
v 0.5583687825 -0.01072838972 -0.5486170085
v -0.5092525489 -0.243020652 0.226220324
v 0.538668356 -0.5042288425 -0.365725406
v 0.002191949121 0.390547846 0.2283201857
v -0.1530301853 0.4280022628 -0.06299694023
v -0.4242223834 0.5650378876 -0.2433784878
v -0.2775134341 0.5284687258 -0.3262508983
v 0.0116645491 0.4598603078 0.5746834264
v 0.1583734796 0.423291146 0.4918110348
v -0.04009036199 0.2582949542 0.5720066332
v -0.162846799 0.2888936183 0.6413488061
v -0.472422254 0.362614725 -0.2393833444
v -0.5951787288 0.393213389 -0.1700411432
v -0.615063047 -0.3174984292 -0.1917862374
v -0.4683540976 -0.3540675721 -0.2746586385
v -0.2311085182 -0.4101449254 0.5288101959
v -0.08439958779 -0.4467140683 0.4459378043
v -0.2308367768 -0.5069158666 0.2132654323
v -0.3665287385 -0.4741740012 -0.04139788425
v -0.5786061985 0.02965168388 -0.01687866418
v 0.4693147064 -0.231556516 -0.6088243942
v -0.4163124715 -0.2970053543 -0.2272524924
v -0.0879165975 -0.3762457991 0.3890728613
v -0.4259345661 -0.1527997497 -0.3032288494
v -0.01588455964 -0.2517429852 0.4663430295
v -0.4086855891 -0.2762912204 -0.2399528388
v -0.07103005252 -0.3577659819 0.3937508693
v 0.01082584271 -0.1883347847 0.4809569297
v -0.4161818106 -0.08529975385 -0.3204406216
v -0.1646770144 0.4169034469 -0.08168127877
v 0.009772259328 0.3748096428 0.2457208706
v 0.2711347956 -0.07026194067 0.2369473546
v -0.2469743433 -0.61026963 0.5890320408
v -0.3697307803 -0.579670966 0.6583742892
v -0.6944354174 -0.5022992817 -0.2507519953
v -0.8171918922 -0.4717006177 -0.1814097846
v -0.02445488298 0.4013740898 0.160693782
v -0.1114842812 0.4223738769 -0.002640900168
v 0.2852765271 -0.174182643 0.1755900321
v 0.1661542737 -0.1444899129 0.2428793638
v -0.4166651541 -0.2166165959 -0.274280794
v -0.04110785412 -0.3072368852 0.4305559456
v -0.01031278344 0.2052149306 -0.2413543951
v 0.09447931412 0.1790940927 -0.3005489605
v 0.2052790153 0.1531935776 0.1632630376
v 0.3100711058 0.1270727585 0.1040684533
v 0.2484194092 -0.2136931665 0.2312105817
v 0.2416497506 -0.1177568001 0.3671087657
v 0.2712529605 -0.2216133376 0.3316901071
v 0.06795407412 0.1837896744 0.4069526426
v -0.2841478826 0.2687502811 -0.2538636957
v -0.1840323466 -0.4684204285 0.2595931823
v -0.3740686395 -0.4225655079 -0.0970622951
v -0.6485971079 -0.308480429 -0.2551310046
v -0.5018881963 -0.3450495719 -0.3380033962
v -0.1971418342 -0.4174145573 0.592149253
v -0.05043290373 -0.4539837001 0.5092768614
v 0.05690768095 -0.006858716347 0.4947487345
v -0.3824027746 0.09914492282 -0.3297384423
v -0.4011014045 -0.01751206381 -0.3288812372
v 0.03338034275 -0.1223505732 0.4865435237
v 0.2118862726 -0.1915415172 0.2399033832
v -0.368065637 0.4942210321 -0.1127148712
v -0.490822074 0.5248196961 -0.04337266529
v -0.07123344335 0.4225967669 0.444372516
v -0.1939898709 0.4531954309 0.5137147266
v -0.4382700737 0.6059561588 -0.2863031647
v -0.5610265107 0.6365548228 -0.2169609635
v 0.04323669073 0.4897707085 0.61737704
v -0.07951975569 0.5203694103 0.6867192129
v -0.3152603939 0.215377639 -0.285390407
v 0.07063800017 0.1222620699 0.4388542915
v -0.04570102312 -0.4235887101 -0.02652963934
v 0.0590910768 -0.4497095291 -0.08572421541
v 0.02654423062 -0.4191529212 0.0994086608
v 0.1313363305 -0.4452737403 0.04021409535
v -0.1189809369 -0.3840383389 -0.1737094172
v -0.01418883696 -0.4101591769 -0.2329040015
v 0.3627158824 -0.1479342635 0.29872135
v -0.416268037 -0.3165534311 -0.2138565021
v -0.1009286085 -0.3926434228 0.3779648339
v 0.3441957834 -0.09960628496 0.3104193335
v 0.29610245 -0.1840025977 0.2337726078
v 0.2053498387 -0.1613812996 0.2850366108
v -0.08624866055 -0.3749980837 0.3862503063
v -0.4129283879 -0.2961717256 -0.2268542238
v -0.4209124831 -0.1525532173 -0.3016871564
v -0.01429266538 -0.2506687608 0.4614470394
v 0.251731367 -0.1987798713 0.2182417972
v 0.05659136809 -0.03290687154 0.4794429469
v -0.3727828697 0.07069920029 -0.3263961316
v -0.08742366496 0.4223976232 0.03752772246
v -0.02591455904 0.4075905819 0.1635789871
v -0.1140159921 0.4288490482 -0.001767631489
v -0.04381404699 0.4118747951 0.1193731839
v -0.3137242882 0.2145333075 -0.2853145248
v 0.07135226654 0.1216160704 0.4373877256
v -0.3591583455 -0.4625357041 -0.0392344476
v -0.2272312189 -0.4943691346 0.2083631564
v 0.1981649231 -0.10214005 0.2633401794
v 0.3029570325 -0.1282608701 0.204145614
v -0.4180507034 -0.3800134468 -0.1742484454
v -0.1410761842 -0.4468461638 0.34557063
v -0.4435766963 0.3624181107 -0.1882313055
v -0.5663331332 0.3930167747 -0.1188891043
v -0.06577753857 0.271256849 0.520812925
v -0.1885339756 0.3018555508 0.5901551734
v 0.03772288328 0.3155957481 0.3150057165
v -0.21194544 0.3758396026 -0.1535656837
v -0.09419651357 0.4152756785 0.01473356574
v -0.02970106396 0.3997132126 0.1357770555
v -0.3813246428 -0.3937932464 -0.133534707
v -0.1552010403 -0.4483558428 0.2908485486
v -0.2674293639 -0.5400999254 0.52185674
v -0.1207204334 -0.5766690872 0.4389843106
v -0.6435186606 -0.4493512592 -0.1839784173
v -0.4968097113 -0.485920421 -0.2668508279
v -0.3882451409 0.1020552899 -0.3355669911
v 0.05869917901 -0.005790371794 0.5032472434
v 0.05680522813 -0.007118311002 0.4930165431
v -0.3810684175 0.09853863882 -0.3287740016
v -0.6124074706 -0.3911594342 -0.1545807502
v -0.465698559 -0.4277285582 -0.2374531607
v -0.2678616661 -0.4742967719 0.4920544242
v -0.1211527546 -0.5108659336 0.4091820326
v -0.3959916228 -0.4215724321 -0.1182191037
v -0.1789412334 -0.4739457127 0.2891357997
v 0.0636688452 0.0367816226 0.4751676055
v -0.3579499681 0.1385163478 -0.3161162777
v -0.2543710496 0.3505260045 -0.2075786719
v 0.05541625987 0.275775693 0.3738225696
v -0.06117213781 -0.3417882023 0.4072665534
v -0.4125241734 -0.2570085332 -0.2521423958
v 0.2976518445 -0.1231337223 0.2073019376
v -0.190381878 -0.4778668992 0.2676492336
v -0.3852426203 -0.4308478846 -0.09806070104
v -0.04543696425 0.4350322805 0.1257336446
v -0.09111029602 0.4460530622 0.04001505547
v 0.2177274685 -0.0873429221 0.2526216053
v -0.4146449499 -0.2398121263 0.3922882297
v 0.6332759927 -0.5010203073 -0.1996574909
v -0.2908485109 -0.5089335792 0.1070994391
v -0.3135510427 -0.503455561 0.06449193864
v -0.2373358264 0.3538017389 -0.1869644307
v 0.04846589967 0.2848390905 0.3494212573
v -0.02504130923 0.4208431698 0.1678285058
v -0.1156100854 0.4426970286 -0.002148769861
v -0.4752515668 0.3642226357 -0.2451015809
v -0.598007966 0.3948212997 -0.1757593703
v -0.03682902069 0.2584332411 0.577719169
v -0.1595854671 0.2890319052 0.6470613419
v 0.06064087482 0.2329851691 0.3970228662
v -0.2749477083 0.3139611843 -0.2328015983
v 0.06500213109 0.04124444215 0.4936502919
v -0.3718744724 0.1466608151 -0.326269076
v 0.2780541989 -0.0846256961 0.2561660232
v 0.2676202776 -0.08202490192 0.2620599214
v -0.3745958512 0.12126016 -0.3256766283
v 0.06030736105 0.01631995759 0.4905391201
v -0.2639711723 0.3304985294 -0.2193336426
v 0.05753056183 0.2529215856 0.3840529302
v -0.4373472551 -0.2208975812 -0.2817837732
v -0.04706212778 -0.315071651 0.4506938464
v -0.6579533504 -0.4578219447 -0.2057943066
v -0.511244401 -0.4943910687 -0.2886667077
v -0.2585765868 -0.5541897474 0.543746237
v -0.1118676564 -0.5907589092 0.4608738453
v -0.2176735109 -0.355195254 0.5283465214
v -0.3404299291 -0.3245965711 0.5976887321
v -0.6013248127 -0.262621903 -0.1916809367
v -0.7240812875 -0.2320232296 -0.1223387307
v -0.5808701319 0.0168528982 -0.01523873476
v 0.4670508107 -0.2443552923 -0.6071844695
v -0.07193357027 0.103789369 -0.3056855087
v 0.03285852493 0.07766854992 -0.3648800741
v 0.1910931419 -0.1765538215 0.2708154862
v 0.1295433814 -0.2575674097 0.2104450291
v 0.2343354766 -0.2836882287 0.1512504637
v 0.02646377091 0.3374562135 0.2740758931
v -0.1824448599 0.3878649369 -0.1179987479
v -0.2758057439 0.3152842157 -0.2335707648
v 0.06092717219 0.2340320798 0.3984013558
v 0.6172621218 0.1636034129 -0.5578905356
v 0.8138393317 0.1161702172 -0.1889592181
v -0.3675593779 -0.1834365955 0.4507669349
v 0.1040050458 -0.3009802812 0.1843913715
v 0.2087971387 -0.3271011003 0.1251968061
v 0.6803615647 -0.444644786 -0.1411787762
v 0.02075965382 -0.1652137822 0.4712784708
v 0.7992152007 -0.359254161 0.03154736193
v -0.4002183391 -0.06363367888 -0.3188027544
v 0.378237236 -0.2576740601 -0.7585338632
v -0.1144740603 0.430539259 -0.001659036829
v -0.02608353859 0.4092109886 0.1642301398
v -0.03939439726 0.3123334158 0.5493931215
v 0.1073145355 0.2757642541 0.4665207298
v -0.447805942 0.410881304 -0.2171036863
v -0.3010969926 0.3743121422 -0.2999760874
v 0.5171337312 -0.6620573337 -0.3708079117
v -0.2034227507 0.3954927631 -0.1386736996
v 0.03239148578 0.3385918422 0.3038967075
v 0.2853811955 -0.2000564389 0.2175543645
v -0.6064814829 -0.07565502788 -0.0197574514
v -0.1349170568 -0.1931987136 -0.2861330337
v -0.03012496632 -0.2193195421 -0.3453275991
v 0.4414394597 -0.3368632184 -0.6117031626
v 0.1997678882 -0.108110055 0.2621191171
v 0.03203818978 0.3371914185 0.3029006116
v -0.2029530736 0.393893762 -0.1381252569
v -0.5868383267 -0.03378477904 -0.003459300513
v 0.4610826159 -0.2949929837 -0.5954050164
v 0.2754169135 -0.1995503214 0.242795497
v 0.2163854288 -0.1848359433 0.2761409849
v 0.2197823294 0.05146831879 0.2338266125
v 0.3245744293 0.02534749974 0.1746320282
v -0.07068372182 0.1215564783 -0.3113130073
v 0.03410837338 0.09543565923 -0.3705075728
v -0.2249331007 -0.4849250801 0.1774080158
v -0.3315021003 -0.4592104387 -0.02259810873
v -0.5005400596 0.4107254623 -0.3103900943
v -0.6232965343 0.4413241263 -0.2410479025
v 0.007325108983 0.2881798722 0.6427588566
v -0.115431328 0.3187785362 0.712101105
v -0.05084369658 0.4679914485 0.460437126
v -0.1736001241 0.4985901125 0.5297793367
v -0.3649603545 0.5437864055 -0.1290893574
v -0.4877167915 0.5743850695 -0.05974715085
v -0.1110604732 -0.3756652245 -0.1633826465
v -0.00626837328 -0.4017860435 -0.2225772214
v -0.3967899342 -0.4016626311 -0.1342163683
v -0.1641841763 -0.4577893644 0.3023324008
v -0.2910350453 -0.4782415158 0.05743857113
v 0.4874205487 -0.6722818805 -0.3822925566
v -0.2697273122 -0.4833829718 0.09742839859
v 0.5087282819 -0.6774233364 -0.3423027103
v -0.03013100669 -0.4246601975 0.001506748535
v 0.07466108615 -0.4507810166 -0.05768782754
v 0.2998209252 -0.07824759323 0.3351100555
v 0.121563899 -0.2723217675 0.2028296234
v -0.3574856895 -0.1529123036 0.4734334132
v 0.7054055733 -0.4178520505 -0.126968713
v 0.2263559965 -0.2984425866 0.1436350579
v -0.134729673 -0.2104792799 -0.2781758936
v -0.6137792403 -0.09106981015 -0.007572132102
v 0.4491120226 -0.3560095535 -0.6079742489
v -0.02993758249 -0.236600099 -0.3373704779
v -0.619930685 -0.4716306248 -0.1323895317
v -0.7426871598 -0.4410319608 -0.06304732695
v -0.2987631041 -0.5491269296 0.4703699981
v -0.4215195411 -0.5185282656 0.5397122087
v 0.2556911174 -0.212812791 0.3419709048
v 0.0678629411 0.06492554335 0.4888988933
v -0.3638742191 0.1691017796 -0.321374898
v 0.2992449752 -0.1376399858 0.2055822233
v -0.3770549643 0.1226026905 -0.3277874948
v 0.06079318907 0.01695188488 0.4939552555
v -0.3377666889 -0.4617378458 -0.02073610578
v -0.2302544844 -0.4876800584 0.181040189
v 0.03221926424 0.3263529807 0.2941285491
v -0.1968045924 0.3816154115 -0.1356978511
v -0.1405300019 0.4380534507 -0.04394259141
v -0.005321185483 0.4054281646 0.2098140173
v -0.2652404821 -0.5049286202 0.1482311999
v -0.3324082324 -0.488721344 0.02217241314
v 0.2910969214 -0.1685661869 0.2058492458
v 0.3247425594 -0.08445988657 0.3210324275
v -0.4311457507 -0.3037505115 -0.2332560612
v -0.09206416598 -0.3855693858 0.4031240249
v -0.05103324173 0.4106140928 0.09621856764
v -0.07264922286 0.4158299586 0.05565022303
v -0.111995467 -0.4058279054 0.3619152115
v -0.4107397704 -0.3337422498 -0.1987608158
v 0.3317564002 -0.2112473894 0.3045881797
v 0.2374662136 -0.1877444511 0.3578504528
v -0.6204590671 -0.3100834885 -0.204610808
v -0.4737501177 -0.3466526314 -0.287483209
v -0.2228580046 -0.4060228397 0.5415971085
v -0.07614907412 -0.4425920015 0.4587247168
v -0.4057795635 -0.4113316896 -0.1387050341
v -0.166589077 -0.4690473064 0.3102018422
v -0.2415797955 0.3314213858 -0.2004543299
v 0.05477148498 0.2599131336 0.3557305447
v -0.5802648106 -0.3228400293 -0.1278259417
v -0.7030212853 -0.2922413464 -0.05848373456
v -0.2644801119 -0.3990374642 0.4648310853
v -0.3872365489 -0.3684387813 0.5341732959
v 0.05833414201 0.255142368 0.3866467815
v -0.2654099902 0.3332603787 -0.2209483582
v 0.06924650723 0.153822211 0.4506745172
v -0.322405443 0.2483260665 -0.2843683186
v -0.05599140997 0.4208563454 0.1006745351
v -0.07801489006 0.4261705184 0.05934140325
v -0.4345697008 -0.1761719988 -0.2990989302
v -0.02659605517 -0.274614204 0.4665760371
v -0.09044747786 -0.3794083142 0.3947906448
v -0.4227569879 -0.299223513 -0.2288797323
v -0.411413499 -0.3731987874 -0.1698297678
v -0.1402399317 -0.4386317413 0.3391021409
v -0.4380789336 0.3208979536 0.1033782458
v 0.03348546891 0.2033542679 -0.1629973365
v 0.1382775688 0.1772334489 -0.2221919114
v 0.6098419713 0.05968976314 -0.4885675031
v 0.6101793641 0.05365135835 -0.5219104994
v -0.4676821434 0.3223226144 0.08694791918
v 0.7687806084 0.01538157553 -0.2242515196
v -0.3090808614 0.2840528599 0.3846069083
v 0.2886554198 -0.1021476319 0.21250157
v -0.6080549257 -0.4516089635 -0.1202007345
v -0.7308113249 -0.4210102995 -0.05085852972
v -0.2999514728 -0.5259529464 0.4580402666
v -0.4227079098 -0.4953542824 0.5273824394
v -0.05538493721 -0.3273803922 0.4275162012
v -0.42433968 -0.2383532713 -0.2649290629
v -0.07968269487 0.3909027559 0.4434004682
v -0.2024391319 0.4215014199 0.5127426789
v -0.3753682644 0.4622503718 -0.1115350392
v -0.4981247014 0.4928490359 -0.0421928333
v -0.1584982181 -0.4505002523 0.2943398113
v -0.3862690692 -0.3955401612 -0.1331349331
v 0.5711129216 -0.6610909489 -0.275675083
v 0.469687964 -0.6366175672 -0.466026929
v -0.4887139823 0.5266658242 -0.3406154819
v -0.611470457 0.557264526 -0.2712732713
v 0.05097125708 0.3964421972 0.6722525847
v -0.07178518463 0.4270408612 0.741594833
v 0.03234087403 -0.1222710195 0.4898929507
v -0.4044233856 -0.01688175987 -0.3298155137
v 0.03190381969 0.3276405626 0.2952778441
v -0.1977884566 0.3830643092 -0.1358030197
v 0.1819547399 -0.09124666815 0.2404892998
v -0.0768182913 0.4229945257 0.05845443047
v -0.05492505686 0.4177117627 0.09954309695
v 0.009681752768 0.3702727531 0.2430623495
v -0.163027444 0.4119467133 -0.08107405686
v -0.01477106327 0.1604187749 -0.229479655
v 0.09002103135 0.1342979559 -0.2886742393
v -0.3633746422 -0.4680861314 -0.03995215297
v -0.2296031996 -0.5003645866 0.2111068468
v 0.1758016718 -0.1018710397 0.2435069402
v 0.2968503808 -0.1320440221 0.1751293967
v 0.2992299309 -0.1359666809 0.205720246
v -0.09039228391 0.02994027234 -0.3057755103
v -0.569441889 0.1493497457 -0.03517174878
v 0.4934494116 -0.1155900118 -0.6355738655
v 0.01439981129 0.003819453293 -0.3649700946
v 0.1944889665 -0.03880029784 0.2288826581
v -0.2845606291 0.0806091755 0.499486429
v 0.7783306715 -0.1843305808 -0.1009156878
v 0.2992810664 -0.06492111689 0.1696880737
v -0.3599148273 0.1659099687 -0.3165545448
v 0.06580716356 0.06318515963 0.4824301022
v 0.2921024177 -0.1604736055 0.1745889339
v 0.1691286876 -0.2027192921 0.2563200151
v 0.2739207875 -0.2288401112 0.1971254308
v 0.0208493487 0.3731668489 0.2704705806
v -0.1788910794 0.4213633218 -0.1043973542
v -0.1273683217 0.4314338389 -0.02204554162
v -0.01654753824 0.4046932772 0.1859401998
v -0.2741570607 0.1588418778 0.4650795713
v 0.1974073654 0.04129818263 0.1987040079
v 0.3021994559 0.01517736359 0.1395094236
v 0.7737638442 -0.1023663242 -0.1268661493
v 0.003610475113 0.3725285698 0.2181423197
v -0.145789132 0.4085780326 -0.06224723472
v -0.04487237773 -0.3093463926 0.4381686709
v -0.4252465294 -0.217563812 -0.2757082673
v 0.2929322712 -0.1100015561 0.1778132685
v 0.1983414248 -0.110819146 0.2627097905
v 0.0453366468 -0.4060843572 0.1269101025
v 0.150128742 -0.4322051951 0.06771551814
v -0.1295533905 -0.3638841858 -0.2013192648
v -0.02476129055 -0.3900050048 -0.2605138302
v 0.05590139419 -0.02929975167 0.5097560898
v -0.3976320005 0.08013581755 -0.3414242884
v 0.2941311917 -0.1139192788 0.1771640789
v 0.1852260479 -0.08677318003 0.2386820189
v -0.3913349071 0.3150849587 0.1886942721
v 0.6565860354 0.05387675881 -0.4032514391
v -0.2509419651 -0.4323281545 0.503487877
v -0.1042330347 -0.4688973163 0.4206154476
v -0.6078230507 -0.3462143643 -0.1662977987
v -0.4611141013 -0.3827835072 -0.2491702092
v -0.1492679174 0.4146367198 -0.06170824725
v 0.001847288965 0.3781733024 0.2219011144
v -0.2212330864 0.3603579645 -0.1695632928
v 0.04396883638 0.2963659426 0.3281612054
v -0.4300436083 -0.32467738 -0.2206242825
v -0.103999291 -0.4033504069 0.3912877167
v -0.2264704522 -0.4929855484 0.2075981238
v -0.3579570655 -0.4612584286 -0.03917274137
v 0.2749538053 -0.07177441813 0.2348475873
v 0.2562104955 -0.06710252602 0.2454352551
v 0.07360377354 0.259927555 -0.1169400727
v 0.1783958723 0.2338067359 -0.1761346476
v 0.1563665264 0.2399572747 0.03838704165
v 0.2611586216 0.2138364745 -0.02080752853
v -0.3829898616 -0.3943118316 -0.1333440387
v -0.1563500522 -0.448998992 0.2920080368
v 0.3419619953 -0.09719754026 0.3116326188
v -0.3664641819 0.3378091603 0.2226953863
v 0.1051002394 0.2202654557 -0.043680196
v 0.2098923346 0.1941446556 -0.1028747709
v 0.6814567607 0.07660096985 -0.3692503438
v -0.01450190783 0.3922888337 0.1799071464
v -0.1225789254 0.4183673324 -0.02292915916
v -0.4178548819 -0.3171867835 -0.2142553652
v -0.1015624706 -0.3935067248 0.379354536
v 0.1873566211 0.1989348636 0.11135077
v 0.292148721 0.1728140445 0.05215619507
v 0.02694961545 0.2376403747 -0.1896972012
v 0.1317417107 0.2115195367 -0.2488917667
v -0.1409752721 -0.1036156603 -0.3363882182
v -0.03618317222 -0.12973648 -0.3955828025
v -0.4155289213 -0.1080884837 -0.3144535505
v 0.003886520358 -0.209291553 0.4726951281
v -0.301182766 0.2859245463 -0.2625766191
v 0.06730650083 0.1970097198 0.4289950743
v -0.3743892703 0.5887773256 -0.1656345369
v -0.4971457073 0.6193759896 -0.09629233103
v -0.02146815233 0.5036190287 0.4967192566
v -0.1442245988 0.5342176927 0.5660614673
v -0.2570069193 0.3211750559 -0.2156033887
v 0.05741489568 0.2453064818 0.3744957697
v -0.7068788968 -0.3521507528 -0.3390368104
v -0.8296353715 -0.3215520699 -0.2696945998
v -0.1658193253 -0.4827059965 0.6764106294
v -0.2885757812 -0.4521073324 0.7457528778
v 0.3567397785 -0.1196262132 0.3033953185
v 0.2863469574 -0.175834337 0.2068746565
v -0.4233040573 0.4252596295 -0.1800727754
v -0.276595108 0.3886904677 -0.2629451765
v -0.05442137433 0.3362498747 0.5122372503
v 0.09228755494 0.2996807129 0.4293648587
v -0.05709167415 0.3592262998 0.4973712021
v 0.08961725454 0.322657138 0.4144988105
v -0.4102055368 0.4444310699 -0.1653442685
v -0.2634965874 0.4078619459 -0.2482166601
v -0.3751505843 0.1493985784 -0.3318253171
v 0.06799805561 0.04246879833 0.4998651984
v -0.2799312084 0.2905672181 -0.2426798992
v 0.06346349125 0.2077076245 0.4017948776
v 0.07149281857 0.133917582 0.4653345885
v -0.3352504187 0.2320629167 -0.2980311802
v -0.3793749978 0.04865642875 -0.3283393399
v 0.05214758989 -0.05546803487 0.4815317093
v -0.3854513531 0.0264007056 -0.3292755417
v 0.04714673789 -0.07798327718 0.482613994
v -0.2538185438 -0.5050891055 0.1695109208
v -0.3434282969 -0.4834666687 0.0013335124
v -0.2945321595 0.1703364139 0.4239373531
v 0.7533887453 -0.09087178311 -0.1680083958
v -0.2692562005 0.2798662366 -0.2385369932
v 0.5091993558 0.08582585302 -0.678268121
v 0.06495505036 0.1992225554 0.3887025485
v 0.8434106031 0.005182171861 -0.05102858049
v 0.053181568 0.2728587193 0.3353664695
v -0.2244240479 0.3398437104 -0.185636954
v 0.3071834845 -0.1018898254 0.2181177618
v 0.298375746 -0.1268445101 0.2067464683
v 0.2028557858 -0.1030349196 0.2607034414
v 0.2975777367 -0.1518007609 0.2050237716
v 0.2101933153 -0.2024974121 0.2533859396
v 0.2532041242 -0.2132184589 0.229090145
v -0.2661060682 -0.6091796817 0.5546822269
v -0.3888625052 -0.5785810176 0.6240243998
v -0.6769504126 -0.5100447821 -0.216380436
v -0.7997068874 -0.4794461181 -0.1470382254
v -0.02870820525 0.3985328851 0.1349407842
v -0.09307623121 0.4140646206 0.01413644612
v -0.3697877486 0.5756198736 -0.1516824639
v -0.4925441856 0.6062185377 -0.08234025327
v -0.03169521904 0.4940396697 0.4828413764
v -0.154451656 0.5246383338 0.5521835493
v 0.04037326873 0.3071136615 0.306616916
v -0.2044716433 0.3661936485 -0.152902035
v 0.09239811568 0.2217544088 -0.06682378148
v -0.3866514628 0.3411638727 0.2037799824
v 0.6762398 0.07622412581 -0.3966221249
v 0.1971902138 0.1956335897 -0.126018354
v 0.1218644549 0.2146443183 -0.01152207642
v -0.357185143 0.3340537822 0.2590816756
v 0.7057061198 0.06911403538 -0.3413204128
v 0.2266565525 0.1885234993 -0.07071664925
v 0.2465950453 -0.0778409909 0.2356265317
v 0.356294697 -0.1803153438 0.2982698695
v 0.2374743209 -0.1274883671 0.3684680016
v 0.2450887262 -0.2016274845 0.3504073111
v 0.2969612029 -0.1203667351 0.2077747671
v -0.4065256634 -0.231952208 0.4031934892
v 0.06503876739 -0.3494958937 0.1368179069
v 0.1698308626 -0.3756167127 0.07762334147
v 0.6413952792 -0.4931604173 -0.1887522408
v -0.621370258 -0.2525068665 -0.231630841
v -0.7441267327 -0.221908193 -0.1622886398
v -0.1951633652 -0.3553486984 0.5682639399
v -0.3179197833 -0.3247500155 0.6376061128
v -0.01515355129 -0.2591969336 0.4856872247
v -0.4421599257 -0.1561622059 -0.3157078915
v 0.692935856 -0.4607743679 -0.1484058612
v -0.3849256515 -0.1921031024 0.4604525668
v 0.4551316739 -0.4033932936 -0.5947109015
v -0.6227297959 -0.1347220234 0.01414753588
v -0.006305795305 0.4022323142 0.2087544974
v -0.1405531819 0.4346255743 -0.04319770671
v 0.3239992155 -0.08409171731 0.3214433242
v -0.09812466534 0.4207046187 0.01678204646
v -0.03302072322 0.4049953338 0.1389675262
v -0.5564498678 -0.2052283799 0.125990304
v 0.491471037 -0.4664365798 -0.465955426
v 0.1752811895 -0.1029499586 0.2437277537
v -0.007059691027 0.3895012751 0.2031148613
v -0.1376977445 0.4210236261 -0.04206343474
v 0.2673629386 -0.08301793759 0.2238952317
v 0.06335825891 0.03723094174 0.4768349007
v -0.3594439044 0.1392511974 -0.3166698405
v 0.8527280362 -0.04509331397 -0.04895373093
v 0.5074513461 0.03822041217 -0.6969605972
v 0.3119631407 -0.1301236776 0.2322487339
v 0.2164445301 -0.1063143983 0.2862049331
v -0.4143487071 0.6168583604 -0.2487659758
v -0.5371051441 0.6474570244 -0.1794237652
v 0.02710156869 0.5103383822 0.5797371081
v -0.0956548683 0.5409370085 0.6490793565
v 0.06826247313 0.165288244 0.4213687959
v -0.2977368817 0.2536022606 -0.265529854
v 0.07771185541 -0.3624697559 0.1649780517
v 0.1825039518 -0.388590575 0.1057834863
v -0.396294812 -0.3651477761 -0.1669707345
v -0.1332172002 -0.4286272153 0.3267669353
v -0.0683885955 0.4324897346 0.08190024953
v 0.2535617901 -0.1000336883 0.3615318363
v -0.4081094881 -0.3912275017 -0.1538739411
v -0.1533532134 -0.4526990629 0.3242463991
v 0.06050735181 0.01664266475 0.4922520578
v -0.3758528537 0.121934436 -0.3266981693
v -0.3506770895 0.186844633 -0.3094388481
v 0.0673859896 0.08596787739 0.4751717583
v -0.3685686117 0.5707844761 -0.1473905115
v -0.4913250487 0.6013831401 -0.07804830915
v -0.03503493424 0.4903042626 0.4785773985
v -0.1577913807 0.5209029267 0.5479195714
v -0.007443302179 -0.2319963027 0.4766843065
v -0.4275728675 -0.1306209186 -0.3118046374
v 0.3189773401 -0.2188386714 0.3090008264
v 0.2182153234 -0.1953541562 0.2356083917
v 0.8398309245 -0.2312014834 0.01033860133
v 0.4319898557 -0.1327912569 -0.7550876015
v -0.3100374684 -0.06573748096 0.5006607539
v 0.1615269435 -0.183281169 0.2342851716
v 0.2663190481 -0.2094019881 0.1750906061
v 0.7378834742 -0.3269456738 -0.09128497146
v -0.1106120696 -0.3313909008 -0.1821257864
v -0.5896616746 -0.2119814369 0.08847797507
v 0.473229626 -0.4769212026 -0.5119241323
v -0.005819979081 -0.3575117198 -0.2413203613
v 0.04370266809 -0.3686263539 0.107488345
v -0.4353469086 -0.2492168994 0.3780921349
v 0.6275443542 -0.5141566557 -0.2223099913
v 0.148494768 -0.3947471918 0.04829377959
v 0.0207991711 0.4463453032 0.5968182382
v 0.1675081016 0.4097761414 0.5139458465
v -0.4386387255 0.5572056323 -0.2654436087
v -0.2919298139 0.5206364705 -0.3483160192
v -0.08575831405 0.4194716644 0.0365423104
v -0.04237659763 0.4090038414 0.1179600565
v 0.3320136448 -0.08878077966 0.3170404176
v -0.4639693122 -0.2724859903 0.3193873685
v 0.007595094974 -0.390029676 0.05301179565
v 0.1123871902 -0.416150495 -0.006182774526
v 0.5839515926 -0.5336941808 -0.2725583615
v 0.205887857 -0.05878901546 0.2578825475
v 0.3106799569 -0.08490983687 0.198687982
v 0.2344747167 -0.1376032952 0.368878634
v -0.5914417738 -0.4104009241 -0.1089744619
v -0.7141982486 -0.3798022601 -0.039632256
v -0.2954501081 -0.4818224025 0.4465354996
v -0.4182065451 -0.4512237007 0.5158777102
v -0.1550351376 -0.2582165992 -0.2930575524
v -0.05024303768 -0.2843374183 -0.3522521179
v 0.1172899191 -0.3239274105 0.2180354617
v 0.2220820143 -0.3500482295 0.1588408962
v -0.3029490478 -0.5084263385 0.08590797383
v 0.3592145399 -0.1263693802 0.301851096
v 0.3125643659 -0.1391866149 0.2307631785
v 0.2116889599 -0.1140420801 0.2877453048
v -0.1059172051 -0.01403812954 -0.3138529105
v -0.5849667913 0.1053713438 -0.04324913486
v 0.4779244715 -0.1595684125 -0.6436512469
v -0.001125114662 -0.04015894387 -0.373047476
v -0.2913212082 0.03451597144 0.5078577502
v 0.7715700546 -0.2304237754 -0.09254437598
v 0.2823108717 -0.1806803808 0.2078756036
v 0.1915454057 -0.1580555622 0.2591469495
v 0.4570199713 -0.4166377836 -0.5855236386
v -0.6208414984 -0.1479664993 0.02333477994
v 0.685075664 -0.4716666028 -0.1575143444
v -0.3927858435 -0.202995309 0.451344093
v -0.03113651245 0.4441433214 0.5058482299
v 0.1155724227 0.4075741974 0.4229758005
v -0.3935831734 0.5316000952 -0.1743828438
v -0.2468742618 0.4950309334 -0.2572552543
v 0.2992237584 -0.1390308582 0.205479216
v -0.221756051 -0.4869295793 0.2033939268
v -0.351217892 -0.4556910128 -0.03957693464
v 0.03401869738 -0.1224270193 0.484911074
v -0.3994120997 -0.01784210437 -0.3285412772
v -0.4040970919 0.006966357759 -0.332939125
v 0.03759696029 -0.09961243343 0.4960214798
v 0.04076300048 -0.1007985939 0.5147797206
v -0.4178100698 0.009853035218 -0.3458590391
v -0.1884759124 -0.4738985978 0.2647719754
v -0.3813930123 -0.4273485807 -0.09729010698
v -0.2848976066 0.2356549781 0.412170245
v 0.1866668194 0.1181112735 0.1457946627
v 0.2914589099 0.0919904545 0.08660009726
v 0.7630232982 -0.0255532265 -0.179775485
v -0.1636463562 0.4135814282 -0.08122570573
v 0.009629579009 0.371770729 0.2439743332
v -0.4345604137 -0.3064457468 -0.23621158
v -0.09184988359 -0.3891402493 0.4069791447
v 0.2127746894 -0.2043501562 0.2515063251
v -0.6904976954 -0.4163373126 -0.2817134783
v -0.5437887461 -0.4529064366 -0.36458587
v -0.2103274683 -0.5322002444 0.619458252
v -0.06361853782 -0.5687693684 0.5365858604
v -0.5782570646 0.1010047928 -0.04774650961
v -0.1066926197 -0.01653889295 -0.3141220848
v -0.00190051979 -0.04265971672 -0.3733166503
v 0.4696639157 -0.1602034072 -0.6396922326
v 0.1970410543 -0.1135607258 0.2631997784
v -0.005819714814 -0.4208009627 0.04284201814
v 0.09897237685 -0.4469217817 -0.01635255203
v 0.05706665849 0.2507025397 0.381375986
v -0.2622726182 0.3277576704 -0.2179522083
v 0.2755435538 -0.1865286835 0.1775896424
v 0.2673584461 -0.2096877546 0.2234629484
v 0.2910199066 -0.1955222108 0.2159821675
v 0.1889175206 -0.1700718359 0.2736573704
v 0.256919919 -0.2137739566 0.3410818368
v 0.2999304448 -0.224495079 0.3167861555
v 0.2498415405 -0.2135896307 0.2305680932
v 0.004884758782 0.4637133512 0.5609809814
v 0.1515936892 0.4271441894 0.478108552
v -0.4164072677 0.5653692023 -0.2296896525
v -0.2696983561 0.5288000783 -0.312562063
v 0.2979995438 -0.1816964949 0.2330582765
v 0.2047480189 -0.1584523159 0.2857338591
v 0.2991914235 -0.1347537023 0.2058299732
v -0.3153397494 -0.08021210799 0.4976613667
v 0.7325811555 -0.3414203056 -0.09428437274
v 0.0530876307 -0.02993849798 0.4996717931
v -0.3910207698 0.07722288333 -0.3338200385
v -0.2538668669 0.3490993429 -0.2066905193
v 0.05482216752 0.274614053 0.3726495661
v -0.2853407061 0.02476533006 0.5044452013
v 0.1862237106 -0.0927783592 0.238069619
v 0.2910158105 -0.1188991794 0.1788750347
v 0.7625802365 -0.2364428699 -0.08750053466
v -0.530068482 0.1754616929 0.004705991926
v 0.5178524606 -0.08574651526 -0.5872397476
v 0.06627676397 0.1952109898 0.4261648933
v -0.2996331827 0.283503412 -0.2605659851
v 0.3064484272 -0.2232401056 0.313953596
v -0.0134411515 0.1619476699 -0.2277999771
v -0.4924907282 0.2813571527 0.04280380332
v 0.5704005346 0.01641738699 -0.5575982946
v 0.09135094902 0.1358268509 -0.2869945425
v 0.1878507428 0.1133768447 0.1499797382
v -0.2911988528 0.2327862897 0.4205835091
v 0.7716924478 -0.03215344773 -0.1798185982
v 0.2926428427 0.08725602561 0.09078517271
v -0.2127902811 0.3773408252 -0.1538985934
v 0.03767790135 0.3169039806 0.3161739633
v -0.03586686408 0.424279918 0.146059722
v -0.103508095 0.4406014329 0.01911232966
v -0.2874733368 -0.4887044309 0.08019771255
v -0.3145366435 0.3020178859 0.3304162292
v 0.157027759 0.1844742002 0.06404066582
v 0.2618198542 0.1583533811 0.004846095648
v 0.7333842991 0.04080969543 -0.2615294819
v -0.1349275708 -0.1961662 -0.2848421673
v -0.6139771381 -0.07675673372 -0.01423840108
v 0.4489141247 -0.3416964829 -0.6146405226
v -0.03013547091 -0.222287019 -0.3440367516
v 0.1284231509 -0.2597115549 0.2094080473
v -0.3506264258 -0.1403020862 0.4800117994
v 0.712264837 -0.4052418378 -0.1203903032
v 0.2332152509 -0.2858323739 0.150213463
v 0.1672804643 -0.1289921592 0.2451561708
v -0.1339767211 -0.2267895918 -0.2696456727
v -0.02918462113 -0.2529104109 -0.328840257
v -0.71805586 -0.4397116098 -0.3201853401
v -0.8408123348 -0.4091129458 -0.2508431295
v -0.1967893215 -0.5654909159 0.6581150815
v -0.3195457396 -0.5348922141 0.7274572544
v -0.6778616791 -0.4524681695 -0.2434004596
v -0.5311527297 -0.4890373312 -0.3262728701
v -0.2384114288 -0.5585055592 0.5813489828
v -0.09170251726 -0.595074721 0.4984765912
v 0.1801339531 -0.09404501689 0.241444963
v 0.01952970086 0.3702369639 0.2690635502
v -0.1787901674 0.4180906831 -0.1031383626
v -0.0532437367 -0.4219607906 -0.04060087534
v 0.05154835615 -0.4480816097 -0.09979545023
v 0.05260018876 0.4092032872 0.6695051945
v -0.07015624587 0.4398019512 0.7388474429
v -0.4842004236 0.5387309117 -0.3379491083
v -0.6069568606 0.5693295757 -0.2686068977
v -0.02493573476 0.4028805977 0.1614536237
v -0.1122191308 0.4239416946 -0.002357724446
v -0.2825052774 0.04011183365 0.5026927746
v 0.1890591203 -0.07743185679 0.2363171923
v 0.2938512202 -0.1035526782 0.1771226079
v 0.7654156652 -0.2210963663 -0.08925296257
v -0.1321758581 -0.4279628116 0.3255209564
v -0.3946171349 -0.3646369112 -0.1670224363
v 0.2620151283 -0.1953123455 0.2142419159
v -0.5873322031 -0.2013925515 0.06962672185
v -0.1157677959 -0.3189362467 -0.196748851
v -0.01097570542 -0.3450570657 -0.2559434353
v 0.4605887018 -0.4626007515 -0.5223190176
v -0.02879782935 -0.438238475 0.009858556501
v 0.07599426704 -0.4643592941 -0.04933601721
v -0.07878679365 -0.4261763322 -0.08395952153
v 0.02600529683 -0.4522971513 -0.1431540976
v -0.4626626276 0.5220433499 -0.2924570634
v -0.315953716 0.4854742259 -0.375329455
v 0.02569675152 0.4042044219 0.624083973
v 0.1724056867 0.3676352979 0.5412115436
v 0.1949695824 -0.1165726762 0.2640521511
v 0.2997616728 -0.1426934952 0.2048575857
v -0.02653864328 -0.2760145711 0.4697918207
v -0.4373200734 -0.1768948432 -0.3011527906
v -0.0601171104 -0.3415035684 0.4058939154
v -0.4107749933 -0.2568913971 -0.2522122565
v -0.1066376334 0.04562448965 -0.3414556229
v -0.00184553348 0.0195036706 -0.4006501883
v 0.2162277844 -0.03228148957 0.264490305
v 0.3210198749 -0.05840231334 0.2052957396
v -0.1613179606 -0.4385754148 0.6649059002
v -0.2840744165 -0.4079767319 0.7342480731
v -0.6902658205 -0.3109426567 -0.3278105426
v -0.8130222197 -0.2803439927 -0.2584683319
v -0.2796100113 -0.5115576701 0.1286068067
v -0.3251205549 -0.5005761886 0.04319373799
v -0.06078471367 0.4067332636 0.07453718999
v 0.7176708615 0.2126928989 -0.3651939283
v 0.256936228 -0.197297742 0.2161500711
v 0.184828289 0.1248541845 0.1395644854
v -0.2942213066 0.2442636484 0.4101682374
v 0.768669994 -0.02067609841 -0.1902338699
v 0.2896203889 0.09873336549 0.08036990105
v -0.005399767017 0.1707553707 -0.2174509042
v -0.4844493626 0.2901648157 0.05315286677
v 0.5784419002 0.02522507828 -0.5472492406
v 0.09939232701 0.1446345516 -0.2766454696
v -0.2007899012 -0.4722239786 0.2145440669
v 0.577665674 -0.6662643811 -0.2251870514
v -0.3469940449 -0.4369456078 -0.05984826642
v 0.4314615492 -0.6309859724 -0.4995793753
v -0.2142900313 0.380399257 -0.1547365636
v 0.03784189759 0.3195609538 0.3184585095
v -0.2582094451 0.2951741761 -0.2257358669
v 0.5202461111 0.1011338114 -0.6654669758
v 0.06230122119 0.2178363935 0.3757907133
v 0.8407567633 0.02379601938 -0.06394039644
v 0.2187841287 -0.08659250668 0.2520085448
v 0.2900625823 -0.1043596343 0.2117450316
v -0.007328223553 0.3957924036 0.2061888282
v -0.1397051884 0.4277343721 -0.04225305304
v 0.02593117479 0.4079462091 0.6228478098
v 0.17264011 0.3713770474 0.5399754181
v -0.4611233884 0.5254702825 -0.2912443066
v -0.3144144391 0.4889011585 -0.3741167171
v -0.5411917236 -0.2372683629 0.1671401293
v 0.506729219 -0.4984765534 -0.4248055819
v 0.2952746918 -0.1151240828 0.2088246224
v 0.2101755245 -0.09391168677 0.2568951345
v -0.2717434391 0.2840868747 -0.2416878616
v 0.06658050882 0.2024508162 0.3932702818
v -0.5394489993 -0.2675265573 0.1835773174
v 0.5084719433 -0.5287347667 -0.4083683938
v -0.1907608362 0.4048485904 -0.1203867875
v 0.02552508211 0.3526597678 0.2855333564
v 0.2410263365 -0.2002062781 0.2229934789
v -0.1157942037 -0.4219112973 0.379415204
v -0.4289149261 -0.3463566718 -0.2082421507
v 0.1816317402 -0.1880423266 0.2719776548
v 0.2864238401 -0.2141631456 0.2127830704
v -0.1486740728 -0.1083410133 -0.3479322476
v -0.04388197292 -0.1344618341 -0.4071268319
v -0.6783899856 -0.2909210332 -0.3156217784
v -0.8011464603 -0.2603223691 -0.2462795677
v -0.1625063105 -0.4154014694 0.6525761309
v -0.2852627474 -0.3848027865 0.7219183793
v 0.03454639984 0.3146949769 0.2839155545
v 0.8130019844 0.1206546122 -0.1558155732
v -0.1883526699 0.3684795161 -0.1344159839
v 0.5901028864 0.1744391514 -0.5741471164
v -0.004241128261 0.5137282797 0.5227553216
v -0.1269975558 0.5443269437 0.5920975323
v -0.3849546076 0.6055927546 -0.1917584706
v -0.5077110446 0.6361914186 -0.1224162599
v -0.5877360023 -0.08222323511 0.01632599797
v 0.4601849403 -0.3434314303 -0.5756197226
v 0.4612503118 -0.6284713633 -0.4845588067
v 0.5824038214 -0.6577051664 -0.2571808444
v 0.06850032833 0.1602783739 0.4121636383
v 0.8469559271 -0.03376200493 -0.02756746111
v -0.2905874533 0.2469246612 -0.2617635277
v 0.4878681029 0.05288426818 -0.7014946554
v 0.2941109376 -0.186206269 0.2345504196
v 0.2060828668 -0.1642641027 0.2842753723
v -0.4309405666 -0.06176212459 -0.3377750888
v 0.01919602192 -0.1703780736 0.5070303318
v -0.6969958579 -0.4999297549 -0.2563303404
v -0.8197523326 -0.4693310909 -0.1869881297
v -0.2435959225 -0.609333145 0.5945996076
v -0.3663523595 -0.578734481 0.663941856
v -0.4427316852 0.5533718803 -0.2709976413
v -0.2960227359 0.5168027185 -0.3538700329
v 0.02264073586 0.4410796043 0.602401963
v 0.169349671 0.4045104425 0.5195295714
v 0.2141635987 -0.2052560241 0.2505251413
v -0.6403673958 -0.3047297322 -0.242216961
v -0.4936584464 -0.3412988751 -0.3250893715
v -0.2026928655 -0.4103386327 0.579199892
v -0.05598392557 -0.4469077756 0.4963275004
v -0.2883843767 0.2718298165 -0.2543404891
v 0.06628251766 0.1862502788 0.411289709
v -0.4664845631 0.3603390128 -0.2278676104
v -0.5892409623 0.3909377146 -0.1585254092
v -0.04642170621 0.2589797443 0.5604960901
v -0.1691781338 0.2895784083 0.629838263
v -0.3141296353 -0.4851144082 0.04133998393
v -0.2702700023 -0.4956975268 0.1236546977
v -0.1934077484 -0.4902316271 0.6308917048
v -0.04669880852 -0.5268007511 0.5480193132
v -0.6859132001 -0.3713922427 -0.2934305457
v -0.5392042885 -0.4079613856 -0.3763029562
v 0.2060396309 -0.1865627739 0.2443072524
v 0.3124944108 -0.1422356441 0.2304084385
v 0.2103296674 -0.1167697282 0.2881189021
v 0.04317630584 -0.07657321479 0.5012030287
v -0.4027725882 0.03103225931 -0.3357429926
v 0.03945068603 -0.1003947911 0.5115516675
v -0.4158615951 0.009470028104 -0.3429672839
v -0.1938400507 -0.4244284358 0.6010894645
v -0.04713111077 -0.4609975976 0.5182170351
v -0.6548020855 -0.313200361 -0.2640328786
v -0.5080931362 -0.3497695228 -0.3469052891
v 0.3987818807 -0.480425754 -0.6604747549
v 0.7069651987 -0.5547889906 -0.08208382745
v -0.06431875913 0.4179180038 0.07785824608
v 0.003269967716 -0.2159242365 0.4992074013
v -0.4383008797 -0.1093751696 -0.3295219514
v -0.1037143173 -0.4059238719 0.3936544876
v -0.4320936369 -0.3266874099 -0.2226398526
v 0.02144472699 0.5135531843 0.5683041839
v -0.1013117194 0.5441518483 0.6376464323
v -0.4078280442 0.6171347831 -0.2373444528
v -0.5305844812 0.6477334472 -0.1680022516
v -0.4193559157 0.4300480631 -0.1751963599
v -0.2726469663 0.3934789013 -0.258068761
v -0.0556886455 0.3422967832 0.5073254797
v 0.0910202826 0.3057276214 0.4244530881
v -0.270409233 -0.5550957285 0.7647910901
v -0.04884878645 -0.6103225966 0.6396368121
v -0.8458526522 -0.4162438189 -0.31518706
v -0.624292215 -0.4714707058 -0.4403413191
v 0.2333242797 -0.0901019612 0.2792953454
v 0.3046010155 -0.107868631 0.2390328138
v 0.05384440032 0.2620008768 0.3583927655
v -0.2440637497 0.3338847649 -0.2007139435
v 0.1910552102 -0.1551509666 0.2600453423
v 0.806823509 -0.3580665473 0.007887449238
v 0.4020370212 -0.2603933625 -0.7518060155
v -0.2750947537 0.1008696393 0.4890010135
v 0.7728261511 -0.1603385512 -0.1029447189
v -0.422611377 -0.1526070003 -0.3021221579
v -0.01489894938 -0.2509861826 0.4630625383
v -0.2927624045 -0.492679792 0.08250475917
v -0.1051433573 -0.4016213111 0.3527121681
v -0.3988947792 -0.3307404087 -0.1985933369
v -0.2586905234 -0.4842927281 0.1173682128
v 0.5197650328 -0.6783330928 -0.322362915
v -0.3012530231 -0.4740225765 0.03748795979
v 0.4772025332 -0.6680629412 -0.4022431491
v -0.4074395725 -0.3326156628 -0.1983798284
v -0.1103297574 -0.4043069195 0.3592286404
v -0.08287044739 0.3716503367 0.4462526967
v -0.2056269033 0.4022490385 0.5155948696
v -0.3815298269 0.4437155117 -0.1142639543
v -0.5042862639 0.4743142135 -0.04492175074
v 0.8512335713 -0.1461108529 -0.007023278877
v 0.4616060523 -0.05209547984 -0.7382666606
v 0.392870692 -0.3449150225 -0.7307361977
v 0.7754886739 -0.4372390191 -0.01264815849
v -0.2865141626 0.2979330807 -0.2462049502
v 0.0634195593 0.2134956462 0.410542099
v -0.3872511968 -0.4134347414 -0.1156257998
v -0.1752848986 -0.4645812402 0.2821873648
v 0.284313823 -0.1783970851 0.2073657391
v 0.2387229802 -0.1906651056 0.3564871019
v 0.4099392316 -0.2175435956 -0.7567250723
v 0.8198208909 -0.3164462144 0.01253085719
v 0.01426803668 -0.1879232745 0.4729221708
v -0.4076150454 -0.08612477383 -0.3188577218
v 0.02273227117 -0.166531868 0.4753522523
v -0.4025842039 -0.0639049107 -0.322871326
v -0.2641275804 -0.5471137851 0.5307969138
v -0.1174186499 -0.5836829469 0.4479244844
v -0.6497236382 -0.4540712101 -0.1928803008
v -0.5030146889 -0.4906403719 -0.2757527018
v -0.4219611304 -0.2235994326 0.3721822297
v 0.6259598122 -0.4848076325 -0.2197635004
v -0.3719811984 0.4749555883 -0.1111453311
v -0.4947376353 0.5055542523 -0.04180312751
v -0.07675528262 0.4037188888 0.4429274689
v -0.1995117196 0.4343175528 0.5122696796
v -0.3493679132 0.1594174691 -0.310146535
v 0.06581380797 0.05923597979 0.469056367
v -0.4200297197 -0.01436094996 -0.3404640761
v 0.03254045187 -0.1235641015 0.5089085494
v -0.01685266224 -0.2555585217 0.4779122397
v -0.4363624848 -0.15433267 -0.3094135918
v -0.2149412218 0.381948878 -0.1552395289
v 0.03805046521 0.3209031257 0.3195691084
v -0.05675066653 0.437845322 0.1041909219
v -0.0795342526 0.4433428959 0.06143123224
v -0.244573482 -0.491998966 0.162821788
v -0.3313593209 -0.4710579593 -5.572248105e-05
v -0.2404030168 0.3596484467 -0.1893114476
v 0.0492772073 0.2897498795 0.3543533764
v -0.05474203342 -0.3268092179 0.4259868531
v -0.4226640793 -0.2380312815 -0.2645202804
v 0.1598970373 0.1804431921 0.0708989197
v 0.2646891278 0.1543223731 0.01170434481
v 0.06464895777 0.2049819986 0.3974561123
v -0.275995072 0.2871778868 -0.2418562749
v 0.2220621377 -0.1909934756 0.2723245989
v 0.2675297285 -0.2023268752 0.2466410277
v -0.2206474719 -0.4859118512 0.2024919285
v -0.3497469846 -0.4547607192 -0.03979889727
v -0.230160934 -0.5543834547 0.5941359331
v -0.08345198472 -0.5909526165 0.5112635415
v -0.6832576992 -0.4450532287 -0.2562250302
v -0.5365487498 -0.4816223905 -0.3390974407
v 0.3196184884 -0.2185383231 0.3087641569
v 0.2436881892 -0.1996117539 0.3516554041
v 0.2730881781 -0.2073109699 0.2214381761
v 0.1971585868 -0.1883845612 0.2643289514
v 0.2252243035 -0.1981273123 0.231313287
v 0.2544216755 -0.2117612934 0.3429055022
v 0.3032676966 -0.2239368632 0.3153135115
v -0.06733735277 -0.3460796072 0.4190150496
v -0.4260770435 -0.2595173379 -0.2542588118
v -0.103477308 0.4423536331 0.01902752842
v -0.03559542463 0.4259740173 0.1464265806
v 0.2360454036 -0.2132205353 0.2372705337
v 0.7935498552 -0.1385871901 -0.1124607459
v -0.2843116523 0.1300840943 0.496397682
v 0.5163035191 -0.0716888996 -0.6327898179
v -0.5615579884 0.1969823871 -0.02393139934
v -0.5245095605 0.1861631275 0.009824706792
v 0.5234113444 -0.07504507719 -0.5821210185
v -0.5942844509 -0.1798878172 0.04782975592
v -0.1227200626 -0.2974315029 -0.2185458264
v -0.01792795323 -0.3235523219 -0.2777404013
v 0.453636454 -0.4410960265 -0.5441159836
v -0.3166385815 -0.4874623028 0.04204584922
v -0.2725092457 -0.4981105065 0.1248666994
v -0.3044543099 0.2210955168 0.3839736503
v 0.743466595 -0.04011267364 -0.2079720703
v -0.1928711175 -0.4728103105 0.2378620565
v -0.3617028167 -0.4320720048 -0.07899714743
v 0.01780589042 -0.1691236713 0.5021157298
v -0.4275642599 -0.06165784078 -0.3337441185
v -0.4444276722 -0.2023226092 -0.2992623224
v -0.03477098862 -0.3011709306 0.4695713469
v 0.06690950411 0.1718755398 0.4335847795
v -0.3078155911 0.2622950431 -0.2696901639
v -0.1169230558 0.4057282581 -0.02440095845
v 0.6615325005 0.2116878745 -0.4641320626
v -0.01144111649 0.38027592 0.1735649578
v 0.7670144775 0.1862355554 -0.2661661511
v -0.3679572877 0.3018390152 0.235924681
v 0.6799636549 0.04063082476 -0.3560210491
v -0.6038852532 -0.2602523951 -0.1972593101
v -0.7266417279 -0.2296537122 -0.1279171042
v -0.2142950713 -0.354258769 0.5339140882
v -0.3370515083 -0.323660086 0.6032562989
v 0.207721187 -0.2004930355 0.2552604952
v 0.256568369 -0.2126687846 0.2276679193
v -0.4404492154 0.2871764522 0.1140624652
v 0.6074717272 0.02596824289 -0.4778832459
v -0.07506122104 0.410073479 0.4431223844
v -0.197817658 0.4406721431 0.5124645573
v -0.3705170486 0.4813656367 -0.1113818921
v -0.4932734856 0.5119643385 -0.04203968614
v -0.456955075 -0.2370251245 0.3161568614
v 0.5909658676 -0.498233315 -0.2757888686
v -0.2309741387 0.3456351865 -0.1852753336
v 0.04980529672 0.277884351 0.3416846664
v 0.04245321604 -0.1005888889 0.4811655115
v -0.3892902017 0.003588871326 -0.3291200398
v -0.0164392456 0.2659205909 0.6105112451
v -0.1391956826 0.2965192549 0.679853418
v -0.4898476101 0.3801519035 -0.2779700489
v -0.6126040093 0.4107506053 -0.2086278382
v -0.4721315986 0.4923559901 -0.2961197783
v -0.325422687 0.4557868283 -0.3789921888
v 0.02023592007 0.3735499221 0.6279435476
v 0.1669448552 0.3369807603 0.5450711937
v 0.04990776842 0.3900194262 0.6732040951
v -0.07284866857 0.4206180903 0.7425463435
v -0.4907695227 0.5204824409 -0.3415258423
v -0.6135259219 0.5510811427 -0.2721836316
v -0.203733245 -0.4778905699 0.2179648081
v -0.3520524079 -0.4421017871 -0.06039695271
v -0.3585723912 -0.1316836216 0.4438395282
v 0.6893485514 -0.3928918144 -0.148106183
v -0.1433751329 -0.1192596802 -0.3337334535
v -0.03858303301 -0.1453805005 -0.3929280189
v -0.2866881632 0.1276652251 0.4566530939
v 0.7612327794 -0.1335429795 -0.1352926409
v -0.4043288536 -0.3685500186 -0.1676451237
v -0.1375491324 -0.4329227542 0.3330405467
v -0.2647239921 0.3318785291 -0.2201127758
v 0.05789029933 0.2540331282 0.38536188
v -0.6568491694 -0.3151178222 -0.2668107349
v -0.5101402578 -0.351686965 -0.3496831454
v -0.1929189875 -0.4270621158 0.6038821575
v -0.04621004761 -0.4636312398 0.5210097281
v 0.01245665021 -0.1941431077 0.5059501613
v -0.4363559914 -0.08584661799 -0.3363704935
v -0.3218283605 0.1946922724 -0.2940206906
v 0.07183063847 0.09970412963 0.4447889245
v 0.1938058848 -0.1221346745 0.2640969254
v 0.2983121522 -0.1481841746 0.205063808
v -0.1410954756 -0.4439817036 0.3435457822
v -0.4161005298 -0.3776242321 -0.1725769691
v 0.2146876108 -0.08153144084 0.2704425306
v 0.3102183022 -0.1080345833 0.2165330311
v -0.2745869468 -0.6043599513 0.5375417124
v -0.3973433838 -0.5737612873 0.606883923
v -0.6671745149 -0.5096303367 -0.1992570139
v -0.7899309142 -0.4790316349 -0.129914808
v 0.21469468 -0.1825673474 0.2773335441
v 0.2779686143 -0.1983392163 0.2415915931
v 0.2605041656 -0.1959612991 0.2147959884
v 0.2014599206 -0.181243863 0.2481486681
v -0.004692023554 0.4642589105 0.5437864432
v 0.1420169116 0.4276897865 0.4609140516
v -0.4076547987 0.5614920351 -0.21248427
v -0.2609458871 0.524922911 -0.295356671
v -0.3892230402 -0.1786821531 0.4103178123
v 0.6586979024 -0.4398903672 -0.1816279178
v -0.005748598809 -0.394413914 0.03132410392
v -0.4847981944 -0.2750044501 0.3019278843
v 0.5780930684 -0.5399441969 -0.2984742419
v 0.09904349875 -0.420534733 -0.02787046626
v -0.07877456189 -0.3767930762 -0.1057292338
v -0.5578241292 -0.2573836029 0.1648745348
v 0.5050671336 -0.5223233592 -0.4355275914
v 0.02601753803 -0.4029138953 -0.164923811
v 0.1698090984 0.2258645835 0.06840311128
v 0.2746011983 0.1997437834 0.009208536393
v 0.05509510528 0.253544575 -0.1468893207
v 0.1598872028 0.2274237559 -0.2060838956
v 0.2505503788 -0.1036509039 0.3630741334
v 0.2087907397 -0.1891091233 0.2421763583
v 0.2494958988 -0.1992554377 0.2191829635
v 0.2241401879 -0.1928129034 0.2709834464
v 0.2648450828 -0.2029591423 0.2479902026
v 0.1670568665 -0.1559628924 0.2397739492
v -0.3342787108 0.1765885819 -0.3019420603
v 0.06940041888 0.07918260826 0.4556731182
v -0.3192762256 -0.03960691945 0.4727747478
v 0.728644717 -0.3008151146 -0.1191709728
v -0.3602263598 -0.1720573834 0.4587272462
v 0.1113380427 -0.2896010786 0.1923516451
v 0.2161301379 -0.3157218976 0.1331570796
v 0.6876945451 -0.4332655834 -0.133218498
v -0.658563202 -0.2678167219 -0.2907176801
v -0.7813196767 -0.2372180579 -0.2213754789
v -0.169310267 -0.3858712726 0.6275003349
v -0.292066704 -0.3552726085 0.6968425078
v -0.6721234716 -0.3358958897 -0.2846820973
v -0.52541456 -0.3724650515 -0.3675545078
v -0.1890682658 -0.4524549561 0.6219041518
v -0.0423593448 -0.4890241179 0.5390317602
v -0.4655239166 0.5149460953 -0.2943905504
v -0.318815005 0.4783769335 -0.3772629609
v 0.02492147381 0.3966038151 0.6260653678
v 0.1716304043 0.3600346533 0.5431930139
v 0.2069767105 -0.1253131093 0.2888070144
v 0.3114757766 -0.1513608893 0.2297779741
v -0.7184321755 -0.421926285 -0.3286996484
v -0.8411886503 -0.3913276021 -0.2593574377
v -0.1881503361 -0.5498809197 0.6665203421
v -0.310906792 -0.5192822557 0.7358625904
v -0.1840649458 -0.3623882486 0.5910177393
v -0.3068213827 -0.3317895657 0.6603599877
v -0.6345053605 -0.2536989821 -0.2543578363
v -0.7572618353 -0.2231003087 -0.1850156351
v 0.06689252853 0.1685178828 0.4274344673
v -0.3031389799 0.2578048154 -0.2670316428
v -0.6009316597 -0.001019190983 -0.04286716357
v -0.1293672147 -0.1185628767 -0.3092427435
v -0.02457512424 -0.1446836957 -0.368437309
v 0.4469892829 -0.2622273909 -0.6348128913
v 0.2840133331 -0.0803483067 0.344290976
v 0.33857542 -0.09394861624 0.3134701393
v -0.2182859108 -0.4840910172 0.2006444036
v -0.3467107512 -0.4531026734 -0.0403802128
v -0.4298342337 0.3257567577 0.115829823
v 0.04173019703 0.2082130719 -0.1505457404
v 0.146522297 0.1820922529 -0.2097403153
v 0.6180867089 0.0645485483 -0.476115907
v -0.01378558514 -0.3960891372 0.01783546939
v -0.4928351807 -0.2766796733 0.2884392309
v 0.5700560821 -0.5416194201 -0.3119628764
v 0.09100651301 -0.4222099562 -0.0413591055
v -0.07242541744 -0.3819396098 -0.09221833482
v -0.551475013 -0.2625301459 0.1783854432
v 0.5114162498 -0.5274699117 -0.4220166641
v 0.03236668248 -0.4080604289 -0.1514129121
v -0.3785820472 -0.4252650281 -0.0970389429
v -0.1868786102 -0.4715222 0.262745391
v -0.3721809838 0.09485767062 -0.3245929091
v 0.05799806344 -0.008942599342 0.4827565846
v -0.4060477563 -0.01658306321 -0.3304075462
v 0.03194237429 -0.1222681173 0.4916016224
v 0.472689352 -0.1905251765 -0.6575610279
v -0.6051721556 0.07814609838 -0.04870258809
v 0.7767577572 -0.2638955166 -0.08689285146
v -0.3011037126 0.004775758285 0.5219655801
v -0.3004414607 0.2847158668 -0.2615432427
v 0.0667499709 0.196114215 0.4275926875
v -0.04902677939 0.4081546021 0.09472506546
v -0.0705540991 0.4133490624 0.05432310494
v -0.0803370565 -0.3683041753 0.4152772264
v -0.4326791382 -0.2832856187 -0.2459898373
v 0.2068080424 -0.1873151501 0.2437004776
v 0.2522783609 -0.198649116 0.2180154341
v -0.3953433016 0.02901890716 -0.3315803043
v 0.04373843845 -0.07692956166 0.4924776282
v -0.3327020968 0.1758268715 -0.3018309174
v 0.07011731493 0.078628347 0.4541707253
v -0.1010560982 0.4269025366 0.01822854695
v -0.03520455558 0.411012871 0.1418171309
v 0.3109971334 -0.07955920691 0.3287220166
v 0.7929035349 -0.1538149436 -0.1068853361
v -0.2849579727 0.1148563407 0.5019731013
v 0.5097662452 -0.08549518129 -0.6382704788
v -0.5680952623 0.1831761042 -0.02941206258
v 0.5681400744 -0.5529854849 -0.3286416419
v -0.5097213954 -0.2843142194 0.280216805
v 0.5228069291 -0.5420468145 -0.4137217537
v -0.5550545407 -0.2733755491 0.1951366743
v -0.1241819094 0.4214481891 -0.02243510348
v -0.01548525294 0.3952201911 0.1815641351
v 0.06722471153 0.0645113811 0.4873179001
v -0.3629818667 0.1683183049 -0.3200832955
v 0.0490655605 -0.05315087062 0.5052907031
v -0.4003367305 0.05528789477 -0.3381365865
v -0.03604315816 0.4158658989 0.1436620131
v -0.1025290631 0.4319086503 0.01888289914
v 0.2014213943 0.1656023814 0.1509582604
v 0.3062134943 0.1394815623 0.09176367608
v -0.00109538468 0.2144687699 -0.2291203092
v 0.1036967082 0.1883479508 -0.2883148746
v 0.2767850401 -0.0726106659 0.233851548
v 0.677060574 -0.4819705805 -0.1671565988
v -0.4008009335 -0.2132993151 0.4417018386
v 0.4593204113 -0.4294308876 -0.5758060305
v -0.6185410962 -0.1607595938 0.03305240689
v 0.06291399151 0.238186387 0.4036828353
v -0.2785767293 0.3205865722 -0.2372185864
v 0.2420813545 -0.06794952614 0.2538303603
v -0.03971611342 0.405083108 0.115677832
v -0.08280236101 0.4154796545 0.03481460203
v 0.04870156641 0.2872831027 0.351926617
v -0.2389985913 0.356703876 -0.1880220441
v 0.2373435279 -0.06908810895 0.2567017292
v 0.2919048219 -0.08268814597 0.2258813833
v -0.1145334637 -0.4095545162 0.3672790666
v -0.4169576971 -0.3365809062 -0.2003033488
v -0.2967526777 -0.484719594 0.05921584835
v -0.2750873543 -0.4899473141 0.09987679005
v -0.3900169346 -0.4155391333 -0.1161028764
v -0.1766738079 -0.4670178907 0.2842943239
v -0.2855912685 0.2697441875 -0.2539477135
v 0.0673144772 0.184589628 0.4083771523
v -0.4182253835 -0.03854034925 -0.3323986811
v 0.02440018925 -0.1453439137 0.4983101788
v -0.03650396345 -0.2966853464 0.4622602629
v -0.4389402159 -0.1995792869 -0.2930223106
v -0.2745296764 -0.5007649504 0.1259517589
v -0.3189456282 -0.4900475843 0.04259294696
v -0.6807165124 -0.4490977144 -0.2499416409
v -0.5340075631 -0.4856668762 -0.3328140514
v -0.2343044253 -0.5568149709 0.5878736474
v -0.08759547594 -0.5933840949 0.5050012558
v -0.4421326308 -0.2232660509 -0.2863214368
v -0.0462891388 -0.318781311 0.4565879711
v 0.1350413234 -0.2466736741 0.2153709569
v -0.3440082486 -0.1272642078 0.4859747089
v 0.7188830142 -0.3922039664 -0.114427389
v 0.2398334186 -0.2727944837 0.1561763725
v -0.1347118539 -0.181583436 -0.2908952106
v -0.6137614211 -0.0621739745 -0.02029144435
v 0.4491298417 -0.3271137284 -0.620693547
v -0.0299197445 -0.2077042645 -0.3500897949
v -0.3735996042 0.4685785354 -0.1111964242
v -0.4963560789 0.4991771994 -0.04185421589
v -0.07829705118 0.3973233373 0.4430202265
v -0.2010534882 0.4279220013 0.5123624371
v -0.223875525 0.3359964431 -0.1829682209
v 0.5545800313 0.1419560595 -0.6226993298
v 0.05089832896 0.2696947319 0.3327206332
v 0.82935389 0.07565434834 -0.1070104804
v 0.246489754 -0.2137829416 0.2320992723
v 0.2154588538 -0.2060480686 0.249627881
v -0.4201464123 -0.2168829199 -0.2746200933
v -0.0428191119 -0.3079303016 0.4335385707
v -0.08385684101 -0.3719546773 -0.1168614298
v 0.02093525891 -0.3980754964 -0.1760560094
v -0.4216147903 0.329887885 0.1285577664
v 0.04994964523 0.2123441993 -0.1378178159
v 0.1547417404 0.1862233802 -0.1970123908
v 0.6263061523 0.0686796945 -0.4633879636
v -0.2491073138 -0.4294444029 0.5054631936
v -0.1023984022 -0.4660135269 0.422590802
v -0.6081043057 -0.3428200309 -0.1682936243
v -0.4613953942 -0.3793891738 -0.2511660254
v -0.06731796693 0.4257165463 0.08045895887
v -0.1546781891 0.3987319533 -0.08202075506
v 0.01376895523 0.3580864428 0.2341167394
v 0.3219773502 -0.2173650459 0.3079073671
v -0.2962513264 -0.4963631009 0.08389019522
v -0.2615054903 -0.5509932929 0.5371507112
v -0.1147965599 -0.5875624547 0.4542783195
v -0.6538618253 -0.4563194763 -0.1992141083
v -0.5071529137 -0.4928886381 -0.2820865094
v 0.6606457353 -0.5007131919 -0.1879451615
v -0.4172157345 -0.2320419076 0.4209132759
v 0.4651335949 -0.4535369765 -0.5548776331
v -0.6127279126 -0.1848657016 0.05398079487
v -0.5032099819 0.450647713 -0.3327331481
v -0.6259663811 0.4812464148 -0.2633909375
v 0.02833634924 0.3223880015 0.6648599933
v -0.09442008303 0.3529866655 0.7342022417
v 0.2966281705 -0.07829798319 0.3369541449
v 0.2595223023 -0.2156373941 0.3392475252
v -0.003779832193 0.3254114368 0.6066706222
v 0.1429290983 0.2888422751 0.5237981928
v -0.4733006759 0.4387047166 -0.2745146321
v -0.3265917266 0.4021355549 -0.3573870426
v 0.06938294071 0.1400448841 0.4226546035
v 0.8478385017 -0.05399549941 -0.01707652901
v -0.300818871 0.2293729102 -0.2721311559
v 0.4776366853 0.03533254552 -0.7118622836
v -0.6889835239 -0.5061305043 -0.2394098277
v -0.8117399231 -0.4755318403 -0.1700676171
v -0.2536010148 -0.6111863705 0.5777054272
v -0.3763574517 -0.5805877065 0.6470476001
v -0.3675409925 0.1437356302 -0.3216038661
v 0.06331233788 0.03977266646 0.4870111244
v -0.3281091826 -0.4832092731 0.02168786162
v -0.2618407312 -0.4991995488 0.1460588726
v -0.7059892247 -0.4875715204 -0.2777046498
v -0.8287456995 -0.4569728564 -0.2083624391
v -0.2298450601 -0.6024629708 0.6159111914
v -0.3526015159 -0.5718643068 0.6852533643
v 0.03845667587 -0.1000714736 0.5082031088
v -0.413643493 0.009018273945 -0.3402874517
v 0.2777015541 -0.08987105715 0.2183174529
v 0.2384523996 -0.2002206711 0.2242348331
v -0.607644482 -0.3496958679 -0.1644454604
v -0.4609355704 -0.3862650108 -0.2473178709
v -0.2527261038 -0.4353360737 0.5016566988
v -0.1060171734 -0.4719052355 0.4187843072
v -0.3319706071 -0.6297592473 0.6887558771
v -0.1104101511 -0.6849861154 0.5636015991
v -0.8260926902 -0.5105297866 -0.2386005115
v -0.6045322531 -0.5657566547 -0.3637547518
v -0.1276484253 0.4331631612 -0.0221419517
v -0.01644414397 0.4063300684 0.1865635478
v -0.3872841923 -0.3601408318 -0.1650656089
v 0.3911713451 -0.5541812153 -0.6047967461
v -0.1291745833 -0.4224215204 0.3193482571
v 0.6492809918 -0.6164619228 -0.1203828613
v 0.3276630441 -0.08603412452 0.3194233465
v -0.09723059511 0.4192662916 0.01632356294
v -0.03229286719 0.4035970997 0.1381971138
v -0.4195169295 0.3796724863 -0.1532521503
v -0.5422733665 0.4102711504 -0.08390994678
v -0.07906923792 0.2975239962 0.485691755
v -0.2018256749 0.3281226602 0.5550339656
v 0.2965915507 -0.2248776614 0.3183079153
v 0.2930702938 -0.1104171087 0.1777404064
v 0.187436741 -0.08408647799 0.2374103118
v -0.1156944619 -0.4128745341 0.3711890406
v -0.4211656505 -0.339165697 -0.2021118
v 0.2126042658 0.02779855273 0.2315640571
v 0.3173963657 0.001677733685 0.1723694727
v 0.2492518487 -0.07795552447 0.23408784
v -0.3962009596 -0.3477861649 -0.183187883
v -0.118045811 -0.4149037611 0.3388468972
v 0.1953441518 -0.1854280418 0.266126832
v 0.02980974356 -0.1447998692 0.4782918019
v -0.3987161728 -0.04139847649 -0.3259552407
v -0.346167306 -0.1478386084 0.4729289662
v 0.1253971154 -0.2653822989 0.2065533839
v 0.2301892106 -0.2915031179 0.1473588184
v 0.7017536366 -0.4090468036 -0.1190167686
v -0.3172490749 0.2702331183 0.3396401497
v 0.7306718677 0.00902491836 -0.2523055614
v -0.0650594604 0.4193971035 0.07844307731
v 0.2352054891 -0.1812484499 0.3605537482
v -0.3755291272 -0.4639548531 -0.06184071143
v -0.218078556 -0.5019469767 0.2336587089
v -0.3215805163 -0.4775920242 0.02013899561
v -0.2563016297 -0.4933435162 0.1426527793
v 0.007508929935 0.3664331495 0.2132206203
v -0.140201934 0.4020751134 -0.06399952312
v 0.06377375901 0.2067811627 0.4003375611
v -0.2786597845 0.2894088625 -0.2423333703
v 0.06619556218 0.0636401133 0.4840795028
v -0.3609996791 0.1667204175 -0.3176701459
v 0.2648727742 -0.08184943014 0.2252639624
v -0.3907211671 0.05209393199 -0.3313041647
v 0.04854723241 -0.05389957067 0.4931040908
v -0.1212434357 -0.4166060905 0.3426595078
v -0.4013060223 -0.3490282363 -0.1829551397
v -0.4210646629 -0.08504050958 -0.32237694
v 0.009689048411 -0.1889794534 0.4860511574
v 0.06951249383 -0.3712490669 0.1543367756
v 0.1743045926 -0.3973699048 0.09514221015
v 0.06887479279 0.1760497425 0.4410204463
v -0.3123618811 0.2680404235 -0.2744752375
v 0.3373246654 -0.2067032796 0.3028689751
v -0.4772395682 -0.2437172491 0.2832002606
v 0.5706813744 -0.504925449 -0.3087454694
v 0.06445372145 0.04089755461 0.4920201828
v -0.3708841526 0.1459426331 -0.3250113562
v -0.02431254715 -0.2708669804 0.4551704833
v -0.4235420104 -0.1745346885 -0.2940936659
v -0.1850381638 -0.4693890785 0.2606554582
v -0.3756078409 -0.4234054601 -0.09700105605
v -0.3351705347 0.2799313216 0.3036342909
v 0.7127504079 0.01872313116 -0.2883114392
v 0.07192632772 0.179209445 0.4464798149
v -0.3147835816 0.2725207979 -0.2792879271
v -0.4411888596 -0.2449010215 -0.2751038332
v -0.05722926262 -0.3375487634 0.4455022175
v -0.2429223449 -0.5073517176 0.1916989823
v -0.3557103849 -0.4801364577 -0.01997885954
v -0.1973341447 -0.4763371736 0.2419538836
v -0.3679418093 -0.4351703031 -0.07823841233
v 0.2957230199 -0.1472758246 0.1744493446
v 0.2530310485 -0.06697004356 0.2472976545
v 0.2779493417 -0.07318115595 0.2332219141
v -0.001805147895 0.3278064087 0.6091095755
v 0.1449037873 0.2912372847 0.5262371462
v -0.4739345002 0.4417290958 -0.2769712725
v -0.3272255509 0.4051599718 -0.359843683
v -0.5971959883 -0.1683482425 0.03758343551
v 0.4507249543 -0.4295564519 -0.5543622757
v -0.03063099893 0.4009527735 0.1365999059
v -0.09526409363 0.4165484238 0.01529806731
v 0.008202912664 0.2229713938 -0.2164114874
v 0.1129950102 0.1968505936 -0.2756060528
v 0.197141183 0.177381457 0.1381832587
v 0.3019332829 0.1512606379 0.07898868383
v 0.1713147474 0.2042773886 0.08059434826
v 0.2761068378 0.1781565695 0.02139977337
v -0.2170388183 -0.4832925171 0.1997035016
v -0.3451530134 -0.4523791117 -0.04073810988
v -0.2923188142 -0.5139643075 0.1075341575
v -0.3152656038 -0.5084273578 0.06446818297
v -0.4058367961 -0.3693882342 -0.1679642633
v -0.138225447 -0.4339616613 0.334282184
v 0.3483205495 -0.1047319215 0.3081673676
v 0.01266787938 -0.1879865852 0.4760432337
v -0.4110807874 -0.08573792659 -0.3192379635
v -0.1903660786 -0.4714930552 0.2357895842
v -0.3584544528 -0.4309340732 -0.07967459581
v -0.03665065023 -0.2950838536 0.4591426732
v -0.4362994006 -0.1986503901 -0.2909083484
v 0.2268317046 -0.08201720398 0.2472772871
v -0.4812000549 0.2503946692 0.05815200576
v 0.5667208877 -0.01081353072 -0.5337937337
v -0.4127433258 0.5643838657 -0.2227685787
v -0.2660344142 0.5278147417 -0.3056409797
v 0.0011735415 0.4645075853 0.5540605211
v 0.147882472 0.4279384613 0.4711881294
v 0.1912432358 -0.1331047454 0.2640135682
v -0.04782710382 0.4729027283 0.4636102118
v -0.1705835408 0.5035013923 0.5329523847
v -0.3653436542 0.549518044 -0.1322971469
v -0.4881000912 0.5801167081 -0.06295493955
v -0.0248700551 -0.2712811426 0.4567817162
v -0.425220065 -0.1746784825 -0.294585447
v -0.4191943733 -0.1525280271 -0.3013325862
v -0.01361262271 -0.2503930836 0.4598533236
v 0.3092967671 -0.1185145537 0.2351620456
v 0.2242120779 -0.09730606709 0.2832243466
v 0.1921619866 -0.160912 0.2581715795
v 0.09971281268 -0.3072786771 0.179572132
v -0.3793367546 -0.1878692132 0.450175884
v 0.6835545082 -0.45280896 -0.1502262139
v 0.2045049126 -0.3333994961 0.1203775476
v -0.1316642192 -0.2514484319 -0.2546706334
v -0.6107138243 -0.1320389704 0.01593313749
v 0.4521774763 -0.3969787149 -0.5844689887
v -0.0268721193 -0.277569251 -0.3138651989
v -0.01402783259 -0.4228141072 0.02919955219
v 0.09076426616 -0.4489349262 -0.02999501798
v -0.4128395188 0.3871409599 -0.1447268089
v -0.5355959558 0.4177396617 -0.07538460184
v -0.08150673782 0.3071918466 0.4771104929
v -0.2042631748 0.3377905107 0.5464527035
v 0.2356872564 -0.1999656445 0.2639111838
v 0.2513057091 -0.2038587527 0.2550887219
v 0.01068233184 -0.1925171608 0.5012739654
v -0.4333523383 -0.08537358212 -0.332079466
v -0.01458177294 -0.2599937726 0.4871420118
v -0.4431138901 -0.1565908887 -0.3171166019
v -0.2887422313 -0.5041819918 0.1062965975
v -0.3112059039 -0.4987616215 0.06413734017
v 0.3108694926 -0.1543701487 0.229714116
v 0.206109973 -0.1282574488 0.2888902961
v 0.2977154573 -0.151196105 0.2050256214
v 0.1929548711 -0.1250831526 0.2642024055
v -0.02841343483 0.1845474398 -0.2642780046
v 0.07637866391 0.1584266207 -0.3234725701
v 0.2116892336 0.1266117267 0.1863408278
v 0.3164813241 0.1004909077 0.1271462624
v 0.2829995691 -0.08680133267 0.2532512769
v 0.2622354133 -0.08162559286 0.2649804439
v 0.06685579902 0.08487175654 0.4718819045
v -0.3483953747 0.1850700079 -0.3074513752
v 0.2802057435 -0.182858437 0.2084376607
v -0.3752871724 0.09608271577 -0.3256682284
v 0.05725836497 -0.008288586923 0.4861226982
v 0.06060569434 0.01453315734 0.4819779045
v -0.3676004524 0.1178573889 -0.3216689512
v -0.3862986293 0.4318866785 -0.1174864531
v -0.5090550663 0.4624853803 -0.0481442484
v -0.08416259736 0.3589826083 0.449555122
v -0.2069190343 0.3895812723 0.5188973326
v -0.3904827232 0.02772461474 -0.3300445761
v 0.04508191276 -0.07737518342 0.4874125075
v 0.2463271923 -0.1997702006 0.2205617362
v -0.07312712996 -0.3584606253 0.3964757968
v -0.4121731897 -0.2766503397 -0.2398375619
v -0.2550851355 -0.3852866018 0.4753951767
v -0.3778415725 -0.3546879378 0.5447373874
v -0.5821801387 -0.3063600489 -0.1384886942
v -0.704936538 -0.2757613849 -0.06914649003
v -0.2613311499 0.3264036821 -0.2173533898
v 0.05696369129 0.2496005483 0.3800145982
v -0.1239299691 -0.4188997162 0.3465557777
v -0.4062540352 -0.3507761894 -0.1833031409
v -0.3981213089 -0.4027402344 -0.1345964874
v -0.1647362668 -0.4590550122 0.3034148364
v 0.2010071849 -0.193622616 0.2607891393
v 0.2665780671 -0.2099670937 0.2237496587
v -0.06809407048 0.2742097252 0.515408977
v -0.190850498 0.304808427 0.5847511498
v -0.4401423265 0.3639833235 -0.1828420902
v -0.5628987257 0.3945819875 -0.1134998843
v -0.20499306 -0.478601107 0.2189579217
v -0.353650805 -0.4427306659 -0.06003931989
v -0.4165788899 -0.3565832005 -0.1863060768
v -0.1278976853 -0.4262407 0.3554837952
v 0.05879943747 -0.3556001669 0.1284660659
v 0.1635915303 -0.3817209859 0.06927149103
v 0.2900770981 -0.08112263353 0.2268225685
v -0.2855554415 0.2966711326 -0.2454521682
v 0.06320984259 0.2125156327 0.4091019976
v -0.2090566861 0.3714924186 -0.1529207224
v 0.03836378147 0.3117909899 0.311431965
v -0.09945819189 -0.3910834009 0.3751882234
v -0.4129999286 -0.3154271839 -0.2132593164
v -0.4316431758 -0.2189713615 -0.2781986394
v -0.04658355057 -0.3118845214 0.4444718424
v 0.2795300518 -0.2039067737 0.2193262148
v -0.2718442002 -0.5190342604 0.5047455213
v -0.1251352697 -0.5556034222 0.4218731297
v -0.6297644194 -0.4326697379 -0.1669903846
v -0.48305547 -0.4692388997 -0.2498627762
v -0.5357114403 -0.2416565744 0.1787782754
v 0.5122095023 -0.5028647743 -0.4131674358
v -0.3982440418 0.5485601912 -0.1901179607
v -0.2515350924 0.5119910672 -0.2729903618
v -0.01908108958 0.4570698799 0.5214858231
v 0.1276278409 0.4205007559 0.4386133937
v -0.681325609 -0.3563829998 -0.2919322112
v -0.5346166596 -0.3929521427 -0.3748046217
v -0.1904697089 -0.4748243233 0.6292941005
v -0.04376078785 -0.5113934851 0.5464217466
v 0.2476096966 -0.2048678543 0.3482536523
v 0.3131821644 -0.221212719 0.3112133034
v 0.27397315 -0.07135661986 0.2353838785
v -0.2595978259 -0.4888991199 0.1177946823
v -0.3025989702 -0.4785231484 0.03709121082
v 0.2861122133 -0.1728282111 0.175444308
v 0.2900901415 -0.07899077908 0.3407498048
v -0.04016378089 0.4294461395 0.4963526812
v 0.1065451496 0.3928770155 0.4134802896
v -0.3924360679 0.5144478774 -0.1647833817
v -0.2457271564 0.4778787156 -0.2476557733
v -0.1893074081 -0.4634292647 0.6263234429
v -0.04259847768 -0.4999984265 0.5434510513
v -0.677035884 -0.3457425731 -0.289033453
v -0.5303269724 -0.382311716 -0.3719058446
v -0.5455303002 0.141561302 -0.007706832517
v 0.5023906047 -0.1196468932 -0.599652572
v -0.3760945821 0.07177954065 -0.3268096898
v 0.05517837282 -0.0322846938 0.4825928526
v 0.02566867793 -0.1445815473 0.4879261661
v -0.408921126 -0.03971697229 -0.3277013816
v -0.1854726179 -0.5443236593 0.6688085125
v -0.3082290549 -0.5137249575 0.7381506854
v -0.7182131364 -0.4157757462 -0.3310259487
v -0.8409696111 -0.3851770633 -0.2616837569
v 0.2677931267 -0.2095276468 0.2233043507
v -0.02213744501 -0.4241014626 0.01541118282
v 0.08265464916 -0.4502222817 -0.04378339207
v -0.3269056752 -0.4685519577 -0.001298265854
v -0.2407822014 -0.4893331587 0.1603361539
v -0.1472741965 -0.4412599473 0.3126810018
v -0.394002149 -0.3817255917 -0.1503720229
v -0.06446662568 0.4406849411 0.4483700377
v -0.1872230627 0.4712836051 0.5177122483
v -0.3656235124 0.513352757 -0.1168338376
v -0.4883799494 0.5439514588 -0.04749162928
v 0.7884384879 -0.2005566954 -0.09416401586
v -0.2894229818 0.06811457945 0.5146944003
v 0.4919015649 -0.1290036642 -0.6506973093
v -0.5859599049 0.1396676059 -0.04183887427
v 0.1629613632 -0.2370127512 0.2605346884
v 0.2677534679 -0.2631335608 0.201340123
v -0.1549746961 -0.1602962025 -0.3361599486
v -0.05018259615 -0.1864170215 -0.395354514
v -0.02521732017 0.4513223099 0.5131590874
v 0.1214916103 0.4147531481 0.4302866958
v -0.3954830985 0.5406657955 -0.1817467244
v -0.248774187 0.5040966338 -0.2646191161
v -0.5581361902 -0.251535687 0.1434391232
v -0.08657176411 -0.3690793822 -0.1229364544
v 0.01822033109 -0.3952002012 -0.1821310246
v 0.4897847524 -0.512743887 -0.448506588
v -0.4736024683 0.484642768 -0.2953199946
v -0.3268935189 0.4480736062 -0.3781924051
v 0.01793925534 0.3660359192 0.6271934838
v 0.1646481905 0.3294667952 0.5443210921
v -0.3216578708 0.2771319843 0.3287909902
v 0.7262630718 0.01592378434 -0.2631547398
v -0.2995135455 -0.5136557197 0.4533890627
v -0.4222700202 -0.4830570556 0.5227312734
v -0.6027011127 -0.4404979159 -0.1156259509
v -0.7254575874 -0.4098992519 -0.04628374257
v -0.2975763964 -0.4946639805 0.4484379542
v -0.4203328334 -0.4640653165 0.5177801648
v -0.5955516466 -0.4227638966 -0.1107946824
v -0.7183080458 -0.3921652325 -0.04145247888
v 0.001082992468 -0.2125462688 0.48952109
v -0.4312394898 -0.1082287862 -0.3218511818
v 0.001247403989 -0.2130455154 0.4911950295
v -0.4325712042 -0.10836703 -0.3229851116
v -0.2983910923 -0.5010465075 0.4498121023
v -0.4211475293 -0.4704478057 0.5191543129
v -0.5978090866 -0.4287982713 -0.1121282987
v -0.7205655613 -0.3981996072 -0.0427860951
v -0.4157697436 -0.2371427986 -0.2636380833
v -0.05148730822 -0.3250425208 0.4200383273
v 0.05988407689 0.2403921063 0.3676893592
v -0.250555985 0.3152998829 -0.2149370218
v -0.4633909083 0.3596769119 -0.2220987575
v -0.5861473076 0.3902756137 -0.1527565563
v -0.04947594751 0.2598010846 0.5547267369
v -0.1722323939 0.2903997864 0.6240689476
v 0.066668473 0.06408257094 0.4857101026
v -0.3620228812 0.1675238632 -0.3188473588
v -0.4303958001 -0.1971327642 -0.2874523465
v -0.03599692096 -0.2922994473 0.4527458758
v -0.2003872723 0.3875885141 -0.1364635869
v 0.03145769536 0.3316453705 0.2986573975
v -0.4708451115 0.5664481647 -0.3265370234
v -0.5936015862 0.5970468287 -0.2571948128
v 0.05369259336 0.4398795323 0.6579026112
v -0.06906384362 0.4704781963 0.7272447841
v -0.2933371841 0.2507399523 -0.2652002004
v 0.07016941436 0.1630274251 0.4170201017
v -0.4096331733 -0.3144973244 -0.2129341648
v -0.09772992668 -0.3897581799 0.3724382284
v -0.5464531188 -0.232301606 0.1556342298
v 0.5014678238 -0.4935098154 -0.4363115191
v -0.06823544362 0.4307683781 0.08159733404
v -0.3358977207 0.2330410803 -0.2993359584
v 0.07230042292 0.1345446864 0.4667603441
v -0.2668906377 -0.4704705326 0.4920850791
v -0.1201816884 -0.5070396944 0.4092126875
v -0.6114824623 -0.3873220957 -0.1546364161
v -0.4647735129 -0.4238912197 -0.2375088266
v 0.05412260216 -0.02953921016 0.5048126827
v -0.3946083764 0.07873756458 -0.3373546974
v -0.4406299737 -0.2668141514 -0.2641720338
v -0.06818130674 -0.3566843391 0.4348305696
v -0.3977094684 -0.01818098841 -0.3282873737
v 0.03473413288 -0.1225276954 0.4833122238
v 0.2204606166 -0.196390213 0.2341845804
v -0.4242771998 -0.2998850098 -0.2294539079
v -0.09090311107 -0.3803266781 0.396214475
v 0.2006287741 -0.1931586583 0.2611231344
v 0.2836177073 -0.0956177536 0.2151782688
v 0.4769603518 -0.1748818733 -0.6569029665
v -0.6009011557 0.09378941101 -0.0480445515
v 0.7802728038 -0.2480698129 -0.08765357918
v -0.297588666 0.020601462 0.52120487
v -0.4123479831 -0.3343811707 -0.1990500083
v -0.1127318267 -0.4066772014 0.3632623289
v 0.3115393705 -0.1112474406 0.2158194737
v -0.3739503991 0.3389532456 0.2089377096
v 0.6739705435 0.0777450362 -0.3830080205
v -0.410697148 -0.1308047349 -0.3077127914
v -0.001308534496 -0.2295883818 0.4606178088
v -0.3965087169 0.05397483943 -0.3347779102
v 0.04833150836 -0.05336311438 0.5000873333
v -0.3840054 -0.3786350326 -0.1511001715
v -0.1407200284 -0.4373386853 0.3054918579
v 0.3621398192 -0.1589472399 0.2980067356
v 0.2987641423 -0.1451476156 0.2051514123
v 0.3548658458 -0.1834076489 0.2985115601
v -0.1679940122 0.3931467938 -0.1002193715
v 0.02059188234 0.3476418753 0.2537140453
v -0.1983195568 -0.4773922388 0.2429509046
v -0.3694251372 -0.4361052403 -0.07817587437
v -0.2624714599 -0.4901338485 0.1193831883
v -0.3056497005 -0.4797151414 0.03834736392
v -0.1293021485 -0.33829156 -0.2121677447
v -0.02451003917 -0.364412379 -0.2713623291
v 0.2783303951 -0.08227866265 0.3476023486
v 0.0132784813 -0.1864061299 0.4673861272
v 0.7917340423 -0.3804465041 0.02765500883
v -0.4034761411 -0.08584511026 -0.3147687638
v 0.374979434 -0.2798854903 -0.7544998727
v -0.5459434242 -0.2629118223 0.1700439275
v 0.5019775184 -0.5241200316 -0.4219017837
v -0.6061837678 -0.06110207887 -0.02565221318
v -0.1346193606 -0.1786457693 -0.2920277813
v -0.02982726066 -0.2047665836 -0.3512223656
v 0.4417371748 -0.3223102694 -0.6175979291
v 0.2223742459 -0.07584602178 0.2658285129
v 0.2373480204 -0.1278415145 0.3684986565
v -0.2127645907 -0.5872225325 0.6394235868
v -0.3355210276 -0.5566238684 0.7087657597
v -0.7140284384 -0.4662698277 -0.3013362671
v -0.8367849132 -0.4356711259 -0.2319940564
v 0.1947710805 -0.1192261219 0.2638946106
v 0.02176627798 0.4437827109 0.5996611418
v 0.1684752132 0.4072135491 0.5167887124
v -0.4406935109 0.5553721512 -0.2682721286
v -0.2939845616 0.5188030272 -0.3511445392
v -0.2415350967 0.3626062684 -0.1908197959
v 0.05018710048 0.292215033 0.3566773361
v 0.193290046 -0.1238698177 0.2641708068
v 0.2320186238 -0.1579862064 0.3669995104
v -0.03405321247 0.3102863697 0.5597519156
v 0.112655718 0.2737172079 0.476879524
v -0.4535011873 0.4114972715 -0.2274578086
v -0.3067922757 0.3749281097 -0.3103302191
v -0.5807336949 -0.3171828007 -0.1311522925
v -0.7034900941 -0.2865841177 -0.06181008778
v -0.2614223974 -0.3942311737 0.4681232797
v -0.3841788344 -0.3636325097 0.5374654903
v -0.09147590873 0.437310069 0.04006429399
v -0.04660442762 0.4264827681 0.124278008
v -0.1496199959 -0.195783325 -0.3110211061
v -0.04482790545 -0.221904144 -0.3702156904
v 0.2806510137 -0.1824151488 0.2083166455
v -0.4054225395 0.03176380563 -0.337922021
v 0.04354613738 -0.0765703173 0.5046913844
v -0.4211964941 -0.298603355 -0.2283713024
v -0.08991964326 -0.3785389718 0.3933610007
v -0.4254023334 -0.1078989633 -0.3179886814
v 0.001241023841 -0.2108461007 0.4827252124
v 0.1715696513 -0.1119701139 0.2450332869
v 0.2963497468 -0.1430731849 0.1745479537
v 0.2336591903 -0.1750171872 0.3627508222
v -0.3905546037 -0.2143219132 0.4236872815
v 0.08100980264 -0.3318655989 0.1573116992
v 0.1858019035 -0.357986418 0.09811711487
v 0.6573663012 -0.4755301037 -0.168258458
v 0.1998932733 -0.179003303 0.2495712525
v 0.2631783162 -0.1947778853 0.2138230724
v -0.2095835958 -0.4821888647 0.2228508694
v -0.3598050812 -0.4459410887 -0.0590811674
v -0.3993004283 0.08098773727 -0.3443900948
v 0.05748157107 -0.0292317172 0.5128871949
v 0.2490532902 -0.1993385401 0.2193723482
v -0.3644008268 -0.1418688044 0.4380158871
v 0.6835201158 -0.4030770043 -0.1539298524
v 0.2002597071 -0.1926965317 0.2614515799
v -0.2820859997 -0.5968127263 0.5209357712
v -0.4048424367 -0.5662140623 0.5902780196
v -0.6569961771 -0.5063485619 -0.1826864089
v -0.7797525763 -0.4757498979 -0.113344203
v -0.1965886677 -0.5016128683 0.6302827593
v -0.04987974673 -0.5381820301 0.5474103676
v -0.6884053087 -0.3829397264 -0.2927467561
v -0.5416963972 -0.4195088882 -0.3756191477
f 176 177 184
f 177 185 184
f 187 179 178
f 186 187 178
f 46 249 135
f 135 249 285
f 318 320 17
f 318 83 320
f 222 334 223
f 223 334 335
f 394 113 53
f 393 112 403
f 407 166 423
f 193 192 436
f 192 435 436
f 469 467 468
f 470 469 468
f 387 496 12
f 387 386 496
f 386 495 496
f 497 388 389
f 10 498 389
f 498 497 389
f 526 199 198
f 381 380 583
f 380 582 583
f 584 378 379
f 585 584 379
f 167 591 408
f 635 523 522
f 636 523 635
f 637 525 524
f 638 525 637
f 374 639 278
f 654 228 227
f 653 654 227
f 225 226 655
f 226 656 655
f 9 657 25
f 319 657 9
f 319 321 657
f 24 658 9
f 9 658 318
f 49 680 682
f 628 627 690
f 627 689 690
f 692 630 629
f 691 692 629
f 693 631 632
f 694 693 632
f 633 634 695
f 634 696 695
f 25 657 715
f 716 83 318
f 658 716 318
f 733 47 48
f 734 733 48
f 374 278 735
f 780 279 736
f 786 384 785
f 599 792 281
f 794 601 283
f 682 813 9
f 9 814 683
f 376 377 818
f 817 376 818
f 757 758 835
f 836 537 536
f 835 836 536
f 758 836 835
f 538 539 837
f 838 756 755
f 539 838 837
f 837 838 755
f 405 349 875
f 467 885 468
f 885 886 468
f 469 470 888
f 887 469 888
f 904 669 723
f 904 723 724
f 905 724 12
f 905 904 724
f 10 722 907
f 722 721 907
f 721 906 907
f 610 814 914
f 168 921 80
f 168 169 921
f 4 922 169
f 169 922 921
f 924 13 14
f 14 171 924
f 924 171 170
f 923 924 170
f 932 88 89
f 933 932 89
f 87 86 935
f 86 934 935
f 943 309 69
f 944 492 491
f 945 492 944
f 494 947 493
f 493 947 946
f 973 102 101
f 973 101 258
f 974 102 973
f 979 152 153
f 979 198 152
f 258 101 979
f 153 201 980
f 259 258 980
f 980 979 153
f 258 979 980
f 18 988 884
f 1024 16 6
f 17 320 1025
f 320 83 1025
f 1025 83 716
f 1026 983 984
f 1027 1026 984
f 982 981 1029
f 981 1028 1029
f 1038 54 705
f 545 544 1068
f 544 1067 1068
f 1070 547 546
f 1069 1070 546
f 1071 540 541
f 1072 1071 541
f 542 543 1073
f 543 1074 1073
f 192 1075 435
f 818 377 1077
f 193 436 1078
f 1077 1078 818
f 1004 1003 1085
f 1003 1084 1085
f 1087 1006 1005
f 1086 1087 1005
f 1088 999 1000
f 1089 1088 1000
f 1001 1002 1090
f 1002 1091 1090
f 1095 789 790
f 1096 1095 790
f 1042 1098 1041
f 1041 1098 1097
f 1044 1100 1043
f 1043 1100 1099
f 1119 248 224
f 284 248 1119
f 1119 224 964
f 334 1123 335
f 335 1123 1124
f 53 1152 812
f 1158 902 579
f 1170 912 9
f 9 913 1171
f 913 1153 1171
f 1192 86 87
f 1193 1192 87
f 89 88 1195
f 88 1194 1195
f 1205 1105 1204
f 1211 804 806
f 419 1226 1040
f 414 1228 415
f 415 1228 1229
f 494 1239 947
f 459 1249 1191
f 390 1250 581
f 1160 1253 338
f 1160 903 1253
f 1159 1256 341
f 13 1262 14
f 1264 414 274
f 1228 414 1264
f 1266 275 1265
f 803 1268 805
f 62 1269 95
f 1283 1215 1214
f 1282 1283 1214
f 1216 1284 202
f 1216 1217 1284
f 1217 1285 1284
f 16 1294 319
f 1294 321 319
f 1024 1294 16
f 321 1294 1024
f 1300 990 989
f 1301 990 1300
f 992 1303 991
f 991 1303 1302
f 412 1339 616
f 1343 732 645
f 1343 731 732
f 1342 731 1343
f 126 1355 1354
f 1373 518 519
f 474 473 1374
f 474 1374 968
f 968 1374 519
f 473 1373 1374
f 1374 1373 519
f 1375 471 472
f 520 74 1375
f 521 520 1376
f 521 1376 969
f 1376 1375 472
f 520 1375 1376
f 1397 465 986
f 1405 423 1219
f 1429 621 230
f 739 740 1430
f 740 1431 1430
f 1433 738 737
f 1432 1433 737
f 1439 539 538
f 1438 1439 538
f 536 537 1440
f 537 1441 1440
f 1390 1443 820
f 1448 883 987
f 1453 636 635
f 1454 636 1453
f 1455 638 637
f 1456 760 638
f 1456 638 1455
f 65 1460 1348
f 74 75 1469
f 74 1469 1375
f 1375 1469 471
f 75 1470 1469
f 1471 76 518
f 1373 1471 518
f 1472 77 76
f 1471 1472 76
f 1484 128 289
f 1489 1250 390
f 1496 1427 269
f 1498 639 374
f 1220 1500 486
f 1153 1501 1171
f 1171 1501 1414
f 801 1504 762
f 1509 1071 1072
f 1510 1509 1072
f 1073 1074 1511
f 1074 1512 1511
f 1068 1067 1514
f 1067 1513 1514
f 1516 1070 1069
f 1515 1516 1069
f 1519 222 223
f 1518 222 1519
f 869 246 1520
f 1520 870 869
f 1521 870 1520
f 868 1523 867
f 867 1523 1522
f 1524 286 562
f 1529 352 351
f 1528 1529 351
f 353 354 1530
f 354 1531 1530
f 386 1534 495
f 706 1542 9
f 9 1543 705
f 1543 704 1038
f 1543 1038 705
f 1549 98 97
f 98 1550 70
f 1550 98 1549
f 1551 100 99
f 1552 100 1551
f 36 1482 1553
f 971 1554 1547
f 1563 104 103
f 1563 514 804
f 804 1211 1563
f 1564 104 1563
f 1565 846 105
f 442 846 1565
f 106 1566 105
f 106 879 1566
f 105 1566 1565
f 672 1568 671
f 671 1568 1567
f 674 1570 673
f 673 1570 1569
f 1577 438 437
f 1481 851 1579
f 1585 766 765
f 1584 1585 765
f 763 764 1586
f 763 1586 1477
f 764 1587 1586
f 1594 725 1573
f 485 1221 1596
f 407 1600 166
f 1600 590 166
f 591 1601 408
f 591 1503 1601
f 1603 855 271
f 1603 1573 855
f 1594 1573 1603
f 1264 274 1614
f 1264 1614 1263
f 274 275 1615
f 1615 275 1266
f 274 1615 1614
f 884 988 1616
f 1102 1625 85
f 305 1240 1626
f 1626 1240 834
f 148 147 1631
f 147 1630 1631
f 1632 145 146
f 1633 1632 146
f 573 1644 1287
f 1645 382 572
f 162 1082 1647
f 282 283 1648
f 283 1649 1648
f 1651 281 280
f 1650 1651 280
f 1654 1153 1024
f 1654 1107 1414
f 1501 1153 1654
f 1414 1501 1654
f 587 1561 1662
f 682 680 1666
f 1666 609 813
f 682 1666 813
f 405 875 1668
f 9 1671 942
f 1108 1671 9
f 1671 1108 880
f 1671 1162 942
f 943 1672 9
f 943 69 1672
f 9 1672 1109
f 69 1163 1672
f 65 1348 1674
f 1674 1348 128
f 1674 128 1484
f 1051 1681 1052
f 1052 1681 1682
f 1596 1221 1697
f 1596 1697 1635
f 393 403 1702
f 1245 1416 1707
f 1709 584 585
f 584 1709 1003
f 1003 1709 1084
f 1710 1709 585
f 583 582 1712
f 583 1712 1002
f 1002 1712 1091
f 582 1711 1712
f 593 1045 1717
f 938 939 1719
f 939 1720 1719
f 1721 936 1056
f 1722 937 936
f 1721 1722 936
f 1021 1623 1728
f 1583 1582 1735
f 1582 1734 1735
f 1606 1607 1742
f 1743 1607 13
f 1607 1743 1742
f 11 1605 1745
f 1745 1605 1604
f 1744 1745 1604
f 1608 1761 797
f 621 1767 230
f 229 1768 1428
f 1768 622 1428
f 9 1771 345
f 346 1772 9
f 346 978 1772
f 1778 800 1563
f 1092 1778 1563
f 84 1101 1779
f 1779 1468 725
f 1779 1101 1468
f 605 677 1782
f 747 748 1785
f 1786 748 11
f 748 1786 1785
f 746 1788 13
f 1788 746 745
f 1787 1788 745
f 229 1428 1789
f 1804 150 1312
f 1814 1486 573
f 572 1815 613
f 1817 1442 819
f 745 746 1818
f 1819 746 13
f 746 1819 1818
f 11 748 1821
f 1821 748 747
f 1820 1821 747
f 1822 46 965
f 964 224 1823
f 222 1518 1825
f 1614 1832 839
f 1615 1833 1614
f 1614 1833 1832
f 357 356 1838
f 356 1837 1838
f 1839 358 359
f 1840 1839 359
f 1841 1640 1641
f 1842 1841 1641
f 1639 1638 1844
f 1638 1843 1844
f 707 708 1849
f 707 1849 1590
f 708 1850 1849
f 1852 710 709
f 1851 1852 709
f 1853 649 929
f 650 1854 13
f 1854 650 649
f 1853 1854 649
f 651 652 1855
f 1856 652 11
f 652 1856 1855
f 148 1631 1858
f 1633 146 1859
f 1860 1550 1549
f 1861 1550 1860
f 1862 1552 1551
f 1863 1552 1862
f 1868 117 1024
f 1484 289 1871
f 1881 1154 1155
f 1882 1881 1155
f 1157 1156 1884
f 1156 1883 1884
f 1804 1893 150
f 1896 1249 459
f 1638 1897 1843
f 491 1912 944
f 1211 1924 1563
f 1313 149 1925
f 149 1803 1925
f 1926 1804 1312
f 1934 1115 1292
f 1563 1934 453
f 1115 1934 1563
f 1938 233 234
f 1939 1938 234
f 347 1667 1952
f 1953 701 702
f 1838 1837 1954
f 1954 1953 702
f 1837 1953 1954
f 1955 1839 1840
f 700 699 1956
f 699 1955 1956
f 1956 1955 1840
f 1958 457 456
f 1957 1958 456
f 454 455 1959
f 455 1960 1959
f 1751 1962 26
f 1252 1962 1751
f 1608 1963 1761
f 35 1965 173
f 35 1473 1965
f 1975 409 410
f 1976 1975 410
f 1977 69 309
f 1163 69 1977
f 1123 1990 1124
f 1762 1990 1186
f 1124 1991 1187
f 1991 1762 1763
f 1124 1990 1991
f 1990 1762 1991
f 793 1993 600
f 1995 659 660
f 1995 1430 659
f 739 1430 1995
f 1996 1995 660
f 662 661 1998
f 661 1997 1998
f 536 1440 1999
f 2003 1130 1131
f 2004 2003 1131
f 1132 1062 2005
f 1133 1132 2006
f 1132 2005 2006
f 1938 2007 233
f 2011 126 125
f 2012 126 2011
f 2015 1896 459
f 458 1248 2016
f 1248 1895 2016
f 2017 1106 1105
f 1205 2017 1105
f 1106 2018 1207
f 1207 2018 1206
f 2018 1402 1206
f 1401 1402 2018
f 2017 2018 1106
f 2017 1401 2018
f 1579 851 2019
f 965 1579 2019
f 2019 1805 965
f 851 1891 2019
f 2019 1891 1805
f 280 281 2025
f 281 2026 2025
f 2028 283 282
f 2027 2028 282
f 1434 949 2041
f 264 2053 964
f 1130 1060 2058
f 1131 1130 2059
f 1130 2058 2059
f 2060 1132 1133
f 2061 2060 1133
f 1106 2067 1105
f 1105 2067 2066
f 2068 1296 1237
f 1296 2068 1654
f 452 2082 1172
f 426 2091 925
f 426 1314 2091
f 1326 2095 2097
f 2102 485 1596
f 1220 486 2103
f 1597 1220 2103
f 2104 1196 1197
f 2105 2104 1197
f 1198 1199 2106
f 1199 1386 2107
f 1199 2107 2106
f 1200 1383 2108
f 1201 1200 2109
f 1200 2108 2109
f 2111 1203 1202
f 2110 2111 1202
f 2112 1169 451
f 2112 451 1224
f 2113 1272 1273
f 2114 2113 1273
f 1274 1275 2115
f 1275 2116 2115
f 1277 1276 2118
f 1276 2117 2118
f 2120 1279 1278
f 2119 2120 1278
f 796 1760 2121
f 1760 1609 2121
f 2121 1609 1828
f 2122 797 1080
f 2122 1608 797
f 282 1648 2130
f 830 2133 1023
f 802 2134 1979
f 2140 1425 1169
f 2141 1153 913
f 1153 2141 1024
f 2142 120 463
f 1906 120 2142
f 464 2143 463
f 463 2143 2142
f 2144 462 461
f 2145 462 2144
f 2152 1582 643
f 1734 1582 2152
f 644 2153 643
f 2153 644 731
f 1342 2153 731
f 643 2153 2152
f 2154 1343 645
f 646 2155 645
f 645 2155 2154
f 868 2157 1523
f 2157 1556 1523
f 1556 2157 1758
f 2160 1559 1560
f 2161 2160 1560
f 1558 2163 399
f 1558 1557 2163
f 1557 2162 2163
f 2164 1572 1932
f 728 371 2166
f 2170 1571 1449
f 2165 1571 2170
f 1161 578 2175
f 1158 579 2180
f 1791 2182 368
f 1341 2183 367
f 1495 1426 2189
f 2201 1754 1755
f 2202 2201 1755
f 2203 90 24
f 1025 90 2203
f 385 2206 384
f 384 2206 2205
f 2214 1116 1293
f 762 1504 2214
f 1504 1116 2214
f 1250 2216 581
f 581 2216 1364
f 606 678 2217
f 606 2217 718
f 1658 2218 717
f 1658 1683 2218
f 747 1785 2221
f 1425 2140 2223
f 1243 2232 2125
f 745 1818 2242
f 1149 1695 2248
f 2249 1150 139
f 2250 683 681
f 1890 2257 1771
f 1415 2266 1676
f 279 2271 375
f 2271 640 375
f 639 2272 278
f 278 2272 779
f 1654 2275 1296
f 2277 325 1258
f 1582 2279 643
f 2279 1582 1583
f 2155 646 2280
f 1583 2155 2280
f 2280 2279 1583
f 1241 2281 306
f 543 2288 1074
f 544 2289 1067
f 2291 577 2176
f 2294 295 580
f 2294 580 2179
f 219 2295 1437
f 2297 1095 1096
f 2298 2297 1096
f 176 184 2300
f 1560 1559 2313
f 1559 2312 2313
f 2314 1557 1558
f 2315 2314 1558
f 537 836 2317
f 2317 838 539
f 838 2317 756
f 1439 2317 539
f 1441 537 2317
f 2322 360 361
f 1755 1754 2323
f 2323 2322 361
f 1754 2322 2323
f 1830 2324 152
f 2324 1830 1831
f 153 152 2325
f 152 2324 2325
f 2325 2324 1831
f 1873 559 2331
f 2332 978 346
f 2342 977 345
f 1771 2342 345
f 1771 2257 2342
f 5 1 2343
f 2343 6 5
f 2344 1024 6
f 1098 2344 1097
f 1654 1024 2344
f 1098 1654 2344
f 2344 6 2343
f 1097 2344 2343
f 2345 8 7
f 7 17 2345
f 17 1025 2345
f 2345 1025 1655
f 1099 2345 1655
f 1100 2346 1099
f 2346 8 2345
f 1099 2346 2345
f 1313 1925 2348
f 1907 1908 2349
f 1908 2350 2349
f 2352 1910 1909
f 2351 2352 1909
f 9 2097 2359
f 2097 2095 2359
f 2236 1490 2359
f 2360 2096 9
f 2360 2215 2096
f 2361 1460 65
f 1459 137 2362
f 280 2025 2367
f 2370 2139 1781
f 61 118 2372
f 2373 1429 1790
f 1428 622 2374
f 2377 2080 1184
f 2080 2377 1834
f 2379 1526 1527
f 2378 1526 2379
f 279 375 2380
f 736 279 2380
f 2381 374 735
f 2355 2382 252
f 2355 2356 2382
f 2356 13 2383
f 2356 2383 2382
f 11 2358 2385
f 2385 2358 2357
f 2384 2385 2357
f 1753 1752 2387
f 1752 2386 2387
f 984 983 2391
f 983 2390 2391
f 2392 981 982
f 2393 2392 982
f 1071 2394 540
f 2394 2287 540
f 1074 2395 1512
f 2288 2395 1074
f 2288 2287 2395
f 2287 2394 2395
f 1067 2396 1513
f 2289 2396 1067
f 2396 2289 2290
f 1070 2397 547
f 2397 2290 547
f 2397 2396 2290
f 1707 1416 2402
f 2403 697 698
f 2404 2403 698
f 2405 803 805
f 2405 805 965
f 1221 1499 2410
f 1221 2410 1697
f 2411 1220 1597
f 1103 2411 1696
f 1696 2411 1597
f 2416 1209 130
f 131 2417 1165
f 132 2418 1169
f 897 2420 1136
f 1928 271 2423
f 1575 1922 2424
f 2427 917 918
f 2428 2427 918
f 916 915 2430
f 915 2429 2430
f 2433 1176 1177
f 2434 2433 1177
f 1175 1174 2436
f 1174 2435 2436
f 2437 2333 1183
f 2437 1835 2333
f 2439 816 560
f 2439 560 1705
f 2440 1125 912
f 1170 2440 912
f 1170 1387 2440
f 1655 1125 2440
f 1655 2440 1387
f 2146 2445 1184
f 2146 1598 2445
f 2450 562 1144
f 1524 562 2450
f 1143 2451 854
f 2013 2454 2014
f 2014 2454 2455
f 2387 2459 1753
f 2459 2387 2386
f 2458 2459 2386
f 30 2461 9
f 2462 31 9
f 1242 313 2463
f 1242 2463 1183
f 1109 852 2466
f 2466 852 1977
f 361 2470 2323
f 1406 1016 2471
f 2472 213 1407
f 1407 1406 2472
f 1406 2471 2472
f 2474 1409 1408
f 2473 2474 1408
f 2475 1410 1411
f 2476 2475 1411
f 2477 210 1412
f 1412 1413 2477
f 1413 1019 2478
f 1413 2478 2477
f 1204 1105 2479
f 1106 1207 2480
f 1106 2480 2067
f 2481 1060 1130
f 2003 2481 1130
f 2482 1061 1060
f 2481 2482 1060
f 1062 1063 2483
f 1062 2483 2005
f 1063 2484 2483
f 2007 2485 233
f 2486 2007 2008
f 2008 2186 2486
f 2485 2007 2486
f 1939 234 2488
f 2010 1939 2488
f 2010 2488 2009
f 2009 2488 2487
f 1161 2492 578
f 2239 2502 2501
f 1370 2506 270
f 2509 2069 2070
f 2509 2508 2069
f 2512 1425 2223
f 2064 1716 2516
f 1659 1684 2526
f 1659 2526 1912
f 156 2527 1911
f 247 2528 2072
f 2072 2528 1723
f 406 350 2532
f 9 884 2536
f 884 1616 2536
f 2537 883 9
f 1238 2538 1917
f 1239 2539 947
f 321 2540 657
f 657 2540 715
f 2540 321 1024
f 1024 715 2540
f 2238 2541 2073
f 602 2543 2457
f 2199 2550 1536
f 2182 2554 1340
f 2183 2555 1792
f 242 241 2559
f 241 2558 2559
f 2560 239 240
f 2561 2560 240
f 1616 2562 2536
f 2537 2089 2563
f 565 2565 110
f 727 370 2571
f 2572 1544 97
f 98 2573 97
f 97 2573 2572
f 100 2575 99
f 99 2575 2574
f 2032 859 2581
f 2032 2581 2031
f 2031 2581 2580
f 2582 2030 2029
f 2583 2030 2582
f 375 640 2584
f 2584 1497 220
f 640 1497 2584
f 2585 1498 374
f 2585 374 2381
f 2586 554 484
f 483 2587 783
f 1046 592 2592
f 1718 1046 2592
f 1718 2592 1351
f 2593 593 1717
f 2596 2207 2406
f 2596 2406 2407
f 2597 2596 2407
f 160 161 2598
f 161 2599 2598
f 2601 159 158
f 2600 2601 158
f 1905 2613 2336
f 2620 363 1462
f 1365 1657 2622
f 2631 57 56
f 2632 57 2631
f 2633 59 58
f 2634 698 59
f 2404 698 2634
f 2634 59 2633
f 2517 2635 1715
f 2449 2635 2517
f 1936 2638 2079
f 1278 2640 2119
f 1273 2643 2114
f 2645 2564 111
f 2479 2480 2646
f 2480 2647 2646
f 2651 1859 1476
f 2653 554 2586
f 1979 2134 2654
f 2330 1874 2655
f 1768 2658 622
f 2618 2658 1768
f 2354 2662 28
f 2663 1301 1300
f 947 2664 946
f 947 2539 2664
f 946 2664 2663
f 2664 1301 2663
f 2665 945 944
f 2666 1238 945
f 1303 2666 1302
f 2538 1238 2666
f 1303 2538 2666
f 2666 945 2665
f 1302 2666 2665
f 9 1772 2670
f 1772 2229 2670
f 2670 2537 9
f 2671 1771 9
f 2671 1890 1771
f 2536 2671 9
f 1139 2682 781
f 782 781 2683
f 782 2683 1142
f 781 2682 2683
f 1249 2684 1191
f 1190 2685 458
f 2685 1248 458
f 2685 1660 1248
f 1765 2686 2363
f 2694 759 760
f 2695 760 1456
f 2695 2694 760
f 266 2699 165
f 1713 2705 174
f 892 891 2707
f 891 2706 2707
f 2708 889 890
f 2708 2672 889
f 2709 2708 890
f 2386 1752 2710
f 2386 2710 2458
f 1052 1682 2712
f 2459 2713 1753
f 1105 2066 2722
f 2479 1105 2722
f 2722 2066 2495
f 2722 2495 2496
f 2480 2723 2067
f 2480 2479 2723
f 2479 2722 2723
f 2723 2722 2496
f 2724 113 394
f 404 2724 394
f 2724 625 113
f 112 2725 403
f 2728 2302 2303
f 2729 2728 2303
f 2300 184 2730
f 2301 2300 2731
f 2300 2730 2731
f 1817 2732 1442
f 2735 2569 323
f 965 805 2736
f 805 1268 2736
f 2736 1822 965
f 1268 1923 2736
f 2736 1923 1822
f 2738 2139 2370
f 1469 2739 471
f 1469 1470 2739
f 1470 2740 2739
f 473 2741 1373
f 2741 1471 1373
f 2742 1472 1471
f 2741 2742 1471
f 1668 875 2743
f 2744 1667 347
f 2759 799 2733
f 2761 706 9
f 705 2762 9
f 2762 2453 37
f 925 2764 1231
f 925 2091 2764
f 666 2766 12
f 666 665 2766
f 665 2765 2766
f 2767 663 664
f 2767 1014 663
f 2768 664 10
f 2768 2767 664
f 1364 2769 247
f 2216 2769 1364
f 2769 2528 247
f 2770 721 722
f 2771 722 10
f 2771 2770 722
f 724 2773 12
f 724 723 2773
f 723 2772 2773
f 853 2774 625
f 853 2450 2774
f 2450 1144 2774
f 2775 1143 854
f 845 2776 441
f 847 2776 845
f 10 15 2778
f 2779 3 12
f 121 2780 911
f 1104 2780 121
f 1696 1597 2782
f 1634 1696 2782
f 2783 1596 1635
f 2102 1596 2783
f 2783 1635 2227
f 1926 1312 2785
f 2785 1312 2209
f 2347 1926 2785
f 2786 1313 2348
f 2788 1958 1957
f 2787 2788 1957
f 1959 1960 2789
f 2790 1960 1920
f 1960 2790 2789
f 120 2792 463
f 2793 2093 119
f 444 2093 2793
f 2793 119 2144
f 461 2793 2144
f 1156 2796 1883
f 2798 2287 2288
f 2798 206 2623
f 207 206 2799
f 2799 2288 543
f 206 2798 2799
f 2799 2798 2288
f 2800 208 209
f 2800 2289 544
f 2290 2289 2801
f 2801 209 2630
f 2801 2800 209
f 2289 2800 2801
f 2802 2340 237
f 2357 2358 2802
f 2341 2803 11
f 2803 2341 2340
f 2803 2358 11
f 2802 2803 2340
f 2358 2803 2802
f 2338 2339 2804
f 2805 2339 13
f 2356 2805 13
f 2805 2356 2355
f 2339 2805 2804
f 2804 2805 2355
f 2810 1066 2307
f 1532 1533 2811
f 2812 1533 11
f 1533 2812 2811
f 2813 1534 386
f 13 1535 2814
f 2814 1535 1534
f 2813 2814 1534
f 2817 499 1134
f 1192 2821 86
f 1687 2821 1192
f 1687 1688 2821
f 1688 2822 2821
f 2824 1686 1685
f 2823 2824 1685
f 2733 799 2825
f 2826 2732 1817
f 2505 2831 9
f 2832 2504 9
f 1498 2834 639
f 906 667 2837
f 907 2838 10
f 907 906 2838
f 906 2837 2838
f 2839 904 905
f 12 2840 905
f 2840 2839 905
f 1537 2841 2200
f 2841 2551 2200
f 2550 2842 1536
f 227 228 2843
f 228 2844 2843
f 2846 226 225
f 2845 2846 225
f 2847 526 198
f 2847 527 526
f 101 2847 979
f 979 2847 198
f 102 2848 101
f 2848 201 200
f 2848 102 259
f 200 527 2848
f 201 2848 980
f 980 2848 259
f 101 2848 2847
f 2848 527 2847
f 1051 2849 2648
f 2648 2849 2649
f 2850 1051 1052
f 2850 2849 1051
f 2849 2850 2649
f 1783 2489 2854
f 34 1474 2855
f 34 2855 2807
f 2857 1403 2745
f 2502 2239 2858
f 2858 2810 2307
f 2859 2308 2309
f 2860 2859 2309
f 2310 2311 2861
f 2311 2063 2862
f 2311 2862 2861
f 2863 2089 2537
f 2670 2863 2537
f 2671 2864 1890
f 277 449 2866
f 2867 641 568
f 2158 2868 2273
f 2568 2869 2734
f 1736 432 2871
f 2322 2877 360
f 2467 2877 2322
f 361 360 2878
f 361 2878 2470
f 360 2877 2878
f 2882 777 2553
f 2353 2883 1629
f 2020 2884 1628
f 2657 2886 2617
f 2887 216 2606
f 2887 2606 2607
f 2888 2887 2607
f 2605 2604 2890
f 2604 2889 2890
f 2260 2261 2891
f 2892 92 91
f 2891 2892 91
f 2261 2892 2891
f 93 94 2893
f 2894 2263 2262
f 94 2894 2893
f 2893 2894 2262
f 2899 142 398
f 962 963 2903
f 962 2903 2253
f 2904 963 13
f 963 2904 2903
f 961 2906 11
f 2906 961 960
f 2905 2906 960
f 2908 1230 561
f 2908 561 1704
f 2910 1011 1613
f 2910 1613 2870
f 594 2915 629
f 629 2915 691
f 2917 23 596
f 1435 23 2917
f 597 2918 632
f 632 2918 694
f 1547 2920 827
f 1547 1554 2920
f 1737 2921 1867
f 448 447 2925
f 448 2925 2926
f 548 2927 397
f 63 1213 2929
f 2933 1276 1277
f 1277 2641 2934
f 2934 2933 1277
f 1278 1279 2935
f 1279 2936 2935
f 1273 1272 2938
f 1272 2937 2938
f 1274 2642 2939
f 2940 1275 1274
f 2939 2940 1274
f 2941 426 925
f 926 2942 815
f 2090 425 2942
f 926 2090 2942
f 2945 1359 1360
f 688 687 2946
f 687 2945 2946
f 2946 2945 1360
f 2947 685 686
f 1362 1361 2948
f 2948 2947 686
f 1361 2947 2948
f 1514 2950 1068
f 1511 2951 1073
f 2725 626 2954
f 2955 2724 404
f 1338 2966 413
f 2968 2583 2582
f 2969 860 2583
f 2969 2583 2968
f 2581 2971 2580
f 2580 2971 2970
f 2982 330 1322
f 2982 1322 1323
f 890 889 2983
f 889 2982 2983
f 2983 2982 1323
f 2984 332 891
f 2984 891 892
f 1325 1324 2985
f 2985 2984 892
f 1324 2984 2985
f 2986 172 2746
f 2747 2987 2270
f 2774 1144 2992
f 2993 2775 626
f 2994 2158 2273
f 2995 1489 390
f 2071 1489 2995
f 2996 606 718
f 1781 606 2996
f 717 2997 2029
f 2218 605 2997
f 717 2218 2997
f 2029 2997 2582
f 1398 466 2999
f 854 2451 3001
f 854 3001 2692
f 2692 3001 2570
f 3006 1835 9
f 9 1834 3007
f 3008 2718 2719
f 12 3009 2719
f 3009 3008 2719
f 2717 2716 3011
f 2716 3010 3011
f 3012 847 845
f 103 3012 1563
f 3012 845 1563
f 846 3013 105
f 846 2777 3013
f 2777 848 3013
f 2677 3015 1625
f 993 827 3016
f 993 3016 1770
f 570 3017 1769
f 3019 1418 2638
f 1123 334 3023
f 223 335 3024
f 1976 410 3025
f 265 3026 2535
f 266 3027 2699
f 27 1750 3029
f 1452 2173 3031
f 3035 2074 2196
f 3036 839 840
f 3036 1614 839
f 1263 1614 3036
f 3037 1615 1266
f 840 1833 3037
f 1833 1615 3037
f 3037 2957 2956
f 3037 3036 840
f 3036 3037 2956
f 274 3040 275
f 414 3040 274
f 3041 414 415
f 275 3041 1265
f 3041 415 1265
f 3040 3041 275
f 3041 3040 414
f 1118 3042 411
f 3044 94 93
f 3043 3044 93
f 91 92 3045
f 92 3046 3045
f 3047 1932 1931
f 3048 2164 1932
f 3048 1932 3047
f 1930 3050 1929
f 1929 3050 3049
f 2539 1239 3053
f 1919 2539 3053
f 3054 1920 1807
f 3055 1238 1917
f 3055 1917 1812
f 1918 1958 3056
f 1958 2788 3056
f 2650 1858 3058
f 2959 2958 3065
f 2958 3064 3065
f 3066 2960 2961
f 3067 3066 2961
f 1360 1359 3069
f 1359 3068 3069
f 3070 1361 1362
f 3071 3070 1362
f 190 191 3082
f 3083 1445 1444
f 191 3083 3082
f 3082 3083 1444
f 1446 1447 3084
f 3084 188 2326
f 3085 189 188
f 3084 3085 188
f 1447 3085 3084
f 3086 129 1483
f 288 3086 1483
f 3086 2166 129
f 728 2166 3086
f 128 3087 289
f 3094 400 2161
f 2161 1560 3094
f 1560 2313 3094
f 3095 1558 399
f 2315 1558 3095
f 2069 3096 2070
f 524 3097 637
f 2070 3097 524
f 2070 3096 3097
f 3098 1793 2629
f 3101 1796 2624
f 2447 714 3102
f 1636 3107 144
f 395 1866 3109
f 1966 34 3110
f 172 1966 3110
f 172 3110 2746
f 3110 34 2807
f 3111 35 173
f 2806 3111 2747
f 2856 35 3111
f 2806 2856 3111
f 3111 173 2987
f 2747 3111 2987
f 816 3112 560
f 3112 925 1231
f 560 3112 2907
f 3112 1231 2907
f 816 2941 3112
f 2941 925 3112
f 3113 926 815
f 1230 3113 561
f 561 3113 2438
f 3113 815 2438
f 2763 926 3113
f 1230 2763 3113
f 1931 3120 3047
f 2692 2570 3121
f 727 2571 3122
f 1717 1045 3123
f 2427 3128 917
f 2883 3132 2021
f 3059 2651 3132
f 1475 2650 3133
f 2884 3133 2354
f 1399 2669 3137
f 347 1952 3139
f 992 3142 1303
f 3142 2538 1303
f 3143 2539 1919
f 2664 3143 1301
f 2539 3143 2664
f 323 2569 3144
f 1075 3145 435
f 1076 817 3145
f 1076 3145 1075
f 818 3146 817
f 436 3146 1078
f 1078 3146 818
f 817 3146 3145
f 3148 2449 2517
f 2752 2449 3148
f 1488 3150 611
f 3152 1860 950
f 2407 2406 3153
f 2406 3152 3153
f 2566 2510 3156
f 1940 1055 3158
f 108 3159 109
f 3159 108 1035
f 109 3159 3160
f 1807 1806 3162
f 3162 3054 1807
f 1806 3161 3162
f 1808 1919 3163
f 1919 3053 3163
f 3164 1809 1808
f 3163 3164 1808
f 3165 1810 1811
f 1811 1918 3166
f 1918 3056 3166
f 3166 3165 1811
f 1812 1813 3167
f 3167 3055 1812
f 1813 3168 3167
f 2594 2931 3171
f 2022 2932 3172
f 3175 1 2
f 1 3175 2343
f 2343 3175 1097
f 3176 2 8
f 2346 3176 8
f 3176 3175 2
f 1103 3177 2411
f 1104 3178 2780
f 2786 2348 3179
f 1503 3181 1601
f 1503 2748 3181
f 3182 1502 590
f 1600 3182 590
f 1555 3184 972
f 3197 2590 786
f 2590 3197 2591
f 3198 108 109
f 3198 109 1036
f 3197 108 3198
f 2591 3197 3198
f 1530 1531 3199
f 1531 3200 3199
f 3202 1529 1528
f 3201 3202 1528
f 1421 1138 3204
f 3204 2232 1243
f 3207 968 897
f 3208 2929 1730
f 1731 3209 2037
f 367 2183 3210
f 2183 1792 3210
f 3211 1791 368
f 3213 966 967
f 3214 3213 967
f 284 1119 3215
f 3215 1119 964
f 531 1708 3215
f 3215 1708 1114
f 3141 531 3215
f 46 135 3216
f 3216 135 285
f 3216 931 530
f 965 46 3216
f 1134 931 3216
f 285 1857 3216
f 762 2214 3216
f 2214 1293 3216
f 2817 1134 3216
f 3216 1293 2817
f 3217 2164 3048
f 3217 2816 3074
f 2165 3218 1930
f 1930 3218 3050
f 3218 2815 3050
f 1961 3221 1251
f 3224 1562 1661
f 3226 1577 437
f 3226 1578 1577
f 3227 440 439
f 439 1578 3227
f 3227 1578 3226
f 2504 3228 362
f 3233 1770 1610
f 3233 1610 2264
f 3234 1083 1646
f 3234 1769 1083
f 3169 3235 96
f 1665 1310 3237
f 1309 1311 3238
f 2226 850 3240
f 1725 1864 3243
f 1725 3243 2973
f 986 3244 2974
f 3245 1404 485
f 1218 1404 3245
f 3245 485 2102
f 593 3248 1045
f 1243 2125 3248
f 3250 1657 1365
f 3251 929 930
f 3251 1853 929
f 3252 930 12
f 3252 3251 930
f 927 651 3253
f 651 1855 3253
f 928 3254 10
f 928 927 3254
f 10 3254 2614
f 927 3253 3254
f 792 599 3256
f 793 600 3261
f 3265 1065 1064
f 2207 3265 2406
f 2208 3266 2207
f 3266 2208 2597
f 2407 3266 2597
f 3266 1065 3265
f 2207 3266 3265
f 3268 735 365
f 2381 735 3268
f 3269 2505 134
f 1169 3270 1055
f 1425 3270 1169
f 3270 1425 2512
f 1055 3270 3158
f 3158 3270 2512
f 555 3271 2652
f 3002 3271 555
f 3272 2963 3003
f 2612 3273 1906
f 499 3282 1134
f 1134 3282 931
f 1284 1285 3283
f 1285 3284 3283
f 3285 1282 204
f 3286 1283 1282
f 3285 3286 1282
f 3287 1320 1321
f 3288 1321 2510
f 3288 3287 1321
f 1318 3030 3289
f 1319 1318 3290
f 1319 3290 2511
f 2511 3290 2567
f 1318 3289 3290
f 3291 314 315
f 314 3291 1971
f 1798 1797 3292
f 1798 3292 1974
f 3292 3291 315
f 1797 3291 3292
f 3293 1799 1800
f 1799 3293 1967
f 317 316 3294
f 317 3294 1970
f 316 3293 3294
f 3294 3293 1800
f 2134 3296 9
f 3296 2134 802
f 9 3296 2135
f 3297 3296 802
f 3302 1632 1633
f 3303 3302 1633
f 1631 3305 431
f 1631 1630 3305
f 1630 3304 3305
f 1228 3306 1229
f 1229 3307 58
f 58 3307 2633
f 1229 3306 3307
f 592 3247 3308
f 2529 1372 3309
f 3309 593 2593
f 3268 365 3314
f 945 3316 492
f 1238 3316 945
f 3316 1238 3055
f 3317 1239 494
f 2931 3318 2023
f 2932 3319 2595
f 2304 32 3321
f 3326 895 1112
f 3326 1112 1113
f 3327 3326 1113
f 1111 1110 3329
f 1110 3328 3329
f 2415 1739 3330
f 2421 3330 898
f 2415 3330 2421
f 1330 1331 3332
f 3333 1331 13
f 1331 3333 3332
f 3335 1329 1328
f 3334 3335 1328
f 3336 272 1927
f 773 3336 2422
f 2422 3336 1927
f 271 855 3337
f 271 3337 2423
f 3340 2966 1338
f 3341 575 3115
f 3342 284 3215
f 1297 2714 3345
f 3345 2714 2688
f 2660 3346 556
f 151 1225 3356
f 3357 151 2211
f 1064 1065 3359
f 3358 1064 3359
f 725 1468 3360
f 725 3360 1573
f 3361 726 1595
f 1574 3361 1595
f 1573 3362 855
f 1573 3360 3362
f 856 3363 1602
f 3363 1574 1602
f 2913 3363 856
f 2913 1093 3363
f 1760 3364 1609
f 1618 3364 1760
f 3364 1964 1609
f 1963 3365 1761
f 1963 2636 3365
f 64 3369 417
f 3370 1695 1149
f 1694 1790 3371
f 3371 1791 3211
f 3373 114 1950
f 3374 115 516
f 3375 1118 411
f 556 3383 1022
f 1022 3383 829
f 3383 2132 829
f 556 3346 3383
f 2133 3384 1023
f 2133 2603 3384
f 3385 661 662
f 3385 1047 661
f 1029 1028 3386
f 3386 3385 662
f 1028 3385 3386
f 3387 1026 1027
f 3387 1049 1026
f 660 659 3388
f 659 3387 3388
f 3388 3387 1027
f 256 1336 3389
f 257 256 3390
f 256 3389 3390
f 3391 254 255
f 3392 3391 255
f 283 3394 794
f 3394 283 2028
f 791 1992 3395
f 792 3396 281
f 281 3396 2026
f 3027 3397 2699
f 1461 2619 3398
f 2698 3398 265
f 3398 3026 265
f 3398 2619 3026
f 915 3403 2429
f 3403 3126 2429
f 3332 3403 915
f 3332 3333 3403
f 3404 3127 3126
f 3403 3404 3126
f 3333 3404 3403
f 3128 3405 917
f 3128 3129 3405
f 3406 3335 3334
f 3129 3406 3405
f 3405 3406 3334
f 3408 2047 1593
f 3409 1127 1128
f 3410 3409 1128
f 1711 582 3411
f 999 1711 3411
f 1000 999 3412
f 3412 2195 1000
f 999 3411 3412
f 381 583 3414
f 3414 583 1002
f 3414 1002 1001
f 3413 3414 1001
f 378 584 3415
f 3415 584 1003
f 3415 1003 1004
f 3416 3415 1004
f 1005 1006 3417
f 3417 2196 1005
f 1710 585 3418
f 1006 1710 3418
f 1006 3418 3417
f 3422 720 900
f 2965 720 3422
f 3422 900 3073
f 833 1627 3423
f 2120 3428 1279
f 3091 3428 2120
f 3091 3090 3428
f 3090 3427 3428
f 2113 3429 1272
f 3090 3429 2113
f 3429 3090 3091
f 3430 3429 3091
f 639 3431 2272
f 2834 3431 639
f 640 3432 1497
f 3432 812 2833
f 3432 2833 1497
f 2515 3433 3280
f 192 193 3435
f 193 3436 3435
f 2611 2610 3438
f 2610 3437 3438
f 3439 2608 2609
f 2609 3331 3440
f 3440 3439 2609
f 2893 2262 3443
f 3446 2036 2035
f 3445 3446 2035
f 2033 2034 3447
f 2034 3448 3447
f 1031 1030 3451
f 1030 3450 3451
f 3452 1032 1033
f 3453 3452 1033
f 305 3454 1240
f 3454 2282 1240
f 306 3455 307
f 2281 3455 306
f 3457 1593 363
f 3457 363 2620
f 3408 1593 3457
f 1378 1377 3459
f 126 2012 3459
f 3459 2012 1378
f 1377 3458 3459
f 2729 2303 3461
f 2704 529 3462
f 3462 3140 1801
f 3463 2705 1713
f 3139 1952 3463
f 2755 3465 2576
f 2755 2756 3465
f 3466 1289 1288
f 3465 3466 1288
f 2756 3466 3465
f 1290 1291 3467
f 1290 3467 2578
f 3468 2758 2757
f 1291 3468 3467
f 3467 3468 2757
f 3469 651 927
f 2520 2521 3469
f 652 3470 11
f 3470 652 651
f 11 3470 2521
f 3469 3470 651
f 2521 3470 3469
f 649 650 3471
f 3471 2518 2054
f 13 3472 650
f 2519 3472 13
f 3472 2519 2518
f 650 3472 3471
f 3471 3472 2518
f 3475 309 943
f 309 3475 1977
f 3482 2421 1135
f 3482 2415 2421
f 3483 2414 142
f 3483 142 2899
f 3331 2414 3483
f 2420 3331 3483
f 1747 1746 3485
f 1746 3484 3485
f 3486 1234 1748
f 3486 1748 1749
f 3487 3486 1749
f 1907 2349 3492
f 2690 3494 2691
f 1569 3495 673
f 2691 3495 1569
f 2691 3494 3495
f 1348 3496 128
f 128 3496 3087
f 3496 2167 3087
f 129 3497 1675
f 3497 1349 1675
f 2166 3497 129
f 1359 2945 3498
f 688 2946 3501
f 685 2947 3502
f 1362 2948 3505
f 1191 2684 3506
f 3190 3189 3511
f 3189 3510 3511
f 3513 3192 3191
f 3512 3513 3191
f 3514 3185 3186
f 3515 3514 3186
f 3187 3188 3516
f 3188 3517 3516
f 1327 1933 3518
f 3518 2071 460
f 1489 2071 3518
f 3434 1356 3518
f 3519 684 1889
f 139 1150 3523
f 1309 3524 1311
f 2284 3526 1731
f 1731 3526 3209
f 3526 2930 3209
f 2929 1213 3527
f 2929 3527 1730
f 3528 3035 2196
f 3528 2196 3417
f 2194 2075 3530
f 3530 3034 1451
f 2075 3034 3530
f 3531 2195 3412
f 3532 3408 3457
f 2258 3533 1845
f 1592 3407 3533
f 3456 1592 3533
f 3456 3533 2258
f 828 2919 3534
f 2919 1546 3534
f 3535 827 993
f 3535 1547 827
f 3536 2523 2522
f 2522 3489 3536
f 3537 3344 2523
f 3537 2523 3536
f 2525 3539 2524
f 2524 3539 3538
f 3496 3542 2167
f 3497 3543 1349
f 3548 741 742
f 195 194 3549
f 194 3548 3549
f 3549 3548 742
f 3550 196 197
f 744 743 3551
f 3551 3550 197
f 743 3550 3551
f 3554 1517 391
f 3556 1358 1643
f 3557 3367 2832
f 64 3558 3369
f 63 3559 1213
f 3322 1287 3560
f 3560 3323 3322
f 770 33 3561
f 770 3561 769
f 33 2305 3561
f 3561 2305 3323
f 769 3561 3560
f 3561 3323 3560
f 3562 772 771
f 3321 32 3563
f 3321 3563 3320
f 3563 772 3562
f 3320 3563 3562
f 3564 64 417
f 1212 64 3564
f 2930 1212 3564
f 3565 63 2929
f 3565 2929 3208
f 3368 63 3565
f 416 3368 3565
f 1882 1155 3566
f 1157 1884 3566
f 242 2559 3566
f 3566 2561 240
f 3566 2888 2607
f 3566 2605 2890
f 257 3390 3566
f 3566 3392 255
f 836 758 3567
f 1215 1283 3567
f 1285 1217 3567
f 3567 352 1529
f 1531 354 3567
f 2317 3567 756
f 2317 836 3567
f 3200 1531 3567
f 1529 3202 3567
f 3567 3284 1285
f 1283 3286 3567
f 933 89 3568
f 3568 89 1195
f 3568 357 1838
f 1954 702 3568
f 1838 1954 3568
f 3568 3327 1113
f 1747 3485 3568
f 3568 702 3566
f 1686 2824 3569
f 87 935 3570
f 1193 87 3570
f 3570 1840 359
f 700 1956 3570
f 1956 1840 3570
f 1111 3329 3570
f 3487 1749 3570
f 3566 3353 3570
f 2822 1688 3571
f 2777 3572 848
f 3523 3572 2777
f 367 3210 3573
f 3573 3210 3522
f 267 1733 3574
f 1670 3575 154
f 2410 3576 1104
f 1499 3576 2410
f 1499 2412 3576
f 3576 3178 1104
f 3577 1500 1220
f 2411 3577 1220
f 3177 3577 2411
f 3578 2425 114
f 2424 1922 3579
f 1101 3580 1468
f 1101 1624 3580
f 3581 1102 1780
f 1467 3581 1780
f 3115 575 3581
f 3115 3581 1467
f 3582 1864 1725
f 972 2702 3582
f 3582 2702 1864
f 1575 3585 1922
f 1495 2189 3585
f 26 3586 2703
f 2703 3586 971
f 3588 2208 2207
f 3588 2207 2596
f 2206 3589 2205
f 2205 3589 3588
f 3589 2208 3588
f 2869 1612 3590
f 2869 3590 2734
f 1612 2909 3590
f 2735 3591 2569
f 3591 2870 2569
f 3591 2910 2870
f 595 2916 3597
f 3599 2918 597
f 1045 3600 3123
f 3601 603 1046
f 3601 1046 1718
f 3124 3601 1718
f 3556 3603 1358
f 3534 1546 3604
f 3606 1492 2962
f 3606 2962 3271
f 3002 3606 3271
f 2963 3607 3003
f 3003 3607 3324
f 3608 2416 1166
f 3609 213 2472
f 2418 1208 3610
f 3610 210 2477
f 3611 2419 1168
f 2138 3612 2737
f 3092 3618 3595
f 3492 2349 3620
f 3493 3492 3621
f 3492 3620 3621
f 3622 3490 3491
f 3623 3622 3491
f 2239 2501 3630
f 2239 3630 2858
f 112 3632 2725
f 3632 626 2725
f 3632 2993 626
f 625 3633 113
f 625 2774 3633
f 2774 2992 3633
f 3634 2851 647
f 3635 2852 2490
f 3635 2490 2853
f 1027 984 3637
f 1996 660 3637
f 984 2391 3637
f 10 2717 3637
f 2717 3011 3637
f 3637 660 3388
f 3388 1027 3637
f 195 3549 3637
f 3637 3549 742
f 3638 1431 740
f 3638 159 2601
f 1029 3639 982
f 3639 662 1998
f 3639 2393 982
f 3386 662 3639
f 1029 3386 3639
f 3551 197 3639
f 3639 744 3551
f 3640 738 1433
f 3640 2599 161
f 3651 382 1645
f 3653 452 1172
f 1388 452 3653
f 451 3654 1224
f 3655 1388 3653
f 3655 3653 3546
f 451 3656 3654
f 3654 3656 3547
f 3511 3663 3190
f 3516 3664 3187
f 1928 2423 3667
f 3668 1994 2858
f 2858 3630 3668
f 3669 1182 1994
f 3668 3669 1994
f 3201 1528 3671
f 353 1530 3673
f 433 1117 3675
f 522 3676 635
f 3679 1603 271
f 3679 271 1928
f 272 856 3680
f 3680 1121 291
f 856 1602 3680
f 3680 1602 1121
f 1521 3683 870
f 2156 3683 1521
f 3683 2156 1756
f 3684 2157 868
f 86 3685 934
f 2821 3685 86
f 2821 2822 3685
f 3686 2822 3571
f 2822 3686 3685
f 88 3687 1194
f 3687 2823 1194
f 3688 2824 2823
f 2824 3688 3569
f 3687 3688 2823
f 3689 3690 392
f 3691 1338 615
f 3114 576 3691
f 576 3340 3691
f 3691 3340 1338
f 1339 2967 3692
f 2967 3341 3692
f 3692 3341 3115
f 22 1434 3693
f 3693 1434 2041
f 2915 22 3693
f 2915 3693 691
f 690 3694 628
f 2042 3694 690
f 3694 2916 628
f 3597 3694 2042
f 2916 3694 3597
f 695 3695 633
f 948 1435 3695
f 2039 3695 695
f 2039 948 3695
f 3695 2917 633
f 3695 1435 2917
f 2918 3696 694
f 2040 3696 3599
f 3599 3696 2918
f 3699 1314 426
f 3703 2075 2194
f 3703 2912 535
f 3704 2074 533
f 1081 796 3705
f 796 2121 3705
f 3706 2122 1080
f 1829 2122 3706
f 3706 1080 2901
f 3707 1889 1379
f 3707 1224 3519
f 1889 3707 3519
f 1572 2164 3708
f 2172 1572 3708
f 3031 2173 3709
f 3710 2165 2170
f 3218 2165 3710
f 302 3711 2171
f 1744 1604 3718
f 613 3720 1008
f 613 1815 3720
f 3721 993 1770
f 1082 3721 3233
f 3721 1770 3233
f 1083 3722 163
f 1769 3722 1083
f 3017 994 3722
f 1769 3017 3722
f 3723 2198 2306
f 3449 3723 2098
f 3449 2198 3723
f 1764 3724 3474
f 3725 3612 2138
f 3725 3641 3612
f 3726 3131 678
f 3726 3642 3131
f 2609 2608 3728
f 2609 3728 3331
f 2608 3727 3728
f 3729 2610 2611
f 3730 2611 3330
f 3730 3729 2611
f 1213 3731 3527
f 3527 3731 2283
f 3732 2431 1212
f 3732 1212 2930
f 3526 3732 2930
f 2185 3738 1948
f 3739 313 9
f 9 1835 3739
f 3739 1835 2437
f 313 3739 2463
f 312 3740 9
f 3740 1834 9
f 3740 2080 1834
f 3102 714 3741
f 3102 3741 1222
f 2229 3743 2670
f 3744 2993 3632
f 765 766 3754
f 3755 2034 2033
f 766 3755 3754
f 3754 3755 2033
f 2035 2036 3756
f 3757 764 763
f 3756 3757 763
f 2036 3757 3756
f 3340 3758 2966
f 3341 3759 575
f 3760 1571 959
f 1571 3760 1449
f 1449 3760 3528
f 3760 3035 3528
f 1451 3761 2172
f 3761 1572 2172
f 3761 3034 957
f 3034 3761 1451
f 1458 3762 277
f 3764 1192 1193
f 3764 1687 1192
f 3570 3765 1193
f 3765 3764 1193
f 1194 2823 3766
f 2823 1685 3766
f 1195 1194 3767
f 1195 3767 3568
f 1194 3766 3767
f 466 1941 3768
f 466 3768 2999
f 3769 465 1397
f 2998 3769 1397
f 3770 2865 2980
f 2866 449 3771
f 420 3772 607
f 420 1947 3772
f 1891 3774 1805
f 408 1601 3776
f 408 3776 2412
f 265 2535 3778
f 2759 3778 799
f 3779 1744 3718
f 3779 3718 3719
f 3780 3719 50
f 3780 3779 3719
f 1606 1742 3781
f 3716 1606 3781
f 3717 3782 51
f 3717 3716 3782
f 3716 3781 3782
f 3783 860 2969
f 859 3784 2581
f 2581 3784 2971
f 412 3791 1339
f 2209 3791 412
f 3791 2967 1339
f 2966 3792 413
f 3793 3012 103
f 3013 848 3794
f 3799 453 1114
f 453 3799 1563
f 1708 3799 1114
f 3800 366 3315
f 3801 3273 2612
f 2770 3802 721
f 3746 3802 2770
f 3746 3747 3802
f 3803 3747 11
f 3747 3803 3802
f 13 3749 3805
f 3805 3749 3748
f 3804 3805 3748
f 2891 91 3806
f 3043 93 3808
f 3810 84 1779
f 1102 85 3811
f 1780 3811 822
f 1780 1102 3811
f 1097 3812 1041
f 3175 3812 1097
f 3812 3175 3176
f 1100 3813 2346
f 3813 3176 2346
f 3813 3812 3176
f 1363 2237 3814
f 3814 3554 391
f 2237 3554 3814
f 3815 2711 2710
f 3815 2943 1824
f 1825 1518 3816
f 1825 3816 1824
f 1824 3816 3815
f 3816 2711 3815
f 2712 1682 3817
f 3817 2713 2712
f 1827 3818 1826
f 3818 2944 2713
f 1826 3818 3817
f 3818 2713 3817
f 2171 3711 3820
f 2172 3708 3825
f 3827 1334 254
f 3391 3827 254
f 3828 1335 1334
f 3567 1335 3828
f 3827 3828 1334
f 1336 1337 3829
f 1336 3829 3389
f 3567 3830 1337
f 1337 3830 3829
f 589 3832 67
f 3702 3833 2204
f 3836 266 165
f 2534 266 3836
f 3777 2534 3836
f 164 2698 3837
f 2698 265 3837
f 3837 265 3778
f 3837 3778 2759
f 3838 1173 1612
f 3838 1612 2869
f 3839 2060 2061
f 3840 3839 2061
f 2059 2058 3842
f 2058 3841 3842
f 2095 3844 2359
f 3845 3042 1118
f 2987 173 3846
f 3847 2986 2269
f 56 3848 2631
f 3848 697 2631
f 698 3849 59
f 698 697 3849
f 697 3848 3849
f 3850 940 327
f 3850 327 2548
f 3851 941 1943
f 96 3852 2689
f 3852 2715 2689
f 3235 3852 96
f 3519 2715 3852
f 3852 3235 3519
f 667 668 3853
f 667 3853 2837
f 3854 668 11
f 668 3854 3853
f 3855 669 904
f 2839 3855 904
f 13 670 3856
f 3856 670 669
f 3855 3856 669
f 3857 2191 2190
f 3858 2191 3857
f 3859 871 2192
f 2193 3860 2192
f 2192 3860 3859
f 1349 66 3861
f 1675 1349 3861
f 3861 66 2826
f 3862 65 1674
f 3701 1981 3863
f 3865 1138 1421
f 3865 3834 1138
f 3866 3227 3226
f 3867 2389 3227
f 3867 3227 3866
f 3868 879 106
f 1564 3869 104
f 878 3869 1564
f 1871 289 3871
f 819 1442 3872
f 1442 1389 3872
f 3872 1389 2533
f 819 3872 3624
f 3873 1390 820
f 2532 3873 3625
f 1536 2842 3875
f 1770 3876 1610
f 3016 571 3876
f 1770 3016 3876
f 3877 570 1769
f 1611 3877 3234
f 3877 1769 3234
f 568 3878 273
f 641 3878 568
f 3878 641 3518
f 3879 3042 3845
f 1839 3880 358
f 1837 3882 1953
f 3567 3883 3569
f 3884 2544 2545
f 1257 324 3885
f 324 2276 3885
f 3885 2276 899
f 3885 899 3072
f 3886 1258 2077
f 3886 2277 1258
f 3887 725 1594
f 3887 1779 725
f 821 3810 3887
f 3810 1779 3887
f 726 1467 3888
f 3888 1780 822
f 1467 1780 3888
f 144 3891 589
f 144 3107 3891
f 589 3891 3832
f 1380 3893 1168
f 1168 3893 2082
f 1172 2082 3893
f 1419 1420 3895
f 3894 1419 3895
f 3896 409 3022
f 410 409 3897
f 409 3896 3897
f 3898 853 625
f 3898 625 2724
f 2693 3898 2955
f 2955 3898 2724
f 3000 853 3898
f 2693 3000 3898
f 3899 854 2692
f 626 2775 3899
f 2775 854 3899
f 626 3899 2954
f 3118 3900 3547
f 3546 127 3901
f 3901 3670 711
f 3902 3875 995
f 1536 3875 3902
f 996 949 3903
f 996 3903 995
f 949 1434 3903
f 995 3903 3902
f 3904 998 997
f 3905 998 3904
f 2163 3907 399
f 2163 2162 3907
f 399 3907 2836
f 2162 3906 3907
f 3908 2160 2161
f 400 3909 2161
f 3909 3908 2161
f 2501 3910 3630
f 3630 3910 3668
f 3910 3669 3668
f 3911 1164 1165
f 1165 2417 3912
f 2472 2471 3912
f 2417 3609 3912
f 3912 3609 2472
f 3912 3911 1165
f 2471 3911 3912
f 1166 1167 3913
f 2473 212 3913
f 212 3608 3913
f 3913 3608 1166
f 3914 2474 2473
f 1167 3545 3914
f 1167 3914 3913
f 3913 3914 2473
f 1388 3915 452
f 3915 2475 2476
f 1388 3655 3915
f 3655 3546 3915
f 2082 452 3916
f 3916 1168 2082
f 2476 211 3916
f 211 3611 3916
f 3916 3611 1168
f 452 3915 3916
f 3916 3915 2476
f 1169 3917 451
f 1169 2418 3917
f 2477 2478 3917
f 2418 3610 3917
f 3917 3610 2477
f 451 3917 3656
f 3656 3918 3547
f 2478 3918 3917
f 3917 3918 3656
f 783 2587 3921
f 3922 784 3104
f 3923 1461 3398
f 3923 3398 2698
f 3889 1461 3923
f 2620 1462 3924
f 3397 2620 3924
f 194 3925 3548
f 3930 2788 2787
f 3056 2788 3930
f 3929 3930 2787
f 2789 3931 1879
f 2789 2790 3931
f 3932 2790 1920
f 1920 3054 3932
f 2790 3932 3931
f 3603 3935 1358
f 1357 3936 3555
f 3936 1437 3602
f 3936 3602 3555
f 3937 287 1525
f 563 3937 1525
f 286 3938 562
f 3939 3128 2427
f 3940 3129 3128
f 3939 3940 3128
f 3126 3127 3941
f 3127 3942 3941
f 3943 322 2963
f 3144 322 3943
f 3943 2963 3272
f 24 90 3945
f 24 3945 658
f 3945 716 658
f 3945 90 1025
f 716 3945 1025
f 1980 2135 3946
f 2135 3296 3946
f 3946 3296 3297
f 2714 3947 2688
f 3947 2714 3518
f 3236 3947 3518
f 3948 514 1563
f 3949 3138 1054
f 3950 3221 1961
f 3950 3137 3221
f 3095 399 3953
f 2835 400 3954
f 3957 165 2284
f 3836 165 3957
f 3811 85 3960
f 3961 3810 821
f 1325 2985 3966
f 2983 3967 890
f 3967 2983 1323
f 987 883 3968
f 883 2537 3968
f 3968 2537 2563
f 1020 1622 3969
f 3972 1776 1775
f 3972 1775 1847
f 3973 1833 840
f 1833 3973 1832
f 3973 1776 3972
f 1832 3973 3972
f 66 1459 3974
f 3974 2362 798
f 1459 2362 3974
f 3974 798 2732
f 66 3974 2826
f 2826 3974 2732
f 3975 2361 65
f 799 3975 2825
f 3975 65 3862
f 2825 3975 3862
f 3976 2715 3519
f 2994 2273 3977
f 3977 1836 3425
f 3977 3238 3518
f 3978 1707 2402
f 2402 2274 3978
f 2512 2223 3978
f 1940 3158 3978
f 3978 3158 2512
f 3979 3521 3520
f 3980 1209 3521
f 3980 3521 3979
f 912 1125 3981
f 1025 3981 1655
f 3981 1125 1655
f 54 1038 3982
f 3982 1038 704
f 37 2453 3982
f 610 914 3983
f 3298 3299 3984
f 3299 3985 3984
f 3986 3300 2497
f 3987 3301 3300
f 3986 3987 3300
f 155 1669 3989
f 2230 3989 296
f 2447 3990 714
f 1953 3992 701
f 3882 3992 1953
f 3882 3883 3992
f 3993 3883 3567
f 3883 3993 3992
f 1955 3994 1839
f 3994 3880 1839
f 3567 3881 3995
f 3995 3881 3880
f 3994 3995 3880
f 697 2403 3996
f 3996 2403 1567
f 2631 697 3996
f 3996 2632 2631
f 1568 3997 1567
f 3997 2690 2632
f 1568 3494 3997
f 3494 2690 3997
f 1567 3997 3996
f 3997 2632 3996
f 3998 2634 2633
f 3998 2691 1569
f 1570 3999 1569
f 3999 2404 2634
f 1569 3999 3998
f 3999 2634 3998
f 4004 1861 3358
f 4005 3358 3359
f 4004 3358 4005
f 2259 4006 3027
f 4006 2620 3397
f 3027 4006 3397
f 4006 3457 2620
f 2259 3532 4006
f 3532 3457 4006
f 2619 364 4007
f 2619 4007 3026
f 364 3456 4007
f 4007 3456 2258
f 2567 4008 3318
f 4009 2247 2566
f 3509 4009 3319
f 4009 3509 3658
f 1678 1677 4011
f 1678 4011 3513
f 3513 4011 3192
f 1677 4010 4011
f 4012 1679 1680
f 1679 4012 3514
f 3514 4012 3185
f 4013 4012 1680
f 4015 2234 1391
f 2807 2855 4016
f 4016 3618 3092
f 3619 1281 4017
f 48 47 4019
f 48 4019 674
f 674 4019 1570
f 47 4018 4019
f 1450 2171 4021
f 4021 2171 3820
f 3820 3819 4021
f 3819 4020 4021
f 3710 2170 4022
f 3821 3710 4022
f 4023 1347 3822
f 4023 3822 3821
f 4022 4023 3821
f 4024 1344 3823
f 4024 3823 3824
f 3709 2173 4025
f 3824 3709 4025
f 4025 4024 3824
f 1451 2172 4026
f 4026 2172 3825
f 3825 3826 4026
f 3826 4027 4026
f 729 730 4030
f 1393 729 4030
f 730 4031 4030
f 2081 372 4034
f 3461 373 4035
f 4042 602 2457
f 2544 602 4042
f 2545 2544 4042
f 4043 1227 1039
f 3935 1436 4043
f 4044 3936 1357
f 2794 2795 4045
f 4046 1217 1216
f 1217 4046 3567
f 3567 4046 2795
f 4045 4046 1216
f 2795 4046 4045
f 1214 1215 4047
f 4047 2796 1156
f 4048 2797 2796
f 3567 4048 1215
f 2797 4048 3567
f 1215 4048 4047
f 4047 4048 2796
f 11 2442 4050
f 4050 2442 2441
f 4049 4050 2441
f 2443 4051 1984
f 2443 2444 4051
f 13 4052 2444
f 2444 4052 4051
f 230 1767 4053
f 4053 1727 2554
f 306 307 4055
f 623 4055 1946
f 4057 2905 2255
f 11 2906 4058
f 4058 2906 2905
f 4057 4058 2905
f 2903 2904 4059
f 4060 2904 13
f 2904 4060 4059
f 2958 4063 3064
f 3339 3682 4065
f 3328 893 4068
f 4068 3486 3487
f 3329 3328 4069
f 3570 3329 4069
f 4069 3487 3570
f 3328 4068 4069
f 4069 4068 3487
f 4070 3326 3327
f 3484 1232 4070
f 3485 3484 4071
f 4071 3327 3568
f 3485 4071 3568
f 4071 4070 3327
f 3484 4070 4071
f 2974 4072 1137
f 3244 1724 4072
f 2974 3244 4072
f 4072 1724 3835
f 1137 4072 3864
f 4072 3835 3864
f 4073 1725 2973
f 3834 4073 1138
f 1617 4074 825
f 2278 4075 826
f 2702 4076 1864
f 4076 27 3029
f 3587 27 4076
f 2702 3587 4076
f 1751 26 4077
f 4077 26 2703
f 3028 1751 4077
f 3028 4077 1865
f 1865 4077 3583
f 4077 2703 3583
f 4078 733 734
f 4079 4078 734
f 4080 446 1184
f 1271 312 4080
f 1271 4080 1184
f 2536 2562 4081
f 2536 4081 2671
f 4081 2864 2671
f 1196 1385 4082
f 1197 1196 4083
f 1196 4082 4083
f 4085 1199 1198
f 4084 4085 1198
f 4086 1200 1201
f 4087 4086 1201
f 1202 1203 4088
f 1203 1384 4089
f 1203 4089 4088
f 1305 1304 4091
f 1304 4090 4091
f 2092 4092 445
f 404 394 4094
f 1703 404 4094
f 1703 4094 2880
f 52 393 4095
f 4095 393 1702
f 686 685 4097
f 685 4096 4097
f 4098 687 688
f 4099 4098 688
f 4105 1580 1581
f 4104 1580 4105
f 4106 1861 1860
f 1860 3152 4106
f 3152 2406 4106
f 3265 1064 4106
f 2406 3265 4106
f 3358 4107 1064
f 1861 4107 3358
f 1064 4107 4106
f 4106 4107 1861
f 4108 1863 1862
f 4108 1065 3266
f 4108 3359 1065
f 1862 4005 4108
f 4005 3359 4108
f 1863 4109 3153
f 3153 4109 2407
f 4109 3266 2407
f 4109 1863 4108
f 3266 4109 4108
f 709 710 4114
f 710 4115 4114
f 4117 708 707
f 4116 4117 707
f 4118 3014 1624
f 4118 3156 3014
f 4119 3155 2594
f 4121 1966 172
f 2438 815 4121
f 861 862 4122
f 861 4122 3659
f 862 4123 4122
f 4125 864 863
f 4124 4125 863
f 1042 4126 1098
f 1183 4126 1042
f 1448 987 4126
f 2563 2089 4126
f 2089 2863 4126
f 4126 3269 134
f 987 3968 4126
f 4126 3968 2563
f 988 18 4127
f 4127 1616 988
f 2562 1616 4127
f 1890 2864 4127
f 362 3228 4127
f 4127 3557 1184
f 3367 3557 4127
f 4081 2562 4127
f 4127 2864 4081
f 4128 2252 2462
f 1270 116 4129
f 4129 2064 2516
f 3239 2972 4129
f 116 3449 4129
f 3449 2098 4129
f 3148 2517 4130
f 3240 850 4130
f 4130 3203 3240
f 1764 3474 4130
f 3474 3203 4130
f 3241 750 4131
f 4131 3242 3241
f 849 2225 4132
f 4132 2225 3242
f 4132 3242 4131
f 264 4133 2053
f 4133 1892 2053
f 4138 641 2867
f 3281 4138 2867
f 3434 4138 3281
f 641 4138 3518
f 3518 4138 3434
f 1912 4139 944
f 2526 157 4139
f 1912 2526 4139
f 944 4139 2665
f 946 4140 493
f 4140 156 1911
f 4140 1911 493
f 968 4142 897
f 897 4142 2420
f 4142 3331 2420
f 3331 4142 3440
f 898 4143 3206
f 4143 969 3206
f 3330 4143 898
f 3330 2611 4143
f 2611 3438 4143
f 4144 938 1058
f 2827 2828 4144
f 4145 939 938
f 4144 4145 938
f 2828 4145 4144
f 936 937 4146
f 4146 2829 550
f 4147 2830 2829
f 937 4147 4146
f 4146 4147 2829
f 1223 3742 4148
f 3742 3103 4148
f 1223 4148 3762
f 4149 3102 1222
f 2831 2505 4150
f 4150 2505 3269
f 3366 2831 4150
f 4150 3269 4126
f 3366 4150 4126
f 2489 4151 3634
f 4151 2851 3634
f 2490 4152 1784
f 2852 4152 2490
f 4153 2388 2389
f 4153 3866 2388
f 2496 2495 4154
f 4154 2389 3867
f 2496 4154 3867
f 4154 4153 2389
f 2495 4153 4154
f 142 4155 398
f 398 4155 549
f 4155 2928 549
f 4156 141 2900
f 397 4156 2900
f 2927 4156 397
f 2454 4157 2455
f 2186 4157 2486
f 2187 2009 4158
f 4158 2186 2187
f 2009 2487 4158
f 4158 2487 2455
f 4157 2186 4158
f 2455 4157 4158
f 2661 4160 2353
f 4161 3235 3169
f 3235 4161 3519
f 4165 1225 151
f 3357 4165 151
f 1225 4166 3356
f 4168 740 739
f 740 4168 3638
f 4167 4168 739
f 737 738 4169
f 737 4169 3649
f 4170 738 3640
f 738 4170 4169
f 3534 3604 4171
f 4171 3604 3834
f 4171 3834 3865
f 4065 3682 4173
f 4174 4066 1281
f 804 514 4175
f 806 804 4175
f 964 806 4175
f 2101 2224 4176
f 3425 2101 4176
f 4176 2224 3977
f 3425 4176 3977
f 4177 2051 1740
f 4178 2052 2051
f 4177 4178 2051
f 2049 2050 4179
f 2050 4180 4179
f 1328 1329 4181
f 4181 2384 250
f 4182 1329 11
f 2385 4182 11
f 4182 2385 2384
f 1329 4182 4181
f 4181 4182 2384
f 2382 2383 4183
f 13 1331 4184
f 4184 1331 1330
f 13 4184 2383
f 4183 4184 1330
f 2383 4184 4183
f 310 4186 3173
f 517 4187 1464
f 4188 3021 517
f 4189 1244 1371
f 2124 1244 4189
f 4189 1371 2530
f 3247 2124 4189
f 3308 4189 2530
f 3247 4189 3308
f 4190 3248 593
f 4190 1243 3248
f 3309 4190 593
f 1372 4190 3309
f 3214 967 4194
f 3215 964 4195
f 1584 765 4200
f 1479 1584 4200
f 1480 1479 4201
f 1479 4200 4201
f 4202 763 1477
f 4202 1477 1478
f 3756 763 4202
f 4203 4202 1478
f 772 4205 771
f 771 4205 4204
f 4206 770 769
f 4207 770 4206
f 2268 3879 4209
f 4209 3879 3845
f 3553 3552 4213
f 3553 4213 3736
f 3552 4212 4213
f 4215 2591 787
f 4215 2590 2591
f 4215 4214 2590
f 4218 832 477
f 2285 1218 4219
f 4219 1218 3245
f 1405 1219 4220
f 3246 4220 310
f 3246 1405 4220
f 310 4220 4186
f 450 4221 276
f 1288 1289 4226
f 4227 4117 4116
f 1289 4227 4226
f 4226 4227 4116
f 4114 4115 4228
f 4229 1291 1290
f 4228 4229 1290
f 4115 4229 4228
f 2980 2865 4232
f 4233 2981 566
f 4234 1915 428
f 427 4235 4204
f 4204 4235 771
f 3339 4238 3682
f 269 1369 4239
f 3338 4239 751
f 212 4240 3608
f 3783 4240 212
f 3784 4241 2971
f 4242 877 876
f 877 4243 3956
f 4243 877 4242
f 562 4244 1144
f 562 3938 4244
f 4245 563 2451
f 1143 4245 2451
f 3203 4246 3240
f 3240 4246 3212
f 3700 4247 1333
f 3699 4248 1314
f 4249 533 532
f 532 1299 4249
f 4250 3704 533
f 2911 3704 4250
f 4250 533 4249
f 535 4252 534
f 535 2912 4252
f 2912 2924 4252
f 534 4252 4251
f 1785 1786 4253
f 4254 1786 11
f 1786 4254 4253
f 4255 1787 2219
f 13 1788 4256
f 4256 1788 1787
f 4255 4256 1787
f 1636 4258 3107
f 4260 2682 1139
f 2683 2682 4261
f 2682 4260 4261
f 297 2231 4262
f 2083 4263 1729
f 3547 3900 4264
f 3900 4230 4264
f 1655 1548 4265
f 1327 4266 127
f 3518 4266 1327
f 3670 4266 3518
f 127 4266 3901
f 4266 3670 3901
f 4267 2392 2393
f 160 2598 4267
f 4267 2598 2392
f 3639 4268 2393
f 4268 4267 2393
f 2391 2390 4270
f 3637 2391 4270
f 2390 4269 4270
f 2852 4273 4152
f 4274 3937 563
f 4274 1619 3937
f 4245 4274 563
f 4037 4274 4245
f 4275 1620 4036
f 3938 4275 4244
f 4129 4276 1270
f 2972 4276 4129
f 4277 3831 68
f 4277 477 3831
f 4218 477 4277
f 4279 3277 843
f 4280 3278 3277
f 4279 4280 3277
f 3275 3276 4281
f 3276 4282 4281
f 4283 1679 3514
f 4283 3514 3515
f 3515 3665 4284
f 4083 4082 4284
f 4284 4283 3515
f 4082 4283 4284
f 3516 3517 4285
f 4013 1680 4286
f 3517 4013 4286
f 4286 1680 4085
f 4286 4085 4084
f 3517 4286 4285
f 4285 4286 4084
f 4010 1677 4287
f 3510 4010 4287
f 4287 1677 4086
f 4287 4086 4087
f 3511 3510 4288
f 3510 4287 4288
f 4288 4287 4087
f 3512 3662 4289
f 4088 4089 4289
f 4290 1678 3513
f 4290 3513 3512
f 4289 4290 3512
f 4089 4290 4289
f 4296 675 676
f 4297 4296 676
f 4298 4149 3763
f 4148 3103 4299
f 4300 2680 2681
f 935 934 4301
f 935 4301 3570
f 4301 2681 3639
f 3570 4301 3639
f 934 4300 4301
f 4301 4300 2681
f 4302 932 933
f 2679 2678 4303
f 4303 933 3568
f 3568 2679 4303
f 4303 4302 933
f 2678 4302 4303
f 2400 2401 4304
f 4305 2401 11
f 2401 4305 4304
f 13 2399 4307
f 4307 2399 2398
f 4306 4307 2398
f 515 3373 4308
f 1949 3374 4309
f 4311 44 511
f 3277 3278 4311
f 4312 45 44
f 4311 4312 44
f 3278 4312 4311
f 42 43 4313
f 4313 3275 841
f 4314 3276 3275
f 43 4314 4313
f 4313 4314 3275
f 2970 4315 2580
f 1782 2369 4316
f 2899 398 4317
f 548 397 4318
f 2467 4319 2877
f 3116 4319 2467
f 4319 3116 3117
f 2878 4320 2470
f 2878 2877 4320
f 2877 4319 4320
f 4320 4319 3117
f 4321 962 2253
f 4321 2253 2254
f 4322 2254 12
f 3715 4322 12
f 3715 3714 4322
f 4322 4321 2254
f 3714 4321 4322
f 2905 960 4323
f 2255 2905 4323
f 4323 960 3712
f 4323 3712 3713
f 2256 4324 10
f 2256 2255 4324
f 4324 3713 10
f 2255 4323 4324
f 4324 4323 3713
f 3098 4325 1793
f 3868 4325 3098
f 3869 4326 104
f 4327 2875 2876
f 325 2277 4328
f 2876 325 4328
f 4328 720 2965
f 4328 4327 2876
f 2873 1261 4329
f 4330 2276 324
f 324 2874 4330
f 2874 2873 4330
f 2964 719 4330
f 2873 4329 4330
f 3667 2423 4332
f 4332 4273 2852
f 4333 2549 777
f 4333 777 2882
f 4335 2714 1297
f 3518 2714 4335
f 4337 3773 608
f 4337 1148 3773
f 4338 1594 1603
f 1122 4338 3679
f 4338 1603 3679
f 1574 1595 4339
f 1602 4339 1121
f 1602 1574 4339
f 4341 1307 1492
f 4341 1492 3606
f 4342 807 808
f 4343 4342 808
f 809 479 4344
f 810 809 4345
f 809 4344 4345
f 4346 2919 828
f 822 3811 4346
f 4346 3960 2919
f 3811 3960 4346
f 4347 3961 821
f 2900 141 4350
f 141 3482 4350
f 4350 3482 1135
f 1136 2420 4351
f 2420 3483 4351
f 4351 3483 2899
f 2162 4352 3906
f 2160 4354 1559
f 1453 759 4356
f 4356 1454 1453
f 759 2694 4356
f 4356 2694 2975
f 4357 2126 1454
f 2976 4357 2975
f 4357 1454 4356
f 2975 4357 4356
f 4358 1456 1455
f 4358 2127 2977
f 4359 2695 1456
f 2978 4359 2977
f 4359 1456 4358
f 2977 4359 4358
f 497 4360 388
f 4360 1532 388
f 4304 4360 497
f 4304 4305 4360
f 1533 4361 11
f 4361 1533 1532
f 11 4361 4305
f 4360 4361 1532
f 4305 4361 4360
f 1534 4362 495
f 1534 1535 4362
f 4363 1535 13
f 4307 4363 13
f 4363 4307 4306
f 1535 4363 4362
f 4362 4363 4306
f 4364 3204 1243
f 1421 3204 4364
f 4364 1243 4190
f 1372 4364 4190
f 1244 4365 1371
f 1244 2233 4365
f 2233 3205 4365
f 1978 2426 4366
f 4368 3184 1555
f 4368 3171 3184
f 970 4369 475
f 970 3636 4369
f 2588 2330 4371
f 4371 2330 2655
f 4371 2655 2886
f 1873 2331 4372
f 2656 1873 4372
f 4373 1825 1824
f 4373 3896 3022
f 334 222 4374
f 4374 222 1825
f 3023 334 4374
f 3023 4374 3022
f 4374 1825 4373
f 3022 4374 4373
f 1519 223 4375
f 1826 1519 4375
f 4375 1827 1826
f 4375 223 3024
f 3025 410 4376
f 3025 4376 3024
f 410 3897 4376
f 4376 3897 1827
f 4376 1827 4375
f 3024 4376 4375
f 3697 3174 4377
f 1877 3929 4379
f 3929 2787 4379
f 1878 1877 4380
f 1877 4379 4380
f 4381 1879 1880
f 4381 2789 1879
f 1959 2789 4381
f 4382 4381 1880
f 1525 287 4388
f 4390 3251 3252
f 4391 12 2615
f 4391 3252 12
f 4330 4329 4391
f 4391 4390 3252
f 4329 4390 4391
f 3253 1855 4392
f 4392 4327 4328
f 3254 4393 2614
f 3254 3253 4393
f 3253 4392 4393
f 4393 4392 4328
f 388 1532 4394
f 1532 2811 4394
f 4394 2811 3787
f 4394 3787 3788
f 4395 10 389
f 389 388 4395
f 4395 3788 10
f 388 4394 4395
f 4395 4394 3788
f 4396 386 387
f 4396 2813 386
f 4397 387 12
f 3786 4397 12
f 3786 3785 4397
f 4397 4396 387
f 3785 4396 4397
f 3662 4398 4289
f 4289 4398 4088
f 3663 4399 2352
f 4399 3663 3511
f 4288 4399 3511
f 4400 3664 3516
f 4285 4400 3516
f 4401 3665 2350
f 3665 4401 4284
f 4284 4401 4083
f 3018 4403 1307
f 505 4405 2291
f 116 1270 4407
f 2306 2198 4407
f 116 4407 3449
f 4407 2198 3449
f 1270 4276 4407
f 3203 4408 4246
f 1732 4409 268
f 2825 3862 4409
f 1675 3861 4410
f 3731 4411 2283
f 3731 2432 4411
f 4411 164 3958
f 2283 4411 3958
f 165 4412 2284
f 165 2699 4412
f 2284 4412 3526
f 4412 3732 3526
f 3149 4417 1487
f 1994 1182 4419
f 1994 4419 2858
f 4420 1182 3240
f 3464 4420 3240
f 1182 4420 4419
f 3045 3046 4421
f 3046 4422 4421
f 4424 3044 3043
f 4423 4424 3043
f 2305 4425 3323
f 2304 4426 2640
f 4427 219 1437
f 3871 219 4427
f 4427 1437 3936
f 4044 4427 3936
f 2296 218 4428
f 1436 2296 4428
f 4043 4428 1227
f 1436 4428 4043
f 4431 2437 1183
f 1183 2463 4431
f 4431 3739 2437
f 2463 3739 4431
f 4432 1246 1247
f 1831 1830 4433
f 4433 4432 1247
f 1830 4432 4433
f 4434 1172 3518
f 4434 3653 1172
f 4435 1903 1904
f 261 260 4436
f 260 4435 4436
f 4436 4435 1904
f 4437 262 263
f 1902 1901 4438
f 4438 4437 263
f 1901 4437 4438
f 3843 4439 4208
f 3239 4441 4199
f 4199 4441 4440
f 2362 4442 798
f 798 4442 2760
f 4442 3777 2760
f 3778 4443 799
f 3778 2535 4443
f 799 4443 3975
f 4443 2361 3975
f 2164 3217 4444
f 4444 3217 3074
f 3708 2164 4444
f 4445 3709 3824
f 3076 2815 4446
f 2815 3218 4446
f 4446 3218 3710
f 4446 3710 3821
f 3077 4447 302
f 4447 3711 302
f 2073 2541 4448
f 4449 2497 2498
f 4449 3986 2497
f 3230 3229 4450
f 4450 4449 2498
f 3229 4449 4450
f 4451 3231 3232
f 2499 3298 4451
f 4451 3984 3231
f 3298 3984 4451
f 2500 2499 4452
f 4452 3232 4100
f 2499 4451 4452
f 4452 4451 3232
f 4453 1118 3375
f 1117 4454 3675
f 4196 4195 4455
f 2644 221 4457
f 2550 4457 2842
f 2584 220 4458
f 4459 2427 2428
f 4459 3939 2427
f 41 40 4460
f 40 4459 4460
f 4460 4459 2428
f 4461 38 39
f 2429 3126 4461
f 4461 3941 38
f 3126 3941 4461
f 2430 2429 4462
f 4462 4461 39
f 2429 4461 4462
f 481 482 4463
f 4463 2827 552
f 4464 2828 2827
f 482 4464 4463
f 4463 4464 2827
f 4465 479 809
f 2829 2830 4465
f 4466 480 479
f 4465 4466 479
f 2830 4466 4465
f 4467 2744 347
f 1340 4467 4383
f 348 1668 4468
f 4468 2743 1341
f 1668 2743 4468
f 348 4468 4384
f 4469 251 10
f 10 888 4469
f 4469 2004 1131
f 1131 2059 4469
f 2428 918 4469
f 2059 3842 4469
f 41 4460 4469
f 4469 4460 2428
f 228 654 4470
f 4470 887 11
f 887 4470 469
f 11 1329 4470
f 1061 2482 4470
f 4470 2844 228
f 2263 2894 4470
f 1329 3335 4470
f 4470 3406 3129
f 4470 3335 3406
f 3129 3940 4470
f 4471 886 12
f 468 886 4471
f 1133 2006 4471
f 4471 2061 1133
f 916 2430 4471
f 3840 2061 4471
f 4462 39 4471
f 4471 2430 4462
f 656 226 4472
f 13 885 4472
f 2484 1063 4472
f 4472 226 2846
f 2892 2261 4472
f 4472 3333 13
f 4472 3127 3404
f 4472 3404 3333
f 3942 3127 4472
f 1184 2080 4473
f 4473 2080 3740
f 1390 4475 1443
f 4476 1372 2529
f 1371 4365 4477
f 4478 1716 2306
f 1716 4478 2516
f 2516 4478 2448
f 4479 4199 4440
f 78 923 4480
f 923 170 4480
f 4480 170 2314
f 4480 2314 2315
f 79 78 4481
f 2315 3095 4481
f 78 4480 4481
f 4481 4480 2315
f 4482 80 81
f 4482 168 80
f 2313 2312 4483
f 4483 4482 81
f 2312 4482 4483
f 4484 2763 1230
f 4484 4236 2763
f 4485 2687 2364
f 4485 4237 2687
f 2247 2246 4487
f 2247 4487 2566
f 2246 4486 4487
f 4488 303 2244
f 4488 2244 2245
f 4489 2245 4008
f 4008 2567 4489
f 4489 4488 2245
f 1643 1358 4490
f 4490 4092 2092
f 4093 1040 4491
f 672 4492 1568
f 3263 4492 672
f 4492 3494 1568
f 3494 4492 3495
f 4493 3263 3264
f 3495 4493 673
f 4492 3263 4493
f 3495 4492 4493
f 2780 4494 911
f 4494 67 3614
f 910 4495 122
f 4495 68 2781
f 4495 2781 122
f 3615 4495 910
f 368 2182 4496
f 2182 1340 4496
f 4496 1340 4383
f 4496 4383 2408
f 4497 1341 367
f 4468 1341 4497
f 4384 4468 4497
f 3869 878 4500
f 1585 4501 766
f 4501 3755 766
f 2999 3768 4503
f 3937 4504 287
f 1619 4504 3937
f 4505 2808 1620
f 4505 1620 4275
f 3938 4505 4275
f 1921 1576 4506
f 2425 1921 4506
f 4506 1576 4174
f 4507 2424 115
f 4507 1575 2424
f 920 3104 4508
f 4509 919 2213
f 303 304 4510
f 303 4510 2244
f 4511 862 861
f 304 4414 4511
f 304 4511 4510
f 4510 4511 861
f 863 864 4512
f 863 4512 2246
f 4512 301 4486
f 2246 4512 4486
f 4513 302 301
f 4512 4513 301
f 864 4513 4512
f 1905 4514 2613
f 4514 1642 3274
f 4514 3274 2613
f 4491 1642 4514
f 1906 4515 120
f 3273 4515 1906
f 2632 4516 57
f 2690 4516 2632
f 4516 3306 57
f 3306 4516 3307
f 4517 2690 2691
f 3307 4517 2633
f 2633 4517 3998
f 4517 2691 3998
f 4516 2690 4517
f 3307 4516 4517
f 1080 797 4518
f 4519 1081 2902
f 2201 4520 1754
f 4522 2354 28
f 1628 2884 4522
f 2884 2354 4522
f 4522 28 4033
f 4523 2353 1629
f 29 2661 4523
f 2661 2353 4523
f 1702 403 4525
f 4525 2296 1436
f 1619 4526 4504
f 4526 2809 4504
f 2808 4527 1620
f 780 4530 279
f 4530 2271 279
f 4530 2880 2271
f 2272 4531 779
f 2552 2881 4532
f 2942 425 4534
f 4535 2941 816
f 470 468 4538
f 1842 1641 4538
f 4538 1639 1844
f 372 2081 4538
f 4538 2081 373
f 2731 4538 2301
f 4538 2959 3065
f 3067 2961 4538
f 3460 372 4538
f 3460 4538 2731
f 4538 373 3461
f 3461 2303 4538
f 261 4436 4538
f 4436 1904 4538
f 4538 4438 263
f 1902 4438 4538
f 4539 185 177
f 179 187 4539
f 467 469 4539
f 1850 708 4539
f 1852 4539 710
f 3083 191 4539
f 4539 1445 3083
f 4539 189 3085
f 3085 1447 4539
f 4539 4115 710
f 4539 708 4117
f 4227 1289 4539
f 4117 4227 4539
f 1291 4229 4539
f 4539 4229 4115
f 3278 4280 4539
f 4282 3276 4539
f 4539 45 4312
f 4312 3278 4539
f 4314 43 4539
f 4539 3276 4314
f 888 470 4540
f 810 4345 4540
f 4469 888 4540
f 4540 3809 4469
f 4540 470 4538
f 937 1722 4541
f 2894 94 4541
f 4541 94 3044
f 4541 3468 1291
f 4541 2758 3468
f 4147 937 4541
f 4541 2830 4147
f 3044 4424 4541
f 480 4466 4541
f 4466 2830 4541
f 4470 4541 469
f 4470 2894 4541
f 4539 469 4541
f 4541 1291 4539
f 4343 808 4542
f 4542 468 4471
f 4471 3442 4542
f 4538 468 4542
f 467 4543 885
f 1720 939 4543
f 92 2892 4543
f 3046 92 4543
f 1289 3466 4543
f 4543 3466 2756
f 939 4145 4543
f 4543 4145 2828
f 4543 4422 3046
f 4464 482 4543
f 2828 4464 4543
f 4543 4472 885
f 4543 2892 4472
f 4543 467 4539
f 4539 1289 4543
f 2281 4545 3455
f 1537 2200 4546
f 23 1435 4547
f 1597 2103 4550
f 4550 2103 1885
f 2782 1597 4550
f 4551 2102 2783
f 813 609 4552
f 114 4553 1950
f 114 2425 4553
f 2425 4506 4553
f 4554 115 3374
f 1949 4554 3374
f 4554 4507 115
f 4173 4507 4554
f 2943 4556 1824
f 4556 2943 2944
f 1824 4556 4373
f 4556 3896 4373
f 1827 4557 3818
f 4557 2944 3818
f 3897 4557 1827
f 3897 3896 4557
f 4557 4556 2944
f 3896 4556 4557
f 3334 1328 4558
f 4183 1330 4560
f 4562 2062 2063
f 4562 966 4191
f 967 966 4563
f 4563 2063 2311
f 966 4562 4563
f 4563 4562 2063
f 4564 3845 1118
f 4195 964 4564
f 4564 4209 3845
f 4453 4564 1118
f 4455 4195 4564
f 4453 4455 4564
f 4565 965 4198
f 965 4565 4208
f 4454 1117 4565
f 4456 4565 4198
f 4456 4454 4565
f 2264 1610 4566
f 2169 291 4567
f 1681 4568 1682
f 4568 1681 2711
f 1518 4568 3816
f 3816 4568 2711
f 4569 1518 1519
f 4569 1519 1826
f 1682 4569 3817
f 3817 4569 1826
f 4568 1518 4569
f 1682 4568 4569
f 4570 2032 2031
f 2996 718 4570
f 2031 2996 4570
f 4571 2032 4570
f 4572 717 2029
f 2030 1993 4573
f 2030 4573 2029
f 2029 4573 4572
f 4504 4574 287
f 4504 2809 4574
f 286 4575 3938
f 4575 4505 3938
f 2914 1094 4577
f 2106 4578 1198
f 77 1472 4581
f 2109 4581 1201
f 4581 1472 2742
f 3697 4377 4583
f 140 1149 4584
f 1149 2248 4584
f 4584 3524 1309
f 4584 2248 3524
f 4585 2249 139
f 4586 232 4537
f 1665 4587 1310
f 4536 4587 1665
f 845 441 4588
f 1482 36 4588
f 1563 845 4588
f 4588 36 1892
f 2268 1482 4588
f 411 3042 4588
f 4588 3375 411
f 4588 3879 2268
f 3042 3879 4588
f 4588 3948 1563
f 4588 441 4129
f 4129 3279 4588
f 1892 4133 4588
f 4589 1268 803
f 4589 851 1481
f 1504 801 4589
f 1116 1504 4589
f 4589 878 1564
f 1891 851 4589
f 1923 1268 4589
f 3282 499 4589
f 4589 433 3675
f 3774 1891 4589
f 4589 60 4130
f 4589 1564 4225
f 4589 801 4231
f 1481 4439 4589
f 4439 3843 4589
f 4590 442 1565
f 4590 4132 4131
f 1566 4591 1565
f 4591 849 4132
f 1565 4591 4590
f 4591 4132 4590
f 3824 3823 4593
f 3075 4445 4593
f 4593 4445 3824
f 3823 4592 4593
f 3825 3708 4594
f 3708 4444 4594
f 4595 3826 3825
f 686 4097 4595
f 4595 4097 3826
f 4594 4595 3825
f 4596 3819 3820
f 687 4098 4596
f 4596 4098 3819
f 3820 3711 4597
f 3711 4447 4597
f 4597 4596 3820
f 3821 3822 4598
f 3076 4446 4598
f 4598 4446 3821
f 3822 4599 4598
f 1859 4600 1476
f 4600 2500 4452
f 4100 4600 4452
f 4601 2498 1858
f 1475 4601 2650
f 4601 1858 2650
f 4101 4601 1475
f 4601 4101 3230
f 4450 2498 4601
f 3230 4450 4601
f 1079 4602 565
f 565 4602 2565
f 4603 2751 1079
f 4604 693 694
f 4605 2040 3186
f 3186 3185 4605
f 694 3696 4605
f 3696 2040 4605
f 4605 4604 694
f 3185 4604 4605
f 695 696 4606
f 4606 2039 695
f 4607 3188 3187
f 696 4607 4606
f 4606 4607 3187
f 4608 3189 3190
f 690 689 4609
f 4609 2042 690
f 689 4608 4609
f 4609 4608 3190
f 4610 2041 3191
f 3191 3192 4610
f 691 3693 4610
f 3693 2041 4610
f 4611 692 691
f 4610 4611 691
f 3192 4611 4610
f 2264 4566 4612
f 2169 4567 4613
f 3616 4614 3617
f 3617 4614 4615
f 4616 4488 4489
f 3290 4617 2567
f 3290 3289 4617
f 2567 4617 4489
f 3289 4616 4617
f 4617 4616 4489
f 4618 3287 3288
f 4486 301 4618
f 2566 4619 2510
f 4619 3288 2510
f 4487 4619 2566
f 4487 4486 4619
f 4619 4618 3288
f 4486 4618 4619
f 4620 1658 717
f 2527 1658 4620
f 1911 2527 4620
f 4620 717 4572
f 4621 1912 491
f 4621 1659 1912
f 718 2217 4621
f 2217 1659 4621
f 4040 487 4622
f 4041 4040 4623
f 4041 4623 4540
f 4040 4622 4623
f 4624 4038 4039
f 4625 4039 4542
f 4625 4624 4039
f 4628 550 551
f 1056 936 4628
f 4628 4146 550
f 936 4146 4628
f 1057 1056 4629
f 4629 551 4540
f 1057 4629 4540
f 4629 4628 551
f 1056 4628 4629
f 4630 1058 1059
f 552 2827 4630
f 4630 4144 1058
f 2827 4144 4630
f 553 552 4631
f 553 4631 4542
f 4542 4631 1059
f 552 4630 4631
f 4631 4630 1059
f 417 4632 2618
f 2618 4632 2658
f 4632 2885 2658
f 417 3369 4632
f 2886 4633 2617
f 2886 2655 4633
f 345 977 4634
f 4385 2667 4635
f 55 706 4636
f 706 2761 4636
f 4636 2761 2452
f 55 4636 3983
f 4636 2452 3983
f 392 4645 2503
f 2503 4645 2531
f 3690 4645 392
f 1617 4648 4074
f 1618 4649 3364
f 2459 2458 4651
f 2458 4650 4651
f 4577 4652 4103
f 4654 417 2618
f 3564 417 4654
f 4633 416 4655
f 2617 4633 4655
f 1276 4656 2117
f 4656 3427 2117
f 1279 4657 2936
f 3428 4657 1279
f 3428 3427 4657
f 3427 4656 4657
f 1272 4658 2937
f 3429 4658 1272
f 4658 3429 3430
f 1275 4659 2116
f 4659 3430 2116
f 4659 4658 3430
f 4661 168 4482
f 2312 4661 4482
f 4662 4 169
f 4662 169 168
f 4661 4662 168
f 170 171 4663
f 170 4663 2314
f 2314 4663 1557
f 4664 171 14
f 171 4664 4663
f 4665 2897 2898
f 2681 2680 4666
f 3639 2681 4666
f 4666 2898 3639
f 2680 4665 4666
f 4666 4665 2898
f 4667 2678 2679
f 2895 2990 4667
f 2896 2895 4668
f 4668 2679 3568
f 2896 4668 3637
f 3637 4668 3568
f 4668 4667 2679
f 2895 4667 4668
f 1323 1322 4670
f 4670 3967 1323
f 1322 4669 4670
f 4671 456 1324
f 4671 1324 1325
f 1957 456 4671
f 4672 1325 3966
f 4672 4671 1325
f 4673 753 754
f 4674 754 1188
f 4674 4673 754
f 4589 3971 4675
f 1391 2234 4677
f 3451 3450 4680
f 3450 4679 4680
f 4681 3452 3453
f 4682 4681 3453
f 4683 369 3170
f 3236 4683 3170
f 369 4683 3518
f 3518 4683 3236
f 4684 3933 4130
f 2554 4685 1340
f 2554 1727 4685
f 1340 4685 4467
f 4685 2744 4467
f 1341 4686 2183
f 4686 2555 2183
f 2743 4686 1341
f 2149 4687 2150
f 4689 2646 2647
f 676 675 4690
f 4690 2647 2480
f 675 4689 4690
f 4690 4689 2647
f 2109 2108 4692
f 2108 4691 4692
f 2110 4580 4693
f 4694 2111 2110
f 4693 4694 2110
f 4695 2104 2105
f 2105 4579 4696
f 4696 4695 2105
f 2106 2107 4697
f 2107 4698 4697
f 4700 1342 1343
f 4700 1343 2154
f 4700 4699 1342
f 1094 615 4701
f 1094 4701 4577
f 4577 4701 4652
f 4702 1093 2913
f 4576 4702 2913
f 4707 511 512
f 843 3277 4707
f 4707 4311 511
f 3277 4311 4707
f 844 843 4708
f 4708 512 4538
f 4538 844 4708
f 4708 4707 512
f 843 4707 4708
f 509 42 4709
f 4709 841 842
f 42 4313 4709
f 4709 4313 841
f 510 509 4710
f 510 4710 4538
f 4710 842 4538
f 509 4709 4710
f 4710 4709 842
f 4712 4185 3174
f 1069 4713 1515
f 4713 2949 1515
f 4713 3343 2949
f 1068 4714 545
f 2950 4714 1068
f 4180 2050 4714
f 2950 4180 4714
f 1073 4715 542
f 2951 4715 1073
f 1072 4716 1510
f 4716 2952 1510
f 841 3275 4717
f 3275 4281 4717
f 842 841 4718
f 4538 842 4718
f 841 4717 4718
f 4719 843 844
f 4719 4279 843
f 4720 844 4538
f 4720 4719 844
f 1888 4727 1381
f 4727 51 2149
f 4728 50 1887
f 2148 4728 1382
f 4729 852 1109
f 1672 4729 1109
f 1672 1163 4729
f 1977 852 4729
f 4729 1163 1977
f 1047 4730 661
f 1047 1048 4730
f 661 4730 1997
f 4730 1432 1997
f 4731 1433 1432
f 4731 1048 3640
f 3640 1433 4731
f 1048 4731 4730
f 4730 4731 1432
f 1430 4732 659
f 1430 1431 4732
f 659 4732 3387
f 4732 1049 3387
f 4733 1050 1049
f 1050 4733 3638
f 3638 4733 1431
f 4732 4733 1049
f 1431 4733 4732
f 1224 4734 3519
f 1224 3654 4734
f 3800 4735 366
f 3801 4736 3273
f 4737 1486 1814
f 4737 2819 1486
f 623 1946 4739
f 4740 2783 2227
f 4740 2227 3477
f 4551 2783 4740
f 2228 1634 4741
f 1634 2782 4741
f 1007 4742 3982
f 4742 4552 3982
f 3983 914 4743
f 4743 3959 3983
f 3460 2727 4745
f 612 3149 4748
f 3149 1487 4748
f 4749 1488 611
f 4749 611 4747
f 4104 4750 4001
f 4751 4104 4105
f 4751 4750 4104
f 3271 4752 2652
f 3271 2962 4752
f 2962 3944 4752
f 2653 4753 554
f 4753 3272 554
f 4753 3943 3272
f 4754 1423 1660
f 4754 1660 2685
f 4755 434 901
f 4755 1424 434
f 511 44 4756
f 4756 1588 1589
f 512 511 4757
f 512 4757 4538
f 4757 1589 4540
f 4538 4757 4540
f 511 4756 4757
f 4757 4756 1589
f 4758 509 510
f 1590 1849 4758
f 1591 1590 4759
f 4538 4759 510
f 4538 1591 4759
f 4759 4758 510
f 1590 4758 4759
f 832 4760 477
f 4760 908 3348
f 4761 909 831
f 3349 4761 478
f 478 4761 4217
f 4761 831 4217
f 2347 2785 4762
f 3180 2347 4762
f 2210 2786 4763
f 4763 2786 3179
f 4763 3179 4726
f 4765 1993 793
f 3393 4765 793
f 3317 4765 3393
f 1993 4765 4573
f 3316 4766 492
f 1992 4766 3395
f 3433 107 4767
f 3280 3433 4767
f 2900 4350 4768
f 1136 4351 4769
f 1871 3871 4770
f 1226 4770 4044
f 4770 3871 4427
f 4770 4427 4044
f 1227 4771 418
f 218 3870 4771
f 4428 218 4771
f 4428 4771 1227
f 2258 1845 4773
f 743 4774 3550
f 4703 4774 743
f 4703 4704 4774
f 13 4775 3640
f 4775 4704 3640
f 4704 4775 4774
f 3638 4777 11
f 3638 4706 4777
f 4777 4706 4705
f 4776 4777 4705
f 4382 1880 4778
f 4778 3967 4670
f 1878 4380 4779
f 4780 4040 4041
f 4781 4041 4540
f 4781 4780 4041
f 4038 489 4782
f 4039 4038 4783
f 4039 4783 4542
f 4038 4782 4783
f 1562 4784 586
f 1398 2999 4784
f 1561 4785 3225
f 4502 2998 4785
f 867 245 4786
f 4786 868 867
f 4787 3684 868
f 4549 4787 4548
f 4787 868 4786
f 4548 4787 4786
f 4546 2200 4788
f 4788 4547 4546
f 870 4789 869
f 4789 23 4547
f 869 4789 4788
f 4789 4547 4788
f 4790 4100 1653
f 1476 4600 4790
f 4600 4100 4790
f 4791 4101 1475
f 3344 4792 2523
f 2951 4792 4715
f 4792 3344 4715
f 3343 4793 2949
f 3120 4794 3047
f 3120 4309 4794
f 428 4795 3049
f 3049 4795 1929
f 4795 3119 1929
f 4796 809 810
f 550 2829 4796
f 4796 4465 809
f 2829 4465 4796
f 551 550 4797
f 551 4797 4540
f 4540 4797 810
f 550 4796 4797
f 4797 4796 810
f 4798 552 553
f 807 481 4798
f 481 4463 4798
f 4798 4463 552
f 808 807 4799
f 4799 553 4542
f 4542 808 4799
f 4799 4798 553
f 807 4798 4799
f 1151 4801 52
f 3592 4802 3593
f 3593 4802 4803
f 837 755 4804
f 4804 755 2087
f 4804 2087 2088
f 4805 4804 2088
f 2086 2085 4807
f 2085 4806 4807
f 4808 1438 2001
f 4122 4123 4808
f 4809 1439 1438
f 4808 4809 1438
f 4123 4809 4808
f 1440 1441 4810
f 4810 4124 3657
f 1441 2643 4811
f 2643 4125 4811
f 4811 4125 4124
f 1441 4811 4810
f 4810 4811 4124
f 1184 4813 1183
f 4163 4813 1184
f 4163 4812 4813
f 2556 4814 2557
f 4819 1907 3492
f 4819 3492 3493
f 4820 4819 3493
f 2351 1909 4821
f 3490 2351 4821
f 3491 3490 4822
f 3490 4821 4822
f 1897 4823 1843
f 1897 1898 4823
f 4824 1898 4539
f 1898 4824 4823
f 1841 4825 1640
f 4825 1899 1640
f 4826 1900 1899
f 1900 4826 4539
f 4825 4826 1899
f 460 4827 3518
f 1857 4828 3216
f 1857 4675 4828
f 4675 3971 4828
f 2024 4829 3215
f 3215 4829 3342
f 4829 4676 3342
f 2140 684 4830
f 2223 2140 4830
f 4830 684 3519
f 2223 4830 3978
f 3978 4830 3519
f 4831 3797 3401
f 3829 3830 4831
f 3798 4832 3567
f 4832 3798 3797
f 4832 3830 3567
f 4831 4832 3797
f 3830 4832 4831
f 3795 3796 4833
f 4833 3827 3391
f 4834 3796 3567
f 3828 4834 3567
f 4834 3828 3827
f 3796 4834 4833
f 4833 4834 3827
f 4835 1949 4309
f 4835 4309 3120
f 3373 1950 4836
f 4836 1950 3594
f 4308 3373 4836
f 3356 4166 4837
f 3959 4840 3983
f 1915 4841 428
f 428 4841 4795
f 427 4842 4235
f 4842 1916 4235
f 4843 4000 4001
f 2925 4845 2926
f 3616 4845 1394
f 2926 4846 1395
f 4846 3616 3617
f 2926 4845 4846
f 4845 3616 4846
f 540 2287 4847
f 4847 2623 2624
f 2287 2798 4847
f 4847 2798 2623
f 541 540 4848
f 2624 1796 4848
f 540 4847 4848
f 4848 4847 2624
f 2625 2626 4849
f 4850 543 542
f 2626 207 4850
f 207 2799 4850
f 4850 2799 543
f 4849 4850 542
f 2626 4850 4849
f 4851 544 545
f 2627 208 4851
f 208 2800 4851
f 4851 2800 544
f 2628 2627 4852
f 4852 4851 545
f 2627 4851 4852
f 546 547 4853
f 2629 1793 4853
f 547 2290 4854
f 4854 2630 2629
f 2290 2801 4854
f 4854 2801 2630
f 547 4854 4853
f 4853 4854 2629
f 4855 3716 3717
f 4856 4855 3717
f 3718 1604 4857
f 3719 4858 10
f 3719 3718 4858
f 3718 4857 4858
f 2998 1397 4859
f 4785 2998 4859
f 4785 4859 3225
f 985 1398 4860
f 3224 4860 1562
f 4860 1398 4784
f 4860 4784 1562
f 3039 2701 4862
f 4862 3920 4801
f 3890 4864 2100
f 1936 2079 4865
f 2372 118 4867
f 3239 749 4867
f 3977 3863 4867
f 4867 2531 4645
f 4645 3690 4867
f 95 1269 4868
f 3240 1182 4868
f 4868 2226 3240
f 1182 3669 4868
f 3910 2501 4868
f 4868 3669 3910
f 3979 3237 4869
f 4869 3980 3979
f 3242 4870 3241
f 3241 4870 4869
f 4870 3980 4869
f 750 4871 4131
f 4871 442 4590
f 4131 4871 4590
f 4872 749 3239
f 441 4872 4129
f 4129 4872 3239
f 4162 4873 443
f 4589 3426 4873
f 4873 4162 4589
f 4874 3948 4588
f 4257 4874 4588
f 4877 863 2246
f 4877 2246 2247
f 4124 863 4877
f 3657 4124 4877
f 3658 3657 4878
f 4878 2247 4009
f 3658 4878 4009
f 4878 4877 2247
f 3657 4877 4878
f 4879 861 3659
f 4879 3659 3660
f 4510 861 4879
f 2244 4510 4879
f 2245 2244 4880
f 4880 3660 3508
f 2245 4880 4008
f 4008 4880 3508
f 2244 4879 4880
f 4880 4879 3660
f 3982 4881 1007
f 4882 4243 4242
f 4243 4883 730
f 4883 4243 4882
f 4884 3250 1365
f 3324 3250 4884
f 1366 1656 4885
f 1366 4885 3222
f 1656 3249 4885
f 1662 1561 4886
f 2124 4886 1244
f 1662 4886 2124
f 4886 2233 1244
f 1561 3225 4886
f 4886 3225 2233
f 2232 4887 2125
f 4887 3224 1661
f 4888 2872 3108
f 4889 4160 2661
f 4889 2871 4160
f 4890 806 964
f 4890 1211 806
f 1823 4890 964
f 1924 1211 4890
f 1823 1924 4890
f 3662 4891 4398
f 4893 1016 1017
f 1016 4893 2471
f 2471 4893 3911
f 4894 1017 1409
f 2474 4894 1409
f 4894 4893 1017
f 568 273 4895
f 4895 390 581
f 1364 247 4895
f 581 1364 4895
f 4895 1018 1410
f 4895 247 2072
f 2072 1723 4895
f 1723 2456 4895
f 2475 4895 1410
f 2867 568 4895
f 2995 390 4895
f 4895 3281 2867
f 1019 1018 4896
f 4896 2267 569
f 1019 4896 2478
f 3814 391 4896
f 1363 3814 4896
f 2478 4896 3918
f 4042 2457 4896
f 2545 4042 4896
f 4896 4448 1363
f 2073 4448 4896
f 4896 3280 4767
f 1018 4895 4896
f 4896 4895 2545
f 1981 61 4897
f 4897 61 2372
f 3863 1981 4897
f 4867 4897 2372
f 3863 4897 4867
f 232 4898 4537
f 4537 4898 2738
f 232 4738 4898
f 4899 231 4587
f 4536 4899 4587
f 4900 2281 1241
f 2282 4544 4901
f 3014 4902 2676
f 3156 2510 4902
f 3156 4902 3014
f 3015 4903 4119
f 4903 3155 4119
f 1365 2622 4904
f 3744 4904 2993
f 2667 3701 4906
f 4906 3701 3863
f 4906 3863 3977
f 4635 2667 4906
f 4635 4906 3977
f 1444 1445 4907
f 1444 4907 1901
f 1901 4907 4437
f 4908 1445 4539
f 1445 4908 4907
f 4910 1447 1446
f 1447 4910 4539
f 4909 4910 1446
f 409 1975 4913
f 4913 1975 1185
f 3022 409 4913
f 4913 3023 3022
f 1186 4914 1185
f 1990 1123 4914
f 1186 1990 4914
f 4914 1123 3023
f 1185 4914 4913
f 4914 3023 4913
f 335 1124 4915
f 4915 1124 1187
f 3024 335 4915
f 4915 3025 3024
f 1188 4916 1187
f 4916 1976 3025
f 1187 4916 4915
f 4916 3025 4915
f 2945 687 4917
f 3498 2945 4917
f 4917 687 4596
f 4917 4596 4597
f 4918 3077 3499
f 3499 3498 4918
f 4447 3077 4918
f 4597 4447 4918
f 3498 4917 4918
f 4918 4917 4597
f 4919 3076 4598
f 4598 4599 4919
f 4920 688 3501
f 4920 3501 3500
f 4099 688 4920
f 4599 4099 4920
f 4919 4920 3500
f 4599 4920 4919
f 4921 685 3502
f 4921 3502 3503
f 4096 685 4921
f 4592 4096 4921
f 4922 3075 4593
f 4593 4592 4922
f 4922 4921 3503
f 4592 4921 4922
f 4923 3074 3504
f 3504 3505 4923
f 4444 3074 4923
f 4594 4444 4923
f 2948 686 4924
f 3505 2948 4924
f 4924 686 4595
f 4924 4595 4594
f 3505 4924 4923
f 4923 4924 4594
f 4925 2020 1628
f 1629 2883 4926
f 2883 2021 4926
f 4926 3742 1223
f 4926 2021 3742
f 4928 326 2549
f 4928 3072 326
f 2603 2547 4929
f 4929 3347 557
f 3384 4929 557
f 2603 4929 3384
f 4930 2602 2132
f 3383 4930 2132
f 3346 4930 3383
f 4931 2553 2514
f 2882 2553 4931
f 4533 2882 4931
f 4932 2552 4532
f 4933 1 5
f 4933 4296 4297
f 2 1 4934
f 1 4933 4934
f 4934 4933 4297
f 2699 3397 4935
f 4935 2431 3732
f 4935 3924 2431
f 3397 3924 4935
f 2699 4935 4412
f 4412 4935 3732
f 4936 2698 164
f 4936 3923 2698
f 4411 4936 164
f 2432 4936 4411
f 4937 713 3103
f 2021 4937 3742
f 3742 4937 3103
f 714 4938 3741
f 4938 2020 4925
f 3741 4938 4925
f 965 443 4939
f 4939 2405 965
f 443 4873 4939
f 4873 3426 4939
f 514 3948 4940
f 4175 514 4940
f 4175 4940 964
f 3948 4874 4940
f 1514 1513 4942
f 1513 4941 4942
f 1515 2949 4943
f 4944 1516 1515
f 1175 2436 4944
f 4944 2436 1516
f 4943 4944 1515
f 4945 1509 1510
f 1176 2433 4945
f 4945 2433 1509
f 1510 2952 4946
f 4946 4945 1510
f 1511 1512 4947
f 1512 4948 4947
f 2126 4949 2127
f 4949 2126 4357
f 2976 4949 4357
f 2127 4950 2977
f 2127 4949 4950
f 4952 2752 3148
f 4130 2557 4952
f 3148 4130 4952
f 2557 4814 4952
f 4814 2752 4952
f 1653 4953 3991
f 3206 969 4954
f 3206 4954 3990
f 3141 4955 531
f 4957 1774 1773
f 4956 4957 1773
f 4958 1814 614
f 1815 1485 4958
f 3720 4958 614
f 1815 4958 3720
f 1485 4737 4958
f 4958 4737 1814
f 4959 615 1094
f 4959 3691 615
f 3114 3691 4959
f 616 1339 4960
f 1339 3692 4960
f 3157 4961 3977
f 1776 4964 1775
f 4964 1776 1848
f 1775 4964 4963
f 1225 4965 4166
f 903 4966 1253
f 4967 902 1158
f 1255 4967 1158
f 391 1517 4968
f 1517 3154 4968
f 4896 391 4968
f 4969 3130 677
f 4647 2364 4969
f 4970 4646 1684
f 2871 432 4971
f 2871 4971 4160
f 3058 4972 4159
f 4972 2872 4888
f 4159 4972 4888
f 4974 920 2212
f 873 2460 4974
f 4975 873 2784
f 919 3105 4975
f 4978 347 3139
f 4978 3139 1802
f 4467 347 4978
f 4383 4467 4978
f 1951 348 4979
f 3140 1951 4979
f 4979 348 4384
f 4979 4384 2409
f 4169 4170 4980
f 4981 4170 3640
f 3640 4704 4981
f 4981 4704 4703
f 4170 4981 4980
f 4980 4981 4703
f 4982 4167 3647
f 4705 4706 4982
f 4168 4983 3638
f 4983 4168 4167
f 3638 4983 4706
f 4982 4983 4167
f 4706 4983 4982
f 1184 446 4984
f 4984 2146 1184
f 4984 1598 2146
f 430 4985 823
f 2212 4985 430
f 2212 920 4985
f 920 4508 4985
f 4986 4509 2213
f 270 4987 1495
f 4987 1426 1495
f 2506 4987 270
f 269 4988 1369
f 1427 4988 269
f 4988 2507 1369
f 2613 3274 4989
f 3274 3800 4989
f 4989 3800 3315
f 4990 2612 2334
f 3314 365 4990
f 365 3801 4990
f 4990 3801 2612
f 1553 4991 964
f 1553 1482 4991
f 1482 2268 4991
f 4991 2268 4209
f 964 4991 4564
f 4991 4209 4564
f 3789 4992 1034
f 4992 3789 3790
f 2465 4993 1037
f 2465 2464 4993
f 2464 4992 4993
f 4993 4992 3790
f 4417 4994 1487
f 4417 4768 4994
f 1488 4995 3150
f 4995 4418 3150
f 4529 1368 4995
f 4529 4995 1488
f 1252 5000 1962
f 5000 1493 3220
f 5000 3220 1962
f 1251 5001 1829
f 3221 5001 1251
f 5002 1943 832
f 3851 1943 5002
f 5002 832 4218
f 604 2136 5004
f 5004 1463 3134
f 5005 603 3601
f 1464 4187 5005
f 5006 84 3810
f 3961 5006 3810
f 4367 3172 5006
f 4367 5006 3961
f 85 5007 3960
f 5008 212 2473
f 1408 5008 2473
f 5008 3783 212
f 860 3783 5008
f 213 5009 1407
f 210 5010 1412
f 210 4241 5010
f 4241 3784 5010
f 281 1651 5011
f 5011 211 2476
f 1411 5011 2476
f 1526 5012 1527
f 1527 5012 5013
f 775 5014 2927
f 5014 775 3629
f 2927 5014 4156
f 120 5016 2792
f 5016 2092 2792
f 1643 4490 5016
f 5016 4490 2092
f 4515 5016 120
f 4515 1643 5016
f 119 5017 1905
f 2093 5017 119
f 2093 4093 5017
f 4093 4491 5017
f 5017 4514 1905
f 5017 4491 4514
f 4681 5018 3078
f 5018 4681 4682
f 4680 5019 3081
f 4680 4679 5019
f 4679 5018 5019
f 5019 5018 4682
f 1023 5020 364
f 5020 557 1592
f 3384 557 5020
f 1023 3384 5020
f 364 5020 3456
f 5020 1592 3456
f 5021 556 1022
f 1593 5021 363
f 5022 2506 1370
f 2560 5026 239
f 5028 2113 2114
f 5028 3090 2113
f 2117 3427 5028
f 3427 3090 5028
f 2118 2117 5029
f 5029 2317 2118
f 5029 5028 2114
f 2117 5028 5029
f 2115 2116 5030
f 5030 2316 2115
f 5031 2120 2119
f 5031 3091 2120
f 2116 3430 5031
f 3430 3091 5031
f 2116 5031 5030
f 5030 5031 2119
f 2041 949 5032
f 2041 5032 3191
f 3191 5032 3512
f 5032 3662 3512
f 5033 2352 2042
f 2352 5033 3663
f 3663 5033 3190
f 5033 2042 4609
f 3190 5033 4609
f 3664 5034 3187
f 5034 2039 4606
f 3187 5034 4606
f 3664 4892 5034
f 2040 5035 3186
f 3186 5035 3515
f 3665 5035 2350
f 5035 3665 3515
f 5036 2749 1502
f 3182 5036 1502
f 2150 5036 3182
f 2150 4687 5036
f 2748 5037 3181
f 2748 4224 5037
f 634 5039 696
f 1033 5039 634
f 1033 1032 5039
f 1032 5038 5039
f 627 5040 689
f 1030 5040 627
f 5040 1030 1031
f 5041 5040 1031
f 204 1282 5042
f 1282 1214 5042
f 205 204 5043
f 3566 205 5043
f 204 5042 5043
f 5044 202 203
f 5044 1216 202
f 4045 1216 5044
f 203 3566 5045
f 5045 5044 203
f 237 2340 5046
f 5046 2767 2768
f 5047 10 238
f 238 237 5047
f 5047 2768 10
f 237 5046 5047
f 5047 5046 2768
f 5048 235 236
f 2765 1012 5048
f 5049 236 12
f 12 2766 5049
f 2766 2765 5049
f 5049 5048 236
f 2765 5048 5049
f 2668 1400 5050
f 3138 5050 1054
f 3138 2668 5050
f 1054 5050 4977
f 5051 1399 3137
f 1053 5051 3950
f 5051 3137 3950
f 2456 2542 5052
f 2542 3884 5052
f 5052 3884 2545
f 4895 2456 5052
f 4895 5052 2545
f 2949 4793 5053
f 2949 5053 4943
f 5054 2950 1514
f 4180 2950 5054
f 4942 5054 1514
f 5055 2951 1511
f 4947 5055 1511
f 2052 4178 5056
f 2952 5056 4946
f 5057 1146 1870
f 3051 5057 909
f 1869 5058 908
f 5058 1145 3052
f 5059 996 995
f 5060 996 5059
f 5061 3315 997
f 4989 3315 5061
f 998 5062 997
f 998 4892 5062
f 997 5062 5061
f 932 5063 88
f 5063 3687 88
f 3569 3688 5064
f 5064 3688 3687
f 5063 5064 3687
f 3685 5065 934
f 3685 3686 5065
f 934 5065 4300
f 5066 3686 3571
f 3686 5066 5065
f 5067 4230 3519
f 4230 5067 4264
f 1046 5070 592
f 603 5070 1046
f 603 2137 5070
f 5070 3247 592
f 3248 5071 1045
f 3248 2125 5071
f 5071 604 3600
f 1045 5071 3600
f 1139 781 5072
f 464 5074 2143
f 5074 4349 2143
f 4349 5074 4580
f 1909 1910 5076
f 5076 2741 473
f 5077 2742 2741
f 1910 5077 5076
f 5076 5077 2741
f 2739 2740 5078
f 5078 1907 4819
f 5079 1908 1907
f 5078 5079 1907
f 2740 5079 5078
f 2078 5080 1935
f 5080 2639 1935
f 4033 28 5080
f 4033 5080 2078
f 2638 1418 5081
f 2638 5081 2079
f 5082 4103 4712
f 5083 4102 773
f 5084 3194 3193
f 3734 5085 3733
f 5085 3194 5084
f 3733 5085 5084
f 5086 3196 3195
f 3736 5087 3735
f 3736 4213 5087
f 5087 3196 5086
f 3735 5087 5086
f 2587 555 5088
f 5088 2652 513
f 555 2652 5088
f 2587 5088 3921
f 5089 2586 784
f 5089 2653 2586
f 513 5089 3922
f 3922 5089 784
f 2121 1828 5090
f 3705 5090 1942
f 3705 2121 5090
f 1251 1829 5091
f 5091 1829 3706
f 276 1457 5092
f 898 3206 5094
f 5094 3990 2447
f 5094 3206 3990
f 4953 3207 5095
f 3991 4953 5095
f 5096 4315 2970
f 4316 2369 5097
f 5098 252 253
f 5098 2355 252
f 2804 2355 5098
f 4471 5099 253
f 5099 5098 253
f 250 2384 5100
f 2384 2357 5100
f 251 5101 10
f 251 250 5101
f 250 5100 5101
f 5102 682 9
f 5102 49 682
f 5102 4962 49
f 298 4962 5102
f 683 5103 9
f 5103 683 2250
f 1693 5103 4973
f 4973 5103 2250
f 5104 1790 1694
f 5104 2373 1790
f 1789 1428 5105
f 1428 2374 5105
f 5105 3005 300
f 5105 2374 3005
f 587 5106 1561
f 5106 4785 1561
f 5106 4502 4785
f 4837 5106 587
f 2999 4503 5107
f 4784 5107 586
f 4784 2999 5107
f 5107 4503 4838
f 5108 162 1647
f 1083 163 5109
f 1646 1083 5109
f 3325 5110 3002
f 5110 3606 3002
f 5110 4341 3606
f 3324 5111 3250
f 3607 1491 5111
f 3607 5111 3324
f 1491 4340 5111
f 530 5114 3216
f 2517 1715 5115
f 2517 5115 4130
f 3205 1422 5116
f 4365 3205 5116
f 4365 5116 4477
f 5117 4364 1372
f 5117 1421 4364
f 4476 5117 1372
f 2483 2484 5118
f 5118 2260 3441
f 5119 2261 2260
f 4472 2261 5119
f 5119 2484 4472
f 5118 5119 2260
f 2484 5119 5118
f 2262 2263 5120
f 5120 2481 2003
f 5121 2482 2481
f 5121 2263 4470
f 4470 2482 5121
f 2263 5121 5120
f 5120 5121 2481
f 5122 4263 2083
f 4262 2231 5123
f 4143 5125 969
f 5128 1122 290
f 3876 571 5128
f 5129 3877 1611
f 1121 4339 5129
f 248 5130 224
f 5130 248 1563
f 224 5130 1823
f 1563 1924 5130
f 5130 1924 1823
f 5131 1035 1034
f 5131 2464 3750
f 1034 4992 5131
f 4992 2464 5131
f 5132 3159 1035
f 3751 5132 3750
f 5132 1035 5131
f 3750 5132 5131
f 1036 109 5133
f 5133 1037 1036
f 109 3160 5133
f 5133 3160 3752
f 5134 2465 1037
f 3753 5134 3752
f 5134 1037 5133
f 3752 5134 5133
f 1657 5135 2622
f 5135 4865 4037
f 5136 1656 1366
f 2621 5136 1366
f 4036 5136 2621
f 5136 4866 1656
f 5137 1269 62
f 2204 5137 62
f 3833 5137 2204
f 5137 3833 3978
f 1269 5137 4868
f 4868 5137 3978
f 5138 106 105
f 105 3013 5138
f 3013 3794 5138
f 5139 3868 106
f 4325 3868 5139
f 5139 106 5138
f 5140 3793 103
f 124 3793 5140
f 104 5141 103
f 104 4326 5141
f 103 5141 5140
f 397 2900 5142
f 4318 397 5142
f 5142 2900 4768
f 5142 4768 4417
f 5143 2899 4317
f 4351 2899 5143
f 4769 4351 5143
f 51 5144 2149
f 51 3782 5144
f 2149 5144 4687
f 5145 3780 50
f 5145 50 4728
f 2148 5145 4728
f 5146 72 4502
f 4166 5146 4837
f 5146 4502 5106
f 4837 5146 5106
f 5147 73 4165
f 5147 4165 3357
f 4838 5147 3357
f 4503 5147 4838
f 5148 1156 1157
f 5148 4047 1156
f 1214 4047 5148
f 5042 1214 5148
f 5149 1157 3566
f 5043 5149 3566
f 5043 5042 5149
f 5149 5148 1157
f 5042 5148 5149
f 1154 2794 5150
f 2794 4045 5150
f 5150 4045 5044
f 5150 5044 5045
f 1155 1154 5151
f 3566 1155 5151
f 3566 5151 5045
f 1154 5150 5151
f 5151 5150 5045
f 5152 781 782
f 5072 781 5152
f 5153 782 1142
f 1142 5073 5153
f 5073 5072 5153
f 5153 5152 782
f 5072 5152 5153
f 1426 5154 2189
f 5155 1427 1496
f 2188 5155 1496
f 5155 4210 1427
f 5156 2568 322
f 2569 2870 5156
f 3144 5156 322
f 2569 5156 3144
f 3053 1239 5157
f 1239 3317 5157
f 5157 3317 3393
f 5158 3054 3162
f 3054 5158 3932
f 5159 3055 3167
f 5159 3316 3055
f 4766 3316 5159
f 3395 4766 5159
f 3930 5160 3056
f 3396 5160 3930
f 4604 5161 693
f 4607 5162 3188
f 4608 5163 3189
f 4611 5164 692
f 5165 3552 3553
f 3552 5165 4291
f 768 767 5166
f 768 5166 4294
f 767 5165 5166
f 5166 5165 3553
f 5167 3575 1670
f 3574 1733 5168
f 5169 627 628
f 5169 1030 627
f 3450 1030 5169
f 2916 595 5170
f 628 2916 5170
f 5170 5169 628
f 5171 594 629
f 629 630 5171
f 630 5041 5172
f 5041 1031 5172
f 630 5172 5171
f 631 5038 5173
f 5038 1032 5173
f 5174 597 632
f 632 631 5174
f 631 5173 5174
f 2917 596 5175
f 633 2917 5175
f 5176 634 633
f 5176 1033 634
f 3453 1033 5176
f 5175 5176 633
f 1476 4790 5177
f 4937 5177 713
f 1652 4791 5178
f 4938 5178 2020
f 5179 4545 2281
f 4583 4377 5179
f 4900 5179 2281
f 4583 5179 4900
f 4544 5180 4901
f 5181 149 1313
f 5181 3094 149
f 400 3094 5181
f 3954 400 5181
f 5182 3095 3953
f 3263 5183 3264
f 439 5184 1578
f 3264 5184 439
f 3264 5183 5184
f 902 5185 579
f 5185 902 2191
f 579 5185 2293
f 3858 5185 2191
f 577 5186 1160
f 5186 903 1160
f 2086 5187 2637
f 5188 2636 1963
f 2088 2636 5188
f 5189 1223 3762
f 5189 3762 1458
f 4149 1222 5190
f 3763 4149 5190
f 5192 4123 862
f 4511 5192 862
f 4414 5192 4511
f 4809 5192 1439
f 4809 4123 5192
f 2305 33 5193
f 5193 33 4415
f 4416 302 5194
f 302 4513 5194
f 1846 5195 2259
f 5195 3532 2259
f 4747 611 5195
f 4747 5195 1846
f 3533 5196 1845
f 3533 3407 5196
f 2293 5197 507
f 5197 4406 507
f 5185 5197 2293
f 5197 5185 3858
f 2291 5198 577
f 2193 5198 3860
f 4405 5198 2291
f 5198 4405 3860
f 5198 5186 577
f 5186 5198 2193
f 797 1761 5199
f 797 5199 4518
f 5200 796 1081
f 4519 5200 1081
f 2705 5201 174
f 2705 528 5201
f 175 5202 1714
f 5202 2704 1714
f 4051 4052 5203
f 13 5204 4052
f 4052 5204 5203
f 5205 4049 1982
f 4050 5206 11
f 5206 4050 4049
f 5205 5206 4049
f 2734 5207 1491
f 2734 3590 5207
f 5207 1306 4340
f 1491 5207 4340
f 1307 5208 1492
f 1307 4403 5208
f 2967 5209 3341
f 5209 3759 3341
f 3758 5210 2966
f 2966 5210 3792
f 3758 4626 5210
f 5211 2003 2004
f 3443 2262 5211
f 5211 5120 2003
f 2262 5120 5211
f 3444 3443 5212
f 5212 2004 4469
f 3444 5212 4469
f 5212 5211 2004
f 3443 5211 5212
f 2005 2483 5213
f 5213 3441 3442
f 2483 5118 5213
f 5213 5118 3441
f 2006 2005 5214
f 2006 5214 4471
f 5214 3442 4471
f 2005 5213 5214
f 5214 5213 3442
f 2680 5215 4665
f 3640 5216 3571
f 2678 5217 4302
f 3569 5218 3638
f 5219 2328 2329
f 5220 2329 4538
f 5220 5219 2329
f 2326 188 5221
f 2327 2326 5222
f 4538 2327 5222
f 2326 5221 5222
f 1948 3738 5223
f 5224 1947 420
f 3477 2227 5224
f 2023 4976 5225
f 1054 4977 5226
f 2412 5227 3576
f 3576 5227 3178
f 2412 3776 5227
f 5228 2413 1500
f 3577 5228 1500
f 1922 5229 3579
f 5229 4015 1391
f 1392 2235 5230
f 5230 1921 2425
f 1392 5230 3578
f 3578 5230 2425
f 5230 4014 1921
f 2235 4014 5230
f 3790 3789 5232
f 3789 5231 5232
f 5233 78 79
f 3781 1742 5233
f 79 1893 5234
f 3782 3781 5234
f 5234 5233 79
f 3781 5233 5234
f 80 921 5235
f 5235 3779 3780
f 81 80 5236
f 5236 5145 81
f 5145 5236 3780
f 80 5235 5236
f 5236 5235 3780
f 3137 2669 5237
f 3137 5237 3221
f 5237 1494 5001
f 3221 5237 5001
f 1493 5238 3220
f 5238 3138 3949
f 3220 5238 3949
f 5239 2818 2953
f 4518 5199 5239
f 2818 4271 5240
f 3216 4828 5242
f 4828 3971 5242
f 5243 4338 1122
f 571 5243 5128
f 5128 5243 1122
f 5244 570 3877
f 4339 1595 5244
f 5129 5244 3877
f 4339 5244 5129
f 3982 5245 4028
f 5246 2426 1978
f 3983 5246 1978
f 5247 620 14
f 133 620 5247
f 392 2503 5247
f 5247 14 2857
f 2857 2745 5247
f 5247 3689 392
f 5247 4479 4440
f 5249 2720 2859
f 5249 2859 2860
f 4 618 5250
f 2860 4 5250
f 5250 5249 2860
f 130 617 5251
f 5251 617 2861
f 2861 2862 5251
f 2862 5252 5251
f 5253 418 20
f 1227 418 5253
f 1039 1227 5253
f 5253 20 4998
f 5254 419 1040
f 5254 1040 4093
f 350 5255 2532
f 5255 1390 3873
f 2532 5255 3873
f 5256 349 405
f 2533 5256 405
f 1389 5256 2533
f 1389 4474 5256
f 2760 3777 5257
f 3777 3836 5257
f 5257 3836 3957
f 2760 5257 4474
f 164 3837 5258
f 5258 3837 2759
f 3958 164 5258
f 3958 5258 4475
f 1026 5263 983
f 1049 5263 1026
f 1049 1050 5263
f 5264 1050 3638
f 1050 5264 5263
f 1028 5265 3385
f 5265 1047 3385
f 5266 1048 1047
f 1048 5266 3640
f 5265 5266 1047
f 5267 2375 1915
f 3652 2375 5267
f 5267 1915 4234
f 2221 1785 5269
f 1785 4253 5269
f 2222 5270 10
f 2222 2221 5270
f 2221 5269 5270
f 5271 2219 2220
f 5271 4255 2219
f 5272 2220 12
f 5272 5271 2220
f 141 5273 3482
f 5273 2415 3482
f 4203 1478 5273
f 2414 5274 142
f 2414 1987 5274
f 142 5274 4155
f 5275 1351 4678
f 5276 1350 1896
f 5276 1896 2015
f 9 813 5277
f 813 4552 5277
f 5277 4742 1007
f 4552 4742 5277
f 5278 814 9
f 814 5278 914
f 914 5278 4743
f 4743 5278 3959
f 5279 3643 3312
f 3962 3963 5279
f 3644 5280 3571
f 5280 3644 3643
f 3571 5280 3963
f 5279 5280 3643
f 3963 5280 5279
f 3645 3646 5281
f 5281 3964 3478
f 5282 3646 3569
f 3569 3965 5282
f 5282 3965 3964
f 3646 5282 5281
f 5281 5282 3964
f 4248 5283 1314
f 1315 5284 3700
f 5284 4247 3700
f 5284 4134 4247
f 4421 4422 5285
f 5286 4422 4543
f 4422 5286 5285
f 5288 4424 4423
f 4424 5288 4541
f 5287 5288 4423
f 5289 706 55
f 703 1542 5289
f 1542 706 5289
f 3983 5289 55
f 703 5289 3983
f 5290 1079 565
f 564 5290 3372
f 564 4603 5290
f 4603 1079 5290
f 5291 2869 2568
f 2870 1613 5291
f 1613 3838 5291
f 5291 3838 2869
f 5156 5291 2568
f 2870 5291 5156
f 5293 948 2039
f 948 5293 3905
f 3905 5293 998
f 5293 4892 998
f 5034 5293 2039
f 4892 5293 5034
f 5294 949 996
f 5294 4891 3662
f 949 5294 5032
f 5032 5294 3662
f 5060 5294 996
f 4891 5294 5060
f 960 961 5295
f 960 5295 3712
f 5296 961 11
f 961 5296 5295
f 5297 962 4321
f 3714 5297 4321
f 13 963 5298
f 5298 963 962
f 5297 5298 962
f 2503 5299 5247
f 5300 971 1547
f 2703 971 5300
f 5300 1547 3535
f 3583 2703 5300
f 3605 5300 3535
f 3583 5300 3605
f 1555 972 5301
f 1546 1555 5301
f 5301 972 3582
f 1546 5301 3604
f 444 5302 2093
f 5302 4093 2093
f 4999 21 5302
f 4999 5302 444
f 21 5254 5302
f 5302 5254 4093
f 4092 5303 445
f 4092 1039 5303
f 1039 5253 5303
f 5303 5253 4998
f 2716 5304 3010
f 4061 4062 5312
f 5313 1508 1507
f 4539 1508 5313
f 5313 4062 4539
f 5312 5313 1507
f 4062 5313 5312
f 1505 1506 5314
f 5314 4063 2958
f 5315 4064 4063
f 5315 1506 4539
f 4539 4064 5315
f 1506 5315 5314
f 5314 5315 4063
f 5317 1299 532
f 5318 2503 2531
f 118 5318 4867
f 5318 2531 4867
f 118 5299 5318
f 5299 2503 5318
f 5320 4178 4177
f 4178 5320 5056
f 5319 5320 4177
f 3729 5321 2610
f 4179 5321 3729
f 4179 4180 5321
f 5054 5322 4180
f 4180 5322 5321
f 3346 5323 4930
f 3347 5324 2659
f 1424 5325 434
f 1424 3134 5325
f 434 5325 4754
f 5325 1423 4754
f 3558 5326 3369
f 3368 5327 63
f 5327 3559 63
f 5329 2514 3615
f 4931 2514 5329
f 5330 15 10
f 15 5330 1146
f 2614 5330 10
f 12 3 5331
f 5331 3 1145
f 2615 12 5331
f 2615 5331 1145
f 1664 4586 5332
f 4586 4537 5332
f 5333 4536 1665
f 2737 4536 5333
f 5116 1422 5334
f 5335 5117 4476
f 5336 497 498
f 5336 4304 497
f 2400 4304 5336
f 10 5337 498
f 5337 5336 498
f 495 4362 5338
f 4362 4306 5338
f 496 5339 12
f 496 495 5339
f 495 5338 5339
f 3062 503 5341
f 3063 5342 12
f 3063 3062 5342
f 3062 5341 5342
f 5343 3060 3061
f 10 5344 3061
f 5344 5343 3061
f 5345 3624 529
f 5345 819 3624
f 3873 820 5346
f 3625 3873 5346
f 5347 884 9
f 5347 18 884
f 9 883 5348
f 5348 883 1448
f 648 5349 3635
f 5349 2852 3635
f 5349 4332 2852
f 3667 4332 5349
f 2851 5350 647
f 2851 4272 5350
f 4272 4331 5350
f 5351 893 3328
f 1110 5351 3328
f 4641 5351 1110
f 4641 4642 5351
f 5352 894 893
f 894 5352 3571
f 3571 5352 4642
f 5351 5352 893
f 4642 5352 5351
f 895 896 5353
f 895 5353 1112
f 5354 896 3569
f 3569 4644 5354
f 5354 4644 4643
f 896 5354 5353
f 5353 5354 4643
f 839 1832 5355
f 5355 1847 1848
f 1832 3972 5355
f 5355 3972 1847
f 840 839 5356
f 1848 1776 5356
f 5356 3973 840
f 1776 3973 5356
f 839 5355 5356
f 5356 5355 1848
f 5357 3295 1168
f 3295 5357 3157
f 3157 5357 4961
f 2684 1663 5358
f 2684 5358 3506
f 5358 4755 901
f 1663 4755 5358
f 901 434 5359
f 5359 2685 1190
f 901 5359 3507
f 3507 5359 1190
f 434 4754 5359
f 5359 4754 2685
f 5360 2077 2547
f 3073 900 5360
f 900 3886 5360
f 5360 3886 2077
f 2076 1257 5361
f 1257 3885 5361
f 5361 3885 3072
f 5361 3072 4928
f 445 5362 871
f 5362 4998 5122
f 445 5303 5362
f 5303 4998 5362
f 5363 4999 444
f 5123 5363 872
f 5364 2502 2858
f 5248 5364 2858
f 1626 834 5365
f 3424 1626 5365
f 3424 5365 3642
f 5366 833 3423
f 3032 3033 5367
f 1450 5368 2171
f 5368 3033 2171
f 1450 3529 5368
f 3529 2197 5368
f 3033 5368 5367
f 5369 3030 1318
f 5370 1452 3031
f 5370 3031 3030
f 3531 1452 5370
f 5369 5370 3030
f 3211 368 5371
f 3572 5371 848
f 3572 3211 5371
f 847 5372 2776
f 5372 367 3573
f 5372 3573 2776
f 4497 367 5372
f 2901 5374 73
f 2901 1080 5374
f 1080 4518 5374
f 5375 4519 2902
f 5240 4519 5375
f 5376 5284 1315
f 647 5350 5376
f 5283 4135 5377
f 5378 1689 2085
f 5378 2085 2086
f 2086 4649 5379
f 4649 3566 5379
f 5379 5378 2086
f 2088 2087 5381
f 2088 5381 4648
f 2087 5380 5381
f 5382 2637 1964
f 2637 5382 2086
f 3364 5382 1964
f 5382 4649 2086
f 4649 5382 3364
f 5383 2636 2088
f 3365 5383 1617
f 2636 5383 3365
f 5383 4648 1617
f 4648 5383 2088
f 5384 5155 2188
f 5154 4211 5385
f 5388 2062 2308
f 5388 2720 2721
f 2859 5388 2308
f 2720 5388 2859
f 2063 2062 5389
f 2063 5389 2862
f 5389 2721 5252
f 2862 5389 5252
f 2062 5388 5389
f 5389 5388 2721
f 5390 237 238
f 5390 2802 237
f 2357 2802 5390
f 5100 2357 5390
f 10 5391 238
f 10 5101 5391
f 5101 5100 5391
f 5391 5390 238
f 5100 5390 5391
f 235 2338 5392
f 2338 2804 5392
f 5392 2804 5098
f 5392 5098 5099
f 236 5393 12
f 236 235 5393
f 12 5393 4471
f 5393 5099 4471
f 235 5392 5393
f 5393 5392 5099
f 5394 4133 264
f 4133 5394 4588
f 4588 5394 4257
f 4589 5395 3774
f 4162 5395 4589
f 5396 4292 4291
f 5165 767 5396
f 4291 5165 5396
f 1352 1353 5397
f 1352 5397 5396
f 5397 4292 5396
f 4293 3541 5398
f 5398 4294 4293
f 1355 5399 1354
f 5399 768 4294
f 1354 5399 5398
f 5399 4294 5398
f 518 76 5400
f 519 518 5401
f 519 5401 968
f 518 5400 5401
f 5402 520 521
f 5403 521 969
f 5403 5402 521
f 4646 2363 5404
f 2907 1231 5405
f 5405 4647 1683
f 4032 29 5406
f 29 4523 5406
f 4526 5406 2809
f 4032 5406 4526
f 1628 4522 5407
f 5407 4522 4033
f 5408 1662 2124
f 5408 2124 3247
f 2137 5408 5070
f 5070 5408 3247
f 5409 2136 604
f 5409 1661 2136
f 4887 1661 5409
f 2125 4887 5409
f 5071 5409 604
f 2125 5409 5071
f 5410 3174 3697
f 5410 4712 3174
f 5082 4712 5410
f 3173 4186 5411
f 4186 4711 5411
f 909 5412 831
f 5412 1870 1944
f 831 5412 5003
f 5412 1944 5003
f 909 5057 5412
f 5057 1870 5412
f 5413 1869 908
f 1943 5413 832
f 832 5413 4760
f 5413 908 4760
f 5414 2464 2465
f 2464 5414 3750
f 5415 2465 5134
f 3753 5415 5134
f 5415 5414 2465
f 1646 5109 5416
f 5416 5109 4211
f 1426 5416 5154
f 5416 4211 5154
f 4210 5417 1427
f 1427 5417 4988
f 3592 5418 4111
f 4614 5418 4615
f 5419 3592 3593
f 4615 5419 4112
f 5418 3592 5419
f 4615 5418 5419
f 5420 264 964
f 5420 5394 264
f 4257 5394 5420
f 5421 443 965
f 5421 4162 443
f 4764 5421 965
f 5395 4162 5421
f 4764 5395 5421
f 3872 2533 5422
f 3624 3872 5422
f 406 2532 5423
f 5423 3625 528
f 5423 2532 3625
f 2750 3355 5424
f 5425 2751 4603
f 5426 3848 56
f 3849 3848 5427
f 3848 5426 5427
f 93 2893 5428
f 5428 2893 3443
f 5428 3443 3444
f 3808 93 5428
f 3809 3808 5429
f 4469 5429 3444
f 3809 5429 4469
f 5429 5428 3444
f 3808 5428 5429
f 2260 2891 5430
f 3441 2260 5430
f 5430 2891 3806
f 5430 3806 3807
f 3442 3441 5431
f 3442 5431 4542
f 4542 5431 3807
f 3441 5430 5431
f 5431 5430 3807
f 1135 5432 1367
f 2421 898 5432
f 1135 2421 5432
f 5432 898 5094
f 5433 897 1136
f 3207 897 5433
f 5095 5433 1368
f 5095 3207 5433
f 294 295 5434
f 5434 74 520
f 294 5434 5402
f 5402 5434 520
f 5435 75 74
f 75 5435 508
f 5435 295 2294
f 508 5435 2294
f 5434 5435 74
f 295 5435 5434
f 76 77 5436
f 76 5436 5400
f 5437 293 292
f 2292 293 5437
f 5437 506 2292
f 77 5437 5436
f 5436 5437 292
f 4028 5245 5438
f 4366 2426 5439
f 2426 5246 5439
f 431 5440 1631
f 5440 431 2872
f 4972 5440 2872
f 5441 432 3303
f 1633 5441 3303
f 432 5441 4971
f 4971 5441 3059
f 3474 5442 3203
f 2307 5442 3724
f 3724 5442 3474
f 4408 5442 2307
f 5442 4408 3203
f 3970 1021 5443
f 1729 1020 5445
f 27 5447 1750
f 5447 1961 1750
f 1053 3950 5447
f 5447 3950 1961
f 1962 5448 26
f 1962 3220 5448
f 26 5448 3586
f 3220 3949 5448
f 413 5449 1466
f 413 3792 5449
f 3792 2210 5449
f 5449 2210 4763
f 5450 2209 412
f 2785 2209 5450
f 4762 5450 1465
f 4762 2785 5450
f 5451 5224 420
f 3477 5224 5451
f 421 1948 5452
f 1948 5223 5452
f 2227 1635 5453
f 5453 3737 1947
f 5224 5453 1947
f 2227 5453 5224
f 5454 2228 3476
f 5223 5454 3476
f 3738 5454 5223
f 1183 5455 2147
f 5455 1599 2147
f 2211 151 5456
f 2211 5456 3020
f 151 3356 5456
f 5457 3357 2211
f 4838 3357 5457
f 4977 5458 2022
f 5050 1400 5458
f 5050 5458 4977
f 4976 5459 1053
f 5459 5051 1053
f 126 5460 125
f 125 5460 1352
f 5460 1353 1352
f 5460 5259 1353
f 5259 5460 5260
f 5461 126 1354
f 5461 5460 126
f 5460 5461 5260
f 5462 3419 3420
f 5463 3420 1044
f 5463 5462 3420
f 2015 459 5464
f 1190 458 5465
f 383 5465 3652
f 1758 2157 5466
f 5466 3684 594
f 2157 3684 5466
f 5466 594 5171
f 3597 5467 595
f 5467 3597 1759
f 5468 3683 1756
f 5469 3599 597
f 5469 1757 3987
f 5469 597 5174
f 5470 1941 466
f 3029 1750 5470
f 1942 5090 5471
f 5472 2922 1866
f 5473 2726 4744
f 5475 4111 4110
f 5476 3592 4111
f 4802 3592 5476
f 5476 4111 5475
f 5477 4113 4112
f 5419 3593 5477
f 4112 5419 5477
f 5478 4113 5477
f 1410 1018 5479
f 5479 3255 3256
f 1411 1410 5480
f 3256 599 5480
f 1410 5479 5480
f 5480 5479 3256
f 3257 3258 5481
f 1412 5010 5481
f 5482 1413 1412
f 3258 5309 5482
f 5481 5482 1412
f 3258 5482 5481
f 5483 1406 1407
f 3259 5310 5483
f 3260 3259 5484
f 1407 5009 5484
f 5484 5483 1407
f 3259 5483 5484
f 1408 1409 5485
f 3261 600 5485
f 1409 1017 5486
f 5486 3262 3261
f 1409 5486 5485
f 5485 5486 3261
f 5487 1137 1422
f 5487 2974 1137
f 3205 5487 1422
f 1138 5488 3204
f 3204 5488 2232
f 1138 4073 5488
f 4073 2973 5488
f 4103 4652 5489
f 4103 5489 4712
f 4712 5489 4185
f 5490 4102 5083
f 4711 5490 5083
f 3455 5491 307
f 5491 3477 5451
f 308 5492 305
f 5492 3454 305
f 5492 3476 3454
f 5223 3476 5492
f 5452 5492 308
f 5452 5223 5492
f 978 5493 1772
f 1772 5493 2229
f 50 5494 1887
f 5494 10 2778
f 3719 10 5494
f 50 3719 5494
f 5495 2779 12
f 2779 5495 1888
f 5495 3717 51
f 5495 51 4727
f 1888 5495 4727
f 12 4856 5495
f 4856 3717 5495
f 5496 3120 1931
f 5496 4835 3120
f 3595 4835 5496
f 3119 4308 5497
f 4308 4836 5497
f 2787 1957 5498
f 4379 2787 5498
f 5498 1957 4671
f 5498 4671 4672
f 4380 4379 5499
f 5499 4672 3966
f 4779 5499 3966
f 4380 5499 4779
f 4379 5498 5499
f 5499 5498 4672
f 454 1959 5500
f 5500 1959 4381
f 5500 4381 4382
f 4669 454 5500
f 4670 4669 5501
f 5501 4382 4778
f 5501 4778 4670
f 5501 5500 4382
f 4669 5500 5501
f 5502 176 2300
f 5502 2300 2301
f 4538 5503 2301
f 5222 5503 4538
f 5222 5221 5503
f 5503 5502 2301
f 5221 5502 5503
f 186 178 5504
f 2302 186 5504
f 5504 178 5219
f 5504 5219 5220
f 2303 2302 5505
f 2303 5505 4538
f 4538 5505 5220
f 2302 5504 5505
f 5505 5504 5220
f 590 1502 5506
f 5506 3180 4725
f 5507 591 167
f 3179 2348 5507
f 655 656 5508
f 655 5508 3839
f 3839 5508 2060
f 5509 656 4472
f 656 5509 5508
f 5511 654 653
f 654 5511 4470
f 5510 5511 653
f 5512 2201 2202
f 2202 4521 5513
f 5513 5512 2202
f 713 5514 2446
f 5514 1653 3991
f 5514 3991 2446
f 4790 1653 5514
f 5177 5514 713
f 5177 4790 5514
f 3990 5515 714
f 714 5515 4938
f 4954 1652 5515
f 3990 4954 5515
f 5515 1652 5178
f 5515 5178 4938
f 1152 4800 5516
f 5517 1151 811
f 5518 4911 2468
f 4911 5518 4912
f 5519 3895 1420
f 5519 3894 3895
f 5518 3894 5519
f 4912 5518 5519
f 121 911 5520
f 5520 911 2588
f 2589 5521 2185
f 2185 5521 3738
f 5522 3021 4188
f 3020 5456 5523
f 2376 5525 3651
f 5112 124 5526
f 5526 124 5140
f 5141 5527 5140
f 5140 5527 5526
f 3794 123 5528
f 5138 3794 5528
f 5528 5139 5138
f 5529 4325 5139
f 5529 5139 5528
f 5530 1110 1111
f 5530 4641 1110
f 359 358 5531
f 359 5531 3570
f 5531 1111 3570
f 358 5530 5531
f 5531 5530 1111
f 5532 356 357
f 5532 4643 356
f 1112 5353 5532
f 5353 4643 5532
f 1113 1112 5533
f 5533 357 3568
f 1113 5533 3568
f 5533 5532 357
f 1112 5532 5533
f 5535 2485 2486
f 4157 2454 5535
f 2486 4157 5535
f 5534 2485 5535
f 2455 5536 2014
f 2487 5536 2455
f 2488 234 5537
f 2488 5537 2487
f 2487 5537 5536
f 4987 5538 1426
f 5538 5416 1426
f 5538 1646 5416
f 4988 5539 2507
f 5108 1647 5539
f 5417 5539 4988
f 5417 5108 5539
f 5540 2953 4965
f 5540 5239 2953
f 4518 5239 5540
f 5374 4518 5540
f 2953 2818 5541
f 2818 5240 5541
f 5541 5375 72
f 5541 5240 5375
f 5542 3493 3621
f 4101 5542 3230
f 1652 5542 4791
f 5542 4101 4791
f 4820 3493 5542
f 3623 3491 5543
f 4100 5543 1653
f 1653 5543 4953
f 3507 1190 5544
f 5544 5465 383
f 5544 1190 5465
f 459 1191 5545
f 5464 459 5545
f 3983 4141 5546
f 4028 5547 3982
f 2328 190 5548
f 190 3082 5548
f 2329 2328 5549
f 2329 5549 4538
f 2328 5548 5549
f 5550 2326 2327
f 1446 3084 5550
f 5550 3084 2326
f 5551 2327 4538
f 5551 5550 2327
f 5552 3295 3157
f 3977 2224 5552
f 5552 3157 3977
f 5553 2101 1168
f 2224 2101 5553
f 3295 5553 1168
f 2224 5553 5552
f 5553 3295 5552
f 3423 1627 5554
f 624 4056 5555
f 5556 144 589
f 5227 5556 3178
f 588 5557 3177
f 3177 5557 3577
f 3892 143 5557
f 588 3892 5557
f 5557 143 5228
f 5557 5228 3577
f 5558 1645 1286
f 5558 3651 1645
f 2376 3651 5558
f 5268 2376 5558
f 1644 383 5559
f 383 3652 5559
f 5559 3652 5267
f 1601 3181 5560
f 1601 5560 3776
f 5561 1600 407
f 3775 5561 407
f 1637 5561 3775
f 1637 4259 5561
f 1502 2749 5562
f 5562 2347 3180
f 1502 5562 5506
f 5506 5562 3180
f 5563 1503 591
f 2348 1925 5563
f 5507 5563 591
f 2348 5563 5507
f 5564 1564 1563
f 4225 1564 5564
f 3057 5565 3216
f 5565 3215 3216
f 5565 4067 3215
f 3057 4225 5565
f 5565 5564 4067
f 4225 5564 5565
f 5567 4225 3057
f 5567 1706 4589
f 5567 4589 4225
f 2299 5568 1563
f 5568 2299 3661
f 5570 4966 5446
f 5571 4967 1255
f 5439 5572 9
f 5439 5246 5572
f 4141 5572 5546
f 5573 5438 9
f 5573 4028 5438
f 5573 5547 4028
f 5574 773 2422
f 5574 2422 3666
f 4331 5574 3666
f 5083 773 5574
f 3337 774 5575
f 2423 3337 5575
f 2423 5575 4332
f 4332 5575 4273
f 2687 5576 1766
f 4237 5576 2687
f 5577 2854 4236
f 2686 5577 4484
f 5577 4236 4484
f 2791 5578 3240
f 3240 5578 3464
f 52 5579 393
f 5579 112 393
f 4801 5579 52
f 4801 3920 5579
f 113 5580 53
f 53 5580 1152
f 113 3633 5580
f 5580 4800 1152
f 1706 5581 4589
f 4589 5581 5340
f 175 1714 5582
f 4570 718 5584
f 5584 4571 4570
f 5584 4621 491
f 718 4621 5584
f 492 5585 491
f 5585 1992 4571
f 492 4766 5585
f 4766 1992 5585
f 491 5585 5584
f 5585 4571 5584
f 5586 494 493
f 493 1911 5586
f 1911 4620 5586
f 5586 4620 4572
f 5587 3317 494
f 4573 5587 4572
f 4765 3317 5587
f 4573 4765 5587
f 5587 494 5586
f 4572 5587 5586
f 1818 1819 5588
f 5588 4639 2320
f 13 5589 1819
f 4640 5589 13
f 5589 4640 4639
f 1819 5589 5588
f 5588 5589 4639
f 5590 1820 2240
f 4637 4638 5590
f 1821 5591 11
f 5591 1821 1820
f 5591 4638 11
f 5590 5591 1820
f 4638 5591 5590
f 5592 2994 3977
f 3977 4961 5592
f 5593 1940 3978
f 4676 5594 1563
f 2024 5594 4829
f 5594 4676 4829
f 5595 589 67
f 3178 5595 2780
f 5595 67 4494
f 2780 5595 4494
f 5556 589 5595
f 3178 5556 5595
f 68 5596 2781
f 2781 5596 1103
f 5596 588 3177
f 5596 3177 1103
f 68 3831 5596
f 3831 588 5596
f 4129 4951 5597
f 4951 4839 5597
f 1376 472 5598
f 969 1376 5598
f 969 5598 4954
f 4954 5598 1652
f 5598 5542 1652
f 5598 4820 5542
f 5599 474 968
f 5599 968 3207
f 3491 4822 5599
f 4953 5599 3207
f 5543 3491 5599
f 5543 5599 4953
f 526 5600 199
f 526 527 5601
f 5600 526 5601
f 2570 728 5602
f 5602 3086 288
f 5602 728 3086
f 3121 2570 5602
f 2167 727 5603
f 3087 2167 5603
f 5603 727 3122
f 9 1542 5604
f 3959 5604 4840
f 5604 5278 9
f 5278 5604 3959
f 5605 1543 9
f 1007 4881 5605
f 5277 5605 9
f 5277 1007 5605
f 5606 2123 3239
f 4199 5606 3239
f 5606 4199 4479
f 2810 5607 2791
f 5607 2810 2858
f 2791 5607 5578
f 5607 3464 5578
f 5608 2745 2123
f 2745 5608 5247
f 5606 5608 2123
f 1999 1440 5609
f 5609 3657 3658
f 1440 4810 5609
f 5609 4810 3657
f 2000 1999 5610
f 2000 5610 3509
f 3509 5610 3658
f 1999 5609 5610
f 5610 5609 3658
f 5611 2001 2002
f 3659 4122 5611
f 5611 4808 2001
f 4122 4808 5611
f 3508 3660 5612
f 3660 3659 5612
f 5612 5611 2002
f 3659 5611 5612
f 876 5613 4242
f 5613 3955 4242
f 5386 5613 876
f 5613 5386 5387
f 5614 877 3956
f 3956 3955 5614
f 3955 5613 5614
f 5614 5613 5387
f 456 457 5615
f 456 5615 1324
f 5615 332 2984
f 1324 5615 2984
f 5616 333 332
f 5615 5616 332
f 457 5616 5615
f 330 331 5617
f 330 5617 1322
f 5617 454 4669
f 1322 5617 4669
f 5618 455 454
f 331 5618 5617
f 5617 5618 454
f 5256 5619 349
f 4474 5619 5256
f 5257 3957 5619
f 4474 5257 5619
f 2283 3958 5620
f 5620 4475 1390
f 5620 3958 4475
f 5255 5620 1390
f 2573 5622 2572
f 2572 5622 5621
f 5623 3952 2574
f 5624 2575 1545
f 2575 5624 2574
f 2574 5624 5623
f 5625 2990 2895
f 5626 2991 2990
f 2991 5626 3638
f 5625 5626 2990
f 2988 2989 5627
f 3640 5628 2989
f 2989 5628 5627
f 5629 1041 3419
f 3419 5462 5629
f 5629 5462 5463
f 5387 5386 5630
f 1044 5630 5463
f 5386 5629 5630
f 5630 5629 5463
f 966 3213 5631
f 4191 966 5631
f 4192 4191 5632
f 4191 5631 5632
f 4193 4498 5633
f 5634 3214 4194
f 5634 4194 4193
f 5633 5634 4193
f 5635 3215 4195
f 5635 4195 4196
f 4196 4501 5636
f 5636 5635 4196
f 4197 4198 5637
f 965 3216 5638
f 4198 965 5638
f 4198 5638 5637
f 5639 786 785
f 5639 3789 1034
f 5231 3789 5639
f 1035 108 5640
f 1035 5640 1034
f 108 3197 5640
f 5640 3197 786
f 5640 786 5639
f 1034 5640 5639
f 5641 788 787
f 787 2591 5641
f 5641 3198 1036
f 2591 3198 5641
f 1037 5642 1036
f 1037 4993 5642
f 5642 4993 3790
f 5232 5642 3790
f 5642 788 5641
f 1036 5642 5641
f 5643 1295 1236
f 5644 2694 2695
f 2694 5644 2975
f 3117 5645 2978
f 3117 3116 5645
f 5645 2695 4359
f 2978 5645 4359
f 5645 5644 2695
f 3116 5644 5645
f 5646 4370 3678
f 5647 24 9
f 9 912 5647
f 5647 2203 24
f 912 3981 5647
f 25 5648 9
f 25 117 5648
f 5648 913 9
f 117 1868 5648
f 5649 517 1464
f 5649 1464 3135
f 4188 517 5649
f 1463 4188 5649
f 5650 125 1352
f 2011 125 5650
f 3458 2011 5650
f 1352 5396 5650
f 1355 126 5651
f 5651 126 3459
f 3459 3458 5651
f 5399 1355 5651
f 3458 5650 5651
f 3215 5652 795
f 4067 5652 3215
f 5652 5566 795
f 3216 5653 3057
f 1706 5567 5653
f 5653 5567 3057
f 3951 5654 3952
f 5622 2573 5654
f 3951 5622 5654
f 2574 5655 99
f 3952 5655 2574
f 3952 5654 5655
f 18 5656 4127
f 4127 5656 1937
f 5347 5656 18
f 1937 5656 5347
f 4126 5657 1448
f 3473 5657 4126
f 5657 5348 1448
f 3473 5348 5657
f 5658 162 5108
f 5660 5357 1168
f 5357 5660 4961
f 1168 5474 5660
f 4961 5660 5592
f 5660 5474 5592
f 1055 5661 1169
f 5661 1055 1940
f 5661 3631 1169
f 5593 5661 1940
f 5593 3631 5661
f 1625 5662 85
f 1625 3015 5662
f 3015 4119 5662
f 85 5662 5007
f 84 5663 1101
f 5663 1624 1101
f 5663 4118 1624
f 2595 4118 5663
f 5664 2135 1980
f 1014 5665 663
f 1014 1015 5665
f 5666 1015 11
f 4058 5666 11
f 5666 4058 4057
f 1015 5666 5665
f 5665 5666 4057
f 665 5667 2765
f 5667 1012 2765
f 4059 5667 665
f 4059 4060 5667
f 1013 5668 13
f 5668 1013 1012
f 13 5668 4060
f 5667 5668 1012
f 4060 5668 5667
f 3989 5670 296
f 3989 1669 5670
f 297 5671 2231
f 5671 3988 2231
f 3678 4370 5672
f 5673 1538 1539
f 1538 5673 3165
f 3165 5673 1810
f 5674 5673 1539
f 1541 1540 5676
f 1541 5676 3164
f 3164 5676 1809
f 1540 5675 5676
f 5677 310 3173
f 5677 3173 3698
f 1885 5677 4378
f 4378 5677 3698
f 5678 311 1886
f 4185 311 5678
f 3174 4185 5678
f 3174 5678 4377
f 5679 3647 3648
f 5679 4982 3647
f 4705 4982 5679
f 3637 5680 3648
f 5680 5679 3648
f 3649 4169 5681
f 4169 4980 5681
f 3639 3650 5682
f 3650 3649 5682
f 3649 5681 5682
f 5683 2863 2670
f 3743 5683 2670
f 5684 3603 3556
f 4531 2879 5684
f 5685 4530 780
f 5686 2534 3777
f 4442 5686 3777
f 5686 4772 2534
f 4443 5687 2361
f 2535 5687 4443
f 5689 4626 3758
f 3967 4778 5689
f 5689 4778 4626
f 5690 4498 4193
f 1587 764 5691
f 3446 5691 2036
f 5691 764 3757
f 5691 3757 2036
f 4499 1587 5691
f 4500 878 5692
f 3448 2034 5693
f 2034 3755 5693
f 5693 3755 4501
f 5693 4501 4196
f 5694 2836 2129
f 2836 5694 4627
f 4627 5694 5688
f 5694 4779 5688
f 4778 1880 5695
f 4778 5695 4626
f 5696 181 183
f 2881 778 5696
f 5696 4334 181
f 778 4334 5696
f 5697 4333 2882
f 5697 2882 4533
f 4932 4532 5698
f 677 5700 1782
f 1782 5700 2369
f 5700 2138 2369
f 677 3130 5700
f 5700 3725 2138
f 3130 3725 5700
f 5701 678 606
f 1781 5701 606
f 2139 5701 1781
f 2139 3613 5701
f 5701 3726 678
f 3613 3726 5701
f 4000 4843 5702
f 4956 4000 5702
f 5702 4843 5512
f 5702 5512 5513
f 5703 4844 4003
f 4003 4957 5703
f 4957 4956 5703
f 4956 5702 5703
f 5703 5702 5513
f 3170 369 5704
f 5705 1304 1305
f 1304 5705 4110
f 4110 5705 5475
f 5706 5705 1305
f 669 670 5708
f 669 5708 723
f 723 5708 2772
f 5708 3804 2772
f 5709 670 13
f 3805 5709 13
f 5709 3805 3804
f 670 5709 5708
f 5708 5709 3804
f 5710 667 906
f 721 5710 906
f 3802 5710 721
f 3802 3803 5710
f 11 668 5711
f 5711 668 667
f 5711 3803 11
f 5710 5711 667
f 3803 5711 5710
f 1539 1538 5713
f 1538 5712 5713
f 5714 1540 1541
f 5715 5714 1541
f 5510 653 5716
f 3841 5510 5716
f 3842 3841 5717
f 4469 3842 5717
f 3841 5716 5717
f 225 655 5718
f 5718 655 3839
f 5718 3839 3840
f 5719 3840 4471
f 5719 5718 3840
f 5720 3955 3956
f 3955 5720 4242
f 5720 729 4882
f 4242 5720 4882
f 730 729 5721
f 5721 4243 730
f 3956 4243 5721
f 729 5720 5721
f 5721 5720 3956
f 5399 5651 5723
f 5651 5650 5723
f 5650 5722 5723
f 3927 3928 5724
f 13 5725 3928
f 3928 5725 5724
f 5726 3925 194
f 11 3926 5727
f 5727 3926 3925
f 5726 5727 3925
f 2375 5728 1915
f 1915 5728 4841
f 2375 5524 5728
f 1916 5729 5268
f 5729 2376 5268
f 1454 5730 636
f 2126 5730 1454
f 5731 2126 2127
f 1455 5731 4358
f 5731 2127 4358
f 5730 2126 5731
f 2380 375 5733
f 375 2584 5733
f 2380 5733 2841
f 2841 5733 2551
f 5733 4458 2551
f 5733 2584 4458
f 221 2585 5734
f 5734 2585 2381
f 4457 221 5734
f 4457 5734 2842
f 5735 607 2373
f 5735 2373 5104
f 3004 5735 5104
f 2374 5736 3005
f 3240 3212 5737
f 1379 5738 1169
f 1889 684 5738
f 1379 1889 5738
f 5738 684 2140
f 1169 5738 2140
f 3794 5739 123
f 848 5739 3794
f 848 5371 5739
f 5740 847 3012
f 3793 5740 3012
f 5741 1738 1739
f 1989 1988 5742
f 5742 1739 2415
f 1989 5742 2415
f 5742 5741 1739
f 1988 5741 5742
f 5743 1986 1987
f 1740 2051 5743
f 1741 1740 5744
f 1741 5744 2414
f 5744 1987 2414
f 1740 5743 5744
f 5744 5743 1987
f 5745 1951 3140
f 529 5745 3462
f 3462 5745 3140
f 529 3624 5745
f 5745 5422 1951
f 3624 5422 5745
f 5746 528 2705
f 1952 5746 3463
f 3463 5746 2705
f 5746 5423 528
f 5747 1928 3667
f 2422 1927 5748
f 3666 2422 5748
f 3666 5748 4134
f 1171 5749 9
f 1414 1107 5749
f 5749 1171 1414
f 5750 1170 9
f 5750 4265 1548
f 3008 5751 2718
f 5751 5306 2718
f 5724 5751 3008
f 5724 5725 5751
f 5307 5752 13
f 5752 5307 5306
f 5752 5725 13
f 5751 5752 5306
f 5725 5752 5751
f 5304 5753 3010
f 5304 5305 5753
f 5754 5305 11
f 5754 11 5727
f 5754 5727 5726
f 5305 5754 5753
f 5753 5754 5726
f 3587 5755 27
f 4976 1053 5755
f 5225 5755 3587
f 5225 4976 5755
f 5755 5447 27
f 5755 1053 5447
f 3949 1054 5756
f 5756 1054 5226
f 5448 5756 3586
f 5448 3949 5756
f 301 302 5757
f 301 5757 4618
f 4618 5757 3287
f 2171 5758 302
f 302 5758 5757
f 5759 303 4488
f 4616 5759 4488
f 5760 304 303
f 5760 3075 304
f 4445 3075 5760
f 5759 5760 303
f 5761 2546 2602
f 4930 5761 2602
f 5323 5761 4930
f 2547 2077 5762
f 2547 5762 4929
f 4929 5762 3347
f 5762 5324 3347
f 5763 4933 5
f 4296 4933 5763
f 6 5764 5
f 6 16 5764
f 5 5764 5763
f 8 2 5766
f 8 5766 7
f 2 4934 5766
f 7 5766 5765
f 5768 503 3062
f 5306 5307 5768
f 504 5769 13
f 5769 504 503
f 13 5769 5307
f 5768 5769 503
f 5307 5769 5768
f 501 502 5770
f 5770 5304 2716
f 11 5771 502
f 5305 5771 11
f 5771 5305 5304
f 502 5771 5770
f 5770 5771 5304
f 5772 957 956
f 5772 5496 1931
f 1932 1572 5773
f 1932 5773 1931
f 5773 3761 957
f 1572 3761 5773
f 5773 957 5772
f 1931 5773 5772
f 5774 1930 1929
f 1929 3119 5774
f 5774 5497 958
f 3119 5497 5774
f 959 5775 958
f 959 1571 5775
f 1571 2165 5775
f 5775 2165 1930
f 958 5775 5774
f 5775 1930 5774
f 5777 344 1978
f 3737 5778 2184
f 5778 121 5520
f 5778 5520 2184
f 910 122 5779
f 3738 5779 5454
f 5521 910 5779
f 5521 5779 3738
f 5780 2560 2561
f 2889 214 5780
f 2890 2889 5781
f 5781 2561 3566
f 2890 5781 3566
f 5781 5780 2561
f 2889 5780 5781
f 5782 2887 2888
f 2558 5024 5782
f 2559 2558 5783
f 2559 5783 3566
f 3566 5783 2888
f 2558 5782 5783
f 5783 5782 2888
f 785 384 5786
f 5639 785 5786
f 385 788 5787
f 5787 788 5642
f 5787 5642 5232
f 5788 927 928
f 2056 2520 5788
f 5788 3469 927
f 2520 3469 5788
f 5789 928 10
f 10 2057 5789
f 2057 2056 5789
f 5789 5788 928
f 2056 5788 5789
f 929 649 5790
f 5790 2054 2055
f 649 3471 5790
f 5790 3471 2054
f 930 5791 12
f 930 929 5791
f 12 5791 2055
f 929 5790 5791
f 5791 5790 2055
f 5792 1556 1758
f 2156 1556 5792
f 1756 2156 5792
f 1756 5792 3080
f 1759 5793 3079
f 1759 3985 5793
f 3985 3299 5793
f 1757 5793 3987
f 3987 5793 3301
f 3629 3628 5795
f 5795 5014 3629
f 3628 5794 5795
f 2033 3447 5796
f 5796 3447 3626
f 5796 3626 3627
f 5797 3627 776
f 5015 5797 776
f 5797 5796 3627
f 61 1981 5798
f 2266 1415 5798
f 2419 133 5798
f 1168 2419 5798
f 5798 1415 2868
f 2868 2158 5798
f 1981 3701 5798
f 3701 2667 5798
f 4385 2266 5798
f 5798 2667 4385
f 5798 133 5247
f 5247 5299 5798
f 619 132 5799
f 5799 132 1169
f 5799 1416 1245
f 2204 62 5799
f 1169 3631 5799
f 3702 2204 5799
f 1245 4386 5799
f 5799 62 5248
f 5248 619 5799
f 1164 3544 5800
f 5800 5249 5250
f 618 131 5801
f 5801 131 1165
f 1165 1164 5801
f 5250 618 5801
f 1164 5800 5801
f 5801 5800 5250
f 2416 130 5802
f 1166 2416 5802
f 5802 130 5251
f 5251 5252 5802
f 5803 1167 1166
f 5252 2721 5803
f 5802 5803 1166
f 5252 5803 5802
f 5804 22 2915
f 594 5804 2915
f 3684 5804 594
f 22 5804 4549
f 5804 3684 4787
f 4549 5804 4787
f 23 5805 596
f 3683 5805 870
f 5805 23 4789
f 870 5805 4789
f 596 5805 5468
f 5805 3683 5468
f 5806 2604 2605
f 5380 1691 5806
f 5807 2605 3566
f 4648 5807 3566
f 5381 5807 4648
f 5381 5380 5807
f 5807 5806 2605
f 5380 5806 5807
f 5808 5378 5379
f 2607 2606 5809
f 3566 2607 5809
f 5379 3566 5809
f 2606 5808 5809
f 5809 5808 5379
f 5810 2237 1363
f 4448 5810 1363
f 2541 5810 4448
f 1544 5811 97
f 5811 1544 1545
f 97 5811 1549
f 2575 100 5812
f 1545 2575 5812
f 5812 5811 1545
f 2188 1496 5813
f 3584 2188 5813
f 270 1495 5814
f 5814 1495 3585
f 5814 3585 1575
f 1090 5815 1001
f 2924 2912 5815
f 3704 2911 5817
f 1085 5818 1004
f 5819 5308 5309
f 5820 5309 3258
f 5713 5712 5820
f 5820 5819 5309
f 5712 5819 5820
f 5821 5310 3259
f 5821 5714 5715
f 5311 5310 5822
f 5310 5821 5822
f 5822 5821 5715
f 5823 1023 364
f 830 1023 5823
f 5823 364 2619
f 1461 5823 2619
f 363 5824 1462
f 1462 5824 3890
f 363 5021 5824
f 5021 1022 5824
f 4152 5825 1784
f 5825 3697 4583
f 1783 5826 2489
f 5826 4151 2489
f 5826 3698 4151
f 4378 3698 5826
f 4582 5826 1783
f 4582 4378 5826
f 5827 3208 2038
f 416 3565 5827
f 5827 3565 3208
f 4655 416 5827
f 3209 2930 5828
f 2930 3564 5828
f 5828 3564 4654
f 5829 1938 1939
f 5830 1939 2010
f 5830 5829 1939
f 373 2081 5831
f 5831 2081 4034
f 4035 373 5831
f 4035 5831 1173
f 3782 5832 1317
f 1317 5832 4223
f 1316 5833 81
f 1108 5834 880
f 5835 2064 4129
f 5707 244 5835
f 5707 5835 4129
f 5836 82 4130
f 4130 5115 5836
f 5836 5241 82
f 5837 1392 3578
f 4678 1392 5837
f 5229 1391 5838
f 3579 5229 5838
f 871 5839 2192
f 5839 5122 2083
f 871 5362 5839
f 5362 5122 5839
f 2084 5840 2190
f 5840 872 3857
f 2190 5840 3857
f 2084 4262 5840
f 5840 5123 872
f 4262 5123 5840
f 3118 5841 3900
f 3519 4230 5841
f 5841 4230 3900
f 761 800 5842
f 800 1778 5842
f 761 5842 3215
f 5843 3724 1764
f 3724 5843 2307
f 5844 370 727
f 2167 5844 727
f 3542 567 5844
f 3542 5844 2167
f 371 5845 2166
f 2166 5845 3497
f 5845 3543 3497
f 371 4876 5845
f 5846 2988 2897
f 4665 5846 2897
f 5215 5846 4665
f 5215 5216 5846
f 5847 2989 2988
f 2989 5847 3640
f 5847 5216 3640
f 5846 5847 2988
f 5216 5847 5846
f 2990 2991 5848
f 4667 5848 2678
f 2990 5848 4667
f 5848 5217 2678
f 3638 5849 2991
f 5218 5849 3638
f 5849 5218 5217
f 2991 5849 5848
f 5848 5849 5217
f 2914 4577 5850
f 5850 4577 4103
f 774 5850 5082
f 5850 4103 5082
f 773 5851 3336
f 4102 5851 773
f 4102 4653 5851
f 4653 4576 5851
f 5767 5852 1977
f 5853 3785 3786
f 1984 4051 5853
f 5853 5203 3785
f 4051 5203 5853
f 1985 5854 12
f 1985 1984 5854
f 12 5854 3786
f 1984 5853 5854
f 5854 5853 3786
f 5855 1982 1983
f 5855 5205 1982
f 10 5856 1983
f 3788 5856 10
f 3788 3787 5856
f 5856 5855 1983
f 3787 5855 5856
f 2203 5857 1025
f 5857 3981 1025
f 5647 5857 2203
f 3981 5857 5647
f 5858 1868 1024
f 5858 2141 913
f 1024 2141 5858
f 913 5648 5858
f 5648 1868 5858
f 3136 5859 1183
f 3136 3006 5859
f 2248 5860 3524
f 5861 299 2249
f 5861 2249 4585
f 3525 5861 4585
f 5862 3596 3622
f 5862 3622 3623
f 3232 3231 5863
f 3232 5863 4100
f 5863 3623 5543
f 4100 5863 5543
f 3231 5862 5863
f 5863 5862 3623
f 5864 3229 3230
f 5864 3598 3229
f 3621 3620 5865
f 3230 5542 5865
f 5542 3621 5865
f 5865 5864 3230
f 3620 5864 5865
f 5866 2056 2057
f 1699 5867 10
f 1699 1698 5867
f 5867 2057 10
f 1698 5866 5867
f 5867 5866 2057
f 5868 1700 1701
f 2054 2518 5868
f 1701 12 5869
f 12 2055 5869
f 2055 2054 5869
f 5869 5868 1701
f 2054 5868 5869
f 5870 4479 5247
f 5870 5606 4479
f 5608 5870 5247
f 5870 5608 5606
f 5566 5871 795
f 5871 5566 1563
f 1563 5568 5871
f 5872 2299 1563
f 1563 4555 5872
f 5872 4555 4295
f 5873 1548 1655
f 1548 5873 5750
f 1151 52 5874
f 811 1151 5874
f 5874 52 4095
f 5874 4095 2879
f 394 53 5875
f 5875 53 812
f 5875 812 3432
f 4094 394 5875
f 4884 1365 5876
f 3223 4884 5876
f 5876 1365 4904
f 5876 4904 3744
f 2621 1366 5877
f 5877 1366 3222
f 4905 2621 5877
f 5878 172 2986
f 3847 5878 2986
f 5878 4121 172
f 2438 4121 5878
f 173 1965 5879
f 173 5879 3846
f 3846 5879 975
f 1965 4120 5879
f 5880 2616 1978
f 1978 4366 5880
f 5880 4366 5439
f 2655 1874 5881
f 5881 3368 416
f 4633 5881 416
f 2655 5881 4633
f 5882 2656 2885
f 4632 5882 2885
f 3369 5882 4632
f 3369 5326 5882
f 2225 5883 3242
f 3242 5883 4870
f 619 5884 132
f 2226 5884 619
f 5884 2226 4868
f 3978 5884 4868
f 5885 2556 2557
f 4130 5885 2557
f 3933 5885 4130
f 5886 3279 4129
f 5597 5886 4129
f 5887 2839 2840
f 1701 5888 12
f 1701 1700 5888
f 5888 2840 12
f 1700 5887 5888
f 5888 5887 2840
f 5889 1698 1699
f 2837 3853 5889
f 10 5890 1699
f 2838 5890 10
f 2838 2837 5890
f 5890 5889 1699
f 2837 5889 5890
f 5340 5893 4589
f 5894 1107 1654
f 2065 5894 1654
f 1107 5894 5749
f 3123 5896 1663
f 3123 3600 5896
f 5896 1424 4755
f 1663 5896 4755
f 1423 5897 1660
f 1423 3135 5897
f 2652 5898 513
f 2652 4752 5898
f 513 5898 5089
f 5898 2653 5089
f 398 549 5899
f 2660 5899 3346
f 4317 398 5899
f 4317 5899 2660
f 5899 549 5323
f 5899 5323 3346
f 5900 548 4318
f 5324 5900 2659
f 5901 4520 2201
f 5901 4521 4520
f 5512 5901 2201
f 4843 5901 5512
f 4844 5902 4843
f 4521 5902 5513
f 5902 4844 5703
f 5513 5902 5703
f 5902 4521 5901
f 4843 5902 5901
f 4520 5903 1754
f 1755 5904 2202
f 5904 4521 2202
f 4521 5904 4520
f 4520 5904 5903
f 4276 2972 5905
f 4407 5905 2306
f 4407 4276 5905
f 2462 5906 31
f 2462 2252 5906
f 5907 2596 2597
f 2205 3588 5907
f 5907 3588 2596
f 2597 2208 5908
f 2208 3589 5908
f 5908 5907 2597
f 5909 1286 3320
f 3562 5909 3320
f 5909 5558 1286
f 5268 5558 5909
f 1287 1644 5910
f 3560 5910 769
f 1287 5910 3560
f 1644 5559 5910
f 3702 5911 4660
f 4660 5911 4386
f 5799 5911 3702
f 4386 5911 5799
f 4580 5912 4693
f 4580 5074 5912
f 5913 77 4581
f 5913 4581 2109
f 506 5913 4692
f 4692 5913 2109
f 5437 77 5913
f 506 5437 5913
f 507 4406 5914
f 5914 4578 2106
f 507 5914 4697
f 4697 5914 2106
f 5915 75 508
f 1470 75 5915
f 2740 1470 5915
f 2740 5915 4579
f 4579 5915 4696
f 5916 2270 989
f 5916 4250 4249
f 990 5917 989
f 990 2923 5917
f 2923 2911 5917
f 5917 2911 4250
f 989 5917 5916
f 5917 4250 5916
f 5918 992 991
f 5918 2269 4251
f 4252 2924 5919
f 4252 5919 4251
f 5919 992 5918
f 4251 5919 5918
f 5920 404 1703
f 5920 2955 404
f 4524 5920 1703
f 403 2725 5921
f 2725 2954 5921
f 403 5921 4525
f 4525 5921 2296
f 731 644 5922
f 731 5922 732
f 5923 3951 3952
f 5923 3952 5623
f 732 5922 5923
f 5922 3951 5923
f 2184 5924 1147
f 5924 2588 4371
f 2184 5520 5924
f 5520 2588 5924
f 5925 2589 2185
f 2331 2589 5925
f 4372 5925 1148
f 4372 2331 5925
f 3423 5554 5926
f 624 5555 5927
f 5928 316 1088
f 5928 1088 1089
f 3293 316 5928
f 1967 3293 5928
f 1968 1967 5929
f 1089 5816 5929
f 5929 5928 1089
f 1967 5928 5929
f 1090 1091 5930
f 5931 317 1970
f 5931 1970 1969
f 1091 5931 5930
f 5930 5931 1969
f 5932 314 1971
f 5932 1971 1972
f 1085 1084 5933
f 1084 5932 5933
f 5933 5932 1972
f 1973 1974 5934
f 1086 5817 5934
f 5935 315 1087
f 5935 1087 1086
f 3292 315 5935
f 1974 3292 5935
f 5934 5935 1086
f 1974 5935 5934
f 4084 5936 4285
f 5936 4400 4285
f 4083 5937 1197
f 2350 5937 4401
f 4401 5937 4083
f 4088 5938 1202
f 4398 5938 4088
f 2352 5939 1910
f 4087 5939 4288
f 4399 5939 2352
f 5939 4399 4288
f 5939 5077 1910
f 5077 5939 2742
f 1460 136 5940
f 1460 5940 1348
f 1348 5940 3496
f 5940 3542 3496
f 1349 5941 66
f 5941 1459 66
f 3543 566 5941
f 3543 5941 1349
f 4567 2265 5942
f 4613 4567 5942
f 5022 5942 2506
f 4613 5942 5022
f 5943 2264 4612
f 4891 5944 4398
f 4398 5944 5938
f 4400 5945 3664
f 5945 4892 3664
f 4892 5945 5062
f 2035 3756 5946
f 5946 3756 4202
f 5946 4202 4203
f 5947 5946 4203
f 765 3754 5948
f 4200 765 5948
f 4201 4200 5949
f 4200 5948 5949
f 5950 1716 2064
f 5950 244 2306
f 2306 1716 5950
f 244 5950 5835
f 5835 5950 2064
f 5951 1715 2307
f 1715 5951 5115
f 5241 5951 2307
f 5115 5951 5836
f 5951 5241 5836
f 5952 4425 2642
f 5955 1126 1127
f 1127 3409 5955
f 5954 1126 5955
f 1128 1129 5957
f 1128 5957 5956
f 3072 5958 326
f 3072 899 5958
f 899 3421 5958
f 5958 3421 941
f 326 5958 3851
f 5958 941 3851
f 940 5959 327
f 5959 3422 3073
f 327 5959 4927
f 5959 3073 4927
f 3382 5960 940
f 5960 2965 3422
f 940 5960 5959
f 5960 3422 5959
f 719 2964 5961
f 5961 2964 3381
f 3421 719 5961
f 3421 5961 941
f 957 5965 956
f 957 3034 5965
f 3034 2075 5965
f 956 5965 5964
f 5966 959 958
f 5967 3760 959
f 3035 3760 5967
f 5967 959 5966
f 5886 5969 3279
f 368 4496 5970
f 5970 4496 2408
f 5371 368 5970
f 5371 5970 5739
f 2409 4384 5971
f 4384 4497 5971
f 5971 5372 847
f 5971 4497 5372
f 5740 5971 847
f 2409 5971 5740
f 2586 484 5972
f 784 2586 5972
f 5972 484 2701
f 5972 2701 3039
f 5973 483 783
f 5973 783 3105
f 5974 1598 9
f 1598 5974 2445
f 9 4812 5974
f 5974 4812 4163
f 1599 5975 9
f 5975 4812 9
f 5975 1599 5455
f 166 590 5976
f 590 5506 5976
f 5976 5506 4725
f 5977 167 424
f 4726 3179 5977
f 5977 5507 167
f 3179 5507 5977
f 5978 1479 1480
f 1987 1986 5979
f 5274 5979 1480
f 1987 5979 5274
f 5979 5978 1480
f 1986 5978 5979
f 1477 1586 5980
f 5980 1988 1989
f 1478 1477 5981
f 5981 1989 2415
f 1478 5981 5273
f 5273 5981 2415
f 1477 5980 5981
f 5981 5980 1989
f 3159 5982 3160
f 2378 5982 3751
f 5982 3159 5132
f 3751 5982 5132
f 5983 2378 2379
f 3160 5983 3752
f 5982 2378 5983
f 3160 5982 5983
f 5984 2700 3038
f 5984 3222 2700
f 4861 5984 3038
f 5877 3222 5984
f 2701 5985 4862
f 4862 5985 3920
f 2501 2502 5986
f 4868 5986 95
f 2501 5986 4868
f 5986 5364 95
f 2502 5364 5986
f 4404 5988 3019
f 5989 3078 3079
f 5989 4681 3078
f 3452 4681 5989
f 5793 1757 5990
f 3079 5793 5990
f 5990 5989 3079
f 5991 1756 3080
f 3080 3081 5991
f 5468 1756 5991
f 3081 5019 5992
f 5019 4682 5992
f 3081 5992 5991
f 3078 5018 5993
f 5018 4679 5993
f 5994 1759 3079
f 3079 3078 5994
f 5467 1759 5994
f 3078 5993 5994
f 5792 1758 5995
f 3080 5792 5995
f 5996 3081 3080
f 5996 4680 3081
f 3451 4680 5996
f 5995 5996 3080
f 5998 378 3415
f 5998 3415 3416
f 3416 2197 5999
f 2197 3529 5999
f 5999 5998 3416
f 3417 3418 6000
f 1449 3528 6000
f 6000 3528 3417
f 585 379 6001
f 3418 585 6001
f 3418 6001 6000
f 582 380 6002
f 3411 582 6002
f 3412 3411 6003
f 1452 3531 6003
f 6003 3531 3412
f 3411 6002 6003
f 3413 2194 6004
f 2194 3530 6004
f 6005 381 3414
f 6005 3414 3413
f 6004 6005 3413
f 2100 6007 3558
f 2100 4864 6007
f 3558 6007 5326
f 679 6008 4684
f 4684 6008 3933
f 5885 6008 2556
f 6008 5885 3933
f 311 6009 1886
f 6009 3245 2102
f 311 4219 6009
f 4219 3245 6009
f 1886 6009 4551
f 6009 2102 4551
f 2103 486 6010
f 2103 6010 1885
f 6010 3246 310
f 486 3246 6010
f 6010 310 5677
f 1885 6010 5677
f 6011 1245 1707
f 6011 1707 3978
f 4386 1245 6011
f 4660 6011 3978
f 4660 4386 6011
f 4265 6012 1655
f 6012 4265 5750
f 1654 6013 2065
f 6013 2068 1237
f 2068 6013 1654
f 1236 6014 9
f 9 6014 5750
f 6014 6012 5750
f 9 6015 1237
f 5749 6015 9
f 5894 2065 6015
f 5749 5894 6015
f 1237 6015 6013
f 6015 2065 6013
f 2807 4016 6016
f 6016 4016 3092
f 3093 3619 6017
f 3619 4017 6017
f 5317 6017 1299
f 3093 6017 5317
f 6018 1817 819
f 6018 819 5345
f 820 1443 6019
f 1443 1816 6019
f 6020 5246 3983
f 5546 6020 3983
f 5246 6020 5572
f 5572 6020 5546
f 6021 1178 2728
f 6021 2728 2729
f 431 6022 1737
f 6022 2921 1737
f 3305 6022 431
f 3305 3304 6022
f 3461 2726 6022
f 6022 2729 3461
f 2726 5473 6022
f 6022 5473 2921
f 6022 6021 2729
f 3304 6021 6022
f 6023 1180 3302
f 6023 3302 3303
f 432 1736 6024
f 2731 2730 6024
f 6024 1736 2922
f 3303 432 6024
f 2727 3460 6024
f 6024 3460 2731
f 5472 2727 6024
f 2922 5472 6024
f 2730 6023 6024
f 6024 6023 3303
f 976 3847 6025
f 6025 3847 2269
f 991 6025 5918
f 6025 2269 5918
f 989 6026 1300
f 2270 6026 989
f 2270 2987 6026
f 2987 3846 6026
f 2278 6028 4075
f 3636 6029 4369
f 6030 1865 1724
f 6030 3028 1865
f 3244 6030 1724
f 5471 3028 6030
f 3243 6031 985
f 1864 6031 3243
f 1864 4076 6031
f 4076 3029 6031
f 6032 1926 2347
f 2749 4223 6032
f 5562 6032 2347
f 2749 6032 5562
f 1925 1803 6033
f 6033 2748 1503
f 5563 6033 1503
f 1925 6033 5563
f 2145 6034 462
f 6034 4406 462
f 5075 6034 2145
f 6034 5075 4578
f 4406 6034 5914
f 5914 6034 4578
f 6035 4405 505
f 6035 5074 464
f 5912 6035 505
f 5074 6035 5912
f 795 6036 3215
f 6036 3661 3215
f 6036 5568 3661
f 795 5871 6036
f 5871 5568 6036
f 530 6038 5114
f 5012 6039 5013
f 5600 6039 199
f 200 6040 527
f 5013 6040 200
f 6040 5601 527
f 6040 5600 5601
f 5013 6039 6040
f 6039 5600 6040
f 6042 5386 876
f 5629 5386 6042
f 877 6043 876
f 6043 877 5614
f 5387 6043 5614
f 876 6043 6042
f 2096 6044 2094
f 2215 6044 2096
f 2274 2159 6045
f 2274 6045 3978
f 3978 6045 5593
f 6046 3544 3545
f 6046 2720 5249
f 3544 6046 5800
f 5800 6046 5249
f 2721 2720 6047
f 6047 3545 1167
f 5803 6047 1167
f 2721 6047 5803
f 2720 6046 6047
f 6047 6046 3545
f 2600 158 6048
f 4269 2600 6048
f 4270 6049 3637
f 4270 4269 6049
f 4269 6048 6049
f 6050 160 4267
f 6050 4267 4268
f 6051 4268 3639
f 6051 6050 4268
f 2242 1818 6052
f 6052 2320 2321
f 1818 5588 6052
f 6052 5588 2320
f 2243 6053 12
f 2243 2242 6053
f 12 6053 2321
f 2242 6052 6053
f 6053 6052 2321
f 6054 2240 2241
f 2318 4637 6054
f 6054 5590 2240
f 4637 5590 6054
f 6055 2241 10
f 2319 6055 10
f 2319 2318 6055
f 6055 6054 2241
f 2318 6054 6055
f 6057 2027 2365
f 3931 3932 6057
f 6058 2028 2027
f 6058 3394 2028
f 5158 3394 6058
f 3932 5158 6058
f 6057 6058 2027
f 3932 6058 6057
f 2025 2026 6059
f 6059 3929 1877
f 3396 6060 2026
f 6060 3396 3930
f 6060 3930 3929
f 2026 6060 6059
f 6059 6060 3929
f 6061 412 616
f 6061 616 1093
f 4702 6061 1093
f 1465 6061 4702
f 5450 412 6061
f 1465 5450 6061
f 1338 413 6062
f 615 1338 6062
f 6062 413 1466
f 615 6062 4701
f 1709 6063 1084
f 6063 1709 1710
f 6063 314 5932
f 1084 6063 5932
f 315 314 6064
f 315 6064 1087
f 1087 6064 1006
f 6064 1710 1006
f 314 6063 6064
f 6064 6063 1710
f 6065 316 317
f 316 6065 1088
f 1088 6065 999
f 6065 1711 999
f 1712 6066 1091
f 1712 1711 6066
f 6066 317 5931
f 1091 6066 5931
f 6066 6065 317
f 1711 6065 6066
f 4415 6067 3500
f 6067 3076 4919
f 3500 6067 4919
f 3077 302 6068
f 3077 6068 3499
f 302 4416 6068
f 3074 2816 6069
f 3074 6069 3504
f 3075 6070 304
f 6070 4414 304
f 4414 6070 3503
f 6070 3075 4922
f 3503 6070 4922
f 1240 6071 834
f 1240 2282 6071
f 6071 4901 1875
f 2282 4901 6071
f 833 6072 1627
f 6072 1241 1627
f 1876 6072 833
f 6072 4900 1241
f 1557 6073 2162
f 6073 4352 2162
f 4663 6073 1557
f 4663 4664 6073
f 14 4353 6074
f 6074 4353 4352
f 6074 4664 14
f 6073 6074 4352
f 4664 6074 6073
f 1559 6075 2312
f 4354 6075 1559
f 4354 4355 6075
f 6075 4661 2312
f 6076 4355 4
f 4662 6076 4
f 6076 4662 4661
f 4355 6076 6075
f 6075 6076 4661
f 123 5113 6077
f 6077 5113 3538
f 5528 123 6077
f 6077 5529 5528
f 3539 857 6078
f 3539 6078 3538
f 3538 6078 6077
f 6078 5529 6077
f 6079 3537 3536
f 6079 5112 5526
f 5527 858 6080
f 5527 6080 5526
f 6080 3537 6079
f 5526 6080 6079
f 2051 2052 6081
f 5743 6081 1986
f 2051 6081 5743
f 6082 2052 5056
f 2052 6082 6081
f 6083 2049 1738
f 5741 6083 1738
f 6084 2050 2049
f 4714 2050 6084
f 6083 6084 2049
f 569 642 6085
f 642 2515 6085
f 6085 2515 3280
f 569 6085 4896
f 6085 3280 4896
f 2020 6086 2884
f 6086 1475 3133
f 6086 3133 2884
f 4791 1475 6086
f 5178 6086 2020
f 5178 4791 6086
f 2651 1476 6087
f 3132 6087 2021
f 3132 2651 6087
f 2021 6087 4937
f 6087 1476 5177
f 6087 5177 4937
f 6088 2022 3172
f 6088 3172 4367
f 3183 6088 4367
f 4977 2022 6088
f 5226 6088 3183
f 5226 4977 6088
f 2931 2023 6089
f 3171 2931 6089
f 3171 6089 3184
f 6089 2023 5225
f 221 6093 2585
f 6093 1498 2585
f 1497 6094 220
f 220 6094 2645
f 1497 2833 6094
f 6095 98 70
f 2573 98 6095
f 5654 2573 6095
f 5654 6095 5655
f 6096 70 71
f 6096 71 1551
f 99 6096 1551
f 5655 6096 99
f 6095 70 6096
f 5655 6095 6096
f 6097 974 973
f 974 6098 4651
f 4651 6098 2459
f 6098 974 6097
f 6099 644 643
f 643 2279 6099
f 6100 5622 3951
f 5622 6100 5621
f 644 6100 5922
f 5922 6100 3951
f 6100 644 6099
f 5621 6100 6099
f 6101 646 645
f 645 732 6101
f 732 5923 6101
f 6101 5923 5623
f 5624 6102 5623
f 6102 646 6101
f 5623 6102 6101
f 6103 2895 2896
f 6103 5625 2895
f 6104 2896 3637
f 6104 6103 2896
f 2897 2988 6105
f 2988 5627 6105
f 2898 2897 6106
f 2898 6106 3639
f 2897 6105 6106
f 6107 147 148
f 2497 3300 6107
f 1858 6108 148
f 2498 6108 1858
f 2498 2497 6108
f 6108 6107 148
f 2497 6107 6108
f 6109 2499 2500
f 146 145 6110
f 146 6110 1859
f 1859 6110 4600
f 6110 2500 4600
f 145 6109 6110
f 6110 6109 2500
f 6111 40 41
f 6112 41 4469
f 6112 6111 41
f 39 38 6114
f 39 6114 4471
f 38 6113 6114
f 4440 4441 6115
f 6115 3689 5247
f 4440 6115 5247
f 6116 3344 3537
f 858 6116 6080
f 6080 6116 3537
f 3343 6117 2525
f 6117 857 3539
f 2525 6117 3539
f 6117 3343 4713
f 1650 280 6120
f 2128 1650 6120
f 6120 280 2367
f 6120 2367 2368
f 2129 2128 6121
f 6121 5694 2129
f 6121 2368 5694
f 2128 6120 6121
f 6121 6120 2368
f 2027 282 6122
f 6122 282 2130
f 6122 2130 2131
f 2365 2027 6122
f 2366 2365 6123
f 6123 2131 2835
f 5695 2366 6123
f 5695 6123 2835
f 6123 6122 2131
f 2365 6122 6123
f 6124 2255 2256
f 6124 4057 2255
f 663 5665 6124
f 5665 4057 6124
f 10 664 6125
f 664 663 6125
f 10 6125 2256
f 663 6124 6125
f 6125 6124 2256
f 6126 665 666
f 2253 2903 6126
f 6126 4059 665
f 2903 4059 6126
f 6127 666 12
f 12 2254 6127
f 2254 2253 6127
f 6127 6126 666
f 2253 6126 6127
f 4246 6128 3212
f 6128 4408 2307
f 4408 6128 4246
f 1184 2445 6129
f 6129 4163 1184
f 2445 5974 6129
f 6129 5974 4163
f 6130 5455 1183
f 6130 5975 5455
f 1098 6131 1654
f 6131 978 2332
f 6131 3743 2229
f 4126 6131 1098
f 4126 2863 6131
f 5493 978 6131
f 2229 5493 6131
f 2863 5683 6131
f 6131 5683 3743
f 1043 1099 6132
f 6132 1099 1655
f 6132 1655 1295
f 2257 1890 6132
f 6132 977 2342
f 2342 2257 6132
f 4127 1043 6132
f 6132 1890 4127
f 4634 977 6132
f 1295 5643 6132
f 6133 401 402
f 401 6133 3193
f 3193 6133 5084
f 6134 6133 402
f 6135 336 337
f 6135 4817 336
f 337 1254 6136
f 1254 1161 6136
f 6136 1161 2175
f 2175 2174 6136
f 6136 6135 337
f 2174 6135 6136
f 338 339 6137
f 6137 1160 338
f 577 1160 6137
f 2176 577 6137
f 6138 2177 2176
f 6138 4818 2177
f 339 6138 6137
f 6137 6138 2176
f 6139 2178 2179
f 6139 4815 2178
f 341 340 6140
f 6140 1159 341
f 580 1159 6140
f 2179 580 6140
f 340 6139 6140
f 6140 6139 2179
f 342 1255 6141
f 1255 1158 6141
f 6141 1158 2180
f 2180 2181 6141
f 6142 343 342
f 6142 4816 343
f 6141 6142 342
f 2181 6142 6141
f 6143 154 21
f 1670 154 6143
f 3988 1670 6143
f 6143 21 4999
f 6144 155 3989
f 6144 3989 2230
f 6145 1866 395
f 4745 2727 6145
f 6145 5472 1866
f 2727 5472 6145
f 1867 2921 6146
f 2921 5473 6146
f 6146 5473 4744
f 6147 2661 29
f 6147 4889 2661
f 3109 4889 6147
f 2662 4159 6148
f 4159 4888 6148
f 2608 6149 3727
f 6149 5319 3727
f 6150 5320 5319
f 6149 6150 5319
f 2610 6151 3437
f 5321 6151 2610
f 5321 5322 6151
f 1256 1159 6152
f 6152 5322 5054
f 5322 6152 6151
f 709 4114 6153
f 4226 4116 6155
f 6157 1765 2363
f 6157 2363 4646
f 4970 6157 4646
f 2687 1766 6158
f 2364 2687 6158
f 2364 6158 4969
f 4969 6158 3130
f 6159 3556 1643
f 6159 1643 4515
f 3273 6159 4515
f 4736 6159 3273
f 1642 1357 6160
f 1642 6160 3274
f 1357 3555 6160
f 3274 6160 3800
f 6160 3555 4735
f 6160 4735 3800
f 6161 2886 2657
f 6161 4371 2886
f 1147 5924 6161
f 5924 4371 6161
f 2885 2656 6162
f 6162 1148 4337
f 6162 4372 1148
f 2656 4372 6162
f 6163 229 1789
f 6163 1789 1695
f 3370 6163 1695
f 4054 229 6163
f 1429 230 6164
f 1790 1429 6164
f 1790 6164 3371
f 3371 6164 1791
f 3106 6165 1637
f 2697 6165 3106
f 6165 1381 4259
f 6165 4259 1637
f 6166 1382 2696
f 4258 6166 3107
f 6167 2638 1936
f 6167 3019 2638
f 1306 4404 6167
f 4404 3019 6167
f 2639 1417 6168
f 6168 3018 1307
f 1417 3018 6168
f 6168 1307 4341
f 2516 2448 6169
f 2516 6169 4129
f 6169 4951 4129
f 6170 2279 2280
f 2279 6170 6099
f 6099 6170 5621
f 2280 646 6171
f 646 6102 6171
f 6171 6170 2280
f 705 54 6172
f 705 6172 2762
f 6172 2453 2762
f 6172 54 3982
f 3982 2453 6172
f 465 6173 986
f 465 1942 6173
f 986 6173 3244
f 1942 5471 6173
f 6173 6030 3244
f 6173 5471 6030
f 6174 466 1398
f 985 6174 1398
f 6174 5470 466
f 3029 5470 6174
f 6031 6174 985
f 6031 3029 6174
f 433 6176 1117
f 6176 433 4589
f 6177 2337 2336
f 2336 2613 6177
f 2613 4989 6177
f 6177 4989 5061
f 5062 6178 5061
f 5062 5945 6178
f 6178 2337 6177
f 5061 6178 6177
f 6179 4990 2334
f 3314 4990 6179
f 5059 3314 6179
f 6179 5060 5059
f 2335 6180 2334
f 6180 4891 5060
f 2335 5944 6180
f 5944 4891 6180
f 2334 6180 6179
f 6180 5060 6179
f 137 6181 2362
f 137 4430 6181
f 2362 6181 4442
f 6181 5686 4442
f 6182 136 1460
f 2361 6182 1460
f 5687 6182 2361
f 5687 4773 6182
f 2077 1258 6183
f 2077 6183 5762
f 5762 6183 5324
f 6184 2076 2546
f 5761 6184 2546
f 1673 6186 3518
f 6187 1703 2880
f 4524 1703 6187
f 6187 2880 4530
f 5685 6187 4530
f 4095 1702 6188
f 2879 4095 6188
f 2879 6188 5684
f 5684 6188 3603
f 1253 4966 6189
f 6189 5055 4947
f 4966 5570 6189
f 6189 5570 5055
f 6190 1254 337
f 5056 5320 6190
f 6190 6150 1254
f 5320 6150 6190
f 6191 1255 342
f 6191 5571 1255
f 6192 5054 4942
f 6192 1256 6152
f 6192 6152 5054
f 736 2380 6193
f 6193 2841 1537
f 6193 2380 2841
f 3267 736 6193
f 3874 6193 1537
f 3267 6193 3874
f 6194 2381 3268
f 2842 6194 3875
f 5734 2381 6194
f 2842 5734 6194
f 866 6195 155
f 155 6195 1669
f 6195 267 3574
f 6195 3574 1669
f 6196 268 865
f 1732 268 6196
f 3575 6196 154
f 3575 1732 6196
f 6197 5583 3970
f 6198 3489 2522
f 6198 5582 3489
f 6199 3032 1320
f 3287 6199 1320
f 5757 6199 3287
f 5757 5758 6199
f 3033 6200 2171
f 6200 3033 3032
f 6200 5758 2171
f 6199 6200 3032
f 5758 6200 6199
f 3030 3031 6201
f 3030 6201 3289
f 3289 6201 4616
f 6201 5759 4616
f 3031 3709 6202
f 3709 4445 6202
f 6202 4445 5760
f 6202 5760 5759
f 3031 6202 6201
f 6201 6202 5759
f 4836 3594 6203
f 5497 6203 958
f 5497 4836 6203
f 958 6203 5966
f 3092 3595 6204
f 6204 3595 5496
f 956 6204 5772
f 6204 5496 5772
f 6205 241 242
f 6205 3199 241
f 1530 3199 6205
f 3673 1530 6205
f 3566 6206 242
f 3674 6206 3566
f 3674 3673 6206
f 6206 6205 242
f 3673 6205 6206
f 6207 3201 3671
f 6207 3671 3672
f 240 239 6208
f 240 6208 3566
f 6208 3672 3566
f 239 6207 6208
f 6208 6207 3672
f 6209 1336 256
f 3283 3284 6209
f 6210 1337 1336
f 1337 6210 3567
f 6210 3284 3567
f 6209 6210 1336
f 3284 6210 6209
f 1334 1335 6211
f 6212 3286 3285
f 3567 6212 1335
f 3286 6212 3567
f 1335 6212 6211
f 6211 6212 3285
f 2833 6213 6094
f 430 823 6214
f 6214 823 2834
f 6214 2834 1498
f 6093 6214 1498
f 6215 324 1257
f 6216 325 2876
f 6217 19 712
f 3519 19 6217
f 6217 3976 3519
f 6056 6217 712
f 3976 6217 6056
f 4335 6218 3518
f 1977 6219 3982
f 6219 5245 3982
f 5438 5245 6219
f 5852 6219 1977
f 6220 4402 4588
f 1146 6221 1870
f 6221 2614 3382
f 1146 5330 6221
f 5330 2614 6221
f 6222 2615 1145
f 3381 6222 1869
f 6222 1145 5058
f 1869 6222 5058
f 1212 6223 64
f 2431 6223 1212
f 6223 3558 64
f 6223 2100 3558
f 6224 2099 2432
f 3559 6224 1213
f 1213 6224 3731
f 6224 2432 3731
f 6006 2099 6224
f 3559 6006 6224
f 6225 260 261
f 6225 1507 260
f 5312 1507 6225
f 6226 261 4538
f 6226 6225 261
f 263 262 6228
f 263 6228 4538
f 262 6227 6228
f 6229 1740 1741
f 6229 4177 1740
f 3727 5319 6229
f 5319 4177 6229
f 6230 1741 2414
f 3331 6230 2414
f 3728 6230 3331
f 3728 3727 6230
f 6230 6229 1741
f 3727 6229 6230
f 1738 2049 6231
f 6231 3729 3730
f 2049 4179 6231
f 6231 4179 3729
f 1739 1738 6232
f 1739 6232 3330
f 6232 3730 3330
f 1738 6231 6232
f 6232 6231 3730
f 349 6233 875
f 6233 1731 2037
f 6234 350 406
f 874 6234 406
f 6234 1730 350
f 2038 6234 874
f 3208 1730 6234
f 2038 3208 6234
f 6235 1634 2228
f 5454 6235 2228
f 5779 122 6235
f 5779 6235 5454
f 1635 1697 6236
f 1635 6236 5453
f 5453 6236 3737
f 6236 5778 3737
f 4239 6237 751
f 4239 1369 6237
f 881 6238 752
f 752 6238 3339
f 6238 4238 3339
f 6239 1888 1381
f 3052 6239 2697
f 6239 1381 6165
f 2697 6239 6165
f 1382 6240 2696
f 6240 1887 3051
f 1382 4728 6240
f 4728 1887 6240
f 2461 6241 2251
f 6242 1963 1608
f 6242 5188 1963
f 1964 2637 6243
f 6243 1493 5000
f 6243 5187 1493
f 2637 5187 6243
f 6244 4526 1619
f 6244 4032 4526
f 2079 5081 6244
f 5081 4032 6244
f 6245 4033 2078
f 6245 2078 4866
f 5407 4033 6245
f 4527 5407 6245
f 4000 6246 4001
f 1773 6246 4956
f 6246 4000 4956
f 1580 4104 6247
f 6247 4104 4001
f 4001 6246 6247
f 6248 4003 4002
f 1581 6248 4105
f 6248 4002 4751
f 4105 6248 4751
f 1096 790 6249
f 4003 6249 4957
f 6249 4003 6248
f 6250 2000 3509
f 1400 6250 5458
f 6251 2002 1399
f 6251 1399 5051
f 3508 6251 5459
f 5459 6251 5051
f 5612 2002 6251
f 3508 5612 6251
f 1356 3434 6252
f 6252 3434 3281
f 6252 3281 4895
f 6253 1606 3716
f 4855 6253 3716
f 1607 6254 13
f 6254 1607 1606
f 6253 6254 1606
f 1604 1605 6255
f 1604 6255 4857
f 6256 1605 11
f 1605 6256 6255
f 952 953 6257
f 6258 953 3567
f 953 6258 6257
f 6259 954 3350
f 6260 955 954
f 955 6260 3567
f 6259 6260 954
f 6261 2753 2754
f 435 3145 6261
f 436 435 6262
f 2754 4137 6262
f 435 6261 6262
f 6262 6261 2754
f 3337 6263 774
f 855 6263 3337
f 855 3362 6263
f 3362 2914 6263
f 6263 5850 774
f 6263 2914 5850
f 6264 856 272
f 6264 2913 856
f 3336 6264 272
f 4576 2913 6264
f 5851 6264 3336
f 5851 4576 6264
f 6265 204 205
f 6265 3285 204
f 6211 3285 6265
f 6266 205 3566
f 6266 6265 205
f 202 1284 6267
f 1284 3283 6267
f 203 202 6268
f 203 6268 3566
f 202 6267 6268
f 4114 4228 6269
f 6153 4114 6269
f 6154 6270 4540
f 6154 6153 6270
f 6153 6269 6270
f 1288 4226 6271
f 6271 4226 6155
f 6271 6155 6156
f 6272 6156 4542
f 6272 6271 6156
f 60 6273 4130
f 6273 679 4684
f 4130 6273 4684
f 9 6274 4370
f 5103 6274 9
f 6274 5103 1693
f 4370 6274 5672
f 5776 6274 1693
f 5672 6274 5776
f 4369 6275 9
f 9 6275 5102
f 6275 298 5102
f 6275 5732 298
f 4369 6029 6275
f 6029 5732 6275
f 6277 4137 2754
f 4137 6277 4136
f 4136 6277 6276
f 6278 3676 522
f 5784 6278 522
f 6278 5784 5785
f 525 3677 6279
f 3677 3676 6279
f 3676 6278 6279
f 6279 6278 5785
f 3108 396 6280
f 3018 6280 4403
f 6280 396 5987
f 6280 5987 4403
f 3019 6281 1418
f 5988 6281 3019
f 6282 3734 3733
f 4212 3552 6282
f 3733 4212 6282
f 6282 3552 4291
f 4292 3540 6283
f 4292 6283 4291
f 6283 3734 6282
f 4291 6283 6282
f 6284 3736 3735
f 6285 3553 3736
f 4294 6285 4293
f 5166 3553 6285
f 4294 5166 6285
f 6285 3736 6284
f 4293 6285 6284
f 2979 6185 6286
f 6286 6185 3219
f 6186 1673 6287
f 5373 6186 6287
f 2518 2519 6288
f 5868 6288 1700
f 2518 6288 5868
f 6289 2519 13
f 2519 6289 6288
f 6290 2520 2056
f 5866 6290 2056
f 2521 6291 11
f 6291 2521 2520
f 6290 6291 2520
f 1314 6292 2091
f 1314 5283 6292
f 5283 5377 6292
f 6293 1315 425
f 2090 6293 425
f 647 5376 6293
f 6293 5376 1315
f 6294 3151 4389
f 3151 3372 6295
f 6296 340 341
f 6296 1174 340
f 2435 1174 6296
f 4941 2435 6296
f 341 1256 6297
f 4942 4941 6297
f 1256 6192 6297
f 6297 6192 4942
f 6297 6296 341
f 4941 6296 6297
f 342 343 6298
f 4943 5053 6298
f 6298 6191 342
f 5053 6191 6298
f 6299 1175 4944
f 6299 4944 4943
f 343 6299 6298
f 6298 6299 4943
f 6300 1176 4945
f 6300 4945 4946
f 337 336 6301
f 4946 5056 6301
f 6301 6190 337
f 5056 6190 6301
f 336 6300 6301
f 6301 6300 4946
f 338 1253 6302
f 4947 4948 6302
f 1253 6189 6302
f 6302 6189 4947
f 6303 339 338
f 6303 1177 339
f 2434 1177 6303
f 4948 2434 6303
f 6302 6303 338
f 4948 6303 6302
f 6304 4335 1297
f 6218 4335 6304
f 6090 6218 6304
f 1258 325 6305
f 1258 6305 6183
f 325 6216 6305
f 6306 1257 2076
f 6184 6306 2076
f 776 6215 6306
f 6306 6215 1257
f 6307 1684 1659
f 678 6307 2217
f 2217 6307 1659
f 678 3131 6307
f 6307 4970 1684
f 3131 4970 6307
f 6308 677 605
f 2218 6308 605
f 1683 6308 2218
f 1683 4647 6308
f 6308 4969 677
f 4647 4969 6308
f 1174 6309 340
f 6309 1174 1175
f 340 6309 6139
f 6309 4815 6139
f 4816 6310 343
f 4816 4815 6310
f 343 6310 6299
f 6310 1175 6299
f 6310 6309 1175
f 4815 6309 6310
f 4817 6311 336
f 6311 4817 4818
f 336 6311 6300
f 6311 1176 6300
f 1177 6312 339
f 1177 1176 6312
f 339 6312 6138
f 6312 4818 6138
f 1176 6311 6312
f 6312 6311 4818
f 6313 860 5008
f 6313 5008 1408
f 600 6313 5485
f 5485 6313 1408
f 601 6314 283
f 283 6314 1649
f 6314 601 3260
f 6314 5009 1649
f 5484 6314 3260
f 5009 6314 5484
f 6315 859 598
f 6315 598 3257
f 3784 859 6315
f 5010 3784 6315
f 5481 6315 3257
f 5010 6315 5481
f 281 6316 599
f 6316 281 5011
f 6316 5011 1411
f 599 6316 5480
f 5480 6316 1411
f 6317 4739 231
f 6317 623 4739
f 4899 6317 231
f 5554 623 6317
f 5926 6317 4899
f 5926 5554 6317
f 1945 624 6318
f 4738 1945 6318
f 4738 6318 4898
f 6318 624 5927
f 6319 1945 4738
f 3005 5736 6319
f 6320 3004 299
f 3853 3854 6321
f 5889 6321 1698
f 3853 6321 5889
f 6322 3854 11
f 3854 6322 6321
f 6323 3855 2839
f 5887 6323 2839
f 3856 6324 13
f 6324 3856 3855
f 6323 6324 3855
f 6325 2284 1731
f 3957 2284 6325
f 5619 6325 349
f 5619 3957 6325
f 349 6325 6233
f 6325 1731 6233
f 1730 6326 350
f 1730 3527 6326
f 3527 2283 6326
f 350 6326 5255
f 6326 2283 5620
f 6326 5620 5255
f 124 6327 3793
f 6327 2409 5740
f 6327 5740 3793
f 123 6328 5113
f 5739 6328 123
f 5970 2408 6328
f 5739 5970 6328
f 4299 6330 4222
f 2267 6331 569
f 1114 453 6332
f 453 1934 6332
f 6332 1934 1292
f 1114 6332 3215
f 6332 1292 3215
f 6333 4136 2753
f 6333 4137 4136
f 6261 6333 2753
f 3145 6333 6261
f 6334 3146 436
f 3146 6334 3145
f 6262 6334 436
f 4137 6334 6262
f 3145 6334 6333
f 6334 4137 6333
f 6335 950 951
f 6335 3152 950
f 1863 6336 951
f 6336 1863 3153
f 3153 3152 6336
f 6336 6335 951
f 3152 6335 6336
f 9 6337 5439
f 6337 2616 5880
f 6337 5880 5439
f 5438 6338 9
f 6338 5852 5767
f 5438 6219 6338
f 6219 5852 6338
f 4388 6339 4876
f 6339 5093 4233
f 4232 6340 4875
f 6340 5092 4387
f 307 5491 6341
f 5491 5451 6341
f 6342 308 4056
f 6342 5452 308
f 421 5452 6342
f 6343 1668 348
f 6343 405 1668
f 1951 6343 348
f 2533 405 6343
f 5422 6343 1951
f 5422 2533 6343
f 874 406 6344
f 1667 874 6344
f 1667 6344 1952
f 6344 406 5423
f 1952 6344 5746
f 6344 5423 5746
f 1676 2266 6345
f 1676 6345 3977
f 2266 4385 6345
f 3977 6345 4635
f 6345 4385 4635
f 377 376 6346
f 6346 376 817
f 1076 6346 817
f 6118 6346 1076
f 377 6347 1077
f 6347 6118 6119
f 377 6346 6347
f 6346 6118 6347
f 6348 1011 2910
f 6348 4744 1011
f 6146 4744 6348
f 2115 6350 1274
f 2316 6350 2115
f 6350 2642 1274
f 6350 5952 2642
f 2317 6351 1441
f 6351 2643 1441
f 2643 6351 2114
f 2114 6351 5029
f 6351 2317 5029
f 2640 6352 2119
f 2640 4426 6352
f 2119 6352 5030
f 6352 2316 5030
f 6352 5953 2316
f 4426 5953 6352
f 2118 6353 1277
f 6353 2317 1439
f 2317 6353 2118
f 6353 2641 1277
f 2641 6353 1439
f 384 2205 6354
f 5786 384 6354
f 6354 2205 5907
f 6354 5907 5908
f 6355 2206 385
f 3589 2206 6355
f 6355 385 5787
f 5787 5786 6355
f 5908 3589 6355
f 5786 6354 6355
f 6355 6354 5908
f 6356 767 768
f 5396 767 6356
f 5396 6356 5650
f 5650 6356 5722
f 6357 768 5399
f 5723 6357 5399
f 5723 5722 6357
f 6357 6356 768
f 5722 6356 6357
f 6358 29 4032
f 1418 6358 5081
f 5081 6358 4032
f 6358 6147 29
f 6359 1417 2639
f 28 2662 6359
f 28 6359 5080
f 5080 6359 2639
f 6359 6148 1417
f 2662 6148 6359
f 6360 1056 1057
f 6360 1721 1056
f 4540 6361 1057
f 4623 6361 4540
f 4623 4622 6361
f 6361 6360 1057
f 4622 6360 6361
f 1058 938 6362
f 938 1719 6362
f 6362 1719 4624
f 6362 4624 4625
f 1059 1058 6363
f 1059 6363 4542
f 6363 4625 4542
f 1058 6362 6363
f 6363 6362 4625
f 1261 1262 6364
f 1261 6364 4329
f 4329 6364 4390
f 13 6365 1262
f 1262 6365 6364
f 6366 1259 2875
f 4327 6366 2875
f 11 1260 6367
f 6367 1260 1259
f 6366 6367 1259
f 6368 2365 2366
f 1879 3931 6368
f 6368 6057 2365
f 3931 6057 6368
f 1880 1879 6369
f 1880 6369 5695
f 5695 6369 2366
f 1879 6368 6369
f 6369 6368 2366
f 6370 1877 1878
f 2367 2025 6370
f 6370 6059 1877
f 2025 6059 6370
f 2368 2367 6371
f 6371 1878 4779
f 2368 6371 5694
f 5694 6371 4779
f 6371 6370 1878
f 2367 6370 6371
f 2088 5188 6372
f 1494 6372 6242
f 6372 5188 6242
f 5187 6373 1493
f 2086 6373 5187
f 1493 6373 5238
f 1127 1126 6374
f 1128 1127 6375
f 6375 1129 1128
f 1129 6375 5957
f 1127 6374 6375
f 6376 426 2941
f 6376 3699 426
f 1332 3699 6376
f 4535 6376 2941
f 425 1315 6377
f 1315 3700 6377
f 425 6377 4534
f 4534 6377 1913
f 1784 6378 1876
f 6378 4583 4900
f 1784 5825 6378
f 5825 4583 6378
f 1876 6378 6072
f 6378 4900 6072
f 6379 4582 1783
f 4901 6379 1875
f 5180 4582 6379
f 4901 5180 6379
f 1300 6380 2663
f 3846 975 6380
f 6026 6380 1300
f 6026 3846 6380
f 1302 6381 991
f 6381 976 6025
f 6381 6025 991
f 308 305 6382
f 6382 305 1626
f 6382 1626 3424
f 4056 308 6382
f 5555 6382 3424
f 4056 6382 5555
f 1241 306 6383
f 1627 1241 6383
f 6383 306 4055
f 6383 4055 623
f 5554 6383 623
f 1627 6383 5554
f 1620 6384 4036
f 1620 4527 6384
f 4036 6384 5136
f 6384 4866 5136
f 4527 6245 6384
f 6384 6245 4866
f 6385 1619 4274
f 4037 6385 4274
f 4865 2079 6385
f 4865 6385 4037
f 6385 6244 1619
f 2079 6244 6385
f 5581 1706 6386
f 6386 1706 5653
f 6386 5653 3216
f 6037 6386 3216
f 6037 5581 6386
f 1234 1235 6387
f 1234 6387 1748
f 3571 6388 1235
f 1235 6388 6387
f 6389 1232 3484
f 1746 6389 3484
f 6390 1233 1232
f 3569 1233 6390
f 6389 6390 1232
f 4985 6391 823
f 4985 4508 6391
f 824 6392 429
f 6392 4986 429
f 5516 6392 824
f 6393 3631 5593
f 5799 6393 2159
f 3631 6393 5799
f 2159 6393 6045
f 6045 6393 5593
f 6394 2158 2994
f 6394 5474 1168
f 5592 6394 2994
f 5592 5474 6394
f 5798 6394 1168
f 2158 6394 5798
f 6395 1683 1658
f 2527 6395 1658
f 6395 5405 1683
f 2907 5405 6395
f 2526 6396 157
f 1684 6396 2526
f 1684 4646 6396
f 4646 5404 6396
f 6397 2043 2044
f 6398 6397 2044
f 2046 2045 6400
f 2045 6399 6400
f 500 4310 6401
f 2098 6402 4129
f 4129 6402 5707
f 1723 6403 2456
f 2528 6403 1723
f 6403 2542 2456
f 296 6404 1622
f 296 5670 6404
f 174 6405 1623
f 174 5201 6405
f 3585 6406 1922
f 3585 2189 6406
f 1922 6406 5229
f 6406 4015 5229
f 1921 6407 1576
f 6407 3584 1576
f 4014 6407 1921
f 1820 747 6408
f 6408 747 2221
f 6408 2221 2222
f 2240 1820 6408
f 6409 2222 10
f 10 2241 6409
f 2241 2240 6409
f 6409 6408 2222
f 2240 6408 6409
f 1787 745 6410
f 2219 1787 6410
f 6410 745 2242
f 6410 2242 2243
f 12 2220 6411
f 2220 2219 6411
f 6411 2243 12
f 2219 6410 6411
f 6411 6410 2243
f 6412 559 1873
f 6412 5699 559
f 4739 1946 6414
f 6414 299 5861
f 6414 6320 299
f 1946 6320 6414
f 300 3005 6415
f 6415 4738 232
f 3005 6319 6415
f 6415 6319 4738
f 1183 2333 6416
f 2333 1835 6416
f 1835 3006 6416
f 6416 3136 1183
f 6416 3006 3136
f 1178 1179 6417
f 6417 186 2302
f 1178 6417 2728
f 2728 6417 2302
f 6418 187 186
f 187 6418 4539
f 4539 6418 1179
f 6417 6418 186
f 1179 6418 6417
f 184 185 6419
f 184 6419 2730
f 6419 1180 6023
f 2730 6419 6023
f 6420 1181 1180
f 6420 185 4539
f 1181 6420 4539
f 185 6420 6419
f 6419 6420 1180
f 479 480 6421
f 479 6421 4344
f 4541 6422 480
f 5288 6422 4541
f 6422 5288 5287
f 480 6422 6421
f 6421 6422 5287
f 6423 481 807
f 4342 6423 807
f 5285 6423 4342
f 5285 5286 6423
f 6424 482 481
f 4543 482 6424
f 6424 5286 4543
f 6423 6424 481
f 5286 6424 6423
f 1802 3139 6425
f 6425 3463 1713
f 3139 3463 6425
f 6425 1713 5583
f 1714 2704 6426
f 6426 3462 1801
f 2704 3462 6426
f 6426 1801 5891
f 3540 6427 3541
f 6427 3540 4292
f 5397 6427 4292
f 5398 6428 1354
f 3541 6428 5398
f 3541 6427 6428
f 6429 1344 1345
f 1344 6429 3823
f 3823 6429 4592
f 6429 4096 4592
f 6430 1345 4027
f 3826 6430 4027
f 4097 6430 3826
f 4097 4096 6430
f 6430 6429 1345
f 4096 6429 6430
f 6431 1346 4020
f 3819 6431 4020
f 4098 6431 3819
f 6431 4098 4099
f 1347 1346 6432
f 1347 6432 3822
f 3822 6432 4599
f 6432 4099 4599
f 1346 6431 6432
f 6432 6431 4099
f 82 6433 4130
f 4130 6433 1764
f 6433 5843 1764
f 1332 6434 3699
f 6434 4248 3699
f 4247 6435 1333
f 6436 249 46
f 1822 6436 46
f 1923 6436 1822
f 4589 249 6436
f 6436 1923 4589
f 815 2942 6439
f 815 6439 4121
f 4121 6439 1966
f 2942 4534 6439
f 6440 816 2439
f 4120 6440 2439
f 6440 4535 816
f 1914 4535 6440
f 6441 5366 3641
f 5365 834 6442
f 6442 1765 6157
f 2776 6444 441
f 2776 3573 6444
f 3573 3522 6444
f 441 6444 4872
f 442 6445 846
f 6445 2777 846
f 139 3523 6445
f 6445 3523 2777
f 6446 2213 3354
f 6446 3354 2751
f 429 4986 6446
f 4986 2213 6446
f 429 6446 5425
f 5425 6446 2751
f 484 6447 2701
f 2701 6447 5985
f 6447 3223 5985
f 3222 6448 2700
f 3222 4885 6448
f 6448 483 5973
f 2700 6448 5973
f 6449 2212 430
f 3355 6449 5424
f 5892 1802 6450
f 5892 6450 3488
f 3488 6450 6197
f 6450 5583 6197
f 1802 6425 6450
f 6450 6425 5583
f 5582 1714 6451
f 5582 6451 3489
f 1714 6426 6451
f 6451 6426 5891
f 1397 986 6452
f 6452 986 2974
f 4859 1397 6452
f 6452 2974 5487
f 3243 985 6453
f 2973 3243 6453
f 6453 985 4860
f 6453 4860 3224
f 2095 1326 6454
f 1490 2236 6454
f 3844 2095 6454
f 1978 880 6455
f 880 5834 6455
f 6041 2094 6455
f 6455 2094 6044
f 6044 2215 6455
f 6456 2566 3156
f 3319 6456 2595
f 4009 2566 6456
f 3319 4009 6456
f 2595 6456 4118
f 6456 3156 4118
f 2511 2567 6457
f 2594 6457 2931
f 3155 2511 6457
f 3155 6457 2594
f 6457 2567 3318
f 6457 3318 2931
f 1586 1587 6458
f 1586 6458 5980
f 5980 6458 1988
f 3099 1794 6459
f 6459 1587 4499
f 1587 6459 6458
f 6460 1584 1479
f 5978 6460 1479
f 6461 1585 1584
f 1796 3101 6461
f 6460 6461 1584
f 6462 371 728
f 2570 6462 728
f 3001 6462 2570
f 370 6463 2571
f 2571 6463 2693
f 6463 3000 2693
f 370 4875 6463
f 2551 4458 6464
f 6465 2550 2199
f 1950 6466 3594
f 3594 6466 3093
f 6466 3619 3093
f 1950 4553 6466
f 3618 1280 6467
f 3618 6467 3595
f 6467 1949 4835
f 3595 6467 4835
f 6468 256 257
f 6468 6209 256
f 3283 6209 6468
f 6267 3283 6468
f 3566 6469 257
f 6268 6469 3566
f 6268 6267 6469
f 6469 6468 257
f 6267 6468 6469
f 254 1334 6470
f 1334 6211 6470
f 6470 6211 6265
f 6470 6265 6266
f 255 254 6471
f 3566 255 6471
f 6471 6266 3566
f 254 6470 6471
f 6471 6470 6266
f 1944 3850 6472
f 6472 3850 2548
f 778 6472 4334
f 6472 2548 4334
f 5003 6472 778
f 5003 1944 6472
f 2549 326 6473
f 2549 6473 777
f 326 3851 6473
f 6473 3851 5002
f 6474 1873 2656
f 5882 6474 2656
f 5326 6474 5882
f 6474 6412 1873
f 1874 558 6475
f 6475 5327 3368
f 1874 6475 5881
f 5881 6475 3368
f 558 6413 6475
f 6475 6413 5327
f 757 835 6476
f 4806 757 6476
f 1400 2668 6477
f 6477 2668 4807
f 4807 4806 6477
f 6250 1400 6477
f 4806 6476 6477
f 538 837 6478
f 6478 837 4804
f 6478 4804 4805
f 1399 6479 2669
f 6479 6478 4805
f 971 6480 1554
f 6480 3183 1554
f 3586 6480 971
f 6480 5226 3183
f 3586 5756 6480
f 5756 5226 6480
f 972 6481 2702
f 3184 6481 972
f 6481 3587 2702
f 6481 5225 3587
f 3184 6089 6481
f 6089 5225 6481
f 6482 1726 2555
f 4686 6482 2555
f 1727 6483 4685
f 4685 6483 2744
f 6484 5094 2447
f 1367 5432 6484
f 5432 5094 6484
f 2446 3991 6485
f 6485 1368 4529
f 6485 5095 1368
f 3991 5095 6485
f 6486 1704 976
f 6486 976 6381
f 6487 1705 156
f 6487 156 4140
f 880 6488 1671
f 6488 1162 1671
f 6488 880 1978
f 1162 6488 1978
f 6489 3582 1725
f 3604 6489 3834
f 6489 1725 4073
f 3834 6489 4073
f 5301 3582 6489
f 3604 5301 6489
f 1724 1865 6490
f 1865 3583 6490
f 6490 3583 3605
f 1724 6490 3835
f 6490 3605 4172
f 3835 6490 4172
f 372 3460 6491
f 4034 372 6491
f 4034 6491 1010
f 6491 3460 4745
f 1010 6491 6349
f 6491 4745 6349
f 2726 3461 6492
f 6492 3461 4035
f 4744 6492 1011
f 4744 2726 6492
f 5547 6493 3982
f 6493 5547 5573
f 6276 6494 5072
f 6277 6495 6276
f 6276 6495 6494
f 6496 825 4271
f 6496 4271 2818
f 5239 6496 2818
f 5199 6496 5239
f 6497 826 5200
f 6497 5200 4519
f 4271 6497 5240
f 5240 6497 4519
f 567 2980 6498
f 2980 4232 6498
f 6498 4875 370
f 6498 4232 4875
f 5844 6498 370
f 567 6498 5844
f 6499 566 3543
f 6499 4233 566
f 5845 6499 3543
f 4876 6499 5845
f 6339 4233 6499
f 4876 6339 6499
f 6500 6145 395
f 4745 6145 6500
f 6500 395 6281
f 5988 6500 6281
f 6349 4745 6500
f 6349 6500 5988
f 396 1867 6501
f 396 6501 5987
f 1867 6146 6501
f 6501 6146 6348
f 1855 1856 6502
f 1855 6502 4392
f 4392 6502 4327
f 6502 6366 4327
f 1856 11 6503
f 11 6367 6503
f 6503 6367 6366
f 1856 6503 6502
f 6502 6503 6366
f 6504 1853 3251
f 4390 6504 3251
f 6364 6504 4390
f 6364 6365 6504
f 1854 6505 13
f 6505 1854 1853
f 13 6505 6365
f 6504 6505 1853
f 6365 6505 6504
f 3771 6506 4430
f 6508 2549 4333
f 6508 4928 2549
f 2548 327 6509
f 327 4927 6509
f 9 329 6510
f 6510 329 138
f 6510 2134 9
f 2134 6510 2654
f 5962 6510 138
f 2654 6510 5962
f 6511 328 9
f 2135 6511 9
f 328 6511 3125
f 6511 2135 5664
f 3125 6511 5963
f 5963 6511 5664
f 5327 6512 3559
f 6512 6006 3559
f 6413 6512 5327
f 6413 5698 6512
f 6007 6513 5326
f 5326 6513 6474
f 6513 6412 6474
f 6514 450 2865
f 3770 6514 2865
f 449 6515 3771
f 449 4222 6515
f 3771 6515 6506
f 6516 1466 3088
f 4701 6516 4652
f 6062 1466 6516
f 4701 6062 6516
f 3089 6517 4653
f 4653 6517 4576
f 6517 1465 4702
f 6517 4702 4576
f 6518 3350 3351
f 6518 6259 3350
f 702 701 6519
f 702 6519 3566
f 3566 6519 3351
f 701 6518 6519
f 6519 6518 3351
f 6520 699 700
f 3352 952 6520
f 6520 6257 699
f 952 6257 6520
f 3353 3352 6521
f 3570 6521 700
f 3353 6521 3570
f 6521 6520 700
f 3352 6520 6521
f 6522 1650 2128
f 133 6523 620
f 6523 1651 1650
f 6523 133 2419
f 3611 211 6523
f 2419 3611 6523
f 6523 211 5011
f 5011 1651 6523
f 6522 6523 1650
f 1648 1649 6524
f 2417 131 6525
f 6525 213 3609
f 3609 2417 6525
f 5009 213 6525
f 1649 5009 6525
f 1649 6525 6524
f 6526 5829 5830
f 1126 5954 6526
f 6526 5954 5829
f 6374 1126 6526
f 6375 6527 5957
f 6375 6374 6527
f 6527 6526 5830
f 6374 6526 6527
f 70 6528 71
f 70 1550 6528
f 1550 1861 6528
f 6528 1861 4004
f 1551 71 6529
f 1551 6529 1862
f 6529 4005 1862
f 6529 4004 4005
f 71 6528 6529
f 6528 4004 6529
f 2925 447 6531
f 6531 4883 4882
f 447 448 6532
f 6531 447 6532
f 6531 6532 4883
f 6533 1436 3935
f 3603 6533 3935
f 6533 4525 1436
f 1702 4525 6533
f 6188 1702 6533
f 6188 6533 3603
f 1437 2295 6534
f 1437 6534 3602
f 2295 4524 6534
f 3602 6534 5685
f 6534 4524 6187
f 6534 6187 5685
f 4746 612 6535
f 612 4748 6535
f 6507 6535 3770
f 4746 6535 6507
f 6535 6514 3770
f 6535 4748 6514
f 6536 4749 4747
f 6515 6536 6506
f 6537 4348 2337
f 4348 6537 5936
f 5936 6537 4400
f 6537 5945 4400
f 6178 6537 2337
f 5945 6537 6178
f 6538 5944 2335
f 5944 6538 5938
f 4090 1304 6539
f 6539 1304 4110
f 4111 6540 4110
f 4111 5418 6540
f 5418 4614 6540
f 4110 6540 6539
f 3617 4615 6541
f 6541 4615 4112
f 4113 6542 4112
f 5706 1305 6542
f 4113 5706 6542
f 4112 6542 6541
f 1250 1489 6543
f 2216 1250 6543
f 6543 602 2544
f 6543 2769 2216
f 2528 2769 6543
f 6543 1489 3518
f 3884 2542 6543
f 2544 3884 6543
f 6403 2528 6543
f 6543 2542 6403
f 6544 2515 642
f 2541 2238 6544
f 6544 2543 602
f 2238 2543 6544
f 500 3154 6544
f 3154 1517 6544
f 107 3433 6544
f 3433 2515 6544
f 6544 1208 3519
f 6544 1517 3554
f 3554 2237 6544
f 3519 4161 6544
f 6544 4310 500
f 2237 5810 6544
f 6544 5810 2541
f 6185 2979 6544
f 6544 602 6543
f 3521 6546 3520
f 3520 6546 6545
f 3249 3325 6547
f 4885 3249 6547
f 6448 6547 483
f 4885 6547 6448
f 3003 3324 6548
f 6548 4884 3223
f 6548 3324 4884
f 6447 6548 3223
f 3754 2033 6549
f 6549 2033 5796
f 6549 5796 5797
f 5948 3754 6549
f 6550 5797 5015
f 5949 6550 5015
f 5949 5948 6550
f 6550 6549 5797
f 5948 6549 6550
f 3445 2035 6551
f 5794 3445 6551
f 6551 2035 5946
f 6551 5946 5947
f 5795 6552 5014
f 5795 5794 6552
f 5794 6551 6552
f 6552 6551 5947
f 6553 5953 1009
f 5953 6553 2316
f 2316 6553 6350
f 6553 5952 6350
f 1222 3741 6554
f 3741 4925 6554
f 6555 4926 1223
f 1629 4926 6555
f 6555 1223 5189
f 712 19 6556
f 1095 6557 789
f 6557 6246 789
f 6246 6557 6247
f 6558 1580 6247
f 6247 6557 6558
f 6559 6248 1581
f 6559 6249 6248
f 2298 1096 6560
f 6560 1096 6249
f 6560 6249 6559
f 6561 2236 2359
f 2359 3844 6561
f 2236 6561 6454
f 6454 6561 3844
f 2809 6562 4574
f 6562 6555 5189
f 6563 2808 4505
f 4575 6563 4505
f 5190 1222 6563
f 5190 6563 4575
f 1222 6554 6563
f 6563 6554 2808
f 6564 2297 2298
f 233 2485 6564
f 6564 5534 2297
f 2485 5534 6564
f 234 233 6565
f 234 6565 5537
f 233 6564 6565
f 6565 6564 2298
f 2504 6566 9
f 2504 362 6566
f 9 6567 2505
f 2505 6567 134
f 1509 6568 1071
f 6568 2394 1071
f 2433 6568 1509
f 6568 2433 2434
f 2395 6569 1512
f 2395 2394 6569
f 1512 6569 4948
f 6569 2434 4948
f 2394 6568 6569
f 6569 6568 2434
f 2396 6570 1513
f 6570 2396 2397
f 1513 6570 4941
f 6570 2435 4941
f 1516 6571 1070
f 6571 2397 1070
f 2436 6571 1516
f 2436 2435 6571
f 6571 6570 2397
f 2435 6570 6571
f 771 6572 3562
f 4235 6572 771
f 4235 1916 6572
f 1916 5268 6572
f 6572 5909 3562
f 6572 5268 5909
f 769 6573 4206
f 6573 4234 4206
f 6573 5267 4234
f 5559 5267 6573
f 5910 6573 769
f 5910 5559 6573
f 5295 5296 6574
f 11 3747 6575
f 6575 3747 3746
f 6575 5296 11
f 6574 6575 3746
f 5296 6575 6574
f 3748 3749 6576
f 6576 5297 3714
f 6577 3749 13
f 5298 6577 13
f 6577 5298 5297
f 3749 6577 6576
f 6576 6577 5297
f 4435 6578 1903
f 6578 4909 1903
f 4539 4910 6579
f 6579 4910 4909
f 6578 6579 4909
f 4437 6580 262
f 4907 6580 4437
f 4907 4908 6580
f 6581 4908 4539
f 4908 6581 6580
f 636 6582 523
f 6582 3096 523
f 3096 6582 3097
f 5730 6582 636
f 637 6583 1455
f 3097 6583 637
f 6583 5731 1455
f 6583 5730 5731
f 3097 6582 6583
f 6582 5730 6583
f 162 6584 1082
f 6584 3721 1082
f 3722 6585 163
f 3722 994 6585
f 163 6585 5659
f 6586 1009 1008
f 3720 614 6586
f 1008 3720 6586
f 6587 6553 1009
f 5952 6553 6587
f 6587 1009 6586
f 6588 613 1008
f 1009 6589 1008
f 1009 5953 6589
f 5953 4426 6589
f 1008 6589 6588
f 3540 6590 6283
f 6283 6590 3734
f 6591 3540 3541
f 6591 3541 4293
f 6284 6591 4293
f 6590 3540 6591
f 6592 4555 1563
f 4955 6592 1563
f 6592 4955 3141
f 6593 1538 3165
f 6593 3165 3166
f 5712 1538 6593
f 3166 3056 6594
f 3056 5160 6594
f 6594 6593 3166
f 3167 3168 6595
f 6595 5159 3167
f 3395 5159 6595
f 5674 1539 6596
f 3168 5674 6596
f 3168 6596 6595
f 5675 1540 6597
f 3161 5675 6597
f 3162 3161 6598
f 6598 5158 3162
f 3394 5158 6598
f 3161 6597 6598
f 3163 3053 6599
f 3053 5157 6599
f 6600 1541 3164
f 6600 3164 3163
f 5715 1541 6600
f 6599 6600 3163
f 2796 6601 1883
f 2796 2797 6601
f 6602 354 353
f 3567 354 6602
f 6602 2797 3567
f 6601 6602 353
f 2797 6602 6601
f 351 352 6603
f 351 6603 1881
f 1881 6603 1154
f 6603 2794 1154
f 6604 2795 2794
f 6604 352 3567
f 2795 6604 3567
f 352 6604 6603
f 6603 6604 2794
f 2546 2076 6606
f 2076 5361 6606
f 6606 5361 4928
f 6606 4928 6508
f 6607 2547 2603
f 4927 3073 6607
f 6607 5360 2547
f 3073 5360 6607
f 4532 2881 6609
f 6609 5696 183
f 2881 5696 6609
f 182 180 6610
f 180 5697 6610
f 6610 5697 4533
f 6610 4533 5699
f 2016 1895 6611
f 1895 5275 6611
f 2016 6611 5524
f 6612 5276 2015
f 4677 5276 6612
f 2296 6613 218
f 5921 6613 2296
f 5921 2954 6613
f 2295 6614 4524
f 6614 5920 4524
f 431 1737 6615
f 6615 1867 396
f 6615 1737 1867
f 2872 431 6615
f 3108 6615 396
f 2872 6615 3108
f 6616 1736 2871
f 2922 1736 6616
f 1866 2922 6616
f 1866 6616 3109
f 6616 2871 4889
f 3109 6616 4889
f 6617 2901 73
f 3768 6617 4503
f 6617 73 5147
f 4503 6617 5147
f 6618 2902 3769
f 6618 3769 2998
f 72 6618 4502
f 4502 6618 2998
f 72 5375 6618
f 5375 2902 6618
f 6619 1387 1170
f 6619 1655 1387
f 5750 6619 1170
f 6619 5873 1655
f 5873 6619 5750
f 6620 6038 4589
f 6038 6620 5114
f 1468 6621 3360
f 1468 3580 6621
f 3580 3114 6621
f 6621 3114 4959
f 6622 1467 726
f 6622 3115 1467
f 3361 6622 726
f 3692 3115 6622
f 4960 6622 3361
f 4960 3692 6622
f 6623 565 110
f 5290 565 6623
f 3372 5290 6623
f 3372 6623 6295
f 111 2564 6624
f 2564 564 6624
f 6624 564 3372
f 6624 3372 3151
f 111 6624 6294
f 6294 6624 3151
f 1333 6625 881
f 881 6625 6238
f 1333 6435 6625
f 6627 19 3519
f 6627 5841 3118
f 5841 6627 3519
f 19 6627 6556
f 6556 6627 3118
f 3670 6628 711
f 6628 3670 3518
f 711 6628 6530
f 2130 1648 6629
f 6629 3908 3909
f 1648 6524 6629
f 6629 6524 3908
f 2131 2130 6630
f 2835 6630 400
f 2131 6630 2835
f 6630 3909 400
f 2130 6629 6630
f 6630 6629 3909
f 6631 2128 2129
f 6631 6522 2128
f 2836 6632 2129
f 3907 6632 2836
f 3907 3906 6632
f 6632 6631 2129
f 3906 6631 6632
f 2022 6633 2932
f 6633 3319 2932
f 6633 3509 3319
f 5458 6633 2022
f 6250 3509 6633
f 5458 6250 6633
f 3318 6634 2023
f 3318 4008 6634
f 4008 3508 6634
f 2023 6634 4976
f 6634 3508 5459
f 6634 5459 4976
f 154 6635 21
f 6635 865 419
f 21 6635 5254
f 6635 419 5254
f 154 6196 6635
f 6196 865 6635
f 418 6636 20
f 6636 866 155
f 20 6636 6144
f 6636 155 6144
f 5367 5368 6637
f 5368 2197 6638
f 5368 6638 6637
f 2195 3531 6640
f 6640 3531 5370
f 6640 5370 5369
f 6639 6640 5369
f 6641 4529 1488
f 6641 1488 4749
f 1487 4994 6642
f 4994 4528 6642
f 6642 6329 4221
f 6642 4528 6329
f 2047 6643 1593
f 6643 2660 556
f 6643 556 5021
f 1593 6643 5021
f 557 6644 1592
f 6644 2659 2048
f 557 3347 6644
f 3347 2659 6644
f 1592 6644 3407
f 6644 2048 3407
f 6645 3104 920
f 6645 3922 3104
f 4974 6645 920
f 2460 6645 4974
f 6646 2460 873
f 3105 783 6646
f 783 3921 6646
f 6646 3921 2460
f 4975 6646 873
f 3105 6646 4975
f 4185 6647 311
f 6647 4219 311
f 6647 2285 4219
f 5489 6647 4185
f 1219 2286 6648
f 4220 1219 6648
f 4220 6648 4186
f 4186 6648 4711
f 6648 2286 5490
f 6648 5490 4711
f 5748 1927 6649
f 2168 290 6650
f 6650 5747 4135
f 827 2920 6651
f 3016 6651 571
f 827 6651 3016
f 2920 4347 6651
f 6652 828 994
f 3017 6652 994
f 822 4346 6652
f 6652 4346 828
f 6653 3751 3750
f 3750 5414 6653
f 1526 2378 6654
f 6654 2378 3751
f 6654 3751 6653
f 6655 3753 3752
f 5983 2379 6655
f 3752 5983 6655
f 6656 3753 6655
f 1198 6657 4084
f 4578 6657 1198
f 5075 4348 6657
f 4578 5075 6657
f 6657 5936 4084
f 6657 4348 5936
f 1197 6658 2105
f 1908 6658 2350
f 6658 4579 2105
f 6658 2740 4579
f 1908 5079 6658
f 5079 2740 6658
f 5937 6658 1197
f 6658 5937 2350
f 1202 6659 2110
f 6659 4580 2110
f 6659 4349 4580
f 5938 6659 1202
f 6538 4349 6659
f 5938 6538 6659
f 1201 6660 4087
f 4581 6660 1201
f 2742 6660 4581
f 5939 6660 2742
f 6660 5939 4087
f 2452 2761 6661
f 3983 2452 6661
f 241 6662 2558
f 3199 6662 241
f 3199 3200 6662
f 6662 5024 2558
f 3567 6663 3200
f 5025 6663 3567
f 6663 5025 5024
f 3200 6663 6662
f 6662 6663 5024
f 5026 6664 239
f 5026 5027 6664
f 239 6664 6207
f 6664 3201 6207
f 6665 3202 3201
f 3202 6665 3567
f 3567 6665 5027
f 6664 6665 3201
f 5027 6665 6664
f 3634 647 6666
f 6666 647 6293
f 6666 6293 2090
f 5377 648 6667
f 6292 5377 6667
f 6668 3298 2499
f 6109 6668 2499
f 6669 3299 3298
f 5793 3299 6669
f 6668 6669 3298
f 3300 3301 6670
f 6107 6670 147
f 3300 6670 6107
f 5793 6671 3301
f 3301 6671 6670
f 3682 6672 4173
f 6672 1575 4507
f 4173 6672 4507
f 6672 5814 1575
f 1576 3584 6673
f 6673 3681 4066
f 1576 6673 4174
f 4174 6673 4066
f 3584 5813 6673
f 6673 5813 3681
f 32 6674 3563
f 3563 6674 772
f 6674 32 5191
f 4413 6674 5191
f 6675 33 770
f 4207 6675 770
f 33 6675 4415
f 4415 6675 6067
f 3378 3379 6676
f 6111 6676 40
f 3378 6676 6111
f 4470 6677 3379
f 3379 6677 6676
f 6679 3377 3376
f 4472 3377 6679
f 6678 6679 3376
f 5736 608 6680
f 6319 6680 1945
f 5736 6680 6319
f 6681 5735 3004
f 6320 6681 3004
f 6682 2692 3121
f 3899 2692 6682
f 2954 3899 6682
f 2954 6682 6613
f 2571 2693 6683
f 6683 2693 2955
f 3122 2571 6683
f 6683 2955 5920
f 3122 6683 6614
f 6614 6683 5920
f 4839 6684 5597
f 5597 6684 5886
f 6684 5969 5886
f 2213 919 6685
f 2213 6685 3354
f 919 4975 6685
f 6685 4975 2784
f 2784 873 6686
f 2784 6686 3355
f 873 4974 6686
f 6686 4974 2212
f 6686 2212 6449
f 3355 6686 6449
f 6687 1143 2775
f 2993 6687 2775
f 4904 2622 6687
f 4904 6687 2993
f 1144 6688 2992
f 2992 6688 3745
f 1144 4244 6688
f 6688 4905 3745
f 6689 385 384
f 786 6689 384
f 786 2590 6689
f 2590 4214 6689
f 6690 788 385
f 788 6690 787
f 6690 4215 787
f 4214 4215 6690
f 6690 385 6689
f 6689 4214 6690
f 6691 1252 1751
f 1828 1252 6691
f 6691 1751 3028
f 5090 1828 6691
f 5471 6691 3028
f 5090 6691 5471
f 1961 1251 6692
f 1750 1961 6692
f 6692 1251 5091
f 6692 5091 1941
f 1750 6692 5470
f 5470 6692 1941
f 244 6693 2306
f 6693 244 5707
f 6402 6693 5707
f 5241 6694 82
f 2307 6694 5241
f 5843 6694 2307
f 82 6694 6433
f 6694 5843 6433
f 6695 6608 6455
f 6696 2627 2628
f 5631 3213 6696
f 2628 1794 6697
f 1794 3099 6697
f 6697 3099 5632
f 5632 5631 6697
f 6697 6696 2628
f 5631 6696 6697
f 2629 2630 6698
f 6698 3098 2629
f 2630 209 6699
f 6699 5634 5633
f 2630 6699 6698
f 6698 6699 5633
f 2623 206 6700
f 6700 5635 5636
f 2624 2623 6701
f 6701 3101 2624
f 2623 6700 6701
f 6701 6700 5636
f 2625 1795 6702
f 1795 3100 6702
f 6702 3100 5637
f 5637 5638 6702
f 6703 2626 2625
f 5638 3216 6703
f 6702 6703 2625
f 5638 6703 6702
f 183 181 6704
f 183 6704 4863
f 4863 6704 3889
f 95 6706 62
f 62 6706 5248
f 5364 6706 95
f 5248 6706 5364
f 1183 6707 1184
f 6708 6092 1184
f 6091 6092 6708
f 6707 6708 1184
f 6707 6091 6708
f 1859 6709 1633
f 6709 1859 2651
f 3059 6709 2651
f 6709 5441 1633
f 5441 6709 3059
f 1631 6710 1858
f 1858 6710 3058
f 3058 6710 4972
f 5440 6710 1631
f 6710 5440 4972
f 3249 6711 3325
f 6711 5110 3325
f 3250 6712 1657
f 5111 6712 3250
f 5111 4340 6712
f 6713 672 671
f 6713 47 733
f 4018 47 6713
f 671 4018 6713
f 437 438 6714
f 6714 3263 672
f 438 5183 6714
f 5183 3263 6714
f 437 6714 6713
f 6714 672 6713
f 6715 674 673
f 6715 3264 439
f 673 4493 6715
f 4493 3264 6715
f 440 6716 439
f 6716 48 674
f 734 48 6716
f 4079 734 6716
f 439 6716 6715
f 6716 674 6715
f 3431 811 6717
f 3431 6717 2272
f 2272 6717 4531
f 6717 2879 4531
f 811 5874 6717
f 6717 5874 2879
f 2271 6718 640
f 2880 6718 2271
f 6718 3432 640
f 2880 4094 6718
f 6718 5875 3432
f 4094 5875 6718
f 2854 2489 6719
f 2489 3634 6719
f 2854 6719 4236
f 6719 3634 6666
f 648 3635 6720
f 6720 3635 2853
f 6720 2853 5576
f 4237 6720 5576
f 6667 648 6720
f 6667 6720 4237
f 6721 4456 4198
f 4456 6721 4454
f 1490 6454 6722
f 6454 5669 6722
f 6723 380 381
f 6723 1344 4024
f 1345 1344 6724
f 6724 381 6005
f 6724 6723 381
f 1344 6723 6724
f 6725 1346 1347
f 6725 378 5998
f 379 378 6726
f 6726 1347 4023
f 378 6725 6726
f 6726 6725 1347
f 941 6727 1943
f 6727 3381 1869
f 6727 1869 5413
f 1943 6727 5413
f 941 5961 6727
f 5961 3381 6727
f 1870 6728 1944
f 6728 3382 940
f 6728 940 3850
f 1944 6728 3850
f 1870 6221 6728
f 6221 3382 6728
f 4216 6729 60
f 60 6729 6273
f 6729 679 6273
f 1120 4402 6730
f 6730 6220 2371
f 4402 6220 6730
f 6731 258 259
f 6731 973 258
f 6097 973 6731
f 4650 6097 6731
f 259 102 6732
f 102 974 6732
f 6732 974 4651
f 4651 4650 6732
f 6732 6731 259
f 4650 6731 6732
f 5367 6637 6735
f 3633 2992 6737
f 2992 3745 6737
f 6737 3745 3919
f 6737 3919 4800
f 3633 6737 5580
f 5580 6737 4800
f 6738 3632 112
f 6738 3744 3632
f 5579 6738 112
f 3920 6738 5579
f 289 3087 6739
f 3871 6739 219
f 289 6739 3871
f 3087 5603 6739
f 6740 288 1872
f 3870 6740 1872
f 6740 5602 288
f 3121 5602 6740
f 6741 2676 576
f 1624 3014 6741
f 3014 2676 6741
f 6741 576 3114
f 1624 6741 3580
f 3580 6741 3114
f 6742 1625 1102
f 6742 2677 1625
f 575 6742 3581
f 3581 6742 1102
f 2232 6743 4887
f 6743 3224 4887
f 5488 6743 2232
f 5488 2973 6743
f 2973 6453 6743
f 6743 6453 3224
f 2233 6744 3205
f 3225 6744 2233
f 3225 4859 6744
f 6744 5487 3205
f 4859 6452 6744
f 6744 6452 5487
f 5893 5340 6745
f 3661 2299 6746
f 3215 3661 6746
f 6746 4295 3215
f 2299 5872 6746
f 6746 5872 4295
f 693 6747 631
f 6747 5038 631
f 5161 6747 693
f 6747 5161 5162
f 696 6748 4607
f 5039 6748 696
f 5039 5038 6748
f 6748 5162 4607
f 5038 6747 6748
f 6748 6747 5162
f 689 6749 4608
f 5040 6749 689
f 6749 5040 5041
f 6749 5163 4608
f 692 6750 630
f 6750 5041 630
f 5164 6750 692
f 5164 5163 6750
f 6750 6749 5041
f 5163 6749 6750
f 6751 1281 3619
f 6751 4174 1281
f 4506 4174 6751
f 4553 4506 6751
f 6466 6751 3619
f 4553 6751 6466
f 1280 4065 6752
f 4065 4173 6752
f 6752 4554 1949
f 6752 4173 4554
f 1280 6752 6467
f 6467 6752 1949
f 249 6753 285
f 285 6753 1857
f 6753 249 4589
f 6753 4675 1857
f 4675 6753 4589
f 2710 6754 2458
f 1681 1051 6755
f 6755 1051 2648
f 2711 1681 6755
f 2711 6755 2710
f 2710 6755 6754
f 6756 1052 2712
f 2850 1052 6756
f 2649 2850 6756
f 6757 2713 2459
f 2713 6757 2712
f 6757 2649 6756
f 2712 6757 6756
f 823 6758 2834
f 6758 811 3431
f 2834 6758 3431
f 6758 5517 811
f 823 6391 6758
f 6391 5517 6758
f 812 1152 6759
f 812 6759 2833
f 6759 5516 824
f 1152 5516 6759
f 6759 824 6213
f 2833 6759 6213
f 4566 2168 6760
f 4612 4566 6760
f 6434 6760 4248
f 4612 6760 6434
f 6761 2169 4613
f 6649 2169 6761
f 6762 1383 1200
f 6762 1677 1678
f 4086 6762 1200
f 1677 6762 4086
f 1384 1383 6763
f 1384 6763 4089
f 6763 1678 4290
f 4089 6763 4290
f 1383 6762 6763
f 6763 6762 1678
f 6764 1385 1386
f 1385 6764 4082
f 6764 1679 4283
f 4082 6764 4283
f 6765 1386 1199
f 1680 1679 6765
f 4085 6765 1199
f 1680 6765 4085
f 6765 6764 1386
f 1679 6764 6765
f 3409 6766 5955
f 3410 1128 6767
f 6767 3409 3410
f 1128 5956 6767
f 6766 3409 6767
f 3641 6768 3612
f 5366 3423 6768
f 3641 5366 6768
f 6768 3423 5926
f 6769 3424 3642
f 3613 6769 3726
f 6769 3642 3726
f 5555 3424 6769
f 5927 6769 3613
f 5927 5555 6769
f 6770 4417 3149
f 4318 5142 6770
f 6770 5142 4417
f 4418 4769 6771
f 4769 5143 6771
f 1899 1900 6772
f 6772 4279 4719
f 6773 4280 4279
f 6773 1900 4539
f 4539 4280 6773
f 1900 6773 6772
f 6772 6773 4279
f 6774 1897 1638
f 4281 4282 6774
f 6775 1898 1897
f 4539 1898 6775
f 6775 4282 4539
f 6774 6775 1897
f 4282 6775 6774
f 6776 1674 1484
f 3862 1674 6776
f 4409 6776 268
f 4409 3862 6776
f 1483 129 6777
f 1483 6777 267
f 129 1675 6777
f 267 6777 1733
f 6777 1675 4410
f 6777 4410 1733
f 3548 6778 741
f 3925 6778 3548
f 3925 3926 6778
f 6778 4776 741
f 11 6779 3926
f 4777 6779 11
f 6779 4777 4776
f 3926 6779 6778
f 6778 6779 4776
f 3550 6780 196
f 6780 3927 196
f 4774 6780 3550
f 4774 4775 6780
f 3928 6781 13
f 6781 3928 3927
f 6781 4775 13
f 6780 6781 3927
f 4775 6781 6780
f 4589 3843 6782
f 6176 6782 1117
f 6782 6176 4589
f 1236 1295 6783
f 1655 6783 1295
f 6012 6783 1655
f 1236 6783 6014
f 6783 6012 6014
f 6784 2493 5124
f 6784 5124 5125
f 3438 3437 6785
f 4143 3438 6785
f 6785 5125 4143
f 3437 6784 6785
f 6785 6784 5125
f 6786 2491 3439
f 6786 3439 3440
f 3440 4142 6787
f 4142 5127 6787
f 5127 5126 6787
f 6787 6786 3440
f 5126 6786 6787
f 6788 473 474
f 4821 1909 6788
f 6788 5076 473
f 1909 5076 6788
f 4822 4821 6789
f 6789 474 5599
f 4822 6789 5599
f 6789 6788 474
f 4821 6788 6789
f 471 2739 6790
f 6790 4819 4820
f 2739 5078 6790
f 6790 5078 4819
f 472 471 6791
f 472 6791 5598
f 6791 4820 5598
f 471 6790 6791
f 6791 6790 4820
f 720 6792 900
f 900 6792 3886
f 6792 2277 3886
f 4328 6792 720
f 2277 6792 4328
f 2276 6793 899
f 6793 719 3421
f 899 6793 3421
f 719 6793 4330
f 6793 2276 4330
f 1816 2733 6794
f 2733 2825 6794
f 6794 4409 1732
f 6794 2825 4409
f 6795 2826 1817
f 3861 2826 6795
f 4410 3861 6795
f 6795 1817 6018
f 549 2928 6796
f 549 6796 5323
f 5323 6796 5761
f 6796 6184 5761
f 6797 548 5900
f 5324 6797 5900
f 6183 6797 5324
f 6183 6305 6797
f 4585 139 6798
f 4871 6798 442
f 6798 139 6445
f 6798 6445 442
f 3522 140 6799
f 4872 6799 749
f 6444 3522 6799
f 6444 6799 4872
f 1308 6800 750
f 1308 3525 6800
f 3525 4585 6800
f 750 6800 4871
f 6800 4585 6798
f 6800 6798 4871
f 140 4584 6801
f 6801 4584 1309
f 6799 140 6801
f 6799 6801 749
f 6802 3706 2901
f 1941 6802 3768
f 1941 5091 6802
f 5091 3706 6802
f 6802 2901 6617
f 3768 6802 6617
f 6803 1942 465
f 2902 1081 6803
f 1081 3705 6803
f 6803 3705 1942
f 3769 6803 465
f 2902 6803 3769
f 1567 6804 671
f 2403 6804 1567
f 6804 2403 2404
f 6804 4018 671
f 1570 6805 3999
f 6805 2404 3999
f 4019 6805 1570
f 4019 4018 6805
f 6805 6804 2404
f 4018 6804 6805
f 1021 1728 6806
f 5443 1021 6806
f 6806 5444 5443
f 4967 5571 6807
f 6807 5571 5444
f 6807 5444 6806
f 2083 1729 6808
f 6808 1729 5445
f 4966 903 6809
f 5446 4966 6809
f 5446 6809 5445
f 5445 6809 6808
f 6810 445 871
f 2092 445 6810
f 2792 2092 6810
f 6810 871 3859
f 6811 444 2793
f 6811 2793 461
f 5363 444 6811
f 872 5363 6811
f 1805 6812 965
f 1805 3774 6812
f 965 6812 4764
f 3774 5395 6812
f 6812 5395 4764
f 6813 5834 1108
f 6455 5834 6813
f 6813 6041 6455
f 6814 2466 1977
f 6454 1326 6814
f 1977 6454 6814
f 6816 1189 5292
f 4895 6816 5292
f 5895 6816 4895
f 4896 6817 574
f 1777 6817 4896
f 1777 6175 6817
f 3880 6818 358
f 3880 3881 6818
f 358 6818 5530
f 6818 4641 5530
f 3571 6819 3567
f 6819 3881 3567
f 3571 4642 6819
f 6819 4642 4641
f 3881 6819 6818
f 6818 6819 4641
f 356 6820 1837
f 6820 3882 1837
f 4643 6820 356
f 4643 4644 6820
f 3883 6821 3569
f 6821 3883 3882
f 3569 6821 4644
f 6820 6821 3882
f 4644 6821 6820
f 6822 2199 4548
f 245 6822 4786
f 4786 6822 4548
f 6822 6465 2199
f 6823 246 869
f 2200 2551 6823
f 4788 6823 869
f 2200 6823 4788
f 6823 6464 246
f 2551 6464 6823
f 6824 4825 1841
f 4539 4826 6825
f 6825 4826 4825
f 6824 6825 4825
f 4823 4824 6826
f 6827 4824 4539
f 4824 6827 6826
f 1358 3935 6828
f 6828 4043 1039
f 3935 4043 6828
f 6828 1039 4092
f 1358 6828 4490
f 4490 6828 4092
f 1040 1226 6829
f 6829 1357 1642
f 1226 4044 6829
f 6829 4044 1357
f 1040 6829 4491
f 4491 6829 1642
f 1032 3452 6830
f 5173 1032 6830
f 6830 3452 5989
f 6830 5989 5990
f 5174 5173 6831
f 1757 5469 6831
f 6831 5469 5174
f 5990 1757 6831
f 5173 6830 6831
f 6831 6830 5990
f 5175 596 6832
f 596 5468 6832
f 6832 5468 5991
f 5991 5992 6832
f 4682 3453 6833
f 6833 3453 5176
f 6833 5176 5175
f 5992 4682 6833
f 6832 6833 5175
f 5992 6833 6832
f 4679 3450 6834
f 6834 3450 5169
f 6834 5169 5170
f 5993 4679 6834
f 5170 595 6835
f 595 5467 6835
f 6835 5467 5994
f 5994 5993 6835
f 6835 6834 5170
f 5993 6834 6835
f 5171 5172 6836
f 1758 5466 6836
f 6836 5466 5171
f 5995 1758 6836
f 1031 3451 6837
f 5172 1031 6837
f 6837 3451 5996
f 6837 5996 5995
f 5172 6837 6836
f 6836 6837 5995
f 6839 3833 3702
f 3978 3833 6839
f 6840 2972 3239
f 6186 6841 3518
f 6841 6186 5373
f 942 6842 344
f 1162 6842 942
f 344 6842 1978
f 1978 6842 1162
f 6843 1140 1139
f 6843 1139 5072
f 5072 6494 6843
f 6843 6844 1140
f 6845 1142 1141
f 1142 6846 5073
f 6846 6495 5073
f 6846 1142 6845
f 6495 6846 6845
f 921 922 6847
f 6847 1744 3779
f 921 6847 5235
f 5235 6847 3779
f 4 11 6848
f 922 4 6848
f 6848 11 1745
f 6848 1745 1744
f 922 6848 6847
f 6847 6848 1744
f 6849 923 78
f 1742 1743 6849
f 5233 6849 78
f 1742 6849 5233
f 6850 13 924
f 6850 924 923
f 6850 1743 13
f 6849 6850 923
f 1743 6850 6849
f 6851 1804 1926
f 4223 5832 6851
f 6032 6851 1926
f 4223 6851 6032
f 1803 1894 6852
f 6852 4224 2748
f 1803 6852 6033
f 6033 6852 2748
f 1917 2538 6853
f 2538 3142 6853
f 6854 1918 1811
f 1958 6854 457
f 1958 1918 6854
f 6855 1919 1808
f 6855 3143 1919
f 1960 455 6856
f 1920 1960 6856
f 395 3109 6857
f 6857 3109 6147
f 6281 395 6857
f 6281 6857 1418
f 1418 6857 6358
f 6857 6147 6358
f 1417 6858 3018
f 4888 3108 6858
f 6148 6858 1417
f 6148 4888 6858
f 6858 6280 3018
f 6858 3108 6280
f 5893 6859 4589
f 4589 6859 6620
f 824 429 6860
f 6860 429 5425
f 6213 824 6860
f 6861 430 6214
f 6861 6214 6093
f 6449 430 6861
f 5424 6449 6861
f 635 6862 1453
f 6862 759 1453
f 3676 6862 635
f 6862 3676 3677
f 638 6863 525
f 760 6863 638
f 760 759 6863
f 6863 3677 525
f 759 6862 6863
f 6863 6862 3677
f 3723 6864 2098
f 6864 3723 2306
f 2098 6864 6402
f 2306 6693 6864
f 6864 6693 6402
f 3223 5876 6865
f 6865 5876 3744
f 5985 3223 6865
f 5985 6865 3920
f 6865 3744 6738
f 3920 6865 6738
f 3745 6866 3919
f 3919 6866 4861
f 3745 4905 6866
f 4905 5877 6866
f 6866 5984 4861
f 6866 5877 5984
f 2037 3209 6868
f 3209 5828 6868
f 6482 6868 1726
f 2037 6868 6482
f 6869 5827 2038
f 4655 5827 6869
f 6870 4792 2951
f 5055 6870 2951
f 5570 6870 5055
f 4793 6871 5053
f 5571 6871 5444
f 5053 6871 6191
f 6871 5571 6191
f 6872 1108 9
f 9 2096 6872
f 6872 2096 2094
f 2094 6041 6872
f 6872 6813 1108
f 6041 6813 6872
f 1109 6873 9
f 6873 2097 9
f 6873 1326 2097
f 1109 2466 6873
f 6873 6814 1326
f 2466 6814 6873
f 487 488 6874
f 487 6874 4622
f 6874 1721 6360
f 4622 6874 6360
f 6875 1722 1721
f 4541 6875 488
f 4541 1722 6875
f 488 6875 6874
f 6874 6875 1721
f 1719 1720 6876
f 6876 489 4038
f 1719 6876 4624
f 4624 6876 4038
f 6877 490 489
f 490 6877 4543
f 4543 6877 1720
f 6876 6877 489
f 1720 6877 6876
f 6878 529 2704
f 5202 6878 2704
f 4997 6878 5202
f 6878 5345 529
f 528 3625 6879
f 528 6879 5201
f 3625 5346 6879
f 6879 5346 4996
f 4802 6880 4803
f 4803 6881 1141
f 1141 6881 6845
f 4803 6880 6881
f 3681 3338 6882
f 4066 3681 6882
f 752 3339 6883
f 6883 4065 1280
f 6883 3339 4065
f 323 3144 6884
f 6884 3144 3943
f 3944 323 6884
f 6884 3943 4753
f 6885 4402 1120
f 6885 4453 3375
f 6885 3375 4588
f 4402 6885 4588
f 5997 6885 1120
f 1554 6886 2920
f 1554 3183 6886
f 2920 6886 4347
f 6886 3961 4347
f 3183 4367 6886
f 6886 4367 3961
f 6887 1555 1546
f 2919 6887 1546
f 3960 6887 2919
f 6887 4368 1555
f 3960 5007 6887
f 5007 4368 6887
f 6888 5699 6412
f 6513 6888 6412
f 182 6610 6888
f 6888 6610 5699
f 5698 4532 6889
f 5698 6889 6512
f 6512 6889 6006
f 4532 6609 6889
f 3889 6890 1461
f 6890 830 5823
f 6890 5823 1461
f 6704 6890 3889
f 1022 829 6891
f 3890 6891 4864
f 5824 1022 6891
f 5824 6891 3890
f 6891 829 6705
f 6891 6705 4864
f 4063 6892 3064
f 4063 4064 6892
f 6893 4064 4539
f 6825 6893 4539
f 6893 6825 6824
f 4064 6893 6892
f 6892 6893 6824
f 3066 6894 2960
f 6894 4061 2960
f 6826 6894 3066
f 6826 6827 6894
f 6895 4062 4061
f 4062 6895 4539
f 4539 6895 6827
f 6894 6895 4061
f 6827 6895 6894
f 6896 1885 4378
f 4550 1885 6896
f 6896 4378 4582
f 5180 6896 4582
f 4377 6897 5179
f 5179 6897 4545
f 5678 1886 6897
f 4377 5678 6897
f 6185 6898 3219
f 6898 6185 6544
f 1183 422 6899
f 6899 313 1242
f 6899 1242 1183
f 850 6900 4130
f 6900 878 4589
f 4130 6900 4589
f 878 6900 5692
f 879 6901 1566
f 6901 879 4498
f 6901 849 4591
f 1566 6901 4591
f 849 6901 5690
f 5690 6901 4498
f 6902 1042 1041
f 6902 1041 5629
f 6903 1183 1042
f 6707 1183 6903
f 6091 6707 6903
f 6902 6903 1042
f 6091 6903 6902
f 6904 1044 1043
f 6904 1043 4127
f 1184 6904 4127
f 6092 6904 1184
f 1044 6905 5630
f 6905 1044 6904
f 4020 1346 6906
f 6906 5998 5999
f 1346 6725 6906
f 6906 6725 5998
f 3529 1450 6907
f 6907 1450 4021
f 4021 4020 6907
f 5999 3529 6907
f 4020 6906 6907
f 6907 6906 5999
f 2170 1449 6908
f 4022 2170 6908
f 6908 1449 6000
f 6000 6001 6908
f 6909 4023 4022
f 6001 379 6909
f 379 6726 6909
f 6909 6726 4023
f 6908 6909 4022
f 6001 6909 6908
f 6910 4024 4025
f 6002 380 6910
f 380 6723 6910
f 6910 6723 4024
f 2173 1452 6911
f 4025 2173 6911
f 6911 1452 6003
f 6003 6002 6911
f 6911 6910 4025
f 6002 6910 6911
f 3530 1451 6912
f 6912 1451 4026
f 4026 4027 6912
f 6004 3530 6912
f 4027 1345 6913
f 6913 6005 6004
f 1345 6724 6913
f 6913 6724 6005
f 4027 6913 6912
f 6912 6913 6004
f 6914 4342 4343
f 6914 5285 4342
f 4421 5285 6914
f 6915 4343 4542
f 6915 6914 4343
f 4344 6421 6916
f 6421 5287 6916
f 4345 4344 6917
f 4345 6917 4540
f 4344 6916 6917
f 2564 6918 564
f 6918 4603 564
f 6918 5425 4603
f 6860 5425 6918
f 2565 6919 2644
f 4602 6919 2565
f 4602 2750 6919
f 2750 5424 6919
f 1116 6920 1293
f 6920 499 2817
f 1293 6920 2817
f 499 6920 4589
f 4589 6920 1116
f 6921 1075 192
f 6921 1076 1075
f 6921 401 3193
f 3435 6921 192
f 3194 6922 3193
f 6922 6118 1076
f 6922 1076 6921
f 3193 6922 6921
f 6923 1078 1077
f 6923 6119 3195
f 1077 6347 6923
f 6347 6119 6923
f 6924 193 1078
f 3196 6924 3195
f 6924 6134 402
f 3196 6134 6924
f 6924 1078 6923
f 3195 6924 6923
f 680 49 6925
f 970 475 6925
f 1401 6925 1402
f 6925 609 1666
f 6925 1666 680
f 2017 1205 6925
f 1401 2017 6925
f 3636 970 6925
f 1980 3946 6925
f 3946 3297 6925
f 6925 1205 3982
f 4552 609 6925
f 3982 4552 6925
f 49 4962 6925
f 6925 4962 298
f 6925 5664 1980
f 298 5732 6925
f 3125 5963 6925
f 5963 5664 6925
f 6925 6029 3636
f 5732 6029 6925
f 6925 475 6838
f 6838 4029 6925
f 1402 6926 1206
f 802 1979 6926
f 6926 2250 681
f 1979 2654 6926
f 3297 802 6926
f 6926 610 3983
f 1693 4973 6926
f 4973 2250 6926
f 6926 5646 3678
f 3678 5672 6926
f 6926 5776 1693
f 5672 5776 6926
f 5962 138 6926
f 6926 2654 5962
f 1210 6867 6926
f 6867 5646 6926
f 6925 6926 1402
f 6925 3297 6926
f 6927 3690 3689
f 6927 4441 3239
f 4867 6927 3239
f 3690 6927 4867
f 6115 6927 3689
f 4441 6927 6115
f 1689 1690 6928
f 1689 6928 2085
f 6928 757 4806
f 2085 6928 4806
f 6929 758 757
f 3567 758 6929
f 3567 6929 1690
f 6928 6929 757
f 1690 6929 6928
f 755 756 6930
f 755 6930 2087
f 6930 1691 5380
f 2087 6930 5380
f 6931 1692 1691
f 756 3567 6931
f 3567 1692 6931
f 756 6931 6930
f 6930 6931 1691
f 6932 1797 1798
f 1797 6932 1806
f 1806 6932 3161
f 6932 5675 3161
f 5676 6933 1809
f 5676 5675 6933
f 6933 6932 1798
f 5675 6932 6933
f 5673 6934 1810
f 6934 5673 5674
f 1800 1799 6935
f 1800 6935 1813
f 1813 6935 3168
f 6935 5674 3168
f 1799 6934 6935
f 6935 6934 5674
f 6936 2278 826
f 825 4074 6936
f 4074 2278 6936
f 825 6936 4271
f 6936 826 6497
f 4271 6936 6497
f 6937 4216 60
f 3675 4454 6937
f 6937 60 4589
f 3675 6937 4589
f 6937 6027 4216
f 6938 2360 9
f 2360 6938 6695
f 6938 6608 6695
f 2359 6939 9
f 2359 1490 6939
f 1490 6722 6939
f 6939 6722 5669
f 2308 2062 6940
f 6940 4191 4192
f 2062 4562 6940
f 6940 4562 4191
f 2309 2308 6941
f 4192 4499 6941
f 6941 5691 2309
f 4499 5691 6941
f 2308 6940 6941
f 6941 6940 4192
f 4193 4194 6942
f 6942 5690 4193
f 6943 2311 2310
f 4194 967 6943
f 967 4563 6943
f 6943 4563 2311
f 6942 6943 2310
f 4194 6943 6942
f 6944 4478 2306
f 2448 4478 6944
f 6944 5693 4196
f 6944 2371 5969
f 6944 5997 1120
f 6684 4839 6944
f 5969 6684 6944
f 1120 6730 6944
f 6730 2371 6944
f 2307 1715 6945
f 1715 2635 6945
f 6945 2635 2449
f 2449 2752 6945
f 4197 4500 6945
f 4814 2556 6945
f 2752 4814 6945
f 6945 5692 2307
f 4500 5692 6945
f 6945 6008 679
f 2556 6008 6945
f 4197 6945 6027
f 6945 4216 6027
f 679 6729 6945
f 6729 4216 6945
f 3380 6946 6132
f 6437 6946 3380
f 6131 1267 6947
f 6947 1621 6131
f 1621 6947 6438
f 455 5618 6949
f 1972 6949 5933
f 6856 455 6949
f 6856 6949 1972
f 1969 6950 5930
f 6853 6950 1969
f 6853 3142 6950
f 5616 6951 333
f 457 6951 5616
f 6854 6951 457
f 2960 4061 6952
f 4061 5312 6952
f 6952 5312 6225
f 6952 6225 6226
f 2961 2960 6953
f 2961 6953 4538
f 4538 6953 6226
f 2960 6952 6953
f 6953 6952 6226
f 6954 2958 2959
f 1505 5314 6954
f 6954 5314 2958
f 6227 1505 6954
f 4538 6955 2959
f 6228 6955 4538
f 6228 6227 6955
f 6955 6954 2959
f 6227 6954 6955
f 6608 6956 6455
f 6956 6608 6938
f 6957 2593 1350
f 2529 3309 6957
f 6957 3309 2593
f 2592 592 6958
f 592 3308 6958
f 6959 232 4586
f 5860 300 6959
f 6959 6415 232
f 300 6415 6959
f 231 4739 6960
f 6960 5861 3525
f 4739 6414 6960
f 6960 6414 5861
f 6961 2184 1147
f 1947 3737 6961
f 3737 2184 6961
f 1947 6961 3772
f 6961 1147 4336
f 3772 6961 4336
f 6962 1948 421
f 6962 2185 1948
f 3773 6962 421
f 1148 6962 3773
f 1148 5925 6962
f 5925 2185 6962
f 1145 3 6963
f 3 2779 6963
f 6963 2779 1888
f 1145 6963 3052
f 6963 1888 6239
f 3052 6963 6239
f 6964 15 1146
f 6964 2778 15
f 1887 6964 3051
f 6964 1146 5057
f 3051 6964 5057
f 1887 5494 6964
f 5494 2778 6964
f 6965 3865 1421
f 6965 1421 5117
f 5335 6965 5117
f 5659 6965 5335
f 1422 1137 6966
f 1137 3864 6966
f 1422 6966 5334
f 6966 3864 5658
f 6967 1264 1263
f 6967 1263 3036
f 6967 3036 2956
f 6967 5426 56
f 57 6968 56
f 6968 1228 1264
f 57 3306 6968
f 3306 1228 6968
f 56 6968 6967
f 6968 1264 6967
f 6969 1229 58
f 415 1229 6969
f 1265 415 6969
f 6969 1266 1265
f 59 6970 58
f 1266 6970 3037
f 59 3849 6970
f 3849 5427 6970
f 58 6970 6969
f 6970 1266 6969
f 6971 4036 2621
f 4275 4036 6971
f 4244 4275 6971
f 6971 2621 4905
f 4244 6971 6688
f 6688 6971 4905
f 6972 4245 1143
f 6972 4037 4245
f 2622 5135 6972
f 5135 4037 6972
f 6687 6972 1143
f 2622 6972 6687
f 2676 6973 576
f 576 6973 3340
f 6973 3758 3340
f 6973 5689 3758
f 3759 6974 575
f 3759 4627 6974
f 6974 5688 2677
f 4627 5688 6974
f 575 6974 6742
f 6974 2677 6742
f 5292 6975 4895
f 6048 158 6976
f 6976 6103 6104
f 6049 6977 3637
f 6049 6048 6977
f 3637 6977 6104
f 6048 6976 6977
f 6977 6976 6104
f 6978 6050 6051
f 6105 5627 6978
f 6979 6051 3639
f 3639 6106 6979
f 6106 6105 6979
f 6979 6978 6051
f 6105 6978 6979
f 6980 1734 2152
f 6981 2153 1342
f 2153 6981 2152
f 4699 6981 1342
f 4699 4700 6981
f 1734 6980 6981
f 2152 6981 6980
f 6982 1735 1734
f 6982 4700 2154
f 6981 6982 1734
f 4700 6982 6981
f 1735 6983 1583
f 6983 2155 1583
f 2155 6983 2154
f 6982 6983 1735
f 2154 6983 6982
f 4128 6984 6454
f 6454 6984 5669
f 6118 6985 6119
f 3194 6985 6922
f 6985 6118 6922
f 3195 6986 5086
f 6119 6986 3195
f 6119 6985 6986
f 2981 2866 6987
f 2866 3771 6987
f 6987 4430 137
f 6987 3771 4430
f 6988 2980 567
f 6988 3770 2980
f 6507 3770 6988
f 4429 6507 6988
f 6989 1379 1169
f 1169 2112 6989
f 2112 1224 6989
f 1224 3707 6989
f 6989 3707 1379
f 3654 3547 6991
f 3547 4264 6991
f 3654 6991 4734
f 4264 5067 6991
f 6992 1327 127
f 1933 1327 6992
f 6992 127 3546
f 3653 6992 3546
f 6992 3653 4434
f 1189 6993 3518
f 6993 6605 3518
f 6605 6993 5895
f 6993 1189 6816
f 5895 6993 6816
f 6994 243 574
f 243 6994 6544
f 6544 6994 6175
f 6817 6994 574
f 6175 6994 6817
f 6995 1777 4896
f 6401 4310 6995
f 4896 6401 6995
f 6996 2576 2577
f 6996 2755 2576
f 6997 2577 4542
f 4542 4783 6997
f 4783 4782 6997
f 6997 6996 2577
f 4782 6996 6997
f 2578 3467 6998
f 3467 2757 6998
f 6998 2757 4780
f 6998 4780 4781
f 2579 2578 6999
f 2579 6999 4540
f 4540 6999 4781
f 2578 6998 6999
f 6999 6998 4781
f 7000 1236 9
f 7000 5643 1236
f 9 6437 7000
f 6437 3380 7000
f 1237 7001 9
f 1237 1296 7001
f 1296 2275 7001
f 7001 6438 9
f 7002 2215 2360
f 2215 7002 6455
f 6695 7002 2360
f 6455 7002 6695
f 7003 5629 6042
f 7003 6092 6091
f 7003 6902 5629
f 7003 6091 6902
f 5630 7004 5387
f 7004 6043 5387
f 6043 7004 6042
f 6904 6092 7004
f 6905 7004 5630
f 7004 6905 6904
f 6042 7004 7003
f 7004 6092 7003
f 4533 4931 7005
f 7005 4931 5329
f 5699 7005 559
f 5699 4533 7005
f 2513 4932 7006
f 5328 7006 558
f 5328 2513 7006
f 7006 4932 5698
f 558 7006 6413
f 7006 5698 6413
f 4528 1367 7007
f 6329 7007 4298
f 4528 7007 6329
f 1367 6484 7007
f 2446 6485 7008
f 7008 6485 4529
f 7008 4529 6641
f 6330 7008 6641
f 675 4296 7009
f 7009 4296 5763
f 5764 7010 5763
f 1977 7010 6454
f 7010 5764 6454
f 5763 7010 7009
f 3983 1978 7011
f 1978 6455 7011
f 7011 6455 5765
f 4934 4297 7012
f 5766 4934 7012
f 5766 7012 5765
f 5765 7012 7011
f 1549 7013 1860
f 5811 7013 1549
f 7013 5811 5812
f 100 1552 7014
f 5812 100 7014
f 7014 7013 5812
f 611 3150 7015
f 7015 3408 3532
f 611 7015 5195
f 5195 7015 3532
f 3407 2048 7016
f 7016 612 4746
f 3407 7016 5196
f 5196 7016 4746
f 7017 642 569
f 6331 7017 569
f 642 7017 6544
f 7017 6331 6544
f 2179 2178 7019
f 508 2294 7019
f 7019 2294 2179
f 2178 7018 7019
f 2180 579 7020
f 579 2293 7020
f 7021 2044 2181
f 7021 2181 2180
f 6398 2044 7021
f 7020 7021 2180
f 7022 2045 2174
f 7022 2174 2175
f 6399 2045 7022
f 2175 578 7023
f 578 2292 7023
f 7023 7022 2175
f 2176 2177 7024
f 505 2291 7024
f 7024 2291 2176
f 2177 7025 7024
f 6340 4387 7026
f 4875 6340 7026
f 6463 7026 3000
f 4875 7026 6463
f 1525 4388 7027
f 7027 4876 371
f 7027 4388 4876
f 6462 7027 371
f 3590 2909 7028
f 7028 4404 1306
f 5207 7028 1306
f 3590 7028 5207
f 7029 3591 2735
f 5208 7029 2735
f 4403 7029 5208
f 4403 5987 7029
f 3506 7030 2819
f 7030 901 3507
f 5358 901 7030
f 3506 5358 7030
f 7031 1186 1185
f 7032 1762 1186
f 7031 7032 1186
f 7033 1188 1187
f 1187 1991 7033
f 1991 1763 7033
f 7034 1188 7033
f 4964 7034 7033
f 1540 5714 7035
f 6597 1540 7035
f 794 3394 7036
f 7036 3394 6598
f 6598 6597 7036
f 6597 7035 7036
f 5157 3393 7037
f 6599 5157 7037
f 5822 5715 7038
f 7038 5715 6600
f 7038 6600 6599
f 7037 7038 6599
f 5819 5712 7039
f 7039 5712 6593
f 7039 6593 6594
f 5160 3396 7040
f 6594 5160 7040
f 7040 7039 6594
f 791 3395 7041
f 7041 3395 6595
f 6595 6596 7041
f 1539 5713 7042
f 6596 1539 7042
f 6596 7042 7041
f 61 7043 118
f 7043 5299 118
f 5798 7043 61
f 5299 7043 5798
f 4001 4750 7044
f 4001 7044 4843
f 7044 4844 4843
f 4002 4003 7045
f 4751 4002 7045
f 4750 4751 7045
f 4003 4844 7045
f 7044 4750 7045
f 7045 4844 7044
f 158 159 7046
f 7046 5625 6103
f 158 7046 6976
f 6976 7046 6103
f 7047 159 3638
f 5626 7047 3638
f 7047 5626 5625
f 159 7047 7046
f 7046 7047 5625
f 5627 5628 7048
f 7048 160 6050
f 5627 7048 6978
f 6978 7048 6050
f 7049 161 160
f 161 7049 3640
f 7049 5628 3640
f 7048 7049 160
f 5628 7049 7048
f 7050 1746 1747
f 3478 3964 7050
f 3479 3478 7051
f 7051 1747 3568
f 3568 3479 7051
f 7051 7050 1747
f 3478 7050 7051
f 7052 3480 3481
f 1748 6387 7052
f 1749 1748 7053
f 3570 1749 7053
f 7053 3481 3570
f 1748 7052 7053
f 7053 7052 3481
f 7054 4839 4951
f 2448 7054 6169
f 6169 7054 4951
f 7054 2448 6944
f 6944 4839 7054
f 2353 7055 2883
f 7055 3132 2883
f 7055 3059 3132
f 4160 7055 2353
f 4971 3059 7055
f 4160 4971 7055
f 2354 7056 2662
f 2650 3058 7056
f 3133 7056 2354
f 3133 2650 7056
f 7056 4159 2662
f 7056 3058 4159
f 5259 7057 1353
f 1353 7057 5397
f 7057 6427 5397
f 6427 7057 6428
f 7058 5259 5260
f 1354 7058 5461
f 7058 5260 5461
f 6428 7058 1354
f 7057 5259 7058
f 6428 7057 7058
f 3376 3377 7059
f 3376 7059 4721
f 7060 2846 2845
f 2846 7060 4472
f 7060 3377 4472
f 7059 7060 2845
f 3377 7060 7059
f 2843 2844 7061
f 2843 7061 4723
f 7062 3379 3378
f 7062 2844 4470
f 3379 7062 4470
f 2844 7062 7061
f 7061 7062 3378
f 4508 7063 6391
f 6391 7063 5517
f 7064 3038 4509
f 4861 3038 7064
f 7064 4509 4986
f 6392 7064 4986
f 7065 1205 1204
f 7065 1204 2479
f 7065 2479 2646
f 4689 675 7065
f 2646 4689 7065
f 7065 675 7009
f 1205 7066 3982
f 3982 7066 1977
f 7066 7010 1977
f 7010 7066 7009
f 7066 1205 7065
f 7009 7066 7065
f 7067 1207 1206
f 1206 6926 7067
f 6926 3983 7067
f 7067 3983 7011
f 1207 7068 2480
f 4297 676 7068
f 7068 676 4690
f 2480 7068 4690
f 7012 4297 7068
f 7012 7068 7011
f 7068 1207 7067
f 7011 7068 7067
f 7069 1280 3618
f 2855 7069 4016
f 4016 7069 3618
f 7069 6883 1280
f 7070 2856 2806
f 1281 7070 4017
f 4017 7070 2806
f 1281 4066 7070
f 7070 6882 2856
f 4066 6882 7070
f 7072 2976 2975
f 7072 3116 2467
f 2975 5644 7072
f 5644 3116 7072
f 2468 7073 2467
f 2468 4911 7073
f 2467 7073 7072
f 7073 2976 7072
f 7074 2978 2977
f 2977 4950 7074
f 2470 7075 2469
f 7075 3117 2978
f 2470 4320 7075
f 4320 3117 7075
f 2469 7075 7074
f 7075 2978 7074
f 2933 7076 1276
f 3070 7076 2933
f 7076 3070 3071
f 7076 4656 1276
f 4657 7077 2936
f 4657 4656 7077
f 7077 7076 3071
f 4656 7076 7077
f 4658 7078 2937
f 7078 4658 4659
f 2940 7079 1275
f 3069 7079 2940
f 3069 3068 7079
f 7079 4659 1275
f 3068 7078 7079
f 7079 7078 4659
f 227 2843 7080
f 7080 2843 4723
f 7080 4723 4724
f 4469 7081 4724
f 7081 7080 4724
f 7059 2845 7082
f 4721 7059 7082
f 4722 7083 4471
f 4722 4721 7083
f 4721 7082 7083
f 2252 4128 7084
f 5764 16 7084
f 5906 2252 7084
f 7084 4128 6454
f 6454 5764 7084
f 7085 17 7
f 5765 7085 7
f 7085 5968 2251
f 2251 6241 7085
f 6455 7085 5765
f 7085 6815 17
f 6956 5968 7085
f 6455 6956 7085
f 7086 4725 3089
f 5976 4725 7086
f 2285 7087 1218
f 3088 7087 2285
f 2665 7088 1302
f 4139 157 7088
f 4139 7088 2665
f 7088 6381 1302
f 157 6486 7088
f 7088 6486 6381
f 2663 7089 946
f 7089 4140 946
f 6380 975 7089
f 6380 7089 2663
f 975 6487 7089
f 7089 6487 4140
f 7090 208 2627
f 7090 3213 3214
f 6696 7090 2627
f 3213 7090 6696
f 209 208 7091
f 7091 3214 5634
f 209 7091 6699
f 6699 7091 5634
f 208 7090 7091
f 7091 7090 3214
f 7092 206 207
f 7092 3215 5635
f 206 7092 6700
f 6700 7092 5635
f 7093 207 2626
f 3216 3215 7093
f 6703 7093 2626
f 3216 7093 6703
f 7093 7092 207
f 3215 7092 7093
f 503 504 7094
f 503 7094 5341
f 7095 504 13
f 7095 13 2444
f 7095 2444 2443
f 504 7095 7094
f 7094 7095 2443
f 2441 2442 7096
f 7096 501 3060
f 2441 7096 5343
f 5343 7096 3060
f 502 7097 11
f 7097 502 501
f 7097 2442 11
f 7096 7097 501
f 2442 7097 7096
f 7098 1617 825
f 3365 1617 7098
f 1761 3365 7098
f 1761 7098 5199
f 7098 825 6496
f 5199 7098 6496
f 7099 1760 796
f 7099 1618 1760
f 826 4075 7099
f 4075 1618 7099
f 5200 7099 796
f 826 7099 5200
f 7100 1521 1520
f 7100 4389 1522
f 1523 7101 1522
f 1523 1556 7101
f 7101 2156 1521
f 1556 2156 7101
f 7101 1521 7100
f 1522 7101 7100
f 2832 7102 2504
f 7102 3228 2504
f 2832 3367 7102
f 4127 3228 7102
f 7102 3367 4127
f 7103 6399 7022
f 7103 7022 7023
f 2292 506 7104
f 7104 506 4692
f 4692 4691 7104
f 7023 2292 7104
f 4691 7103 7104
f 7104 7103 7023
f 5912 505 7105
f 4693 5912 7105
f 7105 505 7024
f 7024 7025 7105
f 7106 4694 4693
f 2046 6400 7106
f 7106 6400 4694
f 7025 2046 7106
f 7105 7106 4693
f 7025 7106 7105
f 7107 4695 4696
f 2043 6397 7107
f 7107 6397 4695
f 7018 2043 7107
f 5915 508 7108
f 4696 5915 7108
f 7108 508 7019
f 7019 7018 7108
f 7108 7107 4696
f 7018 7107 7108
f 2293 507 7109
f 7109 507 4697
f 4697 4698 7109
f 7020 2293 7109
f 7110 6398 7021
f 7110 7021 7020
f 4698 7110 7109
f 7109 7110 7020
f 7111 3048 3047
f 7111 427 4204
f 4794 427 7111
f 3047 4794 7111
f 2816 3217 7112
f 7112 3217 3048
f 4205 2816 7112
f 4205 7112 4204
f 7112 3048 7111
f 4204 7112 7111
f 7113 428 3049
f 7113 4207 4206
f 4234 428 7113
f 4206 4234 7113
f 3050 2815 7114
f 3050 7114 3049
f 3049 7114 7113
f 7114 4207 7113
f 7115 286 1524
f 4387 7115 1524
f 5092 1457 7115
f 5092 7115 4387
f 287 7116 4388
f 287 4574 7116
f 4388 7116 6339
f 7116 5093 6339
f 1728 2084 7117
f 7117 2084 2190
f 6806 1728 7117
f 7117 6807 6806
f 2191 902 7118
f 2191 7118 2190
f 902 4967 7118
f 7118 4967 6807
f 2190 7118 7117
f 7118 6807 7117
f 7119 2193 2192
f 5839 2083 7119
f 2192 5839 7119
f 7119 2083 6808
f 903 5186 7120
f 7120 5186 2193
f 6809 903 7120
f 6809 7120 6808
f 7120 2193 7119
f 6808 7120 7119
f 7121 37 3982
f 3982 6493 7121
f 7122 4141 3983
f 6661 7122 3983
f 7123 1936 4865
f 1657 7123 5135
f 7123 4865 5135
f 6712 7123 1657
f 2078 1935 7124
f 1656 7124 3249
f 4866 7124 1656
f 4866 2078 7124
f 7124 1935 6711
f 7124 6711 3249
f 2845 225 7125
f 7125 225 5718
f 7125 5718 5719
f 7082 2845 7125
f 4471 7126 5719
f 7083 7126 4471
f 7083 7082 7126
f 7126 7125 5719
f 7082 7125 7126
f 653 227 7127
f 5716 653 7127
f 7127 227 7080
f 7127 7080 7081
f 5717 7128 4469
f 5717 5716 7128
f 7128 7081 4469
f 5716 7127 7128
f 7128 7127 7081
f 2616 7131 1978
f 1978 7131 5777
f 7131 2616 6337
f 3475 7132 1977
f 1977 7132 5767
f 1623 7133 1728
f 1728 7133 2084
f 7133 297 4262
f 7133 4262 2084
f 6405 297 7133
f 1623 6405 7133
f 7134 296 1622
f 7134 1622 1020
f 1729 7134 1020
f 2230 296 7134
f 4263 7134 1729
f 4263 2230 7134
f 7135 2012 2011
f 1377 7135 3458
f 7135 2011 3458
f 2012 7136 1378
f 7136 2012 7135
f 2808 7137 4527
f 4925 1628 7137
f 7137 1628 5407
f 7137 5407 4527
f 6554 7137 2808
f 6554 4925 7137
f 4523 1629 7138
f 5406 7138 2809
f 5406 4523 7138
f 7138 1629 6555
f 2809 7138 6562
f 7138 6555 6562
f 4473 7139 1184
f 7139 4473 3740
f 7140 892 2707
f 2985 892 7140
f 7140 2511 3155
f 3966 2985 7140
f 4903 7140 3155
f 3966 7140 4903
f 2511 7140 6734
f 890 7141 2709
f 3967 7141 890
f 2510 7141 4902
f 7142 1297 3345
f 3345 2688 7142
f 3901 711 7142
f 7142 3546 3901
f 3915 7142 2475
f 3546 7142 3915
f 7142 4895 2475
f 3170 5704 7142
f 5373 6287 7142
f 6304 1297 7142
f 6090 6304 7142
f 711 6530 7142
f 7142 6530 6090
f 7143 96 2689
f 3169 96 7143
f 7143 3118 3547
f 3918 7143 3547
f 3934 3169 7143
f 4896 7143 3918
f 7143 6056 712
f 6286 3219 7143
f 712 6556 7143
f 6556 3118 7143
f 4896 6990 7143
f 7144 3544 1164
f 3911 7144 1164
f 4893 7144 3911
f 7144 4893 4894
f 3545 3544 7145
f 3914 7145 2474
f 3545 7145 3914
f 7145 4894 2474
f 3544 7144 7145
f 7145 7144 4894
f 2811 2812 7146
f 2811 7146 3787
f 3787 7146 5855
f 7146 5205 5855
f 11 7147 2812
f 5206 7147 11
f 7147 5206 5205
f 2812 7147 7146
f 7146 7147 5205
f 7148 2813 4396
f 3785 7148 4396
f 5203 7148 3785
f 5203 5204 7148
f 2814 7149 13
f 7149 2814 2813
f 7149 5204 13
f 7148 7149 2813
f 5204 7149 7148
f 7150 1906 2142
f 7150 2335 2334
f 2612 1906 7150
f 2334 2612 7150
f 2143 7151 2142
f 2143 4349 7151
f 7151 6538 2335
f 4349 6538 7151
f 2142 7151 7150
f 7151 2335 7150
f 119 1905 7152
f 2144 119 7152
f 7152 2145 2144
f 7152 1905 2336
f 2337 7153 2336
f 2337 4348 7153
f 7153 5075 2145
f 4348 5075 7153
f 7153 2145 7152
f 2336 7153 7152
f 7154 42 509
f 1849 1850 7154
f 4758 7154 509
f 1849 7154 4758
f 7155 43 42
f 43 7155 4539
f 7155 1850 4539
f 7154 7155 42
f 1850 7155 7154
f 44 45 7156
f 7156 1851 1588
f 44 7156 4756
f 4756 7156 1588
f 7157 1852 1851
f 7157 45 4539
f 1852 7157 4539
f 45 7157 7156
f 7156 7157 1851
f 7158 1773 1774
f 789 6246 7158
f 6246 1773 7158
f 790 789 7159
f 4957 7159 1774
f 6249 790 7159
f 6249 7159 4957
f 789 7158 7159
f 7159 7158 1774
f 7160 2815 3076
f 6067 7160 3076
f 7160 6675 4207
f 6675 7160 6067
f 2815 7160 7114
f 7114 7160 4207
f 772 7161 4205
f 7161 2816 4205
f 2816 7161 6069
f 6069 7161 4413
f 6674 7161 772
f 7161 6674 4413
f 1020 3969 7162
f 5445 1020 7162
f 7162 5446 5445
f 7163 5570 5446
f 6870 5570 7163
f 7163 5446 7162
f 7164 3970 5443
f 6197 3970 7164
f 5444 7165 5443
f 6871 4793 7165
f 5444 6871 7165
f 5443 7165 7164
f 345 7166 9
f 345 4634 7166
f 7166 6437 9
f 7167 346 9
f 9 6438 7167
f 6947 1267 7167
f 6438 6947 7167
f 7168 2148 1382
f 2151 7168 4258
f 4688 2148 7168
f 2151 4688 7168
f 7168 1382 6166
f 4258 7168 6166
f 7169 2149 2150
f 1381 7169 4259
f 1381 4727 7169
f 4727 2149 7169
f 3964 3965 7170
f 7170 6389 1746
f 7050 7170 1746
f 3964 7170 7050
f 7171 3965 3569
f 6390 7171 3569
f 7171 6390 6389
f 3965 7171 7170
f 7170 7171 6389
f 7172 3962 3480
f 6387 6388 7172
f 7052 7172 3480
f 6387 7172 7052
f 3963 7173 3571
f 7173 3963 3962
f 7173 6388 3571
f 7172 7173 3962
f 6388 7173 7172
f 7174 3043 3808
f 7174 3808 3809
f 4423 3043 7174
f 7175 3809 4540
f 7175 7174 3809
f 91 3045 7176
f 3806 91 7176
f 3807 3806 7177
f 3807 7177 4542
f 3806 7176 7177
f 4827 460 7178
f 6975 4827 7178
f 6975 7178 4895
f 7179 2318 2319
f 4857 6255 7179
f 10 7180 2319
f 4858 7180 10
f 4858 4857 7180
f 7180 7179 2319
f 4857 7179 7180
f 2320 4639 7181
f 7181 4855 4856
f 2321 7182 12
f 2321 2320 7182
f 7182 4856 12
f 2320 7181 7182
f 7182 7181 4856
f 5346 820 7183
f 5346 7183 4996
f 820 6019 7183
f 7183 6019 5167
f 5168 7184 4997
f 7184 6018 5345
f 4997 7184 6878
f 7184 5345 6878
f 1259 1260 7185
f 4 7186 11
f 7186 1260 11
f 1260 7186 7185
f 7187 1261 2873
f 14 1262 7188
f 7188 1262 1261
f 7187 7188 1261
f 3135 1464 7189
f 7189 3601 3124
f 1464 5005 7189
f 7189 5005 3601
f 5897 7189 3124
f 3135 7189 5897
f 7190 3134 1424
f 3600 604 7190
f 604 5004 7190
f 7190 5004 3134
f 5896 7190 1424
f 3600 7190 5896
f 7191 743 744
f 7191 4703 743
f 4980 4703 7191
f 5681 4980 7191
f 7192 744 3639
f 5682 7192 3639
f 5682 5681 7192
f 7192 7191 744
f 5681 7191 7192
f 741 4776 7193
f 4776 4705 7193
f 7193 4705 5679
f 7193 5679 5680
f 742 741 7194
f 742 7194 3637
f 7194 5680 3637
f 741 7193 7194
f 7194 7193 5680
f 7195 2831 3366
f 4126 7195 3366
f 2461 7196 9
f 7196 2461 2251
f 2251 5968 7196
f 9 7196 6938
f 5968 6956 7196
f 7196 6956 6938
f 9 7197 2462
f 7197 4128 2462
f 6939 7197 9
f 6939 5669 7197
f 7197 6984 4128
f 5669 6984 7197
f 7198 3615 910
f 5329 3615 7198
f 7198 910 5521
f 2589 7198 5521
f 911 7199 2588
f 2588 7199 2330
f 911 4494 7199
f 4494 3614 7199
f 7200 3052 2697
f 908 7200 3348
f 908 5058 7200
f 5058 3052 7200
f 7201 3051 909
f 2696 7201 3349
f 7201 909 4761
f 3349 7201 4761
f 2696 6240 7201
f 6240 3051 7201
f 7202 5271 5272
f 7203 5272 12
f 7203 7202 5272
f 5269 4253 7204
f 10 5270 7205
f 5270 5269 7205
f 5269 7204 7205
f 1301 7206 990
f 7206 2923 990
f 3143 7206 1301
f 7206 3143 6855
f 2923 7206 6948
f 6948 7206 6855
f 7207 3142 992
f 5919 7207 992
f 2924 7207 5919
f 3142 7207 6950
f 2751 7208 1079
f 2751 3354 7208
f 1079 7208 4602
f 7208 2750 4602
f 7209 1317 4223
f 7209 4223 2749
f 5036 7209 2749
f 4687 7209 5036
f 7210 1316 4688
f 7210 4688 2151
f 5037 7210 2151
f 4224 7210 5037
f 5833 1316 7210
f 4224 5833 7210
f 2677 7211 3015
f 4779 3966 7211
f 7211 4903 3015
f 7211 3966 4903
f 5688 7211 2677
f 5688 4779 7211
f 4902 7212 2676
f 7212 3967 5689
f 2676 7212 6973
f 7212 5689 6973
f 7141 3967 7212
f 4902 7141 7212
f 489 490 7213
f 489 7213 4782
f 7213 2755 6996
f 4782 7213 6996
f 7214 2756 2755
f 7214 490 4543
f 4543 2756 7214
f 490 7214 7213
f 7213 7214 2755
f 2757 2758 7215
f 7215 487 4040
f 2757 7215 4780
f 4780 7215 4040
f 7216 488 487
f 488 7216 4541
f 7216 2758 4541
f 7215 7216 487
f 2758 7216 7215
f 7217 294 5402
f 7217 5402 5403
f 5125 7218 969
f 5125 5124 7218
f 969 7218 5403
f 5124 7217 7218
f 7218 7217 5403
f 7219 292 5126
f 7219 5126 5127
f 5436 292 7219
f 5400 5436 7219
f 968 7220 4142
f 7220 5127 4142
f 5401 7220 968
f 5401 5400 7220
f 7220 7219 5127
f 5400 7219 7220
f 7221 885 13
f 3640 7221 13
f 886 7222 12
f 886 885 7222
f 12 7222 3639
f 3639 7222 3570
f 885 7221 7222
f 887 7223 11
f 7223 887 888
f 11 7223 3638
f 3569 3638 7223
f 7224 888 10
f 3637 7224 10
f 7224 7223 888
f 2762 7225 9
f 2762 37 7225
f 9 7225 5573
f 7225 6493 5573
f 37 7121 7225
f 7225 7121 6493
f 9 7226 2761
f 5572 7226 9
f 7226 5572 4141
f 2761 7226 6661
f 7122 7226 4141
f 6661 7226 7122
f 7227 1483 267
f 288 1483 7227
f 1872 288 7227
f 1872 7227 866
f 7227 267 6195
f 866 7227 6195
f 268 7228 865
f 7228 1484 1871
f 268 6776 7228
f 6776 1484 7228
f 7229 2275 1654
f 1621 7229 6131
f 6131 7229 1654
f 7229 1621 6438
f 7001 2275 7229
f 6438 7001 7229
f 3610 7230 210
f 1208 7230 3610
f 7230 4241 210
f 7230 1208 6544
f 7231 1209 2416
f 1209 7231 3521
f 3608 7231 2416
f 4240 7231 3608
f 3521 7231 6546
f 7231 4240 6546
f 2066 7232 2495
f 7232 3867 3866
f 2495 7232 4153
f 7232 3866 4153
f 2067 7233 2066
f 2067 2723 7233
f 2723 2496 7233
f 7233 2496 3867
f 2066 7233 7232
f 7233 3867 7232
f 7234 1876 833
f 7234 833 5366
f 6441 7234 5366
f 834 6071 7235
f 6071 1875 7235
f 834 7235 6442
f 6442 7235 1765
f 3134 1463 7236
f 7236 3135 1423
f 5325 7236 1423
f 3134 7236 5325
f 1463 5649 7236
f 7236 5649 3135
f 7237 1298 534
f 7237 2746 1298
f 2269 2986 7237
f 2986 2746 7237
f 4251 7237 534
f 2269 7237 4251
f 7238 2747 2270
f 1299 7238 4249
f 7238 2270 5916
f 4249 7238 5916
f 3320 1286 7239
f 7239 3321 3320
f 7240 2304 3321
f 4426 2304 7240
f 6589 4426 7240
f 6589 7240 6588
f 7240 3321 7239
f 6588 7240 7239
f 6586 614 7241
f 7241 6587 6586
f 3323 7242 3322
f 3323 4425 7242
f 4425 5952 7242
f 7242 5952 6587
f 3322 7242 7241
f 7242 6587 7241
f 751 7243 1473
f 7243 882 1914
f 751 6237 7243
f 6237 882 7243
f 7244 881 752
f 1913 7244 1474
f 3984 7245 3231
f 3984 3985 7245
f 3231 7245 5862
f 7245 3596 5862
f 3597 7246 1759
f 7246 3597 3596
f 7246 3985 1759
f 7245 7246 3596
f 3985 7246 7245
f 3598 7247 3229
f 3598 3599 7247
f 3229 7247 4449
f 7247 3986 4449
f 7248 3987 3986
f 7248 3599 5469
f 3987 7248 5469
f 3599 7248 7247
f 7247 7248 3986
f 858 7249 1795
f 1795 7249 3100
f 7249 4326 3100
f 4326 7249 5141
f 7249 858 5527
f 5141 7249 5527
f 4325 7250 1793
f 7250 4325 5529
f 857 7250 6078
f 6078 7250 5529
f 1993 7251 600
f 7251 1993 2030
f 860 7251 2583
f 2583 7251 2030
f 600 7251 6313
f 7251 860 6313
f 598 7252 791
f 859 7252 598
f 7252 1992 791
f 7252 859 2032
f 1992 7252 4571
f 4571 7252 2032
f 1845 5196 7253
f 5196 4746 7253
f 7253 6507 4429
f 7253 4746 6507
f 7254 4747 1846
f 7254 1846 4772
f 6536 4747 7254
f 6506 6536 7254
f 5334 7255 4210
f 4210 7255 5417
f 7255 5108 5417
f 7255 5658 5108
f 5334 6966 7255
f 6966 5658 7255
f 5109 163 7256
f 5109 7256 4211
f 163 5659 7256
f 7256 5659 5335
f 6132 7257 3380
f 5643 7257 6132
f 3380 7257 7000
f 7000 7257 5643
f 6218 7258 3518
f 7258 6218 6090
f 6530 7258 6090
f 3518 7258 6628
f 6628 7258 6530
f 130 7259 617
f 1209 7259 130
f 7259 1209 3980
f 4870 7259 3980
f 7259 5883 617
f 5883 7259 4870
f 132 7260 2418
f 7260 1208 2418
f 1208 7260 3519
f 3519 7260 3978
f 5884 7260 132
f 7260 5884 3978
f 7261 2738 2370
f 7261 2370 4315
f 4537 2738 7261
f 5096 7261 4315
f 5332 4537 7261
f 5332 7261 5096
f 2369 2138 7262
f 2138 2737 7262
f 2369 7262 5097
f 7262 2737 5333
f 1664 5332 7263
f 7263 5332 5096
f 6545 7264 3520
f 5097 7264 6545
f 5097 7262 7264
f 7262 5333 7264
f 7265 3401 3402
f 3389 3829 7265
f 7265 4831 3401
f 3829 4831 7265
f 3390 3389 7266
f 3390 7266 3566
f 3566 7266 3402
f 3389 7265 7266
f 7266 7265 3402
f 7267 3391 3392
f 3399 3795 7267
f 7267 4833 3391
f 3795 4833 7267
f 3400 3399 7268
f 7268 3392 3566
f 3400 7268 3566
f 7268 7267 3392
f 3399 7267 7268
f 2753 4136 7269
f 7269 5072 5073
f 4136 6276 7269
f 7269 6276 5072
f 2754 2753 7270
f 7270 6277 2754
f 5073 6495 7270
f 6495 6277 7270
f 2753 7269 7270
f 7270 7269 5073
f 1630 7271 3304
f 1632 7273 145
f 5793 7274 4539
f 7275 874 1667
f 7275 2038 874
f 2744 7275 1667
f 6483 7275 2744
f 6869 2038 7275
f 6483 6869 7275
f 875 7276 2743
f 2743 7276 4686
f 875 6233 7276
f 6233 2037 7276
f 7276 2037 6482
f 7276 6482 4686
f 7277 2696 3349
f 3107 7277 3891
f 6166 2696 7277
f 3107 6166 7277
f 7278 3106 143
f 7278 2697 3106
f 3892 7278 143
f 3348 7278 3892
f 7200 2697 7278
f 3348 7200 7278
f 423 166 7279
f 423 7279 1219
f 1219 7279 2286
f 166 5976 7279
f 7279 7086 2286
f 7279 5976 7086
f 7280 424 1404
f 1218 7280 1404
f 7280 5977 424
f 4726 5977 7280
f 7087 7280 1218
f 7087 4726 7280
f 1457 3763 7281
f 7281 4575 286
f 3763 5190 7281
f 7281 5190 4575
f 7115 7281 286
f 1457 7281 7115
f 7282 1458 5093
f 7282 5189 1458
f 4574 6562 7282
f 6562 5189 7282
f 4574 7282 7116
f 7116 7282 5093
f 1173 7283 1612
f 7283 1010 2909
f 1612 7283 2909
f 7283 4034 1010
f 1173 5831 7283
f 5831 4034 7283
f 1011 7284 1613
f 7284 1173 3838
f 1613 7284 3838
f 7284 4035 1173
f 1011 6492 7284
f 6492 4035 7284
f 1896 7285 1249
f 1350 7285 1896
f 1350 2593 7285
f 2593 1717 7285
f 7286 1718 1351
f 3124 1718 7286
f 7286 1351 5275
f 1895 7286 5275
f 276 7287 1457
f 7287 3763 1457
f 4221 7287 276
f 7287 4298 3763
f 4221 6329 7287
f 6329 4298 7287
f 277 7288 449
f 3762 7288 277
f 3762 4148 7288
f 7288 4222 449
f 4148 4299 7288
f 7288 4299 4222
f 7289 2090 926
f 2763 7289 926
f 4236 7289 2763
f 7289 6666 2090
f 4236 6719 7289
f 6719 6666 7289
f 2091 7290 2764
f 2764 7290 4485
f 7290 4237 4485
f 2091 6292 7290
f 7290 6667 4237
f 6292 6667 7290
f 4963 7291 7031
f 7291 7032 7031
f 4964 7292 4963
f 7033 1763 7292
f 7033 7292 4964
f 4963 7292 7291
f 1669 3574 7293
f 3574 5168 7293
f 7293 5168 4997
f 1669 7293 5670
f 7294 1670 3988
f 7294 5167 1670
f 5671 7294 3988
f 4996 7294 5671
f 4996 7183 7294
f 7183 5167 7294
f 2831 7295 9
f 7295 2831 7195
f 9 7296 2832
f 7296 3557 2832
f 2234 7297 4677
f 7297 1350 5276
f 4677 7297 5276
f 7297 6957 1350
f 7298 2235 1392
f 1351 2592 7298
f 1351 7298 4678
f 4678 7298 1392
f 7298 6958 2235
f 2592 6958 7298
f 3312 3643 7299
f 7299 3764 3765
f 3313 3312 7300
f 3313 7300 3570
f 7300 3765 3570
f 3312 7299 7300
f 7300 7299 3765
f 7301 3310 3311
f 3766 1685 7301
f 3568 7302 3311
f 3767 7302 3568
f 3767 3766 7302
f 7302 7301 3311
f 3766 7301 7302
f 7303 6898 6544
f 7304 369 3518
f 369 7304 5704
f 3518 6841 7304
f 3219 6898 7305
f 3219 7305 7143
f 7143 7305 3934
f 7305 7303 3934
f 6898 7303 7305
f 7306 6841 5373
f 7142 7306 5373
f 5704 7306 7142
f 5704 7304 7306
f 7304 6841 7306
f 4813 7307 1183
f 4813 4812 7307
f 4812 5975 7307
f 7307 6130 1183
f 7307 5975 6130
f 3878 7308 273
f 7308 3878 3518
f 3518 6605 7308
f 7309 6331 2267
f 7309 243 6544
f 6544 6331 7309
f 7310 3666 4134
f 4331 3666 7310
f 7310 4134 5284
f 5350 4331 7310
f 5376 7310 5284
f 5350 7310 5376
f 7311 5349 648
f 7311 3667 5349
f 5377 7311 648
f 4135 7311 5377
f 5747 3667 7311
f 4135 5747 7311
f 7312 2910 3591
f 7312 6348 2910
f 5987 6501 7312
f 6501 6348 7312
f 7029 7312 3591
f 5987 7312 7029
f 2909 1010 7313
f 7313 5988 4404
f 1010 6349 7313
f 7313 6349 5988
f 2909 7313 7028
f 7028 7313 4404
f 7314 2238 2073
f 2543 2238 7314
f 2457 2543 7314
f 7314 2073 4896
f 4896 2457 7314
f 4715 7315 542
f 4715 3344 7315
f 542 7315 4849
f 3344 6116 7315
f 541 7316 1072
f 7316 4716 1072
f 546 7317 1069
f 7317 4713 1069
f 857 6117 7317
f 7317 6117 4713
f 4714 7318 545
f 545 7318 4852
f 4714 6459 7318
f 950 1860 7319
f 1860 7013 7319
f 7319 7013 7014
f 951 950 7320
f 7320 1863 951
f 1552 1863 7320
f 7014 1552 7320
f 950 7319 7320
f 7320 7319 7014
f 7321 2467 2322
f 7321 2468 2467
f 1419 3894 7322
f 7322 5518 2468
f 3894 5518 7322
f 1419 7322 7321
f 7321 7322 2468
f 7323 2470 2469
f 2469 4912 7323
f 7323 5519 1420
f 4912 5519 7323
f 2470 7324 2323
f 7324 2470 7323
f 7325 2137 603
f 4187 3020 7325
f 5005 7325 603
f 4187 7325 5005
f 7325 5523 2137
f 3020 5523 7325
f 7326 4188 1463
f 5004 7326 1463
f 2136 7326 5004
f 7326 5522 4188
f 7327 2956 2957
f 2956 7327 6967
f 7327 5426 6967
f 3037 7328 2957
f 5427 5426 7328
f 6970 7328 3037
f 6970 5427 7328
f 7328 7327 2957
f 5426 7327 7328
f 115 7329 516
f 115 2424 7329
f 2424 3579 7329
f 7330 114 3373
f 515 7330 3373
f 7330 3578 114
f 5837 3578 7330
f 143 3106 7331
f 3106 1637 7331
f 7331 1637 3775
f 7331 3775 2413
f 143 7331 5228
f 5228 7331 2413
f 7332 1636 144
f 3776 7332 5227
f 7332 144 5556
f 5227 7332 5556
f 5560 1636 7332
f 3776 5560 7332
f 149 7333 1803
f 81 1894 7333
f 7333 1894 1803
f 3094 7333 149
f 3094 2313 7333
f 7333 4483 81
f 2313 4483 7333
f 7334 1893 79
f 1893 7334 150
f 4481 7334 79
f 3095 7334 4481
f 150 7334 5182
f 7334 3095 5182
f 1846 2259 7335
f 2534 7335 266
f 7335 3027 266
f 7335 2259 3027
f 4772 1846 7335
f 4772 7335 2534
f 3026 7336 2535
f 4007 2258 7336
f 3026 4007 7336
f 7336 2258 4773
f 2535 7336 5687
f 7336 4773 5687
f 3874 1537 7337
f 3904 3874 7337
f 7337 3905 3904
f 7337 1537 4546
f 1435 948 7338
f 7338 948 3905
f 4547 1435 7338
f 4547 7338 4546
f 7338 3905 7337
f 4546 7338 7337
f 2199 1536 7339
f 7339 1536 3902
f 4548 2199 7339
f 7339 4549 4548
f 1434 22 7340
f 3903 1434 7340
f 3903 7340 3902
f 7340 22 4549
f 3902 7340 7339
f 7340 4549 7339
f 7341 1752 1753
f 1752 7341 2710
f 2710 7341 3815
f 7341 2943 3815
f 1753 2713 7342
f 2713 2944 7342
f 2944 2943 7342
f 7342 7341 1753
f 2943 7341 7342
f 3908 7343 2160
f 7343 4354 2160
f 6524 7343 3908
f 6524 6525 7343
f 7344 618 4
f 131 618 7344
f 4 4355 7344
f 7344 4355 4354
f 6525 131 7344
f 7343 7344 4354
f 6525 7344 7343
f 4352 7345 3906
f 4352 4353 7345
f 3906 7345 6631
f 7345 6522 6631
f 620 7346 14
f 7346 4353 14
f 6523 7346 620
f 7346 6523 6522
f 4353 7346 7345
f 7345 7346 6522
f 4895 273 7347
f 7347 5895 4895
f 7347 6605 5895
f 273 7308 7347
f 7308 6605 7347
f 574 243 7348
f 574 7348 4896
f 7348 2267 4896
f 243 7309 7348
f 7348 7309 2267
f 7349 5414 5415
f 5414 7349 6653
f 1247 1246 7350
f 7350 5415 3753
f 1247 7350 6656
f 6656 7350 3753
f 1246 7349 7350
f 7350 7349 5415
f 1180 1181 7351
f 1180 7351 3302
f 3302 7351 1632
f 7351 7273 1632
f 4539 7352 1181
f 7274 7352 4539
f 7352 7274 7273
f 1181 7352 7351
f 7351 7352 7273
f 7353 1178 6021
f 3304 7353 6021
f 7271 7353 3304
f 7271 7272 7353
f 7354 1179 1178
f 4539 1179 7354
f 4539 7354 5793
f 7354 7272 5793
f 7353 7354 1178
f 7272 7354 7353
f 7355 3435 3436
f 7355 401 6921
f 3435 7355 6921
f 402 401 7356
f 3436 193 7356
f 193 6924 7356
f 7356 6924 402
f 401 7355 7356
f 7356 7355 3436
f 865 7357 419
f 419 7357 1226
f 7357 4770 1226
f 7357 1871 4770
f 865 7228 7357
f 7228 1871 7357
f 7358 1872 866
f 3870 1872 7358
f 4771 7358 418
f 4771 3870 7358
f 418 7358 6636
f 7358 866 6636
f 7359 1309 3238
f 7359 3238 3977
f 749 7359 4867
f 4867 7359 3977
f 749 6801 7359
f 6801 1309 7359
f 7360 1308 750
f 1310 1308 7360
f 3237 1310 7360
f 7360 750 3241
f 3237 7360 4869
f 4869 7360 3241
f 1700 7361 5887
f 6288 7361 1700
f 6288 6289 7361
f 7361 6323 5887
f 13 7362 6289
f 6324 7362 13
f 7362 6324 6323
f 6289 7362 7361
f 7361 7362 6323
f 1698 7363 5866
f 7363 6290 5866
f 6321 7363 1698
f 6321 6322 7363
f 6291 7364 11
f 7364 6291 6290
f 11 7364 6322
f 7363 7364 6290
f 6322 7364 7363
f 917 3405 7365
f 3405 3334 7365
f 7365 3334 4558
f 7365 4558 4559
f 918 917 7366
f 918 7366 4469
f 4469 7366 4559
f 917 7365 7366
f 7366 7365 4559
f 7367 915 916
f 7367 3332 915
f 1330 3332 7367
f 4560 1330 7367
f 7368 916 4471
f 4471 4561 7368
f 4561 4560 7368
f 7368 7367 916
f 4560 7367 7368
f 3941 7369 38
f 3941 3942 7369
f 38 7369 6113
f 7369 6678 6113
f 7370 3942 4472
f 4472 6679 7370
f 7370 6679 6678
f 3942 7370 7369
f 7369 7370 6678
f 40 7371 4459
f 7371 3939 4459
f 6676 7371 40
f 6676 6677 7371
f 7372 3940 3939
f 3940 7372 4470
f 4470 7372 6677
f 7371 7372 3939
f 6677 7372 7371
f 516 7373 4842
f 4842 7373 1916
f 7373 5729 1916
f 516 7329 7373
f 5728 7374 4841
f 4030 7375 1393
f 7375 4030 4031
f 1396 7376 730
f 730 7376 4031
f 7376 7375 4031
f 7377 2186 2008
f 2186 7377 2187
f 6767 5956 7378
f 7378 6766 6767
f 2187 7377 7378
f 7377 6766 7378
f 7379 3226 437
f 2388 3866 7379
f 3866 3226 7379
f 7379 733 4078
f 7379 4078 4079
f 437 6713 7379
f 6713 733 7379
f 2389 2388 7380
f 3227 7380 440
f 2389 7380 3227
f 7380 6716 440
f 6716 7380 4079
f 2388 7379 7380
f 7380 7379 4079
f 2507 7381 5023
f 5539 1647 7381
f 5539 7381 2507
f 7381 5943 5023
f 2506 7382 4987
f 7382 5538 4987
f 5942 2265 7382
f 5942 7382 2506
f 7383 4221 450
f 4748 1487 7383
f 6514 7383 450
f 4748 7383 6514
f 1487 6642 7383
f 7383 6642 4221
f 4222 6330 7384
f 4222 7384 6515
f 7384 4749 6536
f 6515 7384 6536
f 7384 6641 4749
f 6330 6641 7384
f 7385 2400 5336
f 7385 5336 5337
f 7386 5337 10
f 7205 7386 10
f 7205 7204 7386
f 7386 7385 5337
f 7204 7385 7386
f 4306 2398 7387
f 5338 4306 7387
f 7387 2398 7202
f 7387 7202 7203
f 12 5339 7388
f 5339 5338 7388
f 7388 7203 12
f 5338 7387 7388
f 7388 7387 7203
f 3782 1317 7389
f 3782 7389 5144
f 5144 7389 4687
f 7389 1317 7209
f 4687 7389 7209
f 81 7390 1316
f 1316 7390 4688
f 4688 7390 2148
f 5145 7390 81
f 7390 5145 2148
f 7391 3488 2524
f 3538 7391 2524
f 5113 7391 3538
f 7391 5892 3488
f 3489 7392 3536
f 7392 5891 5112
f 3536 7392 6079
f 7392 5112 6079
f 3489 6451 7392
f 6451 5891 7392
f 7393 4164 7084
f 7394 355 30
f 355 7394 7085
f 7085 7394 5569
f 7395 2594 3171
f 4119 2594 7395
f 7395 3171 4368
f 5007 7395 4368
f 5662 4119 7395
f 5662 7395 5007
f 2932 2595 7396
f 3172 2932 7396
f 5006 7396 84
f 3172 7396 5006
f 7396 5663 84
f 7396 2595 5663
f 7397 36 1553
f 7397 1553 964
f 1892 36 7397
f 964 2053 7397
f 2053 1892 7397
f 7398 1579 965
f 7398 1481 1579
f 4208 7398 965
f 4439 1481 7398
f 4208 4439 7398
f 699 7399 1955
f 7399 3994 1955
f 6257 7399 699
f 6257 6258 7399
f 3567 3995 7400
f 7400 3995 3994
f 6258 3567 7400
f 7399 7400 3994
f 6258 7400 7399
f 3992 7401 701
f 3992 3993 7401
f 701 7401 6518
f 7401 6259 6518
f 7402 3993 3567
f 3567 6260 7402
f 7402 6260 6259
f 3993 7402 7401
f 7401 7402 6259
f 5348 7403 9
f 7403 5348 3473
f 7403 6567 9
f 6567 7403 2820
f 7404 5347 9
f 7404 1937 5347
f 9 6566 7404
f 6566 7071 7404
f 7405 362 4127
f 362 7405 6566
f 4127 7071 7405
f 6566 7405 7071
f 134 7406 4126
f 7406 2820 4126
f 134 6567 7406
f 7406 6567 2820
f 7407 707 1590
f 7407 1590 1591
f 4116 707 7407
f 6155 4116 7407
f 7408 1591 4538
f 4542 7408 4538
f 6156 7408 4542
f 6156 6155 7408
f 7408 7407 1591
f 6155 7407 7408
f 1851 709 7409
f 1588 1851 7409
f 7409 709 6153
f 7409 6153 6154
f 1589 1588 7410
f 4540 1589 7410
f 7410 6154 4540
f 1588 7409 7410
f 7410 7409 6154
f 5705 7411 5475
f 7411 5705 5706
f 4261 4260 7412
f 5478 7412 4113
f 4261 7412 5478
f 7412 5706 4113
f 4260 7411 7412
f 7412 7411 5706
f 2947 1361 7413
f 3502 2947 7413
f 3503 3502 7414
f 7414 4414 3503
f 5192 4414 7414
f 3502 7413 7414
f 3504 6069 7415
f 6069 4413 7415
f 3071 1362 7416
f 7416 1362 3505
f 7416 3505 3504
f 7415 7416 3504
f 3068 1359 7417
f 7417 1359 3498
f 7417 3498 3499
f 3499 6068 7418
f 6068 4416 7418
f 7418 7417 3499
f 3500 3501 7419
f 7419 4415 3500
f 5193 4415 7419
f 2946 1360 7420
f 3501 2946 7420
f 3501 7420 7419
f 3189 7421 3510
f 7421 4010 3510
f 5163 7421 3189
f 7421 5163 5164
f 4011 7422 3192
f 4011 4010 7422
f 3192 7422 4611
f 7422 5164 4611
f 4010 7421 7422
f 7422 7421 5164
f 4012 7423 3185
f 7423 4012 4013
f 3185 7423 4604
f 7423 5161 4604
f 3188 7424 3517
f 7424 4013 3517
f 5162 7424 3188
f 5162 5161 7424
f 7424 7423 4013
f 5161 7423 7424
f 3279 7425 4588
f 2371 7425 5969
f 5969 7425 3279
f 6220 7425 2371
f 4588 7425 6220
f 7426 476 1183
f 1183 5859 7426
f 1184 6443 7427
f 7428 3006 9
f 3006 7428 5859
f 9 7295 7428
f 7428 7295 476
f 7426 7428 476
f 5859 7428 7426
f 3007 7429 9
f 7429 7296 9
f 7429 6443 7296
f 7429 7427 6443
f 7430 1380 1168
f 1380 7430 1836
f 1168 2101 7430
f 1836 7430 3425
f 7430 2101 3425
f 2408 4383 7431
f 7431 4978 1802
f 4383 4978 7431
f 7431 1802 5892
f 1801 3140 7432
f 7432 4979 2409
f 3140 4979 7432
f 7432 2409 6327
f 1041 7433 3419
f 3812 7433 1041
f 7433 3812 3813
f 1044 7434 1100
f 3420 7434 1044
f 3420 3419 7434
f 7434 3813 1100
f 3419 7433 7434
f 7434 7433 3813
f 7435 1394 1393
f 7435 4090 6539
f 7436 3616 1394
f 4614 3616 7436
f 6540 4614 7436
f 6540 7436 6539
f 7436 1394 7435
f 6539 7436 7435
f 7437 1396 1395
f 1395 4846 7437
f 4846 3617 7437
f 7437 3617 6541
f 1305 4091 7438
f 7438 4091 1396
f 6542 1305 7438
f 6542 7438 6541
f 7438 1396 7437
f 6541 7438 7437
f 4253 4254 7439
f 4253 7439 7204
f 7439 2400 7385
f 7204 7439 7385
f 2401 7440 11
f 7440 2401 2400
f 11 7440 4254
f 7439 7440 2400
f 4254 7440 7439
f 2398 2399 7441
f 7441 4255 5271
f 2398 7441 7202
f 7202 7441 5271
f 7442 2399 13
f 4256 7442 13
f 7442 4256 4255
f 2399 7442 7441
f 7441 7442 4255
f 1982 4049 7443
f 4049 2441 7443
f 7443 2441 5343
f 7443 5343 5344
f 1983 7444 10
f 1983 1982 7444
f 7444 5344 10
f 1982 7443 7444
f 7444 7443 5344
f 7445 1984 1985
f 7445 2443 1984
f 7094 2443 7445
f 5341 7094 7445
f 7446 1985 12
f 12 5342 7446
f 5342 5341 7446
f 7446 7445 1985
f 5341 7445 7446
f 7447 3378 6111
f 7447 6111 6112
f 7061 3378 7447
f 4723 7061 7447
f 4724 7448 4469
f 4724 4723 7448
f 7448 6112 4469
f 4723 7447 7448
f 7448 7447 6112
f 7449 3376 4721
f 7449 4721 4722
f 6678 3376 7449
f 6113 6678 7449
f 4471 7450 4722
f 6114 7450 4471
f 6114 6113 7450
f 7450 7449 4722
f 6113 7449 7450
f 31 7451 9
f 31 4164 7451
f 4164 7393 7451
f 9 7452 30
f 30 7452 7394
f 7452 5569 7394
f 2390 7453 4269
f 7453 2600 4269
f 7454 2601 2600
f 2601 7454 3638
f 7453 7454 2600
f 2392 7455 981
f 2598 7455 2392
f 2598 2599 7455
f 7456 2599 3640
f 2599 7456 7455
f 4639 4640 7457
f 7457 6253 4855
f 4639 7457 7181
f 7181 7457 4855
f 7458 4640 13
f 13 6254 7458
f 7458 6254 6253
f 4640 7458 7457
f 7457 7458 6253
f 7459 4637 2318
f 6255 6256 7459
f 7179 7459 2318
f 6255 7459 7179
f 11 4638 7460
f 7460 4638 4637
f 7460 6256 11
f 7459 7460 4637
f 6256 7460 7459
f 1442 7461 1389
f 2732 798 7461
f 2732 7461 1442
f 798 2760 7461
f 7461 4474 1389
f 7461 2760 4474
f 1443 7462 1816
f 7462 2733 1816
f 7462 2759 2733
f 4475 7462 1443
f 5258 2759 7462
f 4475 5258 7462
f 7463 2007 1938
f 2007 7463 2008
f 5829 7463 1938
f 5954 7463 5829
f 7464 5954 5955
f 5955 6766 7464
f 7464 7377 2008
f 6766 7377 7464
f 2008 7463 7464
f 7463 5954 7464
f 7465 2010 2009
f 7465 2009 2187
f 7378 7465 2187
f 5956 7465 7378
f 7466 5830 2010
f 5957 7466 5956
f 6527 5830 7466
f 5957 6527 7466
f 7466 2010 7465
f 5956 7466 7465
f 1563 7467 1092
f 5594 7467 1563
f 7467 5594 2024
f 7468 3971 4589
f 4231 7468 4589
f 3971 7468 5242
f 1391 4677 7469
f 5838 1391 7469
f 7469 4677 6612
f 7469 6612 5525
f 5275 4678 7470
f 7470 4678 5837
f 6611 5275 7470
f 7471 6654 6653
f 7349 1246 7471
f 6653 7349 7471
f 5012 1526 7472
f 7472 1526 6654
f 7472 6654 7471
f 2379 1527 7473
f 6655 2379 7473
f 7473 6656 6655
f 4433 1247 7474
f 7474 1247 6656
f 7474 6656 7473
f 7475 2933 2934
f 1361 3070 7475
f 7475 3070 2933
f 7413 1361 7475
f 7476 5192 7414
f 7414 7413 7476
f 7476 7475 2934
f 7413 7475 7476
f 2935 2936 7477
f 7477 5191 2935
f 4413 5191 7477
f 7415 4413 7477
f 2936 7077 7478
f 7077 3071 7478
f 7478 3071 7416
f 7478 7416 7415
f 2936 7478 7477
f 7477 7478 7415
f 2937 7078 7479
f 7078 3068 7479
f 7479 3068 7417
f 7479 7417 7418
f 2938 2937 7480
f 7480 5194 2938
f 4416 5194 7480
f 7418 4416 7480
f 2937 7479 7480
f 7480 7479 7418
f 7481 5193 7419
f 7419 7420 7481
f 7482 2940 2939
f 1360 3069 7482
f 7482 3069 2940
f 7420 1360 7482
f 7481 7482 2939
f 7420 7482 7481
f 4477 5116 7483
f 7483 4210 5155
f 7483 5334 4210
f 5116 5334 7483
f 4477 7483 5384
f 5384 7483 5155
f 7484 5335 4476
f 4211 7484 5385
f 4211 7256 7484
f 7256 5335 7484
f 1791 7485 2182
f 7485 2554 2182
f 230 4053 7485
f 7485 4053 2554
f 6164 230 7485
f 6164 7485 1791
f 2555 1726 7486
f 2555 7486 1792
f 1792 7486 3370
f 1726 4054 7486
f 7486 6163 3370
f 7486 4054 6163
f 7487 420 607
f 5451 420 7487
f 7487 607 5735
f 6341 5451 7487
f 6681 7487 5735
f 6341 7487 6681
f 3773 421 7488
f 608 3773 7488
f 7488 421 6342
f 608 7488 6680
f 617 7489 2861
f 2861 7489 2310
f 617 5883 7489
f 5883 2225 7489
f 7490 4 2860
f 3446 4 7490
f 7491 2226 619
f 850 2226 7491
f 7491 619 5248
f 2858 7491 5248
f 14 7492 2857
f 2857 7492 2306
f 14 3448 7492
f 7493 3149 612
f 7493 6770 3149
f 7016 7493 612
f 2048 7493 7016
f 7494 2047 3408
f 3150 4418 7494
f 7494 6771 2047
f 4418 6771 7494
f 3150 7494 7015
f 7015 7494 3408
f 7495 245 867
f 1522 7495 867
f 4389 7495 1522
f 4389 3151 7495
f 7495 6295 245
f 3151 6295 7495
f 246 7496 1520
f 7496 6294 4389
f 1520 7496 7100
f 7496 4389 7100
f 1093 616 7497
f 7497 3361 1574
f 1093 7497 3363
f 3363 7497 1574
f 616 4960 7497
f 7497 4960 3361
f 7498 1094 2914
f 3362 7498 2914
f 3360 7498 3362
f 7498 4959 1094
f 3360 6621 7498
f 6621 4959 7498
f 476 7499 1183
f 1183 7499 4126
f 7499 7195 4126
f 476 7295 7499
f 7499 7295 7195
f 3557 7500 1184
f 1184 7500 6443
f 7296 7500 3557
f 6443 7500 7296
f 7501 621 1429
f 607 7501 2373
f 2373 7501 1429
f 607 3772 7501
f 7501 4336 621
f 3772 4336 7501
f 622 7502 2374
f 7502 4337 608
f 7502 608 5736
f 2374 7502 5736
f 6328 2408 7503
f 6328 7503 5113
f 5113 7503 7391
f 7503 5892 7391
f 2408 7431 7503
f 7503 7431 5892
f 5112 7504 124
f 5891 1801 7504
f 5891 7504 5112
f 7504 6327 124
f 1801 7432 7504
f 7504 7432 6327
f 3038 2700 7505
f 7505 3105 919
f 4509 7505 919
f 3038 7505 4509
f 2700 5973 7505
f 7505 5973 3105
f 3104 784 7506
f 3104 7506 4508
f 784 5972 7506
f 7506 5972 3039
f 7506 3039 7063
f 4508 7506 7063
f 1563 7507 5564
f 5564 7507 4067
f 5566 7507 1563
f 4067 7507 5652
f 7507 5566 5652
f 7508 858 1795
f 7508 1795 2625
f 4849 7508 2625
f 6116 858 7508
f 7315 7508 4849
f 7315 6116 7508
f 4848 7509 541
f 1796 7509 4848
f 7509 7316 541
f 4853 7510 546
f 1793 7510 4853
f 7250 857 7510
f 1793 7250 7510
f 7510 7317 546
f 7510 857 7317
f 7511 1794 2628
f 4852 7511 2628
f 6459 1794 7511
f 7318 7511 4852
f 6459 7511 7318
f 32 2304 7512
f 7512 2640 1278
f 7512 2304 2640
f 2935 7512 1278
f 5191 32 7512
f 5191 7512 2935
f 1439 7513 2641
f 2641 7513 2934
f 5192 7513 1439
f 2934 7513 7476
f 7513 5192 7476
f 2642 7514 2939
f 4425 2305 7514
f 2642 4425 7514
f 7514 2305 5193
f 2939 7514 7481
f 7514 5193 7481
f 7515 2643 1273
f 2938 7515 1273
f 7515 864 4125
f 4125 2643 7515
f 4513 864 7515
f 5194 7515 2938
f 5194 4513 7515
f 4800 3919 7516
f 3919 4861 7516
f 4800 7516 5516
f 5516 7516 6392
f 7516 4861 7064
f 7516 7064 6392
f 7517 4801 1151
f 3039 4862 7517
f 7517 4862 4801
f 5517 7517 1151
f 7063 3039 7517
f 7063 7517 5517
f 2602 2546 7518
f 2546 6606 7518
f 7518 6606 6508
f 7519 2603 2133
f 6509 4927 7519
f 7519 6607 2603
f 4927 6607 7519
f 2553 7520 2514
f 7520 4218 4277
f 478 4217 7521
f 7521 4217 2552
f 4278 478 7521
f 4278 7521 2513
f 2513 7521 4932
f 7521 2552 4932
f 554 7522 484
f 554 3272 7522
f 3272 3003 7522
f 484 7522 6447
f 7522 3003 6548
f 7522 6548 6447
f 483 7523 2587
f 7523 555 2587
f 7523 3002 555
f 3325 3002 7523
f 6547 7523 483
f 6547 3325 7523
f 4691 7524 7103
f 7524 6399 7103
f 4694 7525 2111
f 6400 7525 4694
f 6400 6399 7525
f 6399 7524 7525
f 4695 7526 2104
f 6397 7526 4695
f 7526 6397 6398
f 4698 7527 7110
f 7527 6398 7110
f 7527 7526 6398
f 7528 6745 3216
f 7528 5893 6745
f 6859 5893 7528
f 7529 5815 1090
f 7529 2924 5815
f 5930 7529 1090
f 6950 7529 5930
f 7207 2924 7529
f 6950 7207 7529
f 5929 7530 1968
f 5816 7530 5929
f 6951 7530 333
f 7530 6951 1968
f 2911 2923 7531
f 5817 2911 7531
f 5934 7531 1973
f 5817 7531 5934
f 7531 6948 1973
f 7531 2923 6948
f 5618 331 7532
f 7532 331 5818
f 7532 5818 1085
f 5933 7532 1085
f 6949 5618 7532
f 6949 7532 5933
f 7533 1136 4769
f 7533 4769 4418
f 1368 7533 4995
f 4995 7533 4418
f 5433 1136 7533
f 1368 5433 7533
f 7534 1135 1367
f 4350 1135 7534
f 7534 1367 4528
f 4768 4350 7534
f 4994 7534 4528
f 4768 7534 4994
f 1292 1115 7535
f 7535 761 3215
f 3215 1292 7535
f 6295 7536 245
f 7536 110 6465
f 6623 110 7536
f 6295 6623 7536
f 245 7536 6822
f 7536 6465 6822
f 7537 111 6294
f 6464 7537 246
f 246 7537 7496
f 7537 6294 7496
f 1458 277 7538
f 7538 277 2866
f 7538 2866 2981
f 4233 7538 2981
f 5093 1458 7538
f 5093 7538 4233
f 450 276 7539
f 2865 450 7539
f 2865 7539 4232
f 7539 276 5092
f 4232 7539 6340
f 7539 5092 6340
f 1778 1092 7540
f 7540 2024 3215
f 5842 1778 7540
f 3215 5842 7540
f 1092 7467 7540
f 7540 7467 2024
f 5242 7541 3216
f 7468 4231 7541
f 5242 7468 7541
f 291 1121 7542
f 7542 1611 2265
f 291 7542 4567
f 4567 7542 2265
f 1121 5129 7542
f 7542 5129 1611
f 7543 290 2168
f 1610 3876 7543
f 1610 7543 4566
f 4566 7543 2168
f 7543 5128 290
f 3876 5128 7543
f 2819 7544 1486
f 7544 3507 5544
f 2819 7030 7544
f 7030 3507 7544
f 1191 3506 7545
f 7545 3506 2819
f 1485 7545 4737
f 7545 2819 4737
f 5545 1191 7545
f 5545 7545 1485
f 3864 3835 7546
f 3835 4172 7546
f 5658 7546 162
f 3864 7546 5658
f 7546 6584 162
f 7546 4172 6584
f 7547 4171 3865
f 6585 7547 5659
f 7547 3865 6965
f 5659 7547 6965
f 7548 5671 297
f 7548 4996 5671
f 6405 7548 297
f 5201 7548 6405
f 6879 4996 7548
f 5201 6879 7548
f 7549 5202 175
f 7549 4997 5202
f 6404 7549 175
f 5670 7549 6404
f 7293 4997 7549
f 5670 7293 7549
f 7550 1104 121
f 2410 1104 7550
f 1697 2410 7550
f 7550 121 5778
f 1697 7550 6236
f 6236 7550 5778
f 7551 1103 1696
f 7551 1696 1634
f 122 2781 7551
f 2781 1103 7551
f 122 7551 6235
f 6235 7551 1634
f 4725 7552 3089
f 4725 3180 7552
f 7552 4762 1465
f 3180 4762 7552
f 7552 1465 6517
f 3089 7552 6517
f 1466 7553 3088
f 7553 4763 4726
f 1466 5449 7553
f 5449 4763 7553
f 3088 7553 7087
f 7553 4726 7087
f 586 5107 7554
f 5107 4838 7554
f 7554 5457 3021
f 7554 4838 5457
f 586 7554 5522
f 5522 7554 3021
f 7555 4837 587
f 3356 4837 7555
f 5456 3356 7555
f 5456 7555 5523
f 7556 3478 3479
f 3310 3645 7556
f 7556 5281 3478
f 3645 5281 7556
f 3311 3310 7557
f 3311 7557 3568
f 7557 3479 3568
f 3310 7556 7557
f 7557 7556 3479
f 7558 3312 3313
f 3480 3962 7558
f 7558 5279 3312
f 3962 5279 7558
f 3481 3480 7559
f 3570 7559 3313
f 3481 7559 3570
f 7559 7558 3313
f 3480 7558 7559
f 7560 1313 2786
f 2210 7560 2786
f 7560 5181 1313
f 3954 5181 7560
f 1312 150 7561
f 1312 7561 2209
f 2209 7561 3791
f 150 5182 7561
f 3255 5308 7562
f 5308 5819 7562
f 7562 5819 7039
f 7562 7039 7040
f 7563 792 3256
f 3256 3255 7563
f 3396 792 7563
f 7040 3396 7563
f 3255 7562 7563
f 7563 7562 7040
f 598 791 7564
f 3257 598 7564
f 7564 791 7041
f 7041 7042 7564
f 7565 3258 3257
f 7565 5820 3258
f 5713 5820 7565
f 7042 5713 7565
f 7564 7565 3257
f 7042 7565 7564
f 7566 3259 3260
f 7566 5821 3259
f 5714 5821 7566
f 7035 5714 7566
f 601 794 7567
f 3260 601 7567
f 7567 794 7036
f 7036 7035 7567
f 7567 7566 3260
f 7035 7566 7567
f 7568 793 3261
f 3261 3262 7568
f 3393 793 7568
f 7037 3393 7568
f 3262 5311 7569
f 5311 5822 7569
f 7569 5822 7038
f 7569 7038 7037
f 3262 7569 7568
f 7568 7569 7037
f 147 7570 1630
f 6670 7570 147
f 6670 6671 7570
f 7570 7271 1630
f 7571 6671 5793
f 5793 7272 7571
f 7571 7272 7271
f 6671 7571 7570
f 7570 7571 7271
f 145 7572 6109
f 7572 6668 6109
f 7273 7572 145
f 7273 7274 7572
f 6669 7573 5793
f 7573 6669 6668
f 7573 7274 5793
f 7572 7573 6668
f 7274 7573 7572
f 3857 872 7574
f 7574 3858 3857
f 7574 6811 461
f 872 6811 7574
f 462 7575 461
f 462 4406 7575
f 7575 5197 3858
f 4406 5197 7575
f 461 7575 7574
f 7575 3858 7574
f 7576 464 463
f 463 2792 7576
f 2792 6810 7576
f 7576 6810 3859
f 3860 7577 3859
f 3860 4405 7577
f 7577 6035 464
f 4405 6035 7577
f 7577 464 7576
f 3859 7577 7576
f 3154 500 7578
f 4968 3154 7578
f 4968 7578 4896
f 7578 500 6401
f 7578 6401 4896
f 460 2071 7579
f 7579 2071 2995
f 7579 2995 4895
f 7178 460 7579
f 4895 7178 7579
f 1231 2764 7580
f 7580 4485 2364
f 2764 4485 7580
f 7580 2364 4647
f 1231 7580 5405
f 5405 7580 4647
f 2363 2686 7581
f 7581 1230 2908
f 7581 4484 1230
f 2686 4484 7581
f 2363 7581 5404
f 5404 7581 2908
f 2069 2508 7582
f 7582 5262 5261
f 2508 2509 7583
f 7582 2508 7583
f 7582 7583 5262
f 198 7584 152
f 152 7584 1830
f 1246 4432 7584
f 7584 4432 1830
f 7471 1246 7584
f 7584 7472 7471
f 198 199 7585
f 199 6039 7585
f 6039 5012 7585
f 7585 5012 7472
f 198 7585 7584
f 7585 7472 7584
f 7586 5013 200
f 1527 5013 7586
f 7473 1527 7586
f 7586 7474 7473
f 7587 201 153
f 201 7587 200
f 2325 7587 153
f 2325 1831 7587
f 1831 4433 7587
f 7587 4433 7474
f 200 7587 7586
f 7587 7474 7586
f 2706 2674 7588
f 7588 6733 6734
f 2707 2706 7589
f 7140 2707 7589
f 6734 7140 7589
f 2706 7588 7589
f 7589 7588 6734
f 7590 2708 2709
f 6735 6637 7590
f 6736 6735 7591
f 7141 7591 2709
f 7141 6736 7591
f 7591 7590 2709
f 6735 7590 7591
f 3921 7592 2460
f 7592 513 3922
f 5088 513 7592
f 3921 5088 7592
f 2460 7592 6645
f 7592 3922 6645
f 7593 780 736
f 366 7593 3267
f 7593 736 3267
f 4735 7593 366
f 735 278 7594
f 735 7594 365
f 278 779 7594
f 365 7594 3801
f 7594 779 4736
f 7594 4736 3801
f 3934 7595 3169
f 7595 4161 3169
f 4161 7595 6544
f 7303 7595 3934
f 6544 7595 7303
f 7596 2211 3020
f 3021 7596 517
f 517 7596 4187
f 7596 3020 4187
f 5457 2211 7596
f 3021 5457 7596
f 7597 3352 3353
f 3401 3797 7597
f 3402 3401 7598
f 7598 3353 3566
f 3402 7598 3566
f 7598 7597 3353
f 3401 7597 7598
f 3350 954 7599
f 7599 3399 3400
f 3351 3350 7600
f 3566 3351 7600
f 3400 3566 7600
f 3350 7599 7600
f 7600 7599 3400
f 1001 7601 3413
f 7601 2194 3413
f 7601 3703 2194
f 2912 3703 7601
f 5815 7601 1001
f 5815 2912 7601
f 1000 7602 1089
f 2195 7602 1000
f 7602 5816 1089
f 5816 7602 2675
f 1005 7603 1086
f 2196 7603 1005
f 2196 2074 7603
f 2074 3704 7603
f 7603 5817 1086
f 7603 3704 5817
f 1004 7604 3416
f 7604 2197 3416
f 5818 7604 1004
f 2197 7604 6638
f 2340 2341 7605
f 7605 1014 2767
f 2340 7605 5046
f 5046 7605 2767
f 11 1015 7606
f 7606 1015 1014
f 7606 2341 11
f 7605 7606 1014
f 2341 7606 7605
f 1012 1013 7607
f 7607 2338 235
f 5048 7607 235
f 1012 7607 5048
f 7608 1013 13
f 13 2339 7608
f 7608 2339 2338
f 1013 7608 7607
f 7607 7608 2338
f 531 7609 1708
f 3799 7609 1563
f 7609 3799 1708
f 4955 7609 531
f 1563 7609 4955
f 3518 7610 1189
f 4827 7610 3518
f 1189 7610 5292
f 7610 4827 6975
f 5292 7610 6975
f 2772 3804 7611
f 3804 3748 7611
f 12 2773 7612
f 2773 2772 7612
f 2772 7611 7612
f 7613 2770 2771
f 7613 3746 2770
f 6574 3746 7613
f 7614 2771 10
f 7614 7613 2771
f 7615 6198 2522
f 3969 6198 7615
f 7162 3969 7615
f 7615 7163 7162
f 2523 7616 2522
f 2523 4792 7616
f 4792 6870 7616
f 7616 6870 7163
f 2522 7616 7615
f 7616 7163 7615
f 7617 2525 2524
f 2524 3488 7617
f 3488 6197 7617
f 7617 6197 7164
f 7618 3343 2525
f 4793 3343 7618
f 7165 4793 7618
f 7165 7618 7164
f 7618 2525 7617
f 7164 7618 7617
f 1232 1233 7619
f 7619 895 3326
f 1232 7619 4070
f 4070 7619 3326
f 7620 896 895
f 896 7620 3569
f 3569 7620 1233
f 7619 7620 895
f 1233 7620 7619
f 893 894 7621
f 7621 1234 3486
f 893 7621 4068
f 4068 7621 3486
f 7622 1235 1234
f 7622 894 3571
f 3571 1235 7622
f 894 7622 7621
f 7621 7622 1234
f 7623 183 4863
f 7623 4863 2099
f 6006 7623 2099
f 6609 183 7623
f 6889 7623 6006
f 6889 6609 7623
f 4864 7624 6007
f 6007 7624 6513
f 6705 182 7624
f 4864 6705 7624
f 7624 182 6888
f 7624 6888 6513
f 7625 587 1662
f 7625 1662 5408
f 2137 7625 5408
f 5523 7625 2137
f 7555 587 7625
f 5523 7555 7625
f 1562 586 7626
f 1661 1562 7626
f 1661 7626 2136
f 7626 586 5522
f 2136 7626 7326
f 7626 5522 7326
f 1685 1686 7627
f 7627 3645 3310
f 1685 7627 7301
f 7301 7627 3310
f 3569 7628 1686
f 3646 7628 3569
f 7628 3646 3645
f 1686 7628 7627
f 7627 7628 3645
f 3643 3644 7629
f 7629 1687 3764
f 3643 7629 7299
f 7299 7629 3764
f 7630 1688 1687
f 3571 1688 7630
f 7630 3644 3571
f 7629 7630 1687
f 3644 7630 7629
f 477 7631 3831
f 3831 7631 588
f 7631 3892 588
f 7631 3348 3892
f 477 4760 7631
f 4760 3348 7631
f 7632 3349 478
f 3891 7632 3832
f 7632 478 4278
f 3832 7632 4278
f 7277 3349 7632
f 3891 7277 7632
f 681 683 7633
f 7633 814 610
f 683 814 7633
f 7633 610 6926
f 681 7633 6926
f 7634 312 1271
f 1184 7634 1271
f 3740 312 7634
f 7139 7634 1184
f 7139 3740 7634
f 1320 3032 7635
f 3032 5367 7635
f 7635 5367 6735
f 7635 6735 6736
f 1321 1320 7636
f 1321 7636 2510
f 2510 7636 7141
f 7636 6736 7141
f 1320 7635 7636
f 7636 7635 6736
f 7637 1318 1319
f 7637 5369 1318
f 6639 5369 7637
f 6733 6639 7637
f 7638 1319 2511
f 7638 2511 6734
f 6734 6733 7638
f 7638 7637 1319
f 6733 7637 7638
f 3567 7639 3571
f 3640 3571 7639
f 7221 3640 7639
f 7221 7639 7222
f 3570 7640 3566
f 7222 7640 3570
f 7639 7640 7222
f 3569 7641 3567
f 7641 3569 7223
f 7641 7639 3567
f 3566 7642 3568
f 3568 7642 3637
f 7642 7224 3637
f 7223 7224 7642
f 7640 7642 3566
f 7642 7640 7639
f 7641 7223 7642
f 7641 7642 7639
f 1935 2639 7643
f 7643 4341 5110
f 2639 6168 7643
f 7643 6168 4341
f 1935 7643 6711
f 6711 7643 5110
f 4340 1306 7644
f 1306 6167 7644
f 7644 6167 1936
f 4340 7644 6712
f 7644 1936 7123
f 6712 7644 7123
f 7645 5317 532
f 7645 5967 5966
f 533 7646 532
f 533 2074 7646
f 2074 3035 7646
f 7646 3035 5967
f 532 7646 7645
f 7646 5967 7645
f 7647 535 534
f 534 1298 7647
f 1298 5316 7647
f 7647 5316 5964
f 7648 3703 535
f 2075 3703 7648
f 5965 2075 7648
f 5965 7648 5964
f 7648 535 7647
f 5964 7648 7647
f 931 7649 530
f 3282 7649 931
f 4589 7649 3282
f 7649 6038 530
f 6038 7649 4589
f 2645 7650 2564
f 6094 7650 2645
f 6094 6213 7650
f 6213 6860 7650
f 7650 6918 2564
f 7650 6860 6918
f 2644 7651 221
f 7651 6093 221
f 5424 6861 7651
f 7651 6861 6093
f 6919 7651 2644
f 6919 5424 7651
f 6151 7652 3437
f 6151 6152 7652
f 7652 2493 6784
f 3437 7652 6784
f 1159 2494 7653
f 7653 2494 2493
f 6152 1159 7653
f 7652 7653 2493
f 6152 7653 7652
f 2491 2492 7654
f 2491 7654 3439
f 3439 7654 2608
f 7654 6149 2608
f 1254 7655 1161
f 7655 2492 1161
f 6150 7655 1254
f 7655 6150 6149
f 2492 7655 7654
f 7654 7655 6149
f 7656 6175 1777
f 7656 4310 6544
f 6175 7656 6544
f 6995 7656 1777
f 4310 7656 6995
f 7657 4198 4197
f 6027 7657 4197
f 6721 4198 7657
f 6721 7657 4454
f 4454 7657 6937
f 7657 6027 6937
f 7658 4196 4455
f 7658 4455 4453
f 7658 4453 6885
f 5997 7658 6885
f 6944 4196 7658
f 5997 6944 7658
f 1595 726 7659
f 726 3888 7659
f 5244 7659 570
f 1595 7659 5244
f 821 3887 7660
f 7660 3887 1594
f 7660 1594 4338
f 5243 7660 4338
f 1577 7661 438
f 7661 5183 438
f 5183 7661 5184
f 1577 1578 7662
f 5184 7662 1578
f 7661 1577 7662
f 5184 7661 7662
f 7663 328 3125
f 4029 328 7663
f 6925 7663 3125
f 4029 7663 6925
f 7664 2806 2747
f 4017 2806 7664
f 6017 7664 1299
f 6017 4017 7664
f 1299 7664 7238
f 7664 2747 7238
f 2746 7665 1298
f 2746 3110 7665
f 3110 2807 7665
f 1298 7665 5316
f 7665 2807 6016
f 7665 6016 5316
f 7666 3236 3170
f 2688 3947 7666
f 3947 3236 7666
f 2688 7666 7142
f 7142 7666 3170
f 1311 1664 7667
f 3238 1311 7667
f 3238 7667 3518
f 3518 7667 6543
f 7667 1664 7263
f 7667 7263 6543
f 7668 1665 3237
f 7668 3237 3979
f 3520 7668 3979
f 5333 1665 7668
f 7264 7668 3520
f 7264 5333 7668
f 729 1393 7669
f 4882 729 7669
f 1394 7670 1393
f 1394 4845 7670
f 4845 2925 7670
f 7670 2925 6531
f 7670 6531 4882
f 1393 7670 7669
f 7670 4882 7669
f 448 2926 7671
f 7671 2926 1395
f 6532 448 7671
f 7672 1396 730
f 1396 7672 1395
f 730 4883 7672
f 4883 6532 7672
f 1395 7672 7671
f 7672 6532 7671
f 1847 1775 7673
f 1775 4963 7673
f 7673 4963 7031
f 1848 1847 7674
f 7674 4964 1848
f 7034 4964 7674
f 1847 7673 7674
f 7675 3355 2750
f 7675 2784 3355
f 6685 2784 7675
f 3354 6685 7675
f 7208 7675 2750
f 3354 7675 7208
f 1933 7676 3518
f 3518 7676 4434
f 7676 1933 6992
f 7676 6992 4434
f 7677 2668 3138
f 4807 7677 2086
f 2668 7677 4807
f 5238 7677 3138
f 7677 6373 2086
f 6373 7677 5238
f 4805 2088 7678
f 5237 7678 1494
f 2669 7678 5237
f 7678 6372 1494
f 7678 2088 6372
f 6479 7678 2669
f 6479 4805 7678
f 1660 7679 1248
f 1248 7679 1895
f 1660 5897 7679
f 5897 3124 7679
f 7679 7286 1895
f 7679 3124 7286
f 1249 7680 2684
f 7680 1663 2684
f 7680 3123 1663
f 1717 3123 7680
f 7285 7680 1249
f 7285 1717 7680
f 7681 3268 3314
f 3875 7681 995
f 995 7681 5059
f 7681 3314 5059
f 6194 3268 7681
f 3875 6194 7681
f 366 3267 7682
f 3315 366 7682
f 3315 7682 997
f 7682 3267 3874
f 997 7682 3904
f 7682 3874 3904
f 1733 4410 7683
f 1733 7683 5168
f 4410 6795 7683
f 7683 6795 6018
f 5168 7683 7184
f 7683 6018 7184
f 7684 1732 3575
f 5167 7684 3575
f 6019 1816 7684
f 6019 7684 5167
f 7684 6794 1732
f 1816 6794 7684
f 7685 180 182
f 829 2132 7685
f 6705 7685 182
f 829 7685 6705
f 181 7686 6704
f 7686 830 6890
f 6704 7686 6890
f 138 329 7687
f 7687 329 1210
f 138 7687 6926
f 6926 7687 1210
f 621 7688 1767
f 7688 2657 1767
f 4336 7688 621
f 4336 1147 7688
f 1147 6161 7688
f 7688 6161 2657
f 2658 7689 622
f 2658 2885 7689
f 2885 6162 7689
f 7689 6162 4337
f 622 7689 7502
f 7689 4337 7502
f 1474 7690 2855
f 7690 752 6883
f 2855 7690 7069
f 7690 6883 7069
f 7244 752 7690
f 1474 7244 7690
f 7691 1473 35
f 7691 751 1473
f 2856 7691 35
f 3338 751 7691
f 6882 7691 2856
f 6882 3338 7691
f 4545 7692 3455
f 7692 4740 3477
f 3455 7692 5491
f 7692 3477 5491
f 3454 7693 2282
f 3476 2228 7693
f 3476 7693 3454
f 7693 4544 2282
f 2228 4741 7693
f 7693 4741 4544
f 6844 7694 1140
f 5068 7694 6844
f 7694 6880 1140
f 6880 7694 6881
f 7695 5068 5069
f 6881 7695 6845
f 7694 5068 7695
f 6881 7694 7695
f 7696 4317 2660
f 5143 4317 7696
f 2047 7696 6643
f 7696 2660 6643
f 6771 7696 2047
f 6771 5143 7696
f 2659 7697 2048
f 2659 5900 7697
f 5900 4318 7697
f 7697 4318 6770
f 2048 7697 7493
f 7697 6770 7493
f 3519 4734 7698
f 7698 5067 3519
f 6991 7698 4734
f 5067 7698 6991
f 7699 4212 3733
f 5084 7699 3733
f 6133 7699 5084
f 7699 6133 6134
f 4213 4212 7700
f 5087 7700 3196
f 4213 7700 5087
f 7700 6134 3196
f 4212 7699 7700
f 7700 7699 6134
f 180 7701 5697
f 7701 4333 5697
f 7701 6508 4333
f 7518 6508 7701
f 4334 7702 181
f 4334 2548 7702
f 2548 6509 7702
f 181 7702 7686
f 1765 7703 2686
f 7703 5577 2686
f 7235 7703 1765
f 7235 1875 7703
f 5576 7704 1766
f 5576 2853 7704
f 1766 7704 6441
f 7704 7234 6441
f 2189 5154 7705
f 5154 5385 7705
f 2189 7705 6406
f 6406 7705 4015
f 7706 2188 3584
f 7706 5384 2188
f 6407 7706 3584
f 1185 7707 753
f 1975 7707 1185
f 7707 1975 1976
f 754 753 7708
f 754 7708 1188
f 1188 7708 4916
f 7708 1976 4916
f 753 7707 7708
f 7708 7707 1976
f 4155 7709 2928
f 1480 4201 7709
f 7709 5015 2928
f 5274 1480 7709
f 5274 7709 4155
f 7709 4201 5949
f 5015 7709 5949
f 4156 7710 141
f 5014 7710 4156
f 7710 5273 141
f 5273 7710 4203
f 7710 5947 4203
f 5014 6552 7710
f 6552 5947 7710
f 3792 7711 2210
f 5210 7711 3792
f 7711 7560 2210
f 7711 3954 7560
f 3791 7712 2967
f 5182 3953 7712
f 7712 5209 2967
f 7712 3953 5209
f 7561 7712 3791
f 7561 5182 7712
f 7713 1608 2122
f 1829 7713 2122
f 5001 1494 7713
f 5001 7713 1829
f 1494 6242 7713
f 7713 6242 1608
f 1828 7714 1252
f 1609 7714 1828
f 1609 1964 7714
f 7714 5000 1252
f 1964 6243 7714
f 7714 6243 5000
f 4015 7715 2234
f 7705 7715 4015
f 7705 5385 7715
f 4014 7716 6407
f 7716 7706 6407
f 2858 4419 7717
f 4420 3464 7717
f 4419 4420 7717
f 7717 5607 2858
f 7717 3464 5607
f 3215 7718 3141
f 4295 7718 3215
f 4295 4555 7718
f 7718 6592 3141
f 4555 6592 7718
f 5114 7719 3216
f 5114 6620 7719
f 6620 6859 7719
f 3216 7719 7528
f 7719 6859 7528
f 7720 3714 3715
f 7720 6576 3714
f 3748 6576 7720
f 7611 3748 7720
f 3715 12 7721
f 12 7612 7721
f 7612 7611 7721
f 7721 7720 3715
f 7611 7720 7721
f 3712 5295 7722
f 5295 6574 7722
f 7722 6574 7613
f 7722 7613 7614
f 10 3713 7723
f 3713 3712 7723
f 7723 7614 10
f 3712 7722 7723
f 7723 7722 7614
f 7724 1420 1419
f 2322 1754 7724
f 1754 5903 7724
f 7724 1419 7321
f 7321 2322 7724
f 2323 7725 1755
f 7725 5904 1755
f 5904 7725 5903
f 7323 1420 7725
f 2323 7324 7725
f 7725 7324 7323
f 7725 1420 7724
f 5903 7725 7724
f 110 2565 7726
f 2565 2644 7726
f 7726 4457 2550
f 7726 2644 4457
f 110 7726 6465
f 6465 7726 2550
f 7727 2645 111
f 220 2645 7727
f 4458 220 7727
f 4458 7727 6464
f 7727 111 7537
f 6464 7727 7537
f 7728 1385 1196
f 2104 7728 1196
f 7526 7728 2104
f 7728 7526 7527
f 1386 1385 7729
f 1386 7729 2107
f 2107 7729 4698
f 7729 7527 4698
f 1385 7728 7729
f 7729 7728 7527
f 7730 1383 1384
f 1383 7730 2108
f 2108 7730 4691
f 7730 7524 4691
f 7731 1384 1203
f 2111 7731 1203
f 7525 7731 2111
f 7525 7524 7731
f 7731 7730 1384
f 7524 7730 7731
f 1762 7732 1763
f 7732 1762 7032
f 7291 7732 7032
f 1763 7733 7292
f 7291 7292 7733
f 1763 7732 7733
f 7732 7291 7733
f 7734 5525 2376
f 5729 7734 2376
f 7734 7469 5525
f 5838 7469 7734
f 5524 7735 5728
f 5524 6611 7735
f 5728 7735 7374
f 6611 7470 7735
f 4074 7736 2278
f 3566 7736 4648
f 4648 7736 4074
f 7736 6028 2278
f 6028 7736 3566
f 4075 7737 1618
f 7737 4649 1618
f 4649 7737 3566
f 7737 6028 3566
f 6028 7737 4075
f 1647 1082 7738
f 1082 3233 7738
f 7738 3233 2264
f 7738 2264 5943
f 1647 7738 7381
f 7381 7738 5943
f 2265 1611 7739
f 1611 3234 7739
f 7739 3234 1646
f 7739 1646 5538
f 2265 7739 7382
f 7382 7739 5538
f 7740 803 2405
f 803 7740 4589
f 7740 3426 4589
f 4939 7740 2405
f 3426 7740 4939
f 2738 7741 2139
f 7741 3613 2139
f 4898 7741 2738
f 7741 5927 3613
f 4898 6318 7741
f 6318 5927 7741
f 3612 7742 2737
f 2737 7742 4536
f 7742 4899 4536
f 7742 5926 4899
f 3612 6768 7742
f 6768 5926 7742
f 3374 516 7743
f 4309 3374 7743
f 4794 7743 427
f 4309 7743 4794
f 7743 4842 427
f 7743 516 4842
f 7744 515 4308
f 7744 4308 3119
f 4795 7744 3119
f 4841 7744 4795
f 7374 515 7744
f 4841 7374 7744
f 7745 3089 4653
f 7745 4653 4102
f 2286 7745 5490
f 5490 7745 4102
f 2286 7086 7745
f 7086 3089 7745
f 7746 3088 2285
f 4652 7746 5489
f 6516 3088 7746
f 4652 6516 7746
f 7746 2285 6647
f 5489 7746 6647
f 7747 704 1543
f 704 7747 3982
f 7747 4881 3982
f 5605 7747 1543
f 5605 4881 7747
f 7748 5231 5639
f 5639 5786 7748
f 5786 5787 7748
f 5232 5231 7749
f 7749 5787 5232
f 5231 7748 7749
f 5787 7749 7748
f 7750 1290 2578
f 7750 2578 2579
f 4228 1290 7750
f 6269 4228 7750
f 7751 2579 4540
f 4540 6270 7751
f 6270 6269 7751
f 7751 7750 2579
f 6269 7750 7751
f 3465 1288 7752
f 2576 3465 7752
f 7752 1288 6271
f 7752 6271 6272
f 2577 2576 7753
f 2577 7753 4542
f 4542 7753 6272
f 2576 7752 7753
f 7753 7752 6272
f 7754 117 25
f 715 7754 25
f 117 7754 1024
f 7754 715 1024
f 1507 7755 260
f 1507 1508 7755
f 260 7755 4435
f 7755 6578 4435
f 7756 1508 4539
f 6579 7756 4539
f 7756 6579 6578
f 1508 7756 7755
f 7755 7756 6578
f 262 7757 6227
f 7757 1505 6227
f 6580 7757 262
f 6580 6581 7757
f 7758 1506 1505
f 1506 7758 4539
f 4539 7758 6581
f 7757 7758 1505
f 6581 7758 7757
f 7759 1783 2854
f 7759 2854 5577
f 6379 1783 7759
f 1875 6379 7759
f 1875 7759 7703
f 7703 7759 5577
f 7760 1784 1876
f 2490 1784 7760
f 2853 2490 7760
f 7760 1876 7234
f 2853 7760 7704
f 7704 7760 7234
f 3130 7761 3725
f 7761 3641 3725
f 6158 1766 7761
f 6158 7761 3130
f 1766 6441 7761
f 7761 6441 3641
f 3642 7762 3131
f 3131 7762 4970
f 3642 5365 7762
f 7762 6157 4970
f 5365 6442 7762
f 7762 6442 6157
f 942 7763 9
f 7763 942 344
f 344 5777 7763
f 7763 6337 9
f 5777 7131 7763
f 7763 7131 6337
f 7764 943 9
f 7764 3475 943
f 9 6338 7764
f 6338 5767 7764
f 7764 7132 3475
f 5767 7132 7764
f 7765 2332 346
f 7765 1267 6131
f 2332 7765 6131
f 346 7167 7765
f 7167 1267 7765
f 7766 1799 1967
f 7766 1967 1968
f 6934 1799 7766
f 1810 6934 7766
f 1811 1810 7767
f 7767 6854 1811
f 1968 6951 7767
f 6951 6854 7767
f 1810 7766 7767
f 7767 7766 1968
f 1812 1917 7768
f 1969 1970 7768
f 1917 6853 7768
f 7768 6853 1969
f 7769 1800 1813
f 7769 1813 1812
f 3294 1800 7769
f 1970 3294 7769
f 7768 7769 1812
f 1970 7769 7768
f 7770 1797 1806
f 7770 1806 1807
f 3291 1797 7770
f 1971 3291 7770
f 1807 1920 7771
f 1972 1971 7771
f 1920 6856 7771
f 7771 6856 1972
f 7771 7770 1807
f 1971 7770 7771
f 1808 1809 7772
f 7772 6855 1808
f 1973 6948 7772
f 6948 6855 7772
f 7773 1798 1974
f 7773 1974 1973
f 6933 1798 7773
f 1809 6933 7773
f 1809 7773 7772
f 7772 7773 1973
f 5085 7774 3194
f 7774 6985 3194
f 6985 7774 6986
f 5086 7775 3735
f 6986 7775 5086
f 6986 7774 7775
f 2493 2494 7776
f 2493 7776 5124
f 7776 294 7217
f 5124 7776 7217
f 7777 295 294
f 295 7777 580
f 580 7777 1159
f 7777 2494 1159
f 7776 7777 294
f 2494 7777 7776
f 292 293 7778
f 292 7778 5126
f 7778 2491 6786
f 5126 7778 6786
f 7779 293 2292
f 578 7779 2292
f 2492 7779 578
f 7779 2492 2491
f 293 7779 7778
f 7778 7779 2491
f 313 7780 9
f 9 7780 1599
f 7780 313 6899
f 422 7780 6899
f 9 7781 312
f 1598 7781 9
f 312 7781 4080
f 4080 7781 446
f 446 7781 4984
f 7781 1598 4984
f 7782 3182 1600
f 7782 2150 3182
f 5561 7782 1600
f 4259 7782 5561
f 7169 2150 7782
f 4259 7169 7782
f 7783 4258 1636
f 7783 2151 4258
f 5037 2151 7783
f 3181 5037 7783
f 5560 7783 1636
f 3181 7783 5560
f 7784 1893 1804
f 1893 7784 5234
f 5234 7784 3782
f 7784 5832 3782
f 6851 7784 1804
f 5832 7784 6851
f 81 7785 1894
f 5833 7785 81
f 7785 5833 4224
f 1894 7785 6852
f 6852 7785 4224
f 73 7786 4165
f 4165 7786 1225
f 7786 4965 1225
f 73 5374 7786
f 7786 5540 4965
f 5374 5540 7786
f 4965 2953 7787
f 4965 7787 4166
f 7787 72 5146
f 4166 7787 5146
f 7787 5541 72
f 2953 5541 7787
f 318 7788 9
f 318 17 7788
f 17 6815 7788
f 7788 7452 9
f 7789 319 9
f 7789 16 319
f 9 7451 7789
f 7451 7393 7789
f 5569 7790 7085
f 7790 6815 7085
f 7790 5569 7452
f 6815 7790 7788
f 7788 7790 7452
f 16 7791 7084
f 7789 7791 16
f 4815 7792 2178
f 7792 4815 4816
f 7792 2043 7018
f 2178 7792 7018
f 2044 2043 7793
f 2044 7793 2181
f 2181 7793 6142
f 7793 4816 6142
f 2043 7792 7793
f 7793 7792 4816
f 7794 2045 2046
f 2045 7794 2174
f 2174 7794 6135
f 7794 4817 6135
f 4818 7795 2177
f 4818 4817 7795
f 7795 2046 7025
f 2177 7795 7025
f 7795 7794 2046
f 4817 7794 7795
f 7796 329 9
f 329 7796 1210
f 4370 7796 9
f 7796 4370 5646
f 1210 7796 6867
f 6867 7796 5646
f 9 328 7797
f 7797 328 4029
f 7797 4369 9
f 4369 7797 475
f 475 7797 6838
f 6838 7797 4029
f 1462 3890 7798
f 7798 3890 2100
f 3924 1462 7798
f 3924 7798 2431
f 7798 2100 6223
f 2431 7798 6223
f 2099 7799 2432
f 7799 3889 3923
f 2099 4863 7799
f 4863 3889 7799
f 2432 7799 4936
f 7799 3923 4936
f 7800 4634 6132
f 4634 7800 7166
f 1767 2657 7801
f 2657 2617 7801
f 4053 7801 1727
f 1767 7801 4053
f 7802 1768 229
f 7802 2618 1768
f 4054 7802 229
f 4654 2618 7802
f 1726 7803 4054
f 5828 4654 7803
f 6868 7803 1726
f 6868 5828 7803
f 7803 7802 4054
f 7803 4654 7802
f 2617 4655 7804
f 1727 7804 6483
f 7804 4655 6869
f 7804 6869 6483
f 7801 7804 1727
f 7801 2617 7804
f 2349 2350 7805
f 2349 7805 3620
f 7805 3598 5864
f 3620 7805 5864
f 7806 2040 3599
f 7806 3599 3598
f 5035 2040 7806
f 2350 5035 7806
f 2350 7806 7805
f 7805 7806 3598
f 7807 2351 3490
f 3596 3597 7807
f 3622 7807 3490
f 3596 7807 3622
f 2352 7808 2042
f 7808 2352 2351
f 2042 7808 3597
f 7807 7808 2351
f 3597 7808 7807
f 7809 1694 1150
f 299 7809 2249
f 2249 7809 1150
f 299 3004 7809
f 7809 5104 1694
f 3004 5104 7809
f 1695 1789 7810
f 1695 7810 2248
f 7810 5105 300
f 1789 5105 7810
f 7810 300 5860
f 2248 7810 5860
f 7811 2377 1184
f 1834 2377 7811
f 1834 7811 3007
f 1184 3147 7811
f 7811 3147 3007
f 1704 561 7812
f 1704 7812 976
f 561 2438 7812
f 976 7812 3847
f 7812 2438 5878
f 7812 5878 3847
f 7813 2439 1705
f 4120 2439 7813
f 5879 7813 975
f 5879 4120 7813
f 975 7813 6487
f 7813 1705 6487
f 332 333 7814
f 332 7814 891
f 891 7814 2706
f 7814 2674 2706
f 7815 2675 2674
f 7815 5816 2675
f 333 7530 7815
f 7530 5816 7815
f 333 7815 7814
f 7814 7815 2674
f 2672 7816 889
f 2672 2673 7816
f 7816 330 2982
f 889 7816 2982
f 7817 331 330
f 331 7817 5818
f 5818 7817 2673
f 7816 7817 330
f 2673 7817 7816
f 7818 567 3542
f 136 4429 7818
f 136 7818 5940
f 5940 7818 3542
f 7818 6988 567
f 4429 6988 7818
f 7819 137 1459
f 566 2981 7819
f 566 7819 5941
f 5941 7819 1459
f 7819 6987 137
f 2981 6987 7819
f 7820 1370 4238
f 7820 5022 1370
f 6238 7820 4238
f 6625 7820 6238
f 1369 2507 7821
f 2507 5023 7821
f 6237 7821 882
f 1369 7821 6237
f 7821 6626 882
f 7821 5023 6626
f 7822 3535 993
f 3605 3535 7822
f 7822 993 3721
f 4172 3605 7822
f 6584 7822 3721
f 4172 7822 6584
f 994 828 7823
f 828 3534 7823
f 7823 3534 4171
f 994 7823 6585
f 7823 4171 7547
f 6585 7823 7547
f 7824 1356 6252
f 7824 6252 4895
f 4767 107 7825
f 4767 7825 4896
f 7825 6990 4896
f 1986 7826 5978
f 6081 7826 1986
f 6081 6082 7826
f 7826 6460 5978
f 7827 2952 4716
f 5056 2952 7827
f 6082 5056 7827
f 7827 1796 6461
f 7827 6461 6460
f 4716 7316 7827
f 7509 1796 7827
f 7316 7509 7827
f 6082 7827 7826
f 7826 7827 6460
f 1988 7828 5741
f 7828 6083 5741
f 6458 7828 1988
f 6458 6459 7828
f 6084 7829 4714
f 7829 6084 6083
f 7829 6459 4714
f 7828 7829 6083
f 6459 7829 7828
f 3579 5838 7830
f 7329 3579 7830
f 7373 7830 5729
f 7329 7830 7373
f 7830 7734 5729
f 7830 5838 7734
f 7831 7330 515
f 7831 5837 7330
f 7374 7831 515
f 7470 5837 7831
f 7735 7831 7374
f 7735 7470 7831
f 4347 821 7832
f 571 7832 5243
f 6651 7832 571
f 6651 4347 7832
f 7832 821 7660
f 7832 7660 5243
f 570 7833 3017
f 3888 822 7833
f 7833 822 6652
f 7833 6652 3017
f 7659 7833 570
f 7659 3888 7833
f 5068 7834 5069
f 6494 7834 6843
f 7834 5068 6844
f 7834 6844 6843
f 6495 7835 6494
f 6845 7835 6495
f 7695 5069 7835
f 6845 7695 7835
f 7834 7835 5069
f 6494 7835 7834
f 7836 801 762
f 3216 7836 762
f 4231 801 7836
f 7541 7836 3216
f 7541 4231 7836
f 7837 4429 136
f 4773 1845 7837
f 6182 7837 136
f 4773 7837 6182
f 1845 7253 7837
f 7837 7253 4429
f 7838 4772 5686
f 4430 7838 6181
f 6181 7838 5686
f 4430 6506 7838
f 7838 7254 4772
f 6506 7254 7838
f 219 7839 2295
f 5603 3122 7839
f 7839 6614 2295
f 7839 3122 6614
f 6739 7839 219
f 6739 5603 7839
f 218 7840 3870
f 6613 7840 218
f 6682 3121 7840
f 6613 6682 7840
f 7840 3121 6740
f 7840 6740 3870
f 7841 1333 881
f 3700 1333 7841
f 6377 7841 1913
f 6377 3700 7841
f 7841 881 7244
f 1913 7841 7244
f 882 7842 1914
f 1914 7842 4535
f 7842 1332 6376
f 7842 6376 4535
f 882 6626 7842
f 6626 1332 7842
f 774 5082 7843
f 7843 5082 5410
f 5575 774 7843
f 5575 7843 4273
f 4272 7844 4331
f 4711 5083 7844
f 5411 7844 4272
f 5411 4711 7844
f 7844 5574 4331
f 7844 5083 5574
f 2689 2715 7845
f 2715 3976 7845
f 7845 3976 6056
f 2689 7845 7143
f 7845 6056 7143
f 1528 351 7846
f 7846 351 1881
f 7846 1881 1882
f 3671 1528 7846
f 7847 1882 3566
f 3566 3672 7847
f 3672 3671 7847
f 7847 7846 1882
f 3671 7846 7847
f 7848 353 3673
f 7848 3673 3674
f 6601 353 7848
f 1883 6601 7848
f 1884 1883 7849
f 3566 1884 7849
f 7849 3674 3566
f 1883 7848 7849
f 7849 7848 3674
f 7850 1377 1378
f 7129 5261 7850
f 7130 7129 7851
f 1378 7136 7851
f 7851 7850 1378
f 7129 7850 7851
f 1640 1899 7852
f 7852 4719 4720
f 1899 6772 7852
f 7852 6772 4719
f 1641 1640 7853
f 4538 1641 7853
f 7853 4720 4538
f 1640 7852 7853
f 7853 7852 4720
f 7854 1638 1639
f 4717 4281 7854
f 7854 6774 1638
f 4281 6774 7854
f 7855 1639 4538
f 4718 7855 4538
f 4718 4717 7855
f 7855 7854 1639
f 4717 7854 7855
f 7856 194 195
f 7856 5726 194
f 3010 5753 7856
f 5753 5726 7856
f 3011 3010 7857
f 7857 195 3637
f 3637 3011 7857
f 7857 7856 195
f 3010 7856 7857
f 7858 3008 3009
f 196 3927 7858
f 7858 5724 3008
f 3927 5724 7858
f 197 196 7859
f 7859 3009 12
f 3639 7859 12
f 197 7859 3639
f 196 7858 7859
f 7859 7858 3009
f 1356 7860 3518
f 3518 7860 1673
f 7860 1356 7824
f 7861 107 6544
f 6544 2979 7861
f 107 7861 7825
f 7825 7861 6990
f 5340 5581 7862
f 3216 7862 6037
f 7862 5581 6037
f 6745 7862 3216
f 6745 5340 7862
f 7863 572 613
f 1645 572 7863
f 1286 1645 7863
f 7863 613 6588
f 1286 7863 7239
f 7239 7863 6588
f 7864 573 1287
f 1814 573 7864
f 614 1814 7864
f 7864 1287 3322
f 614 7864 7241
f 7241 7864 3322
f 7865 2159 2274
f 1416 7865 2402
f 2402 7865 2274
f 7865 1416 5799
f 2159 7865 5799
f 7866 800 761
f 1563 800 7866
f 7866 1115 1563
f 7535 7866 761
f 1115 7866 7535
f 4909 1446 7867
f 1903 4909 7867
f 7867 1446 5550
f 7867 5550 5551
f 1904 1903 7868
f 4538 1904 7868
f 7868 5551 4538
f 1903 7867 7868
f 7868 7867 5551
f 7869 1444 1901
f 7869 1901 1902
f 3082 1444 7869
f 5548 3082 7869
f 7870 1902 4538
f 4538 5549 7870
f 5549 5548 7870
f 7870 7869 1902
f 5548 7869 7870
f 7871 3062 3063
f 2718 5306 7871
f 7871 5768 3062
f 5306 5768 7871
f 12 2719 7872
f 2719 2718 7872
f 7872 3063 12
f 2718 7871 7872
f 7872 7871 3063
f 7873 2716 2717
f 3060 501 7873
f 501 5770 7873
f 7873 5770 2716
f 7874 2717 10
f 3061 7874 10
f 3061 3060 7874
f 7874 7873 2717
f 3060 7873 7874
f 7875 1544 2572
f 5621 7875 2572
f 6170 7875 5621
f 7875 6170 6171
f 1545 1544 7876
f 7876 5624 1545
f 6102 5624 7876
f 6171 6102 7876
f 1544 7875 7876
f 7876 7875 6171
f 1150 1694 7877
f 1694 3371 7877
f 7877 3371 3211
f 1150 7877 3523
f 7877 3211 3572
f 3523 7877 3572
f 7878 1149 140
f 3210 1792 7878
f 7878 3370 1149
f 1792 3370 7878
f 3522 7878 140
f 3210 7878 3522
f 1945 7879 624
f 7879 4056 624
f 7879 6342 4056
f 6680 7879 1945
f 7488 6342 7879
f 6680 7488 7879
f 4055 307 7880
f 4055 7880 1946
f 1946 7880 6320
f 307 6341 7880
f 7880 6681 6320
f 7880 6341 6681
f 981 7881 1028
f 7881 5265 1028
f 7455 7881 981
f 7455 7456 7881
f 3640 5266 7882
f 7882 5266 5265
f 7882 7456 3640
f 7881 7882 5265
f 7456 7882 7881
f 983 7883 2390
f 5263 7883 983
f 5263 5264 7883
f 7883 7453 2390
f 3638 7884 5264
f 7454 7884 3638
f 7884 7454 7453
f 5264 7884 7883
f 7883 7884 7453
f 7885 2979 6286
f 7143 7885 6286
f 6990 7885 7143
f 7861 2979 7885
f 6990 7861 7885
f 3734 7886 5085
f 6590 7886 3734
f 7886 7774 5085
f 7774 7886 7775
f 3735 7887 6284
f 7887 6591 6284
f 7887 6590 6591
f 7775 7887 3735
f 7886 6590 7887
f 7775 7886 7887
f 458 2016 7888
f 3652 7888 2375
f 5465 458 7888
f 5465 7888 3652
f 7888 2016 5524
f 7888 5524 2375
f 3651 7889 382
f 7889 5464 382
f 7889 2015 5464
f 5525 7889 3651
f 6612 2015 7889
f 5525 6612 7889
f 1370 270 7890
f 4238 1370 7890
f 4238 7890 3682
f 7890 270 5814
f 3682 7890 6672
f 7890 5814 6672
f 1496 269 7891
f 3681 7891 3338
f 7891 269 4239
f 7891 4239 3338
f 5813 1496 7891
f 5813 7891 3681
f 188 189 7892
f 188 7892 5221
f 7892 176 5502
f 5221 7892 5502
f 7893 177 176
f 177 7893 4539
f 7893 189 4539
f 7892 7893 176
f 189 7893 7892
f 178 179 7894
f 7894 190 2328
f 178 7894 5219
f 5219 7894 2328
f 7895 191 190
f 4539 7895 179
f 191 7895 4539
f 179 7895 7894
f 7894 7895 190
f 3100 4326 7896
f 4326 3869 7896
f 7896 3869 4500
f 7896 4500 4197
f 3100 7896 5637
f 5637 7896 4197
f 7897 4501 1585
f 4501 7897 5636
f 6461 7897 1585
f 3101 7897 6461
f 7897 3101 6701
f 5636 7897 6701
f 879 3868 7898
f 7898 3868 3098
f 4498 879 7898
f 4498 7898 5633
f 7898 3098 6698
f 5633 7898 6698
f 7899 4499 4192
f 3099 7899 5632
f 5632 7899 4192
f 7899 3099 6459
f 7899 6459 4499
f 7900 1018 1019
f 7900 5308 3255
f 1018 7900 5479
f 5479 7900 3255
f 7901 1019 1413
f 5309 5308 7901
f 5482 7901 1413
f 5309 7901 5482
f 7901 7900 1019
f 5308 7900 7901
f 7902 1016 1406
f 7902 5310 5311
f 5483 7902 1406
f 5310 7902 5483
f 1017 1016 7903
f 7903 5311 3262
f 1017 7903 5486
f 5486 7903 3262
f 1016 7902 7903
f 7903 7902 5311
f 7904 3066 3067
f 1843 4823 7904
f 7904 6826 3066
f 4823 6826 7904
f 1844 1843 7905
f 1844 7905 4538
f 7905 3067 4538
f 1843 7904 7905
f 7905 7904 3067
f 7906 1841 1842
f 7906 6824 1841
f 3064 6892 7906
f 6892 6824 7906
f 3065 3064 7907
f 7907 1842 4538
f 7907 4538 3065
f 7907 7906 1842
f 3064 7906 7907
f 7908 5261 7129
f 523 7909 522
f 523 3096 7909
f 3096 2069 7909
f 7909 2069 7582
f 7909 7582 5261
f 522 7909 7908
f 7909 5261 7908
f 7910 2070 524
f 2509 2070 7910
f 7583 2509 7910
f 525 7911 524
f 7130 5262 7911
f 5262 7583 7911
f 524 7911 7910
f 7911 7583 7910
f 7912 250 251
f 7912 4181 250
f 1328 4181 7912
f 4558 1328 7912
f 7913 251 4469
f 4559 7913 4469
f 4559 4558 7913
f 7913 7912 251
f 4558 7912 7913
f 252 2382 7914
f 2382 4183 7914
f 7914 4183 4560
f 7914 4560 4561
f 253 252 7915
f 253 7915 4471
f 7915 4561 4471
f 252 7914 7915
f 7915 7914 4561
f 1185 753 7916
f 7916 753 4673
f 7916 4673 4674
f 7031 1185 7916
f 7031 7916 7673
f 4674 1188 7917
f 1188 7034 7917
f 7917 7034 7674
f 7674 7673 7917
f 7917 7916 4674
f 7673 7916 7917
f 214 215 7918
f 7918 5026 2560
f 214 7918 5780
f 5780 7918 2560
f 7919 215 3567
f 5027 7919 3567
f 7919 5027 5026
f 215 7919 7918
f 7918 7919 5026
f 7920 216 2887
f 5024 5025 7920
f 5782 7920 2887
f 5024 7920 5782
f 7921 217 216
f 3567 217 7921
f 7921 5025 3567
f 7920 7921 216
f 5025 7921 7920
f 1691 1692 7922
f 1691 7922 5806
f 5806 7922 2604
f 7923 1692 3567
f 1692 7923 7922
f 7924 1689 5378
f 5808 7924 5378
f 7925 1690 1689
f 7925 3567 1690
f 7924 7925 1689
f 1500 7926 486
f 1500 2413 7926
f 486 7926 3246
f 7926 1405 3246
f 485 7927 1221
f 1404 424 7927
f 1404 7927 485
f 7927 1499 1221
f 7928 407 423
f 7928 423 1405
f 3775 407 7928
f 2413 3775 7928
f 7926 7928 1405
f 2413 7928 7926
f 167 408 7929
f 424 167 7929
f 7929 408 2412
f 7929 2412 1499
f 424 7929 7927
f 7927 7929 1499
f 7930 214 2889
f 2604 7930 2889
f 7922 7930 2604
f 7922 7923 7930
f 7931 215 214
f 3567 215 7931
f 7931 7923 3567
f 7930 7931 214
f 7923 7931 7930
f 216 217 7932
f 216 7932 2606
f 2606 7932 5808
f 7932 7924 5808
f 7933 217 3567
f 7925 7933 3567
f 7933 7925 7924
f 217 7933 7932
f 7932 7933 7924
f 1705 7934 156
f 1705 560 7934
f 156 7934 2527
f 560 2907 7934
f 7934 6395 2527
f 7934 2907 6395
f 7935 2908 1704
f 5404 2908 7935
f 6396 7935 157
f 6396 5404 7935
f 157 7935 6486
f 7935 1704 6486
f 7936 2230 4263
f 4998 20 7936
f 5122 7936 4263
f 4998 7936 5122
f 20 6144 7936
f 7936 6144 2230
f 2231 3988 7937
f 2231 7937 5123
f 7937 4999 5363
f 5123 7937 5363
f 3988 6143 7937
f 7937 6143 4999
f 7938 3445 5794
f 3628 7938 5794
f 7185 7938 3628
f 7185 7186 7938
f 3446 7939 4
f 7939 3446 3445
f 7939 7186 4
f 7938 7939 3445
f 7186 7939 7938
f 3447 3448 7940
f 3447 7940 3626
f 7941 3448 14
f 7188 7941 14
f 7941 7188 7187
f 3448 7941 7940
f 7940 7941 7187
f 2132 2602 7942
f 2602 7518 7942
f 7685 7942 180
f 2132 7942 7685
f 7942 7701 180
f 7942 7518 7701
f 7943 2133 830
f 7943 7519 2133
f 6509 7519 7943
f 7686 7943 830
f 7702 6509 7943
f 7702 7943 7686
f 4273 7944 4152
f 7944 5410 3697
f 7944 3697 5825
f 4152 7944 5825
f 4273 7843 7944
f 7843 5410 7944
f 3698 3173 7945
f 4151 7945 2851
f 3698 7945 4151
f 7945 4272 2851
f 3173 5411 7945
f 7945 5411 4272
f 7946 2450 853
f 7946 1524 2450
f 3000 7946 853
f 4387 1524 7946
f 7026 7946 3000
f 7026 4387 7946
f 563 1525 7947
f 2451 563 7947
f 2451 7947 3001
f 3001 7947 6462
f 7947 1525 7027
f 7947 7027 6462
f 1060 1061 7948
f 1060 7948 2058
f 2058 7948 3841
f 7948 5510 3841
f 7949 1061 4470
f 4470 5511 7949
f 7949 5511 5510
f 1061 7949 7948
f 7948 7949 5510
f 7950 1062 1132
f 2060 7950 1132
f 5508 7950 2060
f 5508 5509 7950
f 7951 1063 1062
f 1063 7951 4472
f 4472 7951 5509
f 7950 7951 1062
f 5509 7951 7950
f 7952 174 1623
f 7952 1623 1021
f 1713 174 7952
f 3970 7952 1021
f 5583 1713 7952
f 5583 7952 3970
f 1622 7953 3969
f 7953 175 5582
f 3969 7953 6198
f 7953 5582 6198
f 6404 175 7953
f 1622 6404 7953
f 1473 7954 1965
f 1965 7954 4120
f 7954 1914 6440
f 7954 6440 4120
f 1473 7243 7954
f 7243 1914 7954
f 7955 1474 34
f 7955 1913 1474
f 1966 7955 34
f 4534 1913 7955
f 6439 7955 1966
f 6439 4534 7955
f 5784 522 7956
f 7956 7129 7130
f 522 7908 7956
f 7956 7908 7129
f 7957 5785 5784
f 7957 525 6279
f 6279 5785 7957
f 7911 525 7957
f 7130 7911 7957
f 7956 7957 5784
f 7957 7956 7130
f 4752 3944 7958
f 7958 4753 2653
f 5898 7958 2653
f 4752 7958 5898
f 3944 6884 7958
f 7958 6884 4753
f 7959 2927 548
f 7959 775 2927
f 6216 775 7959
f 6305 6216 7959
f 6797 7959 548
f 6305 7959 6797
f 5015 776 7960
f 2928 5015 7960
f 7960 776 6306
f 7960 6306 6184
f 2928 7960 6796
f 6796 7960 6184
f 1438 538 7961
f 2001 1438 7961
f 7961 538 6478
f 7961 6478 6479
f 2002 7962 1399
f 2002 2001 7962
f 7962 6479 1399
f 2001 7961 7962
f 7962 7961 6479
f 835 536 7963
f 7963 536 1999
f 7963 1999 2000
f 6476 835 7963
f 7964 2000 6250
f 6477 7964 6250
f 6477 6476 7964
f 7964 7963 2000
f 6476 7963 7964
f 777 7965 2553
f 7965 5002 4218
f 777 6473 7965
f 6473 5002 7965
f 2553 7965 7520
f 7965 4218 7520
f 7966 778 2881
f 2552 7966 2881
f 4217 831 7966
f 4217 7966 2552
f 7966 5003 778
f 831 5003 7966
f 7967 2835 3954
f 4626 7967 5210
f 5695 2835 7967
f 4626 5695 7967
f 7967 3954 7711
f 5210 7967 7711
f 399 2836 7968
f 3953 399 7968
f 7968 2836 4627
f 7968 4627 3759
f 5209 7968 3759
f 3953 7968 5209
f 1310 7969 1308
f 7969 3525 1308
f 4587 231 7969
f 4587 7969 1310
f 231 6960 7969
f 7969 6960 3525
f 1311 7970 1664
f 3524 7970 1311
f 7970 4586 1664
f 3524 5860 7970
f 7970 6959 4586
f 5860 6959 7970
f 7971 422 1183
f 2147 7971 1183
f 2147 1599 7971
f 7971 7780 422
f 1599 7780 7971
f 290 1122 7972
f 1122 3679 7972
f 7972 3679 1928
f 7972 1928 5747
f 290 7972 6650
f 6650 7972 5747
f 1927 272 7973
f 7973 291 2169
f 272 3680 7973
f 7973 3680 291
f 1927 7973 6649
f 6649 7973 2169
f 4895 7974 7824
f 7974 7860 7824
f 7975 1542 703
f 7975 703 3983
f 3983 4840 7975
f 5604 1542 7975
f 4840 5604 7975
f 2225 849 7976
f 7976 849 5690
f 2310 7976 6942
f 7976 5690 6942
f 7489 2225 7976
f 7489 7976 2310
f 2309 7977 2860
f 5691 7977 2309
f 7977 5691 3446
f 7977 7490 2860
f 7490 7977 3446
f 2307 7978 2858
f 5692 7978 2307
f 6900 850 7978
f 5692 6900 7978
f 7978 850 7491
f 7978 7491 2858
f 3448 5693 7979
f 2306 7979 6944
f 7979 5693 6944
f 7492 7979 2306
f 3448 7979 7492
f 5943 4612 7980
f 5023 5943 7980
f 7980 6434 1332
f 7980 4612 6434
f 6626 7980 1332
f 5023 7980 6626
f 7981 4613 5022
f 6435 7981 6625
f 6761 4613 7981
f 6435 6761 7981
f 7981 5022 7820
f 6625 7981 7820
f 7982 3843 4208
f 1117 7982 4565
f 4565 7982 4208
f 1117 6782 7982
f 6782 3843 7982
f 2458 7983 4650
f 7983 6097 4650
f 7983 6098 6097
f 2458 6754 7983
f 6755 2648 7983
f 6755 7983 6754
f 2649 7984 2648
f 6098 7984 2459
f 2459 7984 6757
f 2649 6757 7984
f 2648 7984 7983
f 7984 6098 7983
f 605 1782 7985
f 2582 7985 2968
f 2997 605 7985
f 2997 7985 2582
f 7985 1782 4316
f 7985 4316 2968
f 2370 1781 7986
f 2580 7986 2031
f 7986 1781 2996
f 7986 2996 2031
f 4315 2370 7986
f 4315 7986 2580
f 7987 558 1874
f 2330 7987 1874
f 7987 5328 558
f 3614 5328 7987
f 7199 7987 2330
f 7199 3614 7987
f 559 7988 2331
f 2331 7988 2589
f 559 7005 7988
f 7005 5329 7988
f 7988 7198 2589
f 7988 5329 7198
f 3594 3093 7989
f 7989 3093 5317
f 6203 3594 7989
f 6203 7989 5966
f 7989 5317 7645
f 5966 7989 7645
f 5964 7990 956
f 5316 7990 5964
f 6016 3092 7990
f 5316 6016 7990
f 7990 6204 956
f 7990 3092 6204
f 1066 2810 7991
f 7991 2810 2791
f 7991 2791 3240
f 7991 3240 5737
f 355 7992 30
f 30 7992 2461
f 7992 6241 2461
f 7992 355 7085
f 6241 7992 7085
f 7993 3702 4660
f 7993 4660 3978
f 7993 6839 3702
f 6839 7993 3978
f 3555 3602 7994
f 3555 7994 4735
f 7994 5685 780
f 3602 5685 7994
f 7994 780 7593
f 4735 7994 7593
f 779 4531 7995
f 779 7995 4736
f 7995 5684 3556
f 4531 5684 7995
f 7995 3556 6159
f 4736 7995 6159
f 7996 4476 2529
f 7484 4476 7996
f 5385 7484 7996
f 5385 7996 7715
f 2530 1371 7997
f 1371 4477 7997
f 7997 4477 5384
f 7997 5384 7706
f 2530 7997 7716
f 7716 7997 7706
f 382 7998 572
f 572 7998 1815
f 7998 1485 1815
f 382 5464 7998
f 7998 5545 1485
f 5464 5545 7998
f 1486 7999 573
f 7999 383 1644
f 573 7999 1644
f 7999 5544 383
f 1486 7544 7999
f 7544 5544 7999
f 8000 4949 2976
f 4949 8000 4950
f 7073 8000 2976
f 4911 8000 7073
f 8001 4912 2469
f 8001 4911 4912
f 7074 8001 2469
f 4950 8001 7074
f 8000 4911 8001
f 4950 8000 8001
f 8002 248 284
f 248 8002 1563
f 3342 8002 284
f 1563 8002 4676
f 4676 8002 3342
f 8003 5096 2970
f 8003 6544 6543
f 7263 5096 8003
f 6543 7263 8003
f 2971 8004 2970
f 2971 4241 8004
f 4241 7230 8004
f 8004 7230 6544
f 2970 8004 8003
f 8004 6544 8003
f 8005 2969 2968
f 2968 4316 8005
f 4316 5097 8005
f 8005 5097 6545
f 8006 3783 2969
f 4240 3783 8006
f 6546 4240 8006
f 6546 8006 6545
f 8006 2969 8005
f 6545 8006 8005
f 8007 7135 1377
f 8007 7136 7135
f 7850 8007 1377
f 5261 8007 7850
f 5262 8008 5261
f 8008 5262 7130
f 7851 8008 7130
f 7136 8008 7851
f 5261 8008 8007
f 8008 7136 8007
f 2297 8009 1095
f 5534 8009 2297
f 8009 6557 1095
f 6557 8009 6558
f 2454 2013 8010
f 5535 2454 8010
f 8010 5534 5535
f 8010 2013 6558
f 8009 5534 8010
f 6558 8009 8010
f 5536 8011 2014
f 8011 6560 6559
f 5537 8012 5536
f 8012 2298 6560
f 6565 2298 8012
f 5537 6565 8012
f 5536 8012 8011
f 8012 6560 8011
f 4874 4257 8013
f 4940 8013 964
f 4940 4874 8013
f 964 8013 5420
f 8013 4257 5420
f 2745 1403 8014
f 2123 2745 8014
f 3239 2123 8014
f 8014 6840 3239
f 4300 8015 2680
f 5065 8015 4300
f 5065 5066 8015
f 8015 5215 2680
f 3571 8016 5066
f 5216 8016 3571
f 8016 5216 5215
f 5066 8016 8015
f 8015 8016 5215
f 4302 8017 932
f 8017 5063 932
f 5217 8017 4302
f 5217 5218 8017
f 5064 8018 3569
f 8018 5064 5063
f 8018 5218 3569
f 8017 8018 5063
f 5218 8018 8017
f 31 8019 4164
f 5906 8019 31
f 4164 8019 7084
f 7084 8019 5906
f 3045 4421 8020
f 8020 4421 6914
f 8020 6914 6915
f 7176 3045 8020
f 4542 8021 6915
f 7177 8021 4542
f 7177 7176 8021
f 8021 8020 6915
f 7176 8020 8021
f 5287 4423 8022
f 6916 5287 8022
f 8022 4423 7174
f 8022 7174 7175
f 4540 6917 8023
f 6917 6916 8023
f 8023 7175 4540
f 6916 8022 8023
f 8023 8022 7175
f 8024 2447 3102
f 8024 3102 4149
f 4298 8024 4149
f 6484 2447 8024
f 7007 8024 4298
f 7007 6484 8024
f 713 2446 8025
f 3103 713 8025
f 3103 8025 4299
f 4299 8025 6330
f 8025 2446 7008
f 8025 7008 6330
f 7084 8026 7393
f 7393 8026 7789
f 7791 8026 7084
f 7789 8026 7791
f 8027 1415 1676
f 2868 1415 8027
f 2273 2868 8027
f 8027 1676 3977
f 3977 2273 8027
f 8028 2873 2874
f 8028 7187 2873
f 3626 7940 8028
f 7940 7187 8028
f 8029 2874 324
f 776 3627 8029
f 3627 3626 8029
f 6215 8029 324
f 8029 6215 776
f 8029 8028 2874
f 3626 8028 8029
f 2875 1259 8030
f 8030 3628 3629
f 1259 7185 8030
f 8030 7185 3628
f 2876 2875 8031
f 3629 775 8031
f 775 6216 8031
f 8031 6216 2876
f 2875 8030 8031
f 8031 8030 3629
f 8032 2672 2708
f 6637 6638 8032
f 7590 8032 2708
f 6637 8032 7590
f 8033 2673 2672
f 8033 5818 2673
f 7604 5818 8033
f 6638 7604 8033
f 8032 8033 2672
f 6638 8033 8032
f 2674 2675 8034
f 8034 6639 6733
f 2674 8034 7588
f 7588 8034 6733
f 8035 2195 6640
f 8035 6640 6639
f 7602 2195 8035
f 2675 7602 8035
f 2675 8035 8034
f 8034 8035 6639
f 8036 2735 323
f 1492 8036 2962
f 8036 323 3944
f 2962 8036 3944
f 1492 5208 8036
f 5208 2735 8036
f 322 2568 8037
f 8037 2734 1491
f 2568 2734 8037
f 322 8037 2963
f 8037 1491 3607
f 2963 8037 3607
f 1580 8038 1581
f 8038 1580 6558
f 2013 8038 6558
f 8039 2013 2014
f 8039 6559 1581
f 2014 8011 8039
f 8011 6559 8039
f 1581 8038 8039
f 8038 2013 8039
f 6946 8040 6132
f 8040 6946 6437
f 7166 8040 6437
f 6132 8040 7800
f 7166 7800 8040
f 67 8041 3614
f 67 3832 8041
f 8041 4278 2513
f 3832 4278 8041
f 8041 2513 5328
f 3614 8041 5328
f 2514 8042 3615
f 8042 4277 68
f 8042 68 4495
f 3615 8042 4495
f 2514 7520 8042
f 7520 4277 8042
f 8043 4135 5283
f 4248 8043 5283
f 2168 6650 8043
f 8043 6650 4135
f 6760 2168 8043
f 6760 8043 4248
f 4134 8044 4247
f 4134 5748 8044
f 4247 8044 6435
f 5748 6649 8044
f 8044 6761 6435
f 8044 6649 6761
f 1886 4551 8045
f 8045 4551 4740
f 6897 1886 8045
f 6897 8045 4545
f 4545 8045 7692
f 8045 4740 7692
f 2782 4550 8046
f 4741 2782 8046
f 4741 8046 4544
f 4544 8046 5180
f 8046 4550 6896
f 8046 6896 5180
f 8047 1403 2857
f 2306 8047 2857
f 5905 8047 2306
f 5905 2972 8047
f 2972 6840 8047
f 8014 1403 8047
f 8047 6840 8014
f 2307 1066 8048
f 3212 8048 5737
f 8048 6128 2307
f 6128 8048 3212
f 8048 1066 7991
f 8048 7991 5737
f 8049 1380 1836
f 1172 8049 3518
f 1172 3893 8049
f 3893 1380 8049
f 8049 1836 3977
f 3518 8049 3977
f 8050 4260 1139
f 8050 5476 5475
f 7411 4260 8050
f 5475 7411 8050
f 1140 8051 1139
f 8051 4802 5476
f 1140 6880 8051
f 6880 4802 8051
f 1139 8051 8050
f 8051 5476 8050
f 8052 4803 1141
f 3593 4803 8052
f 5477 3593 8052
f 8052 5478 5477
f 1142 8053 1141
f 1142 2683 8053
f 2683 4261 8053
f 8053 4261 5478
f 1141 8053 8052
f 8053 5478 8052
f 4126 2820 8054
f 8054 3473 4126
f 2820 7403 8054
f 8054 7403 3473
f 1937 8055 4127
f 8055 7071 4127
f 7404 8055 1937
f 7071 8055 7404
f 8056 2529 6957
f 2234 8056 7297
f 8056 6957 7297
f 7715 8056 2234
f 7996 2529 8056
f 7715 7996 8056
f 3308 2530 8057
f 2235 8057 4014
f 6958 8057 2235
f 6958 3308 8057
f 8057 2530 7716
f 8057 7716 4014
f 2614 8058 3382
f 8058 4328 2965
f 2614 4393 8058
f 4393 4328 8058
f 8058 2965 5960
f 3382 8058 5960
f 2964 8059 3381
f 2964 4330 8059
f 8059 4391 2615
f 4330 4391 8059
f 8059 2615 6222
f 3381 8059 6222
f 8060 3147 1184
f 3007 3147 8060
f 7427 8060 1184
f 3007 8060 7429
f 8060 7427 7429
f 7375 8061 1393
f 8061 7375 7376
f 1393 8061 7435
f 8061 4090 7435
f 4091 8062 1396
f 4091 4090 8062
f 1396 8062 7376
f 4090 8061 8062
f 8062 8061 7376
f 6287 1673 8063
f 7142 8063 4895
f 6287 8063 7142
f 1673 7860 8063
f 8063 7974 4895
f 8063 7860 7974
f 8064 952 3352
f 3797 3798 8064
f 7597 8064 3352
f 3797 8064 7597
f 8065 953 952
f 953 8065 3567
f 3567 8065 3798
f 8064 8065 952
f 3798 8065 8064
f 954 955 8066
f 8066 3795 3399
f 954 8066 7599
f 7599 8066 3399
f 8067 955 3567
f 3567 3796 8067
f 8067 3796 3795
f 955 8067 8066
f 8066 8067 3795
f 1432 737 8068
f 1997 1432 8068
f 8068 737 3649
f 8068 3649 3650
f 1998 1997 8069
f 1998 8069 3639
f 8069 3650 3639
f 1997 8068 8069
f 8069 8068 3650
f 8070 739 1995
f 8070 1995 1996
f 4167 739 8070
f 3647 4167 8070
f 8071 1996 3637
f 3648 8071 3637
f 3648 3647 8071
f 8071 8070 1996
f 3647 8070 8071
