2314 4624
v -0.5998531066 0.01484604425 -0.7487240658
v -0.65477377 -0.02459662932 -0.6861057729
v -0.8143130508 0.205866241 -0.2739701451
v -0.6830837841 0.2617741172 -0.4491740315
v -0.8148933867 0.1671116954 -0.2988902225
v -0.6508277368 0.2389342679 -0.5166491211
v -0.6514065072 0.2002817154 -0.5415036296
v -0.5910325865 0.6039151181 -0.3699385443
v -0.8107152401 0.4461443978 -0.1194655293
v 0.4964785504 -0.4800902602 0.1180922609
v 0.529430938 -0.4564246547 0.08052130214
v 0.3951144527 -0.3275872837 0.1252490186
v 0.4280668664 -0.3039216783 0.08767805326
v -0.1293413359 -0.1191129365 -0.2034198784
v -0.09638893521 -0.09544732455 -0.2409908307
v 0.3567508158 -0.2776906269 0.1230308295
v 0.3897032295 -0.2540250214 0.08545986425
v 0.4418759993 -0.5523890619 0.02466160628
v 0.4748284391 -0.5287234564 -0.0129093533
v 0.3883623933 -0.2693699752 0.1559975285
v 0.4213147809 -0.2457043698 0.1184265633
v 0.1951591077 -0.2192741851 0.01809940454
v 0.2281115083 -0.1956085796 -0.01947155586
v 0.3992909555 -0.3592594728 0.1089620627
v 0.4322433431 -0.3355938673 0.07139110394
v 0.1324503411 -0.2626852982 -0.06424491351
v 0.1654027418 -0.2390196927 -0.1018158723
v -0.3825350566 -0.1345502556 -0.4352126002
v -0.3495826429 -0.1108846502 -0.4727835394
v 0.3981774319 -0.324167524 0.1300895339
v 0.4311298456 -0.3005019186 0.09251857509
v -0.07577067991 -0.2634150622 -0.2473292031
v -0.042818276 -0.2397494568 -0.2849001684
v 0.4285952011 -0.5025050204 0.04443490018
v 0.4615476148 -0.4788393889 0.006863941405
v 0.1499231147 -0.3355878662 -0.09484072072
v 0.1828755153 -0.3119222607 -0.132411686
v 0.1425152096 -0.2600585101 -0.05376271183
v 0.1754676102 -0.2363929047 -0.0913336706
v -0.3690901143 -0.1658688017 -0.443147692
v -0.3361377006 -0.1422031962 -0.4807186573
v 0.4374199219 -0.4604960855 0.07863585648
v 0.4703723096 -0.4368304801 0.04106489771
v -0.02645475025 -0.2616222363 -0.2029463628
v 0.006497652849 -0.2379566308 -0.240517315
v 0.1501084454 -0.3664989286 -0.1141487587
v 0.183060846 -0.3428332971 -0.151719724
v -0.284848663 -0.1559104599 -0.3629892824
v -0.2518962754 -0.1322448479 -0.4005602477
v 0.8010229378 0.07676906001 0.5189485472
v 0.5813402842 -0.08100164895 0.7694215622
v 0.7908197041 -0.6046442299 0.08078349955
v 0.7358990407 -0.6440868709 0.1434017598
v -0.05856363922 -0.08421991728 -0.1193640057
v -0.02561123857 -0.06055430725 -0.156934971
v -0.2321137434 -0.187989865 -0.3369435486
v -0.1991613427 -0.1643242596 -0.3745145139
v -0.3767913705 -0.1532304379 -0.4419414639
v -0.3438389568 -0.1295648325 -0.4795124292
v 0.1926022981 -0.2144068864 0.01892277328
v 0.2255547118 -0.190741281 -0.01864818712
v -0.5540826082 0.6555816532 -0.3049865144
v -0.7737652618 0.4978109328 -0.05451349293
v -0.5648940439 -0.06645088499 -0.7692706988
v -0.6198147073 -0.1058935618 -0.7066524581
v -0.3350630278 -0.1897377086 -0.4283383264
v -0.3021106141 -0.1660720966 -0.4659092656
v 0.1451751343 -0.3268449956 -0.09349797986
v 0.1781275349 -0.3031793901 -0.1310689452
v 0.8059269086 -0.5682388416 0.1169649869
v 0.7510062452 -0.6076815347 0.1795832406
v 0.8148612415 0.0284365663 0.5006415376
v 0.59517864 -0.1293341345 0.7511145526
v -0.07555910078 -0.2646000776 -0.2478900744
v -0.04260670013 -0.2409344722 -0.2854610397
v -0.567932027 -0.06315122586 -0.7698567749
v -0.6228526904 -0.1025939031 -0.7072385342
v -0.557181542 0.65481069 -0.3081900767
v -0.7768641956 0.4970399696 -0.05771706827
v -0.04183166988 -0.2295353297 -0.1962217521
v -0.008879266375 -0.2058697243 -0.2337927043
v 0.03086425362 -0.385104299 -0.3118330526
v 0.0359708475 -0.04406432684 -0.09253620669
v 0.03539208045 -0.082716876 -0.1173907283
v 0.34215663 -0.3028341944 0.0943929904
v 0.3751090437 -0.279168589 0.05682203163
v 0.4983407808 -0.4907318638 0.1130225414
v 0.5312932206 -0.4670662583 0.07545158262
v 0.4405262659 -0.5000347968 0.05645529054
v 0.4734787056 -0.4763691653 0.01888433014
v 0.3956224357 -0.3268328628 0.1261697492
v 0.4285748494 -0.3031672574 0.08859879041
v 0.4009869544 -0.3224421456 0.1336404836
v 0.4339393421 -0.2987765402 0.09606952482
v 0.7885403165 -0.6067226055 0.07747515222
v 0.7336196531 -0.6461652987 0.1400934125
v 0.7988333585 0.08068890992 0.5194972074
v 0.5791507049 -0.07708178925 0.7699702224
v 0.4147965049 -0.3217666266 0.14617795
v 0.4477489186 -0.298100995 0.1086069912
v -0.2846999653 -0.1511228655 -0.3598432005
v -0.2517475516 -0.12745726 -0.3974141658
v -0.2823013118 0.009069495417 -0.256835679
v -0.2493488981 0.03273510739 -0.2944066443
v 0.2025234524 -0.4072615061 -0.09385306439
v 0.2354758661 -0.3835959007 -0.1314240166
v 0.3411521966 -0.3317415823 0.07530353071
v 0.3741046103 -0.3080759769 0.03773256868
v -0.287003227 -0.1725709146 -0.3753732763
v -0.2540508133 -0.1489053092 -0.4129442155
v 0.4331328678 -0.5024757975 0.04843317253
v 0.4660852554 -0.4788101921 0.01086221213
v -0.1781711997 -0.2896684614 -0.3536785218
v -0.1452187991 -0.2660028429 -0.3912494871
v -0.1167563822 -0.1519353148 -0.2130565006
v -0.08380398157 -0.1282697028 -0.2506274529
v 0.2019519226 -0.2723356056 -0.009365715017
v 0.2349043232 -0.2486699871 -0.04693667542
v 0.1459963504 -0.3280593121 -0.09354261004
v 0.1789487511 -0.3043937067 -0.1311135623
v 0.1088539575 -0.3009878279 -0.1090670369
v 0.1418063581 -0.2773222224 -0.1466379892
v 0.1976633029 -0.3347330698 -0.05243075018
v 0.2306157036 -0.3110674643 -0.09000170569
v -0.08322935334 -0.2473759467 -0.2437681037
v -0.0502769527 -0.2237103282 -0.2813390689
v 0.3811980299 -0.269331868 0.1497378884
v 0.4141504436 -0.2456662626 0.1121669231
v 0.4301965387 -0.5025802694 0.04579199158
v 0.4631489263 -0.4789146379 0.008221031989
v 0.139525092 -0.1670930397 0.002172861078
v 0.1724775057 -0.1434274277 -0.0353980979
v 0.3926042302 -0.3426226573 0.1135767201
v 0.4255566178 -0.3189570518 0.07600576132
v -0.547624761 0.6565283713 -0.2987261567
v -0.7673073624 0.4987576509 -0.04825312544
v -0.5585435387 -0.07267538266 -0.767621587
v -0.6134642021 -0.1121180595 -0.7050033463
v 0.1463784923 -0.2287418884 -0.03064828126
v 0.1793308929 -0.2050762829 -0.06821924329
v 0.4372248068 -0.501638874 0.05254921715
v 0.4701771944 -0.4779732947 0.01497825675
v -0.5790007809 -0.0488915573 -0.77058286
v -0.6339214443 -0.08833423495 -0.7079645671
v -0.5685389766 0.6497918627 -0.321312706
v -0.7882216302 0.4920211423 -0.07083967793
v -0.1346033135 -0.1957249103 -0.256292211
v -0.1016509128 -0.1720592918 -0.2938631502
v 0.4415941547 -0.2862298111 0.1920657314
v 0.4745465945 -0.2625641927 0.1544947661
v 0.4972658993 -0.5193162341 0.09407474762
v 0.5302182869 -0.4956506026 0.05650378232
v -0.03095016769 -0.2488341573 -0.1988340591
v 0.002002233772 -0.2251685518 -0.2364050244
v 0.1831552596 -0.2980877404 -0.04207277199
v 0.2161076602 -0.2744221349 -0.07964373402
v 0.4055551748 -0.5418638542 -0.0005646130656
v 0.4385075885 -0.5181982488 -0.03813557423
v 0.1493731368 -0.3342752093 -0.0944962621
v 0.1823255374 -0.3106096038 -0.1320672209
v -0.1599779769 -0.1668718652 -0.2603733219
v -0.1270255762 -0.1432062598 -0.2979442871
v 0.2575970404 -0.3086859531 0.01654224868
v 0.290549454 -0.2850203477 -0.02102871172
v -0.1237822629 -0.1426158786 -0.2133484689
v -0.09082986229 -0.1189502666 -0.2509194211
v -0.1816199866 -0.1051048235 -0.2404483803
v -0.148667586 -0.08143921321 -0.2780193456
v -0.1278530805 -0.1140923676 -0.198952164
v -0.09490067336 -0.09042675889 -0.2365231163
v -0.2540051003 -0.2372080284 -0.387145885
v -0.2210526996 -0.213542423 -0.4247168503
v -0.4371711358 -0.1074079123 -0.4660356026
v -0.4042187482 -0.08374230197 -0.5036065678
v 0.1489530443 -0.4285431217 -0.1542432273
v 0.181905445 -0.4048775162 -0.1918141795
v 0.2026379175 -0.244426963 0.008815345729
v 0.2355903051 -0.2207613445 -0.02875561467
v 0.3485766179 -0.2866131271 0.1102412763
v 0.3815290055 -0.2629475086 0.07267031757
v -0.5736967693 -0.05621679171 -0.7705449224
v -0.6286174327 -0.09565946793 -0.7079266817
v -0.5630819621 0.6526828963 -0.3147054566
v -0.7827646157 0.4949122281 -0.06423244159
v -0.1246377247 -0.1412135439 -0.2132154394
v -0.09168531753 -0.1175479319 -0.2507864047
v -0.1213491159 -0.1074364992 -0.1890552491
v -0.08839670872 -0.0837708889 -0.2266262014
v -0.1115772072 -0.1574760581 -0.2120040581
v -0.07862480657 -0.1338104462 -0.2495750104
v 0.1375302756 -0.3182014829 -0.09475858345
v 0.1704826763 -0.2945358774 -0.1323295487
v -0.4067777103 -0.1855523476 -0.488600913
v -0.3738253227 -0.1618867291 -0.5261718261
v -0.3453039121 -0.2322742346 -0.4641136739
v -0.3123514984 -0.2086086291 -0.5016846392
v 0.1382367658 -0.426335539 -0.1622516242
v 0.1711891664 -0.4026699336 -0.1998225895
v 0.4424587878 -0.4984054626 0.05917651815
v 0.4754111754 -0.4747398572 0.02160555612
v -0.2953198865 -0.2469537278 -0.4295206282
v -0.2623674728 -0.2232881223 -0.4670915935
v 0.1826339566 -0.315139443 -0.05327070684
v 0.2155863573 -0.2914738375 -0.09084166887
v 0.73454842 -0.6128937029 0.02623329696
v 0.6796277567 -0.652336396 0.08885154907
v 0.7456873089 0.1310067421 0.5045790648
v 0.5260046554 -0.02676396524 0.7550520798
v 0.1074317929 -0.2560496869 -0.08200824635
v 0.1403841936 -0.2323840814 -0.1195792116
v 0.3968073989 -0.5380646663 -0.005843945405
v 0.4297598126 -0.5143990086 -0.04341490621
v -0.5303341349 0.6553928001 -0.2842763374
v -0.7500167885 0.4976221319 -0.03380330938
v -0.5414311724 -0.08571573274 -0.7608268413
v -0.5963518358 -0.1251584079 -0.6982086006
v 0.3924737447 -0.3412463361 0.1143291841
v 0.4254261323 -0.3175807307 0.07675823187
v -0.02653371246 -0.310362044 -0.2337163855
v 0.006418689819 -0.2866964385 -0.2712873508
v -0.1118956457 -0.2169557119 -0.2497490433
v -0.07894323852 -0.1932901064 -0.2873200086
v -0.03390516885 -0.2425791745 -0.197485852
v -0.0009527676961 -0.218913569 -0.2350568042
v -0.02424297495 -0.271935069 -0.2075024374
v 0.008709427331 -0.2482694635 -0.2450734027
v 0.2024952731 -0.2692605198 -0.006952192332
v 0.2354476868 -0.2455949013 -0.04452315273
v -0.079067175 -0.2826562658 -0.2623403373
v -0.04611477435 -0.2589906474 -0.2999113026
v 0.4452702934 -0.4939476892 0.06445029583
v 0.478222681 -0.4702820838 0.02687933869
v 0.4648702605 -0.5520661486 0.04503259037
v 0.4978226481 -0.5284005432 0.007461629152
v 0.3882920235 -0.5339718923 -0.01073455674
v 0.4212444111 -0.5103062869 -0.04830551795
v 0.1481542541 -0.3317379556 -0.09396711205
v 0.1811066548 -0.3080723501 -0.1315380643
v 0.3460313801 -0.2911752419 0.1051352956
v 0.3789837938 -0.2675096235 0.06756433684
v -0.1295086762 -0.1203339131 -0.2043357299
v -0.09655626903 -0.09666830435 -0.2419066821
v -0.051266093 -0.3353422632 -0.2711432453
v -0.01831368909 -0.3116766317 -0.3087142106
v 0.1588253415 -0.1791498413 0.01150607355
v 0.1917777422 -0.1554842358 -0.02606488685
v -0.4353152196 -0.1235438287 -0.474571721
v -0.4023628059 -0.09987822001 -0.5121426341
v 0.1278832297 -0.310784002 -0.09854752382
v 0.1608356304 -0.2871183705 -0.1361184826
v 0.114460896 -0.3034376998 -0.1056925075
v 0.1474132966 -0.2797720944 -0.1432634728
v -0.5970037156 -0.008966530295 -0.761224273
v -0.651924379 -0.04840920794 -0.6986060323
v -0.5875094507 0.6251018896 -0.3535031321
v -0.8071921043 0.4673311693 -0.1030301171
v -0.3524180486 -0.2288312009 -0.4681845828
v -0.319465661 -0.2051655955 -0.5057555481
v 0.2033913469 -0.2578216263 0.001038976321
v 0.2363437606 -0.2341560209 -0.03653198296
v -0.1253795302 -0.1399089885 -0.2130443418
v -0.09242712954 -0.1162433765 -0.2506152941
v -0.1555892035 -0.05716470703 -0.1874204878
v -0.1226368029 -0.0334990975 -0.2249914401
v 0.184286617 -0.2022705306 0.0192739049
v 0.2172390176 -0.1786049252 -0.01829705388
v 0.4255787176 -0.5488973929 0.0125670807
v 0.4585311313 -0.5252317875 -0.0250038797
v -0.3588471165 -0.2254125371 -0.4716699375
v -0.3258947028 -0.2017469316 -0.5092409028
v -0.4343587431 -0.1284358625 -0.4768142668
v -0.4014063555 -0.1047702505 -0.5143852321
v 0.1487839558 -0.3329941496 -0.09420608767
v 0.1817363565 -0.3093285442 -0.1317770399
v 0.4615846653 -0.2980337041 0.2021636452
v 0.4945370529 -0.2743680986 0.1645926799
v -0.1791197834 -0.1266369506 -0.2518184172
v -0.1461673828 -0.1029713451 -0.2893893825
v -0.3737496562 -0.1590871606 -0.4429627527
v -0.3407972425 -0.1354215552 -0.480533718
v -0.2959920919 -0.1900919843 -0.3942934975
v -0.2630396782 -0.1664263788 -0.4318644628
v -0.1674982989 -0.1549715041 -0.2594732299
v -0.1345458983 -0.1313058921 -0.2970441952
v -0.4306368393 -0.1421039883 -0.4821592949
v -0.3976844256 -0.1184383764 -0.5197302602
v 0.3960602315 -0.353817148 0.109556573
v 0.4290126452 -0.3301515165 0.07198561418
v 0.1963078423 -0.2217540105 0.01754490948
v 0.229260256 -0.1980884051 -0.02002605093
v 0.1765391389 -0.299649627 -0.04885940639
v 0.2094915396 -0.2759840216 -0.08643036516
v 0.3802953548 -0.4036194957 0.06435960694
v 0.4132477685 -0.3799538903 0.02678864491
v -0.3541954804 -0.179548421 -0.4387006946
v -0.3212430667 -0.155882809 -0.4762716599
v -0.3636858837 -0.1718146021 -0.4421530169
v -0.33073347 -0.1481489901 -0.4797239822
v 0.2997823304 -0.2307808131 0.1026134948
v 0.3327347441 -0.2071151946 0.06504253608
v 0.2036317446 -0.4047411078 -0.09129344343
v 0.2365841452 -0.3810755024 -0.1288644022
v 0.1690691351 -0.2995626627 -0.05535633926
v 0.2020215488 -0.2758970573 -0.09292729803
v 0.1710487399 -0.2997447841 -0.05373480655
v 0.2040011535 -0.2760791787 -0.09130576532
v -0.02315585797 -0.2834277509 -0.2137880911
v 0.00979654431 -0.2597621454 -0.2513590434
v 0.2014709838 -0.3428457168 -0.05420122518
v 0.2344233975 -0.3191801114 -0.09177218396
v 0.444118493 -0.4716573873 0.07748059238
v 0.4770709327 -0.4479917819 0.03990963035
v -0.3240234707 -0.1935543651 -0.4210599414
v -0.2910710831 -0.1698887466 -0.4586308806
v -0.09736907707 -0.1099285944 -0.1695927993
v -0.06441667643 -0.08626298568 -0.2071637646
v -0.5158758879 0.6509337482 -0.2744041837
v -0.7355585415 0.4931630278 -0.0239311524
v -0.5270175947 -0.09315346254 -0.7528700672
v -0.5819382059 -0.1325961361 -0.6902517743
v -0.5749746979 0.3324583788 -0.3912106102
v -0.7397366881 0.2141303515 -0.2033558489
v -0.5719571708 0.5339819638 -0.2616260979
v -0.736719161 0.4156539366 -0.07377134316
v 0.01699418958 0.08853480657 -0.02565708365
v -0.1477677941 -0.0297932174 0.1621976792
v 0.02001172322 0.2900584047 0.1039274172
v -0.1447502539 0.1717303774 0.2917821915
v 0.6089630379 -0.1553887395 0.33989642
v 0.4442010477 -0.2737167667 0.5277511682
v 0.611980565 0.04613486511 0.4694809323
v 0.4472185748 -0.07219316049 0.6573356544
v -0.1720875754 -0.06944295376 -0.2096246865
v -0.1391351748 -0.04577734424 -0.2471956387
v 0.196399777 -0.2869321005 -0.02342954885
v 0.2293521777 -0.263266482 -0.06100051089
v -0.08091595503 -0.25093869 -0.2439832313
v -0.04796355112 -0.2272730846 -0.2815541966
v -0.125481693 -0.05516477342 -0.1597543302
v -0.09252929234 -0.03149916389 -0.1973252825
v -0.02992441395 -0.3179788669 -0.2414880116
v 0.003027989964 -0.2943132353 -0.2790589769
v -0.4361139707 -0.1184335233 -0.4720533318
v -0.403161583 -0.0947679113 -0.5096242971
v -0.5518782609 -0.07835069006 -0.7653504967
v -0.6067989243 -0.1177933653 -0.702732256
v -0.5408722841 0.656674799 -0.2927115324
v -0.7605549377 0.4989040786 -0.0422385142
v -0.169648936 -0.1510079633 -0.2588628884
v -0.1366965354 -0.1273423513 -0.2964338537
v -0.421685077 -0.1629521849 -0.4874400848
v -0.3887326894 -0.139286573 -0.5250110501
v 0.1433481801 -0.3244037861 -0.09356264861
v 0.1763005808 -0.3007381807 -0.1311336139
v -0.07666713204 -0.2599573388 -0.2459374878
v -0.04371473139 -0.2362917204 -0.283508427
v 0.1973763965 -0.224279849 0.01689110704
v 0.2303287972 -0.2006142435 -0.02067985336
v -0.5900613941 0.6149580411 -0.3621309114
v -0.8097440477 0.4571873207 -0.1116578964
v -0.5992224656 0.003143107385 -0.7555425551
v -0.654143129 -0.03629956945 -0.6929242622
v -0.1202722383 -0.1069615322 -0.1878115661
v -0.08731983118 -0.08329592354 -0.2253825314
v 0.4866089276 -0.4547666717 0.1253869925
v 0.5195613152 -0.4311010662 0.0878160337
v 0.489720229 -0.4608334275 0.1242944467
v 0.5226726166 -0.4371678221 0.08672348145
v 0.4029550136 -0.49423697 0.02715459834
v 0.4359074272 -0.4705713646 -0.01041636206
v 0.1823479634 -0.4260394221 -0.1233764427
v 0.2153003641 -0.4023738167 -0.160947395
v 0.1481572286 -0.2349222353 -0.03298114739
v 0.1811096293 -0.2112566299 -0.07055210616
v 0.1983674839 -0.2268639246 0.0161326745
v 0.2313198976 -0.2031983061 -0.02143828427
v -0.1501496836 -0.05549835008 -0.1816000133
v -0.1171972699 -0.03183274056 -0.2191709655
v 0.4820983182 -0.3130489085 0.2106976372
v 0.5150507058 -0.289383277 0.1731266719
v -0.07521812543 -0.2701537626 -0.2510892272
v -0.04226572152 -0.2464881571 -0.2886601925
v 0.4337967238 -0.4558879446 0.07836069141
v 0.4667491375 -0.4322223391 0.04078972938
v -0.3702441064 -0.1643714011 -0.4432166268
v -0.3372916927 -0.1407057957 -0.4807875921
v 0.3405441512 -0.3242789625 0.07947085568
v 0.3734965649 -0.3006133571 0.04189989365
v -0.111730321 -0.2824560106 -0.2908621132
v -0.0787779203 -0.2587904051 -0.3284330524
v 0.2029301206 -0.2658558281 -0.004426223791
v 0.2358825343 -0.2421902227 -0.04199718378
v 0.1680636189 -0.3031738586 -0.05851291006
v 0.2010160195 -0.2795082532 -0.09608386883
v -0.1145330401 -0.2812571665 -0.2925651309
v -0.08158063941 -0.257591548 -0.3301360961
v 0.2063208531 -0.395826109 -0.0833194095
v 0.2392732537 -0.3721605036 -0.1208903683
v 0.4987077893 -0.494554117 0.110936834
v 0.5316602291 -0.4708885115 0.07336587518
v -0.1425487768 -0.3141944208 -0.3378838221
v -0.1095963761 -0.2905288154 -0.3754547874
v -0.5880272704 -0.03335421576 -0.7687129064
v -0.6429479338 -0.07279689178 -0.7060946135
v -0.5779172369 0.6418382718 -0.3345479739
v -0.7975998383 0.4840675514 -0.08407494585
v 0.3946512434 -0.3283815992 0.1243424167
v 0.4276036571 -0.3047159937 0.08677145792
v -0.1291277216 -0.117975865 -0.2025162902
v -0.09617531438 -0.09431025954 -0.2400872424
v -0.381854841 -0.1378884977 -0.4367187285
v -0.3489024534 -0.1142228858 -0.4742896677
v 0.4445984794 -0.4728049869 0.07717867007
v 0.477550867 -0.4491393815 0.0396077113
v -0.1222296128 -0.1079069686 -0.1901238555
v -0.08927721217 -0.0842413583 -0.2276948208
v -0.5484475426 -0.08096502409 -0.7639882391
v -0.603368206 -0.1204077009 -0.7013699984
v -0.5374058199 0.6564471212 -0.289814602
v -0.7570884735 0.4986764008 -0.03934157728
v -0.2319101483 -0.1824039305 -0.3332464321
v -0.1989577347 -0.1587383186 -0.3708173974
v -0.2293696854 -0.01274122776 -0.2241492721
v -0.1964172847 0.01092438095 -0.2617202113
v 0.1210485895 -0.2608043207 -0.0730602413
v 0.1540009901 -0.2371387153 -0.1106312066
v 0.2004049213 -0.3403272754 -0.05354989007
v 0.233357335 -0.31666167 -0.09112084557
v 0.3974499639 -0.3247840232 0.1290631572
v 0.4304023515 -0.3011184178 0.09149220493
v -0.186421912 -0.230022648 -0.323344638
v -0.1534695114 -0.2063570425 -0.3609155772
v -0.1871953931 -0.2816790985 -0.3565609712
v -0.1542429924 -0.258013493 -0.3941319104
v 0.1470338814 -0.3711189414 -0.1197554885
v 0.1799862821 -0.3474533359 -0.1573264538
v -0.03605345443 -0.2386102718 -0.1968700703
v -0.003101051283 -0.2149446533 -0.2344410356
v -0.09525684723 -0.2872034039 -0.2794040161
v -0.06230444658 -0.2635377854 -0.3169749814
v 0.1495645469 -0.3675807767 -0.1153072517
v 0.1825169475 -0.3439151712 -0.1528782039
v -0.1771785468 -0.07860523276 -0.2198610699
v -0.1442261331 -0.05493962364 -0.2574320352
v -0.5959185539 -0.01304832931 -0.7628435879
v -0.6508392173 -0.05249100533 -0.7002253472
v -0.586316112 0.6282447622 -0.350476812
v -0.8059987656 0.470474094 -0.100003784
v 0.1352023963 -0.2626038523 -0.0617798626
v 0.168154797 -0.2389382469 -0.09935082137
v 0.1142015687 -0.3718654304 -0.149021966
v 0.1471539693 -0.3481998249 -0.1865929183
v -0.1716462311 -0.1470170195 -0.2581007965
v -0.1386938304 -0.1233514141 -0.2956717618
v 0.3501930366 -0.509877284 -0.02897310689
v 0.3831454242 -0.4862116786 -0.06654406566
v 0.1800923978 -0.1974299501 0.01864431574
v 0.2130447984 -0.1737643316 -0.01892664304
v 0.4429746767 -0.4692714405 0.0779802586
v 0.4759271164 -0.4456058351 0.04040929657
v 0.1648127911 -0.2988373343 -0.05863258052
v 0.1977652048 -0.2751717288 -0.09620353929
v 0.1847323969 -0.2974234408 -0.0402710813
v 0.2176847976 -0.2737578354 -0.07784204334
v -0.1361225138 -0.2694802657 -0.3040824826
v -0.1031701131 -0.2458146472 -0.3416534479
v 0.3923285433 -0.2697077478 0.1592633591
v 0.425280957 -0.2460421424 0.1216924069
v -0.07241339725 -0.123644837 -0.156344629
v -0.03946099334 -0.09997923151 -0.1939155943
v 0.1985577982 -0.2829714037 -0.01904200996
v 0.2315101858 -0.2593057983 -0.05661297036
v -0.02362076979 -0.2968017494 -0.2226200003
v 0.009331633301 -0.2731361309 -0.2601909656
v -0.3386174738 -0.1882083455 -0.430492499
v -0.3056650862 -0.1645427335 -0.4680634643
v -0.08308363666 -0.1845346856 -0.2040571598
v -0.05013123275 -0.1608690802 -0.2416281251
v 0.1302641277 -0.3123921235 -0.09747225745
v 0.1632165284 -0.288726518 -0.1350432227
v 0.1992822786 -0.2295193093 0.01526240722
v 0.2322346793 -0.2058537039 -0.02230855155
v -0.4373814886 -0.1014028866 -0.4624375831
v -0.404429101 -0.07773727461 -0.5000085484
v 0.1438251268 -0.4276179815 -0.1581580284
v 0.1767775275 -0.4039523761 -0.1957289937
v -0.3098300825 -0.195409081 -0.4097796084
v -0.2768776949 -0.1717434625 -0.4473505737
v 0.2058329608 -0.3572143643 -0.05942613927
v 0.2387853614 -0.3335487588 -0.09699709804
v 0.1708491369 -0.1885189564 0.01615027511
v 0.2038015375 -0.1648533444 -0.02142068529
v -0.03944266052 -0.1493292241 -0.1436053157
v -0.006490258244 -0.1256636122 -0.181176281
v -0.4170015044 -0.1710796848 -0.4884516674
v -0.3840490907 -0.1474140663 -0.5260226327
v -0.1120586417 -0.1059182024 -0.179950484
v -0.07910623456 -0.08225259365 -0.2175214362
v -0.02310142866 -0.2876243183 -0.2163837385
v 0.009850973624 -0.2639587259 -0.2539546907
v -0.02965789507 -0.2519751512 -0.1996791363
v 0.003294506801 -0.2283095458 -0.2372500885
v 0.3404744859 -0.3188696701 0.08281701668
v 0.3734268995 -0.2952040646 0.04524605791
v 0.1387970239 -0.2619283594 -0.05820162076
v 0.1717494245 -0.2382627409 -0.09577258606
v -0.07587162292 -0.2757396188 -0.2551808791
v -0.04291922227 -0.2520740134 -0.2927518444
v 0.8013564443 -0.5888020691 0.1000037775
v 0.7464357809 -0.6282447622 0.1626220377
v 0.8109588862 0.05249102571 0.5123705729
v 0.5912762326 -0.1052796718 0.7628435879
v 0.1349875948 -0.2133849454 -0.03096570867
v 0.1679399955 -0.1897193399 -0.06853667071
v -0.03765095651 -0.2359080522 -0.1965690873
v -0.004698553411 -0.2122424337 -0.2341400396
v -0.1811257932 -0.09536894778 -0.2338824082
v -0.1481733925 -0.07170333825 -0.2714533474
v -0.2410805868 -0.2221545602 -0.3663281311
v -0.2081281861 -0.1984889547 -0.4038990964
v -0.1798303308 -0.1234217187 -0.2504163695
v -0.1468779302 -0.09975610997 -0.2879873348
v -0.3843766222 -0.1103971134 -0.4216139244
v -0.3514242085 -0.08673150145 -0.4591848636
v -0.3819728025 0.05013960499 -0.3183849871
v -0.3490204149 0.07380521695 -0.3559559263
v -0.07128107444 -0.1957639829 -0.2007787007
v -0.03832867053 -0.1720983644 -0.238349653
v 0.7524461 -0.6170043758 0.03934158054
v 0.6975254888 -0.656447069 0.1019598343
v 0.7634878227 0.1204077727 0.5135152241
v 0.5438052213 -0.03736292976 0.7639882391
v 0.4861579032 -0.541087203 0.07061888835
v 0.5191102908 -0.5174215976 0.03304792958
v 0.394735181 -0.3509156776 0.1102220205
v 0.4276875947 -0.3272500722 0.07265106175
v -0.3723688734 -0.1613222245 -0.4431595377
v -0.3394164858 -0.1376566126 -0.480730503
v 0.792957517 -0.6023955265 0.08407495237
v 0.7380368536 -0.6418381674 0.1466932126
v 0.8030676027 0.07279697413 0.5182398914
v 0.5833849491 -0.08497372667 0.7687129064
v 0.434476548 -0.5023031214 0.04972041267
v 0.4674289356 -0.478637542 0.01214945227
v -0.08793997018 -0.114359392 -0.1641137241
v -0.05498756627 -0.0906937833 -0.2016846764
v -0.09056228343 -0.3353148406 -0.3055915332
v -0.05760988278 -0.3116492352 -0.3431624985
v -0.06044204659 -0.3374885038 -0.2805431097
v -0.02748964594 -0.3138228984 -0.318114075
v 0.3978891426 -0.4916288247 0.02435431394
v 0.4308415302 -0.4679632192 -0.01321664565
v 0.4212554219 -0.3236897554 0.1506315226
v 0.4542078095 -0.30002415 0.1130605573
v -0.09325591235 -0.235174296 -0.2448764089
v -0.0603035117 -0.2115086906 -0.2824473742
v 0.2015572436 -0.2380643642 0.01187526483
v 0.2345096573 -0.2143987458 -0.02569569476
v 0.3748969166 -0.3978440297 0.06326271691
v 0.4078493303 -0.3741783982 0.02569175814
v -0.1441463702 -0.05446775384 -0.1756855297
v -0.1111939695 -0.03080214514 -0.2132564819
v 0.4460572248 -0.4773771211 0.07557819352
v 0.4790096646 -0.4537115156 0.03800723475
v 0.446690214 -0.4809387163 0.0738899308
v 0.4796426016 -0.4572730847 0.03631897529
v -0.1296825134 -0.1246679848 -0.2072181923
v -0.09673011277 -0.1010023728 -0.2447891576
v 0.3638847561 -0.5197605268 -0.02318985407
v 0.3968371698 -0.4960949214 -0.06076081773
v 0.1443897162 -0.2245416811 -0.02974690429
v 0.1773421168 -0.2008760757 -0.06731786633
v -0.2715424252 -0.2454070136 -0.4076918658
v -0.2385900376 -0.2217414081 -0.445262805
v -0.08311120274 -0.2858043046 -0.2678701481
v -0.05015880209 -0.2621386992 -0.3054411134
v -0.4274814948 -0.1506277849 -0.4847609173
v -0.3945290811 -0.1269621729 -0.5223318826
v 0.81426285 0.0362995988 0.5050695401
v 0.5945801965 -0.1214711085 0.7555425551
v 0.8051017786 -0.5755153479 0.1116579225
v 0.7501811152 -0.6149579889 0.1742761762
v 0.7559125642 -0.6172320537 0.04223848485
v 0.7009919008 -0.6566747468 0.1048567386
v 0.766918541 0.1177934174 0.5148774295
v 0.5472358874 -0.03997728336 0.7653504967
v -0.09070466035 -0.2379522604 -0.2443885949
v -0.05775225971 -0.214286655 -0.2819595341
v -0.3033311927 -0.1943027066 -0.4033827118
v -0.2703788051 -0.1706371011 -0.4409536771
v -0.0802230327 -0.2838601457 -0.2641124202
v -0.04727063205 -0.2601945272 -0.3016833855
v 0.4392722374 -0.3322843198 0.1610199174
v 0.4722246772 -0.3086187143 0.1234489651
v -0.02755971245 -0.3130922472 -0.2363359852
v 0.005392689831 -0.2894266417 -0.2739069505
v -0.1053655826 -0.1071131979 -0.1748329119
v -0.07241318199 -0.08344758755 -0.2124038642
v 0.2034161081 -0.3481832044 -0.05585723833
v 0.2363685218 -0.3245175729 -0.0934281971
v -0.2789572968 -0.2467575689 -0.4150459173
v -0.2460048831 -0.2230919504 -0.4526168565
v -0.5009785666 0.3019679436 -0.3455164306
v -0.6657405568 0.1836399164 -0.1576616563
v -0.4979610394 0.5034915548 -0.2159319183
v -0.6627230296 0.3851635276 -0.02807716029
v -0.158268932 -0.0582953197 -0.1904829713
v -0.1253165313 -0.03462970967 -0.2280539235
v 0.09099028176 0.05804437146 0.02003709432
v -0.07377170192 -0.06028365516 0.2078918588
v 0.09400781539 0.2595679696 0.1496215968
v -0.07075416828 0.1412399554 0.337476345
v 0.7420579792 0.1325961687 0.5023970522
v 0.5223753256 -0.02517454186 0.7528700672
v 0.7309162724 -0.6114910551 0.02393119643
v 0.6759956611 -0.650933696 0.08654944854
v 0.6829591692 -0.1858792007 0.3855906257
v 0.518197179 -0.3042072279 0.5734453739
v 0.6859766963 0.01564440391 0.515175138
v 0.5212147061 -0.1026836201 0.7030299123
v 0.4506415699 -0.5531491186 0.03187084287
v 0.4835939575 -0.5294835132 -0.005700116714
v -0.07998235458 -0.2525345874 -0.2441696318
v -0.04702995067 -0.2288689689 -0.281740597
v -0.09572444 -0.06405661772 -0.1392559933
v -0.06277203283 -0.04039100778 -0.1768269455
v -0.2814771211 -0.2470168049 -0.4174192617
v -0.2485247074 -0.2233511995 -0.454990227
v 0.4191388738 -0.3810884179 0.1126202436
v 0.4520912875 -0.3574228124 0.07504929133
v 0.4173560149 -0.5001557066 0.03605714317
v 0.4503084286 -0.4764900751 -0.001513815499
v -0.2973764754 -0.1912486639 -0.3962362735
v -0.2644240617 -0.1675830519 -0.4338072388
v 0.2001204545 -0.2322603537 0.0142709904
v 0.2330728552 -0.2085947483 -0.02329997
v -0.1019044803 -0.2858607674 -0.2843887674
v -0.06895207969 -0.262195149 -0.3219597327
v 0.3642996693 -0.4691933997 0.009025838792
v 0.397252083 -0.4455277942 -0.02854512161
v 0.4056583682 -0.3674430376 0.1093919788
v 0.4386107558 -0.3437774322 0.07182102002
v -0.06384857117 -0.1297453949 -0.1526753656
v -0.03089617053 -0.1060797862 -0.1902463178
v -0.02310932634 -0.2883073518 -0.2168208951
v 0.009843075935 -0.2646417464 -0.2543918604
v 0.4012297917 -0.271156226 0.1661580107
v 0.4341821793 -0.2474906206 0.1285870454
v -0.1611884188 -0.05980372154 -0.1939936873
v -0.1282360182 -0.0361381112 -0.2315646395
v -0.3178153751 -0.2426314757 -0.4465282095
v -0.2848629875 -0.2189658702 -0.4840991748
v 0.393279958 -0.3463952315 0.1117930785
v 0.4262323717 -0.3227296261 0.07422211318
v 0.4988203498 -0.5076575426 0.1027818397
v 0.5317727895 -0.483991911 0.06521088095
v -0.4320137084 -0.1376889796 -0.4805859539
v -0.3990612947 -0.1140233676 -0.5181569192
v -0.08230348914 -0.2853751452 -0.2668914153
v -0.04935108849 -0.2617095267 -0.3044623805
v 0.1938766782 -0.3284923592 -0.05182091421
v 0.2268290919 -0.3048267538 -0.08939187298
v 0.4310656073 -0.4527276165 0.07795595401
v 0.4640179949 -0.4290620111 0.04038499523
v 0.4893794689 -0.537358411 0.07579317765
v 0.5223318565 -0.5136928055 0.03822221888
v 0.1815537263 -0.2986368703 -0.04382332257
v 0.2145061269 -0.2749712648 -0.08139428461
v 0.1528376441 -0.3528957129 -0.1031865249
v 0.1857900447 -0.3292301074 -0.1407574902
v 0.07597717113 -0.287440788 -0.1293691498
v 0.1089295718 -0.2637751825 -0.1669401151
v 0.07751038932 -0.1850462823 -0.06352703429
v 0.1104627965 -0.1613806704 -0.1010979931
v 0.07495359932 -0.3557995055 -0.1733254399
v 0.107906 -0.3321339 -0.2108964052
v 0.07663721116 -0.2433606396 -0.101024564
v 0.1095896183 -0.2196950342 -0.1385955162
v 0.4440202831 -0.4964060671 0.06180549136
v 0.4769727229 -0.4727404356 0.0242345277
v -0.07520467506 -0.2695554886 -0.2507005885
v -0.04225227115 -0.2458898701 -0.2882715537
v -0.3747835735 -0.1572567297 -0.4427166018
v -0.3418311859 -0.1335911177 -0.4802875671
v -0.2857068514 -0.1654996732 -0.3697821234
v -0.2527544377 -0.1418340612 -0.4073530887
v -0.08199051039 -0.2492246354 -0.243846014
v -0.04903810648 -0.225559017 -0.2814169793
v 0.3568309962 -0.5148622962 -0.026291128
v 0.3897834098 -0.4911966647 -0.06386208677
v 0.1334841018 -0.2121358091 -0.03149754946
v 0.1664365025 -0.1884701907 -0.06906850823
v 0.802549783 -0.5856591443 0.1030301106
v 0.7476291196 -0.6251018375 0.1656483709
v 0.8120440479 0.04840927562 0.510751258
v 0.5923613943 -0.1093614252 0.761224273
v 0.2013158153 -0.4096005137 -0.09638556936
v 0.234268229 -0.3859349082 -0.1339565347
v -0.1705666009 -0.06753888257 -0.2070913335
v -0.1376142002 -0.04387327224 -0.2446622988
v -0.04638805755 -0.3333506953 -0.2656103817
v -0.01343565445 -0.3096850899 -0.303181347
v -0.07565402307 -0.3377708703 -0.2940629619
v -0.04270162242 -0.3141052648 -0.3316339011
v 0.3782882884 -0.479519474 0.01479055495
v 0.4112407021 -0.4558538686 -0.02278040545
v -0.1689388191 -0.06576292828 -0.2045449999
v -0.1359864185 -0.04209731794 -0.2421159652
v 0.4979368262 -0.5157985254 0.09687897353
v 0.530889266 -0.49213292 0.05930801476
v 0.3472555594 -0.2888092032 0.1076993261
v 0.3802079731 -0.2651436108 0.07012836734
v 0.4555125084 -0.2941164242 0.19930537
v 0.488464896 -0.2704508187 0.1617344047
v -0.3805088126 -0.2112278766 -0.4817339971
v -0.3475563989 -0.1875622711 -0.5193049624
v 0.4674167246 -0.3519424718 0.1733221263
v 0.5003691122 -0.3282768663 0.135751161
v -0.0928945788 -0.1119145754 -0.1669192938
v -0.05994217815 -0.08824896339 -0.2044902591
v -0.321131002 -0.194267613 -0.4189723032
v -0.2881785883 -0.1706019945 -0.4565432685
v 0.1748538637 -0.3082586462 -0.05576024825
v 0.2078062644 -0.2845930408 -0.09333120702
v 0.4357025015 -0.50206365 0.05094653257
v 0.4686548891 -0.4783980185 0.01337557135
v 0.7564715047 0.1251584927 0.5103538263
v 0.5367888511 -0.0326122048 0.7608268413
v 0.745374415 -0.6159500547 0.03380330938
v 0.6904537516 -0.6553926957 0.09642156312
v 0.4878268449 -0.5392832097 0.07321903002
v 0.5207792325 -0.5156176043 0.03564806799
v -0.5306469767 -0.09156399024 -0.7550520798
v -0.5855676401 -0.1310066638 -0.6924338391
v -0.5195081399 0.6523364482 -0.2767063234
v -0.7391907414 0.49456578 -0.02623329533
v 0.1876903693 -0.4234795468 -0.117078317
v 0.220642783 -0.3998139152 -0.1546492823
v -0.09746590408 -0.06334874065 -0.1403374891
v -0.06451350343 -0.03968313154 -0.1779084544
v -0.1268898593 -0.1368716315 -0.2124558001
v -0.09393745861 -0.1132060196 -0.2500267654
v -0.1042130517 -0.06079829466 -0.1446487173
v -0.07126065101 -0.03713268514 -0.1822196826
v -0.1814492935 -0.09935500586 -0.236676928
v -0.1484968928 -0.07568939389 -0.2742478933
v 0.3939326727 -0.3487046769 0.1109108595
v 0.4268850864 -0.3250390454 0.07333990071
v -0.2949793352 -0.1891001402 -0.3927804809
v -0.2620269215 -0.1654345217 -0.4303514462
v 0.1339098824 -0.2626797406 -0.06296129035
v 0.166862283 -0.2390141351 -0.1005322491
v -0.2650288718 -0.2433446453 -0.4006799312
v -0.2320764581 -0.2196790399 -0.4382508704
v 0.1673892479 -0.1856190254 0.01494235268
v 0.2003416485 -0.1619534069 -0.02262860773
v 0.4130580544 -0.3214225006 0.1448699766
v 0.4460104681 -0.2977568952 0.1072990113
v -0.1106085197 -0.1060604195 -0.1787682082
v -0.07765611905 -0.08239480912 -0.2163391605
v 0.4446014538 -0.3354746535 0.1636844473
v 0.4775538414 -0.311809048 0.126113482
v 0.7781223466 -0.6132402032 0.06423246768
v 0.7232016832 -0.6526828963 0.1268507214
v 0.7887371537 0.09565948424 0.5200719596
v 0.5690545001 -0.06211121942 0.7705449746
v 0.2008800677 -0.2351027912 0.01314680174
v 0.2338324684 -0.2114371857 -0.02442415867
v 0.4908220895 -0.5353034137 0.07835291602
v 0.5237745293 -0.5116378082 0.04078195725
v 0.1447216572 -0.3731120487 -0.123038905
v 0.1776740579 -0.3494464433 -0.1606098703
v 0.1789716076 -0.1962359069 0.01841342044
v 0.2119240082 -0.1725703015 -0.01915753996
v -0.08525589742 -0.2866377057 -0.2702761596
v -0.05230349677 -0.2629720872 -0.3078471249
v 0.1411409236 -0.2609425295 -0.0555248994
v 0.1740933243 -0.237276924 -0.09309585817
v 0.4775220093 -0.4408804372 0.1261639698
v 0.5104744491 -0.4172148317 0.08859300453
v 0.3935114974 -0.3310429981 0.1216663802
v 0.4264639111 -0.3073773926 0.08409542146
v 0.3527386919 -0.4598600174 0.004765050225
v 0.3856911056 -0.436194412 -0.03280591099
v 0.1221110904 -0.3073160245 -0.1014256615
v 0.1550634911 -0.2836504191 -0.1389966138
v 0.4737248044 -0.5493654814 0.05449975881
v 0.506677192 -0.525699876 0.01692879841
v 0.1828911966 -0.4258210069 -0.1227624223
v 0.2158435972 -0.4021554015 -0.1603333745
v -0.1841441291 -0.2844766449 -0.3556469201
v -0.1511917285 -0.2608110264 -0.3932178854
v 0.4316552319 -0.5025710851 0.04707714763
v 0.4646076195 -0.4789054796 0.009506186416
v -0.3840885156 -0.1219808266 -0.4286577172
v -0.3511361019 -0.09831521794 -0.4662286825
v 0.345679531 -0.3508755744 0.06722198515
v 0.3786319186 -0.3272099689 0.02965102638
v -0.1671972376 -0.06410658858 -0.201974179
v -0.134244824 -0.04044097865 -0.2395451312
v -0.09839620391 -0.2299259253 -0.2460789058
v -0.06544379673 -0.2062603068 -0.283649845
v 0.1270377742 -0.3754526478 -0.1400232383
v 0.1599901879 -0.3517870163 -0.1775942036
v 0.4117882665 -0.2739109296 0.1736833815
v 0.4447406802 -0.2502453111 0.1361124293
v 0.1659877611 -0.4294909096 -0.1398995628
v 0.1989401618 -0.4058253041 -0.1774705281
v 0.1777165746 -0.3106377048 -0.05474799379
v 0.2106689753 -0.2869720993 -0.09231895256
v 0.3927853079 -0.3439326267 0.1129103984
v 0.4257377216 -0.3202670213 0.07533943315
v 0.3726321667 -0.475498218 0.01236268172
v 0.4055845804 -0.4518326125 -0.02520827868
v -0.324567017 -0.2405358272 -0.4511298796
v -0.2916146033 -0.2168702218 -0.4887007927
v 0.7735839231 0.1121181312 0.5171486242
v 0.5539012695 -0.04565257037 0.7676216392
v 0.7626650933 -0.617085626 0.04825316784
v 0.7077444299 -0.6565283191 0.1108714216
v 0.783579361 -0.6103491174 0.07083971054
v 0.7286586976 -0.6497918105 0.1334579708
v 0.7940411654 0.08833429039 0.520109845
v 0.5743585118 -0.06943640959 0.77058286
v 0.4464488119 -0.4896575563 0.06818629576
v 0.4794012516 -0.4659919508 0.03061533699
v 0.1484084674 -0.2364109342 -0.03369850804
v 0.1813608681 -0.2127453157 -0.07126946355
v 0.3961781408 -0.3261155446 0.1271089659
v 0.4291305284 -0.3024499391 0.08953800714
v 0.1527582334 -0.3481595651 -0.1002729153
v 0.1857106341 -0.3244939597 -0.1378438741
v 0.1432029396 -0.2225724348 -0.02954738613
v 0.1761553403 -0.1989068294 -0.06711834816
v 0.3485831148 -0.3581077767 0.06521313138
v 0.3815355285 -0.3344421713 0.02764216935
v -0.05191728461 -0.2165061616 -0.196860599
v -0.01896488233 -0.1928405562 -0.2344315643
v 0.3988658142 -0.4215858235 0.06933037949
v 0.4318182279 -0.397920218 0.03175942072
v -0.04396533095 -0.33208336 -0.2626872029
v -0.01101292867 -0.3084177285 -0.3002581682
v 0.1323816934 -0.313929562 -0.09658342416
v 0.165334094 -0.2902639566 -0.1341543895
v -0.02848025065 -0.2551436982 -0.2006420966
v 0.004472151633 -0.2314780927 -0.2382130619
v 0.200426969 -0.2781956485 -0.01439440667
v 0.2333793827 -0.254530043 -0.05196536544
v -0.3646959268 -0.2220194303 -0.4746624686
v -0.3317435131 -0.1983538248 -0.5122334339
v -0.5837930262 -0.04124619232 -0.7699702224
v -0.6387136896 -0.08068886752 -0.7073519817
v -0.5734999842 0.6461653509 -0.3279481607
v -0.7931826378 0.4883946305 -0.0774751457
v -0.2902601994 -0.1820935283 -0.3842280811
v -0.2573078117 -0.1584279164 -0.4217990464
v 0.1414081046 -0.3221149533 -0.09382252384
v 0.1743605052 -0.2984493479 -0.1313934761
v -0.07849646708 -0.2553705933 -0.2446527753
v -0.04554406643 -0.2317049748 -0.2822237406
v 0.7722218221 -0.6153679447 0.05771706827
v 0.7173011587 -0.6548105856 0.1203353155
v 0.7829723071 0.1025939781 0.5193837599
v 0.5632896535 -0.05517671943 0.7698567749
v -0.02889093211 -0.1069418687 -0.1076512844
v 0.004061470987 -0.08327625841 -0.1452222432
v 0.1363547577 -0.2624702749 -0.06068501427
v 0.1693071714 -0.2388046694 -0.09825597304
v -0.1231075267 -0.1084565976 -0.1912400535
v -0.09015512601 -0.08479098886 -0.2288110058
v -0.5998209092 0.01100615945 -0.7511145526
v -0.6547415726 -0.02843651738 -0.6884962597
v -0.5908865241 0.6076815869 -0.3674379758
v -0.8105691777 0.4499108665 -0.1169649477
v 0.4964663916 -0.5225325814 0.0913475841
v 0.5294188314 -0.498866976 0.05377662533
v -0.1782042973 -0.08137863436 -0.2225076747
v -0.1452518966 -0.05771302403 -0.26007864
v -0.02486616181 -0.2683947126 -0.2058189625
v 0.008086240468 -0.2447290941 -0.2433899278
v 0.1639949539 -0.3004356452 -0.06035664131
v 0.1969473545 -0.2767700398 -0.0979276066
v 0.1640215937 -0.2986563609 -0.05921251192
v 0.1969739943 -0.2749907424 -0.09678347069
v 0.7799343762 0.1058936368 0.5187976839
v 0.5602517226 -0.05187706233 0.7692706988
v 0.7691229405 -0.6161388557 0.05451352228
v 0.7142022771 -0.6555815488 0.1171317793
v 0.1528462805 -0.3500037921 -0.101357353
v 0.1857986811 -0.3263381867 -0.1389283052
v 0.2042924434 -0.351036196 -0.05688570237
v 0.2372448441 -0.3273705645 -0.09445666766
v 0.1297931561 -0.2093672378 -0.03299088293
v 0.1627455567 -0.1857016324 -0.07056184496
v -0.5757793718 0.6440869231 -0.331256508
v -0.7954620254 0.4863162027 -0.08078349302
v -0.5859825533 -0.03732634567 -0.7694215622
v -0.6409032167 -0.07676902087 -0.7068032693
v 0.2033983657 -0.2554672637 0.002528130091
v 0.2363507793 -0.2318016452 -0.03504283072
v 0.1448504729 -0.2577414329 -0.05025501268
v 0.1778028866 -0.2340758274 -0.08782597471
v -0.07614902537 -0.2768499984 -0.2561236052
v -0.04319662146 -0.2531843929 -0.2936945444
v 0.4825252337 -0.4480222311 0.1260536011
v 0.5154776213 -0.4243565996 0.08848263584
v 0.4357507715 -0.458302749 0.07855347134
v 0.4687032113 -0.4346371436 0.04098250931
v 0.4487145272 -0.2900811829 0.1958848405
v 0.4816669149 -0.2664155644 0.1583138753
v 0.1478465394 -0.2511409152 -0.043469647
v 0.1807989401 -0.2274753097 -0.08104060903
v 0.1288848452 -0.2624112811 -0.06719950047
v 0.1618372458 -0.2387456757 -0.1047704592
v -0.158878856 -0.05858510199 -0.1912004461
v -0.1259264553 -0.03491949272 -0.2287713983
v 0.3922621655 -0.4884612692 0.02141425854
v 0.4252145531 -0.4647956637 -0.01615670187
v 0.1431463072 -0.259551336 -0.05288973589
v 0.1760987078 -0.2358857305 -0.09046069466
v -0.1203000262 -0.1475937677 -0.2134298234
v -0.08734761904 -0.1239281557 -0.2510007757
v 0.1520761001 -0.3429214877 -0.09757177845
v 0.1850285007 -0.3192558822 -0.1351427372
v 0.4516630674 -0.3401371177 0.1669411457
v 0.484615455 -0.3164715123 0.1293701804
v 0.1489855548 -0.3685757648 -0.1164418053
v 0.1819379555 -0.3449101594 -0.1540127576
v -0.1290716892 -0.1300600566 -0.210078868
v -0.09611928857 -0.1063944478 -0.2476498203
v 0.4071969026 -0.3210025517 0.1399938458
v 0.4401492902 -0.2973369201 0.1024228936
v 0.4448867948 -0.4948263858 0.06356047104
v 0.4778391824 -0.4711607804 0.0259895139
v 0.3416468206 -0.3352149087 0.07354952295
v 0.3745992082 -0.3115493032 0.03597856418
v 0.8060729188 -0.5644723728 0.1194655293
v 0.7511522554 -0.603915066 0.182083783
v 0.5916129223 -0.3734522087 0.5942194239
v 0.7228422413 -0.3175443064 0.4190155375
v 0.5910326387 -0.4122067282 0.5692993203
v 0.7550982885 -0.3403841557 0.3515404479
v 0.7545195182 -0.3790367081 0.3266859394
v 0.8148933867 0.02459666846 0.4982509986
v 0.5952107853 -0.1331740389 0.7487240136
v 0.392742178 -0.3342399069 0.118977924
v 0.4256945656 -0.3105743015 0.08140697179
v -0.05006326338 -0.09026022088 -0.1157133067
v -0.01711085946 -0.06659460973 -0.153284259
v -0.259228488 -0.2406147291 -0.3938730527
v -0.2262761004 -0.2169491237 -0.4314439919
v 0.1266794543 -0.2620782442 -0.06892400482
v 0.159631868 -0.2384126388 -0.1064949701
v 0.134731242 -0.3760671379 -0.1336625965
v 0.1676836557 -0.3524015325 -0.1712335487
v -0.2893905566 -0.1801407982 -0.382235313
v -0.256438143 -0.1564751928 -0.4198062783
v 0.1181539552 -0.373218321 -0.1464076108
v 0.1511063689 -0.3495527155 -0.1839785761
v -0.1277682949 -0.1346925477 -0.2118536645
v -0.09481589428 -0.1110269358 -0.2494246167
v 0.4463128209 -0.4785420457 0.07506858628
v 0.4792652607 -0.4548764142 0.03749763077
v 0.1463069483 -0.371839208 -0.1208467426
v 0.179259362 -0.3481736026 -0.1584177079
v -0.1806011244 -0.09134817769 -0.2308895901
v -0.1476487238 -0.06768256654 -0.2684605294
v 0.141861986 -0.2206407087 -0.0295067154
v 0.1748143867 -0.1969751032 -0.06707767743
v -0.07761329573 -0.2805168874 -0.2597176066
v -0.04466089182 -0.2568512819 -0.2972885718
v 0.4635199008 -0.2993469089 0.2030338359
v 0.4964723405 -0.2756813034 0.1654628706
v -0.3319200248 -0.2379040687 -0.4559212378
v -0.2989676111 -0.2142384502 -0.4934922031
v 0.1373884271 -0.2622886492 -0.05966401903
v 0.1703408277 -0.2386230438 -0.0972349778
v 0.4956288419 -0.4767492197 0.1194514788
v 0.5285812295 -0.4530836143 0.08188052003
v -0.1572765139 -0.1705952106 -0.260349239
v -0.1243241132 -0.1469296052 -0.2979202043
v -0.08398759672 -0.2861932042 -0.268883792
v -0.05103519607 -0.2625275988 -0.3064547312
v 0.1515155289 -0.3626173425 -0.1104696847
v 0.1844679295 -0.338951737 -0.14804065
v 0.4465244262 -0.4797270611 0.07450772153
v 0.4794768138 -0.4560614295 0.03693676276
v -0.590562515 0.6113655009 -0.3648333267
v -0.8102451686 0.4535947805 -0.1143603117
v -0.5996105564 0.007102029904 -0.7533891914
v -0.6545311676 -0.0323406453 -0.6907709507
v 0.1871123687 -0.3198237983 -0.05229346118
v 0.2200647693 -0.2961581929 -0.08986442321
v -0.06323832752 -0.2039338104 -0.1988707443
v -0.03028592361 -0.1802682049 -0.2364417096
v 0.4802518473 -0.4446623001 0.1261760504
v 0.5132042349 -0.4209966947 0.0886050916
v 0.1525083383 -0.3574285265 -0.1063305325
v 0.185460739 -0.3337629211 -0.1439014978
v -0.1079688553 -0.2839198961 -0.2884851159
v -0.07501645469 -0.2602542776 -0.3260560812
v -0.07527626468 -0.2670569813 -0.249189581
v -0.04232386077 -0.2433913759 -0.2867605463
v -0.128496063 -0.1324384237 -0.211072108
v -0.09554365581 -0.1087728117 -0.2486430603
v 0.1922928222 -0.2920854575 -0.03027769162
v 0.2252452359 -0.2684198521 -0.06784865365
v 0.1307897489 -0.2626033566 -0.06564975307
v 0.1637421495 -0.2389377511 -0.1032207118
v 0.3439123011 -0.5047954187 -0.03128072259
v 0.3768647148 -0.4811298133 -0.06885168462
v 0.4053271317 -0.3670622786 0.1093413018
v 0.4382795454 -0.3433966732 0.07177034304
v -0.09811573565 -0.1096179117 -0.1700519775
v -0.06516332848 -0.08595230139 -0.2076229297
v -0.3140136562 -0.195345743 -0.4134089903
v -0.2810612686 -0.1716801375 -0.4509799556
v 0.7861248859 -0.608625748 0.07415785538
v 0.7312042225 -0.6480684412 0.1367761156
v 0.7965041877 0.08454711774 0.5198846198
v 0.5768215341 -0.07322359284 0.7703576348
v -0.06387083408 -0.3378612265 -0.2837851576
v -0.03091843343 -0.3141955949 -0.3213561229
v 0.4388541932 -0.4625029432 0.07862973141
v 0.4718066329 -0.4388373117 0.04105877264
v -0.1791234885 -0.08439983718 -0.2252169001
v -0.1461710878 -0.06073422663 -0.2627878654
v -0.4291265363 -0.1464097569 -0.4835468616
v -0.3961741487 -0.1227441514 -0.5211177748
v -0.5508944923 0.6561546833 -0.3018293174
v -0.7705770937 0.4983839629 -0.05135630897
v -0.5617620255 -0.06962817031 -0.7685250448
v -0.6166826889 -0.1090708463 -0.7059068041
v -0.3831495206 -0.1308403932 -0.4334147124
v -0.3501971069 -0.1071747845 -0.4709856516
v -0.1172754673 -0.1061335192 -0.1846616357
v -0.08432306016 -0.08246790882 -0.2222325879
v 0.117856599 -0.2022525272 -0.03897859995
v 0.1508089996 -0.1785869218 -0.07654956198
v 0.1536841433 -0.4291590468 -0.1504816638
v 0.1866365439 -0.4054934153 -0.1880526291
v 0.1054008654 -0.1965386903 -0.04630406449
v 0.138353266 -0.1728730718 -0.08387502326
v -0.121642741 -0.145783682 -0.2134673175
v -0.08869033381 -0.1221180765 -0.2510382697
v -0.2545838445 0.2949751344 0.27308109
v -0.2593422486 -0.02281211036 0.06873628671
v -0.2599225584 -0.06156664457 0.04381619296
v 0.1898509344 -0.4221386845 -0.1143387598
v 0.222803322 -0.3984730791 -0.1519097251
v 0.3874802526 -0.4108519068 0.0661056371
v 0.4204326402 -0.3871862753 0.02853467833
v -0.1545450322 -0.174117107 -0.2601719446
v -0.1215926315 -0.150451495 -0.2977429099
v -0.1135352209 -0.1058540424 -0.1812051256
v -0.08058281377 -0.08218843206 -0.2187760909
v -0.3665641845 -0.168839409 -0.4428034356
v -0.3336117708 -0.1451738036 -0.4803744009
v 0.103014749 -0.1497017968 -0.0188947245
v 0.1359671496 -0.1260361848 -0.05646568816
v -0.02169873842 -0.1130970696 -0.1052203291
v 0.01125366305 -0.08943145764 -0.1427912879
v 0.4911334179 -0.4639611407 0.1235637825
v 0.5240858056 -0.4402955353 0.0859928172
v 0.1528582436 -0.3519798614 -0.1025915777
v 0.1858106443 -0.328314256 -0.140162543
v 0.1442946113 -0.3256282003 -0.09350381792
v 0.1772470119 -0.3019625948 -0.1310747767
v 0.3983012901 -0.3577428816 0.1090493662
v 0.4312537038 -0.3340772501 0.0714784074
v 0.3404635273 -0.3202317972 0.08194941566
v 0.3734159149 -0.2965661918 0.04437845689
v -0.03771926181 -0.3276508175 -0.2544169347
v -0.004766860553 -0.3039852121 -0.2919879
v 0.3621055761 -0.3819988683 0.06202452626
v 0.3950579898 -0.3583332367 0.02445356423
v 0.3942304334 -0.3292193315 0.1234456515
v 0.4271828471 -0.305553726 0.08587468617
v 0.2046380827 -0.4020156011 -0.08869403233
v 0.2375904833 -0.3783499957 -0.1262649976
v -0.2905450706 -0.2472378554 -0.4255117398
v -0.2575926569 -0.2235722369 -0.463082679
v 0.1909026463 -0.2933865818 -0.03231654454
v 0.2238550339 -0.2697209633 -0.06988750658
v 0.171657268 -0.3057759507 -0.0570000566
v 0.2046096686 -0.2821103452 -0.09457101537
v 0.3974458414 -0.3563405208 0.1091823957
v 0.4303982551 -0.3326749154 0.07161143691
v 0.4105062936 -0.372603022 0.1103937443
v 0.4434586812 -0.3489374166 0.07282278553
v -0.1282327828 -0.1149777894 -0.199842902
v -0.09528038212 -0.09131218067 -0.2374138673
v 0.1363138456 -0.2145605937 -0.03054302331
v 0.1692662463 -0.1908949883 -0.06811398208
v -0.1651809346 -0.158925417 -0.259931273
v -0.132228534 -0.1352598115 -0.2975022383
v 0.400734385 -0.3225634729 0.1333425533
v 0.4336867986 -0.2988978675 0.09577159457
v 0.1980123081 -0.3353870369 -0.05253658215
v 0.2309647087 -0.3117214314 -0.09010754092
v -0.1529317836 -0.05625328366 -0.1845156516
v -0.119979383 -0.03258767353 -0.2220866038
v 0.1455374463 -0.3725026465 -0.1219395493
v 0.1784898469 -0.3488370411 -0.1595105146
v -0.3584806298 -0.1763783607 -0.4404623146
v -0.3255282422 -0.1527127487 -0.4780332799
v -0.1813036486 -0.1129782537 -0.2451303352
v -0.1483512479 -0.08931264496 -0.2827013004
v -0.07544254178 -0.2732086794 -0.2532103152
v -0.04249013787 -0.2495430609 -0.2907812805
v 0.4881783548 -0.4577061319 0.1249119505
v 0.5211307424 -0.4340405264 0.08734099822
v 0.4978404949 -0.4870620133 0.114895339
v 0.5307928825 -0.4633964078 0.07732438023
v -0.1161281025 -0.1059715537 -0.1835532913
v -0.0831757019 -0.08230594341 -0.2211242566
v -0.07854737236 -0.2819908444 -0.2614652936
v -0.04559497171 -0.2583252389 -0.2990362588
v -0.05693399519 -0.2107437024 -0.1976308838
v -0.02398159128 -0.1870780839 -0.235201849
v 0.4101879204 -0.4320826953 0.07264879176
v 0.443140308 -0.4084170899 0.03507782973
v -0.3850974107 -0.2075637533 -0.4834505304
v -0.3521450231 -0.1838981479 -0.5210214957
v -0.1296909672 -0.1232877564 -0.2063562076
v -0.09673856654 -0.09962214768 -0.2439271859
v 0.4430163715 -0.4977832232 0.06005751083
v 0.4759688113 -0.4741176439 0.02248654717
v -0.311580196 -0.2442667849 -0.4420896137
v -0.2786278084 -0.2206011795 -0.4796605789
v 0.4955497835 -0.5254890013 0.08868142343
v 0.5285022233 -0.5018233959 0.05111046139
v 0.3925749029 -0.335460903 0.1180621117
v 0.4255272905 -0.3117952976 0.08049115296
v -0.2877538124 -0.175429229 -0.3778320195
v -0.2548014248 -0.1517636236 -0.4154029587
v 0.4708174372 -0.5504692206 0.05125456364
v 0.5037698248 -0.5268036151 0.01368360487
v -0.3019809896 -0.1938251989 -0.401897718
v -0.269028602 -0.1701595935 -0.4394686833
v -0.03964807219 -0.3292331863 -0.2571053648
v -0.006695669504 -0.3055675808 -0.2946763301
v 0.1488146268 -0.2427828608 -0.03735589963
v 0.1817670405 -0.2191172554 -0.07492686166
v -0.3651744782 -0.1703237636 -0.4425195558
v -0.3322220906 -0.1466581582 -0.4800905211
v 0.3967039707 -0.3550359524 0.1093534606
v 0.4296563843 -0.3313703469 0.07178250186
v -0.1288706643 -0.1169130053 -0.2016213514
v -0.09591827013 -0.09324739334 -0.2391923167
v 0.3664942582 -0.2722916538 0.1349772755
v 0.3994466458 -0.2486260483 0.09740631672
v -0.2352517367 -0.2078168707 -0.3521846306
v -0.2022993361 -0.1841512653 -0.3897555959
v 0.2024749476 -0.3454590284 -0.05496678734
v 0.2354273352 -0.3217934229 -0.09253774611
v -0.1633343333 -0.06112997762 -0.1967112098
v -0.1303819326 -0.03746436688 -0.2342821621
v -0.04786870709 -0.2214527405 -0.1964255167
v -0.01491630481 -0.197787135 -0.233996482
v 0.207798763 -0.3845213279 -0.07490241356
v 0.2407511766 -0.3608557224 -0.1124733723
v -0.1296869099 -0.1230645664 -0.2062120629
v -0.09673450273 -0.09939895439 -0.2437830282
v -0.5658693065 0.651331232 -0.3180015668
v -0.7855519601 0.4935605117 -0.06752853877
v -0.5764096475 -0.05259866413 -0.770645324
v -0.6313303109 -0.09204134137 -0.7080270833
v 0.1443118058 -0.2583960523 -0.05113979846
v 0.1772642195 -0.2347304338 -0.08871075723
v -0.2911572646 -0.1838282868 -0.3861075582
v -0.2582048509 -0.1601626748 -0.4236785235
v 0.3429637305 -0.341763921 0.07057937871
v 0.3759161181 -0.3180983155 0.03300841668
v 0.354585215 -0.3700984615 0.06292456602
v 0.3875376026 -0.346432856 0.02535360888
v 0.2030214813 -0.247876898 0.006978680492
v 0.235973882 -0.2242112925 -0.03059227828
v -0.1103964709 -0.3291578068 -0.3191092458
v -0.07744407026 -0.3054921753 -0.3566802111
v 0.1453617174 -0.25702962 -0.04935825398
v 0.178314118 -0.2333640015 -0.08692921601
v -0.09722247327 -0.2869102355 -0.2809433593
v -0.06427007262 -0.26324463 -0.3185143246
v -0.2885527982 -0.1779341418 -0.3801105982
v -0.2556004106 -0.1542685299 -0.4176815635
v -0.05416101106 -0.3362219252 -0.2742363867
v -0.02120860878 -0.3125563198 -0.311807352
v 0.1488039422 -0.2410071903 -0.03624678881
v 0.1817563429 -0.2173415718 -0.07381774758
v 0.4989276918 -0.4985547604 0.1086097504
v 0.5318801316 -0.4748891289 0.07103879167
v 0.7949486935 -0.5999820788 0.08734155267
v 0.7400280301 -0.6394247719 0.1499597999
v 0.8049625001 0.06878222801 0.5173730145
v 0.5852798465 -0.08898847605 0.7678460295
v -0.08515562629 -0.33645897 -0.3015701728
v -0.05220322564 -0.3127933646 -0.3391411381
v -0.3047757702 -0.1947058263 -0.4049036342
v -0.2718233826 -0.1710402078 -0.4424745734
v 0.3499959907 -0.2845699495 0.1127731421
v 0.3829484043 -0.260904331 0.07520218981
v -0.3007136543 -0.1932762516 -0.4004403815
v -0.2677612667 -0.1696106331 -0.4380113468
v -0.1030775391 -0.3317501927 -0.3143229495
v -0.07012513847 -0.3080845872 -0.3518939148
v 0.424714476 -0.3250555876 0.1528050423
v 0.4576669157 -0.3013899822 0.115234077
v 0.1467345292 -0.2544877742 -0.04655311485
v 0.1796869298 -0.2308221687 -0.08412407688
v -0.1149391212 -0.1539643506 -0.2127407105
v -0.08198672054 -0.1302987452 -0.2503116627
v 0.1389372417 -0.3195365266 -0.09436552217
v 0.1718896423 -0.2958709212 -0.1319364744
v 0.4411676045 -0.4660656865 0.0784146103
v 0.4741199921 -0.4424000811 0.04084364827
v 0.3966018731 -0.2702917626 0.1626435113
v 0.4295542607 -0.2466261571 0.1250725461
v 0.1241000491 -0.2615620423 -0.07086117765
v 0.1570524498 -0.2378964368 -0.1084321364
v 0.4921591423 -0.5331058503 0.08090981691
v 0.5251115299 -0.5094402449 0.04333885488
v 0.4454163558 -0.4750842962 0.07646032771
v 0.4783687955 -0.4514186908 0.03888936894
v -0.2429056884 -0.2251644815 -0.3698247836
v -0.2099532878 -0.201498863 -0.4073957489
v -0.07646362182 -0.2778737006 -0.2570443358
v -0.0435112179 -0.2542080821 -0.2946153011
v 0.3524345648 -0.3661349207 0.06353490751
v 0.3853869785 -0.3424693152 0.02596394548
v -0.2332857911 -0.1987956388 -0.3447779779
v -0.2003333904 -0.1751300203 -0.3823489171
v 0.4018113277 -0.3220885222 0.1345862624
v 0.4347637414 -0.2984229168 0.09701531018
v -0.4097155006 -0.1817539946 -0.4887849652
v -0.3767630869 -0.1580883761 -0.5263559305
v -0.5932448657 -0.02122072357 -0.7656463265
v -0.6481655291 -0.06066339897 -0.7030280858
v -0.5834319667 0.6341270745 -0.3442419983
v -0.8031146203 0.4763564063 -0.09376897675
v -0.177404633 -0.1327845326 -0.2541864128
v -0.1444522324 -0.1091189239 -0.2917573781
v 0.1918579487 -0.4206934808 -0.1116681505
v 0.2248103623 -0.3970278754 -0.1492391027
v -0.5986576805 -0.0008610454268 -0.7575693732
v -0.6535783439 -0.04030372063 -0.6949510803
v -0.5893843618 0.6184504928 -0.3593372266
v -0.8090670154 0.4606798246 -0.108864192
v -0.2970959354 -0.1910313054 -0.3958533228
v -0.2641435478 -0.1673656999 -0.4334242881
v -0.1193377051 -0.1066322069 -0.1867844849
v -0.08638530446 -0.08296659496 -0.2243554502
v -0.3811238506 -0.140915594 -0.4379843156
v -0.3481714369 -0.1172499821 -0.4755552809
v -0.342503052 -0.1863752076 -0.4327457424
v -0.3095506644 -0.1627095956 -0.4703167077
v -0.1266227435 -0.1374592013 -0.2125916345
v -0.09367034289 -0.1137935926 -0.2501625998
v -0.434849662 0.07192776194 -0.3510375789
v -0.4018972483 0.09559338043 -0.3886085181
v -0.4373798187 -0.09704622581 -0.4596918813
v -0.404427405 -0.07338061547 -0.4972628465
v 0.3719338955 -0.2706253474 0.1407978283
v 0.4048862831 -0.2469597289 0.103226863
v -0.5885330356 0.6218345066 -0.356458978
v -0.8082156892 0.4640637862 -0.1059859565
v -0.5979175058 -0.004900856068 -0.7594647924
v -0.6528381692 -0.0443435329 -0.6968465517
v -0.1187227845 -0.1495929349 -0.2133057304
v -0.08577037731 -0.1259273229 -0.2508766826
v -0.3517264309 -0.18118707 -0.4375673411
v -0.3187740172 -0.1575214515 -0.4751382803
v 0.1729839623 -0.4286703457 -0.1332465221
v 0.205936376 -0.4050047403 -0.1708174874
v 0.1148141019 -0.4184243213 -0.1778117578
v 0.1477665026 -0.3947587159 -0.2153827101
v 0.446865395 -0.485280746 0.07130856877
v 0.4798177826 -0.4616151406 0.03373760674
v 0.1880032893 -0.2071741622 0.01944493724
v 0.2209556769 -0.1835085568 -0.01812602316
v 0.3795346719 -0.5293213782 -0.01548605222
v 0.4124870856 -0.5056557727 -0.053057011
v 0.4103531864 -0.497582994 0.03153570233
v 0.443305574 -0.4739173625 -0.006035257668
v 0.3929557923 -0.3331028484 0.1198815123
v 0.425908206 -0.3094372169 0.08231055352
v -0.1296257375 -0.1216505098 -0.2052677061
v -0.09667333682 -0.09798489787 -0.2428386583
v 0.1926461194 -0.2917262766 -0.02974158155
v 0.2255985201 -0.2680606711 -0.06731254358
v 0.4075504216 -0.4963840978 0.02983263246
v 0.4405028353 -0.4727184923 -0.007738327126
v -0.1506589321 -0.3094522719 -0.3420099675
v -0.1177065314 -0.2857866665 -0.3795809328
v -0.1183417907 -0.1063551991 -0.1857365042
v -0.08538938353 -0.08268958715 -0.2233074695
v 0.2012386355 -0.2754200845 -0.01193421049
v 0.2341910492 -0.251754479 -0.04950517089
v -0.5378624802 -0.08784067097 -0.7590353199
v -0.5927831436 -0.1272833445 -0.6964170792
v -0.526745926 0.6545687138 -0.2816483361
v -0.7464285796 0.4967979934 -0.0311753244
v -0.1158144519 -0.05721737616 -0.1525683758
v -0.08286205128 -0.03355176562 -0.1901393411
v 0.2912957865 -0.3225716658 0.03735194344
v 0.3242481741 -0.2989060603 -0.0002190169836
v 0.176577481 -0.1938035687 0.01784571309
v 0.2095298816 -0.1701379633 -0.01972524568
v 0.399853888 -0.3230339358 0.1322739469
v 0.4328063017 -0.2993683303 0.09470298815
v 0.1486079008 -0.2465831055 -0.03993095721
v 0.1815603014 -0.2229175001 -0.07750191598
v 0.1487507539 -0.2446820243 -0.03860819621
v 0.1817031545 -0.2210164188 -0.07617915498
v -0.3733988247 -0.1596769874 -0.4430265734
v -0.340446411 -0.1360113819 -0.4805975387
v -0.1374200244 -0.05412468381 -0.1695699428
v -0.1044676172 -0.03045907266 -0.2071409081
v 0.3356616019 -0.4451496184 -0.0009468254719
v 0.3686140155 -0.4214840129 -0.03851778455
v 0.3348881078 -0.4968060558 -0.03416315568
v 0.3678405215 -0.4731404504 -0.07173411445
v 0.2070379365 -0.3642003375 -0.06276970412
v 0.2399903371 -0.340534732 -0.1003406629
v 0.3449049671 -0.293732195 0.1025367325
v 0.3778573808 -0.2700665896 0.06496577373
v 0.4268267188 -0.5023303613 0.0429938092
v 0.4597791064 -0.478664782 0.005422850018
v 0.1403342406 -0.2187144096 -0.02963329368
v 0.1732866413 -0.1950487911 -0.06720425571
v 0.3859609479 -0.48460721 0.01831528885
v 0.4189133355 -0.4609416045 -0.01925567156
v -0.5338902508 0.6560194751 -0.2870005917
v -0.7535729044 0.4982487547 -0.03652758321
v -0.5449623967 -0.08342206152 -0.7624791885
v -0.5998830601 -0.1228647351 -0.6998609478
v 0.350437335 -0.3621440095 0.06429703206
v 0.3833897487 -0.3384784041 0.02672607003
v 0.4860301051 -0.4537372683 0.1255277713
v 0.5189824927 -0.4300716629 0.08795681249
v -0.07632511302 -0.26109942 -0.2463568888
v -0.0433727091 -0.2374338015 -0.2839278541
v -0.151320492 -0.1780160182 -0.2597996656
v -0.1183680913 -0.1543504062 -0.2973706308
v 0.4984627343 -0.5119287328 0.09977779559
v 0.5314151219 -0.4882631013 0.06220683682
v -0.07705325288 -0.2588186366 -0.2455588684
v -0.04410084897 -0.2351530311 -0.2831298337
v 0.4496701166 -0.3387718074 0.1660531735
v 0.4826225042 -0.3151062019 0.1284822082
v 0.4389999425 -0.3996616691 0.1183406818
v 0.4719523301 -0.3759960636 0.08076972303
v 0.2064827924 -0.3605908115 -0.06098298366
v 0.23943518 -0.336925206 -0.09855394895
v -0.384341633 -0.1166087869 -0.4254959281
v -0.3513892193 -0.09294317495 -0.4630668673
v -0.3700499305 -0.2186501453 -0.4772360161
v -0.3370975169 -0.1949845268 -0.5148069814
v -0.3777662157 -0.1509911145 -0.4413859154
v -0.3448138281 -0.1273255025 -0.4789568807
v 0.2079548577 -0.3768486683 -0.06993256075
v 0.2409072583 -0.3531830629 -0.1075035195
v -0.04172491165 -0.3307103787 -0.2598573808
v -0.008772510183 -0.3070447732 -0.2974283461
v 0.1471653193 -0.2309708533 -0.03136217821
v 0.18011772 -0.2073052348 -0.06893313698
v -0.1783102825 -0.1297522375 -0.2530707236
v -0.1453578819 -0.1060866255 -0.2906416889
v -0.1472273267 -0.0549015837 -0.1786609967
v -0.114274913 -0.031235975 -0.216231962
v 0.4826409251 -0.3644562206 0.1787925259
v 0.5155933127 -0.3407906152 0.1412215606
v 0.1463039608 -0.2554103964 -0.04751191028
v 0.1792563614 -0.231744791 -0.08508286905
v -0.02869062793 -0.3156236041 -0.2389223439
v 0.004261775167 -0.2919579726 -0.2764933092
v 0.4989821195 -0.5027513279 0.1060140966
v 0.5319345593 -0.4790857224 0.0684431378
v 0.4924256449 -0.4671021347 0.1227187053
v 0.5253780847 -0.4434365292 0.08514774654
v -0.2450843091 -0.228257662 -0.3736839568
v -0.2121318954 -0.2045920435 -0.4112549221
v 0.1190020199 -0.1566824798 -0.009269819982
v 0.1519544205 -0.1330168678 -0.0468407812
v 0.4100248722 -0.3210451597 0.1424473315
v 0.4429772859 -0.2973795543 0.1048763662
v -0.2995196633 -0.1926571563 -0.3990032141
v -0.2665672496 -0.1689915509 -0.4365741533
v -0.08798611369 -0.06743976682 -0.1345999476
v -0.05503370978 -0.0437741573 -0.1721708999
v 0.4462119497 -0.4908666023 0.06721695594
v 0.4791643373 -0.4672009968 0.02964599717
v 0.484432603 -0.4510350356 0.1258287543
v 0.5173849906 -0.4273694302 0.08825778897
v -0.06752682975 -0.3380447829 -0.2871073597
v -0.03457442584 -0.3143791775 -0.324678325
v 0.4508024525 -0.4108909403 0.1216191017
v 0.4837548401 -0.3872253348 0.08404814296
v 0.1313096298 -0.3759905843 -0.1366153635
v 0.1642620304 -0.3523249789 -0.1741863288
v 0.3409577859 -0.3104959475 0.08851543987
v 0.3739101735 -0.2868303421 0.05094447783
v -0.02741318202 -0.2583543705 -0.2017285629
v 0.005539221072 -0.234688752 -0.2392995282
v 0.3422532483 -0.3385487217 0.07198146557
v 0.3752056359 -0.3148830902 0.03441050354
v 0.1975132354 -0.2850404384 -0.02126142692
v 0.2304656491 -0.261374833 -0.05883238569
v -0.07521223519 -0.2683414068 -0.2499424625
v -0.04225983128 -0.2446757883 -0.2875134278
v 0.1129464444 -0.2581982627 -0.07852487463
v 0.145898845 -0.2345326573 -0.1160958269
v -0.4117296641 -0.1789946728 -0.4888134575
v -0.3787772504 -0.1553290608 -0.5263844228
v -0.08086564334 -0.2844029092 -0.2650179132
v -0.04791324269 -0.2607372907 -0.3025888785
v 0.1669952081 -0.2992634148 -0.05698682149
v 0.1999476218 -0.2755977964 -0.09455778026
v 0.4288276015 -0.4503012534 0.0775214001
v 0.4617799891 -0.4266356479 0.03995044132
v 0.1992762384 -0.3378901102 -0.05300467719
v 0.2322286521 -0.3142245048 -0.09057563596
v 0.4341435372 -0.3294863559 0.1582840783
v 0.4670959509 -0.3058207504 0.1207131261
v 0.1695864981 -0.4291745715 -0.13654395
v 0.2025388988 -0.40550894 -0.1741149153
v 0.4315212239 -0.5504418241 0.01680627415
v 0.4644736115 -0.5267762186 -0.02076468625
v 0.4616414412 -0.5526154873 0.04185469923
v 0.494593881 -0.5289498297 0.004283738016
v -0.09942270453 -0.2864735616 -0.2825980809
v -0.06647030388 -0.2628079692 -0.3201690462
v -0.3309101643 -0.1913534489 -0.4257137171
v -0.2979577506 -0.1676878369 -0.4632846824
v -0.1032268761 -0.1077428082 -0.1733536974
v -0.07027446888 -0.08407719954 -0.2109246627
v -0.07530109112 -0.2717566396 -0.2521716231
v -0.04234869047 -0.2480910211 -0.2897425884
v 0.3779371437 -0.2695947177 0.1467122858
v 0.4108895313 -0.2459291123 0.1091413205
v -0.275122937 -0.2461763721 -0.4113168121
v -0.2421705494 -0.2225107536 -0.4488878035
v -0.175242659 -0.1388215763 -0.2560928951
v -0.1422902583 -0.1151559644 -0.2936638604
v 0.3924010527 -0.3397949748 0.1151796493
v 0.4253534663 -0.3161293693 0.07760869051
v -0.1252979408 -0.1103061147 -0.1943262023
v -0.0923455402 -0.08664050598 -0.2318971546
v -0.1626801965 -0.1628873792 -0.2602335476
v -0.1297277959 -0.1392217672 -0.2978045129
v 0.1853592024 -0.4247153892 -0.1199013813
v 0.218311603 -0.4010497837 -0.1574723335
v 0.4389722851 -0.500931262 0.05452764452
v 0.4719247248 -0.4772656565 0.01695668412
v -0.4367395498 -0.1130687208 -0.4692227791
v -0.4037871622 -0.08940311207 -0.5067937444
v 0.1483713517 -0.3694925556 -0.1175579903
v 0.1813237524 -0.3458269501 -0.1551289426
v -0.02560497326 -0.2649632898 -0.2043055415
v 0.007347429025 -0.2412976843 -0.2418764938
v 0.4313788405 -0.4530792308 0.0780092206
v 0.4643312542 -0.4294136254 0.04043825857
v 0.1215405782 -0.3742174055 -0.1440666203
v 0.1544929788 -0.3505518001 -0.1816375856
v 0.4418605529 -0.4989871552 0.05828542139
v 0.4748129405 -0.4753215237 0.02071445773
v -0.1653327503 -0.06256364077 -0.199367012
v -0.1323803497 -0.03889803145 -0.2369379773
v -0.1269690481 -0.1124603166 -0.1971487969
v -0.09401665402 -0.08879470789 -0.2347197492
v 0.1253547038 -0.4224393936 -0.1710959531
v 0.1583071044 -0.3987737881 -0.2086669184
v -0.59166281 -0.02529175642 -0.7668230186
v -0.6465834734 -0.06473443121 -0.7042047779
v -0.5817481526 0.6368523725 -0.3410485335
v -0.801430754 0.4790816521 -0.09057551854
v -0.1227925714 -0.1441325089 -0.2134357463
v -0.08984016428 -0.1204668969 -0.2510066985
v -0.2789902509 0.2104965861 -0.2084338526
v -0.443752215 0.09216857195 -0.02057908648
v -0.2759727238 0.4120202234 -0.07884935338
v -0.4407346879 0.2936921701 0.1090054144
v 0.3129785648 -0.03342694038 0.1571196364
v 0.1482165746 -0.1517549676 0.3449743976
v 0.3159960919 0.1680966642 0.2867041356
v 0.1512341017 0.04976863701 0.4745588838
v 0.1799217568 -0.2990775362 -0.04553224355
v 0.2128741575 -0.2754119308 -0.08310320558
v 0.4167179378 -0.3222401683 0.1475648905
v 0.4496703254 -0.2985745628 0.1099939383
v -0.0802075015 -0.3372620784 -0.2977362043
v -0.04725509759 -0.313596473 -0.3353071696
v -0.1337211206 -0.05424301053 -0.1664002739
v -0.1007687199 -0.03057739938 -0.2039712392
v 0.3638145689 -0.2734222937 0.1319148312
v 0.3967669826 -0.2497566752 0.09434387242
v -0.4036869172 -0.1892899196 -0.488244289
v -0.3707345035 -0.1656243141 -0.5258152543
v 0.4421011724 -0.4676615448 0.07822816417
v 0.47505356 -0.4439959393 0.04065720866
v -0.1239061342 -0.1090405373 -0.1923082947
v -0.09095372702 -0.08537492536 -0.22987926
v 0.4945238504 -0.5282192567 0.08606185634
v 0.527476238 -0.5045535991 0.04849090083
v -0.08466364412 -0.245369089 -0.2437619721
v -0.05171124021 -0.2217034836 -0.2813329374
v 0.420179027 -0.5009877248 0.03800904161
v 0.4531314146 -0.4773221194 0.0004380825328
v -0.093488365 -0.2873780109 -0.2779629349
v -0.06053596435 -0.2637124054 -0.3155339002
v 0.4263591261 -0.2791836179 0.1831418483
v 0.4593115398 -0.2555179994 0.1455708961
v 0.1526054132 -0.3464292814 -0.09931705195
v 0.1855578139 -0.3227636499 -0.1368880107
v 0.4989741354 -0.5034343092 0.1055768748
v 0.531926523 -0.4797687037 0.068005916
v 0.1939678302 -0.2902602776 -0.02765893665
v 0.2269202309 -0.2665946722 -0.06522989542
v 0.3608951473 -0.274930718 0.1284041543
v 0.393847561 -0.2512650995 0.09083318901
v 0.4582349884 -0.3448723783 0.169722476
v 0.491187376 -0.3212067729 0.1321515238
v 0.1964971389 -0.3326575642 -0.05214621486
v 0.2294495526 -0.3089919588 -0.08971717363
v 0.43978009 -0.5005021025 0.05550642634
v 0.4727324776 -0.4768365232 0.0179354692
v 0.1342773084 -0.3154050323 -0.09585020943
v 0.167229709 -0.2917394008 -0.1334211682
v 0.1475307362 -0.2322140928 -0.03182478742
v 0.1804831369 -0.2085484743 -0.0693957462
v -0.5708686171 -0.05973714522 -0.770281864
v -0.6257892805 -0.09917982165 -0.7076636233
v -0.5601837271 0.6538436724 -0.3114323333
v -0.7798663807 0.496072952 -0.06095932484
v -0.1799269361 -0.08770720116 -0.2280048447
v -0.1469745224 -0.06404159001 -0.26557581
v 0.4400930361 -0.4643516319 0.0785518145
v 0.4730454759 -0.4406860004 0.04098085573
v 0.4468789106 -0.4846824851 0.07169725313
v 0.4798312982 -0.4610168535 0.03412629436
v 0.1467637129 -0.3292760813 -0.09363600596
v 0.1797161136 -0.3056104759 -0.1312069582
v -0.1809313564 -0.1166145924 -0.2470942978
v -0.1479789558 -0.09294898365 -0.2846652631
v 0.1411239769 -0.219678805 -0.02954810692
v 0.1740763776 -0.1960131866 -0.06711906569
v 0.207797628 -0.3722790129 -0.0671920708
v 0.2407500286 -0.3486133814 -0.1047630296
v -0.02374271187 -0.2756049064 -0.2093752611
v 0.009209691221 -0.2519393009 -0.2469462264
v -0.08155728064 -0.2849077872 -0.2659425576
v -0.04860487673 -0.2612421818 -0.3035134968
v -0.1264610651 -0.1117059055 -0.1962280533
v -0.09350866449 -0.08804029676 -0.2337990186
v -0.3603561671 -0.1748367474 -0.441136216
v -0.3274037795 -0.1511711355 -0.4787071813
v -0.1210965073 -0.1073151948 -0.1887572928
v -0.08814410661 -0.08364958444 -0.2263282581
v -0.1072870677 -0.1066396236 -0.1762198916
v -0.07433466707 -0.08297401321 -0.2137908438
v -0.3787177087 -0.1485716983 -0.4406965154
v -0.3457653211 -0.1249060928 -0.4782674807
v 0.351516913 -0.2826658416 0.1153064689
v 0.3844693006 -0.2590002361 0.07773551015
v 0.4756954726 -0.5484776788 0.05678741422
v 0.5086478603 -0.5248120733 0.01921645545
v 0.4464295039 -0.5528978537 0.02833485359
v 0.4793818915 -0.5292322483 -0.009236106814
v -0.4256976967 -0.1547781567 -0.4858106984
v -0.3927453091 -0.1311125447 -0.5233816637
v 0.3531447339 -0.2808899231 0.1178528417
v 0.3860971476 -0.2572243047 0.08028188295
v 0.158071612 -0.4295035381 -0.1468505467
v 0.1910240127 -0.4058379326 -0.184421499
v -0.08895063303 -0.287348814 -0.2739646397
v -0.05599823238 -0.2636832086 -0.311535605
v 0.1471367487 -0.2534770526 -0.04556370058
v 0.1800891493 -0.2298114471 -0.08313465935
v 0.1248214768 -0.2061318434 -0.03531344602
v 0.1577738905 -0.182466238 -0.07288440805
v 0.429188922 -0.3270415458 0.1554785087
v 0.4621413096 -0.3033759403 0.1179075434
v -0.140885471 -0.0542049021 -0.1726599271
v -0.1079330768 -0.03053929217 -0.2102308794
v 0.4246175968 -0.2784757188 0.1820603134
v 0.4575700105 -0.2548101003 0.1444893481
v 0.3951936938 -0.3519986215 0.1099420415
v 0.4281461075 -0.3283330161 0.0723710762
v 0.4178705209 -0.2759252887 0.1777491242
v 0.4508229085 -0.2522596702 0.1401781589
v -0.2447696409 -0.2278393829 -0.373144507
v -0.2118172402 -0.2041737775 -0.4107154723
v 0.1275028099 -0.2078173926 -0.03402344666
v 0.1604552106 -0.1841517871 -0.07159440543
v 0.3406342726 -0.3144820056 0.08572092014
v 0.3735866602 -0.2908163741 0.0481499581
v 0.1485909932 -0.2378390608 -0.03443798156
v 0.1815434069 -0.2141734553 -0.07200894033
v 0.4114749811 -0.3211873866 0.1436296072
v 0.4444273687 -0.2975217812 0.106058642
v -0.2852060697 -0.1610878215 -0.3665639496
v -0.2522536821 -0.1374222096 -0.4041348888
v -0.09188697523 -0.287453286 -0.2766058174
v -0.05893457458 -0.2637876675 -0.3141767827
v -0.5849558374 0.6312556098 -0.3473872713
v -0.804638491 0.4734848894 -0.09691425629
v -0.5946646298 -0.01713634146 -0.7643188234
v -0.649585241 -0.05657901727 -0.7017005305
v -0.08485872667 -0.2865119428 -0.2698485918
v -0.05190632276 -0.2628463243 -0.3074195571
v -0.1294793359 -0.1274956542 -0.2088211084
v -0.09652693522 -0.1038300488 -0.2463920868
v 0.7702866388 0.1150279771 0.5160896066
v 0.5506039852 -0.04274273346 0.7665626216
v 0.7593216784 -0.6172591892 0.04521142419
v 0.704401015 -0.6567018824 0.1078296747
v -0.08048939828 -0.07110281464 -0.1303321102
v -0.04753699437 -0.04743720512 -0.1679030755
v -0.0248176309 -0.3041892506 -0.2283230614
v 0.008134771384 -0.2805236191 -0.2658940267
v -0.5342648782 -0.08979164641 -0.7571088513
v -0.5891855416 -0.12923432 -0.6944906106
v -0.5231343909 0.6535490949 -0.2791229803
v -0.7428170445 0.4957783745 -0.02864996209
v 0.436827636 -0.5017646891 0.05212164934
v 0.4697800236 -0.4780990576 0.01455068894
v -0.1165283261 -0.3267368969 -0.3229624179
v -0.0835759254 -0.3030712914 -0.3605333832
v 0.1517309566 -0.3413174105 -0.09686409463
v 0.1846833572 -0.317651805 -0.1344350599
v 0.7381747753 -0.6141064018 0.02864999144
v 0.6832541119 -0.6535490427 0.09126824519
v 0.7493052105 0.1292343591 0.5066358885
v 0.529622609 -0.02853634495 0.7571089035
v 0.141848053 -0.2605218369 -0.0546396994
v 0.1748004536 -0.2368562184 -0.09221065817
v 0.1939258614 -0.216828827 0.01855807388
v 0.2268782751 -0.1931632216 -0.01901288652
v -0.2930230957 -0.18675581 -0.3895880599
v -0.2600707081 -0.163090198 -0.4271590252
v -0.4004234479 -0.1929815176 -0.4877073179
v -0.3674710342 -0.1693159122 -0.5252782832
v -0.1735069482 -0.07148612653 -0.2121565652
v -0.1405545475 -0.04782051619 -0.2497275175
v 0.3379394239 -0.4996036022 -0.03324909153
v 0.3708918376 -0.4759380229 -0.0708200503
v 0.3548862893 -0.2792335578 0.1204236235
v 0.3878386769 -0.2555679523 0.0828526582
v 0.151086252 -0.3640309228 -0.1117365765
v 0.1840386527 -0.3403653174 -0.1493075418
v 0.4236873165 -0.4450528957 0.07631890967
v 0.4566397302 -0.4213872903 0.03874794764
v -0.5442813461 0.6567018824 -0.2956844424
v -0.7639639997 0.4989312142 -0.04521142092
v -0.5552463065 -0.0755852579 -0.7665626216
v -0.6101669699 -0.1150279315 -0.7039443287
v 0.1454442069 -0.226584363 -0.03010870749
v 0.1783966075 -0.2029187576 -0.06767966952
v 0.8097050143 0.05657902481 0.5138458084
v 0.5900223607 -0.101191676 0.7643188234
v 0.7999962219 -0.5918129167 0.09691428238
v 0.7450755585 -0.6312555576 0.1595325361
v -0.3620850157 -0.173317221 -0.4416954174
v -0.3291326281 -0.1496516155 -0.4792663827
v 0.1924002164 -0.3263833517 -0.05178743832
v 0.225352604 -0.3027177463 -0.08935839709
v 0.146768853 -0.2297862815 -0.03096376483
v 0.1797212537 -0.2061206761 -0.06853472686
v -0.3678661959 -0.167356209 -0.443011127
v -0.3349137822 -0.143690597 -0.4805820923
v -0.07962471956 -0.2832785052 -0.2632212778
v -0.04667231565 -0.2596128998 -0.3007922431
v 0.1251872982 -0.3090954392 -0.09984843938
v 0.1581397119 -0.2854298338 -0.1374193982
v 0.1374885417 -0.2156703732 -0.03021177046
v 0.1704409423 -0.1920047547 -0.06778273249
v 0.1481467136 -0.2497835629 -0.04235138772
v 0.1810991142 -0.2261179574 -0.07992234975
v -0.05721325344 -0.3369391652 -0.2773652219
v -0.02426085279 -0.3132735597 -0.3149361872
v -0.1252761019 -0.3229376828 -0.3282417466
v -0.09232370129 -0.2992720513 -0.3658127119
v -0.3564360171 -0.1779471747 -0.4396572233
v -0.3234836034 -0.1542815562 -0.4772281886
v 0.4701661836 -0.431633106 0.1255371643
v 0.5031185712 -0.4079675005 0.0879662121
v -0.1296098345 -0.1261193592 -0.2080686444
v -0.09665743381 -0.1024537472 -0.2456395967
v -0.07681329228 -0.2788207058 -0.2579475327
v -0.04386088837 -0.2551551003 -0.295518498
v 0.1185715037 -0.305434173 -0.1033447657
v 0.1515239044 -0.2817685676 -0.1409157245
v -0.1337915034 -0.3188449089 -0.3331323584
v -0.1008390963 -0.2951793034 -0.3707033237
v 0.478118209 -0.5472103435 0.05971063872
v 0.5110706488 -0.523544738 0.02213967669
v 0.1907936865 -0.3242431123 -0.05184836614
v 0.2237460741 -0.3005775068 -0.08941932818
v -0.2364845003 -0.2118035159 -0.3557769881
v -0.2035320866 -0.1881379104 -0.3933479534
v 0.4936032763 -0.4702706816 0.1217557189
v 0.5265556639 -0.4466050501 0.08418475357
v 0.1317676599 -0.2108011698 -0.0321623219
v 0.1647200605 -0.1871355644 -0.06973328393
v 0.1986013194 -0.4138088486 -0.1014171621
v 0.2315537331 -0.3901432431 -0.1389881209
v -0.1760520686 -0.07604828621 -0.2172624742
v -0.1430996679 -0.05238267669 -0.2548334395
v -0.09650484844 -0.3337704095 -0.3098307609
v -0.06355244126 -0.310104804 -0.3474017262
v 0.1896517228 -0.2095902843 0.01936883861
v 0.2226041365 -0.1859246789 -0.01820212016
v 0.1792659371 -0.4271303763 -0.1267667838
v 0.2122183378 -0.4034647708 -0.1643377361
v 0.4435870533 -0.4704975506 0.07774502064
v 0.4765394409 -0.4468319452 0.04017406187
v 0.1321110944 -0.4246350783 -0.1665531593
v 0.165063495 -0.4009694729 -0.2041241246
v 0.2051000918 -0.3540386681 -0.05806858474
v 0.2380524924 -0.3303730627 -0.09563955003
v 0.4931925899 -0.3220688489 0.2147465246
v 0.5261449775 -0.2984032174 0.1771755593
v 0.2032372743 -0.2620651853 -0.001769130659
v 0.236189688 -0.2383995798 -0.03934009004
v 0.3989759742 -0.3235835615 0.1311577489
v 0.4319283879 -0.299917956 0.09358679013
v 0.7752241116 -0.6144009792 0.06095935093
v 0.7203034482 -0.6538436724 0.1235776112
v 0.7859090016 0.09917982817 0.5198089012
v 0.566226348 -0.05859087844 0.7702819162
v 0.3438792688 -0.2965056325 0.09989016684
v 0.3768316564 -0.272840014 0.06231920807
v 0.4972174206 -0.4835217091 0.116578866
v 0.5301698082 -0.4598560775 0.07900790727
v 0.176203832 -0.4279871296 -0.1299921198
v 0.2091562457 -0.4043215241 -0.1675630851
v 0.1178529461 -0.4196502227 -0.1759186607
v 0.1508053467 -0.3959846172 -0.213489613
v -0.06049890734 -0.08290671244 -0.1202341964
v -0.02754650343 -0.05924110249 -0.1578051617
v -0.1260232824 -0.1386901711 -0.2128412295
v -0.09307087518 -0.1150245591 -0.2504121948
v -0.141788146 -0.1884925384 -0.258038202
v -0.1088357453 -0.1648269264 -0.2956091673
v 0.1403893858 -0.2613210054 -0.05642244085
v 0.1733417865 -0.2376553869 -0.09399339963
v 0.1849866493 -0.3175192582 -0.05270625771
v 0.2179390369 -0.2938536528 -0.09027721648
v 0.1438140117 -0.2235502545 -0.02962734799
v 0.1767664123 -0.1998846491 -0.06719830676
v -0.07796505355 -0.2565303908 -0.2449172427
v -0.0450126529 -0.2328647854 -0.282488208
v 0.4459344885 -0.4919769688 0.06627421028
v 0.4788868761 -0.4683113633 0.02870324825
v 0.363204697 -0.2737120963 0.1311973955
v 0.3961571107 -0.2500464778 0.09362643023
v 0.1216501772 -0.204286638 -0.03693262394
v 0.1546025778 -0.1806210195 -0.07450358597
v 0.4017834877 -0.3627207446 0.108967979
v 0.4347359014 -0.3390551131 0.07139702028
v 0.2074829989 -0.3680811931 -0.06482385342
v 0.2404354126 -0.3444155876 -0.1023948122
v 0.140247172 -0.37522951 -0.1282971254
v 0.1731995857 -0.3515639045 -0.1658680776
v -0.2049941718 0.180006151 -0.162739673
v -0.3697561359 0.0616781238 0.02511509149
v -0.2019766316 0.3815297622 -0.03315517377
v -0.3667386087 0.2632017349 0.1546995875
v 0.3869746961 -0.06391740158 0.2028138421
v 0.222212732 -0.1822454353 0.3906686033
v 0.3899922232 0.137606203 0.3323983413
v 0.2252302591 0.01927817581 0.5202530895
v 0.1862908525 -0.2966347874 -0.03840742238
v 0.2192432662 -0.2729691689 -0.07597838441
v 0.7967884849 -0.5974096793 0.09057552507
v 0.7418678215 -0.6368523203 0.1531937853
v 0.8067031945 0.06473444956 0.5163500036
v 0.5870205409 -0.09303625124 0.7668230708
v 0.3930118116 -0.3451870204 0.1123189344
v 0.4259642253 -0.321521415 0.07474797566
v 0.1523702209 -0.3446212178 -0.09838446256
v 0.1853226216 -0.3209556124 -0.1359554213
v 0.1303242304 -0.1621861336 -0.002806138775
v 0.1632766311 -0.1385205216 -0.04037709918
v 0.4720202733 -0.3053871815 0.2066844957
v 0.5049726609 -0.2817215761 0.1691135435
v 0.2032815783 -0.2515450394 0.004896274087
v 0.236233992 -0.227879434 -0.03267468509
v 0.1459261111 -0.2276461464 -0.0303548486
v 0.1788785117 -0.2039805279 -0.06792580737
v -0.03547465803 -0.2396396882 -0.1970108491
v -0.002522254141 -0.2159740828 -0.2345818014
v -0.1191285525 -0.2791099866 -0.2952432286
v -0.08617614535 -0.2554443681 -0.3328141939
v -0.03236329143 -0.2457064571 -0.1981033687
v 0.0005891108535 -0.2220408517 -0.235674321
v 0.1429319362 -0.3741742235 -0.1252776674
v 0.1758843368 -0.350508618 -0.1628486327
v 0.1383208469 -0.2620663594 -0.05870619879
v 0.1712732475 -0.2384007539 -0.09627715756
v 0.1402237154 -0.320837964 -0.09405695295
v 0.173176116 -0.2971723586 -0.1316279117
v 0.3943152581 -0.3498195312 0.110544164
v 0.4272676718 -0.3261539258 0.0729732118
v -0.03998519898 -0.09792192835 -0.1117001653
v -0.007032796704 -0.07425631802 -0.1492711305
v -0.4194345471 -0.1670126114 -0.4880238126
v -0.3864821595 -0.1433469995 -0.5255947778
v 0.4444702638 -0.4956438969 0.06268022851
v 0.4774226514 -0.4719782915 0.02510926485
v 0.3414823895 -0.3064751351 0.09150822535
v 0.3744348032 -0.2828095296 0.05393726331
v -0.08828677706 -0.2407609742 -0.244037111
v -0.05533437315 -0.2170953687 -0.2816080763
v -0.1815393627 -0.1091520051 -0.2429269533
v -0.148586962 -0.08548639481 -0.2804979186
v 0.129299341 -0.3757909814 -0.1382528123
v 0.1622517416 -0.3521253759 -0.1758237776
v 0.364807 -0.385722181 0.06204856341
v 0.3977593876 -0.3620565756 0.02447760138
v 0.1413591562 -0.3748590312 -0.1270884577
v 0.1743115568 -0.3511933997 -0.164659423
v 0.1438548324 -0.3736691106 -0.1241500542
v 0.1768072331 -0.350003479 -0.1617210065
v 0.4380959106 -0.5013201877 0.05351402024
v 0.4710482982 -0.4776545561 0.01594306147
v 0.2074852037 -0.3883834756 -0.07761015818
v 0.2404376043 -0.3647178701 -0.1151811104
v 0.1911808119 -0.2119976135 0.01919360058
v 0.2241331995 -0.188332008 -0.01837735819
v -0.02337569845 -0.2794271596 -0.2114609685
v 0.009576704642 -0.2557615411 -0.2490319338
v -0.1274323227 -0.1132545994 -0.1980554249
v -0.09447991554 -0.08958898743 -0.2356263902
v -0.07748509975 -0.2576780035 -0.245219178
v -0.0445326991 -0.234012398 -0.2827901172
v 0.4588451733 -0.4190607808 0.1235270582
v 0.4917976131 -0.3953951753 0.08595609939
v 0.4141146455 -0.4990468535 0.03391268984
v 0.4470670331 -0.475381248 -0.003658269336
v -0.1246336022 -0.1096570333 -0.1933346714
v -0.09168120153 -0.08599142455 -0.2309056367
v 0.1386180205 -0.2168094538 -0.02993863076
v 0.1715704211 -0.1931438353 -0.06750958954
v 0.1970889813 -0.4157069814 -0.1039392042
v 0.2300413689 -0.3920413499 -0.141510163
v 0.3935873987 -0.3475653745 0.1113256553
v 0.4265397863 -0.3238997691 0.07375469653
v 0.4468072622 -0.4821839518 0.07320821493
v 0.4797596499 -0.4585183463 0.0356372529
v 0.1376861486 -0.3757976348 -0.1309011743
v 0.1706385492 -0.3521320293 -0.1684721396
v 0.4239677261 -0.3247448593 0.1523457989
v 0.4569201137 -0.3010792539 0.1147748336
v -0.389337943 -0.2039195773 -0.4848743127
v -0.3563855554 -0.1802539718 -0.5224452779
v 0.0211700042 -0.3798378336 -0.2356389926
v 0.05412240811 -0.3561722281 -0.2732099579
v 0.02509671628 -0.1175953082 -0.06701078435
v 0.05804912019 -0.09392969627 -0.1045817431
v -0.1718904251 -0.2947503528 -0.3513708767
v -0.1389380244 -0.2710847343 -0.388941842
v -0.07910887636 -0.2541444571 -0.244417583
v -0.04615647245 -0.2304788516 -0.2819885483
v 0.1487256796 -0.2393656581 -0.03528145084
v 0.1816780802 -0.2157000527 -0.07285240635
v -0.3185268487 -0.1947833714 -0.4170131414
v -0.285574435 -0.1711177659 -0.4545840806
v -0.1297550228 -0.05458076027 -0.1631344694
v -0.09680262214 -0.03091514911 -0.2007054347
v 0.4582127059 -0.5529881838 0.03861266771
v 0.4911651457 -0.5293225784 0.001041708937
v -0.3459349445 -0.184596119 -0.4346351345
v -0.3129825569 -0.160930507 -0.4722061259
v 0.1952382444 -0.3305805193 -0.05194203603
v 0.228190645 -0.3069149139 -0.08951299154
v 0.3429600254 -0.2995268125 0.09718090888
v 0.375912413 -0.275861194 0.05960994359
v 0.1893727091 -0.2946327305 -0.03444333692
v 0.2223251098 -0.270967112 -0.07201429569
v 0.4048081118 -0.3212605222 0.1377362059
v 0.4377605255 -0.2975948906 0.1001652471
v 0.153456048 -0.1754995336 0.00909611893
v 0.1864084486 -0.1518339217 -0.02847483984
v 0.1995307126 -0.2807000525 -0.01675798296
v 0.2324831263 -0.257034434 -0.05432894173
v -0.2863146359 -0.1692901986 -0.3727028235
v -0.2533622222 -0.1456245932 -0.4102737888
v 0.195218271 -0.2886666111 -0.02555836335
v 0.2281706847 -0.2650010056 -0.06312932213
v -0.2939898263 -0.1879923699 -0.391214837
v -0.2610374126 -0.1643267579 -0.4287858023
v 0.3675384817 -0.3892440644 0.06222586433
v 0.4004908954 -0.3655784589 0.02465490556
v 0.408548306 -0.3209809998 0.1411926769
v 0.4415006936 -0.2973153943 0.1036217181
v 0.1862208479 -0.2047380929 0.01941607145
v 0.2191732616 -0.1810724875 -0.01815488895
v 0.1173919676 -0.2597225118 -0.07558594281
v 0.1503443683 -0.2360569064 -0.1131569016
v 0.4004407729 -0.3609106458 0.108930485
v 0.4333931866 -0.3372450404 0.07135952623
v 0.5003848195 -0.3282240563 0.217177506
v 0.5333372071 -0.3045584509 0.1796065537
v 0.7600027289 0.1228647547 0.5120061735
v 0.5403200753 -0.03490595266 0.7624791885
v 0.7489306353 -0.6165767819 0.03652759626
v 0.6940099719 -0.6560194229 0.09914585001
v -0.3755117981 -0.2149236233 -0.4796791564
v -0.3425593844 -0.1912580178 -0.5172501217
v 0.1890386808 -0.3220606561 -0.05201291139
v 0.2219910814 -0.2983950506 -0.08958387016
v 0.1471123136 -0.1715029214 0.006049636746
v 0.1800647143 -0.1478373159 -0.03152132243
v -0.181609028 -0.1037427095 -0.2395807988
v -0.1486566143 -0.08007710075 -0.277151738
v -0.2378697709 -0.2155000062 -0.3593203712
v -0.2049173703 -0.1918343877 -0.3968913365
v -0.2325870763 -0.1936465347 -0.3409217791
v -0.1996346757 -0.1699809292 -0.3784927444
v 0.4843642423 -0.542777801 0.06798086126
v 0.5173166299 -0.5191121955 0.03040989923
v -0.3057907448 -0.245501988 -0.4377898789
v -0.2728383572 -0.2218363826 -0.4753608442
v 0.7417863104 -0.6151259685 0.03117535701
v 0.686865647 -0.6545686616 0.09379361402
v 0.7529028647 0.1272833772 0.5085623571
v 0.5332202111 -0.03048733017 0.7590353721
v -0.035925627 -0.3259602457 -0.2517789141
v -0.00297322431 -0.3022946141 -0.2893498794
v 0.3938507181 -0.3301047598 0.1225549004
v 0.4268031318 -0.3064391543 0.08498394165
v 0.1513402174 -0.3397940094 -0.09624722363
v 0.1842926311 -0.3161284039 -0.1338181824
v 0.1437443594 -0.2589981357 -0.05201673385
v 0.17669676 -0.2353325172 -0.08958769262
v 0.3569026184 -0.3740524004 0.06246656202
v 0.3898550321 -0.350386795 0.02489559999
v -0.1273483199 -0.1357887137 -0.2121757819
v -0.09439591269 -0.112123105 -0.2497467472
v 0.3407798653 -0.3281052339 0.0772674673
v 0.3737322529 -0.3044396023 0.03969650526
v 0.1484030925 -0.2482729598 -0.04117500875
v 0.1813554931 -0.2246073413 -0.07874596426
v 0.4059553461 -0.3210984915 0.138844472
v 0.4389077337 -0.2974328861 0.1012735132
v 0.1331093962 -0.3760762962 -0.1350908404
v 0.1660617969 -0.3524106907 -0.1726617927
v -0.380352757 -0.1436800168 -0.4390493344
v -0.3474003433 -0.1200144048 -0.4766202475
v 0.3691517694 -0.2713802771 0.13788219
v 0.4021041831 -0.2477146717 0.1003112312
v 0.8129577859 0.04434361117 0.5089917775
v 0.5932751845 -0.1134270929 0.7594647924
v 0.8035733157 -0.5823917613 0.1059859434
v 0.7486526523 -0.6218344544 0.1686042037
v -0.08760702461 -0.2871761379 -0.2726774224
v -0.05465462396 -0.2635105325 -0.3102483877
v 0.443536122 -0.4971178278 0.0609325089
v 0.4764885617 -0.4734521963 0.02336155176
v 0.4651494959 -0.4258706598 0.1247669187
v 0.4981019357 -0.4022050543 0.08719595993
v 0.107613549 -0.1974663483 -0.04494771345
v 0.1405659497 -0.1738007428 -0.08251867548
v 0.1747733442 -0.2997842612 -0.05049292506
v 0.2077257448 -0.2761186427 -0.08806388057
v 0.8044246419 -0.5790077475 0.1088641986
v 0.7495039785 -0.6184503884 0.1714824523
v 0.8136979606 0.04030381032 0.5070963582
v 0.5940153592 -0.1174668905 0.7575693732
v 0.4466410047 -0.4883356628 0.06918751334
v 0.4795934445 -0.4646700574 0.03161655457
v -0.07602626303 -0.2622501507 -0.2468196024
v -0.04307386238 -0.2385845322 -0.2843905677
v -0.1241943843 -0.2765018543 -0.2980434885
v -0.09124197718 -0.2528362358 -0.3356144538
v 0.3923925467 -0.3384147138 0.1160415949
v 0.4253449343 -0.3147491083 0.07847062959
v 0.2000090421 -0.4117776471 -0.09890307149
v 0.2329614428 -0.3881120416 -0.1364740237
v 0.1244734763 -0.3749426557 -0.1419510899
v 0.1574258769 -0.3512770503 -0.1795220421
v -0.07539329986 -0.2658117328 -0.2485078782
v -0.04244089921 -0.2421461274 -0.2860788435
v -0.3272598566 -0.1926013849 -0.4232982081
v -0.294307469 -0.1689357664 -0.4608691473
v 0.7984722468 -0.5946843292 0.09376897023
v 0.7435515834 -0.6341270223 0.156387224
v 0.8082851458 0.06066348846 0.5151733116
v 0.5886025444 -0.09710721234 0.7656463265
v -0.100828079 -0.1085627981 -0.1717662929
v -0.06787567833 -0.08489718611 -0.2093372452
v -0.1471865842 -0.1827170463 -0.259135079
v -0.1142341835 -0.1590514408 -0.2967060443
v 0.4824354254 -0.5443601697 0.06529243768
v 0.5153878652 -0.5206945643 0.02772148217
v -0.1581987578 -0.3046335694 -0.3455876614
v -0.1252463572 -0.280967964 -0.3831586267
v 0.1395884561 -0.2616566776 -0.05733635497
v 0.1725408568 -0.2379910721 -0.09490732027
v -0.3161664459 -0.1951342682 -0.4151639309
v -0.2832140583 -0.1714686497 -0.4527348962
v -0.08281130255 -0.1171573363 -0.1613779242
v -0.04985890191 -0.09349172759 -0.1989488765
v 0.3932129018 -0.3320399953 0.1207764902
v 0.4261652894 -0.3083743898 0.08320552493
v -0.2492622208 -0.2330635925 -0.3803755091
v -0.2163098071 -0.2093979871 -0.4179464744
v 0.3587491676 -0.2762569427 0.1256865926
v 0.3917015813 -0.2525913373 0.08811564035
v 0.4742148622 -0.436579737 0.1259723249
v 0.5071672498 -0.4129141315 0.0884013596
v 0.3923966692 -0.3381915498 0.1161857787
v 0.4253490568 -0.3145259444 0.07861481337
v -0.4143686501 -0.1751686493 -0.4887180656
v -0.3814162364 -0.1515030439 -0.5262890309
v -0.337131619 -0.2358362603 -0.4591897167
v -0.3041792053 -0.2121706549 -0.496760682
v 0.1449324797 -0.225551372 -0.02990686389
v 0.1778848803 -0.2018857666 -0.06747782266
v 0.4248609819 -0.5020371928 0.04145440724
v 0.4578133956 -0.4783715613 0.003883446019
v 0.147862599 -0.2335268801 -0.03236063658
v 0.1808149996 -0.2098612747 -0.06993159535
v -0.1029446988 -0.1659614214 -0.209777585
v -0.06999229161 -0.1422958159 -0.2473485372
v -0.1047275642 -0.2850286971 -0.2863407017
v -0.071775157 -0.2613630916 -0.323911667
v 0.1506162458 -0.36531981 -0.1129606645
v 0.1835686595 -0.3416541785 -0.1505316298
v 0.4116870299 -0.5442847642 0.003288550512
v 0.4446394436 -0.5206191587 -0.03428240867
v 0.1518998363 -0.3610610917 -0.1091523378
v 0.184852237 -0.3373954601 -0.1467232966
v -0.07144200269 -0.3380221613 -0.2905269889
v -0.03848960205 -0.3143565297 -0.3280979542
v 0.2055372745 -0.3990557632 -0.0860410024
v 0.2384896881 -0.3753901577 -0.1236119612
v -0.58992222 -0.02933950226 -0.7678460295
v -0.6448428834 -0.06878217746 -0.7052277888
v -0.5799084134 0.6394248241 -0.3378146003
v -0.799591067 0.4816541037 -0.08734157877
v 0.4679224898 -0.5513488826 0.04816140918
v 0.5008748774 -0.5276832771 0.01059044878
v -0.4237686971 -0.1588801215 -0.4867025714
v -0.3908162834 -0.1352145095 -0.5242735367
v 0.2079530704 -0.3802836918 -0.07209781583
v 0.2409054841 -0.3566180863 -0.1096687811
v -0.1577838968 -0.2540664032 -0.3133720044
v -0.1248314961 -0.2304007847 -0.3509429697
v -0.1164251587 -0.1523160737 -0.2130058171
v -0.08347275154 -0.1286504617 -0.2505767824
v -0.1208537744 -0.05602923627 -0.1562398309
v -0.08790138027 -0.03236362573 -0.1938107962
v 0.4369278811 -0.5515859535 0.02082762315
v 0.4698802687 -0.527920348 -0.01674333562
v 0.109529033 -0.3700464864 -0.1519743678
v 0.1424814336 -0.346380881 -0.1895453331
v -0.02326320327 -0.292530533 -0.2196159888
v 0.009689199012 -0.2688649276 -0.2571869541
v -0.2341807951 -0.2034980758 -0.3485249821
v -0.2012283814 -0.1798324704 -0.3860959213
v -0.3118245205 -0.1954410044 -0.4115489517
v -0.2788721068 -0.171775386 -0.4491199169
v -0.3969637937 -0.196641401 -0.4869782583
v -0.36401138 -0.1729757956 -0.5245492236
v 0.4190059617 -0.54687715 0.008074850543
v 0.4519583754 -0.5232115446 -0.02949610904
v -0.1288035429 -0.1312682676 -0.210604737
v -0.09585114222 -0.1076026589 -0.2481757023
v -0.09101791307 -0.2376006461 -0.2444418484
v -0.05806551242 -0.2139350276 -0.2820128137
v 0.7914499798 0.09204141313 0.520172309
v 0.5717673262 -0.06572928441 0.770645324
v 0.7809096388 -0.6118884867 0.06752855834
v 0.7259889754 -0.6513311277 0.1301468186
v -0.03270403195 -0.3222314536 -0.2466046313
v 0.0002483703348 -0.2985658482 -0.2841755966
v 0.4071443796 -0.3690913145 0.109657105
v 0.4400967933 -0.3454257091 0.07208613971
v -0.07806326343 -0.2812790576 -0.2605923633
v -0.04511086278 -0.2576134522 -0.2981633025
v -0.4332557606 -0.133141437 -0.4788108704
v -0.4003033469 -0.1094758251 -0.5163818357
v 0.1802962276 -0.3129270855 -0.05392751799
v 0.2132486283 -0.2892614801 -0.09149848003
v 0.1423280524 -0.3231667696 -0.09367819002
v 0.1752804531 -0.2995011641 -0.1312491488
v 0.2021460201 -0.2411648114 0.01043872199
v 0.2350984208 -0.2174992059 -0.02713223759
v 0.4456199247 -0.4930006841 0.06535349922
v 0.4785723645 -0.4693350786 0.02778254045
v -0.1652525047 -0.2997353128 -0.3486889435
v -0.132300104 -0.2760696943 -0.3862598827
v -0.306328603 -0.1950297702 -0.4064696173
v -0.2733761893 -0.1713641647 -0.4440405565
v -0.1437952125 -0.2643925036 -0.3076072622
v -0.1108428118 -0.2407268981 -0.3451782014
v 0.3446788287 -0.3479114834 0.06821135049
v 0.3776312163 -0.324245878 0.03064038846
v -0.1748279936 -0.07368222304 -0.2146985155
v -0.141875593 -0.05001661271 -0.2522694677
v 0.1458461525 -0.2562549257 -0.04844539658
v 0.1787985531 -0.2325893203 -0.08601635861
v -0.05466683497 -0.1368154883 -0.1490757153
v -0.02171443269 -0.1131498796 -0.1866466676
v 0.1477213244 -0.3703383503 -0.1186608684
v 0.1806737251 -0.3466727449 -0.1562318337
v -0.02414672849 -0.300671542 -0.2255188615
v 0.008805674606 -0.2770059365 -0.2630898268
v 0.3954607182 -0.3525861587 0.1098061419
v 0.4284131058 -0.3289205533 0.07223518311
v -0.0665710251 -0.07898946194 -0.1230924325
v -0.03361862119 -0.05532385119 -0.1606633978
v 0.402745861 -0.3217591904 0.1356133566
v 0.4356982747 -0.2980935849 0.09804239135
v -0.2681861731 -0.2444606737 -0.4041520573
v -0.2352337594 -0.2207950553 -0.4417230226
v -0.08638106453 -0.2869366405 -0.2714513123
v -0.05342866388 -0.263271022 -0.3090222776
v 0.1425534994 -0.2216039691 -0.02950696327
v 0.1755059001 -0.1979383506 -0.06707791878
v 0.1509073269 -0.3383383167 -0.09570997857
v 0.1838597275 -0.3146727113 -0.1332809373
v -0.03425671142 -0.3241562002 -0.249178805
v -0.001304308932 -0.3004905947 -0.2867497703
v 0.1390288503 -0.3755447522 -0.1295642389
v 0.171981251 -0.3518791467 -0.1671352042
v 0.4033607946 -0.3647199314 0.1090921112
v 0.4363132083 -0.3410543259 0.07152115244
v -0.1090254986 -0.1062955172 -0.177527865
v -0.07607309797 -0.08262990521 -0.2150988303
v -0.1281508412 -0.1335777 -0.211486943
v -0.09519843401 -0.109912088 -0.2490578952
v 0.1937258279 -0.4191425528 -0.1090529734
v 0.2266782286 -0.3954769473 -0.1466239256
v 0.1362015331 -0.3759777471 -0.1323167376
v 0.1691539337 -0.3523121417 -0.1698877029
v 0.1954663136 -0.4174822475 -0.1064806261
v 0.2284187142 -0.3938166421 -0.1440515914
v 0.1878360012 -0.2957097255 -0.03646953202
v 0.2207884018 -0.272044107 -0.07404049405
v -0.375797139 -0.1553110379 -0.4423800164
v -0.3428447514 -0.1316454259 -0.4799509817
v 0.3924577764 -0.3367774737 0.1171300964
v 0.425410164 -0.3131118683 0.07955913107
v -0.07748205352 -0.1203476896 -0.1587133551
v -0.04452964961 -0.09668208086 -0.1962843204
v -0.2983910325 -0.1919677303 -0.3975790405
v -0.2654386188 -0.1683021118 -0.4351500058
v 0.371424634 -0.5245792815 -0.01961212429
v 0.4043770216 -0.500913676 -0.05718308469
v 0.4037417362 -0.3214821728 0.1366612983
v 0.4366941499 -0.2978165673 0.09909033951
v 0.4062691011 -0.2723443725 0.1698294528
v 0.4392215148 -0.248678754 0.1322585005
v -0.03126139828 -0.3201764302 -0.2440448864
v 0.001691003589 -0.2965108248 -0.2816158517
v -0.2920787258 -0.1853743618 -0.3878896344
v -0.2591263382 -0.1617087498 -0.4254605736
v 0.3846635548 -0.2692516746 0.1528278988
v 0.4176159424 -0.2455860692 0.1152569335
v 0.1821826713 -0.1997635827 0.01900770728
v 0.2151350719 -0.1760979772 -0.01856325312
v -0.1285720556 -0.1159160146 -0.2007314483
v -0.09561965497 -0.09225040264 -0.2383024267
v -0.2470514549 -0.2306819639 -0.3769363371
v -0.2140990543 -0.2070163585 -0.4145073024
v 0.1420167501 -0.3745973817 -0.1263469131
v 0.1749691638 -0.3509317763 -0.1639178654
v -0.3795489702 -0.146221243 -0.4399450168
v -0.3465965565 -0.1225556375 -0.4775159821
v -0.3003874274 -0.2463850159 -0.4336069836
v -0.2674350137 -0.2227193974 -0.4711779488
v -0.04456148824 -0.2257534668 -0.1962338326
v -0.01160908515 -0.2020878613 -0.2338047849
v -0.169344809 -0.24473306 -0.3176327579
v -0.1363924083 -0.2210674415 -0.3552037232
v -0.04835871932 -0.3342385241 -0.2678980404
v -0.01540631785 -0.3105729186 -0.3054690057
v -0.09042826896 -0.2874441277 -0.2753206613
v -0.05747586831 -0.2637785223 -0.3128916266
v 0.1729464552 -0.2998170065 -0.0521158602
v 0.2058988559 -0.276151388 -0.08968682224
v 0.4457584204 -0.4762263904 0.07604092015
v 0.478710808 -0.452560785 0.03846995811
v 0.1394865282 -0.2177437261 -0.02976537735
v 0.1724389288 -0.1940781206 -0.06733633938
v 0.1634196277 -0.1825082068 0.01342019012
v 0.1963720414 -0.1588425948 -0.02415076947
v -0.2860288253 -0.2472602814 -0.4215647934
v -0.2530764116 -0.2235946759 -0.4591357587
v -0.1764039829 -0.1357485974 -0.2551758173
v -0.1434515823 -0.1120829887 -0.2927467826
v 0.2520013996 -0.2110924466 0.07310773506
v 0.2849537872 -0.1874268281 0.03553677303
v -0.3713350866 -0.1628580128 -0.4432202274
v -0.3383826729 -0.1391924008 -0.4807911927
v 0.445030248 -0.47394562 0.07683892757
v 0.4779826878 -0.4502799885 0.03926796879
v 0.3707630219 -0.3931429756 0.06259813038
v 0.4037154095 -0.3694773701 0.02502716834
v -0.1102952474 -0.05878395782 -0.1487144209
v -0.07734284677 -0.03511834717 -0.1862853862
v -0.129298206 -0.1288056694 -0.209487404
v -0.0963457988 -0.1051400574 -0.2470583693
v -0.1494513472 -0.2603712475 -0.3100351126
v -0.1164989466 -0.2367056421 -0.3476060779
v -0.07563468246 -0.2745305859 -0.2542115132
v -0.04268228181 -0.2508649804 -0.2917824785
v 0.1522333559 -0.3593402532 -0.1077758797
v 0.1851857696 -0.3356746478 -0.145346845
v -0.1259053731 -0.110988584 -0.1952888365
v -0.09295296593 -0.08732297199 -0.2328597888
v 0.4803586675 -0.5458373882 0.06254046078
v 0.5133110551 -0.5221717828 0.02496950037
v -0.1735003991 -0.1429808193 -0.2571846841
v -0.1405479984 -0.1193152074 -0.2947556233
v 0.7768024622 0.1090708985 0.518052082
v 0.5571198086 -0.04869981045 0.768525097
v 0.7659348768 -0.6167119379 0.05135637094
v 0.7110142134 -0.6561546311 0.1139746214
v -0.1232177518 -0.20645884 -0.2530674621
v -0.0902653512 -0.1827932346 -0.2906384274
v 0.3437732314 -0.3448792144 0.06932707886
v 0.376725619 -0.3212135829 0.03175612009
v 0.3748561872 -0.2700285476 0.1437368058
v 0.4078086009 -0.2463629421 0.1061658405
v -0.383677203 -0.1266829114 -0.4312587656
v -0.3507248154 -0.1030173027 -0.4688297309
v 0.4933929235 -0.5307505876 0.08347549119
v 0.5263453633 -0.5070849821 0.04590453242
v -0.5814639076 -0.04510437731 -0.7703576348
v -0.6363845188 -0.08454705251 -0.7077393941
v -0.5710846058 0.6480684933 -0.3246308899
v -0.7907672072 0.490297773 -0.07415787494
v 0.1504345679 -0.3369394522 -0.09524348818
v 0.1833869686 -0.3132738467 -0.1328144535
v -0.3932798275 -0.2002830722 -0.4860410376
v -0.3603274399 -0.1766174537 -0.5236120029
v 0.1621602113 -0.4296064706 -0.1433293809
v 0.1951126119 -0.4059408651 -0.1809003462
v 0.4340974589 -0.2825667707 0.187797894
v 0.4670498726 -0.2589011522 0.1502269417
v -0.2620490735 -0.242062529 -0.3972588408
v -0.2290966598 -0.2183969105 -0.4348298061
v -0.2515782414 -0.235233916 -0.3837738996
v -0.2186258538 -0.2115683105 -0.4213448649
v 0.4545567624 -0.5531717664 0.03529046885
v 0.48750915 -0.5295061609 -0.002280489921
v 0.1474817748 -0.3305004955 -0.09377745662
v 0.1804341754 -0.30683489 -0.1313484154
v 0.2069764509 -0.3922829347 -0.08051260049
v 0.2399288385 -0.3686173031 -0.1180835593
v 0.4946703824 -0.473481367 0.1206692786
v 0.52762277 -0.4498157355 0.08309831335
v 0.1782526325 -0.2994142782 -0.04720829852
v 0.2112050331 -0.2757486597 -0.08477925729
v -0.3080064942 -0.1952674803 -0.4080909934
v -0.2750541066 -0.1716018618 -0.4456619587
v -0.2394023825 -0.2189408351 -0.3628319222
v -0.2064499818 -0.1952752166 -0.4004028875
v -0.02561709783 -0.307405624 -0.2310502118
v 0.007335304449 -0.2837400186 -0.2686211771
v -0.2565515383 -0.2389985322 -0.3905071206
v -0.2235991246 -0.2153329137 -0.4280780859
v 0.1527143208 -0.3552936359 -0.1048051158
v 0.1856667214 -0.3316280043 -0.1423760746
v 0.8146508886 0.0323406828 0.5029162286
v 0.5949682872 -0.125430018 0.7533892436
v 0.8056028995 -0.5719228077 0.1143603509
v 0.7506822361 -0.6113654487 0.1769786046
v 0.4412179097 -0.4995298665 0.05737992843
v 0.4741702973 -0.4758642872 0.01980896803
v 0.1475084016 -0.2523662425 -0.04453804142
v 0.1804608022 -0.2287006241 -0.08210900019
v 0.4468713439 -0.4834684033 0.07245536605
v 0.4798237315 -0.4598027718 0.03488440402
v 0.4226608615 -0.5016005711 0.03979976392
v 0.4556132752 -0.4779349657 0.002228804333
v 0.41885669 -0.3228697917 0.1490441441
v 0.4518090776 -0.2992041863 0.1114731789
v 0.1132608647 -0.1999938828 -0.04158667681
v 0.1462132784 -0.1763282643 -0.07915763558
v -0.03955832913 -0.2328952216 -0.1963442405
v -0.006605928486 -0.2092296161 -0.2339152058
v 0.1359844094 -0.3168265707 -0.09524838041
v 0.1689368101 -0.2931609392 -0.1328193327
v -0.08633278149 -0.2431757525 -0.2438443702
v -0.05338037758 -0.2195101471 -0.2814153355
v 0.446782475 -0.486883623 0.0702262054
v 0.4797348626 -0.4632180176 0.03265524337
v -0.07336899316 -0.0749542027 -0.1265129619
v -0.04041658925 -0.05128859318 -0.1640839272
v 0.3468408027 -0.3539485207 0.06630487478
v 0.3797931903 -0.3302829152 0.02873391274
v -0.1298213614 -0.2733343118 -0.3009835488
v -0.09686895424 -0.2496687064 -0.3385545141
v 0.39678556 -0.3254330851 0.1280716001
v 0.4297379737 -0.3017674797 0.09050064786
v -0.1148866634 -0.1058755519 -0.1824039827
v -0.08193425628 -0.08220994156 -0.219974961
v 0.3594033173 -0.3780143496 0.06216425485
v 0.392355731 -0.3543487442 0.02459329282
v -0.1804366933 -0.1200879383 -0.248848273
v -0.1474842927 -0.09642232631 -0.2864192383
v -0.07042043996 -0.1250101408 -0.1554566567
v -0.03746803931 -0.1013445321 -0.193027622
v 0.173888529 -0.1912385533 0.01710298134
v 0.2068409297 -0.1675729478 -0.02046797906
v -0.3489892351 -0.1828681053 -0.4362254874
v -0.3160368214 -0.1592024933 -0.4737964266
v -0.07719671913 -0.2796994285 -0.2588373184
v -0.04424431849 -0.256033823 -0.2964082837
f 5 3 4
f 1 2 7
f 6 1 7
f 3 8 4
f 8 1 6
f 4 8 6
f 3 9 8
f 33 75 32
f 32 75 74
f 64 76 1
f 65 77 64
f 64 77 76
f 78 63 62
f 79 63 78
f 83 4 6
f 13 92 12
f 12 92 91
f 96 52 53
f 95 52 96
f 50 97 51
f 51 97 98
f 101 49 48
f 101 102 49
f 101 103 102
f 103 104 102
f 69 120 68
f 68 120 119
f 129 34 18
f 129 35 34
f 130 35 129
f 159 37 36
f 160 37 159
f 166 186 165
f 165 186 185
f 211 158 157
f 158 212 82
f 212 158 211
f 134 218 133
f 133 218 217
f 118 228 117
f 228 118 164
f 117 228 227
f 235 212 211
f 82 212 236
f 236 212 235
f 241 15 14
f 242 15 241
f 121 122 252
f 121 252 251
f 257 196 195
f 258 196 257
f 186 262 185
f 185 262 261
f 269 258 257
f 270 258 269
f 28 247 271
f 248 272 247
f 247 272 271
f 273 160 159
f 238 274 237
f 274 160 273
f 237 274 273
f 185 261 283
f 289 23 22
f 290 23 289
f 106 302 105
f 105 302 301
f 303 305 38
f 304 306 303
f 303 306 305
f 196 258 320
f 258 270 320
f 320 319 82
f 9 3 322
f 321 323 322
f 324 63 79
f 324 9 322
f 323 324 322
f 325 327 326
f 327 328 326
f 329 331 330
f 331 332 330
f 343 247 28
f 343 248 247
f 344 254 248
f 344 248 343
f 283 261 349
f 349 284 283
f 350 284 349
f 357 289 139
f 357 290 289
f 358 290 357
f 62 359 78
f 211 369 235
f 375 358 357
f 376 358 375
f 41 386 40
f 40 386 385
f 217 387 133
f 392 228 164
f 228 392 227
f 227 392 391
f 396 390 382
f 389 390 396
f 389 396 395
f 399 88 87
f 400 88 399
f 407 13 12
f 408 13 407
f 15 410 14
f 14 410 409
f 411 29 28
f 28 271 411
f 412 29 411
f 312 414 311
f 311 414 413
f 415 188 187
f 416 188 415
f 417 345 1
f 417 346 345
f 418 346 417
f 347 419 359
f 420 348 324
f 348 420 347
f 347 420 419
f 56 421 48
f 48 421 101
f 421 103 101
f 57 422 56
f 422 284 350
f 56 422 421
f 103 423 104
f 421 423 103
f 421 422 424
f 423 424 104
f 423 421 424
f 428 310 164
f 310 428 309
f 309 428 427
f 429 31 30
f 430 31 429
f 431 432 434
f 433 431 434
f 47 442 46
f 442 47 122
f 46 442 441
f 445 253 1
f 445 254 253
f 254 446 248
f 446 254 445
f 256 448 255
f 448 256 324
f 255 448 447
f 453 350 349
f 350 454 422
f 454 350 453
f 156 464 155
f 155 464 463
f 467 21 20
f 300 21 468
f 468 21 467
f 66 67 476
f 66 476 475
f 250 480 249
f 249 480 479
f 481 376 375
f 482 376 481
f 483 174 173
f 174 484 2
f 484 174 483
f 485 176 175
f 486 198 82
f 198 486 197
f 486 176 485
f 197 486 485
f 494 226 82
f 499 308 307
f 308 500 82
f 500 308 499
f 501 154 153
f 154 502 494
f 502 154 501
f 438 516 437
f 494 516 438
f 437 516 515
f 521 278 277
f 278 522 422
f 522 278 521
f 49 102 524
f 102 104 526
f 524 102 526
f 523 524 526
f 525 523 526
f 527 477 221
f 527 478 477
f 478 528 494
f 528 478 527
f 52 539 53
f 53 539 540
f 542 50 51
f 541 50 542
f 543 112 111
f 544 112 543
f 369 551 235
f 370 552 369
f 369 552 551
f 559 294 293
f 560 294 559
f 583 529 509
f 529 583 530
f 530 583 584
f 586 531 532
f 585 531 586
f 218 134 594
f 595 220 219
f 220 596 82
f 596 220 595
f 323 321 603
f 322 3 604
f 321 322 604
f 603 321 604
f 323 605 324
f 605 323 603
f 324 606 318
f 603 604 606
f 605 606 324
f 605 603 606
f 264 608 263
f 424 608 264
f 263 608 607
f 325 326 610
f 609 325 610
f 611 327 325
f 327 611 328
f 609 611 325
f 609 610 612
f 611 612 328
f 611 609 612
f 1 8 613
f 207 613 208
f 613 8 317
f 614 332 208
f 208 613 614
f 615 319 1
f 319 615 82
f 615 509 205
f 616 158 82
f 616 205 206
f 88 400 616
f 82 615 616
f 616 615 205
f 329 330 618
f 617 329 618
f 619 331 329
f 331 619 332
f 617 619 329
f 620 51 98
f 332 620 208
f 542 51 620
f 586 532 620
f 617 618 620
f 619 620 332
f 619 617 620
f 543 111 621
f 623 515 337
f 437 515 623
f 338 624 337
f 337 624 623
f 627 602 601
f 602 628 434
f 627 628 602
f 29 412 634
f 635 482 481
f 636 482 635
f 645 500 499
f 500 646 82
f 645 646 500
f 434 652 320
f 657 286 285
f 658 418 286
f 346 418 658
f 658 286 657
f 659 576 575
f 660 576 659
f 36 661 159
f 667 156 155
f 668 156 667
f 121 671 122
f 121 209 671
f 671 672 122
f 671 675 672
f 672 676 122
f 675 676 672
f 209 677 671
f 673 677 674
f 209 210 678
f 677 209 678
f 677 678 674
f 681 382 381
f 681 682 382
f 683 495 279
f 280 684 279
f 684 280 634
f 279 684 683
f 337 80 687
f 687 338 337
f 126 688 125
f 125 688 687
f 688 338 687
f 689 570 569
f 82 690 456
f 456 690 455
f 570 690 82
f 455 690 689
f 690 570 689
f 691 514 513
f 692 514 691
f 509 693 510
f 693 509 615
f 510 693 694
f 613 511 695
f 696 511 512
f 696 512 620
f 695 511 696
f 697 106 105
f 698 106 697
f 699 334 333
f 334 700 424
f 700 334 699
f 689 569 705
f 707 700 699
f 700 708 424
f 708 700 707
f 152 710 151
f 710 152 616
f 151 710 709
f 711 240 239
f 180 712 179
f 712 180 300
f 240 712 300
f 179 712 711
f 712 240 711
f 276 714 275
f 275 714 713
f 719 546 545
f 316 720 315
f 315 720 719
f 720 546 719
f 721 314 313
f 721 313 651
f 722 314 721
f 725 544 543
f 726 544 725
f 731 666 665
f 533 731 679
f 534 732 533
f 732 534 616
f 666 732 616
f 533 732 731
f 732 666 731
f 319 733 1
f 319 320 734
f 319 734 733
f 735 318 317
f 735 317 359
f 318 736 324
f 736 318 735
f 740 626 83
f 625 626 740
f 625 740 739
f 744 740 83
f 740 744 739
f 739 744 743
f 746 518 424
f 518 746 517
f 517 746 745
f 749 282 281
f 282 750 524
f 750 282 749
f 751 27 26
f 450 752 449
f 752 27 751
f 449 752 751
f 492 756 491
f 491 756 755
f 757 100 99
f 100 758 94
f 758 100 757
f 760 498 364
f 498 760 497
f 497 760 759
f 713 761 275
f 593 761 713
f 594 762 593
f 593 762 761
f 767 636 635
f 558 768 557
f 557 768 767
f 768 636 767
f 616 770 666
f 666 770 665
f 665 770 769
f 457 458 774
f 457 774 773
f 640 784 639
f 639 784 783
f 771 371 789
f 371 372 790
f 371 790 789
f 791 114 113
f 114 792 320
f 320 792 434
f 433 434 792
f 792 114 791
f 433 792 791
f 793 130 129
f 621 111 793
f 112 794 111
f 111 794 793
f 794 130 793
f 483 173 795
f 799 708 707
f 424 708 800
f 800 708 799
f 801 527 221
f 801 556 555
f 222 802 221
f 802 222 466
f 221 802 801
f 802 556 801
f 119 809 68
f 809 723 68
f 809 724 723
f 810 724 809
f 811 134 133
f 134 812 594
f 812 134 811
f 639 455 813
f 813 640 639
f 455 689 813
f 813 689 705
f 705 706 814
f 814 640 813
f 705 814 813
f 651 313 815
f 815 652 651
f 652 816 320
f 816 652 815
f 374 828 373
f 373 828 827
f 92 830 91
f 91 830 829
f 832 120 69
f 842 702 82
f 702 842 701
f 701 842 841
f 751 26 843
f 449 751 843
f 480 844 479
f 479 844 843
f 845 502 501
f 494 502 846
f 846 502 845
f 849 270 269
f 320 270 850
f 850 270 849
f 867 450 449
f 868 450 867
f 415 263 869
f 869 416 415
f 263 607 869
f 870 416 869
f 871 2 1
f 872 2 871
f 8 873 317
f 8 9 874
f 874 9 324
f 8 874 873
f 875 152 151
f 875 151 825
f 616 152 876
f 876 152 875
f 878 444 424
f 444 878 443
f 443 878 877
f 226 880 225
f 880 226 494
f 225 880 879
f 449 843 881
f 449 881 867
f 394 882 393
f 393 882 881
f 883 462 461
f 883 461 777
f 881 883 867
f 882 462 884
f 881 882 884
f 883 884 462
f 883 881 884
f 885 97 50
f 885 50 541
f 863 885 864
f 864 886 620
f 864 885 886
f 887 52 95
f 539 52 887
f 888 861 862
f 887 861 888
f 832 890 831
f 831 890 889
f 891 600 599
f 892 600 891
f 255 405 895
f 255 895 853
f 895 854 853
f 896 406 324
f 406 896 405
f 854 896 324
f 405 896 895
f 896 854 895
f 897 403 1
f 897 404 403
f 897 1 851
f 272 404 898
f 272 898 852
f 852 898 851
f 898 404 897
f 851 898 897
f 900 260 164
f 259 260 900
f 259 900 899
f 155 463 901
f 667 155 901
f 903 219 507
f 595 219 903
f 508 904 507
f 507 904 903
f 907 43 42
f 384 908 383
f 908 43 907
f 383 908 907
f 909 150 149
f 909 593 713
f 714 910 713
f 910 150 909
f 713 910 909
f 915 650 649
f 869 607 915
f 916 608 424
f 607 608 916
f 650 916 424
f 607 916 915
f 916 650 915
f 235 551 917
f 552 918 551
f 551 918 917
f 919 39 38
f 920 39 919
f 891 599 923
f 122 928 442
f 442 928 441
f 441 928 927
f 467 20 931
f 232 934 231
f 231 934 933
f 811 107 935
f 108 936 107
f 107 936 935
f 70 937 71
f 937 1 613
f 615 1 937
f 70 615 937
f 71 937 938
f 939 618 330
f 618 939 620
f 940 4 83
f 940 939 941
f 942 150 910
f 942 940 83
f 943 714 276
f 910 714 943
f 943 938 937
f 942 910 943
f 943 937 942
f 72 944 613
f 613 944 937
f 944 939 940
f 937 944 942
f 942 944 940
f 945 72 73
f 620 945 73
f 939 945 620
f 945 944 72
f 944 945 939
f 948 55 54
f 55 949 84
f 949 55 948
f 913 952 843
f 914 953 913
f 913 953 952
f 855 519 956
f 956 856 855
f 856 957 524
f 957 856 956
f 958 452 451
f 452 959 122
f 959 452 958
f 564 963 563
f 563 963 962
f 964 737 435
f 965 436 122
f 436 965 435
f 435 965 964
f 14 966 241
f 966 517 241
f 966 518 517
f 424 518 967
f 967 518 966
f 972 276 275
f 276 973 943
f 972 973 276
f 974 816 815
f 320 816 975
f 975 816 974
f 976 868 867
f 867 883 976
f 977 868 976
f 11 979 10
f 616 979 11
f 10 979 978
f 162 981 161
f 161 981 980
f 576 983 575
f 576 660 983
f 575 983 982
f 399 87 986
f 565 399 986
f 986 566 565
f 986 87 962
f 987 414 312
f 43 908 987
f 908 384 987
f 963 564 987
f 963 987 962
f 987 566 986
f 962 987 986
f 359 317 988
f 988 360 359
f 317 873 988
f 324 360 989
f 989 874 324
f 874 989 873
f 989 360 988
f 873 989 988
f 990 872 871
f 344 991 362
f 362 991 361
f 872 991 344
f 361 991 990
f 991 872 990
f 993 164 848
f 994 528 527
f 994 527 801
f 555 994 801
f 494 528 995
f 995 528 994
f 996 780 779
f 906 997 905
f 997 780 996
f 905 997 996
f 1000 390 389
f 390 1001 382
f 1001 390 1000
f 499 307 1002
f 26 1008 843
f 843 1008 913
f 1008 914 913
f 27 1009 26
f 26 1009 1008
f 1009 914 1008
f 1010 456 455
f 1010 455 639
f 783 1010 639
f 456 1011 82
f 1011 456 1010
f 641 1012 559
f 594 1013 642
f 641 642 1013
f 641 1013 1012
f 1014 316 315
f 1014 315 625
f 739 1014 625
f 1015 15 242
f 410 15 1015
f 1015 188 416
f 416 870 1015
f 1014 1015 316
f 821 1018 822
f 95 1018 887
f 1018 821 887
f 1019 95 96
f 1018 95 1019
f 822 1018 1019
f 97 1020 98
f 1020 97 885
f 823 1020 885
f 620 98 1021
f 824 620 1021
f 1021 823 824
f 98 1020 1021
f 1020 823 1021
f 1022 550 549
f 549 775 1022
f 82 550 1023
f 1023 550 1022
f 43 1025 42
f 987 1025 43
f 42 1025 1024
f 1027 878 424
f 878 1027 877
f 877 1027 1026
f 1028 578 577
f 286 1029 285
f 578 1029 320
f 1029 286 734
f 320 1029 734
f 285 1029 1028
f 1029 578 1028
f 1030 136 135
f 62 1030 359
f 1030 135 359
f 63 1031 62
f 1031 63 324
f 136 1031 324
f 62 1031 1030
f 1031 136 1030
f 1 1032 64
f 1032 65 64
f 137 1032 1
f 138 1033 137
f 65 1033 658
f 658 1033 138
f 1033 65 1032
f 137 1033 1032
f 1034 343 28
f 29 1035 28
f 1035 29 634
f 28 1035 1034
f 1040 954 175
f 176 1041 175
f 175 1041 1040
f 673 674 1043
f 678 210 1043
f 674 678 1043
f 1042 673 1043
f 980 1044 161
f 921 1044 980
f 922 1045 921
f 921 1045 1044
f 1046 317 318
f 326 328 1046
f 1046 328 612
f 613 317 1046
f 612 614 1046
f 614 613 1046
f 604 3 1047
f 610 326 1047
f 610 1047 939
f 939 1047 941
f 1047 326 1046
f 3 5 1048
f 5 4 1048
f 4 940 1048
f 1048 940 941
f 1047 3 1048
f 1047 1048 941
f 737 1049 435
f 738 1050 737
f 737 1050 1049
f 839 629 1051
f 1051 840 839
f 294 1052 293
f 1052 294 987
f 840 1052 987
f 293 1052 1051
f 1052 840 1051
f 1053 921 980
f 432 1054 981
f 980 981 1054
f 980 1054 1053
f 497 339 1055
f 1055 498 497
f 1056 498 1055
f 673 1042 1059
f 865 493 1061
f 1061 866 865
f 82 84 1062
f 494 82 1062
f 493 494 1062
f 1062 84 866
f 1061 493 1062
f 1061 1062 866
f 1063 367 311
f 1063 368 367
f 1064 368 1063
f 1065 670 669
f 122 1066 252
f 480 250 1066
f 670 1066 122
f 1066 844 480
f 890 1066 889
f 1065 1066 670
f 889 1066 1065
f 1067 69 68
f 68 723 1067
f 354 1068 353
f 69 1068 832
f 1068 354 832
f 1068 69 1067
f 353 1068 1067
f 25 1070 24
f 1070 25 594
f 24 1070 1069
f 1071 387 217
f 1071 388 387
f 503 504 1072
f 1072 388 1071
f 503 1072 1071
f 407 179 1077
f 1077 408 407
f 179 711 1077
f 711 239 1077
f 1078 408 1077
f 302 1080 301
f 301 1080 1079
f 1081 487 201
f 202 1082 201
f 1082 202 434
f 201 1082 1081
f 1083 1007 1006
f 1084 1007 1083
f 1085 393 353
f 1085 394 393
f 1067 1085 353
f 723 1085 1067
f 306 304 1086
f 1086 304 394
f 724 1086 723
f 1086 394 1085
f 723 1086 1085
f 1088 1070 594
f 1070 1088 1069
f 1069 1088 1087
f 1051 1089 293
f 629 1089 1051
f 630 1090 629
f 762 594 1090
f 630 762 1090
f 629 1090 1089
f 1091 170 169
f 170 1092 1015
f 1092 170 1091
f 245 513 1093
f 514 1094 513
f 513 1094 1093
f 165 185 1095
f 1095 185 283
f 284 1096 283
f 422 57 1096
f 284 422 1096
f 283 1096 1095
f 1097 94 93
f 1097 1098 94
f 1099 124 123
f 124 1100 164
f 1099 1100 124
f 1101 264 263
f 377 1101 187
f 187 1101 415
f 1101 263 415
f 378 1102 377
f 264 1102 424
f 1102 378 424
f 1102 264 1101
f 377 1102 1101
f 1103 772 771
f 771 789 1103
f 122 772 1104
f 1104 965 122
f 965 1104 964
f 1104 772 1103
f 964 1104 1103
f 1111 366 365
f 1111 365 459
f 368 1112 367
f 1112 366 1111
f 367 1112 1111
f 87 1113 962
f 962 1113 563
f 88 1114 87
f 616 1114 88
f 87 1114 1113
f 498 1116 1037
f 1037 1116 1036
f 1036 1116 1115
f 1117 230 229
f 229 1073 1117
f 230 1118 983
f 1118 230 1117
f 994 587 1119
f 1119 995 994
f 1120 838 494
f 838 1120 837
f 995 1120 494
f 837 1120 1119
f 1120 995 1119
f 839 840 1122
f 987 1122 840
f 839 1122 1121
f 1123 716 715
f 716 1124 320
f 1124 716 1123
f 568 1126 567
f 720 316 1126
f 546 720 1126
f 1126 316 1015
f 567 1126 1125
f 1127 200 199
f 1128 200 1127
f 1129 721 651
f 1130 652 434
f 652 1130 651
f 651 1130 1129
f 1131 876 875
f 876 1132 616
f 1132 876 1131
f 1133 947 946
f 1134 947 1133
f 110 1136 109
f 1136 110 524
f 109 1136 1135
f 1137 787 89
f 1137 788 787
f 616 788 1138
f 1138 788 1137
f 1139 590 589
f 1140 590 1139
f 1141 1073 229
f 1141 1074 1073
f 1074 1142 82
f 1142 1074 1141
f 227 391 1143
f 1144 514 692
f 1094 514 1144
f 1145 1058 1057
f 298 1146 297
f 297 1146 1145
f 1146 1058 1145
f 1147 288 287
f 288 1148 594
f 594 1148 1088
f 1088 1148 1087
f 1148 288 1147
f 1087 1148 1147
f 1149 1026 409
f 877 1026 1149
f 410 1150 409
f 1150 410 1015
f 409 1150 1149
f 1155 310 309
f 310 1156 164
f 1156 600 164
f 600 1156 599
f 1156 310 1155
f 599 1156 1155
f 424 1158 650
f 650 1158 649
f 649 1158 1157
f 1159 838 837
f 494 838 1160
f 1160 838 1159
f 1163 745 1125
f 1015 1164 1126
f 1125 1126 1164
f 1125 1164 1163
f 1165 184 183
f 145 1165 359
f 1165 183 359
f 146 1166 145
f 1166 146 324
f 324 184 1166
f 145 1166 1165
f 1166 184 1165
f 1167 143 1
f 1167 144 143
f 181 1167 1
f 182 1168 181
f 1168 144 1167
f 181 1168 1167
f 1169 667 901
f 902 1170 901
f 901 1170 1169
f 524 1172 856
f 856 1172 855
f 855 1172 1171
f 1087 1147 1175
f 1177 178 177
f 1177 177 373
f 827 1177 373
f 178 1178 164
f 1178 178 1177
f 1000 389 1179
f 901 463 1181
f 1181 902 901
f 1182 902 1181
f 439 1183 547
f 382 1184 440
f 440 1184 439
f 439 1184 1183
f 1185 957 956
f 957 1186 524
f 524 1186 1136
f 1136 1186 1135
f 1186 957 1185
f 1135 1186 1185
f 1187 244 243
f 1187 243 659
f 575 1187 659
f 82 244 1188
f 1188 244 1187
f 1143 391 1189
f 1189 1144 1143
f 1190 1094 1144
f 1190 1144 1189
f 1191 400 399
f 1191 399 565
f 400 1192 616
f 1192 400 1191
f 539 1193 540
f 1193 539 887
f 540 1193 1194
f 531 585 1195
f 613 207 1195
f 1195 885 541
f 1196 541 542
f 1196 542 620
f 1195 541 1196
f 1197 439 547
f 82 1198 548
f 548 1198 547
f 547 1198 1197
f 1199 601 589
f 627 601 1199
f 590 1200 589
f 589 1200 1199
f 1201 180 179
f 12 1201 407
f 1201 179 407
f 300 180 1202
f 1202 180 1201
f 1139 573 1203
f 1203 1140 1139
f 1204 1140 1203
f 1205 1000 1179
f 82 1206 1180
f 1180 1206 1179
f 1179 1206 1205
f 190 1212 189
f 189 1212 1211
f 191 1213 881
f 192 1214 191
f 1214 192 1066
f 191 1214 1213
f 905 996 1215
f 1217 468 467
f 468 1218 300
f 1218 648 300
f 648 1218 647
f 1218 468 1217
f 647 1218 1217
f 1219 426 425
f 1219 249 479
f 843 1219 479
f 952 1219 843
f 953 1220 952
f 1220 426 1219
f 952 1220 1219
f 933 1221 231
f 769 1221 933
f 1222 770 616
f 770 1222 769
f 769 1222 1221
f 1225 520 519
f 1225 519 855
f 1171 1225 855
f 520 1226 434
f 1226 520 1225
f 1227 595 903
f 904 1228 903
f 903 1228 1227
f 1147 287 1229
f 1175 1147 1229
f 1229 1176 1175
f 1230 1176 1229
f 94 1234 93
f 93 1234 1233
f 1235 194 193
f 320 194 1236
f 1236 194 1235
f 1049 1243 435
f 1050 1244 1049
f 1049 1244 1243
f 1245 362 361
f 361 990 1245
f 344 362 1246
f 1246 362 1245
f 1248 360 324
f 360 1248 359
f 359 1248 1247
f 1249 634 633
f 281 1249 950
f 282 1250 281
f 524 1250 282
f 634 1250 524
f 281 1250 1249
f 1249 1250 634
f 364 1252 363
f 498 1252 364
f 363 1252 1251
f 1253 412 411
f 634 412 1254
f 1254 412 1253
f 195 1255 257
f 475 1255 195
f 476 1256 475
f 475 1256 1255
f 453 1257 741
f 1257 742 741
f 1257 1258 742
f 525 1259 523
f 525 526 1260
f 1259 525 1260
f 1261 484 483
f 1259 1261 523
f 2 1262 7
f 484 1262 2
f 7 1262 1260
f 1259 1260 1262
f 1261 1262 484
f 1261 1259 1262
f 93 1263 1097
f 1233 1263 93
f 1265 256 255
f 324 256 1266
f 1266 1248 324
f 1248 1266 1247
f 1266 256 1265
f 1247 1266 1265
f 253 1267 1
f 1 1267 871
f 1267 990 871
f 990 1267 1245
f 1267 1246 1245
f 254 1268 253
f 1268 254 344
f 1246 1268 344
f 253 1268 1267
f 1268 1246 1267
f 1269 922 921
f 1269 921 1053
f 116 1270 115
f 115 1270 1269
f 1270 922 1269
f 1271 296 295
f 849 1271 295
f 1272 296 1271
f 1275 958 451
f 1281 236 235
f 1281 235 917
f 236 1282 82
f 1282 236 1281
f 1285 85 946
f 947 1286 946
f 946 1286 1285
f 1287 242 241
f 241 517 1287
f 517 745 1287
f 1287 745 1163
f 242 1288 1015
f 1288 1164 1015
f 1164 1288 1163
f 1288 242 1287
f 1163 1288 1287
f 1006 1289 1209
f 1006 1007 1290
f 1006 1290 1289
f 157 1291 211
f 1291 369 211
f 1291 370 369
f 1283 1291 157
f 1292 552 370
f 1292 784 640
f 640 814 1292
f 814 706 1292
f 918 552 1292
f 1283 1284 1292
f 1292 370 1291
f 1283 1292 1291
f 1293 402 401
f 1293 401 465
f 320 402 1294
f 1294 402 1293
f 1295 1037 1036
f 1295 561 1251
f 1037 1296 498
f 1296 1252 498
f 1252 1296 1251
f 1296 1037 1295
f 1251 1296 1295
f 1297 118 117
f 164 118 1298
f 848 164 1298
f 848 1298 847
f 1298 118 1297
f 847 1298 1297
f 1299 215 1
f 1299 216 215
f 286 216 1300
f 1300 216 1299
f 213 1301 359
f 214 1302 213
f 1302 214 324
f 213 1302 1301
f 6 7 1304
f 83 6 1304
f 104 424 1304
f 526 104 1304
f 1304 7 1260
f 1260 526 1304
f 163 1305 299
f 299 1305 300
f 163 164 1306
f 294 560 1306
f 164 600 1306
f 600 892 1306
f 1306 936 108
f 987 294 1306
f 1306 388 1072
f 1072 504 1306
f 1306 1176 1230
f 1305 163 1306
f 1305 1306 300
f 773 1307 968
f 774 1308 773
f 773 1308 1307
f 1309 1098 1097
f 1310 1098 1309
f 1297 117 1311
f 117 227 1313
f 1313 227 1143
f 1311 117 1313
f 1313 1312 1311
f 1143 1144 1314
f 1143 1314 1313
f 1314 1312 1313
f 1315 280 279
f 1316 386 41
f 1316 476 67
f 538 1316 537
f 634 280 1316
f 1316 314 722
f 590 1140 1316
f 1146 298 1316
f 1316 1058 1146
f 1316 1200 590
f 1140 1204 1316
f 1256 476 1316
f 296 1272 1316
f 1315 1316 280
f 537 1316 1315
f 1115 1317 1036
f 35 130 1320
f 112 544 1320
f 1320 544 726
f 784 1320 783
f 794 112 1320
f 1320 130 794
f 1320 934 232
f 1320 566 987
f 200 1128 1320
f 1320 784 1292
f 1284 1320 1292
f 783 1320 1319
f 783 1319 1321
f 302 106 1322
f 1322 486 82
f 176 486 1322
f 1322 106 698
f 790 372 1322
f 1041 176 1322
f 1050 738 1322
f 1080 302 1322
f 1244 1050 1322
f 1319 1320 1322
f 1321 1319 1322
f 240 1326 239
f 300 1326 240
f 239 1326 1325
f 35 1328 34
f 1328 35 1320
f 34 1328 1327
f 1330 828 374
f 1331 706 705
f 1331 1281 917
f 918 1332 917
f 1292 706 1332
f 1332 918 1292
f 1332 706 1331
f 917 1332 1331
f 1333 214 213
f 1333 213 359
f 359 419 1333
f 214 1334 324
f 324 1334 420
f 420 1334 419
f 1334 214 1333
f 419 1334 1333
f 215 1335 1
f 1 1335 417
f 1335 418 417
f 216 1336 215
f 286 1336 216
f 418 1336 286
f 215 1336 1335
f 1336 418 1335
f 1229 287 1337
f 1337 1230 1229
f 836 1338 835
f 1338 836 1306
f 1230 1338 1306
f 835 1338 1337
f 1338 1230 1337
f 459 365 1339
f 365 366 1340
f 365 1340 1339
f 1341 44 355
f 356 1342 355
f 355 1342 1341
f 115 1269 1343
f 1343 1269 1053
f 1344 1054 432
f 1054 1344 1053
f 1053 1344 1343
f 1345 656 655
f 1345 655 1277
f 616 656 1346
f 1346 710 616
f 710 1346 709
f 1346 656 1345
f 709 1346 1345
f 1347 356 355
f 1348 356 1347
f 761 1349 275
f 1349 926 925
f 275 1349 972
f 1349 925 972
f 1350 762 630
f 762 1350 761
f 761 1350 1349
f 1349 1350 926
f 1351 630 629
f 1351 629 839
f 1121 1351 839
f 1352 1350 630
f 926 1350 1352
f 1351 1352 630
f 1353 490 489
f 987 490 1354
f 1354 1324 987
f 1324 1354 1323
f 1354 490 1353
f 1323 1354 1353
f 1355 524 523
f 1355 483 795
f 1261 483 1355
f 523 1261 1355
f 1356 634 524
f 1356 796 634
f 796 1356 795
f 1356 524 1355
f 795 1356 1355
f 849 295 1357
f 1357 850 849
f 850 1358 320
f 1358 850 1357
f 59 1360 58
f 1360 59 634
f 58 1360 1359
f 669 1361 1065
f 841 1363 591
f 1363 1142 1141
f 82 1364 842
f 842 1364 841
f 1142 1364 82
f 841 1364 1363
f 1364 1142 1363
f 635 481 1365
f 277 1367 1004
f 1367 1241 1004
f 1367 1242 1241
f 278 1368 277
f 422 1368 278
f 1242 1368 422
f 277 1368 1367
f 1368 1242 1367
f 1369 377 363
f 1369 378 377
f 1251 1369 363
f 561 1369 1251
f 424 378 1370
f 1370 562 424
f 562 1370 561
f 1370 378 1369
f 561 1370 1369
f 1372 96 53
f 53 540 1372
f 1372 530 584
f 1372 616 206
f 1372 510 694
f 718 1372 717
f 888 862 1372
f 938 1372 71
f 780 997 1372
f 997 906 1372
f 1019 96 1372
f 822 1019 1372
f 1372 368 1064
f 1372 1064 616
f 366 1112 1372
f 1372 1112 368
f 540 1194 1372
f 1340 366 1372
f 718 1352 1372
f 717 1372 1371
f 1083 1006 1373
f 1373 1006 1209
f 1210 1374 1209
f 1209 1374 1373
f 1375 596 595
f 1375 595 1227
f 1376 342 82
f 342 1376 341
f 82 596 1376
f 341 1376 1375
f 1376 596 1375
f 1377 1192 1191
f 616 1192 1378
f 1378 1192 1377
f 413 1379 311
f 1379 1063 311
f 1379 1064 1063
f 1064 1380 616
f 1380 1064 1379
f 1383 1060 1059
f 1384 1060 1383
f 647 1217 1385
f 1387 1204 1203
f 1316 1204 1388
f 1388 1204 1387
f 625 315 1389
f 1389 626 625
f 315 719 1389
f 83 626 1390
f 1390 626 1389
f 1391 875 825
f 1131 875 1391
f 826 1392 825
f 1392 826 1320
f 825 1392 1391
f 1393 906 905
f 1393 905 1215
f 1340 1394 1339
f 906 1394 1372
f 1372 1394 1340
f 1394 906 1393
f 1339 1394 1393
f 1395 1023 1022
f 1023 1396 82
f 1396 1023 1395
f 1397 1351 1121
f 1397 1352 1351
f 1352 1398 1372
f 1398 1352 1397
f 485 1399 197
f 44 1403 355
f 1403 846 845
f 355 1403 1347
f 1403 845 1347
f 45 1404 44
f 1404 45 494
f 846 1404 494
f 44 1404 1403
f 1404 846 1403
f 1405 1173 653
f 1405 1174 1173
f 936 1406 935
f 1406 936 1306
f 1174 1406 1306
f 935 1406 1405
f 1406 1174 1405
f 1407 472 471
f 1407 471 911
f 336 1408 335
f 335 1408 1407
f 1408 472 1407
f 645 499 1409
f 681 645 1409
f 1409 682 681
f 1409 499 1002
f 1003 1410 1002
f 1410 682 1409
f 1002 1410 1409
f 1411 209 121
f 1411 210 209
f 251 1411 121
f 1412 210 1411
f 1413 1235 537
f 1413 1236 1235
f 1315 1413 537
f 1236 1414 320
f 1413 1414 1236
f 1415 841 591
f 701 841 1415
f 592 1416 591
f 1416 592 983
f 591 1416 1415
f 1417 304 303
f 304 1418 394
f 462 1418 461
f 394 1418 882
f 1418 462 882
f 1418 304 1417
f 461 1418 1417
f 1419 664 663
f 987 664 1420
f 1420 664 1419
f 1421 1100 1099
f 1422 428 164
f 428 1422 427
f 164 1100 1422
f 427 1422 1421
f 1422 1100 1421
f 1423 594 593
f 149 1423 909
f 1423 593 909
f 1424 594 1423
f 1425 1274 1273
f 808 1426 807
f 1322 1426 808
f 1274 1426 1322
f 807 1426 1425
f 1426 1274 1425
f 268 1428 267
f 1428 268 616
f 267 1428 1427
f 233 141 1429
f 1429 234 233
f 616 234 1430
f 1430 234 1429
f 1431 638 637
f 1183 1431 547
f 638 1432 382
f 1432 1184 382
f 1184 1432 1183
f 1432 638 1431
f 1183 1432 1431
f 1433 67 66
f 1316 67 1434
f 1434 67 1433
f 597 1435 743
f 598 1436 597
f 597 1436 1435
f 1437 473 381
f 1437 1110 1109
f 382 1438 381
f 381 1438 1437
f 1438 1110 1437
f 128 1440 127
f 300 1440 128
f 127 1440 1439
f 1441 574 573
f 601 1441 589
f 1441 573 1139
f 589 1441 1139
f 434 574 1442
f 1442 602 434
f 602 1442 601
f 1442 574 1441
f 601 1442 1441
f 1445 1071 217
f 503 1071 1445
f 218 1446 217
f 594 1446 218
f 217 1446 1445
f 1449 162 161
f 1449 165 1095
f 1096 1450 1095
f 1450 162 1449
f 1095 1450 1449
f 1451 738 737
f 1451 737 964
f 789 1451 1103
f 1103 1451 964
f 790 1452 789
f 1322 738 1452
f 1452 790 1322
f 1452 738 1451
f 789 1452 1451
f 1455 344 343
f 1455 343 1034
f 174 2 1456
f 174 1456 173
f 2 872 1456
f 1456 872 344
f 173 1456 1455
f 1456 344 1455
f 1458 928 122
f 928 1458 927
f 927 1458 1457
f 1459 45 44
f 1341 1459 44
f 879 1459 1341
f 494 45 1460
f 1460 880 494
f 880 1460 879
f 1460 45 1459
f 879 1460 1459
f 1461 384 383
f 663 664 1462
f 384 1462 987
f 1462 664 987
f 1462 384 1461
f 663 1462 1461
f 1463 959 958
f 959 1464 122
f 1464 959 1463
f 200 1466 199
f 1320 1466 200
f 199 1466 1465
f 1467 800 799
f 1467 799 1447
f 1157 1467 1447
f 800 1468 424
f 1468 1158 424
f 1158 1468 1157
f 1468 800 1467
f 1157 1468 1467
f 699 333 1469
f 1473 1237 1
f 1473 1238 1237
f 1238 1474 248
f 1474 1238 1473
f 1476 1240 324
f 1240 1476 1239
f 1239 1476 1475
f 1477 166 165
f 1044 1477 161
f 161 1477 1449
f 1477 165 1449
f 1045 1478 1044
f 1478 166 1477
f 1044 1478 1477
f 606 604 1480
f 1480 604 1047
f 1479 1481 1480
f 318 606 1482
f 1046 318 1482
f 1482 606 1480
f 1481 1482 1480
f 612 610 1484
f 1484 610 939
f 1483 1485 1484
f 614 612 1486
f 1486 612 1484
f 1485 1486 1484
f 1487 668 667
f 1487 667 1169
f 1488 668 1487
f 99 1489 805
f 94 1490 100
f 100 1490 99
f 99 1490 1489
f 1491 704 703
f 704 1492 82
f 1492 1198 82
f 1198 1492 1197
f 1492 704 1491
f 1197 1492 1491
f 1493 1317 1115
f 1493 1318 1317
f 1318 1494 424
f 1494 1318 1493
f 300 1496 1152
f 1152 1496 1151
f 1151 1496 1495
f 385 1497 40
f 193 1497 385
f 194 1498 193
f 1498 194 320
f 193 1498 1497
f 1499 460 459
f 459 1339 1499
f 1499 1393 1215
f 1339 1393 1499
f 460 1500 987
f 987 1500 1216
f 1216 1500 1215
f 1500 460 1499
f 1215 1500 1499
f 1501 870 869
f 915 649 1501
f 869 915 1501
f 870 1502 1015
f 1502 870 1501
f 1503 1132 1131
f 1132 1504 616
f 1504 1132 1503
f 1505 126 125
f 125 1159 1505
f 1159 837 1505
f 1506 126 1505
f 1507 632 631
f 1320 632 1508
f 1508 632 1507
f 1509 440 439
f 1509 439 1197
f 1491 1509 1197
f 440 1510 382
f 1510 440 1509
f 1513 832 831
f 831 1323 1513
f 1323 1353 1513
f 37 160 1514
f 160 274 1514
f 1514 274 238
f 1514 832 1513
f 1515 1378 1377
f 1516 656 616
f 656 1516 655
f 1378 1516 616
f 655 1516 1515
f 1515 1516 1378
f 1289 1517 1209
f 1290 1518 1289
f 1289 1518 1517
f 30 1519 429
f 1521 717 379
f 1521 718 717
f 926 1522 925
f 1352 718 1522
f 1522 926 1352
f 1522 718 1521
f 925 1522 1521
f 124 1524 123
f 1524 124 164
f 123 1524 1523
f 1525 1137 89
f 1525 1454 1453
f 90 1526 89
f 1320 1526 90
f 1454 1526 1320
f 89 1526 1525
f 1526 1454 1525
f 843 1527 881
f 844 1528 843
f 1528 844 1066
f 843 1528 1527
f 557 767 1529
f 767 635 1529
f 1529 635 1365
f 1330 1530 1366
f 1366 1530 1365
f 1365 1530 1529
f 76 1531 1
f 1 1531 181
f 1531 182 181
f 77 1532 76
f 76 1532 1531
f 1532 182 1531
f 1533 79 78
f 359 1533 78
f 359 183 1533
f 184 1534 183
f 79 1534 324
f 1534 184 324
f 1534 79 1533
f 183 1534 1533
f 409 1535 14
f 1535 966 14
f 1535 967 966
f 1026 1535 409
f 967 1536 424
f 1536 1027 424
f 1027 1536 1026
f 1536 967 1535
f 1026 1536 1535
f 996 779 1537
f 1537 779 1024
f 1215 996 1537
f 1537 1216 1215
f 1538 1025 987
f 1025 1538 1024
f 1216 1538 987
f 1024 1538 1537
f 1538 1216 1537
f 1277 655 1539
f 1539 1278 1277
f 655 1515 1539
f 1278 1540 1320
f 1539 1540 1278
f 120 1542 119
f 1542 120 832
f 1514 1542 832
f 119 1542 1541
f 1544 1108 422
f 1108 1544 1107
f 1107 1544 1543
f 1545 969 968
f 968 1307 1545
f 969 1546 140
f 140 1546 1330
f 1330 1546 1329
f 1546 969 1545
f 1329 1546 1545
f 1065 1547 889
f 1361 1547 1065
f 1548 1362 987
f 1362 1548 1361
f 1361 1548 1547
f 74 1549 32
f 1549 225 32
f 1549 226 225
f 226 1550 82
f 1550 226 1549
f 659 243 1551
f 1551 660 659
f 1551 701 1415
f 660 1552 983
f 983 1552 1416
f 1416 1552 1415
f 1552 660 1551
f 1415 1552 1551
f 707 699 1553
f 1553 699 1469
f 1554 1470 1015
f 1470 1554 1469
f 1469 1554 1553
f 1105 1555 715
f 1106 1556 1105
f 1556 1106 1316
f 1105 1556 1555
f 1557 364 363
f 1557 377 187
f 363 377 1557
f 187 188 1558
f 1558 760 364
f 1558 188 1015
f 1436 598 1558
f 187 1558 1557
f 1558 364 1557
f 1559 598 597
f 1558 598 1560
f 1560 598 1559
f 1562 1360 634
f 1360 1562 1359
f 1359 1562 1561
f 91 1563 12
f 1563 1201 12
f 1563 1202 1201
f 1202 1564 300
f 1564 1202 1563
f 787 1565 89
f 1566 788 616
f 787 788 1566
f 787 1566 1565
f 1567 129 18
f 1567 622 621
f 793 129 1567
f 621 793 1567
f 19 1568 18
f 1568 19 616
f 622 1568 616
f 18 1568 1567
f 1568 622 1567
f 577 1569 1561
f 1561 1569 1359
f 1570 578 320
f 578 1570 577
f 577 1570 1569
f 829 1571 91
f 1571 1563 91
f 1571 1564 1563
f 1564 1572 300
f 1572 1564 1571
f 1041 1574 1040
f 1322 1574 1041
f 1040 1574 1573
f 1577 1210 1209
f 1209 1517 1577
f 1578 1210 1577
f 1581 1423 149
f 1581 1424 1423
f 1208 1582 1207
f 1207 1582 1581
f 1582 1424 1581
f 1583 562 561
f 1583 561 1295
f 1036 1583 1295
f 1317 1583 1036
f 562 1584 424
f 424 1584 1318
f 1318 1584 1317
f 1584 562 1583
f 1317 1584 1583
f 942 1586 1512
f 1511 1512 1586
f 1511 1586 1585
f 1587 536 535
f 535 835 1587
f 835 1337 1587
f 594 536 1588
f 1588 536 1587
f 1589 806 805
f 805 1489 1589
f 1589 553 1585
f 806 1590 83
f 83 1590 942
f 1590 1586 942
f 1586 1590 1585
f 1590 806 1589
f 1585 1590 1589
f 1591 1225 1171
f 1591 1226 1225
f 1381 1591 1171
f 434 1226 1592
f 1592 1382 434
f 1381 1382 1592
f 1592 1226 1591
f 1381 1592 1591
f 131 1593 893
f 1593 894 893
f 1579 1593 131
f 1144 894 1594
f 1594 1580 1144
f 1580 1594 1579
f 1594 894 1593
f 1579 1594 1593
f 1595 504 503
f 504 1596 1306
f 1306 1596 1402
f 1402 1596 1401
f 1596 504 1595
f 1401 1596 1595
f 828 1598 827
f 1598 828 1330
f 827 1598 1597
f 1599 758 757
f 1599 647 1385
f 758 1600 94
f 94 1600 1234
f 1600 1386 1234
f 1386 1600 1385
f 1600 758 1599
f 1385 1600 1599
f 1601 56 48
f 1601 686 685
f 49 1602 48
f 1602 49 524
f 686 1602 524
f 48 1602 1601
f 1602 686 1601
f 703 1603 1491
f 1603 1509 1491
f 1603 1510 1509
f 1510 1604 382
f 1604 1510 1603
f 1605 1240 1239
f 1606 448 324
f 448 1606 447
f 324 1240 1606
f 447 1606 1605
f 1606 1240 1605
f 1 1607 445
f 1607 446 445
f 1237 1607 1
f 248 446 1608
f 248 1608 1238
f 1238 1608 1237
f 1608 446 1607
f 1237 1608 1607
f 1609 775 549
f 1609 776 775
f 776 1610 382
f 1610 904 508
f 983 971 1610
f 983 1610 982
f 1228 904 1610
f 382 1610 1438
f 1610 1110 1438
f 1609 1610 776
f 982 1610 1609
f 817 1613 818
f 585 1613 1195
f 1195 1613 817
f 1614 585 586
f 620 1614 586
f 818 1614 620
f 1613 585 1614
f 818 1613 1614
f 1615 583 509
f 583 1615 584
f 819 1615 509
f 1616 819 820
f 584 1616 1372
f 1616 820 1372
f 584 1615 1616
f 1615 819 1616
f 719 545 1617
f 1389 719 1617
f 1617 1390 1389
f 1390 1618 83
f 1618 1390 1617
f 733 1621 1
f 1 1621 1299
f 1621 1300 1299
f 734 286 1622
f 734 1622 733
f 286 1300 1622
f 733 1622 1621
f 1622 1300 1621
f 359 1623 735
f 1623 736 735
f 1301 1623 359
f 736 1624 324
f 324 1624 1302
f 1302 1624 1301
f 1624 736 1623
f 1301 1624 1623
f 1625 726 725
f 141 1625 1429
f 141 142 1626
f 1626 142 1320
f 726 1626 1320
f 141 1626 1625
f 1626 726 1625
f 389 395 1627
f 1179 389 1627
f 1627 1180 1179
f 1180 1628 82
f 1627 1628 1180
f 923 599 1629
f 1629 924 923
f 599 1155 1629
f 924 1630 1514
f 1630 924 1629
f 205 1631 206
f 509 1631 205
f 206 1632 1372
f 206 1631 1632
f 207 1633 1195
f 1634 207 208
f 208 620 1634
f 1633 207 1634
f 38 1635 303
f 777 461 1635
f 1635 778 777
f 1635 1417 303
f 461 1417 1635
f 39 1636 38
f 38 1636 1635
f 1636 778 1635
f 1637 61 60
f 23 1638 22
f 22 1638 1637
f 1638 61 1637
f 1497 1641 40
f 1642 1498 320
f 1498 1642 1497
f 1497 1642 1641
f 334 1644 333
f 424 1644 334
f 333 1644 1643
f 1645 1010 783
f 1645 1011 1010
f 1321 1645 783
f 1011 1646 82
f 82 1646 1322
f 1321 1322 1646
f 1646 1011 1645
f 1321 1646 1645
f 1647 1571 829
f 1647 1572 1571
f 17 1648 16
f 1648 17 300
f 300 1572 1648
f 16 1648 1647
f 1648 1572 1647
f 301 1079 1649
f 1649 1079 984
f 1650 985 122
f 985 1650 984
f 984 1650 1649
f 1651 1397 1121
f 1651 1420 1419
f 1652 1122 987
f 1122 1652 1121
f 1420 1652 987
f 1121 1652 1651
f 1652 1420 1651
f 1653 348 347
f 359 135 1653
f 1653 347 359
f 136 1654 135
f 324 1654 136
f 348 1654 324
f 135 1654 1653
f 1654 348 1653
f 1655 137 1
f 1655 138 137
f 345 1655 1
f 346 1656 345
f 658 138 1656
f 1656 346 658
f 1656 138 1655
f 345 1656 1655
f 1637 60 1657
f 511 1659 512
f 1659 511 613
f 620 512 1660
f 512 1659 1660
f 1661 887 509
f 1662 509 510
f 1662 510 1372
f 1661 509 1662
f 1663 298 297
f 297 1123 1663
f 1123 715 1663
f 715 1555 1663
f 298 1664 1316
f 1316 1664 1556
f 1556 1664 1555
f 1664 298 1663
f 1555 1664 1663
f 661 1665 159
f 1666 662 164
f 662 1666 661
f 661 1666 1665
f 1667 357 139
f 375 357 1667
f 481 375 1667
f 1365 481 1667
f 1667 1366 1365
f 140 1668 139
f 1668 140 1330
f 1668 1330 1366
f 139 1668 1667
f 1668 1366 1667
f 1669 41 40
f 40 1641 1669
f 1058 1670 1057
f 41 1670 1316
f 1670 1058 1316
f 1670 41 1669
f 1057 1670 1669
f 1671 592 591
f 1671 1141 229
f 591 1363 1671
f 1363 1141 1671
f 230 1672 229
f 983 1672 230
f 592 1672 983
f 229 1672 1671
f 1672 592 1671
f 1673 250 249
f 425 785 1673
f 1673 249 1219
f 425 1673 1219
f 786 1674 785
f 250 1674 1066
f 1066 1674 786
f 1674 250 1673
f 785 1674 1673
f 1675 245 1093
f 1094 1676 1093
f 1094 1598 1676
f 1093 1676 1675
f 911 471 1677
f 1677 912 911
f 1678 912 1677
f 575 982 1679
f 1679 1187 575
f 1679 1188 1187
f 1679 1609 549
f 982 1609 1679
f 1680 550 82
f 550 1680 549
f 1188 1680 82
f 549 1680 1679
f 1680 1188 1679
f 1627 395 1681
f 1681 1628 1627
f 1628 1682 82
f 1682 1628 1681
f 1683 1106 1105
f 295 1683 1357
f 296 1684 295
f 1316 1684 296
f 1106 1684 1316
f 295 1684 1683
f 1684 1106 1683
f 1685 907 42
f 383 907 1685
f 567 167 1687
f 1687 568 567
f 1612 1688 1611
f 1688 568 1687
f 1611 1688 1687
f 341 1375 1689
f 1689 1375 1227
f 1228 1690 1227
f 1690 1228 1610
f 1227 1690 1689
f 251 1691 425
f 1691 785 425
f 1691 786 785
f 252 1692 251
f 1066 1692 252
f 786 1692 1066
f 251 1692 1691
f 1692 786 1691
f 1693 1682 1681
f 82 1694 320
f 1694 402 320
f 402 1694 401
f 82 1682 1694
f 401 1694 1693
f 1694 1682 1693
f 1696 1566 616
f 1566 1696 1565
f 1565 1696 1695
f 159 1697 273
f 1665 1697 159
f 164 1698 1666
f 1666 1698 1665
f 1665 1698 1697
f 1135 1699 109
f 1699 1153 109
f 1699 1154 1153
f 432 1700 434
f 1154 1700 432
f 1700 1154 1699
f 1701 1379 413
f 1701 1380 1379
f 616 1380 1702
f 1702 1380 1701
f 1703 692 691
f 894 1704 893
f 692 1704 1144
f 1704 894 1144
f 1704 692 1703
f 893 1704 1703
f 927 1705 441
f 1707 444 443
f 169 1707 1091
f 1707 443 1091
f 424 444 1708
f 1708 444 1707
f 1709 548 547
f 1709 637 1205
f 547 1431 1709
f 1431 637 1709
f 548 1710 82
f 1710 1206 82
f 1206 1710 1205
f 1710 548 1709
f 1205 1710 1709
f 1711 1279 571
f 1711 1280 1279
f 1712 1280 1711
f 1713 372 371
f 1713 371 771
f 1322 372 1714
f 1714 372 1713
f 1715 312 311
f 311 367 1715
f 367 1111 1715
f 1715 1111 459
f 459 460 1716
f 987 312 1716
f 1716 460 987
f 1716 312 1715
f 459 1716 1715
f 1717 198 197
f 197 803 1717
f 198 1718 82
f 1718 1472 82
f 1472 1718 1471
f 1718 198 1717
f 1471 1718 1717
f 1719 892 891
f 1719 891 923
f 490 1720 489
f 1720 490 987
f 1306 892 1720
f 1306 1720 987
f 489 1720 1719
f 1720 892 1719
f 1721 380 379
f 379 717 1721
f 717 1371 1721
f 380 1722 943
f 1722 380 1721
f 1723 260 259
f 391 1723 1189
f 260 1724 164
f 164 1724 392
f 392 1724 391
f 1724 260 1723
f 391 1724 1723
f 1309 1151 1725
f 1725 1310 1309
f 1151 1495 1725
f 31 1726 30
f 30 1726 1725
f 1726 1310 1725
f 861 1727 862
f 763 1727 887
f 887 1727 861
f 1728 763 764
f 1728 764 1372
f 1372 862 1728
f 1727 763 1728
f 862 1727 1728
f 765 1729 766
f 1729 765 885
f 863 1729 885
f 620 766 1730
f 1730 864 620
f 1730 863 864
f 766 1729 1730
f 1729 863 1730
f 1325 1731 781
f 1732 1326 300
f 1326 1732 1325
f 1325 1732 1731
f 1733 11 10
f 1113 1733 563
f 11 1734 616
f 1734 1114 616
f 1114 1734 1113
f 1734 11 1733
f 1113 1734 1733
f 1735 1714 1713
f 1274 1736 1273
f 1736 1274 1322
f 1322 1714 1736
f 1273 1736 1735
f 1736 1714 1735
f 1737 958 1275
f 1463 958 1737
f 1471 1463 1737
f 1737 1472 1471
f 1738 1276 82
f 1275 1276 1738
f 82 1472 1738
f 1275 1738 1737
f 1738 1472 1737
f 1739 469 54
f 54 55 1740
f 1740 55 84
f 54 1740 1739
f 261 1741 349
f 349 1741 453
f 1741 1257 453
f 1741 1258 1257
f 262 1742 261
f 261 1742 1741
f 1742 1258 1741
f 1743 148 147
f 147 189 1743
f 189 1211 1743
f 148 1744 432
f 1744 148 1743
f 1745 883 777
f 778 1746 777
f 777 1746 1745
f 1747 204 203
f 992 1747 237
f 464 156 1748
f 1748 156 668
f 993 1748 992
f 1007 1084 1748
f 1290 1007 1748
f 1408 336 1748
f 472 1408 1748
f 668 1488 1748
f 1748 1518 1290
f 1748 204 1747
f 992 1748 1747
f 1749 572 571
f 1749 265 833
f 571 1279 1749
f 572 1750 140
f 1750 834 140
f 834 1750 833
f 1750 572 1749
f 833 1750 1749
f 501 153 1751
f 860 1752 859
f 859 1752 1751
f 1753 1131 1391
f 1503 1131 1753
f 1320 1754 1392
f 1392 1754 1391
f 1391 1754 1753
f 1755 1519 30
f 1755 1520 1519
f 1725 1755 30
f 1725 1495 1755
f 1756 1496 300
f 1495 1496 1756
f 1520 1756 300
f 1495 1756 1755
f 1756 1520 1755
f 1757 1580 1579
f 1039 1758 1038
f 1144 1758 1039
f 1580 1758 1144
f 1038 1758 1757
f 1758 1580 1757
f 889 1761 831
f 1761 1323 831
f 1761 1324 1323
f 1547 1761 889
f 1324 1762 987
f 987 1762 1548
f 1548 1762 1547
f 1762 1324 1761
f 1547 1762 1761
f 1047 1766 1480
f 1479 1480 1766
f 1765 1479 1766
f 1767 1481 1479
f 1481 1767 1482
f 1765 1767 1479
f 1046 1768 1047
f 1482 1768 1046
f 1768 1766 1047
f 1765 1766 1768
f 1767 1768 1482
f 1767 1765 1768
f 939 330 1770
f 1484 939 1770
f 1483 1484 1770
f 1769 1483 1770
f 1771 1485 1483
f 1485 1771 1486
f 1769 1771 1483
f 330 332 1772
f 332 614 1772
f 1772 614 1486
f 1770 330 1772
f 1769 1770 1772
f 1771 1772 1486
f 1771 1769 1772
f 463 1773 1181
f 464 1774 463
f 1774 464 1748
f 463 1774 1773
f 887 1775 1193
f 1193 1775 1194
f 1372 1194 1776
f 1194 1775 1776
f 613 1195 1777
f 620 1778 1196
f 1778 1195 1196
f 1777 1195 1778
f 1779 812 811
f 811 935 1779
f 1779 1405 653
f 935 1405 1779
f 1780 654 594
f 654 1780 653
f 594 812 1780
f 653 1780 1779
f 1780 812 1779
f 1353 489 1781
f 1513 1353 1781
f 1781 1514 1513
f 1781 489 1719
f 923 1781 1719
f 924 1782 923
f 1782 924 1514
f 923 1782 1781
f 1782 1514 1781
f 1383 1038 1783
f 1783 1384 1383
f 1783 1579 131
f 1038 1757 1783
f 1783 1757 1579
f 132 1784 131
f 131 1784 1783
f 1784 1384 1783
f 972 925 1785
f 1785 973 972
f 1785 1521 379
f 925 1521 1785
f 380 1786 379
f 943 1786 380
f 973 1786 943
f 379 1786 1785
f 1786 973 1785
f 1787 1177 827
f 1787 1178 1177
f 1597 1787 827
f 899 1787 1597
f 164 1788 900
f 900 1788 899
f 1178 1788 164
f 899 1788 1787
f 1788 1178 1787
f 1789 140 139
f 289 22 1789
f 139 289 1789
f 1789 22 1637
f 1657 1789 1637
f 1790 1658 140
f 1658 1790 1657
f 1790 140 1789
f 1657 1790 1789
f 1791 438 437
f 224 1792 223
f 1792 224 494
f 438 1792 494
f 223 1792 1791
f 1791 1792 438
f 395 1793 1681
f 1681 1793 1693
f 396 382 1794
f 396 1794 395
f 395 1794 1793
f 1795 224 223
f 1795 223 859
f 153 1795 1751
f 1751 1795 859
f 154 1796 153
f 1796 154 494
f 494 224 1796
f 153 1796 1795
f 1796 224 1795
f 1273 1735 1797
f 505 1799 883
f 883 1799 976
f 1799 977 976
f 505 506 1800
f 505 1800 1799
f 1800 977 1799
f 1801 858 857
f 881 1801 857
f 881 1213 1801
f 1066 858 1802
f 1802 1214 1066
f 1214 1802 1213
f 1802 858 1801
f 1213 1802 1801
f 1803 748 747
f 747 797 1803
f 536 1804 535
f 1804 536 594
f 748 1804 594
f 535 1804 1803
f 1804 748 1803
f 948 643 1805
f 1805 949 948
f 84 1806 866
f 866 1806 865
f 84 949 1806
f 865 1806 1805
f 1806 949 1805
f 1807 496 495
f 1807 495 683
f 1808 352 320
f 352 1808 351
f 320 496 1808
f 351 1808 1807
f 1808 496 1807
f 1809 680 679
f 731 665 1809
f 679 731 1809
f 665 769 1809
f 1809 769 933
f 934 1810 933
f 680 1810 1320
f 1810 934 1320
f 1810 680 1809
f 933 1810 1809
f 85 1811 946
f 946 1811 1133
f 1811 1401 1133
f 1811 1402 1401
f 86 1812 85
f 1812 86 300
f 1306 1812 300
f 1402 1812 1306
f 85 1812 1811
f 1812 1402 1811
f 587 1813 1119
f 1119 1813 837
f 588 1814 587
f 587 1814 1813
f 1815 1108 1107
f 1815 1107 1611
f 167 1815 1687
f 1687 1815 1611
f 168 1816 167
f 1816 168 424
f 422 1816 424
f 1108 1816 422
f 167 1816 1815
f 1816 1108 1815
f 1817 803 197
f 1817 804 803
f 1399 1817 197
f 804 1818 122
f 122 1818 1400
f 1400 1818 1399
f 1818 804 1817
f 1399 1818 1817
f 1076 1820 1075
f 1306 1820 1076
f 1075 1820 1819
f 807 1425 1821
f 1763 807 1821
f 1821 1764 1763
f 1764 1822 122
f 1822 1764 1821
f 1823 1713 771
f 1735 1713 1823
f 1797 1735 1823
f 1823 1798 1797
f 1824 772 122
f 772 1824 771
f 1798 1824 122
f 771 1824 1823
f 1824 1798 1823
f 1825 142 141
f 1825 141 233
f 1453 1825 233
f 1320 142 1826
f 1826 1454 1320
f 1454 1826 1453
f 1826 142 1825
f 1453 1826 1825
f 1827 1161 998
f 1827 1162 1161
f 1320 1162 1828
f 1828 1162 1827
f 60 1829 1657
f 1829 1712 1711
f 61 1830 60
f 60 1830 1829
f 1830 1712 1829
f 1831 1549 74
f 1831 1550 1549
f 1832 308 82
f 308 1832 307
f 82 1550 1832
f 307 1832 1831
f 1832 1550 1831
f 1469 333 1833
f 1833 1470 1469
f 1833 1643 169
f 333 1643 1833
f 170 1834 169
f 1015 1834 170
f 1470 1834 1015
f 169 1834 1833
f 1834 1470 1833
f 845 501 1835
f 1347 845 1835
f 1835 1348 1347
f 1835 501 1751
f 1752 1836 1751
f 1836 1348 1835
f 1751 1836 1835
f 1837 1398 1397
f 1419 663 1837
f 663 1461 1837
f 1837 1397 1651
f 1419 1837 1651
f 1372 1398 1838
f 1838 1398 1837
f 1839 1284 1283
f 632 1840 631
f 1840 632 1320
f 1284 1840 1320
f 631 1840 1839
f 1840 1284 1839
f 649 1157 1841
f 1841 1157 1447
f 1501 649 1841
f 1841 1502 1501
f 1842 1448 1015
f 1448 1842 1447
f 1015 1502 1842
f 1447 1842 1841
f 1842 1502 1841
f 1598 1844 1676
f 1676 1844 1675
f 1675 1844 1843
f 1845 1705 927
f 1845 1706 1705
f 1322 1706 1846
f 1846 1706 1845
f 1847 654 653
f 653 1173 1847
f 654 1848 594
f 594 1848 748
f 748 1848 747
f 1848 654 1847
f 747 1848 1847
f 1849 1191 565
f 1377 1191 1849
f 566 1850 565
f 1850 566 1320
f 565 1850 1849
f 1853 1208 1207
f 1853 1207 1511
f 553 1853 1585
f 1585 1853 1511
f 92 13 1854
f 13 408 1854
f 1854 31 430
f 554 94 1854
f 554 1854 553
f 1854 830 92
f 1854 408 1078
f 94 1098 1854
f 1854 947 1134
f 1286 947 1854
f 1854 1098 1310
f 1726 31 1854
f 1310 1726 1854
f 553 1854 1853
f 1853 1854 1208
f 1855 1123 297
f 1855 1124 1123
f 1145 1855 297
f 1124 1856 320
f 1856 1124 1855
f 1275 1857 1276
f 82 1858 84
f 1276 1858 82
f 1857 1858 1276
f 671 1859 675
f 671 677 1859
f 677 673 1859
f 1859 673 1059
f 1859 1857 675
f 1857 1859 1858
f 84 1860 1060
f 1059 1060 1860
f 1858 1860 84
f 1859 1059 1860
f 1859 1860 1858
f 114 1862 113
f 1862 114 320
f 113 1862 1861
f 1863 437 623
f 859 223 1863
f 1863 860 859
f 223 1791 1863
f 1863 1791 437
f 624 1864 623
f 623 1864 1863
f 1863 1864 860
f 1865 259 899
f 1865 1190 1189
f 1865 899 1597
f 1723 259 1865
f 1189 1723 1865
f 1190 1866 1094
f 1866 1598 1094
f 1598 1866 1597
f 1866 1190 1865
f 1597 1866 1865
f 1867 722 721
f 1867 721 1129
f 722 1868 1316
f 1868 722 1867
f 339 1869 1055
f 1869 1494 1493
f 340 1870 339
f 424 1870 340
f 1494 1870 424
f 339 1870 1869
f 1870 1494 1869
f 1871 1430 1429
f 1625 725 1871
f 1429 1625 1871
f 1430 1872 616
f 1872 1430 1871
f 257 1873 269
f 1255 1873 257
f 1256 1874 1255
f 1874 1256 1316
f 1255 1874 1873
f 1875 661 36
f 1875 662 661
f 1523 1875 36
f 662 1876 164
f 164 1876 1524
f 1524 1876 1523
f 1876 662 1875
f 1523 1876 1875
f 1877 86 85
f 1877 85 1285
f 300 86 1878
f 1878 1732 300
f 1732 1878 1731
f 1878 86 1877
f 1731 1878 1877
f 1879 1084 1083
f 1879 1083 1373
f 1748 1084 1880
f 1880 1084 1879
f 1883 513 245
f 691 513 1883
f 246 1884 245
f 245 1884 1883
f 1885 848 847
f 471 1885 1677
f 472 1886 471
f 1886 993 848
f 472 1748 1886
f 1748 993 1886
f 471 1886 1885
f 1886 848 1885
f 1887 110 109
f 1887 1231 685
f 110 1888 524
f 524 1888 686
f 686 1888 685
f 1888 110 1887
f 685 1888 1887
f 1889 336 335
f 1517 1889 1577
f 1518 1890 1517
f 336 1890 1748
f 1890 1518 1748
f 1890 336 1889
f 1517 1890 1889
f 1891 749 171
f 1891 750 749
f 750 1892 524
f 524 1892 1640
f 1640 1892 1639
f 1892 750 1891
f 1639 1892 1891
f 1893 1759 1819
f 1894 1820 1306
f 1819 1820 1894
f 1819 1894 1893
f 1895 467 931
f 1217 467 1895
f 1385 1217 1895
f 1895 1386 1385
f 932 1896 931
f 1896 932 1386
f 931 1896 1895
f 1896 1386 1895
f 1897 266 265
f 1897 265 1749
f 1279 1897 1749
f 1280 1898 1279
f 1898 266 1897
f 1279 1898 1897
f 425 1899 251
f 1899 1411 251
f 1899 1412 1411
f 426 1900 425
f 425 1900 1899
f 1900 1412 1899
f 1901 25 24
f 1901 24 1075
f 1819 1901 1075
f 1759 1901 1819
f 594 25 1902
f 1902 1760 594
f 1760 1902 1759
f 1902 25 1901
f 1759 1902 1901
f 1721 1371 1903
f 1903 1722 1721
f 943 1904 938
f 1904 1372 938
f 1371 1372 1904
f 1722 1904 943
f 1903 1371 1904
f 1903 1904 1722
f 531 1905 532
f 1195 1905 531
f 727 1905 1195
f 532 1906 620
f 620 1906 728
f 1906 727 728
f 532 1905 1906
f 1905 727 1906
f 509 529 1907
f 1907 729 509
f 729 1907 730
f 1908 529 530
f 1908 530 1372
f 730 1908 1372
f 1907 529 1908
f 730 1907 1908
f 1909 1105 715
f 1909 1358 1357
f 1683 1105 1909
f 1357 1683 1909
f 320 1910 716
f 716 1910 715
f 1358 1910 320
f 715 1910 1909
f 1910 1358 1909
f 273 1911 237
f 1911 992 237
f 1911 993 992
f 1697 1911 273
f 993 1912 164
f 1912 1698 164
f 1698 1912 1697
f 1912 993 1911
f 1697 1912 1911
f 1913 132 131
f 131 893 1913
f 1913 1703 691
f 893 1703 1913
f 1913 691 1883
f 1884 1914 1883
f 1914 132 1913
f 1883 1914 1913
f 1915 168 167
f 1915 167 567
f 1125 1915 567
f 745 1915 1125
f 424 168 1916
f 1916 746 424
f 746 1916 745
f 1915 1916 168
f 745 1916 1915
f 1185 1917 1135
f 1917 1699 1135
f 1917 1700 1699
f 1700 1918 434
f 1918 1700 1917
f 1919 57 56
f 1231 1919 685
f 1919 56 1601
f 685 1919 1601
f 981 162 1920
f 981 1920 432
f 1096 57 1920
f 1920 1232 432
f 1232 1920 1231
f 162 1450 1920
f 1920 1450 1096
f 1920 57 1919
f 1231 1920 1919
f 1921 534 533
f 616 534 1922
f 1922 534 1921
f 1924 1130 434
f 1130 1924 1129
f 1129 1924 1923
f 729 1925 509
f 509 1925 1631
f 1631 1925 1632
f 1926 729 730
f 1372 1926 730
f 1632 1926 1372
f 1925 729 1926
f 1632 1925 1926
f 727 1927 728
f 1927 727 1195
f 1195 1633 1927
f 620 728 1928
f 620 1928 1634
f 1928 1633 1634
f 728 1927 1928
f 1927 1633 1928
f 1073 1929 1117
f 82 1930 1074
f 1074 1930 1073
f 1073 1930 1929
f 1077 239 1931
f 1931 1078 1077
f 239 1325 1931
f 1931 1325 781
f 782 1932 781
f 1932 782 1854
f 1078 1932 1854
f 781 1932 1931
f 1932 1078 1931
f 309 427 1933
f 1155 309 1933
f 1629 1155 1933
f 1933 1630 1629
f 1514 1630 1934
f 1934 1630 1933
f 919 291 1935
f 1935 920 919
f 1170 1936 1169
f 1936 920 1935
f 1169 1936 1935
f 1069 1087 1937
f 1937 1087 1175
f 1176 1938 1175
f 1938 1176 1306
f 1175 1938 1937
f 1939 961 960
f 960 1443 1939
f 742 1940 741
f 741 1940 1939
f 1940 961 1939
f 1941 108 107
f 387 1941 133
f 1941 107 811
f 133 1941 811
f 388 1942 387
f 108 1942 1306
f 1942 388 1306
f 1942 108 1941
f 387 1942 1941
f 847 1297 1943
f 1943 1297 1311
f 1943 1678 1677
f 1885 847 1943
f 1677 1885 1943
f 1312 1944 1311
f 1311 1944 1943
f 1944 1678 1943
f 931 20 1945
f 1945 932 931
f 932 1946 1386
f 1386 1946 1882
f 1882 1946 1881
f 1946 932 1945
f 1881 1946 1945
f 175 1947 485
f 954 1947 175
f 1947 1399 485
f 1947 1400 1399
f 1948 955 122
f 955 1948 954
f 1400 1948 122
f 954 1948 1947
f 1948 1400 1947
f 657 285 1949
f 1253 657 1949
f 1949 1254 1253
f 1254 1950 634
f 1950 1254 1949
f 1951 1152 1151
f 1263 1951 1097
f 1097 1951 1309
f 1951 1151 1309
f 1152 1952 300
f 1952 1264 300
f 1264 1952 1263
f 1952 1152 1951
f 1263 1952 1951
f 695 1953 613
f 1954 696 620
f 1954 695 696
f 1953 695 1954
f 1955 693 615
f 693 1955 694
f 694 1956 1372
f 694 1955 1956
f 1957 1576 1575
f 1576 1958 382
f 1958 1576 1957
f 1959 533 679
f 1959 1128 1127
f 1921 533 1959
f 1127 1921 1959
f 680 1960 679
f 1320 1960 680
f 1128 1960 1320
f 679 1960 1959
f 1960 1128 1959
f 1461 383 1961
f 1961 383 1685
f 1837 1461 1961
f 1961 1838 1837
f 1962 1686 1372
f 1686 1962 1685
f 1838 1962 1372
f 1685 1962 1961
f 1962 1838 1961
f 1059 1042 1963
f 1059 1963 1383
f 1964 27 752
f 752 450 1964
f 450 868 1964
f 39 920 1964
f 1964 953 914
f 1964 868 977
f 1009 27 1964
f 914 1009 1964
f 1043 210 1964
f 1042 1043 1964
f 1170 902 1964
f 1964 902 1182
f 426 1220 1964
f 1220 953 1964
f 1314 1144 1964
f 1312 1314 1964
f 1964 1374 1210
f 210 1412 1964
f 1210 1578 1964
f 1636 39 1964
f 1964 778 1636
f 912 1678 1964
f 1746 778 1964
f 1800 506 1964
f 977 1800 1964
f 1964 1900 426
f 1412 1900 1964
f 1964 920 1936
f 1936 1170 1964
f 1964 1944 1312
f 1678 1944 1964
f 1042 1964 1963
f 1965 292 291
f 1965 291 919
f 292 1966 810
f 810 1966 724
f 1966 292 1965
f 581 1967 615
f 615 1967 1955
f 1955 1967 1956
f 1968 581 582
f 1372 1968 582
f 1956 1968 1372
f 1967 581 1968
f 1956 1967 1968
f 579 1969 580
f 613 1969 579
f 1953 1969 613
f 580 1970 620
f 620 1970 1954
f 1970 1953 1954
f 580 1969 1970
f 1969 1953 1970
f 151 709 1971
f 825 151 1971
f 1971 826 825
f 826 1972 1320
f 1972 826 1971
f 1973 33 32
f 32 225 1973
f 225 879 1973
f 1973 879 1341
f 1342 1974 1341
f 1974 33 1973
f 1341 1974 1973
f 1793 1975 1693
f 75 33 1976
f 1976 624 338
f 382 682 1976
f 688 126 1976
f 338 688 1976
f 1342 356 1976
f 356 1348 1976
f 1976 682 1410
f 1410 1003 1976
f 1976 126 1506
f 1752 860 1976
f 1794 382 1976
f 1794 1976 1793
f 1976 1814 588
f 1976 1348 1836
f 1836 1752 1976
f 1864 624 1976
f 860 1864 1976
f 33 1974 1976
f 1976 1974 1342
f 1793 1976 1975
f 1977 503 1445
f 1595 503 1977
f 1424 1978 594
f 1978 1446 594
f 1446 1978 1445
f 1582 1208 1978
f 1424 1582 1978
f 1978 1208 1854
f 1445 1978 1977
f 441 1979 46
f 1979 697 46
f 1979 698 697
f 1705 1979 441
f 698 1980 1322
f 1980 1706 1322
f 1706 1980 1705
f 1980 698 1979
f 1705 1980 1979
f 1981 1464 1463
f 1981 1463 1471
f 803 1981 1717
f 1717 1981 1471
f 1982 804 122
f 804 1982 803
f 122 1464 1982
f 803 1982 1981
f 1982 1464 1981
f 1002 307 1983
f 1983 1003 1002
f 1983 1831 74
f 307 1831 1983
f 75 1984 74
f 1976 1984 75
f 1003 1984 1976
f 74 1984 1983
f 1984 1003 1983
f 313 1985 815
f 815 1985 974
f 1985 1433 974
f 1985 1434 1433
f 314 1986 313
f 1986 314 1316
f 1434 1986 1316
f 313 1986 1985
f 1986 1434 1985
f 1661 1987 887
f 1987 1775 887
f 1775 1987 1776
f 1988 1662 1372
f 1988 1661 1662
f 1776 1988 1372
f 1987 1661 1988
f 1776 1987 1988
f 1989 1659 613
f 1659 1989 1660
f 1989 613 1777
f 1660 1990 620
f 1990 1778 620
f 1990 1777 1778
f 1660 1989 1990
f 1989 1777 1990
f 743 1991 739
f 1991 1014 739
f 1991 1015 1014
f 1435 1991 743
f 1436 1992 1435
f 1992 1558 1015
f 1992 1436 1558
f 1992 1015 1991
f 1435 1992 1991
f 1993 115 1343
f 1743 1211 1993
f 1993 1744 1743
f 1994 1344 432
f 1344 1994 1343
f 432 1744 1994
f 1343 1994 1993
f 1994 1744 1993
f 199 1995 1127
f 1995 1921 1127
f 1995 1922 1921
f 1922 1996 616
f 1996 1922 1995
f 1997 1294 1293
f 1294 1998 320
f 1998 1294 1997
f 1999 506 505
f 1999 505 883
f 883 1745 1999
f 1746 2000 1745
f 1964 506 2000
f 2000 1746 1964
f 2000 506 1999
f 1745 2000 1999
f 2001 1867 1129
f 2001 1868 1867
f 1016 2001 1923
f 1923 2001 1129
f 1017 2002 1016
f 1316 2002 1017
f 1868 2002 1316
f 1016 2002 2001
f 2002 1868 2001
f 186 166 2004
f 2004 262 186
f 546 2004 545
f 1045 922 2004
f 546 1126 2004
f 1126 568 2004
f 190 2004 1212
f 2004 742 1258
f 1270 116 2004
f 922 1270 2004
f 166 1478 2004
f 2004 1478 1045
f 2004 568 1688
f 1688 1612 2004
f 1742 262 2004
f 1258 1742 2004
f 2004 1940 742
f 961 1940 2004
f 545 2004 2003
f 2005 782 781
f 781 1731 2005
f 2005 1877 1285
f 1731 1877 2005
f 1286 2006 1285
f 1854 782 2006
f 2006 1286 1854
f 2006 782 2005
f 1285 2006 2005
f 2009 17 16
f 1519 2009 429
f 17 2010 300
f 300 2010 1520
f 1520 2010 1519
f 2010 17 2009
f 1519 2010 2009
f 1024 2011 42
f 779 2011 1024
f 2011 1685 42
f 2011 1686 1685
f 780 2012 779
f 780 1372 2012
f 1372 1686 2012
f 779 2012 2011
f 2012 1686 2011
f 2013 1595 1977
f 1854 2014 1978
f 1977 1978 2014
f 1977 2014 2013
f 495 2015 279
f 279 2015 1315
f 2015 1413 1315
f 2015 1414 1413
f 320 2016 496
f 496 2016 495
f 1414 2016 320
f 495 2016 2015
f 2016 1414 2015
f 2017 66 475
f 2017 475 195
f 2017 975 974
f 1433 66 2017
f 974 1433 2017
f 196 2018 195
f 2018 196 320
f 2018 320 975
f 195 2018 2017
f 2017 2018 975
f 2019 1658 1657
f 2019 1711 571
f 1657 1829 2019
f 1829 1711 2019
f 140 2020 572
f 572 2020 571
f 1658 2020 140
f 571 2020 2019
f 2020 1658 2019
f 1327 2021 1427
f 1320 2022 1328
f 1328 2022 1327
f 1327 2022 2021
f 2023 374 373
f 2023 557 1529
f 374 2024 1330
f 2024 1530 1330
f 1530 2024 1529
f 2024 374 2023
f 1529 2024 2023
f 2025 189 147
f 2025 190 189
f 478 470 2026
f 477 478 2026
f 2026 190 2025
f 477 2026 2025
f 2027 1001 1000
f 637 2027 1205
f 2027 1000 1205
f 382 2028 638
f 638 2028 637
f 1001 2028 382
f 637 2028 2027
f 2028 1001 2027
f 2029 47 46
f 105 301 2029
f 46 697 2029
f 697 105 2029
f 2029 301 1649
f 47 2030 122
f 122 2030 1650
f 1650 2030 1649
f 2030 47 2029
f 1649 2030 2029
f 2031 1283 157
f 1839 1283 2031
f 157 158 2032
f 2032 158 616
f 157 2032 2031
f 2033 985 984
f 985 2034 122
f 2034 985 2033
f 2035 1396 1395
f 1395 1957 2035
f 1957 1575 2035
f 82 2036 704
f 704 2036 703
f 1396 2036 82
f 703 2036 2035
f 2036 1396 2035
f 2037 398 397
f 1079 2037 984
f 2037 397 2033
f 984 2037 2033
f 1080 2038 1079
f 398 2038 1322
f 1322 2038 1080
f 2038 398 2037
f 1079 2038 2037
f 403 2039 1
f 1 2039 1473
f 2039 1474 1473
f 248 2040 272
f 2040 404 272
f 404 2040 403
f 1474 2040 248
f 403 2040 2039
f 2040 1474 2039
f 2041 405 255
f 2041 406 405
f 447 2041 255
f 2041 1239 1475
f 447 1605 2041
f 1605 1239 2041
f 324 406 2042
f 2042 1476 324
f 1476 2042 1475
f 2042 406 2041
f 1475 2042 2041
f 2043 1138 1137
f 233 2043 1453
f 2043 1137 1525
f 1453 2043 1525
f 234 2044 233
f 2044 234 616
f 1138 2044 616
f 233 2044 2043
f 2044 1138 2043
f 2045 351 58
f 2045 352 351
f 1359 2045 58
f 1569 2045 1359
f 352 2046 320
f 320 2046 1570
f 1570 2046 1569
f 2046 352 2045
f 1569 2046 2045
f 2047 1361 669
f 2047 1362 1361
f 1162 2048 1161
f 987 2048 1320
f 2048 1162 1320
f 1362 2048 987
f 1161 2048 2047
f 2047 2048 1362
f 113 1861 2049
f 2051 116 115
f 2051 115 1993
f 1211 2051 1993
f 1212 2052 1211
f 2004 116 2052
f 2004 2052 1212
f 2051 2052 116
f 1211 2052 2051
f 2053 340 339
f 2053 339 497
f 759 2053 497
f 1303 2053 759
f 424 340 2054
f 1304 424 2054
f 1304 2054 1303
f 2054 340 2053
f 1303 2054 2053
f 2055 19 18
f 18 34 2055
f 34 1327 2055
f 2055 1327 1427
f 616 19 2056
f 2056 1428 616
f 1428 2056 1427
f 2056 19 2055
f 1427 2056 2055
f 675 2057 676
f 2057 1275 451
f 675 1857 2057
f 1857 1275 2057
f 122 2058 452
f 452 2058 451
f 676 2058 122
f 451 2058 2057
f 2057 2058 676
f 473 2059 381
f 2059 646 645
f 381 2059 681
f 2059 645 681
f 82 2060 474
f 474 2060 473
f 646 2060 82
f 473 2060 2059
f 2060 646 2059
f 1153 2061 109
f 2061 1232 1231
f 109 2061 1887
f 2061 1231 1887
f 2062 1154 432
f 1154 2062 1153
f 432 1232 2062
f 1153 2062 2061
f 2062 1232 2061
f 487 2063 201
f 2063 1017 1016
f 488 2064 487
f 2064 488 1316
f 1017 2064 1316
f 487 2064 2063
f 2064 1017 2063
f 1669 2065 1057
f 1641 2065 1669
f 320 2066 1642
f 1642 2066 1641
f 1641 2066 2065
f 2067 268 267
f 267 1507 2067
f 1507 631 2067
f 631 1839 2067
f 2067 1839 2031
f 616 268 2068
f 2068 2032 616
f 2032 2068 2031
f 2068 268 2067
f 2031 2068 2067
f 521 277 2069
f 929 521 2069
f 2069 930 929
f 2069 277 1004
f 1005 2070 1004
f 930 2070 2004
f 2070 1005 2004
f 2070 930 2069
f 1004 2070 2069
f 2071 588 587
f 555 2071 994
f 2071 587 994
f 556 2072 555
f 2072 556 1976
f 588 2072 1976
f 555 2072 2071
f 2071 2072 588
f 823 2073 824
f 885 765 2073
f 885 2073 823
f 2074 766 620
f 2074 765 766
f 824 2074 620
f 2073 765 2074
f 824 2073 2074
f 763 2075 764
f 2075 763 887
f 887 821 2075
f 2076 821 822
f 764 2076 1372
f 1372 2076 822
f 764 2075 2076
f 2075 821 2076
f 293 2079 559
f 2079 641 559
f 2079 642 641
f 1089 2079 293
f 594 642 2080
f 1090 594 2080
f 1090 2080 1089
f 2080 642 2079
f 1089 2080 2079
f 2081 1118 1117
f 1117 1929 2081
f 971 2082 970
f 983 2082 971
f 1118 2082 983
f 970 2082 2081
f 2082 1118 2081
f 271 2083 411
f 2083 658 657
f 411 2083 1253
f 2083 657 1253
f 77 65 2084
f 272 144 2084
f 272 2084 271
f 2084 65 658
f 144 1168 2084
f 2084 1168 182
f 1532 77 2084
f 182 1532 2084
f 271 2084 2083
f 2084 658 2083
f 2085 809 119
f 2085 810 809
f 1541 2085 119
f 203 2085 1541
f 204 2086 203
f 204 292 2086
f 2086 292 810
f 203 2086 2085
f 2086 810 2085
f 2087 354 353
f 353 393 2087
f 393 881 2087
f 2087 881 857
f 832 354 2088
f 858 2088 857
f 2088 890 832
f 2088 858 1066
f 890 2088 1066
f 2088 354 2087
f 857 2088 2087
f 373 177 2089
f 2089 558 557
f 373 2089 2023
f 2089 557 2023
f 178 2090 177
f 177 2090 2089
f 2090 558 2089
f 2091 232 231
f 2091 1503 1753
f 232 2092 1320
f 2092 1754 1320
f 1754 2092 1753
f 2092 232 2091
f 1753 2092 2091
f 2093 1998 1997
f 320 2094 1862
f 1862 2094 1861
f 1998 2094 320
f 1861 2094 2093
f 2094 1998 2093
f 1200 2096 1199
f 2096 1200 1316
f 1199 2096 2095
f 2097 1293 465
f 1997 1293 2097
f 2093 1997 2097
f 466 222 2098
f 466 2098 465
f 465 2098 2097
f 2099 797 747
f 2099 798 797
f 1847 2099 747
f 798 2100 1306
f 2100 798 2099
f 1643 2101 169
f 2101 1707 169
f 2101 1708 1707
f 2102 1644 424
f 1644 2102 1643
f 1708 2102 424
f 1643 2102 2101
f 2102 1708 2101
f 2103 1182 1181
f 1181 1773 2103
f 2103 1879 1373
f 1374 2104 1373
f 1182 2104 1964
f 2104 1374 1964
f 2104 1182 2103
f 1373 2104 2103
f 2105 494 493
f 2105 493 865
f 643 2105 1805
f 1805 2105 865
f 2106 478 494
f 478 2106 644
f 644 2106 643
f 2106 494 2105
f 643 2106 2105
f 2107 436 435
f 435 1243 2107
f 122 436 2108
f 2108 1458 122
f 1458 2108 1457
f 2108 436 2107
f 1457 2108 2107
f 2109 474 473
f 2109 473 1437
f 1109 2109 1437
f 1619 2109 1109
f 474 2110 82
f 2110 1620 82
f 1620 2110 1619
f 2110 474 2109
f 1619 2110 2109
f 287 2111 1337
f 1337 2111 1587
f 2111 1588 1587
f 288 2112 287
f 2112 288 594
f 594 1588 2112
f 287 2112 2111
f 2111 2112 1588
f 2114 1740 84
f 1740 2114 1739
f 1739 2114 2113
f 1234 2116 1233
f 1386 2116 1234
f 1233 2116 2115
f 2117 754 753
f 573 2117 1203
f 2117 753 1387
f 1203 2117 1387
f 2118 574 434
f 574 2118 573
f 754 2118 434
f 573 2118 2117
f 2118 754 2117
f 775 2119 1022
f 1022 2119 1395
f 2119 1957 1395
f 2119 1958 1957
f 2120 776 382
f 776 2120 775
f 382 1958 2120
f 775 2120 2119
f 2120 1958 2119
f 457 773 2121
f 2121 834 833
f 2121 773 968
f 140 834 2122
f 2122 969 140
f 969 2122 968
f 2122 834 2121
f 968 2122 2121
f 427 1421 2123
f 1421 1099 2123
f 1933 427 2123
f 2123 1934 1933
f 1934 2124 1514
f 2124 1934 2123
f 2125 2077 970
f 2125 2078 2077
f 2081 2125 970
f 1929 2125 2081
f 2126 1930 82
f 1930 2126 1929
f 2078 2126 82
f 1929 2126 2125
f 2126 2078 2125
f 1851 1573 2127
f 2127 1852 1851
f 122 2128 1764
f 1764 2128 1763
f 1852 2128 122
f 1763 2128 2127
f 2128 1852 2127
f 2129 1760 1759
f 2129 1759 1893
f 2130 1013 594
f 1013 2130 1012
f 1760 2130 594
f 1012 2130 2129
f 2130 1760 2129
f 2131 1303 759
f 1303 2131 1559
f 2131 1560 1559
f 760 2132 759
f 2132 760 1558
f 1560 2132 1558
f 759 2132 2131
f 2132 1560 2131
f 2133 1005 1004
f 1004 1241 2133
f 961 2134 960
f 2134 961 2004
f 2004 1005 2134
f 960 2134 2133
f 2134 1005 2133
f 1243 2135 2107
f 2107 2135 1457
f 1244 2136 1243
f 1322 2136 1244
f 1243 2136 2135
f 2137 955 954
f 2137 954 1040
f 1573 2137 1040
f 1573 1851 2137
f 122 955 2138
f 2138 1852 122
f 1852 2138 1851
f 2138 955 2137
f 1851 2138 2137
f 1457 2139 927
f 2139 1845 927
f 2139 1846 1845
f 2135 2139 1457
f 1846 2140 1322
f 2140 2136 1322
f 2136 2140 2135
f 2140 1846 2139
f 2135 2140 2139
f 2141 1880 1879
f 1773 2141 2103
f 2141 1879 2103
f 2142 1774 1748
f 1774 2142 1773
f 1880 2142 1748
f 1773 2142 2141
f 2142 1880 2141
f 2143 59 58
f 58 351 2143
f 351 1807 2143
f 2143 1807 683
f 634 59 2144
f 2144 684 634
f 684 2144 683
f 2144 59 2143
f 683 2144 2143
f 2145 1134 1133
f 1133 1401 2145
f 1401 1595 2145
f 2145 1595 2013
f 1134 2146 1854
f 2146 2014 1854
f 2014 2146 2013
f 2146 1134 2145
f 2013 2146 2145
f 2147 470 469
f 2147 469 1739
f 2113 2147 1739
f 2003 2147 2113
f 2148 2004 190
f 2004 2148 2003
f 2026 2148 190
f 470 2148 2026
f 2148 470 2147
f 2003 2148 2147
f 1387 753 2149
f 2149 1388 1387
f 634 2150 633
f 2150 634 1316
f 2150 1316 1388
f 633 2150 2149
f 2150 1388 2149
f 569 2151 705
f 2151 1282 1281
f 705 2151 1331
f 2151 1281 1331
f 2152 570 82
f 570 2152 569
f 1282 2152 82
f 569 2152 2151
f 2152 1282 2151
f 127 1439 2153
f 1881 127 2153
f 2153 1882 1881
f 2153 1439 2115
f 1882 2154 1386
f 2154 2116 1386
f 2116 2154 2115
f 2154 1882 2153
f 2115 2154 2153
f 2155 648 647
f 2155 757 99
f 2155 99 805
f 2155 647 1599
f 757 2155 1599
f 83 84 2156
f 300 648 2156
f 2156 806 83
f 806 2156 805
f 2156 648 2155
f 805 2156 2155
f 2157 342 341
f 2077 2157 970
f 342 2158 82
f 82 2158 2078
f 2078 2158 2077
f 2158 342 2157
f 2077 2158 2157
f 2159 1640 1639
f 2159 1639 2007
f 2160 1172 524
f 1172 2160 1171
f 1640 2160 524
f 1171 2160 2159
f 2160 1640 2159
f 2161 128 127
f 2161 127 1881
f 20 2161 1945
f 1945 2161 1881
f 21 2162 20
f 2162 21 300
f 128 2162 300
f 20 2162 2161
f 2162 128 2161
f 2163 458 457
f 265 2163 833
f 2163 457 2121
f 833 2163 2121
f 266 2164 265
f 265 2164 2163
f 2164 458 2163
f 443 877 2165
f 1091 443 2165
f 2165 1092 1091
f 2165 877 1149
f 1092 2166 1015
f 1015 2166 1150
f 1150 2166 1149
f 2166 1092 2165
f 1149 2166 2165
f 1381 1171 2167
f 2167 1382 1381
f 1171 2159 2167
f 2167 2159 2007
f 1382 2168 434
f 434 2168 2008
f 2008 2168 2007
f 2168 1382 2167
f 2007 2168 2167
f 1425 1273 2169
f 2169 1273 1797
f 1821 1425 2169
f 2169 1822 1821
f 122 2170 1798
f 1798 2170 1797
f 1822 2170 122
f 1797 2170 2169
f 2169 2170 1822
f 285 1028 2171
f 1028 577 2171
f 2171 577 1561
f 1949 285 2171
f 2171 1950 1949
f 634 2172 1562
f 1562 2172 1561
f 1950 2172 634
f 1561 2172 2171
f 2172 1950 2171
f 2173 202 201
f 2173 1016 1923
f 201 2063 2173
f 2063 1016 2173
f 202 2174 434
f 434 2174 1924
f 1924 2174 1923
f 2174 202 2173
f 1923 2174 2173
f 80 2175 687
f 687 2175 125
f 2175 1159 125
f 2175 1160 1159
f 81 2176 80
f 2176 81 494
f 2176 494 1160
f 80 2176 2175
f 2176 1160 2175
f 2177 432 431
f 2177 431 433
f 791 113 2177
f 433 791 2177
f 2177 113 2049
f 2178 148 432
f 2050 2178 2049
f 2178 432 2177
f 2049 2178 2177
f 2179 702 701
f 243 2179 1551
f 2179 701 1551
f 82 2180 244
f 244 2180 243
f 702 2180 82
f 243 2180 2179
f 2179 2180 702
f 2181 1603 703
f 2181 1604 1603
f 2035 2181 703
f 2035 1575 2181
f 2182 1576 382
f 1576 2182 1575
f 382 1604 2182
f 1575 2182 2181
f 2182 1604 2181
f 305 2183 38
f 38 2183 919
f 2183 1965 919
f 2183 1966 1965
f 306 2184 305
f 2184 306 1086
f 724 2184 1086
f 1966 2184 724
f 305 2184 2183
f 2184 1966 2183
f 2185 564 563
f 2185 10 978
f 2185 978 1223
f 1733 10 2185
f 563 1733 2185
f 564 2186 987
f 987 2186 1224
f 1224 2186 1223
f 2186 564 2185
f 1223 2186 2185
f 491 755 2187
f 1329 491 2187
f 2187 1330 1329
f 2187 755 1843
f 2188 1598 1330
f 1598 2188 1844
f 1843 1844 2188
f 2188 1330 2187
f 1843 2188 2187
f 2189 246 245
f 2189 245 1675
f 755 2189 1843
f 1843 2189 1675
f 756 2190 755
f 2190 246 2189
f 755 2190 2189
f 2191 628 627
f 2191 627 1199
f 1199 2095 2191
f 434 628 2192
f 434 2192 1082
f 1082 2192 1081
f 2192 628 2191
f 1081 2192 2191
f 2193 1443 960
f 2193 1444 1443
f 2133 2193 960
f 1241 2193 2133
f 2194 1242 422
f 1242 2194 1241
f 422 1444 2194
f 1241 2194 2193
f 2194 1444 2193
f 163 2195 164
f 2195 163 299
f 2196 178 164
f 2196 23 290
f 299 300 2196
f 290 358 2196
f 358 376 2196
f 2196 376 482
f 482 636 2196
f 756 492 2196
f 2196 768 558
f 636 768 2196
f 774 458 2196
f 2196 84 1060
f 1308 774 2196
f 1384 2196 1060
f 1638 23 2196
f 61 1638 2196
f 1280 1712 2196
f 1784 132 2196
f 1384 1784 2196
f 2196 1830 61
f 1712 1830 2196
f 1884 246 2196
f 266 1898 2196
f 1898 1280 2196
f 2196 132 1914
f 1914 1884 2196
f 2090 178 2196
f 558 2090 2196
f 84 2196 2156
f 2156 2196 300
f 2196 2164 266
f 458 2164 2196
f 2196 246 2190
f 2190 756 2196
f 2195 2196 164
f 2195 299 2196
f 2197 193 385
f 2197 538 537
f 1235 193 2197
f 537 1235 2197
f 386 2198 385
f 2198 386 1316
f 538 2198 1316
f 385 2198 2197
f 2198 538 2197
f 2199 1224 1223
f 2199 1701 413
f 414 2200 413
f 2200 414 987
f 1224 2200 987
f 413 2200 2199
f 2200 1224 2199
f 2201 560 559
f 559 1012 2201
f 1012 2129 2201
f 2201 2129 1893
f 1306 560 2202
f 2202 1894 1306
f 1894 2202 1893
f 2202 560 2201
f 1893 2202 2201
f 2203 597 743
f 2203 1304 1303
f 1559 597 2203
f 1303 1559 2203
f 2204 744 83
f 744 2204 743
f 1304 2204 83
f 743 2204 2203
f 2204 1304 2203
f 1107 1543 2205
f 1611 1107 2205
f 2205 1612 1611
f 930 2206 929
f 2004 2206 930
f 1612 2206 2004
f 929 2206 2205
f 2206 1612 2205
f 2049 1861 2207
f 2207 2050 2049
f 1861 2093 2207
f 2207 2093 2097
f 222 2208 2098
f 2097 2098 2208
f 2208 2050 2207
f 2097 2208 2207
f 2209 508 507
f 2209 1619 1109
f 1110 2210 1109
f 508 2210 1610
f 2210 1110 1610
f 2210 508 2209
f 1109 2210 2209
f 2211 1827 998
f 2033 397 2211
f 2211 2034 2033
f 999 122 2212
f 999 2212 998
f 122 2034 2212
f 998 2212 2211
f 2212 2034 2211
f 799 707 2213
f 1447 799 2213
f 2213 1448 1447
f 2213 707 1553
f 1448 2214 1015
f 1015 2214 1554
f 1554 2214 1553
f 2214 1448 2213
f 1553 2214 2213
f 1465 2215 199
f 1695 2215 1465
f 2215 1995 199
f 2215 1996 1995
f 616 2216 1696
f 1696 2216 1695
f 1996 2216 616
f 1695 2216 2215
f 2216 1996 2215
f 2217 454 453
f 2217 453 741
f 1939 2217 741
f 1443 2217 1939
f 454 2218 422
f 422 2218 1444
f 1443 1444 2218
f 2218 454 2217
f 1443 2218 2217
f 885 2219 886
f 817 2219 1195
f 2219 885 1195
f 2220 818 620
f 2220 817 818
f 620 886 2220
f 2219 817 2220
f 886 2219 2220
f 509 2221 819
f 819 2221 820
f 887 2221 509
f 2222 887 888
f 1372 820 2222
f 2222 888 1372
f 820 2221 2222
f 2221 887 2222
f 2223 222 221
f 221 477 2223
f 2223 2025 147
f 477 2025 2223
f 148 2224 147
f 2224 148 2178
f 2178 2050 2224
f 2224 2208 222
f 2050 2208 2224
f 147 2224 2223
f 2223 2224 222
f 1173 2225 1847
f 2225 2099 1847
f 2225 2100 2099
f 1174 2226 1173
f 1306 2226 1174
f 2100 2226 1306
f 1173 2226 2225
f 2226 2100 2225
f 2227 1263 1233
f 2227 1264 1263
f 2115 2227 1233
f 1439 2227 2115
f 1264 2228 300
f 2228 1440 300
f 1440 2228 1439
f 2228 1264 2227
f 1439 2228 2227
f 795 173 2229
f 2229 796 795
f 173 1455 2229
f 2229 1455 1034
f 796 2230 634
f 634 2230 1035
f 1035 2230 1034
f 2230 796 2229
f 1034 2230 2229
f 1221 2231 231
f 2231 1504 1503
f 231 2231 2091
f 2231 1503 2091
f 2232 1222 616
f 1222 2232 1221
f 616 1504 2232
f 1221 2232 2231
f 2232 1504 2231
f 1 143 2233
f 1 2233 851
f 2233 852 851
f 144 2234 143
f 2234 144 272
f 852 2234 272
f 143 2234 2233
f 2234 852 2233
f 2235 146 145
f 145 359 2235
f 2235 255 853
f 359 1247 2235
f 1265 255 2235
f 1247 1265 2235
f 146 2236 324
f 324 2236 854
f 854 2236 853
f 2236 146 2235
f 853 2236 2235
f 1099 123 2237
f 2237 1523 36
f 123 1523 2237
f 2123 1099 2237
f 2237 2124 2123
f 37 2238 36
f 1514 2238 37
f 2124 2238 1514
f 36 2238 2237
f 2238 2124 2237
f 1057 2239 1145
f 2239 1855 1145
f 2239 1856 1855
f 2065 2239 1057
f 1856 2240 320
f 2240 2066 320
f 2066 2240 2065
f 2240 1856 2239
f 2065 2240 2239
f 2241 808 807
f 2241 807 1763
f 1573 2241 2127
f 2127 2241 1763
f 808 2242 1322
f 2242 1574 1322
f 1574 2242 1573
f 2242 808 2241
f 1573 2242 2241
f 1511 1207 2243
f 2243 1512 1511
f 2243 1581 149
f 1207 1581 2243
f 150 2244 149
f 2244 150 942
f 1512 2244 942
f 149 2244 2243
f 2244 1512 2243
f 2245 951 950
f 1249 633 2245
f 950 1249 2245
f 2245 633 2149
f 753 2245 2149
f 434 2246 754
f 754 2246 753
f 951 2246 434
f 753 2246 2245
f 2246 951 2245
f 2247 1891 171
f 1639 1891 2247
f 2007 1639 2247
f 2247 2008 2007
f 172 2248 171
f 2248 172 434
f 2008 2248 434
f 171 2248 2247
f 2248 2008 2247
f 2249 543 621
f 725 543 2249
f 1871 725 2249
f 2249 1872 1871
f 616 2250 622
f 622 2250 621
f 1872 2250 616
f 621 2250 2249
f 2250 1872 2249
f 2251 238 237
f 2251 203 1541
f 1747 203 2251
f 237 1747 2251
f 238 2252 1514
f 2252 1542 1514
f 1542 2252 1541
f 2252 238 2251
f 1541 2252 2251
f 2253 1828 1827
f 397 2253 2211
f 2253 1827 2211
f 398 2254 397
f 2254 398 1322
f 1320 2254 1322
f 1828 2254 1320
f 397 2254 2253
f 2254 1828 2253
f 978 2255 1223
f 2255 1702 1701
f 1223 2255 2199
f 2255 1701 2199
f 2256 979 616
f 979 2256 978
f 1702 2256 616
f 978 2256 2255
f 2256 1702 2255
f 2257 1487 1169
f 2257 1488 1487
f 291 2257 1935
f 1935 2257 1169
f 2258 292 204
f 292 2258 291
f 1748 2258 204
f 1488 2258 1748
f 291 2258 2257
f 2258 1488 2257
f 2259 488 487
f 2259 487 1081
f 2191 2259 1081
f 2095 2259 2191
f 1316 488 2260
f 2260 2096 1316
f 2096 2260 2095
f 2260 488 2259
f 2095 2260 2259
f 519 2261 956
f 956 2261 1185
f 2261 1917 1185
f 2261 1918 1917
f 2262 520 434
f 520 2262 519
f 434 1918 2262
f 519 2262 2261
f 2262 1918 2261
f 219 2263 507
f 2263 1620 1619
f 507 2263 2209
f 2263 1619 2209
f 2264 220 82
f 220 2264 219
f 82 1620 2264
f 219 2264 2263
f 2264 1620 2263
f 2265 172 171
f 171 749 2265
f 749 281 2265
f 2265 281 950
f 434 172 2266
f 2266 951 434
f 951 2266 950
f 2266 172 2265
f 950 2266 2265
f 2267 999 998
f 998 1161 2267
f 2267 2047 669
f 1161 2047 2267
f 2268 670 122
f 670 2268 669
f 999 2268 122
f 669 2268 2267
f 2268 999 2267
f 72 2269 73
f 2269 72 613
f 579 2269 613
f 2270 579 580
f 73 2270 620
f 2270 580 620
f 73 2269 2270
f 2269 579 2270
f 581 2271 582
f 70 2271 615
f 2271 581 615
f 2272 70 71
f 1372 2272 71
f 582 2272 1372
f 2271 70 2272
f 582 2271 2272
f 2273 90 89
f 89 1565 2273
f 2273 1695 1465
f 1565 1695 2273
f 90 2274 1320
f 2274 1466 1320
f 1466 2274 1465
f 2274 90 2273
f 1465 2274 2273
f 335 1407 2275
f 2275 1407 911
f 2275 1578 1577
f 1889 335 2275
f 1577 1889 2275
f 912 2276 911
f 1964 2276 912
f 1578 2276 1964
f 911 2276 2275
f 2276 1578 2275
f 1515 1377 2277
f 1539 1515 2277
f 2277 1540 1539
f 2277 1377 1849
f 1320 1540 2278
f 2278 1850 1320
f 1850 2278 1849
f 2278 1540 2277
f 1849 2278 2277
f 1427 2279 267
f 2279 1507 267
f 2279 1508 1507
f 2021 2279 1427
f 1508 2280 1320
f 2280 2022 1320
f 2022 2280 2021
f 2280 1508 2279
f 2021 2280 2279
f 2281 554 553
f 2281 553 1589
f 1489 2281 1589
f 554 2282 94
f 2282 1490 94
f 1490 2282 1489
f 2282 554 2281
f 1489 2282 2281
f 2283 1039 1038
f 1383 2283 1038
f 1963 2283 1383
f 1144 1039 2284
f 1964 1144 2284
f 1964 2284 1963
f 2284 1039 2283
f 1963 2284 2283
f 2285 81 80
f 2285 80 337
f 515 2285 337
f 81 2286 494
f 2286 516 494
f 516 2286 515
f 2286 81 2285
f 515 2286 2285
f 2287 192 191
f 2287 191 881
f 881 1527 2287
f 1066 192 2288
f 2288 1528 1066
f 1528 2288 1527
f 2288 192 2287
f 1527 2288 2287
f 837 2289 1505
f 2289 1506 1505
f 1813 2289 837
f 1814 2290 1813
f 1506 2290 1976
f 2290 1814 1976
f 2290 1506 2289
f 1813 2290 2289
f 709 1345 2291
f 2291 1345 1277
f 1971 709 2291
f 2291 1972 1971
f 1278 2292 1277
f 2292 1278 1320
f 1320 1972 2292
f 1277 2292 2291
f 2292 1972 2291
f 1617 545 2293
f 2293 1618 1617
f 545 2003 2293
f 2293 2003 2113
f 2294 84 83
f 1618 2294 83
f 2294 2114 84
f 2114 2294 2113
f 2294 1618 2293
f 2113 2294 2293
f 2295 835 535
f 2295 836 835
f 1803 2295 535
f 797 2295 1803
f 798 2296 797
f 1306 2296 798
f 1306 836 2296
f 797 2296 2295
f 2295 2296 836
f 465 401 2297
f 2297 466 465
f 401 1693 2297
f 1693 1975 2297
f 2298 802 466
f 556 802 2298
f 1976 556 2298
f 1976 2298 1975
f 2298 466 2297
f 1975 2298 2297
f 2299 430 429
f 16 1647 2299
f 2299 1647 829
f 2009 16 2299
f 429 2009 2299
f 830 2300 829
f 430 2300 1854
f 2300 830 1854
f 2300 430 2299
f 829 2300 2299
f 2301 1056 1055
f 2301 1493 1115
f 1055 1869 2301
f 1869 1493 2301
f 1056 2302 498
f 2302 1116 498
f 1116 2302 1115
f 2302 1056 2301
f 1115 2302 2301
f 24 1069 2303
f 1075 24 2303
f 2303 1076 1075
f 2303 1069 1937
f 1076 2304 1306
f 2304 1938 1306
f 1938 2304 1937
f 2304 1076 2303
f 1937 2304 2303
f 2305 522 521
f 2305 521 929
f 2205 2305 929
f 2205 1543 2305
f 522 2306 422
f 422 2306 1544
f 1544 2306 1543
f 2306 522 2305
f 1543 2306 2305
f 469 2307 54
f 2307 644 643
f 54 2307 948
f 2307 643 948
f 469 470 2308
f 2308 470 478
f 644 2308 478
f 469 2308 2307
f 2308 644 2307
f 2309 492 491
f 2309 491 1329
f 1307 2309 1545
f 1545 2309 1329
f 1308 2310 1307
f 2196 492 2310
f 2310 1308 2196
f 2310 492 2309
f 1307 2310 2309
f 269 2311 849
f 2311 1271 849
f 2311 1272 1271
f 1873 2311 269
f 1272 2312 1316
f 1316 2312 1874
f 1874 2312 1873
f 2312 1272 2311
f 1873 2312 2311
f 2313 971 970
f 2313 341 1689
f 2157 341 2313
f 970 2157 2313
f 971 2314 1610
f 1610 2314 1690
f 1690 2314 1689
f 2314 971 2313
f 1689 2314 2313
