1428 2872
v -0.08757246132 0.5393383378 0.2654108485
v -0.1600672647 0.4913683999 0.3536995213
v -0.3497423036 -0.6020997467 -0.4544929898
v -0.3179091183 -0.5747869639 -0.4135145713
v -0.3638672711 -0.6142189583 -0.4726759156
v -0.4255133212 -0.6671111421 -0.5520320634
v -0.3293234116 -0.5885885296 -0.4793604263
v -0.2974902365 -0.5612757467 -0.4383819668
v -0.3434483893 -0.6007077412 -0.4975433111
v -0.405094419 -0.653599925 -0.5768994589
v -0.6025565929 -0.2681883168 -0.480657402
v -0.5707234178 -0.2408755133 -0.439678963
v -0.6166815809 -0.2803075181 -0.4988402867
v -0.6783276105 -0.3331997019 -0.5781964345
v -0.5821377317 -0.2546771048 -0.5055247975
v -0.5503045566 -0.2273643014 -0.4645463585
v -0.5962626786 -0.2667963112 -0.5237076823
v -0.6579087493 -0.319688495 -0.60306383
v 0.5095889803 -0.2493790685 0.3272125497
v 0.4370941737 -0.2973489858 0.4155012636
v -0.6064134191 -0.2672928456 -0.4782581532
v -0.6205383659 -0.2794120367 -0.4964410791
v -0.6821844367 -0.3323042308 -0.5757972268
v -0.5754996883 -0.2407689334 -0.4384633359
v -0.5817589267 -0.2509789237 -0.508283952
v -0.5958838736 -0.263098125 -0.5264668368
v -0.6575299443 -0.3159903089 -0.6058229846
v -0.5508451959 -0.2244550166 -0.4684891347
v -0.6077100249 -0.2668627972 -0.477537561
v -0.6218349718 -0.2789819985 -0.4957204458
v -0.6834810425 -0.3318741824 -0.5750765935
v -0.5771398069 -0.24063364 -0.4381849636
v -0.5817616794 -0.2496927638 -0.509139057
v -0.5958866674 -0.2618119651 -0.5273219418
v -0.657532697 -0.3147041489 -0.6066780895
v -0.5511915026 -0.2234636014 -0.469786439
v -0.3499189697 -0.6097175063 -0.4492784231
v -0.3640439577 -0.6218366768 -0.4674613079
v -0.4256899873 -0.6747288606 -0.5468174556
v -0.3200863121 -0.5841211372 -0.410875221
v -0.3215796131 -0.5909653048 -0.4837918692
v -0.3357045908 -0.6030844753 -0.501974754
v -0.3973506307 -0.6559766591 -0.5813309018
v -0.2917469555 -0.5653689357 -0.4453886466
v -0.3483499694 -0.5976551155 -0.4585370409
v -0.3624749574 -0.609774286 -0.4767199257
v -0.424120987 -0.6626664698 -0.5560760734
v -0.3155770951 -0.5695360368 -0.4163489322
v -0.3342702265 -0.5883385266 -0.4756842515
v -0.3483952042 -0.600457697 -0.4938671363
v -0.4100412338 -0.6533498809 -0.5732232841
v -0.3014973419 -0.5602194479 -0.4334961428
v -0.4881337876 -0.3764010111 -0.5610432254
v -0.4539848899 -0.3471013305 -0.5170837721
v -0.5606285942 -0.4243709285 -0.4727545115
v -0.5264796965 -0.3950712478 -0.4287950787
v -0.6026347779 -0.2010680752 -0.4866189375
v -0.6175428486 -0.210932781 -0.4684629224
v -0.583089017 -0.2580712764 -0.5025235282
v -0.5972140049 -0.2701904674 -0.520706413
v -0.6588600346 -0.3230826615 -0.6000625607
v -0.5505184869 -0.2301258029 -0.4605958582
v -0.5988161609 -0.2684779567 -0.4833700071
v -0.6129411489 -0.280597158 -0.5015528918
v -0.6745871785 -0.3334893418 -0.5809090396
v -0.5662456309 -0.2405324884 -0.4414423576
v -0.3181534824 -0.5755054196 -0.4132177928
v -0.2969942978 -0.5615043855 -0.4389867811
v -0.2981690863 -0.6268812332 -0.4780392516
v -0.3122940537 -0.6390004037 -0.4962221364
v -0.3739400936 -0.6918925875 -0.5755782841
v -0.2820469087 -0.6130484017 -0.4572853822
v -0.3214684675 -0.642298472 -0.4496638017
v -0.3355934452 -0.6544176425 -0.4678466864
v -0.3972394748 -0.7073098263 -0.5472028342
v -0.3053462899 -0.6284656404 -0.4289099322
v -0.5542822553 -0.2359901875 -0.4512604112
v -0.5569910394 -0.2377825883 -0.4479614801
v -0.3864722108 -0.3859332765 -0.4827469509
v -0.4668280216 -0.4548784094 -0.5861879867
v -0.4589670174 -0.4339031938 -0.3944582576
v -0.5393228281 -0.5028483268 -0.4978992728
v -0.5838316308 -0.2396032967 -0.4377226941
v -0.6128656344 -0.2645144119 -0.4750978023
v -0.6269905813 -0.2766336132 -0.4932806871
v -0.6886366109 -0.329525797 -0.5726368348
v -0.5533828605 -0.2194553046 -0.4748051118
v -0.5824168641 -0.2443664199 -0.5121801788
v -0.596541811 -0.2564856212 -0.5303630636
v -0.6581878817 -0.3093778101 -0.6097192525
v -0.295892528 -0.6303424095 -0.4404358744
v -0.2878267144 -0.6250052448 -0.4502589199
v -0.6165506836 -0.2190346493 -0.4573359991
v -0.633702578 -0.2337509397 -0.4794154393
v -0.647827566 -0.245870141 -0.4975983241
v -0.7094735956 -0.2987623248 -0.5769544719
v -0.5893730709 -0.2010511789 -0.4904346375
v -0.6065249652 -0.2157674668 -0.5125140367
v -0.6206499121 -0.2278866681 -0.5306969214
v -0.6822959828 -0.280778857 -0.6100530692
v -0.6202560289 -0.2139808103 -0.5030382017
v -0.6060039235 -0.2017525253 -0.4846916337
v -0.6343809758 -0.226100009 -0.5212210865
v -0.6960270465 -0.2789921979 -0.6005772343
v -0.6309401366 -0.2210505018 -0.4900264155
v -0.6166880312 -0.2088222169 -0.4716798476
v -0.6450650835 -0.2331697031 -0.5082093003
v -0.7067111542 -0.2860618921 -0.5875654481
v -0.3805521918 -0.4000470071 -0.4855543805
v -0.4551297888 -0.4640344582 -0.5815571987
v -0.4530469984 -0.4480169245 -0.3972656872
v -0.527624616 -0.5120043755 -0.4932684848
v -0.4928371525 -0.3987123154 -0.5770276034
v -0.432505272 -0.3469476721 -0.4993631362
v -0.5653319796 -0.4466822327 -0.4887388895
v -0.5050000786 -0.3949175894 -0.4110744428
v -0.2870591824 -0.6240183798 -0.4511929083
v -0.2968764451 -0.6305144741 -0.4392368458
v -0.2985054195 -0.6203594607 -0.4821248398
v -0.2805844832 -0.6049833071 -0.4590554531
v -0.3126303972 -0.6324786312 -0.5003077246
v -0.3742764371 -0.685370815 -0.5796638723
v -0.3279360693 -0.6398337335 -0.4462823716
v -0.310015133 -0.624457621 -0.423212985
v -0.342061047 -0.6519529451 -0.4644652564
v -0.4037070766 -0.7048451289 -0.5438214042
v -0.4451542765 -0.4692142258 -0.5761805101
v -0.3779162926 -0.4115241813 -0.4896259176
v -0.5176490625 -0.5171841636 -0.4878917962
v -0.4504110992 -0.4594940986 -0.4013372242
v -0.2856257015 -0.6218337187 -0.452936808
v -0.2988683656 -0.6305963978 -0.4368090429
v -0.6296482967 -0.2192855871 -0.4922063107
v -0.6437732435 -0.2314047832 -0.5103891955
v -0.6156389223 -0.2072655601 -0.4741721952
v -0.7054193143 -0.284296967 -0.5897453433
v -0.6224659984 -0.2145330587 -0.5009533364
v -0.6365909864 -0.2266522549 -0.5191362212
v -0.608456624 -0.2025130318 -0.4829192209
v -0.698237016 -0.2795444438 -0.598492369
v -0.617467293 -0.21655265 -0.4605695637
v -0.5934828993 -0.200682142 -0.4897792884
v -0.6178189818 -0.2612362493 -0.4734347992
v -0.6319439698 -0.2733554507 -0.4916177251
v -0.5905334795 -0.2378253322 -0.4383105403
v -0.6935899994 -0.3262476345 -0.5709738728
v -0.5840772378 -0.2389092763 -0.5145276192
v -0.5982022257 -0.2510284776 -0.5327105451
v -0.5567917354 -0.2154983643 -0.4794033603
v -0.6598482554 -0.3039206665 -0.6120666928
v -0.300990834 -0.6121907083 -0.4856387283
v -0.2804526102 -0.5945689233 -0.4592001139
v -0.3151158117 -0.6243098788 -0.5038216131
v -0.3767618413 -0.6772020626 -0.5831777609
v -0.3353507348 -0.6349266891 -0.4437930642
v -0.314812511 -0.6173049451 -0.4173544909
v -0.3494757022 -0.6470459007 -0.4619759901
v -0.4111217524 -0.6999380845 -0.5413321379
v -0.2830176272 -0.5809572941 -0.4560527048
v -0.3074357054 -0.6019079613 -0.4874857928
v -0.3215606728 -0.6140271729 -0.5056686776
v -0.383206723 -0.6669193567 -0.5850248254
v -0.3191636735 -0.604875171 -0.4120317881
v -0.3435817517 -0.6258258382 -0.4434648762
v -0.3577067191 -0.6379450498 -0.461647761
v -0.4193527693 -0.6908372336 -0.5410039087
v -0.300875847 -0.6303284406 -0.434361745
v -0.2843393977 -0.6193862771 -0.4545008781
v -0.3069059742 -0.5610433692 -0.4269049365
v -0.3114131062 -0.5640257393 -0.42141588
v -0.377695686 -0.4279868108 -0.4983894595
v -0.4300892811 -0.4729404217 -0.565835026
v -0.4501904926 -0.4759567487 -0.4101007456
v -0.5025840877 -0.5209103391 -0.4775463532
v -0.1289909684 -0.06542151749 -0.09718263582
v -0.3863626367 -0.2862459124 -0.4284938631
v -0.06172949409 -0.007711300198 -0.01059781868
v 0.173685671 0.1942744603 0.2924490594
v -0.201485775 -0.1133914348 -0.008893935869
v -0.4588574433 -0.3342158297 -0.3402051491
v -0.1342243033 -0.0556812278 0.07769088497
v 0.1011908644 0.146304543 0.3807377733
v -0.6130563516 -0.2048724742 -0.4782809965
v -0.612152684 -0.2042745108 -0.4793815852
v -0.2894538091 -0.6267558825 -0.4482784108
v -0.2939609514 -0.6297382526 -0.4427893133
v -0.3165274868 -0.5713953447 -0.4151933511
v -0.2999910375 -0.5604531812 -0.4353324841
v -0.4350188402 -0.346394584 -0.5011265514
v -0.4928109812 -0.3959801538 -0.5755216688
v -0.5075136468 -0.3943645218 -0.412837858
v -0.5653057673 -0.4439500711 -0.4872329549
v -0.3870852216 -0.4499060396 -0.5180086807
v -0.4079742406 -0.4678287733 -0.5448988208
v -0.4595800282 -0.497875957 -0.4297199668
v -0.4804690471 -0.5157986907 -0.4566101069
v -0.3128775756 -0.5964909271 -0.4868688995
v -0.2860543735 -0.5734766767 -0.4523397177
v -0.3270025533 -0.6086101386 -0.5050517843
v -0.3886485932 -0.6615023224 -0.5844079731
v -0.3472374866 -0.6192269489 -0.4450232765
v -0.3204142743 -0.5962126985 -0.4104940947
v -0.3613624541 -0.6313461605 -0.4632061613
v -0.4230085042 -0.6842383443 -0.542562309
v -0.5591374502 -0.2387682618 -0.4459595246
v -0.5528431251 -0.2346033125 -0.4536251073
v -0.5684408098 -0.2407599511 -0.4404943797
v -0.5503170876 -0.2287674718 -0.4625665479
v -0.3046465792 -0.605591778 -0.4871971287
v -0.3187715569 -0.6177109484 -0.5053800134
v -0.3804175968 -0.6706031322 -0.5847361612
v -0.2817032212 -0.5859064097 -0.4576624205
v -0.3407926255 -0.6295096549 -0.443176212
v -0.3549175929 -0.6416288664 -0.4613590968
v -0.4165636431 -0.6945210502 -0.5407152445
v -0.3178492778 -0.6098242866 -0.4136415244
v -0.6014009091 -0.2183585472 -0.5147675153
v -0.5826536789 -0.2022734566 -0.4906344345
v -0.615525897 -0.2304777485 -0.5329504001
v -0.6771719267 -0.2833699323 -0.612306589
v -0.6327920903 -0.2391301345 -0.4765373844
v -0.61404486 -0.2230450415 -0.4524043036
v -0.6469170371 -0.2512493307 -0.4947203103
v -0.7085631079 -0.3041415197 -0.574076458
v -0.59100185 -0.2667870465 -0.4905674246
v -0.6051267969 -0.2789062478 -0.5087503094
v -0.6667728676 -0.3317984316 -0.5881064572
v -0.5575031657 -0.2380452661 -0.4474450399
v -0.5873927672 -0.2643989216 -0.4949627948
v -0.6015177141 -0.2765181126 -0.5131456796
v -0.6631637848 -0.3294103067 -0.5925018273
v -0.5538940829 -0.235657136 -0.45184041
v -0.56281457 -0.2399084514 -0.4433023023
v -0.5512702628 -0.2322695637 -0.4573616773
v -0.6331397116 -0.2262899353 -0.4848255713
v -0.6472646585 -0.2384091315 -0.5030084561
v -0.7089107292 -0.2913013153 -0.5823646038
v -0.6178783909 -0.2131957452 -0.4651798502
v -0.6142390284 -0.213783332 -0.5078439713
v -0.6283640164 -0.2259025281 -0.5260268972
v -0.690010046 -0.278794712 -0.6053830449
v -0.5989777077 -0.2006891419 -0.4881982913
v -0.3949590443 -0.3728915803 -0.4826296529
v -0.4769970038 -0.443279993 -0.5882360397
v -0.4674538509 -0.4208614977 -0.394340939
v -0.5494918104 -0.4912499104 -0.4999473669
v -0.3019985189 -0.5601851829 -0.4328851863
v -0.315241183 -0.5689479031 -0.4167574417
v -0.6295876961 -0.2472752835 -0.4735977839
v -0.6081025934 -0.2288411118 -0.4459402968
v -0.643712643 -0.2593944848 -0.4917806687
v -0.7053587137 -0.3122866686 -0.5711368165
v -0.594249096 -0.2238916777 -0.5166353278
v -0.5727639933 -0.205457506 -0.4889778407
v -0.6083740429 -0.236010879 -0.5348182537
v -0.6700201136 -0.2889030628 -0.6141744015
v -0.3202922514 -0.5915838826 -0.4843796332
v -0.2908517514 -0.5663240008 -0.4464812648
v -0.3344172188 -0.6037030942 -0.502562518
v -0.396063269 -0.656595278 -0.5819186657
v -0.3497228909 -0.6110581965 -0.4485371239
v -0.3202824012 -0.5857983147 -0.410638776
v -0.3638478583 -0.6231774081 -0.4667200498
v -0.4254939085 -0.6760695919 -0.5460761976
v -0.3039904599 -0.5602671477 -0.4304574039
v -0.3138077328 -0.566763242 -0.4185013414
v -0.4814427854 -0.3671134283 -0.5505029567
v -0.463931581 -0.3520888402 -0.5279610211
v -0.553937592 -0.4150833456 -0.4622142428
v -0.5364264082 -0.4000587575 -0.4396723072
v -0.3130402009 -0.5657763359 -0.4194353299
v -0.3049743976 -0.5604392123 -0.4292583753
v -0.5964286214 -0.2683307281 -0.4853228658
v -0.5634760407 -0.2400574415 -0.4429033656
v -0.6105536094 -0.2804499191 -0.5035057506
v -0.672199639 -0.3333421132 -0.5828618983
v -0.5840313046 -0.260127382 -0.5004211196
v -0.5510786828 -0.2318541006 -0.4580016194
v -0.5981562515 -0.2722465833 -0.5186040044
v -0.6598023222 -0.3251387672 -0.5979601521
v -0.5982166877 -0.2006506297 -0.4884701516
v -0.6178825816 -0.2136635791 -0.4645198175
v -0.2955205945 -0.5623159402 -0.4407842969
v -0.3267598531 -0.5891191852 -0.4809981621
v -0.3408848206 -0.6012383968 -0.499181088
v -0.4025308707 -0.6541305806 -0.5785372357
v -0.3188199758 -0.577733179 -0.412408847
v -0.3500592344 -0.604536424 -0.4526227532
v -0.3641842018 -0.6166555945 -0.470805638
v -0.425830252 -0.6695478194 -0.5501617858
v -0.5920141878 -0.2672275614 -0.4894873785
v -0.5585767203 -0.2385382826 -0.446443754
v -0.6061391758 -0.2793467627 -0.5076702633
v -0.6677852054 -0.3322389567 -0.5870264522
v -0.5866117799 -0.2636527949 -0.4960667524
v -0.5531743124 -0.234963511 -0.4530231279
v -0.6007367678 -0.2757719962 -0.5142496783
v -0.6623827975 -0.3286641801 -0.593605826
v -0.3038725866 -0.6292772362 -0.4307074481
v -0.2827134021 -0.615276161 -0.4564764158
v -0.6263491601 -0.2524423198 -0.4726696296
v -0.6029144444 -0.232335377 -0.4425024363
v -0.6404741481 -0.264561516 -0.4908525555
v -0.7021201777 -0.3174537101 -0.5702087032
v -0.5901130142 -0.2284648181 -0.5168002847
v -0.5666782985 -0.2083578701 -0.4866330708
v -0.6042380021 -0.2405840143 -0.5349831695
v -0.6658840318 -0.2934761981 -0.6143393172
v -0.6255005466 -0.2158534991 -0.4977159098
v -0.6116745352 -0.2039908 -0.4799178695
v -0.6396255346 -0.2279727004 -0.5158987946
v -0.7012715642 -0.280864879 -0.5952549834
v -0.6273073477 -0.2170490509 -0.4955155131
v -0.6134813363 -0.2051863518 -0.4777174317
v -0.6414322946 -0.229168247 -0.5136983979
v -0.7030783653 -0.282060436 -0.5930545456
v -0.6166105447 -0.262136435 -0.4737735872
v -0.5888717089 -0.2383365443 -0.4380656934
v -0.6307355326 -0.2742556363 -0.491956472
v -0.6923815623 -0.3271478201 -0.5713126198
v -0.5835708224 -0.2402740013 -0.5140114256
v -0.5558319866 -0.2164741106 -0.4783035112
v -0.5976958103 -0.2523932026 -0.5321943103
v -0.65934184 -0.3052853915 -0.6115504581
v -0.600044812 -0.2684494025 -0.4824345806
v -0.6141697999 -0.2805686038 -0.5006174654
v -0.6758158296 -0.3334607876 -0.5799736543
v -0.56769873 -0.2406965208 -0.4407958829
v -0.5827093492 -0.256978499 -0.5035467946
v -0.5968343372 -0.2690976952 -0.5217296794
v -0.6584803668 -0.3219898893 -0.6010858272
v -0.5503632673 -0.2292256173 -0.4619081175
v -0.6213779407 -0.2142235592 -0.5020048694
v -0.6072590744 -0.2021096065 -0.4838298319
v -0.6355028876 -0.2263427605 -0.5201877542
v -0.6971489583 -0.2792349495 -0.599543902
v -0.6303222572 -0.2201420273 -0.4911119259
v -0.616203391 -0.2080280746 -0.4729368884
v -0.6444472041 -0.2322612286 -0.5092948107
v -0.7060932748 -0.2851534175 -0.5886509585
v -0.2993695426 -0.6305621739 -0.4361980863
v -0.3139580942 -0.6430791307 -0.4549777533
v -0.3280830616 -0.6551983423 -0.4731606381
v -0.3897291118 -0.7080905261 -0.5525167858
v -0.2852897894 -0.621245585 -0.4533452764
v -0.2998783409 -0.6337625417 -0.4721249229
v -0.3140033186 -0.6458817122 -0.4903078487
v -0.3756493585 -0.6987739371 -0.5696639965
v -0.3800459612 -0.4378252632 -0.5056648156
v -0.4205589056 -0.4725853024 -0.5578166042
v -0.4525407678 -0.4857951805 -0.4173761017
v -0.4930537122 -0.5205551991 -0.4695278903
v -0.1622176531 0.6379280405 0.2576856102
v -0.3460713466 0.5228733048 0.5658441469
v -0.3797020786 0.4940182269 0.5225517108
v 0.01640268634 0.7627229119 0.1244006184
v -0.01722804566 0.7338678341 0.08110820288
v -0.2347124603 0.5899581027 0.3459743241
v -0.4919778363 -0.3880996958 -0.5705558726
v -0.4424296334 -0.3455874459 -0.5067730872
v -0.5644726429 -0.4360696131 -0.4822671587
v -0.5149244195 -0.3935573632 -0.4184843938
v -0.3266487178 -0.6404523114 -0.4468701356
v -0.3091199495 -0.6254126861 -0.424305562
v -0.3407736853 -0.6525715229 -0.4650530204
v -0.4024197354 -0.7054637067 -0.5444091681
v -0.2983093509 -0.6217001098 -0.4813835818
v -0.2807805826 -0.6066604845 -0.4588190082
v -0.3124343286 -0.6338193214 -0.4995664665
v -0.3740803788 -0.6867115052 -0.5789226143
v -0.3189049296 -0.6428290865 -0.4513015785
v -0.3033766685 -0.6295058339 -0.4313122418
v -0.333029897 -0.654948257 -0.4694844633
v -0.3946759472 -0.7078404408 -0.548840611
v -0.2984860376 -0.6293178694 -0.476168974
v -0.2829577765 -0.6159946579 -0.4561796579
v -0.312611005 -0.6414370399 -0.4943518588
v -0.3742570449 -0.6943292237 -0.5737080065
v -0.3063139887 -0.6278215077 -0.4277294125
v -0.3227617146 -0.6419335949 -0.4489023708
v -0.3368866821 -0.6540528065 -0.4670852556
v -0.3985327322 -0.7069449903 -0.5464414033
v -0.2816594964 -0.6115075858 -0.4577551907
v -0.298107212 -0.625619673 -0.4789281285
v -0.3122321897 -0.6377388846 -0.4971110544
v -0.3738782399 -0.6906310684 -0.5764672022
v -0.3072670715 -0.6270967248 -0.4265666004
v -0.3240583102 -0.6415035568 -0.4481817375
v -0.3381832879 -0.6536227683 -0.4663646223
v -0.3998293381 -0.7065149521 -0.5457208111
v -0.2813187465 -0.6099266708 -0.4581680553
v -0.2981099956 -0.6243335439 -0.4797832335
v -0.3122349733 -0.6364527143 -0.4979661183
v -0.3738810132 -0.6893448982 -0.577322266
v -0.4198942508 -0.3517737993 -0.4916302971
v -0.4910856315 -0.4128558738 -0.5832740644
v -0.4923890574 -0.3997437372 -0.4033416037
v -0.5635804381 -0.4608257912 -0.4949853505
v -0.4077830509 -0.3597845999 -0.486038158
v -0.4863046157 -0.4271559461 -0.5871179488
v -0.4802778575 -0.4077545172 -0.3977494646
v -0.5587994017 -0.4751258634 -0.4988292759
v -0.3009954869 -0.5602755291 -0.4341079211
v -0.3159035781 -0.5701402348 -0.415951906
v -0.4054877886 -0.3617284815 -0.4852096762
v -0.4850077633 -0.4299564529 -0.5875746922
v -0.4779825952 -0.4096983989 -0.3969209623
v -0.5575025494 -0.4779263702 -0.4992860194
v -0.2994373331 -0.6327120359 -0.4731677047
v -0.2846464578 -0.6200214533 -0.4541275785
v -0.3135623108 -0.6448312064 -0.4913505895
v -0.3752083507 -0.6977233902 -0.5707067373
v -0.3151644976 -0.6431186957 -0.4540141836
v -0.300373612 -0.6304281542 -0.4349740779
v -0.3292894753 -0.6552379072 -0.4721970684
v -0.3909355152 -0.7081300911 -0.5515532161
v -0.4274506703 -0.3484721772 -0.4960410742
v -0.4925113473 -0.404294101 -0.5797928386
v -0.4999454769 -0.3964420945 -0.4077523808
v -0.5650061334 -0.4522640184 -0.4915041247
v -0.3989595452 -0.3681591477 -0.4833432195
v -0.4804913769 -0.4381132905 -0.5882981193
v -0.4714543518 -0.4161290651 -0.3950545262
v -0.5529861835 -0.4860832079 -0.5000094054
v -0.2903093249 -0.6275153001 -0.4472367793
v -0.2930180988 -0.6293076803 -0.4439378893
v -0.3292139197 -0.6391551714 -0.4457419788
v -0.3433388974 -0.651274383 -0.4639248636
v -0.4049849271 -0.7041665668 -0.5432810113
v -0.3108864872 -0.6234302871 -0.4221493113
v -0.2987651597 -0.6190071845 -0.4828243553
v -0.3128901271 -0.6311263961 -0.5010072812
v -0.3745361773 -0.6840185799 -0.580363429
v -0.2804377271 -0.6032823002 -0.4592317084
v -0.586676982 -0.2335377387 -0.5160882792
v -0.5612829161 -0.2117496562 -0.4833988077
v -0.60080197 -0.2456569348 -0.5342712051
v -0.6624479996 -0.2985491238 -0.6136273529
v -0.6223737212 -0.2571583133 -0.4726145755
v -0.5969796142 -0.2353702282 -0.439925104
v -0.6364987092 -0.2692775146 -0.4907975014
v -0.6981447388 -0.3221696984 -0.5701536491
v -0.3500508736 -0.608391689 -0.4500596159
v -0.3641758615 -0.6205109005 -0.4682425007
v -0.4258218912 -0.6734030843 -0.5475986484
v -0.319841342 -0.5824719798 -0.41117126
v -0.3228732608 -0.5904082314 -0.4831582132
v -0.3369982282 -0.602527443 -0.501341098
v -0.3986442784 -0.6554196268 -0.5806972457
v -0.292663719 -0.5644885223 -0.4442698573
v -0.3366043347 -0.5886215621 -0.4736823782
v -0.3034950142 -0.5602138192 -0.4310611911
v -0.3507293124 -0.6007407736 -0.491865263
v -0.4123753421 -0.6536329575 -0.5712214108
v -0.3472884527 -0.595691246 -0.4606705921
v -0.3141791219 -0.5672835031 -0.4180494049
v -0.3614134202 -0.6078104575 -0.4788535179
v -0.4230594703 -0.6607026413 -0.5582096657
v -0.4472007477 -0.3457652007 -0.5107873105
v -0.4908012196 -0.3831743274 -0.5669136341
v -0.5196955543 -0.3937351386 -0.4224985966
v -0.5632960057 -0.4311442447 -0.4786249202
v -0.5696494113 -0.2068385495 -0.4879233085
v -0.5921032193 -0.2261038813 -0.5168278528
v -0.6062282073 -0.2382230826 -0.5350107376
v -0.6678742369 -0.2911152715 -0.6143668853
v -0.6056155046 -0.2306373694 -0.444121581
v -0.6280693127 -0.2499027037 -0.4730260843
v -0.6421943006 -0.2620218999 -0.491208969
v -0.7038403303 -0.3149140837 -0.5705651168
v -0.4599479045 -0.4607052063 -0.5837045134
v -0.3825848789 -0.3943278739 -0.4841160721
v -0.5324427111 -0.5086751236 -0.4954157995
v -0.4550796855 -0.4422977912 -0.3958273787
v -0.4182956487 -0.4721395492 -0.5557160033
v -0.3809358653 -0.4400849252 -0.5076232619
v -0.4907904553 -0.5201094665 -0.4674273304
v -0.4534306719 -0.4880548425 -0.419334548
v -0.5891045384 -0.2657154743 -0.4927554958
v -0.6032295264 -0.2778346653 -0.5109383806
v -0.664875556 -0.3307268594 -0.5902945694
v -0.5555568805 -0.236931638 -0.4495700454
v -0.6116982003 -0.214179688 -0.509553606
v -0.6258231882 -0.2262988867 -0.5277364908
v -0.6874692179 -0.2791910705 -0.6070926386
v -0.5958827643 -0.2006100786 -0.4891946059
v -0.6335845404 -0.2286619138 -0.4828990481
v -0.6477095284 -0.24078111 -0.5010819329
v -0.709355558 -0.2936732938 -0.5804380807
v -0.6177691045 -0.2150922993 -0.462540048
v -0.3459965922 -0.5939263517 -0.4628504873
v -0.3126445407 -0.5653103483 -0.4199168271
v -0.3601215597 -0.6060455633 -0.481033372
v -0.4217676098 -0.6589377471 -0.5603895198
v -0.3388143145 -0.5891738285 -0.4715975129
v -0.305462263 -0.5605578251 -0.4286638528
v -0.352939282 -0.6012930401 -0.4897803977
v -0.4145853321 -0.6541852239 -0.5691365866
v -0.41251838 -0.3562257232 -0.4879927423
v -0.4885656746 -0.4214741592 -0.5858874489
v -0.4850131866 -0.4041956405 -0.399704049
v -0.5610604812 -0.4694440766 -0.497598735
v -0.4174073469 -0.3531343953 -0.4903275285
v -0.4903649365 -0.4157318745 -0.5842449062
v -0.4899021535 -0.4011043126 -0.4020388146
v -0.5628597637 -0.4637017918 -0.4959561923
v -0.3190194852 -0.5784983897 -0.4121669172
v -0.2950350915 -0.5626278586 -0.4413766008
v -0.3902799402 -0.4530552154 -0.5223429162
v -0.4044049076 -0.4651744064 -0.540525801
v -0.4627747468 -0.5010251327 -0.4340542023
v -0.4768997142 -0.5131443237 -0.452237087
v -0.4139521691 -0.4708262422 -0.5514360002
v -0.3830639727 -0.4443242334 -0.5116740099
v -0.4864469757 -0.5187961801 -0.4631472863
v -0.4555587793 -0.4922941508 -0.423385296
v -0.3341672979 -0.6358770294 -0.4440790168
v -0.3140913949 -0.6186519213 -0.4182355617
v -0.3482922654 -0.6479961999 -0.4622619016
v -0.4099383155 -0.7008883837 -0.5416180493
v -0.3004255436 -0.6135500512 -0.4851718368
v -0.2803496406 -0.5963249431 -0.4593283817
v -0.314550511 -0.6256692628 -0.5033547216
v -0.3761965509 -0.6785614466 -0.5827108694
v -0.615380127 -0.2629842268 -0.4741643069
v -0.5871980237 -0.2388040315 -0.4378858432
v -0.629505115 -0.2751034281 -0.4923472328
v -0.6911511446 -0.3279956119 -0.5717033805
v -0.5831245967 -0.2416406932 -0.5134471212
v -0.5549424934 -0.2174604877 -0.4771686575
v -0.5972495847 -0.2537598894 -0.5316300471
v -0.6588956143 -0.3066520783 -0.6109861948
v -0.5504809351 -0.2259241338 -0.466524238
v -0.5730808008 -0.2408785074 -0.4390006884
v -0.6092580718 -0.2279116735 -0.4469189036
v -0.6302663815 -0.2459367914 -0.473962661
v -0.6443913694 -0.2580559927 -0.4921455458
v -0.7060373991 -0.3109481765 -0.5715017347
v -0.5743654098 -0.2048231694 -0.4894133431
v -0.5953737606 -0.2228482847 -0.5164571005
v -0.6094987485 -0.234967486 -0.5346399853
v -0.6711447782 -0.287859675 -0.6139961331
v -0.385638429 -0.4481554841 -0.515869542
v -0.4098884382 -0.4689619425 -0.5470862757
v -0.4581332356 -0.4961254014 -0.4275808486
v -0.4823832448 -0.5169318598 -0.4587976028
v -0.2413627882 -0.6497416198 -0.5069311006
v -0.2554877608 -0.6618608313 -0.5251139854
v -0.3171338109 -0.7147530152 -0.6044701743
v -0.3138575999 -0.6977115166 -0.4186424073
v -0.3279825674 -0.7098307281 -0.436825292
v -0.3896286175 -0.7627229119 -0.5161814603
v -0.4299804671 -0.3476407783 -0.4976666076
v -0.4927371923 -0.4014859319 -0.5784525182
v -0.5024752737 -0.3956106957 -0.4093778937
v -0.5652320195 -0.4494558492 -0.4901638453
v -0.3096768894 -0.5625868146 -0.4235298746
v -0.3087732115 -0.5619888615 -0.4246304427
v -0.6201579176 -0.2592878278 -0.4729165102
v -0.6342829055 -0.2714070291 -0.491099395
v -0.6959289352 -0.3242992129 -0.5704555838
v -0.5938048424 -0.2366769256 -0.438992533
v -0.5852652967 -0.2361993263 -0.5154109497
v -0.5993902846 -0.2483185225 -0.5335938345
v -0.6610363143 -0.3012107114 -0.6129499822
v -0.5589122215 -0.2135884215 -0.481486952
v -0.5950894925 -0.2006215876 -0.4894052083
v -0.6176893993 -0.2155759638 -0.4618816586
v -0.6324071225 -0.2404954039 -0.4759264895
v -0.6132277999 -0.2240396099 -0.4512372391
v -0.6465320694 -0.2526146052 -0.4941093743
v -0.7081781401 -0.305506789 -0.573465522
v -0.6001515511 -0.2191518652 -0.5152093038
v -0.5809722696 -0.2026960686 -0.4905200535
v -0.6142765391 -0.2312710614 -0.5333921886
v -0.6759225687 -0.2841632452 -0.6127483364
v -0.2949198682 -0.6300834499 -0.4416209958
v -0.2886255636 -0.6259185263 -0.449286599
v -0.3018791871 -0.6300639755 -0.433138394
v -0.2837554855 -0.6180714705 -0.4552105828
v -0.3177492149 -0.5929993067 -0.4854116919
v -0.2891350193 -0.56844839 -0.4485770176
v -0.3318741926 -0.6051185183 -0.5035946177
v -0.3935202428 -0.6580107021 -0.5829507655
v -0.3491403858 -0.6137708838 -0.4471815609
v -0.3205261902 -0.5892199671 -0.4103468867
v -0.3632653533 -0.6258900954 -0.4653644868
v -0.4249114034 -0.6787822792 -0.5447206345
v -0.293487363 -0.6295335664 -0.4433662308
v -0.3073501353 -0.6414278369 -0.4612116011
v -0.321475113 -0.6535470073 -0.4793944859
v -0.3831211427 -0.7064391912 -0.5587506337
v -0.2898782802 -0.6271454517 -0.4477616009
v -0.3037410628 -0.6390396811 -0.4656069713
v -0.3178660303 -0.6511588927 -0.4837898561
v -0.3795120804 -0.7040510765 -0.5631460038
v -0.2978692058 -0.6305991916 -0.4380268885
v -0.2863248883 -0.6229603142 -0.4520862635
v -0.317387902 -0.5733888777 -0.4141476933
v -0.3494880072 -0.6009307102 -0.4554697478
v -0.3636129746 -0.6130499218 -0.4736526326
v -0.4252590248 -0.6659421056 -0.5530087803
v -0.298487229 -0.5608822744 -0.4371661138
v -0.3305873342 -0.5884241069 -0.4784881478
v -0.3447123119 -0.6005433185 -0.4966710737
v -0.4063583416 -0.6534355023 -0.5760272214
v -0.3969206747 -0.3704846076 -0.4829326147
v -0.4787897949 -0.4407281336 -0.58832162
v -0.4694154813 -0.4184545249 -0.3946439008
v -0.5512846015 -0.4886980509 -0.5000329472
v -0.5504011478 -0.2264077932 -0.4658658076
v -0.5819471377 -0.2534741987 -0.5064745626
v -0.5960721257 -0.2655934 -0.5246574885
v -0.6577181553 -0.3184855838 -0.6040136362
v -0.5722874879 -0.2408900164 -0.4392112703
v -0.6038334779 -0.267956422 -0.4798200458
v -0.6179584658 -0.2800756233 -0.4980029306
v -0.6796044955 -0.3329678071 -0.5773590783
v -0.4448361542 -0.34560464 -0.5087584854
v -0.4914508578 -0.3855999733 -0.5687649715
v -0.5173309403 -0.3935745574 -0.4204697714
v -0.5639456849 -0.4335698907 -0.4804762987
v -0.3459359917 -0.6219160533 -0.4442419604
v -0.3200596787 -0.5997142204 -0.4109317336
v -0.3600609591 -0.6340352649 -0.4624248452
v -0.4217070093 -0.6869274487 -0.5417810341
v -0.3105973813 -0.5985324475 -0.4872795454
v -0.2847210684 -0.5763306146 -0.4539692775
v -0.324722359 -0.6106516591 -0.5054624302
v -0.3863684092 -0.6635438429 -0.584818578
v -0.6126134128 -0.2045684621 -0.4788358513
v -0.6264271397 -0.2164206229 -0.4966181149
v -0.6405521277 -0.2285398242 -0.5148009997
v -0.7021981573 -0.281432008 -0.5941571475
v -0.5874624066 -0.2322333934 -0.5163475265
v -0.6015873534 -0.2443525947 -0.5345304523
v -0.6632334242 -0.2972447837 -0.6138866001
v -0.5625547887 -0.2108627103 -0.4842842746
v -0.6234284999 -0.2560322107 -0.472545799
v -0.6375534468 -0.268151412 -0.4907286838
v -0.6991995175 -0.3210435958 -0.5700848315
v -0.5985208821 -0.2346615302 -0.4404825266
v -0.593157998 -0.2249777839 -0.5167590352
v -0.571190638 -0.2061298463 -0.4884807516
v -0.6072829449 -0.23709698 -0.53494192
v -0.6689290156 -0.289989169 -0.6142980677
v -0.6288546961 -0.2485983585 -0.4732853315
v -0.6068873772 -0.2297504183 -0.4450070479
v -0.6429796841 -0.2607175598 -0.4914682163
v -0.7046257137 -0.3136097436 -0.570824364
v -0.4690059036 -0.4527330668 -0.5868106319
v -0.387978926 -0.3832120641 -0.4825056579
v -0.5415007102 -0.5007030047 -0.498521918
v -0.4604737121 -0.4311820019 -0.394216944
v -0.3127769581 -0.6429714876 -0.4559670423
v -0.2983681643 -0.6306087644 -0.4374187874
v -0.3269019255 -0.6550906581 -0.4741499271
v -0.3885479757 -0.7079828419 -0.5535060748
v -0.3003796104 -0.6347681416 -0.4710652961
v -0.2859708166 -0.6224054184 -0.4525170412
v -0.3145045881 -0.646887312 -0.4892481809
v -0.3761506383 -0.6997795369 -0.5686043286
v -0.3842968966 -0.4462933413 -0.5137562458
v -0.4118827724 -0.4699619547 -0.5492671569
v -0.4567917032 -0.4942632587 -0.4254675524
v -0.484377579 -0.5179318721 -0.4609784841
v -0.2979879727 -0.561068349 -0.437774975
v -0.3176538666 -0.5740812855 -0.4138246203
v -0.4375148444 -0.3459828903 -0.5029523749
v -0.4926587197 -0.3932962261 -0.5739383709
v -0.510009651 -0.3939528077 -0.4146636815
v -0.5651535058 -0.4412661434 -0.485649657
v -0.3083624937 -0.6418683517 -0.4601315551
v -0.3224874611 -0.6539875222 -0.4783144809
v -0.294438525 -0.6299216155 -0.4422074245
v -0.384133501 -0.706879706 -0.5576706287
v -0.302960096 -0.638293575 -0.4667109289
v -0.3170850634 -0.6504127455 -0.4848938548
v -0.2890361273 -0.6263468388 -0.4487867983
v -0.3787311136 -0.7033049293 -0.5642500025
v -0.3426974557 -0.6270830845 -0.4433138472
v -0.3568224437 -0.6392022961 -0.461496732
v -0.3187707558 -0.6065540329 -0.4125132854
v -0.4184684733 -0.6920944799 -0.5408528797
v -0.3064613303 -0.603105593 -0.4874444612
v -0.320586308 -0.6152247635 -0.505627346
v -0.2825346201 -0.5825765004 -0.4566439199
v -0.3822323479 -0.6681169884 -0.5849834937
v -0.4476751578 -0.4681127743 -0.5776519743
v -0.3783918942 -0.4086678809 -0.4884645641
v -0.5201699644 -0.5160826711 -0.4893632603
v -0.4508867008 -0.4566377983 -0.4001758501
v -0.3418488833 -0.5904942637 -0.4683600863
v -0.3559738507 -0.6026134342 -0.4865430122
v -0.3083134585 -0.5617209453 -0.4251903921
v -0.4176198804 -0.655505618 -0.5658991599
v -0.3436556638 -0.5916898001 -0.4661596896
v -0.3577806313 -0.6038090117 -0.4843425744
v -0.3101202391 -0.5629164817 -0.4229899954
v -0.4194266814 -0.6567011955 -0.5636987222
v -0.3329588608 -0.6367772048 -0.4444177638
v -0.3470838282 -0.6488964163 -0.4626006485
v -0.313336322 -0.6199410908 -0.4191579025
v -0.4087298784 -0.7017886001 -0.5419567963
v -0.2999191385 -0.6149147762 -0.4846556021
v -0.3140441162 -0.6270339878 -0.5028384869
v -0.2802965997 -0.5980786622 -0.4593957613
v -0.3756901561 -0.6799261716 -0.5821946346
v -0.3013778047 -0.630207034 -0.4337497203
v -0.3163931486 -0.6430901415 -0.4530787572
v -0.3305181161 -0.6552093531 -0.471261683
v -0.3921641662 -0.7081015369 -0.5506178308
v -0.2840423419 -0.6187361048 -0.4548619343
v -0.2990576859 -0.6316192534 -0.4741909711
v -0.3131826533 -0.643738465 -0.492373897
v -0.3748287035 -0.6966306488 -0.5717300448
v -0.3377262363 -0.5888643341 -0.4726490459
v -0.3518512037 -0.6009835457 -0.4908319307
v -0.304483687 -0.5603422924 -0.4298563489
v -0.4134972539 -0.6538757295 -0.5701880785
v -0.3466705528 -0.5947828125 -0.4617561025
v -0.3607955202 -0.606901983 -0.4799389873
v -0.3134280035 -0.5662607708 -0.4189634054
v -0.4224415704 -0.6597941668 -0.559295135
v -0.585209462 -0.2619940647 -0.4982616848
v -0.5993344499 -0.274113266 -0.5164446106
v -0.5519669023 -0.233472023 -0.4554690083
v -0.6609804796 -0.3270054498 -0.5958007584
v -0.5941537785 -0.2679125328 -0.4873687413
v -0.6082787665 -0.2800317341 -0.5055516261
v -0.5609112189 -0.2393904911 -0.4445760648
v -0.6699247961 -0.3329239179 -0.5849078149
v -0.6178069849 -0.2122744777 -0.4664977792
v -0.6328223289 -0.2251576135 -0.4858268161
v -0.6469473169 -0.2372768148 -0.5040097009
v -0.7085933465 -0.2901689986 -0.5833658486
v -0.6004715222 -0.2008035768 -0.4876099521
v -0.6154868662 -0.2136867126 -0.5069390301
v -0.6296118541 -0.2258059113 -0.5251219148
v -0.6912578838 -0.2786981003 -0.6044780626
v -0.6319608558 -0.2418620907 -0.4753622262
v -0.6460858437 -0.253981292 -0.493545111
v -0.6123383067 -0.225025987 -0.4501023444
v -0.7077318734 -0.3068734758 -0.5729012588
v -0.5989211335 -0.2199996622 -0.5156000646
v -0.6130461214 -0.2321188583 -0.5337829493
v -0.5792985844 -0.2031635533 -0.4903401827
v -0.6746921511 -0.2850110473 -0.6131390971
v -0.5882243715 -0.2650870668 -0.4938580976
v -0.6023493184 -0.2772062681 -0.5120410235
v -0.554688957 -0.2363137433 -0.4506884239
v -0.6639953891 -0.3300984519 -0.5913971712
v -0.5900311315 -0.2662826135 -0.4916577009
v -0.6041561195 -0.2784018148 -0.5098405857
v -0.556495717 -0.2375092951 -0.4484879861
v -0.6658021491 -0.3312939986 -0.5891967334
v -0.4916845295 -0.4099861592 -0.5822065904
v -0.4224012864 -0.3505412658 -0.4930191802
v -0.5641793361 -0.4579560765 -0.4939179176
v -0.494896093 -0.3985111831 -0.4047304868
v -0.625418664 -0.253671279 -0.472573326
v -0.6395436519 -0.2657904752 -0.4907562519
v -0.6014919537 -0.2331422069 -0.4417728053
v -0.7011896816 -0.318682659 -0.5701123997
v -0.5891825591 -0.2296937722 -0.5167039811
v -0.603307506 -0.2418129735 -0.5348868659
v -0.5652558489 -0.2091647001 -0.4859034399
v -0.6649535767 -0.2947051573 -0.6142430136
v -0.6289199393 -0.2184833022 -0.4933068583
v -0.6430448862 -0.2306025035 -0.5114897431
v -0.6149959399 -0.206536566 -0.4753827277
v -0.7046909569 -0.2834946873 -0.5908458908
v -0.6235175314 -0.2149085306 -0.4998862322
v -0.6376424783 -0.2270277268 -0.518069117
v -0.609593573 -0.2029617919 -0.4819621016
v -0.699288549 -0.2799199106 -0.5974252647
v -0.3774177245 -0.425357814 -0.4967327836
v -0.4325615998 -0.4726711498 -0.5677187796
v -0.4499125311 -0.4733277313 -0.4084440902
v -0.5050564064 -0.5206410671 -0.4794300657
v -0.5502877117 -0.2278365185 -0.4638860792
v -0.5699536056 -0.2408494705 -0.4399357451
v -0.4581937129 -0.3486921059 -0.5214039975
v -0.4857795682 -0.3723607193 -0.5569149498
v -0.530688499 -0.3966620232 -0.4331153042
v -0.5582743748 -0.4203306366 -0.4686262358
v -0.6315004146 -0.2220087305 -0.4889524911
v -0.6170916105 -0.209646015 -0.4704042773
v -0.6456253615 -0.2341279318 -0.507135417
v -0.7072714322 -0.2870201207 -0.5864915648
v -0.6191030567 -0.2138053896 -0.504050786
v -0.6046942526 -0.2014426741 -0.4855025311
v -0.6332280446 -0.2259245909 -0.5222336708
v -0.6948740743 -0.2788167747 -0.6015898185
v -0.4820975182 -0.4354419555 -0.5881655376
v -0.4010705406 -0.3659209527 -0.4838605225
v -0.5545923248 -0.4834118728 -0.4998768237
v -0.4735653472 -0.4138908701 -0.3955718086
v -0.3030252981 -0.6081784982 -0.4867324968
v -0.2810579586 -0.5893305683 -0.4584542132
v -0.3171502758 -0.6202977098 -0.5049153816
v -0.3787963157 -0.6731898936 -0.5842715294
v -0.3387220168 -0.631799083 -0.4432587931
v -0.3167546773 -0.6129511531 -0.4149805095
v -0.3528469842 -0.6439182946 -0.4614416779
v -0.4144930344 -0.6968104784 -0.5407978257
v -0.3084515252 -0.6007446356 -0.4874720293
v -0.3225765028 -0.6128638472 -0.5056549141
v -0.384222553 -0.665756031 -0.5850110618
v -0.2835439176 -0.5793739551 -0.4554087775
v -0.3444176288 -0.6245434889 -0.4436702608
v -0.3585425962 -0.6366626594 -0.4618531456
v -0.4201886464 -0.6895548432 -0.5412092933
v -0.3195100109 -0.6031727672 -0.4116070089
v -0.2916391173 -0.628504055 -0.4456174498
v -0.3054528648 -0.6403562543 -0.4633996723
v -0.3195778322 -0.6524754248 -0.4815825982
v -0.3812238721 -0.7053676086 -0.5609387459
v -0.6212826232 -0.2582444194 -0.4727382829
v -0.5954063 -0.2360425916 -0.4394280355
v -0.6354076112 -0.2703636207 -0.4909211677
v -0.6970536408 -0.3232558045 -0.5702773154
v -0.5859440231 -0.2348608085 -0.5157758268
v -0.5600676999 -0.2126589858 -0.4824655999
v -0.6000690111 -0.2469800098 -0.5339587116
v -0.6617150407 -0.2998721987 -0.6133149004
v -0.3786255864 -0.4330540668 -0.5019061829
v -0.42524029 -0.4730494001 -0.5619126691
v -0.451120393 -0.4810239841 -0.413617469
v -0.4977350966 -0.5210192969 -0.4736239963
v -0.2965005161 -0.5617540188 -0.4395890276
v -0.3280465164 -0.5888204552 -0.4801977825
v -0.3421714838 -0.6009396257 -0.4983806673
v -0.403817534 -0.6538318095 -0.5777368151
v -0.3183868563 -0.5762362421 -0.4129344697
v -0.3499328565 -0.6033026785 -0.4535432246
v -0.3640578239 -0.6154218489 -0.4717261094
v -0.4257038741 -0.6683140327 -0.5510822572
v -0.3912866493 -0.377925886 -0.4823495344
v -0.4731557695 -0.4481694325 -0.5877385398
v -0.4637814559 -0.4258958239 -0.3940608205
v -0.5456505555 -0.4961393498 -0.4994498669
v -0.5691925856 -0.2408109326 -0.4402075849
v -0.6012926908 -0.26835276 -0.4815296394
v -0.6154176377 -0.2804719613 -0.4997125242
v -0.6770637084 -0.3333641451 -0.579068672
v -0.5502919024 -0.2283043293 -0.4632260054
v -0.5823920076 -0.2558461618 -0.5045480394
v -0.5965169956 -0.267965358 -0.5227309653
v -0.6581630252 -0.3208575418 -0.602087113
v -0.6168999895 -0.2092305133 -0.4710441783
v -0.6053556822 -0.2015916257 -0.4851035533
v -0.6142761693 -0.2058429411 -0.4765654456
v -0.628138952 -0.2177371756 -0.4944108159
v -0.6422639399 -0.2298563769 -0.5125937418
v -0.7039099696 -0.2827485607 -0.5919498896
v -0.6106670866 -0.2034548084 -0.4809608157
v -0.6245298692 -0.2153490455 -0.4988061861
v -0.6386548572 -0.2274682468 -0.5169890709
v -0.7003008868 -0.2803604357 -0.5963452597
v -0.582739629 -0.2430059626 -0.5128362263
v -0.5541254333 -0.2184550356 -0.4760015521
v -0.5968645758 -0.2551251587 -0.5310191111
v -0.6585106466 -0.3080173477 -0.6103752588
v -0.6141308101 -0.26377755 -0.4746060954
v -0.5855166145 -0.2392266179 -0.4377714006
v -0.628255757 -0.275896741 -0.4927889802
v -0.6899018277 -0.3287889351 -0.5721451279
v -0.6178532057 -0.2127326284 -0.4658393488
v -0.5997294835 -0.2007401465 -0.487911517
v -0.6153271272 -0.206896762 -0.4747807483
v -0.6090328431 -0.2027318153 -0.482446331
v -0.3317284534 -0.6376249966 -0.4448084834
v -0.3125491616 -0.6211692077 -0.4201192536
v -0.3458534311 -0.6497442081 -0.4629914093
v -0.4074994607 -0.7026363919 -0.542347557
v -0.2994729025 -0.6162814733 -0.4840913388
v -0.2802936107 -0.5998256844 -0.4594020474
v -0.3135978802 -0.6284006438 -0.5022742236
v -0.3752439304 -0.6812928276 -0.5816303713
v -0.2822578295 -0.6138026015 -0.4570294629
v -0.3048577055 -0.6287569751 -0.4295059132
v -0.3466147181 -0.6205775406 -0.4446068376
v -0.3607396855 -0.6326967522 -0.4627897634
v -0.4223857357 -0.685588936 -0.5421459112
v -0.3202616224 -0.597966623 -0.4106828604
v -0.3117220869 -0.5974890494 -0.487101277
v -0.3258470544 -0.6096082199 -0.5052841618
v -0.3874930943 -0.6625004037 -0.5846403096
v -0.2853689913 -0.5748781318 -0.4531772793
v -0.5560175682 -0.2372255868 -0.4490242704
v -0.5551139006 -0.2366276234 -0.4501248591
v -0.3773392519 -0.4171681082 -0.4922186363
v -0.4400959771 -0.4710132618 -0.5730045468
v -0.4498340585 -0.4651380255 -0.4039299224
v -0.5125907837 -0.5189831996 -0.484715874
v -0.614588704 -0.156793237 -0.545557169
v -0.628713692 -0.1689124362 -0.5637400949
v -0.6903597216 -0.2218046247 -0.6430962426
v -0.6870835106 -0.2047631569 -0.4572684962
v -0.7012084986 -0.2168823582 -0.475451381
v -0.7628545282 -0.269774542 -0.5548075287
v -0.460188006 -0.3496920771 -0.5235848788
v -0.4844380152 -0.370498556 -0.5548016125
v -0.5326828126 -0.3976619944 -0.4352961649
v -0.5569328218 -0.4184684733 -0.4665128986
v -0.3154979035 -0.6159034489 -0.4165169499
v -0.336506244 -0.6339285668 -0.4435606867
v -0.3506312217 -0.6460477784 -0.4617436126
v -0.4122772718 -0.6989399622 -0.5410997603
v -0.2806052723 -0.5928149577 -0.4590113688
v -0.3016136128 -0.6108400755 -0.4860551262
v -0.3157385905 -0.6229592871 -0.504238011
v -0.3773846304 -0.6758514709 -0.5835941587
v -0.2960091995 -0.5620246466 -0.4401883365
v -0.3186090858 -0.5769790203 -0.4126647869
v -0.3487554181 -0.615136184 -0.446570666
v -0.3205732943 -0.5909559785 -0.4102921818
v -0.3628803855 -0.6272553545 -0.4647535508
v -0.4245264357 -0.6801475383 -0.5441096986
v -0.3164998673 -0.5937926196 -0.4858534803
v -0.2883177537 -0.5696124141 -0.4495750167
v -0.330624845 -0.6059118312 -0.5040363651
v -0.3922708849 -0.658804015 -0.5833925129
v -0.6314544815 -0.2432268157 -0.4748459915
v -0.6113785579 -0.2260017333 -0.4490025364
v -0.6455794283 -0.255346017 -0.4930288763
v -0.7072254991 -0.3082382008 -0.572385024
v -0.5977126963 -0.2208998478 -0.5159388115
v -0.5776368138 -0.2036747654 -0.4900953564
v -0.6118376843 -0.2330190491 -0.5341216963
v -0.6734837139 -0.2859112329 -0.6134778441
v -0.4870124921 -0.3743298272 -0.5589971856
v -0.4561242957 -0.3478277979 -0.5192351953
v -0.5595072986 -0.4222997445 -0.4707084717
v -0.5286190817 -0.3957977152 -0.4309465019
v -0.4656715571 -0.3534796337 -0.5301453946
v -0.4797965451 -0.3655988453 -0.5483282794
v -0.5381663637 -0.4014495716 -0.4418566806
v -0.5522913517 -0.4135687626 -0.4600395654
v -0.574687394 -0.2408179582 -0.4386266082
v -0.5507030003 -0.2249474476 -0.4678362919
v -0.3797115282 -0.4029221656 -0.4864262893
v -0.4526691383 -0.4655196654 -0.580343667
v -0.4522063348 -0.4508921035 -0.3981375754
v -0.5251639449 -0.5134895827 -0.4920549531
v -0.3815107696 -0.3971798809 -0.4847837055
v -0.4575580642 -0.4624282964 -0.5826784121
v -0.4540055762 -0.4451497982 -0.3964949916
v -0.5300528708 -0.5103982343 -0.4943896982
v -0.5930657208 -0.2676030384 -0.4884202743
v -0.5597136693 -0.2389870453 -0.4454866347
v -0.6071906677 -0.2797222397 -0.5066031591
v -0.6688367384 -0.3326144235 -0.5859593479
v -0.5858834226 -0.2628505152 -0.4971673
v -0.552531371 -0.2342345169 -0.4542336604
v -0.6000084105 -0.2749697062 -0.5153502258
v -0.6616544402 -0.3278619003 -0.5947063736
v -0.2982954744 -0.6281149377 -0.4771187802
v -0.3124204418 -0.6402341493 -0.495301665
v -0.374066492 -0.6931263331 -0.5746578127
v -0.2824800385 -0.6145453386 -0.45675978
v -0.3201818145 -0.6425971609 -0.4504642223
v -0.334306782 -0.6547163725 -0.4686471071
v -0.3959528321 -0.7076085563 -0.5480032548
v -0.3043663786 -0.6290275619 -0.4301052016
v -0.3427754559 -0.5910614029 -0.4672622915
v -0.3569004233 -0.6031805734 -0.4854451762
v -0.4185464735 -0.6560727983 -0.564801324
v -0.3092277877 -0.5622775667 -0.4240768205
v -0.4891405994 -0.3785691354 -0.5630479336
v -0.4517808161 -0.3465144909 -0.5149551512
v -0.5616354266 -0.4265390528 -0.4747592197
v -0.5242756432 -0.3944844288 -0.4266664578
v -0.4874915653 -0.4243261662 -0.5865550824
v -0.4101285397 -0.3579488338 -0.486966641
v -0.5599863513 -0.4722960835 -0.4982663685
v -0.4826233463 -0.4059187511 -0.3986779477
v -0.2813568735 -0.5876088134 -0.4580871997
v -0.3038106919 -0.6068741683 -0.4869917441
v -0.3179356696 -0.6189933799 -0.5051746288
v -0.3795817197 -0.6718855637 -0.5845307766
v -0.3173229669 -0.6114076667 -0.4142854517
v -0.3397767955 -0.6306729805 -0.4431899755
v -0.3539017629 -0.6427921921 -0.4613728603
v -0.4155478131 -0.6956843759 -0.5407290081
v -0.3792752246 -0.4354796922 -0.5037575203
v -0.4228756965 -0.4728888188 -0.5598838439
v -0.4517700312 -0.4834496095 -0.4154688269
v -0.4953705031 -0.5208587361 -0.47159513
v -0.5845915826 -0.2610856107 -0.4993471952
v -0.5514822621 -0.2326778781 -0.456726008
v -0.5987165295 -0.273204812 -0.51753008
v -0.6603626002 -0.3260969958 -0.5968862277
v -0.5952756903 -0.2681553048 -0.486335409
v -0.5621663698 -0.2397475723 -0.4437142219
v -0.6094006372 -0.2802745061 -0.5045182938
v -0.6710467079 -0.33316669 -0.5838744826
v -0.609006754 -0.2663686252 -0.4768595741
v -0.623131742 -0.2784878265 -0.4950424999
v -0.6847777716 -0.3313800103 -0.5743986477
v -0.5787972225 -0.2404489007 -0.4379712387
v -0.5818291412 -0.2483851574 -0.5099582124
v -0.5959540881 -0.2605043587 -0.5281410972
v -0.6576001588 -0.3133965425 -0.607497245
v -0.5516196097 -0.2224654277 -0.4710698565
v -0.3095062936 -0.5996185331 -0.4874032117
v -0.2841122072 -0.5778304686 -0.4547137402
v -0.3236312713 -0.6117377447 -0.5055860965
v -0.3852773112 -0.6646299285 -0.5849422442
v -0.3452030123 -0.623239118 -0.443929508
v -0.3198089258 -0.6014510535 -0.4112400365
v -0.3593280002 -0.6353583296 -0.4621123928
v -0.4209740299 -0.6882505134 -0.5414685405
v -0.6331148551 -0.2377696721 -0.4771934319
v -0.6472398431 -0.2498888734 -0.4953763167
v -0.7088858727 -0.3027810572 -0.5747324644
v -0.6147874328 -0.2220447724 -0.4536007438
v -0.6026660848 -0.2176216852 -0.5142758495
v -0.6167910728 -0.2297408814 -0.5324587343
v -0.6784371024 -0.2826330703 -0.611814882
v -0.5843386625 -0.2018967804 -0.4906831615
v -0.6111792539 -0.2037175119 -0.4804444166
v -0.6138880381 -0.2055099101 -0.4771454855
v -0.3895850673 -0.380540729 -0.4823730351
v -0.471116899 -0.4504948923 -0.5873279349
v -0.4620798739 -0.4285106463 -0.3940843417
v -0.5436117056 -0.4984648097 -0.499039221
v -0.3775650969 -0.4143599185 -0.4908783159
v -0.4426257739 -0.4701818424 -0.5746300803
v -0.4500599035 -0.4623298359 -0.4025896019
v -0.5151205599 -0.5181517597 -0.4863413663
v -0.6167155172 -0.2136581558 -0.5060036037
v -0.6019246213 -0.2009676066 -0.4869635186
v -0.6308405052 -0.2257773571 -0.5241864884
v -0.6924865348 -0.2786695461 -0.6035426773
v -0.6324426612 -0.2240648413 -0.4868500825
v -0.6176518064 -0.2113742921 -0.4678099974
v -0.6465676491 -0.2361840426 -0.5050329673
v -0.7082136788 -0.2890762264 -0.5843891561
v -0.3850686809 -0.3886975667 -0.4830964622
v -0.4645886556 -0.4569255586 -0.5854614782
v -0.4575634875 -0.436667484 -0.3948077483
v -0.5370834417 -0.5048954759 -0.4971727643
v -0.5506274036 -0.2305672935 -0.4599429332
v -0.5655355154 -0.2404319993 -0.4417869386
v -0.3837718285 -0.391498094 -0.4835532057
v -0.4622933933 -0.4588694402 -0.5846329964
v -0.4562666351 -0.4394680113 -0.3952644918
v -0.5347881794 -0.5068393575 -0.4963442825
v -0.3789908127 -0.4057981663 -0.4873971311
v -0.4501821934 -0.4668802202 -0.5790408573
v -0.4514856193 -0.4537680836 -0.3991083966
v -0.5226769794 -0.5148501375 -0.4907521434
v -0.6169787497 -0.2180364756 -0.4586194166
v -0.6337699987 -0.2324433333 -0.4802345948
v -0.6478949867 -0.2445625346 -0.4984174796
v -0.7095410163 -0.2974547184 -0.5777736273
v -0.5910304453 -0.2008664371 -0.4902209126
v -0.6078216943 -0.2152732947 -0.5118360497
v -0.6219466823 -0.227392496 -0.5300189345
v -0.6835927119 -0.280284685 -0.6093750823
v -0.6173250974 -0.2170450605 -0.4599167209
v -0.6337727925 -0.2311571734 -0.4810896587
v -0.6478977804 -0.2432763695 -0.4992725435
v -0.7095438101 -0.2961685585 -0.5786286912
v -0.592670605 -0.2007311437 -0.4899425197
v -0.6091183002 -0.2148432566 -0.5111154575
v -0.6232432881 -0.2269624528 -0.5292983423
v -0.6848893178 -0.2798546366 -0.60865449
v -0.6333939875 -0.2274590077 -0.4838488132
v -0.6178657367 -0.2141357937 -0.4638594971
v -0.6475189344 -0.2395782091 -0.5020317391
v -0.7091650051 -0.2924703929 -0.5813878869
v -0.6129750852 -0.2139477983 -0.5087162087
v -0.5974468344 -0.2006245843 -0.4887268927
v -0.6271000732 -0.2260669971 -0.5268991346
v -0.6887461028 -0.278959186 -0.6062552824
v -0.6335706536 -0.2350767365 -0.4786342466
v -0.6160418853 -0.2200370856 -0.456069673
v -0.6476956416 -0.2471959378 -0.4968171313
v -0.7093416712 -0.3000881217 -0.5761732791
v -0.6052312764 -0.2163245401 -0.5131476927
v -0.5877025081 -0.2012848892 -0.4905831191
v -0.6193562644 -0.2284437415 -0.5313305775
v -0.681002294 -0.2813359304 -0.6106867253
v -0.4276468313 -0.4730666147 -0.5638980672
v -0.378098649 -0.4305543649 -0.5001153229
v -0.5001416379 -0.5210365526 -0.4756093944
v -0.4505934556 -0.4785242822 -0.4118266295
v 0.584234183 -0.347968761 0.334937747
v 0.4003804952 -0.4630234146 0.6430962426
v 0.3667497632 -0.491878513 0.5998038476
v 0.7628545282 -0.2231738177 0.2016527552
v 0.7292237962 -0.2520289161 0.1583603602
v 0.5117393764 -0.3959386783 0.4232264609
v -0.4495175591 -0.3460687583 -0.5128545914
v -0.4900305035 -0.3808287769 -0.5650063799
v -0.5220123452 -0.3940386756 -0.424565898
v -0.5625252896 -0.4287986942 -0.476717666
v -0.6174131017 -0.2104973838 -0.469113218
v -0.6320016533 -0.2230143303 -0.4878928644
v -0.6461266413 -0.2351335316 -0.5060757492
v -0.7077726709 -0.2880257206 -0.5854318969
v -0.6033333896 -0.2011807923 -0.4862603875
v -0.6179219001 -0.2136977414 -0.505040075
v -0.632046888 -0.2258169427 -0.5232229598
v -0.6936929177 -0.2787091213 -0.6025791076
v -0.3015577576 -0.6366348448 -0.4689059024
v -0.2874389015 -0.6245208921 -0.4507308648
v -0.3156827353 -0.6487540152 -0.4870887872
v -0.3773287752 -0.7016462401 -0.5664449349
v -0.3105020843 -0.6425533231 -0.4580129178
v -0.2963832181 -0.6304393293 -0.4398379213
v -0.3246270518 -0.6546724936 -0.4761958437
v -0.3862730917 -0.7075646774 -0.5555519914
v -0.349170645 -0.5997983628 -0.4564709926
v -0.3632956125 -0.6119175743 -0.4746538774
v -0.4249416626 -0.6648097582 -0.5540100662
v -0.3168245631 -0.5720454759 -0.4148322949
v -0.3318351823 -0.5883274747 -0.4775832066
v -0.3459601497 -0.6004466451 -0.4957660914
v -0.4076061999 -0.653338829 -0.5751222391
v -0.2994891004 -0.5605745878 -0.4359445089
v -0.3483091719 -0.6165028811 -0.4460064027
v -0.3205703156 -0.5927029596 -0.4102985089
v -0.3624341393 -0.6286220516 -0.4641892875
v -0.4240801895 -0.6815142354 -0.5435454353
v -0.3152694496 -0.5946404114 -0.4862442411
v -0.2875305933 -0.570840531 -0.4505363678
v -0.3293944273 -0.606759623 -0.5044271259
v -0.3910404672 -0.6596518068 -0.5837832736
v -0.3045726774 -0.6397278161 -0.4645023152
v -0.2907466557 -0.627865099 -0.4467042338
v -0.3186976448 -0.6518470276 -0.4826852
v -0.3803436847 -0.7047392114 -0.5620413477
v -0.3063794579 -0.6409233525 -0.4623018774
v -0.2925534362 -0.6290606765 -0.4445038371
v -0.3205044253 -0.653042564 -0.4804847622
v -0.3821504652 -0.7059347478 -0.559840951
v -0.3417669801 -0.6283120642 -0.4432175436
v -0.3183322644 -0.6082051214 -0.4130503092
v -0.355891968 -0.6404312347 -0.4614004284
v -0.4175379977 -0.6933234185 -0.5407565762
v -0.3055308444 -0.6043345317 -0.4873481576
v -0.2820961287 -0.5842275888 -0.4571809438
v -0.3196558221 -0.6164537432 -0.5055310424
v -0.3813018723 -0.6693459271 -0.5848871902
v -0.6178278973 -0.2146121373 -0.4631994644
v -0.596668723 -0.2006110673 -0.4889684322
v -0.3452682349 -0.5931240822 -0.4639510348
v -0.3118307571 -0.5644347829 -0.4209074103
v -0.3593932023 -0.6052432527 -0.4821339196
v -0.421039232 -0.6581354776 -0.5614900674
v -0.339865827 -0.5895493055 -0.4705304087
v -0.3064283595 -0.5608600062 -0.4274868047
v -0.3539907944 -0.6016685171 -0.4887132935
v -0.4156368446 -0.6545607009 -0.5680694412
v -0.5505815115 -0.2254372287 -0.4671811894
v -0.581820801 -0.252240448 -0.5073950751
v -0.5959457478 -0.2643596442 -0.5255779599
v -0.6575917775 -0.3172518383 -0.6049341076
v -0.5738808928 -0.2408544675 -0.4388057394
v -0.6051201822 -0.2676576817 -0.4790196251
v -0.6192451291 -0.279776883 -0.4972025099
v -0.6808911998 -0.3326690668 -0.5765586577
v -0.2832130487 -0.6167003362 -0.4558696294
v -0.3028789426 -0.6297132728 -0.4319192953
v -0.3478487102 -0.5966494746 -0.4595967087
v -0.3148960987 -0.5683762034 -0.4171772291
v -0.3619736982 -0.6087686862 -0.4777795935
v -0.4236197278 -0.66166087 -0.5571357413
v -0.3354513728 -0.5884461285 -0.4746949625
v -0.3024987613 -0.5601728573 -0.4322754829
v -0.3495763402 -0.6005653401 -0.4928778473
v -0.4112223904 -0.6534575239 -0.5722339951
v -0.5603050488 -0.239194515 -0.4450253718
v -0.5522392557 -0.2338573605 -0.4548484173
v -0.4061448837 -0.4665651999 -0.5427101744
v -0.3886336793 -0.4515406323 -0.5201682388
v -0.4786396903 -0.5145351378 -0.4544214605
v -0.4611284859 -0.4995105497 -0.4318795249
v -0.5517145164 -0.2330787869 -0.4560949814
v -0.5615318099 -0.2395748863 -0.4441389189
v -0.5821571239 -0.2457186704 -0.5114806633
v -0.5527166239 -0.2204587834 -0.4735822948
v -0.5962821119 -0.2578378717 -0.5296635481
v -0.6579281415 -0.3107300555 -0.6090196958
v -0.6115877634 -0.265192974 -0.4756381951
v -0.5821472635 -0.2399330819 -0.4377398061
v -0.6257127514 -0.2773121753 -0.4938210799
v -0.687358781 -0.3302043591 -0.5731772276
v -0.3376309291 -0.6328851686 -0.4433824594
v -0.3161458366 -0.6144510072 -0.4157249722
v -0.3517559068 -0.6450043802 -0.4615653442
v -0.4134019569 -0.697896564 -0.5409214919
v -0.302292329 -0.6095015629 -0.4864200033
v -0.2808072263 -0.5910674014 -0.4587625161
v -0.3164172964 -0.6216207744 -0.5046029292
v -0.3780633363 -0.6745129582 -0.5839590769
v -0.5509076043 -0.2314316991 -0.4586453824
v -0.5641502478 -0.2401943885 -0.4425176583
v -0.3930794815 -0.3753740676 -0.4824351148
v -0.475117441 -0.4457624803 -0.5880415426
v -0.4655742675 -0.4233439849 -0.3941464214
v -0.5476122476 -0.4937323976 -0.4997528287
v -0.3176409864 -0.6429935503 -0.4521738159
v -0.3317659538 -0.6551127208 -0.4703567007
v -0.393412004 -0.7080049046 -0.5497128485
v -0.3023796555 -0.6298993474 -0.4325281154
v -0.2987403135 -0.630486947 -0.475192257
v -0.3128652809 -0.6426061175 -0.4933751418
v -0.3745113208 -0.6954983013 -0.5727312896
v -0.2834789825 -0.6173927441 -0.4555465359
v -0.3145419961 -0.5678213075 -0.4176079657
v -0.3029976786 -0.5601823891 -0.4316673407
v -0.3444872476 -0.5923779351 -0.4650550335
v -0.3586122355 -0.6044971466 -0.4832379183
v -0.4202582652 -0.6573893305 -0.5625940661
v -0.3109886043 -0.56363617 -0.4219326283
v -0.3408781853 -0.5899898204 -0.4694503626
v -0.3550031527 -0.602109032 -0.4876332885
v -0.4166492029 -0.6550012158 -0.5669894362
v -0.3073795215 -0.5612480143 -0.4263279984
v -0.2990879245 -0.6176467324 -0.4834804028
v -0.2803406943 -0.6015616547 -0.459347322
v -0.3132129022 -0.6297659439 -0.5016632876
v -0.3748589421 -0.6826581278 -0.5810194354
v -0.3304790954 -0.6384183095 -0.4452502719
v -0.3117318652 -0.6223332318 -0.4211172116
v -0.3446040731 -0.6505375211 -0.4634331567
v -0.4062501233 -0.7034297049 -0.5427893044
v -0.5910873893 -0.2272672069 -0.5168415752
v -0.6052123362 -0.2393864082 -0.5350245011
v -0.6668584069 -0.2922785972 -0.6143806489
v -0.5681440107 -0.2075818515 -0.4873069081
v -0.6272334355 -0.2511850992 -0.4728206586
v -0.6413584235 -0.2633043005 -0.4910035844
v -0.7030044531 -0.3161964843 -0.5703597322
v -0.604290057 -0.2314997464 -0.4432859915
v -0.3171114195 -0.5727101513 -0.4144836875
v -0.2989877179 -0.5607176462 -0.4365558557
v -0.3122413209 -0.5648630955 -0.4204076302
v -0.3059470163 -0.5606981308 -0.4280732334
v -0.5846425282 -0.2375499231 -0.5149945518
v -0.5578193158 -0.2145356573 -0.48046537
v -0.5987675161 -0.2496691193 -0.5331774366
v -0.6604135458 -0.3025613031 -0.6125335843
v -0.6190024392 -0.2602859193 -0.4731488877
v -0.5921792268 -0.2372716586 -0.4386197265
v -0.6331273861 -0.2724051206 -0.4913317725
v -0.6947734568 -0.3252973044 -0.5706879613
v -0.4621022242 -0.3508252873 -0.5257723747
v -0.4829912432 -0.368748021 -0.5526625148
v -0.5345970103 -0.3987952046 -0.4374836608
v -0.5554860498 -0.4167179383 -0.4643738009
v -0.3772654835 -0.4226739069 -0.4951495267
v -0.4350576451 -0.4722594561 -0.5695446031
v -0.4497602901 -0.4706438242 -0.4068608333
v -0.5075524517 -0.520229394 -0.4812559302
v -0.5669668805 -0.2406206622 -0.4411119509
v -0.5504304415 -0.2296784731 -0.461251084
v -0.6101384441 -0.2032028666 -0.4814668202
v -0.6146455658 -0.2061852444 -0.4759777638
v -0.2920936832 -0.6287927192 -0.4450637864
v -0.2911900054 -0.6281947661 -0.446164334
v -0.05434578623 -0.1640111881 -0.08945742173
v -0.3117174649 -0.3848355844 -0.4207686453
v 0.01291568804 -0.1063009773 -0.002872600888
v 0.2483308531 0.09568477813 0.3001742977
v -0.1268405928 -0.2119811068 -0.001168718081
v -0.3842122612 -0.4328055017 -0.3324799313
v -0.05957911855 -0.1542708946 0.08541610276
v 0.1758360465 0.0477148608 0.3884630117
v -0.4399871837 -0.3457136184 -0.5048361284
v -0.4923807788 -0.3906672293 -0.572281736
v -0.5124819902 -0.3936835357 -0.416547435
v -0.5648756059 -0.4386371466 -0.4839930221
v -0.5535247275 -0.2353148711 -0.4524281329
v -0.5580318492 -0.2382972515 -0.4469390354
v -0.6177398518 -0.2118216066 -0.4671547716
v -0.6012034128 -0.2008794123 -0.4872939252
v -0.5638801952 -0.2100003512 -0.4851198641
v -0.5882982837 -0.2309510133 -0.5165529521
v -0.6024232305 -0.2430702146 -0.5347358369
v -0.6640692602 -0.2959624035 -0.6140919847
v -0.6000262415 -0.2339182435 -0.4410989475
v -0.6244443299 -0.2548689056 -0.4725320355
v -0.6385692768 -0.2669881069 -0.4907149203
v -0.7002153475 -0.3198802907 -0.570071068
v -0.59652928 -0.2218501727 -0.516224723
v -0.5759910665 -0.2042284184 -0.4897861497
v -0.610654268 -0.233969374 -0.5344076078
v -0.6723002976 -0.2868615629 -0.6137637555
v -0.630889191 -0.244586174 -0.4743791
v -0.6103509364 -0.2269644197 -0.4479404856
v -0.6450141379 -0.2567053753 -0.4925619848
v -0.7066602086 -0.3095975642 -0.5719181325
v -0.347802777 -0.6178676061 -0.445490168
v -0.3619277445 -0.6299867766 -0.4636730528
v -0.3205172644 -0.5944566787 -0.4103658886
v -0.4235737946 -0.6828789604 -0.5430292005
v -0.3140610227 -0.5955406278 -0.486582988
v -0.3281859901 -0.6076597983 -0.5047658728
v -0.2867755101 -0.5721297004 -0.451458688
v -0.38983203 -0.6605519821 -0.5841220206
v -0.3058318238 -0.6281537632 -0.4283176489
v -0.2818474301 -0.6122832731 -0.4575273326
v -0.3094140061 -0.6422437877 -0.4590644508
v -0.3235389838 -0.6543629993 -0.4772473767
v -0.2954046215 -0.6302237967 -0.4410303558
v -0.385185034 -0.7072551831 -0.5566035244
v -0.3022317284 -0.6374912644 -0.4678115176
v -0.3163566958 -0.649610476 -0.4859944024
v -0.2882223438 -0.6254712324 -0.4497774021
v -0.3780027357 -0.7025026598 -0.5653505501
v -0.6040200044 -0.2013056885 -0.4858881973
v -0.6172626891 -0.2100683805 -0.4697604732
v -0.4921601721 -0.4071298794 -0.5810452779
v -0.4249222088 -0.3494398143 -0.4944906855
v -0.5646549787 -0.4550997967 -0.492756564
v -0.4974170154 -0.3974097317 -0.4062019715
v -0.6039439558 -0.2169431231 -0.5137354156
v -0.5860229888 -0.2015669951 -0.490666029
v -0.6180689027 -0.2290623193 -0.5319183415
v -0.6797149734 -0.2819545082 -0.6112744892
v -0.6333745953 -0.2364174216 -0.4778929474
v -0.6154536694 -0.2210412936 -0.4548235608
v -0.6474995422 -0.2485366229 -0.4960758322
v -0.7091456129 -0.3014288119 -0.575432021
v -0.6066385245 -0.2019252113 -0.4842669778
v -0.616455777 -0.2084213107 -0.4723109153
v -0.4375711722 -0.471706368 -0.5713080182
v -0.3772392917 -0.4199417247 -0.493643551
v -0.5100659788 -0.5196763059 -0.4830193043
v -0.4497340983 -0.467911642 -0.4053548371
v -0.4149466554 -0.3546195819 -0.4891139557
v -0.4895242525 -0.4186070124 -0.5851167739
v -0.487441462 -0.4025894992 -0.4008252624
v -0.5620190796 -0.4665769297 -0.49682806
v -0.3009398884 -0.6357263702 -0.4699913717
v -0.2866877728 -0.6234980776 -0.4516448037
v -0.3150648559 -0.6478455818 -0.4881742565
v -0.3767108958 -0.7007377656 -0.5675304453
v -0.3116239962 -0.6427960541 -0.4569795855
v -0.2973718805 -0.6305677615 -0.4386330381
v -0.3257489739 -0.6549152657 -0.4751625114
v -0.3873950035 -0.7078074495 -0.5545186591
v -0.3082031655 -0.6262930995 -0.4254243719
v -0.3253550599 -0.6410093847 -0.4475037917
v -0.3394800376 -0.6531285963 -0.4656866764
v -0.4011260672 -0.7060207801 -0.5450428242
v -0.2810255425 -0.6083096419 -0.4585229898
v -0.2981774368 -0.6230259272 -0.480602389
v -0.3123024042 -0.6351451388 -0.4987852737
v -0.3739484544 -0.6880373226 -0.5781414215
v -0.6159310376 -0.2076427577 -0.4735574794
v -0.6078652446 -0.2023056032 -0.4833804838
v -0.3204291573 -0.5874993215 -0.4104625208
v -0.3494631507 -0.6124104316 -0.4478376084
v -0.3635881386 -0.6245296432 -0.4660204932
v -0.4252341683 -0.677421827 -0.5453766409
v -0.2899803973 -0.5673513347 -0.4475449179
v -0.3190144009 -0.5922624447 -0.484920026
v -0.3331393683 -0.6043816563 -0.5031029108
v -0.3947854185 -0.6572738401 -0.5824590586
v -0.4032484227 -0.3637756307 -0.4844831678
v -0.4836042334 -0.4327207636 -0.5879242035
v -0.4757432293 -0.411745548 -0.3961944744
v -0.55609904 -0.4806906809 -0.4996354896
v -0.3078488165 -0.5614739414 -0.4257563809
v -0.3105575801 -0.5632663627 -0.4224574704
v -0.610411537 -0.2144784103 -0.5103539856
v -0.624536525 -0.2265976116 -0.5285368704
v -0.6861825546 -0.2794898006 -0.6078930592
v -0.5942893594 -0.2006456122 -0.4896001162
v -0.6337109183 -0.2298956491 -0.4819785356
v -0.6478359062 -0.2420148453 -0.5001614615
v -0.7094819359 -0.2949070291 -0.5795176092
v -0.6175887407 -0.2160628484 -0.4612246662
v -0.5715015703 -0.2408890098 -0.4394374029
v -0.5503423549 -0.2268879397 -0.4652063912
v -0.3330638333 -0.5882989205 -0.4766477802
v -0.3471888007 -0.600418091 -0.494830706
v -0.4088348509 -0.6533102748 -0.5741868538
v -0.3004932827 -0.5603534265 -0.4347201512
v -0.3487909978 -0.5987055803 -0.457494259
v -0.3629159653 -0.6108247919 -0.4756771849
v -0.4245620154 -0.6637169757 -0.5550333326
v -0.3162204473 -0.5707601274 -0.4155666301
v -0.2849633063 -0.6206413869 -0.4537423232
v -0.2998713976 -0.6305060927 -0.4355863081
v -0.4160915954 -0.4715527301 -0.5535873823
v -0.3819426771 -0.442253029 -0.5096279701
v -0.488586402 -0.5195226475 -0.4652987095
v -0.4544374837 -0.4902229463 -0.4213392562
v -0.5976097781 -0.2684383506 -0.4843335768
v -0.611734766 -0.2805575519 -0.5025164616
v -0.6733807957 -0.3334497357 -0.5818726093
v -0.5648369037 -0.2403192822 -0.4421454475
v -0.5835300248 -0.2591217617 -0.5014807463
v -0.5976550128 -0.271240963 -0.5196636722
v -0.6593010424 -0.3241331468 -0.59901982
v -0.5507571505 -0.2310026933 -0.4592926376
v -0.6103004017 -0.2658115724 -0.476225918
v -0.6244253897 -0.2779307737 -0.4944088439
v -0.6860714193 -0.3308229575 -0.5737649916
v -0.5804677441 -0.2402152084 -0.4378227365
v -0.5819610245 -0.247059376 -0.5107393642
v -0.5960860125 -0.2591785722 -0.52892229
v -0.6577320421 -0.312070756 -0.6082784378
v -0.5521283669 -0.2214630069 -0.4723361826
v -0.3501183148 -0.6070841134 -0.4508787713
v -0.3642432822 -0.6192032839 -0.4690616561
v -0.4258893324 -0.6720954677 -0.5484178039
v -0.3195481379 -0.580854951 -0.4115261534
v -0.3241700002 -0.5899140594 -0.4824802262
v -0.3382949779 -0.602033271 -0.5006631521
v -0.399941028 -0.6549254548 -0.5800192999
v -0.293599813 -0.563684897 -0.4431276494
v -0.3501211086 -0.6057979432 -0.4517338352
v -0.364246076 -0.6179171547 -0.46991672
v -0.4258921262 -0.6708093386 -0.5492729088
v -0.3192073881 -0.579274036 -0.4119390179
v -0.325466606 -0.5894840213 -0.481759634
v -0.3395915837 -0.6016032328 -0.4999425188
v -0.4012376133 -0.6544954166 -0.5792986666
v -0.2945528957 -0.5629601141 -0.4419647962
f 21 29 24
f 22 23 30
f 23 31 30
f 24 29 32
f 35 27 26
f 34 35 26
f 36 25 28
f 33 25 36
f 67 3 4
f 8 7 68
f 176 36 28
f 1 177 175
f 1 178 2
f 179 175 176
f 180 24 32
f 180 179 176
f 2 181 1
f 181 177 1
f 178 182 2
f 182 178 177
f 181 182 177
f 189 114 116
f 114 189 176
f 191 189 116
f 115 113 192
f 113 190 192
f 180 78 228
f 78 225 228
f 176 232 77
f 232 229 77
f 247 49 52
f 48 45 248
f 41 257 44
f 44 257 258
f 42 43 259
f 43 260 259
f 262 37 40
f 261 37 262
f 264 39 38
f 263 264 38
f 233 274 180
f 233 273 274
f 278 234 176
f 278 277 234
f 242 239 281
f 180 292 205
f 292 291 205
f 226 227 293
f 294 227 162
f 227 294 293
f 176 206 296
f 206 295 296
f 298 231 230
f 297 298 230
f 310 184 309
f 313 183 314
f 318 143 145
f 318 145 180
f 317 143 318
f 320 146 144
f 319 320 144
f 147 321 149
f 149 322 176
f 149 321 322
f 148 150 323
f 150 324 323
f 64 65 326
f 65 327 326
f 328 207 180
f 328 325 207
f 331 61 60
f 330 331 60
f 208 332 176
f 208 329 332
f 138 140 335
f 336 104 103
f 335 336 103
f 140 336 335
f 133 135 337
f 105 337 338
f 107 108 339
f 340 136 134
f 108 340 339
f 339 340 134
f 132 342 341
f 131 345 346
f 353 1 175
f 2 182 355
f 354 356 353
f 357 178 1
f 353 357 1
f 353 356 357
f 179 358 175
f 181 2 358
f 358 179 181
f 358 353 175
f 358 354 353
f 358 2 355
f 358 355 354
f 364 123 124
f 363 123 364
f 366 126 125
f 365 366 125
f 119 367 120
f 120 367 368
f 121 122 369
f 122 370 369
f 372 371 299
f 74 75 381
f 75 382 381
f 69 72 384
f 386 71 70
f 385 386 70
f 380 388 379
f 379 388 387
f 381 382 389
f 382 390 389
f 391 384 383
f 392 384 391
f 394 386 385
f 393 394 385
f 52 49 403
f 404 45 48
f 405 399 176
f 406 400 402
f 401 399 407
f 399 405 407
f 408 406 402
f 346 345 409
f 412 348 347
f 411 412 347
f 414 413 167
f 343 344 415
f 344 416 415
f 123 427 124
f 125 126 428
f 126 429 428
f 124 427 430
f 433 122 121
f 432 433 121
f 434 119 120
f 431 119 434
f 37 443 40
f 38 39 444
f 39 445 444
f 40 443 446
f 449 43 42
f 448 449 42
f 450 41 44
f 447 41 450
f 265 451 452
f 456 455 266
f 475 350 352
f 177 476 349
f 477 475 352
f 351 349 478
f 349 476 478
f 271 491 492
f 496 495 272
f 503 395 176
f 504 396 398
f 397 395 505
f 395 503 505
f 506 504 398
f 507 288 287
f 283 284 508
f 257 41 509
f 509 41 447
f 42 259 510
f 510 448 42
f 37 261 511
f 443 37 511
f 263 38 512
f 38 444 512
f 518 155 156
f 517 155 518
f 520 158 157
f 519 520 157
f 151 521 152
f 152 521 522
f 153 154 523
f 154 524 523
f 180 526 318
f 526 317 318
f 525 317 526
f 528 320 319
f 527 528 319
f 321 529 322
f 176 322 530
f 322 529 530
f 323 324 531
f 324 532 531
f 249 536 250
f 250 536 535
f 251 252 537
f 252 538 537
f 539 253 254
f 540 253 539
f 542 256 255
f 541 542 255
f 543 193 195
f 545 543 195
f 196 194 546
f 194 544 546
f 547 345 131
f 367 119 547
f 120 368 547
f 547 300 376
f 69 384 547
f 391 383 547
f 384 392 547
f 346 409 547
f 547 168 410
f 547 119 431
f 434 120 547
f 521 151 547
f 152 522 547
f 121 369 548
f 385 70 548
f 548 393 385
f 411 347 548
f 548 432 121
f 153 523 548
f 548 544 194
f 35 549 27
f 549 231 298
f 324 150 549
f 61 331 549
f 370 122 549
f 71 386 549
f 386 394 549
f 348 412 549
f 549 122 433
f 350 475 549
f 524 154 549
f 549 532 324
f 550 132 341
f 550 123 363
f 364 124 550
f 550 372 299
f 380 73 550
f 550 379 387
f 388 380 550
f 413 342 550
f 550 414 167
f 427 123 550
f 124 430 550
f 550 351 478
f 517 550 155
f 518 156 550
f 545 195 550
f 551 365 125
f 74 381 551
f 381 389 551
f 343 415 551
f 125 428 551
f 551 165 512
f 551 519 157
f 196 546 551
f 552 126 366
f 382 75 552
f 390 382 552
f 416 344 552
f 429 126 552
f 477 352 552
f 520 552 158
f 552 549 548
f 551 546 552
f 551 552 548
f 553 114 176
f 176 417 553
f 553 417 419
f 554 113 115
f 116 114 555
f 114 553 555
f 555 553 419
f 420 418 556
f 556 554 115
f 418 554 556
f 486 483 567
f 570 221 222
f 569 221 570
f 572 224 223
f 571 572 223
f 217 573 218
f 218 573 574
f 219 220 575
f 220 576 575
f 589 186 550
f 550 426 589
f 589 590 186
f 590 589 426
f 185 593 547
f 547 593 425
f 425 593 594
f 600 3 511
f 5 6 601
f 5 601 512
f 6 602 601
f 7 604 509
f 605 9 510
f 606 10 9
f 605 606 9
f 176 243 607
f 607 243 245
f 607 421 176
f 608 422 424
f 423 421 609
f 609 607 245
f 421 607 609
f 246 244 610
f 244 608 610
f 610 608 424
f 533 611 176
f 533 612 611
f 614 18 17
f 18 614 549
f 613 614 17
f 615 534 180
f 615 616 534
f 13 14 617
f 14 618 617
f 619 360 362
f 620 460 462
f 461 459 621
f 621 619 362
f 459 619 621
f 361 359 622
f 359 620 622
f 622 620 462
f 631 183 313
f 309 184 632
f 184 631 632
f 632 631 313
f 315 316 633
f 634 312 311
f 633 634 311
f 316 634 633
f 637 438 437
f 636 637 437
f 436 176 638
f 638 435 436
f 635 435 638
f 439 639 440
f 441 442 640
f 442 641 640
f 440 639 642
f 253 643 254
f 644 464 463
f 254 643 644
f 643 464 644
f 255 256 645
f 646 466 465
f 256 646 645
f 645 646 465
f 468 647 467
f 648 249 250
f 647 249 648
f 467 647 648
f 469 470 649
f 650 252 251
f 649 650 251
f 470 650 649
f 651 80 549
f 652 79 81
f 79 652 176
f 82 80 653
f 82 653 552
f 80 651 653
f 654 652 81
f 655 342 132
f 550 342 655
f 656 132 550
f 597 656 550
f 656 655 132
f 597 655 656
f 551 657 343
f 658 344 343
f 552 344 658
f 657 658 343
f 659 346 547
f 660 131 346
f 131 660 547
f 660 598 547
f 346 659 660
f 659 598 660
f 347 348 661
f 347 661 548
f 662 348 549
f 348 662 661
f 177 663 514
f 543 663 177
f 663 543 545
f 664 513 515
f 664 544 548
f 513 664 549
f 549 664 548
f 516 514 665
f 550 516 665
f 665 545 550
f 514 663 665
f 665 663 545
f 546 544 666
f 552 666 515
f 546 666 552
f 666 664 515
f 544 664 666
f 667 7 8
f 604 7 667
f 603 604 667
f 4 3 668
f 3 600 668
f 668 600 599
f 669 189 191
f 671 669 191
f 192 190 672
f 190 670 672
f 590 673 186
f 590 550 673
f 591 674 551
f 591 592 674
f 186 675 550
f 550 675 577
f 186 673 675
f 675 673 577
f 592 552 676
f 592 676 674
f 593 185 677
f 594 677 547
f 594 593 677
f 678 595 548
f 679 185 547
f 547 578 679
f 677 185 679
f 596 680 549
f 680 596 595
f 678 680 595
f 550 164 681
f 682 165 551
f 683 164 163
f 550 683 163
f 681 164 683
f 684 166 165
f 552 166 684
f 682 684 165
f 160 685 159
f 685 160 547
f 161 162 686
f 548 161 686
f 547 159 687
f 159 685 687
f 549 688 162
f 162 688 686
f 689 127 549
f 690 128 130
f 690 176 128
f 129 127 691
f 129 691 552
f 127 689 691
f 692 690 130
f 509 693 511
f 558 693 695
f 699 697 557
f 517 701 550
f 702 519 551
f 703 517 518
f 550 703 518
f 701 517 703
f 704 520 519
f 520 704 552
f 702 704 519
f 521 705 522
f 705 521 547
f 523 524 706
f 523 706 548
f 547 522 707
f 522 705 707
f 708 524 549
f 524 708 706
f 167 709 550
f 709 579 550
f 413 710 167
f 710 413 550
f 167 710 709
f 709 710 579
f 415 416 711
f 415 711 551
f 712 416 552
f 416 712 711
f 713 168 547
f 580 713 547
f 410 168 714
f 714 409 410
f 409 714 547
f 168 713 714
f 715 411 548
f 716 412 411
f 412 716 549
f 715 716 411
f 717 451 265
f 495 717 272
f 451 717 509
f 509 717 495
f 497 498 718
f 510 718 453
f 510 497 718
f 719 717 265
f 272 717 719
f 31 23 720
f 720 146 320
f 327 65 720
f 720 454 453
f 320 528 720
f 618 14 720
f 718 720 453
f 498 720 718
f 455 721 266
f 721 491 271
f 721 455 511
f 511 491 721
f 457 458 722
f 512 457 722
f 722 493 512
f 266 721 723
f 723 721 271
f 724 494 493
f 458 724 722
f 722 724 493
f 260 43 732
f 732 43 449
f 732 10 606
f 732 454 720
f 734 733 235
f 236 237 735
f 237 736 735
f 740 241 240
f 739 740 240
f 743 569 570
f 741 569 743
f 744 572 571
f 742 744 571
f 573 745 574
f 575 576 746
f 574 745 747
f 576 748 746
f 229 749 77
f 230 231 750
f 77 751 176
f 77 749 751
f 481 752 162
f 752 481 480
f 162 752 549
f 752 231 549
f 231 752 750
f 750 752 480
f 753 225 78
f 480 481 754
f 755 78 180
f 755 753 78
f 162 227 756
f 756 227 226
f 756 481 162
f 754 756 226
f 481 756 754
f 176 395 758
f 758 395 397
f 398 396 759
f 396 757 759
f 760 758 397
f 763 301 302
f 761 301 763
f 764 304 303
f 762 764 303
f 305 765 306
f 307 308 766
f 306 765 767
f 308 768 766
f 134 136 770
f 133 769 771
f 136 772 770
f 776 140 138
f 774 776 138
f 777 171 173
f 177 171 777
f 778 172 549
f 550 779 173
f 779 777 173
f 174 172 780
f 552 174 780
f 172 778 780
f 16 15 781
f 16 781 176
f 782 11 12
f 782 12 180
f 105 106 787
f 790 108 107
f 789 790 107
f 103 104 793
f 104 794 793
f 421 796 176
f 796 421 423
f 424 422 797
f 422 795 797
f 798 796 423
f 160 807 547
f 547 807 509
f 808 161 548
f 510 808 548
f 809 162 161
f 162 809 732
f 808 809 161
f 810 160 159
f 810 159 547
f 807 160 810
f 164 811 163
f 550 811 164
f 165 166 812
f 165 812 512
f 552 813 166
f 166 813 812
f 163 811 814
f 550 816 547
f 552 818 549
f 559 819 562
f 820 439 440
f 819 439 820
f 562 819 820
f 560 561 821
f 822 442 441
f 720 498 822
f 561 720 822
f 821 822 441
f 561 822 821
f 435 823 436
f 436 824 176
f 824 566 176
f 824 563 566
f 436 823 824
f 823 563 824
f 437 438 825
f 826 438 549
f 565 826 549
f 826 565 564
f 438 826 825
f 825 826 564
f 7 832 68
f 832 7 509
f 284 832 509
f 68 832 831
f 9 10 833
f 510 9 833
f 510 833 285
f 834 286 285
f 834 10 732
f 286 834 732
f 10 834 833
f 833 834 285
f 836 3 67
f 3 836 511
f 511 836 288
f 835 836 67
f 289 290 837
f 837 5 512
f 512 289 837
f 838 6 5
f 837 838 5
f 290 838 837
f 180 207 843
f 843 782 180
f 325 844 207
f 844 11 782
f 207 844 843
f 843 844 782
f 326 327 845
f 846 14 13
f 720 14 846
f 846 327 720
f 845 846 13
f 327 846 845
f 176 847 208
f 781 847 176
f 848 329 208
f 15 848 781
f 847 848 208
f 781 848 847
f 17 18 849
f 850 331 330
f 850 18 549
f 549 331 850
f 18 850 849
f 849 850 330
f 106 851 787
f 787 851 788
f 102 101 852
f 101 791 852
f 852 791 792
f 854 313 314
f 854 853 769
f 770 772 855
f 856 316 315
f 855 856 315
f 772 856 855
f 311 312 859
f 860 776 774
f 312 860 859
f 859 860 774
f 529 861 530
f 862 88 87
f 862 87 176
f 530 862 176
f 861 88 862
f 530 861 862
f 531 532 863
f 864 90 89
f 90 864 549
f 864 532 549
f 863 864 89
f 532 864 863
f 84 865 83
f 83 866 180
f 866 526 180
f 866 525 526
f 83 865 866
f 865 525 866
f 85 86 867
f 868 528 527
f 720 868 86
f 528 868 720
f 86 868 867
f 867 868 527
f 235 869 238
f 733 869 235
f 870 239 242
f 738 239 870
f 737 738 870
f 871 135 133
f 771 871 133
f 872 137 139
f 773 137 872
f 775 773 872
f 701 873 550
f 874 703 550
f 874 701 703
f 873 701 874
f 875 702 551
f 704 876 552
f 876 704 702
f 875 876 702
f 547 877 705
f 705 877 707
f 707 878 547
f 707 877 878
f 548 706 879
f 706 708 879
f 549 880 708
f 708 880 879
f 881 72 69
f 547 72 881
f 882 73 76
f 550 882 76
f 511 201 883
f 883 623 511
f 623 883 624
f 512 884 203
f 625 884 512
f 625 626 884
f 885 204 203
f 884 885 203
f 626 885 884
f 886 201 202
f 883 201 886
f 624 883 886
f 197 887 198
f 887 197 509
f 627 887 509
f 199 200 888
f 199 888 510
f 510 888 629
f 889 630 629
f 732 889 200
f 630 889 732
f 200 889 888
f 888 889 629
f 198 890 547
f 890 628 547
f 890 627 628
f 198 887 890
f 887 627 890
f 180 482 891
f 482 479 891
f 479 753 891
f 891 755 180
f 891 753 755
f 176 892 180
f 892 482 180
f 892 479 482
f 749 479 892
f 751 892 176
f 751 749 892
f 175 893 176
f 176 189 897
f 242 281 897
f 184 310 897
f 101 333 897
f 897 333 137
f 897 539 254
f 253 540 897
f 486 567 897
f 573 217 897
f 218 574 897
f 360 619 897
f 897 619 459
f 631 184 897
f 176 897 638
f 643 253 897
f 897 464 643
f 254 644 897
f 644 463 897
f 189 669 897
f 239 738 897
f 897 745 573
f 574 747 897
f 897 765 305
f 306 767 897
f 897 137 773
f 791 101 897
f 897 102 852
f 852 792 897
f 858 309 897
f 773 858 897
f 897 870 242
f 737 870 897
f 872 139 897
f 897 775 872
f 898 335 103
f 898 138 335
f 541 255 898
f 898 219 575
f 633 311 898
f 255 645 898
f 898 645 465
f 739 240 898
f 746 898 575
f 898 307 766
f 774 138 898
f 793 898 103
f 898 311 859
f 859 774 898
f 190 113 899
f 104 336 899
f 899 336 140
f 899 400 406
f 396 504 899
f 256 542 899
f 549 438 899
f 113 554 899
f 899 554 418
f 576 220 899
f 608 244 899
f 899 422 608
f 899 620 359
f 460 620 899
f 438 637 899
f 646 256 899
f 899 466 646
f 899 670 190
f 241 740 899
f 899 748 576
f 899 757 396
f 768 308 899
f 899 140 776
f 794 104 899
f 795 422 899
f 860 312 899
f 776 860 899
f 282 238 900
f 314 183 900
f 337 105 900
f 900 133 337
f 900 250 535
f 536 249 900
f 568 490 900
f 221 569 900
f 570 222 900
f 183 631 900
f 309 632 900
f 900 632 313
f 440 642 900
f 900 249 647
f 647 468 900
f 648 250 900
f 467 648 900
f 900 734 235
f 569 741 900
f 743 570 900
f 301 761 900
f 763 302 900
f 769 133 900
f 105 787 900
f 900 820 440
f 562 820 900
f 900 851 106
f 788 851 900
f 313 854 900
f 854 769 900
f 900 238 869
f 869 733 900
f 135 871 900
f 900 871 771
f 897 309 900
f 900 631 897
f 901 107 339
f 339 134 901
f 251 537 901
f 571 223 901
f 315 633 901
f 649 251 901
f 901 469 649
f 901 236 735
f 901 742 571
f 901 762 303
f 134 770 901
f 789 107 901
f 855 315 901
f 901 770 855
f 901 633 898
f 901 898 899
f 115 192 902
f 39 264 902
f 340 108 902
f 902 136 340
f 408 402 902
f 445 39 902
f 506 398 902
f 538 252 902
f 556 115 902
f 902 420 556
f 224 572 902
f 602 6 902
f 902 246 610
f 610 424 902
f 361 622 902
f 902 622 462
f 312 634 902
f 902 634 316
f 902 252 650
f 650 470 902
f 902 192 672
f 724 458 902
f 902 494 724
f 902 736 237
f 572 744 902
f 902 398 759
f 902 304 764
f 772 136 902
f 108 790 902
f 424 797 902
f 6 838 902
f 902 838 290
f 316 856 902
f 856 772 902
f 902 204 885
f 885 626 902
f 899 312 902
f 902 786 901
f 902 901 899
f 903 783 785
f 897 783 903
f 904 784 899
f 898 904 899
f 180 905 179
f 179 905 181
f 905 903 785
f 786 784 906
f 786 906 901
f 784 904 906
f 156 907 550
f 155 908 156
f 550 908 155
f 156 908 907
f 157 158 909
f 157 909 551
f 552 910 158
f 158 910 909
f 911 151 152
f 911 152 547
f 547 151 912
f 912 151 911
f 548 913 153
f 914 154 153
f 549 154 914
f 913 914 153
f 915 284 283
f 832 284 915
f 831 832 915
f 287 288 916
f 288 836 916
f 916 836 835
f 585 917 511
f 918 585 586
f 917 585 918
f 919 587 512
f 920 588 587
f 588 920 902
f 919 920 587
f 921 581 509
f 581 921 582
f 582 921 922
f 583 923 510
f 583 584 923
f 924 584 732
f 584 924 923
f 741 925 900
f 926 741 743
f 900 926 743
f 925 741 926
f 927 742 901
f 928 744 742
f 744 928 902
f 927 928 742
f 745 929 747
f 929 745 897
f 897 747 930
f 747 929 930
f 746 748 931
f 746 931 898
f 932 748 899
f 748 932 931
f 933 784 786
f 933 53 899
f 899 784 933
f 934 54 56
f 54 934 897
f 934 783 897
f 55 53 935
f 55 935 902
f 935 786 902
f 53 933 935
f 935 933 786
f 785 783 936
f 936 934 56
f 783 934 936
f 25 33 937
f 937 268 270
f 229 295 937
f 321 147 937
f 59 329 937
f 937 529 321
f 15 612 937
f 435 635 937
f 749 229 937
f 479 749 937
f 823 435 937
f 937 563 823
f 848 15 937
f 937 329 848
f 88 861 937
f 861 529 937
f 897 268 937
f 937 635 897
f 938 34 26
f 297 230 938
f 938 148 323
f 330 60 938
f 938 323 531
f 613 17 938
f 636 437 938
f 230 750 938
f 938 437 825
f 825 564 938
f 17 849 938
f 938 849 330
f 863 89 938
f 531 863 938
f 898 938 267
f 898 636 938
f 29 21 939
f 939 270 180
f 225 939 291
f 143 317 939
f 325 63 939
f 317 525 939
f 616 11 939
f 939 639 439
f 225 753 939
f 753 479 939
f 439 819 939
f 819 559 939
f 11 844 939
f 939 844 325
f 865 84 939
f 939 525 865
f 900 939 180
f 939 937 270
f 939 479 937
f 22 30 940
f 269 267 940
f 226 293 940
f 319 144 940
f 64 326 940
f 527 319 940
f 13 617 940
f 441 640 940
f 750 480 940
f 754 226 940
f 940 480 754
f 940 821 441
f 560 821 940
f 845 13 940
f 940 326 845
f 85 867 940
f 940 867 527
f 940 901 269
f 267 938 940
f 938 750 940
f 941 21 24
f 941 24 180
f 28 25 942
f 28 942 176
f 943 109 176
f 944 110 112
f 110 944 549
f 111 109 945
f 109 943 945
f 552 946 112
f 946 944 112
f 947 109 111
f 176 109 947
f 947 472 176
f 948 471 473
f 549 948 110
f 471 948 549
f 474 472 949
f 949 947 111
f 472 947 949
f 112 110 950
f 112 950 552
f 950 473 552
f 110 948 950
f 950 948 473
f 291 951 205
f 939 951 291
f 939 729 951
f 205 952 180
f 205 951 952
f 293 294 953
f 293 953 940
f 940 953 730
f 954 294 162
f 954 162 732
f 954 732 730
f 294 954 953
f 953 954 730
f 955 295 206
f 937 295 955
f 955 725 937
f 956 206 176
f 956 955 206
f 726 728 957
f 938 957 297
f 726 957 938
f 958 298 297
f 298 958 549
f 958 728 549
f 957 958 297
f 728 958 957
f 376 300 959
f 375 376 959
f 547 959 69
f 375 959 547
f 70 71 960
f 70 960 548
f 960 377 548
f 961 378 377
f 549 961 71
f 378 961 549
f 71 961 960
f 960 961 377
f 962 300 547
f 962 881 69
f 881 962 547
f 69 959 962
f 959 300 962
f 371 963 299
f 550 73 963
f 963 371 550
f 963 73 882
f 373 374 964
f 551 964 74
f 373 964 551
f 965 75 74
f 552 75 965
f 965 374 552
f 964 965 74
f 374 965 964
f 299 966 550
f 966 882 550
f 299 963 966
f 966 963 882
f 693 967 511
f 967 693 558
f 511 967 697
f 697 967 557
f 512 968 510
f 968 694 510
f 698 968 512
f 698 700 968
f 969 696 694
f 968 969 694
f 700 969 968
f 557 967 970
f 970 967 558
f 971 53 55
f 53 971 899
f 897 972 54
f 902 973 55
f 973 971 55
f 56 54 974
f 54 972 974
f 975 500 502
f 975 400 899
f 500 975 899
f 399 976 176
f 976 399 401
f 976 499 176
f 402 400 977
f 402 977 902
f 902 977 502
f 400 975 977
f 977 975 502
f 501 499 978
f 978 976 401
f 499 976 978
f 547 212 979
f 979 800 547
f 979 799 800
f 209 980 212
f 980 209 547
f 547 799 980
f 212 980 979
f 980 799 979
f 210 211 981
f 210 981 548
f 548 981 801
f 549 982 211
f 802 982 549
f 982 802 801
f 211 982 981
f 981 982 801
f 983 213 216
f 550 983 216
f 804 983 550
f 550 213 984
f 984 803 550
f 803 984 804
f 984 213 983
f 804 984 983
f 985 214 551
f 805 985 551
f 805 806 985
f 986 215 214
f 552 215 986
f 986 806 552
f 985 986 214
f 806 986 985
f 349 987 177
f 987 349 351
f 987 827 177
f 988 350 549
f 549 828 988
f 988 828 830
f 989 351 550
f 829 989 550
f 829 827 989
f 989 987 351
f 827 987 989
f 352 350 990
f 352 990 552
f 552 990 830
f 350 988 990
f 990 988 830
f 277 991 234
f 937 991 277
f 725 991 937
f 176 234 992
f 234 991 992
f 279 280 993
f 938 279 993
f 993 726 938
f 549 994 280
f 728 994 549
f 994 728 726
f 280 994 993
f 993 994 726
f 995 273 233
f 273 995 939
f 995 729 939
f 180 996 233
f 996 995 233
f 730 732 997
f 997 275 940
f 730 997 940
f 998 276 275
f 276 998 720
f 720 998 732
f 997 998 275
f 732 998 997
f 29 999 32
f 999 29 939
f 30 31 1000
f 30 1000 940
f 1001 31 720
f 31 1001 1000
f 180 32 1002
f 32 999 1002
f 937 33 1003
f 1004 34 938
f 1005 35 34
f 35 1005 549
f 1004 1005 34
f 1006 33 36
f 176 1006 36
f 1003 33 1006
f 509 1007 627
f 627 1007 628
f 807 1007 509
f 547 628 1008
f 1008 810 547
f 1008 807 810
f 628 1007 1008
f 1007 807 1008
f 629 1009 510
f 629 630 1009
f 1009 808 510
f 1010 630 732
f 732 809 1010
f 1010 809 808
f 630 1010 1009
f 1009 1010 808
f 511 1011 550
f 623 1011 511
f 1011 811 550
f 811 1011 814
f 1012 623 624
f 1011 623 1012
f 814 1011 1012
f 1013 625 512
f 512 812 1013
f 812 813 1013
f 1014 626 625
f 1014 813 552
f 902 1014 552
f 626 1014 902
f 1013 1014 625
f 813 1014 1013
f 221 1015 222
f 1015 221 900
f 223 224 1016
f 223 1016 901
f 1017 224 902
f 224 1017 1016
f 900 222 1018
f 222 1015 1018
f 217 1019 897
f 898 1020 219
f 1021 220 219
f 220 1021 899
f 1020 1021 219
f 1022 217 218
f 897 1022 218
f 1019 217 1022
f 1023 310 309
f 858 1023 309
f 858 857 1023
f 310 1023 897
f 897 1023 857
f 314 1024 854
f 1024 853 854
f 1024 314 900
f 900 853 1024
f 652 1025 176
f 1025 652 654
f 176 1025 839
f 1026 651 549
f 549 840 1026
f 1026 840 842
f 841 839 1027
f 1027 1025 654
f 839 1025 1027
f 552 653 1028
f 653 651 1028
f 1028 842 552
f 651 1026 1028
f 1028 1026 842
f 176 1029 128
f 893 1029 176
f 1029 893 895
f 1030 127 129
f 127 1030 549
f 549 1030 894
f 130 128 1031
f 128 1029 1031
f 1031 1029 895
f 1032 129 552
f 552 896 1032
f 896 894 1032
f 1032 1030 129
f 894 1030 1032
f 897 738 1033
f 57 1034 897
f 57 1033 1034
f 898 1035 739
f 1036 740 739
f 899 740 1036
f 1035 1036 739
f 1037 734 900
f 1038 58 900
f 1037 58 1038
f 734 1037 1038
f 735 736 1039
f 901 735 1039
f 1040 736 902
f 736 1040 1039
f 176 1041 79
f 1042 80 82
f 80 1042 549
f 81 79 1043
f 79 1041 1043
f 1044 82 552
f 1044 1042 82
f 62 59 1045
f 62 1045 176
f 1046 63 66
f 1046 66 180
f 472 1047 176
f 1047 472 474
f 176 1047 1041
f 1048 471 549
f 549 1042 1048
f 1048 1042 1044
f 1043 1041 1049
f 1049 1047 474
f 1041 1047 1049
f 473 471 1050
f 552 473 1050
f 1050 1044 552
f 471 1048 1050
f 1050 1048 1044
f 690 1051 176
f 1051 690 692
f 1051 943 176
f 549 1052 689
f 944 1052 549
f 1052 944 946
f 945 943 1053
f 1053 1051 692
f 943 1051 1053
f 691 1054 552
f 691 689 1054
f 1054 946 552
f 689 1052 1054
f 1054 1052 946
f 93 1055 900
f 94 1056 93
f 900 1056 94
f 93 1056 1055
f 95 96 1057
f 901 95 1057
f 902 1058 96
f 96 1058 1057
f 1059 98 97
f 1059 97 897
f 98 1060 897
f 1060 98 1059
f 1061 99 898
f 1062 100 99
f 100 1062 899
f 1061 1062 99
f 1063 141 900
f 1055 1063 900
f 1064 1056 900
f 1056 1064 1055
f 1064 141 1063
f 1055 1064 1063
f 1057 1065 901
f 1057 1058 1065
f 1066 1058 902
f 1058 1066 1065
f 142 1067 897
f 897 1067 1059
f 1067 1060 1059
f 1060 1068 897
f 142 1068 1067
f 1068 1060 1067
f 1069 1061 898
f 1062 1070 899
f 1070 1062 1061
f 1069 1070 1061
f 1071 235 238
f 238 282 1071
f 235 1071 900
f 1071 487 900
f 1072 282 900
f 282 1072 1071
f 1071 1072 487
f 488 489 1073
f 1073 236 901
f 488 1073 901
f 1074 237 236
f 237 1074 902
f 1074 489 902
f 1073 1074 236
f 489 1074 1073
f 239 1075 281
f 1075 239 897
f 483 1075 897
f 281 1076 897
f 281 1075 1076
f 240 241 1077
f 240 1077 898
f 898 1077 484
f 1078 485 484
f 1078 241 899
f 485 1078 899
f 241 1078 1077
f 1077 1078 484
f 94 1079 900
f 1080 94 93
f 900 1080 93
f 1079 94 1080
f 1081 95 901
f 1082 96 95
f 96 1082 902
f 1081 1082 95
f 98 1083 97
f 897 1083 98
f 97 1084 897
f 97 1083 1084
f 99 100 1085
f 898 99 1085
f 899 1086 100
f 100 1086 1085
f 1087 172 174
f 172 1087 549
f 1087 828 549
f 1088 171 177
f 827 1088 177
f 1088 827 829
f 1089 174 552
f 830 1089 552
f 830 828 1089
f 1089 1087 174
f 828 1087 1089
f 173 171 1090
f 550 173 1090
f 829 550 1090
f 171 1088 1090
f 1090 1088 829
f 355 182 1093
f 355 1093 354
f 1093 1092 354
f 356 354 1094
f 357 356 1094
f 354 1092 1094
f 1095 1091 19
f 1095 357 1094
f 1091 1095 1094
f 1096 1093 20
f 1096 1092 1093
f 1091 1094 1096
f 1094 1092 1096
f 1097 459 461
f 459 1097 897
f 1097 972 897
f 1098 460 899
f 899 971 1098
f 1098 971 973
f 974 972 1099
f 1099 1097 461
f 972 1097 1099
f 462 460 1100
f 462 1100 902
f 1100 973 902
f 460 1098 1100
f 1100 1098 973
f 58 1101 900
f 1101 58 1037
f 1102 787 788
f 900 787 1102
f 1102 1037 900
f 1102 1101 1037
f 1103 789 901
f 1103 901 1039
f 1039 1040 1103
f 1104 790 789
f 902 790 1104
f 1104 1040 902
f 1103 1104 789
f 1040 1104 1103
f 1105 57 897
f 1106 791 897
f 1106 1033 57
f 1033 1106 897
f 1105 1106 57
f 793 794 1107
f 793 1107 898
f 1107 1035 898
f 1108 794 899
f 1036 1108 899
f 1108 1036 1035
f 794 1108 1107
f 1107 1108 1035
f 547 1110 92
f 117 1110 547
f 1109 92 1110
f 550 91 1114
f 1114 118 550
f 91 1113 1114
f 1114 1113 118
f 511 1117 600
f 512 601 1118
f 601 602 1118
f 902 1119 602
f 602 1119 1118
f 1120 1117 187
f 604 1121 509
f 1122 605 510
f 1123 606 605
f 606 1123 732
f 1122 1123 605
f 188 1121 1124
f 511 917 1125
f 1126 917 918
f 1125 917 1126
f 512 1127 919
f 902 920 1128
f 1128 920 919
f 1127 1128 919
f 1129 921 509
f 921 1129 922
f 922 1129 1130
f 923 1131 510
f 923 924 1131
f 732 1132 924
f 924 1132 1131
f 1133 594 547
f 816 1133 547
f 816 815 1133
f 425 1134 547
f 1134 425 594
f 594 1133 1134
f 548 1135 551
f 595 1135 548
f 595 596 1135
f 1135 817 551
f 1136 596 549
f 818 1136 549
f 1136 818 817
f 596 1136 1135
f 1135 1136 817
f 590 426 1137
f 590 1137 550
f 1137 816 550
f 1138 426 550
f 426 1138 1137
f 1139 591 551
f 551 817 1139
f 817 818 1139
f 592 1140 552
f 1140 592 591
f 1140 818 552
f 1139 1140 591
f 818 1140 1139
f 213 1141 216
f 1141 213 550
f 681 1141 550
f 216 1142 550
f 1142 683 550
f 1142 681 683
f 216 1141 1142
f 1141 681 1142
f 214 215 1143
f 551 214 1143
f 1143 682 551
f 1144 215 552
f 684 1144 552
f 1144 684 682
f 215 1144 1143
f 1143 1144 682
f 209 1145 547
f 547 1145 685
f 685 1145 687
f 1146 209 212
f 1146 212 547
f 687 1146 547
f 1145 209 1146
f 687 1145 1146
f 1147 210 548
f 548 686 1147
f 686 688 1147
f 1148 211 210
f 211 1148 549
f 1148 688 549
f 1147 1148 210
f 688 1148 1147
f 487 1149 490
f 490 1149 900
f 1072 1149 487
f 900 1149 1072
f 1150 483 486
f 1150 486 897
f 1075 483 1150
f 897 1076 1150
f 1076 1075 1150
f 1151 491 511
f 1152 1151 170
f 493 494 1153
f 493 1153 512
f 1154 494 902
f 494 1154 1153
f 509 495 1155
f 169 1155 1156
f 1157 497 510
f 1158 498 497
f 822 498 1158
f 1157 1158 497
f 176 1159 533
f 942 1159 176
f 1160 612 533
f 1160 25 937
f 937 612 1160
f 25 1160 942
f 1159 1160 533
f 942 1160 1159
f 26 27 1161
f 26 1161 938
f 1161 613 938
f 549 1162 27
f 549 614 1162
f 1162 614 613
f 27 1162 1161
f 1161 1162 613
f 180 534 1163
f 1163 941 180
f 616 1164 534
f 21 1164 939
f 939 1164 616
f 1164 21 941
f 534 1164 1163
f 1163 1164 941
f 617 618 1165
f 1165 22 940
f 940 617 1165
f 1166 23 22
f 720 23 1166
f 1166 618 720
f 1165 1166 22
f 618 1166 1165
f 1167 376 375
f 376 1167 547
f 1168 371 372
f 1168 372 550
f 45 1169 248
f 511 1169 45
f 455 1169 511
f 248 1169 1170
f 46 47 1171
f 46 1171 512
f 1171 457 512
f 1172 458 457
f 902 1172 47
f 458 1172 902
f 47 1172 1171
f 1171 1172 457
f 1173 49 247
f 49 1173 509
f 1173 451 509
f 1174 1173 247
f 453 454 1175
f 1175 50 510
f 1175 510 453
f 1176 51 50
f 51 1176 732
f 1176 454 732
f 1175 1176 50
f 454 1176 1175
f 180 1177 731
f 1177 729 731
f 951 729 1177
f 952 1177 180
f 952 951 1177
f 176 727 1178
f 727 725 1178
f 725 955 1178
f 1178 956 176
f 1178 955 956
f 1179 194 196
f 1179 548 194
f 1179 510 548
f 1180 509 511
f 512 510 1181
f 1181 196 551
f 551 512 1181
f 1181 1179 196
f 510 1179 1181
f 195 193 1182
f 550 195 1182
f 1182 511 550
f 193 1180 1182
f 1182 1180 511
f 1183 727 176
f 1183 725 727
f 991 725 1183
f 992 1183 176
f 992 991 1183
f 731 1184 180
f 731 729 1184
f 729 995 1184
f 1184 996 180
f 1184 995 996
f 88 1185 87
f 937 1185 88
f 176 87 1186
f 87 1185 1186
f 89 90 1187
f 938 89 1187
f 1188 90 549
f 90 1188 1187
f 84 1189 939
f 1190 84 83
f 180 1190 83
f 1189 84 1190
f 1191 85 940
f 1192 86 85
f 86 1192 720
f 1191 1192 85
f 803 1193 550
f 550 1193 908
f 908 1193 907
f 1194 804 550
f 1194 803 804
f 550 907 1194
f 1193 803 1194
f 907 1193 1194
f 551 1195 805
f 909 1195 551
f 909 910 1195
f 806 1196 552
f 1196 806 805
f 552 1196 910
f 1195 1196 805
f 910 1196 1195
f 1197 799 547
f 799 1197 800
f 912 1197 547
f 800 1198 547
f 547 1198 911
f 1198 912 911
f 800 1197 1198
f 1197 912 1198
f 801 1199 548
f 801 802 1199
f 1199 913 548
f 1200 802 549
f 549 914 1200
f 1200 914 913
f 802 1200 1199
f 1199 1200 913
f 1201 278 176
f 1201 277 278
f 274 1202 180
f 274 273 1202
f 1203 243 176
f 839 1203 176
f 1203 839 841
f 1204 244 246
f 1204 840 549
f 244 1204 899
f 899 1204 549
f 245 243 1205
f 243 1203 1205
f 1205 1203 841
f 842 1206 552
f 842 840 1206
f 1206 246 902
f 552 1206 902
f 1206 1204 246
f 840 1204 1206
f 371 1207 550
f 550 1207 710
f 710 1207 579
f 1207 371 1168
f 1208 373 551
f 551 711 1208
f 711 712 1208
f 1209 374 373
f 374 1209 552
f 552 1209 712
f 1208 1209 373
f 712 1209 1208
f 550 579 1210
f 1210 1168 550
f 579 1207 1210
f 1210 1207 1168
f 1211 375 547
f 713 580 1211
f 547 714 1211
f 714 713 1211
f 377 378 1212
f 377 1212 548
f 548 1212 715
f 1213 378 549
f 549 716 1213
f 1213 716 715
f 378 1213 1212
f 1212 1213 715
f 547 1214 580
f 1214 1167 375
f 1167 1214 547
f 375 1211 1214
f 1211 580 1214
f 1215 455 456
f 1169 455 1215
f 1170 1169 1215
f 452 451 1216
f 451 1173 1216
f 1216 1173 1174
f 697 1217 511
f 1151 1217 170
f 1217 1151 511
f 1218 698 512
f 512 1153 1218
f 1153 1154 1218
f 1219 700 698
f 700 1219 902
f 1219 1154 902
f 1218 1219 698
f 1154 1219 1218
f 170 1217 1220
f 1221 693 509
f 1221 1155 169
f 1155 1221 509
f 510 694 1222
f 694 696 1222
f 1222 1157 510
f 641 442 1223
f 696 641 1223
f 1223 442 822
f 1158 1223 822
f 1223 1158 1157
f 696 1223 1222
f 1222 1223 1157
f 1224 1221 169
f 431 1225 547
f 1225 877 547
f 877 1225 878
f 1226 431 434
f 547 1226 434
f 878 1226 547
f 1225 431 1226
f 878 1225 1226
f 1227 432 548
f 879 1227 548
f 879 880 1227
f 1228 433 432
f 433 1228 549
f 1228 880 549
f 1227 1228 432
f 880 1228 1227
f 427 1229 430
f 1229 427 550
f 550 873 1229
f 550 430 1230
f 1230 874 550
f 1230 873 874
f 430 1229 1230
f 1229 873 1230
f 428 429 1231
f 428 1231 551
f 551 1231 875
f 1232 429 552
f 552 876 1232
f 1232 876 875
f 429 1232 1231
f 1231 1232 875
f 464 1233 463
f 305 1233 897
f 1233 464 897
f 465 466 1234
f 1234 307 898
f 465 1234 898
f 1235 308 307
f 308 1235 899
f 1235 466 899
f 1234 1235 307
f 466 1235 1234
f 1236 305 306
f 1236 306 897
f 897 463 1236
f 1233 305 1236
f 463 1233 1236
f 301 1237 302
f 900 1237 301
f 468 1237 900
f 303 304 1238
f 303 1238 901
f 1238 469 901
f 1239 470 469
f 902 1239 304
f 470 1239 902
f 304 1239 1238
f 1238 1239 469
f 1240 468 467
f 302 1240 900
f 900 1240 467
f 302 1237 1240
f 1237 468 1240
f 599 600 1241
f 600 1117 1241
f 1241 1117 1120
f 1242 604 603
f 1121 604 1242
f 1124 1121 1242
f 492 491 1243
f 491 1151 1243
f 1243 1151 1152
f 1244 495 496
f 1155 495 1244
f 1156 1155 1244
f 563 1245 566
f 147 1245 937
f 937 1245 563
f 1246 147 149
f 1246 149 176
f 176 566 1246
f 1245 147 1246
f 566 1245 1246
f 564 565 1247
f 1247 148 938
f 564 1247 938
f 1248 150 148
f 150 1248 549
f 549 1248 565
f 1247 1248 148
f 565 1248 1247
f 143 1249 145
f 939 1249 143
f 559 1249 939
f 145 1250 180
f 1250 559 562
f 180 1250 900
f 1250 562 900
f 145 1249 1250
f 1249 559 1250
f 144 146 1251
f 940 144 1251
f 1251 560 940
f 1252 561 560
f 1252 146 720
f 561 1252 720
f 146 1252 1251
f 1251 1252 560
f 1253 268 897
f 903 1253 897
f 1253 903 905
f 1254 267 269
f 267 1254 898
f 1254 904 898
f 270 1255 180
f 270 268 1255
f 1255 905 180
f 268 1253 1255
f 1255 1253 905
f 901 1256 269
f 901 906 1256
f 906 904 1256
f 1256 1254 269
f 904 1254 1256
f 777 1257 177
f 1257 777 779
f 549 1258 778
f 1259 779 550
f 1259 1257 779
f 552 780 1260
f 780 778 1260
f 778 1258 1260
f 66 63 1261
f 180 66 1261
f 63 325 1261
f 1261 328 180
f 1261 325 328
f 1262 59 62
f 176 1262 62
f 329 59 1262
f 332 1262 176
f 332 329 1262
f 1263 773 775
f 858 773 1263
f 857 858 1263
f 1263 775 897
f 857 1263 897
f 769 1264 771
f 853 1264 769
f 771 1264 900
f 1264 853 900
f 550 815 1265
f 1265 815 816
f 1137 1265 816
f 1265 1138 550
f 1138 1265 1137
f 547 1266 550
f 1266 815 550
f 815 1266 1133
f 1134 1266 547
f 1133 1266 1134
f 8 68 1268
f 247 52 1268
f 1268 44 258
f 52 403 1268
f 450 44 1268
f 1268 265 452
f 1268 496 272
f 283 508 1268
f 193 543 1268
f 547 509 1268
f 1268 667 8
f 603 667 1268
f 1268 558 695
f 719 265 1268
f 272 719 1268
f 68 831 1268
f 915 283 1268
f 1268 831 915
f 1268 582 922
f 970 558 1268
f 188 1124 1268
f 922 1130 1268
f 1268 169 1156
f 1268 1174 247
f 1180 193 1268
f 509 1180 1268
f 452 1216 1268
f 1216 1174 1268
f 1224 169 1268
f 1242 603 1268
f 1268 1124 1242
f 1244 496 1268
f 1156 1244 1268
f 1268 543 1267
f 20 19 1269
f 1269 177 178
f 1269 543 177
f 1269 19 1091
f 1267 543 1269
f 1091 1267 1269
f 1270 178 357
f 19 1270 1095
f 1270 357 1095
f 1270 1269 178
f 191 116 1271
f 116 555 1271
f 1096 20 1271
f 1096 1271 1091
f 1271 1267 1091
f 1272 67 4
f 1272 48 248
f 262 40 1272
f 404 48 1272
f 401 407 1272
f 40 446 1272
f 456 266 1272
f 271 492 1272
f 1272 397 505
f 507 287 1272
f 550 163 1272
f 555 419 1272
f 1272 609 245
f 423 609 1272
f 654 81 1272
f 4 668 1272
f 668 599 1272
f 692 130 1272
f 699 557 1272
f 266 723 1272
f 1272 723 271
f 760 397 1272
f 798 423 1272
f 163 814 1272
f 835 67 1272
f 1272 886 202
f 624 886 1272
f 1272 287 916
f 916 835 1272
f 918 586 1272
f 111 945 1272
f 949 111 1272
f 1272 474 949
f 557 970 1272
f 1272 978 401
f 501 978 1272
f 1012 624 1272
f 1272 814 1012
f 1027 654 1272
f 1272 841 1027
f 1272 130 1031
f 1031 895 1272
f 1272 81 1043
f 1049 474 1272
f 1043 1049 1272
f 1053 692 1272
f 1272 945 1053
f 1120 187 1272
f 1272 1126 918
f 1152 170 1272
f 248 1170 1272
f 245 1205 1272
f 1205 841 1272
f 1272 1215 456
f 1170 1215 1272
f 170 1220 1272
f 1272 599 1241
f 1241 1120 1272
f 492 1243 1272
f 1272 1243 1152
f 1272 1259 550
f 1272 970 1268
f 1272 1268 1267
f 1271 555 1272
f 1271 1272 1267
f 621 362 1273
f 461 621 1273
f 671 191 1273
f 181 905 1273
f 905 785 1273
f 936 56 1273
f 1273 785 936
f 56 974 1273
f 1273 1099 461
f 974 1099 1273
f 1273 20 1269
f 1273 1269 1270
f 20 1273 1271
f 1273 191 1271
f 20 1274 19
f 182 181 1274
f 1093 1274 20
f 182 1274 1093
f 1274 1270 19
f 181 1273 1274
f 1274 1273 1270
f 1275 669 671
f 1275 360 897
f 897 669 1275
f 1276 359 361
f 359 1276 899
f 1276 670 899
f 362 360 1277
f 1273 362 1277
f 1277 671 1273
f 360 1275 1277
f 1277 1275 671
f 672 670 1278
f 1278 361 902
f 672 1278 902
f 1278 1276 361
f 670 1276 1278
f 1279 232 176
f 1279 229 232
f 295 229 1279
f 296 1279 176
f 296 295 1279
f 228 1280 180
f 228 225 1280
f 225 291 1280
f 1280 292 180
f 1280 291 292
f 1281 733 734
f 733 1281 900
f 1038 1281 734
f 900 1281 1038
f 1282 738 737
f 1282 737 897
f 1033 738 1282
f 897 1034 1282
f 1034 1033 1282
f 1283 635 638
f 638 897 1283
f 897 767 1283
f 765 1284 767
f 635 1284 897
f 897 1284 765
f 1284 635 1283
f 767 1284 1283
f 766 768 1285
f 1285 636 898
f 766 1285 898
f 1286 637 636
f 899 637 1286
f 1286 768 899
f 1285 1286 636
f 768 1286 1285
f 1287 761 763
f 642 1287 900
f 900 1287 763
f 639 1288 642
f 761 1288 900
f 1288 639 939
f 900 1288 939
f 642 1288 1287
f 1288 761 1287
f 640 641 1289
f 1289 762 901
f 640 1289 940
f 940 1289 901
f 1290 641 696
f 1290 764 762
f 700 902 1290
f 1290 902 764
f 969 1290 696
f 969 700 1290
f 641 1290 1289
f 1289 1290 762
f 897 540 1291
f 1291 929 897
f 929 1291 930
f 1292 540 539
f 1292 539 897
f 930 1292 897
f 1291 540 1292
f 930 1291 1292
f 898 1293 541
f 931 1293 898
f 931 932 1293
f 1294 542 541
f 899 542 1294
f 1294 932 899
f 1293 1294 541
f 932 1294 1293
f 536 1295 535
f 1295 536 900
f 900 925 1295
f 535 1296 900
f 1296 926 900
f 1296 925 926
f 535 1295 1296
f 1295 925 1296
f 537 538 1297
f 901 537 1297
f 1297 927 901
f 1298 538 902
f 902 928 1298
f 1298 928 927
f 538 1298 1297
f 1297 1298 927
f 201 1299 202
f 1299 201 511
f 1125 1299 511
f 203 204 1300
f 203 1300 512
f 1300 1127 512
f 1301 1125 1126
f 202 1301 1272
f 1301 1126 1272
f 202 1299 1301
f 1299 1125 1301
f 1302 204 902
f 1128 1302 902
f 1302 1128 1127
f 204 1302 1300
f 1300 1302 1127
f 197 1303 509
f 509 1303 1129
f 1129 1303 1130
f 1304 199 510
f 510 1131 1304
f 1131 1132 1304
f 1305 197 198
f 1305 198 547
f 1268 1305 547
f 1130 1305 1268
f 1303 197 1305
f 1130 1303 1305
f 1306 200 199
f 200 1306 732
f 1306 1132 732
f 1304 1306 199
f 1132 1306 1304
f 76 73 1307
f 73 380 1307
f 1307 380 379
f 76 1307 550
f 1307 379 550
f 72 1308 384
f 384 1308 383
f 1308 72 547
f 383 1308 547
f 550 1309 673
f 673 1309 577
f 1309 1113 91
f 550 1113 1309
f 674 1310 551
f 674 676 1310
f 551 1310 1115
f 1311 91 550
f 577 1311 550
f 1311 1309 91
f 577 1309 1311
f 552 1312 676
f 552 1116 1312
f 1312 1116 1115
f 676 1312 1310
f 1310 1312 1115
f 547 677 1313
f 679 578 1313
f 1313 677 679
f 1313 1109 547
f 548 1314 678
f 1111 1314 548
f 1111 1112 1314
f 92 1315 547
f 1315 578 547
f 1315 92 1109
f 578 1315 1313
f 1313 1315 1109
f 549 680 1316
f 1316 680 678
f 1316 1112 549
f 1314 1316 678
f 1112 1316 1314
f 792 791 1317
f 792 1317 897
f 897 1317 1105
f 791 1106 1317
f 1317 1106 1105
f 1318 788 900
f 900 1101 1318
f 788 1318 1102
f 1318 1101 1102
f 1319 418 420
f 418 1319 899
f 1319 757 899
f 1320 417 176
f 758 1320 176
f 1320 758 760
f 759 757 1321
f 1321 420 902
f 759 1321 902
f 1321 1319 420
f 757 1319 1321
f 419 417 1322
f 1272 419 1322
f 1322 760 1272
f 417 1320 1322
f 1322 1320 760
f 1019 1323 897
f 1323 1083 897
f 1083 1323 1084
f 1324 1022 897
f 1324 1019 1022
f 1084 1324 897
f 1323 1019 1324
f 1084 1323 1324
f 1325 1020 898
f 1085 1325 898
f 1085 1086 1325
f 1021 1326 899
f 1326 1021 1020
f 1326 1086 899
f 1325 1326 1020
f 1086 1326 1325
f 900 1327 1015
f 1015 1327 1018
f 1079 1327 900
f 1018 1328 900
f 1328 1080 900
f 1328 1079 1080
f 1018 1327 1328
f 1327 1079 1328
f 901 1016 1329
f 1016 1017 1329
f 1329 1081 901
f 902 1330 1017
f 1082 1330 902
f 1330 1082 1081
f 1017 1330 1329
f 1329 1330 1081
f 1331 101 102
f 333 101 1331
f 334 333 1331
f 1331 102 897
f 334 1331 897
f 1332 106 105
f 338 1332 105
f 106 1332 900
f 1332 338 900
f 894 1333 549
f 1333 894 896
f 1333 1258 549
f 177 1334 175
f 1334 893 175
f 1257 1334 177
f 1334 1257 1259
f 1335 896 552
f 1260 1335 552
f 1260 1258 1335
f 1335 1333 896
f 1258 1333 1335
f 895 893 1336
f 895 1336 1272
f 1272 1336 1259
f 893 1334 1336
f 1336 1334 1259
f 176 499 1337
f 1337 499 501
f 1337 503 176
f 1338 504 506
f 899 1338 500
f 504 1338 899
f 505 503 1339
f 1339 501 1272
f 505 1339 1272
f 1339 1337 501
f 503 1337 1339
f 502 500 1340
f 902 502 1340
f 1340 506 902
f 500 1338 1340
f 1340 1338 506
f 547 1341 659
f 1109 1341 547
f 1110 117 1341
f 1341 1109 1110
f 1342 117 547
f 547 598 1342
f 1342 598 659
f 117 1342 1341
f 1341 1342 659
f 548 661 1343
f 661 662 1343
f 1343 1111 548
f 549 1344 662
f 1112 1344 549
f 1344 1112 1111
f 662 1344 1343
f 1343 1344 1111
f 655 1345 550
f 1345 655 597
f 1113 1345 118
f 1345 1113 550
f 118 1346 550
f 550 1346 597
f 118 1345 1346
f 1346 1345 597
f 1347 657 551
f 1115 1347 551
f 1115 1116 1347
f 658 1348 552
f 1348 658 657
f 1348 1116 552
f 1347 1348 657
f 1116 1348 1347
f 1349 363 364
f 1349 364 550
f 387 1349 550
f 388 1350 387
f 363 1350 550
f 1350 388 550
f 1350 363 1349
f 387 1350 1349
f 389 390 1351
f 1351 365 551
f 389 1351 551
f 1352 366 365
f 366 1352 552
f 1352 390 552
f 1351 1352 365
f 390 1352 1351
f 1353 392 391
f 547 368 1353
f 1353 391 547
f 367 1354 368
f 1354 367 547
f 547 392 1354
f 368 1354 1353
f 1354 392 1353
f 369 370 1355
f 369 1355 548
f 1355 393 548
f 1356 394 393
f 1356 370 549
f 549 394 1356
f 370 1356 1355
f 1355 1356 393
f 135 1357 337
f 337 1357 338
f 1357 135 900
f 900 338 1357
f 139 137 1358
f 137 333 1358
f 1358 333 334
f 139 1358 897
f 897 1358 334
f 1359 261 262
f 1272 1359 262
f 586 1359 1272
f 511 261 1360
f 1360 585 511
f 585 1360 586
f 1360 261 1359
f 586 1360 1359
f 512 1361 263
f 587 1361 512
f 587 588 1361
f 1362 264 263
f 902 264 1362
f 1362 588 902
f 1361 1362 263
f 588 1362 1361
f 1363 581 582
f 258 1363 1268
f 1363 582 1268
f 257 1364 258
f 1364 257 509
f 509 581 1364
f 258 1364 1363
f 1364 581 1363
f 259 260 1365
f 259 1365 510
f 510 1365 583
f 1366 584 583
f 1366 260 732
f 584 1366 732
f 260 1366 1365
f 1365 1366 583
f 1367 405 176
f 176 796 1367
f 1367 796 798
f 1368 406 408
f 899 406 1368
f 1368 795 899
f 407 405 1369
f 407 1369 1272
f 1272 1369 798
f 405 1367 1369
f 1369 1367 798
f 797 795 1370
f 1370 408 902
f 902 797 1370
f 1370 1368 408
f 795 1368 1370
f 695 693 1371
f 693 1221 1371
f 1371 1221 1224
f 695 1371 1268
f 1371 1224 1268
f 1372 697 699
f 1217 697 1372
f 1220 1217 1372
f 1372 699 1272
f 1272 1220 1372
f 483 1373 567
f 1373 483 897
f 1373 1068 142
f 897 1068 1373
f 484 485 1374
f 898 484 1374
f 1069 898 1374
f 1375 485 899
f 899 1070 1375
f 1375 1070 1069
f 485 1375 1374
f 1374 1375 1069
f 1376 142 897
f 897 567 1376
f 1376 1373 142
f 567 1373 1376
f 1377 487 490
f 490 568 1377
f 900 487 1377
f 1377 1064 900
f 901 1378 488
f 1065 1378 901
f 1065 1066 1378
f 1379 489 488
f 902 489 1379
f 1379 1066 902
f 1378 1379 488
f 1066 1379 1378
f 141 1380 900
f 900 1380 568
f 1380 141 1064
f 568 1380 1377
f 1377 1380 1064
f 12 11 1381
f 180 12 1381
f 1381 615 180
f 11 616 1381
f 1381 616 615
f 1382 15 16
f 176 1382 16
f 611 1382 176
f 612 15 1382
f 611 612 1382
f 49 1383 403
f 1383 49 509
f 1383 1121 188
f 509 1121 1383
f 50 51 1384
f 50 1384 510
f 510 1384 1122
f 732 1385 51
f 1123 1385 732
f 1385 1123 1122
f 51 1385 1384
f 1384 1385 1122
f 1386 188 1268
f 1268 403 1386
f 1386 1383 188
f 403 1383 1386
f 1387 45 404
f 45 1387 511
f 1117 1387 187
f 1387 1117 511
f 46 512 1388
f 512 1118 1388
f 1118 1119 1388
f 1389 47 46
f 47 1389 902
f 1389 1119 902
f 1388 1389 46
f 1119 1389 1388
f 1272 187 1390
f 1390 404 1272
f 187 1387 1390
f 1390 1387 404
f 345 1391 409
f 409 1391 410
f 1391 345 547
f 410 1391 547
f 341 342 1392
f 342 413 1392
f 1392 413 414
f 341 1392 550
f 1392 414 550
f 1393 475 477
f 549 475 1393
f 1393 513 549
f 1394 476 177
f 514 1394 177
f 1394 514 516
f 515 513 1395
f 477 552 1395
f 552 515 1395
f 1395 1393 477
f 513 1393 1395
f 478 476 1396
f 478 1396 550
f 1396 516 550
f 476 1394 1396
f 1396 1394 516
f 63 1397 939
f 939 1397 273
f 1397 63 1046
f 273 1397 1202
f 275 276 1398
f 1398 64 940
f 940 275 1398
f 1399 65 64
f 720 65 1399
f 1399 276 720
f 1398 1399 64
f 276 1399 1398
f 1400 1046 180
f 180 1202 1400
f 1400 1397 1046
f 1202 1397 1400
f 1401 59 937
f 277 1401 937
f 59 1401 1045
f 1401 277 1201
f 60 61 1402
f 60 1402 938
f 1402 279 938
f 1403 280 279
f 1403 61 549
f 280 1403 549
f 61 1403 1402
f 1402 1403 279
f 1045 1404 176
f 176 1404 1201
f 1045 1401 1404
f 1404 1401 1201
f 1405 999 939
f 999 1405 1002
f 939 1189 1405
f 1000 1406 940
f 1000 1001 1406
f 940 1406 1191
f 720 1407 1001
f 1192 1407 720
f 1407 1192 1191
f 1001 1407 1406
f 1406 1407 1191
f 1002 1408 180
f 1408 1190 180
f 1408 1189 1190
f 1002 1405 1408
f 1405 1189 1408
f 1003 1409 937
f 1409 1185 937
f 1185 1409 1186
f 1410 1004 938
f 1187 1410 938
f 1187 1188 1410
f 1005 1411 549
f 1411 1005 1004
f 549 1411 1188
f 1410 1411 1004
f 1188 1411 1410
f 1412 1006 176
f 1412 1003 1006
f 1186 1412 176
f 1409 1003 1412
f 1186 1409 1412
f 443 1413 446
f 511 1413 443
f 444 445 1414
f 512 444 1414
f 902 1415 445
f 445 1415 1414
f 1272 446 1416
f 446 1413 1416
f 447 1417 509
f 1418 448 510
f 1419 449 448
f 449 1419 732
f 1418 1419 448
f 1420 447 450
f 1420 450 1268
f 1417 447 1420
f 1421 288 507
f 288 1421 511
f 1421 1413 511
f 1413 1421 1416
f 1422 289 512
f 1414 1422 512
f 1414 1415 1422
f 1423 290 289
f 290 1423 902
f 1423 1415 902
f 1422 1423 289
f 1415 1423 1422
f 1424 507 1272
f 1272 1416 1424
f 1424 1421 507
f 1416 1421 1424
f 284 1425 508
f 509 1425 284
f 1417 1425 509
f 285 286 1426
f 1426 510 285
f 1426 1418 510
f 732 1427 286
f 1419 1427 732
f 1427 1419 1418
f 286 1427 1426
f 1426 1427 1418
f 1268 508 1428
f 1428 1420 1268
f 1428 1417 1420
f 508 1425 1428
f 1425 1417 1428
